ID,Name,variationId,behaviorJudgeId,ezStateBehaviorType_old,refType,pad2,refId,consumeSA,stamina,consumeDurability,category,heroPoint,pad1,
0,,0,0,0,0,[0|0],-1,0,0,0,0,0,[0|0]
5,,0,0,0,0,[0|0],4,0,0,0,0,0,[0|0]
7,,0,0,3,2,[0|0],4,0,0,0,0,0,[0|0]
12,,0,0,0,2,[0|0],6,0,0,0,0,0,[0|0]
13,,0,0,0,2,[0|0],7,0,0,0,0,0,[0|0]
15,,0,0,0,2,[0|0],10,0,0,0,0,0,[0|0]
16,,0,0,0,2,[0|0],11,0,0,0,0,0,[0|0]
17,,0,0,0,2,[0|0],12,0,0,0,0,0,[0|0]
50,,0,0,0,1,[0|0],50,0,0,0,0,0,[0|0]
101,,0,0,0,2,[0|0],8,0,0,0,0,0,[0|0]
102,,0,0,0,2,[0|0],9,0,0,0,0,0,[0|0]
201,,0,0,0,2,[0|0],201,0,0,0,0,0,[0|0]
202,,0,0,0,2,[0|0],202,0,0,0,0,0,[0|0]
203,,0,0,0,2,[0|0],203,0,0,0,0,0,[0|0]
206,,0,0,0,2,[0|0],206,0,0,0,0,0,[0|0]
207,,0,0,0,2,[0|0],207,0,0,0,0,0,[0|0]
208,,0,0,0,2,[0|0],208,0,0,0,0,0,[0|0]
211,,0,0,0,2,[0|0],211,0,0,0,0,0,[0|0]
212,,0,0,0,2,[0|0],212,0,0,0,0,0,[0|0]
221,,0,0,0,2,[0|0],221,0,0,0,0,0,[0|0]
222,,0,0,0,2,[0|0],222,0,0,0,0,0,[0|0]
231,,0,0,0,2,[0|0],231,0,0,0,0,0,[0|0]
232,,0,0,0,2,[0|0],232,0,0,0,0,0,[0|0]
236,,0,0,0,2,[0|0],236,0,0,0,0,0,[0|0]
237,,0,0,0,2,[0|0],237,0,0,0,0,0,[0|0]
311,,0,0,0,2,[0|0],311,0,0,0,0,0,[0|0]
312,,0,0,0,2,[0|0],312,0,0,0,0,0,[0|0]
321,,0,0,0,2,[0|0],321,0,0,0,0,0,[0|0]
322,,0,0,0,2,[0|0],322,0,0,0,0,0,[0|0]
331,,0,0,0,2,[0|0],331,0,0,0,0,0,[0|0]
332,,0,0,0,2,[0|0],332,0,0,0,0,0,[0|0]
336,,0,0,0,2,[0|0],336,0,0,0,0,0,[0|0]
337,,0,0,0,2,[0|0],337,0,0,0,0,0,[0|0]
900,,0,0,0,0,[0|0],900,0,0,0,0,0,[0|0]
901,,0,0,0,0,[0|0],901,0,0,0,0,0,[0|0]
1000,,40200,300,2,1,[0|0],4020200,0,0,0,6,0,[0|0]
1001,,40200,300,2,1,[0|0],4020203,0,0,0,6,0,[0|0]
1010,,13100,700,2,1,[0|0],1310700,0,0,0,6,0,[0|0]
1011,,13100,710,2,1,[0|0],1310710,0,0,0,6,0,[0|0]
1020,,40500,990,2,0,[0|0],1020,0,0,0,6,0,[0|0]
1040,,21500,30,2,1,[0|0],2150030,0,0,0,6,0,[0|0]
1042,,45380,400,2,1,[0|0],4580400,0,0,0,6,0,[0|0]
1043,,45380,400,2,1,[0|0],4580401,0,0,0,6,0,[0|0]
1044,,45380,710,2,1,[0|0],4580710,0,0,0,6,0,[0|0]
1045,,32510,912,2,1,[0|0],3251912,0,0,0,6,0,[0|0]
1050,,39100,115,2,1,[0|0],3910115,0,0,0,6,0,[0|0]
1051,,36610,170,2,1,[0|0],3661170,0,0,0,6,0,[0|0]
1052,,36610,190,2,1,[0|0],3661190,0,0,0,6,0,[0|0]
1060,,45200,400,2,1,[0|0],4520400,0,0,0,6,0,[0|0]
1070,,47100,600,2,1,[0|0],4710600,0,0,0,6,0,[0|0]
1071,,47100,600,2,0,[0|0],4710600,0,0,0,6,0,[0|0]
1080,,45600,520,2,1,[0|0],4560520,0,0,0,6,0,[0|0]
1090,,45100,840,2,1,[0|0],4510840,0,0,0,6,0,[0|0]
1100,,36500,305,2,1,[0|0],3650305,0,0,0,6,0,[0|0]
1120,,42100,860,2,1,[0|0],4210860,0,0,0,6,0,[0|0]
1130,,0,0,0,1,[0|0],4510980,0,0,0,0,0,[0|0]
1131,,0,0,0,1,[0|0],4510960,0,0,0,0,0,[0|0]
1132,,37000,573,2,1,[0|0],3700573,0,0,0,6,0,[0|0]
1140,,21300,90,2,1,[0|0],2130090,0,0,0,6,0,[0|0]
1150,,78200,500,2,1,[0|0],7820500,0,0,0,6,0,[0|0]
1151,,78200,501,2,1,[0|0],7820501,0,0,0,6,0,[0|0]
1160,,75100,900,2,1,[0|0],7510900,0,0,0,6,0,[0|0]
1200,,77000,340,2,1,[0|0],7700340,0,0,0,6,0,[0|0]
1201,,77000,350,2,1,[0|0],7700350,0,0,0,6,0,[0|0]
1202,,77000,360,2,1,[0|0],7700360,0,0,0,6,0,[0|0]
1203,,77000,370,2,1,[0|0],7700370,0,0,0,6,0,[0|0]
1250,,58200,500,2,1,[0|0],5820500,0,0,0,6,0,[0|0]
1280,,51600,611,2,1,[0|0],5160611,0,0,0,6,0,[0|0]
1281,,51600,612,2,1,[0|0],5160612,0,0,0,6,0,[0|0]
1282,,51600,613,2,1,[0|0],5160613,0,0,0,6,0,[0|0]
1400,,21300,989,2,1,[0|0],2130989,0,0,0,6,0,[0|0]
1990,,42010,920,2,0,[0|0],4201920,0,0,0,6,0,[0|0]
2000,,0,0,0,1,[0|0],2041,0,0,0,6,0,[0|0]
2100,Blood Loss - Trigger Proximity Bullet,0,0,0,1,[0|0],1000,0,0,0,6,0,[0|0]
2101,Frostbite - Trigger Proximity Bullet,0,0,0,1,[0|0],1010,0,0,0,6,0,[0|0]
2105,Poison / Rot - Trigger Proximity Bullet,0,0,0,1,[0|0],1005,0,0,0,6,0,[0|0]
2106,Sleep - Trigger Proximity Bullet,0,0,0,1,[0|0],1015,0,0,0,6,0,[0|0]
2107,Madness - Trigger Proximity Bullet,0,0,0,1,[0|0],1020,0,0,0,6,0,[0|0]
2108,Scarlet Rot - Trigger Proximity Bullet,0,0,0,1,[0|0],1025,0,0,0,6,0,[0|0]
2150,,0,0,0,1,[0|0],1015,0,0,0,6,0,[0|0]
2160,,0,0,0,1,[0|0],1020,0,0,0,6,0,[0|0]
2200,,0,0,0,1,[0|0],1650,0,0,0,6,0,[0|0]
3000,,0,0,0,0,[0|0],3000,0,0,0,0,0,[0|0]
3001,,0,0,0,0,[0|0],3001,0,0,0,0,0,[0|0]
3002,,0,0,0,0,[0|0],3002,0,0,0,0,0,[0|0]
3003,,0,0,0,0,[0|0],3003,0,0,0,0,0,[0|0]
3004,,0,0,0,0,[0|0],3004,0,0,0,0,0,[0|0]
3010,,0,0,0,0,[0|0],3010,0,0,0,0,0,[0|0]
3011,,0,0,0,0,[0|0],3011,0,0,0,0,0,[0|0]
3012,,0,0,0,0,[0|0],3012,0,0,0,0,0,[0|0]
3013,,0,0,0,0,[0|0],3013,0,0,0,0,0,[0|0]
3020,,0,0,0,0,[0|0],3020,0,0,0,0,0,[0|0]
3021,,0,0,0,0,[0|0],3021,0,0,0,0,0,[0|0]
3022,,0,0,0,0,[0|0],3022,0,0,0,0,0,[0|0]
3023,,0,0,0,0,[0|0],3023,0,0,0,0,0,[0|0]
3030,,0,0,0,0,[0|0],3030,0,0,0,0,0,[0|0]
3031,,0,0,0,0,[0|0],3031,0,0,0,0,0,[0|0]
3032,,0,0,0,0,[0|0],3032,0,0,0,0,0,[0|0]
3033,,0,0,0,0,[0|0],3033,0,0,0,0,0,[0|0]
3040,,0,0,0,0,[0|0],3040,0,0,0,0,0,[0|0]
3041,,0,0,0,0,[0|0],3041,0,0,0,0,0,[0|0]
3042,,0,0,0,0,[0|0],3042,0,0,0,0,0,[0|0]
3043,,0,0,0,0,[0|0],3043,0,0,0,0,0,[0|0]
3050,,0,0,0,0,[0|0],3050,0,0,0,0,0,[0|0]
3051,,0,0,0,0,[0|0],3051,0,0,0,0,0,[0|0]
3052,,0,0,0,0,[0|0],3052,0,0,0,0,0,[0|0]
3053,,0,0,0,0,[0|0],3053,0,0,0,0,0,[0|0]
3060,,0,0,0,0,[0|0],3060,0,0,0,0,0,[0|0]
3061,,0,0,0,0,[0|0],3061,0,0,0,0,0,[0|0]
3062,,0,0,0,0,[0|0],3062,0,0,0,0,0,[0|0]
3070,,0,0,0,0,[0|0],3070,0,0,0,0,0,[0|0]
3071,,0,0,0,0,[0|0],3071,0,0,0,0,0,[0|0]
3072,,0,0,0,0,[0|0],3072,0,0,0,0,0,[0|0]
3073,,0,0,0,0,[0|0],3073,0,0,0,0,0,[0|0]
3090,,0,0,0,0,[0|0],3090,0,0,0,0,0,[0|0]
3091,,0,0,0,0,[0|0],3091,0,0,0,0,0,[0|0]
3092,,0,0,0,0,[0|0],3092,0,0,0,0,0,[0|0]
3093,,0,0,0,0,[0|0],3093,0,0,0,0,0,[0|0]
3100,,0,0,0,0,[0|0],3100,0,0,0,0,0,[0|0]
3101,,0,0,0,0,[0|0],3101,0,0,0,0,0,[0|0]
3102,,0,0,0,0,[0|0],3102,0,0,0,0,0,[0|0]
3103,,0,0,0,0,[0|0],3103,0,0,0,0,0,[0|0]
3104,,0,0,0,0,[0|0],3104,0,0,0,0,0,[0|0]
3105,,0,0,0,0,[0|0],3105,0,0,0,0,0,[0|0]
3106,,0,0,0,0,[0|0],3106,0,0,0,0,0,[0|0]
3107,,0,0,0,0,[0|0],3107,0,0,0,0,0,[0|0]
3108,,0,0,0,0,[0|0],3108,0,0,0,0,0,[0|0]
3110,,0,0,0,0,[0|0],3110,0,0,0,0,0,[0|0]
3111,,0,0,0,0,[0|0],3111,0,0,0,0,0,[0|0]
3112,,0,0,0,0,[0|0],3112,0,0,0,0,0,[0|0]
3113,,0,0,0,0,[0|0],3113,0,0,0,0,0,[0|0]
3114,,0,0,0,0,[0|0],3114,0,0,0,0,0,[0|0]
3115,,0,0,0,0,[0|0],3115,0,0,0,0,0,[0|0]
3116,,0,0,0,0,[0|0],3116,0,0,0,0,0,[0|0]
3117,,0,0,0,0,[0|0],3117,0,0,0,0,0,[0|0]
3120,,0,0,0,0,[0|0],3120,0,0,0,0,0,[0|0]
3121,,0,0,0,0,[0|0],3121,0,0,0,0,0,[0|0]
3122,,0,0,0,0,[0|0],3122,0,0,0,0,0,[0|0]
3123,,0,0,0,0,[0|0],3123,0,0,0,0,0,[0|0]
3130,,0,0,0,0,[0|0],3130,0,0,0,0,0,[0|0]
3131,,0,0,0,0,[0|0],3131,0,0,0,0,0,[0|0]
3132,,0,0,0,0,[0|0],3132,0,0,0,0,0,[0|0]
3133,,0,0,0,0,[0|0],3133,0,0,0,0,0,[0|0]
3140,,0,0,0,0,[0|0],3140,0,0,0,0,0,[0|0]
3141,,0,0,0,0,[0|0],3141,0,0,0,0,0,[0|0]
3142,,0,0,0,0,[0|0],3142,0,0,0,0,0,[0|0]
3143,,0,0,0,0,[0|0],3143,0,0,0,0,0,[0|0]
3150,,0,0,0,0,[0|0],3150,0,0,0,0,0,[0|0]
3151,,0,0,0,0,[0|0],3151,0,0,0,0,0,[0|0]
3152,,0,0,0,0,[0|0],3152,0,0,0,0,0,[0|0]
3153,,0,0,0,0,[0|0],3153,0,0,0,0,0,[0|0]
3160,,0,0,0,0,[0|0],3160,0,0,0,0,0,[0|0]
3161,,0,0,0,0,[0|0],3161,0,0,0,0,0,[0|0]
3162,,0,0,0,0,[0|0],3162,0,0,0,0,0,[0|0]
3200,,0,0,0,0,[0|0],3200,0,0,0,0,0,[0|0]
3201,,0,0,0,0,[0|0],3201,0,0,0,0,0,[0|0]
3202,,0,0,0,0,[0|0],3202,0,0,0,0,0,[0|0]
3203,,0,0,0,0,[0|0],3203,0,0,0,0,0,[0|0]
3210,,0,0,0,0,[0|0],3210,0,0,0,0,0,[0|0]
3211,,0,0,0,0,[0|0],3211,0,0,0,0,0,[0|0]
3212,,0,0,0,0,[0|0],3212,0,0,0,0,0,[0|0]
3213,,0,0,0,0,[0|0],3213,0,0,0,0,0,[0|0]
3242,,0,0,0,0,[0|0],3242,0,0,0,0,0,[0|0]
3300,,0,0,0,0,[0|0],3300,0,0,0,0,0,[0|0]
3301,,0,0,0,0,[0|0],3301,0,0,0,0,0,[0|0]
3302,,0,0,0,0,[0|0],3302,0,0,0,0,0,[0|0]
3303,,0,0,0,0,[0|0],3303,0,0,0,0,0,[0|0]
3304,,0,0,0,0,[0|0],3304,0,0,0,0,0,[0|0]
3305,,0,0,0,0,[0|0],3305,0,0,0,0,0,[0|0]
3306,,0,0,0,0,[0|0],3306,0,0,0,0,0,[0|0]
3310,,0,0,0,0,[0|0],3210,0,0,0,0,0,[0|0]
3311,,0,0,0,0,[0|0],3311,0,0,0,0,0,[0|0]
3312,,0,0,0,0,[0|0],3312,0,0,0,0,0,[0|0]
3313,,0,0,0,0,[0|0],3313,0,0,0,0,0,[0|0]
3320,,0,0,0,0,[0|0],3320,0,0,0,0,0,[0|0]
3321,,0,0,0,0,[0|0],3321,0,0,0,0,0,[0|0]
3322,,0,0,0,0,[0|0],3322,0,0,0,0,0,[0|0]
3323,,0,0,0,0,[0|0],3323,0,0,0,0,0,[0|0]
3330,,0,0,0,0,[0|0],3330,0,0,0,0,0,[0|0]
3331,,0,0,0,0,[0|0],3331,0,0,0,0,0,[0|0]
3332,,0,0,0,0,[0|0],3332,0,0,0,0,0,[0|0]
3333,,0,0,0,0,[0|0],3333,0,0,0,0,0,[0|0]
3340,,0,0,0,0,[0|0],3340,0,0,0,0,0,[0|0]
3341,,0,0,0,0,[0|0],3341,0,0,0,0,0,[0|0]
3342,,0,0,0,0,[0|0],3342,0,0,0,0,0,[0|0]
3343,,0,0,0,0,[0|0],3343,0,0,0,0,0,[0|0]
3400,,0,0,0,0,[0|0],3400,0,0,0,0,0,[0|0]
3401,,0,0,0,0,[0|0],3401,0,0,0,0,0,[0|0]
3402,,0,0,0,0,[0|0],3402,0,0,0,0,0,[0|0]
3403,,0,0,0,0,[0|0],3403,0,0,0,0,0,[0|0]
3404,,0,0,0,0,[0|0],3404,0,0,0,0,0,[0|0]
3405,,0,0,0,0,[0|0],3405,0,0,0,0,0,[0|0]
3406,,0,0,0,0,[0|0],3406,0,0,0,0,0,[0|0]
3410,,0,0,0,0,[0|0],3410,0,0,0,0,0,[0|0]
3411,,0,0,0,0,[0|0],3411,0,0,0,0,0,[0|0]
3412,,0,0,0,0,[0|0],3412,0,0,0,0,0,[0|0]
3413,,0,0,0,0,[0|0],3413,0,0,0,0,0,[0|0]
3420,,0,0,0,0,[0|0],3420,0,0,0,0,0,[0|0]
3421,,0,0,0,0,[0|0],3421,0,0,0,0,0,[0|0]
3422,,0,0,0,0,[0|0],3422,0,0,0,0,0,[0|0]
3423,,0,0,0,0,[0|0],3423,0,0,0,0,0,[0|0]
3430,,0,0,0,0,[0|0],3430,0,0,0,0,0,[0|0]
3431,,0,0,0,0,[0|0],3431,0,0,0,0,0,[0|0]
3432,,0,0,0,0,[0|0],3432,0,0,0,0,0,[0|0]
3433,,0,0,0,0,[0|0],3433,0,0,0,0,0,[0|0]
3440,,0,0,0,0,[0|0],3440,0,0,0,0,0,[0|0]
3441,,0,0,0,0,[0|0],3441,0,0,0,0,0,[0|0]
3442,,0,0,0,0,[0|0],3442,0,0,0,0,0,[0|0]
3443,,0,0,0,0,[0|0],3443,0,0,0,0,0,[0|0]
3500,,0,0,0,1,[0|0],100800,0,0,0,0,0,[0|0]
3600,,0,0,0,1,[0|0],100801,0,0,0,0,0,[0|0]
4000,,0,0,0,0,[0|0],4000,0,0,0,0,0,[0|0]
5100,,0,0,0,0,[0|0],5100,0,0,0,0,0,[0|0]
6000,,0,0,0,1,[0|0],210070002,0,0,0,6,0,[0|0]
6040,,0,0,0,1,[0|0],210069002,0,0,0,6,0,[0|0]
7000,,0,0,0,1,[0|0],1024,0,0,0,0,0,[0|0]
9900,,0,0,0,1,[0|0],9900,0,0,0,0,0,[0|0]
9902,,0,0,0,1,[0|0],9902,0,0,0,0,0,[0|0]
9910,,0,0,0,1,[0|0],9910,0,0,0,0,0,[0|0]
9930,,0,0,0,1,[0|0],9930,0,0,0,0,0,[0|0]
9950,,0,0,0,1,[0|0],9950,0,0,0,0,0,[0|0]
9960,,0,0,0,0,[0|0],9960,0,0,0,0,0,[0|0]
9961,,0,0,0,0,[0|0],9961,0,0,0,0,0,[0|0]
9962,,0,0,0,0,[0|0],9962,0,0,0,0,0,[0|0]
9963,,0,0,0,0,[0|0],9963,0,0,0,0,0,[0|0]
9970,,0,0,0,0,[0|0],9970,0,0,0,0,0,[0|0]
9971,,0,0,0,0,[0|0],9971,0,0,0,0,0,[0|0]
100100,,0,0,0,1,[0|0],100100,0,0,0,0,0,[0|0]
100200,,0,0,0,1,[0|0],100200,0,0,0,0,0,[0|0]
100202,,0,0,0,1,[0|0],100202,0,0,0,0,0,[0|0]
100300,,0,0,0,1,[0|0],100300,0,0,0,0,0,[0|0]
100400,,0,0,0,1,[0|0],100400,0,0,0,0,0,[0|0]
100401,,0,0,0,1,[0|0],100401,0,0,0,0,0,[0|0]
100500,,0,0,0,1,[0|0],100500,0,0,0,0,0,[0|0]
100501,,0,0,0,1,[0|0],100501,0,0,0,0,0,[0|0]
100600,,0,0,0,0,[0|0],100600,0,0,0,0,0,[0|0]
100700,,0,0,0,0,[0|0],100700,0,0,0,0,0,[0|0]
100701,,0,0,0,0,[0|0],100701,0,0,0,0,0,[0|0]
100800,,0,0,0,1,[0|0],100800,0,0,0,0,0,[0|0]
100900,,0,0,0,1,[0|0],100900,0,0,0,0,0,[0|0]
100910,,0,0,0,1,[0|0],100910,0,0,0,0,0,[0|0]
100912,,0,0,0,1,[0|0],100912,0,0,0,0,0,[0|0]
100915,,0,0,0,1,[0|0],100915,0,0,0,0,0,[0|0]
100916,,0,0,0,1,[0|0],100916,0,0,0,0,0,[0|0]
100920,,0,0,0,1,[0|0],100920,0,0,0,0,0,[0|0]
100930,,0,0,0,1,[0|0],100930,0,0,0,0,0,[0|0]
101000,,0,0,0,1,[0|0],101000,0,0,0,0,0,[0|0]
101100,,0,0,0,1,[0|0],101100,0,0,0,0,0,[0|0]
101102,,0,0,0,1,[0|0],101102,0,0,0,0,0,[0|0]
101105,,0,0,0,1,[0|0],101105,0,0,0,0,0,[0|0]
101107,,0,0,0,1,[0|0],101107,0,0,0,0,0,[0|0]
101110,,0,0,0,0,[0|0],101110,0,0,0,0,0,[0|0]
101112,,0,0,0,1,[0|0],101110,0,0,0,0,0,[0|0]
101120,,0,0,0,1,[0|0],101120,0,0,0,0,0,[0|0]
102000,,0,0,0,1,[0|0],102000,0,0,0,0,0,[0|0]
102001,,0,0,0,1,[0|0],102001,0,0,0,0,0,[0|0]
102010,,0,0,0,1,[0|0],102010,0,0,0,0,0,[0|0]
102020,,0,0,0,1,[0|0],102020,0,0,0,0,0,[0|0]
102100,,0,0,0,1,[0|0],102100,0,0,0,0,0,[0|0]
102102,,0,0,0,1,[0|0],102102,0,0,0,0,0,[0|0]
103000,,0,0,0,0,[0|0],103000,0,0,0,0,0,[0|0]
104000,,0,0,0,0,[0|0],104000,0,0,0,0,0,[0|0]
149400,,0,0,0,1,[0|0],149400,0,0,0,0,0,[0|0]
149500,,0,0,0,0,[0|0],149500,0,0,0,0,0,[0|0]
170000,,0,0,0,1,[0|0],170000,0,0,0,0,0,[0|0]
170001,,0,0,0,1,[0|0],170001,0,0,0,0,0,[0|0]
170002,,0,0,0,1,[0|0],170002,0,0,0,0,0,[0|0]
170003,,0,0,0,1,[0|0],170003,0,0,0,0,0,[0|0]
171000,,0,0,0,1,[0|0],171000,0,0,0,0,0,[0|0]
180000,[Interactable] Arteria Leaf - Spawn Bullet,0,0,0,1,[0|0],180000,0,0,0,0,0,[0|0]
180001,[Interactable] Arteria Leaf - Spawn Bullet,0,0,0,1,[0|0],180001,0,0,0,0,0,[0|0]
180005,,0,0,0,1,[0|0],180005,0,0,0,0,0,[0|0]
180006,,0,0,0,1,[0|0],180006,0,0,0,0,0,[0|0]
180010,,0,0,0,1,[0|0],180010,0,0,0,0,0,[0|0]
180011,,0,0,0,1,[0|0],180011,0,0,0,0,0,[0|0]
180015,[Interactable] Rowa Fruit Bush - Spawn Bullet (Restore HP),0,0,0,1,[0|0],180015,0,0,0,0,0,[0|0]
180016,[Interactable] Rowa Fruit Bush - Spawn Bullet (Restore HP),0,0,0,1,[0|0],180016,0,0,0,0,0,[0|0]
180020,[Interactable] Grave Violets - Spawn Bullet (HP Recovery),0,0,0,1,[0|0],180020,0,0,0,0,0,[0|0]
180021,[Interactable] Grave Violets - Spawn Bullet (HP Recovery),0,0,0,1,[0|0],180021,0,0,0,0,0,[0|0]
180025,[Interactable] ?,0,0,0,1,[0|0],180025,0,0,0,0,0,[0|0]
180026,[Interactable] ?,0,0,0,1,[0|0],180026,0,0,0,0,0,[0|0]
180030,[Interactable] Gold Firefly Bush - Spawn Bullet (Boost Rune Acquisition),0,0,0,1,[0|0],180030,0,0,0,0,0,[0|0]
180031,[Interactable] Gold Firefly Bush - Spawn Bullet (Boost Rune Acquisition),0,0,0,1,[0|0],180031,0,0,0,0,0,[0|0]
180035,[Interactable] ?,0,0,0,1,[0|0],180035,0,0,0,0,0,[0|0]
180036,[Interactable] ?,0,0,0,1,[0|0],180036,0,0,0,0,0,[0|0]
180040,[Interactable] Nascent Butterfly - Spawn Bullet (Cure Status Effects),0,0,0,1,[0|0],180040,0,0,0,0,0,[0|0]
180041,[Interactable] Nascent Butterfly - Spawn Bullet (Cure Status Effects),0,0,0,1,[0|0],180041,0,0,0,0,0,[0|0]
180045,[Interactable] ?,0,0,0,1,[0|0],180045,0,0,0,0,0,[0|0]
180046,[Interactable] ?,0,0,0,1,[0|0],180046,0,0,0,0,0,[0|0]
180050,[Interactable] Grave Violets - Spawn Bullet (Boost Damage Negation),0,0,0,1,[0|0],180050,0,0,0,0,0,[0|0]
180051,[Interactable] Grave Violets - Spawn Bullet (Boost Damage Negation),0,0,0,1,[0|0],180051,0,0,0,0,0,[0|0]
180055,[Interactable] Gravestones and Grave Violets - Spawn Bullet (Summon Vengeful Spirits),0,0,0,1,[0|0],180055,0,0,0,0,0,[0|0]
180056,[Interactable] Gravestones and Grave Violets - Spawn Bullet (Summon Vengeful Spirits),0,0,0,1,[0|0],180056,0,0,0,0,0,[0|0]
180060,[Interactable] ? - Spawn Bullet,0,0,0,1,[0|0],180060,0,0,0,0,0,[0|0]
180061,[Interactable] ? - Spawn Bullet,0,0,0,1,[0|0],180061,0,0,0,0,0,[0|0]
180065,[Interactable] Smoldering Butterfly - Spawn Bullet (Boost Physical and Fire Damage),0,0,0,1,[0|0],180065,0,0,0,0,0,[0|0]
180066,[Interactable] Smoldering Butterfly - Spawn Bullet (Boost Physical and Fire Damage),0,0,0,1,[0|0],180066,0,0,0,0,0,[0|0]
180070,[Interactable] Sacremental Bud - Spawn Bullet (Cure Rot and Restore HP),0,0,0,1,[0|0],180070,0,0,0,0,0,[0|0]
180071,[Interactable] Sacremental Bud - Spawn Bullet (Cure Rot and Restore HP),0,0,0,1,[0|0],180071,0,0,0,0,0,[0|0]
180075,[Interactable] ? - Spawn Bullet,0,0,0,1,[0|0],180075,0,0,0,0,0,[0|0]
180076,[Interactable] ? - Spawn Bullet,0,0,0,1,[0|0],180076,0,0,0,0,0,[0|0]
180080,[Interactable] ? - Spawn Bullet,0,0,0,1,[0|0],180080,0,0,0,0,0,[0|0]
180081,[Interactable] ? - Spawn Bullet,0,0,0,1,[0|0],180081,0,0,0,0,0,[0|0]
180085,[Interactable] Sacremental Bud Tree - Spawn Bullet (Restore FP),0,0,0,1,[0|0],180085,0,0,0,0,0,[0|0]
180086,[Interactable] Sacremental Bud Tree - Spawn Bullet (Restore FP),0,0,0,1,[0|0],180086,0,0,0,0,0,[0|0]
180090,[Interactable] Silver Tear Remains - Spawn Bullet (Boost Damage Negation),0,0,0,1,[0|0],180090,0,0,0,0,0,[0|0]
180091,[Interactable] Silver Tear Remains - Spawn Bullet (Boost Damage Negation),0,0,0,1,[0|0],180091,0,0,0,0,0,[0|0]
180095,[Interactable] ? - Spawn Bullet,0,0,0,1,[0|0],180095,0,0,0,0,0,[0|0]
180096,[Interactable] ? - Spawn Bullet,0,0,0,1,[0|0],180096,0,0,0,0,0,[0|0]
180100,[Interactable] Rowa Fruit Bush - Spawn Bullet (Boost Damage Negation),0,0,0,1,[0|0],180100,0,0,0,0,0,[0|0]
180101,[Interactable] Rowa Fruit Bush - Spawn Bullet (Boost Damage Negation),0,0,0,1,[0|0],180101,0,0,0,0,0,[0|0]
180105,[Interactable] Rimed Rowa Fruit Bush - Spawn Bullet (Restore HP),0,0,0,1,[0|0],180105,0,0,0,0,0,[0|0]
180106,[Interactable] Rimed Rowa Fruit Bush - Spawn Bullet (Restore HP),0,0,0,1,[0|0],180106,0,0,0,0,0,[0|0]
180110,[Interactable] Fallen Meteroite - Spawn Bullet (Boost Attack and Poise),0,0,0,1,[0|0],180110,0,0,0,0,0,[0|0]
180111,[Interactable] Fallen Meteroite - Spawn Bullet (Boost Attack and Poise),0,0,0,1,[0|0],180111,0,0,0,0,0,[0|0]
181000,,0,0,0,1,[0|0],181000,0,0,0,0,0,[0|0]
181001,,0,0,0,1,[0|0],181001,0,0,0,0,0,[0|0]
181005,,0,0,0,1,[0|0],181005,0,0,0,0,0,[0|0]
181006,,0,0,0,1,[0|0],181006,0,0,0,0,0,[0|0]
181010,,0,0,0,1,[0|0],181010,0,0,0,0,0,[0|0]
181011,,0,0,0,1,[0|0],181011,0,0,0,0,0,[0|0]
181015,,0,0,0,1,[0|0],181015,0,0,0,0,0,[0|0]
181016,,0,0,0,1,[0|0],181016,0,0,0,0,0,[0|0]
190000,,0,0,0,1,[0|0],190000,0,0,0,0,0,[0|0]
190010,,0,0,0,1,[0|0],190010,0,0,0,0,0,[0|0]
200100,,0,0,0,0,[0|0],200100,0,0,0,0,0,[0|0]
200105,,0,0,0,0,[0|0],200105,0,0,0,0,0,[0|0]
200200,,0,0,0,1,[0|0],200200,0,0,0,0,0,[0|0]
200300,,0,0,0,1,[0|0],200300,0,0,0,0,0,[0|0]
200400,,0,0,0,0,[0|0],200400,0,0,0,0,0,[0|0]
200500,,0,0,0,0,[0|0],200500,0,0,0,0,0,[0|0]
200600,,0,0,0,1,[0|0],200600,0,0,0,0,0,[0|0]
235000,,0,0,0,1,[0|0],235000,0,0,0,0,0,[0|0]
240000,,0,0,0,1,[0|0],240000,0,0,0,6,0,[0|0]
240001,,0,0,0,1,[0|0],240001,0,0,0,6,0,[0|0]
280000,,0,0,0,0,[0|0],280000,0,0,0,0,0,[0|0]
280100,,0,0,0,0,[0|0],280100,0,0,0,0,0,[0|0]
290000,[Skill - Revenant] Spirit Summon Spawn,0,0,0,1,[0|0],290000,0,0,0,6,0,[0|0]
290001,,0,0,0,1,[0|0],290001,0,0,0,6,0,[0|0]
300002,,0,0,0,1,[0|0],300002,0,0,0,0,0,[0|0]
200100100,[Ultimate - Executor] Light 1,100,100,2,0,[0|0],10100,0,0,0,6,0,[0|0]
200100110,[Ultimate - Executor] Light 2,100,110,2,0,[0|0],10110,0,0,0,6,0,[0|0]
200100120,[Ultimate - Executor] Light 3-1,100,120,2,0,[0|0],10120,0,0,0,6,0,[0|0]
200100121,[Ultimate - Executor] Light 3-2,100,121,2,0,[0|0],10121,0,0,0,6,0,[0|0]
200100130,[Ultimate - Executor] Light 4,100,130,2,0,[0|0],10130,0,0,0,6,0,[0|0]
200100135,[Ultimate - Executor] Light 4 (Shockwave),100,135,2,1,[0|0],10135,0,0,0,6,0,[0|0]
200100150,[Ultimate - Executor] Heavy 1,100,150,2,0,[0|0],10150,0,0,0,6,0,[0|0]
200100170,[Ultimate - Executor] Heavy 2-1,100,170,2,0,[0|0],10170,0,0,0,6,0,[0|0]
200100171,[Ultimate - Executor] Heavy 2-2,100,171,2,0,[0|0],10171,0,0,0,6,0,[0|0]
200100175,[Ultimate - Executor] Heavy 2-2 (Shockwave),100,175,2,1,[0|0],10175,0,0,0,6,0,[0|0]
200100200,[Ultimate - Executor] Dodge Attack,100,200,2,0,[0|0],10200,0,0,0,6,0,[0|0]
200100201,,100,201,2,0,[0|0],10201,0,0,0,6,0,[0|0]
200100250,[Ultimate - Executor] Jump Attack,100,250,2,0,[0|0],10250,0,0,0,6,0,[0|0]
200100255,[Ultimate - Executor] Jump Attack (Shockwave),100,255,2,1,[0|0],10255,0,0,0,6,0,[0|0]
200100400,[Ultimate - Executor] Roar,100,400,2,1,[0|0],10400,0,0,0,6,0,[0|0]
200100405,[Ultimate - Executor],100,405,2,1,[0|0],10405,0,0,0,6,0,[0|0]
200100450,[Ultimate - Executor] Skill Attack,100,450,2,0,[0|0],10450,0,0,0,6,0,[0|0]
200100455,[Ultimate - Executor] Skill Attack (Bullet),100,455,2,1,[0|0],10455,0,0,0,6,0,[0|0]
200100700,[Ultimate - Executor] Activation Roar,100,700,2,1,[0|0],10700,0,0,0,6,0,[0|0]
200100800,[Relic - Executor] Roaring restores HP while Art is active,100,800,2,1,[0|0],10800,0,0,0,6,0,[0|0]
200100990,[Ultimate - Executor] Body Collision,100,990,2,0,[0|0],10990,0,0,0,6,0,[0|0]
201200060,,1200,60,2,1,[0|0],120060,0,0,0,6,0,[0|0]
201200062,,1200,62,2,1,[0|0],120062,0,0,0,6,0,[0|0]
201200065,,1200,65,2,1,[0|0],120065,0,0,0,6,0,[0|0]
201200066,,1200,66,2,1,[0|0],120066,0,0,0,6,0,[0|0]
201200067,,1200,67,2,1,[0|0],120067,0,0,0,6,0,[0|0]
201200069,,1200,69,2,1,[0|0],120069,0,0,0,6,0,[0|0]
201200070,,1200,70,2,1,[0|0],120070,0,0,0,6,0,[0|0]
201200071,,1200,71,2,1,[0|0],120071,0,0,0,6,0,[0|0]
201200072,,1200,72,2,1,[0|0],120072,0,0,0,6,0,[0|0]
201200080,[Boss Raid] Sentient Pest - Swarm of Locusts,1200,80,2,1,[0|0],120080,0,0,0,6,0,[0|0]
201200081,[Boss Raid] Sentient Pest - Swarm of Locusts,1200,81,2,1,[0|0],120081,0,0,0,6,0,[0|0]
201200082,[Boss Raid] Sentient Pest - Swarm of Locusts,1200,82,2,1,[0|0],120082,0,0,0,6,0,[0|0]
201200083,,1200,83,2,1,[0|0],120083,0,0,0,6,0,[0|0]
201200084,,1200,84,2,1,[0|0],120084,0,0,0,6,0,[0|0]
201200085,,1200,85,2,1,[0|0],120085,0,0,0,6,0,[0|0]
201200090,[Boss Raid] Sentient Pest - Swarm of Locusts,1200,90,2,1,[0|0],120090,0,0,0,6,0,[0|0]
201200091,,1200,91,2,1,[0|0],120091,0,0,0,6,0,[0|0]
201200095,[Boss Raid] Sentient Pest - Swarm of Locusts,1200,95,2,1,[0|0],120095,0,0,0,6,0,[0|0]
201200098,,1200,98,2,1,[0|0],120098,0,0,0,6,0,[0|0]
201200099,,1200,99,2,1,[0|0],120099,0,0,0,6,0,[0|0]
201200100,,1200,100,2,1,[0|0],120100,0,0,0,6,0,[0|0]
201200101,,1200,101,2,1,[0|0],120101,0,0,0,6,0,[0|0]
201200105,,1200,105,2,1,[0|0],120105,0,0,0,6,0,[0|0]
201200110,,1200,110,2,1,[0|0],120110,0,0,0,6,0,[0|0]
201200111,,1200,111,2,1,[0|0],120111,0,0,0,6,0,[0|0]
201200115,,1200,115,2,1,[0|0],120115,0,0,0,6,0,[0|0]
201200120,,1200,120,2,1,[0|0],120120,0,0,0,6,0,[0|0]
201200121,,1200,121,2,1,[0|0],120121,0,0,0,6,0,[0|0]
201200122,,1200,122,2,1,[0|0],120122,0,0,0,6,0,[0|0]
201200123,,1200,123,2,1,[0|0],120123,0,0,0,6,0,[0|0]
201200125,,1200,125,2,1,[0|0],120125,0,0,0,6,0,[0|0]
201200150,,1200,150,2,1,[0|0],120150,0,0,0,6,0,[0|0]
201200151,,1200,151,2,1,[0|0],120151,0,0,0,6,0,[0|0]
201200155,,1200,155,2,1,[0|0],120155,0,0,0,6,0,[0|0]
201200160,,1200,160,2,1,[0|0],120160,0,0,0,6,0,[0|0]
201200161,,1200,161,2,1,[0|0],120161,0,0,0,6,0,[0|0]
201200165,,1200,165,2,1,[0|0],120165,0,0,0,6,0,[0|0]
201200170,,1200,170,2,1,[0|0],120170,0,0,0,6,0,[0|0]
201200171,,1200,171,2,1,[0|0],120171,0,0,0,6,0,[0|0]
201200172,,1200,172,2,1,[0|0],120172,0,0,0,6,0,[0|0]
201200173,,1200,173,2,1,[0|0],120173,0,0,0,6,0,[0|0]
201200175,,1200,175,2,1,[0|0],120175,0,0,0,6,0,[0|0]
201200200,,1200,200,2,1,[0|0],120200,0,0,0,6,0,[0|0]
201200210,,1200,210,2,1,[0|0],120210,0,0,0,6,0,[0|0]
201200211,,1200,211,2,1,[0|0],120211,0,0,0,6,0,[0|0]
201200212,,1200,212,2,1,[0|0],120212,0,0,0,6,0,[0|0]
201200213,,1200,213,2,1,[0|0],120213,0,0,0,6,0,[0|0]
201200214,,1200,214,2,1,[0|0],120214,0,0,0,6,0,[0|0]
201200215,,1200,215,2,1,[0|0],120215,0,0,0,6,0,[0|0]
201200216,,1200,216,2,1,[0|0],120216,0,0,0,6,0,[0|0]
201200217,,1200,217,2,1,[0|0],120217,0,0,0,6,0,[0|0]
220100100,,20100,100,2,0,[0|0],2010100,0,0,0,6,0,[0|0]
220100105,,20100,105,2,0,[0|0],2010105,0,0,0,6,0,[0|0]
220100110,,20100,110,2,0,[0|0],2010110,0,0,0,6,0,[0|0]
220100115,,20100,115,2,0,[0|0],2010115,0,0,0,6,0,[0|0]
220100120,,20100,120,2,0,[0|0],2010120,0,0,0,6,0,[0|0]
220100125,,20100,125,2,0,[0|0],2010125,0,0,0,6,0,[0|0]
220100130,,20100,130,2,0,[0|0],2010130,0,0,0,6,0,[0|0]
220100131,,20100,131,2,0,[0|0],2010131,0,0,0,6,0,[0|0]
220100135,,20100,135,2,0,[0|0],2010135,0,0,0,6,0,[0|0]
220100136,,20100,136,2,0,[0|0],2010136,0,0,0,6,0,[0|0]
220100140,,20100,140,2,0,[0|0],2010140,0,0,0,6,0,[0|0]
220100145,,20100,145,2,0,[0|0],2010145,0,0,0,6,0,[0|0]
220100180,,20100,180,2,0,[0|0],2010180,0,0,0,6,0,[0|0]
220100185,,20100,185,2,0,[0|0],2010185,0,0,0,6,0,[0|0]
220100190,,20100,190,2,0,[0|0],2010190,0,0,0,6,0,[0|0]
220100191,,20100,191,2,0,[0|0],2010191,0,0,0,6,0,[0|0]
220100195,,20100,195,2,0,[0|0],2010195,0,0,0,6,0,[0|0]
220100196,,20100,196,2,0,[0|0],2010196,0,0,0,6,0,[0|0]
220100200,,20100,200,2,0,[0|0],2010200,0,0,0,6,0,[0|0]
220100201,,20100,201,2,0,[0|0],2010201,0,0,0,6,0,[0|0]
220100205,,20100,205,2,0,[0|0],2010205,0,0,0,6,0,[0|0]
220100206,,20100,206,2,0,[0|0],2010206,0,0,0,6,0,[0|0]
220100210,,20100,210,2,0,[0|0],2010210,0,0,0,6,0,[0|0]
220100230,,20100,230,2,0,[0|0],2010230,0,0,0,6,0,[0|0]
220100235,,20100,235,2,0,[0|0],2010235,0,0,0,6,0,[0|0]
220100240,,20100,240,2,1,[0|0],2010240,0,0,0,6,0,[0|0]
220100260,,20100,260,2,0,[0|0],2010260,0,0,0,6,0,[0|0]
220100261,,20100,261,2,0,[0|0],2010261,0,0,0,6,0,[0|0]
220100262,,20100,262,2,0,[0|0],2010262,0,0,0,6,0,[0|0]
220100270,,20100,270,2,0,[0|0],2010270,0,0,0,6,0,[0|0]
220100271,,20100,271,2,1,[0|0],2010271,0,0,0,6,0,[0|0]
220100280,,20100,280,2,1,[0|0],2010280,0,0,0,6,0,[0|0]
220100290,,20100,290,2,0,[0|0],2010290,0,0,0,6,0,[0|0]
220100291,,20100,291,2,0,[0|0],2010291,0,0,0,6,0,[0|0]
220100292,,20100,292,2,0,[0|0],2010292,0,0,0,6,0,[0|0]
220100300,,20100,300,2,0,[0|0],2010300,0,0,0,6,0,[0|0]
220100301,,20100,301,2,0,[0|0],2010301,0,0,0,6,0,[0|0]
220100305,,20100,305,2,0,[0|0],2010305,0,0,0,6,0,[0|0]
220100306,,20100,306,2,0,[0|0],2010306,0,0,0,6,0,[0|0]
220100310,,20100,310,2,0,[0|0],2010310,0,0,0,6,0,[0|0]
220100315,,20100,315,2,0,[0|0],2010315,0,0,0,6,0,[0|0]
220100330,,20100,330,2,0,[0|0],2010330,0,0,0,6,0,[0|0]
220100340,,20100,340,2,0,[0|0],2010340,0,0,0,6,0,[0|0]
220300100,,20300,100,2,1,[0|0],2030100,0,0,0,6,0,[0|0]
220300110,,20300,110,2,1,[0|0],2030110,0,0,0,6,0,[0|0]
220300120,,20300,120,2,1,[0|0],2030120,0,0,0,6,0,[0|0]
220300130,,20300,130,2,1,[0|0],2030130,0,0,0,6,0,[0|0]
220300140,,20300,140,2,1,[0|0],2030140,0,0,0,6,0,[0|0]
220300150,,20300,150,2,1,[0|0],2030150,0,0,0,6,0,[0|0]
220310100,,20310,100,2,1,[0|0],2031100,0,0,0,6,0,[0|0]
220310110,,20310,110,2,1,[0|0],2031110,0,0,0,6,0,[0|0]
220310130,,20310,130,2,1,[0|0],2031130,0,0,0,6,0,[0|0]
220310150,,20310,150,2,1,[0|0],2031150,0,0,0,6,0,[0|0]
220310155,,20310,155,2,1,[0|0],2031155,0,0,0,6,0,[0|0]
220310160,,20310,160,2,1,[0|0],2031160,0,0,0,6,0,[0|0]
220310161,,20310,161,2,1,[0|0],2031161,0,0,0,6,0,[0|0]
220310170,,20310,170,2,1,[0|0],2031170,0,0,0,6,0,[0|0]
220310175,,20310,175,2,1,[0|0],2031175,0,0,0,6,0,[0|0]
220310176,,20310,176,2,1,[0|0],2031176,0,0,0,6,0,[0|0]
220310180,,20310,180,2,1,[0|0],2031180,0,0,0,6,0,[0|0]
220310183,,20310,183,2,1,[0|0],2031183,0,0,0,6,0,[0|0]
220310185,,20310,185,2,1,[0|0],2031185,0,0,0,6,0,[0|0]
220310190,,20310,190,2,1,[0|0],2031190,0,0,0,6,0,[0|0]
220310191,,20310,191,2,1,[0|0],2031191,0,0,0,6,0,[0|0]
220310192,,20310,192,2,1,[0|0],2031192,0,0,0,6,0,[0|0]
220310193,,20310,193,2,1,[0|0],2031193,0,0,0,6,0,[0|0]
220310194,,20310,194,2,1,[0|0],2031194,0,0,0,6,0,[0|0]
220310195,,20310,195,2,1,[0|0],2031195,0,0,0,6,0,[0|0]
220310196,,20310,196,2,1,[0|0],2031196,0,0,0,6,0,[0|0]
220310197,,20310,197,2,1,[0|0],2031197,0,0,0,6,0,[0|0]
220310210,,20310,210,2,1,[0|0],2031210,0,0,0,6,0,[0|0]
220310220,,20310,220,2,0,[0|0],2031220,0,0,0,6,0,[0|0]
220310230,,20310,230,2,0,[0|0],2031230,0,0,0,6,0,[0|0]
220310240,,20310,240,2,0,[0|0],2031240,0,0,0,6,0,[0|0]
220310250,,20310,250,2,1,[0|0],2031250,0,0,0,6,0,[0|0]
220310260,,20310,260,2,0,[0|0],2031260,0,0,0,6,0,[0|0]
220310261,,20310,261,2,0,[0|0],2031261,0,0,0,6,0,[0|0]
220310262,,20310,262,2,0,[0|0],2031262,0,0,0,6,0,[0|0]
220310800,,20310,800,2,0,[0|0],2031800,0,0,0,6,0,[0|0]
220400100,,20400,100,2,1,[0|0],2040100,0,0,0,6,0,[0|0]
220400110,,20400,110,2,1,[0|0],2040110,0,0,0,6,0,[0|0]
220400120,,20400,120,2,1,[0|0],2040120,0,0,0,6,0,[0|0]
220400122,,20400,122,2,1,[0|0],2040122,0,0,0,6,0,[0|0]
220400125,,20400,125,2,1,[0|0],2040125,0,0,0,6,0,[0|0]
220400126,,20400,126,2,1,[0|0],2040126,0,0,0,6,0,[0|0]
220400127,,20400,127,2,1,[0|0],2040127,0,0,0,6,0,[0|0]
220400130,,20400,130,2,0,[0|0],2040130,0,0,0,6,0,[0|0]
220400140,,20400,140,2,1,[0|0],2040140,0,0,0,6,0,[0|0]
220400150,,20400,150,2,0,[0|0],2040150,0,0,0,6,0,[0|0]
220400155,,20400,155,2,1,[0|0],2040155,0,0,0,6,0,[0|0]
220400180,,20400,180,2,1,[0|0],2040180,0,0,0,6,0,[0|0]
220400500,,20400,500,2,0,[0|0],2040500,0,0,0,6,0,[0|0]
220410100,,20410,100,2,0,[0|0],2041100,0,0,0,7,0,[0|0]
220410110,,20410,110,2,0,[0|0],2041110,0,0,0,6,0,[0|0]
220410120,,20410,120,2,0,[0|0],2041120,0,0,0,7,0,[0|0]
220410130,,20410,130,2,0,[0|0],2041130,0,0,0,6,0,[0|0]
220410140,,20410,140,2,1,[0|0],2041140,0,0,0,6,0,[0|0]
220410160,,20410,160,2,0,[0|0],2041160,0,0,0,6,0,[0|0]
220410170,,20410,170,2,0,[0|0],2041170,0,0,0,7,0,[0|0]
221000100,,21000,100,2,0,[0|0],2100100,0,0,0,6,0,[0|0]
221000110,,21000,110,2,0,[0|0],2100110,0,0,0,6,0,[0|0]
221000111,,21000,111,2,0,[0|0],2100111,0,0,0,6,0,[0|0]
221000120,,21000,120,2,0,[0|0],2100120,0,0,0,6,0,[0|0]
221000130,,21000,130,2,0,[0|0],2100130,0,0,0,6,0,[0|0]
221000140,,21000,140,2,0,[0|0],2100140,0,0,0,6,0,[0|0]
221000150,,21000,150,2,0,[0|0],2100150,0,0,0,6,0,[0|0]
221000160,,21000,160,2,0,[0|0],2100160,0,0,0,6,0,[0|0]
221000170,,21000,170,2,0,[0|0],2100170,0,0,0,6,0,[0|0]
221000171,,21000,171,2,0,[0|0],2100171,0,0,0,6,0,[0|0]
221000172,,21000,172,2,0,[0|0],2100172,0,0,0,6,0,[0|0]
221000173,,21000,173,2,0,[0|0],2100173,0,0,0,6,0,[0|0]
221000180,,21000,180,2,0,[0|0],2100180,0,0,0,6,0,[0|0]
221000190,,21000,190,2,0,[0|0],2100190,0,0,0,6,0,[0|0]
221000200,,21000,200,2,0,[0|0],2100200,0,0,0,6,0,[0|0]
221000210,,21000,210,2,0,[0|0],2100210,0,0,0,6,0,[0|0]
221000220,,21000,220,2,0,[0|0],2100220,0,0,0,6,0,[0|0]
221000221,,21000,221,2,0,[0|0],2100221,0,0,0,6,0,[0|0]
221000230,,21000,230,2,0,[0|0],2100230,0,0,0,6,0,[0|0]
221000231,,21000,231,2,0,[0|0],2100231,0,0,0,6,0,[0|0]
221000240,,21000,240,2,0,[0|0],2100240,0,0,0,6,0,[0|0]
221000241,,21000,241,2,0,[0|0],2100241,0,0,0,6,0,[0|0]
221000250,,21000,250,2,1,[0|0],2100250,0,0,0,6,0,[0|0]
221000260,,21000,260,2,1,[0|0],2100260,0,0,0,6,0,[0|0]
221000270,,21000,270,2,1,[0|0],2100270,0,0,0,6,0,[0|0]
221000280,,21000,280,2,0,[0|0],2100280,0,0,0,6,0,[0|0]
221000290,,21000,290,2,1,[0|0],2100290,0,0,0,6,0,[0|0]
221000300,,21000,300,2,1,[0|0],2100300,0,0,0,6,0,[0|0]
221000310,,21000,310,2,1,[0|0],2100310,0,0,0,6,0,[0|0]
221000350,,21000,350,2,0,[0|0],2100350,0,0,0,6,0,[0|0]
221000351,,21000,351,2,0,[0|0],2100351,0,0,0,6,0,[0|0]
221000352,,21000,352,2,0,[0|0],2100352,0,0,0,6,0,[0|0]
221000800,,21000,800,2,0,[0|0],2100800,0,0,0,6,0,[0|0]
221000810,,21000,810,2,0,[0|0],2100810,0,0,0,6,0,[0|0]
221000820,,21000,820,2,0,[0|0],2100820,0,0,0,6,0,[0|0]
221100100,,21100,100,2,1,[0|0],2110100,0,0,0,6,0,[0|0]
221100101,,21100,101,2,1,[0|0],2110101,0,0,0,6,0,[0|0]
221100130,,21100,130,2,1,[0|0],2110130,0,0,0,6,0,[0|0]
221100150,,21100,150,2,1,[0|0],2110150,0,0,0,6,0,[0|0]
221100155,,21100,155,2,1,[0|0],2110155,0,0,0,6,0,[0|0]
221100160,,21100,160,2,0,[0|0],2110160,0,0,0,6,0,[0|0]
221100165,,21100,165,2,0,[0|0],2110165,0,0,0,6,0,[0|0]
221100170,,21100,170,2,0,[0|0],2110170,0,0,0,6,0,[0|0]
221100180,,21100,180,2,0,[0|0],2110180,0,0,0,6,0,[0|0]
221100190,,21100,190,2,0,[0|0],2110190,0,0,0,6,0,[0|0]
221100200,,21100,200,2,0,[0|0],2110200,0,0,0,6,0,[0|0]
221100210,,21100,210,2,0,[0|0],2110210,0,0,0,6,0,[0|0]
221100220,,21100,220,2,0,[0|0],2110220,0,0,0,6,0,[0|0]
221100230,,21100,230,2,0,[0|0],2110230,0,0,0,6,0,[0|0]
221100240,,21100,240,2,0,[0|0],2110240,0,0,0,6,0,[0|0]
221100250,,21100,250,2,1,[0|0],2110250,0,0,0,6,0,[0|0]
221100260,,21100,260,2,0,[0|0],2110260,0,0,0,6,0,[0|0]
221100270,,21100,270,2,0,[0|0],2110270,0,0,0,6,0,[0|0]
221100280,,21100,280,2,0,[0|0],2110280,0,0,0,6,0,[0|0]
221100290,,21100,290,2,0,[0|0],2110290,0,0,0,6,0,[0|0]
221100310,,21100,310,2,0,[0|0],2110310,0,0,0,6,0,[0|0]
221100311,,21100,311,2,0,[0|0],2110311,0,0,0,6,0,[0|0]
221100320,,21100,320,2,0,[0|0],2110320,0,0,0,6,0,[0|0]
221100321,,21100,321,2,0,[0|0],2110321,0,0,0,6,0,[0|0]
221100322,,21100,322,2,0,[0|0],2110322,0,0,0,6,0,[0|0]
221100340,,21100,340,2,0,[0|0],2110340,0,0,0,6,0,[0|0]
221100341,,21100,341,2,0,[0|0],2110341,0,0,0,6,0,[0|0]
221100350,,21100,350,2,0,[0|0],2110350,0,0,0,6,0,[0|0]
221100351,,21100,351,2,1,[0|0],2110351,0,0,0,6,0,[0|0]
221100352,,21100,352,2,1,[0|0],2110352,0,0,0,6,0,[0|0]
221100370,,21100,370,2,0,[0|0],2110370,0,0,0,6,0,[0|0]
221100380,,21100,380,2,0,[0|0],2110380,0,0,0,6,0,[0|0]
221100390,,21100,390,2,0,[0|0],2110390,0,0,0,6,0,[0|0]
221100391,,21100,391,2,0,[0|0],2110391,0,0,0,6,0,[0|0]
221100401,,21100,401,2,0,[0|0],2110401,0,0,0,6,0,[0|0]
221100402,,21100,402,2,0,[0|0],2110402,0,0,0,6,0,[0|0]
221100403,,21100,403,2,0,[0|0],2110403,0,0,0,6,0,[0|0]
221100410,,21100,410,2,0,[0|0],2110410,0,0,0,6,0,[0|0]
221100420,,21100,420,2,0,[0|0],2110420,0,0,0,6,0,[0|0]
221100421,,21100,421,2,1,[0|0],2110421,0,0,0,6,0,[0|0]
221100430,,21100,430,2,0,[0|0],2110430,0,0,0,6,0,[0|0]
221100431,,21100,431,2,1,[0|0],2110431,0,0,0,6,0,[0|0]
221100432,,21100,432,2,1,[0|0],2110432,0,0,0,6,0,[0|0]
221100440,,21100,440,2,0,[0|0],2110440,0,0,0,6,0,[0|0]
221100441,,21100,441,2,0,[0|0],2110441,0,0,0,6,0,[0|0]
221100442,,21100,442,2,1,[0|0],2110442,0,0,0,6,0,[0|0]
221100451,,21100,451,2,1,[0|0],2110451,0,0,0,6,0,[0|0]
221100452,,21100,452,2,1,[0|0],2110452,0,0,0,6,0,[0|0]
221100453,,21100,453,2,1,[0|0],2110453,0,0,0,6,0,[0|0]
221100460,,21100,460,2,0,[0|0],2110460,0,0,0,6,0,[0|0]
221100470,,21100,470,2,0,[0|0],2110470,0,0,0,7,0,[0|0]
221100475,,21100,475,2,1,[0|0],2110475,0,0,0,7,0,[0|0]
221100480,,21100,480,2,1,[0|0],2110480,0,0,0,6,0,[0|0]
221100490,,21100,490,2,0,[0|0],2110490,0,0,0,6,0,[0|0]
221100550,,21100,550,2,1,[0|0],2110550,0,0,0,6,0,[0|0]
221100600,,21100,600,2,0,[0|0],2110600,0,0,0,6,0,[0|0]
221100700,,21100,700,2,0,[0|0],2110700,0,0,0,6,0,[0|0]
221100701,,21100,701,2,0,[0|0],2110701,0,0,0,6,0,[0|0]
221100720,,21100,720,2,0,[0|0],2110720,0,0,0,6,0,[0|0]
221100730,,21100,730,2,0,[0|0],2110730,0,0,0,6,0,[0|0]
221100731,,21100,731,2,0,[0|0],2110731,0,0,0,6,0,[0|0]
221100740,,21100,740,2,0,[0|0],2110740,0,0,0,6,0,[0|0]
221100741,,21100,741,2,0,[0|0],2110741,0,0,0,6,0,[0|0]
221100742,,21100,742,2,0,[0|0],2110742,0,0,0,6,0,[0|0]
221100743,,21100,743,2,0,[0|0],2110743,0,0,0,6,0,[0|0]
221100750,,21100,750,2,0,[0|0],2110750,0,0,0,6,0,[0|0]
221100751,,21100,751,2,0,[0|0],2110751,0,0,0,6,0,[0|0]
221100752,,21100,752,2,1,[0|0],2110752,0,0,0,6,0,[0|0]
221100770,,21100,770,2,0,[0|0],2110770,0,0,0,6,0,[0|0]
221100771,,21100,771,2,0,[0|0],2110771,0,0,0,6,0,[0|0]
221100772,,21100,772,2,1,[0|0],2110772,0,0,0,6,0,[0|0]
221100900,,21100,900,2,0,[0|0],2110900,0,0,0,6,0,[0|0]
221200100,,21200,100,2,0,[0|0],2120100,0,0,0,6,0,[0|0]
221200110,,21200,110,2,0,[0|0],2120110,0,0,0,6,0,[0|0]
221200120,,21200,120,2,0,[0|0],2120120,0,0,0,6,0,[0|0]
221200130,,21200,130,2,0,[0|0],2120130,0,0,0,6,0,[0|0]
221200140,,21200,140,2,0,[0|0],2120140,0,0,0,6,0,[0|0]
221200141,,21200,141,2,0,[0|0],2120141,0,0,0,6,0,[0|0]
221200150,,21200,150,2,0,[0|0],2120150,0,0,0,6,0,[0|0]
221200160,,21200,160,2,0,[0|0],2120160,0,0,0,6,0,[0|0]
221200161,,21200,161,2,0,[0|0],2120161,0,0,0,6,0,[0|0]
221200170,,21200,170,2,0,[0|0],2120170,0,0,0,6,0,[0|0]
221200180,,21200,180,2,0,[0|0],2120180,0,0,0,6,0,[0|0]
221200190,,21200,190,2,0,[0|0],2120190,0,0,0,6,0,[0|0]
221200200,,21200,200,2,0,[0|0],2120200,0,0,0,6,0,[0|0]
221200201,,21200,201,2,0,[0|0],2120201,0,0,0,6,0,[0|0]
221200202,,21200,202,2,0,[0|0],2120202,0,0,0,6,0,[0|0]
221200203,,21200,203,2,0,[0|0],2120203,0,0,0,6,0,[0|0]
221200204,,21200,204,2,0,[0|0],2120204,0,0,0,6,0,[0|0]
221200205,,21200,205,2,0,[0|0],2120205,0,0,0,6,0,[0|0]
221200206,,21200,206,2,0,[0|0],2120206,0,0,0,6,0,[0|0]
221200209,,21200,209,2,0,[0|0],2120209,0,0,0,6,0,[0|0]
221200210,,21200,210,2,0,[0|0],2120210,0,0,0,6,0,[0|0]
221200220,,21200,220,2,0,[0|0],2120220,0,0,0,6,0,[0|0]
221200230,,21200,230,2,0,[0|0],2120230,0,0,0,6,0,[0|0]
221200231,,21200,231,2,0,[0|0],2120231,0,0,0,6,0,[0|0]
221200240,,21200,240,2,0,[0|0],2120240,0,0,0,6,0,[0|0]
221200241,,21200,241,2,0,[0|0],2120241,0,0,0,6,0,[0|0]
221200260,,21200,260,2,0,[0|0],2120260,0,0,0,6,0,[0|0]
221200270,,21200,270,2,0,[0|0],2120270,0,0,0,6,0,[0|0]
221200271,,21200,271,2,0,[0|0],2120271,0,0,0,6,0,[0|0]
221200280,,21200,280,2,0,[0|0],2120280,0,0,0,6,0,[0|0]
221200285,,21200,285,2,1,[0|0],2120285,0,0,0,6,0,[0|0]
221200290,,21200,290,2,0,[0|0],2120290,0,0,0,6,0,[0|0]
221200292,,21200,292,2,1,[0|0],2120292,0,0,0,6,0,[0|0]
221200300,,21200,300,2,0,[0|0],2120300,0,0,0,6,0,[0|0]
221200310,,21200,310,2,0,[0|0],2120310,0,0,0,6,0,[0|0]
221200320,,21200,320,2,0,[0|0],2120320,0,0,0,6,0,[0|0]
221200321,,21200,321,2,0,[0|0],2120321,0,0,0,6,0,[0|0]
221200340,,21200,340,2,0,[0|0],2120340,0,0,0,6,0,[0|0]
221200350,,21200,350,2,0,[0|0],2120350,0,0,0,6,0,[0|0]
221200360,,21200,360,2,0,[0|0],2120360,0,0,0,6,0,[0|0]
221200370,,21200,370,2,0,[0|0],2120370,0,0,0,6,0,[0|0]
221200380,,21200,380,2,0,[0|0],2120380,0,0,0,6,0,[0|0]
221200390,,21200,390,2,0,[0|0],2120390,0,0,0,6,0,[0|0]
221200400,,21200,400,2,0,[0|0],2120400,0,0,0,6,0,[0|0]
221200401,,21200,401,2,0,[0|0],2120401,0,0,0,6,0,[0|0]
221200402,,21200,402,2,0,[0|0],2120402,0,0,0,6,0,[0|0]
221200403,,21200,403,2,0,[0|0],2120403,0,0,0,6,0,[0|0]
221200404,,21200,404,2,0,[0|0],2120404,0,0,0,6,0,[0|0]
221200410,,21200,410,2,0,[0|0],2120410,0,0,0,6,0,[0|0]
221200420,,21200,420,2,0,[0|0],2120420,0,0,0,6,0,[0|0]
221200450,,21200,450,2,0,[0|0],2120450,0,0,0,6,0,[0|0]
221200460,,21200,460,2,0,[0|0],2120460,0,0,0,6,0,[0|0]
221200470,,21200,470,2,0,[0|0],2120470,0,0,0,6,0,[0|0]
221200471,,21200,471,2,0,[0|0],2120471,0,0,0,6,0,[0|0]
221200480,,21200,480,2,0,[0|0],2120480,0,0,0,6,0,[0|0]
221200481,,21200,481,2,0,[0|0],2120481,0,0,0,6,0,[0|0]
221200482,,21200,482,2,0,[0|0],2120482,0,0,0,6,0,[0|0]
221200483,,21200,483,2,0,[0|0],2120483,0,0,0,6,0,[0|0]
221200484,,21200,484,2,0,[0|0],2120484,0,0,0,6,0,[0|0]
221200485,,21200,485,2,0,[0|0],2120485,0,0,0,6,0,[0|0]
221200486,,21200,486,2,0,[0|0],2120486,0,0,0,6,0,[0|0]
221200487,,21200,487,2,0,[0|0],2120487,0,0,0,6,0,[0|0]
221200488,,21200,488,2,0,[0|0],2120488,0,0,0,6,0,[0|0]
221200489,,21200,489,2,0,[0|0],2120489,0,0,0,6,0,[0|0]
221200490,,21200,490,2,0,[0|0],2120490,0,0,0,6,0,[0|0]
221200491,,21200,491,2,0,[0|0],2120491,0,0,0,6,0,[0|0]
221200500,,21200,500,2,0,[0|0],2120500,0,0,0,6,0,[0|0]
221200501,,21200,501,2,0,[0|0],2120501,0,0,0,6,0,[0|0]
221200502,,21200,502,2,0,[0|0],2120502,0,0,0,6,0,[0|0]
221200510,,21200,510,2,0,[0|0],2120510,0,0,0,6,0,[0|0]
221200520,,21200,520,2,0,[0|0],2120520,0,0,0,6,0,[0|0]
221200530,,21200,530,2,0,[0|0],2120530,0,0,0,6,0,[0|0]
221200531,,21200,531,2,0,[0|0],2120531,0,0,0,6,0,[0|0]
221200532,,21200,532,2,0,[0|0],2120532,0,0,0,6,0,[0|0]
221200600,,21200,600,2,1,[0|0],2120600,0,0,0,6,0,[0|0]
221200601,,21200,601,2,1,[0|0],2120601,0,0,0,6,0,[0|0]
221200602,,21200,602,2,1,[0|0],2120602,0,0,0,6,0,[0|0]
221200603,,21200,603,2,1,[0|0],2120603,0,0,0,6,0,[0|0]
221200604,,21200,604,2,1,[0|0],2120604,0,0,0,6,0,[0|0]
221200605,,21200,605,2,1,[0|0],2120605,0,0,0,6,0,[0|0]
221200606,,21200,606,2,1,[0|0],2120606,0,0,0,6,0,[0|0]
221200607,,21200,607,2,1,[0|0],2120607,0,0,0,6,0,[0|0]
221200608,,21200,608,2,1,[0|0],2120608,0,0,0,6,0,[0|0]
221200609,,21200,609,2,1,[0|0],2120609,0,0,0,6,0,[0|0]
221200620,,21200,620,2,1,[0|0],2120620,0,0,0,6,0,[0|0]
221200640,,21200,640,2,1,[0|0],2120640,0,0,0,6,0,[0|0]
221200650,,21200,650,2,1,[0|0],2120650,0,0,0,6,0,[0|0]
221200800,,21200,800,2,0,[0|0],2120800,0,0,0,6,0,[0|0]
221200801,,21200,801,2,0,[0|0],2120801,0,0,0,6,0,[0|0]
221200810,,21200,810,2,0,[0|0],2120810,0,0,0,6,0,[0|0]
221200811,,21200,811,2,0,[0|0],2120811,0,0,0,6,0,[0|0]
221200900,,21200,900,2,0,[0|0],2120900,0,0,0,6,0,[0|0]
221300010,,21300,10,2,0,[0|0],2130010,0,0,0,6,0,[0|0]
221300020,,21300,20,2,0,[0|0],2130020,0,0,0,6,0,[0|0]
221300030,,21300,30,2,0,[0|0],2130030,0,0,0,6,0,[0|0]
221300050,,21300,50,2,1,[0|0],2130050,0,0,0,6,0,[0|0]
221300060,,21300,60,2,1,[0|0],2130060,0,0,0,6,0,[0|0]
221300070,,21300,70,2,1,[0|0],2130070,0,0,0,6,0,[0|0]
221300080,,21300,80,2,1,[0|0],2130080,0,0,0,6,0,[0|0]
221300100,,21300,100,2,0,[0|0],2130100,0,0,0,6,0,[0|0]
221300105,,21300,105,2,0,[0|0],2130105,0,0,0,6,0,[0|0]
221300110,,21300,110,2,0,[0|0],2130110,0,0,0,6,0,[0|0]
221300115,,21300,115,2,0,[0|0],2130115,0,0,0,6,0,[0|0]
221300120,,21300,120,2,0,[0|0],2130120,0,0,0,6,0,[0|0]
221300125,,21300,125,2,0,[0|0],2130125,0,0,0,6,0,[0|0]
221300130,,21300,130,2,0,[0|0],2130130,0,0,0,6,0,[0|0]
221300131,,21300,131,2,0,[0|0],2130131,0,0,0,6,0,[0|0]
221300135,,21300,135,2,0,[0|0],2130135,0,0,0,6,0,[0|0]
221300136,,21300,136,2,0,[0|0],2130136,0,0,0,6,0,[0|0]
221300140,,21300,140,2,0,[0|0],2130140,0,0,0,6,0,[0|0]
221300141,,21300,141,2,0,[0|0],2130141,0,0,0,6,0,[0|0]
221300142,,21300,142,2,0,[0|0],2130142,0,0,0,6,0,[0|0]
221300146,,21300,146,2,0,[0|0],2130146,0,0,0,6,0,[0|0]
221300147,,21300,147,2,0,[0|0],2130147,0,0,0,6,0,[0|0]
221300148,,21300,148,2,0,[0|0],2130148,0,0,0,6,0,[0|0]
221300150,,21300,150,2,0,[0|0],2130150,0,0,0,6,0,[0|0]
221300155,,21300,155,2,0,[0|0],2130155,0,0,0,6,0,[0|0]
221300160,,21300,160,2,1,[0|0],2130160,0,0,0,6,0,[0|0]
221300165,,21300,165,2,1,[0|0],2130165,0,0,0,6,0,[0|0]
221300170,,21300,170,2,0,[0|0],2130170,0,0,0,6,0,[0|0]
221300171,,21300,171,2,0,[0|0],2130171,0,0,0,6,0,[0|0]
221300175,,21300,175,2,1,[0|0],2130175,0,0,0,6,0,[0|0]
221300176,,21300,176,2,0,[0|0],2130176,0,0,0,6,0,[0|0]
221300177,,21300,177,2,0,[0|0],2130177,0,0,0,6,0,[0|0]
221300190,,21300,190,2,0,[0|0],2130190,0,0,0,6,0,[0|0]
221300191,,21300,191,2,1,[0|0],2130191,0,0,0,6,0,[0|0]
221300195,,21300,195,2,0,[0|0],2130195,0,0,0,6,0,[0|0]
221300196,,21300,196,2,0,[0|0],2130196,0,0,0,6,0,[0|0]
221300197,,21300,197,2,1,[0|0],2130197,0,0,0,6,0,[0|0]
221300198,,21300,198,2,1,[0|0],2130198,0,0,0,6,0,[0|0]
221300200,,21300,200,2,0,[0|0],2130200,0,0,0,6,0,[0|0]
221300205,,21300,205,2,0,[0|0],2130205,0,0,0,6,0,[0|0]
221300210,,21300,210,2,0,[0|0],2130210,0,0,0,6,0,[0|0]
221300215,,21300,215,2,0,[0|0],2130215,0,0,0,6,0,[0|0]
221300220,,21300,220,2,0,[0|0],2130220,0,0,0,6,0,[0|0]
221300225,,21300,225,2,0,[0|0],2130225,0,0,0,6,0,[0|0]
221300230,,21300,230,2,0,[0|0],2130230,0,0,0,6,0,[0|0]
221300231,,21300,231,2,0,[0|0],2130231,0,0,0,6,0,[0|0]
221300235,,21300,235,2,0,[0|0],2130235,0,0,0,6,0,[0|0]
221300236,,21300,236,2,0,[0|0],2130236,0,0,0,6,0,[0|0]
221300250,,21300,250,2,0,[0|0],2130250,0,0,0,6,0,[0|0]
221300251,,21300,251,2,0,[0|0],2130251,0,0,0,6,0,[0|0]
221300256,,21300,256,2,0,[0|0],2130256,0,0,0,6,0,[0|0]
221300257,,21300,257,2,0,[0|0],2130257,0,0,0,6,0,[0|0]
221300260,,21300,260,2,0,[0|0],2130260,0,0,0,6,0,[0|0]
221300265,,21300,265,2,0,[0|0],2130265,0,0,0,6,0,[0|0]
221300290,,21300,290,2,0,[0|0],2130290,0,0,0,6,0,[0|0]
221300291,,21300,291,2,0,[0|0],2130291,0,0,0,6,0,[0|0]
221300292,,21300,292,2,0,[0|0],2130292,0,0,0,6,0,[0|0]
221300295,,21300,295,2,0,[0|0],2130295,0,0,0,6,0,[0|0]
221300296,,21300,296,2,0,[0|0],2130296,0,0,0,6,0,[0|0]
221300297,,21300,297,2,0,[0|0],2130297,0,0,0,6,0,[0|0]
221300300,,21300,300,2,0,[0|0],2130300,0,0,0,6,0,[0|0]
221300301,,21300,301,2,0,[0|0],2130301,0,0,0,6,0,[0|0]
221300302,,21300,302,2,0,[0|0],2130302,0,0,0,6,0,[0|0]
221300303,,21300,303,2,0,[0|0],2130303,0,0,0,6,0,[0|0]
221300304,,21300,304,2,0,[0|0],2130304,0,0,0,6,0,[0|0]
221300305,,21300,305,2,0,[0|0],2130305,0,0,0,6,0,[0|0]
221300306,,21300,306,2,0,[0|0],2130306,0,0,0,6,0,[0|0]
221300307,,21300,307,2,0,[0|0],2130307,0,0,0,6,0,[0|0]
221300308,,21300,308,2,0,[0|0],2130308,0,0,0,6,0,[0|0]
221300309,,21300,309,2,0,[0|0],2130309,0,0,0,6,0,[0|0]
221300330,,21300,330,2,0,[0|0],2130330,0,0,0,6,0,[0|0]
221300340,,21300,340,2,0,[0|0],2130340,0,0,0,6,0,[0|0]
221300341,,21300,341,2,1,[0|0],2130341,0,0,0,6,0,[0|0]
221300345,,21300,345,2,1,[0|0],2130345,0,0,0,6,0,[0|0]
221300350,,21300,350,2,0,[0|0],2130350,0,0,0,6,0,[0|0]
221300356,,21300,356,2,0,[0|0],2130356,0,0,0,6,0,[0|0]
221300360,,21300,360,2,0,[0|0],2130360,0,0,0,6,0,[0|0]
221300361,,21300,361,2,0,[0|0],2130361,0,0,0,6,0,[0|0]
221300362,,21300,362,2,0,[0|0],2130362,0,0,0,6,0,[0|0]
221300363,,21300,363,2,0,[0|0],2130363,0,0,0,6,0,[0|0]
221300364,,21300,364,2,0,[0|0],2130364,0,0,0,6,0,[0|0]
221300365,,21300,365,2,0,[0|0],2130365,0,0,0,6,0,[0|0]
221300366,,21300,366,2,0,[0|0],2130366,0,0,0,6,0,[0|0]
221300367,,21300,367,2,0,[0|0],2130367,0,0,0,6,0,[0|0]
221300368,,21300,368,2,0,[0|0],2130368,0,0,0,6,0,[0|0]
221300369,,21300,369,2,0,[0|0],2130369,0,0,0,6,0,[0|0]
221300380,,21300,380,2,0,[0|0],2130380,0,0,0,6,0,[0|0]
221300381,,21300,381,2,0,[0|0],2130381,0,0,0,6,0,[0|0]
221300385,,21300,385,2,0,[0|0],2130385,0,0,0,6,0,[0|0]
221300386,,21300,386,2,0,[0|0],2130386,0,0,0,6,0,[0|0]
221300390,,21300,390,2,0,[0|0],2130390,0,0,0,6,0,[0|0]
221300391,,21300,391,2,0,[0|0],2130391,0,0,0,6,0,[0|0]
221300392,,21300,392,2,0,[0|0],2130392,0,0,0,6,0,[0|0]
221300393,,21300,393,2,0,[0|0],2130393,0,0,0,6,0,[0|0]
221300394,,21300,394,2,0,[0|0],2130394,0,0,0,6,0,[0|0]
221300395,,21300,395,2,0,[0|0],2130395,0,0,0,6,0,[0|0]
221300396,,21300,396,2,0,[0|0],2130396,0,0,0,6,0,[0|0]
221300397,,21300,397,2,0,[0|0],2130397,0,0,0,6,0,[0|0]
221300398,,21300,398,2,0,[0|0],2130398,0,0,0,6,0,[0|0]
221300399,,21300,399,2,0,[0|0],2130399,0,0,0,6,0,[0|0]
221300420,,21300,420,2,0,[0|0],2130420,0,0,0,6,0,[0|0]
221300421,,21300,421,2,0,[0|0],2130421,0,0,0,6,0,[0|0]
221300422,,21300,422,2,0,[0|0],2130422,0,0,0,6,0,[0|0]
221300423,,21300,423,2,0,[0|0],2130423,0,0,0,6,0,[0|0]
221300424,,21300,424,2,0,[0|0],2130424,0,0,0,6,0,[0|0]
221300425,,21300,425,2,0,[0|0],2130425,0,0,0,6,0,[0|0]
221300426,,21300,426,2,0,[0|0],2130426,0,0,0,6,0,[0|0]
221300427,,21300,427,2,0,[0|0],2130427,0,0,0,6,0,[0|0]
221300428,,21300,428,2,0,[0|0],2130428,0,0,0,6,0,[0|0]
221300429,,21300,429,2,0,[0|0],2130429,0,0,0,6,0,[0|0]
221300430,,21300,430,2,0,[0|0],2130430,0,0,0,6,0,[0|0]
221300435,,21300,435,2,0,[0|0],2130435,0,0,0,6,0,[0|0]
221300450,,21300,450,2,0,[0|0],2130450,0,0,0,6,0,[0|0]
221300455,,21300,455,2,0,[0|0],2130455,0,0,0,6,0,[0|0]
221300460,,21300,460,2,0,[0|0],2130460,0,0,0,6,0,[0|0]
221300466,,21300,466,2,1,[0|0],2130208,0,0,0,6,0,[0|0]
221300467,,21300,467,2,1,[0|0],2130210,0,0,0,6,0,[0|0]
221300468,,21300,468,2,1,[0|0],2130200,0,0,0,6,0,[0|0]
221300469,,21300,469,2,1,[0|0],2130201,0,0,0,6,0,[0|0]
221300470,,21300,470,2,1,[0|0],2130470,0,0,0,6,0,[0|0]
221300471,,21300,471,2,1,[0|0],2130472,0,0,0,6,0,[0|0]
221300472,,21300,472,2,1,[0|0],2130462,0,0,0,6,0,[0|0]
221300473,,21300,473,2,1,[0|0],2130463,0,0,0,6,0,[0|0]
221300474,,21300,474,2,1,[0|0],2130455,0,0,0,6,0,[0|0]
221300475,,21300,475,2,1,[0|0],2130457,0,0,0,6,0,[0|0]
221300476,,21300,476,2,1,[0|0],2130447,0,0,0,6,0,[0|0]
221300477,,21300,477,2,1,[0|0],2130448,0,0,0,6,0,[0|0]
221300480,,21300,480,2,1,[0|0],2130480,0,0,0,6,0,[0|0]
221300490,,21300,490,2,0,[0|0],2130490,0,0,0,6,0,[0|0]
221300495,,21300,495,2,0,[0|0],2130495,0,0,0,6,0,[0|0]
221300500,,21300,500,2,0,[0|0],2130500,0,0,0,6,0,[0|0]
221300510,,21300,510,2,0,[0|0],2130510,0,0,0,6,0,[0|0]
221300530,,21300,530,2,0,[0|0],2130530,0,0,0,6,0,[0|0]
221300531,,21300,531,2,0,[0|0],2130531,0,0,0,6,0,[0|0]
221300550,,21300,550,2,0,[0|0],2130550,0,0,0,6,0,[0|0]
221300560,,21300,560,2,0,[0|0],2130560,0,0,0,6,0,[0|0]
221300570,,21300,570,2,0,[0|0],2130570,0,0,0,6,0,[0|0]
221300580,,21300,580,2,0,[0|0],2130580,0,0,0,6,0,[0|0]
221300590,,21300,590,2,0,[0|0],2130590,0,0,0,6,0,[0|0]
221300591,,21300,591,2,0,[0|0],2130591,0,0,0,6,0,[0|0]
221300595,,21300,595,2,1,[0|0],2130595,0,0,0,6,0,[0|0]
221300596,,21300,596,2,1,[0|0],2130596,0,0,0,6,0,[0|0]
221300597,,21300,597,2,1,[0|0],2130597,0,0,0,6,0,[0|0]
221300598,,21300,598,2,1,[0|0],2130598,0,0,0,6,0,[0|0]
221300599,,21300,599,2,1,[0|0],2130599,0,0,0,6,0,[0|0]
221300600,,21300,600,2,0,[0|0],2130600,0,0,0,6,0,[0|0]
221300601,,21300,601,2,1,[0|0],2130601,0,0,0,6,0,[0|0]
221300603,,21300,603,2,1,[0|0],2130603,0,0,0,6,0,[0|0]
221300604,,21300,604,2,1,[0|0],2130604,0,0,0,6,0,[0|0]
221300606,,21300,606,2,1,[0|0],2130606,0,0,0,6,0,[0|0]
221300607,,21300,607,2,1,[0|0],2130607,0,0,0,6,0,[0|0]
221300609,,21300,609,2,1,[0|0],2130609,0,0,0,6,0,[0|0]
221300610,,21300,610,2,0,[0|0],2130610,0,0,0,6,0,[0|0]
221300615,,21300,615,2,1,[0|0],2130615,0,0,0,6,0,[0|0]
221300616,,21300,616,2,1,[0|0],2130616,0,0,0,6,0,[0|0]
221300617,,21300,617,2,1,[0|0],2130617,0,0,0,6,0,[0|0]
221300620,,21300,620,2,0,[0|0],2130620,0,0,0,6,0,[0|0]
221300640,,21300,640,2,0,[0|0],2130640,0,0,0,6,0,[0|0]
221300641,,21300,641,2,0,[0|0],2130641,0,0,0,6,0,[0|0]
221300650,,21300,650,2,0,[0|0],2130650,0,0,0,6,0,[0|0]
221300680,,21300,680,2,0,[0|0],2130680,0,0,0,6,0,[0|0]
221300681,,21300,681,2,0,[0|0],2130681,0,0,0,6,0,[0|0]
221300700,,21300,700,2,0,[0|0],2130700,0,0,0,6,0,[0|0]
221300720,,21300,720,2,0,[0|0],2130720,0,0,0,6,0,[0|0]
221300725,,21300,725,2,0,[0|0],2130725,0,0,0,6,0,[0|0]
221300726,,21300,726,2,0,[0|0],2130726,0,0,0,6,0,[0|0]
221300730,,21300,730,2,0,[0|0],2130730,0,0,0,6,0,[0|0]
221300740,,21300,740,2,0,[0|0],2130740,0,0,0,6,0,[0|0]
221300750,,21300,750,2,0,[0|0],2130750,0,0,0,6,0,[0|0]
221300760,,21300,760,2,0,[0|0],2130760,0,0,0,6,0,[0|0]
221300770,,21300,770,2,0,[0|0],2130770,0,0,0,6,0,[0|0]
221300771,,21300,771,2,1,[0|0],2130771,0,0,0,6,0,[0|0]
221300790,,21300,790,2,0,[0|0],2130790,0,0,0,6,0,[0|0]
221300800,,21300,800,2,0,[0|0],2130800,0,0,0,6,0,[0|0]
221300801,,21300,801,2,0,[0|0],2130801,0,0,0,6,0,[0|0]
221300810,,21300,810,2,0,[0|0],2130810,0,0,0,6,0,[0|0]
221300820,,21300,820,2,0,[0|0],2130820,0,0,0,6,0,[0|0]
221300821,,21300,821,2,0,[0|0],2130821,0,0,0,6,0,[0|0]
221300830,,21300,830,2,0,[0|0],2130830,0,0,0,6,0,[0|0]
221300831,,21300,831,2,0,[0|0],2130831,0,0,0,6,0,[0|0]
221300832,,21300,832,2,0,[0|0],2130832,0,0,0,6,0,[0|0]
221300833,,21300,833,2,0,[0|0],2130833,0,0,0,6,0,[0|0]
221300840,,21300,840,2,0,[0|0],2130840,0,0,0,6,0,[0|0]
221300841,,21300,841,2,0,[0|0],2130841,0,0,0,6,0,[0|0]
221300842,,21300,842,2,0,[0|0],2130842,0,0,0,6,0,[0|0]
221300843,,21300,843,2,0,[0|0],2130843,0,0,0,6,0,[0|0]
221300851,,21300,851,2,0,[0|0],2130851,0,0,0,6,0,[0|0]
221300880,,21300,880,2,0,[0|0],2130880,0,0,0,6,0,[0|0]
221300881,,21300,881,2,0,[0|0],2130881,0,0,0,6,0,[0|0]
221300890,,21300,890,2,0,[0|0],2130890,0,0,0,6,0,[0|0]
221300891,,21300,891,2,0,[0|0],2130891,0,0,0,6,0,[0|0]
221300900,,21300,900,2,0,[0|0],2130900,0,0,0,6,0,[0|0]
221300910,,21300,910,2,1,[0|0],2130910,0,0,0,6,0,[0|0]
221300920,,21300,920,2,1,[0|0],2130920,0,0,0,6,0,[0|0]
221300930,,21300,930,2,1,[0|0],2130930,0,0,0,6,0,[0|0]
221300950,,21300,950,2,1,[0|0],2130950,0,0,0,6,0,[0|0]
221300951,,21300,951,2,1,[0|0],2130951,0,0,0,6,0,[0|0]
221300952,,21300,952,2,1,[0|0],2130952,0,0,0,6,0,[0|0]
221300953,,21300,953,2,1,[0|0],2130953,0,0,0,6,0,[0|0]
221300954,,21300,954,2,1,[0|0],2130954,0,0,0,6,0,[0|0]
221300955,,21300,955,2,1,[0|0],2130955,0,0,0,6,0,[0|0]
221300956,,21300,956,2,1,[0|0],2130956,0,0,0,6,0,[0|0]
221300957,,21300,957,2,1,[0|0],2130957,0,0,0,6,0,[0|0]
221300958,,21300,958,2,1,[0|0],2130958,0,0,0,6,0,[0|0]
221300959,,21300,959,2,1,[0|0],2130959,0,0,0,6,0,[0|0]
221300960,,21300,960,2,1,[0|0],2130960,0,0,0,6,0,[0|0]
221300961,,21300,961,2,1,[0|0],2130961,0,0,0,6,0,[0|0]
221300965,,21300,965,2,1,[0|0],2130965,0,0,0,6,0,[0|0]
221300967,,21300,967,2,1,[0|0],2130967,0,0,0,6,0,[0|0]
221300970,,21300,970,2,0,[0|0],2130970,0,0,0,6,0,[0|0]
221300971,,21300,971,2,0,[0|0],2130971,0,0,0,6,0,[0|0]
221300980,,21300,980,2,0,[0|0],2130980,0,0,0,6,0,[0|0]
221300981,,21300,981,2,1,[0|0],2130981,0,0,0,6,0,[0|0]
221300982,,21300,982,2,1,[0|0],2130982,0,0,0,6,0,[0|0]
221300983,,21300,983,2,1,[0|0],2130983,0,0,0,6,0,[0|0]
221300984,,21300,984,2,1,[0|0],2130984,0,0,0,6,0,[0|0]
221300985,,21300,985,2,1,[0|0],2130985,0,0,0,6,0,[0|0]
221300986,,21300,986,2,1,[0|0],2130986,0,0,0,6,0,[0|0]
221300987,,21300,987,2,1,[0|0],2130970,0,0,0,6,0,[0|0]
221300989,,21300,989,2,1,[0|0],2130989,0,0,0,6,0,[0|0]
221300990,,21300,990,2,0,[0|0],2130990,0,0,0,6,0,[0|0]
221300991,,21300,991,2,1,[0|0],2130991,0,0,0,6,0,[0|0]
221300992,,21300,992,2,1,[0|0],2130992,0,0,0,6,0,[0|0]
221300993,,21300,993,2,1,[0|0],2130996,0,0,0,6,0,[0|0]
221300994,,21300,994,2,1,[0|0],2130998,0,0,0,6,0,[0|0]
221400100,,21400,100,2,0,[0|0],2140100,0,0,0,6,0,[0|0]
221400110,,21400,110,2,0,[0|0],2140110,0,0,0,6,0,[0|0]
221400120,,21400,120,2,0,[0|0],2140120,0,0,0,6,0,[0|0]
221400130,,21400,130,2,0,[0|0],2140130,0,0,0,6,0,[0|0]
221400140,,21400,140,2,0,[0|0],2140140,0,0,0,6,0,[0|0]
221400150,,21400,150,2,0,[0|0],2140150,0,0,0,6,0,[0|0]
221400160,,21400,160,2,0,[0|0],2140160,0,0,0,6,0,[0|0]
221400165,,21400,165,2,0,[0|0],2140165,0,0,0,6,0,[0|0]
221400170,,21400,170,2,0,[0|0],2140170,0,0,0,6,0,[0|0]
221400175,,21400,175,2,0,[0|0],2140175,0,0,0,6,0,[0|0]
221400180,,21400,180,2,0,[0|0],2140180,0,0,0,6,0,[0|0]
221400181,,21400,181,2,0,[0|0],2140181,0,0,0,6,0,[0|0]
221400185,,21400,185,2,0,[0|0],2140185,0,0,0,6,0,[0|0]
221400186,,21400,186,2,0,[0|0],2140186,0,0,0,6,0,[0|0]
221400190,,21400,190,2,0,[0|0],2140190,0,0,0,6,0,[0|0]
221400195,,21400,195,2,0,[0|0],2140195,0,0,0,6,0,[0|0]
221400200,,21400,200,2,0,[0|0],2140200,0,0,0,6,0,[0|0]
221400201,,21400,201,2,0,[0|0],2140201,0,0,0,6,0,[0|0]
221400210,,21400,210,2,0,[0|0],2140210,0,0,0,6,0,[0|0]
221400215,,21400,215,2,0,[0|0],2140215,0,0,0,6,0,[0|0]
221400220,,21400,220,2,0,[0|0],2140220,0,0,0,6,0,[0|0]
221400230,,21400,230,2,0,[0|0],2140230,0,0,0,6,0,[0|0]
221400240,,21400,240,2,0,[0|0],2140240,0,0,0,6,0,[0|0]
221400241,,21400,241,2,0,[0|0],2140241,0,0,0,6,0,[0|0]
221400246,,21400,246,2,0,[0|0],2140246,0,0,0,6,0,[0|0]
221400250,,21400,250,2,0,[0|0],2140250,0,0,0,6,0,[0|0]
221400251,,21400,251,2,0,[0|0],2140251,0,0,0,6,0,[0|0]
221400252,,21400,252,2,0,[0|0],2140252,0,0,0,6,0,[0|0]
221400255,,21400,255,2,0,[0|0],2140255,0,0,0,6,0,[0|0]
221400257,,21400,257,2,0,[0|0],2140257,0,0,0,6,0,[0|0]
221400260,,21400,260,2,0,[0|0],2140260,0,0,0,6,0,[0|0]
221400270,,21400,270,2,0,[0|0],2140270,0,0,0,6,0,[0|0]
221400280,,21400,280,2,0,[0|0],2140280,0,0,0,6,0,[0|0]
221400281,,21400,281,2,0,[0|0],2140281,0,0,0,6,0,[0|0]
221400282,,21400,282,2,0,[0|0],2140282,0,0,0,6,0,[0|0]
221400290,,21400,290,2,1,[0|0],2140290,0,0,0,6,0,[0|0]
221400400,,21400,400,2,0,[0|0],2140400,0,0,0,6,0,[0|0]
221400410,,21400,410,2,0,[0|0],2140410,0,0,0,6,0,[0|0]
221400420,,21400,420,2,0,[0|0],2140420,0,0,0,6,0,[0|0]
221400430,,21400,430,2,0,[0|0],2140430,0,0,0,6,0,[0|0]
221400440,,21400,440,2,0,[0|0],2140440,0,0,0,6,0,[0|0]
221400441,,21400,441,2,0,[0|0],2140441,0,0,0,6,0,[0|0]
221400500,,21400,500,2,0,[0|0],2140500,0,0,0,6,0,[0|0]
221400510,,21400,510,2,1,[0|0],2140510,0,0,0,6,0,[0|0]
221400511,,21400,511,2,1,[0|0],2140511,0,0,0,6,0,[0|0]
221400512,,21400,512,2,1,[0|0],2140512,0,0,0,6,0,[0|0]
221400513,,21400,513,2,1,[0|0],2140513,0,0,0,6,0,[0|0]
221400514,,21400,514,2,1,[0|0],2140514,0,0,0,6,0,[0|0]
221400520,,21400,520,2,1,[0|0],2140520,0,0,0,6,0,[0|0]
221400530,,21400,530,2,1,[0|0],2140530,0,0,0,6,0,[0|0]
221400800,,21400,800,2,0,[0|0],2140800,0,0,0,6,0,[0|0]
221400810,,21400,810,2,0,[0|0],2140810,0,0,0,6,0,[0|0]
221400820,,21400,820,2,0,[0|0],2140820,0,0,0,6,0,[0|0]
221400830,,21400,830,2,0,[0|0],2140830,0,0,0,6,0,[0|0]
221400840,,21400,840,2,0,[0|0],2140840,0,0,0,6,0,[0|0]
221400850,,21400,850,2,0,[0|0],2140850,0,0,0,6,0,[0|0]
221400860,,21400,860,2,0,[0|0],2140860,0,0,0,6,0,[0|0]
221400870,,21400,870,2,0,[0|0],2140870,0,0,0,6,0,[0|0]
221400880,,21400,880,2,0,[0|0],2140880,0,0,0,6,0,[0|0]
221400881,,21400,881,2,0,[0|0],2140881,0,0,0,6,0,[0|0]
221400890,,21400,890,2,0,[0|0],2140890,0,0,0,6,0,[0|0]
221400900,,21400,900,2,0,[0|0],2140900,0,0,0,6,0,[0|0]
221400901,,21400,901,2,0,[0|0],2140901,0,0,0,6,0,[0|0]
221400910,,21400,910,2,0,[0|0],2140910,0,0,0,6,0,[0|0]
221400920,,21400,920,2,0,[0|0],2140920,0,0,0,6,0,[0|0]
221400930,,21400,930,2,0,[0|0],2140930,0,0,0,6,0,[0|0]
221400940,,21400,940,2,0,[0|0],2140940,0,0,0,6,0,[0|0]
221400941,,21400,941,2,0,[0|0],2140941,0,0,0,6,0,[0|0]
221400950,,21400,950,2,0,[0|0],2140950,0,0,0,6,0,[0|0]
221400951,,21400,951,2,0,[0|0],2140951,0,0,0,6,0,[0|0]
221400952,,21400,952,2,0,[0|0],2140952,0,0,0,6,0,[0|0]
221400960,,21400,960,2,0,[0|0],2140960,0,0,0,6,0,[0|0]
221400970,,21400,970,2,0,[0|0],2140970,0,0,0,6,0,[0|0]
221400980,,21400,980,2,0,[0|0],2140980,0,0,0,6,0,[0|0]
221400981,,21400,981,2,0,[0|0],2140981,0,0,0,6,0,[0|0]
221400982,,21400,982,2,0,[0|0],2140982,0,0,0,6,0,[0|0]
221400990,,21400,990,2,0,[0|0],2140990,0,0,0,6,0,[0|0]
221400995,,21400,995,2,0,[0|0],2140995,0,0,0,6,0,[0|0]
221500010,,21500,10,2,1,[0|0],2150010,0,0,0,6,0,[0|0]
221500020,,21500,20,2,1,[0|0],2150020,0,0,0,6,0,[0|0]
221800100,,21800,100,2,1,[0|0],2180100,0,0,0,6,0,[0|0]
221800110,,21800,110,2,1,[0|0],2180110,0,0,0,6,0,[0|0]
221800115,,21800,115,2,1,[0|0],2180115,0,0,0,6,0,[0|0]
221800130,,21800,130,2,0,[0|0],2180130,0,0,0,6,0,[0|0]
221800131,,21800,131,2,0,[0|0],2180131,0,0,0,6,0,[0|0]
221800132,,21800,132,2,0,[0|0],2180132,0,0,0,6,0,[0|0]
221800133,,21800,133,2,0,[0|0],2180133,0,0,0,6,0,[0|0]
221800140,,21800,140,2,0,[0|0],2180140,0,0,0,6,0,[0|0]
221800150,,21800,150,2,0,[0|0],2180150,0,0,0,6,0,[0|0]
221800151,,21800,151,2,0,[0|0],2180151,0,0,0,6,0,[0|0]
221800160,,21800,160,2,0,[0|0],2180160,0,0,0,6,0,[0|0]
221800170,,21800,170,2,0,[0|0],2180170,0,0,0,6,0,[0|0]
221800180,,21800,180,2,1,[0|0],2180180,0,0,0,6,0,[0|0]
221800185,,21800,185,2,0,[0|0],2180185,0,0,0,6,0,[0|0]
221800186,,21800,186,2,0,[0|0],2180186,0,0,0,6,0,[0|0]
221800210,,21800,210,2,1,[0|0],2180210,0,0,0,6,0,[0|0]
221800215,,21800,215,2,0,[0|0],2180215,0,0,0,6,0,[0|0]
221800220,,21800,220,2,0,[0|0],2180220,0,0,0,6,0,[0|0]
221800250,,21800,250,2,1,[0|0],2180250,0,0,0,6,0,[0|0]
221800255,,21800,255,2,0,[0|0],2180255,0,0,0,6,0,[0|0]
221800260,,21800,260,2,1,[0|0],2180260,0,0,0,6,0,[0|0]
221800265,,21800,265,2,0,[0|0],2180265,0,0,0,6,0,[0|0]
221800300,,21800,300,2,0,[0|0],2180300,0,0,0,6,0,[0|0]
221800310,,21800,310,2,0,[0|0],2180310,0,0,0,6,0,[0|0]
221800320,,21800,320,2,1,[0|0],2180320,0,0,0,6,0,[0|0]
221800322,,21800,322,2,1,[0|0],2180322,0,0,0,6,0,[0|0]
221800325,,21800,325,2,0,[0|0],2180325,0,0,0,6,0,[0|0]
221800326,,21800,326,2,0,[0|0],2180326,0,0,0,6,0,[0|0]
221800327,,21800,327,2,0,[0|0],2180327,0,0,0,6,0,[0|0]
221800330,,21800,330,2,1,[0|0],2180330,0,0,0,6,0,[0|0]
221800332,,21800,332,2,1,[0|0],2180332,0,0,0,6,0,[0|0]
221800335,,21800,335,2,0,[0|0],2180335,0,0,0,6,0,[0|0]
221800336,,21800,336,2,0,[0|0],2180336,0,0,0,6,0,[0|0]
221800340,,21800,340,2,1,[0|0],2180340,0,0,0,6,0,[0|0]
221800342,,21800,342,2,1,[0|0],2180342,0,0,0,6,0,[0|0]
221800345,,21800,345,2,0,[0|0],2180345,0,0,0,6,0,[0|0]
221800346,,21800,346,2,0,[0|0],2180346,0,0,0,6,0,[0|0]
221800500,,21800,500,2,1,[0|0],2180500,0,0,0,6,0,[0|0]
221800505,,21800,505,2,1,[0|0],2180505,0,0,0,6,0,[0|0]
221800900,,21800,900,2,1,[0|0],2180900,0,0,0,6,0,[0|0]
221800910,,21800,910,2,1,[0|0],2180910,0,0,0,6,0,[0|0]
221800920,,21800,920,2,1,[0|0],2180920,0,0,0,6,0,[0|0]
221800950,,21800,950,2,1,[0|0],2180950,0,0,0,6,0,[0|0]
221800955,,21800,955,2,1,[0|0],2180955,0,0,0,6,0,[0|0]
221800960,,21800,960,2,1,[0|0],2180960,0,0,0,6,0,[0|0]
221800970,,21800,970,2,1,[0|0],2180970,0,0,0,6,0,[0|0]
221800980,,21800,980,2,1,[0|0],2180980,0,0,0,6,0,[0|0]
221800990,,21800,990,2,1,[0|0],2180990,0,0,0,6,0,[0|0]
221900100,,21900,100,2,0,[0|0],2190100,0,0,0,6,0,[0|0]
221900110,,21900,110,2,0,[0|0],2190110,0,0,0,6,0,[0|0]
221900120,,21900,120,2,0,[0|0],2190120,0,0,0,6,0,[0|0]
221900121,,21900,121,2,0,[0|0],2190121,0,0,0,6,0,[0|0]
221900130,,21900,130,2,0,[0|0],2190130,0,0,0,6,0,[0|0]
221900131,,21900,131,2,0,[0|0],2190131,0,0,0,6,0,[0|0]
221900140,,21900,140,2,0,[0|0],2190140,0,0,0,6,0,[0|0]
221900150,,21900,150,2,0,[0|0],2190150,0,0,0,6,0,[0|0]
221900160,,21900,160,2,0,[0|0],2190160,0,0,0,6,0,[0|0]
221900161,,21900,161,2,1,[0|0],2190161,0,0,0,6,0,[0|0]
221900170,,21900,170,2,0,[0|0],2190170,0,0,0,6,0,[0|0]
221900180,,21900,180,2,0,[0|0],2190180,0,0,0,6,0,[0|0]
221900181,,21900,181,2,0,[0|0],2190181,0,0,0,6,0,[0|0]
221900190,,21900,190,2,0,[0|0],2190190,0,0,0,6,0,[0|0]
221900200,,21900,200,2,0,[0|0],2190200,0,0,0,6,0,[0|0]
221900201,,21900,201,2,1,[0|0],2190201,0,0,0,6,0,[0|0]
221900210,,21900,210,2,0,[0|0],2190210,0,0,0,6,0,[0|0]
221900220,,21900,220,2,0,[0|0],2190220,0,0,0,6,0,[0|0]
221900230,,21900,230,2,0,[0|0],2190230,0,0,0,6,0,[0|0]
221900240,,21900,240,2,0,[0|0],2190240,0,0,0,6,0,[0|0]
221900241,,21900,241,2,0,[0|0],2190241,0,0,0,6,0,[0|0]
221900242,,21900,242,2,0,[0|0],2190242,0,0,0,6,0,[0|0]
221900243,,21900,243,2,1,[0|0],2190243,0,0,0,6,0,[0|0]
221900245,,21900,245,2,1,[0|0],2190245,0,0,0,6,0,[0|0]
221900250,,21900,250,2,1,[0|0],2190250,0,0,0,6,0,[0|0]
221900260,,21900,260,2,0,[0|0],2190260,0,0,0,6,0,[0|0]
221900261,,21900,261,2,1,[0|0],2190261,0,0,0,6,0,[0|0]
221900265,,21900,265,2,0,[0|0],2190261,0,0,0,6,0,[0|0]
221900280,,21900,280,2,0,[0|0],2190280,0,0,0,6,0,[0|0]
221900281,,21900,281,2,1,[0|0],2190281,0,0,0,6,0,[0|0]
221900290,,21900,290,2,0,[0|0],2190290,0,0,0,6,0,[0|0]
221900291,,21900,291,2,1,[0|0],2190291,0,0,0,6,0,[0|0]
221900292,,21900,292,2,1,[0|0],2190292,0,0,0,6,0,[0|0]
221900300,,21900,300,2,0,[0|0],2190300,0,0,0,6,0,[0|0]
221900310,,21900,310,2,1,[0|0],2190310,0,0,0,6,0,[0|0]
221900330,,21900,330,2,1,[0|0],2190330,0,0,0,6,0,[0|0]
221900340,,21900,340,2,1,[0|0],2190340,0,0,0,6,0,[0|0]
221900350,,21900,350,2,0,[0|0],2190350,0,0,0,6,0,[0|0]
221900360,,21900,360,2,1,[0|0],2190360,0,0,0,6,0,[0|0]
221900365,,21900,365,2,1,[0|0],2190365,0,0,0,6,0,[0|0]
221900370,,21900,370,2,0,[0|0],2190370,0,0,0,6,0,[0|0]
221900371,,21900,371,2,1,[0|0],2190371,0,0,0,6,0,[0|0]
221900372,,21900,372,2,1,[0|0],2190372,0,0,0,6,0,[0|0]
221900380,,21900,380,2,0,[0|0],2190380,0,0,0,6,0,[0|0]
221900381,,21900,381,2,1,[0|0],2190381,0,0,0,6,0,[0|0]
221900382,,21900,382,2,1,[0|0],2190382,0,0,0,6,0,[0|0]
221900390,,21900,390,2,1,[0|0],2190390,0,0,0,6,0,[0|0]
221900400,,21900,400,2,0,[0|0],2190400,0,0,0,6,0,[0|0]
221900401,,21900,401,2,1,[0|0],2190401,0,0,0,6,0,[0|0]
221900420,,21900,420,2,1,[0|0],2190420,0,0,0,6,0,[0|0]
221900425,,21900,425,2,1,[0|0],2190425,0,0,0,6,0,[0|0]
221900430,,21900,430,2,1,[0|0],2190430,0,0,0,6,0,[0|0]
221900440,,21900,440,2,1,[0|0],2190440,0,0,0,6,0,[0|0]
221900450,,21900,450,2,1,[0|0],2190450,0,0,0,6,0,[0|0]
221900451,,21900,451,2,1,[0|0],2190451,0,0,0,6,0,[0|0]
221900500,,21900,500,2,0,[0|0],2190500,0,0,0,6,0,[0|0]
221900510,,21900,510,2,1,[0|0],2190510,0,0,0,6,0,[0|0]
221900520,,21900,520,2,1,[0|0],2190520,0,0,0,6,0,[0|0]
221900530,,21900,530,2,1,[0|0],2190530,0,0,0,6,0,[0|0]
221900540,,21900,540,2,1,[0|0],2190540,0,0,0,6,0,[0|0]
221900600,,21900,600,2,1,[0|0],2190600,0,0,0,6,0,[0|0]
221900610,,21900,610,2,1,[0|0],2190610,0,0,0,6,0,[0|0]
221900620,,21900,620,2,1,[0|0],2190620,0,0,0,6,0,[0|0]
221900999,,21900,999,2,1,[0|0],2190999,0,0,0,6,0,[0|0]
222000100,,22000,100,2,1,[0|0],2200100,0,0,0,6,0,[0|0]
222000110,,22000,110,2,0,[0|0],2200110,0,0,0,6,0,[0|0]
222000120,,22000,120,2,0,[0|0],2200120,0,0,0,6,0,[0|0]
222000130,,22000,130,2,0,[0|0],2200130,0,0,0,6,0,[0|0]
222000131,,22000,131,2,0,[0|0],2200131,0,0,0,6,0,[0|0]
222000140,,22000,140,2,0,[0|0],2200140,0,0,0,6,0,[0|0]
222000150,,22000,150,2,0,[0|0],2200150,0,0,0,6,0,[0|0]
222000160,,22000,160,2,0,[0|0],2200160,0,0,0,6,0,[0|0]
222000170,,22000,170,2,0,[0|0],2200170,0,0,0,6,0,[0|0]
222000190,,22000,190,2,1,[0|0],2200190,0,0,0,6,0,[0|0]
222000200,,22000,200,2,0,[0|0],2200200,0,0,0,6,0,[0|0]
222000210,,22000,210,2,0,[0|0],2200210,0,0,0,6,0,[0|0]
222000211,,22000,211,2,0,[0|0],2200211,0,0,0,6,0,[0|0]
222000212,,22000,212,2,1,[0|0],2200212,0,0,0,6,0,[0|0]
222000213,,22000,213,2,0,[0|0],2200213,0,0,0,6,0,[0|0]
222000214,,22000,214,2,1,[0|0],2200214,0,0,0,6,0,[0|0]
222000220,,22000,220,2,0,[0|0],2200220,0,0,0,6,0,[0|0]
222000221,,22000,221,2,1,[0|0],2200221,0,0,0,6,0,[0|0]
222000222,,22000,222,2,1,[0|0],2200222,0,0,0,6,0,[0|0]
222000223,,22000,223,2,1,[0|0],2200223,0,0,0,6,0,[0|0]
222000224,,22000,224,2,1,[0|0],2200224,0,0,0,6,0,[0|0]
222000225,,22000,225,2,1,[0|0],2200225,0,0,0,6,0,[0|0]
222000230,,22000,230,2,1,[0|0],2200230,0,0,0,6,0,[0|0]
222000231,,22000,231,2,1,[0|0],2200231,0,0,0,6,0,[0|0]
222000250,,22000,250,2,0,[0|0],2200250,0,0,0,6,0,[0|0]
222000251,,22000,251,2,0,[0|0],2200251,0,0,0,6,0,[0|0]
222000252,,22000,252,2,0,[0|0],2200252,0,0,0,6,0,[0|0]
222000253,,22000,253,2,0,[0|0],2200253,0,0,0,6,0,[0|0]
222000260,,22000,260,2,0,[0|0],2200260,0,0,0,6,0,[0|0]
222000270,,22000,270,2,0,[0|0],2200270,0,0,0,6,0,[0|0]
222000280,,22000,280,2,0,[0|0],2200280,0,0,0,6,0,[0|0]
222000281,,22000,281,2,0,[0|0],2200281,0,0,0,6,0,[0|0]
222000290,,22000,290,2,0,[0|0],2200290,0,0,0,6,0,[0|0]
222000291,,22000,291,2,0,[0|0],2200291,0,0,0,6,0,[0|0]
222000292,,22000,292,2,0,[0|0],2200292,0,0,0,6,0,[0|0]
222000293,,22000,293,2,0,[0|0],2200293,0,0,0,6,0,[0|0]
222000294,,22000,294,2,1,[0|0],2200294,0,0,0,6,0,[0|0]
222000295,,22000,295,2,1,[0|0],2200295,0,0,0,6,0,[0|0]
222000296,,22000,296,2,1,[0|0],2200296,0,0,0,6,0,[0|0]
222000297,,22000,297,2,1,[0|0],2200297,0,0,0,6,0,[0|0]
222000300,,22000,300,2,1,[0|0],2200300,0,0,0,6,0,[0|0]
222000310,,22000,310,2,1,[0|0],2200310,0,0,0,6,0,[0|0]
222000311,,22000,311,2,1,[0|0],2200311,0,0,0,6,0,[0|0]
222000330,,22000,330,2,1,[0|0],2200330,0,0,0,6,0,[0|0]
222000340,,22000,340,2,0,[0|0],2200340,0,0,0,6,0,[0|0]
222000360,,22000,360,2,1,[0|0],2200360,0,0,0,6,0,[0|0]
222000365,,22000,365,2,1,[0|0],2200365,0,0,0,6,0,[0|0]
222000366,,22000,366,2,1,[0|0],2200366,0,0,0,6,0,[0|0]
222000367,,22000,367,2,1,[0|0],2200367,0,0,0,6,0,[0|0]
222000370,,22000,370,2,1,[0|0],2200370,0,0,0,6,0,[0|0]
222000373,,22000,373,2,1,[0|0],2200373,0,0,0,6,0,[0|0]
222000376,,22000,376,2,1,[0|0],2200376,0,0,0,6,0,[0|0]
222000380,,22000,380,2,0,[0|0],2200380,0,0,0,6,0,[0|0]
222000390,,22000,390,2,1,[0|0],2200390,0,0,0,6,0,[0|0]
222000400,,22000,400,2,0,[0|0],2200400,0,0,0,6,0,[0|0]
222000401,,22000,401,2,0,[0|0],2200401,0,0,0,6,0,[0|0]
222000402,,22000,402,2,1,[0|0],2200402,0,0,0,6,0,[0|0]
222000410,,22000,410,2,1,[0|0],2200410,0,0,0,6,0,[0|0]
222000415,,22000,415,2,1,[0|0],2200415,0,0,0,6,0,[0|0]
222000420,,22000,420,2,1,[0|0],2200420,0,0,0,6,0,[0|0]
222000423,,22000,423,2,1,[0|0],2200423,0,0,0,6,0,[0|0]
222000425,,22000,425,2,1,[0|0],2200425,0,0,0,6,0,[0|0]
222000427,,22000,427,2,1,[0|0],2200427,0,0,0,6,0,[0|0]
222000430,,22000,430,2,1,[0|0],2200430,0,0,0,6,0,[0|0]
222000440,,22000,440,2,0,[0|0],2200440,0,0,0,6,0,[0|0]
222000450,,22000,450,2,1,[0|0],2200450,0,0,0,6,0,[0|0]
222000460,,22000,460,2,1,[0|0],2200460,0,0,0,6,0,[0|0]
222000500,,22000,500,2,0,[0|0],2200500,0,0,0,6,0,[0|0]
222000510,,22000,510,2,1,[0|0],2200510,0,0,0,6,0,[0|0]
222000520,,22000,520,2,1,[0|0],2200520,0,0,0,6,0,[0|0]
222000521,,22000,521,2,1,[0|0],2200521,0,0,0,6,0,[0|0]
222000522,,22000,522,2,1,[0|0],2200522,0,0,0,6,0,[0|0]
222000523,,22000,523,2,1,[0|0],2200523,0,0,0,6,0,[0|0]
222000524,,22000,524,2,1,[0|0],2200524,0,0,0,6,0,[0|0]
222000525,,22000,525,2,1,[0|0],2200525,0,0,0,6,0,[0|0]
222000526,,22000,526,2,1,[0|0],2200526,0,0,0,6,0,[0|0]
222000527,,22000,527,2,1,[0|0],2200527,0,0,0,6,0,[0|0]
222000528,,22000,528,2,1,[0|0],2200528,0,0,0,6,0,[0|0]
222000529,,22000,529,2,1,[0|0],2200529,0,0,0,6,0,[0|0]
222000530,,22000,530,2,1,[0|0],2200530,0,0,0,6,0,[0|0]
222000531,,22000,531,2,1,[0|0],2200531,0,0,0,6,0,[0|0]
222000600,,22000,600,2,1,[0|0],2200600,0,0,0,6,0,[0|0]
222000610,,22000,610,2,1,[0|0],2200610,0,0,0,6,0,[0|0]
222000620,,22000,620,2,1,[0|0],2200620,0,0,0,6,0,[0|0]
222000630,,22000,630,2,1,[0|0],2200630,0,0,0,6,0,[0|0]
222000900,,22000,900,2,0,[0|0],2200900,0,0,0,6,0,[0|0]
222000999,,22000,999,2,1,[0|0],2200999,0,0,0,6,0,[0|0]
222700010,,22700,10,2,0,[0|0],2270010,0,0,0,6,0,[0|0]
222700020,,22700,20,2,0,[0|0],2270020,0,0,0,6,0,[0|0]
222700030,,22700,30,2,0,[0|0],2270030,0,0,0,6,0,[0|0]
222700040,,22700,40,2,0,[0|0],2270040,0,0,0,7,0,[0|0]
222700050,,22700,50,2,0,[0|0],2270050,0,0,0,7,0,[0|0]
222700060,,22700,60,2,0,[0|0],2270060,0,0,0,7,0,[0|0]
222700080,,22700,80,2,0,[0|0],2270080,0,0,0,6,0,[0|0]
222700090,,22700,90,2,0,[0|0],2270090,0,0,0,7,0,[0|0]
222700091,,22700,91,2,0,[0|0],2270091,0,0,0,6,0,[0|0]
222700092,,22700,92,2,0,[0|0],2270092,0,0,0,7,0,[0|0]
222700093,,22700,93,2,0,[0|0],2270093,0,0,0,6,0,[0|0]
222700100,,22700,100,2,0,[0|0],2270100,0,0,0,6,0,[0|0]
222700110,,22700,110,2,1,[0|0],2270110,0,0,0,6,0,[0|0]
222700120,,22700,120,2,0,[0|0],2270120,0,0,0,6,0,[0|0]
222700130,,22700,130,2,0,[0|0],2270130,0,0,0,6,0,[0|0]
222700140,,22700,140,2,0,[0|0],2270140,0,0,0,7,0,[0|0]
222700150,,22700,150,2,0,[0|0],2270150,0,0,0,7,0,[0|0]
222700160,,22700,160,2,0,[0|0],2270160,0,0,0,6,0,[0|0]
222700170,,22700,170,2,0,[0|0],2270170,0,0,0,6,0,[0|0]
222700180,,22700,180,2,0,[0|0],2270180,0,0,0,7,0,[0|0]
222700190,,22700,190,2,0,[0|0],2270190,0,0,0,7,0,[0|0]
222700200,,22700,200,2,0,[0|0],2270200,0,0,0,6,0,[0|0]
222700201,,22700,201,2,0,[0|0],2270201,0,0,0,6,0,[0|0]
222700202,,22700,202,2,0,[0|0],2270202,0,0,0,6,0,[0|0]
222700210,,22700,210,2,1,[0|0],2270210,0,0,0,6,0,[0|0]
222700211,,22700,211,2,1,[0|0],2270211,0,0,0,6,0,[0|0]
222700220,,22700,220,2,1,[0|0],2270220,0,0,0,6,0,[0|0]
222700221,,22700,221,2,1,[0|0],2270221,0,0,0,6,0,[0|0]
222700222,,22700,222,2,1,[0|0],2270222,0,0,0,6,0,[0|0]
222700250,,22700,250,2,1,[0|0],2270250,0,0,0,6,0,[0|0]
222700255,,22700,255,2,1,[0|0],2270255,0,0,0,6,0,[0|0]
222700260,,22700,260,2,1,[0|0],2270260,0,0,0,6,0,[0|0]
222700990,,22700,990,2,0,[0|0],2270990,0,0,0,6,0,[0|0]
222700995,,22700,995,2,0,[0|0],2270995,0,0,0,6,0,[0|0]
222710010,,22710,10,2,0,[0|0],2271010,0,0,0,6,0,[0|0]
222710020,,22710,20,2,0,[0|0],2271020,0,0,0,7,0,[0|0]
222710030,,22710,30,2,0,[0|0],2271030,0,0,0,6,0,[0|0]
222710031,,22710,31,2,0,[0|0],2271031,0,0,0,7,0,[0|0]
222710040,,22710,40,2,0,[0|0],2271040,0,0,0,6,0,[0|0]
222710050,,22710,50,2,0,[0|0],2271050,0,0,0,7,0,[0|0]
222710100,,22710,100,2,1,[0|0],9460000,0,0,0,6,0,[0|0]
225000100,,25000,100,2,0,[0|0],2500100,0,0,0,6,0,[0|0]
225000110,,25000,110,2,0,[0|0],2500110,0,0,0,6,0,[0|0]
225000120,,25000,120,2,0,[0|0],2500120,0,0,0,6,0,[0|0]
225000130,,25000,130,2,0,[0|0],2500130,0,0,0,6,0,[0|0]
225000140,,25000,140,2,0,[0|0],2500140,0,0,0,6,0,[0|0]
225000150,,25000,150,2,0,[0|0],2500150,0,0,0,6,0,[0|0]
225000160,,25000,160,2,0,[0|0],2500160,0,0,0,6,0,[0|0]
225000170,,25000,170,2,0,[0|0],2500170,0,0,0,6,0,[0|0]
225000180,,25000,180,2,1,[0|0],2500180,0,0,0,6,0,[0|0]
225000181,,25000,181,2,1,[0|0],2500181,0,0,0,6,0,[0|0]
225000182,,25000,182,2,1,[0|0],2500182,0,0,0,6,0,[0|0]
225000190,,25000,190,2,0,[0|0],2500190,0,0,0,6,0,[0|0]
225000200,,25000,200,2,0,[0|0],2500200,0,0,0,6,0,[0|0]
225000201,,25000,201,2,0,[0|0],2500201,0,0,0,6,0,[0|0]
225000210,,25000,210,2,1,[0|0],2500210,0,0,0,6,0,[0|0]
225000220,,25000,220,2,1,[0|0],2500220,0,0,0,6,0,[0|0]
225000221,,25000,221,2,1,[0|0],2500221,0,0,0,6,0,[0|0]
225000222,,25000,222,2,1,[0|0],2500222,0,0,0,6,0,[0|0]
225000230,,25000,230,2,0,[0|0],2500230,0,0,0,6,0,[0|0]
225000240,,25000,240,2,1,[0|0],2500240,0,0,0,6,0,[0|0]
225000250,,25000,250,2,1,[0|0],2500250,0,0,0,6,0,[0|0]
225000251,,25000,251,2,1,[0|0],2500251,0,0,0,6,0,[0|0]
225000252,,25000,252,2,1,[0|0],2500252,0,0,0,6,0,[0|0]
225000254,,25000,254,2,0,[0|0],2500254,0,0,0,6,0,[0|0]
225000260,,25000,260,2,0,[0|0],2500260,0,0,0,6,0,[0|0]
225000261,,25000,261,2,0,[0|0],2500261,0,0,0,6,0,[0|0]
225000270,,25000,270,2,0,[0|0],2500270,0,0,0,6,0,[0|0]
225000271,,25000,271,2,1,[0|0],2500271,0,0,0,6,0,[0|0]
225000400,,25000,400,2,0,[0|0],2500400,0,0,0,6,0,[0|0]
225000410,,25000,410,2,0,[0|0],2500410,0,0,0,6,0,[0|0]
225000420,,25000,420,2,0,[0|0],2500420,0,0,0,6,0,[0|0]
225000430,,25000,430,2,0,[0|0],2500430,0,0,0,6,0,[0|0]
225000431,,25000,431,2,0,[0|0],2500431,0,0,0,6,0,[0|0]
225000440,,25000,440,2,1,[0|0],2500440,0,0,0,6,0,[0|0]
225000441,,25000,441,2,1,[0|0],2500441,0,0,0,6,0,[0|0]
225000442,,25000,442,2,1,[0|0],2500442,0,0,0,6,0,[0|0]
225000443,,25000,443,2,1,[0|0],2500443,0,0,0,6,0,[0|0]
225000450,,25000,450,2,0,[0|0],2500450,0,0,0,6,0,[0|0]
225000460,,25000,460,2,0,[0|0],2500460,0,0,0,6,0,[0|0]
225000470,,25000,470,2,0,[0|0],2500470,0,0,0,6,0,[0|0]
225000480,,25000,480,2,0,[0|0],2500480,0,0,0,6,0,[0|0]
225000481,,25000,481,2,1,[0|0],2500481,0,0,0,6,0,[0|0]
225000482,,25000,482,2,1,[0|0],2500482,0,0,0,6,0,[0|0]
225000490,,25000,490,2,0,[0|0],2500490,0,0,0,6,0,[0|0]
225000500,,25000,500,2,0,[0|0],2500500,0,0,0,6,0,[0|0]
225000501,,25000,501,2,1,[0|0],2500501,0,0,0,6,0,[0|0]
225000510,,25000,510,2,0,[0|0],2500510,0,0,0,6,0,[0|0]
225000520,,25000,520,2,0,[0|0],2500520,0,0,0,6,0,[0|0]
225000530,,25000,530,2,0,[0|0],2500530,0,0,0,6,0,[0|0]
225000540,,25000,540,2,0,[0|0],2500540,0,0,0,6,0,[0|0]
225000550,,25000,550,2,0,[0|0],2500550,0,0,0,6,0,[0|0]
225000560,,25000,560,2,0,[0|0],2500560,0,0,0,6,0,[0|0]
225000570,,25000,570,2,0,[0|0],2500570,0,0,0,6,0,[0|0]
225000580,,25000,580,2,0,[0|0],2500580,0,0,0,6,0,[0|0]
225000581,,25000,581,2,0,[0|0],2500581,0,0,0,6,0,[0|0]
225000590,,25000,590,2,1,[0|0],2500590,0,0,0,6,0,[0|0]
225000591,,25000,591,2,1,[0|0],2500591,0,0,0,6,0,[0|0]
225000592,,25000,592,2,1,[0|0],2500592,0,0,0,6,0,[0|0]
225000594,,25000,594,2,0,[0|0],2500594,0,0,0,6,0,[0|0]
225000600,,25000,600,2,0,[0|0],2500600,0,0,0,6,0,[0|0]
225000610,,25000,610,2,1,[0|0],2500610,0,0,0,6,0,[0|0]
225000620,,25000,620,2,0,[0|0],2500620,0,0,0,6,0,[0|0]
225000800,,25000,800,2,0,[0|0],2500800,0,0,0,6,0,[0|0]
225000810,,25000,810,2,0,[0|0],2500810,0,0,0,6,0,[0|0]
225000820,,25000,820,2,0,[0|0],2500820,0,0,0,6,0,[0|0]
225000830,,25000,830,2,0,[0|0],2500830,0,0,0,6,0,[0|0]
225000900,,25000,900,2,0,[0|0],2500900,0,0,0,6,0,[0|0]
230000100,,30000,100,2,0,[0|0],3000100,0,0,0,6,0,[0|0]
230000101,,30000,101,2,0,[0|0],3000101,0,0,0,6,0,[0|0]
230000102,,30000,102,2,0,[0|0],3000102,0,0,0,6,0,[0|0]
230000110,,30000,110,2,0,[0|0],3000110,0,0,0,6,0,[0|0]
230000120,,30000,120,2,1,[0|0],3000120,0,0,0,6,0,[0|0]
230000130,,30000,130,2,1,[0|0],3000130,0,0,0,6,0,[0|0]
230000140,,30000,140,2,1,[0|0],3000140,0,0,0,6,0,[0|0]
230000150,,30000,150,2,1,[0|0],3000150,0,0,0,6,0,[0|0]
230000160,,30000,160,2,0,[0|0],3000160,0,0,0,6,0,[0|0]
230000161,,30000,161,2,0,[0|0],3000161,0,0,0,6,0,[0|0]
230000162,,30000,162,2,0,[0|0],3000162,0,0,0,6,0,[0|0]
230000163,,30000,163,2,0,[0|0],3000163,0,0,0,6,0,[0|0]
230000164,,30000,164,2,0,[0|0],3000164,0,0,0,6,0,[0|0]
230000165,,30000,165,2,0,[0|0],3000165,0,0,0,6,0,[0|0]
230000166,,30000,166,2,0,[0|0],3000166,0,0,0,6,0,[0|0]
230000170,,30000,170,2,0,[0|0],3000170,0,0,0,6,0,[0|0]
230000180,,30000,180,2,0,[0|0],3000180,0,0,0,6,0,[0|0]
230000190,,30000,190,2,0,[0|0],3000190,0,0,0,6,0,[0|0]
230000200,,30000,200,2,1,[0|0],3000200,0,0,0,6,0,[0|0]
230000210,,30000,210,2,0,[0|0],3000210,0,0,0,6,0,[0|0]
230000300,,30000,300,2,0,[0|0],3000300,0,0,0,6,0,[0|0]
230000310,,30000,310,2,0,[0|0],3000310,0,0,0,6,0,[0|0]
230000320,,30000,320,2,0,[0|0],3000320,0,0,0,6,0,[0|0]
230000330,,30000,330,2,0,[0|0],3000330,0,0,0,6,0,[0|0]
230000340,,30000,340,2,0,[0|0],3000340,0,0,0,6,0,[0|0]
230000350,,30000,350,2,0,[0|0],3000350,0,0,0,6,0,[0|0]
230000360,,30000,360,2,0,[0|0],3000360,0,0,0,6,0,[0|0]
230000400,,30000,400,2,0,[0|0],3000400,0,0,0,6,0,[0|0]
230000410,,30000,410,2,0,[0|0],3000410,0,0,0,6,0,[0|0]
230000420,,30000,420,2,0,[0|0],3000420,0,0,0,6,0,[0|0]
230000425,,30000,425,2,1,[0|0],3000425,0,0,0,6,0,[0|0]
230000430,,30000,430,2,0,[0|0],3000430,0,0,0,6,0,[0|0]
230000440,,30000,440,2,1,[0|0],3000440,0,0,0,6,0,[0|0]
230000450,,30000,450,2,0,[0|0],3000450,0,0,0,6,0,[0|0]
230000500,,30000,500,2,0,[0|0],3000500,0,0,0,6,0,[0|0]
230000501,,30000,501,2,1,[0|0],3000501,0,0,0,6,0,[0|0]
230100100,,30100,100,2,0,[0|0],3010100,0,0,0,6,0,[0|0]
230100110,,30100,110,2,0,[0|0],3010110,0,0,0,6,0,[0|0]
230100120,,30100,120,2,0,[0|0],3010120,0,0,0,6,0,[0|0]
230100130,,30100,130,2,0,[0|0],3010130,0,0,0,6,0,[0|0]
230100131,,30100,131,2,0,[0|0],3010131,0,0,0,6,0,[0|0]
230100135,,30100,135,2,1,[0|0],3010135,0,0,0,6,0,[0|0]
230100136,,30100,136,2,1,[0|0],3010136,0,0,0,6,0,[0|0]
230100140,,30100,140,2,0,[0|0],3010140,0,0,0,6,0,[0|0]
230100150,,30100,150,2,0,[0|0],3010150,0,0,0,6,0,[0|0]
230100160,,30100,160,2,0,[0|0],3010160,0,0,0,6,0,[0|0]
230100170,,30100,170,2,0,[0|0],3010170,0,0,0,6,0,[0|0]
230100180,,30100,180,2,0,[0|0],3010180,0,0,0,6,0,[0|0]
230100181,,30100,181,2,0,[0|0],3010181,0,0,0,6,0,[0|0]
230100185,,30100,185,2,1,[0|0],3010185,0,0,0,6,0,[0|0]
230100190,,30100,190,2,0,[0|0],3010190,0,0,0,6,0,[0|0]
230100210,,30100,210,2,0,[0|0],3010210,0,0,0,6,0,[0|0]
230100211,,30100,211,2,0,[0|0],3010211,0,0,0,6,0,[0|0]
230100212,,30100,212,2,1,[0|0],3010212,0,0,0,6,0,[0|0]
230100213,,30100,213,2,1,[0|0],3010213,0,0,0,6,0,[0|0]
230100220,,30100,220,2,0,[0|0],3010220,0,0,0,6,0,[0|0]
230100221,,30100,221,2,0,[0|0],3010221,0,0,0,6,0,[0|0]
230100225,,30100,225,2,1,[0|0],3010225,0,0,0,6,0,[0|0]
230100226,,30100,226,2,1,[0|0],3010226,0,0,0,6,0,[0|0]
230100230,,30100,230,2,0,[0|0],3010230,0,0,0,6,0,[0|0]
230100231,,30100,231,2,0,[0|0],3010231,0,0,0,6,0,[0|0]
230100235,,30100,235,2,1,[0|0],3010235,0,0,0,6,0,[0|0]
230100240,,30100,240,2,0,[0|0],3010240,0,0,0,6,0,[0|0]
230100245,,30100,245,2,1,[0|0],3010245,0,0,0,6,0,[0|0]
230100250,,30100,250,2,0,[0|0],3010250,0,0,0,6,0,[0|0]
230100255,,30100,255,2,1,[0|0],3010255,0,0,0,6,0,[0|0]
230100280,,30100,280,2,1,[0|0],3010280,0,0,0,6,0,[0|0]
230100290,,30100,290,2,1,[0|0],3010290,0,0,0,6,0,[0|0]
230100399,,30100,399,2,0,[0|0],3010399,0,0,0,6,0,[0|0]
230100400,,30100,400,2,0,[0|0],3010400,0,0,0,7,0,[0|0]
230100410,,30100,410,2,0,[0|0],3010410,0,0,0,6,0,[0|0]
230100411,,30100,411,2,0,[0|0],3010411,0,0,0,6,0,[0|0]
230100420,,30100,420,2,0,[0|0],3010420,0,0,0,6,0,[0|0]
230100421,,30100,421,2,0,[0|0],3010421,0,0,0,7,0,[0|0]
230100430,,30100,430,2,0,[0|0],3010430,0,0,0,7,0,[0|0]
230100431,,30100,431,2,0,[0|0],3010431,0,0,0,6,0,[0|0]
230100440,,30100,440,2,0,[0|0],3010440,0,0,0,6,0,[0|0]
230100450,,30100,450,2,0,[0|0],3010450,0,0,0,6,0,[0|0]
230100490,,30100,490,2,0,[0|0],3010490,0,0,0,6,0,[0|0]
230100491,,30100,491,2,0,[0|0],3010491,0,0,0,7,0,[0|0]
230100492,,30100,492,2,0,[0|0],3010492,0,0,0,6,0,[0|0]
230100500,,30100,500,2,0,[0|0],3010500,0,0,0,6,0,[0|0]
230100501,,30100,501,2,0,[0|0],3010501,0,0,0,6,0,[0|0]
230100502,,30100,502,2,0,[0|0],3010502,0,0,0,6,0,[0|0]
230100520,,30100,520,2,0,[0|0],3010520,0,0,0,6,0,[0|0]
230100525,,30100,525,2,1,[0|0],3010525,0,0,0,6,0,[0|0]
230100530,,30100,530,2,0,[0|0],3010530,0,0,0,6,0,[0|0]
230100531,,30100,531,2,0,[0|0],3010531,0,0,0,6,0,[0|0]
230100532,,30100,532,2,0,[0|0],3010532,0,0,0,6,0,[0|0]
230100540,,30100,540,2,0,[0|0],3010540,0,0,0,6,0,[0|0]
230100541,,30100,541,2,0,[0|0],3010541,0,0,0,6,0,[0|0]
230100542,,30100,542,2,0,[0|0],3010542,0,0,0,6,0,[0|0]
230100560,,30100,560,2,0,[0|0],3010560,0,0,0,6,0,[0|0]
230100561,,30100,561,2,0,[0|0],3010561,0,0,0,6,0,[0|0]
230100562,,30100,562,2,0,[0|0],3010562,0,0,0,6,0,[0|0]
230100570,,30100,570,2,0,[0|0],3010570,0,0,0,6,0,[0|0]
230100580,,30100,580,2,0,[0|0],3010580,0,0,0,6,0,[0|0]
230100581,,30100,581,2,0,[0|0],3010581,0,0,0,7,0,[0|0]
230100582,,30100,582,2,0,[0|0],3010582,0,0,0,6,0,[0|0]
230100583,,30100,583,2,0,[0|0],3010583,0,0,0,7,0,[0|0]
230100584,,30100,584,2,0,[0|0],3010584,0,0,0,6,0,[0|0]
230100585,,30100,585,2,0,[0|0],3010585,0,0,0,7,0,[0|0]
230100586,,30100,586,2,0,[0|0],3010586,0,0,0,6,0,[0|0]
230100587,,30100,587,2,0,[0|0],3010587,0,0,0,6,0,[0|0]
230100588,,30100,588,2,0,[0|0],3010588,0,0,0,6,0,[0|0]
230100610,,30100,610,2,0,[0|0],3010610,0,0,0,6,0,[0|0]
230100700,,30100,700,2,0,[0|0],3010700,0,0,0,6,0,[0|0]
230100710,,30100,710,2,0,[0|0],3010710,0,0,0,6,0,[0|0]
230100720,,30100,720,2,0,[0|0],3010720,0,0,0,6,0,[0|0]
230100730,,30100,730,2,0,[0|0],3010730,0,0,0,6,0,[0|0]
230100740,,30100,740,2,0,[0|0],3010740,0,0,0,6,0,[0|0]
230100741,,30100,741,2,0,[0|0],3010741,0,0,0,6,0,[0|0]
230100750,,30100,750,2,0,[0|0],3010750,0,0,0,6,0,[0|0]
230100760,,30100,760,2,0,[0|0],3010760,0,0,0,6,0,[0|0]
230100770,,30100,770,2,0,[0|0],3010770,0,0,0,6,0,[0|0]
230100780,,30100,780,2,0,[0|0],3010780,0,0,0,6,0,[0|0]
230100781,,30100,781,2,0,[0|0],3010781,0,0,0,6,0,[0|0]
230100790,,30100,790,2,0,[0|0],3010790,0,0,0,6,0,[0|0]
230100795,,30100,795,2,1,[0|0],3010795,0,0,0,6,0,[0|0]
230100800,,30100,800,2,0,[0|0],3010800,0,0,0,6,0,[0|0]
230100801,,30100,801,2,0,[0|0],3010801,0,0,0,6,0,[0|0]
230100810,,30100,810,2,0,[0|0],3010810,0,0,0,6,0,[0|0]
230100815,,30100,815,2,1,[0|0],3010815,0,0,0,6,0,[0|0]
230100820,,30100,820,2,1,[0|0],3010820,0,0,0,6,0,[0|0]
230100830,,30100,830,2,0,[0|0],3010830,0,0,0,6,0,[0|0]
230100831,,30100,831,2,0,[0|0],3010831,0,0,0,6,0,[0|0]
230100840,,30100,840,2,0,[0|0],3010840,0,0,0,6,0,[0|0]
230100841,,30100,841,2,0,[0|0],3010841,0,0,0,6,0,[0|0]
230100842,,30100,842,2,0,[0|0],3010842,0,0,0,6,0,[0|0]
230100845,,30100,845,2,1,[0|0],3010845,0,0,0,6,0,[0|0]
230100847,,30100,847,2,1,[0|0],3010847,0,0,0,6,0,[0|0]
230100850,,30100,850,2,1,[0|0],3010850,0,0,0,6,0,[0|0]
230100860,,30100,860,2,0,[0|0],3010860,0,0,0,6,0,[0|0]
230100861,,30100,861,2,0,[0|0],3010861,0,0,0,6,0,[0|0]
230100870,,30100,870,2,0,[0|0],3010870,0,0,0,6,0,[0|0]
230100871,,30100,871,2,0,[0|0],3010871,0,0,0,6,0,[0|0]
230100872,,30100,872,2,0,[0|0],3010872,0,0,0,6,0,[0|0]
230100875,,30100,875,2,1,[0|0],3010875,0,0,0,6,0,[0|0]
230100877,,30100,877,2,1,[0|0],3010877,0,0,0,6,0,[0|0]
230100880,,30100,880,2,0,[0|0],3010880,0,0,0,6,0,[0|0]
230100885,,30100,885,2,1,[0|0],3010885,0,0,0,6,0,[0|0]
230100920,,30100,920,2,0,[0|0],3010920,0,0,0,6,0,[0|0]
230100925,,30100,925,2,1,[0|0],3010925,0,0,0,6,0,[0|0]
230200100,,30200,100,2,0,[0|0],3020100,0,0,0,6,0,[0|0]
230200110,,30200,110,2,0,[0|0],3020110,0,0,0,6,0,[0|0]
230200120,,30200,120,2,0,[0|0],3020120,0,0,0,6,0,[0|0]
230200130,,30200,130,2,0,[0|0],3020130,0,0,0,6,0,[0|0]
230200140,,30200,140,2,0,[0|0],3020140,0,0,0,6,0,[0|0]
230200200,,30200,200,2,0,[0|0],3020200,0,0,0,6,0,[0|0]
230200201,,30200,201,2,0,[0|0],3020201,0,0,0,6,0,[0|0]
230500100,,30500,100,2,0,[0|0],3050100,0,0,0,6,0,[0|0]
230500110,,30500,110,2,0,[0|0],3050110,0,0,0,6,0,[0|0]
230500120,,30500,120,2,0,[0|0],3050120,0,0,0,6,0,[0|0]
230500130,,30500,130,2,0,[0|0],3050130,0,0,0,6,0,[0|0]
230500140,,30500,140,2,0,[0|0],3050140,0,0,0,6,0,[0|0]
230500150,,30500,150,2,0,[0|0],3050150,0,0,0,6,0,[0|0]
230500160,,30500,160,2,0,[0|0],3050160,0,0,0,6,0,[0|0]
230500170,,30500,170,2,0,[0|0],3050170,0,0,0,6,0,[0|0]
230500180,,30500,180,2,0,[0|0],3050180,0,0,0,6,0,[0|0]
230500181,,30500,181,2,0,[0|0],3050181,0,0,0,6,0,[0|0]
230500190,,30500,190,2,0,[0|0],3050190,0,0,0,6,0,[0|0]
230500195,,30500,195,2,0,[0|0],3050195,0,0,0,6,0,[0|0]
230500200,,30500,200,2,0,[0|0],3050200,0,0,0,6,0,[0|0]
230500201,,30500,201,2,0,[0|0],3050201,0,0,0,6,0,[0|0]
230500202,,30500,202,2,0,[0|0],3050202,0,0,0,6,0,[0|0]
230500203,,30500,203,2,1,[0|0],3050203,0,0,0,6,0,[0|0]
230500205,,30500,205,2,0,[0|0],3050205,0,0,0,6,0,[0|0]
230500206,,30500,206,2,0,[0|0],3050206,0,0,0,6,0,[0|0]
230500207,,30500,207,2,0,[0|0],3050207,0,0,0,6,0,[0|0]
230500208,,30500,208,2,1,[0|0],3050208,0,0,0,6,0,[0|0]
230500210,,30500,210,2,0,[0|0],3050210,0,0,0,6,0,[0|0]
230500220,,30500,220,2,0,[0|0],3050220,0,0,0,6,0,[0|0]
230500230,,30500,230,2,0,[0|0],3050230,0,0,0,6,0,[0|0]
230500235,,30500,235,2,0,[0|0],3050235,0,0,0,6,0,[0|0]
230500240,,30500,240,2,0,[0|0],3050240,0,0,0,6,0,[0|0]
230500245,,30500,245,2,0,[0|0],3050245,0,0,0,6,0,[0|0]
230500250,,30500,250,2,0,[0|0],3050250,0,0,0,6,0,[0|0]
230500255,,30500,255,2,0,[0|0],3050255,0,0,0,6,0,[0|0]
230500280,,30500,280,2,0,[0|0],3050280,0,0,0,6,0,[0|0]
230500281,,30500,281,2,0,[0|0],3050281,0,0,0,6,0,[0|0]
230500290,,30500,290,2,0,[0|0],3050290,0,0,0,6,0,[0|0]
230500291,,30500,291,2,0,[0|0],3050291,0,0,0,6,0,[0|0]
230500310,,30500,310,2,0,[0|0],3050310,0,0,0,6,0,[0|0]
230500360,,30500,360,2,0,[0|0],3050360,0,0,0,6,0,[0|0]
230500361,,30500,361,2,0,[0|0],3050361,0,0,0,6,0,[0|0]
230500362,,30500,362,2,0,[0|0],3050362,0,0,0,6,0,[0|0]
230500365,,30500,365,2,1,[0|0],3050365,0,0,0,6,0,[0|0]
230500370,,30500,370,2,0,[0|0],3050370,0,0,0,6,0,[0|0]
230500371,,30500,371,2,0,[0|0],3050371,0,0,0,6,0,[0|0]
230500372,,30500,372,2,0,[0|0],3050372,0,0,0,6,0,[0|0]
230500373,,30500,373,2,1,[0|0],3050373,0,0,0,6,0,[0|0]
230500375,,30500,375,2,0,[0|0],3050375,0,0,0,6,0,[0|0]
230500376,,30500,376,2,0,[0|0],3050376,0,0,0,6,0,[0|0]
230500377,,30500,377,2,0,[0|0],3050377,0,0,0,6,0,[0|0]
230500378,,30500,378,2,1,[0|0],3050378,0,0,0,6,0,[0|0]
230500400,,30500,400,2,1,[0|0],3050400,0,0,0,6,0,[0|0]
230500410,,30500,410,2,1,[0|0],3050410,0,0,0,6,0,[0|0]
230500420,,30500,420,2,0,[0|0],3050420,0,0,0,6,0,[0|0]
230500900,,30500,900,2,1,[0|0],3050900,0,0,0,6,0,[0|0]
230500905,,30500,905,2,1,[0|0],3050905,0,0,0,6,0,[0|0]
230500910,,30500,910,2,1,[0|0],3050910,0,0,0,6,0,[0|0]
230500915,,30500,915,2,1,[0|0],3050915,0,0,0,6,0,[0|0]
230500920,,30500,920,2,1,[0|0],3050920,0,0,0,6,0,[0|0]
230500925,,30500,925,2,1,[0|0],3050925,0,0,0,6,0,[0|0]
230500930,,30500,930,2,1,[0|0],3050930,0,0,0,6,0,[0|0]
230500935,,30500,935,2,1,[0|0],3050935,0,0,0,6,0,[0|0]
230500940,,30500,940,2,1,[0|0],3050940,0,0,0,6,0,[0|0]
230500945,,30500,945,2,1,[0|0],3050945,0,0,0,6,0,[0|0]
230500950,,30500,950,2,1,[0|0],3050950,0,0,0,6,0,[0|0]
230500955,,30500,955,2,1,[0|0],3050955,0,0,0,6,0,[0|0]
230600010,,30600,10,2,0,[0|0],3060010,0,0,0,6,0,[0|0]
230600011,,30600,11,2,0,[0|0],3060011,0,0,0,6,0,[0|0]
230600012,,30600,12,2,0,[0|0],3060012,0,0,0,6,0,[0|0]
230600020,,30600,20,2,0,[0|0],3060020,0,0,0,6,0,[0|0]
230600030,,30600,30,2,0,[0|0],3060030,0,0,0,6,0,[0|0]
230600040,,30600,40,2,0,[0|0],3060040,0,0,0,6,0,[0|0]
230600050,,30600,50,2,0,[0|0],3060050,0,0,0,6,0,[0|0]
230600051,,30600,51,2,0,[0|0],3060051,0,0,0,6,0,[0|0]
230600060,,30600,60,2,0,[0|0],3060060,0,0,0,6,0,[0|0]
230600061,,30600,61,2,0,[0|0],3060061,0,0,0,6,0,[0|0]
230600070,,30600,70,2,0,[0|0],3060070,0,0,0,6,0,[0|0]
230600110,,30600,110,2,0,[0|0],3060110,0,0,0,6,0,[0|0]
230600111,,30600,111,2,0,[0|0],3060111,0,0,0,6,0,[0|0]
230600120,,30600,120,2,0,[0|0],3060120,0,0,0,6,0,[0|0]
230600130,,30600,130,2,0,[0|0],3060130,0,0,0,6,0,[0|0]
230600140,,30600,140,2,0,[0|0],3060140,0,0,0,6,0,[0|0]
230600150,,30600,150,2,0,[0|0],3060150,0,0,0,6,0,[0|0]
230600160,,30600,160,2,0,[0|0],3060160,0,0,0,6,0,[0|0]
230600170,,30600,170,2,0,[0|0],3060170,0,0,0,6,0,[0|0]
230600180,,30600,180,2,0,[0|0],3060180,0,0,0,6,0,[0|0]
230600190,,30600,190,2,0,[0|0],3060190,0,0,0,6,0,[0|0]
230600200,,30600,200,2,0,[0|0],3060200,0,0,0,6,0,[0|0]
230600900,,30600,900,2,0,[0|0],3060900,0,0,0,6,0,[0|0]
230600901,,30600,901,2,0,[0|0],3060901,0,0,0,6,0,[0|0]
230610010,,30610,10,2,0,[0|0],3061010,0,0,0,6,0,[0|0]
230610011,,30610,11,2,0,[0|0],3061011,0,0,0,6,0,[0|0]
230610012,,30610,12,2,0,[0|0],3061012,0,0,0,6,0,[0|0]
230610020,,30610,20,2,0,[0|0],3061020,0,0,0,6,0,[0|0]
230610030,,30610,30,2,0,[0|0],3061030,0,0,0,6,0,[0|0]
230610040,,30610,40,2,0,[0|0],3061040,0,0,0,6,0,[0|0]
230610050,,30610,50,2,0,[0|0],3061050,0,0,0,6,0,[0|0]
230610051,,30610,51,2,0,[0|0],3061051,0,0,0,6,0,[0|0]
230610060,,30610,60,2,0,[0|0],3061060,0,0,0,6,0,[0|0]
230610061,,30610,61,2,0,[0|0],3061061,0,0,0,6,0,[0|0]
230610070,,30610,70,2,0,[0|0],3061070,0,0,0,6,0,[0|0]
230610110,,30610,110,2,0,[0|0],3061110,0,0,0,6,0,[0|0]
230610111,,30610,111,2,0,[0|0],3061111,0,0,0,6,0,[0|0]
230610120,,30610,120,2,0,[0|0],3061120,0,0,0,6,0,[0|0]
230610130,,30610,130,2,0,[0|0],3061130,0,0,0,6,0,[0|0]
230610140,,30610,140,2,0,[0|0],3061140,0,0,0,6,0,[0|0]
230610150,,30610,150,2,0,[0|0],3061150,0,0,0,6,0,[0|0]
230610160,,30610,160,2,0,[0|0],3061160,0,0,0,6,0,[0|0]
230610170,,30610,170,2,0,[0|0],3061170,0,0,0,6,0,[0|0]
230610180,,30610,180,2,0,[0|0],3061180,0,0,0,6,0,[0|0]
230610190,,30610,190,2,0,[0|0],3061190,0,0,0,6,0,[0|0]
230610200,,30610,200,2,0,[0|0],3061200,0,0,0,6,0,[0|0]
230610500,,30610,500,2,1,[0|0],3061500,0,0,0,6,0,[0|0]
230610900,,30610,900,2,0,[0|0],3061900,0,0,0,6,0,[0|0]
230610901,,30610,901,2,0,[0|0],3061901,0,0,0,6,0,[0|0]
230700100,,30700,100,2,0,[0|0],3070100,0,0,0,6,0,[0|0]
230700110,,30700,110,2,0,[0|0],3070110,0,0,0,6,0,[0|0]
230700120,,30700,120,2,0,[0|0],3070120,0,0,0,6,0,[0|0]
230700130,,30700,130,2,0,[0|0],3070130,0,0,0,6,0,[0|0]
230700140,,30700,140,2,0,[0|0],3070140,0,0,0,6,0,[0|0]
230700141,,30700,141,2,0,[0|0],3070141,0,0,0,6,0,[0|0]
230700142,,30700,142,2,0,[0|0],3070142,0,0,0,6,0,[0|0]
230700150,,30700,150,2,0,[0|0],3070150,0,0,0,6,0,[0|0]
230700160,,30700,160,2,0,[0|0],3070160,0,0,0,6,0,[0|0]
230700170,,30700,170,2,1,[0|0],3070170,0,0,0,6,0,[0|0]
230700200,,30700,200,2,1,[0|0],3070200,0,0,0,6,0,[0|0]
230700201,,30700,201,2,1,[0|0],3070201,0,0,0,6,0,[0|0]
230700202,,30700,202,2,1,[0|0],3070202,0,0,0,6,0,[0|0]
230700203,,30700,203,2,1,[0|0],3070203,0,0,0,6,0,[0|0]
230700210,,30700,210,2,1,[0|0],3070210,0,0,0,6,0,[0|0]
230700211,,30700,211,2,1,[0|0],3070211,0,0,0,6,0,[0|0]
230700220,,30700,220,2,1,[0|0],3070220,0,0,0,6,0,[0|0]
230700300,,30700,300,2,0,[0|0],3070300,0,0,0,6,0,[0|0]
230700310,,30700,310,2,0,[0|0],3070310,0,0,0,7,0,[0|0]
230700320,,30700,320,2,0,[0|0],3070320,0,0,0,7,0,[0|0]
230700330,,30700,330,2,0,[0|0],3070330,0,0,0,6,0,[0|0]
230700340,,30700,340,2,0,[0|0],3070340,0,0,0,6,0,[0|0]
230700350,,30700,350,2,0,[0|0],3070350,0,0,0,6,0,[0|0]
230700351,,30700,351,2,0,[0|0],3070351,0,0,0,7,0,[0|0]
230700352,,30700,352,2,0,[0|0],3070352,0,0,0,6,0,[0|0]
230700353,,30700,353,2,0,[0|0],3070353,0,0,0,7,0,[0|0]
230700354,,30700,354,2,0,[0|0],3070354,0,0,0,6,0,[0|0]
230700355,,30700,355,2,0,[0|0],3070355,0,0,0,7,0,[0|0]
230700360,,30700,360,2,0,[0|0],3070360,0,0,0,7,0,[0|0]
230700370,,30700,370,2,0,[0|0],3070370,0,0,0,7,0,[0|0]
230700371,,30700,371,2,0,[0|0],3070371,0,0,0,6,0,[0|0]
230700380,,30700,380,2,1,[0|0],3070380,0,0,0,6,0,[0|0]
230700390,,30700,390,2,0,[0|0],3070390,0,0,0,6,0,[0|0]
230700400,,30700,400,2,0,[0|0],3070400,0,0,0,6,0,[0|0]
230700410,,30700,410,2,0,[0|0],3070410,0,0,0,6,0,[0|0]
230700420,,30700,420,2,0,[0|0],3070420,0,0,0,6,0,[0|0]
230700430,,30700,430,2,0,[0|0],3070430,0,0,0,6,0,[0|0]
230700440,,30700,440,2,0,[0|0],3070440,0,0,0,6,0,[0|0]
230700450,,30700,450,2,1,[0|0],3070450,0,0,0,6,0,[0|0]
230700500,,30700,500,2,0,[0|0],3070500,0,0,0,6,0,[0|0]
230700510,,30700,510,2,0,[0|0],3070510,0,0,0,6,0,[0|0]
230700520,,30700,520,2,0,[0|0],3070520,0,0,0,6,0,[0|0]
230700530,,30700,530,2,0,[0|0],3070530,0,0,0,6,0,[0|0]
230700540,,30700,540,2,0,[0|0],3070540,0,0,0,6,0,[0|0]
230700550,,30700,550,2,0,[0|0],3070550,0,0,0,6,0,[0|0]
230700560,,30700,560,2,0,[0|0],3070560,0,0,0,6,0,[0|0]
230700570,,30700,570,2,1,[0|0],3070570,0,0,0,6,0,[0|0]
230700900,,30700,900,2,1,[0|0],3070900,0,0,0,6,0,[0|0]
230700990,,30700,990,2,0,[0|0],3070990,0,0,0,6,0,[0|0]
230800100,,30800,100,2,0,[0|0],3080000,0,0,0,6,0,[0|0]
230800110,,30800,110,2,0,[0|0],3080010,0,0,0,6,0,[0|0]
230800120,,30800,120,2,0,[0|0],3080020,0,0,0,6,0,[0|0]
230800130,,30800,130,2,0,[0|0],3080030,0,0,0,6,0,[0|0]
230800140,,30800,140,2,0,[0|0],3080040,0,0,0,6,0,[0|0]
230800150,,30800,150,2,0,[0|0],3080050,0,0,0,6,0,[0|0]
230800160,,30800,160,2,0,[0|0],3080060,0,0,0,6,0,[0|0]
230800170,,30800,170,2,1,[0|0],3080070,0,0,0,6,0,[0|0]
230800180,,30800,180,2,1,[0|0],3080080,0,0,0,6,0,[0|0]
230800190,,30800,190,2,0,[0|0],3080090,0,0,0,6,0,[0|0]
230800195,,30800,195,2,0,[0|0],3080095,0,0,0,6,0,[0|0]
230800200,,30800,200,2,1,[0|0],3080100,0,0,0,6,0,[0|0]
230800210,,30800,210,2,0,[0|0],3080110,0,0,0,6,0,[0|0]
230800220,,30800,220,2,1,[0|0],3080120,0,0,0,6,0,[0|0]
230800230,,30800,230,2,1,[0|0],3080130,0,0,0,6,0,[0|0]
230800290,,30800,290,2,0,[0|0],3080190,0,0,0,6,0,[0|0]
230800300,,30800,300,2,0,[0|0],3080200,0,0,0,6,0,[0|0]
230800310,,30800,310,2,0,[0|0],3080210,0,0,0,6,0,[0|0]
230800320,,30800,320,2,0,[0|0],3080220,0,0,0,6,0,[0|0]
230800330,,30800,330,2,0,[0|0],3080230,0,0,0,6,0,[0|0]
230800340,,30800,340,2,0,[0|0],3080240,0,0,0,6,0,[0|0]
230800350,,30800,350,2,0,[0|0],3080250,0,0,0,6,0,[0|0]
230800360,,30800,360,2,0,[0|0],3080260,0,0,0,6,0,[0|0]
230800370,,30800,370,2,0,[0|0],3080270,0,0,0,6,0,[0|0]
230801100,,30801,100,2,0,[0|0],3080300,0,0,0,6,0,[0|0]
230801110,,30801,110,2,0,[0|0],3080310,0,0,0,6,0,[0|0]
230801120,,30801,120,2,0,[0|0],3080320,0,0,0,6,0,[0|0]
230801130,,30801,130,2,0,[0|0],3080330,0,0,0,6,0,[0|0]
230801140,,30801,140,2,0,[0|0],3080340,0,0,0,6,0,[0|0]
230801150,,30801,150,2,0,[0|0],3080350,0,0,0,6,0,[0|0]
230801160,,30801,160,2,0,[0|0],3080360,0,0,0,6,0,[0|0]
230801190,,30801,190,2,0,[0|0],3080370,0,0,0,6,0,[0|0]
230801210,,30801,210,2,0,[0|0],3080380,0,0,0,6,0,[0|0]
230801300,,30801,300,2,0,[0|0],3080400,0,0,0,6,0,[0|0]
230801310,,30801,310,2,0,[0|0],3080410,0,0,0,6,0,[0|0]
230801320,,30801,320,2,0,[0|0],3080420,0,0,0,6,0,[0|0]
230801330,,30801,330,2,0,[0|0],3080430,0,0,0,6,0,[0|0]
230801340,,30801,340,2,0,[0|0],3080440,0,0,0,6,0,[0|0]
230801350,,30801,350,2,0,[0|0],3080450,0,0,0,6,0,[0|0]
230801360,,30801,360,2,0,[0|0],3080460,0,0,0,6,0,[0|0]
230801370,,30801,370,2,0,[0|0],3080470,0,0,0,6,0,[0|0]
231000100,,31000,100,2,0,[0|0],3100100,0,0,0,6,0,[0|0]
231000110,,31000,110,2,0,[0|0],3100110,0,0,0,6,0,[0|0]
231000120,,31000,120,2,0,[0|0],3100120,0,0,0,6,0,[0|0]
231000121,,31000,121,2,0,[0|0],3100121,0,0,0,6,0,[0|0]
231000122,,31000,122,2,0,[0|0],3100122,0,0,0,6,0,[0|0]
231000123,,31000,123,2,0,[0|0],3100123,0,0,0,6,0,[0|0]
231000130,,31000,130,2,0,[0|0],3100130,0,0,0,6,0,[0|0]
231000131,,31000,131,2,0,[0|0],3100131,0,0,0,6,0,[0|0]
231000132,,31000,132,2,0,[0|0],3100132,0,0,0,6,0,[0|0]
231000140,,31000,140,2,0,[0|0],3100140,0,0,0,6,0,[0|0]
231000141,,31000,141,2,0,[0|0],3100141,0,0,0,6,0,[0|0]
231000145,,31000,145,2,0,[0|0],3100145,0,0,0,6,0,[0|0]
231000150,,31000,150,2,0,[0|0],3100150,0,0,0,6,0,[0|0]
231000160,,31000,160,2,0,[0|0],3100160,0,0,0,6,0,[0|0]
231000161,,31000,161,2,0,[0|0],3100161,0,0,0,6,0,[0|0]
231000170,,31000,170,2,0,[0|0],3100170,0,0,0,6,0,[0|0]
231000171,,31000,171,2,0,[0|0],3100171,0,0,0,6,0,[0|0]
231000180,,31000,180,2,0,[0|0],3100180,0,0,0,6,0,[0|0]
231000190,,31000,190,2,0,[0|0],3100190,0,0,0,6,0,[0|0]
231000200,,31000,200,2,0,[0|0],3100200,0,0,0,6,0,[0|0]
231000210,,31000,210,2,0,[0|0],3100210,0,0,0,6,0,[0|0]
231000220,,31000,220,2,0,[0|0],3100220,0,0,0,6,0,[0|0]
231000230,,31000,230,2,0,[0|0],3100230,0,0,0,6,0,[0|0]
231000240,,31000,240,2,0,[0|0],3100240,0,0,0,6,0,[0|0]
231000250,,31000,250,2,0,[0|0],3100250,0,0,0,6,0,[0|0]
231000260,,31000,260,2,0,[0|0],3100260,0,0,0,6,0,[0|0]
231000261,,31000,261,2,0,[0|0],3100261,0,0,0,6,0,[0|0]
231000270,,31000,270,2,0,[0|0],3100270,0,0,0,6,0,[0|0]
231000271,,31000,271,2,0,[0|0],3100271,0,0,0,6,0,[0|0]
231000272,,31000,272,2,1,[0|0],3100272,0,0,0,6,0,[0|0]
231000273,,31000,273,2,0,[0|0],3100272,0,0,0,6,0,[0|0]
231000280,,31000,280,2,0,[0|0],3100280,0,0,0,6,0,[0|0]
231000290,,31000,290,2,0,[0|0],3100290,0,0,0,6,0,[0|0]
231000300,,31000,300,2,0,[0|0],3100300,0,0,0,6,0,[0|0]
231000400,,31000,400,2,0,[0|0],3100400,0,0,0,6,0,[0|0]
231000410,,31000,410,2,1,[0|0],3100410,0,0,0,6,0,[0|0]
231000420,,31000,420,2,1,[0|0],3100420,0,0,0,6,0,[0|0]
231500100,,31500,100,2,0,[0|0],3150100,0,0,0,6,0,[0|0]
231500110,,31500,110,2,0,[0|0],3150110,0,0,0,6,0,[0|0]
231500120,,31500,120,2,0,[0|0],3150120,0,0,0,6,0,[0|0]
231500130,,31500,130,2,0,[0|0],3150130,0,0,0,6,0,[0|0]
231500140,,31500,140,2,0,[0|0],3150140,0,0,0,6,0,[0|0]
231500141,,31500,141,2,0,[0|0],3150141,0,0,0,6,0,[0|0]
231500150,,31500,150,2,0,[0|0],3150150,0,0,0,6,0,[0|0]
231500160,,31500,160,2,0,[0|0],3150160,0,0,0,6,0,[0|0]
231500170,,31500,170,2,0,[0|0],3150170,0,0,0,6,0,[0|0]
231500171,,31500,171,2,0,[0|0],3150171,0,0,0,6,0,[0|0]
231500180,,31500,180,2,0,[0|0],3150180,0,0,0,6,0,[0|0]
231500190,,31500,190,2,0,[0|0],3150190,0,0,0,6,0,[0|0]
231500200,,31500,200,2,0,[0|0],3150200,0,0,0,6,0,[0|0]
231500201,,31500,201,2,0,[0|0],3150201,0,0,0,6,0,[0|0]
231500210,,31500,210,2,0,[0|0],3150210,0,0,0,6,0,[0|0]
231500211,,31500,211,2,0,[0|0],3150211,0,0,0,6,0,[0|0]
231500220,,31500,220,2,0,[0|0],3150220,0,0,0,6,0,[0|0]
231500221,,31500,221,2,0,[0|0],3150221,0,0,0,6,0,[0|0]
231500230,,31500,230,2,0,[0|0],3150230,0,0,0,6,0,[0|0]
231500231,,31500,231,2,0,[0|0],3150231,0,0,0,6,0,[0|0]
231500240,,31500,240,2,0,[0|0],3150240,0,0,0,6,0,[0|0]
231500241,,31500,241,2,0,[0|0],3150241,0,0,0,6,0,[0|0]
231500243,,31500,243,2,0,[0|0],3150243,0,0,0,6,0,[0|0]
231500244,,31500,244,2,0,[0|0],3150244,0,0,0,6,0,[0|0]
231500250,,31500,250,2,0,[0|0],3150250,0,0,0,6,0,[0|0]
231500251,,31500,251,2,0,[0|0],3150251,0,0,0,6,0,[0|0]
231500260,,31500,260,2,0,[0|0],3150260,0,0,0,6,0,[0|0]
231500270,,31500,270,2,0,[0|0],3150270,0,0,0,6,0,[0|0]
231500271,,31500,271,2,0,[0|0],3150271,0,0,0,6,0,[0|0]
231500280,,31500,280,2,0,[0|0],3150280,0,0,0,6,0,[0|0]
231500281,,31500,281,2,0,[0|0],3150281,0,0,0,6,0,[0|0]
231500290,,31500,290,2,0,[0|0],3150290,0,0,0,6,0,[0|0]
231500291,,31500,291,2,0,[0|0],3150291,0,0,0,6,0,[0|0]
231500300,,31500,300,2,0,[0|0],3150300,0,0,0,6,0,[0|0]
231500301,,31500,301,2,0,[0|0],3150301,0,0,0,6,0,[0|0]
231500310,,31500,310,2,0,[0|0],3150310,0,0,0,6,0,[0|0]
231500320,,31500,320,2,0,[0|0],3150320,0,0,0,6,0,[0|0]
231500330,,31500,330,2,0,[0|0],3150330,0,0,0,6,0,[0|0]
231500340,,31500,340,2,0,[0|0],3150340,0,0,0,6,0,[0|0]
231500400,,31500,400,2,0,[0|0],3150400,0,0,0,6,0,[0|0]
231500401,,31500,401,2,0,[0|0],3150401,0,0,0,6,0,[0|0]
231500403,,31500,403,2,0,[0|0],3150403,0,0,0,6,0,[0|0]
231500404,,31500,404,2,0,[0|0],3150404,0,0,0,6,0,[0|0]
231500410,,31500,410,2,0,[0|0],3150410,0,0,0,6,0,[0|0]
231500411,,31500,411,2,0,[0|0],3150411,0,0,0,6,0,[0|0]
231500420,,31500,420,2,0,[0|0],3150420,0,0,0,6,0,[0|0]
231500421,,31500,421,2,0,[0|0],3150421,0,0,0,6,0,[0|0]
231500430,,31500,430,2,0,[0|0],3150430,0,0,0,6,0,[0|0]
231500431,,31500,431,2,0,[0|0],3150431,0,0,0,6,0,[0|0]
231500440,,31500,440,2,0,[0|0],3150440,0,0,0,6,0,[0|0]
231500441,,31500,441,2,0,[0|0],3150441,0,0,0,6,0,[0|0]
231500500,,31500,500,2,1,[0|0],3150500,0,0,0,6,0,[0|0]
231500501,,31500,501,2,0,[0|0],3150501,0,0,0,6,0,[0|0]
231500510,,31500,510,2,1,[0|0],3150510,0,0,0,6,0,[0|0]
231500511,,31500,511,2,0,[0|0],3150511,0,0,0,6,0,[0|0]
231600100,,31600,100,2,0,[0|0],3160100,0,0,0,6,0,[0|0]
231600110,,31600,110,2,0,[0|0],3160110,0,0,0,6,0,[0|0]
231600120,,31600,120,2,0,[0|0],3160120,0,0,0,6,0,[0|0]
231600130,,31600,130,2,0,[0|0],3160130,0,0,0,6,0,[0|0]
231700100,,31700,100,2,1,[0|0],3170000,0,0,0,6,0,[0|0]
231700110,,31700,110,2,1,[0|0],3170010,0,0,0,6,0,[0|0]
231700111,,31700,111,2,1,[0|0],3170011,0,0,0,6,0,[0|0]
231700120,,31700,120,2,1,[0|0],3170020,0,0,0,6,0,[0|0]
231700130,,31700,130,2,1,[0|0],3170030,0,0,0,6,0,[0|0]
231700131,,31700,131,2,1,[0|0],3170031,0,0,0,6,0,[0|0]
231700300,,31700,300,2,1,[0|0],3170200,0,0,0,6,0,[0|0]
231700310,,31700,310,2,1,[0|0],3170210,0,0,0,6,0,[0|0]
231700311,,31700,311,2,1,[0|0],3170211,0,0,0,6,0,[0|0]
231700320,,31700,320,2,1,[0|0],3170220,0,0,0,6,0,[0|0]
231700330,,31700,330,2,1,[0|0],3170230,0,0,0,6,0,[0|0]
231700331,,31700,331,2,1,[0|0],3170231,0,0,0,6,0,[0|0]
231700340,,31700,340,2,1,[0|0],3170240,0,0,0,6,0,[0|0]
231700350,,31700,350,2,1,[0|0],3170250,0,0,0,6,0,[0|0]
231700351,,31700,351,2,1,[0|0],3170251,0,0,0,6,0,[0|0]
231700360,,31700,360,2,1,[0|0],3170260,0,0,0,6,0,[0|0]
231700370,,31700,370,2,1,[0|0],3170270,0,0,0,6,0,[0|0]
231700371,,31700,371,2,1,[0|0],3170271,0,0,0,6,0,[0|0]
231700380,,31700,380,2,1,[0|0],3170280,0,0,0,6,0,[0|0]
231700390,,31700,390,2,1,[0|0],3170290,0,0,0,6,0,[0|0]
231700391,,31700,391,2,1,[0|0],3170291,0,0,0,6,0,[0|0]
231700460,,31700,460,2,1,[0|0],3170360,0,0,0,6,0,[0|0]
231700470,,31700,470,2,1,[0|0],3170370,0,0,0,6,0,[0|0]
231700471,,31700,471,2,1,[0|0],3170371,0,0,0,6,0,[0|0]
231700480,,31700,480,2,1,[0|0],3170380,0,0,0,6,0,[0|0]
231700490,,31700,490,2,1,[0|0],3170390,0,0,0,6,0,[0|0]
231700491,,31700,491,2,1,[0|0],3170391,0,0,0,6,0,[0|0]
231700500,,31700,500,2,1,[0|0],3170500,0,0,0,6,0,[0|0]
231700501,,31700,501,2,1,[0|0],3170501,0,0,0,6,0,[0|0]
231700502,,31700,502,2,1,[0|0],3170502,0,0,0,6,0,[0|0]
231700503,,31700,503,2,1,[0|0],3170503,0,0,0,6,0,[0|0]
231800100,,31800,100,2,0,[0|0],3180000,0,0,0,6,0,[0|0]
231800110,,31800,110,2,0,[0|0],3180010,0,0,0,6,0,[0|0]
231800120,,31800,120,2,0,[0|0],3180020,0,0,0,6,0,[0|0]
231800121,,31800,121,2,0,[0|0],3180021,0,0,0,6,0,[0|0]
231800122,,31800,122,2,0,[0|0],3180022,0,0,0,6,0,[0|0]
231800123,,31800,123,2,0,[0|0],3180023,0,0,0,6,0,[0|0]
231800130,,31800,130,2,0,[0|0],3180030,0,0,0,6,0,[0|0]
231800140,,31800,140,2,0,[0|0],3180040,0,0,0,6,0,[0|0]
231800150,,31800,150,2,1,[0|0],3180050,0,0,0,6,0,[0|0]
231800155,,31800,155,2,1,[0|0],3180055,0,0,0,6,0,[0|0]
231800160,,31800,160,2,0,[0|0],3180060,0,0,0,6,0,[0|0]
231800205,,31800,205,2,1,[0|0],3180105,0,0,0,6,0,[0|0]
231800800,,31800,800,2,1,[0|0],3180800,0,0,0,6,0,[0|0]
231800900,,31800,900,2,0,[0|0],3180800,0,0,0,6,0,[0|0]
231810100,,31810,100,2,0,[0|0],3181000,0,0,0,6,0,[0|0]
231810101,,31810,101,2,0,[0|0],3181001,0,0,0,6,0,[0|0]
231810102,,31810,102,2,0,[0|0],3181002,0,0,0,6,0,[0|0]
231810110,,31810,110,2,0,[0|0],3181010,0,0,0,6,0,[0|0]
231810120,,31810,120,2,0,[0|0],3181020,0,0,0,6,0,[0|0]
231810130,,31810,130,2,0,[0|0],3181030,0,0,0,6,0,[0|0]
231810140,,31810,140,2,0,[0|0],3181040,0,0,0,6,0,[0|0]
231810200,,31810,200,2,0,[0|0],3181200,0,0,0,6,0,[0|0]
231810201,,31810,201,2,0,[0|0],3181201,0,0,0,6,0,[0|0]
231810202,,31810,202,2,0,[0|0],3181202,0,0,0,6,0,[0|0]
231810210,,31810,210,2,0,[0|0],3181210,0,0,0,6,0,[0|0]
231810211,,31810,211,2,0,[0|0],3181211,0,0,0,6,0,[0|0]
231810220,,31810,220,2,0,[0|0],3181220,0,0,0,6,0,[0|0]
231810230,,31810,230,2,0,[0|0],3181230,0,0,0,6,0,[0|0]
231810240,,31810,240,2,0,[0|0],3181240,0,0,0,6,0,[0|0]
231810250,,31810,250,2,0,[0|0],3181250,0,0,0,6,0,[0|0]
231810500,,31810,500,2,1,[0|0],3181500,0,0,0,6,0,[0|0]
231810501,,31810,501,2,1,[0|0],3181501,0,0,0,6,0,[0|0]
231810510,,31810,510,2,1,[0|0],3181510,0,0,0,6,0,[0|0]
231810520,,31810,520,2,1,[0|0],3181520,0,0,0,6,0,[0|0]
231810521,,31810,521,2,1,[0|0],3181521,0,0,0,6,0,[0|0]
231810800,,31810,800,2,1,[0|0],3181800,0,0,0,6,0,[0|0]
231810900,,31810,900,2,0,[0|0],3181900,0,0,0,6,0,[0|0]
232000100,,32000,100,2,1,[0|0],3200000,0,0,0,6,0,[0|0]
232000110,,32000,110,2,1,[0|0],3200010,0,0,0,6,0,[0|0]
232000150,,32000,150,2,0,[0|0],3200050,0,0,0,6,0,[0|0]
232000160,,32000,160,2,0,[0|0],3200060,0,0,0,6,0,[0|0]
232000161,,32000,161,2,0,[0|0],3200061,0,0,0,6,0,[0|0]
232000500,,32000,500,2,1,[0|0],3200400,0,0,0,6,0,[0|0]
232000510,,32000,510,2,1,[0|0],3200410,0,0,0,6,0,[0|0]
232000550,,32000,550,2,0,[0|0],3200450,0,0,0,6,0,[0|0]
232000560,,32000,560,2,0,[0|0],3200460,0,0,0,6,0,[0|0]
232000900,,32000,900,2,0,[0|0],3200800,0,0,0,6,0,[0|0]
232100900,,32100,900,2,0,[0|0],3210800,0,0,0,6,0,[0|0]
232100910,,32100,910,2,0,[0|0],3210810,0,0,0,6,0,[0|0]
232500100,,32500,100,2,0,[0|0],3250100,0,0,0,6,0,[0|0]
232500110,,32500,110,2,0,[0|0],3250110,0,0,0,6,0,[0|0]
232500120,,32500,120,2,0,[0|0],3250120,0,0,0,6,0,[0|0]
232500130,,32500,130,2,0,[0|0],3250130,0,0,0,6,0,[0|0]
232500140,,32500,140,2,0,[0|0],3250140,0,0,0,6,0,[0|0]
232500141,,32500,141,2,1,[0|0],3250141,0,0,0,6,0,[0|0]
232500150,,32500,150,2,0,[0|0],3250150,0,0,0,6,0,[0|0]
232500160,,32500,160,2,0,[0|0],3250160,0,0,0,6,0,[0|0]
232500161,,32500,161,2,1,[0|0],3250161,0,0,0,6,0,[0|0]
232500170,,32500,170,2,0,[0|0],3250170,0,0,0,6,0,[0|0]
232500180,,32500,180,2,0,[0|0],3250180,0,0,0,6,0,[0|0]
232500181,,32500,181,2,1,[0|0],3250181,0,0,0,6,0,[0|0]
232500190,,32500,190,2,0,[0|0],3250190,0,0,0,6,0,[0|0]
232500200,,32500,200,2,1,[0|0],3250200,0,0,0,6,0,[0|0]
232500201,,32500,201,2,1,[0|0],3250201,0,0,0,6,0,[0|0]
232500210,,32500,210,2,1,[0|0],3250210,0,0,0,6,0,[0|0]
232500211,,32500,211,2,1,[0|0],3250211,0,0,0,6,0,[0|0]
232500220,,32500,220,2,0,[0|0],3250220,0,0,0,6,0,[0|0]
232500230,,32500,230,2,0,[0|0],3250230,0,0,0,6,0,[0|0]
232500240,,32500,240,2,0,[0|0],3250240,0,0,0,6,0,[0|0]
232500241,,32500,241,2,0,[0|0],3250241,0,0,0,6,0,[0|0]
232500250,,32500,250,2,0,[0|0],3250250,0,0,0,6,0,[0|0]
232500260,,32500,260,2,0,[0|0],3250260,0,0,0,6,0,[0|0]
232500270,,32500,270,2,0,[0|0],3250270,0,0,0,6,0,[0|0]
232500280,,32500,280,2,0,[0|0],3250280,0,0,0,6,0,[0|0]
232500290,,32500,290,2,0,[0|0],3250290,0,0,0,6,0,[0|0]
232500291,,32500,291,2,1,[0|0],3250291,0,0,0,6,0,[0|0]
232500300,,32500,300,2,0,[0|0],3250300,0,0,0,6,0,[0|0]
232500301,,32500,301,2,1,[0|0],3250301,0,0,0,6,0,[0|0]
232500310,,32500,310,2,0,[0|0],3250310,0,0,0,6,0,[0|0]
232500311,,32500,311,2,1,[0|0],3250311,0,0,0,6,0,[0|0]
232500320,,32500,320,2,1,[0|0],3250320,0,0,0,6,0,[0|0]
232500321,,32500,321,2,1,[0|0],3250321,0,0,0,6,0,[0|0]
232500330,,32500,330,2,0,[0|0],3250330,0,0,0,6,0,[0|0]
232500340,,32500,340,2,0,[0|0],3250340,0,0,0,6,0,[0|0]
232500341,,32500,341,2,1,[0|0],3250341,0,0,0,6,0,[0|0]
232500350,,32500,350,2,0,[0|0],3250350,0,0,0,6,0,[0|0]
232500400,,32500,400,2,0,[0|0],3250400,0,0,0,6,0,[0|0]
232500410,,32500,410,2,0,[0|0],3250410,0,0,0,6,0,[0|0]
232500420,,32500,420,2,0,[0|0],3250420,0,0,0,6,0,[0|0]
232500430,,32500,430,2,0,[0|0],3250430,0,0,0,6,0,[0|0]
232500440,,32500,440,2,0,[0|0],3250440,0,0,0,6,0,[0|0]
232500441,,32500,441,2,1,[0|0],3250441,0,0,0,6,0,[0|0]
232500450,,32500,450,2,0,[0|0],3250450,0,0,0,6,0,[0|0]
232500451,,32500,451,2,1,[0|0],3250451,0,0,0,6,0,[0|0]
232500460,,32500,460,2,0,[0|0],3250460,0,0,0,6,0,[0|0]
232500461,,32500,461,2,1,[0|0],3250461,0,0,0,6,0,[0|0]
232500470,,32500,470,2,0,[0|0],3250470,0,0,0,6,0,[0|0]
232500471,,32500,471,2,1,[0|0],3250471,0,0,0,6,0,[0|0]
232500480,,32500,480,2,0,[0|0],3250480,0,0,0,6,0,[0|0]
232500481,,32500,481,2,1,[0|0],3250481,0,0,0,6,0,[0|0]
232500490,,32500,490,2,0,[0|0],3250490,0,0,0,6,0,[0|0]
232500491,,32500,491,2,1,[0|0],3250491,0,0,0,6,0,[0|0]
232500492,,32500,492,2,1,[0|0],3250492,0,0,0,6,0,[0|0]
232500493,,32500,493,2,1,[0|0],3250493,0,0,0,6,0,[0|0]
232500500,,32500,500,2,0,[0|0],3250500,0,0,0,6,0,[0|0]
232500501,,32500,501,2,1,[0|0],3250501,0,0,0,6,0,[0|0]
232500510,,32500,510,2,1,[0|0],3250510,0,0,0,6,0,[0|0]
232500511,,32500,511,2,1,[0|0],3250511,0,0,0,6,0,[0|0]
232500512,,32500,512,2,1,[0|0],3250512,0,0,0,6,0,[0|0]
232500513,,32500,513,2,1,[0|0],3250513,0,0,0,6,0,[0|0]
232500514,,32500,514,2,1,[0|0],3250514,0,0,0,6,0,[0|0]
232500515,,32500,515,2,1,[0|0],3250515,0,0,0,6,0,[0|0]
232500520,,32500,520,2,0,[0|0],3250520,0,0,0,6,0,[0|0]
232500521,,32500,521,2,1,[0|0],3250521,0,0,0,6,0,[0|0]
232500530,,32500,530,2,0,[0|0],3250530,0,0,0,6,0,[0|0]
232500531,,32500,531,2,1,[0|0],3250531,0,0,0,6,0,[0|0]
232500540,,32500,540,2,0,[0|0],3250540,0,0,0,6,0,[0|0]
232500550,,32500,550,2,1,[0|0],3250550,0,0,0,6,0,[0|0]
232500551,,32500,551,2,1,[0|0],3250551,0,0,0,6,0,[0|0]
232500552,,32500,552,2,1,[0|0],3250552,0,0,0,6,0,[0|0]
232500560,,32500,560,2,1,[0|0],3250560,0,0,0,6,0,[0|0]
232500561,,32500,561,2,1,[0|0],3250561,0,0,0,6,0,[0|0]
232500570,,32500,570,2,0,[0|0],3250570,0,0,0,6,0,[0|0]
232500571,,32500,571,2,1,[0|0],3250571,0,0,0,6,0,[0|0]
232500900,,32500,900,2,0,[0|0],3250900,0,0,0,6,0,[0|0]
232500905,,32500,905,2,0,[0|0],3250905,0,0,0,6,0,[0|0]
232500910,,32500,910,2,1,[0|0],3250910,0,0,0,6,0,[0|0]
232500911,,32500,911,2,1,[0|0],3250911,0,0,0,6,0,[0|0]
232510100,,32510,100,2,0,[0|0],3251100,0,0,0,6,0,[0|0]
232510110,,32510,110,2,0,[0|0],3251110,0,0,0,6,0,[0|0]
232510120,,32510,120,2,0,[0|0],3251120,0,0,0,6,0,[0|0]
232510130,,32510,130,2,0,[0|0],3251130,0,0,0,6,0,[0|0]
232510140,,32510,140,2,0,[0|0],3251140,0,0,0,6,0,[0|0]
232510141,,32510,141,2,1,[0|0],3251141,0,0,0,6,0,[0|0]
232510150,,32510,150,2,0,[0|0],3251150,0,0,0,6,0,[0|0]
232510160,,32510,160,2,0,[0|0],3251160,0,0,0,6,0,[0|0]
232510161,,32510,161,2,1,[0|0],3251161,0,0,0,6,0,[0|0]
232510170,,32510,170,2,0,[0|0],3251170,0,0,0,6,0,[0|0]
232510180,,32510,180,2,0,[0|0],3251180,0,0,0,6,0,[0|0]
232510190,,32510,190,2,0,[0|0],3251190,0,0,0,6,0,[0|0]
232510200,,32510,200,2,0,[0|0],3251200,0,0,0,6,0,[0|0]
232510210,,32510,210,2,0,[0|0],3251210,0,0,0,6,0,[0|0]
232510220,,32510,220,2,0,[0|0],3251220,0,0,0,6,0,[0|0]
232510230,,32510,230,2,0,[0|0],3251230,0,0,0,6,0,[0|0]
232510240,,32510,240,2,0,[0|0],3251240,0,0,0,6,0,[0|0]
232510241,,32510,241,2,1,[0|0],3251241,0,0,0,6,0,[0|0]
232510250,,32510,250,2,0,[0|0],3251250,0,0,0,6,0,[0|0]
232510260,,32510,260,2,0,[0|0],3251260,0,0,0,6,0,[0|0]
232510261,,32510,261,2,0,[0|0],3251261,0,0,0,6,0,[0|0]
232510270,,32510,270,2,0,[0|0],3251270,0,0,0,6,0,[0|0]
232510271,,32510,271,2,1,[0|0],3251271,0,0,0,6,0,[0|0]
232510280,,32510,280,2,0,[0|0],3251280,0,0,0,6,0,[0|0]
232510281,,32510,281,2,1,[0|0],3251281,0,0,0,6,0,[0|0]
232510290,,32510,290,2,0,[0|0],3251290,0,0,0,6,0,[0|0]
232510300,,32510,300,2,0,[0|0],3251300,0,0,0,6,0,[0|0]
232510310,,32510,310,2,0,[0|0],3251310,0,0,0,6,0,[0|0]
232510320,,32510,320,2,1,[0|0],3251320,0,0,0,6,0,[0|0]
232510321,,32510,321,2,1,[0|0],3251321,0,0,0,6,0,[0|0]
232510322,,32510,322,2,1,[0|0],3251322,0,0,0,6,0,[0|0]
232510323,,32510,323,2,1,[0|0],3251323,0,0,0,6,0,[0|0]
232510330,,32510,330,2,0,[0|0],3251330,0,0,0,6,0,[0|0]
232510340,,32510,340,2,0,[0|0],3251340,0,0,0,6,0,[0|0]
232510350,,32510,350,2,0,[0|0],3251350,0,0,0,6,0,[0|0]
232510360,,32510,360,2,0,[0|0],3251360,0,0,0,6,0,[0|0]
232510370,,32510,370,2,0,[0|0],3251370,0,0,0,6,0,[0|0]
232510380,,32510,380,2,0,[0|0],3251380,0,0,0,6,0,[0|0]
232510390,,32510,390,2,0,[0|0],3251390,0,0,0,6,0,[0|0]
232510400,,32510,400,2,0,[0|0],3251400,0,0,0,6,0,[0|0]
232510410,,32510,410,2,0,[0|0],3251410,0,0,0,6,0,[0|0]
232510420,,32510,420,2,0,[0|0],3251420,0,0,0,6,0,[0|0]
232510430,,32510,430,2,0,[0|0],3251430,0,0,0,6,0,[0|0]
232510440,,32510,440,2,0,[0|0],3251440,0,0,0,6,0,[0|0]
232510450,,32510,450,2,0,[0|0],3251450,0,0,0,6,0,[0|0]
232510451,,32510,451,2,1,[0|0],3251451,0,0,0,6,0,[0|0]
232510460,,32510,460,2,0,[0|0],3251460,0,0,0,6,0,[0|0]
232510470,,32510,470,2,0,[0|0],3251470,0,0,0,6,0,[0|0]
232510475,,32510,475,2,1,[0|0],3251475,0,0,0,6,0,[0|0]
232510480,,32510,480,2,0,[0|0],3251480,0,0,0,6,0,[0|0]
232510481,,32510,481,2,1,[0|0],3251481,0,0,0,6,0,[0|0]
232510500,,32510,500,2,1,[0|0],3251500,0,0,0,6,0,[0|0]
232510501,,32510,501,2,1,[0|0],3251501,0,0,0,6,0,[0|0]
232510510,,32510,510,2,1,[0|0],3251510,0,0,0,6,0,[0|0]
232510511,,32510,511,2,1,[0|0],3251511,0,0,0,6,0,[0|0]
232510900,,32510,900,2,0,[0|0],3251900,0,0,0,6,0,[0|0]
232510905,,32510,905,2,0,[0|0],3251905,0,0,0,6,0,[0|0]
232510910,,32510,910,2,1,[0|0],3251910,0,0,0,6,0,[0|0]
232510911,,32510,911,2,1,[0|0],3251911,0,0,0,6,0,[0|0]
232510912,,32510,912,2,1,[0|0],3251912,0,0,0,6,0,[0|0]
232510913,,32510,913,2,1,[0|0],3251913,0,0,0,6,0,[0|0]
232510915,,32510,915,2,1,[0|0],3251915,0,0,0,6,0,[0|0]
232520100,,32520,100,2,0,[0|0],3252100,0,0,0,6,0,[0|0]
232520110,,32520,110,2,0,[0|0],3252110,0,0,0,6,0,[0|0]
232520120,,32520,120,2,0,[0|0],3252120,0,0,0,6,0,[0|0]
232520130,,32520,130,2,0,[0|0],3252130,0,0,0,6,0,[0|0]
232520140,,32520,140,2,0,[0|0],3252140,0,0,0,6,0,[0|0]
232520150,,32520,150,2,0,[0|0],3252150,0,0,0,6,0,[0|0]
232520160,,32520,160,2,0,[0|0],3252160,0,0,0,6,0,[0|0]
232520161,,32520,161,2,1,[0|0],3252161,0,0,0,6,0,[0|0]
232520162,,32520,162,2,1,[0|0],3252162,0,0,0,6,0,[0|0]
232520170,,32520,170,2,0,[0|0],3252170,0,0,0,6,0,[0|0]
232520180,,32520,180,2,0,[0|0],3252180,0,0,0,6,0,[0|0]
232520190,,32520,190,2,0,[0|0],3252190,0,0,0,6,0,[0|0]
232520191,,32520,191,2,0,[0|0],3252191,0,0,0,6,0,[0|0]
232520200,,32520,200,2,0,[0|0],3252200,0,0,0,6,0,[0|0]
232520210,,32520,210,2,1,[0|0],3252210,0,0,0,6,0,[0|0]
232520211,,32520,211,2,1,[0|0],3252211,0,0,0,6,0,[0|0]
232520220,,32520,220,2,0,[0|0],3252220,0,0,0,6,0,[0|0]
232520230,,32520,230,2,0,[0|0],3252230,0,0,0,6,0,[0|0]
232520240,,32520,240,2,1,[0|0],3252240,0,0,0,6,0,[0|0]
232520241,,32520,241,2,1,[0|0],3252241,0,0,0,6,0,[0|0]
232520242,,32520,242,2,0,[0|0],3252242,0,0,0,6,0,[0|0]
232520250,,32520,250,2,1,[0|0],3252250,0,0,0,6,0,[0|0]
232520251,,32520,251,2,1,[0|0],3252251,0,0,0,6,0,[0|0]
232520252,,32520,252,2,0,[0|0],3252252,0,0,0,6,0,[0|0]
232520260,,32520,260,2,0,[0|0],3252260,0,0,0,7,0,[0|0]
232520270,,32520,270,2,0,[0|0],3252270,0,0,0,7,0,[0|0]
232520280,,32520,280,2,0,[0|0],3252280,0,0,0,7,0,[0|0]
232520290,,32520,290,2,0,[0|0],3252290,0,0,0,7,0,[0|0]
232520300,,32520,300,2,0,[0|0],3252300,0,0,0,6,0,[0|0]
232520310,,32520,310,2,1,[0|0],3252310,0,0,0,6,0,[0|0]
232520320,,32520,320,2,1,[0|0],3252320,0,0,0,6,0,[0|0]
232520321,,32520,321,2,1,[0|0],3252321,0,0,0,6,0,[0|0]
232520330,,32520,330,2,1,[0|0],3252330,0,0,0,6,0,[0|0]
232520340,,32520,340,2,1,[0|0],3252340,0,0,0,6,0,[0|0]
232520341,,32520,341,2,1,[0|0],3252341,0,0,0,6,0,[0|0]
232520350,,32520,350,2,1,[0|0],3252350,0,0,0,6,0,[0|0]
232520351,,32520,351,2,1,[0|0],3252351,0,0,0,6,0,[0|0]
232520360,,32520,360,2,1,[0|0],3252360,0,0,0,6,0,[0|0]
232520361,,32520,361,2,1,[0|0],3252361,0,0,0,6,0,[0|0]
232520370,,32520,370,2,0,[0|0],3252370,0,0,0,6,0,[0|0]
232520371,,32520,371,2,0,[0|0],3252371,0,0,0,6,0,[0|0]
232520372,,32520,372,2,0,[0|0],3252372,0,0,0,6,0,[0|0]
232520400,,32520,400,2,1,[0|0],3252400,0,0,0,6,0,[0|0]
232520401,,32520,401,2,1,[0|0],3252401,0,0,0,6,0,[0|0]
232520405,,32520,405,2,1,[0|0],3252405,0,0,0,6,0,[0|0]
232520406,,32520,406,2,1,[0|0],3252406,0,0,0,6,0,[0|0]
232520410,,32520,410,2,1,[0|0],3252410,0,0,0,6,0,[0|0]
232520411,,32520,411,2,1,[0|0],3252411,0,0,0,6,0,[0|0]
232520415,,32520,415,2,1,[0|0],3252415,0,0,0,6,0,[0|0]
232520416,,32520,416,2,1,[0|0],3252416,0,0,0,6,0,[0|0]
232520420,,32520,420,2,1,[0|0],3252420,0,0,0,6,0,[0|0]
232520421,,32520,421,2,1,[0|0],3252421,0,0,0,6,0,[0|0]
232520425,,32520,425,2,1,[0|0],3252425,0,0,0,6,0,[0|0]
232520426,,32520,426,2,1,[0|0],3252426,0,0,0,6,0,[0|0]
232520430,,32520,430,2,1,[0|0],3252430,0,0,0,6,0,[0|0]
232520431,,32520,431,2,1,[0|0],3252431,0,0,0,6,0,[0|0]
232520440,,32520,440,2,1,[0|0],3252440,0,0,0,6,0,[0|0]
232520441,,32520,441,2,1,[0|0],3252441,0,0,0,6,0,[0|0]
232520445,,32520,445,2,1,[0|0],3252445,0,0,0,6,0,[0|0]
232520446,,32520,446,2,1,[0|0],3252446,0,0,0,6,0,[0|0]
232520450,,32520,450,2,1,[0|0],3252450,0,0,0,6,0,[0|0]
232520451,,32520,451,2,1,[0|0],3252451,0,0,0,6,0,[0|0]
232520460,,32520,460,2,1,[0|0],3252460,0,0,0,6,0,[0|0]
232520461,,32520,461,2,1,[0|0],3252461,0,0,0,6,0,[0|0]
232520465,,32520,465,2,1,[0|0],3252465,0,0,0,6,0,[0|0]
232520466,,32520,466,2,1,[0|0],3252466,0,0,0,6,0,[0|0]
232520470,,32520,470,2,1,[0|0],3252470,0,0,0,6,0,[0|0]
232520471,,32520,471,2,1,[0|0],3252471,0,0,0,6,0,[0|0]
232520472,,32520,472,2,1,[0|0],3252472,0,0,0,6,0,[0|0]
232520473,,32520,473,2,1,[0|0],3252473,0,0,0,6,0,[0|0]
232520480,,32520,480,2,1,[0|0],3252480,0,0,0,6,0,[0|0]
232520481,,32520,481,2,1,[0|0],3252481,0,0,0,6,0,[0|0]
232520482,,32520,482,2,1,[0|0],3252482,0,0,0,6,0,[0|0]
232520483,,32520,483,2,1,[0|0],3252483,0,0,0,6,0,[0|0]
232520900,,32520,900,2,0,[0|0],3252900,0,0,0,6,0,[0|0]
232520905,,32520,905,2,0,[0|0],3252905,0,0,0,6,0,[0|0]
233000100,,33000,100,2,0,[0|0],3300000,0,0,0,6,0,[0|0]
233000110,,33000,110,2,0,[0|0],3300010,0,0,0,6,0,[0|0]
233000120,,33000,120,2,0,[0|0],3300020,0,0,0,6,0,[0|0]
233000130,,33000,130,2,0,[0|0],3300030,0,0,0,6,0,[0|0]
233000131,,33000,131,2,0,[0|0],3300031,0,0,0,6,0,[0|0]
233000132,,33000,132,2,0,[0|0],3300032,0,0,0,6,0,[0|0]
233000140,,33000,140,2,0,[0|0],3300140,0,0,0,6,0,[0|0]
233000141,,33000,141,2,0,[0|0],3300141,0,0,0,6,0,[0|0]
233000150,,33000,150,2,0,[0|0],3300150,0,0,0,6,0,[0|0]
233000200,,33000,200,2,0,[0|0],3300100,0,0,0,6,0,[0|0]
233000201,,33000,201,2,0,[0|0],3300101,0,0,0,6,0,[0|0]
233000210,,33000,210,2,0,[0|0],3300110,0,0,0,6,0,[0|0]
233000211,,33000,211,2,0,[0|0],3300111,0,0,0,6,0,[0|0]
233000212,,33000,212,2,0,[0|0],3300112,0,0,0,6,0,[0|0]
233000213,,33000,213,2,0,[0|0],3300113,0,0,0,6,0,[0|0]
233000220,,33000,220,2,0,[0|0],3300120,0,0,0,6,0,[0|0]
233000221,,33000,221,2,0,[0|0],3300121,0,0,0,6,0,[0|0]
233000222,,33000,222,2,0,[0|0],3300122,0,0,0,6,0,[0|0]
233000300,,33000,300,2,0,[0|0],3300200,0,0,0,7,0,[0|0]
233000301,,33000,301,2,0,[0|0],3300201,0,0,0,6,0,[0|0]
233000302,,33000,302,2,0,[0|0],3300202,0,0,0,7,0,[0|0]
233000303,,33000,303,2,0,[0|0],3300203,0,0,0,6,0,[0|0]
233000310,,33000,310,2,0,[0|0],3300210,0,0,0,7,0,[0|0]
233000311,,33000,311,2,0,[0|0],3300211,0,0,0,6,0,[0|0]
233000320,,33000,320,2,0,[0|0],3300220,0,0,0,6,0,[0|0]
233000321,,33000,321,2,0,[0|0],3300221,0,0,0,6,0,[0|0]
233000330,,33000,330,2,0,[0|0],3300230,0,0,0,6,0,[0|0]
233000331,,33000,331,2,0,[0|0],3300231,0,0,0,7,0,[0|0]
233000400,,33000,400,2,1,[0|0],3300400,0,0,0,6,0,[0|0]
233000700,,33000,700,2,1,[0|0],3300700,0,0,0,6,0,[0|0]
233000900,,33000,900,2,0,[0|0],3300900,0,0,0,6,0,[0|0]
233000910,,33000,910,2,0,[0|0],3300910,0,0,0,6,0,[0|0]
233000920,,33000,920,2,0,[0|0],3300920,0,0,0,6,0,[0|0]
233100100,,33100,100,2,0,[0|0],3310000,0,0,0,6,0,[0|0]
233100110,,33100,110,2,0,[0|0],3310010,0,0,0,6,0,[0|0]
233100120,,33100,120,2,0,[0|0],3310020,0,0,0,6,0,[0|0]
233100130,,33100,130,2,0,[0|0],3310030,0,0,0,6,0,[0|0]
233100140,,33100,140,2,0,[0|0],3310040,0,0,0,6,0,[0|0]
233100141,,33100,141,2,0,[0|0],3310041,0,0,0,6,0,[0|0]
233100200,,33100,200,2,0,[0|0],3310100,0,0,0,6,0,[0|0]
233100210,,33100,210,2,0,[0|0],3310110,0,0,0,6,0,[0|0]
233100220,,33100,220,2,0,[0|0],3310120,0,0,0,6,0,[0|0]
233100230,,33100,230,2,0,[0|0],3310130,0,0,0,6,0,[0|0]
233100300,,33100,300,2,0,[0|0],3310200,0,0,0,6,0,[0|0]
233100310,,33100,310,2,0,[0|0],3310210,0,0,0,6,0,[0|0]
233100311,,33100,311,2,0,[0|0],3310211,0,0,0,6,0,[0|0]
233100320,,33100,320,2,0,[0|0],3310220,0,0,0,6,0,[0|0]
233100330,,33100,330,2,0,[0|0],3310330,0,0,0,6,0,[0|0]
233100400,,33100,400,2,0,[0|0],3310500,0,0,0,6,0,[0|0]
233100410,,33100,410,2,0,[0|0],3310510,0,0,0,6,0,[0|0]
233100420,,33100,420,2,0,[0|0],3310520,0,0,0,6,0,[0|0]
233100430,,33100,430,2,0,[0|0],3310530,0,0,0,6,0,[0|0]
233100440,,33100,440,2,0,[0|0],3310540,0,0,0,6,0,[0|0]
233100450,,33100,450,2,0,[0|0],3310550,0,0,0,6,0,[0|0]
233100460,,33100,460,2,0,[0|0],3310560,0,0,0,6,0,[0|0]
233100500,,33100,500,2,0,[0|0],3310400,0,0,0,6,0,[0|0]
233100510,,33100,510,2,0,[0|0],3310410,0,0,0,6,0,[0|0]
233100520,,33100,520,2,0,[0|0],3310420,0,0,0,6,0,[0|0]
233100521,,33100,521,2,0,[0|0],3310421,0,0,0,6,0,[0|0]
233100530,,33100,530,2,0,[0|0],3310430,0,0,0,6,0,[0|0]
233100540,,33100,540,2,0,[0|0],3310440,0,0,0,6,0,[0|0]
233100550,,33100,550,2,0,[0|0],3310450,0,0,0,6,0,[0|0]
233100560,,33100,560,2,0,[0|0],3310460,0,0,0,6,0,[0|0]
233100600,,33100,600,2,1,[0|0],3310500,0,0,0,6,0,[0|0]
233100700,,33100,700,2,1,[0|0],3310700,0,0,0,6,0,[0|0]
233100800,,33100,800,2,0,[0|0],3310800,0,0,0,6,0,[0|0]
233100810,,33100,810,2,0,[0|0],3310810,0,0,0,6,0,[0|0]
233200100,,33200,100,2,0,[0|0],3320100,0,0,0,6,0,[0|0]
233200110,,33200,110,2,0,[0|0],3320110,0,0,0,6,0,[0|0]
233200120,,33200,120,2,1,[0|0],3320120,0,0,0,6,0,[0|0]
233200130,,33200,130,2,1,[0|0],3320130,0,0,0,6,0,[0|0]
233200150,,33200,150,2,0,[0|0],3320150,0,0,0,6,0,[0|0]
233200151,,33200,151,2,0,[0|0],3320151,0,0,0,6,0,[0|0]
233200152,,33200,152,2,1,[0|0],3320152,0,0,0,6,0,[0|0]
233200160,,33200,160,2,1,[0|0],3320160,0,0,0,6,0,[0|0]
233200161,,33200,161,2,1,[0|0],3320161,0,0,0,6,0,[0|0]
233200170,,33200,170,2,1,[0|0],3320170,0,0,0,6,0,[0|0]
233200200,,33200,200,2,0,[0|0],3320200,0,0,0,6,0,[0|0]
233200300,,33200,300,2,0,[0|0],3320300,0,0,0,6,0,[0|0]
233200301,,33200,301,2,0,[0|0],3320301,0,0,0,6,0,[0|0]
233300100,,33300,100,2,0,[0|0],3330100,0,0,0,6,0,[0|0]
233300101,,33300,101,2,0,[0|0],3330101,0,0,0,6,0,[0|0]
233300102,,33300,102,2,0,[0|0],3330102,0,0,0,6,0,[0|0]
233300110,,33300,110,2,0,[0|0],3330110,0,0,0,6,0,[0|0]
233300200,,33300,200,2,0,[0|0],3330200,0,0,0,6,0,[0|0]
233300201,,33300,201,2,0,[0|0],3330201,0,0,0,6,0,[0|0]
233300300,,33300,300,2,0,[0|0],3330300,0,0,0,6,0,[0|0]
233500100,,33500,100,2,0,[0|0],3350000,0,0,0,6,0,[0|0]
233500101,,33500,101,2,0,[0|0],3350001,0,0,0,6,0,[0|0]
233500110,,33500,110,2,0,[0|0],3350010,0,0,0,6,0,[0|0]
233500111,,33500,111,2,0,[0|0],3350011,0,0,0,6,0,[0|0]
233500120,,33500,120,2,0,[0|0],3350020,0,0,0,6,0,[0|0]
233500121,,33500,121,2,0,[0|0],3350021,0,0,0,6,0,[0|0]
233500130,,33500,130,2,0,[0|0],3350030,0,0,0,6,0,[0|0]
233500131,,33500,131,2,0,[0|0],3350031,0,0,0,6,0,[0|0]
233500132,,33500,132,2,0,[0|0],3350032,0,0,0,6,0,[0|0]
233500140,,33500,140,2,0,[0|0],3350040,0,0,0,6,0,[0|0]
233500141,,33500,141,2,0,[0|0],3350041,0,0,0,6,0,[0|0]
233500150,,33500,150,2,1,[0|0],3350050,0,0,0,6,0,[0|0]
233500160,,33500,160,2,1,[0|0],3350060,0,0,0,6,0,[0|0]
233500170,,33500,170,2,0,[0|0],3350070,0,0,0,6,0,[0|0]
233500171,,33500,171,2,0,[0|0],3350071,0,0,0,6,0,[0|0]
233500172,,33500,172,2,0,[0|0],3350072,0,0,0,6,0,[0|0]
233500180,,33500,180,2,0,[0|0],3350080,0,0,0,6,0,[0|0]
233500181,,33500,181,2,0,[0|0],3350081,0,0,0,6,0,[0|0]
233500190,,33500,190,2,0,[0|0],3350090,0,0,0,6,0,[0|0]
233500200,,33500,200,2,0,[0|0],3350100,0,0,0,6,0,[0|0]
233500201,,33500,201,2,0,[0|0],3350101,0,0,0,6,0,[0|0]
233500210,,33500,210,2,0,[0|0],3350110,0,0,0,6,0,[0|0]
233500211,,33500,211,2,0,[0|0],3350111,0,0,0,6,0,[0|0]
233500290,,33500,290,2,0,[0|0],3350190,0,0,0,6,0,[0|0]
233500291,,33500,291,2,0,[0|0],3350191,0,0,0,6,0,[0|0]
233500300,,33500,300,2,0,[0|0],3350200,0,0,0,6,0,[0|0]
233500301,,33500,301,2,0,[0|0],3350201,0,0,0,6,0,[0|0]
233500310,,33500,310,2,0,[0|0],3350210,0,0,0,6,0,[0|0]
233500311,,33500,311,2,0,[0|0],3350211,0,0,0,6,0,[0|0]
233500320,,33500,320,2,0,[0|0],3350220,0,0,0,6,0,[0|0]
233500321,,33500,321,2,0,[0|0],3350221,0,0,0,6,0,[0|0]
233500330,,33500,330,2,0,[0|0],3350230,0,0,0,6,0,[0|0]
233500331,,33500,331,2,0,[0|0],3350231,0,0,0,6,0,[0|0]
233500340,,33500,340,2,0,[0|0],3350240,0,0,0,6,0,[0|0]
233500341,,33500,341,2,0,[0|0],3350241,0,0,0,6,0,[0|0]
233500350,,33500,350,2,0,[0|0],3350250,0,0,0,6,0,[0|0]
233500351,,33500,351,2,0,[0|0],3350251,0,0,0,6,0,[0|0]
233500352,,33500,352,2,0,[0|0],3350252,0,0,0,6,0,[0|0]
233500360,,33500,360,2,0,[0|0],3350260,0,0,0,6,0,[0|0]
233500361,,33500,361,2,0,[0|0],3350261,0,0,0,6,0,[0|0]
233500370,,33500,370,2,0,[0|0],3350270,0,0,0,6,0,[0|0]
233500371,,33500,371,2,0,[0|0],3350271,0,0,0,6,0,[0|0]
233500380,,33500,380,2,0,[0|0],3350280,0,0,0,6,0,[0|0]
233500381,,33500,381,2,0,[0|0],3350281,0,0,0,6,0,[0|0]
233500402,,33500,402,2,1,[0|0],3350402,0,0,0,6,0,[0|0]
233500403,,33500,403,2,1,[0|0],3350403,0,0,0,6,0,[0|0]
233500404,,33500,404,2,1,[0|0],3350404,0,0,0,6,0,[0|0]
233500407,,33500,407,2,1,[0|0],3350407,0,0,0,6,0,[0|0]
233500408,,33500,408,2,1,[0|0],3350408,0,0,0,6,0,[0|0]
233500409,,33500,409,2,1,[0|0],3350409,0,0,0,6,0,[0|0]
233500410,,33500,410,2,1,[0|0],3350410,0,0,0,6,0,[0|0]
233500412,,33500,412,2,1,[0|0],3350412,0,0,0,6,0,[0|0]
233500415,,33500,415,2,1,[0|0],3350415,0,0,0,6,0,[0|0]
233500417,,33500,417,2,1,[0|0],3350417,0,0,0,6,0,[0|0]
233500420,,33500,420,2,1,[0|0],3350420,0,0,0,6,0,[0|0]
233500425,,33500,425,2,1,[0|0],3350425,0,0,0,6,0,[0|0]
233500430,,33500,430,2,1,[0|0],3350430,0,0,0,6,0,[0|0]
233500432,,33500,432,2,1,[0|0],3350432,0,0,0,6,0,[0|0]
233500434,,33500,434,2,1,[0|0],3350434,0,0,0,6,0,[0|0]
233500435,,33500,435,2,1,[0|0],3350435,0,0,0,6,0,[0|0]
233500436,,33500,436,2,1,[0|0],3350436,0,0,0,6,0,[0|0]
233500437,,33500,437,2,1,[0|0],3350437,0,0,0,6,0,[0|0]
233500440,,33500,440,2,1,[0|0],3350440,0,0,0,6,0,[0|0]
233500442,,33500,442,2,1,[0|0],3350442,0,0,0,6,0,[0|0]
233500444,,33500,444,2,1,[0|0],3350444,0,0,0,6,0,[0|0]
233500445,,33500,445,2,1,[0|0],3350445,0,0,0,6,0,[0|0]
233500446,,33500,446,2,1,[0|0],3350446,0,0,0,6,0,[0|0]
233500447,,33500,447,2,1,[0|0],3350447,0,0,0,6,0,[0|0]
233500450,,33500,450,2,0,[0|0],3350450,0,0,0,6,0,[0|0]
233500451,,33500,451,2,0,[0|0],3350451,0,0,0,6,0,[0|0]
233500500,,33500,500,2,0,[0|0],3350300,0,0,0,6,0,[0|0]
233500501,,33500,501,2,0,[0|0],3350301,0,0,0,6,0,[0|0]
233500510,,33500,510,2,0,[0|0],3350310,0,0,0,6,0,[0|0]
233500511,,33500,511,2,0,[0|0],3350311,0,0,0,6,0,[0|0]
233500520,,33500,520,2,0,[0|0],3350320,0,0,0,6,0,[0|0]
233500521,,33500,521,2,0,[0|0],3350321,0,0,0,6,0,[0|0]
233500530,,33500,530,2,0,[0|0],3350330,0,0,0,6,0,[0|0]
233500531,,33500,531,2,0,[0|0],3350331,0,0,0,6,0,[0|0]
233500540,,33500,540,2,0,[0|0],3350340,0,0,0,6,0,[0|0]
233500541,,33500,541,2,0,[0|0],3350341,0,0,0,6,0,[0|0]
233500550,,33500,550,2,0,[0|0],3350350,0,0,0,6,0,[0|0]
233500551,,33500,551,2,0,[0|0],3350351,0,0,0,6,0,[0|0]
233500552,,33500,552,2,0,[0|0],3350352,0,0,0,6,0,[0|0]
233500560,,33500,560,2,0,[0|0],3350360,0,0,0,6,0,[0|0]
233500561,,33500,561,2,0,[0|0],3350361,0,0,0,6,0,[0|0]
233500570,,33500,570,2,0,[0|0],3350370,0,0,0,6,0,[0|0]
233500571,,33500,571,2,0,[0|0],3350371,0,0,0,6,0,[0|0]
233500580,,33500,580,2,0,[0|0],3350380,0,0,0,6,0,[0|0]
233500581,,33500,581,2,0,[0|0],3350381,0,0,0,6,0,[0|0]
233500600,,33500,600,2,0,[0|0],3350500,0,0,0,6,0,[0|0]
233500601,,33500,601,2,0,[0|0],3350501,0,0,0,6,0,[0|0]
233500610,,33500,610,2,0,[0|0],3350510,0,0,0,6,0,[0|0]
233500611,,33500,611,2,0,[0|0],3350511,0,0,0,6,0,[0|0]
233500620,,33500,620,2,0,[0|0],3350520,0,0,0,6,0,[0|0]
233500621,,33500,621,2,0,[0|0],3350521,0,0,0,6,0,[0|0]
233500630,,33500,630,2,0,[0|0],3350530,0,0,0,6,0,[0|0]
233500631,,33500,631,2,0,[0|0],3350531,0,0,0,6,0,[0|0]
233500632,,33500,632,2,0,[0|0],3350532,0,0,0,6,0,[0|0]
233500640,,33500,640,2,0,[0|0],3350540,0,0,0,6,0,[0|0]
233500641,,33500,641,2,0,[0|0],3350541,0,0,0,6,0,[0|0]
233500650,,33500,650,2,1,[0|0],3350550,0,0,0,6,0,[0|0]
233500660,,33500,660,2,1,[0|0],3350560,0,0,0,6,0,[0|0]
233500670,,33500,670,2,0,[0|0],3350570,0,0,0,6,0,[0|0]
233500671,,33500,671,2,0,[0|0],3350571,0,0,0,6,0,[0|0]
233500672,,33500,672,2,0,[0|0],3350572,0,0,0,6,0,[0|0]
233500680,,33500,680,2,0,[0|0],3350580,0,0,0,6,0,[0|0]
233500681,,33500,681,2,0,[0|0],3350581,0,0,0,6,0,[0|0]
233500690,,33500,690,2,0,[0|0],3350590,0,0,0,6,0,[0|0]
233500700,,33500,700,2,0,[0|0],3350600,0,0,0,6,0,[0|0]
233500701,,33500,701,2,0,[0|0],3350601,0,0,0,6,0,[0|0]
233500710,,33500,710,2,0,[0|0],3350610,0,0,0,6,0,[0|0]
233500711,,33500,711,2,0,[0|0],3350611,0,0,0,6,0,[0|0]
233500790,,33500,790,2,0,[0|0],3350690,0,0,0,6,0,[0|0]
233500791,,33500,791,2,0,[0|0],3350691,0,0,0,6,0,[0|0]
233600100,,33600,100,2,0,[0|0],3360100,0,0,0,6,0,[0|0]
233600103,,33600,103,2,0,[0|0],3360103,0,0,0,6,0,[0|0]
233600104,,33600,104,2,0,[0|0],3360104,0,0,0,6,0,[0|0]
233600106,,33600,106,2,0,[0|0],3360106,0,0,0,6,0,[0|0]
233600107,,33600,107,2,0,[0|0],3360107,0,0,0,6,0,[0|0]
233600110,,33600,110,2,0,[0|0],3360110,0,0,0,6,0,[0|0]
233600113,,33600,113,2,0,[0|0],3360113,0,0,0,6,0,[0|0]
233600114,,33600,114,2,0,[0|0],3360114,0,0,0,6,0,[0|0]
233600116,,33600,116,2,0,[0|0],3360116,0,0,0,6,0,[0|0]
233600117,,33600,117,2,0,[0|0],3360117,0,0,0,6,0,[0|0]
233600120,,33600,120,2,0,[0|0],3360120,0,0,0,6,0,[0|0]
233600123,,33600,123,2,0,[0|0],3360123,0,0,0,6,0,[0|0]
233600124,,33600,124,2,0,[0|0],3360124,0,0,0,6,0,[0|0]
233600126,,33600,126,2,0,[0|0],3360126,0,0,0,6,0,[0|0]
233600127,,33600,127,2,0,[0|0],3360127,0,0,0,6,0,[0|0]
233600130,,33600,130,2,0,[0|0],3360130,0,0,0,6,0,[0|0]
233600133,,33600,133,2,0,[0|0],3360133,0,0,0,6,0,[0|0]
233600134,,33600,134,2,0,[0|0],3360134,0,0,0,6,0,[0|0]
233600136,,33600,136,2,0,[0|0],3360136,0,0,0,6,0,[0|0]
233600137,,33600,137,2,0,[0|0],3360137,0,0,0,6,0,[0|0]
233600150,,33600,150,2,0,[0|0],3360150,0,0,0,6,0,[0|0]
233600160,,33600,160,2,0,[0|0],3360160,0,0,0,6,0,[0|0]
233600163,,33600,163,2,0,[0|0],3360163,0,0,0,6,0,[0|0]
233600166,,33600,166,2,0,[0|0],3360166,0,0,0,6,0,[0|0]
233600180,,33600,180,2,0,[0|0],3360180,0,0,0,6,0,[0|0]
233600200,,33600,200,2,0,[0|0],3360200,0,0,0,6,0,[0|0]
233600201,,33600,201,2,0,[0|0],3360201,0,0,0,6,0,[0|0]
233600210,,33600,210,2,0,[0|0],3360210,0,0,0,6,0,[0|0]
233600211,,33600,211,2,0,[0|0],3360211,0,0,0,7,0,[0|0]
233600230,,33600,230,2,0,[0|0],3360230,0,0,0,6,0,[0|0]
233600240,,33600,240,2,0,[0|0],3360240,0,0,0,6,0,[0|0]
233600250,,33600,250,2,0,[0|0],3360250,0,0,0,6,0,[0|0]
233600251,,33600,251,2,0,[0|0],3360251,0,0,0,6,0,[0|0]
233600260,,33600,260,2,0,[0|0],3360260,0,0,0,6,0,[0|0]
233600261,,33600,261,2,0,[0|0],3360261,0,0,0,6,0,[0|0]
233600270,,33600,270,2,0,[0|0],3360270,0,0,0,6,0,[0|0]
233600271,,33600,271,2,0,[0|0],3360271,0,0,0,6,0,[0|0]
233600300,,33600,300,2,0,[0|0],3360300,0,0,0,6,0,[0|0]
233600301,,33600,301,2,0,[0|0],3360301,0,0,0,6,0,[0|0]
233600310,,33600,310,2,0,[0|0],3360310,0,0,0,6,0,[0|0]
233600320,,33600,320,2,1,[0|0],3360320,0,0,0,6,0,[0|0]
233600325,,33600,325,2,0,[0|0],3360325,0,0,0,6,0,[0|0]
233600400,,33600,400,2,1,[0|0],3360400,0,0,0,6,0,[0|0]
233600410,,33600,410,2,1,[0|0],3360410,0,0,0,6,0,[0|0]
233600420,,33600,420,2,1,[0|0],3360420,0,0,0,6,0,[0|0]
233600430,,33600,430,2,1,[0|0],3360430,0,0,0,6,0,[0|0]
233600480,,33600,480,2,0,[0|0],3360480,0,0,0,7,0,[0|0]
233600485,,33600,485,2,0,[0|0],3360485,0,0,0,7,0,[0|0]
233600490,,33600,490,2,1,[0|0],3360490,0,0,0,6,0,[0|0]
233600500,,33600,500,2,1,[0|0],3360500,0,0,0,6,0,[0|0]
233600600,,33600,600,2,0,[0|0],3360600,0,0,0,6,0,[0|0]
233600610,,33600,610,2,0,[0|0],3360610,0,0,0,6,0,[0|0]
233600620,,33600,620,2,0,[0|0],3360620,0,0,0,6,0,[0|0]
233600630,,33600,630,2,0,[0|0],3360630,0,0,0,6,0,[0|0]
233600640,,33600,640,2,0,[0|0],3360640,0,0,0,6,0,[0|0]
233700100,,33700,100,2,0,[0|0],3370100,0,0,0,6,0,[0|0]
233700105,,33700,105,2,0,[0|0],3370105,0,0,0,6,0,[0|0]
233700110,,33700,110,2,0,[0|0],3370110,0,0,0,6,0,[0|0]
233700115,,33700,115,2,0,[0|0],3370115,0,0,0,6,0,[0|0]
233700120,,33700,120,2,1,[0|0],3370120,0,0,0,6,0,[0|0]
233700130,,33700,130,2,1,[0|0],3370130,0,0,0,6,0,[0|0]
233700140,,33700,140,2,1,[0|0],3370140,0,0,0,6,0,[0|0]
233700141,,33700,141,2,1,[0|0],3370141,0,0,0,6,0,[0|0]
233700150,,33700,150,2,0,[0|0],3370150,0,0,0,6,0,[0|0]
233700155,,33700,155,2,0,[0|0],3370155,0,0,0,6,0,[0|0]
234000100,,34000,100,2,0,[0|0],3400100,0,0,0,6,0,[0|0]
234000110,,34000,110,2,0,[0|0],3400110,0,0,0,6,0,[0|0]
234000120,,34000,120,2,0,[0|0],3400120,0,0,0,6,0,[0|0]
234000130,,34000,130,2,0,[0|0],3400130,0,0,0,6,0,[0|0]
234000140,,34000,140,2,0,[0|0],3400140,0,0,0,6,0,[0|0]
234000150,,34000,150,2,0,[0|0],3400150,0,0,0,6,0,[0|0]
234000151,,34000,151,2,0,[0|0],3400151,0,0,0,6,0,[0|0]
234000152,,34000,152,2,0,[0|0],3400152,0,0,0,6,0,[0|0]
234000160,,34000,160,2,0,[0|0],3400160,0,0,0,6,0,[0|0]
234000161,,34000,161,2,0,[0|0],3400161,0,0,0,6,0,[0|0]
234000162,,34000,162,2,0,[0|0],3400162,0,0,0,6,0,[0|0]
234000170,,34000,170,2,0,[0|0],3400170,0,0,0,6,0,[0|0]
234000175,,34000,175,2,0,[0|0],3400175,0,0,0,6,0,[0|0]
234000176,,34000,176,2,1,[0|0],3400176,0,0,0,6,0,[0|0]
234000177,,34000,177,2,1,[0|0],3400177,0,0,0,6,0,[0|0]
234000180,,34000,180,2,0,[0|0],3400180,0,0,0,6,0,[0|0]
234000181,,34000,181,2,0,[0|0],3400181,0,0,0,6,0,[0|0]
234000190,,34000,190,2,0,[0|0],3400190,0,0,0,6,0,[0|0]
234000191,,34000,191,2,0,[0|0],3400191,0,0,0,6,0,[0|0]
234000192,,34000,192,2,0,[0|0],3400192,0,0,0,6,0,[0|0]
234000200,,34000,200,2,0,[0|0],3400200,0,0,0,7,0,[0|0]
234000210,,34000,210,2,0,[0|0],3400210,0,0,0,6,0,[0|0]
234000211,,34000,211,2,0,[0|0],3400211,0,0,0,7,0,[0|0]
234000220,,34000,220,2,0,[0|0],3400220,0,0,0,6,0,[0|0]
234000221,,34000,221,2,0,[0|0],3400221,0,0,0,6,0,[0|0]
234000230,,34000,230,2,0,[0|0],3400230,0,0,0,6,0,[0|0]
234000231,,34000,231,2,0,[0|0],3400231,0,0,0,7,0,[0|0]
234000240,,34000,240,2,0,[0|0],3400240,0,0,0,6,0,[0|0]
234000241,,34000,241,2,0,[0|0],3400241,0,0,0,6,0,[0|0]
234000250,,34000,250,2,0,[0|0],3400250,0,0,0,6,0,[0|0]
234000251,,34000,251,2,0,[0|0],3400251,0,0,0,6,0,[0|0]
234000260,,34000,260,2,0,[0|0],3400260,0,0,0,6,0,[0|0]
234000261,,34000,261,2,0,[0|0],3400261,0,0,0,6,0,[0|0]
234000262,,34000,262,2,0,[0|0],3400262,0,0,0,6,0,[0|0]
234000270,,34000,270,2,0,[0|0],3400270,0,0,0,6,0,[0|0]
234000271,,34000,271,2,0,[0|0],3400271,0,0,0,6,0,[0|0]
234000280,,34000,280,2,0,[0|0],3400280,0,0,0,6,0,[0|0]
234000281,,34000,281,2,0,[0|0],3400281,0,0,0,7,0,[0|0]
234000290,,34000,290,2,0,[0|0],3400290,0,0,0,6,0,[0|0]
234000291,,34000,291,2,0,[0|0],3400291,0,0,0,6,0,[0|0]
234000292,,34000,292,2,0,[0|0],3400292,0,0,0,6,0,[0|0]
234000300,,34000,300,2,0,[0|0],3400300,0,0,0,6,0,[0|0]
234000301,,34000,301,2,0,[0|0],3400301,0,0,0,6,0,[0|0]
234000302,,34000,302,2,0,[0|0],3400302,0,0,0,6,0,[0|0]
234000310,,34000,310,2,0,[0|0],3400310,0,0,0,6,0,[0|0]
234000320,,34000,320,2,0,[0|0],3400320,0,0,0,6,0,[0|0]
234000330,,34000,330,2,0,[0|0],3400330,0,0,0,6,0,[0|0]
234000331,,34000,331,2,0,[0|0],3400331,0,0,0,6,0,[0|0]
234000340,,34000,340,2,0,[0|0],3400340,0,0,0,6,0,[0|0]
234000341,,34000,341,2,0,[0|0],3400341,0,0,0,6,0,[0|0]
234000350,,34000,350,2,0,[0|0],3400350,0,0,0,6,0,[0|0]
234000351,,34000,351,2,0,[0|0],3400351,0,0,0,6,0,[0|0]
234000360,,34000,360,2,0,[0|0],3400360,0,0,0,6,0,[0|0]
234000370,,34000,370,2,1,[0|0],3400370,0,0,0,6,0,[0|0]
234000380,,34000,380,2,1,[0|0],3400380,0,0,0,6,0,[0|0]
234000400,,34000,400,2,0,[0|0],3400400,0,0,0,6,0,[0|0]
234000401,,34000,401,2,0,[0|0],3400401,0,0,0,6,0,[0|0]
234000402,,34000,402,2,0,[0|0],3400402,0,0,0,6,0,[0|0]
234000500,,34000,500,2,1,[0|0],3400500,0,0,0,6,0,[0|0]
234000510,,34000,510,2,0,[0|0],3400510,0,0,0,6,0,[0|0]
234000600,,34000,600,2,0,[0|0],3400600,0,0,0,6,0,[0|0]
234000610,,34000,610,2,0,[0|0],3400610,0,0,0,6,0,[0|0]
234000620,,34000,620,2,0,[0|0],3400620,0,0,0,6,0,[0|0]
234000630,,34000,630,2,0,[0|0],3400630,0,0,0,6,0,[0|0]
234000640,,34000,640,2,0,[0|0],3400640,0,0,0,6,0,[0|0]
234000650,,34000,650,2,0,[0|0],3400650,0,0,0,6,0,[0|0]
234000651,,34000,651,2,0,[0|0],3400651,0,0,0,6,0,[0|0]
234000652,,34000,652,2,0,[0|0],3400652,0,0,0,6,0,[0|0]
234000660,,34000,660,2,0,[0|0],3400660,0,0,0,6,0,[0|0]
234000661,,34000,661,2,0,[0|0],3400661,0,0,0,6,0,[0|0]
234000662,,34000,662,2,0,[0|0],3400662,0,0,0,6,0,[0|0]
234000670,,34000,670,2,0,[0|0],3400670,0,0,0,6,0,[0|0]
234000680,,34000,680,2,0,[0|0],3400680,0,0,0,6,0,[0|0]
234000681,,34000,681,2,0,[0|0],3400681,0,0,0,6,0,[0|0]
234000690,,34000,690,2,0,[0|0],3400690,0,0,0,6,0,[0|0]
234000691,,34000,691,2,0,[0|0],3400691,0,0,0,6,0,[0|0]
234000692,,34000,692,2,0,[0|0],3400692,0,0,0,6,0,[0|0]
234000700,,34000,700,2,0,[0|0],3400700,0,0,0,7,0,[0|0]
234000710,,34000,710,2,0,[0|0],3400710,0,0,0,6,0,[0|0]
234000711,,34000,711,2,0,[0|0],3400711,0,0,0,7,0,[0|0]
234000720,,34000,720,2,0,[0|0],3400720,0,0,0,6,0,[0|0]
234000721,,34000,721,2,0,[0|0],3400721,0,0,0,6,0,[0|0]
234000730,,34000,730,2,0,[0|0],3400730,0,0,0,6,0,[0|0]
234000731,,34000,731,2,0,[0|0],3400731,0,0,0,7,0,[0|0]
234000740,,34000,740,2,0,[0|0],3400740,0,0,0,6,0,[0|0]
234000741,,34000,741,2,0,[0|0],3400741,0,0,0,6,0,[0|0]
234000750,,34000,750,2,0,[0|0],3400750,0,0,0,6,0,[0|0]
234000751,,34000,751,2,0,[0|0],3400751,0,0,0,6,0,[0|0]
234000760,,34000,760,2,0,[0|0],3400760,0,0,0,6,0,[0|0]
234000761,,34000,761,2,0,[0|0],3400761,0,0,0,6,0,[0|0]
234000762,,34000,762,2,0,[0|0],3400762,0,0,0,6,0,[0|0]
234000770,,34000,770,2,0,[0|0],3400770,0,0,0,6,0,[0|0]
234000771,,34000,771,2,0,[0|0],3400771,0,0,0,6,0,[0|0]
234000780,,34000,780,2,0,[0|0],3400780,0,0,0,6,0,[0|0]
234000781,,34000,781,2,0,[0|0],3400781,0,0,0,7,0,[0|0]
234000790,,34000,790,2,0,[0|0],3400790,0,0,0,6,0,[0|0]
234000791,,34000,791,2,0,[0|0],3400791,0,0,0,6,0,[0|0]
234000792,,34000,792,2,0,[0|0],3400792,0,0,0,6,0,[0|0]
234000800,,34000,800,2,0,[0|0],3400800,0,0,0,6,0,[0|0]
234000801,,34000,801,2,0,[0|0],3400801,0,0,0,6,0,[0|0]
234000802,,34000,802,2,0,[0|0],3400802,0,0,0,6,0,[0|0]
234000810,,34000,810,2,0,[0|0],3400810,0,0,0,6,0,[0|0]
234000820,,34000,820,2,0,[0|0],3400820,0,0,0,6,0,[0|0]
234000830,,34000,830,2,0,[0|0],3400830,0,0,0,6,0,[0|0]
234000831,,34000,831,2,0,[0|0],3400831,0,0,0,6,0,[0|0]
234000840,,34000,840,2,0,[0|0],3400840,0,0,0,6,0,[0|0]
234000841,,34000,841,2,0,[0|0],3400841,0,0,0,6,0,[0|0]
234000850,,34000,850,2,0,[0|0],3400850,0,0,0,6,0,[0|0]
234000851,,34000,851,2,0,[0|0],3400851,0,0,0,6,0,[0|0]
234000860,,34000,860,2,0,[0|0],3400860,0,0,0,6,0,[0|0]
234000870,,34000,870,2,1,[0|0],3400870,0,0,0,6,0,[0|0]
234000880,,34000,880,2,1,[0|0],3400880,0,0,0,6,0,[0|0]
234000900,,34000,900,2,0,[0|0],3400900,0,0,0,6,0,[0|0]
234000901,,34000,901,2,0,[0|0],3400901,0,0,0,6,0,[0|0]
234000902,,34000,902,2,0,[0|0],3400902,0,0,0,6,0,[0|0]
234000990,,34000,990,2,0,[0|0],3400990,0,0,0,6,0,[0|0]
234500100,,34500,100,2,0,[0|0],3450100,0,0,0,6,0,[0|0]
234500110,,34500,110,2,0,[0|0],3450110,0,0,0,6,0,[0|0]
234500120,,34500,120,2,0,[0|0],3450120,0,0,0,6,0,[0|0]
234500130,,34500,130,2,0,[0|0],3450130,0,0,0,6,0,[0|0]
234500131,,34500,131,2,0,[0|0],3450131,0,0,0,6,0,[0|0]
234500140,,34500,140,2,0,[0|0],3450140,0,0,0,6,0,[0|0]
234500150,,34500,150,2,0,[0|0],3450150,0,0,0,6,0,[0|0]
234500160,,34500,160,2,0,[0|0],3450160,0,0,0,6,0,[0|0]
234500170,,34500,170,2,0,[0|0],3450170,0,0,0,6,0,[0|0]
234500171,,34500,171,2,0,[0|0],3450171,0,0,0,6,0,[0|0]
234500180,,34500,180,2,0,[0|0],3450180,0,0,0,6,0,[0|0]
234500181,,34500,181,2,0,[0|0],3450181,0,0,0,6,0,[0|0]
234500190,,34500,190,2,0,[0|0],3450190,0,0,0,6,0,[0|0]
234500191,,34500,191,2,0,[0|0],3450191,0,0,0,6,0,[0|0]
234500192,,34500,192,2,0,[0|0],3450192,0,0,0,6,0,[0|0]
234500200,,34500,200,2,0,[0|0],3450200,0,0,0,6,0,[0|0]
234500201,,34500,201,2,0,[0|0],3450201,0,0,0,6,0,[0|0]
234500202,,34500,202,2,1,[0|0],3450202,0,0,0,6,0,[0|0]
234500210,,34500,210,2,1,[0|0],3450210,0,0,0,6,0,[0|0]
234500220,,34500,220,2,1,[0|0],3450220,0,0,0,6,0,[0|0]
234500230,,34500,230,2,0,[0|0],3450230,0,0,0,6,0,[0|0]
234500240,,34500,240,2,0,[0|0],3450240,0,0,0,6,0,[0|0]
234500300,,34500,300,2,1,[0|0],3450300,0,0,0,6,0,[0|0]
234500310,,34500,310,2,1,[0|0],3450310,0,0,0,6,0,[0|0]
234500320,,34500,320,2,1,[0|0],3450320,0,0,0,6,0,[0|0]
234500330,,34500,330,2,0,[0|0],3450330,0,0,0,6,0,[0|0]
234500331,,34500,331,2,0,[0|0],3450331,0,0,0,6,0,[0|0]
234500335,,34500,335,2,0,[0|0],3450335,0,0,0,6,0,[0|0]
234500340,,34500,340,2,0,[0|0],3450340,0,0,0,6,0,[0|0]
234500350,,34500,350,2,0,[0|0],3450350,0,0,0,6,0,[0|0]
234500400,,34500,400,2,0,[0|0],3450400,0,0,0,6,0,[0|0]
234500401,,34500,401,2,0,[0|0],3450401,0,0,0,6,0,[0|0]
234500410,,34500,410,2,0,[0|0],3450410,0,0,0,6,0,[0|0]
234500411,,34500,411,2,0,[0|0],3450411,0,0,0,6,0,[0|0]
234500412,,34500,412,2,0,[0|0],3450412,0,0,0,6,0,[0|0]
234510100,,34510,100,2,0,[0|0],3451100,0,0,0,6,0,[0|0]
234510110,,34510,110,2,0,[0|0],3451110,0,0,0,6,0,[0|0]
234510111,,34510,111,2,0,[0|0],3451111,0,0,0,6,0,[0|0]
234510120,,34510,120,2,0,[0|0],3451120,0,0,0,6,0,[0|0]
234510130,,34510,130,2,0,[0|0],3451130,0,0,0,6,0,[0|0]
234510140,,34510,140,2,0,[0|0],3451140,0,0,0,6,0,[0|0]
234510141,,34510,141,2,0,[0|0],3451141,0,0,0,6,0,[0|0]
234510150,,34510,150,2,0,[0|0],3451150,0,0,0,6,0,[0|0]
234510160,,34510,160,2,0,[0|0],3451160,0,0,0,6,0,[0|0]
234510170,,34510,170,2,0,[0|0],3451170,0,0,0,6,0,[0|0]
234510180,,34510,180,2,0,[0|0],3451180,0,0,0,6,0,[0|0]
234510400,,34510,400,2,0,[0|0],3451400,0,0,0,6,0,[0|0]
234510401,,34510,401,2,0,[0|0],3451410,0,0,0,6,0,[0|0]
234600100,,34600,100,2,0,[0|0],3460100,0,0,0,6,0,[0|0]
234600110,,34600,110,2,0,[0|0],3460110,0,0,0,6,0,[0|0]
234600120,,34600,120,2,0,[0|0],3460120,0,0,0,6,0,[0|0]
234600121,,34600,121,2,0,[0|0],3460121,0,0,0,6,0,[0|0]
234600130,,34600,130,2,0,[0|0],3460130,0,0,0,6,0,[0|0]
234600131,,34600,131,2,0,[0|0],3460131,0,0,0,6,0,[0|0]
234600140,,34600,140,2,0,[0|0],3460140,0,0,0,6,0,[0|0]
234600150,,34600,150,2,1,[0|0],3460150,0,0,0,6,0,[0|0]
234600151,,34600,151,2,1,[0|0],3460151,0,0,0,6,0,[0|0]
234600160,,34600,160,2,0,[0|0],3460160,0,0,0,6,0,[0|0]
234600170,,34600,170,2,0,[0|0],3460170,0,0,0,6,0,[0|0]
234600180,,34600,180,2,0,[0|0],3460180,0,0,0,6,0,[0|0]
234600181,,34600,181,2,0,[0|0],3460181,0,0,0,6,0,[0|0]
234600190,,34600,190,2,0,[0|0],3460190,0,0,0,6,0,[0|0]
234600200,,34600,200,2,0,[0|0],3460200,0,0,0,6,0,[0|0]
234600201,,34600,201,2,1,[0|0],3460201,0,0,0,6,0,[0|0]
234600210,,34600,210,2,0,[0|0],3460210,0,0,0,6,0,[0|0]
234600220,,34600,220,2,0,[0|0],3460220,0,0,0,6,0,[0|0]
234600230,,34600,230,2,1,[0|0],3460230,0,0,0,6,0,[0|0]
234600240,,34600,240,2,0,[0|0],3460240,0,0,0,6,0,[0|0]
234600241,,34600,241,2,1,[0|0],3460241,0,0,0,6,0,[0|0]
234600242,,34600,242,2,1,[0|0],3460242,0,0,0,6,0,[0|0]
234600300,,34600,300,2,0,[0|0],3460300,0,0,0,6,0,[0|0]
234700100,,34700,100,2,1,[0|0],3470000,0,0,0,6,0,[0|0]
234700110,,34700,110,2,0,[0|0],3470005,0,0,0,6,0,[0|0]
234700111,,34700,111,2,0,[0|0],3470006,0,0,0,6,0,[0|0]
234700120,,34700,120,2,0,[0|0],3470010,0,0,0,6,0,[0|0]
234700121,,34700,121,2,0,[0|0],3470011,0,0,0,6,0,[0|0]
234700122,,34700,122,2,0,[0|0],3470012,0,0,0,6,0,[0|0]
234700123,,34700,123,2,0,[0|0],3470013,0,0,0,6,0,[0|0]
234700124,,34700,124,2,0,[0|0],3470014,0,0,0,6,0,[0|0]
234700125,,34700,125,2,0,[0|0],3470015,0,0,0,6,0,[0|0]
234700126,,34700,126,2,0,[0|0],3470016,0,0,0,6,0,[0|0]
234700130,,34700,130,2,0,[0|0],3470020,0,0,0,6,0,[0|0]
234700131,,34700,131,2,0,[0|0],3470021,0,0,0,6,0,[0|0]
234700132,,34700,132,2,0,[0|0],3470022,0,0,0,6,0,[0|0]
234700133,,34700,133,2,0,[0|0],3470023,0,0,0,6,0,[0|0]
234700134,,34700,134,2,0,[0|0],3470024,0,0,0,6,0,[0|0]
234700135,,34700,135,2,0,[0|0],3470025,0,0,0,6,0,[0|0]
234700136,,34700,136,2,0,[0|0],3470026,0,0,0,6,0,[0|0]
234700137,,34700,137,2,1,[0|0],3470027,0,0,0,6,0,[0|0]
234700138,,34700,138,2,0,[0|0],3470028,0,0,0,6,0,[0|0]
234700140,,34700,140,2,0,[0|0],3470030,0,0,0,6,0,[0|0]
234700141,,34700,141,2,0,[0|0],3470031,0,0,0,6,0,[0|0]
234700142,,34700,142,2,0,[0|0],3470032,0,0,0,6,0,[0|0]
234700143,,34700,143,2,0,[0|0],3470033,0,0,0,6,0,[0|0]
234700144,,34700,144,2,0,[0|0],3470034,0,0,0,6,0,[0|0]
234700145,,34700,145,2,0,[0|0],3470035,0,0,0,6,0,[0|0]
234700146,,34700,146,2,0,[0|0],3470036,0,0,0,6,0,[0|0]
234700147,,34700,147,2,0,[0|0],3470037,0,0,0,6,0,[0|0]
234700148,,34700,148,2,0,[0|0],3470038,0,0,0,6,0,[0|0]
234700150,,34700,150,2,0,[0|0],3470040,0,0,0,6,0,[0|0]
234700151,,34700,151,2,0,[0|0],3470041,0,0,0,6,0,[0|0]
234700152,,34700,152,2,0,[0|0],3470042,0,0,0,6,0,[0|0]
234700153,,34700,153,2,0,[0|0],3470043,0,0,0,6,0,[0|0]
234700160,,34700,160,2,0,[0|0],3470050,0,0,0,6,0,[0|0]
234700161,,34700,161,2,0,[0|0],3470051,0,0,0,6,0,[0|0]
234700162,,34700,162,2,0,[0|0],3470052,0,0,0,6,0,[0|0]
234700163,,34700,163,2,0,[0|0],3470053,0,0,0,6,0,[0|0]
234700164,,34700,164,2,0,[0|0],3470054,0,0,0,6,0,[0|0]
234700165,,34700,165,2,0,[0|0],3470055,0,0,0,6,0,[0|0]
234700166,,34700,166,2,0,[0|0],3470056,0,0,0,6,0,[0|0]
234700167,,34700,167,2,0,[0|0],3470057,0,0,0,6,0,[0|0]
234700168,,34700,168,2,0,[0|0],3470058,0,0,0,6,0,[0|0]
234700170,,34700,170,2,0,[0|0],3470060,0,0,0,6,0,[0|0]
234700171,,34700,171,2,0,[0|0],3470061,0,0,0,6,0,[0|0]
234700180,,34700,180,2,0,[0|0],3470070,0,0,0,6,0,[0|0]
234700181,,34700,181,2,0,[0|0],3470071,0,0,0,6,0,[0|0]
234700182,,34700,182,2,0,[0|0],3470072,0,0,0,6,0,[0|0]
234700183,,34700,183,2,0,[0|0],3470073,0,0,0,6,0,[0|0]
234700184,,34700,184,2,0,[0|0],3470074,0,0,0,6,0,[0|0]
234700185,,34700,185,2,0,[0|0],3470075,0,0,0,6,0,[0|0]
234700186,,34700,186,2,0,[0|0],3470076,0,0,0,6,0,[0|0]
234700187,,34700,187,2,0,[0|0],3470077,0,0,0,6,0,[0|0]
234700188,,34700,188,2,0,[0|0],3470078,0,0,0,6,0,[0|0]
234700189,,34700,189,2,0,[0|0],3470079,0,0,0,6,0,[0|0]
234700190,,34700,190,2,1,[0|0],3470190,0,0,0,6,0,[0|0]
234700191,,34700,191,2,1,[0|0],3470191,0,0,0,6,0,[0|0]
234700192,,34700,192,2,1,[0|0],3470192,0,0,0,6,0,[0|0]
234700200,,34700,200,2,1,[0|0],3470200,0,0,0,6,0,[0|0]
235000100,,35000,100,2,0,[0|0],3500000,0,0,0,6,0,[0|0]
235000110,,35000,110,2,0,[0|0],3500010,0,0,0,6,0,[0|0]
235000120,,35000,120,2,0,[0|0],3500020,0,0,0,6,0,[0|0]
235000130,,35000,130,2,0,[0|0],3500030,0,0,0,6,0,[0|0]
235000140,,35000,140,2,0,[0|0],3500040,0,0,0,6,0,[0|0]
235000200,,35000,200,2,1,[0|0],3500100,0,0,0,6,0,[0|0]
235000201,,35000,201,2,1,[0|0],3500101,0,0,0,6,0,[0|0]
235000250,,35000,250,2,0,[0|0],3500150,0,0,0,6,0,[0|0]
235000260,,35000,260,2,0,[0|0],3500160,0,0,0,6,0,[0|0]
235000300,,35000,300,2,0,[0|0],3500200,0,0,0,6,0,[0|0]
235000301,,35000,301,2,0,[0|0],3500201,0,0,0,6,0,[0|0]
235000310,,35000,310,2,0,[0|0],3500210,0,0,0,6,0,[0|0]
235000320,,35000,320,2,0,[0|0],3500220,0,0,0,6,0,[0|0]
235000330,,35000,330,2,0,[0|0],3500230,0,0,0,6,0,[0|0]
235000400,,35000,400,2,0,[0|0],3500300,0,0,0,6,0,[0|0]
235000410,,35000,410,2,0,[0|0],3500310,0,0,0,6,0,[0|0]
235000420,,35000,420,2,0,[0|0],3500320,0,0,0,6,0,[0|0]
235000430,,35000,430,2,0,[0|0],3500330,0,0,0,6,0,[0|0]
235000440,,35000,440,2,1,[0|0],3500340,0,0,0,6,0,[0|0]
235000450,,35000,450,2,1,[0|0],3500350,0,0,0,6,0,[0|0]
235000460,,35000,460,2,0,[0|0],3500360,0,0,0,6,0,[0|0]
235000470,,35000,470,2,1,[0|0],3500370,0,0,0,6,0,[0|0]
235000480,,35000,480,2,1,[0|0],3500380,0,0,0,6,0,[0|0]
235000500,,35000,500,2,0,[0|0],3500400,0,0,0,6,0,[0|0]
235000501,,35000,501,2,0,[0|0],3500401,0,0,0,7,0,[0|0]
235000510,,35000,510,2,0,[0|0],3500410,0,0,0,6,0,[0|0]
235000520,,35000,520,2,0,[0|0],3500420,0,0,0,7,0,[0|0]
235000530,,35000,530,2,0,[0|0],3500430,0,0,0,6,0,[0|0]
235000540,,35000,540,2,0,[0|0],3500440,0,0,0,6,0,[0|0]
235000541,,35000,541,2,0,[0|0],3500441,0,0,0,7,0,[0|0]
235000550,,35000,550,2,0,[0|0],3500450,0,0,0,6,0,[0|0]
235000551,,35000,551,2,0,[0|0],3500451,0,0,0,7,0,[0|0]
235000560,,35000,560,2,0,[0|0],3500460,0,0,0,6,0,[0|0]
235000561,,35000,561,2,0,[0|0],3500461,0,0,0,7,0,[0|0]
235000600,,35000,600,2,1,[0|0],3500500,0,0,0,6,0,[0|0]
235000650,,35000,650,2,1,[0|0],3500550,0,0,0,6,0,[0|0]
235000900,,35000,900,2,0,[0|0],3500800,0,0,0,6,0,[0|0]
235000901,,35000,901,2,0,[0|0],3500801,0,0,0,6,0,[0|0]
235000910,,35000,910,2,1,[0|0],3500810,0,0,0,6,0,[0|0]
235000920,,35000,920,2,0,[0|0],3500820,0,0,0,6,0,[0|0]
235000990,,35000,990,2,1,[0|0],3500890,0,0,0,6,0,[0|0]
235000991,,35000,991,2,1,[0|0],3500891,0,0,0,6,0,[0|0]
235100010,,35100,10,2,0,[0|0],3510010,0,0,0,6,0,[0|0]
235100020,,35100,20,2,0,[0|0],3510020,0,0,0,6,0,[0|0]
235100030,,35100,30,2,0,[0|0],3510030,0,0,0,6,0,[0|0]
235100040,,35100,40,2,0,[0|0],3510040,20,0,0,6,0,[0|0]
235100050,,35100,50,2,0,[0|0],3510050,0,0,0,6,0,[0|0]
235100060,,35100,60,2,0,[0|0],3510060,0,0,0,6,0,[0|0]
235100070,,35100,70,2,0,[0|0],3510070,0,0,0,6,0,[0|0]
235100080,,35100,80,2,0,[0|0],3510080,20,0,0,6,0,[0|0]
235100090,,35100,90,2,1,[0|0],3510090,0,0,0,6,0,[0|0]
235100100,,35100,100,2,0,[0|0],3510100,0,0,0,6,0,[0|0]
235100105,,35100,105,2,0,[0|0],3510105,0,0,0,6,0,[0|0]
235100110,,35100,110,2,0,[0|0],3510110,0,0,0,6,0,[0|0]
235100120,,35100,120,2,0,[0|0],3510120,0,0,0,6,0,[0|0]
235100130,,35100,130,2,0,[0|0],3510130,0,0,0,6,0,[0|0]
235100140,,35100,140,2,0,[0|0],3510140,0,0,0,6,0,[0|0]
235100150,,35100,150,2,0,[0|0],3510150,20,0,0,6,0,[0|0]
235100160,,35100,160,2,0,[0|0],3510160,0,0,0,6,0,[0|0]
235100170,,35100,170,2,0,[0|0],3510170,0,0,0,6,0,[0|0]
235100180,,35100,180,2,0,[0|0],3510180,20,0,0,6,0,[0|0]
235100190,,35100,190,2,0,[0|0],3510190,20,0,0,6,0,[0|0]
235100200,,35100,200,2,0,[0|0],3510200,0,0,0,6,0,[0|0]
235100210,,35100,210,2,0,[0|0],3510210,20,0,0,6,0,[0|0]
235100220,,35100,220,2,0,[0|0],3510220,0,0,0,6,0,[0|0]
235100230,,35100,230,2,1,[0|0],3510230,0,0,0,6,0,[0|0]
235100240,,35100,240,2,0,[0|0],3510240,0,0,0,6,0,[0|0]
235100500,,35100,500,2,0,[0|0],3510500,0,0,0,6,0,[0|0]
235100510,,35100,510,2,0,[0|0],3510510,0,0,0,6,0,[0|0]
235100520,,35100,520,2,0,[0|0],3510520,0,0,0,6,0,[0|0]
235100700,,35100,700,2,1,[0|0],3510700,0,0,0,6,0,[0|0]
235100701,,35100,701,2,1,[0|0],3510701,0,0,0,6,0,[0|0]
235100900,,35100,900,2,0,[0|0],3510900,0,0,0,6,0,[0|0]
235100910,,35100,910,2,0,[0|0],3510910,0,0,0,6,0,[0|0]
235500100,,35500,100,2,0,[0|0],3550100,0,0,0,6,0,[0|0]
235500110,,35500,110,2,0,[0|0],3550110,0,0,0,6,0,[0|0]
235500120,,35500,120,2,0,[0|0],3550120,0,0,0,6,0,[0|0]
235500121,,35500,121,2,0,[0|0],3550121,0,0,0,6,0,[0|0]
235500130,,35500,130,2,0,[0|0],3550130,0,0,0,6,0,[0|0]
235500140,,35500,140,2,0,[0|0],3550140,0,0,0,6,0,[0|0]
235500150,,35500,150,2,0,[0|0],3550150,0,0,0,6,0,[0|0]
235500160,,35500,160,2,0,[0|0],3550160,0,0,0,6,0,[0|0]
235500170,,35500,170,2,0,[0|0],3550170,0,0,0,6,0,[0|0]
235500180,,35500,180,2,0,[0|0],3550180,0,0,0,6,0,[0|0]
235500190,,35500,190,2,0,[0|0],3550190,0,0,0,6,0,[0|0]
235500200,,35500,200,2,0,[0|0],3550200,0,0,0,6,0,[0|0]
235500201,,35500,201,2,0,[0|0],3550201,0,0,0,6,0,[0|0]
235500202,,35500,202,2,0,[0|0],3550202,0,0,0,6,0,[0|0]
235500210,,35500,210,2,0,[0|0],3550210,0,0,0,6,0,[0|0]
235500230,,35500,230,2,0,[0|0],3550230,0,0,0,6,0,[0|0]
235500240,,35500,240,2,0,[0|0],3550240,0,0,0,6,0,[0|0]
235500250,,35500,250,2,0,[0|0],3550250,0,0,0,6,0,[0|0]
235500260,,35500,260,2,0,[0|0],3550260,0,0,0,6,0,[0|0]
235500270,,35500,270,2,0,[0|0],3550270,0,0,0,6,0,[0|0]
235500271,,35500,271,2,0,[0|0],3550271,0,0,0,6,0,[0|0]
235500280,,35500,280,2,1,[0|0],3550280,0,0,0,6,0,[0|0]
235500285,,35500,285,2,0,[0|0],3550285,0,0,0,6,0,[0|0]
235500290,,35500,290,2,1,[0|0],3550290,0,0,0,6,0,[0|0]
235500295,,35500,295,2,0,[0|0],3550295,0,0,0,6,0,[0|0]
235500400,,35500,400,2,0,[0|0],3550400,0,0,0,6,0,[0|0]
235500410,,35500,410,2,0,[0|0],3550410,0,0,0,6,0,[0|0]
235500411,,35500,411,2,0,[0|0],3550411,0,0,0,6,0,[0|0]
235500800,,35500,800,2,0,[0|0],3550800,0,0,0,6,0,[0|0]
235600100,,35600,100,2,0,[0|0],3560100,0,0,0,6,0,[0|0]
235600110,,35600,110,2,0,[0|0],3560110,0,0,0,6,0,[0|0]
235600111,,35600,111,2,0,[0|0],3560111,0,0,0,6,0,[0|0]
235600120,,35600,120,2,0,[0|0],3560120,0,0,0,6,0,[0|0]
235600121,,35600,121,2,0,[0|0],3560121,0,0,0,6,0,[0|0]
235600130,,35600,130,2,0,[0|0],3560130,0,0,0,6,0,[0|0]
235600131,,35600,131,2,0,[0|0],3560131,0,0,0,6,0,[0|0]
235600140,,35600,140,2,0,[0|0],3560140,0,0,0,6,0,[0|0]
235600150,,35600,150,2,0,[0|0],3560150,0,0,0,6,0,[0|0]
235600160,,35600,160,2,0,[0|0],3560160,0,0,0,6,0,[0|0]
235600161,,35600,161,2,0,[0|0],3560161,0,0,0,6,0,[0|0]
235600170,,35600,170,2,0,[0|0],3560170,0,0,0,6,0,[0|0]
235600180,,35600,180,2,0,[0|0],3560180,0,0,0,6,0,[0|0]
235600190,,35600,190,2,0,[0|0],3560190,0,0,0,6,0,[0|0]
235600191,,35600,191,2,0,[0|0],3560191,0,0,0,6,0,[0|0]
235600192,,35600,192,2,0,[0|0],3560192,0,0,0,6,0,[0|0]
235600193,,35600,193,2,0,[0|0],3560193,0,0,0,6,0,[0|0]
235600194,,35600,194,2,0,[0|0],3560194,0,0,0,6,0,[0|0]
235600195,,35600,195,2,0,[0|0],3560195,0,0,0,6,0,[0|0]
235600196,,35600,196,2,0,[0|0],3560196,0,0,0,6,0,[0|0]
235600197,,35600,197,2,0,[0|0],3560197,0,0,0,6,0,[0|0]
235600198,,35600,198,2,1,[0|0],3560198,0,0,0,6,0,[0|0]
235600200,,35600,200,2,0,[0|0],3560200,0,0,0,6,0,[0|0]
235600201,,35600,201,2,0,[0|0],3560201,0,0,0,6,0,[0|0]
235600210,,35600,210,2,0,[0|0],3560210,0,0,0,6,0,[0|0]
235600211,,35600,211,2,0,[0|0],3560211,0,0,0,6,0,[0|0]
235600212,,35600,212,2,0,[0|0],3560212,0,0,0,6,0,[0|0]
235600213,,35600,213,2,0,[0|0],3560213,0,0,0,6,0,[0|0]
235600220,,35600,220,2,0,[0|0],3560220,0,0,0,6,0,[0|0]
235600221,,35600,221,2,0,[0|0],3560221,0,0,0,6,0,[0|0]
235600230,,35600,230,2,0,[0|0],3560230,0,0,0,6,0,[0|0]
235600231,,35600,231,2,0,[0|0],3560231,0,0,0,6,0,[0|0]
235600232,,35600,232,2,0,[0|0],3560232,0,0,0,6,0,[0|0]
235600233,,35600,233,2,0,[0|0],3560233,0,0,0,6,0,[0|0]
235600234,,35600,234,2,0,[0|0],3560234,0,0,0,6,0,[0|0]
235600235,,35600,235,2,0,[0|0],3560235,0,0,0,6,0,[0|0]
235600236,,35600,236,2,1,[0|0],3560236,0,0,0,6,0,[0|0]
235600240,,35600,240,2,0,[0|0],3560240,0,0,0,6,0,[0|0]
235600241,,35600,241,2,0,[0|0],3560241,0,0,0,6,0,[0|0]
235600242,,35600,242,2,1,[0|0],3560242,0,0,0,6,0,[0|0]
235600243,,35600,243,2,1,[0|0],3560243,0,0,0,6,0,[0|0]
235600250,,35600,250,2,1,[0|0],3560250,0,0,0,6,0,[0|0]
235600251,,35600,251,2,1,[0|0],3560251,0,0,0,6,0,[0|0]
235600260,,35600,260,2,1,[0|0],3560260,0,0,0,6,0,[0|0]
235600261,,35600,261,2,1,[0|0],3560261,0,0,0,6,0,[0|0]
235600270,,35600,270,2,1,[0|0],3560270,0,0,0,6,0,[0|0]
235600280,,35600,280,2,0,[0|0],3560280,0,0,0,6,0,[0|0]
235600290,,35600,290,2,0,[0|0],3560290,0,0,0,6,0,[0|0]
235600291,,35600,291,2,0,[0|0],3560291,0,0,0,6,0,[0|0]
235600300,,35600,300,2,0,[0|0],3560300,0,0,0,6,0,[0|0]
235600301,,35600,301,2,0,[0|0],3560301,0,0,0,6,0,[0|0]
235600310,,35600,310,2,0,[0|0],3560310,0,0,0,6,0,[0|0]
235600320,,35600,320,2,0,[0|0],3560320,0,0,0,6,0,[0|0]
235600330,,35600,330,2,0,[0|0],3560330,0,0,0,6,0,[0|0]
235600331,,35600,331,2,0,[0|0],3560331,0,0,0,6,0,[0|0]
235600332,,35600,332,2,0,[0|0],3560332,0,0,0,6,0,[0|0]
235600340,,35600,340,2,0,[0|0],3560340,0,0,0,6,0,[0|0]
235600341,,35600,341,2,0,[0|0],3560341,0,0,0,6,0,[0|0]
235600342,,35600,342,2,0,[0|0],3560342,0,0,0,6,0,[0|0]
235600350,,35600,350,2,1,[0|0],3560350,0,0,0,6,0,[0|0]
235600400,,35600,400,2,0,[0|0],3560400,0,0,0,6,0,[0|0]
235600401,,35600,401,2,0,[0|0],3560401,0,0,0,6,0,[0|0]
235600410,,35600,410,2,0,[0|0],3560410,0,0,0,6,0,[0|0]
235600420,,35600,420,2,0,[0|0],3560420,0,0,0,6,0,[0|0]
235600421,,35600,421,2,0,[0|0],3560421,0,0,0,6,0,[0|0]
235600422,,35600,422,2,0,[0|0],3560422,0,0,0,6,0,[0|0]
235600430,,35600,430,2,0,[0|0],3560430,0,0,0,6,0,[0|0]
235600440,,35600,440,2,0,[0|0],3560440,0,0,0,6,0,[0|0]
235600450,,35600,450,2,0,[0|0],3560450,0,0,0,6,0,[0|0]
235600460,,35600,460,2,0,[0|0],3560460,0,0,0,6,0,[0|0]
235600470,,35600,470,2,0,[0|0],3560470,0,0,0,6,0,[0|0]
235600800,,35600,800,2,0,[0|0],3560800,0,0,0,6,0,[0|0]
235600900,,35600,900,2,0,[0|0],3560900,0,0,0,6,0,[0|0]
235600901,,35600,901,2,0,[0|0],3560901,0,0,0,6,0,[0|0]
235600902,,35600,902,2,0,[0|0],3560902,0,0,0,6,0,[0|0]
235600910,,35600,910,2,1,[0|0],3560910,0,0,0,6,0,[0|0]
235600911,,35600,911,2,1,[0|0],3560911,0,0,0,6,0,[0|0]
235700100,,35700,100,2,0,[0|0],3570100,0,0,0,6,0,[0|0]
235700101,,35700,101,2,0,[0|0],3570101,0,0,0,6,0,[0|0]
235700110,,35700,110,2,0,[0|0],3570110,0,0,0,6,0,[0|0]
235700120,,35700,120,2,0,[0|0],3570120,0,0,0,6,0,[0|0]
235700121,,35700,121,2,0,[0|0],3570121,0,0,0,6,0,[0|0]
235700130,,35700,130,2,0,[0|0],3570130,0,0,0,6,0,[0|0]
235700140,,35700,140,2,0,[0|0],3570140,0,0,0,6,0,[0|0]
235700150,,35700,150,2,0,[0|0],3570150,0,0,0,6,0,[0|0]
235700151,,35700,151,2,0,[0|0],3570151,0,0,0,6,0,[0|0]
235700160,,35700,160,2,0,[0|0],3570160,0,0,0,6,0,[0|0]
235700170,,35700,170,2,0,[0|0],3570170,0,0,0,6,0,[0|0]
235700180,,35700,180,2,0,[0|0],3570180,0,0,0,6,0,[0|0]
235700190,,35700,190,2,0,[0|0],3570190,0,0,0,6,0,[0|0]
235700191,,35700,191,2,1,[0|0],3570191,0,0,0,6,0,[0|0]
235700200,,35700,200,2,0,[0|0],3570200,0,0,0,6,0,[0|0]
235700210,,35700,210,2,0,[0|0],3570210,0,0,0,6,0,[0|0]
235700211,,35700,211,2,0,[0|0],3570211,0,0,0,6,0,[0|0]
235700212,,35700,212,2,0,[0|0],3570212,0,0,0,6,0,[0|0]
235700220,,35700,220,2,0,[0|0],3570220,0,0,0,6,0,[0|0]
235700221,,35700,221,2,0,[0|0],3570221,0,0,0,6,0,[0|0]
235700230,,35700,230,2,0,[0|0],3570230,0,0,0,6,0,[0|0]
235700240,,35700,240,2,0,[0|0],3570240,0,0,0,6,0,[0|0]
235700250,,35700,250,2,0,[0|0],3570250,0,0,0,6,0,[0|0]
235700251,,35700,251,2,0,[0|0],3570251,0,0,0,6,0,[0|0]
235700252,,35700,252,2,0,[0|0],3570252,0,0,0,6,0,[0|0]
235700253,,35700,253,2,0,[0|0],3570253,0,0,0,6,0,[0|0]
235700254,,35700,254,2,0,[0|0],3570254,0,0,0,6,0,[0|0]
235700255,,35700,255,2,0,[0|0],3570255,0,0,0,6,0,[0|0]
235700256,,35700,256,2,0,[0|0],3570256,0,0,0,6,0,[0|0]
235700260,,35700,260,2,0,[0|0],3570260,0,0,0,6,0,[0|0]
235700261,,35700,261,2,1,[0|0],3570261,0,0,0,6,0,[0|0]
235700262,,35700,262,2,1,[0|0],3570262,0,0,0,6,0,[0|0]
235700270,,35700,270,2,0,[0|0],3570270,0,0,0,6,0,[0|0]
235700271,,35700,271,2,0,[0|0],3570271,0,0,0,6,0,[0|0]
235700272,,35700,272,2,0,[0|0],3570272,0,0,0,6,0,[0|0]
235700273,,35700,273,2,0,[0|0],3570273,0,0,0,6,0,[0|0]
235700274,,35700,274,2,1,[0|0],3570274,0,0,0,6,0,[0|0]
235700275,,35700,275,2,1,[0|0],3570275,0,0,0,6,0,[0|0]
235700280,,35700,280,2,0,[0|0],3570280,0,0,0,6,0,[0|0]
235700281,,35700,281,2,0,[0|0],3570281,0,0,0,6,0,[0|0]
235700282,,35700,282,2,0,[0|0],3570282,0,0,0,6,0,[0|0]
235700283,,35700,283,2,0,[0|0],3570283,0,0,0,6,0,[0|0]
235700290,,35700,290,2,0,[0|0],3570290,0,0,0,6,0,[0|0]
235700291,,35700,291,2,0,[0|0],3570291,0,0,0,6,0,[0|0]
235700300,,35700,300,2,1,[0|0],3570300,0,0,0,6,0,[0|0]
235700301,,35700,301,2,1,[0|0],3570301,0,0,0,6,0,[0|0]
235700302,,35700,302,2,1,[0|0],3570302,0,0,0,6,0,[0|0]
235700303,,35700,303,2,1,[0|0],3570303,0,0,0,6,0,[0|0]
235700310,,35700,310,2,1,[0|0],3570310,0,0,0,6,0,[0|0]
235700311,,35700,311,2,1,[0|0],3570311,0,0,0,6,0,[0|0]
235700320,,35700,320,2,1,[0|0],3570320,0,0,0,6,0,[0|0]
235700330,,35700,330,2,0,[0|0],3570330,0,0,0,6,0,[0|0]
235700340,,35700,340,2,0,[0|0],3570340,0,0,0,6,0,[0|0]
235700350,,35700,350,2,0,[0|0],3570350,0,0,0,6,0,[0|0]
235700360,,35700,360,2,0,[0|0],3570360,0,0,0,6,0,[0|0]
235700370,,35700,370,2,0,[0|0],3570370,0,0,0,6,0,[0|0]
235700380,,35700,380,2,0,[0|0],3570380,0,0,0,6,0,[0|0]
235700390,,35700,390,2,0,[0|0],3570390,0,0,0,6,0,[0|0]
235700391,,35700,391,2,0,[0|0],3570391,0,0,0,6,0,[0|0]
235700400,,35700,400,2,0,[0|0],3570400,0,0,0,6,0,[0|0]
235700410,,35700,410,2,1,[0|0],3570410,0,0,0,6,0,[0|0]
235700420,,35700,420,2,1,[0|0],3570420,0,0,0,6,0,[0|0]
235700421,,35700,421,2,1,[0|0],3570421,0,0,0,6,0,[0|0]
235700500,,35700,500,2,0,[0|0],3570500,0,0,0,6,0,[0|0]
235700510,,35700,510,2,1,[0|0],3570510,0,0,0,6,0,[0|0]
235700515,,35700,515,2,1,[0|0],3570515,0,0,0,6,0,[0|0]
235700520,,35700,520,2,0,[0|0],3570520,0,0,0,6,0,[0|0]
235700521,,35700,521,2,0,[0|0],3570521,0,0,0,6,0,[0|0]
235700525,,35700,525,2,1,[0|0],3570525,0,0,0,6,0,[0|0]
235700530,,35700,530,2,1,[0|0],3570530,0,0,0,6,0,[0|0]
235700540,,35700,540,2,1,[0|0],3570540,0,0,0,6,0,[0|0]
235700550,,35700,550,2,1,[0|0],3570550,0,0,0,6,0,[0|0]
235700551,,35700,551,2,1,[0|0],3570551,0,0,0,6,0,[0|0]
235700552,,35700,552,2,1,[0|0],3570552,0,0,0,6,0,[0|0]
235700553,,35700,553,2,1,[0|0],3570553,0,0,0,6,0,[0|0]
235700554,,35700,554,2,1,[0|0],3570554,0,0,0,6,0,[0|0]
235700555,,35700,555,2,1,[0|0],3570555,0,0,0,6,0,[0|0]
235700556,,35700,556,2,1,[0|0],3570556,0,0,0,6,0,[0|0]
235700557,,35700,557,2,1,[0|0],3570557,0,0,0,6,0,[0|0]
235700560,,35700,560,2,1,[0|0],3570560,0,0,0,6,0,[0|0]
235700561,,35700,561,2,1,[0|0],3570561,0,0,0,6,0,[0|0]
235700562,,35700,562,2,1,[0|0],3570562,0,0,0,6,0,[0|0]
235700570,,35700,570,2,1,[0|0],3570570,0,0,0,6,0,[0|0]
235700571,,35700,571,2,1,[0|0],3570571,0,0,0,6,0,[0|0]
235700572,,35700,572,2,1,[0|0],3570572,0,0,0,6,0,[0|0]
235700580,,35700,580,2,1,[0|0],3570580,0,0,0,6,0,[0|0]
235700581,,35700,581,2,1,[0|0],3570581,0,0,0,6,0,[0|0]
235700582,,35700,582,2,1,[0|0],3570582,0,0,0,6,0,[0|0]
235700590,,35700,590,2,1,[0|0],3570590,0,0,0,6,0,[0|0]
235700591,,35700,591,2,1,[0|0],3570591,0,0,0,6,0,[0|0]
235700592,,35700,592,2,1,[0|0],3570592,0,0,0,6,0,[0|0]
235700900,,35700,900,2,0,[0|0],3570900,0,0,0,6,0,[0|0]
236000100,,36000,100,2,0,[0|0],3600100,0,0,0,6,0,[0|0]
236000101,,36000,101,2,0,[0|0],3600101,0,0,0,6,0,[0|0]
236000110,,36000,110,2,0,[0|0],3600110,0,0,0,6,0,[0|0]
236000111,,36000,111,2,0,[0|0],3600111,0,0,0,6,0,[0|0]
236000120,,36000,120,2,0,[0|0],3600120,0,0,0,6,0,[0|0]
236000121,,36000,121,2,0,[0|0],3600121,0,0,0,6,0,[0|0]
236000130,,36000,130,2,0,[0|0],3600130,0,0,0,6,0,[0|0]
236000140,,36000,140,2,0,[0|0],3600140,0,0,0,6,0,[0|0]
236000141,,36000,141,2,0,[0|0],3600141,0,0,0,6,0,[0|0]
236000142,,36000,142,2,0,[0|0],3600142,0,0,0,6,0,[0|0]
236000150,,36000,150,2,0,[0|0],3600150,0,0,0,6,0,[0|0]
236000160,,36000,160,2,0,[0|0],3600160,0,0,0,6,0,[0|0]
236000170,,36000,170,2,0,[0|0],3600170,0,0,0,6,0,[0|0]
236000171,,36000,171,2,0,[0|0],3600171,0,0,0,6,0,[0|0]
236000172,,36000,172,2,0,[0|0],3600172,0,0,0,6,0,[0|0]
236000180,,36000,180,2,0,[0|0],3600180,0,0,0,6,0,[0|0]
236000190,,36000,190,2,0,[0|0],3600190,0,0,0,6,0,[0|0]
236000191,,36000,191,2,0,[0|0],3600191,0,0,0,6,0,[0|0]
236000200,,36000,200,2,1,[0|0],3600200,0,0,0,6,0,[0|0]
236000201,,36000,201,2,1,[0|0],3600201,0,0,0,6,0,[0|0]
236000202,,36000,202,2,1,[0|0],3600202,0,0,0,6,0,[0|0]
236000203,,36000,203,2,1,[0|0],3600203,0,0,0,6,0,[0|0]
236000204,,36000,204,2,1,[0|0],3600204,0,0,0,6,0,[0|0]
236000210,,36000,210,2,0,[0|0],3600210,0,0,0,6,0,[0|0]
236000220,,36000,220,2,1,[0|0],3600220,0,0,0,6,0,[0|0]
236000300,,36000,300,2,0,[0|0],3600300,0,0,0,6,0,[0|0]
236000301,,36000,301,2,0,[0|0],3600301,0,0,0,6,0,[0|0]
236000310,,36000,310,2,0,[0|0],3600310,0,0,0,6,0,[0|0]
236000311,,36000,311,2,0,[0|0],3600311,0,0,0,6,0,[0|0]
236000320,,36000,320,2,0,[0|0],3600320,0,0,0,6,0,[0|0]
236000330,,36000,330,2,0,[0|0],3600330,0,0,0,6,0,[0|0]
236000340,,36000,340,2,0,[0|0],3600340,0,0,0,6,0,[0|0]
236000341,,36000,341,2,0,[0|0],3600341,0,0,0,6,0,[0|0]
236000342,,36000,342,2,0,[0|0],3600342,0,0,0,6,0,[0|0]
236000350,,36000,350,2,0,[0|0],3600350,0,0,0,6,0,[0|0]
236000360,,36000,360,2,0,[0|0],3600360,0,0,0,6,0,[0|0]
236000370,,36000,370,2,0,[0|0],3600370,0,0,0,6,0,[0|0]
236000371,,36000,371,2,1,[0|0],3600371,0,0,0,6,0,[0|0]
236000372,,36000,372,2,1,[0|0],3600372,0,0,0,6,0,[0|0]
236000373,,36000,373,2,1,[0|0],3600373,0,0,0,6,0,[0|0]
236000374,,36000,374,2,0,[0|0],3600374,0,0,0,6,0,[0|0]
236000380,,36000,380,2,0,[0|0],3600380,0,0,0,6,0,[0|0]
236000390,,36000,390,2,0,[0|0],3600390,0,0,0,6,0,[0|0]
236000391,,36000,391,2,0,[0|0],3600391,0,0,0,6,0,[0|0]
236000400,,36000,400,2,1,[0|0],3600400,0,0,0,6,0,[0|0]
236000401,,36000,401,2,1,[0|0],3600401,0,0,0,6,0,[0|0]
236000402,,36000,402,2,1,[0|0],3600402,0,0,0,6,0,[0|0]
236000403,,36000,403,2,1,[0|0],3600403,0,0,0,6,0,[0|0]
236000410,,36000,410,2,0,[0|0],3600410,0,0,0,6,0,[0|0]
236000420,,36000,420,2,1,[0|0],3600420,0,0,0,6,0,[0|0]
236000430,,36000,430,2,0,[0|0],3600430,0,0,0,6,0,[0|0]
236000431,,36000,431,2,0,[0|0],3600431,0,0,0,6,0,[0|0]
236000432,,36000,432,2,0,[0|0],3600432,0,0,0,6,0,[0|0]
236000440,,36000,440,2,1,[0|0],3600440,0,0,0,6,0,[0|0]
236000800,,36000,800,2,1,[0|0],3600800,0,0,0,6,0,[0|0]
236000810,,36000,810,2,1,[0|0],3600810,0,0,0,6,0,[0|0]
236000820,,36000,820,2,1,[0|0],3600820,0,0,0,6,0,[0|0]
236000830,,36000,830,2,1,[0|0],3600830,0,0,0,6,0,[0|0]
236000840,,36000,840,2,1,[0|0],3600840,0,0,0,6,0,[0|0]
236000850,,36000,850,2,1,[0|0],3600850,0,0,0,6,0,[0|0]
236000900,,36000,900,2,1,[0|0],3600900,0,0,0,6,0,[0|0]
236000910,,36000,910,2,1,[0|0],3600910,0,0,0,6,0,[0|0]
236000920,,36000,920,2,1,[0|0],3600920,0,0,0,6,0,[0|0]
236100100,,36100,100,2,0,[0|0],3610100,0,0,0,6,0,[0|0]
236100110,,36100,110,2,0,[0|0],3610110,0,0,0,6,0,[0|0]
236100120,,36100,120,2,0,[0|0],3610120,0,0,0,6,0,[0|0]
236100130,,36100,130,2,1,[0|0],3610130,0,0,0,6,0,[0|0]
236100140,,36100,140,2,0,[0|0],3610140,0,0,0,6,0,[0|0]
236100150,,36100,150,2,1,[0|0],3610150,0,0,0,6,0,[0|0]
236100190,,36100,190,2,1,[0|0],3610190,0,0,0,6,0,[0|0]
236100400,,36100,400,2,1,[0|0],7560400,0,0,0,6,0,[0|0]
236100401,,36100,401,2,1,[0|0],7560401,0,0,0,6,0,[0|0]
236100402,,36100,402,2,1,[0|0],7560402,0,0,0,6,0,[0|0]
236100403,,36100,403,2,1,[0|0],7560403,0,0,0,6,0,[0|0]
236100404,,36100,404,2,1,[0|0],7560404,0,0,0,6,0,[0|0]
236100405,,36100,405,2,1,[0|0],7560405,0,0,0,6,0,[0|0]
236100406,,36100,406,2,1,[0|0],7560406,0,0,0,6,0,[0|0]
236200100,,36200,100,2,0,[0|0],3620100,0,0,0,6,0,[0|0]
236200110,,36200,110,2,0,[0|0],3620110,0,0,0,6,0,[0|0]
236200120,,36200,120,2,0,[0|0],3620120,0,0,0,6,0,[0|0]
236200130,,36200,130,2,0,[0|0],3620130,0,0,0,6,0,[0|0]
236200140,,36200,140,2,1,[0|0],3620140,0,0,0,6,0,[0|0]
236200150,,36200,150,2,0,[0|0],3620150,0,0,0,6,0,[0|0]
236200160,,36200,160,2,1,[0|0],3620160,0,0,0,6,0,[0|0]
236300100,,36300,100,2,0,[0|0],3630100,0,0,0,6,0,[0|0]
236300110,,36300,110,2,0,[0|0],3630110,0,0,0,6,0,[0|0]
236300111,,36300,111,2,0,[0|0],3630111,0,0,0,6,0,[0|0]
236300120,,36300,120,2,0,[0|0],3630120,0,0,0,6,0,[0|0]
236300121,,36300,121,2,0,[0|0],3630121,0,0,0,6,0,[0|0]
236300130,,36300,130,2,0,[0|0],3630130,0,0,0,6,0,[0|0]
236300131,,36300,131,2,0,[0|0],3630131,0,0,0,6,0,[0|0]
236300140,,36300,140,2,0,[0|0],3630140,0,0,0,6,0,[0|0]
236300141,,36300,141,2,0,[0|0],3630141,0,0,0,6,0,[0|0]
236300142,,36300,142,2,0,[0|0],3630142,0,0,0,6,0,[0|0]
236300143,,36300,143,2,0,[0|0],3630143,0,0,0,6,0,[0|0]
236300150,,36300,150,2,1,[0|0],3630150,0,0,0,6,0,[0|0]
236300160,,36300,160,2,1,[0|0],3630160,0,0,0,6,0,[0|0]
236300170,,36300,170,2,0,[0|0],3630170,0,0,0,6,0,[0|0]
236300180,,36300,180,2,0,[0|0],3630180,0,0,0,6,0,[0|0]
236300190,,36300,190,2,0,[0|0],3630190,0,0,0,6,0,[0|0]
236300300,,36300,300,2,0,[0|0],3630300,0,0,0,6,0,[0|0]
236400100,,36400,100,2,0,[0|0],3640100,0,0,0,6,0,[0|0]
236400110,,36400,110,2,0,[0|0],3640110,0,0,0,6,0,[0|0]
236500100,,36500,100,2,0,[0|0],3650100,0,0,0,6,0,[0|0]
236500110,,36500,110,2,0,[0|0],3650110,0,0,0,6,0,[0|0]
236500120,,36500,120,2,0,[0|0],3650120,0,0,0,6,0,[0|0]
236500130,,36500,130,2,0,[0|0],3650130,0,0,0,6,0,[0|0]
236500140,,36500,140,2,0,[0|0],3650140,0,0,0,6,0,[0|0]
236500150,,36500,150,2,0,[0|0],3650150,0,0,0,6,0,[0|0]
236500160,,36500,160,2,0,[0|0],3650160,0,0,0,6,0,[0|0]
236500170,,36500,170,2,0,[0|0],3650170,0,0,0,6,0,[0|0]
236500171,,36500,171,2,0,[0|0],3650171,0,0,0,6,0,[0|0]
236500180,,36500,180,2,0,[0|0],3650180,0,0,0,6,0,[0|0]
236500190,,36500,190,2,0,[0|0],3650190,0,0,0,6,0,[0|0]
236500191,,36500,191,2,0,[0|0],3650191,0,0,0,6,0,[0|0]
236500200,,36500,200,2,0,[0|0],3650200,0,0,0,6,0,[0|0]
236500201,,36500,201,2,0,[0|0],3650201,0,0,0,6,0,[0|0]
236500210,,36500,210,2,0,[0|0],3650210,0,0,0,6,0,[0|0]
236500220,,36500,220,2,0,[0|0],3650220,0,0,0,6,0,[0|0]
236500230,,36500,230,2,0,[0|0],3650230,0,0,0,6,0,[0|0]
236500240,,36500,240,2,0,[0|0],3650240,0,0,0,6,0,[0|0]
236500250,,36500,250,2,0,[0|0],3650250,0,0,0,6,0,[0|0]
236500310,,36500,310,2,1,[0|0],3650310,0,0,0,6,0,[0|0]
236500311,,36500,311,2,1,[0|0],3650311,0,0,0,6,0,[0|0]
236500315,,36500,315,2,0,[0|0],3650315,0,0,0,6,0,[0|0]
236500316,,36500,316,2,0,[0|0],3650316,0,0,0,6,0,[0|0]
236500319,,36500,319,2,0,[0|0],3650319,0,0,0,6,0,[0|0]
236500320,,36500,320,2,1,[0|0],3650320,0,0,0,6,0,[0|0]
236500321,,36500,321,2,1,[0|0],3650321,0,0,0,6,0,[0|0]
236500322,,36500,322,2,1,[0|0],3650322,0,0,0,6,0,[0|0]
236500340,,36500,340,2,0,[0|0],3650340,0,0,0,6,0,[0|0]
236500343,,36500,343,2,1,[0|0],3650343,0,0,0,6,0,[0|0]
236500345,,36500,345,2,1,[0|0],3650345,0,0,0,6,0,[0|0]
236500350,,36500,350,2,0,[0|0],3650350,0,0,0,6,0,[0|0]
236500410,,36500,410,2,1,[0|0],3650410,0,0,0,6,0,[0|0]
236500500,,36500,500,2,0,[0|0],3650500,0,0,0,6,0,[0|0]
236500510,,36500,510,2,0,[0|0],3650510,0,0,0,6,0,[0|0]
236500520,,36500,520,2,0,[0|0],3650520,0,0,0,6,0,[0|0]
236500530,,36500,530,2,0,[0|0],3650530,0,0,0,6,0,[0|0]
236500540,,36500,540,2,0,[0|0],3650540,0,0,0,6,0,[0|0]
236500550,,36500,550,2,0,[0|0],3650550,0,0,0,6,0,[0|0]
236500560,,36500,560,2,0,[0|0],3650560,0,0,0,6,0,[0|0]
236500570,,36500,570,2,0,[0|0],3650570,0,0,0,6,0,[0|0]
236500660,,36500,660,2,0,[0|0],3650660,0,0,0,6,0,[0|0]
236500670,,36500,670,2,0,[0|0],3650670,0,0,0,6,0,[0|0]
236500671,,36500,671,2,0,[0|0],3650671,0,0,0,6,0,[0|0]
236500672,,36500,672,2,0,[0|0],3650672,0,0,0,6,0,[0|0]
236500700,,36500,700,2,1,[0|0],3650700,0,0,0,6,0,[0|0]
236500710,,36500,710,2,1,[0|0],3650710,0,0,0,6,0,[0|0]
236500800,,36500,800,2,1,[0|0],3650800,0,0,0,6,0,[0|0]
236500900,,36500,900,2,1,[0|0],3650900,0,0,0,6,0,[0|0]
236600100,,36600,100,2,0,[0|0],3660100,0,0,0,6,0,[0|0]
236600110,,36600,110,2,0,[0|0],3660110,0,0,0,6,0,[0|0]
236600120,,36600,120,2,0,[0|0],3660120,0,0,0,6,0,[0|0]
236600130,,36600,130,2,0,[0|0],3660130,0,0,0,6,0,[0|0]
236600140,,36600,140,2,0,[0|0],3660140,0,0,0,6,0,[0|0]
236600150,,36600,150,2,0,[0|0],3660150,0,0,0,6,0,[0|0]
236600160,,36600,160,2,0,[0|0],3660160,0,0,0,6,0,[0|0]
236600170,,36600,170,2,1,[0|0],3660170,0,0,0,6,0,[0|0]
236600180,,36600,180,2,0,[0|0],3660180,0,0,0,6,0,[0|0]
236600190,,36600,190,2,1,[0|0],3660190,0,0,0,6,0,[0|0]
236600191,,36600,191,2,1,[0|0],3660191,0,0,0,6,0,[0|0]
236600200,,36600,200,2,1,[0|0],3660200,0,0,0,6,0,[0|0]
236600201,,36600,201,2,1,[0|0],3660201,0,0,0,6,0,[0|0]
236600210,,36600,210,2,1,[0|0],3660210,0,0,0,6,0,[0|0]
236600211,,36600,211,2,1,[0|0],3660211,0,0,0,6,0,[0|0]
236600220,,36600,220,2,1,[0|0],3660220,0,0,0,6,0,[0|0]
236600221,,36600,221,2,1,[0|0],3660221,0,0,0,6,0,[0|0]
236600230,,36600,230,2,1,[0|0],3660230,0,0,0,6,0,[0|0]
236600240,,36600,240,2,1,[0|0],3660240,0,0,0,6,0,[0|0]
236600250,,36600,250,2,1,[0|0],3660250,0,0,0,6,0,[0|0]
236600260,,36600,260,2,1,[0|0],3660260,0,0,0,6,0,[0|0]
236600270,,36600,270,2,1,[0|0],3660270,0,0,0,6,0,[0|0]
236600280,,36600,280,2,1,[0|0],3660280,0,0,0,6,0,[0|0]
236600290,,36600,290,2,1,[0|0],3660290,0,0,0,6,0,[0|0]
236600300,,36600,300,2,1,[0|0],3660300,0,0,0,6,0,[0|0]
236600310,,36600,310,2,0,[0|0],3660310,0,0,0,6,0,[0|0]
236600320,,36600,320,2,1,[0|0],3660320,0,0,0,6,0,[0|0]
236600321,,36600,321,2,1,[0|0],3660321,0,0,0,6,0,[0|0]
236600322,,36600,322,2,1,[0|0],3660322,0,0,0,6,0,[0|0]
236600323,,36600,323,2,1,[0|0],3660323,0,0,0,6,0,[0|0]
236600400,,36600,400,2,0,[0|0],3660400,0,0,0,6,0,[0|0]
236600410,,36600,410,2,0,[0|0],3660410,0,0,0,6,0,[0|0]
236600420,,36600,420,2,0,[0|0],3660420,0,0,0,6,0,[0|0]
236600430,,36600,430,2,0,[0|0],3660430,0,0,0,6,0,[0|0]
236600431,,36600,431,2,0,[0|0],3660431,0,0,0,6,0,[0|0]
236600432,,36600,432,2,0,[0|0],3660432,0,0,0,6,0,[0|0]
236600440,,36600,440,2,0,[0|0],3660440,0,0,0,6,0,[0|0]
236600450,,36600,450,2,0,[0|0],3660450,0,0,0,6,0,[0|0]
236600460,,36600,460,2,0,[0|0],3660460,0,0,0,6,0,[0|0]
236600500,,36600,500,2,0,[0|0],3660500,0,0,0,6,0,[0|0]
236600501,,36600,501,2,0,[0|0],3660501,0,0,0,6,0,[0|0]
236600502,,36600,502,2,0,[0|0],3660502,0,0,0,6,0,[0|0]
236600503,,36600,503,2,0,[0|0],3660503,0,0,0,6,0,[0|0]
236600510,,36600,510,2,0,[0|0],3660510,0,0,0,6,0,[0|0]
236600511,,36600,511,2,0,[0|0],3660511,0,0,0,6,0,[0|0]
236600512,,36600,512,2,0,[0|0],3660512,0,0,0,6,0,[0|0]
236600513,,36600,513,2,0,[0|0],3660513,0,0,0,6,0,[0|0]
236600514,,36600,514,2,0,[0|0],3660514,0,0,0,6,0,[0|0]
236600515,,36600,515,2,0,[0|0],3660515,0,0,0,6,0,[0|0]
236600520,,36600,520,2,0,[0|0],3660520,0,0,0,6,0,[0|0]
236600521,,36600,521,2,0,[0|0],3660521,0,0,0,6,0,[0|0]
236600530,,36600,530,2,0,[0|0],3660530,0,0,0,6,0,[0|0]
236610100,,36610,100,2,0,[0|0],3661100,0,0,0,6,0,[0|0]
236610101,,36610,101,2,0,[0|0],3661101,0,0,0,6,0,[0|0]
236610102,,36610,102,2,0,[0|0],3661102,0,0,0,6,0,[0|0]
236610110,,36610,110,2,0,[0|0],3661110,0,0,0,6,0,[0|0]
236610111,,36610,111,2,0,[0|0],3661111,0,0,0,6,0,[0|0]
236610112,,36610,112,2,0,[0|0],3661112,0,0,0,6,0,[0|0]
236610120,,36610,120,2,0,[0|0],3661120,0,0,0,6,0,[0|0]
236610121,,36610,121,2,0,[0|0],3661121,0,0,0,6,0,[0|0]
236610122,,36610,122,2,0,[0|0],3661122,0,0,0,6,0,[0|0]
236610130,,36610,130,2,0,[0|0],3661130,0,0,0,6,0,[0|0]
236610131,,36610,131,2,0,[0|0],3661131,0,0,0,6,0,[0|0]
236610132,,36610,132,2,0,[0|0],3661132,0,0,0,6,0,[0|0]
236610140,,36610,140,2,0,[0|0],3661140,0,0,0,6,0,[0|0]
236610141,,36610,141,2,0,[0|0],3661141,0,0,0,6,0,[0|0]
236610142,,36610,142,2,0,[0|0],3661142,0,0,0,6,0,[0|0]
236610200,,36610,200,2,0,[0|0],3661200,0,0,0,6,0,[0|0]
236610210,,36610,210,2,0,[0|0],3661210,0,0,0,6,0,[0|0]
236610220,,36610,220,2,0,[0|0],3661220,0,0,0,6,0,[0|0]
236610230,,36610,230,2,0,[0|0],3661230,0,0,0,6,0,[0|0]
236610240,,36610,240,2,0,[0|0],3661240,0,0,0,6,0,[0|0]
236610300,,36610,300,2,0,[0|0],3661300,0,0,0,7,0,[0|0]
236610310,,36610,310,2,0,[0|0],3661310,0,0,0,7,0,[0|0]
236610320,,36610,320,2,0,[0|0],3661320,0,0,0,7,0,[0|0]
236610330,,36610,330,2,0,[0|0],3661330,0,0,0,7,0,[0|0]
236610340,,36610,340,2,0,[0|0],3661340,0,0,0,7,0,[0|0]
236610400,,36610,400,2,0,[0|0],3661400,0,0,0,6,0,[0|0]
236610410,,36610,410,2,0,[0|0],3661410,0,0,0,6,0,[0|0]
236610420,,36610,420,2,0,[0|0],3661420,0,0,0,6,0,[0|0]
236610430,,36610,430,2,0,[0|0],3661430,0,0,0,6,0,[0|0]
236610440,,36610,440,2,0,[0|0],3661440,0,0,0,6,0,[0|0]
236610500,,36610,500,2,0,[0|0],3661500,0,0,0,6,0,[0|0]
236610510,,36610,510,2,0,[0|0],3661510,0,0,0,6,0,[0|0]
236610520,,36610,520,2,0,[0|0],3661520,0,0,0,6,0,[0|0]
236610530,,36610,530,2,0,[0|0],3661530,0,0,0,6,0,[0|0]
236610540,,36610,540,2,0,[0|0],3661540,0,0,0,6,0,[0|0]
236610900,,36610,900,2,1,[0|0],3661900,0,0,0,6,0,[0|0]
236610905,,36610,905,2,1,[0|0],3661905,0,0,0,6,0,[0|0]
236610910,,36610,910,2,1,[0|0],3661910,0,0,0,6,0,[0|0]
236610915,,36610,915,2,1,[0|0],3661915,0,0,0,6,0,[0|0]
236610916,,36610,916,2,1,[0|0],3661916,0,0,0,6,0,[0|0]
236610920,,36610,920,2,1,[0|0],3661920,0,0,0,6,0,[0|0]
236610925,,36610,925,2,1,[0|0],3661925,0,0,0,6,0,[0|0]
236610926,,36610,926,2,1,[0|0],3661926,0,0,0,6,0,[0|0]
236610927,,36610,927,2,1,[0|0],3661927,0,0,0,6,0,[0|0]
236610990,,36610,990,2,0,[0|0],3661990,0,0,0,6,0,[0|0]
236620100,,36620,100,2,0,[0|0],3662100,0,0,0,6,0,[0|0]
236620101,,36620,101,2,0,[0|0],3662101,0,0,0,6,0,[0|0]
236620102,,36620,102,2,0,[0|0],3662102,0,0,0,6,0,[0|0]
236620110,,36620,110,2,0,[0|0],3662110,0,0,0,6,0,[0|0]
236620111,,36620,111,2,0,[0|0],3662111,0,0,0,6,0,[0|0]
236620112,,36620,112,2,0,[0|0],3662112,0,0,0,6,0,[0|0]
236620120,,36620,120,2,0,[0|0],3662120,0,0,0,6,0,[0|0]
236620121,,36620,121,2,0,[0|0],3662121,0,0,0,6,0,[0|0]
236620122,,36620,122,2,0,[0|0],3662122,0,0,0,6,0,[0|0]
236620130,,36620,130,2,0,[0|0],3662130,0,0,0,6,0,[0|0]
236620131,,36620,131,2,0,[0|0],3662131,0,0,0,6,0,[0|0]
236620132,,36620,132,2,0,[0|0],3662132,0,0,0,6,0,[0|0]
236620140,,36620,140,2,0,[0|0],3662140,0,0,0,6,0,[0|0]
236620141,,36620,141,2,0,[0|0],3662141,0,0,0,6,0,[0|0]
236620142,,36620,142,2,0,[0|0],3662142,0,0,0,6,0,[0|0]
236620200,,36620,200,2,0,[0|0],3662200,0,0,0,6,0,[0|0]
236620210,,36620,210,2,0,[0|0],3662210,0,0,0,6,0,[0|0]
236620220,,36620,220,2,0,[0|0],3662220,0,0,0,6,0,[0|0]
236620230,,36620,230,2,0,[0|0],3662230,0,0,0,6,0,[0|0]
236620240,,36620,240,2,0,[0|0],3662240,0,0,0,6,0,[0|0]
236620300,,36620,300,2,0,[0|0],3662300,0,0,0,7,0,[0|0]
236620310,,36620,310,2,0,[0|0],3662310,0,0,0,7,0,[0|0]
236620320,,36620,320,2,0,[0|0],3662320,0,0,0,7,0,[0|0]
236620330,,36620,330,2,0,[0|0],3662330,0,0,0,7,0,[0|0]
236620340,,36620,340,2,0,[0|0],3662340,0,0,0,7,0,[0|0]
236620400,,36620,400,2,0,[0|0],3662400,0,0,0,6,0,[0|0]
236620410,,36620,410,2,0,[0|0],3662410,0,0,0,6,0,[0|0]
236620420,,36620,420,2,0,[0|0],3662420,0,0,0,6,0,[0|0]
236620430,,36620,430,2,0,[0|0],3662430,0,0,0,6,0,[0|0]
236620440,,36620,440,2,0,[0|0],3662440,0,0,0,6,0,[0|0]
236620500,,36620,500,2,0,[0|0],3662500,0,0,0,6,0,[0|0]
236620510,,36620,510,2,0,[0|0],3662510,0,0,0,6,0,[0|0]
236620520,,36620,520,2,0,[0|0],3662520,0,0,0,6,0,[0|0]
236620530,,36620,530,2,0,[0|0],3662530,0,0,0,6,0,[0|0]
236620540,,36620,540,2,0,[0|0],3662540,0,0,0,6,0,[0|0]
236620900,,36620,900,2,1,[0|0],3662900,0,0,0,6,0,[0|0]
236620905,,36620,905,2,1,[0|0],3662905,0,0,0,6,0,[0|0]
236620910,,36620,910,2,1,[0|0],3662910,0,0,0,6,0,[0|0]
236620920,,36620,920,2,1,[0|0],3662920,0,0,0,6,0,[0|0]
236620925,,36620,925,2,1,[0|0],3662925,0,0,0,6,0,[0|0]
236620926,,36620,926,2,1,[0|0],3662926,0,0,0,6,0,[0|0]
236620927,,36620,927,2,1,[0|0],3662927,0,0,0,6,0,[0|0]
236620990,,36620,990,2,0,[0|0],3662990,0,0,0,6,0,[0|0]
236640100,,36640,100,2,0,[0|0],3664100,0,0,0,7,0,[0|0]
236640101,,36640,101,2,0,[0|0],3664101,0,0,0,6,0,[0|0]
236640110,,36640,110,2,0,[0|0],3664110,0,0,0,6,0,[0|0]
236640111,,36640,111,2,0,[0|0],3664111,0,0,0,7,0,[0|0]
236640120,,36640,120,2,0,[0|0],3664120,0,0,0,6,0,[0|0]
236640121,,36640,121,2,0,[0|0],3664121,0,0,0,6,0,[0|0]
236640130,,36640,130,2,0,[0|0],3664130,0,0,0,6,0,[0|0]
236640140,,36640,140,2,0,[0|0],3664140,0,0,0,6,0,[0|0]
236640141,,36640,141,2,0,[0|0],3664141,0,0,0,7,0,[0|0]
236640142,,36640,142,2,0,[0|0],3664142,0,0,0,6,0,[0|0]
236640143,,36640,143,2,0,[0|0],3664143,0,0,0,7,0,[0|0]
236640150,,36640,150,2,0,[0|0],3664150,0,0,0,6,0,[0|0]
236640160,,36640,160,2,0,[0|0],3664160,0,0,0,6,0,[0|0]
236640170,,36640,170,2,0,[0|0],3664170,0,0,0,6,0,[0|0]
236640180,,36640,180,2,1,[0|0],3664180,0,0,0,6,0,[0|0]
236640181,,36640,181,2,1,[0|0],3664181,0,0,0,6,0,[0|0]
236640190,,36640,190,2,0,[0|0],3664190,0,0,0,7,0,[0|0]
236640191,,36640,191,2,0,[0|0],3664191,0,0,0,6,0,[0|0]
236640192,,36640,192,2,0,[0|0],3664192,0,0,0,7,0,[0|0]
236640193,,36640,193,2,0,[0|0],3664193,0,0,0,6,0,[0|0]
236640194,,36640,194,2,0,[0|0],3664194,0,0,0,7,0,[0|0]
236640195,,36640,195,2,0,[0|0],3664195,0,0,0,6,0,[0|0]
236640196,,36640,196,2,0,[0|0],3664196,0,0,0,7,0,[0|0]
236640197,,36640,197,2,0,[0|0],3664197,0,0,0,6,0,[0|0]
236640200,,36640,200,2,0,[0|0],3664200,0,0,0,6,0,[0|0]
236640800,,36640,800,2,0,[0|0],3664800,0,0,0,6,0,[0|0]
236700100,,36700,100,2,1,[0|0],3670100,0,0,0,6,0,[0|0]
236700101,,36700,101,2,1,[0|0],3670101,0,0,0,6,0,[0|0]
236700110,,36700,110,2,0,[0|0],3670110,0,0,0,7,0,[0|0]
236700111,,36700,111,2,0,[0|0],3670111,0,0,0,7,0,[0|0]
236700120,,36700,120,2,0,[0|0],3670120,0,0,0,6,0,[0|0]
236700121,,36700,121,2,0,[0|0],3670121,0,0,0,6,0,[0|0]
236700122,,36700,122,2,0,[0|0],3670122,0,0,0,6,0,[0|0]
236700123,,36700,123,2,0,[0|0],3670123,0,0,0,6,0,[0|0]
236700130,,36700,130,2,0,[0|0],3670130,0,0,0,7,0,[0|0]
236700131,,36700,131,2,0,[0|0],3670131,0,0,0,6,0,[0|0]
236700132,,36700,132,2,0,[0|0],3670132,0,0,0,7,0,[0|0]
236700133,,36700,133,2,0,[0|0],3670133,0,0,0,6,0,[0|0]
236700140,,36700,140,2,0,[0|0],3670140,0,0,0,7,0,[0|0]
236700141,,36700,141,2,0,[0|0],3670141,0,0,0,6,0,[0|0]
236700142,,36700,142,2,0,[0|0],3670142,0,0,0,7,0,[0|0]
236700143,,36700,143,2,0,[0|0],3670143,0,0,0,6,0,[0|0]
236700150,,36700,150,2,0,[0|0],3670150,0,0,0,7,0,[0|0]
236700151,,36700,151,2,0,[0|0],3670151,0,0,0,6,0,[0|0]
236700152,,36700,152,2,0,[0|0],3670152,0,0,0,7,0,[0|0]
236700153,,36700,153,2,0,[0|0],3670153,0,0,0,6,0,[0|0]
236700200,,36700,200,2,0,[0|0],3670200,0,0,0,6,0,[0|0]
236700210,,36700,210,2,1,[0|0],3670210,0,0,0,6,0,[0|0]
236700220,,36700,220,2,1,[0|0],3670220,0,0,0,6,0,[0|0]
236700221,,36700,221,2,1,[0|0],3670221,0,0,0,6,0,[0|0]
236700222,,36700,222,2,1,[0|0],3670222,0,0,0,6,0,[0|0]
236700223,,36700,223,2,1,[0|0],3670223,0,0,0,6,0,[0|0]
236700224,,36700,224,2,1,[0|0],3670224,0,0,0,6,0,[0|0]
236700225,,36700,225,2,1,[0|0],3670225,0,0,0,6,0,[0|0]
236700300,,36700,300,2,0,[0|0],3670300,0,0,0,6,0,[0|0]
236700310,,36700,310,2,0,[0|0],3670310,0,0,0,6,0,[0|0]
236700320,,36700,320,2,0,[0|0],3670320,0,0,0,6,0,[0|0]
236700400,,36700,400,2,1,[0|0],3670400,0,0,0,6,0,[0|0]
236700401,,36700,401,2,1,[0|0],3670401,0,0,0,6,0,[0|0]
236700500,,36700,500,2,0,[0|0],3670500,0,0,0,6,0,[0|0]
236700600,,36700,600,2,0,[0|0],3670600,0,0,0,7,0,[0|0]
236700601,,36700,601,2,0,[0|0],3670601,0,0,0,7,0,[0|0]
236700602,,36700,602,2,0,[0|0],3670602,0,0,0,7,0,[0|0]
236700603,,36700,603,2,0,[0|0],3670603,0,0,0,6,0,[0|0]
236700604,,36700,604,2,0,[0|0],3670604,0,0,0,6,0,[0|0]
236700605,,36700,605,2,0,[0|0],3670605,0,0,0,6,0,[0|0]
236700606,,36700,606,2,0,[0|0],3670606,0,0,0,6,0,[0|0]
236700990,,36700,990,2,0,[0|0],3670990,0,0,0,6,0,[0|0]
237000110,,37000,110,2,1,[0|0],3700110,0,0,0,6,0,[0|0]
237000120,,37000,120,2,1,[0|0],3700120,0,0,0,6,0,[0|0]
237000121,,37000,121,2,1,[0|0],3700121,0,0,0,6,0,[0|0]
237000122,,37000,122,2,1,[0|0],3700122,0,0,0,6,0,[0|0]
237000123,,37000,123,2,1,[0|0],3700123,0,0,0,6,0,[0|0]
237000130,,37000,130,2,1,[0|0],3700130,0,0,0,6,0,[0|0]
237000131,,37000,131,2,1,[0|0],3700131,0,0,0,6,0,[0|0]
237000170,,37000,170,2,1,[0|0],3700170,0,0,0,6,0,[0|0]
237000171,,37000,171,2,1,[0|0],3700171,0,0,0,6,0,[0|0]
237000172,,37000,172,2,1,[0|0],3700172,0,0,0,6,0,[0|0]
237000300,,37000,300,2,0,[0|0],3700300,0,0,0,7,0,[0|0]
237000310,,37000,310,2,0,[0|0],3700310,0,0,0,7,0,[0|0]
237000320,,37000,320,2,0,[0|0],3700320,0,0,0,7,0,[0|0]
237000330,,37000,330,2,0,[0|0],3700330,0,0,0,6,0,[0|0]
237000340,,37000,340,2,0,[0|0],3700340,0,0,0,7,0,[0|0]
237000341,,37000,341,2,0,[0|0],3700341,0,0,0,7,0,[0|0]
237000500,,37000,500,2,1,[0|0],3700500,0,0,0,6,0,[0|0]
237000501,,37000,501,2,1,[0|0],3700501,0,0,0,6,0,[0|0]
237000502,,37000,502,2,1,[0|0],3700502,0,0,0,6,0,[0|0]
237000503,,37000,503,2,1,[0|0],3700503,0,0,0,6,0,[0|0]
237000510,,37000,510,2,1,[0|0],3700510,0,0,0,6,0,[0|0]
237000511,,37000,511,2,1,[0|0],3700511,0,0,0,6,0,[0|0]
237000512,,37000,512,2,1,[0|0],3700512,0,0,0,6,0,[0|0]
237000520,,37000,520,2,1,[0|0],3700520,0,0,0,6,0,[0|0]
237000530,,37000,530,2,1,[0|0],3700530,0,0,0,6,0,[0|0]
237000531,,37000,531,2,1,[0|0],3700531,0,0,0,6,0,[0|0]
237000532,,37000,532,2,1,[0|0],3700532,0,0,0,6,0,[0|0]
237000540,,37000,540,2,1,[0|0],3700540,0,0,0,6,0,[0|0]
237000560,,37000,560,2,1,[0|0],3700560,0,0,0,6,0,[0|0]
237000570,,37000,570,2,1,[0|0],3700570,0,0,0,6,0,[0|0]
237000571,,37000,571,2,1,[0|0],3700571,0,0,0,6,0,[0|0]
237000572,,37000,572,2,1,[0|0],3700572,0,0,0,6,0,[0|0]
237000580,,37000,580,2,1,[0|0],3700580,0,0,0,6,0,[0|0]
237000581,,37000,581,2,1,[0|0],3700581,0,0,0,6,0,[0|0]
237000582,,37000,582,2,1,[0|0],3700582,0,0,0,6,0,[0|0]
237000583,,37000,583,2,1,[0|0],3700583,0,0,0,6,0,[0|0]
237000584,,37000,584,2,1,[0|0],3700584,0,0,0,6,0,[0|0]
237000585,,37000,585,2,1,[0|0],3700585,0,0,0,6,0,[0|0]
237000586,,37000,586,2,1,[0|0],3700586,0,0,0,6,0,[0|0]
237000587,,37000,587,2,1,[0|0],3700587,0,0,0,6,0,[0|0]
237000600,,37000,600,2,1,[0|0],3700600,0,0,0,6,0,[0|0]
237000601,,37000,601,2,1,[0|0],3700601,0,0,0,6,0,[0|0]
237000610,,37000,610,2,1,[0|0],3700610,0,0,0,6,0,[0|0]
237000620,,37000,620,2,1,[0|0],3700620,0,0,0,6,0,[0|0]
237000630,,37000,630,2,1,[0|0],3700630,0,0,0,6,0,[0|0]
237000631,,37000,631,2,1,[0|0],3700631,0,0,0,6,0,[0|0]
237000632,,37000,632,2,1,[0|0],3700632,0,0,0,6,0,[0|0]
237000633,,37000,633,2,1,[0|0],3700633,0,0,0,6,0,[0|0]
237000640,,37000,640,2,1,[0|0],3700640,0,0,0,6,0,[0|0]
237000641,,37000,641,2,1,[0|0],3700641,0,0,0,6,0,[0|0]
237000642,,37000,642,2,1,[0|0],3700642,0,0,0,6,0,[0|0]
237000643,,37000,643,2,1,[0|0],3700643,0,0,0,6,0,[0|0]
237000644,,37000,644,2,1,[0|0],3700644,0,0,0,6,0,[0|0]
237000645,,37000,645,2,1,[0|0],3700645,0,0,0,6,0,[0|0]
237000646,,37000,646,2,1,[0|0],3700646,0,0,0,6,0,[0|0]
237000647,,37000,647,2,1,[0|0],3700647,0,0,0,6,0,[0|0]
237000648,,37000,648,2,1,[0|0],3700648,0,0,0,6,0,[0|0]
237000700,,37000,700,2,1,[0|0],3700700,0,0,0,6,0,[0|0]
237000710,,37000,710,2,1,[0|0],3700710,0,0,0,6,0,[0|0]
237000720,,37000,720,2,1,[0|0],3700720,0,0,0,6,0,[0|0]
237000730,,37000,730,2,1,[0|0],3700730,0,0,0,6,0,[0|0]
237000740,,37000,740,2,1,[0|0],3700740,0,0,0,6,0,[0|0]
237020100,,37020,100,2,1,[0|0],3702100,0,0,0,6,0,[0|0]
237020200,,37020,200,2,1,[0|0],3702200,0,0,0,6,0,[0|0]
237020210,,37020,210,2,1,[0|0],3702210,0,0,0,6,0,[0|0]
237020300,,37020,300,2,0,[0|0],3702300,0,0,0,6,0,[0|0]
237020301,,37020,301,2,1,[0|0],3702301,0,0,0,6,0,[0|0]
237020400,,37020,400,2,1,[0|0],3702400,0,0,0,6,0,[0|0]
237020402,,37020,402,2,1,[0|0],3702402,0,0,0,6,0,[0|0]
237020403,,37020,403,2,0,[0|0],3702403,0,0,0,6,0,[0|0]
237020404,,37020,404,2,1,[0|0],3702404,0,0,0,6,0,[0|0]
237020410,,37020,410,2,1,[0|0],3702410,0,0,0,6,0,[0|0]
237020411,,37020,411,2,1,[0|0],3702411,0,0,0,6,0,[0|0]
237020412,,37020,412,2,1,[0|0],3702412,0,0,0,6,0,[0|0]
237020500,,37020,500,2,0,[0|0],3702500,0,0,0,6,0,[0|0]
237020501,,37020,501,2,0,[0|0],3702501,0,0,0,7,0,[0|0]
237020502,,37020,502,2,0,[0|0],3702502,0,0,0,7,0,[0|0]
237020503,,37020,503,2,0,[0|0],3702503,0,0,0,7,0,[0|0]
237020510,,37020,510,2,0,[0|0],3702510,0,0,0,7,0,[0|0]
237020520,,37020,520,2,0,[0|0],3702520,0,0,0,7,0,[0|0]
237020600,,37020,600,2,0,[0|0],3702600,0,0,0,6,0,[0|0]
237020610,,37020,610,2,0,[0|0],3702610,0,0,0,6,0,[0|0]
237020620,,37020,620,2,0,[0|0],3702620,0,0,0,6,0,[0|0]
237020630,,37020,630,2,0,[0|0],3702630,0,0,0,6,0,[0|0]
237020640,,37020,640,2,0,[0|0],3702640,0,0,0,6,0,[0|0]
237020700,,37020,700,2,0,[0|0],3702700,0,0,0,6,0,[0|0]
237030100,,37030,100,2,0,[0|0],3703100,0,0,0,7,0,[0|0]
237030110,,37030,110,2,0,[0|0],3703110,0,0,0,7,0,[0|0]
237030120,,37030,120,2,0,[0|0],3703120,0,0,0,7,0,[0|0]
237030121,,37030,121,2,0,[0|0],3703121,0,0,0,7,0,[0|0]
237030130,,37030,130,2,0,[0|0],3703130,0,0,0,7,0,[0|0]
237030140,,37030,140,2,0,[0|0],3703140,0,0,0,7,0,[0|0]
237030150,,37030,150,2,0,[0|0],3703150,0,0,0,7,0,[0|0]
237030160,,37030,160,2,0,[0|0],3703160,0,0,0,7,0,[0|0]
237030161,,37030,161,2,0,[0|0],3703161,0,0,0,7,0,[0|0]
237030170,,37030,170,2,0,[0|0],3703170,0,0,0,7,0,[0|0]
237030171,,37030,171,2,0,[0|0],3703171,0,0,0,7,0,[0|0]
237030180,,37030,180,2,0,[0|0],3703180,0,0,0,7,0,[0|0]
237030190,,37030,190,2,0,[0|0],3703190,0,0,0,7,0,[0|0]
237030200,,37030,200,2,1,[0|0],3703200,0,0,0,7,0,[0|0]
237030201,,37030,201,2,1,[0|0],3703201,0,0,0,7,0,[0|0]
237030300,,37030,300,2,0,[0|0],3703300,0,0,0,6,0,[0|0]
237040100,,37040,100,2,0,[0|0],3704100,0,0,0,7,0,[0|0]
237040110,,37040,110,2,0,[0|0],3704110,0,0,0,7,0,[0|0]
237040120,,37040,120,2,0,[0|0],3704120,0,0,0,7,0,[0|0]
237040130,,37040,130,2,0,[0|0],3704130,0,0,0,7,0,[0|0]
237040131,,37040,131,2,0,[0|0],3704131,0,0,0,7,0,[0|0]
237040140,,37040,140,2,0,[0|0],3704140,0,0,0,7,0,[0|0]
237040150,,37040,150,2,0,[0|0],3704150,0,0,0,6,0,[0|0]
237040160,,37040,160,2,1,[0|0],3704160,0,0,0,6,0,[0|0]
237040170,,37040,170,2,1,[0|0],3704170,0,0,0,6,0,[0|0]
237040171,,37040,171,2,1,[0|0],3704171,0,0,0,6,0,[0|0]
237040180,,37040,180,2,0,[0|0],3704180,0,0,0,6,0,[0|0]
237040181,,37040,181,2,1,[0|0],3704181,0,0,0,6,0,[0|0]
237040190,,37040,190,2,0,[0|0],3704190,0,0,0,6,0,[0|0]
237040191,,37040,191,2,1,[0|0],3704191,0,0,0,6,0,[0|0]
237040200,,37040,200,2,1,[0|0],3704200,0,0,0,6,0,[0|0]
237040210,,37040,210,2,1,[0|0],3704210,0,0,0,6,0,[0|0]
237040220,,37040,220,2,1,[0|0],3704220,0,0,0,6,0,[0|0]
237040221,,37040,221,2,1,[0|0],3704221,0,0,0,6,0,[0|0]
237100100,,37100,100,2,1,[0|0],3710100,0,0,0,6,0,[0|0]
237100110,,37100,110,2,1,[0|0],3710110,0,0,0,6,0,[0|0]
237100111,,37100,111,2,1,[0|0],3710111,0,0,0,6,0,[0|0]
237100112,,37100,112,2,1,[0|0],3710112,0,0,0,6,0,[0|0]
237100120,,37100,120,2,1,[0|0],3710120,0,0,0,6,0,[0|0]
237100121,,37100,121,2,1,[0|0],3710121,0,0,0,6,0,[0|0]
237100122,,37100,122,2,1,[0|0],3710122,0,0,0,6,0,[0|0]
237100123,,37100,123,2,1,[0|0],3710123,0,0,0,6,0,[0|0]
237100124,,37100,124,2,1,[0|0],3710124,0,0,0,6,0,[0|0]
237100125,,37100,125,2,1,[0|0],3710125,0,0,0,6,0,[0|0]
237100126,,37100,126,2,1,[0|0],3710126,0,0,0,6,0,[0|0]
237100127,,37100,127,2,1,[0|0],3710127,0,0,0,6,0,[0|0]
237200100,,37200,100,2,1,[0|0],3710100,0,0,0,6,0,[0|0]
237200110,,37200,110,2,1,[0|0],3710110,0,0,0,6,0,[0|0]
237200111,,37200,111,2,1,[0|0],3710111,0,0,0,6,0,[0|0]
237200112,,37200,112,2,1,[0|0],3710112,0,0,0,6,0,[0|0]
237200120,,37200,120,2,1,[0|0],3710120,0,0,0,6,0,[0|0]
237200121,,37200,121,2,1,[0|0],3710121,0,0,0,6,0,[0|0]
237200122,,37200,122,2,1,[0|0],3710122,0,0,0,6,0,[0|0]
237200123,,37200,123,2,1,[0|0],3710123,0,0,0,6,0,[0|0]
237200124,,37200,124,2,1,[0|0],3710124,0,0,0,6,0,[0|0]
237200125,,37200,125,2,1,[0|0],3710125,0,0,0,6,0,[0|0]
237200126,,37200,126,2,1,[0|0],3710126,0,0,0,6,0,[0|0]
237200127,,37200,127,2,1,[0|0],3710127,0,0,0,6,0,[0|0]
237300100,,37300,100,2,1,[0|0],3730100,0,0,0,6,0,[0|0]
237300110,,37300,110,2,1,[0|0],3730110,0,0,0,6,0,[0|0]
237300120,,37300,120,2,1,[0|0],3730120,0,0,0,6,0,[0|0]
237500100,,37500,100,2,0,[0|0],3750100,0,0,0,6,0,[0|0]
237500110,,37500,110,2,0,[0|0],3750110,0,0,0,6,0,[0|0]
237500120,,37500,120,2,0,[0|0],3750120,0,0,0,6,0,[0|0]
237500130,,37500,130,2,0,[0|0],3750130,0,0,0,6,0,[0|0]
237500131,,37500,131,2,0,[0|0],3750131,0,0,0,6,0,[0|0]
237500132,,37500,132,2,0,[0|0],3750132,0,0,0,6,0,[0|0]
237500140,,37500,140,2,0,[0|0],3750140,0,0,0,6,0,[0|0]
237500150,,37500,150,2,0,[0|0],3750150,0,0,0,6,0,[0|0]
237500160,,37500,160,2,0,[0|0],3750160,0,0,0,6,0,[0|0]
237500200,,37500,200,2,0,[0|0],3750200,0,0,0,6,0,[0|0]
237500210,,37500,210,2,0,[0|0],3750210,0,0,0,6,0,[0|0]
237500220,,37500,220,2,0,[0|0],3750220,0,0,0,6,0,[0|0]
237500230,,37500,230,2,0,[0|0],3750230,0,0,0,6,0,[0|0]
237500231,,37500,231,2,0,[0|0],3750231,0,0,0,6,0,[0|0]
237500232,,37500,232,2,0,[0|0],3750232,0,0,0,6,0,[0|0]
237500233,,37500,233,2,0,[0|0],3750233,0,0,0,6,0,[0|0]
237500234,,37500,234,2,0,[0|0],3750234,0,0,0,6,0,[0|0]
237500240,,37500,240,2,1,[0|0],3750240,0,0,0,6,0,[0|0]
237500241,,37500,241,2,1,[0|0],3750241,0,0,0,6,0,[0|0]
237500250,,37500,250,2,0,[0|0],3750250,0,0,0,6,0,[0|0]
237500251,,37500,251,2,0,[0|0],3750251,0,0,0,6,0,[0|0]
237500300,,37500,300,2,0,[0|0],3750300,0,0,0,6,0,[0|0]
237500310,,37500,310,2,0,[0|0],3750310,0,0,0,7,0,[0|0]
237500320,,37500,320,2,1,[0|0],3750320,0,0,0,6,0,[0|0]
237500321,,37500,321,2,1,[0|0],3750321,0,0,0,6,0,[0|0]
237500330,,37500,330,2,1,[0|0],3750330,0,0,0,6,0,[0|0]
237500331,,37500,331,2,1,[0|0],3750331,0,0,0,6,0,[0|0]
237500340,,37500,340,2,1,[0|0],3750340,0,0,0,6,0,[0|0]
237500341,,37500,341,2,1,[0|0],3750341,0,0,0,6,0,[0|0]
237500342,,37500,342,2,1,[0|0],3750342,0,0,0,6,0,[0|0]
237500350,,37500,350,2,1,[0|0],3750350,0,0,0,6,0,[0|0]
237500351,,37500,351,2,1,[0|0],3750351,0,0,0,6,0,[0|0]
237500990,,37500,990,2,0,[0|0],3750990,0,0,0,6,0,[0|0]
238000100,,38000,100,2,0,[0|0],3800100,0,0,0,6,0,[0|0]
238000110,,38000,110,2,0,[0|0],3800110,0,0,0,6,0,[0|0]
238000120,,38000,120,2,0,[0|0],3800120,0,0,0,6,0,[0|0]
238000121,,38000,121,2,0,[0|0],3800121,0,0,0,6,0,[0|0]
238000130,,38000,130,2,0,[0|0],3800130,0,0,0,7,0,[0|0]
238000140,,38000,140,2,0,[0|0],3800140,0,0,0,7,0,[0|0]
238000150,,38000,150,2,0,[0|0],3800150,0,0,0,7,0,[0|0]
238000160,,38000,160,2,0,[0|0],3800160,0,0,0,6,0,[0|0]
238000170,,38000,170,2,0,[0|0],3800170,0,0,0,6,0,[0|0]
238000180,,38000,180,2,0,[0|0],3800180,0,0,0,7,0,[0|0]
238000181,,38000,181,2,0,[0|0],3800181,0,0,0,6,0,[0|0]
238000182,,38000,182,2,0,[0|0],3800182,0,0,0,6,0,[0|0]
238000183,,38000,183,2,0,[0|0],3800183,0,0,0,7,0,[0|0]
238000185,,38000,185,2,0,[0|0],3800185,0,0,0,7,0,[0|0]
238000190,,38000,190,2,0,[0|0],3800190,0,0,0,6,0,[0|0]
238000191,,38000,191,2,0,[0|0],3800191,0,0,0,6,0,[0|0]
238000192,,38000,192,2,0,[0|0],3800192,0,0,0,6,0,[0|0]
238000193,,38000,193,2,0,[0|0],3800193,0,0,0,6,0,[0|0]
238000194,,38000,194,2,0,[0|0],3800194,0,0,0,6,0,[0|0]
238000195,,38000,195,2,1,[0|0],3800195,0,0,0,6,0,[0|0]
238000200,,38000,200,2,0,[0|0],3800200,0,0,0,7,0,[0|0]
238000201,,38000,201,2,0,[0|0],3800201,0,0,0,7,0,[0|0]
238000210,,38000,210,2,0,[0|0],3800210,0,0,0,7,0,[0|0]
238000211,,38000,211,2,0,[0|0],3800211,0,0,0,7,0,[0|0]
238000220,,38000,220,2,0,[0|0],3800220,0,0,0,7,0,[0|0]
238000221,,38000,221,2,0,[0|0],3800221,0,0,0,7,0,[0|0]
238000230,,38000,230,2,0,[0|0],3800230,0,0,0,7,0,[0|0]
238000231,,38000,231,2,0,[0|0],3800231,0,0,0,6,0,[0|0]
238000232,,38000,232,2,0,[0|0],3800232,0,0,0,7,0,[0|0]
238000233,,38000,233,2,0,[0|0],3800233,0,0,0,7,0,[0|0]
238000240,,38000,240,2,1,[0|0],3800240,0,0,0,6,0,[0|0]
238000241,,38000,241,2,1,[0|0],3800241,0,0,0,6,0,[0|0]
238000250,,38000,250,2,0,[0|0],3800250,0,0,0,6,0,[0|0]
238000260,,38000,260,2,0,[0|0],3800260,0,0,0,6,0,[0|0]
238000270,,38000,270,2,0,[0|0],3800270,0,0,0,7,0,[0|0]
238000280,,38000,280,2,1,[0|0],3800280,0,0,0,6,0,[0|0]
238000281,,38000,281,2,1,[0|0],3800281,0,0,0,6,0,[0|0]
238000285,,38000,285,2,0,[0|0],3800285,0,0,0,7,0,[0|0]
238000286,,38000,286,2,0,[0|0],3800286,0,0,0,7,0,[0|0]
238000287,,38000,287,2,0,[0|0],3800287,0,0,0,7,0,[0|0]
238000290,,38000,290,2,1,[0|0],3800290,0,0,0,6,0,[0|0]
238000300,,38000,300,2,1,[0|0],3800300,0,0,0,6,0,[0|0]
238000301,,38000,301,2,0,[0|0],3800301,0,0,0,7,0,[0|0]
238000302,,38000,302,2,0,[0|0],3800302,0,0,0,7,0,[0|0]
238000310,,38000,310,2,1,[0|0],3800310,0,0,0,6,0,[0|0]
238000311,,38000,311,2,0,[0|0],3800311,0,0,0,7,0,[0|0]
238000312,,38000,312,2,0,[0|0],3800312,0,0,0,7,0,[0|0]
238000313,,38000,313,2,1,[0|0],3800313,0,0,0,6,0,[0|0]
238000400,,38000,400,2,1,[0|0],3800400,0,0,0,6,0,[0|0]
238000405,,38000,405,2,1,[0|0],3800405,0,0,0,6,0,[0|0]
238000410,,38000,410,2,1,[0|0],3800410,0,0,0,6,0,[0|0]
238000415,,38000,415,2,1,[0|0],3800415,0,0,0,6,0,[0|0]
238000450,,38000,450,2,1,[0|0],3800450,0,0,0,6,0,[0|0]
238000453,,38000,453,2,1,[0|0],3800453,0,0,0,6,0,[0|0]
238000990,,38000,990,2,0,[0|0],3800990,0,0,0,6,0,[0|0]
238100100,,38100,100,2,0,[0|0],3810100,0,0,0,6,0,[0|0]
238100110,,38100,110,2,0,[0|0],3810110,0,0,0,6,0,[0|0]
238100111,,38100,111,2,0,[0|0],3810111,0,0,0,6,0,[0|0]
238100120,,38100,120,2,0,[0|0],3810120,0,0,0,6,0,[0|0]
238100130,,38100,130,2,0,[0|0],3810130,0,0,0,6,0,[0|0]
238100140,,38100,140,2,0,[0|0],3810140,0,0,0,6,0,[0|0]
238100150,,38100,150,2,0,[0|0],3810150,0,0,0,6,0,[0|0]
238100160,,38100,160,2,0,[0|0],3810160,0,0,0,6,0,[0|0]
238100170,,38100,170,2,0,[0|0],3810170,0,0,0,6,0,[0|0]
238100180,,38100,180,2,0,[0|0],3810180,0,0,0,6,0,[0|0]
238100190,,38100,190,2,1,[0|0],3810190,0,0,0,6,0,[0|0]
238100191,,38100,191,2,1,[0|0],3810191,0,0,0,6,0,[0|0]
238100200,,38100,200,2,0,[0|0],3810200,0,0,0,6,0,[0|0]
238100201,,38100,201,2,0,[0|0],3810201,0,0,0,6,0,[0|0]
238100210,,38100,210,2,0,[0|0],3810210,0,0,0,6,0,[0|0]
238100220,,38100,220,2,0,[0|0],3810220,0,0,0,6,0,[0|0]
238100230,,38100,230,2,0,[0|0],3810230,0,0,0,6,0,[0|0]
238100240,,38100,240,2,0,[0|0],3810240,0,0,0,6,0,[0|0]
238100300,,38100,300,2,1,[0|0],3810300,0,0,0,6,0,[0|0]
238100301,,38100,301,2,1,[0|0],3810301,0,0,0,6,0,[0|0]
238100310,,38100,310,2,1,[0|0],3810310,0,0,0,6,0,[0|0]
238100311,,38100,311,2,1,[0|0],3810311,0,0,0,6,0,[0|0]
238100312,,38100,312,2,1,[0|0],3810312,0,0,0,6,0,[0|0]
238100320,,38100,320,2,1,[0|0],3810320,0,0,0,6,0,[0|0]
238100330,,38100,330,2,1,[0|0],3810330,0,0,0,6,0,[0|0]
238100331,,38100,331,2,1,[0|0],3810331,0,0,0,6,0,[0|0]
238100332,,38100,332,2,1,[0|0],3810332,0,0,0,6,0,[0|0]
238100333,,38100,333,2,1,[0|0],3810333,0,0,0,6,0,[0|0]
238100334,,38100,334,2,1,[0|0],3810334,0,0,0,6,0,[0|0]
238100335,,38100,335,2,1,[0|0],3810335,0,0,0,6,0,[0|0]
238100400,,38100,400,2,1,[0|0],3810400,0,0,0,6,0,[0|0]
238100410,,38100,410,2,1,[0|0],3810410,0,0,0,6,0,[0|0]
238100420,,38100,420,2,1,[0|0],3810420,0,0,0,6,0,[0|0]
238100430,,38100,430,2,1,[0|0],3810430,0,0,0,6,0,[0|0]
238100440,,38100,440,2,1,[0|0],3810440,0,0,0,6,0,[0|0]
238100441,,38100,441,2,1,[0|0],3810441,0,0,0,6,0,[0|0]
238100442,,38100,442,2,1,[0|0],3810442,0,0,0,6,0,[0|0]
238500100,[Marionette],38500,100,2,0,[0|0],3850000,0,0,0,6,0,[0|0]
238500101,[Marionette],38500,101,2,0,[0|0],3850001,0,0,0,6,0,[0|0]
238500102,[Marionette],38500,102,2,0,[0|0],3850002,0,0,0,7,0,[0|0]
238500103,[Marionette],38500,103,2,0,[0|0],3850003,0,0,0,7,0,[0|0]
238500110,[Marionette],38500,110,2,0,[0|0],3850010,0,0,0,7,0,[0|0]
238500111,[Marionette],38500,111,2,0,[0|0],3850011,0,0,0,7,0,[0|0]
238500112,[Marionette],38500,112,2,0,[0|0],3850012,0,0,0,6,0,[0|0]
238500113,[Marionette],38500,113,2,0,[0|0],3850013,0,0,0,6,0,[0|0]
238500120,[Marionette],38500,120,2,0,[0|0],3850020,0,0,0,6,0,[0|0]
238500130,[Marionette],38500,130,2,0,[0|0],3850030,0,0,0,6,0,[0|0]
238500140,[Marionette],38500,140,2,0,[0|0],3850040,0,0,0,6,0,[0|0]
238500141,[Marionette],38500,141,2,0,[0|0],3850041,0,0,0,7,0,[0|0]
238500150,[Marionette],38500,150,2,0,[0|0],3850050,0,0,0,6,0,[0|0]
238500151,[Marionette],38500,151,2,0,[0|0],3850051,0,0,0,6,0,[0|0]
238500152,[Marionette],38500,152,2,0,[0|0],3850052,0,0,0,7,0,[0|0]
238500153,[Marionette],38500,153,2,0,[0|0],3850053,0,0,0,6,0,[0|0]
238500154,[Marionette],38500,154,2,0,[0|0],3850054,0,0,0,6,0,[0|0]
238500155,[Marionette],38500,155,2,0,[0|0],3850055,0,0,0,7,0,[0|0]
238500156,[Marionette],38500,156,2,0,[0|0],3850056,0,0,0,6,0,[0|0]
238500157,[Marionette],38500,157,2,0,[0|0],3850057,0,0,0,6,0,[0|0]
238500158,[Marionette],38500,158,2,0,[0|0],3850058,0,0,0,6,0,[0|0]
238500159,[Marionette],38500,159,2,0,[0|0],3850059,0,0,0,6,0,[0|0]
238500160,[Marionette],38500,160,2,0,[0|0],3850060,0,0,0,6,0,[0|0]
238500170,[Marionette],38500,170,2,1,[0|0],3850070,0,0,0,6,0,[0|0]
238500171,[Marionette],38500,171,2,1,[0|0],3850075,0,0,0,6,0,[0|0]
238500172,[Marionette],38500,172,2,1,[0|0],3850080,0,0,0,6,0,[0|0]
238500173,[Marionette],38500,173,2,1,[0|0],3850085,0,0,0,6,0,[0|0]
238500180,[Marionette],38500,180,2,0,[0|0],3850090,0,0,0,6,0,[0|0]
238500190,[Marionette],38500,190,2,0,[0|0],3850095,0,0,0,6,0,[0|0]
238500200,[Marionette],38500,200,2,1,[0|0],3850100,0,0,0,6,0,[0|0]
238500201,[Marionette],38500,201,2,1,[0|0],3850101,0,0,0,6,0,[0|0]
238500210,[Marionette],38500,210,2,1,[0|0],3850110,0,0,0,6,0,[0|0]
238500211,[Marionette],38500,211,2,1,[0|0],3850111,0,0,0,6,0,[0|0]
238500220,[Marionette],38500,220,2,1,[0|0],3850120,0,0,0,6,0,[0|0]
238500221,[Marionette],38500,221,2,1,[0|0],3850121,0,0,0,6,0,[0|0]
238500230,[Marionette],38500,230,2,1,[0|0],3850130,0,0,0,6,0,[0|0]
238500231,[Marionette],38500,231,2,1,[0|0],3850131,0,0,0,6,0,[0|0]
238500300,[Marionette],38500,300,2,0,[0|0],3850200,0,0,0,6,0,[0|0]
238500310,[Marionette],38500,310,2,0,[0|0],3850210,0,0,0,6,0,[0|0]
238500311,[Marionette],38500,311,2,0,[0|0],3850212,0,0,0,6,0,[0|0]
238500320,[Marionette],38500,320,2,0,[0|0],3850220,0,0,0,6,0,[0|0]
238500330,[Marionette],38500,330,2,0,[0|0],3850230,0,0,0,6,0,[0|0]
238500340,[Marionette],38500,340,2,0,[0|0],3850240,0,0,0,6,0,[0|0]
238500350,[Marionette],38500,350,2,0,[0|0],3850250,0,0,0,6,0,[0|0]
238500360,[Marionette],38500,360,2,0,[0|0],3850260,0,0,0,6,0,[0|0]
238500361,[Marionette],38500,361,2,0,[0|0],3850261,0,0,0,6,0,[0|0]
238500370,[Marionette],38500,370,2,0,[0|0],3850270,0,0,0,6,0,[0|0]
238500371,[Marionette],38500,371,2,0,[0|0],3850271,0,0,0,6,0,[0|0]
238500380,[Marionette],38500,380,2,0,[0|0],3850280,0,0,0,6,0,[0|0]
238500381,[Marionette],38500,381,2,0,[0|0],3850281,0,0,0,6,0,[0|0]
238500390,[Marionette],38500,390,2,0,[0|0],3850290,0,0,0,6,0,[0|0]
238500391,[Marionette],38500,391,2,0,[0|0],3850291,0,0,0,6,0,[0|0]
238500400,[Marionette],38500,400,2,0,[0|0],3850300,0,0,0,6,0,[0|0]
238500401,[Marionette],38500,401,2,0,[0|0],3850301,0,0,0,6,0,[0|0]
238500410,[Marionette],38500,410,2,1,[0|0],3850310,0,0,0,6,0,[0|0]
238500420,[Marionette],38500,420,2,1,[0|0],3850320,0,0,0,6,0,[0|0]
238600100,,38600,100,2,0,[0|0],3860100,0,0,0,6,0,[0|0]
238600101,,38600,101,2,0,[0|0],3860101,0,0,0,6,0,[0|0]
238600110,,38600,110,2,0,[0|0],3860110,0,0,0,6,0,[0|0]
238600111,,38600,111,2,0,[0|0],3860111,0,0,0,6,0,[0|0]
238600120,,38600,120,2,0,[0|0],3860120,0,0,0,6,0,[0|0]
238600121,,38600,121,2,0,[0|0],3860121,0,0,0,6,0,[0|0]
238600122,,38600,122,2,0,[0|0],3860122,0,0,0,6,0,[0|0]
238600123,,38600,123,2,0,[0|0],3860123,0,0,0,6,0,[0|0]
238600130,,38600,130,2,0,[0|0],3860130,0,0,0,6,0,[0|0]
238600131,,38600,131,2,0,[0|0],3860131,0,0,0,6,0,[0|0]
238600140,,38600,140,2,0,[0|0],3860140,0,0,0,6,0,[0|0]
238600141,,38600,141,2,0,[0|0],3860141,0,0,0,6,0,[0|0]
238600150,,38600,150,2,0,[0|0],3860150,0,0,0,6,0,[0|0]
238600151,,38600,151,2,0,[0|0],3860151,0,0,0,6,0,[0|0]
238600160,,38600,160,2,0,[0|0],3860160,0,0,0,6,0,[0|0]
238600170,,38600,170,2,1,[0|0],3860170,0,0,0,6,0,[0|0]
238600175,,38600,175,2,1,[0|0],3860175,0,0,0,6,0,[0|0]
238600180,,38600,180,2,0,[0|0],3860180,0,0,0,6,0,[0|0]
238600190,,38600,190,2,0,[0|0],3860190,0,0,0,6,0,[0|0]
238600191,,38600,191,2,0,[0|0],3860191,0,0,0,6,0,[0|0]
238600200,,38600,200,2,0,[0|0],3860200,0,0,0,6,0,[0|0]
238600210,,38600,210,2,0,[0|0],3860210,0,0,0,6,0,[0|0]
238600220,,38600,220,2,0,[0|0],3860220,0,0,0,6,0,[0|0]
238600230,,38600,230,2,0,[0|0],3860230,0,0,0,6,0,[0|0]
238600240,,38600,240,2,0,[0|0],3860240,0,0,0,6,0,[0|0]
238600241,,38600,241,2,0,[0|0],3860241,0,0,0,6,0,[0|0]
238600250,,38600,250,2,0,[0|0],3860250,0,0,0,6,0,[0|0]
238600251,,38600,251,2,0,[0|0],3860251,0,0,0,6,0,[0|0]
238600260,,38600,260,2,0,[0|0],3860260,0,0,0,6,0,[0|0]
238600270,,38600,270,2,1,[0|0],3860270,0,0,0,6,0,[0|0]
238600275,,38600,275,2,1,[0|0],3860275,0,0,0,6,0,[0|0]
238600280,,38600,280,2,0,[0|0],3860280,0,0,0,6,0,[0|0]
238600290,,38600,290,2,0,[0|0],3860290,0,0,0,6,0,[0|0]
238600300,,38600,300,2,0,[0|0],3860300,0,0,0,6,0,[0|0]
238600310,,38600,310,2,0,[0|0],3860310,0,0,0,6,0,[0|0]
238600400,,38600,400,2,1,[0|0],3860400,0,0,0,6,0,[0|0]
238600401,,38600,401,2,1,[0|0],3860401,0,0,0,6,0,[0|0]
238600450,,38600,450,2,1,[0|0],3860450,0,0,0,6,0,[0|0]
238600500,,38600,500,2,0,[0|0],3860500,0,0,0,6,0,[0|0]
239000100,,39000,100,2,0,[0|0],3900100,0,0,0,6,0,[0|0]
239000110,,39000,110,2,0,[0|0],3900110,0,0,0,6,0,[0|0]
239000120,,39000,120,2,0,[0|0],3900120,0,0,0,6,0,[0|0]
239000130,,39000,130,2,0,[0|0],3900130,0,0,0,6,0,[0|0]
239000131,,39000,131,2,1,[0|0],3900131,0,0,0,6,0,[0|0]
239000140,,39000,140,2,0,[0|0],3900140,0,0,0,6,0,[0|0]
239000141,,39000,141,2,0,[0|0],3900141,0,0,0,6,0,[0|0]
239000150,,39000,150,2,0,[0|0],3900150,0,0,0,6,0,[0|0]
239000160,,39000,160,2,0,[0|0],3900160,0,0,0,6,0,[0|0]
239000170,,39000,170,2,0,[0|0],3900170,0,0,0,6,0,[0|0]
239000180,,39000,180,2,0,[0|0],3900180,0,0,0,6,0,[0|0]
239000181,,39000,181,2,0,[0|0],3900181,0,0,0,6,0,[0|0]
239000190,,39000,190,2,0,[0|0],3900190,0,0,0,6,0,[0|0]
239000200,,39000,200,2,1,[0|0],3900200,0,0,0,6,0,[0|0]
239000201,,39000,201,2,1,[0|0],3900201,0,0,0,6,0,[0|0]
239000202,,39000,202,2,0,[0|0],3900202,0,0,0,6,0,[0|0]
239000210,,39000,210,2,1,[0|0],3900210,0,0,0,6,0,[0|0]
239000211,,39000,211,2,1,[0|0],3900211,0,0,0,6,0,[0|0]
239000212,,39000,212,2,0,[0|0],3900212,0,0,0,6,0,[0|0]
239000220,,39000,220,2,1,[0|0],3900220,0,0,0,6,0,[0|0]
239000230,,39000,230,2,0,[0|0],3900230,0,0,0,6,0,[0|0]
239000240,,39000,240,2,0,[0|0],3900240,0,0,0,6,0,[0|0]
239000250,,39000,250,2,0,[0|0],3900250,0,0,0,6,0,[0|0]
239000260,,39000,260,2,0,[0|0],3900260,0,0,0,6,0,[0|0]
239000270,,39000,270,2,0,[0|0],3900270,0,0,0,6,0,[0|0]
239000300,,39000,300,2,0,[0|0],3900300,0,0,0,6,0,[0|0]
239000310,,39000,310,2,0,[0|0],3900310,0,0,0,6,0,[0|0]
239000320,,39000,320,2,0,[0|0],3900320,0,0,0,6,0,[0|0]
239000330,,39000,330,2,0,[0|0],3900330,0,0,0,6,0,[0|0]
239000331,,39000,331,2,0,[0|0],3900331,0,0,0,6,0,[0|0]
239000332,,39000,332,2,0,[0|0],3900332,0,0,0,6,0,[0|0]
239000333,,39000,333,2,1,[0|0],3900333,0,0,0,6,0,[0|0]
239000340,,39000,340,2,0,[0|0],3900340,0,0,0,6,0,[0|0]
239000350,,39000,350,2,0,[0|0],3900350,0,0,0,6,0,[0|0]
239000360,,39000,360,2,0,[0|0],3900360,0,0,0,6,0,[0|0]
239000370,,39000,370,2,0,[0|0],3900370,0,0,0,6,0,[0|0]
239000371,,39000,371,2,0,[0|0],3900371,0,0,0,6,0,[0|0]
239000380,,39000,380,2,0,[0|0],3900380,0,0,0,6,0,[0|0]
239000390,,39000,390,2,0,[0|0],3900390,0,0,0,6,0,[0|0]
239000391,,39000,391,2,0,[0|0],3900391,0,0,0,6,0,[0|0]
239000400,,39000,400,2,0,[0|0],3900400,0,0,0,6,0,[0|0]
239000410,,39000,410,2,0,[0|0],3900410,0,0,0,6,0,[0|0]
239000420,,39000,420,2,0,[0|0],3900420,0,0,0,6,0,[0|0]
239000421,,39000,421,2,0,[0|0],3900421,0,0,0,6,0,[0|0]
239000430,,39000,430,2,0,[0|0],3900430,0,0,0,6,0,[0|0]
239000440,,39000,440,2,0,[0|0],3900440,0,0,0,6,0,[0|0]
239010100,,39010,100,2,0,[0|0],3901100,0,0,0,6,0,[0|0]
239010110,,39010,110,2,0,[0|0],3901110,0,0,0,6,0,[0|0]
239010120,,39010,120,2,0,[0|0],3901120,0,0,0,6,0,[0|0]
239010130,,39010,130,2,0,[0|0],3901130,0,0,0,6,0,[0|0]
239010131,,39010,131,2,1,[0|0],3901131,0,0,0,6,0,[0|0]
239010140,,39010,140,2,0,[0|0],3901140,0,0,0,6,0,[0|0]
239010141,,39010,141,2,0,[0|0],3901141,0,0,0,6,0,[0|0]
239010150,,39010,150,2,0,[0|0],3901150,0,0,0,6,0,[0|0]
239010160,,39010,160,2,0,[0|0],3901160,0,0,0,6,0,[0|0]
239010170,,39010,170,2,0,[0|0],3901170,0,0,0,6,0,[0|0]
239010180,,39010,180,2,0,[0|0],3901180,0,0,0,6,0,[0|0]
239010181,,39010,181,2,0,[0|0],3901181,0,0,0,6,0,[0|0]
239010190,,39010,190,2,0,[0|0],3901190,0,0,0,6,0,[0|0]
239010200,,39010,200,2,1,[0|0],3901200,0,0,0,6,0,[0|0]
239010201,,39010,201,2,1,[0|0],3901201,0,0,0,6,0,[0|0]
239010202,,39010,202,2,0,[0|0],3901202,0,0,0,6,0,[0|0]
239010210,,39010,210,2,1,[0|0],3901210,0,0,0,6,0,[0|0]
239010211,,39010,211,2,1,[0|0],3901211,0,0,0,6,0,[0|0]
239010212,,39010,212,2,0,[0|0],3901212,0,0,0,6,0,[0|0]
239010220,,39010,220,2,1,[0|0],3901220,0,0,0,6,0,[0|0]
239010230,,39010,230,2,0,[0|0],3901230,0,0,0,6,0,[0|0]
239010240,,39010,240,2,0,[0|0],3901240,0,0,0,6,0,[0|0]
239010250,,39010,250,2,0,[0|0],3901250,0,0,0,6,0,[0|0]
239010260,,39010,260,2,0,[0|0],3901260,0,0,0,6,0,[0|0]
239010270,,39010,270,2,0,[0|0],3901270,0,0,0,6,0,[0|0]
239010300,,39010,300,2,0,[0|0],3901300,0,0,0,6,0,[0|0]
239010310,,39010,310,2,0,[0|0],3901310,0,0,0,6,0,[0|0]
239010320,,39010,320,2,0,[0|0],3901320,0,0,0,6,0,[0|0]
239010330,,39010,330,2,0,[0|0],3901330,0,0,0,6,0,[0|0]
239010331,,39010,331,2,0,[0|0],3901331,0,0,0,6,0,[0|0]
239010332,,39010,332,2,0,[0|0],3901332,0,0,0,6,0,[0|0]
239010333,,39010,333,2,1,[0|0],3901333,0,0,0,6,0,[0|0]
239010340,,39010,340,2,0,[0|0],3901340,0,0,0,6,0,[0|0]
239010350,,39010,350,2,0,[0|0],3901350,0,0,0,6,0,[0|0]
239010360,,39010,360,2,0,[0|0],3901360,0,0,0,6,0,[0|0]
239010370,,39010,370,2,0,[0|0],3901370,0,0,0,6,0,[0|0]
239010371,,39010,371,2,0,[0|0],3901371,0,0,0,6,0,[0|0]
239010380,,39010,380,2,0,[0|0],3901380,0,0,0,6,0,[0|0]
239010390,,39010,390,2,0,[0|0],3901390,0,0,0,6,0,[0|0]
239010391,,39010,391,2,0,[0|0],3901391,0,0,0,6,0,[0|0]
239010400,,39010,400,2,0,[0|0],3901400,0,0,0,6,0,[0|0]
239010410,,39010,410,2,0,[0|0],3901410,0,0,0,6,0,[0|0]
239010420,,39010,420,2,0,[0|0],3901420,0,0,0,6,0,[0|0]
239010421,,39010,421,2,0,[0|0],3901421,0,0,0,6,0,[0|0]
239010430,,39010,430,2,0,[0|0],3901430,0,0,0,6,0,[0|0]
239010440,,39010,440,2,0,[0|0],3901440,0,0,0,6,0,[0|0]
239010450,,39010,450,2,1,[0|0],3901450,0,0,0,6,0,[0|0]
239010451,,39010,451,2,1,[0|0],3901451,0,0,0,6,0,[0|0]
239010460,,39010,460,2,1,[0|0],3901460,0,0,0,6,0,[0|0]
239010461,,39010,461,2,1,[0|0],3901461,0,0,0,6,0,[0|0]
239100100,,39100,100,2,0,[0|0],3910100,0,0,0,6,0,[0|0]
239100101,,39100,101,2,1,[0|0],3910101,0,0,0,6,0,[0|0]
239100110,,39100,110,2,1,[0|0],3910110,0,0,0,6,0,[0|0]
239100111,,39100,111,2,1,[0|0],3910111,0,0,0,6,0,[0|0]
239100112,,39100,112,2,1,[0|0],3910112,0,0,0,6,0,[0|0]
239100113,,39100,113,2,1,[0|0],3910113,0,0,0,6,0,[0|0]
239100114,,39100,114,2,1,[0|0],3910114,0,0,0,6,0,[0|0]
239100116,,39100,116,2,1,[0|0],3910116,0,0,0,6,0,[0|0]
239100120,,39100,120,2,1,[0|0],3910120,0,0,0,6,0,[0|0]
239100130,,39100,130,2,0,[0|0],3910130,0,0,0,6,0,[0|0]
239100140,,39100,140,2,0,[0|0],3910140,0,0,0,6,0,[0|0]
239100150,,39100,150,2,0,[0|0],3910150,0,0,0,6,0,[0|0]
239100160,,39100,160,2,0,[0|0],3910160,0,0,0,6,0,[0|0]
239100161,,39100,161,2,0,[0|0],3910161,0,0,0,6,0,[0|0]
239100170,,39100,170,2,0,[0|0],3910170,0,0,0,6,0,[0|0]
239100171,,39100,171,2,1,[0|0],3910171,0,0,0,6,0,[0|0]
239100180,,39100,180,2,0,[0|0],3910180,0,0,0,6,0,[0|0]
239100181,,39100,181,2,0,[0|0],3910181,0,0,0,6,0,[0|0]
239100182,,39100,182,2,1,[0|0],3910182,0,0,0,6,0,[0|0]
239100183,,39100,183,2,1,[0|0],3910183,0,0,0,6,0,[0|0]
239100184,,39100,184,2,1,[0|0],3910184,0,0,0,6,0,[0|0]
239100190,,39100,190,2,0,[0|0],3910190,0,0,0,6,0,[0|0]
239100191,,39100,191,2,0,[0|0],3910191,0,0,0,6,0,[0|0]
239100200,,39100,200,2,0,[0|0],3910200,0,0,0,6,0,[0|0]
239100201,,39100,201,2,0,[0|0],3910201,0,0,0,6,0,[0|0]
239100202,,39100,202,2,0,[0|0],3910202,0,0,0,6,0,[0|0]
239100210,,39100,210,2,0,[0|0],3910210,0,0,0,6,0,[0|0]
239100211,,39100,211,2,0,[0|0],3910211,0,0,0,6,0,[0|0]
239100212,,39100,212,2,0,[0|0],3910212,0,0,0,6,0,[0|0]
239100220,,39100,220,2,0,[0|0],3910220,0,0,0,6,0,[0|0]
239100221,,39100,221,2,1,[0|0],3910221,0,0,0,6,0,[0|0]
239100230,,39100,230,2,1,[0|0],3910230,0,0,0,6,0,[0|0]
239100231,,39100,231,2,1,[0|0],3910231,0,0,0,6,0,[0|0]
239100240,,39100,240,2,0,[0|0],3910240,0,0,0,6,0,[0|0]
239100250,,39100,250,2,1,[0|0],3910250,0,0,0,6,0,[0|0]
239100251,,39100,251,2,1,[0|0],3910251,0,0,0,6,0,[0|0]
239100260,,39100,260,2,1,[0|0],3910260,0,0,0,6,0,[0|0]
239100261,,39100,261,2,1,[0|0],3910261,0,0,0,6,0,[0|0]
239100270,,39100,270,2,0,[0|0],3910270,0,0,0,6,0,[0|0]
239100300,,39100,300,2,0,[0|0],3910300,0,0,0,6,0,[0|0]
239100301,,39100,301,2,0,[0|0],3910301,0,0,0,6,0,[0|0]
239100302,,39100,302,2,0,[0|0],3910302,0,0,0,6,0,[0|0]
239100303,,39100,303,2,0,[0|0],3910303,0,0,0,6,0,[0|0]
239100310,,39100,310,2,0,[0|0],3910310,0,0,0,6,0,[0|0]
239100311,,39100,311,2,0,[0|0],3910311,0,0,0,6,0,[0|0]
239100312,,39100,312,2,0,[0|0],3910312,0,0,0,6,0,[0|0]
239100313,,39100,313,2,0,[0|0],3910313,0,0,0,6,0,[0|0]
239100320,,39100,320,2,0,[0|0],3910320,0,0,0,6,0,[0|0]
239100321,,39100,321,2,0,[0|0],3910321,0,0,0,6,0,[0|0]
239100322,,39100,322,2,0,[0|0],3910322,0,0,0,6,0,[0|0]
239100323,,39100,323,2,0,[0|0],3910323,0,0,0,6,0,[0|0]
239100330,,39100,330,2,0,[0|0],3910330,0,0,0,6,0,[0|0]
239100331,,39100,331,2,0,[0|0],3910331,0,0,0,6,0,[0|0]
239100332,,39100,332,2,0,[0|0],3910332,0,0,0,6,0,[0|0]
239100333,,39100,333,2,0,[0|0],3910333,0,0,0,6,0,[0|0]
239100340,,39100,340,2,0,[0|0],3910340,0,0,0,6,0,[0|0]
239100341,,39100,341,2,0,[0|0],3910341,0,0,0,6,0,[0|0]
239100342,,39100,342,2,0,[0|0],3910342,0,0,0,6,0,[0|0]
239100343,,39100,343,2,0,[0|0],3910343,0,0,0,6,0,[0|0]
239100344,,39100,344,2,0,[0|0],3910344,0,0,0,6,0,[0|0]
239100345,,39100,345,2,0,[0|0],3910345,0,0,0,6,0,[0|0]
239100346,,39100,346,2,0,[0|0],3910346,0,0,0,6,0,[0|0]
239100347,,39100,347,2,0,[0|0],3910347,0,0,0,6,0,[0|0]
239100348,,39100,348,2,1,[0|0],3910348,0,0,0,6,0,[0|0]
239100349,,39100,349,2,1,[0|0],3910349,0,0,0,6,0,[0|0]
239100350,,39100,350,2,0,[0|0],3910350,0,0,0,6,0,[0|0]
239100360,,39100,360,2,0,[0|0],3910360,0,0,0,6,0,[0|0]
239100361,,39100,361,2,0,[0|0],3910361,0,0,0,6,0,[0|0]
239100362,,39100,362,2,0,[0|0],3910362,0,0,0,6,0,[0|0]
239100363,,39100,363,2,0,[0|0],3910363,0,0,0,6,0,[0|0]
239100364,,39100,364,2,0,[0|0],3910364,0,0,0,6,0,[0|0]
239100365,,39100,365,2,0,[0|0],3910365,0,0,0,6,0,[0|0]
239100370,,39100,370,2,0,[0|0],3910370,0,0,0,6,0,[0|0]
239100371,,39100,371,2,0,[0|0],3910371,0,0,0,6,0,[0|0]
239100372,,39100,372,2,0,[0|0],3910372,0,0,0,6,0,[0|0]
239100373,,39100,373,2,0,[0|0],3910373,0,0,0,6,0,[0|0]
239100380,,39100,380,2,0,[0|0],3910380,0,0,0,6,0,[0|0]
239100381,,39100,381,2,0,[0|0],3910381,0,0,0,6,0,[0|0]
239100382,,39100,382,2,0,[0|0],3910382,0,0,0,6,0,[0|0]
239100383,,39100,383,2,0,[0|0],3910383,0,0,0,6,0,[0|0]
239100384,,39100,384,2,0,[0|0],3910384,0,0,0,6,0,[0|0]
239100385,,39100,385,2,0,[0|0],3910385,0,0,0,6,0,[0|0]
239100390,,39100,390,2,1,[0|0],3910390,0,0,0,6,0,[0|0]
239100391,,39100,391,2,1,[0|0],3910391,0,0,0,6,0,[0|0]
239100999,,39100,999,2,0,[0|0],3910999,0,0,0,6,0,[0|0]
239500100,,39500,100,2,0,[0|0],3950100,0,0,0,7,0,[0|0]
239500101,,39500,101,2,0,[0|0],3950101,0,0,0,7,0,[0|0]
239500102,,39500,102,2,0,[0|0],3950102,0,0,0,7,0,[0|0]
239500105,,39500,105,2,0,[0|0],3950105,0,0,0,7,0,[0|0]
239500106,,39500,106,2,0,[0|0],3950106,0,0,0,7,0,[0|0]
239500107,,39500,107,2,0,[0|0],3950107,0,0,0,7,0,[0|0]
239500110,,39500,110,2,0,[0|0],3950110,0,0,0,7,0,[0|0]
239500111,,39500,111,2,0,[0|0],3950111,0,0,0,7,0,[0|0]
239500112,,39500,112,2,0,[0|0],3950112,0,0,0,7,0,[0|0]
239500115,,39500,115,2,0,[0|0],3950115,0,0,0,7,0,[0|0]
239500116,,39500,116,2,0,[0|0],3950116,0,0,0,7,0,[0|0]
239500117,,39500,117,2,0,[0|0],3950117,0,0,0,7,0,[0|0]
239500120,,39500,120,2,0,[0|0],3950120,0,0,0,7,0,[0|0]
239500121,,39500,121,2,0,[0|0],3950121,0,0,0,7,0,[0|0]
239500122,,39500,122,2,0,[0|0],3950122,0,0,0,7,0,[0|0]
239500125,,39500,125,2,0,[0|0],3950125,0,0,0,7,0,[0|0]
239500126,,39500,126,2,0,[0|0],3950126,0,0,0,7,0,[0|0]
239500127,,39500,127,2,0,[0|0],3950127,0,0,0,7,0,[0|0]
239500130,,39500,130,2,0,[0|0],3950130,0,0,0,7,0,[0|0]
239500131,,39500,131,2,0,[0|0],3950131,0,0,0,7,0,[0|0]
239500132,,39500,132,2,0,[0|0],3950132,0,0,0,7,0,[0|0]
239500135,,39500,135,2,0,[0|0],3950135,0,0,0,7,0,[0|0]
239500136,,39500,136,2,0,[0|0],3950136,0,0,0,7,0,[0|0]
239500137,,39500,137,2,0,[0|0],3950137,0,0,0,7,0,[0|0]
239500140,,39500,140,2,0,[0|0],3950140,0,0,0,7,0,[0|0]
239500141,,39500,141,2,0,[0|0],3950141,0,0,0,7,0,[0|0]
239500142,,39500,142,2,0,[0|0],3950142,0,0,0,7,0,[0|0]
239500145,,39500,145,2,0,[0|0],3950145,0,0,0,7,0,[0|0]
239500146,,39500,146,2,0,[0|0],3950146,0,0,0,7,0,[0|0]
239500147,,39500,147,2,0,[0|0],3950147,0,0,0,7,0,[0|0]
239500150,,39500,150,2,0,[0|0],3950150,0,0,0,7,0,[0|0]
239500151,,39500,151,2,0,[0|0],3950151,0,0,0,7,0,[0|0]
239500160,,39500,160,2,0,[0|0],3950160,0,0,0,7,0,[0|0]
239500161,,39500,161,2,0,[0|0],3950161,0,0,0,7,0,[0|0]
239500170,,39500,170,2,0,[0|0],3950170,0,0,0,7,0,[0|0]
239500171,,39500,171,2,1,[0|0],3950171,0,0,0,7,0,[0|0]
239500172,,39500,172,2,1,[0|0],3950172,0,0,0,7,0,[0|0]
239500173,,39500,173,2,1,[0|0],3950173,0,0,0,7,0,[0|0]
239500174,,39500,174,2,1,[0|0],3950174,0,0,0,7,0,[0|0]
239500175,,39500,175,2,1,[0|0],3950175,0,0,0,7,0,[0|0]
239500176,,39500,176,2,1,[0|0],3950176,0,0,0,7,0,[0|0]
239500180,,39500,180,2,1,[0|0],3950180,0,0,0,7,0,[0|0]
239500200,,39500,200,2,0,[0|0],3950200,0,0,0,7,0,[0|0]
239500201,,39500,201,2,0,[0|0],3950201,0,0,0,7,0,[0|0]
239500210,,39500,210,2,0,[0|0],3950210,0,0,0,7,0,[0|0]
239500211,,39500,211,2,0,[0|0],3950211,0,0,0,7,0,[0|0]
239500220,,39500,220,2,0,[0|0],3950220,0,0,0,7,0,[0|0]
239500221,,39500,221,2,0,[0|0],3950221,0,0,0,7,0,[0|0]
239500230,,39500,230,2,0,[0|0],3950230,0,0,0,7,0,[0|0]
239500231,,39500,231,2,0,[0|0],3950231,0,0,0,7,0,[0|0]
239500235,,39500,235,2,0,[0|0],3950235,0,0,0,7,0,[0|0]
239500236,,39500,236,2,0,[0|0],3950236,0,0,0,7,0,[0|0]
239500240,,39500,240,2,0,[0|0],3950240,0,0,0,7,0,[0|0]
239500241,,39500,241,2,1,[0|0],3950241,0,0,0,7,0,[0|0]
239500242,,39500,242,2,1,[0|0],3950242,0,0,0,7,0,[0|0]
239500243,,39500,243,2,1,[0|0],3950243,0,0,0,7,0,[0|0]
239500250,,39500,250,2,0,[0|0],3950250,0,0,0,7,0,[0|0]
239500251,,39500,251,2,0,[0|0],3950251,0,0,0,7,0,[0|0]
239500252,,39500,252,2,0,[0|0],3950252,0,0,0,7,0,[0|0]
239500253,,39500,253,2,0,[0|0],3950253,0,0,0,6,0,[0|0]
239500254,,39500,254,2,0,[0|0],3950254,0,0,0,6,0,[0|0]
239500260,,39500,260,2,0,[0|0],3950260,0,0,0,7,0,[0|0]
239500261,,39500,261,2,0,[0|0],3950261,0,0,0,7,0,[0|0]
239500262,,39500,262,2,0,[0|0],3950262,0,0,0,7,0,[0|0]
239500270,,39500,270,2,0,[0|0],3950270,0,0,0,7,0,[0|0]
239500271,,39500,271,2,0,[0|0],3950271,0,0,0,7,0,[0|0]
239500300,,39500,300,2,0,[0|0],3950300,0,0,0,7,0,[0|0]
239500301,,39500,301,2,0,[0|0],3950301,0,0,0,7,0,[0|0]
239500310,,39500,310,2,0,[0|0],3950310,0,0,0,7,0,[0|0]
239500311,,39500,311,2,0,[0|0],3950311,0,0,0,7,0,[0|0]
239500320,,39500,320,2,0,[0|0],3950320,0,0,0,7,0,[0|0]
239500321,,39500,321,2,0,[0|0],3950321,0,0,0,7,0,[0|0]
239500325,,39500,325,2,0,[0|0],3950325,0,0,0,7,0,[0|0]
239500326,,39500,326,2,0,[0|0],3950326,0,0,0,7,0,[0|0]
239500330,,39500,330,2,0,[0|0],3950330,0,0,0,7,0,[0|0]
239500331,,39500,331,2,0,[0|0],3950331,0,0,0,7,0,[0|0]
239500335,,39500,335,2,0,[0|0],3950335,0,0,0,7,0,[0|0]
239500336,,39500,336,2,0,[0|0],3950336,0,0,0,7,0,[0|0]
239500340,,39500,340,2,0,[0|0],3950340,0,0,0,7,0,[0|0]
239500341,,39500,341,2,0,[0|0],3950341,0,0,0,7,0,[0|0]
239500345,,39500,345,2,0,[0|0],3950345,0,0,0,7,0,[0|0]
239500346,,39500,346,2,0,[0|0],3950346,0,0,0,7,0,[0|0]
239500500,,39500,500,2,1,[0|0],3950500,0,0,0,6,0,[0|0]
239500520,,39500,520,2,1,[0|0],3950520,0,0,0,6,0,[0|0]
239500530,,39500,530,2,0,[0|0],3950530,0,0,0,6,0,[0|0]
239500600,,39500,600,2,1,[0|0],3950600,0,0,0,6,0,[0|0]
239500610,,39500,610,2,1,[0|0],3950610,0,0,0,6,0,[0|0]
239500620,,39500,620,2,1,[0|0],3950620,0,0,0,6,0,[0|0]
239500700,,39500,700,2,1,[0|0],3950700,0,0,0,6,0,[0|0]
239500750,,39500,750,2,1,[0|0],3950750,0,0,0,6,0,[0|0]
239500800,,39500,800,2,0,[0|0],3950800,0,0,0,6,0,[0|0]
239500850,,39500,850,2,0,[0|0],3950850,0,0,0,6,0,[0|0]
239500990,,39500,990,2,0,[0|0],3950990,0,0,0,6,0,[0|0]
239500991,,39500,991,2,0,[0|0],3950991,0,0,0,6,0,[0|0]
239700100,,39700,100,2,0,[0|0],3970100,0,0,0,6,0,[0|0]
239700110,,39700,110,2,0,[0|0],3970110,0,0,0,6,0,[0|0]
239700120,,39700,120,2,0,[0|0],3970120,0,0,0,6,0,[0|0]
239700130,,39700,130,2,0,[0|0],3970130,0,0,0,6,0,[0|0]
239700140,,39700,140,2,0,[0|0],3970140,0,0,0,6,0,[0|0]
239700141,,39700,141,2,0,[0|0],3970141,0,0,0,6,0,[0|0]
239700150,,39700,150,2,0,[0|0],3970150,0,0,0,7,0,[0|0]
239700160,,39700,160,2,0,[0|0],3970160,0,0,0,6,0,[0|0]
239700200,,39700,200,2,0,[0|0],3970200,0,0,0,6,0,[0|0]
239700210,,39700,210,2,0,[0|0],3970210,0,0,0,6,0,[0|0]
239700220,,39700,220,2,0,[0|0],3970220,0,0,0,6,0,[0|0]
239700230,,39700,230,2,0,[0|0],3970230,0,0,0,6,0,[0|0]
239700240,,39700,240,2,0,[0|0],3970240,0,0,0,6,0,[0|0]
239700241,,39700,241,2,0,[0|0],3970241,0,0,0,6,0,[0|0]
239700250,,39700,250,2,0,[0|0],3970250,0,0,0,7,0,[0|0]
239700260,,39700,260,2,0,[0|0],3970260,0,0,0,6,0,[0|0]
239700300,,39700,300,2,1,[0|0],3970300,0,0,0,6,0,[0|0]
239700301,,39700,301,2,1,[0|0],3970301,0,0,0,6,0,[0|0]
239700302,,39700,302,2,1,[0|0],3970302,0,0,0,6,0,[0|0]
239700303,,39700,303,2,1,[0|0],3970303,0,0,0,6,0,[0|0]
239700320,,39700,320,2,0,[0|0],3970320,0,0,0,6,0,[0|0]
239700350,,39700,350,2,0,[0|0],3970350,0,0,0,7,0,[0|0]
239700360,,39700,360,2,0,[0|0],3970360,0,0,0,6,0,[0|0]
239700400,,39700,400,2,1,[0|0],3970400,0,0,0,6,0,[0|0]
239700401,,39700,401,2,1,[0|0],3970401,0,0,0,6,0,[0|0]
239700402,,39700,402,2,1,[0|0],3970402,0,0,0,6,0,[0|0]
239700403,,39700,403,2,1,[0|0],3970403,0,0,0,6,0,[0|0]
239700420,,39700,420,2,0,[0|0],3970420,0,0,0,6,0,[0|0]
239700450,,39700,450,2,0,[0|0],3970450,0,0,0,7,0,[0|0]
239700460,,39700,460,2,0,[0|0],3970460,0,0,0,6,0,[0|0]
239700500,,39700,500,2,0,[0|0],3970500,0,0,0,6,0,[0|0]
239700510,,39700,510,2,0,[0|0],3970510,0,0,0,6,0,[0|0]
239700520,,39700,520,2,0,[0|0],3970520,0,0,0,6,0,[0|0]
239700530,,39700,530,2,0,[0|0],3970530,0,0,0,6,0,[0|0]
239700540,,39700,540,2,0,[0|0],3970540,0,0,0,6,0,[0|0]
239700541,,39700,541,2,0,[0|0],3970541,0,0,0,6,0,[0|0]
239700550,,39700,550,2,0,[0|0],3970550,0,0,0,6,0,[0|0]
239700560,,39700,560,2,0,[0|0],3970560,0,0,0,6,0,[0|0]
239700570,,39700,570,2,0,[0|0],3970570,0,0,0,6,0,[0|0]
239700580,,39700,580,2,0,[0|0],3970580,0,0,0,6,0,[0|0]
239700581,,39700,581,2,0,[0|0],3970581,0,0,0,6,0,[0|0]
239700600,,39700,600,2,0,[0|0],3970600,0,0,0,6,0,[0|0]
239700610,,39700,610,2,0,[0|0],3970610,0,0,0,6,0,[0|0]
239700620,,39700,620,2,0,[0|0],3970620,0,0,0,6,0,[0|0]
239700630,,39700,630,2,0,[0|0],3970630,0,0,0,6,0,[0|0]
239700640,,39700,640,2,0,[0|0],3970640,0,0,0,6,0,[0|0]
239700641,,39700,641,2,0,[0|0],3970641,0,0,0,6,0,[0|0]
239700650,,39700,650,2,0,[0|0],3970650,0,0,0,6,0,[0|0]
239700660,,39700,660,2,0,[0|0],3970660,0,0,0,6,0,[0|0]
239700670,,39700,670,2,0,[0|0],3970670,0,0,0,6,0,[0|0]
239700680,,39700,680,2,0,[0|0],3970680,0,0,0,6,0,[0|0]
239700681,,39700,681,2,0,[0|0],3970681,0,0,0,6,0,[0|0]
239700700,,39700,700,2,1,[0|0],3970700,0,0,0,6,0,[0|0]
239700710,,39700,710,2,1,[0|0],3970710,0,0,0,6,0,[0|0]
239700900,,39700,900,2,0,[0|0],3970900,0,0,0,6,0,[0|0]
240000100,,40000,100,2,0,[0|0],4000100,0,0,0,6,0,[0|0]
240000110,,40000,110,2,0,[0|0],4000110,0,0,0,6,0,[0|0]
240000111,,40000,111,2,0,[0|0],4000111,0,0,0,7,0,[0|0]
240000120,,40000,120,2,0,[0|0],4000120,0,0,0,6,0,[0|0]
240000121,,40000,121,2,0,[0|0],4000121,0,0,0,7,0,[0|0]
240000122,,40000,122,2,0,[0|0],4000122,0,0,0,6,0,[0|0]
240000123,,40000,123,2,0,[0|0],4000123,0,0,0,7,0,[0|0]
240000320,,40000,320,2,1,[0|0],4000320,0,0,0,6,0,[0|0]
240000470,,40000,470,2,0,[0|0],4000470,0,0,0,6,0,[0|0]
240000471,,40000,471,2,0,[0|0],4000471,0,0,0,7,0,[0|0]
240000500,,40000,500,2,0,[0|0],4000500,0,0,0,6,0,[0|0]
240000540,,40000,540,2,0,[0|0],4000540,0,0,0,6,0,[0|0]
240000550,,40000,550,2,0,[0|0],4000550,0,0,0,6,0,[0|0]
240000560,,40000,560,2,0,[0|0],4000560,0,0,0,7,0,[0|0]
240000561,,40000,561,2,0,[0|0],4000561,0,0,0,6,0,[0|0]
240000570,,40000,570,2,0,[0|0],4000570,0,0,0,6,0,[0|0]
240000590,,40000,590,2,0,[0|0],4000590,0,0,0,6,0,[0|0]
240000600,,40000,600,2,1,[0|0],4000600,0,0,0,6,0,[0|0]
240000760,,40000,760,2,1,[0|0],4000760,0,0,0,6,0,[0|0]
240000830,,40000,830,2,0,[0|0],4000830,0,0,0,6,0,[0|0]
240000860,,40000,860,2,1,[0|0],4000860,0,0,0,6,0,[0|0]
240000900,,40000,900,2,0,[0|0],4000900,0,0,0,6,0,[0|0]
240000901,,40000,901,2,0,[0|0],4000901,0,0,0,6,0,[0|0]
240000902,,40000,902,2,0,[0|0],4000902,0,0,0,6,0,[0|0]
240000903,,40000,903,2,0,[0|0],4000903,0,0,0,6,0,[0|0]
240000904,,40000,904,2,0,[0|0],4000904,0,0,0,6,0,[0|0]
240000905,,40000,905,2,0,[0|0],4000905,0,0,0,6,0,[0|0]
240000906,,40000,906,2,0,[0|0],4000906,0,0,0,6,0,[0|0]
240000910,,40000,910,2,0,[0|0],4000910,0,0,0,6,0,[0|0]
240000911,,40000,911,2,0,[0|0],4000911,0,0,0,6,0,[0|0]
240000912,,40000,912,2,0,[0|0],4000912,0,0,0,6,0,[0|0]
240000913,,40000,913,2,0,[0|0],4000913,0,0,0,6,0,[0|0]
240000920,,40000,920,2,0,[0|0],4000920,0,0,0,6,0,[0|0]
240000921,,40000,921,2,0,[0|0],4000921,0,0,0,6,0,[0|0]
240000922,,40000,922,2,0,[0|0],4000922,0,0,0,6,0,[0|0]
240000923,,40000,923,2,0,[0|0],4000923,0,0,0,6,0,[0|0]
240000930,,40000,930,2,0,[0|0],4000930,0,0,0,6,0,[0|0]
240000931,,40000,931,2,0,[0|0],4000931,0,0,0,6,0,[0|0]
240000932,,40000,932,2,0,[0|0],4000932,0,0,0,6,0,[0|0]
240000933,,40000,933,2,0,[0|0],4000933,0,0,0,6,0,[0|0]
240000940,,40000,940,2,0,[0|0],4000940,0,0,0,6,0,[0|0]
240000941,,40000,941,2,0,[0|0],4000941,0,0,0,6,0,[0|0]
240000942,,40000,942,2,0,[0|0],4000942,0,0,0,6,0,[0|0]
240000943,,40000,943,2,0,[0|0],4000943,0,0,0,6,0,[0|0]
240200100,,40200,100,2,0,[0|0],4020100,0,0,0,6,0,[0|0]
240200101,,40200,101,2,0,[0|0],4020101,0,0,0,6,0,[0|0]
240200102,,40200,102,2,0,[0|0],4020102,0,0,0,6,0,[0|0]
240200110,,40200,110,2,0,[0|0],4020110,0,0,0,7,0,[0|0]
240200111,,40200,111,2,0,[0|0],4020111,0,0,0,7,0,[0|0]
240200120,,40200,120,2,0,[0|0],4020120,0,0,0,6,0,[0|0]
240200121,,40200,121,2,0,[0|0],4020121,0,0,0,6,0,[0|0]
240200122,,40200,122,2,0,[0|0],4020122,0,0,0,7,0,[0|0]
240200123,,40200,123,2,0,[0|0],4020123,0,0,0,7,0,[0|0]
240200124,,40200,124,2,0,[0|0],4020124,0,0,0,7,0,[0|0]
240200140,,40200,140,2,1,[0|0],4020140,0,0,0,6,0,[0|0]
240200150,,40200,150,2,0,[0|0],4020150,0,0,0,6,0,[0|0]
240200151,,40200,151,2,0,[0|0],4020151,0,0,0,6,0,[0|0]
240200152,,40200,152,2,0,[0|0],4020152,0,0,0,6,0,[0|0]
240200153,,40200,153,2,0,[0|0],4020153,0,0,0,6,0,[0|0]
240200154,,40200,154,2,0,[0|0],4020154,0,0,0,6,0,[0|0]
240200160,,40200,160,2,0,[0|0],4020160,0,0,0,6,0,[0|0]
240200161,,40200,161,2,0,[0|0],4020161,0,0,0,6,0,[0|0]
240200162,,40200,162,2,0,[0|0],4020162,0,0,0,6,0,[0|0]
240200163,,40200,163,2,0,[0|0],4020163,0,0,0,7,0,[0|0]
240200164,,40200,164,2,0,[0|0],4020164,0,0,0,7,0,[0|0]
240200170,,40200,170,2,0,[0|0],4020170,0,0,0,6,0,[0|0]
240200171,,40200,171,2,0,[0|0],4020171,0,0,0,6,0,[0|0]
240200180,,40200,180,2,0,[0|0],4020180,0,0,0,7,0,[0|0]
240200181,,40200,181,2,0,[0|0],4020181,0,0,0,7,0,[0|0]
240200182,,40200,182,2,0,[0|0],4020182,0,0,0,7,0,[0|0]
240200210,,40200,210,2,0,[0|0],4020210,0,0,0,6,0,[0|0]
240200211,,40200,211,2,0,[0|0],4020211,0,0,0,6,0,[0|0]
240200212,,40200,212,2,0,[0|0],4020212,0,0,0,6,0,[0|0]
240200213,,40200,213,2,0,[0|0],4020213,0,0,0,6,0,[0|0]
240200214,,40200,214,2,0,[0|0],4020214,0,0,0,6,0,[0|0]
240200230,,40200,230,2,1,[0|0],4020230,0,0,0,6,0,[0|0]
240200270,,40200,270,2,0,[0|0],4020270,0,0,0,6,0,[0|0]
240200271,,40200,271,2,0,[0|0],4020271,0,0,0,6,0,[0|0]
240200272,,40200,272,2,0,[0|0],4020272,0,0,0,7,0,[0|0]
240200273,,40200,273,2,0,[0|0],4020273,0,0,0,7,0,[0|0]
240200274,,40200,274,2,0,[0|0],4020274,0,0,0,6,0,[0|0]
240200380,,40200,380,2,0,[0|0],4020380,0,0,0,6,0,[0|0]
240200381,,40200,381,2,0,[0|0],4020381,0,0,0,6,0,[0|0]
240200382,,40200,382,2,0,[0|0],4020382,0,0,0,6,0,[0|0]
240200383,,40200,383,2,0,[0|0],4020383,0,0,0,6,0,[0|0]
240200384,,40200,384,2,0,[0|0],4020384,0,0,0,6,0,[0|0]
240200480,,40200,480,2,0,[0|0],4020480,0,0,0,6,0,[0|0]
240200481,,40200,481,2,0,[0|0],4020481,0,0,0,6,0,[0|0]
240200482,,40200,482,2,0,[0|0],4020482,0,0,0,7,0,[0|0]
240200483,,40200,483,2,0,[0|0],4020483,0,0,0,7,0,[0|0]
240200484,,40200,484,2,0,[0|0],4020484,0,0,0,6,0,[0|0]
240210500,,40210,500,2,0,[0|0],4021500,0,0,0,6,0,[0|0]
240210501,,40210,501,2,0,[0|0],4021501,0,0,0,6,0,[0|0]
240210502,,40210,502,2,0,[0|0],4021502,0,0,0,6,0,[0|0]
240210510,,40210,510,2,0,[0|0],4021510,0,0,0,7,0,[0|0]
240210511,,40210,511,2,0,[0|0],4021511,0,0,0,7,0,[0|0]
240210520,,40210,520,2,0,[0|0],4021520,0,0,0,6,0,[0|0]
240210521,,40210,521,2,0,[0|0],4021521,0,0,0,6,0,[0|0]
240210522,,40210,522,2,0,[0|0],4021522,0,0,0,7,0,[0|0]
240210523,,40210,523,2,0,[0|0],4021523,0,0,0,7,0,[0|0]
240210524,,40210,524,2,0,[0|0],4021524,0,0,0,7,0,[0|0]
240210540,,40210,540,2,1,[0|0],4021140,0,0,0,6,0,[0|0]
240210545,,40210,545,2,1,[0|0],4021145,0,0,0,6,0,[0|0]
240210550,,40210,550,2,0,[0|0],4021550,0,0,0,6,0,[0|0]
240210551,,40210,551,2,0,[0|0],4021551,0,0,0,6,0,[0|0]
240210552,,40210,552,2,0,[0|0],4021552,0,0,0,6,0,[0|0]
240210553,,40210,553,2,0,[0|0],4021553,0,0,0,6,0,[0|0]
240210554,,40210,554,2,0,[0|0],4021554,0,0,0,6,0,[0|0]
240210560,,40210,560,2,0,[0|0],4021560,0,0,0,6,0,[0|0]
240210561,,40210,561,2,0,[0|0],4021561,0,0,0,6,0,[0|0]
240210562,,40210,562,2,0,[0|0],4021562,0,0,0,6,0,[0|0]
240210563,,40210,563,2,0,[0|0],4021563,0,0,0,7,0,[0|0]
240210564,,40210,564,2,0,[0|0],4021564,0,0,0,7,0,[0|0]
240210570,,40210,570,2,0,[0|0],4021570,0,0,0,6,0,[0|0]
240210571,,40210,571,2,0,[0|0],4021571,0,0,0,6,0,[0|0]
240210580,,40210,580,2,0,[0|0],4021580,0,0,0,7,0,[0|0]
240210581,,40210,581,2,0,[0|0],4021581,0,0,0,7,0,[0|0]
240210582,,40210,582,2,0,[0|0],4021582,0,0,0,7,0,[0|0]
240210610,,40210,610,2,0,[0|0],4021610,0,0,0,6,0,[0|0]
240210611,,40210,611,2,0,[0|0],4021611,0,0,0,6,0,[0|0]
240210612,,40210,612,2,0,[0|0],4021612,0,0,0,6,0,[0|0]
240210613,,40210,613,2,0,[0|0],4021613,0,0,0,6,0,[0|0]
240210614,,40210,614,2,0,[0|0],4021614,0,0,0,6,0,[0|0]
240210630,,40210,630,2,1,[0|0],4021230,0,0,0,6,0,[0|0]
240210670,,40210,670,2,0,[0|0],4021670,0,0,0,6,0,[0|0]
240210671,,40210,671,2,0,[0|0],4021671,0,0,0,6,0,[0|0]
240210672,,40210,672,2,0,[0|0],4021672,0,0,0,7,0,[0|0]
240210673,,40210,673,2,0,[0|0],4021673,0,0,0,7,0,[0|0]
240210674,,40210,674,2,0,[0|0],4021674,0,0,0,6,0,[0|0]
240210780,,40210,780,2,0,[0|0],4021780,0,0,0,6,0,[0|0]
240210781,,40210,781,2,0,[0|0],4021781,0,0,0,6,0,[0|0]
240210782,,40210,782,2,0,[0|0],4021782,0,0,0,6,0,[0|0]
240210783,,40210,783,2,0,[0|0],4021783,0,0,0,6,0,[0|0]
240210784,,40210,784,2,0,[0|0],4021784,0,0,0,6,0,[0|0]
240210880,,40210,880,2,0,[0|0],4021880,0,0,0,6,0,[0|0]
240210881,,40210,881,2,0,[0|0],4021881,0,0,0,6,0,[0|0]
240210882,,40210,882,2,0,[0|0],4021882,0,0,0,7,0,[0|0]
240210883,,40210,883,2,0,[0|0],4021883,0,0,0,7,0,[0|0]
240210884,,40210,884,2,0,[0|0],4021884,0,0,0,6,0,[0|0]
240210885,,40210,885,2,1,[0|0],4021300,0,0,0,6,0,[0|0]
240210886,,40210,886,2,1,[0|0],4021301,0,0,0,6,0,[0|0]
240210887,,40210,887,2,1,[0|0],4021302,0,0,0,6,0,[0|0]
240210888,,40210,888,2,1,[0|0],4021303,0,0,0,6,0,[0|0]
240210892,,40210,892,2,1,[0|0],4021500,0,0,0,6,0,[0|0]
240210895,,40210,895,2,1,[0|0],4021400,0,0,0,6,0,[0|0]
240210896,,40210,896,2,1,[0|0],4021401,0,0,0,6,0,[0|0]
240210897,,40210,897,2,1,[0|0],4021402,0,0,0,6,0,[0|0]
240210898,,40210,898,2,1,[0|0],4021403,0,0,0,6,0,[0|0]
240210990,,40210,990,2,0,[0|0],4021990,0,0,0,6,0,[0|0]
240400100,,40400,100,2,1,[0|0],4040100,0,0,0,6,0,[0|0]
240400110,,40400,110,2,0,[0|0],4040110,0,0,0,6,0,[0|0]
240400130,,40400,130,2,0,[0|0],4040130,0,0,0,6,0,[0|0]
240400150,,40400,150,2,1,[0|0],4040150,0,0,0,6,0,[0|0]
240400160,,40400,160,2,1,[0|0],4040160,0,0,0,6,0,[0|0]
240400170,,40400,170,2,1,[0|0],4040170,0,0,0,6,0,[0|0]
240500100,,40500,100,2,0,[0|0],4050000,0,0,0,6,0,[0|0]
240500101,,40500,101,2,0,[0|0],4050001,0,0,0,6,0,[0|0]
240500110,,40500,110,2,0,[0|0],4050010,0,0,0,6,0,[0|0]
240500120,,40500,120,2,0,[0|0],4050020,0,0,0,6,0,[0|0]
240500130,,40500,130,2,0,[0|0],4050030,0,0,0,6,0,[0|0]
240500131,,40500,131,2,0,[0|0],4050031,0,0,0,6,0,[0|0]
240500140,,40500,140,2,0,[0|0],4050040,0,0,0,6,0,[0|0]
240500150,,40500,150,2,0,[0|0],4050050,0,0,0,6,0,[0|0]
240500151,,40500,151,2,0,[0|0],4050051,0,0,0,6,0,[0|0]
240500152,,40500,152,2,0,[0|0],4050052,0,0,0,6,0,[0|0]
240500160,,40500,160,2,0,[0|0],4050060,0,0,0,6,0,[0|0]
240500170,,40500,170,2,0,[0|0],4050070,0,0,0,6,0,[0|0]
240500180,,40500,180,2,0,[0|0],4050080,0,0,0,6,0,[0|0]
240500190,,40500,190,2,0,[0|0],4050090,0,0,0,6,0,[0|0]
240500191,,40500,191,2,0,[0|0],4050091,0,0,0,6,0,[0|0]
240500200,,40500,200,2,0,[0|0],4050100,0,0,0,6,0,[0|0]
240500210,,40500,210,2,0,[0|0],4050110,0,0,0,6,0,[0|0]
240500220,,40500,220,2,0,[0|0],4050120,0,0,0,6,0,[0|0]
240500221,,40500,221,2,0,[0|0],4050121,0,0,0,6,0,[0|0]
240500320,,40500,320,2,0,[0|0],4050320,0,0,0,6,0,[0|0]
240500340,,40500,340,2,0,[0|0],4050340,0,0,0,6,0,[0|0]
240500391,,40500,391,2,0,[0|0],4050391,0,0,0,6,0,[0|0]
240500410,,40500,410,2,0,[0|0],4050410,0,0,0,6,0,[0|0]
240500600,,40500,600,2,0,[0|0],4050500,0,0,0,6,0,[0|0]
240500610,,40500,610,2,0,[0|0],4050510,0,0,0,6,0,[0|0]
240500620,,40500,620,2,0,[0|0],4050520,0,0,0,6,0,[0|0]
240500630,,40500,630,2,0,[0|0],4050530,0,0,0,6,0,[0|0]
240500640,,40500,640,2,0,[0|0],4050540,0,0,0,6,0,[0|0]
240500650,,40500,650,2,0,[0|0],4050550,0,0,0,6,0,[0|0]
240500660,,40500,660,2,0,[0|0],4050560,0,0,0,6,0,[0|0]
240500661,,40500,661,2,0,[0|0],4050561,0,0,0,6,0,[0|0]
240500670,,40500,670,2,0,[0|0],4050570,0,0,0,6,0,[0|0]
240500671,,40500,671,2,0,[0|0],4050571,0,0,0,6,0,[0|0]
240500680,,40500,680,2,0,[0|0],4050580,0,0,0,6,0,[0|0]
240500690,,40500,690,2,0,[0|0],4050590,0,0,0,6,0,[0|0]
240500700,,40500,700,2,0,[0|0],4050600,0,0,0,6,0,[0|0]
240500900,,40500,900,2,0,[0|0],4050900,0,0,0,6,0,[0|0]
240500910,,40500,910,2,0,[0|0],4050910,0,0,0,6,0,[0|0]
240500911,,40500,911,2,0,[0|0],4050911,0,0,0,6,0,[0|0]
240600100,,40600,100,2,0,[0|0],4060000,0,0,0,6,0,[0|0]
240600110,,40600,110,2,0,[0|0],4060010,0,0,0,6,0,[0|0]
240600120,,40600,120,2,0,[0|0],4060020,0,0,0,6,0,[0|0]
240600121,,40600,121,2,0,[0|0],4060021,0,0,0,6,0,[0|0]
240600900,,40600,900,2,0,[0|0],4060900,0,0,0,6,0,[0|0]
240600910,,40600,910,2,0,[0|0],4060910,0,0,0,6,0,[0|0]
240700010,,40700,10,2,0,[0|0],4070010,0,0,0,6,0,[0|0]
240700020,,40700,20,2,0,[0|0],4070020,0,0,0,6,0,[0|0]
240700030,,40700,30,2,0,[0|0],4070030,0,0,0,6,0,[0|0]
240700040,,40700,40,2,0,[0|0],4070040,0,0,0,6,0,[0|0]
240700050,,40700,50,2,0,[0|0],4070050,0,0,0,6,0,[0|0]
240700060,,40700,60,2,0,[0|0],4070060,0,0,0,6,0,[0|0]
240700070,,40700,70,2,0,[0|0],4070070,0,0,0,6,0,[0|0]
240700080,,40700,80,2,0,[0|0],4070080,0,0,0,6,0,[0|0]
240700090,,40700,90,2,1,[0|0],4070090,0,0,0,6,0,[0|0]
240700100,,40700,100,2,0,[0|0],4040100,0,0,0,6,0,[0|0]
240700110,,40700,110,2,0,[0|0],4070110,0,0,0,6,0,[0|0]
240700120,,40700,120,2,0,[0|0],4070120,0,0,0,6,0,[0|0]
240700130,,40700,130,2,0,[0|0],4070130,0,0,0,6,0,[0|0]
240700140,,40700,140,2,0,[0|0],4070140,0,0,0,6,0,[0|0]
240700150,,40700,150,2,0,[0|0],4070150,0,0,0,6,0,[0|0]
240700160,,40700,160,2,0,[0|0],4070160,0,0,0,6,0,[0|0]
240700170,,40700,170,2,0,[0|0],4070170,0,0,0,6,0,[0|0]
240700180,,40700,180,2,0,[0|0],4070180,0,0,0,6,0,[0|0]
240700190,,40700,190,2,1,[0|0],4070190,0,0,0,6,0,[0|0]
240700700,,40700,700,2,1,[0|0],4070700,0,0,0,6,0,[0|0]
240700710,,40700,710,2,1,[0|0],4070710,0,0,0,6,0,[0|0]
240700720,,40700,720,2,1,[0|0],4070720,0,0,0,6,0,[0|0]
240700730,,40700,730,2,1,[0|0],4070730,0,0,0,6,0,[0|0]
240700800,,40700,800,2,1,[0|0],4070800,0,0,0,6,0,[0|0]
240700900,,40700,900,2,1,[0|0],4070900,0,0,0,6,0,[0|0]
240700910,,40700,910,2,1,[0|0],4070910,0,0,0,6,0,[0|0]
240800100,,40800,100,2,0,[0|0],4080100,0,0,0,6,0,[0|0]
240800101,,40800,101,2,0,[0|0],4080101,0,0,0,6,0,[0|0]
240800110,,40800,110,2,0,[0|0],4080110,0,0,0,6,0,[0|0]
240800111,,40800,111,2,0,[0|0],4080111,0,0,0,6,0,[0|0]
240800120,,40800,120,2,0,[0|0],4080120,0,0,0,6,0,[0|0]
240800130,,40800,130,2,0,[0|0],4080130,0,0,0,6,0,[0|0]
240800131,,40800,131,2,0,[0|0],4080131,0,0,0,6,0,[0|0]
240800140,,40800,140,2,0,[0|0],4080140,0,0,0,6,0,[0|0]
240800141,,40800,141,2,0,[0|0],4080141,0,0,0,6,0,[0|0]
240800150,,40800,150,2,0,[0|0],4080150,0,0,0,6,0,[0|0]
240800151,,40800,151,2,0,[0|0],4080151,0,0,0,6,0,[0|0]
240900100,,40900,100,2,0,[0|0],4090100,0,0,0,6,0,[0|0]
240900101,,40900,101,2,0,[0|0],4090101,0,0,0,6,0,[0|0]
240900110,,40900,110,2,0,[0|0],4090110,0,0,0,6,0,[0|0]
240900111,,40900,111,2,0,[0|0],4090111,0,0,0,6,0,[0|0]
240900120,,40900,120,2,0,[0|0],4090120,0,0,0,6,0,[0|0]
240900121,,40900,121,2,0,[0|0],4090121,0,0,0,6,0,[0|0]
240900130,,40900,130,2,0,[0|0],4090130,0,0,0,6,0,[0|0]
240900131,,40900,131,2,0,[0|0],4090131,0,0,0,6,0,[0|0]
240900140,,40900,140,2,0,[0|0],4090140,0,0,0,6,0,[0|0]
240900141,,40900,141,2,0,[0|0],4090141,0,0,0,6,0,[0|0]
240900150,,40900,150,2,0,[0|0],4090150,0,0,0,6,0,[0|0]
240900151,,40900,151,2,0,[0|0],4090151,0,0,0,6,0,[0|0]
240900160,,40900,160,2,0,[0|0],4090160,0,0,0,6,0,[0|0]
240900161,,40900,161,2,0,[0|0],4090161,0,0,0,6,0,[0|0]
240900170,,40900,170,2,0,[0|0],4090170,0,0,0,6,0,[0|0]
240900171,,40900,171,2,0,[0|0],4090171,0,0,0,6,0,[0|0]
240900180,,40900,180,2,0,[0|0],4090180,0,0,0,6,0,[0|0]
240900181,,40900,181,2,0,[0|0],4090181,0,0,0,6,0,[0|0]
240900190,,40900,190,2,0,[0|0],4090190,0,0,0,6,0,[0|0]
240900200,,40900,200,2,0,[0|0],4090200,0,0,0,6,0,[0|0]
240900201,,40900,201,2,0,[0|0],4090201,0,0,0,6,0,[0|0]
241000100,,41000,100,2,0,[0|0],4100100,0,0,0,6,0,[0|0]
241000110,,41000,110,2,0,[0|0],4100110,0,0,0,6,0,[0|0]
241000120,,41000,120,2,0,[0|0],4100120,0,0,0,6,0,[0|0]
241000130,,41000,130,2,0,[0|0],4100130,0,0,0,6,0,[0|0]
241000140,,41000,140,2,0,[0|0],4100140,0,0,0,6,0,[0|0]
241000150,,41000,150,2,0,[0|0],4100150,0,0,0,7,0,[0|0]
241000160,,41000,160,2,0,[0|0],4100160,0,0,0,6,0,[0|0]
241000170,,41000,170,2,0,[0|0],4100170,0,0,0,6,0,[0|0]
241000171,,41000,171,2,0,[0|0],4100171,0,0,0,7,0,[0|0]
241000172,,41000,172,2,0,[0|0],4100172,0,0,0,7,0,[0|0]
241000173,,41000,173,2,0,[0|0],4100173,0,0,0,6,0,[0|0]
241000180,,41000,180,2,0,[0|0],4100180,0,0,0,6,0,[0|0]
241000190,,41000,190,2,0,[0|0],4100190,0,0,0,6,0,[0|0]
241000200,,41000,200,2,0,[0|0],4100200,0,0,0,6,0,[0|0]
241000210,,41000,210,2,0,[0|0],4100210,0,0,0,6,0,[0|0]
241000220,,41000,220,2,0,[0|0],4100220,0,0,0,6,0,[0|0]
241000230,,41000,230,2,1,[0|0],4100230,0,0,0,6,0,[0|0]
241000231,,41000,231,2,1,[0|0],4100231,0,0,0,6,0,[0|0]
241000235,,41000,235,2,1,[0|0],4100235,0,0,0,6,0,[0|0]
241000236,,41000,236,2,1,[0|0],4100236,0,0,0,6,0,[0|0]
241000240,,41000,240,2,0,[0|0],4100240,0,0,0,6,0,[0|0]
241000300,,41000,300,2,0,[0|0],4100300,0,0,0,6,0,[0|0]
241000310,,41000,310,2,0,[0|0],4100310,0,0,0,6,0,[0|0]
241000320,,41000,320,2,0,[0|0],4100320,0,0,0,6,0,[0|0]
241000330,,41000,330,2,0,[0|0],4100330,0,0,0,6,0,[0|0]
241000340,,41000,340,2,0,[0|0],4100340,0,0,0,6,0,[0|0]
241000350,,41000,350,2,0,[0|0],4100350,0,0,0,6,0,[0|0]
241000360,,41000,360,2,0,[0|0],4100360,0,0,0,6,0,[0|0]
241000370,,41000,370,2,0,[0|0],4100370,0,0,0,6,0,[0|0]
241000380,,41000,380,2,0,[0|0],4100380,0,0,0,6,0,[0|0]
241000390,,41000,390,2,0,[0|0],4100390,0,0,0,6,0,[0|0]
241000400,,41000,400,2,0,[0|0],4100400,0,0,0,6,0,[0|0]
241000410,,41000,410,2,1,[0|0],4100410,0,0,0,6,0,[0|0]
241000411,,41000,411,2,1,[0|0],4100411,0,0,0,6,0,[0|0]
241000415,,41000,415,2,1,[0|0],4100415,0,0,0,6,0,[0|0]
241000416,,41000,416,2,1,[0|0],4100416,0,0,0,6,0,[0|0]
241000900,,41000,900,2,1,[0|0],4100900,0,0,0,6,0,[0|0]
241010500,,41010,500,2,0,[0|0],4101500,0,0,0,6,0,[0|0]
241010510,,41010,510,2,0,[0|0],4101510,0,0,0,6,0,[0|0]
241010520,,41010,520,2,0,[0|0],4101520,0,0,0,6,0,[0|0]
241010530,,41010,530,2,0,[0|0],4101530,0,0,0,6,0,[0|0]
241010540,,41010,540,2,0,[0|0],4101540,0,0,0,6,0,[0|0]
241010550,,41010,550,2,0,[0|0],4101550,0,0,0,6,0,[0|0]
241010560,,41010,560,2,0,[0|0],4101560,0,0,0,6,0,[0|0]
241010570,,41010,570,2,0,[0|0],4101570,0,0,0,6,0,[0|0]
241010580,,41010,580,2,0,[0|0],4101580,0,0,0,6,0,[0|0]
241010590,,41010,590,2,0,[0|0],4101590,0,0,0,6,0,[0|0]
241010600,,41010,600,2,0,[0|0],4101600,0,0,0,6,0,[0|0]
241010900,,41010,900,2,1,[0|0],4101900,0,0,0,6,0,[0|0]
241100100,,41100,100,2,0,[0|0],4110100,0,0,0,6,0,[0|0]
241100110,,41100,110,2,0,[0|0],4110110,0,0,0,6,0,[0|0]
241100111,,41100,111,2,0,[0|0],4110111,0,0,0,6,0,[0|0]
241100112,,41100,112,2,0,[0|0],4110112,0,0,0,6,0,[0|0]
241100120,,41100,120,2,0,[0|0],4110120,0,0,0,6,0,[0|0]
241100130,,41100,130,2,0,[0|0],4110130,0,0,0,6,0,[0|0]
241100131,,41100,131,2,0,[0|0],4110131,0,0,0,6,0,[0|0]
241100140,,41100,140,2,0,[0|0],4110140,0,0,0,6,0,[0|0]
241100141,,41100,141,2,0,[0|0],4110141,0,0,0,6,0,[0|0]
241100142,,41100,142,2,0,[0|0],4110142,0,0,0,6,0,[0|0]
241100150,,41100,150,2,0,[0|0],4110150,0,0,0,6,0,[0|0]
241100900,,41100,900,2,1,[0|0],4110900,0,0,0,6,0,[0|0]
241100950,,41100,950,2,0,[0|0],4110950,0,0,0,6,0,[0|0]
241200100,,41200,100,2,0,[0|0],4120100,0,0,0,6,0,[0|0]
241200110,,41200,110,2,0,[0|0],4120110,0,0,0,6,0,[0|0]
241200111,,41200,111,2,0,[0|0],4120111,0,0,0,7,0,[0|0]
241200120,,41200,120,2,0,[0|0],4120120,0,0,0,6,0,[0|0]
241200130,,41200,130,2,0,[0|0],4120130,0,0,0,6,0,[0|0]
241200131,,41200,131,2,0,[0|0],4120131,0,0,0,7,0,[0|0]
241200132,,41200,132,2,0,[0|0],4120132,0,0,0,6,0,[0|0]
241200140,,41200,140,2,0,[0|0],4120140,0,0,0,6,0,[0|0]
241200141,,41200,141,2,0,[0|0],4120141,0,0,0,7,0,[0|0]
241200150,,41200,150,2,0,[0|0],4120150,0,0,0,7,0,[0|0]
241200151,,41200,151,2,0,[0|0],4120151,0,0,0,6,0,[0|0]
241200160,,41200,160,2,0,[0|0],4120160,0,0,0,6,0,[0|0]
241200170,,41200,170,2,0,[0|0],4120170,0,0,0,6,0,[0|0]
241200180,,41200,180,2,0,[0|0],4120180,0,0,0,6,0,[0|0]
241200181,,41200,181,2,0,[0|0],4120181,0,0,0,7,0,[0|0]
241200182,,41200,182,2,0,[0|0],4120182,0,0,0,6,0,[0|0]
241200900,,41200,900,2,1,[0|0],4120900,0,0,0,6,0,[0|0]
241300100,,41300,100,2,0,[0|0],4130100,0,0,0,6,0,[0|0]
241300101,,41300,101,2,0,[0|0],4130101,0,0,0,6,0,[0|0]
241300102,,41300,102,2,1,[0|0],4130102,0,0,0,6,0,[0|0]
241300110,,41300,110,2,0,[0|0],4130110,0,0,0,6,0,[0|0]
241300111,,41300,111,2,0,[0|0],4130111,0,0,0,6,0,[0|0]
241300120,,41300,120,2,0,[0|0],4130120,0,0,0,6,0,[0|0]
241300130,,41300,130,2,0,[0|0],4130130,0,0,0,6,0,[0|0]
241300131,,41300,131,2,0,[0|0],4130131,0,0,0,6,0,[0|0]
241300132,,41300,132,2,0,[0|0],4130132,0,0,0,6,0,[0|0]
241300133,,41300,133,2,0,[0|0],4130133,0,0,0,6,0,[0|0]
241300135,,41300,135,2,0,[0|0],4130135,0,0,0,6,0,[0|0]
241300136,,41300,136,2,1,[0|0],4130136,0,0,0,6,0,[0|0]
241300140,,41300,140,2,1,[0|0],4130140,0,0,0,6,0,[0|0]
241300150,,41300,150,2,0,[0|0],4130150,0,0,0,6,0,[0|0]
241300151,,41300,151,2,1,[0|0],4130151,0,0,0,6,0,[0|0]
241300160,,41300,160,2,0,[0|0],4130160,0,0,0,6,0,[0|0]
241300161,,41300,161,2,0,[0|0],4130161,0,0,0,6,0,[0|0]
241300162,,41300,162,2,0,[0|0],4130162,0,0,0,6,0,[0|0]
241300163,,41300,163,2,0,[0|0],4130163,0,0,0,6,0,[0|0]
241300164,,41300,164,2,0,[0|0],4130164,0,0,0,6,0,[0|0]
241300165,,41300,165,2,0,[0|0],4130165,0,0,0,6,0,[0|0]
241300170,,41300,170,2,0,[0|0],4130170,0,0,0,6,0,[0|0]
241300171,,41300,171,2,0,[0|0],4130171,0,0,0,6,0,[0|0]
241300180,,41300,180,2,0,[0|0],4130180,0,0,0,6,0,[0|0]
241300181,,41300,181,2,0,[0|0],4130181,0,0,0,6,0,[0|0]
241300182,,41300,182,2,1,[0|0],4130182,0,0,0,6,0,[0|0]
241300183,,41300,183,2,1,[0|0],4130183,0,0,0,6,0,[0|0]
241300190,,41300,190,2,0,[0|0],4130190,0,0,0,6,0,[0|0]
241300191,,41300,191,2,0,[0|0],4130191,0,0,0,6,0,[0|0]
241300200,,41300,200,2,0,[0|0],4130200,0,0,0,6,0,[0|0]
241300201,,41300,201,2,0,[0|0],4130201,0,0,0,6,0,[0|0]
241300210,,41300,210,2,0,[0|0],4130210,0,0,0,6,0,[0|0]
241300211,,41300,211,2,0,[0|0],4130211,0,0,0,6,0,[0|0]
241300212,,41300,212,2,0,[0|0],4130212,0,0,0,6,0,[0|0]
241300213,,41300,213,2,0,[0|0],4130213,0,0,0,6,0,[0|0]
241300220,,41300,220,2,0,[0|0],4130220,0,0,0,6,0,[0|0]
241300221,,41300,221,2,0,[0|0],4130221,0,0,0,6,0,[0|0]
241300222,,41300,222,2,0,[0|0],4130222,0,0,0,6,0,[0|0]
241300223,,41300,223,2,0,[0|0],4130223,0,0,0,6,0,[0|0]
241300224,,41300,224,2,0,[0|0],4130224,0,0,0,6,0,[0|0]
241300225,,41300,225,2,0,[0|0],4130225,0,0,0,6,0,[0|0]
241300226,,41300,226,2,0,[0|0],4130226,0,0,0,6,0,[0|0]
241300227,,41300,227,2,0,[0|0],4130227,0,0,0,6,0,[0|0]
241300228,,41300,228,2,0,[0|0],4130228,0,0,0,6,0,[0|0]
241300229,,41300,229,2,0,[0|0],4130229,0,0,0,6,0,[0|0]
241300230,,41300,230,2,0,[0|0],4130230,0,0,0,6,0,[0|0]
241300231,,41300,231,2,0,[0|0],4130231,0,0,0,6,0,[0|0]
241300240,,41300,240,2,0,[0|0],4130240,0,0,0,6,0,[0|0]
241300241,,41300,241,2,0,[0|0],4130241,0,0,0,6,0,[0|0]
241300250,,41300,250,2,0,[0|0],4130250,0,0,0,6,0,[0|0]
241300251,,41300,251,2,0,[0|0],4130251,0,0,0,6,0,[0|0]
241300252,,41300,252,2,0,[0|0],4130252,0,0,0,6,0,[0|0]
241300260,,41300,260,2,0,[0|0],4130260,0,0,0,6,0,[0|0]
241300261,,41300,261,2,0,[0|0],4130261,0,0,0,6,0,[0|0]
241300270,,41300,270,2,0,[0|0],4130270,0,0,0,6,0,[0|0]
241300271,,41300,271,2,0,[0|0],4130271,0,0,0,6,0,[0|0]
241300280,,41300,280,2,0,[0|0],4130280,0,0,0,6,0,[0|0]
241300300,,41300,300,2,1,[0|0],4130300,0,0,0,6,0,[0|0]
241300301,,41300,301,2,1,[0|0],4130301,0,0,0,6,0,[0|0]
241300302,,41300,302,2,1,[0|0],4130302,0,0,0,6,0,[0|0]
241300303,,41300,303,2,1,[0|0],4130303,0,0,0,6,0,[0|0]
241300304,,41300,304,2,1,[0|0],4130304,0,0,0,6,0,[0|0]
241300900,,41300,900,2,0,[0|0],4130900,0,0,0,6,0,[0|0]
241300910,,41300,910,2,1,[0|0],4130910,0,0,0,6,0,[0|0]
241300950,,41300,950,2,0,[0|0],4130950,0,0,0,6,0,[0|0]
241400100,,41400,100,2,0,[0|0],4140100,0,0,0,6,0,[0|0]
241400105,,41400,105,2,0,[0|0],4140105,0,0,0,6,0,[0|0]
241400110,,41400,110,2,0,[0|0],4140110,0,0,0,6,0,[0|0]
241400120,,41400,120,2,0,[0|0],4140120,0,0,0,6,0,[0|0]
241400130,,41400,130,2,0,[0|0],4140130,0,0,0,6,0,[0|0]
241400140,,41400,140,2,1,[0|0],4140140,0,0,0,6,0,[0|0]
241400150,,41400,150,2,1,[0|0],4140150,0,0,0,6,0,[0|0]
241400160,,41400,160,2,1,[0|0],4140160,0,0,0,6,0,[0|0]
241400180,,41400,180,2,0,[0|0],4140180,0,0,0,6,0,[0|0]
241400185,,41400,185,2,0,[0|0],4140185,0,0,0,6,0,[0|0]
241400190,,41400,190,2,0,[0|0],4140190,0,0,0,6,0,[0|0]
241400200,,41400,200,2,0,[0|0],4140200,0,0,0,6,0,[0|0]
241400220,,41400,220,2,1,[0|0],4140220,0,0,0,6,0,[0|0]
241400230,,41400,230,2,0,[0|0],4140230,0,0,0,6,0,[0|0]
241400300,,41400,300,2,1,[0|0],4140300,0,0,0,6,0,[0|0]
241400310,,41400,310,2,0,[0|0],4140310,0,0,0,6,0,[0|0]
241400311,,41400,311,2,0,[0|0],4140311,0,0,0,6,0,[0|0]
241400312,,41400,312,2,0,[0|0],4140312,0,0,0,6,0,[0|0]
241400320,,41400,320,2,0,[0|0],4140320,0,0,0,6,0,[0|0]
241400510,,41400,510,2,1,[0|0],4140510,0,0,0,6,0,[0|0]
241400530,,41400,530,2,0,[0|0],4140530,0,0,0,6,0,[0|0]
241400800,,41400,800,2,1,[0|0],4140800,0,0,0,6,0,[0|0]
241400810,,41400,810,2,1,[0|0],4140810,0,0,0,6,0,[0|0]
241400820,,41400,820,2,1,[0|0],4140820,0,0,0,6,0,[0|0]
241400830,,41400,830,2,1,[0|0],4140830,0,0,0,6,0,[0|0]
241400840,,41400,840,2,1,[0|0],4140840,0,0,0,6,0,[0|0]
241400850,,41400,850,2,1,[0|0],4140850,0,0,0,6,0,[0|0]
241400860,,41400,860,2,1,[0|0],4140860,0,0,0,6,0,[0|0]
241400880,,41400,880,2,1,[0|0],4140880,0,0,0,6,0,[0|0]
241400890,,41400,890,2,1,[0|0],4140890,0,0,0,6,0,[0|0]
241400900,,41400,900,2,1,[0|0],4140900,0,0,0,6,0,[0|0]
241500100,,41500,100,2,1,[0|0],4150100,0,0,0,6,0,[0|0]
241500101,,41500,101,2,1,[0|0],4150101,0,0,0,6,0,[0|0]
241500102,,41500,102,2,1,[0|0],4150102,0,0,0,6,0,[0|0]
241500110,,41500,110,2,1,[0|0],4150110,0,0,0,6,0,[0|0]
241500111,,41500,111,2,1,[0|0],4150111,0,0,0,6,0,[0|0]
241600100,,41600,100,2,0,[0|0],4160100,0,0,0,6,0,[0|0]
241600101,,41600,101,2,0,[0|0],4160101,0,0,0,6,0,[0|0]
241600102,,41600,102,2,0,[0|0],4160102,0,0,0,6,0,[0|0]
241600110,,41600,110,2,0,[0|0],4160110,0,0,0,6,0,[0|0]
241600111,,41600,111,2,0,[0|0],4160111,0,0,0,6,0,[0|0]
241600112,,41600,112,2,0,[0|0],4160112,0,0,0,6,0,[0|0]
241600120,,41600,120,2,0,[0|0],4160120,0,0,0,6,0,[0|0]
241600121,,41600,121,2,0,[0|0],4160121,0,0,0,6,0,[0|0]
241600122,,41600,122,2,0,[0|0],4160122,0,0,0,6,0,[0|0]
241600130,,41600,130,2,0,[0|0],4160130,0,0,0,6,0,[0|0]
241600131,,41600,131,2,0,[0|0],4160131,0,0,0,6,0,[0|0]
241600132,,41600,132,2,0,[0|0],4160132,0,0,0,6,0,[0|0]
241600140,,41600,140,2,0,[0|0],4160140,0,0,0,6,0,[0|0]
241600141,,41600,141,2,0,[0|0],4160141,0,0,0,6,0,[0|0]
241600142,,41600,142,2,0,[0|0],4160142,0,0,0,6,0,[0|0]
241600150,,41600,150,2,0,[0|0],4160150,0,0,0,6,0,[0|0]
241600151,,41600,151,2,0,[0|0],4160151,0,0,0,6,0,[0|0]
241600152,,41600,152,2,0,[0|0],4160152,0,0,0,6,0,[0|0]
241600160,,41600,160,2,0,[0|0],4160160,0,0,0,6,0,[0|0]
241600161,,41600,161,2,0,[0|0],4160161,0,0,0,6,0,[0|0]
241600162,,41600,162,2,0,[0|0],4160162,0,0,0,6,0,[0|0]
241600170,,41600,170,2,0,[0|0],4160170,0,0,0,6,0,[0|0]
241600171,,41600,171,2,0,[0|0],4160171,0,0,0,6,0,[0|0]
241600172,,41600,172,2,0,[0|0],4160172,0,0,0,6,0,[0|0]
241600180,,41600,180,2,0,[0|0],4160180,0,0,0,6,0,[0|0]
241600181,,41600,181,2,0,[0|0],4160181,0,0,0,6,0,[0|0]
241600182,,41600,182,2,0,[0|0],4160182,0,0,0,6,0,[0|0]
241600190,,41600,190,2,0,[0|0],4160190,0,0,0,6,0,[0|0]
241600191,,41600,191,2,0,[0|0],4160191,0,0,0,6,0,[0|0]
241600192,,41600,192,2,0,[0|0],4160192,0,0,0,6,0,[0|0]
241600200,,41600,200,2,0,[0|0],4160200,0,0,0,6,0,[0|0]
241600201,,41600,201,2,0,[0|0],4160201,0,0,0,6,0,[0|0]
241600202,,41600,202,2,0,[0|0],4160202,0,0,0,6,0,[0|0]
241600210,,41600,210,2,0,[0|0],4160210,0,0,0,6,0,[0|0]
241600211,,41600,211,2,0,[0|0],4160211,0,0,0,6,0,[0|0]
241600212,,41600,212,2,0,[0|0],4160212,0,0,0,6,0,[0|0]
241600213,,41600,213,2,0,[0|0],4160213,0,0,0,6,0,[0|0]
241600214,,41600,214,2,0,[0|0],4160214,0,0,0,6,0,[0|0]
241600215,,41600,215,2,0,[0|0],4160215,0,0,0,6,0,[0|0]
241600216,,41600,216,2,0,[0|0],4160216,0,0,0,6,0,[0|0]
241600217,,41600,217,2,0,[0|0],4160217,0,0,0,6,0,[0|0]
241610300,,41610,300,2,0,[0|0],4161300,0,0,0,6,0,[0|0]
241610301,,41610,301,2,0,[0|0],4161301,0,0,0,6,0,[0|0]
241610302,,41610,302,2,0,[0|0],4161302,0,0,0,6,0,[0|0]
241610310,,41610,310,2,0,[0|0],4161310,0,0,0,6,0,[0|0]
241610311,,41610,311,2,0,[0|0],4161311,0,0,0,6,0,[0|0]
241610312,,41610,312,2,0,[0|0],4161312,0,0,0,6,0,[0|0]
241610320,,41610,320,2,0,[0|0],4161320,0,0,0,6,0,[0|0]
241610321,,41610,321,2,0,[0|0],4161321,0,0,0,6,0,[0|0]
241610322,,41610,322,2,0,[0|0],4161322,0,0,0,6,0,[0|0]
241610330,,41610,330,2,0,[0|0],4161330,0,0,0,6,0,[0|0]
241610331,,41610,331,2,0,[0|0],4161331,0,0,0,6,0,[0|0]
241610332,,41610,332,2,0,[0|0],4161332,0,0,0,6,0,[0|0]
241610340,,41610,340,2,0,[0|0],4161340,0,0,0,6,0,[0|0]
241610341,,41610,341,2,0,[0|0],4161341,0,0,0,6,0,[0|0]
241610342,,41610,342,2,0,[0|0],4161342,0,0,0,6,0,[0|0]
241610350,,41610,350,2,0,[0|0],4161350,0,0,0,6,0,[0|0]
241610351,,41610,351,2,0,[0|0],4161351,0,0,0,6,0,[0|0]
241610352,,41610,352,2,0,[0|0],4161352,0,0,0,6,0,[0|0]
241610360,,41610,360,2,0,[0|0],4161360,0,0,0,6,0,[0|0]
241610361,,41610,361,2,0,[0|0],4161361,0,0,0,6,0,[0|0]
241610362,,41610,362,2,0,[0|0],4161362,0,0,0,6,0,[0|0]
241610370,,41610,370,2,0,[0|0],4161370,0,0,0,6,0,[0|0]
241610371,,41610,371,2,0,[0|0],4161371,0,0,0,6,0,[0|0]
241610372,,41610,372,2,0,[0|0],4161372,0,0,0,6,0,[0|0]
241610380,,41610,380,2,0,[0|0],4161380,0,0,0,6,0,[0|0]
241610381,,41610,381,2,0,[0|0],4161381,0,0,0,6,0,[0|0]
241610382,,41610,382,2,0,[0|0],4161382,0,0,0,6,0,[0|0]
241610390,,41610,390,2,0,[0|0],4161390,0,0,0,6,0,[0|0]
241610391,,41610,391,2,0,[0|0],4161391,0,0,0,6,0,[0|0]
241610392,,41610,392,2,0,[0|0],4161392,0,0,0,6,0,[0|0]
241610400,,41610,400,2,0,[0|0],4161400,0,0,0,6,0,[0|0]
241610401,,41610,401,2,0,[0|0],4161401,0,0,0,6,0,[0|0]
241610402,,41610,402,2,0,[0|0],4161402,0,0,0,6,0,[0|0]
241610410,,41610,410,2,0,[0|0],4161410,0,0,0,6,0,[0|0]
241610411,,41610,411,2,0,[0|0],4161411,0,0,0,6,0,[0|0]
241610412,,41610,412,2,0,[0|0],4161412,0,0,0,6,0,[0|0]
241610413,,41610,413,2,0,[0|0],4161413,0,0,0,6,0,[0|0]
241610414,,41610,414,2,0,[0|0],4161414,0,0,0,6,0,[0|0]
241610415,,41610,415,2,0,[0|0],4161415,0,0,0,6,0,[0|0]
241610416,,41610,416,2,0,[0|0],4161416,0,0,0,6,0,[0|0]
241610417,,41610,417,2,0,[0|0],4161417,0,0,0,6,0,[0|0]
241700100,,41700,100,2,0,[0|0],4170100,0,0,0,6,0,[0|0]
241700110,,41700,110,2,0,[0|0],4170110,0,0,0,6,0,[0|0]
241700120,,41700,120,2,0,[0|0],4170120,0,0,0,6,0,[0|0]
241700130,,41700,130,2,0,[0|0],4170130,0,0,0,6,0,[0|0]
241700135,,41700,135,2,0,[0|0],4170135,0,0,0,6,0,[0|0]
241700140,,41700,140,2,0,[0|0],4170140,0,0,0,6,0,[0|0]
241700150,,41700,150,2,0,[0|0],4170150,0,0,0,6,0,[0|0]
241700160,,41700,160,2,0,[0|0],4170160,0,0,0,6,0,[0|0]
241700170,,41700,170,2,0,[0|0],4170170,0,0,0,6,0,[0|0]
241700180,,41700,180,2,0,[0|0],4170180,0,0,0,6,0,[0|0]
241700190,,41700,190,2,0,[0|0],4170190,0,0,0,6,0,[0|0]
241700900,,41700,900,2,0,[0|0],4170900,0,0,0,6,0,[0|0]
241700901,,41700,901,2,0,[0|0],4170901,0,0,0,6,0,[0|0]
241710100,,41710,100,2,0,[0|0],4171100,0,0,0,6,0,[0|0]
241710110,,41710,110,2,0,[0|0],4171110,0,0,0,6,0,[0|0]
241710120,,41710,120,2,0,[0|0],4171120,0,0,0,6,0,[0|0]
241710130,,41710,130,2,0,[0|0],4171130,0,0,0,6,0,[0|0]
241710135,,41710,135,2,0,[0|0],4171135,0,0,0,6,0,[0|0]
241710140,,41710,140,2,0,[0|0],4171140,0,0,0,6,0,[0|0]
241710150,,41710,150,2,0,[0|0],4171150,0,0,0,6,0,[0|0]
241710160,,41710,160,2,0,[0|0],4171160,0,0,0,6,0,[0|0]
241710170,,41710,170,2,0,[0|0],4171170,0,0,0,6,0,[0|0]
241710180,,41710,180,2,0,[0|0],4171180,0,0,0,6,0,[0|0]
241710190,,41710,190,2,0,[0|0],4171190,0,0,0,6,0,[0|0]
241710900,,41710,900,2,0,[0|0],4171900,0,0,0,6,0,[0|0]
241710901,,41710,901,2,0,[0|0],4171901,0,0,0,6,0,[0|0]
241800010,,41800,10,2,0,[0|0],4180010,0,0,0,6,0,[0|0]
241800020,,41800,20,2,0,[0|0],4180020,0,0,0,7,0,[0|0]
241800021,,41800,21,2,0,[0|0],4180021,0,0,0,6,0,[0|0]
241800030,,41800,30,2,0,[0|0],4180030,0,0,0,7,0,[0|0]
241800040,,41800,40,2,0,[0|0],4180040,0,0,0,6,0,[0|0]
241800050,,41800,50,2,1,[0|0],4180050,0,0,0,6,0,[0|0]
241800051,,41800,51,2,1,[0|0],4180051,0,0,0,6,0,[0|0]
241800100,,41800,100,2,1,[0|0],4180100,0,0,0,6,0,[0|0]
241800900,,41800,900,2,0,[0|0],4180900,0,0,0,6,0,[0|0]
241800910,,41800,910,2,0,[0|0],4180910,0,0,0,6,0,[0|0]
241800950,,41800,950,2,1,[0|0],4180950,0,0,0,6,0,[0|0]
241800960,,41800,960,2,1,[0|0],4180960,0,0,0,6,0,[0|0]
241800980,,41800,980,2,1,[0|0],4180980,0,0,0,6,0,[0|0]
241800990,,41800,990,2,1,[0|0],4180990,0,0,0,6,0,[0|0]
241900100,,41900,100,2,0,[0|0],4190100,0,0,0,6,0,[0|0]
241900110,,41900,110,2,1,[0|0],4190110,0,0,0,6,0,[0|0]
241900200,,41900,200,2,1,[0|0],4190200,0,0,0,6,0,[0|0]
241900201,,41900,201,2,1,[0|0],4190201,0,0,0,6,0,[0|0]
241900300,,41900,300,2,1,[0|0],4190300,0,0,0,6,0,[0|0]
241900400,,41900,400,2,1,[0|0],4190400,0,0,0,6,0,[0|0]
241900401,,41900,401,2,1,[0|0],4190401,0,0,0,6,0,[0|0]
241900410,,41900,410,2,1,[0|0],4190410,0,0,0,6,0,[0|0]
241900411,,41900,411,2,1,[0|0],4190411,0,0,0,6,0,[0|0]
241900420,,41900,420,2,1,[0|0],4190420,0,0,0,6,0,[0|0]
241900421,,41900,421,2,1,[0|0],4190421,0,0,0,6,0,[0|0]
241910100,,41910,100,2,0,[0|0],4191100,0,0,0,6,0,[0|0]
241910110,,41910,110,2,1,[0|0],4191110,0,0,0,6,0,[0|0]
241910200,,41910,200,2,1,[0|0],4191200,0,0,0,6,0,[0|0]
241910201,,41910,201,2,1,[0|0],4191201,0,0,0,6,0,[0|0]
241910300,,41910,300,2,1,[0|0],4191300,0,0,0,6,0,[0|0]
241910400,,41910,400,2,1,[0|0],4191400,0,0,0,6,0,[0|0]
241910401,,41910,401,2,1,[0|0],4191401,0,0,0,6,0,[0|0]
241910410,,41910,410,2,1,[0|0],4191410,0,0,0,6,0,[0|0]
241910411,,41910,411,2,1,[0|0],4191411,0,0,0,6,0,[0|0]
241910420,,41910,420,2,1,[0|0],4191420,0,0,0,6,0,[0|0]
241910421,,41910,421,2,1,[0|0],4191421,0,0,0,6,0,[0|0]
241920100,,41920,100,2,0,[0|0],4192100,0,0,0,6,0,[0|0]
241920110,,41920,110,2,1,[0|0],4192110,0,0,0,6,0,[0|0]
241920120,,41920,120,2,0,[0|0],4192120,0,0,0,6,0,[0|0]
241920200,,41920,200,2,1,[0|0],4192200,0,0,0,6,0,[0|0]
241920201,,41920,201,2,1,[0|0],4192201,0,0,0,6,0,[0|0]
241920300,,41920,300,2,1,[0|0],4192300,0,0,0,6,0,[0|0]
241920400,,41920,400,2,1,[0|0],4192400,0,0,0,6,0,[0|0]
241920401,,41920,401,2,1,[0|0],4192401,0,0,0,6,0,[0|0]
241920410,,41920,410,2,1,[0|0],4192410,0,0,0,6,0,[0|0]
241920411,,41920,411,2,1,[0|0],4192411,0,0,0,6,0,[0|0]
241920420,,41920,420,2,1,[0|0],4192420,0,0,0,6,0,[0|0]
241920421,,41920,421,2,1,[0|0],4192421,0,0,0,6,0,[0|0]
242000100,,42000,100,2,0,[0|0],4200000,0,0,0,6,0,[0|0]
242000300,,42000,300,2,0,[0|0],4200200,0,0,0,6,0,[0|0]
242000301,,42000,301,2,0,[0|0],4200201,0,0,0,6,0,[0|0]
242000302,,42000,302,2,0,[0|0],4200202,0,0,0,6,0,[0|0]
242000303,,42000,303,2,0,[0|0],4200203,0,0,0,6,0,[0|0]
242000310,,42000,310,2,0,[0|0],4200210,0,0,0,6,0,[0|0]
242000320,,42000,320,2,0,[0|0],4200220,0,0,0,7,0,[0|0]
242000330,,42000,330,2,0,[0|0],4200230,0,0,0,6,0,[0|0]
242000340,,42000,340,2,0,[0|0],4200240,0,0,0,6,0,[0|0]
242000350,,42000,350,2,0,[0|0],4200250,0,0,0,6,0,[0|0]
242000351,,42000,351,2,0,[0|0],4200251,0,0,0,6,0,[0|0]
242000352,,42000,352,2,0,[0|0],4200252,0,0,0,6,0,[0|0]
242000353,,42000,353,2,0,[0|0],4200253,0,0,0,6,0,[0|0]
242000360,,42000,360,2,1,[0|0],4200260,0,0,0,6,0,[0|0]
242000370,,42000,370,2,0,[0|0],4200270,0,0,0,7,0,[0|0]
242000371,,42000,371,2,0,[0|0],4200271,0,0,0,7,0,[0|0]
242000372,,42000,372,2,0,[0|0],4200272,0,0,0,7,0,[0|0]
242000380,,42000,380,2,0,[0|0],4200280,0,0,0,7,0,[0|0]
242000390,,42000,390,2,0,[0|0],4200290,0,0,0,6,0,[0|0]
242000400,,42000,400,2,0,[0|0],4200300,0,0,0,6,0,[0|0]
242000410,,42000,410,2,0,[0|0],4200310,0,0,0,6,0,[0|0]
242000420,,42000,420,2,1,[0|0],4200320,0,0,0,6,0,[0|0]
242000422,,42000,422,2,0,[0|0],4200322,0,0,0,6,0,[0|0]
242000423,,42000,423,2,0,[0|0],4200323,0,0,0,6,0,[0|0]
242000800,,42000,800,2,0,[0|0],4200700,0,0,0,6,0,[0|0]
242000900,,42000,900,2,0,[0|0],4200800,0,0,0,6,0,[0|0]
242000910,,42000,910,2,0,[0|0],4200810,0,0,0,6,0,[0|0]
242000920,,42000,920,2,0,[0|0],4200820,0,0,0,6,0,[0|0]
242000990,,42000,990,2,0,[0|0],4200990,0,0,0,6,0,[0|0]
242010100,,42010,100,2,0,[0|0],4201100,0,0,0,6,0,[0|0]
242010101,,42010,101,2,0,[0|0],4201101,0,0,0,6,0,[0|0]
242010110,,42010,110,2,1,[0|0],4201110,0,0,0,6,0,[0|0]
242010111,,42010,111,2,1,[0|0],4201111,0,0,0,6,0,[0|0]
242010120,,42010,120,2,0,[0|0],4201120,0,0,0,6,0,[0|0]
242010130,,42010,130,2,1,[0|0],4201130,0,0,0,6,0,[0|0]
242010131,,42010,131,2,1,[0|0],4201131,0,0,0,6,0,[0|0]
242010132,,42010,132,2,1,[0|0],4201132,0,0,0,6,0,[0|0]
242010133,,42010,133,2,1,[0|0],4201133,0,0,0,6,0,[0|0]
242010140,,42010,140,2,1,[0|0],4201140,0,0,0,6,0,[0|0]
242010141,,42010,141,2,1,[0|0],4201141,0,0,0,6,0,[0|0]
242010142,,42010,142,2,1,[0|0],4201142,0,0,0,6,0,[0|0]
242010143,,42010,143,2,1,[0|0],4201143,0,0,0,6,0,[0|0]
242010144,,42010,144,2,1,[0|0],4201144,0,0,0,6,0,[0|0]
242010145,,42010,145,2,1,[0|0],4201145,0,0,0,6,0,[0|0]
242010146,,42010,146,2,1,[0|0],4201146,0,0,0,6,0,[0|0]
242010200,,42010,200,2,1,[0|0],4201200,0,0,0,6,0,[0|0]
242010201,,42010,201,2,1,[0|0],4201201,0,0,0,6,0,[0|0]
242010202,,42010,202,2,1,[0|0],4201202,0,0,0,6,0,[0|0]
242010203,,42010,203,2,1,[0|0],4201203,0,0,0,6,0,[0|0]
242010210,,42010,210,2,1,[0|0],4201210,0,0,0,6,0,[0|0]
242010211,,42010,211,2,1,[0|0],4201211,0,0,0,6,0,[0|0]
242010212,,42010,212,2,1,[0|0],4201212,0,0,0,6,0,[0|0]
242010213,,42010,213,2,1,[0|0],4201213,0,0,0,6,0,[0|0]
242010214,,42010,214,2,1,[0|0],4201214,0,0,0,6,0,[0|0]
242010215,,42010,215,2,1,[0|0],4201215,0,0,0,6,0,[0|0]
242010216,,42010,216,2,1,[0|0],4201216,0,0,0,6,0,[0|0]
242010220,,42010,220,2,0,[0|0],4201220,0,0,0,6,0,[0|0]
242010221,,42010,221,2,0,[0|0],4201221,0,0,0,6,0,[0|0]
242010230,,42010,230,2,1,[0|0],4201230,0,0,0,6,0,[0|0]
242010231,,42010,231,2,1,[0|0],4201231,0,0,0,6,0,[0|0]
242010240,,42010,240,2,0,[0|0],4201240,0,0,0,7,0,[0|0]
242010241,,42010,241,2,0,[0|0],4201241,0,0,0,7,0,[0|0]
242010242,,42010,242,2,0,[0|0],4201242,0,0,0,7,0,[0|0]
242010250,,42010,250,2,0,[0|0],4201250,0,0,0,7,0,[0|0]
242010260,,42010,260,2,0,[0|0],4201260,0,0,0,6,0,[0|0]
242010270,,42010,270,2,0,[0|0],4201270,0,0,0,6,0,[0|0]
242010280,,42010,280,2,1,[0|0],4201280,0,0,0,6,0,[0|0]
242010281,,42010,281,2,1,[0|0],4201281,0,0,0,6,0,[0|0]
242010282,,42010,282,2,1,[0|0],4201282,0,0,0,6,0,[0|0]
242010283,,42010,283,2,1,[0|0],4201283,0,0,0,6,0,[0|0]
242010284,,42010,284,2,1,[0|0],4201284,0,0,0,6,0,[0|0]
242010285,,42010,285,2,1,[0|0],4201285,0,0,0,6,0,[0|0]
242010286,,42010,286,2,1,[0|0],4201286,0,0,0,6,0,[0|0]
242010287,,42010,287,2,1,[0|0],4201287,0,0,0,6,0,[0|0]
242010288,,42010,288,2,1,[0|0],4201288,0,0,0,6,0,[0|0]
242010290,,42010,290,2,0,[0|0],4201290,0,0,0,6,0,[0|0]
242010291,,42010,291,2,0,[0|0],4201291,0,0,0,6,0,[0|0]
242010900,,42010,900,2,0,[0|0],4201900,0,0,0,6,0,[0|0]
242010910,,42010,910,2,0,[0|0],4201910,0,0,0,6,0,[0|0]
242010950,,42010,950,2,0,[0|0],4201950,0,0,0,6,0,[0|0]
242010990,,42010,990,2,1,[0|0],4201990,0,0,0,6,0,[0|0]
242100100,,42100,100,2,0,[0|0],4210000,0,0,0,6,0,[0|0]
242100110,,42100,110,2,0,[0|0],4210010,0,0,0,7,0,[0|0]
242100111,,42100,111,2,0,[0|0],4210011,0,0,0,7,0,[0|0]
242100112,,42100,112,2,0,[0|0],4210012,0,0,0,7,0,[0|0]
242100120,,42100,120,2,0,[0|0],4210020,0,0,0,6,0,[0|0]
242100130,,42100,130,2,0,[0|0],4210030,0,0,0,6,0,[0|0]
242100140,,42100,140,2,0,[0|0],4210040,0,0,0,6,0,[0|0]
242100150,,42100,150,2,0,[0|0],4210050,0,0,0,6,0,[0|0]
242100160,,42100,160,2,0,[0|0],4210060,0,0,0,7,0,[0|0]
242100170,,42100,170,2,0,[0|0],4210070,0,0,0,6,0,[0|0]
242100300,,42100,300,2,1,[0|0],4210200,0,0,0,6,0,[0|0]
242100320,,42100,320,2,1,[0|0],4210220,0,0,0,6,0,[0|0]
242100321,,42100,321,2,1,[0|0],4210221,0,0,0,6,0,[0|0]
242100420,,42100,420,2,0,[0|0],4210420,0,0,0,6,0,[0|0]
242100430,,42100,430,2,0,[0|0],4210430,0,0,0,6,0,[0|0]
242100440,,42100,440,2,0,[0|0],4210440,0,0,0,6,0,[0|0]
242100490,,42100,490,2,0,[0|0],4210490,0,0,0,6,0,[0|0]
242100550,,42100,550,2,1,[0|0],4210550,0,0,0,6,0,[0|0]
242100560,,42100,560,2,0,[0|0],4210560,0,0,0,6,0,[0|0]
242100900,,42100,900,2,0,[0|0],4210800,0,0,0,7,0,[0|0]
242100910,,42100,910,2,0,[0|0],4210810,0,0,0,6,0,[0|0]
242100920,,42100,920,2,0,[0|0],4210820,0,0,0,6,0,[0|0]
242100930,,42100,930,2,0,[0|0],4210830,0,0,0,6,0,[0|0]
242100940,,42100,940,2,0,[0|0],4210840,0,0,0,6,0,[0|0]
242100950,,42100,950,2,0,[0|0],4210850,0,0,0,6,0,[0|0]
242100960,,42100,960,2,0,[0|0],4210860,0,0,0,6,0,[0|0]
242200100,,42200,100,2,0,[0|0],4220100,0,0,0,6,0,[0|0]
242200101,,42200,101,2,0,[0|0],4220101,0,0,0,6,0,[0|0]
242200110,,42200,110,2,0,[0|0],4220110,0,0,0,6,0,[0|0]
242200120,,42200,120,2,0,[0|0],4220120,0,0,0,6,0,[0|0]
242200121,,42200,121,2,0,[0|0],4220121,0,0,0,6,0,[0|0]
242200130,,42200,130,2,0,[0|0],4220130,0,0,0,6,0,[0|0]
242200131,,42200,131,2,0,[0|0],4220131,0,0,0,6,0,[0|0]
242200140,,42200,140,2,0,[0|0],4220140,0,0,0,6,0,[0|0]
242200141,,42200,141,2,0,[0|0],4220141,0,0,0,6,0,[0|0]
242200142,,42200,142,2,0,[0|0],4220142,0,0,0,6,0,[0|0]
242200150,,42200,150,2,0,[0|0],4220150,0,0,0,6,0,[0|0]
242200151,,42200,151,2,0,[0|0],4220151,0,0,0,6,0,[0|0]
242200152,,42200,152,2,0,[0|0],4220152,0,0,0,6,0,[0|0]
242200153,,42200,153,2,0,[0|0],4220153,0,0,0,6,0,[0|0]
242200154,,42200,154,2,0,[0|0],4220154,0,0,0,6,0,[0|0]
242200155,,42200,155,2,0,[0|0],4220155,0,0,0,6,0,[0|0]
242200156,,42200,156,2,0,[0|0],4220156,0,0,0,6,0,[0|0]
242200157,,42200,157,2,0,[0|0],4220157,0,0,0,6,0,[0|0]
242200158,,42200,158,2,0,[0|0],4220158,0,0,0,6,0,[0|0]
242200159,,42200,159,2,0,[0|0],4220159,0,0,0,6,0,[0|0]
242200160,,42200,160,2,0,[0|0],4220160,0,0,0,6,0,[0|0]
242200170,,42200,170,2,0,[0|0],4220170,0,0,0,6,0,[0|0]
242200171,,42200,171,2,0,[0|0],4220171,0,0,0,6,0,[0|0]
242200172,,42200,172,2,0,[0|0],4220172,0,0,0,6,0,[0|0]
242200173,,42200,173,2,0,[0|0],4220173,0,0,0,6,0,[0|0]
242200174,,42200,174,2,0,[0|0],4220174,0,0,0,6,0,[0|0]
242200175,,42200,175,2,0,[0|0],4220175,0,0,0,6,0,[0|0]
242200176,,42200,176,2,0,[0|0],4220176,0,0,0,6,0,[0|0]
242200177,,42200,177,2,0,[0|0],4220177,0,0,0,6,0,[0|0]
242200178,,42200,178,2,0,[0|0],4220178,0,0,0,6,0,[0|0]
242200179,,42200,179,2,0,[0|0],4220179,0,0,0,6,0,[0|0]
242200190,,42200,190,2,0,[0|0],4220190,0,0,0,6,0,[0|0]
242200191,,42200,191,2,0,[0|0],4220191,0,0,0,6,0,[0|0]
242200200,,42200,200,2,0,[0|0],4220200,0,0,0,6,0,[0|0]
242200201,,42200,201,2,0,[0|0],4220201,0,0,0,6,0,[0|0]
242200210,,42200,210,2,0,[0|0],4220210,0,0,0,6,0,[0|0]
242200211,,42200,211,2,0,[0|0],4220211,0,0,0,6,0,[0|0]
242200212,,42200,212,2,0,[0|0],4220212,0,0,0,6,0,[0|0]
242200220,,42200,220,2,1,[0|0],4220220,0,0,0,6,0,[0|0]
242200221,,42200,221,2,1,[0|0],4220221,0,0,0,6,0,[0|0]
242200230,,42200,230,2,0,[0|0],4220230,0,0,0,6,0,[0|0]
242200240,,42200,240,2,0,[0|0],4220240,0,0,0,6,0,[0|0]
242200250,,42200,250,2,0,[0|0],4220250,0,0,0,6,0,[0|0]
242200300,,42200,300,2,0,[0|0],4220300,0,0,0,6,0,[0|0]
242200301,,42200,301,2,0,[0|0],4220301,0,0,0,6,0,[0|0]
242200302,,42200,302,2,0,[0|0],4220302,0,0,0,6,0,[0|0]
242200303,,42200,303,2,0,[0|0],4220303,0,0,0,6,0,[0|0]
242200304,,42200,304,2,0,[0|0],4220304,0,0,0,6,0,[0|0]
242200305,,42200,305,2,0,[0|0],4220305,0,0,0,6,0,[0|0]
242200306,,42200,306,2,0,[0|0],4220306,0,0,0,6,0,[0|0]
242200307,,42200,307,2,0,[0|0],4220307,0,0,0,6,0,[0|0]
242200308,,42200,308,2,0,[0|0],4220308,0,0,0,6,0,[0|0]
242200309,,42200,309,2,0,[0|0],4220309,0,0,0,6,0,[0|0]
242200310,,42200,310,2,0,[0|0],4220310,0,0,0,6,0,[0|0]
242200311,,42200,311,2,0,[0|0],4220311,0,0,0,6,0,[0|0]
242200400,,42200,400,2,0,[0|0],4220400,0,0,0,6,0,[0|0]
242200401,,42200,401,2,0,[0|0],4220401,0,0,0,6,0,[0|0]
242200402,,42200,402,2,0,[0|0],4220402,0,0,0,6,0,[0|0]
242200403,,42200,403,2,0,[0|0],4220403,0,0,0,6,0,[0|0]
242200404,,42200,404,2,0,[0|0],4220404,0,0,0,6,0,[0|0]
242200405,,42200,405,2,0,[0|0],4220405,0,0,0,6,0,[0|0]
242200406,,42200,406,2,0,[0|0],4220406,0,0,0,6,0,[0|0]
242200407,,42200,407,2,0,[0|0],4220407,0,0,0,6,0,[0|0]
242200408,,42200,408,2,0,[0|0],4220408,0,0,0,6,0,[0|0]
242200409,,42200,409,2,0,[0|0],4220409,0,0,0,6,0,[0|0]
242200500,,42200,500,2,0,[0|0],4220500,0,0,0,6,0,[0|0]
242200501,,42200,501,2,0,[0|0],4220501,0,0,0,6,0,[0|0]
242200502,,42200,502,2,0,[0|0],4220502,0,0,0,6,0,[0|0]
242200503,,42200,503,2,0,[0|0],4220503,0,0,0,6,0,[0|0]
242200504,,42200,504,2,0,[0|0],4220504,0,0,0,6,0,[0|0]
242200505,,42200,505,2,0,[0|0],4220505,0,0,0,6,0,[0|0]
242200506,,42200,506,2,0,[0|0],4220506,0,0,0,6,0,[0|0]
242200507,,42200,507,2,0,[0|0],4220507,0,0,0,6,0,[0|0]
242200508,,42200,508,2,0,[0|0],4220508,0,0,0,6,0,[0|0]
242200509,,42200,509,2,0,[0|0],4220509,0,0,0,6,0,[0|0]
242200510,,42200,510,2,0,[0|0],4220510,0,0,0,6,0,[0|0]
242200511,,42200,511,2,0,[0|0],4220511,0,0,0,6,0,[0|0]
242200600,,42200,600,2,0,[0|0],4220600,0,0,0,6,0,[0|0]
242200601,,42200,601,2,0,[0|0],4220601,0,0,0,6,0,[0|0]
242200602,,42200,602,2,0,[0|0],4220602,0,0,0,6,0,[0|0]
242200603,,42200,603,2,0,[0|0],4220603,0,0,0,6,0,[0|0]
242200604,,42200,604,2,0,[0|0],4220604,0,0,0,6,0,[0|0]
242200605,,42200,605,2,0,[0|0],4220605,0,0,0,6,0,[0|0]
242200606,,42200,606,2,0,[0|0],4220606,0,0,0,6,0,[0|0]
242200607,,42200,607,2,0,[0|0],4220607,0,0,0,6,0,[0|0]
242200608,,42200,608,2,0,[0|0],4220608,0,0,0,6,0,[0|0]
242200609,,42200,609,2,0,[0|0],4220609,0,0,0,6,0,[0|0]
242200900,,42200,900,2,0,[0|0],4220900,0,0,0,6,0,[0|0]
242200901,,42200,901,2,0,[0|0],4220901,0,0,0,6,0,[0|0]
242200950,,42200,950,2,0,[0|0],4220950,0,0,0,6,0,[0|0]
242300100,,42300,100,2,0,[0|0],4230100,0,0,0,6,0,[0|0]
242300110,,42300,110,2,0,[0|0],4230110,0,0,0,6,0,[0|0]
242300111,,42300,111,2,0,[0|0],4230111,0,0,0,6,0,[0|0]
242300120,,42300,120,2,0,[0|0],4230120,0,0,0,6,0,[0|0]
242300121,,42300,121,2,0,[0|0],4230121,0,0,0,6,0,[0|0]
242300130,,42300,130,2,0,[0|0],4230130,0,0,0,6,0,[0|0]
242400100,,42400,100,2,0,[0|0],4240100,0,0,0,6,0,[0|0]
242400101,,42400,101,2,0,[0|0],4240101,0,0,0,6,0,[0|0]
242400110,,42400,110,2,0,[0|0],4240110,0,0,0,6,0,[0|0]
242400111,,42400,111,2,0,[0|0],4240111,0,0,0,6,0,[0|0]
242400112,,42400,112,2,0,[0|0],4240112,0,0,0,6,0,[0|0]
242400113,,42400,113,2,0,[0|0],4240113,0,0,0,6,0,[0|0]
242400114,,42400,114,2,0,[0|0],4240114,0,0,0,6,0,[0|0]
242400115,,42400,115,2,0,[0|0],4240115,0,0,0,6,0,[0|0]
242400120,,42400,120,2,0,[0|0],4240120,0,0,0,6,0,[0|0]
242400121,,42400,121,2,0,[0|0],4240121,0,0,0,6,0,[0|0]
242400130,,42400,130,2,0,[0|0],4240130,0,0,0,6,0,[0|0]
242400140,,42400,140,2,0,[0|0],4240140,0,0,0,6,0,[0|0]
242400200,,42400,200,2,0,[0|0],4240200,0,0,0,6,0,[0|0]
242400201,,42400,201,2,0,[0|0],4240201,0,0,0,6,0,[0|0]
242400202,,42400,202,2,0,[0|0],4240202,0,0,0,6,0,[0|0]
242400210,,42400,210,2,0,[0|0],4240210,0,0,0,6,0,[0|0]
242400211,,42400,211,2,0,[0|0],4240211,0,0,0,6,0,[0|0]
242400400,,42400,400,2,1,[0|0],4240400,0,0,0,6,0,[0|0]
242400700,,42400,700,2,0,[0|0],4240700,0,0,0,6,0,[0|0]
242400900,,42400,900,2,0,[0|0],4240900,0,0,0,6,0,[0|0]
242410200,,42410,200,2,0,[0|0],4241200,0,0,0,6,0,[0|0]
242410210,,42410,210,2,0,[0|0],4241210,0,0,0,6,0,[0|0]
242410211,,42410,211,2,0,[0|0],4241211,0,0,0,6,0,[0|0]
242410220,,42410,220,2,0,[0|0],4241220,0,0,0,6,0,[0|0]
242410221,,42410,221,2,0,[0|0],4241221,0,0,0,6,0,[0|0]
242410230,,42410,230,2,0,[0|0],4241230,0,0,0,6,0,[0|0]
242410300,,42410,300,2,0,[0|0],4241300,0,0,0,6,0,[0|0]
242410400,,42410,400,2,1,[0|0],4241400,0,0,0,6,0,[0|0]
242410700,,42410,700,2,0,[0|0],4241700,0,0,0,6,0,[0|0]
242410710,,42410,710,2,0,[0|0],4241710,0,0,0,6,0,[0|0]
242410711,,42410,711,2,0,[0|0],4241711,0,0,0,6,0,[0|0]
242410720,,42410,720,2,0,[0|0],4241720,0,0,0,6,0,[0|0]
242410900,,42410,900,2,0,[0|0],4241900,0,0,0,6,0,[0|0]
242500100,,42500,100,2,0,[0|0],4250100,0,0,0,6,0,[0|0]
242500110,,42500,110,2,0,[0|0],4250110,0,0,0,6,0,[0|0]
242500120,,42500,120,2,0,[0|0],4250120,0,0,0,6,0,[0|0]
242500121,,42500,121,2,0,[0|0],4250121,0,0,0,6,0,[0|0]
242500700,,42500,700,2,0,[0|0],4250700,0,0,0,6,0,[0|0]
242600100,,42600,100,2,0,[0|0],4260100,0,0,0,6,0,[0|0]
242600110,,42600,110,2,0,[0|0],4260110,0,0,0,6,0,[0|0]
242600120,,42600,120,2,0,[0|0],4260120,0,0,0,6,0,[0|0]
242600130,,42600,130,2,0,[0|0],4260130,0,0,0,6,0,[0|0]
242600140,,42600,140,2,0,[0|0],4260140,0,0,0,6,0,[0|0]
242600150,,42600,150,2,0,[0|0],4260150,0,0,0,6,0,[0|0]
242600160,,42600,160,2,0,[0|0],4260160,0,0,0,6,0,[0|0]
242600170,,42600,170,2,0,[0|0],4260170,0,0,0,6,0,[0|0]
242600175,,42600,175,2,0,[0|0],4260175,0,0,0,6,0,[0|0]
242600180,,42600,180,2,0,[0|0],4260180,0,0,0,6,0,[0|0]
242600185,,42600,185,2,0,[0|0],4260185,0,0,0,6,0,[0|0]
242600190,,42600,190,2,0,[0|0],4260190,0,0,0,6,0,[0|0]
242600195,,42600,195,2,0,[0|0],4260195,0,0,0,6,0,[0|0]
242600200,,42600,200,2,0,[0|0],4260200,0,0,0,6,0,[0|0]
242600210,,42600,210,2,0,[0|0],4260210,0,0,0,6,0,[0|0]
242600220,,42600,220,2,0,[0|0],4260220,0,0,0,6,0,[0|0]
242600230,,42600,230,2,0,[0|0],4260230,0,0,0,6,0,[0|0]
242600240,,42600,240,2,1,[0|0],4260240,0,0,0,6,0,[0|0]
242600250,,42600,250,2,0,[0|0],4260250,0,0,0,6,0,[0|0]
242600260,,42600,260,2,0,[0|0],4260260,0,0,0,6,0,[0|0]
242600270,,42600,270,2,0,[0|0],4260270,0,0,0,6,0,[0|0]
242600275,,42600,275,2,0,[0|0],4260275,0,0,0,6,0,[0|0]
242600280,,42600,280,2,0,[0|0],4260280,0,0,0,6,0,[0|0]
242600285,,42600,285,2,0,[0|0],4260285,0,0,0,6,0,[0|0]
242600290,,42600,290,2,0,[0|0],4260290,0,0,0,6,0,[0|0]
242600295,,42600,295,2,0,[0|0],4260295,0,0,0,6,0,[0|0]
242600300,,42600,300,2,0,[0|0],4260300,0,0,0,6,0,[0|0]
242600310,,42600,310,2,1,[0|0],4260310,0,0,0,6,0,[0|0]
242600320,,42600,320,2,0,[0|0],4260320,0,0,0,6,0,[0|0]
242600322,,42600,322,2,0,[0|0],4260322,0,0,0,6,0,[0|0]
242600324,,42600,324,2,0,[0|0],4260324,0,0,0,6,0,[0|0]
242600330,,42600,330,2,1,[0|0],4260330,0,0,0,6,0,[0|0]
242600331,,42600,331,2,1,[0|0],4260331,0,0,0,6,0,[0|0]
242600340,,42600,340,2,1,[0|0],4260340,0,0,0,6,0,[0|0]
242600345,,42600,345,2,1,[0|0],4260345,0,0,0,6,0,[0|0]
242600350,,42600,350,2,1,[0|0],4260350,0,0,0,6,0,[0|0]
242600356,,42600,356,2,1,[0|0],4260356,0,0,0,6,0,[0|0]
242600360,,42600,360,2,1,[0|0],4260360,0,0,0,6,0,[0|0]
242600370,,42600,370,2,1,[0|0],4260370,0,0,0,6,0,[0|0]
242600375,,42600,375,2,1,[0|0],4260375,0,0,0,6,0,[0|0]
242600400,,42600,400,2,1,[0|0],4260400,0,0,0,6,0,[0|0]
242600410,,42600,410,2,1,[0|0],4260410,0,0,0,6,0,[0|0]
242600420,,42600,420,2,0,[0|0],4260420,0,0,0,6,0,[0|0]
242600430,,42600,430,2,0,[0|0],4260430,0,0,0,6,0,[0|0]
242600990,,42600,990,2,0,[0|0],4260990,0,0,0,6,0,[0|0]
242600991,,42600,991,2,0,[0|0],4260991,0,0,0,6,0,[0|0]
242600992,,42600,992,2,0,[0|0],4260992,0,0,0,6,0,[0|0]
242600993,,42600,993,2,0,[0|0],4260993,0,0,0,6,0,[0|0]
242600994,,42600,994,2,0,[0|0],4260994,0,0,0,6,0,[0|0]
242700100,,42700,100,2,0,[0|0],4270100,0,0,0,6,0,[0|0]
242700101,,42700,101,2,0,[0|0],4270101,0,0,0,6,0,[0|0]
242700102,,42700,102,2,0,[0|0],4270102,0,0,0,6,0,[0|0]
242700110,,42700,110,2,0,[0|0],4270110,0,0,0,6,0,[0|0]
242700120,,42700,120,2,0,[0|0],4270120,0,0,0,6,0,[0|0]
242700130,,42700,130,2,0,[0|0],4270130,0,0,0,6,0,[0|0]
242700140,,42700,140,2,0,[0|0],4270140,0,0,0,6,0,[0|0]
242700150,,42700,150,2,0,[0|0],4270150,0,0,0,6,0,[0|0]
242700151,,42700,151,2,0,[0|0],4270151,0,0,0,6,0,[0|0]
242700160,,42700,160,2,0,[0|0],4270160,0,0,0,6,0,[0|0]
242700170,,42700,170,2,0,[0|0],4270170,0,0,0,6,0,[0|0]
242700175,,42700,175,2,0,[0|0],4270175,0,0,0,6,0,[0|0]
242700180,,42700,180,2,0,[0|0],4270180,0,0,0,6,0,[0|0]
242700190,,42700,190,2,0,[0|0],4270190,0,0,0,6,0,[0|0]
242700200,,42700,200,2,0,[0|0],4270200,0,0,0,6,0,[0|0]
242700210,,42700,210,2,0,[0|0],4270210,0,0,0,6,0,[0|0]
242700220,,42700,220,2,0,[0|0],4270220,0,0,0,6,0,[0|0]
242700230,,42700,230,2,0,[0|0],4270230,0,0,0,6,0,[0|0]
242700240,,42700,240,2,0,[0|0],4270240,0,0,0,6,0,[0|0]
242700250,,42700,250,2,0,[0|0],4270250,0,0,0,6,0,[0|0]
242700260,,42700,260,2,0,[0|0],4270260,0,0,0,6,0,[0|0]
242700261,,42700,261,2,0,[0|0],4270261,0,0,0,6,0,[0|0]
242700270,,42700,270,2,0,[0|0],4270270,0,0,0,6,0,[0|0]
242700280,,42700,280,2,0,[0|0],4270280,0,0,0,6,0,[0|0]
242700300,,42700,300,2,0,[0|0],4270300,0,0,0,6,0,[0|0]
242700350,,42700,350,2,1,[0|0],4270350,0,0,0,6,0,[0|0]
242700355,,42700,355,2,1,[0|0],4270355,0,0,0,6,0,[0|0]
242700500,,42700,500,2,0,[0|0],4270500,0,0,0,6,0,[0|0]
242700510,,42700,510,2,0,[0|0],4270510,0,0,0,6,0,[0|0]
242800100,,42800,100,2,0,[0|0],4280100,0,0,0,6,0,[0|0]
242800110,,42800,110,2,0,[0|0],4280110,0,0,0,6,0,[0|0]
242800120,,42800,120,2,0,[0|0],4280120,0,0,0,6,0,[0|0]
242800130,,42800,130,2,0,[0|0],4280130,0,0,0,6,0,[0|0]
242800131,,42800,131,2,0,[0|0],4280131,0,0,0,6,0,[0|0]
242800140,,42800,140,2,1,[0|0],4280140,0,0,0,6,0,[0|0]
242800141,,42800,141,2,1,[0|0],4280141,0,0,0,6,0,[0|0]
242800142,,42800,142,2,1,[0|0],4280142,0,0,0,6,0,[0|0]
242800143,,42800,143,2,1,[0|0],4280143,0,0,0,6,0,[0|0]
242800150,,42800,150,2,0,[0|0],4280150,0,0,0,6,0,[0|0]
242800151,,42800,151,2,0,[0|0],4280151,0,0,0,6,0,[0|0]
242800152,,42800,152,2,0,[0|0],4280152,0,0,0,6,0,[0|0]
242800153,,42800,153,2,0,[0|0],4280153,0,0,0,6,0,[0|0]
242800154,,42800,154,2,0,[0|0],4280154,0,0,0,6,0,[0|0]
242800155,,42800,155,2,0,[0|0],4280155,0,0,0,6,0,[0|0]
242800156,,42800,156,2,0,[0|0],4280260,0,0,0,6,0,[0|0]
242800160,,42800,160,2,0,[0|0],4280160,0,0,0,6,0,[0|0]
242800161,,42800,161,2,0,[0|0],4280161,0,0,0,6,0,[0|0]
242800170,,42800,170,2,0,[0|0],4280170,0,0,0,6,0,[0|0]
242800180,,42800,180,2,0,[0|0],4280180,0,0,0,6,0,[0|0]
242800200,,42800,200,2,0,[0|0],4280200,0,0,0,6,0,[0|0]
242800210,,42800,210,2,0,[0|0],4280210,0,0,0,6,0,[0|0]
242800220,,42800,220,2,0,[0|0],4280220,0,0,0,6,0,[0|0]
242800230,,42800,230,2,0,[0|0],4280230,0,0,0,6,0,[0|0]
242800240,,42800,240,2,0,[0|0],4280240,0,0,0,6,0,[0|0]
242800300,,42800,300,2,1,[0|0],4280300,0,0,0,6,0,[0|0]
242800310,,42800,310,2,1,[0|0],4280310,0,0,0,6,0,[0|0]
242800320,,42800,320,2,1,[0|0],4280320,0,0,0,6,0,[0|0]
242800321,,42800,321,2,1,[0|0],4280321,0,0,0,6,0,[0|0]
242800500,,42800,500,2,0,[0|0],4280500,0,0,0,6,0,[0|0]
242800510,,42800,510,2,1,[0|0],4280510,0,0,0,6,0,[0|0]
242800520,,42800,520,2,1,[0|0],4280520,0,0,0,6,0,[0|0]
242900100,,42900,100,2,0,[0|0],4290100,0,30,0,6,0,[0|0]
242900110,,42900,110,2,0,[0|0],4290110,0,0,0,6,0,[0|0]
242900120,,42900,120,2,0,[0|0],4290120,0,0,0,6,0,[0|0]
242900121,,42900,121,2,0,[0|0],4290121,0,0,0,6,0,[0|0]
242900130,,42900,130,2,0,[0|0],4290130,0,0,0,6,0,[0|0]
242900140,,42900,140,2,0,[0|0],4290140,0,0,0,7,0,[0|0]
242900150,,42900,150,2,0,[0|0],4290150,0,0,0,6,0,[0|0]
242900160,,42900,160,2,0,[0|0],4290160,0,0,0,6,0,[0|0]
242900170,,42900,170,2,0,[0|0],4290170,0,0,0,6,0,[0|0]
242900171,,42900,171,2,0,[0|0],4290171,0,30,0,6,0,[0|0]
242900172,,42900,172,2,0,[0|0],4290172,0,0,0,6,0,[0|0]
242900180,,42900,180,2,0,[0|0],4290180,0,0,0,6,0,[0|0]
242900190,,42900,190,2,0,[0|0],4290190,0,0,0,6,0,[0|0]
242900200,,42900,200,2,0,[0|0],4290200,0,0,0,6,0,[0|0]
242900300,,42900,300,2,0,[0|0],4290300,0,0,0,6,0,[0|0]
243000100,,43000,100,2,0,[0|0],4300100,0,0,0,6,0,[0|0]
243000110,,43000,110,2,0,[0|0],4300110,0,0,0,6,0,[0|0]
243000120,,43000,120,2,0,[0|0],4300120,0,0,0,6,0,[0|0]
243000121,,43000,121,2,0,[0|0],4300121,0,0,0,6,0,[0|0]
243000130,,43000,130,2,0,[0|0],4300130,0,0,0,7,0,[0|0]
243000131,,43000,131,2,0,[0|0],4300131,0,0,0,7,0,[0|0]
243000190,,43000,190,2,0,[0|0],4300190,0,0,0,7,0,[0|0]
243000200,,43000,200,2,0,[0|0],4300200,0,0,0,6,0,[0|0]
243000210,,43000,210,2,0,[0|0],4300210,0,0,0,6,0,[0|0]
243000220,,43000,220,2,0,[0|0],4300220,0,0,0,6,0,[0|0]
243000230,,43000,230,2,0,[0|0],4300230,0,0,0,6,0,[0|0]
243000240,,43000,240,2,0,[0|0],4300240,0,0,0,6,0,[0|0]
243000241,,43000,241,2,0,[0|0],4300241,0,0,0,6,0,[0|0]
243000242,,43000,242,2,0,[0|0],4300242,0,0,0,6,0,[0|0]
243000243,,43000,243,2,0,[0|0],4300243,0,0,0,6,0,[0|0]
243000300,,43000,300,2,1,[0|0],4300300,0,0,0,6,0,[0|0]
243000310,,43000,310,2,0,[0|0],4300310,0,0,0,6,0,[0|0]
243000320,,43000,320,2,1,[0|0],4300320,0,0,0,6,0,[0|0]
243000330,,43000,330,2,1,[0|0],4300330,0,0,0,6,0,[0|0]
243000400,,43000,400,2,0,[0|0],4300400,0,0,0,6,0,[0|0]
243000401,,43000,401,2,0,[0|0],4300401,0,0,0,6,0,[0|0]
243000410,,43000,410,2,1,[0|0],4300410,0,0,0,6,0,[0|0]
243000420,,43000,420,2,0,[0|0],4300420,0,0,0,6,0,[0|0]
243000430,,43000,430,2,1,[0|0],4300430,0,0,0,6,0,[0|0]
243000440,,43000,440,2,1,[0|0],4300440,0,0,0,6,0,[0|0]
243000500,,43000,500,2,0,[0|0],4300500,0,0,0,6,0,[0|0]
243000501,,43000,501,2,0,[0|0],4300501,0,0,0,7,0,[0|0]
243000510,,43000,510,2,0,[0|0],4300510,0,0,0,7,0,[0|0]
243000520,,43000,520,2,0,[0|0],4300520,0,0,0,6,0,[0|0]
243000600,,43000,600,2,1,[0|0],4300600,0,0,0,6,0,[0|0]
243000700,,43000,700,2,1,[0|0],4300700,0,0,0,6,0,[0|0]
243100100,,43100,100,2,0,[0|0],4310100,0,0,0,6,0,[0|0]
243100101,,43100,101,2,0,[0|0],4310101,0,0,0,6,0,[0|0]
243100102,,43100,102,2,0,[0|0],4310102,0,0,0,6,0,[0|0]
243100110,,43100,110,2,0,[0|0],4310110,0,0,0,6,0,[0|0]
243100111,,43100,111,2,0,[0|0],4310111,0,0,0,6,0,[0|0]
243100112,,43100,112,2,0,[0|0],4310112,0,0,0,6,0,[0|0]
243100120,,43100,120,2,0,[0|0],4310120,0,0,0,6,0,[0|0]
243100121,,43100,121,2,0,[0|0],4310121,0,0,0,6,0,[0|0]
243100122,,43100,122,2,0,[0|0],4310122,0,0,0,6,0,[0|0]
243100130,,43100,130,2,0,[0|0],4310130,0,0,0,6,0,[0|0]
243100131,,43100,131,2,0,[0|0],4310131,0,0,0,6,0,[0|0]
243100132,,43100,132,2,0,[0|0],4310132,0,0,0,6,0,[0|0]
243100140,,43100,140,2,0,[0|0],4310140,0,0,0,6,0,[0|0]
243100141,,43100,141,2,0,[0|0],4310141,0,0,0,6,0,[0|0]
243100142,,43100,142,2,0,[0|0],4310142,0,0,0,6,0,[0|0]
243100150,,43100,150,2,0,[0|0],4310150,0,0,0,6,0,[0|0]
243100160,,43100,160,2,1,[0|0],4310160,0,0,0,6,0,[0|0]
243100161,,43100,161,2,1,[0|0],4310161,0,0,0,6,0,[0|0]
243100162,,43100,162,2,1,[0|0],4310162,0,0,0,6,0,[0|0]
243100163,,43100,163,2,1,[0|0],4310163,0,0,0,6,0,[0|0]
243100170,,43100,170,2,1,[0|0],4310170,0,0,0,6,0,[0|0]
243100180,,43100,180,2,0,[0|0],4310180,0,0,0,6,0,[0|0]
243100181,,43100,181,2,0,[0|0],4310181,0,0,0,6,0,[0|0]
243100182,,43100,182,2,0,[0|0],4310182,0,0,0,6,0,[0|0]
243100183,,43100,183,2,0,[0|0],4310183,0,0,0,6,0,[0|0]
243100200,,43100,200,2,0,[0|0],4310200,0,0,0,6,0,[0|0]
243100201,,43100,201,2,0,[0|0],4310201,0,0,0,6,0,[0|0]
243100210,,43100,210,2,0,[0|0],4310210,0,0,0,6,0,[0|0]
243100211,,43100,211,2,0,[0|0],4310211,0,0,0,6,0,[0|0]
243100220,,43100,220,2,0,[0|0],4310220,0,0,0,6,0,[0|0]
243100221,,43100,221,2,0,[0|0],4310221,0,0,0,6,0,[0|0]
243100230,,43100,230,2,0,[0|0],4310230,0,0,0,6,0,[0|0]
243100231,,43100,231,2,0,[0|0],4310231,0,0,0,6,0,[0|0]
243100240,,43100,240,2,0,[0|0],4310240,0,0,0,6,0,[0|0]
243100250,,43100,250,2,0,[0|0],4310250,0,0,0,6,0,[0|0]
243100260,,43100,260,2,0,[0|0],4310260,0,0,0,6,0,[0|0]
243100300,,43100,300,2,1,[0|0],4310300,0,0,0,6,0,[0|0]
243100310,,43100,310,2,1,[0|0],4310310,0,0,0,6,0,[0|0]
243100320,,43100,320,2,1,[0|0],4310320,0,0,0,6,0,[0|0]
243100400,,43100,400,2,1,[0|0],4310400,0,0,0,6,0,[0|0]
243100410,,43100,410,2,1,[0|0],4310410,0,0,0,6,0,[0|0]
243100420,,43100,420,2,1,[0|0],4310420,0,0,0,6,0,[0|0]
243100500,,43100,500,2,0,[0|0],4310500,0,0,0,7,0,[0|0]
243100510,,43100,510,2,1,[0|0],4310510,0,0,0,7,0,[0|0]
243100600,,43100,600,2,0,[0|0],4310600,0,0,0,6,0,[0|0]
243100601,,43100,601,2,0,[0|0],4310601,0,0,0,6,0,[0|0]
243100602,,43100,602,2,0,[0|0],4310602,0,0,0,6,0,[0|0]
243100610,,43100,610,2,0,[0|0],4310610,0,0,0,6,0,[0|0]
243100611,,43100,611,2,0,[0|0],4310611,0,0,0,6,0,[0|0]
243100612,,43100,612,2,0,[0|0],4310612,0,0,0,6,0,[0|0]
243100620,,43100,620,2,0,[0|0],4310620,0,0,0,6,0,[0|0]
243100621,,43100,621,2,0,[0|0],4310621,0,0,0,6,0,[0|0]
243100622,,43100,622,2,0,[0|0],4310622,0,0,0,6,0,[0|0]
243100630,,43100,630,2,0,[0|0],4310630,0,0,0,6,0,[0|0]
243100631,,43100,631,2,0,[0|0],4310631,0,0,0,6,0,[0|0]
243100632,,43100,632,2,0,[0|0],4310632,0,0,0,6,0,[0|0]
243100640,,43100,640,2,0,[0|0],4310640,0,0,0,6,0,[0|0]
243100641,,43100,641,2,0,[0|0],4310641,0,0,0,6,0,[0|0]
243100642,,43100,642,2,0,[0|0],4310642,0,0,0,6,0,[0|0]
243100650,,43100,650,2,1,[0|0],4310650,0,0,0,6,0,[0|0]
243100660,,43100,660,2,0,[0|0],4310660,0,0,0,6,0,[0|0]
243100670,,43100,670,2,0,[0|0],4310670,0,0,0,6,0,[0|0]
243100672,,43100,672,2,0,[0|0],4310672,0,0,0,6,0,[0|0]
243100680,,43100,680,2,0,[0|0],4310680,0,0,0,6,0,[0|0]
243100681,,43100,681,2,0,[0|0],4310681,0,0,0,6,0,[0|0]
243100700,,43100,700,2,0,[0|0],4310700,0,0,0,6,0,[0|0]
243100710,,43100,710,2,0,[0|0],4310710,0,0,0,6,0,[0|0]
243100711,,43100,711,2,0,[0|0],4310711,0,0,0,6,0,[0|0]
243100720,,43100,720,2,0,[0|0],4310720,0,0,0,6,0,[0|0]
243100721,,43100,721,2,0,[0|0],4310721,0,0,0,6,0,[0|0]
243100730,,43100,730,2,0,[0|0],4310730,0,0,0,6,0,[0|0]
243100731,,43100,731,2,0,[0|0],4310731,0,0,0,6,0,[0|0]
243100740,,43100,740,2,0,[0|0],4310740,0,0,0,6,0,[0|0]
243100750,,43100,750,2,0,[0|0],4310750,0,0,0,6,0,[0|0]
243100760,,43100,760,2,0,[0|0],4310760,0,0,0,6,0,[0|0]
243100761,,43100,761,2,0,[0|0],4310761,0,0,0,6,0,[0|0]
243100762,,43100,762,2,0,[0|0],4310762,0,0,0,6,0,[0|0]
243100763,,43100,763,2,0,[0|0],4310763,0,0,0,6,0,[0|0]
243100800,,43100,800,2,0,[0|0],4310800,0,0,0,6,0,[0|0]
243100810,,43100,810,2,0,[0|0],4310810,0,0,0,6,0,[0|0]
243100820,,43100,820,2,0,[0|0],4310820,0,0,0,6,0,[0|0]
243100900,,43100,900,2,1,[0|0],4310900,0,0,0,6,0,[0|0]
243100901,,43100,901,2,1,[0|0],4310901,0,0,0,6,0,[0|0]
243100902,,43100,902,2,1,[0|0],4310902,0,0,0,6,0,[0|0]
243100903,,43100,903,2,1,[0|0],4310903,0,0,0,6,0,[0|0]
243100904,,43100,904,2,1,[0|0],4310904,0,0,0,6,0,[0|0]
243100910,,43100,910,2,1,[0|0],4310910,0,0,0,6,0,[0|0]
243100920,,43100,920,2,1,[0|0],4310920,0,0,0,6,0,[0|0]
243100930,,43100,930,2,1,[0|0],4310930,0,0,0,6,0,[0|0]
243100940,,43100,940,2,1,[0|0],4310940,0,0,0,6,0,[0|0]
243100950,,43100,950,2,1,[0|0],4310950,0,0,0,6,0,[0|0]
243100951,,43100,951,2,1,[0|0],4310951,0,0,0,6,0,[0|0]
243100960,,43100,960,2,1,[0|0],4310960,0,0,0,6,0,[0|0]
243210100,,43210,100,2,0,[0|0],4321000,0,0,0,6,0,[0|0]
243210110,,43210,110,2,0,[0|0],4321010,0,0,0,6,0,[0|0]
243210120,,43210,120,2,0,[0|0],4321020,0,0,0,6,0,[0|0]
243210130,,43210,130,2,0,[0|0],4321030,0,0,0,6,0,[0|0]
243210140,,43210,140,2,0,[0|0],4321040,0,0,0,6,0,[0|0]
243210150,,43210,150,2,0,[0|0],4321050,0,0,0,6,0,[0|0]
243210290,,43210,290,2,0,[0|0],4321190,0,0,0,6,0,[0|0]
243210300,,43210,300,2,0,[0|0],4321200,0,0,0,6,0,[0|0]
243210301,,43210,301,2,0,[0|0],4321201,0,0,0,6,0,[0|0]
243210310,,43210,310,2,0,[0|0],4321210,0,0,0,6,0,[0|0]
243210320,,43210,320,2,0,[0|0],4321220,0,0,0,6,0,[0|0]
243210330,,43210,330,2,0,[0|0],4321230,0,0,0,6,0,[0|0]
243210340,,43210,340,2,0,[0|0],4321240,0,0,0,6,0,[0|0]
243210360,,43210,360,2,0,[0|0],4321260,0,0,0,6,0,[0|0]
243210361,,43210,361,2,0,[0|0],4321261,0,0,0,6,0,[0|0]
243210370,,43210,370,2,0,[0|0],4321270,0,0,0,6,0,[0|0]
243210371,,43210,371,2,0,[0|0],4321271,0,0,0,6,0,[0|0]
243210380,,43210,380,2,0,[0|0],4321280,0,0,0,6,0,[0|0]
243210381,,43210,381,2,0,[0|0],4321281,0,0,0,6,0,[0|0]
243210490,,43210,490,2,0,[0|0],4321390,0,0,0,6,0,[0|0]
243210500,,43210,500,2,0,[0|0],4321400,0,0,0,6,0,[0|0]
243210501,,43210,501,2,0,[0|0],4321401,0,0,0,6,0,[0|0]
243210510,,43210,510,2,0,[0|0],4321410,0,0,0,6,0,[0|0]
243210511,,43210,511,2,0,[0|0],4321411,0,0,0,6,0,[0|0]
243210520,,43210,520,2,0,[0|0],4321420,0,0,0,6,0,[0|0]
243210521,,43210,521,2,0,[0|0],4321421,0,0,0,6,0,[0|0]
243210522,,43210,522,2,0,[0|0],4321422,0,0,0,6,0,[0|0]
243210530,,43210,530,2,0,[0|0],4321430,0,0,0,6,0,[0|0]
243210531,,43210,531,2,0,[0|0],4321431,0,0,0,6,0,[0|0]
243210540,,43210,540,2,0,[0|0],4321440,0,0,0,6,0,[0|0]
243210550,,43210,550,2,0,[0|0],4321450,0,0,0,6,0,[0|0]
243210551,,43210,551,2,0,[0|0],4321451,0,0,0,6,0,[0|0]
243210680,,43210,680,2,0,[0|0],4321580,0,0,0,6,0,[0|0]
243210690,,43210,690,2,0,[0|0],4321590,0,0,0,6,0,[0|0]
243210691,,43210,691,2,0,[0|0],4321591,0,0,0,6,0,[0|0]
243210800,,43210,800,2,1,[0|0],4321700,0,0,0,6,0,[0|0]
243210810,,43210,810,2,1,[0|0],4321710,0,0,0,6,0,[0|0]
243210820,,43210,820,2,1,[0|0],4321720,0,0,0,6,0,[0|0]
243210830,,43210,830,2,1,[0|0],4321730,0,0,0,6,0,[0|0]
243210850,,43210,850,2,1,[0|0],4321750,0,0,0,6,0,[0|0]
243210900,,43210,900,2,1,[0|0],4321900,0,0,0,6,0,[0|0]
243210990,,43210,990,2,0,[0|0],4321990,0,0,0,6,0,[0|0]
243400100,,43400,100,2,0,[0|0],4340100,0,0,0,6,0,[0|0]
243400101,,43400,101,2,0,[0|0],4340101,0,0,0,6,0,[0|0]
243400102,,43400,102,2,0,[0|0],4340103,0,0,0,6,0,[0|0]
243400110,,43400,110,2,0,[0|0],4340110,0,0,0,6,0,[0|0]
243400120,,43400,120,2,0,[0|0],4340120,0,0,0,6,0,[0|0]
243400121,,43400,121,2,0,[0|0],4340121,0,0,0,6,0,[0|0]
243400130,,43400,130,2,0,[0|0],4340130,0,0,0,6,0,[0|0]
243400140,,43400,140,2,0,[0|0],4340140,0,0,0,6,0,[0|0]
243400150,,43400,150,2,0,[0|0],4340150,0,0,0,6,0,[0|0]
243400160,,43400,160,2,0,[0|0],4340160,0,0,0,6,0,[0|0]
243400170,,43400,170,2,0,[0|0],4340170,0,0,0,6,0,[0|0]
243400180,,43400,180,2,1,[0|0],4340180,0,0,0,6,0,[0|0]
243400190,,43400,190,2,1,[0|0],4340190,0,0,0,6,0,[0|0]
243400200,,43400,200,2,1,[0|0],4340200,0,0,0,6,0,[0|0]
243400210,,43400,210,2,1,[0|0],4340210,0,0,0,6,0,[0|0]
243400220,,43400,220,2,0,[0|0],4340220,0,0,0,6,0,[0|0]
243400300,,43400,300,2,0,[0|0],4340300,0,0,0,6,0,[0|0]
243400301,,43400,301,2,0,[0|0],4340301,0,0,0,6,0,[0|0]
243400310,,43400,310,2,0,[0|0],4340310,0,0,0,6,0,[0|0]
243400320,,43400,320,2,0,[0|0],4340320,0,0,0,6,0,[0|0]
243400330,,43400,330,2,0,[0|0],4340330,0,0,0,6,0,[0|0]
243400340,,43400,340,2,0,[0|0],4340340,0,0,0,6,0,[0|0]
243400350,,43400,350,2,0,[0|0],4340350,0,0,0,6,0,[0|0]
243400360,,43400,360,2,0,[0|0],4340360,0,0,0,6,0,[0|0]
243400370,,43400,370,2,1,[0|0],4340370,0,0,0,6,0,[0|0]
243400380,,43400,380,2,0,[0|0],4340380,0,0,0,6,0,[0|0]
243400500,,43400,500,2,0,[0|0],4340500,0,0,0,6,0,[0|0]
243400510,,43400,510,2,1,[0|0],4340510,0,0,0,6,0,[0|0]
243400520,,43400,520,2,1,[0|0],4340520,0,0,0,6,0,[0|0]
243400530,,43400,530,2,0,[0|0],4340530,0,0,0,6,0,[0|0]
243400540,,43400,540,2,0,[0|0],4340540,0,0,0,6,0,[0|0]
243400600,,43400,600,2,1,[0|0],4340600,0,0,0,6,0,[0|0]
243400610,,43400,610,2,1,[0|0],4340610,0,0,0,6,0,[0|0]
243400620,,43400,620,2,1,[0|0],4340620,0,0,0,6,0,[0|0]
243400630,,43400,630,2,1,[0|0],4340630,0,0,0,6,0,[0|0]
243400700,,43400,700,2,0,[0|0],4340700,0,0,0,6,0,[0|0]
243400701,,43400,701,2,0,[0|0],4340701,0,0,0,6,0,[0|0]
243400702,,43400,702,2,0,[0|0],4340703,0,0,0,6,0,[0|0]
243400710,,43400,710,2,0,[0|0],4340710,0,0,0,6,0,[0|0]
243400900,,43400,900,2,0,[0|0],4340900,0,0,0,6,0,[0|0]
243400901,,43400,901,2,0,[0|0],4340901,0,0,0,6,0,[0|0]
243400910,,43400,910,2,0,[0|0],4340910,0,0,0,6,0,[0|0]
243400920,,43400,920,2,0,[0|0],4340920,0,0,0,6,0,[0|0]
243400930,,43400,930,2,0,[0|0],4340930,0,0,0,6,0,[0|0]
243400980,,43400,980,2,0,[0|0],4340980,0,0,0,6,0,[0|0]
243410100,,43410,100,2,0,[0|0],4341100,0,0,0,6,0,[0|0]
243410101,,43410,101,2,0,[0|0],4341101,0,0,0,6,0,[0|0]
243410102,,43410,102,2,0,[0|0],4341103,0,0,0,6,0,[0|0]
243410110,,43410,110,2,0,[0|0],4341110,0,0,0,6,0,[0|0]
243410120,,43410,120,2,0,[0|0],4341120,0,0,0,6,0,[0|0]
243410121,,43410,121,2,0,[0|0],4341121,0,0,0,6,0,[0|0]
243410130,,43410,130,2,0,[0|0],4341130,0,0,0,6,0,[0|0]
243410140,,43410,140,2,0,[0|0],4341140,0,0,0,6,0,[0|0]
243410150,,43410,150,2,0,[0|0],4341150,0,0,0,6,0,[0|0]
243410160,,43410,160,2,0,[0|0],4341160,0,0,0,6,0,[0|0]
243410170,,43410,170,2,0,[0|0],4341170,0,0,0,6,0,[0|0]
243410180,,43410,180,2,1,[0|0],4341180,0,0,0,6,0,[0|0]
243410190,,43410,190,2,1,[0|0],4341190,0,0,0,6,0,[0|0]
243410200,,43410,200,2,1,[0|0],4341200,0,0,0,6,0,[0|0]
243410210,,43410,210,2,1,[0|0],4341210,0,0,0,6,0,[0|0]
243410220,,43410,220,2,0,[0|0],4341220,0,0,0,6,0,[0|0]
243410300,,43410,300,2,0,[0|0],4341300,0,0,0,6,0,[0|0]
243410301,,43410,301,2,0,[0|0],4341301,0,0,0,6,0,[0|0]
243410310,,43410,310,2,0,[0|0],4341310,0,0,0,6,0,[0|0]
243410320,,43410,320,2,0,[0|0],4341320,0,0,0,6,0,[0|0]
243410330,,43410,330,2,0,[0|0],4341330,0,0,0,6,0,[0|0]
243410340,,43410,340,2,0,[0|0],4341340,0,0,0,6,0,[0|0]
243410350,,43410,350,2,0,[0|0],4341350,0,0,0,6,0,[0|0]
243410360,,43410,360,2,0,[0|0],4341360,0,0,0,6,0,[0|0]
243410370,,43410,370,2,1,[0|0],4341370,0,0,0,6,0,[0|0]
243410380,,43410,380,2,0,[0|0],4341380,0,0,0,6,0,[0|0]
243410500,,43410,500,2,0,[0|0],4341500,0,0,0,6,0,[0|0]
243410510,,43410,510,2,1,[0|0],4341510,0,0,0,6,0,[0|0]
243410520,,43410,520,2,1,[0|0],4341520,0,0,0,6,0,[0|0]
243500100,,43500,100,2,0,[0|0],4350100,0,0,0,6,0,[0|0]
243500101,,43500,101,2,0,[0|0],4350101,0,0,0,6,0,[0|0]
243500102,,43500,102,2,0,[0|0],4350102,0,0,0,6,0,[0|0]
243500103,,43500,103,2,0,[0|0],4350103,0,0,0,6,0,[0|0]
243500104,,43500,104,2,0,[0|0],4350104,0,0,0,6,0,[0|0]
243500105,,43500,105,2,0,[0|0],4350105,0,0,0,6,0,[0|0]
243500106,,43500,106,2,0,[0|0],4350106,0,0,0,6,0,[0|0]
243500110,,43500,110,2,0,[0|0],4350110,0,0,0,6,0,[0|0]
243500111,,43500,111,2,0,[0|0],4350111,0,0,0,6,0,[0|0]
243500112,,43500,112,2,0,[0|0],4350112,0,0,0,6,0,[0|0]
243500113,,43500,113,2,0,[0|0],4350113,0,0,0,6,0,[0|0]
243500114,,43500,114,2,0,[0|0],4350114,0,0,0,6,0,[0|0]
243500115,,43500,115,2,0,[0|0],4350115,0,0,0,6,0,[0|0]
243500116,,43500,116,2,0,[0|0],4350116,0,0,0,6,0,[0|0]
243500120,,43500,120,2,0,[0|0],4350120,0,0,0,6,0,[0|0]
243500121,,43500,121,2,0,[0|0],4350121,0,0,0,6,0,[0|0]
243500122,,43500,122,2,0,[0|0],4350122,0,0,0,6,0,[0|0]
243500123,,43500,123,2,0,[0|0],4350123,0,0,0,6,0,[0|0]
243500124,,43500,124,2,0,[0|0],4350124,0,0,0,6,0,[0|0]
243500125,,43500,125,2,0,[0|0],4350125,0,0,0,6,0,[0|0]
243500126,,43500,126,2,0,[0|0],4350126,0,0,0,6,0,[0|0]
243500130,,43500,130,2,0,[0|0],4350130,0,0,0,6,0,[0|0]
243500140,,43500,140,2,0,[0|0],4350140,0,0,0,6,0,[0|0]
243500141,,43500,141,2,0,[0|0],4350141,0,0,0,6,0,[0|0]
243500142,,43500,142,2,0,[0|0],4350142,0,0,0,6,0,[0|0]
243500143,,43500,143,2,0,[0|0],4350143,0,0,0,6,0,[0|0]
243500144,,43500,144,2,0,[0|0],4350144,0,0,0,6,0,[0|0]
243500145,,43500,145,2,0,[0|0],4350145,0,0,0,6,0,[0|0]
243500146,,43500,146,2,0,[0|0],4350146,0,0,0,6,0,[0|0]
243500150,,43500,150,2,0,[0|0],4350150,0,0,0,6,0,[0|0]
243500151,,43500,151,2,0,[0|0],4350151,0,0,0,6,0,[0|0]
243500152,,43500,152,2,0,[0|0],4350152,0,0,0,6,0,[0|0]
243500153,,43500,153,2,0,[0|0],4350153,0,0,0,6,0,[0|0]
243500154,,43500,154,2,0,[0|0],4350154,0,0,0,6,0,[0|0]
243500155,,43500,155,2,0,[0|0],4350155,0,0,0,6,0,[0|0]
243500156,,43500,156,2,0,[0|0],4350156,0,0,0,6,0,[0|0]
243500160,,43500,160,2,0,[0|0],4350160,0,0,0,6,0,[0|0]
243500161,,43500,161,2,0,[0|0],4350161,0,0,0,6,0,[0|0]
243500162,,43500,162,2,0,[0|0],4350162,0,0,0,6,0,[0|0]
243500163,,43500,163,2,0,[0|0],4350163,0,0,0,6,0,[0|0]
243500164,,43500,164,2,0,[0|0],4350164,0,0,0,6,0,[0|0]
243500165,,43500,165,2,0,[0|0],4350165,0,0,0,6,0,[0|0]
243500166,,43500,166,2,0,[0|0],4350166,0,0,0,6,0,[0|0]
243500170,,43500,170,2,0,[0|0],4350170,0,0,0,6,0,[0|0]
243500171,,43500,171,2,0,[0|0],4350171,0,0,0,6,0,[0|0]
243500172,,43500,172,2,0,[0|0],4350172,0,0,0,6,0,[0|0]
243500173,,43500,173,2,0,[0|0],4350173,0,0,0,6,0,[0|0]
243500174,,43500,174,2,0,[0|0],4350174,0,0,0,6,0,[0|0]
243500175,,43500,175,2,0,[0|0],4350175,0,0,0,6,0,[0|0]
243500176,,43500,176,2,0,[0|0],4350176,0,0,0,6,0,[0|0]
243500180,,43500,180,2,0,[0|0],4350180,0,0,0,6,0,[0|0]
243500181,,43500,181,2,0,[0|0],4350181,0,0,0,6,0,[0|0]
243500182,,43500,182,2,0,[0|0],4350182,0,0,0,6,0,[0|0]
243500183,,43500,183,2,0,[0|0],4350183,0,0,0,6,0,[0|0]
243500184,,43500,184,2,0,[0|0],4350184,0,0,0,6,0,[0|0]
243500185,,43500,185,2,0,[0|0],4350185,0,0,0,6,0,[0|0]
243500186,,43500,186,2,0,[0|0],4350186,0,0,0,6,0,[0|0]
243500190,,43500,190,2,0,[0|0],4350190,0,0,0,6,0,[0|0]
243500191,,43500,191,2,0,[0|0],4350191,0,0,0,6,0,[0|0]
243500192,,43500,192,2,0,[0|0],4350192,0,0,0,6,0,[0|0]
243500193,,43500,193,2,0,[0|0],4350193,0,0,0,6,0,[0|0]
243500194,,43500,194,2,0,[0|0],4350194,0,0,0,6,0,[0|0]
243500195,,43500,195,2,0,[0|0],4350195,0,0,0,6,0,[0|0]
243500196,,43500,196,2,0,[0|0],4350196,0,0,0,6,0,[0|0]
243500200,,43500,200,2,0,[0|0],4350200,0,0,0,6,0,[0|0]
243500201,,43500,201,2,0,[0|0],4350201,0,0,0,6,0,[0|0]
243500202,,43500,202,2,0,[0|0],4350202,0,0,0,6,0,[0|0]
243500203,,43500,203,2,0,[0|0],4350203,0,0,0,6,0,[0|0]
243500204,,43500,204,2,0,[0|0],4350204,0,0,0,6,0,[0|0]
243500205,,43500,205,2,0,[0|0],4350205,0,0,0,6,0,[0|0]
243500206,,43500,206,2,0,[0|0],4350206,0,0,0,6,0,[0|0]
243500210,,43500,210,2,0,[0|0],4350210,0,0,0,6,0,[0|0]
243500211,,43500,211,2,0,[0|0],4350211,0,0,0,6,0,[0|0]
243500212,,43500,212,2,0,[0|0],4350212,0,0,0,6,0,[0|0]
243500213,,43500,213,2,0,[0|0],4350213,0,0,0,6,0,[0|0]
243500214,,43500,214,2,0,[0|0],4350214,0,0,0,6,0,[0|0]
243500215,,43500,215,2,0,[0|0],4350215,0,0,0,6,0,[0|0]
243500216,,43500,216,2,0,[0|0],4350216,0,0,0,6,0,[0|0]
243500220,,43500,220,2,1,[0|0],4350220,0,0,0,6,0,[0|0]
243500230,,43500,230,2,0,[0|0],4350230,0,0,0,6,0,[0|0]
243500240,,43500,240,2,0,[0|0],4350240,0,0,0,6,0,[0|0]
243500250,,43500,250,2,0,[0|0],4350250,0,0,0,6,0,[0|0]
243500260,,43500,260,2,0,[0|0],4350260,0,0,0,6,0,[0|0]
243500270,,43500,270,2,0,[0|0],4350270,0,0,0,6,0,[0|0]
243500280,,43500,280,2,1,[0|0],4350280,0,0,0,6,0,[0|0]
243500281,,43500,281,2,1,[0|0],4350281,0,0,0,6,0,[0|0]
243500282,,43500,282,2,1,[0|0],4350282,0,0,0,6,0,[0|0]
243500283,,43500,283,2,1,[0|0],4350283,0,0,0,6,0,[0|0]
243500284,,43500,284,2,1,[0|0],4350284,0,0,0,6,0,[0|0]
243500290,,43500,290,2,0,[0|0],4350290,0,0,0,6,0,[0|0]
243500291,,43500,291,2,0,[0|0],4350291,0,0,0,6,0,[0|0]
243500300,,43500,300,2,0,[0|0],4350300,0,0,0,6,0,[0|0]
243500301,,43500,301,2,1,[0|0],4350301,0,0,0,6,0,[0|0]
243500302,,43500,302,2,1,[0|0],4350302,0,0,0,6,0,[0|0]
243500310,,43500,310,2,0,[0|0],4350310,0,0,0,6,0,[0|0]
243500315,,43500,315,2,1,[0|0],4350315,0,0,0,6,0,[0|0]
243500316,,43500,316,2,1,[0|0],4350316,0,0,0,6,0,[0|0]
243500317,,43500,317,2,1,[0|0],4350317,0,0,0,6,0,[0|0]
243500318,,43500,318,2,1,[0|0],4350318,0,0,0,6,0,[0|0]
243500320,,43500,320,2,0,[0|0],4350320,0,0,0,6,0,[0|0]
243500330,,43500,330,2,1,[0|0],4350330,0,0,0,6,0,[0|0]
243500340,,43500,340,2,0,[0|0],4350340,0,0,0,6,0,[0|0]
243500341,,43500,341,2,0,[0|0],4350341,0,0,0,6,0,[0|0]
243500350,,43500,350,2,0,[0|0],4350350,0,0,0,6,0,[0|0]
243500360,,43500,360,2,1,[0|0],4350360,0,0,0,6,0,[0|0]
243500400,,43500,400,2,0,[0|0],4350400,0,0,0,6,0,[0|0]
243500401,,43500,401,2,0,[0|0],4350401,0,0,0,6,0,[0|0]
243500402,,43500,402,2,0,[0|0],4350402,0,0,0,6,0,[0|0]
243500403,,43500,403,2,0,[0|0],4350403,0,0,0,6,0,[0|0]
243500404,,43500,404,2,0,[0|0],4350404,0,0,0,6,0,[0|0]
243500405,,43500,405,2,0,[0|0],4350405,0,0,0,6,0,[0|0]
243500406,,43500,406,2,0,[0|0],4350406,0,0,0,6,0,[0|0]
243500410,,43500,410,2,0,[0|0],4350410,0,0,0,6,0,[0|0]
243500411,,43500,411,2,0,[0|0],4350411,0,0,0,6,0,[0|0]
243500412,,43500,412,2,0,[0|0],4350412,0,0,0,6,0,[0|0]
243500413,,43500,413,2,0,[0|0],4350413,0,0,0,6,0,[0|0]
243500414,,43500,414,2,0,[0|0],4350414,0,0,0,6,0,[0|0]
243500415,,43500,415,2,0,[0|0],4350415,0,0,0,6,0,[0|0]
243500416,,43500,416,2,0,[0|0],4350416,0,0,0,6,0,[0|0]
243500420,,43500,420,2,0,[0|0],4350420,0,0,0,6,0,[0|0]
243500421,,43500,421,2,0,[0|0],4350421,0,0,0,6,0,[0|0]
243500422,,43500,422,2,0,[0|0],4350422,0,0,0,6,0,[0|0]
243500423,,43500,423,2,0,[0|0],4350423,0,0,0,6,0,[0|0]
243500424,,43500,424,2,0,[0|0],4350424,0,0,0,6,0,[0|0]
243500425,,43500,425,2,0,[0|0],4350425,0,0,0,6,0,[0|0]
243500426,,43500,426,2,0,[0|0],4350426,0,0,0,6,0,[0|0]
243500430,,43500,430,2,0,[0|0],4350430,0,0,0,6,0,[0|0]
243500431,,43500,431,2,0,[0|0],4350431,0,0,0,6,0,[0|0]
243500432,,43500,432,2,0,[0|0],4350432,0,0,0,6,0,[0|0]
243500433,,43500,433,2,0,[0|0],4350433,0,0,0,6,0,[0|0]
243500434,,43500,434,2,0,[0|0],4350434,0,0,0,6,0,[0|0]
243500435,,43500,435,2,0,[0|0],4350435,0,0,0,6,0,[0|0]
243500436,,43500,436,2,0,[0|0],4350436,0,0,0,6,0,[0|0]
243500440,,43500,440,2,0,[0|0],4350440,0,0,0,6,0,[0|0]
243500441,,43500,441,2,0,[0|0],4350441,0,0,0,6,0,[0|0]
243500442,,43500,442,2,0,[0|0],4350442,0,0,0,6,0,[0|0]
243500443,,43500,443,2,0,[0|0],4350443,0,0,0,6,0,[0|0]
243500444,,43500,444,2,0,[0|0],4350444,0,0,0,6,0,[0|0]
243500445,,43500,445,2,0,[0|0],4350445,0,0,0,6,0,[0|0]
243500446,,43500,446,2,0,[0|0],4350446,0,0,0,6,0,[0|0]
243500450,,43500,450,2,0,[0|0],4350450,0,0,0,6,0,[0|0]
243500451,,43500,451,2,0,[0|0],4350451,0,0,0,6,0,[0|0]
243500452,,43500,452,2,0,[0|0],4350452,0,0,0,6,0,[0|0]
243500453,,43500,453,2,0,[0|0],4350453,0,0,0,6,0,[0|0]
243500454,,43500,454,2,0,[0|0],4350454,0,0,0,6,0,[0|0]
243500455,,43500,455,2,0,[0|0],4350455,0,0,0,6,0,[0|0]
243500456,,43500,456,2,0,[0|0],4350456,0,0,0,6,0,[0|0]
243500460,,43500,460,2,0,[0|0],4350460,0,0,0,6,0,[0|0]
243500461,,43500,461,2,0,[0|0],4350461,0,0,0,6,0,[0|0]
243500462,,43500,462,2,0,[0|0],4350462,0,0,0,6,0,[0|0]
243500463,,43500,463,2,0,[0|0],4350463,0,0,0,6,0,[0|0]
243500464,,43500,464,2,0,[0|0],4350464,0,0,0,6,0,[0|0]
243500465,,43500,465,2,0,[0|0],4350465,0,0,0,6,0,[0|0]
243500466,,43500,466,2,0,[0|0],4350466,0,0,0,6,0,[0|0]
243500470,,43500,470,2,0,[0|0],4350470,0,0,0,6,0,[0|0]
243500471,,43500,471,2,0,[0|0],4350471,0,0,0,6,0,[0|0]
243500472,,43500,472,2,0,[0|0],4350472,0,0,0,6,0,[0|0]
243500473,,43500,473,2,0,[0|0],4350473,0,0,0,6,0,[0|0]
243500474,,43500,474,2,0,[0|0],4350474,0,0,0,6,0,[0|0]
243500475,,43500,475,2,0,[0|0],4350475,0,0,0,6,0,[0|0]
243500476,,43500,476,2,0,[0|0],4350476,0,0,0,6,0,[0|0]
243500480,,43500,480,2,0,[0|0],4350480,0,0,0,6,0,[0|0]
243500481,,43500,481,2,0,[0|0],4350481,0,0,0,6,0,[0|0]
243500482,,43500,482,2,0,[0|0],4350482,0,0,0,6,0,[0|0]
243500483,,43500,483,2,0,[0|0],4350483,0,0,0,6,0,[0|0]
243500484,,43500,484,2,0,[0|0],4350484,0,0,0,6,0,[0|0]
243500485,,43500,485,2,0,[0|0],4350485,0,0,0,6,0,[0|0]
243500486,,43500,486,2,0,[0|0],4350486,0,0,0,6,0,[0|0]
243500490,,43500,490,2,0,[0|0],4350490,0,0,0,6,0,[0|0]
243500491,,43500,491,2,0,[0|0],4350491,0,0,0,6,0,[0|0]
243500492,,43500,492,2,0,[0|0],4350492,0,0,0,6,0,[0|0]
243500493,,43500,493,2,0,[0|0],4350493,0,0,0,6,0,[0|0]
243500494,,43500,494,2,0,[0|0],4350494,0,0,0,6,0,[0|0]
243500495,,43500,495,2,0,[0|0],4350495,0,0,0,6,0,[0|0]
243500496,,43500,496,2,0,[0|0],4350496,0,0,0,6,0,[0|0]
243500500,,43500,500,2,0,[0|0],4350500,0,0,0,6,0,[0|0]
243500501,,43500,501,2,0,[0|0],4350501,0,0,0,6,0,[0|0]
243500502,,43500,502,2,0,[0|0],4350502,0,0,0,6,0,[0|0]
243500503,,43500,503,2,0,[0|0],4350503,0,0,0,6,0,[0|0]
243500504,,43500,504,2,0,[0|0],4350504,0,0,0,6,0,[0|0]
243500505,,43500,505,2,0,[0|0],4350505,0,0,0,6,0,[0|0]
243500506,,43500,506,2,0,[0|0],4350506,0,0,0,6,0,[0|0]
243500510,,43500,510,2,0,[0|0],4350510,0,0,0,6,0,[0|0]
243500511,,43500,511,2,0,[0|0],4350511,0,0,0,6,0,[0|0]
243500512,,43500,512,2,0,[0|0],4350512,0,0,0,6,0,[0|0]
243500513,,43500,513,2,0,[0|0],4350513,0,0,0,6,0,[0|0]
243500514,,43500,514,2,0,[0|0],4350514,0,0,0,6,0,[0|0]
243500515,,43500,515,2,0,[0|0],4350515,0,0,0,6,0,[0|0]
243500516,,43500,516,2,0,[0|0],4350516,0,0,0,6,0,[0|0]
243500520,,43500,520,2,0,[0|0],4350520,0,0,0,6,0,[0|0]
243500521,,43500,521,2,0,[0|0],4350521,0,0,0,6,0,[0|0]
243500522,,43500,522,2,0,[0|0],4350522,0,0,0,6,0,[0|0]
243500523,,43500,523,2,0,[0|0],4350523,0,0,0,6,0,[0|0]
243500524,,43500,524,2,0,[0|0],4350524,0,0,0,6,0,[0|0]
243500525,,43500,525,2,0,[0|0],4350525,0,0,0,6,0,[0|0]
243500526,,43500,526,2,0,[0|0],4350526,0,0,0,6,0,[0|0]
243500530,,43500,530,2,0,[0|0],4350530,0,0,0,6,0,[0|0]
243500531,,43500,531,2,0,[0|0],4350531,0,0,0,6,0,[0|0]
243500532,,43500,532,2,0,[0|0],4350532,0,0,0,6,0,[0|0]
243500533,,43500,533,2,0,[0|0],4350533,0,0,0,6,0,[0|0]
243500534,,43500,534,2,0,[0|0],4350534,0,0,0,6,0,[0|0]
243500535,,43500,535,2,0,[0|0],4350535,0,0,0,6,0,[0|0]
243500536,,43500,536,2,0,[0|0],4350536,0,0,0,6,0,[0|0]
243500540,,43500,540,2,0,[0|0],4350540,0,0,0,6,0,[0|0]
243500541,,43500,541,2,0,[0|0],4350541,0,0,0,6,0,[0|0]
243500542,,43500,542,2,0,[0|0],4350542,0,0,0,6,0,[0|0]
243500543,,43500,543,2,0,[0|0],4350543,0,0,0,6,0,[0|0]
243500550,,43500,550,2,1,[0|0],4350550,0,0,0,6,0,[0|0]
243500551,,43500,551,2,0,[0|0],4350551,0,0,0,6,0,[0|0]
243500560,,43500,560,2,1,[0|0],4350560,0,0,0,6,0,[0|0]
243500570,,43500,570,2,1,[0|0],4350570,0,0,0,6,0,[0|0]
243500571,,43500,571,2,1,[0|0],4350571,0,0,0,6,0,[0|0]
243500572,,43500,572,2,1,[0|0],4350572,0,0,0,6,0,[0|0]
243500573,,43500,573,2,1,[0|0],4350573,0,0,0,6,0,[0|0]
243500580,,43500,580,2,0,[0|0],4350580,0,0,0,6,0,[0|0]
243500590,,43500,590,2,1,[0|0],4350590,0,0,0,6,0,[0|0]
243500600,,43500,600,2,0,[0|0],4350600,0,0,0,6,0,[0|0]
243500601,,43500,601,2,0,[0|0],4350601,0,0,0,6,0,[0|0]
243500610,,43500,610,2,1,[0|0],4350610,0,0,0,6,0,[0|0]
243500650,,43500,650,2,1,[0|0],4350650,0,0,0,6,0,[0|0]
243500655,,43500,655,2,1,[0|0],4350655,0,0,0,6,0,[0|0]
243500660,,43500,660,2,1,[0|0],4350660,0,0,0,6,0,[0|0]
243500670,,43500,670,2,1,[0|0],4350670,0,0,0,6,0,[0|0]
243500671,,43500,671,2,1,[0|0],4350671,0,0,0,6,0,[0|0]
243500680,,43500,680,2,1,[0|0],4350680,0,0,0,6,0,[0|0]
243500681,,43500,681,2,1,[0|0],4350681,0,0,0,6,0,[0|0]
243500682,,43500,682,2,1,[0|0],4350682,0,0,0,6,0,[0|0]
243500683,,43500,683,2,1,[0|0],4350683,0,0,0,6,0,[0|0]
243500684,,43500,684,2,1,[0|0],4350684,0,0,0,6,0,[0|0]
243500685,,43500,685,2,1,[0|0],4350685,0,0,0,6,0,[0|0]
243500700,,43500,700,2,0,[0|0],4350700,0,0,0,6,0,[0|0]
243500701,,43500,701,2,0,[0|0],4350701,0,0,0,6,0,[0|0]
243500702,,43500,702,2,0,[0|0],4350702,0,0,0,6,0,[0|0]
243500703,,43500,703,2,0,[0|0],4350703,0,0,0,6,0,[0|0]
243500704,,43500,704,2,0,[0|0],4350704,0,0,0,6,0,[0|0]
243500705,,43500,705,2,0,[0|0],4350705,0,0,0,6,0,[0|0]
243500706,,43500,706,2,0,[0|0],4350706,0,0,0,6,0,[0|0]
243500710,,43500,710,2,0,[0|0],4350710,0,0,0,6,0,[0|0]
243500711,,43500,711,2,0,[0|0],4350711,0,0,0,6,0,[0|0]
243500712,,43500,712,2,0,[0|0],4350712,0,0,0,6,0,[0|0]
243500713,,43500,713,2,0,[0|0],4350713,0,0,0,6,0,[0|0]
243500714,,43500,714,2,0,[0|0],4350714,0,0,0,6,0,[0|0]
243500715,,43500,715,2,0,[0|0],4350715,0,0,0,6,0,[0|0]
243500716,,43500,716,2,0,[0|0],4350716,0,0,0,6,0,[0|0]
243500720,,43500,720,2,0,[0|0],4350720,0,0,0,6,0,[0|0]
243500721,,43500,721,2,0,[0|0],4350721,0,0,0,6,0,[0|0]
243500722,,43500,722,2,0,[0|0],4350722,0,0,0,6,0,[0|0]
243500723,,43500,723,2,0,[0|0],4350723,0,0,0,6,0,[0|0]
243500724,,43500,724,2,0,[0|0],4350724,0,0,0,6,0,[0|0]
243500725,,43500,725,2,0,[0|0],4350725,0,0,0,6,0,[0|0]
243500726,,43500,726,2,0,[0|0],4350726,0,0,0,6,0,[0|0]
243500730,,43500,730,2,0,[0|0],4350730,0,0,0,6,0,[0|0]
243500731,,43500,731,2,0,[0|0],4350731,0,0,0,6,0,[0|0]
243500732,,43500,732,2,0,[0|0],4350732,0,0,0,6,0,[0|0]
243500733,,43500,733,2,0,[0|0],4350733,0,0,0,6,0,[0|0]
243500734,,43500,734,2,0,[0|0],4350734,0,0,0,6,0,[0|0]
243500735,,43500,735,2,0,[0|0],4350735,0,0,0,6,0,[0|0]
243500736,,43500,736,2,0,[0|0],4350736,0,0,0,6,0,[0|0]
243500740,,43500,740,2,0,[0|0],4350740,0,0,0,6,0,[0|0]
243500741,,43500,741,2,0,[0|0],4350741,0,0,0,6,0,[0|0]
243500742,,43500,742,2,0,[0|0],4350742,0,0,0,6,0,[0|0]
243500743,,43500,743,2,0,[0|0],4350743,0,0,0,6,0,[0|0]
243500744,,43500,744,2,0,[0|0],4350744,0,0,0,6,0,[0|0]
243500745,,43500,745,2,0,[0|0],4350745,0,0,0,6,0,[0|0]
243500746,,43500,746,2,0,[0|0],4350746,0,0,0,6,0,[0|0]
243500750,,43500,750,2,0,[0|0],4350750,0,0,0,6,0,[0|0]
243500751,,43500,751,2,0,[0|0],4350751,0,0,0,6,0,[0|0]
243500752,,43500,752,2,0,[0|0],4350752,0,0,0,6,0,[0|0]
243500753,,43500,753,2,0,[0|0],4350753,0,0,0,6,0,[0|0]
243500754,,43500,754,2,0,[0|0],4350754,0,0,0,6,0,[0|0]
243500755,,43500,755,2,0,[0|0],4350755,0,0,0,6,0,[0|0]
243500756,,43500,756,2,0,[0|0],4350756,0,0,0,6,0,[0|0]
243500760,,43500,760,2,0,[0|0],4350760,0,0,0,6,0,[0|0]
243500761,,43500,761,2,0,[0|0],4350761,0,0,0,6,0,[0|0]
243500762,,43500,762,2,0,[0|0],4350762,0,0,0,6,0,[0|0]
243500763,,43500,763,2,0,[0|0],4350763,0,0,0,6,0,[0|0]
243500764,,43500,764,2,0,[0|0],4350764,0,0,0,6,0,[0|0]
243500765,,43500,765,2,0,[0|0],4350765,0,0,0,6,0,[0|0]
243500766,,43500,766,2,0,[0|0],4350766,0,0,0,6,0,[0|0]
243500770,,43500,770,2,0,[0|0],4350770,0,0,0,6,0,[0|0]
243500771,,43500,771,2,0,[0|0],4350771,0,0,0,6,0,[0|0]
243500772,,43500,772,2,0,[0|0],4350772,0,0,0,6,0,[0|0]
243500773,,43500,773,2,0,[0|0],4350773,0,0,0,6,0,[0|0]
243500774,,43500,774,2,0,[0|0],4350774,0,0,0,6,0,[0|0]
243500775,,43500,775,2,0,[0|0],4350775,0,0,0,6,0,[0|0]
243500776,,43500,776,2,0,[0|0],4350776,0,0,0,6,0,[0|0]
243500780,,43500,780,2,1,[0|0],4350780,0,0,0,6,0,[0|0]
243500790,,43500,790,2,1,[0|0],4350790,0,0,0,6,0,[0|0]
243500791,,43500,791,2,1,[0|0],4350791,0,0,0,6,0,[0|0]
243500792,,43500,792,2,1,[0|0],4350792,0,0,0,6,0,[0|0]
243500793,,43500,793,2,0,[0|0],4350793,0,0,0,6,0,[0|0]
243500800,,43500,800,2,0,[0|0],4350800,0,0,0,6,0,[0|0]
243500801,,43500,801,2,0,[0|0],4350801,0,0,0,6,0,[0|0]
243500810,,43500,810,2,1,[0|0],4350810,0,0,0,6,0,[0|0]
243500811,,43500,811,2,1,[0|0],4350811,0,0,0,6,0,[0|0]
243500820,,43500,820,2,1,[0|0],4350820,0,0,0,6,0,[0|0]
243500821,,43500,821,2,1,[0|0],4350821,0,0,0,6,0,[0|0]
243500822,,43500,822,2,1,[0|0],4350822,0,0,0,6,0,[0|0]
243500823,,43500,823,2,1,[0|0],4350823,0,0,0,6,0,[0|0]
243500824,,43500,824,2,1,[0|0],4350824,0,0,0,6,0,[0|0]
243500830,,43500,830,2,0,[0|0],4350830,0,0,0,6,0,[0|0]
243500832,,43500,832,2,0,[0|0],4350832,0,0,0,6,0,[0|0]
243500900,,43500,900,2,0,[0|0],4350900,0,0,0,6,0,[0|0]
243600100,,43600,100,2,0,[0|0],4360100,0,0,0,6,0,[0|0]
243600110,,43600,110,2,0,[0|0],4360110,0,0,0,6,0,[0|0]
243700100,,43700,100,2,0,[0|0],4370100,0,0,0,6,0,[0|0]
243700105,,43700,105,2,0,[0|0],4370105,0,0,0,6,0,[0|0]
243700110,,43700,110,2,1,[0|0],4370110,0,0,0,6,0,[0|0]
243700120,,43700,120,2,1,[0|0],4370120,0,0,0,6,0,[0|0]
243700130,,43700,130,2,1,[0|0],4370130,0,0,0,6,0,[0|0]
243700140,,43700,140,2,1,[0|0],4370140,0,0,0,6,0,[0|0]
243700150,,43700,150,2,1,[0|0],4370150,0,0,0,6,0,[0|0]
243700200,,43700,200,2,0,[0|0],4370200,0,0,0,6,0,[0|0]
243700210,,43700,210,2,0,[0|0],4370210,0,0,0,6,0,[0|0]
243700220,,43700,220,2,0,[0|0],4370220,0,0,0,6,0,[0|0]
243700230,,43700,230,2,0,[0|0],4370230,0,0,0,6,0,[0|0]
243700240,,43700,240,2,0,[0|0],4370240,0,0,0,6,0,[0|0]
243700250,,43700,250,2,0,[0|0],4370250,0,0,0,6,0,[0|0]
243700260,,43700,260,2,1,[0|0],4370260,0,0,0,6,0,[0|0]
243700270,,43700,270,2,1,[0|0],4370270,0,0,0,6,0,[0|0]
243700280,,43700,280,2,1,[0|0],4370280,0,0,0,6,0,[0|0]
243700290,,43700,290,2,1,[0|0],4370290,0,0,0,6,0,[0|0]
243700300,,43700,300,2,0,[0|0],4370300,0,0,0,6,0,[0|0]
243700301,,43700,301,2,0,[0|0],4370301,0,0,0,6,0,[0|0]
243700310,,43700,310,2,0,[0|0],4370310,0,0,0,6,0,[0|0]
243700311,,43700,311,2,0,[0|0],4370311,0,0,0,6,0,[0|0]
243700370,,43700,370,2,1,[0|0],4370370,0,0,0,6,0,[0|0]
243700500,,43700,500,2,0,[0|0],4370500,0,0,0,6,0,[0|0]
243700501,,43700,501,2,0,[0|0],4370501,0,0,0,6,0,[0|0]
243700505,,43700,505,2,0,[0|0],4370505,0,0,0,6,0,[0|0]
243700506,,43700,506,2,0,[0|0],4370506,0,0,0,6,0,[0|0]
243700510,,43700,510,2,0,[0|0],4370510,0,0,0,6,0,[0|0]
243700511,,43700,511,2,0,[0|0],4370511,0,0,0,6,0,[0|0]
243700512,,43700,512,2,0,[0|0],4370512,0,0,0,6,0,[0|0]
243700513,,43700,513,2,0,[0|0],4370513,0,0,0,6,0,[0|0]
243700515,,43700,515,2,0,[0|0],4370515,0,0,0,6,0,[0|0]
243700516,,43700,516,2,0,[0|0],4370516,0,0,0,6,0,[0|0]
243700517,,43700,517,2,0,[0|0],4370517,0,0,0,6,0,[0|0]
243700518,,43700,518,2,0,[0|0],4370518,0,0,0,6,0,[0|0]
243700600,,43700,600,2,0,[0|0],4370600,0,0,0,6,0,[0|0]
243700601,,43700,601,2,0,[0|0],4370601,0,0,0,6,0,[0|0]
243700610,,43700,610,2,0,[0|0],4370610,0,0,0,6,0,[0|0]
243700611,,43700,611,2,0,[0|0],4370611,0,0,0,6,0,[0|0]
243700620,,43700,620,2,0,[0|0],4370620,0,0,0,6,0,[0|0]
243700621,,43700,621,2,0,[0|0],4370621,0,0,0,6,0,[0|0]
243700700,,43700,700,2,0,[0|0],4370700,0,0,0,6,0,[0|0]
243700701,,43700,701,2,0,[0|0],4370701,0,0,0,6,0,[0|0]
243700702,,43700,702,2,0,[0|0],4370702,0,0,0,6,0,[0|0]
243700703,,43700,703,2,0,[0|0],4370703,0,0,0,6,0,[0|0]
243700704,,43700,704,2,1,[0|0],4370704,0,0,0,6,0,[0|0]
243700710,,43700,710,2,0,[0|0],4370710,0,0,0,6,0,[0|0]
243700711,,43700,711,2,0,[0|0],4370711,0,0,0,6,0,[0|0]
243700720,,43700,720,2,0,[0|0],4370720,0,0,0,6,0,[0|0]
243700721,,43700,721,2,0,[0|0],4370721,0,0,0,6,0,[0|0]
243700900,,43700,900,2,1,[0|0],4370900,0,0,0,6,0,[0|0]
243800100,,43800,100,2,0,[0|0],4380100,0,0,0,6,0,[0|0]
243800110,,43800,110,2,0,[0|0],4380110,0,0,0,6,0,[0|0]
243800120,,43800,120,2,0,[0|0],4380120,0,0,0,6,0,[0|0]
243800130,,43800,130,2,0,[0|0],4380130,0,0,0,6,0,[0|0]
243800140,,43800,140,2,0,[0|0],4380140,0,0,0,6,0,[0|0]
243800150,,43800,150,2,0,[0|0],4380150,0,0,0,6,0,[0|0]
243800160,,43800,160,2,1,[0|0],4380160,0,0,0,6,0,[0|0]
243800161,,43800,161,2,1,[0|0],4380161,0,0,0,6,0,[0|0]
243800162,,43800,162,2,1,[0|0],4380162,0,0,0,6,0,[0|0]
243800170,,43800,170,2,1,[0|0],4380170,0,0,0,6,0,[0|0]
243800171,,43800,171,2,1,[0|0],4380171,0,0,0,6,0,[0|0]
243800172,,43800,172,2,1,[0|0],4380172,0,0,0,6,0,[0|0]
243800180,,43800,180,2,1,[0|0],4380180,0,0,0,6,0,[0|0]
243800181,,43800,181,2,1,[0|0],4380181,0,0,0,6,0,[0|0]
243800182,,43800,182,2,1,[0|0],4380182,0,0,0,6,0,[0|0]
243800190,,43800,190,2,1,[0|0],4380190,0,0,0,6,0,[0|0]
243800191,,43800,191,2,1,[0|0],4380191,0,0,0,6,0,[0|0]
243800192,,43800,192,2,1,[0|0],4380192,0,0,0,6,0,[0|0]
243800200,,43800,200,2,0,[0|0],4380200,0,0,0,6,0,[0|0]
243800210,,43800,210,2,0,[0|0],4380210,0,0,0,6,0,[0|0]
243800220,,43800,220,2,0,[0|0],4380220,0,0,0,6,0,[0|0]
243800230,,43800,230,2,0,[0|0],4380230,0,0,0,6,0,[0|0]
243800240,,43800,240,2,0,[0|0],4380240,0,0,0,6,0,[0|0]
243800241,,43800,241,2,0,[0|0],4380241,0,0,0,6,0,[0|0]
243800250,,43800,250,2,0,[0|0],4380250,0,0,0,6,0,[0|0]
243800251,,43800,251,2,0,[0|0],4380251,0,0,0,6,0,[0|0]
243800252,,43800,252,2,1,[0|0],4380252,0,0,0,6,0,[0|0]
243800253,,43800,253,2,1,[0|0],4380253,0,0,0,6,0,[0|0]
243800260,,43800,260,2,0,[0|0],4380260,0,0,0,6,0,[0|0]
243800261,,43800,261,2,1,[0|0],4380261,0,0,0,6,0,[0|0]
243800270,,43800,270,2,0,[0|0],4380270,0,0,0,6,0,[0|0]
243800271,,43800,271,2,1,[0|0],4380271,0,0,0,6,0,[0|0]
243800280,,43800,280,2,0,[0|0],4380280,0,0,0,6,0,[0|0]
243800281,,43800,281,2,1,[0|0],4380281,0,0,0,6,0,[0|0]
243810100,,43810,100,2,0,[0|0],4381100,0,0,0,6,0,[0|0]
243810101,,43810,101,2,0,[0|0],4381101,0,0,0,6,0,[0|0]
243810102,,43810,102,2,0,[0|0],4381102,0,0,0,6,0,[0|0]
243810103,,43810,103,2,0,[0|0],4381103,0,0,0,6,0,[0|0]
243810110,,43810,110,2,0,[0|0],4381110,0,0,0,6,0,[0|0]
243810111,,43810,111,2,0,[0|0],4381111,0,0,0,6,0,[0|0]
243810112,,43810,112,2,0,[0|0],4381112,0,0,0,6,0,[0|0]
243810113,,43810,113,2,0,[0|0],4381113,0,0,0,6,0,[0|0]
243810120,,43810,120,2,0,[0|0],4381120,0,0,0,6,0,[0|0]
243810122,,43810,122,2,0,[0|0],4381122,0,0,0,6,0,[0|0]
243810130,,43810,130,2,0,[0|0],4381130,0,0,0,6,0,[0|0]
243810132,,43810,132,2,0,[0|0],4381132,0,0,0,6,0,[0|0]
243810140,,43810,140,2,0,[0|0],4381140,0,0,0,6,0,[0|0]
243810141,,43810,141,2,0,[0|0],4381141,0,0,0,6,0,[0|0]
243810142,,43810,142,2,0,[0|0],4381142,0,0,0,6,0,[0|0]
243810143,,43810,143,2,0,[0|0],4381143,0,0,0,6,0,[0|0]
243810150,,43810,150,2,0,[0|0],4381150,0,0,0,6,0,[0|0]
243810151,,43810,151,2,0,[0|0],4381151,0,0,0,6,0,[0|0]
243810152,,43810,152,2,0,[0|0],4381152,0,0,0,6,0,[0|0]
243810153,,43810,153,2,0,[0|0],4381153,0,0,0,6,0,[0|0]
243810160,,43810,160,2,0,[0|0],4381160,0,0,0,6,0,[0|0]
243810161,,43810,161,2,0,[0|0],4381161,0,0,0,6,0,[0|0]
243810162,,43810,162,2,0,[0|0],4381162,0,0,0,6,0,[0|0]
243810163,,43810,163,2,0,[0|0],4381163,0,0,0,6,0,[0|0]
243810164,,43810,164,2,0,[0|0],4381164,0,0,0,6,0,[0|0]
243810165,,43810,165,2,0,[0|0],4381165,0,0,0,6,0,[0|0]
243810170,,43810,170,2,0,[0|0],4381170,0,0,0,6,0,[0|0]
243810171,,43810,171,2,0,[0|0],4381171,0,0,0,6,0,[0|0]
243810172,,43810,172,2,0,[0|0],4381172,0,0,0,6,0,[0|0]
243810173,,43810,173,2,0,[0|0],4381173,0,0,0,6,0,[0|0]
243810174,,43810,174,2,0,[0|0],4381174,0,0,0,6,0,[0|0]
243810175,,43810,175,2,0,[0|0],4381175,0,0,0,6,0,[0|0]
243810176,,43810,176,2,0,[0|0],4381176,0,0,0,6,0,[0|0]
243810177,,43810,177,2,0,[0|0],4381177,0,0,0,6,0,[0|0]
243810180,,43810,180,2,1,[0|0],4381180,0,0,0,6,0,[0|0]
243810181,,43810,181,2,1,[0|0],4381181,0,0,0,6,0,[0|0]
243810182,,43810,182,2,1,[0|0],4381182,0,0,0,6,0,[0|0]
243810190,,43810,190,2,1,[0|0],4381190,0,0,0,6,0,[0|0]
243810191,,43810,191,2,1,[0|0],4381191,0,0,0,6,0,[0|0]
243810192,,43810,192,2,1,[0|0],4381192,0,0,0,6,0,[0|0]
243810193,,43810,193,2,1,[0|0],4381193,0,0,0,6,0,[0|0]
243810194,,43810,194,2,1,[0|0],4381194,0,0,0,6,0,[0|0]
243810195,,43810,195,2,1,[0|0],4381195,0,0,0,6,0,[0|0]
243810210,,43810,210,2,0,[0|0],4381210,0,0,0,6,0,[0|0]
243810212,,43810,212,2,0,[0|0],4381212,0,0,0,6,0,[0|0]
243810220,,43810,220,2,0,[0|0],4381220,0,0,0,6,0,[0|0]
243810221,,43810,221,2,0,[0|0],4381221,0,0,0,6,0,[0|0]
243810222,,43810,222,2,0,[0|0],4381222,0,0,0,6,0,[0|0]
243810223,,43810,223,2,0,[0|0],4381223,0,0,0,6,0,[0|0]
243810224,,43810,224,2,0,[0|0],4381224,0,0,0,6,0,[0|0]
243810225,,43810,225,2,0,[0|0],4381225,0,0,0,6,0,[0|0]
243820100,,43820,100,2,0,[0|0],4382100,0,0,0,6,0,[0|0]
243820101,,43820,101,2,0,[0|0],4382101,0,0,0,6,0,[0|0]
243820110,,43820,110,2,0,[0|0],4382110,0,0,0,6,0,[0|0]
243820111,,43820,111,2,0,[0|0],4382111,0,0,0,6,0,[0|0]
243820120,,43820,120,2,0,[0|0],4382120,0,0,0,6,0,[0|0]
243820121,,43820,121,2,0,[0|0],4382121,0,0,0,6,0,[0|0]
243820130,,43820,130,2,0,[0|0],4382130,0,0,0,6,0,[0|0]
243820131,,43820,131,2,0,[0|0],4382131,0,0,0,6,0,[0|0]
243820140,,43820,140,2,1,[0|0],4382140,0,0,0,6,0,[0|0]
243820150,,43820,150,2,1,[0|0],4382150,0,0,0,6,0,[0|0]
243820160,,43820,160,2,0,[0|0],4382160,0,0,0,7,0,[0|0]
243820170,,43820,170,2,0,[0|0],4382170,0,0,0,6,0,[0|0]
243820171,,43820,171,2,0,[0|0],4382171,0,0,0,6,0,[0|0]
243820180,,43820,180,2,0,[0|0],4382180,0,0,0,6,0,[0|0]
243820181,,43820,181,2,0,[0|0],4382181,0,0,0,6,0,[0|0]
243820190,,43820,190,2,0,[0|0],4382190,0,0,0,6,0,[0|0]
243820191,,43820,191,2,0,[0|0],4382191,0,0,0,6,0,[0|0]
243820192,,43820,192,2,0,[0|0],4382192,0,0,0,6,0,[0|0]
243820193,,43820,193,2,0,[0|0],4382193,0,0,0,6,0,[0|0]
243820200,,43820,200,2,0,[0|0],4382200,0,0,0,6,0,[0|0]
243820201,,43820,201,2,0,[0|0],4382201,0,0,0,6,0,[0|0]
243820210,,43820,210,2,0,[0|0],4382210,0,0,0,7,0,[0|0]
243820220,,43820,220,2,0,[0|0],4382220,0,0,0,6,0,[0|0]
243820221,,43820,221,2,0,[0|0],4382221,0,0,0,6,0,[0|0]
243820230,,43820,230,2,0,[0|0],4382230,0,0,0,6,0,[0|0]
243820231,,43820,231,2,0,[0|0],4382231,0,0,0,6,0,[0|0]
243820240,,43820,240,2,1,[0|0],4382240,0,0,0,6,0,[0|0]
243820250,,43820,250,2,1,[0|0],4382250,0,0,0,6,0,[0|0]
243820251,,43820,251,2,1,[0|0],4382251,0,0,0,6,0,[0|0]
243820260,,43820,260,2,1,[0|0],4382260,0,0,0,6,0,[0|0]
243820261,,43820,261,2,1,[0|0],4382261,0,0,0,6,0,[0|0]
243820270,,43820,270,2,1,[0|0],4382270,0,0,0,6,0,[0|0]
243820271,,43820,271,2,1,[0|0],4382271,0,0,0,6,0,[0|0]
243820280,,43820,280,2,1,[0|0],4382280,0,0,0,6,0,[0|0]
243820290,,43820,290,2,1,[0|0],4382290,0,0,0,6,0,[0|0]
243820291,,43820,291,2,1,[0|0],4382291,0,0,0,6,0,[0|0]
243820300,,43820,300,2,1,[0|0],4382300,0,0,0,6,0,[0|0]
243830100,,43830,100,2,0,[0|0],4383100,0,0,0,6,0,[0|0]
243830110,,43830,110,2,0,[0|0],4383110,0,0,0,6,0,[0|0]
243830120,,43830,120,2,0,[0|0],4383120,0,0,0,6,0,[0|0]
243830130,,43830,130,2,0,[0|0],4383130,0,0,0,6,0,[0|0]
243830140,,43830,140,2,0,[0|0],4383140,0,0,0,6,0,[0|0]
243830141,,43830,141,2,1,[0|0],4383141,0,0,0,6,0,[0|0]
243830150,,43830,150,2,0,[0|0],4383150,0,0,0,6,0,[0|0]
243830151,,43830,151,2,1,[0|0],4383151,0,0,0,6,0,[0|0]
243830160,,43830,160,2,1,[0|0],4383160,0,0,0,6,0,[0|0]
243830170,,43830,170,2,1,[0|0],4383170,0,0,0,6,0,[0|0]
243830171,,43830,171,2,1,[0|0],4383171,0,0,0,6,0,[0|0]
243830172,,43830,172,2,1,[0|0],4383172,0,0,0,6,0,[0|0]
243830173,,43830,173,2,1,[0|0],4383173,0,0,0,6,0,[0|0]
243830180,,43830,180,2,1,[0|0],4383180,0,0,0,6,0,[0|0]
243830181,,43830,181,2,1,[0|0],4383181,0,0,0,6,0,[0|0]
243830182,,43830,182,2,1,[0|0],4383182,0,0,0,6,0,[0|0]
243830183,,43830,183,2,1,[0|0],4383183,0,0,0,6,0,[0|0]
243830184,,43830,184,2,1,[0|0],4383184,0,0,0,6,0,[0|0]
243830185,,43830,185,2,1,[0|0],4383185,0,0,0,6,0,[0|0]
243830186,,43830,186,2,1,[0|0],4383186,0,0,0,6,0,[0|0]
243840100,,43840,100,2,0,[0|0],4384100,0,0,0,6,0,[0|0]
243840110,,43840,110,2,0,[0|0],4384110,0,0,0,6,0,[0|0]
243840120,,43840,120,2,0,[0|0],4384120,0,0,0,6,0,[0|0]
243840130,,43840,130,2,0,[0|0],4384130,0,0,0,6,0,[0|0]
243840140,,43840,140,2,0,[0|0],4384140,0,0,0,6,0,[0|0]
243840141,,43840,141,2,1,[0|0],4384141,0,0,0,6,0,[0|0]
243840150,,43840,150,2,0,[0|0],4384150,0,0,0,6,0,[0|0]
243840151,,43840,151,2,1,[0|0],4384151,0,0,0,6,0,[0|0]
243840160,,43840,160,2,0,[0|0],4384160,0,0,0,6,0,[0|0]
243840161,,43840,161,2,0,[0|0],4384161,0,0,0,6,0,[0|0]
243840162,,43840,162,2,1,[0|0],4384162,0,0,0,6,0,[0|0]
243850300,,43850,300,2,0,[0|0],4385300,0,0,0,6,0,[0|0]
243850310,,43850,310,2,0,[0|0],4385310,0,0,0,6,0,[0|0]
243850320,,43850,320,2,0,[0|0],4385320,0,0,0,6,0,[0|0]
243850330,,43850,330,2,1,[0|0],4385330,0,0,0,6,0,[0|0]
243850331,,43850,331,2,1,[0|0],4385331,0,0,0,6,0,[0|0]
243850332,,43850,332,2,1,[0|0],4385332,0,0,0,6,0,[0|0]
243850333,,43850,333,2,1,[0|0],4385333,0,0,0,6,0,[0|0]
243850334,,43850,334,2,1,[0|0],4385334,0,0,0,6,0,[0|0]
243850340,,43850,340,2,1,[0|0],4385340,0,0,0,6,0,[0|0]
243850341,,43850,341,2,1,[0|0],4385341,0,0,0,6,0,[0|0]
243850342,,43850,342,2,1,[0|0],4385342,0,0,0,6,0,[0|0]
243850343,,43850,343,2,1,[0|0],4385343,0,0,0,6,0,[0|0]
243850350,,43850,350,2,1,[0|0],4385350,0,0,0,6,0,[0|0]
243850351,,43850,351,2,1,[0|0],4385351,0,0,0,6,0,[0|0]
243850352,,43850,352,2,1,[0|0],4385352,0,0,0,6,0,[0|0]
243850353,,43850,353,2,1,[0|0],4385353,0,0,0,6,0,[0|0]
243850360,,43850,360,2,1,[0|0],4385360,0,0,0,6,0,[0|0]
243850361,,43850,361,2,1,[0|0],4385361,0,0,0,6,0,[0|0]
243850362,,43850,362,2,1,[0|0],4385362,0,0,0,6,0,[0|0]
243850363,,43850,363,2,1,[0|0],4385363,0,0,0,6,0,[0|0]
243850370,,43850,370,2,1,[0|0],4385370,0,0,0,6,0,[0|0]
243850371,,43850,371,2,1,[0|0],4385371,0,0,0,6,0,[0|0]
243850372,,43850,372,2,1,[0|0],4385372,0,0,0,6,0,[0|0]
243850373,,43850,373,2,1,[0|0],4385373,0,0,0,6,0,[0|0]
244100100,,44100,100,2,0,[0|0],4410100,0,0,0,6,0,[0|0]
244100110,,44100,110,2,0,[0|0],4410110,0,0,0,6,0,[0|0]
244100111,,44100,111,2,0,[0|0],4410111,0,0,0,6,0,[0|0]
244100120,,44100,120,2,0,[0|0],4410120,0,0,0,6,0,[0|0]
244100130,,44100,130,2,0,[0|0],4410130,0,0,0,6,0,[0|0]
244100131,,44100,131,2,0,[0|0],4410131,0,0,0,6,0,[0|0]
244100140,,44100,140,2,0,[0|0],4410140,0,0,0,6,0,[0|0]
244100150,,44100,150,2,0,[0|0],4410150,0,0,0,6,0,[0|0]
244100160,,44100,160,2,0,[0|0],4410160,0,0,0,6,0,[0|0]
244100170,,44100,170,2,0,[0|0],4410170,0,0,0,6,0,[0|0]
244100171,,44100,171,2,0,[0|0],4410171,0,0,0,6,0,[0|0]
244100180,,44100,180,2,0,[0|0],4410180,0,0,0,6,0,[0|0]
244100190,,44100,190,2,0,[0|0],4410190,0,0,0,6,0,[0|0]
244100191,,44100,191,2,0,[0|0],4410191,0,0,0,6,0,[0|0]
244100192,,44100,192,2,1,[0|0],4410192,0,0,0,6,0,[0|0]
244100200,,44100,200,2,0,[0|0],4410200,0,0,0,6,0,[0|0]
244100201,,44100,201,2,0,[0|0],4410201,0,0,0,6,0,[0|0]
244100202,,44100,202,2,0,[0|0],4410202,0,0,0,6,0,[0|0]
244100203,,44100,203,2,0,[0|0],4410203,0,0,0,6,0,[0|0]
244100204,,44100,204,2,0,[0|0],4410204,0,0,0,6,0,[0|0]
244100205,,44100,205,2,0,[0|0],4410205,0,0,0,6,0,[0|0]
244100206,,44100,206,2,0,[0|0],4410206,0,0,0,6,0,[0|0]
244100207,,44100,207,2,0,[0|0],4410207,0,0,0,6,0,[0|0]
244100208,,44100,208,2,0,[0|0],4410208,0,0,0,6,0,[0|0]
244100300,,44100,300,2,0,[0|0],4410300,0,0,0,6,0,[0|0]
244100301,,44100,301,2,0,[0|0],4410301,0,0,0,6,0,[0|0]
244100311,,44100,311,2,0,[0|0],4410311,0,0,0,6,0,[0|0]
244100400,,44100,400,2,1,[0|0],4410400,0,0,0,6,0,[0|0]
244100401,,44100,401,2,1,[0|0],4410401,0,0,0,6,0,[0|0]
244100402,,44100,402,2,1,[0|0],4410402,0,0,0,6,0,[0|0]
244100500,,44100,500,2,0,[0|0],4410500,0,0,0,6,0,[0|0]
244100510,,44100,510,2,0,[0|0],4410510,0,0,0,6,0,[0|0]
244100600,,44100,600,2,0,[0|0],4410600,0,0,0,6,0,[0|0]
244100610,,44100,610,2,0,[0|0],4410610,0,0,0,6,0,[0|0]
244100620,,44100,620,2,0,[0|0],4410620,0,0,0,6,0,[0|0]
244100630,,44100,630,2,0,[0|0],4410630,0,0,0,6,0,[0|0]
244100640,,44100,640,2,0,[0|0],4410640,0,0,0,6,0,[0|0]
244100650,,44100,650,2,0,[0|0],4410650,0,0,0,6,0,[0|0]
244200100,,44200,100,2,0,[0|0],4420100,0,0,0,6,0,[0|0]
244200110,,44200,110,2,0,[0|0],4420110,0,0,0,6,0,[0|0]
244200120,,44200,120,2,0,[0|0],4420120,0,0,0,6,0,[0|0]
244200130,,44200,130,2,0,[0|0],4420130,0,0,0,6,0,[0|0]
244200140,,44200,140,2,0,[0|0],4420140,0,0,0,6,0,[0|0]
244200150,,44200,150,2,0,[0|0],4420150,0,0,0,6,0,[0|0]
244200151,,44200,151,2,0,[0|0],4420151,0,0,0,6,0,[0|0]
244200160,,44200,160,2,0,[0|0],4420160,0,0,0,6,0,[0|0]
244200170,,44200,170,2,0,[0|0],4420170,0,0,0,6,0,[0|0]
244200180,,44200,180,2,0,[0|0],4420180,0,0,0,6,0,[0|0]
244200190,,44200,190,2,0,[0|0],4420190,0,0,0,6,0,[0|0]
244200200,,44200,200,2,1,[0|0],4420200,0,0,0,6,0,[0|0]
244200210,,44200,210,2,1,[0|0],4420210,0,0,0,6,0,[0|0]
244200220,,44200,220,2,1,[0|0],4420220,0,0,0,6,0,[0|0]
244200230,,44200,230,2,1,[0|0],4420230,0,0,0,6,0,[0|0]
244200240,,44200,240,2,1,[0|0],4420240,0,0,0,6,0,[0|0]
244200300,,44200,300,2,0,[0|0],4420300,0,0,0,6,0,[0|0]
244200400,,44200,400,2,0,[0|0],4420400,0,0,0,6,0,[0|0]
244200410,,44200,410,2,0,[0|0],4420410,0,0,0,6,0,[0|0]
244200420,,44200,420,2,0,[0|0],4420420,0,0,0,6,0,[0|0]
244200430,,44200,430,2,0,[0|0],4420430,0,0,0,6,0,[0|0]
244200440,,44200,440,2,0,[0|0],4420440,0,0,0,6,0,[0|0]
244200450,,44200,450,2,0,[0|0],4420450,0,0,0,6,0,[0|0]
244200451,,44200,451,2,0,[0|0],4420451,0,0,0,6,0,[0|0]
244200460,,44200,460,2,0,[0|0],4420460,0,0,0,6,0,[0|0]
244200470,,44200,470,2,0,[0|0],4420470,0,0,0,6,0,[0|0]
244200480,,44200,480,2,0,[0|0],4420480,0,0,0,6,0,[0|0]
244200490,,44200,490,2,0,[0|0],4420490,0,0,0,6,0,[0|0]
244200500,,44200,500,2,1,[0|0],4420500,0,0,0,6,0,[0|0]
244200510,,44200,510,2,1,[0|0],4420510,0,0,0,6,0,[0|0]
244200520,,44200,520,2,1,[0|0],4420520,0,0,0,6,0,[0|0]
244200530,,44200,530,2,1,[0|0],4420530,0,0,0,6,0,[0|0]
244200540,,44200,540,2,1,[0|0],4420540,0,0,0,6,0,[0|0]
244200990,,44200,990,2,0,[0|0],4420990,0,0,0,6,0,[0|0]
244300100,,44300,100,2,0,[0|0],4430100,0,0,0,6,0,[0|0]
244300110,,44300,110,2,0,[0|0],4430110,0,0,0,6,0,[0|0]
244300120,,44300,120,2,0,[0|0],4430120,0,0,0,6,0,[0|0]
244300130,,44300,130,2,0,[0|0],4430130,0,0,0,6,0,[0|0]
244300140,,44300,140,2,0,[0|0],4430140,0,0,0,6,0,[0|0]
244300141,,44300,141,2,0,[0|0],4430141,0,0,0,6,0,[0|0]
244300142,,44300,142,2,0,[0|0],4430142,0,0,0,6,0,[0|0]
244300143,,44300,143,2,0,[0|0],4430143,0,0,0,6,0,[0|0]
244300150,,44300,150,2,0,[0|0],4430150,0,0,0,6,0,[0|0]
244300151,,44300,151,2,0,[0|0],4430151,0,0,0,6,0,[0|0]
244300160,,44300,160,2,0,[0|0],4430160,0,0,0,6,0,[0|0]
244300161,,44300,161,2,0,[0|0],4430161,0,0,0,6,0,[0|0]
244300162,,44300,162,2,0,[0|0],4430162,0,0,0,6,0,[0|0]
244300163,,44300,163,2,0,[0|0],4430163,0,0,0,6,0,[0|0]
244300164,,44300,164,2,0,[0|0],4430164,0,0,0,6,0,[0|0]
244300165,,44300,165,2,0,[0|0],4430165,0,0,0,6,0,[0|0]
244300170,,44300,170,2,0,[0|0],4430170,0,0,0,6,0,[0|0]
244300171,,44300,171,2,0,[0|0],4430171,0,0,0,6,0,[0|0]
244300180,,44300,180,2,0,[0|0],4430180,0,0,0,6,0,[0|0]
244300181,,44300,181,2,0,[0|0],4430181,0,0,0,6,0,[0|0]
244300182,,44300,182,2,0,[0|0],4430182,0,0,0,6,0,[0|0]
244300183,,44300,183,2,0,[0|0],4430183,0,0,0,6,0,[0|0]
244300190,,44300,190,2,0,[0|0],4430190,0,0,0,6,0,[0|0]
244300191,,44300,191,2,0,[0|0],4430191,0,0,0,6,0,[0|0]
244300192,,44300,192,2,0,[0|0],4430192,0,0,0,6,0,[0|0]
244300193,,44300,193,2,0,[0|0],4430193,0,0,0,6,0,[0|0]
244300194,,44300,194,2,0,[0|0],4430194,0,0,0,6,0,[0|0]
244300195,,44300,195,2,0,[0|0],4430195,0,0,0,6,0,[0|0]
244300196,,44300,196,2,0,[0|0],4430196,0,0,0,6,0,[0|0]
244300197,,44300,197,2,0,[0|0],4430197,0,0,0,6,0,[0|0]
244300198,,44300,198,2,0,[0|0],4430198,0,0,0,6,0,[0|0]
244300199,,44300,199,2,0,[0|0],4430199,0,0,0,6,0,[0|0]
244300200,,44300,200,2,1,[0|0],4430200,0,0,0,6,0,[0|0]
244300300,,44300,300,2,1,[0|0],4430300,0,0,0,6,0,[0|0]
244400100,,44400,100,2,1,[0|0],4440100,0,0,0,6,0,[0|0]
244400110,,44400,110,2,1,[0|0],4440110,0,0,0,6,0,[0|0]
244400120,,44400,120,2,0,[0|0],4440120,0,0,0,6,0,[0|0]
244400121,,44400,121,2,0,[0|0],4440121,0,0,0,6,0,[0|0]
244400122,,44400,122,2,0,[0|0],4440122,0,0,0,6,0,[0|0]
244400123,,44400,123,2,0,[0|0],4440123,0,0,0,6,0,[0|0]
244400124,,44400,124,2,0,[0|0],4440124,0,0,0,6,0,[0|0]
244400130,,44400,130,2,1,[0|0],4440130,0,0,0,6,0,[0|0]
244400131,,44400,131,2,1,[0|0],4440131,0,0,0,6,0,[0|0]
244400132,,44400,132,2,1,[0|0],4440132,0,0,0,6,0,[0|0]
244400900,,44400,900,2,0,[0|0],4440900,0,0,0,6,0,[0|0]
244400901,,44400,901,2,0,[0|0],4440901,0,0,0,6,0,[0|0]
244410200,,44410,200,2,1,[0|0],4441200,0,0,0,6,0,[0|0]
244410201,,44410,201,2,1,[0|0],4441201,0,0,0,6,0,[0|0]
244410210,,44410,210,2,1,[0|0],4441210,0,0,0,6,0,[0|0]
244410220,,44410,220,2,0,[0|0],4441220,0,0,0,6,0,[0|0]
244410221,,44410,221,2,0,[0|0],4441221,0,0,0,6,0,[0|0]
244410222,,44410,222,2,0,[0|0],4441222,0,0,0,6,0,[0|0]
244410223,,44410,223,2,0,[0|0],4441223,0,0,0,6,0,[0|0]
244410224,,44410,224,2,0,[0|0],4441224,0,0,0,6,0,[0|0]
244410230,,44410,230,2,1,[0|0],4441230,0,0,0,6,0,[0|0]
244410231,,44410,231,2,1,[0|0],4441231,0,0,0,6,0,[0|0]
244410232,,44410,232,2,1,[0|0],4441232,0,0,0,6,0,[0|0]
244410900,,44410,900,2,0,[0|0],4441900,0,0,0,6,0,[0|0]
244410910,,44410,910,2,0,[0|0],4441910,0,0,0,6,0,[0|0]
244410911,,44410,911,2,0,[0|0],4441911,0,0,0,6,0,[0|0]
244420300,,44420,300,2,1,[0|0],4442300,0,0,0,6,0,[0|0]
244420301,,44420,301,2,1,[0|0],4442301,0,0,0,6,0,[0|0]
244420310,,44420,310,2,1,[0|0],4442310,0,0,0,6,0,[0|0]
244420320,,44420,320,2,0,[0|0],4442320,0,0,0,6,0,[0|0]
244420321,,44420,321,2,0,[0|0],4442321,0,0,0,6,0,[0|0]
244420322,,44420,322,2,0,[0|0],4442322,0,0,0,6,0,[0|0]
244420323,,44420,323,2,0,[0|0],4442323,0,0,0,6,0,[0|0]
244420324,,44420,324,2,0,[0|0],4442324,0,0,0,6,0,[0|0]
244420330,,44420,330,2,1,[0|0],4442330,0,0,0,6,0,[0|0]
244420331,,44420,331,2,1,[0|0],4442331,0,0,0,6,0,[0|0]
244420332,,44420,332,2,1,[0|0],4442332,0,0,0,6,0,[0|0]
244420900,,44420,900,2,0,[0|0],4442900,0,0,0,6,0,[0|0]
244420910,,44420,910,2,0,[0|0],4442910,0,0,0,6,0,[0|0]
244420911,,44420,911,2,0,[0|0],4442911,0,0,0,6,0,[0|0]
244500100,,44500,100,2,0,[0|0],4450000,0,0,0,6,0,[0|0]
244500110,,44500,110,2,0,[0|0],4450010,0,0,0,6,0,[0|0]
244500120,,44500,120,2,0,[0|0],4450020,0,0,0,6,0,[0|0]
244500130,,44500,130,2,0,[0|0],4450030,0,0,0,6,0,[0|0]
244500140,,44500,140,2,0,[0|0],4450040,0,0,0,6,0,[0|0]
244500150,,44500,150,2,1,[0|0],4450050,0,0,0,6,0,[0|0]
244500200,,44500,200,2,0,[0|0],4450100,0,0,0,6,0,[0|0]
244500210,,44500,210,2,0,[0|0],4450110,0,0,0,6,0,[0|0]
244500220,,44500,220,2,0,[0|0],4450120,0,0,0,6,0,[0|0]
244500230,,44500,230,2,0,[0|0],4450130,0,0,0,6,0,[0|0]
244500300,,44500,300,2,1,[0|0],4450200,0,0,0,6,0,[0|0]
244500310,,44500,310,2,1,[0|0],4450210,0,0,0,6,0,[0|0]
244500320,,44500,320,2,1,[0|0],4450220,0,0,0,6,0,[0|0]
244500330,,44500,330,2,1,[0|0],4450230,0,0,0,6,0,[0|0]
244500340,,44500,340,2,1,[0|0],4450240,0,0,0,6,0,[0|0]
244500350,,44500,350,2,1,[0|0],4450250,0,0,0,6,0,[0|0]
244500400,,44500,400,2,0,[0|0],4450300,0,0,0,6,0,[0|0]
244500410,,44500,410,2,0,[0|0],4450310,0,0,0,6,0,[0|0]
244500420,,44500,420,2,0,[0|0],4450320,0,0,0,6,0,[0|0]
244500430,,44500,430,2,0,[0|0],4450330,0,0,0,6,0,[0|0]
244500510,,44500,510,2,1,[0|0],4450410,0,0,0,6,0,[0|0]
244600100,,44600,100,2,1,[0|0],4460000,0,0,0,6,0,[0|0]
244600110,,44600,110,2,1,[0|0],4460010,0,0,0,6,0,[0|0]
244600120,,44600,120,2,1,[0|0],4460020,0,0,0,6,0,[0|0]
244600121,,44600,121,2,0,[0|0],4460021,0,0,0,6,0,[0|0]
244600200,,44600,200,2,0,[0|0],4460100,0,0,0,6,0,[0|0]
244600210,,44600,210,2,0,[0|0],4460110,0,0,0,6,0,[0|0]
244600220,,44600,220,2,0,[0|0],4460120,0,0,0,6,0,[0|0]
244600225,,44600,225,2,0,[0|0],4460125,0,0,0,6,0,[0|0]
244600230,,44600,230,2,0,[0|0],4460130,0,0,0,6,0,[0|0]
244600235,,44600,235,2,0,[0|0],4460135,0,0,0,6,0,[0|0]
244600900,,44600,900,2,0,[0|0],4460800,0,0,0,6,0,[0|0]
244600910,,44600,910,2,0,[0|0],4460810,0,0,0,6,0,[0|0]
244600980,,44600,980,2,1,[0|0],4460980,0,0,0,6,0,[0|0]
244600981,,44600,981,2,1,[0|0],4460981,0,0,0,6,0,[0|0]
244600982,,44600,982,2,1,[0|0],4460982,0,0,0,6,0,[0|0]
244600983,,44600,983,2,1,[0|0],4460983,0,0,0,6,0,[0|0]
244600984,,44600,984,2,1,[0|0],4460984,0,0,0,6,0,[0|0]
244600985,,44600,985,2,1,[0|0],4460985,0,0,0,6,0,[0|0]
244600986,,44600,986,2,1,[0|0],4460986,0,0,0,6,0,[0|0]
244600987,,44600,987,2,1,[0|0],4460987,0,0,0,6,0,[0|0]
244600988,,44600,988,2,1,[0|0],4460988,0,0,0,6,0,[0|0]
244600989,,44600,989,2,1,[0|0],4460989,0,0,0,6,0,[0|0]
244600990,,44600,990,2,0,[0|0],4460990,0,0,0,6,0,[0|0]
244600995,,44600,995,2,0,[0|0],4460995,0,0,0,6,0,[0|0]
244700100,,44700,100,2,0,[0|0],4470100,0,0,0,6,0,[0|0]
244700101,,44700,101,2,0,[0|0],4470101,0,0,0,6,0,[0|0]
244700102,,44700,102,2,0,[0|0],4470102,0,0,0,6,0,[0|0]
244700103,,44700,103,2,0,[0|0],4470103,0,0,0,6,0,[0|0]
244700110,,44700,110,2,0,[0|0],4470110,0,0,0,6,0,[0|0]
244700111,,44700,111,2,0,[0|0],4470111,0,0,0,6,0,[0|0]
244700112,,44700,112,2,0,[0|0],4470112,0,0,0,6,0,[0|0]
244700113,,44700,113,2,0,[0|0],4470113,0,0,0,6,0,[0|0]
244700120,,44700,120,2,0,[0|0],4470120,0,0,0,6,0,[0|0]
244700121,,44700,121,2,0,[0|0],4470121,0,0,0,6,0,[0|0]
244700130,,44700,130,2,0,[0|0],4470130,0,0,0,6,0,[0|0]
244700131,,44700,131,2,0,[0|0],4470131,0,0,0,6,0,[0|0]
244700140,,44700,140,2,0,[0|0],4470140,0,0,0,6,0,[0|0]
244700141,,44700,141,2,0,[0|0],4470141,0,0,0,6,0,[0|0]
244700142,,44700,142,2,0,[0|0],4470142,0,0,0,6,0,[0|0]
244700143,,44700,143,2,0,[0|0],4470143,0,0,0,6,0,[0|0]
244700144,,44700,144,2,0,[0|0],4470144,0,0,0,6,0,[0|0]
244700145,,44700,145,2,0,[0|0],4470145,0,0,0,6,0,[0|0]
244700146,,44700,146,2,0,[0|0],4470146,0,0,0,6,0,[0|0]
244700150,,44700,150,2,0,[0|0],4470150,0,0,0,6,0,[0|0]
244700151,,44700,151,2,0,[0|0],4470151,0,0,0,6,0,[0|0]
244700152,,44700,152,2,0,[0|0],4470152,0,0,0,6,0,[0|0]
244700153,,44700,153,2,0,[0|0],4470153,0,0,0,6,0,[0|0]
244700154,,44700,154,2,0,[0|0],4470154,0,0,0,6,0,[0|0]
244700155,,44700,155,2,0,[0|0],4470155,0,0,0,6,0,[0|0]
244700156,,44700,156,2,0,[0|0],4470156,0,0,0,6,0,[0|0]
244700160,,44700,160,2,0,[0|0],4470160,0,0,0,6,0,[0|0]
244700161,,44700,161,2,0,[0|0],4470161,0,0,0,6,0,[0|0]
244700162,,44700,162,2,0,[0|0],4470162,0,0,0,6,0,[0|0]
244700163,,44700,163,2,0,[0|0],4470163,0,0,0,6,0,[0|0]
244700164,,44700,164,2,0,[0|0],4470164,0,0,0,6,0,[0|0]
244700170,,44700,170,2,0,[0|0],4470170,0,0,0,6,0,[0|0]
244700171,,44700,171,2,0,[0|0],4470171,0,0,0,6,0,[0|0]
244700172,,44700,172,2,0,[0|0],4470172,0,0,0,6,0,[0|0]
244700173,,44700,173,2,0,[0|0],4470173,0,0,0,6,0,[0|0]
244700174,,44700,174,2,0,[0|0],4470174,0,0,0,6,0,[0|0]
244700175,,44700,175,2,0,[0|0],4470175,0,0,0,6,0,[0|0]
244700180,,44700,180,2,0,[0|0],4470180,0,0,0,6,0,[0|0]
244700181,,44700,181,2,0,[0|0],4470181,0,0,0,6,0,[0|0]
244700182,,44700,182,2,0,[0|0],4470182,0,0,0,6,0,[0|0]
244700183,,44700,183,2,0,[0|0],4470183,0,0,0,6,0,[0|0]
244700184,,44700,184,2,0,[0|0],4470184,0,0,0,6,0,[0|0]
244700185,,44700,185,2,0,[0|0],4470185,0,0,0,6,0,[0|0]
244700190,,44700,190,2,0,[0|0],4470190,0,0,0,6,0,[0|0]
244700191,,44700,191,2,0,[0|0],4470191,0,0,0,6,0,[0|0]
244700192,,44700,192,2,0,[0|0],4470192,0,0,0,6,0,[0|0]
244700193,,44700,193,2,0,[0|0],4470193,0,0,0,6,0,[0|0]
244700194,,44700,194,2,0,[0|0],4470194,0,0,0,6,0,[0|0]
244700250,,44700,250,2,0,[0|0],4470250,0,0,0,6,0,[0|0]
244700251,,44700,251,2,0,[0|0],4470251,0,0,0,6,0,[0|0]
244700252,,44700,252,2,0,[0|0],4470252,0,0,0,6,0,[0|0]
244700253,,44700,253,2,0,[0|0],4470253,0,0,0,6,0,[0|0]
244700254,,44700,254,2,0,[0|0],4470254,0,0,0,6,0,[0|0]
244700255,,44700,255,2,0,[0|0],4470255,0,0,0,6,0,[0|0]
244700256,,44700,256,2,0,[0|0],4470256,0,0,0,6,0,[0|0]
244700257,,44700,257,2,0,[0|0],4470257,0,0,0,6,0,[0|0]
244700260,,44700,260,2,0,[0|0],4470260,0,0,0,6,0,[0|0]
244700261,,44700,261,2,0,[0|0],4470261,0,0,0,6,0,[0|0]
244700262,,44700,262,2,0,[0|0],4470262,0,0,0,6,0,[0|0]
244700263,,44700,263,2,0,[0|0],4470263,0,0,0,6,0,[0|0]
244700264,,44700,264,2,0,[0|0],4470264,0,0,0,6,0,[0|0]
244700265,,44700,265,2,0,[0|0],4470265,0,0,0,6,0,[0|0]
244700266,,44700,266,2,0,[0|0],4470266,0,0,0,6,0,[0|0]
244700267,,44700,267,2,0,[0|0],4470267,0,0,0,6,0,[0|0]
244700270,,44700,270,2,0,[0|0],4470270,0,0,0,6,0,[0|0]
244700271,,44700,271,2,0,[0|0],4470271,0,0,0,6,0,[0|0]
244700272,,44700,272,2,0,[0|0],4470272,0,0,0,6,0,[0|0]
244700273,,44700,273,2,0,[0|0],4470273,0,0,0,6,0,[0|0]
244700274,,44700,274,2,0,[0|0],4470274,0,0,0,6,0,[0|0]
244700275,,44700,275,2,0,[0|0],4470275,0,0,0,6,0,[0|0]
244700276,,44700,276,2,0,[0|0],4470276,0,0,0,6,0,[0|0]
244700280,,44700,280,2,0,[0|0],4470280,0,0,0,6,0,[0|0]
244700281,,44700,281,2,0,[0|0],4470281,0,0,0,6,0,[0|0]
244700282,,44700,282,2,0,[0|0],4470282,0,0,0,6,0,[0|0]
244700283,,44700,283,2,0,[0|0],4470283,0,0,0,6,0,[0|0]
244700284,,44700,284,2,0,[0|0],4470284,0,0,0,6,0,[0|0]
244700285,,44700,285,2,0,[0|0],4470285,0,0,0,6,0,[0|0]
244700286,,44700,286,2,0,[0|0],4470286,0,0,0,6,0,[0|0]
244700290,,44700,290,2,0,[0|0],4470290,0,0,0,6,0,[0|0]
244700291,,44700,291,2,0,[0|0],4470291,0,0,0,6,0,[0|0]
244700292,,44700,292,2,0,[0|0],4470292,0,0,0,6,0,[0|0]
244700293,,44700,293,2,0,[0|0],4470293,0,0,0,6,0,[0|0]
244700294,,44700,294,2,0,[0|0],4470294,0,0,0,6,0,[0|0]
244700300,,44700,300,2,0,[0|0],4470300,0,0,0,6,0,[0|0]
244700301,,44700,301,2,0,[0|0],4470301,0,0,0,6,0,[0|0]
244700302,,44700,302,2,0,[0|0],4470302,0,0,0,6,0,[0|0]
244700303,,44700,303,2,0,[0|0],4470303,0,0,0,6,0,[0|0]
244700304,,44700,304,2,0,[0|0],4470304,0,0,0,6,0,[0|0]
244700305,,44700,305,2,0,[0|0],4470305,0,0,0,6,0,[0|0]
244700310,,44700,310,2,0,[0|0],4470310,0,0,0,6,0,[0|0]
244700311,,44700,311,2,0,[0|0],4470311,0,0,0,6,0,[0|0]
244700312,,44700,312,2,0,[0|0],4470312,0,0,0,6,0,[0|0]
244700313,,44700,313,2,0,[0|0],4470313,0,0,0,6,0,[0|0]
244700320,,44700,320,2,0,[0|0],4470320,0,0,0,6,0,[0|0]
244700321,,44700,321,2,0,[0|0],4470321,0,0,0,6,0,[0|0]
244700322,,44700,322,2,0,[0|0],4470322,0,0,0,6,0,[0|0]
244700323,,44700,323,2,0,[0|0],4470323,0,0,0,6,0,[0|0]
244700324,,44700,324,2,0,[0|0],4470324,0,0,0,6,0,[0|0]
244700325,,44700,325,2,0,[0|0],4470325,0,0,0,6,0,[0|0]
244700326,,44700,326,2,0,[0|0],4470326,0,0,0,6,0,[0|0]
244700330,,44700,330,2,0,[0|0],4470330,0,0,0,6,0,[0|0]
244700331,,44700,331,2,0,[0|0],4470331,0,0,0,6,0,[0|0]
244700332,,44700,332,2,0,[0|0],4470332,0,0,0,6,0,[0|0]
244700333,,44700,333,2,0,[0|0],4470333,0,0,0,6,0,[0|0]
244700334,,44700,334,2,0,[0|0],4470334,0,0,0,6,0,[0|0]
244700335,,44700,335,2,0,[0|0],4470335,0,0,0,6,0,[0|0]
244700336,,44700,336,2,0,[0|0],4470336,0,0,0,6,0,[0|0]
244700337,,44700,337,2,0,[0|0],4470337,0,0,0,6,0,[0|0]
244700338,,44700,338,2,0,[0|0],4470338,0,0,0,6,0,[0|0]
244700339,,44700,339,2,0,[0|0],4470339,0,0,0,6,0,[0|0]
244700340,,44700,340,2,0,[0|0],4470340,0,0,0,6,0,[0|0]
244700341,,44700,341,2,0,[0|0],4470341,0,0,0,6,0,[0|0]
244700342,,44700,342,2,0,[0|0],4470342,0,0,0,6,0,[0|0]
244700343,,44700,343,2,0,[0|0],4470343,0,0,0,6,0,[0|0]
244700344,,44700,344,2,0,[0|0],4470344,0,0,0,6,0,[0|0]
244700345,,44700,345,2,0,[0|0],4470345,0,0,0,6,0,[0|0]
244700346,,44700,346,2,0,[0|0],4470346,0,0,0,6,0,[0|0]
244700347,,44700,347,2,0,[0|0],4470347,0,0,0,6,0,[0|0]
244700348,,44700,348,2,0,[0|0],4470348,0,0,0,6,0,[0|0]
244700349,,44700,349,2,0,[0|0],4470349,0,0,0,6,0,[0|0]
244700350,,44700,350,2,0,[0|0],4470350,0,0,0,6,0,[0|0]
244700360,,44700,360,2,0,[0|0],4470360,0,0,0,6,0,[0|0]
244700361,,44700,361,2,0,[0|0],4470361,0,0,0,6,0,[0|0]
244700362,,44700,362,2,0,[0|0],4470362,0,0,0,6,0,[0|0]
244700363,,44700,363,2,0,[0|0],4470363,0,0,0,6,0,[0|0]
244700364,,44700,364,2,0,[0|0],4470364,0,0,0,6,0,[0|0]
244700365,,44700,365,2,0,[0|0],4470365,0,0,0,6,0,[0|0]
244700366,,44700,366,2,0,[0|0],4470366,0,0,0,6,0,[0|0]
244700367,,44700,367,2,0,[0|0],4470367,0,0,0,6,0,[0|0]
244700368,,44700,368,2,0,[0|0],4470368,0,0,0,6,0,[0|0]
244700369,,44700,369,2,0,[0|0],4470369,0,0,0,6,0,[0|0]
244700370,,44700,370,2,0,[0|0],4470370,0,0,0,6,0,[0|0]
244700371,,44700,371,2,0,[0|0],4470371,0,0,0,6,0,[0|0]
244700372,,44700,372,2,0,[0|0],4470372,0,0,0,6,0,[0|0]
244700373,,44700,373,2,0,[0|0],4470373,0,0,0,6,0,[0|0]
244700374,,44700,374,2,0,[0|0],4470374,0,0,0,6,0,[0|0]
244700375,,44700,375,2,0,[0|0],4470375,0,0,0,6,0,[0|0]
244700376,,44700,376,2,0,[0|0],4470376,0,0,0,6,0,[0|0]
244700377,,44700,377,2,0,[0|0],4470377,0,0,0,6,0,[0|0]
244700378,,44700,378,2,0,[0|0],4470378,0,0,0,6,0,[0|0]
244700379,,44700,379,2,0,[0|0],4470379,0,0,0,6,0,[0|0]
244700380,,44700,380,2,0,[0|0],4470380,0,0,0,6,0,[0|0]
244700390,,44700,390,2,0,[0|0],4470390,0,0,0,6,0,[0|0]
244700391,,44700,391,2,0,[0|0],4470391,0,0,0,6,0,[0|0]
244700400,,44700,400,2,0,[0|0],4470400,0,0,0,6,0,[0|0]
244700401,,44700,401,2,0,[0|0],4470401,0,0,0,6,0,[0|0]
244700402,,44700,402,2,0,[0|0],4470402,0,0,0,6,0,[0|0]
244700403,,44700,403,2,0,[0|0],4470403,0,0,0,6,0,[0|0]
244700410,,44700,410,2,0,[0|0],4470410,0,0,0,6,0,[0|0]
244700411,,44700,411,2,0,[0|0],4470411,0,0,0,6,0,[0|0]
244700412,,44700,412,2,0,[0|0],4470412,0,0,0,6,0,[0|0]
244700413,,44700,413,2,0,[0|0],4470413,0,0,0,6,0,[0|0]
244700414,,44700,414,2,0,[0|0],4470414,0,0,0,6,0,[0|0]
244700415,,44700,415,2,0,[0|0],4470415,0,0,0,6,0,[0|0]
244700416,,44700,416,2,0,[0|0],4470416,0,0,0,6,0,[0|0]
244700417,,44700,417,2,0,[0|0],4470417,0,0,0,6,0,[0|0]
244700418,,44700,418,2,0,[0|0],4470418,0,0,0,6,0,[0|0]
244700419,,44700,419,2,0,[0|0],4470419,0,0,0,6,0,[0|0]
244700420,,44700,420,2,0,[0|0],4470420,0,0,0,6,0,[0|0]
244700421,,44700,421,2,0,[0|0],4470421,0,0,0,6,0,[0|0]
244700422,,44700,422,2,0,[0|0],4470422,0,0,0,6,0,[0|0]
244700423,,44700,423,2,0,[0|0],4470423,0,0,0,6,0,[0|0]
244700430,,44700,430,2,0,[0|0],4470430,0,0,0,6,0,[0|0]
244700431,,44700,431,2,0,[0|0],4470431,0,0,0,6,0,[0|0]
244700440,,44700,440,2,0,[0|0],4470440,0,0,0,6,0,[0|0]
244700441,,44700,441,2,0,[0|0],4470441,0,0,0,6,0,[0|0]
244700442,,44700,442,2,0,[0|0],4470442,0,0,0,6,0,[0|0]
244700443,,44700,443,2,0,[0|0],4470443,0,0,0,6,0,[0|0]
244700444,,44700,444,2,0,[0|0],4470444,0,0,0,6,0,[0|0]
244700445,,44700,445,2,0,[0|0],4470445,0,0,0,6,0,[0|0]
244700446,,44700,446,2,0,[0|0],4470446,0,0,0,6,0,[0|0]
244700447,,44700,447,2,0,[0|0],4470447,0,0,0,6,0,[0|0]
244700448,,44700,448,2,0,[0|0],4470448,0,0,0,6,0,[0|0]
244700449,,44700,449,2,0,[0|0],4470449,0,0,0,6,0,[0|0]
244700450,,44700,450,2,0,[0|0],4470450,0,0,0,6,0,[0|0]
244700451,,44700,451,2,0,[0|0],4470451,0,0,0,6,0,[0|0]
244700452,,44700,452,2,0,[0|0],4470452,0,0,0,6,0,[0|0]
244700453,,44700,453,2,0,[0|0],4470453,0,0,0,6,0,[0|0]
244700454,,44700,454,2,0,[0|0],4470454,0,0,0,6,0,[0|0]
244700460,,44700,460,2,0,[0|0],4470460,0,0,0,6,0,[0|0]
244700461,,44700,461,2,0,[0|0],4470461,0,0,0,6,0,[0|0]
244700462,,44700,462,2,0,[0|0],4470462,0,0,0,6,0,[0|0]
244700463,,44700,463,2,0,[0|0],4470463,0,0,0,6,0,[0|0]
244700464,,44700,464,2,0,[0|0],4470464,0,0,0,6,0,[0|0]
244700465,,44700,465,2,0,[0|0],4470465,0,0,0,6,0,[0|0]
244700466,,44700,466,2,0,[0|0],4470466,0,0,0,6,0,[0|0]
244700467,,44700,467,2,0,[0|0],4470467,0,0,0,6,0,[0|0]
244700468,,44700,468,2,0,[0|0],4470468,0,0,0,6,0,[0|0]
244700469,,44700,469,2,0,[0|0],4470469,0,0,0,6,0,[0|0]
244700470,,44700,470,2,0,[0|0],4470470,0,0,0,6,0,[0|0]
244700471,,44700,471,2,0,[0|0],4470471,0,0,0,6,0,[0|0]
244700472,,44700,472,2,0,[0|0],4470472,0,0,0,6,0,[0|0]
244700473,,44700,473,2,0,[0|0],4470473,0,0,0,6,0,[0|0]
244700474,,44700,474,2,0,[0|0],4470474,0,0,0,6,0,[0|0]
244700475,,44700,475,2,0,[0|0],4470475,0,0,0,6,0,[0|0]
244700476,,44700,476,2,0,[0|0],4470476,0,0,0,6,0,[0|0]
244700480,,44700,480,2,0,[0|0],4470480,0,0,0,6,0,[0|0]
244700481,,44700,481,2,0,[0|0],4470481,0,0,0,6,0,[0|0]
244700490,,44700,490,2,0,[0|0],4470490,0,0,0,6,0,[0|0]
244700491,,44700,491,2,0,[0|0],4470491,0,0,0,6,0,[0|0]
244700492,,44700,492,2,0,[0|0],4470492,0,0,0,6,0,[0|0]
244700493,,44700,493,2,0,[0|0],4470493,0,0,0,6,0,[0|0]
244700494,,44700,494,2,0,[0|0],4470494,0,0,0,6,0,[0|0]
244700495,,44700,495,2,0,[0|0],4470495,0,0,0,6,0,[0|0]
244700496,,44700,496,2,0,[0|0],4470496,0,0,0,6,0,[0|0]
244700497,,44700,497,2,0,[0|0],4470497,0,0,0,6,0,[0|0]
244700500,,44700,500,2,0,[0|0],4470500,0,0,0,6,0,[0|0]
244700501,,44700,501,2,0,[0|0],4470501,0,0,0,6,0,[0|0]
244700510,,44700,510,2,0,[0|0],4470510,0,0,0,6,0,[0|0]
244700511,,44700,511,2,0,[0|0],4470511,0,0,0,6,0,[0|0]
244700512,,44700,512,2,0,[0|0],4470512,0,0,0,6,0,[0|0]
244700513,,44700,513,2,0,[0|0],4470513,0,0,0,6,0,[0|0]
244700514,,44700,514,2,0,[0|0],4470514,0,0,0,6,0,[0|0]
244700515,,44700,515,2,0,[0|0],4470515,0,0,0,6,0,[0|0]
244700516,,44700,516,2,0,[0|0],4470516,0,0,0,6,0,[0|0]
244700520,,44700,520,2,0,[0|0],4470520,0,0,0,6,0,[0|0]
244700521,,44700,521,2,0,[0|0],4470521,0,0,0,6,0,[0|0]
244700522,,44700,522,2,0,[0|0],4470522,0,0,0,6,0,[0|0]
244700523,,44700,523,2,0,[0|0],4470523,0,0,0,6,0,[0|0]
244700524,,44700,524,2,0,[0|0],4470524,0,0,0,6,0,[0|0]
244700530,,44700,530,2,0,[0|0],4470530,0,0,0,6,0,[0|0]
244700531,,44700,531,2,0,[0|0],4470531,0,0,0,6,0,[0|0]
244700532,,44700,532,2,0,[0|0],4470532,0,0,0,6,0,[0|0]
244700533,,44700,533,2,0,[0|0],4470533,0,0,0,6,0,[0|0]
244700534,,44700,534,2,0,[0|0],4470534,0,0,0,6,0,[0|0]
244700535,,44700,535,2,0,[0|0],4470535,0,0,0,6,0,[0|0]
244700540,,44700,540,2,0,[0|0],4470540,0,0,0,6,0,[0|0]
244700541,,44700,541,2,0,[0|0],4470541,0,0,0,6,0,[0|0]
244700542,,44700,542,2,0,[0|0],4470542,0,0,0,6,0,[0|0]
244700543,,44700,543,2,0,[0|0],4470543,0,0,0,6,0,[0|0]
244700544,,44700,544,2,0,[0|0],4470544,0,0,0,6,0,[0|0]
244700550,,44700,550,2,0,[0|0],4470550,0,0,0,6,0,[0|0]
244700551,,44700,551,2,0,[0|0],4470551,0,0,0,6,0,[0|0]
244700552,,44700,552,2,0,[0|0],4470552,0,0,0,6,0,[0|0]
244700553,,44700,553,2,0,[0|0],4470553,0,0,0,6,0,[0|0]
244700554,,44700,554,2,0,[0|0],4470554,0,0,0,6,0,[0|0]
244700560,,44700,560,2,0,[0|0],4470560,0,0,0,6,0,[0|0]
244700561,,44700,561,2,0,[0|0],4470561,0,0,0,6,0,[0|0]
244700562,,44700,562,2,0,[0|0],4470562,0,0,0,6,0,[0|0]
244700563,,44700,563,2,0,[0|0],4470563,0,0,0,6,0,[0|0]
244700564,,44700,564,2,0,[0|0],4470564,0,0,0,6,0,[0|0]
244700570,,44700,570,2,0,[0|0],4470570,0,0,0,6,0,[0|0]
244700571,,44700,571,2,0,[0|0],4470571,0,0,0,6,0,[0|0]
244700572,,44700,572,2,0,[0|0],4470572,0,0,0,6,0,[0|0]
244700573,,44700,573,2,0,[0|0],4470573,0,0,0,6,0,[0|0]
244700574,,44700,574,2,0,[0|0],4470574,0,0,0,6,0,[0|0]
244700600,,44700,600,2,0,[0|0],4470600,0,0,0,6,0,[0|0]
244700601,,44700,601,2,0,[0|0],4470601,0,0,0,6,0,[0|0]
244700602,,44700,602,2,0,[0|0],4470602,0,0,0,6,0,[0|0]
244700603,,44700,603,2,0,[0|0],4470603,0,0,0,6,0,[0|0]
244700604,,44700,604,2,0,[0|0],4470604,0,0,0,6,0,[0|0]
244700610,,44700,610,2,0,[0|0],4470610,0,0,0,6,0,[0|0]
244700611,,44700,611,2,0,[0|0],4470611,0,0,0,6,0,[0|0]
244700620,,44700,620,2,0,[0|0],4470620,0,0,0,6,0,[0|0]
244700621,,44700,621,2,0,[0|0],4470621,0,0,0,6,0,[0|0]
244700622,,44700,622,2,0,[0|0],4470622,0,0,0,6,0,[0|0]
244700630,,44700,630,2,0,[0|0],4470630,0,0,0,6,0,[0|0]
244700631,,44700,631,2,0,[0|0],4470631,0,0,0,6,0,[0|0]
244700632,,44700,632,2,0,[0|0],4470632,0,0,0,6,0,[0|0]
244700633,,44700,633,2,0,[0|0],4470633,0,0,0,6,0,[0|0]
244700634,,44700,634,2,0,[0|0],4470634,0,0,0,6,0,[0|0]
244700635,,44700,635,2,0,[0|0],4470635,0,0,0,6,0,[0|0]
244700636,,44700,636,2,0,[0|0],4470636,0,0,0,6,0,[0|0]
244700637,,44700,637,2,0,[0|0],4470637,0,0,0,6,0,[0|0]
244700638,,44700,638,2,0,[0|0],4470638,0,0,0,6,0,[0|0]
244700639,,44700,639,2,0,[0|0],4470639,0,0,0,6,0,[0|0]
244700640,,44700,640,2,0,[0|0],4470640,0,0,0,6,0,[0|0]
244700645,,44700,645,2,0,[0|0],4470645,0,0,0,6,0,[0|0]
244700646,,44700,646,2,0,[0|0],4470646,0,0,0,6,0,[0|0]
244700647,,44700,647,2,0,[0|0],4470647,0,0,0,6,0,[0|0]
244700648,,44700,648,2,0,[0|0],4470648,0,0,0,6,0,[0|0]
244700649,,44700,649,2,0,[0|0],4470649,0,0,0,6,0,[0|0]
244700650,,44700,650,2,0,[0|0],4470650,0,0,0,6,0,[0|0]
244700651,,44700,651,2,0,[0|0],4470651,0,0,0,6,0,[0|0]
244700652,,44700,652,2,0,[0|0],4470652,0,0,0,6,0,[0|0]
244700653,,44700,653,2,0,[0|0],4470653,0,0,0,6,0,[0|0]
244700654,,44700,654,2,0,[0|0],4470654,0,0,0,6,0,[0|0]
244700655,,44700,655,2,0,[0|0],4470655,0,0,0,6,0,[0|0]
244700660,,44700,660,2,0,[0|0],4470660,0,0,0,6,0,[0|0]
244700661,,44700,661,2,0,[0|0],4470661,0,0,0,6,0,[0|0]
244700662,,44700,662,2,0,[0|0],4470662,0,0,0,6,0,[0|0]
244700663,,44700,663,2,0,[0|0],4470663,0,0,0,6,0,[0|0]
244700664,,44700,664,2,0,[0|0],4470664,0,0,0,6,0,[0|0]
244700665,,44700,665,2,0,[0|0],4470665,0,0,0,6,0,[0|0]
244700666,,44700,666,2,0,[0|0],4470666,0,0,0,6,0,[0|0]
244700667,,44700,667,2,0,[0|0],4470667,0,0,0,6,0,[0|0]
244700668,,44700,668,2,0,[0|0],4470668,0,0,0,6,0,[0|0]
244700669,,44700,669,2,0,[0|0],4470669,0,0,0,6,0,[0|0]
244700670,,44700,670,2,0,[0|0],4470670,0,0,0,6,0,[0|0]
244700671,,44700,671,2,0,[0|0],4470671,0,0,0,6,0,[0|0]
244700672,,44700,672,2,0,[0|0],4470672,0,0,0,6,0,[0|0]
244700673,,44700,673,2,0,[0|0],4470673,0,0,0,6,0,[0|0]
244700674,,44700,674,2,0,[0|0],4470674,0,0,0,6,0,[0|0]
244700680,,44700,680,2,0,[0|0],4470680,0,0,0,6,0,[0|0]
244700681,,44700,681,2,0,[0|0],4470681,0,0,0,6,0,[0|0]
244700682,,44700,682,2,0,[0|0],4470682,0,0,0,6,0,[0|0]
244700683,,44700,683,2,0,[0|0],4470683,0,0,0,6,0,[0|0]
244700684,,44700,684,2,0,[0|0],4470684,0,0,0,6,0,[0|0]
244700685,,44700,685,2,0,[0|0],4470685,0,0,0,6,0,[0|0]
244700686,,44700,686,2,0,[0|0],4470686,0,0,0,6,0,[0|0]
244700687,,44700,687,2,0,[0|0],4470687,0,0,0,6,0,[0|0]
244700688,,44700,688,2,0,[0|0],4470688,0,0,0,6,0,[0|0]
244700689,,44700,689,2,0,[0|0],4470689,0,0,0,6,0,[0|0]
244700690,,44700,690,2,0,[0|0],4470690,0,0,0,6,0,[0|0]
244700691,,44700,691,2,0,[0|0],4470691,0,0,0,6,0,[0|0]
244700692,,44700,692,2,0,[0|0],4470692,0,0,0,6,0,[0|0]
244700693,,44700,693,2,0,[0|0],4470693,0,0,0,6,0,[0|0]
244700694,,44700,694,2,0,[0|0],4470694,0,0,0,6,0,[0|0]
244700900,,44700,900,2,0,[0|0],4470900,0,0,0,6,0,[0|0]
244700910,,44700,910,2,0,[0|0],4470910,0,0,0,6,0,[0|0]
244700950,,44700,950,2,0,[0|0],4470950,0,0,0,6,0,[0|0]
244800100,,44800,100,2,0,[0|0],4480100,0,0,0,6,0,[0|0]
244800130,,44800,130,2,1,[0|0],4480130,0,0,0,6,0,[0|0]
244800180,,44800,180,2,0,[0|0],4480180,0,0,0,6,0,[0|0]
244800181,,44800,181,2,0,[0|0],4480181,0,0,0,6,0,[0|0]
244800182,,44800,182,2,0,[0|0],4480182,0,0,0,6,0,[0|0]
244800183,,44800,183,2,0,[0|0],4480183,0,0,0,6,0,[0|0]
244800184,,44800,184,2,0,[0|0],4480184,0,0,0,6,0,[0|0]
244800185,,44800,185,2,0,[0|0],4480185,0,0,0,6,0,[0|0]
244800186,,44800,186,2,0,[0|0],4480186,0,0,0,6,0,[0|0]
244800187,,44800,187,2,0,[0|0],4480187,0,0,0,6,0,[0|0]
244800190,,44800,190,2,1,[0|0],4480190,0,0,0,6,0,[0|0]
244800400,,44800,400,2,1,[0|0],4480400,0,0,0,6,0,[0|0]
244800410,,44800,410,2,1,[0|0],4480410,0,0,0,6,0,[0|0]
244800420,,44800,420,2,1,[0|0],4480420,0,0,0,6,0,[0|0]
244800430,,44800,430,2,1,[0|0],4480430,0,0,0,6,0,[0|0]
244800500,,44800,500,2,1,[0|0],4480500,0,0,0,6,0,[0|0]
244800510,,44800,510,2,1,[0|0],4480510,0,0,0,6,0,[0|0]
244800520,,44800,520,2,1,[0|0],4480520,0,0,0,6,0,[0|0]
244800530,,44800,530,2,1,[0|0],4480530,0,0,0,6,0,[0|0]
244800990,,44800,990,2,0,[0|0],4480990,0,0,0,6,0,[0|0]
244810100,,44810,100,2,0,[0|0],4481100,0,0,0,6,0,[0|0]
244810110,,44810,110,2,0,[0|0],4481110,0,0,0,6,0,[0|0]
244810140,,44810,140,2,0,[0|0],4481140,0,0,0,6,0,[0|0]
244810400,,44810,400,2,1,[0|0],4481400,0,0,0,6,0,[0|0]
244810410,,44810,410,2,1,[0|0],4481410,0,0,0,6,0,[0|0]
244810420,,44810,420,2,1,[0|0],4481420,0,0,0,6,0,[0|0]
244810430,,44810,430,2,1,[0|0],4481430,0,0,0,6,0,[0|0]
244810500,,44810,500,2,1,[0|0],4481500,0,0,0,6,0,[0|0]
244810510,,44810,510,2,1,[0|0],4481510,0,0,0,6,0,[0|0]
244810520,,44810,520,2,1,[0|0],4481520,0,0,0,6,0,[0|0]
244810530,,44810,530,2,1,[0|0],4481530,0,0,0,6,0,[0|0]
244810600,,44810,600,2,1,[0|0],4481600,0,0,0,6,0,[0|0]
244810610,,44810,610,2,1,[0|0],4481610,0,0,0,6,0,[0|0]
244810620,,44810,620,2,1,[0|0],4481620,0,0,0,6,0,[0|0]
244810630,,44810,630,2,1,[0|0],4481630,0,0,0,6,0,[0|0]
244810700,,44810,700,2,1,[0|0],4481700,0,0,0,6,0,[0|0]
244810705,,44810,705,2,1,[0|0],4481705,0,0,0,6,0,[0|0]
244810900,,44810,900,2,1,[0|0],4481900,0,0,0,6,0,[0|0]
244810910,,44810,910,2,1,[0|0],4481910,0,0,0,6,0,[0|0]
244810920,,44810,920,2,1,[0|0],4481920,0,0,0,6,0,[0|0]
244810930,,44810,930,2,1,[0|0],4481930,0,0,0,6,0,[0|0]
244900100,,44900,100,2,0,[0|0],4490100,0,0,0,6,0,[0|0]
244900110,,44900,110,2,0,[0|0],4490110,0,0,0,7,0,[0|0]
244900120,,44900,120,2,0,[0|0],4490120,0,0,0,6,0,[0|0]
244900130,,44900,130,2,0,[0|0],4490130,0,0,0,6,0,[0|0]
244900131,,44900,131,2,0,[0|0],4490131,0,0,0,6,0,[0|0]
244900132,,44900,132,2,0,[0|0],4490132,0,0,0,6,0,[0|0]
244900133,,44900,133,2,0,[0|0],4490133,0,0,0,6,0,[0|0]
244900134,,44900,134,2,0,[0|0],4490134,0,0,0,6,0,[0|0]
244900140,,44900,140,2,0,[0|0],4490140,0,0,0,6,0,[0|0]
244900141,,44900,141,2,0,[0|0],4490141,0,0,0,7,0,[0|0]
244900150,,44900,150,2,0,[0|0],4490150,0,0,0,6,0,[0|0]
244900160,,44900,160,2,0,[0|0],4490160,0,0,0,6,0,[0|0]
244900161,,44900,161,2,0,[0|0],4490161,0,0,0,6,0,[0|0]
244900170,,44900,170,2,0,[0|0],4490170,0,0,0,7,0,[0|0]
244900171,,44900,171,2,1,[0|0],4490171,0,0,0,6,0,[0|0]
244900180,,44900,180,2,0,[0|0],4490180,0,0,0,7,0,[0|0]
244900181,,44900,181,2,1,[0|0],4490181,0,0,0,6,0,[0|0]
244900182,,44900,182,2,1,[0|0],4490182,0,0,0,6,0,[0|0]
244900183,,44900,183,2,1,[0|0],4490183,0,0,0,6,0,[0|0]
244910200,,44910,200,2,0,[0|0],4491200,0,0,0,6,0,[0|0]
244910210,,44910,210,2,0,[0|0],4491210,0,0,0,7,0,[0|0]
244910220,,44910,220,2,0,[0|0],4491220,0,0,0,6,0,[0|0]
244910230,,44910,230,2,0,[0|0],4491230,0,0,0,6,0,[0|0]
244910231,,44910,231,2,0,[0|0],4491231,0,0,0,7,0,[0|0]
244910232,,44910,232,2,0,[0|0],4491232,0,0,0,7,0,[0|0]
244910233,,44910,233,2,0,[0|0],4491233,0,0,0,6,0,[0|0]
244910234,,44910,234,2,0,[0|0],4491234,0,0,0,6,0,[0|0]
244910240,,44910,240,2,0,[0|0],4491240,0,0,0,6,0,[0|0]
244910250,,44910,250,2,0,[0|0],4491250,0,0,0,6,0,[0|0]
244910300,,44910,300,2,1,[0|0],4491300,0,0,0,6,0,[0|0]
245000100,,45000,100,2,1,[0|0],4500100,0,0,0,6,0,[0|0]
245000101,,45000,101,2,1,[0|0],4500101,0,0,0,6,0,[0|0]
245000110,,45000,110,2,1,[0|0],4500110,0,0,0,6,0,[0|0]
245000120,,45000,120,2,0,[0|0],4500120,0,0,0,6,0,[0|0]
245000130,,45000,130,2,0,[0|0],4500130,0,0,0,6,0,[0|0]
245000140,,45000,140,2,0,[0|0],4500140,0,0,0,6,0,[0|0]
245000150,,45000,150,2,0,[0|0],4500150,0,0,0,6,0,[0|0]
245000151,,45000,151,2,1,[0|0],4500151,0,0,0,6,0,[0|0]
245000160,,45000,160,2,0,[0|0],4500160,0,0,0,6,0,[0|0]
245000161,,45000,161,2,1,[0|0],4500161,0,0,0,6,0,[0|0]
245000170,,45000,170,2,0,[0|0],4500170,0,0,0,6,0,[0|0]
245000180,,45000,180,2,0,[0|0],4500180,0,0,0,6,0,[0|0]
245000190,,45000,190,2,0,[0|0],4500190,0,0,0,6,0,[0|0]
245000200,,45000,200,2,0,[0|0],4500200,0,0,0,6,0,[0|0]
245000201,,45000,201,2,1,[0|0],4500201,0,0,0,6,0,[0|0]
245000210,,45000,210,2,0,[0|0],4500210,0,0,0,6,0,[0|0]
245000211,,45000,211,2,1,[0|0],4500211,0,0,0,6,0,[0|0]
245000220,,45000,220,2,0,[0|0],4500220,0,0,0,6,0,[0|0]
245000221,,45000,221,2,0,[0|0],4500221,0,0,0,6,0,[0|0]
245000222,,45000,222,2,0,[0|0],4500222,0,0,0,6,0,[0|0]
245000223,,45000,223,2,1,[0|0],4500223,0,0,0,6,0,[0|0]
245000224,,45000,224,2,1,[0|0],4500224,0,0,0,6,0,[0|0]
245000230,,45000,230,2,1,[0|0],4500230,0,0,0,6,0,[0|0]
245000231,,45000,231,2,1,[0|0],4500231,0,0,0,6,0,[0|0]
245000232,,45000,232,2,1,[0|0],4500232,0,0,0,6,0,[0|0]
245000240,,45000,240,2,1,[0|0],4500240,0,0,0,6,0,[0|0]
245000241,,45000,241,2,1,[0|0],4500241,0,0,0,6,0,[0|0]
245000242,,45000,242,2,1,[0|0],4500242,0,0,0,6,0,[0|0]
245000250,,45000,250,2,0,[0|0],4500250,0,0,0,6,0,[0|0]
245000251,,45000,251,2,0,[0|0],4500251,0,0,0,6,0,[0|0]
245000260,,45000,260,2,0,[0|0],4500260,0,0,0,6,0,[0|0]
245000270,,45000,270,2,0,[0|0],4500270,0,0,0,6,0,[0|0]
245000271,,45000,271,2,1,[0|0],4500271,0,0,0,6,0,[0|0]
245000280,,45000,280,2,0,[0|0],4500280,0,0,0,6,0,[0|0]
245000281,,45000,281,2,1,[0|0],4500281,0,0,0,6,0,[0|0]
245000290,,45000,290,2,1,[0|0],4500290,0,0,0,6,0,[0|0]
245000291,,45000,291,2,1,[0|0],4500291,0,0,0,6,0,[0|0]
245000292,,45000,292,2,1,[0|0],4500292,0,0,0,6,0,[0|0]
245000300,,45000,300,2,1,[0|0],4500300,0,0,0,6,0,[0|0]
245000301,,45000,301,2,1,[0|0],4500301,0,0,0,6,0,[0|0]
245000302,,45000,302,2,1,[0|0],4500302,0,0,0,6,0,[0|0]
245000310,,45000,310,2,0,[0|0],4500310,0,0,0,6,0,[0|0]
245000311,,45000,311,2,1,[0|0],4500311,0,0,0,6,0,[0|0]
245000320,,45000,320,2,1,[0|0],4500320,0,0,0,6,0,[0|0]
245000321,,45000,321,2,1,[0|0],4500321,0,0,0,6,0,[0|0]
245000330,,45000,330,2,1,[0|0],4500330,0,0,0,6,0,[0|0]
245000331,,45000,331,2,1,[0|0],4500331,0,0,0,6,0,[0|0]
245000332,,45000,332,2,1,[0|0],4500332,0,0,0,6,0,[0|0]
245000340,,45000,340,2,1,[0|0],4500340,0,0,0,6,0,[0|0]
245000341,,45000,341,2,1,[0|0],4500341,0,0,0,6,0,[0|0]
245000342,,45000,342,2,1,[0|0],4500342,0,0,0,6,0,[0|0]
245000900,,45000,900,2,0,[0|0],4500900,0,0,0,6,0,[0|0]
245000910,,45000,910,2,0,[0|0],4500910,0,0,0,6,0,[0|0]
245000911,,45000,911,2,1,[0|0],4500911,0,0,0,6,0,[0|0]
245010100,,45010,100,2,1,[0|0],4501100,0,0,0,6,0,[0|0]
245010101,,45010,101,2,1,[0|0],4501101,0,0,0,6,0,[0|0]
245010110,,45010,110,2,1,[0|0],4501110,0,0,0,6,0,[0|0]
245010120,,45010,120,2,0,[0|0],4501120,0,0,0,6,0,[0|0]
245010130,,45010,130,2,0,[0|0],4501130,0,0,0,6,0,[0|0]
245010140,,45010,140,2,0,[0|0],4501140,0,0,0,6,0,[0|0]
245010150,,45010,150,2,0,[0|0],4501150,0,0,0,6,0,[0|0]
245010151,,45010,151,2,1,[0|0],4501151,0,0,0,6,0,[0|0]
245010160,,45010,160,2,0,[0|0],4501160,0,0,0,6,0,[0|0]
245010161,,45010,161,2,1,[0|0],4501161,0,0,0,6,0,[0|0]
245010170,,45010,170,2,0,[0|0],4501170,0,0,0,6,0,[0|0]
245010180,,45010,180,2,0,[0|0],4501180,0,0,0,6,0,[0|0]
245010190,,45010,190,2,0,[0|0],4501190,0,0,0,6,0,[0|0]
245010200,,45010,200,2,0,[0|0],4501200,0,0,0,6,0,[0|0]
245010201,,45010,201,2,1,[0|0],4501201,0,0,0,6,0,[0|0]
245010202,,45010,202,2,1,[0|0],4501202,0,0,0,6,0,[0|0]
245010210,,45010,210,2,0,[0|0],4501210,0,0,0,6,0,[0|0]
245010211,,45010,211,2,1,[0|0],4501211,0,0,0,6,0,[0|0]
245010212,,45010,212,2,1,[0|0],4501212,0,0,0,6,0,[0|0]
245010220,,45010,220,2,0,[0|0],4501220,0,0,0,6,0,[0|0]
245010221,,45010,221,2,0,[0|0],4501221,0,0,0,6,0,[0|0]
245010222,,45010,222,2,0,[0|0],4501222,0,0,0,6,0,[0|0]
245010223,,45010,223,2,1,[0|0],4501223,0,0,0,6,0,[0|0]
245010224,,45010,224,2,1,[0|0],4501224,0,0,0,6,0,[0|0]
245010230,,45010,230,2,1,[0|0],4501230,0,0,0,6,0,[0|0]
245010231,,45010,231,2,1,[0|0],4501231,0,0,0,6,0,[0|0]
245010232,,45010,232,2,1,[0|0],4501232,0,0,0,6,0,[0|0]
245010240,,45010,240,2,1,[0|0],4501240,0,0,0,6,0,[0|0]
245010241,,45010,241,2,1,[0|0],4501241,0,0,0,6,0,[0|0]
245010242,,45010,242,2,1,[0|0],4501242,0,0,0,6,0,[0|0]
245010250,,45010,250,2,0,[0|0],4501250,0,0,0,6,0,[0|0]
245010251,,45010,251,2,0,[0|0],4501251,0,0,0,6,0,[0|0]
245010260,,45010,260,2,0,[0|0],4501260,0,0,0,6,0,[0|0]
245010270,,45010,270,2,0,[0|0],4501270,0,0,0,6,0,[0|0]
245010271,,45010,271,2,1,[0|0],4501271,0,0,0,6,0,[0|0]
245010272,,45010,272,2,1,[0|0],4501272,0,0,0,6,0,[0|0]
245010280,,45010,280,2,0,[0|0],4501280,0,0,0,6,0,[0|0]
245010281,,45010,281,2,1,[0|0],4501281,0,0,0,6,0,[0|0]
245010282,,45010,282,2,1,[0|0],4501282,0,0,0,6,0,[0|0]
245010290,,45010,290,2,1,[0|0],4501290,0,0,0,6,0,[0|0]
245010291,,45010,291,2,1,[0|0],4501291,0,0,0,6,0,[0|0]
245010292,,45010,292,2,1,[0|0],4501292,0,0,0,6,0,[0|0]
245010300,,45010,300,2,1,[0|0],4501300,0,0,0,6,0,[0|0]
245010301,,45010,301,2,1,[0|0],4501301,0,0,0,6,0,[0|0]
245010302,,45010,302,2,1,[0|0],4501302,0,0,0,6,0,[0|0]
245010310,,45010,310,2,0,[0|0],4501310,0,0,0,6,0,[0|0]
245010311,,45010,311,2,1,[0|0],4501311,0,0,0,6,0,[0|0]
245010312,,45010,312,2,1,[0|0],4501312,0,0,0,6,0,[0|0]
245010320,,45010,320,2,1,[0|0],4501320,0,0,0,6,0,[0|0]
245010321,,45010,321,2,1,[0|0],4501321,0,0,0,6,0,[0|0]
245010330,,45010,330,2,1,[0|0],4501330,0,0,0,6,0,[0|0]
245010331,,45010,331,2,1,[0|0],4501331,0,0,0,6,0,[0|0]
245010332,,45010,332,2,1,[0|0],4501332,0,0,0,6,0,[0|0]
245010340,,45010,340,2,1,[0|0],4501340,0,0,0,6,0,[0|0]
245010341,,45010,341,2,1,[0|0],4501341,0,0,0,6,0,[0|0]
245010342,,45010,342,2,1,[0|0],4501342,0,0,0,6,0,[0|0]
245010400,,45010,400,2,1,[0|0],4501400,0,0,0,6,0,[0|0]
245010401,,45010,401,2,1,[0|0],4501401,0,0,0,6,0,[0|0]
245010410,,45010,410,2,1,[0|0],4501410,0,0,0,6,0,[0|0]
245010411,,45010,411,2,1,[0|0],4501411,0,0,0,6,0,[0|0]
245010900,,45010,900,2,0,[0|0],4501900,0,0,0,6,0,[0|0]
245010910,,45010,910,2,0,[0|0],4501910,0,0,0,6,0,[0|0]
245010911,,45010,911,2,1,[0|0],4501911,0,0,0,6,0,[0|0]
245020100,,45020,100,2,1,[0|0],4502100,0,0,0,6,0,[0|0]
245020101,,45020,101,2,1,[0|0],4502101,0,0,0,6,0,[0|0]
245020110,,45020,110,2,1,[0|0],4502110,0,0,0,6,0,[0|0]
245020120,,45020,120,2,0,[0|0],4502120,0,0,0,6,0,[0|0]
245020130,,45020,130,2,0,[0|0],4502130,0,0,0,6,0,[0|0]
245020140,,45020,140,2,0,[0|0],4502140,0,0,0,6,0,[0|0]
245020150,,45020,150,2,0,[0|0],4502150,0,0,0,6,0,[0|0]
245020151,,45020,151,2,1,[0|0],4502151,0,0,0,6,0,[0|0]
245020160,,45020,160,2,0,[0|0],4502160,0,0,0,6,0,[0|0]
245020161,,45020,161,2,1,[0|0],4502161,0,0,0,6,0,[0|0]
245020170,,45020,170,2,0,[0|0],4502170,0,0,0,6,0,[0|0]
245020180,,45020,180,2,0,[0|0],4502180,0,0,0,6,0,[0|0]
245020190,,45020,190,2,0,[0|0],4502190,0,0,0,6,0,[0|0]
245020200,,45020,200,2,0,[0|0],4502200,0,0,0,6,0,[0|0]
245020201,,45020,201,2,1,[0|0],4502201,0,0,0,6,0,[0|0]
245020210,,45020,210,2,0,[0|0],4502210,0,0,0,6,0,[0|0]
245020211,,45020,211,2,1,[0|0],4502211,0,0,0,6,0,[0|0]
245020220,,45020,220,2,0,[0|0],4502220,0,0,0,6,0,[0|0]
245020221,,45020,221,2,0,[0|0],4502221,0,0,0,6,0,[0|0]
245020222,,45020,222,2,0,[0|0],4502222,0,0,0,6,0,[0|0]
245020223,,45020,223,2,1,[0|0],4502223,0,0,0,6,0,[0|0]
245020224,,45020,224,2,1,[0|0],4502224,0,0,0,6,0,[0|0]
245020230,,45020,230,2,1,[0|0],4502230,0,0,0,6,0,[0|0]
245020231,,45020,231,2,1,[0|0],4502231,0,0,0,6,0,[0|0]
245020232,,45020,232,2,1,[0|0],4502232,0,0,0,6,0,[0|0]
245020240,,45020,240,2,1,[0|0],4502240,0,0,0,6,0,[0|0]
245020241,,45020,241,2,1,[0|0],4502241,0,0,0,6,0,[0|0]
245020242,,45020,242,2,1,[0|0],4502242,0,0,0,6,0,[0|0]
245020250,,45020,250,2,0,[0|0],4502250,0,0,0,6,0,[0|0]
245020251,,45020,251,2,0,[0|0],4502251,0,0,0,6,0,[0|0]
245020260,,45020,260,2,0,[0|0],4502260,0,0,0,6,0,[0|0]
245020270,,45020,270,2,0,[0|0],4502270,0,0,0,6,0,[0|0]
245020271,,45020,271,2,1,[0|0],4502271,0,0,0,6,0,[0|0]
245020280,,45020,280,2,0,[0|0],4502280,0,0,0,6,0,[0|0]
245020281,,45020,281,2,1,[0|0],4502281,0,0,0,6,0,[0|0]
245020290,,45020,290,2,1,[0|0],4502290,0,0,0,6,0,[0|0]
245020291,,45020,291,2,1,[0|0],4502291,0,0,0,6,0,[0|0]
245020292,,45020,292,2,1,[0|0],4502292,0,0,0,6,0,[0|0]
245020300,,45020,300,2,1,[0|0],4502300,0,0,0,6,0,[0|0]
245020301,,45020,301,2,1,[0|0],4502301,0,0,0,6,0,[0|0]
245020302,,45020,302,2,1,[0|0],4502302,0,0,0,6,0,[0|0]
245020310,,45020,310,2,0,[0|0],4502310,0,0,0,6,0,[0|0]
245020311,,45020,311,2,1,[0|0],4502311,0,0,0,6,0,[0|0]
245020320,,45020,320,2,1,[0|0],4502320,0,0,0,6,0,[0|0]
245020321,,45020,321,2,1,[0|0],4502321,0,0,0,6,0,[0|0]
245020330,,45020,330,2,1,[0|0],4502330,0,0,0,6,0,[0|0]
245020331,,45020,331,2,1,[0|0],4502331,0,0,0,6,0,[0|0]
245020332,,45020,332,2,1,[0|0],4502332,0,0,0,6,0,[0|0]
245020340,,45020,340,2,1,[0|0],4502340,0,0,0,6,0,[0|0]
245020341,,45020,341,2,1,[0|0],4502341,0,0,0,6,0,[0|0]
245020342,,45020,342,2,1,[0|0],4502342,0,0,0,6,0,[0|0]
245020420,,45020,420,2,1,[0|0],4502420,0,0,0,6,0,[0|0]
245020421,,45020,421,2,1,[0|0],4502421,0,0,0,6,0,[0|0]
245020422,,45020,422,2,1,[0|0],4502422,0,0,0,6,0,[0|0]
245020423,,45020,423,2,1,[0|0],4502423,0,0,0,6,0,[0|0]
245020430,,45020,430,2,1,[0|0],4502430,0,0,0,6,0,[0|0]
245020431,,45020,431,2,1,[0|0],4502431,0,0,0,6,0,[0|0]
245020432,,45020,432,2,1,[0|0],4502432,0,0,0,6,0,[0|0]
245020433,,45020,433,2,1,[0|0],4502433,0,0,0,6,0,[0|0]
245020440,,45020,440,2,1,[0|0],4502440,0,0,0,6,0,[0|0]
245020441,,45020,441,2,1,[0|0],4502441,0,0,0,6,0,[0|0]
245020442,,45020,442,2,1,[0|0],4502442,0,0,0,6,0,[0|0]
245020443,,45020,443,2,1,[0|0],4502443,0,0,0,6,0,[0|0]
245020450,,45020,450,2,0,[0|0],4502450,0,0,0,6,0,[0|0]
245020451,,45020,451,2,1,[0|0],4502451,0,0,0,6,0,[0|0]
245020460,,45020,460,2,1,[0|0],4502460,0,0,0,6,0,[0|0]
245020461,,45020,461,2,1,[0|0],4502461,0,0,0,6,0,[0|0]
245020900,,45020,900,2,0,[0|0],4502900,0,0,0,6,0,[0|0]
245020910,,45020,910,2,0,[0|0],4502910,0,0,0,6,0,[0|0]
245020911,,45020,911,2,1,[0|0],4502911,0,0,0,6,0,[0|0]
245030100,,45030,100,2,1,[0|0],4503100,0,0,0,6,0,[0|0]
245030101,,45030,101,2,1,[0|0],4503101,0,0,0,6,0,[0|0]
245030110,,45030,110,2,1,[0|0],4503110,0,0,0,6,0,[0|0]
245030120,,45030,120,2,0,[0|0],4503120,0,0,0,6,0,[0|0]
245030130,,45030,130,2,0,[0|0],4503130,0,0,0,6,0,[0|0]
245030140,,45030,140,2,0,[0|0],4503140,0,0,0,6,0,[0|0]
245030150,,45030,150,2,0,[0|0],4503150,0,0,0,6,0,[0|0]
245030151,,45030,151,2,1,[0|0],4503151,0,0,0,6,0,[0|0]
245030160,,45030,160,2,0,[0|0],4503160,0,0,0,6,0,[0|0]
245030161,,45030,161,2,1,[0|0],4503161,0,0,0,6,0,[0|0]
245030170,,45030,170,2,0,[0|0],4503170,0,0,0,6,0,[0|0]
245030180,,45030,180,2,0,[0|0],4503180,0,0,0,6,0,[0|0]
245030190,,45030,190,2,0,[0|0],4503190,0,0,0,6,0,[0|0]
245030200,,45030,200,2,0,[0|0],4503200,0,0,0,6,0,[0|0]
245030201,,45030,201,2,1,[0|0],4503201,0,0,0,6,0,[0|0]
245030202,,45030,202,2,1,[0|0],4503202,0,0,0,6,0,[0|0]
245030210,,45030,210,2,0,[0|0],4503210,0,0,0,6,0,[0|0]
245030211,,45030,211,2,1,[0|0],4503211,0,0,0,6,0,[0|0]
245030212,,45030,212,2,1,[0|0],4503212,0,0,0,6,0,[0|0]
245030220,,45030,220,2,0,[0|0],4503220,0,0,0,6,0,[0|0]
245030221,,45030,221,2,0,[0|0],4503221,0,0,0,6,0,[0|0]
245030222,,45030,222,2,0,[0|0],4503222,0,0,0,6,0,[0|0]
245030223,,45030,223,2,1,[0|0],4503223,0,0,0,6,0,[0|0]
245030224,,45030,224,2,1,[0|0],4503224,0,0,0,6,0,[0|0]
245030230,,45030,230,2,1,[0|0],4503230,0,0,0,6,0,[0|0]
245030231,,45030,231,2,1,[0|0],4503231,0,0,0,6,0,[0|0]
245030232,,45030,232,2,1,[0|0],4503232,0,0,0,6,0,[0|0]
245030240,,45030,240,2,1,[0|0],4503240,0,0,0,6,0,[0|0]
245030241,,45030,241,2,1,[0|0],4503241,0,0,0,6,0,[0|0]
245030242,,45030,242,2,1,[0|0],4503242,0,0,0,6,0,[0|0]
245030250,,45030,250,2,0,[0|0],4503250,0,0,0,6,0,[0|0]
245030251,,45030,251,2,0,[0|0],4503251,0,0,0,6,0,[0|0]
245030260,,45030,260,2,0,[0|0],4503260,0,0,0,6,0,[0|0]
245030270,,45030,270,2,0,[0|0],4503270,0,0,0,6,0,[0|0]
245030271,,45030,271,2,1,[0|0],4503271,0,0,0,6,0,[0|0]
245030272,,45030,272,2,1,[0|0],4503272,0,0,0,6,0,[0|0]
245030280,,45030,280,2,0,[0|0],4503280,0,0,0,6,0,[0|0]
245030281,,45030,281,2,1,[0|0],4503281,0,0,0,6,0,[0|0]
245030282,,45030,282,2,1,[0|0],4503282,0,0,0,6,0,[0|0]
245030290,,45030,290,2,1,[0|0],4503290,0,0,0,6,0,[0|0]
245030291,,45030,291,2,1,[0|0],4503291,0,0,0,6,0,[0|0]
245030292,,45030,292,2,1,[0|0],4503292,0,0,0,6,0,[0|0]
245030300,,45030,300,2,1,[0|0],4503300,0,0,0,6,0,[0|0]
245030301,,45030,301,2,1,[0|0],4503301,0,0,0,6,0,[0|0]
245030302,,45030,302,2,1,[0|0],4503302,0,0,0,6,0,[0|0]
245030310,,45030,310,2,0,[0|0],4503310,0,0,0,6,0,[0|0]
245030311,,45030,311,2,1,[0|0],4503311,0,0,0,6,0,[0|0]
245030312,,45030,312,2,1,[0|0],4503312,0,0,0,6,0,[0|0]
245030320,,45030,320,2,1,[0|0],4503320,0,0,0,6,0,[0|0]
245030321,,45030,321,2,1,[0|0],4503321,0,0,0,6,0,[0|0]
245030330,,45030,330,2,1,[0|0],4503330,0,0,0,6,0,[0|0]
245030331,,45030,331,2,1,[0|0],4503331,0,0,0,6,0,[0|0]
245030332,,45030,332,2,1,[0|0],4503332,0,0,0,6,0,[0|0]
245030340,,45030,340,2,1,[0|0],4503340,0,0,0,6,0,[0|0]
245030341,,45030,341,2,1,[0|0],4503341,0,0,0,6,0,[0|0]
245030342,,45030,342,2,1,[0|0],4503342,0,0,0,6,0,[0|0]
245030470,,45030,470,2,1,[0|0],4503470,0,0,0,6,0,[0|0]
245030471,,45030,471,2,1,[0|0],4503471,0,0,0,6,0,[0|0]
245030472,,45030,472,2,1,[0|0],4503472,0,0,0,6,0,[0|0]
245030480,,45030,480,2,1,[0|0],4503480,0,0,0,6,0,[0|0]
245030900,,45030,900,2,0,[0|0],4503900,0,0,0,6,0,[0|0]
245030910,,45030,910,2,0,[0|0],4503910,0,0,0,6,0,[0|0]
245030911,,45030,911,2,1,[0|0],4503911,0,0,0,6,0,[0|0]
245100100,,45100,100,2,0,[0|0],4510100,0,0,0,6,0,[0|0]
245100101,,45100,101,2,0,[0|0],4510101,0,0,0,6,0,[0|0]
245100110,,45100,110,2,0,[0|0],4510110,0,0,0,6,0,[0|0]
245100120,,45100,120,2,0,[0|0],4510120,0,0,0,6,0,[0|0]
245100130,,45100,130,2,0,[0|0],4510130,0,0,0,6,0,[0|0]
245100140,,45100,140,2,0,[0|0],4510140,0,0,0,6,0,[0|0]
245100150,,45100,150,2,0,[0|0],4510150,0,0,0,6,0,[0|0]
245100160,,45100,160,2,0,[0|0],4510160,0,0,0,6,0,[0|0]
245100161,,45100,161,2,0,[0|0],4510161,0,0,0,6,0,[0|0]
245100170,,45100,170,2,0,[0|0],4510170,0,0,0,6,0,[0|0]
245100190,,45100,190,2,0,[0|0],4510190,0,0,0,6,0,[0|0]
245100191,,45100,191,2,0,[0|0],4510191,0,0,0,6,0,[0|0]
245100192,,45100,192,2,0,[0|0],4510192,0,0,0,6,0,[0|0]
245100200,,45100,200,2,1,[0|0],4510200,0,0,0,6,0,[0|0]
245100205,,45100,205,2,1,[0|0],4510205,0,0,0,6,0,[0|0]
245100240,,45100,240,2,0,[0|0],4510240,0,0,0,6,0,[0|0]
245100241,,45100,241,2,1,[0|0],4510241,0,0,0,6,0,[0|0]
245100250,,45100,250,2,0,[0|0],4510250,0,0,0,6,0,[0|0]
245100251,,45100,251,2,0,[0|0],4510251,0,0,0,6,0,[0|0]
245100252,,45100,252,2,1,[0|0],4510252,0,0,0,6,0,[0|0]
245100253,,45100,253,2,1,[0|0],4510253,0,0,0,6,0,[0|0]
245100260,,45100,260,2,0,[0|0],4510260,0,0,0,6,0,[0|0]
245100270,,45100,270,2,0,[0|0],4510270,0,0,0,6,0,[0|0]
245100280,,45100,280,2,0,[0|0],4510280,0,0,0,6,0,[0|0]
245100290,,45100,290,2,1,[0|0],4510290,0,0,0,6,0,[0|0]
245100300,,45100,300,2,0,[0|0],4510300,0,0,0,6,0,[0|0]
245100310,,45100,310,2,0,[0|0],4510310,0,0,0,6,0,[0|0]
245100320,,45100,320,2,0,[0|0],4510320,0,0,0,6,0,[0|0]
245100330,,45100,330,2,1,[0|0],4510330,0,0,0,6,0,[0|0]
245100340,,45100,340,2,1,[0|0],4510340,0,0,0,6,0,[0|0]
245100350,,45100,350,2,0,[0|0],4510350,0,0,0,6,0,[0|0]
245100360,,45100,360,2,0,[0|0],4510360,0,0,0,6,0,[0|0]
245100370,,45100,370,2,0,[0|0],4510370,0,0,0,6,0,[0|0]
245100380,,45100,380,2,0,[0|0],4510380,0,0,0,6,0,[0|0]
245100381,,45100,381,2,0,[0|0],4510381,0,0,0,6,0,[0|0]
245100390,,45100,390,2,1,[0|0],4510390,0,0,0,6,0,[0|0]
245100399,,45100,399,2,1,[0|0],4510399,0,0,0,6,0,[0|0]
245100400,,45100,400,2,0,[0|0],4510400,0,0,0,6,0,[0|0]
245100401,,45100,401,2,0,[0|0],4510401,0,0,0,6,0,[0|0]
245100410,,45100,410,2,0,[0|0],4510410,0,0,0,6,0,[0|0]
245100420,,45100,420,2,0,[0|0],4510420,0,0,0,6,0,[0|0]
245100430,,45100,430,2,0,[0|0],4510430,0,0,0,6,0,[0|0]
245100440,,45100,440,2,0,[0|0],4510440,0,0,0,6,0,[0|0]
245100650,,45100,650,2,0,[0|0],4510650,0,0,0,6,0,[0|0]
245100660,,45100,660,2,0,[0|0],4510660,0,0,0,6,0,[0|0]
245100800,,45100,800,2,1,[0|0],4510800,0,0,0,6,0,[0|0]
245100801,,45100,801,2,1,[0|0],4510801,0,0,0,6,0,[0|0]
245100802,,45100,802,2,1,[0|0],4510802,0,0,0,6,0,[0|0]
245100803,,45100,803,2,1,[0|0],4510803,0,0,0,6,0,[0|0]
245100804,,45100,804,2,1,[0|0],4510804,0,0,0,6,0,[0|0]
245100810,,45100,810,2,1,[0|0],4510810,0,0,0,6,0,[0|0]
245100820,,45100,820,2,1,[0|0],4510820,0,0,0,6,0,[0|0]
245100830,,45100,830,2,1,[0|0],4510830,0,0,0,6,0,[0|0]
245100900,,45100,900,2,1,[0|0],4510900,0,0,0,6,0,[0|0]
245100901,,45100,901,2,0,[0|0],4510901,0,0,0,6,0,[0|0]
245100910,,45100,910,2,1,[0|0],4510910,0,0,0,6,0,[0|0]
245100920,,45100,920,2,1,[0|0],4510920,0,0,0,6,0,[0|0]
245100921,,45100,921,2,1,[0|0],4510921,0,0,0,6,0,[0|0]
245100922,,45100,922,2,1,[0|0],4510922,0,0,0,6,0,[0|0]
245100923,,45100,923,2,1,[0|0],4510923,0,0,0,6,0,[0|0]
245100930,,45100,930,2,1,[0|0],4510930,0,0,0,6,0,[0|0]
245100935,,45100,935,2,1,[0|0],4510935,0,0,0,6,0,[0|0]
245100940,,45100,940,2,1,[0|0],4510940,0,0,0,6,0,[0|0]
245100950,,45100,950,2,1,[0|0],4510950,0,0,0,6,0,[0|0]
245100960,,45100,960,2,1,[0|0],4510960,0,0,0,6,0,[0|0]
245100970,,45100,970,2,1,[0|0],4510970,0,0,0,6,0,[0|0]
245100980,,45100,980,2,0,[0|0],4510980,0,0,0,6,0,[0|0]
245100990,,45100,990,2,0,[0|0],4510990,0,0,0,6,0,[0|0]
245100991,,45100,991,2,0,[0|0],4510991,0,0,0,6,0,[0|0]
245100992,,45100,992,2,0,[0|0],4510992,0,0,0,6,0,[0|0]
245200100,,45200,100,2,0,[0|0],4520100,0,0,0,6,0,[0|0]
245200101,,45200,101,2,0,[0|0],4520101,0,0,0,6,0,[0|0]
245200105,,45200,105,2,1,[0|0],4520105,0,0,0,6,0,[0|0]
245200110,,45200,110,2,0,[0|0],4520110,0,0,0,6,0,[0|0]
245200111,,45200,111,2,0,[0|0],4520111,0,0,0,6,0,[0|0]
245200115,,45200,115,2,1,[0|0],4520115,0,0,0,6,0,[0|0]
245200120,,45200,120,2,0,[0|0],4520120,0,0,0,6,0,[0|0]
245200130,,45200,130,2,0,[0|0],4520130,0,0,0,6,0,[0|0]
245200160,,45200,160,2,0,[0|0],4520160,0,0,0,6,0,[0|0]
245200165,,45200,165,2,0,[0|0],4520165,0,0,0,6,0,[0|0]
245200170,,45200,170,2,0,[0|0],4520170,0,0,0,6,0,[0|0]
245200171,,45200,171,2,0,[0|0],4520171,0,0,0,6,0,[0|0]
245200180,,45200,180,2,0,[0|0],4520180,0,0,0,6,0,[0|0]
245200181,,45200,181,2,0,[0|0],4520181,0,0,0,6,0,[0|0]
245200190,,45200,190,2,0,[0|0],4520190,0,0,0,6,0,[0|0]
245200191,,45200,191,2,0,[0|0],4520191,0,0,0,6,0,[0|0]
245200200,,45200,200,2,0,[0|0],4520200,0,0,0,6,0,[0|0]
245200201,,45200,201,2,0,[0|0],4520201,0,0,0,6,0,[0|0]
245200210,,45200,210,2,0,[0|0],4520210,0,0,0,6,0,[0|0]
245200215,,45200,215,2,1,[0|0],4520215,0,0,0,6,0,[0|0]
245200220,,45200,220,2,0,[0|0],4520220,0,0,0,6,0,[0|0]
245200225,,45200,225,2,1,[0|0],4520225,0,0,0,6,0,[0|0]
245200240,,45200,240,2,0,[0|0],4520240,0,0,0,6,0,[0|0]
245200241,,45200,241,2,0,[0|0],4520241,0,0,0,6,0,[0|0]
245200245,,45200,245,2,1,[0|0],4520245,0,0,0,6,0,[0|0]
245200250,,45200,250,2,0,[0|0],4520250,0,0,0,6,0,[0|0]
245200251,,45200,251,2,1,[0|0],4520251,0,0,0,6,0,[0|0]
245200255,,45200,255,2,1,[0|0],4520255,0,0,0,6,0,[0|0]
245200260,,45200,260,2,0,[0|0],4520260,0,0,0,6,0,[0|0]
245200261,,45200,261,2,0,[0|0],4520261,0,0,0,6,0,[0|0]
245200270,,45200,270,2,0,[0|0],4520270,0,0,0,6,0,[0|0]
245200275,,45200,275,2,1,[0|0],4520275,0,0,0,6,0,[0|0]
245200280,,45200,280,2,0,[0|0],4520280,0,0,0,6,0,[0|0]
245200281,,45200,281,2,0,[0|0],4520281,0,0,0,6,0,[0|0]
245200290,,45200,290,2,0,[0|0],4520290,0,0,0,6,0,[0|0]
245200291,,45200,291,2,0,[0|0],4520291,0,0,0,6,0,[0|0]
245200320,,45200,320,2,1,[0|0],4520320,0,0,0,6,0,[0|0]
245200325,,45200,325,2,1,[0|0],4520325,0,0,0,6,0,[0|0]
245200330,,45200,330,2,1,[0|0],4520330,0,0,0,6,0,[0|0]
245200340,,45200,340,2,1,[0|0],4520340,0,0,0,6,0,[0|0]
245200345,,45200,345,2,1,[0|0],4520345,0,0,0,6,0,[0|0]
245200350,,45200,350,2,0,[0|0],4520350,0,0,0,6,0,[0|0]
245200351,,45200,351,2,0,[0|0],4520351,0,0,0,6,0,[0|0]
245200360,,45200,360,2,0,[0|0],4520360,0,0,0,6,0,[0|0]
245200361,,45200,361,2,0,[0|0],4520361,0,0,0,6,0,[0|0]
245200390,,45200,390,2,0,[0|0],4520390,0,0,0,6,0,[0|0]
245200391,,45200,391,2,0,[0|0],4520391,0,0,0,6,0,[0|0]
245200400,,45200,400,2,0,[0|0],4520400,0,0,0,6,0,[0|0]
245200401,,45200,401,2,0,[0|0],4520401,0,0,0,6,0,[0|0]
245200410,,45200,410,2,0,[0|0],4520410,0,0,0,6,0,[0|0]
245200411,,45200,411,2,0,[0|0],4520411,0,0,0,6,0,[0|0]
245200430,,45200,430,2,0,[0|0],4520430,0,0,0,6,0,[0|0]
245200431,,45200,431,2,0,[0|0],4520431,0,0,0,6,0,[0|0]
245200450,,45200,450,2,0,[0|0],4520450,0,0,0,6,0,[0|0]
245200451,,45200,451,2,0,[0|0],4520451,0,0,0,6,0,[0|0]
245200460,,45200,460,2,1,[0|0],4520460,0,0,0,6,0,[0|0]
245200465,,45200,465,2,1,[0|0],4520465,0,0,0,6,0,[0|0]
245200468,,45200,468,2,0,[0|0],4520468,0,0,0,6,0,[0|0]
245200469,,45200,469,2,0,[0|0],4520469,0,0,0,6,0,[0|0]
245200500,,45200,500,2,1,[0|0],4520500,0,0,0,6,0,[0|0]
245200505,,45200,505,2,1,[0|0],4520505,0,0,0,6,0,[0|0]
245200510,,45200,510,2,1,[0|0],4520510,0,0,0,6,0,[0|0]
245200515,,45200,515,2,1,[0|0],4520515,0,0,0,6,0,[0|0]
245200550,,45200,550,2,0,[0|0],4520550,0,0,0,6,0,[0|0]
245200555,,45200,555,2,0,[0|0],4520555,0,0,0,6,0,[0|0]
245200800,,45200,800,2,1,[0|0],4520800,0,0,0,6,0,[0|0]
245200810,,45200,810,2,1,[0|0],4520810,0,0,0,6,0,[0|0]
245200920,,45200,920,2,1,[0|0],4520920,0,0,0,6,0,[0|0]
245200930,,45200,930,2,1,[0|0],4520930,0,0,0,6,0,[0|0]
245200935,,45200,935,2,1,[0|0],4520935,0,0,0,6,0,[0|0]
245200940,,45200,940,2,1,[0|0],4520940,0,0,0,6,0,[0|0]
245200950,,45200,950,2,1,[0|0],4520950,0,0,0,6,0,[0|0]
245200955,,45200,955,2,1,[0|0],4520955,0,0,0,6,0,[0|0]
245200990,,45200,990,2,0,[0|0],4520990,0,0,0,6,0,[0|0]
245200991,,45200,991,2,0,[0|0],4520991,0,0,0,6,0,[0|0]
245200992,,45200,992,2,0,[0|0],4520992,0,0,0,6,0,[0|0]
245200993,,45200,993,2,0,[0|0],4520993,0,0,0,6,0,[0|0]
245200994,,45200,994,2,0,[0|0],4520994,0,0,0,6,0,[0|0]
245500100,,45500,100,2,0,[0|0],4550100,0,0,0,6,0,[0|0]
245500101,,45500,101,2,0,[0|0],4550101,0,0,0,6,0,[0|0]
245500110,,45500,110,2,0,[0|0],4550110,0,0,0,6,0,[0|0]
245500111,,45500,111,2,0,[0|0],4550111,0,0,0,6,0,[0|0]
245500120,,45500,120,2,0,[0|0],4550120,0,0,0,6,0,[0|0]
245500130,,45500,130,2,0,[0|0],4550130,0,0,0,6,0,[0|0]
245500131,,45500,131,2,0,[0|0],4550131,0,0,0,6,0,[0|0]
245500140,,45500,140,2,0,[0|0],4550140,0,0,0,6,0,[0|0]
245500150,,45500,150,2,0,[0|0],4550150,0,0,0,6,0,[0|0]
245500160,,45500,160,2,0,[0|0],4550160,0,0,0,6,0,[0|0]
245500161,,45500,161,2,0,[0|0],4550161,0,0,0,6,0,[0|0]
245500170,,45500,170,2,0,[0|0],4550170,0,0,0,6,0,[0|0]
245500171,,45500,171,2,0,[0|0],4550171,0,0,0,6,0,[0|0]
245500172,,45500,172,2,0,[0|0],4550172,0,0,0,6,0,[0|0]
245500173,,45500,173,2,0,[0|0],4550173,0,0,0,6,0,[0|0]
245500174,,45500,174,2,0,[0|0],4550174,0,0,0,6,0,[0|0]
245500175,,45500,175,2,0,[0|0],4550175,0,0,0,6,0,[0|0]
245500176,,45500,176,2,0,[0|0],4550176,0,0,0,6,0,[0|0]
245500177,,45500,177,2,0,[0|0],4550177,0,0,0,6,0,[0|0]
245500178,,45500,178,2,0,[0|0],4550178,0,0,0,6,0,[0|0]
245500180,,45500,180,2,0,[0|0],4550180,0,0,0,6,0,[0|0]
245500190,,45500,190,2,0,[0|0],4550190,0,0,0,6,0,[0|0]
245500200,,45500,200,2,0,[0|0],4550200,0,0,0,6,0,[0|0]
245500201,,45500,201,2,0,[0|0],4550201,0,0,0,6,0,[0|0]
245500210,,45500,210,2,0,[0|0],4550210,0,0,0,6,0,[0|0]
245500211,,45500,211,2,0,[0|0],4550211,0,0,0,6,0,[0|0]
245500212,,45500,212,2,0,[0|0],4550212,0,0,0,6,0,[0|0]
245500213,,45500,213,2,0,[0|0],4550213,0,0,0,6,0,[0|0]
245500214,,45500,214,2,0,[0|0],4550214,0,0,0,6,0,[0|0]
245500220,,45500,220,2,0,[0|0],4550220,0,0,0,6,0,[0|0]
245500221,,45500,221,2,1,[0|0],4550221,0,0,0,6,0,[0|0]
245500230,,45500,230,2,1,[0|0],4550230,0,0,0,6,0,[0|0]
245500240,,45500,240,2,0,[0|0],4550240,0,0,0,6,0,[0|0]
245500241,,45500,241,2,0,[0|0],4550241,0,0,0,6,0,[0|0]
245500370,,45500,370,2,1,[0|0],4550370,0,0,0,6,0,[0|0]
245500371,,45500,371,2,1,[0|0],4550371,0,0,0,6,0,[0|0]
245500372,,45500,372,2,1,[0|0],4550372,0,0,0,6,0,[0|0]
245500373,,45500,373,2,1,[0|0],4550373,0,0,0,6,0,[0|0]
245500900,,45500,900,2,0,[0|0],4550900,0,0,0,6,0,[0|0]
245500950,,45500,950,2,1,[0|0],4550950,0,0,0,6,0,[0|0]
245500951,,45500,951,2,1,[0|0],4550951,0,0,0,6,0,[0|0]
245600100,,45600,100,2,0,[0|0],4560100,0,0,0,6,0,[0|0]
245600110,,45600,110,2,0,[0|0],4560110,0,0,0,6,0,[0|0]
245600120,,45600,120,2,0,[0|0],4560120,0,0,0,6,0,[0|0]
245600130,,45600,130,2,0,[0|0],4560130,0,0,0,6,0,[0|0]
245600131,,45600,131,2,0,[0|0],4560131,0,0,0,6,0,[0|0]
245600132,,45600,132,2,0,[0|0],4560132,0,0,0,6,0,[0|0]
245600133,,45600,133,2,0,[0|0],4560133,0,0,0,6,0,[0|0]
245600140,,45600,140,2,0,[0|0],4560140,0,0,0,6,0,[0|0]
245600150,,45600,150,2,0,[0|0],4560150,0,0,0,6,0,[0|0]
245600151,,45600,151,2,0,[0|0],4560151,0,0,0,6,0,[0|0]
245600160,,45600,160,2,0,[0|0],4560160,0,0,0,6,0,[0|0]
245600161,,45600,161,2,0,[0|0],4560161,0,0,0,6,0,[0|0]
245600170,,45600,170,2,0,[0|0],4560170,0,0,0,6,0,[0|0]
245600171,,45600,171,2,0,[0|0],4560171,0,0,0,6,0,[0|0]
245600180,,45600,180,2,0,[0|0],4560180,0,0,0,6,0,[0|0]
245600181,,45600,181,2,0,[0|0],4560181,0,0,0,6,0,[0|0]
245600190,,45600,190,2,0,[0|0],4560190,0,0,0,6,0,[0|0]
245600200,,45600,200,2,0,[0|0],4560200,0,0,0,6,0,[0|0]
245600201,,45600,201,2,0,[0|0],4560201,0,0,0,6,0,[0|0]
245600210,,45600,210,2,0,[0|0],4560210,0,0,0,6,0,[0|0]
245600211,,45600,211,2,0,[0|0],4560211,0,0,0,6,0,[0|0]
245600250,,45600,250,2,0,[0|0],4560250,0,0,0,6,0,[0|0]
245600251,,45600,251,2,0,[0|0],4560251,0,0,0,6,0,[0|0]
245600252,,45600,252,2,0,[0|0],4560252,0,0,0,6,0,[0|0]
245600253,,45600,253,2,0,[0|0],4560253,0,0,0,6,0,[0|0]
245600300,,45600,300,2,0,[0|0],4560300,0,0,0,6,0,[0|0]
245600301,,45600,301,2,0,[0|0],4560301,0,0,0,6,0,[0|0]
245600310,,45600,310,2,0,[0|0],4560310,0,0,0,6,0,[0|0]
245600500,,45600,500,2,1,[0|0],4560500,0,0,0,6,0,[0|0]
245600510,,45600,510,2,0,[0|0],4560510,0,0,0,6,0,[0|0]
245600511,,45600,511,2,0,[0|0],4560511,0,0,0,6,0,[0|0]
245600900,,45600,900,2,0,[0|0],4560900,0,0,0,6,0,[0|0]
245600990,,45600,990,2,0,[0|0],4560990,0,0,0,6,0,[0|0]
245700100,,45700,100,2,0,[0|0],4570100,0,0,0,6,0,[0|0]
245700101,,45700,101,2,0,[0|0],4570101,0,0,0,6,0,[0|0]
245700110,,45700,110,2,0,[0|0],4570110,0,0,0,6,0,[0|0]
245700111,,45700,111,2,0,[0|0],4570111,0,0,0,6,0,[0|0]
245700120,,45700,120,2,0,[0|0],4570120,0,0,0,6,0,[0|0]
245700121,,45700,121,2,0,[0|0],4570121,0,0,0,6,0,[0|0]
245700130,,45700,130,2,0,[0|0],4570130,0,0,0,6,0,[0|0]
245700131,,45700,131,2,0,[0|0],4570131,0,0,0,6,0,[0|0]
245700140,,45700,140,2,0,[0|0],4570140,0,0,0,6,0,[0|0]
245700150,,45700,150,2,0,[0|0],4570150,0,0,0,6,0,[0|0]
245700151,,45700,151,2,0,[0|0],4570151,0,0,0,6,0,[0|0]
245700160,,45700,160,2,0,[0|0],4570160,0,0,0,6,0,[0|0]
245700161,,45700,161,2,0,[0|0],4570161,0,0,0,6,0,[0|0]
245700170,,45700,170,2,1,[0|0],4570170,0,0,0,6,0,[0|0]
245700171,,45700,171,2,1,[0|0],4570171,0,0,0,6,0,[0|0]
245700172,,45700,172,2,1,[0|0],4570172,0,0,0,6,0,[0|0]
245700180,,45700,180,2,1,[0|0],4570180,0,0,0,6,0,[0|0]
245700181,,45700,181,2,1,[0|0],4570181,0,0,0,6,0,[0|0]
245700190,,45700,190,2,1,[0|0],4570190,0,0,0,6,0,[0|0]
245700191,,45700,191,2,1,[0|0],4570191,0,0,0,6,0,[0|0]
245700192,,45700,192,2,1,[0|0],4570192,0,0,0,6,0,[0|0]
245700193,,45700,193,2,1,[0|0],4570193,0,0,0,6,0,[0|0]
245700194,,45700,194,2,1,[0|0],4570194,0,0,0,6,0,[0|0]
245700200,,45700,200,2,1,[0|0],4570200,0,0,0,6,0,[0|0]
245700210,,45700,210,2,1,[0|0],4570210,0,0,0,6,0,[0|0]
245700211,,45700,211,2,1,[0|0],4570211,0,0,0,6,0,[0|0]
245700220,,45700,220,2,1,[0|0],4570220,0,0,0,6,0,[0|0]
245700221,,45700,221,2,1,[0|0],4570221,0,0,0,6,0,[0|0]
245700230,,45700,230,2,1,[0|0],4570230,0,0,0,6,0,[0|0]
245700240,,45700,240,2,1,[0|0],4570240,0,0,0,6,0,[0|0]
245700250,,45700,250,2,1,[0|0],4570250,0,0,0,6,0,[0|0]
245700251,,45700,251,2,1,[0|0],4570251,0,0,0,6,0,[0|0]
245700260,,45700,260,2,1,[0|0],4570260,0,0,0,6,0,[0|0]
245700261,,45700,261,2,1,[0|0],4570261,0,0,0,6,0,[0|0]
245700900,,45700,900,2,0,[0|0],4570900,0,0,0,6,0,[0|0]
245800100,,45800,100,2,0,[0|0],4580100,0,0,0,6,0,[0|0]
245800110,,45800,110,2,0,[0|0],4580110,0,0,0,6,0,[0|0]
245800120,,45800,120,2,1,[0|0],4580120,0,0,0,6,0,[0|0]
245800121,,45800,121,2,1,[0|0],4580121,0,0,0,6,0,[0|0]
245800122,,45800,122,2,1,[0|0],4580122,0,0,0,6,0,[0|0]
245800130,,45800,130,2,1,[0|0],4580130,0,0,0,6,0,[0|0]
245800131,,45800,131,2,1,[0|0],4580131,0,0,0,6,0,[0|0]
245800132,,45800,132,2,1,[0|0],4580132,0,0,0,6,0,[0|0]
245800133,,45800,133,2,1,[0|0],4580133,0,0,0,6,0,[0|0]
245800140,,45800,140,2,1,[0|0],4580140,0,0,0,6,0,[0|0]
245800150,,45800,150,2,0,[0|0],4580150,0,0,0,6,0,[0|0]
245800151,,45800,151,2,0,[0|0],4580151,0,0,0,6,0,[0|0]
245800152,,45800,152,2,1,[0|0],4580152,0,0,0,6,0,[0|0]
245800160,,45800,160,2,0,[0|0],4580160,0,0,0,6,0,[0|0]
245800161,,45800,161,2,0,[0|0],4580161,0,0,0,6,0,[0|0]
245800162,,45800,162,2,0,[0|0],4580162,0,0,0,6,0,[0|0]
245800163,,45800,163,2,0,[0|0],4580163,0,0,0,6,0,[0|0]
245800164,,45800,164,2,0,[0|0],4580164,0,0,0,6,0,[0|0]
245800165,,45800,165,2,0,[0|0],4580165,0,0,0,6,0,[0|0]
245800166,,45800,166,2,1,[0|0],4580166,0,0,0,6,0,[0|0]
245800170,,45800,170,2,0,[0|0],4580170,0,0,0,6,0,[0|0]
245800171,,45800,171,2,0,[0|0],4580171,0,0,0,6,0,[0|0]
245800172,,45800,172,2,0,[0|0],4580172,0,0,0,6,0,[0|0]
245800173,,45800,173,2,1,[0|0],4580173,0,0,0,6,0,[0|0]
245800180,,45800,180,2,0,[0|0],4580180,0,0,0,6,0,[0|0]
245800181,,45800,181,2,0,[0|0],4580181,0,0,0,6,0,[0|0]
245800182,,45800,182,2,0,[0|0],4580182,0,0,0,6,0,[0|0]
245800183,,45800,183,2,1,[0|0],4580183,0,0,0,6,0,[0|0]
245800190,,45800,190,2,1,[0|0],4580190,0,0,0,6,0,[0|0]
245800191,,45800,191,2,1,[0|0],4580191,0,0,0,6,0,[0|0]
245800200,,45800,200,2,1,[0|0],4580200,0,0,0,6,0,[0|0]
245800201,,45800,201,2,1,[0|0],4580201,0,0,0,6,0,[0|0]
245800210,,45800,210,2,0,[0|0],4580210,0,0,0,6,0,[0|0]
245800211,,45800,211,2,1,[0|0],4580211,0,0,0,6,0,[0|0]
245800220,,45800,220,2,0,[0|0],4580220,0,0,0,6,0,[0|0]
245800230,,45800,230,2,0,[0|0],4580230,0,0,0,6,0,[0|0]
245800231,,45800,231,2,1,[0|0],4580231,0,0,0,6,0,[0|0]
245800240,,45800,240,2,0,[0|0],4580240,0,0,0,6,0,[0|0]
245800241,,45800,241,2,1,[0|0],4580241,0,0,0,6,0,[0|0]
245800250,,45800,250,2,0,[0|0],4580250,0,0,0,6,0,[0|0]
245800260,,45800,260,2,0,[0|0],4580260,0,0,0,6,0,[0|0]
245800270,,45800,270,2,1,[0|0],4580270,0,0,0,6,0,[0|0]
245800271,,45800,271,2,1,[0|0],4580271,0,0,0,6,0,[0|0]
245800280,,45800,280,2,0,[0|0],4580280,0,0,0,6,0,[0|0]
245800301,,45800,301,2,1,[0|0],4580301,0,0,0,6,0,[0|0]
245800500,,45800,500,2,0,[0|0],4580500,0,0,0,6,0,[0|0]
245800510,,45800,510,2,0,[0|0],4580510,0,0,0,6,0,[0|0]
245800520,,45800,520,2,1,[0|0],4580520,0,0,0,6,0,[0|0]
245800521,,45800,521,2,1,[0|0],4580521,0,0,0,6,0,[0|0]
245800522,,45800,522,2,1,[0|0],4580522,0,0,0,6,0,[0|0]
245800530,,45800,530,2,1,[0|0],4580530,0,0,0,6,0,[0|0]
245800531,,45800,531,2,1,[0|0],4580531,0,0,0,6,0,[0|0]
245800532,,45800,532,2,1,[0|0],4580532,0,0,0,6,0,[0|0]
245800533,,45800,533,2,1,[0|0],4580533,0,0,0,6,0,[0|0]
245800540,,45800,540,2,1,[0|0],4580540,0,0,0,6,0,[0|0]
245800550,,45800,550,2,0,[0|0],4580550,0,0,0,6,0,[0|0]
245800551,,45800,551,2,0,[0|0],4580551,0,0,0,6,0,[0|0]
245800552,,45800,552,2,1,[0|0],4580552,0,0,0,6,0,[0|0]
245800560,,45800,560,2,0,[0|0],4580560,0,0,0,6,0,[0|0]
245800561,,45800,561,2,0,[0|0],4580561,0,0,0,6,0,[0|0]
245800562,,45800,562,2,0,[0|0],4580562,0,0,0,6,0,[0|0]
245800563,,45800,563,2,0,[0|0],4580563,0,0,0,6,0,[0|0]
245800564,,45800,564,2,0,[0|0],4580564,0,0,0,6,0,[0|0]
245800565,,45800,565,2,0,[0|0],4580565,0,0,0,6,0,[0|0]
245800566,,45800,566,2,1,[0|0],4580566,0,0,0,6,0,[0|0]
245800570,,45800,570,2,0,[0|0],4580570,0,0,0,6,0,[0|0]
245800571,,45800,571,2,0,[0|0],4580571,0,0,0,6,0,[0|0]
245800572,,45800,572,2,0,[0|0],4580572,0,0,0,6,0,[0|0]
245800573,,45800,573,2,1,[0|0],4580573,0,0,0,6,0,[0|0]
245800580,,45800,580,2,0,[0|0],4580580,0,0,0,6,0,[0|0]
245800581,,45800,581,2,0,[0|0],4580581,0,0,0,6,0,[0|0]
245800582,,45800,582,2,0,[0|0],4580582,0,0,0,6,0,[0|0]
245800583,,45800,583,2,1,[0|0],4580583,0,0,0,6,0,[0|0]
245800590,,45800,590,2,1,[0|0],4580590,0,0,0,6,0,[0|0]
245800591,,45800,591,2,1,[0|0],4580591,0,0,0,6,0,[0|0]
245800600,,45800,600,2,1,[0|0],4580600,0,0,0,6,0,[0|0]
245800601,,45800,601,2,1,[0|0],4580601,0,0,0,6,0,[0|0]
245800610,,45800,610,2,0,[0|0],4580610,0,0,0,6,0,[0|0]
245800611,,45800,611,2,1,[0|0],4580611,0,0,0,6,0,[0|0]
245800620,,45800,620,2,0,[0|0],4580620,0,0,0,6,0,[0|0]
245800630,,45800,630,2,0,[0|0],4580630,0,0,0,6,0,[0|0]
245800631,,45800,631,2,1,[0|0],4580631,0,0,0,6,0,[0|0]
245800640,,45800,640,2,0,[0|0],4580640,0,0,0,6,0,[0|0]
245800641,,45800,641,2,1,[0|0],4580641,0,0,0,6,0,[0|0]
245800650,,45800,650,2,0,[0|0],4580650,0,0,0,6,0,[0|0]
245800660,,45800,660,2,0,[0|0],4580660,0,0,0,6,0,[0|0]
245800670,,45800,670,2,1,[0|0],4580670,0,0,0,6,0,[0|0]
245800671,,45800,671,2,1,[0|0],4580671,0,0,0,6,0,[0|0]
245800680,,45800,680,2,0,[0|0],4580680,0,0,0,6,0,[0|0]
245800701,,45800,701,2,1,[0|0],4580701,0,0,0,6,0,[0|0]
245800720,,45800,720,2,1,[0|0],4580720,0,0,0,6,0,[0|0]
245800721,,45800,721,2,1,[0|0],4580721,0,0,0,6,0,[0|0]
245800800,,45800,800,2,0,[0|0],4580800,0,0,0,6,0,[0|0]
245800900,,45800,900,2,0,[0|0],4580900,0,0,0,6,0,[0|0]
246000100,,46000,100,2,0,[0|0],4600100,0,0,0,6,0,[0|0]
246000101,,46000,101,2,1,[0|0],4600101,0,0,0,6,0,[0|0]
246000102,,46000,102,2,0,[0|0],4600102,0,0,0,6,0,[0|0]
246000103,,46000,103,2,1,[0|0],4600103,0,0,0,6,0,[0|0]
246000110,,46000,110,2,0,[0|0],4600110,0,0,0,6,0,[0|0]
246000120,,46000,120,2,0,[0|0],4600120,0,0,0,6,0,[0|0]
246000121,,46000,121,2,1,[0|0],4600121,0,0,0,6,0,[0|0]
246000130,,46000,130,2,0,[0|0],4600130,0,0,0,6,0,[0|0]
246000131,,46000,131,2,1,[0|0],4600131,0,0,0,6,0,[0|0]
246000140,,46000,140,2,0,[0|0],4600140,0,0,0,6,0,[0|0]
246000141,,46000,141,2,1,[0|0],4600141,0,0,0,6,0,[0|0]
246000150,,46000,150,2,0,[0|0],4600150,0,0,0,6,0,[0|0]
246000160,,46000,160,2,0,[0|0],4600160,0,0,0,6,0,[0|0]
246000170,,46000,170,2,0,[0|0],4600170,0,0,0,6,0,[0|0]
246000171,,46000,171,2,1,[0|0],4600171,0,0,0,6,0,[0|0]
246000180,,46000,180,2,0,[0|0],4600180,0,0,0,6,0,[0|0]
246000181,,46000,181,2,1,[0|0],4600181,0,0,0,6,0,[0|0]
246000190,,46000,190,2,0,[0|0],4600190,0,0,0,6,0,[0|0]
246000191,,46000,191,2,0,[0|0],4600191,0,0,0,6,0,[0|0]
246000192,,46000,192,2,0,[0|0],4600192,0,0,0,6,0,[0|0]
246000200,,46000,200,2,0,[0|0],4600200,0,0,0,6,0,[0|0]
246000201,,46000,201,2,0,[0|0],4600201,0,0,0,6,0,[0|0]
246000202,,46000,202,2,1,[0|0],4600202,0,0,0,6,0,[0|0]
246000210,,46000,210,2,0,[0|0],4600210,0,0,0,6,0,[0|0]
246000211,,46000,211,2,1,[0|0],4600211,0,0,0,6,0,[0|0]
246000220,,46000,220,2,0,[0|0],4600220,0,0,0,6,0,[0|0]
246000221,,46000,221,2,0,[0|0],4600221,0,0,0,6,0,[0|0]
246000222,,46000,222,2,1,[0|0],4600222,0,0,0,6,0,[0|0]
246000230,,46000,230,2,0,[0|0],4600230,0,0,0,6,0,[0|0]
246000240,,46000,240,2,0,[0|0],4600240,0,0,0,6,0,[0|0]
246000250,,46000,250,2,0,[0|0],4600250,0,0,0,6,0,[0|0]
246000251,,46000,251,2,1,[0|0],4600251,0,0,0,6,0,[0|0]
246000260,,46000,260,2,0,[0|0],4600260,0,0,0,6,0,[0|0]
246000261,,46000,261,2,1,[0|0],4600261,0,0,0,6,0,[0|0]
246000270,,46000,270,2,0,[0|0],4600270,0,0,0,6,0,[0|0]
246000271,,46000,271,2,0,[0|0],4600271,0,0,0,6,0,[0|0]
246000272,,46000,272,2,1,[0|0],4600272,0,0,0,6,0,[0|0]
246000300,,46000,300,2,0,[0|0],4600300,0,0,0,6,0,[0|0]
246000310,,46000,310,2,0,[0|0],4600310,0,0,0,6,0,[0|0]
246000311,,46000,311,2,1,[0|0],4600311,0,0,0,6,0,[0|0]
246000312,,46000,312,2,0,[0|0],4600312,0,0,0,6,0,[0|0]
246000313,,46000,313,2,0,[0|0],4600313,0,0,0,6,0,[0|0]
246000314,,46000,314,2,0,[0|0],4600314,0,0,0,6,0,[0|0]
246000320,,46000,320,2,0,[0|0],4600320,0,0,0,6,0,[0|0]
246000321,,46000,321,2,1,[0|0],4600321,0,0,0,6,0,[0|0]
246000322,,46000,322,2,0,[0|0],4600322,0,0,0,6,0,[0|0]
246000330,,46000,330,2,0,[0|0],4600330,0,0,0,6,0,[0|0]
246000331,,46000,331,2,1,[0|0],4600331,0,0,0,6,0,[0|0]
246000332,,46000,332,2,0,[0|0],4600332,0,0,0,6,0,[0|0]
246000333,,46000,333,2,0,[0|0],4600333,0,0,0,6,0,[0|0]
246000334,,46000,334,2,0,[0|0],4600334,0,0,0,6,0,[0|0]
246000340,,46000,340,2,0,[0|0],4600340,0,0,0,6,0,[0|0]
246000341,,46000,341,2,0,[0|0],4600341,0,0,0,6,0,[0|0]
246000342,,46000,342,2,1,[0|0],4600342,0,0,0,6,0,[0|0]
246000343,,46000,343,2,0,[0|0],4600343,0,0,0,6,0,[0|0]
246000344,,46000,344,2,1,[0|0],4600344,0,0,0,6,0,[0|0]
246000345,,46000,345,2,0,[0|0],4600345,0,0,0,6,0,[0|0]
246000346,,46000,346,2,0,[0|0],4600346,0,0,0,6,0,[0|0]
246000347,,46000,347,2,1,[0|0],4600347,0,0,0,6,0,[0|0]
246000348,,46000,348,2,0,[0|0],4600348,0,0,0,6,0,[0|0]
246000349,,46000,349,2,0,[0|0],4600349,0,0,0,6,0,[0|0]
246000350,,46000,350,2,0,[0|0],4600350,0,0,0,6,0,[0|0]
246000351,,46000,351,2,1,[0|0],4600351,0,0,0,6,0,[0|0]
246000352,,46000,352,2,0,[0|0],4600352,0,0,0,6,0,[0|0]
246000353,,46000,353,2,0,[0|0],4600353,0,0,0,6,0,[0|0]
246000354,,46000,354,2,0,[0|0],4600354,0,0,0,6,0,[0|0]
246000355,,46000,355,2,0,[0|0],4600355,0,0,0,6,0,[0|0]
246000360,,46000,360,2,0,[0|0],4600360,0,0,0,6,0,[0|0]
246000361,,46000,361,2,0,[0|0],4600361,0,0,0,6,0,[0|0]
246000362,,46000,362,2,1,[0|0],4600362,0,0,0,6,0,[0|0]
246000370,,46000,370,2,0,[0|0],4600370,0,0,0,6,0,[0|0]
246000371,,46000,371,2,1,[0|0],4600371,0,0,0,6,0,[0|0]
246000372,,46000,372,2,0,[0|0],4600372,0,0,0,6,0,[0|0]
246000380,,46000,380,2,0,[0|0],4600380,0,0,0,6,0,[0|0]
246000381,,46000,381,2,1,[0|0],4600381,0,0,0,6,0,[0|0]
246000382,,46000,382,2,0,[0|0],4600382,0,0,0,6,0,[0|0]
246000383,,46000,383,2,0,[0|0],4600383,0,0,0,6,0,[0|0]
246000390,,46000,390,2,0,[0|0],4600390,0,0,0,6,0,[0|0]
246000400,,46000,400,2,0,[0|0],4600400,0,0,0,6,0,[0|0]
246000401,,46000,401,2,0,[0|0],4600401,0,0,0,6,0,[0|0]
246000402,,46000,402,2,1,[0|0],4600402,0,0,0,6,0,[0|0]
246000410,,46000,410,2,0,[0|0],4600410,0,0,0,6,0,[0|0]
246000411,,46000,411,2,1,[0|0],4600411,0,0,0,6,0,[0|0]
246000420,,46000,420,2,0,[0|0],4600420,0,0,0,6,0,[0|0]
246000421,,46000,421,2,0,[0|0],4600421,0,0,0,6,0,[0|0]
246000422,,46000,422,2,1,[0|0],4600422,0,0,0,6,0,[0|0]
246000430,,46000,430,2,0,[0|0],4600430,0,0,0,6,0,[0|0]
246000431,,46000,431,2,0,[0|0],4600431,0,0,0,6,0,[0|0]
246000432,,46000,432,2,1,[0|0],4600432,0,0,0,6,0,[0|0]
246000433,,46000,433,2,0,[0|0],4600433,0,0,0,6,0,[0|0]
246000440,,46000,440,2,0,[0|0],4600440,0,0,0,6,0,[0|0]
246000441,,46000,441,2,0,[0|0],4600441,0,0,0,6,0,[0|0]
246000442,,46000,442,2,0,[0|0],4600442,0,0,0,6,0,[0|0]
246000443,,46000,443,2,0,[0|0],4600443,0,0,0,6,0,[0|0]
246000444,,46000,444,2,0,[0|0],4600444,0,0,0,6,0,[0|0]
246000445,,46000,445,2,0,[0|0],4600445,0,0,0,6,0,[0|0]
246000446,,46000,446,2,0,[0|0],4600446,0,0,0,6,0,[0|0]
246000447,,46000,447,2,0,[0|0],4600447,0,0,0,6,0,[0|0]
246000448,,46000,448,2,1,[0|0],4600448,0,0,0,6,0,[0|0]
246000449,,46000,449,2,1,[0|0],4600449,0,0,0,6,0,[0|0]
246000450,,46000,450,2,1,[0|0],4600450,0,0,0,6,0,[0|0]
246000451,,46000,451,2,1,[0|0],4600451,0,0,0,6,0,[0|0]
246000452,,46000,452,2,1,[0|0],4600452,0,0,0,6,0,[0|0]
246000453,,46000,453,2,1,[0|0],4600453,0,0,0,6,0,[0|0]
246000460,,46000,460,2,0,[0|0],4600460,0,0,0,6,0,[0|0]
246000461,,46000,461,2,0,[0|0],4600461,0,0,0,6,0,[0|0]
246000462,,46000,462,2,0,[0|0],4600462,0,0,0,6,0,[0|0]
246000463,,46000,463,2,1,[0|0],4600463,0,0,0,6,0,[0|0]
246000464,,46000,464,2,1,[0|0],4600464,0,0,0,6,0,[0|0]
246000465,,46000,465,2,1,[0|0],4600465,0,0,0,6,0,[0|0]
246000466,,46000,466,2,1,[0|0],4600466,0,0,0,6,0,[0|0]
246000470,,46000,470,2,0,[0|0],4600470,0,0,0,6,0,[0|0]
246000471,,46000,471,2,1,[0|0],4600471,0,0,0,6,0,[0|0]
246000500,,46000,500,2,0,[0|0],4600500,0,0,0,6,0,[0|0]
246000510,,46000,510,2,0,[0|0],4600510,0,0,0,6,0,[0|0]
246000511,,46000,511,2,1,[0|0],4600511,0,0,0,6,0,[0|0]
246000512,,46000,512,2,0,[0|0],4600512,0,0,0,6,0,[0|0]
246000520,,46000,520,2,0,[0|0],4600520,0,0,0,6,0,[0|0]
246000530,,46000,530,2,0,[0|0],4600530,0,0,0,6,0,[0|0]
246000531,,46000,531,2,1,[0|0],4600531,0,0,0,6,0,[0|0]
246000532,,46000,532,2,0,[0|0],4600532,0,0,0,6,0,[0|0]
246000533,,46000,533,2,1,[0|0],4600533,0,0,0,6,0,[0|0]
246000540,,46000,540,2,0,[0|0],4600540,0,0,0,6,0,[0|0]
246000550,,46000,550,2,0,[0|0],4600550,0,0,0,6,0,[0|0]
246000551,,46000,551,2,1,[0|0],4600551,0,0,0,6,0,[0|0]
246000560,,46000,560,2,0,[0|0],4600560,0,0,0,6,0,[0|0]
246000561,,46000,561,2,1,[0|0],4600561,0,0,0,6,0,[0|0]
246000570,,46000,570,2,0,[0|0],4600570,0,0,0,6,0,[0|0]
246000571,,46000,571,2,1,[0|0],4600571,0,0,0,6,0,[0|0]
246000572,,46000,572,2,0,[0|0],4600572,0,0,0,6,0,[0|0]
246000573,,46000,573,2,0,[0|0],4600573,0,0,0,6,0,[0|0]
246000580,,46000,580,2,0,[0|0],4600580,0,0,0,6,0,[0|0]
246000590,,46000,590,2,0,[0|0],4600590,0,0,0,6,0,[0|0]
246000591,,46000,591,2,1,[0|0],4600591,0,0,0,6,0,[0|0]
246000600,,46000,600,2,0,[0|0],4600600,0,0,0,6,0,[0|0]
246000601,,46000,601,2,1,[0|0],4600601,0,0,0,6,0,[0|0]
246000610,,46000,610,2,0,[0|0],4600610,0,0,0,6,0,[0|0]
246000611,,46000,611,2,1,[0|0],4600611,0,0,0,6,0,[0|0]
246000620,,46000,620,2,0,[0|0],4600620,0,0,0,6,0,[0|0]
246000621,,46000,621,2,1,[0|0],4600621,0,0,0,6,0,[0|0]
246000700,,46000,700,2,1,[0|0],4600700,0,0,0,6,0,[0|0]
246000701,,46000,701,2,1,[0|0],4600701,0,0,0,6,0,[0|0]
246000702,,46000,702,2,1,[0|0],4600702,0,0,0,6,0,[0|0]
246000703,,46000,703,2,1,[0|0],4600703,0,0,0,6,0,[0|0]
246000704,,46000,704,2,1,[0|0],4600704,0,0,0,6,0,[0|0]
246000710,,46000,710,2,1,[0|0],4600710,0,0,0,6,0,[0|0]
246000711,,46000,711,2,1,[0|0],4600711,0,0,0,6,0,[0|0]
246000712,,46000,712,2,1,[0|0],4600712,0,0,0,6,0,[0|0]
246000720,,46000,720,2,1,[0|0],4600720,0,0,0,6,0,[0|0]
246000721,,46000,721,2,1,[0|0],4600721,0,0,0,6,0,[0|0]
246000722,,46000,722,2,1,[0|0],4600722,0,0,0,6,0,[0|0]
246000730,,46000,730,2,1,[0|0],4600730,0,0,0,6,0,[0|0]
246000731,,46000,731,2,1,[0|0],4600731,0,0,0,6,0,[0|0]
246000732,,46000,732,2,1,[0|0],4600732,0,0,0,6,0,[0|0]
246000740,,46000,740,2,1,[0|0],4600740,0,0,0,6,0,[0|0]
246000750,,46000,750,2,1,[0|0],4600750,0,0,0,6,0,[0|0]
246000760,,46000,760,2,1,[0|0],4600760,0,0,0,6,0,[0|0]
246000761,,46000,761,2,1,[0|0],4600761,0,0,0,6,0,[0|0]
246000770,,46000,770,2,1,[0|0],4600770,0,0,0,6,0,[0|0]
246000771,,46000,771,2,1,[0|0],4600771,0,0,0,6,0,[0|0]
246000800,,46000,800,2,1,[0|0],2110351,0,0,0,6,0,[0|0]
246000810,,46000,810,2,0,[0|0],4600810,0,0,0,6,0,[0|0]
246000811,,46000,811,2,0,[0|0],4600811,0,0,0,6,0,[0|0]
246000812,,46000,812,2,0,[0|0],4600812,0,0,0,6,0,[0|0]
246000813,,46000,813,2,0,[0|0],4600813,0,0,0,6,0,[0|0]
246000814,,46000,814,2,0,[0|0],4600814,0,0,0,6,0,[0|0]
246000820,,46000,820,2,0,[0|0],4600820,0,0,0,6,0,[0|0]
246000821,,46000,821,2,0,[0|0],4600821,0,0,0,6,0,[0|0]
246000822,,46000,822,2,0,[0|0],4600822,0,0,0,6,0,[0|0]
246000823,,46000,823,2,0,[0|0],4600823,0,0,0,6,0,[0|0]
246000824,,46000,824,2,0,[0|0],4600824,0,0,0,6,0,[0|0]
246000830,,46000,830,2,0,[0|0],4600830,0,0,0,6,0,[0|0]
246000831,,46000,831,2,0,[0|0],4600831,0,0,0,6,0,[0|0]
246000832,,46000,832,2,0,[0|0],4600832,0,0,0,6,0,[0|0]
246000833,,46000,833,2,0,[0|0],4600833,0,0,0,6,0,[0|0]
246000834,,46000,834,2,0,[0|0],4600834,0,0,0,6,0,[0|0]
246000900,,46000,900,2,0,[0|0],4600900,0,0,0,6,0,[0|0]
246000901,,46000,901,2,0,[0|0],4600901,0,0,0,6,0,[0|0]
246000910,,46000,910,2,0,[0|0],4600910,0,0,0,6,0,[0|0]
246000920,,46000,920,2,0,[0|0],4600920,0,0,0,6,0,[0|0]
246000930,,46000,930,2,1,[0|0],4600930,0,0,0,6,0,[0|0]
246000940,,46000,940,2,1,[0|0],4600940,0,0,0,6,0,[0|0]
246000950,,46000,950,2,1,[0|0],4600950,0,0,0,6,0,[0|0]
246000951,,46000,951,2,1,[0|0],4600951,0,0,0,6,0,[0|0]
246000952,,46000,952,2,1,[0|0],4600952,0,0,0,6,0,[0|0]
246000953,,46000,953,2,1,[0|0],4600953,0,0,0,6,0,[0|0]
246000954,,46000,954,2,1,[0|0],4600954,0,0,0,6,0,[0|0]
246000960,,46000,960,2,1,[0|0],4600960,0,0,0,6,0,[0|0]
246000961,,46000,961,2,1,[0|0],4600961,0,0,0,6,0,[0|0]
246000962,,46000,962,2,1,[0|0],4600962,0,0,0,6,0,[0|0]
246000970,,46000,970,2,1,[0|0],4600970,0,0,0,6,0,[0|0]
246000971,,46000,971,2,1,[0|0],4600971,0,0,0,6,0,[0|0]
246200100,,46200,100,2,0,[0|0],4620100,0,0,0,6,0,[0|0]
246200110,,46200,110,2,0,[0|0],4620110,0,0,0,6,0,[0|0]
246200120,,46200,120,2,0,[0|0],4620120,0,0,0,6,0,[0|0]
246200130,,46200,130,2,1,[0|0],4620130,0,0,0,6,0,[0|0]
246200140,,46200,140,2,0,[0|0],4620140,0,0,0,6,0,[0|0]
246200150,,46200,150,2,0,[0|0],4620150,0,0,0,6,0,[0|0]
246200151,,46200,151,2,0,[0|0],4620151,0,0,0,6,0,[0|0]
246200160,,46200,160,2,0,[0|0],4620160,0,0,0,6,0,[0|0]
246200161,,46200,161,2,0,[0|0],4620161,0,0,0,6,0,[0|0]
246200170,,46200,170,2,0,[0|0],4620170,0,0,0,6,0,[0|0]
246200180,,46200,180,2,0,[0|0],4620180,0,0,0,6,0,[0|0]
246200190,,46200,190,2,0,[0|0],4620190,0,0,0,6,0,[0|0]
246200191,,46200,191,2,0,[0|0],4620191,0,0,0,6,0,[0|0]
246200200,,46200,200,2,0,[0|0],4620200,0,0,0,6,0,[0|0]
246200201,,46200,201,2,0,[0|0],4620201,0,0,0,6,0,[0|0]
246200202,,46200,202,2,0,[0|0],4620202,0,0,0,6,0,[0|0]
246200210,,46200,210,2,0,[0|0],4620210,0,0,0,6,0,[0|0]
246200211,,46200,211,2,0,[0|0],4620211,0,0,0,6,0,[0|0]
246200220,,46200,220,2,1,[0|0],4620220,0,0,0,6,0,[0|0]
246200230,,46200,230,2,0,[0|0],4620230,0,0,0,6,0,[0|0]
246200240,,46200,240,2,0,[0|0],4620240,0,0,0,6,0,[0|0]
246200250,,46200,250,2,0,[0|0],4620250,0,0,0,6,0,[0|0]
246200255,,46200,255,2,0,[0|0],4620255,0,0,0,6,0,[0|0]
246200256,,46200,256,2,0,[0|0],4620256,0,0,0,6,0,[0|0]
246200257,,46200,257,2,0,[0|0],4620257,0,0,0,6,0,[0|0]
246200258,,46200,258,2,0,[0|0],4620258,0,0,0,6,0,[0|0]
246200260,,46200,260,2,0,[0|0],4620260,0,0,0,6,0,[0|0]
246200261,,46200,261,2,1,[0|0],4620261,0,0,0,6,0,[0|0]
246200262,,46200,262,2,1,[0|0],4620262,0,0,0,6,0,[0|0]
246200263,,46200,263,2,0,[0|0],4620263,0,0,0,6,0,[0|0]
246200270,,46200,270,2,0,[0|0],4620270,0,0,0,6,0,[0|0]
246200275,,46200,275,2,0,[0|0],4620275,0,0,0,6,0,[0|0]
246200276,,46200,276,2,0,[0|0],4620276,0,0,0,6,0,[0|0]
246200277,,46200,277,2,0,[0|0],4620277,0,0,0,6,0,[0|0]
246200278,,46200,278,2,0,[0|0],4620278,0,0,0,6,0,[0|0]
246200280,,46200,280,2,0,[0|0],4620280,0,0,0,6,0,[0|0]
246200290,,46200,290,2,0,[0|0],4620290,0,0,0,6,0,[0|0]
246200300,,46200,300,2,0,[0|0],4620300,0,0,0,6,0,[0|0]
246200310,,46200,310,2,0,[0|0],4620310,0,0,0,6,0,[0|0]
246200320,,46200,320,2,1,[0|0],4620320,0,0,0,6,0,[0|0]
246200330,,46200,330,2,0,[0|0],4620330,0,0,0,6,0,[0|0]
246200340,,46200,340,2,0,[0|0],4620340,0,0,0,6,0,[0|0]
246200341,,46200,341,2,0,[0|0],4620341,0,0,0,6,0,[0|0]
246200350,,46200,350,2,0,[0|0],4620350,0,0,0,6,0,[0|0]
246200360,,46200,360,2,0,[0|0],4620360,0,0,0,6,0,[0|0]
246200370,,46200,370,2,0,[0|0],4620370,0,0,0,6,0,[0|0]
246200371,,46200,371,2,0,[0|0],4620371,0,0,0,6,0,[0|0]
246200380,,46200,380,2,0,[0|0],4620380,0,0,0,6,0,[0|0]
246200381,,46200,381,2,0,[0|0],4620381,0,0,0,6,0,[0|0]
246200390,,46200,390,2,0,[0|0],4620390,0,0,0,6,0,[0|0]
246200400,,46200,400,2,0,[0|0],4620400,0,0,0,6,0,[0|0]
246200410,,46200,410,2,0,[0|0],4620410,0,0,0,6,0,[0|0]
246200500,,46200,500,2,1,[0|0],4620500,0,0,0,6,0,[0|0]
246200510,,46200,510,2,1,[0|0],4620510,0,0,0,6,0,[0|0]
246200520,,46200,520,2,1,[0|0],4620520,0,0,0,6,0,[0|0]
246200530,,46200,530,2,1,[0|0],4620530,0,0,0,6,0,[0|0]
246200540,,46200,540,2,1,[0|0],4620540,0,0,0,6,0,[0|0]
246200550,,46200,550,2,1,[0|0],4620550,0,0,0,6,0,[0|0]
246200560,,46200,560,2,1,[0|0],4620560,0,0,0,6,0,[0|0]
246200570,,46200,570,2,1,[0|0],4620570,0,0,0,6,0,[0|0]
246200580,,46200,580,2,1,[0|0],4620580,0,0,0,6,0,[0|0]
246200590,,46200,590,2,1,[0|0],4620590,0,0,0,6,0,[0|0]
246200600,,46200,600,2,1,[0|0],4620600,0,0,0,6,0,[0|0]
246200610,,46200,610,2,1,[0|0],4620610,0,0,0,6,0,[0|0]
246200620,,46200,620,2,1,[0|0],4620620,0,0,0,6,0,[0|0]
246200800,,46200,800,2,0,[0|0],4620800,0,0,0,6,0,[0|0]
246200810,,46200,810,2,0,[0|0],4620810,0,0,0,6,0,[0|0]
246200820,,46200,820,2,0,[0|0],4620820,0,0,0,6,0,[0|0]
246200900,,46200,900,2,1,[0|0],4620900,0,0,0,6,0,[0|0]
246200910,,46200,910,2,1,[0|0],4620910,0,0,0,6,0,[0|0]
246200950,,46200,950,2,0,[0|0],4620950,0,0,0,6,0,[0|0]
246200951,,46200,951,2,0,[0|0],4620951,0,0,0,6,0,[0|0]
246200960,,46200,960,2,0,[0|0],4620960,0,0,0,6,0,[0|0]
246200995,,46200,995,2,0,[0|0],4620995,0,0,0,6,0,[0|0]
246300100,,46300,100,2,0,[0|0],4630100,0,0,0,6,0,[0|0]
246300110,,46300,110,2,0,[0|0],4630110,0,0,0,6,0,[0|0]
246300120,,46300,120,2,0,[0|0],4630120,0,0,0,6,0,[0|0]
246300121,,46300,121,2,0,[0|0],4630121,0,0,0,6,0,[0|0]
246300130,,46300,130,2,0,[0|0],4630130,0,0,0,6,0,[0|0]
246300140,,46300,140,2,0,[0|0],4630140,0,0,0,6,0,[0|0]
246300150,,46300,150,2,0,[0|0],4630150,0,0,0,6,0,[0|0]
246300160,,46300,160,2,0,[0|0],4630160,0,0,0,6,0,[0|0]
246300161,,46300,161,2,0,[0|0],4630161,0,0,0,6,0,[0|0]
246300162,,46300,162,2,0,[0|0],4630162,0,0,0,6,0,[0|0]
246300163,,46300,163,2,0,[0|0],4630163,0,0,0,6,0,[0|0]
246300170,,46300,170,2,0,[0|0],4630170,0,0,0,6,0,[0|0]
246300180,,46300,180,2,0,[0|0],4630180,0,0,0,6,0,[0|0]
246300190,,46300,190,2,0,[0|0],4630190,0,0,0,6,0,[0|0]
246300200,,46300,200,2,0,[0|0],4630200,0,0,0,6,0,[0|0]
246300210,,46300,210,2,0,[0|0],4630210,0,0,0,6,0,[0|0]
246300220,,46300,220,2,0,[0|0],4630220,0,0,0,6,0,[0|0]
246300230,,46300,230,2,0,[0|0],4630230,0,0,0,6,0,[0|0]
246300231,,46300,231,2,0,[0|0],4630231,0,0,0,6,0,[0|0]
246300240,,46300,240,2,0,[0|0],4630240,0,0,0,6,0,[0|0]
246300250,,46300,250,2,0,[0|0],4630250,0,0,0,6,0,[0|0]
246300260,,46300,260,2,1,[0|0],4630260,0,0,0,6,0,[0|0]
246300400,,46300,400,2,0,[0|0],4630400,0,0,0,6,0,[0|0]
246300410,,46300,410,2,0,[0|0],4630410,0,0,0,6,0,[0|0]
246300411,,46300,411,2,0,[0|0],4630411,0,0,0,6,0,[0|0]
246300420,,46300,420,2,0,[0|0],4630420,0,0,0,6,0,[0|0]
246300421,,46300,421,2,0,[0|0],4630421,0,0,0,6,0,[0|0]
246300422,,46300,422,2,0,[0|0],4630422,0,0,0,6,0,[0|0]
246300430,,46300,430,2,0,[0|0],4630430,0,0,0,6,0,[0|0]
246300500,,46300,500,2,1,[0|0],4630500,0,0,0,6,0,[0|0]
246300510,,46300,510,2,1,[0|0],4630510,0,0,0,6,0,[0|0]
246300520,,46300,520,2,1,[0|0],4630520,0,0,0,6,0,[0|0]
246300530,,46300,530,2,1,[0|0],4630530,0,0,0,6,0,[0|0]
246300540,,46300,540,2,1,[0|0],4630540,0,0,0,6,0,[0|0]
246300550,,46300,550,2,1,[0|0],4630550,0,0,0,6,0,[0|0]
246300560,,46300,560,2,1,[0|0],4630560,0,0,0,6,0,[0|0]
246300800,,46300,800,2,0,[0|0],4630800,0,0,0,6,0,[0|0]
246400110,,46400,110,2,0,[0|0],4640110,0,0,0,6,0,[0|0]
246400120,,46400,120,2,0,[0|0],4640120,0,0,0,6,0,[0|0]
246400140,,46400,140,2,1,[0|0],4640140,0,0,0,6,0,[0|0]
246400145,,46400,145,2,1,[0|0],4640145,0,0,0,6,0,[0|0]
246400150,,46400,150,2,1,[0|0],4640150,0,0,0,6,0,[0|0]
246400155,,46400,155,2,1,[0|0],4640155,0,0,0,6,0,[0|0]
246400160,,46400,160,2,0,[0|0],4640160,0,0,0,6,0,[0|0]
246400200,,46400,200,2,0,[0|0],4640200,0,0,0,6,0,[0|0]
246400250,,46400,250,2,0,[0|0],4640250,0,0,0,6,0,[0|0]
246400260,,46400,260,2,0,[0|0],4640260,0,0,0,6,0,[0|0]
246400270,,46400,270,2,0,[0|0],4640270,0,0,0,6,0,[0|0]
246400280,,46400,280,2,1,[0|0],4640280,0,0,0,6,0,[0|0]
246400285,,46400,285,2,1,[0|0],4640285,0,0,0,6,0,[0|0]
246400290,,46400,290,2,0,[0|0],4640290,0,0,0,6,0,[0|0]
246400300,,46400,300,2,0,[0|0],4640300,0,0,0,6,0,[0|0]
246400310,,46400,310,2,0,[0|0],4640310,0,0,0,6,0,[0|0]
246400311,,46400,311,2,0,[0|0],4640311,0,0,0,6,0,[0|0]
246400312,,46400,312,2,0,[0|0],4640312,0,0,0,6,0,[0|0]
246400313,,46400,313,2,0,[0|0],4640313,0,0,0,6,0,[0|0]
246400315,,46400,315,2,1,[0|0],4640315,0,0,0,6,0,[0|0]
246400320,,46400,320,2,0,[0|0],4640320,0,0,0,6,0,[0|0]
246400330,,46400,330,2,0,[0|0],4640330,0,0,0,6,0,[0|0]
246400370,,46400,370,2,0,[0|0],4640370,0,0,0,6,0,[0|0]
246400380,,46400,380,2,0,[0|0],4640380,0,0,0,6,0,[0|0]
246400420,,46400,420,2,0,[0|0],4640420,0,0,0,6,0,[0|0]
246400421,,46400,421,2,0,[0|0],4640421,0,0,0,6,0,[0|0]
246400480,,46400,480,2,1,[0|0],4640480,0,0,0,6,0,[0|0]
246400485,,46400,485,2,1,[0|0],4640485,0,0,0,6,0,[0|0]
246400490,,46400,490,2,0,[0|0],4640490,0,0,0,6,0,[0|0]
246400491,,46400,491,2,0,[0|0],4640491,0,0,0,6,0,[0|0]
246400492,,46400,492,2,0,[0|0],4640492,0,0,0,6,0,[0|0]
246400493,,46400,493,2,0,[0|0],4640493,0,0,0,6,0,[0|0]
246400495,,46400,495,2,1,[0|0],4640495,0,0,0,6,0,[0|0]
246400510,,46400,510,2,0,[0|0],4640510,0,0,0,6,0,[0|0]
246400515,,46400,515,2,0,[0|0],4640515,0,0,0,6,0,[0|0]
246400520,,46400,520,2,0,[0|0],4640520,0,0,0,6,0,[0|0]
246400525,,46400,525,2,0,[0|0],4640525,0,0,0,6,0,[0|0]
246400540,,46400,540,2,1,[0|0],4640540,0,0,0,6,0,[0|0]
246400550,,46400,550,2,1,[0|0],4640550,0,0,0,6,0,[0|0]
246400560,,46400,560,2,0,[0|0],4640560,0,0,0,6,0,[0|0]
246400565,,46400,565,2,0,[0|0],4640565,0,0,0,6,0,[0|0]
246400600,,46400,600,2,0,[0|0],4640600,0,0,0,6,0,[0|0]
246400605,,46400,605,2,0,[0|0],4640605,0,0,0,6,0,[0|0]
246400650,,46400,650,2,0,[0|0],4640650,0,0,0,6,0,[0|0]
246400655,,46400,655,2,0,[0|0],4640655,0,0,0,6,0,[0|0]
246400660,,46400,660,2,0,[0|0],4640660,0,0,0,6,0,[0|0]
246400665,,46400,665,2,0,[0|0],4640665,0,0,0,6,0,[0|0]
246400670,,46400,670,2,0,[0|0],4640670,0,0,0,6,0,[0|0]
246400675,,46400,675,2,0,[0|0],4640675,0,0,0,6,0,[0|0]
246400680,,46400,680,2,1,[0|0],4640680,0,0,0,6,0,[0|0]
246400685,,46400,685,2,1,[0|0],4640685,0,0,0,6,0,[0|0]
246400690,,46400,690,2,0,[0|0],4640690,0,0,0,6,0,[0|0]
246400695,,46400,695,2,0,[0|0],4640695,0,0,0,6,0,[0|0]
246400700,,46400,700,2,0,[0|0],4640700,0,0,0,6,0,[0|0]
246400705,,46400,705,2,0,[0|0],4640705,0,0,0,6,0,[0|0]
246400710,,46400,710,2,0,[0|0],4640710,0,0,0,6,0,[0|0]
246400711,,46400,711,2,0,[0|0],4640711,0,0,0,6,0,[0|0]
246400712,,46400,712,2,0,[0|0],4640712,0,0,0,6,0,[0|0]
246400713,,46400,713,2,0,[0|0],4640713,0,0,0,6,0,[0|0]
246400715,,46400,715,2,1,[0|0],4640715,0,0,0,6,0,[0|0]
246400720,,46400,720,2,0,[0|0],4640720,0,0,0,6,0,[0|0]
246400725,,46400,725,2,0,[0|0],4640725,0,0,0,6,0,[0|0]
246400730,,46400,730,2,0,[0|0],4640730,0,0,0,6,0,[0|0]
246400735,,46400,735,2,0,[0|0],4640735,0,0,0,6,0,[0|0]
246400770,,46400,770,2,0,[0|0],4640770,0,0,0,6,0,[0|0]
246400775,,46400,775,2,0,[0|0],4640775,0,0,0,6,0,[0|0]
246400780,,46400,780,2,0,[0|0],4640780,0,0,0,6,0,[0|0]
246400785,,46400,785,2,0,[0|0],4640785,0,0,0,6,0,[0|0]
246400800,,46400,800,2,0,[0|0],4640800,0,0,0,6,0,[0|0]
246400820,,46400,820,2,0,[0|0],4640820,0,0,0,6,0,[0|0]
246400821,,46400,821,2,0,[0|0],4640821,0,0,0,6,0,[0|0]
246400825,,46400,825,2,0,[0|0],4640825,0,0,0,6,0,[0|0]
246400826,,46400,826,2,0,[0|0],4640826,0,0,0,6,0,[0|0]
246400900,,46400,900,2,0,[0|0],4640900,0,0,0,6,0,[0|0]
246400901,,46400,901,2,0,[0|0],4640901,0,0,0,6,0,[0|0]
246400910,,46400,910,2,0,[0|0],4640910,0,0,0,6,0,[0|0]
246400911,,46400,911,2,0,[0|0],4640911,0,0,0,6,0,[0|0]
246400912,,46400,912,2,0,[0|0],4640912,0,0,0,6,0,[0|0]
246400913,,46400,913,2,0,[0|0],4640913,0,0,0,6,0,[0|0]
246400914,,46400,914,2,0,[0|0],4640914,0,0,0,6,0,[0|0]
246400920,,46400,920,2,1,[0|0],4640920,0,0,0,6,0,[0|0]
246400990,,46400,990,2,0,[0|0],4640990,0,0,0,6,0,[0|0]
246410100,,46410,100,2,0,[0|0],4641100,0,0,0,6,0,[0|0]
246410101,,46410,101,2,0,[0|0],4641101,0,0,0,6,0,[0|0]
246410105,,46410,105,2,1,[0|0],4641105,0,0,0,6,0,[0|0]
246410106,,46410,106,2,1,[0|0],4641106,0,0,0,6,0,[0|0]
246410107,,46410,107,2,1,[0|0],4641107,0,0,0,6,0,[0|0]
246410110,,46410,110,2,0,[0|0],4641110,0,0,0,6,0,[0|0]
246410120,,46410,120,2,1,[0|0],4641120,0,0,0,6,0,[0|0]
246410121,,46410,121,2,1,[0|0],4641121,0,0,0,6,0,[0|0]
246410122,,46410,122,2,1,[0|0],4641122,0,0,0,6,0,[0|0]
246410123,,46410,123,2,1,[0|0],4641123,0,0,0,6,0,[0|0]
246410124,,46410,124,2,1,[0|0],4641124,0,0,0,6,0,[0|0]
246410125,,46410,125,2,1,[0|0],4641125,0,0,0,6,0,[0|0]
246410127,,46410,127,2,1,[0|0],4641127,0,0,0,6,0,[0|0]
246410128,,46410,128,2,1,[0|0],4641128,0,0,0,6,0,[0|0]
246410129,,46410,129,2,1,[0|0],4641129,0,0,0,6,0,[0|0]
246410130,,46410,130,2,1,[0|0],4641130,0,0,0,6,0,[0|0]
246410131,,46410,131,2,1,[0|0],4641131,0,0,0,6,0,[0|0]
246410132,,46410,132,2,1,[0|0],4641132,0,0,0,6,0,[0|0]
246410135,,46410,135,2,1,[0|0],4641135,0,0,0,6,0,[0|0]
246410136,,46410,136,2,1,[0|0],4641136,0,0,0,6,0,[0|0]
246410137,,46410,137,2,1,[0|0],4641137,0,0,0,6,0,[0|0]
246410140,,46410,140,2,0,[0|0],4641140,0,0,0,6,0,[0|0]
246410141,,46410,141,2,1,[0|0],4641141,0,0,0,6,0,[0|0]
246410142,,46410,142,2,1,[0|0],4641142,0,0,0,6,0,[0|0]
246410143,,46410,143,2,1,[0|0],4641143,0,0,0,6,0,[0|0]
246410144,,46410,144,2,1,[0|0],4641144,0,0,0,6,0,[0|0]
246410145,,46410,145,2,1,[0|0],4641145,0,0,0,6,0,[0|0]
246410146,,46410,146,2,1,[0|0],4641146,0,0,0,6,0,[0|0]
246410147,,46410,147,2,1,[0|0],4641147,0,0,0,6,0,[0|0]
246410148,,46410,148,2,1,[0|0],4641148,0,0,0,6,0,[0|0]
246410149,,46410,149,2,1,[0|0],4641149,0,0,0,6,0,[0|0]
246410150,,46410,150,2,1,[0|0],4641150,0,0,0,6,0,[0|0]
246410155,,46410,155,2,1,[0|0],4641155,0,0,0,6,0,[0|0]
246410156,,46410,156,2,1,[0|0],4641156,0,0,0,6,0,[0|0]
246410160,,46410,160,2,1,[0|0],4641160,0,0,0,6,0,[0|0]
246410161,,46410,161,2,1,[0|0],4641161,0,0,0,6,0,[0|0]
246410200,,46410,200,2,0,[0|0],4641200,0,0,0,6,0,[0|0]
246410205,,46410,205,2,1,[0|0],4641205,0,0,0,6,0,[0|0]
246410206,,46410,206,2,1,[0|0],4641206,0,0,0,6,0,[0|0]
246410210,,46410,210,2,1,[0|0],4641210,0,0,0,6,0,[0|0]
246410211,,46410,211,2,1,[0|0],4641211,0,0,0,6,0,[0|0]
246410212,,46410,212,2,1,[0|0],4641212,0,0,0,6,0,[0|0]
246410213,,46410,213,2,1,[0|0],4641213,0,0,0,6,0,[0|0]
246410214,,46410,214,2,1,[0|0],4641214,0,0,0,6,0,[0|0]
246410215,,46410,215,2,1,[0|0],4641215,0,0,0,6,0,[0|0]
246410216,,46410,216,2,1,[0|0],4641216,0,0,0,6,0,[0|0]
246410217,,46410,217,2,1,[0|0],4641217,0,0,0,6,0,[0|0]
246410218,,46410,218,2,1,[0|0],4641218,0,0,0,6,0,[0|0]
246410220,,46410,220,2,0,[0|0],4641220,0,0,0,6,0,[0|0]
246410225,,46410,225,2,1,[0|0],4641225,0,0,0,6,0,[0|0]
246410226,,46410,226,2,1,[0|0],4641226,0,0,0,6,0,[0|0]
246410800,,46410,800,2,1,[0|0],4641800,0,0,0,6,0,[0|0]
246410890,,46410,890,2,1,[0|0],4641890,0,0,0,6,0,[0|0]
246410900,,46410,900,2,1,[0|0],4641900,0,0,0,6,0,[0|0]
246410910,,46410,910,2,1,[0|0],4641910,0,0,0,6,0,[0|0]
246410920,,46410,920,2,1,[0|0],4641920,0,0,0,6,0,[0|0]
246410921,,46410,921,2,1,[0|0],4641921,0,0,0,6,0,[0|0]
246410930,,46410,930,2,1,[0|0],4641930,0,0,0,6,0,[0|0]
246410931,,46410,931,2,1,[0|0],4641931,0,0,0,6,0,[0|0]
246410932,,46410,932,2,1,[0|0],4641932,0,0,0,6,0,[0|0]
246410933,,46410,933,2,1,[0|0],4641933,0,0,0,6,0,[0|0]
246410940,,46410,940,2,1,[0|0],4641940,0,0,0,6,0,[0|0]
246410941,,46410,941,2,1,[0|0],4641941,0,0,0,6,0,[0|0]
246500100,,46500,100,2,0,[0|0],4650100,0,0,0,6,0,[0|0]
246500110,,46500,110,2,0,[0|0],4650110,0,0,0,6,0,[0|0]
246500120,,46500,120,2,0,[0|0],4650120,0,0,0,6,0,[0|0]
246500130,,46500,130,2,0,[0|0],4650130,0,0,0,6,0,[0|0]
246500131,,46500,131,2,0,[0|0],4650131,0,0,0,6,0,[0|0]
246500132,,46500,132,2,1,[0|0],4650132,0,0,0,6,0,[0|0]
246500140,,46500,140,2,0,[0|0],4650140,0,0,0,6,0,[0|0]
246500141,,46500,141,2,1,[0|0],4650141,0,0,0,6,0,[0|0]
246500150,,46500,150,2,0,[0|0],4650150,0,0,0,6,0,[0|0]
246500151,,46500,151,2,0,[0|0],4650151,0,0,0,6,0,[0|0]
246500152,,46500,152,2,1,[0|0],4650152,0,0,0,6,0,[0|0]
246500160,,46500,160,2,0,[0|0],4650160,0,0,0,6,0,[0|0]
246500161,,46500,161,2,0,[0|0],4650161,0,0,0,6,0,[0|0]
246500162,,46500,162,2,1,[0|0],4650162,0,0,0,6,0,[0|0]
246500170,,46500,170,2,0,[0|0],4650170,0,0,0,6,0,[0|0]
246500180,,46500,180,2,0,[0|0],4650180,0,0,0,6,0,[0|0]
246500181,,46500,181,2,0,[0|0],4650181,0,0,0,6,0,[0|0]
246500182,,46500,182,2,1,[0|0],4650182,0,0,0,6,0,[0|0]
246500190,,46500,190,2,0,[0|0],4650190,0,0,0,6,0,[0|0]
246500191,,46500,191,2,0,[0|0],4650191,0,0,0,6,0,[0|0]
246500192,,46500,192,2,0,[0|0],4650192,0,0,0,6,0,[0|0]
246500193,,46500,193,2,0,[0|0],4650193,0,0,0,6,0,[0|0]
246500194,,46500,194,2,1,[0|0],4650194,0,0,0,6,0,[0|0]
246500200,,46500,200,2,0,[0|0],4650200,0,0,0,6,0,[0|0]
246500201,,46500,201,2,1,[0|0],4650201,0,0,0,6,0,[0|0]
246500210,,46500,210,2,1,[0|0],4650210,0,0,0,6,0,[0|0]
246500211,,46500,211,2,1,[0|0],4650211,0,0,0,6,0,[0|0]
246500220,,46500,220,2,0,[0|0],4650220,0,0,0,6,0,[0|0]
246500221,,46500,221,2,1,[0|0],4650221,0,0,0,6,0,[0|0]
246500230,,46500,230,2,0,[0|0],4650230,0,0,0,6,0,[0|0]
246500231,,46500,231,2,1,[0|0],4650231,0,0,0,6,0,[0|0]
246500240,,46500,240,2,1,[0|0],4650240,0,0,0,6,0,[0|0]
246500250,,46500,250,2,0,[0|0],4650250,0,0,0,6,0,[0|0]
246500251,,46500,251,2,0,[0|0],4650251,0,0,0,6,0,[0|0]
246500252,,46500,252,2,0,[0|0],4650252,0,0,0,6,0,[0|0]
246500253,,46500,253,2,0,[0|0],4650253,0,0,0,6,0,[0|0]
246500254,,46500,254,2,1,[0|0],4650254,0,0,0,6,0,[0|0]
246500255,,46500,255,2,1,[0|0],4650255,0,0,0,6,0,[0|0]
246500256,,46500,256,2,1,[0|0],4650256,0,0,0,6,0,[0|0]
246500260,,46500,260,2,0,[0|0],4650260,0,0,0,6,0,[0|0]
246500261,,46500,261,2,0,[0|0],4650261,0,0,0,6,0,[0|0]
246500262,,46500,262,2,0,[0|0],4650262,0,0,0,6,0,[0|0]
246500263,,46500,263,2,0,[0|0],4650263,0,0,0,6,0,[0|0]
246500264,,46500,264,2,1,[0|0],4650264,0,0,0,6,0,[0|0]
246500265,,46500,265,2,1,[0|0],4650265,0,0,0,6,0,[0|0]
246500266,,46500,266,2,1,[0|0],4650266,0,0,0,6,0,[0|0]
246500270,,46500,270,2,0,[0|0],4650270,0,0,0,6,0,[0|0]
246500271,,46500,271,2,1,[0|0],4650271,0,0,0,6,0,[0|0]
246500280,,46500,280,2,0,[0|0],4650280,0,0,0,6,0,[0|0]
246500281,,46500,281,2,1,[0|0],4650281,0,0,0,6,0,[0|0]
246500290,,46500,290,2,0,[0|0],4650290,0,0,0,6,0,[0|0]
246500291,,46500,291,2,0,[0|0],4650291,0,0,0,6,0,[0|0]
246500292,,46500,292,2,0,[0|0],4650292,0,0,0,6,0,[0|0]
246500293,,46500,293,2,0,[0|0],4650293,0,0,0,6,0,[0|0]
246500294,,46500,294,2,0,[0|0],4650294,0,0,0,6,0,[0|0]
246500295,,46500,295,2,0,[0|0],4650295,0,0,0,6,0,[0|0]
246500296,,46500,296,2,0,[0|0],4650296,0,0,0,6,0,[0|0]
246500297,,46500,297,2,1,[0|0],4650297,0,0,0,6,0,[0|0]
246500298,,46500,298,2,1,[0|0],4650298,0,0,0,6,0,[0|0]
246500299,,46500,299,2,1,[0|0],4650299,0,0,0,6,0,[0|0]
246500300,,46500,300,2,1,[0|0],4650300,0,0,0,6,0,[0|0]
246500301,,46500,301,2,1,[0|0],4650301,0,0,0,6,0,[0|0]
246500400,,46500,400,2,0,[0|0],4650400,0,0,0,6,0,[0|0]
246500410,,46500,410,2,0,[0|0],4650410,0,0,0,6,0,[0|0]
246500420,,46500,420,2,0,[0|0],4650420,0,0,0,6,0,[0|0]
246500430,,46500,430,2,0,[0|0],4650430,0,0,0,6,0,[0|0]
246500431,,46500,431,2,0,[0|0],4650431,0,0,0,6,0,[0|0]
246500432,,46500,432,2,1,[0|0],4650432,0,0,0,6,0,[0|0]
246500440,,46500,440,2,0,[0|0],4650440,0,0,0,6,0,[0|0]
246500441,,46500,441,2,1,[0|0],4650441,0,0,0,6,0,[0|0]
246500450,,46500,450,2,0,[0|0],4650450,0,0,0,6,0,[0|0]
246500451,,46500,451,2,0,[0|0],4650451,0,0,0,6,0,[0|0]
246500452,,46500,452,2,1,[0|0],4650452,0,0,0,6,0,[0|0]
246500460,,46500,460,2,0,[0|0],4650460,0,0,0,6,0,[0|0]
246500461,,46500,461,2,0,[0|0],4650461,0,0,0,6,0,[0|0]
246500462,,46500,462,2,1,[0|0],4650462,0,0,0,6,0,[0|0]
246500470,,46500,470,2,0,[0|0],4650470,0,0,0,6,0,[0|0]
246500480,,46500,480,2,0,[0|0],4650480,0,0,0,6,0,[0|0]
246500481,,46500,481,2,0,[0|0],4650481,0,0,0,6,0,[0|0]
246500482,,46500,482,2,1,[0|0],4650482,0,0,0,6,0,[0|0]
246500490,,46500,490,2,0,[0|0],4650490,0,0,0,6,0,[0|0]
246500491,,46500,491,2,0,[0|0],4650491,0,0,0,6,0,[0|0]
246500492,,46500,492,2,0,[0|0],4650492,0,0,0,6,0,[0|0]
246500493,,46500,493,2,0,[0|0],4650493,0,0,0,6,0,[0|0]
246500494,,46500,494,2,1,[0|0],4650494,0,0,0,6,0,[0|0]
246500500,,46500,500,2,0,[0|0],4650500,0,0,0,6,0,[0|0]
246500501,,46500,501,2,0,[0|0],4650501,0,0,0,6,0,[0|0]
246500502,,46500,502,2,1,[0|0],4650502,0,0,0,6,0,[0|0]
246500503,,46500,503,2,1,[0|0],4650503,0,0,0,6,0,[0|0]
246500504,,46500,504,2,1,[0|0],4650504,0,0,0,6,0,[0|0]
246500505,,46500,505,2,1,[0|0],4650505,0,0,0,6,0,[0|0]
246500506,,46500,506,2,1,[0|0],4650506,0,0,0,6,0,[0|0]
246500507,,46500,507,2,1,[0|0],4650507,0,0,0,6,0,[0|0]
246500508,,46500,508,2,1,[0|0],4650508,0,0,0,6,0,[0|0]
246500509,,46500,509,2,1,[0|0],4650509,0,0,0,6,0,[0|0]
246500510,,46500,510,2,1,[0|0],4650510,0,0,0,6,0,[0|0]
246500511,,46500,511,2,1,[0|0],4650511,0,0,0,6,0,[0|0]
246500512,,46500,512,2,1,[0|0],4650512,0,0,0,6,0,[0|0]
246500513,,46500,513,2,1,[0|0],4650513,0,0,0,6,0,[0|0]
246500514,,46500,514,2,1,[0|0],4650514,0,0,0,6,0,[0|0]
246500520,,46500,520,2,1,[0|0],4650520,0,0,0,6,0,[0|0]
246500521,,46500,521,2,1,[0|0],4650521,0,0,0,6,0,[0|0]
246500522,,46500,522,2,1,[0|0],4650522,0,0,0,6,0,[0|0]
246500523,,46500,523,2,1,[0|0],4650523,0,0,0,6,0,[0|0]
246500524,,46500,524,2,1,[0|0],4650524,0,0,0,6,0,[0|0]
246500525,,46500,525,2,1,[0|0],4650525,0,0,0,6,0,[0|0]
246500526,,46500,526,2,1,[0|0],4650526,0,0,0,6,0,[0|0]
246500527,,46500,527,2,1,[0|0],4650527,0,0,0,6,0,[0|0]
246500528,,46500,528,2,1,[0|0],4650528,0,0,0,6,0,[0|0]
246500530,,46500,530,2,1,[0|0],4650530,0,0,0,6,0,[0|0]
246500531,,46500,531,2,1,[0|0],4650531,0,0,0,6,0,[0|0]
246500532,,46500,532,2,1,[0|0],4650532,0,0,0,6,0,[0|0]
246500533,,46500,533,2,1,[0|0],4650533,0,0,0,6,0,[0|0]
246500534,,46500,534,2,1,[0|0],4650534,0,0,0,6,0,[0|0]
246500535,,46500,535,2,1,[0|0],4650535,0,0,0,6,0,[0|0]
246500536,,46500,536,2,1,[0|0],4650536,0,0,0,6,0,[0|0]
246500537,,46500,537,2,1,[0|0],4650537,0,0,0,6,0,[0|0]
246500538,,46500,538,2,1,[0|0],4650538,0,0,0,6,0,[0|0]
246500580,,46500,580,2,0,[0|0],4650580,0,0,0,6,0,[0|0]
246500581,,46500,581,2,0,[0|0],4650581,0,0,0,6,0,[0|0]
246500582,,46500,582,2,1,[0|0],4650582,0,0,0,6,0,[0|0]
246500583,,46500,583,2,1,[0|0],4650583,0,0,0,6,0,[0|0]
246500584,,46500,584,2,1,[0|0],4650584,0,0,0,6,0,[0|0]
246500585,,46500,585,2,1,[0|0],4650585,0,0,0,6,0,[0|0]
246500586,,46500,586,2,1,[0|0],4650586,0,0,0,6,0,[0|0]
246500587,,46500,587,2,1,[0|0],4650587,0,0,0,6,0,[0|0]
246500588,,46500,588,2,1,[0|0],4650588,0,0,0,6,0,[0|0]
246500589,,46500,589,2,1,[0|0],4650589,0,0,0,6,0,[0|0]
246500590,,46500,590,2,1,[0|0],4650590,0,0,0,6,0,[0|0]
246500591,,46500,591,2,1,[0|0],4650591,0,0,0,6,0,[0|0]
246500592,,46500,592,2,1,[0|0],4650592,0,0,0,6,0,[0|0]
246500593,,46500,593,2,1,[0|0],4650593,0,0,0,6,0,[0|0]
246500594,,46500,594,2,1,[0|0],4650594,0,0,0,6,0,[0|0]
246500600,,46500,600,2,1,[0|0],4650600,0,0,0,6,0,[0|0]
246500601,,46500,601,2,1,[0|0],4650601,0,0,0,6,0,[0|0]
246500602,,46500,602,2,1,[0|0],4650602,0,0,0,6,0,[0|0]
246500603,,46500,603,2,1,[0|0],4650603,0,0,0,6,0,[0|0]
246500604,,46500,604,2,1,[0|0],4650604,0,0,0,6,0,[0|0]
246500605,,46500,605,2,1,[0|0],4650605,0,0,0,6,0,[0|0]
246500606,,46500,606,2,1,[0|0],4650606,0,0,0,6,0,[0|0]
246500607,,46500,607,2,1,[0|0],4650607,0,0,0,6,0,[0|0]
246500608,,46500,608,2,1,[0|0],4650608,0,0,0,6,0,[0|0]
246500610,,46500,610,2,1,[0|0],4650610,0,0,0,6,0,[0|0]
246500611,,46500,611,2,1,[0|0],4650611,0,0,0,6,0,[0|0]
246500612,,46500,612,2,1,[0|0],4650612,0,0,0,6,0,[0|0]
246500613,,46500,613,2,1,[0|0],4650613,0,0,0,6,0,[0|0]
246500614,,46500,614,2,1,[0|0],4650614,0,0,0,6,0,[0|0]
246500615,,46500,615,2,1,[0|0],4650615,0,0,0,6,0,[0|0]
246500616,,46500,616,2,1,[0|0],4650616,0,0,0,6,0,[0|0]
246500617,,46500,617,2,1,[0|0],4650617,0,0,0,6,0,[0|0]
246500618,,46500,618,2,1,[0|0],4650618,0,0,0,6,0,[0|0]
246500660,,46500,660,2,0,[0|0],4650660,0,0,0,6,0,[0|0]
246500661,,46500,661,2,1,[0|0],4650661,0,0,0,6,0,[0|0]
246500670,,46500,670,2,1,[0|0],4650670,0,0,0,6,0,[0|0]
246500671,,46500,671,2,1,[0|0],4650671,0,0,0,6,0,[0|0]
246500680,,46500,680,2,0,[0|0],4650680,0,0,0,6,0,[0|0]
246500681,,46500,681,2,1,[0|0],4650681,0,0,0,6,0,[0|0]
246500690,,46500,690,2,0,[0|0],4650690,0,0,0,6,0,[0|0]
246500691,,46500,691,2,0,[0|0],4650691,0,0,0,6,0,[0|0]
246500692,,46500,692,2,0,[0|0],4650692,0,0,0,6,0,[0|0]
246500693,,46500,693,2,0,[0|0],4650693,0,0,0,6,0,[0|0]
246500694,,46500,694,2,1,[0|0],4650694,0,0,0,6,0,[0|0]
246500695,,46500,695,2,1,[0|0],4650695,0,0,0,6,0,[0|0]
246500696,,46500,696,2,1,[0|0],4650696,0,0,0,6,0,[0|0]
246500700,,46500,700,2,0,[0|0],4650700,0,0,0,6,0,[0|0]
246500701,,46500,701,2,0,[0|0],4650701,0,0,0,6,0,[0|0]
246500702,,46500,702,2,0,[0|0],4650702,0,0,0,6,0,[0|0]
246500703,,46500,703,2,0,[0|0],4650703,0,0,0,6,0,[0|0]
246500704,,46500,704,2,1,[0|0],4650704,0,0,0,6,0,[0|0]
246500705,,46500,705,2,1,[0|0],4650705,0,0,0,6,0,[0|0]
246500706,,46500,706,2,1,[0|0],4650706,0,0,0,6,0,[0|0]
246500710,,46500,710,2,0,[0|0],4650710,0,0,0,6,0,[0|0]
246500711,,46500,711,2,1,[0|0],4650711,0,0,0,6,0,[0|0]
246500712,,46500,712,2,1,[0|0],4650712,0,0,0,6,0,[0|0]
246500720,,46500,720,2,1,[0|0],4650720,0,0,0,6,0,[0|0]
246500721,,46500,721,2,1,[0|0],4650721,0,0,0,6,0,[0|0]
246500722,,46500,722,2,1,[0|0],4650722,0,0,0,6,0,[0|0]
246500723,,46500,723,2,1,[0|0],4650723,0,0,0,6,0,[0|0]
246500724,,46500,724,2,1,[0|0],4650724,0,0,0,6,0,[0|0]
246500725,,46500,725,2,1,[0|0],4650725,0,0,0,6,0,[0|0]
246500726,,46500,726,2,1,[0|0],4650726,0,0,0,6,0,[0|0]
246500727,,46500,727,2,1,[0|0],4650727,0,0,0,6,0,[0|0]
246500728,,46500,728,2,1,[0|0],4650728,0,0,0,6,0,[0|0]
246500729,,46500,729,2,1,[0|0],4650729,0,0,0,6,0,[0|0]
246500730,,46500,730,2,1,[0|0],4650730,0,0,0,6,0,[0|0]
246500731,,46500,731,2,1,[0|0],4650731,0,0,0,6,0,[0|0]
246500740,,46500,740,2,1,[0|0],4650740,0,0,0,6,0,[0|0]
246500741,,46500,741,2,1,[0|0],4650741,0,0,0,6,0,[0|0]
246500742,,46500,742,2,1,[0|0],4650742,0,0,0,6,0,[0|0]
246500743,,46500,743,2,1,[0|0],4650743,0,0,0,6,0,[0|0]
246500744,,46500,744,2,1,[0|0],4650744,0,0,0,6,0,[0|0]
246500745,,46500,745,2,1,[0|0],4650745,0,0,0,6,0,[0|0]
246500746,,46500,746,2,1,[0|0],4650746,0,0,0,6,0,[0|0]
246500747,,46500,747,2,1,[0|0],4650747,0,0,0,6,0,[0|0]
246500748,,46500,748,2,1,[0|0],4650748,0,0,0,6,0,[0|0]
246500750,,46500,750,2,1,[0|0],4650750,0,0,0,6,0,[0|0]
246500751,,46500,751,2,1,[0|0],4650751,0,0,0,6,0,[0|0]
246500752,,46500,752,2,1,[0|0],4650752,0,0,0,6,0,[0|0]
246500753,,46500,753,2,1,[0|0],4650753,0,0,0,6,0,[0|0]
246500754,,46500,754,2,1,[0|0],4650754,0,0,0,6,0,[0|0]
246500755,,46500,755,2,1,[0|0],4650755,0,0,0,6,0,[0|0]
246500756,,46500,756,2,1,[0|0],4650756,0,0,0,6,0,[0|0]
246500757,,46500,757,2,1,[0|0],4650757,0,0,0,6,0,[0|0]
246500758,,46500,758,2,1,[0|0],4650758,0,0,0,6,0,[0|0]
246500780,,46500,780,2,0,[0|0],4650780,0,0,0,6,0,[0|0]
246500781,,46500,781,2,1,[0|0],4650781,0,0,0,6,0,[0|0]
246500790,,46500,790,2,0,[0|0],4650790,0,0,0,6,0,[0|0]
246500791,,46500,791,2,1,[0|0],4650791,0,0,0,6,0,[0|0]
246500800,,46500,800,2,0,[0|0],4650800,0,0,0,6,0,[0|0]
246500801,,46500,801,2,0,[0|0],4650801,0,0,0,6,0,[0|0]
246500802,,46500,802,2,0,[0|0],4650802,0,0,0,6,0,[0|0]
246500803,,46500,803,2,0,[0|0],4650803,0,0,0,6,0,[0|0]
246500804,,46500,804,2,0,[0|0],4650804,0,0,0,6,0,[0|0]
246500805,,46500,805,2,0,[0|0],4650805,0,0,0,6,0,[0|0]
246500806,,46500,806,2,0,[0|0],4650806,0,0,0,6,0,[0|0]
246500807,,46500,807,2,1,[0|0],4650807,0,0,0,6,0,[0|0]
246500808,,46500,808,2,1,[0|0],4650808,0,0,0,6,0,[0|0]
246500809,,46500,809,2,1,[0|0],4650809,0,0,0,6,0,[0|0]
246500810,,46500,810,2,1,[0|0],4650810,0,0,0,6,0,[0|0]
246500811,,46500,811,2,1,[0|0],4650811,0,0,0,6,0,[0|0]
246500820,,46500,820,2,0,[0|0],4650820,0,0,0,6,0,[0|0]
246500821,,46500,821,2,0,[0|0],4650821,0,0,0,6,0,[0|0]
246500822,,46500,822,2,0,[0|0],4650822,0,0,0,6,0,[0|0]
246500823,,46500,823,2,0,[0|0],4650823,0,0,0,6,0,[0|0]
246500824,,46500,824,2,0,[0|0],4650824,0,0,0,6,0,[0|0]
246500825,,46500,825,2,1,[0|0],4650825,0,0,0,6,0,[0|0]
246500826,,46500,826,2,1,[0|0],4650826,0,0,0,6,0,[0|0]
246500827,,46500,827,2,1,[0|0],4650827,0,0,0,6,0,[0|0]
246500900,,46500,900,2,0,[0|0],4650900,0,0,0,6,0,[0|0]
246500910,,46500,910,2,1,[0|0],4650910,0,0,0,6,0,[0|0]
246500920,,46500,920,2,1,[0|0],4650920,0,0,0,6,0,[0|0]
246500921,,46500,921,2,1,[0|0],4650921,0,0,0,6,0,[0|0]
246600100,,46600,100,2,0,[0|0],4660100,0,0,0,6,0,[0|0]
246600101,,46600,101,2,0,[0|0],4660101,0,0,0,6,0,[0|0]
246600105,,46600,105,2,0,[0|0],4660105,0,0,0,6,0,[0|0]
246600106,,46600,106,2,0,[0|0],4660106,0,0,0,6,0,[0|0]
246600110,,46600,110,2,0,[0|0],4660110,0,0,0,6,0,[0|0]
246600115,,46600,115,2,0,[0|0],4660115,0,0,0,6,0,[0|0]
246600120,,46600,120,2,0,[0|0],4660120,0,0,0,6,0,[0|0]
246600121,,46600,121,2,1,[0|0],4660121,0,0,0,6,0,[0|0]
246600125,,46600,125,2,0,[0|0],4660125,0,0,0,6,0,[0|0]
246600126,,46600,126,2,1,[0|0],4660126,0,0,0,6,0,[0|0]
246600130,,46600,130,2,0,[0|0],4660130,0,0,0,6,0,[0|0]
246600131,,46600,131,2,0,[0|0],4660131,0,0,0,6,0,[0|0]
246600135,,46600,135,2,0,[0|0],4660135,0,0,0,6,0,[0|0]
246600136,,46600,136,2,0,[0|0],4660136,0,0,0,6,0,[0|0]
246600140,,46600,140,2,0,[0|0],4660140,0,0,0,6,0,[0|0]
246600141,,46600,141,2,0,[0|0],4660141,0,0,0,6,0,[0|0]
246600145,,46600,145,2,0,[0|0],4660145,0,0,0,6,0,[0|0]
246600146,,46600,146,2,0,[0|0],4660146,0,0,0,6,0,[0|0]
246600150,,46600,150,2,0,[0|0],4660150,0,0,0,6,0,[0|0]
246600151,,46600,151,2,0,[0|0],4660151,0,0,0,6,0,[0|0]
246600152,,46600,152,2,0,[0|0],4660152,0,0,0,6,0,[0|0]
246600153,,46600,153,2,0,[0|0],4660153,0,0,0,6,0,[0|0]
246600155,,46600,155,2,0,[0|0],4660155,0,0,0,6,0,[0|0]
246600156,,46600,156,2,0,[0|0],4660156,0,0,0,6,0,[0|0]
246600160,,46600,160,2,0,[0|0],4660160,0,0,0,6,0,[0|0]
246600161,,46600,161,2,0,[0|0],4660161,0,0,0,6,0,[0|0]
246600165,,46600,165,2,0,[0|0],4660165,0,0,0,6,0,[0|0]
246600300,,46600,300,2,1,[0|0],4660300,0,0,0,6,0,[0|0]
246600310,,46600,310,2,1,[0|0],4660310,0,0,0,6,0,[0|0]
246600311,,46600,311,2,1,[0|0],4660311,0,0,0,6,0,[0|0]
246600320,,46600,320,2,1,[0|0],4660320,0,0,0,6,0,[0|0]
246600321,,46600,321,2,1,[0|0],4660321,0,0,0,6,0,[0|0]
246600330,,46600,330,2,1,[0|0],4660330,0,0,0,6,0,[0|0]
246600500,,46600,500,2,1,[0|0],4660500,0,0,0,6,0,[0|0]
246600501,,46600,501,2,1,[0|0],4660501,0,0,0,6,0,[0|0]
246600504,,46600,504,2,1,[0|0],4660504,0,0,0,6,0,[0|0]
246600505,,46600,505,2,1,[0|0],4660505,0,0,0,6,0,[0|0]
246600510,,46600,510,2,1,[0|0],4660510,0,0,0,6,0,[0|0]
246600514,,46600,514,2,1,[0|0],4660514,0,0,0,6,0,[0|0]
246600515,,46600,515,2,1,[0|0],4660515,0,0,0,6,0,[0|0]
246600600,,46600,600,2,0,[0|0],4660600,0,0,0,6,0,[0|0]
246600601,,46600,601,2,1,[0|0],4660601,0,0,0,6,0,[0|0]
246600610,,46600,610,2,1,[0|0],4660610,0,0,0,6,0,[0|0]
246600620,,46600,620,2,1,[0|0],4660620,0,0,0,6,0,[0|0]
246600630,,46600,630,2,1,[0|0],4660630,0,0,0,6,0,[0|0]
246600700,,46600,700,2,0,[0|0],4660700,0,0,0,6,0,[0|0]
246600710,,46600,710,2,0,[0|0],4660710,0,0,0,6,0,[0|0]
246600720,,46600,720,2,0,[0|0],4660720,0,0,0,6,0,[0|0]
246600730,,46600,730,2,0,[0|0],4660730,0,0,0,6,0,[0|0]
246600740,,46600,740,2,1,[0|0],4660740,0,0,0,6,0,[0|0]
246600741,,46600,741,2,1,[0|0],4660741,0,0,0,6,0,[0|0]
246600750,,46600,750,2,1,[0|0],4660750,0,0,0,6,0,[0|0]
246600751,,46600,751,2,1,[0|0],4660751,0,0,0,6,0,[0|0]
246600752,,46600,752,2,1,[0|0],4660752,0,0,0,6,0,[0|0]
246600755,,46600,755,2,1,[0|0],4660755,0,0,0,6,0,[0|0]
246600756,,46600,756,2,1,[0|0],4660756,0,0,0,6,0,[0|0]
246600757,,46600,757,2,1,[0|0],4660757,0,0,0,6,0,[0|0]
246600900,,46600,900,2,0,[0|0],4660900,0,0,0,6,0,[0|0]
246700100,,46700,100,2,0,[0|0],4670100,0,0,0,6,0,[0|0]
246700110,,46700,110,2,0,[0|0],4670110,0,0,0,6,0,[0|0]
246700120,,46700,120,2,0,[0|0],4670120,0,0,0,6,0,[0|0]
246700121,,46700,121,2,0,[0|0],4670121,0,0,0,6,0,[0|0]
246700122,,46700,122,2,1,[0|0],4670122,0,0,0,6,0,[0|0]
246700130,,46700,130,2,0,[0|0],4670130,0,0,0,6,0,[0|0]
246700140,,46700,140,2,0,[0|0],4670140,0,0,0,6,0,[0|0]
246700150,,46700,150,2,0,[0|0],4670150,0,0,0,6,0,[0|0]
246700160,,46700,160,2,1,[0|0],4670160,0,0,0,6,0,[0|0]
246700162,,46700,162,2,1,[0|0],4670162,0,0,0,6,0,[0|0]
246700170,,46700,170,2,0,[0|0],4670170,0,0,0,6,0,[0|0]
246700171,,46700,171,2,0,[0|0],4670171,0,0,0,6,0,[0|0]
246700180,,46700,180,2,1,[0|0],4670180,0,0,0,6,0,[0|0]
246700181,,46700,181,2,0,[0|0],4670181,0,0,0,6,0,[0|0]
246700190,,46700,190,2,1,[0|0],4670190,0,0,0,6,0,[0|0]
246700191,,46700,191,2,0,[0|0],4670191,0,0,0,6,0,[0|0]
246700210,,46700,210,2,1,[0|0],4670210,0,0,0,6,0,[0|0]
246700220,,46700,220,2,1,[0|0],4670220,0,0,0,6,0,[0|0]
246700230,,46700,230,2,1,[0|0],4670230,0,0,0,6,0,[0|0]
246700240,,46700,240,2,1,[0|0],4670240,0,0,0,6,0,[0|0]
246700250,,46700,250,2,0,[0|0],4670250,0,0,0,6,0,[0|0]
246700251,,46700,251,2,0,[0|0],4670251,0,0,0,6,0,[0|0]
246700252,,46700,252,2,0,[0|0],4670252,0,0,0,6,0,[0|0]
246700253,,46700,253,2,0,[0|0],4670253,0,0,0,6,0,[0|0]
246700260,,46700,260,2,0,[0|0],4670260,0,0,0,6,0,[0|0]
246700261,,46700,261,2,1,[0|0],4670261,0,0,0,6,0,[0|0]
246700262,,46700,262,2,0,[0|0],4670262,0,0,0,6,0,[0|0]
246700290,,46700,290,2,1,[0|0],4670290,0,0,0,6,0,[0|0]
246700291,,46700,291,2,0,[0|0],4670291,0,0,0,6,0,[0|0]
246700310,,46700,310,2,0,[0|0],4670310,0,0,0,6,0,[0|0]
246700320,,46700,320,2,0,[0|0],4670320,0,0,0,6,0,[0|0]
246700330,,46700,330,2,0,[0|0],4670330,0,0,0,6,0,[0|0]
246700340,,46700,340,2,0,[0|0],4670340,0,0,0,6,0,[0|0]
246700350,,46700,350,2,0,[0|0],4670350,0,0,0,6,0,[0|0]
246700360,,46700,360,2,0,[0|0],4670360,0,0,0,6,0,[0|0]
246700370,,46700,370,2,0,[0|0],4670370,0,0,0,6,0,[0|0]
246700372,,46700,372,2,0,[0|0],4670372,0,0,0,6,0,[0|0]
246700390,,46700,390,2,0,[0|0],4670390,0,0,0,6,0,[0|0]
246700391,,46700,391,2,0,[0|0],4670391,0,0,0,6,0,[0|0]
246700400,,46700,400,2,1,[0|0],4670400,0,0,0,6,0,[0|0]
246700410,,46700,410,2,1,[0|0],4670410,0,0,0,6,0,[0|0]
246700450,,46700,450,2,1,[0|0],4670450,0,0,0,6,0,[0|0]
246700470,,46700,470,2,1,[0|0],4670470,0,0,0,6,0,[0|0]
246700500,,46700,500,2,0,[0|0],4670500,0,0,0,6,0,[0|0]
246700900,,46700,900,2,1,[0|0],4670900,0,0,0,6,0,[0|0]
246700910,,46700,910,2,1,[0|0],4670910,0,0,0,6,0,[0|0]
246800100,,46800,100,2,0,[0|0],4680100,0,0,0,6,0,[0|0]
246800110,,46800,110,2,0,[0|0],4680110,0,0,0,6,0,[0|0]
246800111,,46800,111,2,0,[0|0],4680111,0,0,0,6,0,[0|0]
246800120,,46800,120,2,0,[0|0],4680120,0,0,0,6,0,[0|0]
246800121,,46800,121,2,0,[0|0],4680121,0,0,0,6,0,[0|0]
246800130,,46800,130,2,0,[0|0],4680130,0,0,0,6,0,[0|0]
246800131,,46800,131,2,0,[0|0],4680131,0,0,0,6,0,[0|0]
246800132,,46800,132,2,0,[0|0],4680132,0,0,0,6,0,[0|0]
246800135,,46800,135,2,1,[0|0],4680135,0,0,0,6,0,[0|0]
246800140,,46800,140,2,0,[0|0],4680140,0,0,0,6,0,[0|0]
246800141,,46800,141,2,0,[0|0],4680141,0,0,0,6,0,[0|0]
246800150,,46800,150,2,0,[0|0],4680150,0,0,0,6,0,[0|0]
246800151,,46800,151,2,0,[0|0],4680151,0,0,0,6,0,[0|0]
246800160,,46800,160,2,0,[0|0],4680160,0,0,0,6,0,[0|0]
246800162,,46800,162,2,0,[0|0],4680162,0,0,0,6,0,[0|0]
246800165,,46800,165,2,1,[0|0],4680165,0,0,0,6,0,[0|0]
246800170,,46800,170,2,0,[0|0],4680170,0,0,0,6,0,[0|0]
246800180,,46800,180,2,0,[0|0],4680180,0,0,0,6,0,[0|0]
246800185,,46800,185,2,1,[0|0],4680185,0,0,0,6,0,[0|0]
246800190,,46800,190,2,0,[0|0],4680190,0,0,0,6,0,[0|0]
246800191,,46800,191,2,0,[0|0],4680191,0,0,0,6,0,[0|0]
246800195,,46800,195,2,1,[0|0],4680195,0,0,0,6,0,[0|0]
246800200,,46800,200,2,0,[0|0],4680200,0,0,0,6,0,[0|0]
246800201,,46800,201,2,0,[0|0],4680201,0,0,0,6,0,[0|0]
246800202,,46800,202,2,0,[0|0],4680202,0,0,0,6,0,[0|0]
246800205,,46800,205,2,1,[0|0],4680205,0,0,0,6,0,[0|0]
246800210,,46800,210,2,0,[0|0],4680210,0,0,0,6,0,[0|0]
246800211,,46800,211,2,0,[0|0],4680211,0,0,0,6,0,[0|0]
246800220,,46800,220,2,1,[0|0],4680220,0,0,0,6,0,[0|0]
246800230,,46800,230,2,0,[0|0],4680230,0,0,0,6,0,[0|0]
246800240,,46800,240,2,0,[0|0],4680240,0,0,0,6,0,[0|0]
246800250,,46800,250,2,0,[0|0],4680250,0,0,0,6,0,[0|0]
246800251,,46800,251,2,0,[0|0],4680251,0,0,0,6,0,[0|0]
246800252,,46800,252,2,0,[0|0],4680252,0,0,0,6,0,[0|0]
246800253,,46800,253,2,0,[0|0],4680253,0,0,0,6,0,[0|0]
246800254,,46800,254,2,0,[0|0],4680254,0,0,0,6,0,[0|0]
246800260,,46800,260,2,1,[0|0],4680260,0,0,0,6,0,[0|0]
246800261,,46800,261,2,1,[0|0],4680261,0,0,0,6,0,[0|0]
246800262,,46800,262,2,1,[0|0],4680262,0,0,0,6,0,[0|0]
246800263,,46800,263,2,1,[0|0],4680263,0,0,0,6,0,[0|0]
246800264,,46800,264,2,0,[0|0],4680264,0,0,0,6,0,[0|0]
246800270,,46800,270,2,1,[0|0],4680270,0,0,0,6,0,[0|0]
246800280,,46800,280,2,1,[0|0],4680280,0,0,0,6,0,[0|0]
246800281,,46800,281,2,1,[0|0],4680281,0,0,0,6,0,[0|0]
246800285,,46800,285,2,1,[0|0],4680285,0,0,0,6,0,[0|0]
246800290,,46800,290,2,1,[0|0],4680290,0,0,0,6,0,[0|0]
246800295,,46800,295,2,1,[0|0],4680295,0,0,0,6,0,[0|0]
246800300,,46800,300,2,0,[0|0],4680300,0,0,0,6,0,[0|0]
246800310,,46800,310,2,0,[0|0],4680310,0,0,0,6,0,[0|0]
246800320,,46800,320,2,0,[0|0],4680320,0,0,0,6,0,[0|0]
246800330,,46800,330,2,0,[0|0],4680330,0,0,0,6,0,[0|0]
246800340,,46800,340,2,0,[0|0],4680340,0,0,0,6,0,[0|0]
246800345,,46800,345,2,1,[0|0],4680345,0,0,0,6,0,[0|0]
246800350,,46800,350,2,0,[0|0],4680350,0,0,0,6,0,[0|0]
246800352,,46800,352,2,0,[0|0],4680352,0,0,0,6,0,[0|0]
246800355,,46800,355,2,1,[0|0],4680355,0,0,0,6,0,[0|0]
246800370,,46800,370,2,0,[0|0],4680370,0,0,0,6,0,[0|0]
246800390,,46800,390,2,0,[0|0],4680390,0,0,0,6,0,[0|0]
246800440,,46800,440,2,0,[0|0],4680440,0,0,0,6,0,[0|0]
246800450,,46800,450,2,1,[0|0],4680450,0,0,0,6,0,[0|0]
246800455,,46800,455,2,1,[0|0],4680455,0,0,0,6,0,[0|0]
246800500,,46800,500,2,1,[0|0],4680500,0,0,0,6,0,[0|0]
246800501,,46800,501,2,1,[0|0],4680501,0,0,0,6,0,[0|0]
246800502,,46800,502,2,1,[0|0],4680502,0,0,0,6,0,[0|0]
246800503,,46800,503,2,1,[0|0],4680503,0,0,0,6,0,[0|0]
246800504,,46800,504,2,1,[0|0],4680504,0,0,0,6,0,[0|0]
246800530,,46800,530,2,1,[0|0],4680530,0,0,0,6,0,[0|0]
246800531,,46800,531,2,1,[0|0],4680531,0,0,0,6,0,[0|0]
246800540,,46800,540,2,1,[0|0],4680540,0,0,0,6,0,[0|0]
246800541,,46800,541,2,1,[0|0],4680541,0,0,0,6,0,[0|0]
246800542,,46800,542,2,1,[0|0],4680542,0,0,0,6,0,[0|0]
246800543,,46800,543,2,1,[0|0],4680543,0,0,0,6,0,[0|0]
246800544,,46800,544,2,1,[0|0],4680544,0,0,0,6,0,[0|0]
246800545,,46800,545,2,1,[0|0],4680545,0,0,0,6,0,[0|0]
246800800,,46800,800,2,0,[0|0],4680800,0,0,0,6,0,[0|0]
246800810,,46800,810,2,0,[0|0],4680810,0,0,0,6,0,[0|0]
246800980,,46800,980,2,0,[0|0],4680980,0,0,0,6,0,[0|0]
246800981,,46800,981,2,0,[0|0],4680981,0,0,0,6,0,[0|0]
246800990,,46800,990,2,0,[0|0],4680990,0,0,0,6,0,[0|0]
246800991,,46800,991,2,0,[0|0],4680991,0,0,0,6,0,[0|0]
246800992,,46800,992,2,0,[0|0],4680992,0,0,0,6,0,[0|0]
246800993,,46800,993,2,0,[0|0],4680993,0,0,0,6,0,[0|0]
246800994,,46800,994,2,0,[0|0],4680994,0,0,0,6,0,[0|0]
246900100,,46900,100,2,0,[0|0],4690100,0,0,0,6,0,[0|0]
246900101,,46900,101,2,0,[0|0],4690101,0,0,0,6,0,[0|0]
246900105,,46900,105,2,0,[0|0],4690105,0,0,0,6,0,[0|0]
246900106,,46900,106,2,0,[0|0],4690106,0,0,0,6,0,[0|0]
246900110,,46900,110,2,0,[0|0],4690110,0,0,0,6,0,[0|0]
246900111,,46900,111,2,0,[0|0],4690111,0,0,0,6,0,[0|0]
246900115,,46900,115,2,0,[0|0],4690115,0,0,0,6,0,[0|0]
246900116,,46900,116,2,0,[0|0],4690116,0,0,0,6,0,[0|0]
246900120,,46900,120,2,0,[0|0],4690120,0,0,0,6,0,[0|0]
246900121,,46900,121,2,0,[0|0],4690121,0,0,0,6,0,[0|0]
246900125,,46900,125,2,0,[0|0],4690125,0,0,0,6,0,[0|0]
246900126,,46900,126,2,0,[0|0],4690126,0,0,0,6,0,[0|0]
246900130,,46900,130,2,0,[0|0],4690130,0,0,0,6,0,[0|0]
246900131,,46900,131,2,0,[0|0],4690131,0,0,0,6,0,[0|0]
246900135,,46900,135,2,0,[0|0],4690135,0,0,0,6,0,[0|0]
246900136,,46900,136,2,0,[0|0],4690136,0,0,0,6,0,[0|0]
246900140,,46900,140,2,0,[0|0],4690140,0,0,0,6,0,[0|0]
246900145,,46900,145,2,0,[0|0],4690145,0,0,0,6,0,[0|0]
246900150,,46900,150,2,1,[0|0],4690150,0,0,0,6,0,[0|0]
246900160,,46900,160,2,0,[0|0],4690160,0,0,0,6,0,[0|0]
246900165,,46900,165,2,0,[0|0],4690165,0,0,0,6,0,[0|0]
246900170,,46900,170,2,0,[0|0],4690170,0,0,0,6,0,[0|0]
246900175,,46900,175,2,0,[0|0],4690175,0,0,0,6,0,[0|0]
246900180,,46900,180,2,0,[0|0],4690180,0,0,0,6,0,[0|0]
246900181,,46900,181,2,0,[0|0],4690181,0,0,0,6,0,[0|0]
246900190,,46900,190,2,0,[0|0],4690190,0,0,0,6,0,[0|0]
246900195,,46900,195,2,0,[0|0],4690195,0,0,0,6,0,[0|0]
246900200,,46900,200,2,1,[0|0],4690200,0,0,0,6,0,[0|0]
246900210,,46900,210,2,0,[0|0],4690210,0,0,0,6,0,[0|0]
246900211,,46900,211,2,0,[0|0],4690211,0,0,0,6,0,[0|0]
246900212,,46900,212,2,0,[0|0],4690212,0,0,0,6,0,[0|0]
246900215,,46900,215,2,0,[0|0],4690215,0,0,0,6,0,[0|0]
246900216,,46900,216,2,0,[0|0],4690216,0,0,0,6,0,[0|0]
246900217,,46900,217,2,0,[0|0],4690217,0,0,0,6,0,[0|0]
246900220,,46900,220,2,0,[0|0],4690220,0,0,0,6,0,[0|0]
246900221,,46900,221,2,0,[0|0],4690221,0,0,0,6,0,[0|0]
246900225,,46900,225,2,0,[0|0],4690225,0,0,0,6,0,[0|0]
246900226,,46900,226,2,0,[0|0],4690226,0,0,0,6,0,[0|0]
246900230,,46900,230,2,0,[0|0],4690230,0,0,0,6,0,[0|0]
246900231,,46900,231,2,0,[0|0],4690231,0,0,0,6,0,[0|0]
246900235,,46900,235,2,0,[0|0],4690235,0,0,0,6,0,[0|0]
246900236,,46900,236,2,0,[0|0],4690236,0,0,0,6,0,[0|0]
246900240,,46900,240,2,0,[0|0],4690240,0,0,0,6,0,[0|0]
246900250,,46900,250,2,0,[0|0],4690250,0,0,0,6,0,[0|0]
246900255,,46900,255,2,0,[0|0],4690255,0,0,0,6,0,[0|0]
246900260,,46900,260,2,0,[0|0],4690260,0,0,0,6,0,[0|0]
246900261,,46900,261,2,0,[0|0],4690261,0,0,0,6,0,[0|0]
246900265,,46900,265,2,0,[0|0],4690265,0,0,0,6,0,[0|0]
246900266,,46900,266,2,0,[0|0],4690266,0,0,0,6,0,[0|0]
246900270,,46900,270,2,0,[0|0],4690270,0,0,0,6,0,[0|0]
246900271,,46900,271,2,0,[0|0],4690271,0,0,0,6,0,[0|0]
246900272,,46900,272,2,0,[0|0],4690272,0,0,0,6,0,[0|0]
246900273,,46900,273,2,0,[0|0],4690273,0,0,0,6,0,[0|0]
246900275,,46900,275,2,0,[0|0],4690275,0,0,0,6,0,[0|0]
246900276,,46900,276,2,0,[0|0],4690276,0,0,0,6,0,[0|0]
246900277,,46900,277,2,0,[0|0],4690277,0,0,0,6,0,[0|0]
246900278,,46900,278,2,0,[0|0],4690278,0,0,0,6,0,[0|0]
246900280,,46900,280,2,0,[0|0],4690280,0,0,0,6,0,[0|0]
246900281,,46900,281,2,0,[0|0],4690281,0,0,0,6,0,[0|0]
246900285,,46900,285,2,0,[0|0],4690285,0,0,0,6,0,[0|0]
246900286,,46900,286,2,0,[0|0],4690286,0,0,0,6,0,[0|0]
246900290,,46900,290,2,0,[0|0],4690290,0,0,0,6,0,[0|0]
246900291,,46900,291,2,0,[0|0],4690291,0,0,0,6,0,[0|0]
246900292,,46900,292,2,0,[0|0],4690292,0,0,0,6,0,[0|0]
246900293,,46900,293,2,0,[0|0],4690293,0,0,0,6,0,[0|0]
246900295,,46900,295,2,0,[0|0],4690295,0,0,0,6,0,[0|0]
246900296,,46900,296,2,0,[0|0],4690296,0,0,0,6,0,[0|0]
246900297,,46900,297,2,0,[0|0],4690297,0,0,0,6,0,[0|0]
246900298,,46900,298,2,0,[0|0],4690298,0,0,0,6,0,[0|0]
246900300,,46900,300,2,0,[0|0],4690300,0,0,0,6,0,[0|0]
246900301,,46900,301,2,0,[0|0],4690301,0,0,0,6,0,[0|0]
246900302,,46900,302,2,0,[0|0],4690302,0,0,0,6,0,[0|0]
246900303,,46900,303,2,0,[0|0],4690303,0,0,0,6,0,[0|0]
246900305,,46900,305,2,0,[0|0],4690305,0,0,0,6,0,[0|0]
246900306,,46900,306,2,0,[0|0],4690306,0,0,0,6,0,[0|0]
246900307,,46900,307,2,0,[0|0],4690307,0,0,0,6,0,[0|0]
246900308,,46900,308,2,0,[0|0],4690308,0,0,0,6,0,[0|0]
246900310,,46900,310,2,0,[0|0],4690310,0,0,0,6,0,[0|0]
246900320,,46900,320,2,0,[0|0],4690320,0,0,0,6,0,[0|0]
246900321,,46900,321,2,0,[0|0],4690321,0,0,0,6,0,[0|0]
246900322,,46900,322,2,0,[0|0],4690322,0,0,0,6,0,[0|0]
246900323,,46900,323,2,0,[0|0],4690323,0,0,0,6,0,[0|0]
246900325,,46900,325,2,0,[0|0],4690325,0,0,0,6,0,[0|0]
246900326,,46900,326,2,0,[0|0],4690326,0,0,0,6,0,[0|0]
246900327,,46900,327,2,0,[0|0],4690327,0,0,0,6,0,[0|0]
246900328,,46900,328,2,0,[0|0],4690328,0,0,0,6,0,[0|0]
246900330,,46900,330,2,0,[0|0],4690330,0,0,0,6,0,[0|0]
246900331,,46900,331,2,0,[0|0],4690331,0,0,0,6,0,[0|0]
246900335,,46900,335,2,0,[0|0],4690335,0,0,0,6,0,[0|0]
246900336,,46900,336,2,0,[0|0],4690336,0,0,0,6,0,[0|0]
246900400,,46900,400,2,0,[0|0],4690400,0,0,0,6,0,[0|0]
246900900,,46900,900,2,0,[0|0],4690900,0,0,0,6,0,[0|0]
246900980,,46900,980,2,0,[0|0],4690980,0,0,0,6,0,[0|0]
246900985,,46900,985,2,0,[0|0],4690985,0,0,0,6,0,[0|0]
246900990,,46900,990,2,0,[0|0],4690990,0,0,0,6,0,[0|0]
247100100,,47100,100,2,0,[0|0],4710100,0,0,0,6,0,[0|0]
247100101,,47100,101,2,0,[0|0],4710101,0,0,0,6,0,[0|0]
247100102,,47100,102,2,0,[0|0],4710102,0,0,0,6,0,[0|0]
247100110,,47100,110,2,0,[0|0],4710110,0,0,0,6,0,[0|0]
247100120,,47100,120,2,0,[0|0],4710120,0,0,0,6,0,[0|0]
247100130,,47100,130,2,0,[0|0],4710130,0,0,0,6,0,[0|0]
247100131,,47100,131,2,0,[0|0],4710131,0,0,0,6,0,[0|0]
247100132,,47100,132,2,0,[0|0],4710132,0,0,0,6,0,[0|0]
247100140,,47100,140,2,0,[0|0],4710140,0,0,0,6,0,[0|0]
247100141,,47100,141,2,0,[0|0],4710141,0,0,0,6,0,[0|0]
247100142,,47100,142,2,0,[0|0],4710142,0,0,0,6,0,[0|0]
247100143,,47100,143,2,0,[0|0],4710143,0,0,0,6,0,[0|0]
247100150,,47100,150,2,0,[0|0],4710150,0,0,0,6,0,[0|0]
247100151,,47100,151,2,0,[0|0],4710151,0,0,0,6,0,[0|0]
247100152,,47100,152,2,0,[0|0],4710152,0,0,0,6,0,[0|0]
247100153,,47100,153,2,0,[0|0],4710153,0,0,0,6,0,[0|0]
247100160,,47100,160,2,0,[0|0],4710160,0,0,0,6,0,[0|0]
247100170,,47100,170,2,0,[0|0],4710170,0,0,0,6,0,[0|0]
247100180,,47100,180,2,0,[0|0],4710180,0,0,0,6,0,[0|0]
247100181,,47100,181,2,0,[0|0],4710181,0,0,0,6,0,[0|0]
247100182,,47100,182,2,0,[0|0],4710182,0,0,0,6,0,[0|0]
247100190,,47100,190,2,0,[0|0],4710190,0,0,0,6,0,[0|0]
247100200,,47100,200,2,0,[0|0],4710200,0,0,0,6,0,[0|0]
247100300,,47100,300,2,0,[0|0],4710300,0,0,0,6,0,[0|0]
247100301,,47100,301,2,0,[0|0],4710301,0,0,0,6,0,[0|0]
247100302,,47100,302,2,0,[0|0],4710302,0,0,0,6,0,[0|0]
247100303,,47100,303,2,0,[0|0],4710303,0,0,0,6,0,[0|0]
247100310,,47100,310,2,0,[0|0],4710310,0,0,0,6,0,[0|0]
247100311,,47100,311,2,1,[0|0],4710311,0,0,0,6,0,[0|0]
247100320,,47100,320,2,0,[0|0],4710320,0,0,0,6,0,[0|0]
247100330,,47100,330,2,0,[0|0],4710330,0,0,0,6,0,[0|0]
247100331,,47100,331,2,0,[0|0],4710331,0,0,0,6,0,[0|0]
247100340,,47100,340,2,0,[0|0],4710340,0,0,0,6,0,[0|0]
247100341,,47100,341,2,0,[0|0],4710341,0,0,0,6,0,[0|0]
247100350,,47100,350,2,0,[0|0],4710350,0,0,0,6,0,[0|0]
247100360,,47100,360,2,0,[0|0],4710360,0,0,0,6,0,[0|0]
247100370,,47100,370,2,0,[0|0],4710370,0,0,0,6,0,[0|0]
247100380,,47100,380,2,0,[0|0],4710380,0,0,0,6,0,[0|0]
247100390,,47100,390,2,0,[0|0],4710390,0,0,0,6,0,[0|0]
247100391,,47100,391,2,0,[0|0],4710391,0,0,0,6,0,[0|0]
247100500,,47100,500,2,1,[0|0],4710500,0,0,0,6,0,[0|0]
247100501,,47100,501,2,1,[0|0],4710501,0,0,0,6,0,[0|0]
247100502,,47100,502,2,1,[0|0],4710502,0,0,0,6,0,[0|0]
247100503,,47100,503,2,1,[0|0],4710503,0,0,0,6,0,[0|0]
247100504,,47100,504,2,1,[0|0],4710504,0,0,0,6,0,[0|0]
247100510,,47100,510,2,1,[0|0],4710510,0,0,0,6,0,[0|0]
247100511,,47100,511,2,1,[0|0],4710511,0,0,0,6,0,[0|0]
247100512,,47100,512,2,1,[0|0],4710512,0,0,0,6,0,[0|0]
247100520,,47100,520,2,1,[0|0],4710520,0,0,0,6,0,[0|0]
247100530,,47100,530,2,1,[0|0],4710530,0,0,0,6,0,[0|0]
247100540,,47100,540,2,1,[0|0],4710540,0,0,0,6,0,[0|0]
247100545,,47100,545,2,1,[0|0],4710545,0,0,0,6,0,[0|0]
247100550,,47100,550,2,1,[0|0],4710550,0,0,0,6,0,[0|0]
247100551,,47100,551,2,1,[0|0],4710551,0,0,0,6,0,[0|0]
247100555,,47100,555,2,1,[0|0],4710555,0,0,0,6,0,[0|0]
247100560,,47100,560,2,1,[0|0],4710560,0,0,0,6,0,[0|0]
247100570,,47100,570,2,1,[0|0],4710570,0,0,0,6,0,[0|0]
247100571,,47100,571,2,1,[0|0],4710571,0,0,0,6,0,[0|0]
247100572,,47100,572,2,1,[0|0],4710572,0,0,0,6,0,[0|0]
247100573,,47100,573,2,1,[0|0],4710573,0,0,0,6,0,[0|0]
247100580,,47100,580,2,1,[0|0],4710580,0,0,0,6,0,[0|0]
247100590,,47100,590,2,1,[0|0],4710590,0,0,0,6,0,[0|0]
247100591,,47100,591,2,1,[0|0],4710591,0,0,0,6,0,[0|0]
247100592,,47100,592,2,1,[0|0],4710592,0,0,0,6,0,[0|0]
247100593,,47100,593,2,1,[0|0],4710593,0,0,0,6,0,[0|0]
247100610,,47100,610,2,1,[0|0],4710610,0,0,0,6,0,[0|0]
247100620,,47100,620,2,1,[0|0],4710620,0,0,0,6,0,[0|0]
247100630,,47100,630,2,1,[0|0],4710630,0,0,0,6,0,[0|0]
247100635,,47100,635,2,1,[0|0],4710635,0,0,0,6,0,[0|0]
247100700,,47100,700,2,1,[0|0],4710700,0,0,0,6,0,[0|0]
247100701,,47100,701,2,1,[0|0],4710701,0,0,0,6,0,[0|0]
247100750,,47100,750,2,1,[0|0],4710750,0,0,0,6,0,[0|0]
247100751,,47100,751,2,1,[0|0],4710751,0,0,0,6,0,[0|0]
247100810,,47100,810,2,1,[0|0],4710810,0,0,0,6,0,[0|0]
247100820,,47100,820,2,1,[0|0],4710820,0,0,0,6,0,[0|0]
247100830,,47100,830,2,1,[0|0],4710830,0,0,0,6,0,[0|0]
247100900,,47100,900,2,1,[0|0],4710900,0,0,0,6,0,[0|0]
247100901,,47100,901,2,1,[0|0],4710901,0,0,0,6,0,[0|0]
247100910,,47100,910,2,0,[0|0],4710910,0,0,0,6,0,[0|0]
247100911,,47100,911,2,0,[0|0],4710911,0,0,0,6,0,[0|0]
247100950,,47100,950,2,1,[0|0],4710950,0,0,0,6,0,[0|0]
247100960,,47100,960,2,1,[0|0],4710960,0,0,0,6,0,[0|0]
247200100,,47200,100,2,0,[0|0],4720100,0,0,0,6,0,[0|0]
247200101,,47200,101,2,0,[0|0],4720101,0,0,0,6,0,[0|0]
247200110,,47200,110,2,0,[0|0],4720110,0,0,0,6,0,[0|0]
247200111,,47200,111,2,0,[0|0],4720111,0,0,0,6,0,[0|0]
247200112,,47200,112,2,1,[0|0],4720112,0,0,0,6,0,[0|0]
247200113,,47200,113,2,1,[0|0],4720113,0,0,0,6,0,[0|0]
247200114,,47200,114,2,1,[0|0],4720114,0,0,0,6,0,[0|0]
247200120,,47200,120,2,0,[0|0],4720120,0,0,0,6,0,[0|0]
247200130,,47200,130,2,0,[0|0],4720130,0,0,0,6,0,[0|0]
247200140,,47200,140,2,0,[0|0],4720140,0,0,0,6,0,[0|0]
247200150,,47200,150,2,0,[0|0],4720150,0,0,0,6,0,[0|0]
247200160,,47200,160,2,0,[0|0],4720160,0,0,0,6,0,[0|0]
247200170,,47200,170,2,0,[0|0],4720170,0,0,0,6,0,[0|0]
247200171,,47200,171,2,0,[0|0],4720171,0,0,0,6,0,[0|0]
247200172,,47200,172,2,1,[0|0],4720172,0,0,0,6,0,[0|0]
247200180,,47200,180,2,0,[0|0],4720180,0,0,0,6,0,[0|0]
247200181,,47200,181,2,0,[0|0],4720181,0,0,0,6,0,[0|0]
247200182,,47200,182,2,0,[0|0],4720182,0,0,0,6,0,[0|0]
247200190,,47200,190,2,0,[0|0],4720190,0,0,0,6,0,[0|0]
247200191,,47200,191,2,0,[0|0],4720191,0,0,0,6,0,[0|0]
247200192,,47200,192,2,1,[0|0],4720192,0,0,0,6,0,[0|0]
247200193,,47200,193,2,1,[0|0],4720193,0,0,0,6,0,[0|0]
247200194,,47200,194,2,1,[0|0],4720194,0,0,0,6,0,[0|0]
247200200,,47200,200,2,1,[0|0],4720200,0,0,0,6,0,[0|0]
247200201,,47200,201,2,1,[0|0],4720201,0,0,0,6,0,[0|0]
247200202,,47200,202,2,1,[0|0],4720202,0,0,0,6,0,[0|0]
247200203,,47200,203,2,1,[0|0],4720203,0,0,0,6,0,[0|0]
247200220,,47200,220,2,0,[0|0],4720220,0,0,0,6,0,[0|0]
247200230,,47200,230,2,0,[0|0],4720230,0,0,0,6,0,[0|0]
247200231,,47200,231,2,0,[0|0],4720231,0,0,0,6,0,[0|0]
247200240,,47200,240,2,0,[0|0],4720240,0,0,0,6,0,[0|0]
247200250,,47200,250,2,0,[0|0],4720250,0,0,0,6,0,[0|0]
247200251,,47200,251,2,1,[0|0],4720251,0,0,0,6,0,[0|0]
247200260,,47200,260,2,0,[0|0],4720260,0,0,0,6,0,[0|0]
247200270,,47200,270,2,0,[0|0],4720270,0,0,0,6,0,[0|0]
247200271,,47200,271,2,0,[0|0],4720271,0,0,0,6,0,[0|0]
247200280,,47200,280,2,0,[0|0],4720280,0,0,0,6,0,[0|0]
247200281,,47200,281,2,1,[0|0],4720281,0,0,0,6,0,[0|0]
247200290,,47200,290,2,0,[0|0],4720290,0,0,0,6,0,[0|0]
247200300,,47200,300,2,0,[0|0],4720300,0,0,0,6,0,[0|0]
247200310,,47200,310,2,0,[0|0],4720310,0,0,0,6,0,[0|0]
247200320,,47200,320,2,0,[0|0],4720320,0,0,0,6,0,[0|0]
247200321,,47200,321,2,1,[0|0],4720321,0,0,0,6,0,[0|0]
247200330,,47200,330,2,0,[0|0],4720330,0,0,0,6,0,[0|0]
247200340,,47200,340,2,0,[0|0],4720340,0,0,0,6,0,[0|0]
247200341,,47200,341,2,0,[0|0],4720341,0,0,0,6,0,[0|0]
247200350,,47200,350,2,0,[0|0],4720350,0,0,0,6,0,[0|0]
247200351,,47200,351,2,1,[0|0],4720351,0,0,0,6,0,[0|0]
247200360,,47200,360,2,0,[0|0],4720360,0,0,0,6,0,[0|0]
247200361,,47200,361,2,1,[0|0],4720361,0,0,0,6,0,[0|0]
247200370,,47200,370,2,0,[0|0],4720370,0,0,0,6,0,[0|0]
247200371,,47200,371,2,1,[0|0],4720371,0,0,0,6,0,[0|0]
247200380,,47200,380,2,0,[0|0],4720380,0,0,0,6,0,[0|0]
247200381,,47200,381,2,1,[0|0],4720381,0,0,0,6,0,[0|0]
247200400,,47200,400,2,1,[0|0],4720400,0,0,0,6,0,[0|0]
247200500,,47200,500,2,1,[0|0],4720500,0,0,0,6,0,[0|0]
247210100,,47210,100,2,0,[0|0],4721100,0,0,0,6,0,[0|0]
247210110,,47210,110,2,0,[0|0],4721110,0,0,0,6,0,[0|0]
247210111,,47210,111,2,0,[0|0],4721111,0,0,0,6,0,[0|0]
247210120,,47210,120,2,0,[0|0],4721120,0,0,0,6,0,[0|0]
247210130,,47210,130,2,0,[0|0],4721130,0,0,0,6,0,[0|0]
247210140,,47210,140,2,1,[0|0],4721140,0,0,0,6,0,[0|0]
247210141,,47210,141,2,1,[0|0],4721141,0,0,0,6,0,[0|0]
247210142,,47210,142,2,1,[0|0],4721142,0,0,0,6,0,[0|0]
247210150,,47210,150,2,0,[0|0],4721150,0,0,0,6,0,[0|0]
247210160,,47210,160,2,1,[0|0],4721160,0,0,0,6,0,[0|0]
247210170,,47210,170,2,0,[0|0],4721170,0,0,0,6,0,[0|0]
247210180,,47210,180,2,0,[0|0],4721180,0,0,0,6,0,[0|0]
247210190,,47210,190,2,0,[0|0],4721190,0,0,0,6,0,[0|0]
247210191,,47210,191,2,0,[0|0],4721191,0,0,0,6,0,[0|0]
247210192,,47210,192,2,0,[0|0],4721192,0,0,0,6,0,[0|0]
247210193,,47210,193,2,0,[0|0],4721193,0,0,0,6,0,[0|0]
247210194,,47210,194,2,0,[0|0],4721194,0,0,0,6,0,[0|0]
247210195,,47210,195,2,0,[0|0],4721195,0,0,0,6,0,[0|0]
247210196,,47210,196,2,0,[0|0],4721196,0,0,0,6,0,[0|0]
247210200,,47210,200,2,0,[0|0],4721200,0,0,0,6,0,[0|0]
247210210,,47210,210,2,0,[0|0],4721210,0,0,0,6,0,[0|0]
247210220,,47210,220,2,1,[0|0],4721220,0,0,0,6,0,[0|0]
247210230,,47210,230,2,0,[0|0],4721230,0,0,0,6,0,[0|0]
247210240,,47210,240,2,0,[0|0],4721240,0,0,0,6,0,[0|0]
247210241,,47210,241,2,0,[0|0],4721241,0,0,0,6,0,[0|0]
247210250,,47210,250,2,0,[0|0],4721250,0,0,0,6,0,[0|0]
247210251,,47210,251,2,0,[0|0],4721251,0,0,0,6,0,[0|0]
247210260,,47210,260,2,0,[0|0],4721260,0,0,0,6,0,[0|0]
247210270,,47210,270,2,1,[0|0],4721270,0,0,0,6,0,[0|0]
247210280,,47210,280,2,0,[0|0],4721280,0,0,0,6,0,[0|0]
247210281,,47210,281,2,0,[0|0],4721281,0,0,0,6,0,[0|0]
247210290,,47210,290,2,0,[0|0],4721290,0,0,0,6,0,[0|0]
247210291,,47210,291,2,0,[0|0],4721291,0,0,0,6,0,[0|0]
247210300,,47210,300,2,0,[0|0],4721300,0,0,0,6,0,[0|0]
247210301,,47210,301,2,0,[0|0],4721301,0,0,0,6,0,[0|0]
247210310,,47210,310,2,1,[0|0],4721310,0,0,0,6,0,[0|0]
247210320,,47210,320,2,1,[0|0],4721320,0,0,0,6,0,[0|0]
247210330,,47210,330,2,0,[0|0],4721330,0,0,0,6,0,[0|0]
247210331,,47210,331,2,0,[0|0],4721331,0,0,0,6,0,[0|0]
247210340,,47210,340,2,0,[0|0],4721340,0,0,0,6,0,[0|0]
247210350,,47210,350,2,1,[0|0],4721350,0,0,0,6,0,[0|0]
247210360,,47210,360,2,0,[0|0],4721360,0,0,0,6,0,[0|0]
247210370,,47210,370,2,1,[0|0],4721370,0,0,0,6,0,[0|0]
247210380,,47210,380,2,0,[0|0],4721380,0,0,0,6,0,[0|0]
247210381,,47210,381,2,0,[0|0],4721381,0,0,0,6,0,[0|0]
247210382,,47210,382,2,0,[0|0],4721382,0,0,0,6,0,[0|0]
247210390,,47210,390,2,1,[0|0],4721390,0,0,0,6,0,[0|0]
247210400,,47210,400,2,0,[0|0],4721400,0,0,0,6,0,[0|0]
247210401,,47210,401,2,0,[0|0],4721401,0,0,0,6,0,[0|0]
247210410,,47210,410,2,0,[0|0],4721410,0,0,0,6,0,[0|0]
247210420,,47210,420,2,1,[0|0],4721420,0,0,0,6,0,[0|0]
247210430,,47210,430,2,0,[0|0],4721430,0,0,0,6,0,[0|0]
247210431,,47210,431,2,1,[0|0],4721431,0,0,0,6,0,[0|0]
247210432,,47210,432,2,0,[0|0],4721432,0,0,0,6,0,[0|0]
247210440,,47210,440,2,0,[0|0],4721440,0,0,0,6,0,[0|0]
247210441,,47210,441,2,1,[0|0],4721441,0,0,0,6,0,[0|0]
247210450,,47210,450,2,0,[0|0],4721450,0,0,0,6,0,[0|0]
247210451,,47210,451,2,1,[0|0],4721451,0,0,0,6,0,[0|0]
247210460,,47210,460,2,0,[0|0],4721460,0,0,0,6,0,[0|0]
247210461,,47210,461,2,0,[0|0],4721461,0,0,0,6,0,[0|0]
247210462,,47210,462,2,0,[0|0],4721462,0,0,0,6,0,[0|0]
247210470,,47210,470,2,1,[0|0],4721470,0,0,0,6,0,[0|0]
247210471,,47210,471,2,1,[0|0],4721471,0,0,0,6,0,[0|0]
247210472,,47210,472,2,1,[0|0],4721472,0,0,0,6,0,[0|0]
247210480,,47210,480,2,1,[0|0],4721480,0,0,0,6,0,[0|0]
247210481,,47210,481,2,1,[0|0],4721481,0,0,0,6,0,[0|0]
247210500,,47210,500,2,0,[0|0],4721500,0,0,0,6,0,[0|0]
247210510,,47210,510,2,0,[0|0],4721510,0,0,0,6,0,[0|0]
247210520,,47210,520,2,0,[0|0],4721520,0,0,0,6,0,[0|0]
247210600,,47210,600,2,1,[0|0],4721600,0,0,0,6,0,[0|0]
247300100,,47300,100,2,0,[0|0],4730100,0,0,0,6,0,[0|0]
247300101,,47300,101,2,0,[0|0],4730101,0,0,0,6,0,[0|0]
247300110,,47300,110,2,0,[0|0],4730110,0,0,0,6,0,[0|0]
247300120,,47300,120,2,0,[0|0],4730120,0,0,0,6,0,[0|0]
247300130,,47300,130,2,0,[0|0],4730130,0,0,0,6,0,[0|0]
247300140,,47300,140,2,0,[0|0],4730140,0,0,0,6,0,[0|0]
247300150,,47300,150,2,0,[0|0],4730150,0,0,0,6,0,[0|0]
247300151,,47300,151,2,0,[0|0],4730151,0,0,0,6,0,[0|0]
247300160,,47300,160,2,0,[0|0],4730160,0,0,0,6,0,[0|0]
247300170,,47300,170,2,0,[0|0],4730170,0,0,0,6,0,[0|0]
247300180,,47300,180,2,0,[0|0],4730180,0,0,0,6,0,[0|0]
247300190,,47300,190,2,0,[0|0],4730190,0,0,0,6,0,[0|0]
247300191,,47300,191,2,0,[0|0],4730191,0,0,0,6,0,[0|0]
247300200,,47300,200,2,0,[0|0],4730200,0,0,0,6,0,[0|0]
247300210,,47300,210,2,0,[0|0],4730210,0,0,0,6,0,[0|0]
247300211,,47300,211,2,0,[0|0],4730211,0,0,0,6,0,[0|0]
247300220,,47300,220,2,0,[0|0],4730220,0,0,0,6,0,[0|0]
247300221,,47300,221,2,0,[0|0],4730221,0,0,0,6,0,[0|0]
247300222,,47300,222,2,0,[0|0],4730222,0,0,0,6,0,[0|0]
247300223,,47300,223,2,1,[0|0],4730223,0,0,0,6,0,[0|0]
247300224,,47300,224,2,1,[0|0],4730224,0,0,0,6,0,[0|0]
247300225,,47300,225,2,1,[0|0],4730225,0,0,0,6,0,[0|0]
247300226,,47300,226,2,1,[0|0],4730226,0,0,0,6,0,[0|0]
247300230,,47300,230,2,0,[0|0],4730230,0,0,0,6,0,[0|0]
247300231,,47300,231,2,0,[0|0],4730231,0,0,0,6,0,[0|0]
247300232,,47300,232,2,0,[0|0],4730232,0,0,0,6,0,[0|0]
247300233,,47300,233,2,1,[0|0],4730233,0,0,0,6,0,[0|0]
247300234,,47300,234,2,1,[0|0],4730234,0,0,0,6,0,[0|0]
247300235,,47300,235,2,1,[0|0],4730235,0,0,0,6,0,[0|0]
247300236,,47300,236,2,1,[0|0],4730236,0,0,0,6,0,[0|0]
247300240,,47300,240,2,0,[0|0],4730240,0,0,0,6,0,[0|0]
247300250,,47300,250,2,0,[0|0],4730250,0,0,0,6,0,[0|0]
247300260,,47300,260,2,0,[0|0],4730260,0,0,0,6,0,[0|0]
247300270,,47300,270,2,0,[0|0],4730270,0,0,0,6,0,[0|0]
247300280,,47300,280,2,0,[0|0],4730280,0,0,0,6,0,[0|0]
247300290,,47300,290,2,0,[0|0],4730290,0,0,0,6,0,[0|0]
247300300,,47300,300,2,0,[0|0],4730300,0,0,0,6,0,[0|0]
247300310,,47300,310,2,0,[0|0],4730310,0,0,0,6,0,[0|0]
247300311,,47300,311,2,0,[0|0],4730311,0,0,0,6,0,[0|0]
247300320,,47300,320,2,0,[0|0],4730320,0,0,0,6,0,[0|0]
247300321,,47300,321,2,0,[0|0],4730321,0,0,0,6,0,[0|0]
247300330,,47300,330,2,0,[0|0],4730330,0,0,0,6,0,[0|0]
247300331,,47300,331,2,1,[0|0],4730331,0,0,0,6,0,[0|0]
247300332,,47300,332,2,1,[0|0],4730332,0,0,0,6,0,[0|0]
247300333,,47300,333,2,1,[0|0],4730333,0,0,0,6,0,[0|0]
247300334,,47300,334,2,1,[0|0],4730334,0,0,0,6,0,[0|0]
247300335,,47300,335,2,1,[0|0],4730335,0,0,0,6,0,[0|0]
247300336,,47300,336,2,1,[0|0],4730336,0,0,0,6,0,[0|0]
247300337,,47300,337,2,1,[0|0],4730337,0,0,0,6,0,[0|0]
247300340,,47300,340,2,0,[0|0],4730340,0,0,0,6,0,[0|0]
247300341,,47300,341,2,0,[0|0],4730341,0,0,0,6,0,[0|0]
247300342,,47300,342,2,1,[0|0],4730342,0,0,0,6,0,[0|0]
247300343,,47300,343,2,1,[0|0],4730343,0,0,0,6,0,[0|0]
247300344,,47300,344,2,1,[0|0],4730344,0,0,0,6,0,[0|0]
247300345,,47300,345,2,1,[0|0],4730345,0,0,0,6,0,[0|0]
247300346,,47300,346,2,1,[0|0],4730346,0,0,0,6,0,[0|0]
247300347,,47300,347,2,1,[0|0],4730347,0,0,0,6,0,[0|0]
247300350,,47300,350,2,0,[0|0],4730350,0,0,0,6,0,[0|0]
247300351,,47300,351,2,1,[0|0],4730351,0,0,0,6,0,[0|0]
247300352,,47300,352,2,1,[0|0],4730352,0,0,0,6,0,[0|0]
247300353,,47300,353,2,1,[0|0],4730353,0,0,0,6,0,[0|0]
247300354,,47300,354,2,1,[0|0],4730354,0,0,0,6,0,[0|0]
247300360,,47300,360,2,0,[0|0],4730360,0,0,0,6,0,[0|0]
247300361,,47300,361,2,0,[0|0],4730361,0,0,0,6,0,[0|0]
247300362,,47300,362,2,0,[0|0],4730362,0,0,0,6,0,[0|0]
247300363,,47300,363,2,0,[0|0],4730363,0,0,0,6,0,[0|0]
247300364,,47300,364,2,0,[0|0],4730364,0,0,0,6,0,[0|0]
247300365,,47300,365,2,0,[0|0],4730365,0,0,0,6,0,[0|0]
247300366,,47300,366,2,0,[0|0],4730366,0,0,0,6,0,[0|0]
247300367,,47300,367,2,1,[0|0],4730367,0,0,0,6,0,[0|0]
247300368,,47300,368,2,1,[0|0],4730368,0,0,0,6,0,[0|0]
247300370,,47300,370,2,0,[0|0],4730370,0,0,0,6,0,[0|0]
247300371,,47300,371,2,0,[0|0],4730371,0,0,0,6,0,[0|0]
247300372,,47300,372,2,1,[0|0],4730372,0,0,0,6,0,[0|0]
247300373,,47300,373,2,1,[0|0],4730373,0,0,0,6,0,[0|0]
247300374,,47300,374,2,1,[0|0],4730374,0,0,0,6,0,[0|0]
247300375,,47300,375,2,1,[0|0],4730375,0,0,0,6,0,[0|0]
247300376,,47300,376,2,1,[0|0],4730376,0,0,0,6,0,[0|0]
247300377,,47300,377,2,1,[0|0],4730377,0,0,0,6,0,[0|0]
247300378,,47300,378,2,1,[0|0],4730378,0,0,0,6,0,[0|0]
247300379,,47300,379,2,1,[0|0],4730379,0,0,0,6,0,[0|0]
247300380,,47300,380,2,1,[0|0],4730380,0,0,0,6,0,[0|0]
247300381,,47300,381,2,1,[0|0],4730381,0,0,0,6,0,[0|0]
247300382,,47300,382,2,1,[0|0],4730382,0,0,0,6,0,[0|0]
247300383,,47300,383,2,1,[0|0],4730383,0,0,0,6,0,[0|0]
247300384,,47300,384,2,1,[0|0],4730384,0,0,0,6,0,[0|0]
247300385,,47300,385,2,1,[0|0],4730385,0,0,0,6,0,[0|0]
247300390,,47300,390,2,1,[0|0],4730390,0,0,0,6,0,[0|0]
247300391,,47300,391,2,1,[0|0],4730391,0,0,0,6,0,[0|0]
247300392,,47300,392,2,1,[0|0],4730392,0,0,0,6,0,[0|0]
247300393,,47300,393,2,1,[0|0],4730393,0,0,0,6,0,[0|0]
247300394,,47300,394,2,1,[0|0],4730394,0,0,0,6,0,[0|0]
247300400,,47300,400,2,0,[0|0],4730400,0,0,0,6,0,[0|0]
247300401,,47300,401,2,1,[0|0],4730401,0,0,0,6,0,[0|0]
247300410,,47300,410,2,1,[0|0],4730410,0,0,0,6,0,[0|0]
247300411,,47300,411,2,1,[0|0],4730411,0,0,0,6,0,[0|0]
247300420,,47300,420,2,1,[0|0],4730420,0,0,0,6,0,[0|0]
247300421,,47300,421,2,1,[0|0],4730421,0,0,0,6,0,[0|0]
247300422,,47300,422,2,1,[0|0],4730422,0,0,0,6,0,[0|0]
247300423,,47300,423,2,1,[0|0],4730423,0,0,0,6,0,[0|0]
247300424,,47300,424,2,1,[0|0],4730424,0,0,0,6,0,[0|0]
247300426,,47300,426,2,1,[0|0],4730426,0,0,0,6,0,[0|0]
247300430,,47300,430,2,1,[0|0],4730430,0,0,0,6,0,[0|0]
247300431,,47300,431,2,1,[0|0],4730431,0,0,0,6,0,[0|0]
247300440,,47300,440,2,0,[0|0],4730440,0,0,0,6,0,[0|0]
247300450,,47300,450,2,0,[0|0],4730450,0,0,0,6,0,[0|0]
247300460,,47300,460,2,0,[0|0],4730460,0,0,0,6,0,[0|0]
247300470,,47300,470,2,0,[0|0],4730470,0,0,0,6,0,[0|0]
247300480,,47300,480,2,0,[0|0],4730480,0,0,0,6,0,[0|0]
247300481,,47300,481,2,0,[0|0],4730481,0,0,0,6,0,[0|0]
247300482,,47300,482,2,0,[0|0],4730482,0,0,0,6,0,[0|0]
247300483,,47300,483,2,0,[0|0],4730483,0,0,0,6,0,[0|0]
247300484,,47300,484,2,0,[0|0],4730484,0,0,0,6,0,[0|0]
247300485,,47300,485,2,0,[0|0],4730485,0,0,0,6,0,[0|0]
247300490,,47300,490,2,0,[0|0],4730490,0,0,0,6,0,[0|0]
247300491,,47300,491,2,0,[0|0],4730491,0,0,0,6,0,[0|0]
247300492,,47300,492,2,1,[0|0],4730492,0,0,0,6,0,[0|0]
247300500,,47300,500,2,0,[0|0],4730500,0,0,0,6,0,[0|0]
247300501,,47300,501,2,0,[0|0],4730501,0,0,0,6,0,[0|0]
247300502,,47300,502,2,0,[0|0],4730502,0,0,0,6,0,[0|0]
247300503,,47300,503,2,0,[0|0],4730503,0,0,0,6,0,[0|0]
247300504,,47300,504,2,0,[0|0],4730504,0,0,0,6,0,[0|0]
247300505,,47300,505,2,0,[0|0],4730505,0,0,0,6,0,[0|0]
247300506,,47300,506,2,0,[0|0],4730506,0,0,0,6,0,[0|0]
247300507,,47300,507,2,0,[0|0],4730507,0,0,0,6,0,[0|0]
247300508,,47300,508,2,0,[0|0],4730508,0,0,0,6,0,[0|0]
247300510,,47300,510,2,0,[0|0],4730510,0,0,0,6,0,[0|0]
247300511,,47300,511,2,0,[0|0],4730511,0,0,0,6,0,[0|0]
247300512,,47300,512,2,0,[0|0],4730512,0,0,0,6,0,[0|0]
247300513,,47300,513,2,0,[0|0],4730513,0,0,0,6,0,[0|0]
247300514,,47300,514,2,0,[0|0],4730514,0,0,0,6,0,[0|0]
247300515,,47300,515,2,0,[0|0],4730515,0,0,0,6,0,[0|0]
247300516,,47300,516,2,0,[0|0],4730516,0,0,0,6,0,[0|0]
247300520,,47300,520,2,0,[0|0],4730520,0,0,0,6,0,[0|0]
247300521,,47300,521,2,0,[0|0],4730521,0,0,0,6,0,[0|0]
247300530,,47300,530,2,0,[0|0],4730530,0,0,0,6,0,[0|0]
247300540,,47300,540,2,0,[0|0],4730540,0,0,0,6,0,[0|0]
247300550,,47300,550,2,0,[0|0],4730550,0,0,0,6,0,[0|0]
247300560,,47300,560,2,0,[0|0],4730560,0,0,0,6,0,[0|0]
247300570,,47300,570,2,0,[0|0],4730570,0,0,0,6,0,[0|0]
247300571,,47300,571,2,0,[0|0],4730571,0,0,0,6,0,[0|0]
247300580,,47300,580,2,0,[0|0],4730580,0,0,0,6,0,[0|0]
247300590,,47300,590,2,0,[0|0],4730590,0,0,0,6,0,[0|0]
247300600,,47300,600,2,0,[0|0],4730600,0,0,0,6,0,[0|0]
247300610,,47300,610,2,0,[0|0],4730610,0,0,0,6,0,[0|0]
247300611,,47300,611,2,0,[0|0],4730611,0,0,0,6,0,[0|0]
247300620,,47300,620,2,0,[0|0],4730620,0,0,0,6,0,[0|0]
247300630,,47300,630,2,0,[0|0],4730630,0,0,0,6,0,[0|0]
247300631,,47300,631,2,0,[0|0],4730631,0,0,0,6,0,[0|0]
247300640,,47300,640,2,0,[0|0],4730640,0,0,0,6,0,[0|0]
247300641,,47300,641,2,0,[0|0],4730641,0,0,0,6,0,[0|0]
247300642,,47300,642,2,0,[0|0],4730642,0,0,0,6,0,[0|0]
247300643,,47300,643,2,1,[0|0],4730643,0,0,0,6,0,[0|0]
247300644,,47300,644,2,1,[0|0],4730644,0,0,0,6,0,[0|0]
247300645,,47300,645,2,1,[0|0],4730645,0,0,0,6,0,[0|0]
247300650,,47300,650,2,0,[0|0],4730650,0,0,0,6,0,[0|0]
247300651,,47300,651,2,0,[0|0],4730651,0,0,0,6,0,[0|0]
247300652,,47300,652,2,0,[0|0],4730652,0,0,0,6,0,[0|0]
247300653,,47300,653,2,1,[0|0],4730653,0,0,0,6,0,[0|0]
247300654,,47300,654,2,1,[0|0],4730654,0,0,0,6,0,[0|0]
247300655,,47300,655,2,1,[0|0],4730655,0,0,0,6,0,[0|0]
247300660,,47300,660,2,0,[0|0],4730660,0,0,0,6,0,[0|0]
247300670,,47300,670,2,0,[0|0],4730670,0,0,0,6,0,[0|0]
247300680,,47300,680,2,0,[0|0],4730680,0,0,0,6,0,[0|0]
247300690,,47300,690,2,0,[0|0],4730690,0,0,0,6,0,[0|0]
247300700,,47300,700,2,0,[0|0],4730700,0,0,0,6,0,[0|0]
247300710,,47300,710,2,0,[0|0],4730710,0,0,0,6,0,[0|0]
247300720,,47300,720,2,0,[0|0],4730720,0,0,0,6,0,[0|0]
247300730,,47300,730,2,0,[0|0],4730730,0,0,0,6,0,[0|0]
247300731,,47300,731,2,0,[0|0],4730731,0,0,0,6,0,[0|0]
247300732,,47300,732,2,1,[0|0],4730732,0,0,0,6,0,[0|0]
247300740,,47300,740,2,0,[0|0],4730740,0,0,0,6,0,[0|0]
247300741,,47300,741,2,0,[0|0],4730741,0,0,0,6,0,[0|0]
247300750,,47300,750,2,0,[0|0],4730750,0,0,0,6,0,[0|0]
247300751,,47300,751,2,1,[0|0],4730751,0,0,0,6,0,[0|0]
247300760,,47300,760,2,0,[0|0],4730760,0,0,0,6,0,[0|0]
247300761,,47300,761,2,0,[0|0],4730761,0,0,0,6,0,[0|0]
247300762,,47300,762,2,0,[0|0],4730762,0,0,0,6,0,[0|0]
247300763,,47300,763,2,0,[0|0],4730763,0,0,0,6,0,[0|0]
247300764,,47300,764,2,0,[0|0],4730764,0,0,0,6,0,[0|0]
247300765,,47300,765,2,0,[0|0],4730765,0,0,0,6,0,[0|0]
247300766,,47300,766,2,0,[0|0],4730766,0,0,0,6,0,[0|0]
247300767,,47300,767,2,1,[0|0],4730767,0,0,0,6,0,[0|0]
247300770,,47300,770,2,0,[0|0],4730770,0,0,0,6,0,[0|0]
247300780,,47300,780,2,0,[0|0],4730780,0,0,0,6,0,[0|0]
247300790,,47300,790,2,0,[0|0],4730790,0,0,0,6,0,[0|0]
247300800,,47300,800,2,0,[0|0],4730800,0,0,0,6,0,[0|0]
247300810,,47300,810,2,0,[0|0],4730810,0,0,0,6,0,[0|0]
247300811,,47300,811,2,0,[0|0],4730811,0,0,0,6,0,[0|0]
247300812,,47300,812,2,0,[0|0],4730812,0,0,0,6,0,[0|0]
247300813,,47300,813,2,0,[0|0],4730813,0,0,0,6,0,[0|0]
247300814,,47300,814,2,0,[0|0],4730814,0,0,0,6,0,[0|0]
247300815,,47300,815,2,0,[0|0],4730815,0,0,0,6,0,[0|0]
247300816,,47300,816,2,0,[0|0],4730816,0,0,0,6,0,[0|0]
247300930,,47300,930,2,0,[0|0],4730930,0,0,0,6,0,[0|0]
247500100,,47500,100,2,0,[0|0],4750100,0,0,0,6,0,[0|0]
247500110,,47500,110,2,0,[0|0],4750110,0,0,0,6,0,[0|0]
247500111,,47500,111,2,0,[0|0],4750111,0,0,0,6,0,[0|0]
247500112,,47500,112,2,0,[0|0],4750112,0,0,0,6,0,[0|0]
247500140,,47500,140,2,0,[0|0],4750140,0,0,0,6,0,[0|0]
247500150,,47500,150,2,0,[0|0],4750150,0,0,0,6,0,[0|0]
247500160,,47500,160,2,0,[0|0],4750160,0,0,0,6,0,[0|0]
247500170,,47500,170,2,0,[0|0],4750170,0,0,0,6,0,[0|0]
247500180,,47500,180,2,0,[0|0],4750180,0,0,0,6,0,[0|0]
247500190,,47500,190,2,0,[0|0],4750190,0,0,0,6,0,[0|0]
247500200,,47500,200,2,0,[0|0],4750200,0,0,0,6,0,[0|0]
247500210,,47500,210,2,0,[0|0],4750210,0,0,0,6,0,[0|0]
247500220,,47500,220,2,1,[0|0],4750220,0,0,0,6,0,[0|0]
247500225,,47500,225,2,0,[0|0],4750225,0,0,0,6,0,[0|0]
247500230,,47500,230,2,1,[0|0],4750230,0,0,0,6,0,[0|0]
247500250,,47500,250,2,1,[0|0],4750250,0,0,0,6,0,[0|0]
247500260,,47500,260,2,0,[0|0],4750260,0,0,0,6,0,[0|0]
247500261,,47500,261,2,0,[0|0],4750261,0,0,0,6,0,[0|0]
247500262,,47500,262,2,1,[0|0],4750262,0,0,0,6,0,[0|0]
247500263,,47500,263,2,0,[0|0],4750263,0,0,0,6,0,[0|0]
247500280,,47500,280,2,0,[0|0],4750280,0,0,0,6,0,[0|0]
247500281,,47500,281,2,0,[0|0],4750281,0,0,0,6,0,[0|0]
247500330,,47500,330,2,0,[0|0],4750330,0,0,0,6,0,[0|0]
247500340,,47500,340,2,0,[0|0],4750340,0,0,0,6,0,[0|0]
247500350,,47500,350,2,0,[0|0],4750350,0,0,0,6,0,[0|0]
247500370,,47500,370,2,0,[0|0],4750370,0,0,0,6,0,[0|0]
247500371,,47500,371,2,0,[0|0],4750371,0,0,0,6,0,[0|0]
247500380,,47500,380,2,0,[0|0],4750380,0,0,0,6,0,[0|0]
247500381,,47500,381,2,0,[0|0],4750381,0,0,0,6,0,[0|0]
247500390,,47500,390,2,1,[0|0],4750390,0,0,0,6,0,[0|0]
247500392,,47500,392,2,1,[0|0],4750392,0,0,0,6,0,[0|0]
247500395,,47500,395,2,0,[0|0],4750395,0,0,0,6,0,[0|0]
247500396,,47500,396,2,0,[0|0],4750396,0,0,0,6,0,[0|0]
247500400,,47500,400,2,1,[0|0],4750400,0,0,0,6,0,[0|0]
247500402,,47500,402,2,1,[0|0],4750402,0,0,0,6,0,[0|0]
247500405,,47500,405,2,0,[0|0],4750405,0,0,0,6,0,[0|0]
247500406,,47500,406,2,0,[0|0],4750406,0,0,0,6,0,[0|0]
247500410,,47500,410,2,1,[0|0],4750410,0,0,0,6,0,[0|0]
247500412,,47500,412,2,0,[0|0],4750412,0,0,0,6,0,[0|0]
247500413,,47500,413,2,1,[0|0],4750413,0,0,0,6,0,[0|0]
247500415,,47500,415,2,0,[0|0],4750415,0,0,0,6,0,[0|0]
247500416,,47500,416,2,1,[0|0],4750416,0,0,0,6,0,[0|0]
247500418,,47500,418,2,1,[0|0],4750418,0,0,0,6,0,[0|0]
247500450,,47500,450,2,1,[0|0],4750450,0,0,0,6,0,[0|0]
247500451,,47500,451,2,1,[0|0],4750451,0,0,0,6,0,[0|0]
247500455,,47500,455,2,0,[0|0],4750455,0,0,0,6,0,[0|0]
247500460,,47500,460,2,0,[0|0],4750460,0,0,0,6,0,[0|0]
247500462,,47500,462,2,1,[0|0],4750462,0,0,0,6,0,[0|0]
247500470,,47500,470,2,1,[0|0],4750470,0,0,0,6,0,[0|0]
247500471,,47500,471,2,1,[0|0],4750471,0,0,0,6,0,[0|0]
247500475,,47500,475,2,0,[0|0],4750475,0,0,0,6,0,[0|0]
247500490,,47500,490,2,1,[0|0],4750490,0,0,0,6,0,[0|0]
247500491,,47500,491,2,1,[0|0],4750491,0,0,0,6,0,[0|0]
247500495,,47500,495,2,0,[0|0],4750495,0,0,0,6,0,[0|0]
247500496,,47500,496,2,0,[0|0],4750496,0,0,0,6,0,[0|0]
247500497,,47500,497,2,0,[0|0],4750497,0,0,0,6,0,[0|0]
247500550,,47500,550,2,1,[0|0],4750550,0,0,0,6,0,[0|0]
247500552,,47500,552,2,0,[0|0],4750552,0,0,0,6,0,[0|0]
247500553,,47500,553,2,1,[0|0],4750553,0,0,0,6,0,[0|0]
247500556,,47500,556,2,1,[0|0],4750556,0,0,0,6,0,[0|0]
247500558,,47500,558,2,1,[0|0],4750558,0,0,0,6,0,[0|0]
247500560,,47500,560,2,0,[0|0],4750560,0,0,0,6,0,[0|0]
247500561,,47500,561,2,0,[0|0],4750561,0,0,0,6,0,[0|0]
247500562,,47500,562,2,0,[0|0],4750562,0,0,0,6,0,[0|0]
247500563,,47500,563,2,0,[0|0],4750563,0,0,0,6,0,[0|0]
247500564,,47500,564,2,0,[0|0],4750564,0,0,0,6,0,[0|0]
247500565,,47500,565,2,0,[0|0],4750565,0,0,0,6,0,[0|0]
247500566,,47500,566,2,0,[0|0],4750566,0,0,0,6,0,[0|0]
247500600,,47500,600,2,0,[0|0],4750600,0,0,0,6,0,[0|0]
247500610,,47500,610,2,0,[0|0],4750610,0,0,0,6,0,[0|0]
247500701,,47500,701,2,0,[0|0],4750701,0,0,0,6,0,[0|0]
247500702,,47500,702,2,0,[0|0],4750702,0,0,0,6,0,[0|0]
247500703,,47500,703,2,0,[0|0],4750703,0,0,0,6,0,[0|0]
247500711,,47500,711,2,0,[0|0],4750711,0,0,0,6,0,[0|0]
247500712,,47500,712,2,0,[0|0],4750712,0,0,0,6,0,[0|0]
247500713,,47500,713,2,0,[0|0],4750713,0,0,0,6,0,[0|0]
247500800,,47500,800,2,1,[0|0],4750800,0,0,0,6,0,[0|0]
247500805,,47500,805,2,1,[0|0],4750805,0,0,0,6,0,[0|0]
247500900,,47500,900,2,1,[0|0],4750900,0,0,0,6,0,[0|0]
247600100,,47600,100,2,0,[0|0],4760000,0,0,0,6,0,[0|0]
247600101,,47600,101,2,0,[0|0],4760001,0,0,0,6,0,[0|0]
247600110,,47600,110,2,0,[0|0],4760010,0,0,0,6,0,[0|0]
247600120,,47600,120,2,0,[0|0],4760020,0,0,0,6,0,[0|0]
247600130,,47600,130,2,0,[0|0],4760030,0,0,0,6,0,[0|0]
247600131,,47600,131,2,0,[0|0],4760031,0,0,0,6,0,[0|0]
247600140,,47600,140,2,0,[0|0],4760040,0,0,0,6,0,[0|0]
247600150,,47600,150,2,0,[0|0],4760050,0,0,0,6,0,[0|0]
247600151,,47600,151,2,1,[0|0],4760051,0,0,0,6,0,[0|0]
247600160,,47600,160,2,0,[0|0],4760060,0,0,0,6,0,[0|0]
247600161,,47600,161,2,0,[0|0],4760061,0,0,0,6,0,[0|0]
247600162,,47600,162,2,1,[0|0],4760062,0,0,0,6,0,[0|0]
247600170,,47600,170,2,0,[0|0],4760070,0,0,0,6,0,[0|0]
247600171,,47600,171,2,0,[0|0],4760071,0,0,0,6,0,[0|0]
247600180,,47600,180,2,1,[0|0],4760080,0,0,0,6,0,[0|0]
247600190,,47600,190,2,1,[0|0],4760090,0,0,0,6,0,[0|0]
247600200,,47600,200,2,0,[0|0],4760100,0,0,0,6,0,[0|0]
247600201,,47600,201,2,0,[0|0],4760101,0,0,0,6,0,[0|0]
247600210,,47600,210,2,0,[0|0],4760110,0,0,0,6,0,[0|0]
247600220,,47600,220,2,0,[0|0],4760120,0,0,0,6,0,[0|0]
247600230,,47600,230,2,1,[0|0],4760130,0,0,0,6,0,[0|0]
247600231,,47600,231,2,0,[0|0],4760131,0,0,0,6,0,[0|0]
247600240,,47600,240,2,0,[0|0],4760140,0,0,0,6,0,[0|0]
247600241,,47600,241,2,0,[0|0],4760141,0,0,0,6,0,[0|0]
247600242,,47600,242,2,0,[0|0],4760142,0,0,0,6,0,[0|0]
247600243,,47600,243,2,0,[0|0],4760143,0,0,0,6,0,[0|0]
247600244,,47600,244,2,0,[0|0],4760144,0,0,0,6,0,[0|0]
247600245,,47600,245,2,0,[0|0],4760145,0,0,0,6,0,[0|0]
247600246,,47600,246,2,0,[0|0],4760146,0,0,0,6,0,[0|0]
247600247,,47600,247,2,0,[0|0],4760147,0,0,0,6,0,[0|0]
247600250,,47600,250,2,0,[0|0],4760150,0,0,0,6,0,[0|0]
247600260,,47600,260,2,0,[0|0],4760160,0,0,0,6,0,[0|0]
247600270,,47600,270,2,0,[0|0],4760170,0,0,0,6,0,[0|0]
247600271,,47600,271,2,1,[0|0],4760171,0,0,0,6,0,[0|0]
247600280,,47600,280,2,0,[0|0],4760180,0,0,0,6,0,[0|0]
247600281,,47600,281,2,0,[0|0],4760181,0,0,0,6,0,[0|0]
247600282,,47600,282,2,0,[0|0],4760182,0,0,0,6,0,[0|0]
247600283,,47600,283,2,0,[0|0],4760183,0,0,0,6,0,[0|0]
247600284,,47600,284,2,0,[0|0],4760184,0,0,0,6,0,[0|0]
247600285,,47600,285,2,0,[0|0],4760185,0,0,0,6,0,[0|0]
247600286,,47600,286,2,0,[0|0],4760186,0,0,0,6,0,[0|0]
247600287,,47600,287,2,0,[0|0],4760187,0,0,0,6,0,[0|0]
247600290,,47600,290,2,0,[0|0],4760190,0,0,0,6,0,[0|0]
247600291,,47600,291,2,0,[0|0],4760191,0,0,0,6,0,[0|0]
247600292,,47600,292,2,1,[0|0],4760192,0,0,0,6,0,[0|0]
247600300,,47600,300,2,1,[0|0],4760200,0,0,0,6,0,[0|0]
247600310,,47600,310,2,1,[0|0],4760210,0,0,0,6,0,[0|0]
247600320,,47600,320,2,0,[0|0],4760220,0,0,0,6,0,[0|0]
247600330,,47600,330,2,0,[0|0],4760230,0,0,0,6,0,[0|0]
247600340,,47600,340,2,0,[0|0],4760240,0,0,0,6,0,[0|0]
247600341,,47600,341,2,0,[0|0],4760241,0,0,0,6,0,[0|0]
247600350,,47600,350,2,0,[0|0],4760250,0,0,0,6,0,[0|0]
247600351,,47600,351,2,0,[0|0],4760251,0,0,0,6,0,[0|0]
247600360,,47600,360,2,0,[0|0],4760260,0,0,0,6,0,[0|0]
247600361,,47600,361,2,0,[0|0],4760261,0,0,0,6,0,[0|0]
247600362,,47600,362,2,0,[0|0],4760262,0,0,0,6,0,[0|0]
247600363,,47600,363,2,0,[0|0],4760263,0,0,0,6,0,[0|0]
247600364,,47600,364,2,0,[0|0],4760264,0,0,0,6,0,[0|0]
247600365,,47600,365,2,0,[0|0],4760265,0,0,0,6,0,[0|0]
247600370,,47600,370,2,1,[0|0],4760270,0,0,0,6,0,[0|0]
247600380,,47600,380,2,1,[0|0],4760280,0,0,0,6,0,[0|0]
247600390,,47600,390,2,1,[0|0],4760290,0,0,0,6,0,[0|0]
247600400,,47600,400,2,1,[0|0],4760300,0,0,0,6,0,[0|0]
247600401,,47600,401,2,0,[0|0],4760301,0,0,0,6,0,[0|0]
247600402,,47600,402,2,0,[0|0],4760302,0,0,0,6,0,[0|0]
247600410,,47600,410,2,0,[0|0],4760310,0,0,0,6,0,[0|0]
247600411,,47600,411,2,0,[0|0],4760311,0,0,0,6,0,[0|0]
247600412,,47600,412,2,0,[0|0],4760312,0,0,0,6,0,[0|0]
247600413,,47600,413,2,0,[0|0],4760313,0,0,0,6,0,[0|0]
247600414,,47600,414,2,0,[0|0],4760314,0,0,0,6,0,[0|0]
247600415,,47600,415,2,0,[0|0],4760315,0,0,0,6,0,[0|0]
247600420,,47600,420,2,0,[0|0],4760320,0,0,0,6,0,[0|0]
247600430,,47600,430,2,0,[0|0],4760330,0,0,0,6,0,[0|0]
247600440,,47600,440,2,1,[0|0],4760340,0,0,0,6,0,[0|0]
247600450,,47600,450,2,0,[0|0],4760350,0,0,0,6,0,[0|0]
247600460,,47600,460,2,0,[0|0],4760360,0,0,0,6,0,[0|0]
247600461,,47600,461,2,0,[0|0],4760361,0,0,0,6,0,[0|0]
247600470,,47600,470,2,0,[0|0],4760370,0,0,0,6,0,[0|0]
247600471,,47600,471,2,0,[0|0],4760371,0,0,0,6,0,[0|0]
247600472,,47600,472,2,0,[0|0],4760372,0,0,0,6,0,[0|0]
247600473,,47600,473,2,0,[0|0],4760373,0,0,0,6,0,[0|0]
247600474,,47600,474,2,0,[0|0],4760374,0,0,0,6,0,[0|0]
247600900,,47600,900,2,0,[0|0],4760800,0,0,0,6,0,[0|0]
247600901,,47600,901,2,0,[0|0],4760801,0,0,0,6,0,[0|0]
247600902,,47600,902,2,0,[0|0],4760802,0,0,0,6,0,[0|0]
247600903,,47600,903,2,0,[0|0],4760803,0,0,0,6,0,[0|0]
247600904,,47600,904,2,0,[0|0],4760804,0,0,0,6,0,[0|0]
247700100,,47700,100,2,0,[0|0],4770100,0,0,0,6,0,[0|0]
247700110,,47700,110,2,0,[0|0],4770110,0,0,0,6,0,[0|0]
247700120,,47700,120,2,0,[0|0],4770120,0,0,0,6,0,[0|0]
247700150,,47700,150,2,0,[0|0],4770150,0,0,0,6,0,[0|0]
247700160,,47700,160,2,0,[0|0],4770160,0,0,0,6,0,[0|0]
247700161,,47700,161,2,1,[0|0],4770161,0,0,0,6,0,[0|0]
247700170,,47700,170,2,0,[0|0],4770170,0,0,0,6,0,[0|0]
247700180,,47700,180,2,0,[0|0],4770180,0,0,0,6,0,[0|0]
247700190,,47700,190,2,0,[0|0],4770190,0,0,0,6,0,[0|0]
247700210,,47700,210,2,0,[0|0],4770210,0,0,0,6,0,[0|0]
247700230,,47700,230,2,0,[0|0],4770230,0,0,0,6,0,[0|0]
247700231,,47700,231,2,0,[0|0],4770231,0,0,0,6,0,[0|0]
247700232,,47700,232,2,0,[0|0],4770232,0,0,0,6,0,[0|0]
247700233,,47700,233,2,0,[0|0],4770233,0,0,0,6,0,[0|0]
247700234,,47700,234,2,0,[0|0],4770234,0,0,0,6,0,[0|0]
247700240,,47700,240,2,0,[0|0],4770240,0,0,0,6,0,[0|0]
247700250,,47700,250,2,0,[0|0],4770250,0,0,0,6,0,[0|0]
247700251,,47700,251,2,0,[0|0],4770251,0,0,0,6,0,[0|0]
247700252,,47700,252,2,1,[0|0],4770252,0,0,0,6,0,[0|0]
247700260,,47700,260,2,0,[0|0],4770260,0,0,0,6,0,[0|0]
247700261,,47700,261,2,0,[0|0],4770261,0,0,0,6,0,[0|0]
247700270,,47700,270,2,0,[0|0],4770270,0,0,0,6,0,[0|0]
247700280,,47700,280,2,0,[0|0],4770280,0,0,0,6,0,[0|0]
247700290,,47700,290,2,0,[0|0],4770290,0,0,0,6,0,[0|0]
247700300,,47700,300,2,0,[0|0],4770300,0,0,0,6,0,[0|0]
247700320,,47700,320,2,1,[0|0],4770320,0,0,0,6,0,[0|0]
247700321,,47700,321,2,0,[0|0],4770321,0,0,0,6,0,[0|0]
247700322,,47700,322,2,1,[0|0],4770322,0,0,0,6,0,[0|0]
247700330,,47700,330,2,0,[0|0],4770330,0,0,0,6,0,[0|0]
247700331,,47700,331,2,0,[0|0],4770331,0,0,0,6,0,[0|0]
247700335,,47700,335,2,0,[0|0],4770335,0,0,0,6,0,[0|0]
247700336,,47700,336,2,0,[0|0],4770336,0,0,0,6,0,[0|0]
247700350,,47700,350,2,0,[0|0],4770350,0,0,0,6,0,[0|0]
247700351,,47700,351,2,0,[0|0],4770351,0,0,0,6,0,[0|0]
247700352,,47700,352,2,1,[0|0],4770352,0,0,0,6,0,[0|0]
247700360,,47700,360,2,0,[0|0],4770360,0,0,0,6,0,[0|0]
247700380,,47700,380,2,1,[0|0],4770380,0,0,0,6,0,[0|0]
247700381,,47700,381,2,0,[0|0],4770381,0,0,0,6,0,[0|0]
247700382,,47700,382,2,1,[0|0],4770382,0,0,0,6,0,[0|0]
247700390,,47700,390,2,0,[0|0],4770390,0,0,0,6,0,[0|0]
247700391,,47700,391,2,0,[0|0],4770391,0,0,0,6,0,[0|0]
247700392,,47700,392,2,1,[0|0],4770392,0,0,0,6,0,[0|0]
247700420,,47700,420,2,0,[0|0],4770420,0,0,0,6,0,[0|0]
247700421,,47700,421,2,0,[0|0],4770421,0,0,0,6,0,[0|0]
247700430,,47700,430,2,0,[0|0],4770430,0,0,0,6,0,[0|0]
247700431,,47700,431,2,1,[0|0],4770431,0,0,0,6,0,[0|0]
247700450,,47700,450,2,1,[0|0],4770450,0,0,0,6,0,[0|0]
247700500,,47700,500,2,0,[0|0],4770500,0,0,0,6,0,[0|0]
247700501,,47700,501,2,0,[0|0],4770501,0,0,0,6,0,[0|0]
247700510,,47700,510,2,0,[0|0],4770510,0,0,0,6,0,[0|0]
247700511,,47700,511,2,0,[0|0],4770511,0,0,0,6,0,[0|0]
247700512,,47700,512,2,0,[0|0],4770512,0,0,0,6,0,[0|0]
247700520,,47700,520,2,0,[0|0],4770520,0,0,0,6,0,[0|0]
247700530,,47700,530,2,0,[0|0],4770530,0,0,0,6,0,[0|0]
247700540,,47700,540,2,0,[0|0],4770540,0,0,0,6,0,[0|0]
247700541,,47700,541,2,0,[0|0],4770541,0,0,0,6,0,[0|0]
247700550,,47700,550,2,0,[0|0],4770550,0,0,0,6,0,[0|0]
247700551,,47700,551,2,0,[0|0],4770551,0,0,0,6,0,[0|0]
247700552,,47700,552,2,0,[0|0],4770552,0,0,0,6,0,[0|0]
247700553,,47700,553,2,1,[0|0],4770553,0,0,0,6,0,[0|0]
247700554,,47700,554,2,1,[0|0],4770554,0,0,0,6,0,[0|0]
247700555,,47700,555,2,1,[0|0],4770555,0,0,0,6,0,[0|0]
247700560,,47700,560,2,0,[0|0],4770560,0,0,0,6,0,[0|0]
247700590,,47700,590,2,0,[0|0],4770590,0,0,0,6,0,[0|0]
247700600,,47700,600,2,0,[0|0],4770600,0,0,0,6,0,[0|0]
247700605,,47700,605,2,1,[0|0],4770605,0,0,0,6,0,[0|0]
247700620,,47700,620,2,0,[0|0],4770620,0,0,0,6,0,[0|0]
247700630,,47700,630,2,0,[0|0],4770630,0,0,0,6,0,[0|0]
247700635,,47700,635,2,1,[0|0],4770635,0,0,0,6,0,[0|0]
247700650,,47700,650,2,0,[0|0],4770650,0,0,0,6,0,[0|0]
247700651,,47700,651,2,0,[0|0],4770651,0,0,0,6,0,[0|0]
247700652,,47700,652,2,0,[0|0],4770652,0,0,0,6,0,[0|0]
247700660,,47700,660,2,0,[0|0],4770660,0,0,0,6,0,[0|0]
247700661,,47700,661,2,0,[0|0],4770661,0,0,0,6,0,[0|0]
247700662,,47700,662,2,0,[0|0],4770662,0,0,0,6,0,[0|0]
247700663,,47700,663,2,0,[0|0],4770663,0,0,0,6,0,[0|0]
247700680,,47700,680,2,0,[0|0],4770680,0,0,0,6,0,[0|0]
247700681,,47700,681,2,0,[0|0],4770681,0,0,0,6,0,[0|0]
247700690,,47700,690,2,0,[0|0],4770690,0,0,0,6,0,[0|0]
247700691,,47700,691,2,0,[0|0],4770691,0,0,0,6,0,[0|0]
247700720,,47700,720,2,0,[0|0],4770720,0,0,0,6,0,[0|0]
247700721,,47700,721,2,0,[0|0],4770721,0,0,0,6,0,[0|0]
247700722,,47700,722,2,0,[0|0],4770722,0,0,0,6,0,[0|0]
247700723,,47700,723,2,0,[0|0],4770723,0,0,0,6,0,[0|0]
247700724,,47700,724,2,1,[0|0],4770724,0,0,0,6,0,[0|0]
247700730,,47700,730,2,0,[0|0],4770730,0,0,0,6,0,[0|0]
247700731,,47700,731,2,1,[0|0],4770731,0,0,0,6,0,[0|0]
247700732,,47700,732,2,1,[0|0],4770732,0,0,0,6,0,[0|0]
247700740,,47700,740,2,0,[0|0],4770740,0,0,0,6,0,[0|0]
247700741,,47700,741,2,0,[0|0],4770741,0,0,0,6,0,[0|0]
247700750,,47700,750,2,0,[0|0],4770750,0,0,0,6,0,[0|0]
247700751,,47700,751,2,1,[0|0],4770751,0,0,0,6,0,[0|0]
247700752,,47700,752,2,1,[0|0],4770752,0,0,0,6,0,[0|0]
247700760,,47700,760,2,0,[0|0],4770760,0,0,0,6,0,[0|0]
247700761,,47700,761,2,0,[0|0],4770761,0,0,0,6,0,[0|0]
247700770,,47700,770,2,0,[0|0],4770770,0,0,0,6,0,[0|0]
247700771,,47700,771,2,0,[0|0],4770771,0,0,0,6,0,[0|0]
247700780,,47700,780,2,0,[0|0],4770780,0,0,0,6,0,[0|0]
247700790,,47700,790,2,0,[0|0],4770790,0,0,0,6,0,[0|0]
247700791,,47700,791,2,0,[0|0],4770791,0,0,0,6,0,[0|0]
247700792,,47700,792,2,1,[0|0],4770792,0,0,0,6,0,[0|0]
247700800,,47700,800,2,0,[0|0],4770800,0,0,0,6,0,[0|0]
247700820,,47700,820,2,0,[0|0],4770820,0,0,0,6,0,[0|0]
247700821,,47700,821,2,0,[0|0],4770821,0,0,0,6,0,[0|0]
247700822,,47700,822,2,0,[0|0],4770822,0,0,0,6,0,[0|0]
247700823,,47700,823,2,1,[0|0],4770823,0,0,0,6,0,[0|0]
247700824,,47700,824,2,1,[0|0],4770824,0,0,0,6,0,[0|0]
247700825,,47700,825,2,1,[0|0],4770825,0,0,0,6,0,[0|0]
247700830,,47700,830,2,0,[0|0],4770830,0,0,0,6,0,[0|0]
247700831,,47700,831,2,0,[0|0],4770831,0,0,0,6,0,[0|0]
247700832,,47700,832,2,0,[0|0],4770832,0,0,0,6,0,[0|0]
247700833,,47700,833,2,0,[0|0],4770833,0,0,0,6,0,[0|0]
247700834,,47700,834,2,1,[0|0],4770834,0,0,0,6,0,[0|0]
247700840,,47700,840,2,0,[0|0],4770840,0,0,0,6,0,[0|0]
247700841,,47700,841,2,0,[0|0],4770841,0,0,0,6,0,[0|0]
247700842,,47700,842,2,1,[0|0],4770842,0,0,0,6,0,[0|0]
247700850,,47700,850,2,0,[0|0],4770850,0,0,0,6,0,[0|0]
247700860,,47700,860,2,1,[0|0],4770860,0,0,0,6,0,[0|0]
247700865,,47700,865,2,1,[0|0],4770865,0,0,0,6,0,[0|0]
247700880,,47700,880,2,1,[0|0],4770880,0,0,0,6,0,[0|0]
247700885,,47700,885,2,1,[0|0],4770885,0,0,0,6,0,[0|0]
247700890,,47700,890,2,1,[0|0],4770890,0,0,0,6,0,[0|0]
247700895,,47700,895,2,1,[0|0],4770895,0,0,0,6,0,[0|0]
247700900,,47700,900,2,0,[0|0],4770900,0,0,0,6,0,[0|0]
247700901,,47700,901,2,1,[0|0],4770901,0,0,0,6,0,[0|0]
247700905,,47700,905,2,0,[0|0],4770905,0,0,0,6,0,[0|0]
247700910,,47700,910,2,0,[0|0],4770910,0,0,0,6,0,[0|0]
247700911,,47700,911,2,1,[0|0],4770911,0,0,0,6,0,[0|0]
247700920,,47700,920,2,1,[0|0],4770920,0,0,0,6,0,[0|0]
247700930,,47700,930,2,1,[0|0],4770930,0,0,0,6,0,[0|0]
247700995,,47700,995,2,1,[0|0],4770995,0,0,0,6,0,[0|0]
248000040,,48000,40,2,1,[0|0],4800040,0,0,0,6,0,[0|0]
248000110,,48000,110,2,1,[0|0],4800110,0,0,0,6,0,[0|0]
248000125,,48000,125,2,0,[0|0],4800125,0,0,0,6,0,[0|0]
248000135,,48000,135,2,0,[0|0],4800135,0,0,0,6,0,[0|0]
248000145,,48000,145,2,0,[0|0],4800145,0,0,0,6,0,[0|0]
248000160,,48000,160,2,0,[0|0],4800160,0,0,0,6,0,[0|0]
248000170,,48000,170,2,0,[0|0],4800170,0,0,0,6,0,[0|0]
248000180,,48000,180,2,0,[0|0],4800180,0,0,0,6,0,[0|0]
248000190,,48000,190,2,0,[0|0],4800190,0,0,0,6,0,[0|0]
248000195,,48000,195,2,0,[0|0],4800195,0,0,0,6,0,[0|0]
248000200,,48000,200,2,0,[0|0],4800200,0,0,0,6,0,[0|0]
248000201,,48000,201,2,0,[0|0],4800201,0,0,0,6,0,[0|0]
248000210,,48000,210,2,1,[0|0],4800210,0,0,0,6,0,[0|0]
248000220,,48000,220,2,0,[0|0],4800220,0,0,0,6,0,[0|0]
248000230,,48000,230,2,0,[0|0],4800230,0,0,0,6,0,[0|0]
248000240,,48000,240,2,1,[0|0],4800240,0,0,0,6,0,[0|0]
248000260,,48000,260,2,1,[0|0],4800260,0,0,0,6,0,[0|0]
248000300,,48000,300,2,0,[0|0],4800300,0,0,0,6,0,[0|0]
248000305,,48000,305,2,0,[0|0],4800305,0,0,0,6,0,[0|0]
248000310,,48000,310,2,0,[0|0],4800310,0,0,0,6,0,[0|0]
248000320,,48000,320,2,1,[0|0],4800320,0,0,0,6,0,[0|0]
248000330,,48000,330,2,0,[0|0],4800330,0,0,0,6,0,[0|0]
248000331,,48000,331,2,1,[0|0],4800331,0,0,0,6,0,[0|0]
248000332,,48000,332,2,1,[0|0],4800332,0,0,0,6,0,[0|0]
248000333,,48000,333,2,1,[0|0],4800333,0,0,0,6,0,[0|0]
248000340,,48000,340,2,0,[0|0],4800340,0,0,0,6,0,[0|0]
248000342,,48000,342,2,0,[0|0],4800342,0,0,0,6,0,[0|0]
248000345,,48000,345,2,0,[0|0],4800345,0,0,0,6,0,[0|0]
248000350,,48000,350,2,0,[0|0],4800350,0,0,0,6,0,[0|0]
248000360,,48000,360,2,0,[0|0],4800360,0,0,0,6,0,[0|0]
248000370,,48000,370,2,0,[0|0],4800370,0,0,0,6,0,[0|0]
248000390,,48000,390,2,0,[0|0],4800390,0,0,0,6,0,[0|0]
248000395,,48000,395,2,0,[0|0],4800395,0,0,0,6,0,[0|0]
248000400,,48000,400,2,0,[0|0],4800400,0,0,0,6,0,[0|0]
248000420,,48000,420,2,0,[0|0],4800420,0,0,0,6,0,[0|0]
248000430,,48000,430,2,1,[0|0],4800430,0,0,0,6,0,[0|0]
248000435,,48000,435,2,0,[0|0],4800435,0,0,0,6,0,[0|0]
248000440,,48000,440,2,0,[0|0],4800440,0,0,0,6,0,[0|0]
248000560,,48000,560,2,0,[0|0],4800560,0,0,0,6,0,[0|0]
248000561,,48000,561,2,1,[0|0],4800561,0,0,0,6,0,[0|0]
248000570,,48000,570,2,0,[0|0],4800570,0,0,0,6,0,[0|0]
248000571,,48000,571,2,1,[0|0],4800571,0,0,0,6,0,[0|0]
248000580,,48000,580,2,0,[0|0],4800580,0,0,0,6,0,[0|0]
248000581,,48000,581,2,1,[0|0],4800581,0,0,0,6,0,[0|0]
248000590,,48000,590,2,0,[0|0],4800590,0,0,0,6,0,[0|0]
248000591,,48000,591,2,1,[0|0],4800591,0,0,0,6,0,[0|0]
248000600,,48000,600,2,0,[0|0],4800600,0,0,0,6,0,[0|0]
248000601,,48000,601,2,0,[0|0],4800601,0,0,0,6,0,[0|0]
248000605,,48000,605,2,1,[0|0],4800605,0,0,0,6,0,[0|0]
248000608,,48000,608,2,1,[0|0],4800608,0,0,0,6,0,[0|0]
248000620,,48000,620,2,0,[0|0],4800620,0,0,0,6,0,[0|0]
248000621,,48000,621,2,1,[0|0],4800621,0,0,0,6,0,[0|0]
248000630,,48000,630,2,0,[0|0],4800630,0,0,0,6,0,[0|0]
248000631,,48000,631,2,1,[0|0],4800631,0,0,0,6,0,[0|0]
248000700,,48000,700,2,0,[0|0],4800700,0,0,0,6,0,[0|0]
248000701,,48000,701,2,1,[0|0],4800701,0,0,0,6,0,[0|0]
248000705,,48000,705,2,0,[0|0],4800705,0,0,0,6,0,[0|0]
248000710,,48000,710,2,0,[0|0],4800710,0,0,0,6,0,[0|0]
248000711,,48000,711,2,1,[0|0],4800711,0,0,0,6,0,[0|0]
248000740,,48000,740,2,0,[0|0],4800740,0,0,0,6,0,[0|0]
248000741,,48000,741,2,1,[0|0],4800741,0,0,0,6,0,[0|0]
248000742,,48000,742,2,0,[0|0],4800742,0,0,0,6,0,[0|0]
248000745,,48000,745,2,0,[0|0],4800745,0,0,0,6,0,[0|0]
248000750,,48000,750,2,0,[0|0],4800750,0,0,0,6,0,[0|0]
248000751,,48000,751,2,1,[0|0],4800751,0,0,0,6,0,[0|0]
248000760,,48000,760,2,0,[0|0],4800760,0,0,0,6,0,[0|0]
248000761,,48000,761,2,1,[0|0],4800761,0,0,0,6,0,[0|0]
248000770,,48000,770,2,0,[0|0],4800770,0,0,0,6,0,[0|0]
248000771,,48000,771,2,1,[0|0],4800771,0,0,0,6,0,[0|0]
248000790,,48000,790,2,0,[0|0],4800790,0,0,0,6,0,[0|0]
248000791,,48000,791,2,1,[0|0],4800791,0,0,0,6,0,[0|0]
248000795,,48000,795,2,0,[0|0],4800795,0,0,0,6,0,[0|0]
248000800,,48000,800,2,0,[0|0],4800800,0,0,0,6,0,[0|0]
248000801,,48000,801,2,1,[0|0],4800801,0,0,0,6,0,[0|0]
248000820,,48000,820,2,0,[0|0],4800820,0,0,0,6,0,[0|0]
248000835,,48000,835,2,0,[0|0],4800835,0,0,0,6,0,[0|0]
248000837,,48000,837,2,1,[0|0],4800837,0,0,0,6,0,[0|0]
248000840,,48000,840,2,0,[0|0],4800840,0,0,0,6,0,[0|0]
248000841,,48000,841,2,1,[0|0],4800841,0,0,0,6,0,[0|0]
248000842,,48000,842,2,1,[0|0],4800842,0,0,0,6,0,[0|0]
248000900,,48000,900,2,1,[0|0],4800900,0,0,0,6,0,[0|0]
248000990,,48000,990,2,0,[0|0],4800990,0,0,0,6,0,[0|0]
248000995,,48000,995,2,0,[0|0],4800995,0,0,0,6,0,[0|0]
248010100,,48010,100,2,1,[0|0],4801100,0,0,0,6,0,[0|0]
248100100,,48100,100,2,0,[0|0],4810100,0,0,0,6,0,[0|0]
248100110,,48100,110,2,0,[0|0],4810110,0,0,0,6,0,[0|0]
248100120,,48100,120,2,0,[0|0],4810120,0,0,0,6,0,[0|0]
248100130,,48100,130,2,0,[0|0],4810130,0,0,0,6,0,[0|0]
248100150,,48100,150,2,0,[0|0],4810150,0,0,0,6,0,[0|0]
248100160,,48100,160,2,0,[0|0],4810160,0,0,0,6,0,[0|0]
248100161,,48100,161,2,1,[0|0],4810161,0,0,0,6,0,[0|0]
248100170,,48100,170,2,0,[0|0],4810170,0,0,0,6,0,[0|0]
248100180,,48100,180,2,0,[0|0],4810180,0,0,0,6,0,[0|0]
248100183,,48100,183,2,1,[0|0],4810183,0,0,0,6,0,[0|0]
248100200,,48100,200,2,0,[0|0],4810200,0,0,0,6,0,[0|0]
248100210,,48100,210,2,0,[0|0],4810210,0,0,0,6,0,[0|0]
248100220,,48100,220,2,0,[0|0],4810220,0,0,0,6,0,[0|0]
248100250,,48100,250,2,1,[0|0],4810250,0,0,0,6,0,[0|0]
248100260,,48100,260,2,0,[0|0],4810260,0,0,0,6,0,[0|0]
248100263,,48100,263,2,1,[0|0],4810263,0,0,0,6,0,[0|0]
248100265,,48100,265,2,1,[0|0],4810265,0,0,0,6,0,[0|0]
248100266,,48100,266,2,1,[0|0],4810266,0,0,0,6,0,[0|0]
248100267,,48100,267,2,1,[0|0],4810267,0,0,0,6,0,[0|0]
248100268,,48100,268,2,1,[0|0],4810268,0,0,0,6,0,[0|0]
248100990,,48100,990,2,0,[0|0],4810990,0,0,0,6,0,[0|0]
248100991,,48100,991,2,0,[0|0],4810991,0,0,0,6,0,[0|0]
248100992,,48100,992,2,0,[0|0],4810992,0,0,0,6,0,[0|0]
248100993,,48100,993,2,0,[0|0],4810993,0,0,0,6,0,[0|0]
248100994,,48100,994,2,0,[0|0],4810994,0,0,0,6,0,[0|0]
248200100,,48200,100,2,0,[0|0],4820100,0,0,0,6,0,[0|0]
248200110,,48200,110,2,0,[0|0],4820110,0,0,0,7,0,[0|0]
248200120,,48200,120,2,0,[0|0],4820120,0,0,0,6,0,[0|0]
248200130,,48200,130,2,0,[0|0],4820130,0,0,0,7,0,[0|0]
248200140,,48200,140,2,0,[0|0],4820140,0,0,0,6,0,[0|0]
248200150,,48200,150,2,0,[0|0],4820150,0,0,0,6,0,[0|0]
248200180,,48200,180,2,0,[0|0],4820180,0,0,0,7,0,[0|0]
248200190,,48200,190,2,0,[0|0],4820190,0,0,0,7,0,[0|0]
248200191,,48200,191,2,0,[0|0],4820191,0,0,0,7,0,[0|0]
248200500,,48200,500,2,1,[0|0],4820500,0,0,0,6,0,[0|0]
248200510,,48200,510,2,1,[0|0],4820510,0,0,0,6,0,[0|0]
248200520,,48200,520,2,1,[0|0],4820520,0,0,0,6,0,[0|0]
248200530,,48200,530,2,1,[0|0],4820530,0,0,0,6,0,[0|0]
249000100,,49000,100,2,0,[0|0],4900100,0,0,0,6,0,[0|0]
249000101,,49000,101,2,0,[0|0],4900101,0,0,0,6,0,[0|0]
249000102,,49000,102,2,0,[0|0],4900200,0,0,0,6,0,[0|0]
249000120,,49000,120,2,0,[0|0],4900120,0,0,0,6,0,[0|0]
249000121,,49000,121,2,0,[0|0],4900210,0,0,0,6,0,[0|0]
249000122,,49000,122,2,0,[0|0],4900211,0,0,0,6,0,[0|0]
249000123,,49000,123,2,0,[0|0],4900212,0,0,0,6,0,[0|0]
249000124,,49000,124,2,1,[0|0],4900350,0,0,0,6,0,[0|0]
249000125,,49000,125,2,0,[0|0],4900220,0,0,0,6,0,[0|0]
249000140,,49000,140,2,0,[0|0],4900140,0,0,0,6,0,[0|0]
249000141,,49000,141,2,0,[0|0],4900141,0,0,0,6,0,[0|0]
249000160,,49000,160,2,0,[0|0],4900160,0,0,0,6,0,[0|0]
249000170,,49000,170,2,0,[0|0],4900170,0,0,0,6,0,[0|0]
249000171,,49000,171,2,0,[0|0],4900171,0,0,0,6,0,[0|0]
249000172,,49000,172,2,0,[0|0],4900172,0,0,0,6,0,[0|0]
249000173,,49000,173,2,0,[0|0],4900173,0,0,0,6,0,[0|0]
249000180,,49000,180,2,0,[0|0],4900180,0,0,0,6,0,[0|0]
249000190,,49000,190,2,0,[0|0],4900190,0,0,0,6,0,[0|0]
249000200,,49000,200,2,1,[0|0],4900850,0,0,0,6,0,[0|0]
249000201,,49000,201,2,1,[0|0],4900858,0,0,0,6,0,[0|0]
249000202,,49000,202,2,1,[0|0],4900860,0,0,0,6,0,[0|0]
249000240,,49000,240,2,1,[0|0],4900150,0,0,0,6,0,[0|0]
249000243,,49000,243,2,1,[0|0],4900880,0,0,0,6,0,[0|0]
249000244,,49000,244,2,1,[0|0],4900881,0,0,0,6,0,[0|0]
249000245,,49000,245,2,1,[0|0],4900865,0,0,0,6,0,[0|0]
249000246,,49000,246,2,1,[0|0],4900871,0,0,0,6,0,[0|0]
249000247,,49000,247,2,1,[0|0],4900885,0,0,0,6,0,[0|0]
249000250,,49000,250,2,1,[0|0],4900730,0,0,0,6,0,[0|0]
249000251,,49000,251,2,1,[0|0],4900737,0,0,0,6,0,[0|0]
249000252,,49000,252,2,1,[0|0],4900739,0,0,0,6,0,[0|0]
249000260,,49000,260,2,1,[0|0],4900750,0,0,0,6,0,[0|0]
249000261,,49000,261,2,1,[0|0],4900752,0,0,0,6,0,[0|0]
249000265,,49000,265,2,1,[0|0],4900790,0,0,0,6,0,[0|0]
249000266,,49000,266,2,1,[0|0],4900800,0,0,0,6,0,[0|0]
249000267,,49000,267,2,1,[0|0],4900808,0,0,0,6,0,[0|0]
249000290,,49000,290,2,0,[0|0],4900230,0,0,0,6,0,[0|0]
249000291,,49000,291,2,1,[0|0],4900160,0,0,0,6,0,[0|0]
249000292,,49000,292,2,1,[0|0],4900167,0,0,0,6,0,[0|0]
249000293,,49000,293,2,0,[0|0],4900232,0,0,0,6,0,[0|0]
249000295,,49000,295,2,1,[0|0],4900290,0,0,0,6,0,[0|0]
249000296,,49000,296,2,1,[0|0],4900292,0,0,0,6,0,[0|0]
249000297,,49000,297,2,1,[0|0],4900293,0,0,0,6,0,[0|0]
249000300,,49000,300,2,1,[0|0],4900000,0,0,0,6,0,[0|0]
249000301,,49000,301,2,1,[0|0],4900010,0,0,0,6,0,[0|0]
249000302,,49000,302,2,1,[0|0],4900020,0,0,0,6,0,[0|0]
249000303,,49000,303,2,1,[0|0],4900030,0,0,0,6,0,[0|0]
249000304,,49000,304,2,1,[0|0],4900040,0,0,0,6,0,[0|0]
249000305,,49000,305,2,1,[0|0],4900050,0,0,0,6,0,[0|0]
249000306,,49000,306,2,1,[0|0],4900060,0,0,0,6,0,[0|0]
249000307,,49000,307,2,1,[0|0],4900071,0,0,0,6,0,[0|0]
249000350,,49000,350,2,1,[0|0],4900080,0,0,0,6,0,[0|0]
249000351,,49000,351,2,1,[0|0],4900081,0,0,0,6,0,[0|0]
249000352,,49000,352,2,1,[0|0],4900082,0,0,0,6,0,[0|0]
249000353,,49000,353,2,1,[0|0],4900083,0,0,0,6,0,[0|0]
249000354,,49000,354,2,1,[0|0],4900084,0,0,0,6,0,[0|0]
249000355,,49000,355,2,1,[0|0],4900900,0,0,0,6,0,[0|0]
249000356,,49000,356,2,1,[0|0],4900901,0,0,0,6,0,[0|0]
249000357,,49000,357,2,1,[0|0],4900902,0,0,0,6,0,[0|0]
249000358,,49000,358,2,1,[0|0],4900903,0,0,0,6,0,[0|0]
249000359,,49000,359,2,1,[0|0],4900904,0,0,0,6,0,[0|0]
249000360,,49000,360,2,1,[0|0],4900130,0,0,0,6,0,[0|0]
249000361,,49000,361,2,1,[0|0],4900131,0,0,0,6,0,[0|0]
249000362,,49000,362,2,1,[0|0],4900132,0,0,0,6,0,[0|0]
249000363,,49000,363,2,1,[0|0],4900133,0,0,0,6,0,[0|0]
249000364,,49000,364,2,1,[0|0],4900134,0,0,0,6,0,[0|0]
249000365,,49000,365,2,1,[0|0],4900078,0,0,0,6,0,[0|0]
249000370,,49000,370,2,1,[0|0],4900940,0,0,0,6,0,[0|0]
249000371,,49000,371,2,1,[0|0],4900941,0,0,0,6,0,[0|0]
249000372,,49000,372,2,1,[0|0],4900942,0,0,0,6,0,[0|0]
249000373,,49000,373,2,1,[0|0],4900943,0,0,0,6,0,[0|0]
249000374,,49000,374,2,1,[0|0],4900944,0,0,0,6,0,[0|0]
249000400,,49000,400,2,1,[0|0],4900820,0,0,0,6,0,[0|0]
249000410,,49000,410,2,1,[0|0],4900830,0,0,0,6,0,[0|0]
249000420,,49000,420,2,1,[0|0],4900840,0,0,0,6,0,[0|0]
249000421,,49000,421,2,1,[0|0],4900841,0,0,0,6,0,[0|0]
249000422,,49000,422,2,0,[0|0],4900504,0,0,0,7,0,[0|0]
249000423,,49000,423,2,1,[0|0],4900843,0,0,0,6,0,[0|0]
249000450,,49000,450,2,1,[0|0],4900170,0,0,0,6,0,[0|0]
249000451,,49000,451,2,1,[0|0],4900171,0,0,0,6,0,[0|0]
249000452,,49000,452,2,1,[0|0],4900172,0,0,0,6,0,[0|0]
249000453,,49000,453,2,1,[0|0],4900173,0,0,0,6,0,[0|0]
249000454,,49000,454,2,1,[0|0],4900174,0,0,0,6,0,[0|0]
249000455,,49000,455,2,1,[0|0],4900175,0,0,0,6,0,[0|0]
249000456,,49000,456,2,1,[0|0],4900176,0,0,0,6,0,[0|0]
249000457,,49000,457,2,1,[0|0],4900177,0,0,0,6,0,[0|0]
249000458,,49000,458,2,1,[0|0],4900210,0,0,0,6,0,[0|0]
249000459,,49000,459,2,1,[0|0],4900211,0,0,0,6,0,[0|0]
249000460,,49000,460,2,1,[0|0],4900212,0,0,0,6,0,[0|0]
249000461,,49000,461,2,1,[0|0],4900213,0,0,0,6,0,[0|0]
249000462,,49000,462,2,1,[0|0],4900214,0,0,0,6,0,[0|0]
249000463,,49000,463,2,1,[0|0],4900215,0,0,0,6,0,[0|0]
249000464,,49000,464,2,1,[0|0],4900216,0,0,0,6,0,[0|0]
249000465,,49000,465,2,1,[0|0],4900217,0,0,0,6,0,[0|0]
249000466,,49000,466,2,1,[0|0],4900250,0,0,0,6,0,[0|0]
249000467,,49000,467,2,1,[0|0],4900251,0,0,0,6,0,[0|0]
249000468,,49000,468,2,1,[0|0],4900252,0,0,0,6,0,[0|0]
249000469,,49000,469,2,1,[0|0],4900253,0,0,0,6,0,[0|0]
249000470,,49000,470,2,1,[0|0],4900254,0,0,0,6,0,[0|0]
249000471,,49000,471,2,1,[0|0],4900255,0,0,0,6,0,[0|0]
249000472,,49000,472,2,1,[0|0],4900275,0,0,0,6,0,[0|0]
249000473,,49000,473,2,1,[0|0],4900276,0,0,0,6,0,[0|0]
249000474,,49000,474,2,1,[0|0],4900277,0,0,0,6,0,[0|0]
249000475,,49000,475,2,1,[0|0],4900278,0,0,0,6,0,[0|0]
249000476,,49000,476,2,1,[0|0],4900279,0,0,0,6,0,[0|0]
249000477,,49000,477,2,1,[0|0],4900280,0,0,0,6,0,[0|0]
249000478,,49000,478,2,1,[0|0],4900300,0,0,0,6,0,[0|0]
249000479,,49000,479,2,1,[0|0],4900301,0,0,0,6,0,[0|0]
249000480,,49000,480,2,1,[0|0],4900302,0,0,0,6,0,[0|0]
249000481,,49000,481,2,1,[0|0],4900303,0,0,0,6,0,[0|0]
249000482,,49000,482,2,1,[0|0],4900304,0,0,0,6,0,[0|0]
249000483,,49000,483,2,1,[0|0],4900305,0,0,0,6,0,[0|0]
249000484,,49000,484,2,1,[0|0],4900306,0,0,0,6,0,[0|0]
249000485,,49000,485,2,1,[0|0],4900307,0,0,0,6,0,[0|0]
249000486,,49000,486,2,1,[0|0],4900333,0,0,0,6,0,[0|0]
249000487,,49000,487,2,1,[0|0],4900334,0,0,0,6,0,[0|0]
249000488,,49000,488,2,1,[0|0],4900335,0,0,0,6,0,[0|0]
249000489,,49000,489,2,1,[0|0],4900336,0,0,0,6,0,[0|0]
249000490,,49000,490,2,1,[0|0],4900337,0,0,0,6,0,[0|0]
249000491,,49000,491,2,1,[0|0],4900338,0,0,0,6,0,[0|0]
249000492,,49000,492,2,1,[0|0],4900339,0,0,0,6,0,[0|0]
249000493,,49000,493,2,1,[0|0],4900340,0,0,0,6,0,[0|0]
249000500,,49000,500,2,1,[0|0],4901000,0,0,0,6,0,[0|0]
249000501,,49000,501,2,1,[0|0],4901001,0,0,0,6,0,[0|0]
249000505,,49000,505,2,1,[0|0],4901005,0,0,0,6,0,[0|0]
249000506,,49000,506,2,1,[0|0],4901006,0,0,0,6,0,[0|0]
249000507,,49000,507,2,1,[0|0],4901007,0,0,0,6,0,[0|0]
249000508,,49000,508,2,1,[0|0],4901008,0,0,0,6,0,[0|0]
249000550,,49000,550,2,1,[0|0],4901160,0,0,0,6,0,[0|0]
249000551,,49000,551,2,1,[0|0],4901161,0,0,0,6,0,[0|0]
249000552,,49000,552,2,1,[0|0],4901170,0,0,0,6,0,[0|0]
249000553,,49000,553,2,1,[0|0],4901172,0,0,0,6,0,[0|0]
249000554,,49000,554,2,1,[0|0],4901180,0,0,0,6,0,[0|0]
249000555,,49000,555,2,1,[0|0],4901182,0,0,0,6,0,[0|0]
249000556,,49000,556,2,1,[0|0],4901600,0,0,0,6,0,[0|0]
249000557,,49000,557,2,1,[0|0],4901610,0,0,0,6,0,[0|0]
249000558,,49000,558,2,1,[0|0],4901620,0,0,0,6,0,[0|0]
249000559,,49000,559,2,1,[0|0],4901630,0,0,0,6,0,[0|0]
249000560,,49000,560,2,1,[0|0],4901640,0,0,0,6,0,[0|0]
249000561,,49000,561,2,1,[0|0],4901650,0,0,0,6,0,[0|0]
249000600,,49000,600,2,1,[0|0],4901110,0,0,0,6,0,[0|0]
249000601,,49000,601,2,1,[0|0],4901118,0,0,0,6,0,[0|0]
249000602,,49000,602,2,1,[0|0],4901120,0,0,0,6,0,[0|0]
249000605,,49000,605,2,1,[0|0],4901065,0,0,0,6,0,[0|0]
249000606,,49000,606,2,1,[0|0],4901188,0,0,0,6,0,[0|0]
249000607,,49000,607,2,1,[0|0],4901194,0,0,0,6,0,[0|0]
249000610,,49000,610,2,1,[0|0],4901050,0,0,0,6,0,[0|0]
249000611,,49000,611,2,1,[0|0],4901057,0,0,0,6,0,[0|0]
249000612,,49000,612,2,1,[0|0],4901059,0,0,0,6,0,[0|0]
249000615,,49000,615,2,1,[0|0],4901070,0,0,0,6,0,[0|0]
249000616,,49000,616,2,1,[0|0],4901072,0,0,0,6,0,[0|0]
249000617,,49000,617,2,1,[0|0],4901096,0,0,0,6,0,[0|0]
249000620,,49000,620,2,1,[0|0],4901100,0,0,0,6,0,[0|0]
249000621,,49000,621,2,1,[0|0],4901108,0,0,0,6,0,[0|0]
249000625,,49000,625,2,1,[0|0],4901040,0,0,0,6,0,[0|0]
249000626,,49000,626,2,1,[0|0],4901047,0,0,0,6,0,[0|0]
249000630,,49000,630,2,1,[0|0],4901130,0,0,0,6,0,[0|0]
249000631,,49000,631,2,1,[0|0],4901131,0,0,0,6,0,[0|0]
249000635,,49000,635,2,1,[0|0],4901020,0,0,0,6,0,[0|0]
249000640,,49000,640,2,1,[0|0],4901200,0,0,0,6,0,[0|0]
249000641,,49000,641,2,1,[0|0],4901201,0,0,0,6,0,[0|0]
249000642,,49000,642,2,1,[0|0],4901202,0,0,0,6,0,[0|0]
249000643,,49000,643,2,1,[0|0],4901203,0,0,0,6,0,[0|0]
249000644,,49000,644,2,1,[0|0],4901204,0,0,0,6,0,[0|0]
249000645,,49000,645,2,1,[0|0],4901205,0,0,0,6,0,[0|0]
249000646,,49000,646,2,1,[0|0],4901206,0,0,0,6,0,[0|0]
249000647,,49000,647,2,1,[0|0],4901207,0,0,0,6,0,[0|0]
249000648,,49000,648,2,1,[0|0],4901208,0,0,0,6,0,[0|0]
249000649,,49000,649,2,1,[0|0],4901700,0,0,0,6,0,[0|0]
249000650,,49000,650,2,1,[0|0],4901250,0,0,0,6,0,[0|0]
249000660,,49000,660,2,1,[0|0],4901260,0,0,0,6,0,[0|0]
249000661,,49000,661,2,1,[0|0],4901261,0,0,0,6,0,[0|0]
249000662,,49000,662,2,1,[0|0],4901262,0,0,0,6,0,[0|0]
249000663,,49000,663,2,1,[0|0],4901263,0,0,0,6,0,[0|0]
249000664,,49000,664,2,1,[0|0],4901264,0,0,0,6,0,[0|0]
249000665,,49000,665,2,1,[0|0],4901265,0,0,0,6,0,[0|0]
249000666,,49000,666,2,1,[0|0],4901266,0,0,0,6,0,[0|0]
249000667,,49000,667,2,1,[0|0],4901267,0,0,0,6,0,[0|0]
249000668,,49000,668,2,1,[0|0],4901268,0,0,0,6,0,[0|0]
249000669,,49000,669,2,1,[0|0],4901269,0,0,0,6,0,[0|0]
249000670,,49000,670,2,1,[0|0],4901270,0,0,0,6,0,[0|0]
249000671,,49000,671,2,1,[0|0],4901271,0,0,0,6,0,[0|0]
249000672,,49000,672,2,1,[0|0],4901272,0,0,0,6,0,[0|0]
249000673,,49000,673,2,1,[0|0],4901273,0,0,0,6,0,[0|0]
249000680,,49000,680,2,1,[0|0],4901280,0,0,0,6,0,[0|0]
249000681,,49000,681,2,1,[0|0],4901281,0,0,0,6,0,[0|0]
249000682,,49000,682,2,1,[0|0],4901282,0,0,0,6,0,[0|0]
249000683,,49000,683,2,1,[0|0],4901283,0,0,0,6,0,[0|0]
249000684,,49000,684,2,1,[0|0],4901284,0,0,0,6,0,[0|0]
249000685,,49000,685,2,1,[0|0],4901285,0,0,0,6,0,[0|0]
249000686,,49000,686,2,1,[0|0],4901286,0,0,0,6,0,[0|0]
249000687,,49000,687,2,1,[0|0],4901287,0,0,0,6,0,[0|0]
249000688,,49000,688,2,1,[0|0],4901288,0,0,0,6,0,[0|0]
249000689,,49000,689,2,1,[0|0],4901289,0,0,0,6,0,[0|0]
249000690,,49000,690,2,1,[0|0],4901290,0,0,0,6,0,[0|0]
249000691,,49000,691,2,1,[0|0],4901291,0,0,0,6,0,[0|0]
249000692,,49000,692,2,1,[0|0],4901292,0,0,0,6,0,[0|0]
249000693,,49000,693,2,1,[0|0],4901293,0,0,0,6,0,[0|0]
249000700,,49000,700,2,1,[0|0],4901300,0,0,0,6,0,[0|0]
249000701,,49000,701,2,1,[0|0],4901301,0,0,0,6,0,[0|0]
249000702,,49000,702,2,1,[0|0],4901302,0,0,0,6,0,[0|0]
249000703,,49000,703,2,1,[0|0],4901303,0,0,0,6,0,[0|0]
249000704,,49000,704,2,1,[0|0],4901304,0,0,0,6,0,[0|0]
249000705,,49000,705,2,1,[0|0],4901305,0,0,0,6,0,[0|0]
249000706,,49000,706,2,1,[0|0],4901306,0,0,0,6,0,[0|0]
249000707,,49000,707,2,1,[0|0],4901307,0,0,0,6,0,[0|0]
249000708,,49000,708,2,1,[0|0],4901332,0,0,0,6,0,[0|0]
249000709,,49000,709,2,1,[0|0],4901333,0,0,0,6,0,[0|0]
249000710,,49000,710,2,1,[0|0],4901334,0,0,0,6,0,[0|0]
249000711,,49000,711,2,1,[0|0],4901335,0,0,0,6,0,[0|0]
249000712,,49000,712,2,1,[0|0],4901336,0,0,0,6,0,[0|0]
249000713,,49000,713,2,1,[0|0],4901337,0,0,0,6,0,[0|0]
249000714,,49000,714,2,1,[0|0],4901338,0,0,0,6,0,[0|0]
249000715,,49000,715,2,1,[0|0],4901339,0,0,0,6,0,[0|0]
249000716,,49000,716,2,1,[0|0],4901364,0,0,0,6,0,[0|0]
249000717,,49000,717,2,1,[0|0],4901365,0,0,0,6,0,[0|0]
249000718,,49000,718,2,1,[0|0],4901366,0,0,0,6,0,[0|0]
249000719,,49000,719,2,1,[0|0],4901367,0,0,0,6,0,[0|0]
249000720,,49000,720,2,1,[0|0],4901368,0,0,0,6,0,[0|0]
249000721,,49000,721,2,1,[0|0],4901369,0,0,0,6,0,[0|0]
249000722,,49000,722,2,1,[0|0],4901388,0,0,0,6,0,[0|0]
249000723,,49000,723,2,1,[0|0],4901389,0,0,0,6,0,[0|0]
249000724,,49000,724,2,1,[0|0],4901390,0,0,0,6,0,[0|0]
249000725,,49000,725,2,1,[0|0],4901391,0,0,0,6,0,[0|0]
249000726,,49000,726,2,1,[0|0],4901392,0,0,0,6,0,[0|0]
249000727,,49000,727,2,1,[0|0],4901393,0,0,0,6,0,[0|0]
249000728,,49000,728,2,1,[0|0],4901412,0,0,0,6,0,[0|0]
249000729,,49000,729,2,1,[0|0],4901413,0,0,0,6,0,[0|0]
249000730,,49000,730,2,1,[0|0],4901414,0,0,0,6,0,[0|0]
249000731,,49000,731,2,1,[0|0],4901415,0,0,0,6,0,[0|0]
249000732,,49000,732,2,1,[0|0],4901416,0,0,0,6,0,[0|0]
249000733,,49000,733,2,1,[0|0],4901417,0,0,0,6,0,[0|0]
249000734,,49000,734,2,1,[0|0],4901418,0,0,0,6,0,[0|0]
249000735,,49000,735,2,1,[0|0],4901419,0,0,0,6,0,[0|0]
249000736,,49000,736,2,1,[0|0],4901444,0,0,0,6,0,[0|0]
249000737,,49000,737,2,1,[0|0],4901445,0,0,0,6,0,[0|0]
249000738,,49000,738,2,1,[0|0],4901446,0,0,0,6,0,[0|0]
249000739,,49000,739,2,1,[0|0],4901447,0,0,0,6,0,[0|0]
249000740,,49000,740,2,1,[0|0],4901448,0,0,0,6,0,[0|0]
249000741,,49000,741,2,1,[0|0],4901449,0,0,0,6,0,[0|0]
249000742,,49000,742,2,1,[0|0],4901450,0,0,0,6,0,[0|0]
249000743,,49000,743,2,1,[0|0],4901451,0,0,0,6,0,[0|0]
249000750,,49000,750,2,1,[0|0],4901500,0,0,0,6,0,[0|0]
249000751,,49000,751,2,1,[0|0],4901501,0,0,0,6,0,[0|0]
249000752,,49000,752,2,1,[0|0],4901502,0,0,0,6,0,[0|0]
249000753,,49000,753,2,1,[0|0],4901503,0,0,0,6,0,[0|0]
249000754,,49000,754,2,1,[0|0],4901504,0,0,0,6,0,[0|0]
249000755,,49000,755,2,1,[0|0],4901505,0,0,0,6,0,[0|0]
249000756,,49000,756,2,1,[0|0],4901506,0,0,0,6,0,[0|0]
249000757,,49000,757,2,1,[0|0],4901507,0,0,0,6,0,[0|0]
249000800,,49000,800,2,1,[0|0],4900890,0,0,0,6,0,[0|0]
249000801,,49000,801,2,1,[0|0],4901140,0,0,0,6,0,[0|0]
249000802,,49000,802,2,1,[0|0],4901141,0,0,0,6,0,[0|0]
249000803,,49000,803,2,1,[0|0],4901142,0,0,0,6,0,[0|0]
249000804,,49000,804,2,1,[0|0],4901143,0,0,0,6,0,[0|0]
249000805,,49000,805,2,1,[0|0],4901144,0,0,0,6,0,[0|0]
249000806,,49000,806,2,1,[0|0],4901500,0,0,0,6,0,[0|0]
249000810,,49000,810,2,1,[0|0],4901230,0,0,0,6,0,[0|0]
249000811,,49000,811,2,1,[0|0],4901231,0,0,0,6,0,[0|0]
249000812,,49000,812,2,1,[0|0],4901232,0,0,0,6,0,[0|0]
249000813,,49000,813,2,1,[0|0],4901233,0,0,0,6,0,[0|0]
249000814,,49000,814,2,1,[0|0],4901234,0,0,0,6,0,[0|0]
249000820,,49000,820,2,1,[0|0],4900895,0,0,0,6,0,[0|0]
249000821,,49000,821,2,1,[0|0],4901025,0,0,0,6,0,[0|0]
249000822,,49000,822,2,1,[0|0],4901026,0,0,0,6,0,[0|0]
249000823,,49000,823,2,1,[0|0],4901027,0,0,0,6,0,[0|0]
249000824,,49000,824,2,1,[0|0],4901028,0,0,0,6,0,[0|0]
249000825,,49000,825,2,1,[0|0],4901029,0,0,0,6,0,[0|0]
249000850,,49000,850,2,1,[0|0],4901850,0,0,0,6,0,[0|0]
249000851,,49000,851,2,1,[0|0],4901851,0,0,0,6,0,[0|0]
249000900,,49000,900,2,1,[0|0],4901900,0,0,0,6,0,[0|0]
249000910,,49000,910,2,1,[0|0],4901910,0,0,0,6,0,[0|0]
249000997,,49000,997,2,1,[0|0],4900998,0,0,0,6,0,[0|0]
249000998,,49000,998,2,1,[0|0],4900997,0,0,0,6,0,[0|0]
249000999,,49000,999,2,1,[0|0],4900999,0,0,0,6,0,[0|0]
249100100,,49100,100,2,0,[0|0],4910100,0,0,0,6,0,[0|0]
249100110,,49100,110,2,0,[0|0],4910110,0,0,0,6,0,[0|0]
249100111,,49100,111,2,0,[0|0],4910111,0,0,0,6,0,[0|0]
249100120,,49100,120,2,0,[0|0],4910120,0,0,0,6,0,[0|0]
249100121,,49100,121,2,0,[0|0],4910121,0,0,0,6,0,[0|0]
249100122,,49100,122,2,0,[0|0],4910122,0,0,0,6,0,[0|0]
249100130,,49100,130,2,1,[0|0],4910130,0,0,0,6,0,[0|0]
249100140,,49100,140,2,1,[0|0],4910140,0,0,0,6,0,[0|0]
249100141,,49100,141,2,0,[0|0],4910141,0,0,0,6,0,[0|0]
249100142,,49100,142,2,0,[0|0],4910142,0,0,0,6,0,[0|0]
249100143,,49100,143,2,0,[0|0],4910143,0,0,0,6,0,[0|0]
249100144,,49100,144,2,0,[0|0],4910144,0,0,0,6,0,[0|0]
249100145,,49100,145,2,0,[0|0],4910145,0,0,0,6,0,[0|0]
249100150,,49100,150,2,1,[0|0],4910150,0,0,0,6,0,[0|0]
249100151,,49100,151,2,1,[0|0],4910151,0,0,0,6,0,[0|0]
249100170,,49100,170,2,0,[0|0],4910170,0,0,0,6,0,[0|0]
249100171,,49100,171,2,0,[0|0],4910171,0,0,0,6,0,[0|0]
249100180,,49100,180,2,0,[0|0],4910180,0,0,0,6,0,[0|0]
249100181,,49100,181,2,0,[0|0],4910181,0,0,0,6,0,[0|0]
249100200,,49100,200,2,0,[0|0],4910200,0,0,0,6,0,[0|0]
249100210,,49100,210,2,1,[0|0],4910210,0,0,0,6,0,[0|0]
249100211,,49100,211,2,1,[0|0],4910211,0,0,0,6,0,[0|0]
249100240,,49100,240,2,0,[0|0],4910240,0,0,0,6,0,[0|0]
249100241,,49100,241,2,0,[0|0],4910241,0,0,0,6,0,[0|0]
249100250,,49100,250,2,0,[0|0],4910250,0,0,0,6,0,[0|0]
249100260,,49100,260,2,0,[0|0],4910260,0,0,0,6,0,[0|0]
249100270,,49100,270,2,1,[0|0],4910270,0,0,0,6,0,[0|0]
249100271,,49100,271,2,1,[0|0],4910271,0,0,0,6,0,[0|0]
249100280,,49100,280,2,0,[0|0],4910280,0,0,0,6,0,[0|0]
249100281,,49100,281,2,0,[0|0],4910281,0,0,0,6,0,[0|0]
249100290,,49100,290,2,1,[0|0],4910290,0,0,0,6,0,[0|0]
249100291,,49100,291,2,0,[0|0],4910291,0,0,0,6,0,[0|0]
249100300,,49100,300,2,0,[0|0],4910300,0,0,0,6,0,[0|0]
249100310,,49100,310,2,1,[0|0],4910310,0,0,0,6,0,[0|0]
249100311,,49100,311,2,1,[0|0],4910311,0,0,0,6,0,[0|0]
249100320,,49100,320,2,1,[0|0],4910320,0,0,0,6,0,[0|0]
249100330,,49100,330,2,0,[0|0],4910330,0,0,0,6,0,[0|0]
249100331,,49100,331,2,0,[0|0],4910331,0,0,0,6,0,[0|0]
249100340,,49100,340,2,0,[0|0],4910340,0,0,0,6,0,[0|0]
249100510,,49100,510,2,1,[0|0],4910510,0,0,0,6,0,[0|0]
249100520,,49100,520,2,1,[0|0],4910520,0,0,0,6,0,[0|0]
249100530,,49100,530,2,1,[0|0],4910530,0,0,0,6,0,[0|0]
249100600,,49100,600,2,0,[0|0],4910600,0,0,0,6,0,[0|0]
249100630,,49100,630,2,1,[0|0],4910630,0,0,0,6,0,[0|0]
249100640,,49100,640,2,1,[0|0],4910640,0,0,0,6,0,[0|0]
249100650,,49100,650,2,1,[0|0],4910650,0,0,0,6,0,[0|0]
249100651,,49100,651,2,1,[0|0],4910651,0,0,0,6,0,[0|0]
249100710,,49100,710,2,1,[0|0],4910710,0,0,0,6,0,[0|0]
249100711,,49100,711,2,1,[0|0],4910711,0,0,0,6,0,[0|0]
249100770,,49100,770,2,1,[0|0],4910770,0,0,0,6,0,[0|0]
249100790,,49100,790,2,1,[0|0],4910790,0,0,0,6,0,[0|0]
249100810,,49100,810,2,1,[0|0],4910810,0,0,0,6,0,[0|0]
249100811,,49100,811,2,1,[0|0],4910811,0,0,0,6,0,[0|0]
249100820,,49100,820,2,1,[0|0],4910820,0,0,0,6,0,[0|0]
249500100,,49500,100,2,0,[0|0],4950100,0,0,0,6,0,[0|0]
249500105,,49500,105,2,1,[0|0],4950105,0,0,0,6,0,[0|0]
249500110,,49500,110,2,0,[0|0],4950110,0,0,0,6,0,[0|0]
249500115,,49500,115,2,1,[0|0],4950115,0,0,0,6,0,[0|0]
249500120,,49500,120,2,0,[0|0],4950120,0,0,0,6,0,[0|0]
249500125,,49500,125,2,1,[0|0],4950125,0,0,0,6,0,[0|0]
249500130,,49500,130,2,0,[0|0],4950130,0,0,0,6,0,[0|0]
249500135,,49500,135,2,1,[0|0],4950135,0,0,0,6,0,[0|0]
249500140,,49500,140,2,0,[0|0],4950140,0,0,0,6,0,[0|0]
249500150,,49500,150,2,0,[0|0],4950150,0,0,0,6,0,[0|0]
249500180,,49500,180,2,1,[0|0],4950180,0,0,0,6,0,[0|0]
249500181,,49500,181,2,1,[0|0],4950181,0,0,0,6,0,[0|0]
249500185,,49500,185,2,0,[0|0],4950185,0,0,0,6,0,[0|0]
249500210,,49500,210,2,1,[0|0],4950210,0,0,0,6,0,[0|0]
249500220,,49500,220,2,1,[0|0],4950220,0,0,0,6,0,[0|0]
249500225,,49500,225,2,1,[0|0],4950225,0,0,0,6,0,[0|0]
249600100,,49600,100,2,0,[0|0],4960100,0,0,0,6,0,[0|0]
249600105,,49600,105,2,0,[0|0],4960105,0,0,0,6,0,[0|0]
249600110,,49600,110,2,0,[0|0],4960110,0,0,0,6,0,[0|0]
249600115,,49600,115,2,0,[0|0],4960115,0,0,0,6,0,[0|0]
249600120,,49600,120,2,0,[0|0],4960120,0,0,0,6,0,[0|0]
249600125,,49600,125,2,0,[0|0],4960125,0,0,0,6,0,[0|0]
249600130,,49600,130,2,0,[0|0],4960130,0,0,0,6,0,[0|0]
249600135,,49600,135,2,0,[0|0],4960135,0,0,0,6,0,[0|0]
249600150,,49600,150,2,0,[0|0],4960150,0,0,0,6,0,[0|0]
249600155,,49600,155,2,0,[0|0],4960155,0,0,0,6,0,[0|0]
249600500,,49600,500,2,0,[0|0],4960500,0,0,0,6,0,[0|0]
249600505,,49600,505,2,0,[0|0],4960505,0,0,0,6,0,[0|0]
249600520,,49600,520,2,0,[0|0],4960520,0,0,0,6,0,[0|0]
249600525,,49600,525,2,0,[0|0],4960525,0,0,0,6,0,[0|0]
249600530,,49600,530,2,0,[0|0],4960530,0,0,0,6,0,[0|0]
249600531,,49600,531,2,0,[0|0],4960531,0,0,0,6,0,[0|0]
249600532,,49600,532,2,0,[0|0],4960532,0,0,0,6,0,[0|0]
249600533,,49600,533,2,0,[0|0],4960533,0,0,0,6,0,[0|0]
249600535,,49600,535,2,0,[0|0],4960535,0,0,0,6,0,[0|0]
249600536,,49600,536,2,0,[0|0],4960536,0,0,0,6,0,[0|0]
249600537,,49600,537,2,0,[0|0],4960537,0,0,0,6,0,[0|0]
249600538,,49600,538,2,0,[0|0],4960538,0,0,0,6,0,[0|0]
249600540,,49600,540,2,0,[0|0],4960540,0,0,0,6,0,[0|0]
249600541,,49600,541,2,0,[0|0],4960541,0,0,0,6,0,[0|0]
249600545,,49600,545,2,0,[0|0],4960545,0,0,0,6,0,[0|0]
249600546,,49600,546,2,0,[0|0],4960546,0,0,0,6,0,[0|0]
249600600,,49600,600,2,0,[0|0],4960600,0,0,0,6,0,[0|0]
249600650,,49600,650,2,1,[0|0],4960650,0,0,0,6,0,[0|0]
249600800,,49600,800,2,1,[0|0],4960800,0,0,0,6,0,[0|0]
249600810,,49600,810,2,1,[0|0],4960810,0,0,0,6,0,[0|0]
249600820,,49600,820,2,1,[0|0],4960820,0,0,0,6,0,[0|0]
249600830,,49600,830,2,1,[0|0],4960830,0,0,0,6,0,[0|0]
249600900,,49600,900,2,1,[0|0],4960900,0,0,0,6,0,[0|0]
249800100,,49800,100,2,0,[0|0],4980100,0,0,0,6,0,[0|0]
249800110,,49800,110,2,0,[0|0],4980110,0,0,0,6,0,[0|0]
249800120,,49800,120,2,0,[0|0],4980120,0,0,0,6,0,[0|0]
249800130,,49800,130,2,0,[0|0],4980130,0,0,0,6,0,[0|0]
249800140,,49800,140,2,0,[0|0],4980140,0,0,0,6,0,[0|0]
249800141,,49800,141,2,1,[0|0],4980141,0,0,0,6,0,[0|0]
249800150,,49800,150,2,0,[0|0],4980150,0,0,0,6,0,[0|0]
249800160,,49800,160,2,0,[0|0],4980160,0,0,0,6,0,[0|0]
249800170,,49800,170,2,0,[0|0],4980170,0,0,0,6,0,[0|0]
249800171,,49800,171,2,1,[0|0],4980171,0,0,0,6,0,[0|0]
249800180,,49800,180,2,0,[0|0],4980180,0,0,0,6,0,[0|0]
249800181,,49800,181,2,1,[0|0],4980181,0,0,0,6,0,[0|0]
249800190,,49800,190,2,0,[0|0],4980190,0,0,0,6,0,[0|0]
249800200,,49800,200,2,1,[0|0],4980200,0,0,0,6,0,[0|0]
249800210,,49800,210,2,1,[0|0],4980210,0,0,0,6,0,[0|0]
249800220,,49800,220,2,0,[0|0],4980220,0,0,0,6,0,[0|0]
249800221,,49800,221,2,1,[0|0],4980221,0,0,0,6,0,[0|0]
249800230,,49800,230,2,0,[0|0],4980230,0,0,0,6,0,[0|0]
249800240,,49800,240,2,1,[0|0],4980240,0,0,0,6,0,[0|0]
249800250,,49800,250,2,0,[0|0],4980250,0,0,0,6,0,[0|0]
249800251,,49800,251,2,1,[0|0],4980251,0,0,0,6,0,[0|0]
249800260,,49800,260,2,0,[0|0],4980260,0,0,0,6,0,[0|0]
249800261,,49800,261,2,1,[0|0],4980261,0,0,0,6,0,[0|0]
249800270,,49800,270,2,0,[0|0],4980270,0,0,0,6,0,[0|0]
249800271,,49800,271,2,1,[0|0],4980271,0,0,0,6,0,[0|0]
249800280,,49800,280,2,0,[0|0],4980280,0,0,0,6,0,[0|0]
249800281,,49800,281,2,0,[0|0],4980281,0,0,0,6,0,[0|0]
249800282,,49800,282,2,0,[0|0],4980282,0,0,0,6,0,[0|0]
249800290,,49800,290,2,0,[0|0],4980290,0,0,0,6,0,[0|0]
249800291,,49800,291,2,1,[0|0],4980291,0,0,0,6,0,[0|0]
249800300,,49800,300,2,1,[0|0],4980300,0,0,0,6,0,[0|0]
249800310,,49800,310,2,0,[0|0],4980310,0,0,0,6,0,[0|0]
249800311,,49800,311,2,0,[0|0],4980311,0,0,0,6,0,[0|0]
249800320,,49800,320,2,0,[0|0],4980320,0,0,0,6,0,[0|0]
249800321,,49800,321,2,0,[0|0],4980321,0,0,0,6,0,[0|0]
249800322,,49800,322,2,0,[0|0],4980322,0,0,0,6,0,[0|0]
249800400,,49800,400,2,0,[0|0],4980400,0,0,0,6,0,[0|0]
249800410,,49800,410,2,0,[0|0],4980410,0,0,0,6,0,[0|0]
249800411,,49800,411,2,1,[0|0],4980411,0,0,0,6,0,[0|0]
249800420,,49800,420,2,0,[0|0],4980420,0,0,0,6,0,[0|0]
249800421,,49800,421,2,1,[0|0],4980421,0,0,0,6,0,[0|0]
249800430,,49800,430,2,0,[0|0],4980430,0,0,0,6,0,[0|0]
249800431,,49800,431,2,1,[0|0],4980430,0,0,0,6,0,[0|0]
249800432,,49800,432,2,0,[0|0],4980432,0,0,0,6,0,[0|0]
249800433,,49800,433,2,1,[0|0],4980432,0,0,0,6,0,[0|0]
249800440,,49800,440,2,0,[0|0],4980440,0,0,0,6,0,[0|0]
249800441,,49800,441,2,1,[0|0],4980441,0,0,0,6,0,[0|0]
249800450,,49800,450,2,0,[0|0],4980450,0,0,0,6,0,[0|0]
249800460,,49800,460,2,0,[0|0],4980460,0,0,0,6,0,[0|0]
249800470,,49800,470,2,0,[0|0],4980470,0,0,0,6,0,[0|0]
249800471,,49800,471,2,1,[0|0],4980471,0,0,0,6,0,[0|0]
249800480,,49800,480,2,0,[0|0],4980480,0,0,0,6,0,[0|0]
249800481,,49800,481,2,1,[0|0],4980481,0,0,0,6,0,[0|0]
249800490,,49800,490,2,0,[0|0],4980490,0,0,0,6,0,[0|0]
249800491,,49800,491,2,1,[0|0],4980491,0,0,0,6,0,[0|0]
249800500,,49800,500,2,1,[0|0],4980500,0,0,0,6,0,[0|0]
249800510,,49800,510,2,1,[0|0],4980510,0,0,0,6,0,[0|0]
249800520,,49800,520,2,0,[0|0],4980520,0,0,0,6,0,[0|0]
249800521,,49800,521,2,1,[0|0],4980521,0,0,0,6,0,[0|0]
249800530,,49800,530,2,0,[0|0],4980530,0,0,0,6,0,[0|0]
249800540,,49800,540,2,1,[0|0],4980540,0,0,0,6,0,[0|0]
249800541,,49800,541,2,0,[0|0],4980541,0,0,0,6,0,[0|0]
249800542,,49800,542,2,1,[0|0],4980542,0,0,0,6,0,[0|0]
249800543,,49800,543,2,1,[0|0],4980543,0,0,0,6,0,[0|0]
249800550,,49800,550,2,0,[0|0],4980550,0,0,0,6,0,[0|0]
249800551,,49800,551,2,1,[0|0],4980551,0,0,0,6,0,[0|0]
249800560,,49800,560,2,0,[0|0],4980560,0,0,0,6,0,[0|0]
249800561,,49800,561,2,1,[0|0],4980561,0,0,0,6,0,[0|0]
249800570,,49800,570,2,0,[0|0],4980570,0,0,0,6,0,[0|0]
249800571,,49800,571,2,1,[0|0],4980571,0,0,0,6,0,[0|0]
249800580,,49800,580,2,0,[0|0],4980580,0,0,0,6,0,[0|0]
249800581,,49800,581,2,0,[0|0],4980581,0,0,0,6,0,[0|0]
249800582,,49800,582,2,0,[0|0],4980582,0,0,0,6,0,[0|0]
249800590,,49800,590,2,0,[0|0],4980590,0,0,0,6,0,[0|0]
249800591,,49800,591,2,1,[0|0],4980591,0,0,0,6,0,[0|0]
249800600,,49800,600,2,0,[0|0],4980600,0,0,0,6,0,[0|0]
249800610,,49800,610,2,0,[0|0],4980610,0,0,0,6,0,[0|0]
249800611,,49800,611,2,0,[0|0],4980611,0,0,0,6,0,[0|0]
249800620,,49800,620,2,1,[0|0],4980620,0,0,0,6,0,[0|0]
249800621,,49800,621,2,1,[0|0],4980621,0,0,0,6,0,[0|0]
249800630,,49800,630,2,1,[0|0],4980630,0,0,0,6,0,[0|0]
249800635,,49800,635,2,1,[0|0],4980635,0,0,0,6,0,[0|0]
249800640,,49800,640,2,0,[0|0],4980640,0,0,0,6,0,[0|0]
249800641,,49800,641,2,1,[0|0],4980641,0,0,0,6,0,[0|0]
249800650,,49800,650,2,1,[0|0],4980650,0,0,0,6,0,[0|0]
249800660,,49800,660,2,1,[0|0],4980660,0,0,0,6,0,[0|0]
249800670,,49800,670,2,0,[0|0],4980670,0,0,0,6,0,[0|0]
249800671,,49800,671,2,0,[0|0],4980671,0,0,0,6,0,[0|0]
249800680,,49800,680,2,0,[0|0],4980680,0,0,0,6,0,[0|0]
249800681,,49800,681,2,0,[0|0],4980681,0,0,0,6,0,[0|0]
249800682,,49800,682,2,0,[0|0],4980682,0,0,0,6,0,[0|0]
249800800,,49800,800,2,1,[0|0],4980800,0,0,0,6,0,[0|0]
249800810,,49800,810,2,1,[0|0],4980810,0,0,0,6,0,[0|0]
249800820,,49800,820,2,1,[0|0],4980820,0,0,0,6,0,[0|0]
249800830,,49800,830,2,1,[0|0],4980830,0,0,0,6,0,[0|0]
249800900,,49800,900,2,0,[0|0],4980900,0,0,0,6,0,[0|0]
249800910,,49800,910,2,1,[0|0],4980910,0,0,0,6,0,[0|0]
249800911,,49800,911,2,1,[0|0],4980911,0,0,0,6,0,[0|0]
249800912,,49800,912,2,1,[0|0],4980912,0,0,0,6,0,[0|0]
249800913,,49800,913,2,1,[0|0],4980913,0,0,0,6,0,[0|0]
249800920,,49800,920,2,1,[0|0],4980920,0,0,0,6,0,[0|0]
249800940,,49800,940,2,1,[0|0],4980940,0,0,0,6,0,[0|0]
249800950,,49800,950,2,1,[0|0],4980950,0,0,0,6,0,[0|0]
249800960,,49810,960,2,1,[0|0],4980635,0,0,0,6,0,[0|0]
249800961,,49810,961,2,1,[0|0],4980810,0,0,0,6,0,[0|0]
249800962,,49810,962,2,1,[0|0],4980820,0,0,0,6,0,[0|0]
249800963,,49810,963,2,1,[0|0],4980830,0,0,0,6,0,[0|0]
249800970,,49800,970,2,0,[0|0],4980970,0,0,0,6,0,[0|0]
249800980,,49800,980,2,0,[0|0],4980980,0,0,0,6,0,[0|0]
249800990,,49800,990,2,1,[0|0],4980960,0,0,0,6,0,[0|0]
250100100,,50100,100,2,0,[0|0],5010100,0,0,0,6,0,[0|0]
250100101,,50100,101,2,0,[0|0],5010101,0,0,0,6,0,[0|0]
250100110,,50100,110,2,0,[0|0],5010110,0,0,0,6,0,[0|0]
250100111,,50100,111,2,0,[0|0],5010111,0,0,0,6,0,[0|0]
250100120,,50100,120,2,0,[0|0],5010120,0,0,0,6,0,[0|0]
250100121,,50100,121,2,0,[0|0],5010121,0,0,0,6,0,[0|0]
250100130,,50100,130,2,0,[0|0],5010130,0,0,0,6,0,[0|0]
250100131,,50100,131,2,0,[0|0],5010131,0,0,0,6,0,[0|0]
250100140,,50100,140,2,0,[0|0],5010140,0,0,0,6,0,[0|0]
250100141,,50100,141,2,0,[0|0],5010141,0,0,0,6,0,[0|0]
250100142,,50100,142,2,0,[0|0],5010142,0,0,0,6,0,[0|0]
250100150,,50100,150,2,0,[0|0],5010150,0,0,0,6,0,[0|0]
250100151,,50100,151,2,0,[0|0],5010151,0,0,0,6,0,[0|0]
250100152,,50100,152,2,0,[0|0],5010152,0,0,0,6,0,[0|0]
250100153,,50100,153,2,1,[0|0],5010153,0,0,0,6,0,[0|0]
250100160,,50100,160,2,0,[0|0],5010160,0,0,0,6,0,[0|0]
250100161,,50100,161,2,0,[0|0],5010161,0,0,0,6,0,[0|0]
250100170,,50100,170,2,0,[0|0],5010170,0,0,0,6,0,[0|0]
250100180,,50100,180,2,1,[0|0],5010180,0,0,0,6,0,[0|0]
250100181,,50100,181,2,1,[0|0],5010181,0,0,0,6,0,[0|0]
250100182,,50100,182,2,1,[0|0],5010182,0,0,0,6,0,[0|0]
250100190,,50100,190,2,0,[0|0],5010190,0,0,0,6,0,[0|0]
250100200,,50100,200,2,0,[0|0],5010200,0,0,0,6,0,[0|0]
250100201,,50100,201,2,0,[0|0],5010201,0,0,0,6,0,[0|0]
250100210,,50100,210,2,0,[0|0],5010210,0,0,0,6,0,[0|0]
250100220,,50100,220,2,0,[0|0],5010220,0,0,0,6,0,[0|0]
250100221,,50100,221,2,1,[0|0],5010221,0,0,0,6,0,[0|0]
250100222,,50100,222,2,1,[0|0],5010222,0,0,0,6,0,[0|0]
250100223,,50100,223,2,1,[0|0],5010223,0,0,0,6,0,[0|0]
250100224,,50100,224,2,1,[0|0],5010224,0,0,0,6,0,[0|0]
250100230,,50100,230,2,0,[0|0],5010230,0,0,0,6,0,[0|0]
250100800,,50100,800,2,0,[0|0],5010800,0,0,0,6,0,[0|0]
250100900,,50100,900,2,0,[0|0],5010900,0,0,0,6,0,[0|0]
250100950,,50100,950,2,0,[0|0],5010950,0,0,0,6,0,[0|0]
250110100,,50110,100,2,0,[0|0],5011100,0,0,0,6,0,[0|0]
250110101,,50110,101,2,0,[0|0],5011101,0,0,0,6,0,[0|0]
250110110,,50110,110,2,0,[0|0],5011110,0,0,0,6,0,[0|0]
250110111,,50110,111,2,0,[0|0],5011111,0,0,0,6,0,[0|0]
250110120,,50110,120,2,0,[0|0],5011120,0,0,0,6,0,[0|0]
250110121,,50110,121,2,0,[0|0],5011121,0,0,0,6,0,[0|0]
250110130,,50110,130,2,0,[0|0],5011130,0,0,0,6,0,[0|0]
250110131,,50110,131,2,0,[0|0],5011131,0,0,0,6,0,[0|0]
250110140,,50110,140,2,0,[0|0],5011140,0,0,0,6,0,[0|0]
250110141,,50110,141,2,0,[0|0],5011141,0,0,0,6,0,[0|0]
250110142,,50110,142,2,0,[0|0],5011142,0,0,0,6,0,[0|0]
250110150,,50110,150,2,0,[0|0],5011150,0,0,0,6,0,[0|0]
250110151,,50110,151,2,0,[0|0],5011151,0,0,0,6,0,[0|0]
250110152,,50110,152,2,0,[0|0],5011152,0,0,0,6,0,[0|0]
250110153,,50110,153,2,1,[0|0],5011153,0,0,0,6,0,[0|0]
250110160,,50110,160,2,0,[0|0],5011160,0,0,0,6,0,[0|0]
250110161,,50110,161,2,0,[0|0],5011161,0,0,0,6,0,[0|0]
250110170,,50110,170,2,0,[0|0],5011170,0,0,0,6,0,[0|0]
250110200,,50110,200,2,0,[0|0],5011200,0,0,0,6,0,[0|0]
250110210,,50110,210,2,0,[0|0],5011210,0,0,0,6,0,[0|0]
250110230,,50110,230,2,0,[0|0],5011230,0,0,0,6,0,[0|0]
250110800,,50110,800,2,0,[0|0],5011800,0,0,0,6,0,[0|0]
250110900,,50110,900,2,0,[0|0],5011900,0,0,0,6,0,[0|0]
250110950,,50110,950,2,0,[0|0],5011950,0,0,0,6,0,[0|0]
250400100,,50400,100,2,0,[0|0],5040100,0,0,0,6,0,[0|0]
250400101,,50400,101,2,0,[0|0],5040101,0,0,0,6,0,[0|0]
250400102,,50400,102,2,0,[0|0],5040102,0,0,0,6,0,[0|0]
250400103,,50400,103,2,0,[0|0],5040103,0,0,0,6,0,[0|0]
250400104,,50400,104,2,0,[0|0],5040104,0,0,0,6,0,[0|0]
250400105,,50400,105,2,0,[0|0],5040105,0,0,0,6,0,[0|0]
250400110,,50400,110,2,0,[0|0],5040110,0,0,0,6,0,[0|0]
250400111,,50400,111,2,0,[0|0],5040111,0,0,0,6,0,[0|0]
250400112,,50400,112,2,0,[0|0],5040112,0,0,0,6,0,[0|0]
250400113,,50400,113,2,0,[0|0],5040113,0,0,0,6,0,[0|0]
250400120,,50400,120,2,0,[0|0],5040120,0,0,0,6,0,[0|0]
250400121,,50400,121,2,0,[0|0],5040121,0,0,0,6,0,[0|0]
250400122,,50400,122,2,0,[0|0],5040122,0,0,0,6,0,[0|0]
250400123,,50400,123,2,0,[0|0],5040123,0,0,0,6,0,[0|0]
250400124,,50400,124,2,0,[0|0],5040124,0,0,0,6,0,[0|0]
250400130,,50400,130,2,0,[0|0],5040130,0,0,0,6,0,[0|0]
250400131,,50400,131,2,0,[0|0],5040131,0,0,0,6,0,[0|0]
250400132,,50400,132,2,0,[0|0],5040132,0,0,0,6,0,[0|0]
250400133,,50400,133,2,0,[0|0],5040133,0,0,0,6,0,[0|0]
250400134,,50400,134,2,0,[0|0],5040134,0,0,0,6,0,[0|0]
250400140,,50400,140,2,0,[0|0],5040140,0,0,0,6,0,[0|0]
250400141,,50400,141,2,0,[0|0],5040141,0,0,0,6,0,[0|0]
250400142,,50400,142,2,0,[0|0],5040142,0,0,0,6,0,[0|0]
250400150,,50400,150,2,0,[0|0],5040150,0,0,0,6,0,[0|0]
250400151,,50400,151,2,0,[0|0],5040151,0,0,0,6,0,[0|0]
250400160,,50400,160,2,0,[0|0],5040160,0,0,0,6,0,[0|0]
250400170,,50400,170,2,0,[0|0],5040170,0,0,0,6,0,[0|0]
250400171,,50400,171,2,0,[0|0],5040171,0,0,0,6,0,[0|0]
250400172,,50400,172,2,0,[0|0],5040172,0,0,0,6,0,[0|0]
250400180,,50400,180,2,0,[0|0],5040180,0,0,0,6,0,[0|0]
250400190,,50400,190,2,0,[0|0],5040190,0,0,0,6,0,[0|0]
250400191,,50400,191,2,0,[0|0],5040191,0,0,0,6,0,[0|0]
250400192,,50400,192,2,0,[0|0],5040192,0,0,0,6,0,[0|0]
250400193,,50400,193,2,0,[0|0],5040193,0,0,0,6,0,[0|0]
250400200,,50400,200,2,0,[0|0],5040200,0,0,0,6,0,[0|0]
250400201,,50400,201,2,0,[0|0],5040201,0,0,0,6,0,[0|0]
250400202,,50400,202,2,0,[0|0],5040202,0,0,0,6,0,[0|0]
250400203,,50400,203,2,0,[0|0],5040203,0,0,0,6,0,[0|0]
250400210,,50400,210,2,1,[0|0],5040210,0,0,0,6,0,[0|0]
250400220,,50400,220,2,1,[0|0],5040220,0,0,0,6,0,[0|0]
250400230,,50400,230,2,1,[0|0],5040230,0,0,0,6,0,[0|0]
250400231,,50400,231,2,1,[0|0],5040231,0,0,0,6,0,[0|0]
250400232,,50400,232,2,1,[0|0],5040232,0,0,0,6,0,[0|0]
250400233,,50400,233,2,1,[0|0],5040233,0,0,0,6,0,[0|0]
250400234,,50400,234,2,1,[0|0],5040234,0,0,0,6,0,[0|0]
250400235,,50400,235,2,1,[0|0],5040235,0,0,0,6,0,[0|0]
250400236,,50400,236,2,1,[0|0],5040236,0,0,0,6,0,[0|0]
250400237,,50400,237,2,1,[0|0],5040237,0,0,0,6,0,[0|0]
250400238,,50400,238,2,1,[0|0],5040238,0,0,0,6,0,[0|0]
250400239,,50400,239,2,1,[0|0],5040239,0,0,0,6,0,[0|0]
250400250,,50400,250,2,1,[0|0],5040250,0,0,0,6,0,[0|0]
250400251,,50400,251,2,1,[0|0],5040251,0,0,0,6,0,[0|0]
250400252,,50400,252,2,1,[0|0],5040252,0,0,0,6,0,[0|0]
250400260,,50400,260,2,0,[0|0],5040260,0,0,0,6,0,[0|0]
250400261,,50400,261,2,0,[0|0],5040261,0,0,0,6,0,[0|0]
250400270,,50400,270,2,0,[0|0],5040270,0,0,0,6,0,[0|0]
250400271,,50400,271,2,0,[0|0],5040271,0,0,0,6,0,[0|0]
250400280,,50400,280,2,0,[0|0],5040280,0,0,0,6,0,[0|0]
250400281,,50400,281,2,0,[0|0],5040281,0,0,0,6,0,[0|0]
250400282,,50400,282,2,1,[0|0],5040282,0,0,0,6,0,[0|0]
250400283,,50400,283,2,1,[0|0],5040283,0,0,0,6,0,[0|0]
250400284,,50400,284,2,1,[0|0],5040284,0,0,0,6,0,[0|0]
250400290,,50400,290,2,1,[0|0],5040290,0,0,0,6,0,[0|0]
250400300,,50400,300,2,1,[0|0],5040300,0,0,0,6,0,[0|0]
250400990,,50400,990,2,0,[0|0],5040990,0,0,0,6,0,[0|0]
250700100,,50700,100,2,0,[0|0],5070100,0,0,0,6,0,[0|0]
250700101,,50700,101,2,0,[0|0],5070101,0,0,0,6,0,[0|0]
250700110,,50700,110,2,0,[0|0],5070110,0,0,0,6,0,[0|0]
250700111,,50700,111,2,0,[0|0],5070111,0,0,0,6,0,[0|0]
250700120,,50700,120,2,0,[0|0],5070120,0,0,0,6,0,[0|0]
250700130,,50700,130,2,0,[0|0],5070130,0,0,0,6,0,[0|0]
250700131,,50700,131,2,0,[0|0],5070131,0,0,0,6,0,[0|0]
250700132,,50700,132,2,0,[0|0],5070132,0,0,0,6,0,[0|0]
250700133,,50700,133,2,0,[0|0],5070133,0,0,0,6,0,[0|0]
250700140,,50700,140,2,0,[0|0],5070140,0,0,0,6,0,[0|0]
250700141,,50700,141,2,0,[0|0],5070141,0,0,0,6,0,[0|0]
250700150,,50700,150,2,0,[0|0],5070150,0,0,0,6,0,[0|0]
250700151,,50700,151,2,0,[0|0],5070151,0,0,0,6,0,[0|0]
250700160,,50700,160,2,0,[0|0],5070160,0,0,0,6,0,[0|0]
250700161,,50700,161,2,0,[0|0],5070161,0,0,0,6,0,[0|0]
250700170,,50700,170,2,0,[0|0],5070170,0,0,0,6,0,[0|0]
250700180,,50700,180,2,1,[0|0],5070180,0,0,0,6,0,[0|0]
250700181,,50700,181,2,1,[0|0],5070181,0,0,0,6,0,[0|0]
250700182,,50700,182,2,1,[0|0],5070182,0,0,0,6,0,[0|0]
250700183,,50700,183,2,1,[0|0],5070183,0,0,0,6,0,[0|0]
250700184,,50700,184,2,1,[0|0],5070184,0,0,0,6,0,[0|0]
250700185,,50700,185,2,1,[0|0],5070185,0,0,0,6,0,[0|0]
250700186,,50700,186,2,1,[0|0],5070186,0,0,0,6,0,[0|0]
250700190,,50700,190,2,1,[0|0],5070190,0,0,0,6,0,[0|0]
250700191,,50700,191,2,0,[0|0],5070191,0,0,0,6,0,[0|0]
250700192,,50700,192,2,0,[0|0],5070192,0,0,0,6,0,[0|0]
250700193,,50700,193,2,0,[0|0],5070193,0,0,0,6,0,[0|0]
250700200,,50700,200,2,0,[0|0],5070200,0,0,0,6,0,[0|0]
250700201,,50700,201,2,0,[0|0],5070201,0,0,0,6,0,[0|0]
250700202,,50700,202,2,0,[0|0],5070202,0,0,0,6,0,[0|0]
250700203,,50700,203,2,0,[0|0],5070203,0,0,0,6,0,[0|0]
250700204,,50700,204,2,0,[0|0],5070204,0,0,0,6,0,[0|0]
250700205,,50700,205,2,1,[0|0],5070205,0,0,0,6,0,[0|0]
250700210,,50700,210,2,0,[0|0],5070210,0,0,0,6,0,[0|0]
250700220,,50700,220,2,1,[0|0],5070220,0,0,0,6,0,[0|0]
250700221,,50700,221,2,1,[0|0],5070221,0,0,0,6,0,[0|0]
250700222,,50700,222,2,1,[0|0],5070222,0,0,0,6,0,[0|0]
250700223,,50700,223,2,1,[0|0],5070223,0,0,0,6,0,[0|0]
250700224,,50700,224,2,1,[0|0],5070224,0,0,0,6,0,[0|0]
250700225,,50700,225,2,1,[0|0],5070225,0,0,0,6,0,[0|0]
250700226,,50700,226,2,1,[0|0],5070226,0,0,0,6,0,[0|0]
250700230,,50700,230,2,0,[0|0],5070230,0,0,0,6,0,[0|0]
250700231,,50700,231,2,1,[0|0],5070231,0,0,0,6,0,[0|0]
250700500,,50700,500,2,0,[0|0],5070500,0,0,0,6,0,[0|0]
250700501,,50700,501,2,0,[0|0],5070501,0,0,0,6,0,[0|0]
250700510,,50700,510,2,0,[0|0],5070510,0,0,0,6,0,[0|0]
250700520,,50700,520,2,0,[0|0],5070520,0,0,0,6,0,[0|0]
250700530,,50700,530,2,0,[0|0],5070530,0,0,0,6,0,[0|0]
250700540,,50700,540,2,0,[0|0],5070540,0,0,0,6,0,[0|0]
250700550,,50700,550,2,0,[0|0],5070550,0,0,0,6,0,[0|0]
250700560,,50700,560,2,0,[0|0],5070560,0,0,0,6,0,[0|0]
250700561,,50700,561,2,0,[0|0],5070561,0,0,0,6,0,[0|0]
250700570,,50700,570,2,0,[0|0],5070570,0,0,0,6,0,[0|0]
250700580,,50700,580,2,0,[0|0],5070580,0,0,0,6,0,[0|0]
250700581,,50700,581,2,1,[0|0],5070581,0,0,0,6,0,[0|0]
250700590,,50700,590,2,1,[0|0],5070180,0,0,0,6,0,[0|0]
250700591,,50700,591,2,1,[0|0],5070181,0,0,0,6,0,[0|0]
250700592,,50700,592,2,1,[0|0],5070182,0,0,0,6,0,[0|0]
250700593,,50700,593,2,1,[0|0],5070183,0,0,0,6,0,[0|0]
250700594,,50700,594,2,1,[0|0],5070184,0,0,0,6,0,[0|0]
250700595,,50700,595,2,1,[0|0],5070185,0,0,0,6,0,[0|0]
250700596,,50700,596,2,1,[0|0],5070186,0,0,0,6,0,[0|0]
250700600,,50700,600,2,1,[0|0],5070600,0,0,0,6,0,[0|0]
250700601,,50700,601,2,0,[0|0],5070601,0,0,0,6,0,[0|0]
250700602,,50700,602,2,0,[0|0],5070602,0,0,0,6,0,[0|0]
250700603,,50700,603,2,0,[0|0],5070603,0,0,0,6,0,[0|0]
250700610,,50700,610,2,1,[0|0],5070220,0,0,0,6,0,[0|0]
250700611,,50700,611,2,1,[0|0],5070221,0,0,0,6,0,[0|0]
250700612,,50700,612,2,1,[0|0],5070222,0,0,0,6,0,[0|0]
250700613,,50700,613,2,1,[0|0],5070223,0,0,0,6,0,[0|0]
250700614,,50700,614,2,1,[0|0],5070224,0,0,0,6,0,[0|0]
250700615,,50700,615,2,1,[0|0],5070225,0,0,0,6,0,[0|0]
250700616,,50700,616,2,1,[0|0],5070226,0,0,0,6,0,[0|0]
250700620,,50700,620,2,0,[0|0],5070620,0,0,0,6,0,[0|0]
250700621,,50700,621,2,1,[0|0],5070621,0,0,0,6,0,[0|0]
250700990,,50700,990,2,0,[0|0],5070990,0,0,0,6,0,[0|0]
250800100,,50800,100,2,0,[0|0],5080100,0,0,0,6,0,[0|0]
250800109,,50800,109,2,0,[0|0],5080109,0,0,0,6,0,[0|0]
250800110,,50800,110,2,0,[0|0],5080110,0,0,0,6,0,[0|0]
250800120,,50800,120,2,0,[0|0],5080120,0,0,0,6,0,[0|0]
250800130,,50800,130,2,0,[0|0],5080130,0,0,0,6,0,[0|0]
250800135,,50800,135,2,1,[0|0],5080135,0,0,0,6,0,[0|0]
250800140,,50800,140,2,0,[0|0],5080140,0,0,0,6,0,[0|0]
250800141,,50800,141,2,0,[0|0],5080141,0,0,0,6,0,[0|0]
250800142,,50800,142,2,0,[0|0],5080142,0,0,0,6,0,[0|0]
250800143,,50800,143,2,0,[0|0],5080143,0,0,0,6,0,[0|0]
250800150,,50800,150,2,0,[0|0],5080150,0,0,0,6,0,[0|0]
250800160,,50800,160,2,0,[0|0],5080160,0,0,0,6,0,[0|0]
250800180,,50800,180,2,0,[0|0],5080180,0,0,0,6,0,[0|0]
250800200,,50800,200,2,0,[0|0],5080200,0,0,0,6,0,[0|0]
250800201,,50800,201,2,0,[0|0],5080201,0,0,0,6,0,[0|0]
250800205,,50800,205,2,0,[0|0],5080205,0,0,0,6,0,[0|0]
250800206,,50800,206,2,0,[0|0],5080206,0,0,0,6,0,[0|0]
250800210,,50800,210,2,0,[0|0],5080210,0,0,0,6,0,[0|0]
250800211,,50800,211,2,0,[0|0],5080211,0,0,0,6,0,[0|0]
250800215,,50800,215,2,0,[0|0],5080215,0,0,0,6,0,[0|0]
250800216,,50800,216,2,0,[0|0],5080216,0,0,0,6,0,[0|0]
250800220,,50800,220,2,0,[0|0],5080220,0,0,0,6,0,[0|0]
250800221,,50800,221,2,0,[0|0],5080221,0,0,0,6,0,[0|0]
250800222,,50800,222,2,0,[0|0],5080222,0,0,0,6,0,[0|0]
250800225,,50800,225,2,0,[0|0],5080225,0,0,0,6,0,[0|0]
250800226,,50800,226,2,0,[0|0],5080226,0,0,0,6,0,[0|0]
250800227,,50800,227,2,0,[0|0],5080227,0,0,0,6,0,[0|0]
250800300,,50800,300,2,1,[0|0],5080300,0,0,0,6,0,[0|0]
250800301,,50800,301,2,1,[0|0],5080301,0,0,0,6,0,[0|0]
250800302,,50800,302,2,1,[0|0],5080302,0,0,0,6,0,[0|0]
250800310,,50800,310,2,1,[0|0],5080310,0,0,0,6,0,[0|0]
250800311,,50800,311,2,1,[0|0],5080311,0,0,0,6,0,[0|0]
250800315,,50800,315,2,1,[0|0],5080315,0,0,0,6,0,[0|0]
250800316,,50800,316,2,1,[0|0],5080316,0,0,0,6,0,[0|0]
250800320,,50800,320,2,0,[0|0],5080320,0,0,0,6,0,[0|0]
250800321,,50800,321,2,0,[0|0],5080321,0,0,0,6,0,[0|0]
250800322,,50800,322,2,0,[0|0],5080322,0,0,0,6,0,[0|0]
250800323,,50800,323,2,0,[0|0],5080323,0,0,0,6,0,[0|0]
250800324,,50800,324,2,0,[0|0],5080324,0,0,0,6,0,[0|0]
250800330,,50800,330,2,1,[0|0],5080330,0,0,0,6,0,[0|0]
250800400,,50800,400,2,0,[0|0],5080400,0,0,0,6,0,[0|0]
250800410,,50800,410,2,0,[0|0],5080410,0,0,0,6,0,[0|0]
250800411,,50800,411,2,0,[0|0],5080411,0,0,0,6,0,[0|0]
250800412,,50800,412,2,0,[0|0],5080412,0,0,0,6,0,[0|0]
250800413,,50800,413,2,0,[0|0],5080413,0,0,0,6,0,[0|0]
250800500,,50800,500,2,0,[0|0],5080500,0,0,0,6,0,[0|0]
250800501,,50800,501,2,0,[0|0],5080501,0,0,0,6,0,[0|0]
250800505,,50800,505,2,1,[0|0],5080505,0,0,0,6,0,[0|0]
250800600,,50800,600,2,1,[0|0],5080600,0,0,0,6,0,[0|0]
250800601,,50800,601,2,1,[0|0],5080605,0,0,0,6,0,[0|0]
250800610,,50800,610,2,1,[0|0],5080610,0,0,0,6,0,[0|0]
250800611,,50800,611,2,1,[0|0],5080611,0,0,0,6,0,[0|0]
250800615,,50800,615,2,1,[0|0],5080615,0,0,0,6,0,[0|0]
250800617,,50800,617,2,1,[0|0],5080617,0,0,0,6,0,[0|0]
250800618,,50800,618,2,1,[0|0],5080611,0,0,0,6,0,[0|0]
250800619,,50800,619,2,1,[0|0],5080612,0,0,0,6,0,[0|0]
250800620,,50800,620,2,1,[0|0],5080620,0,0,0,6,0,[0|0]
250800621,,50800,621,2,1,[0|0],5080620,0,0,0,6,0,[0|0]
250800990,,50800,990,2,0,[0|0],5080990,0,0,0,6,0,[0|0]
250810100,,50810,100,2,0,[0|0],5081100,0,0,0,6,0,[0|0]
250810109,,50810,109,2,0,[0|0],5081109,0,0,0,6,0,[0|0]
250810110,,50810,110,2,0,[0|0],5081110,0,0,0,6,0,[0|0]
250810120,,50810,120,2,0,[0|0],5081120,0,0,0,6,0,[0|0]
250810121,,50810,121,2,0,[0|0],5081121,0,0,0,6,0,[0|0]
250810130,,50810,130,2,0,[0|0],5081130,0,0,0,6,0,[0|0]
250810135,,50810,135,2,1,[0|0],5081135,0,0,0,6,0,[0|0]
250810140,,50810,140,2,0,[0|0],5081140,0,0,0,6,0,[0|0]
250810150,,50810,150,2,0,[0|0],5081150,0,0,0,6,0,[0|0]
250810155,,50810,155,2,1,[0|0],5081155,0,0,0,6,0,[0|0]
250810160,,50810,160,2,0,[0|0],5081160,0,0,0,6,0,[0|0]
250810170,,50810,170,2,0,[0|0],5081170,0,0,0,6,0,[0|0]
250810180,,50810,180,2,0,[0|0],5081180,0,0,0,6,0,[0|0]
250810181,,50810,181,2,0,[0|0],5081181,0,0,0,6,0,[0|0]
250810182,,50810,182,2,0,[0|0],5081182,0,0,0,6,0,[0|0]
250810183,,50810,183,2,0,[0|0],5081183,0,0,0,6,0,[0|0]
250810184,,50810,184,2,0,[0|0],5081184,0,0,0,6,0,[0|0]
250810185,,50810,185,2,0,[0|0],5081185,0,0,0,6,0,[0|0]
250810186,,50810,186,2,0,[0|0],5081186,0,0,0,6,0,[0|0]
250810187,,50810,187,2,0,[0|0],5081187,0,0,0,6,0,[0|0]
250810188,,50810,188,2,0,[0|0],5081188,0,0,0,6,0,[0|0]
250810190,,50810,190,2,0,[0|0],5081190,0,0,0,6,0,[0|0]
250810200,,50810,200,2,0,[0|0],5081200,0,0,0,6,0,[0|0]
250810201,,50810,201,2,0,[0|0],5081201,0,0,0,6,0,[0|0]
250810202,,50810,202,2,0,[0|0],5081202,0,0,0,6,0,[0|0]
250810205,,50810,205,2,1,[0|0],5081205,0,0,0,6,0,[0|0]
250810300,,50810,300,2,1,[0|0],5081300,0,0,0,6,0,[0|0]
250810301,,50810,301,2,1,[0|0],5081301,0,0,0,6,0,[0|0]
250810310,,50810,310,2,1,[0|0],5081310,0,0,0,6,0,[0|0]
250810311,,50810,311,2,1,[0|0],5081311,0,0,0,6,0,[0|0]
250810315,,50810,315,2,1,[0|0],5081315,0,0,0,6,0,[0|0]
250810316,,50810,316,2,1,[0|0],5081316,0,0,0,6,0,[0|0]
250810320,,50810,320,2,1,[0|0],5081320,0,0,0,6,0,[0|0]
250810321,,50810,321,2,1,[0|0],5081321,0,0,0,6,0,[0|0]
250810620,,50810,620,2,1,[0|0],5081620,0,0,0,6,0,[0|0]
250810630,,50810,630,2,0,[0|0],5081630,0,0,0,6,0,[0|0]
250810635,,50810,635,2,1,[0|0],5081635,0,0,0,6,0,[0|0]
250900100,,50900,100,2,0,[0|0],5090100,0,0,0,6,0,[0|0]
250900110,,50900,110,2,0,[0|0],5090110,0,0,0,6,0,[0|0]
250900120,,50900,120,2,0,[0|0],5090120,0,0,0,6,0,[0|0]
250900121,,50900,121,2,0,[0|0],5090121,0,0,0,6,0,[0|0]
250900130,,50900,130,2,0,[0|0],5090130,0,0,0,6,0,[0|0]
250900131,,50900,131,2,0,[0|0],5090131,0,0,0,6,0,[0|0]
250900140,,50900,140,2,0,[0|0],5090140,0,0,0,6,0,[0|0]
250900150,,50900,150,2,0,[0|0],5090150,0,0,0,6,0,[0|0]
250900160,,50900,160,2,0,[0|0],5090160,0,0,0,6,0,[0|0]
250900161,,50900,161,2,0,[0|0],5090161,0,0,0,6,0,[0|0]
250900170,,50900,170,2,0,[0|0],5090170,0,0,0,6,0,[0|0]
250900171,,50900,171,2,0,[0|0],5090171,0,0,0,6,0,[0|0]
250900172,,50900,172,2,0,[0|0],5090172,0,0,0,6,0,[0|0]
250900173,,50900,173,2,0,[0|0],5090173,0,0,0,6,0,[0|0]
250900180,,50900,180,2,0,[0|0],5090180,0,0,0,6,0,[0|0]
250900181,,50900,181,2,0,[0|0],5090181,0,0,0,6,0,[0|0]
250900182,,50900,182,2,0,[0|0],5090182,0,0,0,6,0,[0|0]
250900183,,50900,183,2,0,[0|0],5090183,0,0,0,6,0,[0|0]
250900190,,50900,190,2,0,[0|0],5090190,0,0,0,6,0,[0|0]
250900200,,50900,200,2,1,[0|0],5090200,0,0,0,6,0,[0|0]
250900210,,50900,210,2,0,[0|0],5090210,0,0,0,6,0,[0|0]
250900220,,50900,220,2,0,[0|0],5090220,0,0,0,6,0,[0|0]
250900230,,50900,230,2,1,[0|0],5090230,0,0,0,6,0,[0|0]
250900240,,50900,240,2,0,[0|0],5090240,0,0,0,6,0,[0|0]
250900250,,50900,250,2,1,[0|0],5090250,0,0,0,6,0,[0|0]
250900251,,50900,251,2,1,[0|0],5090251,0,0,0,6,0,[0|0]
250900260,,50900,260,2,0,[0|0],5090260,0,0,0,6,0,[0|0]
250900270,,50900,270,2,1,[0|0],5090270,0,0,0,6,0,[0|0]
250900280,,50900,280,2,0,[0|0],5090280,0,0,0,6,0,[0|0]
251100100,,51100,100,2,0,[0|0],5110100,0,0,0,6,0,[0|0]
251100110,,51100,110,2,0,[0|0],5110110,0,0,0,6,0,[0|0]
251100120,,51100,120,2,0,[0|0],5110120,0,0,0,6,0,[0|0]
251100130,,51100,130,2,0,[0|0],5110130,0,0,0,6,0,[0|0]
251100140,,51100,140,2,0,[0|0],5110140,0,0,0,6,0,[0|0]
251100500,,51100,500,2,0,[0|0],5110500,0,0,0,6,0,[0|0]
251100510,,51100,510,2,0,[0|0],5110510,0,0,0,6,0,[0|0]
251100511,,51100,511,2,0,[0|0],5110511,0,0,0,6,0,[0|0]
251100512,,51100,512,2,0,[0|0],5110512,0,0,0,6,0,[0|0]
251100520,,51100,520,2,0,[0|0],5110520,0,0,0,6,0,[0|0]
251100550,,51100,550,2,0,[0|0],5110550,0,0,0,6,0,[0|0]
251100900,,51100,900,2,1,[0|0],5110900,0,0,0,6,0,[0|0]
251600100,,51600,100,2,0,[0|0],5160100,0,0,0,6,0,[0|0]
251600110,,51600,110,2,0,[0|0],5160110,0,0,0,6,0,[0|0]
251600120,,51600,120,2,0,[0|0],5160120,0,0,0,6,0,[0|0]
251600121,,51600,121,2,1,[0|0],5160121,0,0,0,6,0,[0|0]
251600125,,51600,125,2,0,[0|0],5160125,0,0,0,6,0,[0|0]
251600130,,51600,130,2,0,[0|0],5160130,0,0,0,6,0,[0|0]
251600140,,51600,140,2,1,[0|0],5160140,0,0,0,6,0,[0|0]
251600150,,51600,150,2,0,[0|0],5160150,0,0,0,6,0,[0|0]
251600151,,51600,151,2,1,[0|0],5160151,0,0,0,6,0,[0|0]
251600160,,51600,160,2,0,[0|0],5160160,0,0,0,6,0,[0|0]
251600161,,51600,161,2,0,[0|0],5160161,0,0,0,6,0,[0|0]
251600170,,51600,170,2,0,[0|0],5160170,0,0,0,6,0,[0|0]
251600171,,51600,171,2,1,[0|0],5160171,0,0,0,6,0,[0|0]
251600172,,51600,172,2,0,[0|0],5160172,0,0,0,6,0,[0|0]
251600173,,51600,173,2,1,[0|0],5160173,0,0,0,6,0,[0|0]
251600180,,51600,180,2,1,[0|0],5160180,0,0,0,6,0,[0|0]
251600190,,51600,190,2,1,[0|0],5160190,0,0,0,6,0,[0|0]
251600200,,51600,200,2,0,[0|0],5160200,0,0,0,6,0,[0|0]
251600210,,51600,210,2,0,[0|0],5160210,0,0,0,6,0,[0|0]
251600215,,51600,215,2,0,[0|0],5160215,0,0,0,6,0,[0|0]
251600220,,51600,220,2,0,[0|0],5160220,0,0,0,6,0,[0|0]
251600221,,51600,221,2,1,[0|0],5160221,0,0,0,6,0,[0|0]
251600225,,51600,225,2,0,[0|0],5160225,0,0,0,6,0,[0|0]
251600230,,51600,230,2,0,[0|0],5160230,0,0,0,6,0,[0|0]
251600231,,51600,231,2,1,[0|0],5160231,0,0,0,6,0,[0|0]
251600233,,51600,233,2,1,[0|0],5160233,0,0,0,6,0,[0|0]
251600240,,51600,240,2,0,[0|0],5160240,0,0,0,6,0,[0|0]
251600241,,51600,241,2,1,[0|0],5160241,0,0,0,6,0,[0|0]
251600243,,51600,243,2,1,[0|0],5160243,0,0,0,6,0,[0|0]
251600250,,51600,250,2,0,[0|0],5160250,0,0,0,6,0,[0|0]
251600251,,51600,251,2,1,[0|0],5160251,0,0,0,6,0,[0|0]
251600253,,51600,253,2,1,[0|0],5160253,0,0,0,6,0,[0|0]
251600260,,51600,260,2,1,[0|0],5160260,0,0,0,6,0,[0|0]
251600300,,51600,300,2,0,[0|0],5160300,0,0,0,6,0,[0|0]
251600301,,51600,301,2,0,[0|0],5160301,0,0,0,6,0,[0|0]
251600310,,51600,310,2,0,[0|0],5160310,0,0,0,6,0,[0|0]
251600311,,51600,311,2,0,[0|0],5160311,0,0,0,6,0,[0|0]
251600320,,51600,320,2,0,[0|0],5160320,0,0,0,6,0,[0|0]
251600321,,51600,321,2,0,[0|0],5160321,0,0,0,6,0,[0|0]
251600330,,51600,330,2,1,[0|0],5160330,0,0,0,6,0,[0|0]
251600340,,51600,340,2,0,[0|0],5160340,0,0,0,6,0,[0|0]
251600341,,51600,341,2,0,[0|0],5160341,0,0,0,6,0,[0|0]
251600350,,51600,350,2,1,[0|0],5160350,0,0,0,6,0,[0|0]
251600360,,51600,360,2,0,[0|0],5160360,0,0,0,6,0,[0|0]
251600370,,51600,370,2,0,[0|0],5160370,0,0,0,6,0,[0|0]
251600380,,51600,380,2,1,[0|0],5160380,0,0,0,6,0,[0|0]
251600390,,51600,390,2,1,[0|0],5160390,0,0,0,6,0,[0|0]
251600400,,51600,400,2,0,[0|0],5160400,0,0,0,6,0,[0|0]
251600401,,51600,401,2,0,[0|0],5160401,0,0,0,6,0,[0|0]
251600410,,51600,410,2,1,[0|0],5160410,0,0,0,6,0,[0|0]
251600420,,51600,420,2,0,[0|0],5160420,0,0,0,6,0,[0|0]
251600421,,51600,421,2,0,[0|0],5160421,0,0,0,6,0,[0|0]
251600500,,51600,500,2,0,[0|0],5160500,0,0,0,6,0,[0|0]
251600510,,51600,510,2,0,[0|0],5160510,0,0,0,6,0,[0|0]
251600520,,51600,520,2,0,[0|0],5160520,0,0,0,6,0,[0|0]
251600530,,51600,530,2,0,[0|0],5160530,0,0,0,6,0,[0|0]
251600531,,51600,531,2,0,[0|0],5160531,0,0,0,6,0,[0|0]
251600540,,51600,540,2,1,[0|0],5160540,0,0,0,6,0,[0|0]
251600550,,51600,550,2,0,[0|0],5160550,0,0,0,6,0,[0|0]
251600560,,51600,560,2,1,[0|0],5160560,0,0,0,6,0,[0|0]
251600570,,51600,570,2,1,[0|0],5160570,0,0,0,6,0,[0|0]
251600580,,51600,580,2,1,[0|0],5160580,0,0,0,6,0,[0|0]
251600590,,51600,590,2,1,[0|0],5160590,0,0,0,6,0,[0|0]
251600600,,51600,600,2,1,[0|0],5160600,0,0,0,6,0,[0|0]
251600601,,51600,601,2,1,[0|0],5160601,0,0,0,6,0,[0|0]
251600602,,51600,602,2,1,[0|0],5160602,0,0,0,6,0,[0|0]
251600603,,51600,603,2,1,[0|0],5160603,0,0,0,6,0,[0|0]
251600610,,51600,610,2,1,[0|0],5160610,0,0,0,6,0,[0|0]
251600990,,51600,990,2,0,[0|0],5160990,0,0,0,6,0,[0|0]
251600991,,51600,991,2,0,[0|0],5160991,0,0,0,6,0,[0|0]
251900100,,51900,100,2,0,[0|0],5190100,0,0,0,7,0,[0|0]
251900101,,51900,101,2,0,[0|0],5190101,0,0,0,6,0,[0|0]
251900103,,51900,103,2,0,[0|0],5190103,0,0,0,6,0,[0|0]
251900104,,51900,104,2,1,[0|0],5190104,0,0,0,6,0,[0|0]
251900105,,51900,105,2,1,[0|0],5190105,0,0,0,6,0,[0|0]
251900108,,51900,108,2,0,[0|0],5190108,0,0,0,6,0,[0|0]
251900109,,51900,109,2,0,[0|0],5190109,0,0,0,6,0,[0|0]
251900110,,51900,110,2,1,[0|0],5190110,0,0,0,6,0,[0|0]
251900111,,51900,111,2,0,[0|0],5190111,0,0,0,6,0,[0|0]
251900116,,51900,116,2,0,[0|0],5190116,0,0,0,7,0,[0|0]
251900117,,51900,117,2,0,[0|0],5190117,0,0,0,6,0,[0|0]
251900118,,51900,118,2,0,[0|0],5190118,0,0,0,6,0,[0|0]
251900119,,51900,119,2,0,[0|0],5190119,0,0,0,6,0,[0|0]
251900120,,51900,120,2,0,[0|0],5190120,0,0,0,6,0,[0|0]
251900121,,51900,121,2,0,[0|0],5190121,0,0,0,6,0,[0|0]
251900122,,51900,122,2,0,[0|0],5190122,0,0,0,6,0,[0|0]
251900127,,51900,127,2,0,[0|0],5190127,0,0,0,6,0,[0|0]
251900130,,51900,130,2,0,[0|0],5190130,0,0,0,7,0,[0|0]
251900131,,51900,131,2,0,[0|0],5190131,0,0,0,6,0,[0|0]
251900132,,51900,132,2,0,[0|0],5190132,0,0,0,7,0,[0|0]
251900133,,51900,133,2,0,[0|0],5190133,0,0,0,7,0,[0|0]
251900134,,51900,134,2,0,[0|0],5190134,0,0,0,6,0,[0|0]
251900135,,51900,135,2,0,[0|0],5190135,0,0,0,7,0,[0|0]
251900136,,51900,136,2,0,[0|0],5190136,0,0,0,6,0,[0|0]
251900140,,51900,140,2,0,[0|0],5190140,0,0,0,6,0,[0|0]
251900141,,51900,141,2,0,[0|0],5190141,0,0,0,6,0,[0|0]
251900150,,51900,150,2,0,[0|0],5190150,0,0,0,6,0,[0|0]
251900151,,51900,151,2,0,[0|0],5190151,0,0,0,6,0,[0|0]
251900160,,51900,160,2,0,[0|0],5190160,0,0,0,7,0,[0|0]
251900161,,51900,161,2,0,[0|0],5190161,0,0,0,6,0,[0|0]
251900162,,51900,162,2,0,[0|0],5190162,0,0,0,6,0,[0|0]
251900163,,51900,163,2,0,[0|0],5190163,0,0,0,6,0,[0|0]
251900170,,51900,170,2,0,[0|0],5190170,0,0,0,7,0,[0|0]
251900171,,51900,171,2,0,[0|0],5190171,0,0,0,6,0,[0|0]
251900172,,51900,172,2,0,[0|0],5190172,0,0,0,6,0,[0|0]
251900173,,51900,173,2,1,[0|0],5190173,0,0,0,6,0,[0|0]
251900174,,51900,174,2,0,[0|0],5190174,0,0,0,6,0,[0|0]
251900175,,51900,175,2,0,[0|0],5190175,0,0,0,6,0,[0|0]
251900176,,51900,176,2,0,[0|0],5190176,0,0,0,7,0,[0|0]
251900177,,51900,177,2,0,[0|0],5190177,0,0,0,6,0,[0|0]
251900178,,51900,178,2,0,[0|0],5190178,0,0,0,7,0,[0|0]
251900179,,51900,179,2,0,[0|0],5190179,0,0,0,7,0,[0|0]
251900180,,51900,180,2,0,[0|0],5190180,0,0,0,6,0,[0|0]
251900181,,51900,181,2,0,[0|0],5190181,0,0,0,7,0,[0|0]
251900182,,51900,182,2,0,[0|0],5190182,0,0,0,7,0,[0|0]
251900190,,51900,190,2,0,[0|0],5190190,0,0,0,6,0,[0|0]
251900191,,51900,191,2,0,[0|0],5190191,0,0,0,6,0,[0|0]
251900192,,51900,192,2,1,[0|0],5190192,0,0,0,6,0,[0|0]
251900990,,51900,990,2,0,[0|0],5190990,0,0,0,6,0,[0|0]
251900991,,51900,991,2,0,[0|0],5190991,0,0,0,6,0,[0|0]
252100100,,52100,100,2,0,[0|0],5210100,0,0,0,6,0,[0|0]
252100101,,52100,101,2,0,[0|0],5210101,0,0,0,6,0,[0|0]
252100102,,52100,102,2,0,[0|0],5210102,0,0,0,6,0,[0|0]
252100103,,52100,103,2,0,[0|0],5210103,0,0,0,6,0,[0|0]
252100104,,52100,104,2,0,[0|0],5210104,0,0,0,6,0,[0|0]
252100105,,52100,105,2,0,[0|0],5210105,0,0,0,6,0,[0|0]
252100106,,52100,106,2,0,[0|0],5210106,0,0,0,6,0,[0|0]
252100107,,52100,107,2,0,[0|0],5210107,0,0,0,6,0,[0|0]
252100108,,52100,108,2,0,[0|0],5210108,0,0,0,6,0,[0|0]
252100109,,52100,109,2,0,[0|0],5210109,0,0,0,6,0,[0|0]
252100110,,52100,110,2,0,[0|0],5210110,0,0,0,6,0,[0|0]
252100111,,52100,111,2,0,[0|0],5210111,0,0,0,6,0,[0|0]
252100120,,52100,120,2,0,[0|0],5210120,0,0,0,6,0,[0|0]
252100121,,52100,121,2,0,[0|0],5210121,0,0,0,6,0,[0|0]
252100130,,52100,130,2,0,[0|0],5210130,0,0,0,6,0,[0|0]
252100131,,52100,131,2,0,[0|0],5210131,0,0,0,6,0,[0|0]
252100140,,52100,140,2,0,[0|0],5210140,0,0,0,6,0,[0|0]
252100141,,52100,141,2,0,[0|0],5210141,0,0,0,6,0,[0|0]
252100142,,52100,142,2,0,[0|0],5210142,0,0,0,6,0,[0|0]
252100143,,52100,143,2,0,[0|0],5210143,0,0,0,6,0,[0|0]
252100150,,52100,150,2,1,[0|0],5210150,0,0,0,6,0,[0|0]
252100151,,52100,151,2,1,[0|0],5210151,0,0,0,6,0,[0|0]
252100155,,52100,155,2,1,[0|0],5210155,0,0,0,6,0,[0|0]
252100156,,52100,156,2,1,[0|0],5210156,0,0,0,6,0,[0|0]
252100160,,52100,160,2,0,[0|0],5210160,0,0,0,6,0,[0|0]
252100161,,52100,161,2,0,[0|0],5210161,0,0,0,6,0,[0|0]
252100162,,52100,162,2,0,[0|0],5210162,0,0,0,6,0,[0|0]
252100163,,52100,163,2,0,[0|0],5210163,0,0,0,6,0,[0|0]
252100164,,52100,164,2,0,[0|0],5210164,0,0,0,6,0,[0|0]
252100165,,52100,165,2,0,[0|0],5210165,0,0,0,6,0,[0|0]
252100166,,52100,166,2,0,[0|0],5210166,0,0,0,6,0,[0|0]
252100170,,52100,170,2,0,[0|0],5210170,0,0,0,6,0,[0|0]
252100171,,52100,171,2,0,[0|0],5210171,0,0,0,6,0,[0|0]
252100172,,52100,172,2,0,[0|0],5210172,0,0,0,6,0,[0|0]
252100180,,52100,180,2,0,[0|0],5210180,0,0,0,6,0,[0|0]
252100181,,52100,181,2,0,[0|0],5210181,0,0,0,6,0,[0|0]
252100182,,52100,182,2,0,[0|0],5210182,0,0,0,6,0,[0|0]
252100183,,52100,183,2,0,[0|0],5210183,0,0,0,6,0,[0|0]
252100184,,52100,184,2,0,[0|0],5210184,0,0,0,6,0,[0|0]
252100185,,52100,185,2,0,[0|0],5210185,0,0,0,6,0,[0|0]
252100190,,52100,190,2,1,[0|0],5210191,0,0,0,6,0,[0|0]
252100192,,52100,192,2,1,[0|0],5210192,0,0,0,6,0,[0|0]
252100200,,52100,200,2,1,[0|0],5210200,0,0,0,6,0,[0|0]
252100205,,52100,205,2,0,[0|0],5210205,0,0,0,6,0,[0|0]
252100206,,52100,206,2,0,[0|0],5210206,0,0,0,6,0,[0|0]
252100210,,52100,210,2,1,[0|0],5210210,0,0,0,6,0,[0|0]
252100217,,52100,217,2,1,[0|0],5210217,0,0,0,6,0,[0|0]
252100220,,52100,220,2,1,[0|0],5210220,0,0,0,6,0,[0|0]
252100221,,52100,221,2,1,[0|0],5210221,0,0,0,6,0,[0|0]
252100225,,52100,225,2,1,[0|0],5210225,0,0,0,6,0,[0|0]
252100228,,52100,228,2,1,[0|0],5210228,0,0,0,6,0,[0|0]
252100230,,52100,230,2,0,[0|0],5210230,0,0,0,6,0,[0|0]
252100240,,52100,240,2,1,[0|0],5210240,0,0,0,6,0,[0|0]
252100250,,52100,250,2,0,[0|0],5210250,0,0,0,6,0,[0|0]
252100251,,52100,251,2,0,[0|0],5210251,0,0,0,6,0,[0|0]
252100252,,52100,252,2,0,[0|0],5210252,0,0,0,6,0,[0|0]
252100253,,52100,253,2,0,[0|0],5210253,0,0,0,6,0,[0|0]
252100290,,52100,290,2,1,[0|0],5210290,0,0,0,6,0,[0|0]
252100295,,52100,295,2,1,[0|0],5210295,0,0,0,6,0,[0|0]
252100300,,52100,300,2,1,[0|0],5210300,0,0,0,6,0,[0|0]
252100310,,52100,310,2,1,[0|0],5210311,0,0,0,6,0,[0|0]
252100320,,52100,320,2,0,[0|0],5210320,0,0,0,6,0,[0|0]
252100330,,52100,330,2,0,[0|0],5210330,0,0,0,6,0,[0|0]
252100331,,52100,331,2,0,[0|0],5210331,0,0,0,6,0,[0|0]
252100341,,52100,341,2,0,[0|0],5210341,0,0,0,6,0,[0|0]
252100350,,52100,350,2,1,[0|0],5210350,0,0,0,6,0,[0|0]
252100400,,52100,400,2,1,[0|0],5210400,0,0,0,6,0,[0|0]
252100410,,52100,410,2,1,[0|0],5210410,0,0,0,6,0,[0|0]
252100420,,52100,420,2,1,[0|0],5210420,0,0,0,6,0,[0|0]
252100430,,52100,430,2,1,[0|0],5210430,0,0,0,6,0,[0|0]
252100431,,52100,431,2,1,[0|0],5210431,0,0,0,6,0,[0|0]
252100440,,52100,440,2,1,[0|0],5210440,0,0,0,6,0,[0|0]
252100500,,52100,500,2,1,[0|0],5210500,0,0,0,6,0,[0|0]
252100510,,52100,510,2,1,[0|0],5210510,0,0,0,6,0,[0|0]
252100511,,52100,511,2,1,[0|0],5210511,0,0,0,6,0,[0|0]
252100600,,52100,600,2,1,[0|0],5210600,0,0,0,6,0,[0|0]
252100610,,52100,610,2,1,[0|0],5210610,0,0,0,6,0,[0|0]
252100700,,52100,700,2,0,[0|0],5210700,0,0,0,6,0,[0|0]
252100701,,52100,701,2,0,[0|0],5210701,0,0,0,6,0,[0|0]
252100702,,52100,702,2,0,[0|0],5210702,0,0,0,6,0,[0|0]
252100703,,52100,703,2,0,[0|0],5210703,0,0,0,6,0,[0|0]
252100704,,52100,704,2,0,[0|0],5210704,0,0,0,6,0,[0|0]
252100705,,52100,705,2,0,[0|0],5210705,0,0,0,6,0,[0|0]
252100706,,52100,706,2,0,[0|0],5210706,0,0,0,6,0,[0|0]
252100707,,52100,707,2,0,[0|0],5210707,0,0,0,6,0,[0|0]
252100708,,52100,708,2,0,[0|0],5210708,0,0,0,6,0,[0|0]
252100709,,52100,709,2,0,[0|0],5210709,0,0,0,6,0,[0|0]
252100710,,52100,710,2,0,[0|0],5210710,0,0,0,6,0,[0|0]
252100711,,52100,711,2,0,[0|0],5210711,0,0,0,6,0,[0|0]
252100712,,52100,712,2,0,[0|0],5210712,0,0,0,6,0,[0|0]
252100713,,52100,713,2,0,[0|0],5210713,0,0,0,6,0,[0|0]
252100714,,52100,714,2,0,[0|0],5210714,0,0,0,6,0,[0|0]
252100720,,52100,720,2,0,[0|0],5210720,0,0,0,6,0,[0|0]
252100721,,52100,721,2,0,[0|0],5210721,0,0,0,6,0,[0|0]
252100722,,52100,722,2,0,[0|0],5210722,0,0,0,6,0,[0|0]
252100730,,52100,730,2,0,[0|0],5210730,0,0,0,6,0,[0|0]
252100731,,52100,731,2,0,[0|0],5210731,0,0,0,6,0,[0|0]
252100732,,52100,732,2,0,[0|0],5210732,0,0,0,6,0,[0|0]
252100740,,52100,740,2,0,[0|0],5210740,0,0,0,6,0,[0|0]
252100741,,52100,741,2,0,[0|0],5210741,0,0,0,6,0,[0|0]
252100742,,52100,742,2,0,[0|0],5210742,0,0,0,6,0,[0|0]
252100750,,52100,750,2,0,[0|0],5210750,0,0,0,6,0,[0|0]
252100751,,52100,751,2,0,[0|0],5210751,0,0,0,6,0,[0|0]
252100752,,52100,752,2,0,[0|0],5210752,0,0,0,6,0,[0|0]
252100753,,52100,753,2,0,[0|0],5210753,0,0,0,6,0,[0|0]
252100754,,52100,754,2,0,[0|0],5210754,0,0,0,6,0,[0|0]
252100755,,52100,755,2,0,[0|0],5210755,0,0,0,6,0,[0|0]
252100760,,52100,760,2,0,[0|0],5210760,0,0,0,6,0,[0|0]
252100761,,52100,761,2,0,[0|0],5210761,0,0,0,6,0,[0|0]
252100762,,52100,762,2,0,[0|0],5210762,0,0,0,6,0,[0|0]
252100763,,52100,763,2,0,[0|0],5210763,0,0,0,6,0,[0|0]
252100764,,52100,764,2,0,[0|0],5210764,0,0,0,6,0,[0|0]
252100765,,52100,765,2,0,[0|0],5210765,0,0,0,6,0,[0|0]
252100766,,52100,766,2,0,[0|0],5210766,0,0,0,6,0,[0|0]
252100767,,52100,767,2,0,[0|0],5210767,0,0,0,6,0,[0|0]
252100768,,52100,768,2,0,[0|0],5210768,0,0,0,6,0,[0|0]
252100769,,52100,769,2,0,[0|0],5210769,0,0,0,6,0,[0|0]
252100770,,52100,770,2,0,[0|0],5210770,0,0,0,6,0,[0|0]
252100771,,52100,771,2,0,[0|0],5210771,0,0,0,6,0,[0|0]
252100780,,52100,780,2,0,[0|0],5210780,0,0,0,6,0,[0|0]
252100781,,52100,781,2,0,[0|0],5210781,0,0,0,6,0,[0|0]
252100782,,52100,782,2,0,[0|0],5210782,0,0,0,6,0,[0|0]
252100783,,52100,783,2,0,[0|0],5210783,0,0,0,6,0,[0|0]
252100784,,52100,784,2,0,[0|0],5210784,0,0,0,6,0,[0|0]
252100785,,52100,785,2,0,[0|0],5210785,0,0,0,6,0,[0|0]
252100786,,52100,786,2,0,[0|0],5210786,0,0,0,6,0,[0|0]
252100787,,52100,787,2,0,[0|0],5210787,0,0,0,6,0,[0|0]
252100788,,52100,788,2,0,[0|0],5210788,0,0,0,6,0,[0|0]
252100790,,52100,790,2,0,[0|0],5210790,0,0,0,6,0,[0|0]
252100791,,52100,791,2,0,[0|0],5210791,0,0,0,6,0,[0|0]
252100792,,52100,792,2,0,[0|0],5210792,0,0,0,6,0,[0|0]
252100800,,52100,800,2,0,[0|0],5210800,0,0,0,6,0,[0|0]
252100801,,52100,801,2,0,[0|0],5210801,0,0,0,6,0,[0|0]
252100802,,52100,802,2,0,[0|0],5210802,0,0,0,6,0,[0|0]
252100803,,52100,803,2,0,[0|0],5210803,0,0,0,6,0,[0|0]
252100804,,52100,804,2,0,[0|0],5210804,0,0,0,6,0,[0|0]
252100805,,52100,805,2,0,[0|0],5210805,0,0,0,6,0,[0|0]
252100900,,52100,900,2,0,[0|0],5210900,0,0,0,6,0,[0|0]
252100930,,52100,930,2,1,[0|0],5210930,0,0,0,6,0,[0|0]
252100931,,52100,931,2,1,[0|0],5210931,0,0,0,6,0,[0|0]
252100932,,52100,932,2,1,[0|0],5210932,0,0,0,6,0,[0|0]
252100933,,52100,933,2,1,[0|0],5210933,0,0,0,6,0,[0|0]
252100934,,52100,934,2,1,[0|0],5210934,0,0,0,6,0,[0|0]
252100940,,52100,940,2,1,[0|0],5210940,0,0,0,6,0,[0|0]
252100941,,52100,941,2,1,[0|0],5210941,0,0,0,6,0,[0|0]
252100942,,52100,942,2,1,[0|0],5210942,0,0,0,6,0,[0|0]
252100943,,52100,943,2,1,[0|0],5210943,0,0,0,6,0,[0|0]
252100944,,52100,944,2,1,[0|0],5210944,0,0,0,6,0,[0|0]
252100950,,52100,950,2,1,[0|0],5210950,0,0,0,6,0,[0|0]
252100951,,52100,951,2,1,[0|0],5210951,0,0,0,6,0,[0|0]
252100980,,52100,980,2,1,[0|0],5210980,0,0,0,6,0,[0|0]
252100981,,52100,981,2,1,[0|0],5210981,0,0,0,6,0,[0|0]
252100990,,52100,990,2,0,[0|0],5210990,0,0,0,6,0,[0|0]
252400100,,52400,100,2,0,[0|0],5240100,0,0,0,6,0,[0|0]
252400101,,52400,101,2,0,[0|0],5240101,0,0,0,6,0,[0|0]
252400102,,52400,102,2,0,[0|0],5240102,0,0,0,6,0,[0|0]
252400110,,52400,110,2,0,[0|0],5240110,0,0,0,6,0,[0|0]
252400111,,52400,111,2,0,[0|0],5240111,0,0,0,6,0,[0|0]
252400112,,52400,112,2,0,[0|0],5240112,0,0,0,6,0,[0|0]
252400115,,52400,115,2,0,[0|0],5240115,0,0,0,6,0,[0|0]
252400116,,52400,116,2,0,[0|0],5240116,0,0,0,6,0,[0|0]
252400117,,52400,117,2,0,[0|0],5240117,0,0,0,6,0,[0|0]
252400120,,52400,120,2,0,[0|0],5240120,0,0,0,6,0,[0|0]
252400121,,52400,121,2,0,[0|0],5240121,0,0,0,6,0,[0|0]
252400122,,52400,122,2,0,[0|0],5240122,0,0,0,6,0,[0|0]
252400160,,52400,160,2,1,[0|0],5240160,0,0,0,6,0,[0|0]
252400170,,52400,170,2,1,[0|0],5240170,0,0,0,6,0,[0|0]
252400180,,52400,180,2,1,[0|0],5240180,0,0,0,6,0,[0|0]
252400190,,52400,190,2,1,[0|0],5240190,0,0,0,6,0,[0|0]
252400200,,52400,200,2,1,[0|0],5240200,0,0,0,6,0,[0|0]
252400210,,52400,210,2,1,[0|0],5240210,0,0,0,6,0,[0|0]
252400220,,52400,220,2,1,[0|0],5240220,0,0,0,6,0,[0|0]
252400230,,52400,230,2,0,[0|0],5240230,0,0,0,6,0,[0|0]
252400240,,52400,240,2,1,[0|0],5240240,0,0,0,6,0,[0|0]
252400250,,52400,250,2,1,[0|0],5240250,0,0,0,6,0,[0|0]
252400260,,52400,260,2,0,[0|0],5240260,0,0,0,7,0,[0|0]
252400261,,52400,261,2,0,[0|0],5240261,0,0,0,6,0,[0|0]
252400262,,52400,262,2,0,[0|0],5240262,0,0,0,7,0,[0|0]
252400263,,52400,263,2,0,[0|0],5240263,0,0,0,6,0,[0|0]
252400270,,52400,270,2,0,[0|0],5240270,0,0,0,6,0,[0|0]
252400271,,52400,271,2,0,[0|0],5240271,0,0,0,6,0,[0|0]
252400280,,52400,280,2,0,[0|0],5240280,0,0,0,6,0,[0|0]
252400281,,52400,281,2,0,[0|0],5240281,0,0,0,7,0,[0|0]
252400282,,52400,282,2,0,[0|0],5240282,0,0,0,6,0,[0|0]
252400283,,52400,283,2,0,[0|0],5240283,0,0,0,7,0,[0|0]
252400284,,52400,284,2,0,[0|0],5240284,0,0,0,6,0,[0|0]
252400285,,52400,285,2,0,[0|0],5240285,0,0,0,6,0,[0|0]
252400286,,52400,286,2,0,[0|0],5240286,0,0,0,7,0,[0|0]
252400287,,52400,287,2,0,[0|0],5240287,0,0,0,6,0,[0|0]
252400288,,52400,288,2,0,[0|0],5240288,0,0,0,7,0,[0|0]
252400289,,52400,289,2,0,[0|0],5240289,0,0,0,6,0,[0|0]
252400290,,52400,290,2,0,[0|0],5240290,0,0,0,6,0,[0|0]
252400291,,52400,291,2,0,[0|0],5240291,0,0,0,6,0,[0|0]
252400292,,52400,292,2,0,[0|0],5240292,0,0,0,6,0,[0|0]
252400300,,52400,300,2,1,[0|0],5240300,0,0,0,6,0,[0|0]
252400310,,52400,310,2,1,[0|0],5240310,0,0,0,6,0,[0|0]
252400320,,52400,320,2,1,[0|0],5240320,0,0,0,6,0,[0|0]
252400330,,52400,330,2,1,[0|0],5240330,0,0,0,6,0,[0|0]
252400340,,52400,340,2,1,[0|0],5240340,0,0,0,6,0,[0|0]
252400350,,52400,350,2,1,[0|0],5240350,0,0,0,6,0,[0|0]
252400360,,52400,360,2,1,[0|0],5240360,0,0,0,6,0,[0|0]
252400370,,52400,370,2,1,[0|0],5240370,0,0,0,6,0,[0|0]
252400990,,52400,990,2,0,[0|0],5240990,0,0,0,6,0,[0|0]
252410100,,52410,100,2,0,[0|0],5241100,0,0,0,6,0,[0|0]
252410101,,52410,101,2,0,[0|0],5241101,0,0,0,6,0,[0|0]
252410105,,52410,105,2,0,[0|0],5241105,0,0,0,6,0,[0|0]
252410110,,52410,110,2,0,[0|0],5241110,0,0,0,6,0,[0|0]
252410120,,52410,120,2,0,[0|0],5241120,0,0,0,6,0,[0|0]
252410125,,52410,125,2,0,[0|0],5241125,0,0,0,6,0,[0|0]
252410130,,52410,130,2,0,[0|0],5241130,0,0,0,6,0,[0|0]
252500100,,52500,100,2,0,[0|0],5250100,0,0,0,6,0,[0|0]
252500101,,52500,101,2,0,[0|0],5250101,0,0,0,6,0,[0|0]
252500110,,52500,110,2,0,[0|0],5250110,0,0,0,6,0,[0|0]
252500111,,52500,111,2,0,[0|0],5250111,0,0,0,6,0,[0|0]
252500120,,52500,120,2,0,[0|0],5250120,0,0,0,6,0,[0|0]
252500130,,52500,130,2,0,[0|0],5250130,0,0,0,6,0,[0|0]
252500140,,52500,140,2,0,[0|0],5250140,0,0,0,6,0,[0|0]
252500141,,52500,141,2,0,[0|0],5250141,0,0,0,6,0,[0|0]
252500142,,52500,142,2,0,[0|0],5250142,0,0,0,6,0,[0|0]
252500143,,52500,143,2,0,[0|0],5250143,0,0,0,6,0,[0|0]
252500144,,52500,144,2,0,[0|0],5250144,0,0,0,6,0,[0|0]
252500145,,52500,145,2,0,[0|0],5250145,0,0,0,6,0,[0|0]
252500146,,52500,146,2,0,[0|0],5250146,0,0,0,6,0,[0|0]
252500147,,52500,147,2,0,[0|0],5250147,0,0,0,6,0,[0|0]
252500150,,52500,150,2,0,[0|0],5250150,0,0,0,6,0,[0|0]
252500151,,52500,151,2,0,[0|0],5250151,0,0,0,6,0,[0|0]
252500160,,52500,160,2,0,[0|0],5250160,0,0,0,6,0,[0|0]
252500161,,52500,161,2,0,[0|0],5250161,0,0,0,6,0,[0|0]
252500162,,52500,162,2,0,[0|0],5250162,0,0,0,6,0,[0|0]
252500170,,52500,170,2,0,[0|0],5250170,0,0,0,6,0,[0|0]
252500171,,52500,171,2,0,[0|0],5250171,0,0,0,6,0,[0|0]
252500172,,52500,172,2,0,[0|0],5250172,0,0,0,6,0,[0|0]
252500173,,52500,173,2,0,[0|0],5250173,0,0,0,6,0,[0|0]
252500174,,52500,174,2,0,[0|0],5250174,0,0,0,6,0,[0|0]
252500175,,52500,175,2,0,[0|0],5250175,0,0,0,6,0,[0|0]
252500180,,52500,180,2,0,[0|0],5250180,0,0,0,6,0,[0|0]
252500181,,52500,181,2,0,[0|0],5250181,0,0,0,6,0,[0|0]
252500190,,52500,190,2,0,[0|0],5250190,0,0,0,6,0,[0|0]
252500191,,52500,191,2,0,[0|0],5250191,0,0,0,6,0,[0|0]
252500200,,52500,200,2,0,[0|0],5250200,0,0,0,6,0,[0|0]
252500201,,52500,201,2,0,[0|0],5250201,0,0,0,6,0,[0|0]
252500210,,52500,210,2,1,[0|0],5250210,0,0,0,6,0,[0|0]
252500220,,52500,220,2,1,[0|0],5250220,0,0,0,6,0,[0|0]
252500225,,52500,225,2,1,[0|0],5250225,0,0,0,6,0,[0|0]
252500230,,52500,230,2,0,[0|0],5250230,0,0,0,6,0,[0|0]
252500231,,52500,231,2,0,[0|0],5250231,0,0,0,6,0,[0|0]
252500232,,52500,232,2,0,[0|0],5250232,0,0,0,6,0,[0|0]
252500233,,52500,233,2,0,[0|0],5250233,0,0,0,6,0,[0|0]
252500240,,52500,240,2,0,[0|0],5250240,0,0,0,6,0,[0|0]
252500241,,52500,241,2,0,[0|0],5250241,0,0,0,6,0,[0|0]
252500250,,52500,250,2,1,[0|0],5250250,0,0,0,6,0,[0|0]
252500251,,52500,251,2,1,[0|0],5250251,0,0,0,6,0,[0|0]
252500260,,52500,260,2,1,[0|0],5250260,0,0,0,6,0,[0|0]
252500270,,52500,270,2,0,[0|0],5250270,0,0,0,6,0,[0|0]
252500271,,52500,271,2,0,[0|0],5250271,0,0,0,6,0,[0|0]
252500280,,52500,280,2,0,[0|0],5250280,0,0,0,6,0,[0|0]
252500281,,52500,281,2,0,[0|0],5250281,0,0,0,6,0,[0|0]
252500290,,52500,290,2,1,[0|0],5250290,0,0,0,6,0,[0|0]
252500291,,52500,291,2,1,[0|0],5250291,0,0,0,6,0,[0|0]
252500300,,52500,300,2,1,[0|0],5250300,0,0,0,6,0,[0|0]
252500301,,52500,301,2,1,[0|0],5250301,0,0,0,6,0,[0|0]
252500310,,52500,310,2,0,[0|0],5250310,0,0,0,6,0,[0|0]
252500311,,52500,311,2,0,[0|0],5250311,0,0,0,6,0,[0|0]
252500312,,52500,312,2,0,[0|0],5250312,0,0,0,6,0,[0|0]
252500313,,52500,313,2,0,[0|0],5250313,0,0,0,6,0,[0|0]
252500314,,52500,314,2,0,[0|0],5250314,0,0,0,6,0,[0|0]
252500315,,52500,315,2,0,[0|0],5250315,0,0,0,6,0,[0|0]
252500400,,52500,400,2,0,[0|0],5250400,0,0,0,6,0,[0|0]
252500410,,52500,410,2,0,[0|0],5250410,0,0,0,6,0,[0|0]
252500420,,52500,420,2,0,[0|0],5250420,0,0,0,6,0,[0|0]
252500430,,52500,430,2,0,[0|0],5250430,0,0,0,6,0,[0|0]
252500440,,52500,440,2,0,[0|0],5250440,0,0,0,6,0,[0|0]
252500450,,52500,450,2,0,[0|0],5250450,0,0,0,6,0,[0|0]
252500451,,52500,451,2,1,[0|0],5250451,0,0,0,6,0,[0|0]
252500460,,52500,460,2,0,[0|0],5250460,0,0,0,6,0,[0|0]
252500461,,52500,461,2,0,[0|0],5250461,0,0,0,6,0,[0|0]
252500470,,52500,470,2,0,[0|0],5250470,0,0,0,6,0,[0|0]
252500471,,52500,471,2,0,[0|0],5250471,0,0,0,6,0,[0|0]
252500472,,52500,472,2,0,[0|0],5250472,0,0,0,6,0,[0|0]
252500473,,52500,473,2,0,[0|0],5250473,0,0,0,6,0,[0|0]
252500474,,52500,474,2,0,[0|0],5250474,0,0,0,6,0,[0|0]
252500480,,52500,480,2,0,[0|0],5250480,0,0,0,6,0,[0|0]
252500481,,52500,481,2,0,[0|0],5250481,0,0,0,6,0,[0|0]
252500482,,52500,482,2,0,[0|0],5250482,0,0,0,6,0,[0|0]
252500483,,52500,483,2,0,[0|0],5250483,0,0,0,6,0,[0|0]
252500484,,52500,484,2,0,[0|0],5250484,0,0,0,6,0,[0|0]
252500485,,52500,485,2,1,[0|0],5250485,0,0,0,6,0,[0|0]
252500490,,52500,490,2,0,[0|0],5250490,0,0,0,6,0,[0|0]
252500491,,52500,491,2,1,[0|0],5250491,0,0,0,6,0,[0|0]
252500500,,52500,500,2,1,[0|0],5250500,0,0,0,6,0,[0|0]
252500510,,52500,510,2,0,[0|0],5250510,0,0,0,6,0,[0|0]
252500511,,52500,511,2,1,[0|0],5250511,0,0,0,6,0,[0|0]
252500520,,52500,520,2,1,[0|0],5250520,0,0,0,6,0,[0|0]
252500530,,52500,530,2,0,[0|0],5250530,0,0,0,6,0,[0|0]
252500531,,52500,531,2,0,[0|0],5250531,0,0,0,6,0,[0|0]
252500532,,52500,532,2,0,[0|0],5250532,0,0,0,6,0,[0|0]
252500533,,52500,533,2,0,[0|0],5250533,0,0,0,6,0,[0|0]
252500534,,52500,534,2,0,[0|0],5250534,0,0,0,6,0,[0|0]
252500535,,52500,535,2,1,[0|0],5250535,0,0,0,6,0,[0|0]
252500540,,52500,540,2,1,[0|0],5250540,0,0,0,6,0,[0|0]
252500550,,52500,550,2,0,[0|0],5250550,0,0,0,6,0,[0|0]
252500551,,52500,551,2,0,[0|0],5250551,0,0,0,6,0,[0|0]
252500552,,52500,552,2,1,[0|0],5250552,0,0,0,6,0,[0|0]
252500553,,52500,553,2,0,[0|0],5250553,0,0,0,6,0,[0|0]
252500554,,52500,554,2,0,[0|0],5250554,0,0,0,6,0,[0|0]
252500560,,52500,560,2,1,[0|0],5250560,0,0,0,6,0,[0|0]
252500561,,52500,561,2,1,[0|0],5250561,0,0,0,6,0,[0|0]
252500562,,52500,562,2,1,[0|0],5250562,0,0,0,6,0,[0|0]
252500570,,52500,570,2,0,[0|0],5250570,0,0,0,6,0,[0|0]
252500571,,52500,571,2,0,[0|0],5250571,0,0,0,6,0,[0|0]
252500580,,52500,580,2,0,[0|0],5250580,0,0,0,6,0,[0|0]
252500581,,52500,581,2,1,[0|0],5250581,0,0,0,6,0,[0|0]
252500582,,52500,582,2,1,[0|0],5250582,0,0,0,6,0,[0|0]
252500583,,52500,583,2,1,[0|0],5250583,0,0,0,6,0,[0|0]
252500584,,52500,584,2,1,[0|0],5250584,0,0,0,6,0,[0|0]
252500585,,52500,585,2,0,[0|0],5250585,0,0,0,6,0,[0|0]
252500590,,52500,590,2,0,[0|0],5250590,0,0,0,6,0,[0|0]
252500591,,52500,591,2,0,[0|0],5250591,0,0,0,6,0,[0|0]
252500592,,52500,592,2,0,[0|0],5250592,0,0,0,6,0,[0|0]
252500593,,52500,593,2,1,[0|0],5250593,0,0,0,6,0,[0|0]
252500594,,52500,594,2,1,[0|0],5250594,0,0,0,6,0,[0|0]
252500600,,52500,600,2,0,[0|0],5250600,0,0,0,6,0,[0|0]
252500601,,52500,601,2,0,[0|0],5250601,0,0,0,6,0,[0|0]
252500602,,52500,602,2,1,[0|0],5250602,0,0,0,6,0,[0|0]
252500610,,52500,610,2,0,[0|0],5250610,0,0,0,6,0,[0|0]
252500611,,52500,611,2,0,[0|0],5250611,0,0,0,6,0,[0|0]
252500700,,52500,700,2,1,[0|0],5250700,0,0,0,6,0,[0|0]
252500702,,52500,702,2,1,[0|0],5250702,0,0,0,6,0,[0|0]
252500990,,52500,990,2,0,[0|0],5250990,0,0,0,6,0,[0|0]
252500991,,52500,991,2,0,[0|0],5250991,0,0,0,6,0,[0|0]
253100100,,53100,100,2,0,[0|0],5310100,0,0,0,7,0,[0|0]
253100101,,53100,101,2,0,[0|0],5310101,0,0,0,7,0,[0|0]
253100102,,53100,102,2,0,[0|0],5310102,0,0,0,7,0,[0|0]
253100110,,53100,110,2,1,[0|0],5310110,0,0,0,6,0,[0|0]
253100111,,53100,111,2,1,[0|0],5310111,0,0,0,6,0,[0|0]
253100120,,53100,120,2,1,[0|0],5310120,0,0,0,6,0,[0|0]
253100121,,53100,121,2,1,[0|0],5310121,0,0,0,6,0,[0|0]
253100130,,53100,130,2,1,[0|0],5310130,0,0,0,6,0,[0|0]
253100200,,53100,200,2,0,[0|0],5310200,0,0,0,6,0,[0|0]
253100201,,53100,201,2,0,[0|0],5310201,0,0,0,6,0,[0|0]
253100202,,53100,202,2,0,[0|0],5310202,0,0,0,6,0,[0|0]
253100203,,53100,203,2,0,[0|0],5310203,0,0,0,6,0,[0|0]
253100210,,53100,210,2,1,[0|0],5310210,0,0,0,6,0,[0|0]
253100211,,53100,211,2,1,[0|0],5310211,0,0,0,6,0,[0|0]
253100212,,53100,212,2,1,[0|0],5310212,0,0,0,6,0,[0|0]
253100213,,53100,213,2,1,[0|0],5310213,0,0,0,6,0,[0|0]
253100220,,53100,220,2,1,[0|0],5310220,0,0,0,6,0,[0|0]
253100230,,53100,230,2,1,[0|0],5310230,0,0,0,6,0,[0|0]
253100240,,53100,240,2,1,[0|0],5310240,0,0,0,6,0,[0|0]
253100250,,53100,250,2,0,[0|0],5310250,0,0,0,6,0,[0|0]
253100300,,53100,300,2,0,[0|0],5310300,0,0,0,6,0,[0|0]
253100301,,53100,301,2,0,[0|0],5310301,0,0,0,6,0,[0|0]
253100310,,53100,310,2,1,[0|0],5310310,0,0,0,6,0,[0|0]
253100320,,53100,320,2,1,[0|0],5310320,0,0,0,6,0,[0|0]
253100322,,53100,322,2,1,[0|0],5310322,0,0,0,6,0,[0|0]
253100330,,53100,330,2,0,[0|0],5310330,0,0,0,6,0,[0|0]
253100335,,53100,335,2,1,[0|0],5310335,0,0,0,6,0,[0|0]
253100340,,53100,340,2,1,[0|0],5310340,0,0,0,6,0,[0|0]
253100350,,53100,350,2,1,[0|0],5310350,0,0,0,6,0,[0|0]
253100360,,53100,360,2,0,[0|0],5310360,0,0,0,6,0,[0|0]
253100361,,53100,361,2,0,[0|0],5310361,0,0,0,6,0,[0|0]
253100370,,53100,370,2,1,[0|0],5310370,0,0,0,6,0,[0|0]
253100380,,53100,380,2,1,[0|0],5310380,0,0,0,6,0,[0|0]
253100390,,53100,390,2,1,[0|0],5310390,0,0,0,6,0,[0|0]
253100400,,53100,400,2,0,[0|0],5310400,0,0,0,6,0,[0|0]
253100410,,53100,410,2,0,[0|0],5310410,0,0,0,6,0,[0|0]
253100420,,53100,420,2,0,[0|0],5310420,0,0,0,6,0,[0|0]
253100430,,53100,430,2,0,[0|0],5310430,0,0,0,6,0,[0|0]
253100440,,53100,440,2,0,[0|0],5310440,0,0,0,6,0,[0|0]
253100450,,53100,450,2,0,[0|0],5310450,0,0,0,6,0,[0|0]
253100451,,53100,451,2,0,[0|0],5310451,0,0,0,6,0,[0|0]
253100452,,53100,452,2,0,[0|0],5310452,0,0,0,6,0,[0|0]
253100453,,53100,453,2,0,[0|0],5310453,0,0,0,6,0,[0|0]
253100454,,53100,454,2,0,[0|0],5310454,0,0,0,6,0,[0|0]
253100460,,53100,460,2,0,[0|0],5310460,0,0,0,6,0,[0|0]
253200100,,53200,100,2,0,[0|0],5320100,0,0,0,6,0,[0|0]
253200101,,53200,101,2,0,[0|0],5320101,0,0,0,6,0,[0|0]
253200102,,53200,102,2,0,[0|0],5320102,0,0,0,6,0,[0|0]
253200105,,53200,105,2,0,[0|0],5320105,0,0,0,6,0,[0|0]
253200106,,53200,106,2,0,[0|0],5320106,0,0,0,6,0,[0|0]
253200107,,53200,107,2,0,[0|0],5320107,0,0,0,6,0,[0|0]
253200108,,53200,108,2,0,[0|0],5320108,0,0,0,6,0,[0|0]
253200109,,53200,109,2,0,[0|0],5320109,0,0,0,6,0,[0|0]
253200110,,53200,110,2,0,[0|0],5320110,0,0,0,6,0,[0|0]
253200120,,53200,120,2,0,[0|0],5320120,0,0,0,6,0,[0|0]
253200130,,53200,130,2,1,[0|0],5320130,0,0,0,6,0,[0|0]
253200131,,53200,131,2,1,[0|0],5320131,0,0,0,6,0,[0|0]
253200132,,53200,132,2,1,[0|0],5320132,0,0,0,6,0,[0|0]
253200140,,53200,140,2,0,[0|0],5320140,0,0,0,6,0,[0|0]
253200150,,53200,150,2,0,[0|0],5320150,0,0,0,6,0,[0|0]
253200160,,53200,160,2,0,[0|0],5320160,0,0,0,6,0,[0|0]
253200170,,53200,170,2,1,[0|0],5320170,0,0,0,6,0,[0|0]
253200180,,53200,180,2,1,[0|0],5320180,0,0,0,6,0,[0|0]
253200190,,53200,190,2,0,[0|0],5320190,0,0,0,6,0,[0|0]
253200200,,53200,200,2,1,[0|0],5320200,0,0,0,6,0,[0|0]
253200201,,53200,201,2,1,[0|0],5320201,0,0,0,6,0,[0|0]
253200202,,53200,202,2,1,[0|0],5320202,0,0,0,6,0,[0|0]
253200900,,53200,900,2,0,[0|0],5320900,0,0,0,6,0,[0|0]
253200901,,53200,901,2,0,[0|0],5320901,0,0,0,6,0,[0|0]
258100100,,58100,100,2,0,[0|0],5810100,0,0,0,6,0,[0|0]
258100110,,58100,110,2,0,[0|0],5810110,0,0,0,6,0,[0|0]
258100120,,58100,120,2,0,[0|0],5810120,0,0,0,6,0,[0|0]
258100121,,58100,121,2,0,[0|0],5810121,0,0,0,6,0,[0|0]
258100130,,58100,130,2,0,[0|0],5810130,0,0,0,6,0,[0|0]
258100140,,58100,140,2,0,[0|0],5810140,0,0,0,6,0,[0|0]
258100141,,58100,141,2,0,[0|0],5810141,0,0,0,6,0,[0|0]
258100150,,58100,150,2,0,[0|0],5810150,0,0,0,6,0,[0|0]
258100160,,58100,160,2,0,[0|0],5810160,0,0,0,6,0,[0|0]
258100170,,58100,170,2,0,[0|0],5810170,0,0,0,6,0,[0|0]
258100171,,58100,171,2,0,[0|0],5810171,0,0,0,6,0,[0|0]
258100180,,58100,180,2,0,[0|0],5810180,0,0,0,6,0,[0|0]
258100190,,58100,190,2,0,[0|0],5810190,0,0,0,6,0,[0|0]
258100191,,58100,191,2,0,[0|0],5810191,0,0,0,6,0,[0|0]
258100200,,58100,200,2,0,[0|0],5810200,0,0,0,6,0,[0|0]
258100210,,58100,210,2,0,[0|0],5810210,0,0,0,6,0,[0|0]
258100220,,58100,220,2,0,[0|0],5810220,0,0,0,6,0,[0|0]
258100230,,58100,230,2,0,[0|0],5810230,0,0,0,6,0,[0|0]
258100240,,58100,240,2,0,[0|0],5810240,0,0,0,6,0,[0|0]
258100241,,58100,241,2,0,[0|0],5810241,0,0,0,6,0,[0|0]
258100250,,58100,250,2,0,[0|0],5810250,0,0,0,6,0,[0|0]
258100260,,58100,260,2,0,[0|0],5810260,0,0,0,6,0,[0|0]
258100300,,58100,300,2,0,[0|0],5810300,0,0,0,6,0,[0|0]
258100310,,58100,310,2,0,[0|0],5810310,0,0,0,6,0,[0|0]
258100320,,58100,320,2,0,[0|0],5810320,0,0,0,6,0,[0|0]
258100321,,58100,321,2,0,[0|0],5810321,0,0,0,6,0,[0|0]
258100500,,58100,500,2,0,[0|0],5810500,0,0,0,6,0,[0|0]
258100510,,58100,510,2,0,[0|0],5810510,0,0,0,6,0,[0|0]
258100520,,58100,520,2,0,[0|0],5810520,0,0,0,6,0,[0|0]
258100521,,58100,521,2,0,[0|0],5810521,0,0,0,6,0,[0|0]
258100530,,58100,530,2,0,[0|0],5810530,0,0,0,6,0,[0|0]
258100540,,58100,540,2,0,[0|0],5810540,0,0,0,6,0,[0|0]
258100541,,58100,541,2,0,[0|0],5810541,0,0,0,6,0,[0|0]
258100550,,58100,550,2,0,[0|0],5810550,0,0,0,6,0,[0|0]
258100560,,58100,560,2,0,[0|0],5810560,0,0,0,6,0,[0|0]
258100570,,58100,570,2,0,[0|0],5810570,0,0,0,6,0,[0|0]
258100571,,58100,571,2,0,[0|0],5810571,0,0,0,6,0,[0|0]
258100580,,58100,580,2,0,[0|0],5810580,0,0,0,6,0,[0|0]
258100590,,58100,590,2,0,[0|0],5810590,0,0,0,6,0,[0|0]
258100591,,58100,591,2,0,[0|0],5810591,0,0,0,6,0,[0|0]
258100600,,58100,600,2,0,[0|0],5810600,0,0,0,6,0,[0|0]
258100610,,58100,610,2,0,[0|0],5810610,0,0,0,6,0,[0|0]
258100620,,58100,620,2,0,[0|0],5810620,0,0,0,6,0,[0|0]
258100630,,58100,630,2,0,[0|0],5810630,0,0,0,6,0,[0|0]
258100640,,58100,640,2,0,[0|0],5810640,0,0,0,6,0,[0|0]
258100641,,58100,641,2,0,[0|0],5810641,0,0,0,6,0,[0|0]
258100650,,58100,650,2,0,[0|0],5810650,0,0,0,6,0,[0|0]
258100660,,58100,660,2,0,[0|0],5810660,0,0,0,6,0,[0|0]
258100950,,58100,950,2,0,[0|0],5810950,0,0,0,6,0,[0|0]
258200100,,58200,100,2,0,[0|0],5820100,0,0,0,6,0,[0|0]
258200110,,58200,110,2,0,[0|0],5820110,0,0,0,6,0,[0|0]
258200120,,58200,120,2,0,[0|0],5820120,0,0,0,6,0,[0|0]
258200121,,58200,121,2,0,[0|0],5820121,0,0,0,6,0,[0|0]
258200130,,58200,130,2,0,[0|0],5820130,0,0,0,6,0,[0|0]
258200140,,58200,140,2,0,[0|0],5820140,0,0,0,6,0,[0|0]
258200150,,58200,150,2,0,[0|0],5820150,0,0,0,6,0,[0|0]
258200160,,58200,160,2,0,[0|0],5820160,0,0,0,6,0,[0|0]
258200161,,58200,161,2,0,[0|0],5820161,0,0,0,6,0,[0|0]
258200162,,58200,162,2,0,[0|0],5820162,0,0,0,6,0,[0|0]
258200163,,58200,163,2,0,[0|0],5820163,0,0,0,6,0,[0|0]
258200170,,58200,170,2,0,[0|0],5820170,0,0,0,6,0,[0|0]
258200180,,58200,180,2,0,[0|0],5820180,0,0,0,6,0,[0|0]
258200190,,58200,190,2,0,[0|0],5820190,0,0,0,6,0,[0|0]
258200200,,58200,200,2,0,[0|0],5820200,0,0,0,6,0,[0|0]
258200210,,58200,210,2,0,[0|0],5820210,0,0,0,6,0,[0|0]
258200220,,58200,220,2,0,[0|0],5820220,0,0,0,6,0,[0|0]
258200230,,58200,230,2,0,[0|0],5820230,0,0,0,6,0,[0|0]
258200231,,58200,231,2,0,[0|0],5820231,0,0,0,6,0,[0|0]
258200240,,58200,240,2,0,[0|0],5820240,0,0,0,6,0,[0|0]
258200250,,58200,250,2,0,[0|0],5820250,0,0,0,6,0,[0|0]
258200260,,58200,260,2,1,[0|0],5820260,0,0,0,6,0,[0|0]
258200300,,58200,300,2,1,[0|0],5820300,0,0,0,6,0,[0|0]
258200305,,58200,305,2,1,[0|0],5820305,0,0,0,6,0,[0|0]
258200310,,58200,310,2,0,[0|0],5820310,0,0,0,6,0,[0|0]
258200315,,58200,315,2,0,[0|0],5820315,0,0,0,6,0,[0|0]
258200320,,58200,320,2,0,[0|0],5820320,0,0,0,6,0,[0|0]
258200321,,58200,321,2,0,[0|0],5820321,0,0,0,6,0,[0|0]
258200322,,58200,322,2,0,[0|0],5820322,0,0,0,6,0,[0|0]
258200323,,58200,323,2,1,[0|0],5820323,0,0,0,6,0,[0|0]
258200330,,58200,330,2,0,[0|0],5820330,0,0,0,6,0,[0|0]
258200340,,58200,340,2,0,[0|0],5820340,0,0,0,6,0,[0|0]
258200350,,58200,350,2,1,[0|0],5820350,0,0,0,6,0,[0|0]
258200360,,58200,360,2,1,[0|0],5820360,0,0,0,6,0,[0|0]
258200370,,58200,370,2,1,[0|0],5820370,0,0,0,6,0,[0|0]
258200380,,58200,380,2,1,[0|0],5820380,0,0,0,6,0,[0|0]
258200400,,58200,400,2,0,[0|0],5820400,0,0,0,6,0,[0|0]
258200410,,58200,410,2,0,[0|0],5820410,0,0,0,6,0,[0|0]
258200411,,58200,411,2,0,[0|0],5820411,0,0,0,6,0,[0|0]
258200420,,58200,420,2,0,[0|0],5820420,0,0,0,6,0,[0|0]
258200421,,58200,421,2,0,[0|0],5820421,0,0,0,6,0,[0|0]
258200422,,58200,422,2,0,[0|0],5820422,0,0,0,6,0,[0|0]
258200430,,58200,430,2,0,[0|0],5820430,0,0,0,6,0,[0|0]
258200500,,58200,500,2,1,[0|0],5820500,0,0,0,6,0,[0|0]
258200501,,58200,501,2,1,[0|0],5820501,0,0,0,6,0,[0|0]
258200502,,58200,502,2,1,[0|0],5820502,0,0,0,6,0,[0|0]
258200900,,58200,900,2,0,[0|0],5820900,0,0,0,6,0,[0|0]
258300100,,58300,100,2,0,[0|0],5830100,0,0,0,6,0,[0|0]
258300101,,58300,101,2,0,[0|0],5830101,0,0,0,6,0,[0|0]
258300102,,58300,102,2,0,[0|0],5830102,0,0,0,6,0,[0|0]
258300110,,58300,110,2,0,[0|0],5830110,0,0,0,6,0,[0|0]
258300120,,58300,120,2,0,[0|0],5830120,0,0,0,6,0,[0|0]
258300121,,58300,121,2,0,[0|0],5830121,0,0,0,6,0,[0|0]
258300130,,58300,130,2,0,[0|0],5830130,0,0,0,6,0,[0|0]
258300131,,58300,131,2,0,[0|0],5830131,0,0,0,6,0,[0|0]
258300132,,58300,132,2,0,[0|0],5830132,0,0,0,6,0,[0|0]
258300133,,58300,133,2,1,[0|0],5830133,0,0,0,6,0,[0|0]
258300140,,58300,140,2,0,[0|0],5830140,0,0,0,7,0,[0|0]
258300200,,58300,200,2,1,[0|0],5830200,0,0,0,6,0,[0|0]
258300201,,58300,201,2,1,[0|0],5830201,0,0,0,6,0,[0|0]
258300202,,58300,202,2,1,[0|0],5830202,0,0,0,6,0,[0|0]
258300300,,58300,300,2,0,[0|0],5830300,0,0,0,6,0,[0|0]
258300301,,58300,301,2,0,[0|0],5830301,0,0,0,6,0,[0|0]
258300302,,58300,302,2,0,[0|0],5830302,0,0,0,6,0,[0|0]
258300303,,58300,303,2,0,[0|0],5830303,0,0,0,6,0,[0|0]
258300310,,58300,310,2,0,[0|0],5830310,0,0,0,6,0,[0|0]
258300311,,58300,311,2,0,[0|0],5830311,0,0,0,6,0,[0|0]
258300312,,58300,312,2,0,[0|0],5830312,0,0,0,6,0,[0|0]
258300313,,58300,313,2,0,[0|0],5830313,0,0,0,6,0,[0|0]
258300314,,58300,314,2,0,[0|0],5830314,0,0,0,6,0,[0|0]
258300315,,58300,315,2,0,[0|0],5830315,0,0,0,6,0,[0|0]
258300316,,58300,316,2,0,[0|0],5830316,0,0,0,6,0,[0|0]
258300317,,58300,317,2,0,[0|0],5830317,0,0,0,6,0,[0|0]
258300318,,58300,318,2,0,[0|0],5830318,0,0,0,6,0,[0|0]
258300319,,58300,319,2,0,[0|0],5830319,0,0,0,6,0,[0|0]
258300320,,58300,320,2,0,[0|0],5830320,0,0,0,6,0,[0|0]
258300321,,58300,321,2,0,[0|0],5830321,0,0,0,6,0,[0|0]
258300322,,58300,322,2,0,[0|0],5830322,0,0,0,6,0,[0|0]
258300323,,58300,323,2,0,[0|0],5830323,0,0,0,6,0,[0|0]
258300324,,58300,324,2,0,[0|0],5830324,0,0,0,6,0,[0|0]
258300325,,58300,325,2,0,[0|0],5830325,0,0,0,6,0,[0|0]
258300400,,58300,400,2,1,[0|0],5830400,0,0,0,6,0,[0|0]
258300410,,58300,410,2,1,[0|0],5830410,0,0,0,6,0,[0|0]
258300420,,58300,420,2,1,[0|0],5830420,0,0,0,6,0,[0|0]
258300421,,58300,421,2,1,[0|0],5830421,0,0,0,6,0,[0|0]
258300430,,58300,430,2,1,[0|0],5830430,0,0,0,6,0,[0|0]
258300500,,58300,500,2,0,[0|0],5830500,0,0,0,6,0,[0|0]
258300505,,58300,505,2,0,[0|0],5830505,0,0,0,6,0,[0|0]
258300510,,58300,510,2,1,[0|0],5830510,0,0,0,6,0,[0|0]
258300520,,58300,520,2,1,[0|0],5830520,0,0,0,6,0,[0|0]
258300530,,58300,530,2,1,[0|0],5830530,0,0,0,6,0,[0|0]
258300540,,58300,540,2,1,[0|0],5830540,0,0,0,6,0,[0|0]
258300600,,58300,600,2,1,[0|0],5830600,0,0,0,6,0,[0|0]
258300601,,58300,601,2,1,[0|0],5830601,0,0,0,6,0,[0|0]
258300950,,58300,950,2,1,[0|0],5830950,0,0,0,6,0,[0|0]
258300951,,58300,951,2,1,[0|0],5830951,0,0,0,6,0,[0|0]
258600100,,58600,100,2,1,[0|0],5860100,0,0,0,6,0,[0|0]
258600101,,58600,101,2,1,[0|0],5860101,0,0,0,6,0,[0|0]
258600110,,58600,110,2,1,[0|0],5860110,0,0,0,6,0,[0|0]
258600120,,58600,120,2,0,[0|0],5860120,0,0,0,6,0,[0|0]
258600130,,58600,130,2,0,[0|0],5860130,0,0,0,6,0,[0|0]
258600140,,58600,140,2,0,[0|0],5860140,0,0,0,6,0,[0|0]
258600150,,58600,150,2,0,[0|0],5860150,0,0,0,6,0,[0|0]
258600151,,58600,151,2,1,[0|0],5860151,0,0,0,6,0,[0|0]
258600160,,58600,160,2,0,[0|0],5860160,0,0,0,6,0,[0|0]
258600161,,58600,161,2,1,[0|0],5860161,0,0,0,6,0,[0|0]
258600170,,58600,170,2,0,[0|0],5860170,0,0,0,6,0,[0|0]
258600180,,58600,180,2,0,[0|0],5860180,0,0,0,6,0,[0|0]
258600190,,58600,190,2,0,[0|0],5860190,0,0,0,6,0,[0|0]
258600200,,58600,200,2,0,[0|0],5860200,0,0,0,6,0,[0|0]
258600201,,58600,201,2,1,[0|0],5860201,0,0,0,6,0,[0|0]
258600210,,58600,210,2,0,[0|0],5860210,0,0,0,6,0,[0|0]
258600211,,58600,211,2,1,[0|0],5860211,0,0,0,6,0,[0|0]
258600220,,58600,220,2,0,[0|0],5860220,0,0,0,6,0,[0|0]
258600221,,58600,221,2,0,[0|0],5860221,0,0,0,6,0,[0|0]
258600222,,58600,222,2,0,[0|0],5860222,0,0,0,6,0,[0|0]
258600223,,58600,223,2,1,[0|0],5860223,0,0,0,6,0,[0|0]
258600224,,58600,224,2,1,[0|0],5860224,0,0,0,6,0,[0|0]
258600230,,58600,230,2,1,[0|0],5860230,0,0,0,6,0,[0|0]
258600231,,58600,231,2,1,[0|0],5860231,0,0,0,6,0,[0|0]
258600232,,58600,232,2,1,[0|0],5860232,0,0,0,6,0,[0|0]
258600240,,58600,240,2,1,[0|0],5860240,0,0,0,6,0,[0|0]
258600241,,58600,241,2,1,[0|0],5860241,0,0,0,6,0,[0|0]
258600242,,58600,242,2,1,[0|0],5860242,0,0,0,6,0,[0|0]
258600250,,58600,250,2,0,[0|0],5860250,0,0,0,6,0,[0|0]
258600251,,58600,251,2,0,[0|0],5860251,0,0,0,6,0,[0|0]
258600260,,58600,260,2,0,[0|0],5860260,0,0,0,6,0,[0|0]
258600270,,58600,270,2,0,[0|0],5860270,0,0,0,6,0,[0|0]
258600271,,58600,271,2,1,[0|0],5860271,0,0,0,6,0,[0|0]
258600280,,58600,280,2,0,[0|0],5860280,0,0,0,6,0,[0|0]
258600281,,58600,281,2,1,[0|0],5860281,0,0,0,6,0,[0|0]
258600290,,58600,290,2,1,[0|0],5860290,0,0,0,6,0,[0|0]
258600291,,58600,291,2,1,[0|0],5860291,0,0,0,6,0,[0|0]
258600292,,58600,292,2,1,[0|0],5860292,0,0,0,6,0,[0|0]
258600300,,58600,300,2,1,[0|0],5860300,0,0,0,6,0,[0|0]
258600301,,58600,301,2,1,[0|0],5860301,0,0,0,6,0,[0|0]
258600302,,58600,302,2,1,[0|0],5860302,0,0,0,6,0,[0|0]
258600310,,58600,310,2,0,[0|0],5860310,0,0,0,6,0,[0|0]
258600311,,58600,311,2,1,[0|0],5860311,0,0,0,6,0,[0|0]
258600320,,58600,320,2,1,[0|0],5860320,0,0,0,6,0,[0|0]
258600321,,58600,321,2,1,[0|0],5860321,0,0,0,6,0,[0|0]
258600330,,58600,330,2,1,[0|0],5860330,0,0,0,6,0,[0|0]
258600331,,58600,331,2,1,[0|0],5860331,0,0,0,6,0,[0|0]
258600332,,58600,332,2,1,[0|0],5860332,0,0,0,6,0,[0|0]
258600340,,58600,340,2,1,[0|0],5860340,0,0,0,6,0,[0|0]
258600341,,58600,341,2,1,[0|0],5860341,0,0,0,6,0,[0|0]
258600342,,58600,342,2,1,[0|0],5860342,0,0,0,6,0,[0|0]
258600350,,58600,350,2,1,[0|0],5860350,0,0,0,6,0,[0|0]
258600800,,58600,800,2,1,[0|0],5860800,0,0,0,6,0,[0|0]
258600801,,58600,801,2,1,[0|0],5860801,0,0,0,6,0,[0|0]
258600802,,58600,802,2,1,[0|0],5860804,0,0,0,6,0,[0|0]
258600810,,58600,810,2,1,[0|0],5860810,0,0,0,6,0,[0|0]
258600820,,58600,820,2,1,[0|0],5860820,0,0,0,6,0,[0|0]
258600821,,58600,821,2,1,[0|0],5860821,0,0,0,6,0,[0|0]
258600822,,58600,822,2,1,[0|0],5860822,0,0,0,6,0,[0|0]
258600900,,58600,900,2,0,[0|0],5860900,0,0,0,6,0,[0|0]
258600910,,58600,910,2,0,[0|0],5860910,0,0,0,6,0,[0|0]
258600911,,58600,911,2,1,[0|0],5860911,0,0,0,6,0,[0|0]
258700100,,58700,100,2,0,[0|0],5870100,0,0,0,6,0,[0|0]
258700110,,58700,110,2,0,[0|0],5870110,0,0,0,6,0,[0|0]
258700120,,58700,120,2,0,[0|0],5870120,0,0,0,6,0,[0|0]
258700130,,58700,130,2,0,[0|0],5870130,0,0,0,6,0,[0|0]
258700140,,58700,140,2,0,[0|0],5870140,0,0,0,6,0,[0|0]
258700150,,58700,150,2,0,[0|0],5870150,0,0,0,6,0,[0|0]
258700160,,58700,160,2,0,[0|0],5870160,0,0,0,6,0,[0|0]
258700170,,58700,170,2,1,[0|0],5870170,0,0,0,6,0,[0|0]
258700180,,58700,180,2,1,[0|0],5870180,0,0,0,6,0,[0|0]
258700190,,58700,190,2,0,[0|0],5870190,0,0,0,6,0,[0|0]
258700200,,58700,200,2,1,[0|0],5870200,0,0,0,6,0,[0|0]
258700210,,58700,210,2,0,[0|0],5870210,0,0,0,6,0,[0|0]
258700220,,58700,220,2,1,[0|0],5870220,0,0,0,6,0,[0|0]
258700230,,58700,230,2,1,[0|0],5870230,0,0,0,6,0,[0|0]
258700290,,58700,290,2,0,[0|0],5870290,0,0,0,6,0,[0|0]
258700300,,58700,300,2,0,[0|0],5870300,0,0,0,6,0,[0|0]
258700310,,58700,310,2,0,[0|0],5870310,0,0,0,6,0,[0|0]
258700320,,58700,320,2,0,[0|0],5870320,0,0,0,6,0,[0|0]
258700330,,58700,330,2,0,[0|0],5870330,0,0,0,6,0,[0|0]
258700340,,58700,340,2,0,[0|0],5870340,0,0,0,6,0,[0|0]
258700350,,58700,350,2,0,[0|0],5870350,0,0,0,6,0,[0|0]
258700360,,58700,360,2,0,[0|0],5870360,0,0,0,6,0,[0|0]
258700370,,58700,370,2,0,[0|0],5870370,0,0,0,6,0,[0|0]
258700400,,58700,400,2,1,[0|0],5870400,0,0,0,6,0,[0|0]
258700410,,58700,410,2,1,[0|0],5870410,0,0,0,6,0,[0|0]
258700430,,58700,430,2,1,[0|0],5870430,0,0,0,6,0,[0|0]
258700440,,58700,440,2,0,[0|0],5870440,0,0,0,6,0,[0|0]
258700445,,58700,445,2,0,[0|0],5870445,0,0,0,6,0,[0|0]
258700450,,58700,450,2,0,[0|0],5870450,0,0,0,6,0,[0|0]
258700460,,58700,460,2,0,[0|0],5870460,0,0,0,6,0,[0|0]
258700470,,58700,470,2,1,[0|0],5870470,0,0,0,6,0,[0|0]
258700990,,58700,990,2,0,[0|0],5870990,0,0,0,6,0,[0|0]
259000100,,59000,100,2,0,[0|0],5900100,0,0,0,6,0,[0|0]
259000110,,59000,110,2,0,[0|0],5900110,0,0,0,7,0,[0|0]
259000120,,59000,120,2,1,[0|0],5900120,0,0,0,6,0,[0|0]
259000130,,59000,130,2,0,[0|0],5900130,0,0,0,6,0,[0|0]
259000131,,59000,131,2,0,[0|0],5900131,0,0,0,6,0,[0|0]
259000140,,59000,140,2,0,[0|0],5900140,0,0,0,7,0,[0|0]
259000150,,59000,150,2,0,[0|0],5900150,0,0,0,6,0,[0|0]
259000160,,59000,160,2,0,[0|0],5900160,0,0,0,6,0,[0|0]
259000170,,59000,170,2,0,[0|0],5900170,0,0,0,7,0,[0|0]
259000990,,59000,990,2,0,[0|0],5900990,0,0,0,6,0,[0|0]
260000100,,60000,100,2,0,[0|0],6000000,0,0,0,6,0,[0|0]
260000110,,60000,110,2,0,[0|0],6000010,0,0,0,6,0,[0|0]
260000120,,60000,120,2,0,[0|0],6000020,0,0,0,6,0,[0|0]
260100100,,60100,100,2,0,[0|0],6010000,0,0,0,6,0,[0|0]
260100110,,60100,110,2,0,[0|0],6010010,0,0,0,6,0,[0|0]
260100120,,60100,120,2,0,[0|0],6010020,0,0,0,6,0,[0|0]
260100130,,60100,130,2,0,[0|0],6010130,0,0,0,6,0,[0|0]
260200100,,60200,100,2,0,[0|0],6020000,0,0,0,6,0,[0|0]
260200102,,60200,102,2,0,[0|0],8000002,0,0,0,6,0,[0|0]
260200110,,60200,110,2,0,[0|0],6020010,0,0,0,6,0,[0|0]
260200120,,60200,120,2,0,[0|0],6020020,0,0,0,6,0,[0|0]
260300100,,60300,100,2,0,[0|0],6030000,0,0,0,7,0,[0|0]
260300110,,60300,110,2,0,[0|0],6030010,0,0,0,6,0,[0|0]
260300120,,60300,120,2,0,[0|0],6030020,0,0,0,6,0,[0|0]
260300900,,60300,900,2,1,[0|0],6030900,0,0,0,6,0,[0|0]
260500100,,60500,100,2,0,[0|0],6050000,0,0,0,6,0,[0|0]
260500101,,60500,101,2,0,[0|0],6050001,0,0,0,6,0,[0|0]
260600100,,60600,100,2,0,[0|0],6060000,0,0,0,6,0,[0|0]
260600200,,60600,200,2,0,[0|0],6060200,0,0,0,6,0,[0|0]
260600300,,60600,300,2,0,[0|0],6060300,0,0,0,6,0,[0|0]
260710100,,60710,100,2,1,[0|0],6071100,0,0,0,6,0,[0|0]
260710101,,60710,101,2,1,[0|0],6071110,0,0,0,6,0,[0|0]
260800100,,60800,100,2,0,[0|0],6080000,0,0,0,6,0,[0|0]
260810100,,60810,100,2,0,[0|0],6081000,0,0,0,6,0,[0|0]
260820100,,60820,100,2,0,[0|0],6082000,0,0,0,6,0,[0|0]
270000100,,70000,100,2,0,[0|0],7000000,0,0,0,6,0,[0|0]
270000101,,70000,101,2,0,[0|0],7000001,0,0,0,6,0,[0|0]
270000110,,70000,110,2,0,[0|0],7000010,0,0,0,6,0,[0|0]
270000120,,70000,120,2,0,[0|0],7000020,0,0,0,6,0,[0|0]
270000130,,70000,130,2,0,[0|0],7000030,0,0,0,6,0,[0|0]
270000140,,70000,140,2,0,[0|0],7000040,0,0,0,7,0,[0|0]
270000150,,70000,150,2,0,[0|0],7000050,0,0,0,7,0,[0|0]
270000160,,70000,160,2,0,[0|0],7000060,0,0,0,6,0,[0|0]
270000170,,70000,170,2,0,[0|0],7000070,0,0,0,6,0,[0|0]
270000171,,70000,171,2,0,[0|0],7000071,0,0,0,6,0,[0|0]
270000180,,70000,180,2,0,[0|0],7000080,0,0,0,6,0,[0|0]
270000181,,70000,181,2,0,[0|0],7000081,0,0,0,6,0,[0|0]
270000182,,70000,182,2,0,[0|0],7000082,0,0,0,6,0,[0|0]
270000190,,70000,190,2,0,[0|0],7000190,0,0,0,6,0,[0|0]
270000200,,70000,200,2,0,[0|0],7000090,0,0,0,6,0,[0|0]
270000201,,70000,201,2,0,[0|0],7000091,0,0,0,6,0,[0|0]
270000202,,70000,202,2,0,[0|0],7000092,0,0,0,6,0,[0|0]
270000203,,70000,203,2,0,[0|0],7000093,0,0,0,6,0,[0|0]
270000204,,70000,204,2,0,[0|0],7000094,0,0,0,6,0,[0|0]
270000210,,70000,210,2,0,[0|0],7000100,0,0,0,6,0,[0|0]
270000220,,70000,220,2,0,[0|0],7000110,0,0,0,7,0,[0|0]
270000230,,70000,230,2,0,[0|0],7000120,0,0,0,6,0,[0|0]
270000300,,70000,300,2,1,[0|0],7000200,0,0,0,6,0,[0|0]
270000310,,70000,310,2,1,[0|0],7000210,0,0,0,6,0,[0|0]
270000320,,70000,320,2,1,[0|0],7000220,0,0,0,6,0,[0|0]
270000330,,70000,330,2,1,[0|0],7000230,0,0,0,6,0,[0|0]
270000340,,70000,340,2,0,[0|0],7000240,0,0,0,6,0,[0|0]
270000400,,70000,400,2,1,[0|0],7000400,0,0,0,6,0,[0|0]
270000410,,70000,410,2,1,[0|0],7000410,0,0,0,6,0,[0|0]
270000420,,70000,420,2,1,[0|0],7000420,0,0,0,6,0,[0|0]
270000510,,70000,510,2,0,[0|0],7000510,0,0,0,6,0,[0|0]
270000690,,70000,690,2,0,[0|0],7000590,0,0,0,6,0,[0|0]
271000100,,71000,100,2,0,[0|0],7100100,0,0,0,6,0,[0|0]
271000101,,71000,101,2,0,[0|0],7100101,0,0,0,6,0,[0|0]
271000110,,71000,110,2,0,[0|0],7100110,0,0,0,6,0,[0|0]
271000111,,71000,111,2,0,[0|0],7100111,0,0,0,6,0,[0|0]
271000120,,71000,120,2,0,[0|0],7100120,0,0,0,6,0,[0|0]
271000121,,71000,121,2,0,[0|0],7100121,0,0,0,6,0,[0|0]
271000130,,71000,130,2,0,[0|0],7100130,0,0,0,6,0,[0|0]
271000131,,71000,131,2,0,[0|0],7100131,0,0,0,6,0,[0|0]
271000140,,71000,140,2,0,[0|0],7100140,0,0,0,6,0,[0|0]
271000141,,71000,141,2,0,[0|0],7100141,0,0,0,6,0,[0|0]
271000142,,71000,142,2,0,[0|0],7100142,0,0,0,6,0,[0|0]
271000143,,71000,143,2,0,[0|0],7100143,0,0,0,6,0,[0|0]
271000150,,71000,150,2,0,[0|0],7100150,0,0,0,6,0,[0|0]
271000151,,71000,151,2,0,[0|0],7100151,0,0,0,6,0,[0|0]
271000160,,71000,160,2,0,[0|0],7100160,0,0,0,6,0,[0|0]
271000170,,71000,170,2,0,[0|0],7100170,0,0,0,6,0,[0|0]
271000171,,71000,171,2,0,[0|0],7100171,0,0,0,6,0,[0|0]
271000172,,71000,172,2,0,[0|0],7100172,0,0,0,6,0,[0|0]
271000173,,71000,173,2,0,[0|0],7100173,0,0,0,6,0,[0|0]
271000180,,71000,180,2,0,[0|0],7100180,0,0,0,6,0,[0|0]
271000181,,71000,181,2,1,[0|0],7100181,0,0,0,6,0,[0|0]
271000190,,71000,190,2,1,[0|0],7100190,0,0,0,6,0,[0|0]
271000191,,71000,191,2,1,[0|0],7100191,0,0,0,6,0,[0|0]
271000192,,71000,192,2,1,[0|0],7100192,0,0,0,6,0,[0|0]
271000193,,71000,193,2,1,[0|0],7100193,0,0,0,6,0,[0|0]
271000200,,71000,200,2,1,[0|0],7100200,0,0,0,6,0,[0|0]
271000205,,71000,205,2,1,[0|0],7100205,0,0,0,6,0,[0|0]
271000206,,71000,206,2,1,[0|0],7100206,0,0,0,6,0,[0|0]
271000210,,71000,210,2,0,[0|0],7100210,0,0,0,6,0,[0|0]
271000211,,71000,211,2,0,[0|0],7100211,0,0,0,6,0,[0|0]
271000220,,71000,220,2,1,[0|0],7100220,0,0,0,6,0,[0|0]
271000230,,71000,230,2,0,[0|0],7100230,0,0,0,6,0,[0|0]
271000231,,71000,231,2,0,[0|0],7100231,0,0,0,6,0,[0|0]
271000240,,71000,240,2,0,[0|0],7100240,0,0,0,6,0,[0|0]
271000250,,71000,250,2,0,[0|0],7100250,0,0,0,6,0,[0|0]
271000251,,71000,251,2,0,[0|0],7100251,0,0,0,6,0,[0|0]
271000260,,71000,260,2,0,[0|0],7100260,0,0,0,6,0,[0|0]
271000261,,71000,261,2,0,[0|0],7100261,0,0,0,6,0,[0|0]
271000270,,71000,270,2,0,[0|0],7100270,0,0,0,6,0,[0|0]
271000280,,71000,280,2,0,[0|0],7100280,0,0,0,6,0,[0|0]
271000281,,71000,281,2,0,[0|0],7100281,0,0,0,6,0,[0|0]
271000282,,71000,282,2,0,[0|0],7100282,0,0,0,6,0,[0|0]
275000100,,75000,100,2,0,[0|0],7500100,0,0,0,6,0,[0|0]
275000101,,75000,101,2,0,[0|0],7500101,0,0,0,6,0,[0|0]
275000102,,75000,102,2,0,[0|0],7500102,0,0,0,6,0,[0|0]
275000110,,75000,110,2,0,[0|0],7500110,0,0,0,6,0,[0|0]
275000111,,75000,111,2,0,[0|0],7500111,0,0,0,6,0,[0|0]
275000112,,75000,112,2,0,[0|0],7500112,0,0,0,6,0,[0|0]
275000120,,75000,120,2,0,[0|0],7500120,0,0,0,6,0,[0|0]
275000125,,75000,125,2,0,[0|0],7500125,0,0,0,6,0,[0|0]
275000130,,75000,130,2,0,[0|0],7500130,0,0,0,6,0,[0|0]
275000131,,75000,131,2,0,[0|0],7500131,0,0,0,6,0,[0|0]
275000132,,75000,132,2,0,[0|0],7500132,0,0,0,6,0,[0|0]
275000133,,75000,133,2,0,[0|0],7500133,0,0,0,6,0,[0|0]
275000134,,75000,134,2,0,[0|0],7500134,0,0,0,6,0,[0|0]
275000135,,75000,135,2,0,[0|0],7500135,0,0,0,6,0,[0|0]
275000136,,75000,136,2,0,[0|0],7500136,0,0,0,6,0,[0|0]
275000137,,75000,137,2,0,[0|0],7500137,0,0,0,6,0,[0|0]
275000140,,75000,140,2,0,[0|0],7500140,0,0,0,6,0,[0|0]
275000141,,75000,141,2,0,[0|0],7500141,0,0,0,6,0,[0|0]
275000142,,75000,142,2,0,[0|0],7500142,0,0,0,6,0,[0|0]
275000150,,75000,150,2,0,[0|0],7500150,0,0,0,6,0,[0|0]
275000151,,75000,151,2,0,[0|0],7500151,0,0,0,6,0,[0|0]
275000152,,75000,152,2,0,[0|0],7500152,0,0,0,6,0,[0|0]
275000153,,75000,153,2,0,[0|0],7500153,0,0,0,6,0,[0|0]
275000154,,75000,154,2,0,[0|0],7500154,0,0,0,6,0,[0|0]
275000155,,75000,155,2,0,[0|0],7500155,0,0,0,6,0,[0|0]
275000160,,75000,160,2,0,[0|0],7500160,0,0,0,6,0,[0|0]
275000161,,75000,161,2,0,[0|0],7500161,0,0,0,6,0,[0|0]
275000162,,75000,162,2,0,[0|0],7500162,0,0,0,6,0,[0|0]
275000163,,75000,163,2,0,[0|0],7500163,0,0,0,6,0,[0|0]
275000164,,75000,164,2,0,[0|0],7500164,0,0,0,6,0,[0|0]
275000165,,75000,165,2,0,[0|0],7500165,0,0,0,6,0,[0|0]
275000170,,75000,170,2,0,[0|0],7500170,0,0,0,6,0,[0|0]
275000180,,75000,180,2,0,[0|0],7500180,0,0,0,6,0,[0|0]
275000181,,75000,181,2,0,[0|0],7500181,0,0,0,6,0,[0|0]
275000182,,75000,182,2,0,[0|0],7500182,0,0,0,6,0,[0|0]
275000190,,75000,190,2,1,[0|0],7500190,0,0,0,6,0,[0|0]
275000191,,75000,191,2,1,[0|0],7500191,0,0,0,6,0,[0|0]
275000192,,75000,192,2,1,[0|0],7500192,0,0,0,6,0,[0|0]
275000200,,75000,200,2,0,[0|0],7500200,0,0,0,6,0,[0|0]
275000201,,75000,201,2,0,[0|0],7500201,0,0,0,6,0,[0|0]
275000220,,75000,220,2,1,[0|0],7500220,0,0,0,6,0,[0|0]
275000225,,75000,225,2,1,[0|0],7500225,0,0,0,6,0,[0|0]
275000226,,75000,226,2,1,[0|0],7500226,0,0,0,6,0,[0|0]
275000230,,75000,230,2,0,[0|0],7500230,0,0,0,6,0,[0|0]
275000231,,75000,231,2,0,[0|0],7500231,0,0,0,6,0,[0|0]
275000232,,75000,232,2,0,[0|0],7500232,0,0,0,6,0,[0|0]
275000235,,75000,235,2,0,[0|0],7500235,0,0,0,6,0,[0|0]
275000236,,75000,236,2,0,[0|0],7500236,0,0,0,6,0,[0|0]
275000237,,75000,237,2,0,[0|0],7500237,0,0,0,6,0,[0|0]
275000240,,75000,240,2,0,[0|0],7500240,0,0,0,6,0,[0|0]
275000241,,75000,241,2,0,[0|0],7500241,0,0,0,6,0,[0|0]
275000242,,75000,242,2,0,[0|0],7500242,0,0,0,6,0,[0|0]
275000243,,75000,243,2,0,[0|0],7500243,0,0,0,6,0,[0|0]
275000244,,75000,244,2,0,[0|0],7500244,0,0,0,6,0,[0|0]
275000245,,75000,245,2,0,[0|0],7500245,0,0,0,6,0,[0|0]
275000250,,75000,250,2,0,[0|0],7500250,0,0,0,6,0,[0|0]
275000280,,75000,280,2,0,[0|0],7500280,0,0,0,6,0,[0|0]
275000281,,75000,281,2,0,[0|0],7500281,0,0,0,6,0,[0|0]
275000282,,75000,282,2,0,[0|0],7500282,0,0,0,6,0,[0|0]
275000285,,75000,285,2,0,[0|0],7500285,0,0,0,6,0,[0|0]
275000286,,75000,286,2,0,[0|0],7500286,0,0,0,6,0,[0|0]
275000287,,75000,287,2,0,[0|0],7500287,0,0,0,6,0,[0|0]
275000290,,75000,290,2,0,[0|0],7500290,0,0,0,6,0,[0|0]
275000291,,75000,291,2,0,[0|0],7500291,0,0,0,6,0,[0|0]
275000292,,75000,292,2,0,[0|0],7500292,0,0,0,6,0,[0|0]
275000295,,75000,295,2,1,[0|0],7500295,0,0,0,6,0,[0|0]
275000300,,75000,300,2,1,[0|0],7500300,0,0,0,6,0,[0|0]
275000305,,75000,305,2,0,[0|0],7500305,0,0,0,6,0,[0|0]
275000306,,75000,306,2,0,[0|0],7500306,0,0,0,6,0,[0|0]
275000310,,75000,310,2,0,[0|0],7500310,0,0,0,6,0,[0|0]
275000311,,75000,311,2,0,[0|0],7500311,0,0,0,6,0,[0|0]
275000312,,75000,312,2,0,[0|0],7500312,0,0,0,6,0,[0|0]
275000350,,75000,350,2,0,[0|0],7500350,0,0,0,6,0,[0|0]
275000351,,75000,351,2,0,[0|0],7500351,0,0,0,6,0,[0|0]
275000352,,75000,352,2,0,[0|0],7500352,0,0,0,6,0,[0|0]
275000353,,75000,353,2,0,[0|0],7500353,0,0,0,6,0,[0|0]
275000355,,75000,355,2,1,[0|0],7500355,0,0,0,6,0,[0|0]
275000360,,75000,360,2,0,[0|0],7500360,0,0,0,6,0,[0|0]
275000361,,75000,361,2,0,[0|0],7500361,0,0,0,6,0,[0|0]
275000362,,75000,362,2,0,[0|0],7500362,0,0,0,6,0,[0|0]
275000370,,75000,370,2,1,[0|0],7500370,0,0,0,6,0,[0|0]
275000380,,75000,380,2,0,[0|0],7500380,0,0,0,6,0,[0|0]
275000381,,75000,381,2,0,[0|0],7500381,0,0,0,6,0,[0|0]
275000382,,75000,382,2,0,[0|0],7500382,0,0,0,6,0,[0|0]
275000410,,75000,410,2,0,[0|0],7500410,0,0,0,6,0,[0|0]
275000420,,75000,420,2,0,[0|0],7500420,0,0,0,6,0,[0|0]
275000425,,75000,425,2,0,[0|0],7500425,0,0,0,6,0,[0|0]
275000430,,75000,430,2,0,[0|0],7500430,0,0,0,6,0,[0|0]
275000435,,75000,435,2,1,[0|0],7500435,0,0,0,6,0,[0|0]
275000440,,75000,440,2,1,[0|0],7500440,0,0,0,6,0,[0|0]
275000448,,75000,448,2,1,[0|0],7500448,0,0,0,6,0,[0|0]
275000450,,75000,450,2,0,[0|0],7500450,0,0,0,6,0,[0|0]
275000451,,75000,451,2,0,[0|0],7500451,0,0,0,6,0,[0|0]
275000452,,75000,452,2,0,[0|0],7500452,0,0,0,6,0,[0|0]
275000453,,75000,453,2,0,[0|0],7500453,0,0,0,6,0,[0|0]
275000500,,75000,500,2,1,[0|0],7500500,0,0,0,6,0,[0|0]
275000501,,75000,501,2,1,[0|0],7500501,0,0,0,6,0,[0|0]
275000505,,75000,505,2,1,[0|0],7500505,0,0,0,6,0,[0|0]
275000506,,75000,506,2,1,[0|0],7500506,0,0,0,6,0,[0|0]
275000510,,75000,510,2,1,[0|0],7500510,0,0,0,6,0,[0|0]
275000511,,75000,511,2,1,[0|0],7500511,0,0,0,6,0,[0|0]
275000520,,75000,520,2,1,[0|0],7500520,0,0,0,6,0,[0|0]
275000530,,75000,530,2,1,[0|0],7500530,0,0,0,6,0,[0|0]
275000540,,75000,540,2,1,[0|0],7500540,0,0,0,6,0,[0|0]
275000550,,75000,550,2,1,[0|0],7500550,0,0,0,6,0,[0|0]
275000560,,75000,560,2,1,[0|0],7500560,0,0,0,6,0,[0|0]
275000563,,75000,563,2,1,[0|0],7500563,0,0,0,6,0,[0|0]
275000564,,75000,564,2,1,[0|0],7500564,0,0,0,6,0,[0|0]
275000600,,75000,600,2,0,[0|0],7500600,0,0,0,6,0,[0|0]
275000605,,75000,605,2,1,[0|0],7500605,0,0,0,6,0,[0|0]
275000610,,75000,610,2,0,[0|0],7500610,0,0,0,6,0,[0|0]
275000620,,75000,620,2,0,[0|0],7500620,0,0,0,6,0,[0|0]
275000621,,75000,621,2,0,[0|0],7500621,0,0,0,6,0,[0|0]
275000700,,75000,700,2,0,[0|0],7500700,0,0,0,6,0,[0|0]
275000701,,75000,701,2,0,[0|0],7500701,0,0,0,6,0,[0|0]
275000702,,75000,702,2,0,[0|0],7500702,0,0,0,6,0,[0|0]
275000710,,75000,710,2,0,[0|0],7500710,0,0,0,6,0,[0|0]
275000711,,75000,711,2,0,[0|0],7500711,0,0,0,6,0,[0|0]
275000712,,75000,712,2,0,[0|0],7500712,0,0,0,6,0,[0|0]
275000713,,75000,713,2,0,[0|0],7500713,0,0,0,6,0,[0|0]
275000714,,75000,714,2,0,[0|0],7500714,0,0,0,6,0,[0|0]
275000715,,75000,715,2,0,[0|0],7500715,0,0,0,6,0,[0|0]
275000720,,75000,720,2,0,[0|0],7500720,0,0,0,6,0,[0|0]
275000721,,75000,721,2,0,[0|0],7500721,0,0,0,6,0,[0|0]
275000722,,75000,722,2,0,[0|0],7500722,0,0,0,6,0,[0|0]
275000800,,75000,800,2,0,[0|0],7500800,0,0,0,6,0,[0|0]
275000801,,75000,801,2,0,[0|0],7500801,0,0,0,6,0,[0|0]
275000802,,75000,802,2,0,[0|0],7500802,0,0,0,6,0,[0|0]
275100100,,75100,100,2,0,[0|0],7510100,0,0,0,6,0,[0|0]
275100110,,75100,110,2,0,[0|0],7510110,0,0,0,6,0,[0|0]
275100111,,75100,111,2,0,[0|0],7510111,0,0,0,6,0,[0|0]
275100120,,75100,120,2,0,[0|0],7510120,0,0,0,6,0,[0|0]
275100121,,75100,121,2,0,[0|0],7510121,0,0,0,6,0,[0|0]
275100130,,75100,130,2,0,[0|0],7510130,0,0,0,6,0,[0|0]
275100131,,75100,131,2,1,[0|0],7510131,0,0,0,6,0,[0|0]
275100132,,75100,132,2,1,[0|0],7510132,0,0,0,6,0,[0|0]
275100140,,75100,140,2,0,[0|0],7510140,0,0,0,6,0,[0|0]
275100141,,75100,141,2,0,[0|0],7510141,0,0,0,6,0,[0|0]
275100142,,75100,142,2,0,[0|0],7510142,0,0,0,6,0,[0|0]
275100143,,75100,143,2,0,[0|0],7510143,0,0,0,6,0,[0|0]
275100145,,75100,145,2,0,[0|0],7510145,0,0,0,6,0,[0|0]
275100146,,75100,146,2,0,[0|0],7510146,0,0,0,6,0,[0|0]
275100150,,75100,150,2,0,[0|0],7510150,0,0,0,6,0,[0|0]
275100151,,75100,151,2,1,[0|0],7510151,0,0,0,6,0,[0|0]
275100152,,75100,152,2,1,[0|0],7510152,0,0,0,6,0,[0|0]
275100153,,75100,153,2,1,[0|0],7510153,0,0,0,6,0,[0|0]
275100154,,75100,154,2,1,[0|0],7510154,0,0,0,6,0,[0|0]
275100155,,75100,155,2,1,[0|0],7510155,0,0,0,6,0,[0|0]
275100160,,75100,160,2,0,[0|0],7510160,0,0,0,6,0,[0|0]
275100161,,75100,161,2,0,[0|0],7510161,0,0,0,6,0,[0|0]
275100162,,75100,162,2,1,[0|0],7510162,0,0,0,6,0,[0|0]
275100163,,75100,163,2,1,[0|0],7510163,0,0,0,6,0,[0|0]
275100164,,75100,164,2,1,[0|0],7510164,0,0,0,6,0,[0|0]
275100165,,75100,165,2,1,[0|0],7510165,0,0,0,6,0,[0|0]
275100166,,75100,166,2,1,[0|0],7510166,0,0,0,6,0,[0|0]
275100167,,75100,167,2,0,[0|0],7510167,0,0,0,6,0,[0|0]
275100168,,75100,168,2,1,[0|0],7510168,0,0,0,6,0,[0|0]
275100169,,75100,169,2,1,[0|0],7510169,0,0,0,6,0,[0|0]
275100170,,75100,170,2,1,[0|0],7510170,0,0,0,6,0,[0|0]
275100171,,75100,171,2,1,[0|0],7510171,0,0,0,6,0,[0|0]
275100172,,75100,172,2,1,[0|0],7510172,0,0,0,6,0,[0|0]
275100180,,75100,180,2,1,[0|0],7510180,0,0,0,6,0,[0|0]
275100190,,75100,190,2,0,[0|0],7510190,0,0,0,6,0,[0|0]
275100191,,75100,191,2,0,[0|0],7510191,0,0,0,6,0,[0|0]
275100192,,75100,192,2,0,[0|0],7510192,0,0,0,6,0,[0|0]
275100193,,75100,193,2,1,[0|0],7510193,0,0,0,6,0,[0|0]
275100194,,75100,194,2,1,[0|0],7510194,0,0,0,6,0,[0|0]
275100195,,75100,195,2,1,[0|0],7510195,0,0,0,6,0,[0|0]
275100196,,75100,196,2,1,[0|0],7510196,0,0,0,6,0,[0|0]
275100197,,75100,197,2,1,[0|0],7510197,0,0,0,6,0,[0|0]
275100200,,75100,200,2,0,[0|0],7510200,0,0,0,6,0,[0|0]
275100201,,75100,201,2,1,[0|0],7510201,0,0,0,6,0,[0|0]
275100202,,75100,202,2,1,[0|0],7510202,0,0,0,6,0,[0|0]
275100203,,75100,203,2,1,[0|0],7510203,0,0,0,6,0,[0|0]
275100204,,75100,204,2,1,[0|0],7510204,0,0,0,6,0,[0|0]
275100205,,75100,205,2,1,[0|0],7510205,0,0,0,6,0,[0|0]
275100206,,75100,206,2,1,[0|0],7510206,0,0,0,6,0,[0|0]
275100210,,75100,210,2,0,[0|0],7510210,0,0,0,6,0,[0|0]
275100211,,75100,211,2,0,[0|0],7510211,0,0,0,6,0,[0|0]
275100212,,75100,212,2,0,[0|0],7510212,0,0,0,6,0,[0|0]
275100213,,75100,213,2,0,[0|0],7510213,0,0,0,6,0,[0|0]
275100220,,75100,220,2,0,[0|0],7510220,0,0,0,6,0,[0|0]
275100221,,75100,221,2,0,[0|0],7510221,0,0,0,6,0,[0|0]
275100222,,75100,222,2,0,[0|0],7510222,0,0,0,6,0,[0|0]
275100223,,75100,223,2,0,[0|0],7510223,0,0,0,6,0,[0|0]
275100224,,75100,224,2,0,[0|0],7510224,0,0,0,6,0,[0|0]
275100225,,75100,225,2,1,[0|0],7510225,0,0,0,6,0,[0|0]
275100230,,75100,230,2,0,[0|0],7510230,0,0,0,6,0,[0|0]
275100240,,75100,240,2,0,[0|0],7510240,0,0,0,6,0,[0|0]
275100250,,75100,250,2,0,[0|0],7510250,0,0,0,6,0,[0|0]
275100260,,75100,260,2,0,[0|0],7510260,0,0,0,6,0,[0|0]
275100270,,75100,270,2,0,[0|0],7510270,0,0,0,6,0,[0|0]
275100271,,75100,271,2,0,[0|0],7510271,0,0,0,6,0,[0|0]
275100280,,75100,280,2,0,[0|0],7510280,0,0,0,6,0,[0|0]
275100281,,75100,281,2,0,[0|0],7510281,0,0,0,6,0,[0|0]
275100300,,75100,300,2,0,[0|0],7510300,0,0,0,6,0,[0|0]
275100301,,75100,301,2,1,[0|0],7510301,0,0,0,6,0,[0|0]
275100310,,75100,310,2,0,[0|0],7510310,0,0,0,6,0,[0|0]
275100311,,75100,311,2,0,[0|0],7510311,0,0,0,6,0,[0|0]
275100320,,75100,320,2,0,[0|0],7510320,0,0,0,6,0,[0|0]
275100321,,75100,321,2,1,[0|0],7510321,0,0,0,6,0,[0|0]
275100322,,75100,322,2,0,[0|0],7510322,0,0,0,6,0,[0|0]
275100323,,75100,323,2,1,[0|0],7510323,0,0,0,6,0,[0|0]
275100330,,75100,330,2,0,[0|0],7510330,0,0,0,6,0,[0|0]
275100331,,75100,331,2,1,[0|0],7510331,0,0,0,6,0,[0|0]
275100332,,75100,332,2,1,[0|0],7510332,0,0,0,6,0,[0|0]
275100340,,75100,340,2,0,[0|0],7510340,0,0,0,6,0,[0|0]
275100341,,75100,341,2,0,[0|0],7510341,0,0,0,6,0,[0|0]
275100342,,75100,342,2,0,[0|0],7510342,0,0,0,6,0,[0|0]
275100343,,75100,343,2,0,[0|0],7510343,0,0,0,6,0,[0|0]
275100344,,75100,344,2,1,[0|0],7510344,0,0,0,6,0,[0|0]
275100345,,75100,345,2,0,[0|0],7510345,0,0,0,6,0,[0|0]
275100346,,75100,346,2,0,[0|0],7510346,0,0,0,6,0,[0|0]
275100350,,75100,350,2,0,[0|0],7510350,0,0,0,6,0,[0|0]
275100351,,75100,351,2,1,[0|0],7510351,0,0,0,6,0,[0|0]
275100352,,75100,352,2,1,[0|0],7510352,0,0,0,6,0,[0|0]
275100353,,75100,353,2,1,[0|0],7510353,0,0,0,6,0,[0|0]
275100354,,75100,354,2,1,[0|0],7510354,0,0,0,6,0,[0|0]
275100355,,75100,355,2,1,[0|0],7510355,0,0,0,6,0,[0|0]
275100356,,75100,356,2,1,[0|0],7510356,0,0,0,6,0,[0|0]
275100360,,75100,360,2,0,[0|0],7510360,0,0,0,6,0,[0|0]
275100361,,75100,361,2,0,[0|0],7510361,0,0,0,6,0,[0|0]
275100362,,75100,362,2,1,[0|0],7510362,0,0,0,6,0,[0|0]
275100363,,75100,363,2,1,[0|0],7510363,0,0,0,6,0,[0|0]
275100364,,75100,364,2,1,[0|0],7510364,0,0,0,6,0,[0|0]
275100365,,75100,365,2,1,[0|0],7510365,0,0,0,6,0,[0|0]
275100366,,75100,366,2,1,[0|0],7510366,0,0,0,6,0,[0|0]
275100367,,75100,367,2,1,[0|0],7510367,0,0,0,6,0,[0|0]
275100368,,75100,368,2,0,[0|0],7510368,0,0,0,6,0,[0|0]
275100369,,75100,369,2,1,[0|0],7510369,0,0,0,6,0,[0|0]
275100370,,75100,370,2,1,[0|0],7510370,0,0,0,6,0,[0|0]
275100371,,75100,371,2,1,[0|0],7510371,0,0,0,6,0,[0|0]
275100372,,75100,372,2,1,[0|0],7510372,0,0,0,6,0,[0|0]
275100373,,75100,373,2,1,[0|0],7510373,0,0,0,6,0,[0|0]
275100374,,75100,374,2,1,[0|0],7510374,0,0,0,6,0,[0|0]
275100380,,75100,380,2,0,[0|0],7510380,0,0,0,6,0,[0|0]
275100381,,75100,381,2,0,[0|0],7510381,0,0,0,6,0,[0|0]
275100382,,75100,382,2,0,[0|0],7510382,0,0,0,6,0,[0|0]
275100383,,75100,383,2,1,[0|0],7510383,0,0,0,6,0,[0|0]
275100384,,75100,384,2,0,[0|0],7510384,0,0,0,6,0,[0|0]
275100390,,75100,390,2,0,[0|0],7510390,0,0,0,6,0,[0|0]
275100391,,75100,391,2,0,[0|0],7510391,0,0,0,6,0,[0|0]
275100392,,75100,392,2,0,[0|0],7510392,0,0,0,6,0,[0|0]
275100393,,75100,393,2,0,[0|0],7510393,0,0,0,6,0,[0|0]
275100394,,75100,394,2,0,[0|0],7510394,0,0,0,6,0,[0|0]
275100395,,75100,395,2,1,[0|0],7510395,0,0,0,6,0,[0|0]
275100400,,75100,400,2,0,[0|0],7510400,0,0,0,6,0,[0|0]
275100410,,75100,410,2,0,[0|0],7510410,0,0,0,6,0,[0|0]
275100500,,75100,500,2,0,[0|0],7510500,0,0,0,6,0,[0|0]
275100501,,75100,501,2,1,[0|0],7510501,0,0,0,6,0,[0|0]
275100510,,75100,510,2,0,[0|0],7510510,0,0,0,6,0,[0|0]
275100511,,75100,511,2,1,[0|0],7510511,0,0,0,6,0,[0|0]
275100512,,75100,512,2,0,[0|0],7510512,0,0,0,6,0,[0|0]
275100513,,75100,513,2,1,[0|0],7510513,0,0,0,6,0,[0|0]
275100520,,75100,520,2,0,[0|0],7510520,0,0,0,6,0,[0|0]
275100521,,75100,521,2,1,[0|0],7510521,0,0,0,6,0,[0|0]
275100522,,75100,522,2,0,[0|0],7510522,0,0,0,6,0,[0|0]
275100523,,75100,523,2,1,[0|0],7510523,0,0,0,6,0,[0|0]
275100530,,75100,530,2,0,[0|0],7510530,0,0,0,6,0,[0|0]
275100531,,75100,531,2,1,[0|0],7510531,0,0,0,6,0,[0|0]
275100532,,75100,532,2,1,[0|0],7510532,0,0,0,6,0,[0|0]
275100540,,75100,540,2,0,[0|0],7510540,0,0,0,6,0,[0|0]
275100541,,75100,541,2,0,[0|0],7510541,0,0,0,6,0,[0|0]
275100542,,75100,542,2,0,[0|0],7510542,0,0,0,6,0,[0|0]
275100543,,75100,543,2,0,[0|0],7510543,0,0,0,6,0,[0|0]
275100544,,75100,544,2,1,[0|0],7510544,0,0,0,6,0,[0|0]
275100545,,75100,545,2,0,[0|0],7510545,0,0,0,6,0,[0|0]
275100546,,75100,546,2,0,[0|0],7510546,0,0,0,6,0,[0|0]
275100550,,75100,550,2,0,[0|0],7510550,0,0,0,6,0,[0|0]
275100551,,75100,551,2,1,[0|0],7510551,0,0,0,6,0,[0|0]
275100552,,75100,552,2,1,[0|0],7510552,0,0,0,6,0,[0|0]
275100553,,75100,553,2,1,[0|0],7510553,0,0,0,6,0,[0|0]
275100554,,75100,554,2,1,[0|0],7510554,0,0,0,6,0,[0|0]
275100555,,75100,555,2,1,[0|0],7510555,0,0,0,6,0,[0|0]
275100556,,75100,556,2,1,[0|0],7510556,0,0,0,6,0,[0|0]
275100560,,75100,560,2,0,[0|0],7510560,0,0,0,6,0,[0|0]
275100561,,75100,561,2,0,[0|0],7510561,0,0,0,6,0,[0|0]
275100562,,75100,562,2,1,[0|0],7510562,0,0,0,6,0,[0|0]
275100563,,75100,563,2,1,[0|0],7510563,0,0,0,6,0,[0|0]
275100564,,75100,564,2,1,[0|0],7510564,0,0,0,6,0,[0|0]
275100565,,75100,565,2,1,[0|0],7510565,0,0,0,6,0,[0|0]
275100566,,75100,566,2,1,[0|0],7510566,0,0,0,6,0,[0|0]
275100567,,75100,567,2,1,[0|0],7510567,0,0,0,6,0,[0|0]
275100568,,75100,568,2,0,[0|0],7510568,0,0,0,6,0,[0|0]
275100569,,75100,569,2,1,[0|0],7510569,0,0,0,6,0,[0|0]
275100570,,75100,570,2,1,[0|0],7510570,0,0,0,6,0,[0|0]
275100571,,75100,571,2,1,[0|0],7510571,0,0,0,6,0,[0|0]
275100572,,75100,572,2,1,[0|0],7510572,0,0,0,6,0,[0|0]
275100573,,75100,573,2,1,[0|0],7510573,0,0,0,6,0,[0|0]
275100574,,75100,574,2,1,[0|0],7510574,0,0,0,6,0,[0|0]
275100580,,75100,580,2,0,[0|0],7510580,0,0,0,6,0,[0|0]
275100581,,75100,581,2,0,[0|0],7510581,0,0,0,6,0,[0|0]
275100582,,75100,582,2,0,[0|0],7510582,0,0,0,6,0,[0|0]
275100583,,75100,583,2,1,[0|0],7510583,0,0,0,6,0,[0|0]
275100584,,75100,584,2,0,[0|0],7510584,0,0,0,6,0,[0|0]
275100590,,75100,590,2,0,[0|0],7510590,0,0,0,6,0,[0|0]
275100591,,75100,591,2,0,[0|0],7510591,0,0,0,6,0,[0|0]
275100592,,75100,592,2,0,[0|0],7510592,0,0,0,6,0,[0|0]
275100593,,75100,593,2,0,[0|0],7510593,0,0,0,6,0,[0|0]
275100594,,75100,594,2,0,[0|0],7510594,0,0,0,6,0,[0|0]
275100600,,75100,600,2,0,[0|0],7510600,0,0,0,6,0,[0|0]
275100601,,75100,601,2,1,[0|0],7510601,0,0,0,6,0,[0|0]
275100610,,75100,610,2,0,[0|0],7510610,0,0,0,6,0,[0|0]
275100620,,75100,620,2,1,[0|0],7510620,0,0,0,6,0,[0|0]
275100650,,75100,650,2,0,[0|0],7510650,0,0,0,6,0,[0|0]
275100651,,75100,651,2,0,[0|0],7510651,0,0,0,6,0,[0|0]
275100660,,75100,660,2,0,[0|0],7510660,0,0,0,6,0,[0|0]
275100661,,75100,661,2,0,[0|0],7510661,0,0,0,6,0,[0|0]
275100700,,75100,700,2,0,[0|0],7510700,0,0,0,6,0,[0|0]
275100701,,75100,701,2,0,[0|0],7510701,0,0,0,6,0,[0|0]
275100702,,75100,702,2,0,[0|0],7510702,0,0,0,6,0,[0|0]
275100703,,75100,703,2,0,[0|0],7510703,0,0,0,6,0,[0|0]
275100705,,75100,705,2,1,[0|0],7510705,0,0,0,6,0,[0|0]
275100706,,75100,706,2,1,[0|0],7510706,0,0,0,6,0,[0|0]
275100710,,75100,710,2,0,[0|0],7510710,0,0,0,6,0,[0|0]
275100711,,75100,711,2,0,[0|0],7510711,0,0,0,6,0,[0|0]
275100715,,75100,715,2,1,[0|0],7510715,0,0,0,6,0,[0|0]
275100716,,75100,716,2,1,[0|0],7510716,0,0,0,6,0,[0|0]
275100717,,75100,717,2,1,[0|0],7510717,0,0,0,6,0,[0|0]
275100718,,75100,718,2,1,[0|0],7510718,0,0,0,6,0,[0|0]
275100725,,75100,725,2,1,[0|0],7510725,0,0,0,6,0,[0|0]
275100726,,75100,726,2,1,[0|0],7510726,0,0,0,6,0,[0|0]
275100727,,75100,727,2,1,[0|0],7510727,0,0,0,6,0,[0|0]
275100728,,75100,728,2,1,[0|0],7510728,0,0,0,6,0,[0|0]
275100730,,75100,730,2,1,[0|0],7510730,0,0,0,6,0,[0|0]
275100731,,75100,731,2,1,[0|0],7510731,0,0,0,6,0,[0|0]
275100732,,75100,732,2,1,[0|0],7510732,0,0,0,6,0,[0|0]
275100733,,75100,733,2,1,[0|0],7510733,0,0,0,6,0,[0|0]
275100740,,75100,740,2,1,[0|0],7510740,0,0,0,6,0,[0|0]
275100741,,75100,741,2,1,[0|0],7510741,0,0,0,6,0,[0|0]
275100900,,75100,900,2,0,[0|0],7510900,0,0,0,6,0,[0|0]
275100910,,75100,910,2,0,[0|0],7510910,0,0,0,6,0,[0|0]
275100920,,75100,920,2,1,[0|0],7510920,0,0,0,6,0,[0|0]
275100921,,75100,921,2,1,[0|0],7510921,0,0,0,6,0,[0|0]
275100930,,75100,930,2,1,[0|0],7510930,0,0,0,6,0,[0|0]
275100931,,75100,931,2,1,[0|0],7510931,0,0,0,6,0,[0|0]
275100940,,75100,940,2,1,[0|0],7510940,0,0,0,6,0,[0|0]
275100941,,75100,941,2,1,[0|0],7510941,0,0,0,6,0,[0|0]
275100942,,75100,942,2,1,[0|0],7510942,0,0,0,6,0,[0|0]
275100950,,75100,950,2,1,[0|0],7510950,0,0,0,6,0,[0|0]
275100970,,75100,970,2,1,[0|0],7510970,0,0,0,6,0,[0|0]
275200100,,75200,100,2,1,[0|0],7520100,0,0,0,6,0,[0|0]
275200101,,75200,101,2,1,[0|0],7520101,0,0,0,6,0,[0|0]
275200102,,75200,102,2,1,[0|0],7520102,0,0,0,6,0,[0|0]
275200103,,75200,103,2,1,[0|0],7520103,0,0,0,6,0,[0|0]
275200104,,75200,104,2,1,[0|0],7520104,0,0,0,6,0,[0|0]
275200105,,75200,105,2,1,[0|0],7520105,0,0,0,6,0,[0|0]
275200106,,75200,106,2,1,[0|0],7520106,0,0,0,6,0,[0|0]
275200107,,75200,107,2,1,[0|0],7520107,0,0,0,6,0,[0|0]
275200108,,75200,108,2,1,[0|0],7520108,0,0,0,6,0,[0|0]
275200110,,75200,110,2,1,[0|0],7520110,0,0,0,6,0,[0|0]
275200111,,75200,111,2,1,[0|0],7520111,0,0,0,6,0,[0|0]
275200112,,75200,112,2,1,[0|0],7520112,0,0,0,6,0,[0|0]
275200113,,75200,113,2,1,[0|0],7520113,0,0,0,6,0,[0|0]
275200114,,75200,114,2,1,[0|0],7520114,0,0,0,6,0,[0|0]
275200115,,75200,115,2,1,[0|0],7520115,0,0,0,6,0,[0|0]
275200116,,75200,116,2,1,[0|0],7520116,0,0,0,6,0,[0|0]
275200117,,75200,117,2,1,[0|0],7520117,0,0,0,6,0,[0|0]
275200118,,75200,118,2,1,[0|0],7520118,0,0,0,6,0,[0|0]
275200120,,75200,120,2,0,[0|0],7520120,0,0,0,6,0,[0|0]
275200130,,75200,130,2,1,[0|0],7520130,0,0,0,6,0,[0|0]
275200135,,75200,135,2,1,[0|0],7520135,0,0,0,6,0,[0|0]
275200136,,75200,136,2,1,[0|0],7520136,0,0,0,6,0,[0|0]
275200137,,75200,137,2,1,[0|0],7520137,0,0,0,6,0,[0|0]
275200138,,75200,138,2,1,[0|0],7520138,0,0,0,6,0,[0|0]
275200140,,75200,140,2,1,[0|0],7520140,0,0,0,6,0,[0|0]
275200141,,75200,141,2,1,[0|0],7520141,0,0,0,6,0,[0|0]
275200142,,75200,142,2,1,[0|0],7520142,0,0,0,6,0,[0|0]
275200143,,75200,143,2,1,[0|0],7520143,0,0,0,6,0,[0|0]
275200150,,75200,150,2,1,[0|0],7520150,0,0,0,6,0,[0|0]
275200151,,75200,151,2,1,[0|0],7520151,0,0,0,6,0,[0|0]
275200152,,75200,152,2,1,[0|0],7520152,0,0,0,6,0,[0|0]
275200153,,75200,153,2,1,[0|0],7520153,0,0,0,6,0,[0|0]
275200154,,75200,154,2,1,[0|0],7520154,0,0,0,6,0,[0|0]
275200155,,75200,155,2,1,[0|0],7520155,0,0,0,6,0,[0|0]
275200156,,75200,156,2,1,[0|0],7520156,0,0,0,6,0,[0|0]
275200157,,75200,157,2,1,[0|0],7520157,0,0,0,6,0,[0|0]
275200158,,75200,158,2,1,[0|0],7520158,0,0,0,6,0,[0|0]
275200160,,75200,160,2,1,[0|0],7520160,0,0,0,6,0,[0|0]
275200165,,75200,165,2,1,[0|0],7520165,0,0,0,6,0,[0|0]
275200166,,75200,166,2,1,[0|0],7520166,0,0,0,6,0,[0|0]
275200167,,75200,167,2,1,[0|0],7520167,0,0,0,6,0,[0|0]
275200168,,75200,168,2,1,[0|0],7520168,0,0,0,6,0,[0|0]
275200170,,75200,170,2,0,[0|0],7520170,0,0,0,6,0,[0|0]
275200171,,75200,171,2,0,[0|0],7520171,0,0,0,6,0,[0|0]
275200200,,75200,200,2,1,[0|0],7520200,0,0,0,6,0,[0|0]
275200201,,75200,201,2,1,[0|0],7520201,0,0,0,6,0,[0|0]
275200202,,75200,202,2,1,[0|0],7520202,0,0,0,6,0,[0|0]
275200203,,75200,203,2,1,[0|0],7520203,0,0,0,6,0,[0|0]
275200210,,75200,210,2,1,[0|0],7520210,0,0,0,6,0,[0|0]
275200211,,75200,211,2,1,[0|0],7520211,0,0,0,6,0,[0|0]
275200212,,75200,212,2,1,[0|0],7520212,0,0,0,6,0,[0|0]
275200213,,75200,213,2,1,[0|0],7520213,0,0,0,6,0,[0|0]
275200214,,75200,214,2,1,[0|0],7520214,0,0,0,6,0,[0|0]
275200215,,75200,215,2,1,[0|0],7520215,0,0,0,6,0,[0|0]
275200220,,75200,220,2,1,[0|0],7520220,0,0,0,6,0,[0|0]
275200221,,75200,221,2,1,[0|0],7520221,0,0,0,6,0,[0|0]
275200222,,75200,222,2,1,[0|0],7520222,0,0,0,6,0,[0|0]
275200223,,75200,223,2,1,[0|0],7520223,0,0,0,6,0,[0|0]
275200224,,75200,224,2,1,[0|0],7520224,0,0,0,6,0,[0|0]
275200225,,75200,225,2,1,[0|0],7520225,0,0,0,6,0,[0|0]
275200230,,75200,230,2,1,[0|0],7520230,0,0,0,6,0,[0|0]
275200231,,75200,231,2,1,[0|0],7520231,0,0,0,6,0,[0|0]
275200232,,75200,232,2,1,[0|0],7520232,0,0,0,6,0,[0|0]
275200233,,75200,233,2,1,[0|0],7520233,0,0,0,6,0,[0|0]
275200234,,75200,234,2,1,[0|0],7520234,0,0,0,6,0,[0|0]
275200235,,75200,235,2,1,[0|0],7520235,0,0,0,6,0,[0|0]
275200240,,75200,240,2,1,[0|0],7520240,0,0,0,6,0,[0|0]
275200241,,75200,241,2,1,[0|0],7520241,0,0,0,6,0,[0|0]
275200242,,75200,242,2,1,[0|0],7520242,0,0,0,6,0,[0|0]
275200243,,75200,243,2,1,[0|0],7520243,0,0,0,6,0,[0|0]
275200244,,75200,244,2,1,[0|0],7520244,0,0,0,6,0,[0|0]
275200245,,75200,245,2,1,[0|0],7520245,0,0,0,6,0,[0|0]
275200250,,75200,250,2,1,[0|0],7520250,0,0,0,6,0,[0|0]
275200251,,75200,251,2,1,[0|0],7520251,0,0,0,6,0,[0|0]
275200252,,75200,252,2,1,[0|0],7520252,0,0,0,6,0,[0|0]
275200255,,75200,255,2,1,[0|0],7520255,0,0,0,6,0,[0|0]
275200256,,75200,256,2,1,[0|0],7520256,0,0,0,6,0,[0|0]
275200257,,75200,257,2,1,[0|0],7520257,0,0,0,6,0,[0|0]
275200260,,75200,260,2,1,[0|0],7520260,0,0,0,6,0,[0|0]
275200261,,75200,261,2,1,[0|0],7520261,0,0,0,6,0,[0|0]
275200262,,75200,262,2,1,[0|0],7520262,0,0,0,6,0,[0|0]
275200265,,75200,265,2,1,[0|0],7520265,0,0,0,6,0,[0|0]
275200266,,75200,266,2,1,[0|0],7520266,0,0,0,6,0,[0|0]
275200267,,75200,267,2,1,[0|0],7520267,0,0,0,6,0,[0|0]
275200270,,75200,270,2,1,[0|0],7520270,0,0,0,6,0,[0|0]
275200271,,75200,271,2,1,[0|0],7520271,0,0,0,6,0,[0|0]
275200272,,75200,272,2,1,[0|0],7520272,0,0,0,6,0,[0|0]
275200275,,75200,275,2,1,[0|0],7520275,0,0,0,6,0,[0|0]
275200276,,75200,276,2,1,[0|0],7520276,0,0,0,6,0,[0|0]
275200277,,75200,277,2,1,[0|0],7520277,0,0,0,6,0,[0|0]
275200280,,75200,280,2,1,[0|0],7520280,0,0,0,6,0,[0|0]
275200281,,75200,281,2,1,[0|0],7520281,0,0,0,6,0,[0|0]
275200282,,75200,282,2,1,[0|0],7520282,0,0,0,6,0,[0|0]
275200283,,75200,283,2,1,[0|0],7520283,0,0,0,6,0,[0|0]
275200284,,75200,284,2,1,[0|0],7520284,0,0,0,6,0,[0|0]
275200290,,75200,290,2,1,[0|0],7520290,0,0,0,6,0,[0|0]
275200295,,75200,295,2,1,[0|0],7520295,0,0,0,6,0,[0|0]
275200296,,75200,296,2,1,[0|0],7520296,0,0,0,6,0,[0|0]
275200297,,75200,297,2,1,[0|0],7520297,0,0,0,6,0,[0|0]
275200300,,75200,300,2,1,[0|0],7520300,0,0,0,6,0,[0|0]
275200301,,75200,301,2,1,[0|0],7520301,0,0,0,6,0,[0|0]
275200302,,75200,302,2,1,[0|0],7520302,0,0,0,6,0,[0|0]
275200303,,75200,303,2,1,[0|0],7520303,0,0,0,6,0,[0|0]
275200310,,75200,310,2,1,[0|0],7520310,0,0,0,6,0,[0|0]
275200311,,75200,311,2,1,[0|0],7520311,0,0,0,6,0,[0|0]
275200312,,75200,312,2,1,[0|0],7520312,0,0,0,6,0,[0|0]
275200313,,75200,313,2,1,[0|0],7520313,0,0,0,6,0,[0|0]
275200320,,75200,320,2,1,[0|0],7520320,0,0,0,6,0,[0|0]
275200321,,75200,321,2,1,[0|0],7520321,0,0,0,6,0,[0|0]
275200322,,75200,322,2,1,[0|0],7520322,0,0,0,6,0,[0|0]
275200323,,75200,323,2,1,[0|0],7520323,0,0,0,6,0,[0|0]
275200400,,75200,400,2,1,[0|0],7520400,0,0,0,6,0,[0|0]
275200401,,75200,401,2,1,[0|0],7520401,0,0,0,6,0,[0|0]
275200402,,75200,402,2,1,[0|0],7520402,0,0,0,6,0,[0|0]
275200403,,75200,403,2,1,[0|0],7520403,0,0,0,6,0,[0|0]
275200404,,75200,404,2,1,[0|0],7520404,0,0,0,6,0,[0|0]
275200405,,75200,405,2,1,[0|0],7520405,0,0,0,6,0,[0|0]
275200406,,75200,406,2,1,[0|0],7520406,0,0,0,6,0,[0|0]
275200407,,75200,407,2,1,[0|0],7520407,0,0,0,6,0,[0|0]
275200410,,75200,410,2,1,[0|0],7520410,0,0,0,6,0,[0|0]
275200500,,75200,500,2,1,[0|0],7520500,0,0,0,6,0,[0|0]
275200501,,75200,501,2,1,[0|0],7520501,0,0,0,6,0,[0|0]
275200502,,75200,502,2,1,[0|0],7520502,0,0,0,6,0,[0|0]
275200503,,75200,503,2,1,[0|0],7520503,0,0,0,6,0,[0|0]
275200504,,75200,504,2,1,[0|0],7520504,0,0,0,6,0,[0|0]
275200505,,75200,505,2,1,[0|0],7520505,0,0,0,6,0,[0|0]
275200506,,75200,506,2,1,[0|0],7520506,0,0,0,6,0,[0|0]
275200507,,75200,507,2,1,[0|0],7520507,0,0,0,6,0,[0|0]
275200508,,75200,508,2,1,[0|0],7520508,0,0,0,6,0,[0|0]
275200510,,75200,510,2,1,[0|0],7520510,0,0,0,6,0,[0|0]
275200511,,75200,511,2,1,[0|0],7520511,0,0,0,6,0,[0|0]
275200512,,75200,512,2,1,[0|0],7520512,0,0,0,6,0,[0|0]
275200513,,75200,513,2,1,[0|0],7520513,0,0,0,6,0,[0|0]
275200514,,75200,514,2,1,[0|0],7520514,0,0,0,6,0,[0|0]
275200515,,75200,515,2,1,[0|0],7520515,0,0,0,6,0,[0|0]
275200516,,75200,516,2,1,[0|0],7520516,0,0,0,6,0,[0|0]
275200517,,75200,517,2,1,[0|0],7520517,0,0,0,6,0,[0|0]
275200518,,75200,518,2,1,[0|0],7520518,0,0,0,6,0,[0|0]
275200530,,75200,530,2,1,[0|0],7520530,0,0,0,6,0,[0|0]
275200535,,75200,535,2,1,[0|0],7520535,0,0,0,6,0,[0|0]
275200536,,75200,536,2,1,[0|0],7520536,0,0,0,6,0,[0|0]
275200537,,75200,537,2,1,[0|0],7520537,0,0,0,6,0,[0|0]
275200538,,75200,538,2,1,[0|0],7520538,0,0,0,6,0,[0|0]
275200560,,75200,560,2,1,[0|0],7520560,0,0,0,6,0,[0|0]
275200565,,75200,565,2,1,[0|0],7520565,0,0,0,6,0,[0|0]
275200566,,75200,566,2,1,[0|0],7520566,0,0,0,6,0,[0|0]
275200567,,75200,567,2,1,[0|0],7520567,0,0,0,6,0,[0|0]
275200568,,75200,568,2,1,[0|0],7520568,0,0,0,6,0,[0|0]
275200570,,75200,570,2,1,[0|0],7520570,0,0,0,6,0,[0|0]
275200571,,75200,571,2,1,[0|0],7520571,0,0,0,6,0,[0|0]
275200572,,75200,572,2,1,[0|0],7520572,0,0,0,6,0,[0|0]
275200573,,75200,573,2,1,[0|0],7520573,0,0,0,6,0,[0|0]
275200574,,75200,574,2,1,[0|0],7520574,0,0,0,6,0,[0|0]
275200575,,75200,575,2,1,[0|0],7520575,0,0,0,6,0,[0|0]
275200576,,75200,576,2,1,[0|0],7520576,0,0,0,6,0,[0|0]
275200577,,75200,577,2,1,[0|0],7520577,0,0,0,6,0,[0|0]
275200578,,75200,578,2,1,[0|0],7520578,0,0,0,6,0,[0|0]
275200580,,75200,580,2,1,[0|0],7520580,0,0,0,6,0,[0|0]
275200581,,75200,581,2,1,[0|0],7520581,0,0,0,6,0,[0|0]
275200582,,75200,582,2,1,[0|0],7520582,0,0,0,6,0,[0|0]
275200583,,75200,583,2,1,[0|0],7520583,0,0,0,6,0,[0|0]
275200584,,75200,584,2,1,[0|0],7520584,0,0,0,6,0,[0|0]
275200585,,75200,585,2,1,[0|0],7520585,0,0,0,6,0,[0|0]
275200586,,75200,586,2,1,[0|0],7520586,0,0,0,6,0,[0|0]
275200587,,75200,587,2,1,[0|0],7520587,0,0,0,6,0,[0|0]
275200588,,75200,588,2,1,[0|0],7520588,0,0,0,6,0,[0|0]
275200600,,75200,600,2,1,[0|0],7520600,0,0,0,6,0,[0|0]
275200601,,75200,601,2,1,[0|0],7520601,0,0,0,6,0,[0|0]
275200602,,75200,602,2,1,[0|0],7520602,0,0,0,6,0,[0|0]
275200603,,75200,603,2,1,[0|0],7520603,0,0,0,6,0,[0|0]
275200610,,75200,610,2,1,[0|0],7520610,0,0,0,6,0,[0|0]
275200611,,75200,611,2,1,[0|0],7520611,0,0,0,6,0,[0|0]
275200612,,75200,612,2,1,[0|0],7520612,0,0,0,6,0,[0|0]
275200613,,75200,613,2,1,[0|0],7520613,0,0,0,6,0,[0|0]
275200615,,75200,615,2,1,[0|0],7520615,0,0,0,6,0,[0|0]
275200616,,75200,616,2,1,[0|0],7520616,0,0,0,6,0,[0|0]
275200617,,75200,617,2,1,[0|0],7520617,0,0,0,6,0,[0|0]
275200618,,75200,618,2,1,[0|0],7520618,0,0,0,6,0,[0|0]
275200620,,75200,620,2,1,[0|0],7520620,0,0,0,6,0,[0|0]
275200621,,75200,621,2,1,[0|0],7520621,0,0,0,6,0,[0|0]
275200622,,75200,622,2,1,[0|0],7520622,0,0,0,6,0,[0|0]
275200623,,75200,623,2,1,[0|0],7520623,0,0,0,6,0,[0|0]
275200624,,75200,624,2,1,[0|0],7520624,0,0,0,6,0,[0|0]
275200625,,75200,625,2,1,[0|0],7520625,0,0,0,6,0,[0|0]
275200626,,75200,626,2,1,[0|0],7520626,0,0,0,6,0,[0|0]
275200627,,75200,627,2,1,[0|0],7520627,0,0,0,6,0,[0|0]
275200630,,75200,630,2,1,[0|0],7520630,0,0,0,6,0,[0|0]
275200631,,75200,631,2,1,[0|0],7520631,0,0,0,6,0,[0|0]
275200632,,75200,632,2,1,[0|0],7520632,0,0,0,6,0,[0|0]
275200633,,75200,633,2,1,[0|0],7520633,0,0,0,6,0,[0|0]
275200634,,75200,634,2,1,[0|0],7520634,0,0,0,6,0,[0|0]
275200635,,75200,635,2,1,[0|0],7520635,0,0,0,6,0,[0|0]
275200636,,75200,636,2,1,[0|0],7520636,0,0,0,6,0,[0|0]
275200637,,75200,637,2,1,[0|0],7520637,0,0,0,6,0,[0|0]
275200640,,75200,640,2,1,[0|0],7520640,0,0,0,6,0,[0|0]
275200641,,75200,641,2,1,[0|0],7520641,0,0,0,6,0,[0|0]
275200642,,75200,642,2,1,[0|0],7520642,0,0,0,6,0,[0|0]
275200643,,75200,643,2,1,[0|0],7520643,0,0,0,6,0,[0|0]
275200900,,75200,900,2,0,[0|0],7520900,0,0,0,6,0,[0|0]
275200910,,75200,910,2,1,[0|0],7520910,0,0,0,6,0,[0|0]
275200920,,75200,920,2,1,[0|0],7520920,0,0,0,6,0,[0|0]
275200930,,75200,930,2,1,[0|0],7520930,0,0,0,6,0,[0|0]
275200931,,75200,931,2,1,[0|0],7520931,0,0,0,6,0,[0|0]
275200940,,75200,940,2,1,[0|0],7520940,0,0,0,6,0,[0|0]
275200950,,75200,950,2,1,[0|0],7520950,0,0,0,6,0,[0|0]
275200960,,75200,960,2,1,[0|0],7520960,0,0,0,6,0,[0|0]
275300100,,75300,100,2,0,[0|0],7530100,0,0,0,6,0,[0|0]
275300101,,75300,101,2,0,[0|0],7530101,0,0,0,6,0,[0|0]
275300110,,75300,110,2,0,[0|0],7530110,0,0,0,6,0,[0|0]
275300115,,75300,115,2,0,[0|0],7530115,0,0,0,6,0,[0|0]
275300120,,75300,120,2,0,[0|0],7530120,0,0,0,6,0,[0|0]
275300125,,75300,125,2,1,[0|0],7530125,0,0,0,6,0,[0|0]
275300126,,75300,126,2,1,[0|0],7530126,0,0,0,6,0,[0|0]
275300127,,75300,127,2,1,[0|0],7530127,0,0,0,6,0,[0|0]
275300130,,75300,130,2,0,[0|0],7530130,0,0,0,6,0,[0|0]
275300135,,75300,135,2,1,[0|0],7530135,0,0,0,6,0,[0|0]
275300136,,75300,136,2,1,[0|0],7530136,0,0,0,6,0,[0|0]
275300140,,75300,140,2,0,[0|0],7530140,0,0,0,6,0,[0|0]
275300141,,75300,141,2,0,[0|0],7530141,0,0,0,6,0,[0|0]
275300142,,75300,142,2,0,[0|0],7530142,0,0,0,6,0,[0|0]
275300143,,75300,143,2,1,[0|0],7530143,0,0,0,6,0,[0|0]
275300144,,75300,144,2,1,[0|0],7530144,0,0,0,6,0,[0|0]
275300145,,75300,145,2,0,[0|0],7530145,0,0,0,6,0,[0|0]
275300146,,75300,146,2,1,[0|0],7530146,0,0,0,6,0,[0|0]
275300147,,75300,147,2,1,[0|0],7530147,0,0,0,6,0,[0|0]
275300148,,75300,148,2,1,[0|0],7530148,0,0,0,6,0,[0|0]
275300150,,75300,150,2,0,[0|0],7530150,0,0,0,6,0,[0|0]
275300151,,75300,151,2,1,[0|0],7530151,0,0,0,6,0,[0|0]
275300152,,75300,152,2,1,[0|0],7530152,0,0,0,6,0,[0|0]
275300155,,75300,155,2,1,[0|0],7530155,0,0,0,6,0,[0|0]
275300156,,75300,156,2,1,[0|0],7530156,0,0,0,6,0,[0|0]
275300157,,75300,157,2,1,[0|0],7530157,0,0,0,6,0,[0|0]
275300160,,75300,160,2,0,[0|0],7530160,0,0,0,6,0,[0|0]
275300161,,75300,161,2,1,[0|0],7530161,0,0,0,6,0,[0|0]
275300162,,75300,162,2,1,[0|0],7530162,0,0,0,6,0,[0|0]
275300165,,75300,165,2,1,[0|0],7530165,0,0,0,6,0,[0|0]
275300166,,75300,166,2,1,[0|0],7530166,0,0,0,6,0,[0|0]
275300167,,75300,167,2,1,[0|0],7530167,0,0,0,6,0,[0|0]
275300170,,75300,170,2,1,[0|0],7530170,0,0,0,6,0,[0|0]
275300171,,75300,171,2,1,[0|0],7530171,0,0,0,6,0,[0|0]
275300180,,75300,180,2,0,[0|0],7530180,0,0,0,6,0,[0|0]
275300181,,75300,181,2,1,[0|0],7530181,0,0,0,6,0,[0|0]
275300182,,75300,182,2,1,[0|0],7530182,0,0,0,6,0,[0|0]
275300185,,75300,185,2,0,[0|0],7530185,0,0,0,6,0,[0|0]
275300186,,75300,186,2,1,[0|0],7530186,0,0,0,6,0,[0|0]
275300187,,75300,187,2,1,[0|0],7530187,0,0,0,6,0,[0|0]
275300190,,75300,190,2,1,[0|0],7530190,0,0,0,6,0,[0|0]
275300191,,75300,191,2,1,[0|0],7530191,0,0,0,6,0,[0|0]
275300192,,75300,192,2,1,[0|0],7530192,0,0,0,6,0,[0|0]
275300195,,75300,195,2,1,[0|0],7530195,0,0,0,6,0,[0|0]
275300196,,75300,196,2,1,[0|0],7530196,0,0,0,6,0,[0|0]
275300197,,75300,197,2,1,[0|0],7530197,0,0,0,6,0,[0|0]
275300200,,75300,200,2,0,[0|0],7530200,0,0,0,6,0,[0|0]
275300205,,75300,205,2,1,[0|0],7530205,0,0,0,6,0,[0|0]
275300206,,75300,206,2,1,[0|0],7530206,0,0,0,6,0,[0|0]
275300210,,75300,210,2,0,[0|0],7530210,0,0,0,6,0,[0|0]
275300215,,75300,215,2,1,[0|0],7530215,0,0,0,6,0,[0|0]
275300216,,75300,216,2,1,[0|0],7530216,0,0,0,6,0,[0|0]
275300300,,75300,300,2,0,[0|0],7530300,0,0,0,6,0,[0|0]
275300310,,75300,310,2,0,[0|0],7530310,0,0,0,6,0,[0|0]
275300315,,75300,315,2,0,[0|0],7530315,0,0,0,6,0,[0|0]
275300320,,75300,320,2,0,[0|0],7530320,0,0,0,6,0,[0|0]
275300325,,75300,325,2,1,[0|0],7530325,0,0,0,6,0,[0|0]
275300326,,75300,326,2,1,[0|0],7530326,0,0,0,6,0,[0|0]
275300327,,75300,327,2,1,[0|0],7530327,0,0,0,6,0,[0|0]
275300330,,75300,330,2,0,[0|0],7530330,0,0,0,6,0,[0|0]
275300335,,75300,335,2,1,[0|0],7530335,0,0,0,6,0,[0|0]
275300336,,75300,336,2,1,[0|0],7530336,0,0,0,6,0,[0|0]
275300340,,75300,340,2,0,[0|0],7530340,0,0,0,6,0,[0|0]
275300341,,75300,341,2,0,[0|0],7530341,0,0,0,6,0,[0|0]
275300342,,75300,342,2,0,[0|0],7530342,0,0,0,6,0,[0|0]
275300343,,75300,343,2,1,[0|0],7530343,0,0,0,6,0,[0|0]
275300344,,75300,344,2,1,[0|0],7530344,0,0,0,6,0,[0|0]
275300345,,75300,345,2,0,[0|0],7530345,0,0,0,6,0,[0|0]
275300346,,75300,346,2,1,[0|0],7530346,0,0,0,6,0,[0|0]
275300347,,75300,347,2,1,[0|0],7530347,0,0,0,6,0,[0|0]
275300348,,75300,348,2,1,[0|0],7530348,0,0,0,6,0,[0|0]
275300350,,75300,350,2,0,[0|0],7530350,0,0,0,6,0,[0|0]
275300351,,75300,351,2,1,[0|0],7530351,0,0,0,6,0,[0|0]
275300352,,75300,352,2,1,[0|0],7530352,0,0,0,6,0,[0|0]
275300355,,75300,355,2,1,[0|0],7530355,0,0,0,6,0,[0|0]
275300356,,75300,356,2,1,[0|0],7530356,0,0,0,6,0,[0|0]
275300357,,75300,357,2,1,[0|0],7530357,0,0,0,6,0,[0|0]
275300360,,75300,360,2,0,[0|0],7530360,0,0,0,6,0,[0|0]
275300361,,75300,361,2,1,[0|0],7530361,0,0,0,6,0,[0|0]
275300362,,75300,362,2,1,[0|0],7530362,0,0,0,6,0,[0|0]
275300365,,75300,365,2,1,[0|0],7530365,0,0,0,6,0,[0|0]
275300366,,75300,366,2,1,[0|0],7530366,0,0,0,6,0,[0|0]
275300367,,75300,367,2,1,[0|0],7530367,0,0,0,6,0,[0|0]
275300370,,75300,370,2,1,[0|0],7530370,0,0,0,6,0,[0|0]
275300371,,75300,371,2,1,[0|0],7530371,0,0,0,6,0,[0|0]
275300380,,75300,380,2,0,[0|0],7530380,0,0,0,6,0,[0|0]
275300381,,75300,381,2,1,[0|0],7530381,0,0,0,6,0,[0|0]
275300382,,75300,382,2,1,[0|0],7530382,0,0,0,6,0,[0|0]
275300385,,75300,385,2,0,[0|0],7530385,0,0,0,6,0,[0|0]
275300386,,75300,386,2,1,[0|0],7530386,0,0,0,6,0,[0|0]
275300387,,75300,387,2,1,[0|0],7530387,0,0,0,6,0,[0|0]
275300390,,75300,390,2,1,[0|0],7530390,0,0,0,6,0,[0|0]
275300391,,75300,391,2,1,[0|0],7530391,0,0,0,6,0,[0|0]
275300392,,75300,392,2,1,[0|0],7530392,0,0,0,6,0,[0|0]
275300500,,75300,500,2,1,[0|0],7530500,0,0,0,6,0,[0|0]
275300501,,75300,501,2,1,[0|0],7530501,0,0,0,6,0,[0|0]
275300502,,75300,502,2,1,[0|0],7530502,0,0,0,6,0,[0|0]
275300503,,75300,503,2,1,[0|0],7530503,0,0,0,6,0,[0|0]
275300504,,75300,504,2,1,[0|0],7530504,0,0,0,6,0,[0|0]
275300520,,75300,520,2,1,[0|0],7530520,0,0,0,6,0,[0|0]
275300530,,75300,530,2,1,[0|0],7530530,0,0,0,6,0,[0|0]
275300600,,75300,600,2,0,[0|0],7530600,0,0,0,6,0,[0|0]
275300610,,75300,610,2,1,[0|0],7530610,0,0,0,6,0,[0|0]
275300611,,75300,611,2,1,[0|0],7530611,0,0,0,6,0,[0|0]
275300620,,75300,620,2,1,[0|0],7530620,0,0,0,6,0,[0|0]
275300621,,75300,621,2,1,[0|0],7530621,0,0,0,6,0,[0|0]
275300622,,75300,622,2,1,[0|0],7530622,0,0,0,6,0,[0|0]
275300625,,75300,625,2,1,[0|0],7530625,0,0,0,6,0,[0|0]
275300626,,75300,626,2,1,[0|0],7530626,0,0,0,6,0,[0|0]
275300627,,75300,627,2,1,[0|0],7530627,0,0,0,6,0,[0|0]
275300628,,75300,628,2,1,[0|0],7530628,0,0,0,6,0,[0|0]
275300629,,75300,629,2,1,[0|0],7530629,0,0,0,6,0,[0|0]
275300900,,75300,900,2,0,[0|0],7530900,0,0,0,6,0,[0|0]
275300905,,75300,905,2,1,[0|0],7530905,0,0,0,6,0,[0|0]
275300910,,75300,910,2,1,[0|0],7530910,0,0,0,6,0,[0|0]
275300920,,75300,920,2,1,[0|0],7530920,0,0,0,6,0,[0|0]
275300930,,75300,930,2,1,[0|0],7530930,0,0,0,6,0,[0|0]
275400100,,75400,100,2,0,[0|0],7540100,0,0,0,6,0,[0|0]
275400105,,75400,105,2,1,[0|0],7540105,0,0,0,6,0,[0|0]
275400106,,75400,106,2,1,[0|0],7540106,0,0,0,6,0,[0|0]
275400110,,75400,110,2,1,[0|0],7540110,0,0,0,6,0,[0|0]
275400140,,75400,140,2,0,[0|0],7540140,0,0,0,6,0,[0|0]
275400145,,75400,145,2,1,[0|0],7540145,0,0,0,6,0,[0|0]
275400146,,75400,146,2,1,[0|0],7540146,0,0,0,6,0,[0|0]
275400190,,75400,190,2,1,[0|0],7540190,0,0,0,6,0,[0|0]
275400270,,75400,270,2,1,[0|0],7540270,0,0,0,6,0,[0|0]
275400275,,75400,275,2,1,[0|0],7540275,0,0,0,6,0,[0|0]
275400290,,75400,290,2,0,[0|0],7540290,0,0,0,6,0,[0|0]
275400400,,75400,400,2,1,[0|0],7540400,0,0,0,6,0,[0|0]
275400700,,75400,700,2,1,[0|0],7540700,0,0,0,6,0,[0|0]
275400800,,75400,800,2,0,[0|0],7540800,0,0,0,6,0,[0|0]
275400830,,75400,830,2,1,[0|0],7540830,0,0,0,6,0,[0|0]
275400835,,75400,835,2,1,[0|0],7540835,0,0,0,6,0,[0|0]
275400840,,75400,840,2,0,[0|0],7540840,0,0,0,6,0,[0|0]
275400845,,75400,845,2,1,[0|0],7540845,0,0,0,6,0,[0|0]
275400850,,75400,850,2,1,[0|0],7540850,0,0,0,6,0,[0|0]
275400860,,75400,860,2,1,[0|0],7540860,0,0,0,6,0,[0|0]
275400900,,75400,900,2,1,[0|0],7540900,0,0,0,6,0,[0|0]
275400910,,75400,910,2,0,[0|0],7540910,0,0,0,6,0,[0|0]
275400915,,75400,915,2,1,[0|0],7540915,0,0,0,6,0,[0|0]
275400920,,75400,920,2,1,[0|0],7540920,0,0,0,6,0,[0|0]
275400980,,75400,980,2,1,[0|0],7540980,0,0,0,6,0,[0|0]
275400990,,75400,990,2,1,[0|0],7540990,0,0,0,6,0,[0|0]
275600100,,75600,100,2,0,[0|0],7560100,0,0,0,6,0,[0|0]
275600102,,75600,102,2,0,[0|0],7560102,0,0,0,6,0,[0|0]
275600110,,75600,110,2,0,[0|0],7560110,0,0,0,6,0,[0|0]
275600111,,75600,111,2,0,[0|0],7560111,0,0,0,6,0,[0|0]
275600112,,75600,112,2,0,[0|0],7560112,0,0,0,6,0,[0|0]
275600113,,75600,113,2,1,[0|0],7560100,0,0,0,6,0,[0|0]
275600120,,75600,120,2,0,[0|0],7560120,0,0,0,6,0,[0|0]
275600130,,75600,130,2,0,[0|0],7560130,0,0,0,6,0,[0|0]
275600131,,75600,131,2,0,[0|0],7560131,0,0,0,6,0,[0|0]
275600132,,75600,132,2,0,[0|0],7560132,0,0,0,6,0,[0|0]
275600133,,75600,133,2,0,[0|0],7560133,0,0,0,6,0,[0|0]
275600134,,75600,134,2,1,[0|0],7560110,0,0,0,6,0,[0|0]
275600140,,75600,140,2,0,[0|0],7560140,0,0,0,6,0,[0|0]
275600150,,75600,150,2,0,[0|0],7560150,0,0,0,6,0,[0|0]
275600151,,75600,151,2,0,[0|0],7560151,0,0,0,6,0,[0|0]
275600152,,75600,152,2,0,[0|0],7560152,0,0,0,6,0,[0|0]
275600160,,75600,160,2,0,[0|0],7560160,0,0,0,6,0,[0|0]
275600196,,75600,196,2,1,[0|0],7560115,0,0,0,6,0,[0|0]
275600197,,75600,197,2,1,[0|0],7560117,0,0,0,6,0,[0|0]
275600198,,75600,198,2,1,[0|0],7560118,0,0,0,6,0,[0|0]
275600199,,75600,199,2,1,[0|0],7560119,0,0,0,6,0,[0|0]
275600200,,75600,200,2,1,[0|0],7560120,0,0,0,6,0,[0|0]
275600201,,75600,201,2,1,[0|0],7560124,0,0,0,6,0,[0|0]
275600202,,75600,202,2,1,[0|0],7560125,0,0,0,6,0,[0|0]
275600203,,75600,203,2,1,[0|0],7560126,0,0,0,6,0,[0|0]
275600204,,75600,204,2,1,[0|0],7560127,0,0,0,6,0,[0|0]
275600205,,75600,205,2,1,[0|0],7560131,0,0,0,6,0,[0|0]
275600206,,75600,206,2,1,[0|0],7560132,0,0,0,6,0,[0|0]
275600207,,75600,207,2,1,[0|0],7560133,0,0,0,6,0,[0|0]
275600208,,75600,208,2,1,[0|0],7560134,0,0,0,6,0,[0|0]
275600209,,75600,209,2,1,[0|0],7560138,0,0,0,6,0,[0|0]
275600210,,75600,210,2,1,[0|0],7560139,0,0,0,6,0,[0|0]
275600211,,75600,211,2,1,[0|0],7560140,0,0,0,6,0,[0|0]
275600212,,75600,212,2,1,[0|0],7560141,0,0,0,6,0,[0|0]
275600223,,75600,223,2,1,[0|0],7560155,0,0,0,6,0,[0|0]
275600224,,75600,224,2,1,[0|0],7560156,0,0,0,6,0,[0|0]
275600225,,75600,225,2,1,[0|0],7560158,0,0,0,6,0,[0|0]
275600226,,75600,226,2,1,[0|0],7560160,0,0,0,6,0,[0|0]
275600227,,75600,227,2,1,[0|0],7561000,0,0,0,6,0,[0|0]
275600228,,75600,228,2,1,[0|0],7561100,0,0,0,6,0,[0|0]
275600229,,75600,229,2,1,[0|0],7561200,0,0,0,6,0,[0|0]
275600230,,75600,230,2,1,[0|0],7561300,0,0,0,6,0,[0|0]
275600240,,75600,240,2,1,[0|0],7560730,0,0,0,6,0,[0|0]
275600241,,75600,241,2,1,[0|0],7560740,0,0,0,6,0,[0|0]
275600242,,75600,242,2,1,[0|0],7560750,0,0,0,6,0,[0|0]
275600250,,75600,250,2,1,[0|0],7560760,0,0,0,6,0,[0|0]
275600251,,75600,251,2,1,[0|0],7560770,0,0,0,6,0,[0|0]
275600252,,75600,252,2,1,[0|0],7560780,0,0,0,6,0,[0|0]
275600260,,75600,260,2,0,[0|0],7560210,0,0,0,6,0,[0|0]
275600261,,75600,261,2,1,[0|0],7560800,0,0,0,6,0,[0|0]
275600270,,75600,270,2,1,[0|0],7560360,0,0,0,6,0,[0|0]
275600271,,75600,271,2,1,[0|0],7560370,0,0,0,6,0,[0|0]
275600272,,75600,272,2,1,[0|0],7560380,0,0,0,6,0,[0|0]
275600273,,75600,273,2,1,[0|0],7560390,0,0,0,6,0,[0|0]
275600280,,75600,280,2,0,[0|0],7560230,0,0,0,6,0,[0|0]
275600281,,75600,281,2,0,[0|0],7560231,0,0,0,6,0,[0|0]
275600282,,75600,282,2,0,[0|0],7560232,0,0,0,6,0,[0|0]
275600283,,75600,283,2,0,[0|0],7560233,0,0,0,6,0,[0|0]
275600284,,75600,284,2,0,[0|0],7560234,0,0,0,6,0,[0|0]
275600285,,75600,285,2,0,[0|0],7560235,0,0,0,6,0,[0|0]
275600286,,75600,286,2,0,[0|0],7560236,0,0,0,6,0,[0|0]
275600287,,75600,287,2,0,[0|0],7560237,0,0,0,6,0,[0|0]
275600290,,75600,290,2,0,[0|0],7560240,0,0,0,6,0,[0|0]
275600291,,75600,291,2,0,[0|0],7560241,0,0,0,6,0,[0|0]
275600292,,75600,292,2,0,[0|0],7560242,0,0,0,6,0,[0|0]
275600293,,75600,293,2,0,[0|0],7560243,0,0,0,6,0,[0|0]
275600294,,75600,294,2,0,[0|0],7560244,0,0,0,6,0,[0|0]
275600300,,75600,300,2,1,[0|0],7560408,0,0,0,6,0,[0|0]
275600301,,75600,301,2,1,[0|0],7560410,0,0,0,6,0,[0|0]
275600302,,75600,302,2,1,[0|0],7560440,0,0,0,6,0,[0|0]
275600303,,75600,303,2,1,[0|0],7560500,0,0,0,6,0,[0|0]
275600304,,75600,304,2,1,[0|0],7560560,0,0,0,6,0,[0|0]
275600310,,75600,310,2,0,[0|0],7560260,0,0,0,6,0,[0|0]
275600320,,75600,320,2,1,[0|0],7560300,0,0,0,6,0,[0|0]
275600321,,75600,321,2,1,[0|0],7560301,0,0,0,6,0,[0|0]
275600322,,75600,322,2,1,[0|0],7560302,0,0,0,6,0,[0|0]
275600323,,75600,323,2,1,[0|0],7560303,0,0,0,6,0,[0|0]
275600324,,75600,324,2,1,[0|0],7560304,0,0,0,6,0,[0|0]
275600325,,75600,325,2,1,[0|0],7560305,0,0,0,6,0,[0|0]
275600330,,75600,330,2,1,[0|0],7560310,0,0,0,6,0,[0|0]
275600350,,75600,350,2,1,[0|0],7560650,0,0,0,6,0,[0|0]
275600351,,75600,351,2,1,[0|0],7560655,0,0,0,6,0,[0|0]
275600352,,75600,352,2,1,[0|0],7560660,0,0,0,6,0,[0|0]
275600353,,75600,353,2,1,[0|0],7560670,0,0,0,6,0,[0|0]
275600354,,75600,354,2,1,[0|0],7560676,0,0,0,6,0,[0|0]
275600355,,75600,355,2,1,[0|0],7560682,0,0,0,6,0,[0|0]
275600360,,75600,360,2,0,[0|0],7560310,0,0,0,6,0,[0|0]
275600361,,75600,361,2,1,[0|0],7560810,0,0,0,6,0,[0|0]
275600362,,75600,362,2,1,[0|0],7560803,0,0,0,6,0,[0|0]
275600363,,75600,363,2,1,[0|0],7560811,0,0,0,6,0,[0|0]
275600364,,75600,364,2,1,[0|0],7560812,0,0,0,6,0,[0|0]
275600370,,75600,370,2,0,[0|0],7560320,0,0,0,6,0,[0|0]
275600371,,75600,371,2,0,[0|0],7560321,0,0,0,6,0,[0|0]
275600380,,75600,380,2,1,[0|0],7560820,0,0,0,6,0,[0|0]
275600400,,75600,400,2,0,[0|0],7560350,0,0,0,6,0,[0|0]
275600401,,75600,401,2,1,[0|0],7560825,0,0,0,6,0,[0|0]
275600500,,75600,500,2,1,[0|0],7562000,0,0,0,6,0,[0|0]
275600501,,75600,501,2,1,[0|0],7562001,0,0,0,6,0,[0|0]
275600502,,75600,502,2,1,[0|0],7562002,0,0,0,6,0,[0|0]
275600503,,75600,503,2,1,[0|0],7562003,0,0,0,6,0,[0|0]
275600504,,75600,504,2,1,[0|0],7562004,0,0,0,6,0,[0|0]
275600505,,75600,505,2,1,[0|0],7562005,0,0,0,6,0,[0|0]
275600506,,75600,506,2,1,[0|0],7562006,0,0,0,6,0,[0|0]
275600507,,75600,507,2,1,[0|0],7562007,0,0,0,6,0,[0|0]
275600508,,75600,508,2,1,[0|0],7562030,0,0,0,6,0,[0|0]
275600509,,75600,509,2,1,[0|0],7562031,0,0,0,6,0,[0|0]
275600510,,75600,510,2,1,[0|0],7562035,0,0,0,6,0,[0|0]
275600511,,75600,511,2,1,[0|0],7562040,0,0,0,6,0,[0|0]
275600512,,75600,512,2,1,[0|0],7562051,0,0,0,6,0,[0|0]
275600600,,75600,600,2,1,[0|0],7562100,0,0,0,6,0,[0|0]
275600601,,75600,601,2,1,[0|0],7562110,0,0,0,6,0,[0|0]
275600602,,75600,602,2,1,[0|0],7562120,0,0,0,6,0,[0|0]
275600603,,75600,603,2,1,[0|0],7562130,0,0,0,6,0,[0|0]
275600608,,75600,608,2,1,[0|0],7562180,0,0,0,6,0,[0|0]
275600609,,75600,609,2,1,[0|0],7562190,0,0,0,6,0,[0|0]
275600610,,75600,610,2,1,[0|0],7562200,0,0,0,6,0,[0|0]
275600611,,75600,611,2,1,[0|0],7562210,0,0,0,6,0,[0|0]
275600612,,75600,612,2,1,[0|0],7562220,0,0,0,6,0,[0|0]
275600613,,75600,613,2,1,[0|0],7562230,0,0,0,6,0,[0|0]
275600615,,75600,615,2,1,[0|0],7562400,0,0,0,6,0,[0|0]
275600616,,75600,616,2,1,[0|0],7562500,0,0,0,6,0,[0|0]
275600620,,75600,620,2,1,[0|0],7562300,0,0,0,6,0,[0|0]
275600621,,75600,621,2,1,[0|0],7562310,0,0,0,6,0,[0|0]
275600622,,75600,622,2,1,[0|0],7562311,0,0,0,6,0,[0|0]
275600630,,75600,630,2,1,[0|0],7562280,0,0,0,6,0,[0|0]
275600631,,75600,631,2,1,[0|0],7562281,0,0,0,6,0,[0|0]
275600632,,75600,632,2,1,[0|0],7562282,0,0,0,6,0,[0|0]
275600633,,75600,633,2,1,[0|0],7562283,0,0,0,6,0,[0|0]
275600634,,75600,634,2,1,[0|0],7562284,0,0,0,6,0,[0|0]
275600635,,75600,635,2,1,[0|0],7562285,0,0,0,6,0,[0|0]
275600636,,75600,636,2,1,[0|0],7562286,0,0,0,6,0,[0|0]
275600637,,75600,637,2,1,[0|0],7562287,0,0,0,6,0,[0|0]
275600638,,75600,638,2,1,[0|0],7562288,0,0,0,6,0,[0|0]
275600639,,75600,639,2,1,[0|0],7562289,0,0,0,6,0,[0|0]
275600640,,75600,640,2,1,[0|0],7562290,0,0,0,6,0,[0|0]
275600641,,75600,641,2,1,[0|0],7562294,0,0,0,6,0,[0|0]
275600800,,75600,800,2,1,[0|0],7560860,0,0,0,6,0,[0|0]
275600801,,75600,801,2,1,[0|0],7560861,0,0,0,6,0,[0|0]
275600802,,75600,802,2,1,[0|0],7560862,0,0,0,6,0,[0|0]
275600810,,75600,810,2,1,[0|0],7560880,0,0,0,6,0,[0|0]
275600811,,75600,811,2,1,[0|0],7560881,0,0,0,6,0,[0|0]
275600812,,75600,812,2,1,[0|0],7560882,0,0,0,6,0,[0|0]
275600813,,75600,813,2,1,[0|0],7560883,0,0,0,6,0,[0|0]
275600814,,75600,814,2,1,[0|0],7560884,0,0,0,6,0,[0|0]
275600815,,75600,815,2,1,[0|0],7560885,0,0,0,6,0,[0|0]
275600816,,75600,816,2,1,[0|0],7560886,0,0,0,6,0,[0|0]
275600817,,75600,817,2,1,[0|0],7560930,0,0,0,6,0,[0|0]
275600818,,75600,818,2,1,[0|0],7560931,0,0,0,6,0,[0|0]
275600819,,75600,819,2,1,[0|0],7560932,0,0,0,6,0,[0|0]
275600820,,75600,820,2,1,[0|0],7560933,0,0,0,6,0,[0|0]
275600821,,75600,821,2,1,[0|0],7560934,0,0,0,6,0,[0|0]
275600822,,75600,822,2,1,[0|0],7560935,0,0,0,6,0,[0|0]
275600823,,75600,823,2,1,[0|0],7560936,0,0,0,6,0,[0|0]
275600824,,75600,824,2,1,[0|0],7560937,0,0,0,6,0,[0|0]
275600825,,75600,825,2,1,[0|0],7560938,0,0,0,6,0,[0|0]
275600826,,75600,826,2,1,[0|0],7560939,0,0,0,6,0,[0|0]
275600827,,75600,827,2,1,[0|0],7560940,0,0,0,6,0,[0|0]
275600850,,75600,850,2,1,[0|0],7560850,0,0,0,6,0,[0|0]
275600851,,75600,851,2,1,[0|0],7560851,0,0,0,6,0,[0|0]
275600900,,75600,900,2,1,[0|0],7560830,0,0,0,6,0,[0|0]
275600901,,75600,901,2,1,[0|0],7560831,0,0,0,6,0,[0|0]
275600910,,75600,910,2,1,[0|0],7560000,0,0,0,6,0,[0|0]
275600911,,75600,911,2,1,[0|0],7560001,0,0,0,6,0,[0|0]
275700100,,75700,100,2,1,[0|0],7570000,0,0,0,6,0,[0|0]
275700110,,75700,110,2,1,[0|0],7570010,0,0,0,6,0,[0|0]
275800100,,75800,100,2,0,[0|0],7580100,0,0,0,6,0,[0|0]
275800110,,75800,110,2,0,[0|0],7580110,0,0,0,6,0,[0|0]
275800120,,75800,120,2,0,[0|0],7580120,0,0,0,6,0,[0|0]
275800121,,75800,121,2,0,[0|0],7580121,0,0,0,6,0,[0|0]
275800130,,75800,130,2,0,[0|0],7580130,0,0,0,6,0,[0|0]
275800150,,75800,150,2,0,[0|0],7580150,0,0,0,6,0,[0|0]
275800160,,75800,160,2,0,[0|0],7580160,0,0,0,6,0,[0|0]
275800170,,75800,170,2,0,[0|0],7580170,0,0,0,6,0,[0|0]
275800190,,75800,190,2,0,[0|0],7580190,0,0,0,6,0,[0|0]
275800191,,75800,191,2,0,[0|0],7580191,0,0,0,6,0,[0|0]
275800250,,75800,250,2,1,[0|0],7580250,0,0,0,6,0,[0|0]
275800251,,75800,251,2,0,[0|0],7580251,0,0,0,6,0,[0|0]
275800252,,75800,252,2,0,[0|0],7580252,0,0,0,6,0,[0|0]
275800253,,75800,253,2,0,[0|0],7580253,0,0,0,6,0,[0|0]
275800254,,75800,254,2,0,[0|0],7580254,0,0,0,6,0,[0|0]
275800255,,75800,255,2,0,[0|0],7580255,0,0,0,6,0,[0|0]
275800256,,75800,256,2,0,[0|0],7580256,0,0,0,6,0,[0|0]
275800260,,75800,260,2,0,[0|0],7580260,0,0,0,6,0,[0|0]
275800261,,75800,261,2,0,[0|0],7580261,0,0,0,6,0,[0|0]
275800262,,75800,262,2,0,[0|0],7580262,0,0,0,6,0,[0|0]
275800263,,75800,263,2,0,[0|0],7580263,0,0,0,6,0,[0|0]
275800264,,75800,264,2,0,[0|0],7580264,0,0,0,6,0,[0|0]
275800265,,75800,265,2,0,[0|0],7580265,0,0,0,6,0,[0|0]
275800280,,75800,280,2,0,[0|0],7580280,0,0,0,6,0,[0|0]
275800285,,75800,285,2,1,[0|0],7580285,0,0,0,6,0,[0|0]
275800290,,75800,290,2,0,[0|0],7580290,0,0,0,6,0,[0|0]
275800295,,75800,295,2,1,[0|0],7580295,0,0,0,6,0,[0|0]
275800300,,75800,300,2,0,[0|0],7580300,0,0,0,6,0,[0|0]
275800301,,75800,301,2,0,[0|0],7580301,0,0,0,6,0,[0|0]
275800305,,75800,305,2,1,[0|0],7580305,0,0,0,6,0,[0|0]
275800310,,75800,310,2,0,[0|0],7580310,0,0,0,6,0,[0|0]
275800311,,75800,311,2,0,[0|0],7580311,0,0,0,6,0,[0|0]
275800312,,75800,312,2,0,[0|0],7580312,0,0,0,6,0,[0|0]
275800315,,75800,315,2,1,[0|0],7580315,0,0,0,6,0,[0|0]
275800320,,75800,320,2,0,[0|0],7580320,0,0,0,6,0,[0|0]
275800325,,75800,325,2,1,[0|0],7580325,0,0,0,6,0,[0|0]
275800410,,75800,410,2,0,[0|0],7580410,0,0,0,6,0,[0|0]
275800411,,75800,411,2,0,[0|0],7580411,0,0,0,6,0,[0|0]
275800430,,75800,430,2,0,[0|0],7580430,0,0,0,6,0,[0|0]
275800470,,75800,470,2,1,[0|0],7580470,0,0,0,6,0,[0|0]
275800480,,75800,480,2,1,[0|0],7580480,0,0,0,6,0,[0|0]
275800500,,75800,500,2,1,[0|0],7580500,0,0,0,6,0,[0|0]
275800510,,75800,510,2,1,[0|0],7580510,0,0,0,6,0,[0|0]
275800520,,75800,520,2,1,[0|0],7580520,0,0,0,6,0,[0|0]
275800530,,75800,530,2,1,[0|0],7580530,0,0,0,6,0,[0|0]
275800540,,75800,540,2,1,[0|0],7580540,0,0,0,6,0,[0|0]
275800550,,75800,550,2,1,[0|0],7580550,0,0,0,6,0,[0|0]
275800560,,75800,560,2,1,[0|0],7580560,0,0,0,6,0,[0|0]
275800570,,75800,570,2,1,[0|0],7580570,0,0,0,6,0,[0|0]
275800590,,75800,590,2,1,[0|0],7580590,0,0,0,6,0,[0|0]
275800595,,75800,595,2,1,[0|0],7580595,0,0,0,6,0,[0|0]
275800600,,75800,600,2,1,[0|0],7580600,0,0,0,6,0,[0|0]
275800601,,75800,601,2,1,[0|0],7580601,0,0,0,6,0,[0|0]
275800602,,75800,602,2,1,[0|0],7580602,0,0,0,6,0,[0|0]
275800603,,75800,603,2,1,[0|0],7580603,0,0,0,6,0,[0|0]
275800604,,75800,604,2,1,[0|0],7580604,0,0,0,6,0,[0|0]
275800610,,75800,610,2,1,[0|0],7580610,0,0,0,6,0,[0|0]
275800611,,75800,611,2,1,[0|0],7580611,0,0,0,6,0,[0|0]
275800612,,75800,612,2,1,[0|0],7580612,0,0,0,6,0,[0|0]
275800613,,75800,613,2,1,[0|0],7580613,0,0,0,6,0,[0|0]
275800614,,75800,614,2,1,[0|0],7580614,0,0,0,6,0,[0|0]
275800620,,75800,620,2,1,[0|0],7580620,0,0,0,6,0,[0|0]
275800621,,75800,621,2,1,[0|0],7580621,0,0,0,6,0,[0|0]
275800622,,75800,622,2,1,[0|0],7580622,0,0,0,6,0,[0|0]
275800623,,75800,623,2,1,[0|0],7580623,0,0,0,6,0,[0|0]
275800624,,75800,624,2,1,[0|0],7580624,0,0,0,6,0,[0|0]
275800630,,75800,630,2,1,[0|0],7580630,0,0,0,6,0,[0|0]
275800631,,75800,631,2,1,[0|0],7580631,0,0,0,6,0,[0|0]
275800632,,75800,632,2,1,[0|0],7580632,0,0,0,6,0,[0|0]
275800633,,75800,633,2,1,[0|0],7580633,0,0,0,6,0,[0|0]
275800634,,75800,634,2,1,[0|0],7580634,0,0,0,6,0,[0|0]
275800640,,75800,640,2,1,[0|0],7580640,0,0,0,6,0,[0|0]
275800641,,75800,641,2,1,[0|0],7580641,0,0,0,6,0,[0|0]
275800642,,75800,642,2,1,[0|0],7580642,0,0,0,6,0,[0|0]
275800643,,75800,643,2,1,[0|0],7580643,0,0,0,6,0,[0|0]
275800644,,75800,644,2,1,[0|0],7580644,0,0,0,6,0,[0|0]
275800650,,75800,650,2,1,[0|0],7580650,0,0,0,6,0,[0|0]
275800651,,75800,651,2,1,[0|0],7580651,0,0,0,6,0,[0|0]
275800652,,75800,652,2,1,[0|0],7580652,0,0,0,6,0,[0|0]
275800653,,75800,653,2,1,[0|0],7580653,0,0,0,6,0,[0|0]
275800654,,75800,654,2,1,[0|0],7580654,0,0,0,6,0,[0|0]
275800660,,75800,660,2,1,[0|0],7580660,0,0,0,6,0,[0|0]
275800661,,75800,661,2,1,[0|0],7580661,0,0,0,6,0,[0|0]
275800662,,75800,662,2,1,[0|0],7580662,0,0,0,6,0,[0|0]
275800663,,75800,663,2,1,[0|0],7580663,0,0,0,6,0,[0|0]
275800664,,75800,664,2,1,[0|0],7580664,0,0,0,6,0,[0|0]
275800670,,75800,670,2,1,[0|0],7580670,0,0,0,6,0,[0|0]
275800671,,75800,671,2,1,[0|0],7580671,0,0,0,6,0,[0|0]
275800672,,75800,672,2,1,[0|0],7580672,0,0,0,6,0,[0|0]
275800673,,75800,673,2,1,[0|0],7580673,0,0,0,6,0,[0|0]
275800674,,75800,674,2,1,[0|0],7580674,0,0,0,6,0,[0|0]
275800700,,75800,700,2,1,[0|0],7580700,0,0,0,6,0,[0|0]
275800709,,75800,709,2,1,[0|0],7580709,0,0,0,6,0,[0|0]
275800710,,75800,710,2,1,[0|0],7580710,0,0,0,6,0,[0|0]
275800719,,75800,719,2,1,[0|0],7580719,0,0,0,6,0,[0|0]
275800720,,75800,720,2,1,[0|0],7580720,0,0,0,6,0,[0|0]
275800729,,75800,729,2,1,[0|0],7580729,0,0,0,6,0,[0|0]
275800730,,75800,730,2,1,[0|0],7580730,0,0,0,6,0,[0|0]
275800739,,75800,739,2,1,[0|0],7580739,0,0,0,6,0,[0|0]
275800740,,75800,740,2,1,[0|0],7580740,0,0,0,6,0,[0|0]
275800749,,75800,749,2,1,[0|0],7580749,0,0,0,6,0,[0|0]
275800750,,75800,750,2,1,[0|0],7580750,0,0,0,6,0,[0|0]
275800759,,75800,759,2,1,[0|0],7580759,0,0,0,6,0,[0|0]
275800760,,75800,760,2,1,[0|0],7580760,0,0,0,6,0,[0|0]
275800769,,75800,769,2,1,[0|0],7580769,0,0,0,6,0,[0|0]
275800770,,75800,770,2,1,[0|0],7580770,0,0,0,6,0,[0|0]
275800779,,75800,779,2,1,[0|0],7580779,0,0,0,6,0,[0|0]
275800790,,75800,790,2,1,[0|0],7580790,0,0,0,6,0,[0|0]
275800800,,75800,800,2,1,[0|0],7580800,0,0,0,6,0,[0|0]
275800810,,75800,810,2,1,[0|0],7580810,0,0,0,6,0,[0|0]
275800820,,75800,820,2,1,[0|0],7580820,0,0,0,6,0,[0|0]
275800830,,75800,830,2,1,[0|0],7580830,0,0,0,6,0,[0|0]
275800840,,75800,840,2,1,[0|0],7580840,0,0,0,6,0,[0|0]
275800850,,75800,850,2,1,[0|0],7580850,0,0,0,6,0,[0|0]
275800860,,75800,860,2,1,[0|0],7580860,0,0,0,6,0,[0|0]
275800870,,75800,870,2,1,[0|0],7580870,0,0,0,6,0,[0|0]
275800900,,75800,900,2,1,[0|0],7580900,0,0,0,6,0,[0|0]
275800910,,75800,910,2,1,[0|0],7580910,0,0,0,6,0,[0|0]
275800920,,75800,920,2,1,[0|0],7580920,0,0,0,6,0,[0|0]
275800930,,75800,930,2,1,[0|0],7580930,0,0,0,6,0,[0|0]
275800940,,75800,940,2,1,[0|0],7580940,0,0,0,6,0,[0|0]
275800950,,75800,950,2,1,[0|0],7580950,0,0,0,6,0,[0|0]
275800960,,75800,960,2,1,[0|0],7580960,0,0,0,6,0,[0|0]
275800970,,75800,970,2,1,[0|0],7580970,0,0,0,6,0,[0|0]
275800990,,75800,990,2,0,[0|0],7580990,0,0,0,6,0,[0|0]
275800991,,75800,991,2,0,[0|0],7580991,0,0,0,6,0,[0|0]
276000110,,76000,110,2,0,[0|0],7600110,0,0,0,6,0,[0|0]
276000111,,76000,111,2,1,[0|0],7600111,0,0,0,6,0,[0|0]
276000112,,76000,112,2,1,[0|0],7600112,0,0,0,6,0,[0|0]
276000114,,76000,114,2,0,[0|0],7600114,0,0,0,6,0,[0|0]
276000130,,76000,130,2,0,[0|0],7600130,0,0,0,6,0,[0|0]
276000131,,76000,131,2,1,[0|0],7600131,0,0,0,6,0,[0|0]
276000135,,76000,135,2,1,[0|0],7600135,0,0,0,6,0,[0|0]
276000140,,76000,140,2,0,[0|0],7600140,0,0,0,6,0,[0|0]
276000141,,76000,141,2,0,[0|0],7600141,0,0,0,6,0,[0|0]
276000150,,76000,150,2,0,[0|0],7600150,0,0,0,6,0,[0|0]
276000151,,76000,151,2,0,[0|0],7600151,0,0,0,6,0,[0|0]
276000160,,76000,160,2,0,[0|0],7600160,0,0,0,6,0,[0|0]
276000161,,76000,161,2,1,[0|0],7600161,0,0,0,6,0,[0|0]
276000170,,76000,170,2,0,[0|0],7600170,0,0,0,6,0,[0|0]
276000171,,76000,171,2,1,[0|0],7600171,0,0,0,6,0,[0|0]
276000175,,76000,175,2,1,[0|0],7600175,0,0,0,6,0,[0|0]
276000180,,76000,180,2,0,[0|0],7600180,0,0,0,6,0,[0|0]
276000181,,76000,181,2,1,[0|0],7600181,0,0,0,6,0,[0|0]
276000182,,76000,182,2,1,[0|0],7600182,0,0,0,6,0,[0|0]
276000190,,76000,190,2,0,[0|0],7600190,0,0,0,6,0,[0|0]
276000191,,76000,191,2,1,[0|0],7600191,0,0,0,6,0,[0|0]
276000192,,76000,192,2,1,[0|0],7600192,0,0,0,6,0,[0|0]
276000200,,76000,200,2,0,[0|0],7600200,0,0,0,6,0,[0|0]
276000201,,76000,201,2,1,[0|0],7600201,0,0,0,6,0,[0|0]
276000220,,76000,220,2,0,[0|0],7600220,0,0,0,6,0,[0|0]
276000221,,76000,221,2,1,[0|0],7600221,0,0,0,6,0,[0|0]
276000222,,76000,222,2,1,[0|0],7600222,0,0,0,6,0,[0|0]
276000230,,76000,230,2,0,[0|0],7600230,0,0,0,6,0,[0|0]
276000231,,76000,231,2,1,[0|0],7600231,0,0,0,6,0,[0|0]
276000240,,76000,240,2,0,[0|0],7600240,0,0,0,6,0,[0|0]
276000241,,76000,241,2,1,[0|0],7600241,0,0,0,6,0,[0|0]
276000250,,76000,250,2,0,[0|0],7600250,0,0,0,6,0,[0|0]
276000251,,76000,251,2,1,[0|0],7600251,0,0,0,6,0,[0|0]
276000260,,76000,260,2,0,[0|0],7600260,0,0,0,6,0,[0|0]
276000261,,76000,261,2,1,[0|0],7600261,0,0,0,6,0,[0|0]
276000280,,76000,280,2,0,[0|0],7600280,0,0,0,6,0,[0|0]
276000290,,76000,290,2,1,[0|0],7600290,0,0,0,6,0,[0|0]
276000300,,76000,300,2,0,[0|0],7600300,0,0,0,6,0,[0|0]
276000301,,76000,301,2,1,[0|0],7600301,0,0,0,6,0,[0|0]
276000340,,76000,340,2,0,[0|0],7600340,0,0,0,6,0,[0|0]
276000350,,76000,350,2,0,[0|0],7600350,0,0,0,6,0,[0|0]
276000351,,76000,351,2,1,[0|0],7600351,0,0,0,6,0,[0|0]
276000380,,76000,380,2,0,[0|0],7600380,0,0,0,6,0,[0|0]
276000381,,76000,381,2,1,[0|0],7600381,0,0,0,6,0,[0|0]
276000382,,76000,382,2,1,[0|0],7600382,0,0,0,6,0,[0|0]
276000383,,76000,383,2,1,[0|0],7600383,0,0,0,6,0,[0|0]
276000384,,76000,384,2,1,[0|0],7600384,0,0,0,6,0,[0|0]
276000385,,76000,385,2,1,[0|0],7600385,0,0,0,6,0,[0|0]
276000386,,76000,386,2,1,[0|0],7600386,0,0,0,6,0,[0|0]
276000387,,76000,387,2,1,[0|0],7600387,0,0,0,6,0,[0|0]
276000388,,76000,388,2,1,[0|0],7600388,0,0,0,6,0,[0|0]
276000389,,76000,389,2,1,[0|0],7600389,0,0,0,6,0,[0|0]
276000390,,76000,390,2,1,[0|0],7600390,0,0,0,6,0,[0|0]
276000391,,76000,391,2,1,[0|0],7600391,0,0,0,6,0,[0|0]
276000392,,76000,392,2,1,[0|0],7600392,0,0,0,6,0,[0|0]
276000393,,76000,393,2,1,[0|0],7600393,0,0,0,6,0,[0|0]
276000394,,76000,394,2,1,[0|0],7600394,0,0,0,6,0,[0|0]
276000395,,76000,395,2,1,[0|0],7600395,0,0,0,6,0,[0|0]
276000396,,76000,396,2,1,[0|0],7600396,0,0,0,6,0,[0|0]
276000397,,76000,397,2,1,[0|0],7600397,0,0,0,6,0,[0|0]
276000398,,76000,398,2,1,[0|0],7600398,0,0,0,6,0,[0|0]
276000399,,76000,399,2,1,[0|0],7600399,0,0,0,6,0,[0|0]
276000400,,76000,400,2,0,[0|0],7600400,0,0,0,6,0,[0|0]
276000401,,76000,401,2,1,[0|0],7600401,0,0,0,6,0,[0|0]
276000405,,76000,405,2,1,[0|0],7600405,0,0,0,6,0,[0|0]
276000410,,76000,410,2,0,[0|0],7600410,0,0,0,6,0,[0|0]
276000411,,76000,411,2,1,[0|0],7600411,0,0,0,6,0,[0|0]
276000412,,76000,412,2,1,[0|0],7600412,0,0,0,6,0,[0|0]
276000413,,76000,413,2,1,[0|0],7600413,0,0,0,6,0,[0|0]
276000414,,76000,414,2,1,[0|0],7600414,0,0,0,6,0,[0|0]
276000415,,76000,415,2,1,[0|0],7600415,0,0,0,6,0,[0|0]
276000416,,76000,416,2,1,[0|0],7600416,0,0,0,6,0,[0|0]
276000417,,76000,417,2,1,[0|0],7600417,0,0,0,6,0,[0|0]
276000418,,76000,418,2,1,[0|0],7600418,0,0,0,6,0,[0|0]
276000419,,76000,419,2,1,[0|0],7600419,0,0,0,6,0,[0|0]
276000420,,76000,420,2,1,[0|0],7600420,0,0,0,6,0,[0|0]
276000421,,76000,421,2,1,[0|0],7600421,0,0,0,6,0,[0|0]
276000422,,76000,422,2,1,[0|0],7600422,0,0,0,6,0,[0|0]
276000430,,76000,430,2,0,[0|0],7600430,0,0,0,6,0,[0|0]
276000431,,76000,431,2,1,[0|0],7600431,0,0,0,6,0,[0|0]
276000432,,76000,432,2,1,[0|0],7600432,0,0,0,6,0,[0|0]
276000433,,76000,433,2,1,[0|0],7600433,0,0,0,6,0,[0|0]
276000434,,76000,434,2,1,[0|0],7600434,0,0,0,6,0,[0|0]
276000435,,76000,435,2,1,[0|0],7600435,0,0,0,6,0,[0|0]
276000436,,76000,436,2,1,[0|0],7600436,0,0,0,6,0,[0|0]
276000437,,76000,437,2,1,[0|0],7600437,0,0,0,6,0,[0|0]
276000438,,76000,438,2,1,[0|0],7600438,0,0,0,6,0,[0|0]
276000439,,76000,439,2,1,[0|0],7600439,0,0,0,6,0,[0|0]
276000440,,76000,440,2,1,[0|0],7600440,0,0,0,6,0,[0|0]
276000441,,76000,441,2,1,[0|0],7600441,0,0,0,6,0,[0|0]
276000442,,76000,442,2,1,[0|0],7600442,0,0,0,6,0,[0|0]
276000450,,76000,450,2,0,[0|0],7600450,0,0,0,6,0,[0|0]
276000451,,76000,451,2,1,[0|0],7600451,0,0,0,6,0,[0|0]
276000452,,76000,452,2,0,[0|0],7600452,0,0,0,6,0,[0|0]
276000453,,76000,453,2,1,[0|0],7600453,0,0,0,6,0,[0|0]
276000454,,76000,454,2,1,[0|0],7600454,0,0,0,6,0,[0|0]
276000455,,76000,455,2,1,[0|0],7600455,0,0,0,6,0,[0|0]
276000456,,76000,456,2,1,[0|0],7600456,0,0,0,6,0,[0|0]
276000457,,76000,457,2,1,[0|0],7600457,0,0,0,6,0,[0|0]
276000458,,76000,458,2,1,[0|0],7600458,0,0,0,6,0,[0|0]
276000459,,76000,459,2,1,[0|0],7600459,0,0,0,6,0,[0|0]
276000460,,76000,460,2,1,[0|0],7600460,0,0,0,6,0,[0|0]
276000461,,76000,461,2,1,[0|0],7600461,0,0,0,6,0,[0|0]
276000462,,76000,462,2,1,[0|0],7600462,0,0,0,6,0,[0|0]
276000463,,76000,463,2,1,[0|0],7600463,0,0,0,6,0,[0|0]
276000464,,76000,464,2,1,[0|0],7600464,0,0,0,6,0,[0|0]
276000465,,76000,465,2,1,[0|0],7600465,0,0,0,6,0,[0|0]
276000466,,76000,466,2,1,[0|0],7600466,0,0,0,6,0,[0|0]
276000467,,76000,467,2,1,[0|0],7600467,0,0,0,6,0,[0|0]
276000468,,76000,468,2,1,[0|0],7600468,0,0,0,6,0,[0|0]
276000469,,76000,469,2,0,[0|0],7600469,0,0,0,6,0,[0|0]
276000470,,76000,470,2,0,[0|0],7600470,0,0,0,6,0,[0|0]
276000471,,76000,471,2,1,[0|0],7600471,0,0,0,6,0,[0|0]
276000472,,76000,472,2,1,[0|0],7600472,0,0,0,6,0,[0|0]
276000473,,76000,473,2,1,[0|0],7600473,0,0,0,6,0,[0|0]
276000474,,76000,474,2,1,[0|0],7600474,0,0,0,6,0,[0|0]
276000475,,76000,475,2,1,[0|0],7600475,0,0,0,6,0,[0|0]
276000476,,76000,476,2,1,[0|0],7600476,0,0,0,6,0,[0|0]
276000477,,76000,477,2,1,[0|0],7600477,0,0,0,6,0,[0|0]
276000478,,76000,478,2,1,[0|0],7600478,0,0,0,6,0,[0|0]
276000479,,76000,479,2,1,[0|0],7600479,0,0,0,6,0,[0|0]
276000480,,76000,480,2,1,[0|0],7600480,0,0,0,6,0,[0|0]
276000481,,76000,481,2,1,[0|0],7600481,0,0,0,6,0,[0|0]
276000482,,76000,482,2,1,[0|0],7600482,0,0,0,6,0,[0|0]
276000483,,76000,483,2,1,[0|0],7600483,0,0,0,6,0,[0|0]
276000484,,76000,484,2,1,[0|0],7600484,0,0,0,6,0,[0|0]
276000485,,76000,485,2,1,[0|0],7600485,0,0,0,6,0,[0|0]
276000486,,76000,486,2,1,[0|0],7600486,0,0,0,6,0,[0|0]
276000487,,76000,487,2,0,[0|0],7600487,0,0,0,6,0,[0|0]
276000488,,76000,488,2,1,[0|0],7600488,0,0,0,6,0,[0|0]
276000490,,76000,490,2,1,[0|0],7600490,0,0,0,6,0,[0|0]
276000500,,76000,500,2,1,[0|0],7600500,0,0,0,6,0,[0|0]
276000530,,76000,530,2,0,[0|0],7600530,0,0,0,6,0,[0|0]
276000550,,76000,550,2,1,[0|0],7600550,0,0,0,6,0,[0|0]
276000558,,76000,558,2,1,[0|0],7600558,0,0,0,6,0,[0|0]
276000560,,76000,560,2,0,[0|0],7600560,0,0,0,6,0,[0|0]
276000565,,76000,565,2,1,[0|0],7600565,0,0,0,6,0,[0|0]
276000570,,76000,570,2,1,[0|0],7600570,0,0,0,6,0,[0|0]
276000571,,76000,571,2,1,[0|0],7600571,0,0,0,6,0,[0|0]
276000572,,76000,572,2,1,[0|0],7600572,0,0,0,6,0,[0|0]
276000573,,76000,573,2,1,[0|0],7600573,0,0,0,6,0,[0|0]
276000574,,76000,574,2,1,[0|0],7600574,0,0,0,6,0,[0|0]
276000575,,76000,575,2,0,[0|0],7600575,0,0,0,6,0,[0|0]
276000576,,76000,576,2,1,[0|0],7600576,0,0,0,6,0,[0|0]
276000580,,76000,580,2,1,[0|0],7600580,0,0,0,6,0,[0|0]
276000585,,76000,585,2,1,[0|0],7600585,0,0,0,6,0,[0|0]
276000595,,76000,595,2,1,[0|0],7600595,0,0,0,6,0,[0|0]
276000620,,76000,620,2,1,[0|0],7600620,0,0,0,6,0,[0|0]
276000630,,76000,630,2,1,[0|0],7600630,0,0,0,6,0,[0|0]
276000640,,76000,640,2,1,[0|0],7600640,0,0,0,6,0,[0|0]
276000650,,76000,650,2,1,[0|0],7600650,0,0,0,6,0,[0|0]
276000670,,76000,670,2,1,[0|0],7600670,0,0,0,6,0,[0|0]
276000800,,76000,800,2,0,[0|0],7600800,0,0,0,6,0,[0|0]
276000810,,76000,810,2,0,[0|0],7600810,0,0,0,6,0,[0|0]
276000841,,76000,841,2,0,[0|0],7600841,0,0,0,6,0,[0|0]
276000845,,76000,845,2,0,[0|0],7600845,0,0,0,6,0,[0|0]
276000848,,76000,848,2,0,[0|0],7600848,0,0,0,6,0,[0|0]
276000851,,76000,851,2,0,[0|0],7600851,0,0,0,6,0,[0|0]
276000854,,76000,854,2,0,[0|0],7600854,0,0,0,6,0,[0|0]
276000855,,76000,855,2,0,[0|0],7600855,0,0,0,6,0,[0|0]
276000856,,76000,856,2,1,[0|0],7600856,0,0,0,6,0,[0|0]
276100100,,76100,100,2,0,[0|0],7610100,0,0,0,6,0,[0|0]
276100101,,76100,101,2,0,[0|0],7610101,0,0,0,6,0,[0|0]
276100110,,76100,110,2,0,[0|0],7610110,0,0,0,6,0,[0|0]
276100115,,76100,115,2,1,[0|0],7610115,0,0,0,6,0,[0|0]
276100116,,76100,116,2,1,[0|0],7610116,0,0,0,6,0,[0|0]
276100120,,76100,120,2,0,[0|0],7610120,0,0,0,6,0,[0|0]
276100130,,76100,130,2,0,[0|0],7610130,0,0,0,6,0,[0|0]
276100140,,76100,140,2,0,[0|0],7610140,0,0,0,6,0,[0|0]
276100145,,76100,145,2,1,[0|0],7610145,0,0,0,6,0,[0|0]
276100146,,76100,146,2,1,[0|0],7610146,0,0,0,6,0,[0|0]
276100150,,76100,150,2,0,[0|0],7610150,0,0,0,6,0,[0|0]
276100151,,76100,151,2,0,[0|0],7610151,0,0,0,6,0,[0|0]
276100155,,76100,155,2,1,[0|0],7610155,0,0,0,6,0,[0|0]
276100156,,76100,156,2,1,[0|0],7610156,0,0,0,6,0,[0|0]
276100160,,76100,160,2,0,[0|0],7610160,0,0,0,6,0,[0|0]
276100161,,76100,161,2,0,[0|0],7610161,0,0,0,6,0,[0|0]
276100165,,76100,165,2,1,[0|0],7610165,0,0,0,6,0,[0|0]
276100166,,76100,166,2,1,[0|0],7610166,0,0,0,6,0,[0|0]
276100170,,76100,170,2,0,[0|0],7610170,0,0,0,6,0,[0|0]
276100180,,76100,180,2,0,[0|0],7610180,0,0,0,6,0,[0|0]
276100200,,76100,200,2,0,[0|0],7610200,0,0,0,6,0,[0|0]
276100201,,76100,201,2,0,[0|0],7610201,0,0,0,6,0,[0|0]
276100205,,76100,205,2,1,[0|0],7610205,0,0,0,6,0,[0|0]
276100206,,76100,206,2,1,[0|0],7610206,0,0,0,6,0,[0|0]
276100210,,76100,210,2,0,[0|0],7610210,0,0,0,6,0,[0|0]
276100211,,76100,211,2,0,[0|0],7610211,0,0,0,6,0,[0|0]
276100212,,76100,212,2,0,[0|0],7610212,0,0,0,6,0,[0|0]
276100215,,76100,215,2,1,[0|0],7610215,0,0,0,6,0,[0|0]
276100216,,76100,216,2,1,[0|0],7610216,0,0,0,6,0,[0|0]
276100220,,76100,220,2,1,[0|0],7610220,0,0,0,6,0,[0|0]
276100221,,76100,221,2,1,[0|0],7610221,0,0,0,6,0,[0|0]
276100222,,76100,222,2,1,[0|0],7610222,0,0,0,6,0,[0|0]
276100223,,76100,223,2,1,[0|0],7610223,0,0,0,6,0,[0|0]
276100224,,76100,224,2,1,[0|0],7610224,0,0,0,6,0,[0|0]
276100230,,76100,230,2,1,[0|0],7610230,0,0,0,6,0,[0|0]
276100231,,76100,231,2,1,[0|0],7610231,0,0,0,6,0,[0|0]
276100232,,76100,232,2,1,[0|0],7610232,0,0,0,6,0,[0|0]
276100233,,76100,233,2,1,[0|0],7610233,0,0,0,6,0,[0|0]
276100234,,76100,234,2,1,[0|0],7610234,0,0,0,6,0,[0|0]
276100240,,76100,240,2,1,[0|0],7610240,0,0,0,6,0,[0|0]
276100241,,76100,241,2,1,[0|0],7610241,0,0,0,6,0,[0|0]
276100242,,76100,242,2,1,[0|0],7610242,0,0,0,6,0,[0|0]
276100243,,76100,243,2,1,[0|0],7610243,0,0,0,6,0,[0|0]
276100244,,76100,244,2,1,[0|0],7610244,0,0,0,6,0,[0|0]
276100250,,76100,250,2,0,[0|0],7610250,0,0,0,6,0,[0|0]
276100251,,76100,251,2,0,[0|0],7610251,0,0,0,6,0,[0|0]
276100252,,76100,252,2,0,[0|0],7610252,0,0,0,6,0,[0|0]
276100253,,76100,253,2,0,[0|0],7610253,0,0,0,6,0,[0|0]
276100254,,76100,254,2,0,[0|0],7610254,0,0,0,6,0,[0|0]
276100260,,76100,260,2,0,[0|0],7610260,0,0,0,6,0,[0|0]
276100261,,76100,261,2,0,[0|0],7610261,0,0,0,6,0,[0|0]
276100265,,76100,265,2,1,[0|0],7610265,0,0,0,6,0,[0|0]
276100270,,76100,270,2,1,[0|0],7610270,0,0,0,6,0,[0|0]
276100280,,76100,280,2,1,[0|0],7610280,0,0,0,6,0,[0|0]
276100281,,76100,281,2,1,[0|0],7610281,0,0,0,6,0,[0|0]
276100290,,76100,290,2,0,[0|0],7610290,0,0,0,6,0,[0|0]
276100291,,76100,291,2,0,[0|0],7610291,0,0,0,6,0,[0|0]
276100300,,76100,300,2,1,[0|0],7610300,0,0,0,6,0,[0|0]
276100301,,76100,301,2,1,[0|0],7610301,0,0,0,6,0,[0|0]
276100310,,76100,310,2,1,[0|0],7610310,0,0,0,6,0,[0|0]
276100311,,76100,311,2,1,[0|0],7610311,0,0,0,6,0,[0|0]
276100320,,76100,320,2,0,[0|0],7610320,0,0,0,6,0,[0|0]
276100321,,76100,321,2,0,[0|0],7610321,0,0,0,6,0,[0|0]
276100330,,76100,330,2,1,[0|0],7610330,0,0,0,6,0,[0|0]
276100331,,76100,331,2,1,[0|0],7610331,0,0,0,6,0,[0|0]
276100340,,76100,340,2,1,[0|0],7610340,0,0,0,6,0,[0|0]
276100341,,76100,341,2,1,[0|0],7610341,0,0,0,6,0,[0|0]
276100350,,76100,350,2,0,[0|0],7610350,0,0,0,6,0,[0|0]
276100351,,76100,351,2,0,[0|0],7610351,0,0,0,6,0,[0|0]
276100360,,76100,360,2,1,[0|0],7610360,0,0,0,6,0,[0|0]
276100361,,76100,361,2,1,[0|0],7610361,0,0,0,6,0,[0|0]
276100370,,76100,370,2,0,[0|0],7610370,0,0,0,6,0,[0|0]
276100371,,76100,371,2,0,[0|0],7610371,0,0,0,6,0,[0|0]
276100372,,76100,372,2,0,[0|0],7610372,0,0,0,6,0,[0|0]
276100375,,76100,375,2,1,[0|0],7610375,0,0,0,6,0,[0|0]
276100380,,76100,380,2,1,[0|0],7610380,0,0,0,6,0,[0|0]
276100390,,76100,390,2,1,[0|0],7610390,0,0,0,6,0,[0|0]
276100391,,76100,391,2,1,[0|0],7610391,0,0,0,6,0,[0|0]
276100400,,76100,400,2,1,[0|0],7610400,0,0,0,6,0,[0|0]
276100401,,76100,401,2,1,[0|0],7610401,0,0,0,6,0,[0|0]
276100402,,76100,402,2,1,[0|0],7610402,0,0,0,6,0,[0|0]
276100403,,76100,403,2,1,[0|0],7610403,0,0,0,6,0,[0|0]
276100405,,76100,405,2,1,[0|0],7610405,0,0,0,6,0,[0|0]
276100406,,76100,406,2,1,[0|0],7610406,0,0,0,6,0,[0|0]
276100407,,76100,407,2,1,[0|0],7610407,0,0,0,6,0,[0|0]
276100410,,76100,410,2,1,[0|0],7610410,0,0,0,6,0,[0|0]
276100420,,76100,420,2,0,[0|0],7610420,0,0,0,6,0,[0|0]
276100421,,76100,421,2,0,[0|0],7610421,0,0,0,6,0,[0|0]
276100430,,76100,430,2,0,[0|0],7610430,0,0,0,6,0,[0|0]
276100435,,76100,435,2,1,[0|0],7610435,0,0,0,6,0,[0|0]
276100436,,76100,436,2,1,[0|0],7610436,0,0,0,6,0,[0|0]
276100440,,76100,440,2,0,[0|0],7610440,0,0,0,6,0,[0|0]
276100450,,76100,450,2,0,[0|0],7610450,0,0,0,6,0,[0|0]
276100460,,76100,460,2,0,[0|0],7610460,0,0,0,6,0,[0|0]
276100470,,76100,470,2,0,[0|0],7610470,0,0,0,6,0,[0|0]
276100475,,76100,475,2,1,[0|0],7610475,0,0,0,6,0,[0|0]
276100476,,76100,476,2,1,[0|0],7610476,0,0,0,6,0,[0|0]
276100480,,76100,480,2,0,[0|0],7610480,0,0,0,6,0,[0|0]
276100481,,76100,481,2,0,[0|0],7610481,0,0,0,6,0,[0|0]
276100485,,76100,485,2,1,[0|0],7610485,0,0,0,6,0,[0|0]
276100486,,76100,486,2,1,[0|0],7610486,0,0,0,6,0,[0|0]
276100490,,76100,490,2,0,[0|0],7610490,0,0,0,6,0,[0|0]
276100500,,76100,500,2,0,[0|0],7610500,0,0,0,6,0,[0|0]
276100501,,76100,501,2,0,[0|0],7610501,0,0,0,6,0,[0|0]
276100505,,76100,505,2,1,[0|0],7610505,0,0,0,6,0,[0|0]
276100506,,76100,506,2,1,[0|0],7610506,0,0,0,6,0,[0|0]
276100510,,76100,510,2,0,[0|0],7610510,0,0,0,6,0,[0|0]
276100520,,76100,520,2,0,[0|0],7610520,0,0,0,6,0,[0|0]
276100530,,76100,530,2,0,[0|0],7610530,0,0,0,6,0,[0|0]
276100531,,76100,531,2,0,[0|0],7610531,0,0,0,6,0,[0|0]
276100535,,76100,535,2,1,[0|0],7610535,0,0,0,6,0,[0|0]
276100536,,76100,536,2,1,[0|0],7610536,0,0,0,6,0,[0|0]
276100540,,76100,540,2,0,[0|0],7610540,0,0,0,6,0,[0|0]
276100541,,76100,541,2,0,[0|0],7610541,0,0,0,6,0,[0|0]
276100542,,76100,542,2,0,[0|0],7610542,0,0,0,6,0,[0|0]
276100543,,76100,543,2,0,[0|0],7610543,0,0,0,6,0,[0|0]
276100545,,76100,545,2,1,[0|0],7610545,0,0,0,6,0,[0|0]
276100546,,76100,546,2,1,[0|0],7610546,0,0,0,6,0,[0|0]
276100550,,76100,550,2,1,[0|0],7610550,0,0,0,6,0,[0|0]
276100551,,76100,551,2,1,[0|0],7610551,0,0,0,6,0,[0|0]
276100552,,76100,552,2,1,[0|0],7610552,0,0,0,6,0,[0|0]
276100553,,76100,553,2,1,[0|0],7610553,0,0,0,6,0,[0|0]
276100554,,76100,554,2,1,[0|0],7610554,0,0,0,6,0,[0|0]
276100560,,76100,560,2,1,[0|0],7610560,0,0,0,6,0,[0|0]
276100561,,76100,561,2,1,[0|0],7610561,0,0,0,6,0,[0|0]
276100562,,76100,562,2,1,[0|0],7610562,0,0,0,6,0,[0|0]
276100563,,76100,563,2,1,[0|0],7610563,0,0,0,6,0,[0|0]
276100564,,76100,564,2,1,[0|0],7610564,0,0,0,6,0,[0|0]
276100570,,76100,570,2,1,[0|0],7610570,0,0,0,6,0,[0|0]
276100571,,76100,571,2,1,[0|0],7610571,0,0,0,6,0,[0|0]
276100572,,76100,572,2,1,[0|0],7610572,0,0,0,6,0,[0|0]
276100573,,76100,573,2,1,[0|0],7610573,0,0,0,6,0,[0|0]
276100574,,76100,574,2,1,[0|0],7610574,0,0,0,6,0,[0|0]
276100580,,76100,580,2,1,[0|0],7610580,0,0,0,6,0,[0|0]
276100581,,76100,581,2,1,[0|0],7610581,0,0,0,6,0,[0|0]
276100582,,76100,582,2,1,[0|0],7610582,0,0,0,6,0,[0|0]
276100583,,76100,583,2,1,[0|0],7610583,0,0,0,6,0,[0|0]
276100584,,76100,584,2,1,[0|0],7610584,0,0,0,6,0,[0|0]
276100590,,76100,590,2,1,[0|0],7610590,0,0,0,6,0,[0|0]
276100591,,76100,591,2,1,[0|0],7610591,0,0,0,6,0,[0|0]
276100595,,76100,595,2,1,[0|0],7610595,0,0,0,6,0,[0|0]
276100596,,76100,596,2,1,[0|0],7610596,0,0,0,6,0,[0|0]
276100597,,76100,597,2,1,[0|0],7610597,0,0,0,6,0,[0|0]
276100598,,76100,598,2,1,[0|0],7610598,0,0,0,6,0,[0|0]
276100600,,76100,600,2,1,[0|0],7610600,0,0,0,6,0,[0|0]
276100601,,76100,601,2,1,[0|0],7610601,0,0,0,6,0,[0|0]
276100605,,76100,605,2,1,[0|0],7610605,0,0,0,6,0,[0|0]
276100606,,76100,606,2,1,[0|0],7610606,0,0,0,6,0,[0|0]
276100607,,76100,607,2,1,[0|0],7610607,0,0,0,6,0,[0|0]
276100608,,76100,608,2,1,[0|0],7610608,0,0,0,6,0,[0|0]
276100610,,76100,610,2,1,[0|0],7610610,0,0,0,6,0,[0|0]
276100620,,76100,620,2,0,[0|0],7610620,0,0,0,6,0,[0|0]
276100621,,76100,621,2,0,[0|0],7610621,0,0,0,6,0,[0|0]
276100622,,76100,622,2,0,[0|0],7610622,0,0,0,6,0,[0|0]
276100623,,76100,623,2,0,[0|0],7610623,0,0,0,6,0,[0|0]
276100625,,76100,625,2,1,[0|0],7610625,0,0,0,6,0,[0|0]
276100626,,76100,626,2,1,[0|0],7610626,0,0,0,6,0,[0|0]
276100630,,76100,630,2,1,[0|0],7610630,0,0,0,6,0,[0|0]
276100631,,76100,631,2,1,[0|0],7610631,0,0,0,6,0,[0|0]
276100632,,76100,632,2,1,[0|0],7610632,0,0,0,6,0,[0|0]
276100633,,76100,633,2,1,[0|0],7610633,0,0,0,6,0,[0|0]
276100640,,76100,640,2,1,[0|0],7610640,0,0,0,6,0,[0|0]
276100641,,76100,641,2,1,[0|0],7610641,0,0,0,6,0,[0|0]
276100642,,76100,642,2,1,[0|0],7610642,0,0,0,6,0,[0|0]
276100643,,76100,643,2,1,[0|0],7610643,0,0,0,6,0,[0|0]
276100644,,76100,644,2,1,[0|0],7610644,0,0,0,6,0,[0|0]
276100645,,76100,645,2,1,[0|0],7610645,0,0,0,6,0,[0|0]
276100650,,76100,650,2,1,[0|0],7610650,0,0,0,6,0,[0|0]
276100651,,76100,651,2,1,[0|0],7610651,0,0,0,6,0,[0|0]
276100652,,76100,652,2,1,[0|0],7610652,0,0,0,6,0,[0|0]
276100653,,76100,653,2,1,[0|0],7610653,0,0,0,6,0,[0|0]
276100654,,76100,654,2,1,[0|0],7610654,0,0,0,6,0,[0|0]
276100655,,76100,655,2,1,[0|0],7610655,0,0,0,6,0,[0|0]
276100660,,76100,660,2,1,[0|0],7610660,0,0,0,6,0,[0|0]
276100661,,76100,661,2,1,[0|0],7610661,0,0,0,6,0,[0|0]
276100662,,76100,662,2,1,[0|0],7610662,0,0,0,6,0,[0|0]
276100663,,76100,663,2,1,[0|0],7610663,0,0,0,6,0,[0|0]
276100664,,76100,664,2,1,[0|0],7610664,0,0,0,6,0,[0|0]
276100665,,76100,665,2,1,[0|0],7610665,0,0,0,6,0,[0|0]
276100670,,76100,670,2,1,[0|0],7610670,0,0,0,6,0,[0|0]
276100671,,76100,671,2,1,[0|0],7610671,0,0,0,6,0,[0|0]
276100672,,76100,672,2,1,[0|0],7610672,0,0,0,6,0,[0|0]
276100673,,76100,673,2,1,[0|0],7610673,0,0,0,6,0,[0|0]
276100674,,76100,674,2,1,[0|0],7610674,0,0,0,6,0,[0|0]
276100675,,76100,675,2,1,[0|0],7610675,0,0,0,6,0,[0|0]
276100680,,76100,680,2,1,[0|0],7610680,0,0,0,6,0,[0|0]
276100681,,76100,681,2,1,[0|0],7610681,0,0,0,6,0,[0|0]
276100682,,76100,682,2,1,[0|0],7610682,0,0,0,6,0,[0|0]
276100683,,76100,683,2,1,[0|0],7610683,0,0,0,6,0,[0|0]
276100684,,76100,684,2,1,[0|0],7610684,0,0,0,6,0,[0|0]
276100685,,76100,685,2,1,[0|0],7610685,0,0,0,6,0,[0|0]
276100690,,76100,690,2,1,[0|0],7610690,0,0,0,6,0,[0|0]
276100691,,76100,691,2,1,[0|0],7610691,0,0,0,6,0,[0|0]
276100692,,76100,692,2,1,[0|0],7610692,0,0,0,6,0,[0|0]
276100693,,76100,693,2,1,[0|0],7610693,0,0,0,6,0,[0|0]
276100694,,76100,694,2,1,[0|0],7610694,0,0,0,6,0,[0|0]
276100695,,76100,695,2,1,[0|0],7610695,0,0,0,6,0,[0|0]
276100700,,76100,700,2,1,[0|0],7610700,0,0,0,6,0,[0|0]
276100701,,76100,701,2,1,[0|0],7610701,0,0,0,6,0,[0|0]
276100702,,76100,702,2,1,[0|0],7610702,0,0,0,6,0,[0|0]
276100703,,76100,703,2,1,[0|0],7610703,0,0,0,6,0,[0|0]
276100704,,76100,704,2,1,[0|0],7610704,0,0,0,6,0,[0|0]
276100705,,76100,705,2,1,[0|0],7610705,0,0,0,6,0,[0|0]
276100710,,76100,710,2,1,[0|0],7610710,0,0,0,6,0,[0|0]
276100711,,76100,711,2,1,[0|0],7610711,0,0,0,6,0,[0|0]
276100720,,76100,720,2,1,[0|0],7610720,0,0,0,6,0,[0|0]
276100721,,76100,721,2,1,[0|0],7610721,0,0,0,6,0,[0|0]
276100800,,76100,800,2,1,[0|0],7610800,0,0,0,6,0,[0|0]
276100810,,76100,810,2,1,[0|0],7610810,0,0,0,6,0,[0|0]
276100811,,76100,811,2,1,[0|0],7610811,0,0,0,6,0,[0|0]
276100812,,76100,812,2,1,[0|0],7610812,0,0,0,6,0,[0|0]
276100813,,76100,813,2,1,[0|0],7610813,0,0,0,6,0,[0|0]
276100820,,76100,820,2,1,[0|0],7610820,0,0,0,6,0,[0|0]
276100821,,76100,821,2,1,[0|0],7610821,0,0,0,6,0,[0|0]
276100822,,76100,822,2,1,[0|0],7610822,0,0,0,6,0,[0|0]
276100823,,76100,823,2,1,[0|0],7610823,0,0,0,6,0,[0|0]
276100824,,76100,824,2,1,[0|0],7610824,0,0,0,6,0,[0|0]
276100825,,76100,825,2,0,[0|0],7610825,0,0,0,6,0,[0|0]
276100826,,76100,826,2,0,[0|0],7610826,0,0,0,6,0,[0|0]
276100827,,76100,827,2,0,[0|0],7610827,0,0,0,6,0,[0|0]
276100830,,76100,830,2,1,[0|0],7610830,0,0,0,6,0,[0|0]
276100831,,76100,831,2,1,[0|0],7610831,0,0,0,6,0,[0|0]
276100832,,76100,832,2,1,[0|0],7610832,0,0,0,6,0,[0|0]
276100833,,76100,833,2,1,[0|0],7610833,0,0,0,6,0,[0|0]
276100834,,76100,834,2,1,[0|0],7610834,0,0,0,6,0,[0|0]
276100840,,76100,840,2,1,[0|0],7610840,0,0,0,6,0,[0|0]
276100845,,76100,845,2,1,[0|0],7610845,0,0,0,6,0,[0|0]
276100846,,76100,846,2,1,[0|0],7610846,0,0,0,6,0,[0|0]
276100847,,76100,847,2,1,[0|0],7610847,0,0,0,6,0,[0|0]
276100848,,76100,848,2,1,[0|0],7610848,0,0,0,6,0,[0|0]
276100849,,76100,849,2,1,[0|0],7610849,0,0,0,6,0,[0|0]
276100850,,76100,850,2,1,[0|0],7610850,0,0,0,6,0,[0|0]
276100851,,76100,851,2,1,[0|0],7610851,0,0,0,6,0,[0|0]
276100852,,76100,852,2,1,[0|0],7610852,0,0,0,6,0,[0|0]
276100853,,76100,853,2,1,[0|0],7610853,0,0,0,6,0,[0|0]
276100854,,76100,854,2,1,[0|0],7610854,0,0,0,6,0,[0|0]
276100855,,76100,855,2,1,[0|0],7610855,0,0,0,6,0,[0|0]
276100856,,76100,856,2,1,[0|0],7610856,0,0,0,6,0,[0|0]
276100857,,76100,857,2,1,[0|0],7610857,0,0,0,6,0,[0|0]
276100858,,76100,858,2,1,[0|0],7610858,0,0,0,6,0,[0|0]
276100859,,76100,859,2,1,[0|0],7610859,0,0,0,6,0,[0|0]
276100860,,76100,860,2,1,[0|0],7610860,0,0,0,6,0,[0|0]
276100861,,76100,861,2,1,[0|0],7610861,0,0,0,6,0,[0|0]
276100862,,76100,862,2,1,[0|0],7610862,0,0,0,6,0,[0|0]
276100865,,76100,865,2,1,[0|0],7610865,0,0,0,6,0,[0|0]
276100866,,76100,866,2,1,[0|0],7610866,0,0,0,6,0,[0|0]
276100867,,76100,867,2,1,[0|0],7610867,0,0,0,6,0,[0|0]
276100868,,76100,868,2,1,[0|0],7610868,0,0,0,6,0,[0|0]
276100870,,76100,870,2,1,[0|0],7610870,0,0,0,6,0,[0|0]
276100871,,76100,871,2,1,[0|0],7610871,0,0,0,6,0,[0|0]
276100872,,76100,872,2,1,[0|0],7610872,0,0,0,6,0,[0|0]
276100873,,76100,873,2,1,[0|0],7610873,0,0,0,6,0,[0|0]
276100900,,76100,900,2,1,[0|0],7610900,0,0,0,6,0,[0|0]
276100910,,76100,910,2,1,[0|0],7610910,0,0,0,6,0,[0|0]
276100911,,76100,911,2,1,[0|0],7610911,0,0,0,6,0,[0|0]
276100915,,76100,915,2,1,[0|0],7610915,0,0,0,6,0,[0|0]
276100920,,76100,920,2,1,[0|0],7610920,0,0,0,6,0,[0|0]
276100930,,76100,930,2,1,[0|0],7610930,0,0,0,6,0,[0|0]
276100940,,76100,940,2,1,[0|0],7610940,0,0,0,6,0,[0|0]
276100950,,76100,950,2,1,[0|0],7610950,0,0,0,6,0,[0|0]
276100960,,76100,960,2,0,[0|0],7610960,0,0,0,6,0,[0|0]
276100970,,76100,970,2,0,[0|0],7610970,0,0,0,6,0,[0|0]
276200100,,76200,100,2,0,[0|0],7620100,0,0,0,6,0,[0|0]
276200101,,76200,101,2,0,[0|0],7620101,0,0,0,6,0,[0|0]
276200102,,76200,102,2,0,[0|0],7620102,0,0,0,6,0,[0|0]
276200110,,76200,110,2,0,[0|0],7620110,0,0,0,6,0,[0|0]
276200111,,76200,111,2,0,[0|0],7620111,0,0,0,6,0,[0|0]
276200112,,76200,112,2,0,[0|0],7620112,0,0,0,6,0,[0|0]
276200120,,76200,120,2,0,[0|0],7620120,0,0,0,6,0,[0|0]
276200121,,76200,121,2,0,[0|0],7620121,0,0,0,6,0,[0|0]
276200122,,76200,122,2,0,[0|0],7620122,0,0,0,6,0,[0|0]
276200123,,76200,123,2,0,[0|0],7620123,0,0,0,6,0,[0|0]
276200125,,76200,125,2,0,[0|0],7620125,0,0,0,6,0,[0|0]
276200126,,76200,126,2,0,[0|0],7620126,0,0,0,6,0,[0|0]
276200130,,76200,130,2,0,[0|0],7620130,0,0,0,6,0,[0|0]
276200140,,76200,140,2,0,[0|0],7620140,0,0,0,6,0,[0|0]
276200150,,76200,150,2,1,[0|0],7620149,0,0,0,6,0,[0|0]
276200151,,76200,151,2,1,[0|0],7620130,0,0,0,6,0,[0|0]
276200152,,76200,152,2,1,[0|0],7620154,0,0,0,6,0,[0|0]
276200153,,76200,153,2,1,[0|0],7620155,0,0,0,6,0,[0|0]
276200154,,76200,154,2,1,[0|0],7620156,0,0,0,6,0,[0|0]
276200155,,76200,155,2,1,[0|0],7620157,0,0,0,6,0,[0|0]
276200156,,76200,156,2,1,[0|0],7620195,0,0,0,6,0,[0|0]
276200160,,76200,160,2,0,[0|0],7620160,0,0,0,6,0,[0|0]
276200161,,76200,161,2,0,[0|0],7620161,0,0,0,6,0,[0|0]
276200162,,76200,162,2,0,[0|0],7620162,0,0,0,6,0,[0|0]
276200163,,76200,163,2,1,[0|0],7620310,0,0,0,6,0,[0|0]
276200164,,76200,164,2,1,[0|0],7620311,0,0,0,6,0,[0|0]
276200165,,76200,165,2,1,[0|0],7620315,0,0,0,6,0,[0|0]
276200167,,76200,167,2,0,[0|0],7620167,0,0,0,6,0,[0|0]
276200168,,76200,168,2,0,[0|0],7620168,0,0,0,6,0,[0|0]
276200169,,76200,169,2,0,[0|0],7620169,0,0,0,6,0,[0|0]
276200170,,76200,170,2,0,[0|0],7620170,0,0,0,6,0,[0|0]
276200171,,76200,171,2,0,[0|0],7620171,0,0,0,6,0,[0|0]
276200172,,76200,172,2,0,[0|0],7620172,0,0,0,6,0,[0|0]
276200173,,76200,173,2,0,[0|0],7620173,0,0,0,6,0,[0|0]
276200174,,76200,174,2,0,[0|0],7620174,0,0,0,6,0,[0|0]
276200175,,76200,175,2,0,[0|0],7620175,0,0,0,6,0,[0|0]
276200176,,76200,176,2,0,[0|0],7620176,0,0,0,6,0,[0|0]
276200178,,76200,178,2,1,[0|0],7620133,0,0,0,6,0,[0|0]
276200179,,76200,179,2,1,[0|0],7620134,0,0,0,6,0,[0|0]
276200180,,76200,180,2,1,[0|0],7620135,0,0,0,6,0,[0|0]
276200181,,76200,181,2,1,[0|0],7620136,0,0,0,6,0,[0|0]
276200182,,76200,182,2,1,[0|0],7620137,0,0,0,6,0,[0|0]
276200183,,76200,183,2,1,[0|0],7620138,0,0,0,6,0,[0|0]
276200184,,76200,184,2,1,[0|0],7620139,0,0,0,6,0,[0|0]
276200185,,76200,185,2,1,[0|0],7620140,0,0,0,6,0,[0|0]
276200186,,76200,186,2,1,[0|0],7620141,0,0,0,6,0,[0|0]
276200187,,76200,187,2,1,[0|0],7620142,0,0,0,6,0,[0|0]
276200188,,76200,188,2,1,[0|0],7620147,0,0,0,6,0,[0|0]
276200190,,76200,190,2,0,[0|0],7620190,0,0,0,6,0,[0|0]
276200191,,76200,191,2,0,[0|0],7620191,0,0,0,6,0,[0|0]
276200192,,76200,192,2,0,[0|0],7620192,0,0,0,6,0,[0|0]
276200193,,76200,193,2,0,[0|0],7620193,0,0,0,6,0,[0|0]
276200200,,76200,200,2,1,[0|0],7620200,0,0,0,6,0,[0|0]
276200201,,76200,201,2,1,[0|0],7620210,0,0,0,6,0,[0|0]
276200202,,76200,202,2,1,[0|0],7620220,0,0,0,6,0,[0|0]
276200203,,76200,203,2,1,[0|0],7620221,0,0,0,6,0,[0|0]
276200210,,76200,210,2,0,[0|0],7620200,0,0,0,6,0,[0|0]
276200211,,76200,211,2,0,[0|0],7620201,0,0,0,6,0,[0|0]
276200212,,76200,212,2,0,[0|0],7620202,0,0,0,6,0,[0|0]
276200213,,76200,213,2,1,[0|0],7620300,0,0,0,6,0,[0|0]
276200214,,76200,214,2,1,[0|0],7620301,0,0,0,6,0,[0|0]
276200215,,76200,215,2,1,[0|0],7620302,0,0,0,6,0,[0|0]
276200216,,76200,216,2,1,[0|0],7620305,0,0,0,6,0,[0|0]
276200220,,76200,220,2,1,[0|0],7620280,0,0,0,6,0,[0|0]
276200221,,76200,221,2,1,[0|0],7620281,0,0,0,6,0,[0|0]
276200222,,76200,222,2,1,[0|0],7620282,0,0,0,6,0,[0|0]
276200223,,76200,223,2,1,[0|0],7620283,0,0,0,6,0,[0|0]
276200224,,76200,224,2,1,[0|0],7620284,0,0,0,6,0,[0|0]
276200225,,76200,225,2,1,[0|0],7620285,0,0,0,6,0,[0|0]
276200226,,76200,226,2,1,[0|0],7620226,0,0,0,6,0,[0|0]
276200227,,76200,227,2,1,[0|0],7620227,0,0,0,6,0,[0|0]
276200228,,76200,228,2,1,[0|0],7620228,0,0,0,6,0,[0|0]
276200229,,76200,229,2,1,[0|0],7620229,0,0,0,6,0,[0|0]
276200230,,76200,230,2,1,[0|0],7620230,0,0,0,6,0,[0|0]
276200231,,76200,231,2,1,[0|0],7620231,0,0,0,6,0,[0|0]
276200232,,76200,232,2,1,[0|0],7620232,0,0,0,6,0,[0|0]
276200233,,76200,233,2,1,[0|0],7620233,0,0,0,6,0,[0|0]
276200234,,76200,234,2,1,[0|0],7620234,0,0,0,6,0,[0|0]
276200235,,76200,235,2,1,[0|0],7620235,0,0,0,6,0,[0|0]
276200236,,76200,236,2,1,[0|0],7620236,0,0,0,6,0,[0|0]
276200237,,76200,237,2,1,[0|0],7620237,0,0,0,6,0,[0|0]
276200238,,76200,238,2,1,[0|0],7620238,0,0,0,6,0,[0|0]
276200239,,76200,239,2,1,[0|0],7620239,0,0,0,6,0,[0|0]
276200240,,76200,240,2,1,[0|0],7620240,0,0,0,6,0,[0|0]
276200241,,76200,241,2,1,[0|0],7620241,0,0,0,6,0,[0|0]
276200242,,76200,242,2,1,[0|0],7620242,0,0,0,6,0,[0|0]
276200243,,76200,243,2,1,[0|0],7620243,0,0,0,6,0,[0|0]
276200244,,76200,244,2,1,[0|0],7620244,0,0,0,6,0,[0|0]
276200245,,76200,245,2,1,[0|0],7620245,0,0,0,6,0,[0|0]
276200280,,76200,280,2,1,[0|0],7620250,0,0,0,6,0,[0|0]
276200285,,76200,285,2,1,[0|0],7620260,0,0,0,6,0,[0|0]
276200290,,76200,290,2,1,[0|0],7620270,0,0,0,6,0,[0|0]
276200295,,76200,295,2,1,[0|0],7620286,0,0,0,6,0,[0|0]
276200296,,76200,296,2,1,[0|0],7620287,0,0,0,6,0,[0|0]
276200360,,76200,360,2,1,[0|0],7620350,0,0,0,6,0,[0|0]
276200361,,76200,361,2,1,[0|0],7620351,0,0,0,6,0,[0|0]
276200362,,76200,362,2,1,[0|0],7620352,0,0,0,6,0,[0|0]
276200363,,76200,363,2,1,[0|0],7620353,0,0,0,6,0,[0|0]
276200364,,76200,364,2,1,[0|0],7620390,0,0,0,6,0,[0|0]
276200400,,76200,400,2,0,[0|0],7620400,0,0,0,6,0,[0|0]
276200500,,76200,500,2,1,[0|0],7620500,0,0,0,6,0,[0|0]
276200550,,76200,550,2,1,[0|0],7620550,0,0,0,6,0,[0|0]
276200560,,76200,560,2,1,[0|0],7620560,0,0,0,6,0,[0|0]
276200600,,76200,600,2,1,[0|0],7620600,0,0,0,6,0,[0|0]
276200601,,76200,601,2,1,[0|0],7620601,0,0,0,6,0,[0|0]
276200700,,76200,700,2,1,[0|0],7620700,0,0,0,6,0,[0|0]
276200701,,76200,701,2,1,[0|0],7620701,0,0,0,6,0,[0|0]
276200702,,76200,702,2,1,[0|0],7620702,0,0,0,6,0,[0|0]
276200703,,76200,703,2,1,[0|0],7620703,0,0,0,6,0,[0|0]
276200704,,76200,704,2,1,[0|0],7620704,0,0,0,6,0,[0|0]
276200705,,76200,705,2,1,[0|0],7620705,0,0,0,6,0,[0|0]
276200706,,76200,706,2,1,[0|0],7620706,0,0,0,6,0,[0|0]
276200710,,76200,710,2,1,[0|0],7620710,0,0,0,6,0,[0|0]
276200711,,76200,711,2,1,[0|0],7620711,0,0,0,6,0,[0|0]
276200712,,76200,712,2,1,[0|0],7620712,0,0,0,6,0,[0|0]
276200713,,76200,713,2,1,[0|0],7620713,0,0,0,6,0,[0|0]
276200714,,76200,714,2,1,[0|0],7620714,0,0,0,6,0,[0|0]
276200715,,76200,715,2,1,[0|0],7620715,0,0,0,6,0,[0|0]
276200716,,76200,716,2,1,[0|0],7620716,0,0,0,6,0,[0|0]
276200720,,76200,720,2,1,[0|0],7620720,0,0,0,6,0,[0|0]
276200721,,76200,721,2,1,[0|0],7620721,0,0,0,6,0,[0|0]
276200722,,76200,722,2,1,[0|0],7620722,0,0,0,6,0,[0|0]
276200723,,76200,723,2,1,[0|0],7620723,0,0,0,6,0,[0|0]
276200724,,76200,724,2,1,[0|0],7620724,0,0,0,6,0,[0|0]
276200725,,76200,725,2,1,[0|0],7620725,0,0,0,6,0,[0|0]
276200726,,76200,726,2,1,[0|0],7620726,0,0,0,6,0,[0|0]
276200727,,76200,727,2,1,[0|0],7620727,0,0,0,6,0,[0|0]
276200728,,76200,728,2,1,[0|0],7620728,0,0,0,6,0,[0|0]
276200730,,76200,730,2,1,[0|0],7621100,0,0,0,6,0,[0|0]
276200731,,76200,731,2,1,[0|0],7621110,0,0,0,6,0,[0|0]
276200732,,76200,732,2,1,[0|0],7621120,0,0,0,6,0,[0|0]
276200733,,76200,733,2,1,[0|0],7621130,0,0,0,6,0,[0|0]
276200734,,76200,734,2,1,[0|0],7621140,0,0,0,6,0,[0|0]
276200735,,76200,735,2,1,[0|0],7621150,0,0,0,6,0,[0|0]
276200736,,76200,736,2,1,[0|0],7621151,0,0,0,6,0,[0|0]
276200737,,76200,737,2,1,[0|0],7621220,0,0,0,6,0,[0|0]
276200738,,76200,738,2,1,[0|0],7621221,0,0,0,6,0,[0|0]
276200740,,76200,740,2,1,[0|0],7621200,0,0,0,6,0,[0|0]
276200741,,76200,741,2,1,[0|0],7621210,0,0,0,6,0,[0|0]
276200742,,76200,742,2,0,[0|0],7621180,0,0,0,6,0,[0|0]
276200743,,76200,743,2,0,[0|0],7621181,0,0,0,6,0,[0|0]
276200744,,76200,744,2,0,[0|0],7621182,0,0,0,6,0,[0|0]
276200745,,76200,745,2,0,[0|0],7621100,0,0,0,6,0,[0|0]
276200746,,76200,746,2,0,[0|0],7621101,0,0,0,6,0,[0|0]
276200747,,76200,747,2,0,[0|0],7621102,0,0,0,6,0,[0|0]
276200748,,76200,748,2,0,[0|0],7621103,0,0,0,6,0,[0|0]
276200750,,76200,750,2,0,[0|0],7621110,0,0,0,6,0,[0|0]
276200755,,76200,755,2,0,[0|0],7621120,0,0,0,6,0,[0|0]
276200756,,76200,756,2,0,[0|0],7621121,0,0,0,6,0,[0|0]
276200760,,76200,760,2,0,[0|0],7621130,0,0,0,6,0,[0|0]
276200761,,76200,761,2,0,[0|0],7621131,0,0,0,6,0,[0|0]
276200762,,76200,762,2,0,[0|0],7621132,0,0,0,6,0,[0|0]
276200763,,76200,763,2,0,[0|0],7621133,0,0,0,6,0,[0|0]
276200770,,76200,770,2,0,[0|0],7621140,0,0,0,6,0,[0|0]
276200771,,76200,771,2,0,[0|0],7621141,0,0,0,6,0,[0|0]
276200772,,76200,772,2,0,[0|0],7621142,0,0,0,6,0,[0|0]
276200780,,76200,780,2,0,[0|0],7621150,0,0,0,6,0,[0|0]
276200781,,76200,781,2,0,[0|0],7621151,0,0,0,6,0,[0|0]
276200782,,76200,782,2,0,[0|0],7621152,0,0,0,6,0,[0|0]
276200790,,76200,790,2,0,[0|0],7621160,0,0,0,6,0,[0|0]
276200791,,76200,791,2,0,[0|0],7621161,0,0,0,6,0,[0|0]
276200792,,76200,792,2,0,[0|0],7621162,0,0,0,6,0,[0|0]
276200795,,76200,795,2,0,[0|0],7621170,0,0,0,6,0,[0|0]
276200796,,76200,796,2,0,[0|0],7621171,0,0,0,6,0,[0|0]
276200800,,76200,800,2,1,[0|0],7620800,0,0,0,6,0,[0|0]
276200810,,76200,810,2,1,[0|0],7620810,0,0,0,6,0,[0|0]
276200820,,76200,820,2,1,[0|0],7620820,0,0,0,6,0,[0|0]
276200830,,76200,830,2,1,[0|0],7620830,0,0,0,6,0,[0|0]
276200840,,76200,840,2,1,[0|0],7620840,0,0,0,6,0,[0|0]
276200850,,76200,850,2,1,[0|0],7620850,0,0,0,6,0,[0|0]
276200860,,76200,860,2,1,[0|0],7620860,0,0,0,6,0,[0|0]
276200870,,76200,870,2,1,[0|0],7620870,0,0,0,6,0,[0|0]
276200890,,76200,890,2,1,[0|0],7620890,0,0,0,6,0,[0|0]
276200900,,76200,900,2,1,[0|0],7620100,0,0,0,6,0,[0|0]
276200901,,76200,901,2,1,[0|0],7620102,0,0,0,6,0,[0|0]
276200902,,76200,902,2,1,[0|0],7620105,0,0,0,6,0,[0|0]
276200903,,76200,903,2,1,[0|0],7620101,0,0,0,6,0,[0|0]
276200904,,76200,904,2,1,[0|0],7620103,0,0,0,6,0,[0|0]
276200905,,76200,905,2,1,[0|0],7620107,0,0,0,6,0,[0|0]
276200906,,76200,906,2,1,[0|0],7620108,0,0,0,6,0,[0|0]
276200910,,76200,910,2,1,[0|0],7620110,0,0,0,6,0,[0|0]
276200911,,76200,911,2,1,[0|0],7620115,0,0,0,6,0,[0|0]
276200912,,76200,912,2,1,[0|0],7620116,0,0,0,6,0,[0|0]
276200913,,76200,913,2,1,[0|0],7620117,0,0,0,6,0,[0|0]
276200914,,76200,914,2,1,[0|0],7620118,0,0,0,6,0,[0|0]
276200915,,76200,915,2,1,[0|0],7620111,0,0,0,6,0,[0|0]
276200916,,76200,916,2,1,[0|0],7620112,0,0,0,6,0,[0|0]
276200918,,76200,918,2,1,[0|0],7620113,0,0,0,6,0,[0|0]
276200919,,76200,919,2,1,[0|0],7620114,0,0,0,6,0,[0|0]
276200920,,76200,920,2,1,[0|0],7620120,0,0,0,6,0,[0|0]
276200921,,76200,921,2,1,[0|0],7620121,0,0,0,6,0,[0|0]
276200922,,76200,922,2,1,[0|0],7620122,0,0,0,6,0,[0|0]
276200923,,76200,923,2,1,[0|0],7620123,0,0,0,6,0,[0|0]
276200924,,76200,924,2,1,[0|0],7620124,0,0,0,6,0,[0|0]
276200925,,76200,925,2,1,[0|0],7620125,0,0,0,6,0,[0|0]
276200926,,76200,926,2,1,[0|0],7620126,0,0,0,6,0,[0|0]
276200950,,76200,950,2,1,[0|0],7620950,0,0,0,6,0,[0|0]
276200951,,76200,951,2,1,[0|0],7620951,0,0,0,6,0,[0|0]
276200955,,76200,955,2,1,[0|0],7620955,0,0,0,6,0,[0|0]
276200960,,76200,960,2,1,[0|0],7620960,0,0,0,6,0,[0|0]
276200970,,76200,970,2,1,[0|0],7620970,0,0,0,6,0,[0|0]
276200980,,76200,980,2,1,[0|0],7620980,0,0,0,6,0,[0|0]
276200985,,76200,985,2,1,[0|0],7620985,0,0,0,6,0,[0|0]
276200989,,76200,989,2,1,[0|0],7620989,0,0,0,6,0,[0|0]
276200990,,76200,990,2,0,[0|0],7621990,0,0,0,6,0,[0|0]
276200999,,76200,999,2,1,[0|0],7620999,0,0,0,6,0,[0|0]
276500100,,76500,100,2,0,[0|0],7650100,0,0,0,6,0,[0|0]
276500101,,76500,101,2,0,[0|0],7650101,0,0,0,6,0,[0|0]
276500102,,76500,102,2,0,[0|0],7650102,0,0,0,6,0,[0|0]
276500200,,76500,200,2,0,[0|0],7650200,0,0,0,6,0,[0|0]
276500300,,76500,300,2,0,[0|0],7650300,0,0,0,7,0,[0|0]
276500400,,76500,400,2,0,[0|0],7650400,0,0,0,6,0,[0|0]
276500500,,76500,500,2,0,[0|0],7650500,0,0,0,6,0,[0|0]
276500900,,76500,900,2,1,[0|0],7650900,0,0,0,6,0,[0|0]
276500901,,76500,901,2,1,[0|0],7650901,0,0,0,6,0,[0|0]
276500920,,76500,920,2,1,[0|0],7650920,0,0,0,6,0,[0|0]
276500921,,76500,921,2,1,[0|0],7650921,0,0,0,6,0,[0|0]
276500922,,76500,922,2,1,[0|0],7650922,0,0,0,6,0,[0|0]
276500930,,76500,930,2,1,[0|0],7650930,0,0,0,6,0,[0|0]
276500931,,76500,931,2,1,[0|0],7650931,0,0,0,6,0,[0|0]
276500932,,76500,932,2,1,[0|0],7650932,0,0,0,6,0,[0|0]
276500950,,76500,950,2,1,[0|0],7650950,0,0,0,6,0,[0|0]
276500990,,76500,990,2,0,[0|0],7650990,0,0,0,6,0,[0|0]
276510100,,76510,100,2,0,[0|0],7651100,0,0,0,6,0,[0|0]
276510101,,76510,101,2,0,[0|0],7651101,0,0,0,6,0,[0|0]
276510102,,76510,102,2,0,[0|0],7651102,0,0,0,6,0,[0|0]
276510200,,76510,200,2,0,[0|0],7651200,0,0,0,6,0,[0|0]
276510300,,76510,300,2,0,[0|0],7651300,0,0,0,7,0,[0|0]
276510400,,76510,400,2,0,[0|0],7651400,0,0,0,6,0,[0|0]
276510500,,76510,500,2,0,[0|0],7651500,0,0,0,6,0,[0|0]
276510900,,76510,900,2,1,[0|0],7651900,0,0,0,6,0,[0|0]
276510901,,76510,901,2,1,[0|0],7651901,0,0,0,6,0,[0|0]
276510920,,76510,920,2,1,[0|0],7651920,0,0,0,6,0,[0|0]
276510921,,76510,921,2,1,[0|0],7651921,0,0,0,6,0,[0|0]
276510922,,76510,922,2,1,[0|0],7651922,0,0,0,6,0,[0|0]
276510930,,76510,930,2,1,[0|0],7651930,0,0,0,6,0,[0|0]
276510931,,76510,931,2,1,[0|0],7651931,0,0,0,6,0,[0|0]
276510932,,76510,932,2,1,[0|0],7651932,0,0,0,6,0,[0|0]
276510950,,76510,950,2,1,[0|0],7651950,0,0,0,6,0,[0|0]
276510990,,76510,990,2,0,[0|0],7651990,0,0,0,6,0,[0|0]
276600100,,76600,100,2,0,[0|0],7660100,0,0,0,6,0,[0|0]
276600110,,76600,110,2,0,[0|0],7660110,0,0,0,6,0,[0|0]
276600120,,76600,120,2,1,[0|0],7660120,0,0,0,6,0,[0|0]
276600121,,76600,121,2,1,[0|0],7660121,0,0,0,6,0,[0|0]
276600122,,76600,122,2,1,[0|0],7660122,0,0,0,6,0,[0|0]
276600130,,76600,130,2,1,[0|0],7660130,0,0,0,6,0,[0|0]
276600131,,76600,131,2,1,[0|0],7660131,0,0,0,6,0,[0|0]
276600132,,76600,132,2,1,[0|0],7660132,0,0,0,6,0,[0|0]
276600133,,76600,133,2,1,[0|0],7660133,0,0,0,6,0,[0|0]
276600140,,76600,140,2,1,[0|0],7660140,0,0,0,6,0,[0|0]
276600150,,76600,150,2,0,[0|0],7660150,0,0,0,6,0,[0|0]
276600151,,76600,151,2,0,[0|0],7660151,0,0,0,6,0,[0|0]
276600152,,76600,152,2,1,[0|0],7660152,0,0,0,6,0,[0|0]
276600160,,76600,160,2,0,[0|0],7660160,0,0,0,6,0,[0|0]
276600161,,76600,161,2,0,[0|0],7660161,0,0,0,6,0,[0|0]
276600162,,76600,162,2,0,[0|0],7660162,0,0,0,6,0,[0|0]
276600163,,76600,163,2,0,[0|0],7660163,0,0,0,6,0,[0|0]
276600164,,76600,164,2,0,[0|0],7660164,0,0,0,6,0,[0|0]
276600165,,76600,165,2,0,[0|0],7660165,0,0,0,6,0,[0|0]
276600166,,76600,166,2,1,[0|0],7660166,0,0,0,6,0,[0|0]
276600170,,76600,170,2,0,[0|0],7660170,0,0,0,6,0,[0|0]
276600171,,76600,171,2,0,[0|0],7660171,0,0,0,6,0,[0|0]
276600172,,76600,172,2,0,[0|0],7660172,0,0,0,6,0,[0|0]
276600173,,76600,173,2,1,[0|0],7660173,0,0,0,6,0,[0|0]
276600180,,76600,180,2,0,[0|0],7660180,0,0,0,6,0,[0|0]
276600181,,76600,181,2,0,[0|0],7660181,0,0,0,6,0,[0|0]
276600182,,76600,182,2,0,[0|0],7660182,0,0,0,6,0,[0|0]
276600183,,76600,183,2,1,[0|0],7660183,0,0,0,6,0,[0|0]
276600190,,76600,190,2,1,[0|0],7660190,0,0,0,6,0,[0|0]
276600191,,76600,191,2,1,[0|0],7660191,0,0,0,6,0,[0|0]
276600200,,76600,200,2,1,[0|0],7660200,0,0,0,6,0,[0|0]
276600201,,76600,201,2,1,[0|0],7660201,0,0,0,6,0,[0|0]
276600210,,76600,210,2,0,[0|0],7660210,0,0,0,6,0,[0|0]
276600211,,76600,211,2,1,[0|0],7660211,0,0,0,6,0,[0|0]
276600220,,76600,220,2,0,[0|0],7660220,0,0,0,6,0,[0|0]
276600230,,76600,230,2,0,[0|0],7660230,0,0,0,6,0,[0|0]
276600231,,76600,231,2,1,[0|0],7660231,0,0,0,6,0,[0|0]
276600240,,76600,240,2,0,[0|0],7660240,0,0,0,6,0,[0|0]
276600241,,76600,241,2,1,[0|0],7660241,0,0,0,6,0,[0|0]
276600250,,76600,250,2,0,[0|0],7660250,0,0,0,6,0,[0|0]
276600260,,76600,260,2,0,[0|0],7660260,0,0,0,6,0,[0|0]
276600270,,76600,270,2,1,[0|0],7660270,0,0,0,6,0,[0|0]
276600271,,76600,271,2,1,[0|0],7660271,0,0,0,6,0,[0|0]
276600280,,76600,280,2,0,[0|0],7660280,0,0,0,6,0,[0|0]
276600800,,76600,800,2,0,[0|0],7660800,0,0,0,6,0,[0|0]
276600900,,76600,900,2,0,[0|0],7660900,0,0,0,6,0,[0|0]
276600920,,76600,920,2,1,[0|0],7660920,0,0,0,6,0,[0|0]
276600921,,76600,921,2,1,[0|0],7660921,0,0,0,6,0,[0|0]
276600922,,76600,922,2,1,[0|0],7660922,0,0,0,6,0,[0|0]
276600930,,76600,930,2,1,[0|0],7660930,0,0,0,6,0,[0|0]
276600931,,76600,931,2,1,[0|0],7660931,0,0,0,6,0,[0|0]
276600932,,76600,932,2,1,[0|0],7660932,0,0,0,6,0,[0|0]
276600950,,76600,950,2,1,[0|0],7660950,0,0,0,6,0,[0|0]
277000100,,77000,100,2,0,[0|0],7700000,0,0,0,6,0,[0|0]
277000101,,77000,101,2,0,[0|0],7700001,0,0,0,6,0,[0|0]
277000110,,77000,110,2,0,[0|0],7700010,0,0,0,6,0,[0|0]
277000111,,77000,111,2,0,[0|0],7700011,0,0,0,6,0,[0|0]
277000112,,77000,112,2,0,[0|0],7700012,0,0,0,6,0,[0|0]
277000120,,77000,120,2,0,[0|0],7700020,0,0,0,6,0,[0|0]
277000130,,77000,130,2,0,[0|0],7700030,0,0,0,6,0,[0|0]
277000131,,77000,131,2,0,[0|0],7700031,0,0,0,6,0,[0|0]
277000132,,77000,132,2,0,[0|0],7700032,0,0,0,6,0,[0|0]
277000133,,77000,133,2,0,[0|0],7700033,0,0,0,6,0,[0|0]
277000140,,77000,140,2,0,[0|0],7700040,0,0,0,6,0,[0|0]
277000150,,77000,150,2,0,[0|0],7700050,0,0,0,6,0,[0|0]
277000151,,77000,151,2,0,[0|0],7700061,0,0,0,6,0,[0|0]
277000160,,77000,160,2,0,[0|0],7700070,0,0,0,6,0,[0|0]
277000170,,77000,170,2,0,[0|0],7700071,0,0,0,6,0,[0|0]
277000171,,77000,171,2,0,[0|0],7700072,0,0,0,6,0,[0|0]
277000172,,77000,172,2,0,[0|0],7700073,0,0,0,6,0,[0|0]
277000173,,77000,173,2,0,[0|0],7700074,0,0,0,6,0,[0|0]
277000180,,77000,180,2,1,[0|0],7700310,0,0,0,6,0,[0|0]
277000181,,77000,181,2,1,[0|0],7700320,0,0,0,6,0,[0|0]
277000182,,77000,182,2,1,[0|0],7700325,0,0,0,6,0,[0|0]
277000190,,77000,190,2,0,[0|0],7700080,0,0,0,6,0,[0|0]
277000191,,77000,191,2,0,[0|0],7700081,0,0,0,6,0,[0|0]
277000300,,77000,300,2,0,[0|0],7700200,0,0,0,6,0,[0|0]
277000301,,77000,301,2,0,[0|0],7700201,0,0,0,6,0,[0|0]
277000302,,77000,302,2,0,[0|0],7700202,0,0,0,6,0,[0|0]
277000303,,77000,303,2,0,[0|0],7700203,0,0,0,6,0,[0|0]
277000304,,77000,304,2,0,[0|0],7700204,0,0,0,6,0,[0|0]
277000305,,77000,305,2,0,[0|0],7700205,0,0,0,6,0,[0|0]
277000310,,77000,310,2,0,[0|0],7700210,0,0,0,6,0,[0|0]
277000311,,77000,311,2,0,[0|0],7700211,0,0,0,6,0,[0|0]
277000312,,77000,312,2,0,[0|0],7700212,0,0,0,6,0,[0|0]
277000313,,77000,313,2,0,[0|0],7700213,0,0,0,6,0,[0|0]
277000320,,77000,320,2,0,[0|0],7700220,0,0,0,6,0,[0|0]
277000330,,77000,330,2,0,[0|0],7700221,0,0,0,6,0,[0|0]
277000600,,77000,600,2,0,[0|0],7700300,0,0,0,6,0,[0|0]
277000610,,77000,610,2,0,[0|0],7700301,0,0,0,6,0,[0|0]
277000620,,77000,620,2,0,[0|0],7700302,0,0,0,6,0,[0|0]
277000800,,77000,800,2,0,[0|0],7700800,0,0,0,6,0,[0|0]
277000810,,77000,810,2,0,[0|0],7700810,0,0,0,6,0,[0|0]
277000850,,77000,850,2,0,[0|0],7700700,0,0,0,6,0,[0|0]
277000900,,77000,900,2,1,[0|0],7700340,0,0,0,6,0,[0|0]
277000910,,77000,910,2,1,[0|0],7700350,0,0,0,6,0,[0|0]
277000920,,77000,920,2,1,[0|0],7700360,0,0,0,6,0,[0|0]
277000930,,77000,930,2,1,[0|0],7700440,0,0,0,6,0,[0|0]
277000940,,77000,940,2,1,[0|0],7700450,0,0,0,6,0,[0|0]
277000950,,77000,950,2,1,[0|0],7700460,0,0,0,6,0,[0|0]
277000960,,77000,960,2,1,[0|0],7700400,0,0,0,6,0,[0|0]
277000970,,77000,970,2,1,[0|0],7700370,0,0,0,6,0,[0|0]
277000980,,77000,980,2,1,[0|0],7700372,0,0,0,6,0,[0|0]
277000990,,77000,990,2,0,[0|0],7700990,0,0,0,6,0,[0|0]
277100100,,77100,100,2,0,[0|0],7710100,0,0,0,6,0,[0|0]
277100110,,77100,110,2,0,[0|0],7710110,0,0,0,6,0,[0|0]
277100120,,77100,120,2,0,[0|0],7710120,0,0,0,6,0,[0|0]
277100130,,77100,130,2,0,[0|0],7710130,0,0,0,6,0,[0|0]
277100140,,77100,140,2,0,[0|0],7710140,0,0,0,6,0,[0|0]
277100141,,77100,141,2,0,[0|0],7710141,0,0,0,6,0,[0|0]
277100142,,77100,142,2,0,[0|0],7710142,0,0,0,6,0,[0|0]
277100143,,77100,143,2,0,[0|0],7710143,0,0,0,6,0,[0|0]
277100144,,77100,144,2,0,[0|0],7710144,0,0,0,6,0,[0|0]
277100145,,77100,145,2,0,[0|0],7710145,0,0,0,6,0,[0|0]
277100150,,77100,150,2,1,[0|0],7710150,0,0,0,6,0,[0|0]
277100151,,77100,151,2,1,[0|0],7710151,0,0,0,6,0,[0|0]
277100152,,77100,152,2,1,[0|0],7710152,0,0,0,6,0,[0|0]
277100153,,77100,153,2,1,[0|0],7710153,0,0,0,6,0,[0|0]
277100160,,77100,160,2,1,[0|0],7710160,0,0,0,6,0,[0|0]
277100161,,77100,161,2,1,[0|0],7710161,0,0,0,6,0,[0|0]
277100170,,77100,170,2,0,[0|0],7710170,0,0,0,6,0,[0|0]
277100180,,77100,180,2,0,[0|0],7710180,0,0,0,6,0,[0|0]
277100181,,77100,181,2,0,[0|0],7710181,0,0,0,6,0,[0|0]
277100182,,77100,182,2,0,[0|0],7710182,0,0,0,6,0,[0|0]
277100183,,77100,183,2,0,[0|0],7710183,0,0,0,6,0,[0|0]
277100184,,77100,184,2,0,[0|0],7710184,0,0,0,6,0,[0|0]
277100185,,77100,185,2,0,[0|0],7710185,0,0,0,6,0,[0|0]
277100186,,77100,186,2,0,[0|0],7710186,0,0,0,6,0,[0|0]
277100187,,77100,187,2,0,[0|0],7710187,0,0,0,6,0,[0|0]
277100190,,77100,190,2,0,[0|0],7710190,0,0,0,6,0,[0|0]
277100300,,77100,300,2,0,[0|0],7710300,0,0,0,6,0,[0|0]
277100310,,77100,310,2,0,[0|0],7710310,0,0,0,6,0,[0|0]
277100320,,77100,320,2,0,[0|0],7710320,0,0,0,6,0,[0|0]
277100400,,77100,400,2,0,[0|0],7710400,0,0,0,6,0,[0|0]
277100600,,77100,600,2,0,[0|0],7710600,0,0,0,6,0,[0|0]
277100700,,77100,700,2,0,[0|0],7710700,0,0,0,6,0,[0|0]
277100800,,77100,800,2,0,[0|0],7710800,0,0,0,6,0,[0|0]
277100900,,77100,900,2,0,[0|0],7710900,0,0,0,6,0,[0|0]
277110100,,77110,100,2,0,[0|0],7711100,0,0,0,6,0,[0|0]
277110110,,77110,110,2,0,[0|0],7711110,0,0,0,6,0,[0|0]
277110120,,77110,120,2,0,[0|0],7711120,0,0,0,6,0,[0|0]
277110130,,77110,130,2,0,[0|0],7711130,0,0,0,6,0,[0|0]
277120100,,77120,100,2,0,[0|0],7712100,0,0,0,6,0,[0|0]
277120110,,77120,110,2,0,[0|0],7712110,0,0,0,6,0,[0|0]
277120120,,77120,120,2,0,[0|0],7712120,0,0,0,6,0,[0|0]
277120130,,77120,130,2,0,[0|0],7712130,0,0,0,6,0,[0|0]
277120131,,77120,131,2,0,[0|0],7712131,0,0,0,6,0,[0|0]
277120140,,77120,140,2,0,[0|0],7712140,0,0,0,6,0,[0|0]
277200100,,77200,100,2,0,[0|0],7720100,0,0,0,6,0,[0|0]
277200110,,77200,110,2,0,[0|0],7720110,0,0,0,6,0,[0|0]
277200120,,77200,120,2,0,[0|0],7720120,0,0,0,6,0,[0|0]
277200130,,77200,130,2,0,[0|0],7720130,0,0,0,6,0,[0|0]
277200140,,77200,140,2,0,[0|0],7720140,0,0,0,6,0,[0|0]
277200141,,77200,141,2,0,[0|0],7720141,0,0,0,6,0,[0|0]
277200150,,77200,150,2,0,[0|0],7720150,0,0,0,6,0,[0|0]
277200155,,77200,155,2,1,[0|0],7720155,0,0,0,6,0,[0|0]
277200156,,77200,156,2,1,[0|0],7720156,0,0,0,6,0,[0|0]
277200160,,77200,160,2,0,[0|0],7720160,0,0,0,6,0,[0|0]
277200170,,77200,170,2,0,[0|0],7720170,0,0,0,6,0,[0|0]
277200180,,77200,180,2,0,[0|0],7720180,0,0,0,6,0,[0|0]
277200181,,77200,181,2,0,[0|0],7720181,0,0,0,6,0,[0|0]
277200190,,77200,190,2,0,[0|0],7720190,0,0,0,6,0,[0|0]
277200200,,77200,200,2,0,[0|0],7720200,0,0,0,6,0,[0|0]
277200201,,77200,201,2,0,[0|0],7720201,0,0,0,6,0,[0|0]
277200210,,77200,210,2,0,[0|0],7720210,0,0,0,6,0,[0|0]
277200215,,77200,215,2,1,[0|0],7720215,0,0,0,6,0,[0|0]
277200216,,77200,216,2,1,[0|0],7720216,0,0,0,6,0,[0|0]
277200220,,77200,220,2,1,[0|0],7720220,0,0,0,6,0,[0|0]
277200221,,77200,221,2,1,[0|0],7720221,0,0,0,6,0,[0|0]
277200230,,77200,230,2,0,[0|0],7720230,0,0,0,6,0,[0|0]
277200240,,77200,240,2,0,[0|0],7720240,0,0,0,6,0,[0|0]
277200300,,77200,300,2,0,[0|0],7720300,0,0,0,6,0,[0|0]
277200310,,77200,310,2,0,[0|0],7720310,0,0,0,6,0,[0|0]
277200320,,77200,320,2,0,[0|0],7720320,0,0,0,6,0,[0|0]
277200330,,77200,330,2,0,[0|0],7720330,0,0,0,6,0,[0|0]
277200340,,77200,340,2,0,[0|0],7720340,0,0,0,6,0,[0|0]
277200341,,77200,341,2,0,[0|0],7720341,0,0,0,6,0,[0|0]
277200350,,77200,350,2,0,[0|0],7720350,0,0,0,6,0,[0|0]
277200355,,77200,355,2,1,[0|0],7720355,0,0,0,6,0,[0|0]
277200356,,77200,356,2,1,[0|0],7720356,0,0,0,6,0,[0|0]
277200360,,77200,360,2,0,[0|0],7720360,0,0,0,6,0,[0|0]
277200370,,77200,370,2,0,[0|0],7720370,0,0,0,6,0,[0|0]
277200380,,77200,380,2,0,[0|0],7720380,0,0,0,6,0,[0|0]
277200381,,77200,381,2,0,[0|0],7720381,0,0,0,6,0,[0|0]
277200390,,77200,390,2,0,[0|0],7720390,0,0,0,6,0,[0|0]
277200400,,77200,400,2,0,[0|0],7720400,0,0,0,6,0,[0|0]
277200401,,77200,401,2,0,[0|0],7720401,0,0,0,6,0,[0|0]
277200410,,77200,410,2,0,[0|0],7720410,0,0,0,6,0,[0|0]
277200415,,77200,415,2,1,[0|0],7720415,0,0,0,6,0,[0|0]
277200416,,77200,416,2,1,[0|0],7720416,0,0,0,6,0,[0|0]
277200420,,77200,420,2,1,[0|0],7720420,0,0,0,6,0,[0|0]
277200421,,77200,421,2,1,[0|0],7720421,0,0,0,6,0,[0|0]
277200425,,77200,425,2,1,[0|0],7720425,0,0,0,6,0,[0|0]
277200426,,77200,426,2,1,[0|0],7720426,0,0,0,6,0,[0|0]
277200427,,77200,427,2,1,[0|0],7720427,0,0,0,6,0,[0|0]
277200428,,77200,428,2,1,[0|0],7720428,0,0,0,6,0,[0|0]
277200430,,77200,430,2,0,[0|0],7720430,0,0,0,6,0,[0|0]
277200460,,77200,460,2,0,[0|0],7720460,0,0,0,6,0,[0|0]
277200461,,77200,461,2,0,[0|0],7720461,0,0,0,6,0,[0|0]
277200465,,77200,465,2,1,[0|0],7720465,0,0,0,6,0,[0|0]
277200466,,77200,466,2,1,[0|0],7720466,0,0,0,6,0,[0|0]
277200470,,77200,470,2,0,[0|0],7720470,0,0,0,6,0,[0|0]
277200475,,77200,475,2,1,[0|0],7720475,0,0,0,6,0,[0|0]
277200476,,77200,476,2,1,[0|0],7720476,0,0,0,6,0,[0|0]
277200480,,77200,480,2,0,[0|0],7720480,0,0,0,6,0,[0|0]
277200485,,77200,485,2,1,[0|0],7720485,0,0,0,6,0,[0|0]
277200486,,77200,486,2,1,[0|0],7720486,0,0,0,6,0,[0|0]
277200500,,77200,500,2,0,[0|0],7720500,0,0,0,6,0,[0|0]
277200510,,77200,510,2,0,[0|0],7720510,0,0,0,6,0,[0|0]
277200511,,77200,511,2,0,[0|0],7720511,0,0,0,6,0,[0|0]
277200520,,77200,520,2,0,[0|0],7720520,0,0,0,6,0,[0|0]
277200521,,77200,521,2,0,[0|0],7720521,0,0,0,6,0,[0|0]
277200530,,77200,530,2,0,[0|0],7720530,0,0,0,6,0,[0|0]
277200540,,77200,540,2,0,[0|0],7720540,0,0,0,6,0,[0|0]
277200541,,77200,541,2,0,[0|0],7720541,0,0,0,6,0,[0|0]
277200600,,77200,600,2,0,[0|0],7720600,0,0,0,6,0,[0|0]
277200601,,77200,601,2,0,[0|0],7720601,0,0,0,6,0,[0|0]
277200605,,77200,605,2,1,[0|0],7720605,0,0,0,6,0,[0|0]
277200606,,77200,606,2,1,[0|0],7720606,0,0,0,6,0,[0|0]
277200900,,77200,900,2,1,[0|0],7720900,0,0,0,6,0,[0|0]
277200905,,77200,905,2,1,[0|0],7720905,0,0,0,6,0,[0|0]
277200910,,77200,910,2,1,[0|0],7720910,0,0,0,6,0,[0|0]
277200911,,77200,911,2,1,[0|0],7720911,0,0,0,6,0,[0|0]
277200915,,77200,915,2,1,[0|0],7720915,0,0,0,6,0,[0|0]
277200916,,77200,916,2,1,[0|0],7720916,0,0,0,6,0,[0|0]
277200920,,77200,920,2,0,[0|0],7720920,0,0,0,6,0,[0|0]
277200940,,77200,940,2,0,[0|0],7720940,0,0,0,6,0,[0|0]
277200950,,77200,950,2,1,[0|0],7720950,0,0,0,6,0,[0|0]
277200951,,77200,951,2,1,[0|0],7720951,0,0,0,6,0,[0|0]
277200955,,77200,955,2,1,[0|0],7720955,0,0,0,6,0,[0|0]
278000100,,78000,100,2,0,[0|0],7800100,0,0,0,6,0,[0|0]
278000101,,78000,101,2,0,[0|0],7800101,0,0,0,6,0,[0|0]
278000110,,78000,110,2,0,[0|0],7800110,0,0,0,6,0,[0|0]
278000111,,78000,111,2,0,[0|0],7800111,0,0,0,6,0,[0|0]
278000112,,78000,112,2,0,[0|0],7800112,0,0,0,6,0,[0|0]
278000113,,78000,113,2,0,[0|0],7800113,0,0,0,6,0,[0|0]
278000114,,78000,114,2,0,[0|0],7800114,0,0,0,6,0,[0|0]
278000130,,78000,130,2,0,[0|0],7800130,0,0,0,6,0,[0|0]
278000131,,78000,131,2,0,[0|0],7800131,0,0,0,6,0,[0|0]
278000132,,78000,132,2,0,[0|0],7800132,0,0,0,6,0,[0|0]
278000133,,78000,133,2,0,[0|0],7800133,0,0,0,6,0,[0|0]
278000134,,78000,134,2,0,[0|0],7800134,0,0,0,6,0,[0|0]
278000150,,78000,150,2,0,[0|0],7800150,0,0,0,6,0,[0|0]
278000160,,78000,160,2,0,[0|0],7800160,0,0,0,6,0,[0|0]
278000170,,78000,170,2,0,[0|0],7800170,0,0,0,6,0,[0|0]
278000190,,78000,190,2,0,[0|0],7800190,0,0,0,6,0,[0|0]
278000200,,78000,200,2,0,[0|0],7800200,0,0,0,6,0,[0|0]
278000220,,78000,220,2,0,[0|0],7800220,0,0,0,6,0,[0|0]
278000221,,78000,221,2,0,[0|0],7800221,0,0,0,6,0,[0|0]
278000230,,78000,230,2,0,[0|0],7800230,0,0,0,6,0,[0|0]
278000231,,78000,231,2,0,[0|0],7800231,0,0,0,6,0,[0|0]
278000240,,78000,240,2,0,[0|0],7800240,0,0,0,6,0,[0|0]
278000250,,78000,250,2,0,[0|0],7800250,0,0,0,6,0,[0|0]
278000251,,78000,251,2,0,[0|0],7800251,0,0,0,6,0,[0|0]
278000260,,78000,260,2,0,[0|0],7800260,0,0,0,6,0,[0|0]
278000261,,78000,261,2,0,[0|0],7800261,0,0,0,6,0,[0|0]
278000270,,78000,270,2,0,[0|0],7800270,0,0,0,6,0,[0|0]
278000280,,78000,280,2,0,[0|0],7800280,0,0,0,6,0,[0|0]
278000281,,78000,281,2,0,[0|0],7800281,0,0,0,6,0,[0|0]
278000282,,78000,282,2,0,[0|0],7800282,0,0,0,6,0,[0|0]
278000283,,78000,283,2,0,[0|0],7800283,0,0,0,6,0,[0|0]
278000284,,78000,284,2,0,[0|0],7800284,0,0,0,6,0,[0|0]
278000285,,78000,285,2,0,[0|0],7800285,0,0,0,6,0,[0|0]
278000286,,78000,286,2,0,[0|0],7800286,0,0,0,6,0,[0|0]
278000287,,78000,287,2,0,[0|0],7800287,0,0,0,6,0,[0|0]
278000300,,78000,300,2,0,[0|0],7800300,0,0,0,6,0,[0|0]
278000301,,78000,301,2,0,[0|0],7800301,0,0,0,6,0,[0|0]
278000310,,78000,310,2,0,[0|0],7800310,0,0,0,6,0,[0|0]
278000311,,78000,311,2,0,[0|0],7800311,0,0,0,6,0,[0|0]
278000320,,78000,320,2,0,[0|0],7800320,0,0,0,6,0,[0|0]
278000330,,78000,330,2,0,[0|0],7800330,0,0,0,6,0,[0|0]
278000331,,78000,331,2,0,[0|0],7800331,0,0,0,6,0,[0|0]
278000340,,78000,340,2,0,[0|0],7800340,0,0,0,6,0,[0|0]
278000341,,78000,341,2,0,[0|0],7800341,0,0,0,6,0,[0|0]
278000350,,78000,350,2,0,[0|0],7800350,0,0,0,6,0,[0|0]
278000360,,78000,360,2,1,[0|0],7800360,0,0,0,6,0,[0|0]
278000370,,78000,370,2,1,[0|0],7800370,0,0,0,6,0,[0|0]
278000380,,78000,380,2,1,[0|0],7800380,0,0,0,6,0,[0|0]
278000390,,78000,390,2,1,[0|0],7800390,0,0,0,6,0,[0|0]
278000400,,78000,400,2,1,[0|0],7800400,0,0,0,6,0,[0|0]
278000401,,78000,401,2,1,[0|0],7800401,0,0,0,6,0,[0|0]
278000402,,78000,402,2,1,[0|0],7800402,0,0,0,6,0,[0|0]
278000403,,78000,403,2,1,[0|0],7800403,0,0,0,6,0,[0|0]
278000410,,78000,410,2,1,[0|0],7800410,0,0,0,6,0,[0|0]
278000411,,78000,411,2,1,[0|0],7800411,0,0,0,6,0,[0|0]
278000412,,78000,412,2,1,[0|0],7800412,0,0,0,6,0,[0|0]
278000413,,78000,413,2,1,[0|0],7800413,0,0,0,6,0,[0|0]
278000500,,78000,500,2,0,[0|0],7800500,0,0,0,6,0,[0|0]
278000501,,78000,501,2,0,[0|0],7800501,0,0,0,6,0,[0|0]
278000502,,78000,502,2,0,[0|0],7800502,0,0,0,6,0,[0|0]
278000503,,78000,503,2,0,[0|0],7800503,0,0,0,6,0,[0|0]
278000504,,78000,504,2,0,[0|0],7800504,0,0,0,6,0,[0|0]
278000505,,78000,505,2,0,[0|0],7800505,0,0,0,6,0,[0|0]
278000506,,78000,506,2,0,[0|0],7800506,0,0,0,6,0,[0|0]
278000507,,78000,507,2,0,[0|0],7800507,0,0,0,6,0,[0|0]
278000510,,78000,510,2,1,[0|0],7800510,0,0,0,6,0,[0|0]
278000600,,78000,600,2,1,[0|0],7800600,0,0,0,6,0,[0|0]
278000601,,78000,601,2,1,[0|0],7800601,0,0,0,6,0,[0|0]
278000602,,78000,602,2,1,[0|0],7800602,0,0,0,6,0,[0|0]
278000603,,78000,603,2,1,[0|0],7800603,0,0,0,6,0,[0|0]
278000900,,78000,900,2,0,[0|0],7800900,0,0,0,6,0,[0|0]
278100100,,78100,100,2,0,[0|0],7810100,0,0,0,6,0,[0|0]
278100120,,78100,120,2,0,[0|0],7810120,0,0,0,6,0,[0|0]
278100121,,78100,121,2,0,[0|0],7810121,0,0,0,6,0,[0|0]
278100125,,78100,125,2,0,[0|0],7810125,0,0,0,6,0,[0|0]
278100126,,78100,126,2,0,[0|0],7810126,0,0,0,6,0,[0|0]
278100140,,78100,140,2,0,[0|0],7810140,0,0,0,6,0,[0|0]
278100200,,78100,200,2,1,[0|0],7810200,0,0,0,6,0,[0|0]
278100300,,78100,300,2,0,[0|0],7810300,0,0,0,6,0,[0|0]
278100310,,78100,310,2,0,[0|0],7810310,0,0,0,6,0,[0|0]
278200100,[Smelter Demon],78200,100,2,0,[0|0],7820100,0,0,0,6,0,[0|0]
278200101,[Smelter Demon],78200,101,2,0,[0|0],7820101,0,0,0,6,0,[0|0]
278200102,[Smelter Demon],78200,102,2,0,[0|0],7820102,0,0,0,6,0,[0|0]
278200103,[Smelter Demon],78200,103,2,0,[0|0],7820103,0,0,0,6,0,[0|0]
278200110,[Smelter Demon],78200,110,2,0,[0|0],7820110,0,0,0,6,0,[0|0]
278200111,[Smelter Demon],78200,111,2,0,[0|0],7820111,0,0,0,6,0,[0|0]
278200112,[Smelter Demon],78200,112,2,0,[0|0],7820112,0,0,0,6,0,[0|0]
278200113,[Smelter Demon],78200,113,2,0,[0|0],7820113,0,0,0,6,0,[0|0]
278200120,[Smelter Demon],78200,120,2,0,[0|0],7820120,0,0,0,6,0,[0|0]
278200121,[Smelter Demon],78200,121,2,0,[0|0],7820121,0,0,0,6,0,[0|0]
278200122,[Smelter Demon],78200,122,2,0,[0|0],7820122,0,0,0,6,0,[0|0]
278200123,[Smelter Demon],78200,123,2,0,[0|0],7820123,0,0,0,6,0,[0|0]
278200130,[Smelter Demon],78200,130,2,0,[0|0],7820130,0,0,0,6,0,[0|0]
278200131,[Smelter Demon],78200,131,2,0,[0|0],7820131,0,0,0,6,0,[0|0]
278200132,[Smelter Demon],78200,132,2,0,[0|0],7820132,0,0,0,6,0,[0|0]
278200133,[Smelter Demon],78200,133,2,0,[0|0],7820133,0,0,0,6,0,[0|0]
278200140,[Smelter Demon],78200,140,2,0,[0|0],7820140,0,0,0,6,0,[0|0]
278200141,[Smelter Demon],78200,141,2,0,[0|0],7820141,0,0,0,6,0,[0|0]
278200142,[Smelter Demon],78200,142,2,0,[0|0],7820142,0,0,0,6,0,[0|0]
278200143,[Smelter Demon],78200,143,2,0,[0|0],7820143,0,0,0,6,0,[0|0]
278200150,[Smelter Demon],78200,150,2,0,[0|0],7820150,0,0,0,6,0,[0|0]
278200151,[Smelter Demon],78200,151,2,0,[0|0],7820151,0,0,0,6,0,[0|0]
278200152,[Smelter Demon],78200,152,2,0,[0|0],7820152,0,0,0,6,0,[0|0]
278200153,[Smelter Demon],78200,153,2,0,[0|0],7820153,0,0,0,6,0,[0|0]
278200160,[Smelter Demon],78200,160,2,0,[0|0],7820160,0,0,0,6,0,[0|0]
278200161,[Smelter Demon],78200,161,2,0,[0|0],7820161,0,0,0,6,0,[0|0]
278200162,[Smelter Demon],78200,162,2,0,[0|0],7820162,0,0,0,6,0,[0|0]
278200163,[Smelter Demon],78200,163,2,0,[0|0],7820163,0,0,0,6,0,[0|0]
278200270,[Smelter Demon],78200,270,2,1,[0|0],7820270,0,0,0,6,0,[0|0]
278200271,[Smelter Demon],78200,271,2,1,[0|0],7820271,0,0,0,6,0,[0|0]
278200272,[Smelter Demon],78200,272,2,1,[0|0],7820272,0,0,0,6,0,[0|0]
278200275,[Smelter Demon],78200,275,2,1,[0|0],7820275,0,0,0,6,0,[0|0]
278200276,[Smelter Demon],78200,276,2,1,[0|0],7820276,0,0,0,6,0,[0|0]
278200280,[Smelter Demon],78200,280,2,1,[0|0],7820280,0,0,0,6,0,[0|0]
278200281,[Smelter Demon],78200,281,2,1,[0|0],7820281,0,0,0,6,0,[0|0]
278200282,[Smelter Demon],78200,282,2,1,[0|0],7820282,0,0,0,6,0,[0|0]
278200283,[Smelter Demon],78200,283,2,1,[0|0],7820283,0,0,0,6,0,[0|0]
278200285,[Smelter Demon],78200,285,2,1,[0|0],7820285,0,0,0,6,0,[0|0]
278200286,[Smelter Demon],78200,286,2,1,[0|0],7820286,0,0,0,6,0,[0|0]
278200287,[Smelter Demon],78200,287,2,1,[0|0],7820287,0,0,0,6,0,[0|0]
278200288,[Smelter Demon],78200,288,2,1,[0|0],7820288,0,0,0,6,0,[0|0]
278200290,[Smelter Demon],78200,290,2,1,[0|0],7820290,0,0,0,6,0,[0|0]
278200291,[Smelter Demon],78200,291,2,1,[0|0],7820291,0,0,0,6,0,[0|0]
278200292,[Smelter Demon],78200,292,2,1,[0|0],7820292,0,0,0,6,0,[0|0]
278200293,[Smelter Demon],78200,293,2,1,[0|0],7820293,0,0,0,6,0,[0|0]
278200300,[Smelter Demon] Tier 1 Flame Aura (Red),78200,300,2,1,[0|0],7820300,0,0,0,6,0,[0|0]
278200310,[Smelter Demon] Tier 2 Flame Aura (Red/Blue),78200,310,2,1,[0|0],7820310,0,0,0,6,0,[0|0]
278200320,[Smelter Demon] Tier 3 Flame Aura (Blue),78200,320,2,1,[0|0],7820320,0,0,0,6,0,[0|0]
278200340,[Smelter Demon],78200,340,2,1,[0|0],7820340,0,0,0,6,0,[0|0]
278200341,[Smelter Demon],78200,341,2,1,[0|0],7820341,0,0,0,6,0,[0|0]
278200350,[Smelter Demon],78200,350,2,1,[0|0],7820350,0,0,0,6,0,[0|0]
278200351,[Smelter Demon],78200,351,2,1,[0|0],7820351,0,0,0,6,0,[0|0]
278200360,[Smelter Demon],78200,360,2,1,[0|0],7820360,0,0,0,6,0,[0|0]
278200361,[Smelter Demon],78200,361,2,1,[0|0],7820361,0,0,0,6,0,[0|0]
278200370,[Smelter Demon],78200,370,2,1,[0|0],7820370,0,0,0,6,0,[0|0]
278200900,[Smelter Demon],78200,900,2,0,[0|0],7820900,0,0,0,6,0,[0|0]
279000010,,79000,10,2,0,[0|0],7900010,0,0,0,6,0,[0|0]
279000020,,79000,20,2,0,[0|0],7900020,0,0,0,6,0,[0|0]
279000030,,79000,30,2,0,[0|0],7900030,0,0,0,6,0,[0|0]
279000040,,79000,40,2,0,[0|0],7900040,0,0,0,6,0,[0|0]
279000050,,79000,50,2,0,[0|0],7900050,0,0,0,6,0,[0|0]
279000060,,79000,60,2,0,[0|0],7900060,0,0,0,6,0,[0|0]
279000070,,79000,70,2,0,[0|0],7900070,0,0,0,6,0,[0|0]
279000080,,79000,80,2,0,[0|0],7900080,0,0,0,6,0,[0|0]
279000081,,79000,81,2,0,[0|0],7900081,0,0,0,6,0,[0|0]
279000090,,79000,90,2,0,[0|0],7900090,0,0,0,6,0,[0|0]
279000100,,79000,100,2,0,[0|0],7900100,0,0,0,6,0,[0|0]
279000110,,79000,110,2,0,[0|0],7900110,0,0,0,6,0,[0|0]
279000120,,79000,120,2,0,[0|0],7900120,0,0,0,6,0,[0|0]
279000130,,79000,130,2,0,[0|0],7900130,0,0,0,6,0,[0|0]
279000150,,79000,150,2,0,[0|0],7900150,0,0,0,6,0,[0|0]
279000160,,79000,160,2,0,[0|0],7900160,0,0,0,6,0,[0|0]
279000170,,79000,170,2,0,[0|0],7900170,0,0,0,6,0,[0|0]
279000180,,79000,180,2,0,[0|0],7900180,0,0,0,6,0,[0|0]
279000190,,79000,190,2,0,[0|0],7900190,0,0,0,6,0,[0|0]
279000200,,79000,200,2,0,[0|0],7900200,0,0,0,6,0,[0|0]
279000201,,79000,201,2,0,[0|0],7900201,0,0,0,6,0,[0|0]
279000205,,79000,205,2,0,[0|0],7900205,0,0,0,6,0,[0|0]
279000210,,79000,210,2,0,[0|0],7900210,0,0,0,6,0,[0|0]
279000220,,79000,220,2,0,[0|0],7900220,0,0,0,6,0,[0|0]
279000300,,79000,300,2,0,[0|0],7900300,0,0,0,6,0,[0|0]
279000310,,79000,310,2,0,[0|0],7900310,0,0,0,6,0,[0|0]
279000320,,79000,320,2,0,[0|0],7900320,0,0,0,6,0,[0|0]
279000330,,79000,330,2,0,[0|0],7900330,0,0,0,6,0,[0|0]
279000340,,79000,340,2,0,[0|0],7900340,0,0,0,6,0,[0|0]
279000350,,79000,350,2,0,[0|0],7900350,0,0,0,6,0,[0|0]
279000360,,79000,360,2,0,[0|0],7900360,0,0,0,6,0,[0|0]
279000370,,79000,370,2,0,[0|0],7900370,0,0,0,6,0,[0|0]
279000371,,79000,371,2,0,[0|0],7900371,0,0,0,6,0,[0|0]
279000380,,79000,380,2,0,[0|0],7900380,0,0,0,6,0,[0|0]
279000390,,79000,390,2,0,[0|0],7900390,0,0,0,6,0,[0|0]
279000400,,79000,400,2,0,[0|0],7900400,0,0,0,6,0,[0|0]
279000410,,79000,410,2,0,[0|0],7900410,0,0,0,6,0,[0|0]
279000420,,79000,420,2,0,[0|0],7900420,0,0,0,6,0,[0|0]
279000430,,79000,430,2,1,[0|0],7900430,0,0,0,6,0,[0|0]
279000440,,79000,440,2,0,[0|0],7900440,0,0,0,6,0,[0|0]
279000450,,79000,450,2,0,[0|0],7900450,0,0,0,6,0,[0|0]
279000460,,79000,460,2,0,[0|0],7900460,0,0,0,6,0,[0|0]
279000470,,79000,470,2,0,[0|0],7900470,0,0,0,6,0,[0|0]
279000480,,79000,480,2,0,[0|0],7900480,0,0,0,6,0,[0|0]
279000490,,79000,490,2,0,[0|0],7900490,0,0,0,6,0,[0|0]
279000491,,79000,491,2,0,[0|0],7900491,0,0,0,6,0,[0|0]
279000495,,79000,495,2,0,[0|0],7900495,0,0,0,6,0,[0|0]
279000500,,79000,500,2,0,[0|0],7900500,0,0,0,6,0,[0|0]
279000510,,79000,510,2,0,[0|0],7900510,0,0,0,6,0,[0|0]
279000520,,79000,520,2,0,[0|0],7900520,0,0,0,6,0,[0|0]
279000521,,79000,521,2,1,[0|0],7900521,0,0,0,6,0,[0|0]
279000522,,79000,522,2,1,[0|0],7900522,0,0,0,6,0,[0|0]
279000530,,79000,530,2,0,[0|0],7900530,0,0,0,6,0,[0|0]
279000531,,79000,531,2,1,[0|0],7900531,0,0,0,6,0,[0|0]
279000532,,79000,532,2,1,[0|0],7900532,0,0,0,6,0,[0|0]
279000533,,79000,533,2,1,[0|0],7900533,0,0,0,6,0,[0|0]
279000540,,79000,540,2,1,[0|0],7900540,0,0,0,6,0,[0|0]
279000541,,79000,541,2,1,[0|0],7900541,0,0,0,6,0,[0|0]
279000542,,79000,542,2,1,[0|0],7900542,0,0,0,6,0,[0|0]
279000550,,79000,550,2,1,[0|0],7900550,0,0,0,6,0,[0|0]
279000551,,79000,551,2,1,[0|0],7900551,0,0,0,6,0,[0|0]
279000552,,79000,552,2,1,[0|0],7900552,0,0,0,6,0,[0|0]
279000700,,79000,700,2,1,[0|0],7900700,0,0,0,6,0,[0|0]
279000701,,79000,701,2,1,[0|0],7900701,0,0,0,6,0,[0|0]
279000710,,79000,710,2,1,[0|0],7900710,0,0,0,6,0,[0|0]
279000711,,79000,711,2,1,[0|0],7900711,0,0,0,6,0,[0|0]
279000720,,79000,720,2,1,[0|0],7900720,0,0,0,6,0,[0|0]
279000730,,79000,730,2,1,[0|0],7900730,0,0,0,6,0,[0|0]
279000731,,79000,731,2,1,[0|0],7900731,0,0,0,6,0,[0|0]
279000800,,79000,800,2,0,[0|0],7900800,0,0,0,6,0,[0|0]
279000900,,79000,900,2,1,[0|0],7900900,0,0,0,6,0,[0|0]
279100100,,79100,100,2,0,[0|0],7910100,0,0,0,6,0,[0|0]
279100110,,79100,110,2,0,[0|0],7910110,0,0,0,6,0,[0|0]
279100111,,79100,111,2,0,[0|0],7910111,0,0,0,6,0,[0|0]
279100120,,79100,120,2,0,[0|0],7910120,0,0,0,6,0,[0|0]
279100121,,79100,121,2,1,[0|0],7910121,0,0,0,6,0,[0|0]
279100130,,79100,130,2,0,[0|0],7910130,0,0,0,6,0,[0|0]
279100131,,79100,131,2,0,[0|0],7910131,0,0,0,6,0,[0|0]
279100140,,79100,140,2,0,[0|0],7910140,0,0,0,6,0,[0|0]
279100150,,79100,150,2,0,[0|0],7910150,0,0,0,6,0,[0|0]
279100160,,79100,160,2,0,[0|0],7910160,0,0,0,6,0,[0|0]
279100170,,79100,170,2,0,[0|0],7910170,0,0,0,6,0,[0|0]
279100171,,79100,171,2,0,[0|0],7910171,0,0,0,6,0,[0|0]
279100172,,79100,172,2,0,[0|0],7910172,0,0,0,6,0,[0|0]
279100180,,79100,180,2,0,[0|0],7910180,0,0,0,6,0,[0|0]
279100190,,79100,190,2,0,[0|0],7910190,0,0,0,6,0,[0|0]
279100200,,79100,200,2,0,[0|0],7910200,0,0,0,6,0,[0|0]
279100201,,79100,201,2,0,[0|0],7910201,0,0,0,6,0,[0|0]
279100210,,79100,210,2,0,[0|0],7910210,0,0,0,6,0,[0|0]
279100220,,79100,220,2,0,[0|0],7910220,0,0,0,6,0,[0|0]
279100221,,79100,221,2,0,[0|0],7910221,0,0,0,6,0,[0|0]
279100230,,79100,230,2,0,[0|0],7910230,0,0,0,6,0,[0|0]
279100231,,79100,231,2,1,[0|0],7910231,0,0,0,6,0,[0|0]
279100240,,79100,240,2,0,[0|0],7910240,0,0,0,6,0,[0|0]
279100241,,79100,241,2,0,[0|0],7910241,0,0,0,6,0,[0|0]
279100250,,79100,250,2,0,[0|0],7910250,0,0,0,6,0,[0|0]
279100260,,79100,260,2,0,[0|0],7910260,0,0,0,6,0,[0|0]
279100270,,79100,270,2,0,[0|0],7910270,0,0,0,6,0,[0|0]
279100280,,79100,280,2,0,[0|0],7910280,0,0,0,6,0,[0|0]
279100300,,79100,300,2,1,[0|0],7910300,0,0,0,6,0,[0|0]
279100302,,79100,302,2,1,[0|0],7910302,0,0,0,6,0,[0|0]
279100310,,79100,310,2,0,[0|0],7910310,0,0,0,6,0,[0|0]
279100320,,79100,320,2,0,[0|0],7910320,0,0,0,6,0,[0|0]
279100330,,79100,330,2,0,[0|0],7910330,0,0,0,6,0,[0|0]
279100740,,79100,740,2,1,[0|0],7910740,0,0,0,6,0,[0|0]
279100741,,79100,741,2,1,[0|0],7910741,0,0,0,6,0,[0|0]
279100750,,79100,750,2,1,[0|0],7910750,0,0,0,6,0,[0|0]
279100751,,79100,751,2,1,[0|0],7910751,0,0,0,6,0,[0|0]
279100760,,79100,760,2,1,[0|0],7910760,0,0,0,6,0,[0|0]
279100770,,79100,770,2,1,[0|0],7910770,0,0,0,6,0,[0|0]
279100780,,79100,780,2,1,[0|0],7910780,0,0,0,6,0,[0|0]
279100781,,79100,781,2,1,[0|0],7910781,0,0,0,6,0,[0|0]
279100800,,79100,800,2,0,[0|0],7910800,0,0,0,6,0,[0|0]
279100810,,79100,810,2,0,[0|0],7910810,0,0,0,6,0,[0|0]
279100820,,79100,820,2,0,[0|0],7910820,0,0,0,6,0,[0|0]
279100830,,79100,830,2,0,[0|0],7910830,0,0,0,6,0,[0|0]
279100835,,79100,835,2,0,[0|0],7910835,0,0,0,6,0,[0|0]
279100840,,79100,840,2,0,[0|0],7910840,0,0,0,6,0,[0|0]
279100850,,79100,850,2,0,[0|0],7910850,0,0,0,6,0,[0|0]
279100860,,79100,860,2,0,[0|0],7910860,0,0,0,6,0,[0|0]
279100900,,79100,900,2,0,[0|0],7910900,0,0,0,6,0,[0|0]
279100910,,79100,910,2,1,[0|0],7910910,0,0,0,6,0,[0|0]
279100920,,79100,920,2,1,[0|0],7910920,0,0,0,6,0,[0|0]
279100921,,79100,921,2,1,[0|0],7910921,0,0,0,6,0,[0|0]
279200000,,79200,0,2,0,[0|0],7920000,0,0,0,6,0,[0|0]
279200010,,79200,10,2,0,[0|0],7920010,0,0,0,6,0,[0|0]
279200020,,79200,20,2,0,[0|0],7920020,0,0,0,6,0,[0|0]
279200030,,79200,30,2,0,[0|0],7920030,0,0,0,6,0,[0|0]
279200040,,79200,40,2,0,[0|0],7920040,0,0,0,6,0,[0|0]
279200041,,79200,41,2,0,[0|0],7920041,0,0,0,6,0,[0|0]
279200050,,79200,50,2,0,[0|0],7920050,0,0,0,6,0,[0|0]
279200060,,79200,60,2,0,[0|0],7920060,0,0,0,6,0,[0|0]
279200070,,79200,70,2,0,[0|0],7920070,0,0,0,6,0,[0|0]
279200080,,79200,80,2,0,[0|0],7920080,0,0,0,6,0,[0|0]
279200090,,79200,90,2,0,[0|0],7920090,0,0,0,6,0,[0|0]
279200100,,79200,100,2,0,[0|0],7920100,0,0,0,6,0,[0|0]
279200110,,79200,110,2,0,[0|0],7920110,0,0,0,6,0,[0|0]
279200120,,79200,120,2,0,[0|0],7920120,0,0,0,6,0,[0|0]
279200130,,79200,130,2,0,[0|0],7920130,0,0,0,6,0,[0|0]
279200140,,79200,140,2,1,[0|0],7920140,0,0,0,6,0,[0|0]
279200150,,79200,150,2,0,[0|0],7920150,0,0,0,6,0,[0|0]
279200151,,79200,151,2,1,[0|0],7920151,0,0,0,6,0,[0|0]
279200160,,79200,160,2,0,[0|0],7920160,0,0,0,6,0,[0|0]
279200170,,79200,170,2,0,[0|0],7920170,0,0,0,6,0,[0|0]
279200180,,79200,180,2,0,[0|0],7920180,0,0,0,6,0,[0|0]
279200190,,79200,190,2,0,[0|0],7920190,0,0,0,6,0,[0|0]
279200191,,79200,191,2,0,[0|0],7920191,0,0,0,6,0,[0|0]
279200200,,79200,200,2,0,[0|0],7920200,0,0,0,6,0,[0|0]
279200210,,79200,210,2,0,[0|0],7920210,0,0,0,6,0,[0|0]
279200220,,79200,220,2,0,[0|0],7920220,0,0,0,6,0,[0|0]
279200230,,79200,230,2,0,[0|0],7920230,0,0,0,6,0,[0|0]
279200231,,79200,231,2,0,[0|0],7920231,0,0,0,6,0,[0|0]
279200232,,79200,232,2,0,[0|0],7920232,0,0,0,6,0,[0|0]
279200233,,79200,233,2,0,[0|0],7920233,0,0,0,6,0,[0|0]
279200234,,79200,234,2,0,[0|0],7920234,0,0,0,6,0,[0|0]
279200235,,79200,235,2,0,[0|0],7920235,0,0,0,6,0,[0|0]
279200236,,79200,236,2,0,[0|0],7920236,0,0,0,6,0,[0|0]
279200240,,79200,240,2,0,[0|0],7920240,0,0,0,6,0,[0|0]
279200250,,79200,250,2,0,[0|0],7920250,0,0,0,6,0,[0|0]
279200260,,79200,260,2,0,[0|0],7920260,0,0,0,6,0,[0|0]
279200270,,79200,270,2,0,[0|0],7920270,0,0,0,6,0,[0|0]
279200320,,79200,320,2,0,[0|0],7920320,0,0,0,6,0,[0|0]
279200330,,79200,330,2,0,[0|0],7920330,0,0,0,6,0,[0|0]
279200410,,79200,410,2,0,[0|0],7920410,0,0,0,6,0,[0|0]
279200500,,79200,500,2,0,[0|0],7920500,0,0,0,6,0,[0|0]
279200501,,79200,501,2,0,[0|0],7920501,0,0,0,7,0,[0|0]
279200510,,79200,510,2,0,[0|0],7920510,0,0,0,7,0,[0|0]
279200511,,79200,511,2,0,[0|0],7920511,0,0,0,6,0,[0|0]
279200520,,79200,520,2,1,[0|0],7920520,0,0,0,7,0,[0|0]
279200521,,79200,521,2,1,[0|0],7920521,0,0,0,7,0,[0|0]
279200522,,79200,522,2,0,[0|0],7920522,0,0,0,7,0,[0|0]
279200530,,79200,530,2,0,[0|0],7920530,0,0,0,6,0,[0|0]
279200540,,79200,540,2,0,[0|0],7920540,0,0,0,6,0,[0|0]
279200550,,79200,550,2,0,[0|0],7920550,0,0,0,6,0,[0|0]
279200551,,79200,551,2,0,[0|0],7920551,0,0,0,6,0,[0|0]
279200560,,79200,560,2,0,[0|0],7920560,0,0,0,6,0,[0|0]
279200570,,79200,570,2,0,[0|0],7920570,0,0,0,7,0,[0|0]
279200571,,79200,571,2,0,[0|0],7920571,0,0,0,6,0,[0|0]
279200580,,79200,580,2,0,[0|0],7920580,0,0,0,7,0,[0|0]
279200581,,79200,581,2,0,[0|0],7920581,0,0,0,6,0,[0|0]
279200590,,79200,590,2,0,[0|0],7920590,0,0,0,7,0,[0|0]
279200591,,79200,591,2,0,[0|0],7920591,0,0,0,6,0,[0|0]
279200600,,79200,600,2,0,[0|0],7920600,0,0,0,6,0,[0|0]
279200601,,79200,601,2,0,[0|0],7920601,0,0,0,6,0,[0|0]
279200610,,79200,610,2,0,[0|0],7920610,0,0,0,6,0,[0|0]
279200620,,79200,620,2,0,[0|0],7920620,0,0,0,6,0,[0|0]
279200630,,79200,630,2,0,[0|0],7920630,0,0,0,7,0,[0|0]
279200631,,79200,631,2,0,[0|0],7920631,0,0,0,6,0,[0|0]
279200640,,79200,640,2,0,[0|0],7920640,0,0,0,7,0,[0|0]
279200641,,79200,641,2,0,[0|0],7920641,0,0,0,6,0,[0|0]
279200650,,79200,650,2,0,[0|0],7920650,0,0,0,6,0,[0|0]
279200651,,79200,651,2,0,[0|0],7920651,0,0,0,7,0,[0|0]
279200660,,79200,660,2,0,[0|0],7920660,0,0,0,7,0,[0|0]
279200661,,79200,661,2,0,[0|0],7920661,0,0,0,6,0,[0|0]
279200662,,79200,662,2,0,[0|0],7920662,0,0,0,7,0,[0|0]
279200663,,79200,663,2,0,[0|0],7920663,0,0,0,6,0,[0|0]
279200664,,79200,664,2,0,[0|0],7920664,0,0,0,6,0,[0|0]
279200665,,79200,665,2,0,[0|0],7920665,0,0,0,7,0,[0|0]
279200666,,79200,666,2,0,[0|0],7920666,0,0,0,6,0,[0|0]
279200667,,79200,667,2,0,[0|0],7920667,0,0,0,7,0,[0|0]
279200668,,79200,668,2,0,[0|0],7920668,0,0,0,6,0,[0|0]
279200670,,79200,670,2,0,[0|0],7920670,0,0,0,7,0,[0|0]
279200671,,79200,671,2,0,[0|0],7920671,0,0,0,6,0,[0|0]
279200672,,79200,672,2,0,[0|0],7920672,0,0,0,6,0,[0|0]
279200673,,79200,673,2,0,[0|0],7920673,0,0,0,7,0,[0|0]
279200674,,79200,674,2,0,[0|0],7920674,0,0,0,7,0,[0|0]
279200675,,79200,675,2,0,[0|0],7920675,0,0,0,6,0,[0|0]
279200680,,79200,680,2,0,[0|0],7920680,0,0,0,6,0,[0|0]
279200681,,79200,681,2,0,[0|0],7920681,0,0,0,7,0,[0|0]
279200690,,79200,690,2,0,[0|0],7920690,0,0,0,7,0,[0|0]
279200691,,79200,691,2,0,[0|0],7920691,0,0,0,6,0,[0|0]
279200700,,79200,700,2,0,[0|0],7920700,0,0,0,7,0,[0|0]
279200701,,79200,701,2,0,[0|0],7920701,0,0,0,6,0,[0|0]
279200710,,79200,710,2,0,[0|0],7920710,0,0,0,6,0,[0|0]
279200711,,79200,711,2,0,[0|0],7920711,0,0,0,7,0,[0|0]
279200720,,79200,720,2,0,[0|0],7920720,0,0,0,7,0,[0|0]
279200721,,79200,721,2,1,[0|0],7920721,0,0,0,6,0,[0|0]
279200730,,79200,730,2,0,[0|0],7920730,0,0,0,6,0,[0|0]
279200731,,79200,731,2,1,[0|0],7920731,0,0,0,6,0,[0|0]
279200740,,79200,740,2,0,[0|0],7920740,0,0,0,7,0,[0|0]
279200750,,79200,750,2,0,[0|0],7920750,0,0,0,7,0,[0|0]
279200751,,79200,751,2,0,[0|0],7920751,0,0,0,6,0,[0|0]
279200800,,79200,800,2,0,[0|0],7920800,0,0,0,6,0,[0|0]
279200810,,79200,810,2,1,[0|0],7920810,0,0,0,6,0,[0|0]
279200900,,79200,900,2,1,[0|0],7920900,0,0,0,7,0,[0|0]
279200950,,79200,950,2,0,[0|0],7920950,0,0,0,6,0,[0|0]
279200960,,79200,960,2,1,[0|0],7920960,0,0,0,6,0,[0|0]
279200961,,79200,961,2,1,[0|0],7920961,0,0,0,6,0,[0|0]
279200962,,79200,962,2,1,[0|0],7920962,0,0,0,6,0,[0|0]
279200965,,79200,965,2,1,[0|0],7920965,0,0,0,7,0,[0|0]
279200966,,79200,966,2,1,[0|0],7920966,0,0,0,7,0,[0|0]
279200967,,79200,967,2,1,[0|0],7920967,0,0,0,7,0,[0|0]
279300100,,79300,100,2,0,[0|0],7930100,0,0,0,6,0,[0|0]
279300110,,79300,110,2,0,[0|0],7930110,0,0,0,6,0,[0|0]
279300120,,79300,120,2,0,[0|0],7930120,0,0,0,6,0,[0|0]
279300130,,79300,130,2,0,[0|0],7930130,0,0,0,6,0,[0|0]
279300135,,79300,135,2,0,[0|0],7930135,0,0,0,6,0,[0|0]
279300140,,79300,140,2,0,[0|0],7930140,0,0,0,6,0,[0|0]
279300143,,79300,143,2,0,[0|0],7930143,0,0,0,6,0,[0|0]
279300146,,79300,146,2,0,[0|0],7930146,0,0,0,6,0,[0|0]
279300148,,79300,148,2,1,[0|0],7930148,0,0,0,6,0,[0|0]
279300149,,79300,149,2,1,[0|0],7930149,0,0,0,6,0,[0|0]
279300150,,79300,150,2,0,[0|0],7930150,0,0,0,6,0,[0|0]
279300155,,79300,155,2,0,[0|0],7930155,0,0,0,6,0,[0|0]
279300160,,79300,160,2,0,[0|0],7930160,0,0,0,6,0,[0|0]
279300170,,79300,170,2,0,[0|0],7930170,0,0,0,6,0,[0|0]
279300190,,79300,190,2,0,[0|0],7930190,0,0,0,6,0,[0|0]
279300210,,79300,210,2,0,[0|0],7930210,0,0,0,6,0,[0|0]
279300215,,79300,215,2,0,[0|0],7930215,0,0,0,6,0,[0|0]
279300219,,79300,219,2,0,[0|0],7930219,0,0,0,6,0,[0|0]
279300240,,79300,240,2,1,[0|0],7930240,0,0,0,6,0,[0|0]
279300241,,79300,241,2,1,[0|0],7930241,0,0,0,6,0,[0|0]
279300242,,79300,242,2,1,[0|0],7930242,0,0,0,6,0,[0|0]
279300243,,79300,243,2,1,[0|0],7930243,0,0,0,6,0,[0|0]
279300244,,79300,244,2,1,[0|0],7930244,0,0,0,6,0,[0|0]
279300245,,79300,245,2,0,[0|0],7930245,0,0,0,6,0,[0|0]
279300250,,79300,250,2,0,[0|0],7930250,0,0,0,6,0,[0|0]
279300251,,79300,251,2,1,[0|0],7930251,0,0,0,6,0,[0|0]
279300255,,79300,255,2,1,[0|0],7930255,0,0,0,6,0,[0|0]
279300260,,79300,260,2,0,[0|0],7930260,0,0,0,6,0,[0|0]
279300270,,79300,270,2,0,[0|0],7930270,0,0,0,6,0,[0|0]
279300275,,79300,275,2,0,[0|0],7930275,0,0,0,6,0,[0|0]
279300280,,79300,280,2,0,[0|0],7930280,0,0,0,6,0,[0|0]
279300290,,79300,290,2,0,[0|0],7930290,0,0,0,6,0,[0|0]
279300291,,79300,291,2,1,[0|0],7930291,0,0,0,6,0,[0|0]
279300295,,79300,295,2,0,[0|0],7930295,0,0,0,6,0,[0|0]
279300300,,79300,300,2,0,[0|0],7930300,0,0,0,6,0,[0|0]
279300301,,79300,301,2,0,[0|0],7930301,0,0,0,6,0,[0|0]
279300305,,79300,305,2,0,[0|0],7930305,0,0,0,6,0,[0|0]
279300306,,79300,306,2,1,[0|0],7930306,0,0,0,6,0,[0|0]
279300310,,79300,310,2,0,[0|0],7930310,0,0,0,6,0,[0|0]
279300311,,79300,311,2,1,[0|0],7930311,0,0,0,6,0,[0|0]
279300320,,79300,320,2,0,[0|0],7930320,0,0,0,6,0,[0|0]
279300325,,79300,325,2,0,[0|0],7930325,0,0,0,6,0,[0|0]
279300326,,79300,326,2,1,[0|0],7930326,0,0,0,6,0,[0|0]
279300328,,79300,328,2,0,[0|0],7930328,0,0,0,6,0,[0|0]
279300330,,79300,330,2,1,[0|0],7930330,0,0,0,6,0,[0|0]
279300340,,79300,340,2,1,[0|0],7930340,0,0,0,6,0,[0|0]
279300345,,79300,345,2,0,[0|0],7930345,0,0,0,6,0,[0|0]
279300346,,79300,346,2,1,[0|0],7930346,0,0,0,6,0,[0|0]
279300350,,79300,350,2,1,[0|0],7930350,0,0,0,6,0,[0|0]
279300360,,79300,360,2,1,[0|0],7930360,0,0,0,6,0,[0|0]
279300370,,79300,370,2,0,[0|0],7930370,0,0,0,6,0,[0|0]
279300371,,79300,371,2,1,[0|0],7930371,0,0,0,6,0,[0|0]
279300380,,79300,380,2,0,[0|0],7930380,0,0,0,6,0,[0|0]
279300400,,79300,400,2,0,[0|0],7930400,0,0,0,6,0,[0|0]
279300405,,79300,405,2,0,[0|0],7930405,0,0,0,6,0,[0|0]
279300406,,79300,406,2,1,[0|0],7930406,0,0,0,6,0,[0|0]
279300410,,79300,410,2,1,[0|0],7930410,0,0,0,6,0,[0|0]
279300420,,79300,420,2,1,[0|0],7930420,0,0,0,6,0,[0|0]
279300424,,79300,424,2,1,[0|0],7930424,0,0,0,6,0,[0|0]
279300425,,79300,425,2,1,[0|0],7930425,0,0,0,6,0,[0|0]
279300460,,79300,460,2,0,[0|0],7930460,0,0,0,6,0,[0|0]
279300470,,79300,470,2,0,[0|0],7930470,0,0,0,6,0,[0|0]
279300500,,79300,500,2,0,[0|0],7930500,0,0,0,6,0,[0|0]
279300510,,79300,510,2,0,[0|0],7930510,0,0,0,6,0,[0|0]
279300520,,79300,520,2,0,[0|0],7930520,0,0,0,6,0,[0|0]
279300521,,79300,521,2,1,[0|0],7930521,0,0,0,6,0,[0|0]
279300530,,79300,530,2,0,[0|0],7930530,0,0,0,6,0,[0|0]
279300531,,79300,531,2,1,[0|0],7930531,0,0,0,6,0,[0|0]
279300535,,79300,535,2,0,[0|0],7930535,0,0,0,6,0,[0|0]
279300540,,79300,540,2,0,[0|0],7930540,0,0,0,6,0,[0|0]
279300543,,79300,543,2,0,[0|0],7930543,0,0,0,6,0,[0|0]
279300546,,79300,546,2,0,[0|0],7930546,0,0,0,6,0,[0|0]
279300550,,79300,550,2,0,[0|0],7930550,0,0,0,6,0,[0|0]
279300555,,79300,555,2,0,[0|0],7930555,0,0,0,6,0,[0|0]
279300556,,79300,556,2,1,[0|0],7930556,0,0,0,6,0,[0|0]
279300560,,79300,560,2,0,[0|0],7930560,0,0,0,6,0,[0|0]
279300561,,79300,561,2,1,[0|0],7930561,0,0,0,6,0,[0|0]
279300570,,79300,570,2,0,[0|0],7930570,0,0,0,6,0,[0|0]
279300590,,79300,590,2,0,[0|0],7930590,0,0,0,6,0,[0|0]
279300660,,79300,660,2,0,[0|0],7930660,0,0,0,6,0,[0|0]
279300670,,79300,670,2,0,[0|0],7930670,0,0,0,6,0,[0|0]
279300671,,79300,671,2,1,[0|0],7930671,0,0,0,6,0,[0|0]
279300675,,79300,675,2,0,[0|0],7930675,0,0,0,6,0,[0|0]
279300680,,79300,680,2,0,[0|0],7930680,0,0,0,6,0,[0|0]
279300681,,79300,681,2,1,[0|0],7930681,0,0,0,6,0,[0|0]
279300720,,79300,720,2,0,[0|0],7930720,0,0,0,6,0,[0|0]
279300810,,79300,810,2,1,[0|0],7930810,0,0,0,6,0,[0|0]
279300811,,79300,811,2,1,[0|0],7930811,0,0,0,6,0,[0|0]
279300812,,79300,812,2,1,[0|0],7930812,0,0,0,6,0,[0|0]
279300813,,79300,813,2,1,[0|0],7930813,0,0,0,6,0,[0|0]
279300814,,79300,814,2,1,[0|0],7930814,0,0,0,6,0,[0|0]
279300820,,79300,820,2,1,[0|0],7930820,0,0,0,6,0,[0|0]
279300830,,79300,830,2,1,[0|0],7930830,0,0,0,6,0,[0|0]
279300840,,79300,840,2,1,[0|0],7930840,0,0,0,6,0,[0|0]
279300950,,79300,950,2,1,[0|0],7930950,0,0,0,6,0,[0|0]
279300955,,79300,955,2,1,[0|0],7930955,0,0,0,6,0,[0|0]
279300960,,79300,960,2,1,[0|0],7930960,0,0,0,6,0,[0|0]
279300961,,79300,961,2,1,[0|0],7930961,0,0,0,6,0,[0|0]
279300990,,79300,990,2,0,[0|0],7930990,0,0,0,6,0,[0|0]
279300996,,79300,996,2,0,[0|0],7930996,0,0,0,6,0,[0|0]
279300997,,79300,997,2,0,[0|0],7930997,0,0,0,6,0,[0|0]
279310150,,79310,150,2,1,[0|0],7931150,0,0,0,6,0,[0|0]
279310200,,79310,200,2,1,[0|0],7931200,0,0,0,6,0,[0|0]
279310205,,79310,205,2,1,[0|0],7931205,0,0,0,6,0,[0|0]
279310250,,79310,250,2,0,[0|0],7931250,0,0,0,6,0,[0|0]
279310710,,79310,710,2,1,[0|0],7931710,0,0,0,6,0,[0|0]
279310715,,79310,715,2,1,[0|0],7931715,0,0,0,6,0,[0|0]
279320150,,79320,150,2,0,[0|0],7932150,0,0,0,6,0,[0|0]
279320700,,79320,700,2,1,[0|0],7932700,0,0,0,6,0,[0|0]
279320710,,79320,710,2,1,[0|0],7932710,0,0,0,6,0,[0|0]
279320720,,79320,720,2,1,[0|0],7932720,0,0,0,6,0,[0|0]
279320730,,79320,730,2,1,[0|0],7932730,0,0,0,6,0,[0|0]
279320750,,79320,750,2,1,[0|0],7932750,0,0,0,6,0,[0|0]
279320751,,79320,751,2,1,[0|0],7932751,0,0,0,6,0,[0|0]
279320752,,79320,752,2,1,[0|0],7932752,0,0,0,6,0,[0|0]
279320753,,79320,753,2,1,[0|0],7932753,0,0,0,6,0,[0|0]
279320760,,79320,760,2,1,[0|0],7932760,0,0,0,6,0,[0|0]
279320761,,79320,761,2,1,[0|0],7932761,0,0,0,6,0,[0|0]
279320762,,79320,762,2,1,[0|0],7932762,0,0,0,6,0,[0|0]
279320763,,79320,763,2,1,[0|0],7932763,0,0,0,6,0,[0|0]
279320770,,79320,770,2,1,[0|0],7932770,0,0,0,6,0,[0|0]
279320771,,79320,771,2,1,[0|0],7932771,0,0,0,6,0,[0|0]
279320772,,79320,772,2,1,[0|0],7932772,0,0,0,6,0,[0|0]
279320773,,79320,773,2,1,[0|0],7932773,0,0,0,6,0,[0|0]
280000100,,80000,100,2,0,[0|0],8000000,0,0,0,6,0,[0|0]
280000101,,80000,101,2,0,[0|0],8000001,0,0,0,6,0,[0|0]
280000102,,80000,102,2,0,[0|0],8000002,0,0,0,6,0,[0|0]
280000103,,80000,103,2,0,[0|0],8000003,0,0,0,6,0,[0|0]
280000104,,80000,104,2,0,[0|0],8000004,0,0,0,6,0,[0|0]
280000110,,80000,110,2,0,[0|0],8000010,0,0,0,6,0,[0|0]
280000111,,80000,111,2,0,[0|0],8000011,0,0,0,6,0,[0|0]
280000115,,80000,115,2,0,[0|0],8000015,0,0,0,6,0,[0|0]
280000120,,80000,120,2,1,[0|0],1100,0,0,0,6,0,[0|0]
281000100,,81000,100,2,1,[0|0],8100000,0,0,0,6,0,[0|0]
281000101,,81000,101,2,1,[0|0],8100001,0,0,0,6,0,[0|0]
281000110,,81000,110,2,1,[0|0],8100010,0,0,0,6,0,[0|0]
281000111,,81000,111,2,1,[0|0],8100011,0,0,0,6,0,[0|0]
281000112,,81000,112,2,1,[0|0],8100012,0,0,0,6,0,[0|0]
281010100,,81010,100,2,1,[0|0],8101100,0,0,0,6,0,[0|0]
281010110,,81010,110,2,1,[0|0],8101110,0,0,0,6,0,[0|0]
281010120,,81010,120,2,1,[0|0],8101120,0,0,0,6,0,[0|0]
281100100,,81100,100,2,1,[0|0],8110000,0,0,0,6,0,[0|0]
281100101,,81100,101,2,1,[0|0],8110001,0,0,0,6,0,[0|0]
281100110,,81100,110,2,1,[0|0],8110010,0,0,0,6,0,[0|0]
281200100,,81200,100,2,0,[0|0],8120000,0,0,0,6,0,[0|0]
290090100,,90090,100,2,1,[0|0],9009000,0,0,0,6,0,[0|0]
291000010,,91000,10,2,0,[0|0],9100010,0,0,0,6,0,[0|0]
291000020,,91000,20,2,0,[0|0],9100020,0,0,0,6,0,[0|0]
291000030,,91000,30,2,0,[0|0],9100030,0,0,0,6,0,[0|0]
291000040,,91000,40,2,0,[0|0],9100040,0,0,0,6,0,[0|0]
291000050,,91000,50,2,0,[0|0],9100050,0,0,0,6,0,[0|0]
291000060,,91000,60,2,0,[0|0],9100060,0,0,0,6,0,[0|0]
291000070,,91000,70,2,0,[0|0],9100070,0,0,0,6,0,[0|0]
291000080,,91000,80,2,0,[0|0],9100080,0,0,0,6,0,[0|0]
291000090,,91000,90,2,1,[0|0],9100090,0,0,0,6,0,[0|0]
291000100,,91000,100,2,0,[0|0],9100100,0,0,0,6,0,[0|0]
291000110,,91000,110,2,0,[0|0],9100110,0,0,0,6,0,[0|0]
291000120,,91000,120,2,0,[0|0],9100120,0,0,0,6,0,[0|0]
291000130,,91000,130,2,0,[0|0],9100130,0,0,0,6,0,[0|0]
291000140,,91000,140,2,0,[0|0],9100140,0,0,0,6,0,[0|0]
291000150,,91000,150,2,0,[0|0],9100150,0,0,0,6,0,[0|0]
291000160,,91000,160,2,0,[0|0],9100160,0,0,0,6,0,[0|0]
291000170,,91000,170,2,0,[0|0],9100170,0,0,0,6,0,[0|0]
291000180,,91000,180,2,0,[0|0],9100180,0,0,0,6,0,[0|0]
291000190,,91000,190,2,0,[0|0],9100190,0,0,0,6,0,[0|0]
291000200,,91000,200,2,0,[0|0],9100200,0,0,0,6,0,[0|0]
291000210,,91000,210,2,0,[0|0],9100210,0,0,0,6,0,[0|0]
291000220,,91000,220,2,0,[0|0],9100220,0,0,0,6,0,[0|0]
291000230,,91000,230,2,1,[0|0],9100230,0,0,0,6,0,[0|0]
291000240,,91000,240,2,0,[0|0],9100240,0,0,0,6,0,[0|0]
291000500,,91000,500,2,0,[0|0],9100500,0,0,0,6,0,[0|0]
291000510,,91000,510,2,0,[0|0],9100510,0,0,0,6,0,[0|0]
291000520,,91000,520,2,0,[0|0],9100520,0,0,0,6,0,[0|0]
291000700,,91000,700,2,1,[0|0],9100700,0,0,0,6,0,[0|0]
291000701,,91000,701,2,1,[0|0],9100701,0,0,0,6,0,[0|0]
801000000,,0,0,0,1,[0|0],81000000,0,0,0,0,0,[0|0]
801001000,,0,0,0,1,[0|0],81001000,0,0,0,0,0,[0|0]
801001010,,0,0,0,1,[0|0],81001010,0,0,0,0,0,[0|0]
801001020,,0,0,0,1,[0|0],81001020,0,0,0,0,0,[0|0]
801001030,,0,0,0,1,[0|0],81001030,0,0,0,0,0,[0|0]
801001040,,0,0,0,1,[0|0],81001040,0,0,0,0,0,[0|0]
801001050,,0,0,0,1,[0|0],81001050,0,0,0,0,0,[0|0]
801001060,,0,0,0,1,[0|0],81001060,0,0,0,0,0,[0|0]
801001070,,0,0,0,1,[0|0],81001070,0,0,0,0,0,[0|0]
801010000,,0,0,0,1,[0|0],81010000,0,0,0,0,0,[0|0]
801010010,,0,0,0,1,[0|0],81010010,0,0,0,0,0,[0|0]
801010020,,0,0,0,1,[0|0],81010020,0,0,0,0,0,[0|0]
801010030,,0,0,0,1,[0|0],81010030,0,0,0,0,0,[0|0]
801010040,,0,0,0,1,[0|0],81010040,0,0,0,0,0,[0|0]
801010050,,0,0,0,1,[0|0],81010050,0,0,0,0,0,[0|0]
801010060,,0,0,0,1,[0|0],81010060,0,0,0,0,0,[0|0]
801010070,,0,0,0,1,[0|0],81010070,0,0,0,0,0,[0|0]
801020000,,0,0,0,1,[0|0],81020000,0,0,0,0,0,[0|0]
801020010,,0,0,0,1,[0|0],81020010,0,0,0,0,0,[0|0]
801020020,,0,0,0,1,[0|0],81020020,0,0,0,0,0,[0|0]
801020030,,0,0,0,1,[0|0],81020030,0,0,0,0,0,[0|0]
801020040,,0,0,0,1,[0|0],81020040,0,0,0,0,0,[0|0]
801020050,,0,0,0,1,[0|0],81020050,0,0,0,0,0,[0|0]
801020060,,0,0,0,1,[0|0],81020060,0,0,0,0,0,[0|0]
801020070,,0,0,0,1,[0|0],81020070,0,0,0,0,0,[0|0]
801030000,,0,0,0,1,[0|0],81030000,0,0,0,0,0,[0|0]
801032000,,0,0,0,1,[0|0],81032000,0,0,0,0,0,[0|0]
801032010,,0,0,0,1,[0|0],81032010,0,0,0,0,0,[0|0]
801032020,,0,0,0,1,[0|0],81032020,0,0,0,0,0,[0|0]
801032030,,0,0,0,1,[0|0],81032030,0,0,0,0,0,[0|0]
801032040,,0,0,0,1,[0|0],81032040,0,0,0,0,0,[0|0]
801032050,,0,0,0,1,[0|0],81032050,0,0,0,0,0,[0|0]
801032060,,0,0,0,1,[0|0],81032060,0,0,0,0,0,[0|0]
801032070,,0,0,0,1,[0|0],81032070,0,0,0,0,0,[0|0]
801100000,,0,0,0,1,[0|0],81100000,0,0,0,0,0,[0|0]
801100005,,0,0,0,1,[0|0],81100005,0,0,0,0,0,[0|0]
801100700,,0,0,0,1,[0|0],81100700,0,0,0,0,0,[0|0]
801100705,,0,0,0,1,[0|0],81100705,0,0,0,0,0,[0|0]
801100710,,0,0,0,1,[0|0],81100710,0,0,0,0,0,[0|0]
801100720,,0,0,0,1,[0|0],81100720,0,0,0,0,0,[0|0]
801100730,,0,0,0,1,[0|0],81100730,0,0,0,0,0,[0|0]
801100740,,0,0,0,1,[0|0],81100740,0,0,0,0,0,[0|0]
801100750,,0,0,0,1,[0|0],81100750,0,0,0,0,0,[0|0]
801100760,,0,0,0,1,[0|0],81100760,0,0,0,0,0,[0|0]
801100770,,0,0,0,1,[0|0],81100770,0,0,0,0,0,[0|0]
801101000,,0,0,0,1,[0|0],81101000,0,0,0,0,0,[0|0]
801101005,,0,0,0,1,[0|0],81101005,0,0,0,0,0,[0|0]
801101010,,0,0,0,1,[0|0],81101010,0,0,0,0,0,[0|0]
801101020,,0,0,0,1,[0|0],81101020,0,0,0,0,0,[0|0]
801101030,,0,0,0,1,[0|0],81101030,0,0,0,0,0,[0|0]
801101040,,0,0,0,1,[0|0],81101040,0,0,0,0,0,[0|0]
801101050,,0,0,0,1,[0|0],81101050,0,0,0,0,0,[0|0]
801101060,,0,0,0,1,[0|0],81101060,0,0,0,0,0,[0|0]
801101070,,0,0,0,1,[0|0],81101070,0,0,0,0,0,[0|0]
801101200,,0,0,0,1,[0|0],81101200,0,0,0,0,0,[0|0]
801101205,,0,0,0,1,[0|0],81101205,0,0,0,0,0,[0|0]
801101210,,0,0,0,1,[0|0],81101210,0,0,0,0,0,[0|0]
801101220,,0,0,0,1,[0|0],81101220,0,0,0,0,0,[0|0]
801101230,,0,0,0,1,[0|0],81101230,0,0,0,0,0,[0|0]
801101240,,0,0,0,1,[0|0],81101240,0,0,0,0,0,[0|0]
801101250,,0,0,0,1,[0|0],81101250,0,0,0,0,0,[0|0]
801101260,,0,0,0,1,[0|0],81101260,0,0,0,0,0,[0|0]
801101270,,0,0,0,1,[0|0],81101270,0,0,0,0,0,[0|0]
801103200,,0,0,0,1,[0|0],81103200,0,0,0,0,0,[0|0]
801103205,,0,0,0,1,[0|0],81103205,0,0,0,0,0,[0|0]
801103210,,0,0,0,1,[0|0],81103210,0,0,0,0,0,[0|0]
801103220,,0,0,0,1,[0|0],81103220,0,0,0,0,0,[0|0]
801103230,,0,0,0,1,[0|0],81103230,0,0,0,0,0,[0|0]
801103240,,0,0,0,1,[0|0],81103240,0,0,0,0,0,[0|0]
801103250,,0,0,0,1,[0|0],81103250,0,0,0,0,0,[0|0]
801103260,,0,0,0,1,[0|0],81103260,0,0,0,0,0,[0|0]
801103270,,0,0,0,1,[0|0],81103270,0,0,0,0,0,[0|0]
801103300,,0,0,0,1,[0|0],81103300,0,0,0,0,0,[0|0]
801103305,,0,0,0,1,[0|0],81103305,0,0,0,0,0,[0|0]
801103310,,0,0,0,1,[0|0],81103310,0,0,0,0,0,[0|0]
801103320,,0,0,0,1,[0|0],81103320,0,0,0,0,0,[0|0]
801103330,,0,0,0,1,[0|0],81103330,0,0,0,0,0,[0|0]
801103340,,0,0,0,1,[0|0],81103340,0,0,0,0,0,[0|0]
801103350,,0,0,0,1,[0|0],81103350,0,0,0,0,0,[0|0]
801103360,,0,0,0,1,[0|0],81103360,0,0,0,0,0,[0|0]
801103370,,0,0,0,1,[0|0],81103370,0,0,0,0,0,[0|0]
801105000,,0,0,0,1,[0|0],81105000,0,0,0,0,0,[0|0]
801105005,,0,0,0,1,[0|0],81105005,0,0,0,0,0,[0|0]
801105010,,0,0,0,1,[0|0],81105010,0,0,0,0,0,[0|0]
801105020,,0,0,0,1,[0|0],81105020,0,0,0,0,0,[0|0]
801105030,,0,0,0,1,[0|0],81105030,0,0,0,0,0,[0|0]
801105040,,0,0,0,1,[0|0],81105040,0,0,0,0,0,[0|0]
801105050,,0,0,0,1,[0|0],81105050,0,0,0,0,0,[0|0]
801105060,,0,0,0,1,[0|0],81105060,0,0,0,0,0,[0|0]
801105070,,0,0,0,1,[0|0],81105070,0,0,0,0,0,[0|0]
801110000,,0,0,0,1,[0|0],81110000,0,0,0,0,0,[0|0]
801110005,,0,0,0,1,[0|0],81110005,0,0,0,0,0,[0|0]
801110010,,0,0,0,1,[0|0],81110010,0,0,0,0,0,[0|0]
801110020,,0,0,0,1,[0|0],81110020,0,0,0,0,0,[0|0]
801110030,,0,0,0,1,[0|0],81110030,0,0,0,0,0,[0|0]
801110040,,0,0,0,1,[0|0],81110040,0,0,0,0,0,[0|0]
801110050,,0,0,0,1,[0|0],81110050,0,0,0,0,0,[0|0]
801110060,,0,0,0,1,[0|0],81110060,0,0,0,0,0,[0|0]
801110070,,0,0,0,1,[0|0],81110070,0,0,0,0,0,[0|0]
801200000,,0,0,0,0,[0|0],81200000,0,0,0,0,0,[0|0]
801202000,,0,0,0,0,[0|0],81202000,0,0,0,0,0,[0|0]
801202010,,0,0,0,0,[0|0],81202010,0,0,0,0,0,[0|0]
801202020,,0,0,0,0,[0|0],81202020,0,0,0,0,0,[0|0]
801202030,,0,0,0,0,[0|0],81202030,0,0,0,0,0,[0|0]
801202040,,0,0,0,0,[0|0],81202040,0,0,0,0,0,[0|0]
801202050,,0,0,0,0,[0|0],81202050,0,0,0,0,0,[0|0]
801202060,,0,0,0,0,[0|0],81202060,0,0,0,0,0,[0|0]
801202070,,0,0,0,0,[0|0],81202070,0,0,0,0,0,[0|0]
801203000,,0,0,0,0,[0|0],81203000,0,0,0,0,0,[0|0]
801203010,,0,0,0,0,[0|0],81203010,0,0,0,0,0,[0|0]
801203020,,0,0,0,0,[0|0],81203020,0,0,0,0,0,[0|0]
801203030,,0,0,0,0,[0|0],81203030,0,0,0,0,0,[0|0]
801203040,,0,0,0,0,[0|0],81203040,0,0,0,0,0,[0|0]
801203050,,0,0,0,0,[0|0],81203050,0,0,0,0,0,[0|0]
801203060,,0,0,0,0,[0|0],81203060,0,0,0,0,0,[0|0]
801203070,,0,0,0,0,[0|0],81203070,0,0,0,0,0,[0|0]
801203200,,0,0,0,0,[0|0],81203200,0,0,0,0,0,[0|0]
801203210,,0,0,0,0,[0|0],81203210,0,0,0,0,0,[0|0]
801203220,,0,0,0,0,[0|0],81203220,0,0,0,0,0,[0|0]
801203230,,0,0,0,0,[0|0],81203230,0,0,0,0,0,[0|0]
801203240,,0,0,0,0,[0|0],81203240,0,0,0,0,0,[0|0]
801203250,,0,0,0,0,[0|0],81203250,0,0,0,0,0,[0|0]
801203260,,0,0,0,0,[0|0],81203260,0,0,0,0,0,[0|0]
801203270,,0,0,0,0,[0|0],81203270,0,0,0,0,0,[0|0]
801205000,,0,0,0,0,[0|0],81205000,0,0,0,0,0,[0|0]
801205010,,0,0,0,0,[0|0],81205010,0,0,0,0,0,[0|0]
801205020,,0,0,0,0,[0|0],81205020,0,0,0,0,0,[0|0]
801205030,,0,0,0,0,[0|0],81205030,0,0,0,0,0,[0|0]
801205040,,0,0,0,0,[0|0],81205040,0,0,0,0,0,[0|0]
801205050,,0,0,0,0,[0|0],81205050,0,0,0,0,0,[0|0]
801205060,,0,0,0,0,[0|0],81205060,0,0,0,0,0,[0|0]
801205070,,0,0,0,0,[0|0],81205070,0,0,0,0,0,[0|0]
801300000,,0,0,0,0,[0|0],81300000,0,0,0,0,0,[0|0]
801301200,,0,0,0,0,[0|0],81301200,0,0,0,0,0,[0|0]
801301210,,0,0,0,0,[0|0],81301210,0,0,0,0,0,[0|0]
801301220,,0,0,0,0,[0|0],81301220,0,0,0,0,0,[0|0]
801301230,,0,0,0,0,[0|0],81301230,0,0,0,0,0,[0|0]
801301240,,0,0,0,0,[0|0],81301240,0,0,0,0,0,[0|0]
801301250,,0,0,0,0,[0|0],81301250,0,0,0,0,0,[0|0]
801301260,,0,0,0,0,[0|0],81301260,0,0,0,0,0,[0|0]
801301270,,0,0,0,0,[0|0],81301270,0,0,0,0,0,[0|0]
801303200,,0,0,0,0,[0|0],81303200,0,0,0,0,0,[0|0]
801303210,,0,0,0,0,[0|0],81303210,0,0,0,0,0,[0|0]
801303220,,0,0,0,0,[0|0],81303220,0,0,0,0,0,[0|0]
801303230,,0,0,0,0,[0|0],81303230,0,0,0,0,0,[0|0]
801303240,,0,0,0,0,[0|0],81303240,0,0,0,0,0,[0|0]
801303250,,0,0,0,0,[0|0],81303250,0,0,0,0,0,[0|0]
801303260,,0,0,0,0,[0|0],81303260,0,0,0,0,0,[0|0]
801303270,,0,0,0,0,[0|0],81303270,0,0,0,0,0,[0|0]
802000000,,0,0,0,0,[0|0],82000000,0,0,0,0,0,[0|0]
802001000,,0,0,0,1,[0|0],82001000,0,0,0,0,0,[0|0]
802001010,,0,0,0,1,[0|0],82001002,0,0,0,0,0,[0|0]
802001020,,0,0,0,1,[0|0],82001021,0,0,0,0,0,[0|0]
802001030,,0,0,0,1,[0|0],82001022,0,0,0,0,0,[0|0]
802001040,,0,0,0,1,[0|0],82001040,0,0,0,0,0,[0|0]
802001050,,0,0,0,1,[0|0],82001042,0,0,0,0,0,[0|0]
802001060,,0,0,0,1,[0|0],82001043,0,0,0,0,0,[0|0]
802001070,,0,0,0,1,[0|0],82001044,0,0,0,0,0,[0|0]
802001080,,0,0,0,1,[0|0],82001045,0,0,0,0,0,[0|0]
802001090,,0,0,0,1,[0|0],82001047,0,0,0,0,0,[0|0]
802001100,,0,0,0,1,[0|0],82001048,0,0,0,0,0,[0|0]
802001110,,0,0,0,1,[0|0],82001049,0,0,0,0,0,[0|0]
802001120,,0,0,0,1,[0|0],82001050,0,0,0,0,0,[0|0]
802001130,,0,0,0,1,[0|0],82001052,0,0,0,0,0,[0|0]
802001200,,0,0,0,0,[0|0],82001200,0,0,0,0,0,[0|0]
802001210,,0,0,0,0,[0|0],82001210,0,0,0,0,0,[0|0]
802001220,,0,0,0,0,[0|0],82001220,0,0,0,0,0,[0|0]
802001230,,0,0,0,0,[0|0],82001230,0,0,0,0,0,[0|0]
802001240,,0,0,0,0,[0|0],82001240,0,0,0,0,0,[0|0]
802001250,,0,0,0,0,[0|0],82001250,0,0,0,0,0,[0|0]
802001260,,0,0,0,0,[0|0],82001260,0,0,0,0,0,[0|0]
802001270,,0,0,0,0,[0|0],82001270,0,0,0,0,0,[0|0]
802003200,,0,0,0,0,[0|0],82003200,0,0,0,0,0,[0|0]
802003210,,0,0,0,0,[0|0],82003210,0,0,0,0,0,[0|0]
802003220,,0,0,0,0,[0|0],82003220,0,0,0,0,0,[0|0]
802003230,,0,0,0,0,[0|0],82003230,0,0,0,0,0,[0|0]
802003240,,0,0,0,0,[0|0],82003240,0,0,0,0,0,[0|0]
802003250,,0,0,0,0,[0|0],82003250,0,0,0,0,0,[0|0]
802003260,,0,0,0,0,[0|0],82003260,0,0,0,0,0,[0|0]
802003270,,0,0,0,0,[0|0],82003270,0,0,0,0,0,[0|0]
802003800,,0,0,0,0,[0|0],82003800,0,0,0,0,0,[0|0]
802003810,,0,0,0,0,[0|0],82003810,0,0,0,0,0,[0|0]
802003820,,0,0,0,0,[0|0],82003820,0,0,0,0,0,[0|0]
802003830,,0,0,0,0,[0|0],82003830,0,0,0,0,0,[0|0]
802003840,,0,0,0,0,[0|0],82003840,0,0,0,0,0,[0|0]
802003850,,0,0,0,0,[0|0],82003850,0,0,0,0,0,[0|0]
802003860,,0,0,0,0,[0|0],82003860,0,0,0,0,0,[0|0]
802003870,,0,0,0,0,[0|0],82003870,0,0,0,0,0,[0|0]
802004000,,0,0,0,0,[0|0],82004000,0,0,0,0,0,[0|0]
802004010,,0,0,0,0,[0|0],82004010,0,0,0,0,0,[0|0]
802004020,,0,0,0,0,[0|0],82004020,0,0,0,0,0,[0|0]
802004030,,0,0,0,0,[0|0],82004030,0,0,0,0,0,[0|0]
802004040,,0,0,0,0,[0|0],82004040,0,0,0,0,0,[0|0]
802004050,,0,0,0,0,[0|0],82004050,0,0,0,0,0,[0|0]
802004060,,0,0,0,0,[0|0],82004060,0,0,0,0,0,[0|0]
802004070,,0,0,0,0,[0|0],82004070,0,0,0,0,0,[0|0]
802100000,,0,0,0,1,[0|0],82100000,0,0,0,0,0,[0|0]
802101000,,0,0,0,1,[0|0],82101000,0,0,0,0,0,[0|0]
802101010,,0,0,0,1,[0|0],82101010,0,0,0,0,0,[0|0]
802101020,,0,0,0,1,[0|0],82101020,0,0,0,0,0,[0|0]
802101030,,0,0,0,1,[0|0],82101030,0,0,0,0,0,[0|0]
802101040,,0,0,0,1,[0|0],82101040,0,0,0,0,0,[0|0]
802101050,,0,0,0,1,[0|0],82101050,0,0,0,0,0,[0|0]
802101060,,0,0,0,1,[0|0],82101060,0,0,0,0,0,[0|0]
802101070,,0,0,0,1,[0|0],82101070,0,0,0,0,0,[0|0]
802101200,,0,0,0,1,[0|0],82101200,0,0,0,0,0,[0|0]
802101210,,0,0,0,1,[0|0],82101210,0,0,0,0,0,[0|0]
802101220,,0,0,0,1,[0|0],82101220,0,0,0,0,0,[0|0]
802101230,,0,0,0,1,[0|0],82101230,0,0,0,0,0,[0|0]
802101240,,0,0,0,1,[0|0],82101240,0,0,0,0,0,[0|0]
802101250,,0,0,0,1,[0|0],82101250,0,0,0,0,0,[0|0]
802101260,,0,0,0,1,[0|0],82101260,0,0,0,0,0,[0|0]
802101270,,0,0,0,1,[0|0],82101270,0,0,0,0,0,[0|0]
802102000,,0,0,0,1,[0|0],82102000,0,0,0,0,0,[0|0]
802102010,,0,0,0,1,[0|0],82102010,0,0,0,0,0,[0|0]
802102020,,0,0,0,1,[0|0],82102020,0,0,0,0,0,[0|0]
802102030,,0,0,0,1,[0|0],82102030,0,0,0,0,0,[0|0]
802102040,,0,0,0,1,[0|0],82102040,0,0,0,0,0,[0|0]
802102050,,0,0,0,1,[0|0],82102050,0,0,0,0,0,[0|0]
802102060,,0,0,0,1,[0|0],82102060,0,0,0,0,0,[0|0]
802102070,,0,0,0,1,[0|0],82102070,0,0,0,0,0,[0|0]
802103000,,0,0,0,1,[0|0],82103000,0,0,0,0,0,[0|0]
802103010,,0,0,0,1,[0|0],82103010,0,0,0,0,0,[0|0]
802103020,,0,0,0,1,[0|0],82103020,0,0,0,0,0,[0|0]
802103030,,0,0,0,1,[0|0],82103030,0,0,0,0,0,[0|0]
802103040,,0,0,0,1,[0|0],82103040,0,0,0,0,0,[0|0]
802103050,,0,0,0,1,[0|0],82103050,0,0,0,0,0,[0|0]
802103060,,0,0,0,1,[0|0],82103060,0,0,0,0,0,[0|0]
802103070,,0,0,0,1,[0|0],82103070,0,0,0,0,0,[0|0]
802104200,,0,0,0,1,[0|0],82104200,0,0,0,0,0,[0|0]
802104210,,0,0,0,1,[0|0],82104210,0,0,0,0,0,[0|0]
802104220,,0,0,0,1,[0|0],82104220,0,0,0,0,0,[0|0]
802104230,,0,0,0,1,[0|0],82104230,0,0,0,0,0,[0|0]
802104240,,0,0,0,1,[0|0],82104240,0,0,0,0,0,[0|0]
802104250,,0,0,0,1,[0|0],82104250,0,0,0,0,0,[0|0]
802104260,,0,0,0,1,[0|0],82104260,0,0,0,0,0,[0|0]
802104270,,0,0,0,1,[0|0],82104270,0,0,0,0,0,[0|0]
802105000,,0,0,0,1,[0|0],82105000,0,0,0,0,0,[0|0]
802105010,,0,0,0,1,[0|0],82105010,0,0,0,0,0,[0|0]
802105020,,0,0,0,1,[0|0],82105020,0,0,0,0,0,[0|0]
802105030,,0,0,0,1,[0|0],82105030,0,0,0,0,0,[0|0]
802105040,,0,0,0,1,[0|0],82105040,0,0,0,0,0,[0|0]
802105050,,0,0,0,1,[0|0],82105050,0,0,0,0,0,[0|0]
802105060,,0,0,0,1,[0|0],82105060,0,0,0,0,0,[0|0]
802105070,,0,0,0,1,[0|0],82105070,0,0,0,0,0,[0|0]
802105200,,0,0,0,1,[0|0],82105200,0,0,0,0,0,[0|0]
802105210,,0,0,0,1,[0|0],82105210,0,0,0,0,0,[0|0]
802105220,,0,0,0,1,[0|0],82105220,0,0,0,0,0,[0|0]
802105230,,0,0,0,1,[0|0],82105230,0,0,0,0,0,[0|0]
802105240,,0,0,0,1,[0|0],82105240,0,0,0,0,0,[0|0]
802105250,,0,0,0,1,[0|0],82105250,0,0,0,0,0,[0|0]
802105260,,0,0,0,1,[0|0],82105260,0,0,0,0,0,[0|0]
802105270,,0,0,0,1,[0|0],82105270,0,0,0,0,0,[0|0]
802200000,,0,0,0,1,[0|0],82200000,0,0,0,0,0,[0|0]
802200005,,0,0,0,1,[0|0],82200005,0,0,0,0,0,[0|0]
802210000,,0,0,0,1,[0|0],82210000,0,0,0,0,0,[0|0]
802210005,,0,0,0,1,[0|0],82210005,0,0,0,0,0,[0|0]
802300000,,0,0,0,1,[0|0],82300000,0,0,0,0,0,[0|0]
802300005,,0,0,0,1,[0|0],82300005,0,0,0,0,0,[0|0]
802400000,,0,0,0,1,[0|0],82400000,0,0,0,0,0,[0|0]
802402000,,0,0,0,1,[0|0],82402000,0,0,0,0,0,[0|0]
802402010,,0,0,0,1,[0|0],82402010,0,0,0,0,0,[0|0]
802402020,,0,0,0,1,[0|0],82402020,0,0,0,0,0,[0|0]
802402030,,0,0,0,1,[0|0],82402030,0,0,0,0,0,[0|0]
802402040,,0,0,0,1,[0|0],82402040,0,0,0,0,0,[0|0]
802402050,,0,0,0,1,[0|0],82402050,0,0,0,0,0,[0|0]
802402060,,0,0,0,1,[0|0],82402060,0,0,0,0,0,[0|0]
802402070,,0,0,0,1,[0|0],82402070,0,0,0,0,0,[0|0]
802402200,,0,0,0,1,[0|0],82402200,0,0,0,0,0,[0|0]
802402210,,0,0,0,1,[0|0],82402210,0,0,0,0,0,[0|0]
802402220,,0,0,0,1,[0|0],82402220,0,0,0,0,0,[0|0]
802402230,,0,0,0,1,[0|0],82402230,0,0,0,0,0,[0|0]
802402240,,0,0,0,1,[0|0],82402240,0,0,0,0,0,[0|0]
802402250,,0,0,0,1,[0|0],82402250,0,0,0,0,0,[0|0]
802402260,,0,0,0,1,[0|0],82402260,0,0,0,0,0,[0|0]
802402270,,0,0,0,1,[0|0],82402270,0,0,0,0,0,[0|0]
802500000,,0,0,0,0,[0|0],82500000,0,0,0,0,0,[0|0]
802500010,,0,0,0,0,[0|0],82500010,0,0,0,0,0,[0|0]
802500020,,0,0,0,0,[0|0],82500020,0,0,0,0,0,[0|0]
802500030,,0,0,0,0,[0|0],82500030,0,0,0,0,0,[0|0]
802500040,,0,0,0,0,[0|0],82500040,0,0,0,0,0,[0|0]
802500050,,0,0,0,0,[0|0],82500050,0,0,0,0,0,[0|0]
802500060,,0,0,0,0,[0|0],82500060,0,0,0,0,0,[0|0]
802500070,,0,0,0,0,[0|0],82500070,0,0,0,0,0,[0|0]
802600000,,0,0,0,1,[0|0],82600000,0,0,0,0,0,[0|0]
802600010,,0,0,0,1,[0|0],82600010,0,0,0,0,0,[0|0]
802600020,,0,0,0,1,[0|0],82600020,0,0,0,0,0,[0|0]
802600030,,0,0,0,1,[0|0],82600030,0,0,0,0,0,[0|0]
802600040,,0,0,0,1,[0|0],82600040,0,0,0,0,0,[0|0]
802600050,,0,0,0,1,[0|0],82600050,0,0,0,0,0,[0|0]
802600060,,0,0,0,1,[0|0],82600060,0,0,0,0,0,[0|0]
802600070,,0,0,0,1,[0|0],82600070,0,0,0,0,0,[0|0]
802700000,,0,0,0,1,[0|0],82700000,0,0,0,0,0,[0|0]
802700010,,0,0,0,1,[0|0],82700010,0,0,0,0,0,[0|0]
802700020,,0,0,0,1,[0|0],82700020,0,0,0,0,0,[0|0]
802700030,,0,0,0,1,[0|0],82700030,0,0,0,0,0,[0|0]
802700040,,0,0,0,1,[0|0],82700040,0,0,0,0,0,[0|0]
802700050,,0,0,0,1,[0|0],82700050,0,0,0,0,0,[0|0]
802700060,,0,0,0,1,[0|0],82700060,0,0,0,0,0,[0|0]
802700070,,0,0,0,1,[0|0],82700070,0,0,0,0,0,[0|0]
802730000,,0,0,0,1,[0|0],82730000,0,0,0,0,0,[0|0]
802730010,,0,0,0,1,[0|0],82730010,0,0,0,0,0,[0|0]
802730020,,0,0,0,1,[0|0],82730020,0,0,0,0,0,[0|0]
802730030,,0,0,0,1,[0|0],82730030,0,0,0,0,0,[0|0]
802730040,,0,0,0,1,[0|0],82730040,0,0,0,0,0,[0|0]
802730050,,0,0,0,1,[0|0],82730050,0,0,0,0,0,[0|0]
802730060,,0,0,0,1,[0|0],82730060,0,0,0,0,0,[0|0]
802730070,,0,0,0,1,[0|0],82730070,0,0,0,0,0,[0|0]
802800000,,0,0,0,1,[0|0],82800000,0,0,0,0,0,[0|0]
802803200,,0,0,0,1,[0|0],82803200,0,0,0,0,0,[0|0]
802803210,,0,0,0,1,[0|0],82803210,0,0,0,0,0,[0|0]
802803220,,0,0,0,1,[0|0],82803220,0,0,0,0,0,[0|0]
802803230,,0,0,0,1,[0|0],82803230,0,0,0,0,0,[0|0]
802803240,,0,0,0,1,[0|0],82803240,0,0,0,0,0,[0|0]
802803250,,0,0,0,1,[0|0],82803250,0,0,0,0,0,[0|0]
802803260,,0,0,0,1,[0|0],82803260,0,0,0,0,0,[0|0]
802803270,,0,0,0,1,[0|0],82803270,0,0,0,0,0,[0|0]
802900000,,0,0,0,1,[0|0],82900000,0,0,0,0,0,[0|0]
802900005,,0,0,0,1,[0|0],82900005,0,0,0,0,0,[0|0]
802900010,,0,0,0,1,[0|0],82900010,0,0,0,0,0,[0|0]
802900020,,0,0,0,1,[0|0],82900020,0,0,0,0,0,[0|0]
802900030,,0,0,0,1,[0|0],82900030,0,0,0,0,0,[0|0]
802900040,,0,0,0,1,[0|0],82900040,0,0,0,0,0,[0|0]
802900050,,0,0,0,1,[0|0],82900050,0,0,0,0,0,[0|0]
802900060,,0,0,0,1,[0|0],82900060,0,0,0,0,0,[0|0]
802900070,,0,0,0,1,[0|0],82900070,0,0,0,0,0,[0|0]
803000000,,0,0,0,1,[0|0],83000000,0,0,0,6,0,[0|0]
803000010,,0,0,0,1,[0|0],83000010,0,0,0,6,0,[0|0]
803000020,,0,0,0,1,[0|0],83000020,0,0,0,6,0,[0|0]
803000030,,0,0,0,1,[0|0],83000030,0,0,0,6,0,[0|0]
803000040,,0,0,0,1,[0|0],83000040,0,0,0,6,0,[0|0]
803000050,,0,0,0,1,[0|0],83000050,0,0,0,6,0,[0|0]
803000060,,0,0,0,1,[0|0],83000060,0,0,0,6,0,[0|0]
803000070,,0,0,0,1,[0|0],83000070,0,0,0,6,0,[0|0]
803100000,,0,0,0,1,[0|0],83100000,0,0,0,0,0,[0|0]
803200000,,0,0,0,1,[0|0],83200000,0,0,0,0,0,[0|0]
803210000,,0,0,0,1,[0|0],83210000,0,0,0,0,0,[0|0]
803301800,,0,0,0,1,[0|0],83301800,0,0,0,0,0,[0|0]
803301810,,0,0,0,1,[0|0],83301810,0,0,0,0,0,[0|0]
803301820,,0,0,0,1,[0|0],83301820,0,0,0,0,0,[0|0]
803301830,,0,0,0,1,[0|0],83301830,0,0,0,0,0,[0|0]
803301840,,0,0,0,1,[0|0],83301840,0,0,0,0,0,[0|0]
803301850,,0,0,0,1,[0|0],83301850,0,0,0,0,0,[0|0]
803301860,,0,0,0,1,[0|0],83301860,0,0,0,0,0,[0|0]
803301870,,0,0,0,1,[0|0],83301870,0,0,0,0,0,[0|0]
803400000,,0,0,0,1,[0|0],83400000,0,0,0,0,0,[0|0]
806800000,,0,0,0,1,[0|0],86800000,0,0,0,0,0,[0|0]
806900000,,0,0,0,1,[0|0],86900000,0,0,0,6,0,[0|0]
807000000,,0,0,0,1,[0|0],87000000,0,0,0,0,0,[0|0]
807000010,,0,0,0,1,[0|0],87000010,0,0,0,0,0,[0|0]
807000020,,0,0,0,1,[0|0],87000020,0,0,0,0,0,[0|0]
807000030,,0,0,0,1,[0|0],87000030,0,0,0,0,0,[0|0]
807000040,,0,0,0,1,[0|0],87000040,0,0,0,0,0,[0|0]
807000050,,0,0,0,1,[0|0],87000050,0,0,0,0,0,[0|0]
807000060,,0,0,0,1,[0|0],87000060,0,0,0,0,0,[0|0]
807000070,,0,0,0,1,[0|0],87000070,0,0,0,0,0,[0|0]
807001000,,0,0,0,1,[0|0],87001000,0,0,0,0,0,[0|0]
807001010,,0,0,0,1,[0|0],87001010,0,0,0,0,0,[0|0]
807001020,,0,0,0,1,[0|0],87001020,0,0,0,0,0,[0|0]
807001030,,0,0,0,1,[0|0],87001030,0,0,0,0,0,[0|0]
807001040,,0,0,0,1,[0|0],87001040,0,0,0,0,0,[0|0]
807001050,,0,0,0,1,[0|0],87001050,0,0,0,0,0,[0|0]
807001060,,0,0,0,1,[0|0],87001060,0,0,0,0,0,[0|0]
807001070,,0,0,0,1,[0|0],87001070,0,0,0,0,0,[0|0]
807001200,,0,0,0,1,[0|0],87001200,0,0,0,0,0,[0|0]
807001210,,0,0,0,1,[0|0],87001210,0,0,0,0,0,[0|0]
807001220,,0,0,0,1,[0|0],87001220,0,0,0,0,0,[0|0]
807001230,,0,0,0,1,[0|0],87001230,0,0,0,0,0,[0|0]
807001240,,0,0,0,1,[0|0],87001240,0,0,0,0,0,[0|0]
807001250,,0,0,0,1,[0|0],87001250,0,0,0,0,0,[0|0]
807001260,,0,0,0,1,[0|0],87001260,0,0,0,0,0,[0|0]
807001270,,0,0,0,1,[0|0],87001270,0,0,0,0,0,[0|0]
807001400,,0,0,0,1,[0|0],87001400,0,0,0,0,0,[0|0]
807001410,,0,0,0,1,[0|0],87001410,0,0,0,0,0,[0|0]
807001420,,0,0,0,1,[0|0],87001420,0,0,0,0,0,[0|0]
807001430,,0,0,0,1,[0|0],87001430,0,0,0,0,0,[0|0]
807001440,,0,0,0,1,[0|0],87001440,0,0,0,0,0,[0|0]
807001450,,0,0,0,1,[0|0],87001450,0,0,0,0,0,[0|0]
807001460,,0,0,0,1,[0|0],87001460,0,0,0,0,0,[0|0]
807001470,,0,0,0,1,[0|0],87001470,0,0,0,0,0,[0|0]
807002000,,0,0,0,1,[0|0],87002000,0,0,0,0,0,[0|0]
807002010,,0,0,0,1,[0|0],87002010,0,0,0,0,0,[0|0]
807002020,,0,0,0,1,[0|0],87002020,0,0,0,0,0,[0|0]
807002030,,0,0,0,1,[0|0],87002030,0,0,0,0,0,[0|0]
807002040,,0,0,0,1,[0|0],87002040,0,0,0,0,0,[0|0]
807002050,,0,0,0,1,[0|0],87002050,0,0,0,0,0,[0|0]
807002060,,0,0,0,1,[0|0],87002060,0,0,0,0,0,[0|0]
807002070,,0,0,0,1,[0|0],87002070,0,0,0,0,0,[0|0]
807003000,,0,0,0,1,[0|0],87003000,0,0,0,0,0,[0|0]
807003010,,0,0,0,1,[0|0],87003010,0,0,0,0,0,[0|0]
807003020,,0,0,0,1,[0|0],87003020,0,0,0,0,0,[0|0]
807003030,,0,0,0,1,[0|0],87003030,0,0,0,0,0,[0|0]
807003040,,0,0,0,1,[0|0],87003040,0,0,0,0,0,[0|0]
807003050,,0,0,0,1,[0|0],87003050,0,0,0,0,0,[0|0]
807003060,,0,0,0,1,[0|0],87003060,0,0,0,0,0,[0|0]
807003070,,0,0,0,1,[0|0],87003070,0,0,0,0,0,[0|0]
807100000,,0,0,0,1,[0|0],87100000,0,0,0,0,0,[0|0]
890000901,,0,901,1,1,[0|0],890000901,0,0,0,12,0,[0|0]
891511900,,1511,900,1,1,[0|0],891511900,0,0,0,12,0,[0|0]
910610300,[Effect] Magic Attack Follows Charge Attacks,10610,300,1,1,[0|0],910610300,0,0,0,12,0,[0|0]
910610400,[Effect] Fire Attack Follows Charge Attacks,10610,400,1,1,[0|0],910610400,0,0,0,12,0,[0|0]
910610500,[Effect] Lightning Follows Charge Attacks,10610,500,1,1,[0|0],910610500,0,0,0,12,0,[0|0]
910610600,[Effect] Holy Attack Follows Charge Attacks,10610,600,1,1,[0|0],910610600,0,0,0,12,0,[0|0]
920000000,,0,0,1,1,[0|0],30908005,0,0,0,0,0,[0|0]
