ID,Name,variationId,behaviorJudgeId,ezStateBehaviorType_old,refType,pad2,refId,consumeSA,stamina,consumeDurability,category,heroPoint,pad1,
10,,0,0,0,0,[0|0],10,0,0,0,5,0,[0|0]
11,,0,0,0,0,[0|0],11,0,5,0,9,0,[0|0]
100,,0,0,0,0,[0|0],100,0,0,0,0,0,[0|0]
400,,0,0,0,0,[0|0],200,0,0,0,9,0,[0|0]
401,,0,0,0,0,[0|0],201,0,0,0,9,0,[0|0]
402,,0,0,0,0,[0|0],202,0,0,0,9,0,[0|0]
403,,0,0,0,0,[0|0],203,0,0,0,9,0,[0|0]
404,,0,0,0,0,[0|0],204,0,0,0,5,0,[0|0]
405,,0,0,0,0,[0|0],205,0,0,0,5,0,[0|0]
406,,0,0,0,0,[0|0],206,0,0,0,5,0,[0|0]
410,,0,0,0,0,[0|0],210,0,0,0,5,0,[0|0]
411,,0,0,0,0,[0|0],211,0,0,0,5,0,[0|0]
412,,0,0,0,0,[0|0],212,0,0,0,5,0,[0|0]
413,,0,0,0,0,[0|0],213,0,0,0,5,0,[0|0]
420,,0,0,0,0,[0|0],220,0,0,0,5,0,[0|0]
421,,0,0,0,0,[0|0],221,0,0,0,5,0,[0|0]
422,,0,0,0,0,[0|0],222,0,0,0,5,0,[0|0]
442,,0,0,0,0,[0|0],44,0,0,0,5,0,[0|0]
500,,0,0,0,0,[0|0],300,0,0,0,9,0,[0|0]
501,,0,0,0,0,[0|0],301,0,0,0,9,0,[0|0]
502,,0,0,0,0,[0|0],302,0,0,0,9,0,[0|0]
503,,0,0,0,0,[0|0],303,0,0,0,9,0,[0|0]
504,,0,0,0,0,[0|0],304,0,0,0,5,0,[0|0]
505,,0,0,0,0,[0|0],305,0,0,0,5,0,[0|0]
506,,0,0,0,0,[0|0],306,0,0,0,5,0,[0|0]
507,,0,0,0,0,[0|0],307,0,0,0,5,0,[0|0]
510,,0,0,0,0,[0|0],310,0,0,0,5,0,[0|0]
511,,0,0,0,0,[0|0],311,0,0,0,5,0,[0|0]
512,,0,0,0,0,[0|0],312,0,0,0,5,0,[0|0]
513,,0,0,0,0,[0|0],313,0,0,0,5,0,[0|0]
520,,0,0,0,0,[0|0],320,0,0,0,5,0,[0|0]
521,,0,0,0,0,[0|0],321,0,0,0,5,0,[0|0]
522,,0,0,0,0,[0|0],322,0,0,0,5,0,[0|0]
530,,0,0,0,0,[0|0],40,0,10,0,5,0,[0|0]
531,,0,0,0,0,[0|0],41,0,10,0,9,0,[0|0]
540,,0,0,0,0,[0|0],42,0,10,0,5,0,[0|0]
541,,0,0,0,0,[0|0],43,0,10,0,9,0,[0|0]
542,,0,0,0,0,[0|0],44,0,0,0,5,0,[0|0]
550,,0,0,0,0,[0|0],550,0,0,0,5,0,[0|0]
551,,0,0,0,0,[0|0],551,0,0,0,5,0,[0|0]
560,,0,0,0,0,[0|0],560,0,0,0,5,0,[0|0]
561,,0,0,0,0,[0|0],561,0,0,0,5,0,[0|0]
600,,0,0,0,0,[0|0],200,0,0,0,5,0,[0|0]
601,,0,0,0,0,[0|0],201,0,0,0,5,0,[0|0]
602,,0,0,0,0,[0|0],202,0,0,0,5,0,[0|0]
900,,0,0,0,0,[0|0],900,0,0,0,5,0,[0|0]
1000,,0,0,0,1,[0|0],165,0,0,0,0,0,[0|0]
1010,,0,0,0,1,[0|0],1101,0,0,0,0,0,[0|0]
1500,,0,0,0,1,[0|0],1500,0,0,0,0,0,[0|0]
1501,,0,0,0,1,[0|0],1501,0,0,0,0,0,[0|0]
1502,,0,0,0,1,[0|0],1502,0,0,0,0,0,[0|0]
1503,,0,0,0,1,[0|0],1503,0,0,0,0,0,[0|0]
1504,,0,0,0,1,[0|0],1504,0,0,0,0,0,[0|0]
1505,,0,0,0,1,[0|0],1505,0,0,0,0,0,[0|0]
1506,,0,0,0,1,[0|0],1506,0,0,0,0,0,[0|0]
1507,,0,0,0,1,[0|0],1507,0,0,0,0,0,[0|0]
1508,,0,0,0,1,[0|0],1508,0,0,0,0,0,[0|0]
1509,,0,0,0,1,[0|0],1509,0,0,0,0,0,[0|0]
1510,,0,0,0,1,[0|0],1510,0,0,0,0,0,[0|0]
1511,,0,0,0,1,[0|0],1511,0,0,0,0,0,[0|0]
1512,,0,0,0,1,[0|0],1512,0,0,0,0,0,[0|0]
2100,Blood Loss - Trigger Proximity Bullet,0,0,0,1,[0|0],1000,0,0,0,0,0,[0|0]
2101,Frostbite - Trigger Proximity Bullet,0,0,0,1,[0|0],1010,0,0,0,0,0,[0|0]
2105,Poison / Rot - Trigger Proximity Bullet,0,0,0,1,[0|0],1005,0,0,0,0,0,[0|0]
2106,Sleep - Trigger Proximity Bullet,0,0,0,1,[0|0],1015,0,0,0,0,0,[0|0]
2107,Madness - Trigger Proximity Bullet,0,0,0,1,[0|0],1020,0,0,0,0,0,[0|0]
2108,Scarlet Rot - Trigger Proximity Bullet,0,0,0,1,[0|0],1025,0,0,0,0,0,[0|0]
2110,,0,0,0,1,[0|0],2125,0,0,0,0,0,[0|0]
2120,,0,0,0,1,[0|0],2150,0,0,0,0,0,[0|0]
2121,,0,0,0,1,[0|0],2155,0,0,0,0,0,[0|0]
2130,,0,0,0,1,[0|0],2180,0,0,0,0,0,[0|0]
2140,,0,0,0,1,[0|0],2652,0,0,0,12,0,[0|0]
2141,,0,0,0,1,[0|0],2653,0,0,0,12,0,[0|0]
2200,,0,0,0,1,[0|0],365,0,0,0,0,0,[0|0]
2201,,0,0,0,1,[0|0],11101600,0,0,0,0,0,[0|0]
2202,,0,0,0,1,[0|0],11101700,0,0,0,0,0,[0|0]
2203,,0,0,0,1,[0|0],11101790,0,0,0,0,0,[0|0]
2204,,0,0,0,1,[0|0],11101791,0,0,0,0,0,[0|0]
2900,,0,0,0,1,[0|0],900,0,0,0,0,0,[0|0]
2999,,0,0,0,1,[0|0],67,0,0,0,0,0,[0|0]
3000,,0,0,0,1,[0|0],10790000,0,0,0,0,0,[0|0]
3005,,0,0,0,1,[0|0],10790050,0,0,0,0,0,[0|0]
3010,,0,0,0,1,[0|0],10464002,0,0,0,3,0,[0|0]
3011,,0,0,0,1,[0|0],10464012,0,0,0,3,0,[0|0]
3012,,0,0,0,1,[0|0],10464022,0,0,0,3,0,[0|0]
3020,,0,0,0,1,[0|0],10676001,0,0,0,4,0,[0|0]
4000,,0,0,0,1,[0|0],65,0,0,0,0,0,[0|0]
4001,,0,0,0,1,[0|0],66,0,0,0,0,0,[0|0]
4002,,0,0,0,1,[0|0],67,0,0,0,0,0,[0|0]
4003,,0,0,0,1,[0|0],68,0,0,0,0,0,[0|0]
4004,,0,0,0,1,[0|0],69,0,0,0,0,0,[0|0]
4005,,0,0,0,1,[0|0],70,0,0,0,0,0,[0|0]
4050,,0,0,0,1,[0|0],2130090,0,0,0,0,0,[0|0]
4060,,0,0,0,1,[0|0],11101800,0,0,0,0,0,[0|0]
4100,,0,0,0,1,[0|0],83100000,0,0,0,0,0,[0|0]
4110,,0,0,0,1,[0|0],7510960,0,0,0,0,0,[0|0]
4120,,0,0,0,1,[0|0],4901960,0,0,0,0,0,[0|0]
4150,,0,0,0,1,[0|0],5820323,0,0,0,0,0,[0|0]
4200,,0,0,0,1,[0|0],7610915,0,0,0,0,0,[0|0]
4210,,0,0,0,0,[0|0],960,0,0,0,5,0,[0|0]
5000,,0,0,0,0,[0|0],1590,0,0,0,1,0,[0|0]
5010,,0,0,0,1,[0|0],10306000,0,0,0,0,0,[0|0]
5011,,0,0,0,1,[0|0],10306001,0,0,0,0,0,[0|0]
5012,,0,0,0,1,[0|0],10306002,0,0,0,0,0,[0|0]
6000,,0,0,0,0,[0|0],910,0,0,0,0,0,[0|0]
7500,,0,0,0,1,[0|0],1700,0,0,0,0,0,[0|0]
8100,[Effect] Blood Loss - Trigger Bullet,0,0,0,1,[0|0],1600,0,0,0,0,0,[0|0]
8105,,0,0,0,1,[0|0],1605,0,0,0,0,0,[0|0]
8110,,0,0,0,1,[0|0],1610,0,0,0,0,0,[0|0]
8115,,0,0,0,1,[0|0],1615,0,0,0,0,0,[0|0]
8120,,0,0,0,1,[0|0],1620,0,0,0,0,0,[0|0]
8125,[Effect] Madness - Trigger Bullet,0,0,0,1,[0|0],1625,0,0,0,0,0,[0|0]
100000000,,0,0,1,0,[0|0],90000,0,0,0,1,0,[0|0]
100000010,,0,10,1,0,[0|0],90010,0,0,0,1,0,[0|0]
100000020,,0,20,1,0,[0|0],90020,0,0,0,1,0,[0|0]
100000030,,0,30,1,0,[0|0],90030,0,0,0,1,0,[0|0]
100000040,,0,40,1,0,[0|0],90040,0,0,0,1,0,[0|0]
100000050,,0,50,1,0,[0|0],90050,0,0,0,1,0,[0|0]
100000100,,0,100,1,0,[0|0],90100,0,10,0,1,0,[0|0]
100000105,,0,105,1,0,[0|0],90105,0,20,0,1,0,[0|0]
100000110,,0,110,1,0,[0|0],90110,0,10,0,1,0,[0|0]
100000115,,0,115,1,0,[0|0],90115,0,20,0,1,0,[0|0]
100000120,,0,120,1,0,[0|0],90120,0,0,0,1,0,[0|0]
100000125,,0,125,1,0,[0|0],90125,0,0,0,1,0,[0|0]
100000130,,0,130,1,0,[0|0],90130,0,0,0,1,0,[0|0]
100000140,,0,140,1,0,[0|0],90140,0,0,0,1,0,[0|0]
100000150,,0,150,1,0,[0|0],90150,0,10,0,1,0,[0|0]
100000155,,0,155,1,0,[0|0],90155,0,10,0,1,0,[0|0]
100000160,,0,160,1,0,[0|0],90160,0,30,0,1,0,[0|0]
100000165,,0,165,1,0,[0|0],90165,0,30,0,1,0,[0|0]
100000180,,0,180,1,0,[0|0],90180,0,20,0,1,0,[0|0]
100000200,,0,200,1,0,[0|0],90200,0,0,0,12,0,[0|0]
100000203,,0,203,1,0,[0|0],90203,0,0,0,12,0,[0|0]
100000210,,0,210,1,0,[0|0],90210,0,0,0,12,0,[0|0]
100000213,,0,213,1,0,[0|0],90213,0,0,0,12,0,[0|0]
100000220,,0,220,1,0,[0|0],90220,0,0,0,12,0,[0|0]
100000230,,0,230,1,0,[0|0],90230,0,0,0,12,0,[0|0]
100000233,,0,233,1,0,[0|0],90233,0,0,0,12,0,[0|0]
100000240,,0,240,1,0,[0|0],90240,0,0,0,12,0,[0|0]
100000250,,0,250,1,0,[0|0],90250,0,0,0,12,0,[0|0]
100000300,,0,300,1,0,[0|0],90300,0,10,0,12,0,[0|0]
100000305,,0,305,1,0,[0|0],90305,0,20,0,12,0,[0|0]
100000310,,0,310,1,0,[0|0],90310,0,10,0,12,0,[0|0]
100000315,,0,315,1,0,[0|0],90315,0,20,0,12,0,[0|0]
100000320,,0,320,1,0,[0|0],90320,0,0,0,12,0,[0|0]
100000323,,0,323,1,0,[0|0],90323,0,0,0,12,0,[0|0]
100000325,,0,325,1,0,[0|0],90325,0,0,0,12,0,[0|0]
100000328,,0,328,1,0,[0|0],90328,0,0,0,12,0,[0|0]
100000330,,0,330,1,0,[0|0],90330,0,0,0,12,0,[0|0]
100000333,,0,333,1,0,[0|0],90333,0,0,0,12,0,[0|0]
100000340,,0,340,1,0,[0|0],90340,0,0,0,12,0,[0|0]
100000350,,0,350,1,0,[0|0],90350,0,10,0,12,0,[0|0]
100000355,,0,355,1,0,[0|0],90355,0,10,0,12,0,[0|0]
100000360,,0,360,1,0,[0|0],90360,0,30,0,12,0,[0|0]
100000365,,0,365,1,0,[0|0],90365,0,30,0,12,0,[0|0]
100000380,,0,380,1,0,[0|0],90380,0,20,0,12,0,[0|0]
100000381,,0,381,1,0,[0|0],90381,0,0,0,12,0,[0|0]
100000400,,0,400,1,0,[0|0],90400,0,0,0,2,0,[0|0]
100000410,,0,410,1,0,[0|0],90410,0,0,0,2,0,[0|0]
100000420,,0,420,1,0,[0|0],90420,0,0,0,2,0,[0|0]
100000430,,0,430,1,0,[0|0],90430,0,0,0,2,0,[0|0]
100000440,,0,440,1,0,[0|0],90440,0,0,0,2,0,[0|0]
100000450,,0,450,1,0,[0|0],90450,0,0,0,2,0,[0|0]
100000460,,0,460,1,0,[0|0],90460,0,0,0,0,0,[0|0]
100000470,,0,470,1,0,[0|0],90470,0,0,0,0,0,[0|0]
100000480,,0,480,1,0,[0|0],90480,0,0,0,0,0,[0|0]
100000500,,0,500,1,0,[0|0],90500,0,0,0,12,0,[0|0]
100000501,,0,501,1,0,[0|0],90501,0,0,0,12,0,[0|0]
100000505,,0,505,1,0,[0|0],90505,0,0,0,12,0,[0|0]
100000506,,0,506,1,0,[0|0],90506,0,0,0,12,0,[0|0]
100000509,,0,509,1,0,[0|0],90509,0,0,0,12,0,[0|0]
100000510,,0,510,1,0,[0|0],90510,0,0,0,12,0,[0|0]
100000511,,0,511,1,0,[0|0],90511,0,0,0,12,0,[0|0]
100000515,,0,515,1,0,[0|0],90515,0,0,0,12,0,[0|0]
100000516,,0,516,1,0,[0|0],90516,0,0,0,12,0,[0|0]
100000517,,0,517,1,0,[0|0],90517,0,0,0,12,0,[0|0]
100000520,,0,520,1,0,[0|0],90520,0,0,0,12,0,[0|0]
100000530,,0,530,1,0,[0|0],90530,0,0,0,12,0,[0|0]
100000540,,0,540,1,0,[0|0],90540,0,0,0,12,0,[0|0]
100000550,,0,550,1,0,[0|0],90550,0,0,0,12,0,[0|0]
100000560,,0,560,1,0,[0|0],90560,0,0,0,12,0,[0|0]
100000561,,0,561,1,0,[0|0],90561,0,0,0,12,0,[0|0]
100000590,,0,590,1,0,[0|0],90590,0,0,0,0,0,[0|0]
100000591,,0,591,1,0,[0|0],90591,0,10,0,0,0,[0|0]
100000600,,0,600,1,0,[0|0],90600,0,0,0,12,0,[0|0]
100000605,,0,605,1,0,[0|0],90605,0,0,0,12,0,[0|0]
100000610,,0,610,1,0,[0|0],90610,0,0,0,12,0,[0|0]
100000630,,0,630,1,0,[0|0],90630,0,0,0,12,0,[0|0]
100000632,,0,632,1,0,[0|0],90632,0,40,0,12,0,[0|0]
100000635,,0,635,1,0,[0|0],90635,0,40,0,12,0,[0|0]
100000640,,0,640,1,0,[0|0],90640,0,0,0,12,0,[0|0]
100000642,,0,642,1,0,[0|0],90642,0,40,0,12,0,[0|0]
100000645,,0,645,1,0,[0|0],90645,0,40,0,12,0,[0|0]
100000650,,0,650,1,0,[0|0],90650,0,15,0,12,0,[0|0]
100000660,,0,660,1,0,[0|0],90660,0,45,0,12,0,[0|0]
100000665,,0,665,1,0,[0|0],90665,0,45,0,12,0,[0|0]
100000700,,0,700,1,0,[0|0],90700,0,0,0,12,0,[0|0]
100000705,,0,705,1,0,[0|0],90705,0,0,0,12,0,[0|0]
100000710,,0,710,1,0,[0|0],90710,0,0,0,12,0,[0|0]
100000730,,0,730,1,0,[0|0],90730,0,0,0,12,0,[0|0]
100000732,,0,732,1,0,[0|0],90732,0,40,0,12,0,[0|0]
100000735,,0,735,1,0,[0|0],90735,0,40,0,12,0,[0|0]
100000740,,0,740,1,0,[0|0],90740,0,0,0,12,0,[0|0]
100000742,,0,742,1,0,[0|0],90742,0,40,0,12,0,[0|0]
100000745,,0,745,1,0,[0|0],90745,0,40,0,12,0,[0|0]
100000750,,0,750,1,0,[0|0],90750,0,15,0,12,0,[0|0]
100000760,,0,760,1,0,[0|0],90760,0,45,0,12,0,[0|0]
100000765,,0,765,1,0,[0|0],90765,0,45,0,12,0,[0|0]
100100000,,100,0,1,0,[0|0],100000,0,9,0,1,0,[0|0]
100100010,,100,10,1,0,[0|0],100010,0,9,0,1,0,[0|0]
100100020,,100,20,1,0,[0|0],100020,0,9,0,1,0,[0|0]
100100030,,100,30,1,0,[0|0],100030,0,9,0,1,0,[0|0]
100100040,,100,40,1,0,[0|0],100040,0,9,0,1,0,[0|0]
100100050,,100,50,1,0,[0|0],100050,0,9,0,1,0,[0|0]
100100100,,100,100,1,0,[0|0],100100,0,15,0,1,0,[0|0]
100100105,,100,105,1,0,[0|0],100105,0,22,0,1,0,[0|0]
100100110,,100,110,1,0,[0|0],100110,0,15,0,1,0,[0|0]
100100115,,100,115,1,0,[0|0],100115,0,22,0,1,0,[0|0]
100100120,,100,120,1,0,[0|0],100120,0,10,0,1,0,[0|0]
100100125,,100,125,1,0,[0|0],100125,0,15,0,1,0,[0|0]
100100130,,100,130,1,0,[0|0],100130,0,8,0,1,0,[0|0]
100100140,,100,140,1,0,[0|0],100140,0,8,0,1,0,[0|0]
100100150,,100,150,1,0,[0|0],100150,0,18,0,1,0,[0|0]
100100155,,100,155,1,0,[0|0],100155,0,18,0,1,0,[0|0]
100100160,,100,160,1,0,[0|0],100160,0,24,0,1,0,[0|0]
100100165,,100,165,1,0,[0|0],100165,0,24,0,1,0,[0|0]
100100180,,100,180,1,0,[0|0],100180,0,14,0,1,0,[0|0]
100100200,,100,200,1,0,[0|0],100200,0,11,0,12,0,[0|0]
100100210,,100,210,1,0,[0|0],100210,0,11,0,12,0,[0|0]
100100220,,100,220,1,0,[0|0],100220,0,11,0,12,0,[0|0]
100100230,,100,230,1,0,[0|0],100230,0,11,0,12,0,[0|0]
100100240,,100,240,1,0,[0|0],100240,0,11,0,12,0,[0|0]
100100250,,100,250,1,0,[0|0],100250,0,11,0,12,0,[0|0]
100100300,,100,300,1,0,[0|0],100300,0,18,0,12,0,[0|0]
100100305,,100,305,1,0,[0|0],100305,0,27,0,12,0,[0|0]
100100310,,100,310,1,0,[0|0],100310,0,18,0,12,0,[0|0]
100100315,,100,315,1,0,[0|0],100315,0,27,0,12,0,[0|0]
100100320,,100,320,1,0,[0|0],100320,0,12,0,12,0,[0|0]
100100325,,100,325,1,0,[0|0],100325,0,18,0,12,0,[0|0]
100100330,,100,330,1,0,[0|0],100330,0,10,0,12,0,[0|0]
100100340,,100,340,1,0,[0|0],100340,0,10,0,12,0,[0|0]
100100350,,100,350,1,0,[0|0],100350,0,20,0,12,0,[0|0]
100100355,,100,355,1,0,[0|0],100355,0,20,0,12,0,[0|0]
100100360,,100,360,1,0,[0|0],100360,0,27,0,12,0,[0|0]
100100365,,100,365,1,0,[0|0],100365,0,27,0,12,0,[0|0]
100100380,,100,380,1,0,[0|0],100380,0,17,0,12,0,[0|0]
100100400,,100,400,1,0,[0|0],100400,0,9,0,2,0,[0|0]
100100410,,100,410,1,0,[0|0],100410,0,9,0,2,0,[0|0]
100100420,,100,420,1,0,[0|0],100420,0,9,0,2,0,[0|0]
100100430,,100,430,1,0,[0|0],100430,0,9,0,2,0,[0|0]
100100440,,100,440,1,0,[0|0],100440,0,9,0,2,0,[0|0]
100100450,,100,450,1,0,[0|0],100450,0,9,0,2,0,[0|0]
100100460,,100,460,1,0,[0|0],100460,0,0,0,0,0,[0|0]
100100470,,100,470,1,0,[0|0],100470,0,0,0,0,0,[0|0]
100100480,,100,480,1,0,[0|0],100480,0,0,0,0,0,[0|0]
100100500,,100,500,1,0,[0|0],100500,0,14,0,12,0,[0|0]
100100505,,100,505,1,0,[0|0],100505,0,0,0,1,0,[0|0]
100100509,,100,509,1,0,[0|0],100509,0,9,0,12,0,[0|0]
100100510,,100,510,1,0,[0|0],100510,0,14,0,12,0,[0|0]
100100515,,100,515,1,0,[0|0],100515,0,0,0,1,0,[0|0]
100100516,,100,516,1,0,[0|0],100516,0,0,0,1,0,[0|0]
100100520,,100,520,1,0,[0|0],100520,0,14,0,12,0,[0|0]
100100530,,100,530,1,0,[0|0],100530,0,14,0,12,0,[0|0]
100100540,,100,540,1,0,[0|0],100540,0,0,0,1,0,[0|0]
100100550,,100,550,1,0,[0|0],100550,0,14,0,12,0,[0|0]
100100560,,100,560,1,0,[0|0],100560,0,7,0,12,0,[0|0]
100100561,,100,561,1,0,[0|0],100561,0,7,0,12,0,[0|0]
100100590,,100,590,1,0,[0|0],100590,0,0,0,0,0,[0|0]
100100591,,100,591,1,0,[0|0],100591,0,10,0,0,0,[0|0]
100100600,,100,600,1,0,[0|0],100600,0,9,0,12,0,[0|0]
100100605,,100,605,1,0,[0|0],100605,0,9,0,12,0,[0|0]
100100610,,100,610,1,0,[0|0],100610,0,9,0,12,0,[0|0]
100100630,,100,630,1,0,[0|0],100630,0,0,0,12,0,[0|0]
100100632,,100,632,1,0,[0|0],100632,0,15,0,12,0,[0|0]
100100635,,100,635,1,0,[0|0],100635,0,22,0,12,0,[0|0]
100100640,,100,640,1,0,[0|0],100640,0,0,0,12,0,[0|0]
100100642,,100,642,1,0,[0|0],100642,0,15,0,12,0,[0|0]
100100645,,100,645,1,0,[0|0],100645,0,22,0,12,0,[0|0]
100100650,,100,650,1,0,[0|0],100650,0,24,0,12,0,[0|0]
100100660,,100,660,1,0,[0|0],100660,0,25,0,12,0,[0|0]
100100665,,100,665,1,0,[0|0],100665,0,25,0,12,0,[0|0]
100100700,,100,700,1,0,[0|0],100700,0,9,0,12,0,[0|0]
100100705,,100,705,1,0,[0|0],100705,0,9,0,12,0,[0|0]
100100710,,100,710,1,0,[0|0],100710,0,9,0,12,0,[0|0]
100100730,,100,730,1,0,[0|0],100730,0,0,0,12,0,[0|0]
100100732,,100,732,1,0,[0|0],100732,0,15,0,12,0,[0|0]
100100735,,100,735,1,0,[0|0],100735,0,22,0,12,0,[0|0]
100100740,,100,740,1,0,[0|0],100740,0,0,0,12,0,[0|0]
100100742,,100,742,1,0,[0|0],100742,0,15,0,12,0,[0|0]
100100745,,100,745,1,0,[0|0],100745,0,22,0,12,0,[0|0]
100100750,,100,750,1,0,[0|0],100750,0,24,0,12,0,[0|0]
100100760,,100,760,1,0,[0|0],100760,0,25,0,12,0,[0|0]
100100765,,100,765,1,0,[0|0],100765,0,25,0,12,0,[0|0]
100100800,,100,800,1,0,[0|0],100800,0,6,0,1,0,[0|0]
100100805,,100,805,1,0,[0|0],100805,0,6,0,2,0,[0|0]
100100806,,100,806,1,0,[0|0],100806,0,6,0,2,0,[0|0]
100100810,,100,810,1,0,[0|0],100810,0,8,0,1,0,[0|0]
100100815,,100,815,1,0,[0|0],100815,0,8,0,2,0,[0|0]
100100820,,100,820,1,0,[0|0],100820,0,8,0,1,0,[0|0]
100100825,,100,825,1,0,[0|0],100825,0,8,0,2,0,[0|0]
100100830,,100,830,1,0,[0|0],100830,0,6,0,1,0,[0|0]
100100835,,100,835,1,0,[0|0],100835,0,6,0,2,0,[0|0]
100100836,,100,836,1,0,[0|0],100836,0,6,0,2,0,[0|0]
100100860,,100,860,1,0,[0|0],100860,0,9,0,1,0,[0|0]
100100865,,100,865,1,0,[0|0],100865,0,9,0,2,0,[0|0]
100100870,,100,870,1,0,[0|0],100870,0,7,0,1,0,[0|0]
100100875,,100,875,1,0,[0|0],100875,0,7,0,2,0,[0|0]
100100880,,100,880,1,0,[0|0],100880,0,7,0,1,0,[0|0]
100100885,,100,885,1,0,[0|0],100885,0,7,0,2,0,[0|0]
100100890,,100,890,1,0,[0|0],100890,0,17,0,1,0,[0|0]
100100895,,100,895,1,0,[0|0],100895,0,17,0,2,0,[0|0]
100100900,,100,900,1,0,[0|0],100900,0,7,0,1,0,[0|0]
100100905,,100,905,1,0,[0|0],100905,0,7,0,1,0,[0|0]
100100906,,100,906,1,0,[0|0],100906,0,7,0,1,0,[0|0]
100100907,,100,907,1,0,[0|0],100907,0,7,0,1,0,[0|0]
100100910,,100,910,1,0,[0|0],100910,0,7,0,1,0,[0|0]
100100915,,100,915,1,0,[0|0],100915,0,7,0,1,0,[0|0]
100100916,,100,916,1,0,[0|0],100916,0,7,0,1,0,[0|0]
100100917,,100,917,1,0,[0|0],100917,0,12,0,1,0,[0|0]
100101100,,101,100,1,0,[0|0],115100,0,8,0,1,0,[0|0]
100101101,,101,101,1,0,[0|0],115101,0,8,0,1,0,[0|0]
100101105,,101,105,1,0,[0|0],115105,0,12,0,1,0,[0|0]
100101106,,101,106,1,0,[0|0],115106,0,12,0,1,0,[0|0]
100101110,,101,110,1,0,[0|0],115110,0,8,0,1,0,[0|0]
100101111,,101,111,1,0,[0|0],115111,0,8,0,1,0,[0|0]
100101115,,101,115,1,0,[0|0],115115,0,9,0,1,0,[0|0]
100101116,,101,116,1,0,[0|0],115116,0,9,0,1,0,[0|0]
100101117,,101,117,1,0,[0|0],115117,0,12,0,1,0,[0|0]
100101300,,101,300,1,0,[0|0],115300,0,10,0,12,0,[0|0]
100101301,,101,301,1,0,[0|0],115301,0,10,0,12,0,[0|0]
100101305,,101,305,1,0,[0|0],115305,0,15,0,12,0,[0|0]
100101306,,101,306,1,0,[0|0],115306,0,15,0,12,0,[0|0]
100101310,,101,310,1,0,[0|0],115310,0,10,0,12,0,[0|0]
100101311,,101,311,1,0,[0|0],115311,0,10,0,12,0,[0|0]
100101315,,101,315,1,0,[0|0],115315,0,11,0,12,0,[0|0]
100101316,,101,316,1,0,[0|0],115316,0,11,0,12,0,[0|0]
100101317,,101,317,1,0,[0|0],115317,0,14,0,12,0,[0|0]
100103100,,103,100,1,0,[0|0],103100,0,15,0,1,0,[0|0]
100103105,,103,105,1,0,[0|0],103105,0,22,0,1,0,[0|0]
100103110,,103,110,1,0,[0|0],103110,0,15,0,1,0,[0|0]
100103115,,103,115,1,0,[0|0],103115,0,22,0,1,0,[0|0]
100103300,,103,300,1,0,[0|0],103300,0,18,0,12,0,[0|0]
100103305,,103,305,1,0,[0|0],103305,0,27,0,12,0,[0|0]
100103310,,103,310,1,0,[0|0],103310,0,18,0,12,0,[0|0]
100103315,,103,315,1,0,[0|0],103315,0,27,0,12,0,[0|0]
100107100,,107,100,1,0,[0|0],103100,0,15,0,1,0,[0|0]
100107105,,107,105,1,0,[0|0],103105,0,22,0,1,0,[0|0]
100107110,,107,110,1,0,[0|0],103110,0,15,0,1,0,[0|0]
100107115,,107,115,1,0,[0|0],103115,0,22,0,1,0,[0|0]
100107300,,107,300,1,0,[0|0],103300,0,18,0,12,0,[0|0]
100107305,,107,305,1,0,[0|0],103305,0,27,0,12,0,[0|0]
100107310,,107,310,1,0,[0|0],103310,0,18,0,12,0,[0|0]
100107315,,107,315,1,0,[0|0],103315,0,27,0,12,0,[0|0]
100109300,,109,300,1,0,[0|0],109300,0,20,0,12,0,[0|0]
100109305,,109,305,1,0,[0|0],109305,0,30,0,12,0,[0|0]
100109310,,109,310,1,0,[0|0],109310,0,20,0,12,0,[0|0]
100109315,,109,315,1,0,[0|0],109315,0,30,0,12,0,[0|0]
100110800,,110,800,1,0,[0|0],110800,0,9,0,1,0,[0|0]
100110805,,110,805,1,0,[0|0],110805,0,6,0,2,0,[0|0]
100110806,,110,806,1,0,[0|0],110806,0,9,0,2,0,[0|0]
100110810,,110,810,1,0,[0|0],110810,0,9,0,1,0,[0|0]
100110815,,110,815,1,0,[0|0],110815,0,6,0,2,0,[0|0]
100110816,,110,816,1,0,[0|0],110816,0,9,0,2,0,[0|0]
100110820,,110,820,1,0,[0|0],110820,0,9,0,1,0,[0|0]
100110825,,110,825,1,0,[0|0],110825,0,6,0,2,0,[0|0]
100110826,,110,826,1,0,[0|0],110826,0,9,0,2,0,[0|0]
100110830,,110,830,1,0,[0|0],110830,0,9,0,1,0,[0|0]
100110835,,110,835,1,0,[0|0],110835,0,6,0,2,0,[0|0]
100110836,,110,836,1,0,[0|0],110836,0,9,0,2,0,[0|0]
100110860,,110,860,1,0,[0|0],110860,0,10,0,1,0,[0|0]
100110865,,110,865,1,0,[0|0],110865,0,5,0,2,0,[0|0]
100110866,,110,866,1,0,[0|0],110866,0,10,0,2,0,[0|0]
100110870,,110,870,1,0,[0|0],110870,0,8,0,1,0,[0|0]
100110875,,110,875,1,0,[0|0],110875,0,6,0,2,0,[0|0]
100110876,,110,876,1,0,[0|0],110876,0,8,0,2,0,[0|0]
100110880,,110,880,1,0,[0|0],110880,0,8,0,1,0,[0|0]
100110885,,110,885,1,0,[0|0],110885,0,6,0,2,0,[0|0]
100110886,,110,886,1,0,[0|0],110886,0,8,0,2,0,[0|0]
100110890,,110,890,1,0,[0|0],110890,0,13,0,1,0,[0|0]
100110895,,110,895,1,0,[0|0],110895,0,11,0,2,0,[0|0]
100110896,,110,896,1,0,[0|0],110896,0,13,0,2,0,[0|0]
100115100,,115,100,1,0,[0|0],115100,0,8,0,1,0,[0|0]
100115101,,115,101,1,0,[0|0],115101,0,8,0,1,0,[0|0]
100115105,,115,105,1,0,[0|0],115105,0,12,0,1,0,[0|0]
100115106,,115,106,1,0,[0|0],115106,0,12,0,1,0,[0|0]
100115110,,115,110,1,0,[0|0],115110,0,8,0,1,0,[0|0]
100115111,,115,111,1,0,[0|0],115111,0,8,0,1,0,[0|0]
100115115,,115,115,1,0,[0|0],115115,0,9,0,1,0,[0|0]
100115116,,115,116,1,0,[0|0],115116,0,9,0,1,0,[0|0]
100115117,,115,117,1,0,[0|0],115117,0,12,0,1,0,[0|0]
100115300,,115,300,1,0,[0|0],115300,0,10,0,12,0,[0|0]
100115301,,115,301,1,0,[0|0],115301,0,10,0,12,0,[0|0]
100115305,,115,305,1,0,[0|0],115305,0,15,0,12,0,[0|0]
100115306,,115,306,1,0,[0|0],115306,0,15,0,12,0,[0|0]
100115310,,115,310,1,0,[0|0],115310,0,10,0,12,0,[0|0]
100115311,,115,311,1,0,[0|0],115311,0,10,0,12,0,[0|0]
100115315,,115,315,1,0,[0|0],115315,0,11,0,12,0,[0|0]
100115316,,115,316,1,0,[0|0],115316,0,11,0,12,0,[0|0]
100115317,,115,317,1,0,[0|0],115317,0,14,0,12,0,[0|0]
100116100,,116,100,1,0,[0|0],115100,0,8,0,1,0,[0|0]
100116101,,116,101,1,0,[0|0],115101,0,8,0,1,0,[0|0]
100116105,,116,105,1,0,[0|0],115105,0,12,0,1,0,[0|0]
100116106,,116,106,1,0,[0|0],115106,0,12,0,1,0,[0|0]
100116110,,116,110,1,0,[0|0],115110,0,8,0,1,0,[0|0]
100116111,,116,111,1,0,[0|0],115111,0,8,0,1,0,[0|0]
100116115,,116,115,1,0,[0|0],115115,0,9,0,1,0,[0|0]
100116116,,116,116,1,0,[0|0],115116,0,9,0,1,0,[0|0]
100116117,,116,117,1,0,[0|0],115117,0,12,0,1,0,[0|0]
100116300,,116,300,1,0,[0|0],115300,0,10,0,12,0,[0|0]
100116301,,116,301,1,0,[0|0],115301,0,10,0,12,0,[0|0]
100116305,,116,305,1,0,[0|0],115305,0,15,0,12,0,[0|0]
100116306,,116,306,1,0,[0|0],115306,0,15,0,12,0,[0|0]
100116310,,116,310,1,0,[0|0],115310,0,10,0,12,0,[0|0]
100116311,,116,311,1,0,[0|0],115311,0,10,0,12,0,[0|0]
100116315,,116,315,1,0,[0|0],115315,0,11,0,12,0,[0|0]
100116316,,116,316,1,0,[0|0],115316,0,11,0,12,0,[0|0]
100116317,,116,317,1,0,[0|0],115317,0,14,0,12,0,[0|0]
100150000,,150,0,1,0,[0|0],150000,0,9,0,1,0,[0|0]
100150010,,150,10,1,0,[0|0],150010,0,9,0,1,0,[0|0]
100150020,,150,20,1,0,[0|0],150020,0,5,0,1,0,[0|0]
100150021,,150,21,1,0,[0|0],150021,0,5,0,1,0,[0|0]
100150030,,150,30,1,0,[0|0],150030,0,5,0,1,0,[0|0]
100150031,,150,31,1,0,[0|0],150031,0,5,0,1,0,[0|0]
100150040,,150,40,1,0,[0|0],150040,0,9,0,1,0,[0|0]
100150050,,150,50,1,0,[0|0],150050,0,9,0,1,0,[0|0]
100150100,,150,100,1,0,[0|0],150100,0,8,0,1,0,[0|0]
100150101,,150,101,1,0,[0|0],150101,0,8,0,1,0,[0|0]
100150105,,150,105,1,0,[0|0],150105,0,22,0,1,0,[0|0]
100150110,,150,110,1,0,[0|0],150110,0,5,0,1,0,[0|0]
100150111,,150,111,1,0,[0|0],150111,0,5,0,1,0,[0|0]
100150112,,150,112,1,0,[0|0],150112,0,5,0,1,0,[0|0]
100150115,,150,115,1,0,[0|0],150115,0,11,0,1,0,[0|0]
100150116,,150,116,1,0,[0|0],150116,0,11,0,1,0,[0|0]
100150120,,150,120,1,0,[0|0],150120,0,5,0,1,0,[0|0]
100150121,,150,121,1,0,[0|0],150121,0,5,0,1,0,[0|0]
100150125,,150,125,1,0,[0|0],150125,0,15,0,1,0,[0|0]
100150130,,150,130,1,0,[0|0],150130,0,8,0,1,0,[0|0]
100150140,,150,140,1,0,[0|0],150140,0,8,0,1,0,[0|0]
100150150,,150,150,1,0,[0|0],150150,0,18,0,1,0,[0|0]
100150155,,150,155,1,0,[0|0],150155,0,18,0,1,0,[0|0]
100150160,,150,160,1,0,[0|0],150160,0,24,0,1,0,[0|0]
100150165,,150,165,1,0,[0|0],150165,0,24,0,1,0,[0|0]
100150180,,150,180,1,0,[0|0],150180,0,14,0,1,0,[0|0]
100150200,,150,200,1,0,[0|0],150200,0,11,0,12,0,[0|0]
100150210,,150,210,1,0,[0|0],150210,0,11,0,12,0,[0|0]
100150220,,150,220,1,0,[0|0],150220,0,11,0,12,0,[0|0]
100150230,,150,230,1,0,[0|0],150230,0,11,0,12,0,[0|0]
100150240,,150,240,1,0,[0|0],150240,0,11,0,12,0,[0|0]
100150250,,150,250,1,0,[0|0],150250,0,11,0,12,0,[0|0]
100150300,,150,300,1,0,[0|0],150300,0,18,0,12,0,[0|0]
100150305,,150,305,1,0,[0|0],150305,0,27,0,12,0,[0|0]
100150310,,150,310,1,0,[0|0],150310,0,18,0,12,0,[0|0]
100150311,,150,311,1,0,[0|0],150311,0,18,0,12,0,[0|0]
100150315,,150,315,1,0,[0|0],150315,0,27,0,12,0,[0|0]
100150316,,150,316,1,0,[0|0],150316,0,0,0,5,0,[0|0]
100150320,,150,320,1,0,[0|0],150320,0,6,0,12,0,[0|0]
100150321,,150,321,1,0,[0|0],150321,0,6,0,12,0,[0|0]
100150325,,150,325,1,0,[0|0],150325,0,18,0,12,0,[0|0]
100150330,,150,330,1,0,[0|0],150330,0,10,0,12,0,[0|0]
100150340,,150,340,1,0,[0|0],150340,0,10,0,12,0,[0|0]
100150350,,150,350,1,0,[0|0],150350,0,20,0,12,0,[0|0]
100150355,,150,355,1,0,[0|0],150355,0,20,0,12,0,[0|0]
100150360,,150,360,1,0,[0|0],150360,0,27,0,12,0,[0|0]
100150365,,150,365,1,0,[0|0],150365,0,27,0,12,0,[0|0]
100150380,,150,380,1,0,[0|0],150380,0,17,0,12,0,[0|0]
100150400,,150,400,1,0,[0|0],150400,0,9,0,2,0,[0|0]
100150410,,150,410,1,0,[0|0],150410,0,9,0,2,0,[0|0]
100150420,,150,420,1,0,[0|0],150420,0,5,0,2,0,[0|0]
100150421,,150,421,1,0,[0|0],150421,0,5,0,2,0,[0|0]
100150430,,150,430,1,0,[0|0],150430,0,5,0,2,0,[0|0]
100150431,,150,431,1,0,[0|0],150431,0,5,0,2,0,[0|0]
100150440,,150,440,1,0,[0|0],150440,0,9,0,2,0,[0|0]
100150450,,150,450,1,0,[0|0],150450,0,9,0,2,0,[0|0]
100150460,,150,460,1,0,[0|0],150460,0,0,0,0,0,[0|0]
100150470,,150,470,1,0,[0|0],150470,0,0,0,0,0,[0|0]
100150480,,150,480,1,0,[0|0],150480,0,0,0,0,0,[0|0]
100150500,,150,500,1,0,[0|0],150500,0,7,0,12,0,[0|0]
100150501,,150,501,1,0,[0|0],150501,0,7,0,12,0,[0|0]
100150505,,150,505,1,0,[0|0],150505,0,0,0,1,0,[0|0]
100150509,,150,509,1,0,[0|0],150509,0,9,0,12,0,[0|0]
100150510,,150,510,1,0,[0|0],150510,0,14,0,12,0,[0|0]
100150511,,150,511,1,0,[0|0],150511,0,14,0,12,0,[0|0]
100150515,,150,515,1,0,[0|0],150515,0,0,0,1,0,[0|0]
100150516,,150,516,1,0,[0|0],150516,0,0,0,1,0,[0|0]
100150520,,150,520,1,0,[0|0],150520,0,14,0,12,0,[0|0]
100150530,,150,530,1,0,[0|0],150530,0,14,0,12,0,[0|0]
100150540,,150,540,1,0,[0|0],150540,0,0,0,1,0,[0|0]
100150550,,150,550,1,0,[0|0],150550,0,14,0,12,0,[0|0]
100150560,,150,560,1,0,[0|0],150560,0,7,0,12,0,[0|0]
100150561,,150,561,1,0,[0|0],150561,0,7,0,12,0,[0|0]
100150590,,150,590,1,0,[0|0],150590,0,0,0,0,0,[0|0]
100150591,,150,591,1,0,[0|0],150591,0,10,0,0,0,[0|0]
100200000,,200,0,1,0,[0|0],200000,0,12,0,1,0,[0|0]
100200010,,200,10,1,0,[0|0],200010,0,12,0,1,0,[0|0]
100200020,,200,20,1,0,[0|0],200020,0,12,0,1,0,[0|0]
100200030,,200,30,1,0,[0|0],200030,0,12,0,1,0,[0|0]
100200040,,200,40,1,0,[0|0],200040,0,12,0,1,0,[0|0]
100200100,,200,100,1,0,[0|0],200100,0,20,0,1,0,[0|0]
100200105,,200,105,1,0,[0|0],200105,0,30,0,1,0,[0|0]
100200110,,200,110,1,0,[0|0],200110,0,20,0,1,0,[0|0]
100200115,,200,115,1,0,[0|0],200115,0,30,0,1,0,[0|0]
100200120,,200,120,1,0,[0|0],200120,0,15,0,1,0,[0|0]
100200125,,200,125,1,0,[0|0],200125,0,20,0,1,0,[0|0]
100200130,,200,130,1,0,[0|0],200130,0,10,0,1,0,[0|0]
100200140,,200,140,1,0,[0|0],200140,0,10,0,1,0,[0|0]
100200150,,200,150,1,0,[0|0],200150,0,20,0,1,0,[0|0]
100200155,,200,155,1,0,[0|0],200155,0,20,0,1,0,[0|0]
100200160,,200,160,1,0,[0|0],200160,0,30,0,1,0,[0|0]
100200165,,200,165,1,0,[0|0],200165,0,30,0,1,0,[0|0]
100200180,,200,180,1,0,[0|0],200180,0,20,0,1,0,[0|0]
100200200,,200,200,1,0,[0|0],200200,0,15,0,12,0,[0|0]
100200210,,200,210,1,0,[0|0],200210,0,15,0,12,0,[0|0]
100200220,,200,220,1,0,[0|0],200220,0,15,0,12,0,[0|0]
100200230,,200,230,1,0,[0|0],200230,0,15,0,12,0,[0|0]
100200240,,200,240,1,0,[0|0],200240,0,15,0,12,0,[0|0]
100200300,,200,300,1,0,[0|0],200300,0,24,0,12,0,[0|0]
100200305,,200,305,1,0,[0|0],200305,0,36,0,12,0,[0|0]
100200310,,200,310,1,0,[0|0],200310,0,24,0,12,0,[0|0]
100200315,,200,315,1,0,[0|0],200315,0,36,0,12,0,[0|0]
100200320,,200,320,1,0,[0|0],200320,0,18,0,12,0,[0|0]
100200325,,200,325,1,0,[0|0],200325,0,24,0,12,0,[0|0]
100200330,,200,330,1,0,[0|0],200330,0,13,0,12,0,[0|0]
100200340,,200,340,1,0,[0|0],200340,0,13,0,12,0,[0|0]
100200350,,200,350,1,0,[0|0],200350,0,22,0,12,0,[0|0]
100200355,,200,355,1,0,[0|0],200355,0,22,0,12,0,[0|0]
100200360,,200,360,1,0,[0|0],200360,0,34,0,12,0,[0|0]
100200365,,200,365,1,0,[0|0],200365,0,34,0,12,0,[0|0]
100200380,,200,380,1,0,[0|0],200380,0,24,0,12,0,[0|0]
100200400,,200,400,1,0,[0|0],200400,0,12,0,2,0,[0|0]
100200410,,200,410,1,0,[0|0],200410,0,12,0,2,0,[0|0]
100200420,,200,420,1,0,[0|0],200420,0,12,0,2,0,[0|0]
100200430,,200,430,1,0,[0|0],200430,0,12,0,2,0,[0|0]
100200440,,200,440,1,0,[0|0],200440,0,12,0,2,0,[0|0]
100200460,,200,460,1,0,[0|0],200460,0,0,0,0,0,[0|0]
100200470,,200,470,1,0,[0|0],200470,0,0,0,0,0,[0|0]
100200480,,200,480,1,0,[0|0],200480,0,0,0,0,0,[0|0]
100200500,,200,500,1,0,[0|0],200500,0,17,0,12,0,[0|0]
100200505,,200,505,1,0,[0|0],200505,0,0,0,12,0,[0|0]
100200509,,200,509,1,0,[0|0],200509,0,12,0,12,0,[0|0]
100200510,,200,510,1,0,[0|0],200510,0,17,0,12,0,[0|0]
100200515,,200,515,1,0,[0|0],200515,0,0,0,12,0,[0|0]
100200516,,200,516,1,0,[0|0],200516,0,0,0,12,0,[0|0]
100200520,,200,520,1,0,[0|0],200520,0,17,0,12,0,[0|0]
100200530,,200,530,1,0,[0|0],200530,0,17,0,12,0,[0|0]
100200540,,200,540,1,0,[0|0],200540,0,0,0,12,0,[0|0]
100200550,,200,550,1,0,[0|0],200550,0,17,0,12,0,[0|0]
100200560,,200,560,1,0,[0|0],200560,0,8,0,12,0,[0|0]
100200561,,200,561,1,0,[0|0],200561,0,9,0,12,0,[0|0]
100200590,,200,590,1,0,[0|0],200590,0,0,0,12,0,[0|0]
100200591,,200,591,1,0,[0|0],200591,0,10,0,0,0,[0|0]
100200600,,200,600,1,0,[0|0],200600,0,12,0,12,0,[0|0]
100200605,,200,605,1,0,[0|0],200605,0,12,0,12,0,[0|0]
100200610,,200,610,1,0,[0|0],200610,0,12,0,12,0,[0|0]
100200630,,200,630,1,0,[0|0],200630,0,0,0,12,0,[0|0]
100200632,,200,632,1,0,[0|0],200632,0,20,0,12,0,[0|0]
100200635,,200,635,1,0,[0|0],200635,0,30,0,12,0,[0|0]
100200640,,200,640,1,0,[0|0],200640,0,0,0,12,0,[0|0]
100200642,,200,642,1,0,[0|0],200642,0,20,0,12,0,[0|0]
100200645,,200,645,1,0,[0|0],200645,0,30,0,12,0,[0|0]
100200650,,200,650,1,0,[0|0],200650,0,27,0,12,0,[0|0]
100200660,,200,660,1,0,[0|0],200660,0,25,0,12,0,[0|0]
100200665,,200,665,1,0,[0|0],200665,0,25,0,12,0,[0|0]
100200700,,200,700,1,0,[0|0],200700,0,12,0,12,0,[0|0]
100200705,,200,705,1,0,[0|0],200705,0,12,0,12,0,[0|0]
100200710,,200,710,1,0,[0|0],200710,0,12,0,12,0,[0|0]
100200730,,200,730,1,0,[0|0],200730,0,0,0,12,0,[0|0]
100200732,,200,732,1,0,[0|0],200732,0,20,0,12,0,[0|0]
100200735,,200,735,1,0,[0|0],200735,0,30,0,12,0,[0|0]
100200740,,200,740,1,0,[0|0],200740,0,0,0,12,0,[0|0]
100200742,,200,742,1,0,[0|0],200742,0,20,0,12,0,[0|0]
100200745,,200,745,1,0,[0|0],200745,0,30,0,12,0,[0|0]
100200750,,200,750,1,0,[0|0],200750,0,27,0,12,0,[0|0]
100200760,,200,760,1,0,[0|0],200760,0,25,0,12,0,[0|0]
100200765,,200,765,1,0,[0|0],200765,0,25,0,12,0,[0|0]
100200800,,200,800,1,0,[0|0],200800,0,12,0,1,0,[0|0]
100200805,,200,805,1,0,[0|0],200805,0,12,0,2,0,[0|0]
100200810,,200,810,1,0,[0|0],200810,0,12,0,1,0,[0|0]
100200815,,200,815,1,0,[0|0],200815,0,12,0,2,0,[0|0]
100200820,,200,820,1,0,[0|0],200820,0,12,0,1,0,[0|0]
100200825,,200,825,1,0,[0|0],200825,0,12,0,2,0,[0|0]
100200830,,200,830,1,0,[0|0],200830,0,12,0,1,0,[0|0]
100200835,,200,835,1,0,[0|0],200835,0,12,0,2,0,[0|0]
100200860,,200,860,1,0,[0|0],200860,0,15,0,1,0,[0|0]
100200865,,200,865,1,0,[0|0],200865,0,15,0,2,0,[0|0]
100200870,,200,870,1,0,[0|0],200870,0,10,0,1,0,[0|0]
100200875,,200,875,1,0,[0|0],200875,0,10,0,2,0,[0|0]
100200880,,200,880,1,0,[0|0],200880,0,10,0,1,0,[0|0]
100200885,,200,885,1,0,[0|0],200885,0,10,0,2,0,[0|0]
100200890,,200,890,1,0,[0|0],200890,0,15,0,1,0,[0|0]
100200895,,200,895,1,0,[0|0],200895,0,15,0,2,0,[0|0]
100201100,,201,100,1,0,[0|0],201100,0,20,0,1,0,[0|0]
100201105,,201,105,1,0,[0|0],201105,0,30,0,1,0,[0|0]
100201110,,201,110,1,0,[0|0],201110,0,20,0,1,0,[0|0]
100201115,,201,115,1,0,[0|0],201115,0,30,0,1,0,[0|0]
100201130,,201,130,1,0,[0|0],201130,0,10,0,1,0,[0|0]
100201330,,201,330,1,0,[0|0],201330,0,13,0,12,0,[0|0]
100202100,,202,100,1,0,[0|0],202100,0,20,0,1,0,[0|0]
100202105,,202,105,1,0,[0|0],202105,0,30,0,1,0,[0|0]
100202110,,202,110,1,0,[0|0],202110,0,20,0,1,0,[0|0]
100202115,,202,115,1,0,[0|0],202115,0,30,0,1,0,[0|0]
100202300,,202,300,1,0,[0|0],202300,0,24,0,12,0,[0|0]
100202305,,202,305,1,0,[0|0],202305,0,36,0,12,0,[0|0]
100202310,,202,310,1,0,[0|0],202310,0,24,0,12,0,[0|0]
100202315,,202,315,1,0,[0|0],202315,0,36,0,12,0,[0|0]
100203001,,203,1,1,1,[0|0],2520,0,0,0,0,0,[0|0]
100203002,,203,2,1,1,[0|0],2521,0,0,0,0,0,[0|0]
100203100,,203,100,1,0,[0|0],203100,0,10,0,1,0,[0|0]
100203105,,203,105,1,0,[0|0],203105,0,20,0,1,0,[0|0]
100203110,,203,110,1,0,[0|0],203110,0,10,0,1,0,[0|0]
100203115,,203,115,1,0,[0|0],203115,0,20,0,1,0,[0|0]
100203300,,203,300,1,0,[0|0],203300,0,10,0,12,0,[0|0]
100203305,,203,305,1,0,[0|0],203305,0,20,0,12,0,[0|0]
100203310,,203,310,1,0,[0|0],203310,0,10,0,12,0,[0|0]
100203315,,203,315,1,0,[0|0],203315,0,20,0,12,0,[0|0]
100208100,,208,100,1,0,[0|0],211100,0,10,0,1,0,[0|0]
100208101,,208,101,1,0,[0|0],211101,0,10,0,1,0,[0|0]
100208105,,208,105,1,0,[0|0],211105,0,15,0,1,0,[0|0]
100208106,,208,106,1,0,[0|0],211106,0,15,0,1,0,[0|0]
100208110,,208,110,1,0,[0|0],211110,0,20,0,1,0,[0|0]
100208115,,208,115,1,0,[0|0],211115,0,15,0,1,0,[0|0]
100208116,,208,116,1,0,[0|0],211116,0,15,0,1,0,[0|0]
100208300,,208,300,1,0,[0|0],211300,0,12,0,12,0,[0|0]
100208301,,208,301,1,0,[0|0],211301,0,12,0,12,0,[0|0]
100208305,,208,305,1,0,[0|0],211305,0,13,0,12,0,[0|0]
100208306,,208,306,1,0,[0|0],211306,0,13,0,12,0,[0|0]
100208310,,208,310,1,0,[0|0],211310,0,24,0,12,0,[0|0]
100208315,,208,315,1,0,[0|0],211315,0,13,0,12,0,[0|0]
100208316,,208,316,1,0,[0|0],211316,0,13,0,12,0,[0|0]
100209100,,209,100,1,0,[0|0],209100,0,20,0,1,0,[0|0]
100209105,,209,105,1,0,[0|0],209105,0,30,0,1,0,[0|0]
100209110,,209,110,1,0,[0|0],209110,0,20,0,1,0,[0|0]
100209115,,209,115,1,0,[0|0],209115,0,30,0,1,0,[0|0]
100209300,,209,300,1,0,[0|0],209300,0,24,0,12,0,[0|0]
100209305,,209,305,1,0,[0|0],209305,0,36,0,12,0,[0|0]
100209310,,209,310,1,0,[0|0],209310,0,24,0,12,0,[0|0]
100209315,,209,315,1,0,[0|0],209315,0,36,0,12,0,[0|0]
100210100,,210,100,1,0,[0|0],210100,0,20,0,1,0,[0|0]
100210105,,210,105,1,0,[0|0],210105,0,35,0,1,0,[0|0]
100210110,,210,110,1,0,[0|0],210110,0,20,0,1,0,[0|0]
100210115,,210,115,1,0,[0|0],210115,0,30,0,1,0,[0|0]
100210300,,210,300,1,0,[0|0],210300,0,24,0,12,0,[0|0]
100210305,,210,305,1,0,[0|0],210305,0,42,0,12,0,[0|0]
100210310,,210,310,1,0,[0|0],210310,0,24,0,12,0,[0|0]
100210315,,210,315,1,0,[0|0],210315,0,36,0,12,0,[0|0]
100211200,,211,200,1,0,[0|0],212200,0,12,0,12,0,[0|0]
100211201,,211,201,1,0,[0|0],212201,0,12,0,12,0,[0|0]
100211210,,211,210,1,0,[0|0],212210,0,12,0,12,0,[0|0]
100211211,,211,211,1,0,[0|0],212211,0,12,0,12,0,[0|0]
100211220,,211,220,1,0,[0|0],212220,0,12,0,12,0,[0|0]
100211221,,211,221,1,0,[0|0],212221,0,12,0,12,0,[0|0]
100211230,,211,230,1,0,[0|0],212230,0,12,0,12,0,[0|0]
100211231,,211,231,1,0,[0|0],212231,0,12,0,12,0,[0|0]
100211300,,211,300,1,0,[0|0],212300,0,20,0,12,0,[0|0]
100211305,,211,305,1,0,[0|0],212305,0,30,0,12,0,[0|0]
100211310,,211,310,1,0,[0|0],212310,0,20,0,12,0,[0|0]
100211315,,211,315,1,0,[0|0],212315,0,30,0,12,0,[0|0]
100211320,,211,320,1,0,[0|0],212320,0,15,0,12,0,[0|0]
100211321,,211,321,1,0,[0|0],212321,0,15,0,12,0,[0|0]
100211325,,211,325,1,0,[0|0],212325,0,17,0,12,0,[0|0]
100211326,,211,326,1,0,[0|0],212326,0,17,0,12,0,[0|0]
100211330,,211,330,1,0,[0|0],212330,0,10,0,12,0,[0|0]
100211331,,211,331,1,0,[0|0],212331,0,10,0,12,0,[0|0]
100211340,,211,340,1,0,[0|0],212340,0,10,0,12,0,[0|0]
100211341,,211,341,1,0,[0|0],212341,0,10,0,12,0,[0|0]
100211350,,211,350,1,0,[0|0],212350,0,10,0,12,0,[0|0]
100211351,,211,351,1,0,[0|0],212351,0,10,0,12,0,[0|0]
100211355,,211,355,1,0,[0|0],212355,0,10,0,12,0,[0|0]
100211360,,211,360,1,0,[0|0],212360,0,15,0,12,0,[0|0]
100211366,,211,366,1,0,[0|0],212366,0,15,0,12,0,[0|0]
100211380,,211,380,1,0,[0|0],212380,0,20,0,12,0,[0|0]
100299000,,299,0,1,0,[0|0],980,0,0,0,1,0,[0|0]
100299010,,299,10,1,0,[0|0],981,0,0,0,1,0,[0|0]
100299020,,299,20,1,0,[0|0],982,0,0,0,1,0,[0|0]
100299030,,299,30,1,0,[0|0],983,0,0,0,1,0,[0|0]
100299040,,299,40,1,0,[0|0],984,0,0,0,1,0,[0|0]
100300000,,300,0,1,0,[0|0],300000,0,15,0,1,0,[0|0]
100300010,,300,10,1,0,[0|0],300010,0,15,0,1,0,[0|0]
100300020,,300,20,1,0,[0|0],300020,0,15,0,1,0,[0|0]
100300030,,300,30,1,0,[0|0],300030,0,15,0,1,0,[0|0]
100300100,,300,100,1,0,[0|0],300100,0,25,0,1,0,[0|0]
100300105,,300,105,1,0,[0|0],300105,0,35,0,1,0,[0|0]
100300110,,300,110,1,0,[0|0],300110,0,25,0,1,0,[0|0]
100300115,,300,115,1,0,[0|0],300115,0,35,0,1,0,[0|0]
100300120,,300,120,1,0,[0|0],300120,0,18,0,1,0,[0|0]
100300125,,300,125,1,0,[0|0],300125,0,25,0,1,0,[0|0]
100300130,,300,130,1,0,[0|0],300130,0,12,0,1,0,[0|0]
100300140,,300,140,1,0,[0|0],300140,0,12,0,1,0,[0|0]
100300150,,300,150,1,0,[0|0],300150,0,22,0,1,0,[0|0]
100300155,,300,155,1,0,[0|0],300155,0,22,0,1,0,[0|0]
100300160,,300,160,1,0,[0|0],300160,0,35,0,1,0,[0|0]
100300165,,300,165,1,0,[0|0],300165,0,35,0,1,0,[0|0]
100300180,,300,180,1,0,[0|0],300180,0,25,0,1,0,[0|0]
100300200,,300,200,1,0,[0|0],300200,0,18,0,12,0,[0|0]
100300210,,300,210,1,0,[0|0],300210,0,18,0,12,0,[0|0]
100300220,,300,220,1,0,[0|0],300220,0,18,0,12,0,[0|0]
100300230,,300,230,1,0,[0|0],300230,0,18,0,12,0,[0|0]
100300300,,300,300,1,0,[0|0],300300,0,30,0,12,0,[0|0]
100300305,,300,305,1,0,[0|0],300305,0,40,0,12,0,[0|0]
100300310,,300,310,1,0,[0|0],300310,0,30,0,12,0,[0|0]
100300315,,300,315,1,0,[0|0],300315,0,40,0,12,0,[0|0]
100300320,,300,320,1,0,[0|0],300320,0,22,0,12,0,[0|0]
100300325,,300,325,1,0,[0|0],300325,0,30,0,12,0,[0|0]
100300330,,300,330,1,0,[0|0],300330,0,15,0,12,0,[0|0]
100300340,,300,340,1,0,[0|0],300340,0,15,0,12,0,[0|0]
100300350,,300,350,1,0,[0|0],300350,0,25,0,12,0,[0|0]
100300355,,300,355,1,0,[0|0],300355,0,25,0,12,0,[0|0]
100300360,,300,360,1,0,[0|0],300360,0,40,0,12,0,[0|0]
100300365,,300,365,1,0,[0|0],300365,0,40,0,12,0,[0|0]
100300380,,300,380,1,0,[0|0],300380,0,30,0,12,0,[0|0]
100300400,,300,400,1,0,[0|0],300400,0,15,0,2,0,[0|0]
100300410,,300,410,1,0,[0|0],300410,0,15,0,2,0,[0|0]
100300420,,300,420,1,0,[0|0],300420,0,15,0,2,0,[0|0]
100300430,,300,430,1,0,[0|0],300430,0,15,0,2,0,[0|0]
100300460,,300,460,1,0,[0|0],300460,0,0,0,0,0,[0|0]
100300470,,300,470,1,0,[0|0],300470,0,0,0,0,0,[0|0]
100300480,,300,480,1,0,[0|0],300480,0,0,0,0,0,[0|0]
100300500,,300,500,1,0,[0|0],300500,0,20,0,12,0,[0|0]
100300505,,300,505,1,0,[0|0],300505,0,0,0,12,0,[0|0]
100300509,,300,509,1,0,[0|0],300509,0,15,0,12,0,[0|0]
100300510,,300,510,1,0,[0|0],300510,0,20,0,12,0,[0|0]
100300515,,300,515,1,0,[0|0],300515,0,0,0,12,0,[0|0]
100300516,,300,516,1,0,[0|0],300516,0,0,0,12,0,[0|0]
100300520,,300,520,1,0,[0|0],300520,0,0,0,12,0,[0|0]
100300530,,300,530,1,0,[0|0],300530,0,20,0,12,0,[0|0]
100300540,,300,540,1,0,[0|0],300540,0,0,0,12,0,[0|0]
100300550,,300,550,1,0,[0|0],300550,0,20,0,12,0,[0|0]
100300560,,300,560,1,0,[0|0],300560,0,10,0,12,0,[0|0]
100300561,,300,561,1,0,[0|0],300561,0,10,0,12,0,[0|0]
100300590,,300,590,1,0,[0|0],300590,0,0,0,12,0,[0|0]
100300591,,300,591,1,0,[0|0],300591,0,10,0,0,0,[0|0]
100300600,,300,600,1,0,[0|0],300600,0,15,0,12,0,[0|0]
100300605,,300,605,1,0,[0|0],300605,0,15,0,12,0,[0|0]
100300610,,300,610,1,0,[0|0],300610,0,15,0,12,0,[0|0]
100300630,,300,630,1,0,[0|0],300630,0,0,0,12,0,[0|0]
100300632,,300,632,1,0,[0|0],300632,0,25,0,12,0,[0|0]
100300635,,300,635,1,0,[0|0],300635,0,35,0,12,0,[0|0]
100300640,,300,640,1,0,[0|0],300640,0,0,0,12,0,[0|0]
100300642,,300,642,1,0,[0|0],300642,0,25,0,12,0,[0|0]
100300645,,300,645,1,0,[0|0],300645,0,35,0,12,0,[0|0]
100300650,,300,650,1,0,[0|0],300650,0,25,0,12,0,[0|0]
100300660,,300,660,1,0,[0|0],300660,0,35,0,12,0,[0|0]
100300665,,300,665,1,0,[0|0],300665,0,35,0,12,0,[0|0]
100300700,,300,700,1,0,[0|0],300700,0,15,0,12,0,[0|0]
100300705,,300,705,1,0,[0|0],300705,0,15,0,12,0,[0|0]
100300710,,300,710,1,0,[0|0],300710,0,15,0,12,0,[0|0]
100300730,,300,730,1,0,[0|0],300730,0,0,0,12,0,[0|0]
100300732,,300,732,1,0,[0|0],300732,0,25,0,12,0,[0|0]
100300735,,300,735,1,0,[0|0],300735,0,35,0,12,0,[0|0]
100300740,,300,740,1,0,[0|0],300740,0,0,0,12,0,[0|0]
100300742,,300,742,1,0,[0|0],300742,0,25,0,12,0,[0|0]
100300745,,300,745,1,0,[0|0],300745,0,35,0,12,0,[0|0]
100300750,,300,750,1,0,[0|0],300750,0,25,0,12,0,[0|0]
100300760,,300,760,1,0,[0|0],300760,0,35,0,12,0,[0|0]
100300765,,300,765,1,0,[0|0],300765,0,35,0,12,0,[0|0]
100300800,,300,800,1,0,[0|0],300800,0,15,0,1,0,[0|0]
100300805,,300,805,1,0,[0|0],300805,0,15,0,2,0,[0|0]
100300810,,300,810,1,0,[0|0],300810,0,15,0,1,0,[0|0]
100300815,,300,815,1,0,[0|0],300815,0,15,0,2,0,[0|0]
100300820,,300,820,1,0,[0|0],300820,0,15,0,1,0,[0|0]
100300825,,300,825,1,0,[0|0],300825,0,15,0,2,0,[0|0]
100300860,,300,860,1,0,[0|0],300860,0,18,0,1,0,[0|0]
100300865,,300,865,1,0,[0|0],300865,0,18,0,2,0,[0|0]
100300870,,300,870,1,0,[0|0],300870,0,12,0,1,0,[0|0]
100300875,,300,875,1,0,[0|0],300875,0,12,0,2,0,[0|0]
100300880,,300,880,1,0,[0|0],300880,0,12,0,1,0,[0|0]
100300885,,300,885,1,0,[0|0],300885,0,12,0,2,0,[0|0]
100300890,,300,890,1,0,[0|0],300890,0,17,0,1,0,[0|0]
100300895,,300,895,1,0,[0|0],300895,0,17,0,2,0,[0|0]
100300900,,300,900,1,0,[0|0],300900,0,25,0,1,0,[0|0]
100300905,,300,905,1,0,[0|0],300905,0,35,0,1,0,[0|0]
100300910,,300,910,1,0,[0|0],300910,0,25,0,1,0,[0|0]
100300915,,300,915,1,0,[0|0],300915,0,25,0,1,0,[0|0]
100300916,,300,916,1,0,[0|0],300916,0,25,0,1,0,[0|0]
100301001,,301,1,1,1,[0|0],2500,0,30,0,0,0,[0|0]
100301002,,301,2,1,1,[0|0],2501,0,42,0,0,0,[0|0]
100301003,,301,3,1,0,[0|0],301003,0,0,0,1,0,[0|0]
100301004,,301,4,1,0,[0|0],301004,0,0,0,1,0,[0|0]
100301005,,301,5,1,0,[0|0],301005,0,0,0,1,0,[0|0]
100301006,,301,6,1,0,[0|0],301006,0,0,0,1,0,[0|0]
100301100,,301,100,1,0,[0|0],301100,0,25,0,1,0,[0|0]
100301105,,301,105,1,0,[0|0],301105,0,35,0,1,0,[0|0]
100301110,,301,110,1,0,[0|0],301110,0,25,0,1,0,[0|0]
100301115,,301,115,1,0,[0|0],301115,0,35,0,1,0,[0|0]
100301300,,301,300,1,0,[0|0],301300,0,30,0,12,0,[0|0]
100301301,,301,301,1,0,[0|0],301007,0,0,0,12,0,[0|0]
100301305,,301,305,1,0,[0|0],301305,0,40,0,12,0,[0|0]
100301306,,301,306,1,0,[0|0],301008,0,0,0,12,0,[0|0]
100301310,,301,310,1,0,[0|0],301310,0,30,0,12,0,[0|0]
100301311,,301,311,1,0,[0|0],301009,0,0,0,12,0,[0|0]
100301315,,301,315,1,0,[0|0],301315,0,40,0,12,0,[0|0]
100301316,,301,316,1,0,[0|0],301010,0,0,0,12,0,[0|0]
100302001,,302,1,1,0,[0|0],302001,0,0,0,1,0,[0|0]
100302100,,302,100,1,0,[0|0],302100,0,25,0,1,0,[0|0]
100302105,,302,105,1,0,[0|0],302105,0,40,0,1,0,[0|0]
100302110,,302,110,1,0,[0|0],302110,0,25,0,1,0,[0|0]
100302115,,302,115,1,0,[0|0],302115,0,35,0,1,0,[0|0]
100302300,,302,300,1,0,[0|0],302300,0,30,0,12,0,[0|0]
100302305,,302,305,1,0,[0|0],302305,0,45,0,12,0,[0|0]
100302310,,302,310,1,0,[0|0],302310,0,30,0,12,0,[0|0]
100302315,,302,315,1,0,[0|0],302315,0,40,0,12,0,[0|0]
100303001,,303,1,1,1,[0|0],2500,0,0,0,0,0,[0|0]
100303100,,303,100,1,0,[0|0],303100,0,10,0,1,0,[0|0]
100303105,,303,105,1,0,[0|0],303105,0,20,0,1,0,[0|0]
100303110,,303,110,1,0,[0|0],303110,0,10,0,1,0,[0|0]
100303115,,303,115,1,0,[0|0],303115,0,20,0,1,0,[0|0]
100303300,,303,300,1,0,[0|0],303300,0,10,0,12,0,[0|0]
100303305,,303,305,1,0,[0|0],303305,0,20,0,12,0,[0|0]
100303310,,303,310,1,0,[0|0],303310,0,10,0,12,0,[0|0]
100303315,,303,315,1,0,[0|0],303315,0,20,0,12,0,[0|0]
100305100,,305,100,1,0,[0|0],305100,0,25,0,1,0,[0|0]
100305105,,305,105,1,0,[0|0],305105,0,35,0,1,0,[0|0]
100305110,,305,110,1,0,[0|0],305110,0,25,0,1,0,[0|0]
100305115,,305,115,1,0,[0|0],305115,0,35,0,1,0,[0|0]
100307200,,307,200,1,0,[0|0],307200,0,16,0,12,0,[0|0]
100307210,,307,210,1,0,[0|0],307210,0,16,0,12,0,[0|0]
100307220,,307,220,1,0,[0|0],307220,0,16,0,12,0,[0|0]
100307230,,307,230,1,0,[0|0],307230,0,16,0,12,0,[0|0]
100308001,,308,1,1,0,[0|0],302001,0,0,0,1,0,[0|0]
100308100,,308,100,1,0,[0|0],302100,0,25,0,1,0,[0|0]
100308105,,308,105,1,0,[0|0],302105,0,40,0,1,0,[0|0]
100308110,,308,110,1,0,[0|0],302110,0,25,0,1,0,[0|0]
100308115,,308,115,1,0,[0|0],302115,0,35,0,1,0,[0|0]
100308300,,308,300,1,0,[0|0],302300,0,30,0,12,0,[0|0]
100308305,,308,305,1,0,[0|0],302305,0,45,0,12,0,[0|0]
100308310,,308,310,1,0,[0|0],302310,0,30,0,12,0,[0|0]
100308315,,308,315,1,0,[0|0],302315,0,40,0,12,0,[0|0]
100309001,,309,1,1,0,[0|0],302001,0,0,0,1,0,[0|0]
100309100,,309,100,1,0,[0|0],302100,0,25,0,1,0,[0|0]
100309105,,309,105,1,0,[0|0],302105,0,40,0,1,0,[0|0]
100309110,,309,110,1,0,[0|0],302110,0,25,0,1,0,[0|0]
100309115,,309,115,1,0,[0|0],302115,0,35,0,1,0,[0|0]
100309300,,309,300,1,0,[0|0],302300,0,30,0,12,0,[0|0]
100309305,,309,305,1,0,[0|0],302305,0,45,0,12,0,[0|0]
100309310,,309,310,1,0,[0|0],302310,0,30,0,12,0,[0|0]
100309315,,309,315,1,0,[0|0],302315,0,40,0,12,0,[0|0]
100315110,,315,110,1,0,[0|0],315110,0,27,0,1,0,[0|0]
100315115,,315,115,1,0,[0|0],315115,0,38,0,1,0,[0|0]
100315300,,315,300,1,0,[0|0],315300,0,33,0,12,0,[0|0]
100315305,,315,305,1,0,[0|0],315305,0,43,0,12,0,[0|0]
100315310,,315,310,1,0,[0|0],315310,0,33,0,12,0,[0|0]
100315315,,315,315,1,0,[0|0],315315,0,43,0,12,0,[0|0]
100318100,,318,100,1,0,[0|0],318100,0,25,0,1,0,[0|0]
100318105,,318,105,1,0,[0|0],318105,0,35,0,1,0,[0|0]
100318110,,318,110,1,0,[0|0],318110,0,25,0,1,0,[0|0]
100318115,,318,115,1,0,[0|0],318115,0,35,0,1,0,[0|0]
100318300,,318,300,1,0,[0|0],318300,0,30,0,12,0,[0|0]
100318305,,318,305,1,0,[0|0],318305,0,40,0,12,0,[0|0]
100318310,,318,310,1,0,[0|0],318310,0,30,0,12,0,[0|0]
100318315,,318,315,1,0,[0|0],318315,0,40,0,12,0,[0|0]
100318330,,318,330,1,0,[0|0],318330,0,15,0,12,0,[0|0]
100350000,,350,0,1,0,[0|0],350000,0,15,0,1,0,[0|0]
100350010,,350,10,1,0,[0|0],350010,0,15,0,1,0,[0|0]
100350020,,350,20,1,0,[0|0],350020,0,15,0,1,0,[0|0]
100350030,,350,30,1,0,[0|0],350030,0,15,0,1,0,[0|0]
100350100,,350,100,1,0,[0|0],350100,0,25,0,1,0,[0|0]
100350105,,350,105,1,0,[0|0],350105,0,35,0,1,0,[0|0]
100350110,,350,110,1,0,[0|0],350110,0,25,0,1,0,[0|0]
100350115,,350,115,1,0,[0|0],350115,0,35,0,1,0,[0|0]
100350120,,350,120,1,0,[0|0],350120,0,18,0,1,0,[0|0]
100350125,,350,125,1,0,[0|0],350125,0,25,0,1,0,[0|0]
100350130,,350,130,1,0,[0|0],350130,0,12,0,1,0,[0|0]
100350140,,350,140,1,0,[0|0],350140,0,12,0,1,0,[0|0]
100350180,,350,180,1,0,[0|0],350180,0,25,0,1,0,[0|0]
100350200,,350,200,1,0,[0|0],350200,0,18,0,12,0,[0|0]
100350210,,350,210,1,0,[0|0],350210,0,18,0,12,0,[0|0]
100350220,,350,220,1,0,[0|0],350220,0,18,0,12,0,[0|0]
100350230,,350,230,1,0,[0|0],350230,0,18,0,12,0,[0|0]
100350300,,350,300,1,0,[0|0],350300,0,30,0,12,0,[0|0]
100350305,,350,305,1,0,[0|0],350305,0,40,0,12,0,[0|0]
100350310,,350,310,1,0,[0|0],350310,0,30,0,12,0,[0|0]
100350315,,350,315,1,0,[0|0],350315,0,40,0,12,0,[0|0]
100350320,,350,320,1,0,[0|0],350320,0,22,0,12,0,[0|0]
100350325,,350,325,1,0,[0|0],350325,0,30,0,12,0,[0|0]
100350330,,350,330,1,0,[0|0],350330,0,15,0,12,0,[0|0]
100350340,,350,340,1,0,[0|0],350340,0,15,0,12,0,[0|0]
100350380,,350,380,1,0,[0|0],350380,0,30,0,12,0,[0|0]
100350400,,350,400,1,0,[0|0],350400,0,15,0,2,0,[0|0]
100350410,,350,410,1,0,[0|0],350410,0,15,0,2,0,[0|0]
100350420,,350,420,1,0,[0|0],350420,0,15,0,2,0,[0|0]
100350430,,350,430,1,0,[0|0],350430,0,15,0,2,0,[0|0]
100350500,,350,500,1,0,[0|0],350500,0,20,0,12,0,[0|0]
100350505,,350,505,1,0,[0|0],350505,0,0,0,12,0,[0|0]
100350509,,350,509,1,0,[0|0],350509,0,15,0,12,0,[0|0]
100350510,,350,510,1,0,[0|0],350510,0,20,0,12,0,[0|0]
100350515,,350,515,1,0,[0|0],350515,0,0,0,12,0,[0|0]
100350516,,350,516,1,0,[0|0],350516,0,0,0,12,0,[0|0]
100350520,,350,520,1,0,[0|0],350520,0,0,0,12,0,[0|0]
100350530,,350,530,1,0,[0|0],350530,0,20,0,12,0,[0|0]
100350540,,350,540,1,0,[0|0],350540,0,0,0,12,0,[0|0]
100350550,,350,550,1,0,[0|0],350550,0,20,0,12,0,[0|0]
100350560,,350,560,1,0,[0|0],350560,0,10,0,12,0,[0|0]
100350561,,350,561,1,0,[0|0],350561,0,10,0,12,0,[0|0]
100350590,,350,590,1,0,[0|0],350590,0,0,0,12,0,[0|0]
100400000,,400,0,1,0,[0|0],400000,0,20,0,1,0,[0|0]
100400001,,400,1,1,0,[0|0],400001,0,0,0,1,0,[0|0]
100400002,,400,2,1,0,[0|0],400002,0,0,0,1,0,[0|0]
100400010,,400,10,1,0,[0|0],400010,0,20,0,1,0,[0|0]
100400020,,400,20,1,0,[0|0],400020,0,20,0,1,0,[0|0]
100400100,,400,100,1,0,[0|0],400100,0,30,0,1,0,[0|0]
100400105,,400,105,1,0,[0|0],400105,0,40,0,1,0,[0|0]
100400110,,400,110,1,0,[0|0],400110,0,30,0,1,0,[0|0]
100400115,,400,115,1,0,[0|0],400115,0,40,0,1,0,[0|0]
100400120,,400,120,1,0,[0|0],400120,0,24,0,1,0,[0|0]
100400125,,400,125,1,0,[0|0],400125,0,30,0,1,0,[0|0]
100400130,,400,130,1,0,[0|0],400130,0,16,0,1,0,[0|0]
100400140,,400,140,1,0,[0|0],400140,0,16,0,1,0,[0|0]
100400150,,400,150,1,0,[0|0],400150,0,26,0,1,0,[0|0]
100400155,,400,155,1,0,[0|0],400155,0,26,0,1,0,[0|0]
100400160,,400,160,1,0,[0|0],400160,0,40,0,1,0,[0|0]
100400165,,400,165,1,0,[0|0],400165,0,40,0,1,0,[0|0]
100400180,,400,180,1,0,[0|0],400180,0,30,0,1,0,[0|0]
100400200,,400,200,1,0,[0|0],400200,0,24,0,12,0,[0|0]
100400210,,400,210,1,0,[0|0],400210,0,24,0,12,0,[0|0]
100400220,,400,220,1,0,[0|0],400220,0,24,0,12,0,[0|0]
100400300,,400,300,1,0,[0|0],400300,0,36,0,12,0,[0|0]
100400305,,400,305,1,0,[0|0],400305,0,48,0,12,0,[0|0]
100400310,,400,310,1,0,[0|0],400310,0,36,0,12,0,[0|0]
100400315,,400,315,1,0,[0|0],400315,0,48,0,12,0,[0|0]
100400320,,400,320,1,0,[0|0],400320,0,28,0,12,0,[0|0]
100400325,,400,325,1,0,[0|0],400325,0,36,0,12,0,[0|0]
100400330,,400,330,1,0,[0|0],400330,0,20,0,12,0,[0|0]
100400340,,400,340,1,0,[0|0],400340,0,20,0,12,0,[0|0]
100400350,,400,350,1,0,[0|0],400350,0,30,0,12,0,[0|0]
100400355,,400,355,1,0,[0|0],400355,0,30,0,12,0,[0|0]
100400360,,400,360,1,0,[0|0],400360,0,46,0,12,0,[0|0]
100400365,,400,365,1,0,[0|0],400365,0,46,0,12,0,[0|0]
100400380,,400,380,1,0,[0|0],400380,0,36,0,12,0,[0|0]
100400400,,400,400,1,0,[0|0],400400,0,20,0,2,0,[0|0]
100400410,,400,410,1,0,[0|0],400410,0,20,0,2,0,[0|0]
100400420,,400,420,1,0,[0|0],400420,0,20,0,2,0,[0|0]
100400460,,400,460,1,0,[0|0],400460,0,0,0,0,0,[0|0]
100400470,,400,470,1,0,[0|0],400470,0,0,0,0,0,[0|0]
100400480,,400,480,1,0,[0|0],400480,0,0,0,0,0,[0|0]
100400500,,400,500,1,0,[0|0],400500,0,12,0,12,0,[0|0]
100400501,,400,501,1,0,[0|0],400501,0,13,0,12,0,[0|0]
100400505,,400,505,1,0,[0|0],400505,0,0,0,12,0,[0|0]
100400506,,400,506,1,0,[0|0],400506,0,0,0,12,0,[0|0]
100400509,,400,509,1,0,[0|0],400509,0,20,0,12,0,[0|0]
100400510,,400,510,1,0,[0|0],400510,0,12,0,12,0,[0|0]
100400511,,400,511,1,0,[0|0],400511,0,13,0,12,0,[0|0]
100400515,,400,515,1,0,[0|0],400515,0,0,0,12,0,[0|0]
100400516,,400,516,1,0,[0|0],400516,0,0,0,12,0,[0|0]
100400517,,400,517,1,0,[0|0],400517,0,0,0,12,0,[0|0]
100400520,,400,520,1,0,[0|0],400520,0,0,0,12,0,[0|0]
100400530,,400,530,1,0,[0|0],400530,0,12,0,12,0,[0|0]
100400531,,400,531,1,0,[0|0],400531,0,13,0,12,0,[0|0]
100400540,,400,540,1,0,[0|0],400540,0,0,0,12,0,[0|0]
100400550,,400,550,1,0,[0|0],400550,0,25,0,12,0,[0|0]
100400560,,400,560,1,0,[0|0],400560,0,12,0,12,0,[0|0]
100400561,,400,561,1,0,[0|0],400561,0,13,0,12,0,[0|0]
100400590,,400,590,1,0,[0|0],400590,0,0,0,0,0,[0|0]
100400591,,400,591,1,0,[0|0],400591,0,10,0,0,0,[0|0]
100400600,,400,600,1,0,[0|0],400600,0,20,0,12,0,[0|0]
100400605,,400,605,1,0,[0|0],400605,0,20,0,12,0,[0|0]
100400610,,400,610,1,0,[0|0],400610,0,20,0,12,0,[0|0]
100400630,,400,630,1,0,[0|0],400630,0,0,0,12,0,[0|0]
100400632,,400,632,1,0,[0|0],400632,0,30,0,12,0,[0|0]
100400635,,400,635,1,0,[0|0],400635,0,40,0,12,0,[0|0]
100400640,,400,640,1,0,[0|0],400640,0,0,0,12,0,[0|0]
100400642,,400,642,1,0,[0|0],400642,0,30,0,12,0,[0|0]
100400645,,400,645,1,0,[0|0],400645,0,40,0,12,0,[0|0]
100400650,,400,650,1,0,[0|0],400650,0,30,0,12,0,[0|0]
100400660,,400,660,1,0,[0|0],400660,0,35,0,12,0,[0|0]
100400665,,400,665,1,0,[0|0],400665,0,35,0,12,0,[0|0]
100400700,,400,700,1,0,[0|0],400700,0,20,0,12,0,[0|0]
100400705,,400,705,1,0,[0|0],400705,0,20,0,12,0,[0|0]
100400710,,400,710,1,0,[0|0],400710,0,20,0,12,0,[0|0]
100400730,,400,730,1,0,[0|0],400730,0,0,0,12,0,[0|0]
100400732,,400,732,1,0,[0|0],400732,0,30,0,12,0,[0|0]
100400735,,400,735,1,0,[0|0],400735,0,40,0,12,0,[0|0]
100400740,,400,740,1,0,[0|0],400740,0,0,0,12,0,[0|0]
100400742,,400,742,1,0,[0|0],400742,0,30,0,12,0,[0|0]
100400745,,400,745,1,0,[0|0],400745,0,40,0,12,0,[0|0]
100400750,,400,750,1,0,[0|0],400750,0,30,0,12,0,[0|0]
100400760,,400,760,1,0,[0|0],400760,0,35,0,12,0,[0|0]
100400765,,400,765,1,0,[0|0],400765,0,35,0,12,0,[0|0]
100400800,,400,800,1,0,[0|0],400800,0,20,0,1,0,[0|0]
100400805,,400,805,1,0,[0|0],400805,0,20,0,2,0,[0|0]
100400810,,400,810,1,0,[0|0],400810,0,20,0,1,0,[0|0]
100400815,,400,815,1,0,[0|0],400815,0,20,0,2,0,[0|0]
100400820,,400,820,1,0,[0|0],400820,0,20,0,1,0,[0|0]
100400825,,400,825,1,0,[0|0],400825,0,20,0,2,0,[0|0]
100400860,,400,860,1,0,[0|0],400860,0,24,0,1,0,[0|0]
100400865,,400,865,1,0,[0|0],400865,0,24,0,2,0,[0|0]
100400870,,400,870,1,0,[0|0],400870,0,16,0,1,0,[0|0]
100400875,,400,875,1,0,[0|0],400875,0,16,0,2,0,[0|0]
100400880,,400,880,1,0,[0|0],400880,0,16,0,1,0,[0|0]
100400885,,400,885,1,0,[0|0],400885,0,16,0,2,0,[0|0]
100400890,,400,890,1,0,[0|0],400890,0,21,0,1,0,[0|0]
100400895,,400,895,1,0,[0|0],400895,0,21,0,2,0,[0|0]
100401100,,401,100,1,0,[0|0],401100,0,30,0,1,0,[0|0]
100401105,,401,105,1,0,[0|0],401105,0,40,0,1,0,[0|0]
100401110,,401,110,1,0,[0|0],401110,0,30,0,1,0,[0|0]
100401115,,401,115,1,0,[0|0],401115,0,40,0,1,0,[0|0]
100401300,,401,300,1,0,[0|0],401300,0,36,0,12,0,[0|0]
100401305,,401,305,1,0,[0|0],401305,0,48,0,12,0,[0|0]
100401310,,401,310,1,0,[0|0],401310,0,36,0,12,0,[0|0]
100401315,,401,315,1,0,[0|0],401315,0,48,0,12,0,[0|0]
100402100,,402,100,1,0,[0|0],402100,0,30,0,1,0,[0|0]
100402105,,402,105,1,0,[0|0],402105,0,40,0,1,0,[0|0]
100402300,,402,300,1,0,[0|0],402300,0,36,0,12,0,[0|0]
100402305,,402,305,1,0,[0|0],402305,0,48,0,12,0,[0|0]
100403001,,403,1,1,0,[0|0],403001,0,0,0,1,0,[0|0]
100403005,,403,5,1,1,[0|0],2275,0,0,0,0,0,[0|0]
100403100,,403,100,1,0,[0|0],403100,0,30,0,1,0,[0|0]
100403105,,403,105,1,0,[0|0],403105,0,40,0,1,0,[0|0]
100403110,,403,110,1,0,[0|0],403110,0,30,0,1,0,[0|0]
100403115,,403,115,1,0,[0|0],403115,0,40,0,1,0,[0|0]
100403300,,403,300,1,0,[0|0],403300,0,36,0,12,0,[0|0]
100403305,,403,305,1,0,[0|0],403305,0,48,0,12,0,[0|0]
100403310,,403,310,1,0,[0|0],403310,0,36,0,12,0,[0|0]
100403315,,403,315,1,0,[0|0],403315,0,48,0,12,0,[0|0]
100403900,,403,900,1,0,[0|0],403900,0,30,0,1,0,[0|0]
100403905,,403,905,1,1,[0|0],2270,0,0,0,12,0,[0|0]
100404000,,404,0,1,0,[0|0],404000,0,15,0,1,0,[0|0]
100404010,,404,10,1,0,[0|0],404010,0,15,0,1,0,[0|0]
100404020,,404,20,1,0,[0|0],404020,0,15,0,1,0,[0|0]
100404200,,404,200,1,0,[0|0],404200,0,18,0,12,0,[0|0]
100404210,,404,210,1,0,[0|0],404210,0,18,0,12,0,[0|0]
100404220,,404,220,1,0,[0|0],404220,0,18,0,12,0,[0|0]
100404400,,404,400,1,0,[0|0],404400,0,15,0,2,0,[0|0]
100404410,,404,410,1,0,[0|0],404410,0,15,0,2,0,[0|0]
100404420,,404,420,1,0,[0|0],404420,0,15,0,2,0,[0|0]
100500000,,500,0,1,0,[0|0],500000,0,8,0,1,0,[0|0]
100500010,,500,10,1,0,[0|0],500010,0,8,0,1,0,[0|0]
100500020,,500,20,1,0,[0|0],500020,0,8,0,1,0,[0|0]
100500030,,500,30,1,0,[0|0],500030,0,8,0,1,0,[0|0]
100500040,,500,40,1,0,[0|0],500040,0,8,0,1,0,[0|0]
100500050,,500,50,1,0,[0|0],500050,0,8,0,1,0,[0|0]
100500100,,500,100,1,0,[0|0],500100,0,10,0,1,0,[0|0]
100500105,,500,105,1,0,[0|0],500105,0,20,0,1,0,[0|0]
100500110,,500,110,1,0,[0|0],500110,0,10,0,1,0,[0|0]
100500115,,500,115,1,0,[0|0],500115,0,20,0,1,0,[0|0]
100500120,,500,120,1,0,[0|0],500120,0,8,0,1,0,[0|0]
100500125,,500,125,1,0,[0|0],500125,0,8,0,1,0,[0|0]
100500130,,500,130,1,0,[0|0],500130,0,8,0,1,0,[0|0]
100500140,,500,140,1,0,[0|0],500140,0,8,0,1,0,[0|0]
100500150,,500,150,1,0,[0|0],500150,0,20,0,1,0,[0|0]
100500155,,500,155,1,0,[0|0],500155,0,20,0,1,0,[0|0]
100500160,,500,160,1,0,[0|0],500160,0,30,0,1,0,[0|0]
100500165,,500,165,1,0,[0|0],500165,0,30,0,1,0,[0|0]
100500170,,500,170,1,0,[0|0],500170,0,8,0,1,0,[0|0]
100500175,,500,175,1,0,[0|0],500175,0,10,0,1,0,[0|0]
100500176,,500,176,1,0,[0|0],500176,0,10,0,1,0,[0|0]
100500180,,500,180,1,0,[0|0],500180,0,20,0,1,0,[0|0]
100500200,,500,200,1,0,[0|0],500200,0,10,0,12,0,[0|0]
100500210,,500,210,1,0,[0|0],500210,0,10,0,12,0,[0|0]
100500220,,500,220,1,0,[0|0],500220,0,10,0,12,0,[0|0]
100500230,,500,230,1,0,[0|0],500230,0,10,0,12,0,[0|0]
100500240,,500,240,1,0,[0|0],500240,0,10,0,12,0,[0|0]
100500250,,500,250,1,0,[0|0],500250,0,10,0,12,0,[0|0]
100500300,,500,300,1,0,[0|0],500300,0,10,0,12,0,[0|0]
100500305,,500,305,1,0,[0|0],500305,0,20,0,12,0,[0|0]
100500310,,500,310,1,0,[0|0],500310,0,10,0,12,0,[0|0]
100500315,,500,315,1,0,[0|0],500315,0,20,0,12,0,[0|0]
100500320,,500,320,1,0,[0|0],500320,0,10,0,12,0,[0|0]
100500325,,500,325,1,0,[0|0],500325,0,20,0,12,0,[0|0]
100500330,,500,330,1,0,[0|0],500330,0,10,0,12,0,[0|0]
100500340,,500,340,1,0,[0|0],500340,0,10,0,12,0,[0|0]
100500350,,500,350,1,0,[0|0],500350,0,20,0,12,0,[0|0]
100500355,,500,355,1,0,[0|0],500355,0,20,0,12,0,[0|0]
100500360,,500,360,1,0,[0|0],500360,0,30,0,12,0,[0|0]
100500365,,500,365,1,0,[0|0],500365,0,30,0,12,0,[0|0]
100500375,,500,375,1,0,[0|0],500375,0,10,0,12,0,[0|0]
100500376,,500,376,1,0,[0|0],500376,0,10,0,12,0,[0|0]
100500380,,500,380,1,0,[0|0],500380,0,20,0,12,0,[0|0]
100500400,,500,400,1,0,[0|0],500400,0,8,0,2,0,[0|0]
100500410,,500,410,1,0,[0|0],500410,0,8,0,2,0,[0|0]
100500420,,500,420,1,0,[0|0],500420,0,8,0,2,0,[0|0]
100500430,,500,430,1,0,[0|0],500430,0,8,0,2,0,[0|0]
100500440,,500,440,1,0,[0|0],500440,0,8,0,2,0,[0|0]
100500450,,500,450,1,0,[0|0],500450,0,8,0,2,0,[0|0]
100500460,,500,460,1,0,[0|0],500460,0,0,0,0,0,[0|0]
100500470,,500,470,1,0,[0|0],500470,0,0,0,0,0,[0|0]
100500480,,500,480,1,0,[0|0],500480,0,0,0,0,0,[0|0]
100500500,,500,500,1,0,[0|0],500500,0,13,0,12,0,[0|0]
100500505,,500,505,1,0,[0|0],500505,0,0,0,12,0,[0|0]
100500509,,500,509,1,0,[0|0],500509,0,8,0,12,0,[0|0]
100500510,,500,510,1,0,[0|0],500510,0,13,0,12,0,[0|0]
100500515,,500,515,1,0,[0|0],500515,0,0,0,12,0,[0|0]
100500516,,500,516,1,0,[0|0],500516,0,0,0,12,0,[0|0]
100500520,,500,520,1,0,[0|0],500520,0,0,0,12,0,[0|0]
100500530,,500,530,1,0,[0|0],500530,0,13,0,12,0,[0|0]
100500540,,500,540,1,0,[0|0],500540,0,0,0,12,0,[0|0]
100500550,,500,550,1,0,[0|0],500550,0,13,0,12,0,[0|0]
100500560,,500,560,1,0,[0|0],500560,0,6,0,12,0,[0|0]
100500561,,500,561,1,0,[0|0],500561,0,7,0,12,0,[0|0]
100500590,,500,590,1,0,[0|0],500590,0,0,0,0,0,[0|0]
100500591,,500,591,1,0,[0|0],500591,0,10,0,0,0,[0|0]
100500600,,500,600,1,0,[0|0],500600,0,8,0,12,0,[0|0]
100500605,,500,605,1,0,[0|0],500605,0,8,0,12,0,[0|0]
100500610,,500,610,1,0,[0|0],500610,0,8,0,12,0,[0|0]
100500630,,500,630,1,0,[0|0],500630,0,0,0,12,0,[0|0]
100500632,,500,632,1,0,[0|0],500632,0,13,0,12,0,[0|0]
100500635,,500,635,1,0,[0|0],500635,0,20,0,12,0,[0|0]
100500640,,500,640,1,0,[0|0],500640,0,0,0,12,0,[0|0]
100500642,,500,642,1,0,[0|0],500642,0,13,0,12,0,[0|0]
100500645,,500,645,1,0,[0|0],500645,0,20,0,12,0,[0|0]
100500650,,500,650,1,0,[0|0],500650,0,18,0,12,0,[0|0]
100500660,,500,660,1,0,[0|0],500660,0,18,0,12,0,[0|0]
100500665,,500,665,1,0,[0|0],500665,0,18,0,12,0,[0|0]
100500700,,500,700,1,0,[0|0],500700,0,8,0,12,0,[0|0]
100500705,,500,705,1,0,[0|0],500705,0,8,0,12,0,[0|0]
100500710,,500,710,1,0,[0|0],500710,0,8,0,12,0,[0|0]
100500730,,500,730,1,0,[0|0],500730,0,0,0,12,0,[0|0]
100500732,,500,732,1,0,[0|0],500732,0,13,0,12,0,[0|0]
100500735,,500,735,1,0,[0|0],500735,0,20,0,12,0,[0|0]
100500740,,500,740,1,0,[0|0],500740,0,0,0,12,0,[0|0]
100500742,,500,742,1,0,[0|0],500742,0,13,0,12,0,[0|0]
100500745,,500,745,1,0,[0|0],500745,0,20,0,12,0,[0|0]
100500750,,500,750,1,0,[0|0],500750,0,18,0,12,0,[0|0]
100500760,,500,760,1,0,[0|0],500760,0,18,0,12,0,[0|0]
100500765,,500,765,1,0,[0|0],500765,0,18,0,12,0,[0|0]
100500800,,500,800,1,0,[0|0],500800,0,8,0,1,0,[0|0]
100500805,,500,805,1,0,[0|0],500805,0,8,0,2,0,[0|0]
100500810,,500,810,1,0,[0|0],500810,0,8,0,1,0,[0|0]
100500811,,500,811,1,0,[0|0],500811,0,8,0,1,0,[0|0]
100500812,,500,812,1,0,[0|0],500812,0,8,0,1,0,[0|0]
100500820,,500,820,1,0,[0|0],500820,0,8,0,1,0,[0|0]
100500825,,500,825,1,0,[0|0],500825,0,8,0,2,0,[0|0]
100500830,,500,830,1,0,[0|0],500830,0,8,0,1,0,[0|0]
100500835,,500,835,1,0,[0|0],500835,0,8,0,2,0,[0|0]
100500836,,500,836,1,0,[0|0],500836,0,8,0,2,0,[0|0]
100500860,,500,860,1,0,[0|0],500860,0,8,0,1,0,[0|0]
100500865,,500,865,1,0,[0|0],500865,0,8,0,2,0,[0|0]
100500870,,500,870,1,0,[0|0],500870,0,8,0,1,0,[0|0]
100500875,,500,875,1,0,[0|0],500875,0,8,0,2,0,[0|0]
100500880,,500,880,1,0,[0|0],500880,0,8,0,1,0,[0|0]
100500885,,500,885,1,0,[0|0],500885,0,8,0,2,0,[0|0]
100500890,,500,890,1,0,[0|0],500890,0,8,0,1,0,[0|0]
100500891,,500,891,1,0,[0|0],500891,0,8,0,1,0,[0|0]
100500895,,500,895,1,0,[0|0],500895,0,8,0,2,0,[0|0]
100501001,,501,1,1,1,[0|0],2540,0,15,0,0,0,[0|0]
100501002,,501,2,1,1,[0|0],2541,0,15,0,0,0,[0|0]
100501100,,501,100,1,0,[0|0],501100,0,10,0,1,0,[0|0]
100501110,,501,110,1,0,[0|0],501110,0,10,0,1,0,[0|0]
100501300,,501,300,1,0,[0|0],501300,0,10,0,12,0,[0|0]
100501310,,501,310,1,0,[0|0],501310,0,10,0,12,0,[0|0]
100502100,,502,100,1,0,[0|0],502100,0,5,0,1,0,[0|0]
100502101,,502,101,1,0,[0|0],502101,0,5,0,1,0,[0|0]
100502105,,502,105,1,0,[0|0],502105,0,10,0,1,0,[0|0]
100502106,,502,106,1,0,[0|0],502106,0,10,0,1,0,[0|0]
100502110,,502,110,1,0,[0|0],502110,0,5,0,1,0,[0|0]
100502111,,502,111,1,0,[0|0],502111,0,5,0,1,0,[0|0]
100502115,,502,115,1,0,[0|0],502115,0,10,0,1,0,[0|0]
100502116,,502,116,1,0,[0|0],502116,0,10,0,1,0,[0|0]
100502300,,502,300,1,0,[0|0],502300,0,6,0,12,0,[0|0]
100502301,,502,301,1,0,[0|0],502301,0,6,0,12,0,[0|0]
100502305,,502,305,1,0,[0|0],502305,0,11,0,12,0,[0|0]
100502306,,502,306,1,0,[0|0],502306,0,11,0,12,0,[0|0]
100502310,,502,310,1,0,[0|0],502310,0,6,0,12,0,[0|0]
100502311,,502,311,1,0,[0|0],502311,0,6,0,12,0,[0|0]
100502315,,502,315,1,0,[0|0],502315,0,11,0,12,0,[0|0]
100502316,,502,316,1,0,[0|0],502316,0,11,0,12,0,[0|0]
100503100,,503,100,1,0,[0|0],503100,0,10,0,1,0,[0|0]
100503105,,503,105,1,0,[0|0],503105,0,20,0,1,0,[0|0]
100503110,,503,110,1,0,[0|0],503110,0,10,0,1,0,[0|0]
100503115,,503,115,1,0,[0|0],503115,0,20,0,1,0,[0|0]
100503300,,503,300,1,0,[0|0],503300,0,12,0,12,0,[0|0]
100503305,,503,305,1,0,[0|0],503305,0,22,0,12,0,[0|0]
100503310,,503,310,1,0,[0|0],503310,0,12,0,12,0,[0|0]
100503315,,503,315,1,0,[0|0],503315,0,22,0,12,0,[0|0]
100550000,,550,0,1,0,[0|0],550000,0,8,0,1,0,[0|0]
100550010,,550,10,1,0,[0|0],550010,0,8,0,1,0,[0|0]
100550020,,550,20,1,0,[0|0],550020,0,8,0,1,0,[0|0]
100550030,,550,30,1,0,[0|0],550030,0,8,0,1,0,[0|0]
100550040,,550,40,1,0,[0|0],550040,0,8,0,1,0,[0|0]
100550045,,550,45,1,0,[0|0],550045,0,8,0,1,0,[0|0]
100550100,,550,100,1,0,[0|0],550100,0,10,0,1,0,[0|0]
100550105,,550,105,1,0,[0|0],550105,0,10,0,1,0,[0|0]
100550106,,550,106,1,0,[0|0],550106,0,10,0,1,0,[0|0]
100550110,,550,110,1,0,[0|0],550110,0,10,0,1,0,[0|0]
100550115,,550,115,1,0,[0|0],550115,0,10,0,1,0,[0|0]
100550116,,550,116,1,0,[0|0],550116,0,10,0,1,0,[0|0]
100550120,,550,120,1,0,[0|0],550120,0,8,0,1,0,[0|0]
100550125,,550,125,1,0,[0|0],550125,0,8,0,1,0,[0|0]
100550130,,550,130,1,0,[0|0],550130,0,8,0,1,0,[0|0]
100550140,,550,140,1,0,[0|0],550140,0,8,0,1,0,[0|0]
100550141,,550,141,1,0,[0|0],550141,0,8,0,1,0,[0|0]
100550175,,550,175,1,0,[0|0],550175,0,10,0,1,0,[0|0]
100550176,,550,176,1,0,[0|0],550176,0,10,0,1,0,[0|0]
100550200,,550,200,1,0,[0|0],550200,0,10,0,12,0,[0|0]
100550210,,550,210,1,0,[0|0],550210,0,10,0,12,0,[0|0]
100550220,,550,220,1,0,[0|0],550220,0,10,0,12,0,[0|0]
100550230,,550,230,1,0,[0|0],550230,0,10,0,12,0,[0|0]
100550240,,550,240,1,0,[0|0],550240,0,10,0,12,0,[0|0]
100550245,,550,245,1,0,[0|0],550245,0,10,0,12,0,[0|0]
100550300,,550,300,1,0,[0|0],550300,0,10,0,12,0,[0|0]
100550305,,550,305,1,0,[0|0],550305,0,10,0,12,0,[0|0]
100550306,,550,306,1,0,[0|0],550306,0,10,0,12,0,[0|0]
100550310,,550,310,1,0,[0|0],550310,0,10,0,12,0,[0|0]
100550315,,550,315,1,0,[0|0],550315,0,10,0,12,0,[0|0]
100550316,,550,316,1,0,[0|0],550316,0,10,0,12,0,[0|0]
100550320,,550,320,1,0,[0|0],550320,0,10,0,12,0,[0|0]
100550325,,550,325,1,0,[0|0],550325,0,20,0,12,0,[0|0]
100550330,,550,330,1,0,[0|0],550330,0,10,0,12,0,[0|0]
100550340,,550,340,1,0,[0|0],550340,0,10,0,12,0,[0|0]
100550341,,550,341,1,0,[0|0],550341,0,10,0,12,0,[0|0]
100550375,,550,375,1,0,[0|0],550375,0,10,0,12,0,[0|0]
100550376,,550,376,1,0,[0|0],550376,0,10,0,12,0,[0|0]
100550400,,550,400,1,0,[0|0],550400,0,8,0,2,0,[0|0]
100550410,,550,410,1,0,[0|0],550410,0,8,0,2,0,[0|0]
100550420,,550,420,1,0,[0|0],550420,0,8,0,2,0,[0|0]
100550430,,550,430,1,0,[0|0],550430,0,8,0,2,0,[0|0]
100550440,,550,440,1,0,[0|0],550440,0,8,0,2,0,[0|0]
100550445,,550,445,1,0,[0|0],550445,0,8,0,2,0,[0|0]
100550500,,550,500,1,0,[0|0],550500,0,13,0,12,0,[0|0]
100550505,,550,505,1,0,[0|0],550505,0,0,0,12,0,[0|0]
100550509,,550,509,1,0,[0|0],550509,0,8,0,12,0,[0|0]
100550510,,550,510,1,0,[0|0],550510,0,13,0,12,0,[0|0]
100550515,,550,515,1,0,[0|0],550515,0,0,0,12,0,[0|0]
100550516,,550,516,1,0,[0|0],550516,0,0,0,12,0,[0|0]
100550520,,550,520,1,0,[0|0],550520,0,0,0,12,0,[0|0]
100550530,,550,530,1,0,[0|0],550530,0,13,0,12,0,[0|0]
100550531,,550,531,1,0,[0|0],550531,0,13,0,12,0,[0|0]
100550540,,550,540,1,0,[0|0],550540,0,0,0,12,0,[0|0]
100550550,,550,550,1,0,[0|0],550550,0,13,0,12,0,[0|0]
100550560,,550,560,1,0,[0|0],550560,0,6,0,12,0,[0|0]
100550561,,550,561,1,0,[0|0],550561,0,7,0,12,0,[0|0]
100550590,,550,590,1,0,[0|0],550590,0,0,0,0,0,[0|0]
100551000,,551,0,1,0,[0|0],550000,0,8,0,1,0,[0|0]
100551001,,551,1,1,1,[0|0],2540,0,15,0,0,0,[0|0]
100551002,,551,2,1,1,[0|0],2541,0,15,0,0,0,[0|0]
100551010,,551,10,1,0,[0|0],550010,0,8,0,1,0,[0|0]
100551020,,551,20,1,0,[0|0],550020,0,8,0,1,0,[0|0]
100551030,,551,30,1,0,[0|0],550030,0,8,0,1,0,[0|0]
100551040,,551,40,1,0,[0|0],550040,0,8,0,1,0,[0|0]
100551045,,551,45,1,0,[0|0],550045,0,8,0,1,0,[0|0]
100551120,,551,120,1,0,[0|0],550120,0,8,0,1,0,[0|0]
100551125,,551,125,1,0,[0|0],550125,0,8,0,1,0,[0|0]
100551130,,551,130,1,0,[0|0],550130,0,8,0,1,0,[0|0]
100551140,,551,140,1,0,[0|0],550140,0,8,0,1,0,[0|0]
100551141,,551,141,1,0,[0|0],550141,0,8,0,1,0,[0|0]
100551200,,551,200,1,0,[0|0],550200,0,10,0,12,0,[0|0]
100551210,,551,210,1,0,[0|0],550210,0,10,0,12,0,[0|0]
100551220,,551,220,1,0,[0|0],550220,0,10,0,12,0,[0|0]
100551230,,551,230,1,0,[0|0],550230,0,10,0,12,0,[0|0]
100551240,,551,240,1,0,[0|0],550240,0,10,0,12,0,[0|0]
100551245,,551,245,1,0,[0|0],550245,0,10,0,12,0,[0|0]
100551320,,551,320,1,0,[0|0],550320,0,10,0,12,0,[0|0]
100551325,,551,325,1,0,[0|0],550325,0,20,0,12,0,[0|0]
100551330,,551,330,1,0,[0|0],550330,0,10,0,12,0,[0|0]
100551340,,551,340,1,0,[0|0],550340,0,10,0,12,0,[0|0]
100551341,,551,341,1,0,[0|0],550341,0,10,0,12,0,[0|0]
100551400,,551,400,1,0,[0|0],550400,0,8,0,2,0,[0|0]
100551410,,551,410,1,0,[0|0],550410,0,8,0,2,0,[0|0]
100551420,,551,420,1,0,[0|0],550420,0,8,0,2,0,[0|0]
100551430,,551,430,1,0,[0|0],550430,0,8,0,2,0,[0|0]
100551440,,551,440,1,0,[0|0],550440,0,8,0,2,0,[0|0]
100551445,,551,445,1,0,[0|0],550445,0,8,0,2,0,[0|0]
100551500,,551,500,1,0,[0|0],550500,0,13,0,12,0,[0|0]
100551505,,551,505,1,0,[0|0],550505,0,0,0,12,0,[0|0]
100551509,,551,509,1,0,[0|0],550509,0,8,0,12,0,[0|0]
100551510,,551,510,1,0,[0|0],550510,0,13,0,12,0,[0|0]
100551515,,551,515,1,0,[0|0],550515,0,0,0,12,0,[0|0]
100551516,,551,516,1,0,[0|0],550516,0,0,0,12,0,[0|0]
100551520,,551,520,1,0,[0|0],550520,0,0,0,12,0,[0|0]
100551530,,551,530,1,0,[0|0],550530,0,13,0,12,0,[0|0]
100551531,,551,531,1,0,[0|0],550531,0,13,0,12,0,[0|0]
100551540,,551,540,1,0,[0|0],550540,0,0,0,12,0,[0|0]
100551550,,551,550,1,0,[0|0],550550,0,13,0,12,0,[0|0]
100551560,,551,560,1,0,[0|0],550560,0,6,0,12,0,[0|0]
100551561,,551,561,1,0,[0|0],550561,0,7,0,12,0,[0|0]
100551590,,551,590,1,0,[0|0],550590,0,0,0,0,0,[0|0]
100600000,,600,0,1,0,[0|0],600000,0,14,0,1,0,[0|0]
100600010,,600,10,1,0,[0|0],600010,0,14,0,1,0,[0|0]
100600020,,600,20,1,0,[0|0],600020,0,14,0,1,0,[0|0]
100600030,,600,30,1,0,[0|0],600030,0,14,0,1,0,[0|0]
100600040,,600,40,1,0,[0|0],600040,0,14,0,1,0,[0|0]
100600100,,600,100,1,0,[0|0],600100,0,24,0,1,0,[0|0]
100600105,,600,105,1,0,[0|0],600105,0,34,0,1,0,[0|0]
100600110,,600,110,1,0,[0|0],600110,0,26,0,1,0,[0|0]
100600115,,600,115,1,0,[0|0],600115,0,36,0,1,0,[0|0]
100600120,,600,120,1,0,[0|0],600120,0,17,0,1,0,[0|0]
100600125,,600,125,1,0,[0|0],600125,0,24,0,1,0,[0|0]
100600130,,600,130,1,0,[0|0],600130,0,17,0,1,0,[0|0]
100600140,,600,140,1,0,[0|0],600140,0,17,0,1,0,[0|0]
100600150,,600,150,1,0,[0|0],600150,0,27,0,1,0,[0|0]
100600155,,600,155,1,0,[0|0],600155,0,27,0,1,0,[0|0]
100600160,,600,160,1,0,[0|0],600160,0,34,0,1,0,[0|0]
100600165,,600,165,1,0,[0|0],600165,0,34,0,1,0,[0|0]
100600170,,600,170,1,0,[0|0],600170,0,14,0,1,0,[0|0]
100600175,,600,175,1,0,[0|0],600175,0,19,0,1,0,[0|0]
100600176,,600,176,1,0,[0|0],600176,0,19,0,1,0,[0|0]
100600180,,600,180,1,0,[0|0],600180,0,24,0,1,0,[0|0]
100600200,,600,200,1,0,[0|0],600200,0,14,0,12,0,[0|0]
100600210,,600,210,1,0,[0|0],600210,0,14,0,12,0,[0|0]
100600220,,600,220,1,0,[0|0],600220,0,14,0,12,0,[0|0]
100600230,,600,230,1,0,[0|0],600230,0,14,0,12,0,[0|0]
100600240,,600,240,1,0,[0|0],600240,0,14,0,12,0,[0|0]
100600300,,600,300,1,0,[0|0],600300,0,24,0,12,0,[0|0]
100600305,,600,305,1,0,[0|0],600305,0,34,0,12,0,[0|0]
100600310,,600,310,1,0,[0|0],600310,0,26,0,12,0,[0|0]
100600315,,600,315,1,0,[0|0],600315,0,36,0,12,0,[0|0]
100600320,,600,320,1,0,[0|0],600320,0,17,0,12,0,[0|0]
100600325,,600,325,1,0,[0|0],600325,0,24,0,12,0,[0|0]
100600330,,600,330,1,0,[0|0],600330,0,17,0,12,0,[0|0]
100600340,,600,340,1,0,[0|0],600340,0,17,0,12,0,[0|0]
100600350,,600,350,1,0,[0|0],600350,0,27,0,12,0,[0|0]
100600355,,600,355,1,0,[0|0],600355,0,27,0,12,0,[0|0]
100600360,,600,360,1,0,[0|0],600360,0,34,0,12,0,[0|0]
100600365,,600,365,1,0,[0|0],600365,0,34,0,12,0,[0|0]
100600375,,600,375,1,0,[0|0],600375,0,19,0,12,0,[0|0]
100600376,,600,376,1,0,[0|0],600376,0,19,0,12,0,[0|0]
100600380,,600,380,1,0,[0|0],600380,0,24,0,12,0,[0|0]
100600400,,600,400,1,0,[0|0],600400,0,14,0,2,0,[0|0]
100600410,,600,410,1,0,[0|0],600410,0,14,0,2,0,[0|0]
100600420,,600,420,1,0,[0|0],600420,0,14,0,2,0,[0|0]
100600430,,600,430,1,0,[0|0],600430,0,14,0,2,0,[0|0]
100600440,,600,440,1,0,[0|0],600440,0,14,0,2,0,[0|0]
100600460,,600,460,1,0,[0|0],600460,0,0,0,0,0,[0|0]
100600470,,600,470,1,0,[0|0],600470,0,0,0,0,0,[0|0]
100600480,,600,480,1,0,[0|0],600480,0,0,0,0,0,[0|0]
100600500,,600,500,1,0,[0|0],600500,0,19,0,12,0,[0|0]
100600505,,600,505,1,0,[0|0],600505,0,0,0,12,0,[0|0]
100600509,,600,509,1,0,[0|0],600509,0,14,0,12,0,[0|0]
100600510,,600,510,1,0,[0|0],600510,0,19,0,12,0,[0|0]
100600515,,600,515,1,0,[0|0],600515,0,0,0,12,0,[0|0]
100600516,,600,516,1,0,[0|0],600516,0,0,0,12,0,[0|0]
100600520,,600,520,1,0,[0|0],600520,0,0,0,12,0,[0|0]
100600530,,600,530,1,0,[0|0],600530,0,19,0,12,0,[0|0]
100600540,,600,540,1,0,[0|0],600540,0,0,0,12,0,[0|0]
100600550,,600,550,1,0,[0|0],600550,0,19,0,12,0,[0|0]
100600560,,600,560,1,0,[0|0],600560,0,9,0,12,0,[0|0]
100600561,,600,561,1,0,[0|0],600561,0,10,0,12,0,[0|0]
100600590,,600,590,1,0,[0|0],600590,0,0,0,0,0,[0|0]
100600591,,600,591,1,0,[0|0],600591,0,10,0,0,0,[0|0]
100600600,,600,600,1,0,[0|0],600600,0,11,0,12,0,[0|0]
100600605,,600,605,1,0,[0|0],600605,0,11,0,12,0,[0|0]
100600610,,600,610,1,0,[0|0],600610,0,11,0,12,0,[0|0]
100600630,,600,630,1,0,[0|0],600630,0,0,0,12,0,[0|0]
100600632,,600,632,1,0,[0|0],600632,0,39,0,12,0,[0|0]
100600635,,600,635,1,0,[0|0],600635,0,39,0,12,0,[0|0]
100600640,,600,640,1,0,[0|0],600640,0,0,0,12,0,[0|0]
100600642,,600,642,1,0,[0|0],600642,0,39,0,12,0,[0|0]
100600645,,600,645,1,0,[0|0],600645,0,39,0,12,0,[0|0]
100600650,,600,650,1,0,[0|0],600650,0,10,0,12,0,[0|0]
100600660,,600,660,1,0,[0|0],600660,0,44,0,12,0,[0|0]
100600665,,600,665,1,0,[0|0],600665,0,44,0,12,0,[0|0]
100600700,,600,700,1,0,[0|0],600700,0,11,0,12,0,[0|0]
100600705,,600,705,1,0,[0|0],600705,0,11,0,12,0,[0|0]
100600710,,600,710,1,0,[0|0],600710,0,11,0,12,0,[0|0]
100600730,,600,730,1,0,[0|0],600730,0,0,0,12,0,[0|0]
100600732,,600,732,1,0,[0|0],600732,0,39,0,12,0,[0|0]
100600735,,600,735,1,0,[0|0],600735,0,39,0,12,0,[0|0]
100600740,,600,740,1,0,[0|0],600740,0,0,0,12,0,[0|0]
100600742,,600,742,1,0,[0|0],600742,0,39,0,12,0,[0|0]
100600745,,600,745,1,0,[0|0],600745,0,39,0,12,0,[0|0]
100600750,,600,750,1,0,[0|0],600750,0,10,0,12,0,[0|0]
100600760,,600,760,1,0,[0|0],600760,0,44,0,12,0,[0|0]
100600765,,600,765,1,0,[0|0],600765,0,44,0,12,0,[0|0]
100600800,,600,800,1,0,[0|0],600800,0,11,0,1,0,[0|0]
100600805,,600,805,1,0,[0|0],600805,0,11,0,2,0,[0|0]
100600810,,600,810,1,0,[0|0],600810,0,11,0,1,0,[0|0]
100600815,,600,815,1,0,[0|0],600815,0,11,0,2,0,[0|0]
100600820,,600,820,1,0,[0|0],600820,0,11,0,1,0,[0|0]
100600825,,600,825,1,0,[0|0],600825,0,11,0,2,0,[0|0]
100600860,,600,860,1,0,[0|0],600860,0,9,0,1,0,[0|0]
100600865,,600,865,1,0,[0|0],600865,0,16,0,2,0,[0|0]
100600870,,600,870,1,0,[0|0],600870,0,11,0,1,0,[0|0]
100600875,,600,875,1,0,[0|0],600875,0,11,0,2,0,[0|0]
100600880,,600,880,1,0,[0|0],600880,0,11,0,1,0,[0|0]
100600885,,600,885,1,0,[0|0],600885,0,11,0,2,0,[0|0]
100600890,,600,890,1,0,[0|0],600890,0,14,0,1,0,[0|0]
100600895,,600,895,1,0,[0|0],600895,0,21,0,2,0,[0|0]
100601160,,601,160,1,0,[0|0],880000902,0,27,0,1,0,[0|0]
100601165,,601,165,1,0,[0|0],880000902,0,27,0,1,0,[0|0]
100601360,,601,360,1,0,[0|0],880000902,0,34,0,12,0,[0|0]
100601365,,601,365,1,0,[0|0],880000902,0,34,0,12,0,[0|0]
100603100,,603,100,1,0,[0|0],601100,0,10,0,1,0,[0|0]
100603105,,603,105,1,0,[0|0],601105,0,20,0,1,0,[0|0]
100603110,,603,110,1,0,[0|0],601110,0,10,0,1,0,[0|0]
100603115,,603,115,1,0,[0|0],601115,0,20,0,1,0,[0|0]
100603175,,603,175,1,0,[0|0],601175,0,19,0,1,0,[0|0]
100603176,,603,176,1,0,[0|0],601176,0,19,0,1,0,[0|0]
100603300,,603,300,1,0,[0|0],601300,0,10,0,12,0,[0|0]
100603305,,603,305,1,0,[0|0],601305,0,20,0,12,0,[0|0]
100603310,,603,310,1,0,[0|0],601310,0,10,0,12,0,[0|0]
100603315,,603,315,1,0,[0|0],601315,0,20,0,12,0,[0|0]
100603375,,603,375,1,0,[0|0],601375,0,19,0,12,0,[0|0]
100603376,,603,376,1,0,[0|0],601376,0,19,0,12,0,[0|0]
100604100,,604,100,1,0,[0|0],602100,0,24,0,1,0,[0|0]
100604105,,604,105,1,0,[0|0],602105,0,17,0,1,0,[0|0]
100604106,,604,106,1,0,[0|0],602106,0,17,0,1,0,[0|0]
100604110,,604,110,1,0,[0|0],602110,0,26,0,1,0,[0|0]
100604115,,604,115,1,0,[0|0],602115,0,18,0,1,0,[0|0]
100604116,,604,116,1,0,[0|0],602116,0,18,0,1,0,[0|0]
100604175,,604,175,1,0,[0|0],602175,0,19,0,1,0,[0|0]
100604176,,604,176,1,0,[0|0],602176,0,19,0,1,0,[0|0]
100604300,,604,300,1,0,[0|0],602300,0,24,0,12,0,[0|0]
100604305,,604,305,1,0,[0|0],602305,0,17,0,12,0,[0|0]
100604306,,604,306,1,0,[0|0],602306,0,17,0,12,0,[0|0]
100604310,,604,310,1,0,[0|0],602310,0,26,0,12,0,[0|0]
100604315,,604,315,1,0,[0|0],602315,0,18,0,12,0,[0|0]
100604316,,604,316,1,0,[0|0],602316,0,18,0,12,0,[0|0]
100604375,,604,375,1,0,[0|0],602375,0,19,0,12,0,[0|0]
100604376,,604,376,1,0,[0|0],602376,0,19,0,12,0,[0|0]
100700000,,700,0,1,0,[0|0],700000,0,12,0,1,0,[0|0]
100700010,,700,10,1,0,[0|0],700010,0,12,0,1,0,[0|0]
100700020,,700,20,1,0,[0|0],700020,0,12,0,1,0,[0|0]
100700030,,700,30,1,0,[0|0],700030,0,12,0,1,0,[0|0]
100700040,,700,40,1,0,[0|0],700040,0,10,0,1,0,[0|0]
100700050,,700,50,1,0,[0|0],700050,0,10,0,1,0,[0|0]
100700100,,700,100,1,0,[0|0],700100,0,20,0,1,0,[0|0]
100700105,,700,105,1,0,[0|0],700105,0,10,0,1,0,[0|0]
100700106,,700,106,1,0,[0|0],700106,0,20,0,1,0,[0|0]
100700110,,700,110,1,0,[0|0],700110,0,20,0,1,0,[0|0]
100700115,,700,115,1,0,[0|0],700115,0,10,0,1,0,[0|0]
100700116,,700,116,1,0,[0|0],700116,0,20,0,1,0,[0|0]
100700120,,700,120,1,0,[0|0],700120,0,15,0,1,0,[0|0]
100700125,,700,125,1,0,[0|0],700125,0,20,0,1,0,[0|0]
100700130,,700,130,1,0,[0|0],700130,0,10,0,1,0,[0|0]
100700140,,700,140,1,0,[0|0],700140,0,10,0,1,0,[0|0]
100700150,,700,150,1,0,[0|0],700150,0,20,0,1,0,[0|0]
100700155,,700,155,1,0,[0|0],700155,0,20,0,1,0,[0|0]
100700160,,700,160,1,0,[0|0],700160,0,30,0,1,0,[0|0]
100700165,,700,165,1,0,[0|0],700165,0,30,0,1,0,[0|0]
100700175,,700,175,1,0,[0|0],700175,0,12,0,1,0,[0|0]
100700176,,700,176,1,0,[0|0],700176,0,12,0,1,0,[0|0]
100700180,,700,180,1,0,[0|0],700180,0,20,0,1,0,[0|0]
100700200,,700,200,1,0,[0|0],700200,0,15,0,12,0,[0|0]
100700210,,700,210,1,0,[0|0],700210,0,15,0,12,0,[0|0]
100700220,,700,220,1,0,[0|0],700220,0,15,0,12,0,[0|0]
100700230,,700,230,1,0,[0|0],700230,0,15,0,12,0,[0|0]
100700240,,700,240,1,0,[0|0],700240,0,12,0,12,0,[0|0]
100700250,,700,250,1,0,[0|0],700250,0,12,0,12,0,[0|0]
100700300,,700,300,1,0,[0|0],700300,0,24,0,12,0,[0|0]
100700305,,700,305,1,0,[0|0],700305,0,16,0,12,0,[0|0]
100700306,,700,306,1,0,[0|0],700306,0,20,0,12,0,[0|0]
100700310,,700,310,1,0,[0|0],700310,0,24,0,12,0,[0|0]
100700315,,700,315,1,0,[0|0],700315,0,16,0,12,0,[0|0]
100700316,,700,316,1,0,[0|0],700316,0,20,0,12,0,[0|0]
100700320,,700,320,1,0,[0|0],700320,0,18,0,12,0,[0|0]
100700325,,700,325,1,0,[0|0],700325,0,24,0,12,0,[0|0]
100700330,,700,330,1,0,[0|0],700330,0,13,0,12,0,[0|0]
100700340,,700,340,1,0,[0|0],700340,0,13,0,12,0,[0|0]
100700350,,700,350,1,0,[0|0],700350,0,22,0,12,0,[0|0]
100700355,,700,355,1,0,[0|0],700355,0,22,0,12,0,[0|0]
100700360,,700,360,1,0,[0|0],700360,0,34,0,12,0,[0|0]
100700365,,700,365,1,0,[0|0],700365,0,34,0,12,0,[0|0]
100700375,,700,375,1,0,[0|0],700375,0,15,0,12,0,[0|0]
100700376,,700,376,1,0,[0|0],700376,0,15,0,12,0,[0|0]
100700380,,700,380,1,0,[0|0],700380,0,24,0,12,0,[0|0]
100700400,,700,400,1,0,[0|0],700400,0,12,0,2,0,[0|0]
100700410,,700,410,1,0,[0|0],700410,0,12,0,2,0,[0|0]
100700420,,700,420,1,0,[0|0],700420,0,12,0,2,0,[0|0]
100700430,,700,430,1,0,[0|0],700430,0,12,0,2,0,[0|0]
100700440,,700,440,1,0,[0|0],700440,0,10,0,2,0,[0|0]
100700450,,700,450,1,0,[0|0],700450,0,10,0,2,0,[0|0]
100700460,,700,460,1,0,[0|0],700460,0,0,0,0,0,[0|0]
100700470,,700,470,1,0,[0|0],700470,0,0,0,0,0,[0|0]
100700480,,700,480,1,0,[0|0],700480,0,0,0,0,0,[0|0]
100700500,,700,500,1,0,[0|0],700500,0,17,0,12,0,[0|0]
100700505,,700,505,1,0,[0|0],700505,0,0,0,1,0,[0|0]
100700509,,700,509,1,0,[0|0],700509,0,12,0,12,0,[0|0]
100700510,,700,510,1,0,[0|0],700510,0,17,0,12,0,[0|0]
100700515,,700,515,1,0,[0|0],700515,0,0,0,1,0,[0|0]
100700516,,700,516,1,0,[0|0],700516,0,0,0,1,0,[0|0]
100700520,,700,520,1,0,[0|0],700520,0,0,0,1,0,[0|0]
100700530,,700,530,1,0,[0|0],700530,0,17,0,12,0,[0|0]
100700540,,700,540,1,0,[0|0],700540,0,0,0,1,0,[0|0]
100700550,,700,550,1,0,[0|0],700550,0,17,0,12,0,[0|0]
100700560,,700,560,1,0,[0|0],700560,0,8,0,12,0,[0|0]
100700561,,700,561,1,0,[0|0],700561,0,9,0,12,0,[0|0]
100700590,,700,590,1,0,[0|0],700590,0,0,0,0,0,[0|0]
100700591,,700,591,1,0,[0|0],700591,0,10,0,0,0,[0|0]
100700600,,700,600,1,0,[0|0],700600,0,12,0,12,0,[0|0]
100700605,,700,605,1,0,[0|0],700605,0,12,0,12,0,[0|0]
100700610,,700,610,1,0,[0|0],700610,0,12,0,12,0,[0|0]
100700630,,700,630,1,0,[0|0],700630,0,0,0,12,0,[0|0]
100700632,,700,632,1,0,[0|0],700632,0,20,0,12,0,[0|0]
100700635,,700,635,1,0,[0|0],700635,0,10,0,12,0,[0|0]
100700636,,700,636,1,0,[0|0],700636,0,20,0,12,0,[0|0]
100700640,,700,640,1,0,[0|0],700640,0,0,0,12,0,[0|0]
100700642,,700,642,1,0,[0|0],700642,0,20,0,12,0,[0|0]
100700645,,700,645,1,0,[0|0],700645,0,30,0,12,0,[0|0]
100700650,,700,650,1,0,[0|0],700650,0,22,0,12,0,[0|0]
100700660,,700,660,1,0,[0|0],700660,0,25,0,12,0,[0|0]
100700665,,700,665,1,0,[0|0],700665,0,25,0,12,0,[0|0]
100700700,,700,700,1,0,[0|0],700700,0,12,0,12,0,[0|0]
100700705,,700,705,1,0,[0|0],700705,0,12,0,12,0,[0|0]
100700710,,700,710,1,0,[0|0],700710,0,12,0,12,0,[0|0]
100700730,,700,730,1,0,[0|0],700730,0,0,0,12,0,[0|0]
100700732,,700,732,1,0,[0|0],700732,0,20,0,12,0,[0|0]
100700735,,700,735,1,0,[0|0],700735,0,10,0,12,0,[0|0]
100700736,,700,736,1,0,[0|0],700736,0,20,0,12,0,[0|0]
100700740,,700,740,1,0,[0|0],700740,0,0,0,12,0,[0|0]
100700742,,700,742,1,0,[0|0],700742,0,20,0,12,0,[0|0]
100700745,,700,745,1,0,[0|0],700745,0,30,0,12,0,[0|0]
100700750,,700,750,1,0,[0|0],700750,0,22,0,12,0,[0|0]
100700760,,700,760,1,0,[0|0],700760,0,20,0,12,0,[0|0]
100700765,,700,765,1,0,[0|0],700765,0,20,0,12,0,[0|0]
100700800,,700,800,1,0,[0|0],700800,0,12,0,1,0,[0|0]
100700805,,700,805,1,0,[0|0],700805,0,12,0,2,0,[0|0]
100700810,,700,810,1,0,[0|0],700810,0,12,0,1,0,[0|0]
100700815,,700,815,1,0,[0|0],700815,0,12,0,2,0,[0|0]
100700820,,700,820,1,0,[0|0],700820,0,12,0,1,0,[0|0]
100700825,,700,825,1,0,[0|0],700825,0,12,0,2,0,[0|0]
100700830,,700,830,1,0,[0|0],700830,0,12,0,1,0,[0|0]
100700835,,700,835,1,0,[0|0],700835,0,12,0,2,0,[0|0]
100700860,,700,860,1,0,[0|0],700860,0,7,0,1,0,[0|0]
100700861,,700,861,1,0,[0|0],700861,0,8,0,1,0,[0|0]
100700865,,700,865,1,0,[0|0],700865,0,7,0,2,0,[0|0]
100700866,,700,866,1,0,[0|0],700866,0,8,0,2,0,[0|0]
100700870,,700,870,1,0,[0|0],700870,0,10,0,1,0,[0|0]
100700875,,700,875,1,0,[0|0],700875,0,10,0,2,0,[0|0]
100700880,,700,880,1,0,[0|0],700880,0,10,0,1,0,[0|0]
100700885,,700,885,1,0,[0|0],700885,0,10,0,2,0,[0|0]
100700890,,700,890,1,0,[0|0],700890,0,8,0,1,0,[0|0]
100700891,,700,891,1,0,[0|0],700891,0,8,0,1,0,[0|0]
100700895,,700,895,1,0,[0|0],700895,0,8,0,2,0,[0|0]
100700896,,700,896,1,0,[0|0],700896,0,8,0,2,0,[0|0]
100701150,,701,150,1,0,[0|0],701150,0,10,0,1,0,[0|0]
100701151,,701,151,1,0,[0|0],701151,0,10,0,1,0,[0|0]
100701155,,701,155,1,0,[0|0],701155,0,15,0,1,0,[0|0]
100701160,,701,160,1,0,[0|0],701160,0,15,0,1,0,[0|0]
100701161,,701,161,1,0,[0|0],701161,0,15,0,1,0,[0|0]
100701165,,701,165,1,0,[0|0],701165,0,20,0,1,0,[0|0]
100701350,,701,350,1,0,[0|0],701350,0,11,0,12,0,[0|0]
100701351,,701,351,1,0,[0|0],701351,0,11,0,12,0,[0|0]
100701355,,701,355,1,0,[0|0],701355,0,16,0,12,0,[0|0]
100701360,,701,360,1,0,[0|0],701360,0,17,0,12,0,[0|0]
100701361,,701,361,1,0,[0|0],701361,0,17,0,12,0,[0|0]
100701365,,701,365,1,0,[0|0],701365,0,22,0,12,0,[0|0]
100702100,,702,100,1,0,[0|0],702100,0,20,0,1,0,[0|0]
100702105,,702,105,1,0,[0|0],702105,0,30,0,1,0,[0|0]
100702110,,702,110,1,0,[0|0],702110,0,20,0,1,0,[0|0]
100702115,,702,115,1,0,[0|0],702115,0,30,0,1,0,[0|0]
100702300,,702,300,1,0,[0|0],702300,0,24,0,12,0,[0|0]
100702305,,702,305,1,0,[0|0],702305,0,36,0,12,0,[0|0]
100702310,,702,310,1,0,[0|0],702310,0,24,0,12,0,[0|0]
100702315,,702,315,1,0,[0|0],702315,0,36,0,12,0,[0|0]
100706100,,706,100,1,0,[0|0],706100,0,10,0,1,0,[0|0]
100706101,,706,101,1,0,[0|0],706101,0,10,0,1,0,[0|0]
100706105,,706,105,1,0,[0|0],706105,0,10,0,1,0,[0|0]
100706106,,706,106,1,0,[0|0],706106,0,10,0,1,0,[0|0]
100706107,,706,107,1,0,[0|0],706107,0,10,0,1,0,[0|0]
100706110,,706,110,1,0,[0|0],706110,0,10,0,1,0,[0|0]
100706111,,706,111,1,0,[0|0],706111,0,10,0,1,0,[0|0]
100706115,,706,115,1,0,[0|0],706115,0,10,0,1,0,[0|0]
100706116,,706,116,1,0,[0|0],706116,0,10,0,1,0,[0|0]
100706117,,706,117,1,0,[0|0],706117,0,10,0,1,0,[0|0]
100706300,,706,300,1,0,[0|0],706300,0,12,0,12,0,[0|0]
100706301,,706,301,1,0,[0|0],706301,0,12,0,12,0,[0|0]
100706305,,706,305,1,0,[0|0],706305,0,12,0,12,0,[0|0]
100706306,,706,306,1,0,[0|0],706306,0,12,0,12,0,[0|0]
100706307,,706,307,1,0,[0|0],706307,0,12,0,12,0,[0|0]
100706310,,706,310,1,0,[0|0],706310,0,12,0,12,0,[0|0]
100706311,,706,311,1,0,[0|0],706311,0,12,0,12,0,[0|0]
100706315,,706,315,1,0,[0|0],706315,0,12,0,12,0,[0|0]
100706316,,706,316,1,0,[0|0],706316,0,12,0,12,0,[0|0]
100706317,,706,317,1,0,[0|0],706317,0,12,0,12,0,[0|0]
100707100,,707,100,1,0,[0|0],707100,0,20,0,1,0,[0|0]
100707101,,707,101,1,1,[0|0],2525,0,0,0,12,0,[0|0]
100707105,,707,105,1,0,[0|0],707105,0,10,0,1,0,[0|0]
100707106,,707,106,1,0,[0|0],707106,0,20,0,1,0,[0|0]
100707107,,707,107,1,1,[0|0],2526,0,0,0,12,0,[0|0]
100707108,,707,108,1,1,[0|0],2527,0,0,0,12,0,[0|0]
100707110,,707,110,1,0,[0|0],707110,0,20,0,1,0,[0|0]
100707111,,707,111,1,1,[0|0],2528,0,0,0,12,0,[0|0]
100707115,,707,115,1,0,[0|0],707115,0,10,0,1,0,[0|0]
100707116,,707,116,1,0,[0|0],707116,0,20,0,1,0,[0|0]
100707117,,707,117,1,1,[0|0],2529,0,0,0,12,0,[0|0]
100707118,,707,118,1,1,[0|0],2530,0,0,0,12,0,[0|0]
100707300,,707,300,1,0,[0|0],707300,0,24,0,12,0,[0|0]
100707301,,707,301,1,1,[0|0],2531,0,0,0,12,0,[0|0]
100707305,,707,305,1,0,[0|0],707305,0,16,0,12,0,[0|0]
100707306,,707,306,1,0,[0|0],707306,0,20,0,12,0,[0|0]
100707307,,707,307,1,1,[0|0],2532,0,0,0,12,0,[0|0]
100707308,,707,308,1,1,[0|0],2533,0,0,0,12,0,[0|0]
100707310,,707,310,1,0,[0|0],707310,0,24,0,12,0,[0|0]
100707311,,707,311,1,1,[0|0],2534,0,0,0,12,0,[0|0]
100707315,,707,315,1,0,[0|0],707315,0,16,0,12,0,[0|0]
100707316,,707,316,1,0,[0|0],707316,0,20,0,12,0,[0|0]
100707317,,707,317,1,1,[0|0],2535,0,0,0,12,0,[0|0]
100707318,,707,318,1,1,[0|0],2536,0,0,0,12,0,[0|0]
100710100,,710,100,1,0,[0|0],702100,0,20,0,1,0,[0|0]
100710105,,710,105,1,0,[0|0],702105,0,30,0,1,0,[0|0]
100710110,,710,110,1,0,[0|0],702110,0,20,0,1,0,[0|0]
100710115,,710,115,1,0,[0|0],702115,0,30,0,1,0,[0|0]
100710300,,710,300,1,0,[0|0],702300,0,24,0,12,0,[0|0]
100710305,,710,305,1,0,[0|0],702305,0,36,0,12,0,[0|0]
100710310,,710,310,1,0,[0|0],702310,0,24,0,12,0,[0|0]
100710315,,710,315,1,0,[0|0],702315,0,36,0,12,0,[0|0]
100712100,,712,100,1,0,[0|0],712100,0,20,0,1,0,[0|0]
100712105,,712,105,1,0,[0|0],712105,0,30,0,1,0,[0|0]
100712110,,712,110,1,0,[0|0],712110,0,20,0,1,0,[0|0]
100712115,,712,115,1,0,[0|0],712115,0,30,0,1,0,[0|0]
100712300,,712,300,1,0,[0|0],712300,0,24,0,12,0,[0|0]
100712305,,712,305,1,0,[0|0],712305,0,36,0,12,0,[0|0]
100712310,,712,310,1,0,[0|0],712310,0,24,0,12,0,[0|0]
100712315,,712,315,1,0,[0|0],712315,0,36,0,12,0,[0|0]
100714000,,714,0,1,0,[0|0],714000,0,10,0,1,0,[0|0]
100714010,,714,10,1,0,[0|0],714010,0,10,0,1,0,[0|0]
100714020,,714,20,1,0,[0|0],714020,0,10,0,1,0,[0|0]
100714030,,714,30,1,0,[0|0],714030,0,10,0,1,0,[0|0]
100714040,,714,40,1,0,[0|0],714040,0,10,0,1,0,[0|0]
100714050,,714,50,1,0,[0|0],714050,0,10,0,1,0,[0|0]
100714200,,714,200,1,0,[0|0],714200,0,13,0,12,0,[0|0]
100714210,,714,210,1,0,[0|0],714210,0,13,0,12,0,[0|0]
100714220,,714,220,1,0,[0|0],714220,0,13,0,12,0,[0|0]
100714230,,714,230,1,0,[0|0],714230,0,13,0,12,0,[0|0]
100714240,,714,240,1,0,[0|0],714240,0,13,0,12,0,[0|0]
100714250,,714,250,1,0,[0|0],714250,0,13,0,12,0,[0|0]
100714400,,714,400,1,0,[0|0],714400,0,10,0,2,0,[0|0]
100714410,,714,410,1,0,[0|0],714410,0,10,0,2,0,[0|0]
100714420,,714,420,1,0,[0|0],714420,0,10,0,2,0,[0|0]
100714430,,714,430,1,0,[0|0],714430,0,10,0,2,0,[0|0]
100714440,,714,440,1,0,[0|0],714440,0,10,0,2,0,[0|0]
100714450,,714,450,1,0,[0|0],714450,0,10,0,2,0,[0|0]
100800000,,800,0,1,0,[0|0],800000,0,15,0,1,0,[0|0]
100800010,,800,10,1,0,[0|0],800010,0,15,0,1,0,[0|0]
100800020,,800,20,1,0,[0|0],800020,0,15,0,1,0,[0|0]
100800030,,800,30,1,0,[0|0],800030,0,15,0,1,0,[0|0]
100800100,,800,100,1,0,[0|0],800100,0,25,0,1,0,[0|0]
100800105,,800,105,1,0,[0|0],800105,0,35,0,1,0,[0|0]
100800110,,800,110,1,0,[0|0],800110,0,27,0,1,0,[0|0]
100800115,,800,115,1,0,[0|0],800115,0,19,0,1,0,[0|0]
100800116,,800,116,1,0,[0|0],800116,0,19,0,1,0,[0|0]
100800120,,800,120,1,0,[0|0],800120,0,18,0,1,0,[0|0]
100800125,,800,125,1,0,[0|0],800125,0,25,0,1,0,[0|0]
100800130,,800,130,1,0,[0|0],800130,0,18,0,1,0,[0|0]
100800140,,800,140,1,0,[0|0],800140,0,18,0,1,0,[0|0]
100800150,,800,150,1,0,[0|0],800150,0,28,0,1,0,[0|0]
100800155,,800,155,1,0,[0|0],800155,0,28,0,1,0,[0|0]
100800160,,800,160,1,0,[0|0],800160,0,35,0,1,0,[0|0]
100800165,,800,165,1,0,[0|0],800165,0,35,0,1,0,[0|0]
100800180,,800,180,1,0,[0|0],800180,0,20,0,1,0,[0|0]
100800200,,800,200,1,0,[0|0],800200,0,18,0,12,0,[0|0]
100800210,,800,210,1,0,[0|0],800210,0,18,0,12,0,[0|0]
100800220,,800,220,1,0,[0|0],800220,0,18,0,12,0,[0|0]
100800230,,800,230,1,0,[0|0],800230,0,18,0,12,0,[0|0]
100800300,,800,300,1,0,[0|0],800300,0,30,0,12,0,[0|0]
100800305,,800,305,1,0,[0|0],800305,0,40,0,12,0,[0|0]
100800310,,800,310,1,0,[0|0],800310,0,30,0,12,0,[0|0]
100800315,,800,315,1,0,[0|0],800315,0,20,0,12,0,[0|0]
100800316,,800,316,1,0,[0|0],800316,0,23,0,12,0,[0|0]
100800320,,800,320,1,0,[0|0],800320,0,21,0,12,0,[0|0]
100800325,,800,325,1,0,[0|0],800325,0,28,0,12,0,[0|0]
100800330,,800,330,1,0,[0|0],800330,0,22,0,12,0,[0|0]
100800340,,800,340,1,0,[0|0],800340,0,22,0,12,0,[0|0]
100800350,,800,350,1,0,[0|0],800350,0,32,0,12,0,[0|0]
100800355,,800,355,1,0,[0|0],800355,0,32,0,12,0,[0|0]
100800360,,800,360,1,0,[0|0],800360,0,38,0,12,0,[0|0]
100800365,,800,365,1,0,[0|0],800365,0,38,0,12,0,[0|0]
100800380,,800,380,1,0,[0|0],800380,0,25,0,12,0,[0|0]
100800400,,800,400,1,0,[0|0],800400,0,15,0,2,0,[0|0]
100800410,,800,410,1,0,[0|0],800410,0,15,0,2,0,[0|0]
100800420,,800,420,1,0,[0|0],800420,0,15,0,2,0,[0|0]
100800430,,800,430,1,0,[0|0],800430,0,15,0,2,0,[0|0]
100800460,,800,460,1,0,[0|0],800460,0,0,0,0,0,[0|0]
100800470,,800,470,1,0,[0|0],800470,0,0,0,0,0,[0|0]
100800480,,800,480,1,0,[0|0],800480,0,0,0,0,0,[0|0]
100800500,,800,500,1,0,[0|0],800500,0,10,0,12,0,[0|0]
100800501,,800,501,1,0,[0|0],800501,0,10,0,12,0,[0|0]
100800505,,800,505,1,0,[0|0],800505,0,0,0,12,0,[0|0]
100800506,,800,506,1,0,[0|0],800506,0,0,0,12,0,[0|0]
100800509,,800,509,1,0,[0|0],800509,0,15,0,12,0,[0|0]
100800510,,800,510,1,0,[0|0],800510,0,10,0,12,0,[0|0]
100800511,,800,511,1,0,[0|0],800511,0,10,0,12,0,[0|0]
100800515,,800,515,1,0,[0|0],800515,0,0,0,12,0,[0|0]
100800516,,800,516,1,0,[0|0],800516,0,0,0,12,0,[0|0]
100800517,,800,517,1,0,[0|0],800517,0,0,0,12,0,[0|0]
100800520,,800,520,1,0,[0|0],800520,0,0,0,12,0,[0|0]
100800530,,800,530,1,0,[0|0],800530,0,10,0,12,0,[0|0]
100800531,,800,531,1,0,[0|0],800531,0,10,0,12,0,[0|0]
100800540,,800,540,1,0,[0|0],800540,0,0,0,12,0,[0|0]
100800550,,800,550,1,0,[0|0],800550,0,20,0,12,0,[0|0]
100800560,,800,560,1,0,[0|0],800560,0,10,0,12,0,[0|0]
100800561,,800,561,1,0,[0|0],800561,0,10,0,12,0,[0|0]
100800590,,800,590,1,0,[0|0],800590,0,0,0,0,0,[0|0]
100800591,,800,591,1,0,[0|0],800591,0,10,0,0,0,[0|0]
100800600,,800,600,1,0,[0|0],800600,0,15,0,12,0,[0|0]
100800605,,800,605,1,0,[0|0],800605,0,15,0,12,0,[0|0]
100800610,,800,610,1,0,[0|0],800610,0,15,0,12,0,[0|0]
100800630,,800,630,1,0,[0|0],800630,0,0,0,12,0,[0|0]
100800632,,800,632,1,0,[0|0],800632,0,30,0,12,0,[0|0]
100800635,,800,635,1,0,[0|0],800635,0,40,0,12,0,[0|0]
100800640,,800,640,1,0,[0|0],800640,0,0,0,12,0,[0|0]
100800642,,800,642,1,0,[0|0],800642,0,30,0,12,0,[0|0]
100800645,,800,645,1,0,[0|0],800645,0,40,0,12,0,[0|0]
100800650,,800,650,1,0,[0|0],800650,0,22,0,12,0,[0|0]
100800660,,800,660,1,0,[0|0],800660,0,35,0,12,0,[0|0]
100800665,,800,665,1,0,[0|0],800665,0,45,0,12,0,[0|0]
100800700,,800,700,1,0,[0|0],800700,0,15,0,12,0,[0|0]
100800705,,800,705,1,0,[0|0],800705,0,15,0,12,0,[0|0]
100800710,,800,710,1,0,[0|0],800710,0,15,0,12,0,[0|0]
100800730,,800,730,1,0,[0|0],800730,0,0,0,12,0,[0|0]
100800732,,800,732,1,0,[0|0],800732,0,30,0,12,0,[0|0]
100800735,,800,735,1,0,[0|0],800735,0,40,0,12,0,[0|0]
100800740,,800,740,1,0,[0|0],800740,0,0,0,12,0,[0|0]
100800742,,800,742,1,0,[0|0],800742,0,30,0,12,0,[0|0]
100800745,,800,745,1,0,[0|0],800745,0,40,0,12,0,[0|0]
100800750,,800,750,1,0,[0|0],800750,0,25,0,12,0,[0|0]
100800760,,800,760,1,0,[0|0],800760,0,35,0,12,0,[0|0]
100800765,,800,765,1,0,[0|0],800765,0,45,0,12,0,[0|0]
100800800,,800,800,1,0,[0|0],800800,0,15,0,1,0,[0|0]
100800805,,800,805,1,0,[0|0],800805,0,15,0,2,0,[0|0]
100800810,,800,810,1,0,[0|0],800810,0,15,0,1,0,[0|0]
100800815,,800,815,1,0,[0|0],800815,0,15,0,2,0,[0|0]
100800820,,800,820,1,0,[0|0],800820,0,15,0,1,0,[0|0]
100800825,,800,825,1,0,[0|0],800825,0,15,0,2,0,[0|0]
100800830,,800,830,1,0,[0|0],800830,0,15,0,1,0,[0|0]
100800835,,800,835,1,0,[0|0],800835,0,15,0,2,0,[0|0]
100800860,,800,860,1,0,[0|0],800860,0,15,0,1,0,[0|0]
100800865,,800,865,1,0,[0|0],800865,0,15,0,2,0,[0|0]
100800870,,800,870,1,0,[0|0],800870,0,15,0,1,0,[0|0]
100800875,,800,875,1,0,[0|0],800875,0,15,0,2,0,[0|0]
100800880,,800,880,1,0,[0|0],800880,0,15,0,1,0,[0|0]
100800885,,800,885,1,0,[0|0],800885,0,15,0,2,0,[0|0]
100800890,,800,890,1,0,[0|0],800890,0,25,0,1,0,[0|0]
100800895,,800,895,1,0,[0|0],800895,0,25,0,2,0,[0|0]
100801000,,801,0,1,0,[0|0],801000,0,15,0,1,0,[0|0]
100801010,,801,10,1,0,[0|0],801010,0,15,0,1,0,[0|0]
100801020,,801,20,1,0,[0|0],801020,0,15,0,1,0,[0|0]
100801030,,801,30,1,0,[0|0],801030,0,15,0,1,0,[0|0]
100801200,,801,200,1,0,[0|0],801200,0,15,0,1,0,[0|0]
100801210,,801,210,1,0,[0|0],801210,0,15,0,12,0,[0|0]
100801220,,801,220,1,0,[0|0],801220,0,15,0,12,0,[0|0]
100801230,,801,230,1,0,[0|0],801230,0,15,0,12,0,[0|0]
100801400,,801,400,1,0,[0|0],801400,0,15,0,2,0,[0|0]
100801410,,801,410,1,0,[0|0],801410,0,15,0,2,0,[0|0]
100801420,,801,420,1,0,[0|0],801420,0,15,0,2,0,[0|0]
100801430,,801,430,1,0,[0|0],801430,0,15,0,2,0,[0|0]
100802300,,802,300,1,0,[0|0],802300,0,25,0,12,0,[0|0]
100802305,,802,305,1,0,[0|0],802305,0,35,0,12,0,[0|0]
100802310,,802,310,1,0,[0|0],802310,0,27,0,12,0,[0|0]
100802315,,802,315,1,0,[0|0],802315,0,17,0,12,0,[0|0]
100802360,,802,360,1,0,[0|0],802360,0,35,0,12,0,[0|0]
100803300,,803,300,1,0,[0|0],802300,0,25,0,12,0,[0|0]
100803305,,803,305,1,0,[0|0],802305,0,35,0,12,0,[0|0]
100803310,,803,310,1,0,[0|0],802310,0,27,0,12,0,[0|0]
100803315,,803,315,1,0,[0|0],802315,0,17,0,12,0,[0|0]
100803360,,803,360,1,0,[0|0],802360,0,35,0,12,0,[0|0]
100804150,,804,150,1,0,[0|0],804150,0,28,0,1,0,[0|0]
100804160,,804,160,1,0,[0|0],804160,0,35,0,1,0,[0|0]
100804350,,804,350,1,0,[0|0],804350,0,32,0,12,0,[0|0]
100804360,,804,360,1,0,[0|0],804360,0,38,0,12,0,[0|0]
100900000,,900,0,1,0,[0|0],900000,0,12,0,1,0,[0|0]
100900010,,900,10,1,0,[0|0],900010,0,12,0,1,0,[0|0]
100900020,,900,20,1,0,[0|0],900020,0,12,0,1,0,[0|0]
100900030,,900,30,1,0,[0|0],900030,0,12,0,1,0,[0|0]
100900040,,900,40,1,0,[0|0],900040,0,12,0,1,0,[0|0]
100900100,,900,100,1,0,[0|0],900100,0,20,0,1,0,[0|0]
100900105,,900,105,1,0,[0|0],900105,0,30,0,1,0,[0|0]
100900110,,900,110,1,0,[0|0],900110,0,20,0,1,0,[0|0]
100900115,,900,115,1,0,[0|0],900115,0,30,0,1,0,[0|0]
100900120,,900,120,1,0,[0|0],900120,0,15,0,1,0,[0|0]
100900125,,900,125,1,0,[0|0],900125,0,20,0,1,0,[0|0]
100900130,,900,130,1,0,[0|0],900130,0,10,0,1,0,[0|0]
100900140,,900,140,1,0,[0|0],900140,0,10,0,1,0,[0|0]
100900150,,900,150,1,0,[0|0],900150,0,20,0,1,0,[0|0]
100900155,,900,155,1,0,[0|0],900155,0,20,0,1,0,[0|0]
100900160,,900,160,1,0,[0|0],900160,0,30,0,1,0,[0|0]
100900165,,900,165,1,0,[0|0],900165,0,30,0,1,0,[0|0]
100900180,,900,180,1,0,[0|0],900180,0,12,0,1,0,[0|0]
100900200,,900,200,1,0,[0|0],900200,0,13,0,12,0,[0|0]
100900210,,900,210,1,0,[0|0],900210,0,13,0,12,0,[0|0]
100900220,,900,220,1,0,[0|0],900220,0,13,0,12,0,[0|0]
100900230,,900,230,1,0,[0|0],900230,0,13,0,12,0,[0|0]
100900240,,900,240,1,0,[0|0],900240,0,13,0,12,0,[0|0]
100900300,,900,300,1,0,[0|0],900300,0,24,0,12,0,[0|0]
100900305,,900,305,1,0,[0|0],900305,0,36,0,12,0,[0|0]
100900310,,900,310,1,0,[0|0],900310,0,24,0,12,0,[0|0]
100900315,,900,315,1,0,[0|0],900315,0,36,0,12,0,[0|0]
100900320,,900,320,1,0,[0|0],900320,0,18,0,12,0,[0|0]
100900325,,900,325,1,0,[0|0],900325,0,24,0,12,0,[0|0]
100900330,,900,330,1,0,[0|0],900330,0,12,0,12,0,[0|0]
100900340,,900,340,1,0,[0|0],900340,0,12,0,12,0,[0|0]
100900350,,900,350,1,0,[0|0],900350,0,22,0,12,0,[0|0]
100900355,,900,355,1,0,[0|0],900355,0,22,0,12,0,[0|0]
100900360,,900,360,1,0,[0|0],900360,0,34,0,12,0,[0|0]
100900365,,900,365,1,0,[0|0],900365,0,34,0,12,0,[0|0]
100900380,,900,380,1,0,[0|0],900380,0,13,0,12,0,[0|0]
100900400,,900,400,1,0,[0|0],900400,0,12,0,2,0,[0|0]
100900410,,900,410,1,0,[0|0],900410,0,12,0,2,0,[0|0]
100900420,,900,420,1,0,[0|0],900420,0,12,0,2,0,[0|0]
100900430,,900,430,1,0,[0|0],900430,0,12,0,2,0,[0|0]
100900440,,900,440,1,0,[0|0],900440,0,12,0,2,0,[0|0]
100900460,,900,460,1,0,[0|0],900460,0,0,0,0,0,[0|0]
100900470,,900,470,1,0,[0|0],900470,0,0,0,0,0,[0|0]
100900480,,900,480,1,0,[0|0],900480,0,0,0,0,0,[0|0]
100900500,,900,500,1,0,[0|0],900500,0,17,0,12,0,[0|0]
100900509,,900,509,1,0,[0|0],900509,0,12,0,12,0,[0|0]
100900510,,900,510,1,0,[0|0],900510,0,17,0,12,0,[0|0]
100900530,,900,530,1,0,[0|0],900530,0,17,0,12,0,[0|0]
100900550,,900,550,1,0,[0|0],900550,0,17,0,12,0,[0|0]
100900560,,900,560,1,0,[0|0],900560,0,8,0,12,0,[0|0]
100900561,,900,561,1,0,[0|0],900561,0,9,0,12,0,[0|0]
100900590,,900,590,1,0,[0|0],900590,0,0,0,12,0,[0|0]
100900591,,900,591,1,0,[0|0],900591,0,10,0,0,0,[0|0]
100900600,,900,600,1,0,[0|0],900600,0,12,0,12,0,[0|0]
100900605,,900,605,1,0,[0|0],900605,0,12,0,12,0,[0|0]
100900610,,900,610,1,0,[0|0],900610,0,12,0,12,0,[0|0]
100900630,,900,630,1,0,[0|0],900630,0,0,0,12,0,[0|0]
100900632,,900,632,1,0,[0|0],900632,0,20,0,12,0,[0|0]
100900635,,900,635,1,0,[0|0],900635,0,30,0,12,0,[0|0]
100900650,,900,650,1,0,[0|0],900650,0,22,0,12,0,[0|0]
100900660,,900,660,1,0,[0|0],900660,0,30,0,12,0,[0|0]
100900700,,900,700,1,0,[0|0],900700,0,12,0,12,0,[0|0]
100900705,,900,705,1,0,[0|0],900705,0,12,0,12,0,[0|0]
100900710,,900,710,1,0,[0|0],900710,0,12,0,12,0,[0|0]
100900730,,900,730,1,0,[0|0],900730,0,0,0,12,0,[0|0]
100900732,,900,732,1,0,[0|0],900732,0,20,0,12,0,[0|0]
100900735,,900,735,1,0,[0|0],900735,0,30,0,12,0,[0|0]
100900750,,900,750,1,0,[0|0],900750,0,22,0,12,0,[0|0]
100900760,,900,760,1,0,[0|0],900760,0,30,0,12,0,[0|0]
100900800,,900,800,1,0,[0|0],900800,0,12,0,1,0,[0|0]
100900805,,900,805,1,0,[0|0],900805,0,12,0,2,0,[0|0]
100900810,,900,810,1,0,[0|0],900810,0,12,0,1,0,[0|0]
100900815,,900,815,1,0,[0|0],900815,0,12,0,2,0,[0|0]
100900820,,900,820,1,0,[0|0],900820,0,12,0,1,0,[0|0]
100900825,,900,825,1,0,[0|0],900825,0,12,0,2,0,[0|0]
100900830,,900,830,1,0,[0|0],900830,0,12,0,1,0,[0|0]
100900835,,900,835,1,0,[0|0],900835,0,12,0,2,0,[0|0]
100900860,,900,860,1,0,[0|0],900860,0,15,0,1,0,[0|0]
100900865,,900,865,1,0,[0|0],900865,0,15,0,2,0,[0|0]
100900870,,900,870,1,0,[0|0],900870,0,10,0,1,0,[0|0]
100900875,,900,875,1,0,[0|0],900875,0,10,0,2,0,[0|0]
100900880,,900,880,1,0,[0|0],900880,0,10,0,1,0,[0|0]
100900885,,900,885,1,0,[0|0],900885,0,10,0,2,0,[0|0]
100900890,,900,890,1,0,[0|0],900890,0,15,0,1,0,[0|0]
100900895,,900,895,1,0,[0|0],900895,0,15,0,2,0,[0|0]
100901100,,901,100,1,0,[0|0],901100,0,10,0,1,0,[0|0]
100901101,,901,101,1,0,[0|0],901101,0,14,0,1,0,[0|0]
100901105,,901,105,1,0,[0|0],901105,0,16,0,1,0,[0|0]
100901106,,901,106,1,0,[0|0],901106,0,20,0,1,0,[0|0]
100901110,,901,110,1,0,[0|0],901110,0,10,0,1,0,[0|0]
100901111,,901,111,1,0,[0|0],901111,0,14,0,1,0,[0|0]
100901115,,901,115,1,0,[0|0],901115,0,16,0,1,0,[0|0]
100901116,,901,116,1,0,[0|0],901116,0,20,0,1,0,[0|0]
100901300,,901,300,1,0,[0|0],901300,0,11,0,12,0,[0|0]
100901301,,901,301,1,0,[0|0],901301,0,17,0,12,0,[0|0]
100901305,,901,305,1,0,[0|0],901305,0,17,0,12,0,[0|0]
100901306,,901,306,1,0,[0|0],901306,0,23,0,12,0,[0|0]
100901310,,901,310,1,0,[0|0],901310,0,11,0,12,0,[0|0]
100901311,,901,311,1,0,[0|0],901311,0,17,0,12,0,[0|0]
100901315,,901,315,1,0,[0|0],901315,0,17,0,12,0,[0|0]
100901316,,901,316,1,0,[0|0],901316,0,23,0,12,0,[0|0]
100903100,,903,100,1,0,[0|0],903100,0,20,0,1,0,[0|0]
100903105,,903,105,1,0,[0|0],903105,0,30,0,1,0,[0|0]
100903110,,903,110,1,0,[0|0],903110,0,20,0,1,0,[0|0]
100903115,,903,115,1,0,[0|0],903115,0,30,0,1,0,[0|0]
100903300,,903,300,1,0,[0|0],903300,0,24,0,12,0,[0|0]
100903305,,903,305,1,0,[0|0],903305,0,36,0,12,0,[0|0]
100903310,,903,310,1,0,[0|0],903310,0,24,0,12,0,[0|0]
100903315,,903,315,1,0,[0|0],903315,0,36,0,12,0,[0|0]
100904110,,904,110,1,0,[0|0],904110,0,20,0,1,0,[0|0]
100904115,,904,115,1,0,[0|0],904115,0,30,0,1,0,[0|0]
100904300,,904,300,1,0,[0|0],904300,0,24,0,12,0,[0|0]
100904305,,904,305,1,0,[0|0],904305,0,36,0,12,0,[0|0]
100904310,,904,310,1,0,[0|0],904310,0,24,0,12,0,[0|0]
100904315,,904,315,1,0,[0|0],904315,0,36,0,12,0,[0|0]
100907100,,907,100,1,0,[0|0],706100,0,10,0,1,0,[0|0]
100907101,,907,101,1,0,[0|0],706101,0,12,0,1,0,[0|0]
100907105,,907,105,1,0,[0|0],706105,0,10,0,1,0,[0|0]
100907106,,907,106,1,0,[0|0],706106,0,12,0,1,0,[0|0]
100907107,,907,107,1,0,[0|0],706107,0,12,0,1,0,[0|0]
100907110,,907,110,1,0,[0|0],706110,0,10,0,1,0,[0|0]
100907111,,907,111,1,0,[0|0],706111,0,12,0,1,0,[0|0]
100907115,,907,115,1,0,[0|0],706115,0,10,0,1,0,[0|0]
100907116,,907,116,1,0,[0|0],706116,0,12,0,1,0,[0|0]
100907117,,907,117,1,0,[0|0],706117,0,12,0,1,0,[0|0]
100907300,,907,300,1,0,[0|0],706300,0,12,0,12,0,[0|0]
100907301,,907,301,1,0,[0|0],706301,0,16,0,12,0,[0|0]
100907305,,907,305,1,0,[0|0],706305,0,10,0,12,0,[0|0]
100907306,,907,306,1,0,[0|0],706306,0,15,0,12,0,[0|0]
100907307,,907,307,1,0,[0|0],706307,0,15,0,12,0,[0|0]
100907310,,907,310,1,0,[0|0],706310,0,12,0,12,0,[0|0]
100907311,,907,311,1,0,[0|0],706311,0,16,0,12,0,[0|0]
100907315,,907,315,1,0,[0|0],706315,0,10,0,12,0,[0|0]
100907316,,907,316,1,0,[0|0],706316,0,15,0,12,0,[0|0]
100907317,,907,317,1,0,[0|0],706317,0,15,0,12,0,[0|0]
100950000,,950,0,1,0,[0|0],950000,0,12,0,1,0,[0|0]
100950010,,950,10,1,0,[0|0],950010,0,12,0,1,0,[0|0]
100950020,,950,20,1,0,[0|0],950020,0,12,0,1,0,[0|0]
100950030,,950,30,1,0,[0|0],950030,0,12,0,1,0,[0|0]
100950040,,950,40,1,0,[0|0],950040,0,12,0,1,0,[0|0]
100950100,,950,100,1,0,[0|0],950100,0,20,0,1,0,[0|0]
100950105,,950,105,1,0,[0|0],950105,0,30,0,1,0,[0|0]
100950110,,950,110,1,0,[0|0],950110,0,20,0,1,0,[0|0]
100950115,,950,115,1,0,[0|0],950115,0,30,0,1,0,[0|0]
100950120,,950,120,1,0,[0|0],950120,0,15,0,1,0,[0|0]
100950125,,950,125,1,0,[0|0],950125,0,10,0,5,0,[0|0]
100950126,,950,126,1,0,[0|0],950126,0,10,0,1,0,[0|0]
100950130,,950,130,1,0,[0|0],950130,0,10,0,1,0,[0|0]
100950140,,950,140,1,0,[0|0],950140,0,10,0,1,0,[0|0]
100950150,,950,150,1,0,[0|0],950150,0,20,0,1,0,[0|0]
100950155,,950,155,1,0,[0|0],950155,0,20,0,1,0,[0|0]
100950160,,950,160,1,0,[0|0],950160,0,30,0,1,0,[0|0]
100950165,,950,165,1,0,[0|0],950165,0,30,0,1,0,[0|0]
100950180,,950,180,1,0,[0|0],950180,0,12,0,1,0,[0|0]
100950200,,950,200,1,0,[0|0],950200,0,13,0,12,0,[0|0]
100950210,,950,210,1,0,[0|0],950210,0,13,0,12,0,[0|0]
100950220,,950,220,1,0,[0|0],950220,0,13,0,12,0,[0|0]
100950230,,950,230,1,0,[0|0],950230,0,13,0,12,0,[0|0]
100950240,,950,240,1,0,[0|0],950240,0,13,0,12,0,[0|0]
100950300,,950,300,1,0,[0|0],950300,0,24,0,12,0,[0|0]
100950305,,950,305,1,0,[0|0],950305,0,18,0,12,0,[0|0]
100950306,,950,306,1,0,[0|0],950306,0,18,0,12,0,[0|0]
100950310,,950,310,1,0,[0|0],950310,0,24,0,12,0,[0|0]
100950315,,950,315,1,0,[0|0],950315,0,18,0,12,0,[0|0]
100950316,,950,316,1,0,[0|0],950316,0,18,0,12,0,[0|0]
100950320,,950,320,1,0,[0|0],950320,0,18,0,12,0,[0|0]
100950325,,950,325,1,0,[0|0],950325,0,12,0,5,0,[0|0]
100950326,,950,326,1,0,[0|0],950326,0,12,0,12,0,[0|0]
100950330,,950,330,1,0,[0|0],950330,0,12,0,12,0,[0|0]
100950340,,950,340,1,0,[0|0],950340,0,12,0,12,0,[0|0]
100950350,,950,350,1,0,[0|0],950350,0,22,0,12,0,[0|0]
100950355,,950,355,1,0,[0|0],950355,0,22,0,12,0,[0|0]
100950360,,950,360,1,0,[0|0],950360,0,34,0,12,0,[0|0]
100950365,,950,365,1,0,[0|0],950365,0,34,0,12,0,[0|0]
100950380,,950,380,1,0,[0|0],950380,0,13,0,12,0,[0|0]
100950400,,950,400,1,0,[0|0],950400,0,12,0,2,0,[0|0]
100950410,,950,410,1,0,[0|0],950410,0,12,0,2,0,[0|0]
100950420,,950,420,1,0,[0|0],950420,0,12,0,2,0,[0|0]
100950430,,950,430,1,0,[0|0],950430,0,12,0,2,0,[0|0]
100950440,,950,440,1,0,[0|0],950440,0,12,0,2,0,[0|0]
100950460,,950,460,1,0,[0|0],950460,0,0,0,0,0,[0|0]
100950470,,950,470,1,0,[0|0],950470,0,0,0,0,0,[0|0]
100950480,,950,480,1,0,[0|0],950480,0,0,0,0,0,[0|0]
100950500,,950,500,1,0,[0|0],950500,0,8,0,5,0,[0|0]
100950501,,950,501,1,0,[0|0],950501,0,9,0,12,0,[0|0]
100950509,,950,509,1,0,[0|0],950509,0,12,0,5,0,[0|0]
100950510,,950,510,1,0,[0|0],950510,0,8,0,5,0,[0|0]
100950511,,950,511,1,0,[0|0],950511,0,9,0,12,0,[0|0]
100950530,,950,530,1,0,[0|0],950530,0,17,0,12,0,[0|0]
100950550,,950,550,1,0,[0|0],950550,0,17,0,12,0,[0|0]
100950560,,950,560,1,0,[0|0],950560,0,8,0,12,0,[0|0]
100950561,,950,561,1,0,[0|0],950561,0,9,0,12,0,[0|0]
100950590,,950,590,1,0,[0|0],950590,0,0,0,12,0,[0|0]
100950591,,950,591,1,0,[0|0],950591,0,10,0,0,0,[0|0]
100950800,,950,800,1,0,[0|0],950800,0,12,0,1,0,[0|0]
100950805,,950,805,1,0,[0|0],950805,0,12,0,2,0,[0|0]
100950810,,950,810,1,0,[0|0],950810,0,12,0,1,0,[0|0]
100950815,,950,815,1,0,[0|0],950815,0,12,0,2,0,[0|0]
100950820,,950,820,1,0,[0|0],950820,0,12,0,1,0,[0|0]
100950825,,950,825,1,0,[0|0],950825,0,12,0,2,0,[0|0]
100950830,,950,830,1,0,[0|0],950830,0,12,0,1,0,[0|0]
100950835,,950,835,1,0,[0|0],950835,0,12,0,2,0,[0|0]
100950860,,950,860,1,0,[0|0],950860,0,15,0,1,0,[0|0]
100950865,,950,865,1,0,[0|0],950865,0,15,0,2,0,[0|0]
100950870,,950,870,1,0,[0|0],950870,0,10,0,1,0,[0|0]
100950875,,950,875,1,0,[0|0],950875,0,10,0,2,0,[0|0]
100950880,,950,880,1,0,[0|0],950880,0,10,0,1,0,[0|0]
100950885,,950,885,1,0,[0|0],950885,0,10,0,2,0,[0|0]
100950890,,950,890,1,0,[0|0],950890,0,15,0,1,0,[0|0]
100950895,,950,895,1,0,[0|0],950895,0,15,0,2,0,[0|0]
100960200,,960,200,1,0,[0|0],960200,0,4,0,12,0,[0|0]
100960210,,960,210,1,0,[0|0],960210,0,4,0,12,0,[0|0]
100960220,,960,220,1,0,[0|0],960220,0,4,0,12,0,[0|0]
100960230,,960,230,1,0,[0|0],960230,0,4,0,12,0,[0|0]
100960240,,960,240,1,0,[0|0],960240,0,4,0,12,0,[0|0]
100960300,,960,300,1,0,[0|0],960300,0,8,0,12,0,[0|0]
100960305,,960,305,1,0,[0|0],960305,0,6,0,12,0,[0|0]
100960306,,960,306,1,0,[0|0],960306,0,6,0,12,0,[0|0]
100960310,,960,310,1,0,[0|0],960310,0,8,0,12,0,[0|0]
100960315,,960,315,1,0,[0|0],960315,0,6,0,12,0,[0|0]
100960316,,960,316,1,0,[0|0],960316,0,6,0,12,0,[0|0]
100960320,,960,320,1,0,[0|0],960320,0,6,0,12,0,[0|0]
100960325,,960,325,1,0,[0|0],960325,0,4,0,12,0,[0|0]
100960326,,960,326,1,0,[0|0],960326,0,4,0,12,0,[0|0]
100960330,,960,330,1,0,[0|0],960330,0,4,0,12,0,[0|0]
100960340,,960,340,1,0,[0|0],960340,0,4,0,12,0,[0|0]
100960350,,960,350,1,0,[0|0],960350,0,7,0,12,0,[0|0]
100960355,,960,355,1,0,[0|0],960355,0,7,0,12,0,[0|0]
100960360,,960,360,1,0,[0|0],960360,0,11,0,12,0,[0|0]
100960365,,960,365,1,0,[0|0],960365,0,11,0,12,0,[0|0]
100960380,,960,380,1,0,[0|0],960380,0,4,0,12,0,[0|0]
100960470,,960,470,1,0,[0|0],960470,0,0,0,0,0,[0|0]
100960480,,960,480,1,0,[0|0],960480,0,0,0,0,0,[0|0]
100960500,,960,500,1,0,[0|0],960500,0,3,0,5,0,[0|0]
100960501,,960,501,1,0,[0|0],960501,0,3,0,12,0,[0|0]
100960509,,960,509,1,0,[0|0],960509,0,4,0,5,0,[0|0]
100960510,,960,510,1,0,[0|0],960510,0,3,0,5,0,[0|0]
100960511,,960,511,1,0,[0|0],960511,0,3,0,12,0,[0|0]
100960530,,960,530,1,0,[0|0],960530,0,3,0,12,0,[0|0]
100960531,,960,531,1,0,[0|0],960531,0,3,0,12,0,[0|0]
100960550,,960,550,1,0,[0|0],960550,0,6,0,12,0,[0|0]
100960560,,960,560,1,0,[0|0],960560,0,3,0,12,0,[0|0]
100960561,,960,561,1,0,[0|0],960561,0,3,0,12,0,[0|0]
100960590,,960,590,1,0,[0|0],960590,0,0,0,12,0,[0|0]
100960591,,960,591,1,0,[0|0],960591,0,3,0,0,0,[0|0]
101000000,,1000,0,1,0,[0|0],1000000,0,14,0,1,0,[0|0]
101000010,,1000,10,1,0,[0|0],1000010,0,14,0,1,0,[0|0]
101000020,,1000,20,1,0,[0|0],1000020,0,14,0,1,0,[0|0]
101000030,,1000,30,1,0,[0|0],1000030,0,14,0,1,0,[0|0]
101000040,,1000,40,1,0,[0|0],1000040,0,14,0,1,0,[0|0]
101000100,,1000,100,1,0,[0|0],1000100,0,24,0,1,0,[0|0]
101000105,,1000,105,1,0,[0|0],1000105,0,36,0,1,0,[0|0]
101000110,,1000,110,1,0,[0|0],1000110,0,24,0,1,0,[0|0]
101000115,,1000,115,1,0,[0|0],1000115,0,36,0,1,0,[0|0]
101000120,,1000,120,1,0,[0|0],1000120,0,18,0,1,0,[0|0]
101000125,,1000,125,1,0,[0|0],1000125,0,12,0,1,0,[0|0]
101000126,,1000,126,1,0,[0|0],1000126,0,12,0,1,0,[0|0]
101000130,,1000,130,1,0,[0|0],1000130,0,12,0,1,0,[0|0]
101000140,,1000,140,1,0,[0|0],1000140,0,12,0,1,0,[0|0]
101000150,,1000,150,1,0,[0|0],1000150,0,22,0,1,0,[0|0]
101000155,,1000,155,1,0,[0|0],1000155,0,22,0,1,0,[0|0]
101000160,,1000,160,1,0,[0|0],1000160,0,34,0,1,0,[0|0]
101000165,,1000,165,1,0,[0|0],1000165,0,34,0,1,0,[0|0]
101000180,,1000,180,1,0,[0|0],1000180,0,24,0,1,0,[0|0]
101000200,,1000,200,1,0,[0|0],1000200,0,8,0,12,0,[0|0]
101000201,,1000,201,1,0,[0|0],1000201,0,8,0,12,0,[0|0]
101000210,,1000,210,1,0,[0|0],1000210,0,8,0,12,0,[0|0]
101000211,,1000,211,1,0,[0|0],1000211,0,8,0,12,0,[0|0]
101000220,,1000,220,1,0,[0|0],1000220,0,16,0,12,0,[0|0]
101000230,,1000,230,1,0,[0|0],1000230,0,10,0,12,0,[0|0]
101000231,,1000,231,1,0,[0|0],1000231,0,4,0,12,0,[0|0]
101000232,,1000,232,1,0,[0|0],1000232,0,10,0,12,0,[0|0]
101000240,,1000,240,1,0,[0|0],1000240,0,8,0,12,0,[0|0]
101000241,,1000,241,1,0,[0|0],1000241,0,4,0,12,0,[0|0]
101000242,,1000,242,1,0,[0|0],1000242,0,8,0,12,0,[0|0]
101000300,,1000,300,1,0,[0|0],1000300,0,10,0,12,0,[0|0]
101000301,,1000,301,1,0,[0|0],1000301,0,10,0,12,0,[0|0]
101000302,,1000,302,1,0,[0|0],1000302,0,10,0,12,0,[0|0]
101000305,,1000,305,1,0,[0|0],1000305,0,10,0,12,0,[0|0]
101000306,,1000,306,1,0,[0|0],1000306,0,10,0,12,0,[0|0]
101000307,,1000,307,1,0,[0|0],1000307,0,10,0,12,0,[0|0]
101000308,,1000,308,1,0,[0|0],1000308,0,10,0,12,0,[0|0]
101000310,,1000,310,1,0,[0|0],1000310,0,10,0,12,0,[0|0]
101000311,,1000,311,1,0,[0|0],1000311,0,15,0,12,0,[0|0]
101000312,,1000,312,1,0,[0|0],1000312,0,15,0,12,0,[0|0]
101000315,,1000,315,1,0,[0|0],1000315,0,10,0,12,0,[0|0]
101000316,,1000,316,1,0,[0|0],1000316,0,10,0,12,0,[0|0]
101000317,,1000,317,1,0,[0|0],1000317,0,10,0,12,0,[0|0]
101000318,,1000,318,1,0,[0|0],1000318,0,10,0,12,0,[0|0]
101000320,,1000,320,1,0,[0|0],1000320,0,10,0,12,0,[0|0]
101000321,,1000,321,1,0,[0|0],1000321,0,10,0,12,0,[0|0]
101000325,,1000,325,1,0,[0|0],1000325,0,14,0,12,0,[0|0]
101000326,,1000,326,1,0,[0|0],1000326,0,14,0,12,0,[0|0]
101000330,,1000,330,1,0,[0|0],1000330,0,7,0,12,0,[0|0]
101000331,,1000,331,1,0,[0|0],1000331,0,7,0,12,0,[0|0]
101000340,,1000,340,1,0,[0|0],1000340,0,14,0,12,0,[0|0]
101000350,,1000,350,1,0,[0|0],1000350,0,12,0,12,0,[0|0]
101000351,,1000,351,1,0,[0|0],1000351,0,12,0,12,0,[0|0]
101000355,,1000,355,1,0,[0|0],1000355,0,17,0,12,0,[0|0]
101000360,,1000,360,1,0,[0|0],1000360,0,38,0,12,0,[0|0]
101000365,,1000,365,1,0,[0|0],1000365,0,38,0,12,0,[0|0]
101000380,,1000,380,1,0,[0|0],1000380,0,14,0,12,0,[0|0]
101000381,,1000,381,1,0,[0|0],1000381,0,14,0,12,0,[0|0]
101000400,,1000,400,1,0,[0|0],1000400,0,14,0,2,0,[0|0]
101000410,,1000,410,1,0,[0|0],1000410,0,14,0,2,0,[0|0]
101000420,,1000,420,1,0,[0|0],1000420,0,14,0,2,0,[0|0]
101000430,,1000,430,1,0,[0|0],1000430,0,14,0,2,0,[0|0]
101000440,,1000,440,1,0,[0|0],1000440,0,14,0,2,0,[0|0]
101000460,,1000,460,1,0,[0|0],1000460,0,0,0,0,0,[0|0]
101000470,,1000,470,1,0,[0|0],1000470,0,0,0,0,0,[0|0]
101000480,,1000,480,1,0,[0|0],1000480,0,0,0,0,0,[0|0]
101000500,,1000,500,1,0,[0|0],1000500,0,18,0,12,0,[0|0]
101000509,,1000,509,1,0,[0|0],1000509,0,14,0,12,0,[0|0]
101000510,,1000,510,1,0,[0|0],1000510,0,18,0,12,0,[0|0]
101000530,,1000,530,1,0,[0|0],1000530,0,18,0,12,0,[0|0]
101000550,,1000,550,1,0,[0|0],1000550,0,18,0,12,0,[0|0]
101000560,,1000,560,1,0,[0|0],1000560,0,8,0,12,0,[0|0]
101000561,,1000,561,1,0,[0|0],1000561,0,10,0,12,0,[0|0]
101000590,,1000,590,1,0,[0|0],1000590,0,0,0,12,0,[0|0]
101000591,,1000,591,1,0,[0|0],1000591,0,10,0,0,0,[0|0]
101000600,,1000,600,1,0,[0|0],1000600,0,14,0,12,0,[0|0]
101000605,,1000,605,1,0,[0|0],1000605,0,14,0,12,0,[0|0]
101000610,,1000,610,1,0,[0|0],1000610,0,14,0,12,0,[0|0]
101000630,,1000,630,1,0,[0|0],1000630,0,0,0,12,0,[0|0]
101000632,,1000,632,1,0,[0|0],1000632,0,24,0,12,0,[0|0]
101000635,,1000,635,1,0,[0|0],1000635,0,36,0,12,0,[0|0]
101000650,,1000,650,1,0,[0|0],1000650,0,24,0,12,0,[0|0]
101000660,,1000,660,1,0,[0|0],1000660,0,34,0,12,0,[0|0]
101000700,,1000,700,1,0,[0|0],1000700,0,14,0,12,0,[0|0]
101000705,,1000,705,1,0,[0|0],1000705,0,14,0,12,0,[0|0]
101000710,,1000,710,1,0,[0|0],1000710,0,14,0,12,0,[0|0]
101000730,,1000,730,1,0,[0|0],1000730,0,0,0,12,0,[0|0]
101000732,,1000,732,1,0,[0|0],1000732,0,24,0,12,0,[0|0]
101000735,,1000,735,1,0,[0|0],1000735,0,36,0,12,0,[0|0]
101000750,,1000,750,1,0,[0|0],1000750,0,24,0,12,0,[0|0]
101000760,,1000,760,1,0,[0|0],1000760,0,34,0,12,0,[0|0]
101000800,,1000,800,1,0,[0|0],1000800,0,14,0,1,0,[0|0]
101000805,,1000,805,1,0,[0|0],1000805,0,14,0,2,0,[0|0]
101000810,,1000,810,1,0,[0|0],1000810,0,14,0,1,0,[0|0]
101000815,,1000,815,1,0,[0|0],1000815,0,14,0,2,0,[0|0]
101000820,,1000,820,1,0,[0|0],1000820,0,14,0,1,0,[0|0]
101000825,,1000,825,1,0,[0|0],1000825,0,14,0,2,0,[0|0]
101000860,,1000,860,1,0,[0|0],1000860,0,18,0,1,0,[0|0]
101000865,,1000,865,1,0,[0|0],1000865,0,18,0,2,0,[0|0]
101000870,,1000,870,1,0,[0|0],1000870,0,12,0,1,0,[0|0]
101000875,,1000,875,1,0,[0|0],1000875,0,12,0,2,0,[0|0]
101000880,,1000,880,1,0,[0|0],1000880,0,12,0,1,0,[0|0]
101000885,,1000,885,1,0,[0|0],1000885,0,12,0,2,0,[0|0]
101000890,,1000,890,1,0,[0|0],1000890,0,9,0,1,0,[0|0]
101000891,,1000,891,1,0,[0|0],1000891,0,9,0,1,0,[0|0]
101000895,,1000,895,1,0,[0|0],1000895,0,9,0,2,0,[0|0]
101000896,,1000,896,1,0,[0|0],1000896,0,9,0,2,0,[0|0]
101001100,,1001,100,1,0,[0|0],1001100,0,24,0,1,0,[0|0]
101001105,,1001,105,1,0,[0|0],1001105,0,36,0,1,0,[0|0]
101001110,,1001,110,1,0,[0|0],1001110,0,24,0,1,0,[0|0]
101001115,,1001,115,1,0,[0|0],1001115,0,36,0,1,0,[0|0]
101001125,,1001,125,1,0,[0|0],1001125,0,12,0,1,0,[0|0]
101001126,,1001,126,1,0,[0|0],1001126,0,12,0,1,0,[0|0]
101001300,,1001,300,1,0,[0|0],1001300,0,0,0,12,0,[0|0]
101001301,,1001,301,1,0,[0|0],1001301,0,30,0,12,0,[0|0]
101001305,,1001,305,1,0,[0|0],1001305,0,10,0,12,0,[0|0]
101001306,,1001,306,1,0,[0|0],1001306,0,10,0,12,0,[0|0]
101001307,,1001,307,1,0,[0|0],1001307,0,10,0,12,0,[0|0]
101001308,,1001,308,1,0,[0|0],1001308,0,10,0,12,0,[0|0]
101001310,,1001,310,1,0,[0|0],1001310,0,15,0,12,0,[0|0]
101001311,,1001,311,1,0,[0|0],1001311,0,15,0,12,0,[0|0]
101001315,,1001,315,1,0,[0|0],1001315,0,10,0,12,0,[0|0]
101001316,,1001,316,1,0,[0|0],1001316,0,10,0,12,0,[0|0]
101001317,,1001,317,1,0,[0|0],1001317,0,10,0,12,0,[0|0]
101001318,,1001,318,1,0,[0|0],1001318,0,10,0,12,0,[0|0]
101001325,,1001,325,1,0,[0|0],1001325,0,7,0,12,0,[0|0]
101001326,,1001,326,1,0,[0|0],1001326,0,7,0,12,0,[0|0]
101001327,,1001,327,1,0,[0|0],1001327,0,7,0,12,0,[0|0]
101001328,,1001,328,1,0,[0|0],1001328,0,7,0,12,0,[0|0]
101005100,,1005,100,1,0,[0|0],1005100,0,12,0,1,0,[0|0]
101005101,,1005,101,1,0,[0|0],1005101,0,12,0,1,0,[0|0]
101005105,,1005,105,1,0,[0|0],1005105,0,9,0,1,0,[0|0]
101005106,,1005,106,1,0,[0|0],1005106,0,9,0,1,0,[0|0]
101005107,,1005,107,1,0,[0|0],1005107,0,9,0,1,0,[0|0]
101005108,,1005,108,1,0,[0|0],1005108,0,9,0,1,0,[0|0]
101005110,,1005,110,1,0,[0|0],1005110,0,24,0,1,0,[0|0]
101005115,,1005,115,1,0,[0|0],1005115,0,12,0,1,0,[0|0]
101005116,,1005,116,1,0,[0|0],1005116,0,12,0,1,0,[0|0]
101005117,,1005,117,1,0,[0|0],1005117,0,12,0,1,0,[0|0]
101005300,,1005,300,1,0,[0|0],1005300,0,15,0,12,0,[0|0]
101005301,,1005,301,1,0,[0|0],1005301,0,15,0,12,0,[0|0]
101005305,,1005,305,1,0,[0|0],1005305,0,8,0,12,0,[0|0]
101005306,,1005,306,1,0,[0|0],1005306,0,8,0,12,0,[0|0]
101005307,,1005,307,1,0,[0|0],1005307,0,8,0,12,0,[0|0]
101005308,,1005,308,1,0,[0|0],1005308,0,8,0,12,0,[0|0]
101005309,,1005,309,1,0,[0|0],1005309,0,8,0,12,0,[0|0]
101005310,,1005,310,1,0,[0|0],1005310,0,30,0,12,0,[0|0]
101005315,,1005,315,1,0,[0|0],1005315,0,13,0,12,0,[0|0]
101005316,,1005,316,1,0,[0|0],1005316,0,13,0,12,0,[0|0]
101005317,,1005,317,1,0,[0|0],1005317,0,14,0,12,0,[0|0]
101100000,,1100,0,1,0,[0|0],1100000,0,12,0,1,0,[0|0]
101100010,,1100,10,1,0,[0|0],1100010,0,12,0,1,0,[0|0]
101100020,,1100,20,1,0,[0|0],1100020,0,12,0,1,0,[0|0]
101100030,,1100,30,1,0,[0|0],1100030,0,12,0,1,0,[0|0]
101100040,,1100,40,1,0,[0|0],1100040,0,12,0,1,0,[0|0]
101100100,,1100,100,1,0,[0|0],1100100,0,20,0,1,0,[0|0]
101100105,,1100,105,1,0,[0|0],1100105,0,30,0,1,0,[0|0]
101100110,,1100,110,1,0,[0|0],1100110,0,20,0,1,0,[0|0]
101100115,,1100,115,1,0,[0|0],1100115,0,30,0,1,0,[0|0]
101100120,,1100,120,1,0,[0|0],1100120,0,15,0,1,0,[0|0]
101100125,,1100,125,1,0,[0|0],1100125,0,20,0,1,0,[0|0]
101100130,,1100,130,1,0,[0|0],1100130,0,10,0,1,0,[0|0]
101100140,,1100,140,1,0,[0|0],1100140,0,10,0,1,0,[0|0]
101100150,,1100,150,1,0,[0|0],1100150,0,20,0,1,0,[0|0]
101100155,,1100,155,1,0,[0|0],1100155,0,20,0,1,0,[0|0]
101100160,,1100,160,1,0,[0|0],1100160,0,30,0,1,0,[0|0]
101100165,,1100,165,1,0,[0|0],1100165,0,30,0,1,0,[0|0]
101100180,,1100,180,1,0,[0|0],1100180,0,20,0,1,0,[0|0]
101100200,,1100,200,1,0,[0|0],1100200,0,15,0,12,0,[0|0]
101100210,,1100,210,1,0,[0|0],1100210,0,15,0,12,0,[0|0]
101100220,,1100,220,1,0,[0|0],1100220,0,15,0,12,0,[0|0]
101100230,,1100,230,1,0,[0|0],1100230,0,15,0,12,0,[0|0]
101100240,,1100,240,1,0,[0|0],1100240,0,15,0,12,0,[0|0]
101100300,,1100,300,1,0,[0|0],1100300,0,24,0,12,0,[0|0]
101100305,,1100,305,1,0,[0|0],1100305,0,36,0,12,0,[0|0]
101100310,,1100,310,1,0,[0|0],1100310,0,24,0,12,0,[0|0]
101100315,,1100,315,1,0,[0|0],1100315,0,36,0,12,0,[0|0]
101100320,,1100,320,1,0,[0|0],1100320,0,18,0,12,0,[0|0]
101100325,,1100,325,1,0,[0|0],1100325,0,24,0,12,0,[0|0]
101100330,,1100,330,1,0,[0|0],1100330,0,13,0,12,0,[0|0]
101100340,,1100,340,1,0,[0|0],1100340,0,13,0,12,0,[0|0]
101100350,,1100,350,1,0,[0|0],1100350,0,22,0,12,0,[0|0]
101100355,,1100,355,1,0,[0|0],1100355,0,22,0,12,0,[0|0]
101100360,,1100,360,1,0,[0|0],1100360,0,34,0,12,0,[0|0]
101100365,,1100,365,1,0,[0|0],1100365,0,34,0,12,0,[0|0]
101100380,,1100,380,1,0,[0|0],1100380,0,24,0,12,0,[0|0]
101100400,,1100,400,1,0,[0|0],1100400,0,12,0,2,0,[0|0]
101100410,,1100,410,1,0,[0|0],1100410,0,12,0,2,0,[0|0]
101100420,,1100,420,1,0,[0|0],1100420,0,12,0,2,0,[0|0]
101100430,,1100,430,1,0,[0|0],1100430,0,12,0,2,0,[0|0]
101100440,,1100,440,1,0,[0|0],1100440,0,12,0,2,0,[0|0]
101100460,,1100,460,1,0,[0|0],1100460,0,0,0,0,0,[0|0]
101100470,,1100,470,1,0,[0|0],1100470,0,0,0,0,0,[0|0]
101100480,,1100,480,1,0,[0|0],1100480,0,0,0,0,0,[0|0]
101100500,,1100,500,1,0,[0|0],1100500,0,8,0,12,0,[0|0]
101100501,,1100,501,1,0,[0|0],1100501,0,9,0,12,0,[0|0]
101100505,,1100,505,1,0,[0|0],1100505,0,0,0,1,0,[0|0]
101100506,,1100,506,1,0,[0|0],1100506,0,0,0,1,0,[0|0]
101100509,,1100,509,1,0,[0|0],1100509,0,12,0,12,0,[0|0]
101100510,,1100,510,1,0,[0|0],1100510,0,8,0,12,0,[0|0]
101100511,,1100,511,1,0,[0|0],1100511,0,9,0,12,0,[0|0]
101100515,,1100,515,1,0,[0|0],1100515,0,0,0,12,0,[0|0]
101100517,,1100,517,1,0,[0|0],1100517,0,0,0,12,0,[0|0]
101100518,,1100,518,1,0,[0|0],1100518,0,0,0,12,0,[0|0]
101100520,,1100,520,1,0,[0|0],1100520,0,0,0,12,0,[0|0]
101100530,,1100,530,1,0,[0|0],1100530,0,8,0,12,0,[0|0]
101100531,,1100,531,1,0,[0|0],1100531,0,9,0,12,0,[0|0]
101100540,,1100,540,1,0,[0|0],1100540,0,0,0,12,0,[0|0]
101100550,,1100,550,1,0,[0|0],1100550,0,17,0,12,0,[0|0]
101100560,,1100,560,1,0,[0|0],1100560,0,8,0,12,0,[0|0]
101100561,,1100,561,1,0,[0|0],1100561,0,9,0,12,0,[0|0]
101100590,,1100,590,1,0,[0|0],1100590,0,0,0,12,0,[0|0]
101100591,,1100,591,1,0,[0|0],1100591,0,10,0,0,0,[0|0]
101100600,,1100,600,1,0,[0|0],1100600,0,12,0,12,0,[0|0]
101100605,,1100,605,1,0,[0|0],1100605,0,12,0,12,0,[0|0]
101100610,,1100,610,1,0,[0|0],1100610,0,12,0,12,0,[0|0]
101100630,,1100,630,1,0,[0|0],1100630,0,0,0,12,0,[0|0]
101100632,,1100,632,1,0,[0|0],1100632,0,20,0,12,0,[0|0]
101100635,,1100,635,1,0,[0|0],1100635,0,30,0,12,0,[0|0]
101100640,,1100,640,1,0,[0|0],1100640,0,0,0,12,0,[0|0]
101100642,,1100,642,1,0,[0|0],1100642,0,20,0,12,0,[0|0]
101100645,,1100,645,1,0,[0|0],1100645,0,30,0,12,0,[0|0]
101100650,,1100,650,1,0,[0|0],1100650,0,22,0,12,0,[0|0]
101100660,,1100,660,1,0,[0|0],1100660,0,25,0,12,0,[0|0]
101100665,,1100,665,1,0,[0|0],1100665,0,35,0,12,0,[0|0]
101100700,,1100,700,1,0,[0|0],1100700,0,12,0,12,0,[0|0]
101100705,,1100,705,1,0,[0|0],1100705,0,12,0,12,0,[0|0]
101100710,,1100,710,1,0,[0|0],1100710,0,12,0,12,0,[0|0]
101100730,,1100,730,1,0,[0|0],1100730,0,0,0,12,0,[0|0]
101100732,,1100,732,1,0,[0|0],1100732,0,20,0,12,0,[0|0]
101100735,,1100,735,1,0,[0|0],1100735,0,30,0,12,0,[0|0]
101100740,,1100,740,1,0,[0|0],1100740,0,0,0,12,0,[0|0]
101100742,,1100,742,1,0,[0|0],1100742,0,20,0,12,0,[0|0]
101100745,,1100,745,1,0,[0|0],1100745,0,30,0,12,0,[0|0]
101100750,,1100,750,1,0,[0|0],1100750,0,22,0,12,0,[0|0]
101100760,,1100,760,1,0,[0|0],1100760,0,25,0,12,0,[0|0]
101100765,,1100,765,1,0,[0|0],1100765,0,35,0,12,0,[0|0]
101100800,,1100,800,1,0,[0|0],1100800,0,12,0,1,0,[0|0]
101100805,,1100,805,1,0,[0|0],1100805,0,12,0,2,0,[0|0]
101100810,,1100,810,1,0,[0|0],1100810,0,12,0,1,0,[0|0]
101100815,,1100,815,1,0,[0|0],1100815,0,12,0,2,0,[0|0]
101100820,,1100,820,1,0,[0|0],1100820,0,12,0,1,0,[0|0]
101100825,,1100,825,1,0,[0|0],1100825,0,12,0,2,0,[0|0]
101100830,,1100,830,1,0,[0|0],1100830,0,12,0,1,0,[0|0]
101100835,,1100,835,1,0,[0|0],1100835,0,6,0,2,0,[0|0]
101100836,,1100,836,1,0,[0|0],1100836,0,10,0,2,0,[0|0]
101100860,,1100,860,1,0,[0|0],1100860,0,15,0,1,0,[0|0]
101100865,,1100,865,1,0,[0|0],1100865,0,15,0,2,0,[0|0]
101100870,,1100,870,1,0,[0|0],1100870,0,10,0,1,0,[0|0]
101100875,,1100,875,1,0,[0|0],1100875,0,10,0,2,0,[0|0]
101100880,,1100,880,1,0,[0|0],1100880,0,10,0,1,0,[0|0]
101100885,,1100,885,1,0,[0|0],1100885,0,10,0,2,0,[0|0]
101100890,,1100,890,1,0,[0|0],1100890,0,15,0,1,0,[0|0]
101100895,,1100,895,1,0,[0|0],1100895,0,15,0,2,0,[0|0]
101101000,,1101,0,1,0,[0|0],1101000,0,12,0,1,0,[0|0]
101101010,,1101,10,1,0,[0|0],1101010,0,12,0,1,0,[0|0]
101101020,,1101,20,1,0,[0|0],1101020,0,12,0,1,0,[0|0]
101101030,,1101,30,1,0,[0|0],1101030,0,12,0,1,0,[0|0]
101101040,,1101,40,1,0,[0|0],1101040,0,12,0,1,0,[0|0]
101101130,,1101,130,1,0,[0|0],1101130,0,10,0,1,0,[0|0]
101101200,,1101,200,1,0,[0|0],1101200,0,15,0,12,0,[0|0]
101101210,,1101,210,1,0,[0|0],1101210,0,15,0,12,0,[0|0]
101101220,,1101,220,1,0,[0|0],1101220,0,15,0,12,0,[0|0]
101101230,,1101,230,1,0,[0|0],1101230,0,15,0,12,0,[0|0]
101101240,,1101,240,1,0,[0|0],1101240,0,15,0,12,0,[0|0]
101101330,,1101,330,1,0,[0|0],1101330,0,13,0,12,0,[0|0]
101101400,,1101,400,1,0,[0|0],1101400,0,12,0,2,0,[0|0]
101101410,,1101,410,1,0,[0|0],1101410,0,12,0,2,0,[0|0]
101101420,,1101,420,1,0,[0|0],1101420,0,12,0,2,0,[0|0]
101101430,,1101,430,1,0,[0|0],1101430,0,12,0,2,0,[0|0]
101101440,,1101,440,1,0,[0|0],1101440,0,12,0,2,0,[0|0]
101102100,,1102,100,1,0,[0|0],1102100,0,21,0,1,0,[0|0]
101102105,,1102,105,1,0,[0|0],1102105,0,32,0,1,0,[0|0]
101102110,,1102,110,1,0,[0|0],1102110,0,21,0,1,0,[0|0]
101102115,,1102,115,1,0,[0|0],1102115,0,32,0,1,0,[0|0]
101102300,,1102,300,1,0,[0|0],1102300,0,25,0,12,0,[0|0]
101102305,,1102,305,1,0,[0|0],1102305,0,38,0,12,0,[0|0]
101102310,,1102,310,1,0,[0|0],1102310,0,25,0,12,0,[0|0]
101102315,,1102,315,1,0,[0|0],1102315,0,38,0,12,0,[0|0]
101103100,,1103,100,1,0,[0|0],1103100,0,20,0,1,0,[0|0]
101103105,,1103,105,1,0,[0|0],1103105,0,32,0,1,0,[0|0]
101103110,,1103,110,1,0,[0|0],1103110,0,22,0,1,0,[0|0]
101103115,,1103,115,1,0,[0|0],1103115,0,36,0,1,0,[0|0]
101103300,,1103,300,1,0,[0|0],1103300,0,24,0,12,0,[0|0]
101103305,,1103,305,1,0,[0|0],1103305,0,38,0,12,0,[0|0]
101103310,,1103,310,1,0,[0|0],1103310,0,27,0,12,0,[0|0]
101103315,,1103,315,1,0,[0|0],1103315,0,43,0,12,0,[0|0]
101105040,,1105,40,1,0,[0|0],1105040,0,12,0,1,0,[0|0]
101105125,,1105,125,1,0,[0|0],1105125,0,20,0,1,0,[0|0]
101105130,,1105,130,1,0,[0|0],1105130,0,10,0,1,0,[0|0]
101105140,,1105,140,1,0,[0|0],1105140,0,10,0,1,0,[0|0]
101105240,,1105,240,1,0,[0|0],1105240,0,15,0,12,0,[0|0]
101105325,,1105,325,1,0,[0|0],1105325,0,24,0,12,0,[0|0]
101105330,,1105,330,1,0,[0|0],1105330,0,13,0,12,0,[0|0]
101105340,,1105,340,1,0,[0|0],1105340,0,13,0,12,0,[0|0]
101105440,,1105,440,1,0,[0|0],1105440,0,12,0,2,0,[0|0]
101107100,,1107,100,1,0,[0|0],1107100,0,20,0,1,0,[0|0]
101107105,,1107,105,1,0,[0|0],1107105,0,32,0,1,0,[0|0]
101107110,,1107,110,1,0,[0|0],1107110,0,20,0,1,0,[0|0]
101107115,,1107,115,1,0,[0|0],1107115,0,32,0,1,0,[0|0]
101107300,,1107,300,1,0,[0|0],1107300,0,24,0,12,0,[0|0]
101107305,,1107,305,1,0,[0|0],1107305,0,39,0,12,0,[0|0]
101107310,,1107,310,1,0,[0|0],1107310,0,24,0,12,0,[0|0]
101107315,,1107,315,1,0,[0|0],1107315,0,39,0,12,0,[0|0]
101116040,,1116,40,1,0,[0|0],1105040,0,12,0,1,0,[0|0]
101116125,,1116,125,1,0,[0|0],1105125,0,20,0,1,0,[0|0]
101116130,,1116,130,1,0,[0|0],1105130,0,10,0,1,0,[0|0]
101116140,,1116,140,1,0,[0|0],1105140,0,10,0,1,0,[0|0]
101116240,,1116,240,1,0,[0|0],1105240,0,15,0,12,0,[0|0]
101116325,,1116,325,1,0,[0|0],1105325,0,24,0,12,0,[0|0]
101116330,,1116,330,1,0,[0|0],1105330,0,13,0,12,0,[0|0]
101116340,,1116,340,1,0,[0|0],1105340,0,13,0,12,0,[0|0]
101116440,,1116,440,1,0,[0|0],1105440,0,12,0,2,0,[0|0]
101117040,,1117,40,1,0,[0|0],1105040,0,12,0,1,0,[0|0]
101117125,,1117,125,1,0,[0|0],1105125,0,20,0,1,0,[0|0]
101117130,,1117,130,1,0,[0|0],1105130,0,10,0,1,0,[0|0]
101117140,,1117,140,1,0,[0|0],1105140,0,10,0,1,0,[0|0]
101117240,,1117,240,1,0,[0|0],1105240,0,15,0,12,0,[0|0]
101117325,,1117,325,1,0,[0|0],1105325,0,24,0,12,0,[0|0]
101117330,,1117,330,1,0,[0|0],1105330,0,13,0,12,0,[0|0]
101117340,,1117,340,1,0,[0|0],1105340,0,13,0,12,0,[0|0]
101117440,,1117,440,1,0,[0|0],1105440,0,12,0,2,0,[0|0]
101150000,,1150,0,1,0,[0|0],1150000,0,12,0,1,0,[0|0]
101150010,,1150,10,1,0,[0|0],1150010,0,12,0,1,0,[0|0]
101150020,,1150,20,1,0,[0|0],1150020,0,12,0,1,0,[0|0]
101150030,,1150,30,1,0,[0|0],1150030,0,12,0,1,0,[0|0]
101150100,,1150,100,1,0,[0|0],1150100,0,20,0,1,0,[0|0]
101150105,,1150,105,1,0,[0|0],1150105,0,30,0,1,0,[0|0]
101150110,,1150,110,1,0,[0|0],1150110,0,20,0,1,0,[0|0]
101150115,,1150,115,1,0,[0|0],1150115,0,30,0,1,0,[0|0]
101150120,,1150,120,1,0,[0|0],1150120,0,15,0,1,0,[0|0]
101150125,,1150,125,1,0,[0|0],1150125,0,20,0,1,0,[0|0]
101150130,,1150,130,1,0,[0|0],1150130,0,10,0,1,0,[0|0]
101150140,,1150,140,1,0,[0|0],1150140,0,10,0,1,0,[0|0]
101150200,,1150,200,1,0,[0|0],1150200,0,15,0,12,0,[0|0]
101150210,,1150,210,1,0,[0|0],1150210,0,15,0,12,0,[0|0]
101150220,,1150,220,1,0,[0|0],1150220,0,15,0,12,0,[0|0]
101150230,,1150,230,1,0,[0|0],1150230,0,15,0,12,0,[0|0]
101150300,,1150,300,1,0,[0|0],1150300,0,24,0,12,0,[0|0]
101150305,,1150,305,1,0,[0|0],1150305,0,36,0,12,0,[0|0]
101150310,,1150,310,1,0,[0|0],1150310,0,24,0,12,0,[0|0]
101150315,,1150,315,1,0,[0|0],1150315,0,36,0,12,0,[0|0]
101150320,,1150,320,1,0,[0|0],1150320,0,18,0,12,0,[0|0]
101150325,,1150,325,1,0,[0|0],1150325,0,24,0,12,0,[0|0]
101150330,,1150,330,1,0,[0|0],1150330,0,13,0,12,0,[0|0]
101150340,,1150,340,1,0,[0|0],1150340,0,13,0,12,0,[0|0]
101150400,,1150,400,1,0,[0|0],1150400,0,12,0,2,0,[0|0]
101150410,,1150,410,1,0,[0|0],1150410,0,12,0,2,0,[0|0]
101150420,,1150,420,1,0,[0|0],1150420,0,12,0,2,0,[0|0]
101150430,,1150,430,1,0,[0|0],1150430,0,12,0,2,0,[0|0]
101150500,,1150,500,1,0,[0|0],1150500,0,8,0,12,0,[0|0]
101150501,,1150,501,1,0,[0|0],1150501,0,9,0,12,0,[0|0]
101150505,,1150,505,1,0,[0|0],1150505,0,0,0,1,0,[0|0]
101150506,,1150,506,1,0,[0|0],1150506,0,0,0,1,0,[0|0]
101150509,,1150,509,1,0,[0|0],1150509,0,12,0,12,0,[0|0]
101150510,,1150,510,1,0,[0|0],1150510,0,8,0,12,0,[0|0]
101150511,,1150,511,1,0,[0|0],1150511,0,9,0,12,0,[0|0]
101150515,,1150,515,1,0,[0|0],1150515,0,0,0,12,0,[0|0]
101150517,,1150,517,1,0,[0|0],1150517,0,0,0,12,0,[0|0]
101150518,,1150,518,1,0,[0|0],1150518,0,0,0,12,0,[0|0]
101150520,,1150,520,1,0,[0|0],1150520,0,0,0,12,0,[0|0]
101150530,,1150,530,1,0,[0|0],1150530,0,8,0,12,0,[0|0]
101150531,,1150,531,1,0,[0|0],1150531,0,9,0,12,0,[0|0]
101150540,,1150,540,1,0,[0|0],1150540,0,0,0,12,0,[0|0]
101150550,,1150,550,1,0,[0|0],1150550,0,17,0,12,0,[0|0]
101150560,,1150,560,1,0,[0|0],1150560,0,8,0,12,0,[0|0]
101150561,,1150,561,1,0,[0|0],1150561,0,9,0,12,0,[0|0]
101150590,,1150,590,1,0,[0|0],1150590,0,0,0,12,0,[0|0]
101200000,,1200,0,1,0,[0|0],1200000,0,16,0,1,0,[0|0]
101200001,,1200,1,1,0,[0|0],1200001,0,0,0,1,0,[0|0]
101200002,,1200,2,1,0,[0|0],1200002,0,0,0,1,0,[0|0]
101200010,,1200,10,1,0,[0|0],1200010,0,16,0,1,0,[0|0]
101200020,,1200,20,1,0,[0|0],1200020,0,16,0,1,0,[0|0]
101200030,,1200,30,1,0,[0|0],1200030,0,16,0,1,0,[0|0]
101200100,,1200,100,1,0,[0|0],1200100,0,26,0,1,0,[0|0]
101200105,,1200,105,1,0,[0|0],1200105,0,36,0,1,0,[0|0]
101200110,,1200,110,1,0,[0|0],1200110,0,26,0,1,0,[0|0]
101200115,,1200,115,1,0,[0|0],1200115,0,36,0,1,0,[0|0]
101200120,,1200,120,1,0,[0|0],1200120,0,19,0,1,0,[0|0]
101200125,,1200,125,1,0,[0|0],1200125,0,26,0,1,0,[0|0]
101200130,,1200,130,1,0,[0|0],1200130,0,13,0,1,0,[0|0]
101200140,,1200,140,1,0,[0|0],1200140,0,13,0,1,0,[0|0]
101200150,,1200,150,1,0,[0|0],1200150,0,23,0,1,0,[0|0]
101200155,,1200,155,1,0,[0|0],1200155,0,23,0,1,0,[0|0]
101200160,,1200,160,1,0,[0|0],1200160,0,36,0,1,0,[0|0]
101200165,,1200,165,1,0,[0|0],1200165,0,36,0,1,0,[0|0]
101200180,,1200,180,1,0,[0|0],1200180,0,26,0,1,0,[0|0]
101200200,,1200,200,1,0,[0|0],1200200,0,19,0,12,0,[0|0]
101200210,,1200,210,1,0,[0|0],1200210,0,19,0,12,0,[0|0]
101200220,,1200,220,1,0,[0|0],1200220,0,19,0,12,0,[0|0]
101200230,,1200,230,1,0,[0|0],1200230,0,19,0,12,0,[0|0]
101200300,,1200,300,1,0,[0|0],1200300,0,32,0,12,0,[0|0]
101200301,,1200,301,1,0,[0|0],1200301,0,0,0,12,0,[0|0]
101200305,,1200,305,1,0,[0|0],1200305,0,42,0,12,0,[0|0]
101200310,,1200,310,1,0,[0|0],1200310,0,32,0,12,0,[0|0]
101200315,,1200,315,1,0,[0|0],1200315,0,42,0,12,0,[0|0]
101200320,,1200,320,1,0,[0|0],1200320,0,23,0,12,0,[0|0]
101200325,,1200,325,1,0,[0|0],1200325,0,32,0,12,0,[0|0]
101200330,,1200,330,1,0,[0|0],1200330,0,16,0,12,0,[0|0]
101200340,,1200,340,1,0,[0|0],1200340,0,16,0,12,0,[0|0]
101200350,,1200,350,1,0,[0|0],1200350,0,26,0,12,0,[0|0]
101200355,,1200,355,1,0,[0|0],1200355,0,26,0,12,0,[0|0]
101200360,,1200,360,1,0,[0|0],1200360,0,42,0,12,0,[0|0]
101200365,,1200,365,1,0,[0|0],1200365,0,42,0,12,0,[0|0]
101200380,,1200,380,1,0,[0|0],1200380,0,32,0,12,0,[0|0]
101200400,,1200,400,1,0,[0|0],1200400,0,16,0,2,0,[0|0]
101200410,,1200,410,1,0,[0|0],1200410,0,16,0,2,0,[0|0]
101200420,,1200,420,1,0,[0|0],1200420,0,16,0,2,0,[0|0]
101200430,,1200,430,1,0,[0|0],1200430,0,16,0,2,0,[0|0]
101200460,,1200,460,1,0,[0|0],1200460,0,0,0,0,0,[0|0]
101200470,,1200,470,1,0,[0|0],1200470,0,0,0,0,0,[0|0]
101200480,,1200,480,1,0,[0|0],1200480,0,0,0,0,0,[0|0]
101200500,,1200,500,1,0,[0|0],1200500,0,10,0,12,0,[0|0]
101200501,,1200,501,1,0,[0|0],1200501,0,10,0,12,0,[0|0]
101200505,,1200,505,1,0,[0|0],1200505,0,0,0,12,0,[0|0]
101200506,,1200,506,1,0,[0|0],1200506,0,0,0,12,0,[0|0]
101200509,,1200,509,1,0,[0|0],1200509,0,16,0,12,0,[0|0]
101200510,,1200,510,1,0,[0|0],1200510,0,10,0,12,0,[0|0]
101200511,,1200,511,1,0,[0|0],1200511,0,10,0,12,0,[0|0]
101200515,,1200,515,1,0,[0|0],1200515,0,0,0,12,0,[0|0]
101200516,,1200,516,1,0,[0|0],1200516,0,0,0,12,0,[0|0]
101200517,,1200,517,1,0,[0|0],1200517,0,0,0,12,0,[0|0]
101200520,,1200,520,1,0,[0|0],1200520,0,0,0,12,0,[0|0]
101200530,,1200,530,1,0,[0|0],1200530,0,10,0,12,0,[0|0]
101200531,,1200,531,1,0,[0|0],1200531,0,10,0,12,0,[0|0]
101200540,,1200,540,1,0,[0|0],1200540,0,0,0,12,0,[0|0]
101200550,,1200,550,1,0,[0|0],1200550,0,20,0,12,0,[0|0]
101200560,,1200,560,1,0,[0|0],1200560,0,10,0,12,0,[0|0]
101200561,,1200,561,1,0,[0|0],1200561,0,10,0,12,0,[0|0]
101200590,,1200,590,1,0,[0|0],1200590,0,0,0,0,0,[0|0]
101200591,,1200,591,1,0,[0|0],1200591,0,0,0,0,0,[0|0]
101200600,,1200,600,1,0,[0|0],1200600,0,16,0,12,0,[0|0]
101200605,,1200,605,1,0,[0|0],1200605,0,16,0,12,0,[0|0]
101200610,,1200,610,1,0,[0|0],1200610,0,16,0,12,0,[0|0]
101200630,,1200,630,1,0,[0|0],1200630,0,0,0,12,0,[0|0]
101200632,,1200,632,1,0,[0|0],1200632,0,26,0,12,0,[0|0]
101200635,,1200,635,1,0,[0|0],1200635,0,36,0,12,0,[0|0]
101200640,,1200,640,1,0,[0|0],1200640,0,0,0,12,0,[0|0]
101200642,,1200,642,1,0,[0|0],1200642,0,0,0,12,0,[0|0]
101200645,,1200,645,1,0,[0|0],1200645,0,0,0,12,0,[0|0]
101200650,,1200,650,1,0,[0|0],1200650,0,26,0,12,0,[0|0]
101200660,,1200,660,1,0,[0|0],1200660,0,36,0,12,0,[0|0]
101200665,,1200,665,1,0,[0|0],1200665,0,0,0,12,0,[0|0]
101200700,,1200,700,1,0,[0|0],1200700,0,16,0,12,0,[0|0]
101200705,,1200,705,1,0,[0|0],1200705,0,16,0,12,0,[0|0]
101200710,,1200,710,1,0,[0|0],1200710,0,16,0,12,0,[0|0]
101200730,,1200,730,1,0,[0|0],1200730,0,0,0,12,0,[0|0]
101200732,,1200,732,1,0,[0|0],1200732,0,26,0,12,0,[0|0]
101200735,,1200,735,1,0,[0|0],1200735,0,36,0,12,0,[0|0]
101200740,,1200,740,1,0,[0|0],1200740,0,0,0,12,0,[0|0]
101200742,,1200,742,1,0,[0|0],1200742,0,0,0,12,0,[0|0]
101200745,,1200,745,1,0,[0|0],1200745,0,0,0,12,0,[0|0]
101200750,,1200,750,1,0,[0|0],1200750,0,26,0,12,0,[0|0]
101200760,,1200,760,1,0,[0|0],1200760,0,36,0,12,0,[0|0]
101200765,,1200,765,1,0,[0|0],1200765,0,0,0,12,0,[0|0]
101200800,,1200,800,1,0,[0|0],1200800,0,16,0,1,0,[0|0]
101200805,,1200,805,1,0,[0|0],1200805,0,16,0,2,0,[0|0]
101200810,,1200,810,1,0,[0|0],1200810,0,16,0,1,0,[0|0]
101200815,,1200,815,1,0,[0|0],1200815,0,16,0,2,0,[0|0]
101200820,,1200,820,1,0,[0|0],1200820,0,16,0,1,0,[0|0]
101200825,,1200,825,1,0,[0|0],1200825,0,16,0,2,0,[0|0]
101200860,,1200,860,1,0,[0|0],1200860,0,19,0,1,0,[0|0]
101200865,,1200,865,1,0,[0|0],1200865,0,19,0,2,0,[0|0]
101200870,,1200,870,1,0,[0|0],1200870,0,13,0,1,0,[0|0]
101200875,,1200,875,1,0,[0|0],1200875,0,13,0,2,0,[0|0]
101200880,,1200,880,1,0,[0|0],1200880,0,13,0,1,0,[0|0]
101200885,,1200,885,1,0,[0|0],1200885,0,13,0,2,0,[0|0]
101200890,,1200,890,1,0,[0|0],1200890,0,18,0,1,0,[0|0]
101200895,,1200,895,1,0,[0|0],1200895,0,18,0,2,0,[0|0]
101201100,,1201,100,1,0,[0|0],1201100,0,26,0,1,0,[0|0]
101201105,,1201,105,1,0,[0|0],1201105,0,36,0,1,0,[0|0]
101201110,,1201,110,1,0,[0|0],1201110,0,26,0,1,0,[0|0]
101201115,,1201,115,1,0,[0|0],1201115,0,36,0,1,0,[0|0]
101201300,,1201,300,1,0,[0|0],1201300,0,32,0,12,0,[0|0]
101201305,,1201,305,1,0,[0|0],1201305,0,42,0,12,0,[0|0]
101201310,,1201,310,1,0,[0|0],1201310,0,32,0,12,0,[0|0]
101201315,,1201,315,1,0,[0|0],1201315,0,42,0,12,0,[0|0]
101205000,,1205,0,1,0,[0|0],1203000,0,16,0,1,0,[0|0]
101205001,,1205,1,1,0,[0|0],1203001,0,0,0,1,0,[0|0]
101205002,,1205,2,1,0,[0|0],1203002,0,0,0,1,0,[0|0]
101205010,,1205,10,1,0,[0|0],1203010,0,16,0,1,0,[0|0]
101205020,,1205,20,1,0,[0|0],1203020,0,16,0,1,0,[0|0]
101205030,,1205,30,1,0,[0|0],1203030,0,16,0,1,0,[0|0]
101205100,,1205,100,1,0,[0|0],1203100,0,26,0,1,0,[0|0]
101205105,,1205,105,1,0,[0|0],1203105,0,36,0,1,0,[0|0]
101205110,,1205,110,1,0,[0|0],1203110,0,26,0,1,0,[0|0]
101205115,,1205,115,1,0,[0|0],1203115,0,36,0,1,0,[0|0]
101205120,,1205,120,1,0,[0|0],1203120,0,19,0,1,0,[0|0]
101205125,,1205,125,1,0,[0|0],1203125,0,26,0,1,0,[0|0]
101205130,,1205,130,1,0,[0|0],1203130,0,13,0,1,0,[0|0]
101205140,,1205,140,1,0,[0|0],1203140,0,13,0,1,0,[0|0]
101205150,,1205,150,1,0,[0|0],1203150,0,23,0,1,0,[0|0]
101205155,,1205,155,1,0,[0|0],1203155,0,23,0,1,0,[0|0]
101205160,,1205,160,1,0,[0|0],1203160,0,36,0,1,0,[0|0]
101205165,,1205,165,1,0,[0|0],1203165,0,36,0,1,0,[0|0]
101205180,,1205,180,1,0,[0|0],1203180,0,26,0,1,0,[0|0]
101205200,,1205,200,1,0,[0|0],1203200,0,19,0,12,0,[0|0]
101205210,,1205,210,1,0,[0|0],1203210,0,19,0,12,0,[0|0]
101205220,,1205,220,1,0,[0|0],1203220,0,19,0,12,0,[0|0]
101205230,,1205,230,1,0,[0|0],1203230,0,19,0,12,0,[0|0]
101205300,,1205,300,1,0,[0|0],1203300,0,32,0,12,0,[0|0]
101205305,,1205,305,1,0,[0|0],1203305,0,42,0,12,0,[0|0]
101205310,,1205,310,1,0,[0|0],1203310,0,32,0,12,0,[0|0]
101205315,,1205,315,1,0,[0|0],1203315,0,42,0,12,0,[0|0]
101205320,,1205,320,1,0,[0|0],1203320,0,23,0,12,0,[0|0]
101205325,,1205,325,1,0,[0|0],1203325,0,32,0,12,0,[0|0]
101205330,,1205,330,1,0,[0|0],1203330,0,16,0,12,0,[0|0]
101205340,,1205,340,1,0,[0|0],1203340,0,16,0,12,0,[0|0]
101205350,,1205,350,1,0,[0|0],1203350,0,26,0,12,0,[0|0]
101205355,,1205,355,1,0,[0|0],1203355,0,26,0,12,0,[0|0]
101205360,,1205,360,1,0,[0|0],1203360,0,42,0,12,0,[0|0]
101205365,,1205,365,1,0,[0|0],1203365,0,42,0,12,0,[0|0]
101205380,,1205,380,1,0,[0|0],1203380,0,32,0,12,0,[0|0]
101205400,,1205,400,1,0,[0|0],1203400,0,16,0,2,0,[0|0]
101205410,,1205,410,1,0,[0|0],1203410,0,16,0,2,0,[0|0]
101205420,,1205,420,1,0,[0|0],1203420,0,16,0,2,0,[0|0]
101205430,,1205,430,1,0,[0|0],1203430,0,16,0,2,0,[0|0]
101205460,,1205,460,1,0,[0|0],1203460,0,0,0,0,0,[0|0]
101205470,,1205,470,1,0,[0|0],1203470,0,0,0,0,0,[0|0]
101205480,,1205,480,1,0,[0|0],1203480,0,0,0,0,0,[0|0]
101205500,,1205,500,1,0,[0|0],1203500,0,10,0,12,0,[0|0]
101205501,,1205,501,1,0,[0|0],1203501,0,10,0,12,0,[0|0]
101205505,,1205,505,1,0,[0|0],1203505,0,0,0,12,0,[0|0]
101205506,,1205,506,1,0,[0|0],1203506,0,0,0,12,0,[0|0]
101205509,,1205,509,1,0,[0|0],1203509,0,16,0,12,0,[0|0]
101205510,,1205,510,1,0,[0|0],1203510,0,10,0,12,0,[0|0]
101205511,,1205,511,1,0,[0|0],1203511,0,10,0,12,0,[0|0]
101205515,,1205,515,1,0,[0|0],1203515,0,0,0,12,0,[0|0]
101205516,,1205,516,1,0,[0|0],1203516,0,0,0,12,0,[0|0]
101205517,,1205,517,1,0,[0|0],1203517,0,0,0,12,0,[0|0]
101205520,,1205,520,1,0,[0|0],1203520,0,0,0,12,0,[0|0]
101205530,,1205,530,1,0,[0|0],1203530,0,10,0,12,0,[0|0]
101205531,,1205,531,1,0,[0|0],1203531,0,10,0,12,0,[0|0]
101205540,,1205,540,1,0,[0|0],1203540,0,0,0,12,0,[0|0]
101205550,,1205,550,1,0,[0|0],1203550,0,20,0,12,0,[0|0]
101205560,,1205,560,1,0,[0|0],1203560,0,10,0,12,0,[0|0]
101205561,,1205,561,1,0,[0|0],1203561,0,10,0,12,0,[0|0]
101205590,,1205,590,1,0,[0|0],1203590,0,0,0,0,0,[0|0]
101205591,,1205,591,1,0,[0|0],1203591,0,10,0,0,0,[0|0]
101205600,,1205,600,1,0,[0|0],1203600,0,16,0,12,0,[0|0]
101205605,,1205,605,1,0,[0|0],1203605,0,16,0,12,0,[0|0]
101205610,,1205,610,1,0,[0|0],1203610,0,16,0,12,0,[0|0]
101205630,,1205,630,1,0,[0|0],1203630,0,0,0,12,0,[0|0]
101205632,,1205,632,1,0,[0|0],1203632,0,26,0,12,0,[0|0]
101205635,,1205,635,1,0,[0|0],1203635,0,36,0,12,0,[0|0]
101205640,,1205,640,1,0,[0|0],1203640,0,0,0,12,0,[0|0]
101205642,,1205,642,1,0,[0|0],1203642,0,26,0,12,0,[0|0]
101205645,,1205,645,1,0,[0|0],1203645,0,36,0,12,0,[0|0]
101205650,,1205,650,1,0,[0|0],1203650,0,26,0,12,0,[0|0]
101205660,,1205,660,1,0,[0|0],1203660,0,31,0,12,0,[0|0]
101205665,,1205,665,1,0,[0|0],1203665,0,31,0,12,0,[0|0]
101205700,,1205,700,1,0,[0|0],1203700,0,16,0,12,0,[0|0]
101205705,,1205,705,1,0,[0|0],1203705,0,16,0,12,0,[0|0]
101205710,,1205,710,1,0,[0|0],1203710,0,16,0,12,0,[0|0]
101205730,,1205,730,1,0,[0|0],1203730,0,0,0,12,0,[0|0]
101205732,,1205,732,1,0,[0|0],1203732,0,26,0,12,0,[0|0]
101205735,,1205,735,1,0,[0|0],1203735,0,36,0,12,0,[0|0]
101205740,,1205,740,1,0,[0|0],1203740,0,0,0,12,0,[0|0]
101205742,,1205,742,1,0,[0|0],1203742,0,26,0,12,0,[0|0]
101205745,,1205,745,1,0,[0|0],1203745,0,36,0,12,0,[0|0]
101205750,,1205,750,1,0,[0|0],1203750,0,26,0,12,0,[0|0]
101205760,,1205,760,1,0,[0|0],1203760,0,31,0,12,0,[0|0]
101205765,,1205,765,1,0,[0|0],1203765,0,31,0,12,0,[0|0]
101205800,,1205,800,1,0,[0|0],1203800,0,16,0,1,0,[0|0]
101205805,,1205,805,1,0,[0|0],1203805,0,16,0,2,0,[0|0]
101205810,,1205,810,1,0,[0|0],1203810,0,16,0,1,0,[0|0]
101205815,,1205,815,1,0,[0|0],1203815,0,16,0,2,0,[0|0]
101205820,,1205,820,1,0,[0|0],1203820,0,16,0,1,0,[0|0]
101205825,,1205,825,1,0,[0|0],1203825,0,16,0,2,0,[0|0]
101205860,,1205,860,1,0,[0|0],1203860,0,19,0,1,0,[0|0]
101205865,,1205,865,1,0,[0|0],1203865,0,19,0,2,0,[0|0]
101205870,,1205,870,1,0,[0|0],1203870,0,13,0,1,0,[0|0]
101205875,,1205,875,1,0,[0|0],1203875,0,13,0,2,0,[0|0]
101205880,,1205,880,1,0,[0|0],1203880,0,13,0,1,0,[0|0]
101205885,,1205,885,1,0,[0|0],1203885,0,13,0,2,0,[0|0]
101205890,,1205,890,1,0,[0|0],1203890,0,18,0,1,0,[0|0]
101205895,,1205,895,1,0,[0|0],1203895,0,18,0,2,0,[0|0]
101250000,,1250,0,1,0,[0|0],1250000,0,20,0,1,0,[0|0]
101250001,,1250,1,1,0,[0|0],1250001,0,0,0,1,0,[0|0]
101250002,,1250,2,1,0,[0|0],1250002,0,0,0,1,0,[0|0]
101250010,,1250,10,1,0,[0|0],1250010,0,20,0,1,0,[0|0]
101250020,,1250,20,1,0,[0|0],1250020,0,20,0,1,0,[0|0]
101250030,,1250,30,1,0,[0|0],1250030,0,20,0,1,0,[0|0]
101250100,,1250,100,1,0,[0|0],1250100,0,30,0,1,0,[0|0]
101250105,,1250,105,1,0,[0|0],1250105,0,40,0,1,0,[0|0]
101250106,,1250,106,1,0,[0|0],1250106,0,0,0,1,0,[0|0]
101250110,,1250,110,1,0,[0|0],1250110,0,30,0,1,0,[0|0]
101250115,,1250,115,1,0,[0|0],1250115,0,40,0,1,0,[0|0]
101250120,,1250,120,1,0,[0|0],1250120,0,24,0,1,0,[0|0]
101250125,,1250,125,1,0,[0|0],1250125,0,30,0,1,0,[0|0]
101250126,,1250,126,1,0,[0|0],1250126,0,0,0,1,0,[0|0]
101250130,,1250,130,1,0,[0|0],1250130,0,16,0,1,0,[0|0]
101250140,,1250,140,1,0,[0|0],1250140,0,16,0,1,0,[0|0]
101250200,,1250,200,1,0,[0|0],1250200,0,24,0,12,0,[0|0]
101250210,,1250,210,1,0,[0|0],1250210,0,24,0,12,0,[0|0]
101250220,,1250,220,1,0,[0|0],1250220,0,24,0,12,0,[0|0]
101250230,,1250,230,1,0,[0|0],1250230,0,24,0,12,0,[0|0]
101250231,,1250,231,1,0,[0|0],1250231,0,24,0,12,0,[0|0]
101250300,,1250,300,1,0,[0|0],1250300,0,36,0,12,0,[0|0]
101250305,,1250,305,1,0,[0|0],1250305,0,20,0,12,0,[0|0]
101250306,,1250,306,1,0,[0|0],1250306,0,20,0,12,0,[0|0]
101250310,,1250,310,1,0,[0|0],1250310,0,36,0,12,0,[0|0]
101250315,,1250,315,1,0,[0|0],1250315,0,15,0,12,0,[0|0]
101250316,,1250,316,1,0,[0|0],1250316,0,15,0,12,0,[0|0]
101250320,,1250,320,1,0,[0|0],1250320,0,28,0,12,0,[0|0]
101250325,,1250,325,1,0,[0|0],1250325,0,36,0,12,0,[0|0]
101250326,,1250,326,1,0,[0|0],1250326,0,0,0,12,0,[0|0]
101250330,,1250,330,1,0,[0|0],1250330,0,20,0,12,0,[0|0]
101250340,,1250,340,1,0,[0|0],1250340,0,20,0,12,0,[0|0]
101250400,,1250,400,1,0,[0|0],1250400,0,20,0,2,0,[0|0]
101250410,,1250,410,1,0,[0|0],1250410,0,20,0,2,0,[0|0]
101250420,,1250,420,1,0,[0|0],1250420,0,20,0,2,0,[0|0]
101250430,,1250,430,1,0,[0|0],1250430,0,20,0,2,0,[0|0]
101250500,,1250,500,1,0,[0|0],1250500,0,12,0,5,0,[0|0]
101250501,,1250,501,1,0,[0|0],1250501,0,13,0,12,0,[0|0]
101250505,,1250,505,1,0,[0|0],1250505,0,0,0,12,0,[0|0]
101250509,,1250,509,1,0,[0|0],1250509,0,20,0,5,0,[0|0]
101250510,,1250,510,1,0,[0|0],1250510,0,12,0,5,0,[0|0]
101250511,,1250,511,1,0,[0|0],1250511,0,13,0,12,0,[0|0]
101250515,,1250,515,1,0,[0|0],1250515,0,0,0,12,0,[0|0]
101250516,,1250,516,1,0,[0|0],1250516,0,0,0,12,0,[0|0]
101250520,,1250,520,1,0,[0|0],1250520,0,0,0,12,0,[0|0]
101250530,,1250,530,1,0,[0|0],1250530,0,12,0,12,0,[0|0]
101250531,,1250,531,1,0,[0|0],1250531,0,13,0,12,0,[0|0]
101250540,,1250,540,1,0,[0|0],1250540,0,0,0,12,0,[0|0]
101250550,,1250,550,1,0,[0|0],1250550,0,25,0,12,0,[0|0]
101250560,,1250,560,1,0,[0|0],1250560,0,12,0,12,0,[0|0]
101250561,,1250,561,1,0,[0|0],1250561,0,13,0,12,0,[0|0]
101250590,,1250,590,1,0,[0|0],1250590,0,0,0,0,0,[0|0]
101250591,,1250,591,1,0,[0|0],1250591,0,10,0,0,0,[0|0]
101300000,,1300,0,1,0,[0|0],1300000,0,14,0,1,0,[0|0]
101300010,,1300,10,1,0,[0|0],1300010,0,14,0,1,0,[0|0]
101300020,,1300,20,1,0,[0|0],1300020,0,14,0,1,0,[0|0]
101300030,,1300,30,1,0,[0|0],1300030,0,14,0,1,0,[0|0]
101300100,,1300,100,1,0,[0|0],1300100,0,23,0,1,0,[0|0]
101300105,,1300,105,1,0,[0|0],1300105,0,38,0,1,0,[0|0]
101300110,,1300,110,1,0,[0|0],1300110,0,23,0,1,0,[0|0]
101300115,,1300,115,1,0,[0|0],1300115,0,38,0,1,0,[0|0]
101300120,,1300,120,1,0,[0|0],1300120,0,18,0,1,0,[0|0]
101300125,,1300,125,1,0,[0|0],1300125,0,23,0,1,0,[0|0]
101300130,,1300,130,1,0,[0|0],1300130,0,12,0,1,0,[0|0]
101300140,,1300,140,1,0,[0|0],1300140,0,12,0,1,0,[0|0]
101300150,,1300,150,1,0,[0|0],1300150,0,22,0,1,0,[0|0]
101300155,,1300,155,1,0,[0|0],1300155,0,22,0,1,0,[0|0]
101300160,,1300,160,1,0,[0|0],1300160,0,33,0,1,0,[0|0]
101300165,,1300,165,1,0,[0|0],1300165,0,33,0,1,0,[0|0]
101300180,,1300,180,1,0,[0|0],1300180,0,23,0,1,0,[0|0]
101300200,,1300,200,1,0,[0|0],1300200,0,18,0,12,0,[0|0]
101300210,,1300,210,1,0,[0|0],1300210,0,18,0,12,0,[0|0]
101300220,,1300,220,1,0,[0|0],1300220,0,18,0,12,0,[0|0]
101300230,,1300,230,1,0,[0|0],1300230,0,18,0,12,0,[0|0]
101300300,,1300,300,1,0,[0|0],1300300,0,28,0,12,0,[0|0]
101300305,,1300,305,1,0,[0|0],1300305,0,45,0,12,0,[0|0]
101300310,,1300,310,1,0,[0|0],1300310,0,28,0,12,0,[0|0]
101300315,,1300,315,1,0,[0|0],1300315,0,45,0,12,0,[0|0]
101300320,,1300,320,1,0,[0|0],1300320,0,21,0,12,0,[0|0]
101300325,,1300,325,1,0,[0|0],1300325,0,28,0,12,0,[0|0]
101300330,,1300,330,1,0,[0|0],1300330,0,15,0,12,0,[0|0]
101300340,,1300,340,1,0,[0|0],1300340,0,15,0,12,0,[0|0]
101300350,,1300,350,1,0,[0|0],1300350,0,24,0,12,0,[0|0]
101300355,,1300,355,1,0,[0|0],1300355,0,24,0,12,0,[0|0]
101300360,,1300,360,1,0,[0|0],1300360,0,38,0,12,0,[0|0]
101300365,,1300,365,1,0,[0|0],1300365,0,38,0,12,0,[0|0]
101300380,,1300,380,1,0,[0|0],1300380,0,28,0,12,0,[0|0]
101300400,,1300,400,1,0,[0|0],1300400,0,14,0,2,0,[0|0]
101300410,,1300,410,1,0,[0|0],1300410,0,14,0,2,0,[0|0]
101300420,,1300,420,1,0,[0|0],1300420,0,14,0,2,0,[0|0]
101300430,,1300,430,1,0,[0|0],1300430,0,14,0,2,0,[0|0]
101300460,,1300,460,1,0,[0|0],1300460,0,0,0,0,0,[0|0]
101300470,,1300,470,1,0,[0|0],1300470,0,0,0,0,0,[0|0]
101300480,,1300,480,1,0,[0|0],1300480,0,0,0,0,0,[0|0]
101300500,,1300,500,1,0,[0|0],1300500,0,10,0,12,0,[0|0]
101300501,,1300,501,1,0,[0|0],1300501,0,11,0,12,0,[0|0]
101300505,,1300,505,1,0,[0|0],1300505,0,0,0,12,0,[0|0]
101300506,,1300,506,1,0,[0|0],1300506,0,0,0,12,0,[0|0]
101300509,,1300,509,1,0,[0|0],1300509,0,14,0,12,0,[0|0]
101300510,,1300,510,1,0,[0|0],1300510,0,10,0,12,0,[0|0]
101300511,,1300,511,1,0,[0|0],1300511,0,11,0,12,0,[0|0]
101300515,,1300,515,1,0,[0|0],1300515,0,0,0,12,0,[0|0]
101300517,,1300,517,1,0,[0|0],1300517,0,0,0,12,0,[0|0]
101300518,,1300,518,1,0,[0|0],1300518,0,0,0,12,0,[0|0]
101300520,,1300,520,1,0,[0|0],1300520,0,0,0,12,0,[0|0]
101300530,,1300,530,1,0,[0|0],1300530,0,10,0,12,0,[0|0]
101300531,,1300,531,1,0,[0|0],1300531,0,11,0,12,0,[0|0]
101300540,,1300,540,1,0,[0|0],1300540,0,0,0,12,0,[0|0]
101300550,,1300,550,1,0,[0|0],1300550,0,20,0,12,0,[0|0]
101300560,,1300,560,1,0,[0|0],1300560,0,10,0,12,0,[0|0]
101300561,,1300,561,1,0,[0|0],1300561,0,11,0,12,0,[0|0]
101300590,,1300,590,1,0,[0|0],1300590,0,0,0,0,0,[0|0]
101300591,,1300,591,1,0,[0|0],1300591,0,12,0,0,0,[0|0]
101300600,,1300,600,1,0,[0|0],1300600,0,14,0,12,0,[0|0]
101300605,,1300,605,1,0,[0|0],1300605,0,14,0,12,0,[0|0]
101300610,,1300,610,1,0,[0|0],1300610,0,14,0,12,0,[0|0]
101300630,,1300,630,1,0,[0|0],1300630,0,0,0,12,0,[0|0]
101300632,,1300,632,1,0,[0|0],1300632,0,23,0,12,0,[0|0]
101300635,,1300,635,1,0,[0|0],1300635,0,35,0,12,0,[0|0]
101300640,,1300,640,1,0,[0|0],1300640,0,0,0,12,0,[0|0]
101300642,,1300,642,1,0,[0|0],1300642,0,0,0,12,0,[0|0]
101300645,,1300,645,1,0,[0|0],1300645,0,0,0,12,0,[0|0]
101300650,,1300,650,1,0,[0|0],1300650,0,24,0,12,0,[0|0]
101300660,,1300,660,1,0,[0|0],1300660,0,33,0,12,0,[0|0]
101300665,,1300,665,1,0,[0|0],1300665,0,0,0,12,0,[0|0]
101300700,,1300,700,1,0,[0|0],1300700,0,14,0,12,0,[0|0]
101300705,,1300,705,1,0,[0|0],1300705,0,14,0,12,0,[0|0]
101300710,,1300,710,1,0,[0|0],1300710,0,14,0,12,0,[0|0]
101300730,,1300,730,1,0,[0|0],1300730,0,0,0,12,0,[0|0]
101300732,,1300,732,1,0,[0|0],1300732,0,23,0,12,0,[0|0]
101300735,,1300,735,1,0,[0|0],1300735,0,35,0,12,0,[0|0]
101300740,,1300,740,1,0,[0|0],1300740,0,0,0,12,0,[0|0]
101300742,,1300,742,1,0,[0|0],1300742,0,0,0,12,0,[0|0]
101300745,,1300,745,1,0,[0|0],1300745,0,0,0,12,0,[0|0]
101300750,,1300,750,1,0,[0|0],1300750,0,24,0,12,0,[0|0]
101300760,,1300,760,1,0,[0|0],1300760,0,33,0,12,0,[0|0]
101300765,,1300,765,1,0,[0|0],1300765,0,0,0,12,0,[0|0]
101300800,,1300,800,1,0,[0|0],1300800,0,14,0,1,0,[0|0]
101300805,,1300,805,1,0,[0|0],1300805,0,14,0,2,0,[0|0]
101300810,,1300,810,1,0,[0|0],1300810,0,14,0,1,0,[0|0]
101300815,,1300,815,1,0,[0|0],1300815,0,14,0,2,0,[0|0]
101300820,,1300,820,1,0,[0|0],1300820,0,14,0,1,0,[0|0]
101300825,,1300,825,1,0,[0|0],1300825,0,14,0,2,0,[0|0]
101300830,,1300,830,1,0,[0|0],1300830,0,14,0,1,0,[0|0]
101300835,,1300,835,1,0,[0|0],1300835,0,7,0,2,0,[0|0]
101300836,,1300,836,1,0,[0|0],1300836,0,12,0,2,0,[0|0]
101300860,,1300,860,1,0,[0|0],1300860,0,18,0,1,0,[0|0]
101300865,,1300,865,1,0,[0|0],1300865,0,18,0,2,0,[0|0]
101300870,,1300,870,1,0,[0|0],1300870,0,12,0,1,0,[0|0]
101300875,,1300,875,1,0,[0|0],1300875,0,12,0,2,0,[0|0]
101300880,,1300,880,1,0,[0|0],1300880,0,12,0,1,0,[0|0]
101300885,,1300,885,1,0,[0|0],1300885,0,12,0,2,0,[0|0]
101300890,,1300,890,1,0,[0|0],1300890,0,17,0,1,0,[0|0]
101300895,,1300,895,1,0,[0|0],1300895,0,17,0,2,0,[0|0]
101400000,,1400,0,1,0,[0|0],1400000,0,13,0,1,0,[0|0]
101400010,,1400,10,1,0,[0|0],1400010,0,13,0,1,0,[0|0]
101400020,,1400,20,1,0,[0|0],1400020,0,13,0,1,0,[0|0]
101400030,,1400,30,1,0,[0|0],1400030,0,13,0,1,0,[0|0]
101400040,,1400,40,1,0,[0|0],1400040,0,13,0,1,0,[0|0]
101400100,,1400,100,1,0,[0|0],1400100,0,20,0,1,0,[0|0]
101400105,,1400,105,1,0,[0|0],1400105,0,30,0,1,0,[0|0]
101400110,,1400,110,1,0,[0|0],1400110,0,25,0,1,0,[0|0]
101400115,,1400,115,1,0,[0|0],1400115,0,35,0,1,0,[0|0]
101400120,,1400,120,1,0,[0|0],1400120,0,15,0,1,0,[0|0]
101400125,,1400,125,1,0,[0|0],1400125,0,20,0,1,0,[0|0]
101400130,,1400,130,1,0,[0|0],1400130,0,15,0,1,0,[0|0]
101400140,,1400,140,1,0,[0|0],1400140,0,15,0,1,0,[0|0]
101400150,,1400,150,1,0,[0|0],1400150,0,25,0,1,0,[0|0]
101400155,,1400,155,1,0,[0|0],1400155,0,25,0,1,0,[0|0]
101400160,,1400,160,1,0,[0|0],1400160,0,30,0,1,0,[0|0]
101400165,,1400,165,1,0,[0|0],1400165,0,30,0,1,0,[0|0]
101400180,,1400,180,1,0,[0|0],1400180,0,20,0,1,0,[0|0]
101400200,,1400,200,1,0,[0|0],1400200,0,16,0,12,0,[0|0]
101400210,,1400,210,1,0,[0|0],1400210,0,16,0,12,0,[0|0]
101400220,,1400,220,1,0,[0|0],1400220,0,16,0,12,0,[0|0]
101400230,,1400,230,1,0,[0|0],1400230,0,16,0,12,0,[0|0]
101400240,,1400,240,1,0,[0|0],1400240,0,16,0,12,0,[0|0]
101400300,,1400,300,1,0,[0|0],1400300,0,25,0,12,0,[0|0]
101400305,,1400,305,1,0,[0|0],1400305,0,37,0,12,0,[0|0]
101400310,,1400,310,1,0,[0|0],1400310,0,31,0,12,0,[0|0]
101400315,,1400,315,1,0,[0|0],1400315,0,43,0,12,0,[0|0]
101400320,,1400,320,1,0,[0|0],1400320,0,18,0,12,0,[0|0]
101400325,,1400,325,1,0,[0|0],1400325,0,25,0,12,0,[0|0]
101400330,,1400,330,1,0,[0|0],1400330,0,18,0,12,0,[0|0]
101400340,,1400,340,1,0,[0|0],1400340,0,18,0,12,0,[0|0]
101400350,,1400,350,1,0,[0|0],1400350,0,28,0,12,0,[0|0]
101400355,,1400,355,1,0,[0|0],1400355,0,28,0,12,0,[0|0]
101400360,,1400,360,1,0,[0|0],1400360,0,35,0,12,0,[0|0]
101400365,,1400,365,1,0,[0|0],1400365,0,35,0,12,0,[0|0]
101400380,,1400,380,1,0,[0|0],1400380,0,25,0,12,0,[0|0]
101400400,,1400,400,1,0,[0|0],1400400,0,12,0,2,0,[0|0]
101400410,,1400,410,1,0,[0|0],1400410,0,12,0,2,0,[0|0]
101400420,,1400,420,1,0,[0|0],1400420,0,12,0,2,0,[0|0]
101400430,,1400,430,1,0,[0|0],1400430,0,12,0,2,0,[0|0]
101400440,,1400,440,1,0,[0|0],1400440,0,12,0,2,0,[0|0]
101400460,,1400,460,1,0,[0|0],1400460,0,0,0,0,0,[0|0]
101400470,,1400,470,1,0,[0|0],1400470,0,0,0,0,0,[0|0]
101400480,,1400,480,1,0,[0|0],1400480,0,0,0,0,0,[0|0]
101400500,,1400,500,1,0,[0|0],1400500,0,9,0,12,0,[0|0]
101400501,,1400,501,1,0,[0|0],1400501,0,9,0,12,0,[0|0]
101400505,,1400,505,1,0,[0|0],1400505,0,0,0,1,0,[0|0]
101400506,,1400,506,1,0,[0|0],1400506,0,0,0,1,0,[0|0]
101400509,,1400,509,1,0,[0|0],1400509,0,13,0,12,0,[0|0]
101400510,,1400,510,1,0,[0|0],1400510,0,9,0,12,0,[0|0]
101400511,,1400,511,1,0,[0|0],1400511,0,9,0,12,0,[0|0]
101400515,,1400,515,1,0,[0|0],1400515,0,0,0,1,0,[0|0]
101400517,,1400,517,1,0,[0|0],1400517,0,0,0,1,0,[0|0]
101400518,,1400,518,1,0,[0|0],1400518,0,0,0,1,0,[0|0]
101400520,,1400,520,1,0,[0|0],1400520,0,0,0,1,0,[0|0]
101400530,,1400,530,1,0,[0|0],1400530,0,9,0,12,0,[0|0]
101400531,,1400,531,1,0,[0|0],1400531,0,9,0,12,0,[0|0]
101400540,,1400,540,1,0,[0|0],1400540,0,0,0,1,0,[0|0]
101400550,,1400,550,1,0,[0|0],1400550,0,18,0,12,0,[0|0]
101400560,,1400,560,1,0,[0|0],1400560,0,9,0,12,0,[0|0]
101400561,,1400,561,1,0,[0|0],1400561,0,9,0,12,0,[0|0]
101400590,,1400,590,1,0,[0|0],1400590,0,0,0,0,0,[0|0]
101400591,,1400,591,1,0,[0|0],1400591,0,10,0,0,0,[0|0]
101400600,,1400,600,1,0,[0|0],1400600,0,10,0,12,0,[0|0]
101400605,,1400,605,1,0,[0|0],1400605,0,10,0,12,0,[0|0]
101400610,,1400,610,1,0,[0|0],1400610,0,10,0,12,0,[0|0]
101400630,,1400,630,1,0,[0|0],1400630,0,0,0,12,0,[0|0]
101400632,,1400,632,1,0,[0|0],1400632,0,40,0,12,0,[0|0]
101400635,,1400,635,1,0,[0|0],1400635,0,40,0,12,0,[0|0]
101400640,,1400,640,1,0,[0|0],1400640,0,0,0,12,0,[0|0]
101400642,,1400,642,1,0,[0|0],1400642,0,40,0,12,0,[0|0]
101400645,,1400,645,1,0,[0|0],1400645,0,40,0,12,0,[0|0]
101400650,,1400,650,1,0,[0|0],1400650,0,20,0,12,0,[0|0]
101400660,,1400,660,1,0,[0|0],1400660,0,45,0,12,0,[0|0]
101400665,,1400,665,1,0,[0|0],1400665,0,45,0,12,0,[0|0]
101400700,,1400,700,1,0,[0|0],1400700,0,10,0,12,0,[0|0]
101400705,,1400,705,1,0,[0|0],1400705,0,10,0,12,0,[0|0]
101400710,,1400,710,1,0,[0|0],1400710,0,10,0,12,0,[0|0]
101400730,,1400,730,1,0,[0|0],1400730,0,0,0,12,0,[0|0]
101400732,,1400,732,1,0,[0|0],1400732,0,40,0,12,0,[0|0]
101400735,,1400,735,1,0,[0|0],1400735,0,40,0,12,0,[0|0]
101400740,,1400,740,1,0,[0|0],1400740,0,0,0,12,0,[0|0]
101400742,,1400,742,1,0,[0|0],1400742,0,40,0,12,0,[0|0]
101400745,,1400,745,1,0,[0|0],1400745,0,40,0,12,0,[0|0]
101400750,,1400,750,1,0,[0|0],1400750,0,20,0,12,0,[0|0]
101400760,,1400,760,1,0,[0|0],1400760,0,45,0,12,0,[0|0]
101400765,,1400,765,1,0,[0|0],1400765,0,45,0,12,0,[0|0]
101400800,,1400,800,1,0,[0|0],1400800,0,9,0,2,0,[0|0]
101400805,,1400,805,1,0,[0|0],1400805,0,9,0,2,0,[0|0]
101400810,,1400,810,1,0,[0|0],1400810,0,9,0,2,0,[0|0]
101400815,,1400,815,1,0,[0|0],1400815,0,9,0,2,0,[0|0]
101400820,,1400,820,1,0,[0|0],1400820,0,9,0,2,0,[0|0]
101400825,,1400,825,1,0,[0|0],1400825,0,9,0,2,0,[0|0]
101400830,,1400,830,1,0,[0|0],1400830,0,9,0,2,0,[0|0]
101400835,,1400,835,1,0,[0|0],1400835,0,6,0,2,0,[0|0]
101400836,,1400,836,1,0,[0|0],1400836,0,9,0,2,0,[0|0]
101400860,,1400,860,1,0,[0|0],1400860,0,11,0,2,0,[0|0]
101400865,,1400,865,1,0,[0|0],1400865,0,11,0,2,0,[0|0]
101400870,,1400,870,1,0,[0|0],1400870,0,11,0,2,0,[0|0]
101400875,,1400,875,1,0,[0|0],1400875,0,11,0,2,0,[0|0]
101400880,,1400,880,1,0,[0|0],1400880,0,11,0,2,0,[0|0]
101400885,,1400,885,1,0,[0|0],1400885,0,11,0,2,0,[0|0]
101400890,,1400,890,1,0,[0|0],1400890,0,16,0,2,0,[0|0]
101400895,,1400,895,1,0,[0|0],1400895,0,16,0,2,0,[0|0]
101401000,,1401,0,1,0,[0|0],1401000,0,13,0,1,0,[0|0]
101401010,,1401,10,1,0,[0|0],1401010,0,13,0,1,0,[0|0]
101401020,,1401,20,1,0,[0|0],1401020,0,13,0,1,0,[0|0]
101401030,,1401,30,1,0,[0|0],1401030,0,13,0,1,0,[0|0]
101401040,,1401,40,1,0,[0|0],1401040,0,13,0,1,0,[0|0]
101401200,,1401,200,1,0,[0|0],1401200,0,14,0,12,0,[0|0]
101401210,,1401,210,1,0,[0|0],1401210,0,14,0,12,0,[0|0]
101401220,,1401,220,1,0,[0|0],1401220,0,14,0,12,0,[0|0]
101401230,,1401,230,1,0,[0|0],1401230,0,14,0,12,0,[0|0]
101401240,,1401,240,1,0,[0|0],1401240,0,14,0,12,0,[0|0]
101401400,,1401,400,1,0,[0|0],1401400,0,13,0,2,0,[0|0]
101401410,,1401,410,1,0,[0|0],1401410,0,13,0,2,0,[0|0]
101401420,,1401,420,1,0,[0|0],1401420,0,13,0,2,0,[0|0]
101401430,,1401,430,1,0,[0|0],1401430,0,13,0,2,0,[0|0]
101401440,,1401,440,1,0,[0|0],1401440,0,13,0,2,0,[0|0]
101406000,,1406,0,1,0,[0|0],1406000,0,11,0,1,0,[0|0]
101406010,,1406,10,1,0,[0|0],1406010,0,11,0,1,0,[0|0]
101406020,,1406,20,1,0,[0|0],1406020,0,11,0,1,0,[0|0]
101406030,,1406,30,1,0,[0|0],1406030,0,11,0,1,0,[0|0]
101406040,,1406,40,1,0,[0|0],1406040,0,11,0,1,0,[0|0]
101406100,,1406,100,1,0,[0|0],1406100,0,18,0,1,0,[0|0]
101406105,,1406,105,1,0,[0|0],1406105,0,28,0,1,0,[0|0]
101406110,,1406,110,1,0,[0|0],1406110,0,23,0,1,0,[0|0]
101406115,,1406,115,1,0,[0|0],1406115,0,32,0,1,0,[0|0]
101406140,,1406,140,1,0,[0|0],1406140,0,13,0,1,0,[0|0]
101406200,,1406,200,1,0,[0|0],1406200,0,14,0,12,0,[0|0]
101406210,,1406,210,1,0,[0|0],1406210,0,14,0,12,0,[0|0]
101406220,,1406,220,1,0,[0|0],1406220,0,14,0,12,0,[0|0]
101406230,,1406,230,1,0,[0|0],1406230,0,14,0,12,0,[0|0]
101406240,,1406,240,1,0,[0|0],1406240,0,14,0,12,0,[0|0]
101406300,,1406,300,1,0,[0|0],1406300,0,23,0,12,0,[0|0]
101406305,,1406,305,1,0,[0|0],1406305,0,35,0,12,0,[0|0]
101406310,,1406,310,1,0,[0|0],1406310,0,29,0,12,0,[0|0]
101406315,,1406,315,1,0,[0|0],1406315,0,41,0,12,0,[0|0]
101406400,,1406,400,1,0,[0|0],1406400,0,10,0,2,0,[0|0]
101406410,,1406,410,1,0,[0|0],1406410,0,10,0,2,0,[0|0]
101406420,,1406,420,1,0,[0|0],1406420,0,10,0,2,0,[0|0]
101406430,,1406,430,1,0,[0|0],1406430,0,10,0,2,0,[0|0]
101406440,,1406,440,1,0,[0|0],1406440,0,10,0,2,0,[0|0]
101407010,,1407,10,1,0,[0|0],1402010,0,13,0,1,0,[0|0]
101407020,,1407,20,1,0,[0|0],1402020,0,13,0,1,0,[0|0]
101407030,,1407,30,1,0,[0|0],1402030,0,13,0,1,0,[0|0]
101407040,,1407,40,1,0,[0|0],1402040,0,13,0,1,0,[0|0]
101407110,,1407,110,1,0,[0|0],1402110,0,25,0,1,0,[0|0]
101407115,,1407,115,1,0,[0|0],1402115,0,18,0,1,0,[0|0]
101407116,,1407,116,1,0,[0|0],1402116,0,18,0,1,0,[0|0]
101407210,,1407,210,1,0,[0|0],1402210,0,16,0,12,0,[0|0]
101407220,,1407,220,1,0,[0|0],1402220,0,16,0,12,0,[0|0]
101407230,,1407,230,1,0,[0|0],1402230,0,16,0,12,0,[0|0]
101407240,,1407,240,1,0,[0|0],1402240,0,16,0,12,0,[0|0]
101407310,,1407,310,1,0,[0|0],1402310,0,31,0,12,0,[0|0]
101407315,,1407,315,1,0,[0|0],1402315,0,22,0,12,0,[0|0]
101407316,,1407,316,1,0,[0|0],1402316,0,22,0,12,0,[0|0]
101407410,,1407,410,1,0,[0|0],1402410,0,12,0,2,0,[0|0]
101407420,,1407,420,1,0,[0|0],1402420,0,12,0,2,0,[0|0]
101407430,,1407,430,1,0,[0|0],1402430,0,12,0,2,0,[0|0]
101407440,,1407,440,1,0,[0|0],1402440,0,12,0,2,0,[0|0]
101500000,,1500,0,1,0,[0|0],1500000,0,16,0,1,0,[0|0]
101500002,,1500,2,1,0,[0|0],1500002,0,0,0,1,0,[0|0]
101500010,,1500,10,1,0,[0|0],1500010,0,16,0,1,0,[0|0]
101500020,,1500,20,1,0,[0|0],1500020,0,16,0,1,0,[0|0]
101500030,,1500,30,1,0,[0|0],1500030,0,16,0,1,0,[0|0]
101500100,,1500,100,1,0,[0|0],1500100,0,26,0,1,0,[0|0]
101500101,,1500,101,1,0,[0|0],1500101,0,0,0,1,0,[0|0]
101500105,,1500,105,1,0,[0|0],1500105,0,36,0,1,0,[0|0]
101500110,,1500,110,1,0,[0|0],1500110,0,26,0,1,0,[0|0]
101500115,,1500,115,1,0,[0|0],1500115,0,36,0,1,0,[0|0]
101500120,,1500,120,1,0,[0|0],1500120,0,19,0,1,0,[0|0]
101500125,,1500,125,1,0,[0|0],1500125,0,26,0,1,0,[0|0]
101500130,,1500,130,1,0,[0|0],1500130,0,13,0,1,0,[0|0]
101500140,,1500,140,1,0,[0|0],1500140,0,13,0,1,0,[0|0]
101500150,,1500,150,1,0,[0|0],1500150,0,23,0,1,0,[0|0]
101500155,,1500,155,1,0,[0|0],1500155,0,23,0,1,0,[0|0]
101500160,,1500,160,1,0,[0|0],1500160,0,36,0,1,0,[0|0]
101500165,,1500,165,1,0,[0|0],1500165,0,36,0,1,0,[0|0]
101500180,,1500,180,1,0,[0|0],1500180,0,26,0,1,0,[0|0]
101500200,,1500,200,1,0,[0|0],1500200,0,19,0,12,0,[0|0]
101500210,,1500,210,1,0,[0|0],1500210,0,19,0,12,0,[0|0]
101500220,,1500,220,1,0,[0|0],1500220,0,19,0,12,0,[0|0]
101500230,,1500,230,1,0,[0|0],1500230,0,19,0,12,0,[0|0]
101500300,,1500,300,1,0,[0|0],1500300,0,32,0,12,0,[0|0]
101500301,,1500,301,1,0,[0|0],1500301,0,0,0,12,0,[0|0]
101500305,,1500,305,1,0,[0|0],1500305,0,42,0,12,0,[0|0]
101500310,,1500,310,1,0,[0|0],1500310,0,32,0,12,0,[0|0]
101500315,,1500,315,1,0,[0|0],1500315,0,42,0,12,0,[0|0]
101500320,,1500,320,1,0,[0|0],1500320,0,23,0,12,0,[0|0]
101500325,,1500,325,1,0,[0|0],1500325,0,32,0,12,0,[0|0]
101500330,,1500,330,1,0,[0|0],1500330,0,16,0,12,0,[0|0]
101500340,,1500,340,1,0,[0|0],1500340,0,16,0,12,0,[0|0]
101500350,,1500,350,1,0,[0|0],1500350,0,26,0,12,0,[0|0]
101500355,,1500,355,1,0,[0|0],1500355,0,26,0,12,0,[0|0]
101500360,,1500,360,1,0,[0|0],1500360,0,42,0,12,0,[0|0]
101500365,,1500,365,1,0,[0|0],1500365,0,42,0,12,0,[0|0]
101500380,,1500,380,1,0,[0|0],1500380,0,32,0,12,0,[0|0]
101500400,,1500,400,1,0,[0|0],1500400,0,16,0,2,0,[0|0]
101500410,,1500,410,1,0,[0|0],1500410,0,16,0,2,0,[0|0]
101500420,,1500,420,1,0,[0|0],1500420,0,16,0,2,0,[0|0]
101500430,,1500,430,1,0,[0|0],1500430,0,16,0,2,0,[0|0]
101500460,,1500,460,1,0,[0|0],1500460,0,0,0,0,0,[0|0]
101500470,,1500,470,1,0,[0|0],1500470,0,0,0,0,0,[0|0]
101500480,,1500,480,1,0,[0|0],1500480,0,0,0,0,0,[0|0]
101500500,,1500,500,1,0,[0|0],1500500,0,10,0,12,0,[0|0]
101500501,,1500,501,1,0,[0|0],1500501,0,10,0,12,0,[0|0]
101500505,,1500,505,1,0,[0|0],1500505,0,0,0,12,0,[0|0]
101500506,,1500,506,1,0,[0|0],1500506,0,0,0,12,0,[0|0]
101500509,,1500,509,1,0,[0|0],1500509,0,16,0,12,0,[0|0]
101500510,,1500,510,1,0,[0|0],1500510,0,10,0,12,0,[0|0]
101500511,,1500,511,1,0,[0|0],1500511,0,10,0,12,0,[0|0]
101500515,,1500,515,1,0,[0|0],1500515,0,0,0,12,0,[0|0]
101500516,,1500,516,1,0,[0|0],1500516,0,0,0,12,0,[0|0]
101500517,,1500,517,1,0,[0|0],1500517,0,0,0,12,0,[0|0]
101500520,,1500,520,1,0,[0|0],1500520,0,0,0,12,0,[0|0]
101500530,,1500,530,1,0,[0|0],1500530,0,10,0,12,0,[0|0]
101500531,,1500,531,1,0,[0|0],1500531,0,10,0,12,0,[0|0]
101500540,,1500,540,1,0,[0|0],1500540,0,0,0,12,0,[0|0]
101500550,,1500,550,1,0,[0|0],1500550,0,20,0,12,0,[0|0]
101500560,,1500,560,1,0,[0|0],1500560,0,10,0,12,0,[0|0]
101500561,,1500,561,1,0,[0|0],1500561,0,10,0,12,0,[0|0]
101500590,,1500,590,1,0,[0|0],1500590,0,0,0,0,0,[0|0]
101500591,,1500,591,1,0,[0|0],1500591,0,10,0,0,0,[0|0]
101500600,,1500,600,1,0,[0|0],1500600,0,16,0,12,0,[0|0]
101500605,,1500,605,1,0,[0|0],1500605,0,16,0,12,0,[0|0]
101500610,,1500,610,1,0,[0|0],1500610,0,16,0,12,0,[0|0]
101500630,,1500,630,1,0,[0|0],1500630,0,0,0,12,0,[0|0]
101500632,,1500,632,1,0,[0|0],1500632,0,26,0,12,0,[0|0]
101500635,,1500,635,1,0,[0|0],1500635,0,36,0,12,0,[0|0]
101500640,,1500,640,1,0,[0|0],1500640,0,0,0,12,0,[0|0]
101500642,,1500,642,1,0,[0|0],1500642,0,26,0,12,0,[0|0]
101500645,,1500,645,1,0,[0|0],1500645,0,36,0,12,0,[0|0]
101500650,,1500,650,1,0,[0|0],1500650,0,26,0,12,0,[0|0]
101500660,,1500,660,1,0,[0|0],1500660,0,31,0,12,0,[0|0]
101500665,,1500,665,1,0,[0|0],1500665,0,31,0,12,0,[0|0]
101500700,,1500,700,1,0,[0|0],1500700,0,16,0,12,0,[0|0]
101500705,,1500,705,1,0,[0|0],1500705,0,16,0,12,0,[0|0]
101500710,,1500,710,1,0,[0|0],1500710,0,16,0,12,0,[0|0]
101500730,,1500,730,1,0,[0|0],1500730,0,0,0,12,0,[0|0]
101500732,,1500,732,1,0,[0|0],1500732,0,26,0,12,0,[0|0]
101500735,,1500,735,1,0,[0|0],1500735,0,36,0,12,0,[0|0]
101500740,,1500,740,1,0,[0|0],1500740,0,0,0,12,0,[0|0]
101500742,,1500,742,1,0,[0|0],1500742,0,26,0,12,0,[0|0]
101500745,,1500,745,1,0,[0|0],1500745,0,36,0,12,0,[0|0]
101500750,,1500,750,1,0,[0|0],1500750,0,26,0,12,0,[0|0]
101500760,,1500,760,1,0,[0|0],1500760,0,31,0,12,0,[0|0]
101500765,,1500,765,1,0,[0|0],1500765,0,31,0,12,0,[0|0]
101500800,,1500,800,1,0,[0|0],1500800,0,16,0,2,0,[0|0]
101500805,,1500,805,1,0,[0|0],1500805,0,16,0,1,0,[0|0]
101500810,,1500,810,1,0,[0|0],1500810,0,16,0,1,0,[0|0]
101500815,,1500,815,1,0,[0|0],1500815,0,16,0,2,0,[0|0]
101500820,,1500,820,1,0,[0|0],1500820,0,16,0,1,0,[0|0]
101500825,,1500,825,1,0,[0|0],1500825,0,16,0,2,0,[0|0]
101500860,,1500,860,1,0,[0|0],1500860,0,19,0,2,0,[0|0]
101500865,,1500,865,1,0,[0|0],1500865,0,19,0,1,0,[0|0]
101500870,,1500,870,1,0,[0|0],1500870,0,13,0,1,0,[0|0]
101500875,,1500,875,1,0,[0|0],1500875,0,13,0,2,0,[0|0]
101500880,,1500,880,1,0,[0|0],1500880,0,13,0,1,0,[0|0]
101500885,,1500,885,1,0,[0|0],1500885,0,13,0,2,0,[0|0]
101500890,,1500,890,1,0,[0|0],1500890,0,18,0,1,0,[0|0]
101500895,,1500,895,1,0,[0|0],1500895,0,18,0,2,0,[0|0]
101501300,,1501,300,1,0,[0|0],1501300,0,34,0,12,0,[0|0]
101501305,,1501,305,1,0,[0|0],1501305,0,44,0,12,0,[0|0]
101501310,,1501,310,1,0,[0|0],1501310,0,34,0,12,0,[0|0]
101501315,,1501,315,1,0,[0|0],1501315,0,44,0,12,0,[0|0]
101501360,,1501,360,1,0,[0|0],1501360,0,44,0,12,0,[0|0]
101503100,,1503,100,1,0,[0|0],1503100,0,26,0,1,0,[0|0]
101503105,,1503,105,1,0,[0|0],1503105,0,40,0,1,0,[0|0]
101503110,,1503,110,1,0,[0|0],1503110,0,26,0,1,0,[0|0]
101503115,,1503,115,1,0,[0|0],1503115,0,40,0,1,0,[0|0]
101503300,,1503,300,1,0,[0|0],1503300,0,32,0,12,0,[0|0]
101503305,,1503,305,1,0,[0|0],1503305,0,48,0,12,0,[0|0]
101503310,,1503,310,1,0,[0|0],1503310,0,32,0,12,0,[0|0]
101503315,,1503,315,1,0,[0|0],1503315,0,48,0,12,0,[0|0]
101504100,,1504,100,1,0,[0|0],1503100,0,28,0,1,0,[0|0]
101504105,,1504,105,1,0,[0|0],1503105,0,38,0,1,0,[0|0]
101504110,,1504,110,1,0,[0|0],1503110,0,28,0,1,0,[0|0]
101504115,,1504,115,1,0,[0|0],1503115,0,38,0,1,0,[0|0]
101504300,,1504,300,1,0,[0|0],1503300,0,30,0,12,0,[0|0]
101504305,,1504,305,1,0,[0|0],1503305,0,40,0,12,0,[0|0]
101504310,,1504,310,1,0,[0|0],1503310,0,30,0,12,0,[0|0]
101504315,,1504,315,1,0,[0|0],1503315,0,40,0,12,0,[0|0]
101505000,,1505,0,1,0,[0|0],1504000,0,18,0,1,0,[0|0]
101505002,,1505,2,1,0,[0|0],1504002,0,0,0,1,0,[0|0]
101505010,,1505,10,1,0,[0|0],1504010,0,18,0,1,0,[0|0]
101505020,,1505,20,1,0,[0|0],1504020,0,18,0,1,0,[0|0]
101505030,,1505,30,1,0,[0|0],1504030,0,18,0,1,0,[0|0]
101505100,,1505,100,1,0,[0|0],1504100,0,28,0,1,0,[0|0]
101505101,,1505,101,1,0,[0|0],1504101,0,10,0,1,0,[0|0]
101505105,,1505,105,1,0,[0|0],1504105,0,38,0,1,0,[0|0]
101505110,,1505,110,1,0,[0|0],1504110,0,28,0,1,0,[0|0]
101505115,,1505,115,1,0,[0|0],1504115,0,38,0,1,0,[0|0]
101505120,,1505,120,1,0,[0|0],1504120,0,21,0,1,0,[0|0]
101505125,,1505,125,1,0,[0|0],1504125,0,28,0,1,0,[0|0]
101505130,,1505,130,1,0,[0|0],1504130,0,21,0,1,0,[0|0]
101505140,,1505,140,1,0,[0|0],1504140,0,21,0,1,0,[0|0]
101505150,,1505,150,1,0,[0|0],1504150,0,31,0,1,0,[0|0]
101505155,,1505,155,1,0,[0|0],1504155,0,31,0,1,0,[0|0]
101505160,,1505,160,1,0,[0|0],1504160,0,38,0,1,0,[0|0]
101505165,,1505,165,1,0,[0|0],1504165,0,38,0,1,0,[0|0]
101505180,,1505,180,1,0,[0|0],1504180,0,21,0,1,0,[0|0]
101505200,,1505,200,1,0,[0|0],1504200,0,20,0,12,0,[0|0]
101505210,,1505,210,1,0,[0|0],1504210,0,20,0,12,0,[0|0]
101505220,,1505,220,1,0,[0|0],1504220,0,20,0,12,0,[0|0]
101505230,,1505,230,1,0,[0|0],1504230,0,20,0,12,0,[0|0]
101505300,,1505,300,1,0,[0|0],1504300,0,30,0,12,0,[0|0]
101505301,,1505,301,1,0,[0|0],1504301,0,0,0,12,0,[0|0]
101505305,,1505,305,1,0,[0|0],1504305,0,40,0,12,0,[0|0]
101505310,,1505,310,1,0,[0|0],1504310,0,30,0,12,0,[0|0]
101505315,,1505,315,1,0,[0|0],1504315,0,40,0,12,0,[0|0]
101505320,,1505,320,1,0,[0|0],1504320,0,23,0,12,0,[0|0]
101505325,,1505,325,1,0,[0|0],1504325,0,30,0,12,0,[0|0]
101505330,,1505,330,1,0,[0|0],1504330,0,23,0,12,0,[0|0]
101505340,,1505,340,1,0,[0|0],1504340,0,23,0,12,0,[0|0]
101505350,,1505,350,1,0,[0|0],1504350,0,33,0,12,0,[0|0]
101505355,,1505,355,1,0,[0|0],1504355,0,33,0,12,0,[0|0]
101505360,,1505,360,1,0,[0|0],1504360,0,40,0,12,0,[0|0]
101505365,,1505,365,1,0,[0|0],1504365,0,40,0,12,0,[0|0]
101505380,,1505,380,1,0,[0|0],1504380,0,23,0,12,0,[0|0]
101505400,,1505,400,1,0,[0|0],1504400,0,18,0,2,0,[0|0]
101505410,,1505,410,1,0,[0|0],1504410,0,18,0,2,0,[0|0]
101505420,,1505,420,1,0,[0|0],1504420,0,18,0,2,0,[0|0]
101505430,,1505,430,1,0,[0|0],1504430,0,18,0,2,0,[0|0]
101505460,,1505,460,1,0,[0|0],1504460,0,0,0,0,0,[0|0]
101505470,,1505,470,1,0,[0|0],1504470,0,0,0,0,0,[0|0]
101505480,,1505,480,1,0,[0|0],1504480,0,0,0,0,0,[0|0]
101505500,,1505,500,1,0,[0|0],1504500,0,11,0,12,0,[0|0]
101505501,,1505,501,1,0,[0|0],1504501,0,12,0,12,0,[0|0]
101505505,,1505,505,1,0,[0|0],1504505,0,0,0,12,0,[0|0]
101505506,,1505,506,1,0,[0|0],1504506,0,0,0,12,0,[0|0]
101505509,,1505,509,1,0,[0|0],1504509,0,18,0,12,0,[0|0]
101505510,,1505,510,1,0,[0|0],1504510,0,11,0,12,0,[0|0]
101505511,,1505,511,1,0,[0|0],1504511,0,12,0,12,0,[0|0]
101505515,,1505,515,1,0,[0|0],1504515,0,0,0,12,0,[0|0]
101505516,,1505,516,1,0,[0|0],1504516,0,0,0,12,0,[0|0]
101505517,,1505,517,1,0,[0|0],1504517,0,0,0,12,0,[0|0]
101505520,,1505,520,1,0,[0|0],1504520,0,0,0,12,0,[0|0]
101505530,,1505,530,1,0,[0|0],1504530,0,11,0,12,0,[0|0]
101505531,,1505,531,1,0,[0|0],1504531,0,12,0,12,0,[0|0]
101505540,,1505,540,1,0,[0|0],1504540,0,0,0,12,0,[0|0]
101505550,,1505,550,1,0,[0|0],1504550,0,23,0,12,0,[0|0]
101505560,,1505,560,1,0,[0|0],1504560,0,11,0,12,0,[0|0]
101505561,,1505,561,1,0,[0|0],1504561,0,12,0,12,0,[0|0]
101505590,,1505,590,1,0,[0|0],1504590,0,0,0,0,0,[0|0]
101505591,,1505,591,1,0,[0|0],1504591,0,10,0,0,0,[0|0]
101505600,,1505,600,1,0,[0|0],1504600,0,15,0,12,0,[0|0]
101505605,,1505,605,1,0,[0|0],1504605,0,15,0,12,0,[0|0]
101505610,,1505,610,1,0,[0|0],1504610,0,15,0,12,0,[0|0]
101505630,,1505,630,1,0,[0|0],1504630,0,0,0,12,0,[0|0]
101505632,,1505,632,1,0,[0|0],1504632,0,41,0,12,0,[0|0]
101505635,,1505,635,1,0,[0|0],1504635,0,41,0,12,0,[0|0]
101505640,,1505,640,1,0,[0|0],1504640,0,0,0,12,0,[0|0]
101505642,,1505,642,1,0,[0|0],1504642,0,41,0,12,0,[0|0]
101505645,,1505,645,1,0,[0|0],1504645,0,41,0,12,0,[0|0]
101505650,,1505,650,1,0,[0|0],1504650,0,25,0,12,0,[0|0]
101505660,,1505,660,1,0,[0|0],1504660,0,46,0,12,0,[0|0]
101505665,,1505,665,1,0,[0|0],1504665,0,46,0,12,0,[0|0]
101505700,,1505,700,1,0,[0|0],1504700,0,15,0,12,0,[0|0]
101505705,,1505,705,1,0,[0|0],1504705,0,15,0,12,0,[0|0]
101505710,,1505,710,1,0,[0|0],1504710,0,15,0,12,0,[0|0]
101505730,,1505,730,1,0,[0|0],1504730,0,0,0,12,0,[0|0]
101505732,,1505,732,1,0,[0|0],1504732,0,41,0,12,0,[0|0]
101505735,,1505,735,1,0,[0|0],1504735,0,41,0,12,0,[0|0]
101505740,,1505,740,1,0,[0|0],1504740,0,0,0,12,0,[0|0]
101505742,,1505,742,1,0,[0|0],1504742,0,41,0,12,0,[0|0]
101505745,,1505,745,1,0,[0|0],1504745,0,41,0,12,0,[0|0]
101505750,,1505,750,1,0,[0|0],1504750,0,25,0,12,0,[0|0]
101505760,,1505,760,1,0,[0|0],1504760,0,46,0,12,0,[0|0]
101505765,,1505,765,1,0,[0|0],1504765,0,46,0,12,0,[0|0]
101505800,,1505,800,1,0,[0|0],1504800,0,14,0,2,0,[0|0]
101505805,,1505,805,1,0,[0|0],1504805,0,14,0,1,0,[0|0]
101505810,,1505,810,1,0,[0|0],1504810,0,14,0,1,0,[0|0]
101505815,,1505,815,1,0,[0|0],1504815,0,14,0,2,0,[0|0]
101505820,,1505,820,1,0,[0|0],1504820,0,14,0,1,0,[0|0]
101505825,,1505,825,1,0,[0|0],1504825,0,14,0,2,0,[0|0]
101505860,,1505,860,1,0,[0|0],1504860,0,14,0,2,0,[0|0]
101505865,,1505,865,1,0,[0|0],1504865,0,14,0,1,0,[0|0]
101505870,,1505,870,1,0,[0|0],1504870,0,14,0,1,0,[0|0]
101505875,,1505,875,1,0,[0|0],1504875,0,14,0,2,0,[0|0]
101505880,,1505,880,1,0,[0|0],1504880,0,14,0,1,0,[0|0]
101505885,,1505,885,1,0,[0|0],1504885,0,14,0,2,0,[0|0]
101505890,,1505,890,1,0,[0|0],1504890,0,18,0,1,0,[0|0]
101505895,,1505,895,1,0,[0|0],1504895,0,18,0,2,0,[0|0]
101550000,,1550,0,1,0,[0|0],1550000,0,20,0,1,0,[0|0]
101550001,,1550,1,1,0,[0|0],1550001,0,0,0,1,0,[0|0]
101550002,,1550,2,1,0,[0|0],1550002,0,0,0,1,0,[0|0]
101550010,,1550,10,1,0,[0|0],1550010,0,20,0,1,0,[0|0]
101550020,,1550,20,1,0,[0|0],1550020,0,20,0,1,0,[0|0]
101550030,,1550,30,1,0,[0|0],1550030,0,20,0,1,0,[0|0]
101550100,,1550,100,1,0,[0|0],1550100,0,30,0,1,0,[0|0]
101550105,,1550,105,1,0,[0|0],1550105,0,40,0,1,0,[0|0]
101550106,,1550,106,1,0,[0|0],1550106,0,0,0,1,0,[0|0]
101550110,,1550,110,1,0,[0|0],1550110,0,30,0,1,0,[0|0]
101550115,,1550,115,1,0,[0|0],1550115,0,40,0,1,0,[0|0]
101550120,,1550,120,1,0,[0|0],1550120,0,24,0,1,0,[0|0]
101550125,,1550,125,1,0,[0|0],1550125,0,30,0,1,0,[0|0]
101550126,,1550,126,1,0,[0|0],1550126,0,0,0,1,0,[0|0]
101550130,,1550,130,1,0,[0|0],1550130,0,16,0,1,0,[0|0]
101550140,,1550,140,1,0,[0|0],1550140,0,16,0,1,0,[0|0]
101550200,,1550,200,1,0,[0|0],1550200,0,24,0,12,0,[0|0]
101550210,,1550,210,1,0,[0|0],1550210,0,24,0,12,0,[0|0]
101550220,,1550,220,1,0,[0|0],1550220,0,24,0,12,0,[0|0]
101550230,,1550,230,1,0,[0|0],1550230,0,24,0,12,0,[0|0]
101550231,,1550,231,1,0,[0|0],1550231,0,24,0,12,0,[0|0]
101550300,,1550,300,1,0,[0|0],1550300,0,36,0,12,0,[0|0]
101550305,,1550,305,1,0,[0|0],1550305,0,20,0,12,0,[0|0]
101550306,,1550,306,1,0,[0|0],1550306,0,20,0,12,0,[0|0]
101550310,,1550,310,1,0,[0|0],1550310,0,36,0,12,0,[0|0]
101550315,,1550,315,1,0,[0|0],1550315,0,15,0,12,0,[0|0]
101550316,,1550,316,1,0,[0|0],1550316,0,15,0,12,0,[0|0]
101550320,,1550,320,1,0,[0|0],1550320,0,28,0,12,0,[0|0]
101550325,,1550,325,1,0,[0|0],1550325,0,36,0,12,0,[0|0]
101550326,,1550,326,1,0,[0|0],1550326,0,0,0,12,0,[0|0]
101550330,,1550,330,1,0,[0|0],1550330,0,20,0,12,0,[0|0]
101550340,,1550,340,1,0,[0|0],1550340,0,20,0,12,0,[0|0]
101550400,,1550,400,1,0,[0|0],1550400,0,20,0,2,0,[0|0]
101550410,,1550,410,1,0,[0|0],1550410,0,20,0,2,0,[0|0]
101550420,,1550,420,1,0,[0|0],1550420,0,20,0,2,0,[0|0]
101550430,,1550,430,1,0,[0|0],1550430,0,20,0,2,0,[0|0]
101550500,,1550,500,1,0,[0|0],1550500,0,12,0,5,0,[0|0]
101550501,,1550,501,1,0,[0|0],1550501,0,13,0,12,0,[0|0]
101550505,,1550,505,1,0,[0|0],1550505,0,0,0,12,0,[0|0]
101550509,,1550,509,1,0,[0|0],1550509,0,20,0,5,0,[0|0]
101550510,,1550,510,1,0,[0|0],1550510,0,12,0,5,0,[0|0]
101550511,,1550,511,1,0,[0|0],1550511,0,13,0,12,0,[0|0]
101550515,,1550,515,1,0,[0|0],1550515,0,0,0,12,0,[0|0]
101550516,,1550,516,1,0,[0|0],1550516,0,0,0,12,0,[0|0]
101550520,,1550,520,1,0,[0|0],1550520,0,0,0,12,0,[0|0]
101550530,,1550,530,1,0,[0|0],1550530,0,12,0,12,0,[0|0]
101550531,,1550,531,1,0,[0|0],1550531,0,13,0,12,0,[0|0]
101550540,,1550,540,1,0,[0|0],1550540,0,0,0,12,0,[0|0]
101550550,,1550,550,1,0,[0|0],1550550,0,25,0,12,0,[0|0]
101550560,,1550,560,1,0,[0|0],1550560,0,12,0,12,0,[0|0]
101550561,,1550,561,1,0,[0|0],1550561,0,13,0,12,0,[0|0]
101550590,,1550,590,1,0,[0|0],1550590,0,0,0,0,0,[0|0]
101550591,,1550,591,1,0,[0|0],1550591,0,10,0,0,0,[0|0]
101600000,,1600,0,1,0,[0|0],1600000,0,14,0,1,0,[0|0]
101600010,,1600,10,1,0,[0|0],1600010,0,14,0,1,0,[0|0]
101600020,,1600,20,1,0,[0|0],1600020,0,14,0,1,0,[0|0]
101600030,,1600,30,1,0,[0|0],1600030,0,14,0,1,0,[0|0]
101600100,,1600,100,1,0,[0|0],1600100,0,24,0,1,0,[0|0]
101600105,,1600,105,1,0,[0|0],1600105,0,36,0,1,0,[0|0]
101600110,,1600,110,1,0,[0|0],1600110,0,24,0,1,0,[0|0]
101600115,,1600,115,1,0,[0|0],1600115,0,36,0,1,0,[0|0]
101600120,,1600,120,1,0,[0|0],1600120,0,18,0,1,0,[0|0]
101600125,,1600,125,1,0,[0|0],1600125,0,24,0,1,0,[0|0]
101600130,,1600,130,1,0,[0|0],1600130,0,12,0,1,0,[0|0]
101600140,,1600,140,1,0,[0|0],1600140,0,12,0,1,0,[0|0]
101600150,,1600,150,1,0,[0|0],1600150,0,22,0,1,0,[0|0]
101600155,,1600,155,1,0,[0|0],1600155,0,22,0,1,0,[0|0]
101600160,,1600,160,1,0,[0|0],1600160,0,34,0,1,0,[0|0]
101600165,,1600,165,1,0,[0|0],1600165,0,34,0,1,0,[0|0]
101600170,,1600,170,1,0,[0|0],1600170,0,12,0,1,0,[0|0]
101600180,,1600,180,1,0,[0|0],1600180,0,24,0,1,0,[0|0]
101600200,,1600,200,1,0,[0|0],1600200,0,17,0,12,0,[0|0]
101600210,,1600,210,1,0,[0|0],1600210,0,17,0,12,0,[0|0]
101600220,,1600,220,1,0,[0|0],1600220,0,17,0,12,0,[0|0]
101600230,,1600,230,1,0,[0|0],1600230,0,17,0,12,0,[0|0]
101600300,,1600,300,1,0,[0|0],1600300,0,28,0,12,0,[0|0]
101600305,,1600,305,1,0,[0|0],1600305,0,40,0,12,0,[0|0]
101600310,,1600,310,1,0,[0|0],1600310,0,28,0,12,0,[0|0]
101600315,,1600,315,1,0,[0|0],1600315,0,40,0,12,0,[0|0]
101600320,,1600,320,1,0,[0|0],1600320,0,21,0,12,0,[0|0]
101600325,,1600,325,1,0,[0|0],1600325,0,28,0,12,0,[0|0]
101600330,,1600,330,1,0,[0|0],1600330,0,14,0,12,0,[0|0]
101600340,,1600,340,1,0,[0|0],1600340,0,14,0,12,0,[0|0]
101600350,,1600,350,1,0,[0|0],1600350,0,24,0,12,0,[0|0]
101600355,,1600,355,1,0,[0|0],1600355,0,24,0,12,0,[0|0]
101600360,,1600,360,1,0,[0|0],1600360,0,38,0,12,0,[0|0]
101600365,,1600,365,1,0,[0|0],1600365,0,38,0,12,0,[0|0]
101600380,,1600,380,1,0,[0|0],1600380,0,28,0,12,0,[0|0]
101600400,,1600,400,1,0,[0|0],1600400,0,14,0,2,0,[0|0]
101600410,,1600,410,1,0,[0|0],1600410,0,14,0,2,0,[0|0]
101600420,,1600,420,1,0,[0|0],1600420,0,14,0,2,0,[0|0]
101600430,,1600,430,1,0,[0|0],1600430,0,14,0,2,0,[0|0]
101600460,,1600,460,1,0,[0|0],1600460,0,0,0,0,0,[0|0]
101600470,,1600,470,1,0,[0|0],1600470,0,0,0,0,0,[0|0]
101600480,,1600,480,1,0,[0|0],1600480,0,0,0,0,0,[0|0]
101600500,,1600,500,1,0,[0|0],1600500,0,19,0,12,0,[0|0]
101600505,,1600,505,1,0,[0|0],1600505,0,0,0,12,0,[0|0]
101600509,,1600,509,1,0,[0|0],1600509,0,14,0,12,0,[0|0]
101600510,,1600,510,1,0,[0|0],1600510,0,19,0,12,0,[0|0]
101600515,,1600,515,1,0,[0|0],1600515,0,0,0,12,0,[0|0]
101600516,,1600,516,1,0,[0|0],1600516,0,0,0,12,0,[0|0]
101600520,,1600,520,1,0,[0|0],1600520,0,0,0,12,0,[0|0]
101600530,,1600,530,1,0,[0|0],1600530,0,19,0,12,0,[0|0]
101600540,,1600,540,1,0,[0|0],1600540,0,0,0,12,0,[0|0]
101600550,,1600,550,1,0,[0|0],1600550,0,19,0,12,0,[0|0]
101600560,,1600,560,1,0,[0|0],1600560,0,9,0,12,0,[0|0]
101600561,,1600,561,1,0,[0|0],1600561,0,10,0,12,0,[0|0]
101600590,,1600,590,1,0,[0|0],1600590,0,0,0,0,0,[0|0]
101600591,,1600,591,1,0,[0|0],1600591,0,10,0,0,0,[0|0]
101600600,,1600,600,1,0,[0|0],1600600,0,14,0,12,0,[0|0]
101600605,,1600,605,1,0,[0|0],1600605,0,14,0,12,0,[0|0]
101600610,,1600,610,1,0,[0|0],1600610,0,14,0,12,0,[0|0]
101600630,,1600,630,1,0,[0|0],1600630,0,0,0,12,0,[0|0]
101600632,,1600,632,1,0,[0|0],1600632,0,24,0,12,0,[0|0]
101600635,,1600,635,1,0,[0|0],1600635,0,36,0,12,0,[0|0]
101600640,,1600,640,1,0,[0|0],1600640,0,0,0,12,0,[0|0]
101600642,,1600,642,1,0,[0|0],1600642,0,24,0,12,0,[0|0]
101600645,,1600,645,1,0,[0|0],1600645,0,36,0,12,0,[0|0]
101600650,,1600,650,1,0,[0|0],1600650,0,24,0,12,0,[0|0]
101600660,,1600,660,1,0,[0|0],1600660,0,29,0,12,0,[0|0]
101600665,,1600,665,1,0,[0|0],1600665,0,29,0,12,0,[0|0]
101600700,,1600,700,1,0,[0|0],1600700,0,14,0,12,0,[0|0]
101600705,,1600,705,1,0,[0|0],1600705,0,14,0,12,0,[0|0]
101600710,,1600,710,1,0,[0|0],1600710,0,14,0,12,0,[0|0]
101600730,,1600,730,1,0,[0|0],1600730,0,0,0,12,0,[0|0]
101600732,,1600,732,1,0,[0|0],1600732,0,24,0,12,0,[0|0]
101600735,,1600,735,1,0,[0|0],1600735,0,36,0,12,0,[0|0]
101600740,,1600,740,1,0,[0|0],1600740,0,0,0,12,0,[0|0]
101600742,,1600,742,1,0,[0|0],1600742,0,24,0,12,0,[0|0]
101600745,,1600,745,1,0,[0|0],1600745,0,36,0,12,0,[0|0]
101600750,,1600,750,1,0,[0|0],1600750,0,24,0,12,0,[0|0]
101600760,,1600,760,1,0,[0|0],1600760,0,29,0,12,0,[0|0]
101600765,,1600,765,1,0,[0|0],1600765,0,29,0,12,0,[0|0]
101600800,,1600,800,1,0,[0|0],1600800,0,14,0,1,0,[0|0]
101600805,,1600,805,1,0,[0|0],1600805,0,14,0,2,0,[0|0]
101600810,,1600,810,1,0,[0|0],1600810,0,14,0,1,0,[0|0]
101600815,,1600,815,1,0,[0|0],1600815,0,14,0,2,0,[0|0]
101600820,,1600,820,1,0,[0|0],1600820,0,14,0,1,0,[0|0]
101600825,,1600,825,1,0,[0|0],1600825,0,14,0,2,0,[0|0]
101600860,,1600,860,1,0,[0|0],1600860,0,18,0,1,0,[0|0]
101600865,,1600,865,1,0,[0|0],1600865,0,18,0,2,0,[0|0]
101600870,,1600,870,1,0,[0|0],1600870,0,12,0,1,0,[0|0]
101600875,,1600,875,1,0,[0|0],1600875,0,12,0,2,0,[0|0]
101600880,,1600,880,1,0,[0|0],1600880,0,12,0,1,0,[0|0]
101600881,,1600,881,1,0,[0|0],1600881,0,8,0,1,0,[0|0]
101600885,,1600,885,1,0,[0|0],1600885,0,8,0,2,0,[0|0]
101600890,,1600,890,1,0,[0|0],1600890,0,17,0,1,0,[0|0]
101600895,,1600,895,1,0,[0|0],1600895,0,17,0,2,0,[0|0]
101601100,,1601,100,1,0,[0|0],1601100,0,14,0,1,0,[0|0]
101601101,,1601,101,1,0,[0|0],1601101,0,14,0,1,0,[0|0]
101601105,,1601,105,1,0,[0|0],1601105,0,14,0,1,0,[0|0]
101601106,,1601,106,1,0,[0|0],1601106,0,26,0,1,0,[0|0]
101601110,,1601,110,1,0,[0|0],1601110,0,14,0,1,0,[0|0]
101601111,,1601,111,1,0,[0|0],1601111,0,14,0,1,0,[0|0]
101601115,,1601,115,1,0,[0|0],1601115,0,14,0,1,0,[0|0]
101601116,,1601,116,1,0,[0|0],1601116,0,14,0,1,0,[0|0]
101601117,,1601,117,1,0,[0|0],1601117,0,26,0,1,0,[0|0]
101601300,,1601,300,1,0,[0|0],1601300,0,14,0,12,0,[0|0]
101601301,,1601,301,1,0,[0|0],1601301,0,18,0,12,0,[0|0]
101601305,,1601,305,1,0,[0|0],1601305,0,14,0,12,0,[0|0]
101601306,,1601,306,1,0,[0|0],1601306,0,30,0,12,0,[0|0]
101601310,,1601,310,1,0,[0|0],1601310,0,14,0,12,0,[0|0]
101601311,,1601,311,1,0,[0|0],1601311,0,18,0,12,0,[0|0]
101601315,,1601,315,1,0,[0|0],1601315,0,14,0,12,0,[0|0]
101601316,,1601,316,1,0,[0|0],1601316,0,14,0,12,0,[0|0]
101601317,,1601,317,1,0,[0|0],1601317,0,30,0,12,0,[0|0]
101604100,,1604,100,1,0,[0|0],1601100,0,14,0,1,0,[0|0]
101604101,,1604,101,1,0,[0|0],1601101,0,14,0,1,0,[0|0]
101604105,,1604,105,1,0,[0|0],1601105,0,14,0,1,0,[0|0]
101604106,,1604,106,1,0,[0|0],1601106,0,26,0,1,0,[0|0]
101604110,,1604,110,1,0,[0|0],1601110,0,14,0,1,0,[0|0]
101604111,,1604,111,1,0,[0|0],1601111,0,14,0,1,0,[0|0]
101604115,,1604,115,1,0,[0|0],1601115,0,14,0,1,0,[0|0]
101604116,,1604,116,1,0,[0|0],1601116,0,14,0,1,0,[0|0]
101604117,,1604,117,1,0,[0|0],1601117,0,26,0,1,0,[0|0]
101604300,,1604,300,1,0,[0|0],1601300,0,14,0,12,0,[0|0]
101604301,,1604,301,1,0,[0|0],1601301,0,18,0,12,0,[0|0]
101604305,,1604,305,1,0,[0|0],1601305,0,14,0,12,0,[0|0]
101604306,,1604,306,1,0,[0|0],1601306,0,30,0,12,0,[0|0]
101604310,,1604,310,1,0,[0|0],1601310,0,14,0,12,0,[0|0]
101604311,,1604,311,1,0,[0|0],1601311,0,18,0,12,0,[0|0]
101604315,,1604,315,1,0,[0|0],1601315,0,14,0,12,0,[0|0]
101604316,,1604,316,1,0,[0|0],1601316,0,14,0,12,0,[0|0]
101604317,,1604,317,1,0,[0|0],1601317,0,30,0,12,0,[0|0]
101605100,,1605,100,1,0,[0|0],1605100,0,24,0,1,0,[0|0]
101605105,,1605,105,1,0,[0|0],1605105,0,36,0,1,0,[0|0]
101605110,,1605,110,1,0,[0|0],1605110,0,24,0,1,0,[0|0]
101605115,,1605,115,1,0,[0|0],1605115,0,36,0,1,0,[0|0]
101605300,,1605,300,1,0,[0|0],1605300,0,28,0,12,0,[0|0]
101605305,,1605,305,1,0,[0|0],1605305,0,40,0,12,0,[0|0]
101605310,,1605,310,1,0,[0|0],1605310,0,28,0,12,0,[0|0]
101605315,,1605,315,1,0,[0|0],1605315,0,40,0,12,0,[0|0]
101606100,,1606,100,1,0,[0|0],1606100,0,26,0,1,0,[0|0]
101606105,,1606,105,1,0,[0|0],1606105,0,39,0,1,0,[0|0]
101606110,,1606,110,1,0,[0|0],1606110,0,26,0,1,0,[0|0]
101606115,,1606,115,1,0,[0|0],1606115,0,39,0,1,0,[0|0]
101606300,,1606,300,1,0,[0|0],1606300,0,30,0,12,0,[0|0]
101606305,,1606,305,1,0,[0|0],1606305,0,44,0,12,0,[0|0]
101606310,,1606,310,1,0,[0|0],1606310,0,30,0,12,0,[0|0]
101606315,,1606,315,1,0,[0|0],1606315,0,44,0,12,0,[0|0]
101611000,,1611,0,1,0,[0|0],1611000,0,14,0,1,0,[0|0]
101611010,,1611,10,1,0,[0|0],1611010,0,14,0,1,0,[0|0]
101611020,,1611,20,1,0,[0|0],1611020,0,14,0,1,0,[0|0]
101611030,,1611,30,1,0,[0|0],1611030,0,14,0,1,0,[0|0]
101611200,,1611,200,1,0,[0|0],1611200,0,17,0,12,0,[0|0]
101611210,,1611,210,1,0,[0|0],1611210,0,17,0,12,0,[0|0]
101611220,,1611,220,1,0,[0|0],1611220,0,17,0,12,0,[0|0]
101611230,,1611,230,1,0,[0|0],1611230,0,17,0,12,0,[0|0]
101611400,,1611,400,1,0,[0|0],1611400,0,14,0,2,0,[0|0]
101611410,,1611,410,1,0,[0|0],1611410,0,14,0,2,0,[0|0]
101611420,,1611,420,1,0,[0|0],1611420,0,14,0,2,0,[0|0]
101611430,,1611,430,1,0,[0|0],1611430,0,14,0,2,0,[0|0]
101612100,,1612,100,1,0,[0|0],1605100,0,24,0,1,0,[0|0]
101612105,,1612,105,1,0,[0|0],1605105,0,36,0,1,0,[0|0]
101612110,,1612,110,1,0,[0|0],1605110,0,24,0,1,0,[0|0]
101612115,,1612,115,1,0,[0|0],1605115,0,36,0,1,0,[0|0]
101612300,,1612,300,1,0,[0|0],1605300,0,28,0,12,0,[0|0]
101612305,,1612,305,1,0,[0|0],1605305,0,40,0,12,0,[0|0]
101612310,,1612,310,1,0,[0|0],1605310,0,28,0,12,0,[0|0]
101612315,,1612,315,1,0,[0|0],1605315,0,40,0,12,0,[0|0]
101699000,,1699,0,1,1,[0|0],11,0,12,0,0,0,[0|0]
101699010,,1699,10,1,1,[0|0],11,0,12,0,0,0,[0|0]
101699020,,1699,20,1,1,[0|0],11,0,12,0,0,0,[0|0]
101699030,,1699,30,1,1,[0|0],11,0,12,0,0,0,[0|0]
101699100,,1699,100,1,1,[0|0],13,0,15,0,0,0,[0|0]
101699105,,1699,105,1,1,[0|0],12,0,20,0,0,0,[0|0]
101699106,,1699,106,1,1,[0|0],14,0,0,0,0,0,[0|0]
101699110,,1699,110,1,1,[0|0],13,0,15,0,0,0,[0|0]
101699115,,1699,115,1,1,[0|0],12,0,20,0,0,0,[0|0]
101699116,,1699,116,1,1,[0|0],14,0,0,0,0,0,[0|0]
101699120,,1699,120,1,1,[0|0],11,0,12,0,0,0,[0|0]
101699125,,1699,125,1,1,[0|0],13,0,15,0,0,0,[0|0]
101699130,,1699,130,1,1,[0|0],11,0,12,0,0,0,[0|0]
101699140,,1699,140,1,1,[0|0],11,0,12,0,0,0,[0|0]
101699150,,1699,150,1,1,[0|0],11,0,22,0,0,0,[0|0]
101699155,,1699,155,1,1,[0|0],11,0,22,0,0,0,[0|0]
101699160,,1699,160,1,1,[0|0],13,0,30,0,0,0,[0|0]
101699165,,1699,165,1,1,[0|0],13,0,30,0,0,0,[0|0]
101699200,,1699,200,1,1,[0|0],11,0,12,0,0,0,[0|0]
101699210,,1699,210,1,1,[0|0],11,0,12,0,0,0,[0|0]
101699220,,1699,220,1,1,[0|0],11,0,12,0,0,0,[0|0]
101699230,,1699,230,1,1,[0|0],11,0,12,0,0,0,[0|0]
101699300,,1699,300,1,1,[0|0],13,0,15,0,0,0,[0|0]
101699305,,1699,305,1,1,[0|0],12,0,20,0,0,0,[0|0]
101699310,,1699,310,1,1,[0|0],13,0,15,0,0,0,[0|0]
101699315,,1699,315,1,1,[0|0],12,0,20,0,0,0,[0|0]
101699320,,1699,320,1,1,[0|0],11,0,12,0,0,0,[0|0]
101699325,,1699,325,1,1,[0|0],13,0,15,0,0,0,[0|0]
101699330,,1699,330,1,1,[0|0],11,0,12,0,0,0,[0|0]
101699340,,1699,340,1,1,[0|0],11,0,12,0,0,0,[0|0]
101699350,,1699,350,1,1,[0|0],11,0,22,0,0,0,[0|0]
101699355,,1699,355,1,1,[0|0],11,0,22,0,0,0,[0|0]
101699360,,1699,360,1,1,[0|0],13,0,30,0,0,0,[0|0]
101699365,,1699,365,1,1,[0|0],13,0,30,0,0,0,[0|0]
101699600,,1699,600,1,1,[0|0],11,0,0,0,0,0,[0|0]
101699605,,1699,605,1,1,[0|0],11,0,0,0,0,0,[0|0]
101699610,,1699,610,1,1,[0|0],11,0,0,0,0,0,[0|0]
101699630,,1699,630,1,1,[0|0],11,0,0,0,0,0,[0|0]
101699632,,1699,632,1,1,[0|0],13,0,0,0,0,0,[0|0]
101699635,,1699,635,1,1,[0|0],12,0,0,0,0,0,[0|0]
101699640,,1699,640,1,1,[0|0],11,0,0,0,0,0,[0|0]
101699642,,1699,642,1,1,[0|0],13,0,0,0,0,0,[0|0]
101699645,,1699,645,1,1,[0|0],12,0,0,0,0,0,[0|0]
101699650,,1699,650,1,1,[0|0],11,0,0,0,0,0,[0|0]
101699660,,1699,660,1,1,[0|0],11,0,0,0,0,0,[0|0]
101699665,,1699,665,1,1,[0|0],11,0,0,0,0,0,[0|0]
101699700,,1699,700,1,1,[0|0],11,0,0,0,0,0,[0|0]
101699705,,1699,705,1,1,[0|0],11,0,0,0,0,0,[0|0]
101699710,,1699,710,1,1,[0|0],11,0,0,0,0,0,[0|0]
101699730,,1699,730,1,1,[0|0],11,0,0,0,0,0,[0|0]
101699732,,1699,732,1,1,[0|0],13,0,0,0,0,0,[0|0]
101699735,,1699,735,1,1,[0|0],12,0,0,0,0,0,[0|0]
101699740,,1699,740,1,1,[0|0],11,0,0,0,0,0,[0|0]
101699742,,1699,742,1,1,[0|0],13,0,0,0,0,0,[0|0]
101699745,,1699,745,1,1,[0|0],12,0,0,0,0,0,[0|0]
101699750,,1699,750,1,1,[0|0],11,0,0,0,0,0,[0|0]
101699760,,1699,760,1,1,[0|0],11,0,0,0,0,0,[0|0]
101699765,,1699,765,1,1,[0|0],11,0,0,0,0,0,[0|0]
101700000,,1700,0,1,0,[0|0],1700000,0,18,0,1,0,[0|0]
101700001,,1700,1,1,0,[0|0],1700001,0,0,0,1,0,[0|0]
101700010,,1700,10,1,0,[0|0],1700010,0,18,0,1,0,[0|0]
101700020,,1700,20,1,0,[0|0],1700020,0,18,0,1,0,[0|0]
101700100,,1700,100,1,0,[0|0],1700100,0,27,0,1,0,[0|0]
101700105,,1700,105,1,0,[0|0],1700105,0,36,0,1,0,[0|0]
101700110,,1700,110,1,0,[0|0],1700110,0,27,0,1,0,[0|0]
101700115,,1700,115,1,0,[0|0],1700115,0,36,0,1,0,[0|0]
101700120,,1700,120,1,0,[0|0],1700120,0,22,0,1,0,[0|0]
101700125,,1700,125,1,0,[0|0],1700125,0,8,0,1,0,[0|0]
101700126,,1700,126,1,0,[0|0],1700126,0,8,0,1,0,[0|0]
101700127,,1700,127,1,0,[0|0],1700127,0,4,0,1,0,[0|0]
101700128,,1700,128,1,0,[0|0],1700128,0,4,0,1,0,[0|0]
101700129,,1700,129,1,0,[0|0],1700129,0,12,0,1,0,[0|0]
101700130,,1700,130,1,0,[0|0],1700130,0,14,0,1,0,[0|0]
101700140,,1700,140,1,0,[0|0],1700140,0,14,0,1,0,[0|0]
101700150,,1700,150,1,0,[0|0],1700150,0,24,0,1,0,[0|0]
101700155,,1700,155,1,0,[0|0],1700155,0,24,0,1,0,[0|0]
101700160,,1700,160,1,0,[0|0],1700160,0,37,0,1,0,[0|0]
101700165,,1700,165,1,0,[0|0],1700165,0,37,0,1,0,[0|0]
101700170,,1700,170,1,0,[0|0],1700170,0,15,0,1,0,[0|0]
101700180,,1700,180,1,0,[0|0],1700180,0,27,0,1,0,[0|0]
101700200,,1700,200,1,0,[0|0],1700200,0,21,0,12,0,[0|0]
101700210,,1700,210,1,0,[0|0],1700210,0,21,0,12,0,[0|0]
101700220,,1700,220,1,0,[0|0],1700220,0,21,0,12,0,[0|0]
101700300,,1700,300,1,0,[0|0],1700300,0,33,0,12,0,[0|0]
101700305,,1700,305,1,0,[0|0],1700305,0,45,0,12,0,[0|0]
101700310,,1700,310,1,0,[0|0],1700310,0,33,0,12,0,[0|0]
101700315,,1700,315,1,0,[0|0],1700315,0,45,0,12,0,[0|0]
101700320,,1700,320,1,0,[0|0],1700320,0,25,0,12,0,[0|0]
101700325,,1700,325,1,0,[0|0],1700325,0,8,0,12,0,[0|0]
101700326,,1700,326,1,0,[0|0],1700326,0,8,0,12,0,[0|0]
101700327,,1700,327,1,0,[0|0],1700327,0,4,0,12,0,[0|0]
101700328,,1700,328,1,0,[0|0],1700328,0,4,0,12,0,[0|0]
101700329,,1700,329,1,0,[0|0],1700329,0,18,0,12,0,[0|0]
101700330,,1700,330,1,0,[0|0],1700330,0,17,0,12,0,[0|0]
101700340,,1700,340,1,0,[0|0],1700340,0,17,0,12,0,[0|0]
101700350,,1700,350,1,0,[0|0],1700350,0,27,0,12,0,[0|0]
101700355,,1700,355,1,0,[0|0],1700355,0,27,0,12,0,[0|0]
101700360,,1700,360,1,0,[0|0],1700360,0,43,0,12,0,[0|0]
101700365,,1700,365,1,0,[0|0],1700365,0,43,0,12,0,[0|0]
101700380,,1700,380,1,0,[0|0],1700380,0,33,0,12,0,[0|0]
101700400,,1700,400,1,0,[0|0],1700400,0,18,0,2,0,[0|0]
101700410,,1700,410,1,0,[0|0],1700410,0,18,0,2,0,[0|0]
101700420,,1700,420,1,0,[0|0],1700420,0,18,0,2,0,[0|0]
101700460,,1700,460,1,0,[0|0],1700460,0,0,0,0,0,[0|0]
101700470,,1700,470,1,0,[0|0],1700470,0,0,0,0,0,[0|0]
101700480,,1700,480,1,0,[0|0],1700480,0,0,0,0,0,[0|0]
101700500,,1700,500,1,0,[0|0],1700500,0,23,0,12,0,[0|0]
101700505,,1700,505,1,0,[0|0],1700505,0,0,0,12,0,[0|0]
101700509,,1700,509,1,0,[0|0],1700509,0,18,0,12,0,[0|0]
101700510,,1700,510,1,0,[0|0],1700510,0,23,0,12,0,[0|0]
101700515,,1700,515,1,0,[0|0],1700515,0,0,0,12,0,[0|0]
101700516,,1700,516,1,0,[0|0],1700516,0,0,0,12,0,[0|0]
101700520,,1700,520,1,0,[0|0],1700520,0,0,0,12,0,[0|0]
101700530,,1700,530,1,0,[0|0],1700530,0,23,0,12,0,[0|0]
101700540,,1700,540,1,0,[0|0],1700540,0,23,0,12,0,[0|0]
101700550,,1700,550,1,0,[0|0],1700550,0,23,0,12,0,[0|0]
101700560,,1700,560,1,0,[0|0],1700560,0,10,0,12,0,[0|0]
101700561,,1700,561,1,0,[0|0],1700561,0,13,0,12,0,[0|0]
101700590,,1700,590,1,0,[0|0],1700590,0,0,0,0,0,[0|0]
101700591,,1700,591,1,0,[0|0],1700591,0,10,0,0,0,[0|0]
101700600,,1700,600,1,0,[0|0],1700600,0,18,0,12,0,[0|0]
101700605,,1700,605,1,0,[0|0],1700605,0,18,0,12,0,[0|0]
101700610,,1700,610,1,0,[0|0],1700610,0,18,0,12,0,[0|0]
101700630,,1700,630,1,0,[0|0],1700630,0,0,0,12,0,[0|0]
101700631,,1700,631,1,0,[0|0],1700631,0,0,0,12,0,[0|0]
101700632,,1700,632,1,0,[0|0],1700632,0,27,0,12,0,[0|0]
101700635,,1700,635,1,0,[0|0],1700635,0,36,0,12,0,[0|0]
101700640,,1700,640,1,0,[0|0],1700640,0,0,0,12,0,[0|0]
101700642,,1700,642,1,0,[0|0],1700642,0,27,0,12,0,[0|0]
101700645,,1700,645,1,0,[0|0],1700645,0,36,0,12,0,[0|0]
101700650,,1700,650,1,0,[0|0],1700650,0,28,0,12,0,[0|0]
101700660,,1700,660,1,0,[0|0],1700660,0,32,0,12,0,[0|0]
101700665,,1700,665,1,0,[0|0],1700665,0,32,0,12,0,[0|0]
101700700,,1700,700,1,0,[0|0],1700700,0,18,0,12,0,[0|0]
101700705,,1700,705,1,0,[0|0],1700705,0,18,0,12,0,[0|0]
101700710,,1700,710,1,0,[0|0],1700710,0,18,0,12,0,[0|0]
101700730,,1700,730,1,0,[0|0],1700730,0,0,0,12,0,[0|0]
101700731,,1700,731,1,0,[0|0],1700731,0,0,0,12,0,[0|0]
101700732,,1700,732,1,0,[0|0],1700732,0,27,0,12,0,[0|0]
101700735,,1700,735,1,0,[0|0],1700735,0,36,0,12,0,[0|0]
101700740,,1700,740,1,0,[0|0],1700740,0,0,0,12,0,[0|0]
101700742,,1700,742,1,0,[0|0],1700742,0,27,0,12,0,[0|0]
101700745,,1700,745,1,0,[0|0],1700745,0,36,0,12,0,[0|0]
101700750,,1700,750,1,0,[0|0],1700750,0,28,0,12,0,[0|0]
101700760,,1700,760,1,0,[0|0],1700760,0,32,0,12,0,[0|0]
101700765,,1700,765,1,0,[0|0],1700765,0,32,0,12,0,[0|0]
101700800,,1700,800,1,0,[0|0],1700800,0,18,0,1,0,[0|0]
101700805,,1700,805,1,0,[0|0],1700805,0,18,0,2,0,[0|0]
101700810,,1700,810,1,0,[0|0],1700810,0,18,0,1,0,[0|0]
101700815,,1700,815,1,0,[0|0],1700815,0,18,0,2,0,[0|0]
101700820,,1700,820,1,0,[0|0],1700820,0,18,0,1,0,[0|0]
101700825,,1700,825,1,0,[0|0],1700825,0,18,0,2,0,[0|0]
101700860,,1700,860,1,0,[0|0],1700860,0,8,0,1,0,[0|0]
101700861,,1700,861,1,0,[0|0],1700861,0,8,0,1,0,[0|0]
101700862,,1700,862,1,0,[0|0],1700862,0,4,0,1,0,[0|0]
101700863,,1700,863,1,0,[0|0],1700863,0,4,0,1,0,[0|0]
101700864,,1700,864,1,0,[0|0],1700864,0,12,0,1,0,[0|0]
101700865,,1700,865,1,0,[0|0],1700865,0,8,0,2,0,[0|0]
101700866,,1700,866,1,0,[0|0],1700866,0,8,0,2,0,[0|0]
101700867,,1700,867,1,0,[0|0],1700867,0,4,0,2,0,[0|0]
101700868,,1700,868,1,0,[0|0],1700868,0,4,0,2,0,[0|0]
101700869,,1700,869,1,0,[0|0],1700869,0,12,0,2,0,[0|0]
101700870,,1700,870,1,0,[0|0],1700870,0,14,0,1,0,[0|0]
101700875,,1700,875,1,0,[0|0],1700875,0,14,0,2,0,[0|0]
101700880,,1700,880,1,0,[0|0],1700880,0,14,0,1,0,[0|0]
101700885,,1700,885,1,0,[0|0],1700885,0,14,0,2,0,[0|0]
101700890,,1700,890,1,0,[0|0],1700890,0,32,0,1,0,[0|0]
101700895,,1700,895,1,0,[0|0],1700895,0,32,0,2,0,[0|0]
101702100,,1702,100,1,0,[0|0],1702100,0,27,0,1,0,[0|0]
101702105,,1702,105,1,0,[0|0],1702105,0,36,0,1,0,[0|0]
101702110,,1702,110,1,0,[0|0],1702110,0,27,0,1,0,[0|0]
101702115,,1702,115,1,0,[0|0],1702115,0,36,0,1,0,[0|0]
101702300,,1702,300,1,0,[0|0],1702300,0,33,0,12,0,[0|0]
101702305,,1702,305,1,0,[0|0],1702305,0,45,0,12,0,[0|0]
101702310,,1702,310,1,0,[0|0],1702310,0,33,0,12,0,[0|0]
101702315,,1702,315,1,0,[0|0],1702315,0,45,0,12,0,[0|0]
101703000,,1703,0,1,0,[0|0],1700000,0,18,0,1,0,[0|0]
101703001,,1703,1,1,0,[0|0],1700001,0,0,0,1,0,[0|0]
101703010,,1703,10,1,0,[0|0],1700010,0,18,0,1,0,[0|0]
101703020,,1703,20,1,0,[0|0],1700020,0,18,0,1,0,[0|0]
101703100,,1703,100,1,0,[0|0],1703100,0,27,0,1,0,[0|0]
101703105,,1703,105,1,0,[0|0],1703105,0,36,0,1,0,[0|0]
101703110,,1703,110,1,0,[0|0],1703110,0,27,0,1,0,[0|0]
101703115,,1703,115,1,0,[0|0],1703115,0,36,0,1,0,[0|0]
101703120,,1703,120,1,0,[0|0],1700120,0,22,0,1,0,[0|0]
101703125,,1703,125,1,0,[0|0],1700125,0,8,0,1,0,[0|0]
101703126,,1703,126,1,0,[0|0],1700126,0,8,0,1,0,[0|0]
101703127,,1703,127,1,0,[0|0],1700127,0,4,0,1,0,[0|0]
101703128,,1703,128,1,0,[0|0],1700128,0,4,0,1,0,[0|0]
101703129,,1703,129,1,0,[0|0],1700129,0,12,0,1,0,[0|0]
101703130,,1703,130,1,0,[0|0],1700130,0,14,0,1,0,[0|0]
101703140,,1703,140,1,0,[0|0],1700140,0,14,0,1,0,[0|0]
101703150,,1703,150,1,0,[0|0],1700150,0,24,0,1,0,[0|0]
101703155,,1703,155,1,0,[0|0],1700155,0,24,0,1,0,[0|0]
101703160,,1703,160,1,0,[0|0],1700160,0,37,0,1,0,[0|0]
101703165,,1703,165,1,0,[0|0],1700165,0,37,0,1,0,[0|0]
101703170,,1703,170,1,0,[0|0],1700170,0,15,0,1,0,[0|0]
101703180,,1703,180,1,0,[0|0],1700180,0,27,0,1,0,[0|0]
101703200,,1703,200,1,0,[0|0],1700200,0,21,0,12,0,[0|0]
101703210,,1703,210,1,0,[0|0],1700210,0,21,0,12,0,[0|0]
101703220,,1703,220,1,0,[0|0],1700220,0,21,0,12,0,[0|0]
101703300,,1703,300,1,0,[0|0],1703300,0,33,0,12,0,[0|0]
101703305,,1703,305,1,0,[0|0],1703305,0,45,0,12,0,[0|0]
101703310,,1703,310,1,0,[0|0],1703310,0,33,0,12,0,[0|0]
101703315,,1703,315,1,0,[0|0],1703315,0,45,0,12,0,[0|0]
101703320,,1703,320,1,0,[0|0],1700320,0,25,0,12,0,[0|0]
101703325,,1703,325,1,0,[0|0],1700325,0,8,0,12,0,[0|0]
101703326,,1703,326,1,0,[0|0],1700326,0,8,0,12,0,[0|0]
101703327,,1703,327,1,0,[0|0],1700327,0,4,0,12,0,[0|0]
101703328,,1703,328,1,0,[0|0],1700328,0,4,0,12,0,[0|0]
101703329,,1703,329,1,0,[0|0],1700329,0,18,0,12,0,[0|0]
101703330,,1703,330,1,0,[0|0],1700330,0,17,0,12,0,[0|0]
101703340,,1703,340,1,0,[0|0],1700340,0,17,0,12,0,[0|0]
101703350,,1703,350,1,0,[0|0],1700350,0,27,0,12,0,[0|0]
101703355,,1703,355,1,0,[0|0],1700355,0,27,0,12,0,[0|0]
101703360,,1703,360,1,0,[0|0],1700360,0,43,0,12,0,[0|0]
101703365,,1703,365,1,0,[0|0],1700365,0,43,0,12,0,[0|0]
101703380,,1703,380,1,0,[0|0],1700380,0,33,0,12,0,[0|0]
101703400,,1703,400,1,0,[0|0],1700400,0,18,0,2,0,[0|0]
101703410,,1703,410,1,0,[0|0],1700410,0,18,0,2,0,[0|0]
101703420,,1703,420,1,0,[0|0],1700420,0,18,0,2,0,[0|0]
101703460,,1703,460,1,0,[0|0],1700460,0,0,0,0,0,[0|0]
101703470,,1703,470,1,0,[0|0],1700470,0,0,0,0,0,[0|0]
101703480,,1703,480,1,0,[0|0],1700480,0,0,0,0,0,[0|0]
101703500,,1703,500,1,0,[0|0],1700500,0,0,0,12,0,[0|0]
101703505,,1703,505,1,0,[0|0],1700505,0,0,0,12,0,[0|0]
101703509,,1703,509,1,0,[0|0],1700509,0,18,0,12,0,[0|0]
101703510,,1703,510,1,0,[0|0],1700510,0,0,0,12,0,[0|0]
101703515,,1703,515,1,0,[0|0],1700515,0,0,0,12,0,[0|0]
101703516,,1703,516,1,0,[0|0],1700516,0,0,0,12,0,[0|0]
101703520,,1703,520,1,0,[0|0],1700520,0,0,0,12,0,[0|0]
101703530,,1703,530,1,0,[0|0],1700530,0,0,0,12,0,[0|0]
101703540,,1703,540,1,0,[0|0],1700540,0,0,0,12,0,[0|0]
101703550,,1703,550,1,0,[0|0],1700550,0,0,0,12,0,[0|0]
101703560,,1703,560,1,0,[0|0],1700560,0,0,0,12,0,[0|0]
101703561,,1703,561,1,0,[0|0],1700561,0,0,0,12,0,[0|0]
101703590,,1703,590,1,0,[0|0],1700590,0,0,0,0,0,[0|0]
101703591,,1703,591,1,0,[0|0],1700591,0,10,0,0,0,[0|0]
101703600,,1703,600,1,0,[0|0],1700600,0,18,0,12,0,[0|0]
101703605,,1703,605,1,0,[0|0],1700605,0,18,0,12,0,[0|0]
101703610,,1703,610,1,0,[0|0],1700610,0,18,0,12,0,[0|0]
101703630,,1703,630,1,0,[0|0],1700630,0,0,0,12,0,[0|0]
101703632,,1703,632,1,0,[0|0],1700632,0,27,0,12,0,[0|0]
101703635,,1703,635,1,0,[0|0],1700635,0,36,0,12,0,[0|0]
101703640,,1703,640,1,0,[0|0],1700640,0,0,0,12,0,[0|0]
101703642,,1703,642,1,0,[0|0],1700642,0,27,0,12,0,[0|0]
101703645,,1703,645,1,0,[0|0],1700645,0,36,0,12,0,[0|0]
101703650,,1703,650,1,0,[0|0],1700650,0,28,0,12,0,[0|0]
101703660,,1703,660,1,0,[0|0],1700660,0,32,0,12,0,[0|0]
101703665,,1703,665,1,0,[0|0],1700665,0,32,0,12,0,[0|0]
101703700,,1703,700,1,0,[0|0],1700700,0,18,0,12,0,[0|0]
101703705,,1703,705,1,0,[0|0],1700705,0,18,0,12,0,[0|0]
101703710,,1703,710,1,0,[0|0],1700710,0,18,0,12,0,[0|0]
101703730,,1703,730,1,0,[0|0],1700730,0,0,0,12,0,[0|0]
101703732,,1703,732,1,0,[0|0],1700732,0,27,0,12,0,[0|0]
101703735,,1703,735,1,0,[0|0],1700735,0,36,0,12,0,[0|0]
101703740,,1703,740,1,0,[0|0],1700740,0,0,0,12,0,[0|0]
101703742,,1703,742,1,0,[0|0],1700742,0,27,0,12,0,[0|0]
101703745,,1703,745,1,0,[0|0],1700745,0,36,0,12,0,[0|0]
101703750,,1703,750,1,0,[0|0],1700750,0,28,0,12,0,[0|0]
101703760,,1703,760,1,0,[0|0],1700760,0,32,0,12,0,[0|0]
101703765,,1703,765,1,0,[0|0],1700765,0,32,0,12,0,[0|0]
101703800,,1703,800,1,0,[0|0],1700800,0,18,0,1,0,[0|0]
101703805,,1703,805,1,0,[0|0],1700805,0,18,0,2,0,[0|0]
101703810,,1703,810,1,0,[0|0],1700810,0,18,0,1,0,[0|0]
101703815,,1703,815,1,0,[0|0],1700815,0,18,0,2,0,[0|0]
101703820,,1703,820,1,0,[0|0],1700820,0,18,0,1,0,[0|0]
101703825,,1703,825,1,0,[0|0],1700825,0,18,0,2,0,[0|0]
101703860,,1703,860,1,0,[0|0],1700860,0,8,0,1,0,[0|0]
101703861,,1703,861,1,0,[0|0],1700861,0,8,0,1,0,[0|0]
101703862,,1703,862,1,0,[0|0],1700862,0,4,0,1,0,[0|0]
101703863,,1703,863,1,0,[0|0],1700863,0,4,0,1,0,[0|0]
101703864,,1703,864,1,0,[0|0],1700864,0,12,0,1,0,[0|0]
101703865,,1703,865,1,0,[0|0],1700865,0,8,0,2,0,[0|0]
101703866,,1703,866,1,0,[0|0],1700866,0,8,0,2,0,[0|0]
101703867,,1703,867,1,0,[0|0],1700867,0,4,0,2,0,[0|0]
101703868,,1703,868,1,0,[0|0],1700868,0,4,0,2,0,[0|0]
101703869,,1703,869,1,0,[0|0],1700869,0,12,0,2,0,[0|0]
101703870,,1703,870,1,0,[0|0],1700870,0,14,0,1,0,[0|0]
101703875,,1703,875,1,0,[0|0],1700875,0,14,0,2,0,[0|0]
101703880,,1703,880,1,0,[0|0],1700880,0,14,0,1,0,[0|0]
101703885,,1703,885,1,0,[0|0],1700885,0,14,0,2,0,[0|0]
101703890,,1703,890,1,0,[0|0],1700890,0,19,0,1,0,[0|0]
101703895,,1703,895,1,0,[0|0],1700895,0,19,0,2,0,[0|0]
101705100,,1705,100,1,0,[0|0],1702100,0,27,0,1,0,[0|0]
101705105,,1705,105,1,0,[0|0],1702105,0,36,0,1,0,[0|0]
101705110,,1705,110,1,0,[0|0],1702110,0,27,0,1,0,[0|0]
101705115,,1705,115,1,0,[0|0],1702115,0,36,0,1,0,[0|0]
101705300,,1705,300,1,0,[0|0],1702300,0,33,0,12,0,[0|0]
101705305,,1705,305,1,0,[0|0],1702305,0,45,0,12,0,[0|0]
101705310,,1705,310,1,0,[0|0],1702310,0,33,0,12,0,[0|0]
101705315,,1705,315,1,0,[0|0],1702315,0,45,0,12,0,[0|0]
101707100,,1707,100,1,0,[0|0],1707100,0,27,0,1,0,[0|0]
101707105,,1707,105,1,0,[0|0],1707105,0,10,0,1,0,[0|0]
101707106,,1707,106,1,0,[0|0],1707106,0,30,0,1,0,[0|0]
101707110,,1707,110,1,0,[0|0],1707110,0,27,0,1,0,[0|0]
101707115,,1707,115,1,0,[0|0],1707115,0,10,0,1,0,[0|0]
101707116,,1707,116,1,0,[0|0],1707116,0,30,0,1,0,[0|0]
101707300,,1707,300,1,0,[0|0],1707300,0,33,0,12,0,[0|0]
101707305,,1707,305,1,0,[0|0],1707305,0,13,0,12,0,[0|0]
101707306,,1707,306,1,0,[0|0],1707306,0,37,0,12,0,[0|0]
101707310,,1707,310,1,0,[0|0],1707310,0,33,0,12,0,[0|0]
101707315,,1707,315,1,0,[0|0],1707315,0,13,0,12,0,[0|0]
101707316,,1707,316,1,0,[0|0],1707316,0,37,0,12,0,[0|0]
101800000,,1800,0,1,0,[0|0],1800000,0,15,0,1,0,[0|0]
101800010,,1800,10,1,0,[0|0],1800010,0,15,0,1,0,[0|0]
101800020,,1800,20,1,0,[0|0],1800020,0,15,0,1,0,[0|0]
101800030,,1800,30,1,0,[0|0],1800030,0,15,0,1,0,[0|0]
101800100,,1800,100,1,0,[0|0],1800100,0,25,0,1,0,[0|0]
101800105,,1800,105,1,0,[0|0],1800105,0,35,0,1,0,[0|0]
101800110,,1800,110,1,0,[0|0],1800110,0,25,0,1,0,[0|0]
101800115,,1800,115,1,0,[0|0],1800115,0,35,0,1,0,[0|0]
101800120,,1800,120,1,0,[0|0],1800120,0,18,0,1,0,[0|0]
101800121,,1800,121,1,0,[0|0],1800121,0,0,0,1,0,[0|0]
101800125,,1800,125,1,0,[0|0],1800125,0,25,0,1,0,[0|0]
101800130,,1800,130,1,0,[0|0],1800130,0,12,0,1,0,[0|0]
101800140,,1800,140,1,0,[0|0],1800140,0,12,0,1,0,[0|0]
101800141,,1800,141,1,0,[0|0],1800141,0,0,0,1,0,[0|0]
101800150,,1800,150,1,0,[0|0],1800150,0,22,0,1,0,[0|0]
101800155,,1800,155,1,0,[0|0],1800155,0,22,0,1,0,[0|0]
101800160,,1800,160,1,0,[0|0],1800160,0,35,0,1,0,[0|0]
101800165,,1800,165,1,0,[0|0],1800165,0,35,0,1,0,[0|0]
101800170,,1800,170,1,0,[0|0],1800170,0,12,0,1,0,[0|0]
101800180,,1800,180,1,0,[0|0],1800180,0,25,0,1,0,[0|0]
101800200,,1800,200,1,0,[0|0],1800200,0,18,0,12,0,[0|0]
101800210,,1800,210,1,0,[0|0],1800210,0,18,0,12,0,[0|0]
101800220,,1800,220,1,0,[0|0],1800220,0,18,0,12,0,[0|0]
101800230,,1800,230,1,0,[0|0],1800230,0,18,0,12,0,[0|0]
101800300,,1800,300,1,0,[0|0],1800300,0,30,0,12,0,[0|0]
101800303,,1800,303,1,0,[0|0],1800303,0,0,0,12,0,[0|0]
101800305,,1800,305,1,0,[0|0],1800305,0,20,0,12,0,[0|0]
101800308,,1800,308,1,0,[0|0],1800308,0,20,0,12,0,[0|0]
101800310,,1800,310,1,0,[0|0],1800310,0,30,0,12,0,[0|0]
101800313,,1800,313,1,0,[0|0],1800313,0,0,0,12,0,[0|0]
101800315,,1800,315,1,0,[0|0],1800315,0,20,0,12,0,[0|0]
101800318,,1800,318,1,0,[0|0],1800318,0,20,0,12,0,[0|0]
101800320,,1800,320,1,0,[0|0],1800320,0,23,0,12,0,[0|0]
101800321,,1800,321,1,0,[0|0],1800321,0,0,0,12,0,[0|0]
101800325,,1800,325,1,0,[0|0],1800325,0,30,0,12,0,[0|0]
101800330,,1800,330,1,0,[0|0],1800330,0,15,0,12,0,[0|0]
101800340,,1800,340,1,0,[0|0],1800340,0,15,0,12,0,[0|0]
101800341,,1800,341,1,0,[0|0],1800341,0,0,0,12,0,[0|0]
101800350,,1800,350,1,0,[0|0],1800350,0,25,0,12,0,[0|0]
101800355,,1800,355,1,0,[0|0],1800355,0,25,0,12,0,[0|0]
101800360,,1800,360,1,0,[0|0],1800360,0,40,0,12,0,[0|0]
101800365,,1800,365,1,0,[0|0],1800365,0,40,0,12,0,[0|0]
101800380,,1800,380,1,0,[0|0],1800380,0,30,0,12,0,[0|0]
101800400,,1800,400,1,0,[0|0],1800400,0,15,0,2,0,[0|0]
101800410,,1800,410,1,0,[0|0],1800410,0,15,0,2,0,[0|0]
101800420,,1800,420,1,0,[0|0],1800420,0,15,0,2,0,[0|0]
101800430,,1800,430,1,0,[0|0],1800430,0,15,0,2,0,[0|0]
101800460,,1800,460,1,0,[0|0],1800460,0,0,0,0,0,[0|0]
101800470,,1800,470,1,0,[0|0],1800470,0,0,0,0,0,[0|0]
101800480,,1800,480,1,0,[0|0],1800480,0,0,0,0,0,[0|0]
101800500,,1800,500,1,0,[0|0],1800500,0,20,0,12,0,[0|0]
101800505,,1800,505,1,0,[0|0],1800505,0,0,0,1,0,[0|0]
101800509,,1800,509,1,0,[0|0],1800509,0,15,0,12,0,[0|0]
101800510,,1800,510,1,0,[0|0],1800510,0,20,0,12,0,[0|0]
101800515,,1800,515,1,0,[0|0],1800515,0,0,0,1,0,[0|0]
101800516,,1800,516,1,0,[0|0],1800516,0,0,0,1,0,[0|0]
101800520,,1800,520,1,0,[0|0],1800520,0,0,0,1,0,[0|0]
101800530,,1800,530,1,0,[0|0],1800530,0,20,0,12,0,[0|0]
101800540,,1800,540,1,0,[0|0],1800540,0,20,0,12,0,[0|0]
101800550,,1800,550,1,0,[0|0],1800550,0,20,0,12,0,[0|0]
101800560,,1800,560,1,0,[0|0],1800560,0,10,0,12,0,[0|0]
101800561,,1800,561,1,0,[0|0],1800561,0,10,0,12,0,[0|0]
101800590,,1800,590,1,0,[0|0],1800590,0,0,0,12,0,[0|0]
101800591,,1800,591,1,0,[0|0],1800591,0,10,0,0,0,[0|0]
101800600,,1800,600,1,0,[0|0],1800600,0,15,0,12,0,[0|0]
101800605,,1800,605,1,0,[0|0],1800605,0,15,0,12,0,[0|0]
101800610,,1800,610,1,0,[0|0],1800610,0,15,0,12,0,[0|0]
101800630,,1800,630,1,0,[0|0],1800630,0,0,0,12,0,[0|0]
101800632,,1800,632,1,0,[0|0],1800632,0,25,0,12,0,[0|0]
101800635,,1800,635,1,0,[0|0],1800635,0,20,0,12,0,[0|0]
101800638,,1800,638,1,0,[0|0],1800638,0,20,0,12,0,[0|0]
101800650,,1800,650,1,0,[0|0],1800650,0,25,0,12,0,[0|0]
101800660,,1800,660,1,0,[0|0],1800660,0,35,0,12,0,[0|0]
101800700,,1800,700,1,0,[0|0],1800700,0,15,0,12,0,[0|0]
101800705,,1800,705,1,0,[0|0],1800705,0,15,0,12,0,[0|0]
101800710,,1800,710,1,0,[0|0],1800710,0,15,0,12,0,[0|0]
101800730,,1800,730,1,0,[0|0],1800730,0,0,0,12,0,[0|0]
101800732,,1800,732,1,0,[0|0],1800732,0,25,0,12,0,[0|0]
101800735,,1800,735,1,0,[0|0],1800735,0,20,0,12,0,[0|0]
101800738,,1800,738,1,0,[0|0],1800738,0,20,0,12,0,[0|0]
101800750,,1800,750,1,0,[0|0],1800750,0,25,0,12,0,[0|0]
101800760,,1800,760,1,0,[0|0],1800760,0,35,0,12,0,[0|0]
101800800,,1800,800,1,0,[0|0],1800800,0,15,0,1,0,[0|0]
101800805,,1800,805,1,0,[0|0],1800805,0,15,0,2,0,[0|0]
101800810,,1800,810,1,0,[0|0],1800810,0,15,0,1,0,[0|0]
101800815,,1800,815,1,0,[0|0],1800815,0,15,0,2,0,[0|0]
101800820,,1800,820,1,0,[0|0],1800820,0,15,0,1,0,[0|0]
101800825,,1800,825,1,0,[0|0],1800825,0,15,0,2,0,[0|0]
101800860,,1800,860,1,0,[0|0],1800860,0,18,0,1,0,[0|0]
101800865,,1800,865,1,0,[0|0],1800865,0,18,0,2,0,[0|0]
101800870,,1800,870,1,0,[0|0],1800870,0,12,0,1,0,[0|0]
101800875,,1800,875,1,0,[0|0],1800875,0,12,0,2,0,[0|0]
101800880,,1800,880,1,0,[0|0],1800880,0,12,0,1,0,[0|0]
101800885,,1800,885,1,0,[0|0],1800885,0,12,0,2,0,[0|0]
101800890,,1800,890,1,0,[0|0],1800890,0,17,0,1,0,[0|0]
101800895,,1800,895,1,0,[0|0],1800895,0,17,0,2,0,[0|0]
101800900,,1800,900,1,0,[0|0],1800900,0,25,0,1,0,[0|0]
101800905,,1800,905,1,0,[0|0],1800905,0,35,0,1,0,[0|0]
101800910,,1800,910,1,0,[0|0],1800910,0,25,0,1,0,[0|0]
101800915,,1800,915,1,0,[0|0],1800915,0,35,0,1,0,[0|0]
101800916,,1800,916,1,0,[0|0],1800916,0,35,0,1,0,[0|0]
101801000,,1801,0,1,0,[0|0],1801000,0,15,0,1,0,[0|0]
101801010,,1801,10,1,0,[0|0],1801010,0,15,0,1,0,[0|0]
101801020,,1801,20,1,0,[0|0],1801020,0,15,0,1,0,[0|0]
101801030,,1801,30,1,0,[0|0],1801030,0,15,0,1,0,[0|0]
101801200,,1801,200,1,0,[0|0],1801200,0,18,0,12,0,[0|0]
101801210,,1801,210,1,0,[0|0],1801210,0,18,0,12,0,[0|0]
101801220,,1801,220,1,0,[0|0],1801220,0,18,0,12,0,[0|0]
101801230,,1801,230,1,0,[0|0],1801230,0,18,0,12,0,[0|0]
101801400,,1801,400,1,0,[0|0],1801400,0,15,0,2,0,[0|0]
101801410,,1801,410,1,0,[0|0],1801410,0,15,0,2,0,[0|0]
101801420,,1801,420,1,0,[0|0],1801420,0,15,0,2,0,[0|0]
101801430,,1801,430,1,0,[0|0],1801430,0,15,0,2,0,[0|0]
101802100,,1802,100,1,0,[0|0],1802100,0,25,0,1,0,[0|0]
101802105,,1802,105,1,0,[0|0],1802105,0,35,0,1,0,[0|0]
101802110,,1802,110,1,0,[0|0],1802110,0,25,0,1,0,[0|0]
101802115,,1802,115,1,0,[0|0],1802115,0,35,0,1,0,[0|0]
101802300,,1802,300,1,0,[0|0],1802300,0,30,0,12,0,[0|0]
101802305,,1802,305,1,0,[0|0],1802305,0,40,0,12,0,[0|0]
101802310,,1802,310,1,0,[0|0],1802310,0,30,0,12,0,[0|0]
101802315,,1802,315,1,0,[0|0],1802315,0,40,0,12,0,[0|0]
101802600,,1802,600,1,0,[0|0],1802600,0,15,0,12,0,[0|0]
101802605,,1802,605,1,0,[0|0],1802605,0,15,0,12,0,[0|0]
101802610,,1802,610,1,0,[0|0],1802610,0,15,0,12,0,[0|0]
101802630,,1802,630,1,0,[0|0],1802630,0,0,0,12,0,[0|0]
101802632,,1802,632,1,0,[0|0],1802632,0,25,0,12,0,[0|0]
101802635,,1802,635,1,0,[0|0],1802635,0,20,0,12,0,[0|0]
101802638,,1802,638,1,0,[0|0],1802638,0,20,0,12,0,[0|0]
101802650,,1802,650,1,0,[0|0],1802650,0,25,0,12,0,[0|0]
101802660,,1802,660,1,0,[0|0],1802660,0,35,0,12,0,[0|0]
101802700,,1802,700,1,0,[0|0],1802700,0,15,0,12,0,[0|0]
101802705,,1802,705,1,0,[0|0],1802705,0,15,0,12,0,[0|0]
101802710,,1802,710,1,0,[0|0],1802710,0,15,0,12,0,[0|0]
101802730,,1802,730,1,0,[0|0],1802730,0,0,0,12,0,[0|0]
101802732,,1802,732,1,0,[0|0],1802732,0,25,0,12,0,[0|0]
101802735,,1802,735,1,0,[0|0],1802735,0,20,0,12,0,[0|0]
101802738,,1802,738,1,0,[0|0],1802738,0,20,0,12,0,[0|0]
101802750,,1802,750,1,0,[0|0],1802750,0,25,0,12,0,[0|0]
101802760,,1802,760,1,0,[0|0],1802760,0,35,0,12,0,[0|0]
101804000,,1804,0,1,0,[0|0],1801000,0,15,0,1,0,[0|0]
101804010,,1804,10,1,0,[0|0],1801010,0,15,0,1,0,[0|0]
101804020,,1804,20,1,0,[0|0],1801020,0,15,0,1,0,[0|0]
101804030,,1804,30,1,0,[0|0],1801030,0,15,0,1,0,[0|0]
101804200,,1804,200,1,0,[0|0],1801200,0,18,0,12,0,[0|0]
101804210,,1804,210,1,0,[0|0],1801210,0,18,0,12,0,[0|0]
101804220,,1804,220,1,0,[0|0],1801220,0,18,0,12,0,[0|0]
101804230,,1804,230,1,0,[0|0],1801230,0,18,0,12,0,[0|0]
101804400,,1804,400,1,0,[0|0],1801400,0,15,0,2,0,[0|0]
101804410,,1804,410,1,0,[0|0],1801410,0,15,0,2,0,[0|0]
101804420,,1804,420,1,0,[0|0],1801420,0,15,0,2,0,[0|0]
101804430,,1804,430,1,0,[0|0],1801430,0,15,0,2,0,[0|0]
101809000,,1809,0,1,0,[0|0],1809000,0,13,0,1,0,[0|0]
101809010,,1809,10,1,0,[0|0],1809010,0,13,0,1,0,[0|0]
101809020,,1809,20,1,0,[0|0],1809020,0,13,0,1,0,[0|0]
101809030,,1809,30,1,0,[0|0],1809030,0,13,0,1,0,[0|0]
101809200,,1809,200,1,0,[0|0],1809200,0,16,0,12,0,[0|0]
101809210,,1809,210,1,0,[0|0],1809210,0,16,0,12,0,[0|0]
101809220,,1809,220,1,0,[0|0],1809220,0,16,0,12,0,[0|0]
101809230,,1809,230,1,0,[0|0],1809230,0,16,0,12,0,[0|0]
101809400,,1809,400,1,0,[0|0],1809400,0,13,0,2,0,[0|0]
101809410,,1809,410,1,0,[0|0],1809410,0,13,0,2,0,[0|0]
101809420,,1809,420,1,0,[0|0],1809420,0,13,0,2,0,[0|0]
101809430,,1809,430,1,0,[0|0],1809430,0,13,0,2,0,[0|0]
101810000,,1810,0,1,0,[0|0],1809000,0,13,0,1,0,[0|0]
101810010,,1810,10,1,0,[0|0],1809010,0,13,0,1,0,[0|0]
101810020,,1810,20,1,0,[0|0],1809020,0,13,0,1,0,[0|0]
101810030,,1810,30,1,0,[0|0],1809030,0,13,0,1,0,[0|0]
101810200,,1810,200,1,0,[0|0],1809200,0,16,0,12,0,[0|0]
101810210,,1810,210,1,0,[0|0],1809210,0,16,0,12,0,[0|0]
101810220,,1810,220,1,0,[0|0],1809220,0,16,0,12,0,[0|0]
101810230,,1810,230,1,0,[0|0],1809230,0,16,0,12,0,[0|0]
101810400,,1810,400,1,0,[0|0],1809400,0,13,0,2,0,[0|0]
101810410,,1810,410,1,0,[0|0],1809410,0,13,0,2,0,[0|0]
101810420,,1810,420,1,0,[0|0],1809420,0,13,0,2,0,[0|0]
101810430,,1810,430,1,0,[0|0],1809430,0,13,0,2,0,[0|0]
101811000,,1811,0,1,0,[0|0],1801000,0,15,0,1,0,[0|0]
101811010,,1811,10,1,0,[0|0],1801010,0,15,0,1,0,[0|0]
101811020,,1811,20,1,0,[0|0],1801020,0,15,0,1,0,[0|0]
101811030,,1811,30,1,0,[0|0],1801030,0,15,0,1,0,[0|0]
101811200,,1811,200,1,0,[0|0],1801200,0,18,0,12,0,[0|0]
101811210,,1811,210,1,0,[0|0],1801210,0,18,0,12,0,[0|0]
101811220,,1811,220,1,0,[0|0],1801220,0,18,0,12,0,[0|0]
101811230,,1811,230,1,0,[0|0],1801230,0,18,0,12,0,[0|0]
101811400,,1811,400,1,0,[0|0],1801400,0,15,0,2,0,[0|0]
101811410,,1811,410,1,0,[0|0],1801410,0,15,0,2,0,[0|0]
101811420,,1811,420,1,0,[0|0],1801420,0,15,0,2,0,[0|0]
101811430,,1811,430,1,0,[0|0],1801430,0,15,0,2,0,[0|0]
101812000,,1812,0,1,0,[0|0],1809000,0,13,0,1,0,[0|0]
101812010,,1812,10,1,0,[0|0],1809010,0,13,0,1,0,[0|0]
101812020,,1812,20,1,0,[0|0],1809020,0,13,0,1,0,[0|0]
101812030,,1812,30,1,0,[0|0],1809030,0,13,0,1,0,[0|0]
101812200,,1812,200,1,0,[0|0],1809200,0,16,0,12,0,[0|0]
101812210,,1812,210,1,0,[0|0],1809210,0,16,0,12,0,[0|0]
101812220,,1812,220,1,0,[0|0],1809220,0,16,0,12,0,[0|0]
101812230,,1812,230,1,0,[0|0],1809230,0,16,0,12,0,[0|0]
101812400,,1812,400,1,0,[0|0],1809400,0,13,0,2,0,[0|0]
101812410,,1812,410,1,0,[0|0],1809410,0,13,0,2,0,[0|0]
101812420,,1812,420,1,0,[0|0],1809420,0,13,0,2,0,[0|0]
101812430,,1812,430,1,0,[0|0],1809430,0,13,0,2,0,[0|0]
101850000,,1850,0,1,0,[0|0],1850000,0,15,0,1,0,[0|0]
101850010,,1850,10,1,0,[0|0],1850010,0,15,0,1,0,[0|0]
101850020,,1850,20,1,0,[0|0],1850020,0,15,0,1,0,[0|0]
101850030,,1850,30,1,0,[0|0],1850030,0,15,0,1,0,[0|0]
101850100,,1850,100,1,0,[0|0],1850100,0,25,0,1,0,[0|0]
101850105,,1850,105,1,0,[0|0],1850105,0,35,0,1,0,[0|0]
101850110,,1850,110,1,0,[0|0],1850110,0,25,0,1,0,[0|0]
101850115,,1850,115,1,0,[0|0],1850115,0,35,0,1,0,[0|0]
101850120,,1850,120,1,0,[0|0],1850120,0,18,0,1,0,[0|0]
101850125,,1850,125,1,0,[0|0],1850125,0,25,0,1,0,[0|0]
101850130,,1850,130,1,0,[0|0],1850130,0,12,0,1,0,[0|0]
101850140,,1850,140,1,0,[0|0],1850140,0,12,0,1,0,[0|0]
101850170,,1850,170,1,0,[0|0],1850170,0,12,0,1,0,[0|0]
101850180,,1850,180,1,0,[0|0],1850180,0,25,0,1,0,[0|0]
101850185,,1850,185,1,0,[0|0],1850185,0,5,0,1,0,[0|0]
101850186,,1850,186,1,0,[0|0],1850186,0,25,0,1,0,[0|0]
101850200,,1850,200,1,0,[0|0],1850200,0,18,0,12,0,[0|0]
101850210,,1850,210,1,0,[0|0],1850210,0,18,0,12,0,[0|0]
101850220,,1850,220,1,0,[0|0],1850220,0,18,0,12,0,[0|0]
101850230,,1850,230,1,0,[0|0],1850230,0,18,0,12,0,[0|0]
101850300,,1850,300,1,0,[0|0],1850300,0,30,0,12,0,[0|0]
101850305,,1850,305,1,0,[0|0],1850305,0,20,0,12,0,[0|0]
101850308,,1850,308,1,0,[0|0],1850308,0,20,0,12,0,[0|0]
101850310,,1850,310,1,0,[0|0],1850310,0,30,0,12,0,[0|0]
101850315,,1850,315,1,0,[0|0],1850315,0,20,0,12,0,[0|0]
101850318,,1850,318,1,0,[0|0],1850318,0,20,0,12,0,[0|0]
101850320,,1850,320,1,0,[0|0],1850320,0,33,0,12,0,[0|0]
101850325,,1850,325,1,0,[0|0],1850325,0,20,0,12,0,[0|0]
101850328,,1850,328,1,0,[0|0],1850328,0,20,0,12,0,[0|0]
101850330,,1850,330,1,0,[0|0],1850330,0,15,0,12,0,[0|0]
101850340,,1850,340,1,0,[0|0],1850340,0,15,0,12,0,[0|0]
101850380,,1850,380,1,0,[0|0],1850380,0,30,0,12,0,[0|0]
101850385,,1850,385,1,0,[0|0],1850385,0,5,0,12,0,[0|0]
101850386,,1850,386,1,0,[0|0],1850386,0,25,0,12,0,[0|0]
101850400,,1850,400,1,0,[0|0],1850400,0,15,0,2,0,[0|0]
101850410,,1850,410,1,0,[0|0],1850410,0,15,0,2,0,[0|0]
101850420,,1850,420,1,0,[0|0],1850420,0,15,0,2,0,[0|0]
101850430,,1850,430,1,0,[0|0],1850430,0,15,0,2,0,[0|0]
101850500,,1850,500,1,0,[0|0],1850500,0,20,0,12,0,[0|0]
101850509,,1850,509,1,0,[0|0],1850509,0,15,0,12,0,[0|0]
101850510,,1850,510,1,0,[0|0],1850510,0,20,0,12,0,[0|0]
101850530,,1850,530,1,0,[0|0],1850530,0,20,0,12,0,[0|0]
101850550,,1850,550,1,0,[0|0],1850550,0,20,0,12,0,[0|0]
101850560,,1850,560,1,0,[0|0],1850560,0,10,0,12,0,[0|0]
101850561,,1850,561,1,0,[0|0],1850561,0,10,0,12,0,[0|0]
101850590,,1850,590,1,0,[0|0],1850590,0,0,0,12,0,[0|0]
101900000,,1900,0,1,0,[0|0],1900000,0,15,0,1,0,[0|0]
101900010,,1900,10,1,0,[0|0],1900010,0,15,0,1,0,[0|0]
101900020,,1900,20,1,0,[0|0],1900020,0,15,0,1,0,[0|0]
101900030,,1900,30,1,0,[0|0],1900030,0,15,0,1,0,[0|0]
101900100,,1900,100,1,0,[0|0],1900100,0,25,0,1,0,[0|0]
101900105,,1900,105,1,0,[0|0],1900105,0,35,0,1,0,[0|0]
101900110,,1900,110,1,0,[0|0],1900110,0,25,0,1,0,[0|0]
101900115,,1900,115,1,0,[0|0],1900115,0,35,0,1,0,[0|0]
101900120,,1900,120,1,0,[0|0],1900120,0,18,0,1,0,[0|0]
101900125,,1900,125,1,0,[0|0],1900125,0,25,0,1,0,[0|0]
101900130,,1900,130,1,0,[0|0],1900130,0,12,0,1,0,[0|0]
101900140,,1900,140,1,0,[0|0],1900140,0,12,0,1,0,[0|0]
101900150,,1900,150,1,0,[0|0],1900150,0,22,0,1,0,[0|0]
101900155,,1900,155,1,0,[0|0],1900155,0,22,0,1,0,[0|0]
101900160,,1900,160,1,0,[0|0],1900160,0,35,0,1,0,[0|0]
101900165,,1900,165,1,0,[0|0],1900165,0,35,0,1,0,[0|0]
101900180,,1900,180,1,0,[0|0],1900180,0,25,0,1,0,[0|0]
101900200,,1900,200,1,0,[0|0],1900200,0,18,0,12,0,[0|0]
101900210,,1900,210,1,0,[0|0],1900210,0,18,0,12,0,[0|0]
101900220,,1900,220,1,0,[0|0],1900220,0,18,0,12,0,[0|0]
101900230,,1900,230,1,0,[0|0],1900230,0,18,0,12,0,[0|0]
101900300,,1900,300,1,0,[0|0],1900300,0,30,0,12,0,[0|0]
101900305,,1900,305,1,0,[0|0],1900305,0,40,0,12,0,[0|0]
101900310,,1900,310,1,0,[0|0],1900310,0,30,0,12,0,[0|0]
101900315,,1900,315,1,0,[0|0],1900315,0,40,0,12,0,[0|0]
101900320,,1900,320,1,0,[0|0],1900320,0,22,0,12,0,[0|0]
101900325,,1900,325,1,0,[0|0],1900325,0,30,0,12,0,[0|0]
101900330,,1900,330,1,0,[0|0],1900330,0,15,0,12,0,[0|0]
101900340,,1900,340,1,0,[0|0],1900340,0,15,0,12,0,[0|0]
101900350,,1900,350,1,0,[0|0],1900350,0,25,0,12,0,[0|0]
101900355,,1900,355,1,0,[0|0],1900355,0,25,0,12,0,[0|0]
101900360,,1900,360,1,0,[0|0],1900360,0,40,0,12,0,[0|0]
101900365,,1900,365,1,0,[0|0],1900365,0,40,0,12,0,[0|0]
101900380,,1900,380,1,0,[0|0],1900380,0,30,0,12,0,[0|0]
101900400,,1900,400,1,0,[0|0],1900400,0,15,0,2,0,[0|0]
101900410,,1900,410,1,0,[0|0],1900410,0,15,0,2,0,[0|0]
101900420,,1900,420,1,0,[0|0],1900420,0,15,0,2,0,[0|0]
101900430,,1900,430,1,0,[0|0],1900430,0,15,0,2,0,[0|0]
101900460,,1900,460,1,0,[0|0],1900460,0,0,0,0,0,[0|0]
101900470,,1900,470,1,0,[0|0],1900470,0,0,0,0,0,[0|0]
101900480,,1900,480,1,0,[0|0],1900480,0,0,0,0,0,[0|0]
101900500,,1900,500,1,0,[0|0],1900500,0,20,0,12,0,[0|0]
101900505,,1900,505,1,0,[0|0],1900505,0,0,0,1,0,[0|0]
101900509,,1900,509,1,0,[0|0],1900509,0,15,0,12,0,[0|0]
101900510,,1900,510,1,0,[0|0],1900510,0,20,0,12,0,[0|0]
101900515,,1900,515,1,0,[0|0],1900515,0,0,0,1,0,[0|0]
101900516,,1900,516,1,0,[0|0],1900516,0,0,0,1,0,[0|0]
101900520,,1900,520,1,0,[0|0],1900520,0,0,0,1,0,[0|0]
101900530,,1900,530,1,0,[0|0],1900530,0,10,0,12,0,[0|0]
101900531,,1900,531,1,0,[0|0],1900531,0,10,0,12,0,[0|0]
101900540,,1900,540,1,0,[0|0],1900540,0,0,0,1,0,[0|0]
101900550,,1900,550,1,0,[0|0],1900550,0,20,0,12,0,[0|0]
101900560,,1900,560,1,0,[0|0],1900560,0,10,0,12,0,[0|0]
101900561,,1900,561,1,0,[0|0],1900561,0,10,0,12,0,[0|0]
101900590,,1900,590,1,0,[0|0],1900590,0,0,0,12,0,[0|0]
101900591,,1900,591,1,0,[0|0],1900591,0,10,0,0,0,[0|0]
101900600,,1900,600,1,0,[0|0],1900600,0,15,0,12,0,[0|0]
101900605,,1900,605,1,0,[0|0],1900605,0,15,0,12,0,[0|0]
101900610,,1900,610,1,0,[0|0],1900610,0,15,0,12,0,[0|0]
101900630,,1900,630,1,0,[0|0],1900630,0,0,0,12,0,[0|0]
101900632,,1900,632,1,0,[0|0],1900632,0,25,0,12,0,[0|0]
101900635,,1900,635,1,0,[0|0],1900635,0,35,0,12,0,[0|0]
101900640,,1900,640,1,0,[0|0],1900640,0,0,0,12,0,[0|0]
101900642,,1900,642,1,0,[0|0],1900642,0,25,0,12,0,[0|0]
101900645,,1900,645,1,0,[0|0],1900645,0,35,0,12,0,[0|0]
101900650,,1900,650,1,0,[0|0],1900650,0,25,0,12,0,[0|0]
101900660,,1900,660,1,0,[0|0],1900660,0,30,0,12,0,[0|0]
101900665,,1900,665,1,0,[0|0],1900665,0,30,0,12,0,[0|0]
101900700,,1900,700,1,0,[0|0],1900700,0,15,0,12,0,[0|0]
101900705,,1900,705,1,0,[0|0],1900705,0,15,0,12,0,[0|0]
101900710,,1900,710,1,0,[0|0],1900710,0,15,0,12,0,[0|0]
101900730,,1900,730,1,0,[0|0],1900730,0,0,0,12,0,[0|0]
101900732,,1900,732,1,0,[0|0],1900732,0,25,0,12,0,[0|0]
101900735,,1900,735,1,0,[0|0],1900735,0,35,0,12,0,[0|0]
101900740,,1900,740,1,0,[0|0],1900740,0,0,0,12,0,[0|0]
101900742,,1900,742,1,0,[0|0],1900742,0,25,0,12,0,[0|0]
101900745,,1900,745,1,0,[0|0],1900745,0,35,0,12,0,[0|0]
101900750,,1900,750,1,0,[0|0],1900750,0,25,0,12,0,[0|0]
101900760,,1900,760,1,0,[0|0],1900760,0,30,0,12,0,[0|0]
101900765,,1900,765,1,0,[0|0],1900765,0,30,0,12,0,[0|0]
101900800,,1900,800,1,0,[0|0],1900800,0,15,0,1,0,[0|0]
101900805,,1900,805,1,0,[0|0],1900805,0,15,0,2,0,[0|0]
101900810,,1900,810,1,0,[0|0],1900810,0,15,0,1,0,[0|0]
101900815,,1900,815,1,0,[0|0],1900815,0,15,0,2,0,[0|0]
101900820,,1900,820,1,0,[0|0],1900820,0,15,0,1,0,[0|0]
101900825,,1900,825,1,0,[0|0],1900825,0,15,0,2,0,[0|0]
101900860,,1900,860,1,0,[0|0],1900860,0,18,0,1,0,[0|0]
101900865,,1900,865,1,0,[0|0],1900865,0,18,0,2,0,[0|0]
101900870,,1900,870,1,0,[0|0],1900870,0,12,0,1,0,[0|0]
101900875,,1900,875,1,0,[0|0],1900875,0,12,0,2,0,[0|0]
101900880,,1900,880,1,0,[0|0],1900880,0,12,0,1,0,[0|0]
101900885,,1900,885,1,0,[0|0],1900885,0,12,0,2,0,[0|0]
101900890,,1900,890,1,0,[0|0],1900890,0,17,0,1,0,[0|0]
101900895,,1900,895,1,0,[0|0],1900895,0,17,0,2,0,[0|0]
101901100,,1901,100,1,0,[0|0],1901100,0,25,0,1,0,[0|0]
101901105,,1901,105,1,0,[0|0],1901105,0,15,0,1,0,[0|0]
101901106,,1901,106,1,0,[0|0],1901106,0,20,0,1,0,[0|0]
101901110,,1901,110,1,0,[0|0],1901110,0,25,0,1,0,[0|0]
101901115,,1901,115,1,0,[0|0],1901115,0,15,0,1,0,[0|0]
101901116,,1901,116,1,0,[0|0],1901116,0,20,0,1,0,[0|0]
101901300,,1901,300,1,0,[0|0],1901300,0,30,0,12,0,[0|0]
101901305,,1901,305,1,0,[0|0],1901305,0,20,0,12,0,[0|0]
101901306,,1901,306,1,0,[0|0],1901306,0,20,0,12,0,[0|0]
101901310,,1901,310,1,0,[0|0],1901310,0,30,0,12,0,[0|0]
101901315,,1901,315,1,0,[0|0],1901315,0,20,0,12,0,[0|0]
101901316,,1901,316,1,0,[0|0],1901316,0,20,0,12,0,[0|0]
102000000,,2000,0,1,0,[0|0],2000000,0,15,0,1,0,[0|0]
102000010,,2000,10,1,0,[0|0],2000010,0,15,0,1,0,[0|0]
102000020,,2000,20,1,0,[0|0],2000020,0,15,0,1,0,[0|0]
102000030,,2000,30,1,0,[0|0],2000030,0,15,0,1,0,[0|0]
102000100,,2000,100,1,0,[0|0],2000100,0,25,0,1,0,[0|0]
102000105,,2000,105,1,0,[0|0],2000105,0,35,0,1,0,[0|0]
102000110,,2000,110,1,0,[0|0],2000110,0,25,0,1,0,[0|0]
102000115,,2000,115,1,0,[0|0],2000115,0,35,0,1,0,[0|0]
102000120,,2000,120,1,0,[0|0],2000120,0,18,0,1,0,[0|0]
102000125,,2000,125,1,0,[0|0],2000125,0,25,0,1,0,[0|0]
102000130,,2000,130,1,0,[0|0],2000130,0,12,0,1,0,[0|0]
102000140,,2000,140,1,0,[0|0],2000140,0,12,0,1,0,[0|0]
102000150,,2000,150,1,0,[0|0],2000150,0,22,0,1,0,[0|0]
102000155,,2000,155,1,0,[0|0],2000155,0,22,0,1,0,[0|0]
102000160,,2000,160,1,0,[0|0],2000160,0,35,0,1,0,[0|0]
102000165,,2000,165,1,0,[0|0],2000165,0,35,0,1,0,[0|0]
102000180,,2000,180,1,0,[0|0],2000180,0,25,0,1,0,[0|0]
102000200,,2000,200,1,0,[0|0],2000200,0,18,0,12,0,[0|0]
102000210,,2000,210,1,0,[0|0],2000210,0,18,0,12,0,[0|0]
102000220,,2000,220,1,0,[0|0],2000220,0,18,0,12,0,[0|0]
102000230,,2000,230,1,0,[0|0],2000230,0,18,0,12,0,[0|0]
102000300,,2000,300,1,0,[0|0],2000300,0,30,0,12,0,[0|0]
102000305,,2000,305,1,0,[0|0],2000305,0,40,0,12,0,[0|0]
102000310,,2000,310,1,0,[0|0],2000310,0,30,0,12,0,[0|0]
102000315,,2000,315,1,0,[0|0],2000315,0,40,0,12,0,[0|0]
102000320,,2000,320,1,0,[0|0],2000320,0,22,0,12,0,[0|0]
102000325,,2000,325,1,0,[0|0],2000325,0,30,0,12,0,[0|0]
102000330,,2000,330,1,0,[0|0],2000330,0,15,0,12,0,[0|0]
102000340,,2000,340,1,0,[0|0],2000340,0,15,0,12,0,[0|0]
102000350,,2000,350,1,0,[0|0],2000350,0,25,0,12,0,[0|0]
102000355,,2000,355,1,0,[0|0],2000355,0,25,0,12,0,[0|0]
102000360,,2000,360,1,0,[0|0],2000360,0,40,0,12,0,[0|0]
102000365,,2000,365,1,0,[0|0],2000365,0,40,0,12,0,[0|0]
102000380,,2000,380,1,0,[0|0],2000380,0,30,0,12,0,[0|0]
102000400,,2000,400,1,0,[0|0],2000400,0,15,0,2,0,[0|0]
102000410,,2000,410,1,0,[0|0],2000410,0,15,0,2,0,[0|0]
102000420,,2000,420,1,0,[0|0],2000420,0,15,0,2,0,[0|0]
102000430,,2000,430,1,0,[0|0],2000430,0,15,0,2,0,[0|0]
102000460,,2000,460,1,0,[0|0],2000460,0,0,0,0,0,[0|0]
102000470,,2000,470,1,0,[0|0],2000470,0,0,0,0,0,[0|0]
102000480,,2000,480,1,0,[0|0],2000480,0,0,0,0,0,[0|0]
102000500,,2000,500,1,0,[0|0],2000500,0,10,0,12,0,[0|0]
102000501,,2000,501,1,0,[0|0],2000501,0,10,0,12,0,[0|0]
102000509,,2000,509,1,0,[0|0],2000509,0,15,0,12,0,[0|0]
102000510,,2000,510,1,0,[0|0],2000510,0,10,0,12,0,[0|0]
102000511,,2000,511,1,0,[0|0],2000511,0,10,0,12,0,[0|0]
102000530,,2000,530,1,0,[0|0],2000530,0,10,0,12,0,[0|0]
102000531,,2000,531,1,0,[0|0],2000531,0,10,0,12,0,[0|0]
102000550,,2000,550,1,0,[0|0],2000550,0,20,0,12,0,[0|0]
102000560,,2000,560,1,0,[0|0],2000560,0,10,0,12,0,[0|0]
102000561,,2000,561,1,0,[0|0],2000561,0,10,0,12,0,[0|0]
102000590,,2000,590,1,0,[0|0],2000590,0,0,0,0,0,[0|0]
102000591,,2000,591,1,0,[0|0],2000591,0,10,0,0,0,[0|0]
102000600,,2000,600,1,0,[0|0],2000600,0,15,0,12,0,[0|0]
102000605,,2000,605,1,0,[0|0],2000605,0,15,0,12,0,[0|0]
102000610,,2000,610,1,0,[0|0],2000610,0,15,0,12,0,[0|0]
102000630,,2000,630,1,0,[0|0],2000630,0,0,0,12,0,[0|0]
102000632,,2000,632,1,0,[0|0],2000632,0,25,0,12,0,[0|0]
102000635,,2000,635,1,0,[0|0],2000635,0,35,0,12,0,[0|0]
102000650,,2000,650,1,0,[0|0],2000650,0,25,0,12,0,[0|0]
102000660,,2000,660,1,0,[0|0],2000660,0,35,0,12,0,[0|0]
102000700,,2000,700,1,0,[0|0],2000700,0,15,0,12,0,[0|0]
102000705,,2000,705,1,0,[0|0],2000705,0,15,0,12,0,[0|0]
102000710,,2000,710,1,0,[0|0],2000710,0,15,0,12,0,[0|0]
102000730,,2000,730,1,0,[0|0],2000730,0,0,0,12,0,[0|0]
102000732,,2000,732,1,0,[0|0],2000732,0,25,0,12,0,[0|0]
102000735,,2000,735,1,0,[0|0],2000735,0,35,0,12,0,[0|0]
102000750,,2000,750,1,0,[0|0],2000750,0,25,0,12,0,[0|0]
102000760,,2000,760,1,0,[0|0],2000760,0,35,0,12,0,[0|0]
102000800,,2000,800,1,0,[0|0],2000800,0,15,0,1,0,[0|0]
102000805,,2000,805,1,0,[0|0],2000805,0,15,0,2,0,[0|0]
102000810,,2000,810,1,0,[0|0],2000810,0,15,0,1,0,[0|0]
102000815,,2000,815,1,0,[0|0],2000815,0,15,0,2,0,[0|0]
102000820,,2000,820,1,0,[0|0],2000820,0,15,0,1,0,[0|0]
102000825,,2000,825,1,0,[0|0],2000825,0,15,0,2,0,[0|0]
102000860,,2000,860,1,0,[0|0],2000860,0,18,0,1,0,[0|0]
102000865,,2000,865,1,0,[0|0],2000865,0,18,0,2,0,[0|0]
102000870,,2000,870,1,0,[0|0],2000870,0,12,0,1,0,[0|0]
102000875,,2000,875,1,0,[0|0],2000875,0,12,0,2,0,[0|0]
102000880,,2000,880,1,0,[0|0],2000880,0,12,0,1,0,[0|0]
102000885,,2000,885,1,0,[0|0],2000885,0,12,0,2,0,[0|0]
102000890,,2000,890,1,0,[0|0],2000890,0,17,0,1,0,[0|0]
102000895,,2000,895,1,0,[0|0],2000895,0,17,0,2,0,[0|0]
102001900,,2001,900,1,1,[0|0],2170,0,1,0,0,0,[0|0]
102001910,,2001,910,1,1,[0|0],2171,0,0,0,0,0,[0|0]
102005100,,2005,100,1,0,[0|0],2002100,0,25,0,1,0,[0|0]
102005105,,2005,105,1,0,[0|0],2002105,0,18,0,1,0,[0|0]
102005106,,2005,106,1,0,[0|0],2002106,0,18,0,1,0,[0|0]
102005110,,2005,110,1,0,[0|0],2002110,0,25,0,1,0,[0|0]
102005115,,2005,115,1,0,[0|0],2002115,0,18,0,1,0,[0|0]
102005116,,2005,116,1,0,[0|0],2002116,0,18,0,1,0,[0|0]
102005300,,2005,300,1,0,[0|0],2002300,0,30,0,12,0,[0|0]
102005305,,2005,305,1,0,[0|0],2002305,0,20,0,12,0,[0|0]
102005306,,2005,306,1,0,[0|0],2002306,0,20,0,12,0,[0|0]
102005310,,2005,310,1,0,[0|0],2002310,0,30,0,12,0,[0|0]
102005315,,2005,315,1,0,[0|0],2002315,0,20,0,12,0,[0|0]
102005316,,2005,316,1,0,[0|0],2002316,0,20,0,12,0,[0|0]
102100000,,2100,0,1,0,[0|0],2100000,0,8,0,1,0,[0|0]
102100010,,2100,10,1,0,[0|0],2100010,0,8,0,1,0,[0|0]
102100020,,2100,20,1,0,[0|0],2100020,0,8,0,1,0,[0|0]
102100030,,2100,30,1,0,[0|0],2100030,0,8,0,1,0,[0|0]
102100040,,2100,40,1,0,[0|0],2100040,0,8,0,1,0,[0|0]
102100050,,2100,50,1,0,[0|0],2100050,0,8,0,1,0,[0|0]
102100100,,2100,100,1,0,[0|0],2100100,0,13,0,1,0,[0|0]
102100105,,2100,105,1,0,[0|0],2100105,0,20,0,1,0,[0|0]
102100110,,2100,110,1,0,[0|0],2100110,0,13,0,1,0,[0|0]
102100115,,2100,115,1,0,[0|0],2100115,0,20,0,1,0,[0|0]
102100120,,2100,120,1,0,[0|0],2100120,0,9,0,1,0,[0|0]
102100125,,2100,125,1,0,[0|0],2100125,0,13,0,1,0,[0|0]
102100130,,2100,130,1,0,[0|0],2100130,0,7,0,1,0,[0|0]
102100140,,2100,140,1,0,[0|0],2100140,0,7,0,1,0,[0|0]
102100150,,2100,150,1,0,[0|0],2100150,0,17,0,1,0,[0|0]
102100155,,2100,155,1,0,[0|0],2100155,0,17,0,1,0,[0|0]
102100160,,2100,160,1,0,[0|0],2100160,0,23,0,1,0,[0|0]
102100165,,2100,165,1,0,[0|0],2100165,0,23,0,1,0,[0|0]
102100180,,2100,180,1,0,[0|0],2100180,0,13,0,1,0,[0|0]
102100200,,2100,200,1,0,[0|0],2100200,0,7,0,12,0,[0|0]
102100203,,2100,203,1,0,[0|0],2100203,0,7,0,12,0,[0|0]
102100210,,2100,210,1,0,[0|0],2100210,0,7,0,12,0,[0|0]
102100213,,2100,213,1,0,[0|0],2100213,0,7,0,12,0,[0|0]
102100220,,2100,220,1,0,[0|0],2100220,0,7,0,12,0,[0|0]
102100230,,2100,230,1,0,[0|0],2100230,0,7,0,12,0,[0|0]
102100233,,2100,233,1,0,[0|0],2100233,0,7,0,12,0,[0|0]
102100240,,2100,240,1,0,[0|0],2100240,0,7,0,12,0,[0|0]
102100250,,2100,250,1,0,[0|0],2100250,0,7,0,12,0,[0|0]
102100253,,2100,253,1,0,[0|0],2100253,0,7,0,12,0,[0|0]
102100300,,2100,300,1,0,[0|0],2100300,0,12,0,12,0,[0|0]
102100303,,2100,303,1,0,[0|0],2100303,0,12,0,12,0,[0|0]
102100305,,2100,305,1,0,[0|0],2100305,0,18,0,12,0,[0|0]
102100308,,2100,308,1,0,[0|0],2100308,0,18,0,12,0,[0|0]
102100310,,2100,310,1,0,[0|0],2100310,0,12,0,12,0,[0|0]
102100313,,2100,313,1,0,[0|0],2100313,0,12,0,12,0,[0|0]
102100315,,2100,315,1,0,[0|0],2100315,0,18,0,12,0,[0|0]
102100318,,2100,318,1,0,[0|0],2100318,0,18,0,12,0,[0|0]
102100320,,2100,320,1,0,[0|0],2100320,0,9,0,12,0,[0|0]
102100323,,2100,323,1,0,[0|0],2100323,0,9,0,12,0,[0|0]
102100325,,2100,325,1,0,[0|0],2100325,0,12,0,12,0,[0|0]
102100328,,2100,328,1,0,[0|0],2100328,0,12,0,12,0,[0|0]
102100330,,2100,330,1,0,[0|0],2100330,0,7,0,12,0,[0|0]
102100333,,2100,333,1,0,[0|0],2100333,0,7,0,12,0,[0|0]
102100340,,2100,340,1,0,[0|0],2100340,0,7,0,12,0,[0|0]
102100343,,2100,343,1,0,[0|0],2100343,0,7,0,12,0,[0|0]
102100350,,2100,350,1,0,[0|0],2100350,0,12,0,12,0,[0|0]
102100353,,2100,353,1,0,[0|0],2100353,0,12,0,12,0,[0|0]
102100355,,2100,355,1,0,[0|0],2100355,0,12,0,12,0,[0|0]
102100358,,2100,358,1,0,[0|0],2100358,0,12,0,12,0,[0|0]
102100360,,2100,360,1,0,[0|0],2100360,0,17,0,12,0,[0|0]
102100363,,2100,363,1,0,[0|0],2100363,0,17,0,12,0,[0|0]
102100365,,2100,365,1,0,[0|0],2100365,0,17,0,12,0,[0|0]
102100368,,2100,368,1,0,[0|0],2100368,0,17,0,12,0,[0|0]
102100380,,2100,380,1,0,[0|0],2100380,0,12,0,12,0,[0|0]
102100381,,2100,381,1,0,[0|0],2100381,0,12,0,12,0,[0|0]
102100400,,2100,400,1,0,[0|0],2100400,0,8,0,2,0,[0|0]
102100410,,2100,410,1,0,[0|0],2100410,0,8,0,2,0,[0|0]
102100420,,2100,420,1,0,[0|0],2100420,0,8,0,2,0,[0|0]
102100430,,2100,430,1,0,[0|0],2100430,0,8,0,2,0,[0|0]
102100440,,2100,440,1,0,[0|0],2100440,0,8,0,2,0,[0|0]
102100450,,2100,450,1,0,[0|0],2100450,0,8,0,2,0,[0|0]
102100460,,2100,460,1,0,[0|0],2100460,0,0,0,0,0,[0|0]
102100470,,2100,470,1,0,[0|0],2100470,0,0,0,0,0,[0|0]
102100480,,2100,480,1,0,[0|0],2100480,0,0,0,0,0,[0|0]
102100500,,2100,500,1,0,[0|0],2100500,0,6,0,12,0,[0|0]
102100501,,2100,501,1,0,[0|0],2100501,0,7,0,12,0,[0|0]
102100505,,2100,505,1,0,[0|0],2100505,0,0,0,12,0,[0|0]
102100506,,2100,506,1,0,[0|0],2100506,0,0,0,12,0,[0|0]
102100509,,2100,509,1,0,[0|0],2100509,0,8,0,12,0,[0|0]
102100510,,2100,510,1,0,[0|0],2100510,0,6,0,12,0,[0|0]
102100511,,2100,511,1,0,[0|0],2100511,0,7,0,12,0,[0|0]
102100515,,2100,515,1,0,[0|0],2100515,0,0,0,12,0,[0|0]
102100516,,2100,516,1,0,[0|0],2100516,0,0,0,12,0,[0|0]
102100517,,2100,517,1,0,[0|0],2100517,0,0,0,12,0,[0|0]
102100520,,2100,520,1,0,[0|0],2100520,0,0,0,12,0,[0|0]
102100530,,2100,530,1,0,[0|0],2100530,0,6,0,12,0,[0|0]
102100531,,2100,531,1,0,[0|0],2100531,0,7,0,12,0,[0|0]
102100540,,2100,540,1,0,[0|0],2100540,0,0,0,12,0,[0|0]
102100550,,2100,550,1,0,[0|0],2100550,0,13,0,12,0,[0|0]
102100560,,2100,560,1,0,[0|0],2100560,0,6,0,12,0,[0|0]
102100561,,2100,561,1,0,[0|0],2100561,0,7,0,12,0,[0|0]
102100590,,2100,590,1,0,[0|0],2100590,0,0,0,0,0,[0|0]
102100591,,2100,591,1,0,[0|0],2100591,0,10,0,0,0,[0|0]
102100600,,2100,600,1,0,[0|0],2100600,0,8,0,12,0,[0|0]
102100605,,2100,605,1,0,[0|0],2100605,0,8,0,12,0,[0|0]
102100610,,2100,610,1,0,[0|0],2100610,0,8,0,12,0,[0|0]
102100630,,2100,630,1,0,[0|0],2100630,0,0,0,12,0,[0|0]
102100632,,2100,632,1,0,[0|0],2100632,0,13,0,12,0,[0|0]
102100635,,2100,635,1,0,[0|0],2100635,0,20,0,12,0,[0|0]
102100640,,2100,640,1,0,[0|0],2100640,0,0,0,12,0,[0|0]
102100642,,2100,642,1,0,[0|0],2100642,0,13,0,12,0,[0|0]
102100645,,2100,645,1,0,[0|0],2100645,0,20,0,12,0,[0|0]
102100650,,2100,650,1,0,[0|0],2100650,0,18,0,12,0,[0|0]
102100660,,2100,660,1,0,[0|0],2100660,0,18,0,12,0,[0|0]
102100665,,2100,665,1,0,[0|0],2100665,0,18,0,12,0,[0|0]
102100700,,2100,700,1,0,[0|0],2100700,0,8,0,12,0,[0|0]
102100705,,2100,705,1,0,[0|0],2100705,0,8,0,12,0,[0|0]
102100710,,2100,710,1,0,[0|0],2100710,0,8,0,12,0,[0|0]
102100730,,2100,730,1,0,[0|0],2100730,0,0,0,12,0,[0|0]
102100732,,2100,732,1,0,[0|0],2100732,0,13,0,12,0,[0|0]
102100735,,2100,735,1,0,[0|0],2100735,0,20,0,12,0,[0|0]
102100740,,2100,740,1,0,[0|0],2100740,0,0,0,12,0,[0|0]
102100742,,2100,742,1,0,[0|0],2100742,0,13,0,12,0,[0|0]
102100745,,2100,745,1,0,[0|0],2100745,0,20,0,12,0,[0|0]
102100750,,2100,750,1,0,[0|0],2100750,0,18,0,12,0,[0|0]
102100760,,2100,760,1,0,[0|0],2100760,0,18,0,12,0,[0|0]
102100765,,2100,765,1,0,[0|0],2100765,0,18,0,12,0,[0|0]
102100800,,2100,800,1,0,[0|0],2100800,0,7,0,1,0,[0|0]
102100805,,2100,805,1,0,[0|0],2100805,0,7,0,2,0,[0|0]
102100810,,2100,810,1,0,[0|0],2100810,0,7,0,1,0,[0|0]
102100815,,2100,815,1,0,[0|0],2100815,0,7,0,2,0,[0|0]
102100820,,2100,820,1,0,[0|0],2100820,0,7,0,1,0,[0|0]
102100825,,2100,825,1,0,[0|0],2100825,0,7,0,2,0,[0|0]
102100830,,2100,830,1,0,[0|0],2100830,0,7,0,1,0,[0|0]
102100835,,2100,835,1,0,[0|0],2100835,0,7,0,2,0,[0|0]
102100840,,2100,840,1,0,[0|0],2100840,0,7,0,1,0,[0|0]
102100845,,2100,845,1,0,[0|0],2100845,0,7,0,2,0,[0|0]
102100850,,2100,850,1,0,[0|0],2100850,0,7,0,1,0,[0|0]
102100855,,2100,855,1,0,[0|0],2100855,0,7,0,2,0,[0|0]
102100860,,2100,860,1,0,[0|0],2100860,0,9,0,1,0,[0|0]
102100865,,2100,865,1,0,[0|0],2100865,0,9,0,2,0,[0|0]
102100870,,2100,870,1,0,[0|0],2100870,0,7,0,1,0,[0|0]
102100875,,2100,875,1,0,[0|0],2100875,0,7,0,2,0,[0|0]
102100880,,2100,880,1,0,[0|0],2100880,0,7,0,1,0,[0|0]
102100885,,2100,885,1,0,[0|0],2100885,0,7,0,2,0,[0|0]
102100890,,2100,890,1,0,[0|0],2100890,0,17,0,1,0,[0|0]
102100895,,2100,895,1,0,[0|0],2100895,0,17,0,2,0,[0|0]
102101000,,2101,0,1,0,[0|0],2101000,0,8,0,1,0,[0|0]
102101010,,2101,10,1,0,[0|0],2101010,0,8,0,1,0,[0|0]
102101020,,2101,20,1,0,[0|0],2101020,0,8,0,1,0,[0|0]
102101030,,2101,30,1,0,[0|0],2101030,0,8,0,1,0,[0|0]
102101040,,2101,40,1,0,[0|0],2101040,0,8,0,1,0,[0|0]
102101050,,2101,50,1,0,[0|0],2101050,0,8,0,1,0,[0|0]
102101100,,2101,100,1,0,[0|0],2101100,0,13,0,1,0,[0|0]
102101105,,2101,105,1,0,[0|0],2101105,0,20,0,1,0,[0|0]
102101110,,2101,110,1,0,[0|0],2101110,0,13,0,1,0,[0|0]
102101115,,2101,115,1,0,[0|0],2101115,0,20,0,1,0,[0|0]
102101120,,2101,120,1,0,[0|0],2101120,0,9,0,1,0,[0|0]
102101125,,2101,125,1,0,[0|0],2101125,0,13,0,1,0,[0|0]
102101130,,2101,130,1,0,[0|0],2101130,0,7,0,1,0,[0|0]
102101140,,2101,140,1,0,[0|0],2101140,0,7,0,1,0,[0|0]
102101150,,2101,150,1,0,[0|0],2101150,0,17,0,1,0,[0|0]
102101155,,2101,155,1,0,[0|0],2101155,0,17,0,1,0,[0|0]
102101160,,2101,160,1,0,[0|0],2101160,0,23,0,1,0,[0|0]
102101165,,2101,165,1,0,[0|0],2101165,0,23,0,1,0,[0|0]
102101180,,2101,180,1,0,[0|0],2101180,0,13,0,1,0,[0|0]
102101200,,2101,200,1,0,[0|0],2101200,0,7,0,12,0,[0|0]
102101203,,2101,203,1,0,[0|0],2101203,0,7,0,12,0,[0|0]
102101210,,2101,210,1,0,[0|0],2101210,0,7,0,12,0,[0|0]
102101213,,2101,213,1,0,[0|0],2101213,0,7,0,12,0,[0|0]
102101220,,2101,220,1,0,[0|0],2101220,0,7,0,12,0,[0|0]
102101230,,2101,230,1,0,[0|0],2101230,0,7,0,12,0,[0|0]
102101233,,2101,233,1,0,[0|0],2101233,0,7,0,12,0,[0|0]
102101240,,2101,240,1,0,[0|0],2101240,0,7,0,12,0,[0|0]
102101250,,2101,250,1,0,[0|0],2101250,0,7,0,12,0,[0|0]
102101253,,2101,253,1,0,[0|0],2101253,0,7,0,12,0,[0|0]
102101300,,2101,300,1,0,[0|0],2101300,0,12,0,12,0,[0|0]
102101305,,2101,305,1,0,[0|0],2101305,0,18,0,12,0,[0|0]
102101308,,2101,308,1,0,[0|0],2101308,0,18,0,12,0,[0|0]
102101310,,2101,310,1,0,[0|0],2101310,0,12,0,12,0,[0|0]
102101315,,2101,315,1,0,[0|0],2101315,0,18,0,12,0,[0|0]
102101318,,2101,318,1,0,[0|0],2101318,0,18,0,12,0,[0|0]
102101320,,2101,320,1,0,[0|0],2101320,0,9,0,12,0,[0|0]
102101323,,2101,323,1,0,[0|0],2101323,0,9,0,12,0,[0|0]
102101325,,2101,325,1,0,[0|0],2101325,0,12,0,12,0,[0|0]
102101328,,2101,328,1,0,[0|0],2101328,0,12,0,12,0,[0|0]
102101330,,2101,330,1,0,[0|0],2101330,0,7,0,12,0,[0|0]
102101333,,2101,333,1,0,[0|0],2101333,0,7,0,12,0,[0|0]
102101340,,2101,340,1,0,[0|0],2101340,0,7,0,12,0,[0|0]
102101343,,2101,343,1,0,[0|0],2101343,0,7,0,12,0,[0|0]
102101350,,2101,350,1,0,[0|0],2101350,0,12,0,12,0,[0|0]
102101353,,2101,353,1,0,[0|0],2101353,0,12,0,12,0,[0|0]
102101355,,2101,355,1,0,[0|0],2101355,0,12,0,12,0,[0|0]
102101358,,2101,358,1,0,[0|0],2101358,0,12,0,12,0,[0|0]
102101360,,2101,360,1,0,[0|0],2101360,0,17,0,12,0,[0|0]
102101363,,2101,363,1,0,[0|0],2101363,0,17,0,12,0,[0|0]
102101365,,2101,365,1,0,[0|0],2101365,0,17,0,12,0,[0|0]
102101368,,2101,368,1,0,[0|0],2101368,0,17,0,12,0,[0|0]
102101380,,2101,380,1,0,[0|0],2101380,0,12,0,12,0,[0|0]
102101381,,2101,381,1,0,[0|0],2101381,0,12,0,12,0,[0|0]
102101400,,2101,400,1,0,[0|0],2101400,0,8,0,2,0,[0|0]
102101410,,2101,410,1,0,[0|0],2101410,0,8,0,2,0,[0|0]
102101420,,2101,420,1,0,[0|0],2101420,0,8,0,2,0,[0|0]
102101430,,2101,430,1,0,[0|0],2101430,0,8,0,2,0,[0|0]
102101440,,2101,440,1,0,[0|0],2101440,0,8,0,2,0,[0|0]
102101450,,2101,450,1,0,[0|0],2101450,0,8,0,2,0,[0|0]
102101600,,2101,600,1,0,[0|0],2101600,0,8,0,12,0,[0|0]
102101605,,2101,605,1,0,[0|0],2101605,0,8,0,12,0,[0|0]
102101610,,2101,610,1,0,[0|0],2101610,0,8,0,12,0,[0|0]
102101630,,2101,630,1,0,[0|0],2101630,0,0,0,12,0,[0|0]
102101632,,2101,632,1,0,[0|0],2101632,0,13,0,12,0,[0|0]
102101635,,2101,635,1,0,[0|0],2101635,0,20,0,12,0,[0|0]
102101640,,2101,640,1,0,[0|0],2101640,0,0,0,12,0,[0|0]
102101642,,2101,642,1,0,[0|0],2101642,0,13,0,12,0,[0|0]
102101645,,2101,645,1,0,[0|0],2101645,0,20,0,12,0,[0|0]
102101650,,2101,650,1,0,[0|0],2101650,0,13,0,12,0,[0|0]
102101660,,2101,660,1,0,[0|0],2101660,0,18,0,12,0,[0|0]
102101700,,2101,700,1,0,[0|0],2101700,0,8,0,12,0,[0|0]
102101705,,2101,705,1,0,[0|0],2101705,0,8,0,12,0,[0|0]
102101710,,2101,710,1,0,[0|0],2101710,0,8,0,12,0,[0|0]
102101730,,2101,730,1,0,[0|0],2101730,0,0,0,12,0,[0|0]
102101732,,2101,732,1,0,[0|0],2101732,0,13,0,12,0,[0|0]
102101735,,2101,735,1,0,[0|0],2101735,0,20,0,12,0,[0|0]
102101740,,2101,740,1,0,[0|0],2101740,0,0,0,12,0,[0|0]
102101742,,2101,742,1,0,[0|0],2101742,0,13,0,12,0,[0|0]
102101745,,2101,745,1,0,[0|0],2101745,0,20,0,12,0,[0|0]
102101750,,2101,750,1,0,[0|0],2101750,0,13,0,12,0,[0|0]
102101760,,2101,760,1,0,[0|0],2101760,0,18,0,12,0,[0|0]
102101800,,2101,800,1,0,[0|0],2101800,0,7,0,1,0,[0|0]
102101805,,2101,805,1,0,[0|0],2101805,0,7,0,2,0,[0|0]
102101810,,2101,810,1,0,[0|0],2101810,0,7,0,1,0,[0|0]
102101815,,2101,815,1,0,[0|0],2101815,0,7,0,2,0,[0|0]
102101820,,2101,820,1,0,[0|0],2101820,0,7,0,1,0,[0|0]
102101825,,2101,825,1,0,[0|0],2101825,0,7,0,2,0,[0|0]
102101830,,2101,830,1,0,[0|0],2101830,0,7,0,1,0,[0|0]
102101835,,2101,835,1,0,[0|0],2101835,0,7,0,2,0,[0|0]
102101840,,2101,840,1,0,[0|0],2101840,0,7,0,1,0,[0|0]
102101845,,2101,845,1,0,[0|0],2101845,0,7,0,2,0,[0|0]
102101850,,2101,850,1,0,[0|0],2101850,0,7,0,1,0,[0|0]
102101855,,2101,855,1,0,[0|0],2101855,0,7,0,2,0,[0|0]
102101860,,2101,860,1,0,[0|0],2101860,0,9,0,1,0,[0|0]
102101865,,2101,865,1,0,[0|0],2101865,0,9,0,2,0,[0|0]
102101870,,2101,870,1,0,[0|0],2101870,0,7,0,1,0,[0|0]
102101875,,2101,875,1,0,[0|0],2101875,0,7,0,2,0,[0|0]
102101880,,2101,880,1,0,[0|0],2101880,0,7,0,1,0,[0|0]
102101885,,2101,885,1,0,[0|0],2101885,0,7,0,2,0,[0|0]
102101890,,2101,890,1,0,[0|0],2101890,0,17,0,1,0,[0|0]
102101895,,2101,895,1,0,[0|0],2101895,0,17,0,2,0,[0|0]
102102100,,2102,100,1,0,[0|0],2102100,0,13,0,1,0,[0|0]
102102105,,2102,105,1,0,[0|0],2102105,0,8,0,1,0,[0|0]
102102106,,2102,106,1,0,[0|0],2102106,0,12,0,1,0,[0|0]
102102110,,2102,110,1,0,[0|0],2102110,0,13,0,1,0,[0|0]
102102115,,2102,115,1,0,[0|0],2102115,0,8,0,1,0,[0|0]
102102116,,2102,116,1,0,[0|0],2102116,0,12,0,1,0,[0|0]
102102300,,2102,300,1,0,[0|0],2102300,0,20,0,12,0,[0|0]
102102305,,2102,305,1,0,[0|0],2102305,0,18,0,12,0,[0|0]
102102306,,2102,306,1,0,[0|0],2102306,0,18,0,12,0,[0|0]
102102310,,2102,310,1,0,[0|0],2102310,0,8,0,12,0,[0|0]
102102311,,2102,311,1,0,[0|0],2102311,0,12,0,12,0,[0|0]
102102315,,2102,315,1,0,[0|0],2102315,0,4,0,12,0,[0|0]
102102316,,2102,316,1,0,[0|0],2102316,0,18,0,12,0,[0|0]
102102317,,2102,317,1,0,[0|0],2102317,0,18,0,12,0,[0|0]
102112000,,2112,0,1,0,[0|0],2101000,0,8,0,1,0,[0|0]
102112010,,2112,10,1,0,[0|0],2101010,0,8,0,1,0,[0|0]
102112020,,2112,20,1,0,[0|0],2101020,0,8,0,1,0,[0|0]
102112030,,2112,30,1,0,[0|0],2101030,0,8,0,1,0,[0|0]
102112040,,2112,40,1,0,[0|0],2101040,0,8,0,1,0,[0|0]
102112050,,2112,50,1,0,[0|0],2101050,0,8,0,1,0,[0|0]
102112100,,2112,100,1,0,[0|0],2101100,0,13,0,1,0,[0|0]
102112105,,2112,105,1,0,[0|0],2101105,0,20,0,1,0,[0|0]
102112110,,2112,110,1,0,[0|0],2101110,0,13,0,1,0,[0|0]
102112115,,2112,115,1,0,[0|0],2101115,0,20,0,1,0,[0|0]
102112120,,2112,120,1,0,[0|0],2101120,0,9,0,1,0,[0|0]
102112125,,2112,125,1,0,[0|0],2101125,0,13,0,1,0,[0|0]
102112130,,2112,130,1,0,[0|0],2101130,0,7,0,1,0,[0|0]
102112140,,2112,140,1,0,[0|0],2101140,0,7,0,1,0,[0|0]
102112150,,2112,150,1,0,[0|0],2101150,0,17,0,1,0,[0|0]
102112155,,2112,155,1,0,[0|0],2101155,0,17,0,1,0,[0|0]
102112160,,2112,160,1,0,[0|0],2101160,0,23,0,1,0,[0|0]
102112165,,2112,165,1,0,[0|0],2101165,0,23,0,1,0,[0|0]
102112180,,2112,180,1,0,[0|0],2101180,0,13,0,1,0,[0|0]
102112200,,2112,200,1,0,[0|0],2101200,0,7,0,12,0,[0|0]
102112203,,2112,203,1,0,[0|0],2101203,0,7,0,12,0,[0|0]
102112210,,2112,210,1,0,[0|0],2101210,0,7,0,12,0,[0|0]
102112213,,2112,213,1,0,[0|0],2101213,0,7,0,12,0,[0|0]
102112220,,2112,220,1,0,[0|0],2101220,0,7,0,12,0,[0|0]
102112230,,2112,230,1,0,[0|0],2101230,0,7,0,12,0,[0|0]
102112233,,2112,233,1,0,[0|0],2101233,0,7,0,12,0,[0|0]
102112240,,2112,240,1,0,[0|0],2101240,0,7,0,12,0,[0|0]
102112250,,2112,250,1,0,[0|0],2101250,0,7,0,12,0,[0|0]
102112253,,2112,253,1,0,[0|0],2101253,0,7,0,12,0,[0|0]
102112300,,2112,300,1,0,[0|0],2101300,0,12,0,12,0,[0|0]
102112305,,2112,305,1,0,[0|0],2101305,0,18,0,12,0,[0|0]
102112308,,2112,308,1,0,[0|0],2101308,0,18,0,12,0,[0|0]
102112310,,2112,310,1,0,[0|0],2101310,0,12,0,12,0,[0|0]
102112315,,2112,315,1,0,[0|0],2101315,0,18,0,12,0,[0|0]
102112318,,2112,318,1,0,[0|0],2101318,0,18,0,12,0,[0|0]
102112320,,2112,320,1,0,[0|0],2101320,0,9,0,12,0,[0|0]
102112323,,2112,323,1,0,[0|0],2101323,0,9,0,12,0,[0|0]
102112325,,2112,325,1,0,[0|0],2101325,0,12,0,12,0,[0|0]
102112328,,2112,328,1,0,[0|0],2101328,0,12,0,12,0,[0|0]
102112330,,2112,330,1,0,[0|0],2101330,0,7,0,12,0,[0|0]
102112333,,2112,333,1,0,[0|0],2101333,0,7,0,12,0,[0|0]
102112340,,2112,340,1,0,[0|0],2101340,0,7,0,12,0,[0|0]
102112343,,2112,343,1,0,[0|0],2101343,0,7,0,12,0,[0|0]
102112350,,2112,350,1,0,[0|0],2101350,0,12,0,12,0,[0|0]
102112353,,2112,353,1,0,[0|0],2101353,0,12,0,12,0,[0|0]
102112355,,2112,355,1,0,[0|0],2101355,0,12,0,12,0,[0|0]
102112358,,2112,358,1,0,[0|0],2101358,0,12,0,12,0,[0|0]
102112360,,2112,360,1,0,[0|0],2101360,0,17,0,12,0,[0|0]
102112363,,2112,363,1,0,[0|0],2101363,0,17,0,12,0,[0|0]
102112365,,2112,365,1,0,[0|0],2101365,0,17,0,12,0,[0|0]
102112368,,2112,368,1,0,[0|0],2101368,0,17,0,12,0,[0|0]
102112380,,2112,380,1,0,[0|0],2101380,0,12,0,12,0,[0|0]
102112381,,2112,381,1,0,[0|0],2101381,0,12,0,12,0,[0|0]
102112400,,2112,400,1,0,[0|0],2101400,0,8,0,2,0,[0|0]
102112410,,2112,410,1,0,[0|0],2101410,0,8,0,2,0,[0|0]
102112420,,2112,420,1,0,[0|0],2101420,0,8,0,2,0,[0|0]
102112430,,2112,430,1,0,[0|0],2101430,0,8,0,2,0,[0|0]
102112440,,2112,440,1,0,[0|0],2101440,0,8,0,2,0,[0|0]
102112450,,2112,450,1,0,[0|0],2101450,0,8,0,2,0,[0|0]
102112600,,2112,600,1,0,[0|0],2101600,0,8,0,12,0,[0|0]
102112605,,2112,605,1,0,[0|0],2101605,0,8,0,12,0,[0|0]
102112610,,2112,610,1,0,[0|0],2101610,0,8,0,12,0,[0|0]
102112630,,2112,630,1,0,[0|0],2101630,0,0,0,12,0,[0|0]
102112632,,2112,632,1,0,[0|0],2101632,0,13,0,12,0,[0|0]
102112635,,2112,635,1,0,[0|0],2101635,0,20,0,12,0,[0|0]
102112640,,2112,640,1,0,[0|0],2101640,0,0,0,12,0,[0|0]
102112642,,2112,642,1,0,[0|0],2101642,0,13,0,12,0,[0|0]
102112645,,2112,645,1,0,[0|0],2101645,0,20,0,12,0,[0|0]
102112650,,2112,650,1,0,[0|0],2101650,0,18,0,12,0,[0|0]
102112660,,2112,660,1,0,[0|0],2101660,0,23,0,12,0,[0|0]
102112700,,2112,700,1,0,[0|0],2101700,0,8,0,12,0,[0|0]
102112705,,2112,705,1,0,[0|0],2101705,0,8,0,12,0,[0|0]
102112710,,2112,710,1,0,[0|0],2101710,0,8,0,12,0,[0|0]
102112730,,2112,730,1,0,[0|0],2101730,0,0,0,12,0,[0|0]
102112732,,2112,732,1,0,[0|0],2101732,0,13,0,12,0,[0|0]
102112735,,2112,735,1,0,[0|0],2101735,0,20,0,12,0,[0|0]
102112740,,2112,740,1,0,[0|0],2101740,0,0,0,12,0,[0|0]
102112742,,2112,742,1,0,[0|0],2101742,0,13,0,12,0,[0|0]
102112745,,2112,745,1,0,[0|0],2101745,0,20,0,12,0,[0|0]
102112750,,2112,750,1,0,[0|0],2101750,0,18,0,12,0,[0|0]
102112760,,2112,760,1,0,[0|0],2101760,0,23,0,12,0,[0|0]
102112800,,2112,800,1,0,[0|0],2101800,0,7,0,1,0,[0|0]
102112805,,2112,805,1,0,[0|0],2101805,0,7,0,2,0,[0|0]
102112810,,2112,810,1,0,[0|0],2101810,0,7,0,1,0,[0|0]
102112815,,2112,815,1,0,[0|0],2101815,0,7,0,2,0,[0|0]
102112820,,2112,820,1,0,[0|0],2101820,0,7,0,1,0,[0|0]
102112825,,2112,825,1,0,[0|0],2101825,0,7,0,2,0,[0|0]
102112830,,2112,830,1,0,[0|0],2101830,0,7,0,1,0,[0|0]
102112835,,2112,835,1,0,[0|0],2101835,0,7,0,2,0,[0|0]
102112840,,2112,840,1,0,[0|0],2101840,0,7,0,1,0,[0|0]
102112845,,2112,845,1,0,[0|0],2101845,0,7,0,2,0,[0|0]
102112850,,2112,850,1,0,[0|0],2101850,0,7,0,1,0,[0|0]
102112855,,2112,855,1,0,[0|0],2101855,0,7,0,2,0,[0|0]
102112860,,2112,860,1,0,[0|0],2101860,0,9,0,1,0,[0|0]
102112865,,2112,865,1,0,[0|0],2101865,0,9,0,2,0,[0|0]
102112870,,2112,870,1,0,[0|0],2101870,0,7,0,1,0,[0|0]
102112875,,2112,875,1,0,[0|0],2101875,0,7,0,2,0,[0|0]
102112880,,2112,880,1,0,[0|0],2101880,0,7,0,1,0,[0|0]
102112885,,2112,885,1,0,[0|0],2101885,0,7,0,2,0,[0|0]
102112890,,2112,890,1,0,[0|0],2101890,0,17,0,1,0,[0|0]
102112895,,2112,895,1,0,[0|0],2101895,0,17,0,2,0,[0|0]
102113000,,2113,0,1,0,[0|0],2101000,0,8,0,1,0,[0|0]
102113010,,2113,10,1,0,[0|0],2101010,0,8,0,1,0,[0|0]
102113020,,2113,20,1,0,[0|0],2101020,0,8,0,1,0,[0|0]
102113030,,2113,30,1,0,[0|0],2101030,0,8,0,1,0,[0|0]
102113040,,2113,40,1,0,[0|0],2101040,0,8,0,1,0,[0|0]
102113050,,2113,50,1,0,[0|0],2101050,0,8,0,1,0,[0|0]
102113100,,2113,100,1,0,[0|0],2101100,0,13,0,1,0,[0|0]
102113105,,2113,105,1,0,[0|0],2101105,0,20,0,1,0,[0|0]
102113110,,2113,110,1,0,[0|0],2101110,0,13,0,1,0,[0|0]
102113115,,2113,115,1,0,[0|0],2101115,0,20,0,1,0,[0|0]
102113120,,2113,120,1,0,[0|0],2101120,0,9,0,1,0,[0|0]
102113125,,2113,125,1,0,[0|0],2101125,0,13,0,1,0,[0|0]
102113130,,2113,130,1,0,[0|0],2101130,0,7,0,1,0,[0|0]
102113140,,2113,140,1,0,[0|0],2101140,0,7,0,1,0,[0|0]
102113150,,2113,150,1,0,[0|0],2101150,0,17,0,1,0,[0|0]
102113155,,2113,155,1,0,[0|0],2101155,0,17,0,1,0,[0|0]
102113160,,2113,160,1,0,[0|0],2101160,0,23,0,1,0,[0|0]
102113165,,2113,165,1,0,[0|0],2101165,0,23,0,1,0,[0|0]
102113180,,2113,180,1,0,[0|0],2101180,0,13,0,1,0,[0|0]
102113200,,2113,200,1,0,[0|0],2101200,0,7,0,12,0,[0|0]
102113203,,2113,203,1,0,[0|0],2101203,0,7,0,12,0,[0|0]
102113210,,2113,210,1,0,[0|0],2101210,0,7,0,12,0,[0|0]
102113213,,2113,213,1,0,[0|0],2101213,0,7,0,12,0,[0|0]
102113220,,2113,220,1,0,[0|0],2101220,0,7,0,12,0,[0|0]
102113230,,2113,230,1,0,[0|0],2101230,0,7,0,12,0,[0|0]
102113233,,2113,233,1,0,[0|0],2101233,0,7,0,12,0,[0|0]
102113240,,2113,240,1,0,[0|0],2101240,0,7,0,12,0,[0|0]
102113250,,2113,250,1,0,[0|0],2101250,0,7,0,12,0,[0|0]
102113253,,2113,253,1,0,[0|0],2101253,0,7,0,12,0,[0|0]
102113300,,2113,300,1,0,[0|0],2101300,0,12,0,12,0,[0|0]
102113305,,2113,305,1,0,[0|0],2101305,0,18,0,12,0,[0|0]
102113308,,2113,308,1,0,[0|0],2101308,0,18,0,12,0,[0|0]
102113310,,2113,310,1,0,[0|0],2101310,0,12,0,12,0,[0|0]
102113315,,2113,315,1,0,[0|0],2101315,0,18,0,12,0,[0|0]
102113318,,2113,318,1,0,[0|0],2101318,0,18,0,12,0,[0|0]
102113320,,2113,320,1,0,[0|0],2101320,0,9,0,12,0,[0|0]
102113323,,2113,323,1,0,[0|0],2101323,0,9,0,12,0,[0|0]
102113325,,2113,325,1,0,[0|0],2101325,0,12,0,12,0,[0|0]
102113328,,2113,328,1,0,[0|0],2101328,0,12,0,12,0,[0|0]
102113330,,2113,330,1,0,[0|0],2101330,0,7,0,12,0,[0|0]
102113333,,2113,333,1,0,[0|0],2101333,0,7,0,12,0,[0|0]
102113340,,2113,340,1,0,[0|0],2101340,0,7,0,12,0,[0|0]
102113343,,2113,343,1,0,[0|0],2101343,0,7,0,12,0,[0|0]
102113350,,2113,350,1,0,[0|0],2101350,0,12,0,12,0,[0|0]
102113353,,2113,353,1,0,[0|0],2101353,0,12,0,12,0,[0|0]
102113355,,2113,355,1,0,[0|0],2101355,0,12,0,12,0,[0|0]
102113358,,2113,358,1,0,[0|0],2101358,0,12,0,12,0,[0|0]
102113360,,2113,360,1,0,[0|0],2101360,0,17,0,12,0,[0|0]
102113363,,2113,363,1,0,[0|0],2101363,0,17,0,12,0,[0|0]
102113365,,2113,365,1,0,[0|0],2101365,0,17,0,12,0,[0|0]
102113368,,2113,368,1,0,[0|0],2101368,0,17,0,12,0,[0|0]
102113380,,2113,380,1,0,[0|0],2101380,0,12,0,12,0,[0|0]
102113381,,2113,381,1,0,[0|0],2101381,0,12,0,12,0,[0|0]
102113400,,2113,400,1,0,[0|0],2101400,0,8,0,2,0,[0|0]
102113410,,2113,410,1,0,[0|0],2101410,0,8,0,2,0,[0|0]
102113420,,2113,420,1,0,[0|0],2101420,0,8,0,2,0,[0|0]
102113430,,2113,430,1,0,[0|0],2101430,0,8,0,2,0,[0|0]
102113440,,2113,440,1,0,[0|0],2101440,0,8,0,2,0,[0|0]
102113450,,2113,450,1,0,[0|0],2101450,0,8,0,2,0,[0|0]
102113600,,2113,600,1,0,[0|0],2101600,0,8,0,12,0,[0|0]
102113605,,2113,605,1,0,[0|0],2101605,0,8,0,12,0,[0|0]
102113610,,2113,610,1,0,[0|0],2101610,0,8,0,12,0,[0|0]
102113630,,2113,630,1,0,[0|0],2101630,0,0,0,12,0,[0|0]
102113632,,2113,632,1,0,[0|0],2101632,0,13,0,12,0,[0|0]
102113635,,2113,635,1,0,[0|0],2101635,0,20,0,12,0,[0|0]
102113640,,2113,640,1,0,[0|0],2101640,0,0,0,12,0,[0|0]
102113642,,2113,642,1,0,[0|0],2101642,0,13,0,12,0,[0|0]
102113645,,2113,645,1,0,[0|0],2101645,0,20,0,12,0,[0|0]
102113650,,2113,650,1,0,[0|0],2101650,0,18,0,12,0,[0|0]
102113660,,2113,660,1,0,[0|0],2101660,0,23,0,12,0,[0|0]
102113700,,2113,700,1,0,[0|0],2101700,0,8,0,12,0,[0|0]
102113705,,2113,705,1,0,[0|0],2101705,0,8,0,12,0,[0|0]
102113710,,2113,710,1,0,[0|0],2101710,0,8,0,12,0,[0|0]
102113730,,2113,730,1,0,[0|0],2101730,0,0,0,12,0,[0|0]
102113732,,2113,732,1,0,[0|0],2101732,0,13,0,12,0,[0|0]
102113735,,2113,735,1,0,[0|0],2101735,0,20,0,12,0,[0|0]
102113740,,2113,740,1,0,[0|0],2101740,0,0,0,12,0,[0|0]
102113742,,2113,742,1,0,[0|0],2101742,0,13,0,12,0,[0|0]
102113745,,2113,745,1,0,[0|0],2101745,0,20,0,12,0,[0|0]
102113750,,2113,750,1,0,[0|0],2101750,0,18,0,12,0,[0|0]
102113760,,2113,760,1,0,[0|0],2101760,0,23,0,12,0,[0|0]
102113800,,2113,800,1,0,[0|0],2101800,0,7,0,1,0,[0|0]
102113805,,2113,805,1,0,[0|0],2101805,0,7,0,2,0,[0|0]
102113810,,2113,810,1,0,[0|0],2101810,0,7,0,1,0,[0|0]
102113815,,2113,815,1,0,[0|0],2101815,0,7,0,2,0,[0|0]
102113820,,2113,820,1,0,[0|0],2101820,0,7,0,1,0,[0|0]
102113825,,2113,825,1,0,[0|0],2101825,0,7,0,2,0,[0|0]
102113830,,2113,830,1,0,[0|0],2101830,0,7,0,1,0,[0|0]
102113835,,2113,835,1,0,[0|0],2101835,0,7,0,2,0,[0|0]
102113840,,2113,840,1,0,[0|0],2101840,0,7,0,1,0,[0|0]
102113845,,2113,845,1,0,[0|0],2101845,0,7,0,2,0,[0|0]
102113850,,2113,850,1,0,[0|0],2101850,0,7,0,1,0,[0|0]
102113855,,2113,855,1,0,[0|0],2101855,0,7,0,2,0,[0|0]
102113860,,2113,860,1,0,[0|0],2101860,0,9,0,1,0,[0|0]
102113865,,2113,865,1,0,[0|0],2101865,0,9,0,2,0,[0|0]
102113870,,2113,870,1,0,[0|0],2101870,0,7,0,1,0,[0|0]
102113875,,2113,875,1,0,[0|0],2101875,0,7,0,2,0,[0|0]
102113880,,2113,880,1,0,[0|0],2101880,0,7,0,1,0,[0|0]
102113885,,2113,885,1,0,[0|0],2101885,0,7,0,2,0,[0|0]
102113890,,2113,890,1,0,[0|0],2101890,0,17,0,1,0,[0|0]
102113895,,2113,895,1,0,[0|0],2101895,0,17,0,2,0,[0|0]
102150000,,2150,0,1,0,[0|0],2150000,0,8,0,1,0,[0|0]
102150010,,2150,10,1,0,[0|0],2150010,0,8,0,1,0,[0|0]
102150020,,2150,20,1,0,[0|0],2150020,0,8,0,1,0,[0|0]
102150030,,2150,30,1,0,[0|0],2150030,0,8,0,1,0,[0|0]
102150100,,2150,100,1,0,[0|0],2150100,0,13,0,1,0,[0|0]
102150105,,2150,105,1,0,[0|0],2150105,0,20,0,1,0,[0|0]
102150110,,2150,110,1,0,[0|0],2150110,0,13,0,1,0,[0|0]
102150115,,2150,115,1,0,[0|0],2150115,0,20,0,1,0,[0|0]
102150120,,2150,120,1,0,[0|0],2150120,0,9,0,1,0,[0|0]
102150125,,2150,125,1,0,[0|0],2150125,0,13,0,1,0,[0|0]
102150130,,2150,130,1,0,[0|0],2150130,0,7,0,1,0,[0|0]
102150140,,2150,140,1,0,[0|0],2150140,0,7,0,1,0,[0|0]
102150150,,2150,150,1,0,[0|0],2150150,0,17,0,1,0,[0|0]
102150155,,2150,155,1,0,[0|0],2150155,0,17,0,1,0,[0|0]
102150160,,2150,160,1,0,[0|0],2150160,0,23,0,1,0,[0|0]
102150165,,2150,165,1,0,[0|0],2150165,0,23,0,1,0,[0|0]
102150180,,2150,180,1,0,[0|0],2150180,0,13,0,1,0,[0|0]
102150200,,2150,200,1,0,[0|0],2150200,0,7,0,12,0,[0|0]
102150203,,2150,203,1,0,[0|0],2150203,0,7,0,12,0,[0|0]
102150210,,2150,210,1,0,[0|0],2150210,0,7,0,12,0,[0|0]
102150213,,2150,213,1,0,[0|0],2150213,0,7,0,12,0,[0|0]
102150220,,2150,220,1,0,[0|0],2150220,0,7,0,12,0,[0|0]
102150223,,2150,223,1,0,[0|0],2150223,0,7,0,12,0,[0|0]
102150230,,2150,230,1,0,[0|0],2150230,0,7,0,12,0,[0|0]
102150233,,2150,233,1,0,[0|0],2150233,0,7,0,12,0,[0|0]
102150300,,2150,300,1,0,[0|0],2150300,0,12,0,12,0,[0|0]
102150303,,2150,303,1,0,[0|0],2150303,0,12,0,12,0,[0|0]
102150305,,2150,305,1,0,[0|0],2150305,0,18,0,12,0,[0|0]
102150308,,2150,308,1,0,[0|0],2150308,0,18,0,12,0,[0|0]
102150310,,2150,310,1,0,[0|0],2150310,0,12,0,12,0,[0|0]
102150313,,2150,313,1,0,[0|0],2150313,0,12,0,12,0,[0|0]
102150315,,2150,315,1,0,[0|0],2150315,0,18,0,12,0,[0|0]
102150318,,2150,318,1,0,[0|0],2150318,0,18,0,12,0,[0|0]
102150320,,2150,320,1,0,[0|0],2150320,0,9,0,12,0,[0|0]
102150323,,2150,323,1,0,[0|0],2150323,0,9,0,12,0,[0|0]
102150325,,2150,325,1,0,[0|0],2150325,0,12,0,12,0,[0|0]
102150328,,2150,328,1,0,[0|0],2150328,0,12,0,12,0,[0|0]
102150330,,2150,330,1,0,[0|0],2150330,0,7,0,12,0,[0|0]
102150333,,2150,333,1,0,[0|0],2150333,0,7,0,12,0,[0|0]
102150340,,2150,340,1,0,[0|0],2150340,0,7,0,12,0,[0|0]
102150343,,2150,343,1,0,[0|0],2150343,0,7,0,12,0,[0|0]
102150350,,2150,350,1,0,[0|0],2150350,0,12,0,12,0,[0|0]
102150353,,2150,353,1,0,[0|0],2150353,0,12,0,12,0,[0|0]
102150355,,2150,355,1,0,[0|0],2150355,0,12,0,12,0,[0|0]
102150358,,2150,358,1,0,[0|0],2150358,0,12,0,12,0,[0|0]
102150360,,2150,360,1,0,[0|0],2150360,0,17,0,12,0,[0|0]
102150363,,2150,363,1,0,[0|0],2150363,0,17,0,12,0,[0|0]
102150365,,2150,365,1,0,[0|0],2150365,0,17,0,12,0,[0|0]
102150368,,2150,368,1,0,[0|0],2150368,0,17,0,12,0,[0|0]
102150380,,2150,380,1,0,[0|0],2150380,0,12,0,12,0,[0|0]
102150381,,2150,381,1,0,[0|0],2150381,0,12,0,12,0,[0|0]
102150400,,2150,400,1,0,[0|0],2150400,0,8,0,2,0,[0|0]
102150410,,2150,410,1,0,[0|0],2150410,0,8,0,2,0,[0|0]
102150420,,2150,420,1,0,[0|0],2150420,0,8,0,2,0,[0|0]
102150430,,2150,430,1,0,[0|0],2150430,0,8,0,2,0,[0|0]
102150460,,2150,460,1,0,[0|0],2150460,0,0,0,0,0,[0|0]
102150470,,2150,470,1,0,[0|0],2150470,0,0,0,0,0,[0|0]
102150480,,2150,480,1,0,[0|0],2150480,0,0,0,0,0,[0|0]
102150500,,2150,500,1,0,[0|0],2150500,0,6,0,12,0,[0|0]
102150501,,2150,501,1,0,[0|0],2150501,0,7,0,12,0,[0|0]
102150505,,2150,505,1,0,[0|0],2150505,0,0,0,12,0,[0|0]
102150506,,2150,506,1,0,[0|0],2150506,0,0,0,12,0,[0|0]
102150509,,2150,509,1,0,[0|0],2150509,0,8,0,12,0,[0|0]
102150510,,2150,510,1,0,[0|0],2150510,0,6,0,12,0,[0|0]
102150511,,2150,511,1,0,[0|0],2150511,0,7,0,12,0,[0|0]
102150515,,2150,515,1,0,[0|0],2150515,0,0,0,12,0,[0|0]
102150516,,2150,516,1,0,[0|0],2150516,0,0,0,12,0,[0|0]
102150517,,2150,517,1,0,[0|0],2150517,0,0,0,12,0,[0|0]
102150520,,2150,520,1,0,[0|0],2150520,0,0,0,12,0,[0|0]
102150530,,2150,530,1,0,[0|0],2150530,0,6,0,12,0,[0|0]
102150531,,2150,531,1,0,[0|0],2150531,0,7,0,12,0,[0|0]
102150540,,2150,540,1,0,[0|0],2150540,0,0,0,12,0,[0|0]
102150550,,2150,550,1,0,[0|0],2150550,0,13,0,12,0,[0|0]
102150560,,2150,560,1,0,[0|0],2150560,0,6,0,12,0,[0|0]
102150561,,2150,561,1,0,[0|0],2150561,0,7,0,12,0,[0|0]
102150590,,2150,590,1,0,[0|0],2150590,0,0,0,0,0,[0|0]
102150591,,2150,591,1,0,[0|0],2150591,0,10,0,0,0,[0|0]
102150800,,2150,800,1,0,[0|0],2150800,0,7,0,1,0,[0|0]
102150803,,2150,803,1,0,[0|0],2150803,0,7,0,2,0,[0|0]
102150810,,2150,810,1,0,[0|0],2150810,0,7,0,1,0,[0|0]
102150813,,2150,813,1,0,[0|0],2150813,0,7,0,2,0,[0|0]
102150820,,2150,820,1,0,[0|0],2150820,0,7,0,1,0,[0|0]
102150823,,2150,823,1,0,[0|0],2150823,0,7,0,2,0,[0|0]
102150830,,2150,830,1,0,[0|0],2150830,0,7,0,1,0,[0|0]
102150833,,2150,833,1,0,[0|0],2150833,0,7,0,2,0,[0|0]
102150860,,2150,860,1,0,[0|0],2150860,0,9,0,1,0,[0|0]
102150863,,2150,863,1,0,[0|0],2150863,0,9,0,2,0,[0|0]
102150870,,2150,870,1,0,[0|0],2150870,0,7,0,1,0,[0|0]
102150873,,2150,873,1,0,[0|0],2150873,0,7,0,2,0,[0|0]
102150880,,2150,880,1,0,[0|0],2150880,0,7,0,1,0,[0|0]
102150883,,2150,883,1,0,[0|0],2150883,0,7,0,2,0,[0|0]
102150890,,2150,890,1,0,[0|0],2150890,0,12,0,1,0,[0|0]
102150893,,2150,893,1,0,[0|0],2150893,0,12,0,2,0,[0|0]
102151000,,2151,0,1,0,[0|0],2151000,0,8,0,1,0,[0|0]
102151010,,2151,10,1,0,[0|0],2151010,0,8,0,1,0,[0|0]
102151020,,2151,20,1,0,[0|0],2151020,0,8,0,1,0,[0|0]
102151030,,2151,30,1,0,[0|0],2151030,0,8,0,1,0,[0|0]
102151040,,2151,40,1,0,[0|0],2151040,0,8,0,1,0,[0|0]
102151050,,2151,50,1,0,[0|0],2151050,0,8,0,1,0,[0|0]
102151100,,2151,100,1,0,[0|0],2151100,0,13,0,1,0,[0|0]
102151105,,2151,105,1,0,[0|0],2151105,0,20,0,1,0,[0|0]
102151110,,2151,110,1,0,[0|0],2151110,0,13,0,1,0,[0|0]
102151115,,2151,115,1,0,[0|0],2151115,0,20,0,1,0,[0|0]
102151120,,2151,120,1,0,[0|0],2151120,0,9,0,1,0,[0|0]
102151125,,2151,125,1,0,[0|0],2151125,0,13,0,1,0,[0|0]
102151130,,2151,130,1,0,[0|0],2151130,0,7,0,1,0,[0|0]
102151140,,2151,140,1,0,[0|0],2151140,0,7,0,1,0,[0|0]
102151150,,2151,150,1,0,[0|0],2151150,0,17,0,1,0,[0|0]
102151155,,2151,155,1,0,[0|0],2151155,0,17,0,1,0,[0|0]
102151160,,2151,160,1,0,[0|0],2151160,0,23,0,1,0,[0|0]
102151165,,2151,165,1,0,[0|0],2151165,0,23,0,1,0,[0|0]
102151180,,2151,180,1,0,[0|0],2151180,0,13,0,1,0,[0|0]
102151200,,2151,200,1,0,[0|0],2151200,0,7,0,12,0,[0|0]
102151203,,2151,203,1,0,[0|0],2151203,0,7,0,12,0,[0|0]
102151210,,2151,210,1,0,[0|0],2151210,0,7,0,12,0,[0|0]
102151213,,2151,213,1,0,[0|0],2151213,0,7,0,12,0,[0|0]
102151220,,2151,220,1,0,[0|0],2151220,0,7,0,12,0,[0|0]
102151230,,2151,230,1,0,[0|0],2151230,0,7,0,12,0,[0|0]
102151233,,2151,233,1,0,[0|0],2151233,0,7,0,12,0,[0|0]
102151240,,2151,240,1,0,[0|0],2151240,0,7,0,12,0,[0|0]
102151250,,2151,250,1,0,[0|0],2151250,0,7,0,12,0,[0|0]
102151253,,2151,253,1,0,[0|0],2151253,0,7,0,12,0,[0|0]
102151300,,2151,300,1,0,[0|0],2151300,0,12,0,12,0,[0|0]
102151303,,2151,303,1,0,[0|0],2151303,0,12,0,12,0,[0|0]
102151305,,2151,305,1,0,[0|0],2151305,0,18,0,12,0,[0|0]
102151308,,2151,308,1,0,[0|0],2151308,0,18,0,12,0,[0|0]
102151310,,2151,310,1,0,[0|0],2151310,0,12,0,12,0,[0|0]
102151313,,2151,313,1,0,[0|0],2151313,0,12,0,12,0,[0|0]
102151315,,2151,315,1,0,[0|0],2151315,0,18,0,12,0,[0|0]
102151318,,2151,318,1,0,[0|0],2151318,0,18,0,12,0,[0|0]
102151320,,2151,320,1,0,[0|0],2151320,0,9,0,12,0,[0|0]
102151323,,2151,323,1,0,[0|0],2151323,0,9,0,12,0,[0|0]
102151325,,2151,325,1,0,[0|0],2151325,0,12,0,12,0,[0|0]
102151328,,2151,328,1,0,[0|0],2151328,0,12,0,12,0,[0|0]
102151330,,2151,330,1,0,[0|0],2151330,0,7,0,12,0,[0|0]
102151333,,2151,333,1,0,[0|0],2151333,0,7,0,12,0,[0|0]
102151340,,2151,340,1,0,[0|0],2151340,0,7,0,12,0,[0|0]
102151343,,2151,343,1,0,[0|0],2151343,0,7,0,12,0,[0|0]
102151350,,2151,350,1,0,[0|0],2151350,0,12,0,12,0,[0|0]
102151353,,2151,353,1,0,[0|0],2151353,0,12,0,12,0,[0|0]
102151355,,2151,355,1,0,[0|0],2151355,0,12,0,12,0,[0|0]
102151358,,2151,358,1,0,[0|0],2151358,0,12,0,12,0,[0|0]
102151360,,2151,360,1,0,[0|0],2151360,0,17,0,12,0,[0|0]
102151363,,2151,363,1,0,[0|0],2151363,0,17,0,12,0,[0|0]
102151365,,2151,365,1,0,[0|0],2151365,0,17,0,12,0,[0|0]
102151368,,2151,368,1,0,[0|0],2151368,0,17,0,12,0,[0|0]
102151380,,2151,380,1,0,[0|0],2151380,0,12,0,12,0,[0|0]
102151381,,2151,381,1,0,[0|0],2151381,0,12,0,12,0,[0|0]
102151400,,2151,400,1,0,[0|0],2151400,0,8,0,2,0,[0|0]
102151410,,2151,410,1,0,[0|0],2151410,0,8,0,2,0,[0|0]
102151420,,2151,420,1,0,[0|0],2151420,0,8,0,2,0,[0|0]
102151430,,2151,430,1,0,[0|0],2151430,0,8,0,2,0,[0|0]
102151440,,2151,440,1,0,[0|0],2151440,0,8,0,2,0,[0|0]
102151450,,2151,450,1,0,[0|0],2151450,0,8,0,2,0,[0|0]
102151460,,2151,460,1,0,[0|0],2151460,0,0,0,0,0,[0|0]
102151470,,2151,470,1,0,[0|0],2151470,0,0,0,0,0,[0|0]
102151480,,2151,480,1,0,[0|0],2151480,0,0,0,0,0,[0|0]
102151500,,2151,500,1,0,[0|0],2151500,0,6,0,12,0,[0|0]
102151501,,2151,501,1,0,[0|0],2151501,0,7,0,12,0,[0|0]
102151505,,2151,505,1,0,[0|0],2151505,0,0,0,12,0,[0|0]
102151506,,2151,506,1,0,[0|0],2151506,0,0,0,12,0,[0|0]
102151509,,2151,509,1,0,[0|0],2151509,0,8,0,12,0,[0|0]
102151510,,2151,510,1,0,[0|0],2151510,0,6,0,12,0,[0|0]
102151511,,2151,511,1,0,[0|0],2151511,0,7,0,12,0,[0|0]
102151515,,2151,515,1,0,[0|0],2151515,0,0,0,12,0,[0|0]
102151516,,2151,516,1,0,[0|0],2151516,0,0,0,12,0,[0|0]
102151517,,2151,517,1,0,[0|0],2151517,0,0,0,12,0,[0|0]
102151520,,2151,520,1,0,[0|0],2151520,0,0,0,12,0,[0|0]
102151530,,2151,530,1,0,[0|0],2151530,0,6,0,12,0,[0|0]
102151531,,2151,531,1,0,[0|0],2151531,0,7,0,12,0,[0|0]
102151540,,2151,540,1,0,[0|0],2151540,0,0,0,12,0,[0|0]
102151550,,2151,550,1,0,[0|0],2151550,0,13,0,12,0,[0|0]
102151560,,2151,560,1,0,[0|0],2151560,0,6,0,12,0,[0|0]
102151561,,2151,561,1,0,[0|0],2151561,0,7,0,12,0,[0|0]
102151590,,2151,590,1,0,[0|0],2151590,0,0,0,0,0,[0|0]
102151591,,2151,591,1,0,[0|0],2151591,0,10,0,0,0,[0|0]
102151600,,2151,600,1,0,[0|0],2151600,0,8,0,12,0,[0|0]
102151605,,2151,605,1,0,[0|0],2151605,0,8,0,12,0,[0|0]
102151610,,2151,610,1,0,[0|0],2151610,0,8,0,12,0,[0|0]
102151630,,2151,630,1,0,[0|0],2151630,0,0,0,12,0,[0|0]
102151632,,2151,632,1,0,[0|0],2151632,0,13,0,12,0,[0|0]
102151635,,2151,635,1,0,[0|0],2151635,0,20,0,12,0,[0|0]
102151640,,2151,640,1,0,[0|0],2151640,0,0,0,12,0,[0|0]
102151642,,2151,642,1,0,[0|0],2151642,0,13,0,12,0,[0|0]
102151645,,2151,645,1,0,[0|0],2151645,0,20,0,12,0,[0|0]
102151650,,2151,650,1,0,[0|0],2151650,0,18,0,12,0,[0|0]
102151660,,2151,660,1,0,[0|0],2151660,0,18,0,12,0,[0|0]
102151665,,2151,665,1,0,[0|0],2151665,0,18,0,12,0,[0|0]
102151700,,2151,700,1,0,[0|0],2151700,0,8,0,12,0,[0|0]
102151705,,2151,705,1,0,[0|0],2151705,0,8,0,12,0,[0|0]
102151710,,2151,710,1,0,[0|0],2151710,0,8,0,12,0,[0|0]
102151730,,2151,730,1,0,[0|0],2151730,0,0,0,12,0,[0|0]
102151732,,2151,732,1,0,[0|0],2151732,0,13,0,12,0,[0|0]
102151735,,2151,735,1,0,[0|0],2151735,0,20,0,12,0,[0|0]
102151740,,2151,740,1,0,[0|0],2151740,0,0,0,12,0,[0|0]
102151742,,2151,742,1,0,[0|0],2151742,0,13,0,12,0,[0|0]
102151745,,2151,745,1,0,[0|0],2151745,0,20,0,12,0,[0|0]
102151750,,2151,750,1,0,[0|0],2151750,0,18,0,12,0,[0|0]
102151760,,2151,760,1,0,[0|0],2151760,0,18,0,12,0,[0|0]
102151765,,2151,765,1,0,[0|0],2151765,0,18,0,12,0,[0|0]
102151800,,2151,800,1,0,[0|0],2151800,0,7,0,1,0,[0|0]
102151805,,2151,805,1,0,[0|0],2151805,0,7,0,2,0,[0|0]
102151810,,2151,810,1,0,[0|0],2151810,0,7,0,1,0,[0|0]
102151815,,2151,815,1,0,[0|0],2151815,0,7,0,2,0,[0|0]
102151820,,2151,820,1,0,[0|0],2151820,0,7,0,1,0,[0|0]
102151825,,2151,825,1,0,[0|0],2151825,0,7,0,2,0,[0|0]
102151830,,2151,830,1,0,[0|0],2151830,0,7,0,1,0,[0|0]
102151835,,2151,835,1,0,[0|0],2151835,0,7,0,2,0,[0|0]
102151840,,2151,840,1,0,[0|0],2151840,0,7,0,1,0,[0|0]
102151845,,2151,845,1,0,[0|0],2151845,0,7,0,2,0,[0|0]
102151850,,2151,850,1,0,[0|0],2151850,0,7,0,1,0,[0|0]
102151855,,2151,855,1,0,[0|0],2151855,0,7,0,2,0,[0|0]
102151860,,2151,860,1,0,[0|0],2151860,0,9,0,1,0,[0|0]
102151865,,2151,865,1,0,[0|0],2151865,0,9,0,2,0,[0|0]
102151870,,2151,870,1,0,[0|0],2151870,0,7,0,1,0,[0|0]
102151875,,2151,875,1,0,[0|0],2151875,0,7,0,2,0,[0|0]
102151880,,2151,880,1,0,[0|0],2151880,0,7,0,1,0,[0|0]
102151885,,2151,885,1,0,[0|0],2151885,0,7,0,2,0,[0|0]
102151890,,2151,890,1,0,[0|0],2151890,0,17,0,1,0,[0|0]
102151895,,2151,895,1,0,[0|0],2151895,0,17,0,2,0,[0|0]
102200000,,2200,0,1,0,[0|0],2200000,0,8,0,1,0,[0|0]
102200010,,2200,10,1,0,[0|0],2200010,0,8,0,1,0,[0|0]
102200020,,2200,20,1,0,[0|0],2200020,0,8,0,1,0,[0|0]
102200030,,2200,30,1,0,[0|0],2200030,0,8,0,1,0,[0|0]
102200040,,2200,40,1,0,[0|0],2200040,0,8,0,1,0,[0|0]
102200050,,2200,50,1,0,[0|0],2200050,0,8,0,1,0,[0|0]
102200100,,2200,100,1,0,[0|0],2200100,0,13,0,1,0,[0|0]
102200105,,2200,105,1,0,[0|0],2200105,0,20,0,1,0,[0|0]
102200110,,2200,110,1,0,[0|0],2200110,0,13,0,1,0,[0|0]
102200115,,2200,115,1,0,[0|0],2200115,0,20,0,1,0,[0|0]
102200120,,2200,120,1,0,[0|0],2200120,0,9,0,1,0,[0|0]
102200125,,2200,125,1,0,[0|0],2200125,0,13,0,1,0,[0|0]
102200130,,2200,130,1,0,[0|0],2200130,0,7,0,1,0,[0|0]
102200140,,2200,140,1,0,[0|0],2200140,0,7,0,1,0,[0|0]
102200141,,2200,141,1,0,[0|0],2200141,0,0,0,1,0,[0|0]
102200150,,2200,150,1,0,[0|0],2200150,0,17,0,1,0,[0|0]
102200155,,2200,155,1,0,[0|0],2200155,0,17,0,1,0,[0|0]
102200160,,2200,160,1,0,[0|0],2200160,0,23,0,1,0,[0|0]
102200165,,2200,165,1,0,[0|0],2200165,0,23,0,1,0,[0|0]
102200180,,2200,180,1,0,[0|0],2200180,0,13,0,1,0,[0|0]
102200200,,2200,200,1,0,[0|0],2200200,0,7,0,12,0,[0|0]
102200205,,2200,205,1,0,[0|0],2200205,0,7,0,12,0,[0|0]
102200210,,2200,210,1,0,[0|0],2200210,0,7,0,12,0,[0|0]
102200215,,2200,215,1,0,[0|0],2200215,0,7,0,12,0,[0|0]
102200220,,2200,220,1,0,[0|0],2200220,0,7,0,12,0,[0|0]
102200225,,2200,225,1,0,[0|0],2200225,0,7,0,12,0,[0|0]
102200230,,2200,230,1,0,[0|0],2200230,0,7,0,12,0,[0|0]
102200240,,2200,240,1,0,[0|0],2200240,0,7,0,12,0,[0|0]
102200245,,2200,245,1,0,[0|0],2200245,0,7,0,12,0,[0|0]
102200250,,2200,250,1,0,[0|0],2200250,0,7,0,12,0,[0|0]
102200255,,2200,255,1,0,[0|0],2200255,0,7,0,12,0,[0|0]
102200300,,2200,300,1,0,[0|0],2200300,0,18,0,12,0,[0|0]
102200305,,2200,305,1,0,[0|0],2200305,0,18,0,12,0,[0|0]
102200306,,2200,306,1,0,[0|0],2200306,0,18,0,12,0,[0|0]
102200310,,2200,310,1,0,[0|0],2200310,0,18,0,12,0,[0|0]
102200315,,2200,315,1,0,[0|0],2200315,0,18,0,12,0,[0|0]
102200316,,2200,316,1,0,[0|0],2200316,0,18,0,12,0,[0|0]
102200320,,2200,320,1,0,[0|0],2200320,0,9,0,12,0,[0|0]
102200321,,2200,321,1,0,[0|0],2200321,0,9,0,12,0,[0|0]
102200325,,2200,325,1,0,[0|0],2200325,0,12,0,12,0,[0|0]
102200326,,2200,326,1,0,[0|0],2200326,0,6,0,12,0,[0|0]
102200327,,2200,327,1,0,[0|0],2200327,0,6,0,12,0,[0|0]
102200330,,2200,330,1,0,[0|0],2200330,0,7,0,12,0,[0|0]
102200331,,2200,331,1,0,[0|0],2200331,0,7,0,12,0,[0|0]
102200340,,2200,340,1,0,[0|0],2200340,0,7,0,12,0,[0|0]
102200341,,2200,341,1,0,[0|0],2200341,0,7,0,12,0,[0|0]
102200350,,2200,350,1,0,[0|0],2200350,0,12,0,12,0,[0|0]
102200351,,2200,351,1,0,[0|0],2200351,0,12,0,12,0,[0|0]
102200355,,2200,355,1,0,[0|0],2200355,0,17,0,12,0,[0|0]
102200360,,2200,360,1,0,[0|0],2200360,0,17,0,12,0,[0|0]
102200361,,2200,361,1,0,[0|0],2200361,0,17,0,12,0,[0|0]
102200365,,2200,365,1,0,[0|0],2200365,0,22,0,12,0,[0|0]
102200380,,2200,380,1,0,[0|0],2200380,0,12,0,12,0,[0|0]
102200381,,2200,381,1,0,[0|0],2200381,0,12,0,12,0,[0|0]
102200400,,2200,400,1,0,[0|0],2200400,0,8,0,2,0,[0|0]
102200410,,2200,410,1,0,[0|0],2200410,0,8,0,2,0,[0|0]
102200420,,2200,420,1,0,[0|0],2200420,0,8,0,2,0,[0|0]
102200430,,2200,430,1,0,[0|0],2200430,0,8,0,2,0,[0|0]
102200440,,2200,440,1,0,[0|0],2200440,0,8,0,2,0,[0|0]
102200450,,2200,450,1,0,[0|0],2200450,0,8,0,2,0,[0|0]
102200460,,2200,460,1,0,[0|0],2200460,0,0,0,0,0,[0|0]
102200470,,2200,470,1,0,[0|0],2200470,0,0,0,0,0,[0|0]
102200480,,2200,480,1,0,[0|0],2200480,0,0,0,0,0,[0|0]
102200500,,2200,500,1,0,[0|0],2200500,0,6,0,12,0,[0|0]
102200501,,2200,501,1,0,[0|0],2200501,0,7,0,12,0,[0|0]
102200505,,2200,505,1,0,[0|0],2200505,0,0,0,12,0,[0|0]
102200506,,2200,506,1,0,[0|0],2200506,0,0,0,12,0,[0|0]
102200509,,2200,509,1,0,[0|0],2200509,0,8,0,12,0,[0|0]
102200510,,2200,510,1,0,[0|0],2200510,0,6,0,12,0,[0|0]
102200511,,2200,511,1,0,[0|0],2200511,0,7,0,12,0,[0|0]
102200515,,2200,515,1,0,[0|0],2200515,0,0,0,12,0,[0|0]
102200516,,2200,516,1,0,[0|0],2200516,0,0,0,12,0,[0|0]
102200517,,2200,517,1,0,[0|0],2200517,0,0,0,12,0,[0|0]
102200520,,2200,520,1,0,[0|0],2200520,0,0,0,12,0,[0|0]
102200530,,2200,530,1,0,[0|0],2200530,0,6,0,12,0,[0|0]
102200531,,2200,531,1,0,[0|0],2200531,0,7,0,12,0,[0|0]
102200540,,2200,540,1,0,[0|0],2200540,0,0,0,12,0,[0|0]
102200550,,2200,550,1,0,[0|0],2200550,0,13,0,12,0,[0|0]
102200560,,2200,560,1,0,[0|0],2200560,0,6,0,12,0,[0|0]
102200561,,2200,561,1,0,[0|0],2200561,0,7,0,12,0,[0|0]
102200590,,2200,590,1,0,[0|0],2200590,0,0,0,0,0,[0|0]
102200591,,2200,591,1,0,[0|0],2200591,0,10,0,0,0,[0|0]
102200600,,2200,600,1,0,[0|0],2200600,0,8,0,12,0,[0|0]
102200605,,2200,605,1,0,[0|0],2200605,0,8,0,12,0,[0|0]
102200610,,2200,610,1,0,[0|0],2200610,0,8,0,12,0,[0|0]
102200630,,2200,630,1,0,[0|0],2200630,0,0,0,12,0,[0|0]
102200632,,2200,632,1,0,[0|0],2200632,0,13,0,12,0,[0|0]
102200635,,2200,635,1,0,[0|0],2200635,0,20,0,12,0,[0|0]
102200640,,2200,640,1,0,[0|0],2200640,0,0,0,12,0,[0|0]
102200642,,2200,642,1,0,[0|0],2200642,0,13,0,12,0,[0|0]
102200645,,2200,645,1,0,[0|0],2200645,0,20,0,12,0,[0|0]
102200650,,2200,650,1,0,[0|0],2200650,0,18,0,12,0,[0|0]
102200660,,2200,660,1,0,[0|0],2200660,0,23,0,12,0,[0|0]
102200665,,2200,665,1,0,[0|0],2200665,0,13,0,12,0,[0|0]
102200700,,2200,700,1,0,[0|0],2200700,0,8,0,12,0,[0|0]
102200705,,2200,705,1,0,[0|0],2200705,0,8,0,12,0,[0|0]
102200710,,2200,710,1,0,[0|0],2200710,0,8,0,12,0,[0|0]
102200730,,2200,730,1,0,[0|0],2200730,0,0,0,12,0,[0|0]
102200732,,2200,732,1,0,[0|0],2200732,0,13,0,12,0,[0|0]
102200735,,2200,735,1,0,[0|0],2200735,0,20,0,12,0,[0|0]
102200740,,2200,740,1,0,[0|0],2200740,0,0,0,12,0,[0|0]
102200742,,2200,742,1,0,[0|0],2200742,0,13,0,12,0,[0|0]
102200745,,2200,745,1,0,[0|0],2200745,0,20,0,12,0,[0|0]
102200750,,2200,750,1,0,[0|0],2200750,0,18,0,12,0,[0|0]
102200760,,2200,760,1,0,[0|0],2200760,0,23,0,12,0,[0|0]
102200765,,2200,765,1,0,[0|0],2200765,0,13,0,12,0,[0|0]
102200800,,2200,800,1,0,[0|0],2200800,0,7,0,1,0,[0|0]
102200805,,2200,805,1,0,[0|0],2200805,0,7,0,2,0,[0|0]
102200810,,2200,810,1,0,[0|0],2200810,0,7,0,1,0,[0|0]
102200815,,2200,815,1,0,[0|0],2200815,0,7,0,2,0,[0|0]
102200820,,2200,820,1,0,[0|0],2200820,0,7,0,1,0,[0|0]
102200825,,2200,825,1,0,[0|0],2200825,0,7,0,2,0,[0|0]
102200830,,2200,830,1,0,[0|0],2200830,0,7,0,1,0,[0|0]
102200840,,2200,840,1,0,[0|0],2200840,0,7,0,1,0,[0|0]
102200845,,2200,845,1,0,[0|0],2200845,0,7,0,2,0,[0|0]
102200850,,2200,850,1,0,[0|0],2200850,0,7,0,1,0,[0|0]
102200855,,2200,855,1,0,[0|0],2200855,0,7,0,2,0,[0|0]
102200860,,2200,860,1,0,[0|0],2200860,0,9,0,1,0,[0|0]
102200865,,2200,865,1,0,[0|0],2200865,0,9,0,2,0,[0|0]
102200870,,2200,870,1,0,[0|0],2200870,0,7,0,1,0,[0|0]
102200875,,2200,875,1,0,[0|0],2200875,0,7,0,2,0,[0|0]
102200880,,2200,880,1,0,[0|0],2200880,0,7,0,1,0,[0|0]
102200885,,2200,885,1,0,[0|0],2200885,0,7,0,2,0,[0|0]
102200890,,2200,890,1,0,[0|0],2200890,0,12,0,1,0,[0|0]
102200895,,2200,895,1,0,[0|0],2200895,0,17,0,2,0,[0|0]
102200896,,2200,896,1,0,[0|0],2200896,0,22,0,1,0,[0|0]
102201100,,2201,100,1,0,[0|0],2201100,0,13,0,1,0,[0|0]
102201105,,2201,105,1,0,[0|0],2201105,0,23,0,1,0,[0|0]
102201110,,2201,110,1,0,[0|0],2201110,0,13,0,1,0,[0|0]
102201115,,2201,115,1,0,[0|0],2201115,0,23,0,1,0,[0|0]
102201150,,2201,150,1,0,[0|0],2201150,0,20,0,1,0,[0|0]
102201160,,2201,160,1,0,[0|0],2201160,0,27,0,1,0,[0|0]
102201300,,2201,300,1,0,[0|0],2201300,0,12,0,12,0,[0|0]
102201303,,2201,303,1,0,[0|0],2201303,0,12,0,12,0,[0|0]
102201305,,2201,305,1,0,[0|0],2201305,0,20,0,12,0,[0|0]
102201308,,2201,308,1,0,[0|0],2201308,0,20,0,12,0,[0|0]
102201310,,2201,310,1,0,[0|0],2201310,0,12,0,12,0,[0|0]
102201313,,2201,313,1,0,[0|0],2201313,0,12,0,12,0,[0|0]
102201315,,2201,315,1,0,[0|0],2201315,0,20,0,12,0,[0|0]
102201318,,2201,318,1,0,[0|0],2201318,0,20,0,12,0,[0|0]
102201350,,2201,350,1,0,[0|0],2201350,0,15,0,12,0,[0|0]
102201351,,2201,351,1,0,[0|0],2201351,0,15,0,12,0,[0|0]
102201360,,2201,360,1,0,[0|0],2201360,0,20,0,12,0,[0|0]
102201361,,2201,361,1,0,[0|0],2201361,0,20,0,12,0,[0|0]
102300000,,2300,0,1,0,[0|0],2300000,0,20,0,1,0,[0|0]
102300001,,2300,1,1,0,[0|0],2300001,0,0,0,1,0,[0|0]
102300002,,2300,2,1,0,[0|0],2300002,0,0,0,1,0,[0|0]
102300010,,2300,10,1,0,[0|0],2300010,0,20,0,1,0,[0|0]
102300020,,2300,20,1,0,[0|0],2300020,0,20,0,1,0,[0|0]
102300100,,2300,100,1,0,[0|0],2300100,0,30,0,1,0,[0|0]
102300105,,2300,105,1,0,[0|0],2300105,0,40,0,1,0,[0|0]
102300110,,2300,110,1,0,[0|0],2300110,0,30,0,1,0,[0|0]
102300115,,2300,115,1,0,[0|0],2300115,0,40,0,1,0,[0|0]
102300120,,2300,120,1,0,[0|0],2300120,0,24,0,1,0,[0|0]
102300125,,2300,125,1,0,[0|0],2300125,0,30,0,1,0,[0|0]
102300130,,2300,130,1,0,[0|0],2300130,0,16,0,1,0,[0|0]
102300140,,2300,140,1,0,[0|0],2300140,0,16,0,1,0,[0|0]
102300150,,2300,150,1,0,[0|0],2300150,0,26,0,1,0,[0|0]
102300155,,2300,155,1,0,[0|0],2300155,0,26,0,1,0,[0|0]
102300160,,2300,160,1,0,[0|0],2300160,0,40,0,1,0,[0|0]
102300165,,2300,165,1,0,[0|0],2300165,0,40,0,1,0,[0|0]
102300180,,2300,180,1,0,[0|0],2300180,0,30,0,1,0,[0|0]
102300200,,2300,200,1,0,[0|0],2300200,0,24,0,12,0,[0|0]
102300210,,2300,210,1,0,[0|0],2300210,0,24,0,12,0,[0|0]
102300220,,2300,220,1,0,[0|0],2300220,0,24,0,12,0,[0|0]
102300300,,2300,300,1,0,[0|0],2300300,0,36,0,12,0,[0|0]
102300305,,2300,305,1,0,[0|0],2300305,0,48,0,12,0,[0|0]
102300310,,2300,310,1,0,[0|0],2300310,0,36,0,12,0,[0|0]
102300315,,2300,315,1,0,[0|0],2300315,0,48,0,12,0,[0|0]
102300320,,2300,320,1,0,[0|0],2300320,0,28,0,12,0,[0|0]
102300325,,2300,325,1,0,[0|0],2300325,0,36,0,12,0,[0|0]
102300330,,2300,330,1,0,[0|0],2300330,0,20,0,12,0,[0|0]
102300331,,2300,331,1,0,[0|0],2300331,0,20,0,12,0,[0|0]
102300340,,2300,340,1,0,[0|0],2300340,0,20,0,12,0,[0|0]
102300350,,2300,350,1,0,[0|0],2300350,0,30,0,12,0,[0|0]
102300355,,2300,355,1,0,[0|0],2300355,0,30,0,12,0,[0|0]
102300360,,2300,360,1,0,[0|0],2300360,0,46,0,12,0,[0|0]
102300365,,2300,365,1,0,[0|0],2300365,0,46,0,12,0,[0|0]
102300380,,2300,380,1,0,[0|0],2300380,0,36,0,12,0,[0|0]
102300400,,2300,400,1,0,[0|0],2300400,0,20,0,2,0,[0|0]
102300410,,2300,410,1,0,[0|0],2300410,0,20,0,2,0,[0|0]
102300420,,2300,420,1,0,[0|0],2300420,0,20,0,2,0,[0|0]
102300460,,2300,460,1,0,[0|0],2300460,0,0,0,0,0,[0|0]
102300470,,2300,470,1,0,[0|0],2300470,0,0,0,0,0,[0|0]
102300480,,2300,480,1,0,[0|0],2300480,0,0,0,0,0,[0|0]
102300500,,2300,500,1,0,[0|0],2300500,0,12,0,12,0,[0|0]
102300501,,2300,501,1,0,[0|0],2300501,0,13,0,12,0,[0|0]
102300505,,2300,505,1,0,[0|0],2300505,0,0,0,12,0,[0|0]
102300509,,2300,509,1,0,[0|0],2300509,0,20,0,12,0,[0|0]
102300510,,2300,510,1,0,[0|0],2300510,0,12,0,12,0,[0|0]
102300511,,2300,511,1,0,[0|0],2300511,0,13,0,12,0,[0|0]
102300515,,2300,515,1,0,[0|0],2300515,0,0,0,12,0,[0|0]
102300516,,2300,516,1,0,[0|0],2300516,0,0,0,12,0,[0|0]
102300520,,2300,520,1,0,[0|0],2300520,0,0,0,12,0,[0|0]
102300530,,2300,530,1,0,[0|0],2300530,0,12,0,12,0,[0|0]
102300531,,2300,531,1,0,[0|0],2300531,0,13,0,12,0,[0|0]
102300540,,2300,540,1,0,[0|0],2300540,0,0,0,12,0,[0|0]
102300550,,2300,550,1,0,[0|0],2300550,0,25,0,12,0,[0|0]
102300560,,2300,560,1,0,[0|0],2300560,0,12,0,12,0,[0|0]
102300561,,2300,561,1,0,[0|0],2300561,0,13,0,12,0,[0|0]
102300590,,2300,590,1,0,[0|0],2300590,0,0,0,0,0,[0|0]
102300591,,2300,591,1,0,[0|0],2300591,0,10,0,0,0,[0|0]
102300600,,2300,600,1,0,[0|0],2300600,0,20,0,12,0,[0|0]
102300605,,2300,605,1,0,[0|0],2300605,0,20,0,12,0,[0|0]
102300610,,2300,610,1,0,[0|0],2300610,0,20,0,12,0,[0|0]
102300630,,2300,630,1,0,[0|0],2300630,0,0,0,12,0,[0|0]
102300632,,2300,632,1,0,[0|0],2300632,0,30,0,12,0,[0|0]
102300635,,2300,635,1,0,[0|0],2300635,0,40,0,12,0,[0|0]
102300640,,2300,640,1,0,[0|0],2300640,0,0,0,12,0,[0|0]
102300642,,2300,642,1,0,[0|0],2300642,0,30,0,12,0,[0|0]
102300645,,2300,645,1,0,[0|0],2300645,0,40,0,12,0,[0|0]
102300650,,2300,650,1,0,[0|0],2300650,0,30,0,12,0,[0|0]
102300660,,2300,660,1,0,[0|0],2300660,0,35,0,12,0,[0|0]
102300665,,2300,665,1,0,[0|0],2300665,0,45,0,12,0,[0|0]
102300700,,2300,700,1,0,[0|0],2300700,0,20,0,12,0,[0|0]
102300705,,2300,705,1,0,[0|0],2300705,0,20,0,12,0,[0|0]
102300710,,2300,710,1,0,[0|0],2300710,0,20,0,12,0,[0|0]
102300730,,2300,730,1,0,[0|0],2300730,0,0,0,12,0,[0|0]
102300732,,2300,732,1,0,[0|0],2300732,0,30,0,12,0,[0|0]
102300735,,2300,735,1,0,[0|0],2300735,0,40,0,12,0,[0|0]
102300740,,2300,740,1,0,[0|0],2300740,0,0,0,12,0,[0|0]
102300742,,2300,742,1,0,[0|0],2300742,0,30,0,12,0,[0|0]
102300745,,2300,745,1,0,[0|0],2300745,0,40,0,12,0,[0|0]
102300750,,2300,750,1,0,[0|0],2300750,0,30,0,12,0,[0|0]
102300760,,2300,760,1,0,[0|0],2300760,0,35,0,12,0,[0|0]
102300765,,2300,765,1,0,[0|0],2300765,0,45,0,12,0,[0|0]
102300800,,2300,800,1,0,[0|0],2300800,0,20,0,1,0,[0|0]
102300805,,2300,805,1,0,[0|0],2300805,0,20,0,2,0,[0|0]
102300810,,2300,810,1,0,[0|0],2300810,0,20,0,1,0,[0|0]
102300815,,2300,815,1,0,[0|0],2300815,0,20,0,2,0,[0|0]
102300820,,2300,820,1,0,[0|0],2300820,0,20,0,1,0,[0|0]
102300825,,2300,825,1,0,[0|0],2300825,0,20,0,2,0,[0|0]
102300860,,2300,860,1,0,[0|0],2300860,0,24,0,1,0,[0|0]
102300865,,2300,865,1,0,[0|0],2300865,0,24,0,2,0,[0|0]
102300870,,2300,870,1,0,[0|0],2300870,0,16,0,1,0,[0|0]
102300875,,2300,875,1,0,[0|0],2300875,0,16,0,2,0,[0|0]
102300880,,2300,880,1,0,[0|0],2300880,0,16,0,1,0,[0|0]
102300885,,2300,885,1,0,[0|0],2300885,0,16,0,2,0,[0|0]
102300890,,2300,890,1,0,[0|0],2300890,0,21,0,1,0,[0|0]
102300895,,2300,895,1,0,[0|0],2300895,0,21,0,2,0,[0|0]
102301100,,2301,100,1,0,[0|0],2300100,0,30,0,1,0,[0|0]
102301105,,2301,105,1,0,[0|0],2300105,0,40,0,1,0,[0|0]
102301300,,2301,300,1,0,[0|0],2300300,0,36,0,12,0,[0|0]
102301305,,2301,305,1,0,[0|0],2300305,0,48,0,12,0,[0|0]
102302100,,2302,100,1,0,[0|0],2302100,0,30,0,1,0,[0|0]
102302105,,2302,105,1,0,[0|0],2302105,0,40,0,1,0,[0|0]
102302110,,2302,110,1,0,[0|0],2302110,0,30,0,1,0,[0|0]
102302115,,2302,115,1,0,[0|0],2302115,0,40,0,1,0,[0|0]
102302300,,2302,300,1,0,[0|0],2302300,0,36,0,12,0,[0|0]
102302305,,2302,305,1,0,[0|0],2302305,0,48,0,12,0,[0|0]
102302310,,2302,310,1,0,[0|0],2302310,0,36,0,12,0,[0|0]
102302315,,2302,315,1,0,[0|0],2302315,0,48,0,12,0,[0|0]
102303100,,2303,100,1,0,[0|0],2303100,0,30,0,1,0,[0|0]
102303105,,2303,105,1,0,[0|0],2303105,0,40,0,1,0,[0|0]
102303110,,2303,110,1,0,[0|0],2303110,0,30,0,1,0,[0|0]
102303115,,2303,115,1,0,[0|0],2303115,0,44,0,1,0,[0|0]
102303300,,2303,300,1,0,[0|0],2303300,0,36,0,12,0,[0|0]
102303305,,2303,305,1,0,[0|0],2303305,0,48,0,12,0,[0|0]
102303310,,2303,310,1,0,[0|0],2303310,0,36,0,12,0,[0|0]
102303315,,2303,315,1,0,[0|0],2303315,0,52,0,12,0,[0|0]
102304100,,2304,100,1,0,[0|0],2304100,0,33,0,1,0,[0|0]
102304105,,2304,105,1,0,[0|0],2304105,0,44,0,1,0,[0|0]
102304110,,2304,110,1,0,[0|0],2304110,0,30,0,1,0,[0|0]
102304115,,2304,115,1,0,[0|0],2304115,0,40,0,1,0,[0|0]
102304300,,2304,300,1,0,[0|0],2304300,0,40,0,12,0,[0|0]
102304305,,2304,305,1,0,[0|0],2304305,0,52,0,12,0,[0|0]
102304310,,2304,310,1,0,[0|0],2304310,0,36,0,12,0,[0|0]
102304315,,2304,315,1,0,[0|0],2304315,0,48,0,12,0,[0|0]
102309100,,2309,100,1,0,[0|0],2305100,0,0,0,1,0,[0|0]
102309101,,2309,101,1,0,[0|0],2305101,0,10,0,1,0,[0|0]
102309102,,2309,102,1,0,[0|0],2305102,0,20,0,1,0,[0|0]
102309105,,2309,105,1,0,[0|0],2305105,0,0,0,1,0,[0|0]
102309106,,2309,106,1,0,[0|0],2305106,0,15,0,1,0,[0|0]
102309107,,2309,107,1,0,[0|0],2305107,0,25,0,1,0,[0|0]
102309110,,2309,110,1,0,[0|0],2305110,0,0,0,1,0,[0|0]
102309111,,2309,111,1,0,[0|0],2305111,0,10,0,1,0,[0|0]
102309112,,2309,112,1,0,[0|0],2305112,0,20,0,1,0,[0|0]
102309115,,2309,115,1,0,[0|0],2305115,0,0,0,1,0,[0|0]
102309116,,2309,116,1,0,[0|0],2305116,0,15,0,1,0,[0|0]
102309117,,2309,117,1,0,[0|0],2305117,0,25,0,1,0,[0|0]
102309300,,2309,300,1,0,[0|0],2305300,0,36,0,12,0,[0|0]
102309305,,2309,305,1,0,[0|0],2305305,0,48,0,12,0,[0|0]
102309310,,2309,310,1,0,[0|0],2305310,0,0,0,12,0,[0|0]
102309311,,2309,311,1,0,[0|0],2305311,0,12,0,12,0,[0|0]
102309312,,2309,312,1,0,[0|0],2305312,0,24,0,12,0,[0|0]
102309315,,2309,315,1,0,[0|0],2305315,0,0,0,12,0,[0|0]
102309316,,2309,316,1,0,[0|0],2305316,0,16,0,12,0,[0|0]
102309317,,2309,317,1,0,[0|0],2305317,0,32,0,12,0,[0|0]
102309630,,2309,630,1,0,[0|0],2305630,0,0,0,12,0,[0|0]
102309632,,2309,632,1,0,[0|0],2305632,0,30,0,12,0,[0|0]
102309635,,2309,635,1,0,[0|0],2305635,0,40,0,12,0,[0|0]
102309730,,2309,730,1,0,[0|0],2305730,0,0,0,12,0,[0|0]
102309732,,2309,732,1,0,[0|0],2305732,0,30,0,12,0,[0|0]
102309735,,2309,735,1,0,[0|0],2305735,0,40,0,12,0,[0|0]
102310100,,2310,100,1,0,[0|0],2306100,0,30,0,1,0,[0|0]
102310105,,2310,105,1,0,[0|0],2306105,0,40,0,1,0,[0|0]
102310110,,2310,110,1,0,[0|0],2306110,0,30,0,1,0,[0|0]
102310115,,2310,115,1,0,[0|0],2306115,0,44,0,1,0,[0|0]
102310300,,2310,300,1,0,[0|0],2306300,0,36,0,12,0,[0|0]
102310305,,2310,305,1,0,[0|0],2306305,0,48,0,12,0,[0|0]
102310310,,2310,310,1,0,[0|0],2306310,0,36,0,12,0,[0|0]
102310315,,2310,315,1,0,[0|0],2306315,0,52,0,12,0,[0|0]
102350000,,2350,0,1,0,[0|0],2350000,0,20,0,1,0,[0|0]
102350001,,2350,1,1,0,[0|0],2350001,0,0,0,1,0,[0|0]
102350002,,2350,2,1,0,[0|0],2350002,0,0,0,1,0,[0|0]
102350010,,2350,10,1,0,[0|0],2350010,0,20,0,1,0,[0|0]
102350020,,2350,20,1,0,[0|0],2350020,0,20,0,1,0,[0|0]
102350030,,2350,30,1,0,[0|0],2350030,0,20,0,1,0,[0|0]
102350100,,2350,100,1,0,[0|0],2350100,0,30,0,1,0,[0|0]
102350105,,2350,105,1,0,[0|0],2350105,0,40,0,1,0,[0|0]
102350106,,2350,106,1,0,[0|0],2350106,0,0,0,1,0,[0|0]
102350110,,2350,110,1,0,[0|0],2350110,0,30,0,1,0,[0|0]
102350115,,2350,115,1,0,[0|0],2350115,0,40,0,1,0,[0|0]
102350120,,2350,120,1,0,[0|0],2350120,0,24,0,1,0,[0|0]
102350125,,2350,125,1,0,[0|0],2350125,0,30,0,1,0,[0|0]
102350126,,2350,126,1,0,[0|0],2350126,0,0,0,1,0,[0|0]
102350130,,2350,130,1,0,[0|0],2350130,0,16,0,1,0,[0|0]
102350140,,2350,140,1,0,[0|0],2350140,0,16,0,1,0,[0|0]
102350150,,2350,150,1,0,[0|0],2350150,0,26,0,1,0,[0|0]
102350155,,2350,155,1,0,[0|0],2350155,0,26,0,1,0,[0|0]
102350160,,2350,160,1,0,[0|0],2350160,0,40,0,1,0,[0|0]
102350165,,2350,165,1,0,[0|0],2350165,0,40,0,1,0,[0|0]
102350180,,2350,180,1,0,[0|0],2350180,0,30,0,1,0,[0|0]
102350200,,2350,200,1,0,[0|0],2350200,0,24,0,12,0,[0|0]
102350210,,2350,210,1,0,[0|0],2350210,0,24,0,12,0,[0|0]
102350220,,2350,220,1,0,[0|0],2350220,0,24,0,12,0,[0|0]
102350230,,2350,230,1,0,[0|0],2350230,0,24,0,12,0,[0|0]
102350231,,2350,231,1,0,[0|0],2350231,0,24,0,12,0,[0|0]
102350300,,2350,300,1,0,[0|0],2350300,0,36,0,12,0,[0|0]
102350305,,2350,305,1,0,[0|0],2350305,0,20,0,12,0,[0|0]
102350306,,2350,306,1,0,[0|0],2350306,0,20,0,12,0,[0|0]
102350310,,2350,310,1,0,[0|0],2350310,0,36,0,12,0,[0|0]
102350315,,2350,315,1,0,[0|0],2350315,0,15,0,12,0,[0|0]
102350316,,2350,316,1,0,[0|0],2350316,0,15,0,12,0,[0|0]
102350320,,2350,320,1,0,[0|0],2350320,0,28,0,12,0,[0|0]
102350325,,2350,325,1,0,[0|0],2350325,0,36,0,12,0,[0|0]
102350326,,2350,326,1,0,[0|0],2350326,0,0,0,12,0,[0|0]
102350330,,2350,330,1,0,[0|0],2350330,0,20,0,12,0,[0|0]
102350340,,2350,340,1,0,[0|0],2350340,0,20,0,12,0,[0|0]
102350350,,2350,350,1,0,[0|0],2350350,0,30,0,12,0,[0|0]
102350355,,2350,355,1,0,[0|0],2350355,0,30,0,12,0,[0|0]
102350360,,2350,360,1,0,[0|0],2350360,0,46,0,12,0,[0|0]
102350365,,2350,365,1,0,[0|0],2350365,0,46,0,12,0,[0|0]
102350380,,2350,380,1,0,[0|0],2350380,0,36,0,12,0,[0|0]
102350400,,2350,400,1,0,[0|0],2350400,0,20,0,2,0,[0|0]
102350410,,2350,410,1,0,[0|0],2350410,0,20,0,2,0,[0|0]
102350420,,2350,420,1,0,[0|0],2350420,0,20,0,2,0,[0|0]
102350430,,2350,430,1,0,[0|0],2350430,0,20,0,2,0,[0|0]
102350460,,2350,460,1,0,[0|0],2350460,0,0,0,0,0,[0|0]
102350470,,2350,470,1,0,[0|0],2350470,0,0,0,0,0,[0|0]
102350480,,2350,480,1,0,[0|0],2350480,0,0,0,0,0,[0|0]
102350500,,2350,500,1,0,[0|0],2350500,0,12,0,5,0,[0|0]
102350501,,2350,501,1,0,[0|0],2350501,0,13,0,12,0,[0|0]
102350505,,2350,505,1,0,[0|0],2350505,0,0,0,12,0,[0|0]
102350509,,2350,509,1,0,[0|0],2350509,0,20,0,5,0,[0|0]
102350510,,2350,510,1,0,[0|0],2350510,0,12,0,5,0,[0|0]
102350511,,2350,511,1,0,[0|0],2350511,0,13,0,12,0,[0|0]
102350515,,2350,515,1,0,[0|0],2350515,0,0,0,12,0,[0|0]
102350516,,2350,516,1,0,[0|0],2350516,0,0,0,12,0,[0|0]
102350520,,2350,520,1,0,[0|0],2350520,0,0,0,12,0,[0|0]
102350530,,2350,530,1,0,[0|0],2350530,0,12,0,12,0,[0|0]
102350531,,2350,531,1,0,[0|0],2350531,0,13,0,12,0,[0|0]
102350540,,2350,540,1,0,[0|0],2350540,0,0,0,12,0,[0|0]
102350550,,2350,550,1,0,[0|0],2350550,0,25,0,12,0,[0|0]
102350560,,2350,560,1,0,[0|0],2350560,0,12,0,12,0,[0|0]
102350561,,2350,561,1,0,[0|0],2350561,0,13,0,12,0,[0|0]
102350590,,2350,590,1,0,[0|0],2350590,0,0,0,0,0,[0|0]
102350591,,2350,591,1,0,[0|0],2350591,0,10,0,0,0,[0|0]
102400000,,2400,0,1,0,[0|0],2400000,0,9,0,1,0,[0|0]
102400010,,2400,10,1,0,[0|0],2400010,0,9,0,1,0,[0|0]
102400020,,2400,20,1,0,[0|0],2400020,0,9,0,1,0,[0|0]
102400030,,2400,30,1,0,[0|0],2400030,0,9,0,1,0,[0|0]
102400100,,2400,100,1,0,[0|0],2400100,0,15,0,1,0,[0|0]
102400105,,2400,105,1,0,[0|0],2400105,0,22,0,1,0,[0|0]
102400110,,2400,110,1,0,[0|0],2400110,0,15,0,1,0,[0|0]
102400115,,2400,115,1,0,[0|0],2400115,0,22,0,1,0,[0|0]
102400120,,2400,120,1,0,[0|0],2400120,0,10,0,1,0,[0|0]
102400125,,2400,125,1,0,[0|0],2400125,0,15,0,1,0,[0|0]
102400130,,2400,130,1,0,[0|0],2400130,0,8,0,1,0,[0|0]
102400140,,2400,140,1,0,[0|0],2400140,0,8,0,1,0,[0|0]
102400150,,2400,150,1,0,[0|0],2400150,0,18,0,1,0,[0|0]
102400155,,2400,155,1,0,[0|0],2400155,0,18,0,1,0,[0|0]
102400160,,2400,160,1,0,[0|0],2400160,0,24,0,1,0,[0|0]
102400165,,2400,165,1,0,[0|0],2400165,0,24,0,1,0,[0|0]
102400180,,2400,180,1,0,[0|0],2400180,0,14,0,1,0,[0|0]
102400200,,2400,200,1,0,[0|0],2400200,0,11,0,12,0,[0|0]
102400210,,2400,210,1,0,[0|0],2400210,0,11,0,12,0,[0|0]
102400220,,2400,220,1,0,[0|0],2400220,0,11,0,12,0,[0|0]
102400230,,2400,230,1,0,[0|0],2400230,0,11,0,12,0,[0|0]
102400300,,2400,300,1,0,[0|0],2400300,0,18,0,12,0,[0|0]
102400305,,2400,305,1,0,[0|0],2400305,0,27,0,12,0,[0|0]
102400310,,2400,310,1,0,[0|0],2400310,0,18,0,12,0,[0|0]
102400315,,2400,315,1,0,[0|0],2400315,0,27,0,12,0,[0|0]
102400320,,2400,320,1,0,[0|0],2400320,0,12,0,12,0,[0|0]
102400325,,2400,325,1,0,[0|0],2400325,0,18,0,12,0,[0|0]
102400330,,2400,330,1,0,[0|0],2400330,0,10,0,12,0,[0|0]
102400340,,2400,340,1,0,[0|0],2400340,0,10,0,12,0,[0|0]
102400350,,2400,350,1,0,[0|0],2400350,0,20,0,12,0,[0|0]
102400355,,2400,355,1,0,[0|0],2400355,0,20,0,12,0,[0|0]
102400360,,2400,360,1,0,[0|0],2400360,0,27,0,12,0,[0|0]
102400365,,2400,365,1,0,[0|0],2400365,0,27,0,12,0,[0|0]
102400380,,2400,380,1,0,[0|0],2400380,0,17,0,12,0,[0|0]
102400400,,2400,400,1,0,[0|0],2400400,0,9,0,2,0,[0|0]
102400410,,2400,410,1,0,[0|0],2400410,0,9,0,2,0,[0|0]
102400420,,2400,420,1,0,[0|0],2400420,0,9,0,2,0,[0|0]
102400430,,2400,430,1,0,[0|0],2400430,0,9,0,2,0,[0|0]
102400460,,2400,460,1,0,[0|0],2400460,0,0,0,0,0,[0|0]
102400470,,2400,470,1,0,[0|0],2400470,0,0,0,0,0,[0|0]
102400480,,2400,480,1,0,[0|0],2400480,0,0,0,0,0,[0|0]
102400500,,2400,500,1,0,[0|0],2400500,0,14,0,12,0,[0|0]
102400505,,2400,505,1,0,[0|0],2400505,0,0,0,1,0,[0|0]
102400509,,2400,509,1,0,[0|0],2400509,0,9,0,12,0,[0|0]
102400510,,2400,510,1,0,[0|0],2400510,0,14,0,12,0,[0|0]
102400515,,2400,515,1,0,[0|0],2400515,0,0,0,1,0,[0|0]
102400516,,2400,516,1,0,[0|0],2400516,0,0,0,1,0,[0|0]
102400520,,2400,520,1,0,[0|0],2400520,0,0,0,1,0,[0|0]
102400530,,2400,530,1,0,[0|0],2400530,0,14,0,12,0,[0|0]
102400540,,2400,540,1,0,[0|0],2400540,0,0,0,1,0,[0|0]
102400550,,2400,550,1,0,[0|0],2400550,0,14,0,12,0,[0|0]
102400560,,2400,560,1,0,[0|0],2400560,0,14,0,12,0,[0|0]
102400590,,2400,590,1,0,[0|0],2400590,0,0,0,0,0,[0|0]
102400591,,2400,591,1,0,[0|0],2400591,0,10,0,0,0,[0|0]
102400600,,2400,600,1,0,[0|0],2400600,0,9,0,12,0,[0|0]
102400605,,2400,605,1,0,[0|0],2400605,0,9,0,12,0,[0|0]
102400610,,2400,610,1,0,[0|0],2400610,0,9,0,12,0,[0|0]
102400630,,2400,630,1,0,[0|0],2400630,0,0,0,12,0,[0|0]
102400632,,2400,632,1,0,[0|0],2400632,0,15,0,12,0,[0|0]
102400635,,2400,635,1,0,[0|0],2400635,0,22,0,12,0,[0|0]
102400640,,2400,640,1,0,[0|0],2400640,0,0,0,12,0,[0|0]
102400642,,2400,642,1,0,[0|0],2400642,0,15,0,12,0,[0|0]
102400645,,2400,645,1,0,[0|0],2400645,0,22,0,12,0,[0|0]
102400650,,2400,650,1,0,[0|0],2400650,0,19,0,12,0,[0|0]
102400660,,2400,660,1,0,[0|0],2400660,0,20,0,12,0,[0|0]
102400665,,2400,665,1,0,[0|0],2400665,0,20,0,12,0,[0|0]
102400700,,2400,700,1,0,[0|0],2400700,0,9,0,12,0,[0|0]
102400705,,2400,705,1,0,[0|0],2400705,0,9,0,12,0,[0|0]
102400710,,2400,710,1,0,[0|0],2400710,0,9,0,12,0,[0|0]
102400730,,2400,730,1,0,[0|0],2400730,0,0,0,12,0,[0|0]
102400732,,2400,732,1,0,[0|0],2400732,0,15,0,12,0,[0|0]
102400735,,2400,735,1,0,[0|0],2400735,0,22,0,12,0,[0|0]
102400740,,2400,740,1,0,[0|0],2400740,0,0,0,12,0,[0|0]
102400742,,2400,742,1,0,[0|0],2400742,0,15,0,12,0,[0|0]
102400745,,2400,745,1,0,[0|0],2400745,0,22,0,12,0,[0|0]
102400750,,2400,750,1,0,[0|0],2400750,0,19,0,12,0,[0|0]
102400760,,2400,760,1,0,[0|0],2400760,0,20,0,12,0,[0|0]
102400765,,2400,765,1,0,[0|0],2400765,0,20,0,12,0,[0|0]
103000000,,3000,0,1,0,[0|0],3000000,0,9,0,1,0,[0|0]
103000010,,3000,10,1,0,[0|0],3000010,0,9,0,1,0,[0|0]
103000020,,3000,20,1,0,[0|0],3000020,0,9,0,1,0,[0|0]
103000030,,3000,30,1,0,[0|0],3000030,0,9,0,1,0,[0|0]
103000100,,3000,100,1,0,[0|0],3000100,0,15,0,1,0,[0|0]
103000105,,3000,105,1,0,[0|0],3000105,0,22,0,1,0,[0|0]
103000110,,3000,110,1,0,[0|0],3000110,0,15,0,1,0,[0|0]
103000115,,3000,115,1,0,[0|0],3000115,0,22,0,1,0,[0|0]
103000120,,3000,120,1,0,[0|0],3000120,0,10,0,1,0,[0|0]
103000125,,3000,125,1,0,[0|0],3000125,0,15,0,1,0,[0|0]
103000130,,3000,130,1,0,[0|0],3000130,0,8,0,1,0,[0|0]
103000140,,3000,140,1,0,[0|0],3000140,0,8,0,1,0,[0|0]
103000150,,3000,150,1,0,[0|0],3000150,0,18,0,1,0,[0|0]
103000155,,3000,155,1,0,[0|0],3000155,0,18,0,1,0,[0|0]
103000160,,3000,160,1,0,[0|0],3000160,0,24,0,1,0,[0|0]
103000165,,3000,165,1,0,[0|0],3000165,0,24,0,1,0,[0|0]
103000180,,3000,180,1,0,[0|0],3000180,0,14,0,1,0,[0|0]
103000200,,3000,200,1,0,[0|0],3000200,0,11,0,12,0,[0|0]
103000210,,3000,210,1,0,[0|0],3000210,0,11,0,12,0,[0|0]
103000220,,3000,220,1,0,[0|0],3000220,0,11,0,12,0,[0|0]
103000230,,3000,230,1,0,[0|0],3000230,0,11,0,12,0,[0|0]
103000300,,3000,300,1,0,[0|0],3000300,0,18,0,12,0,[0|0]
103000305,,3000,305,1,0,[0|0],3000305,0,27,0,12,0,[0|0]
103000310,,3000,310,1,0,[0|0],3000310,0,18,0,12,0,[0|0]
103000315,,3000,315,1,0,[0|0],3000315,0,27,0,12,0,[0|0]
103000320,,3000,320,1,0,[0|0],3000320,0,12,0,12,0,[0|0]
103000325,,3000,325,1,0,[0|0],3000325,0,18,0,12,0,[0|0]
103000330,,3000,330,1,0,[0|0],3000330,0,10,0,12,0,[0|0]
103000340,,3000,340,1,0,[0|0],3000340,0,10,0,12,0,[0|0]
103000350,,3000,350,1,0,[0|0],3000350,0,20,0,12,0,[0|0]
103000355,,3000,355,1,0,[0|0],3000355,0,20,0,12,0,[0|0]
103000360,,3000,360,1,0,[0|0],3000360,0,27,0,12,0,[0|0]
103000365,,3000,365,1,0,[0|0],3000365,0,27,0,12,0,[0|0]
103000380,,3000,380,1,0,[0|0],3000380,0,17,0,12,0,[0|0]
103000400,,3000,400,1,0,[0|0],3000400,0,9,0,2,0,[0|0]
103000410,,3000,410,1,0,[0|0],3000410,0,9,0,2,0,[0|0]
103000420,,3000,420,1,0,[0|0],3000420,0,9,0,2,0,[0|0]
103000430,,3000,430,1,0,[0|0],3000430,0,9,0,2,0,[0|0]
103000460,,3000,460,1,0,[0|0],3000460,0,0,0,0,0,[0|0]
103000470,,3000,470,1,0,[0|0],3000470,0,0,0,0,0,[0|0]
103000480,,3000,480,1,0,[0|0],3000480,0,0,0,0,0,[0|0]
103000500,,3000,500,1,0,[0|0],3000500,0,7,0,12,0,[0|0]
103000501,,3000,501,1,0,[0|0],3000501,0,7,0,12,0,[0|0]
103000505,,3000,505,1,0,[0|0],3000505,0,0,0,1,0,[0|0]
103000509,,3000,509,1,0,[0|0],3000509,0,9,0,12,0,[0|0]
103000510,,3000,510,1,0,[0|0],3000510,0,7,0,12,0,[0|0]
103000511,,3000,511,1,0,[0|0],3000511,0,7,0,12,0,[0|0]
103000515,,3000,515,1,0,[0|0],3000515,0,0,0,1,0,[0|0]
103000516,,3000,516,1,0,[0|0],3000516,0,0,0,1,0,[0|0]
103000520,,3000,520,1,0,[0|0],3000520,0,0,0,1,0,[0|0]
103000530,,3000,530,1,0,[0|0],3000530,0,7,0,12,0,[0|0]
103000531,,3000,531,1,0,[0|0],3000531,0,7,0,12,0,[0|0]
103000540,,3000,540,1,0,[0|0],3000540,0,0,0,1,0,[0|0]
103000550,,3000,550,1,0,[0|0],3000550,0,14,0,12,0,[0|0]
103000560,,3000,560,1,0,[0|0],3000560,0,7,0,12,0,[0|0]
103000561,,3000,561,1,0,[0|0],3000561,0,7,0,12,0,[0|0]
103000590,,3000,590,1,0,[0|0],3000590,0,0,0,0,0,[0|0]
103000591,,3000,591,1,0,[0|0],3000591,0,10,0,0,0,[0|0]
103000600,,3000,600,1,0,[0|0],3000600,0,9,0,12,0,[0|0]
103000605,,3000,605,1,0,[0|0],3000605,0,9,0,12,0,[0|0]
103000610,,3000,610,1,0,[0|0],3000610,0,9,0,12,0,[0|0]
103000630,,3000,630,1,0,[0|0],3000630,0,0,0,12,0,[0|0]
103000632,,3000,632,1,0,[0|0],3000632,0,15,0,12,0,[0|0]
103000635,,3000,635,1,0,[0|0],3000635,0,22,0,12,0,[0|0]
103000640,,3000,640,1,0,[0|0],3000640,0,0,0,12,0,[0|0]
103000642,,3000,642,1,0,[0|0],3000642,0,15,0,12,0,[0|0]
103000645,,3000,645,1,0,[0|0],3000645,0,22,0,12,0,[0|0]
103000650,,3000,650,1,0,[0|0],3000650,0,19,0,12,0,[0|0]
103000660,,3000,660,1,0,[0|0],3000660,0,30,0,12,0,[0|0]
103000665,,3000,665,1,0,[0|0],3000665,0,30,0,12,0,[0|0]
103000700,,3000,700,1,0,[0|0],3000700,0,9,0,12,0,[0|0]
103000705,,3000,705,1,0,[0|0],3000705,0,9,0,12,0,[0|0]
103000710,,3000,710,1,0,[0|0],3000710,0,9,0,12,0,[0|0]
103000730,,3000,730,1,0,[0|0],3000730,0,0,0,12,0,[0|0]
103000732,,3000,732,1,0,[0|0],3000732,0,15,0,12,0,[0|0]
103000735,,3000,735,1,0,[0|0],3000735,0,22,0,12,0,[0|0]
103000740,,3000,740,1,0,[0|0],3000740,0,0,0,12,0,[0|0]
103000742,,3000,742,1,0,[0|0],3000742,0,15,0,12,0,[0|0]
103000745,,3000,745,1,0,[0|0],3000745,0,22,0,12,0,[0|0]
103000750,,3000,750,1,0,[0|0],3000750,0,19,0,12,0,[0|0]
103000760,,3000,760,1,0,[0|0],3000760,0,30,0,12,0,[0|0]
103000765,,3000,765,1,0,[0|0],3000765,0,30,0,12,0,[0|0]
103001461,,3001,461,1,1,[0|0],2900,0,0,0,0,0,[0|0]
103100000,,3100,0,1,0,[0|0],3100000,0,12,0,1,0,[0|0]
103100010,,3100,10,1,0,[0|0],3100010,0,12,0,1,0,[0|0]
103100020,,3100,20,1,0,[0|0],3100020,0,12,0,1,0,[0|0]
103100030,,3100,30,1,0,[0|0],3100030,0,12,0,1,0,[0|0]
103100100,,3100,100,1,0,[0|0],3100100,0,20,0,1,0,[0|0]
103100105,,3100,105,1,0,[0|0],3100105,0,30,0,1,0,[0|0]
103100110,,3100,110,1,0,[0|0],3100110,0,20,0,1,0,[0|0]
103100115,,3100,115,1,0,[0|0],3100115,0,30,0,1,0,[0|0]
103100120,,3100,120,1,0,[0|0],3100120,0,15,0,1,0,[0|0]
103100125,,3100,125,1,0,[0|0],3100125,0,20,0,1,0,[0|0]
103100130,,3100,130,1,0,[0|0],3100130,0,10,0,1,0,[0|0]
103100140,,3100,140,1,0,[0|0],3100140,0,10,0,1,0,[0|0]
103100150,,3100,150,1,0,[0|0],3100150,0,20,0,1,0,[0|0]
103100155,,3100,155,1,0,[0|0],3100155,0,20,0,1,0,[0|0]
103100160,,3100,160,1,0,[0|0],3100160,0,30,0,1,0,[0|0]
103100165,,3100,165,1,0,[0|0],3100165,0,30,0,1,0,[0|0]
103100180,,3100,180,1,0,[0|0],3100180,0,20,0,1,0,[0|0]
103100200,,3100,200,1,0,[0|0],3100200,0,15,0,12,0,[0|0]
103100210,,3100,210,1,0,[0|0],3100210,0,15,0,12,0,[0|0]
103100220,,3100,220,1,0,[0|0],3100220,0,15,0,12,0,[0|0]
103100230,,3100,230,1,0,[0|0],3100230,0,15,0,12,0,[0|0]
103100300,,3100,300,1,0,[0|0],3100300,0,24,0,12,0,[0|0]
103100305,,3100,305,1,0,[0|0],3100305,0,36,0,12,0,[0|0]
103100310,,3100,310,1,0,[0|0],3100310,0,24,0,12,0,[0|0]
103100315,,3100,315,1,0,[0|0],3100315,0,36,0,12,0,[0|0]
103100320,,3100,320,1,0,[0|0],3100320,0,18,0,12,0,[0|0]
103100325,,3100,325,1,0,[0|0],3100325,0,24,0,12,0,[0|0]
103100330,,3100,330,1,0,[0|0],3100330,0,13,0,12,0,[0|0]
103100340,,3100,340,1,0,[0|0],3100340,0,13,0,12,0,[0|0]
103100350,,3100,350,1,0,[0|0],3100350,0,22,0,12,0,[0|0]
103100355,,3100,355,1,0,[0|0],3100355,0,22,0,12,0,[0|0]
103100360,,3100,360,1,0,[0|0],3100360,0,34,0,12,0,[0|0]
103100365,,3100,365,1,0,[0|0],3100365,0,34,0,12,0,[0|0]
103100380,,3100,380,1,0,[0|0],3100380,0,24,0,12,0,[0|0]
103100400,,3100,400,1,0,[0|0],3100400,0,12,0,2,0,[0|0]
103100410,,3100,410,1,0,[0|0],3100410,0,12,0,2,0,[0|0]
103100420,,3100,420,1,0,[0|0],3100420,0,12,0,2,0,[0|0]
103100430,,3100,430,1,0,[0|0],3100430,0,12,0,2,0,[0|0]
103100460,,3100,460,1,0,[0|0],3100460,0,0,0,0,0,[0|0]
103100470,,3100,470,1,0,[0|0],3100470,0,0,0,0,0,[0|0]
103100480,,3100,480,1,0,[0|0],3100480,0,0,0,0,0,[0|0]
103100500,,3100,500,1,0,[0|0],3100500,0,8,0,12,0,[0|0]
103100501,,3100,501,1,0,[0|0],3100501,0,9,0,12,0,[0|0]
103100505,,3100,505,1,0,[0|0],3100505,0,0,0,1,0,[0|0]
103100509,,3100,509,1,0,[0|0],3100509,0,10,0,12,0,[0|0]
103100510,,3100,510,1,0,[0|0],3100510,0,8,0,12,0,[0|0]
103100511,,3100,511,1,0,[0|0],3100511,0,9,0,12,0,[0|0]
103100515,,3100,515,1,0,[0|0],3100515,0,0,0,1,0,[0|0]
103100516,,3100,516,1,0,[0|0],3100516,0,0,0,1,0,[0|0]
103100520,,3100,520,1,0,[0|0],3100520,0,0,0,1,0,[0|0]
103100530,,3100,530,1,0,[0|0],3100530,0,8,0,12,0,[0|0]
103100531,,3100,531,1,0,[0|0],3200531,0,9,0,12,0,[0|0]
103100540,,3100,540,1,0,[0|0],3100540,0,0,0,1,0,[0|0]
103100550,,3100,550,1,0,[0|0],3100550,0,17,0,12,0,[0|0]
103100560,,3100,560,1,0,[0|0],3100560,0,8,0,12,0,[0|0]
103100561,,3100,561,1,0,[0|0],3100561,0,9,0,12,0,[0|0]
103100590,,3100,590,1,0,[0|0],3100590,0,0,0,0,0,[0|0]
103100591,,3100,591,1,0,[0|0],3100591,0,10,0,0,0,[0|0]
103100600,,3100,600,1,0,[0|0],3100600,0,12,0,12,0,[0|0]
103100605,,3100,605,1,0,[0|0],3100605,0,12,0,12,0,[0|0]
103100610,,3100,610,1,0,[0|0],3100610,0,12,0,12,0,[0|0]
103100630,,3100,630,1,0,[0|0],3100630,0,0,0,12,0,[0|0]
103100632,,3100,632,1,0,[0|0],3100632,0,20,0,12,0,[0|0]
103100635,,3100,635,1,0,[0|0],3100635,0,30,0,12,0,[0|0]
103100640,,3100,640,1,0,[0|0],3100640,0,0,0,12,0,[0|0]
103100642,,3100,642,1,0,[0|0],3100642,0,20,0,12,0,[0|0]
103100645,,3100,645,1,0,[0|0],3100645,0,30,0,12,0,[0|0]
103100650,,3100,650,1,0,[0|0],3100650,0,22,0,12,0,[0|0]
103100660,,3100,660,1,0,[0|0],3100660,0,30,0,12,0,[0|0]
103100665,,3100,665,1,0,[0|0],3100665,0,30,0,12,0,[0|0]
103100700,,3100,700,1,0,[0|0],3100700,0,12,0,12,0,[0|0]
103100705,,3100,705,1,0,[0|0],3100705,0,12,0,12,0,[0|0]
103100710,,3100,710,1,0,[0|0],3100710,0,12,0,12,0,[0|0]
103100730,,3100,730,1,0,[0|0],3100730,0,0,0,12,0,[0|0]
103100732,,3100,732,1,0,[0|0],3100732,0,20,0,12,0,[0|0]
103100735,,3100,735,1,0,[0|0],3100735,0,30,0,12,0,[0|0]
103100740,,3100,740,1,0,[0|0],3100740,0,0,0,12,0,[0|0]
103100742,,3100,742,1,0,[0|0],3100742,0,20,0,12,0,[0|0]
103100745,,3100,745,1,0,[0|0],3100745,0,30,0,12,0,[0|0]
103100750,,3100,750,1,0,[0|0],3100750,0,22,0,12,0,[0|0]
103100760,,3100,760,1,0,[0|0],3100760,0,30,0,12,0,[0|0]
103100765,,3100,765,1,0,[0|0],3100765,0,30,0,12,0,[0|0]
103200000,,3200,0,1,0,[0|0],3200000,0,18,0,1,0,[0|0]
103200001,,3200,1,1,0,[0|0],3200001,0,0,0,1,0,[0|0]
103200010,,3200,10,1,0,[0|0],3200010,0,18,0,1,0,[0|0]
103200020,,3200,20,1,0,[0|0],3200020,0,18,0,1,0,[0|0]
103200100,,3200,100,1,0,[0|0],3200100,0,27,0,1,0,[0|0]
103200105,,3200,105,1,0,[0|0],3200105,0,36,0,1,0,[0|0]
103200110,,3200,110,1,0,[0|0],3200110,0,27,0,1,0,[0|0]
103200115,,3200,115,1,0,[0|0],3200115,0,36,0,1,0,[0|0]
103200120,,3200,120,1,0,[0|0],3200120,0,22,0,1,0,[0|0]
103200121,,3200,121,1,0,[0|0],3200121,0,0,0,1,0,[0|0]
103200125,,3200,125,1,0,[0|0],3200125,0,30,0,1,0,[0|0]
103200130,,3200,130,1,0,[0|0],3200130,0,14,0,1,0,[0|0]
103200140,,3200,140,1,0,[0|0],3200140,0,14,0,1,0,[0|0]
103200150,,3200,150,1,0,[0|0],3200150,0,24,0,1,0,[0|0]
103200155,,3200,155,1,0,[0|0],3200155,0,24,0,1,0,[0|0]
103200160,,3200,160,1,0,[0|0],3200160,0,34,0,1,0,[0|0]
103200165,,3200,165,1,0,[0|0],3200165,0,34,0,1,0,[0|0]
103200180,,3200,180,1,0,[0|0],3200180,0,24,0,1,0,[0|0]
103200200,,3200,200,1,0,[0|0],3200200,0,21,0,12,0,[0|0]
103200210,,3200,210,1,0,[0|0],3200210,0,21,0,12,0,[0|0]
103200220,,3200,220,1,0,[0|0],3200220,0,21,0,12,0,[0|0]
103200300,,3200,300,1,0,[0|0],3200300,0,33,0,12,0,[0|0]
103200305,,3200,305,1,0,[0|0],3200305,0,45,0,12,0,[0|0]
103200310,,3200,310,1,0,[0|0],3200310,0,33,0,12,0,[0|0]
103200315,,3200,315,1,0,[0|0],3200315,0,45,0,12,0,[0|0]
103200320,,3200,320,1,0,[0|0],3200320,0,25,0,12,0,[0|0]
103200325,,3200,325,1,0,[0|0],3200325,0,33,0,12,0,[0|0]
103200330,,3200,330,1,0,[0|0],3200330,0,17,0,12,0,[0|0]
103200340,,3200,340,1,0,[0|0],3200340,0,17,0,12,0,[0|0]
103200350,,3200,350,1,0,[0|0],3200350,0,27,0,12,0,[0|0]
103200355,,3200,355,1,0,[0|0],3200355,0,27,0,12,0,[0|0]
103200360,,3200,360,1,0,[0|0],3200360,0,38,0,12,0,[0|0]
103200365,,3200,365,1,0,[0|0],3200365,0,38,0,12,0,[0|0]
103200380,,3200,380,1,0,[0|0],3200380,0,28,0,12,0,[0|0]
103200400,,3200,400,1,0,[0|0],3200400,0,18,0,2,0,[0|0]
103200410,,3200,410,1,0,[0|0],3200410,0,18,0,2,0,[0|0]
103200420,,3200,420,1,0,[0|0],3200420,0,18,0,2,0,[0|0]
103200460,,3200,460,1,0,[0|0],3200460,0,0,0,0,0,[0|0]
103200461,,3200,461,1,0,[0|0],3200461,0,0,0,0,0,[0|0]
103200470,,3200,470,1,0,[0|0],3200470,0,0,0,0,0,[0|0]
103200480,,3200,480,1,0,[0|0],3200480,0,0,0,0,0,[0|0]
103200500,,3200,500,1,0,[0|0],3200500,0,12,0,12,0,[0|0]
103200501,,3200,501,1,0,[0|0],3200501,0,13,0,12,0,[0|0]
103200505,,3200,505,1,0,[0|0],3200505,0,0,0,1,0,[0|0]
103200509,,3200,509,1,0,[0|0],3200509,0,20,0,12,0,[0|0]
103200510,,3200,510,1,0,[0|0],3200510,0,12,0,12,0,[0|0]
103200511,,3200,511,1,0,[0|0],3200511,0,13,0,12,0,[0|0]
103200515,,3200,515,1,0,[0|0],3200515,0,0,0,1,0,[0|0]
103200516,,3200,516,1,0,[0|0],3200516,0,0,0,1,0,[0|0]
103200520,,3200,520,1,0,[0|0],3200520,0,0,0,1,0,[0|0]
103200530,,3200,530,1,0,[0|0],3200530,0,12,0,12,0,[0|0]
103200531,,3200,531,1,0,[0|0],3200531,0,13,0,12,0,[0|0]
103200540,,3200,540,1,0,[0|0],3200540,0,0,0,1,0,[0|0]
103200550,,3200,550,1,0,[0|0],3200550,0,25,0,12,0,[0|0]
103200560,,3200,560,1,0,[0|0],3200560,0,12,0,12,0,[0|0]
103200561,,3200,561,1,0,[0|0],3200561,0,13,0,12,0,[0|0]
103200590,,3200,590,1,0,[0|0],3200590,0,0,0,0,0,[0|0]
103200600,,3200,600,1,0,[0|0],3200600,0,18,0,12,0,[0|0]
103200605,,3200,605,1,0,[0|0],3200605,0,18,0,12,0,[0|0]
103200610,,3200,610,1,0,[0|0],3200610,0,18,0,12,0,[0|0]
103200630,,3200,630,1,0,[0|0],3200630,0,0,0,12,0,[0|0]
103200632,,3200,632,1,0,[0|0],3200632,0,27,0,12,0,[0|0]
103200635,,3200,635,1,0,[0|0],3200635,0,36,0,12,0,[0|0]
103200640,,3200,640,1,0,[0|0],3200640,0,0,0,12,0,[0|0]
103200642,,3200,642,1,0,[0|0],3200642,0,27,0,12,0,[0|0]
103200645,,3200,645,1,0,[0|0],3200645,0,36,0,12,0,[0|0]
103200650,,3200,650,1,0,[0|0],3200650,0,28,0,12,0,[0|0]
103200660,,3200,660,1,0,[0|0],3200660,0,37,0,12,0,[0|0]
103200665,,3200,665,1,0,[0|0],3200665,0,37,0,12,0,[0|0]
103200700,,3200,700,1,0,[0|0],3200700,0,18,0,12,0,[0|0]
103200705,,3200,705,1,0,[0|0],3200705,0,18,0,12,0,[0|0]
103200710,,3200,710,1,0,[0|0],3200710,0,18,0,12,0,[0|0]
103200730,,3200,730,1,0,[0|0],3200730,0,0,0,12,0,[0|0]
103200732,,3200,732,1,0,[0|0],3200732,0,27,0,12,0,[0|0]
103200735,,3200,735,1,0,[0|0],3200735,0,36,0,12,0,[0|0]
103200740,,3200,740,1,0,[0|0],3200740,0,0,0,12,0,[0|0]
103200742,,3200,742,1,0,[0|0],3200742,0,27,0,12,0,[0|0]
103200745,,3200,745,1,0,[0|0],3200745,0,36,0,12,0,[0|0]
103200750,,3200,750,1,0,[0|0],3200750,0,28,0,12,0,[0|0]
103200760,,3200,760,1,0,[0|0],3200760,0,37,0,12,0,[0|0]
103200765,,3200,765,1,0,[0|0],3200765,0,37,0,12,0,[0|0]
103300000,,3300,0,1,0,[0|0],3300000,0,12,0,1,0,[0|0]
103300010,,3300,10,1,0,[0|0],3300010,0,12,0,1,0,[0|0]
103300020,,3300,20,1,0,[0|0],3300020,0,12,0,1,0,[0|0]
103300150,,3300,150,1,0,[0|0],3300150,0,20,0,1,0,[0|0]
103300155,,3300,155,1,0,[0|0],3300155,0,20,0,1,0,[0|0]
103300160,,3300,160,1,0,[0|0],3300160,0,30,0,1,0,[0|0]
103300165,,3300,165,1,0,[0|0],3300165,0,30,0,1,0,[0|0]
103300200,,3300,200,1,0,[0|0],3300200,0,15,0,12,0,[0|0]
103300210,,3300,210,1,0,[0|0],3300210,0,15,0,12,0,[0|0]
103300220,,3300,220,1,0,[0|0],3300220,0,15,0,12,0,[0|0]
103300350,,3300,350,1,0,[0|0],3300350,0,22,0,12,0,[0|0]
103300355,,3300,355,1,0,[0|0],3300355,0,22,0,12,0,[0|0]
103300360,,3300,360,1,0,[0|0],3300360,0,34,0,12,0,[0|0]
103300365,,3300,365,1,0,[0|0],3300365,0,34,0,12,0,[0|0]
103300400,,3300,400,1,0,[0|0],3300400,0,12,0,2,0,[0|0]
103300410,,3300,410,1,0,[0|0],3300410,0,12,0,2,0,[0|0]
103300420,,3300,420,1,0,[0|0],3300420,0,12,0,2,0,[0|0]
103300470,,3300,470,1,0,[0|0],3300470,0,0,0,0,0,[0|0]
103300480,,3300,480,1,0,[0|0],3300480,0,0,0,0,0,[0|0]
103300500,,3300,500,1,0,[0|0],3300500,0,14,0,12,0,[0|0]
103300505,,3300,505,1,0,[0|0],3300505,0,0,0,1,0,[0|0]
103300509,,3300,509,1,0,[0|0],3300509,0,9,0,12,0,[0|0]
103300510,,3300,510,1,0,[0|0],3300510,0,14,0,12,0,[0|0]
103300515,,3300,515,1,0,[0|0],3300515,0,0,0,1,0,[0|0]
103300516,,3300,516,1,0,[0|0],3300516,0,0,0,1,0,[0|0]
103300520,,3300,520,1,0,[0|0],3300520,0,14,0,12,0,[0|0]
103300530,,3300,530,1,0,[0|0],3300530,0,14,0,12,0,[0|0]
103300540,,3300,540,1,0,[0|0],3300540,0,0,0,1,0,[0|0]
103300550,,3300,550,1,0,[0|0],3300550,0,14,0,12,0,[0|0]
103300560,,3300,560,1,0,[0|0],3300560,0,7,0,12,0,[0|0]
103300561,,3300,561,1,0,[0|0],3300561,0,7,0,12,0,[0|0]
103300590,,3300,590,1,0,[0|0],3300590,0,0,0,0,0,[0|0]
103300591,,3300,591,1,0,[0|0],3300591,0,10,0,0,0,[0|0]
103300600,,3300,600,1,0,[0|0],3300600,0,12,0,1,0,[0|0]
103300605,,3300,605,1,0,[0|0],3300605,0,12,0,12,0,[0|0]
103300610,,3300,610,1,0,[0|0],3300610,0,12,0,12,0,[0|0]
103300700,,3300,700,1,0,[0|0],3300700,0,12,0,12,0,[0|0]
103300705,,3300,705,1,0,[0|0],3300705,0,12,0,12,0,[0|0]
103300710,,3300,710,1,0,[0|0],3300710,0,12,0,12,0,[0|0]
103350480,,3350,480,1,0,[0|0],3350480,0,0,0,0,0,[0|0]
103350500,,3350,500,1,0,[0|0],3350500,0,14,0,12,0,[0|0]
103350505,,3350,505,1,0,[0|0],3350505,0,0,0,1,0,[0|0]
103350509,,3350,509,1,0,[0|0],3350509,0,9,0,12,0,[0|0]
103350510,,3350,510,1,0,[0|0],3350510,0,14,0,12,0,[0|0]
103350515,,3350,515,1,0,[0|0],3350515,0,0,0,1,0,[0|0]
103350516,,3350,516,1,0,[0|0],3350516,0,0,0,1,0,[0|0]
103350520,,3350,520,1,0,[0|0],3350520,0,14,0,12,0,[0|0]
103350530,,3350,530,1,0,[0|0],3350530,0,14,0,12,0,[0|0]
103350540,,3350,540,1,0,[0|0],3350540,0,0,0,1,0,[0|0]
103350550,,3350,550,1,0,[0|0],3350550,0,14,0,12,0,[0|0]
103350560,,3350,560,1,0,[0|0],3350560,0,7,0,12,0,[0|0]
103350561,,3350,561,1,0,[0|0],3350561,0,7,0,12,0,[0|0]
103350590,,3350,590,1,0,[0|0],3350590,0,0,0,0,0,[0|0]
103350591,,3350,591,1,0,[0|0],3350591,0,10,0,0,0,[0|0]
103390900,,3390,900,1,1,[0|0],10430100,0,0,0,0,0,[0|0]
103391900,,3391,900,1,1,[0|0],10500000,0,0,0,0,0,[0|0]
103391901,,3391,901,1,1,[0|0],10500001,0,0,0,0,0,[0|0]
103391902,,3391,902,1,1,[0|0],10500002,0,0,0,0,0,[0|0]
103400000,,3400,0,1,0,[0|0],3400000,0,8,0,1,0,[0|0]
103400010,,3400,10,1,0,[0|0],3400010,0,8,0,1,0,[0|0]
103400020,,3400,20,1,0,[0|0],3400020,0,8,0,1,0,[0|0]
103400150,,3400,150,1,0,[0|0],3400150,0,17,0,1,0,[0|0]
103400155,,3400,155,1,0,[0|0],3400155,0,17,0,1,0,[0|0]
103400160,,3400,160,1,0,[0|0],3400160,0,23,0,1,0,[0|0]
103400165,,3400,165,1,0,[0|0],3400165,0,23,0,1,0,[0|0]
103400200,,3400,200,1,0,[0|0],3400200,0,10,0,12,0,[0|0]
103400210,,3400,210,1,0,[0|0],3400210,0,10,0,12,0,[0|0]
103400220,,3400,220,1,0,[0|0],3400220,0,10,0,12,0,[0|0]
103400350,,3400,350,1,0,[0|0],3400350,0,18,0,12,0,[0|0]
103400355,,3400,355,1,0,[0|0],3400355,0,18,0,12,0,[0|0]
103400360,,3400,360,1,0,[0|0],3400360,0,26,0,12,0,[0|0]
103400365,,3400,365,1,0,[0|0],3400365,0,26,0,12,0,[0|0]
103400400,,3400,400,1,0,[0|0],3400400,0,8,0,2,0,[0|0]
103400410,,3400,410,1,0,[0|0],3400410,0,8,0,2,0,[0|0]
103400420,,3400,420,1,0,[0|0],3400420,0,8,0,2,0,[0|0]
103400470,,3400,470,1,0,[0|0],3400470,0,0,0,0,0,[0|0]
103400480,,3400,480,1,0,[0|0],3400480,0,0,0,0,0,[0|0]
103400500,,3400,500,1,0,[0|0],3400500,0,14,0,12,0,[0|0]
103400501,,3400,501,1,0,[0|0],3400501,0,0,0,4,0,[0|0]
103400505,,3400,505,1,0,[0|0],3400505,0,0,0,1,0,[0|0]
103400509,,3400,509,1,0,[0|0],3400509,0,9,0,12,0,[0|0]
103400510,,3400,510,1,0,[0|0],3400510,0,14,0,12,0,[0|0]
103400515,,3400,515,1,0,[0|0],3400515,0,0,0,1,0,[0|0]
103400516,,3400,516,1,0,[0|0],3400516,0,0,0,1,0,[0|0]
103400520,,3400,520,1,0,[0|0],3400520,0,14,0,12,0,[0|0]
103400530,,3400,530,1,0,[0|0],3400530,0,14,0,12,0,[0|0]
103400540,,3400,540,1,0,[0|0],3400540,0,0,0,1,0,[0|0]
103400550,,3400,550,1,0,[0|0],3400550,0,14,0,12,0,[0|0]
103400560,,3400,560,1,0,[0|0],3400560,0,7,0,12,0,[0|0]
103400561,,3400,561,1,0,[0|0],3400561,0,7,0,12,0,[0|0]
103400590,,3400,590,1,0,[0|0],3400590,0,0,0,0,0,[0|0]
103400591,,3400,591,1,0,[0|0],3400591,0,10,0,0,0,[0|0]
103400600,,3400,600,1,0,[0|0],3400600,0,8,0,12,0,[0|0]
103400605,,3400,605,1,0,[0|0],3400605,0,8,0,12,0,[0|0]
103400610,,3400,610,1,0,[0|0],3400610,0,8,0,12,0,[0|0]
103400700,,3400,700,1,0,[0|0],3400700,0,8,0,12,0,[0|0]
103400705,,3400,705,1,0,[0|0],3400705,0,8,0,12,0,[0|0]
103400710,,3400,710,1,0,[0|0],3400710,0,8,0,12,0,[0|0]
103450500,,3450,500,1,0,[0|0],3450500,0,14,0,12,0,[0|0]
103450505,,3450,505,1,0,[0|0],3450505,0,0,0,1,0,[0|0]
103450509,,3450,509,1,0,[0|0],3450509,0,9,0,12,0,[0|0]
103450510,,3450,510,1,0,[0|0],3450510,0,14,0,12,0,[0|0]
103450515,,3450,515,1,0,[0|0],3450515,0,0,0,1,0,[0|0]
103450516,,3450,516,1,0,[0|0],3450516,0,0,0,1,0,[0|0]
103450520,,3450,520,1,0,[0|0],3450520,0,14,0,12,0,[0|0]
103450530,,3450,530,1,0,[0|0],3450530,0,14,0,12,0,[0|0]
103450540,,3450,540,1,0,[0|0],3450540,0,0,0,1,0,[0|0]
103450550,,3450,550,1,0,[0|0],3450550,0,14,0,12,0,[0|0]
103450560,,3450,560,1,0,[0|0],3450560,0,7,0,12,0,[0|0]
103450561,,3450,561,1,0,[0|0],3450561,0,7,0,12,0,[0|0]
103450590,,3450,590,1,0,[0|0],3450590,0,0,0,0,0,[0|0]
103450591,,3450,591,1,0,[0|0],3450591,0,10,0,0,0,[0|0]
103490900,,3490,900,1,1,[0|0],10640000,0,8,0,0,0,[0|0]
103490910,,3490,910,1,1,[0|0],1000000,0,8,0,0,0,[0|0]
103500470,,3500,470,1,0,[0|0],3500470,0,0,0,0,0,[0|0]
104000000,,4000,0,1,0,[0|0],4000000,0,0,0,1,0,[0|0]
104000100,,4000,100,1,0,[0|0],4000100,0,0,0,1,0,[0|0]
104000200,,4000,200,1,0,[0|0],4000200,0,0,0,1,0,[0|0]
104000300,,4000,300,1,1,[0|0],110,0,0,0,1,0,[0|0]
104000400,,4000,400,1,0,[0|0],4000400,0,0,0,2,0,[0|0]
104000410,,4000,410,1,0,[0|0],4000410,0,0,0,5,0,[0|0]
104000420,,4000,420,1,0,[0|0],4000420,0,0,0,5,0,[0|0]
104000430,,4000,430,1,0,[0|0],4000430,0,0,0,0,0,[0|0]
104000440,,4000,440,1,0,[0|0],4000440,0,0,0,0,0,[0|0]
104000450,,4000,450,1,0,[0|0],4000450,0,0,0,0,0,[0|0]
104000500,,4000,500,1,0,[0|0],4000500,0,0,0,1,0,[0|0]
104000510,,4000,510,1,0,[0|0],4000510,0,0,0,1,0,[0|0]
104000520,,4000,520,1,0,[0|0],4000520,0,0,0,1,0,[0|0]
104000530,,4000,530,1,0,[0|0],4000530,0,0,0,1,0,[0|0]
104000540,,4000,540,1,0,[0|0],4000540,0,0,0,1,0,[0|0]
104000580,,4000,580,1,0,[0|0],4000580,0,0,0,1,0,[0|0]
104000600,,4000,600,1,0,[0|0],4000600,0,0,0,0,0,[0|0]
104000610,,4000,610,1,0,[0|0],4000610,0,0,0,9,0,[0|0]
104000800,,4000,800,1,0,[0|0],4000800,0,0,0,1,0,[0|0]
104100500,,4100,500,1,0,[0|0],4100500,0,8,0,12,0,[0|0]
104100501,,4100,501,1,0,[0|0],4100501,0,9,0,12,0,[0|0]
104100505,,4100,505,1,0,[0|0],4100505,0,8,0,12,0,[0|0]
104100506,,4100,506,1,0,[0|0],4100506,0,9,0,12,0,[0|0]
104100509,,4100,509,1,0,[0|0],4100509,0,12,0,12,0,[0|0]
104100510,,4100,510,1,0,[0|0],4100510,0,8,0,12,0,[0|0]
104100511,,4100,511,1,0,[0|0],4100511,0,9,0,12,0,[0|0]
104100515,,4100,515,1,0,[0|0],4100515,0,5,0,12,0,[0|0]
104100516,,4100,516,1,0,[0|0],4100516,0,6,0,12,0,[0|0]
104100517,,4100,517,1,0,[0|0],4100517,0,6,0,12,0,[0|0]
104100520,,4100,520,1,0,[0|0],4100520,0,17,0,12,0,[0|0]
104100530,,4100,530,1,0,[0|0],4100530,0,8,0,12,0,[0|0]
104100531,,4100,531,1,0,[0|0],4100531,0,9,0,12,0,[0|0]
104100540,,4100,540,1,0,[0|0],4100540,0,17,0,12,0,[0|0]
104100550,,4100,550,1,0,[0|0],4100550,0,17,0,12,0,[0|0]
104100560,,4100,560,1,0,[0|0],4100560,0,8,0,12,0,[0|0]
104100561,,4100,561,1,0,[0|0],4100561,0,9,0,12,0,[0|0]
104100590,,4100,590,1,0,[0|0],4100590,0,0,0,12,0,[0|0]
104150500,,4150,500,1,0,[0|0],4150500,0,8,0,12,0,[0|0]
104150501,,4150,501,1,0,[0|0],4150501,0,9,0,12,0,[0|0]
104150505,,4150,505,1,0,[0|0],4150505,0,8,0,12,0,[0|0]
104150506,,4150,506,1,0,[0|0],4150506,0,9,0,12,0,[0|0]
104150509,,4150,509,1,0,[0|0],4150509,0,12,0,12,0,[0|0]
104150510,,4150,510,1,0,[0|0],4150510,0,8,0,12,0,[0|0]
104150511,,4150,511,1,0,[0|0],4150511,0,9,0,12,0,[0|0]
104150515,,4150,515,1,0,[0|0],4150515,0,5,0,12,0,[0|0]
104150516,,4150,516,1,0,[0|0],4150516,0,6,0,12,0,[0|0]
104150517,,4150,517,1,0,[0|0],4150517,0,6,0,12,0,[0|0]
104150520,,4150,520,1,0,[0|0],4150520,0,17,0,12,0,[0|0]
104150530,,4150,530,1,0,[0|0],4150530,0,8,0,12,0,[0|0]
104150531,,4150,531,1,0,[0|0],4150531,0,9,0,12,0,[0|0]
104150540,,4150,540,1,0,[0|0],4150540,0,17,0,12,0,[0|0]
104150550,,4150,550,1,0,[0|0],4150550,0,17,0,12,0,[0|0]
104150560,,4150,560,1,0,[0|0],4150560,0,8,0,12,0,[0|0]
104150561,,4150,561,1,0,[0|0],4150561,0,9,0,12,0,[0|0]
104150590,,4150,590,1,0,[0|0],4150590,0,0,0,12,0,[0|0]
104200000,,4200,0,1,0,[0|0],4200000,0,0,0,1,0,[0|0]
104200100,,4200,100,1,0,[0|0],4200100,0,0,0,1,0,[0|0]
104200200,,4200,200,1,0,[0|0],4200200,0,0,0,1,0,[0|0]
104200300,,4200,300,1,1,[0|0],110,0,0,0,1,0,[0|0]
104200400,,4200,400,1,0,[0|0],4200400,0,0,0,2,0,[0|0]
104200410,,4200,410,1,0,[0|0],4200410,0,0,0,5,0,[0|0]
104200420,,4200,420,1,0,[0|0],4200420,0,0,0,5,0,[0|0]
104200430,,4200,430,1,0,[0|0],4200430,0,0,0,0,0,[0|0]
104200440,,4200,440,1,0,[0|0],4200440,0,0,0,0,0,[0|0]
104200450,,4200,450,1,0,[0|0],4200450,0,0,0,0,0,[0|0]
104200500,,4200,500,1,0,[0|0],4200500,0,0,0,1,0,[0|0]
104200510,,4200,510,1,0,[0|0],4200510,0,0,0,1,0,[0|0]
104200520,,4200,520,1,0,[0|0],4200520,0,0,0,1,0,[0|0]
104200530,,4200,530,1,0,[0|0],4200530,0,0,0,1,0,[0|0]
104200540,,4200,540,1,0,[0|0],4200540,0,0,0,1,0,[0|0]
104200580,,4200,580,1,0,[0|0],4200580,0,0,0,1,0,[0|0]
104200600,,4200,600,1,0,[0|0],4200600,0,12,0,1,0,[0|0]
104200605,,4200,605,1,0,[0|0],4200605,0,12,0,1,0,[0|0]
104200610,,4200,610,1,0,[0|0],4200610,0,12,0,1,0,[0|0]
104200630,,4200,630,1,0,[0|0],4200630,0,0,0,1,0,[0|0]
104200632,,4200,632,1,0,[0|0],4200632,0,40,0,1,0,[0|0]
104200635,,4200,635,1,0,[0|0],4200635,0,40,0,1,0,[0|0]
104200640,,4200,640,1,0,[0|0],4200640,0,0,0,1,0,[0|0]
104200642,,4200,642,1,0,[0|0],4200642,0,40,0,1,0,[0|0]
104200645,,4200,645,1,0,[0|0],4200645,0,40,0,1,0,[0|0]
104200650,,4200,650,1,0,[0|0],4200650,0,22,0,1,0,[0|0]
104200660,,4200,660,1,0,[0|0],4200660,0,45,0,1,0,[0|0]
104200665,,4200,665,1,0,[0|0],4200665,0,45,0,1,0,[0|0]
104200700,,4200,700,1,0,[0|0],4200700,0,12,0,1,0,[0|0]
104200705,,4200,705,1,0,[0|0],4200705,0,12,0,1,0,[0|0]
104200710,,4200,710,1,0,[0|0],4200710,0,12,0,1,0,[0|0]
104200730,,4200,730,1,0,[0|0],4200730,0,0,0,1,0,[0|0]
104200732,,4200,732,1,0,[0|0],4200732,0,40,0,1,0,[0|0]
104200735,,4200,735,1,0,[0|0],4200735,0,40,0,1,0,[0|0]
104200740,,4200,740,1,0,[0|0],4200740,0,0,0,1,0,[0|0]
104200742,,4200,742,1,0,[0|0],4200742,0,40,0,1,0,[0|0]
104200745,,4200,745,1,0,[0|0],4200745,0,40,0,1,0,[0|0]
104200750,,4200,750,1,0,[0|0],4200750,0,22,0,1,0,[0|0]
104200760,,4200,760,1,0,[0|0],4200760,0,45,0,1,0,[0|0]
104200765,,4200,765,1,0,[0|0],4200765,0,45,0,1,0,[0|0]
104300000,,4300,0,1,1,[0|0],200,0,0,0,1,0,[0|0]
104300100,,4300,100,1,0,[0|0],4300100,0,0,0,1,0,[0|0]
104300200,,4300,200,1,0,[0|0],4300200,0,0,0,1,0,[0|0]
104300300,,4300,300,1,1,[0|0],200,0,0,0,1,0,[0|0]
104300400,,4300,400,1,1,[0|0],200,0,0,0,2,0,[0|0]
104300410,,4300,410,1,0,[0|0],4300410,0,0,0,5,0,[0|0]
104300420,,4300,420,1,0,[0|0],4300420,0,0,0,5,0,[0|0]
104300430,,4300,430,1,0,[0|0],4300430,0,0,0,0,0,[0|0]
104300440,,4300,440,1,0,[0|0],4300440,0,0,0,0,0,[0|0]
104300450,,4300,450,1,0,[0|0],4300450,0,0,0,0,0,[0|0]
104300500,,4300,500,1,0,[0|0],4300500,0,0,0,1,0,[0|0]
104300510,,4300,510,1,0,[0|0],4300510,0,0,0,1,0,[0|0]
104300520,,4300,520,1,0,[0|0],4300520,0,0,0,1,0,[0|0]
104300530,,4300,530,1,0,[0|0],4300530,0,0,0,1,0,[0|0]
104300540,,4300,540,1,0,[0|0],4300540,0,0,0,1,0,[0|0]
104300580,,4300,580,1,0,[0|0],4300580,0,0,0,1,0,[0|0]
104300600,,4300,600,1,0,[0|0],4300600,0,0,0,0,0,[0|0]
104300610,,4300,610,1,0,[0|0],4300610,0,0,0,9,0,[0|0]
104300800,,4300,800,1,0,[0|0],4600800,0,16,0,9,0,[0|0]
104300801,,4300,801,1,0,[0|0],4600801,0,16,0,9,0,[0|0]
104400600,,4400,600,1,0,[0|0],4400600,0,12,0,1,0,[0|0]
104400605,,4400,605,1,0,[0|0],4400605,0,12,0,1,0,[0|0]
104400610,,4400,610,1,0,[0|0],4400610,0,12,0,1,0,[0|0]
104400630,,4400,630,1,0,[0|0],4400630,0,0,0,1,0,[0|0]
104400632,,4400,632,1,0,[0|0],4400632,0,40,0,1,0,[0|0]
104400635,,4400,635,1,0,[0|0],4400635,0,40,0,1,0,[0|0]
104400640,,4400,640,1,0,[0|0],4400640,0,0,0,1,0,[0|0]
104400642,,4400,642,1,0,[0|0],4400642,0,40,0,1,0,[0|0]
104400645,,4400,645,1,0,[0|0],4400645,0,40,0,1,0,[0|0]
104400650,,4400,650,1,0,[0|0],4400650,0,22,0,1,0,[0|0]
104400660,,4400,660,1,0,[0|0],4400660,0,45,0,1,0,[0|0]
104400665,,4400,665,1,0,[0|0],4400665,0,45,0,1,0,[0|0]
104400700,,4400,700,1,0,[0|0],4400700,0,12,0,1,0,[0|0]
104400705,,4400,705,1,0,[0|0],4400705,0,12,0,1,0,[0|0]
104400710,,4400,710,1,0,[0|0],4400710,0,12,0,1,0,[0|0]
104400730,,4400,730,1,0,[0|0],4400730,0,0,0,1,0,[0|0]
104400732,,4400,732,1,0,[0|0],4400732,0,40,0,1,0,[0|0]
104400735,,4400,735,1,0,[0|0],4400735,0,40,0,1,0,[0|0]
104400740,,4400,740,1,0,[0|0],4400740,0,0,0,1,0,[0|0]
104400742,,4400,742,1,0,[0|0],4400742,0,40,0,1,0,[0|0]
104400745,,4400,745,1,0,[0|0],4400745,0,40,0,1,0,[0|0]
104400750,,4400,750,1,0,[0|0],4400750,0,22,0,1,0,[0|0]
104400760,,4400,760,1,0,[0|0],4400760,0,45,0,1,0,[0|0]
104400765,,4400,765,1,0,[0|0],4400765,0,45,0,1,0,[0|0]
104400800,,4400,800,1,0,[0|0],4400800,0,16,0,9,0,[0|0]
104400801,,4400,801,1,0,[0|0],4400801,0,16,0,9,0,[0|0]
105000000,,5000,0,1,1,[0|0],20000000,0,13,0,1,0,[0|0]
105000010,,5000,10,1,1,[0|0],20000010,0,12,0,1,0,[0|0]
105000020,,5000,20,1,1,[0|0],20000020,0,12,0,1,0,[0|0]
105000030,,5000,30,1,1,[0|0],20000030,0,12,0,1,0,[0|0]
105000100,,5000,100,1,1,[0|0],20000100,0,20,0,1,0,[0|0]
105000105,,5000,105,1,1,[0|0],20000105,0,30,0,1,0,[0|0]
105000110,,5000,110,1,1,[0|0],20000110,0,20,0,1,0,[0|0]
105000115,,5000,115,1,1,[0|0],20000115,0,30,0,1,0,[0|0]
105000120,,5000,120,1,1,[0|0],20000120,0,13,0,1,0,[0|0]
105000125,,5000,125,1,1,[0|0],20000125,0,13,0,1,0,[0|0]
105000130,,5000,130,1,1,[0|0],20000130,0,13,0,1,0,[0|0]
105000140,,5000,140,1,1,[0|0],20000140,0,13,0,1,0,[0|0]
105000150,,5000,150,1,1,[0|0],20000150,0,20,0,1,0,[0|0]
105000155,,5000,155,1,1,[0|0],20000155,0,20,0,1,0,[0|0]
105000160,,5000,160,1,1,[0|0],20000160,0,30,0,1,0,[0|0]
105000165,,5000,165,1,1,[0|0],20000165,0,30,0,1,0,[0|0]
105000170,,5000,170,1,1,[0|0],20000170,0,13,0,1,0,[0|0]
105000500,,5000,500,1,0,[0|0],20000500,0,17,0,12,0,[0|0]
105000509,,5000,509,1,0,[0|0],20000509,0,12,0,12,0,[0|0]
105000510,,5000,510,1,0,[0|0],20000510,0,17,0,12,0,[0|0]
105000520,,5000,520,1,0,[0|0],20000520,0,17,0,12,0,[0|0]
105000530,,5000,530,1,0,[0|0],20000530,0,17,0,12,0,[0|0]
105000550,,5000,550,1,0,[0|0],20000550,0,17,0,12,0,[0|0]
105000560,,5000,560,1,0,[0|0],20000560,0,8,0,12,0,[0|0]
105000561,,5000,561,1,0,[0|0],20000561,0,9,0,12,0,[0|0]
105000590,,5000,590,1,0,[0|0],20000590,0,0,0,12,0,[0|0]
105000591,,5000,591,1,0,[0|0],20000591,0,10,0,0,0,[0|0]
105000600,,5000,600,1,1,[0|0],20000600,0,30,0,1,0,[0|0]
105000601,,5000,601,1,1,[0|0],20000601,0,30,0,1,0,[0|0]
105000605,,5000,605,1,1,[0|0],20000605,0,30,0,1,0,[0|0]
105000606,,5000,606,1,1,[0|0],20000606,0,30,0,1,0,[0|0]
105000610,,5000,610,1,1,[0|0],20000610,0,13,0,1,0,[0|0]
105000615,,5000,615,1,1,[0|0],20000615,0,13,0,1,0,[0|0]
105000620,,5000,620,1,1,[0|0],20000620,0,30,0,1,0,[0|0]
105000625,,5000,625,1,1,[0|0],20000625,0,30,0,1,0,[0|0]
105000630,,5000,630,1,1,[0|0],20000630,0,20,0,1,0,[0|0]
105000635,,5000,635,1,1,[0|0],20000635,0,20,0,1,0,[0|0]
105000640,,5000,640,1,1,[0|0],20000640,0,50,0,1,0,[0|0]
105000641,,5000,641,1,1,[0|0],20000641,0,50,0,1,0,[0|0]
105000645,,5000,645,1,1,[0|0],20000645,0,50,0,1,0,[0|0]
105000646,,5000,646,1,1,[0|0],20000646,0,50,0,1,0,[0|0]
105000650,,5000,650,1,1,[0|0],20000650,0,50,0,1,0,[0|0]
105000655,,5000,655,1,1,[0|0],20000655,0,50,0,1,0,[0|0]
105010000,,5010,0,1,1,[0|0],20010000,0,13,0,1,0,[0|0]
105010010,,5010,10,1,1,[0|0],20010010,0,12,0,1,0,[0|0]
105010020,,5010,20,1,1,[0|0],20010020,0,12,0,1,0,[0|0]
105010030,,5010,30,1,1,[0|0],20010030,0,12,0,1,0,[0|0]
105010100,,5010,100,1,1,[0|0],20010100,0,20,0,1,0,[0|0]
105010105,,5010,105,1,1,[0|0],20010105,0,30,0,1,0,[0|0]
105010110,,5010,110,1,1,[0|0],20010110,0,20,0,1,0,[0|0]
105010115,,5010,115,1,1,[0|0],20010115,0,30,0,1,0,[0|0]
105010120,,5010,120,1,1,[0|0],20010120,0,13,0,1,0,[0|0]
105010125,,5010,125,1,1,[0|0],20010125,0,13,0,1,0,[0|0]
105010130,,5010,130,1,1,[0|0],20010130,0,13,0,1,0,[0|0]
105010140,,5010,140,1,1,[0|0],20010140,0,13,0,1,0,[0|0]
105010150,,5010,150,1,1,[0|0],20010150,0,20,0,1,0,[0|0]
105010155,,5010,155,1,1,[0|0],20010155,0,20,0,1,0,[0|0]
105010160,,5010,160,1,1,[0|0],20010160,0,30,0,1,0,[0|0]
105010165,,5010,165,1,1,[0|0],20010165,0,30,0,1,0,[0|0]
105010170,,5010,170,1,1,[0|0],20010170,0,13,0,1,0,[0|0]
105010500,,5010,500,1,0,[0|0],20010500,0,17,0,12,0,[0|0]
105010509,,5010,509,1,0,[0|0],20010509,0,12,0,12,0,[0|0]
105010510,,5010,510,1,0,[0|0],20010510,0,17,0,12,0,[0|0]
105010520,,5010,520,1,0,[0|0],20010520,0,17,0,12,0,[0|0]
105010530,,5010,530,1,0,[0|0],20010530,0,17,0,12,0,[0|0]
105010550,,5010,550,1,0,[0|0],20010550,0,17,0,12,0,[0|0]
105010560,,5010,560,1,0,[0|0],20010560,0,8,0,12,0,[0|0]
105010561,,5010,561,1,0,[0|0],20010561,0,9,0,12,0,[0|0]
105010590,,5010,590,1,0,[0|0],20010590,0,0,0,12,0,[0|0]
105010591,,5010,591,1,0,[0|0],20010591,0,10,0,0,0,[0|0]
105010600,,5010,600,1,1,[0|0],20010600,0,30,0,1,0,[0|0]
105010601,,5010,601,1,1,[0|0],20010601,0,30,0,1,0,[0|0]
105010605,,5010,605,1,1,[0|0],20010605,0,30,0,1,0,[0|0]
105010606,,5010,606,1,1,[0|0],20010606,0,30,0,1,0,[0|0]
105010610,,5010,610,1,1,[0|0],20010610,0,13,0,1,0,[0|0]
105010615,,5010,615,1,1,[0|0],20010615,0,13,0,1,0,[0|0]
105010620,,5010,620,1,1,[0|0],20010620,0,30,0,1,0,[0|0]
105010625,,5010,625,1,1,[0|0],20010625,0,30,0,1,0,[0|0]
105010630,,5010,630,1,1,[0|0],20010630,0,20,0,1,0,[0|0]
105010635,,5010,635,1,1,[0|0],20010635,0,20,0,1,0,[0|0]
105010640,,5010,640,1,1,[0|0],20010640,0,50,0,1,0,[0|0]
105010641,,5010,641,1,1,[0|0],20010641,0,50,0,1,0,[0|0]
105010645,,5010,645,1,1,[0|0],20010645,0,50,0,1,0,[0|0]
105010646,,5010,646,1,1,[0|0],20010646,0,50,0,1,0,[0|0]
105010650,,5010,650,1,1,[0|0],20010650,0,50,0,1,0,[0|0]
105010655,,5010,655,1,1,[0|0],20010655,0,50,0,1,0,[0|0]
105011000,,5011,0,1,1,[0|0],20011000,0,13,0,1,0,[0|0]
105011010,,5011,10,1,1,[0|0],20011010,0,12,0,1,0,[0|0]
105011020,,5011,20,1,1,[0|0],20011020,0,12,0,1,0,[0|0]
105011030,,5011,30,1,1,[0|0],20011030,0,12,0,1,0,[0|0]
105011100,,5011,100,1,1,[0|0],20011100,0,20,0,1,0,[0|0]
105011105,,5011,105,1,1,[0|0],20011105,0,30,0,1,0,[0|0]
105011110,,5011,110,1,1,[0|0],20011110,0,20,0,1,0,[0|0]
105011115,,5011,115,1,1,[0|0],20011115,0,30,0,1,0,[0|0]
105011120,,5011,120,1,1,[0|0],20011120,0,13,0,1,0,[0|0]
105011125,,5011,125,1,1,[0|0],20011125,0,13,0,1,0,[0|0]
105011130,,5011,130,1,1,[0|0],20011130,0,13,0,1,0,[0|0]
105011140,,5011,140,1,1,[0|0],20011140,0,13,0,1,0,[0|0]
105011150,,5011,150,1,1,[0|0],20011150,0,20,0,1,0,[0|0]
105011155,,5011,155,1,1,[0|0],20011155,0,20,0,1,0,[0|0]
105011160,,5011,160,1,1,[0|0],20011160,0,30,0,1,0,[0|0]
105011165,,5011,165,1,1,[0|0],20011165,0,30,0,1,0,[0|0]
105011170,,5011,170,1,1,[0|0],20011170,0,13,0,1,0,[0|0]
105011500,,5011,500,1,0,[0|0],20011500,0,17,0,12,0,[0|0]
105011509,,5011,509,1,0,[0|0],20011509,0,12,0,12,0,[0|0]
105011510,,5011,510,1,0,[0|0],20011510,0,17,0,12,0,[0|0]
105011520,,5011,520,1,0,[0|0],20011520,0,17,0,12,0,[0|0]
105011530,,5011,530,1,0,[0|0],20011530,0,17,0,12,0,[0|0]
105011550,,5011,550,1,0,[0|0],20011550,0,17,0,12,0,[0|0]
105011560,,5011,560,1,0,[0|0],20011560,0,8,0,12,0,[0|0]
105011561,,5011,561,1,0,[0|0],20011561,0,9,0,12,0,[0|0]
105011590,,5011,590,1,0,[0|0],20011590,0,0,0,12,0,[0|0]
105011591,,5011,591,1,0,[0|0],20011591,0,10,0,0,0,[0|0]
105011600,,5011,600,1,1,[0|0],20011600,0,30,0,1,0,[0|0]
105011601,,5011,601,1,1,[0|0],20011601,0,30,0,1,0,[0|0]
105011605,,5011,605,1,1,[0|0],20011605,0,30,0,1,0,[0|0]
105011606,,5011,606,1,1,[0|0],20011606,0,30,0,1,0,[0|0]
105011610,,5011,610,1,1,[0|0],20011610,0,13,0,1,0,[0|0]
105011615,,5011,615,1,1,[0|0],20011615,0,13,0,1,0,[0|0]
105011620,,5011,620,1,1,[0|0],20011620,0,30,0,1,0,[0|0]
105011625,,5011,625,1,1,[0|0],20011625,0,30,0,1,0,[0|0]
105011630,,5011,630,1,1,[0|0],20011630,0,20,0,1,0,[0|0]
105011635,,5011,635,1,1,[0|0],20011635,0,20,0,1,0,[0|0]
105011640,,5011,640,1,1,[0|0],20011640,0,50,0,1,0,[0|0]
105011641,,5011,641,1,1,[0|0],20011641,0,50,0,1,0,[0|0]
105011645,,5011,645,1,1,[0|0],20011645,0,50,0,1,0,[0|0]
105011646,,5011,646,1,1,[0|0],20011646,0,50,0,1,0,[0|0]
105011650,,5011,650,1,1,[0|0],20011650,0,50,0,1,0,[0|0]
105011655,,5011,655,1,1,[0|0],20011655,0,50,0,1,0,[0|0]
105012000,,5012,0,1,1,[0|0],20012000,0,13,0,1,0,[0|0]
105012010,,5012,10,1,1,[0|0],20012010,0,12,0,1,0,[0|0]
105012020,,5012,20,1,1,[0|0],20012020,0,12,0,1,0,[0|0]
105012030,,5012,30,1,1,[0|0],20012030,0,12,0,1,0,[0|0]
105012100,,5012,100,1,1,[0|0],20012100,0,20,0,1,0,[0|0]
105012105,,5012,105,1,1,[0|0],20012105,0,30,0,1,0,[0|0]
105012110,,5012,110,1,1,[0|0],20012110,0,20,0,1,0,[0|0]
105012115,,5012,115,1,1,[0|0],20012115,0,30,0,1,0,[0|0]
105012120,,5012,120,1,1,[0|0],20012120,0,13,0,1,0,[0|0]
105012125,,5012,125,1,1,[0|0],20012125,0,13,0,1,0,[0|0]
105012130,,5012,130,1,1,[0|0],20012130,0,13,0,1,0,[0|0]
105012140,,5012,140,1,1,[0|0],20012140,0,13,0,1,0,[0|0]
105012150,,5012,150,1,1,[0|0],20012150,0,20,0,1,0,[0|0]
105012155,,5012,155,1,1,[0|0],20012155,0,20,0,1,0,[0|0]
105012160,,5012,160,1,1,[0|0],20012160,0,30,0,1,0,[0|0]
105012165,,5012,165,1,1,[0|0],20012165,0,30,0,1,0,[0|0]
105012170,,5012,170,1,1,[0|0],20012170,0,13,0,1,0,[0|0]
105012500,,5012,500,1,0,[0|0],20012500,0,17,0,12,0,[0|0]
105012509,,5012,509,1,0,[0|0],20012509,0,12,0,12,0,[0|0]
105012510,,5012,510,1,0,[0|0],20012510,0,17,0,12,0,[0|0]
105012520,,5012,520,1,0,[0|0],20012520,0,17,0,12,0,[0|0]
105012530,,5012,530,1,0,[0|0],20012530,0,17,0,12,0,[0|0]
105012550,,5012,550,1,0,[0|0],20012550,0,17,0,12,0,[0|0]
105012560,,5012,560,1,0,[0|0],20012560,0,8,0,12,0,[0|0]
105012561,,5012,561,1,0,[0|0],20012561,0,9,0,12,0,[0|0]
105012590,,5012,590,1,0,[0|0],20012590,0,0,0,12,0,[0|0]
105012591,,5012,591,1,0,[0|0],20012591,0,10,0,0,0,[0|0]
105012600,,5012,600,1,1,[0|0],20012600,0,30,0,1,0,[0|0]
105012601,,5012,601,1,1,[0|0],20012601,0,30,0,1,0,[0|0]
105012605,,5012,605,1,1,[0|0],20012605,0,30,0,1,0,[0|0]
105012606,,5012,606,1,1,[0|0],20012606,0,30,0,1,0,[0|0]
105012610,,5012,610,1,1,[0|0],20012610,0,13,0,1,0,[0|0]
105012615,,5012,615,1,1,[0|0],20012615,0,13,0,1,0,[0|0]
105012620,,5012,620,1,1,[0|0],20012620,0,30,0,1,0,[0|0]
105012625,,5012,625,1,1,[0|0],20012625,0,30,0,1,0,[0|0]
105012630,,5012,630,1,1,[0|0],20012630,0,20,0,1,0,[0|0]
105012635,,5012,635,1,1,[0|0],20012635,0,20,0,1,0,[0|0]
105012640,,5012,640,1,1,[0|0],20012640,0,50,0,1,0,[0|0]
105012641,,5012,641,1,1,[0|0],20012641,0,50,0,1,0,[0|0]
105012645,,5012,645,1,1,[0|0],20012645,0,50,0,1,0,[0|0]
105012646,,5012,646,1,1,[0|0],20012646,0,50,0,1,0,[0|0]
105012650,,5012,650,1,1,[0|0],20012650,0,50,0,1,0,[0|0]
105012655,,5012,655,1,1,[0|0],20012655,0,50,0,1,0,[0|0]
105013000,,5013,0,1,1,[0|0],20013000,0,13,0,1,0,[0|0]
105013010,,5013,10,1,1,[0|0],20013010,0,12,0,1,0,[0|0]
105013020,,5013,20,1,1,[0|0],20013020,0,12,0,1,0,[0|0]
105013030,,5013,30,1,1,[0|0],20013030,0,12,0,1,0,[0|0]
105013100,,5013,100,1,1,[0|0],20013100,0,20,0,1,0,[0|0]
105013105,,5013,105,1,1,[0|0],20013105,0,30,0,1,0,[0|0]
105013110,,5013,110,1,1,[0|0],20013110,0,20,0,1,0,[0|0]
105013115,,5013,115,1,1,[0|0],20013115,0,30,0,1,0,[0|0]
105013120,,5013,120,1,1,[0|0],20013120,0,13,0,1,0,[0|0]
105013125,,5013,125,1,1,[0|0],20013125,0,13,0,1,0,[0|0]
105013130,,5013,130,1,1,[0|0],20013130,0,13,0,1,0,[0|0]
105013140,,5013,140,1,1,[0|0],20013140,0,13,0,1,0,[0|0]
105013150,,5013,150,1,1,[0|0],20013150,0,20,0,1,0,[0|0]
105013155,,5013,155,1,1,[0|0],20013155,0,20,0,1,0,[0|0]
105013160,,5013,160,1,1,[0|0],20013160,0,30,0,1,0,[0|0]
105013165,,5013,165,1,1,[0|0],20013165,0,30,0,1,0,[0|0]
105013170,,5013,170,1,1,[0|0],20013170,0,13,0,1,0,[0|0]
105013500,,5013,500,1,0,[0|0],20013500,0,17,0,12,0,[0|0]
105013509,,5013,509,1,0,[0|0],20013509,0,12,0,12,0,[0|0]
105013510,,5013,510,1,0,[0|0],20013510,0,17,0,12,0,[0|0]
105013520,,5013,520,1,0,[0|0],20013520,0,17,0,12,0,[0|0]
105013530,,5013,530,1,0,[0|0],20013530,0,17,0,12,0,[0|0]
105013550,,5013,550,1,0,[0|0],20013550,0,17,0,12,0,[0|0]
105013560,,5013,560,1,0,[0|0],20013560,0,8,0,12,0,[0|0]
105013561,,5013,561,1,0,[0|0],20013561,0,9,0,12,0,[0|0]
105013590,,5013,590,1,0,[0|0],20013590,0,0,0,12,0,[0|0]
105013591,,5013,591,1,0,[0|0],20013591,0,10,0,0,0,[0|0]
105013600,,5013,600,1,1,[0|0],20013600,0,30,0,1,0,[0|0]
105013601,,5013,601,1,1,[0|0],20013601,0,30,0,1,0,[0|0]
105013605,,5013,605,1,1,[0|0],20013605,0,30,0,1,0,[0|0]
105013606,,5013,606,1,1,[0|0],20013606,0,30,0,1,0,[0|0]
105013610,,5013,610,1,1,[0|0],20013610,0,13,0,1,0,[0|0]
105013615,,5013,615,1,1,[0|0],20013615,0,13,0,1,0,[0|0]
105013620,,5013,620,1,1,[0|0],20013620,0,30,0,1,0,[0|0]
105013625,,5013,625,1,1,[0|0],20013625,0,30,0,1,0,[0|0]
105013630,,5013,630,1,1,[0|0],20013630,0,20,0,1,0,[0|0]
105013635,,5013,635,1,1,[0|0],20013635,0,20,0,1,0,[0|0]
105013640,,5013,640,1,1,[0|0],20013640,0,50,0,1,0,[0|0]
105013641,,5013,641,1,1,[0|0],20013641,0,50,0,1,0,[0|0]
105013645,,5013,645,1,1,[0|0],20013645,0,50,0,1,0,[0|0]
105013646,,5013,646,1,1,[0|0],20013646,0,50,0,1,0,[0|0]
105013650,,5013,650,1,1,[0|0],20013650,0,50,0,1,0,[0|0]
105013655,,5013,655,1,1,[0|0],20013655,0,50,0,1,0,[0|0]
105020000,,5020,0,1,1,[0|0],20020000,0,13,0,1,0,[0|0]
105020010,,5020,10,1,1,[0|0],20020010,0,12,0,1,0,[0|0]
105020020,,5020,20,1,1,[0|0],20020020,0,12,0,1,0,[0|0]
105020030,,5020,30,1,1,[0|0],20020030,0,12,0,1,0,[0|0]
105020100,,5020,100,1,1,[0|0],20020100,0,20,0,1,0,[0|0]
105020105,,5020,105,1,1,[0|0],20020105,0,30,0,1,0,[0|0]
105020110,,5020,110,1,1,[0|0],20020110,0,20,0,1,0,[0|0]
105020115,,5020,115,1,1,[0|0],20020115,0,30,0,1,0,[0|0]
105020120,,5020,120,1,1,[0|0],20020120,0,13,0,1,0,[0|0]
105020125,,5020,125,1,1,[0|0],20020125,0,13,0,1,0,[0|0]
105020130,,5020,130,1,1,[0|0],20020130,0,13,0,1,0,[0|0]
105020140,,5020,140,1,1,[0|0],20020140,0,13,0,1,0,[0|0]
105020150,,5020,150,1,1,[0|0],20020150,0,20,0,1,0,[0|0]
105020155,,5020,155,1,1,[0|0],20020155,0,20,0,1,0,[0|0]
105020160,,5020,160,1,1,[0|0],20020160,0,30,0,1,0,[0|0]
105020165,,5020,165,1,1,[0|0],20020165,0,30,0,1,0,[0|0]
105020170,,5020,170,1,1,[0|0],20020170,0,13,0,1,0,[0|0]
105020500,,5020,500,1,0,[0|0],20020500,0,17,0,12,0,[0|0]
105020509,,5020,509,1,0,[0|0],20020509,0,12,0,12,0,[0|0]
105020510,,5020,510,1,0,[0|0],20020510,0,17,0,12,0,[0|0]
105020520,,5020,520,1,0,[0|0],20020520,0,17,0,12,0,[0|0]
105020530,,5020,530,1,0,[0|0],20020530,0,17,0,12,0,[0|0]
105020550,,5020,550,1,0,[0|0],20020550,0,17,0,12,0,[0|0]
105020560,,5020,560,1,0,[0|0],20020560,0,8,0,12,0,[0|0]
105020561,,5020,561,1,0,[0|0],20020561,0,9,0,12,0,[0|0]
105020590,,5020,590,1,0,[0|0],20020590,0,0,0,12,0,[0|0]
105020591,,5020,591,1,0,[0|0],20020591,0,10,0,0,0,[0|0]
105020600,,5020,600,1,1,[0|0],20020600,0,30,0,1,0,[0|0]
105020601,,5020,601,1,1,[0|0],20020601,0,30,0,1,0,[0|0]
105020605,,5020,605,1,1,[0|0],20020605,0,30,0,1,0,[0|0]
105020606,,5020,606,1,1,[0|0],20020606,0,30,0,1,0,[0|0]
105020610,,5020,610,1,1,[0|0],20020610,0,13,0,1,0,[0|0]
105020615,,5020,615,1,1,[0|0],20020615,0,13,0,1,0,[0|0]
105020620,,5020,620,1,1,[0|0],20020620,0,30,0,1,0,[0|0]
105020625,,5020,625,1,1,[0|0],20020625,0,30,0,1,0,[0|0]
105020630,,5020,630,1,1,[0|0],20020630,0,20,0,1,0,[0|0]
105020635,,5020,635,1,1,[0|0],20020635,0,20,0,1,0,[0|0]
105020640,,5020,640,1,1,[0|0],20020640,0,50,0,1,0,[0|0]
105020641,,5020,641,1,1,[0|0],20020641,0,50,0,1,0,[0|0]
105020645,,5020,645,1,1,[0|0],20020645,0,50,0,1,0,[0|0]
105020646,,5020,646,1,1,[0|0],20020646,0,50,0,1,0,[0|0]
105020650,,5020,650,1,1,[0|0],20020650,0,50,0,1,0,[0|0]
105020655,,5020,655,1,1,[0|0],20020655,0,50,0,1,0,[0|0]
105021000,,5021,0,1,1,[0|0],20021000,0,13,0,1,0,[0|0]
105021010,,5021,10,1,1,[0|0],20021010,0,12,0,1,0,[0|0]
105021020,,5021,20,1,1,[0|0],20021020,0,12,0,1,0,[0|0]
105021030,,5021,30,1,1,[0|0],20021030,0,12,0,1,0,[0|0]
105021100,,5021,100,1,1,[0|0],20021100,0,20,0,1,0,[0|0]
105021105,,5021,105,1,1,[0|0],20021105,0,30,0,1,0,[0|0]
105021110,,5021,110,1,1,[0|0],20021110,0,20,0,1,0,[0|0]
105021115,,5021,115,1,1,[0|0],20021115,0,30,0,1,0,[0|0]
105021120,,5021,120,1,1,[0|0],20021120,0,13,0,1,0,[0|0]
105021125,,5021,125,1,1,[0|0],20021125,0,13,0,1,0,[0|0]
105021130,,5021,130,1,1,[0|0],20021130,0,13,0,1,0,[0|0]
105021140,,5021,140,1,1,[0|0],20021140,0,13,0,1,0,[0|0]
105021150,,5021,150,1,1,[0|0],20021150,0,20,0,1,0,[0|0]
105021155,,5021,155,1,1,[0|0],20021155,0,20,0,1,0,[0|0]
105021160,,5021,160,1,1,[0|0],20021160,0,30,0,1,0,[0|0]
105021165,,5021,165,1,1,[0|0],20021165,0,30,0,1,0,[0|0]
105021170,,5021,170,1,1,[0|0],20021170,0,13,0,1,0,[0|0]
105021500,,5021,500,1,0,[0|0],20021500,0,17,0,12,0,[0|0]
105021509,,5021,509,1,0,[0|0],20021509,0,12,0,12,0,[0|0]
105021510,,5021,510,1,0,[0|0],20021510,0,17,0,12,0,[0|0]
105021520,,5021,520,1,0,[0|0],20021520,0,17,0,12,0,[0|0]
105021530,,5021,530,1,0,[0|0],20021530,0,17,0,12,0,[0|0]
105021550,,5021,550,1,0,[0|0],20021550,0,17,0,12,0,[0|0]
105021560,,5021,560,1,0,[0|0],20021560,0,8,0,12,0,[0|0]
105021561,,5021,561,1,0,[0|0],20021561,0,9,0,12,0,[0|0]
105021590,,5021,590,1,0,[0|0],20021590,0,0,0,12,0,[0|0]
105021591,,5021,591,1,0,[0|0],20021591,0,10,0,0,0,[0|0]
105021600,,5021,600,1,1,[0|0],20021600,0,30,0,1,0,[0|0]
105021601,,5021,601,1,1,[0|0],20021601,0,30,0,1,0,[0|0]
105021605,,5021,605,1,1,[0|0],20021605,0,30,0,1,0,[0|0]
105021606,,5021,606,1,1,[0|0],20021606,0,30,0,1,0,[0|0]
105021610,,5021,610,1,1,[0|0],20021610,0,13,0,1,0,[0|0]
105021615,,5021,615,1,1,[0|0],20021615,0,13,0,1,0,[0|0]
105021620,,5021,620,1,1,[0|0],20021620,0,30,0,1,0,[0|0]
105021625,,5021,625,1,1,[0|0],20021625,0,30,0,1,0,[0|0]
105021630,,5021,630,1,1,[0|0],20021630,0,20,0,1,0,[0|0]
105021635,,5021,635,1,1,[0|0],20021635,0,20,0,1,0,[0|0]
105021640,,5021,640,1,1,[0|0],20021640,0,50,0,1,0,[0|0]
105021641,,5021,641,1,1,[0|0],20021641,0,50,0,1,0,[0|0]
105021645,,5021,645,1,1,[0|0],20021645,0,50,0,1,0,[0|0]
105021646,,5021,646,1,1,[0|0],20021646,0,50,0,1,0,[0|0]
105021650,,5021,650,1,1,[0|0],20021650,0,50,0,1,0,[0|0]
105021655,,5021,655,1,1,[0|0],20021655,0,50,0,1,0,[0|0]
105022000,,5022,0,1,1,[0|0],20022000,0,13,0,1,0,[0|0]
105022010,,5022,10,1,1,[0|0],20022010,0,12,0,1,0,[0|0]
105022020,,5022,20,1,1,[0|0],20022020,0,12,0,1,0,[0|0]
105022030,,5022,30,1,1,[0|0],20022030,0,12,0,1,0,[0|0]
105022100,,5022,100,1,1,[0|0],20022100,0,20,0,1,0,[0|0]
105022105,,5022,105,1,1,[0|0],20022105,0,30,0,1,0,[0|0]
105022110,,5022,110,1,1,[0|0],20022110,0,20,0,1,0,[0|0]
105022115,,5022,115,1,1,[0|0],20022115,0,30,0,1,0,[0|0]
105022120,,5022,120,1,1,[0|0],20022120,0,13,0,1,0,[0|0]
105022125,,5022,125,1,1,[0|0],20022125,0,13,0,1,0,[0|0]
105022130,,5022,130,1,1,[0|0],20022130,0,13,0,1,0,[0|0]
105022140,,5022,140,1,1,[0|0],20022140,0,13,0,1,0,[0|0]
105022150,,5022,150,1,1,[0|0],20022150,0,20,0,1,0,[0|0]
105022155,,5022,155,1,1,[0|0],20022155,0,20,0,1,0,[0|0]
105022160,,5022,160,1,1,[0|0],20022160,0,30,0,1,0,[0|0]
105022165,,5022,165,1,1,[0|0],20022165,0,30,0,1,0,[0|0]
105022170,,5022,170,1,1,[0|0],20022170,0,13,0,1,0,[0|0]
105022500,,5022,500,1,0,[0|0],20022500,0,17,0,12,0,[0|0]
105022509,,5022,509,1,0,[0|0],20022509,0,12,0,12,0,[0|0]
105022510,,5022,510,1,0,[0|0],20022510,0,17,0,12,0,[0|0]
105022520,,5022,520,1,0,[0|0],20022520,0,17,0,12,0,[0|0]
105022530,,5022,530,1,0,[0|0],20022530,0,17,0,12,0,[0|0]
105022550,,5022,550,1,0,[0|0],20022550,0,17,0,12,0,[0|0]
105022560,,5022,560,1,0,[0|0],20022560,0,8,0,12,0,[0|0]
105022561,,5022,561,1,0,[0|0],20022561,0,9,0,12,0,[0|0]
105022590,,5022,590,1,0,[0|0],20022590,0,0,0,12,0,[0|0]
105022591,,5022,591,1,0,[0|0],20022591,0,10,0,0,0,[0|0]
105022600,,5022,600,1,1,[0|0],20022600,0,30,0,1,0,[0|0]
105022601,,5022,601,1,1,[0|0],20022601,0,30,0,1,0,[0|0]
105022605,,5022,605,1,1,[0|0],20022605,0,30,0,1,0,[0|0]
105022606,,5022,606,1,1,[0|0],20022606,0,30,0,1,0,[0|0]
105022610,,5022,610,1,1,[0|0],20022610,0,13,0,1,0,[0|0]
105022615,,5022,615,1,1,[0|0],20022615,0,13,0,1,0,[0|0]
105022620,,5022,620,1,1,[0|0],20022620,0,30,0,1,0,[0|0]
105022625,,5022,625,1,1,[0|0],20022625,0,30,0,1,0,[0|0]
105022630,,5022,630,1,1,[0|0],20022630,0,20,0,1,0,[0|0]
105022635,,5022,635,1,1,[0|0],20022635,0,20,0,1,0,[0|0]
105022640,,5022,640,1,1,[0|0],20022640,0,50,0,1,0,[0|0]
105022641,,5022,641,1,1,[0|0],20022641,0,50,0,1,0,[0|0]
105022645,,5022,645,1,1,[0|0],20022645,0,50,0,1,0,[0|0]
105022646,,5022,646,1,1,[0|0],20022646,0,50,0,1,0,[0|0]
105022650,,5022,650,1,1,[0|0],20022650,0,50,0,1,0,[0|0]
105022655,,5022,655,1,1,[0|0],20022655,0,50,0,1,0,[0|0]
105023000,,5023,0,1,1,[0|0],20023000,0,13,0,1,0,[0|0]
105023010,,5023,10,1,1,[0|0],20023010,0,12,0,1,0,[0|0]
105023020,,5023,20,1,1,[0|0],20023020,0,12,0,1,0,[0|0]
105023030,,5023,30,1,1,[0|0],20023030,0,12,0,1,0,[0|0]
105023100,,5023,100,1,1,[0|0],20023100,0,20,0,1,0,[0|0]
105023105,,5023,105,1,1,[0|0],20023105,0,30,0,1,0,[0|0]
105023110,,5023,110,1,1,[0|0],20023110,0,20,0,1,0,[0|0]
105023115,,5023,115,1,1,[0|0],20023115,0,30,0,1,0,[0|0]
105023120,,5023,120,1,1,[0|0],20023120,0,13,0,1,0,[0|0]
105023125,,5023,125,1,1,[0|0],20023125,0,13,0,1,0,[0|0]
105023130,,5023,130,1,1,[0|0],20023130,0,13,0,1,0,[0|0]
105023140,,5023,140,1,1,[0|0],20023140,0,13,0,1,0,[0|0]
105023150,,5023,150,1,1,[0|0],20023150,0,20,0,1,0,[0|0]
105023155,,5023,155,1,1,[0|0],20023155,0,20,0,1,0,[0|0]
105023160,,5023,160,1,1,[0|0],20023160,0,30,0,1,0,[0|0]
105023165,,5023,165,1,1,[0|0],20023165,0,30,0,1,0,[0|0]
105023170,,5023,170,1,1,[0|0],20023170,0,13,0,1,0,[0|0]
105023500,,5023,500,1,0,[0|0],20023500,0,17,0,12,0,[0|0]
105023509,,5023,509,1,0,[0|0],20023509,0,12,0,12,0,[0|0]
105023510,,5023,510,1,0,[0|0],20023510,0,17,0,12,0,[0|0]
105023520,,5023,520,1,0,[0|0],20023520,0,17,0,12,0,[0|0]
105023530,,5023,530,1,0,[0|0],20023530,0,17,0,12,0,[0|0]
105023550,,5023,550,1,0,[0|0],20023550,0,17,0,12,0,[0|0]
105023560,,5023,560,1,0,[0|0],20023560,0,8,0,12,0,[0|0]
105023561,,5023,561,1,0,[0|0],20023561,0,9,0,12,0,[0|0]
105023590,,5023,590,1,0,[0|0],20023590,0,0,0,12,0,[0|0]
105023591,,5023,591,1,0,[0|0],20023591,0,10,0,0,0,[0|0]
105023600,,5023,600,1,1,[0|0],20023600,0,30,0,1,0,[0|0]
105023601,,5023,601,1,1,[0|0],20023601,0,30,0,1,0,[0|0]
105023605,,5023,605,1,1,[0|0],20023605,0,30,0,1,0,[0|0]
105023606,,5023,606,1,1,[0|0],20023606,0,30,0,1,0,[0|0]
105023610,,5023,610,1,1,[0|0],20023610,0,13,0,1,0,[0|0]
105023615,,5023,615,1,1,[0|0],20023615,0,13,0,1,0,[0|0]
105023620,,5023,620,1,1,[0|0],20023620,0,30,0,1,0,[0|0]
105023625,,5023,625,1,1,[0|0],20023625,0,30,0,1,0,[0|0]
105023630,,5023,630,1,1,[0|0],20023630,0,20,0,1,0,[0|0]
105023635,,5023,635,1,1,[0|0],20023635,0,20,0,1,0,[0|0]
105023640,,5023,640,1,1,[0|0],20023640,0,50,0,1,0,[0|0]
105023641,,5023,641,1,1,[0|0],20023641,0,50,0,1,0,[0|0]
105023645,,5023,645,1,1,[0|0],20023645,0,50,0,1,0,[0|0]
105023646,,5023,646,1,1,[0|0],20023646,0,50,0,1,0,[0|0]
105023650,,5023,650,1,1,[0|0],20023650,0,50,0,1,0,[0|0]
105023655,,5023,655,1,1,[0|0],20023655,0,50,0,1,0,[0|0]
105024000,,5024,0,1,1,[0|0],20024000,0,13,0,1,0,[0|0]
105024010,,5024,10,1,1,[0|0],20024010,0,12,0,1,0,[0|0]
105024020,,5024,20,1,1,[0|0],20024020,0,12,0,1,0,[0|0]
105024030,,5024,30,1,1,[0|0],20024030,0,12,0,1,0,[0|0]
105024100,,5024,100,1,1,[0|0],20024100,0,20,0,1,0,[0|0]
105024105,,5024,105,1,1,[0|0],20024105,0,30,0,1,0,[0|0]
105024110,,5024,110,1,1,[0|0],20024110,0,20,0,1,0,[0|0]
105024115,,5024,115,1,1,[0|0],20024115,0,30,0,1,0,[0|0]
105024120,,5024,120,1,1,[0|0],20024120,0,13,0,1,0,[0|0]
105024125,,5024,125,1,1,[0|0],20024125,0,13,0,1,0,[0|0]
105024130,,5024,130,1,1,[0|0],20024130,0,13,0,1,0,[0|0]
105024140,,5024,140,1,1,[0|0],20024140,0,13,0,1,0,[0|0]
105024150,,5024,150,1,1,[0|0],20024150,0,20,0,1,0,[0|0]
105024155,,5024,155,1,1,[0|0],20024155,0,20,0,1,0,[0|0]
105024160,,5024,160,1,1,[0|0],20024160,0,30,0,1,0,[0|0]
105024165,,5024,165,1,1,[0|0],20024165,0,30,0,1,0,[0|0]
105024170,,5024,170,1,1,[0|0],20024170,0,13,0,1,0,[0|0]
105024500,,5024,500,1,0,[0|0],20024500,0,17,0,12,0,[0|0]
105024509,,5024,509,1,0,[0|0],20024509,0,12,0,12,0,[0|0]
105024510,,5024,510,1,0,[0|0],20024510,0,17,0,12,0,[0|0]
105024520,,5024,520,1,0,[0|0],20024520,0,17,0,12,0,[0|0]
105024530,,5024,530,1,0,[0|0],20024530,0,17,0,12,0,[0|0]
105024550,,5024,550,1,0,[0|0],20024550,0,17,0,12,0,[0|0]
105024560,,5024,560,1,0,[0|0],20024560,0,8,0,12,0,[0|0]
105024561,,5024,561,1,0,[0|0],20024561,0,9,0,12,0,[0|0]
105024590,,5024,590,1,0,[0|0],20024590,0,0,0,12,0,[0|0]
105024591,,5024,591,1,0,[0|0],20024591,0,10,0,0,0,[0|0]
105024600,,5024,600,1,1,[0|0],20024600,0,30,0,1,0,[0|0]
105024601,,5024,601,1,1,[0|0],20024601,0,30,0,1,0,[0|0]
105024605,,5024,605,1,1,[0|0],20024605,0,30,0,1,0,[0|0]
105024606,,5024,606,1,1,[0|0],20024606,0,30,0,1,0,[0|0]
105024610,,5024,610,1,1,[0|0],20024610,0,13,0,1,0,[0|0]
105024615,,5024,615,1,1,[0|0],20024615,0,13,0,1,0,[0|0]
105024620,,5024,620,1,1,[0|0],20024620,0,30,0,1,0,[0|0]
105024625,,5024,625,1,1,[0|0],20024625,0,30,0,1,0,[0|0]
105024630,,5024,630,1,1,[0|0],20024630,0,20,0,1,0,[0|0]
105024635,,5024,635,1,1,[0|0],20024635,0,20,0,1,0,[0|0]
105024640,,5024,640,1,1,[0|0],20024640,0,50,0,1,0,[0|0]
105024641,,5024,641,1,1,[0|0],20024641,0,50,0,1,0,[0|0]
105024645,,5024,645,1,1,[0|0],20024645,0,50,0,1,0,[0|0]
105024646,,5024,646,1,1,[0|0],20024646,0,50,0,1,0,[0|0]
105024650,,5024,650,1,1,[0|0],20024650,0,50,0,1,0,[0|0]
105024655,,5024,655,1,1,[0|0],20024655,0,50,0,1,0,[0|0]
105027000,,5027,0,1,1,[0|0],20027000,0,13,0,1,0,[0|0]
105027010,,5027,10,1,1,[0|0],20027010,0,12,0,1,0,[0|0]
105027020,,5027,20,1,1,[0|0],20027020,0,12,0,1,0,[0|0]
105027030,,5027,30,1,1,[0|0],20027030,0,12,0,1,0,[0|0]
105027100,,5027,100,1,1,[0|0],20027100,0,20,0,1,0,[0|0]
105027105,,5027,105,1,1,[0|0],20027105,0,30,0,1,0,[0|0]
105027110,,5027,110,1,1,[0|0],20027110,0,20,0,1,0,[0|0]
105027115,,5027,115,1,1,[0|0],20027115,0,30,0,1,0,[0|0]
105027120,,5027,120,1,1,[0|0],20027120,0,13,0,1,0,[0|0]
105027125,,5027,125,1,1,[0|0],20027125,0,13,0,1,0,[0|0]
105027130,,5027,130,1,1,[0|0],20027130,0,13,0,1,0,[0|0]
105027140,,5027,140,1,1,[0|0],20027140,0,13,0,1,0,[0|0]
105027150,,5027,150,1,1,[0|0],20027150,0,20,0,1,0,[0|0]
105027155,,5027,155,1,1,[0|0],20027155,0,20,0,1,0,[0|0]
105027160,,5027,160,1,1,[0|0],20027160,0,30,0,1,0,[0|0]
105027165,,5027,165,1,1,[0|0],20027165,0,30,0,1,0,[0|0]
105027170,,5027,170,1,1,[0|0],20027170,0,13,0,1,0,[0|0]
105027500,,5027,500,1,0,[0|0],20027500,0,17,0,12,0,[0|0]
105027509,,5027,509,1,0,[0|0],20027509,0,12,0,12,0,[0|0]
105027510,,5027,510,1,0,[0|0],20027510,0,17,0,12,0,[0|0]
105027520,,5027,520,1,0,[0|0],20027520,0,17,0,12,0,[0|0]
105027530,,5027,530,1,0,[0|0],20027530,0,17,0,12,0,[0|0]
105027550,,5027,550,1,0,[0|0],20027550,0,17,0,12,0,[0|0]
105027560,,5027,560,1,0,[0|0],20027560,0,8,0,12,0,[0|0]
105027561,,5027,561,1,0,[0|0],20027561,0,9,0,12,0,[0|0]
105027590,,5027,590,1,0,[0|0],20027590,0,0,0,12,0,[0|0]
105027591,,5027,591,1,0,[0|0],20027591,0,10,0,0,0,[0|0]
105027600,,5027,600,1,1,[0|0],20027600,0,30,0,1,0,[0|0]
105027601,,5027,601,1,1,[0|0],20027601,0,30,0,1,0,[0|0]
105027605,,5027,605,1,1,[0|0],20027605,0,30,0,1,0,[0|0]
105027606,,5027,606,1,1,[0|0],20027606,0,30,0,1,0,[0|0]
105027610,,5027,610,1,1,[0|0],20027610,0,13,0,1,0,[0|0]
105027615,,5027,615,1,1,[0|0],20027615,0,13,0,1,0,[0|0]
105027620,,5027,620,1,1,[0|0],20027620,0,30,0,1,0,[0|0]
105027625,,5027,625,1,1,[0|0],20027625,0,30,0,1,0,[0|0]
105027630,,5027,630,1,1,[0|0],20027630,0,20,0,1,0,[0|0]
105027635,,5027,635,1,1,[0|0],20027635,0,20,0,1,0,[0|0]
105027640,,5027,640,1,1,[0|0],20027640,0,50,0,1,0,[0|0]
105027641,,5027,641,1,1,[0|0],20027641,0,50,0,1,0,[0|0]
105027645,,5027,645,1,1,[0|0],20027645,0,50,0,1,0,[0|0]
105027646,,5027,646,1,1,[0|0],20027646,0,50,0,1,0,[0|0]
105027650,,5027,650,1,1,[0|0],20027650,0,50,0,1,0,[0|0]
105027655,,5027,655,1,1,[0|0],20027655,0,50,0,1,0,[0|0]
105028000,,5028,0,1,1,[0|0],20028000,0,13,0,1,0,[0|0]
105028010,,5028,10,1,1,[0|0],20028010,0,12,0,1,0,[0|0]
105028020,,5028,20,1,1,[0|0],20028020,0,12,0,1,0,[0|0]
105028030,,5028,30,1,1,[0|0],20028030,0,12,0,1,0,[0|0]
105028100,,5028,100,1,1,[0|0],20028100,0,20,0,1,0,[0|0]
105028105,,5028,105,1,1,[0|0],20028105,0,30,0,1,0,[0|0]
105028110,,5028,110,1,1,[0|0],20028110,0,20,0,1,0,[0|0]
105028115,,5028,115,1,1,[0|0],20028115,0,30,0,1,0,[0|0]
105028120,,5028,120,1,1,[0|0],20028120,0,13,0,1,0,[0|0]
105028125,,5028,125,1,1,[0|0],20028125,0,13,0,1,0,[0|0]
105028130,,5028,130,1,1,[0|0],20028130,0,13,0,1,0,[0|0]
105028140,,5028,140,1,1,[0|0],20028140,0,13,0,1,0,[0|0]
105028150,,5028,150,1,1,[0|0],20028150,0,20,0,1,0,[0|0]
105028155,,5028,155,1,1,[0|0],20028155,0,20,0,1,0,[0|0]
105028160,,5028,160,1,1,[0|0],20028160,0,30,0,1,0,[0|0]
105028165,,5028,165,1,1,[0|0],20028165,0,30,0,1,0,[0|0]
105028170,,5028,170,1,1,[0|0],20028170,0,13,0,1,0,[0|0]
105028500,,5028,500,1,0,[0|0],20028500,0,17,0,12,0,[0|0]
105028509,,5028,509,1,0,[0|0],20028509,0,12,0,12,0,[0|0]
105028510,,5028,510,1,0,[0|0],20028510,0,17,0,12,0,[0|0]
105028520,,5028,520,1,0,[0|0],20028520,0,17,0,12,0,[0|0]
105028530,,5028,530,1,0,[0|0],20028530,0,17,0,12,0,[0|0]
105028550,,5028,550,1,0,[0|0],20028550,0,17,0,12,0,[0|0]
105028560,,5028,560,1,0,[0|0],20028560,0,8,0,12,0,[0|0]
105028561,,5028,561,1,0,[0|0],20028561,0,9,0,12,0,[0|0]
105028590,,5028,590,1,0,[0|0],20028590,0,0,0,12,0,[0|0]
105028591,,5028,591,1,0,[0|0],20028591,0,10,0,0,0,[0|0]
105028600,,5028,600,1,1,[0|0],20028600,0,30,0,1,0,[0|0]
105028601,,5028,601,1,1,[0|0],20028601,0,30,0,1,0,[0|0]
105028605,,5028,605,1,1,[0|0],20028605,0,30,0,1,0,[0|0]
105028606,,5028,606,1,1,[0|0],20028606,0,30,0,1,0,[0|0]
105028610,,5028,610,1,1,[0|0],20028610,0,13,0,1,0,[0|0]
105028615,,5028,615,1,1,[0|0],20028615,0,13,0,1,0,[0|0]
105028620,,5028,620,1,1,[0|0],20028620,0,30,0,1,0,[0|0]
105028625,,5028,625,1,1,[0|0],20028625,0,30,0,1,0,[0|0]
105028630,,5028,630,1,1,[0|0],20028630,0,20,0,1,0,[0|0]
105028635,,5028,635,1,1,[0|0],20028635,0,20,0,1,0,[0|0]
105028640,,5028,640,1,1,[0|0],20028640,0,50,0,1,0,[0|0]
105028641,,5028,641,1,1,[0|0],20028641,0,50,0,1,0,[0|0]
105028645,,5028,645,1,1,[0|0],20028645,0,50,0,1,0,[0|0]
105028646,,5028,646,1,1,[0|0],20028646,0,50,0,1,0,[0|0]
105028650,,5028,650,1,1,[0|0],20028650,0,50,0,1,0,[0|0]
105028655,,5028,655,1,1,[0|0],20028655,0,50,0,1,0,[0|0]
105029000,,5029,0,1,1,[0|0],20029000,0,13,0,1,0,[0|0]
105029010,,5029,10,1,1,[0|0],20029010,0,12,0,1,0,[0|0]
105029020,,5029,20,1,1,[0|0],20029020,0,12,0,1,0,[0|0]
105029030,,5029,30,1,1,[0|0],20029030,0,12,0,1,0,[0|0]
105029100,,5029,100,1,1,[0|0],20029100,0,20,0,1,0,[0|0]
105029105,,5029,105,1,1,[0|0],20029105,0,30,0,1,0,[0|0]
105029110,,5029,110,1,1,[0|0],20029110,0,20,0,1,0,[0|0]
105029115,,5029,115,1,1,[0|0],20029115,0,30,0,1,0,[0|0]
105029120,,5029,120,1,1,[0|0],20029120,0,13,0,1,0,[0|0]
105029125,,5029,125,1,1,[0|0],20029125,0,13,0,1,0,[0|0]
105029130,,5029,130,1,1,[0|0],20029130,0,13,0,1,0,[0|0]
105029140,,5029,140,1,1,[0|0],20029140,0,13,0,1,0,[0|0]
105029150,,5029,150,1,1,[0|0],20029150,0,20,0,1,0,[0|0]
105029155,,5029,155,1,1,[0|0],20029155,0,20,0,1,0,[0|0]
105029160,,5029,160,1,1,[0|0],20029160,0,30,0,1,0,[0|0]
105029165,,5029,165,1,1,[0|0],20029165,0,30,0,1,0,[0|0]
105029170,,5029,170,1,1,[0|0],20029170,0,13,0,1,0,[0|0]
105029500,,5029,500,1,0,[0|0],20029500,0,17,0,12,0,[0|0]
105029509,,5029,509,1,0,[0|0],20029509,0,12,0,12,0,[0|0]
105029510,,5029,510,1,0,[0|0],20029510,0,17,0,12,0,[0|0]
105029520,,5029,520,1,0,[0|0],20029520,0,17,0,12,0,[0|0]
105029530,,5029,530,1,0,[0|0],20029530,0,17,0,12,0,[0|0]
105029550,,5029,550,1,0,[0|0],20029550,0,17,0,12,0,[0|0]
105029560,,5029,560,1,0,[0|0],20029560,0,8,0,12,0,[0|0]
105029561,,5029,561,1,0,[0|0],20029561,0,9,0,12,0,[0|0]
105029590,,5029,590,1,0,[0|0],20029590,0,0,0,12,0,[0|0]
105029591,,5029,591,1,0,[0|0],20029591,0,10,0,0,0,[0|0]
105029600,,5029,600,1,1,[0|0],20029600,0,30,0,1,0,[0|0]
105029601,,5029,601,1,1,[0|0],20029601,0,30,0,1,0,[0|0]
105029605,,5029,605,1,1,[0|0],20029605,0,30,0,1,0,[0|0]
105029606,,5029,606,1,1,[0|0],20029606,0,30,0,1,0,[0|0]
105029610,,5029,610,1,1,[0|0],20029610,0,13,0,1,0,[0|0]
105029615,,5029,615,1,1,[0|0],20029615,0,13,0,1,0,[0|0]
105029620,,5029,620,1,1,[0|0],20029620,0,30,0,1,0,[0|0]
105029625,,5029,625,1,1,[0|0],20029625,0,30,0,1,0,[0|0]
105029630,,5029,630,1,1,[0|0],20029630,0,20,0,1,0,[0|0]
105029635,,5029,635,1,1,[0|0],20029635,0,20,0,1,0,[0|0]
105029640,,5029,640,1,1,[0|0],20029640,0,50,0,1,0,[0|0]
105029641,,5029,641,1,1,[0|0],20029641,0,50,0,1,0,[0|0]
105029645,,5029,645,1,1,[0|0],20029645,0,50,0,1,0,[0|0]
105029646,,5029,646,1,1,[0|0],20029646,0,50,0,1,0,[0|0]
105029650,,5029,650,1,1,[0|0],20029650,0,50,0,1,0,[0|0]
105029655,,5029,655,1,1,[0|0],20029655,0,50,0,1,0,[0|0]
105050000,,5050,0,1,1,[0|0],20050000,0,10,0,1,0,[0|0]
105050010,,5050,10,1,1,[0|0],20050010,0,10,0,1,0,[0|0]
105050020,,5050,20,1,1,[0|0],20050020,0,10,0,1,0,[0|0]
105050030,,5050,30,1,1,[0|0],20050030,0,10,0,1,0,[0|0]
105050100,,5050,100,1,1,[0|0],20050100,0,18,0,1,0,[0|0]
105050105,,5050,105,1,1,[0|0],20050105,0,28,0,1,0,[0|0]
105050110,,5050,110,1,1,[0|0],20050110,0,18,0,1,0,[0|0]
105050115,,5050,115,1,1,[0|0],20050115,0,28,0,1,0,[0|0]
105050120,,5050,120,1,1,[0|0],20050120,0,10,0,1,0,[0|0]
105050125,,5050,125,1,1,[0|0],20050125,0,10,0,1,0,[0|0]
105050130,,5050,130,1,1,[0|0],20050130,0,10,0,1,0,[0|0]
105050140,,5050,140,1,1,[0|0],20050140,0,10,0,1,0,[0|0]
105050150,,5050,150,1,1,[0|0],20050150,0,20,0,1,0,[0|0]
105050155,,5050,155,1,1,[0|0],20050155,0,20,0,1,0,[0|0]
105050160,,5050,160,1,1,[0|0],20050160,0,28,0,1,0,[0|0]
105050165,,5050,165,1,1,[0|0],20050165,0,28,0,1,0,[0|0]
105050170,,5050,170,1,1,[0|0],20050170,0,10,0,1,0,[0|0]
105050500,,5050,500,1,0,[0|0],20050500,0,17,0,12,0,[0|0]
105050509,,5050,509,1,0,[0|0],20050509,0,12,0,12,0,[0|0]
105050510,,5050,510,1,0,[0|0],20050510,0,17,0,12,0,[0|0]
105050520,,5050,520,1,0,[0|0],20050520,0,17,0,12,0,[0|0]
105050530,,5050,530,1,0,[0|0],20050530,0,17,0,12,0,[0|0]
105050550,,5050,550,1,0,[0|0],20050550,0,17,0,12,0,[0|0]
105050560,,5050,560,1,0,[0|0],20050560,0,8,0,12,0,[0|0]
105050561,,5050,561,1,0,[0|0],20050561,0,9,0,12,0,[0|0]
105050590,,5050,590,1,0,[0|0],20050590,0,0,0,12,0,[0|0]
105050591,,5050,591,1,0,[0|0],20050591,0,10,0,0,0,[0|0]
105050600,,5050,600,1,1,[0|0],20050600,0,30,0,1,0,[0|0]
105050601,,5050,601,1,1,[0|0],20050601,0,30,0,1,0,[0|0]
105050605,,5050,605,1,1,[0|0],20050605,0,30,0,1,0,[0|0]
105050606,,5050,606,1,1,[0|0],20050606,0,30,0,1,0,[0|0]
105050610,,5050,610,1,1,[0|0],20050610,0,13,0,1,0,[0|0]
105050615,,5050,615,1,1,[0|0],20050615,0,13,0,1,0,[0|0]
105050620,,5050,620,1,1,[0|0],20050620,0,30,0,1,0,[0|0]
105050625,,5050,625,1,1,[0|0],20050625,0,30,0,1,0,[0|0]
105050630,,5050,630,1,1,[0|0],20050630,0,20,0,1,0,[0|0]
105050635,,5050,635,1,1,[0|0],20050635,0,20,0,1,0,[0|0]
105050640,,5050,640,1,1,[0|0],20050640,0,50,0,1,0,[0|0]
105050641,,5050,641,1,1,[0|0],20050641,0,50,0,1,0,[0|0]
105050645,,5050,645,1,1,[0|0],20050645,0,50,0,1,0,[0|0]
105050646,,5050,646,1,1,[0|0],20050646,0,50,0,1,0,[0|0]
105050650,,5050,650,1,1,[0|0],20050650,0,50,0,1,0,[0|0]
105050655,,5050,655,1,1,[0|0],20050655,0,50,0,1,0,[0|0]
105060000,,5060,0,1,1,[0|0],20060000,0,10,0,1,0,[0|0]
105060010,,5060,10,1,1,[0|0],20060010,0,10,0,1,0,[0|0]
105060020,,5060,20,1,1,[0|0],20060020,0,10,0,1,0,[0|0]
105060030,,5060,30,1,1,[0|0],20060030,0,10,0,1,0,[0|0]
105060100,,5060,100,1,1,[0|0],20060100,0,18,0,1,0,[0|0]
105060105,,5060,105,1,1,[0|0],20060105,0,28,0,1,0,[0|0]
105060110,,5060,110,1,1,[0|0],20060110,0,18,0,1,0,[0|0]
105060115,,5060,115,1,1,[0|0],20060115,0,28,0,1,0,[0|0]
105060120,,5060,120,1,1,[0|0],20060120,0,10,0,1,0,[0|0]
105060125,,5060,125,1,1,[0|0],20060125,0,10,0,1,0,[0|0]
105060130,,5060,130,1,1,[0|0],20060130,0,10,0,1,0,[0|0]
105060140,,5060,140,1,1,[0|0],20060140,0,10,0,1,0,[0|0]
105060150,,5060,150,1,1,[0|0],20060150,0,20,0,1,0,[0|0]
105060155,,5060,155,1,1,[0|0],20060155,0,20,0,1,0,[0|0]
105060160,,5060,160,1,1,[0|0],20060160,0,28,0,1,0,[0|0]
105060165,,5060,165,1,1,[0|0],20060165,0,28,0,1,0,[0|0]
105060170,,5060,170,1,1,[0|0],20060170,0,10,0,1,0,[0|0]
105060500,,5060,500,1,0,[0|0],20060500,0,17,0,12,0,[0|0]
105060509,,5060,509,1,0,[0|0],20060509,0,12,0,12,0,[0|0]
105060510,,5060,510,1,0,[0|0],20060510,0,17,0,12,0,[0|0]
105060520,,5060,520,1,0,[0|0],20060520,0,17,0,12,0,[0|0]
105060530,,5060,530,1,0,[0|0],20060530,0,17,0,12,0,[0|0]
105060550,,5060,550,1,0,[0|0],20060550,0,17,0,12,0,[0|0]
105060560,,5060,560,1,0,[0|0],20060560,0,8,0,12,0,[0|0]
105060561,,5060,561,1,0,[0|0],20060561,0,9,0,12,0,[0|0]
105060590,,5060,590,1,0,[0|0],20060590,0,0,0,12,0,[0|0]
105060591,,5060,591,1,0,[0|0],20060591,0,10,0,0,0,[0|0]
105060600,,5060,600,1,1,[0|0],20060600,0,30,0,1,0,[0|0]
105060601,,5060,601,1,1,[0|0],20060601,0,30,0,1,0,[0|0]
105060605,,5060,605,1,1,[0|0],20060605,0,30,0,1,0,[0|0]
105060606,,5060,606,1,1,[0|0],20060606,0,30,0,1,0,[0|0]
105060610,,5060,610,1,1,[0|0],20060610,0,13,0,1,0,[0|0]
105060615,,5060,615,1,1,[0|0],20060615,0,13,0,1,0,[0|0]
105060620,,5060,620,1,1,[0|0],20060620,0,30,0,1,0,[0|0]
105060625,,5060,625,1,1,[0|0],20060625,0,30,0,1,0,[0|0]
105060630,,5060,630,1,1,[0|0],20060630,0,20,0,1,0,[0|0]
105060635,,5060,635,1,1,[0|0],20060635,0,20,0,1,0,[0|0]
105060640,,5060,640,1,1,[0|0],20060640,0,50,0,1,0,[0|0]
105060641,,5060,641,1,1,[0|0],20060641,0,50,0,1,0,[0|0]
105060645,,5060,645,1,1,[0|0],20060645,0,50,0,1,0,[0|0]
105060646,,5060,646,1,1,[0|0],20060646,0,50,0,1,0,[0|0]
105060650,,5060,650,1,1,[0|0],20060650,0,50,0,1,0,[0|0]
105060655,,5060,655,1,1,[0|0],20060655,0,50,0,1,0,[0|0]
105061000,,5061,0,1,1,[0|0],20061000,0,10,0,1,0,[0|0]
105061010,,5061,10,1,1,[0|0],20061010,0,10,0,1,0,[0|0]
105061020,,5061,20,1,1,[0|0],20061020,0,10,0,1,0,[0|0]
105061030,,5061,30,1,1,[0|0],20061030,0,10,0,1,0,[0|0]
105061100,,5061,100,1,1,[0|0],20061100,0,18,0,1,0,[0|0]
105061105,,5061,105,1,1,[0|0],20061105,0,28,0,1,0,[0|0]
105061110,,5061,110,1,1,[0|0],20061110,0,18,0,1,0,[0|0]
105061115,,5061,115,1,1,[0|0],20061115,0,28,0,1,0,[0|0]
105061120,,5061,120,1,1,[0|0],20061120,0,10,0,1,0,[0|0]
105061125,,5061,125,1,1,[0|0],20061125,0,10,0,1,0,[0|0]
105061130,,5061,130,1,1,[0|0],20061130,0,10,0,1,0,[0|0]
105061140,,5061,140,1,1,[0|0],20061140,0,10,0,1,0,[0|0]
105061150,,5061,150,1,1,[0|0],20061150,0,20,0,1,0,[0|0]
105061155,,5061,155,1,1,[0|0],20061155,0,20,0,1,0,[0|0]
105061160,,5061,160,1,1,[0|0],20061160,0,28,0,1,0,[0|0]
105061165,,5061,165,1,1,[0|0],20061165,0,28,0,1,0,[0|0]
105061170,,5061,170,1,1,[0|0],20061170,0,10,0,1,0,[0|0]
105061500,,5061,500,1,0,[0|0],20061500,0,17,0,12,0,[0|0]
105061509,,5061,509,1,0,[0|0],20061509,0,12,0,12,0,[0|0]
105061510,,5061,510,1,0,[0|0],20061510,0,17,0,12,0,[0|0]
105061520,,5061,520,1,0,[0|0],20061520,0,17,0,12,0,[0|0]
105061530,,5061,530,1,0,[0|0],20061530,0,17,0,12,0,[0|0]
105061550,,5061,550,1,0,[0|0],20061550,0,17,0,12,0,[0|0]
105061560,,5061,560,1,0,[0|0],20061560,0,8,0,12,0,[0|0]
105061561,,5061,561,1,0,[0|0],20061561,0,9,0,12,0,[0|0]
105061590,,5061,590,1,0,[0|0],20061590,0,0,0,12,0,[0|0]
105061591,,5061,591,1,0,[0|0],20061591,0,10,0,0,0,[0|0]
105061600,,5061,600,1,1,[0|0],20061600,0,30,0,1,0,[0|0]
105061601,,5061,601,1,1,[0|0],20061601,0,30,0,1,0,[0|0]
105061605,,5061,605,1,1,[0|0],20061605,0,30,0,1,0,[0|0]
105061606,,5061,606,1,1,[0|0],20061606,0,30,0,1,0,[0|0]
105061610,,5061,610,1,1,[0|0],20061610,0,13,0,1,0,[0|0]
105061615,,5061,615,1,1,[0|0],20061615,0,13,0,1,0,[0|0]
105061620,,5061,620,1,1,[0|0],20061620,0,30,0,1,0,[0|0]
105061625,,5061,625,1,1,[0|0],20061625,0,30,0,1,0,[0|0]
105061630,,5061,630,1,1,[0|0],20061630,0,20,0,1,0,[0|0]
105061635,,5061,635,1,1,[0|0],20061635,0,20,0,1,0,[0|0]
105061640,,5061,640,1,1,[0|0],20061640,0,50,0,1,0,[0|0]
105061641,,5061,641,1,1,[0|0],20061641,0,50,0,1,0,[0|0]
105061645,,5061,645,1,1,[0|0],20061645,0,50,0,1,0,[0|0]
105061646,,5061,646,1,1,[0|0],20061646,0,50,0,1,0,[0|0]
105061650,,5061,650,1,1,[0|0],20061650,0,50,0,1,0,[0|0]
105061655,,5061,655,1,1,[0|0],20061655,0,50,0,1,0,[0|0]
105062000,,5062,0,1,1,[0|0],20062000,0,10,0,1,0,[0|0]
105062010,,5062,10,1,1,[0|0],20062010,0,10,0,1,0,[0|0]
105062020,,5062,20,1,1,[0|0],20062020,0,10,0,1,0,[0|0]
105062030,,5062,30,1,1,[0|0],20062030,0,10,0,1,0,[0|0]
105062100,,5062,100,1,1,[0|0],20062100,0,18,0,1,0,[0|0]
105062105,,5062,105,1,1,[0|0],20062105,0,28,0,1,0,[0|0]
105062110,,5062,110,1,1,[0|0],20062110,0,18,0,1,0,[0|0]
105062115,,5062,115,1,1,[0|0],20062115,0,28,0,1,0,[0|0]
105062120,,5062,120,1,1,[0|0],20062120,0,10,0,1,0,[0|0]
105062125,,5062,125,1,1,[0|0],20062125,0,10,0,1,0,[0|0]
105062130,,5062,130,1,1,[0|0],20062130,0,10,0,1,0,[0|0]
105062140,,5062,140,1,1,[0|0],20062140,0,10,0,1,0,[0|0]
105062150,,5062,150,1,1,[0|0],20062150,0,20,0,1,0,[0|0]
105062155,,5062,155,1,1,[0|0],20062155,0,20,0,1,0,[0|0]
105062160,,5062,160,1,1,[0|0],20062160,0,28,0,1,0,[0|0]
105062165,,5062,165,1,1,[0|0],20062165,0,28,0,1,0,[0|0]
105062170,,5062,170,1,1,[0|0],20062170,0,10,0,1,0,[0|0]
105062500,,5062,500,1,0,[0|0],20062500,0,17,0,12,0,[0|0]
105062509,,5062,509,1,0,[0|0],20062509,0,12,0,12,0,[0|0]
105062510,,5062,510,1,0,[0|0],20062510,0,17,0,12,0,[0|0]
105062520,,5062,520,1,0,[0|0],20062520,0,17,0,12,0,[0|0]
105062530,,5062,530,1,0,[0|0],20062530,0,17,0,12,0,[0|0]
105062550,,5062,550,1,0,[0|0],20062550,0,17,0,12,0,[0|0]
105062560,,5062,560,1,0,[0|0],20062560,0,8,0,12,0,[0|0]
105062561,,5062,561,1,0,[0|0],20062561,0,9,0,12,0,[0|0]
105062590,,5062,590,1,0,[0|0],20062590,0,0,0,12,0,[0|0]
105062591,,5062,591,1,0,[0|0],20062591,0,10,0,0,0,[0|0]
105062600,,5062,600,1,1,[0|0],20062600,0,30,0,1,0,[0|0]
105062601,,5062,601,1,1,[0|0],20062601,0,30,0,1,0,[0|0]
105062605,,5062,605,1,1,[0|0],20062605,0,30,0,1,0,[0|0]
105062606,,5062,606,1,1,[0|0],20062606,0,30,0,1,0,[0|0]
105062610,,5062,610,1,1,[0|0],20062610,0,13,0,1,0,[0|0]
105062615,,5062,615,1,1,[0|0],20062615,0,13,0,1,0,[0|0]
105062620,,5062,620,1,1,[0|0],20062620,0,30,0,1,0,[0|0]
105062625,,5062,625,1,1,[0|0],20062625,0,30,0,1,0,[0|0]
105062630,,5062,630,1,1,[0|0],20062630,0,20,0,1,0,[0|0]
105062635,,5062,635,1,1,[0|0],20062635,0,20,0,1,0,[0|0]
105062640,,5062,640,1,1,[0|0],20062640,0,50,0,1,0,[0|0]
105062641,,5062,641,1,1,[0|0],20062641,0,50,0,1,0,[0|0]
105062645,,5062,645,1,1,[0|0],20062645,0,50,0,1,0,[0|0]
105062646,,5062,646,1,1,[0|0],20062646,0,50,0,1,0,[0|0]
105062650,,5062,650,1,1,[0|0],20062650,0,50,0,1,0,[0|0]
105062655,,5062,655,1,1,[0|0],20062655,0,50,0,1,0,[0|0]
105063000,,5063,0,1,1,[0|0],20063000,0,10,0,1,0,[0|0]
105063010,,5063,10,1,1,[0|0],20063010,0,10,0,1,0,[0|0]
105063020,,5063,20,1,1,[0|0],20063020,0,10,0,1,0,[0|0]
105063030,,5063,30,1,1,[0|0],20063030,0,10,0,1,0,[0|0]
105063100,,5063,100,1,1,[0|0],20063100,0,18,0,1,0,[0|0]
105063105,,5063,105,1,1,[0|0],20063105,0,28,0,1,0,[0|0]
105063110,,5063,110,1,1,[0|0],20063110,0,18,0,1,0,[0|0]
105063115,,5063,115,1,1,[0|0],20063115,0,28,0,1,0,[0|0]
105063120,,5063,120,1,1,[0|0],20063120,0,10,0,1,0,[0|0]
105063125,,5063,125,1,1,[0|0],20063125,0,10,0,1,0,[0|0]
105063130,,5063,130,1,1,[0|0],20063130,0,10,0,1,0,[0|0]
105063140,,5063,140,1,1,[0|0],20063140,0,10,0,1,0,[0|0]
105063150,,5063,150,1,1,[0|0],20063150,0,20,0,1,0,[0|0]
105063155,,5063,155,1,1,[0|0],20063155,0,20,0,1,0,[0|0]
105063160,,5063,160,1,1,[0|0],20063160,0,28,0,1,0,[0|0]
105063165,,5063,165,1,1,[0|0],20063165,0,28,0,1,0,[0|0]
105063170,,5063,170,1,1,[0|0],20063170,0,10,0,1,0,[0|0]
105063500,,5063,500,1,0,[0|0],20063500,0,17,0,12,0,[0|0]
105063509,,5063,509,1,0,[0|0],20063509,0,12,0,12,0,[0|0]
105063510,,5063,510,1,0,[0|0],20063510,0,17,0,12,0,[0|0]
105063520,,5063,520,1,0,[0|0],20063520,0,17,0,12,0,[0|0]
105063530,,5063,530,1,0,[0|0],20063530,0,17,0,12,0,[0|0]
105063550,,5063,550,1,0,[0|0],20063550,0,17,0,12,0,[0|0]
105063560,,5063,560,1,0,[0|0],20063560,0,8,0,12,0,[0|0]
105063561,,5063,561,1,0,[0|0],20063561,0,9,0,12,0,[0|0]
105063590,,5063,590,1,0,[0|0],20063590,0,0,0,12,0,[0|0]
105063591,,5063,591,1,0,[0|0],20063591,0,10,0,0,0,[0|0]
105063600,,5063,600,1,1,[0|0],20063600,0,30,0,1,0,[0|0]
105063601,,5063,601,1,1,[0|0],20063601,0,30,0,1,0,[0|0]
105063605,,5063,605,1,1,[0|0],20063605,0,30,0,1,0,[0|0]
105063606,,5063,606,1,1,[0|0],20063606,0,30,0,1,0,[0|0]
105063610,,5063,610,1,1,[0|0],20063610,0,13,0,1,0,[0|0]
105063615,,5063,615,1,1,[0|0],20063615,0,13,0,1,0,[0|0]
105063620,,5063,620,1,1,[0|0],20063620,0,30,0,1,0,[0|0]
105063625,,5063,625,1,1,[0|0],20063625,0,30,0,1,0,[0|0]
105063630,,5063,630,1,1,[0|0],20063630,0,20,0,1,0,[0|0]
105063635,,5063,635,1,1,[0|0],20063635,0,20,0,1,0,[0|0]
105063640,,5063,640,1,1,[0|0],20063640,0,50,0,1,0,[0|0]
105063641,,5063,641,1,1,[0|0],20063641,0,50,0,1,0,[0|0]
105063645,,5063,645,1,1,[0|0],20063645,0,50,0,1,0,[0|0]
105063646,,5063,646,1,1,[0|0],20063646,0,50,0,1,0,[0|0]
105063650,,5063,650,1,1,[0|0],20063650,0,50,0,1,0,[0|0]
105063655,,5063,655,1,1,[0|0],20063655,0,50,0,1,0,[0|0]
105070000,,5070,0,1,1,[0|0],20070000,0,10,0,1,0,[0|0]
105070010,,5070,10,1,1,[0|0],20070010,0,10,0,1,0,[0|0]
105070020,,5070,20,1,1,[0|0],20070020,0,10,0,1,0,[0|0]
105070030,,5070,30,1,1,[0|0],20070030,0,10,0,1,0,[0|0]
105070100,,5070,100,1,1,[0|0],20070100,0,18,0,1,0,[0|0]
105070105,,5070,105,1,1,[0|0],20070105,0,28,0,1,0,[0|0]
105070110,,5070,110,1,1,[0|0],20070110,0,18,0,1,0,[0|0]
105070115,,5070,115,1,1,[0|0],20070115,0,28,0,1,0,[0|0]
105070120,,5070,120,1,1,[0|0],20070120,0,10,0,1,0,[0|0]
105070125,,5070,125,1,1,[0|0],20070125,0,10,0,1,0,[0|0]
105070130,,5070,130,1,1,[0|0],20070130,0,10,0,1,0,[0|0]
105070140,,5070,140,1,1,[0|0],20070140,0,10,0,1,0,[0|0]
105070150,,5070,150,1,1,[0|0],20070150,0,20,0,1,0,[0|0]
105070155,,5070,155,1,1,[0|0],20070155,0,20,0,1,0,[0|0]
105070160,,5070,160,1,1,[0|0],20070160,0,28,0,1,0,[0|0]
105070165,,5070,165,1,1,[0|0],20070165,0,28,0,1,0,[0|0]
105070170,,5070,170,1,1,[0|0],20070170,0,10,0,1,0,[0|0]
105070500,,5070,500,1,0,[0|0],20070500,0,17,0,12,0,[0|0]
105070509,,5070,509,1,0,[0|0],20070509,0,12,0,12,0,[0|0]
105070510,,5070,510,1,0,[0|0],20070510,0,17,0,12,0,[0|0]
105070520,,5070,520,1,0,[0|0],20070520,0,17,0,12,0,[0|0]
105070530,,5070,530,1,0,[0|0],20070530,0,17,0,12,0,[0|0]
105070550,,5070,550,1,0,[0|0],20070550,0,17,0,12,0,[0|0]
105070560,,5070,560,1,0,[0|0],20070560,0,8,0,12,0,[0|0]
105070561,,5070,561,1,0,[0|0],20070561,0,9,0,12,0,[0|0]
105070590,,5070,590,1,0,[0|0],20070590,0,0,0,12,0,[0|0]
105070591,,5070,591,1,0,[0|0],20070591,0,10,0,0,0,[0|0]
105070600,,5070,600,1,1,[0|0],20070600,0,30,0,1,0,[0|0]
105070601,,5070,601,1,1,[0|0],20070601,0,30,0,1,0,[0|0]
105070605,,5070,605,1,1,[0|0],20070605,0,30,0,1,0,[0|0]
105070606,,5070,606,1,1,[0|0],20070606,0,30,0,1,0,[0|0]
105070610,,5070,610,1,1,[0|0],20070610,0,13,0,1,0,[0|0]
105070615,,5070,615,1,1,[0|0],20070615,0,13,0,1,0,[0|0]
105070620,,5070,620,1,1,[0|0],20070620,0,30,0,1,0,[0|0]
105070625,,5070,625,1,1,[0|0],20070625,0,30,0,1,0,[0|0]
105070630,,5070,630,1,1,[0|0],20070630,0,20,0,1,0,[0|0]
105070635,,5070,635,1,1,[0|0],20070635,0,20,0,1,0,[0|0]
105070640,,5070,640,1,1,[0|0],20070640,0,50,0,1,0,[0|0]
105070641,,5070,641,1,1,[0|0],20070641,0,50,0,1,0,[0|0]
105070645,,5070,645,1,1,[0|0],20070645,0,50,0,1,0,[0|0]
105070646,,5070,646,1,1,[0|0],20070646,0,50,0,1,0,[0|0]
105070650,,5070,650,1,1,[0|0],20070650,0,50,0,1,0,[0|0]
105070655,,5070,655,1,1,[0|0],20070655,0,50,0,1,0,[0|0]
105071000,,5071,0,1,1,[0|0],20071000,0,10,0,1,0,[0|0]
105071010,,5071,10,1,1,[0|0],20071010,0,10,0,1,0,[0|0]
105071020,,5071,20,1,1,[0|0],20071020,0,10,0,1,0,[0|0]
105071030,,5071,30,1,1,[0|0],20071030,0,10,0,1,0,[0|0]
105071100,,5071,100,1,1,[0|0],20071100,0,18,0,1,0,[0|0]
105071105,,5071,105,1,1,[0|0],20071105,0,28,0,1,0,[0|0]
105071110,,5071,110,1,1,[0|0],20071110,0,18,0,1,0,[0|0]
105071115,,5071,115,1,1,[0|0],20071115,0,28,0,1,0,[0|0]
105071120,,5071,120,1,1,[0|0],20071120,0,10,0,1,0,[0|0]
105071125,,5071,125,1,1,[0|0],20071125,0,10,0,1,0,[0|0]
105071130,,5071,130,1,1,[0|0],20071130,0,10,0,1,0,[0|0]
105071140,,5071,140,1,1,[0|0],20071140,0,10,0,1,0,[0|0]
105071150,,5071,150,1,1,[0|0],20071150,0,20,0,1,0,[0|0]
105071155,,5071,155,1,1,[0|0],20071155,0,20,0,1,0,[0|0]
105071160,,5071,160,1,1,[0|0],20071160,0,28,0,1,0,[0|0]
105071165,,5071,165,1,1,[0|0],20071165,0,28,0,1,0,[0|0]
105071170,,5071,170,1,1,[0|0],20071170,0,10,0,1,0,[0|0]
105071500,,5071,500,1,0,[0|0],20071500,0,17,0,12,0,[0|0]
105071509,,5071,509,1,0,[0|0],20071509,0,12,0,12,0,[0|0]
105071510,,5071,510,1,0,[0|0],20071510,0,17,0,12,0,[0|0]
105071520,,5071,520,1,0,[0|0],20071520,0,17,0,12,0,[0|0]
105071530,,5071,530,1,0,[0|0],20071530,0,17,0,12,0,[0|0]
105071550,,5071,550,1,0,[0|0],20071550,0,17,0,12,0,[0|0]
105071560,,5071,560,1,0,[0|0],20071560,0,8,0,12,0,[0|0]
105071561,,5071,561,1,0,[0|0],20071561,0,9,0,12,0,[0|0]
105071590,,5071,590,1,0,[0|0],20071590,0,0,0,12,0,[0|0]
105071591,,5071,591,1,0,[0|0],20071591,0,10,0,0,0,[0|0]
105071600,,5071,600,1,1,[0|0],20071600,0,30,0,1,0,[0|0]
105071601,,5071,601,1,1,[0|0],20071601,0,30,0,1,0,[0|0]
105071605,,5071,605,1,1,[0|0],20071605,0,30,0,1,0,[0|0]
105071606,,5071,606,1,1,[0|0],20071606,0,30,0,1,0,[0|0]
105071610,,5071,610,1,1,[0|0],20071610,0,13,0,1,0,[0|0]
105071615,,5071,615,1,1,[0|0],20071615,0,13,0,1,0,[0|0]
105071620,,5071,620,1,1,[0|0],20071620,0,30,0,1,0,[0|0]
105071625,,5071,625,1,1,[0|0],20071625,0,30,0,1,0,[0|0]
105071630,,5071,630,1,1,[0|0],20071630,0,20,0,1,0,[0|0]
105071635,,5071,635,1,1,[0|0],20071635,0,20,0,1,0,[0|0]
105071640,,5071,640,1,1,[0|0],20071640,0,50,0,1,0,[0|0]
105071641,,5071,641,1,1,[0|0],20071641,0,50,0,1,0,[0|0]
105071645,,5071,645,1,1,[0|0],20071645,0,50,0,1,0,[0|0]
105071646,,5071,646,1,1,[0|0],20071646,0,50,0,1,0,[0|0]
105071650,,5071,650,1,1,[0|0],20071650,0,50,0,1,0,[0|0]
105071655,,5071,655,1,1,[0|0],20071655,0,50,0,1,0,[0|0]
105072000,,5072,0,1,1,[0|0],20072000,0,10,0,1,0,[0|0]
105072010,,5072,10,1,1,[0|0],20072010,0,10,0,1,0,[0|0]
105072020,,5072,20,1,1,[0|0],20072020,0,10,0,1,0,[0|0]
105072030,,5072,30,1,1,[0|0],20072030,0,10,0,1,0,[0|0]
105072100,,5072,100,1,1,[0|0],20072100,0,18,0,1,0,[0|0]
105072105,,5072,105,1,1,[0|0],20072105,0,28,0,1,0,[0|0]
105072110,,5072,110,1,1,[0|0],20072110,0,18,0,1,0,[0|0]
105072115,,5072,115,1,1,[0|0],20072115,0,28,0,1,0,[0|0]
105072120,,5072,120,1,1,[0|0],20072120,0,10,0,1,0,[0|0]
105072125,,5072,125,1,1,[0|0],20072125,0,10,0,1,0,[0|0]
105072130,,5072,130,1,1,[0|0],20072130,0,10,0,1,0,[0|0]
105072140,,5072,140,1,1,[0|0],20072140,0,10,0,1,0,[0|0]
105072150,,5072,150,1,1,[0|0],20072150,0,20,0,1,0,[0|0]
105072155,,5072,155,1,1,[0|0],20072155,0,20,0,1,0,[0|0]
105072160,,5072,160,1,1,[0|0],20072160,0,28,0,1,0,[0|0]
105072165,,5072,165,1,1,[0|0],20072165,0,28,0,1,0,[0|0]
105072170,,5072,170,1,1,[0|0],20072170,0,10,0,1,0,[0|0]
105072500,,5072,500,1,0,[0|0],20072500,0,17,0,12,0,[0|0]
105072509,,5072,509,1,0,[0|0],20072509,0,12,0,12,0,[0|0]
105072510,,5072,510,1,0,[0|0],20072510,0,17,0,12,0,[0|0]
105072520,,5072,520,1,0,[0|0],20072520,0,17,0,12,0,[0|0]
105072530,,5072,530,1,0,[0|0],20072530,0,17,0,12,0,[0|0]
105072550,,5072,550,1,0,[0|0],20072550,0,17,0,12,0,[0|0]
105072560,,5072,560,1,0,[0|0],20072560,0,8,0,12,0,[0|0]
105072561,,5072,561,1,0,[0|0],20072561,0,9,0,12,0,[0|0]
105072590,,5072,590,1,0,[0|0],20072590,0,0,0,12,0,[0|0]
105072591,,5072,591,1,0,[0|0],20072591,0,10,0,0,0,[0|0]
105072600,,5072,600,1,1,[0|0],20072600,0,30,0,1,0,[0|0]
105072601,,5072,601,1,1,[0|0],20072601,0,30,0,1,0,[0|0]
105072605,,5072,605,1,1,[0|0],20072605,0,30,0,1,0,[0|0]
105072606,,5072,606,1,1,[0|0],20072606,0,30,0,1,0,[0|0]
105072610,,5072,610,1,1,[0|0],20072610,0,13,0,1,0,[0|0]
105072615,,5072,615,1,1,[0|0],20072615,0,13,0,1,0,[0|0]
105072620,,5072,620,1,1,[0|0],20072620,0,30,0,1,0,[0|0]
105072625,,5072,625,1,1,[0|0],20072625,0,30,0,1,0,[0|0]
105072630,,5072,630,1,1,[0|0],20072630,0,20,0,1,0,[0|0]
105072635,,5072,635,1,1,[0|0],20072635,0,20,0,1,0,[0|0]
105072640,,5072,640,1,1,[0|0],20072640,0,50,0,1,0,[0|0]
105072641,,5072,641,1,1,[0|0],20072641,0,50,0,1,0,[0|0]
105072645,,5072,645,1,1,[0|0],20072645,0,50,0,1,0,[0|0]
105072646,,5072,646,1,1,[0|0],20072646,0,50,0,1,0,[0|0]
105072650,,5072,650,1,1,[0|0],20072650,0,50,0,1,0,[0|0]
105072655,,5072,655,1,1,[0|0],20072655,0,50,0,1,0,[0|0]
105073000,,5073,0,1,1,[0|0],20073000,0,10,0,1,0,[0|0]
105073010,,5073,10,1,1,[0|0],20073010,0,10,0,1,0,[0|0]
105073020,,5073,20,1,1,[0|0],20073020,0,10,0,1,0,[0|0]
105073030,,5073,30,1,1,[0|0],20073030,0,10,0,1,0,[0|0]
105073100,,5073,100,1,1,[0|0],20073100,0,18,0,1,0,[0|0]
105073105,,5073,105,1,1,[0|0],20073105,0,28,0,1,0,[0|0]
105073110,,5073,110,1,1,[0|0],20073110,0,18,0,1,0,[0|0]
105073115,,5073,115,1,1,[0|0],20073115,0,28,0,1,0,[0|0]
105073120,,5073,120,1,1,[0|0],20073120,0,10,0,1,0,[0|0]
105073125,,5073,125,1,1,[0|0],20073125,0,10,0,1,0,[0|0]
105073130,,5073,130,1,1,[0|0],20073130,0,10,0,1,0,[0|0]
105073140,,5073,140,1,1,[0|0],20073140,0,10,0,1,0,[0|0]
105073150,,5073,150,1,1,[0|0],20073150,0,20,0,1,0,[0|0]
105073155,,5073,155,1,1,[0|0],20073155,0,20,0,1,0,[0|0]
105073160,,5073,160,1,1,[0|0],20073160,0,28,0,1,0,[0|0]
105073165,,5073,165,1,1,[0|0],20073165,0,28,0,1,0,[0|0]
105073170,,5073,170,1,1,[0|0],20073170,0,10,0,1,0,[0|0]
105073500,,5073,500,1,0,[0|0],20073500,0,17,0,12,0,[0|0]
105073509,,5073,509,1,0,[0|0],20073509,0,12,0,12,0,[0|0]
105073510,,5073,510,1,0,[0|0],20073510,0,17,0,12,0,[0|0]
105073520,,5073,520,1,0,[0|0],20073520,0,17,0,12,0,[0|0]
105073530,,5073,530,1,0,[0|0],20073530,0,17,0,12,0,[0|0]
105073550,,5073,550,1,0,[0|0],20073550,0,17,0,12,0,[0|0]
105073560,,5073,560,1,0,[0|0],20073560,0,8,0,12,0,[0|0]
105073561,,5073,561,1,0,[0|0],20073561,0,9,0,12,0,[0|0]
105073590,,5073,590,1,0,[0|0],20073590,0,0,0,12,0,[0|0]
105073591,,5073,591,1,0,[0|0],20073591,0,10,0,0,0,[0|0]
105073600,,5073,600,1,1,[0|0],20073600,0,30,0,1,0,[0|0]
105073601,,5073,601,1,1,[0|0],20073601,0,30,0,1,0,[0|0]
105073605,,5073,605,1,1,[0|0],20073605,0,30,0,1,0,[0|0]
105073606,,5073,606,1,1,[0|0],20073606,0,30,0,1,0,[0|0]
105073610,,5073,610,1,1,[0|0],20073610,0,13,0,1,0,[0|0]
105073615,,5073,615,1,1,[0|0],20073615,0,13,0,1,0,[0|0]
105073620,,5073,620,1,1,[0|0],20073620,0,30,0,1,0,[0|0]
105073625,,5073,625,1,1,[0|0],20073625,0,30,0,1,0,[0|0]
105073630,,5073,630,1,1,[0|0],20073630,0,20,0,1,0,[0|0]
105073635,,5073,635,1,1,[0|0],20073635,0,20,0,1,0,[0|0]
105073640,,5073,640,1,1,[0|0],20073640,0,50,0,1,0,[0|0]
105073641,,5073,641,1,1,[0|0],20073641,0,50,0,1,0,[0|0]
105073645,,5073,645,1,1,[0|0],20073645,0,50,0,1,0,[0|0]
105073646,,5073,646,1,1,[0|0],20073646,0,50,0,1,0,[0|0]
105073650,,5073,650,1,1,[0|0],20073650,0,50,0,1,0,[0|0]
105073655,,5073,655,1,1,[0|0],20073655,0,50,0,1,0,[0|0]
105074000,,5074,0,1,1,[0|0],20074000,0,10,0,1,0,[0|0]
105074010,,5074,10,1,1,[0|0],20074010,0,10,0,1,0,[0|0]
105074020,,5074,20,1,1,[0|0],20074020,0,10,0,1,0,[0|0]
105074030,,5074,30,1,1,[0|0],20074030,0,10,0,1,0,[0|0]
105074100,,5074,100,1,1,[0|0],20074100,0,18,0,1,0,[0|0]
105074105,,5074,105,1,1,[0|0],20074105,0,28,0,1,0,[0|0]
105074110,,5074,110,1,1,[0|0],20074110,0,18,0,1,0,[0|0]
105074115,,5074,115,1,1,[0|0],20074115,0,28,0,1,0,[0|0]
105074120,,5074,120,1,1,[0|0],20074120,0,10,0,1,0,[0|0]
105074125,,5074,125,1,1,[0|0],20074125,0,10,0,1,0,[0|0]
105074130,,5074,130,1,1,[0|0],20074130,0,10,0,1,0,[0|0]
105074140,,5074,140,1,1,[0|0],20074140,0,10,0,1,0,[0|0]
105074150,,5074,150,1,1,[0|0],20074150,0,20,0,1,0,[0|0]
105074155,,5074,155,1,1,[0|0],20074155,0,20,0,1,0,[0|0]
105074160,,5074,160,1,1,[0|0],20074160,0,28,0,1,0,[0|0]
105074165,,5074,165,1,1,[0|0],20074165,0,28,0,1,0,[0|0]
105074170,,5074,170,1,1,[0|0],20074170,0,10,0,1,0,[0|0]
105074500,,5074,500,1,0,[0|0],20074500,0,17,0,12,0,[0|0]
105074509,,5074,509,1,0,[0|0],20074509,0,12,0,12,0,[0|0]
105074510,,5074,510,1,0,[0|0],20074510,0,17,0,12,0,[0|0]
105074520,,5074,520,1,0,[0|0],20074520,0,17,0,12,0,[0|0]
105074530,,5074,530,1,0,[0|0],20074530,0,17,0,12,0,[0|0]
105074550,,5074,550,1,0,[0|0],20074550,0,17,0,12,0,[0|0]
105074560,,5074,560,1,0,[0|0],20074560,0,8,0,12,0,[0|0]
105074561,,5074,561,1,0,[0|0],20074561,0,9,0,12,0,[0|0]
105074590,,5074,590,1,0,[0|0],20074590,0,0,0,12,0,[0|0]
105074591,,5074,591,1,0,[0|0],20074591,0,10,0,0,0,[0|0]
105074600,,5074,600,1,1,[0|0],20074600,0,30,0,1,0,[0|0]
105074601,,5074,601,1,1,[0|0],20074601,0,30,0,1,0,[0|0]
105074605,,5074,605,1,1,[0|0],20074605,0,30,0,1,0,[0|0]
105074606,,5074,606,1,1,[0|0],20074606,0,30,0,1,0,[0|0]
105074610,,5074,610,1,1,[0|0],20074610,0,13,0,1,0,[0|0]
105074615,,5074,615,1,1,[0|0],20074615,0,13,0,1,0,[0|0]
105074620,,5074,620,1,1,[0|0],20074620,0,30,0,1,0,[0|0]
105074625,,5074,625,1,1,[0|0],20074625,0,30,0,1,0,[0|0]
105074630,,5074,630,1,1,[0|0],20074630,0,20,0,1,0,[0|0]
105074635,,5074,635,1,1,[0|0],20074635,0,20,0,1,0,[0|0]
105074640,,5074,640,1,1,[0|0],20074640,0,50,0,1,0,[0|0]
105074641,,5074,641,1,1,[0|0],20074641,0,50,0,1,0,[0|0]
105074645,,5074,645,1,1,[0|0],20074645,0,50,0,1,0,[0|0]
105074646,,5074,646,1,1,[0|0],20074646,0,50,0,1,0,[0|0]
105074650,,5074,650,1,1,[0|0],20074650,0,50,0,1,0,[0|0]
105074655,,5074,655,1,1,[0|0],20074655,0,50,0,1,0,[0|0]
105077000,,5077,0,1,1,[0|0],20077000,0,10,0,1,0,[0|0]
105077010,,5077,10,1,1,[0|0],20077010,0,10,0,1,0,[0|0]
105077020,,5077,20,1,1,[0|0],20077020,0,10,0,1,0,[0|0]
105077030,,5077,30,1,1,[0|0],20077030,0,10,0,1,0,[0|0]
105077100,,5077,100,1,1,[0|0],20077100,0,18,0,1,0,[0|0]
105077105,,5077,105,1,1,[0|0],20077105,0,28,0,1,0,[0|0]
105077110,,5077,110,1,1,[0|0],20077110,0,18,0,1,0,[0|0]
105077115,,5077,115,1,1,[0|0],20077115,0,28,0,1,0,[0|0]
105077120,,5077,120,1,1,[0|0],20077120,0,10,0,1,0,[0|0]
105077125,,5077,125,1,1,[0|0],20077125,0,10,0,1,0,[0|0]
105077130,,5077,130,1,1,[0|0],20077130,0,10,0,1,0,[0|0]
105077140,,5077,140,1,1,[0|0],20077140,0,10,0,1,0,[0|0]
105077150,,5077,150,1,1,[0|0],20077150,0,20,0,1,0,[0|0]
105077155,,5077,155,1,1,[0|0],20077155,0,20,0,1,0,[0|0]
105077160,,5077,160,1,1,[0|0],20077160,0,28,0,1,0,[0|0]
105077165,,5077,165,1,1,[0|0],20077165,0,28,0,1,0,[0|0]
105077170,,5077,170,1,1,[0|0],20077170,0,10,0,1,0,[0|0]
105077500,,5077,500,1,0,[0|0],20077500,0,17,0,12,0,[0|0]
105077509,,5077,509,1,0,[0|0],20077509,0,12,0,12,0,[0|0]
105077510,,5077,510,1,0,[0|0],20077510,0,17,0,12,0,[0|0]
105077520,,5077,520,1,0,[0|0],20077520,0,17,0,12,0,[0|0]
105077530,,5077,530,1,0,[0|0],20077530,0,17,0,12,0,[0|0]
105077550,,5077,550,1,0,[0|0],20077550,0,17,0,12,0,[0|0]
105077560,,5077,560,1,0,[0|0],20077560,0,8,0,12,0,[0|0]
105077561,,5077,561,1,0,[0|0],20077561,0,9,0,12,0,[0|0]
105077590,,5077,590,1,0,[0|0],20077590,0,0,0,12,0,[0|0]
105077591,,5077,591,1,0,[0|0],20077591,0,10,0,0,0,[0|0]
105077600,,5077,600,1,1,[0|0],20077600,0,30,0,1,0,[0|0]
105077601,,5077,601,1,1,[0|0],20077601,0,30,0,1,0,[0|0]
105077605,,5077,605,1,1,[0|0],20077605,0,30,0,1,0,[0|0]
105077606,,5077,606,1,1,[0|0],20077606,0,30,0,1,0,[0|0]
105077610,,5077,610,1,1,[0|0],20077610,0,13,0,1,0,[0|0]
105077615,,5077,615,1,1,[0|0],20077615,0,13,0,1,0,[0|0]
105077620,,5077,620,1,1,[0|0],20077620,0,30,0,1,0,[0|0]
105077625,,5077,625,1,1,[0|0],20077625,0,30,0,1,0,[0|0]
105077630,,5077,630,1,1,[0|0],20077630,0,20,0,1,0,[0|0]
105077635,,5077,635,1,1,[0|0],20077635,0,20,0,1,0,[0|0]
105077640,,5077,640,1,1,[0|0],20077640,0,50,0,1,0,[0|0]
105077641,,5077,641,1,1,[0|0],20077641,0,50,0,1,0,[0|0]
105077645,,5077,645,1,1,[0|0],20077645,0,50,0,1,0,[0|0]
105077646,,5077,646,1,1,[0|0],20077646,0,50,0,1,0,[0|0]
105077650,,5077,650,1,1,[0|0],20077650,0,50,0,1,0,[0|0]
105077655,,5077,655,1,1,[0|0],20077655,0,50,0,1,0,[0|0]
105078000,,5078,0,1,1,[0|0],20078000,0,10,0,1,0,[0|0]
105078010,,5078,10,1,1,[0|0],20078010,0,10,0,1,0,[0|0]
105078020,,5078,20,1,1,[0|0],20078020,0,10,0,1,0,[0|0]
105078030,,5078,30,1,1,[0|0],20078030,0,10,0,1,0,[0|0]
105078100,,5078,100,1,1,[0|0],20078100,0,18,0,1,0,[0|0]
105078105,,5078,105,1,1,[0|0],20078105,0,28,0,1,0,[0|0]
105078110,,5078,110,1,1,[0|0],20078110,0,18,0,1,0,[0|0]
105078115,,5078,115,1,1,[0|0],20078115,0,28,0,1,0,[0|0]
105078120,,5078,120,1,1,[0|0],20078120,0,10,0,1,0,[0|0]
105078125,,5078,125,1,1,[0|0],20078125,0,10,0,1,0,[0|0]
105078130,,5078,130,1,1,[0|0],20078130,0,10,0,1,0,[0|0]
105078140,,5078,140,1,1,[0|0],20078140,0,10,0,1,0,[0|0]
105078150,,5078,150,1,1,[0|0],20078150,0,20,0,1,0,[0|0]
105078155,,5078,155,1,1,[0|0],20078155,0,20,0,1,0,[0|0]
105078160,,5078,160,1,1,[0|0],20078160,0,28,0,1,0,[0|0]
105078165,,5078,165,1,1,[0|0],20078165,0,28,0,1,0,[0|0]
105078170,,5078,170,1,1,[0|0],20078170,0,10,0,1,0,[0|0]
105078500,,5078,500,1,0,[0|0],20078500,0,17,0,12,0,[0|0]
105078509,,5078,509,1,0,[0|0],20078509,0,12,0,12,0,[0|0]
105078510,,5078,510,1,0,[0|0],20078510,0,17,0,12,0,[0|0]
105078520,,5078,520,1,0,[0|0],20078520,0,17,0,12,0,[0|0]
105078530,,5078,530,1,0,[0|0],20078530,0,17,0,12,0,[0|0]
105078550,,5078,550,1,0,[0|0],20078550,0,17,0,12,0,[0|0]
105078560,,5078,560,1,0,[0|0],20078560,0,8,0,12,0,[0|0]
105078561,,5078,561,1,0,[0|0],20078561,0,9,0,12,0,[0|0]
105078590,,5078,590,1,0,[0|0],20078590,0,0,0,12,0,[0|0]
105078591,,5078,591,1,0,[0|0],20078591,0,10,0,0,0,[0|0]
105078600,,5078,600,1,1,[0|0],20078600,0,30,0,1,0,[0|0]
105078601,,5078,601,1,1,[0|0],20078601,0,30,0,1,0,[0|0]
105078605,,5078,605,1,1,[0|0],20078605,0,30,0,1,0,[0|0]
105078606,,5078,606,1,1,[0|0],20078606,0,30,0,1,0,[0|0]
105078610,,5078,610,1,1,[0|0],20078610,0,13,0,1,0,[0|0]
105078615,,5078,615,1,1,[0|0],20078615,0,13,0,1,0,[0|0]
105078620,,5078,620,1,1,[0|0],20078620,0,30,0,1,0,[0|0]
105078625,,5078,625,1,1,[0|0],20078625,0,30,0,1,0,[0|0]
105078630,,5078,630,1,1,[0|0],20078630,0,20,0,1,0,[0|0]
105078635,,5078,635,1,1,[0|0],20078635,0,20,0,1,0,[0|0]
105078640,,5078,640,1,1,[0|0],20078640,0,50,0,1,0,[0|0]
105078641,,5078,641,1,1,[0|0],20078641,0,50,0,1,0,[0|0]
105078645,,5078,645,1,1,[0|0],20078645,0,50,0,1,0,[0|0]
105078646,,5078,646,1,1,[0|0],20078646,0,50,0,1,0,[0|0]
105078650,,5078,650,1,1,[0|0],20078650,0,50,0,1,0,[0|0]
105078655,,5078,655,1,1,[0|0],20078655,0,50,0,1,0,[0|0]
105079000,,5079,0,1,1,[0|0],20079000,0,10,0,1,0,[0|0]
105079010,,5079,10,1,1,[0|0],20079010,0,10,0,1,0,[0|0]
105079020,,5079,20,1,1,[0|0],20079020,0,10,0,1,0,[0|0]
105079030,,5079,30,1,1,[0|0],20079030,0,10,0,1,0,[0|0]
105079100,,5079,100,1,1,[0|0],20079100,0,18,0,1,0,[0|0]
105079105,,5079,105,1,1,[0|0],20079105,0,28,0,1,0,[0|0]
105079110,,5079,110,1,1,[0|0],20079110,0,18,0,1,0,[0|0]
105079115,,5079,115,1,1,[0|0],20079115,0,28,0,1,0,[0|0]
105079120,,5079,120,1,1,[0|0],20079120,0,10,0,1,0,[0|0]
105079125,,5079,125,1,1,[0|0],20079125,0,10,0,1,0,[0|0]
105079130,,5079,130,1,1,[0|0],20079130,0,10,0,1,0,[0|0]
105079140,,5079,140,1,1,[0|0],20079140,0,10,0,1,0,[0|0]
105079150,,5079,150,1,1,[0|0],20079150,0,20,0,1,0,[0|0]
105079155,,5079,155,1,1,[0|0],20079155,0,20,0,1,0,[0|0]
105079160,,5079,160,1,1,[0|0],20079160,0,28,0,1,0,[0|0]
105079165,,5079,165,1,1,[0|0],20079165,0,28,0,1,0,[0|0]
105079170,,5079,170,1,1,[0|0],20079170,0,10,0,1,0,[0|0]
105079500,,5079,500,1,0,[0|0],20079500,0,17,0,12,0,[0|0]
105079509,,5079,509,1,0,[0|0],20079509,0,12,0,12,0,[0|0]
105079510,,5079,510,1,0,[0|0],20079510,0,17,0,12,0,[0|0]
105079520,,5079,520,1,0,[0|0],20079520,0,17,0,12,0,[0|0]
105079530,,5079,530,1,0,[0|0],20079530,0,17,0,12,0,[0|0]
105079550,,5079,550,1,0,[0|0],20079550,0,17,0,12,0,[0|0]
105079560,,5079,560,1,0,[0|0],20079560,0,8,0,12,0,[0|0]
105079561,,5079,561,1,0,[0|0],20079561,0,9,0,12,0,[0|0]
105079590,,5079,590,1,0,[0|0],20079590,0,0,0,12,0,[0|0]
105079591,,5079,591,1,0,[0|0],20079591,0,10,0,0,0,[0|0]
105079600,,5079,600,1,1,[0|0],20079600,0,30,0,1,0,[0|0]
105079601,,5079,601,1,1,[0|0],20079601,0,30,0,1,0,[0|0]
105079605,,5079,605,1,1,[0|0],20079605,0,30,0,1,0,[0|0]
105079606,,5079,606,1,1,[0|0],20079606,0,30,0,1,0,[0|0]
105079610,,5079,610,1,1,[0|0],20079610,0,13,0,1,0,[0|0]
105079615,,5079,615,1,1,[0|0],20079615,0,13,0,1,0,[0|0]
105079620,,5079,620,1,1,[0|0],20079620,0,30,0,1,0,[0|0]
105079625,,5079,625,1,1,[0|0],20079625,0,30,0,1,0,[0|0]
105079630,,5079,630,1,1,[0|0],20079630,0,20,0,1,0,[0|0]
105079635,,5079,635,1,1,[0|0],20079635,0,20,0,1,0,[0|0]
105079640,,5079,640,1,1,[0|0],20079640,0,50,0,1,0,[0|0]
105079641,,5079,641,1,1,[0|0],20079641,0,50,0,1,0,[0|0]
105079645,,5079,645,1,1,[0|0],20079645,0,50,0,1,0,[0|0]
105079646,,5079,646,1,1,[0|0],20079646,0,50,0,1,0,[0|0]
105079650,,5079,650,1,1,[0|0],20079650,0,50,0,1,0,[0|0]
105079655,,5079,655,1,1,[0|0],20079655,0,50,0,1,0,[0|0]
105100300,,5100,300,1,1,[0|0],20100000,0,35,0,1,0,[0|0]
105100850,,5100,850,1,1,[0|0],20100050,0,50,0,1,0,[0|0]
105100851,,5100,851,1,1,[0|0],20100051,0,0,0,1,0,[0|0]
105100855,,5100,855,1,1,[0|0],20100055,0,50,0,1,0,[0|0]
105100856,,5100,856,1,1,[0|0],20100056,0,0,0,1,0,[0|0]
105100870,,5100,870,1,1,[0|0],20100070,0,50,0,1,0,[0|0]
105100875,,5100,875,1,1,[0|0],20100075,0,50,0,1,0,[0|0]
105100881,,5100,881,1,1,[0|0],20100081,0,50,0,1,0,[0|0]
105100886,,5100,886,1,1,[0|0],20100086,0,50,0,1,0,[0|0]
105100890,,5100,890,1,1,[0|0],20100100,0,0,0,1,0,[0|0]
105100891,,5100,891,1,1,[0|0],20100101,0,40,0,1,0,[0|0]
105101300,,5101,300,1,1,[0|0],20110000,0,50,0,1,0,[0|0]
105101850,,5101,850,1,1,[0|0],20110050,0,50,0,1,0,[0|0]
105101851,,5101,851,1,1,[0|0],20110051,0,0,0,1,0,[0|0]
105101855,,5101,855,1,1,[0|0],20110055,0,50,0,1,0,[0|0]
105101856,,5101,856,1,1,[0|0],20110056,0,0,0,1,0,[0|0]
105101870,,5101,870,1,1,[0|0],20110070,0,50,0,1,0,[0|0]
105101875,,5101,875,1,1,[0|0],20110075,0,50,0,1,0,[0|0]
105101881,,5101,881,1,1,[0|0],20110081,0,50,0,1,0,[0|0]
105101886,,5101,886,1,1,[0|0],20110086,0,50,0,1,0,[0|0]
105130300,,5130,300,1,1,[0|0],20130000,0,35,0,1,0,[0|0]
105130850,,5130,850,1,1,[0|0],20130050,0,50,0,1,0,[0|0]
105130851,,5130,851,1,1,[0|0],20130051,0,0,0,1,0,[0|0]
105130855,,5130,855,1,1,[0|0],20130055,0,50,0,1,0,[0|0]
105130856,,5130,856,1,1,[0|0],20130056,0,0,0,1,0,[0|0]
105130870,,5130,870,1,1,[0|0],20130070,0,50,0,1,0,[0|0]
105130875,,5130,875,1,1,[0|0],20130075,0,50,0,1,0,[0|0]
105200300,,5200,300,1,1,[0|0],20200000,0,10,0,1,0,[0|0]
105200310,,5200,310,1,1,[0|0],20200010,0,10,0,1,0,[0|0]
105200320,,5200,320,1,1,[0|0],20200020,0,10,0,1,0,[0|0]
105200321,,5200,321,1,1,[0|0],20200021,0,10,0,1,0,[0|0]
105200322,,5200,322,1,1,[0|0],20200022,0,10,0,1,0,[0|0]
105200323,,5200,323,1,1,[0|0],20200023,0,10,0,1,0,[0|0]
105200324,,5200,324,1,1,[0|0],20200024,0,10,0,1,0,[0|0]
105200330,,5200,330,1,1,[0|0],20200030,0,10,0,1,0,[0|0]
105200400,,5200,400,1,1,[0|0],20200000,0,10,0,2,0,[0|0]
105200410,,5200,410,1,1,[0|0],20200010,0,10,0,2,0,[0|0]
105200420,,5200,420,1,1,[0|0],20200020,0,10,0,2,0,[0|0]
105200421,,5200,421,1,1,[0|0],20200021,0,10,0,2,0,[0|0]
105200422,,5200,422,1,1,[0|0],20200022,0,10,0,2,0,[0|0]
105200423,,5200,423,1,1,[0|0],20200023,0,10,0,2,0,[0|0]
105200424,,5200,424,1,1,[0|0],20200024,0,10,0,2,0,[0|0]
105200430,,5200,430,1,1,[0|0],20200030,0,10,0,1,0,[0|0]
105202300,,5202,300,1,1,[0|0],20230000,0,10,0,1,0,[0|0]
105202310,,5202,310,1,1,[0|0],20230010,0,10,0,1,0,[0|0]
105202320,,5202,320,1,1,[0|0],20230020,0,10,0,1,0,[0|0]
105202321,,5202,321,1,1,[0|0],20230021,0,10,0,1,0,[0|0]
105202322,,5202,322,1,1,[0|0],20230022,0,10,0,1,0,[0|0]
105202323,,5202,323,1,1,[0|0],20230023,0,10,0,1,0,[0|0]
105202324,,5202,324,1,1,[0|0],20230024,0,10,0,1,0,[0|0]
105202330,,5202,330,1,1,[0|0],20230030,0,10,0,1,0,[0|0]
105202400,,5202,400,1,1,[0|0],20230000,0,10,0,2,0,[0|0]
105202410,,5202,410,1,1,[0|0],20230010,0,10,0,2,0,[0|0]
105202420,,5202,420,1,1,[0|0],20230020,0,10,0,2,0,[0|0]
105202421,,5202,421,1,1,[0|0],20230021,0,10,0,2,0,[0|0]
105202422,,5202,422,1,1,[0|0],20230022,0,10,0,2,0,[0|0]
105202423,,5202,423,1,1,[0|0],20230023,0,10,0,2,0,[0|0]
105202424,,5202,424,1,1,[0|0],20230024,0,10,0,2,0,[0|0]
105202430,,5202,430,1,1,[0|0],20230030,0,10,0,1,0,[0|0]
105205300,,5205,300,1,1,[0|0],20231000,0,10,0,1,0,[0|0]
105205310,,5205,310,1,1,[0|0],20231010,0,10,0,1,0,[0|0]
105205320,,5205,320,1,1,[0|0],20231020,0,10,0,1,0,[0|0]
105205321,,5205,321,1,1,[0|0],20231021,0,10,0,1,0,[0|0]
105205322,,5205,322,1,1,[0|0],20231022,0,10,0,1,0,[0|0]
105205323,,5205,323,1,1,[0|0],20231023,0,10,0,1,0,[0|0]
105205324,,5205,324,1,1,[0|0],20231024,0,10,0,1,0,[0|0]
105205330,,5205,330,1,1,[0|0],20231030,0,10,0,1,0,[0|0]
105205400,,5205,400,1,1,[0|0],20231000,0,10,0,2,0,[0|0]
105205410,,5205,410,1,1,[0|0],20231010,0,10,0,2,0,[0|0]
105205420,,5205,420,1,1,[0|0],20231020,0,10,0,2,0,[0|0]
105205421,,5205,421,1,1,[0|0],20231021,0,10,0,2,0,[0|0]
105205422,,5205,422,1,1,[0|0],20231022,0,10,0,2,0,[0|0]
105205423,,5205,423,1,1,[0|0],20231023,0,10,0,2,0,[0|0]
105205424,,5205,424,1,1,[0|0],20231024,0,10,0,2,0,[0|0]
105205430,,5205,430,1,1,[0|0],20231030,0,10,0,1,0,[0|0]
105206300,,5206,300,1,1,[0|0],20232000,0,10,0,1,0,[0|0]
105206310,,5206,310,1,1,[0|0],20232010,0,10,0,1,0,[0|0]
105206320,,5206,320,1,1,[0|0],20232020,0,10,0,1,0,[0|0]
105206321,,5206,321,1,1,[0|0],20232021,0,10,0,1,0,[0|0]
105206322,,5206,322,1,1,[0|0],20232022,0,10,0,1,0,[0|0]
105206323,,5206,323,1,1,[0|0],20232023,0,10,0,1,0,[0|0]
105206324,,5206,324,1,1,[0|0],20232024,0,10,0,1,0,[0|0]
105206330,,5206,330,1,1,[0|0],20232030,0,10,0,1,0,[0|0]
105206400,,5206,400,1,1,[0|0],20232000,0,10,0,2,0,[0|0]
105206410,,5206,410,1,1,[0|0],20232010,0,10,0,2,0,[0|0]
105206420,,5206,420,1,1,[0|0],20232020,0,10,0,2,0,[0|0]
105206421,,5206,421,1,1,[0|0],20232021,0,10,0,2,0,[0|0]
105206422,,5206,422,1,1,[0|0],20232022,0,10,0,2,0,[0|0]
105206423,,5206,423,1,1,[0|0],20232023,0,10,0,2,0,[0|0]
105206424,,5206,424,1,1,[0|0],20232024,0,10,0,2,0,[0|0]
105206430,,5206,430,1,1,[0|0],20232030,0,10,0,1,0,[0|0]
105208300,,5208,300,1,1,[0|0],20233000,0,10,0,1,0,[0|0]
105208310,,5208,310,1,1,[0|0],20233010,0,10,0,1,0,[0|0]
105208320,,5208,320,1,1,[0|0],20233020,0,10,0,1,0,[0|0]
105208321,,5208,321,1,1,[0|0],20233021,0,10,0,1,0,[0|0]
105208322,,5208,322,1,1,[0|0],20233022,0,10,0,1,0,[0|0]
105208323,,5208,323,1,1,[0|0],20233023,0,10,0,1,0,[0|0]
105208324,,5208,324,1,1,[0|0],20233024,0,10,0,1,0,[0|0]
105208330,,5208,330,1,1,[0|0],20233030,0,10,0,1,0,[0|0]
105208400,,5208,400,1,1,[0|0],20233000,0,10,0,2,0,[0|0]
105208410,,5208,410,1,1,[0|0],20233010,0,10,0,2,0,[0|0]
105208420,,5208,420,1,1,[0|0],20233020,0,10,0,2,0,[0|0]
105208421,,5208,421,1,1,[0|0],20233021,0,10,0,2,0,[0|0]
105208422,,5208,422,1,1,[0|0],20233022,0,10,0,2,0,[0|0]
105208423,,5208,423,1,1,[0|0],20233023,0,10,0,2,0,[0|0]
105208424,,5208,424,1,1,[0|0],20233024,0,10,0,2,0,[0|0]
105208430,,5208,430,1,1,[0|0],20233030,0,10,0,1,0,[0|0]
105210300,,5210,300,1,1,[0|0],20211000,0,10,0,1,0,[0|0]
105210310,,5210,310,1,1,[0|0],20211010,0,10,0,1,0,[0|0]
105210320,,5210,320,1,1,[0|0],20211020,0,10,0,1,0,[0|0]
105210321,,5210,321,1,1,[0|0],20211021,0,10,0,1,0,[0|0]
105210322,,5210,322,1,1,[0|0],20211022,0,10,0,1,0,[0|0]
105210323,,5210,323,1,1,[0|0],20211023,0,10,0,1,0,[0|0]
105210324,,5210,324,1,1,[0|0],20211024,0,10,0,1,0,[0|0]
105210330,,5210,330,1,1,[0|0],20211030,0,10,0,1,0,[0|0]
105210400,,5210,400,1,1,[0|0],20211000,0,10,0,2,0,[0|0]
105210410,,5210,410,1,1,[0|0],20211010,0,10,0,2,0,[0|0]
105210420,,5210,420,1,1,[0|0],20211020,0,10,0,2,0,[0|0]
105210421,,5210,421,1,1,[0|0],20211021,0,10,0,2,0,[0|0]
105210422,,5210,422,1,1,[0|0],20211022,0,10,0,2,0,[0|0]
105210423,,5210,423,1,1,[0|0],20211023,0,10,0,2,0,[0|0]
105210424,,5210,424,1,1,[0|0],20211024,0,10,0,2,0,[0|0]
105210430,,5210,430,1,1,[0|0],20211030,0,10,0,1,0,[0|0]
105211300,,5211,300,1,1,[0|0],20212000,0,10,0,1,0,[0|0]
105211310,,5211,310,1,1,[0|0],20212010,0,10,0,1,0,[0|0]
105211320,,5211,320,1,1,[0|0],20212020,0,10,0,1,0,[0|0]
105211321,,5211,321,1,1,[0|0],20212021,0,10,0,1,0,[0|0]
105211322,,5211,322,1,1,[0|0],20212022,0,10,0,1,0,[0|0]
105211323,,5211,323,1,1,[0|0],20212023,0,10,0,1,0,[0|0]
105211324,,5211,324,1,1,[0|0],20212024,0,10,0,1,0,[0|0]
105211330,,5211,330,1,1,[0|0],20212030,0,10,0,1,0,[0|0]
105211400,,5211,400,1,1,[0|0],20212000,0,10,0,2,0,[0|0]
105211410,,5211,410,1,1,[0|0],20212010,0,10,0,2,0,[0|0]
105211420,,5211,420,1,1,[0|0],20212020,0,10,0,2,0,[0|0]
105211421,,5211,421,1,1,[0|0],20212021,0,10,0,2,0,[0|0]
105211422,,5211,422,1,1,[0|0],20212022,0,10,0,2,0,[0|0]
105211423,,5211,423,1,1,[0|0],20212023,0,10,0,2,0,[0|0]
105211424,,5211,424,1,1,[0|0],20212024,0,10,0,2,0,[0|0]
105211430,,5211,430,1,1,[0|0],20212030,0,10,0,1,0,[0|0]
105212300,,5212,300,1,1,[0|0],20210000,0,10,0,1,0,[0|0]
105212310,,5212,310,1,1,[0|0],20210010,0,10,0,1,0,[0|0]
105212320,,5212,320,1,1,[0|0],20210020,0,10,0,1,0,[0|0]
105212321,,5212,321,1,1,[0|0],20210021,0,10,0,1,0,[0|0]
105212322,,5212,322,1,1,[0|0],20210022,0,10,0,1,0,[0|0]
105212323,,5212,323,1,1,[0|0],20210023,0,10,0,1,0,[0|0]
105212324,,5212,324,1,1,[0|0],20210024,0,10,0,1,0,[0|0]
105212330,,5212,330,1,1,[0|0],20210030,0,10,0,1,0,[0|0]
105212400,,5212,400,1,1,[0|0],20210000,0,10,0,2,0,[0|0]
105212410,,5212,410,1,1,[0|0],20210010,0,10,0,2,0,[0|0]
105212420,,5212,420,1,1,[0|0],20210020,0,10,0,2,0,[0|0]
105212421,,5212,421,1,1,[0|0],20210021,0,10,0,2,0,[0|0]
105212422,,5212,422,1,1,[0|0],20210022,0,10,0,2,0,[0|0]
105212423,,5212,423,1,1,[0|0],20210023,0,10,0,2,0,[0|0]
105212424,,5212,424,1,1,[0|0],20210024,0,10,0,2,0,[0|0]
105212430,,5212,430,1,1,[0|0],20210030,0,10,0,1,0,[0|0]
105213300,,5213,300,1,1,[0|0],20213000,0,10,0,1,0,[0|0]
105213310,,5213,310,1,1,[0|0],20213010,0,10,0,1,0,[0|0]
105213320,,5213,320,1,1,[0|0],20213020,0,10,0,1,0,[0|0]
105213321,,5213,321,1,1,[0|0],20213021,0,10,0,1,0,[0|0]
105213322,,5213,322,1,1,[0|0],20213022,0,10,0,1,0,[0|0]
105213323,,5213,323,1,1,[0|0],20213023,0,10,0,1,0,[0|0]
105213324,,5213,324,1,1,[0|0],20213024,0,10,0,1,0,[0|0]
105213330,,5213,330,1,1,[0|0],20213030,0,10,0,1,0,[0|0]
105213400,,5213,400,1,1,[0|0],20213000,0,10,0,2,0,[0|0]
105213410,,5213,410,1,1,[0|0],20213010,0,10,0,2,0,[0|0]
105213420,,5213,420,1,1,[0|0],20213020,0,10,0,2,0,[0|0]
105213421,,5213,421,1,1,[0|0],20213021,0,10,0,2,0,[0|0]
105213422,,5213,422,1,1,[0|0],20213022,0,10,0,2,0,[0|0]
105213423,,5213,423,1,1,[0|0],20213023,0,10,0,2,0,[0|0]
105213424,,5213,424,1,1,[0|0],20213024,0,10,0,2,0,[0|0]
105213430,,5213,430,1,1,[0|0],20213030,0,10,0,1,0,[0|0]
105214300,,5214,300,1,1,[0|0],20220000,0,10,0,1,0,[0|0]
105214310,,5214,310,1,1,[0|0],20220010,0,10,0,1,0,[0|0]
105214320,,5214,320,1,1,[0|0],20220020,0,10,0,1,0,[0|0]
105214321,,5214,321,1,1,[0|0],20220021,0,10,0,1,0,[0|0]
105214322,,5214,322,1,1,[0|0],20220022,0,10,0,1,0,[0|0]
105214323,,5214,323,1,1,[0|0],20220023,0,10,0,1,0,[0|0]
105214324,,5214,324,1,1,[0|0],20220024,0,10,0,1,0,[0|0]
105214330,,5214,330,1,1,[0|0],20220030,0,10,0,1,0,[0|0]
105214400,,5214,400,1,1,[0|0],20220000,0,10,0,2,0,[0|0]
105214410,,5214,410,1,1,[0|0],20220010,0,10,0,2,0,[0|0]
105214420,,5214,420,1,1,[0|0],20220020,0,10,0,2,0,[0|0]
105214421,,5214,421,1,1,[0|0],20220021,0,10,0,2,0,[0|0]
105214422,,5214,422,1,1,[0|0],20220022,0,10,0,2,0,[0|0]
105214423,,5214,423,1,1,[0|0],20220023,0,10,0,2,0,[0|0]
105214424,,5214,424,1,1,[0|0],20220024,0,10,0,2,0,[0|0]
105214430,,5214,430,1,1,[0|0],20220030,0,10,0,1,0,[0|0]
105215300,,5215,300,1,1,[0|0],20222000,0,10,0,1,0,[0|0]
105215310,,5215,310,1,1,[0|0],20222010,0,10,0,1,0,[0|0]
105215320,,5215,320,1,1,[0|0],20222020,0,10,0,1,0,[0|0]
105215321,,5215,321,1,1,[0|0],20222021,0,10,0,1,0,[0|0]
105215322,,5215,322,1,1,[0|0],20222022,0,10,0,1,0,[0|0]
105215323,,5215,323,1,1,[0|0],20222023,0,10,0,1,0,[0|0]
105215324,,5215,324,1,1,[0|0],20222024,0,10,0,1,0,[0|0]
105215330,,5215,330,1,1,[0|0],20222030,0,10,0,1,0,[0|0]
105215400,,5215,400,1,1,[0|0],20222000,0,10,0,2,0,[0|0]
105215410,,5215,410,1,1,[0|0],20222010,0,10,0,2,0,[0|0]
105215420,,5215,420,1,1,[0|0],20222020,0,10,0,2,0,[0|0]
105215421,,5215,421,1,1,[0|0],20222021,0,10,0,2,0,[0|0]
105215422,,5215,422,1,1,[0|0],20222022,0,10,0,2,0,[0|0]
105215423,,5215,423,1,1,[0|0],20222023,0,10,0,2,0,[0|0]
105215424,,5215,424,1,1,[0|0],20222024,0,10,0,2,0,[0|0]
105215430,,5215,430,1,1,[0|0],20222030,0,10,0,1,0,[0|0]
105216300,,5216,300,1,1,[0|0],20223000,0,10,0,1,0,[0|0]
105216310,,5216,310,1,1,[0|0],20223010,0,10,0,1,0,[0|0]
105216320,,5216,320,1,1,[0|0],20223020,0,10,0,1,0,[0|0]
105216321,,5216,321,1,1,[0|0],20223021,0,10,0,1,0,[0|0]
105216322,,5216,322,1,1,[0|0],20223022,0,10,0,1,0,[0|0]
105216323,,5216,323,1,1,[0|0],20223023,0,10,0,1,0,[0|0]
105216324,,5216,324,1,1,[0|0],20223024,0,10,0,1,0,[0|0]
105216330,,5216,330,1,1,[0|0],20223030,0,10,0,1,0,[0|0]
105216400,,5216,400,1,1,[0|0],20223000,0,10,0,2,0,[0|0]
105216410,,5216,410,1,1,[0|0],20223010,0,10,0,2,0,[0|0]
105216420,,5216,420,1,1,[0|0],20223020,0,10,0,2,0,[0|0]
105216421,,5216,421,1,1,[0|0],20223021,0,10,0,2,0,[0|0]
105216422,,5216,422,1,1,[0|0],20223022,0,10,0,2,0,[0|0]
105216423,,5216,423,1,1,[0|0],20223023,0,10,0,2,0,[0|0]
105216424,,5216,424,1,1,[0|0],20223024,0,10,0,2,0,[0|0]
105216430,,5216,430,1,1,[0|0],20223030,0,10,0,1,0,[0|0]
105217300,,5217,300,1,1,[0|0],20221000,0,10,0,1,0,[0|0]
105217310,,5217,310,1,1,[0|0],20221010,0,10,0,1,0,[0|0]
105217320,,5217,320,1,1,[0|0],20221020,0,10,0,1,0,[0|0]
105217321,,5217,321,1,1,[0|0],20221021,0,10,0,1,0,[0|0]
105217322,,5217,322,1,1,[0|0],20221022,0,10,0,1,0,[0|0]
105217323,,5217,323,1,1,[0|0],20221023,0,10,0,1,0,[0|0]
105217324,,5217,324,1,1,[0|0],20221024,0,10,0,1,0,[0|0]
105217330,,5217,330,1,1,[0|0],20221030,0,10,0,1,0,[0|0]
105217400,,5217,400,1,1,[0|0],20221000,0,10,0,2,0,[0|0]
105217410,,5217,410,1,1,[0|0],20221010,0,10,0,2,0,[0|0]
105217420,,5217,420,1,1,[0|0],20221020,0,10,0,2,0,[0|0]
105217421,,5217,421,1,1,[0|0],20221021,0,10,0,2,0,[0|0]
105217422,,5217,422,1,1,[0|0],20221022,0,10,0,2,0,[0|0]
105217423,,5217,423,1,1,[0|0],20221023,0,10,0,2,0,[0|0]
105217424,,5217,424,1,1,[0|0],20221024,0,10,0,2,0,[0|0]
105217430,,5217,430,1,1,[0|0],20221030,0,10,0,1,0,[0|0]
105218300,,5218,300,1,1,[0|0],20224000,0,10,0,1,0,[0|0]
105218310,,5218,310,1,1,[0|0],20224010,0,10,0,1,0,[0|0]
105218320,,5218,320,1,1,[0|0],20224020,0,10,0,1,0,[0|0]
105218321,,5218,321,1,1,[0|0],20224021,0,10,0,1,0,[0|0]
105218322,,5218,322,1,1,[0|0],20224022,0,10,0,1,0,[0|0]
105218323,,5218,323,1,1,[0|0],20224023,0,10,0,1,0,[0|0]
105218324,,5218,324,1,1,[0|0],20224024,0,10,0,1,0,[0|0]
105218330,,5218,330,1,1,[0|0],20224030,0,10,0,1,0,[0|0]
105218400,,5218,400,1,1,[0|0],20224000,0,10,0,2,0,[0|0]
105218410,,5218,410,1,1,[0|0],20224010,0,10,0,2,0,[0|0]
105218420,,5218,420,1,1,[0|0],20224020,0,10,0,2,0,[0|0]
105218421,,5218,421,1,1,[0|0],20224021,0,10,0,2,0,[0|0]
105218422,,5218,422,1,1,[0|0],20224022,0,10,0,2,0,[0|0]
105218423,,5218,423,1,1,[0|0],20224023,0,10,0,2,0,[0|0]
105218424,,5218,424,1,1,[0|0],20224024,0,10,0,2,0,[0|0]
105218430,,5218,430,1,1,[0|0],20224030,0,10,0,1,0,[0|0]
105231300,,5231,300,1,1,[0|0],20231000,0,10,0,1,0,[0|0]
105231400,,5231,400,1,1,[0|0],20231000,0,10,0,2,0,[0|0]
105300300,,5300,300,1,1,[0|0],20300000,0,40,0,1,0,[0|0]
105300310,,5300,310,1,1,[0|0],20300010,0,40,0,1,0,[0|0]
105301300,,5301,300,1,1,[0|0],20312000,0,40,0,1,0,[0|0]
105301310,,5301,310,1,1,[0|0],20312010,0,40,0,1,0,[0|0]
105302300,,5302,300,1,1,[0|0],20332000,0,40,0,1,0,[0|0]
105302310,,5302,310,1,1,[0|0],20332010,0,40,0,1,0,[0|0]
300000000,,0,0,1,0,[0|0],300300820,0,45,0,12,0,[0|0]
300000001,,0,1,1,0,[0|0],300300821,0,45,0,12,0,[0|0]
300000010,,0,10,1,0,[0|0],300000010,0,40,0,12,0,[0|0]
300000011,,0,11,1,0,[0|0],300000011,0,40,0,12,0,[0|0]
300000012,,0,12,1,0,[0|0],300000050,0,30,0,12,0,[0|0]
300000013,,0,13,1,0,[0|0],300000051,0,30,0,12,0,[0|0]
300000015,,0,15,1,0,[0|0],300200000,0,0,0,12,0,[0|0]
300000020,,0,20,1,0,[0|0],300000055,0,30,0,12,0,[0|0]
300000021,,0,21,1,1,[0|0],2110,0,0,0,12,0,[0|0]
300000022,,0,22,1,0,[0|0],300000056,0,30,0,12,0,[0|0]
300000023,,0,23,1,0,[0|0],300000057,0,20,0,12,0,[0|0]
300000024,,0,24,1,0,[0|0],300000058,0,20,0,12,0,[0|0]
300000025,,0,25,1,0,[0|0],300000025,0,15,0,12,0,[0|0]
300000026,,0,26,1,0,[0|0],300000026,0,0,0,12,0,[0|0]
300000027,,0,27,1,0,[0|0],300000027,0,0,0,12,0,[0|0]
300000028,,0,28,1,0,[0|0],300000028,0,15,0,12,0,[0|0]
300000040,,0,40,1,0,[0|0],300000040,0,30,0,12,0,[0|0]
300000041,,0,41,1,1,[0|0],2010,0,0,0,0,0,[0|0]
300000042,,0,42,1,1,[0|0],2012,0,0,0,0,0,[0|0]
300000043,,0,43,1,0,[0|0],300000043,0,20,0,12,0,[0|0]
300000045,,0,45,1,0,[0|0],300000045,0,30,0,12,0,[0|0]
300000046,,0,46,1,0,[0|0],300000046,0,20,0,12,0,[0|0]
300000047,,0,47,1,0,[0|0],300000047,0,0,0,12,0,[0|0]
300000048,,0,48,1,1,[0|0],2018,0,0,0,1,0,[0|0]
300000050,,0,50,1,1,[0|0],2280,0,10,0,0,0,[0|0]
300000051,,0,51,1,0,[0|0],30300871,0,10,0,9,0,[0|0]
300000055,,0,55,1,1,[0|0],2260,0,30,0,0,0,[0|0]
300000056,,0,56,1,0,[0|0],30300864,0,30,0,0,0,[0|0]
300000061,,0,61,1,1,[0|0],2190,0,0,0,0,0,[0|0]
300000062,,0,62,1,0,[0|0],300300852,0,30,0,12,0,[0|0]
300000063,,0,63,1,0,[0|0],300300853,0,40,0,12,0,[0|0]
300000064,,0,64,1,1,[0|0],2191,0,0,0,0,0,[0|0]
300000065,,0,65,1,1,[0|0],2192,0,0,0,0,0,[0|0]
300000075,,0,75,1,1,[0|0],2490,0,10,0,0,0,[0|0]
300000076,,0,76,1,0,[0|0],300200076,0,10,0,12,0,[0|0]
300000077,,0,77,1,0,[0|0],300200077,0,5,0,12,0,[0|0]
300000078,,0,78,1,0,[0|0],300200078,0,5,0,12,0,[0|0]
300000080,,0,80,1,0,[0|0],-1,0,0,0,1,0,[0|0]
300000085,,0,85,1,0,[0|0],301100800,0,16,0,9,0,[0|0]
300000086,,0,86,1,0,[0|0],301100801,0,16,0,9,0,[0|0]
300000095,,0,95,1,0,[0|0],-1,0,0,0,1,0,[0|0]
300000100,,0,100,1,1,[0|0],2250,0,0,0,0,0,[0|0]
300000102,,0,102,1,0,[0|0],301200820,0,42,0,12,0,[0|0]
300000103,,0,103,1,0,[0|0],301200821,0,37,0,12,0,[0|0]
300000105,,0,105,1,0,[0|0],0,0,6,0,1,0,[0|0]
300000120,,0,120,1,0,[0|0],300000120,0,20,0,12,0,[0|0]
300000121,,0,121,1,0,[0|0],300000121,0,40,0,12,0,[0|0]
300000125,,0,125,1,0,[0|0],300000125,0,20,0,12,0,[0|0]
300000126,,0,126,1,0,[0|0],300000126,0,40,0,12,0,[0|0]
300000130,,0,130,1,0,[0|0],300000130,0,20,0,12,0,[0|0]
300000131,,0,131,1,0,[0|0],300000131,0,40,0,12,0,[0|0]
300000135,,0,135,1,0,[0|0],-1,0,0,0,1,0,[0|0]
300000140,,0,140,1,1,[0|0],2570,0,20,0,0,0,[0|0]
300000145,,0,145,1,0,[0|0],-1,0,0,0,1,0,[0|0]
300000150,,0,150,1,0,[0|0],301700910,0,40,0,12,0,[0|0]
300000151,,0,151,1,0,[0|0],301700915,0,40,0,12,0,[0|0]
300000160,,0,160,1,1,[0|0],2400,0,30,0,12,0,[0|0]
300000161,,0,161,1,1,[0|0],2410,0,30,0,0,0,[0|0]
300000162,,0,162,1,1,[0|0],2415,0,30,0,0,0,[0|0]
300000165,,0,165,1,0,[0|0],300000165,0,0,0,12,0,[0|0]
300000166,,0,166,1,0,[0|0],300000166,0,0,0,12,0,[0|0]
300000169,,0,169,1,0,[0|0],300000169,0,30,0,12,0,[0|0]
300000170,,0,170,1,0,[0|0],300000170,0,9,0,12,0,[0|0]
300000171,,0,171,1,0,[0|0],300000171,0,9,0,12,0,[0|0]
300000172,,0,172,1,0,[0|0],300000172,0,9,0,12,0,[0|0]
300000173,,0,173,1,0,[0|0],300000173,0,9,0,12,0,[0|0]
300000174,,0,174,1,0,[0|0],300000174,0,9,0,12,0,[0|0]
300000175,,0,175,1,0,[0|0],300000175,0,15,0,12,0,[0|0]
300000176,,0,176,1,0,[0|0],300000176,0,9,0,12,0,[0|0]
300000177,,0,177,1,0,[0|0],300000177,0,9,0,12,0,[0|0]
300000178,,0,178,1,0,[0|0],300000178,0,9,0,12,0,[0|0]
300000179,,0,179,1,0,[0|0],300000179,0,9,0,12,0,[0|0]
300000180,,0,180,1,0,[0|0],300000180,0,9,0,12,0,[0|0]
300000181,,0,181,1,0,[0|0],300000181,0,15,0,12,0,[0|0]
300000185,,0,185,1,0,[0|0],300000185,0,11,0,12,0,[0|0]
300000186,,0,186,1,0,[0|0],300000186,0,11,0,12,0,[0|0]
300000187,,0,187,1,0,[0|0],300000187,0,11,0,12,0,[0|0]
300000188,,0,188,1,0,[0|0],300000188,0,11,0,12,0,[0|0]
300000189,,0,189,1,0,[0|0],300000189,0,11,0,12,0,[0|0]
300000190,,0,190,1,0,[0|0],300000190,0,17,0,12,0,[0|0]
300000191,,0,191,1,0,[0|0],300000191,0,11,0,12,0,[0|0]
300000192,,0,192,1,0,[0|0],300000192,0,11,0,12,0,[0|0]
300000193,,0,193,1,0,[0|0],300000193,0,11,0,12,0,[0|0]
300000194,,0,194,1,0,[0|0],300000194,0,11,0,12,0,[0|0]
300000195,,0,195,1,0,[0|0],300000195,0,11,0,12,0,[0|0]
300000196,,0,196,1,0,[0|0],300000196,0,17,0,12,0,[0|0]
300000210,,0,210,1,1,[0|0],2070,0,10,0,12,0,[0|0]
300000211,,0,211,1,1,[0|0],2071,0,0,0,12,0,[0|0]
300000212,,0,212,1,1,[0|0],2072,0,0,0,12,0,[0|0]
300000213,,0,213,1,1,[0|0],2073,0,0,0,12,0,[0|0]
300000220,,0,220,1,0,[0|0],300000220,0,15,0,12,0,[0|0]
300000221,,0,221,1,0,[0|0],300000221,0,10,0,12,0,[0|0]
300000222,,0,222,1,0,[0|0],300000222,0,15,0,12,0,[0|0]
300000225,,0,225,1,0,[0|0],300000225,0,15,0,12,0,[0|0]
300000226,,0,226,1,0,[0|0],300000226,0,10,0,12,0,[0|0]
300000227,,0,227,1,0,[0|0],300000227,0,15,0,12,0,[0|0]
300000230,,0,230,1,0,[0|0],300000230,0,20,0,12,0,[0|0]
300000231,,0,231,1,0,[0|0],300000231,0,10,0,12,0,[0|0]
300000232,,0,232,1,0,[0|0],300000232,0,25,0,12,0,[0|0]
300000235,,0,235,1,0,[0|0],300000235,0,20,0,12,0,[0|0]
300000236,,0,236,1,0,[0|0],300000236,0,10,0,12,0,[0|0]
300000237,,0,237,1,0,[0|0],300000237,0,25,0,12,0,[0|0]
300000240,,0,240,1,0,[0|0],300000240,0,20,0,12,0,[0|0]
300000241,,0,241,1,0,[0|0],300000241,0,10,0,12,0,[0|0]
300000242,,0,242,1,0,[0|0],300000242,0,25,0,12,0,[0|0]
300000245,,0,245,1,0,[0|0],300000245,0,20,0,12,0,[0|0]
300000246,,0,246,1,0,[0|0],300000246,0,10,0,12,0,[0|0]
300000247,,0,247,1,0,[0|0],300000247,0,25,0,12,0,[0|0]
300000250,,0,250,1,0,[0|0],300000250,0,20,0,12,0,[0|0]
300000251,,0,251,1,0,[0|0],300000251,0,10,0,12,0,[0|0]
300000252,,0,252,1,0,[0|0],300000252,0,20,0,12,0,[0|0]
300000255,,0,255,1,0,[0|0],300000255,0,20,0,12,0,[0|0]
300000256,,0,256,1,0,[0|0],300000256,0,10,0,12,0,[0|0]
300000257,,0,257,1,0,[0|0],300000257,0,20,0,12,0,[0|0]
300000260,,0,260,1,0,[0|0],300200865,0,20,0,12,0,[0|0]
300000261,,0,261,1,0,[0|0],300200866,0,20,0,12,0,[0|0]
300000262,,0,262,1,1,[0|0],2300,0,0,0,0,0,[0|0]
300000270,,0,270,1,0,[0|0],301701900,0,8,0,12,0,[0|0]
300000271,,0,271,1,0,[0|0],301701901,0,8,0,12,0,[0|0]
300000272,,0,272,1,0,[0|0],301701902,0,8,0,12,0,[0|0]
300000273,,0,273,1,0,[0|0],301701903,0,8,0,12,0,[0|0]
300000274,,0,274,1,0,[0|0],301701904,0,40,0,12,0,[0|0]
300000275,,0,275,1,0,[0|0],301701905,0,30,0,12,0,[0|0]
300000276,,0,276,1,0,[0|0],301701906,0,8,0,12,0,[0|0]
300000277,,0,277,1,0,[0|0],301701907,0,8,0,12,0,[0|0]
300000278,,0,278,1,0,[0|0],301701908,0,8,0,12,0,[0|0]
300000279,,0,279,1,0,[0|0],301701909,0,8,0,12,0,[0|0]
300000280,,0,280,1,0,[0|0],301701910,0,40,0,12,0,[0|0]
300000281,,0,281,1,0,[0|0],301701911,0,30,0,12,0,[0|0]
300000290,,0,290,1,0,[0|0],300000290,0,50,0,12,0,[0|0]
300000295,,0,295,1,0,[0|0],300000295,0,50,0,12,0,[0|0]
300000300,,0,300,1,1,[0|0],2430,0,0,0,0,0,[0|0]
300000301,,0,301,1,1,[0|0],2431,0,25,0,0,0,[0|0]
300000302,,0,302,1,0,[0|0],1,0,15,0,12,0,[0|0]
300000305,,0,305,1,0,[0|0],300000305,0,5,0,12,0,[0|0]
300000306,,0,306,1,0,[0|0],300000306,0,30,0,12,0,[0|0]
300000310,,0,310,1,0,[0|0],300000310,0,10,0,12,0,[0|0]
300000311,,0,311,1,0,[0|0],300000311,0,10,0,12,0,[0|0]
300000312,,0,312,1,0,[0|0],300000312,0,10,0,12,0,[0|0]
300000313,,0,313,1,0,[0|0],300000313,0,15,0,12,0,[0|0]
300000315,,0,315,1,0,[0|0],300000315,0,14,0,12,0,[0|0]
300000316,,0,316,1,0,[0|0],300000316,0,14,0,12,0,[0|0]
300000317,,0,317,1,0,[0|0],300000317,0,14,0,12,0,[0|0]
300000318,,0,318,1,0,[0|0],300000318,0,20,0,12,0,[0|0]
300000320,,0,320,1,0,[0|0],300000320,0,25,0,12,0,[0|0]
300000321,,0,321,1,0,[0|0],300000321,0,8,0,12,0,[0|0]
300000322,,0,322,1,0,[0|0],300000322,0,0,0,0,0,[0|0]
300000323,,0,323,1,0,[0|0],300000323,0,35,0,12,0,[0|0]
300000325,,0,325,1,0,[0|0],300000325,0,30,0,12,0,[0|0]
300000326,,0,326,1,0,[0|0],300000326,0,15,0,12,0,[0|0]
300000327,,0,327,1,0,[0|0],300000327,0,0,0,12,0,[0|0]
300000328,,0,328,1,0,[0|0],300000328,0,45,0,12,0,[0|0]
300000330,,0,330,1,1,[0|0],2130,0,10,0,0,0,[0|0]
300000331,,0,331,1,0,[0|0],300200895,0,30,0,12,0,[0|0]
300000332,,0,332,1,0,[0|0],300200896,0,10,0,12,0,[0|0]
300000333,,0,333,1,0,[0|0],300200897,0,30,0,12,0,[0|0]
300000340,,0,340,1,1,[0|0],2000,0,10,0,0,0,[0|0]
300000341,,0,341,1,0,[0|0],300200825,0,12,0,12,0,[0|0]
300000342,,0,342,1,0,[0|0],300200826,0,10,0,5,0,[0|0]
300000343,,0,343,1,0,[0|0],300200827,0,12,0,12,0,[0|0]
300000344,,0,344,1,1,[0|0],2003,0,0,0,0,0,[0|0]
300000350,,0,350,1,1,[0|0],2080,0,10,0,0,0,[0|0]
300000351,,0,351,1,0,[0|0],301600845,0,10,0,11,0,[0|0]
300000370,,0,370,1,0,[0|0],300000370,0,15,0,12,0,[0|0]
300000371,,0,371,1,1,[0|0],2090,0,0,0,0,0,[0|0]
300000372,,0,372,1,0,[0|0],300000372,0,25,0,12,0,[0|0]
300000373,,0,373,1,0,[0|0],300000373,0,10,0,0,0,[0|0]
300000380,,0,380,1,1,[0|0],-1,0,0,0,0,0,[0|0]
300000407,,0,407,1,0,[0|0],300000407,0,0,0,12,0,[0|0]
300000408,,0,408,1,0,[0|0],300000408,0,0,0,12,0,[0|0]
300000409,,0,409,1,0,[0|0],300000409,0,0,0,12,0,[0|0]
300000410,,0,410,1,1,[0|0],2060,0,20,0,0,0,[0|0]
300000411,,0,411,1,0,[0|0],300000411,0,20,0,12,0,[0|0]
300000412,,0,412,1,0,[0|0],300000412,0,20,0,12,0,[0|0]
300000413,,0,413,1,0,[0|0],300000413,0,20,0,12,0,[0|0]
300000415,,0,415,1,1,[0|0],2061,0,25,0,0,0,[0|0]
300000416,,0,416,1,0,[0|0],300000416,0,25,0,12,0,[0|0]
300000417,,0,417,1,0,[0|0],300000417,0,0,0,12,0,[0|0]
300000430,,0,430,1,0,[0|0],300000430,0,22,0,2,0,[0|0]
300000431,,0,431,1,0,[0|0],300000431,0,15,0,2,0,[0|0]
300000432,,0,432,1,0,[0|0],300000432,0,22,0,2,0,[0|0]
300000433,,0,433,1,0,[0|0],300000433,0,15,0,2,0,[0|0]
300000440,,0,440,1,0,[0|0],300000440,0,0,0,12,0,[0|0]
300000450,,0,450,1,0,[0|0],300000450,0,25,0,12,0,[0|0]
300000455,,0,455,1,0,[0|0],300000455,0,25,0,12,0,[0|0]
300000460,,0,460,1,0,[0|0],300000460,0,20,0,12,0,[0|0]
300000461,,0,461,1,1,[0|0],2600,0,10,0,0,0,[0|0]
300000462,,0,462,1,1,[0|0],2601,0,0,0,0,0,[0|0]
300000463,,0,463,1,0,[0|0],300000463,0,0,0,0,0,[0|0]
300000465,,0,465,1,0,[0|0],300000465,0,20,0,12,0,[0|0]
300000470,,0,470,1,0,[0|0],300000470,0,15,0,12,0,[0|0]
300000471,,0,471,1,0,[0|0],300000471,0,15,0,12,0,[0|0]
300000472,,0,472,1,0,[0|0],300000472,0,20,0,12,0,[0|0]
300000475,,0,475,1,0,[0|0],300000475,0,15,0,12,0,[0|0]
300000476,,0,476,1,0,[0|0],300000476,0,15,0,12,0,[0|0]
300000477,,0,477,1,0,[0|0],300000477,0,20,0,12,0,[0|0]
300000480,,0,480,1,0,[0|0],300000480,0,20,0,12,0,[0|0]
300000481,,0,481,1,0,[0|0],300000481,0,15,0,12,0,[0|0]
300000482,,0,482,1,0,[0|0],300000482,0,25,0,12,0,[0|0]
300000485,,0,485,1,0,[0|0],300000485,0,20,0,12,0,[0|0]
300000486,,0,486,1,0,[0|0],300000486,0,15,0,12,0,[0|0]
300000487,,0,487,1,0,[0|0],300000487,0,25,0,12,0,[0|0]
300000490,,0,490,1,0,[0|0],300000490,0,20,0,12,0,[0|0]
300000491,,0,491,1,0,[0|0],300000491,0,15,0,12,0,[0|0]
300000492,,0,492,1,0,[0|0],300000492,0,25,0,12,0,[0|0]
300000495,,0,495,1,0,[0|0],300000495,0,20,0,12,0,[0|0]
300000496,,0,496,1,0,[0|0],300000496,0,15,0,12,0,[0|0]
300000497,,0,497,1,0,[0|0],300000497,0,25,0,12,0,[0|0]
300000500,,0,500,1,0,[0|0],301401800,0,9,0,12,0,[0|0]
300000501,,0,501,1,0,[0|0],301401801,0,0,0,12,0,[0|0]
300000502,,0,502,1,0,[0|0],301401802,0,30,0,12,0,[0|0]
300000503,,0,503,1,0,[0|0],301401803,0,0,0,12,0,[0|0]
300000504,,0,504,1,0,[0|0],301401804,0,40,0,12,0,[0|0]
300000505,,0,505,1,0,[0|0],301401805,0,12,0,12,0,[0|0]
300000506,,0,506,1,0,[0|0],301401806,0,0,0,12,0,[0|0]
300000507,,0,507,1,0,[0|0],301401807,0,35,0,12,0,[0|0]
300000508,,0,508,1,0,[0|0],301401808,0,0,0,12,0,[0|0]
300000509,,0,509,1,0,[0|0],301401809,0,45,0,12,0,[0|0]
300000510,,0,510,1,0,[0|0],301401810,0,9,0,12,0,[0|0]
300000520,,0,520,1,0,[0|0],-1,0,0,0,12,0,[0|0]
300000530,,0,530,1,0,[0|0],300000530,0,7,0,12,0,[0|0]
300000531,,0,531,1,0,[0|0],300000531,0,7,0,12,0,[0|0]
300000532,,0,532,1,0,[0|0],300000532,0,7,0,12,0,[0|0]
300000533,,0,533,1,0,[0|0],300000533,0,12,0,12,0,[0|0]
300000535,,0,535,1,0,[0|0],300000535,0,10,0,12,0,[0|0]
300000536,,0,536,1,0,[0|0],300000536,0,10,0,12,0,[0|0]
300000537,,0,537,1,0,[0|0],300000537,0,10,0,12,0,[0|0]
300000538,,0,538,1,0,[0|0],300000538,0,16,0,12,0,[0|0]
300000540,,0,540,1,0,[0|0],300000540,0,35,0,12,0,[0|0]
300000541,,0,541,1,0,[0|0],300000541,0,0,0,12,0,[0|0]
300000542,,0,542,1,0,[0|0],300000542,0,0,0,12,0,[0|0]
300000545,,0,545,1,0,[0|0],300000545,0,45,0,12,0,[0|0]
300000546,,0,546,1,0,[0|0],300000546,0,0,0,12,0,[0|0]
300000547,,0,547,1,0,[0|0],300000547,0,0,0,12,0,[0|0]
300000550,,0,550,1,0,[0|0],300000550,0,35,0,12,0,[0|0]
300000551,,0,551,1,0,[0|0],300000551,0,10,0,12,0,[0|0]
300000552,,0,552,1,1,[0|0],2790,0,0,0,0,0,[0|0]
300000553,,0,553,1,0,[0|0],300000553,0,35,0,12,0,[0|0]
300000554,,0,554,1,1,[0|0],-1,0,0,0,0,0,[0|0]
300000555,,0,555,1,0,[0|0],300000555,0,45,0,12,0,[0|0]
300000556,,0,556,1,0,[0|0],300000556,0,15,0,12,0,[0|0]
300000557,,0,557,1,0,[0|0],300000557,0,0,0,12,0,[0|0]
300000558,,0,558,1,0,[0|0],300000558,0,45,0,12,0,[0|0]
300000560,,0,560,1,0,[0|0],300000560,0,24,0,12,0,[0|0]
300000561,,0,561,1,0,[0|0],300000561,0,24,0,12,0,[0|0]
300000565,,0,565,1,0,[0|0],300000565,0,40,0,12,0,[0|0]
300000566,,0,566,1,0,[0|0],300000566,0,40,0,12,0,[0|0]
300000570,,0,570,1,0,[0|0],300000570,0,0,0,12,0,[0|0]
300000571,,0,571,1,1,[0|0],2610,0,10,0,0,0,[0|0]
300000572,,0,572,1,1,[0|0],2611,0,0,0,0,0,[0|0]
300000573,,0,573,1,0,[0|0],300000573,0,10,0,12,0,[0|0]
300000575,,0,575,1,0,[0|0],300000575,0,0,0,12,0,[0|0]
300000576,,0,576,1,1,[0|0],2615,0,10,0,0,0,[0|0]
300000577,,0,577,1,1,[0|0],2616,0,0,0,0,0,[0|0]
300000578,,0,578,1,0,[0|0],300000578,0,10,0,12,0,[0|0]
300000580,,0,580,1,0,[0|0],300000580,0,0,0,12,0,[0|0]
300000581,,0,581,1,1,[0|0],2620,0,10,0,0,0,[0|0]
300000582,,0,582,1,1,[0|0],2621,0,0,0,0,0,[0|0]
300000583,,0,583,1,0,[0|0],300000583,0,10,0,12,0,[0|0]
300000590,,0,590,1,1,[0|0],2630,0,0,0,0,0,[0|0]
300000591,,0,591,1,1,[0|0],2631,0,0,0,0,0,[0|0]
300000595,,0,595,1,0,[0|0],300000595,0,10,0,0,0,[0|0]
300000596,,0,596,1,1,[0|0],2630,0,0,0,2,0,[0|0]
300000597,,0,597,1,1,[0|0],2631,0,0,0,2,0,[0|0]
300000600,,0,600,1,0,[0|0],300200870,0,30,0,12,0,[0|0]
300000601,,0,601,1,0,[0|0],300200871,0,40,0,12,0,[0|0]
300000602,,0,602,1,0,[0|0],300200872,0,60,0,12,0,[0|0]
300000605,,0,605,1,0,[0|0],300200875,0,30,0,12,0,[0|0]
300000606,,0,606,1,0,[0|0],300200876,0,40,0,12,0,[0|0]
300000607,,0,607,1,0,[0|0],300200877,0,60,0,12,0,[0|0]
300000610,,0,610,1,0,[0|0],-1,0,0,0,1,0,[0|0]
300000620,,0,620,1,0,[0|0],300200910,0,30,0,12,0,[0|0]
300000621,,0,621,1,0,[0|0],300200911,0,50,0,12,0,[0|0]
300000622,,0,622,1,0,[0|0],300200912,0,30,0,12,0,[0|0]
300000623,,0,623,1,0,[0|0],300200913,0,50,0,12,0,[0|0]
300000630,,0,630,1,0,[0|0],300000630,0,0,0,12,0,[0|0]
300000631,,0,631,1,1,[0|0],2635,0,10,0,0,0,[0|0]
300000632,,0,632,1,0,[0|0],300000632,0,10,0,12,0,[0|0]
300000633,,0,633,1,0,[0|0],300000633,0,0,0,12,0,[0|0]
300000634,,0,634,1,1,[0|0],2636,0,10,0,0,0,[0|0]
300000635,,0,635,1,0,[0|0],300000635,0,10,0,12,0,[0|0]
300000636,,0,636,1,0,[0|0],300000636,0,0,0,12,0,[0|0]
300000637,,0,637,1,1,[0|0],2637,0,10,0,0,0,[0|0]
300000638,,0,638,1,0,[0|0],300000638,0,10,0,12,0,[0|0]
300000640,,0,640,1,0,[0|0],300000640,0,7,0,12,0,[0|0]
300000641,,0,641,1,0,[0|0],300000641,0,7,0,12,0,[0|0]
300000642,,0,642,1,0,[0|0],300000642,0,7,0,12,0,[0|0]
300000643,,0,643,1,1,[0|0],2640,0,0,0,0,0,[0|0]
300000644,,0,644,1,1,[0|0],2641,0,0,0,0,0,[0|0]
300000645,,0,645,1,1,[0|0],2642,0,0,0,0,0,[0|0]
300000646,,0,646,1,0,[0|0],300000646,0,7,0,12,0,[0|0]
300000647,,0,647,1,0,[0|0],300000647,0,7,0,12,0,[0|0]
300000648,,0,648,1,0,[0|0],300000648,0,7,0,12,0,[0|0]
300000649,,0,649,1,0,[0|0],300000649,0,7,0,12,0,[0|0]
300000650,,0,650,1,0,[0|0],300000650,0,7,0,12,0,[0|0]
300000651,,0,651,1,1,[0|0],2643,0,0,0,0,0,[0|0]
300000652,,0,652,1,1,[0|0],2644,0,0,0,0,0,[0|0]
300000653,,0,653,1,0,[0|0],300000653,0,7,0,12,0,[0|0]
300000654,,0,654,1,0,[0|0],300000654,0,7,0,12,0,[0|0]
300000655,,0,655,1,0,[0|0],300000655,0,7,0,12,0,[0|0]
300000656,,0,656,1,0,[0|0],300000656,0,9,0,12,0,[0|0]
300000657,,0,657,1,1,[0|0],2645,0,0,0,0,0,[0|0]
300000658,,0,658,1,1,[0|0],2646,0,0,0,0,0,[0|0]
300000659,,0,659,1,0,[0|0],300000659,0,7,0,12,0,[0|0]
300000660,,0,660,1,0,[0|0],300000660,0,9,0,12,0,[0|0]
300000670,,0,670,1,0,[0|0],300000670,0,35,0,12,0,[0|0]
300000671,,0,671,1,0,[0|0],300000671,0,35,0,12,0,[0|0]
300000675,,0,675,1,0,[0|0],300000670,0,35,0,2,0,[0|0]
300000676,,0,676,1,0,[0|0],300000671,0,35,0,2,0,[0|0]
300000680,,0,680,1,1,[0|0],2650,0,10,0,0,0,[0|0]
300000681,,0,681,1,1,[0|0],2651,0,0,0,0,0,[0|0]
300000685,,0,685,1,1,[0|0],2655,0,0,0,0,0,[0|0]
300000690,,0,690,1,0,[0|0],300000690,0,10,0,0,0,[0|0]
300000695,,0,695,1,1,[0|0],2785,0,10,0,0,0,[0|0]
300000700,,0,700,1,0,[0|0],300000700,0,24,0,12,0,[0|0]
300000701,,0,701,1,0,[0|0],300000701,0,24,0,12,0,[0|0]
300000705,,0,705,1,0,[0|0],300000705,0,40,0,12,0,[0|0]
300000706,,0,706,1,0,[0|0],300000706,0,40,0,12,0,[0|0]
300000710,,0,710,1,0,[0|0],300000710,0,18,0,0,0,[0|0]
300000711,,0,711,1,0,[0|0],300000711,0,18,0,0,0,[0|0]
300000715,,0,715,1,0,[0|0],300000715,0,25,0,0,0,[0|0]
300000716,,0,716,1,0,[0|0],300000716,0,25,0,0,0,[0|0]
300000720,,0,720,1,0,[0|0],-1,0,0,0,0,0,[0|0]
300000730,,0,730,1,0,[0|0],300000730,0,0,0,12,0,[0|0]
300000731,,0,731,1,0,[0|0],300000731,0,15,0,12,0,[0|0]
300000732,,0,732,1,0,[0|0],300000732,0,20,0,12,0,[0|0]
300000735,,0,735,1,0,[0|0],300000733,0,15,0,12,0,[0|0]
300000736,,0,736,1,0,[0|0],300000734,0,20,0,12,0,[0|0]
300000750,,0,750,1,0,[0|0],-1,0,0,0,12,0,[0|0]
300000755,,0,755,1,0,[0|0],-1,0,0,0,12,0,[0|0]
300000756,,0,756,1,0,[0|0],-1,0,0,0,12,0,[0|0]
300000760,,0,760,1,1,[0|0],2670,0,10,0,0,0,[0|0]
300000761,,0,761,1,1,[0|0],2671,0,0,0,0,0,[0|0]
300000762,,0,762,1,1,[0|0],2672,0,0,0,0,0,[0|0]
300000770,,0,770,1,1,[0|0],2658,0,5,0,0,0,[0|0]
300000771,,0,771,1,0,[0|0],301805000,0,10,0,12,0,[0|0]
300000772,,0,772,1,0,[0|0],301805001,0,10,0,12,0,[0|0]
300000775,,0,775,1,1,[0|0],2665,0,5,0,0,0,[0|0]
300000776,,0,776,1,0,[0|0],301805010,0,10,0,12,0,[0|0]
300000777,,0,777,1,0,[0|0],301805011,0,10,0,12,0,[0|0]
300000780,,0,780,1,0,[0|0],300000780,0,5,0,12,0,[0|0]
300000781,,0,781,1,0,[0|0],300000781,0,5,0,12,0,[0|0]
300000782,,0,782,1,0,[0|0],300000782,0,28,0,12,0,[0|0]
300000783,,0,783,1,0,[0|0],300000783,0,28,0,12,0,[0|0]
300000785,,0,785,1,0,[0|0],300000785,0,5,0,12,0,[0|0]
300000786,,0,786,1,0,[0|0],300000786,0,5,0,12,0,[0|0]
300000787,,0,787,1,0,[0|0],300000787,0,28,0,12,0,[0|0]
300000788,,0,788,1,0,[0|0],300000788,0,28,0,12,0,[0|0]
300000790,,0,790,1,0,[0|0],300000790,0,40,0,0,0,[0|0]
300000791,,0,791,1,0,[0|0],300000791,0,0,0,0,0,[0|0]
300000795,,0,795,1,0,[0|0],300000795,0,52,0,0,0,[0|0]
300000796,,0,796,1,0,[0|0],300000796,0,0,0,0,0,[0|0]
300000800,,0,800,1,0,[0|0],300000800,0,60,0,0,0,[0|0]
300000801,,0,801,1,0,[0|0],300000801,0,0,0,0,0,[0|0]
300000802,,0,802,1,0,[0|0],300000802,0,0,0,0,0,[0|0]
300000805,,0,805,1,0,[0|0],300000805,0,80,0,0,0,[0|0]
300000806,,0,806,1,0,[0|0],300000806,0,0,0,0,0,[0|0]
300000810,,0,810,1,0,[0|0],300000810,0,26,0,12,0,[0|0]
300000811,,0,811,1,0,[0|0],300000811,0,20,0,12,0,[0|0]
300000812,,0,812,1,1,[0|0],2810,0,0,0,0,0,[0|0]
300000813,,0,813,1,0,[0|0],300000813,0,26,0,12,0,[0|0]
300000815,,0,815,1,0,[0|0],300000815,0,30,0,12,0,[0|0]
300000816,,0,816,1,0,[0|0],300000816,0,23,0,12,0,[0|0]
300000818,,0,818,1,0,[0|0],300000818,0,30,0,12,0,[0|0]
300000820,,0,820,1,0,[0|0],300000820,0,50,0,12,0,[0|0]
300000830,,0,830,1,0,[0|0],300000830,0,20,0,12,0,[0|0]
300000831,,0,831,1,1,[0|0],2310,0,0,0,0,0,[0|0]
300000832,,0,832,1,0,[0|0],300000832,0,4,0,12,0,[0|0]
300000833,,0,833,1,0,[0|0],300000833,0,4,0,12,0,[0|0]
300000834,,0,834,1,0,[0|0],300000834,0,20,0,12,0,[0|0]
300000835,,0,835,1,1,[0|0],2311,0,0,0,0,0,[0|0]
300000836,,0,836,1,1,[0|0],2313,0,0,0,0,0,[0|0]
300000837,,0,837,1,0,[0|0],300000837,0,25,0,12,0,[0|0]
300000838,,0,838,1,0,[0|0],300000838,0,8,0,12,0,[0|0]
300000839,,0,839,1,0,[0|0],300000839,0,25,0,12,0,[0|0]
300000840,,0,840,1,0,[0|0],300000840,0,30,0,0,0,[0|0]
300000841,,0,841,1,1,[0|0],2800,0,0,0,0,0,[0|0]
300000845,,0,845,1,0,[0|0],300000845,0,45,0,0,0,[0|0]
300000850,,0,850,1,0,[0|0],300000850,0,30,0,0,0,[0|0]
300000851,,0,851,1,0,[0|0],300000851,0,40,0,12,0,[0|0]
300000852,,0,852,1,0,[0|0],300000852,0,40,0,12,0,[0|0]
300000853,,0,853,1,0,[0|0],300000853,0,0,0,0,0,[0|0]
300000854,,0,854,1,0,[0|0],300000854,0,0,0,0,0,[0|0]
300000855,,0,855,1,0,[0|0],300000855,0,75,0,0,0,[0|0]
300000856,,0,856,1,0,[0|0],300000856,0,60,0,12,0,[0|0]
300000857,,0,857,1,0,[0|0],300000857,0,80,0,12,0,[0|0]
300000860,,0,860,1,0,[0|0],300000860,0,20,0,12,0,[0|0]
300000861,,0,861,1,0,[0|0],300000861,0,20,0,12,0,[0|0]
300000865,,0,865,1,0,[0|0],300000865,0,30,0,12,0,[0|0]
300000866,,0,866,1,0,[0|0],300000866,0,30,0,12,0,[0|0]
300000870,,0,870,1,1,[0|0],2930,0,20,0,0,0,[0|0]
300000871,,0,871,1,0,[0|0],300000871,0,20,0,12,0,[0|0]
300000872,,0,872,1,0,[0|0],300000780,0,5,0,2,0,[0|0]
300000873,,0,873,1,0,[0|0],300000781,0,5,0,2,0,[0|0]
300000874,,0,874,1,0,[0|0],300000782,0,28,0,2,0,[0|0]
300000875,,0,875,1,0,[0|0],300000783,0,28,0,2,0,[0|0]
300000876,,0,876,1,0,[0|0],300000785,0,5,0,2,0,[0|0]
300000877,,0,877,1,0,[0|0],300000786,0,5,0,2,0,[0|0]
300000878,,0,878,1,0,[0|0],300000787,0,28,0,2,0,[0|0]
300000879,,0,879,1,0,[0|0],300000788,0,28,0,2,0,[0|0]
300000880,,0,880,1,0,[0|0],300000880,0,25,0,0,0,[0|0]
300000881,,0,881,1,0,[0|0],300000881,0,25,0,0,0,[0|0]
300000882,,0,882,1,0,[0|0],300000882,0,0,0,0,0,[0|0]
300000883,,0,883,1,0,[0|0],300000883,0,0,0,0,0,[0|0]
300000884,,0,884,1,0,[0|0],300000884,0,0,0,0,0,[0|0]
300000885,,0,885,1,0,[0|0],300000885,0,25,0,0,0,[0|0]
300000890,,0,890,1,0,[0|0],300000891,0,15,0,12,0,[0|0]
300000891,,0,891,1,0,[0|0],300000892,0,35,0,12,0,[0|0]
300000895,,0,895,1,0,[0|0],300000895,0,15,0,12,0,[0|0]
300000896,,0,896,1,0,[0|0],300000896,0,35,0,12,0,[0|0]
300000950,,0,950,1,0,[0|0],300000950,0,10,0,1,0,[0|0]
300000951,,0,951,1,0,[0|0],300000951,0,10,0,1,0,[0|0]
300000952,,0,952,1,0,[0|0],300000952,0,16,0,1,0,[0|0]
300000953,,0,953,1,0,[0|0],300000953,0,9,0,1,0,[0|0]
300000954,,0,954,1,0,[0|0],300000954,0,9,0,1,0,[0|0]
300000955,,0,955,1,0,[0|0],300000955,0,13,0,1,0,[0|0]
300000956,,0,956,1,0,[0|0],300000956,0,14,0,1,0,[0|0]
300000957,,0,957,1,0,[0|0],300000957,0,24,0,1,0,[0|0]
300000958,,0,958,1,0,[0|0],300000958,0,12,0,1,0,[0|0]
300000959,,0,959,1,0,[0|0],300000959,0,20,0,1,0,[0|0]
300000960,,0,960,1,0,[0|0],300000960,0,12,0,1,0,[0|0]
300000961,,0,961,1,0,[0|0],300000961,0,12,0,1,0,[0|0]
300000962,,0,962,1,0,[0|0],300000962,0,20,0,1,0,[0|0]
300000963,,0,963,1,0,[0|0],300000963,0,11,0,1,0,[0|0]
300000964,,0,964,1,0,[0|0],300000964,0,11,0,1,0,[0|0]
300000965,,0,965,1,0,[0|0],300000965,0,16,0,1,0,[0|0]
300000966,,0,966,1,0,[0|0],300000966,0,17,0,1,0,[0|0]
300000967,,0,967,1,0,[0|0],300000967,0,29,0,1,0,[0|0]
300000968,,0,968,1,0,[0|0],300000968,0,15,0,1,0,[0|0]
300000969,,0,969,1,0,[0|0],300000969,0,24,0,1,0,[0|0]
300000980,,0,980,1,0,[0|0],300000980,0,45,0,1,0,[0|0]
300000981,,0,981,1,0,[0|0],300000981,0,30,0,1,0,[0|0]
300000982,,0,982,1,0,[0|0],300000982,0,0,0,1,0,[0|0]
300000983,,0,983,1,0,[0|0],300000983,0,0,0,1,0,[0|0]
300000984,,0,984,1,0,[0|0],300000984,0,45,0,1,0,[0|0]
300000985,,0,985,1,0,[0|0],300000985,0,30,0,1,0,[0|0]
300000986,,0,986,1,0,[0|0],300000986,0,0,0,1,0,[0|0]
300000987,,0,987,1,0,[0|0],300000987,0,54,0,1,0,[0|0]
300000988,,0,988,1,0,[0|0],300000988,0,36,0,1,0,[0|0]
300000989,,0,989,1,0,[0|0],300000989,0,0,0,1,0,[0|0]
300000990,,0,990,1,0,[0|0],300000990,0,0,0,1,0,[0|0]
300000991,,0,991,1,0,[0|0],300000991,0,54,0,1,0,[0|0]
300000992,,0,992,1,0,[0|0],300000992,0,36,0,1,0,[0|0]
300000993,,0,993,1,0,[0|0],300000993,0,0,0,1,0,[0|0]
300100310,,100,310,1,0,[0|0],300100310,0,7,0,12,0,[0|0]
300100311,,100,311,1,0,[0|0],300100311,0,7,0,12,0,[0|0]
300100312,,100,312,1,0,[0|0],300100312,0,7,0,12,0,[0|0]
300100313,,100,313,1,0,[0|0],300100313,0,12,0,12,0,[0|0]
300100315,,100,315,1,0,[0|0],300100315,0,10,0,12,0,[0|0]
300100316,,100,316,1,0,[0|0],300100316,0,10,0,12,0,[0|0]
300100317,,100,317,1,0,[0|0],300100317,0,10,0,12,0,[0|0]
300100318,,100,318,1,0,[0|0],300100318,0,18,0,12,0,[0|0]
300100530,,100,530,1,0,[0|0],300100530,0,5,0,12,0,[0|0]
300100531,,100,531,1,0,[0|0],300100531,0,5,0,12,0,[0|0]
300100532,,100,532,1,0,[0|0],300100532,0,5,0,12,0,[0|0]
300100533,,100,533,1,0,[0|0],300100533,0,10,0,12,0,[0|0]
300100535,,100,535,1,0,[0|0],300100535,0,7,0,12,0,[0|0]
300100536,,100,536,1,0,[0|0],300100536,0,7,0,12,0,[0|0]
300100537,,100,537,1,0,[0|0],300100537,0,7,0,12,0,[0|0]
300100538,,100,538,1,0,[0|0],300100538,0,14,0,12,0,[0|0]
300100540,,100,540,1,0,[0|0],300100540,0,20,0,12,0,[0|0]
300100541,,100,541,1,0,[0|0],300100541,0,0,0,12,0,[0|0]
300100542,,100,542,1,0,[0|0],300100542,0,0,0,12,0,[0|0]
300100545,,100,545,1,0,[0|0],300100545,0,30,0,12,0,[0|0]
300100546,,100,546,1,0,[0|0],300100546,0,0,0,12,0,[0|0]
300100547,,100,547,1,0,[0|0],300100547,0,0,0,12,0,[0|0]
300101900,,101,900,1,1,[0|0],2580,0,36,0,0,0,[0|0]
300101905,,101,905,1,0,[0|0],300101905,0,36,0,12,0,[0|0]
300104900,,104,900,1,0,[0|0],300104900,0,0,0,12,0,[0|0]
300104901,,104,901,1,1,[0|0],2715,0,20,0,0,0,[0|0]
300104902,,104,902,1,0,[0|0],300104902,0,20,0,12,0,[0|0]
300104905,,104,905,1,0,[0|0],300104905,0,0,0,12,0,[0|0]
300104906,,104,906,1,1,[0|0],2716,0,20,0,0,0,[0|0]
300104907,,104,907,1,0,[0|0],300104907,0,20,0,12,0,[0|0]
300104910,,104,910,1,0,[0|0],300104910,0,0,0,12,0,[0|0]
300104911,,104,911,1,1,[0|0],2717,0,20,0,0,0,[0|0]
300104912,,104,912,1,0,[0|0],300104912,0,20,0,12,0,[0|0]
300107900,,107,900,1,1,[0|0],2590,0,20,0,0,0,[0|0]
300107901,,107,901,1,1,[0|0],2591,0,12,0,0,0,[0|0]
300107905,,107,905,1,0,[0|0],300107905,0,20,0,12,0,[0|0]
300107906,,107,906,1,0,[0|0],300107906,0,12,0,12,0,[0|0]
300107910,,107,910,1,0,[0|0],300107910,0,24,0,12,0,[0|0]
300107911,,107,911,1,0,[0|0],300107911,0,24,0,12,0,[0|0]
300107912,,107,912,1,0,[0|0],300107912,0,0,0,12,0,[0|0]
300116900,,116,900,1,1,[0|0],2585,0,36,0,0,0,[0|0]
300116905,,116,905,1,0,[0|0],300116905,0,36,0,12,0,[0|0]
300117900,,117,900,1,0,[0|0],300117900,0,25,0,12,0,[0|0]
300117905,,117,905,1,0,[0|0],300117905,0,25,0,12,0,[0|0]
300200950,,200,950,1,0,[0|0],300200950,0,10,0,1,0,[0|0]
300200951,,200,951,1,0,[0|0],300200951,0,10,0,1,0,[0|0]
300200952,,200,952,1,0,[0|0],300200952,0,16,0,1,0,[0|0]
300200953,,200,953,1,0,[0|0],300200953,0,9,0,1,0,[0|0]
300200954,,200,954,1,0,[0|0],300200954,0,9,0,1,0,[0|0]
300200955,,200,955,1,0,[0|0],300200955,0,13,0,1,0,[0|0]
300200956,,200,956,1,0,[0|0],300200956,0,14,0,1,0,[0|0]
300200957,,200,957,1,0,[0|0],300200957,0,24,0,1,0,[0|0]
300200958,,200,958,1,0,[0|0],300200958,0,12,0,1,0,[0|0]
300200959,,200,959,1,0,[0|0],300200959,0,20,0,1,0,[0|0]
300200960,,200,960,1,0,[0|0],300200960,0,12,0,1,0,[0|0]
300200961,,200,961,1,0,[0|0],300200961,0,12,0,1,0,[0|0]
300200962,,200,962,1,0,[0|0],300200962,0,20,0,1,0,[0|0]
300200963,,200,963,1,0,[0|0],300200963,0,11,0,1,0,[0|0]
300200964,,200,964,1,0,[0|0],300200964,0,11,0,1,0,[0|0]
300200965,,200,965,1,0,[0|0],300200965,0,16,0,1,0,[0|0]
300200966,,200,966,1,0,[0|0],300200966,0,17,0,1,0,[0|0]
300200967,,200,967,1,0,[0|0],300200967,0,29,0,1,0,[0|0]
300200968,,200,968,1,0,[0|0],300200968,0,15,0,1,0,[0|0]
300200969,,200,969,1,0,[0|0],300200969,0,24,0,1,0,[0|0]
300200980,,200,980,1,0,[0|0],300200980,0,45,0,1,0,[0|0]
300200981,,200,981,1,0,[0|0],300200981,0,30,0,1,0,[0|0]
300200982,,200,982,1,0,[0|0],300200982,0,0,0,1,0,[0|0]
300200983,,200,983,1,0,[0|0],300200983,0,0,0,1,0,[0|0]
300200984,,200,984,1,0,[0|0],300200984,0,45,0,1,0,[0|0]
300200985,,200,985,1,0,[0|0],300200985,0,30,0,1,0,[0|0]
300200986,,200,986,1,0,[0|0],300200986,0,0,0,1,0,[0|0]
300200987,,200,987,1,0,[0|0],300200987,0,54,0,1,0,[0|0]
300200988,,200,988,1,0,[0|0],300200988,0,36,0,1,0,[0|0]
300200989,,200,989,1,0,[0|0],300200989,0,0,0,1,0,[0|0]
300200990,,200,990,1,0,[0|0],300200990,0,0,0,1,0,[0|0]
300200991,,200,991,1,0,[0|0],300200991,0,54,0,1,0,[0|0]
300200992,,200,992,1,0,[0|0],300200992,0,36,0,1,0,[0|0]
300200993,,200,993,1,0,[0|0],300200993,0,0,0,1,0,[0|0]
300204900,,204,900,1,0,[0|0],303400200,0,30,0,12,0,[0|0]
300204901,,204,901,1,0,[0|0],303400201,0,30,0,12,0,[0|0]
300205900,,205,900,1,1,[0|0],2720,0,0,0,0,0,[0|0]
300205901,,205,901,1,0,[0|0],300208910,0,40,0,12,0,[0|0]
300205902,,205,902,1,0,[0|0],300208912,0,40,0,12,0,[0|0]
300207900,,207,900,1,0,[0|0],303401800,0,50,0,12,0,[0|0]
300211900,,211,900,1,0,[0|0],303401000,0,10,0,12,0,[0|0]
300211901,,211,901,1,0,[0|0],303401001,0,10,0,12,0,[0|0]
300211905,,211,905,1,0,[0|0],303401005,0,3,0,12,0,[0|0]
300211906,,211,906,1,0,[0|0],303401006,0,3,0,12,0,[0|0]
300211907,,211,907,1,0,[0|0],303401007,0,10,0,12,0,[0|0]
300211908,,211,908,1,0,[0|0],303401008,0,10,0,12,0,[0|0]
300214900,,214,900,1,0,[0|0],300214900,0,0,0,12,0,[0|0]
300214905,,214,905,1,1,[0|0],2215,0,45,0,12,0,[0|0]
300214906,,214,906,1,1,[0|0],2216,0,0,0,12,0,[0|0]
300214907,,214,907,1,1,[0|0],2217,0,0,0,12,0,[0|0]
300214908,,214,908,1,1,[0|0],2218,0,0,0,12,0,[0|0]
300214909,,214,909,1,1,[0|0],2219,0,0,0,12,0,[0|0]
300214910,,214,910,1,0,[0|0],300214910,0,25,0,12,0,[0|0]
300214911,,214,911,1,0,[0|0],300214911,0,0,0,12,0,[0|0]
300214920,,214,920,1,0,[0|0],300214920,0,45,0,12,0,[0|0]
300214925,,214,925,1,1,[0|0],2220,0,0,0,12,0,[0|0]
300214926,,214,926,1,1,[0|0],2221,0,0,0,12,0,[0|0]
300214930,,214,930,1,0,[0|0],300214930,0,25,0,12,0,[0|0]
300214931,,214,931,1,0,[0|0],300214931,0,0,0,12,0,[0|0]
300215900,,215,900,1,0,[0|0],300208920,0,0,0,12,0,[0|0]
300215901,,215,901,1,0,[0|0],300208921,0,10,0,12,0,[0|0]
300215902,,215,902,1,0,[0|0],300208922,0,0,0,12,0,[0|0]
300215903,,215,903,1,0,[0|0],300208923,0,10,0,12,0,[0|0]
300215905,,215,905,1,0,[0|0],300208924,0,0,0,12,0,[0|0]
300215906,,215,906,1,0,[0|0],300208925,0,12,0,12,0,[0|0]
300215907,,215,907,1,0,[0|0],300208926,0,0,0,12,0,[0|0]
300215908,,215,908,1,0,[0|0],300208927,0,12,0,12,0,[0|0]
300216900,,216,900,1,1,[0|0],2005,0,30,0,0,0,[0|0]
300216905,,216,905,1,0,[0|0],300317905,0,13,0,12,0,[0|0]
300216906,,216,906,1,0,[0|0],300317906,0,17,0,12,0,[0|0]
300216910,,216,910,1,1,[0|0],2006,0,0,0,0,0,[0|0]
300216911,,216,911,1,1,[0|0],2007,0,0,0,0,0,[0|0]
300216912,,216,912,1,1,[0|0],2008,0,0,0,0,0,[0|0]
300216915,,216,915,1,0,[0|0],300317915,0,13,0,12,0,[0|0]
300216916,,216,916,1,0,[0|0],300317916,0,17,0,12,0,[0|0]
300300950,,300,950,1,0,[0|0],300300950,0,11,0,1,0,[0|0]
300300951,,300,951,1,0,[0|0],300300951,0,11,0,1,0,[0|0]
300300952,,300,952,1,0,[0|0],300300952,0,18,0,1,0,[0|0]
300300953,,300,953,1,0,[0|0],300300953,0,9,0,1,0,[0|0]
300300954,,300,954,1,0,[0|0],300300954,0,9,0,1,0,[0|0]
300300955,,300,955,1,0,[0|0],300300955,0,16,0,1,0,[0|0]
300300956,,300,956,1,0,[0|0],300300956,0,42,0,1,0,[0|0]
300300958,,300,958,1,0,[0|0],300300958,0,36,0,1,0,[0|0]
300300960,,300,960,1,0,[0|0],300300960,0,14,0,1,0,[0|0]
300300961,,300,961,1,0,[0|0],300300961,0,14,0,1,0,[0|0]
300300962,,300,962,1,0,[0|0],300300962,0,22,0,1,0,[0|0]
300300963,,300,963,1,0,[0|0],300300963,0,11,0,1,0,[0|0]
300300964,,300,964,1,0,[0|0],300300964,0,11,0,1,0,[0|0]
300300965,,300,965,1,0,[0|0],300300965,0,20,0,1,0,[0|0]
300300966,,300,966,1,0,[0|0],300300966,0,51,0,1,0,[0|0]
300300968,,300,968,1,0,[0|0],300300968,0,44,0,1,0,[0|0]
300300980,,300,980,1,0,[0|0],300300980,0,50,0,1,0,[0|0]
300300981,,300,981,1,0,[0|0],300300981,0,35,0,1,0,[0|0]
300300982,,300,982,1,0,[0|0],300300982,0,0,0,1,0,[0|0]
300300983,,300,983,1,0,[0|0],300300983,0,0,0,1,0,[0|0]
300300984,,300,984,1,0,[0|0],300300984,0,50,0,1,0,[0|0]
300300985,,300,985,1,0,[0|0],300300985,0,35,0,1,0,[0|0]
300300986,,300,986,1,0,[0|0],300300986,0,0,0,1,0,[0|0]
300300987,,300,987,1,0,[0|0],300300987,0,60,0,1,0,[0|0]
300300988,,300,988,1,0,[0|0],300300988,0,42,0,1,0,[0|0]
300300989,,300,989,1,0,[0|0],300300989,0,0,0,1,0,[0|0]
300300990,,300,990,1,0,[0|0],300300990,0,0,0,1,0,[0|0]
300300991,,300,991,1,0,[0|0],300300991,0,60,0,1,0,[0|0]
300300992,,300,992,1,0,[0|0],300300992,0,42,0,1,0,[0|0]
300300993,,300,993,1,0,[0|0],300300993,0,0,0,1,0,[0|0]
300302900,,302,900,1,0,[0|0],303401101,0,20,0,1,0,[0|0]
300302901,,302,901,1,0,[0|0],303401102,0,40,0,1,0,[0|0]
300302905,,302,905,1,1,[0|0],2960,0,0,0,1,0,[0|0]
300302950,,302,950,1,0,[0|0],302400950,0,11,0,1,0,[0|0]
300302951,,302,951,1,0,[0|0],302400951,0,11,0,1,0,[0|0]
300302952,,302,952,1,0,[0|0],302400952,0,18,0,1,0,[0|0]
300302953,,302,953,1,0,[0|0],302400953,0,9,0,1,0,[0|0]
300302954,,302,954,1,0,[0|0],302400954,0,9,0,1,0,[0|0]
300302955,,302,955,1,0,[0|0],302400955,0,16,0,1,0,[0|0]
300302956,,302,956,1,0,[0|0],302400956,0,42,0,1,0,[0|0]
300302958,,302,958,1,0,[0|0],302400958,0,36,0,1,0,[0|0]
300302960,,302,960,1,0,[0|0],302400960,0,14,0,1,0,[0|0]
300302961,,302,961,1,0,[0|0],302400961,0,14,0,1,0,[0|0]
300302962,,302,962,1,0,[0|0],302400962,0,22,0,1,0,[0|0]
300302963,,302,963,1,0,[0|0],302400963,0,11,0,1,0,[0|0]
300302964,,302,964,1,0,[0|0],302400964,0,11,0,1,0,[0|0]
300302965,,302,965,1,0,[0|0],302400965,0,20,0,1,0,[0|0]
300302966,,302,966,1,0,[0|0],302400966,0,51,0,1,0,[0|0]
300302968,,302,968,1,0,[0|0],302400968,0,44,0,1,0,[0|0]
300303900,,303,900,1,1,[0|0],2990,0,3,0,0,0,[0|0]
300303901,,303,901,1,0,[0|0],303400700,0,30,0,12,0,[0|0]
300303902,,303,902,1,0,[0|0],303400702,0,40,0,12,0,[0|0]
300303903,,303,903,1,1,[0|0],2991,0,3,0,0,0,[0|0]
300303904,,303,904,1,1,[0|0],2992,0,3,0,0,0,[0|0]
300306900,,306,900,1,0,[0|0],300306900,0,50,0,12,0,[0|0]
300306905,,306,905,1,1,[0|0],2780,0,0,0,0,0,[0|0]
300306906,,306,906,1,1,[0|0],2781,0,0,0,0,0,[0|0]
300306907,,306,907,1,1,[0|0],2782,0,0,0,0,0,[0|0]
300306910,,306,910,1,0,[0|0],300306910,0,35,0,12,0,[0|0]
300306915,,306,915,1,1,[0|0],2783,0,0,0,0,0,[0|0]
300306920,,306,920,1,0,[0|0],300306920,0,50,0,12,0,[0|0]
300306925,,306,925,1,0,[0|0],300306925,0,35,0,12,0,[0|0]
300308900,,308,900,1,0,[0|0],303400400,0,20,0,12,0,[0|0]
300308901,,308,901,1,0,[0|0],303400401,0,40,0,12,0,[0|0]
300308905,,308,905,1,1,[0|0],2961,0,0,0,0,0,[0|0]
300309900,,309,900,1,0,[0|0],303401300,0,15,0,12,0,[0|0]
300309901,,309,901,1,0,[0|0],303401301,0,10,0,12,0,[0|0]
300309902,,309,902,1,0,[0|0],303401302,0,10,0,12,0,[0|0]
300309903,,309,903,1,1,[0|0],2290,0,0,0,0,0,[0|0]
300309904,,309,904,1,1,[0|0],2292,0,0,0,0,0,[0|0]
300309905,,309,905,1,1,[0|0],2295,0,0,0,0,0,[0|0]
300309906,,309,906,1,0,[0|0],303401307,0,15,0,12,0,[0|0]
300309907,,309,907,1,0,[0|0],303401308,0,10,0,12,0,[0|0]
300309908,,309,908,1,0,[0|0],303401309,0,10,0,12,0,[0|0]
300310800,,310,800,1,1,[0|0],4070,0,55,0,0,0,[0|0]
300310801,,310,801,1,1,[0|0],4071,0,0,0,0,0,[0|0]
300310802,,310,802,1,1,[0|0],4072,0,0,0,0,0,[0|0]
300310803,,310,803,1,1,[0|0],4073,0,0,0,0,0,[0|0]
300310804,,310,804,1,1,[0|0],4074,0,0,0,0,0,[0|0]
300310805,,310,805,1,1,[0|0],4075,0,0,0,0,0,[0|0]
300310806,,310,806,1,1,[0|0],4076,0,0,0,0,0,[0|0]
300310807,,310,807,1,1,[0|0],4077,0,0,0,0,0,[0|0]
300310808,,310,808,1,1,[0|0],4078,0,0,0,0,0,[0|0]
300310900,,310,900,1,0,[0|0],300310900,0,0,0,12,0,[0|0]
300310901,,310,901,1,0,[0|0],300310901,0,55,0,12,0,[0|0]
300310905,,310,905,1,1,[0|0],4000,0,55,0,0,0,[0|0]
300310906,,310,906,1,1,[0|0],4001,0,0,0,0,0,[0|0]
300310907,,310,907,1,1,[0|0],4002,0,0,0,0,0,[0|0]
300310908,,310,908,1,1,[0|0],4003,0,0,0,0,0,[0|0]
300310909,,310,909,1,1,[0|0],4004,0,0,0,0,0,[0|0]
300310910,,310,910,1,1,[0|0],4005,0,0,0,0,0,[0|0]
300310911,,310,911,1,1,[0|0],4006,0,0,0,0,0,[0|0]
300310912,,310,912,1,1,[0|0],4007,0,0,0,0,0,[0|0]
300310913,,310,913,1,1,[0|0],4008,0,0,0,0,0,[0|0]
300310914,,310,914,1,1,[0|0],4009,0,0,0,0,0,[0|0]
300310915,,310,915,1,1,[0|0],4010,0,0,0,0,0,[0|0]
300310916,,310,916,1,1,[0|0],4011,0,0,0,0,0,[0|0]
300310917,,310,917,1,1,[0|0],4012,0,0,0,0,0,[0|0]
300310918,,310,918,1,1,[0|0],4013,0,0,0,0,0,[0|0]
300310919,,310,919,1,1,[0|0],4014,0,0,0,0,0,[0|0]
300310920,,310,920,1,1,[0|0],4015,0,0,0,0,0,[0|0]
300310921,,310,921,1,1,[0|0],4016,0,0,0,0,0,[0|0]
300310922,,310,922,1,1,[0|0],4017,0,0,0,0,0,[0|0]
300310923,,310,923,1,1,[0|0],4018,0,0,0,0,0,[0|0]
300310924,,310,924,1,1,[0|0],4019,0,0,0,0,0,[0|0]
300310925,,310,925,1,1,[0|0],4020,0,0,0,0,0,[0|0]
300310926,,310,926,1,1,[0|0],4021,0,0,0,0,0,[0|0]
300310927,,310,927,1,1,[0|0],4022,0,0,0,0,0,[0|0]
300310928,,310,928,1,1,[0|0],4023,0,0,0,0,0,[0|0]
300310929,,310,929,1,1,[0|0],4024,0,0,0,0,0,[0|0]
300310930,,310,930,1,1,[0|0],4025,0,0,0,0,0,[0|0]
300310931,,310,931,1,1,[0|0],4026,0,0,0,0,0,[0|0]
300310932,,310,932,1,1,[0|0],4027,0,0,0,0,0,[0|0]
300310933,,310,933,1,1,[0|0],4028,0,0,0,0,0,[0|0]
300310934,,310,934,1,1,[0|0],4029,0,0,0,0,0,[0|0]
300310935,,310,935,1,1,[0|0],4030,0,0,0,0,0,[0|0]
300310936,,310,936,1,1,[0|0],4031,0,0,0,0,0,[0|0]
300310937,,310,937,1,1,[0|0],4032,0,0,0,0,0,[0|0]
300310938,,310,938,1,1,[0|0],4033,0,0,0,0,0,[0|0]
300310939,,310,939,1,1,[0|0],4034,0,0,0,0,0,[0|0]
300310940,,310,940,1,1,[0|0],4035,0,0,0,0,0,[0|0]
300310941,,310,941,1,1,[0|0],4036,0,0,0,0,0,[0|0]
300310942,,310,942,1,1,[0|0],4037,0,0,0,0,0,[0|0]
300310943,,310,943,1,1,[0|0],4038,0,0,0,0,0,[0|0]
300310944,,310,944,1,1,[0|0],4039,0,0,0,0,0,[0|0]
300310945,,310,945,1,1,[0|0],4040,0,0,0,0,0,[0|0]
300310946,,310,946,1,1,[0|0],4041,0,0,0,0,0,[0|0]
300310947,,310,947,1,1,[0|0],4042,0,0,0,0,0,[0|0]
300310948,,310,948,1,1,[0|0],4043,0,0,0,0,0,[0|0]
300310949,,310,949,1,1,[0|0],4044,0,0,0,0,0,[0|0]
300310950,,310,950,1,1,[0|0],4045,0,0,0,0,0,[0|0]
300310951,,310,951,1,1,[0|0],4046,0,0,0,0,0,[0|0]
300310952,,310,952,1,1,[0|0],4047,0,0,0,0,0,[0|0]
300310953,,310,953,1,1,[0|0],4048,0,0,0,0,0,[0|0]
300310954,,310,954,1,1,[0|0],4049,0,0,0,0,0,[0|0]
300310955,,310,955,1,1,[0|0],4050,0,0,0,0,0,[0|0]
300310956,,310,956,1,1,[0|0],4051,0,0,0,0,0,[0|0]
300310957,,310,957,1,1,[0|0],4052,0,0,0,0,0,[0|0]
300310958,,310,958,1,1,[0|0],4053,0,0,0,0,0,[0|0]
300310959,,310,959,1,1,[0|0],4054,0,0,0,0,0,[0|0]
300310960,,310,960,1,1,[0|0],4055,0,0,0,0,0,[0|0]
300310961,,310,961,1,1,[0|0],4056,0,0,0,0,0,[0|0]
300310962,,310,962,1,1,[0|0],4057,0,0,0,0,0,[0|0]
300310963,,310,963,1,1,[0|0],4058,0,0,0,0,0,[0|0]
300310964,,310,964,1,1,[0|0],4059,0,0,0,0,0,[0|0]
300310965,,310,965,1,1,[0|0],4060,0,0,0,0,0,[0|0]
300310966,,310,966,1,1,[0|0],4061,0,0,0,0,0,[0|0]
300310967,,310,967,1,1,[0|0],4062,0,0,0,0,0,[0|0]
300310968,,310,968,1,1,[0|0],4063,0,0,0,0,0,[0|0]
300310969,,310,969,1,1,[0|0],4064,0,0,0,0,0,[0|0]
300310970,,310,970,1,1,[0|0],4065,0,0,0,0,0,[0|0]
300310971,,310,971,1,1,[0|0],4066,0,0,0,0,0,[0|0]
300310972,,310,972,1,1,[0|0],4067,0,0,0,0,0,[0|0]
300310973,,310,973,1,1,[0|0],4068,0,0,0,0,0,[0|0]
300310974,,310,974,1,1,[0|0],4069,0,0,0,0,0,[0|0]
300310975,,310,975,1,1,[0|0],4070,0,0,0,0,0,[0|0]
300310976,,310,976,1,1,[0|0],4071,0,0,0,0,0,[0|0]
300310977,,310,977,1,1,[0|0],4072,0,0,0,0,0,[0|0]
300310978,,310,978,1,1,[0|0],4073,0,0,0,0,0,[0|0]
300310979,,310,979,1,1,[0|0],4074,0,0,0,0,0,[0|0]
300310980,,310,980,1,1,[0|0],4075,0,0,0,0,0,[0|0]
300310981,,310,981,1,1,[0|0],4076,0,0,0,0,0,[0|0]
300310982,,310,982,1,1,[0|0],4077,0,0,0,0,0,[0|0]
300310983,,310,983,1,1,[0|0],4078,0,0,0,0,0,[0|0]
300310984,,310,984,1,1,[0|0],4079,0,0,0,0,0,[0|0]
300310985,,310,985,1,1,[0|0],4080,0,0,0,0,0,[0|0]
300310986,,310,986,1,1,[0|0],4081,0,0,0,0,0,[0|0]
300310987,,310,987,1,1,[0|0],4082,0,0,0,0,0,[0|0]
300310988,,310,988,1,1,[0|0],4083,0,0,0,0,0,[0|0]
300310989,,310,989,1,1,[0|0],4084,0,0,0,0,0,[0|0]
300310990,,310,990,1,1,[0|0],4085,0,0,0,0,0,[0|0]
300310991,,310,991,1,1,[0|0],4086,0,0,0,0,0,[0|0]
300310992,,310,992,1,1,[0|0],4087,0,0,0,0,0,[0|0]
300310993,,310,993,1,1,[0|0],4088,0,0,0,0,0,[0|0]
300310994,,310,994,1,1,[0|0],4089,0,0,0,0,0,[0|0]
300311900,,311,900,1,1,[0|0],3060,0,25,0,0,0,[0|0]
300311901,,311,901,1,0,[0|0],303401701,0,25,0,12,0,[0|0]
300311902,,311,902,1,0,[0|0],303401702,0,0,0,12,0,[0|0]
300314900,,314,900,1,1,[0|0],2030,0,30,0,0,0,[0|0]
300314901,,314,901,1,1,[0|0],-1,0,0,0,0,0,[0|0]
300314902,,314,902,1,1,[0|0],-1,0,0,0,0,0,[0|0]
300314903,,314,903,1,1,[0|0],-1,0,0,0,0,0,[0|0]
300314904,,314,904,1,1,[0|0],-1,0,0,0,0,0,[0|0]
300314905,,314,905,1,0,[0|0],300314905,0,30,0,12,0,[0|0]
300314906,,314,906,1,0,[0|0],300314906,0,0,0,12,0,[0|0]
300315900,,315,900,1,0,[0|0],300307000,0,0,0,12,0,[0|0]
300315901,,315,901,1,0,[0|0],300307001,0,13,0,12,0,[0|0]
300315902,,315,902,1,0,[0|0],300307002,0,0,0,12,0,[0|0]
300315903,,315,903,1,0,[0|0],300307003,0,13,0,12,0,[0|0]
300315905,,315,905,1,0,[0|0],300307005,0,0,0,12,0,[0|0]
300315906,,315,906,1,0,[0|0],300307006,0,15,0,12,0,[0|0]
300315907,,315,907,1,0,[0|0],300307007,0,0,0,12,0,[0|0]
300315908,,315,908,1,0,[0|0],300307008,0,15,0,12,0,[0|0]
300317900,,317,900,1,1,[0|0],2005,0,30,0,0,0,[0|0]
300317905,,317,905,1,0,[0|0],300317905,0,13,0,12,0,[0|0]
300317906,,317,906,1,0,[0|0],300317906,0,17,0,12,0,[0|0]
300317910,,317,910,1,1,[0|0],2006,0,0,0,0,0,[0|0]
300317911,,317,911,1,1,[0|0],2007,0,0,0,0,0,[0|0]
300317912,,317,912,1,1,[0|0],2008,0,0,0,0,0,[0|0]
300317915,,317,915,1,0,[0|0],300317915,0,13,0,12,0,[0|0]
300317916,,317,916,1,0,[0|0],300317916,0,17,0,12,0,[0|0]
300319900,,319,900,1,0,[0|0],303401400,0,10,0,12,0,[0|0]
300400950,,400,950,1,0,[0|0],300400950,0,14,0,1,0,[0|0]
300400951,,400,951,1,0,[0|0],300400951,0,14,0,1,0,[0|0]
300400952,,400,952,1,0,[0|0],300400952,0,20,0,1,0,[0|0]
300400953,,400,953,1,0,[0|0],300400953,0,12,0,1,0,[0|0]
300400954,,400,954,1,0,[0|0],300400954,0,12,0,1,0,[0|0]
300400955,,400,955,1,0,[0|0],300400955,0,16,0,1,0,[0|0]
300400956,,400,956,1,0,[0|0],300400956,0,51,0,1,0,[0|0]
300400958,,400,958,1,0,[0|0],300400958,0,42,0,1,0,[0|0]
300400960,,400,960,1,0,[0|0],300400960,0,17,0,1,0,[0|0]
300400961,,400,961,1,0,[0|0],300400961,0,17,0,1,0,[0|0]
300400962,,400,962,1,0,[0|0],300400962,0,24,0,1,0,[0|0]
300400963,,400,963,1,0,[0|0],300400963,0,15,0,1,0,[0|0]
300400964,,400,964,1,0,[0|0],300400964,0,15,0,1,0,[0|0]
300400965,,400,965,1,0,[0|0],300400965,0,20,0,1,0,[0|0]
300400966,,400,966,1,0,[0|0],300400966,0,62,0,1,0,[0|0]
300400968,,400,968,1,0,[0|0],300400968,0,51,0,1,0,[0|0]
300400980,,400,980,1,0,[0|0],300400980,0,55,0,1,0,[0|0]
300400981,,400,981,1,0,[0|0],300400981,0,40,0,1,0,[0|0]
300400982,,400,982,1,0,[0|0],300400982,0,0,0,1,0,[0|0]
300400983,,400,983,1,0,[0|0],300400983,0,0,0,1,0,[0|0]
300400984,,400,984,1,0,[0|0],300400984,0,55,0,1,0,[0|0]
300400985,,400,985,1,0,[0|0],300400985,0,45,0,1,0,[0|0]
300400986,,400,986,1,0,[0|0],300400986,0,0,0,1,0,[0|0]
300400987,,400,987,1,0,[0|0],300400987,0,66,0,1,0,[0|0]
300400988,,400,988,1,0,[0|0],300400988,0,48,0,1,0,[0|0]
300400989,,400,989,1,0,[0|0],300400989,0,0,0,1,0,[0|0]
300400990,,400,990,1,0,[0|0],300400990,0,0,0,1,0,[0|0]
300400991,,400,991,1,0,[0|0],300400991,0,66,0,1,0,[0|0]
300400992,,400,992,1,0,[0|0],300400992,0,54,0,1,0,[0|0]
300400993,,400,993,1,0,[0|0],300400993,0,0,0,1,0,[0|0]
300403900,,403,900,1,0,[0|0],303400600,0,30,0,12,0,[0|0]
300403901,,403,901,1,0,[0|0],303400601,0,30,0,12,0,[0|0]
300403905,,403,905,1,1,[0|0],3010,0,0,0,0,0,[0|0]
300404900,,404,900,1,0,[0|0],300800300,0,20,0,12,0,[0|0]
300404901,,404,901,1,0,[0|0],300800301,0,5,0,12,0,[0|0]
300404905,,404,905,1,0,[0|0],300800305,0,25,0,12,0,[0|0]
300404910,,404,910,1,0,[0|0],300800310,0,20,0,12,0,[0|0]
300404911,,404,911,1,0,[0|0],300800311,0,5,0,12,0,[0|0]
300404915,,404,915,1,0,[0|0],300800315,0,25,0,12,0,[0|0]
300405900,,405,900,1,0,[0|0],300405900,0,30,0,0,0,[0|0]
300405901,,405,901,1,0,[0|0],300405901,0,0,0,0,0,[0|0]
300405902,,405,902,1,0,[0|0],300405902,0,0,0,0,0,[0|0]
300405903,,405,903,1,0,[0|0],300405903,0,0,0,0,0,[0|0]
300405904,,405,904,1,0,[0|0],300405904,0,0,0,0,0,[0|0]
300405910,,405,910,1,0,[0|0],300405910,0,15,0,12,0,[0|0]
300405911,,405,911,1,0,[0|0],300405911,0,15,0,12,0,[0|0]
300405915,,405,915,1,1,[0|0],2205,0,0,0,0,0,[0|0]
300405920,,405,920,1,0,[0|0],300405920,0,15,0,12,0,[0|0]
300405921,,405,921,1,0,[0|0],300405921,0,15,0,12,0,[0|0]
300405925,,405,925,1,0,[0|0],300405925,0,0,0,1,0,[0|0]
300405926,,405,926,1,0,[0|0],300405926,0,0,0,2,0,[0|0]
300405927,,405,927,1,0,[0|0],300405927,0,0,0,1,0,[0|0]
300405928,,405,928,1,0,[0|0],300405928,0,0,0,2,0,[0|0]
300405930,,405,930,1,0,[0|0],300405930,0,15,0,1,0,[0|0]
300405931,,405,931,1,0,[0|0],300405931,0,15,0,2,0,[0|0]
300405935,,405,935,1,0,[0|0],300405935,0,15,0,1,0,[0|0]
300405936,,405,936,1,0,[0|0],300405936,0,15,0,2,0,[0|0]
300405940,,405,940,1,0,[0|0],300405940,0,15,0,1,0,[0|0]
300405941,,405,941,1,0,[0|0],300405941,0,15,0,2,0,[0|0]
300405945,,405,945,1,0,[0|0],300405945,0,18,0,1,0,[0|0]
300405946,,405,946,1,0,[0|0],300405946,0,18,0,2,0,[0|0]
300405950,,405,950,1,0,[0|0],300405950,0,12,0,1,0,[0|0]
300405951,,405,951,1,0,[0|0],300405951,0,12,0,2,0,[0|0]
300405955,,405,955,1,0,[0|0],300405955,0,12,0,1,0,[0|0]
300405956,,405,956,1,0,[0|0],300405956,0,12,0,2,0,[0|0]
300405960,,405,960,1,0,[0|0],300405960,0,25,0,1,0,[0|0]
300405961,,405,961,1,0,[0|0],300405961,0,25,0,2,0,[0|0]
300406900,,406,900,1,0,[0|0],300406900,0,0,0,0,0,[0|0]
300406905,,406,905,1,0,[0|0],300406905,0,30,0,12,0,[0|0]
300406910,,406,910,1,1,[0|0],2195,0,0,0,0,0,[0|0]
300406911,,406,911,1,1,[0|0],2196,0,0,0,0,0,[0|0]
300406915,,406,915,1,0,[0|0],300406915,0,30,0,12,0,[0|0]
300407900,,407,900,1,0,[0|0],0,0,15,0,12,0,[0|0]
300408900,,408,900,1,0,[0|0],300408900,0,18,0,12,0,[0|0]
300408901,,408,901,1,0,[0|0],300408901,0,20,0,12,0,[0|0]
300408905,,408,905,1,1,[0|0],2320,0,20,0,0,0,[0|0]
300408906,,408,906,1,1,[0|0],2321,0,0,0,0,0,[0|0]
300408907,,408,907,1,1,[0|0],2322,0,0,0,0,0,[0|0]
300408910,,408,910,1,0,[0|0],300408910,0,18,0,12,0,[0|0]
300408911,,408,911,1,0,[0|0],300408911,0,20,0,12,0,[0|0]
300601900,,601,900,1,0,[0|0],303401200,0,30,0,12,0,[0|0]
300601901,,601,901,1,0,[0|0],303401201,0,5,0,0,0,[0|0]
300601902,,601,902,1,0,[0|0],303401202,0,30,0,12,0,[0|0]
300602900,,602,900,1,0,[0|0],300602900,0,15,0,0,0,[0|0]
300602901,,602,901,1,0,[0|0],300602901,0,25,0,12,0,[0|0]
300602902,,602,902,1,0,[0|0],300602902,0,10,0,12,0,[0|0]
300602903,,602,903,1,0,[0|0],300602903,0,20,0,12,0,[0|0]
300602905,,602,905,1,0,[0|0],300602905,0,15,0,0,0,[0|0]
300602906,,602,906,1,0,[0|0],300602906,0,25,0,12,0,[0|0]
300602907,,602,907,1,0,[0|0],300602907,0,10,0,12,0,[0|0]
300602908,,602,908,1,0,[0|0],300602908,0,20,0,12,0,[0|0]
300700035,,700,35,1,1,[0|0],2100,0,0,0,12,0,[0|0]
300700036,,700,36,1,1,[0|0],2103,0,0,0,12,0,[0|0]
300700037,,700,37,1,1,[0|0],2106,0,0,0,12,0,[0|0]
300700110,,700,110,1,1,[0|0],2120,0,0,0,0,0,[0|0]
300700111,,700,111,1,1,[0|0],2121,0,0,0,0,0,[0|0]
300700500,,700,500,1,0,[0|0],301400800,0,6,0,12,0,[0|0]
300700501,,700,501,1,0,[0|0],301400801,0,0,0,12,0,[0|0]
300700502,,700,502,1,0,[0|0],301400802,0,20,0,12,0,[0|0]
300700503,,700,503,1,0,[0|0],301400803,0,0,0,12,0,[0|0]
300700504,,700,504,1,0,[0|0],301400804,0,30,0,12,0,[0|0]
300700505,,700,505,1,0,[0|0],301400805,0,7,0,12,0,[0|0]
300700506,,700,506,1,0,[0|0],301400806,0,0,0,12,0,[0|0]
300700507,,700,507,1,0,[0|0],301400807,0,22,0,12,0,[0|0]
300700508,,700,508,1,0,[0|0],301400808,0,0,0,12,0,[0|0]
300700509,,700,509,1,0,[0|0],301400809,0,32,0,12,0,[0|0]
300700510,,700,510,1,0,[0|0],301400810,0,6,0,12,0,[0|0]
300700950,,700,950,1,0,[0|0],300700950,0,9,0,1,0,[0|0]
300700951,,700,951,1,0,[0|0],300700951,0,9,0,1,0,[0|0]
300700952,,700,952,1,0,[0|0],300700952,0,15,0,1,0,[0|0]
300700953,,700,953,1,0,[0|0],300700953,0,8,0,1,0,[0|0]
300700954,,700,954,1,0,[0|0],300700954,0,8,0,1,0,[0|0]
300700955,,700,955,1,0,[0|0],300700955,0,12,0,1,0,[0|0]
300700956,,700,956,1,0,[0|0],300700956,0,12,0,1,0,[0|0]
300700957,,700,957,1,0,[0|0],300700957,0,25,0,1,0,[0|0]
300700958,,700,958,1,0,[0|0],300700958,0,10,0,1,0,[0|0]
300700959,,700,959,1,0,[0|0],300700959,0,20,0,1,0,[0|0]
300700960,,700,960,1,0,[0|0],300700960,0,11,0,1,0,[0|0]
300700961,,700,961,1,0,[0|0],300700961,0,11,0,1,0,[0|0]
300700962,,700,962,1,0,[0|0],300700962,0,18,0,1,0,[0|0]
300700963,,700,963,1,0,[0|0],300700963,0,10,0,1,0,[0|0]
300700964,,700,964,1,0,[0|0],300700964,0,10,0,1,0,[0|0]
300700965,,700,965,1,0,[0|0],300700965,0,15,0,1,0,[0|0]
300700966,,700,966,1,0,[0|0],300700966,0,15,0,1,0,[0|0]
300700967,,700,967,1,0,[0|0],300700967,0,30,0,1,0,[0|0]
300700968,,700,968,1,0,[0|0],300700968,0,12,0,1,0,[0|0]
300700969,,700,969,1,0,[0|0],300700969,0,24,0,1,0,[0|0]
300700980,,700,980,1,0,[0|0],300700980,0,45,0,1,0,[0|0]
300700981,,700,981,1,0,[0|0],300700981,0,30,0,1,0,[0|0]
300700982,,700,982,1,0,[0|0],300700982,0,0,0,1,0,[0|0]
300700983,,700,983,1,0,[0|0],300700983,0,0,0,1,0,[0|0]
300700984,,700,984,1,0,[0|0],300700984,0,45,0,1,0,[0|0]
300700985,,700,985,1,0,[0|0],300700985,0,30,0,1,0,[0|0]
300700986,,700,986,1,0,[0|0],300700986,0,0,0,1,0,[0|0]
300700987,,700,987,1,0,[0|0],300700987,0,54,0,1,0,[0|0]
300700988,,700,988,1,0,[0|0],300700988,0,36,0,1,0,[0|0]
300700989,,700,989,1,0,[0|0],300700989,0,0,0,1,0,[0|0]
300700990,,700,990,1,0,[0|0],300700990,0,0,0,1,0,[0|0]
300700991,,700,991,1,0,[0|0],300700991,0,54,0,1,0,[0|0]
300700992,,700,992,1,0,[0|0],300700992,0,36,0,1,0,[0|0]
300700993,,700,993,1,0,[0|0],300700993,0,0,0,1,0,[0|0]
300702900,,702,900,1,0,[0|0],300702900,0,25,0,12,0,[0|0]
300702901,,702,901,1,0,[0|0],300702901,0,25,0,12,0,[0|0]
300703900,,703,900,1,0,[0|0],303400500,0,15,0,12,0,[0|0]
300703901,,703,901,1,0,[0|0],303400501,0,10,0,12,0,[0|0]
300703902,,703,902,1,0,[0|0],303400502,0,15,0,12,0,[0|0]
300703903,,703,903,1,0,[0|0],303400503,0,15,0,12,0,[0|0]
300703904,,703,904,1,0,[0|0],303400504,0,10,0,12,0,[0|0]
300703905,,703,905,1,0,[0|0],303400505,0,15,0,12,0,[0|0]
300703906,,703,906,1,1,[0|0],2980,0,0,0,0,0,[0|0]
300703907,,703,907,1,1,[0|0],2981,0,0,0,0,0,[0|0]
300707900,,707,900,1,1,[0|0],2770,0,28,0,0,0,[0|0]
300707901,,707,901,1,1,[0|0],2771,0,0,0,0,0,[0|0]
300707902,,707,902,1,1,[0|0],2772,0,0,0,0,0,[0|0]
300707905,,707,905,1,0,[0|0],300707905,0,28,0,12,0,[0|0]
300710900,,710,900,1,1,[0|0],2145,0,30,0,12,0,[0|0]
300710901,,710,901,1,1,[0|0],2146,0,0,0,12,0,[0|0]
300710905,,710,905,1,0,[0|0],300710905,0,30,0,12,0,[0|0]
300800950,,800,950,1,0,[0|0],300800950,0,11,0,1,0,[0|0]
300800951,,800,951,1,0,[0|0],300800951,0,11,0,1,0,[0|0]
300800952,,800,952,1,0,[0|0],300800952,0,18,0,1,0,[0|0]
300800953,,800,953,1,0,[0|0],300800953,0,9,0,1,0,[0|0]
300800954,,800,954,1,0,[0|0],300800954,0,9,0,1,0,[0|0]
300800955,,800,955,1,0,[0|0],300800955,0,16,0,1,0,[0|0]
300800956,,800,956,1,0,[0|0],300800956,0,42,0,1,0,[0|0]
300800958,,800,958,1,0,[0|0],300800958,0,36,0,1,0,[0|0]
300800960,,800,960,1,0,[0|0],300800960,0,14,0,1,0,[0|0]
300800961,,800,961,1,0,[0|0],300800961,0,14,0,1,0,[0|0]
300800962,,800,962,1,0,[0|0],300800962,0,22,0,1,0,[0|0]
300800963,,800,963,1,0,[0|0],300800963,0,11,0,1,0,[0|0]
300800964,,800,964,1,0,[0|0],300800964,0,11,0,1,0,[0|0]
300800965,,800,965,1,0,[0|0],300800965,0,20,0,1,0,[0|0]
300800966,,800,966,1,0,[0|0],300800966,0,51,0,1,0,[0|0]
300800968,,800,968,1,0,[0|0],300800968,0,44,0,1,0,[0|0]
300800980,,800,980,1,0,[0|0],300800980,0,50,0,1,0,[0|0]
300800981,,800,981,1,0,[0|0],300800981,0,35,0,1,0,[0|0]
300800982,,800,982,1,0,[0|0],300800982,0,0,0,1,0,[0|0]
300800983,,800,983,1,0,[0|0],300800983,0,0,0,1,0,[0|0]
300800984,,800,984,1,0,[0|0],300800984,0,50,0,1,0,[0|0]
300800985,,800,985,1,0,[0|0],300800985,0,35,0,1,0,[0|0]
300800986,,800,986,1,0,[0|0],300800986,0,0,0,1,0,[0|0]
300800987,,800,987,1,0,[0|0],300800987,0,60,0,1,0,[0|0]
300800988,,800,988,1,0,[0|0],300800988,0,42,0,1,0,[0|0]
300800989,,800,989,1,0,[0|0],300800989,0,0,0,1,0,[0|0]
300800990,,800,990,1,0,[0|0],300800990,0,0,0,1,0,[0|0]
300800991,,800,991,1,0,[0|0],300800991,0,60,0,1,0,[0|0]
300800992,,800,992,1,0,[0|0],300800992,0,42,0,1,0,[0|0]
300800993,,800,993,1,0,[0|0],300800993,0,0,0,1,0,[0|0]
300801900,,801,900,1,1,[0|0],3055,0,17,0,0,0,[0|0]
300801901,,801,901,1,0,[0|0],303401604,0,10,0,12,0,[0|0]
300801902,,801,902,1,0,[0|0],303401605,0,10,0,12,0,[0|0]
300803900,,803,900,1,0,[0|0],300729000,0,38,0,12,0,[0|0]
300803901,,803,901,1,1,[0|0],2860,0,0,0,0,0,[0|0]
300803902,,803,902,1,1,[0|0],2862,0,0,0,0,0,[0|0]
300803903,,803,903,1,0,[0|0],300729003,0,15,0,12,0,[0|0]
300803904,,803,904,1,0,[0|0],300729004,0,12,0,12,0,[0|0]
300803905,,803,905,1,0,[0|0],300729005,0,40,0,12,0,[0|0]
300803906,,803,906,1,0,[0|0],300729006,0,20,0,12,0,[0|0]
300803907,,803,907,1,0,[0|0],300729007,0,20,0,12,0,[0|0]
300804900,,804,900,1,0,[0|0],300804900,0,30,0,12,0,[0|0]
300804901,,804,901,1,0,[0|0],300804901,0,30,0,12,0,[0|0]
300804905,,804,905,1,0,[0|0],300804905,0,40,0,12,0,[0|0]
300804906,,804,906,1,0,[0|0],300804906,0,40,0,12,0,[0|0]
300805900,,805,900,1,1,[0|0],3000,0,3,0,0,0,[0|0]
300805901,,805,901,1,0,[0|0],303400800,0,30,0,12,0,[0|0]
300805902,,805,902,1,0,[0|0],303400801,0,40,0,12,0,[0|0]
300805903,,805,903,1,1,[0|0],3001,0,3,0,0,0,[0|0]
300805904,,805,904,1,1,[0|0],3002,0,3,0,0,0,[0|0]
300810900,,810,900,1,0,[0|0],300810900,0,0,0,0,0,[0|0]
300810905,,810,905,1,0,[0|0],300810905,0,15,0,12,0,[0|0]
300810906,,810,906,1,0,[0|0],300810906,0,15,0,12,0,[0|0]
300810907,,810,907,1,1,[0|0],2135,0,0,0,0,0,[0|0]
300810908,,810,908,1,1,[0|0],2136,0,0,0,0,0,[0|0]
300810910,,810,910,1,0,[0|0],300810910,0,15,0,12,0,[0|0]
300810911,,810,911,1,0,[0|0],300810911,0,15,0,12,0,[0|0]
300900950,,900,950,1,0,[0|0],300900950,0,10,0,1,0,[0|0]
300900951,,900,951,1,0,[0|0],300900951,0,10,0,1,0,[0|0]
300900952,,900,952,1,0,[0|0],300900952,0,16,0,1,0,[0|0]
300900953,,900,953,1,0,[0|0],300900953,0,9,0,1,0,[0|0]
300900954,,900,954,1,0,[0|0],300900954,0,9,0,1,0,[0|0]
300900955,,900,955,1,0,[0|0],300900955,0,13,0,1,0,[0|0]
300900956,,900,956,1,0,[0|0],300900956,0,14,0,1,0,[0|0]
300900957,,900,957,1,0,[0|0],300900957,0,24,0,1,0,[0|0]
300900958,,900,958,1,0,[0|0],300900958,0,12,0,1,0,[0|0]
300900959,,900,959,1,0,[0|0],300900959,0,20,0,1,0,[0|0]
300900960,,900,960,1,0,[0|0],300900960,0,12,0,1,0,[0|0]
300900961,,900,961,1,0,[0|0],300900961,0,12,0,1,0,[0|0]
300900962,,900,962,1,0,[0|0],300900962,0,20,0,1,0,[0|0]
300900963,,900,963,1,0,[0|0],300900963,0,11,0,1,0,[0|0]
300900964,,900,964,1,0,[0|0],300900964,0,11,0,1,0,[0|0]
300900965,,900,965,1,0,[0|0],300900965,0,16,0,1,0,[0|0]
300900966,,900,966,1,0,[0|0],300900966,0,17,0,1,0,[0|0]
300900967,,900,967,1,0,[0|0],300900967,0,29,0,1,0,[0|0]
300900968,,900,968,1,0,[0|0],300900968,0,15,0,1,0,[0|0]
300900969,,900,969,1,0,[0|0],300900969,0,24,0,1,0,[0|0]
300900980,,900,980,1,0,[0|0],300900980,0,45,0,1,0,[0|0]
300900981,,900,981,1,0,[0|0],300900981,0,30,0,1,0,[0|0]
300900982,,900,982,1,0,[0|0],300900982,0,0,0,1,0,[0|0]
300900983,,900,983,1,0,[0|0],300900983,0,0,0,1,0,[0|0]
300900984,,900,984,1,0,[0|0],300900984,0,45,0,1,0,[0|0]
300900985,,900,985,1,0,[0|0],300900985,0,30,0,1,0,[0|0]
300900986,,900,986,1,0,[0|0],300900986,0,0,0,1,0,[0|0]
300900987,,900,987,1,0,[0|0],300900987,0,54,0,1,0,[0|0]
300900988,,900,988,1,0,[0|0],300900988,0,36,0,1,0,[0|0]
300900989,,900,989,1,0,[0|0],300900989,0,0,0,1,0,[0|0]
300900990,,900,990,1,0,[0|0],300900990,0,0,0,1,0,[0|0]
300900991,,900,991,1,0,[0|0],300900991,0,54,0,1,0,[0|0]
300900992,,900,992,1,0,[0|0],300900992,0,36,0,1,0,[0|0]
300900993,,900,993,1,0,[0|0],300900993,0,0,0,1,0,[0|0]
300902900,,902,900,1,0,[0|0],300900200,0,0,0,12,0,[0|0]
300902901,,902,901,1,0,[0|0],300900205,0,8,0,12,0,[0|0]
300902902,,902,902,1,0,[0|0],300900206,0,8,0,12,0,[0|0]
300902903,,902,903,1,0,[0|0],300900207,0,8,0,12,0,[0|0]
300902904,,902,904,1,0,[0|0],300900208,0,8,0,12,0,[0|0]
300902905,,902,905,1,0,[0|0],300900209,0,8,0,12,0,[0|0]
300902906,,902,906,1,0,[0|0],300900210,0,8,0,12,0,[0|0]
300902907,,902,907,1,0,[0|0],300900211,0,8,0,12,0,[0|0]
300902908,,902,908,1,0,[0|0],300900212,0,8,0,12,0,[0|0]
300902909,,902,909,1,0,[0|0],300900213,0,10,0,12,0,[0|0]
300902910,,902,910,1,0,[0|0],300900214,0,8,0,12,0,[0|0]
300902911,,902,911,1,0,[0|0],300900215,0,8,0,12,0,[0|0]
300902912,,902,912,1,0,[0|0],300900216,0,8,0,12,0,[0|0]
300902913,,902,913,1,0,[0|0],300900217,0,8,0,12,0,[0|0]
300902914,,902,914,1,0,[0|0],300900218,0,8,0,12,0,[0|0]
300902915,,902,915,1,0,[0|0],300900219,0,8,0,12,0,[0|0]
300902916,,902,916,1,0,[0|0],300900220,0,8,0,12,0,[0|0]
300902917,,902,917,1,0,[0|0],300900221,0,8,0,12,0,[0|0]
300902918,,902,918,1,0,[0|0],300900222,0,10,0,12,0,[0|0]
300902920,,902,920,1,0,[0|0],300900201,0,0,0,12,0,[0|0]
300905900,,905,900,1,1,[0|0],2950,0,0,0,0,0,[0|0]
300905901,,905,901,1,0,[0|0],303400101,0,30,0,12,0,[0|0]
300905905,,905,905,1,1,[0|0],2955,0,0,0,0,0,[0|0]
300905906,,905,906,1,0,[0|0],303400106,0,30,0,12,0,[0|0]
300906900,,906,900,1,0,[0|0],303400300,0,9,0,12,0,[0|0]
300906901,,906,901,1,0,[0|0],303400301,0,9,0,12,0,[0|0]
300906902,,906,902,1,0,[0|0],303400302,0,9,0,12,0,[0|0]
300906903,,906,903,1,0,[0|0],303400303,0,9,0,12,0,[0|0]
300906904,,906,904,1,0,[0|0],303400304,0,9,0,12,0,[0|0]
300906905,,906,905,1,0,[0|0],303400305,0,15,0,12,0,[0|0]
300906910,,906,910,1,0,[0|0],303400310,0,9,0,12,0,[0|0]
300906911,,906,911,1,0,[0|0],303400311,0,9,0,12,0,[0|0]
300906912,,906,912,1,0,[0|0],303400312,0,9,0,12,0,[0|0]
300906913,,906,913,1,0,[0|0],303400313,0,9,0,12,0,[0|0]
300906914,,906,914,1,0,[0|0],303400314,0,9,0,12,0,[0|0]
300906915,,906,915,1,0,[0|0],303400315,0,15,0,12,0,[0|0]
300907900,,907,900,1,0,[0|0],300900200,0,0,0,12,0,[0|0]
300907901,,907,901,1,0,[0|0],300900205,0,8,0,12,0,[0|0]
300907902,,907,902,1,0,[0|0],300900206,0,7,0,12,0,[0|0]
300907903,,907,903,1,0,[0|0],300900207,0,7,0,12,0,[0|0]
300907904,,907,904,1,0,[0|0],300900208,0,7,0,12,0,[0|0]
300907905,,907,905,1,0,[0|0],300900209,0,7,0,12,0,[0|0]
300907906,,907,906,1,0,[0|0],300900210,0,7,0,12,0,[0|0]
300907907,,907,907,1,0,[0|0],300900920,0,8,0,12,0,[0|0]
300907908,,907,908,1,0,[0|0],300900921,0,7,0,12,0,[0|0]
300907909,,907,909,1,0,[0|0],300900922,0,7,0,12,0,[0|0]
300907910,,907,910,1,0,[0|0],300900214,0,8,0,12,0,[0|0]
300907911,,907,911,1,0,[0|0],300900215,0,7,0,12,0,[0|0]
300907912,,907,912,1,0,[0|0],300900216,0,7,0,12,0,[0|0]
300907913,,907,913,1,0,[0|0],300900217,0,7,0,12,0,[0|0]
300907914,,907,914,1,0,[0|0],300900218,0,7,0,12,0,[0|0]
300907915,,907,915,1,0,[0|0],300900219,0,7,0,12,0,[0|0]
300907916,,907,916,1,0,[0|0],300900220,0,8,0,12,0,[0|0]
300907917,,907,917,1,0,[0|0],300900221,0,7,0,12,0,[0|0]
300907918,,907,918,1,0,[0|0],300900222,0,7,0,12,0,[0|0]
300907920,,907,920,1,0,[0|0],300900901,0,0,0,12,0,[0|0]
300910900,,910,900,1,0,[0|0],300900100,0,15,0,12,0,[0|0]
300910901,,910,901,1,1,[0|0],2730,0,0,0,12,0,[0|0]
300910902,,910,902,1,0,[0|0],300900113,0,25,0,12,0,[0|0]
300910903,,910,903,1,0,[0|0],300900114,0,10,0,0,0,[0|0]
300999900,,999,900,1,0,[0|0],303400380,0,14,0,12,0,[0|0]
300999901,,999,901,1,0,[0|0],303400381,0,14,0,12,0,[0|0]
300999902,,999,902,1,0,[0|0],303400382,0,14,0,12,0,[0|0]
300999903,,999,903,1,0,[0|0],303400383,0,14,0,12,0,[0|0]
300999904,,999,904,1,0,[0|0],303400384,0,14,0,12,0,[0|0]
300999905,,999,905,1,0,[0|0],303400385,0,20,0,12,0,[0|0]
300999910,,999,910,1,0,[0|0],303400390,0,14,0,12,0,[0|0]
300999911,,999,911,1,0,[0|0],303400391,0,14,0,12,0,[0|0]
300999912,,999,912,1,0,[0|0],303400392,0,14,0,12,0,[0|0]
300999913,,999,913,1,0,[0|0],303400393,0,14,0,12,0,[0|0]
300999914,,999,914,1,0,[0|0],303400394,0,14,0,12,0,[0|0]
300999915,,999,915,1,0,[0|0],303400395,0,20,0,12,0,[0|0]
301000441,,1000,441,1,0,[0|0],301000441,0,15,0,12,0,[0|0]
301000442,,1000,442,1,0,[0|0],301000442,0,20,0,12,0,[0|0]
301000443,,1000,443,1,0,[0|0],301000443,0,15,0,12,0,[0|0]
301000444,,1000,444,1,0,[0|0],301000444,0,20,0,12,0,[0|0]
301000490,,1000,490,1,0,[0|0],301000490,0,20,0,12,0,[0|0]
301000491,,1000,491,1,0,[0|0],301000491,0,15,0,12,0,[0|0]
301000492,,1000,492,1,0,[0|0],301000492,0,25,0,12,0,[0|0]
301000495,,1000,495,1,0,[0|0],301000495,0,20,0,12,0,[0|0]
301000496,,1000,496,1,0,[0|0],301000496,0,15,0,12,0,[0|0]
301000497,,1000,497,1,0,[0|0],301000497,0,25,0,12,0,[0|0]
301000950,,1000,950,1,0,[0|0],301000950,0,10,0,1,0,[0|0]
301000951,,1000,951,1,0,[0|0],301000951,0,10,0,1,0,[0|0]
301000952,,1000,952,1,0,[0|0],301000952,0,16,0,1,0,[0|0]
301000953,,1000,953,1,0,[0|0],301000953,0,9,0,1,0,[0|0]
301000954,,1000,954,1,0,[0|0],301000954,0,9,0,1,0,[0|0]
301000955,,1000,955,1,0,[0|0],301000955,0,13,0,1,0,[0|0]
301000956,,1000,956,1,0,[0|0],301000956,0,14,0,1,0,[0|0]
301000957,,1000,957,1,0,[0|0],301000957,0,24,0,1,0,[0|0]
301000958,,1000,958,1,0,[0|0],301000958,0,12,0,1,0,[0|0]
301000959,,1000,959,1,0,[0|0],301000959,0,20,0,1,0,[0|0]
301000960,,1000,960,1,0,[0|0],301000960,0,12,0,1,0,[0|0]
301000961,,1000,961,1,0,[0|0],301000961,0,12,0,1,0,[0|0]
301000962,,1000,962,1,0,[0|0],301000962,0,20,0,1,0,[0|0]
301000963,,1000,963,1,0,[0|0],301000963,0,11,0,1,0,[0|0]
301000964,,1000,964,1,0,[0|0],301000964,0,11,0,1,0,[0|0]
301000965,,1000,965,1,0,[0|0],301000965,0,16,0,1,0,[0|0]
301000966,,1000,966,1,0,[0|0],301000966,0,17,0,1,0,[0|0]
301000967,,1000,967,1,0,[0|0],301000967,0,29,0,1,0,[0|0]
301000968,,1000,968,1,0,[0|0],301000968,0,15,0,1,0,[0|0]
301000969,,1000,969,1,0,[0|0],301000969,0,24,0,1,0,[0|0]
301000980,,1000,980,1,0,[0|0],301000980,0,45,0,1,0,[0|0]
301000981,,1000,981,1,0,[0|0],301000981,0,30,0,1,0,[0|0]
301000982,,1000,982,1,0,[0|0],301000982,0,0,0,1,0,[0|0]
301000983,,1000,983,1,0,[0|0],301000983,0,0,0,1,0,[0|0]
301000984,,1000,984,1,0,[0|0],301000984,0,45,0,1,0,[0|0]
301000985,,1000,985,1,0,[0|0],301000985,0,30,0,1,0,[0|0]
301000986,,1000,986,1,0,[0|0],301000986,0,0,0,1,0,[0|0]
301000987,,1000,987,1,0,[0|0],301000987,0,54,0,1,0,[0|0]
301000988,,1000,988,1,0,[0|0],301000988,0,36,0,1,0,[0|0]
301000989,,1000,989,1,0,[0|0],301000989,0,0,0,1,0,[0|0]
301000990,,1000,990,1,0,[0|0],301000990,0,0,0,1,0,[0|0]
301000991,,1000,991,1,0,[0|0],301000991,0,54,0,1,0,[0|0]
301000992,,1000,992,1,0,[0|0],301000992,0,36,0,1,0,[0|0]
301000993,,1000,993,1,0,[0|0],301000993,0,0,0,1,0,[0|0]
301005900,,1005,900,1,0,[0|0],301005900,0,6,0,12,0,[0|0]
301005901,,1005,901,1,0,[0|0],301005901,0,6,0,12,0,[0|0]
301005902,,1005,902,1,0,[0|0],301005902,0,8,0,12,0,[0|0]
301005903,,1005,903,1,0,[0|0],301005903,0,8,0,12,0,[0|0]
301005904,,1005,904,1,0,[0|0],301005904,0,12,0,12,0,[0|0]
301005905,,1005,905,1,0,[0|0],301005905,0,5,0,12,0,[0|0]
301005906,,1005,906,1,0,[0|0],301005906,0,5,0,12,0,[0|0]
301005910,,1005,910,1,0,[0|0],301005910,0,0,0,0,0,[0|0]
301005915,,1005,915,1,0,[0|0],301005915,0,8,0,12,0,[0|0]
301005916,,1005,916,1,0,[0|0],301005916,0,8,0,12,0,[0|0]
301005917,,1005,917,1,0,[0|0],301005917,0,10,0,12,0,[0|0]
301005918,,1005,918,1,0,[0|0],301005918,0,10,0,12,0,[0|0]
301005919,,1005,919,1,0,[0|0],301005919,0,14,0,12,0,[0|0]
301005920,,1005,920,1,0,[0|0],301005920,0,14,0,12,0,[0|0]
301005921,,1005,921,1,0,[0|0],301005921,0,16,0,12,0,[0|0]
301005925,,1005,925,1,0,[0|0],301005925,0,14,0,12,0,[0|0]
301005926,,1005,926,1,0,[0|0],301005926,0,16,0,12,0,[0|0]
301006900,,1006,900,1,1,[0|0],2850,0,15,0,0,0,[0|0]
301100500,,1100,500,1,0,[0|0],301400800,0,6,0,12,0,[0|0]
301100501,,1100,501,1,0,[0|0],301400801,0,0,0,12,0,[0|0]
301100502,,1100,502,1,0,[0|0],301400802,0,20,0,12,0,[0|0]
301100503,,1100,503,1,0,[0|0],301400803,0,0,0,12,0,[0|0]
301100504,,1100,504,1,0,[0|0],301400804,0,30,0,12,0,[0|0]
301100505,,1100,505,1,0,[0|0],301400805,0,7,0,12,0,[0|0]
301100506,,1100,506,1,0,[0|0],301400806,0,0,0,12,0,[0|0]
301100507,,1100,507,1,0,[0|0],301400807,0,22,0,12,0,[0|0]
301100508,,1100,508,1,0,[0|0],301400808,0,0,0,12,0,[0|0]
301100509,,1100,509,1,0,[0|0],301400809,0,32,0,12,0,[0|0]
301100510,,1100,510,1,0,[0|0],301400810,0,6,0,12,0,[0|0]
301100950,,1100,950,1,0,[0|0],301100950,0,11,0,1,0,[0|0]
301100951,,1100,951,1,0,[0|0],301100951,0,11,0,1,0,[0|0]
301100952,,1100,952,1,0,[0|0],301100952,0,17,0,1,0,[0|0]
301100953,,1100,953,1,0,[0|0],301100953,0,10,0,1,0,[0|0]
301100954,,1100,954,1,0,[0|0],301100954,0,10,0,1,0,[0|0]
301100955,,1100,955,1,0,[0|0],301100955,0,14,0,1,0,[0|0]
301100956,,1100,956,1,0,[0|0],301100956,0,15,0,1,0,[0|0]
301100957,,1100,957,1,0,[0|0],301100957,0,26,0,1,0,[0|0]
301100958,,1100,958,1,0,[0|0],301100958,0,14,0,1,0,[0|0]
301100959,,1100,959,1,0,[0|0],301100959,0,22,0,1,0,[0|0]
301100960,,1100,960,1,0,[0|0],301100960,0,14,0,1,0,[0|0]
301100961,,1100,961,1,0,[0|0],301100961,0,14,0,1,0,[0|0]
301100962,,1100,962,1,0,[0|0],301100962,0,21,0,1,0,[0|0]
301100963,,1100,963,1,0,[0|0],301100963,0,12,0,1,0,[0|0]
301100964,,1100,964,1,0,[0|0],301100964,0,12,0,1,0,[0|0]
301100965,,1100,965,1,0,[0|0],301100965,0,17,0,1,0,[0|0]
301100966,,1100,966,1,0,[0|0],301100966,0,18,0,1,0,[0|0]
301100967,,1100,967,1,0,[0|0],301100967,0,32,0,1,0,[0|0]
301100968,,1100,968,1,0,[0|0],301100968,0,17,0,1,0,[0|0]
301100969,,1100,969,1,0,[0|0],301100969,0,27,0,1,0,[0|0]
301100980,,1100,980,1,0,[0|0],301100980,0,45,0,1,0,[0|0]
301100981,,1100,981,1,0,[0|0],301100981,0,30,0,1,0,[0|0]
301100982,,1100,982,1,0,[0|0],301100982,0,0,0,1,0,[0|0]
301100983,,1100,983,1,0,[0|0],301100983,0,0,0,1,0,[0|0]
301100984,,1100,984,1,0,[0|0],301100984,0,45,0,1,0,[0|0]
301100985,,1100,985,1,0,[0|0],301100985,0,30,0,1,0,[0|0]
301100986,,1100,986,1,0,[0|0],301100986,0,0,0,1,0,[0|0]
301100987,,1100,987,1,0,[0|0],301100987,0,54,0,1,0,[0|0]
301100988,,1100,988,1,0,[0|0],301100988,0,36,0,1,0,[0|0]
301100989,,1100,989,1,0,[0|0],301100989,0,0,0,1,0,[0|0]
301100990,,1100,990,1,0,[0|0],301100990,0,0,0,1,0,[0|0]
301100991,,1100,991,1,0,[0|0],301100991,0,54,0,1,0,[0|0]
301100992,,1100,992,1,0,[0|0],301100992,0,36,0,1,0,[0|0]
301100993,,1100,993,1,0,[0|0],301100993,0,0,0,1,0,[0|0]
301110900,,1110,900,1,1,[0|0],2035,0,10,0,0,0,[0|0]
301110901,,1110,901,1,1,[0|0],2036,0,0,0,0,0,[0|0]
301112900,,1112,900,1,0,[0|0],301112900,0,16,0,12,0,[0|0]
301112901,,1112,901,1,0,[0|0],301112901,0,20,0,12,0,[0|0]
301112905,,1112,905,1,0,[0|0],301112905,0,16,0,12,0,[0|0]
301112906,,1112,906,1,0,[0|0],301112906,0,20,0,12,0,[0|0]
301113900,,1113,900,1,0,[0|0],301113900,0,15,0,0,0,[0|0]
301113901,,1113,901,1,0,[0|0],301113901,0,30,0,12,0,[0|0]
301113905,,1113,905,1,0,[0|0],301113905,0,20,0,0,0,[0|0]
301113906,,1113,906,1,0,[0|0],301113906,0,40,0,12,0,[0|0]
301115900,,1115,900,1,0,[0|0],301115900,0,0,0,0,0,[0|0]
301115901,,1115,901,1,0,[0|0],301115901,0,25,0,12,0,[0|0]
301115910,,1115,910,1,1,[0|0],2075,0,0,0,0,0,[0|0]
301115911,,1115,911,1,1,[0|0],2076,0,0,0,0,0,[0|0]
301115912,,1115,912,1,1,[0|0],2077,0,0,0,0,0,[0|0]
301115913,,1115,913,1,1,[0|0],2078,0,0,0,0,0,[0|0]
301115915,,1115,915,1,0,[0|0],301115915,0,25,0,12,0,[0|0]
301116900,,1116,900,1,1,[0|0],2114,0,30,0,0,0,[0|0]
301117900,,1117,900,1,1,[0|0],2115,0,30,0,0,0,[0|0]
301200900,,1200,900,1,1,[0|0],3910110,0,10,0,0,0,[0|0]
301200901,,1200,901,1,1,[0|0],3910111,0,10,0,0,0,[0|0]
301200902,,1200,902,1,1,[0|0],3910114,0,10,0,0,0,[0|0]
301200950,,1200,950,1,0,[0|0],301200950,0,12,0,1,0,[0|0]
301200951,,1200,951,1,0,[0|0],301200951,0,12,0,1,0,[0|0]
301200952,,1200,952,1,0,[0|0],301200952,0,19,0,1,0,[0|0]
301200953,,1200,953,1,0,[0|0],301200953,0,10,0,1,0,[0|0]
301200954,,1200,954,1,0,[0|0],301200954,0,10,0,1,0,[0|0]
301200955,,1200,955,1,0,[0|0],301200955,0,17,0,1,0,[0|0]
301200956,,1200,956,1,0,[0|0],301200956,0,45,0,1,0,[0|0]
301200958,,1200,958,1,0,[0|0],301200958,0,38,0,1,0,[0|0]
301200960,,1200,960,1,0,[0|0],301200960,0,15,0,1,0,[0|0]
301200961,,1200,961,1,0,[0|0],301200961,0,15,0,1,0,[0|0]
301200962,,1200,962,1,0,[0|0],301200962,0,23,0,1,0,[0|0]
301200963,,1200,963,1,0,[0|0],301200963,0,12,0,1,0,[0|0]
301200964,,1200,964,1,0,[0|0],301200964,0,12,0,1,0,[0|0]
301200965,,1200,965,1,0,[0|0],301200965,0,21,0,1,0,[0|0]
301200966,,1200,966,1,0,[0|0],301200966,0,54,0,1,0,[0|0]
301200968,,1200,968,1,0,[0|0],301200968,0,46,0,1,0,[0|0]
301200980,,1200,980,1,0,[0|0],301200980,0,52,0,1,0,[0|0]
301200981,,1200,981,1,0,[0|0],301200981,0,37,0,1,0,[0|0]
301200982,,1200,982,1,0,[0|0],301200982,0,0,0,1,0,[0|0]
301200983,,1200,983,1,0,[0|0],301200983,0,0,0,1,0,[0|0]
301200984,,1200,984,1,0,[0|0],301200984,0,52,0,1,0,[0|0]
301200985,,1200,985,1,0,[0|0],301200985,0,37,0,1,0,[0|0]
301200986,,1200,986,1,0,[0|0],301200986,0,0,0,1,0,[0|0]
301200987,,1200,987,1,0,[0|0],301200987,0,63,0,1,0,[0|0]
301200988,,1200,988,1,0,[0|0],301200988,0,45,0,1,0,[0|0]
301200989,,1200,989,1,0,[0|0],301200989,0,0,0,1,0,[0|0]
301200990,,1200,990,1,0,[0|0],301200990,0,0,0,1,0,[0|0]
301200991,,1200,991,1,0,[0|0],301200991,0,63,0,1,0,[0|0]
301200992,,1200,992,1,0,[0|0],301200992,0,45,0,1,0,[0|0]
301200993,,1200,993,1,0,[0|0],301200993,0,0,0,1,0,[0|0]
301201900,,1201,900,1,0,[0|0],303400400,0,42,0,12,0,[0|0]
301201901,,1201,901,1,0,[0|0],303400401,0,42,0,12,0,[0|0]
301201905,,1201,905,1,1,[0|0],4300,0,0,0,0,0,[0|0]
301201906,,1201,906,1,1,[0|0],4301,0,0,0,0,0,[0|0]
301201907,,1201,907,1,1,[0|0],4302,0,0,0,0,0,[0|0]
301202900,,1202,900,1,1,[0|0],2116,0,50,0,0,0,[0|0]
301202901,,1202,901,1,0,[0|0],301202901,0,50,0,12,0,[0|0]
301216900,,1216,900,1,1,[0|0],2690,0,10,0,0,0,[0|0]
301216901,,1216,901,1,1,[0|0],2691,0,0,0,0,0,[0|0]
301216902,,1216,902,1,1,[0|0],2692,0,0,0,0,0,[0|0]
301217900,,1217,900,1,0,[0|0],301217900,0,0,0,12,0,[0|0]
301217901,,1217,901,1,0,[0|0],301217901,0,0,0,12,0,[0|0]
301217902,,1217,902,1,0,[0|0],301217902,0,0,0,12,0,[0|0]
301217905,,1217,905,1,1,[0|0],2370,0,30,0,0,0,[0|0]
301217910,,1217,910,1,1,[0|0],2371,0,0,0,0,0,[0|0]
301217911,,1217,911,1,1,[0|0],2372,0,0,0,0,0,[0|0]
301217912,,1217,912,1,1,[0|0],2373,0,0,0,0,0,[0|0]
301217913,,1217,913,1,1,[0|0],2374,0,0,0,0,0,[0|0]
301217914,,1217,914,1,1,[0|0],2375,0,0,0,0,0,[0|0]
301217920,,1217,920,1,0,[0|0],301217920,0,0,0,12,0,[0|0]
301217921,,1217,921,1,0,[0|0],301217921,0,30,0,12,0,[0|0]
301217922,,1217,922,1,0,[0|0],301217922,0,0,0,12,0,[0|0]
301217925,,1217,925,1,0,[0|0],301217925,0,0,0,12,0,[0|0]
301217930,,1217,930,1,0,[0|0],301217930,0,30,0,12,0,[0|0]
301300500,,1300,500,1,0,[0|0],301400800,0,6,0,12,0,[0|0]
301300501,,1300,501,1,0,[0|0],301400801,0,0,0,12,0,[0|0]
301300502,,1300,502,1,0,[0|0],301400802,0,20,0,12,0,[0|0]
301300503,,1300,503,1,0,[0|0],301400803,0,0,0,12,0,[0|0]
301300504,,1300,504,1,0,[0|0],301400804,0,30,0,12,0,[0|0]
301300505,,1300,505,1,0,[0|0],301400805,0,7,0,12,0,[0|0]
301300506,,1300,506,1,0,[0|0],301400806,0,0,0,12,0,[0|0]
301300507,,1300,507,1,0,[0|0],301400807,0,22,0,12,0,[0|0]
301300508,,1300,508,1,0,[0|0],301400808,0,0,0,12,0,[0|0]
301300509,,1300,509,1,0,[0|0],301400809,0,32,0,12,0,[0|0]
301300510,,1300,510,1,0,[0|0],301400810,0,6,0,12,0,[0|0]
301300950,,1300,950,1,0,[0|0],301300950,0,13,0,1,0,[0|0]
301300951,,1300,951,1,0,[0|0],301300951,0,13,0,1,0,[0|0]
301300952,,1300,952,1,0,[0|0],301300952,0,20,0,1,0,[0|0]
301300953,,1300,953,1,0,[0|0],301300953,0,12,0,1,0,[0|0]
301300954,,1300,954,1,0,[0|0],301300954,0,12,0,1,0,[0|0]
301300955,,1300,955,1,0,[0|0],301300955,0,17,0,1,0,[0|0]
301300956,,1300,956,1,0,[0|0],301300956,0,18,0,1,0,[0|0]
301300957,,1300,957,1,0,[0|0],301300957,0,30,0,1,0,[0|0]
301300958,,1300,958,1,0,[0|0],301300958,0,17,0,1,0,[0|0]
301300959,,1300,959,1,0,[0|0],301300959,0,26,0,1,0,[0|0]
301300960,,1300,960,1,0,[0|0],301300960,0,17,0,1,0,[0|0]
301300961,,1300,961,1,0,[0|0],301300961,0,17,0,1,0,[0|0]
301300962,,1300,962,1,0,[0|0],301300962,0,25,0,1,0,[0|0]
301300963,,1300,963,1,0,[0|0],301300963,0,14,0,1,0,[0|0]
301300964,,1300,964,1,0,[0|0],301300964,0,14,0,1,0,[0|0]
301300965,,1300,965,1,0,[0|0],301300965,0,20,0,1,0,[0|0]
301300966,,1300,966,1,0,[0|0],301300966,0,21,0,1,0,[0|0]
301300967,,1300,967,1,0,[0|0],301300967,0,37,0,1,0,[0|0]
301300968,,1300,968,1,0,[0|0],301300968,0,20,0,1,0,[0|0]
301300969,,1300,969,1,0,[0|0],301300969,0,32,0,1,0,[0|0]
301300980,,1300,980,1,0,[0|0],301300980,0,45,0,1,0,[0|0]
301300981,,1300,981,1,0,[0|0],301300981,0,30,0,1,0,[0|0]
301300982,,1300,982,1,0,[0|0],301300982,0,0,0,1,0,[0|0]
301300983,,1300,983,1,0,[0|0],301300983,0,0,0,1,0,[0|0]
301300984,,1300,984,1,0,[0|0],301300984,0,45,0,1,0,[0|0]
301300985,,1300,985,1,0,[0|0],301300985,0,30,0,1,0,[0|0]
301300986,,1300,986,1,0,[0|0],301300986,0,0,0,1,0,[0|0]
301300987,,1300,987,1,0,[0|0],301300987,0,54,0,1,0,[0|0]
301300988,,1300,988,1,0,[0|0],301300988,0,36,0,1,0,[0|0]
301300989,,1300,989,1,0,[0|0],301300989,0,0,0,1,0,[0|0]
301300990,,1300,990,1,0,[0|0],301300990,0,0,0,1,0,[0|0]
301300991,,1300,991,1,0,[0|0],301300991,0,54,0,1,0,[0|0]
301300992,,1300,992,1,0,[0|0],301300992,0,36,0,1,0,[0|0]
301300993,,1300,993,1,0,[0|0],301300993,0,0,0,1,0,[0|0]
301301900,,1301,900,1,0,[0|0],303400900,0,25,0,12,0,[0|0]
301301901,,1301,901,1,1,[0|0],2360,0,0,0,0,0,[0|0]
301301905,,1301,905,1,0,[0|0],303400905,0,25,0,12,0,[0|0]
301302900,,1302,900,1,1,[0|0],2020,0,0,0,0,0,[0|0]
301302901,,1302,901,1,1,[0|0],2021,0,0,0,0,0,[0|0]
301302902,,1302,902,1,1,[0|0],2022,0,0,0,0,0,[0|0]
301302903,,1302,903,1,1,[0|0],2023,0,0,0,0,0,[0|0]
301302904,,1302,904,1,1,[0|0],2024,0,0,0,0,0,[0|0]
301302905,,1302,905,1,1,[0|0],2025,0,0,0,0,0,[0|0]
301400500,,1400,500,1,0,[0|0],301400800,0,6,0,12,0,[0|0]
301400501,,1400,501,1,0,[0|0],301400801,0,0,0,12,0,[0|0]
301400502,,1400,502,1,0,[0|0],301400802,0,20,0,12,0,[0|0]
301400503,,1400,503,1,0,[0|0],301400803,0,0,0,12,0,[0|0]
301400504,,1400,504,1,0,[0|0],301400804,0,30,0,12,0,[0|0]
301400505,,1400,505,1,0,[0|0],301400805,0,7,0,12,0,[0|0]
301400506,,1400,506,1,0,[0|0],301400806,0,0,0,12,0,[0|0]
301400507,,1400,507,1,0,[0|0],301400807,0,22,0,12,0,[0|0]
301400508,,1400,508,1,0,[0|0],301400808,0,0,0,12,0,[0|0]
301400509,,1400,509,1,0,[0|0],301400809,0,32,0,12,0,[0|0]
301400510,,1400,510,1,0,[0|0],301400810,0,6,0,12,0,[0|0]
301400950,,1400,950,1,0,[0|0],301400950,0,11,0,1,0,[0|0]
301400951,,1400,951,1,0,[0|0],301400951,0,11,0,1,0,[0|0]
301400952,,1400,952,1,0,[0|0],301400952,0,17,0,1,0,[0|0]
301400953,,1400,953,1,0,[0|0],301400953,0,10,0,1,0,[0|0]
301400954,,1400,954,1,0,[0|0],301400954,0,10,0,1,0,[0|0]
301400955,,1400,955,1,0,[0|0],301400955,0,14,0,1,0,[0|0]
301400956,,1400,956,1,0,[0|0],301400956,0,15,0,1,0,[0|0]
301400957,,1400,957,1,0,[0|0],301400957,0,26,0,1,0,[0|0]
301400958,,1400,958,1,0,[0|0],301400958,0,14,0,1,0,[0|0]
301400959,,1400,959,1,0,[0|0],301400959,0,22,0,1,0,[0|0]
301400960,,1400,960,1,0,[0|0],301400960,0,14,0,1,0,[0|0]
301400961,,1400,961,1,0,[0|0],301400961,0,14,0,1,0,[0|0]
301400962,,1400,962,1,0,[0|0],301400962,0,21,0,1,0,[0|0]
301400963,,1400,963,1,0,[0|0],301400963,0,12,0,1,0,[0|0]
301400964,,1400,964,1,0,[0|0],301400964,0,12,0,1,0,[0|0]
301400965,,1400,965,1,0,[0|0],301400965,0,17,0,1,0,[0|0]
301400966,,1400,966,1,0,[0|0],301400966,0,18,0,1,0,[0|0]
301400967,,1400,967,1,0,[0|0],301400967,0,32,0,1,0,[0|0]
301400968,,1400,968,1,0,[0|0],301400968,0,17,0,1,0,[0|0]
301400969,,1400,969,1,0,[0|0],301400969,0,27,0,1,0,[0|0]
301400980,,1400,980,1,0,[0|0],301400980,0,45,0,1,0,[0|0]
301400981,,1400,981,1,0,[0|0],301400981,0,30,0,1,0,[0|0]
301400982,,1400,982,1,0,[0|0],301400982,0,0,0,1,0,[0|0]
301400983,,1400,983,1,0,[0|0],301400983,0,0,0,1,0,[0|0]
301400984,,1400,984,1,0,[0|0],301400984,0,45,0,1,0,[0|0]
301400985,,1400,985,1,0,[0|0],301400985,0,30,0,1,0,[0|0]
301400986,,1400,986,1,0,[0|0],301400986,0,0,0,1,0,[0|0]
301400987,,1400,987,1,0,[0|0],301400987,0,54,0,1,0,[0|0]
301400988,,1400,988,1,0,[0|0],301400988,0,36,0,1,0,[0|0]
301400989,,1400,989,1,0,[0|0],301400989,0,0,0,1,0,[0|0]
301400990,,1400,990,1,0,[0|0],301400990,0,0,0,1,0,[0|0]
301400991,,1400,991,1,0,[0|0],301400991,0,54,0,1,0,[0|0]
301400992,,1400,992,1,0,[0|0],301400992,0,36,0,1,0,[0|0]
301400993,,1400,993,1,0,[0|0],301400993,0,0,0,1,0,[0|0]
301412900,,1412,900,1,1,[0|0],2870,0,0,0,0,0,[0|0]
301412901,,1412,901,1,1,[0|0],2871,0,0,0,0,0,[0|0]
301412902,,1412,902,1,1,[0|0],2872,0,0,0,0,0,[0|0]
301412903,,1412,903,1,1,[0|0],2873,0,0,0,0,0,[0|0]
301412904,,1412,904,1,1,[0|0],2874,0,0,0,0,0,[0|0]
301412910,,1412,910,1,1,[0|0],2875,0,0,0,0,0,[0|0]
301412911,,1412,911,1,1,[0|0],2876,0,0,0,0,0,[0|0]
301412940,,1412,940,1,0,[0|0],301412940,0,20,0,12,0,[0|0]
301412945,,1412,945,1,0,[0|0],301412945,0,20,0,12,0,[0|0]
301414900,,1414,900,1,0,[0|0],301414900,0,7,0,12,0,[0|0]
301414901,,1414,901,1,0,[0|0],301414901,0,7,0,12,0,[0|0]
301414902,,1414,902,1,0,[0|0],301414902,0,7,0,12,0,[0|0]
301414905,,1414,905,1,1,[0|0],2830,0,0,0,12,0,[0|0]
301414906,,1414,906,1,1,[0|0],2831,0,0,0,12,0,[0|0]
301414907,,1414,907,1,1,[0|0],2832,0,0,0,12,0,[0|0]
301414910,,1414,910,1,0,[0|0],301414910,0,7,0,12,0,[0|0]
301414911,,1414,911,1,0,[0|0],301414911,0,7,0,12,0,[0|0]
301414912,,1414,912,1,0,[0|0],301414912,0,7,0,12,0,[0|0]
301414915,,1414,915,1,0,[0|0],301414915,0,7,0,12,0,[0|0]
301414916,,1414,916,1,0,[0|0],301414916,0,7,0,12,0,[0|0]
301414920,,1414,920,1,1,[0|0],2833,0,0,0,12,0,[0|0]
301414921,,1414,921,1,1,[0|0],2834,0,0,0,12,0,[0|0]
301414925,,1414,925,1,0,[0|0],301414925,0,7,0,12,0,[0|0]
301414926,,1414,926,1,0,[0|0],301414926,0,7,0,12,0,[0|0]
301414930,,1414,930,1,0,[0|0],301414930,0,7,0,12,0,[0|0]
301414931,,1414,931,1,0,[0|0],301414931,0,9,0,12,0,[0|0]
301414935,,1414,935,1,1,[0|0],2835,0,0,0,12,0,[0|0]
301414936,,1414,936,1,1,[0|0],2836,0,0,0,12,0,[0|0]
301414940,,1414,940,1,0,[0|0],301414940,0,7,0,12,0,[0|0]
301414941,,1414,941,1,0,[0|0],301414941,0,3,0,12,0,[0|0]
301500950,,1500,950,1,0,[0|0],301500950,0,12,0,1,0,[0|0]
301500951,,1500,951,1,0,[0|0],301500951,0,12,0,1,0,[0|0]
301500952,,1500,952,1,0,[0|0],301500952,0,19,0,1,0,[0|0]
301500953,,1500,953,1,0,[0|0],301500953,0,10,0,1,0,[0|0]
301500954,,1500,954,1,0,[0|0],301500954,0,10,0,1,0,[0|0]
301500955,,1500,955,1,0,[0|0],301500955,0,17,0,1,0,[0|0]
301500956,,1500,956,1,0,[0|0],301500956,0,45,0,1,0,[0|0]
301500958,,1500,958,1,0,[0|0],301500958,0,38,0,1,0,[0|0]
301500960,,1500,960,1,0,[0|0],301500960,0,15,0,1,0,[0|0]
301500961,,1500,961,1,0,[0|0],301500961,0,15,0,1,0,[0|0]
301500962,,1500,962,1,0,[0|0],301500962,0,23,0,1,0,[0|0]
301500963,,1500,963,1,0,[0|0],301500963,0,12,0,1,0,[0|0]
301500964,,1500,964,1,0,[0|0],301500964,0,12,0,1,0,[0|0]
301500965,,1500,965,1,0,[0|0],301500965,0,21,0,1,0,[0|0]
301500966,,1500,966,1,0,[0|0],301500966,0,54,0,1,0,[0|0]
301500968,,1500,968,1,0,[0|0],301500968,0,46,0,1,0,[0|0]
301500980,,1500,980,1,0,[0|0],301500980,0,53,0,1,0,[0|0]
301500981,,1500,981,1,0,[0|0],301500981,0,38,0,1,0,[0|0]
301500982,,1500,982,1,0,[0|0],301500982,0,0,0,1,0,[0|0]
301500983,,1500,983,1,0,[0|0],301500983,0,0,0,1,0,[0|0]
301500984,,1500,984,1,0,[0|0],301500984,0,53,0,1,0,[0|0]
301500985,,1500,985,1,0,[0|0],301500985,0,38,0,1,0,[0|0]
301500986,,1500,986,1,0,[0|0],301500986,0,0,0,1,0,[0|0]
301500987,,1500,987,1,0,[0|0],301500987,0,64,0,1,0,[0|0]
301500988,,1500,988,1,0,[0|0],301500988,0,46,0,1,0,[0|0]
301500989,,1500,989,1,0,[0|0],301500989,0,0,0,1,0,[0|0]
301500990,,1500,990,1,0,[0|0],301500990,0,0,0,1,0,[0|0]
301500991,,1500,991,1,0,[0|0],301500991,0,64,0,1,0,[0|0]
301500992,,1500,992,1,0,[0|0],301500992,0,46,0,1,0,[0|0]
301500993,,1500,993,1,0,[0|0],301500993,0,0,0,1,0,[0|0]
301504900,,1504,900,1,0,[0|0],301504900,0,20,0,12,0,[0|0]
301504905,,1504,905,1,1,[0|0],2225,0,0,0,0,0,[0|0]
301504906,,1504,906,1,1,[0|0],2226,0,0,0,0,0,[0|0]
301504907,,1504,907,1,1,[0|0],2227,0,0,0,0,0,[0|0]
301504908,,1504,908,1,1,[0|0],2228,0,0,0,0,0,[0|0]
301504910,,1504,910,1,0,[0|0],301504910,0,20,0,12,0,[0|0]
301504915,,1504,915,1,1,[0|0],2229,0,0,0,0,0,[0|0]
301504916,,1504,916,1,1,[0|0],2230,0,0,0,0,0,[0|0]
301504917,,1504,917,1,1,[0|0],2231,0,0,0,0,0,[0|0]
301504918,,1504,918,1,1,[0|0],2232,0,0,0,0,0,[0|0]
301504920,,1504,920,1,0,[0|0],301504920,0,20,0,12,0,[0|0]
301504925,,1504,925,1,1,[0|0],2233,0,0,0,0,0,[0|0]
301504926,,1504,926,1,1,[0|0],2234,0,0,0,0,0,[0|0]
301504927,,1504,927,1,1,[0|0],2235,0,0,0,0,0,[0|0]
301504928,,1504,928,1,1,[0|0],2236,0,0,0,0,0,[0|0]
301504930,,1504,930,1,0,[0|0],301504930,0,20,0,12,0,[0|0]
301504935,,1504,935,1,0,[0|0],301504935,0,20,0,12,0,[0|0]
301504940,,1504,940,1,0,[0|0],301504940,0,20,0,12,0,[0|0]
301511900,,1511,900,1,1,[0|0],2065,0,0,0,0,0,[0|0]
301600441,,1600,441,1,0,[0|0],301600441,0,15,0,12,0,[0|0]
301600442,,1600,442,1,0,[0|0],301600442,0,20,0,12,0,[0|0]
301600443,,1600,443,1,0,[0|0],301600443,0,15,0,12,0,[0|0]
301600444,,1600,444,1,0,[0|0],301600444,0,20,0,12,0,[0|0]
301600731,,1600,731,1,0,[0|0],301600735,0,15,0,12,0,[0|0]
301600732,,1600,732,1,0,[0|0],301600736,0,20,0,12,0,[0|0]
301600735,,1600,735,1,0,[0|0],301600737,0,15,0,12,0,[0|0]
301600736,,1600,736,1,0,[0|0],301600738,0,20,0,12,0,[0|0]
301600950,,1600,950,1,0,[0|0],301600950,0,11,0,1,0,[0|0]
301600951,,1600,951,1,0,[0|0],301600951,0,11,0,1,0,[0|0]
301600952,,1600,952,1,0,[0|0],301600952,0,18,0,1,0,[0|0]
301600953,,1600,953,1,0,[0|0],301600953,0,9,0,1,0,[0|0]
301600954,,1600,954,1,0,[0|0],301600954,0,9,0,1,0,[0|0]
301600955,,1600,955,1,0,[0|0],301600955,0,16,0,1,0,[0|0]
301600956,,1600,956,1,0,[0|0],301600956,0,42,0,1,0,[0|0]
301600958,,1600,958,1,0,[0|0],301600958,0,36,0,1,0,[0|0]
301600960,,1600,960,1,0,[0|0],301600960,0,14,0,1,0,[0|0]
301600961,,1600,961,1,0,[0|0],301600961,0,14,0,1,0,[0|0]
301600962,,1600,962,1,0,[0|0],301600962,0,22,0,1,0,[0|0]
301600963,,1600,963,1,0,[0|0],301600963,0,11,0,1,0,[0|0]
301600964,,1600,964,1,0,[0|0],301600964,0,11,0,1,0,[0|0]
301600965,,1600,965,1,0,[0|0],301600965,0,20,0,1,0,[0|0]
301600966,,1600,966,1,0,[0|0],301600966,0,51,0,1,0,[0|0]
301600968,,1600,968,1,0,[0|0],301600968,0,44,0,1,0,[0|0]
301600980,,1600,980,1,0,[0|0],301600980,0,50,0,1,0,[0|0]
301600981,,1600,981,1,0,[0|0],301600981,0,35,0,1,0,[0|0]
301600982,,1600,982,1,0,[0|0],301600982,0,0,0,1,0,[0|0]
301600983,,1600,983,1,0,[0|0],301600983,0,0,0,1,0,[0|0]
301600984,,1600,984,1,0,[0|0],301600984,0,50,0,1,0,[0|0]
301600985,,1600,985,1,0,[0|0],301600985,0,35,0,1,0,[0|0]
301600986,,1600,986,1,0,[0|0],301600986,0,0,0,1,0,[0|0]
301600987,,1600,987,1,0,[0|0],301600987,0,60,0,1,0,[0|0]
301600988,,1600,988,1,0,[0|0],301600988,0,42,0,1,0,[0|0]
301600989,,1600,989,1,0,[0|0],301600989,0,0,0,1,0,[0|0]
301600990,,1600,990,1,0,[0|0],301600990,0,0,0,1,0,[0|0]
301600991,,1600,991,1,0,[0|0],301600991,0,60,0,1,0,[0|0]
301600992,,1600,992,1,0,[0|0],301600992,0,42,0,1,0,[0|0]
301600993,,1600,993,1,0,[0|0],301600993,0,0,0,1,0,[0|0]
301602900,,1602,900,1,1,[0|0],2940,0,30,0,0,0,[0|0]
301602901,,1602,901,1,1,[0|0],2941,0,40,0,0,0,[0|0]
301604900,,1604,900,1,0,[0|0],301604900,0,35,0,12,0,[0|0]
301604901,,1604,901,1,1,[0|0],2910,0,0,0,0,0,[0|0]
301604902,,1604,902,1,0,[0|0],303400005,0,30,0,12,0,[0|0]
301604903,,1604,903,1,0,[0|0],303400006,0,40,0,12,0,[0|0]
301604905,,1604,905,1,0,[0|0],301604905,0,50,0,12,0,[0|0]
301612900,,1612,900,1,0,[0|0],301612900,0,10,0,12,0,[0|0]
301612905,,1612,905,1,1,[0|0],2325,0,25,0,0,0,[0|0]
301612906,,1612,906,1,1,[0|0],2326,0,0,0,0,0,[0|0]
301612907,,1612,907,1,1,[0|0],2327,0,0,0,0,0,[0|0]
301612908,,1612,908,1,1,[0|0],2328,0,0,0,0,0,[0|0]
301612909,,1612,909,1,1,[0|0],2329,0,0,0,0,0,[0|0]
301612910,,1612,910,1,1,[0|0],2330,0,0,0,0,0,[0|0]
301612911,,1612,911,1,1,[0|0],2331,0,0,0,0,0,[0|0]
301612915,,1612,915,1,0,[0|0],301612915,0,25,0,12,0,[0|0]
301700441,,1700,441,1,0,[0|0],301700441,0,15,0,12,0,[0|0]
301700442,,1700,442,1,0,[0|0],301700442,0,20,0,12,0,[0|0]
301700443,,1700,443,1,0,[0|0],301700443,0,15,0,12,0,[0|0]
301700444,,1700,444,1,0,[0|0],301700444,0,20,0,12,0,[0|0]
301700950,,1700,950,1,0,[0|0],301700950,0,12,0,1,0,[0|0]
301700951,,1700,951,1,0,[0|0],301700951,0,12,0,1,0,[0|0]
301700952,,1700,952,1,0,[0|0],301700952,0,20,0,1,0,[0|0]
301700953,,1700,953,1,0,[0|0],301700953,0,10,0,1,0,[0|0]
301700954,,1700,954,1,0,[0|0],301700954,0,10,0,1,0,[0|0]
301700955,,1700,955,1,0,[0|0],301700955,0,18,0,1,0,[0|0]
301700956,,1700,956,1,0,[0|0],301700956,0,48,0,1,0,[0|0]
301700958,,1700,958,1,0,[0|0],301700958,0,41,0,1,0,[0|0]
301700960,,1700,960,1,0,[0|0],301700960,0,15,0,1,0,[0|0]
301700961,,1700,961,1,0,[0|0],301700961,0,15,0,1,0,[0|0]
301700962,,1700,962,1,0,[0|0],301700962,0,24,0,1,0,[0|0]
301700963,,1700,963,1,0,[0|0],301700963,0,12,0,1,0,[0|0]
301700964,,1700,964,1,0,[0|0],301700964,0,12,0,1,0,[0|0]
301700965,,1700,965,1,0,[0|0],301700965,0,22,0,1,0,[0|0]
301700966,,1700,966,1,0,[0|0],301700966,0,58,0,1,0,[0|0]
301700968,,1700,968,1,0,[0|0],301700968,0,50,0,1,0,[0|0]
301700980,,1700,980,1,0,[0|0],301700980,0,53,0,1,0,[0|0]
301700981,,1700,981,1,0,[0|0],301700981,0,38,0,1,0,[0|0]
301700982,,1700,982,1,0,[0|0],301700982,0,0,0,1,0,[0|0]
301700983,,1700,983,1,0,[0|0],301700983,0,0,0,1,0,[0|0]
301700984,,1700,984,1,0,[0|0],301700984,0,53,0,1,0,[0|0]
301700985,,1700,985,1,0,[0|0],301700985,0,38,0,1,0,[0|0]
301700986,,1700,986,1,0,[0|0],301700986,0,0,0,1,0,[0|0]
301700987,,1700,987,1,0,[0|0],301700987,0,64,0,1,0,[0|0]
301700988,,1700,988,1,0,[0|0],301700988,0,46,0,1,0,[0|0]
301700989,,1700,989,1,0,[0|0],301700989,0,0,0,1,0,[0|0]
301700990,,1700,990,1,0,[0|0],301700990,0,0,0,1,0,[0|0]
301700991,,1700,991,1,0,[0|0],301700991,0,64,0,1,0,[0|0]
301700992,,1700,992,1,0,[0|0],301700992,0,46,0,1,0,[0|0]
301700993,,1700,993,1,0,[0|0],301700993,0,0,0,1,0,[0|0]
301702900,,1702,900,1,0,[0|0],301702900,0,40,0,12,0,[0|0]
301702905,,1702,905,1,1,[0|0],2380,0,0,0,0,0,[0|0]
301702910,,1702,910,1,1,[0|0],2381,0,0,0,0,0,[0|0]
301702915,,1702,915,1,0,[0|0],301702915,0,40,0,12,0,[0|0]
301702920,,1702,920,1,1,[0|0],2382,0,0,0,0,0,[0|0]
301702925,,1702,925,1,0,[0|0],301702925,0,40,0,12,0,[0|0]
301702930,,1702,930,1,0,[0|0],301702930,0,40,0,12,0,[0|0]
301703900,,1703,900,1,0,[0|0],301703900,0,30,0,12,0,[0|0]
301703901,,1703,901,1,0,[0|0],301703901,0,40,0,12,0,[0|0]
301703905,,1703,905,1,0,[0|0],301703905,0,20,0,12,0,[0|0]
301703950,,1703,950,1,0,[0|0],301703950,0,30,0,12,0,[0|0]
301703951,,1703,951,1,0,[0|0],301703951,0,40,0,12,0,[0|0]
301703955,,1703,955,1,0,[0|0],301703955,0,20,0,12,0,[0|0]
301703970,,1703,970,1,0,[0|0],301703970,0,40,0,12,0,[0|0]
301703971,,1703,971,1,0,[0|0],301703971,0,20,0,12,0,[0|0]
301703975,,1703,975,1,0,[0|0],301703975,0,40,0,12,0,[0|0]
301705900,,1705,900,1,0,[0|0],301705900,0,40,0,12,0,[0|0]
301705901,,1705,901,1,1,[0|0],2745,0,0,0,0,0,[0|0]
301705902,,1705,902,1,1,[0|0],2746,0,0,0,0,0,[0|0]
301705905,,1705,905,1,1,[0|0],2747,0,0,0,0,0,[0|0]
301705906,,1705,906,1,1,[0|0],2748,0,0,0,0,0,[0|0]
301705907,,1705,907,1,1,[0|0],2749,0,0,0,0,0,[0|0]
301705920,,1705,920,1,0,[0|0],301705920,0,0,0,0,0,[0|0]
301705925,,1705,925,1,0,[0|0],301705925,0,40,0,12,0,[0|0]
301711900,,1711,900,1,0,[0|0],301711900,0,0,0,12,0,[0|0]
301711905,,1711,905,1,1,[0|0],2335,0,25,0,12,0,[0|0]
301711906,,1711,906,1,1,[0|0],2336,0,0,0,12,0,[0|0]
301711910,,1711,910,1,0,[0|0],301711910,0,0,0,12,0,[0|0]
301711915,,1711,915,1,1,[0|0],2337,0,25,0,12,0,[0|0]
301711916,,1711,916,1,1,[0|0],2338,0,0,0,12,0,[0|0]
301711920,,1711,920,1,0,[0|0],301711920,0,0,0,12,0,[0|0]
301711925,,1711,925,1,1,[0|0],2339,0,25,0,12,0,[0|0]
301711926,,1711,926,1,1,[0|0],2340,0,0,0,12,0,[0|0]
301711935,,1711,935,1,0,[0|0],301711935,0,25,0,12,0,[0|0]
301711940,,1711,940,1,0,[0|0],301711940,0,25,0,12,0,[0|0]
301711945,,1711,945,1,0,[0|0],301711945,0,25,0,12,0,[0|0]
301800441,,1800,441,1,0,[0|0],301800441,0,15,0,12,0,[0|0]
301800442,,1800,442,1,0,[0|0],301800442,0,20,0,12,0,[0|0]
301800443,,1800,443,1,0,[0|0],301800443,0,15,0,12,0,[0|0]
301800444,,1800,444,1,0,[0|0],301800444,0,20,0,12,0,[0|0]
301800950,,1800,950,1,0,[0|0],301800950,0,11,0,1,0,[0|0]
301800951,,1800,951,1,0,[0|0],301800951,0,11,0,1,0,[0|0]
301800952,,1800,952,1,0,[0|0],301800952,0,20,0,1,0,[0|0]
301800953,,1800,953,1,0,[0|0],301800953,0,9,0,1,0,[0|0]
301800954,,1800,954,1,0,[0|0],301800954,0,9,0,1,0,[0|0]
301800955,,1800,955,1,0,[0|0],301800955,0,18,0,1,0,[0|0]
301800956,,1800,956,1,0,[0|0],301800956,0,44,0,1,0,[0|0]
301800958,,1800,958,1,0,[0|0],301800958,0,38,0,1,0,[0|0]
301800960,,1800,960,1,0,[0|0],301800960,0,14,0,1,0,[0|0]
301800961,,1800,961,1,0,[0|0],301800961,0,14,0,1,0,[0|0]
301800962,,1800,962,1,0,[0|0],301800962,0,24,0,1,0,[0|0]
301800963,,1800,963,1,0,[0|0],301800963,0,11,0,1,0,[0|0]
301800964,,1800,964,1,0,[0|0],301800964,0,11,0,1,0,[0|0]
301800965,,1800,965,1,0,[0|0],301800965,0,22,0,1,0,[0|0]
301800966,,1800,966,1,0,[0|0],301800966,0,53,0,1,0,[0|0]
301800968,,1800,968,1,0,[0|0],301800968,0,46,0,1,0,[0|0]
301800980,,1800,980,1,0,[0|0],301800980,0,50,0,1,0,[0|0]
301800981,,1800,981,1,0,[0|0],301800981,0,35,0,1,0,[0|0]
301800982,,1800,982,1,0,[0|0],301800982,0,0,0,1,0,[0|0]
301800983,,1800,983,1,0,[0|0],301800983,0,0,0,1,0,[0|0]
301800984,,1800,984,1,0,[0|0],301800984,0,50,0,1,0,[0|0]
301800985,,1800,985,1,0,[0|0],301800985,0,35,0,1,0,[0|0]
301800986,,1800,986,1,0,[0|0],301800986,0,0,0,1,0,[0|0]
301800987,,1800,987,1,0,[0|0],301800987,0,60,0,1,0,[0|0]
301800988,,1800,988,1,0,[0|0],301800988,0,42,0,1,0,[0|0]
301800989,,1800,989,1,0,[0|0],301800989,0,0,0,1,0,[0|0]
301800990,,1800,990,1,0,[0|0],301800990,0,0,0,1,0,[0|0]
301800991,,1800,991,1,0,[0|0],301800991,0,60,0,1,0,[0|0]
301800992,,1800,992,1,0,[0|0],301800992,0,42,0,1,0,[0|0]
301800993,,1800,993,1,0,[0|0],301800993,0,0,0,1,0,[0|0]
301804900,,1804,900,1,1,[0|0],2710,0,10,0,12,0,[0|0]
301810900,,1810,900,1,0,[0|0],301810900,0,0,0,12,0,[0|0]
301810905,,1810,905,1,0,[0|0],301810905,0,15,0,12,0,[0|0]
301810906,,1810,906,1,0,[0|0],301810906,0,20,0,12,0,[0|0]
301810910,,1810,910,1,0,[0|0],301810910,0,15,0,12,0,[0|0]
301810911,,1810,911,1,0,[0|0],301810911,0,20,0,12,0,[0|0]
301811901,,1811,901,1,1,[0|0],2723,0,0,0,0,0,[0|0]
301900441,,1900,441,1,0,[0|0],301900441,0,15,0,12,0,[0|0]
301900442,,1900,442,1,0,[0|0],301900442,0,20,0,12,0,[0|0]
301900443,,1900,443,1,0,[0|0],301900443,0,15,0,12,0,[0|0]
301900444,,1900,444,1,0,[0|0],301900444,0,20,0,12,0,[0|0]
301900950,,1900,950,1,0,[0|0],301900950,0,11,0,1,0,[0|0]
301900951,,1900,951,1,0,[0|0],301900951,0,11,0,1,0,[0|0]
301900952,,1900,952,1,0,[0|0],301900952,0,20,0,1,0,[0|0]
301900953,,1900,953,1,0,[0|0],301900953,0,9,0,1,0,[0|0]
301900954,,1900,954,1,0,[0|0],301900954,0,9,0,1,0,[0|0]
301900955,,1900,955,1,0,[0|0],301900955,0,18,0,1,0,[0|0]
301900956,,1900,956,1,0,[0|0],301900956,0,44,0,1,0,[0|0]
301900958,,1900,958,1,0,[0|0],301900958,0,38,0,1,0,[0|0]
301900960,,1900,960,1,0,[0|0],301900960,0,14,0,1,0,[0|0]
301900961,,1900,961,1,0,[0|0],301900961,0,14,0,1,0,[0|0]
301900962,,1900,962,1,0,[0|0],301900962,0,24,0,1,0,[0|0]
301900963,,1900,963,1,0,[0|0],301900963,0,11,0,1,0,[0|0]
301900964,,1900,964,1,0,[0|0],301900964,0,11,0,1,0,[0|0]
301900965,,1900,965,1,0,[0|0],301900965,0,22,0,1,0,[0|0]
301900966,,1900,966,1,0,[0|0],301900966,0,53,0,1,0,[0|0]
301900968,,1900,968,1,0,[0|0],301900968,0,46,0,1,0,[0|0]
301900980,,1900,980,1,0,[0|0],301900980,0,50,0,1,0,[0|0]
301900981,,1900,981,1,0,[0|0],301900981,0,35,0,1,0,[0|0]
301900982,,1900,982,1,0,[0|0],301900982,0,0,0,1,0,[0|0]
301900983,,1900,983,1,0,[0|0],301900983,0,0,0,1,0,[0|0]
301900984,,1900,984,1,0,[0|0],301900984,0,50,0,1,0,[0|0]
301900985,,1900,985,1,0,[0|0],301900985,0,35,0,1,0,[0|0]
301900986,,1900,986,1,0,[0|0],301900986,0,0,0,1,0,[0|0]
301900987,,1900,987,1,0,[0|0],301900987,0,60,0,1,0,[0|0]
301900988,,1900,988,1,0,[0|0],301900988,0,42,0,1,0,[0|0]
301900989,,1900,989,1,0,[0|0],301900989,0,0,0,1,0,[0|0]
301900990,,1900,990,1,0,[0|0],301900990,0,0,0,1,0,[0|0]
301900991,,1900,991,1,0,[0|0],301900991,0,60,0,1,0,[0|0]
301900992,,1900,992,1,0,[0|0],301900992,0,42,0,1,0,[0|0]
301900993,,1900,993,1,0,[0|0],301900993,0,0,0,1,0,[0|0]
301902900,,1902,900,1,0,[0|0],301902900,0,0,0,12,0,[0|0]
301902901,,1902,901,1,1,[0|0],2760,0,20,0,0,0,[0|0]
301902902,,1902,902,1,1,[0|0],2761,0,0,0,0,0,[0|0]
301902905,,1902,905,1,0,[0|0],301902905,0,20,0,12,0,[0|0]
301902910,,1902,910,1,0,[0|0],301902910,0,0,0,12,0,[0|0]
301902911,,1902,911,1,1,[0|0],2762,0,20,0,0,0,[0|0]
301902912,,1902,912,1,1,[0|0],2763,0,0,0,0,0,[0|0]
301902915,,1902,915,1,0,[0|0],301902915,0,20,0,12,0,[0|0]
301902920,,1902,920,1,0,[0|0],301902920,0,0,0,12,0,[0|0]
301902921,,1902,921,1,1,[0|0],2764,0,20,0,0,0,[0|0]
301902922,,1902,922,1,1,[0|0],2765,0,0,0,0,0,[0|0]
301902925,,1902,925,1,0,[0|0],301902925,0,20,0,12,0,[0|0]
301906900,,1906,900,1,0,[0|0],301906900,0,18,0,12,0,[0|0]
301906901,,1906,901,1,0,[0|0],301906901,0,21,0,12,0,[0|0]
301906902,,1906,902,1,0,[0|0],301906902,0,0,0,12,0,[0|0]
301906905,,1906,905,1,0,[0|0],301906905,0,18,0,12,0,[0|0]
301906906,,1906,906,1,0,[0|0],301906906,0,21,0,12,0,[0|0]
302003900,,2003,900,1,0,[0|0],302003900,0,10,0,12,0,[0|0]
302003901,,2003,901,1,0,[0|0],302003901,0,10,0,12,0,[0|0]
302003902,,2003,902,1,0,[0|0],302003902,0,10,0,12,0,[0|0]
302003903,,2003,903,1,0,[0|0],302003903,0,10,0,12,0,[0|0]
302003904,,2003,904,1,0,[0|0],302003904,0,13,0,12,0,[0|0]
302003905,,2003,905,1,1,[0|0],2705,0,0,0,0,0,[0|0]
302003906,,2003,906,1,1,[0|0],2706,0,0,0,0,0,[0|0]
302003910,,2003,910,1,0,[0|0],302003910,0,10,0,12,0,[0|0]
302003911,,2003,911,1,0,[0|0],302003911,0,10,0,12,0,[0|0]
302003912,,2003,912,1,0,[0|0],302003912,0,10,0,12,0,[0|0]
302003913,,2003,913,1,0,[0|0],302003913,0,10,0,12,0,[0|0]
302003914,,2003,914,1,0,[0|0],302003914,0,13,0,12,0,[0|0]
302006900,,2006,900,1,0,[0|0],302006900,0,20,0,12,0,[0|0]
302006901,,2006,901,1,0,[0|0],302006901,0,10,0,12,0,[0|0]
302006902,,2006,902,1,0,[0|0],302006902,0,10,0,12,0,[0|0]
302006903,,2006,903,1,0,[0|0],302006903,0,10,0,12,0,[0|0]
302006904,,2006,904,1,0,[0|0],302006904,0,20,0,12,0,[0|0]
302006910,,2006,910,1,0,[0|0],302006910,0,20,0,12,0,[0|0]
302006911,,2006,911,1,0,[0|0],302006911,0,10,0,12,0,[0|0]
302006912,,2006,912,1,0,[0|0],302006912,0,10,0,12,0,[0|0]
302006913,,2006,913,1,0,[0|0],302006913,0,10,0,12,0,[0|0]
302006914,,2006,914,1,0,[0|0],302006914,0,20,0,12,0,[0|0]
302100950,,2100,950,1,0,[0|0],302100950,0,7,0,1,0,[0|0]
302100951,,2100,951,1,0,[0|0],302100951,0,7,0,1,0,[0|0]
302100952,,2100,952,1,0,[0|0],302100952,0,12,0,1,0,[0|0]
302100953,,2100,953,1,0,[0|0],302100953,0,6,0,1,0,[0|0]
302100954,,2100,954,1,0,[0|0],302100954,0,6,0,1,0,[0|0]
302100955,,2100,955,1,0,[0|0],302100955,0,10,0,1,0,[0|0]
302100956,,2100,956,1,0,[0|0],302100956,0,10,0,1,0,[0|0]
302100957,,2100,957,1,0,[0|0],302100957,0,18,0,1,0,[0|0]
302100958,,2100,958,1,0,[0|0],302100958,0,8,0,1,0,[0|0]
302100959,,2100,959,1,0,[0|0],302100959,0,16,0,1,0,[0|0]
302100960,,2100,960,1,0,[0|0],302100960,0,9,0,1,0,[0|0]
302100961,,2100,961,1,0,[0|0],302100961,0,9,0,1,0,[0|0]
302100962,,2100,962,1,0,[0|0],302100962,0,15,0,1,0,[0|0]
302100963,,2100,963,1,0,[0|0],302100963,0,8,0,1,0,[0|0]
302100964,,2100,964,1,0,[0|0],302100964,0,8,0,1,0,[0|0]
302100965,,2100,965,1,0,[0|0],302100965,0,12,0,1,0,[0|0]
302100966,,2100,966,1,0,[0|0],302100966,0,12,0,1,0,[0|0]
302100967,,2100,967,1,0,[0|0],302100967,0,22,0,1,0,[0|0]
302100968,,2100,968,1,0,[0|0],302100968,0,10,0,1,0,[0|0]
302100969,,2100,969,1,0,[0|0],302100969,0,20,0,1,0,[0|0]
302100980,,2100,980,1,0,[0|0],302100980,0,35,0,1,0,[0|0]
302100981,,2100,981,1,0,[0|0],302100981,0,20,0,1,0,[0|0]
302100982,,2100,982,1,0,[0|0],302100982,0,0,0,1,0,[0|0]
302100983,,2100,983,1,0,[0|0],302100983,0,0,0,1,0,[0|0]
302100984,,2100,984,1,0,[0|0],302100984,0,35,0,1,0,[0|0]
302100985,,2100,985,1,0,[0|0],302100985,0,20,0,1,0,[0|0]
302100986,,2100,986,1,0,[0|0],302100986,0,0,0,1,0,[0|0]
302100987,,2100,987,1,0,[0|0],302100987,0,20,0,1,0,[0|0]
302100988,,2100,988,1,0,[0|0],302100988,0,20,0,1,0,[0|0]
302100989,,2100,989,1,0,[0|0],302100989,0,15,0,1,0,[0|0]
302100990,,2100,990,1,0,[0|0],302100990,0,15,0,1,0,[0|0]
302100991,,2100,991,1,0,[0|0],302100991,0,0,0,1,0,[0|0]
302100992,,2100,992,1,0,[0|0],302100992,0,0,0,1,0,[0|0]
302100993,,2100,993,1,0,[0|0],302100993,0,20,0,1,0,[0|0]
302100994,,2100,994,1,0,[0|0],302100994,0,20,0,1,0,[0|0]
302100995,,2100,995,1,0,[0|0],302100995,0,15,0,1,0,[0|0]
302100996,,2100,996,1,0,[0|0],302100996,0,15,0,1,0,[0|0]
302100997,,2100,997,1,0,[0|0],302100997,0,0,0,1,0,[0|0]
302106900,,2106,900,1,1,[0|0],2385,0,0,0,0,0,[0|0]
302106901,,2106,901,1,1,[0|0],2386,0,0,0,0,0,[0|0]
302106902,,2106,902,1,1,[0|0],2387,0,40,0,0,0,[0|0]
302106903,,2106,903,1,1,[0|0],2388,0,0,0,0,0,[0|0]
302106904,,2106,904,1,1,[0|0],2389,0,0,0,0,0,[0|0]
302106905,,2106,905,1,1,[0|0],2390,0,0,0,0,0,[0|0]
302106906,,2106,906,1,1,[0|0],2391,0,0,0,0,0,[0|0]
302106910,,2106,910,1,0,[0|0],302106910,0,40,0,12,0,[0|0]
302106920,,2106,920,1,1,[0|0],2385,0,0,0,2,0,[0|0]
302106921,,2106,921,1,1,[0|0],2386,0,0,0,2,0,[0|0]
302106922,,2106,922,1,1,[0|0],2387,0,40,0,2,0,[0|0]
302106923,,2106,923,1,1,[0|0],2388,0,0,0,2,0,[0|0]
302106924,,2106,924,1,1,[0|0],2389,0,0,0,2,0,[0|0]
302106925,,2106,925,1,1,[0|0],2390,0,0,0,2,0,[0|0]
302106926,,2106,926,1,1,[0|0],2391,0,0,0,2,0,[0|0]
302106930,,2106,930,1,0,[0|0],302106910,0,40,0,2,0,[0|0]
302112900,,2112,900,1,0,[0|0],302112900,0,15,0,12,0,[0|0]
302112901,,2112,901,1,0,[0|0],302112901,0,0,0,0,0,[0|0]
302112902,,2112,902,1,0,[0|0],302112902,0,25,0,0,0,[0|0]
302112903,,2112,903,1,0,[0|0],302112903,0,0,0,12,0,[0|0]
302112904,,2112,904,1,0,[0|0],302112904,0,0,0,0,0,[0|0]
302112905,,2112,905,1,0,[0|0],302112905,0,15,0,12,0,[0|0]
302112906,,2112,906,1,0,[0|0],302112906,0,0,0,12,0,[0|0]
302112907,,2112,907,1,0,[0|0],302112907,0,25,0,0,0,[0|0]
302112908,,2112,908,1,0,[0|0],302112908,0,0,0,12,0,[0|0]
302112909,,2112,909,1,0,[0|0],302112909,0,0,0,12,0,[0|0]
302112910,,2112,910,1,0,[0|0],302112910,0,15,0,12,0,[0|0]
302112911,,2112,911,1,0,[0|0],302112911,0,0,0,12,0,[0|0]
302112912,,2112,912,1,0,[0|0],302112912,0,25,0,0,0,[0|0]
302112913,,2112,913,1,0,[0|0],302112913,0,0,0,12,0,[0|0]
302112914,,2112,914,1,0,[0|0],302112914,0,0,0,12,0,[0|0]
302112915,,2112,915,1,0,[0|0],302112915,0,15,0,12,0,[0|0]
302112916,,2112,916,1,0,[0|0],302112916,0,0,0,12,0,[0|0]
302112917,,2112,917,1,0,[0|0],302112917,0,25,0,0,0,[0|0]
302112918,,2112,918,1,0,[0|0],302112918,0,0,0,12,0,[0|0]
302112919,,2112,919,1,0,[0|0],302112919,0,0,0,12,0,[0|0]
302113900,,2113,900,1,0,[0|0],302113900,0,35,0,12,0,[0|0]
302113905,,2113,905,1,0,[0|0],302113905,0,35,0,12,0,[0|0]
302200950,,2200,950,1,0,[0|0],302200950,0,8,0,1,0,[0|0]
302200951,,2200,951,1,0,[0|0],302200951,0,8,0,1,0,[0|0]
302200952,,2200,952,1,0,[0|0],302200952,0,13,0,1,0,[0|0]
302200953,,2200,953,1,0,[0|0],302200953,0,7,0,1,0,[0|0]
302200954,,2200,954,1,0,[0|0],302200954,0,7,0,1,0,[0|0]
302200955,,2200,955,1,0,[0|0],302200955,0,11,0,1,0,[0|0]
302200956,,2200,956,1,0,[0|0],302200956,0,11,0,1,0,[0|0]
302200957,,2200,957,1,0,[0|0],302200957,0,19,0,1,0,[0|0]
302200958,,2200,958,1,0,[0|0],302200958,0,9,0,1,0,[0|0]
302200959,,2200,959,1,0,[0|0],302200959,0,17,0,1,0,[0|0]
302200960,,2200,960,1,0,[0|0],302200960,0,10,0,1,0,[0|0]
302200961,,2200,961,1,0,[0|0],302200961,0,10,0,1,0,[0|0]
302200962,,2200,962,1,0,[0|0],302200962,0,16,0,1,0,[0|0]
302200963,,2200,963,1,0,[0|0],302200963,0,9,0,1,0,[0|0]
302200964,,2200,964,1,0,[0|0],302200964,0,9,0,1,0,[0|0]
302200965,,2200,965,1,0,[0|0],302200965,0,14,0,1,0,[0|0]
302200966,,2200,966,1,0,[0|0],302200966,0,14,0,1,0,[0|0]
302200967,,2200,967,1,0,[0|0],302200967,0,23,0,1,0,[0|0]
302200968,,2200,968,1,0,[0|0],302200968,0,11,0,1,0,[0|0]
302200969,,2200,969,1,0,[0|0],302200969,0,21,0,1,0,[0|0]
302200980,,2200,980,1,0,[0|0],302200980,0,35,0,1,0,[0|0]
302200981,,2200,981,1,0,[0|0],302200981,0,20,0,1,0,[0|0]
302200982,,2200,982,1,0,[0|0],302200982,0,0,0,1,0,[0|0]
302200983,,2200,983,1,0,[0|0],302200983,0,0,0,1,0,[0|0]
302200984,,2200,984,1,0,[0|0],302200984,0,35,0,1,0,[0|0]
302200985,,2200,985,1,0,[0|0],302200985,0,20,0,1,0,[0|0]
302200986,,2200,986,1,0,[0|0],302200986,0,0,0,1,0,[0|0]
302200987,,2200,987,1,0,[0|0],302200987,0,20,0,1,0,[0|0]
302200988,,2200,988,1,0,[0|0],302200988,0,20,0,1,0,[0|0]
302200989,,2200,989,1,0,[0|0],302200989,0,15,0,1,0,[0|0]
302200990,,2200,990,1,0,[0|0],302200990,0,15,0,1,0,[0|0]
302200991,,2200,991,1,0,[0|0],302200991,0,0,0,1,0,[0|0]
302200992,,2200,992,1,0,[0|0],302200992,0,0,0,1,0,[0|0]
302200993,,2200,993,1,0,[0|0],302200993,0,20,0,1,0,[0|0]
302200994,,2200,994,1,0,[0|0],302200994,0,20,0,1,0,[0|0]
302200995,,2200,995,1,0,[0|0],302200995,0,15,0,1,0,[0|0]
302200996,,2200,996,1,0,[0|0],302200996,0,15,0,1,0,[0|0]
302200997,,2200,997,1,0,[0|0],302200997,0,0,0,1,0,[0|0]
302300950,,2300,950,1,0,[0|0],302300950,0,14,0,1,0,[0|0]
302300951,,2300,951,1,0,[0|0],302300951,0,14,0,1,0,[0|0]
302300952,,2300,952,1,0,[0|0],302300952,0,20,0,1,0,[0|0]
302300953,,2300,953,1,0,[0|0],302300953,0,12,0,1,0,[0|0]
302300954,,2300,954,1,0,[0|0],302300954,0,12,0,1,0,[0|0]
302300955,,2300,955,1,0,[0|0],302300955,0,16,0,1,0,[0|0]
302300956,,2300,956,1,0,[0|0],302300956,0,51,0,1,0,[0|0]
302300958,,2300,958,1,0,[0|0],302300958,0,42,0,1,0,[0|0]
302300960,,2300,960,1,0,[0|0],302300960,0,17,0,1,0,[0|0]
302300961,,2300,961,1,0,[0|0],302300961,0,17,0,1,0,[0|0]
302300962,,2300,962,1,0,[0|0],302300962,0,24,0,1,0,[0|0]
302300963,,2300,963,1,0,[0|0],302300963,0,15,0,1,0,[0|0]
302300964,,2300,964,1,0,[0|0],302300964,0,15,0,1,0,[0|0]
302300965,,2300,965,1,0,[0|0],302300965,0,20,0,1,0,[0|0]
302300966,,2300,966,1,0,[0|0],302300966,0,62,0,1,0,[0|0]
302300968,,2300,968,1,0,[0|0],302300968,0,51,0,1,0,[0|0]
302300980,,2300,980,1,0,[0|0],302300980,0,55,0,1,0,[0|0]
302300981,,2300,981,1,0,[0|0],302300981,0,40,0,1,0,[0|0]
302300982,,2300,982,1,0,[0|0],302300982,0,0,0,1,0,[0|0]
302300983,,2300,983,1,0,[0|0],302300983,0,0,0,1,0,[0|0]
302300984,,2300,984,1,0,[0|0],302300984,0,55,0,1,0,[0|0]
302300985,,2300,985,1,0,[0|0],302300985,0,45,0,1,0,[0|0]
302300986,,2300,986,1,0,[0|0],302300986,0,0,0,1,0,[0|0]
302300987,,2300,987,1,0,[0|0],302300987,0,66,0,1,0,[0|0]
302300988,,2300,988,1,0,[0|0],302300988,0,48,0,1,0,[0|0]
302300989,,2300,989,1,0,[0|0],302300989,0,0,0,1,0,[0|0]
302300990,,2300,990,1,0,[0|0],302300990,0,0,0,1,0,[0|0]
302300991,,2300,991,1,0,[0|0],302300991,0,66,0,1,0,[0|0]
302300992,,2300,992,1,0,[0|0],302300992,0,54,0,1,0,[0|0]
302300993,,2300,993,1,0,[0|0],302300993,0,0,0,1,0,[0|0]
302301900,,2301,900,1,1,[0|0],2920,0,40,0,0,0,[0|0]
302301905,,2301,905,1,0,[0|0],302301905,0,60,0,12,0,[0|0]
302305900,,2305,900,1,0,[0|0],302305900,0,0,0,12,0,[0|0]
302305905,,2305,905,1,1,[0|0],3020,0,0,0,0,0,[0|0]
302305906,,2305,906,1,1,[0|0],3021,0,35,0,0,0,[0|0]
302305907,,2305,907,1,1,[0|0],3022,0,0,0,0,0,[0|0]
302305908,,2305,908,1,1,[0|0],3023,0,0,0,0,0,[0|0]
302305909,,2305,909,1,1,[0|0],3024,0,0,0,0,0,[0|0]
302305910,,2305,910,1,0,[0|0],302305910,0,30,0,12,0,[0|0]
302305915,,2305,915,1,1,[0|0],3025,0,25,0,0,0,[0|0]
302305916,,2305,916,1,1,[0|0],3026,0,0,0,0,0,[0|0]
302305917,,2305,917,1,1,[0|0],3027,0,0,0,0,0,[0|0]
302305918,,2305,918,1,1,[0|0],3028,0,0,0,0,0,[0|0]
302305920,,2305,920,1,0,[0|0],302305920,0,25,0,12,0,[0|0]
302305925,,2305,925,1,1,[0|0],3029,0,18,0,0,0,[0|0]
302305926,,2305,926,1,1,[0|0],3030,0,0,0,0,0,[0|0]
302305927,,2305,927,1,1,[0|0],3031,0,0,0,0,0,[0|0]
302305928,,2305,928,1,1,[0|0],3032,0,0,0,0,0,[0|0]
302305930,,2305,930,1,0,[0|0],302305930,0,20,0,12,0,[0|0]
302305935,,2305,935,1,0,[0|0],302305935,0,0,0,12,0,[0|0]
302305936,,2305,936,1,0,[0|0],302305936,0,5,0,12,0,[0|0]
302305937,,2305,937,1,0,[0|0],302305937,0,5,0,12,0,[0|0]
302305938,,2305,938,1,0,[0|0],302305938,0,25,0,12,0,[0|0]
302305940,,2305,940,1,0,[0|0],302305940,0,38,0,12,0,[0|0]
302306900,,2306,900,1,1,[0|0],2695,0,10,0,0,0,[0|0]
302306901,,2306,901,1,1,[0|0],2696,0,0,0,0,0,[0|0]
302307900,,2307,900,1,0,[0|0],302307900,0,45,0,0,0,[0|0]
302307901,,2307,901,1,0,[0|0],302307901,0,0,0,0,0,[0|0]
302307902,,2307,902,1,0,[0|0],302307902,0,0,0,0,0,[0|0]
302307905,,2307,905,1,0,[0|0],302307905,0,65,0,0,0,[0|0]
302307906,,2307,906,1,0,[0|0],302307906,0,0,0,0,0,[0|0]
302308900,,2308,900,1,0,[0|0],302308900,0,0,0,12,0,[0|0]
302308905,,2308,905,1,1,[0|0],2345,0,10,0,0,0,[0|0]
302308906,,2308,906,1,1,[0|0],2346,0,0,0,0,0,[0|0]
302308907,,2308,907,1,1,[0|0],2347,0,0,0,0,0,[0|0]
302308908,,2308,908,1,1,[0|0],2348,0,0,0,0,0,[0|0]
302308909,,2308,909,1,1,[0|0],2349,0,0,0,0,0,[0|0]
302308915,,2308,915,1,0,[0|0],302308915,0,20,0,12,0,[0|0]
302308920,,2308,920,1,0,[0|0],302308920,0,0,0,12,0,[0|0]
302308925,,2308,925,1,0,[0|0],302308925,0,20,0,12,0,[0|0]
302309900,,2309,900,1,0,[0|0],302309900,0,2,0,12,0,[0|0]
302309901,,2309,901,1,0,[0|0],302309901,0,2,0,12,0,[0|0]
302309902,,2309,902,1,0,[0|0],302309902,0,2,0,12,0,[0|0]
302309903,,2309,903,1,0,[0|0],302309903,0,0,0,12,0,[0|0]
302309904,,2309,904,1,0,[0|0],302309905,0,2,0,12,0,[0|0]
302309905,,2309,905,1,0,[0|0],302309906,0,2,0,12,0,[0|0]
302309906,,2309,906,1,0,[0|0],302309907,0,2,0,12,0,[0|0]
302309907,,2309,907,1,0,[0|0],302309908,0,0,0,12,0,[0|0]
302404900,,2404,900,1,1,[0|0],2825,0,0,0,0,0,[0|0]
302404901,,2404,901,1,1,[0|0],2826,0,0,0,0,0,[0|0]
302404905,,2404,905,1,1,[0|0],2825,0,0,0,2,0,[0|0]
302404906,,2404,906,1,1,[0|0],2826,0,0,0,2,0,[0|0]
303020900,,3020,900,1,0,[0|0],303020900,0,10,0,12,0,[0|0]
303020901,,3020,901,1,0,[0|0],303020901,0,10,0,12,0,[0|0]
303020905,,3020,905,1,0,[0|0],303020900,0,10,0,2,0,[0|0]
303020906,,3020,906,1,0,[0|0],303020901,0,10,0,2,0,[0|0]
303208900,,3208,900,1,1,[0|0],2840,0,10,0,0,0,[0|0]
303208901,,3208,901,1,1,[0|0],2841,0,0,0,0,0,[0|0]
303208905,,3208,905,1,1,[0|0],2842,0,0,0,0,0,[0|0]
303208906,,3208,906,1,1,[0|0],2843,0,0,0,0,0,[0|0]
303215900,,3215,900,1,1,[0|0],2680,0,66,0,12,0,[0|0]
303215901,,3215,901,1,1,[0|0],2681,0,0,0,12,0,[0|0]
303215905,,3215,905,1,1,[0|0],2680,0,66,0,2,0,[0|0]
303215906,,3215,906,1,1,[0|0],2681,0,0,0,2,0,[0|0]
303216900,,3216,900,1,1,[0|0],2685,0,13,0,12,0,[0|0]
303216901,,3216,901,1,1,[0|0],2686,0,0,0,12,0,[0|0]
303216902,,3216,902,1,1,[0|0],2687,0,0,0,12,0,[0|0]
303216905,,3216,905,1,1,[0|0],2685,0,13,0,2,0,[0|0]
303216906,,3216,906,1,1,[0|0],2686,0,0,0,2,0,[0|0]
303216907,,3216,907,1,1,[0|0],2687,0,0,0,2,0,[0|0]
303309900,,3309,900,1,0,[0|0],303309900,0,6,0,12,0,[0|0]
303309901,,3309,901,1,0,[0|0],303309901,0,2,0,12,0,[0|0]
303309902,,3309,902,1,0,[0|0],303309902,0,8,0,12,0,[0|0]
303309905,,3309,905,1,0,[0|0],303309905,0,6,0,12,0,[0|0]
303309906,,3309,906,1,0,[0|0],303309906,0,2,0,12,0,[0|0]
303309907,,3309,907,1,0,[0|0],303309907,0,8,0,12,0,[0|0]
400000000,,0,0,1,0,[0|0],300000900,0,4,0,12,0,[0|0]
400000001,,0,1,1,0,[0|0],300000901,0,12,0,12,0,[0|0]
400000002,,0,2,1,0,[0|0],300000902,0,15,0,12,0,[0|0]
400000003,,0,3,1,0,[0|0],300000903,0,15,0,12,0,[0|0]
400000004,,0,4,1,0,[0|0],300000904,0,6,0,12,0,[0|0]
400000005,,0,5,1,0,[0|0],300000905,0,4,0,12,0,[0|0]
400000006,,0,6,1,0,[0|0],300000906,0,12,0,12,0,[0|0]
400000007,,0,7,1,0,[0|0],300000907,0,15,0,12,0,[0|0]
400000008,,0,8,1,0,[0|0],300000908,0,15,0,12,0,[0|0]
400000009,,0,9,1,0,[0|0],300000909,0,6,0,12,0,[0|0]
400000010,,0,10,1,0,[0|0],300000910,0,6,0,12,0,[0|0]
400000011,,0,11,1,0,[0|0],300000911,0,9,0,12,0,[0|0]
400000012,,0,12,1,0,[0|0],300000912,0,9,0,12,0,[0|0]
400000013,,0,13,1,0,[0|0],300000913,0,12,0,12,0,[0|0]
400000014,,0,14,1,0,[0|0],300000914,0,12,0,12,0,[0|0]
400000015,,0,15,1,0,[0|0],300000915,0,6,0,12,0,[0|0]
400000016,,0,16,1,0,[0|0],300000916,0,9,0,12,0,[0|0]
400000017,,0,17,1,0,[0|0],300000917,0,9,0,12,0,[0|0]
400000018,,0,18,1,0,[0|0],300000918,0,12,0,12,0,[0|0]
400000019,,0,19,1,0,[0|0],300000919,0,12,0,12,0,[0|0]
400000020,,0,20,1,1,[0|0],3065,0,0,0,0,0,[0|0]
400000200,,0,200,1,1,[0|0],30000200,0,50,0,0,0,[0|0]
400000205,,0,205,1,0,[0|0],400000205,0,50,0,0,0,[0|0]
400000210,,0,210,1,1,[0|0],30000210,0,0,0,0,0,[0|0]
400000215,,0,215,1,1,[0|0],30000215,0,0,0,0,0,[0|0]
400000220,,0,220,1,1,[0|0],30000220,0,16,0,0,0,[0|0]
400000225,,0,225,1,0,[0|0],400000225,0,16,0,0,0,[0|0]
400000230,,0,230,1,1,[0|0],30000230,0,16,0,0,0,[0|0]
400000235,,0,235,1,0,[0|0],400000235,0,16,0,0,0,[0|0]
400000240,,0,240,1,1,[0|0],30000240,0,16,0,0,0,[0|0]
400000245,,0,245,1,0,[0|0],400000245,0,16,0,0,0,[0|0]
400000250,,0,250,1,1,[0|0],30000250,0,0,0,0,0,[0|0]
400100200,,100,200,1,1,[0|0],30003200,0,50,0,0,0,[0|0]
400100205,,100,205,1,0,[0|0],400100205,0,50,0,0,0,[0|0]
400100220,,100,220,1,1,[0|0],30003220,0,16,0,0,0,[0|0]
400100225,,100,225,1,0,[0|0],400100225,0,16,0,0,0,[0|0]
400100230,,100,230,1,1,[0|0],30003230,0,16,0,0,0,[0|0]
400100235,,100,235,1,0,[0|0],400100235,0,16,0,0,0,[0|0]
400100240,,100,240,1,1,[0|0],30003240,0,16,0,0,0,[0|0]
400100245,,100,245,1,0,[0|0],400100245,0,16,0,0,0,[0|0]
400500200,,500,200,1,1,[0|0],30008200,0,50,0,0,0,[0|0]
400500205,,500,205,1,0,[0|0],400500205,0,50,0,0,0,[0|0]
400500220,,500,220,1,1,[0|0],30008220,0,16,0,0,0,[0|0]
400500225,,500,225,1,0,[0|0],400500225,0,16,0,0,0,[0|0]
400500230,,500,230,1,1,[0|0],30008230,0,16,0,0,0,[0|0]
400500235,,500,235,1,0,[0|0],400500235,0,16,0,0,0,[0|0]
400500240,,500,240,1,1,[0|0],30008240,0,16,0,0,0,[0|0]
400500245,,500,245,1,0,[0|0],400500245,0,16,0,0,0,[0|0]
400900200,,900,200,1,1,[0|0],30007200,0,50,0,0,0,[0|0]
400900205,,900,205,1,0,[0|0],400900205,0,50,0,0,0,[0|0]
400900220,,900,220,1,1,[0|0],30007220,0,16,0,0,0,[0|0]
400900225,,900,225,1,0,[0|0],400900225,0,16,0,0,0,[0|0]
400900230,,900,230,1,1,[0|0],30007230,0,16,0,0,0,[0|0]
400900235,,900,235,1,0,[0|0],400900235,0,16,0,0,0,[0|0]
400900240,,900,240,1,1,[0|0],30007240,0,16,0,0,0,[0|0]
400900245,,900,245,1,0,[0|0],400900245,0,16,0,0,0,[0|0]
401100200,,1100,200,1,1,[0|0],30009200,0,50,0,0,0,[0|0]
401100205,,1100,205,1,0,[0|0],401100205,0,50,0,0,0,[0|0]
401100220,,1100,220,1,1,[0|0],30009220,0,16,0,0,0,[0|0]
401100225,,1100,225,1,0,[0|0],401100225,0,16,0,0,0,[0|0]
401100230,,1100,230,1,1,[0|0],30009230,0,16,0,0,0,[0|0]
401100235,,1100,235,1,0,[0|0],401100235,0,16,0,0,0,[0|0]
401100240,,1100,240,1,1,[0|0],30009240,0,16,0,0,0,[0|0]
401100245,,1100,245,1,0,[0|0],401100245,0,16,0,0,0,[0|0]
401102200,,1102,200,1,1,[0|0],30006200,0,50,0,0,0,[0|0]
401102205,,1102,205,1,0,[0|0],401102205,0,50,0,0,0,[0|0]
401102220,,1102,220,1,1,[0|0],30006220,0,16,0,0,0,[0|0]
401102225,,1102,225,1,0,[0|0],401102225,0,16,0,0,0,[0|0]
401102230,,1102,230,1,1,[0|0],30006230,0,16,0,0,0,[0|0]
401102235,,1102,235,1,0,[0|0],401102235,0,16,0,0,0,[0|0]
401102240,,1102,240,1,1,[0|0],30006240,0,16,0,0,0,[0|0]
401102245,,1102,245,1,0,[0|0],401102245,0,16,0,0,0,[0|0]
401800200,,1800,200,1,1,[0|0],30001200,0,50,0,0,0,[0|0]
401800205,,1800,205,1,0,[0|0],401800205,0,50,0,0,0,[0|0]
401800220,,1800,220,1,1,[0|0],30001220,0,16,0,0,0,[0|0]
401800225,,1800,225,1,0,[0|0],401800225,0,16,0,0,0,[0|0]
401800230,,1800,230,1,1,[0|0],30001230,0,16,0,0,0,[0|0]
401800235,,1800,235,1,0,[0|0],401800235,0,16,0,0,0,[0|0]
401800240,,1800,240,1,1,[0|0],30001240,0,16,0,0,0,[0|0]
401800245,,1800,245,1,0,[0|0],401800245,0,16,0,0,0,[0|0]
402100200,,2100,200,1,1,[0|0],30005200,0,50,0,0,0,[0|0]
402100205,,2100,205,1,0,[0|0],402100205,0,50,0,0,0,[0|0]
402100220,,2100,220,1,1,[0|0],30005220,0,16,0,0,0,[0|0]
402100225,,2100,225,1,0,[0|0],402100225,0,16,0,0,0,[0|0]
402100230,,2100,230,1,1,[0|0],30005230,0,16,0,0,0,[0|0]
402100235,,2100,235,1,0,[0|0],402100235,0,16,0,0,0,[0|0]
402100240,,2100,240,1,1,[0|0],30005240,0,16,0,0,0,[0|0]
402100245,,2100,245,1,0,[0|0],402100245,0,16,0,0,0,[0|0]
402300200,,2300,200,1,1,[0|0],30004200,0,50,0,0,0,[0|0]
402300205,,2300,205,1,0,[0|0],402300205,0,50,0,0,0,[0|0]
402300220,,2300,220,1,1,[0|0],30004220,0,16,0,0,0,[0|0]
402300225,,2300,225,1,0,[0|0],402300225,0,16,0,0,0,[0|0]
402300230,,2300,230,1,1,[0|0],30004230,0,16,0,0,0,[0|0]
402300235,,2300,235,1,0,[0|0],402300235,0,16,0,0,0,[0|0]
402300240,,2300,240,1,1,[0|0],30004240,0,16,0,0,0,[0|0]
402300245,,2300,245,1,0,[0|0],402300245,0,16,0,0,0,[0|0]
404100205,,4100,205,1,0,[0|0],405000205,0,50,0,0,0,[0|0]
404100225,,4100,225,1,0,[0|0],405000225,0,16,0,0,0,[0|0]
404100235,,4100,235,1,0,[0|0],405000235,0,16,0,0,0,[0|0]
404100245,,4100,245,1,0,[0|0],405000245,0,16,0,0,0,[0|0]
405000200,,5000,200,1,1,[0|0],30002200,0,50,0,0,0,[0|0]
405000220,,5000,220,1,1,[0|0],30002220,0,16,0,0,0,[0|0]
405000230,,5000,230,1,1,[0|0],30002230,0,16,0,0,0,[0|0]
405000240,,5000,240,1,1,[0|0],30002240,0,16,0,0,0,[0|0]
500000000,,0,0,1,0,[0|0],500000000,0,0,0,12,0,[0|0]
500000005,,0,5,1,0,[0|0],500000005,0,0,0,12,0,[0|0]
500000010,,0,10,1,0,[0|0],500000010,0,0,0,12,0,[0|0]
500000011,,0,11,1,1,[0|0],30000011,0,0,0,0,0,[0|0]
500000015,,0,15,1,0,[0|0],500000015,0,0,0,12,0,[0|0]
500000020,,0,20,1,1,[0|0],30000020,0,0,0,0,0,[0|0]
500000100,,0,100,1,1,[0|0],30000100,0,0,0,0,0,[0|0]
500000110,,0,110,1,0,[0|0],500000110,0,0,0,0,0,[0|0]
500000200,,0,200,1,1,[0|0],30000200,0,50,0,12,0,[0|0]
500000210,,0,210,1,1,[0|0],30000210,0,0,0,12,0,[0|0]
500000215,,0,215,1,1,[0|0],30000215,0,0,0,12,0,[0|0]
500000220,,0,220,1,1,[0|0],30000220,0,20,0,12,0,[0|0]
500000230,,0,230,1,1,[0|0],30000230,0,20,0,12,0,[0|0]
500000240,,0,240,1,1,[0|0],30000240,0,20,0,12,0,[0|0]
500000250,,0,250,1,1,[0|0],30000250,0,0,0,12,0,[0|0]
500000500,,0,500,1,0,[0|0],500000500,0,40,0,12,0,[0|0]
500000505,,0,505,1,0,[0|0],500000505,0,5,0,12,0,[0|0]
500000506,,0,506,1,0,[0|0],500000506,0,35,0,0,0,[0|0]
502300500,,2300,500,1,0,[0|0],502300500,0,40,0,12,0,[0|0]
502300505,,2300,505,1,0,[0|0],502300505,0,5,0,12,0,[0|0]
502300506,,2300,506,1,0,[0|0],502300506,0,35,0,0,0,[0|0]
600000000,,0,0,1,0,[0|0],600000000,0,0,0,0,0,[0|0]
600000005,,0,5,1,0,[0|0],600000005,0,0,0,0,0,[0|0]
600000010,,0,10,1,0,[0|0],600000010,0,0,0,0,0,[0|0]
600000015,,0,15,1,0,[0|0],600000015,0,15,0,12,0,[0|0]
600000016,,0,16,1,0,[0|0],600000016,0,15,0,12,0,[0|0]
600000030,,0,30,1,0,[0|0],600000030,0,0,0,0,0,[0|0]
600000035,,0,35,1,0,[0|0],600000035,0,0,0,0,0,[0|0]
600000050,,0,50,1,1,[0|0],30901000,0,0,0,0,0,[0|0]
600000052,,0,52,1,1,[0|0],30901002,0,0,0,0,0,[0|0]
600000055,,0,55,1,1,[0|0],30901005,0,0,0,0,0,[0|0]
600000057,,0,57,1,1,[0|0],30901007,0,0,0,0,0,[0|0]
600000070,,0,70,1,1,[0|0],30901070,0,0,0,0,0,[0|0]
600000080,,0,80,1,1,[0|0],30901100,0,0,0,0,0,[0|0]
600000081,,0,81,1,1,[0|0],30901102,0,0,0,0,0,[0|0]
600000082,,0,82,1,1,[0|0],30901105,0,0,0,0,0,[0|0]
600000083,,0,83,1,1,[0|0],30901107,0,0,0,0,0,[0|0]
600000084,,0,84,1,1,[0|0],30901110,0,0,0,0,0,[0|0]
600000085,,0,85,1,1,[0|0],30901112,0,0,0,0,0,[0|0]
600000086,,0,86,1,1,[0|0],30901115,0,0,0,0,0,[0|0]
600000087,,0,87,1,1,[0|0],30901117,0,0,0,0,0,[0|0]
600000088,,0,88,1,1,[0|0],30901120,0,0,0,0,0,[0|0]
600000089,,0,89,1,1,[0|0],30901122,0,0,0,0,0,[0|0]
600000090,,0,90,1,1,[0|0],30901125,0,0,0,0,0,[0|0]
600000091,,0,91,1,1,[0|0],30901127,0,0,0,0,0,[0|0]
600000092,,0,92,1,1,[0|0],30901130,0,0,0,0,0,[0|0]
600000093,,0,93,1,1,[0|0],30901132,0,0,0,0,0,[0|0]
600000094,,0,94,1,1,[0|0],30901135,0,0,0,0,0,[0|0]
600000095,,0,95,1,1,[0|0],30901137,0,0,0,0,0,[0|0]
600000096,,0,96,1,1,[0|0],30901140,0,0,0,0,0,[0|0]
600000097,,0,97,1,1,[0|0],30901142,0,0,0,0,0,[0|0]
600000098,,0,98,1,1,[0|0],30901145,0,0,0,0,0,[0|0]
600000099,,0,99,1,1,[0|0],30901147,0,0,0,0,0,[0|0]
600000110,,0,110,1,0,[0|0],600000110,0,0,0,0,0,[0|0]
600000120,,0,120,1,0,[0|0],600000120,0,0,0,0,0,[0|0]
600000130,,0,130,1,0,[0|0],600000130,0,0,0,0,0,[0|0]
600000150,,0,150,1,1,[0|0],30903000,0,0,0,0,0,[0|0]
600000180,,0,180,1,1,[0|0],30903006,0,0,0,0,0,[0|0]
600000185,,0,185,1,1,[0|0],30903005,0,0,0,0,0,[0|0]
600000200,,0,200,1,0,[0|0],600000200,0,0,0,0,0,[0|0]
600000210,,0,210,1,0,[0|0],600000210,0,0,0,0,0,[0|0]
600000220,,0,220,1,1,[0|0],30904030,0,0,0,0,0,[0|0]
600000230,,0,230,1,1,[0|0],30904110,0,0,0,0,0,[0|0]
600000231,,0,231,1,1,[0|0],30904111,0,0,0,0,0,[0|0]
600000240,,0,240,1,0,[0|0],600000240,0,0,0,0,0,[0|0]
600000250,,0,250,1,0,[0|0],600000250,0,0,0,0,0,[0|0]
600000280,,0,280,1,1,[0|0],30905100,0,0,0,0,0,[0|0]
600000300,,0,300,1,0,[0|0],81310,0,0,0,0,0,[0|0]
600000310,,0,310,1,0,[0|0],81500,0,0,0,0,0,[0|0]
600000320,,0,320,1,1,[0|0],10801500,0,0,0,0,0,[0|0]
600000350,,0,350,1,0,[0|0],600000350,0,0,0,0,0,[0|0]
600000355,,0,355,1,0,[0|0],600000355,0,0,0,0,0,[0|0]
600000400,,0,400,1,1,[0|0],30908000,0,0,0,0,0,[0|0]
600000800,,0,800,1,1,[0|0],30901150,0,0,0,0,0,[0|0]
600000801,,0,801,1,1,[0|0],30901152,0,0,0,0,0,[0|0]
600000802,,0,802,1,1,[0|0],30901155,0,0,0,0,0,[0|0]
600000803,,0,803,1,1,[0|0],30901157,0,0,0,0,0,[0|0]
600000900,,0,900,1,1,[0|0],9000,0,0,0,0,0,[0|0]
600000910,,0,910,1,1,[0|0],9010,0,0,0,0,0,[0|0]
700000001,,0,1,1,1,[0|0],30900000,0,0,0,0,0,[0|0]
700000006,,0,6,1,1,[0|0],30900005,0,0,0,0,0,[0|0]
700000010,,0,10,1,0,[0|0],700000010,0,0,0,0,0,[0|0]
700000015,,0,15,1,1,[0|0],30900015,0,0,0,0,0,[0|0]
700000030,,0,30,1,1,[0|0],30900100,0,0,0,0,0,[0|0]
700000050,,0,50,1,0,[0|0],700000050,0,0,0,12,0,[0|0]
700000060,,0,60,1,1,[0|0],30901010,0,0,0,0,0,[0|0]
700000065,,0,65,1,1,[0|0],30901015,0,0,0,0,0,[0|0]
700000070,,0,70,1,1,[0|0],30901020,0,0,0,0,0,[0|0]
700000080,,0,80,1,1,[0|0],30901030,0,0,0,0,0,[0|0]
700000090,,0,90,1,1,[0|0],30901040,0,0,0,0,0,[0|0]
700000100,,0,100,1,1,[0|0],30902010,0,0,0,0,0,[0|0]
700000105,,0,105,1,1,[0|0],30902015,0,0,0,0,0,[0|0]
700000130,,0,130,1,1,[0|0],30902110,0,0,0,0,0,[0|0]
700000131,,0,131,1,1,[0|0],30902112,0,0,0,0,0,[0|0]
700000140,,0,140,1,1,[0|0],30902210,0,0,0,0,0,[0|0]
700000145,,0,145,1,1,[0|0],30902215,0,0,0,0,0,[0|0]
700000150,,0,150,1,1,[0|0],30903010,0,0,0,0,0,[0|0]
700000200,,0,200,1,1,[0|0],30904000,0,0,0,0,0,[0|0]
700000205,,0,205,1,1,[0|0],30904005,0,0,0,0,0,[0|0]
700000230,,0,230,1,1,[0|0],30904100,0,0,0,0,0,[0|0]
700000231,,0,231,1,1,[0|0],30904101,0,0,0,0,0,[0|0]
700000240,,0,240,1,1,[0|0],30904200,0,0,0,0,0,[0|0]
700000245,,0,245,1,1,[0|0],30904205,0,0,0,0,0,[0|0]
700000250,,0,250,1,1,[0|0],30905000,0,0,0,0,0,[0|0]
700000255,,0,255,1,1,[0|0],30905005,0,0,0,0,0,[0|0]
700000260,,0,260,1,0,[0|0],700000260,0,0,0,0,0,[0|0]
700000280,,0,280,1,1,[0|0],30905110,0,0,0,0,0,[0|0]
700000281,,0,281,1,1,[0|0],30905120,0,0,0,0,0,[0|0]
700000300,,0,300,1,1,[0|0],30906000,0,0,0,0,0,[0|0]
700000330,,0,330,1,1,[0|0],30906100,0,0,0,0,0,[0|0]
700000350,,0,350,1,1,[0|0],30907100,0,0,0,0,0,[0|0]
700000400,,0,400,1,1,[0|0],30908010,0,0,0,0,0,[0|0]
700000410,,0,410,1,1,[0|0],30908110,0,0,0,0,0,[0|0]
700000450,,0,450,1,0,[0|0],700000450,0,0,0,0,0,[0|0]
700000460,,0,460,1,0,[0|0],700000460,0,0,0,0,0,[0|0]
700000470,,0,470,1,0,[0|0],700000470,0,0,0,0,0,[0|0]
700000490,,0,490,1,1,[0|0],30909100,0,0,0,0,0,[0|0]
700000495,,0,495,1,0,[0|0],700000495,0,0,0,0,0,[0|0]
700000800,,0,800,1,1,[0|0],30901180,0,0,0,0,0,[0|0]
700000801,,0,801,1,1,[0|0],30901181,0,0,0,0,0,[0|0]
700000802,,0,802,1,1,[0|0],30901182,0,0,0,0,0,[0|0]
700000803,,0,803,1,1,[0|0],30901183,0,0,0,0,0,[0|0]
700000804,,0,804,1,1,[0|0],30901184,0,0,0,0,0,[0|0]
700000805,,0,805,1,1,[0|0],30901185,0,0,0,0,0,[0|0]
700000806,,0,806,1,1,[0|0],30901186,0,0,0,0,0,[0|0]
700000807,,0,807,1,1,[0|0],30901187,0,0,0,0,0,[0|0]
700000808,,0,808,1,1,[0|0],30901188,0,0,0,0,0,[0|0]
750000000,,0,0,1,1,[0|0],50000000,0,0,0,0,0,[0|0]
750000001,,0,1,1,1,[0|0],50000020,0,0,0,0,0,[0|0]
750000010,,0,10,1,1,[0|0],50000040,0,0,0,0,0,[0|0]
750000011,,0,11,1,1,[0|0],50000100,0,0,0,0,0,[0|0]
750000012,,0,12,1,1,[0|0],50000101,0,0,0,0,0,[0|0]
750000020,,0,20,1,1,[0|0],7562010,0,0,0,0,0,[0|0]
750000021,,0,21,1,1,[0|0],7562020,0,0,0,0,0,[0|0]
750000022,,0,22,1,1,[0|0],7562021,0,0,0,0,0,[0|0]
750000023,,0,23,1,1,[0|0],7562022,0,0,0,0,0,[0|0]
750000030,,0,30,1,1,[0|0],50000050,0,0,0,0,0,[0|0]
750000031,,0,31,1,1,[0|0],50000060,0,0,0,0,0,[0|0]
750000032,,0,32,1,1,[0|0],50000080,0,0,0,0,0,[0|0]
750000040,,0,40,1,1,[0|0],7562050,0,0,0,0,0,[0|0]
750000100,,0,100,1,1,[0|0],50000100,0,0,0,0,0,[0|0]
750000101,,0,101,1,1,[0|0],50000101,0,0,0,0,0,[0|0]
760000000,[Item - Level 3] Boiled Crab,0,0,1,1,[0|0],13370000,0,0,0,0,0,[0|0]
760000010,[Item - Level 3] Boiled Prawn,0,10,1,1,[0|0],13371000,0,0,0,0,0,[0|0]
760000020,[Item - Level 3] Silver-Pickled Fowl Foot,0,20,1,1,[0|0],13372000,0,0,0,0,0,[0|0]
760000030,[Item - Level 3] Gold-Pickled Fowl Foot,0,30,1,1,[0|0],13373000,0,0,0,0,0,[0|0]
760000040,[Relic - Level 2] Stanching Boluses,0,40,1,1,[0|0],13374000,0,0,0,0,0,[0|0]
760000041,[Relic - Level 3] Stanching Boluses,0,41,1,1,[0|0],13374010,0,0,0,0,0,[0|0]
760000050,[Relic - Level 2] Stimulating Boluses,0,50,1,1,[0|0],13375000,0,0,0,0,0,[0|0]
760000051,[Relic - Level 3] Stimulating Boluses,0,51,1,1,[0|0],13375010,0,0,0,0,0,[0|0]
760000060,[Relic - Level 2] Neutralizing Boluses,0,60,1,1,[0|0],13376000,0,0,0,0,0,[0|0]
760000061,[Relic - Level 3] Neutralizing Boluses,0,61,1,1,[0|0],13376010,0,0,0,0,0,[0|0]
760000070,[Relic - Level 2] Clarifying Boluses,0,70,1,1,[0|0],13377000,0,0,0,0,0,[0|0]
760000071,[Relic - Level 3] Clarifying Boluses,0,71,1,1,[0|0],13377010,0,0,0,0,0,[0|0]
760000080,[Relic - Level 2] Preserving Boluses,0,80,1,1,[0|0],13378000,0,0,0,0,0,[0|0]
760000081,[Relic - Level 3] Preserving Boluses,0,81,1,1,[0|0],13378010,0,0,0,0,0,[0|0]
760000090,[Relic - Level 2] Rejuvenating Boluses,0,90,1,1,[0|0],13379000,0,0,0,0,0,[0|0]
760000091,[Relic - Level 3] Rejuvenating Boluses,0,91,1,1,[0|0],13379010,0,0,0,0,0,[0|0]
760000100,[Relic - Level 2] Thawfrost Boluses,0,100,1,1,[0|0],13380000,0,0,0,0,0,[0|0]
760000101,[Relic - Level 3] Thawfrost Boluses,0,101,1,1,[0|0],13380010,0,0,0,0,0,[0|0]
760000110,[Item - Level 3] Add Explosion to Perfuming Arts,0,110,1,1,[0|0],13350050,0,0,0,0,0,[0|0]
760000120,[Item - Level 3] Crimsonspill Crystal Tear,0,120,1,1,[0|0],13381000,0,0,0,0,0,[0|0]
760000130,[Item - Level 3] Greenspill Crystal Tear,0,130,1,1,[0|0],13382000,0,0,0,0,0,[0|0]
760000140,[Item - Level 3] Crimson Crystal Tear,0,140,1,1,[0|0],13383000,0,0,0,0,0,[0|0]
760000150,[Item - Level 3] Cerulean Crystal Tear,0,150,1,1,[0|0],13384000,0,0,0,0,0,[0|0]
760000160,[Item - Level 3] Speckled Hardtear,0,160,1,1,[0|0],13385000,0,0,0,0,0,[0|0]
760000170,[Item - Level 3] Crimson Bubbletear,0,170,1,1,[0|0],13386000,0,0,0,0,0,[0|0]
760000180,[Item - Level 3] Opaline Bubbletear,0,180,1,1,[0|0],13387000,0,0,0,0,0,[0|0]
760000190,[Item - Level 3] Crimsonburst Crystal Tear,0,190,1,1,[0|0],13388000,0,0,0,0,0,[0|0]
760000200,[Item - Level 3] Greenburst Crystal Tear,0,200,1,1,[0|0],13389000,0,0,0,0,0,[0|0]
760000210,[Item - Level 3] Opaline Hardtear,0,210,1,1,[0|0],13390000,0,0,0,0,0,[0|0]
760000220,[Item - Level 2] Thorny Cracked Tear,0,220,1,1,[0|0],13391000,0,0,0,0,0,[0|0]
760000221,[Item - Level 3] Thorny Cracked Tear,0,221,1,1,[0|0],13391010,0,0,0,0,0,[0|0]
760000230,[Item - Level 3] Spiked Cracked Tear,0,230,1,1,[0|0],13392000,0,0,0,0,0,[0|0]
760000240,[Item - Level 3] Windy Crystal Tear,0,240,1,1,[0|0],13393000,0,0,0,0,0,[0|0]
760000250,[Item - Level 3] Leaden Hardtear,0,250,1,1,[0|0],13394000,0,0,0,0,0,[0|0]
760000260,[Item - Level 3] Twiggy Cracked Tear,0,260,1,1,[0|0],13395000,0,0,0,0,0,[0|0]
760000270,[Item - Level 3] Crimsonwhorl Bubbletear,0,270,1,1,[0|0],13396000,0,0,0,0,0,[0|0]
760000280,[Item - Level 3] Cerulean Hidden Tear,0,280,1,1,[0|0],13397000,0,0,0,0,0,[0|0]
760000290,[Item - Level 3] Stonebarb Cracked Tear,0,290,1,1,[0|0],13398000,0,0,0,0,0,[0|0]
760000300,[Item - Level 3] Flame-Shrouding Cracked Tear,0,300,1,1,[0|0],13399000,0,0,0,0,0,[0|0]
760000310,[Item - Level 3] Magic-Shrouding Cracked Tear,0,310,1,1,[0|0],13400000,0,0,0,0,0,[0|0]
760000320,[Item - Level 3] Lightning-Shrouding Cracked Tear,0,320,1,1,[0|0],13401000,0,0,0,0,0,[0|0]
760000330,[Item - Level 3] Holy-Shrouding Cracked Tear,0,330,1,1,[0|0],13402000,0,0,0,0,0,[0|0]
760000340,[Item - Level 2] Ruptured Crystal Tear,0,340,1,1,[0|0],14101603,0,0,0,0,0,[0|0]
760000345,[Item - Level 3] Ruptured Crystal Tear,0,345,1,1,[0|0],14101613,0,0,0,0,0,[0|0]
760000350,[Relic - Level 2] Starlight Shards,0,350,1,1,[0|0],900501001,0,0,0,0,0,[0|0]
760000351,[Relic - Level 3] Starlight Shards,0,351,1,1,[0|0],900501002,0,0,0,0,0,[0|0]
760000360,[Item - Level 2] Purifying Crystal Tear,0,360,1,1,[0|0],13403000,0,0,0,0,0,[0|0]
760000365,[Item - Level 3] Purifying Crystal Tear,0,365,1,1,[0|0],13403010,0,0,0,0,0,[0|0]
800000000,,0,0,1,1,[0|0],40000000,0,0,0,0,0,[0|0]
800000005,[Effect] Multiple Periodical Glintblades,0,5,1,1,[0|0],40000005,0,0,0,0,0,[0|0]
800000010,[Effect] Many Periodical Glintblades,0,10,1,1,[0|0],40000010,0,0,0,0,0,[0|0]
800000015,[Effect] Periodical Giant Glintblades,0,15,1,1,[0|0],40000015,0,0,0,0,0,[0|0]
800000018,,0,18,1,1,[0|0],40000018,0,0,0,0,0,[0|0]
800000020,,0,20,1,0,[0|0],800000020,0,0,0,0,0,[0|0]
800000680,,0,680,1,1,[0|0],890000680,0,0,0,0,0,[0|0]
800000890,,0,890,1,1,[0|0],890000890,0,0,0,0,0,[0|0]
800000891,,0,891,1,1,[0|0],890000905,0,0,0,0,0,[0|0]
800000892,,0,892,1,1,[0|0],2245,0,0,0,0,0,[0|0]
800000893,,0,893,1,1,[0|0],890000906,0,0,0,0,0,[0|0]
800000901,,0,901,1,1,[0|0],890000901,0,0,0,0,0,[0|0]
800000905,,0,905,1,1,[0|0],12002842,0,0,0,0,0,[0|0]
800000906,,0,906,1,1,[0|0],12002845,0,0,0,0,0,[0|0]
800000907,,0,907,1,1,[0|0],12002847,0,0,0,0,0,[0|0]
800000910,,0,910,1,1,[0|0],890000910,0,0,0,0,0,[0|0]
800000911,,0,911,1,0,[0|0],880000901,0,0,0,0,0,[0|0]
800000912,,0,912,1,0,[0|0],880000902,0,0,0,0,0,[0|0]
800000920,,0,920,1,1,[0|0],892000000,0,0,0,0,0,[0|0]
800000930,,0,930,1,1,[0|0],4170,0,0,0,0,0,[0|0]
800000931,,0,931,1,1,[0|0],4175,0,0,0,0,0,[0|0]
800000940,,0,940,1,1,[0|0],4195,0,0,0,0,0,[0|0]
800000941,,0,941,1,1,[0|0],4196,0,0,0,0,0,[0|0]
800000950,,0,950,1,1,[0|0],4185,0,0,0,0,0,[0|0]
800000951,,0,951,1,1,[0|0],4186,0,0,0,0,0,[0|0]
800000952,,0,952,1,1,[0|0],4187,0,0,0,0,0,[0|0]
800000953,,0,953,1,1,[0|0],4188,0,0,0,0,0,[0|0]
800000954,,0,954,1,1,[0|0],4189,0,0,0,0,0,[0|0]
800000955,,0,955,1,1,[0|0],4190,0,0,0,0,0,[0|0]
800000960,,0,960,1,1,[0|0],4180,0,0,0,0,0,[0|0]
800000961,,0,961,1,1,[0|0],4182,0,0,0,0,0,[0|0]
800000965,,0,965,1,0,[0|0],880000910,0,0,0,0,0,[0|0]
800000966,,0,966,1,0,[0|0],880000911,0,0,0,0,0,[0|0]
800000967,,0,967,1,0,[0|0],880000912,0,0,0,0,0,[0|0]
801511900,,1511,900,1,1,[0|0],891511900,0,0,0,0,0,[0|0]
802000000,,0,0,1,1,[0|0],890000905,0,0,0,0,0,[0|0]
802000001,,0,0,1,1,[0|0],2245,0,0,0,0,0,[0|0]
803208900,[Effect] Parries Activate Golden Retaliation,3208,900,1,1,[0|0],12002840,0,0,0,0,0,[0|0]
804000000,,0,0,1,1,[0|0],890000920,0,0,0,0,0,[0|0]
804000001,,0,0,1,1,[0|0],890000921,0,0,0,0,0,[0|0]
804000002,,0,0,1,1,[0|0],890000922,0,0,0,0,0,[0|0]
804000003,,0,0,1,1,[0|0],890000923,0,0,0,0,0,[0|0]
804000004,,0,0,1,1,[0|0],890000924,0,0,0,0,0,[0|0]
804000005,,0,0,1,1,[0|0],890000925,0,0,0,0,0,[0|0]
804000006,,0,0,1,1,[0|0],890000926,0,0,0,0,0,[0|0]
811000000,,0,0,1,1,[0|0],890000000,0,0,0,0,0,[0|0]
841010000,[Effect] Lightning upon Dodging,0,0,1,1,[0|0],12692000,0,0,0,0,0,[0|0]
842010000,[Effect] Guard Counters Activate Holy Attacks,0,0,1,1,[0|0],12502000,0,0,0,0,0,[0|0]
842010001,[Effect] Guard Counters Activate Holy Attacks,0,0,1,1,[0|0],12502001,0,0,0,0,0,[0|0]
842020000,[Effect] Guard Counters Launch Summoning Attack,0,0,1,1,[0|0],12503000,0,0,0,0,0,[0|0]
842020001,[Effect] Guard Counters Launch Summoning Attack,0,0,1,1,[0|0],12503010,0,0,0,0,0,[0|0]
845000000,[Effect] Magma Surge Sprint,0,0,1,1,[0|0],12480000,0,0,0,0,0,[0|0]
845010000,[Effect] Ice Storm Surge Sprint,0,0,1,1,[0|0],12441000,0,0,0,0,0,[0|0]
846000000,,0,0,1,1,[0|0],10653001,0,0,0,0,0,[0|0]
846010000,[Effect] Savage Pillars of Flame Rise While Walking,0,0,1,1,[0|0],12612050,0,0,0,0,0,[0|0]
846020000,[Effect] Flame of Frenzy While Walking,0,0,1,1,[0|0],910610700,0,0,0,0,0,[0|0]
846030000,[Effect] Wraiths While Walking,0,0,1,1,[0|0],12301000,0,0,0,0,0,[0|0]
846040000,[Effect] Vicious Star Rain Pours While Walking,0,0,1,1,[0|0],12421007,0,0,0,0,0,[0|0]
846040001,[Effect] Vicious Star Rain Pours While Walking,0,0,1,1,[0|0],12421010,0,0,0,0,0,[0|0]
846040002,[Effect] Vicious Star Rain Pours While Walking,0,0,1,1,[0|0],12421020,0,0,0,0,0,[0|0]
846040003,[Effect] Vicious Star Rain Pours While Walking,0,0,1,1,[0|0],12421030,0,0,0,0,0,[0|0]
846050000,[Effect] Storm of Red Lightning While Walking,0,0,1,1,[0|0],12691000,0,0,0,0,0,[0|0]
863020000,[Effect] Attacks Summon Wraiths,0,0,1,1,[0|0],12301100,0,0,0,0,0,[0|0]
863030000,[Effect] Attacks Release Mist of Charm,0,0,1,1,[0|0],12335000,0,0,0,0,0,[0|0]
863040000,[Effect] Attacks Call Vengeful Spirits,0,0,1,1,[0|0],12501000,0,0,0,0,0,[0|0]
863050000,[Effect] Attacks Generate Lava,0,0,1,1,[0|0],12482050,0,0,0,0,0,[0|0]
863060000,[Effect] Attacks Release Mist of Frost,0,0,1,1,[0|0],12442050,0,0,0,0,0,[0|0]
863070000,[Effect] Attacks Unleash Lightning - Trigger Bullet,0,0,1,1,[0|0],12692100,0,0,0,0,0,[0|0]
863080000,[Effect] Attacks Generate Golden Shockwave - Trigger Bullet,0,0,1,1,[0|0],12641050,0,0,0,0,0,[0|0]
869000000,[Effect] Poison Produces a Mist of Poison,0,0,1,1,[0|0],12037000,0,0,0,0,0,[0|0]
869010000,,0,0,1,1,[0|0],12732000,0,0,0,0,0,[0|0]
869020000,[Effect] Rot Produces a Mist of Scarlet Rot,0,0,1,1,[0|0],12067000,0,0,0,0,0,[0|0]
869030000,[Effect] Frostbite Produces a Mist of Frost,0,0,1,1,[0|0],12036000,0,0,0,0,0,[0|0]
869040000,[Effect] Sleep Produces a Mist of Sleep,0,0,1,1,[0|0],12064000,0,0,0,0,0,[0|0]
869050000,,0,0,1,1,[0|0],12413000,0,0,0,0,0,[0|0]
869060000,[Effect] Creates Holy Ground at Low HP,0,210,1,1,[0|0],12002070,0,0,0,0,0,[0|0]
869060001,[Effect] Creates Holy Ground at Low HP,0,211,1,1,[0|0],12002071,0,0,0,0,0,[0|0]
869060002,[Effect] Creates Holy Ground at Low HP,0,212,1,1,[0|0],12002072,0,0,0,0,0,[0|0]
869060003,[Effect] Creates Holy Ground at Low HP,0,213,1,1,[0|0],12002073,0,0,0,0,0,[0|0]
890000000,[Effect] Gravestones - Summon Foe-chasing Vengeful Spirits,0,0,1,1,[0|0],180900,0,0,0,0,0,[0|0]
890000010,[Effect] Little Crystal - Create arch of magic glintblades,0,10,1,1,[0|0],180910,0,0,0,0,0,[0|0]
890000901,,0,0,1,1,[0|0],890000901,0,0,0,0,0,[0|0]
890000905,,0,905,1,1,[0|0],890000930,0,0,0,0,0,[0|0]
890000906,,0,906,1,1,[0|0],890000932,0,0,0,0,0,[0|0]
900000100,,0,100,1,1,[0|0],900000000,0,0,0,0,0,[0|0]
900010000,[Effect] Shielding Creates Holy Ground - Holy Ground 1,10,0,1,1,[0|0],98884200,0,0,0,0,0,[0|0]
900010001,[Effect] Shielding Creates Holy Ground - Holy Ground 2,10,1,1,1,[0|0],98884202,0,0,0,0,0,[0|0]
900010020,[Effect] Guarding Ups Attack & Casting Speeds - Behavior Effect Level 1,10,20,1,1,[0|0],98885200,0,0,0,0,0,[0|0]
900010021,[Effect] Guarding Ups Attack & Casting Speeds - Behavior Effect Level 2,10,21,1,1,[0|0],98885201,0,0,0,0,0,[0|0]
900010022,[Effect] Guarding Ups Attack & Casting Speeds - Behavior Effect Level 3,10,22,1,1,[0|0],98885202,0,0,0,0,0,[0|0]
900100000,,100,0,1,1,[0|0],98800000,0,0,0,0,0,[0|0]
900100005,,100,5,1,1,[0|0],98800010,0,0,0,0,0,[0|0]
900100010,,100,10,1,1,[0|0],98802000,0,0,0,0,0,[0|0]
900100015,,100,15,1,1,[0|0],98802010,0,0,0,0,0,[0|0]
900100020,,100,20,1,1,[0|0],98803000,0,0,0,0,0,[0|0]
900100030,,100,30,1,1,[0|0],98882100,0,0,0,0,0,[0|0]
900100035,,100,35,1,1,[0|0],98882110,0,0,0,0,0,[0|0]
900100050,,100,50,1,1,[0|0],98882500,0,0,0,0,0,[0|0]
900100055,,100,55,1,1,[0|0],98882510,0,0,0,0,0,[0|0]
900100060,,100,60,1,1,[0|0],98881000,0,0,0,0,0,[0|0]
900100065,,100,65,1,1,[0|0],98881020,0,0,0,0,0,[0|0]
900100070,,100,70,1,1,[0|0],98881200,0,0,0,0,0,[0|0]
900100071,,100,71,1,1,[0|0],98881201,0,0,0,0,0,[0|0]
900100072,,100,72,1,1,[0|0],98881202,0,0,0,0,0,[0|0]
900100080,,100,80,1,1,[0|0],98881501,0,0,0,0,0,[0|0]
900100085,,100,85,1,1,[0|0],98881510,0,0,0,0,0,[0|0]
900101000,,101,0,1,1,[0|0],98800000,0,0,0,0,0,[0|0]
900101005,,101,5,1,1,[0|0],98800010,0,0,0,0,0,[0|0]
900101010,,101,10,1,1,[0|0],98802000,0,0,0,0,0,[0|0]
900101015,,101,15,1,1,[0|0],98802010,0,0,0,0,0,[0|0]
900101020,,101,20,1,1,[0|0],98803000,0,0,0,0,0,[0|0]
900101030,,101,30,1,1,[0|0],98882100,0,0,0,0,0,[0|0]
900101035,,101,35,1,1,[0|0],98882110,0,0,0,0,0,[0|0]
900101050,,101,50,1,1,[0|0],98882500,0,0,0,0,0,[0|0]
900101055,,101,55,1,1,[0|0],98882510,0,0,0,0,0,[0|0]
900101060,,101,60,1,1,[0|0],98881000,0,0,0,0,0,[0|0]
900101065,,101,65,1,1,[0|0],98881020,0,0,0,0,0,[0|0]
900101070,,101,70,1,1,[0|0],98881200,0,0,0,0,0,[0|0]
900101071,,101,71,1,1,[0|0],98881201,0,0,0,0,0,[0|0]
900101072,,101,72,1,1,[0|0],98881202,0,0,0,0,0,[0|0]
900101080,,101,80,1,1,[0|0],98881501,0,0,0,0,0,[0|0]
900101085,,101,85,1,1,[0|0],98881510,0,0,0,0,0,[0|0]
900102221,,102,0,1,1,[0|0],900102221,0,0,0,0,0,[0|0]
900102240,,103,0,1,1,[0|0],900102240,0,0,0,0,0,[0|0]
900102241,,104,0,1,1,[0|0],900102241,0,0,0,0,0,[0|0]
900102260,,105,0,1,1,[0|0],900102260,0,0,0,0,0,[0|0]
900103000,,103,0,1,1,[0|0],98800000,0,0,0,0,0,[0|0]
900103005,,103,5,1,1,[0|0],98800010,0,0,0,0,0,[0|0]
900103010,,103,10,1,1,[0|0],98802000,0,0,0,0,0,[0|0]
900103015,,103,15,1,1,[0|0],98802010,0,0,0,0,0,[0|0]
900103020,,103,20,1,1,[0|0],98803000,0,0,0,0,0,[0|0]
900103030,,103,30,1,1,[0|0],98882100,0,0,0,0,0,[0|0]
900103035,,103,35,1,1,[0|0],98882110,0,0,0,0,0,[0|0]
900103050,,103,50,1,1,[0|0],98882500,0,0,0,0,0,[0|0]
900103055,,103,55,1,1,[0|0],98882510,0,0,0,0,0,[0|0]
900103060,,103,60,1,1,[0|0],98881000,0,0,0,0,0,[0|0]
900103065,,103,65,1,1,[0|0],98881020,0,0,0,0,0,[0|0]
900103070,,103,70,1,1,[0|0],98881200,0,0,0,0,0,[0|0]
900103071,,103,71,1,1,[0|0],98881201,0,0,0,0,0,[0|0]
900103072,,103,72,1,1,[0|0],98881202,0,0,0,0,0,[0|0]
900103080,,103,80,1,1,[0|0],98881501,0,0,0,0,0,[0|0]
900103085,,103,85,1,1,[0|0],98881510,0,0,0,0,0,[0|0]
900104000,,104,0,1,1,[0|0],98800000,0,0,0,0,0,[0|0]
900104005,,104,5,1,1,[0|0],98800010,0,0,0,0,0,[0|0]
900104010,,104,10,1,1,[0|0],98802000,0,0,0,0,0,[0|0]
900104015,,104,15,1,1,[0|0],98802010,0,0,0,0,0,[0|0]
900104020,,104,20,1,1,[0|0],98803000,0,0,0,0,0,[0|0]
900104030,,104,30,1,1,[0|0],98882100,0,0,0,0,0,[0|0]
900104035,,104,35,1,1,[0|0],98882110,0,0,0,0,0,[0|0]
900104050,,104,50,1,1,[0|0],98882500,0,0,0,0,0,[0|0]
900104055,,104,55,1,1,[0|0],98882510,0,0,0,0,0,[0|0]
900104060,,104,60,1,1,[0|0],98881000,0,0,0,0,0,[0|0]
900104065,,104,65,1,1,[0|0],98881020,0,0,0,0,0,[0|0]
900104070,,104,70,1,1,[0|0],98881200,0,0,0,0,0,[0|0]
900104071,,104,71,1,1,[0|0],98881201,0,0,0,0,0,[0|0]
900104072,,104,72,1,1,[0|0],98881202,0,0,0,0,0,[0|0]
900104080,,104,80,1,1,[0|0],98881501,0,0,0,0,0,[0|0]
900104085,,104,85,1,1,[0|0],98881510,0,0,0,0,0,[0|0]
900107000,,107,0,1,1,[0|0],98800000,0,0,0,0,0,[0|0]
900107005,,107,5,1,1,[0|0],98800010,0,0,0,0,0,[0|0]
900107010,,107,10,1,1,[0|0],98802000,0,0,0,0,0,[0|0]
900107015,,107,15,1,1,[0|0],98802010,0,0,0,0,0,[0|0]
900107020,,107,20,1,1,[0|0],98803000,0,0,0,0,0,[0|0]
900107030,,107,30,1,1,[0|0],98882100,0,0,0,0,0,[0|0]
900107035,,107,35,1,1,[0|0],98882110,0,0,0,0,0,[0|0]
900107050,,107,50,1,1,[0|0],98882500,0,0,0,0,0,[0|0]
900107055,,107,55,1,1,[0|0],98882510,0,0,0,0,0,[0|0]
900107060,,107,60,1,1,[0|0],98881000,0,0,0,0,0,[0|0]
900107065,,107,65,1,1,[0|0],98881020,0,0,0,0,0,[0|0]
900107070,,107,70,1,1,[0|0],98881200,0,0,0,0,0,[0|0]
900107071,,107,71,1,1,[0|0],98881201,0,0,0,0,0,[0|0]
900107072,,107,72,1,1,[0|0],98881202,0,0,0,0,0,[0|0]
900107080,,107,80,1,1,[0|0],98881501,0,0,0,0,0,[0|0]
900107085,,107,85,1,1,[0|0],98881510,0,0,0,0,0,[0|0]
900116000,,116,0,1,1,[0|0],98800000,0,0,0,0,0,[0|0]
900116005,,116,5,1,1,[0|0],98800010,0,0,0,0,0,[0|0]
900116010,,116,10,1,1,[0|0],98802000,0,0,0,0,0,[0|0]
900116015,,116,15,1,1,[0|0],98802010,0,0,0,0,0,[0|0]
900116020,,116,20,1,1,[0|0],98803000,0,0,0,0,0,[0|0]
900116030,,116,30,1,1,[0|0],98882100,0,0,0,0,0,[0|0]
900116035,,116,35,1,1,[0|0],98882110,0,0,0,0,0,[0|0]
900116050,,116,50,1,1,[0|0],98882500,0,0,0,0,0,[0|0]
900116055,,116,55,1,1,[0|0],98882510,0,0,0,0,0,[0|0]
900116060,,116,60,1,1,[0|0],98881000,0,0,0,0,0,[0|0]
900116065,,116,65,1,1,[0|0],98881020,0,0,0,0,0,[0|0]
900116070,,116,70,1,1,[0|0],98881200,0,0,0,0,0,[0|0]
900116071,,116,71,1,1,[0|0],98881201,0,0,0,0,0,[0|0]
900116072,,116,72,1,1,[0|0],98881202,0,0,0,0,0,[0|0]
900116080,,116,80,1,1,[0|0],98881501,0,0,0,0,0,[0|0]
900116085,,116,85,1,1,[0|0],98881510,0,0,0,0,0,[0|0]
900117000,,117,0,1,1,[0|0],98800000,0,0,0,0,0,[0|0]
900117005,,117,5,1,1,[0|0],98800010,0,0,0,0,0,[0|0]
900117010,,117,10,1,1,[0|0],98802000,0,0,0,0,0,[0|0]
900117015,,117,15,1,1,[0|0],98802010,0,0,0,0,0,[0|0]
900117020,,117,20,1,1,[0|0],98803000,0,0,0,0,0,[0|0]
900117030,,117,30,1,1,[0|0],98882100,0,0,0,0,0,[0|0]
900117035,,117,35,1,1,[0|0],98882110,0,0,0,0,0,[0|0]
900117050,,117,50,1,1,[0|0],98882500,0,0,0,0,0,[0|0]
900117055,,117,55,1,1,[0|0],98882510,0,0,0,0,0,[0|0]
900117060,,117,60,1,1,[0|0],98881000,0,0,0,0,0,[0|0]
900117065,,117,65,1,1,[0|0],98881020,0,0,0,0,0,[0|0]
900117070,,117,70,1,1,[0|0],98881200,0,0,0,0,0,[0|0]
900117071,,117,71,1,1,[0|0],98881201,0,0,0,0,0,[0|0]
900117072,,117,72,1,1,[0|0],98881202,0,0,0,0,0,[0|0]
900117080,,117,80,1,1,[0|0],98881501,0,0,0,0,0,[0|0]
900117085,,117,85,1,1,[0|0],98881510,0,0,0,0,0,[0|0]
900204000,,204,0,1,1,[0|0],98800020,0,0,0,0,0,[0|0]
900204005,,204,5,1,1,[0|0],98800010,0,0,0,0,0,[0|0]
900204010,,204,10,1,1,[0|0],98802000,0,0,0,0,0,[0|0]
900204015,,204,15,1,1,[0|0],98802010,0,0,0,0,0,[0|0]
900204020,,204,20,1,1,[0|0],98803000,0,0,0,0,0,[0|0]
900204030,,204,30,1,1,[0|0],98882120,0,0,0,0,0,[0|0]
900204035,,204,35,1,1,[0|0],98882110,0,0,0,0,0,[0|0]
900204050,,204,50,1,1,[0|0],98882520,0,0,0,0,0,[0|0]
900204055,,204,55,1,1,[0|0],98882510,0,0,0,0,0,[0|0]
900204060,,204,60,1,1,[0|0],98881000,0,0,0,0,0,[0|0]
900204065,,204,65,1,1,[0|0],98881020,0,0,0,0,0,[0|0]
900204070,,204,70,1,1,[0|0],98881220,0,0,0,0,0,[0|0]
900204071,,204,71,1,1,[0|0],98881221,0,0,0,0,0,[0|0]
900204072,,204,72,1,1,[0|0],98881222,0,0,0,0,0,[0|0]
900204080,,204,80,1,1,[0|0],98881520,0,0,0,0,0,[0|0]
900204085,,204,85,1,1,[0|0],98881510,0,0,0,0,0,[0|0]
900205000,,205,0,1,1,[0|0],98800020,0,0,0,0,0,[0|0]
900205005,,205,5,1,1,[0|0],98800010,0,0,0,0,0,[0|0]
900205010,,205,10,1,1,[0|0],98802000,0,0,0,0,0,[0|0]
900205015,,205,15,1,1,[0|0],98802010,0,0,0,0,0,[0|0]
900205020,,205,20,1,1,[0|0],98803000,0,0,0,0,0,[0|0]
900205030,,205,30,1,1,[0|0],98882120,0,0,0,0,0,[0|0]
900205035,,205,35,1,1,[0|0],98882110,0,0,0,0,0,[0|0]
900205050,,205,50,1,1,[0|0],98882520,0,0,0,0,0,[0|0]
900205055,,205,55,1,1,[0|0],98882510,0,0,0,0,0,[0|0]
900205060,,205,60,1,1,[0|0],98881000,0,0,0,0,0,[0|0]
900205065,,205,65,1,1,[0|0],98881020,0,0,0,0,0,[0|0]
900205070,,205,70,1,1,[0|0],98881220,0,0,0,0,0,[0|0]
900205071,,205,71,1,1,[0|0],98881221,0,0,0,0,0,[0|0]
900205072,,205,72,1,1,[0|0],98881222,0,0,0,0,0,[0|0]
900205080,,205,80,1,1,[0|0],98881520,0,0,0,0,0,[0|0]
900205085,,205,85,1,1,[0|0],98881510,0,0,0,0,0,[0|0]
900207000,,207,0,1,1,[0|0],98800020,0,0,0,0,0,[0|0]
900207005,,207,5,1,1,[0|0],98800010,0,0,0,0,0,[0|0]
900207010,,207,10,1,1,[0|0],98802000,0,0,0,0,0,[0|0]
900207015,,207,15,1,1,[0|0],98802010,0,0,0,0,0,[0|0]
900207020,,207,20,1,1,[0|0],98803000,0,0,0,0,0,[0|0]
900207030,,207,30,1,1,[0|0],98882120,0,0,0,0,0,[0|0]
900207035,,207,35,1,1,[0|0],98882110,0,0,0,0,0,[0|0]
900207050,,207,50,1,1,[0|0],98882520,0,0,0,0,0,[0|0]
900207055,,207,55,1,1,[0|0],98882510,0,0,0,0,0,[0|0]
900207060,,207,60,1,1,[0|0],98881000,0,0,0,0,0,[0|0]
900207065,,207,65,1,1,[0|0],98881020,0,0,0,0,0,[0|0]
900207070,,207,70,1,1,[0|0],98881220,0,0,0,0,0,[0|0]
900207071,,207,71,1,1,[0|0],98881221,0,0,0,0,0,[0|0]
900207072,,207,72,1,1,[0|0],98881222,0,0,0,0,0,[0|0]
900207080,,207,80,1,1,[0|0],98881520,0,0,0,0,0,[0|0]
900207085,,207,85,1,1,[0|0],98881510,0,0,0,0,0,[0|0]
900210000,,210,0,1,1,[0|0],98800020,0,0,0,0,0,[0|0]
900210005,,210,5,1,1,[0|0],98800010,0,0,0,0,0,[0|0]
900210010,,210,10,1,1,[0|0],98802000,0,0,0,0,0,[0|0]
900210015,,210,15,1,1,[0|0],98802010,0,0,0,0,0,[0|0]
900210020,,210,20,1,1,[0|0],98803000,0,0,0,0,0,[0|0]
900210030,,210,30,1,1,[0|0],98882120,0,0,0,0,0,[0|0]
900210035,,210,35,1,1,[0|0],98882110,0,0,0,0,0,[0|0]
900210050,,210,50,1,1,[0|0],98882520,0,0,0,0,0,[0|0]
900210055,,210,55,1,1,[0|0],98882510,0,0,0,0,0,[0|0]
900210060,,210,60,1,1,[0|0],98881000,0,0,0,0,0,[0|0]
900210065,,210,65,1,1,[0|0],98881020,0,0,0,0,0,[0|0]
900210070,,210,70,1,1,[0|0],98881220,0,0,0,0,0,[0|0]
900210071,,210,71,1,1,[0|0],98881221,0,0,0,0,0,[0|0]
900210072,,210,72,1,1,[0|0],98881222,0,0,0,0,0,[0|0]
900210080,,210,80,1,1,[0|0],98881520,0,0,0,0,0,[0|0]
900210085,,210,85,1,1,[0|0],98881510,0,0,0,0,0,[0|0]
900211000,,211,0,1,1,[0|0],98800020,0,0,0,0,0,[0|0]
900211005,,211,5,1,1,[0|0],98800010,0,0,0,0,0,[0|0]
900211010,,211,10,1,1,[0|0],98802000,0,0,0,0,0,[0|0]
900211015,,211,15,1,1,[0|0],98802010,0,0,0,0,0,[0|0]
900211020,,211,20,1,1,[0|0],98803000,0,0,0,0,0,[0|0]
900211030,,211,30,1,1,[0|0],98882120,0,0,0,0,0,[0|0]
900211035,,211,35,1,1,[0|0],98882110,0,0,0,0,0,[0|0]
900211050,,211,50,1,1,[0|0],98882520,0,0,0,0,0,[0|0]
900211055,,211,55,1,1,[0|0],98882510,0,0,0,0,0,[0|0]
900211060,,211,60,1,1,[0|0],98881000,0,0,0,0,0,[0|0]
900211065,,211,65,1,1,[0|0],98881020,0,0,0,0,0,[0|0]
900211070,,211,70,1,1,[0|0],98881220,0,0,0,0,0,[0|0]
900211071,,211,71,1,1,[0|0],98881221,0,0,0,0,0,[0|0]
900211072,,211,72,1,1,[0|0],98881222,0,0,0,0,0,[0|0]
900211080,,211,80,1,1,[0|0],98881520,0,0,0,0,0,[0|0]
900211085,,211,85,1,1,[0|0],98881510,0,0,0,0,0,[0|0]
900215000,,215,0,1,1,[0|0],98800020,0,0,0,0,0,[0|0]
900215005,,215,5,1,1,[0|0],98800010,0,0,0,0,0,[0|0]
900215010,,215,10,1,1,[0|0],98802000,0,0,0,0,0,[0|0]
900215015,,215,15,1,1,[0|0],98802010,0,0,0,0,0,[0|0]
900215020,,215,20,1,1,[0|0],98803000,0,0,0,0,0,[0|0]
900215030,,215,30,1,1,[0|0],98882120,0,0,0,0,0,[0|0]
900215035,,215,35,1,1,[0|0],98882110,0,0,0,0,0,[0|0]
900215050,,215,50,1,1,[0|0],98882520,0,0,0,0,0,[0|0]
900215055,,215,55,1,1,[0|0],98882510,0,0,0,0,0,[0|0]
900215060,,215,60,1,1,[0|0],98881000,0,0,0,0,0,[0|0]
900215065,,215,65,1,1,[0|0],98881020,0,0,0,0,0,[0|0]
900215070,,215,70,1,1,[0|0],98881220,0,0,0,0,0,[0|0]
900215071,,215,71,1,1,[0|0],98881221,0,0,0,0,0,[0|0]
900215072,,215,72,1,1,[0|0],98881222,0,0,0,0,0,[0|0]
900215080,,215,80,1,1,[0|0],98881520,0,0,0,0,0,[0|0]
900215085,,215,85,1,1,[0|0],98881510,0,0,0,0,0,[0|0]
900300000,,300,0,1,1,[0|0],98800020,0,0,0,0,0,[0|0]
900300005,,300,5,1,1,[0|0],98800010,0,0,0,0,0,[0|0]
900300010,,300,10,1,1,[0|0],98802000,0,0,0,0,0,[0|0]
900300015,,300,15,1,1,[0|0],98802010,0,0,0,0,0,[0|0]
900300020,,300,20,1,1,[0|0],98803000,0,0,0,0,0,[0|0]
900300030,,300,30,1,1,[0|0],98882120,0,0,0,0,0,[0|0]
900300035,,300,35,1,1,[0|0],98882110,0,0,0,0,0,[0|0]
900300050,,300,50,1,1,[0|0],98882520,0,0,0,0,0,[0|0]
900300055,,300,55,1,1,[0|0],98882510,0,0,0,0,0,[0|0]
900300060,,300,60,1,1,[0|0],98881000,0,0,0,0,0,[0|0]
900300065,,300,65,1,1,[0|0],98881020,0,0,0,0,0,[0|0]
900300070,,300,70,1,1,[0|0],98881220,0,0,0,0,0,[0|0]
900300071,,300,71,1,1,[0|0],98881221,0,0,0,0,0,[0|0]
900300072,,300,72,1,1,[0|0],98881222,0,0,0,0,0,[0|0]
900300080,,300,80,1,1,[0|0],98881520,0,0,0,0,0,[0|0]
900300085,,300,85,1,1,[0|0],98881510,0,0,0,0,0,[0|0]
900302000,,302,0,1,1,[0|0],98800020,0,0,0,0,0,[0|0]
900302005,,302,5,1,1,[0|0],98800010,0,0,0,0,0,[0|0]
900302010,,302,10,1,1,[0|0],98802000,0,0,0,0,0,[0|0]
900302015,,302,15,1,1,[0|0],98802010,0,0,0,0,0,[0|0]
900302020,,302,20,1,1,[0|0],98803000,0,0,0,0,0,[0|0]
900302030,,302,30,1,1,[0|0],98882120,0,0,0,0,0,[0|0]
900302035,,302,35,1,1,[0|0],98882110,0,0,0,0,0,[0|0]
900302050,,302,50,1,1,[0|0],98882520,0,0,0,0,0,[0|0]
900302055,,302,55,1,1,[0|0],98882510,0,0,0,0,0,[0|0]
900302060,,302,60,1,1,[0|0],98881000,0,0,0,0,0,[0|0]
900302065,,302,65,1,1,[0|0],98881020,0,0,0,0,0,[0|0]
900302070,,302,70,1,1,[0|0],98881220,0,0,0,0,0,[0|0]
900302071,,302,71,1,1,[0|0],98881221,0,0,0,0,0,[0|0]
900302072,,302,72,1,1,[0|0],98881222,0,0,0,0,0,[0|0]
900302080,,302,80,1,1,[0|0],98881520,0,0,0,0,0,[0|0]
900302085,,302,85,1,1,[0|0],98881510,0,0,0,0,0,[0|0]
900303000,,303,0,1,1,[0|0],98800020,0,0,0,0,0,[0|0]
900303005,,303,5,1,1,[0|0],98800010,0,0,0,0,0,[0|0]
900303010,,303,10,1,1,[0|0],98802000,0,0,0,0,0,[0|0]
900303015,,303,15,1,1,[0|0],98802010,0,0,0,0,0,[0|0]
900303020,,303,20,1,1,[0|0],98803000,0,0,0,0,0,[0|0]
900303030,,303,30,1,1,[0|0],98882120,0,0,0,0,0,[0|0]
900303035,,303,35,1,1,[0|0],98882110,0,0,0,0,0,[0|0]
900303050,,303,50,1,1,[0|0],98882520,0,0,0,0,0,[0|0]
900303055,,303,55,1,1,[0|0],98882510,0,0,0,0,0,[0|0]
900303060,,303,60,1,1,[0|0],98881000,0,0,0,0,0,[0|0]
900303065,,303,65,1,1,[0|0],98881020,0,0,0,0,0,[0|0]
900303070,,303,70,1,1,[0|0],98881220,0,0,0,0,0,[0|0]
900303071,,303,71,1,1,[0|0],98881221,0,0,0,0,0,[0|0]
900303072,,303,72,1,1,[0|0],98881222,0,0,0,0,0,[0|0]
900303080,,303,80,1,1,[0|0],98881520,0,0,0,0,0,[0|0]
900303085,,303,85,1,1,[0|0],98881510,0,0,0,0,0,[0|0]
900306000,,306,0,1,1,[0|0],98800020,0,0,0,0,0,[0|0]
900306005,,306,5,1,1,[0|0],98800010,0,0,0,0,0,[0|0]
900306010,,306,10,1,1,[0|0],98802000,0,0,0,0,0,[0|0]
900306015,,306,15,1,1,[0|0],98802010,0,0,0,0,0,[0|0]
900306020,,306,20,1,1,[0|0],98803000,0,0,0,0,0,[0|0]
900306030,,306,30,1,1,[0|0],98882120,0,0,0,0,0,[0|0]
900306035,,306,35,1,1,[0|0],98882110,0,0,0,0,0,[0|0]
900306050,,306,50,1,1,[0|0],98882520,0,0,0,0,0,[0|0]
900306055,,306,55,1,1,[0|0],98882510,0,0,0,0,0,[0|0]
900306060,,306,60,1,1,[0|0],98881000,0,0,0,0,0,[0|0]
900306065,,306,65,1,1,[0|0],98881020,0,0,0,0,0,[0|0]
900306070,,306,70,1,1,[0|0],98881220,0,0,0,0,0,[0|0]
900306071,,306,71,1,1,[0|0],98881221,0,0,0,0,0,[0|0]
900306072,,306,72,1,1,[0|0],98881222,0,0,0,0,0,[0|0]
900306080,,306,80,1,1,[0|0],98881520,0,0,0,0,0,[0|0]
900306085,,306,85,1,1,[0|0],98881510,0,0,0,0,0,[0|0]
900309000,,309,0,1,1,[0|0],98800020,0,0,0,0,0,[0|0]
900309005,,309,5,1,1,[0|0],98800010,0,0,0,0,0,[0|0]
900309010,,309,10,1,1,[0|0],98802000,0,0,0,0,0,[0|0]
900309015,,309,15,1,1,[0|0],98802010,0,0,0,0,0,[0|0]
900309020,,309,20,1,1,[0|0],98803000,0,0,0,0,0,[0|0]
900309030,,309,30,1,1,[0|0],98882120,0,0,0,0,0,[0|0]
900309035,,309,35,1,1,[0|0],98882110,0,0,0,0,0,[0|0]
900309050,,309,50,1,1,[0|0],98882520,0,0,0,0,0,[0|0]
900309055,,309,55,1,1,[0|0],98882510,0,0,0,0,0,[0|0]
900309060,,309,60,1,1,[0|0],98881000,0,0,0,0,0,[0|0]
900309065,,309,65,1,1,[0|0],98881020,0,0,0,0,0,[0|0]
900309070,,309,70,1,1,[0|0],98881220,0,0,0,0,0,[0|0]
900309071,,309,71,1,1,[0|0],98881221,0,0,0,0,0,[0|0]
900309072,,309,72,1,1,[0|0],98881222,0,0,0,0,0,[0|0]
900309080,,309,80,1,1,[0|0],98881520,0,0,0,0,0,[0|0]
900309085,,309,85,1,1,[0|0],98881510,0,0,0,0,0,[0|0]
900311000,,311,0,1,1,[0|0],98800020,0,0,0,0,0,[0|0]
900311005,,311,5,1,1,[0|0],98800010,0,0,0,0,0,[0|0]
900311010,,311,10,1,1,[0|0],98802000,0,0,0,0,0,[0|0]
900311015,,311,15,1,1,[0|0],98802010,0,0,0,0,0,[0|0]
900311020,,311,20,1,1,[0|0],98803000,0,0,0,0,0,[0|0]
900311030,,311,30,1,1,[0|0],98882120,0,0,0,0,0,[0|0]
900311035,,311,35,1,1,[0|0],98882110,0,0,0,0,0,[0|0]
900311050,,311,50,1,1,[0|0],98882520,0,0,0,0,0,[0|0]
900311055,,311,55,1,1,[0|0],98882510,0,0,0,0,0,[0|0]
900311060,,311,60,1,1,[0|0],98881000,0,0,0,0,0,[0|0]
900311065,,311,65,1,1,[0|0],98881020,0,0,0,0,0,[0|0]
900311070,,311,70,1,1,[0|0],98881220,0,0,0,0,0,[0|0]
900311071,,311,71,1,1,[0|0],98881221,0,0,0,0,0,[0|0]
900311072,,311,72,1,1,[0|0],98881222,0,0,0,0,0,[0|0]
900311080,,311,80,1,1,[0|0],98881520,0,0,0,0,0,[0|0]
900311085,,311,85,1,1,[0|0],98881510,0,0,0,0,0,[0|0]
900319000,,319,0,1,1,[0|0],98800020,0,0,0,0,0,[0|0]
900319005,,319,5,1,1,[0|0],98800010,0,0,0,0,0,[0|0]
900319010,,319,10,1,1,[0|0],98802000,0,0,0,0,0,[0|0]
900319015,,319,15,1,1,[0|0],98802010,0,0,0,0,0,[0|0]
900319020,,319,20,1,1,[0|0],98803000,0,0,0,0,0,[0|0]
900319030,,319,30,1,1,[0|0],98882120,0,0,0,0,0,[0|0]
900319035,,319,35,1,1,[0|0],98882110,0,0,0,0,0,[0|0]
900319050,,319,50,1,1,[0|0],98882520,0,0,0,0,0,[0|0]
900319055,,319,55,1,1,[0|0],98882510,0,0,0,0,0,[0|0]
900319060,,319,60,1,1,[0|0],98881000,0,0,0,0,0,[0|0]
900319065,,319,65,1,1,[0|0],98881020,0,0,0,0,0,[0|0]
900319070,,319,70,1,1,[0|0],98881220,0,0,0,0,0,[0|0]
900319071,,319,71,1,1,[0|0],98881221,0,0,0,0,0,[0|0]
900319072,,319,72,1,1,[0|0],98881222,0,0,0,0,0,[0|0]
900319080,,319,80,1,1,[0|0],98881520,0,0,0,0,0,[0|0]
900319085,,319,85,1,1,[0|0],98881510,0,0,0,0,0,[0|0]
900404000,,404,0,1,1,[0|0],98800030,0,0,0,0,0,[0|0]
900404005,,404,5,1,1,[0|0],98800010,0,0,0,0,0,[0|0]
900404010,,404,10,1,1,[0|0],98802000,0,0,0,0,0,[0|0]
900404015,,404,15,1,1,[0|0],98802010,0,0,0,0,0,[0|0]
900404020,,404,20,1,1,[0|0],98803000,0,0,0,0,0,[0|0]
900404030,,404,30,1,1,[0|0],98882120,0,0,0,0,0,[0|0]
900404035,,404,35,1,1,[0|0],98882110,0,0,0,0,0,[0|0]
900404050,,404,50,1,1,[0|0],98882530,0,0,0,0,0,[0|0]
900404055,,404,55,1,1,[0|0],98882510,0,0,0,0,0,[0|0]
900404060,,404,60,1,1,[0|0],98881000,0,0,0,0,0,[0|0]
900404065,,404,65,1,1,[0|0],98881020,0,0,0,0,0,[0|0]
900404070,,404,70,1,1,[0|0],98881230,0,0,0,0,0,[0|0]
900404071,,404,71,1,1,[0|0],98881231,0,0,0,0,0,[0|0]
900404072,,404,72,1,1,[0|0],98881232,0,0,0,0,0,[0|0]
900404080,,404,80,1,1,[0|0],98881530,0,0,0,0,0,[0|0]
900404085,,404,85,1,1,[0|0],98881510,0,0,0,0,0,[0|0]
900406000,,406,0,1,1,[0|0],98800030,0,0,0,0,0,[0|0]
900406005,,406,5,1,1,[0|0],98800010,0,0,0,0,0,[0|0]
900406010,,406,10,1,1,[0|0],98802000,0,0,0,0,0,[0|0]
900406015,,406,15,1,1,[0|0],98802010,0,0,0,0,0,[0|0]
900406020,,406,20,1,1,[0|0],98803000,0,0,0,0,0,[0|0]
900406030,,406,30,1,1,[0|0],98882120,0,0,0,0,0,[0|0]
900406035,,406,35,1,1,[0|0],98882110,0,0,0,0,0,[0|0]
900406050,,406,50,1,1,[0|0],98882530,0,0,0,0,0,[0|0]
900406055,,406,55,1,1,[0|0],98882510,0,0,0,0,0,[0|0]
900406060,,406,60,1,1,[0|0],98881000,0,0,0,0,0,[0|0]
900406065,,406,65,1,1,[0|0],98881020,0,0,0,0,0,[0|0]
900406070,,406,70,1,1,[0|0],98881230,0,0,0,0,0,[0|0]
900406071,,406,71,1,1,[0|0],98881231,0,0,0,0,0,[0|0]
900406072,,406,72,1,1,[0|0],98881232,0,0,0,0,0,[0|0]
900406080,,406,80,1,1,[0|0],98881530,0,0,0,0,0,[0|0]
900406085,,406,85,1,1,[0|0],98881510,0,0,0,0,0,[0|0]
900500000,,500,0,1,1,[0|0],98800020,0,0,0,0,0,[0|0]
900500005,,500,5,1,1,[0|0],98800010,0,0,0,0,0,[0|0]
900500010,,500,10,1,1,[0|0],98802000,0,0,0,0,0,[0|0]
900500015,,500,15,1,1,[0|0],98802010,0,0,0,0,0,[0|0]
900500020,,500,20,1,1,[0|0],98803000,0,0,0,0,0,[0|0]
900500030,,500,30,1,1,[0|0],98882120,0,0,0,0,0,[0|0]
900500035,,500,35,1,1,[0|0],98882110,0,0,0,0,0,[0|0]
900500050,,500,50,1,1,[0|0],98882520,0,0,0,0,0,[0|0]
900500055,,500,55,1,1,[0|0],98882510,0,0,0,0,0,[0|0]
900500060,,500,60,1,1,[0|0],98881000,0,0,0,0,0,[0|0]
900500065,,500,65,1,1,[0|0],98881020,0,0,0,0,0,[0|0]
900500070,,500,70,1,1,[0|0],98881220,0,0,0,0,0,[0|0]
900500071,,500,71,1,1,[0|0],98881221,0,0,0,0,0,[0|0]
900500072,,500,72,1,1,[0|0],98881222,0,0,0,0,0,[0|0]
900500080,,500,80,1,1,[0|0],98881520,0,0,0,0,0,[0|0]
900500085,,500,85,1,1,[0|0],98881510,0,0,0,0,0,[0|0]
900501000,,501,0,1,1,[0|0],98800020,0,0,0,0,0,[0|0]
900501005,,501,5,1,1,[0|0],98800010,0,0,0,0,0,[0|0]
900501010,,501,10,1,1,[0|0],98802000,0,0,0,0,0,[0|0]
900501015,,501,15,1,1,[0|0],98802010,0,0,0,0,0,[0|0]
900501020,,501,20,1,1,[0|0],98803000,0,0,0,0,0,[0|0]
900501030,,501,30,1,1,[0|0],98882120,0,0,0,0,0,[0|0]
900501035,,501,35,1,1,[0|0],98882110,0,0,0,0,0,[0|0]
900501050,,501,50,1,1,[0|0],98882520,0,0,0,0,0,[0|0]
900501055,,501,55,1,1,[0|0],98882510,0,0,0,0,0,[0|0]
900501060,,501,60,1,1,[0|0],98881000,0,0,0,0,0,[0|0]
900501065,,501,65,1,1,[0|0],98881020,0,0,0,0,0,[0|0]
900501070,,501,70,1,1,[0|0],98881220,0,0,0,0,0,[0|0]
900501071,,501,71,1,1,[0|0],98881221,0,0,0,0,0,[0|0]
900501072,,501,72,1,1,[0|0],98881222,0,0,0,0,0,[0|0]
900501080,,501,80,1,1,[0|0],98881520,0,0,0,0,0,[0|0]
900501085,,501,85,1,1,[0|0],98881510,0,0,0,0,0,[0|0]
900503000,,503,0,1,1,[0|0],98800020,0,0,0,0,0,[0|0]
900503005,,503,5,1,1,[0|0],98800010,0,0,0,0,0,[0|0]
900503010,,503,10,1,1,[0|0],98802000,0,0,0,0,0,[0|0]
900503015,,503,15,1,1,[0|0],98802010,0,0,0,0,0,[0|0]
900503020,,503,20,1,1,[0|0],98803000,0,0,0,0,0,[0|0]
900503030,,503,30,1,1,[0|0],98882120,0,0,0,0,0,[0|0]
900503035,,503,35,1,1,[0|0],98882110,0,0,0,0,0,[0|0]
900503050,,503,50,1,1,[0|0],98882520,0,0,0,0,0,[0|0]
900503055,,503,55,1,1,[0|0],98882510,0,0,0,0,0,[0|0]
900503060,,503,60,1,1,[0|0],98881000,0,0,0,0,0,[0|0]
900503065,,503,65,1,1,[0|0],98881020,0,0,0,0,0,[0|0]
900503070,,503,70,1,1,[0|0],98881220,0,0,0,0,0,[0|0]
900503071,,503,71,1,1,[0|0],98881221,0,0,0,0,0,[0|0]
900503072,,503,72,1,1,[0|0],98881222,0,0,0,0,0,[0|0]
900503080,,503,80,1,1,[0|0],98881520,0,0,0,0,0,[0|0]
900503085,,503,85,1,1,[0|0],98881510,0,0,0,0,0,[0|0]
900602000,,602,0,1,1,[0|0],98800030,0,0,0,0,0,[0|0]
900602005,,602,5,1,1,[0|0],98800010,0,0,0,0,0,[0|0]
900602010,,602,10,1,1,[0|0],98802000,0,0,0,0,0,[0|0]
900602015,,602,15,1,1,[0|0],98802010,0,0,0,0,0,[0|0]
900602020,,602,20,1,1,[0|0],98803000,0,0,0,0,0,[0|0]
900602030,,602,30,1,1,[0|0],98882120,0,0,0,0,0,[0|0]
900602035,,602,35,1,1,[0|0],98882110,0,0,0,0,0,[0|0]
900602050,,602,50,1,1,[0|0],98882530,0,0,0,0,0,[0|0]
900602055,,602,55,1,1,[0|0],98882510,0,0,0,0,0,[0|0]
900602060,,602,60,1,1,[0|0],98881000,0,0,0,0,0,[0|0]
900602065,,602,65,1,1,[0|0],98881020,0,0,0,0,0,[0|0]
900602070,,602,70,1,1,[0|0],98881230,0,0,0,0,0,[0|0]
900602071,,602,71,1,1,[0|0],98881231,0,0,0,0,0,[0|0]
900602072,,602,72,1,1,[0|0],98881232,0,0,0,0,0,[0|0]
900602080,,602,80,1,1,[0|0],98881530,0,0,0,0,0,[0|0]
900602085,,602,85,1,1,[0|0],98881510,0,0,0,0,0,[0|0]
900702000,,702,0,1,1,[0|0],98800020,0,0,0,0,0,[0|0]
900702005,,702,5,1,1,[0|0],98800010,0,0,0,0,0,[0|0]
900702010,,702,10,1,1,[0|0],98802000,0,0,0,0,0,[0|0]
900702015,,702,15,1,1,[0|0],98802010,0,0,0,0,0,[0|0]
900702020,,702,20,1,1,[0|0],98803000,0,0,0,0,0,[0|0]
900702030,,702,30,1,1,[0|0],98882120,0,0,0,0,0,[0|0]
900702035,,702,35,1,1,[0|0],98882110,0,0,0,0,0,[0|0]
900702050,,702,50,1,1,[0|0],98882520,0,0,0,0,0,[0|0]
900702055,,702,55,1,1,[0|0],98882510,0,0,0,0,0,[0|0]
900702060,,702,60,1,1,[0|0],98881000,0,0,0,0,0,[0|0]
900702065,,702,65,1,1,[0|0],98881020,0,0,0,0,0,[0|0]
900702070,,702,70,1,1,[0|0],98881220,0,0,0,0,0,[0|0]
900702071,,702,71,1,1,[0|0],98881221,0,0,0,0,0,[0|0]
900702072,,702,72,1,1,[0|0],98881222,0,0,0,0,0,[0|0]
900702080,,702,80,1,1,[0|0],98881520,0,0,0,0,0,[0|0]
900702085,,702,85,1,1,[0|0],98881510,0,0,0,0,0,[0|0]
900703000,,703,0,1,1,[0|0],98800020,0,0,0,0,0,[0|0]
900703005,,703,5,1,1,[0|0],98800010,0,0,0,0,0,[0|0]
900703010,,703,10,1,1,[0|0],98802000,0,0,0,0,0,[0|0]
900703015,,703,15,1,1,[0|0],98802010,0,0,0,0,0,[0|0]
900703020,,703,20,1,1,[0|0],98803000,0,0,0,0,0,[0|0]
900703030,,703,30,1,1,[0|0],98882120,0,0,0,0,0,[0|0]
900703035,,703,35,1,1,[0|0],98882110,0,0,0,0,0,[0|0]
900703050,,703,50,1,1,[0|0],98882520,0,0,0,0,0,[0|0]
900703055,,703,55,1,1,[0|0],98882510,0,0,0,0,0,[0|0]
900703060,,703,60,1,1,[0|0],98881000,0,0,0,0,0,[0|0]
900703065,,703,65,1,1,[0|0],98881020,0,0,0,0,0,[0|0]
900703070,,703,70,1,1,[0|0],98881220,0,0,0,0,0,[0|0]
900703071,,703,71,1,1,[0|0],98881221,0,0,0,0,0,[0|0]
900703072,,703,72,1,1,[0|0],98881222,0,0,0,0,0,[0|0]
900703080,,703,80,1,1,[0|0],98881520,0,0,0,0,0,[0|0]
900703085,,703,85,1,1,[0|0],98881510,0,0,0,0,0,[0|0]
900706000,,706,0,1,1,[0|0],98800020,0,0,0,0,0,[0|0]
900706005,,706,5,1,1,[0|0],98800010,0,0,0,0,0,[0|0]
900706010,,706,10,1,1,[0|0],98802000,0,0,0,0,0,[0|0]
900706015,,706,15,1,1,[0|0],98802010,0,0,0,0,0,[0|0]
900706020,,706,20,1,1,[0|0],98803000,0,0,0,0,0,[0|0]
900706030,,706,30,1,1,[0|0],98882120,0,0,0,0,0,[0|0]
900706035,,706,35,1,1,[0|0],98882110,0,0,0,0,0,[0|0]
900706050,,706,50,1,1,[0|0],98882520,0,0,0,0,0,[0|0]
900706055,,706,55,1,1,[0|0],98882510,0,0,0,0,0,[0|0]
900706060,,706,60,1,1,[0|0],98881000,0,0,0,0,0,[0|0]
900706065,,706,65,1,1,[0|0],98881020,0,0,0,0,0,[0|0]
900706070,,706,70,1,1,[0|0],98881220,0,0,0,0,0,[0|0]
900706071,,706,71,1,1,[0|0],98881221,0,0,0,0,0,[0|0]
900706072,,706,72,1,1,[0|0],98881222,0,0,0,0,0,[0|0]
900706080,,706,80,1,1,[0|0],98881520,0,0,0,0,0,[0|0]
900706085,,706,85,1,1,[0|0],98881510,0,0,0,0,0,[0|0]
900707000,,707,0,1,1,[0|0],98800020,0,0,0,0,0,[0|0]
900707005,,707,5,1,1,[0|0],98800010,0,0,0,0,0,[0|0]
900707010,,707,10,1,1,[0|0],98802000,0,0,0,0,0,[0|0]
900707015,,707,15,1,1,[0|0],98802010,0,0,0,0,0,[0|0]
900707020,,707,20,1,1,[0|0],98803000,0,0,0,0,0,[0|0]
900707030,,707,30,1,1,[0|0],98882120,0,0,0,0,0,[0|0]
900707035,,707,35,1,1,[0|0],98882110,0,0,0,0,0,[0|0]
900707050,,707,50,1,1,[0|0],98882520,0,0,0,0,0,[0|0]
900707055,,707,55,1,1,[0|0],98882510,0,0,0,0,0,[0|0]
900707060,,707,60,1,1,[0|0],98881000,0,0,0,0,0,[0|0]
900707065,,707,65,1,1,[0|0],98881020,0,0,0,0,0,[0|0]
900707070,,707,70,1,1,[0|0],98881220,0,0,0,0,0,[0|0]
900707071,,707,71,1,1,[0|0],98881221,0,0,0,0,0,[0|0]
900707072,,707,72,1,1,[0|0],98881222,0,0,0,0,0,[0|0]
900707080,,707,80,1,1,[0|0],98881520,0,0,0,0,0,[0|0]
900707085,,707,85,1,1,[0|0],98881510,0,0,0,0,0,[0|0]
900801000,,801,0,1,1,[0|0],98800020,0,0,0,0,0,[0|0]
900801005,,801,5,1,1,[0|0],98800010,0,0,0,0,0,[0|0]
900801010,,801,10,1,1,[0|0],98802000,0,0,0,0,0,[0|0]
900801015,,801,15,1,1,[0|0],98802010,0,0,0,0,0,[0|0]
900801020,,801,20,1,1,[0|0],98803000,0,0,0,0,0,[0|0]
900801030,,801,30,1,1,[0|0],98882120,0,0,0,0,0,[0|0]
900801035,,801,35,1,1,[0|0],98882110,0,0,0,0,0,[0|0]
900801050,,801,50,1,1,[0|0],98882520,0,0,0,0,0,[0|0]
900801055,,801,55,1,1,[0|0],98882510,0,0,0,0,0,[0|0]
900801060,,801,60,1,1,[0|0],98881000,0,0,0,0,0,[0|0]
900801065,,801,65,1,1,[0|0],98881020,0,0,0,0,0,[0|0]
900801070,,801,70,1,1,[0|0],98881220,0,0,0,0,0,[0|0]
900801071,,801,71,1,1,[0|0],98881221,0,0,0,0,0,[0|0]
900801072,,801,72,1,1,[0|0],98881222,0,0,0,0,0,[0|0]
900801080,,801,80,1,1,[0|0],98881520,0,0,0,0,0,[0|0]
900801085,,801,85,1,1,[0|0],98881510,0,0,0,0,0,[0|0]
900803000,,803,0,1,1,[0|0],98800020,0,0,0,0,0,[0|0]
900803001,,803,1,1,1,[0|0],98800000,0,0,0,0,0,[0|0]
900803005,,803,5,1,1,[0|0],98800010,0,0,0,0,0,[0|0]
900803010,,803,10,1,1,[0|0],98802000,0,0,0,0,0,[0|0]
900803015,,803,15,1,1,[0|0],98802010,0,0,0,0,0,[0|0]
900803020,,803,20,1,1,[0|0],98803000,0,0,0,0,0,[0|0]
900803030,,803,30,1,1,[0|0],98882120,0,0,0,0,0,[0|0]
900803031,,803,31,1,1,[0|0],98882100,0,0,0,0,0,[0|0]
900803035,,803,35,1,1,[0|0],98882110,0,0,0,0,0,[0|0]
900803050,,803,50,1,1,[0|0],98882520,0,0,0,0,0,[0|0]
900803051,,803,51,1,1,[0|0],98882500,0,0,0,0,0,[0|0]
900803055,,803,55,1,1,[0|0],98882510,0,0,0,0,0,[0|0]
900803060,,803,60,1,1,[0|0],98881000,0,0,0,0,0,[0|0]
900803065,,803,65,1,1,[0|0],98881020,0,0,0,0,0,[0|0]
900803070,,803,70,1,1,[0|0],98881220,0,0,0,0,0,[0|0]
900803071,,803,71,1,1,[0|0],98881221,0,0,0,0,0,[0|0]
900803072,,803,72,1,1,[0|0],98881222,0,0,0,0,0,[0|0]
900803073,,803,73,1,1,[0|0],98881200,0,0,0,0,0,[0|0]
900803074,,803,74,1,1,[0|0],98881201,0,0,0,0,0,[0|0]
900803075,,803,75,1,1,[0|0],98881202,0,0,0,0,0,[0|0]
900803080,,803,80,1,1,[0|0],98881520,0,0,0,0,0,[0|0]
900803081,,803,81,1,1,[0|0],98881501,0,0,0,0,0,[0|0]
900803085,,803,85,1,1,[0|0],98881510,0,0,0,0,0,[0|0]
900805000,,805,0,1,1,[0|0],98800020,0,0,0,0,0,[0|0]
900805005,,805,5,1,1,[0|0],98800010,0,0,0,0,0,[0|0]
900805010,,805,10,1,1,[0|0],98802000,0,0,0,0,0,[0|0]
900805015,,805,15,1,1,[0|0],98802010,0,0,0,0,0,[0|0]
900805020,,805,20,1,1,[0|0],98803000,0,0,0,0,0,[0|0]
900805030,,805,30,1,1,[0|0],98882120,0,0,0,0,0,[0|0]
900805035,,805,35,1,1,[0|0],98882110,0,0,0,0,0,[0|0]
900805050,,805,50,1,1,[0|0],98882520,0,0,0,0,0,[0|0]
900805055,,805,55,1,1,[0|0],98882510,0,0,0,0,0,[0|0]
900805060,,805,60,1,1,[0|0],98881000,0,0,0,0,0,[0|0]
900805065,,805,65,1,1,[0|0],98881020,0,0,0,0,0,[0|0]
900805070,,805,70,1,1,[0|0],98881220,0,0,0,0,0,[0|0]
900805071,,805,71,1,1,[0|0],98881221,0,0,0,0,0,[0|0]
900805072,,805,72,1,1,[0|0],98881222,0,0,0,0,0,[0|0]
900805080,,805,80,1,1,[0|0],98881520,0,0,0,0,0,[0|0]
900805085,,805,85,1,1,[0|0],98881510,0,0,0,0,0,[0|0]
900900000,,900,0,1,1,[0|0],98800020,0,0,0,0,0,[0|0]
900900005,,900,5,1,1,[0|0],98800010,0,0,0,0,0,[0|0]
900900010,,900,10,1,1,[0|0],98802000,0,0,0,0,0,[0|0]
900900015,,900,15,1,1,[0|0],98802010,0,0,0,0,0,[0|0]
900900020,,900,20,1,1,[0|0],98803000,0,0,0,0,0,[0|0]
900900030,,900,30,1,1,[0|0],98882120,0,0,0,0,0,[0|0]
900900035,,900,35,1,1,[0|0],98882110,0,0,0,0,0,[0|0]
900900050,,900,50,1,1,[0|0],98882520,0,0,0,0,0,[0|0]
900900055,,900,55,1,1,[0|0],98882510,0,0,0,0,0,[0|0]
900900060,,900,60,1,1,[0|0],98881000,0,0,0,0,0,[0|0]
900900065,,900,65,1,1,[0|0],98881020,0,0,0,0,0,[0|0]
900900070,,900,70,1,1,[0|0],98881220,0,0,0,0,0,[0|0]
900900071,,900,71,1,1,[0|0],98881221,0,0,0,0,0,[0|0]
900900072,,900,72,1,1,[0|0],98881222,0,0,0,0,0,[0|0]
900900080,,900,80,1,1,[0|0],98881520,0,0,0,0,0,[0|0]
900900085,,900,85,1,1,[0|0],98881510,0,0,0,0,0,[0|0]
900905000,,905,0,1,1,[0|0],98800020,0,0,0,0,0,[0|0]
900905005,,905,5,1,1,[0|0],98800010,0,0,0,0,0,[0|0]
900905010,,905,10,1,1,[0|0],98802000,0,0,0,0,0,[0|0]
900905015,,905,15,1,1,[0|0],98802010,0,0,0,0,0,[0|0]
900905020,,905,20,1,1,[0|0],98803000,0,0,0,0,0,[0|0]
900905030,,905,30,1,1,[0|0],98882120,0,0,0,0,0,[0|0]
900905035,,905,35,1,1,[0|0],98882110,0,0,0,0,0,[0|0]
900905050,,905,50,1,1,[0|0],98882520,0,0,0,0,0,[0|0]
900905055,,905,55,1,1,[0|0],98882510,0,0,0,0,0,[0|0]
900905060,,905,60,1,1,[0|0],98881000,0,0,0,0,0,[0|0]
900905065,,905,65,1,1,[0|0],98881020,0,0,0,0,0,[0|0]
900905070,,905,70,1,1,[0|0],98881220,0,0,0,0,0,[0|0]
900905071,,905,71,1,1,[0|0],98881221,0,0,0,0,0,[0|0]
900905072,,905,72,1,1,[0|0],98881222,0,0,0,0,0,[0|0]
900905080,,905,80,1,1,[0|0],98881520,0,0,0,0,0,[0|0]
900905085,,905,85,1,1,[0|0],98881510,0,0,0,0,0,[0|0]
900906000,,906,0,1,1,[0|0],98800020,0,0,0,0,0,[0|0]
900906005,,906,5,1,1,[0|0],98800010,0,0,0,0,0,[0|0]
900906010,,906,10,1,1,[0|0],98802000,0,0,0,0,0,[0|0]
900906015,,906,15,1,1,[0|0],98802010,0,0,0,0,0,[0|0]
900906020,,906,20,1,1,[0|0],98803000,0,0,0,0,0,[0|0]
900906030,,906,30,1,1,[0|0],98882120,0,0,0,0,0,[0|0]
900906035,,906,35,1,1,[0|0],98882110,0,0,0,0,0,[0|0]
900906050,,906,50,1,1,[0|0],98882520,0,0,0,0,0,[0|0]
900906055,,906,55,1,1,[0|0],98882510,0,0,0,0,0,[0|0]
900906060,,906,60,1,1,[0|0],98881000,0,0,0,0,0,[0|0]
900906065,,906,65,1,1,[0|0],98881020,0,0,0,0,0,[0|0]
900906070,,906,70,1,1,[0|0],98881220,0,0,0,0,0,[0|0]
900906071,,906,71,1,1,[0|0],98881221,0,0,0,0,0,[0|0]
900906072,,906,72,1,1,[0|0],98881222,0,0,0,0,0,[0|0]
900906080,,906,80,1,1,[0|0],98881520,0,0,0,0,0,[0|0]
900906085,,906,85,1,1,[0|0],98881510,0,0,0,0,0,[0|0]
900910000,,910,0,1,1,[0|0],98800020,0,0,0,0,0,[0|0]
900910005,,910,5,1,1,[0|0],98800010,0,0,0,0,0,[0|0]
900910010,,910,10,1,1,[0|0],98802000,0,0,0,0,0,[0|0]
900910015,,910,15,1,1,[0|0],98802010,0,0,0,0,0,[0|0]
900910020,,910,20,1,1,[0|0],98803000,0,0,0,0,0,[0|0]
900910030,,910,30,1,1,[0|0],98882120,0,0,0,0,0,[0|0]
900910035,,910,35,1,1,[0|0],98882110,0,0,0,0,0,[0|0]
900910050,,910,50,1,1,[0|0],98882520,0,0,0,0,0,[0|0]
900910055,,910,55,1,1,[0|0],98882510,0,0,0,0,0,[0|0]
900910060,,910,60,1,1,[0|0],98881000,0,0,0,0,0,[0|0]
900910065,,910,65,1,1,[0|0],98881020,0,0,0,0,0,[0|0]
900910070,,910,70,1,1,[0|0],98881220,0,0,0,0,0,[0|0]
900910071,,910,71,1,1,[0|0],98881221,0,0,0,0,0,[0|0]
900910072,,910,72,1,1,[0|0],98881222,0,0,0,0,0,[0|0]
900910080,,910,80,1,1,[0|0],98881520,0,0,0,0,0,[0|0]
900910085,,910,85,1,1,[0|0],98881510,0,0,0,0,0,[0|0]
901000000,,1000,0,1,1,[0|0],98800020,0,0,0,0,0,[0|0]
901000005,,1000,5,1,1,[0|0],98800010,0,0,0,0,0,[0|0]
901000010,,1000,10,1,1,[0|0],98802000,0,0,0,0,0,[0|0]
901000015,,1000,15,1,1,[0|0],98802010,0,0,0,0,0,[0|0]
901000020,,1000,20,1,1,[0|0],98803000,0,0,0,0,0,[0|0]
901000030,,1000,30,1,1,[0|0],98882120,0,0,0,0,0,[0|0]
901000035,,1000,35,1,1,[0|0],98882110,0,0,0,0,0,[0|0]
901000050,,1000,50,1,1,[0|0],98882520,0,0,0,0,0,[0|0]
901000055,,1000,55,1,1,[0|0],98882510,0,0,0,0,0,[0|0]
901000060,,1000,60,1,1,[0|0],98881000,0,0,0,0,0,[0|0]
901000065,,1000,65,1,1,[0|0],98881020,0,0,0,0,0,[0|0]
901000070,,1000,70,1,1,[0|0],98881220,0,0,0,0,0,[0|0]
901000071,,1000,71,1,1,[0|0],98881221,0,0,0,0,0,[0|0]
901000072,,1000,72,1,1,[0|0],98881222,0,0,0,0,0,[0|0]
901000080,,1000,80,1,1,[0|0],98881520,0,0,0,0,0,[0|0]
901000085,,1000,85,1,1,[0|0],98881510,0,0,0,0,0,[0|0]
901005000,,1005,0,1,1,[0|0],98800020,0,0,0,0,0,[0|0]
901005005,,1005,5,1,1,[0|0],98800010,0,0,0,0,0,[0|0]
901005010,,1005,10,1,1,[0|0],98802000,0,0,0,0,0,[0|0]
901005015,,1005,15,1,1,[0|0],98802010,0,0,0,0,0,[0|0]
901005020,,1005,20,1,1,[0|0],98803000,0,0,0,0,0,[0|0]
901005030,,1005,30,1,1,[0|0],98882120,0,0,0,0,0,[0|0]
901005035,,1005,35,1,1,[0|0],98882110,0,0,0,0,0,[0|0]
901005050,,1005,50,1,1,[0|0],98882520,0,0,0,0,0,[0|0]
901005055,,1005,55,1,1,[0|0],98882510,0,0,0,0,0,[0|0]
901005060,,1005,60,1,1,[0|0],98881000,0,0,0,0,0,[0|0]
901005065,,1005,65,1,1,[0|0],98881020,0,0,0,0,0,[0|0]
901005070,,1005,70,1,1,[0|0],98881220,0,0,0,0,0,[0|0]
901005071,,1005,71,1,1,[0|0],98881221,0,0,0,0,0,[0|0]
901005072,,1005,72,1,1,[0|0],98881222,0,0,0,0,0,[0|0]
901005080,,1005,80,1,1,[0|0],98881520,0,0,0,0,0,[0|0]
901005085,,1005,85,1,1,[0|0],98881510,0,0,0,0,0,[0|0]
901100000,,1100,0,1,1,[0|0],98800020,0,0,0,0,0,[0|0]
901100005,,1100,5,1,1,[0|0],98800010,0,0,0,0,0,[0|0]
901100010,,1100,10,1,1,[0|0],98802000,0,0,0,0,0,[0|0]
901100015,,1100,15,1,1,[0|0],98802010,0,0,0,0,0,[0|0]
901100020,,1100,20,1,1,[0|0],98803000,0,0,0,0,0,[0|0]
901100030,,1100,30,1,1,[0|0],98882120,0,0,0,0,0,[0|0]
901100035,,1100,35,1,1,[0|0],98882110,0,0,0,0,0,[0|0]
901100050,,1100,50,1,1,[0|0],98882520,0,0,0,0,0,[0|0]
901100055,,1100,55,1,1,[0|0],98882510,0,0,0,0,0,[0|0]
901100060,,1100,60,1,1,[0|0],98881000,0,0,0,0,0,[0|0]
901100065,,1100,65,1,1,[0|0],98881020,0,0,0,0,0,[0|0]
901100070,,1100,70,1,1,[0|0],98881220,0,0,0,0,0,[0|0]
901100071,,1100,71,1,1,[0|0],98881221,0,0,0,0,0,[0|0]
901100072,,1100,72,1,1,[0|0],98881222,0,0,0,0,0,[0|0]
901100080,,1100,80,1,1,[0|0],98881520,0,0,0,0,0,[0|0]
901100085,,1100,85,1,1,[0|0],98881510,0,0,0,0,0,[0|0]
901110000,,1110,0,1,1,[0|0],98800000,0,0,0,0,0,[0|0]
901110005,,1110,5,1,1,[0|0],98800010,0,0,0,0,0,[0|0]
901110010,,1110,10,1,1,[0|0],98802000,0,0,0,0,0,[0|0]
901110015,,1110,15,1,1,[0|0],98802010,0,0,0,0,0,[0|0]
901110020,,1110,20,1,1,[0|0],98803000,0,0,0,0,0,[0|0]
901110030,,1110,30,1,1,[0|0],98882100,0,0,0,0,0,[0|0]
901110035,,1110,35,1,1,[0|0],98882110,0,0,0,0,0,[0|0]
901110050,,1110,50,1,1,[0|0],98882500,0,0,0,0,0,[0|0]
901110055,,1110,55,1,1,[0|0],98882510,0,0,0,0,0,[0|0]
901110060,,1110,60,1,1,[0|0],98881000,0,0,0,0,0,[0|0]
901110065,,1110,65,1,1,[0|0],98881020,0,0,0,0,0,[0|0]
901110070,,1110,70,1,1,[0|0],98881200,0,0,0,0,0,[0|0]
901110071,,1110,71,1,1,[0|0],98881201,0,0,0,0,0,[0|0]
901110072,,1110,72,1,1,[0|0],98881202,0,0,0,0,0,[0|0]
901110080,,1110,80,1,1,[0|0],98881501,0,0,0,0,0,[0|0]
901110085,,1110,85,1,1,[0|0],98881510,0,0,0,0,0,[0|0]
901112000,,1112,0,1,1,[0|0],98800020,0,0,0,0,0,[0|0]
901112005,,1112,5,1,1,[0|0],98800010,0,0,0,0,0,[0|0]
901112010,,1112,10,1,1,[0|0],98802000,0,0,0,0,0,[0|0]
901112015,,1112,15,1,1,[0|0],98802010,0,0,0,0,0,[0|0]
901112020,,1112,20,1,1,[0|0],98803000,0,0,0,0,0,[0|0]
901112030,,1112,30,1,1,[0|0],98882120,0,0,0,0,0,[0|0]
901112035,,1112,35,1,1,[0|0],98882110,0,0,0,0,0,[0|0]
901112050,,1112,50,1,1,[0|0],98882520,0,0,0,0,0,[0|0]
901112055,,1112,55,1,1,[0|0],98882510,0,0,0,0,0,[0|0]
901112060,,1112,60,1,1,[0|0],98881000,0,0,0,0,0,[0|0]
901112065,,1112,65,1,1,[0|0],98881020,0,0,0,0,0,[0|0]
901112070,,1112,70,1,1,[0|0],98881220,0,0,0,0,0,[0|0]
901112071,,1112,71,1,1,[0|0],98881221,0,0,0,0,0,[0|0]
901112072,,1112,72,1,1,[0|0],98881222,0,0,0,0,0,[0|0]
901112080,,1112,80,1,1,[0|0],98881520,0,0,0,0,0,[0|0]
901112085,,1112,85,1,1,[0|0],98881510,0,0,0,0,0,[0|0]
901113000,,1113,0,1,1,[0|0],98800020,0,0,0,0,0,[0|0]
901113005,,1113,5,1,1,[0|0],98800010,0,0,0,0,0,[0|0]
901113010,,1113,10,1,1,[0|0],98802000,0,0,0,0,0,[0|0]
901113015,,1113,15,1,1,[0|0],98802010,0,0,0,0,0,[0|0]
901113020,,1113,20,1,1,[0|0],98803000,0,0,0,0,0,[0|0]
901113030,,1113,30,1,1,[0|0],98882120,0,0,0,0,0,[0|0]
901113035,,1113,35,1,1,[0|0],98882110,0,0,0,0,0,[0|0]
901113050,,1113,50,1,1,[0|0],98882520,0,0,0,0,0,[0|0]
901113055,,1113,55,1,1,[0|0],98882510,0,0,0,0,0,[0|0]
901113060,,1113,60,1,1,[0|0],98881000,0,0,0,0,0,[0|0]
901113065,,1113,65,1,1,[0|0],98881020,0,0,0,0,0,[0|0]
901113070,,1113,70,1,1,[0|0],98881220,0,0,0,0,0,[0|0]
901113071,,1113,71,1,1,[0|0],98881221,0,0,0,0,0,[0|0]
901113072,,1113,72,1,1,[0|0],98881222,0,0,0,0,0,[0|0]
901113080,,1113,80,1,1,[0|0],98881520,0,0,0,0,0,[0|0]
901113085,,1113,85,1,1,[0|0],98881510,0,0,0,0,0,[0|0]
901116000,,1116,0,1,1,[0|0],98800020,0,0,0,0,0,[0|0]
901116005,,1116,5,1,1,[0|0],98800010,0,0,0,0,0,[0|0]
901116010,,1116,10,1,1,[0|0],98802000,0,0,0,0,0,[0|0]
901116015,,1116,15,1,1,[0|0],98802010,0,0,0,0,0,[0|0]
901116020,,1116,20,1,1,[0|0],98803000,0,0,0,0,0,[0|0]
901116030,,1116,30,1,1,[0|0],98882120,0,0,0,0,0,[0|0]
901116035,,1116,35,1,1,[0|0],98882110,0,0,0,0,0,[0|0]
901116050,,1116,50,1,1,[0|0],98882520,0,0,0,0,0,[0|0]
901116055,,1116,55,1,1,[0|0],98882510,0,0,0,0,0,[0|0]
901116060,,1116,60,1,1,[0|0],98881000,0,0,0,0,0,[0|0]
901116065,,1116,65,1,1,[0|0],98881020,0,0,0,0,0,[0|0]
901116070,,1116,70,1,1,[0|0],98881220,0,0,0,0,0,[0|0]
901116071,,1116,71,1,1,[0|0],98881221,0,0,0,0,0,[0|0]
901116072,,1116,72,1,1,[0|0],98881222,0,0,0,0,0,[0|0]
901116080,,1116,80,1,1,[0|0],98881520,0,0,0,0,0,[0|0]
901116085,,1116,85,1,1,[0|0],98881510,0,0,0,0,0,[0|0]
901201000,,1201,0,1,1,[0|0],98800020,0,0,0,0,0,[0|0]
901201005,,1201,5,1,1,[0|0],98800010,0,0,0,0,0,[0|0]
901201010,,1201,10,1,1,[0|0],98802000,0,0,0,0,0,[0|0]
901201015,,1201,15,1,1,[0|0],98802010,0,0,0,0,0,[0|0]
901201020,,1201,20,1,1,[0|0],98803000,0,0,0,0,0,[0|0]
901201030,,1201,30,1,1,[0|0],98882120,0,0,0,0,0,[0|0]
901201035,,1201,35,1,1,[0|0],98882110,0,0,0,0,0,[0|0]
901201050,,1201,50,1,1,[0|0],98882520,0,0,0,0,0,[0|0]
901201055,,1201,55,1,1,[0|0],98882510,0,0,0,0,0,[0|0]
901201060,,1201,60,1,1,[0|0],98881000,0,0,0,0,0,[0|0]
901201065,,1201,65,1,1,[0|0],98881020,0,0,0,0,0,[0|0]
901201070,,1201,70,1,1,[0|0],98881220,0,0,0,0,0,[0|0]
901201071,,1201,71,1,1,[0|0],98881221,0,0,0,0,0,[0|0]
901201072,,1201,72,1,1,[0|0],98881222,0,0,0,0,0,[0|0]
901201080,,1201,80,1,1,[0|0],98881520,0,0,0,0,0,[0|0]
901201085,,1201,85,1,1,[0|0],98881510,0,0,0,0,0,[0|0]
901216000,,1216,0,1,1,[0|0],98800020,0,0,0,0,0,[0|0]
901216005,,1216,5,1,1,[0|0],98800010,0,0,0,0,0,[0|0]
901216010,,1216,10,1,1,[0|0],98802000,0,0,0,0,0,[0|0]
901216015,,1216,15,1,1,[0|0],98802010,0,0,0,0,0,[0|0]
901216020,,1216,20,1,1,[0|0],98803000,0,0,0,0,0,[0|0]
901216030,,1216,30,1,1,[0|0],98882120,0,0,0,0,0,[0|0]
901216035,,1216,35,1,1,[0|0],98882110,0,0,0,0,0,[0|0]
901216050,,1216,50,1,1,[0|0],98882520,0,0,0,0,0,[0|0]
901216055,,1216,55,1,1,[0|0],98882510,0,0,0,0,0,[0|0]
901216060,,1216,60,1,1,[0|0],98881000,0,0,0,0,0,[0|0]
901216065,,1216,65,1,1,[0|0],98881020,0,0,0,0,0,[0|0]
901216070,,1216,70,1,1,[0|0],98881220,0,0,0,0,0,[0|0]
901216071,,1216,71,1,1,[0|0],98881221,0,0,0,0,0,[0|0]
901216072,,1216,72,1,1,[0|0],98881222,0,0,0,0,0,[0|0]
901216080,,1216,80,1,1,[0|0],98881520,0,0,0,0,0,[0|0]
901216085,,1216,85,1,1,[0|0],98881510,0,0,0,0,0,[0|0]
901217000,,1217,0,1,1,[0|0],98800020,0,0,0,0,0,[0|0]
901217005,,1217,5,1,1,[0|0],98800010,0,0,0,0,0,[0|0]
901217010,,1217,10,1,1,[0|0],98802000,0,0,0,0,0,[0|0]
901217015,,1217,15,1,1,[0|0],98802010,0,0,0,0,0,[0|0]
901217020,,1217,20,1,1,[0|0],98803000,0,0,0,0,0,[0|0]
901217030,,1217,30,1,1,[0|0],98882120,0,0,0,0,0,[0|0]
901217035,,1217,35,1,1,[0|0],98882110,0,0,0,0,0,[0|0]
901217050,,1217,50,1,1,[0|0],98882520,0,0,0,0,0,[0|0]
901217055,,1217,55,1,1,[0|0],98882510,0,0,0,0,0,[0|0]
901217060,,1217,60,1,1,[0|0],98881000,0,0,0,0,0,[0|0]
901217065,,1217,65,1,1,[0|0],98881020,0,0,0,0,0,[0|0]
901217070,,1217,70,1,1,[0|0],98881220,0,0,0,0,0,[0|0]
901217071,,1217,71,1,1,[0|0],98881221,0,0,0,0,0,[0|0]
901217072,,1217,72,1,1,[0|0],98881222,0,0,0,0,0,[0|0]
901217080,,1217,80,1,1,[0|0],98881520,0,0,0,0,0,[0|0]
901217085,,1217,85,1,1,[0|0],98881510,0,0,0,0,0,[0|0]
901302000,,1302,0,1,1,[0|0],98800020,0,0,0,0,0,[0|0]
901302005,,1302,5,1,1,[0|0],98800010,0,0,0,0,0,[0|0]
901302010,,1302,10,1,1,[0|0],98802000,0,0,0,0,0,[0|0]
901302015,,1302,15,1,1,[0|0],98802010,0,0,0,0,0,[0|0]
901302020,,1302,20,1,1,[0|0],98803000,0,0,0,0,0,[0|0]
901302030,,1302,30,1,1,[0|0],98882120,0,0,0,0,0,[0|0]
901302035,,1302,35,1,1,[0|0],98882110,0,0,0,0,0,[0|0]
901302050,,1302,50,1,1,[0|0],98882520,0,0,0,0,0,[0|0]
901302055,,1302,55,1,1,[0|0],98882510,0,0,0,0,0,[0|0]
901302060,,1302,60,1,1,[0|0],98881000,0,0,0,0,0,[0|0]
901302065,,1302,65,1,1,[0|0],98881020,0,0,0,0,0,[0|0]
901302070,,1302,70,1,1,[0|0],98881220,0,0,0,0,0,[0|0]
901302071,,1302,71,1,1,[0|0],98881221,0,0,0,0,0,[0|0]
901302072,,1302,72,1,1,[0|0],98881222,0,0,0,0,0,[0|0]
901302080,,1302,80,1,1,[0|0],98881520,0,0,0,0,0,[0|0]
901302085,,1302,85,1,1,[0|0],98881510,0,0,0,0,0,[0|0]
901400000,,1400,0,1,1,[0|0],98800020,0,0,0,0,0,[0|0]
901400005,,1400,5,1,1,[0|0],98800010,0,0,0,0,0,[0|0]
901400010,,1400,10,1,1,[0|0],98802000,0,0,0,0,0,[0|0]
901400015,,1400,15,1,1,[0|0],98802010,0,0,0,0,0,[0|0]
901400020,,1400,20,1,1,[0|0],98803000,0,0,0,0,0,[0|0]
901400030,,1400,30,1,1,[0|0],98882120,0,0,0,0,0,[0|0]
901400035,,1400,35,1,1,[0|0],98882110,0,0,0,0,0,[0|0]
901400050,,1400,50,1,1,[0|0],98882520,0,0,0,0,0,[0|0]
901400055,,1400,55,1,1,[0|0],98882510,0,0,0,0,0,[0|0]
901400060,,1400,60,1,1,[0|0],98881000,0,0,0,0,0,[0|0]
901400065,,1400,65,1,1,[0|0],98881020,0,0,0,0,0,[0|0]
901400070,,1400,70,1,1,[0|0],98881220,0,0,0,0,0,[0|0]
901400071,,1400,71,1,1,[0|0],98881221,0,0,0,0,0,[0|0]
901400072,,1400,72,1,1,[0|0],98881222,0,0,0,0,0,[0|0]
901400080,,1400,80,1,1,[0|0],98881520,0,0,0,0,0,[0|0]
901400085,,1400,85,1,1,[0|0],98881510,0,0,0,0,0,[0|0]
901401000,,1401,0,1,1,[0|0],98800020,0,0,0,0,0,[0|0]
901401005,,1401,5,1,1,[0|0],98800010,0,0,0,0,0,[0|0]
901401010,,1401,10,1,1,[0|0],98802000,0,0,0,0,0,[0|0]
901401015,,1401,15,1,1,[0|0],98802010,0,0,0,0,0,[0|0]
901401020,,1401,20,1,1,[0|0],98803000,0,0,0,0,0,[0|0]
901401030,,1401,30,1,1,[0|0],98882120,0,0,0,0,0,[0|0]
901401035,,1401,35,1,1,[0|0],98882110,0,0,0,0,0,[0|0]
901401050,,1401,50,1,1,[0|0],98882520,0,0,0,0,0,[0|0]
901401055,,1401,55,1,1,[0|0],98882510,0,0,0,0,0,[0|0]
901401060,,1401,60,1,1,[0|0],98881000,0,0,0,0,0,[0|0]
901401065,,1401,65,1,1,[0|0],98881020,0,0,0,0,0,[0|0]
901401070,,1401,70,1,1,[0|0],98881220,0,0,0,0,0,[0|0]
901401071,,1401,71,1,1,[0|0],98881221,0,0,0,0,0,[0|0]
901401072,,1401,72,1,1,[0|0],98881222,0,0,0,0,0,[0|0]
901401080,,1401,80,1,1,[0|0],98881520,0,0,0,0,0,[0|0]
901401085,,1401,85,1,1,[0|0],98881510,0,0,0,0,0,[0|0]
901412000,,1412,0,1,1,[0|0],98800020,0,0,0,0,0,[0|0]
901412005,,1412,5,1,1,[0|0],98800010,0,0,0,0,0,[0|0]
901412010,,1412,10,1,1,[0|0],98802000,0,0,0,0,0,[0|0]
901412015,,1412,15,1,1,[0|0],98802010,0,0,0,0,0,[0|0]
901412020,,1412,20,1,1,[0|0],98803000,0,0,0,0,0,[0|0]
901412030,,1412,30,1,1,[0|0],98882120,0,0,0,0,0,[0|0]
901412035,,1412,35,1,1,[0|0],98882110,0,0,0,0,0,[0|0]
901412050,,1412,50,1,1,[0|0],98882520,0,0,0,0,0,[0|0]
901412055,,1412,55,1,1,[0|0],98882510,0,0,0,0,0,[0|0]
901412060,,1412,60,1,1,[0|0],98881000,0,0,0,0,0,[0|0]
901412065,,1412,65,1,1,[0|0],98881020,0,0,0,0,0,[0|0]
901412070,,1412,70,1,1,[0|0],98881220,0,0,0,0,0,[0|0]
901412071,,1412,71,1,1,[0|0],98881221,0,0,0,0,0,[0|0]
901412072,,1412,72,1,1,[0|0],98881222,0,0,0,0,0,[0|0]
901412080,,1412,80,1,1,[0|0],98881520,0,0,0,0,0,[0|0]
901412085,,1412,85,1,1,[0|0],98881510,0,0,0,0,0,[0|0]
901414000,,1414,0,1,1,[0|0],98800020,0,0,0,0,0,[0|0]
901414005,,1414,5,1,1,[0|0],98800010,0,0,0,0,0,[0|0]
901414010,,1414,10,1,1,[0|0],98802000,0,0,0,0,0,[0|0]
901414015,,1414,15,1,1,[0|0],98802010,0,0,0,0,0,[0|0]
901414020,,1414,20,1,1,[0|0],98803000,0,0,0,0,0,[0|0]
901414030,,1414,30,1,1,[0|0],98882120,0,0,0,0,0,[0|0]
901414035,,1414,35,1,1,[0|0],98882110,0,0,0,0,0,[0|0]
901414050,,1414,50,1,1,[0|0],98882520,0,0,0,0,0,[0|0]
901414055,,1414,55,1,1,[0|0],98882510,0,0,0,0,0,[0|0]
901414060,,1414,60,1,1,[0|0],98881000,0,0,0,0,0,[0|0]
901414065,,1414,65,1,1,[0|0],98881020,0,0,0,0,0,[0|0]
901414070,,1414,70,1,1,[0|0],98881220,0,0,0,0,0,[0|0]
901414071,,1414,71,1,1,[0|0],98881221,0,0,0,0,0,[0|0]
901414072,,1414,72,1,1,[0|0],98881222,0,0,0,0,0,[0|0]
901414080,,1414,80,1,1,[0|0],98881520,0,0,0,0,0,[0|0]
901414085,,1414,85,1,1,[0|0],98881510,0,0,0,0,0,[0|0]
901500000,,1500,0,1,1,[0|0],98800020,0,0,0,0,0,[0|0]
901500005,,1500,5,1,1,[0|0],98800010,0,0,0,0,0,[0|0]
901500010,,1500,10,1,1,[0|0],98802000,0,0,0,0,0,[0|0]
901500015,,1500,15,1,1,[0|0],98802010,0,0,0,0,0,[0|0]
901500020,,1500,20,1,1,[0|0],98803000,0,0,0,0,0,[0|0]
901500030,,1500,30,1,1,[0|0],98882120,0,0,0,0,0,[0|0]
901500035,,1500,35,1,1,[0|0],98882110,0,0,0,0,0,[0|0]
901500050,,1500,50,1,1,[0|0],98882520,0,0,0,0,0,[0|0]
901500055,,1500,55,1,1,[0|0],98882510,0,0,0,0,0,[0|0]
901500060,,1500,60,1,1,[0|0],98881000,0,0,0,0,0,[0|0]
901500065,,1500,65,1,1,[0|0],98881020,0,0,0,0,0,[0|0]
901500070,,1500,70,1,1,[0|0],98881220,0,0,0,0,0,[0|0]
901500071,,1500,71,1,1,[0|0],98881221,0,0,0,0,0,[0|0]
901500072,,1500,72,1,1,[0|0],98881222,0,0,0,0,0,[0|0]
901500080,,1500,80,1,1,[0|0],98881520,0,0,0,0,0,[0|0]
901500085,,1500,85,1,1,[0|0],98881510,0,0,0,0,0,[0|0]
901501000,,1501,0,1,1,[0|0],98800020,0,0,0,0,0,[0|0]
901501001,,1501,1,1,1,[0|0],98800000,0,0,0,0,0,[0|0]
901501005,,1501,5,1,1,[0|0],98800010,0,0,0,0,0,[0|0]
901501010,,1501,10,1,1,[0|0],98802000,0,0,0,0,0,[0|0]
901501015,,1501,15,1,1,[0|0],98802010,0,0,0,0,0,[0|0]
901501020,,1501,20,1,1,[0|0],98803000,0,0,0,0,0,[0|0]
901501030,,1501,30,1,1,[0|0],98882120,0,0,0,0,0,[0|0]
901501031,,1501,31,1,1,[0|0],98882100,0,0,0,0,0,[0|0]
901501035,,1501,35,1,1,[0|0],98882110,0,0,0,0,0,[0|0]
901501050,,1501,50,1,1,[0|0],98882520,0,0,0,0,0,[0|0]
901501051,,1501,51,1,1,[0|0],98882500,0,0,0,0,0,[0|0]
901501055,,1501,55,1,1,[0|0],98882510,0,0,0,0,0,[0|0]
901501060,,1501,60,1,1,[0|0],98881000,0,0,0,0,0,[0|0]
901501065,,1501,65,1,1,[0|0],98881020,0,0,0,0,0,[0|0]
901501070,,1501,70,1,1,[0|0],98881220,0,0,0,0,0,[0|0]
901501071,,1501,71,1,1,[0|0],98881221,0,0,0,0,0,[0|0]
901501072,,1501,72,1,1,[0|0],98881222,0,0,0,0,0,[0|0]
901501073,,1501,73,1,1,[0|0],98881200,0,0,0,0,0,[0|0]
901501074,,1501,74,1,1,[0|0],98881201,0,0,0,0,0,[0|0]
901501075,,1501,75,1,1,[0|0],98881202,0,0,0,0,0,[0|0]
901501080,,1501,80,1,1,[0|0],98881520,0,0,0,0,0,[0|0]
901501081,,1501,81,1,1,[0|0],98881501,0,0,0,0,0,[0|0]
901501085,,1501,85,1,1,[0|0],98881510,0,0,0,0,0,[0|0]
901600000,,1600,0,1,1,[0|0],98800020,0,0,0,0,0,[0|0]
901600005,,1600,5,1,1,[0|0],98800010,0,0,0,0,0,[0|0]
901600010,,1600,10,1,1,[0|0],98802000,0,0,0,0,0,[0|0]
901600015,,1600,15,1,1,[0|0],98802010,0,0,0,0,0,[0|0]
901600020,,1600,20,1,1,[0|0],98803000,0,0,0,0,0,[0|0]
901600030,,1600,30,1,1,[0|0],98882120,0,0,0,0,0,[0|0]
901600035,,1600,35,1,1,[0|0],98882110,0,0,0,0,0,[0|0]
901600050,,1600,50,1,1,[0|0],98882520,0,0,0,0,0,[0|0]
901600055,,1600,55,1,1,[0|0],98882510,0,0,0,0,0,[0|0]
901600060,,1600,60,1,1,[0|0],98881000,0,0,0,0,0,[0|0]
901600065,,1600,65,1,1,[0|0],98881020,0,0,0,0,0,[0|0]
901600070,,1600,70,1,1,[0|0],98881220,0,0,0,0,0,[0|0]
901600071,,1600,71,1,1,[0|0],98881221,0,0,0,0,0,[0|0]
901600072,,1600,72,1,1,[0|0],98881222,0,0,0,0,0,[0|0]
901600080,,1600,80,1,1,[0|0],98881520,0,0,0,0,0,[0|0]
901600085,,1600,85,1,1,[0|0],98881510,0,0,0,0,0,[0|0]
901604000,,1604,0,1,1,[0|0],98800020,0,0,0,0,0,[0|0]
901604005,,1604,5,1,1,[0|0],98800010,0,0,0,0,0,[0|0]
901604010,,1604,10,1,1,[0|0],98802000,0,0,0,0,0,[0|0]
901604015,,1604,15,1,1,[0|0],98802010,0,0,0,0,0,[0|0]
901604020,,1604,20,1,1,[0|0],98803000,0,0,0,0,0,[0|0]
901604030,,1604,30,1,1,[0|0],98882120,0,0,0,0,0,[0|0]
901604035,,1604,35,1,1,[0|0],98882110,0,0,0,0,0,[0|0]
901604050,,1604,50,1,1,[0|0],98882520,0,0,0,0,0,[0|0]
901604055,,1604,55,1,1,[0|0],98882510,0,0,0,0,0,[0|0]
901604060,,1604,60,1,1,[0|0],98881000,0,0,0,0,0,[0|0]
901604065,,1604,65,1,1,[0|0],98881020,0,0,0,0,0,[0|0]
901604070,,1604,70,1,1,[0|0],98881220,0,0,0,0,0,[0|0]
901604071,,1604,71,1,1,[0|0],98881221,0,0,0,0,0,[0|0]
901604072,,1604,72,1,1,[0|0],98881222,0,0,0,0,0,[0|0]
901604080,,1604,80,1,1,[0|0],98881520,0,0,0,0,0,[0|0]
901604085,,1604,85,1,1,[0|0],98881510,0,0,0,0,0,[0|0]
901612000,,1612,0,1,1,[0|0],98800020,0,0,0,0,0,[0|0]
901612005,,1612,5,1,1,[0|0],98800010,0,0,0,0,0,[0|0]
901612010,,1612,10,1,1,[0|0],98802000,0,0,0,0,0,[0|0]
901612015,,1612,15,1,1,[0|0],98802010,0,0,0,0,0,[0|0]
901612020,,1612,20,1,1,[0|0],98803000,0,0,0,0,0,[0|0]
901612030,,1612,30,1,1,[0|0],98882120,0,0,0,0,0,[0|0]
901612035,,1612,35,1,1,[0|0],98882110,0,0,0,0,0,[0|0]
901612050,,1612,50,1,1,[0|0],98882520,0,0,0,0,0,[0|0]
901612055,,1612,55,1,1,[0|0],98882510,0,0,0,0,0,[0|0]
901612060,,1612,60,1,1,[0|0],98881000,0,0,0,0,0,[0|0]
901612065,,1612,65,1,1,[0|0],98881020,0,0,0,0,0,[0|0]
901612070,,1612,70,1,1,[0|0],98881220,0,0,0,0,0,[0|0]
901612071,,1612,71,1,1,[0|0],98881221,0,0,0,0,0,[0|0]
901612072,,1612,72,1,1,[0|0],98881222,0,0,0,0,0,[0|0]
901612080,,1612,80,1,1,[0|0],98881520,0,0,0,0,0,[0|0]
901612085,,1612,85,1,1,[0|0],98881510,0,0,0,0,0,[0|0]
901702000,,1702,0,1,1,[0|0],98800020,0,0,0,0,0,[0|0]
901702005,,1702,5,1,1,[0|0],98800010,0,0,0,0,0,[0|0]
901702010,,1702,10,1,1,[0|0],98802000,0,0,0,0,0,[0|0]
901702015,,1702,15,1,1,[0|0],98802010,0,0,0,0,0,[0|0]
901702020,,1702,20,1,1,[0|0],98803000,0,0,0,0,0,[0|0]
901702030,,1702,30,1,1,[0|0],98882120,0,0,0,0,0,[0|0]
901702035,,1702,35,1,1,[0|0],98882110,0,0,0,0,0,[0|0]
901702050,,1702,50,1,1,[0|0],98882520,0,0,0,0,0,[0|0]
901702055,,1702,55,1,1,[0|0],98882510,0,0,0,0,0,[0|0]
901702060,,1702,60,1,1,[0|0],98881000,0,0,0,0,0,[0|0]
901702065,,1702,65,1,1,[0|0],98881020,0,0,0,0,0,[0|0]
901702070,,1702,70,1,1,[0|0],98881220,0,0,0,0,0,[0|0]
901702071,,1702,71,1,1,[0|0],98881221,0,0,0,0,0,[0|0]
901702072,,1702,72,1,1,[0|0],98881222,0,0,0,0,0,[0|0]
901702080,,1702,80,1,1,[0|0],98881520,0,0,0,0,0,[0|0]
901702085,,1702,85,1,1,[0|0],98881510,0,0,0,0,0,[0|0]
901705000,,1705,0,1,1,[0|0],98800020,0,0,0,0,0,[0|0]
901705005,,1705,5,1,1,[0|0],98800010,0,0,0,0,0,[0|0]
901705010,,1705,10,1,1,[0|0],98802000,0,0,0,0,0,[0|0]
901705015,,1705,15,1,1,[0|0],98802010,0,0,0,0,0,[0|0]
901705020,,1705,20,1,1,[0|0],98803000,0,0,0,0,0,[0|0]
901705030,,1705,30,1,1,[0|0],98882120,0,0,0,0,0,[0|0]
901705035,,1705,35,1,1,[0|0],98882110,0,0,0,0,0,[0|0]
901705050,,1705,50,1,1,[0|0],98882520,0,0,0,0,0,[0|0]
901705055,,1705,55,1,1,[0|0],98882510,0,0,0,0,0,[0|0]
901705060,,1705,60,1,1,[0|0],98881000,0,0,0,0,0,[0|0]
901705065,,1705,65,1,1,[0|0],98881020,0,0,0,0,0,[0|0]
901705070,,1705,70,1,1,[0|0],98881220,0,0,0,0,0,[0|0]
901705071,,1705,71,1,1,[0|0],98881221,0,0,0,0,0,[0|0]
901705072,,1705,72,1,1,[0|0],98881222,0,0,0,0,0,[0|0]
901705080,,1705,80,1,1,[0|0],98881520,0,0,0,0,0,[0|0]
901705085,,1705,85,1,1,[0|0],98881510,0,0,0,0,0,[0|0]
901800000,,1800,0,1,1,[0|0],98800020,0,0,0,0,0,[0|0]
901800005,,1800,5,1,1,[0|0],98800010,0,0,0,0,0,[0|0]
901800010,,1800,10,1,1,[0|0],98802000,0,0,0,0,0,[0|0]
901800015,,1800,15,1,1,[0|0],98802010,0,0,0,0,0,[0|0]
901800020,,1800,20,1,1,[0|0],98803000,0,0,0,0,0,[0|0]
901800030,,1800,30,1,1,[0|0],98882120,0,0,0,0,0,[0|0]
901800035,,1800,35,1,1,[0|0],98882110,0,0,0,0,0,[0|0]
901800050,,1800,50,1,1,[0|0],98882520,0,0,0,0,0,[0|0]
901800055,,1800,55,1,1,[0|0],98882510,0,0,0,0,0,[0|0]
901800060,,1800,60,1,1,[0|0],98881000,0,0,0,0,0,[0|0]
901800065,,1800,65,1,1,[0|0],98881020,0,0,0,0,0,[0|0]
901800070,,1800,70,1,1,[0|0],98881220,0,0,0,0,0,[0|0]
901800071,,1800,71,1,1,[0|0],98881221,0,0,0,0,0,[0|0]
901800072,,1800,72,1,1,[0|0],98881222,0,0,0,0,0,[0|0]
901800080,,1800,80,1,1,[0|0],98881520,0,0,0,0,0,[0|0]
901800085,,1800,85,1,1,[0|0],98881510,0,0,0,0,0,[0|0]
901802000,,1802,0,1,1,[0|0],98800020,0,0,0,0,0,[0|0]
901802005,,1802,5,1,1,[0|0],98800010,0,0,0,0,0,[0|0]
901802010,,1802,10,1,1,[0|0],98802000,0,0,0,0,0,[0|0]
901802015,,1802,15,1,1,[0|0],98802010,0,0,0,0,0,[0|0]
901802020,,1802,20,1,1,[0|0],98803000,0,0,0,0,0,[0|0]
901802030,,1802,30,1,1,[0|0],98882120,0,0,0,0,0,[0|0]
901802035,,1802,35,1,1,[0|0],98882110,0,0,0,0,0,[0|0]
901802050,,1802,50,1,1,[0|0],98882520,0,0,0,0,0,[0|0]
901802055,,1802,55,1,1,[0|0],98882510,0,0,0,0,0,[0|0]
901802060,,1802,60,1,1,[0|0],98881000,0,0,0,0,0,[0|0]
901802065,,1802,65,1,1,[0|0],98881020,0,0,0,0,0,[0|0]
901802070,,1802,70,1,1,[0|0],98881220,0,0,0,0,0,[0|0]
901802071,,1802,71,1,1,[0|0],98881221,0,0,0,0,0,[0|0]
901802072,,1802,72,1,1,[0|0],98881222,0,0,0,0,0,[0|0]
901802080,,1802,80,1,1,[0|0],98881520,0,0,0,0,0,[0|0]
901802085,,1802,85,1,1,[0|0],98881510,0,0,0,0,0,[0|0]
901804000,,1804,0,1,1,[0|0],98800020,0,0,0,0,0,[0|0]
901804005,,1804,5,1,1,[0|0],98800010,0,0,0,0,0,[0|0]
901804010,,1804,10,1,1,[0|0],98802000,0,0,0,0,0,[0|0]
901804015,,1804,15,1,1,[0|0],98802010,0,0,0,0,0,[0|0]
901804020,,1804,20,1,1,[0|0],98803000,0,0,0,0,0,[0|0]
901804030,,1804,30,1,1,[0|0],98882120,0,0,0,0,0,[0|0]
901804035,,1804,35,1,1,[0|0],98882110,0,0,0,0,0,[0|0]
901804050,,1804,50,1,1,[0|0],98882520,0,0,0,0,0,[0|0]
901804055,,1804,55,1,1,[0|0],98882510,0,0,0,0,0,[0|0]
901804060,,1804,60,1,1,[0|0],98881000,0,0,0,0,0,[0|0]
901804065,,1804,65,1,1,[0|0],98881020,0,0,0,0,0,[0|0]
901804070,,1804,70,1,1,[0|0],98881220,0,0,0,0,0,[0|0]
901804071,,1804,71,1,1,[0|0],98881221,0,0,0,0,0,[0|0]
901804072,,1804,72,1,1,[0|0],98881222,0,0,0,0,0,[0|0]
901804080,,1804,80,1,1,[0|0],98881520,0,0,0,0,0,[0|0]
901804085,,1804,85,1,1,[0|0],98881510,0,0,0,0,0,[0|0]
901810000,,1810,0,1,1,[0|0],98800020,0,0,0,0,0,[0|0]
901810005,,1810,5,1,1,[0|0],98800010,0,0,0,0,0,[0|0]
901810010,,1810,10,1,1,[0|0],98802000,0,0,0,0,0,[0|0]
901810015,,1810,15,1,1,[0|0],98802010,0,0,0,0,0,[0|0]
901810020,,1810,20,1,1,[0|0],98803000,0,0,0,0,0,[0|0]
901810030,,1810,30,1,1,[0|0],98882120,0,0,0,0,0,[0|0]
901810035,,1810,35,1,1,[0|0],98882110,0,0,0,0,0,[0|0]
901810050,,1810,50,1,1,[0|0],98882520,0,0,0,0,0,[0|0]
901810055,,1810,55,1,1,[0|0],98882510,0,0,0,0,0,[0|0]
901810060,,1810,60,1,1,[0|0],98881000,0,0,0,0,0,[0|0]
901810065,,1810,65,1,1,[0|0],98881020,0,0,0,0,0,[0|0]
901810070,,1810,70,1,1,[0|0],98881220,0,0,0,0,0,[0|0]
901810071,,1810,71,1,1,[0|0],98881221,0,0,0,0,0,[0|0]
901810072,,1810,72,1,1,[0|0],98881222,0,0,0,0,0,[0|0]
901810080,,1810,80,1,1,[0|0],98881520,0,0,0,0,0,[0|0]
901810085,,1810,85,1,1,[0|0],98881510,0,0,0,0,0,[0|0]
901811000,,1811,0,1,1,[0|0],98800020,0,0,0,0,0,[0|0]
901811005,,1811,5,1,1,[0|0],98800010,0,0,0,0,0,[0|0]
901811010,,1811,10,1,1,[0|0],98802000,0,0,0,0,0,[0|0]
901811015,,1811,15,1,1,[0|0],98802010,0,0,0,0,0,[0|0]
901811020,,1811,20,1,1,[0|0],98803000,0,0,0,0,0,[0|0]
901811030,,1811,30,1,1,[0|0],98882120,0,0,0,0,0,[0|0]
901811035,,1811,35,1,1,[0|0],98882110,0,0,0,0,0,[0|0]
901811050,,1811,50,1,1,[0|0],98882520,0,0,0,0,0,[0|0]
901811055,,1811,55,1,1,[0|0],98882510,0,0,0,0,0,[0|0]
901811060,,1811,60,1,1,[0|0],98881000,0,0,0,0,0,[0|0]
901811065,,1811,65,1,1,[0|0],98881020,0,0,0,0,0,[0|0]
901811070,,1811,70,1,1,[0|0],98881220,0,0,0,0,0,[0|0]
901811071,,1811,71,1,1,[0|0],98881221,0,0,0,0,0,[0|0]
901811072,,1811,72,1,1,[0|0],98881222,0,0,0,0,0,[0|0]
901811080,,1811,80,1,1,[0|0],98881520,0,0,0,0,0,[0|0]
901811085,,1811,85,1,1,[0|0],98881510,0,0,0,0,0,[0|0]
901902000,,1902,0,1,1,[0|0],98800020,0,0,0,0,0,[0|0]
901902005,,1902,5,1,1,[0|0],98800010,0,0,0,0,0,[0|0]
901902010,,1902,10,1,1,[0|0],98802000,0,0,0,0,0,[0|0]
901902015,,1902,15,1,1,[0|0],98802010,0,0,0,0,0,[0|0]
901902020,,1902,20,1,1,[0|0],98803000,0,0,0,0,0,[0|0]
901902030,,1902,30,1,1,[0|0],98882120,0,0,0,0,0,[0|0]
901902035,,1902,35,1,1,[0|0],98882110,0,0,0,0,0,[0|0]
901902050,,1902,50,1,1,[0|0],98882520,0,0,0,0,0,[0|0]
901902055,,1902,55,1,1,[0|0],98882510,0,0,0,0,0,[0|0]
901902060,,1902,60,1,1,[0|0],98881000,0,0,0,0,0,[0|0]
901902065,,1902,65,1,1,[0|0],98881020,0,0,0,0,0,[0|0]
901902070,,1902,70,1,1,[0|0],98881220,0,0,0,0,0,[0|0]
901902071,,1902,71,1,1,[0|0],98881221,0,0,0,0,0,[0|0]
901902072,,1902,72,1,1,[0|0],98881222,0,0,0,0,0,[0|0]
901902080,,1902,80,1,1,[0|0],98881520,0,0,0,0,0,[0|0]
901902085,,1902,85,1,1,[0|0],98881510,0,0,0,0,0,[0|0]
901906000,,1906,0,1,1,[0|0],98800020,0,0,0,0,0,[0|0]
901906005,,1906,5,1,1,[0|0],98800010,0,0,0,0,0,[0|0]
901906010,,1906,10,1,1,[0|0],98802000,0,0,0,0,0,[0|0]
901906015,,1906,15,1,1,[0|0],98802010,0,0,0,0,0,[0|0]
901906020,,1906,20,1,1,[0|0],98803000,0,0,0,0,0,[0|0]
901906030,,1906,30,1,1,[0|0],98882120,0,0,0,0,0,[0|0]
901906035,,1906,35,1,1,[0|0],98882110,0,0,0,0,0,[0|0]
901906050,,1906,50,1,1,[0|0],98882520,0,0,0,0,0,[0|0]
901906055,,1906,55,1,1,[0|0],98882510,0,0,0,0,0,[0|0]
901906060,,1906,60,1,1,[0|0],98881000,0,0,0,0,0,[0|0]
901906065,,1906,65,1,1,[0|0],98881020,0,0,0,0,0,[0|0]
901906070,,1906,70,1,1,[0|0],98881220,0,0,0,0,0,[0|0]
901906071,,1906,71,1,1,[0|0],98881221,0,0,0,0,0,[0|0]
901906072,,1906,72,1,1,[0|0],98881222,0,0,0,0,0,[0|0]
901906080,,1906,80,1,1,[0|0],98881520,0,0,0,0,0,[0|0]
901906085,,1906,85,1,1,[0|0],98881510,0,0,0,0,0,[0|0]
902000000,,2000,0,1,1,[0|0],98800030,0,0,0,0,0,[0|0]
902000005,,2000,5,1,1,[0|0],98800010,0,0,0,0,0,[0|0]
902000010,,2000,10,1,1,[0|0],98802000,0,0,0,0,0,[0|0]
902000015,,2000,15,1,1,[0|0],98802010,0,0,0,0,0,[0|0]
902000020,,2000,20,1,1,[0|0],98803000,0,0,0,0,0,[0|0]
902000030,,2000,30,1,1,[0|0],98882120,0,0,0,0,0,[0|0]
902000035,,2000,35,1,1,[0|0],98882110,0,0,0,0,0,[0|0]
902000050,,2000,50,1,1,[0|0],98882530,0,0,0,0,0,[0|0]
902000055,,2000,55,1,1,[0|0],98882510,0,0,0,0,0,[0|0]
902000060,,2000,60,1,1,[0|0],98881000,0,0,0,0,0,[0|0]
902000065,,2000,65,1,1,[0|0],98881020,0,0,0,0,0,[0|0]
902000070,,2000,70,1,1,[0|0],98881230,0,0,0,0,0,[0|0]
902000071,,2000,71,1,1,[0|0],98881231,0,0,0,0,0,[0|0]
902000072,,2000,72,1,1,[0|0],98881232,0,0,0,0,0,[0|0]
902000080,,2000,80,1,1,[0|0],98881530,0,0,0,0,0,[0|0]
902000085,,2000,85,1,1,[0|0],98881510,0,0,0,0,0,[0|0]
902003000,,2003,0,1,1,[0|0],98800030,0,0,0,0,0,[0|0]
902003005,,2003,5,1,1,[0|0],98800010,0,0,0,0,0,[0|0]
902003010,,2003,10,1,1,[0|0],98802000,0,0,0,0,0,[0|0]
902003015,,2003,15,1,1,[0|0],98802010,0,0,0,0,0,[0|0]
902003020,,2003,20,1,1,[0|0],98803000,0,0,0,0,0,[0|0]
902003030,,2003,30,1,1,[0|0],98882120,0,0,0,0,0,[0|0]
902003035,,2003,35,1,1,[0|0],98882110,0,0,0,0,0,[0|0]
902003050,,2003,50,1,1,[0|0],98882530,0,0,0,0,0,[0|0]
902003055,,2003,55,1,1,[0|0],98882510,0,0,0,0,0,[0|0]
902003060,,2003,60,1,1,[0|0],98881000,0,0,0,0,0,[0|0]
902003065,,2003,65,1,1,[0|0],98881020,0,0,0,0,0,[0|0]
902003070,,2003,70,1,1,[0|0],98881230,0,0,0,0,0,[0|0]
902003071,,2003,71,1,1,[0|0],98881231,0,0,0,0,0,[0|0]
902003072,,2003,72,1,1,[0|0],98881232,0,0,0,0,0,[0|0]
902003080,,2003,80,1,1,[0|0],98881530,0,0,0,0,0,[0|0]
902003085,,2003,85,1,1,[0|0],98881510,0,0,0,0,0,[0|0]
902101000,,2101,0,1,1,[0|0],98800000,0,0,0,0,0,[0|0]
902101005,,2101,5,1,1,[0|0],98800010,0,0,0,0,0,[0|0]
902101010,,2101,10,1,1,[0|0],98802000,0,0,0,0,0,[0|0]
902101015,,2101,15,1,1,[0|0],98802010,0,0,0,0,0,[0|0]
902101020,,2101,20,1,1,[0|0],98803000,0,0,0,0,0,[0|0]
902101030,,2101,30,1,1,[0|0],98882100,0,0,0,0,0,[0|0]
902101035,,2101,35,1,1,[0|0],98882110,0,0,0,0,0,[0|0]
902101050,,2101,50,1,1,[0|0],98882500,0,0,0,0,0,[0|0]
902101055,,2101,55,1,1,[0|0],98882510,0,0,0,0,0,[0|0]
902101060,,2101,60,1,1,[0|0],98881000,0,0,0,0,0,[0|0]
902101065,,2101,65,1,1,[0|0],98881020,0,0,0,0,0,[0|0]
902101070,,2101,70,1,1,[0|0],98881200,0,0,0,0,0,[0|0]
902101071,,2101,71,1,1,[0|0],98881201,0,0,0,0,0,[0|0]
902101072,,2101,72,1,1,[0|0],98881202,0,0,0,0,0,[0|0]
902101080,,2101,80,1,1,[0|0],98881501,0,0,0,0,0,[0|0]
902101085,,2101,85,1,1,[0|0],98881510,0,0,0,0,0,[0|0]
902112000,,2112,0,1,1,[0|0],98800000,0,0,0,0,0,[0|0]
902112005,,2112,5,1,1,[0|0],98800010,0,0,0,0,0,[0|0]
902112010,,2112,10,1,1,[0|0],98802000,0,0,0,0,0,[0|0]
902112015,,2112,15,1,1,[0|0],98802010,0,0,0,0,0,[0|0]
902112020,,2112,20,1,1,[0|0],98803000,0,0,0,0,0,[0|0]
902112030,,2112,30,1,1,[0|0],98882100,0,0,0,0,0,[0|0]
902112035,,2112,35,1,1,[0|0],98882110,0,0,0,0,0,[0|0]
902112050,,2112,50,1,1,[0|0],98882500,0,0,0,0,0,[0|0]
902112055,,2112,55,1,1,[0|0],98882510,0,0,0,0,0,[0|0]
902112060,,2112,60,1,1,[0|0],98881000,0,0,0,0,0,[0|0]
902112065,,2112,65,1,1,[0|0],98881020,0,0,0,0,0,[0|0]
902112070,,2112,70,1,1,[0|0],98881200,0,0,0,0,0,[0|0]
902112071,,2112,71,1,1,[0|0],98881201,0,0,0,0,0,[0|0]
902112072,,2112,72,1,1,[0|0],98881202,0,0,0,0,0,[0|0]
902112080,,2112,80,1,1,[0|0],98881501,0,0,0,0,0,[0|0]
902112085,,2112,85,1,1,[0|0],98881510,0,0,0,0,0,[0|0]
902113000,,2113,0,1,1,[0|0],98800000,0,0,0,0,0,[0|0]
902113005,,2113,5,1,1,[0|0],98800010,0,0,0,0,0,[0|0]
902113010,,2113,10,1,1,[0|0],98802000,0,0,0,0,0,[0|0]
902113015,,2113,15,1,1,[0|0],98802010,0,0,0,0,0,[0|0]
902113020,,2113,20,1,1,[0|0],98803000,0,0,0,0,0,[0|0]
902113030,,2113,30,1,1,[0|0],98882100,0,0,0,0,0,[0|0]
902113035,,2113,35,1,1,[0|0],98882110,0,0,0,0,0,[0|0]
902113050,,2113,50,1,1,[0|0],98882500,0,0,0,0,0,[0|0]
902113055,,2113,55,1,1,[0|0],98882510,0,0,0,0,0,[0|0]
902113060,,2113,60,1,1,[0|0],98881000,0,0,0,0,0,[0|0]
902113065,,2113,65,1,1,[0|0],98881020,0,0,0,0,0,[0|0]
902113070,,2113,70,1,1,[0|0],98881200,0,0,0,0,0,[0|0]
902113071,,2113,71,1,1,[0|0],98881201,0,0,0,0,0,[0|0]
902113072,,2113,72,1,1,[0|0],98881202,0,0,0,0,0,[0|0]
902113080,,2113,80,1,1,[0|0],98881501,0,0,0,0,0,[0|0]
902113085,,2113,85,1,1,[0|0],98881510,0,0,0,0,0,[0|0]
902201000,,2201,0,1,1,[0|0],98800000,0,0,0,0,0,[0|0]
902201005,,2201,5,1,1,[0|0],98800010,0,0,0,0,0,[0|0]
902201010,,2201,10,1,1,[0|0],98802000,0,0,0,0,0,[0|0]
902201015,,2201,15,1,1,[0|0],98802010,0,0,0,0,0,[0|0]
902201020,,2201,20,1,1,[0|0],98803000,0,0,0,0,0,[0|0]
902201030,,2201,30,1,1,[0|0],98882100,0,0,0,0,0,[0|0]
902201035,,2201,35,1,1,[0|0],98882110,0,0,0,0,0,[0|0]
902201050,,2201,50,1,1,[0|0],98882500,0,0,0,0,0,[0|0]
902201055,,2201,55,1,1,[0|0],98882510,0,0,0,0,0,[0|0]
902201060,,2201,60,1,1,[0|0],98881000,0,0,0,0,0,[0|0]
902201065,,2201,65,1,1,[0|0],98881020,0,0,0,0,0,[0|0]
902201070,,2201,70,1,1,[0|0],98881200,0,0,0,0,0,[0|0]
902201071,,2201,71,1,1,[0|0],98881201,0,0,0,0,0,[0|0]
902201072,,2201,72,1,1,[0|0],98881202,0,0,0,0,0,[0|0]
902201080,,2201,80,1,1,[0|0],98881501,0,0,0,0,0,[0|0]
902201085,,2201,85,1,1,[0|0],98881510,0,0,0,0,0,[0|0]
902300000,,2300,0,1,1,[0|0],98800020,0,0,0,0,0,[0|0]
902300005,,2300,5,1,1,[0|0],98800010,0,0,0,0,0,[0|0]
902300010,,2300,10,1,1,[0|0],98802000,0,0,0,0,0,[0|0]
902300015,,2300,15,1,1,[0|0],98802010,0,0,0,0,0,[0|0]
902300020,,2300,20,1,1,[0|0],98803000,0,0,0,0,0,[0|0]
902300030,,2300,30,1,1,[0|0],98882120,0,0,0,0,0,[0|0]
902300035,,2300,35,1,1,[0|0],98882110,0,0,0,0,0,[0|0]
902300050,,2300,50,1,1,[0|0],98882520,0,0,0,0,0,[0|0]
902300055,,2300,55,1,1,[0|0],98882510,0,0,0,0,0,[0|0]
902300060,,2300,60,1,1,[0|0],98881000,0,0,0,0,0,[0|0]
902300065,,2300,65,1,1,[0|0],98881020,0,0,0,0,0,[0|0]
902300070,,2300,70,1,1,[0|0],98881220,0,0,0,0,0,[0|0]
902300071,,2300,71,1,1,[0|0],98881221,0,0,0,0,0,[0|0]
902300072,,2300,72,1,1,[0|0],98881222,0,0,0,0,0,[0|0]
902300080,,2300,80,1,1,[0|0],98881520,0,0,0,0,0,[0|0]
902300085,,2300,85,1,1,[0|0],98881510,0,0,0,0,0,[0|0]
902301000,,2301,0,1,1,[0|0],98800020,0,0,0,0,0,[0|0]
902301005,,2301,5,1,1,[0|0],98800010,0,0,0,0,0,[0|0]
902301010,,2301,10,1,1,[0|0],98802000,0,0,0,0,0,[0|0]
902301015,,2301,15,1,1,[0|0],98802010,0,0,0,0,0,[0|0]
902301020,,2301,20,1,1,[0|0],98803000,0,0,0,0,0,[0|0]
902301030,,2301,30,1,1,[0|0],98882120,0,0,0,0,0,[0|0]
902301035,,2301,35,1,1,[0|0],98882110,0,0,0,0,0,[0|0]
902301050,,2301,50,1,1,[0|0],98882520,0,0,0,0,0,[0|0]
902301055,,2301,55,1,1,[0|0],98882510,0,0,0,0,0,[0|0]
902301060,,2301,60,1,1,[0|0],98881000,0,0,0,0,0,[0|0]
902301065,,2301,65,1,1,[0|0],98881020,0,0,0,0,0,[0|0]
902301070,,2301,70,1,1,[0|0],98881220,0,0,0,0,0,[0|0]
902301071,,2301,71,1,1,[0|0],98881221,0,0,0,0,0,[0|0]
902301072,,2301,72,1,1,[0|0],98881222,0,0,0,0,0,[0|0]
902301080,,2301,80,1,1,[0|0],98881520,0,0,0,0,0,[0|0]
902301085,,2301,85,1,1,[0|0],98881510,0,0,0,0,0,[0|0]
902303000,,2303,0,1,1,[0|0],98800020,0,0,0,0,0,[0|0]
902303005,,2303,5,1,1,[0|0],98800010,0,0,0,0,0,[0|0]
902303010,,2303,10,1,1,[0|0],98802000,0,0,0,0,0,[0|0]
902303015,,2303,15,1,1,[0|0],98802010,0,0,0,0,0,[0|0]
902303020,,2303,20,1,1,[0|0],98803000,0,0,0,0,0,[0|0]
902303030,,2303,30,1,1,[0|0],98882120,0,0,0,0,0,[0|0]
902303035,,2303,35,1,1,[0|0],98882110,0,0,0,0,0,[0|0]
902303050,,2303,50,1,1,[0|0],98882520,0,0,0,0,0,[0|0]
902303055,,2303,55,1,1,[0|0],98882510,0,0,0,0,0,[0|0]
902303060,,2303,60,1,1,[0|0],98881000,0,0,0,0,0,[0|0]
902303065,,2303,65,1,1,[0|0],98881020,0,0,0,0,0,[0|0]
902303070,,2303,70,1,1,[0|0],98881220,0,0,0,0,0,[0|0]
902303071,,2303,71,1,1,[0|0],98881221,0,0,0,0,0,[0|0]
902303072,,2303,72,1,1,[0|0],98881222,0,0,0,0,0,[0|0]
902303080,,2303,80,1,1,[0|0],98881520,0,0,0,0,0,[0|0]
902303085,,2303,85,1,1,[0|0],98881510,0,0,0,0,0,[0|0]
902304000,,2304,0,1,1,[0|0],98800020,0,0,0,0,0,[0|0]
902304005,,2304,5,1,1,[0|0],98800010,0,0,0,0,0,[0|0]
902304010,,2304,10,1,1,[0|0],98802000,0,0,0,0,0,[0|0]
902304015,,2304,15,1,1,[0|0],98802010,0,0,0,0,0,[0|0]
902304020,,2304,20,1,1,[0|0],98803000,0,0,0,0,0,[0|0]
902304030,,2304,30,1,1,[0|0],98882120,0,0,0,0,0,[0|0]
902304035,,2304,35,1,1,[0|0],98882110,0,0,0,0,0,[0|0]
902304050,,2304,50,1,1,[0|0],98882520,0,0,0,0,0,[0|0]
902304055,,2304,55,1,1,[0|0],98882510,0,0,0,0,0,[0|0]
902304060,,2304,60,1,1,[0|0],98881000,0,0,0,0,0,[0|0]
902304065,,2304,65,1,1,[0|0],98881020,0,0,0,0,0,[0|0]
902304070,,2304,70,1,1,[0|0],98881220,0,0,0,0,0,[0|0]
902304071,,2304,71,1,1,[0|0],98881221,0,0,0,0,0,[0|0]
902304072,,2304,72,1,1,[0|0],98881222,0,0,0,0,0,[0|0]
902304080,,2304,80,1,1,[0|0],98881520,0,0,0,0,0,[0|0]
902304085,,2304,85,1,1,[0|0],98881510,0,0,0,0,0,[0|0]
902306000,,2306,0,1,1,[0|0],98800020,0,0,0,0,0,[0|0]
902306005,,2306,5,1,1,[0|0],98800010,0,0,0,0,0,[0|0]
902306010,,2306,10,1,1,[0|0],98802000,0,0,0,0,0,[0|0]
902306015,,2306,15,1,1,[0|0],98802010,0,0,0,0,0,[0|0]
902306020,,2306,20,1,1,[0|0],98803000,0,0,0,0,0,[0|0]
902306030,,2306,30,1,1,[0|0],98882120,0,0,0,0,0,[0|0]
902306035,,2306,35,1,1,[0|0],98882110,0,0,0,0,0,[0|0]
902306050,,2306,50,1,1,[0|0],98882520,0,0,0,0,0,[0|0]
902306055,,2306,55,1,1,[0|0],98882510,0,0,0,0,0,[0|0]
902306060,,2306,60,1,1,[0|0],98881000,0,0,0,0,0,[0|0]
902306065,,2306,65,1,1,[0|0],98881020,0,0,0,0,0,[0|0]
902306070,,2306,70,1,1,[0|0],98881220,0,0,0,0,0,[0|0]
902306071,,2306,71,1,1,[0|0],98881221,0,0,0,0,0,[0|0]
902306072,,2306,72,1,1,[0|0],98881222,0,0,0,0,0,[0|0]
902306080,,2306,80,1,1,[0|0],98881520,0,0,0,0,0,[0|0]
902306085,,2306,85,1,1,[0|0],98881510,0,0,0,0,0,[0|0]
902307000,,2307,0,1,1,[0|0],98800020,0,0,0,0,0,[0|0]
902307005,,2307,5,1,1,[0|0],98800010,0,0,0,0,0,[0|0]
902307010,,2307,10,1,1,[0|0],98802000,0,0,0,0,0,[0|0]
902307015,,2307,15,1,1,[0|0],98802010,0,0,0,0,0,[0|0]
902307020,,2307,20,1,1,[0|0],98803000,0,0,0,0,0,[0|0]
902307030,,2307,30,1,1,[0|0],98882120,0,0,0,0,0,[0|0]
902307035,,2307,35,1,1,[0|0],98882110,0,0,0,0,0,[0|0]
902307050,,2307,50,1,1,[0|0],98882520,0,0,0,0,0,[0|0]
902307055,,2307,55,1,1,[0|0],98882510,0,0,0,0,0,[0|0]
902307060,,2307,60,1,1,[0|0],98881000,0,0,0,0,0,[0|0]
902307065,,2307,65,1,1,[0|0],98881020,0,0,0,0,0,[0|0]
902307070,,2307,70,1,1,[0|0],98881220,0,0,0,0,0,[0|0]
902307071,,2307,71,1,1,[0|0],98881221,0,0,0,0,0,[0|0]
902307072,,2307,72,1,1,[0|0],98881222,0,0,0,0,0,[0|0]
902307080,,2307,80,1,1,[0|0],98881520,0,0,0,0,0,[0|0]
902307085,,2307,85,1,1,[0|0],98881510,0,0,0,0,0,[0|0]
902308000,,2308,0,1,1,[0|0],98800020,0,0,0,0,0,[0|0]
902308005,,2308,5,1,1,[0|0],98800010,0,0,0,0,0,[0|0]
902308010,,2308,10,1,1,[0|0],98802000,0,0,0,0,0,[0|0]
902308015,,2308,15,1,1,[0|0],98802010,0,0,0,0,0,[0|0]
902308020,,2308,20,1,1,[0|0],98803000,0,0,0,0,0,[0|0]
902308030,,2308,30,1,1,[0|0],98882120,0,0,0,0,0,[0|0]
902308035,,2308,35,1,1,[0|0],98882110,0,0,0,0,0,[0|0]
902308050,,2308,50,1,1,[0|0],98882520,0,0,0,0,0,[0|0]
902308055,,2308,55,1,1,[0|0],98882510,0,0,0,0,0,[0|0]
902308060,,2308,60,1,1,[0|0],98881000,0,0,0,0,0,[0|0]
902308065,,2308,65,1,1,[0|0],98881020,0,0,0,0,0,[0|0]
902308070,,2308,70,1,1,[0|0],98881220,0,0,0,0,0,[0|0]
902308071,,2308,71,1,1,[0|0],98881221,0,0,0,0,0,[0|0]
902308072,,2308,72,1,1,[0|0],98881222,0,0,0,0,0,[0|0]
902308080,,2308,80,1,1,[0|0],98881520,0,0,0,0,0,[0|0]
902308085,,2308,85,1,1,[0|0],98881510,0,0,0,0,0,[0|0]
902309000,,2309,0,1,1,[0|0],98800020,0,0,0,0,0,[0|0]
902309005,,2309,5,1,1,[0|0],98800010,0,0,0,0,0,[0|0]
902309010,,2309,10,1,1,[0|0],98802000,0,0,0,0,0,[0|0]
902309015,,2309,15,1,1,[0|0],98802010,0,0,0,0,0,[0|0]
902309020,,2309,20,1,1,[0|0],98803000,0,0,0,0,0,[0|0]
902309030,,2309,30,1,1,[0|0],98882120,0,0,0,0,0,[0|0]
902309035,,2309,35,1,1,[0|0],98882110,0,0,0,0,0,[0|0]
902309050,,2309,50,1,1,[0|0],98882520,0,0,0,0,0,[0|0]
902309055,,2309,55,1,1,[0|0],98882510,0,0,0,0,0,[0|0]
902309060,,2309,60,1,1,[0|0],98881000,0,0,0,0,0,[0|0]
902309065,,2309,65,1,1,[0|0],98881020,0,0,0,0,0,[0|0]
902309070,,2309,70,1,1,[0|0],98881220,0,0,0,0,0,[0|0]
902309071,,2309,71,1,1,[0|0],98881221,0,0,0,0,0,[0|0]
902309072,,2309,72,1,1,[0|0],98881222,0,0,0,0,0,[0|0]
902309080,,2309,80,1,1,[0|0],98881520,0,0,0,0,0,[0|0]
902309085,,2309,85,1,1,[0|0],98881510,0,0,0,0,0,[0|0]
905000000,,5000,0,1,1,[0|0],98883000,0,0,0,0,0,[0|0]
905000001,,5000,1,1,1,[0|0],98883001,0,0,0,0,0,[0|0]
905000002,,5000,2,1,1,[0|0],98883002,0,0,0,0,0,[0|0]
905000010,,5000,10,1,1,[0|0],98883100,0,0,0,0,0,[0|0]
905000020,,5000,20,1,1,[0|0],98883200,0,0,0,0,0,[0|0]
905000030,,5000,30,1,1,[0|0],98883300,0,0,0,0,0,[0|0]
905000040,,5000,40,1,1,[0|0],98883400,0,0,0,0,0,[0|0]
905010000,,5010,0,1,1,[0|0],98883000,0,0,0,0,0,[0|0]
905010001,,5010,1,1,1,[0|0],98883001,0,0,0,0,0,[0|0]
905010002,,5010,2,1,1,[0|0],98883002,0,0,0,0,0,[0|0]
905010010,,5010,10,1,1,[0|0],98883100,0,0,0,0,0,[0|0]
905010020,,5010,20,1,1,[0|0],98883200,0,0,0,0,0,[0|0]
905010030,,5010,30,1,1,[0|0],98883300,0,0,0,0,0,[0|0]
905010040,,5010,40,1,1,[0|0],98883400,0,0,0,0,0,[0|0]
905011000,,5011,0,1,1,[0|0],98883000,0,0,0,0,0,[0|0]
905011001,,5011,1,1,1,[0|0],98883001,0,0,0,0,0,[0|0]
905011002,,5011,2,1,1,[0|0],98883002,0,0,0,0,0,[0|0]
905011010,,5011,10,1,1,[0|0],98883100,0,0,0,0,0,[0|0]
905011020,,5011,20,1,1,[0|0],98883200,0,0,0,0,0,[0|0]
905011030,,5011,30,1,1,[0|0],98883300,0,0,0,0,0,[0|0]
905011040,,5011,40,1,1,[0|0],98883400,0,0,0,0,0,[0|0]
905012000,,5012,0,1,1,[0|0],98883000,0,0,0,0,0,[0|0]
905012001,,5012,1,1,1,[0|0],98883001,0,0,0,0,0,[0|0]
905012002,,5012,2,1,1,[0|0],98883002,0,0,0,0,0,[0|0]
905012010,,5012,10,1,1,[0|0],98883100,0,0,0,0,0,[0|0]
905012020,,5012,20,1,1,[0|0],98883200,0,0,0,0,0,[0|0]
905012030,,5012,30,1,1,[0|0],98883300,0,0,0,0,0,[0|0]
905012040,,5012,40,1,1,[0|0],98883400,0,0,0,0,0,[0|0]
905013000,,5013,0,1,1,[0|0],98883000,0,0,0,0,0,[0|0]
905013001,,5013,1,1,1,[0|0],98883001,0,0,0,0,0,[0|0]
905013002,,5013,2,1,1,[0|0],98883002,0,0,0,0,0,[0|0]
905013010,,5013,10,1,1,[0|0],98883100,0,0,0,0,0,[0|0]
905013020,,5013,20,1,1,[0|0],98883200,0,0,0,0,0,[0|0]
905013030,,5013,30,1,1,[0|0],98883300,0,0,0,0,0,[0|0]
905013040,,5013,40,1,1,[0|0],98883400,0,0,0,0,0,[0|0]
905020000,,5020,0,1,1,[0|0],98883000,0,0,0,0,0,[0|0]
905020001,,5020,1,1,1,[0|0],98883001,0,0,0,0,0,[0|0]
905020002,,5020,2,1,1,[0|0],98883002,0,0,0,0,0,[0|0]
905020010,,5020,10,1,1,[0|0],98883100,0,0,0,0,0,[0|0]
905020020,,5020,20,1,1,[0|0],98883200,0,0,0,0,0,[0|0]
905020030,,5020,30,1,1,[0|0],98883300,0,0,0,0,0,[0|0]
905020040,,5020,40,1,1,[0|0],98883400,0,0,0,0,0,[0|0]
905021000,,5021,0,1,1,[0|0],98883000,0,0,0,0,0,[0|0]
905021001,,5021,1,1,1,[0|0],98883001,0,0,0,0,0,[0|0]
905021002,,5021,2,1,1,[0|0],98883002,0,0,0,0,0,[0|0]
905021010,,5021,10,1,1,[0|0],98883100,0,0,0,0,0,[0|0]
905021020,,5021,20,1,1,[0|0],98883200,0,0,0,0,0,[0|0]
905021030,,5021,30,1,1,[0|0],98883300,0,0,0,0,0,[0|0]
905021040,,5021,40,1,1,[0|0],98883400,0,0,0,0,0,[0|0]
905022000,,5022,0,1,1,[0|0],98883000,0,0,0,0,0,[0|0]
905022001,,5022,1,1,1,[0|0],98883001,0,0,0,0,0,[0|0]
905022002,,5022,2,1,1,[0|0],98883002,0,0,0,0,0,[0|0]
905022010,,5022,10,1,1,[0|0],98883100,0,0,0,0,0,[0|0]
905022020,,5022,20,1,1,[0|0],98883200,0,0,0,0,0,[0|0]
905022030,,5022,30,1,1,[0|0],98883300,0,0,0,0,0,[0|0]
905022040,,5022,40,1,1,[0|0],98883400,0,0,0,0,0,[0|0]
905023000,,5023,0,1,1,[0|0],98883000,0,0,0,0,0,[0|0]
905023001,,5023,1,1,1,[0|0],98883001,0,0,0,0,0,[0|0]
905023002,,5023,2,1,1,[0|0],98883002,0,0,0,0,0,[0|0]
905023010,,5023,10,1,1,[0|0],98883100,0,0,0,0,0,[0|0]
905023020,,5023,20,1,1,[0|0],98883200,0,0,0,0,0,[0|0]
905023030,,5023,30,1,1,[0|0],98883300,0,0,0,0,0,[0|0]
905023040,,5023,40,1,1,[0|0],98883400,0,0,0,0,0,[0|0]
905024000,,5024,0,1,1,[0|0],98883000,0,0,0,0,0,[0|0]
905024001,,5024,1,1,1,[0|0],98883001,0,0,0,0,0,[0|0]
905024002,,5024,2,1,1,[0|0],98883002,0,0,0,0,0,[0|0]
905024010,,5024,10,1,1,[0|0],98883100,0,0,0,0,0,[0|0]
905024020,,5024,20,1,1,[0|0],98883200,0,0,0,0,0,[0|0]
905024030,,5024,30,1,1,[0|0],98883300,0,0,0,0,0,[0|0]
905024040,,5024,40,1,1,[0|0],98883400,0,0,0,0,0,[0|0]
905027000,,5027,0,1,1,[0|0],98883000,0,0,0,0,0,[0|0]
905027001,,5027,1,1,1,[0|0],98883001,0,0,0,0,0,[0|0]
905027002,,5027,2,1,1,[0|0],98883002,0,0,0,0,0,[0|0]
905027010,,5027,10,1,1,[0|0],98883100,0,0,0,0,0,[0|0]
905027020,,5027,20,1,1,[0|0],98883200,0,0,0,0,0,[0|0]
905027030,,5027,30,1,1,[0|0],98883300,0,0,0,0,0,[0|0]
905027040,,5027,40,1,1,[0|0],98883400,0,0,0,0,0,[0|0]
905028000,,5028,0,1,1,[0|0],98883000,0,0,0,0,0,[0|0]
905028001,,5028,1,1,1,[0|0],98883001,0,0,0,0,0,[0|0]
905028002,,5028,2,1,1,[0|0],98883002,0,0,0,0,0,[0|0]
905028010,,5028,10,1,1,[0|0],98883100,0,0,0,0,0,[0|0]
905028020,,5028,20,1,1,[0|0],98883200,0,0,0,0,0,[0|0]
905028030,,5028,30,1,1,[0|0],98883300,0,0,0,0,0,[0|0]
905028040,,5028,40,1,1,[0|0],98883400,0,0,0,0,0,[0|0]
905029000,,5029,0,1,1,[0|0],98883000,0,0,0,0,0,[0|0]
905029001,,5029,1,1,1,[0|0],98883001,0,0,0,0,0,[0|0]
905029002,,5029,2,1,1,[0|0],98883002,0,0,0,0,0,[0|0]
905029010,,5029,10,1,1,[0|0],98883100,0,0,0,0,0,[0|0]
905029020,,5029,20,1,1,[0|0],98883200,0,0,0,0,0,[0|0]
905029030,,5029,30,1,1,[0|0],98883300,0,0,0,0,0,[0|0]
905029040,,5029,40,1,1,[0|0],98883400,0,0,0,0,0,[0|0]
905050000,,5050,0,1,1,[0|0],98883005,0,0,0,0,0,[0|0]
905050001,,5050,1,1,1,[0|0],98883006,0,0,0,0,0,[0|0]
905050002,,5050,2,1,1,[0|0],98883007,0,0,0,0,0,[0|0]
905050010,,5050,10,1,1,[0|0],98883110,0,0,0,0,0,[0|0]
905050020,,5050,20,1,1,[0|0],98883210,0,0,0,0,0,[0|0]
905050030,,5050,30,1,1,[0|0],98883310,0,0,0,0,0,[0|0]
905050040,,5050,40,1,1,[0|0],98883410,0,0,0,0,0,[0|0]
905060000,,5060,0,1,1,[0|0],98883005,0,0,0,0,0,[0|0]
905060001,,5060,1,1,1,[0|0],98883006,0,0,0,0,0,[0|0]
905060002,,5060,2,1,1,[0|0],98883007,0,0,0,0,0,[0|0]
905060010,,5060,10,1,1,[0|0],98883110,0,0,0,0,0,[0|0]
905060020,,5060,20,1,1,[0|0],98883210,0,0,0,0,0,[0|0]
905060030,,5060,30,1,1,[0|0],98883310,0,0,0,0,0,[0|0]
905060040,,5060,40,1,1,[0|0],98883410,0,0,0,0,0,[0|0]
905061000,,5061,0,1,1,[0|0],98883005,0,0,0,0,0,[0|0]
905061001,,5061,1,1,1,[0|0],98883006,0,0,0,0,0,[0|0]
905061002,,5061,2,1,1,[0|0],98883007,0,0,0,0,0,[0|0]
905061010,,5061,10,1,1,[0|0],98883110,0,0,0,0,0,[0|0]
905061020,,5061,20,1,1,[0|0],98883210,0,0,0,0,0,[0|0]
905061030,,5061,30,1,1,[0|0],98883310,0,0,0,0,0,[0|0]
905061040,,5061,40,1,1,[0|0],98883410,0,0,0,0,0,[0|0]
905062000,,5062,0,1,1,[0|0],98883005,0,0,0,0,0,[0|0]
905062001,,5062,1,1,1,[0|0],98883006,0,0,0,0,0,[0|0]
905062002,,5062,2,1,1,[0|0],98883007,0,0,0,0,0,[0|0]
905062010,,5062,10,1,1,[0|0],98883110,0,0,0,0,0,[0|0]
905062020,,5062,20,1,1,[0|0],98883210,0,0,0,0,0,[0|0]
905062030,,5062,30,1,1,[0|0],98883310,0,0,0,0,0,[0|0]
905062040,,5062,40,1,1,[0|0],98883410,0,0,0,0,0,[0|0]
905063000,,5063,0,1,1,[0|0],98883005,0,0,0,0,0,[0|0]
905063001,,5063,1,1,1,[0|0],98883006,0,0,0,0,0,[0|0]
905063002,,5063,2,1,1,[0|0],98883007,0,0,0,0,0,[0|0]
905063010,,5063,10,1,1,[0|0],98883110,0,0,0,0,0,[0|0]
905063020,,5063,20,1,1,[0|0],98883210,0,0,0,0,0,[0|0]
905063030,,5063,30,1,1,[0|0],98883310,0,0,0,0,0,[0|0]
905063040,,5063,40,1,1,[0|0],98883410,0,0,0,0,0,[0|0]
905070000,,5070,0,1,1,[0|0],98883005,0,0,0,0,0,[0|0]
905070001,,5070,1,1,1,[0|0],98883006,0,0,0,0,0,[0|0]
905070002,,5070,2,1,1,[0|0],98883007,0,0,0,0,0,[0|0]
905070010,,5070,10,1,1,[0|0],98883110,0,0,0,0,0,[0|0]
905070020,,5070,20,1,1,[0|0],98883210,0,0,0,0,0,[0|0]
905070030,,5070,30,1,1,[0|0],98883310,0,0,0,0,0,[0|0]
905070040,,5070,40,1,1,[0|0],98883410,0,0,0,0,0,[0|0]
905071000,,5071,0,1,1,[0|0],98883005,0,0,0,0,0,[0|0]
905071001,,5071,1,1,1,[0|0],98883006,0,0,0,0,0,[0|0]
905071002,,5071,2,1,1,[0|0],98883007,0,0,0,0,0,[0|0]
905071010,,5071,10,1,1,[0|0],98883110,0,0,0,0,0,[0|0]
905071020,,5071,20,1,1,[0|0],98883210,0,0,0,0,0,[0|0]
905071030,,5071,30,1,1,[0|0],98883310,0,0,0,0,0,[0|0]
905071040,,5071,40,1,1,[0|0],98883410,0,0,0,0,0,[0|0]
905072000,,5072,0,1,1,[0|0],98883005,0,0,0,0,0,[0|0]
905072001,,5072,1,1,1,[0|0],98883006,0,0,0,0,0,[0|0]
905072002,,5072,2,1,1,[0|0],98883007,0,0,0,0,0,[0|0]
905072010,,5072,10,1,1,[0|0],98883110,0,0,0,0,0,[0|0]
905072020,,5072,20,1,1,[0|0],98883210,0,0,0,0,0,[0|0]
905072030,,5072,30,1,1,[0|0],98883310,0,0,0,0,0,[0|0]
905072040,,5072,40,1,1,[0|0],98883410,0,0,0,0,0,[0|0]
905073000,,5073,0,1,1,[0|0],98883005,0,0,0,0,0,[0|0]
905073001,,5073,1,1,1,[0|0],98883006,0,0,0,0,0,[0|0]
905073002,,5073,2,1,1,[0|0],98883007,0,0,0,0,0,[0|0]
905073010,,5073,10,1,1,[0|0],98883110,0,0,0,0,0,[0|0]
905073020,,5073,20,1,1,[0|0],98883210,0,0,0,0,0,[0|0]
905073030,,5073,30,1,1,[0|0],98883310,0,0,0,0,0,[0|0]
905073040,,5073,40,1,1,[0|0],98883410,0,0,0,0,0,[0|0]
905074000,,5074,0,1,1,[0|0],98883005,0,0,0,0,0,[0|0]
905074001,,5074,1,1,1,[0|0],98883006,0,0,0,0,0,[0|0]
905074002,,5074,2,1,1,[0|0],98883007,0,0,0,0,0,[0|0]
905074010,,5074,10,1,1,[0|0],98883110,0,0,0,0,0,[0|0]
905074020,,5074,20,1,1,[0|0],98883210,0,0,0,0,0,[0|0]
905074030,,5074,30,1,1,[0|0],98883310,0,0,0,0,0,[0|0]
905074040,,5074,40,1,1,[0|0],98883410,0,0,0,0,0,[0|0]
905077000,,5077,0,1,1,[0|0],98883000,0,0,0,0,0,[0|0]
905077001,,5077,1,1,1,[0|0],98883001,0,0,0,0,0,[0|0]
905077002,,5077,2,1,1,[0|0],98883002,0,0,0,0,0,[0|0]
905077010,,5077,10,1,1,[0|0],98883110,0,0,0,0,0,[0|0]
905077020,,5077,20,1,1,[0|0],98883210,0,0,0,0,0,[0|0]
905077030,,5077,30,1,1,[0|0],98883310,0,0,0,0,0,[0|0]
905077040,,5077,40,1,1,[0|0],98883410,0,0,0,0,0,[0|0]
905078000,,5078,0,1,1,[0|0],98883000,0,0,0,0,0,[0|0]
905078001,,5078,1,1,1,[0|0],98883001,0,0,0,0,0,[0|0]
905078002,,5078,2,1,1,[0|0],98883002,0,0,0,0,0,[0|0]
905078010,,5078,10,1,1,[0|0],98883110,0,0,0,0,0,[0|0]
905078020,,5078,20,1,1,[0|0],98883210,0,0,0,0,0,[0|0]
905078030,,5078,30,1,1,[0|0],98883310,0,0,0,0,0,[0|0]
905078040,,5078,40,1,1,[0|0],98883410,0,0,0,0,0,[0|0]
905079000,,5079,0,1,1,[0|0],98883000,0,0,0,0,0,[0|0]
905079001,,5079,1,1,1,[0|0],98883001,0,0,0,0,0,[0|0]
905079002,,5079,2,1,1,[0|0],98883002,0,0,0,0,0,[0|0]
905079010,,5079,10,1,1,[0|0],98883110,0,0,0,0,0,[0|0]
905079020,,5079,20,1,1,[0|0],98883210,0,0,0,0,0,[0|0]
905079030,,5079,30,1,1,[0|0],98883310,0,0,0,0,0,[0|0]
905079040,,5079,40,1,1,[0|0],98883410,0,0,0,0,0,[0|0]
905100010,,5100,10,1,1,[0|0],98883130,0,0,0,0,0,[0|0]
905100020,,5100,20,1,1,[0|0],98883230,0,0,0,0,0,[0|0]
905100030,,5100,30,1,1,[0|0],98883330,0,0,0,0,0,[0|0]
905100040,,5100,40,1,1,[0|0],98883430,0,0,0,0,0,[0|0]
905200010,,5200,10,1,1,[0|0],98883120,0,0,0,0,0,[0|0]
905200020,,5200,20,1,1,[0|0],98883220,0,0,0,0,0,[0|0]
905200030,,5200,30,1,1,[0|0],98883320,0,0,0,0,0,[0|0]
905200040,,5200,40,1,1,[0|0],98883420,0,0,0,0,0,[0|0]
905300010,,5300,10,1,1,[0|0],98883140,0,0,0,0,0,[0|0]
905300020,,5300,20,1,1,[0|0],98883240,0,0,0,0,0,[0|0]
905300030,,5300,30,1,1,[0|0],98883340,0,0,0,0,0,[0|0]
905300040,,5300,40,1,1,[0|0],98883440,0,0,0,0,0,[0|0]
920970050,,100,0,1,1,[0|0],920970050,0,0,0,0,0,[0|0]
990315000,,315,0,1,1,[0|0],900315000,0,0,0,0,0,[0|0]
990500000,,500,0,1,1,[0|0],900500000,0,0,0,0,0,[0|0]
990501000,[Relic] Starlight Shards,501,0,1,1,[0|0],900501000,0,0,0,0,0,[0|0]
990502010,[Relic] Neutralizing Boluses,502,10,1,1,[0|0],900502010,0,0,0,0,0,[0|0]
990502040,[Relic] Stanching Boluses,502,40,1,1,[0|0],900502040,0,0,0,0,0,[0|0]
990502070,[Relic] Thawfrost Boluses,502,70,1,1,[0|0],900502070,0,0,0,0,0,[0|0]
990502100,[Relic] Stimulating Boluses,502,100,1,1,[0|0],900502100,0,0,0,0,0,[0|0]
990502130,[Relic] Preserving Boluses,502,130,1,1,[0|0],900502130,0,0,0,0,0,[0|0]
990502160,[Relic] Rejuvenating Boluses,502,160,1,1,[0|0],900502160,0,0,0,0,0,[0|0]
990502180,[Relic] Clarifying Boluses,502,180,1,1,[0|0],900502180,0,0,0,0,0,[0|0]
990503070,,900,0,1,1,[0|0],900503070,0,0,0,0,0,[0|0]
990901000,,901,0,1,1,[0|0],900901000,0,0,0,0,0,[0|0]
990902000,,902,0,1,1,[0|0],900902000,0,0,0,0,0,[0|0]
999999999,,0,0,0,0,[0|0],-1,0,0,0,0,0,[0|0]
