ID,Name,soul,equip_Wep_Right_1,equip_Wep_Right_2,equip_Wep_Left_1,equip_Wep_Left_2,equip_Wep_Right_3,equip_Wep_Left_3,equip_Helm,equip_Armer,equip_Gaunt,equip_Leg,equip_Arrow,equip_Bolt,equip_SubArrow,equip_SubBolt,equip_Accessory01,equip_Accessory02,equip_Accessory03,equip_Accessory04,characterSkillWeapon,ultimateArtWeapon,extraHelperWeapon,unknown_2,unknown_3,unknown_4,equip_Spell_01,equip_Spell_02,equip_Spell_03,equip_Spell_04,equip_Spell_05,equip_Spell_06,equip_Spell_07,item_01,item_02,item_03,item_04,item_05,item_06,item_07,item_08,item_09,item_10,tUnknown_1,tUnknown_2a,tUnknown_2b,tUnknown_2c,tUnknown_2d,tUnknown_3a,tUnknown_3b,tUnknown_3c,tUnknown_3d,soulLv,baseVit,baseWil,baseEnd,baseStr,baseDex,baseMag,baseFai,baseLuc,tUnknown_6c,itemNum_01,itemNum_02,itemNum_03,itemNum_04,itemNum_05,itemNum_06,itemNum_07,itemNum_08,itemNum_09,itemNum_10,tUnknown_11b,tUnknown_11c,tUnknown_11d,tUnknown_12a,tUnknown_12b,tUnknown_12c,tUnknown_12d,tUnknown_13a,tUnknown_13b,tUnknown_13c,tUnknown_13d,tUnknown_14a,tUnknown_14b,tUnknown_14c,tUnknown_14d,tUnknown_15a,tUnknown_15b,tUnknown_15c,tUnknown_15d,tUnknown_16a,tUnknown_16b,heroId,tUnknown_16d,tUnknown_17,tUnknown_18,tUnknown_19,tUnknown_20,tUnknown_21,tUnknown_22,unknown_14a,unknown_14b,unknown_14c,unknown_14d,unknown_15a,unknown_15b,unknown_15c,unknown_15d,unknown_16a,unknown_16b,unknown_16c,unknown_16d,unknown_17a,unknown_17b,unknown_17c,unknown_17d,unknown_18a,unknown_18b,unknown_18c,unknown_18d,CharacterScale,unknown_20a,unknown_20b,unknown_20c,unknown_20d,unknown_21a,unknown_21b,unknown_21c,unknown_21d,unknown_22a,unknown_22b,unknown_22c,unknown_22d,unknown_23a,unknown_23b,unknown_23c,unknown_23d,spectralHawkWeaponId,heroSelectionBackgroundId,unknown_24a,unknown_24b,unknown_24c,unknown_24d,unknown_25a,unknown_25b,unknown_25c,unknown_25d,unknown_26a,unknown_26b,unknown_26c,unknown_26d,reserve,
10,,50000,13020000,20030000,24000000,20060000,20070000,20000000,5000000,5000100,5000200,5000300,50000000,52000000,51000000,53000000,-1,-1,-1,-1,60000000,60010000,-1,-1,-1,-1,-1,-1,-1,-1,-1,-1,-1,1001,1051,12,11500,292,310,240,330,-1,-1,1,1,0,1,0,1,0,1,0,325,50,50,50,50,50,50,50,50,2,2,1,1,1,10,10,1,99,0,0,255,255,255,255,255,255,255,0,0,1,0,255,255,255,255,0,0,0,0,0,0,0,0,-1,-1,-1,-1,-1,-1,0,0,0,0,0,0,3,3,0,0,255,0,0,0,0,0,0,0,0,0,1,0,0,0,0,255,255,255,255,255,255,255,255,255,255,255,255,65000000,-1,-1,-1,-1,-1,-1,-1,-1,-1,-1,-1,-1,-1,[0|0|0|0|0|0|0|0|0|0|0|0]
11,,50000,13020000,20030000,24000000,20060000,20070000,20000000,5000000,5000100,5000200,5000300,50000000,52000000,51000000,53000000,-1,-1,-1,-1,60000000,60010000,-1,-1,-1,-1,-1,-1,-1,-1,-1,-1,-1,1001,1051,12,11500,292,310,240,330,-1,-1,1,1,0,1,0,1,0,1,0,325,50,50,50,50,50,50,50,50,2,2,1,1,1,10,10,1,99,0,0,255,255,255,255,255,255,255,0,0,1,0,255,255,255,255,0,0,0,0,0,0,0,0,-1,-1,-1,-1,-1,-1,0,0,0,0,0,0,3,3,0,0,255,0,0,0,0,0,0,0,0,0,1,0,0,0,0,255,255,255,255,255,255,255,255,255,255,255,255,65000000,-1,-1,-1,-1,-1,-1,-1,-1,-1,-1,-1,-1,-1,[0|0|0|0|0|0|0|0|0|0|0|0]
12,,50000,13000000,20020000,24000000,13030000,20050000,13040000,5000000,5000100,5000200,5000300,50000000,52000000,51000000,53000000,-1,-1,-1,-1,60000000,60010000,-1,-1,-1,-1,-1,-1,-1,-1,-1,-1,-1,1001,1051,12,11500,292,310,240,330,-1,-1,1,1,0,1,0,1,0,1,0,325,50,50,50,50,50,50,50,50,2,2,1,1,1,10,10,1,99,0,0,255,255,255,255,255,255,255,0,0,1,0,255,255,255,255,0,0,0,0,0,0,0,0,-1,-1,-1,-1,-1,-1,0,0,0,0,0,0,3,3,0,0,255,0,0,0,0,0,0,0,0,0,1,0,0,0,0,255,255,255,255,255,255,255,255,255,255,255,255,65000000,-1,-1,-1,-1,-1,-1,-1,-1,-1,-1,-1,-1,-1,[0|0|0|0|0|0|0|0|0|0|0|0]
13,,50000,16020000,13010000,24000000,13020000,13000000,41060000,5000000,5000100,5000200,5000300,50000000,52000000,51000000,53000000,-1,-1,-1,-1,60000000,60010000,-1,-1,-1,-1,-1,-1,-1,-1,-1,-1,-1,1001,1051,12,11500,292,310,240,330,-1,-1,1,1,0,1,0,1,0,1,0,325,50,50,50,50,50,50,50,50,2,2,1,1,1,10,10,1,99,0,0,255,255,255,255,255,255,255,0,0,1,0,255,255,255,255,0,0,0,0,0,0,0,0,-1,-1,-1,-1,-1,-1,0,0,0,0,0,0,3,3,0,0,255,0,0,0,0,0,0,0,0,0,1,0,0,0,0,255,255,255,255,255,255,255,255,255,255,255,255,65000000,-1,-1,-1,-1,-1,-1,-1,-1,-1,-1,-1,-1,-1,[0|0|0|0|0|0|0|0|0|0|0|0]
20,,0,2000000,-1,24000000,-1,-1,-1,5000000,5000100,5000200,5000300,50000000,52000000,51000000,53000000,-1,-1,-1,-1,60000000,60010000,-1,-1,-1,-1,-1,-1,-1,-1,-1,-1,-1,1001,1051,130,-1,-1,-1,-1,-1,-1,-1,20,1,0,1,0,1,0,1,0,20,11,14,11,14,17,12,10,10,0,2,2,1,0,0,0,0,0,0,0,255,255,255,255,255,255,255,0,0,1,0,255,255,255,255,0,0,0,0,0,0,0,0,115,-1,-1,-1,-1,-1,1,0,0,0,0,0,2,2,0,0,255,0,0,0,0,0,0,0,0,0,1,0,0,0,0,255,255,255,255,255,255,255,255,255,255,255,255,65000000,-1,-1,-1,-1,-1,-1,-1,-1,-1,-1,-1,-1,-1,[0|0|0|0|0|0|0|0|0|0|0|0]
21,,0,16000000,-1,24000000,31000000,-1,-1,5000000,5000100,5000200,5000300,50000000,52000000,51000000,53000000,-1,-1,-1,-1,60000000,60010000,-1,-1,-1,-1,4000,4220,-1,-1,-1,-1,-1,1001,1051,130,-1,-1,-1,-1,-1,-1,-1,22,1,0,1,0,1,0,1,0,20,13,15,12,15,13,16,7,8,0,2,2,1,0,0,0,0,0,0,0,255,255,255,255,255,255,255,0,0,1,0,255,255,255,255,0,0,0,0,0,0,0,0,115,-1,-1,-1,-1,-1,1,0,0,0,0,0,2,2,0,0,255,0,0,0,0,0,0,0,0,0,1,0,0,0,0,255,255,255,255,255,255,255,255,255,255,255,255,65000000,-1,-1,-1,-1,-1,-1,-1,-1,-1,-1,-1,-1,-1,[0|0|0|0|0|0|0|0|0|0|0|0]
22,,0,11000000,34040000,24000000,-1,-1,-1,5000000,5000100,5000200,5000300,50000000,52000000,51000000,53000000,-1,-1,-1,-1,60000000,60010000,-1,-1,-1,-1,5510,6020,-1,-1,-1,-1,-1,1001,1051,130,-1,-1,-1,-1,-1,-1,-1,24,1,0,1,0,1,0,1,0,20,12,17,9,13,12,10,17,9,0,2,2,1,0,0,0,0,0,0,0,255,255,255,255,255,255,255,0,0,1,0,255,255,255,255,0,0,0,0,0,0,0,0,115,-1,-1,-1,-1,-1,1,0,0,0,0,0,2,2,0,0,255,0,0,0,0,0,0,0,0,0,1,0,0,0,0,255,255,255,255,255,255,255,255,255,255,255,255,65000000,-1,-1,-1,-1,-1,-1,-1,-1,-1,-1,-1,-1,-1,[0|0|0|0|0|0|0|0|0|0|0|0]
23,,0,14000000,-1,24000000,30070000,-1,-1,5000000,5000100,5000200,5000300,50000000,52000000,51000000,53000000,-1,-1,-1,-1,60000000,60010000,-1,-1,-1,-1,7320,-1,-1,-1,-1,-1,-1,1001,1051,130,-1,-1,-1,-1,-1,-1,-1,26,1,0,1,0,1,0,1,0,20,15,11,14,16,10,7,11,15,0,2,2,1,0,0,0,0,0,0,0,255,255,255,255,255,255,255,0,0,1,0,255,255,255,255,0,0,0,0,0,0,0,0,115,-1,-1,-1,-1,-1,1,0,0,0,0,0,2,2,0,0,255,0,0,0,0,0,0,0,0,0,1,0,0,0,0,255,255,255,255,255,255,255,255,255,255,255,255,65000000,-1,-1,-1,-1,-1,-1,-1,-1,-1,-1,-1,-1,-1,[0|0|0|0|0|0|0|0|0|0|0|0]
50,,0,13020000,20030000,24000000,20060000,20070000,20000000,5003000,5003100,5003200,5003300,50000000,52000000,51000000,53000000,-1,-1,-1,-1,60300000,60310000,-1,-1,-1,-1,-1,-1,-1,-1,-1,-1,-1,3000,3011,-1,-1,-1,-1,-1,-1,-1,-1,10,1,0,1,0,1,0,1,0,15,0,0,0,0,0,0,0,0,0,1,1,0,0,0,0,0,0,0,0,255,255,255,255,255,255,255,0,0,0,0,255,255,255,255,0,0,0,0,0,0,4,0,-1,-1,-1,-1,-1,-1,0,0,0,0,0,0,3,1,0,0,3,0,0,0,0,0,0,0,0,0,0.96,0,0,0,0,255,255,255,255,255,255,255,255,255,255,255,255,65000000,-1,-1,-1,-1,-1,-1,-1,-1,-1,-1,-1,-1,-1,[0|0|0|0|0|0|0|0|0|0|0|0]
51,,0,13020000,20030000,24000000,20060000,20070000,20000000,5006000,5006100,5006200,5006300,50000000,52000000,51000000,53000000,-1,-1,-1,-1,60600000,60610000,-1,-1,-1,-1,-1,-1,-1,-1,-1,-1,-1,3000,3011,-1,-1,-1,-1,-1,-1,-1,-1,13,1,0,1,0,1,0,1,0,15,0,0,0,0,0,0,0,0,0,1,1,0,0,0,0,0,0,0,0,255,255,255,255,255,255,255,0,0,0,0,255,255,255,255,0,0,0,0,0,0,7,0,-1,-1,-1,-1,-1,-1,0,0,0,0,0,0,3,1,0,0,3,0,0,0,0,0,0,0,0,0,1.05,0,0,0,0,255,255,255,255,255,255,255,255,255,255,255,255,65000000,-1,-1,-1,-1,-1,-1,-1,-1,-1,-1,-1,-1,-1,[0|0|0|0|0|0|0|0|0|0|0|0]
60,,0,13020000,20030000,24000000,20060000,20070000,20000000,5005000,5005100,5005200,5005300,50000000,52000000,51000000,53000000,-1,-1,-1,-1,60500000,60510000,60520000,-1,-1,-1,-1,-1,-1,-1,-1,-1,-1,3000,3011,-1,-1,-1,-1,-1,-1,-1,-1,12,1,0,1,0,1,0,1,0,15,0,0,0,0,0,0,0,0,0,1,1,0,0,0,0,0,0,0,0,255,255,255,255,255,255,255,0,0,0,0,255,255,255,255,0,0,0,0,0,0,6,2,-1,-1,-1,-1,-1,-1,0,0,0,0,0,0,3,1,0,0,3,0,0,0,0,0,0,0,0,0,0.85,0,0,0,0,255,255,255,255,255,255,255,255,255,255,255,255,65000000,-1,-1,-1,-1,-1,-1,-1,-1,-1,-1,-1,-1,-1,[0|0|0|0|0|0|0|0|0|0|0|0]
61,,0,13020000,20030000,24000000,20060000,20070000,20000000,5015000,5015100,5015200,5015300,50000000,52000000,51000000,53000000,-1,-1,-1,-1,60500000,60510000,60520000,-1,-1,-1,-1,-1,-1,-1,-1,-1,-1,3000,3011,-1,-1,-1,-1,-1,-1,-1,-1,12,1,0,1,0,1,0,1,0,15,0,0,0,0,0,0,0,0,0,1,1,0,0,0,0,0,0,0,0,255,255,255,255,255,255,255,0,0,0,0,255,255,255,255,0,0,0,0,0,0,6,2,-1,-1,-1,-1,-1,-1,0,0,0,0,0,0,3,1,0,0,3,0,0,0,0,0,0,0,0,0,0.85,0,0,0,0,255,255,255,255,255,255,255,255,255,255,255,255,65000000,-1,-1,-1,-1,-1,-1,-1,-1,-1,-1,-1,-1,-1,[0|0|0|0|0|0|0|0|0|0|0|0]
62,,0,13020000,20030000,24000000,20060000,20070000,20000000,5025000,5025100,5025200,5025300,50000000,52000000,51000000,53000000,-1,-1,-1,-1,60500000,60510000,60520000,-1,-1,-1,-1,-1,-1,-1,-1,-1,-1,3000,3011,-1,-1,-1,-1,-1,-1,-1,-1,12,1,0,1,0,1,0,1,0,15,0,0,0,0,0,0,0,0,0,1,1,0,0,0,0,0,0,0,0,255,255,255,255,255,255,255,0,0,0,0,255,255,255,255,0,0,0,0,0,0,6,2,-1,-1,-1,-1,-1,-1,0,0,0,0,0,0,3,1,0,0,3,0,0,0,0,0,0,0,0,0,0.85,0,0,0,0,255,255,255,255,255,255,255,255,255,255,255,255,65000000,-1,-1,-1,-1,-1,-1,-1,-1,-1,-1,-1,-1,-1,[0|0|0|0|0|0|0|0|0|0|0|0]
100,,50000,12000,-1,31000000,-1,-1,-1,5000000,5000100,5000200,5000300,50000000,52000000,51000000,53000000,-1,-1,-1,-1,60000000,60010000,-1,-1,-1,-1,-1,-1,-1,-1,-1,-1,-1,1001,1051,12,11500,292,310,240,330,-1,-1,1,1,0,1,0,1,0,1,0,23,17,13,14,19,14,9,9,7,0,7,1,1,1,10,10,1,99,0,0,255,255,255,255,255,255,255,0,0,1,0,255,255,255,255,0,0,0,0,0,0,0,0,-1,-1,-1,-1,-1,-1,0,0,0,0,0,0,7,3,0,0,255,0,0,0,0,0,0,0,0,0,1,0,0,0,0,255,255,255,255,255,255,255,255,255,255,255,255,65000000,-1,-1,-1,-1,-1,-1,-1,-1,-1,-1,-1,-1,-1,[0|0|0|0|0|0|0|0|0|0|0|0]
110,,50000,11000,16000000,31000000,11000,15000000,-1,5000000,5000100,5000200,5000300,50000000,52000000,51000000,53000000,-1,-1,-1,-1,60000000,60010000,-1,-1,-1,-1,-1,-1,-1,-1,-1,-1,-1,1001,1051,12,11500,292,310,240,330,-1,-1,1,1,0,1,0,1,0,1,0,285,50,50,14,50,50,50,50,50,2,2,1,1,1,10,10,1,99,0,0,255,255,255,255,255,255,255,0,0,1,0,255,255,255,255,0,0,0,0,0,0,0,0,-1,-1,-1,-1,-1,-1,0,0,0,0,0,0,3,3,0,0,255,0,0,0,0,0,0,0,0,0,1,0,0,0,0,255,255,255,255,255,255,255,255,255,255,255,255,65000000,-1,-1,-1,-1,-1,-1,-1,-1,-1,-1,-1,-1,-1,[0|0|0|0|0|0|0|0|0|0|0|0]
200,,0,-1,-1,-1,-1,-1,-1,-1,-1,-1,-1,-1,-1,-1,-1,-1,-1,-1,-1,-1,-1,-1,-1,-1,-1,-1,-1,-1,-1,-1,-1,-1,-1,-1,-1,-1,-1,-1,-1,-1,-1,-1,0,0,0,0,0,0,0,0,0,0,0,0,0,0,0,0,0,0,0,0,0,0,0,0,0,0,0,0,0,255,255,255,255,255,255,255,0,0,0,0,255,255,255,255,0,0,0,0,0,0,0,0,-1,-1,-1,-1,-1,-1,0,0,0,0,0,0,255,255,0,0,255,0,0,0,0,0,0,0,0,0,1,0,0,0,0,255,255,255,255,255,255,255,255,255,255,255,255,-1,-1,-1,-1,-1,-1,-1,-1,-1,-1,-1,-1,-1,-1,[0|0|0|0|0|0|0|0|0|0|0|0]
4100,,0,1000000,1000000,31000000,1000000,-1,24000000,5000000,5000100,5000200,5000300,50000000,52000000,51000000,53000000,-1,-1,-1,-1,60000000,60010000,-1,-1,-1,-1,-1,-1,-1,-1,-1,-1,-1,1001,1051,130,300,1700,1400,900,-1,9500,-1,1,1,0,1,0,1,0,1,0,15,13,10,12,16,12,9,7,10,0,3,3,1,3,40,99,99,0,3,0,255,255,255,255,255,255,255,0,0,1,0,255,255,255,255,0,0,0,0,0,0,1,0,-1,-1,-1,-1,-1,-1,0,0,0,0,0,0,3,3,0,0,255,0,0,0,0,0,0,0,0,0,1,0,0,0,0,255,255,255,255,255,255,255,255,255,255,255,255,65000000,-1,-1,-1,-1,-1,-1,-1,-1,-1,-1,-1,-1,-1,[0|0|0|0|0|0|0|0|0|0|0|0]
4101,,0,1010000,1000000,31000000,1010000,-1,24000000,5000000,5000100,5000200,5000300,50000000,52000000,51000000,53000000,-1,-1,-1,-1,60000000,60010000,-1,-1,-1,-1,-1,-1,-1,-1,-1,-1,-1,1001,1051,130,300,1700,1400,900,-1,9500,-1,1,1,0,1,0,1,0,1,0,15,13,10,12,16,12,9,7,10,0,3,3,1,3,40,99,99,0,3,0,255,255,255,255,255,255,255,0,0,1,0,255,255,255,255,0,0,0,0,0,0,1,0,-1,-1,-1,-1,-1,-1,0,0,0,0,0,0,3,3,0,0,255,0,0,0,0,0,0,0,0,0,1,0,0,0,0,255,255,255,255,255,255,255,255,255,255,255,255,65000000,-1,-1,-1,-1,-1,-1,-1,-1,-1,-1,-1,-1,-1,[0|0|0|0|0|0|0|0|0|0|0|0]
4102,,0,1020000,1000000,31000000,1020000,-1,24000000,5000000,5000100,5000200,5000300,50000000,52000000,51000000,53000000,-1,-1,-1,-1,60000000,60010000,-1,-1,-1,-1,-1,-1,-1,-1,-1,-1,-1,1001,1051,130,300,1700,1400,900,-1,9500,-1,1,1,0,1,0,1,0,1,0,15,13,10,12,16,12,9,7,10,0,3,3,1,3,40,99,99,0,3,0,255,255,255,255,255,255,255,0,0,1,0,255,255,255,255,0,0,0,0,0,0,1,0,-1,-1,-1,-1,-1,-1,0,0,0,0,0,0,3,3,0,0,255,0,0,0,0,0,0,0,0,0,1,0,0,0,0,255,255,255,255,255,255,255,255,255,255,255,255,65000000,-1,-1,-1,-1,-1,-1,-1,-1,-1,-1,-1,-1,-1,[0|0|0|0|0|0|0|0|0|0|0|0]
4103,,0,1030000,1000000,31000000,1030000,-1,24000000,5000000,5000100,5000200,5000300,50000000,52000000,51000000,53000000,-1,-1,-1,-1,60000000,60010000,-1,-1,-1,-1,-1,-1,-1,-1,-1,-1,-1,1001,1051,130,300,1700,1400,900,-1,9500,-1,1,1,0,1,0,1,0,1,0,15,13,10,12,16,12,9,7,10,0,3,3,1,3,40,99,99,0,3,0,255,255,255,255,255,255,255,0,0,1,0,255,255,255,255,0,0,0,0,0,0,1,0,-1,-1,-1,-1,-1,-1,0,0,0,0,0,0,3,3,0,0,255,0,0,0,0,0,0,0,0,0,1,0,0,0,0,255,255,255,255,255,255,255,255,255,255,255,255,65000000,-1,-1,-1,-1,-1,-1,-1,-1,-1,-1,-1,-1,-1,[0|0|0|0|0|0|0|0|0|0|0|0]
4104,,0,1040000,1000000,31000000,1040000,-1,24000000,5000000,5000100,5000200,5000300,50000000,52000000,51000000,53000000,-1,-1,-1,-1,60000000,60010000,-1,-1,-1,-1,-1,-1,-1,-1,-1,-1,-1,1001,1051,130,300,1700,1400,900,-1,9500,-1,1,1,0,1,0,1,0,1,0,15,13,10,12,16,12,9,7,10,0,3,3,1,3,40,99,99,0,3,0,255,255,255,255,255,255,255,0,0,1,0,255,255,255,255,0,0,0,0,0,0,1,0,-1,-1,-1,-1,-1,-1,0,0,0,0,0,0,3,3,0,0,255,0,0,0,0,0,0,0,0,0,1,0,0,0,0,255,255,255,255,255,255,255,255,255,255,255,255,65000000,-1,-1,-1,-1,-1,-1,-1,-1,-1,-1,-1,-1,-1,[0|0|0|0|0|0|0|0|0|0|0|0]
4105,,0,1050000,1000000,31000000,1050000,-1,24000000,5000000,5000100,5000200,5000300,50000000,52000000,51000000,53000000,-1,-1,-1,-1,60000000,60010000,-1,-1,-1,-1,-1,-1,-1,-1,-1,-1,-1,1001,1051,130,300,1700,1400,900,-1,9500,-1,1,1,0,1,0,1,0,1,0,15,13,10,12,16,12,9,7,10,0,3,3,1,3,40,99,99,0,3,0,255,255,255,255,255,255,255,0,0,1,0,255,255,255,255,0,0,0,0,0,0,1,0,-1,-1,-1,-1,-1,-1,0,0,0,0,0,0,3,3,0,0,255,0,0,0,0,0,0,0,0,0,1,0,0,0,0,255,255,255,255,255,255,255,255,255,255,255,255,65000000,-1,-1,-1,-1,-1,-1,-1,-1,-1,-1,-1,-1,-1,[0|0|0|0|0|0|0|0|0|0|0|0]
4106,,0,1060000,1000000,31000000,1060000,-1,24000000,5000000,5000100,5000200,5000300,50000000,52000000,51000000,53000000,-1,-1,-1,-1,60000000,60010000,-1,-1,-1,-1,-1,-1,-1,-1,-1,-1,-1,1001,1051,130,300,1700,1400,900,-1,9500,-1,1,1,0,1,0,1,0,1,0,15,13,10,12,16,12,9,7,10,0,3,3,1,3,40,99,99,0,3,0,255,255,255,255,255,255,255,0,0,1,0,255,255,255,255,0,0,0,0,0,0,1,0,-1,-1,-1,-1,-1,-1,0,0,0,0,0,0,3,3,0,0,255,0,0,0,0,0,0,0,0,0,1,0,0,0,0,255,255,255,255,255,255,255,255,255,255,255,255,65000000,-1,-1,-1,-1,-1,-1,-1,-1,-1,-1,-1,-1,-1,[0|0|0|0|0|0|0|0|0|0|0|0]
4107,,0,1070000,1000000,31000000,1070000,-1,24000000,5000000,5000100,5000200,5000300,50000000,52000000,51000000,53000000,-1,-1,-1,-1,60000000,60010000,-1,-1,-1,-1,-1,-1,-1,-1,-1,-1,-1,1001,1051,130,300,1700,1400,900,-1,9500,-1,1,1,0,1,0,1,0,1,0,15,13,10,12,16,12,9,7,10,0,3,3,1,3,40,99,99,0,3,0,255,255,255,255,255,255,255,0,0,1,0,255,255,255,255,0,0,0,0,0,0,1,0,-1,-1,-1,-1,-1,-1,0,0,0,0,0,0,3,3,0,0,255,0,0,0,0,0,0,0,0,0,1,0,0,0,0,255,255,255,255,255,255,255,255,255,255,255,255,65000000,-1,-1,-1,-1,-1,-1,-1,-1,-1,-1,-1,-1,-1,[0|0|0|0|0|0|0|0|0|0|0|0]
4108,,0,1080000,1000000,31000000,1080000,-1,24000000,5000000,5000100,5000200,5000300,50000000,52000000,51000000,53000000,-1,-1,-1,-1,60000000,60010000,-1,-1,-1,-1,-1,-1,-1,-1,-1,-1,-1,1001,1051,130,300,1700,1400,900,-1,9500,-1,1,1,0,1,0,1,0,1,0,15,13,10,12,16,12,9,7,10,0,3,3,1,3,40,99,99,0,3,0,255,255,255,255,255,255,255,0,0,1,0,255,255,255,255,0,0,0,0,0,0,1,0,-1,-1,-1,-1,-1,-1,0,0,0,0,0,0,3,3,0,0,255,0,0,0,0,0,0,0,0,0,1,0,0,0,0,255,255,255,255,255,255,255,255,255,255,255,255,65000000,-1,-1,-1,-1,-1,-1,-1,-1,-1,-1,-1,-1,-1,[0|0|0|0|0|0|0|0|0|0|0|0]
4109,,0,1090000,1000000,31000000,1090000,-1,24000000,5000000,5000100,5000200,5000300,50000000,52000000,51000000,53000000,-1,-1,-1,-1,60000000,60010000,-1,-1,-1,-1,-1,-1,-1,-1,-1,-1,-1,1001,1051,130,300,1700,1400,900,-1,9500,-1,1,1,0,1,0,1,0,1,0,15,13,10,12,16,12,9,7,10,0,3,3,1,3,40,99,99,0,3,0,255,255,255,255,255,255,255,0,0,1,0,255,255,255,255,0,0,0,0,0,0,1,0,-1,-1,-1,-1,-1,-1,0,0,0,0,0,0,3,3,0,0,255,0,0,0,0,0,0,0,0,0,1,0,0,0,0,255,255,255,255,255,255,255,255,255,255,255,255,65000000,-1,-1,-1,-1,-1,-1,-1,-1,-1,-1,-1,-1,-1,[0|0|0|0|0|0|0|0|0|0|0|0]
4110,,0,1100000,1000000,31000000,1100000,-1,24000000,5000000,5000100,5000200,5000300,50000000,52000000,51000000,53000000,-1,-1,-1,-1,60000000,60010000,-1,-1,-1,-1,-1,-1,-1,-1,-1,-1,-1,1001,1051,130,300,1700,1400,900,-1,9500,-1,1,1,0,1,0,1,0,1,0,15,13,10,12,16,12,9,7,10,0,3,3,1,3,40,99,99,0,3,0,255,255,255,255,255,255,255,0,0,1,0,255,255,255,255,0,0,0,0,0,0,1,0,-1,-1,-1,-1,-1,-1,0,0,0,0,0,0,3,3,0,0,255,0,0,0,0,0,0,0,0,0,1,0,0,0,0,255,255,255,255,255,255,255,255,255,255,255,255,65000000,-1,-1,-1,-1,-1,-1,-1,-1,-1,-1,-1,-1,-1,[0|0|0|0|0|0|0|0|0|0|0|0]
4111,,0,1110000,1000000,31000000,1110000,-1,24000000,5000000,5000100,5000200,5000300,50000000,52000000,51000000,53000000,-1,-1,-1,-1,60000000,60010000,-1,-1,-1,-1,-1,-1,-1,-1,-1,-1,-1,1001,1051,130,300,1700,1400,900,-1,9500,-1,1,1,0,1,0,1,0,1,0,15,13,10,12,16,12,9,7,10,0,3,3,1,3,40,99,99,0,3,0,255,255,255,255,255,255,255,0,0,1,0,255,255,255,255,0,0,0,0,0,0,1,0,-1,-1,-1,-1,-1,-1,0,0,0,0,0,0,3,3,0,0,255,0,0,0,0,0,0,0,0,0,1,0,0,0,0,255,255,255,255,255,255,255,255,255,255,255,255,65000000,-1,-1,-1,-1,-1,-1,-1,-1,-1,-1,-1,-1,-1,[0|0|0|0|0|0|0|0|0|0|0|0]
4113,,0,1130000,1000000,31000000,1130000,-1,24000000,5000000,5000100,5000200,5000300,50000000,52000000,51000000,53000000,-1,-1,-1,-1,60000000,60010000,-1,-1,-1,-1,-1,-1,-1,-1,-1,-1,-1,1001,1051,130,300,1700,1400,900,-1,9500,-1,1,1,0,1,0,1,0,1,0,15,13,10,12,16,12,9,7,10,0,3,3,1,3,40,99,99,0,3,0,255,255,255,255,255,255,255,0,0,1,0,255,255,255,255,0,0,0,0,0,0,1,0,-1,-1,-1,-1,-1,-1,0,0,0,0,0,0,3,3,0,0,255,0,0,0,0,0,0,0,0,0,1,0,0,0,0,255,255,255,255,255,255,255,255,255,255,255,255,65000000,-1,-1,-1,-1,-1,-1,-1,-1,-1,-1,-1,-1,-1,[0|0|0|0|0|0|0|0|0|0|0|0]
4114,,0,1140000,1000000,31000000,1140000,-1,24000000,5000000,5000100,5000200,5000300,50000000,52000000,51000000,53000000,-1,-1,-1,-1,60000000,60010000,-1,-1,-1,-1,-1,-1,-1,-1,-1,-1,-1,1001,1051,130,300,1700,1400,900,-1,9500,-1,1,1,0,1,0,1,0,1,0,15,13,10,12,16,12,9,7,10,0,3,3,1,3,40,99,99,0,3,0,255,255,255,255,255,255,255,0,0,1,0,255,255,255,255,0,0,0,0,0,0,1,0,-1,-1,-1,-1,-1,-1,0,0,0,0,0,0,3,3,0,0,255,0,0,0,0,0,0,0,0,0,1,0,0,0,0,255,255,255,255,255,255,255,255,255,255,255,255,65000000,-1,-1,-1,-1,-1,-1,-1,-1,-1,-1,-1,-1,-1,[0|0|0|0|0|0|0|0|0|0|0|0]
4115,,0,1150000,1000000,31000000,1150000,-1,24000000,5000000,5000100,5000200,5000300,50000000,52000000,51000000,53000000,-1,-1,-1,-1,60000000,60010000,-1,-1,-1,-1,-1,-1,-1,-1,-1,-1,-1,1001,1051,130,300,1700,1400,900,-1,9500,-1,1,1,0,1,0,1,0,1,0,15,13,10,12,16,12,9,7,10,0,3,3,1,3,40,99,99,0,3,0,255,255,255,255,255,255,255,0,0,1,0,255,255,255,255,0,0,0,0,0,0,1,0,-1,-1,-1,-1,-1,-1,0,0,0,0,0,0,3,3,0,0,255,0,0,0,0,0,0,0,0,0,1,0,0,0,0,255,255,255,255,255,255,255,255,255,255,255,255,65000000,-1,-1,-1,-1,-1,-1,-1,-1,-1,-1,-1,-1,-1,[0|0|0|0|0|0|0|0|0|0|0|0]
4116,,0,1160000,1000000,31000000,1160000,-1,24000000,5000000,5000100,5000200,5000300,50000000,52000000,51000000,53000000,-1,-1,-1,-1,60000000,60010000,-1,-1,-1,-1,-1,-1,-1,-1,-1,-1,-1,1001,1051,130,300,1700,1400,900,-1,9500,-1,1,1,0,1,0,1,0,1,0,15,13,10,12,16,12,9,7,10,0,3,3,1,3,40,99,99,0,3,0,255,255,255,255,255,255,255,0,0,1,0,255,255,255,255,0,0,0,0,0,0,1,0,-1,-1,-1,-1,-1,-1,0,0,0,0,0,0,3,3,0,0,255,0,0,0,0,0,0,0,0,0,1,0,0,0,0,255,255,255,255,255,255,255,255,255,255,255,255,65000000,-1,-1,-1,-1,-1,-1,-1,-1,-1,-1,-1,-1,-1,[0|0|0|0|0|0|0|0|0|0|0|0]
4150,,0,2000000,2000000,31000000,2000000,-1,24000000,5000000,5000100,5000200,5000300,50000000,52000000,51000000,53000000,-1,-1,-1,-1,60000000,60010000,-1,-1,-1,-1,-1,-1,-1,-1,-1,-1,-1,1001,1051,130,300,1700,1400,900,-1,9500,-1,1,1,0,1,0,1,0,1,0,15,13,10,12,16,12,9,7,10,0,3,3,1,3,40,99,99,0,3,0,255,255,255,255,255,255,255,0,0,1,0,255,255,255,255,0,0,0,0,0,0,1,0,-1,-1,-1,-1,-1,-1,0,0,0,0,0,0,3,3,0,0,255,0,0,0,0,0,0,0,0,0,1,0,0,0,0,255,255,255,255,255,255,255,255,255,255,255,255,65000000,-1,-1,-1,-1,-1,-1,-1,-1,-1,-1,-1,-1,-1,[0|0|0|0|0|0|0|0|0|0|0|0]
4151,,0,2010000,2000000,31000000,2010000,-1,24000000,5000000,5000100,5000200,5000300,50000000,52000000,51000000,53000000,-1,-1,-1,-1,60000000,60010000,-1,-1,-1,-1,-1,-1,-1,-1,-1,-1,-1,1001,1051,130,300,1700,1400,900,-1,9500,-1,1,1,0,1,0,1,0,1,0,15,13,10,12,16,12,9,7,10,0,3,3,1,3,40,99,99,0,3,0,255,255,255,255,255,255,255,0,0,1,0,255,255,255,255,0,0,0,0,0,0,1,0,-1,-1,-1,-1,-1,-1,0,0,0,0,0,0,3,3,0,0,255,0,0,0,0,0,0,0,0,0,1,0,0,0,0,255,255,255,255,255,255,255,255,255,255,255,255,65000000,-1,-1,-1,-1,-1,-1,-1,-1,-1,-1,-1,-1,-1,[0|0|0|0|0|0|0|0|0|0|0|0]
4152,,0,2020000,2000000,31000000,2020000,-1,24000000,5000000,5000100,5000200,5000300,50000000,52000000,51000000,53000000,-1,-1,-1,-1,60000000,60010000,-1,-1,-1,-1,-1,-1,-1,-1,-1,-1,-1,1001,1051,130,300,1700,1400,900,-1,9500,-1,1,1,0,1,0,1,0,1,0,15,13,10,12,16,12,9,7,10,0,3,3,1,3,40,99,99,0,3,0,255,255,255,255,255,255,255,0,0,1,0,255,255,255,255,0,0,0,0,0,0,1,0,-1,-1,-1,-1,-1,-1,0,0,0,0,0,0,3,3,0,0,255,0,0,0,0,0,0,0,0,0,1,0,0,0,0,255,255,255,255,255,255,255,255,255,255,255,255,65000000,-1,-1,-1,-1,-1,-1,-1,-1,-1,-1,-1,-1,-1,[0|0|0|0|0|0|0|0|0|0|0|0]
4153,,0,2030000,2000000,31000000,2030000,-1,24000000,5000000,5000100,5000200,5000300,50000000,52000000,51000000,53000000,-1,-1,-1,-1,60000000,60010000,-1,-1,-1,-1,-1,-1,-1,-1,-1,-1,-1,1001,1051,130,300,1700,1400,900,-1,9500,-1,1,1,0,1,0,1,0,1,0,15,13,10,12,16,12,9,7,10,0,3,3,1,3,40,99,99,0,3,0,255,255,255,255,255,255,255,0,0,1,0,255,255,255,255,0,0,0,0,0,0,1,0,-1,-1,-1,-1,-1,-1,0,0,0,0,0,0,3,3,0,0,255,0,0,0,0,0,0,0,0,0,1,0,0,0,0,255,255,255,255,255,255,255,255,255,255,255,255,65000000,-1,-1,-1,-1,-1,-1,-1,-1,-1,-1,-1,-1,-1,[0|0|0|0|0|0|0|0|0|0|0|0]
4154,,0,2040000,2000000,31000000,2040000,-1,24000000,5000000,5000100,5000200,5000300,50000000,52000000,51000000,53000000,-1,-1,-1,-1,60000000,60010000,-1,-1,-1,-1,-1,-1,-1,-1,-1,-1,-1,1001,1051,130,300,1700,1400,900,-1,9500,-1,1,1,0,1,0,1,0,1,0,15,13,10,12,16,12,9,7,10,0,3,3,1,3,40,99,99,0,3,0,255,255,255,255,255,255,255,0,0,1,0,255,255,255,255,0,0,0,0,0,0,1,0,-1,-1,-1,-1,-1,-1,0,0,0,0,0,0,3,3,0,0,255,0,0,0,0,0,0,0,0,0,1,0,0,0,0,255,255,255,255,255,255,255,255,255,255,255,255,65000000,-1,-1,-1,-1,-1,-1,-1,-1,-1,-1,-1,-1,-1,[0|0|0|0|0|0|0|0|0|0|0|0]
4155,,0,2050000,2000000,31000000,2050000,-1,24000000,5000000,5000100,5000200,5000300,50000000,52000000,51000000,53000000,-1,-1,-1,-1,60000000,60010000,-1,-1,-1,-1,-1,-1,-1,-1,-1,-1,-1,1001,1051,130,300,1700,1400,900,-1,9500,-1,1,1,0,1,0,1,0,1,0,15,13,10,12,16,12,9,7,10,0,3,3,1,3,40,99,99,0,3,0,255,255,255,255,255,255,255,0,0,1,0,255,255,255,255,0,0,0,0,0,0,1,0,-1,-1,-1,-1,-1,-1,0,0,0,0,0,0,3,3,0,0,255,0,0,0,0,0,0,0,0,0,1,0,0,0,0,255,255,255,255,255,255,255,255,255,255,255,255,65000000,-1,-1,-1,-1,-1,-1,-1,-1,-1,-1,-1,-1,-1,[0|0|0|0|0|0|0|0|0|0|0|0]
4156,,0,2060000,2000000,31000000,2060000,-1,24000000,5000000,5000100,5000200,5000300,50000000,52000000,51000000,53000000,-1,-1,-1,-1,60000000,60010000,-1,-1,-1,-1,-1,-1,-1,-1,-1,-1,-1,1001,1051,130,300,1700,1400,900,-1,9500,-1,1,1,0,1,0,1,0,1,0,15,13,10,12,16,12,9,7,10,0,3,3,1,3,40,99,99,0,3,0,255,255,255,255,255,255,255,0,0,1,0,255,255,255,255,0,0,0,0,0,0,1,0,-1,-1,-1,-1,-1,-1,0,0,0,0,0,0,3,3,0,0,255,0,0,0,0,0,0,0,0,0,1,0,0,0,0,255,255,255,255,255,255,255,255,255,255,255,255,65000000,-1,-1,-1,-1,-1,-1,-1,-1,-1,-1,-1,-1,-1,[0|0|0|0|0|0|0|0|0|0|0|0]
4157,,0,2070000,2000000,31000000,2070000,-1,24000000,5000000,5000100,5000200,5000300,50000000,52000000,51000000,53000000,-1,-1,-1,-1,60000000,60010000,-1,-1,-1,-1,-1,-1,-1,-1,-1,-1,-1,1001,1051,130,300,1700,1400,900,-1,9500,-1,1,1,0,1,0,1,0,1,0,15,13,10,12,16,12,9,7,10,0,3,3,1,3,40,99,99,0,3,0,255,255,255,255,255,255,255,0,0,1,0,255,255,255,255,0,0,0,0,0,0,1,0,-1,-1,-1,-1,-1,-1,0,0,0,0,0,0,3,3,0,0,255,0,0,0,0,0,0,0,0,0,1,0,0,0,0,255,255,255,255,255,255,255,255,255,255,255,255,65000000,-1,-1,-1,-1,-1,-1,-1,-1,-1,-1,-1,-1,-1,[0|0|0|0|0|0|0|0|0|0|0|0]
4158,,0,2080000,2000000,31000000,2080000,-1,24000000,5000000,5000100,5000200,5000300,50000000,52000000,51000000,53000000,-1,-1,-1,-1,60000000,60010000,-1,-1,-1,-1,-1,-1,-1,-1,-1,-1,-1,1001,1051,130,300,1700,1400,900,-1,9500,-1,1,1,0,1,0,1,0,1,0,15,13,10,12,16,12,9,7,10,0,3,3,1,3,40,99,99,0,3,0,255,255,255,255,255,255,255,0,0,1,0,255,255,255,255,0,0,0,0,0,0,1,0,-1,-1,-1,-1,-1,-1,0,0,0,0,0,0,3,3,0,0,255,0,0,0,0,0,0,0,0,0,1,0,0,0,0,255,255,255,255,255,255,255,255,255,255,255,255,65000000,-1,-1,-1,-1,-1,-1,-1,-1,-1,-1,-1,-1,-1,[0|0|0|0|0|0|0|0|0|0|0|0]
4159,,0,2090000,2000000,31000000,2090000,-1,24000000,5000000,5000100,5000200,5000300,50000000,52000000,51000000,53000000,-1,-1,-1,-1,60000000,60010000,-1,-1,-1,-1,-1,-1,-1,-1,-1,-1,-1,1001,1051,130,300,1700,1400,900,-1,9500,-1,1,1,0,1,0,1,0,1,0,15,13,10,12,16,12,9,7,10,0,3,3,1,3,40,99,99,0,3,0,255,255,255,255,255,255,255,0,0,1,0,255,255,255,255,0,0,0,0,0,0,1,0,-1,-1,-1,-1,-1,-1,0,0,0,0,0,0,3,3,0,0,255,0,0,0,0,0,0,0,0,0,1,0,0,0,0,255,255,255,255,255,255,255,255,255,255,255,255,65000000,-1,-1,-1,-1,-1,-1,-1,-1,-1,-1,-1,-1,-1,[0|0|0|0|0|0|0|0|0|0|0|0]
4161,,0,2110000,2000000,31000000,2110000,-1,24000000,5000000,5000100,5000200,5000300,50000000,52000000,51000000,53000000,-1,-1,-1,-1,60000000,60010000,-1,-1,-1,-1,-1,-1,-1,-1,-1,-1,-1,1001,1051,130,300,1700,1400,900,-1,9500,-1,1,1,0,1,0,1,0,1,0,15,13,10,12,16,12,9,7,10,0,3,3,1,3,40,99,99,0,3,0,255,255,255,255,255,255,255,0,0,1,0,255,255,255,255,0,0,0,0,0,0,1,0,-1,-1,-1,-1,-1,-1,0,0,0,0,0,0,3,3,0,0,255,0,0,0,0,0,0,0,0,0,1,0,0,0,0,255,255,255,255,255,255,255,255,255,255,255,255,65000000,-1,-1,-1,-1,-1,-1,-1,-1,-1,-1,-1,-1,-1,[0|0|0|0|0|0|0|0|0|0|0|0]
4164,,0,2140000,2000000,31000000,2140000,-1,24000000,5000000,5000100,5000200,5000300,50000000,52000000,51000000,53000000,-1,-1,-1,-1,60000000,60010000,-1,-1,-1,-1,-1,-1,-1,-1,-1,-1,-1,1001,1051,130,300,1700,1400,900,-1,9500,-1,1,1,0,1,0,1,0,1,0,15,13,10,12,16,12,9,7,10,0,3,3,1,3,40,99,99,0,3,0,255,255,255,255,255,255,255,0,0,1,0,255,255,255,255,0,0,0,0,0,0,1,0,-1,-1,-1,-1,-1,-1,0,0,0,0,0,0,3,3,0,0,255,0,0,0,0,0,0,0,0,0,1,0,0,0,0,255,255,255,255,255,255,255,255,255,255,255,255,65000000,-1,-1,-1,-1,-1,-1,-1,-1,-1,-1,-1,-1,-1,[0|0|0|0|0|0|0|0|0|0|0|0]
4165,,0,2150000,2000000,31000000,2150000,-1,24000000,5000000,5000100,5000200,5000300,50000000,52000000,51000000,53000000,-1,-1,-1,-1,60000000,60010000,-1,-1,-1,-1,-1,-1,-1,-1,-1,-1,-1,1001,1051,130,300,1700,1400,900,-1,9500,-1,1,1,0,1,0,1,0,1,0,15,13,10,12,16,12,9,7,10,0,3,3,1,3,40,99,99,0,3,0,255,255,255,255,255,255,255,0,0,1,0,255,255,255,255,0,0,0,0,0,0,1,0,-1,-1,-1,-1,-1,-1,0,0,0,0,0,0,3,3,0,0,255,0,0,0,0,0,0,0,0,0,1,0,0,0,0,255,255,255,255,255,255,255,255,255,255,255,255,65000000,-1,-1,-1,-1,-1,-1,-1,-1,-1,-1,-1,-1,-1,[0|0|0|0|0|0|0|0|0|0|0|0]
4168,,0,2180000,2000000,31000000,2180000,-1,24000000,5000000,5000100,5000200,5000300,50000000,52000000,51000000,53000000,-1,-1,-1,-1,60000000,60010000,-1,-1,-1,-1,-1,-1,-1,-1,-1,-1,-1,1001,1051,130,300,1700,1400,900,-1,9500,-1,1,1,0,1,0,1,0,1,0,15,13,10,12,16,12,9,7,10,0,3,3,1,3,40,99,99,0,3,0,255,255,255,255,255,255,255,0,0,1,0,255,255,255,255,0,0,0,0,0,0,1,0,-1,-1,-1,-1,-1,-1,0,0,0,0,0,0,3,3,0,0,255,0,0,0,0,0,0,0,0,0,1,0,0,0,0,255,255,255,255,255,255,255,255,255,255,255,255,65000000,-1,-1,-1,-1,-1,-1,-1,-1,-1,-1,-1,-1,-1,[0|0|0|0|0|0|0|0|0|0|0|0]
4169,,0,2190000,2000000,31000000,2190000,-1,24000000,5000000,5000100,5000200,5000300,50000000,52000000,51000000,53000000,-1,-1,-1,-1,60000000,60010000,-1,-1,-1,-1,-1,-1,-1,-1,-1,-1,-1,1001,1051,130,300,1700,1400,900,-1,9500,-1,1,1,0,1,0,1,0,1,0,15,13,10,12,16,12,9,7,10,0,3,3,1,3,40,99,99,0,3,0,255,255,255,255,255,255,255,0,0,1,0,255,255,255,255,0,0,0,0,0,0,1,0,-1,-1,-1,-1,-1,-1,0,0,0,0,0,0,3,3,0,0,255,0,0,0,0,0,0,0,0,0,1,0,0,0,0,255,255,255,255,255,255,255,255,255,255,255,255,65000000,-1,-1,-1,-1,-1,-1,-1,-1,-1,-1,-1,-1,-1,[0|0|0|0|0|0|0|0|0|0|0|0]
4170,,0,2200000,2000000,31000000,2200000,-1,24000000,5000000,5000100,5000200,5000300,50000000,52000000,51000000,53000000,-1,-1,-1,-1,60000000,60010000,-1,-1,-1,-1,-1,-1,-1,-1,-1,-1,-1,1001,1051,130,300,1700,1400,900,-1,9500,-1,1,1,0,1,0,1,0,1,0,15,13,10,12,16,12,9,7,10,0,3,3,1,3,40,99,99,0,3,0,255,255,255,255,255,255,255,0,0,1,0,255,255,255,255,0,0,0,0,0,0,1,0,-1,-1,-1,-1,-1,-1,0,0,0,0,0,0,3,3,0,0,255,0,0,0,0,0,0,0,0,0,1,0,0,0,0,255,255,255,255,255,255,255,255,255,255,255,255,65000000,-1,-1,-1,-1,-1,-1,-1,-1,-1,-1,-1,-1,-1,[0|0|0|0|0|0|0|0|0|0|0|0]
4171,,0,2210000,2000000,31000000,2210000,-1,24000000,5000000,5000100,5000200,5000300,50000000,52000000,51000000,53000000,-1,-1,-1,-1,60000000,60010000,-1,-1,-1,-1,-1,-1,-1,-1,-1,-1,-1,1001,1051,130,300,1700,1400,900,-1,9500,-1,1,1,0,1,0,1,0,1,0,15,13,10,12,16,12,9,7,10,0,3,3,1,3,40,99,99,0,3,0,255,255,255,255,255,255,255,0,0,1,0,255,255,255,255,0,0,0,0,0,0,1,0,-1,-1,-1,-1,-1,-1,0,0,0,0,0,0,3,3,0,0,255,0,0,0,0,0,0,0,0,0,1,0,0,0,0,255,255,255,255,255,255,255,255,255,255,255,255,65000000,-1,-1,-1,-1,-1,-1,-1,-1,-1,-1,-1,-1,-1,[0|0|0|0|0|0|0|0|0|0|0|0]
4172,,0,2220000,2000000,31000000,2220000,-1,24000000,5000000,5000100,5000200,5000300,50000000,52000000,51000000,53000000,-1,-1,-1,-1,60000000,60010000,-1,-1,-1,-1,-1,-1,-1,-1,-1,-1,-1,1001,1051,130,300,1700,1400,900,-1,9500,-1,1,1,0,1,0,1,0,1,0,15,13,10,12,16,12,9,7,10,0,3,3,1,3,40,99,99,0,3,0,255,255,255,255,255,255,255,0,0,1,0,255,255,255,255,0,0,0,0,0,0,1,0,-1,-1,-1,-1,-1,-1,0,0,0,0,0,0,3,3,0,0,255,0,0,0,0,0,0,0,0,0,1,0,0,0,0,255,255,255,255,255,255,255,255,255,255,255,255,65000000,-1,-1,-1,-1,-1,-1,-1,-1,-1,-1,-1,-1,-1,[0|0|0|0|0|0|0|0|0|0|0|0]
4173,,0,2230000,2000000,31000000,2230000,-1,24000000,5000000,5000100,5000200,5000300,50000000,52000000,51000000,53000000,-1,-1,-1,-1,60000000,60010000,-1,-1,-1,-1,-1,-1,-1,-1,-1,-1,-1,1001,1051,130,300,1700,1400,900,-1,9500,-1,1,1,0,1,0,1,0,1,0,15,13,10,12,16,12,9,7,10,0,3,3,1,3,40,99,99,0,3,0,255,255,255,255,255,255,255,0,0,1,0,255,255,255,255,0,0,0,0,0,0,1,0,-1,-1,-1,-1,-1,-1,0,0,0,0,0,0,3,3,0,0,255,0,0,0,0,0,0,0,0,0,1,0,0,0,0,255,255,255,255,255,255,255,255,255,255,255,255,65000000,-1,-1,-1,-1,-1,-1,-1,-1,-1,-1,-1,-1,-1,[0|0|0|0|0|0|0|0|0|0|0|0]
4174,,0,2240000,2000000,31000000,2240000,-1,24000000,5000000,5000100,5000200,5000300,50000000,52000000,51000000,53000000,-1,-1,-1,-1,60000000,60010000,-1,-1,-1,-1,-1,-1,-1,-1,-1,-1,-1,1001,1051,130,300,1700,1400,900,-1,9500,-1,1,1,0,1,0,1,0,1,0,15,13,10,12,16,12,9,7,10,0,3,3,1,3,40,99,99,0,3,0,255,255,255,255,255,255,255,0,0,1,0,255,255,255,255,0,0,0,0,0,0,1,0,-1,-1,-1,-1,-1,-1,0,0,0,0,0,0,3,3,0,0,255,0,0,0,0,0,0,0,0,0,1,0,0,0,0,255,255,255,255,255,255,255,255,255,255,255,255,65000000,-1,-1,-1,-1,-1,-1,-1,-1,-1,-1,-1,-1,-1,[0|0|0|0|0|0|0|0|0|0|0|0]
4175,,0,2260000,2000000,31000000,2260000,-1,24000000,5000000,5000100,5000200,5000300,50000000,52000000,51000000,53000000,-1,-1,-1,-1,60000000,60010000,-1,-1,-1,-1,-1,-1,-1,-1,-1,-1,-1,1001,1051,130,300,1700,1400,900,-1,9500,-1,1,1,0,1,0,1,0,1,0,15,13,10,12,16,12,9,7,10,0,3,3,1,3,40,99,99,0,3,0,255,255,255,255,255,255,255,0,0,1,0,255,255,255,255,0,0,0,0,0,0,1,0,-1,-1,-1,-1,-1,-1,0,0,0,0,0,0,3,3,0,0,255,0,0,0,0,0,0,0,0,0,1,0,0,0,0,255,255,255,255,255,255,255,255,255,255,255,255,65000000,-1,-1,-1,-1,-1,-1,-1,-1,-1,-1,-1,-1,-1,[0|0|0|0|0|0|0|0|0|0|0|0]
4176,,0,2250000,2000000,31000000,2250000,-1,24000000,5000000,5000100,5000200,5000300,50000000,52000000,51000000,53000000,-1,-1,-1,-1,60000000,60010000,-1,-1,-1,-1,-1,-1,-1,-1,-1,-1,-1,1001,1051,130,300,1700,1400,900,-1,9500,-1,1,1,0,1,0,1,0,1,0,15,13,10,12,16,12,9,7,10,0,3,3,1,3,40,99,99,0,3,0,255,255,255,255,255,255,255,0,0,1,0,255,255,255,255,0,0,0,0,0,0,1,0,-1,-1,-1,-1,-1,-1,0,0,0,0,0,0,3,3,0,0,255,0,0,0,0,0,0,0,0,0,1,0,0,0,0,255,255,255,255,255,255,255,255,255,255,255,255,65000000,-1,-1,-1,-1,-1,-1,-1,-1,-1,-1,-1,-1,-1,[0|0|0|0|0|0|0|0|0|0|0|0]
4200,,0,3000000,3000000,31000000,3000000,-1,24000000,5000000,5000100,5000200,5000300,50000000,52000000,51000000,53000000,-1,-1,-1,-1,60000000,60010000,-1,-1,-1,-1,-1,-1,-1,-1,-1,-1,-1,1001,1051,130,300,1700,1400,900,-1,9500,-1,1,1,0,1,0,1,0,1,0,15,13,10,12,16,12,9,7,10,0,3,3,1,3,40,99,99,0,3,0,255,255,255,255,255,255,255,0,0,1,0,255,255,255,255,0,0,0,0,0,0,1,0,-1,-1,-1,-1,-1,-1,0,0,0,0,0,0,3,3,0,0,255,0,0,0,0,0,0,0,0,0,1,0,0,0,0,255,255,255,255,255,255,255,255,255,255,255,255,65000000,-1,-1,-1,-1,-1,-1,-1,-1,-1,-1,-1,-1,-1,[0|0|0|0|0|0|0|0|0|0|0|0]
4201,,0,3010000,3000000,31000000,3010000,-1,24000000,5000000,5000100,5000200,5000300,50000000,52000000,51000000,53000000,-1,-1,-1,-1,60000000,60010000,-1,-1,-1,-1,-1,-1,-1,-1,-1,-1,-1,1001,1051,130,300,1700,1400,900,-1,9500,-1,1,1,0,1,0,1,0,1,0,15,13,10,12,16,12,9,7,10,0,3,3,1,3,40,99,99,0,3,0,255,255,255,255,255,255,255,0,0,1,0,255,255,255,255,0,0,0,0,0,0,1,0,-1,-1,-1,-1,-1,-1,0,0,0,0,0,0,3,3,0,0,255,0,0,0,0,0,0,0,0,0,1,0,0,0,0,255,255,255,255,255,255,255,255,255,255,255,255,65000000,-1,-1,-1,-1,-1,-1,-1,-1,-1,-1,-1,-1,-1,[0|0|0|0|0|0|0|0|0|0|0|0]
4202,,0,3020000,3000000,31000000,3020000,-1,24000000,5000000,5000100,5000200,5000300,50000000,52000000,51000000,53000000,-1,-1,-1,-1,60000000,60010000,-1,-1,-1,-1,-1,-1,-1,-1,-1,-1,-1,1001,1051,130,300,1700,1400,900,-1,9500,-1,1,1,0,1,0,1,0,1,0,15,13,10,12,16,12,9,7,10,0,3,3,1,3,40,99,99,0,3,0,255,255,255,255,255,255,255,0,0,1,0,255,255,255,255,0,0,0,0,0,0,1,0,-1,-1,-1,-1,-1,-1,0,0,0,0,0,0,3,3,0,0,255,0,0,0,0,0,0,0,0,0,1,0,0,0,0,255,255,255,255,255,255,255,255,255,255,255,255,65000000,-1,-1,-1,-1,-1,-1,-1,-1,-1,-1,-1,-1,-1,[0|0|0|0|0|0|0|0|0|0|0|0]
4203,,0,3030000,3000000,31000000,3030000,-1,24000000,5000000,5000100,5000200,5000300,50000000,52000000,51000000,53000000,-1,-1,-1,-1,60000000,60010000,-1,-1,-1,-1,-1,-1,-1,-1,-1,-1,-1,1001,1051,130,300,1700,1400,900,-1,9500,-1,1,1,0,1,0,1,0,1,0,15,13,10,12,16,12,9,7,10,0,3,3,1,3,40,99,99,0,3,0,255,255,255,255,255,255,255,0,0,1,0,255,255,255,255,0,0,0,0,0,0,1,0,-1,-1,-1,-1,-1,-1,0,0,0,0,0,0,3,3,0,0,255,0,0,0,0,0,0,0,0,0,1,0,0,0,0,255,255,255,255,255,255,255,255,255,255,255,255,65000000,-1,-1,-1,-1,-1,-1,-1,-1,-1,-1,-1,-1,-1,[0|0|0|0|0|0|0|0|0|0|0|0]
4204,,0,3040000,3000000,31000000,3040000,-1,24000000,5000000,5000100,5000200,5000300,50000000,52000000,51000000,53000000,-1,-1,-1,-1,60000000,60010000,-1,-1,-1,-1,-1,-1,-1,-1,-1,-1,-1,1001,1051,130,300,1700,1400,900,-1,9500,-1,1,1,0,1,0,1,0,1,0,15,13,10,12,16,12,9,7,10,0,3,3,1,3,40,99,99,0,3,0,255,255,255,255,255,255,255,0,0,1,0,255,255,255,255,0,0,0,0,0,0,1,0,-1,-1,-1,-1,-1,-1,0,0,0,0,0,0,3,3,0,0,255,0,0,0,0,0,0,0,0,0,1,0,0,0,0,255,255,255,255,255,255,255,255,255,255,255,255,65000000,-1,-1,-1,-1,-1,-1,-1,-1,-1,-1,-1,-1,-1,[0|0|0|0|0|0|0|0|0|0|0|0]
4205,,0,3050000,3000000,31000000,3050000,-1,24000000,5000000,5000100,5000200,5000300,50000000,52000000,51000000,53000000,-1,-1,-1,-1,60000000,60010000,-1,-1,-1,-1,-1,-1,-1,-1,-1,-1,-1,1001,1051,130,300,1700,1400,900,-1,9500,-1,1,1,0,1,0,1,0,1,0,15,13,10,12,16,12,9,7,10,0,3,3,1,3,40,99,99,0,3,0,255,255,255,255,255,255,255,0,0,1,0,255,255,255,255,0,0,0,0,0,0,1,0,-1,-1,-1,-1,-1,-1,0,0,0,0,0,0,3,3,0,0,255,0,0,0,0,0,0,0,0,0,1,0,0,0,0,255,255,255,255,255,255,255,255,255,255,255,255,65000000,-1,-1,-1,-1,-1,-1,-1,-1,-1,-1,-1,-1,-1,[0|0|0|0|0|0|0|0|0|0|0|0]
4206,,0,3060000,3000000,31000000,3060000,-1,24000000,5000000,5000100,5000200,5000300,50000000,52000000,51000000,53000000,-1,-1,-1,-1,60000000,60010000,-1,-1,-1,-1,-1,-1,-1,-1,-1,-1,-1,1001,1051,130,300,1700,1400,900,-1,9500,-1,1,1,0,1,0,1,0,1,0,15,13,10,12,16,12,9,7,10,0,3,3,1,3,40,99,99,0,3,0,255,255,255,255,255,255,255,0,0,1,0,255,255,255,255,0,0,0,0,0,0,1,0,-1,-1,-1,-1,-1,-1,0,0,0,0,0,0,3,3,0,0,255,0,0,0,0,0,0,0,0,0,1,0,0,0,0,255,255,255,255,255,255,255,255,255,255,255,255,65000000,-1,-1,-1,-1,-1,-1,-1,-1,-1,-1,-1,-1,-1,[0|0|0|0|0|0|0|0|0|0|0|0]
4207,,0,3070000,3000000,31000000,3070000,-1,24000000,5000000,5000100,5000200,5000300,50000000,52000000,51000000,53000000,-1,-1,-1,-1,60000000,60010000,-1,-1,-1,-1,-1,-1,-1,-1,-1,-1,-1,1001,1051,130,300,1700,1400,900,-1,9500,-1,1,1,0,1,0,1,0,1,0,15,13,10,12,16,12,9,7,10,0,3,3,1,3,40,99,99,0,3,0,255,255,255,255,255,255,255,0,0,1,0,255,255,255,255,0,0,0,0,0,0,1,0,-1,-1,-1,-1,-1,-1,0,0,0,0,0,0,3,3,0,0,255,0,0,0,0,0,0,0,0,0,1,0,0,0,0,255,255,255,255,255,255,255,255,255,255,255,255,65000000,-1,-1,-1,-1,-1,-1,-1,-1,-1,-1,-1,-1,-1,[0|0|0|0|0|0|0|0|0|0|0|0]
4208,,0,3080000,3000000,31000000,3080000,-1,24000000,5000000,5000100,5000200,5000300,50000000,52000000,51000000,53000000,-1,-1,-1,-1,60000000,60010000,-1,-1,-1,-1,-1,-1,-1,-1,-1,-1,-1,1001,1051,130,300,1700,1400,900,-1,9500,-1,1,1,0,1,0,1,0,1,0,15,13,10,12,16,12,9,7,10,0,3,3,1,3,40,99,99,0,3,0,255,255,255,255,255,255,255,0,0,1,0,255,255,255,255,0,0,0,0,0,0,1,0,-1,-1,-1,-1,-1,-1,0,0,0,0,0,0,3,3,0,0,255,0,0,0,0,0,0,0,0,0,1,0,0,0,0,255,255,255,255,255,255,255,255,255,255,255,255,65000000,-1,-1,-1,-1,-1,-1,-1,-1,-1,-1,-1,-1,-1,[0|0|0|0|0|0|0|0|0|0|0|0]
4209,,0,3090000,3000000,31000000,3090000,-1,24000000,5000000,5000100,5000200,5000300,50000000,52000000,51000000,53000000,-1,-1,-1,-1,60000000,60010000,-1,-1,-1,-1,-1,-1,-1,-1,-1,-1,-1,1001,1051,130,300,1700,1400,900,-1,9500,-1,1,1,0,1,0,1,0,1,0,15,13,10,12,16,12,9,7,10,0,3,3,1,3,40,99,99,0,3,0,255,255,255,255,255,255,255,0,0,1,0,255,255,255,255,0,0,0,0,0,0,1,0,-1,-1,-1,-1,-1,-1,0,0,0,0,0,0,3,3,0,0,255,0,0,0,0,0,0,0,0,0,1,0,0,0,0,255,255,255,255,255,255,255,255,255,255,255,255,65000000,-1,-1,-1,-1,-1,-1,-1,-1,-1,-1,-1,-1,-1,[0|0|0|0|0|0|0|0|0|0|0|0]
4210,,0,3100000,3000000,31000000,3100000,-1,24000000,5000000,5000100,5000200,5000300,50000000,52000000,51000000,53000000,-1,-1,-1,-1,60000000,60010000,-1,-1,-1,-1,-1,-1,-1,-1,-1,-1,-1,1001,1051,130,300,1700,1400,900,-1,9500,-1,1,1,0,1,0,1,0,1,0,15,13,10,12,16,12,9,7,10,0,3,3,1,3,40,99,99,0,3,0,255,255,255,255,255,255,255,0,0,1,0,255,255,255,255,0,0,0,0,0,0,1,0,-1,-1,-1,-1,-1,-1,0,0,0,0,0,0,3,3,0,0,255,0,0,0,0,0,0,0,0,0,1,0,0,0,0,255,255,255,255,255,255,255,255,255,255,255,255,65000000,-1,-1,-1,-1,-1,-1,-1,-1,-1,-1,-1,-1,-1,[0|0|0|0|0|0|0|0|0|0|0|0]
4213,,0,3130000,3000000,31000000,3130000,-1,24000000,5000000,5000100,5000200,5000300,50000000,52000000,51000000,53000000,-1,-1,-1,-1,60000000,60010000,-1,-1,-1,-1,-1,-1,-1,-1,-1,-1,-1,1001,1051,130,300,1700,1400,900,-1,9500,-1,1,1,0,1,0,1,0,1,0,15,13,10,12,16,12,9,7,10,0,3,3,1,3,40,99,99,0,3,0,255,255,255,255,255,255,255,0,0,1,0,255,255,255,255,0,0,0,0,0,0,1,0,-1,-1,-1,-1,-1,-1,0,0,0,0,0,0,3,3,0,0,255,0,0,0,0,0,0,0,0,0,1,0,0,0,0,255,255,255,255,255,255,255,255,255,255,255,255,65000000,-1,-1,-1,-1,-1,-1,-1,-1,-1,-1,-1,-1,-1,[0|0|0|0|0|0|0|0|0|0|0|0]
4214,,0,3140000,3000000,31000000,3140000,-1,24000000,5000000,5000100,5000200,5000300,50000000,52000000,51000000,53000000,-1,-1,-1,-1,60000000,60010000,-1,-1,-1,-1,-1,-1,-1,-1,-1,-1,-1,1001,1051,130,300,1700,1400,900,-1,9500,-1,1,1,0,1,0,1,0,1,0,15,13,10,12,16,12,9,7,10,0,3,3,1,3,40,99,99,0,3,0,255,255,255,255,255,255,255,0,0,1,0,255,255,255,255,0,0,0,0,0,0,1,0,-1,-1,-1,-1,-1,-1,0,0,0,0,0,0,3,3,0,0,255,0,0,0,0,0,0,0,0,0,1,0,0,0,0,255,255,255,255,255,255,255,255,255,255,255,255,65000000,-1,-1,-1,-1,-1,-1,-1,-1,-1,-1,-1,-1,-1,[0|0|0|0|0|0|0|0|0|0|0|0]
4215,,0,3150000,3000000,31000000,3150000,-1,24000000,5000000,5000100,5000200,5000300,50000000,52000000,51000000,53000000,-1,-1,-1,-1,60000000,60010000,-1,-1,-1,-1,-1,-1,-1,-1,-1,-1,-1,1001,1051,130,300,1700,1400,900,-1,9500,-1,1,1,0,1,0,1,0,1,0,15,13,10,12,16,12,9,7,10,0,3,3,1,3,40,99,99,0,3,0,255,255,255,255,255,255,255,0,0,1,0,255,255,255,255,0,0,0,0,0,0,1,0,-1,-1,-1,-1,-1,-1,0,0,0,0,0,0,3,3,0,0,255,0,0,0,0,0,0,0,0,0,1,0,0,0,0,255,255,255,255,255,255,255,255,255,255,255,255,65000000,-1,-1,-1,-1,-1,-1,-1,-1,-1,-1,-1,-1,-1,[0|0|0|0|0|0|0|0|0|0|0|0]
4216,,0,3160000,3000000,31000000,3160000,-1,24000000,5000000,5000100,5000200,5000300,50000000,52000000,51000000,53000000,-1,-1,-1,-1,60000000,60010000,-1,-1,-1,-1,-1,-1,-1,-1,-1,-1,-1,1001,1051,130,300,1700,1400,900,-1,9500,-1,1,1,0,1,0,1,0,1,0,15,13,10,12,16,12,9,7,10,0,3,3,1,3,40,99,99,0,3,0,255,255,255,255,255,255,255,0,0,1,0,255,255,255,255,0,0,0,0,0,0,1,0,-1,-1,-1,-1,-1,-1,0,0,0,0,0,0,3,3,0,0,255,0,0,0,0,0,0,0,0,0,1,0,0,0,0,255,255,255,255,255,255,255,255,255,255,255,255,65000000,-1,-1,-1,-1,-1,-1,-1,-1,-1,-1,-1,-1,-1,[0|0|0|0|0|0|0|0|0|0|0|0]
4217,,0,3170000,3000000,31000000,3170000,-1,24000000,5000000,5000100,5000200,5000300,50000000,52000000,51000000,53000000,-1,-1,-1,-1,60000000,60010000,-1,-1,-1,-1,-1,-1,-1,-1,-1,-1,-1,1001,1051,130,300,1700,1400,900,-1,9500,-1,1,1,0,1,0,1,0,1,0,15,13,10,12,16,12,9,7,10,0,3,3,1,3,40,99,99,0,3,0,255,255,255,255,255,255,255,0,0,1,0,255,255,255,255,0,0,0,0,0,0,1,0,-1,-1,-1,-1,-1,-1,0,0,0,0,0,0,3,3,0,0,255,0,0,0,0,0,0,0,0,0,1,0,0,0,0,255,255,255,255,255,255,255,255,255,255,255,255,65000000,-1,-1,-1,-1,-1,-1,-1,-1,-1,-1,-1,-1,-1,[0|0|0|0|0|0|0|0|0|0|0|0]
4218,,0,3180000,3000000,31000000,3180000,-1,24000000,5000000,5000100,5000200,5000300,50000000,52000000,51000000,53000000,-1,-1,-1,-1,60000000,60010000,-1,-1,-1,-1,-1,-1,-1,-1,-1,-1,-1,1001,1051,130,300,1700,1400,900,-1,9500,-1,1,1,0,1,0,1,0,1,0,15,13,10,12,16,12,9,7,10,0,3,3,1,3,40,99,99,0,3,0,255,255,255,255,255,255,255,0,0,1,0,255,255,255,255,0,0,0,0,0,0,1,0,-1,-1,-1,-1,-1,-1,0,0,0,0,0,0,3,3,0,0,255,0,0,0,0,0,0,0,0,0,1,0,0,0,0,255,255,255,255,255,255,255,255,255,255,255,255,65000000,-1,-1,-1,-1,-1,-1,-1,-1,-1,-1,-1,-1,-1,[0|0|0|0|0|0|0|0|0|0|0|0]
4219,,0,3190000,3000000,31000000,3190000,-1,24000000,5000000,5000100,5000200,5000300,50000000,52000000,51000000,53000000,-1,-1,-1,-1,60000000,60010000,-1,-1,-1,-1,-1,-1,-1,-1,-1,-1,-1,1001,1051,130,300,1700,1400,900,-1,9500,-1,1,1,0,1,0,1,0,1,0,15,13,10,12,16,12,9,7,10,0,3,3,1,3,40,99,99,0,3,0,255,255,255,255,255,255,255,0,0,1,0,255,255,255,255,0,0,0,0,0,0,1,0,-1,-1,-1,-1,-1,-1,0,0,0,0,0,0,3,3,0,0,255,0,0,0,0,0,0,0,0,0,1,0,0,0,0,255,255,255,255,255,255,255,255,255,255,255,255,65000000,-1,-1,-1,-1,-1,-1,-1,-1,-1,-1,-1,-1,-1,[0|0|0|0|0|0|0|0|0|0|0|0]
4220,,0,3200000,3000000,31000000,3200000,-1,24000000,5000000,5000100,5000200,5000300,50000000,52000000,51000000,53000000,-1,-1,-1,-1,60000000,60010000,-1,-1,-1,-1,-1,-1,-1,-1,-1,-1,-1,1001,1051,130,300,1700,1400,900,-1,9500,-1,1,1,0,1,0,1,0,1,0,15,13,10,12,16,12,9,7,10,0,3,3,1,3,40,99,99,0,3,0,255,255,255,255,255,255,255,0,0,1,0,255,255,255,255,0,0,0,0,0,0,1,0,-1,-1,-1,-1,-1,-1,0,0,0,0,0,0,3,3,0,0,255,0,0,0,0,0,0,0,0,0,1,0,0,0,0,255,255,255,255,255,255,255,255,255,255,255,255,65000000,-1,-1,-1,-1,-1,-1,-1,-1,-1,-1,-1,-1,-1,[0|0|0|0|0|0|0|0|0|0|0|0]
4221,,0,3210000,3000000,31000000,3210000,-1,24000000,5000000,5000100,5000200,5000300,50000000,52000000,51000000,53000000,-1,-1,-1,-1,60000000,60010000,-1,-1,-1,-1,-1,-1,-1,-1,-1,-1,-1,1001,1051,130,300,1700,1400,900,-1,9500,-1,1,1,0,1,0,1,0,1,0,15,13,10,12,16,12,9,7,10,0,3,3,1,3,40,99,99,0,3,0,255,255,255,255,255,255,255,0,0,1,0,255,255,255,255,0,0,0,0,0,0,1,0,-1,-1,-1,-1,-1,-1,0,0,0,0,0,0,3,3,0,0,255,0,0,0,0,0,0,0,0,0,1,0,0,0,0,255,255,255,255,255,255,255,255,255,255,255,255,65000000,-1,-1,-1,-1,-1,-1,-1,-1,-1,-1,-1,-1,-1,[0|0|0|0|0|0|0|0|0|0|0|0]
4250,,0,4000000,4000000,31000000,4000000,-1,24000000,5000000,5000100,5000200,5000300,50000000,52000000,51000000,53000000,-1,-1,-1,-1,60000000,60010000,-1,-1,-1,-1,-1,-1,-1,-1,-1,-1,-1,1001,1051,130,300,1700,1400,900,-1,9500,-1,1,1,0,1,0,1,0,1,0,15,13,10,12,16,12,9,7,10,0,3,3,1,3,40,99,99,0,3,0,255,255,255,255,255,255,255,0,0,1,0,255,255,255,255,0,0,0,0,0,0,1,0,-1,-1,-1,-1,-1,-1,0,0,0,0,0,0,3,3,0,0,255,0,0,0,0,0,0,0,0,0,1,0,0,0,0,255,255,255,255,255,255,255,255,255,255,255,255,65000000,-1,-1,-1,-1,-1,-1,-1,-1,-1,-1,-1,-1,-1,[0|0|0|0|0|0|0|0|0|0|0|0]
4251,,0,4010000,4000000,31000000,4010000,-1,24000000,5000000,5000100,5000200,5000300,50000000,52000000,51000000,53000000,-1,-1,-1,-1,60000000,60010000,-1,-1,-1,-1,-1,-1,-1,-1,-1,-1,-1,1001,1051,130,300,1700,1400,900,-1,9500,-1,1,1,0,1,0,1,0,1,0,15,13,10,12,16,12,9,7,10,0,3,3,1,3,40,99,99,0,3,0,255,255,255,255,255,255,255,0,0,1,0,255,255,255,255,0,0,0,0,0,0,1,0,-1,-1,-1,-1,-1,-1,0,0,0,0,0,0,3,3,0,0,255,0,0,0,0,0,0,0,0,0,1,0,0,0,0,255,255,255,255,255,255,255,255,255,255,255,255,65000000,-1,-1,-1,-1,-1,-1,-1,-1,-1,-1,-1,-1,-1,[0|0|0|0|0|0|0|0|0|0|0|0]
4252,,0,4020000,4000000,31000000,4020000,-1,24000000,5000000,5000100,5000200,5000300,50000000,52000000,51000000,53000000,-1,-1,-1,-1,60000000,60010000,-1,-1,-1,-1,-1,-1,-1,-1,-1,-1,-1,1001,1051,130,300,1700,1400,900,-1,9500,-1,1,1,0,1,0,1,0,1,0,15,13,10,12,16,12,9,7,10,0,3,3,1,3,40,99,99,0,3,0,255,255,255,255,255,255,255,0,0,1,0,255,255,255,255,0,0,0,0,0,0,1,0,-1,-1,-1,-1,-1,-1,0,0,0,0,0,0,3,3,0,0,255,0,0,0,0,0,0,0,0,0,1,0,0,0,0,255,255,255,255,255,255,255,255,255,255,255,255,65000000,-1,-1,-1,-1,-1,-1,-1,-1,-1,-1,-1,-1,-1,[0|0|0|0|0|0|0|0|0|0|0|0]
4253,,0,4030000,4000000,31000000,4030000,-1,24000000,5000000,5000100,5000200,5000300,50000000,52000000,51000000,53000000,-1,-1,-1,-1,60000000,60010000,-1,-1,-1,-1,-1,-1,-1,-1,-1,-1,-1,1001,1051,130,300,1700,1400,900,-1,9500,-1,1,1,0,1,0,1,0,1,0,15,13,10,12,16,12,9,7,10,0,3,3,1,3,40,99,99,0,3,0,255,255,255,255,255,255,255,0,0,1,0,255,255,255,255,0,0,0,0,0,0,1,0,-1,-1,-1,-1,-1,-1,0,0,0,0,0,0,3,3,0,0,255,0,0,0,0,0,0,0,0,0,1,0,0,0,0,255,255,255,255,255,255,255,255,255,255,255,255,65000000,-1,-1,-1,-1,-1,-1,-1,-1,-1,-1,-1,-1,-1,[0|0|0|0|0|0|0|0|0|0|0|0]
4254,,0,4040000,4000000,31000000,4040000,-1,24000000,5000000,5000100,5000200,5000300,50000000,52000000,51000000,53000000,-1,-1,-1,-1,60000000,60010000,-1,-1,-1,-1,-1,-1,-1,-1,-1,-1,-1,1001,1051,130,300,1700,1400,900,-1,9500,-1,1,1,0,1,0,1,0,1,0,15,13,10,12,16,12,9,7,10,0,3,3,1,3,40,99,99,0,3,0,255,255,255,255,255,255,255,0,0,1,0,255,255,255,255,0,0,0,0,0,0,1,0,-1,-1,-1,-1,-1,-1,0,0,0,0,0,0,3,3,0,0,255,0,0,0,0,0,0,0,0,0,1,0,0,0,0,255,255,255,255,255,255,255,255,255,255,255,255,65000000,-1,-1,-1,-1,-1,-1,-1,-1,-1,-1,-1,-1,-1,[0|0|0|0|0|0|0|0|0|0|0|0]
4255,,0,4050000,4000000,31000000,4050000,-1,24000000,5000000,5000100,5000200,5000300,50000000,52000000,51000000,53000000,-1,-1,-1,-1,60000000,60010000,-1,-1,-1,-1,-1,-1,-1,-1,-1,-1,-1,1001,1051,130,300,1700,1400,900,-1,9500,-1,1,1,0,1,0,1,0,1,0,15,13,10,12,16,12,9,7,10,0,3,3,1,3,40,99,99,0,3,0,255,255,255,255,255,255,255,0,0,1,0,255,255,255,255,0,0,0,0,0,0,1,0,-1,-1,-1,-1,-1,-1,0,0,0,0,0,0,3,3,0,0,255,0,0,0,0,0,0,0,0,0,1,0,0,0,0,255,255,255,255,255,255,255,255,255,255,255,255,65000000,-1,-1,-1,-1,-1,-1,-1,-1,-1,-1,-1,-1,-1,[0|0|0|0|0|0|0|0|0|0|0|0]
4256,,0,4060000,4000000,31000000,4060000,-1,24000000,5000000,5000100,5000200,5000300,50000000,52000000,51000000,53000000,-1,-1,-1,-1,60000000,60010000,-1,-1,-1,-1,-1,-1,-1,-1,-1,-1,-1,1001,1051,130,300,1700,1400,900,-1,9500,-1,1,1,0,1,0,1,0,1,0,15,13,10,12,16,12,9,7,10,0,3,3,1,3,40,99,99,0,3,0,255,255,255,255,255,255,255,0,0,1,0,255,255,255,255,0,0,0,0,0,0,1,0,-1,-1,-1,-1,-1,-1,0,0,0,0,0,0,3,3,0,0,255,0,0,0,0,0,0,0,0,0,1,0,0,0,0,255,255,255,255,255,255,255,255,255,255,255,255,65000000,-1,-1,-1,-1,-1,-1,-1,-1,-1,-1,-1,-1,-1,[0|0|0|0|0|0|0|0|0|0|0|0]
4257,,0,4070000,4000000,31000000,4070000,-1,24000000,5000000,5000100,5000200,5000300,50000000,52000000,51000000,53000000,-1,-1,-1,-1,60000000,60010000,-1,-1,-1,-1,-1,-1,-1,-1,-1,-1,-1,1001,1051,130,300,1700,1400,900,-1,9500,-1,1,1,0,1,0,1,0,1,0,15,13,10,12,16,12,9,7,10,0,3,3,1,3,40,99,99,0,3,0,255,255,255,255,255,255,255,0,0,1,0,255,255,255,255,0,0,0,0,0,0,1,0,-1,-1,-1,-1,-1,-1,0,0,0,0,0,0,3,3,0,0,255,0,0,0,0,0,0,0,0,0,1,0,0,0,0,255,255,255,255,255,255,255,255,255,255,255,255,65000000,-1,-1,-1,-1,-1,-1,-1,-1,-1,-1,-1,-1,-1,[0|0|0|0|0|0|0|0|0|0|0|0]
4258,,0,4080000,4000000,31000000,4080000,-1,24000000,5000000,5000100,5000200,5000300,50000000,52000000,51000000,53000000,-1,-1,-1,-1,60000000,60010000,-1,-1,-1,-1,-1,-1,-1,-1,-1,-1,-1,1001,1051,130,300,1700,1400,900,-1,9500,-1,1,1,0,1,0,1,0,1,0,15,13,10,12,16,12,9,7,10,0,3,3,1,3,40,99,99,0,3,0,255,255,255,255,255,255,255,0,0,1,0,255,255,255,255,0,0,0,0,0,0,1,0,-1,-1,-1,-1,-1,-1,0,0,0,0,0,0,3,3,0,0,255,0,0,0,0,0,0,0,0,0,1,0,0,0,0,255,255,255,255,255,255,255,255,255,255,255,255,65000000,-1,-1,-1,-1,-1,-1,-1,-1,-1,-1,-1,-1,-1,[0|0|0|0|0|0|0|0|0|0|0|0]
4260,,0,4100000,4000000,31000000,4100000,-1,24000000,5000000,5000100,5000200,5000300,50000000,52000000,51000000,53000000,-1,-1,-1,-1,60000000,60010000,-1,-1,-1,-1,-1,-1,-1,-1,-1,-1,-1,1001,1051,130,300,1700,1400,900,-1,9500,-1,1,1,0,1,0,1,0,1,0,15,13,10,12,16,12,9,7,10,0,3,3,1,3,40,99,99,0,3,0,255,255,255,255,255,255,255,0,0,1,0,255,255,255,255,0,0,0,0,0,0,1,0,-1,-1,-1,-1,-1,-1,0,0,0,0,0,0,3,3,0,0,255,0,0,0,0,0,0,0,0,0,1,0,0,0,0,255,255,255,255,255,255,255,255,255,255,255,255,65000000,-1,-1,-1,-1,-1,-1,-1,-1,-1,-1,-1,-1,-1,[0|0|0|0|0|0|0|0|0|0|0|0]
4261,,0,4110000,4000000,31000000,4110000,-1,24000000,5000000,5000100,5000200,5000300,50000000,52000000,51000000,53000000,-1,-1,-1,-1,60000000,60010000,-1,-1,-1,-1,-1,-1,-1,-1,-1,-1,-1,1001,1051,130,300,1700,1400,900,-1,9500,-1,1,1,0,1,0,1,0,1,0,15,13,10,12,16,12,9,7,10,0,3,3,1,3,40,99,99,0,3,0,255,255,255,255,255,255,255,0,0,1,0,255,255,255,255,0,0,0,0,0,0,1,0,-1,-1,-1,-1,-1,-1,0,0,0,0,0,0,3,3,0,0,255,0,0,0,0,0,0,0,0,0,1,0,0,0,0,255,255,255,255,255,255,255,255,255,255,255,255,65000000,-1,-1,-1,-1,-1,-1,-1,-1,-1,-1,-1,-1,-1,[0|0|0|0|0|0|0|0|0|0|0|0]
4300,,0,5000000,5000000,31000000,5000000,-1,24000000,5000000,5000100,5000200,5000300,50000000,52000000,51000000,53000000,-1,-1,-1,-1,60000000,60010000,-1,-1,-1,-1,-1,-1,-1,-1,-1,-1,-1,1001,1051,130,300,1700,1400,900,-1,9500,-1,1,1,0,1,0,1,0,1,0,15,13,10,12,16,12,9,7,10,0,3,3,1,3,40,99,99,0,3,0,255,255,255,255,255,255,255,0,0,1,0,255,255,255,255,0,0,0,0,0,0,1,0,-1,-1,-1,-1,-1,-1,0,0,0,0,0,0,3,3,0,0,255,0,0,0,0,0,0,0,0,0,1,0,0,0,0,255,255,255,255,255,255,255,255,255,255,255,255,65000000,-1,-1,-1,-1,-1,-1,-1,-1,-1,-1,-1,-1,-1,[0|0|0|0|0|0|0|0|0|0|0|0]
4301,,0,5010000,5000000,31000000,5010000,-1,24000000,5000000,5000100,5000200,5000300,50000000,52000000,51000000,53000000,-1,-1,-1,-1,60000000,60010000,-1,-1,-1,-1,-1,-1,-1,-1,-1,-1,-1,1001,1051,130,300,1700,1400,900,-1,9500,-1,1,1,0,1,0,1,0,1,0,15,13,10,12,16,12,9,7,10,0,3,3,1,3,40,99,99,0,3,0,255,255,255,255,255,255,255,0,0,1,0,255,255,255,255,0,0,0,0,0,0,1,0,-1,-1,-1,-1,-1,-1,0,0,0,0,0,0,3,3,0,0,255,0,0,0,0,0,0,0,0,0,1,0,0,0,0,255,255,255,255,255,255,255,255,255,255,255,255,65000000,-1,-1,-1,-1,-1,-1,-1,-1,-1,-1,-1,-1,-1,[0|0|0|0|0|0|0|0|0|0|0|0]
4302,,0,5020000,5000000,31000000,5020000,-1,24000000,5000000,5000100,5000200,5000300,50000000,52000000,51000000,53000000,-1,-1,-1,-1,60000000,60010000,-1,-1,-1,-1,-1,-1,-1,-1,-1,-1,-1,1001,1051,130,300,1700,1400,900,-1,9500,-1,1,1,0,1,0,1,0,1,0,15,13,10,12,16,12,9,7,10,0,3,3,1,3,40,99,99,0,3,0,255,255,255,255,255,255,255,0,0,1,0,255,255,255,255,0,0,0,0,0,0,1,0,-1,-1,-1,-1,-1,-1,0,0,0,0,0,0,3,3,0,0,255,0,0,0,0,0,0,0,0,0,1,0,0,0,0,255,255,255,255,255,255,255,255,255,255,255,255,65000000,-1,-1,-1,-1,-1,-1,-1,-1,-1,-1,-1,-1,-1,[0|0|0|0|0|0|0|0|0|0|0|0]
4303,,0,5030000,5000000,31000000,5030000,-1,24000000,5000000,5000100,5000200,5000300,50000000,52000000,51000000,53000000,-1,-1,-1,-1,60000000,60010000,-1,-1,-1,-1,-1,-1,-1,-1,-1,-1,-1,1001,1051,130,300,1700,1400,900,-1,9500,-1,1,1,0,1,0,1,0,1,0,15,13,10,12,16,12,9,7,10,0,3,3,1,3,40,99,99,0,3,0,255,255,255,255,255,255,255,0,0,1,0,255,255,255,255,0,0,0,0,0,0,1,0,-1,-1,-1,-1,-1,-1,0,0,0,0,0,0,3,3,0,0,255,0,0,0,0,0,0,0,0,0,1,0,0,0,0,255,255,255,255,255,255,255,255,255,255,255,255,65000000,-1,-1,-1,-1,-1,-1,-1,-1,-1,-1,-1,-1,-1,[0|0|0|0|0|0|0|0|0|0|0|0]
4304,,0,5040000,5000000,31000000,5040000,-1,24000000,5000000,5000100,5000200,5000300,50000000,52000000,51000000,53000000,-1,-1,-1,-1,60000000,60010000,-1,-1,-1,-1,-1,-1,-1,-1,-1,-1,-1,1001,1051,130,300,1700,1400,900,-1,9500,-1,1,1,0,1,0,1,0,1,0,15,13,10,12,16,12,9,7,10,0,3,3,1,3,40,99,99,0,3,0,255,255,255,255,255,255,255,0,0,1,0,255,255,255,255,0,0,0,0,0,0,1,0,-1,-1,-1,-1,-1,-1,0,0,0,0,0,0,3,3,0,0,255,0,0,0,0,0,0,0,0,0,1,0,0,0,0,255,255,255,255,255,255,255,255,255,255,255,255,65000000,-1,-1,-1,-1,-1,-1,-1,-1,-1,-1,-1,-1,-1,[0|0|0|0|0|0|0|0|0|0|0|0]
4305,,0,5050000,5000000,31000000,5050000,-1,24000000,5000000,5000100,5000200,5000300,50000000,52000000,51000000,53000000,-1,-1,-1,-1,60000000,60010000,-1,-1,-1,-1,-1,-1,-1,-1,-1,-1,-1,1001,1051,130,300,1700,1400,900,-1,9500,-1,1,1,0,1,0,1,0,1,0,15,13,10,12,16,12,9,7,10,0,3,3,1,3,40,99,99,0,3,0,255,255,255,255,255,255,255,0,0,1,0,255,255,255,255,0,0,0,0,0,0,1,0,-1,-1,-1,-1,-1,-1,0,0,0,0,0,0,3,3,0,0,255,0,0,0,0,0,0,0,0,0,1,0,0,0,0,255,255,255,255,255,255,255,255,255,255,255,255,65000000,-1,-1,-1,-1,-1,-1,-1,-1,-1,-1,-1,-1,-1,[0|0|0|0|0|0|0|0|0|0|0|0]
4306,,0,5060000,5000000,31000000,5060000,-1,24000000,5000000,5000100,5000200,5000300,50000000,52000000,51000000,53000000,-1,-1,-1,-1,60000000,60010000,-1,-1,-1,-1,-1,-1,-1,-1,-1,-1,-1,1001,1051,130,300,1700,1400,900,-1,9500,-1,1,1,0,1,0,1,0,1,0,15,13,10,12,16,12,9,7,10,0,3,3,1,3,40,99,99,0,3,0,255,255,255,255,255,255,255,0,0,1,0,255,255,255,255,0,0,0,0,0,0,1,0,-1,-1,-1,-1,-1,-1,0,0,0,0,0,0,3,3,0,0,255,0,0,0,0,0,0,0,0,0,1,0,0,0,0,255,255,255,255,255,255,255,255,255,255,255,255,65000000,-1,-1,-1,-1,-1,-1,-1,-1,-1,-1,-1,-1,-1,[0|0|0|0|0|0|0|0|0|0|0|0]
4350,,0,6000000,6000000,31000000,6000000,-1,24000000,5000000,5000100,5000200,5000300,50000000,52000000,51000000,53000000,-1,-1,-1,-1,60000000,60010000,-1,-1,-1,-1,-1,-1,-1,-1,-1,-1,-1,1001,1051,130,300,1700,1400,900,-1,9500,-1,1,1,0,1,0,1,0,1,0,15,13,10,12,16,12,9,7,10,0,3,3,1,3,40,99,99,0,3,0,255,255,255,255,255,255,255,0,0,1,0,255,255,255,255,0,0,0,0,0,0,1,0,-1,-1,-1,-1,-1,-1,0,0,0,0,0,0,3,3,0,0,255,0,0,0,0,0,0,0,0,0,1,0,0,0,0,255,255,255,255,255,255,255,255,255,255,255,255,65000000,-1,-1,-1,-1,-1,-1,-1,-1,-1,-1,-1,-1,-1,[0|0|0|0|0|0|0|0|0|0|0|0]
4351,,0,6010000,6000000,31000000,6010000,-1,24000000,5000000,5000100,5000200,5000300,50000000,52000000,51000000,53000000,-1,-1,-1,-1,60000000,60010000,-1,-1,-1,-1,-1,-1,-1,-1,-1,-1,-1,1001,1051,130,300,1700,1400,900,-1,9500,-1,1,1,0,1,0,1,0,1,0,15,13,10,12,16,12,9,7,10,0,3,3,1,3,40,99,99,0,3,0,255,255,255,255,255,255,255,0,0,1,0,255,255,255,255,0,0,0,0,0,0,1,0,-1,-1,-1,-1,-1,-1,0,0,0,0,0,0,3,3,0,0,255,0,0,0,0,0,0,0,0,0,1,0,0,0,0,255,255,255,255,255,255,255,255,255,255,255,255,65000000,-1,-1,-1,-1,-1,-1,-1,-1,-1,-1,-1,-1,-1,[0|0|0|0|0|0|0|0|0|0|0|0]
4352,,0,6020000,6000000,31000000,6020000,-1,24000000,5000000,5000100,5000200,5000300,50000000,52000000,51000000,53000000,-1,-1,-1,-1,60000000,60010000,-1,-1,-1,-1,-1,-1,-1,-1,-1,-1,-1,1001,1051,130,300,1700,1400,900,-1,9500,-1,1,1,0,1,0,1,0,1,0,15,13,10,12,16,12,9,7,10,0,3,3,1,3,40,99,99,0,3,0,255,255,255,255,255,255,255,0,0,1,0,255,255,255,255,0,0,0,0,0,0,1,0,-1,-1,-1,-1,-1,-1,0,0,0,0,0,0,3,3,0,0,255,0,0,0,0,0,0,0,0,0,1,0,0,0,0,255,255,255,255,255,255,255,255,255,255,255,255,65000000,-1,-1,-1,-1,-1,-1,-1,-1,-1,-1,-1,-1,-1,[0|0|0|0|0|0|0|0|0|0|0|0]
4354,,0,6040000,6000000,31000000,6040000,-1,24000000,5000000,5000100,5000200,5000300,50000000,52000000,51000000,53000000,-1,-1,-1,-1,60000000,60010000,-1,-1,-1,-1,-1,-1,-1,-1,-1,-1,-1,1001,1051,130,300,1700,1400,900,-1,9500,-1,1,1,0,1,0,1,0,1,0,15,13,10,12,16,12,9,7,10,0,3,3,1,3,40,99,99,0,3,0,255,255,255,255,255,255,255,0,0,1,0,255,255,255,255,0,0,0,0,0,0,1,0,-1,-1,-1,-1,-1,-1,0,0,0,0,0,0,3,3,0,0,255,0,0,0,0,0,0,0,0,0,1,0,0,0,0,255,255,255,255,255,255,255,255,255,255,255,255,65000000,-1,-1,-1,-1,-1,-1,-1,-1,-1,-1,-1,-1,-1,[0|0|0|0|0|0|0|0|0|0|0|0]
4400,,0,7000000,7000000,31000000,7000000,-1,24000000,5000000,5000100,5000200,5000300,50000000,52000000,51000000,53000000,-1,-1,-1,-1,60000000,60010000,-1,-1,-1,-1,-1,-1,-1,-1,-1,-1,-1,1001,1051,130,300,1700,1400,900,-1,9500,-1,1,1,0,1,0,1,0,1,0,15,13,10,12,16,12,9,7,10,0,3,3,1,3,40,99,99,0,3,0,255,255,255,255,255,255,255,0,0,1,0,255,255,255,255,0,0,0,0,0,0,1,0,-1,-1,-1,-1,-1,-1,0,0,0,0,0,0,3,3,0,0,255,0,0,0,0,0,0,0,0,0,1,0,0,0,0,255,255,255,255,255,255,255,255,255,255,255,255,65000000,-1,-1,-1,-1,-1,-1,-1,-1,-1,-1,-1,-1,-1,[0|0|0|0|0|0|0|0|0|0|0|0]
4401,,0,7010000,7000000,31000000,7010000,-1,24000000,5000000,5000100,5000200,5000300,50000000,52000000,51000000,53000000,-1,-1,-1,-1,60000000,60010000,-1,-1,-1,-1,-1,-1,-1,-1,-1,-1,-1,1001,1051,130,300,1700,1400,900,-1,9500,-1,1,1,0,1,0,1,0,1,0,15,13,10,12,16,12,9,7,10,0,3,3,1,3,40,99,99,0,3,0,255,255,255,255,255,255,255,0,0,1,0,255,255,255,255,0,0,0,0,0,0,1,0,-1,-1,-1,-1,-1,-1,0,0,0,0,0,0,3,3,0,0,255,0,0,0,0,0,0,0,0,0,1,0,0,0,0,255,255,255,255,255,255,255,255,255,255,255,255,65000000,-1,-1,-1,-1,-1,-1,-1,-1,-1,-1,-1,-1,-1,[0|0|0|0|0|0|0|0|0|0|0|0]
4402,,0,7020000,7000000,31000000,7020000,-1,24000000,5000000,5000100,5000200,5000300,50000000,52000000,51000000,53000000,-1,-1,-1,-1,60000000,60010000,-1,-1,-1,-1,-1,-1,-1,-1,-1,-1,-1,1001,1051,130,300,1700,1400,900,-1,9500,-1,1,1,0,1,0,1,0,1,0,15,13,10,12,16,12,9,7,10,0,3,3,1,3,40,99,99,0,3,0,255,255,255,255,255,255,255,0,0,1,0,255,255,255,255,0,0,0,0,0,0,1,0,-1,-1,-1,-1,-1,-1,0,0,0,0,0,0,3,3,0,0,255,0,0,0,0,0,0,0,0,0,1,0,0,0,0,255,255,255,255,255,255,255,255,255,255,255,255,65000000,-1,-1,-1,-1,-1,-1,-1,-1,-1,-1,-1,-1,-1,[0|0|0|0|0|0|0|0|0|0|0|0]
4403,,0,7030000,7000000,31000000,7030000,-1,24000000,5000000,5000100,5000200,5000300,50000000,52000000,51000000,53000000,-1,-1,-1,-1,60000000,60010000,-1,-1,-1,-1,-1,-1,-1,-1,-1,-1,-1,1001,1051,130,300,1700,1400,900,-1,9500,-1,1,1,0,1,0,1,0,1,0,15,13,10,12,16,12,9,7,10,0,3,3,1,3,40,99,99,0,3,0,255,255,255,255,255,255,255,0,0,1,0,255,255,255,255,0,0,0,0,0,0,1,0,-1,-1,-1,-1,-1,-1,0,0,0,0,0,0,3,3,0,0,255,0,0,0,0,0,0,0,0,0,1,0,0,0,0,255,255,255,255,255,255,255,255,255,255,255,255,65000000,-1,-1,-1,-1,-1,-1,-1,-1,-1,-1,-1,-1,-1,[0|0|0|0|0|0|0|0|0|0|0|0]
4404,,0,7040000,7000000,31000000,7040000,-1,24000000,5000000,5000100,5000200,5000300,50000000,52000000,51000000,53000000,-1,-1,-1,-1,60000000,60010000,-1,-1,-1,-1,-1,-1,-1,-1,-1,-1,-1,1001,1051,130,300,1700,1400,900,-1,9500,-1,1,1,0,1,0,1,0,1,0,15,13,10,12,16,12,9,7,10,0,3,3,1,3,40,99,99,0,3,0,255,255,255,255,255,255,255,0,0,1,0,255,255,255,255,0,0,0,0,0,0,1,0,-1,-1,-1,-1,-1,-1,0,0,0,0,0,0,3,3,0,0,255,0,0,0,0,0,0,0,0,0,1,0,0,0,0,255,255,255,255,255,255,255,255,255,255,255,255,65000000,-1,-1,-1,-1,-1,-1,-1,-1,-1,-1,-1,-1,-1,[0|0|0|0|0|0|0|0|0|0|0|0]
4405,,0,7050000,7000000,31000000,7050000,-1,24000000,5000000,5000100,5000200,5000300,50000000,52000000,51000000,53000000,-1,-1,-1,-1,60000000,60010000,-1,-1,-1,-1,-1,-1,-1,-1,-1,-1,-1,1001,1051,130,300,1700,1400,900,-1,9500,-1,1,1,0,1,0,1,0,1,0,15,13,10,12,16,12,9,7,10,0,3,3,1,3,40,99,99,0,3,0,255,255,255,255,255,255,255,0,0,1,0,255,255,255,255,0,0,0,0,0,0,1,0,-1,-1,-1,-1,-1,-1,0,0,0,0,0,0,3,3,0,0,255,0,0,0,0,0,0,0,0,0,1,0,0,0,0,255,255,255,255,255,255,255,255,255,255,255,255,65000000,-1,-1,-1,-1,-1,-1,-1,-1,-1,-1,-1,-1,-1,[0|0|0|0|0|0|0|0|0|0|0|0]
4406,,0,7060000,7000000,31000000,7060000,-1,24000000,5000000,5000100,5000200,5000300,50000000,52000000,51000000,53000000,-1,-1,-1,-1,60000000,60010000,-1,-1,-1,-1,-1,-1,-1,-1,-1,-1,-1,1001,1051,130,300,1700,1400,900,-1,9500,-1,1,1,0,1,0,1,0,1,0,15,13,10,12,16,12,9,7,10,0,3,3,1,3,40,99,99,0,3,0,255,255,255,255,255,255,255,0,0,1,0,255,255,255,255,0,0,0,0,0,0,1,0,-1,-1,-1,-1,-1,-1,0,0,0,0,0,0,3,3,0,0,255,0,0,0,0,0,0,0,0,0,1,0,0,0,0,255,255,255,255,255,255,255,255,255,255,255,255,65000000,-1,-1,-1,-1,-1,-1,-1,-1,-1,-1,-1,-1,-1,[0|0|0|0|0|0|0|0|0|0|0|0]
4407,,0,7070000,7000000,31000000,7070000,-1,24000000,5000000,5000100,5000200,5000300,50000000,52000000,51000000,53000000,-1,-1,-1,-1,60000000,60010000,-1,-1,-1,-1,-1,-1,-1,-1,-1,-1,-1,1001,1051,130,300,1700,1400,900,-1,9500,-1,1,1,0,1,0,1,0,1,0,15,13,10,12,16,12,9,7,10,0,3,3,1,3,40,99,99,0,3,0,255,255,255,255,255,255,255,0,0,1,0,255,255,255,255,0,0,0,0,0,0,1,0,-1,-1,-1,-1,-1,-1,0,0,0,0,0,0,3,3,0,0,255,0,0,0,0,0,0,0,0,0,1,0,0,0,0,255,255,255,255,255,255,255,255,255,255,255,255,65000000,-1,-1,-1,-1,-1,-1,-1,-1,-1,-1,-1,-1,-1,[0|0|0|0|0|0|0|0|0|0|0|0]
4408,,0,7080000,7000000,31000000,7080000,-1,24000000,5000000,5000100,5000200,5000300,50000000,52000000,51000000,53000000,-1,-1,-1,-1,60000000,60010000,-1,-1,-1,-1,-1,-1,-1,-1,-1,-1,-1,1001,1051,130,300,1700,1400,900,-1,9500,-1,1,1,0,1,0,1,0,1,0,15,13,10,12,16,12,9,7,10,0,3,3,1,3,40,99,99,0,3,0,255,255,255,255,255,255,255,0,0,1,0,255,255,255,255,0,0,0,0,0,0,1,0,-1,-1,-1,-1,-1,-1,0,0,0,0,0,0,3,3,0,0,255,0,0,0,0,0,0,0,0,0,1,0,0,0,0,255,255,255,255,255,255,255,255,255,255,255,255,65000000,-1,-1,-1,-1,-1,-1,-1,-1,-1,-1,-1,-1,-1,[0|0|0|0|0|0|0|0|0|0|0|0]
4410,,0,7100000,7000000,31000000,7100000,-1,24000000,5000000,5000100,5000200,5000300,50000000,52000000,51000000,53000000,-1,-1,-1,-1,60000000,60010000,-1,-1,-1,-1,-1,-1,-1,-1,-1,-1,-1,1001,1051,130,300,1700,1400,900,-1,9500,-1,1,1,0,1,0,1,0,1,0,15,13,10,12,16,12,9,7,10,0,3,3,1,3,40,99,99,0,3,0,255,255,255,255,255,255,255,0,0,1,0,255,255,255,255,0,0,0,0,0,0,1,0,-1,-1,-1,-1,-1,-1,0,0,0,0,0,0,3,3,0,0,255,0,0,0,0,0,0,0,0,0,1,0,0,0,0,255,255,255,255,255,255,255,255,255,255,255,255,65000000,-1,-1,-1,-1,-1,-1,-1,-1,-1,-1,-1,-1,-1,[0|0|0|0|0|0|0|0|0|0|0|0]
4411,,0,7110000,7000000,31000000,7110000,-1,24000000,5000000,5000100,5000200,5000300,50000000,52000000,51000000,53000000,-1,-1,-1,-1,60000000,60010000,-1,-1,-1,-1,-1,-1,-1,-1,-1,-1,-1,1001,1051,130,300,1700,1400,900,-1,9500,-1,1,1,0,1,0,1,0,1,0,15,13,10,12,16,12,9,7,10,0,3,3,1,3,40,99,99,0,3,0,255,255,255,255,255,255,255,0,0,1,0,255,255,255,255,0,0,0,0,0,0,1,0,-1,-1,-1,-1,-1,-1,0,0,0,0,0,0,3,3,0,0,255,0,0,0,0,0,0,0,0,0,1,0,0,0,0,255,255,255,255,255,255,255,255,255,255,255,255,65000000,-1,-1,-1,-1,-1,-1,-1,-1,-1,-1,-1,-1,-1,[0|0|0|0|0|0|0|0|0|0|0|0]
4412,,0,7120000,7000000,31000000,7120000,-1,24000000,5000000,5000100,5000200,5000300,50000000,52000000,51000000,53000000,-1,-1,-1,-1,60000000,60010000,-1,-1,-1,-1,-1,-1,-1,-1,-1,-1,-1,1001,1051,130,300,1700,1400,900,-1,9500,-1,1,1,0,1,0,1,0,1,0,15,13,10,12,16,12,9,7,10,0,3,3,1,3,40,99,99,0,3,0,255,255,255,255,255,255,255,0,0,1,0,255,255,255,255,0,0,0,0,0,0,1,0,-1,-1,-1,-1,-1,-1,0,0,0,0,0,0,3,3,0,0,255,0,0,0,0,0,0,0,0,0,1,0,0,0,0,255,255,255,255,255,255,255,255,255,255,255,255,65000000,-1,-1,-1,-1,-1,-1,-1,-1,-1,-1,-1,-1,-1,[0|0|0|0|0|0|0|0|0|0|0|0]
4413,,0,7140000,7000000,31000000,7140000,-1,24000000,5000000,5000100,5000200,5000300,50000000,52000000,51000000,53000000,-1,-1,-1,-1,60000000,60010000,-1,-1,-1,-1,-1,-1,-1,-1,-1,-1,-1,1001,1051,130,300,1700,1400,900,-1,9500,-1,1,1,0,1,0,1,0,1,0,15,13,10,12,16,12,9,7,10,0,3,3,1,3,40,99,99,0,3,0,255,255,255,255,255,255,255,0,0,1,0,255,255,255,255,0,0,0,0,0,0,1,0,-1,-1,-1,-1,-1,-1,0,0,0,0,0,0,3,3,0,0,255,0,0,0,0,0,0,0,0,0,1,0,0,0,0,255,255,255,255,255,255,255,255,255,255,255,255,65000000,-1,-1,-1,-1,-1,-1,-1,-1,-1,-1,-1,-1,-1,[0|0|0|0|0|0|0|0|0|0|0|0]
4414,,0,7150000,7000000,31000000,7150000,-1,24000000,5000000,5000100,5000200,5000300,50000000,52000000,51000000,53000000,-1,-1,-1,-1,60000000,60010000,-1,-1,-1,-1,-1,-1,-1,-1,-1,-1,-1,1001,1051,130,300,1700,1400,900,-1,9500,-1,1,1,0,1,0,1,0,1,0,15,13,10,12,16,12,9,7,10,0,3,3,1,3,40,99,99,0,3,0,255,255,255,255,255,255,255,0,0,1,0,255,255,255,255,0,0,0,0,0,0,1,0,-1,-1,-1,-1,-1,-1,0,0,0,0,0,0,3,3,0,0,255,0,0,0,0,0,0,0,0,0,1,0,0,0,0,255,255,255,255,255,255,255,255,255,255,255,255,65000000,-1,-1,-1,-1,-1,-1,-1,-1,-1,-1,-1,-1,-1,[0|0|0|0|0|0|0|0|0|0|0|0]
4450,,0,8010000,8020000,31000000,8010000,-1,24000000,5000000,5000100,5000200,5000300,50000000,52000000,51000000,53000000,-1,-1,-1,-1,60000000,60010000,-1,-1,-1,-1,-1,-1,-1,-1,-1,-1,-1,1001,1051,130,300,1700,1400,900,-1,9500,-1,1,1,0,1,0,1,0,1,0,15,13,10,12,16,12,9,7,10,0,3,3,1,3,40,99,99,0,3,0,255,255,255,255,255,255,255,0,0,1,0,255,255,255,255,0,0,0,0,0,0,1,0,-1,-1,-1,-1,-1,-1,0,0,0,0,0,0,3,3,0,0,255,0,0,0,0,0,0,0,0,0,1,0,0,0,0,255,255,255,255,255,255,255,255,255,255,255,255,65000000,-1,-1,-1,-1,-1,-1,-1,-1,-1,-1,-1,-1,-1,[0|0|0|0|0|0|0|0|0|0|0|0]
4451,,0,8020000,8020000,31000000,8020000,-1,24000000,5000000,5000100,5000200,5000300,50000000,52000000,51000000,53000000,-1,-1,-1,-1,60000000,60010000,-1,-1,-1,-1,-1,-1,-1,-1,-1,-1,-1,1001,1051,130,300,1700,1400,900,-1,9500,-1,1,1,0,1,0,1,0,1,0,15,13,10,12,16,12,9,7,10,0,3,3,1,3,40,99,99,0,3,0,255,255,255,255,255,255,255,0,0,1,0,255,255,255,255,0,0,0,0,0,0,1,0,-1,-1,-1,-1,-1,-1,0,0,0,0,0,0,3,3,0,0,255,0,0,0,0,0,0,0,0,0,1,0,0,0,0,255,255,255,255,255,255,255,255,255,255,255,255,65000000,-1,-1,-1,-1,-1,-1,-1,-1,-1,-1,-1,-1,-1,[0|0|0|0|0|0|0|0|0|0|0|0]
4452,,0,8030000,8020000,31000000,8030000,-1,24000000,5000000,5000100,5000200,5000300,50000000,52000000,51000000,53000000,-1,-1,-1,-1,60000000,60010000,-1,-1,-1,-1,-1,-1,-1,-1,-1,-1,-1,1001,1051,130,300,1700,1400,900,-1,9500,-1,1,1,0,1,0,1,0,1,0,15,13,10,12,16,12,9,7,10,0,3,3,1,3,40,99,99,0,3,0,255,255,255,255,255,255,255,0,0,1,0,255,255,255,255,0,0,0,0,0,0,1,0,-1,-1,-1,-1,-1,-1,0,0,0,0,0,0,3,3,0,0,255,0,0,0,0,0,0,0,0,0,1,0,0,0,0,255,255,255,255,255,255,255,255,255,255,255,255,65000000,-1,-1,-1,-1,-1,-1,-1,-1,-1,-1,-1,-1,-1,[0|0|0|0|0|0|0|0|0|0|0|0]
4453,,0,8040000,8020000,31000000,8040000,-1,24000000,5000000,5000100,5000200,5000300,50000000,52000000,51000000,53000000,-1,-1,-1,-1,60000000,60010000,-1,-1,-1,-1,-1,-1,-1,-1,-1,-1,-1,1001,1051,130,300,1700,1400,900,-1,9500,-1,1,1,0,1,0,1,0,1,0,15,13,10,12,16,12,9,7,10,0,3,3,1,3,40,99,99,0,3,0,255,255,255,255,255,255,255,0,0,1,0,255,255,255,255,0,0,0,0,0,0,1,0,-1,-1,-1,-1,-1,-1,0,0,0,0,0,0,3,3,0,0,255,0,0,0,0,0,0,0,0,0,1,0,0,0,0,255,255,255,255,255,255,255,255,255,255,255,255,65000000,-1,-1,-1,-1,-1,-1,-1,-1,-1,-1,-1,-1,-1,[0|0|0|0|0|0|0|0|0|0|0|0]
4454,,0,8060000,8020000,31000000,8060000,-1,24000000,5000000,5000100,5000200,5000300,50000000,52000000,51000000,53000000,-1,-1,-1,-1,60000000,60010000,-1,-1,-1,-1,-1,-1,-1,-1,-1,-1,-1,1001,1051,130,300,1700,1400,900,-1,9500,-1,1,1,0,1,0,1,0,1,0,15,13,10,12,16,12,9,7,10,0,3,3,1,3,40,99,99,0,3,0,255,255,255,255,255,255,255,0,0,1,0,255,255,255,255,0,0,0,0,0,0,1,0,-1,-1,-1,-1,-1,-1,0,0,0,0,0,0,3,3,0,0,255,0,0,0,0,0,0,0,0,0,1,0,0,0,0,255,255,255,255,255,255,255,255,255,255,255,255,65000000,-1,-1,-1,-1,-1,-1,-1,-1,-1,-1,-1,-1,-1,[0|0|0|0|0|0|0|0|0|0|0|0]
4455,,0,8070000,8020000,31000000,8070000,-1,24000000,5000000,5000100,5000200,5000300,50000000,52000000,51000000,53000000,-1,-1,-1,-1,60000000,60010000,-1,-1,-1,-1,-1,-1,-1,-1,-1,-1,-1,1001,1051,130,300,1700,1400,900,-1,9500,-1,1,1,0,1,0,1,0,1,0,15,13,10,12,16,12,9,7,10,0,3,3,1,3,40,99,99,0,3,0,255,255,255,255,255,255,255,0,0,1,0,255,255,255,255,0,0,0,0,0,0,1,0,-1,-1,-1,-1,-1,-1,0,0,0,0,0,0,3,3,0,0,255,0,0,0,0,0,0,0,0,0,1,0,0,0,0,255,255,255,255,255,255,255,255,255,255,255,255,65000000,-1,-1,-1,-1,-1,-1,-1,-1,-1,-1,-1,-1,-1,[0|0|0|0|0|0|0|0|0|0|0|0]
4456,,0,8080000,8020000,31000000,8080000,-1,24000000,5000000,5000100,5000200,5000300,50000000,52000000,51000000,53000000,-1,-1,-1,-1,60000000,60010000,-1,-1,-1,-1,-1,-1,-1,-1,-1,-1,-1,1001,1051,130,300,1700,1400,900,-1,9500,-1,1,1,0,1,0,1,0,1,0,15,13,10,12,16,12,9,7,10,0,3,3,1,3,40,99,99,0,3,0,255,255,255,255,255,255,255,0,0,1,0,255,255,255,255,0,0,0,0,0,0,1,0,-1,-1,-1,-1,-1,-1,0,0,0,0,0,0,3,3,0,0,255,0,0,0,0,0,0,0,0,0,1,0,0,0,0,255,255,255,255,255,255,255,255,255,255,255,255,65000000,-1,-1,-1,-1,-1,-1,-1,-1,-1,-1,-1,-1,-1,[0|0|0|0|0|0|0|0|0|0|0|0]
4458,,0,8100000,8020000,31000000,8100000,-1,24000000,5000000,5000100,5000200,5000300,50000000,52000000,51000000,53000000,-1,-1,-1,-1,60000000,60010000,-1,-1,-1,-1,-1,-1,-1,-1,-1,-1,-1,1001,1051,130,300,1700,1400,900,-1,9500,-1,1,1,0,1,0,1,0,1,0,15,13,10,12,16,12,9,7,10,0,3,3,1,3,40,99,99,0,3,0,255,255,255,255,255,255,255,0,0,1,0,255,255,255,255,0,0,0,0,0,0,1,0,-1,-1,-1,-1,-1,-1,0,0,0,0,0,0,3,3,0,0,255,0,0,0,0,0,0,0,0,0,1,0,0,0,0,255,255,255,255,255,255,255,255,255,255,255,255,65000000,-1,-1,-1,-1,-1,-1,-1,-1,-1,-1,-1,-1,-1,[0|0|0|0|0|0|0|0|0|0|0|0]
4459,,0,8050000,8020000,31000000,8050000,-1,24000000,5000000,5000100,5000200,5000300,50000000,52000000,51000000,53000000,-1,-1,-1,-1,60000000,60010000,-1,-1,-1,-1,-1,-1,-1,-1,-1,-1,-1,1001,1051,130,300,1700,1400,900,-1,9500,-1,1,1,0,1,0,1,0,1,0,15,13,10,12,16,12,9,7,10,0,3,3,1,3,40,99,99,0,3,0,255,255,255,255,255,255,255,0,0,1,0,255,255,255,255,0,0,0,0,0,0,1,0,-1,-1,-1,-1,-1,-1,0,0,0,0,0,0,3,3,0,0,255,0,0,0,0,0,0,0,0,0,1,0,0,0,0,255,255,255,255,255,255,255,255,255,255,255,255,65000000,-1,-1,-1,-1,-1,-1,-1,-1,-1,-1,-1,-1,-1,[0|0|0|0|0|0|0|0|0|0|0|0]
4460,,0,8110000,8020000,31000000,8110000,-1,24000000,5000000,5000100,5000200,5000300,50000000,52000000,51000000,53000000,-1,-1,-1,-1,60000000,60010000,-1,-1,-1,-1,-1,-1,-1,-1,-1,-1,-1,1001,1051,130,300,1700,1400,900,-1,9500,-1,1,1,0,1,0,1,0,1,0,15,13,10,12,16,12,9,7,10,0,3,3,1,3,40,99,99,0,3,0,255,255,255,255,255,255,255,0,0,1,0,255,255,255,255,0,0,0,0,0,0,1,0,-1,-1,-1,-1,-1,-1,0,0,0,0,0,0,3,3,0,0,255,0,0,0,0,0,0,0,0,0,1,0,0,0,0,255,255,255,255,255,255,255,255,255,255,255,255,65000000,-1,-1,-1,-1,-1,-1,-1,-1,-1,-1,-1,-1,-1,[0|0|0|0|0|0|0|0|0|0|0|0]
4500,,0,9000000,9000000,31000000,9000000,-1,24000000,5000000,5000100,5000200,5000300,50000000,52000000,51000000,53000000,-1,-1,-1,-1,60000000,60010000,-1,-1,-1,-1,-1,-1,-1,-1,-1,-1,-1,1001,1051,130,300,1700,1400,900,-1,9500,-1,1,1,0,1,0,1,0,1,0,15,13,10,12,16,12,9,7,10,0,3,3,1,3,40,99,99,0,3,0,255,255,255,255,255,255,255,0,0,1,0,255,255,255,255,0,0,0,0,0,0,1,0,-1,-1,-1,-1,-1,-1,0,0,0,0,0,0,3,3,0,0,255,0,0,0,0,0,0,0,0,0,1,0,0,0,0,255,255,255,255,255,255,255,255,255,255,255,255,65000000,-1,-1,-1,-1,-1,-1,-1,-1,-1,-1,-1,-1,-1,[0|0|0|0|0|0|0|0|0|0|0|0]
4501,,0,9010000,9000000,31000000,9010000,-1,24000000,5000000,5000100,5000200,5000300,50000000,52000000,51000000,53000000,-1,-1,-1,-1,60000000,60010000,-1,-1,-1,-1,-1,-1,-1,-1,-1,-1,-1,1001,1051,130,300,1700,1400,900,-1,9500,-1,1,1,0,1,0,1,0,1,0,15,13,10,12,16,12,9,7,10,0,3,3,1,3,40,99,99,0,3,0,255,255,255,255,255,255,255,0,0,1,0,255,255,255,255,0,0,0,0,0,0,1,0,-1,-1,-1,-1,-1,-1,0,0,0,0,0,0,3,3,0,0,255,0,0,0,0,0,0,0,0,0,1,0,0,0,0,255,255,255,255,255,255,255,255,255,255,255,255,65000000,-1,-1,-1,-1,-1,-1,-1,-1,-1,-1,-1,-1,-1,[0|0|0|0|0|0|0|0|0|0|0|0]
4502,,0,9020000,9000000,31000000,9020000,-1,24000000,5000000,5000100,5000200,5000300,50000000,52000000,51000000,53000000,-1,-1,-1,-1,60000000,60010000,-1,-1,-1,-1,-1,-1,-1,-1,-1,-1,-1,1001,1051,130,300,1700,1400,900,-1,9500,-1,1,1,0,1,0,1,0,1,0,15,13,10,12,16,12,9,7,10,0,3,3,1,3,40,99,99,0,3,0,255,255,255,255,255,255,255,0,0,1,0,255,255,255,255,0,0,0,0,0,0,1,0,-1,-1,-1,-1,-1,-1,0,0,0,0,0,0,3,3,0,0,255,0,0,0,0,0,0,0,0,0,1,0,0,0,0,255,255,255,255,255,255,255,255,255,255,255,255,65000000,-1,-1,-1,-1,-1,-1,-1,-1,-1,-1,-1,-1,-1,[0|0|0|0|0|0|0|0|0|0|0|0]
4503,,0,9030000,9000000,31000000,9030000,-1,24000000,5000000,5000100,5000200,5000300,50000000,52000000,51000000,53000000,-1,-1,-1,-1,60000000,60010000,-1,-1,-1,-1,-1,-1,-1,-1,-1,-1,-1,1001,1051,130,300,1700,1400,900,-1,9500,-1,1,1,0,1,0,1,0,1,0,15,13,10,12,16,12,9,7,10,0,3,3,1,3,40,99,99,0,3,0,255,255,255,255,255,255,255,0,0,1,0,255,255,255,255,0,0,0,0,0,0,1,0,-1,-1,-1,-1,-1,-1,0,0,0,0,0,0,3,3,0,0,255,0,0,0,0,0,0,0,0,0,1,0,0,0,0,255,255,255,255,255,255,255,255,255,255,255,255,65000000,-1,-1,-1,-1,-1,-1,-1,-1,-1,-1,-1,-1,-1,[0|0|0|0|0|0|0|0|0|0|0|0]
4504,,0,9040000,9000000,31000000,9040000,-1,24000000,5000000,5000100,5000200,5000300,50000000,52000000,51000000,53000000,-1,-1,-1,-1,60000000,60010000,-1,-1,-1,-1,-1,-1,-1,-1,-1,-1,-1,1001,1051,130,300,1700,1400,900,-1,9500,-1,1,1,0,1,0,1,0,1,0,15,13,10,12,16,12,9,7,10,0,3,3,1,3,40,99,99,0,3,0,255,255,255,255,255,255,255,0,0,1,0,255,255,255,255,0,0,0,0,0,0,1,0,-1,-1,-1,-1,-1,-1,0,0,0,0,0,0,3,3,0,0,255,0,0,0,0,0,0,0,0,0,1,0,0,0,0,255,255,255,255,255,255,255,255,255,255,255,255,65000000,-1,-1,-1,-1,-1,-1,-1,-1,-1,-1,-1,-1,-1,[0|0|0|0|0|0|0|0|0|0|0|0]
4506,,0,9060000,9000000,31000000,9060000,-1,24000000,5000000,5000100,5000200,5000300,50000000,52000000,51000000,53000000,-1,-1,-1,-1,60000000,60010000,-1,-1,-1,-1,-1,-1,-1,-1,-1,-1,-1,1001,1051,130,300,1700,1400,900,-1,9500,-1,1,1,0,1,0,1,0,1,0,15,13,10,12,16,12,9,7,10,0,3,3,1,3,40,99,99,0,3,0,255,255,255,255,255,255,255,0,0,1,0,255,255,255,255,0,0,0,0,0,0,1,0,-1,-1,-1,-1,-1,-1,0,0,0,0,0,0,3,3,0,0,255,0,0,0,0,0,0,0,0,0,1,0,0,0,0,255,255,255,255,255,255,255,255,255,255,255,255,65000000,-1,-1,-1,-1,-1,-1,-1,-1,-1,-1,-1,-1,-1,[0|0|0|0|0|0|0|0|0|0|0|0]
4507,,0,9070000,9000000,31000000,9070000,-1,24000000,5000000,5000100,5000200,5000300,50000000,52000000,51000000,53000000,-1,-1,-1,-1,60000000,60010000,-1,-1,-1,-1,-1,-1,-1,-1,-1,-1,-1,1001,1051,130,300,1700,1400,900,-1,9500,-1,1,1,0,1,0,1,0,1,0,15,13,10,12,16,12,9,7,10,0,3,3,1,3,40,99,99,0,3,0,255,255,255,255,255,255,255,0,0,1,0,255,255,255,255,0,0,0,0,0,0,1,0,-1,-1,-1,-1,-1,-1,0,0,0,0,0,0,3,3,0,0,255,0,0,0,0,0,0,0,0,0,1,0,0,0,0,255,255,255,255,255,255,255,255,255,255,255,255,65000000,-1,-1,-1,-1,-1,-1,-1,-1,-1,-1,-1,-1,-1,[0|0|0|0|0|0|0|0|0|0|0|0]
4508,,0,9080000,9000000,31000000,9080000,-1,24000000,5000000,5000100,5000200,5000300,50000000,52000000,51000000,53000000,-1,-1,-1,-1,60000000,60010000,-1,-1,-1,-1,-1,-1,-1,-1,-1,-1,-1,1001,1051,130,300,1700,1400,900,-1,9500,-1,1,1,0,1,0,1,0,1,0,15,13,10,12,16,12,9,7,10,0,3,3,1,3,40,99,99,0,3,0,255,255,255,255,255,255,255,0,0,1,0,255,255,255,255,0,0,0,0,0,0,1,0,-1,-1,-1,-1,-1,-1,0,0,0,0,0,0,3,3,0,0,255,0,0,0,0,0,0,0,0,0,1,0,0,0,0,255,255,255,255,255,255,255,255,255,255,255,255,65000000,-1,-1,-1,-1,-1,-1,-1,-1,-1,-1,-1,-1,-1,[0|0|0|0|0|0|0|0|0|0|0|0]
4550,,0,10000000,10000000,31000000,10000000,-1,24000000,5000000,5000100,5000200,5000300,50000000,52000000,51000000,53000000,-1,-1,-1,-1,60000000,60010000,-1,-1,-1,-1,-1,-1,-1,-1,-1,-1,-1,1001,1051,130,300,1700,1400,900,-1,9500,-1,1,1,0,1,0,1,0,1,0,15,13,10,12,16,12,9,7,10,0,3,3,1,3,40,99,99,0,3,0,255,255,255,255,255,255,255,0,0,1,0,255,255,255,255,0,0,0,0,0,0,1,0,-1,-1,-1,-1,-1,-1,0,0,0,0,0,0,3,3,0,0,255,0,0,0,0,0,0,0,0,0,1,0,0,0,0,255,255,255,255,255,255,255,255,255,255,255,255,65000000,-1,-1,-1,-1,-1,-1,-1,-1,-1,-1,-1,-1,-1,[0|0|0|0|0|0|0|0|0|0|0|0]
4551,,0,10010000,10000000,31000000,10010000,-1,24000000,5000000,5000100,5000200,5000300,50000000,52000000,51000000,53000000,-1,-1,-1,-1,60000000,60010000,-1,-1,-1,-1,-1,-1,-1,-1,-1,-1,-1,1001,1051,130,300,1700,1400,900,-1,9500,-1,1,1,0,1,0,1,0,1,0,15,13,10,12,16,12,9,7,10,0,3,3,1,3,40,99,99,0,3,0,255,255,255,255,255,255,255,0,0,1,0,255,255,255,255,0,0,0,0,0,0,1,0,-1,-1,-1,-1,-1,-1,0,0,0,0,0,0,3,3,0,0,255,0,0,0,0,0,0,0,0,0,1,0,0,0,0,255,255,255,255,255,255,255,255,255,255,255,255,65000000,-1,-1,-1,-1,-1,-1,-1,-1,-1,-1,-1,-1,-1,[0|0|0|0|0|0|0|0|0|0|0|0]
4552,,0,10030000,10000000,31000000,10030000,-1,24000000,5000000,5000100,5000200,5000300,50000000,52000000,51000000,53000000,-1,-1,-1,-1,60000000,60010000,-1,-1,-1,-1,-1,-1,-1,-1,-1,-1,-1,1001,1051,130,300,1700,1400,900,-1,9500,-1,1,1,0,1,0,1,0,1,0,15,13,10,12,16,12,9,7,10,0,3,3,1,3,40,99,99,0,3,0,255,255,255,255,255,255,255,0,0,1,0,255,255,255,255,0,0,0,0,0,0,1,0,-1,-1,-1,-1,-1,-1,0,0,0,0,0,0,3,3,0,0,255,0,0,0,0,0,0,0,0,0,1,0,0,0,0,255,255,255,255,255,255,255,255,255,255,255,255,65000000,-1,-1,-1,-1,-1,-1,-1,-1,-1,-1,-1,-1,-1,[0|0|0|0|0|0|0|0|0|0|0|0]
4554,,0,10050000,10000000,31000000,10050000,-1,24000000,5000000,5000100,5000200,5000300,50000000,52000000,51000000,53000000,-1,-1,-1,-1,60000000,60010000,-1,-1,-1,-1,-1,-1,-1,-1,-1,-1,-1,1001,1051,130,300,1700,1400,900,-1,9500,-1,1,1,0,1,0,1,0,1,0,15,13,10,12,16,12,9,7,10,0,3,3,1,3,40,99,99,0,3,0,255,255,255,255,255,255,255,0,0,1,0,255,255,255,255,0,0,0,0,0,0,1,0,-1,-1,-1,-1,-1,-1,0,0,0,0,0,0,3,3,0,0,255,0,0,0,0,0,0,0,0,0,1,0,0,0,0,255,255,255,255,255,255,255,255,255,255,255,255,65000000,-1,-1,-1,-1,-1,-1,-1,-1,-1,-1,-1,-1,-1,[0|0|0|0|0|0|0|0|0|0|0|0]
4555,,0,10060000,10000000,31000000,10060000,-1,24000000,5000000,5000100,5000200,5000300,50000000,52000000,51000000,53000000,-1,-1,-1,-1,60000000,60010000,-1,-1,-1,-1,-1,-1,-1,-1,-1,-1,-1,1001,1051,130,300,1700,1400,900,-1,9500,-1,1,1,0,1,0,1,0,1,0,15,13,10,12,16,12,9,7,10,0,3,3,1,3,40,99,99,0,3,0,255,255,255,255,255,255,255,0,0,1,0,255,255,255,255,0,0,0,0,0,0,1,0,-1,-1,-1,-1,-1,-1,0,0,0,0,0,0,3,3,0,0,255,0,0,0,0,0,0,0,0,0,1,0,0,0,0,255,255,255,255,255,255,255,255,255,255,255,255,65000000,-1,-1,-1,-1,-1,-1,-1,-1,-1,-1,-1,-1,-1,[0|0|0|0|0|0|0|0|0|0|0|0]
4556,,0,10070000,10000000,31000000,10070000,-1,24000000,5000000,5000100,5000200,5000300,50000000,52000000,51000000,53000000,-1,-1,-1,-1,60000000,60010000,-1,-1,-1,-1,-1,-1,-1,-1,-1,-1,-1,1001,1051,130,300,1700,1400,900,-1,9500,-1,1,1,0,1,0,1,0,1,0,15,13,10,12,16,12,9,7,10,0,3,3,1,3,40,99,99,0,3,0,255,255,255,255,255,255,255,0,0,1,0,255,255,255,255,0,0,0,0,0,0,1,0,-1,-1,-1,-1,-1,-1,0,0,0,0,0,0,3,3,0,0,255,0,0,0,0,0,0,0,0,0,1,0,0,0,0,255,255,255,255,255,255,255,255,255,255,255,255,65000000,-1,-1,-1,-1,-1,-1,-1,-1,-1,-1,-1,-1,-1,[0|0|0|0|0|0|0|0|0|0|0|0]
4557,,0,10080000,10000000,31000000,10080000,-1,24000000,5000000,5000100,5000200,5000300,50000000,52000000,51000000,53000000,-1,-1,-1,-1,60000000,60010000,-1,-1,-1,-1,-1,-1,-1,-1,-1,-1,-1,1001,1051,130,300,1700,1400,900,-1,9500,-1,1,1,0,1,0,1,0,1,0,15,13,10,12,16,12,9,7,10,0,3,3,1,3,40,99,99,0,3,0,255,255,255,255,255,255,255,0,0,1,0,255,255,255,255,0,0,0,0,0,0,1,0,-1,-1,-1,-1,-1,-1,0,0,0,0,0,0,3,3,0,0,255,0,0,0,0,0,0,0,0,0,1,0,0,0,0,255,255,255,255,255,255,255,255,255,255,255,255,65000000,-1,-1,-1,-1,-1,-1,-1,-1,-1,-1,-1,-1,-1,[0|0|0|0|0|0|0|0|0|0|0|0]
4558,,0,10090000,10000000,31000000,10090000,-1,24000000,5000000,5000100,5000200,5000300,50000000,52000000,51000000,53000000,-1,-1,-1,-1,60000000,60010000,-1,-1,-1,-1,-1,-1,-1,-1,-1,-1,-1,1001,1051,130,300,1700,1400,900,-1,9500,-1,1,1,0,1,0,1,0,1,0,15,13,10,12,16,12,9,7,10,0,3,3,1,3,40,99,99,0,3,0,255,255,255,255,255,255,255,0,0,1,0,255,255,255,255,0,0,0,0,0,0,1,0,-1,-1,-1,-1,-1,-1,0,0,0,0,0,0,3,3,0,0,255,0,0,0,0,0,0,0,0,0,1,0,0,0,0,255,255,255,255,255,255,255,255,255,255,255,255,65000000,-1,-1,-1,-1,-1,-1,-1,-1,-1,-1,-1,-1,-1,[0|0|0|0|0|0|0|0|0|0|0|0]
4600,,0,11000000,11000000,31000000,11000000,-1,24000000,5000000,5000100,5000200,5000300,50000000,52000000,51000000,53000000,-1,-1,-1,-1,60000000,60010000,-1,-1,-1,-1,-1,-1,-1,-1,-1,-1,-1,1001,1051,130,300,1700,1400,900,-1,9500,-1,1,1,0,1,0,1,0,1,0,15,13,10,12,16,12,9,7,10,0,3,3,1,3,40,99,99,0,3,0,255,255,255,255,255,255,255,0,0,1,0,255,255,255,255,0,0,0,0,0,0,1,0,-1,-1,-1,-1,-1,-1,0,0,0,0,0,0,3,3,0,0,255,0,0,0,0,0,0,0,0,0,1,0,0,0,0,255,255,255,255,255,255,255,255,255,255,255,255,65000000,-1,-1,-1,-1,-1,-1,-1,-1,-1,-1,-1,-1,-1,[0|0|0|0|0|0|0|0|0|0|0|0]
4601,,0,11010000,11000000,31000000,11010000,-1,24000000,5000000,5000100,5000200,5000300,50000000,52000000,51000000,53000000,-1,-1,-1,-1,60000000,60010000,-1,-1,-1,-1,-1,-1,-1,-1,-1,-1,-1,1001,1051,130,300,1700,1400,900,-1,9500,-1,1,1,0,1,0,1,0,1,0,15,13,10,12,16,12,9,7,10,0,3,3,1,3,40,99,99,0,3,0,255,255,255,255,255,255,255,0,0,1,0,255,255,255,255,0,0,0,0,0,0,1,0,-1,-1,-1,-1,-1,-1,0,0,0,0,0,0,3,3,0,0,255,0,0,0,0,0,0,0,0,0,1,0,0,0,0,255,255,255,255,255,255,255,255,255,255,255,255,65000000,-1,-1,-1,-1,-1,-1,-1,-1,-1,-1,-1,-1,-1,[0|0|0|0|0|0|0|0|0|0|0|0]
4603,,0,11030000,11000000,31000000,11030000,-1,24000000,5000000,5000100,5000200,5000300,50000000,52000000,51000000,53000000,-1,-1,-1,-1,60000000,60010000,-1,-1,-1,-1,-1,-1,-1,-1,-1,-1,-1,1001,1051,130,300,1700,1400,900,-1,9500,-1,1,1,0,1,0,1,0,1,0,15,13,10,12,16,12,9,7,10,0,3,3,1,3,40,99,99,0,3,0,255,255,255,255,255,255,255,0,0,1,0,255,255,255,255,0,0,0,0,0,0,1,0,-1,-1,-1,-1,-1,-1,0,0,0,0,0,0,3,3,0,0,255,0,0,0,0,0,0,0,0,0,1,0,0,0,0,255,255,255,255,255,255,255,255,255,255,255,255,65000000,-1,-1,-1,-1,-1,-1,-1,-1,-1,-1,-1,-1,-1,[0|0|0|0|0|0|0|0|0|0|0|0]
4604,,0,11040000,11000000,31000000,11040000,-1,24000000,5000000,5000100,5000200,5000300,50000000,52000000,51000000,53000000,-1,-1,-1,-1,60000000,60010000,-1,-1,-1,-1,-1,-1,-1,-1,-1,-1,-1,1001,1051,130,300,1700,1400,900,-1,9500,-1,1,1,0,1,0,1,0,1,0,15,13,10,12,16,12,9,7,10,0,3,3,1,3,40,99,99,0,3,0,255,255,255,255,255,255,255,0,0,1,0,255,255,255,255,0,0,0,0,0,0,1,0,-1,-1,-1,-1,-1,-1,0,0,0,0,0,0,3,3,0,0,255,0,0,0,0,0,0,0,0,0,1,0,0,0,0,255,255,255,255,255,255,255,255,255,255,255,255,65000000,-1,-1,-1,-1,-1,-1,-1,-1,-1,-1,-1,-1,-1,[0|0|0|0|0|0|0|0|0|0|0|0]
4605,,0,11050000,11000000,31000000,11050000,-1,24000000,5000000,5000100,5000200,5000300,50000000,52000000,51000000,53000000,-1,-1,-1,-1,60000000,60010000,-1,-1,-1,-1,-1,-1,-1,-1,-1,-1,-1,1001,1051,130,300,1700,1400,900,-1,9500,-1,1,1,0,1,0,1,0,1,0,15,13,10,12,16,12,9,7,10,0,3,3,1,3,40,99,99,0,3,0,255,255,255,255,255,255,255,0,0,1,0,255,255,255,255,0,0,0,0,0,0,1,0,-1,-1,-1,-1,-1,-1,0,0,0,0,0,0,3,3,0,0,255,0,0,0,0,0,0,0,0,0,1,0,0,0,0,255,255,255,255,255,255,255,255,255,255,255,255,65000000,-1,-1,-1,-1,-1,-1,-1,-1,-1,-1,-1,-1,-1,[0|0|0|0|0|0|0|0|0|0|0|0]
4606,,0,11060000,11000000,31000000,11060000,-1,24000000,5000000,5000100,5000200,5000300,50000000,52000000,51000000,53000000,-1,-1,-1,-1,60000000,60010000,-1,-1,-1,-1,-1,-1,-1,-1,-1,-1,-1,1001,1051,130,300,1700,1400,900,-1,9500,-1,1,1,0,1,0,1,0,1,0,15,13,10,12,16,12,9,7,10,0,3,3,1,3,40,99,99,0,3,0,255,255,255,255,255,255,255,0,0,1,0,255,255,255,255,0,0,0,0,0,0,1,0,-1,-1,-1,-1,-1,-1,0,0,0,0,0,0,3,3,0,0,255,0,0,0,0,0,0,0,0,0,1,0,0,0,0,255,255,255,255,255,255,255,255,255,255,255,255,65000000,-1,-1,-1,-1,-1,-1,-1,-1,-1,-1,-1,-1,-1,[0|0|0|0|0|0|0|0|0|0|0|0]
4607,,0,11070000,11000000,31000000,11070000,-1,24000000,5000000,5000100,5000200,5000300,50000000,52000000,51000000,53000000,-1,-1,-1,-1,60000000,60010000,-1,-1,-1,-1,-1,-1,-1,-1,-1,-1,-1,1001,1051,130,300,1700,1400,900,-1,9500,-1,1,1,0,1,0,1,0,1,0,15,13,10,12,16,12,9,7,10,0,3,3,1,3,40,99,99,0,3,0,255,255,255,255,255,255,255,0,0,1,0,255,255,255,255,0,0,0,0,0,0,1,0,-1,-1,-1,-1,-1,-1,0,0,0,0,0,0,3,3,0,0,255,0,0,0,0,0,0,0,0,0,1,0,0,0,0,255,255,255,255,255,255,255,255,255,255,255,255,65000000,-1,-1,-1,-1,-1,-1,-1,-1,-1,-1,-1,-1,-1,[0|0|0|0|0|0|0|0|0|0|0|0]
4608,,0,11080000,11000000,31000000,11080000,-1,24000000,5000000,5000100,5000200,5000300,50000000,52000000,51000000,53000000,-1,-1,-1,-1,60000000,60010000,-1,-1,-1,-1,-1,-1,-1,-1,-1,-1,-1,1001,1051,130,300,1700,1400,900,-1,9500,-1,1,1,0,1,0,1,0,1,0,15,13,10,12,16,12,9,7,10,0,3,3,1,3,40,99,99,0,3,0,255,255,255,255,255,255,255,0,0,1,0,255,255,255,255,0,0,0,0,0,0,1,0,-1,-1,-1,-1,-1,-1,0,0,0,0,0,0,3,3,0,0,255,0,0,0,0,0,0,0,0,0,1,0,0,0,0,255,255,255,255,255,255,255,255,255,255,255,255,65000000,-1,-1,-1,-1,-1,-1,-1,-1,-1,-1,-1,-1,-1,[0|0|0|0|0|0|0|0|0|0|0|0]
4609,,0,11090000,11000000,31000000,11090000,-1,24000000,5000000,5000100,5000200,5000300,50000000,52000000,51000000,53000000,-1,-1,-1,-1,60000000,60010000,-1,-1,-1,-1,-1,-1,-1,-1,-1,-1,-1,1001,1051,130,300,1700,1400,900,-1,9500,-1,1,1,0,1,0,1,0,1,0,15,13,10,12,16,12,9,7,10,0,3,3,1,3,40,99,99,0,3,0,255,255,255,255,255,255,255,0,0,1,0,255,255,255,255,0,0,0,0,0,0,1,0,-1,-1,-1,-1,-1,-1,0,0,0,0,0,0,3,3,0,0,255,0,0,0,0,0,0,0,0,0,1,0,0,0,0,255,255,255,255,255,255,255,255,255,255,255,255,65000000,-1,-1,-1,-1,-1,-1,-1,-1,-1,-1,-1,-1,-1,[0|0|0|0|0|0|0|0|0|0|0|0]
4610,,0,11100000,11000000,31000000,11100000,-1,24000000,5000000,5000100,5000200,5000300,50000000,52000000,51000000,53000000,-1,-1,-1,-1,60000000,60010000,-1,-1,-1,-1,-1,-1,-1,-1,-1,-1,-1,1001,1051,130,300,1700,1400,900,-1,9500,-1,1,1,0,1,0,1,0,1,0,15,13,10,12,16,12,9,7,10,0,3,3,1,3,40,99,99,0,3,0,255,255,255,255,255,255,255,0,0,1,0,255,255,255,255,0,0,0,0,0,0,1,0,-1,-1,-1,-1,-1,-1,0,0,0,0,0,0,3,3,0,0,255,0,0,0,0,0,0,0,0,0,1,0,0,0,0,255,255,255,255,255,255,255,255,255,255,255,255,65000000,-1,-1,-1,-1,-1,-1,-1,-1,-1,-1,-1,-1,-1,[0|0|0|0|0|0|0|0|0|0|0|0]
4611,,0,11110000,11000000,31000000,11110000,-1,24000000,5000000,5000100,5000200,5000300,50000000,52000000,51000000,53000000,-1,-1,-1,-1,60000000,60010000,-1,-1,-1,-1,-1,-1,-1,-1,-1,-1,-1,1001,1051,130,300,1700,1400,900,-1,9500,-1,1,1,0,1,0,1,0,1,0,15,13,10,12,16,12,9,7,10,0,3,3,1,3,40,99,99,0,3,0,255,255,255,255,255,255,255,0,0,1,0,255,255,255,255,0,0,0,0,0,0,1,0,-1,-1,-1,-1,-1,-1,0,0,0,0,0,0,3,3,0,0,255,0,0,0,0,0,0,0,0,0,1,0,0,0,0,255,255,255,255,255,255,255,255,255,255,255,255,65000000,-1,-1,-1,-1,-1,-1,-1,-1,-1,-1,-1,-1,-1,[0|0|0|0|0|0|0|0|0|0|0|0]
4612,,0,11120000,11000000,31000000,11120000,-1,24000000,5000000,5000100,5000200,5000300,50000000,52000000,51000000,53000000,-1,-1,-1,-1,60000000,60010000,-1,-1,-1,-1,-1,-1,-1,-1,-1,-1,-1,1001,1051,130,300,1700,1400,900,-1,9500,-1,1,1,0,1,0,1,0,1,0,15,13,10,12,16,12,9,7,10,0,3,3,1,3,40,99,99,0,3,0,255,255,255,255,255,255,255,0,0,1,0,255,255,255,255,0,0,0,0,0,0,1,0,-1,-1,-1,-1,-1,-1,0,0,0,0,0,0,3,3,0,0,255,0,0,0,0,0,0,0,0,0,1,0,0,0,0,255,255,255,255,255,255,255,255,255,255,255,255,65000000,-1,-1,-1,-1,-1,-1,-1,-1,-1,-1,-1,-1,-1,[0|0|0|0|0|0|0|0|0|0|0|0]
4613,,0,11130000,11000000,31000000,11130000,-1,24000000,5000000,5000100,5000200,5000300,50000000,52000000,51000000,53000000,-1,-1,-1,-1,60000000,60010000,-1,-1,-1,-1,-1,-1,-1,-1,-1,-1,-1,1001,1051,130,300,1700,1400,900,-1,9500,-1,1,1,0,1,0,1,0,1,0,15,13,10,12,16,12,9,7,10,0,3,3,1,3,40,99,99,0,3,0,255,255,255,255,255,255,255,0,0,1,0,255,255,255,255,0,0,0,0,0,0,1,0,-1,-1,-1,-1,-1,-1,0,0,0,0,0,0,3,3,0,0,255,0,0,0,0,0,0,0,0,0,1,0,0,0,0,255,255,255,255,255,255,255,255,255,255,255,255,65000000,-1,-1,-1,-1,-1,-1,-1,-1,-1,-1,-1,-1,-1,[0|0|0|0|0|0|0|0|0|0|0|0]
4614,,0,11140000,11000000,31000000,11140000,-1,24000000,5000000,5000100,5000200,5000300,50000000,52000000,51000000,53000000,-1,-1,-1,-1,60000000,60010000,-1,-1,-1,-1,-1,-1,-1,-1,-1,-1,-1,1001,1051,130,300,1700,1400,900,-1,9500,-1,1,1,0,1,0,1,0,1,0,15,13,10,12,16,12,9,7,10,0,3,3,1,3,40,99,99,0,3,0,255,255,255,255,255,255,255,0,0,1,0,255,255,255,255,0,0,0,0,0,0,1,0,-1,-1,-1,-1,-1,-1,0,0,0,0,0,0,3,3,0,0,255,0,0,0,0,0,0,0,0,0,1,0,0,0,0,255,255,255,255,255,255,255,255,255,255,255,255,65000000,-1,-1,-1,-1,-1,-1,-1,-1,-1,-1,-1,-1,-1,[0|0|0|0|0|0|0|0|0|0|0|0]
4615,,0,11150000,11000000,31000000,11150000,-1,24000000,5000000,5000100,5000200,5000300,50000000,52000000,51000000,53000000,-1,-1,-1,-1,60000000,60010000,-1,-1,-1,-1,-1,-1,-1,-1,-1,-1,-1,1001,1051,130,300,1700,1400,900,-1,9500,-1,1,1,0,1,0,1,0,1,0,15,13,10,12,16,12,9,7,10,0,3,3,1,3,40,99,99,0,3,0,255,255,255,255,255,255,255,0,0,1,0,255,255,255,255,0,0,0,0,0,0,1,0,-1,-1,-1,-1,-1,-1,0,0,0,0,0,0,3,3,0,0,255,0,0,0,0,0,0,0,0,0,1,0,0,0,0,255,255,255,255,255,255,255,255,255,255,255,255,65000000,-1,-1,-1,-1,-1,-1,-1,-1,-1,-1,-1,-1,-1,[0|0|0|0|0|0|0|0|0|0|0|0]
4616,,0,11160000,11000000,31000000,11160000,-1,24000000,5000000,5000100,5000200,5000300,50000000,52000000,51000000,53000000,-1,-1,-1,-1,60000000,60010000,-1,-1,-1,-1,-1,-1,-1,-1,-1,-1,-1,1001,1051,130,300,1700,1400,900,-1,9500,-1,1,1,0,1,0,1,0,1,0,15,13,10,12,16,12,9,7,10,0,3,3,1,3,40,99,99,0,3,0,255,255,255,255,255,255,255,0,0,1,0,255,255,255,255,0,0,0,0,0,0,1,0,-1,-1,-1,-1,-1,-1,0,0,0,0,0,0,3,3,0,0,255,0,0,0,0,0,0,0,0,0,1,0,0,0,0,255,255,255,255,255,255,255,255,255,255,255,255,65000000,-1,-1,-1,-1,-1,-1,-1,-1,-1,-1,-1,-1,-1,[0|0|0|0|0|0|0|0|0|0|0|0]
4650,,0,12000000,12000000,31000000,12000000,-1,24000000,5000000,5000100,5000200,5000300,50000000,52000000,51000000,53000000,-1,-1,-1,-1,60000000,60010000,-1,-1,-1,-1,-1,-1,-1,-1,-1,-1,-1,1001,1051,130,300,1700,1400,900,-1,9500,-1,1,1,0,1,0,1,0,1,0,15,13,10,12,16,12,9,7,10,0,3,3,1,3,40,99,99,0,3,0,255,255,255,255,255,255,255,0,0,1,0,255,255,255,255,0,0,0,0,0,0,1,0,-1,-1,-1,-1,-1,-1,0,0,0,0,0,0,3,3,0,0,255,0,0,0,0,0,0,0,0,0,1,0,0,0,0,255,255,255,255,255,255,255,255,255,255,255,255,65000000,-1,-1,-1,-1,-1,-1,-1,-1,-1,-1,-1,-1,-1,[0|0|0|0|0|0|0|0|0|0|0|0]
4651,,0,12010000,12000000,31000000,12010000,-1,24000000,5000000,5000100,5000200,5000300,50000000,52000000,51000000,53000000,-1,-1,-1,-1,60000000,60010000,-1,-1,-1,-1,-1,-1,-1,-1,-1,-1,-1,1001,1051,130,300,1700,1400,900,-1,9500,-1,1,1,0,1,0,1,0,1,0,15,13,10,12,16,12,9,7,10,0,3,3,1,3,40,99,99,0,3,0,255,255,255,255,255,255,255,0,0,1,0,255,255,255,255,0,0,0,0,0,0,1,0,-1,-1,-1,-1,-1,-1,0,0,0,0,0,0,3,3,0,0,255,0,0,0,0,0,0,0,0,0,1,0,0,0,0,255,255,255,255,255,255,255,255,255,255,255,255,65000000,-1,-1,-1,-1,-1,-1,-1,-1,-1,-1,-1,-1,-1,[0|0|0|0|0|0|0|0|0|0|0|0]
4652,,0,12020000,12000000,31000000,12020000,-1,24000000,5000000,5000100,5000200,5000300,50000000,52000000,51000000,53000000,-1,-1,-1,-1,60000000,60010000,-1,-1,-1,-1,-1,-1,-1,-1,-1,-1,-1,1001,1051,130,300,1700,1400,900,-1,9500,-1,1,1,0,1,0,1,0,1,0,15,13,10,12,16,12,9,7,10,0,3,3,1,3,40,99,99,0,3,0,255,255,255,255,255,255,255,0,0,1,0,255,255,255,255,0,0,0,0,0,0,1,0,-1,-1,-1,-1,-1,-1,0,0,0,0,0,0,3,3,0,0,255,0,0,0,0,0,0,0,0,0,1,0,0,0,0,255,255,255,255,255,255,255,255,255,255,255,255,65000000,-1,-1,-1,-1,-1,-1,-1,-1,-1,-1,-1,-1,-1,[0|0|0|0|0|0|0|0|0|0|0|0]
4653,,0,12060000,12000000,31000000,12060000,-1,24000000,5000000,5000100,5000200,5000300,50000000,52000000,51000000,53000000,-1,-1,-1,-1,60000000,60010000,-1,-1,-1,-1,-1,-1,-1,-1,-1,-1,-1,1001,1051,130,300,1700,1400,900,-1,9500,-1,1,1,0,1,0,1,0,1,0,15,13,10,12,16,12,9,7,10,0,3,3,1,3,40,99,99,0,3,0,255,255,255,255,255,255,255,0,0,1,0,255,255,255,255,0,0,0,0,0,0,1,0,-1,-1,-1,-1,-1,-1,0,0,0,0,0,0,3,3,0,0,255,0,0,0,0,0,0,0,0,0,1,0,0,0,0,255,255,255,255,255,255,255,255,255,255,255,255,65000000,-1,-1,-1,-1,-1,-1,-1,-1,-1,-1,-1,-1,-1,[0|0|0|0|0|0|0|0|0|0|0|0]
4655,,0,12080000,12000000,31000000,12080000,-1,24000000,5000000,5000100,5000200,5000300,50000000,52000000,51000000,53000000,-1,-1,-1,-1,60000000,60010000,-1,-1,-1,-1,-1,-1,-1,-1,-1,-1,-1,1001,1051,130,300,1700,1400,900,-1,9500,-1,1,1,0,1,0,1,0,1,0,15,13,10,12,16,12,9,7,10,0,3,3,1,3,40,99,99,0,3,0,255,255,255,255,255,255,255,0,0,1,0,255,255,255,255,0,0,0,0,0,0,1,0,-1,-1,-1,-1,-1,-1,0,0,0,0,0,0,3,3,0,0,255,0,0,0,0,0,0,0,0,0,1,0,0,0,0,255,255,255,255,255,255,255,255,255,255,255,255,65000000,-1,-1,-1,-1,-1,-1,-1,-1,-1,-1,-1,-1,-1,[0|0|0|0|0|0|0|0|0|0|0|0]
4659,,0,12130000,12000000,31000000,12130000,-1,24000000,5000000,5000100,5000200,5000300,50000000,52000000,51000000,53000000,-1,-1,-1,-1,60000000,60010000,-1,-1,-1,-1,-1,-1,-1,-1,-1,-1,-1,1001,1051,130,300,1700,1400,900,-1,9500,-1,1,1,0,1,0,1,0,1,0,15,13,10,12,16,12,9,7,10,0,3,3,1,3,40,99,99,0,3,0,255,255,255,255,255,255,255,0,0,1,0,255,255,255,255,0,0,0,0,0,0,1,0,-1,-1,-1,-1,-1,-1,0,0,0,0,0,0,3,3,0,0,255,0,0,0,0,0,0,0,0,0,1,0,0,0,0,255,255,255,255,255,255,255,255,255,255,255,255,65000000,-1,-1,-1,-1,-1,-1,-1,-1,-1,-1,-1,-1,-1,[0|0|0|0|0|0|0|0|0|0|0|0]
4660,,0,12140000,12000000,31000000,12140000,-1,24000000,5000000,5000100,5000200,5000300,50000000,52000000,51000000,53000000,-1,-1,-1,-1,60000000,60010000,-1,-1,-1,-1,-1,-1,-1,-1,-1,-1,-1,1001,1051,130,300,1700,1400,900,-1,9500,-1,1,1,0,1,0,1,0,1,0,15,13,10,12,16,12,9,7,10,0,3,3,1,3,40,99,99,0,3,0,255,255,255,255,255,255,255,0,0,1,0,255,255,255,255,0,0,0,0,0,0,1,0,-1,-1,-1,-1,-1,-1,0,0,0,0,0,0,3,3,0,0,255,0,0,0,0,0,0,0,0,0,1,0,0,0,0,255,255,255,255,255,255,255,255,255,255,255,255,65000000,-1,-1,-1,-1,-1,-1,-1,-1,-1,-1,-1,-1,-1,[0|0|0|0|0|0|0|0|0|0|0|0]
4661,,0,12150000,12000000,31000000,12150000,-1,24000000,5000000,5000100,5000200,5000300,50000000,52000000,51000000,53000000,-1,-1,-1,-1,60000000,60010000,-1,-1,-1,-1,-1,-1,-1,-1,-1,-1,-1,1001,1051,130,300,1700,1400,900,-1,9500,-1,1,1,0,1,0,1,0,1,0,15,13,10,12,16,12,9,7,10,0,3,3,1,3,40,99,99,0,3,0,255,255,255,255,255,255,255,0,0,1,0,255,255,255,255,0,0,0,0,0,0,1,0,-1,-1,-1,-1,-1,-1,0,0,0,0,0,0,3,3,0,0,255,0,0,0,0,0,0,0,0,0,1,0,0,0,0,255,255,255,255,255,255,255,255,255,255,255,255,65000000,-1,-1,-1,-1,-1,-1,-1,-1,-1,-1,-1,-1,-1,[0|0|0|0|0|0|0|0|0|0|0|0]
4662,,0,12160000,12000000,31000000,12160000,-1,24000000,5000000,5000100,5000200,5000300,50000000,52000000,51000000,53000000,-1,-1,-1,-1,60000000,60010000,-1,-1,-1,-1,-1,-1,-1,-1,-1,-1,-1,1001,1051,130,300,1700,1400,900,-1,9500,-1,1,1,0,1,0,1,0,1,0,15,13,10,12,16,12,9,7,10,0,3,3,1,3,40,99,99,0,3,0,255,255,255,255,255,255,255,0,0,1,0,255,255,255,255,0,0,0,0,0,0,1,0,-1,-1,-1,-1,-1,-1,0,0,0,0,0,0,3,3,0,0,255,0,0,0,0,0,0,0,0,0,1,0,0,0,0,255,255,255,255,255,255,255,255,255,255,255,255,65000000,-1,-1,-1,-1,-1,-1,-1,-1,-1,-1,-1,-1,-1,[0|0|0|0|0|0|0|0|0|0|0|0]
4663,,0,12170000,12000000,31000000,12170000,-1,24000000,5000000,5000100,5000200,5000300,50000000,52000000,51000000,53000000,-1,-1,-1,-1,60000000,60010000,-1,-1,-1,-1,-1,-1,-1,-1,-1,-1,-1,1001,1051,130,300,1700,1400,900,-1,9500,-1,1,1,0,1,0,1,0,1,0,15,13,10,12,16,12,9,7,10,0,3,3,1,3,40,99,99,0,3,0,255,255,255,255,255,255,255,0,0,1,0,255,255,255,255,0,0,0,0,0,0,1,0,-1,-1,-1,-1,-1,-1,0,0,0,0,0,0,3,3,0,0,255,0,0,0,0,0,0,0,0,0,1,0,0,0,0,255,255,255,255,255,255,255,255,255,255,255,255,65000000,-1,-1,-1,-1,-1,-1,-1,-1,-1,-1,-1,-1,-1,[0|0|0|0|0|0|0|0|0|0|0|0]
4664,,0,12180000,12000000,31000000,12180000,-1,24000000,5000000,5000100,5000200,5000300,50000000,52000000,51000000,53000000,-1,-1,-1,-1,60000000,60010000,-1,-1,-1,-1,-1,-1,-1,-1,-1,-1,-1,1001,1051,130,300,1700,1400,900,-1,9500,-1,1,1,0,1,0,1,0,1,0,15,13,10,12,16,12,9,7,10,0,3,3,1,3,40,99,99,0,3,0,255,255,255,255,255,255,255,0,0,1,0,255,255,255,255,0,0,0,0,0,0,1,0,-1,-1,-1,-1,-1,-1,0,0,0,0,0,0,3,3,0,0,255,0,0,0,0,0,0,0,0,0,1,0,0,0,0,255,255,255,255,255,255,255,255,255,255,255,255,65000000,-1,-1,-1,-1,-1,-1,-1,-1,-1,-1,-1,-1,-1,[0|0|0|0|0|0|0|0|0|0|0|0]
4665,,0,12190000,12000000,31000000,12190000,-1,24000000,5000000,5000100,5000200,5000300,50000000,52000000,51000000,53000000,-1,-1,-1,-1,60000000,60010000,-1,-1,-1,-1,-1,-1,-1,-1,-1,-1,-1,1001,1051,130,300,1700,1400,900,-1,9500,-1,1,1,0,1,0,1,0,1,0,15,13,10,12,16,12,9,7,10,0,3,3,1,3,40,99,99,0,3,0,255,255,255,255,255,255,255,0,0,1,0,255,255,255,255,0,0,0,0,0,0,1,0,-1,-1,-1,-1,-1,-1,0,0,0,0,0,0,3,3,0,0,255,0,0,0,0,0,0,0,0,0,1,0,0,0,0,255,255,255,255,255,255,255,255,255,255,255,255,65000000,-1,-1,-1,-1,-1,-1,-1,-1,-1,-1,-1,-1,-1,[0|0|0|0|0|0|0|0|0|0|0|0]
4666,,0,12200000,12000000,31000000,12200000,-1,24000000,5000000,5000100,5000200,5000300,50000000,52000000,51000000,53000000,-1,-1,-1,-1,60000000,60010000,-1,-1,-1,-1,-1,-1,-1,-1,-1,-1,-1,1001,1051,130,300,1700,1400,900,-1,9500,-1,1,1,0,1,0,1,0,1,0,15,13,10,12,16,12,9,7,10,0,3,3,1,3,40,99,99,0,3,0,255,255,255,255,255,255,255,0,0,1,0,255,255,255,255,0,0,0,0,0,0,1,0,-1,-1,-1,-1,-1,-1,0,0,0,0,0,0,3,3,0,0,255,0,0,0,0,0,0,0,0,0,1,0,0,0,0,255,255,255,255,255,255,255,255,255,255,255,255,65000000,-1,-1,-1,-1,-1,-1,-1,-1,-1,-1,-1,-1,-1,[0|0|0|0|0|0|0|0|0|0|0|0]
4667,,0,12210000,11000000,31000000,12210000,-1,24000000,5000000,5000100,5000200,5000300,50000000,52000000,51000000,53000000,-1,-1,-1,-1,60000000,60010000,-1,-1,-1,-1,-1,-1,-1,-1,-1,-1,-1,1001,1051,130,300,1700,1400,900,-1,9500,-1,1,1,0,1,0,1,0,1,0,15,13,10,12,16,12,9,7,10,0,3,3,1,3,40,99,99,0,3,0,255,255,255,255,255,255,255,0,0,1,0,255,255,255,255,0,0,0,0,0,0,1,0,-1,-1,-1,-1,-1,-1,0,0,0,0,0,0,3,3,0,0,255,0,0,0,0,0,0,0,0,0,1,0,0,0,0,255,255,255,255,255,255,255,255,255,255,255,255,65000000,-1,-1,-1,-1,-1,-1,-1,-1,-1,-1,-1,-1,-1,[0|0|0|0|0|0|0|0|0|0|0|0]
4700,,0,13000000,13000000,31000000,13000000,-1,24000000,5000000,5000100,5000200,5000300,50000000,52000000,51000000,53000000,-1,-1,-1,-1,60000000,60010000,-1,-1,-1,-1,-1,-1,-1,-1,-1,-1,-1,1001,1051,130,300,1700,1400,900,-1,9500,-1,1,1,0,1,0,1,0,1,0,15,13,10,12,16,12,9,7,10,0,3,3,1,3,40,99,99,0,3,0,255,255,255,255,255,255,255,0,0,1,0,255,255,255,255,0,0,0,0,0,0,1,0,-1,-1,-1,-1,-1,-1,0,0,0,0,0,0,3,3,0,0,255,0,0,0,0,0,0,0,0,0,1,0,0,0,0,255,255,255,255,255,255,255,255,255,255,255,255,65000000,-1,-1,-1,-1,-1,-1,-1,-1,-1,-1,-1,-1,-1,[0|0|0|0|0|0|0|0|0|0|0|0]
4701,,0,13010000,13000000,31000000,13010000,-1,24000000,5000000,5000100,5000200,5000300,50000000,52000000,51000000,53000000,-1,-1,-1,-1,60000000,60010000,-1,-1,-1,-1,-1,-1,-1,-1,-1,-1,-1,1001,1051,130,300,1700,1400,900,-1,9500,-1,1,1,0,1,0,1,0,1,0,15,13,10,12,16,12,9,7,10,0,3,3,1,3,40,99,99,0,3,0,255,255,255,255,255,255,255,0,0,1,0,255,255,255,255,0,0,0,0,0,0,1,0,-1,-1,-1,-1,-1,-1,0,0,0,0,0,0,3,3,0,0,255,0,0,0,0,0,0,0,0,0,1,0,0,0,0,255,255,255,255,255,255,255,255,255,255,255,255,65000000,-1,-1,-1,-1,-1,-1,-1,-1,-1,-1,-1,-1,-1,[0|0|0|0|0|0|0|0|0|0|0|0]
4702,,0,13020000,13000000,31000000,13020000,-1,24000000,5000000,5000100,5000200,5000300,50000000,52000000,51000000,53000000,-1,-1,-1,-1,60000000,60010000,-1,-1,-1,-1,-1,-1,-1,-1,-1,-1,-1,1001,1051,130,300,1700,1400,900,-1,9500,-1,1,1,0,1,0,1,0,1,0,15,13,10,12,16,12,9,7,10,0,3,3,1,3,40,99,99,0,3,0,255,255,255,255,255,255,255,0,0,1,0,255,255,255,255,0,0,0,0,0,0,1,0,-1,-1,-1,-1,-1,-1,0,0,0,0,0,0,3,3,0,0,255,0,0,0,0,0,0,0,0,0,1,0,0,0,0,255,255,255,255,255,255,255,255,255,255,255,255,65000000,-1,-1,-1,-1,-1,-1,-1,-1,-1,-1,-1,-1,-1,[0|0|0|0|0|0|0|0|0|0|0|0]
4703,,0,13030000,13000000,31000000,13030000,-1,24000000,5000000,5000100,5000200,5000300,50000000,52000000,51000000,53000000,-1,-1,-1,-1,60000000,60010000,-1,-1,-1,-1,-1,-1,-1,-1,-1,-1,-1,1001,1051,130,300,1700,1400,900,-1,9500,-1,1,1,0,1,0,1,0,1,0,15,13,10,12,16,12,9,7,10,0,3,3,1,3,40,99,99,0,3,0,255,255,255,255,255,255,255,0,0,1,0,255,255,255,255,0,0,0,0,0,0,1,0,-1,-1,-1,-1,-1,-1,0,0,0,0,0,0,3,3,0,0,255,0,0,0,0,0,0,0,0,0,1,0,0,0,0,255,255,255,255,255,255,255,255,255,255,255,255,65000000,-1,-1,-1,-1,-1,-1,-1,-1,-1,-1,-1,-1,-1,[0|0|0|0|0|0|0|0|0|0|0|0]
4704,,0,13040000,13000000,31000000,13040000,-1,24000000,5000000,5000100,5000200,5000300,50000000,52000000,51000000,53000000,-1,-1,-1,-1,60000000,60010000,-1,-1,-1,-1,-1,-1,-1,-1,-1,-1,-1,1001,1051,130,300,1700,1400,900,-1,9500,-1,1,1,0,1,0,1,0,1,0,15,13,10,12,16,12,9,7,10,0,3,3,1,3,40,99,99,0,3,0,255,255,255,255,255,255,255,0,0,1,0,255,255,255,255,0,0,0,0,0,0,1,0,-1,-1,-1,-1,-1,-1,0,0,0,0,0,0,3,3,0,0,255,0,0,0,0,0,0,0,0,0,1,0,0,0,0,255,255,255,255,255,255,255,255,255,255,255,255,65000000,-1,-1,-1,-1,-1,-1,-1,-1,-1,-1,-1,-1,-1,[0|0|0|0|0|0|0|0|0|0|0|0]
4750,,0,14000000,14000000,31000000,14000000,-1,24000000,5000000,5000100,5000200,5000300,50000000,52000000,51000000,53000000,-1,-1,-1,-1,60000000,60010000,-1,-1,-1,-1,-1,-1,-1,-1,-1,-1,-1,1001,1051,130,300,1700,1400,900,-1,9500,-1,1,1,0,1,0,1,0,1,0,15,13,10,12,16,12,9,7,10,0,3,3,1,3,40,99,99,0,3,0,255,255,255,255,255,255,255,0,0,1,0,255,255,255,255,0,0,0,0,0,0,1,0,-1,-1,-1,-1,-1,-1,0,0,0,0,0,0,3,3,0,0,255,0,0,0,0,0,0,0,0,0,1,0,0,0,0,255,255,255,255,255,255,255,255,255,255,255,255,65000000,-1,-1,-1,-1,-1,-1,-1,-1,-1,-1,-1,-1,-1,[0|0|0|0|0|0|0|0|0|0|0|0]
4751,,0,14010000,14000000,31000000,14010000,-1,24000000,5000000,5000100,5000200,5000300,50000000,52000000,51000000,53000000,-1,-1,-1,-1,60000000,60010000,-1,-1,-1,-1,-1,-1,-1,-1,-1,-1,-1,1001,1051,130,300,1700,1400,900,-1,9500,-1,1,1,0,1,0,1,0,1,0,15,13,10,12,16,12,9,7,10,0,3,3,1,3,40,99,99,0,3,0,255,255,255,255,255,255,255,0,0,1,0,255,255,255,255,0,0,0,0,0,0,1,0,-1,-1,-1,-1,-1,-1,0,0,0,0,0,0,3,3,0,0,255,0,0,0,0,0,0,0,0,0,1,0,0,0,0,255,255,255,255,255,255,255,255,255,255,255,255,65000000,-1,-1,-1,-1,-1,-1,-1,-1,-1,-1,-1,-1,-1,[0|0|0|0|0|0|0|0|0|0|0|0]
4752,,0,14020000,14000000,31000000,14020000,-1,24000000,5000000,5000100,5000200,5000300,50000000,52000000,51000000,53000000,-1,-1,-1,-1,60000000,60010000,-1,-1,-1,-1,-1,-1,-1,-1,-1,-1,-1,1001,1051,130,300,1700,1400,900,-1,9500,-1,1,1,0,1,0,1,0,1,0,15,13,10,12,16,12,9,7,10,0,3,3,1,3,40,99,99,0,3,0,255,255,255,255,255,255,255,0,0,1,0,255,255,255,255,0,0,0,0,0,0,1,0,-1,-1,-1,-1,-1,-1,0,0,0,0,0,0,3,3,0,0,255,0,0,0,0,0,0,0,0,0,1,0,0,0,0,255,255,255,255,255,255,255,255,255,255,255,255,65000000,-1,-1,-1,-1,-1,-1,-1,-1,-1,-1,-1,-1,-1,[0|0|0|0|0|0|0|0|0|0|0|0]
4753,,0,14030000,14000000,31000000,14030000,-1,24000000,5000000,5000100,5000200,5000300,50000000,52000000,51000000,53000000,-1,-1,-1,-1,60000000,60010000,-1,-1,-1,-1,-1,-1,-1,-1,-1,-1,-1,1001,1051,130,300,1700,1400,900,-1,9500,-1,1,1,0,1,0,1,0,1,0,15,13,10,12,16,12,9,7,10,0,3,3,1,3,40,99,99,0,3,0,255,255,255,255,255,255,255,0,0,1,0,255,255,255,255,0,0,0,0,0,0,1,0,-1,-1,-1,-1,-1,-1,0,0,0,0,0,0,3,3,0,0,255,0,0,0,0,0,0,0,0,0,1,0,0,0,0,255,255,255,255,255,255,255,255,255,255,255,255,65000000,-1,-1,-1,-1,-1,-1,-1,-1,-1,-1,-1,-1,-1,[0|0|0|0|0|0|0|0|0|0|0|0]
4754,,0,14040000,14000000,31000000,14040000,-1,24000000,5000000,5000100,5000200,5000300,50000000,52000000,51000000,53000000,-1,-1,-1,-1,60000000,60010000,-1,-1,-1,-1,-1,-1,-1,-1,-1,-1,-1,1001,1051,130,300,1700,1400,900,-1,9500,-1,1,1,0,1,0,1,0,1,0,15,13,10,12,16,12,9,7,10,0,3,3,1,3,40,99,99,0,3,0,255,255,255,255,255,255,255,0,0,1,0,255,255,255,255,0,0,0,0,0,0,1,0,-1,-1,-1,-1,-1,-1,0,0,0,0,0,0,3,3,0,0,255,0,0,0,0,0,0,0,0,0,1,0,0,0,0,255,255,255,255,255,255,255,255,255,255,255,255,65000000,-1,-1,-1,-1,-1,-1,-1,-1,-1,-1,-1,-1,-1,[0|0|0|0|0|0|0|0|0|0|0|0]
4755,,0,14050000,14000000,31000000,14050000,-1,24000000,5000000,5000100,5000200,5000300,50000000,52000000,51000000,53000000,-1,-1,-1,-1,60000000,60010000,-1,-1,-1,-1,-1,-1,-1,-1,-1,-1,-1,1001,1051,130,300,1700,1400,900,-1,9500,-1,1,1,0,1,0,1,0,1,0,15,13,10,12,16,12,9,7,10,0,3,3,1,3,40,99,99,0,3,0,255,255,255,255,255,255,255,0,0,1,0,255,255,255,255,0,0,0,0,0,0,1,0,-1,-1,-1,-1,-1,-1,0,0,0,0,0,0,3,3,0,0,255,0,0,0,0,0,0,0,0,0,1,0,0,0,0,255,255,255,255,255,255,255,255,255,255,255,255,65000000,-1,-1,-1,-1,-1,-1,-1,-1,-1,-1,-1,-1,-1,[0|0|0|0|0|0|0|0|0|0|0|0]
4756,,0,14060000,14000000,31000000,14060000,-1,24000000,5000000,5000100,5000200,5000300,50000000,52000000,51000000,53000000,-1,-1,-1,-1,60000000,60010000,-1,-1,-1,-1,-1,-1,-1,-1,-1,-1,-1,1001,1051,130,300,1700,1400,900,-1,9500,-1,1,1,0,1,0,1,0,1,0,15,13,10,12,16,12,9,7,10,0,3,3,1,3,40,99,99,0,3,0,255,255,255,255,255,255,255,0,0,1,0,255,255,255,255,0,0,0,0,0,0,1,0,-1,-1,-1,-1,-1,-1,0,0,0,0,0,0,3,3,0,0,255,0,0,0,0,0,0,0,0,0,1,0,0,0,0,255,255,255,255,255,255,255,255,255,255,255,255,65000000,-1,-1,-1,-1,-1,-1,-1,-1,-1,-1,-1,-1,-1,[0|0|0|0|0|0|0|0|0|0|0|0]
4757,,0,14080000,14000000,31000000,14080000,-1,24000000,5000000,5000100,5000200,5000300,50000000,52000000,51000000,53000000,-1,-1,-1,-1,60000000,60010000,-1,-1,-1,-1,-1,-1,-1,-1,-1,-1,-1,1001,1051,130,300,1700,1400,900,-1,9500,-1,1,1,0,1,0,1,0,1,0,15,13,10,12,16,12,9,7,10,0,3,3,1,3,40,99,99,0,3,0,255,255,255,255,255,255,255,0,0,1,0,255,255,255,255,0,0,0,0,0,0,1,0,-1,-1,-1,-1,-1,-1,0,0,0,0,0,0,3,3,0,0,255,0,0,0,0,0,0,0,0,0,1,0,0,0,0,255,255,255,255,255,255,255,255,255,255,255,255,65000000,-1,-1,-1,-1,-1,-1,-1,-1,-1,-1,-1,-1,-1,[0|0|0|0|0|0|0|0|0|0|0|0]
4759,,0,14100000,14000000,31000000,14100000,-1,24000000,5000000,5000100,5000200,5000300,50000000,52000000,51000000,53000000,-1,-1,-1,-1,60000000,60010000,-1,-1,-1,-1,-1,-1,-1,-1,-1,-1,-1,1001,1051,130,300,1700,1400,900,-1,9500,-1,1,1,0,1,0,1,0,1,0,15,13,10,12,16,12,9,7,10,0,3,3,1,3,40,99,99,0,3,0,255,255,255,255,255,255,255,0,0,1,0,255,255,255,255,0,0,0,0,0,0,1,0,-1,-1,-1,-1,-1,-1,0,0,0,0,0,0,3,3,0,0,255,0,0,0,0,0,0,0,0,0,1,0,0,0,0,255,255,255,255,255,255,255,255,255,255,255,255,65000000,-1,-1,-1,-1,-1,-1,-1,-1,-1,-1,-1,-1,-1,[0|0|0|0|0|0|0|0|0|0|0|0]
4760,,0,14110000,14000000,31000000,14110000,-1,24000000,5000000,5000100,5000200,5000300,50000000,52000000,51000000,53000000,-1,-1,-1,-1,60000000,60010000,-1,-1,-1,-1,-1,-1,-1,-1,-1,-1,-1,1001,1051,130,300,1700,1400,900,-1,9500,-1,1,1,0,1,0,1,0,1,0,15,13,10,12,16,12,9,7,10,0,3,3,1,3,40,99,99,0,3,0,255,255,255,255,255,255,255,0,0,1,0,255,255,255,255,0,0,0,0,0,0,1,0,-1,-1,-1,-1,-1,-1,0,0,0,0,0,0,3,3,0,0,255,0,0,0,0,0,0,0,0,0,1,0,0,0,0,255,255,255,255,255,255,255,255,255,255,255,255,65000000,-1,-1,-1,-1,-1,-1,-1,-1,-1,-1,-1,-1,-1,[0|0|0|0|0|0|0|0|0|0|0|0]
4761,,0,14120000,14000000,31000000,14120000,-1,24000000,5000000,5000100,5000200,5000300,50000000,52000000,51000000,53000000,-1,-1,-1,-1,60000000,60010000,-1,-1,-1,-1,-1,-1,-1,-1,-1,-1,-1,1001,1051,130,300,1700,1400,900,-1,9500,-1,1,1,0,1,0,1,0,1,0,15,13,10,12,16,12,9,7,10,0,3,3,1,3,40,99,99,0,3,0,255,255,255,255,255,255,255,0,0,1,0,255,255,255,255,0,0,0,0,0,0,1,0,-1,-1,-1,-1,-1,-1,0,0,0,0,0,0,3,3,0,0,255,0,0,0,0,0,0,0,0,0,1,0,0,0,0,255,255,255,255,255,255,255,255,255,255,255,255,65000000,-1,-1,-1,-1,-1,-1,-1,-1,-1,-1,-1,-1,-1,[0|0|0|0|0|0|0|0|0|0|0|0]
4763,,0,14140000,14000000,31000000,14140000,-1,24000000,5000000,5000100,5000200,5000300,50000000,52000000,51000000,53000000,-1,-1,-1,-1,60000000,60010000,-1,-1,-1,-1,-1,-1,-1,-1,-1,-1,-1,1001,1051,130,300,1700,1400,900,-1,9500,-1,1,1,0,1,0,1,0,1,0,15,13,10,12,16,12,9,7,10,0,3,3,1,3,40,99,99,0,3,0,255,255,255,255,255,255,255,0,0,1,0,255,255,255,255,0,0,0,0,0,0,1,0,-1,-1,-1,-1,-1,-1,0,0,0,0,0,0,3,3,0,0,255,0,0,0,0,0,0,0,0,0,1,0,0,0,0,255,255,255,255,255,255,255,255,255,255,255,255,65000000,-1,-1,-1,-1,-1,-1,-1,-1,-1,-1,-1,-1,-1,[0|0|0|0|0|0|0|0|0|0|0|0]
4800,,0,15000000,15000000,31000000,15000000,-1,24000000,5000000,5000100,5000200,5000300,50000000,52000000,51000000,53000000,-1,-1,-1,-1,60000000,60010000,-1,-1,-1,-1,-1,-1,-1,-1,-1,-1,-1,1001,1051,130,300,1700,1400,900,-1,9500,-1,1,1,0,1,0,1,0,1,0,15,13,10,12,16,12,9,7,10,0,3,3,1,3,40,99,99,0,3,0,255,255,255,255,255,255,255,0,0,1,0,255,255,255,255,0,0,0,0,0,0,1,0,-1,-1,-1,-1,-1,-1,0,0,0,0,0,0,3,3,0,0,255,0,0,0,0,0,0,0,0,0,1,0,0,0,0,255,255,255,255,255,255,255,255,255,255,255,255,65000000,-1,-1,-1,-1,-1,-1,-1,-1,-1,-1,-1,-1,-1,[0|0|0|0|0|0|0|0|0|0|0|0]
4801,,0,15010000,15000000,31000000,15010000,-1,24000000,5000000,5000100,5000200,5000300,50000000,52000000,51000000,53000000,-1,-1,-1,-1,60000000,60010000,-1,-1,-1,-1,-1,-1,-1,-1,-1,-1,-1,1001,1051,130,300,1700,1400,900,-1,9500,-1,1,1,0,1,0,1,0,1,0,15,13,10,12,16,12,9,7,10,0,3,3,1,3,40,99,99,0,3,0,255,255,255,255,255,255,255,0,0,1,0,255,255,255,255,0,0,0,0,0,0,1,0,-1,-1,-1,-1,-1,-1,0,0,0,0,0,0,3,3,0,0,255,0,0,0,0,0,0,0,0,0,1,0,0,0,0,255,255,255,255,255,255,255,255,255,255,255,255,65000000,-1,-1,-1,-1,-1,-1,-1,-1,-1,-1,-1,-1,-1,[0|0|0|0|0|0|0|0|0|0|0|0]
4802,,0,15020000,15000000,31000000,15020000,-1,24000000,5000000,5000100,5000200,5000300,50000000,52000000,51000000,53000000,-1,-1,-1,-1,60000000,60010000,-1,-1,-1,-1,-1,-1,-1,-1,-1,-1,-1,1001,1051,130,300,1700,1400,900,-1,9500,-1,1,1,0,1,0,1,0,1,0,15,13,10,12,16,12,9,7,10,0,3,3,1,3,40,99,99,0,3,0,255,255,255,255,255,255,255,0,0,1,0,255,255,255,255,0,0,0,0,0,0,1,0,-1,-1,-1,-1,-1,-1,0,0,0,0,0,0,3,3,0,0,255,0,0,0,0,0,0,0,0,0,1,0,0,0,0,255,255,255,255,255,255,255,255,255,255,255,255,65000000,-1,-1,-1,-1,-1,-1,-1,-1,-1,-1,-1,-1,-1,[0|0|0|0|0|0|0|0|0|0|0|0]
4803,,0,15030000,15000000,31000000,15030000,-1,24000000,5000000,5000100,5000200,5000300,50000000,52000000,51000000,53000000,-1,-1,-1,-1,60000000,60010000,-1,-1,-1,-1,-1,-1,-1,-1,-1,-1,-1,1001,1051,130,300,1700,1400,900,-1,9500,-1,1,1,0,1,0,1,0,1,0,15,13,10,12,16,12,9,7,10,0,3,3,1,3,40,99,99,0,3,0,255,255,255,255,255,255,255,0,0,1,0,255,255,255,255,0,0,0,0,0,0,1,0,-1,-1,-1,-1,-1,-1,0,0,0,0,0,0,3,3,0,0,255,0,0,0,0,0,0,0,0,0,1,0,0,0,0,255,255,255,255,255,255,255,255,255,255,255,255,65000000,-1,-1,-1,-1,-1,-1,-1,-1,-1,-1,-1,-1,-1,[0|0|0|0|0|0|0|0|0|0|0|0]
4804,,0,15040000,15000000,31000000,15040000,-1,24000000,5000000,5000100,5000200,5000300,50000000,52000000,51000000,53000000,-1,-1,-1,-1,60000000,60010000,-1,-1,-1,-1,-1,-1,-1,-1,-1,-1,-1,1001,1051,130,300,1700,1400,900,-1,9500,-1,1,1,0,1,0,1,0,1,0,15,13,10,12,16,12,9,7,10,0,3,3,1,3,40,99,99,0,3,0,255,255,255,255,255,255,255,0,0,1,0,255,255,255,255,0,0,0,0,0,0,1,0,-1,-1,-1,-1,-1,-1,0,0,0,0,0,0,3,3,0,0,255,0,0,0,0,0,0,0,0,0,1,0,0,0,0,255,255,255,255,255,255,255,255,255,255,255,255,65000000,-1,-1,-1,-1,-1,-1,-1,-1,-1,-1,-1,-1,-1,[0|0|0|0|0|0|0|0|0|0|0|0]
4805,,0,15050000,15000000,31000000,15050000,-1,24000000,5000000,5000100,5000200,5000300,50000000,52000000,51000000,53000000,-1,-1,-1,-1,60000000,60010000,-1,-1,-1,-1,-1,-1,-1,-1,-1,-1,-1,1001,1051,130,300,1700,1400,900,-1,9500,-1,1,1,0,1,0,1,0,1,0,15,13,10,12,16,12,9,7,10,0,3,3,1,3,40,99,99,0,3,0,255,255,255,255,255,255,255,0,0,1,0,255,255,255,255,0,0,0,0,0,0,1,0,-1,-1,-1,-1,-1,-1,0,0,0,0,0,0,3,3,0,0,255,0,0,0,0,0,0,0,0,0,1,0,0,0,0,255,255,255,255,255,255,255,255,255,255,255,255,65000000,-1,-1,-1,-1,-1,-1,-1,-1,-1,-1,-1,-1,-1,[0|0|0|0|0|0|0|0|0|0|0|0]
4806,,0,15060000,15000000,31000000,15060000,-1,24000000,5000000,5000100,5000200,5000300,50000000,52000000,51000000,53000000,-1,-1,-1,-1,60000000,60010000,-1,-1,-1,-1,-1,-1,-1,-1,-1,-1,-1,1001,1051,130,300,1700,1400,900,-1,9500,-1,1,1,0,1,0,1,0,1,0,15,13,10,12,16,12,9,7,10,0,3,3,1,3,40,99,99,0,3,0,255,255,255,255,255,255,255,0,0,1,0,255,255,255,255,0,0,0,0,0,0,1,0,-1,-1,-1,-1,-1,-1,0,0,0,0,0,0,3,3,0,0,255,0,0,0,0,0,0,0,0,0,1,0,0,0,0,255,255,255,255,255,255,255,255,255,255,255,255,65000000,-1,-1,-1,-1,-1,-1,-1,-1,-1,-1,-1,-1,-1,[0|0|0|0|0|0|0|0|0|0|0|0]
4808,,0,15080000,15000000,31000000,15080000,-1,24000000,5000000,5000100,5000200,5000300,50000000,52000000,51000000,53000000,-1,-1,-1,-1,60000000,60010000,-1,-1,-1,-1,-1,-1,-1,-1,-1,-1,-1,1001,1051,130,300,1700,1400,900,-1,9500,-1,1,1,0,1,0,1,0,1,0,15,13,10,12,16,12,9,7,10,0,3,3,1,3,40,99,99,0,3,0,255,255,255,255,255,255,255,0,0,1,0,255,255,255,255,0,0,0,0,0,0,1,0,-1,-1,-1,-1,-1,-1,0,0,0,0,0,0,3,3,0,0,255,0,0,0,0,0,0,0,0,0,1,0,0,0,0,255,255,255,255,255,255,255,255,255,255,255,255,65000000,-1,-1,-1,-1,-1,-1,-1,-1,-1,-1,-1,-1,-1,[0|0|0|0|0|0|0|0|0|0|0|0]
4811,,0,15110000,15000000,31000000,15110000,-1,24000000,5000000,5000100,5000200,5000300,50000000,52000000,51000000,53000000,-1,-1,-1,-1,60000000,60010000,-1,-1,-1,-1,-1,-1,-1,-1,-1,-1,-1,1001,1051,130,300,1700,1400,900,-1,9500,-1,1,1,0,1,0,1,0,1,0,15,13,10,12,16,12,9,7,10,0,3,3,1,3,40,99,99,0,3,0,255,255,255,255,255,255,255,0,0,1,0,255,255,255,255,0,0,0,0,0,0,1,0,-1,-1,-1,-1,-1,-1,0,0,0,0,0,0,3,3,0,0,255,0,0,0,0,0,0,0,0,0,1,0,0,0,0,255,255,255,255,255,255,255,255,255,255,255,255,65000000,-1,-1,-1,-1,-1,-1,-1,-1,-1,-1,-1,-1,-1,[0|0|0|0|0|0|0|0|0|0|0|0]
4812,,0,15120000,15000000,31000000,15120000,-1,24000000,5000000,5000100,5000200,5000300,50000000,52000000,51000000,53000000,-1,-1,-1,-1,60000000,60010000,-1,-1,-1,-1,-1,-1,-1,-1,-1,-1,-1,1001,1051,130,300,1700,1400,900,-1,9500,-1,1,1,0,1,0,1,0,1,0,15,13,10,12,16,12,9,7,10,0,3,3,1,3,40,99,99,0,3,0,255,255,255,255,255,255,255,0,0,1,0,255,255,255,255,0,0,0,0,0,0,1,0,-1,-1,-1,-1,-1,-1,0,0,0,0,0,0,3,3,0,0,255,0,0,0,0,0,0,0,0,0,1,0,0,0,0,255,255,255,255,255,255,255,255,255,255,255,255,65000000,-1,-1,-1,-1,-1,-1,-1,-1,-1,-1,-1,-1,-1,[0|0|0|0|0|0|0|0|0|0|0|0]
4813,,0,15130000,15000000,31000000,15130000,-1,24000000,5000000,5000100,5000200,5000300,50000000,52000000,51000000,53000000,-1,-1,-1,-1,60000000,60010000,-1,-1,-1,-1,-1,-1,-1,-1,-1,-1,-1,1001,1051,130,300,1700,1400,900,-1,9500,-1,1,1,0,1,0,1,0,1,0,15,13,10,12,16,12,9,7,10,0,3,3,1,3,40,99,99,0,3,0,255,255,255,255,255,255,255,0,0,1,0,255,255,255,255,0,0,0,0,0,0,1,0,-1,-1,-1,-1,-1,-1,0,0,0,0,0,0,3,3,0,0,255,0,0,0,0,0,0,0,0,0,1,0,0,0,0,255,255,255,255,255,255,255,255,255,255,255,255,65000000,-1,-1,-1,-1,-1,-1,-1,-1,-1,-1,-1,-1,-1,[0|0|0|0|0|0|0|0|0|0|0|0]
4814,,0,15140000,15000000,31000000,15140000,-1,24000000,5000000,5000100,5000200,5000300,50000000,52000000,51000000,53000000,-1,-1,-1,-1,60000000,60010000,-1,-1,-1,-1,-1,-1,-1,-1,-1,-1,-1,1001,1051,130,300,1700,1400,900,-1,9500,-1,1,1,0,1,0,1,0,1,0,15,13,10,12,16,12,9,7,10,0,3,3,1,3,40,99,99,0,3,0,255,255,255,255,255,255,255,0,0,1,0,255,255,255,255,0,0,0,0,0,0,1,0,-1,-1,-1,-1,-1,-1,0,0,0,0,0,0,3,3,0,0,255,0,0,0,0,0,0,0,0,0,1,0,0,0,0,255,255,255,255,255,255,255,255,255,255,255,255,65000000,-1,-1,-1,-1,-1,-1,-1,-1,-1,-1,-1,-1,-1,[0|0|0|0|0|0|0|0|0|0|0|0]
4850,,0,23000000,23000000,31000000,23000000,-1,24000000,5000000,5000100,5000200,5000300,50000000,52000000,51000000,53000000,-1,-1,-1,-1,60000000,60010000,-1,-1,-1,-1,-1,-1,-1,-1,-1,-1,-1,1001,1051,130,300,1700,1400,900,-1,9500,-1,1,1,0,1,0,1,0,1,0,15,13,10,12,16,12,9,7,10,0,3,3,1,3,40,99,99,0,3,0,255,255,255,255,255,255,255,0,0,1,0,255,255,255,255,0,0,0,0,0,0,1,0,-1,-1,-1,-1,-1,-1,0,0,0,0,0,0,3,3,0,0,255,0,0,0,0,0,0,0,0,0,1,0,0,0,0,255,255,255,255,255,255,255,255,255,255,255,255,65000000,-1,-1,-1,-1,-1,-1,-1,-1,-1,-1,-1,-1,-1,[0|0|0|0|0|0|0|0|0|0|0|0]
4851,,0,23010000,23000000,31000000,23010000,-1,24000000,5000000,5000100,5000200,5000300,50000000,52000000,51000000,53000000,-1,-1,-1,-1,60000000,60010000,-1,-1,-1,-1,-1,-1,-1,-1,-1,-1,-1,1001,1051,130,300,1700,1400,900,-1,9500,-1,1,1,0,1,0,1,0,1,0,15,13,10,12,16,12,9,7,10,0,3,3,1,3,40,99,99,0,3,0,255,255,255,255,255,255,255,0,0,1,0,255,255,255,255,0,0,0,0,0,0,1,0,-1,-1,-1,-1,-1,-1,0,0,0,0,0,0,3,3,0,0,255,0,0,0,0,0,0,0,0,0,1,0,0,0,0,255,255,255,255,255,255,255,255,255,255,255,255,65000000,-1,-1,-1,-1,-1,-1,-1,-1,-1,-1,-1,-1,-1,[0|0|0|0|0|0|0|0|0|0|0|0]
4852,,0,23020000,23000000,31000000,23020000,-1,24000000,5000000,5000100,5000200,5000300,50000000,52000000,51000000,53000000,-1,-1,-1,-1,60000000,60010000,-1,-1,-1,-1,-1,-1,-1,-1,-1,-1,-1,1001,1051,130,300,1700,1400,900,-1,9500,-1,1,1,0,1,0,1,0,1,0,15,13,10,12,16,12,9,7,10,0,3,3,1,3,40,99,99,0,3,0,255,255,255,255,255,255,255,0,0,1,0,255,255,255,255,0,0,0,0,0,0,1,0,-1,-1,-1,-1,-1,-1,0,0,0,0,0,0,3,3,0,0,255,0,0,0,0,0,0,0,0,0,1,0,0,0,0,255,255,255,255,255,255,255,255,255,255,255,255,65000000,-1,-1,-1,-1,-1,-1,-1,-1,-1,-1,-1,-1,-1,[0|0|0|0|0|0|0|0|0|0|0|0]
4853,,0,23030000,23000000,31000000,23030000,-1,24000000,5000000,5000100,5000200,5000300,50000000,52000000,51000000,53000000,-1,-1,-1,-1,60000000,60010000,-1,-1,-1,-1,-1,-1,-1,-1,-1,-1,-1,1001,1051,130,300,1700,1400,900,-1,9500,-1,1,1,0,1,0,1,0,1,0,15,13,10,12,16,12,9,7,10,0,3,3,1,3,40,99,99,0,3,0,255,255,255,255,255,255,255,0,0,1,0,255,255,255,255,0,0,0,0,0,0,1,0,-1,-1,-1,-1,-1,-1,0,0,0,0,0,0,3,3,0,0,255,0,0,0,0,0,0,0,0,0,1,0,0,0,0,255,255,255,255,255,255,255,255,255,255,255,255,65000000,-1,-1,-1,-1,-1,-1,-1,-1,-1,-1,-1,-1,-1,[0|0|0|0|0|0|0|0|0|0|0|0]
4854,,0,23040000,23000000,31000000,23040000,-1,24000000,5000000,5000100,5000200,5000300,50000000,52000000,51000000,53000000,-1,-1,-1,-1,60000000,60010000,-1,-1,-1,-1,-1,-1,-1,-1,-1,-1,-1,1001,1051,130,300,1700,1400,900,-1,9500,-1,1,1,0,1,0,1,0,1,0,15,13,10,12,16,12,9,7,10,0,3,3,1,3,40,99,99,0,3,0,255,255,255,255,255,255,255,0,0,1,0,255,255,255,255,0,0,0,0,0,0,1,0,-1,-1,-1,-1,-1,-1,0,0,0,0,0,0,3,3,0,0,255,0,0,0,0,0,0,0,0,0,1,0,0,0,0,255,255,255,255,255,255,255,255,255,255,255,255,65000000,-1,-1,-1,-1,-1,-1,-1,-1,-1,-1,-1,-1,-1,[0|0|0|0|0|0|0|0|0|0|0|0]
4855,,0,23050000,23000000,31000000,23050000,-1,24000000,5000000,5000100,5000200,5000300,50000000,52000000,51000000,53000000,-1,-1,-1,-1,60000000,60010000,-1,-1,-1,-1,-1,-1,-1,-1,-1,-1,-1,1001,1051,130,300,1700,1400,900,-1,9500,-1,1,1,0,1,0,1,0,1,0,15,13,10,12,16,12,9,7,10,0,3,3,1,3,40,99,99,0,3,0,255,255,255,255,255,255,255,0,0,1,0,255,255,255,255,0,0,0,0,0,0,1,0,-1,-1,-1,-1,-1,-1,0,0,0,0,0,0,3,3,0,0,255,0,0,0,0,0,0,0,0,0,1,0,0,0,0,255,255,255,255,255,255,255,255,255,255,255,255,65000000,-1,-1,-1,-1,-1,-1,-1,-1,-1,-1,-1,-1,-1,[0|0|0|0|0|0|0|0|0|0|0|0]
4856,,0,23060000,23000000,31000000,23060000,-1,24000000,5000000,5000100,5000200,5000300,50000000,52000000,51000000,53000000,-1,-1,-1,-1,60000000,60010000,-1,-1,-1,-1,-1,-1,-1,-1,-1,-1,-1,1001,1051,130,300,1700,1400,900,-1,9500,-1,1,1,0,1,0,1,0,1,0,15,13,10,12,16,12,9,7,10,0,3,3,1,3,40,99,99,0,3,0,255,255,255,255,255,255,255,0,0,1,0,255,255,255,255,0,0,0,0,0,0,1,0,-1,-1,-1,-1,-1,-1,0,0,0,0,0,0,3,3,0,0,255,0,0,0,0,0,0,0,0,0,1,0,0,0,0,255,255,255,255,255,255,255,255,255,255,255,255,65000000,-1,-1,-1,-1,-1,-1,-1,-1,-1,-1,-1,-1,-1,[0|0|0|0|0|0|0|0|0|0|0|0]
4857,,0,23070000,23000000,31000000,23070000,-1,24000000,5000000,5000100,5000200,5000300,50000000,52000000,51000000,53000000,-1,-1,-1,-1,60000000,60010000,-1,-1,-1,-1,-1,-1,-1,-1,-1,-1,-1,1001,1051,130,300,1700,1400,900,-1,9500,-1,1,1,0,1,0,1,0,1,0,15,13,10,12,16,12,9,7,10,0,3,3,1,3,40,99,99,0,3,0,255,255,255,255,255,255,255,0,0,1,0,255,255,255,255,0,0,0,0,0,0,1,0,-1,-1,-1,-1,-1,-1,0,0,0,0,0,0,3,3,0,0,255,0,0,0,0,0,0,0,0,0,1,0,0,0,0,255,255,255,255,255,255,255,255,255,255,255,255,65000000,-1,-1,-1,-1,-1,-1,-1,-1,-1,-1,-1,-1,-1,[0|0|0|0|0|0|0|0|0|0|0|0]
4858,,0,23080000,23000000,31000000,23080000,-1,24000000,5000000,5000100,5000200,5000300,50000000,52000000,51000000,53000000,-1,-1,-1,-1,60000000,60010000,-1,-1,-1,-1,-1,-1,-1,-1,-1,-1,-1,1001,1051,130,300,1700,1400,900,-1,9500,-1,1,1,0,1,0,1,0,1,0,15,13,10,12,16,12,9,7,10,0,3,3,1,3,40,99,99,0,3,0,255,255,255,255,255,255,255,0,0,1,0,255,255,255,255,0,0,0,0,0,0,1,0,-1,-1,-1,-1,-1,-1,0,0,0,0,0,0,3,3,0,0,255,0,0,0,0,0,0,0,0,0,1,0,0,0,0,255,255,255,255,255,255,255,255,255,255,255,255,65000000,-1,-1,-1,-1,-1,-1,-1,-1,-1,-1,-1,-1,-1,[0|0|0|0|0|0|0|0|0|0|0|0]
4860,,0,23100000,23000000,31000000,23100000,-1,24000000,5000000,5000100,5000200,5000300,50000000,52000000,51000000,53000000,-1,-1,-1,-1,60000000,60010000,-1,-1,-1,-1,-1,-1,-1,-1,-1,-1,-1,1001,1051,130,300,1700,1400,900,-1,9500,-1,1,1,0,1,0,1,0,1,0,15,13,10,12,16,12,9,7,10,0,3,3,1,3,40,99,99,0,3,0,255,255,255,255,255,255,255,0,0,1,0,255,255,255,255,0,0,0,0,0,0,1,0,-1,-1,-1,-1,-1,-1,0,0,0,0,0,0,3,3,0,0,255,0,0,0,0,0,0,0,0,0,1,0,0,0,0,255,255,255,255,255,255,255,255,255,255,255,255,65000000,-1,-1,-1,-1,-1,-1,-1,-1,-1,-1,-1,-1,-1,[0|0|0|0|0|0|0|0|0|0|0|0]
4861,,0,23110000,23000000,31000000,23110000,-1,24000000,5000000,5000100,5000200,5000300,50000000,52000000,51000000,53000000,-1,-1,-1,-1,60000000,60010000,-1,-1,-1,-1,-1,-1,-1,-1,-1,-1,-1,1001,1051,130,300,1700,1400,900,-1,9500,-1,1,1,0,1,0,1,0,1,0,15,13,10,12,16,12,9,7,10,0,3,3,1,3,40,99,99,0,3,0,255,255,255,255,255,255,255,0,0,1,0,255,255,255,255,0,0,0,0,0,0,1,0,-1,-1,-1,-1,-1,-1,0,0,0,0,0,0,3,3,0,0,255,0,0,0,0,0,0,0,0,0,1,0,0,0,0,255,255,255,255,255,255,255,255,255,255,255,255,65000000,-1,-1,-1,-1,-1,-1,-1,-1,-1,-1,-1,-1,-1,[0|0|0|0|0|0|0|0|0|0|0|0]
4862,,0,23120000,23000000,31000000,23120000,-1,24000000,5000000,5000100,5000200,5000300,50000000,52000000,51000000,53000000,-1,-1,-1,-1,60000000,60010000,-1,-1,-1,-1,-1,-1,-1,-1,-1,-1,-1,1001,1051,130,300,1700,1400,900,-1,9500,-1,1,1,0,1,0,1,0,1,0,15,13,10,12,16,12,9,7,10,0,3,3,1,3,40,99,99,0,3,0,255,255,255,255,255,255,255,0,0,1,0,255,255,255,255,0,0,0,0,0,0,1,0,-1,-1,-1,-1,-1,-1,0,0,0,0,0,0,3,3,0,0,255,0,0,0,0,0,0,0,0,0,1,0,0,0,0,255,255,255,255,255,255,255,255,255,255,255,255,65000000,-1,-1,-1,-1,-1,-1,-1,-1,-1,-1,-1,-1,-1,[0|0|0|0|0|0|0|0|0|0|0|0]
4863,,0,23150000,23000000,31000000,23150000,-1,24000000,5000000,5000100,5000200,5000300,50000000,52000000,51000000,53000000,-1,-1,-1,-1,60000000,60010000,-1,-1,-1,-1,-1,-1,-1,-1,-1,-1,-1,1001,1051,130,300,1700,1400,900,-1,9500,-1,1,1,0,1,0,1,0,1,0,15,13,10,12,16,12,9,7,10,0,3,3,1,3,40,99,99,0,3,0,255,255,255,255,255,255,255,0,0,1,0,255,255,255,255,0,0,0,0,0,0,1,0,-1,-1,-1,-1,-1,-1,0,0,0,0,0,0,3,3,0,0,255,0,0,0,0,0,0,0,0,0,1,0,0,0,0,255,255,255,255,255,255,255,255,255,255,255,255,65000000,-1,-1,-1,-1,-1,-1,-1,-1,-1,-1,-1,-1,-1,[0|0|0|0|0|0|0|0|0|0|0|0]
4864,,0,23140000,23000000,31000000,23140000,-1,24000000,5000000,5000100,5000200,5000300,50000000,52000000,51000000,53000000,-1,-1,-1,-1,60000000,60010000,-1,-1,-1,-1,-1,-1,-1,-1,-1,-1,-1,1001,1051,130,300,1700,1400,900,-1,9500,-1,1,1,0,1,0,1,0,1,0,15,13,10,12,16,12,9,7,10,0,3,3,1,3,40,99,99,0,3,0,255,255,255,255,255,255,255,0,0,1,0,255,255,255,255,0,0,0,0,0,0,1,0,-1,-1,-1,-1,-1,-1,0,0,0,0,0,0,3,3,0,0,255,0,0,0,0,0,0,0,0,0,1,0,0,0,0,255,255,255,255,255,255,255,255,255,255,255,255,65000000,-1,-1,-1,-1,-1,-1,-1,-1,-1,-1,-1,-1,-1,[0|0|0|0|0|0|0|0|0|0|0|0]
4865,,0,23130000,23000000,31000000,23130000,-1,24000000,5000000,5000100,5000200,5000300,50000000,52000000,51000000,53000000,-1,-1,-1,-1,60000000,60010000,-1,-1,-1,-1,-1,-1,-1,-1,-1,-1,-1,1001,1051,130,300,1700,1400,900,-1,9500,-1,1,1,0,1,0,1,0,1,0,15,13,10,12,16,12,9,7,10,0,3,3,1,3,40,99,99,0,3,0,255,255,255,255,255,255,255,0,0,1,0,255,255,255,255,0,0,0,0,0,0,1,0,-1,-1,-1,-1,-1,-1,0,0,0,0,0,0,3,3,0,0,255,0,0,0,0,0,0,0,0,0,1,0,0,0,0,255,255,255,255,255,255,255,255,255,255,255,255,65000000,-1,-1,-1,-1,-1,-1,-1,-1,-1,-1,-1,-1,-1,[0|0|0|0|0|0|0|0|0|0|0|0]
4900,,0,16000000,16000000,31000000,16000000,-1,24000000,5000000,5000100,5000200,5000300,50000000,52000000,51000000,53000000,-1,-1,-1,-1,60000000,60010000,-1,-1,-1,-1,-1,-1,-1,-1,-1,-1,-1,1001,1051,130,300,1700,1400,900,-1,9500,-1,1,1,0,1,0,1,0,1,0,15,13,10,12,16,12,9,7,10,0,3,3,1,3,40,99,99,0,3,0,255,255,255,255,255,255,255,0,0,1,0,255,255,255,255,0,0,0,0,0,0,1,0,-1,-1,-1,-1,-1,-1,0,0,0,0,0,0,3,3,0,0,255,0,0,0,0,0,0,0,0,0,1,0,0,0,0,255,255,255,255,255,255,255,255,255,255,255,255,65000000,-1,-1,-1,-1,-1,-1,-1,-1,-1,-1,-1,-1,-1,[0|0|0|0|0|0|0|0|0|0|0|0]
4901,,0,16010000,16000000,31000000,16010000,-1,24000000,5000000,5000100,5000200,5000300,50000000,52000000,51000000,53000000,-1,-1,-1,-1,60000000,60010000,-1,-1,-1,-1,-1,-1,-1,-1,-1,-1,-1,1001,1051,130,300,1700,1400,900,-1,9500,-1,1,1,0,1,0,1,0,1,0,15,13,10,12,16,12,9,7,10,0,3,3,1,3,40,99,99,0,3,0,255,255,255,255,255,255,255,0,0,1,0,255,255,255,255,0,0,0,0,0,0,1,0,-1,-1,-1,-1,-1,-1,0,0,0,0,0,0,3,3,0,0,255,0,0,0,0,0,0,0,0,0,1,0,0,0,0,255,255,255,255,255,255,255,255,255,255,255,255,65000000,-1,-1,-1,-1,-1,-1,-1,-1,-1,-1,-1,-1,-1,[0|0|0|0|0|0|0|0|0|0|0|0]
4902,,0,16020000,16000000,31000000,16020000,-1,24000000,5000000,5000100,5000200,5000300,50000000,52000000,51000000,53000000,-1,-1,-1,-1,60000000,60010000,-1,-1,-1,-1,-1,-1,-1,-1,-1,-1,-1,1001,1051,130,300,1700,1400,900,-1,9500,-1,1,1,0,1,0,1,0,1,0,15,13,10,12,16,12,9,7,10,0,3,3,1,3,40,99,99,0,3,0,255,255,255,255,255,255,255,0,0,1,0,255,255,255,255,0,0,0,0,0,0,1,0,-1,-1,-1,-1,-1,-1,0,0,0,0,0,0,3,3,0,0,255,0,0,0,0,0,0,0,0,0,1,0,0,0,0,255,255,255,255,255,255,255,255,255,255,255,255,65000000,-1,-1,-1,-1,-1,-1,-1,-1,-1,-1,-1,-1,-1,[0|0|0|0|0|0|0|0|0|0|0|0]
4903,,0,16030000,16000000,31000000,16030000,-1,24000000,5000000,5000100,5000200,5000300,50000000,52000000,51000000,53000000,-1,-1,-1,-1,60000000,60010000,-1,-1,-1,-1,-1,-1,-1,-1,-1,-1,-1,1001,1051,130,300,1700,1400,900,-1,9500,-1,1,1,0,1,0,1,0,1,0,15,13,10,12,16,12,9,7,10,0,3,3,1,3,40,99,99,0,3,0,255,255,255,255,255,255,255,0,0,1,0,255,255,255,255,0,0,0,0,0,0,1,0,-1,-1,-1,-1,-1,-1,0,0,0,0,0,0,3,3,0,0,255,0,0,0,0,0,0,0,0,0,1,0,0,0,0,255,255,255,255,255,255,255,255,255,255,255,255,65000000,-1,-1,-1,-1,-1,-1,-1,-1,-1,-1,-1,-1,-1,[0|0|0|0|0|0|0|0|0|0|0|0]
4904,,0,16040000,16000000,31000000,16040000,-1,24000000,5000000,5000100,5000200,5000300,50000000,52000000,51000000,53000000,-1,-1,-1,-1,60000000,60010000,-1,-1,-1,-1,-1,-1,-1,-1,-1,-1,-1,1001,1051,130,300,1700,1400,900,-1,9500,-1,1,1,0,1,0,1,0,1,0,15,13,10,12,16,12,9,7,10,0,3,3,1,3,40,99,99,0,3,0,255,255,255,255,255,255,255,0,0,1,0,255,255,255,255,0,0,0,0,0,0,1,0,-1,-1,-1,-1,-1,-1,0,0,0,0,0,0,3,3,0,0,255,0,0,0,0,0,0,0,0,0,1,0,0,0,0,255,255,255,255,255,255,255,255,255,255,255,255,65000000,-1,-1,-1,-1,-1,-1,-1,-1,-1,-1,-1,-1,-1,[0|0|0|0|0|0|0|0|0|0|0|0]
4905,,0,16050000,16000000,31000000,16050000,-1,24000000,5000000,5000100,5000200,5000300,50000000,52000000,51000000,53000000,-1,-1,-1,-1,60000000,60010000,-1,-1,-1,-1,-1,-1,-1,-1,-1,-1,-1,1001,1051,130,300,1700,1400,900,-1,9500,-1,1,1,0,1,0,1,0,1,0,15,13,10,12,16,12,9,7,10,0,3,3,1,3,40,99,99,0,3,0,255,255,255,255,255,255,255,0,0,1,0,255,255,255,255,0,0,0,0,0,0,1,0,-1,-1,-1,-1,-1,-1,0,0,0,0,0,0,3,3,0,0,255,0,0,0,0,0,0,0,0,0,1,0,0,0,0,255,255,255,255,255,255,255,255,255,255,255,255,65000000,-1,-1,-1,-1,-1,-1,-1,-1,-1,-1,-1,-1,-1,[0|0|0|0|0|0|0|0|0|0|0|0]
4906,,0,16060000,16000000,31000000,16060000,-1,24000000,5000000,5000100,5000200,5000300,50000000,52000000,51000000,53000000,-1,-1,-1,-1,60000000,60010000,-1,-1,-1,-1,-1,-1,-1,-1,-1,-1,-1,1001,1051,130,300,1700,1400,900,-1,9500,-1,1,1,0,1,0,1,0,1,0,15,13,10,12,16,12,9,7,10,0,3,3,1,3,40,99,99,0,3,0,255,255,255,255,255,255,255,0,0,1,0,255,255,255,255,0,0,0,0,0,0,1,0,-1,-1,-1,-1,-1,-1,0,0,0,0,0,0,3,3,0,0,255,0,0,0,0,0,0,0,0,0,1,0,0,0,0,255,255,255,255,255,255,255,255,255,255,255,255,65000000,-1,-1,-1,-1,-1,-1,-1,-1,-1,-1,-1,-1,-1,[0|0|0|0|0|0|0|0|0|0|0|0]
4907,,0,16070000,16000000,31000000,16070000,-1,24000000,5000000,5000100,5000200,5000300,50000000,52000000,51000000,53000000,-1,-1,-1,-1,60000000,60010000,-1,-1,-1,-1,-1,-1,-1,-1,-1,-1,-1,1001,1051,130,300,1700,1400,900,-1,9500,-1,1,1,0,1,0,1,0,1,0,15,13,10,12,16,12,9,7,10,0,3,3,1,3,40,99,99,0,3,0,255,255,255,255,255,255,255,0,0,1,0,255,255,255,255,0,0,0,0,0,0,1,0,-1,-1,-1,-1,-1,-1,0,0,0,0,0,0,3,3,0,0,255,0,0,0,0,0,0,0,0,0,1,0,0,0,0,255,255,255,255,255,255,255,255,255,255,255,255,65000000,-1,-1,-1,-1,-1,-1,-1,-1,-1,-1,-1,-1,-1,[0|0|0|0|0|0|0|0|0|0|0|0]
4908,,0,16080000,16000000,31000000,16080000,-1,24000000,5000000,5000100,5000200,5000300,50000000,52000000,51000000,53000000,-1,-1,-1,-1,60000000,60010000,-1,-1,-1,-1,-1,-1,-1,-1,-1,-1,-1,1001,1051,130,300,1700,1400,900,-1,9500,-1,1,1,0,1,0,1,0,1,0,15,13,10,12,16,12,9,7,10,0,3,3,1,3,40,99,99,0,3,0,255,255,255,255,255,255,255,0,0,1,0,255,255,255,255,0,0,0,0,0,0,1,0,-1,-1,-1,-1,-1,-1,0,0,0,0,0,0,3,3,0,0,255,0,0,0,0,0,0,0,0,0,1,0,0,0,0,255,255,255,255,255,255,255,255,255,255,255,255,65000000,-1,-1,-1,-1,-1,-1,-1,-1,-1,-1,-1,-1,-1,[0|0|0|0|0|0|0|0|0|0|0|0]
4909,,0,16090000,16000000,31000000,16090000,-1,24000000,5000000,5000100,5000200,5000300,50000000,52000000,51000000,53000000,-1,-1,-1,-1,60000000,60010000,-1,-1,-1,-1,-1,-1,-1,-1,-1,-1,-1,1001,1051,130,300,1700,1400,900,-1,9500,-1,1,1,0,1,0,1,0,1,0,15,13,10,12,16,12,9,7,10,0,3,3,1,3,40,99,99,0,3,0,255,255,255,255,255,255,255,0,0,1,0,255,255,255,255,0,0,0,0,0,0,1,0,-1,-1,-1,-1,-1,-1,0,0,0,0,0,0,3,3,0,0,255,0,0,0,0,0,0,0,0,0,1,0,0,0,0,255,255,255,255,255,255,255,255,255,255,255,255,65000000,-1,-1,-1,-1,-1,-1,-1,-1,-1,-1,-1,-1,-1,[0|0|0|0|0|0|0|0|0|0|0|0]
4911,,0,16110000,16000000,31000000,16110000,-1,24000000,5000000,5000100,5000200,5000300,50000000,52000000,51000000,53000000,-1,-1,-1,-1,60000000,60010000,-1,-1,-1,-1,-1,-1,-1,-1,-1,-1,-1,1001,1051,130,300,1700,1400,900,-1,9500,-1,1,1,0,1,0,1,0,1,0,15,13,10,12,16,12,9,7,10,0,3,3,1,3,40,99,99,0,3,0,255,255,255,255,255,255,255,0,0,1,0,255,255,255,255,0,0,0,0,0,0,1,0,-1,-1,-1,-1,-1,-1,0,0,0,0,0,0,3,3,0,0,255,0,0,0,0,0,0,0,0,0,1,0,0,0,0,255,255,255,255,255,255,255,255,255,255,255,255,65000000,-1,-1,-1,-1,-1,-1,-1,-1,-1,-1,-1,-1,-1,[0|0|0|0|0|0|0|0|0|0|0|0]
4912,,0,16120000,16000000,31000000,16120000,-1,24000000,5000000,5000100,5000200,5000300,50000000,52000000,51000000,53000000,-1,-1,-1,-1,60000000,60010000,-1,-1,-1,-1,-1,-1,-1,-1,-1,-1,-1,1001,1051,130,300,1700,1400,900,-1,9500,-1,1,1,0,1,0,1,0,1,0,15,13,10,12,16,12,9,7,10,0,3,3,1,3,40,99,99,0,3,0,255,255,255,255,255,255,255,0,0,1,0,255,255,255,255,0,0,0,0,0,0,1,0,-1,-1,-1,-1,-1,-1,0,0,0,0,0,0,3,3,0,0,255,0,0,0,0,0,0,0,0,0,1,0,0,0,0,255,255,255,255,255,255,255,255,255,255,255,255,65000000,-1,-1,-1,-1,-1,-1,-1,-1,-1,-1,-1,-1,-1,[0|0|0|0|0|0|0|0|0|0|0|0]
4913,,0,16130000,16000000,31000000,16130000,-1,24000000,5000000,5000100,5000200,5000300,50000000,52000000,51000000,53000000,-1,-1,-1,-1,60000000,60010000,-1,-1,-1,-1,-1,-1,-1,-1,-1,-1,-1,1001,1051,130,300,1700,1400,900,-1,9500,-1,1,1,0,1,0,1,0,1,0,15,13,10,12,16,12,9,7,10,0,3,3,1,3,40,99,99,0,3,0,255,255,255,255,255,255,255,0,0,1,0,255,255,255,255,0,0,0,0,0,0,1,0,-1,-1,-1,-1,-1,-1,0,0,0,0,0,0,3,3,0,0,255,0,0,0,0,0,0,0,0,0,1,0,0,0,0,255,255,255,255,255,255,255,255,255,255,255,255,65000000,-1,-1,-1,-1,-1,-1,-1,-1,-1,-1,-1,-1,-1,[0|0|0|0|0|0|0|0|0|0|0|0]
4914,,0,16140000,16000000,31000000,16140000,-1,24000000,5000000,5000100,5000200,5000300,50000000,52000000,51000000,53000000,-1,-1,-1,-1,60000000,60010000,-1,-1,-1,-1,-1,-1,-1,-1,-1,-1,-1,1001,1051,130,300,1700,1400,900,-1,9500,-1,1,1,0,1,0,1,0,1,0,15,13,10,12,16,12,9,7,10,0,3,3,1,3,40,99,99,0,3,0,255,255,255,255,255,255,255,0,0,1,0,255,255,255,255,0,0,0,0,0,0,1,0,-1,-1,-1,-1,-1,-1,0,0,0,0,0,0,3,3,0,0,255,0,0,0,0,0,0,0,0,0,1,0,0,0,0,255,255,255,255,255,255,255,255,255,255,255,255,65000000,-1,-1,-1,-1,-1,-1,-1,-1,-1,-1,-1,-1,-1,[0|0|0|0|0|0|0|0|0|0|0|0]
4915,,0,16150000,16000000,31000000,16150000,-1,24000000,5000000,5000100,5000200,5000300,50000000,52000000,51000000,53000000,-1,-1,-1,-1,60000000,60010000,-1,-1,-1,-1,-1,-1,-1,-1,-1,-1,-1,1001,1051,130,300,1700,1400,900,-1,9500,-1,1,1,0,1,0,1,0,1,0,15,13,10,12,16,12,9,7,10,0,3,3,1,3,40,99,99,0,3,0,255,255,255,255,255,255,255,0,0,1,0,255,255,255,255,0,0,0,0,0,0,1,0,-1,-1,-1,-1,-1,-1,0,0,0,0,0,0,3,3,0,0,255,0,0,0,0,0,0,0,0,0,1,0,0,0,0,255,255,255,255,255,255,255,255,255,255,255,255,65000000,-1,-1,-1,-1,-1,-1,-1,-1,-1,-1,-1,-1,-1,[0|0|0|0|0|0|0|0|0|0|0|0]
4916,,0,16160000,16000000,16160000,16150000,-1,24000000,5000000,5000100,5000200,5000300,50000000,52000000,51000000,53000000,-1,-1,-1,-1,60000000,60010000,-1,-1,-1,-1,-1,-1,-1,-1,-1,-1,-1,1001,1051,130,300,1700,1400,900,-1,9500,-1,1,1,0,1,0,1,0,1,0,15,13,10,12,16,12,9,7,10,0,3,3,1,3,40,99,99,0,3,0,255,255,255,255,255,255,255,0,0,1,0,255,255,255,255,0,0,0,0,0,0,1,0,-1,-1,-1,-1,-1,-1,0,0,0,0,0,0,3,3,0,0,255,0,0,0,0,0,0,0,0,0,1,0,0,0,0,255,255,255,255,255,255,255,255,255,255,255,255,65000000,-1,-1,-1,-1,-1,-1,-1,-1,-1,-1,-1,-1,-1,[0|0|0|0|0|0|0|0|0|0|0|0]
4951,,0,17010000,17000000,31000000,17010000,-1,24000000,5000000,5000100,5000200,5000300,50000000,52000000,51000000,53000000,-1,-1,-1,-1,60000000,60010000,-1,-1,-1,-1,-1,-1,-1,-1,-1,-1,-1,1001,1051,130,300,1700,1400,900,-1,9500,-1,1,1,0,1,0,1,0,1,0,15,13,10,12,16,12,9,7,10,0,3,3,1,3,40,99,99,0,3,0,255,255,255,255,255,255,255,0,0,1,0,255,255,255,255,0,0,0,0,0,0,1,0,-1,-1,-1,-1,-1,-1,0,0,0,0,0,0,3,3,0,0,255,0,0,0,0,0,0,0,0,0,1,0,0,0,0,255,255,255,255,255,255,255,255,255,255,255,255,65000000,-1,-1,-1,-1,-1,-1,-1,-1,-1,-1,-1,-1,-1,[0|0|0|0|0|0|0|0|0|0|0|0]
4952,,0,17020000,17000000,31000000,17020000,-1,24000000,5000000,5000100,5000200,5000300,50000000,52000000,51000000,53000000,-1,-1,-1,-1,60000000,60010000,-1,-1,-1,-1,-1,-1,-1,-1,-1,-1,-1,1001,1051,130,300,1700,1400,900,-1,9500,-1,1,1,0,1,0,1,0,1,0,15,13,10,12,16,12,9,7,10,0,3,3,1,3,40,99,99,0,3,0,255,255,255,255,255,255,255,0,0,1,0,255,255,255,255,0,0,0,0,0,0,1,0,-1,-1,-1,-1,-1,-1,0,0,0,0,0,0,3,3,0,0,255,0,0,0,0,0,0,0,0,0,1,0,0,0,0,255,255,255,255,255,255,255,255,255,255,255,255,65000000,-1,-1,-1,-1,-1,-1,-1,-1,-1,-1,-1,-1,-1,[0|0|0|0|0|0|0|0|0|0|0|0]
4953,,0,17030000,17000000,31000000,17030000,-1,24000000,5000000,5000100,5000200,5000300,50000000,52000000,51000000,53000000,-1,-1,-1,-1,60000000,60010000,-1,-1,-1,-1,-1,-1,-1,-1,-1,-1,-1,1001,1051,130,300,1700,1400,900,-1,9500,-1,1,1,0,1,0,1,0,1,0,15,13,10,12,16,12,9,7,10,0,3,3,1,3,40,99,99,0,3,0,255,255,255,255,255,255,255,0,0,1,0,255,255,255,255,0,0,0,0,0,0,1,0,-1,-1,-1,-1,-1,-1,0,0,0,0,0,0,3,3,0,0,255,0,0,0,0,0,0,0,0,0,1,0,0,0,0,255,255,255,255,255,255,255,255,255,255,255,255,65000000,-1,-1,-1,-1,-1,-1,-1,-1,-1,-1,-1,-1,-1,[0|0|0|0|0|0|0|0|0|0|0|0]
4955,,0,17050000,17000000,31000000,17050000,-1,24000000,5000000,5000100,5000200,5000300,50000000,52000000,51000000,53000000,-1,-1,-1,-1,60000000,60010000,-1,-1,-1,-1,-1,-1,-1,-1,-1,-1,-1,1001,1051,130,300,1700,1400,900,-1,9500,-1,1,1,0,1,0,1,0,1,0,15,13,10,12,16,12,9,7,10,0,3,3,1,3,40,99,99,0,3,0,255,255,255,255,255,255,255,0,0,1,0,255,255,255,255,0,0,0,0,0,0,1,0,-1,-1,-1,-1,-1,-1,0,0,0,0,0,0,3,3,0,0,255,0,0,0,0,0,0,0,0,0,1,0,0,0,0,255,255,255,255,255,255,255,255,255,255,255,255,65000000,-1,-1,-1,-1,-1,-1,-1,-1,-1,-1,-1,-1,-1,[0|0|0|0|0|0|0|0|0|0|0|0]
4956,,0,17060000,17000000,31000000,17060000,-1,24000000,5000000,5000100,5000200,5000300,50000000,52000000,51000000,53000000,-1,-1,-1,-1,60000000,60010000,-1,-1,-1,-1,-1,-1,-1,-1,-1,-1,-1,1001,1051,130,300,1700,1400,900,-1,9500,-1,1,1,0,1,0,1,0,1,0,15,13,10,12,16,12,9,7,10,0,3,3,1,3,40,99,99,0,3,0,255,255,255,255,255,255,255,0,0,1,0,255,255,255,255,0,0,0,0,0,0,1,0,-1,-1,-1,-1,-1,-1,0,0,0,0,0,0,3,3,0,0,255,0,0,0,0,0,0,0,0,0,1,0,0,0,0,255,255,255,255,255,255,255,255,255,255,255,255,65000000,-1,-1,-1,-1,-1,-1,-1,-1,-1,-1,-1,-1,-1,[0|0|0|0|0|0|0|0|0|0|0|0]
4957,,0,17070000,17000000,31000000,17070000,-1,24000000,5000000,5000100,5000200,5000300,50000000,52000000,51000000,53000000,-1,-1,-1,-1,60000000,60010000,-1,-1,-1,-1,-1,-1,-1,-1,-1,-1,-1,1001,1051,130,300,1700,1400,900,-1,9500,-1,1,1,0,1,0,1,0,1,0,15,13,10,12,16,12,9,7,10,0,3,3,1,3,40,99,99,0,3,0,255,255,255,255,255,255,255,0,0,1,0,255,255,255,255,0,0,0,0,0,0,1,0,-1,-1,-1,-1,-1,-1,0,0,0,0,0,0,3,3,0,0,255,0,0,0,0,0,0,0,0,0,1,0,0,0,0,255,255,255,255,255,255,255,255,255,255,255,255,65000000,-1,-1,-1,-1,-1,-1,-1,-1,-1,-1,-1,-1,-1,[0|0|0|0|0|0|0|0|0|0|0|0]
5000,,0,18000000,18000000,31000000,18000000,-1,24000000,5000000,5000100,5000200,5000300,50000000,52000000,51000000,53000000,-1,-1,-1,-1,60000000,60010000,-1,-1,-1,-1,-1,-1,-1,-1,-1,-1,-1,1001,1051,130,300,1700,1400,900,-1,9500,-1,1,1,0,1,0,1,0,1,0,15,13,10,12,16,12,9,7,10,0,3,3,1,3,40,99,99,0,3,0,255,255,255,255,255,255,255,0,0,1,0,255,255,255,255,0,0,0,0,0,0,1,0,-1,-1,-1,-1,-1,-1,0,0,0,0,0,0,3,3,0,0,255,0,0,0,0,0,0,0,0,0,1,0,0,0,0,255,255,255,255,255,255,255,255,255,255,255,255,65000000,-1,-1,-1,-1,-1,-1,-1,-1,-1,-1,-1,-1,-1,[0|0|0|0|0|0|0|0|0|0|0|0]
5001,,0,18010000,18000000,31000000,18010000,-1,24000000,5000000,5000100,5000200,5000300,50000000,52000000,51000000,53000000,-1,-1,-1,-1,60000000,60010000,-1,-1,-1,-1,-1,-1,-1,-1,-1,-1,-1,1001,1051,130,300,1700,1400,900,-1,9500,-1,1,1,0,1,0,1,0,1,0,15,13,10,12,16,12,9,7,10,0,3,3,1,3,40,99,99,0,3,0,255,255,255,255,255,255,255,0,0,1,0,255,255,255,255,0,0,0,0,0,0,1,0,-1,-1,-1,-1,-1,-1,0,0,0,0,0,0,3,3,0,0,255,0,0,0,0,0,0,0,0,0,1,0,0,0,0,255,255,255,255,255,255,255,255,255,255,255,255,65000000,-1,-1,-1,-1,-1,-1,-1,-1,-1,-1,-1,-1,-1,[0|0|0|0|0|0|0|0|0|0|0|0]
5002,,0,18020000,18000000,31000000,18020000,-1,24000000,5000000,5000100,5000200,5000300,50000000,52000000,51000000,53000000,-1,-1,-1,-1,60000000,60010000,-1,-1,-1,-1,-1,-1,-1,-1,-1,-1,-1,1001,1051,130,300,1700,1400,900,-1,9500,-1,1,1,0,1,0,1,0,1,0,15,13,10,12,16,12,9,7,10,0,3,3,1,3,40,99,99,0,3,0,255,255,255,255,255,255,255,0,0,1,0,255,255,255,255,0,0,0,0,0,0,1,0,-1,-1,-1,-1,-1,-1,0,0,0,0,0,0,3,3,0,0,255,0,0,0,0,0,0,0,0,0,1,0,0,0,0,255,255,255,255,255,255,255,255,255,255,255,255,65000000,-1,-1,-1,-1,-1,-1,-1,-1,-1,-1,-1,-1,-1,[0|0|0|0|0|0|0|0|0|0|0|0]
5003,,0,18030000,18000000,31000000,18030000,-1,24000000,5000000,5000100,5000200,5000300,50000000,52000000,51000000,53000000,-1,-1,-1,-1,60000000,60010000,-1,-1,-1,-1,-1,-1,-1,-1,-1,-1,-1,1001,1051,130,300,1700,1400,900,-1,9500,-1,1,1,0,1,0,1,0,1,0,15,13,10,12,16,12,9,7,10,0,3,3,1,3,40,99,99,0,3,0,255,255,255,255,255,255,255,0,0,1,0,255,255,255,255,0,0,0,0,0,0,1,0,-1,-1,-1,-1,-1,-1,0,0,0,0,0,0,3,3,0,0,255,0,0,0,0,0,0,0,0,0,1,0,0,0,0,255,255,255,255,255,255,255,255,255,255,255,255,65000000,-1,-1,-1,-1,-1,-1,-1,-1,-1,-1,-1,-1,-1,[0|0|0|0|0|0|0|0|0|0|0|0]
5004,,0,18040000,18000000,31000000,18040000,-1,24000000,5000000,5000100,5000200,5000300,50000000,52000000,51000000,53000000,-1,-1,-1,-1,60000000,60010000,-1,-1,-1,-1,-1,-1,-1,-1,-1,-1,-1,1001,1051,130,300,1700,1400,900,-1,9500,-1,1,1,0,1,0,1,0,1,0,15,13,10,12,16,12,9,7,10,0,3,3,1,3,40,99,99,0,3,0,255,255,255,255,255,255,255,0,0,1,0,255,255,255,255,0,0,0,0,0,0,1,0,-1,-1,-1,-1,-1,-1,0,0,0,0,0,0,3,3,0,0,255,0,0,0,0,0,0,0,0,0,1,0,0,0,0,255,255,255,255,255,255,255,255,255,255,255,255,65000000,-1,-1,-1,-1,-1,-1,-1,-1,-1,-1,-1,-1,-1,[0|0|0|0|0|0|0|0|0|0|0|0]
5005,,0,18050000,18000000,31000000,18050000,-1,24000000,5000000,5000100,5000200,5000300,50000000,52000000,51000000,53000000,-1,-1,-1,-1,60000000,60010000,-1,-1,-1,-1,-1,-1,-1,-1,-1,-1,-1,1001,1051,130,300,1700,1400,900,-1,9500,-1,1,1,0,1,0,1,0,1,0,15,13,10,12,16,12,9,7,10,0,3,3,1,3,40,99,99,0,3,0,255,255,255,255,255,255,255,0,0,1,0,255,255,255,255,0,0,0,0,0,0,1,0,-1,-1,-1,-1,-1,-1,0,0,0,0,0,0,3,3,0,0,255,0,0,0,0,0,0,0,0,0,1,0,0,0,0,255,255,255,255,255,255,255,255,255,255,255,255,65000000,-1,-1,-1,-1,-1,-1,-1,-1,-1,-1,-1,-1,-1,[0|0|0|0|0|0|0|0|0|0|0|0]
5006,,0,18060000,18000000,31000000,18060000,-1,24000000,5000000,5000100,5000200,5000300,50000000,52000000,51000000,53000000,-1,-1,-1,-1,60000000,60010000,-1,-1,-1,-1,-1,-1,-1,-1,-1,-1,-1,1001,1051,130,300,1700,1400,900,-1,9500,-1,1,1,0,1,0,1,0,1,0,15,13,10,12,16,12,9,7,10,0,3,3,1,3,40,99,99,0,3,0,255,255,255,255,255,255,255,0,0,1,0,255,255,255,255,0,0,0,0,0,0,1,0,-1,-1,-1,-1,-1,-1,0,0,0,0,0,0,3,3,0,0,255,0,0,0,0,0,0,0,0,0,1,0,0,0,0,255,255,255,255,255,255,255,255,255,255,255,255,65000000,-1,-1,-1,-1,-1,-1,-1,-1,-1,-1,-1,-1,-1,[0|0|0|0|0|0|0|0|0|0|0|0]
5007,,0,18070000,18000000,31000000,18070000,-1,24000000,5000000,5000100,5000200,5000300,50000000,52000000,51000000,53000000,-1,-1,-1,-1,60000000,60010000,-1,-1,-1,-1,-1,-1,-1,-1,-1,-1,-1,1001,1051,130,300,1700,1400,900,-1,9500,-1,1,1,0,1,0,1,0,1,0,15,13,10,12,16,12,9,7,10,0,3,3,1,3,40,99,99,0,3,0,255,255,255,255,255,255,255,0,0,1,0,255,255,255,255,0,0,0,0,0,0,1,0,-1,-1,-1,-1,-1,-1,0,0,0,0,0,0,3,3,0,0,255,0,0,0,0,0,0,0,0,0,1,0,0,0,0,255,255,255,255,255,255,255,255,255,255,255,255,65000000,-1,-1,-1,-1,-1,-1,-1,-1,-1,-1,-1,-1,-1,[0|0|0|0|0|0|0|0|0|0|0|0]
5008,,0,18080000,18000000,31000000,18080000,-1,24000000,5000000,5000100,5000200,5000300,50000000,52000000,51000000,53000000,-1,-1,-1,-1,60000000,60010000,-1,-1,-1,-1,-1,-1,-1,-1,-1,-1,-1,1001,1051,130,300,1700,1400,900,-1,9500,-1,1,1,0,1,0,1,0,1,0,15,13,10,12,16,12,9,7,10,0,3,3,1,3,40,99,99,0,3,0,255,255,255,255,255,255,255,0,0,1,0,255,255,255,255,0,0,0,0,0,0,1,0,-1,-1,-1,-1,-1,-1,0,0,0,0,0,0,3,3,0,0,255,0,0,0,0,0,0,0,0,0,1,0,0,0,0,255,255,255,255,255,255,255,255,255,255,255,255,65000000,-1,-1,-1,-1,-1,-1,-1,-1,-1,-1,-1,-1,-1,[0|0|0|0|0|0|0|0|0|0|0|0]
5009,,0,18090000,18000000,31000000,18090000,-1,24000000,5000000,5000100,5000200,5000300,50000000,52000000,51000000,53000000,-1,-1,-1,-1,60000000,60010000,-1,-1,-1,-1,-1,-1,-1,-1,-1,-1,-1,1001,1051,130,300,1700,1400,900,-1,9500,-1,1,1,0,1,0,1,0,1,0,15,13,10,12,16,12,9,7,10,0,3,3,1,3,40,99,99,0,3,0,255,255,255,255,255,255,255,0,0,1,0,255,255,255,255,0,0,0,0,0,0,1,0,-1,-1,-1,-1,-1,-1,0,0,0,0,0,0,3,3,0,0,255,0,0,0,0,0,0,0,0,0,1,0,0,0,0,255,255,255,255,255,255,255,255,255,255,255,255,65000000,-1,-1,-1,-1,-1,-1,-1,-1,-1,-1,-1,-1,-1,[0|0|0|0|0|0|0|0|0|0|0|0]
5010,,0,18100000,18000000,31000000,18100000,-1,24000000,5000000,5000100,5000200,5000300,50000000,52000000,51000000,53000000,-1,-1,-1,-1,60000000,60010000,-1,-1,-1,-1,-1,-1,-1,-1,-1,-1,-1,1001,1051,130,300,1700,1400,900,-1,9500,-1,1,1,0,1,0,1,0,1,0,15,13,10,12,16,12,9,7,10,0,3,3,1,3,40,99,99,0,3,0,255,255,255,255,255,255,255,0,0,1,0,255,255,255,255,0,0,0,0,0,0,1,0,-1,-1,-1,-1,-1,-1,0,0,0,0,0,0,3,3,0,0,255,0,0,0,0,0,0,0,0,0,1,0,0,0,0,255,255,255,255,255,255,255,255,255,255,255,255,65000000,-1,-1,-1,-1,-1,-1,-1,-1,-1,-1,-1,-1,-1,[0|0|0|0|0|0|0|0|0|0|0|0]
5011,,0,18110000,18000000,31000000,18110000,-1,24000000,5000000,5000100,5000200,5000300,50000000,52000000,51000000,53000000,-1,-1,-1,-1,60000000,60010000,-1,-1,-1,-1,-1,-1,-1,-1,-1,-1,-1,1001,1051,130,300,1700,1400,900,-1,9500,-1,1,1,0,1,0,1,0,1,0,15,13,10,12,16,12,9,7,10,0,3,3,1,3,40,99,99,0,3,0,255,255,255,255,255,255,255,0,0,1,0,255,255,255,255,0,0,0,0,0,0,1,0,-1,-1,-1,-1,-1,-1,0,0,0,0,0,0,3,3,0,0,255,0,0,0,0,0,0,0,0,0,1,0,0,0,0,255,255,255,255,255,255,255,255,255,255,255,255,65000000,-1,-1,-1,-1,-1,-1,-1,-1,-1,-1,-1,-1,-1,[0|0|0|0|0|0|0|0|0|0|0|0]
5013,,0,18130000,18000000,31000000,18130000,-1,24000000,5000000,5000100,5000200,5000300,50000000,52000000,51000000,53000000,-1,-1,-1,-1,60000000,60010000,-1,-1,-1,-1,-1,-1,-1,-1,-1,-1,-1,1001,1051,130,300,1700,1400,900,-1,9500,-1,1,1,0,1,0,1,0,1,0,15,13,10,12,16,12,9,7,10,0,3,3,1,3,40,99,99,0,3,0,255,255,255,255,255,255,255,0,0,1,0,255,255,255,255,0,0,0,0,0,0,1,0,-1,-1,-1,-1,-1,-1,0,0,0,0,0,0,3,3,0,0,255,0,0,0,0,0,0,0,0,0,1,0,0,0,0,255,255,255,255,255,255,255,255,255,255,255,255,65000000,-1,-1,-1,-1,-1,-1,-1,-1,-1,-1,-1,-1,-1,[0|0|0|0|0|0|0|0|0|0|0|0]
5014,,0,18140000,18000000,31000000,18140000,-1,24000000,5000000,5000100,5000200,5000300,50000000,52000000,51000000,53000000,-1,-1,-1,-1,60000000,60010000,-1,-1,-1,-1,-1,-1,-1,-1,-1,-1,-1,1001,1051,130,300,1700,1400,900,-1,9500,-1,1,1,0,1,0,1,0,1,0,15,13,10,12,16,12,9,7,10,0,3,3,1,3,40,99,99,0,3,0,255,255,255,255,255,255,255,0,0,1,0,255,255,255,255,0,0,0,0,0,0,1,0,-1,-1,-1,-1,-1,-1,0,0,0,0,0,0,3,3,0,0,255,0,0,0,0,0,0,0,0,0,1,0,0,0,0,255,255,255,255,255,255,255,255,255,255,255,255,65000000,-1,-1,-1,-1,-1,-1,-1,-1,-1,-1,-1,-1,-1,[0|0|0|0|0|0|0|0|0|0|0|0]
5015,,0,18150000,18000000,31000000,18150000,-1,24000000,5000000,5000100,5000200,5000300,50000000,52000000,51000000,53000000,-1,-1,-1,-1,60000000,60010000,-1,-1,-1,-1,-1,-1,-1,-1,-1,-1,-1,1001,1051,130,300,1700,1400,900,-1,9500,-1,1,1,0,1,0,1,0,1,0,15,13,10,12,16,12,9,7,10,0,3,3,1,3,40,99,99,0,3,0,255,255,255,255,255,255,255,0,0,1,0,255,255,255,255,0,0,0,0,0,0,1,0,-1,-1,-1,-1,-1,-1,0,0,0,0,0,0,3,3,0,0,255,0,0,0,0,0,0,0,0,0,1,0,0,0,0,255,255,255,255,255,255,255,255,255,255,255,255,65000000,-1,-1,-1,-1,-1,-1,-1,-1,-1,-1,-1,-1,-1,[0|0|0|0|0|0|0|0|0|0|0|0]
5016,,0,18160000,18000000,31000000,18160000,-1,24000000,5000000,5000100,5000200,5000300,50000000,52000000,51000000,53000000,-1,-1,-1,-1,60000000,60010000,-1,-1,-1,-1,-1,-1,-1,-1,-1,-1,-1,1001,1051,130,300,1700,1400,900,-1,9500,-1,1,1,0,1,0,1,0,1,0,15,13,10,12,16,12,9,7,10,0,3,3,1,3,40,99,99,0,3,0,255,255,255,255,255,255,255,0,0,1,0,255,255,255,255,0,0,0,0,0,0,1,0,-1,-1,-1,-1,-1,-1,0,0,0,0,0,0,3,3,0,0,255,0,0,0,0,0,0,0,0,0,1,0,0,0,0,255,255,255,255,255,255,255,255,255,255,255,255,65000000,-1,-1,-1,-1,-1,-1,-1,-1,-1,-1,-1,-1,-1,[0|0|0|0|0|0|0|0|0|0|0|0]
5050,,0,19000000,19000000,31000000,19000000,-1,24000000,5000000,5000100,5000200,5000300,50000000,52000000,51000000,53000000,-1,-1,-1,-1,60000000,60010000,-1,-1,-1,-1,-1,-1,-1,-1,-1,-1,-1,1001,1051,130,300,1700,1400,900,-1,9500,-1,1,1,0,1,0,1,0,1,0,15,13,10,12,16,12,9,7,10,0,3,3,1,3,40,99,99,0,3,0,255,255,255,255,255,255,255,0,0,1,0,255,255,255,255,0,0,0,0,0,0,1,0,-1,-1,-1,-1,-1,-1,0,0,0,0,0,0,3,3,0,0,255,0,0,0,0,0,0,0,0,0,1,0,0,0,0,255,255,255,255,255,255,255,255,255,255,255,255,65000000,-1,-1,-1,-1,-1,-1,-1,-1,-1,-1,-1,-1,-1,[0|0|0|0|0|0|0|0|0|0|0|0]
5051,,0,19010000,19000000,31000000,19010000,-1,24000000,5000000,5000100,5000200,5000300,50000000,52000000,51000000,53000000,-1,-1,-1,-1,60000000,60010000,-1,-1,-1,-1,-1,-1,-1,-1,-1,-1,-1,1001,1051,130,300,1700,1400,900,-1,9500,-1,1,1,0,1,0,1,0,1,0,15,13,10,12,16,12,9,7,10,0,3,3,1,3,40,99,99,0,3,0,255,255,255,255,255,255,255,0,0,1,0,255,255,255,255,0,0,0,0,0,0,1,0,-1,-1,-1,-1,-1,-1,0,0,0,0,0,0,3,3,0,0,255,0,0,0,0,0,0,0,0,0,1,0,0,0,0,255,255,255,255,255,255,255,255,255,255,255,255,65000000,-1,-1,-1,-1,-1,-1,-1,-1,-1,-1,-1,-1,-1,[0|0|0|0|0|0|0|0|0|0|0|0]
5052,,0,19020000,19000000,31000000,19020000,-1,24000000,5000000,5000100,5000200,5000300,50000000,52000000,51000000,53000000,-1,-1,-1,-1,60000000,60010000,-1,-1,-1,-1,-1,-1,-1,-1,-1,-1,-1,1001,1051,130,300,1700,1400,900,-1,9500,-1,1,1,0,1,0,1,0,1,0,15,13,10,12,16,12,9,7,10,0,3,3,1,3,40,99,99,0,3,0,255,255,255,255,255,255,255,0,0,1,0,255,255,255,255,0,0,0,0,0,0,1,0,-1,-1,-1,-1,-1,-1,0,0,0,0,0,0,3,3,0,0,255,0,0,0,0,0,0,0,0,0,1,0,0,0,0,255,255,255,255,255,255,255,255,255,255,255,255,65000000,-1,-1,-1,-1,-1,-1,-1,-1,-1,-1,-1,-1,-1,[0|0|0|0|0|0|0|0|0|0|0|0]
5055,,0,19050000,19000000,31000000,19050000,-1,24000000,5000000,5000100,5000200,5000300,50000000,52000000,51000000,53000000,-1,-1,-1,-1,60000000,60010000,-1,-1,-1,-1,-1,-1,-1,-1,-1,-1,-1,1001,1051,130,300,1700,1400,900,-1,9500,-1,1,1,0,1,0,1,0,1,0,15,13,10,12,16,12,9,7,10,0,3,3,1,3,40,99,99,0,3,0,255,255,255,255,255,255,255,0,0,1,0,255,255,255,255,0,0,0,0,0,0,1,0,-1,-1,-1,-1,-1,-1,0,0,0,0,0,0,3,3,0,0,255,0,0,0,0,0,0,0,0,0,1,0,0,0,0,255,255,255,255,255,255,255,255,255,255,255,255,65000000,-1,-1,-1,-1,-1,-1,-1,-1,-1,-1,-1,-1,-1,[0|0|0|0|0|0|0|0|0|0|0|0]
5056,,0,19060000,19000000,31000000,19060000,-1,24000000,5000000,5000100,5000200,5000300,50000000,52000000,51000000,53000000,-1,-1,-1,-1,60000000,60010000,-1,-1,-1,-1,-1,-1,-1,-1,-1,-1,-1,1001,1051,130,300,1700,1400,900,-1,9500,-1,1,1,0,1,0,1,0,1,0,15,13,10,12,16,12,9,7,10,0,3,3,1,3,40,99,99,0,3,0,255,255,255,255,255,255,255,0,0,1,0,255,255,255,255,0,0,0,0,0,0,1,0,-1,-1,-1,-1,-1,-1,0,0,0,0,0,0,3,3,0,0,255,0,0,0,0,0,0,0,0,0,1,0,0,0,0,255,255,255,255,255,255,255,255,255,255,255,255,65000000,-1,-1,-1,-1,-1,-1,-1,-1,-1,-1,-1,-1,-1,[0|0|0|0|0|0|0|0|0|0|0|0]
5060,,0,20000000,20000000,31000000,20000000,-1,24000000,5000000,5000100,5000200,5000300,50000000,52000000,51000000,53000000,-1,-1,-1,-1,60000000,60010000,-1,-1,-1,-1,-1,-1,-1,-1,-1,-1,-1,1001,1051,130,300,1700,1400,900,-1,9500,-1,1,1,0,1,0,1,0,1,0,15,13,10,12,16,12,9,7,10,0,3,3,1,3,40,99,99,0,3,0,255,255,255,255,255,255,255,0,0,1,0,255,255,255,255,0,0,0,0,0,0,1,0,-1,-1,-1,-1,-1,-1,0,0,0,0,0,0,3,3,0,0,255,0,0,0,0,0,0,0,0,0,1,0,0,0,0,255,255,255,255,255,255,255,255,255,255,255,255,65000000,-1,-1,-1,-1,-1,-1,-1,-1,-1,-1,-1,-1,-1,[0|0|0|0|0|0|0|0|0|0|0|0]
5062,,0,20020000,20000000,31000000,20020000,-1,24000000,5000000,5000100,5000200,5000300,50000000,52000000,51000000,53000000,-1,-1,-1,-1,60000000,60010000,-1,-1,-1,-1,-1,-1,-1,-1,-1,-1,-1,1001,1051,130,300,1700,1400,900,-1,9500,-1,1,1,0,1,0,1,0,1,0,15,13,10,12,16,12,9,7,10,0,3,3,1,3,40,99,99,0,3,0,255,255,255,255,255,255,255,0,0,1,0,255,255,255,255,0,0,0,0,0,0,1,0,-1,-1,-1,-1,-1,-1,0,0,0,0,0,0,3,3,0,0,255,0,0,0,0,0,0,0,0,0,1,0,0,0,0,255,255,255,255,255,255,255,255,255,255,255,255,65000000,-1,-1,-1,-1,-1,-1,-1,-1,-1,-1,-1,-1,-1,[0|0|0|0|0|0|0|0|0|0|0|0]
5063,,0,20030000,20000000,31000000,20030000,-1,24000000,5000000,5000100,5000200,5000300,50000000,52000000,51000000,53000000,-1,-1,-1,-1,60000000,60010000,-1,-1,-1,-1,-1,-1,-1,-1,-1,-1,-1,1001,1051,130,300,1700,1400,900,-1,9500,-1,1,1,0,1,0,1,0,1,0,15,13,10,12,16,12,9,7,10,0,3,3,1,3,40,99,99,0,3,0,255,255,255,255,255,255,255,0,0,1,0,255,255,255,255,0,0,0,0,0,0,1,0,-1,-1,-1,-1,-1,-1,0,0,0,0,0,0,3,3,0,0,255,0,0,0,0,0,0,0,0,0,1,0,0,0,0,255,255,255,255,255,255,255,255,255,255,255,255,65000000,-1,-1,-1,-1,-1,-1,-1,-1,-1,-1,-1,-1,-1,[0|0|0|0|0|0|0|0|0|0|0|0]
5065,,0,20050000,20000000,31000000,20050000,-1,24000000,5000000,5000100,5000200,5000300,50000000,52000000,51000000,53000000,-1,-1,-1,-1,60000000,60010000,-1,-1,-1,-1,-1,-1,-1,-1,-1,-1,-1,1001,1051,130,300,1700,1400,900,-1,9500,-1,1,1,0,1,0,1,0,1,0,15,13,10,12,16,12,9,7,10,0,3,3,1,3,40,99,99,0,3,0,255,255,255,255,255,255,255,0,0,1,0,255,255,255,255,0,0,0,0,0,0,1,0,-1,-1,-1,-1,-1,-1,0,0,0,0,0,0,3,3,0,0,255,0,0,0,0,0,0,0,0,0,1,0,0,0,0,255,255,255,255,255,255,255,255,255,255,255,255,65000000,-1,-1,-1,-1,-1,-1,-1,-1,-1,-1,-1,-1,-1,[0|0|0|0|0|0|0|0|0|0|0|0]
5066,,0,20060000,20000000,31000000,20060000,-1,24000000,5000000,5000100,5000200,5000300,50000000,52000000,51000000,53000000,-1,-1,-1,-1,60000000,60010000,-1,-1,-1,-1,-1,-1,-1,-1,-1,-1,-1,1001,1051,130,300,1700,1400,900,-1,9500,-1,1,1,0,1,0,1,0,1,0,15,13,10,12,16,12,9,7,10,0,3,3,1,3,40,99,99,0,3,0,255,255,255,255,255,255,255,0,0,1,0,255,255,255,255,0,0,0,0,0,0,1,0,-1,-1,-1,-1,-1,-1,0,0,0,0,0,0,3,3,0,0,255,0,0,0,0,0,0,0,0,0,1,0,0,0,0,255,255,255,255,255,255,255,255,255,255,255,255,65000000,-1,-1,-1,-1,-1,-1,-1,-1,-1,-1,-1,-1,-1,[0|0|0|0|0|0|0|0|0|0|0|0]
5067,,0,20070000,20000000,31000000,20070000,-1,24000000,5000000,5000100,5000200,5000300,50000000,52000000,51000000,53000000,-1,-1,-1,-1,60000000,60010000,-1,-1,-1,-1,-1,-1,-1,-1,-1,-1,-1,1001,1051,130,300,1700,1400,900,-1,9500,-1,1,1,0,1,0,1,0,1,0,15,13,10,12,16,12,9,7,10,0,3,3,1,3,40,99,99,0,3,0,255,255,255,255,255,255,255,0,0,1,0,255,255,255,255,0,0,0,0,0,0,1,0,-1,-1,-1,-1,-1,-1,0,0,0,0,0,0,3,3,0,0,255,0,0,0,0,0,0,0,0,0,1,0,0,0,0,255,255,255,255,255,255,255,255,255,255,255,255,65000000,-1,-1,-1,-1,-1,-1,-1,-1,-1,-1,-1,-1,-1,[0|0|0|0|0|0|0|0|0|0|0|0]
5100,,0,21000000,21000000,31000000,21000000,-1,24000000,5000000,5000100,5000200,5000300,50000000,52000000,51000000,53000000,-1,-1,-1,-1,60000000,60010000,-1,-1,-1,-1,-1,-1,-1,-1,-1,-1,-1,1001,1051,130,300,1700,1400,900,-1,9500,-1,1,1,0,1,0,1,0,1,0,15,13,10,12,16,12,9,7,10,0,3,3,1,3,40,99,99,0,3,0,255,255,255,255,255,255,255,0,0,1,0,255,255,255,255,0,0,0,0,0,0,1,0,-1,-1,-1,-1,-1,-1,0,0,0,0,0,0,3,3,0,0,255,0,0,0,0,0,0,0,0,0,1,0,0,0,0,255,255,255,255,255,255,255,255,255,255,255,255,65000000,-1,-1,-1,-1,-1,-1,-1,-1,-1,-1,-1,-1,-1,[0|0|0|0|0|0|0|0|0|0|0|0]
5101,,0,21010000,21000000,31000000,21010000,-1,24000000,5000000,5000100,5000200,5000300,50000000,52000000,51000000,53000000,-1,-1,-1,-1,60000000,60010000,-1,-1,-1,-1,-1,-1,-1,-1,-1,-1,-1,1001,1051,130,300,1700,1400,900,-1,9500,-1,1,1,0,1,0,1,0,1,0,15,13,10,12,16,12,9,7,10,0,3,3,1,3,40,99,99,0,3,0,255,255,255,255,255,255,255,0,0,1,0,255,255,255,255,0,0,0,0,0,0,1,0,-1,-1,-1,-1,-1,-1,0,0,0,0,0,0,3,3,0,0,255,0,0,0,0,0,0,0,0,0,1,0,0,0,0,255,255,255,255,255,255,255,255,255,255,255,255,65000000,-1,-1,-1,-1,-1,-1,-1,-1,-1,-1,-1,-1,-1,[0|0|0|0|0|0|0|0|0|0|0|0]
5106,,0,21060000,21000000,31000000,21060000,-1,24000000,5000000,5000100,5000200,5000300,50000000,52000000,51000000,53000000,-1,-1,-1,-1,60000000,60010000,-1,-1,-1,-1,-1,-1,-1,-1,-1,-1,-1,1001,1051,130,300,1700,1400,900,-1,9500,-1,1,1,0,1,0,1,0,1,0,15,13,10,12,16,12,9,7,10,0,3,3,1,3,40,99,99,0,3,0,255,255,255,255,255,255,255,0,0,1,0,255,255,255,255,0,0,0,0,0,0,1,0,-1,-1,-1,-1,-1,-1,0,0,0,0,0,0,3,3,0,0,255,0,0,0,0,0,0,0,0,0,1,0,0,0,0,255,255,255,255,255,255,255,255,255,255,255,255,65000000,-1,-1,-1,-1,-1,-1,-1,-1,-1,-1,-1,-1,-1,[0|0|0|0|0|0|0|0|0|0|0|0]
5107,,0,21070000,21000000,31000000,21070000,-1,24000000,5000000,5000100,5000200,5000300,50000000,52000000,51000000,53000000,-1,-1,-1,-1,60000000,60010000,-1,-1,-1,-1,-1,-1,-1,-1,-1,-1,-1,1001,1051,130,300,1700,1400,900,-1,9500,-1,1,1,0,1,0,1,0,1,0,15,13,10,12,16,12,9,7,10,0,3,3,1,3,40,99,99,0,3,0,255,255,255,255,255,255,255,0,0,1,0,255,255,255,255,0,0,0,0,0,0,1,0,-1,-1,-1,-1,-1,-1,0,0,0,0,0,0,3,3,0,0,255,0,0,0,0,0,0,0,0,0,1,0,0,0,0,255,255,255,255,255,255,255,255,255,255,255,255,65000000,-1,-1,-1,-1,-1,-1,-1,-1,-1,-1,-1,-1,-1,[0|0|0|0|0|0|0|0|0|0|0|0]
5108,,0,21080000,21000000,31000000,21080000,-1,24000000,5000000,5000100,5000200,5000300,50000000,52000000,51000000,53000000,-1,-1,-1,-1,60000000,60010000,-1,-1,-1,-1,-1,-1,-1,-1,-1,-1,-1,1001,1051,130,300,1700,1400,900,-1,9500,-1,1,1,0,1,0,1,0,1,0,15,13,10,12,16,12,9,7,10,0,3,3,1,3,40,99,99,0,3,0,255,255,255,255,255,255,255,0,0,1,0,255,255,255,255,0,0,0,0,0,0,1,0,-1,-1,-1,-1,-1,-1,0,0,0,0,0,0,3,3,0,0,255,0,0,0,0,0,0,0,0,0,1,0,0,0,0,255,255,255,255,255,255,255,255,255,255,255,255,65000000,-1,-1,-1,-1,-1,-1,-1,-1,-1,-1,-1,-1,-1,[0|0|0|0|0|0|0|0|0|0|0|0]
5109,,0,21100000,21000000,31000000,21100000,-1,24000000,5000000,5000100,5000200,5000300,50000000,52000000,51000000,53000000,-1,-1,-1,-1,60000000,60010000,-1,-1,-1,-1,-1,-1,-1,-1,-1,-1,-1,1001,1051,130,300,1700,1400,900,-1,9500,-1,1,1,0,1,0,1,0,1,0,15,13,10,12,16,12,9,7,10,0,3,3,1,3,40,99,99,0,3,0,255,255,255,255,255,255,255,0,0,1,0,255,255,255,255,0,0,0,0,0,0,1,0,-1,-1,-1,-1,-1,-1,0,0,0,0,0,0,3,3,0,0,255,0,0,0,0,0,0,0,0,0,1,0,0,0,0,255,255,255,255,255,255,255,255,255,255,255,255,65000000,-1,-1,-1,-1,-1,-1,-1,-1,-1,-1,-1,-1,-1,[0|0|0|0|0|0|0|0|0|0|0|0]
5110,,0,21110000,21000000,31000000,21110000,-1,24000000,5000000,5000100,5000200,5000300,50000000,52000000,51000000,53000000,-1,-1,-1,-1,60000000,60010000,-1,-1,-1,-1,-1,-1,-1,-1,-1,-1,-1,1001,1051,130,300,1700,1400,900,-1,9500,-1,1,1,0,1,0,1,0,1,0,15,13,10,12,16,12,9,7,10,0,3,3,1,3,40,99,99,0,3,0,255,255,255,255,255,255,255,0,0,1,0,255,255,255,255,0,0,0,0,0,0,1,0,-1,-1,-1,-1,-1,-1,0,0,0,0,0,0,3,3,0,0,255,0,0,0,0,0,0,0,0,0,1,0,0,0,0,255,255,255,255,255,255,255,255,255,255,255,255,65000000,-1,-1,-1,-1,-1,-1,-1,-1,-1,-1,-1,-1,-1,[0|0|0|0|0|0|0|0|0|0|0|0]
5111,,0,21120000,21000000,31000000,21120000,-1,24000000,5000000,5000100,5000200,5000300,50000000,52000000,51000000,53000000,-1,-1,-1,-1,60000000,60010000,-1,-1,-1,-1,-1,-1,-1,-1,-1,-1,-1,1001,1051,130,300,1700,1400,900,-1,9500,-1,1,1,0,1,0,1,0,1,0,15,13,10,12,16,12,9,7,10,0,3,3,1,3,40,99,99,0,3,0,255,255,255,255,255,255,255,0,0,1,0,255,255,255,255,0,0,0,0,0,0,1,0,-1,-1,-1,-1,-1,-1,0,0,0,0,0,0,3,3,0,0,255,0,0,0,0,0,0,0,0,0,1,0,0,0,0,255,255,255,255,255,255,255,255,255,255,255,255,65000000,-1,-1,-1,-1,-1,-1,-1,-1,-1,-1,-1,-1,-1,[0|0|0|0|0|0|0|0|0|0|0|0]
5112,,0,21130000,21000000,31000000,21130000,-1,24000000,5000000,5000100,5000200,5000300,50000000,52000000,51000000,53000000,-1,-1,-1,-1,60000000,60010000,-1,-1,-1,-1,-1,-1,-1,-1,-1,-1,-1,1001,1051,130,300,1700,1400,900,-1,9500,-1,1,1,0,1,0,1,0,1,0,15,13,10,12,16,12,9,7,10,0,3,3,1,3,40,99,99,0,3,0,255,255,255,255,255,255,255,0,0,1,0,255,255,255,255,0,0,0,0,0,0,1,0,-1,-1,-1,-1,-1,-1,0,0,0,0,0,0,3,3,0,0,255,0,0,0,0,0,0,0,0,0,1,0,0,0,0,255,255,255,255,255,255,255,255,255,255,255,255,65000000,-1,-1,-1,-1,-1,-1,-1,-1,-1,-1,-1,-1,-1,[0|0|0|0|0|0|0|0|0|0|0|0]
5150,,0,22000000,22000000,31000000,22000000,-1,24000000,5000000,5000100,5000200,5000300,50000000,52000000,51000000,53000000,-1,-1,-1,-1,60000000,60010000,-1,-1,-1,-1,-1,-1,-1,-1,-1,-1,-1,1001,1051,130,300,1700,1400,900,-1,9500,-1,1,1,0,1,0,1,0,1,0,15,13,10,12,16,12,9,7,10,0,3,3,1,3,40,99,99,0,3,0,255,255,255,255,255,255,255,0,0,1,0,255,255,255,255,0,0,0,0,0,0,1,0,-1,-1,-1,-1,-1,-1,0,0,0,0,0,0,3,3,0,0,255,0,0,0,0,0,0,0,0,0,1,0,0,0,0,255,255,255,255,255,255,255,255,255,255,255,255,65000000,-1,-1,-1,-1,-1,-1,-1,-1,-1,-1,-1,-1,-1,[0|0|0|0|0|0|0|0|0|0|0|0]
5151,,0,22010000,22000000,31000000,22010000,-1,24000000,5000000,5000100,5000200,5000300,50000000,52000000,51000000,53000000,-1,-1,-1,-1,60000000,60010000,-1,-1,-1,-1,-1,-1,-1,-1,-1,-1,-1,1001,1051,130,300,1700,1400,900,-1,9500,-1,1,1,0,1,0,1,0,1,0,15,13,10,12,16,12,9,7,10,0,3,3,1,3,40,99,99,0,3,0,255,255,255,255,255,255,255,0,0,1,0,255,255,255,255,0,0,0,0,0,0,1,0,-1,-1,-1,-1,-1,-1,0,0,0,0,0,0,3,3,0,0,255,0,0,0,0,0,0,0,0,0,1,0,0,0,0,255,255,255,255,255,255,255,255,255,255,255,255,65000000,-1,-1,-1,-1,-1,-1,-1,-1,-1,-1,-1,-1,-1,[0|0|0|0|0|0|0|0|0|0|0|0]
5152,,0,22020000,22000000,31000000,22020000,-1,24000000,5000000,5000100,5000200,5000300,50000000,52000000,51000000,53000000,-1,-1,-1,-1,60000000,60010000,-1,-1,-1,-1,-1,-1,-1,-1,-1,-1,-1,1001,1051,130,300,1700,1400,900,-1,9500,-1,1,1,0,1,0,1,0,1,0,15,13,10,12,16,12,9,7,10,0,3,3,1,3,40,99,99,0,3,0,255,255,255,255,255,255,255,0,0,1,0,255,255,255,255,0,0,0,0,0,0,1,0,-1,-1,-1,-1,-1,-1,0,0,0,0,0,0,3,3,0,0,255,0,0,0,0,0,0,0,0,0,1,0,0,0,0,255,255,255,255,255,255,255,255,255,255,255,255,65000000,-1,-1,-1,-1,-1,-1,-1,-1,-1,-1,-1,-1,-1,[0|0|0|0|0|0|0|0|0|0|0|0]
5153,,0,22030000,22000000,31000000,22030000,-1,24000000,5000000,5000100,5000200,5000300,50000000,52000000,51000000,53000000,-1,-1,-1,-1,60000000,60010000,-1,-1,-1,-1,-1,-1,-1,-1,-1,-1,-1,1001,1051,130,300,1700,1400,900,-1,9500,-1,1,1,0,1,0,1,0,1,0,15,13,10,12,16,12,9,7,10,0,3,3,1,3,40,99,99,0,3,0,255,255,255,255,255,255,255,0,0,1,0,255,255,255,255,0,0,0,0,0,0,1,0,-1,-1,-1,-1,-1,-1,0,0,0,0,0,0,3,3,0,0,255,0,0,0,0,0,0,0,0,0,1,0,0,0,0,255,255,255,255,255,255,255,255,255,255,255,255,65000000,-1,-1,-1,-1,-1,-1,-1,-1,-1,-1,-1,-1,-1,[0|0|0|0|0|0|0|0|0|0|0|0]
5200,,0,24000000,24000000,24000000,31000000,-1,24000000,5000000,5000100,5000200,5000300,50000000,52000000,51000000,53000000,-1,-1,-1,-1,60000000,60010000,-1,-1,-1,-1,-1,-1,-1,-1,-1,-1,-1,1001,1051,130,300,1700,1400,900,-1,9500,-1,1,1,0,1,0,1,0,1,0,15,13,10,12,16,12,9,7,10,0,3,3,1,3,40,99,99,0,3,0,255,255,255,255,255,255,255,0,0,1,0,255,255,255,255,0,0,0,0,0,0,1,0,-1,-1,-1,-1,-1,-1,0,0,0,0,0,0,3,3,0,0,255,0,0,0,0,0,0,0,0,0,1,0,0,0,0,255,255,255,255,255,255,255,255,255,255,255,255,65000000,-1,-1,-1,-1,-1,-1,-1,-1,-1,-1,-1,-1,-1,[0|0|0|0|0|0|0|0|0|0|0|0]
5202,,0,24020000,24000000,24020000,31000000,-1,24000000,5000000,5000100,5000200,5000300,50000000,52000000,51000000,53000000,-1,-1,-1,-1,60000000,60010000,-1,-1,-1,-1,-1,-1,-1,-1,-1,-1,-1,1001,1051,130,300,1700,1400,900,-1,9500,-1,1,1,0,1,0,1,0,1,0,15,13,10,12,16,12,9,7,10,0,3,3,1,3,40,99,99,0,3,0,255,255,255,255,255,255,255,0,0,1,0,255,255,255,255,0,0,0,0,0,0,1,0,-1,-1,-1,-1,-1,-1,0,0,0,0,0,0,3,3,0,0,255,0,0,0,0,0,0,0,0,0,1,0,0,0,0,255,255,255,255,255,255,255,255,255,255,255,255,65000000,-1,-1,-1,-1,-1,-1,-1,-1,-1,-1,-1,-1,-1,[0|0|0|0|0|0|0|0|0|0|0|0]
5204,,0,24040000,24000000,24040000,31000000,-1,24000000,5000000,5000100,5000200,5000300,50000000,52000000,51000000,53000000,-1,-1,-1,-1,60000000,60010000,-1,-1,-1,-1,-1,-1,-1,-1,-1,-1,-1,1001,1051,130,300,1700,1400,900,-1,9500,-1,1,1,0,1,0,1,0,1,0,15,13,10,12,16,12,9,7,10,0,3,3,1,3,40,99,99,0,3,0,255,255,255,255,255,255,255,0,0,1,0,255,255,255,255,0,0,0,0,0,0,1,0,-1,-1,-1,-1,-1,-1,0,0,0,0,0,0,3,3,0,0,255,0,0,0,0,0,0,0,0,0,1,0,0,0,0,255,255,255,255,255,255,255,255,255,255,255,255,65000000,-1,-1,-1,-1,-1,-1,-1,-1,-1,-1,-1,-1,-1,[0|0|0|0|0|0|0|0|0|0|0|0]
5205,,0,24050000,24000000,24050000,31000000,-1,24000000,5000000,5000100,5000200,5000300,50000000,52000000,51000000,53000000,-1,-1,-1,-1,60000000,60010000,-1,-1,-1,-1,-1,-1,-1,-1,-1,-1,-1,1001,1051,130,300,1700,1400,900,-1,9500,-1,1,1,0,1,0,1,0,1,0,15,13,10,12,16,12,9,7,10,0,3,3,1,3,40,99,99,0,3,0,255,255,255,255,255,255,255,0,0,1,0,255,255,255,255,0,0,0,0,0,0,1,0,-1,-1,-1,-1,-1,-1,0,0,0,0,0,0,3,3,0,0,255,0,0,0,0,0,0,0,0,0,1,0,0,0,0,255,255,255,255,255,255,255,255,255,255,255,255,65000000,-1,-1,-1,-1,-1,-1,-1,-1,-1,-1,-1,-1,-1,[0|0|0|0|0|0|0|0|0|0|0|0]
5206,,0,24060000,24000000,24060000,31000000,-1,24000000,5000000,5000100,5000200,5000300,50000000,52000000,51000000,53000000,-1,-1,-1,-1,60000000,60010000,-1,-1,-1,-1,-1,-1,-1,-1,-1,-1,-1,1001,1051,130,300,1700,1400,900,-1,9500,-1,1,1,0,1,0,1,0,1,0,15,13,10,12,16,12,9,7,10,0,3,3,1,3,40,99,99,0,3,0,255,255,255,255,255,255,255,0,0,1,0,255,255,255,255,0,0,0,0,0,0,1,0,-1,-1,-1,-1,-1,-1,0,0,0,0,0,0,3,3,0,0,255,0,0,0,0,0,0,0,0,0,1,0,0,0,0,255,255,255,255,255,255,255,255,255,255,255,255,65000000,-1,-1,-1,-1,-1,-1,-1,-1,-1,-1,-1,-1,-1,[0|0|0|0|0|0|0|0|0|0|0|0]
5207,,0,24070000,24000000,24070000,31000000,-1,24000000,5000000,5000100,5000200,5000300,50000000,52000000,51000000,53000000,-1,-1,-1,-1,60000000,60010000,-1,-1,-1,-1,-1,-1,-1,-1,-1,-1,-1,1001,1051,130,300,1700,1400,900,-1,9500,-1,1,1,0,1,0,1,0,1,0,15,13,10,12,16,12,9,7,10,0,3,3,1,3,40,99,99,0,3,0,255,255,255,255,255,255,255,0,0,1,0,255,255,255,255,0,0,0,0,0,0,1,0,-1,-1,-1,-1,-1,-1,0,0,0,0,0,0,3,3,0,0,255,0,0,0,0,0,0,0,0,0,1,0,0,0,0,255,255,255,255,255,255,255,255,255,255,255,255,65000000,-1,-1,-1,-1,-1,-1,-1,-1,-1,-1,-1,-1,-1,[0|0|0|0|0|0|0|0|0|0|0|0]
5250,,0,30000000,30000000,30000000,31000000,-1,24000000,5000000,5000100,5000200,5000300,50000000,52000000,51000000,53000000,-1,-1,-1,-1,60000000,60010000,-1,-1,-1,-1,-1,-1,-1,-1,-1,-1,-1,1001,1051,130,300,1700,1400,900,-1,9500,-1,1,1,0,1,0,1,0,1,0,15,13,10,12,16,12,9,7,10,0,3,3,1,3,40,99,99,0,3,0,255,255,255,255,255,255,255,0,0,1,0,255,255,255,255,0,0,0,0,0,0,1,0,-1,-1,-1,-1,-1,-1,0,0,0,0,0,0,3,3,0,0,255,0,0,0,0,0,0,0,0,0,1,0,0,0,0,255,255,255,255,255,255,255,255,255,255,255,255,65000000,-1,-1,-1,-1,-1,-1,-1,-1,-1,-1,-1,-1,-1,[0|0|0|0|0|0|0|0|0|0|0|0]
5251,,0,30010000,30000000,30010000,31000000,-1,24000000,5000000,5000100,5000200,5000300,50000000,52000000,51000000,53000000,-1,-1,-1,-1,60000000,60010000,-1,-1,-1,-1,-1,-1,-1,-1,-1,-1,-1,1001,1051,130,300,1700,1400,900,-1,9500,-1,1,1,0,1,0,1,0,1,0,15,13,10,12,16,12,9,7,10,0,3,3,1,3,40,99,99,0,3,0,255,255,255,255,255,255,255,0,0,1,0,255,255,255,255,0,0,0,0,0,0,1,0,-1,-1,-1,-1,-1,-1,0,0,0,0,0,0,3,3,0,0,255,0,0,0,0,0,0,0,0,0,1,0,0,0,0,255,255,255,255,255,255,255,255,255,255,255,255,65000000,-1,-1,-1,-1,-1,-1,-1,-1,-1,-1,-1,-1,-1,[0|0|0|0|0|0|0|0|0|0|0|0]
5252,,0,30020000,30000000,30020000,31000000,-1,24000000,5000000,5000100,5000200,5000300,50000000,52000000,51000000,53000000,-1,-1,-1,-1,60000000,60010000,-1,-1,-1,-1,-1,-1,-1,-1,-1,-1,-1,1001,1051,130,300,1700,1400,900,-1,9500,-1,1,1,0,1,0,1,0,1,0,15,13,10,12,16,12,9,7,10,0,3,3,1,3,40,99,99,0,3,0,255,255,255,255,255,255,255,0,0,1,0,255,255,255,255,0,0,0,0,0,0,1,0,-1,-1,-1,-1,-1,-1,0,0,0,0,0,0,3,3,0,0,255,0,0,0,0,0,0,0,0,0,1,0,0,0,0,255,255,255,255,255,255,255,255,255,255,255,255,65000000,-1,-1,-1,-1,-1,-1,-1,-1,-1,-1,-1,-1,-1,[0|0|0|0|0|0|0|0|0|0|0|0]
5253,,0,30030000,30000000,30030000,31000000,-1,24000000,5000000,5000100,5000200,5000300,50000000,52000000,51000000,53000000,-1,-1,-1,-1,60000000,60010000,-1,-1,-1,-1,-1,-1,-1,-1,-1,-1,-1,1001,1051,130,300,1700,1400,900,-1,9500,-1,1,1,0,1,0,1,0,1,0,15,13,10,12,16,12,9,7,10,0,3,3,1,3,40,99,99,0,3,0,255,255,255,255,255,255,255,0,0,1,0,255,255,255,255,0,0,0,0,0,0,1,0,-1,-1,-1,-1,-1,-1,0,0,0,0,0,0,3,3,0,0,255,0,0,0,0,0,0,0,0,0,1,0,0,0,0,255,255,255,255,255,255,255,255,255,255,255,255,65000000,-1,-1,-1,-1,-1,-1,-1,-1,-1,-1,-1,-1,-1,[0|0|0|0|0|0|0|0|0|0|0|0]
5254,,0,30040000,30000000,30040000,31000000,-1,24000000,5000000,5000100,5000200,5000300,50000000,52000000,51000000,53000000,-1,-1,-1,-1,60000000,60010000,-1,-1,-1,-1,-1,-1,-1,-1,-1,-1,-1,1001,1051,130,300,1700,1400,900,-1,9500,-1,1,1,0,1,0,1,0,1,0,15,13,10,12,16,12,9,7,10,0,3,3,1,3,40,99,99,0,3,0,255,255,255,255,255,255,255,0,0,1,0,255,255,255,255,0,0,0,0,0,0,1,0,-1,-1,-1,-1,-1,-1,0,0,0,0,0,0,3,3,0,0,255,0,0,0,0,0,0,0,0,0,1,0,0,0,0,255,255,255,255,255,255,255,255,255,255,255,255,65000000,-1,-1,-1,-1,-1,-1,-1,-1,-1,-1,-1,-1,-1,[0|0|0|0|0|0|0|0|0|0|0|0]
5256,,0,30060000,30000000,30060000,31000000,-1,24000000,5000000,5000100,5000200,5000300,50000000,52000000,51000000,53000000,-1,-1,-1,-1,60000000,60010000,-1,-1,-1,-1,-1,-1,-1,-1,-1,-1,-1,1001,1051,130,300,1700,1400,900,-1,9500,-1,1,1,0,1,0,1,0,1,0,15,13,10,12,16,12,9,7,10,0,3,3,1,3,40,99,99,0,3,0,255,255,255,255,255,255,255,0,0,1,0,255,255,255,255,0,0,0,0,0,0,1,0,-1,-1,-1,-1,-1,-1,0,0,0,0,0,0,3,3,0,0,255,0,0,0,0,0,0,0,0,0,1,0,0,0,0,255,255,255,255,255,255,255,255,255,255,255,255,65000000,-1,-1,-1,-1,-1,-1,-1,-1,-1,-1,-1,-1,-1,[0|0|0|0|0|0|0|0|0|0|0|0]
5257,,0,30070000,30000000,30070000,31000000,-1,24000000,5000000,5000100,5000200,5000300,50000000,52000000,51000000,53000000,-1,-1,-1,-1,60000000,60010000,-1,-1,-1,-1,-1,-1,-1,-1,-1,-1,-1,1001,1051,130,300,1700,1400,900,-1,9500,-1,1,1,0,1,0,1,0,1,0,15,13,10,12,16,12,9,7,10,0,3,3,1,3,40,99,99,0,3,0,255,255,255,255,255,255,255,0,0,1,0,255,255,255,255,0,0,0,0,0,0,1,0,-1,-1,-1,-1,-1,-1,0,0,0,0,0,0,3,3,0,0,255,0,0,0,0,0,0,0,0,0,1,0,0,0,0,255,255,255,255,255,255,255,255,255,255,255,255,65000000,-1,-1,-1,-1,-1,-1,-1,-1,-1,-1,-1,-1,-1,[0|0|0|0|0|0|0|0|0|0|0|0]
5258,,0,30080000,30000000,30080000,31000000,-1,24000000,5000000,5000100,5000200,5000300,50000000,52000000,51000000,53000000,-1,-1,-1,-1,60000000,60010000,-1,-1,-1,-1,-1,-1,-1,-1,-1,-1,-1,1001,1051,130,300,1700,1400,900,-1,9500,-1,1,1,0,1,0,1,0,1,0,15,13,10,12,16,12,9,7,10,0,3,3,1,3,40,99,99,0,3,0,255,255,255,255,255,255,255,0,0,1,0,255,255,255,255,0,0,0,0,0,0,1,0,-1,-1,-1,-1,-1,-1,0,0,0,0,0,0,3,3,0,0,255,0,0,0,0,0,0,0,0,0,1,0,0,0,0,255,255,255,255,255,255,255,255,255,255,255,255,65000000,-1,-1,-1,-1,-1,-1,-1,-1,-1,-1,-1,-1,-1,[0|0|0|0|0|0|0|0|0|0|0|0]
5259,,0,30090000,30000000,30090000,31000000,-1,24000000,5000000,5000100,5000200,5000300,50000000,52000000,51000000,53000000,-1,-1,-1,-1,60000000,60010000,-1,-1,-1,-1,-1,-1,-1,-1,-1,-1,-1,1001,1051,130,300,1700,1400,900,-1,9500,-1,1,1,0,1,0,1,0,1,0,15,13,10,12,16,12,9,7,10,0,3,3,1,3,40,99,99,0,3,0,255,255,255,255,255,255,255,0,0,1,0,255,255,255,255,0,0,0,0,0,0,1,0,-1,-1,-1,-1,-1,-1,0,0,0,0,0,0,3,3,0,0,255,0,0,0,0,0,0,0,0,0,1,0,0,0,0,255,255,255,255,255,255,255,255,255,255,255,255,65000000,-1,-1,-1,-1,-1,-1,-1,-1,-1,-1,-1,-1,-1,[0|0|0|0|0|0|0|0|0|0|0|0]
5260,,0,30100000,30000000,30100000,31000000,-1,24000000,5000000,5000100,5000200,5000300,50000000,52000000,51000000,53000000,-1,-1,-1,-1,60000000,60010000,-1,-1,-1,-1,-1,-1,-1,-1,-1,-1,-1,1001,1051,130,300,1700,1400,900,-1,9500,-1,1,1,0,1,0,1,0,1,0,15,13,10,12,16,12,9,7,10,0,3,3,1,3,40,99,99,0,3,0,255,255,255,255,255,255,255,0,0,1,0,255,255,255,255,0,0,0,0,0,0,1,0,-1,-1,-1,-1,-1,-1,0,0,0,0,0,0,3,3,0,0,255,0,0,0,0,0,0,0,0,0,1,0,0,0,0,255,255,255,255,255,255,255,255,255,255,255,255,65000000,-1,-1,-1,-1,-1,-1,-1,-1,-1,-1,-1,-1,-1,[0|0|0|0|0|0|0|0|0|0|0|0]
5261,,0,30110000,30000000,30110000,31000000,-1,24000000,5000000,5000100,5000200,5000300,50000000,52000000,51000000,53000000,-1,-1,-1,-1,60000000,60010000,-1,-1,-1,-1,-1,-1,-1,-1,-1,-1,-1,1001,1051,130,300,1700,1400,900,-1,9500,-1,1,1,0,1,0,1,0,1,0,15,13,10,12,16,12,9,7,10,0,3,3,1,3,40,99,99,0,3,0,255,255,255,255,255,255,255,0,0,1,0,255,255,255,255,0,0,0,0,0,0,1,0,-1,-1,-1,-1,-1,-1,0,0,0,0,0,0,3,3,0,0,255,0,0,0,0,0,0,0,0,0,1,0,0,0,0,255,255,255,255,255,255,255,255,255,255,255,255,65000000,-1,-1,-1,-1,-1,-1,-1,-1,-1,-1,-1,-1,-1,[0|0|0|0|0|0|0|0|0|0|0|0]
5262,,0,30120000,30000000,30120000,31000000,-1,24000000,5000000,5000100,5000200,5000300,50000000,52000000,51000000,53000000,-1,-1,-1,-1,60000000,60010000,-1,-1,-1,-1,-1,-1,-1,-1,-1,-1,-1,1001,1051,130,300,1700,1400,900,-1,9500,-1,1,1,0,1,0,1,0,1,0,15,13,10,12,16,12,9,7,10,0,3,3,1,3,40,99,99,0,3,0,255,255,255,255,255,255,255,0,0,1,0,255,255,255,255,0,0,0,0,0,0,1,0,-1,-1,-1,-1,-1,-1,0,0,0,0,0,0,3,3,0,0,255,0,0,0,0,0,0,0,0,0,1,0,0,0,0,255,255,255,255,255,255,255,255,255,255,255,255,65000000,-1,-1,-1,-1,-1,-1,-1,-1,-1,-1,-1,-1,-1,[0|0|0|0|0|0|0|0|0|0|0|0]
5263,,0,30130000,30000000,30130000,31000000,-1,24000000,5000000,5000100,5000200,5000300,50000000,52000000,51000000,53000000,-1,-1,-1,-1,60000000,60010000,-1,-1,-1,-1,-1,-1,-1,-1,-1,-1,-1,1001,1051,130,300,1700,1400,900,-1,9500,-1,1,1,0,1,0,1,0,1,0,15,13,10,12,16,12,9,7,10,0,3,3,1,3,40,99,99,0,3,0,255,255,255,255,255,255,255,0,0,1,0,255,255,255,255,0,0,0,0,0,0,1,0,-1,-1,-1,-1,-1,-1,0,0,0,0,0,0,3,3,0,0,255,0,0,0,0,0,0,0,0,0,1,0,0,0,0,255,255,255,255,255,255,255,255,255,255,255,255,65000000,-1,-1,-1,-1,-1,-1,-1,-1,-1,-1,-1,-1,-1,[0|0|0|0|0|0|0|0|0|0|0|0]
5264,,0,30140000,30000000,30140000,31000000,-1,24000000,5000000,5000100,5000200,5000300,50000000,52000000,51000000,53000000,-1,-1,-1,-1,60000000,60010000,-1,-1,-1,-1,-1,-1,-1,-1,-1,-1,-1,1001,1051,130,300,1700,1400,900,-1,9500,-1,1,1,0,1,0,1,0,1,0,15,13,10,12,16,12,9,7,10,0,3,3,1,3,40,99,99,0,3,0,255,255,255,255,255,255,255,0,0,1,0,255,255,255,255,0,0,0,0,0,0,1,0,-1,-1,-1,-1,-1,-1,0,0,0,0,0,0,3,3,0,0,255,0,0,0,0,0,0,0,0,0,1,0,0,0,0,255,255,255,255,255,255,255,255,255,255,255,255,65000000,-1,-1,-1,-1,-1,-1,-1,-1,-1,-1,-1,-1,-1,[0|0|0|0|0|0|0|0|0|0|0|0]
5265,,0,30150000,30000000,30150000,31000000,-1,24000000,5000000,5000100,5000200,5000300,50000000,52000000,51000000,53000000,-1,-1,-1,-1,60000000,60010000,-1,-1,-1,-1,-1,-1,-1,-1,-1,-1,-1,1001,1051,130,300,1700,1400,900,-1,9500,-1,1,1,0,1,0,1,0,1,0,15,13,10,12,16,12,9,7,10,0,3,3,1,3,40,99,99,0,3,0,255,255,255,255,255,255,255,0,0,1,0,255,255,255,255,0,0,0,0,0,0,1,0,-1,-1,-1,-1,-1,-1,0,0,0,0,0,0,3,3,0,0,255,0,0,0,0,0,0,0,0,0,1,0,0,0,0,255,255,255,255,255,255,255,255,255,255,255,255,65000000,-1,-1,-1,-1,-1,-1,-1,-1,-1,-1,-1,-1,-1,[0|0|0|0|0|0|0|0|0|0|0|0]
5269,,0,30190000,30000000,30190000,31000000,-1,24000000,5000000,5000100,5000200,5000300,50000000,52000000,51000000,53000000,-1,-1,-1,-1,60000000,60010000,-1,-1,-1,-1,-1,-1,-1,-1,-1,-1,-1,1001,1051,130,300,1700,1400,900,-1,9500,-1,1,1,0,1,0,1,0,1,0,15,13,10,12,16,12,9,7,10,0,3,3,1,3,40,99,99,0,3,0,255,255,255,255,255,255,255,0,0,1,0,255,255,255,255,0,0,0,0,0,0,1,0,-1,-1,-1,-1,-1,-1,0,0,0,0,0,0,3,3,0,0,255,0,0,0,0,0,0,0,0,0,1,0,0,0,0,255,255,255,255,255,255,255,255,255,255,255,255,65000000,-1,-1,-1,-1,-1,-1,-1,-1,-1,-1,-1,-1,-1,[0|0|0|0|0|0|0|0|0|0|0|0]
5270,,0,30200000,30000000,30200000,31000000,-1,24000000,5000000,5000100,5000200,5000300,50000000,52000000,51000000,53000000,-1,-1,-1,-1,60000000,60010000,-1,-1,-1,-1,-1,-1,-1,-1,-1,-1,-1,1001,1051,130,300,1700,1400,900,-1,9500,-1,1,1,0,1,0,1,0,1,0,15,13,10,12,16,12,9,7,10,0,3,3,1,3,40,99,99,0,3,0,255,255,255,255,255,255,255,0,0,1,0,255,255,255,255,0,0,0,0,0,0,1,0,-1,-1,-1,-1,-1,-1,0,0,0,0,0,0,3,3,0,0,255,0,0,0,0,0,0,0,0,0,1,0,0,0,0,255,255,255,255,255,255,255,255,255,255,255,255,65000000,-1,-1,-1,-1,-1,-1,-1,-1,-1,-1,-1,-1,-1,[0|0|0|0|0|0|0|0|0|0|0|0]
5300,,0,31000000,31000000,31000000,31000000,-1,24000000,5000000,5000100,5000200,5000300,50000000,52000000,51000000,53000000,-1,-1,-1,-1,60000000,60010000,-1,-1,-1,-1,-1,-1,-1,-1,-1,-1,-1,1001,1051,130,300,1700,1400,900,-1,9500,-1,1,1,0,1,0,1,0,1,0,15,13,10,12,16,12,9,7,10,0,3,3,1,3,40,99,99,0,3,0,255,255,255,255,255,255,255,0,0,1,0,255,255,255,255,0,0,0,0,0,0,1,0,-1,-1,-1,-1,-1,-1,0,0,0,0,0,0,3,3,0,0,255,0,0,0,0,0,0,0,0,0,1,0,0,0,0,255,255,255,255,255,255,255,255,255,255,255,255,65000000,-1,-1,-1,-1,-1,-1,-1,-1,-1,-1,-1,-1,-1,[0|0|0|0|0|0|0|0|0|0|0|0]
5301,,0,31010000,31000000,31010000,31000000,-1,24000000,5000000,5000100,5000200,5000300,50000000,52000000,51000000,53000000,-1,-1,-1,-1,60000000,60010000,-1,-1,-1,-1,-1,-1,-1,-1,-1,-1,-1,1001,1051,130,300,1700,1400,900,-1,9500,-1,1,1,0,1,0,1,0,1,0,15,13,10,12,16,12,9,7,10,0,3,3,1,3,40,99,99,0,3,0,255,255,255,255,255,255,255,0,0,1,0,255,255,255,255,0,0,0,0,0,0,1,0,-1,-1,-1,-1,-1,-1,0,0,0,0,0,0,3,3,0,0,255,0,0,0,0,0,0,0,0,0,1,0,0,0,0,255,255,255,255,255,255,255,255,255,255,255,255,65000000,-1,-1,-1,-1,-1,-1,-1,-1,-1,-1,-1,-1,-1,[0|0|0|0|0|0|0|0|0|0|0|0]
5302,,0,31020000,31000000,31020000,31000000,-1,24000000,5000000,5000100,5000200,5000300,50000000,52000000,51000000,53000000,-1,-1,-1,-1,60000000,60010000,-1,-1,-1,-1,-1,-1,-1,-1,-1,-1,-1,1001,1051,130,300,1700,1400,900,-1,9500,-1,1,1,0,1,0,1,0,1,0,15,13,10,12,16,12,9,7,10,0,3,3,1,3,40,99,99,0,3,0,255,255,255,255,255,255,255,0,0,1,0,255,255,255,255,0,0,0,0,0,0,1,0,-1,-1,-1,-1,-1,-1,0,0,0,0,0,0,3,3,0,0,255,0,0,0,0,0,0,0,0,0,1,0,0,0,0,255,255,255,255,255,255,255,255,255,255,255,255,65000000,-1,-1,-1,-1,-1,-1,-1,-1,-1,-1,-1,-1,-1,[0|0|0|0|0|0|0|0|0|0|0|0]
5303,,0,31030000,31000000,31030000,31000000,-1,24000000,5000000,5000100,5000200,5000300,50000000,52000000,51000000,53000000,-1,-1,-1,-1,60000000,60010000,-1,-1,-1,-1,-1,-1,-1,-1,-1,-1,-1,1001,1051,130,300,1700,1400,900,-1,9500,-1,1,1,0,1,0,1,0,1,0,15,13,10,12,16,12,9,7,10,0,3,3,1,3,40,99,99,0,3,0,255,255,255,255,255,255,255,0,0,1,0,255,255,255,255,0,0,0,0,0,0,1,0,-1,-1,-1,-1,-1,-1,0,0,0,0,0,0,3,3,0,0,255,0,0,0,0,0,0,0,0,0,1,0,0,0,0,255,255,255,255,255,255,255,255,255,255,255,255,65000000,-1,-1,-1,-1,-1,-1,-1,-1,-1,-1,-1,-1,-1,[0|0|0|0|0|0|0|0|0|0|0|0]
5304,,0,31040000,31000000,31040000,31000000,-1,24000000,5000000,5000100,5000200,5000300,50000000,52000000,51000000,53000000,-1,-1,-1,-1,60000000,60010000,-1,-1,-1,-1,-1,-1,-1,-1,-1,-1,-1,1001,1051,130,300,1700,1400,900,-1,9500,-1,1,1,0,1,0,1,0,1,0,15,13,10,12,16,12,9,7,10,0,3,3,1,3,40,99,99,0,3,0,255,255,255,255,255,255,255,0,0,1,0,255,255,255,255,0,0,0,0,0,0,1,0,-1,-1,-1,-1,-1,-1,0,0,0,0,0,0,3,3,0,0,255,0,0,0,0,0,0,0,0,0,1,0,0,0,0,255,255,255,255,255,255,255,255,255,255,255,255,65000000,-1,-1,-1,-1,-1,-1,-1,-1,-1,-1,-1,-1,-1,[0|0|0|0|0|0|0|0|0|0|0|0]
5305,,0,31050000,31000000,31050000,31000000,-1,24000000,5000000,5000100,5000200,5000300,50000000,52000000,51000000,53000000,-1,-1,-1,-1,60000000,60010000,-1,-1,-1,-1,-1,-1,-1,-1,-1,-1,-1,1001,1051,130,300,1700,1400,900,-1,9500,-1,1,1,0,1,0,1,0,1,0,15,13,10,12,16,12,9,7,10,0,3,3,1,3,40,99,99,0,3,0,255,255,255,255,255,255,255,0,0,1,0,255,255,255,255,0,0,0,0,0,0,1,0,-1,-1,-1,-1,-1,-1,0,0,0,0,0,0,3,3,0,0,255,0,0,0,0,0,0,0,0,0,1,0,0,0,0,255,255,255,255,255,255,255,255,255,255,255,255,65000000,-1,-1,-1,-1,-1,-1,-1,-1,-1,-1,-1,-1,-1,[0|0|0|0|0|0|0|0|0|0|0|0]
5306,,0,31060000,31000000,31060000,31000000,-1,24000000,5000000,5000100,5000200,5000300,50000000,52000000,51000000,53000000,-1,-1,-1,-1,60000000,60010000,-1,-1,-1,-1,-1,-1,-1,-1,-1,-1,-1,1001,1051,130,300,1700,1400,900,-1,9500,-1,1,1,0,1,0,1,0,1,0,15,13,10,12,16,12,9,7,10,0,3,3,1,3,40,99,99,0,3,0,255,255,255,255,255,255,255,0,0,1,0,255,255,255,255,0,0,0,0,0,0,1,0,-1,-1,-1,-1,-1,-1,0,0,0,0,0,0,3,3,0,0,255,0,0,0,0,0,0,0,0,0,1,0,0,0,0,255,255,255,255,255,255,255,255,255,255,255,255,65000000,-1,-1,-1,-1,-1,-1,-1,-1,-1,-1,-1,-1,-1,[0|0|0|0|0|0|0|0|0|0|0|0]
5307,,0,31070000,31000000,31070000,31000000,-1,24000000,5000000,5000100,5000200,5000300,50000000,52000000,51000000,53000000,-1,-1,-1,-1,60000000,60010000,-1,-1,-1,-1,-1,-1,-1,-1,-1,-1,-1,1001,1051,130,300,1700,1400,900,-1,9500,-1,1,1,0,1,0,1,0,1,0,15,13,10,12,16,12,9,7,10,0,3,3,1,3,40,99,99,0,3,0,255,255,255,255,255,255,255,0,0,1,0,255,255,255,255,0,0,0,0,0,0,1,0,-1,-1,-1,-1,-1,-1,0,0,0,0,0,0,3,3,0,0,255,0,0,0,0,0,0,0,0,0,1,0,0,0,0,255,255,255,255,255,255,255,255,255,255,255,255,65000000,-1,-1,-1,-1,-1,-1,-1,-1,-1,-1,-1,-1,-1,[0|0|0|0|0|0|0|0|0|0|0|0]
5308,,0,31080000,31000000,31080000,31000000,-1,24000000,5000000,5000100,5000200,5000300,50000000,52000000,51000000,53000000,-1,-1,-1,-1,60000000,60010000,-1,-1,-1,-1,-1,-1,-1,-1,-1,-1,-1,1001,1051,130,300,1700,1400,900,-1,9500,-1,1,1,0,1,0,1,0,1,0,15,13,10,12,16,12,9,7,10,0,3,3,1,3,40,99,99,0,3,0,255,255,255,255,255,255,255,0,0,1,0,255,255,255,255,0,0,0,0,0,0,1,0,-1,-1,-1,-1,-1,-1,0,0,0,0,0,0,3,3,0,0,255,0,0,0,0,0,0,0,0,0,1,0,0,0,0,255,255,255,255,255,255,255,255,255,255,255,255,65000000,-1,-1,-1,-1,-1,-1,-1,-1,-1,-1,-1,-1,-1,[0|0|0|0|0|0|0|0|0|0|0|0]
5309,,0,31090000,31000000,31090000,31000000,-1,24000000,5000000,5000100,5000200,5000300,50000000,52000000,51000000,53000000,-1,-1,-1,-1,60000000,60010000,-1,-1,-1,-1,-1,-1,-1,-1,-1,-1,-1,1001,1051,130,300,1700,1400,900,-1,9500,-1,1,1,0,1,0,1,0,1,0,15,13,10,12,16,12,9,7,10,0,3,3,1,3,40,99,99,0,3,0,255,255,255,255,255,255,255,0,0,1,0,255,255,255,255,0,0,0,0,0,0,1,0,-1,-1,-1,-1,-1,-1,0,0,0,0,0,0,3,3,0,0,255,0,0,0,0,0,0,0,0,0,1,0,0,0,0,255,255,255,255,255,255,255,255,255,255,255,255,65000000,-1,-1,-1,-1,-1,-1,-1,-1,-1,-1,-1,-1,-1,[0|0|0|0|0|0|0|0|0|0|0|0]
5310,,0,31100000,31000000,31100000,31000000,-1,24000000,5000000,5000100,5000200,5000300,50000000,52000000,51000000,53000000,-1,-1,-1,-1,60000000,60010000,-1,-1,-1,-1,-1,-1,-1,-1,-1,-1,-1,1001,1051,130,300,1700,1400,900,-1,9500,-1,1,1,0,1,0,1,0,1,0,15,13,10,12,16,12,9,7,10,0,3,3,1,3,40,99,99,0,3,0,255,255,255,255,255,255,255,0,0,1,0,255,255,255,255,0,0,0,0,0,0,1,0,-1,-1,-1,-1,-1,-1,0,0,0,0,0,0,3,3,0,0,255,0,0,0,0,0,0,0,0,0,1,0,0,0,0,255,255,255,255,255,255,255,255,255,255,255,255,65000000,-1,-1,-1,-1,-1,-1,-1,-1,-1,-1,-1,-1,-1,[0|0|0|0|0|0|0|0|0|0|0|0]
5311,,0,31130000,31000000,31130000,31000000,-1,24000000,5000000,5000100,5000200,5000300,50000000,52000000,51000000,53000000,-1,-1,-1,-1,60000000,60010000,-1,-1,-1,-1,-1,-1,-1,-1,-1,-1,-1,1001,1051,130,300,1700,1400,900,-1,9500,-1,1,1,0,1,0,1,0,1,0,15,13,10,12,16,12,9,7,10,0,3,3,1,3,40,99,99,0,3,0,255,255,255,255,255,255,255,0,0,1,0,255,255,255,255,0,0,0,0,0,0,1,0,-1,-1,-1,-1,-1,-1,0,0,0,0,0,0,3,3,0,0,255,0,0,0,0,0,0,0,0,0,1,0,0,0,0,255,255,255,255,255,255,255,255,255,255,255,255,65000000,-1,-1,-1,-1,-1,-1,-1,-1,-1,-1,-1,-1,-1,[0|0|0|0|0|0|0|0|0|0|0|0]
5312,,0,31140000,31000000,31140000,31000000,-1,24000000,5000000,5000100,5000200,5000300,50000000,52000000,51000000,53000000,-1,-1,-1,-1,60000000,60010000,-1,-1,-1,-1,-1,-1,-1,-1,-1,-1,-1,1001,1051,130,300,1700,1400,900,-1,9500,-1,1,1,0,1,0,1,0,1,0,15,13,10,12,16,12,9,7,10,0,3,3,1,3,40,99,99,0,3,0,255,255,255,255,255,255,255,0,0,1,0,255,255,255,255,0,0,0,0,0,0,1,0,-1,-1,-1,-1,-1,-1,0,0,0,0,0,0,3,3,0,0,255,0,0,0,0,0,0,0,0,0,1,0,0,0,0,255,255,255,255,255,255,255,255,255,255,255,255,65000000,-1,-1,-1,-1,-1,-1,-1,-1,-1,-1,-1,-1,-1,[0|0|0|0|0|0|0|0|0|0|0|0]
5313,,0,31170000,31000000,31170000,31000000,-1,24000000,5000000,5000100,5000200,5000300,50000000,52000000,51000000,53000000,-1,-1,-1,-1,60000000,60010000,-1,-1,-1,-1,-1,-1,-1,-1,-1,-1,-1,1001,1051,130,300,1700,1400,900,-1,9500,-1,1,1,0,1,0,1,0,1,0,15,13,10,12,16,12,9,7,10,0,3,3,1,3,40,99,99,0,3,0,255,255,255,255,255,255,255,0,0,1,0,255,255,255,255,0,0,0,0,0,0,1,0,-1,-1,-1,-1,-1,-1,0,0,0,0,0,0,3,3,0,0,255,0,0,0,0,0,0,0,0,0,1,0,0,0,0,255,255,255,255,255,255,255,255,255,255,255,255,65000000,-1,-1,-1,-1,-1,-1,-1,-1,-1,-1,-1,-1,-1,[0|0|0|0|0|0|0|0|0|0|0|0]
5315,,0,31190000,31000000,31190000,31000000,-1,24000000,5000000,5000100,5000200,5000300,50000000,52000000,51000000,53000000,-1,-1,-1,-1,60000000,60010000,-1,-1,-1,-1,-1,-1,-1,-1,-1,-1,-1,1001,1051,130,300,1700,1400,900,-1,9500,-1,1,1,0,1,0,1,0,1,0,15,13,10,12,16,12,9,7,10,0,3,3,1,3,40,99,99,0,3,0,255,255,255,255,255,255,255,0,0,1,0,255,255,255,255,0,0,0,0,0,0,1,0,-1,-1,-1,-1,-1,-1,0,0,0,0,0,0,3,3,0,0,255,0,0,0,0,0,0,0,0,0,1,0,0,0,0,255,255,255,255,255,255,255,255,255,255,255,255,65000000,-1,-1,-1,-1,-1,-1,-1,-1,-1,-1,-1,-1,-1,[0|0|0|0|0|0|0|0|0|0|0|0]
5319,,0,31230000,31000000,31230000,31000000,-1,24000000,5000000,5000100,5000200,5000300,50000000,52000000,51000000,53000000,-1,-1,-1,-1,60000000,60010000,-1,-1,-1,-1,-1,-1,-1,-1,-1,-1,-1,1001,1051,130,300,1700,1400,900,-1,9500,-1,1,1,0,1,0,1,0,1,0,15,13,10,12,16,12,9,7,10,0,3,3,1,3,40,99,99,0,3,0,255,255,255,255,255,255,255,0,0,1,0,255,255,255,255,0,0,0,0,0,0,1,0,-1,-1,-1,-1,-1,-1,0,0,0,0,0,0,3,3,0,0,255,0,0,0,0,0,0,0,0,0,1,0,0,0,0,255,255,255,255,255,255,255,255,255,255,255,255,65000000,-1,-1,-1,-1,-1,-1,-1,-1,-1,-1,-1,-1,-1,[0|0|0|0|0|0|0|0|0|0|0|0]
5320,,0,31240000,31000000,31240000,31000000,-1,24000000,5000000,5000100,5000200,5000300,50000000,52000000,51000000,53000000,-1,-1,-1,-1,60000000,60010000,-1,-1,-1,-1,-1,-1,-1,-1,-1,-1,-1,1001,1051,130,300,1700,1400,900,-1,9500,-1,1,1,0,1,0,1,0,1,0,15,13,10,12,16,12,9,7,10,0,3,3,1,3,40,99,99,0,3,0,255,255,255,255,255,255,255,0,0,1,0,255,255,255,255,0,0,0,0,0,0,1,0,-1,-1,-1,-1,-1,-1,0,0,0,0,0,0,3,3,0,0,255,0,0,0,0,0,0,0,0,0,1,0,0,0,0,255,255,255,255,255,255,255,255,255,255,255,255,65000000,-1,-1,-1,-1,-1,-1,-1,-1,-1,-1,-1,-1,-1,[0|0|0|0|0|0|0|0|0|0|0|0]
5321,,0,31250000,31000000,31250000,31000000,-1,24000000,5000000,5000100,5000200,5000300,50000000,52000000,51000000,53000000,-1,-1,-1,-1,60000000,60010000,-1,-1,-1,-1,-1,-1,-1,-1,-1,-1,-1,1001,1051,130,300,1700,1400,900,-1,9500,-1,1,1,0,1,0,1,0,1,0,15,13,10,12,16,12,9,7,10,0,3,3,1,3,40,99,99,0,3,0,255,255,255,255,255,255,255,0,0,1,0,255,255,255,255,0,0,0,0,0,0,1,0,-1,-1,-1,-1,-1,-1,0,0,0,0,0,0,3,3,0,0,255,0,0,0,0,0,0,0,0,0,1,0,0,0,0,255,255,255,255,255,255,255,255,255,255,255,255,65000000,-1,-1,-1,-1,-1,-1,-1,-1,-1,-1,-1,-1,-1,[0|0|0|0|0|0|0|0|0|0|0|0]
5322,,0,31260000,31000000,31260000,31000000,-1,24000000,5000000,5000100,5000200,5000300,50000000,52000000,51000000,53000000,-1,-1,-1,-1,60000000,60010000,-1,-1,-1,-1,-1,-1,-1,-1,-1,-1,-1,1001,1051,130,300,1700,1400,900,-1,9500,-1,1,1,0,1,0,1,0,1,0,15,13,10,12,16,12,9,7,10,0,3,3,1,3,40,99,99,0,3,0,255,255,255,255,255,255,255,0,0,1,0,255,255,255,255,0,0,0,0,0,0,1,0,-1,-1,-1,-1,-1,-1,0,0,0,0,0,0,3,3,0,0,255,0,0,0,0,0,0,0,0,0,1,0,0,0,0,255,255,255,255,255,255,255,255,255,255,255,255,65000000,-1,-1,-1,-1,-1,-1,-1,-1,-1,-1,-1,-1,-1,[0|0|0|0|0|0|0|0|0|0|0|0]
5323,,0,31270000,31000000,31270000,31000000,-1,24000000,5000000,5000100,5000200,5000300,50000000,52000000,51000000,53000000,-1,-1,-1,-1,60000000,60010000,-1,-1,-1,-1,-1,-1,-1,-1,-1,-1,-1,1001,1051,130,300,1700,1400,900,-1,9500,-1,1,1,0,1,0,1,0,1,0,15,13,10,12,16,12,9,7,10,0,3,3,1,3,40,99,99,0,3,0,255,255,255,255,255,255,255,0,0,1,0,255,255,255,255,0,0,0,0,0,0,1,0,-1,-1,-1,-1,-1,-1,0,0,0,0,0,0,3,3,0,0,255,0,0,0,0,0,0,0,0,0,1,0,0,0,0,255,255,255,255,255,255,255,255,255,255,255,255,65000000,-1,-1,-1,-1,-1,-1,-1,-1,-1,-1,-1,-1,-1,[0|0|0|0|0|0|0|0|0|0|0|0]
5324,,0,31280000,31000000,31280000,31000000,-1,24000000,5000000,5000100,5000200,5000300,50000000,52000000,51000000,53000000,-1,-1,-1,-1,60000000,60010000,-1,-1,-1,-1,-1,-1,-1,-1,-1,-1,-1,1001,1051,130,300,1700,1400,900,-1,9500,-1,1,1,0,1,0,1,0,1,0,15,13,10,12,16,12,9,7,10,0,3,3,1,3,40,99,99,0,3,0,255,255,255,255,255,255,255,0,0,1,0,255,255,255,255,0,0,0,0,0,0,1,0,-1,-1,-1,-1,-1,-1,0,0,0,0,0,0,3,3,0,0,255,0,0,0,0,0,0,0,0,0,1,0,0,0,0,255,255,255,255,255,255,255,255,255,255,255,255,65000000,-1,-1,-1,-1,-1,-1,-1,-1,-1,-1,-1,-1,-1,[0|0|0|0|0|0|0|0|0|0|0|0]
5325,,0,31290000,31000000,31290000,31000000,-1,24000000,5000000,5000100,5000200,5000300,50000000,52000000,51000000,53000000,-1,-1,-1,-1,60000000,60010000,-1,-1,-1,-1,-1,-1,-1,-1,-1,-1,-1,1001,1051,130,300,1700,1400,900,-1,9500,-1,1,1,0,1,0,1,0,1,0,15,13,10,12,16,12,9,7,10,0,3,3,1,3,40,99,99,0,3,0,255,255,255,255,255,255,255,0,0,1,0,255,255,255,255,0,0,0,0,0,0,1,0,-1,-1,-1,-1,-1,-1,0,0,0,0,0,0,3,3,0,0,255,0,0,0,0,0,0,0,0,0,1,0,0,0,0,255,255,255,255,255,255,255,255,255,255,255,255,65000000,-1,-1,-1,-1,-1,-1,-1,-1,-1,-1,-1,-1,-1,[0|0|0|0|0|0|0|0|0|0|0|0]
5326,,0,31300000,31000000,31300000,31000000,-1,24000000,5000000,5000100,5000200,5000300,50000000,52000000,51000000,53000000,-1,-1,-1,-1,60000000,60010000,-1,-1,-1,-1,-1,-1,-1,-1,-1,-1,-1,1001,1051,130,300,1700,1400,900,-1,9500,-1,1,1,0,1,0,1,0,1,0,15,13,10,12,16,12,9,7,10,0,3,3,1,3,40,99,99,0,3,0,255,255,255,255,255,255,255,0,0,1,0,255,255,255,255,0,0,0,0,0,0,1,0,-1,-1,-1,-1,-1,-1,0,0,0,0,0,0,3,3,0,0,255,0,0,0,0,0,0,0,0,0,1,0,0,0,0,255,255,255,255,255,255,255,255,255,255,255,255,65000000,-1,-1,-1,-1,-1,-1,-1,-1,-1,-1,-1,-1,-1,[0|0|0|0|0|0|0|0|0|0|0|0]
5327,,0,31310000,31000000,31310000,31000000,-1,24000000,5000000,5000100,5000200,5000300,50000000,52000000,51000000,53000000,-1,-1,-1,-1,60000000,60010000,-1,-1,-1,-1,-1,-1,-1,-1,-1,-1,-1,1001,1051,130,300,1700,1400,900,-1,9500,-1,1,1,0,1,0,1,0,1,0,15,13,10,12,16,12,9,7,10,0,3,3,1,3,40,99,99,0,3,0,255,255,255,255,255,255,255,0,0,1,0,255,255,255,255,0,0,0,0,0,0,1,0,-1,-1,-1,-1,-1,-1,0,0,0,0,0,0,3,3,0,0,255,0,0,0,0,0,0,0,0,0,1,0,0,0,0,255,255,255,255,255,255,255,255,255,255,255,255,65000000,-1,-1,-1,-1,-1,-1,-1,-1,-1,-1,-1,-1,-1,[0|0|0|0|0|0|0|0|0|0|0|0]
5328,,0,31320000,31000000,31320000,31000000,-1,24000000,5000000,5000100,5000200,5000300,50000000,52000000,51000000,53000000,-1,-1,-1,-1,60000000,60010000,-1,-1,-1,-1,-1,-1,-1,-1,-1,-1,-1,1001,1051,130,300,1700,1400,900,-1,9500,-1,1,1,0,1,0,1,0,1,0,15,13,10,12,16,12,9,7,10,0,3,3,1,3,40,99,99,0,3,0,255,255,255,255,255,255,255,0,0,1,0,255,255,255,255,0,0,0,0,0,0,1,0,-1,-1,-1,-1,-1,-1,0,0,0,0,0,0,3,3,0,0,255,0,0,0,0,0,0,0,0,0,1,0,0,0,0,255,255,255,255,255,255,255,255,255,255,255,255,65000000,-1,-1,-1,-1,-1,-1,-1,-1,-1,-1,-1,-1,-1,[0|0|0|0|0|0|0|0|0|0|0|0]
5329,,0,31330000,31000000,31330000,31000000,-1,24000000,5000000,5000100,5000200,5000300,50000000,52000000,51000000,53000000,-1,-1,-1,-1,60000000,60010000,-1,-1,-1,-1,-1,-1,-1,-1,-1,-1,-1,1001,1051,130,300,1700,1400,900,-1,9500,-1,1,1,0,1,0,1,0,1,0,15,13,10,12,16,12,9,7,10,0,3,3,1,3,40,99,99,0,3,0,255,255,255,255,255,255,255,0,0,1,0,255,255,255,255,0,0,0,0,0,0,1,0,-1,-1,-1,-1,-1,-1,0,0,0,0,0,0,3,3,0,0,255,0,0,0,0,0,0,0,0,0,1,0,0,0,0,255,255,255,255,255,255,255,255,255,255,255,255,65000000,-1,-1,-1,-1,-1,-1,-1,-1,-1,-1,-1,-1,-1,[0|0|0|0|0|0|0|0|0|0|0|0]
5330,,0,31340000,31000000,31340000,31000000,-1,24000000,5000000,5000100,5000200,5000300,50000000,52000000,51000000,53000000,-1,-1,-1,-1,60000000,60010000,-1,-1,-1,-1,-1,-1,-1,-1,-1,-1,-1,1001,1051,130,300,1700,1400,900,-1,9500,-1,1,1,0,1,0,1,0,1,0,15,13,10,12,16,12,9,7,10,0,3,3,1,3,40,99,99,0,3,0,255,255,255,255,255,255,255,0,0,1,0,255,255,255,255,0,0,0,0,0,0,1,0,-1,-1,-1,-1,-1,-1,0,0,0,0,0,0,3,3,0,0,255,0,0,0,0,0,0,0,0,0,1,0,0,0,0,255,255,255,255,255,255,255,255,255,255,255,255,65000000,-1,-1,-1,-1,-1,-1,-1,-1,-1,-1,-1,-1,-1,[0|0|0|0|0|0|0|0|0|0|0|0]
5350,,0,32000000,32000000,32000000,31000000,-1,24000000,5000000,5000100,5000200,5000300,50000000,52000000,51000000,53000000,-1,-1,-1,-1,60000000,60010000,-1,-1,-1,-1,-1,-1,-1,-1,-1,-1,-1,1001,1051,130,300,1700,1400,900,-1,9500,-1,1,1,0,1,0,1,0,1,0,15,13,10,12,16,12,9,7,10,0,3,3,1,3,40,99,99,0,3,0,255,255,255,255,255,255,255,0,0,1,0,255,255,255,255,0,0,0,0,0,0,1,0,-1,-1,-1,-1,-1,-1,0,0,0,0,0,0,3,3,0,0,255,0,0,0,0,0,0,0,0,0,1,0,0,0,0,255,255,255,255,255,255,255,255,255,255,255,255,65000000,-1,-1,-1,-1,-1,-1,-1,-1,-1,-1,-1,-1,-1,[0|0|0|0|0|0|0|0|0|0|0|0]
5351,,0,32020000,32000000,32020000,31000000,-1,24000000,5000000,5000100,5000200,5000300,50000000,52000000,51000000,53000000,-1,-1,-1,-1,60000000,60010000,-1,-1,-1,-1,-1,-1,-1,-1,-1,-1,-1,1001,1051,130,300,1700,1400,900,-1,9500,-1,1,1,0,1,0,1,0,1,0,15,13,10,12,16,12,9,7,10,0,3,3,1,3,40,99,99,0,3,0,255,255,255,255,255,255,255,0,0,1,0,255,255,255,255,0,0,0,0,0,0,1,0,-1,-1,-1,-1,-1,-1,0,0,0,0,0,0,3,3,0,0,255,0,0,0,0,0,0,0,0,0,1,0,0,0,0,255,255,255,255,255,255,255,255,255,255,255,255,65000000,-1,-1,-1,-1,-1,-1,-1,-1,-1,-1,-1,-1,-1,[0|0|0|0|0|0|0|0|0|0|0|0]
5352,,0,32030000,32000000,32030000,31000000,-1,24000000,5000000,5000100,5000200,5000300,50000000,52000000,51000000,53000000,-1,-1,-1,-1,60000000,60010000,-1,-1,-1,-1,-1,-1,-1,-1,-1,-1,-1,1001,1051,130,300,1700,1400,900,-1,9500,-1,1,1,0,1,0,1,0,1,0,15,13,10,12,16,12,9,7,10,0,3,3,1,3,40,99,99,0,3,0,255,255,255,255,255,255,255,0,0,1,0,255,255,255,255,0,0,0,0,0,0,1,0,-1,-1,-1,-1,-1,-1,0,0,0,0,0,0,3,3,0,0,255,0,0,0,0,0,0,0,0,0,1,0,0,0,0,255,255,255,255,255,255,255,255,255,255,255,255,65000000,-1,-1,-1,-1,-1,-1,-1,-1,-1,-1,-1,-1,-1,[0|0|0|0|0|0|0|0|0|0|0|0]
5353,,0,32040000,32000000,32040000,31000000,-1,24000000,5000000,5000100,5000200,5000300,50000000,52000000,51000000,53000000,-1,-1,-1,-1,60000000,60010000,-1,-1,-1,-1,-1,-1,-1,-1,-1,-1,-1,1001,1051,130,300,1700,1400,900,-1,9500,-1,1,1,0,1,0,1,0,1,0,15,13,10,12,16,12,9,7,10,0,3,3,1,3,40,99,99,0,3,0,255,255,255,255,255,255,255,0,0,1,0,255,255,255,255,0,0,0,0,0,0,1,0,-1,-1,-1,-1,-1,-1,0,0,0,0,0,0,3,3,0,0,255,0,0,0,0,0,0,0,0,0,1,0,0,0,0,255,255,255,255,255,255,255,255,255,255,255,255,65000000,-1,-1,-1,-1,-1,-1,-1,-1,-1,-1,-1,-1,-1,[0|0|0|0|0|0|0|0|0|0|0|0]
5354,,0,32050000,32000000,32050000,31000000,-1,24000000,5000000,5000100,5000200,5000300,50000000,52000000,51000000,53000000,-1,-1,-1,-1,60000000,60010000,-1,-1,-1,-1,-1,-1,-1,-1,-1,-1,-1,1001,1051,130,300,1700,1400,900,-1,9500,-1,1,1,0,1,0,1,0,1,0,15,13,10,12,16,12,9,7,10,0,3,3,1,3,40,99,99,0,3,0,255,255,255,255,255,255,255,0,0,1,0,255,255,255,255,0,0,0,0,0,0,1,0,-1,-1,-1,-1,-1,-1,0,0,0,0,0,0,3,3,0,0,255,0,0,0,0,0,0,0,0,0,1,0,0,0,0,255,255,255,255,255,255,255,255,255,255,255,255,65000000,-1,-1,-1,-1,-1,-1,-1,-1,-1,-1,-1,-1,-1,[0|0|0|0|0|0|0|0|0|0|0|0]
5355,,0,32080000,32000000,32080000,31000000,-1,24000000,5000000,5000100,5000200,5000300,50000000,52000000,51000000,53000000,-1,-1,-1,-1,60000000,60010000,-1,-1,-1,-1,-1,-1,-1,-1,-1,-1,-1,1001,1051,130,300,1700,1400,900,-1,9500,-1,1,1,0,1,0,1,0,1,0,15,13,10,12,16,12,9,7,10,0,3,3,1,3,40,99,99,0,3,0,255,255,255,255,255,255,255,0,0,1,0,255,255,255,255,0,0,0,0,0,0,1,0,-1,-1,-1,-1,-1,-1,0,0,0,0,0,0,3,3,0,0,255,0,0,0,0,0,0,0,0,0,1,0,0,0,0,255,255,255,255,255,255,255,255,255,255,255,255,65000000,-1,-1,-1,-1,-1,-1,-1,-1,-1,-1,-1,-1,-1,[0|0|0|0|0|0|0|0|0|0|0|0]
5356,,0,32090000,32000000,32090000,31000000,-1,24000000,5000000,5000100,5000200,5000300,50000000,52000000,51000000,53000000,-1,-1,-1,-1,60000000,60010000,-1,-1,-1,-1,-1,-1,-1,-1,-1,-1,-1,1001,1051,130,300,1700,1400,900,-1,9500,-1,1,1,0,1,0,1,0,1,0,15,13,10,12,16,12,9,7,10,0,3,3,1,3,40,99,99,0,3,0,255,255,255,255,255,255,255,0,0,1,0,255,255,255,255,0,0,0,0,0,0,1,0,-1,-1,-1,-1,-1,-1,0,0,0,0,0,0,3,3,0,0,255,0,0,0,0,0,0,0,0,0,1,0,0,0,0,255,255,255,255,255,255,255,255,255,255,255,255,65000000,-1,-1,-1,-1,-1,-1,-1,-1,-1,-1,-1,-1,-1,[0|0|0|0|0|0|0|0|0|0|0|0]
5359,,0,32120000,32000000,32120000,31000000,-1,24000000,5000000,5000100,5000200,5000300,50000000,52000000,51000000,53000000,-1,-1,-1,-1,60000000,60010000,-1,-1,-1,-1,-1,-1,-1,-1,-1,-1,-1,1001,1051,130,300,1700,1400,900,-1,9500,-1,1,1,0,1,0,1,0,1,0,15,13,10,12,16,12,9,7,10,0,3,3,1,3,40,99,99,0,3,0,255,255,255,255,255,255,255,0,0,1,0,255,255,255,255,0,0,0,0,0,0,1,0,-1,-1,-1,-1,-1,-1,0,0,0,0,0,0,3,3,0,0,255,0,0,0,0,0,0,0,0,0,1,0,0,0,0,255,255,255,255,255,255,255,255,255,255,255,255,65000000,-1,-1,-1,-1,-1,-1,-1,-1,-1,-1,-1,-1,-1,[0|0|0|0|0|0|0|0|0|0|0|0]
5360,,0,32130000,32000000,32130000,31000000,-1,24000000,5000000,5000100,5000200,5000300,50000000,52000000,51000000,53000000,-1,-1,-1,-1,60000000,60010000,-1,-1,-1,-1,-1,-1,-1,-1,-1,-1,-1,1001,1051,130,300,1700,1400,900,-1,9500,-1,1,1,0,1,0,1,0,1,0,15,13,10,12,16,12,9,7,10,0,3,3,1,3,40,99,99,0,3,0,255,255,255,255,255,255,255,0,0,1,0,255,255,255,255,0,0,0,0,0,0,1,0,-1,-1,-1,-1,-1,-1,0,0,0,0,0,0,3,3,0,0,255,0,0,0,0,0,0,0,0,0,1,0,0,0,0,255,255,255,255,255,255,255,255,255,255,255,255,65000000,-1,-1,-1,-1,-1,-1,-1,-1,-1,-1,-1,-1,-1,[0|0|0|0|0|0|0|0|0|0|0|0]
5361,,0,32140000,32000000,32140000,31000000,-1,24000000,5000000,5000100,5000200,5000300,50000000,52000000,51000000,53000000,-1,-1,-1,-1,60000000,60010000,-1,-1,-1,-1,-1,-1,-1,-1,-1,-1,-1,1001,1051,130,300,1700,1400,900,-1,9500,-1,1,1,0,1,0,1,0,1,0,15,13,10,12,16,12,9,7,10,0,3,3,1,3,40,99,99,0,3,0,255,255,255,255,255,255,255,0,0,1,0,255,255,255,255,0,0,0,0,0,0,1,0,-1,-1,-1,-1,-1,-1,0,0,0,0,0,0,3,3,0,0,255,0,0,0,0,0,0,0,0,0,1,0,0,0,0,255,255,255,255,255,255,255,255,255,255,255,255,65000000,-1,-1,-1,-1,-1,-1,-1,-1,-1,-1,-1,-1,-1,[0|0|0|0|0|0|0|0|0|0|0|0]
5362,,0,32150000,32000000,32150000,31000000,-1,24000000,5000000,5000100,5000200,5000300,50000000,52000000,51000000,53000000,-1,-1,-1,-1,60000000,60010000,-1,-1,-1,-1,-1,-1,-1,-1,-1,-1,-1,1001,1051,130,300,1700,1400,900,-1,9500,-1,1,1,0,1,0,1,0,1,0,15,13,10,12,16,12,9,7,10,0,3,3,1,3,40,99,99,0,3,0,255,255,255,255,255,255,255,0,0,1,0,255,255,255,255,0,0,0,0,0,0,1,0,-1,-1,-1,-1,-1,-1,0,0,0,0,0,0,3,3,0,0,255,0,0,0,0,0,0,0,0,0,1,0,0,0,0,255,255,255,255,255,255,255,255,255,255,255,255,65000000,-1,-1,-1,-1,-1,-1,-1,-1,-1,-1,-1,-1,-1,[0|0|0|0|0|0|0|0|0|0|0|0]
5363,,0,32160000,32000000,32160000,31000000,-1,24000000,5000000,5000100,5000200,5000300,50000000,52000000,51000000,53000000,-1,-1,-1,-1,60000000,60010000,-1,-1,-1,-1,-1,-1,-1,-1,-1,-1,-1,1001,1051,130,300,1700,1400,900,-1,9500,-1,1,1,0,1,0,1,0,1,0,15,13,10,12,16,12,9,7,10,0,3,3,1,3,40,99,99,0,3,0,255,255,255,255,255,255,255,0,0,1,0,255,255,255,255,0,0,0,0,0,0,1,0,-1,-1,-1,-1,-1,-1,0,0,0,0,0,0,3,3,0,0,255,0,0,0,0,0,0,0,0,0,1,0,0,0,0,255,255,255,255,255,255,255,255,255,255,255,255,65000000,-1,-1,-1,-1,-1,-1,-1,-1,-1,-1,-1,-1,-1,[0|0|0|0|0|0|0|0|0|0|0|0]
5364,,0,32170000,32000000,32170000,31000000,-1,24000000,5000000,5000100,5000200,5000300,50000000,52000000,51000000,53000000,-1,-1,-1,-1,60000000,60010000,-1,-1,-1,-1,-1,-1,-1,-1,-1,-1,-1,1001,1051,130,300,1700,1400,900,-1,9500,-1,1,1,0,1,0,1,0,1,0,15,13,10,12,16,12,9,7,10,0,3,3,1,3,40,99,99,0,3,0,255,255,255,255,255,255,255,0,0,1,0,255,255,255,255,0,0,0,0,0,0,1,0,-1,-1,-1,-1,-1,-1,0,0,0,0,0,0,3,3,0,0,255,0,0,0,0,0,0,0,0,0,1,0,0,0,0,255,255,255,255,255,255,255,255,255,255,255,255,65000000,-1,-1,-1,-1,-1,-1,-1,-1,-1,-1,-1,-1,-1,[0|0|0|0|0|0|0|0|0|0|0|0]
5365,,0,32190000,32000000,32190000,31000000,-1,24000000,5000000,5000100,5000200,5000300,50000000,52000000,51000000,53000000,-1,-1,-1,-1,60000000,60010000,-1,-1,-1,-1,-1,-1,-1,-1,-1,-1,-1,1001,1051,130,300,1700,1400,900,-1,9500,-1,1,1,0,1,0,1,0,1,0,15,13,10,12,16,12,9,7,10,0,3,3,1,3,40,99,99,0,3,0,255,255,255,255,255,255,255,0,0,1,0,255,255,255,255,0,0,0,0,0,0,1,0,-1,-1,-1,-1,-1,-1,0,0,0,0,0,0,3,3,0,0,255,0,0,0,0,0,0,0,0,0,1,0,0,0,0,255,255,255,255,255,255,255,255,255,255,255,255,65000000,-1,-1,-1,-1,-1,-1,-1,-1,-1,-1,-1,-1,-1,[0|0|0|0|0|0|0|0|0|0|0|0]
5366,,0,32200000,32000000,32200000,31000000,-1,24000000,5000000,5000100,5000200,5000300,50000000,52000000,51000000,53000000,-1,-1,-1,-1,60000000,60010000,-1,-1,-1,-1,-1,-1,-1,-1,-1,-1,-1,1001,1051,130,300,1700,1400,900,-1,9500,-1,1,1,0,1,0,1,0,1,0,15,13,10,12,16,12,9,7,10,0,3,3,1,3,40,99,99,0,3,0,255,255,255,255,255,255,255,0,0,1,0,255,255,255,255,0,0,0,0,0,0,1,0,-1,-1,-1,-1,-1,-1,0,0,0,0,0,0,3,3,0,0,255,0,0,0,0,0,0,0,0,0,1,0,0,0,0,255,255,255,255,255,255,255,255,255,255,255,255,65000000,-1,-1,-1,-1,-1,-1,-1,-1,-1,-1,-1,-1,-1,[0|0|0|0|0|0|0|0|0|0|0|0]
5367,,0,32210000,32000000,32210000,31000000,-1,24000000,5000000,5000100,5000200,5000300,50000000,52000000,51000000,53000000,-1,-1,-1,-1,60000000,60010000,-1,-1,-1,-1,-1,-1,-1,-1,-1,-1,-1,1001,1051,130,300,1700,1400,900,-1,9500,-1,1,1,0,1,0,1,0,1,0,15,13,10,12,16,12,9,7,10,0,3,3,1,3,40,99,99,0,3,0,255,255,255,255,255,255,255,0,0,1,0,255,255,255,255,0,0,0,0,0,0,1,0,-1,-1,-1,-1,-1,-1,0,0,0,0,0,0,3,3,0,0,255,0,0,0,0,0,0,0,0,0,1,0,0,0,0,255,255,255,255,255,255,255,255,255,255,255,255,65000000,-1,-1,-1,-1,-1,-1,-1,-1,-1,-1,-1,-1,-1,[0|0|0|0|0|0|0|0|0|0|0|0]
5368,,0,32220000,32000000,32220000,31000000,-1,24000000,5000000,5000100,5000200,5000300,50000000,52000000,51000000,53000000,-1,-1,-1,-1,60000000,60010000,-1,-1,-1,-1,-1,-1,-1,-1,-1,-1,-1,1001,1051,130,300,1700,1400,900,-1,9500,-1,1,1,0,1,0,1,0,1,0,15,13,10,12,16,12,9,7,10,0,3,3,1,3,40,99,99,0,3,0,255,255,255,255,255,255,255,0,0,1,0,255,255,255,255,0,0,0,0,0,0,1,0,-1,-1,-1,-1,-1,-1,0,0,0,0,0,0,3,3,0,0,255,0,0,0,0,0,0,0,0,0,1,0,0,0,0,255,255,255,255,255,255,255,255,255,255,255,255,65000000,-1,-1,-1,-1,-1,-1,-1,-1,-1,-1,-1,-1,-1,[0|0|0|0|0|0|0|0|0|0|0|0]
5369,,0,32230000,32000000,32230000,31000000,-1,24000000,5000000,5000100,5000200,5000300,50000000,52000000,51000000,53000000,-1,-1,-1,-1,60000000,60010000,-1,-1,-1,-1,-1,-1,-1,-1,-1,-1,-1,1001,1051,130,300,1700,1400,900,-1,9500,-1,1,1,0,1,0,1,0,1,0,15,13,10,12,16,12,9,7,10,0,3,3,1,3,40,99,99,0,3,0,255,255,255,255,255,255,255,0,0,1,0,255,255,255,255,0,0,0,0,0,0,1,0,-1,-1,-1,-1,-1,-1,0,0,0,0,0,0,3,3,0,0,255,0,0,0,0,0,0,0,0,0,1,0,0,0,0,255,255,255,255,255,255,255,255,255,255,255,255,65000000,-1,-1,-1,-1,-1,-1,-1,-1,-1,-1,-1,-1,-1,[0|0|0|0|0|0|0|0|0|0|0|0]
5370,,0,32240000,32000000,32240000,31000000,-1,24000000,5000000,5000100,5000200,5000300,50000000,52000000,51000000,53000000,-1,-1,-1,-1,60000000,60010000,-1,-1,-1,-1,-1,-1,-1,-1,-1,-1,-1,1001,1051,130,300,1700,1400,900,-1,9500,-1,1,1,0,1,0,1,0,1,0,15,13,10,12,16,12,9,7,10,0,3,3,1,3,40,99,99,0,3,0,255,255,255,255,255,255,255,0,0,1,0,255,255,255,255,0,0,0,0,0,0,1,0,-1,-1,-1,-1,-1,-1,0,0,0,0,0,0,3,3,0,0,255,0,0,0,0,0,0,0,0,0,1,0,0,0,0,255,255,255,255,255,255,255,255,255,255,255,255,65000000,-1,-1,-1,-1,-1,-1,-1,-1,-1,-1,-1,-1,-1,[0|0|0|0|0|0|0|0|0|0|0|0]
5371,,0,32250000,32000000,32250000,31000000,-1,24000000,5000000,5000100,5000200,5000300,50000000,52000000,51000000,53000000,-1,-1,-1,-1,60000000,60010000,-1,-1,-1,-1,-1,-1,-1,-1,-1,-1,-1,1001,1051,130,300,1700,1400,900,-1,9500,-1,1,1,0,1,0,1,0,1,0,15,13,10,12,16,12,9,7,10,0,3,3,1,3,40,99,99,0,3,0,255,255,255,255,255,255,255,0,0,1,0,255,255,255,255,0,0,0,0,0,0,1,0,-1,-1,-1,-1,-1,-1,0,0,0,0,0,0,3,3,0,0,255,0,0,0,0,0,0,0,0,0,1,0,0,0,0,255,255,255,255,255,255,255,255,255,255,255,255,65000000,-1,-1,-1,-1,-1,-1,-1,-1,-1,-1,-1,-1,-1,[0|0|0|0|0|0|0|0|0|0|0|0]
5372,,0,32260000,32000000,32260000,31000000,-1,24000000,5000000,5000100,5000200,5000300,50000000,52000000,51000000,53000000,-1,-1,-1,-1,60000000,60010000,-1,-1,-1,-1,-1,-1,-1,-1,-1,-1,-1,1001,1051,130,300,1700,1400,900,-1,9500,-1,1,1,0,1,0,1,0,1,0,15,13,10,12,16,12,9,7,10,0,3,3,1,3,40,99,99,0,3,0,255,255,255,255,255,255,255,0,0,1,0,255,255,255,255,0,0,0,0,0,0,1,0,-1,-1,-1,-1,-1,-1,0,0,0,0,0,0,3,3,0,0,255,0,0,0,0,0,0,0,0,0,1,0,0,0,0,255,255,255,255,255,255,255,255,255,255,255,255,65000000,-1,-1,-1,-1,-1,-1,-1,-1,-1,-1,-1,-1,-1,[0|0|0|0|0|0|0|0|0|0|0|0]
5373,,0,32270000,32000000,32270000,31000000,-1,24000000,5000000,5000100,5000200,5000300,50000000,52000000,51000000,53000000,-1,-1,-1,-1,60000000,60010000,-1,-1,-1,-1,-1,-1,-1,-1,-1,-1,-1,1001,1051,130,300,1700,1400,900,-1,9500,-1,1,1,0,1,0,1,0,1,0,15,13,10,12,16,12,9,7,10,0,3,3,1,3,40,99,99,0,3,0,255,255,255,255,255,255,255,0,0,1,0,255,255,255,255,0,0,0,0,0,0,1,0,-1,-1,-1,-1,-1,-1,0,0,0,0,0,0,3,3,0,0,255,0,0,0,0,0,0,0,0,0,1,0,0,0,0,255,255,255,255,255,255,255,255,255,255,255,255,65000000,-1,-1,-1,-1,-1,-1,-1,-1,-1,-1,-1,-1,-1,[0|0|0|0|0|0|0|0|0|0|0|0]
5374,,0,32280000,32000000,32280000,31000000,-1,24000000,5000000,5000100,5000200,5000300,50000000,52000000,51000000,53000000,-1,-1,-1,-1,60000000,60010000,-1,-1,-1,-1,-1,-1,-1,-1,-1,-1,-1,1001,1051,130,300,1700,1400,900,-1,9500,-1,1,1,0,1,0,1,0,1,0,15,13,10,12,16,12,9,7,10,0,3,3,1,3,40,99,99,0,3,0,255,255,255,255,255,255,255,0,0,1,0,255,255,255,255,0,0,0,0,0,0,1,0,-1,-1,-1,-1,-1,-1,0,0,0,0,0,0,3,3,0,0,255,0,0,0,0,0,0,0,0,0,1,0,0,0,0,255,255,255,255,255,255,255,255,255,255,255,255,65000000,-1,-1,-1,-1,-1,-1,-1,-1,-1,-1,-1,-1,-1,[0|0|0|0|0|0|0|0|0|0|0|0]
5375,,0,32290000,32000000,32290000,31000000,-1,24000000,5000000,5000100,5000200,5000300,50000000,52000000,51000000,53000000,-1,-1,-1,-1,60000000,60010000,-1,-1,-1,-1,-1,-1,-1,-1,-1,-1,-1,1001,1051,130,300,1700,1400,900,-1,9500,-1,1,1,0,1,0,1,0,1,0,15,13,10,12,16,12,9,7,10,0,3,3,1,3,40,99,99,0,3,0,255,255,255,255,255,255,255,0,0,1,0,255,255,255,255,0,0,0,0,0,0,1,0,-1,-1,-1,-1,-1,-1,0,0,0,0,0,0,3,3,0,0,255,0,0,0,0,0,0,0,0,0,1,0,0,0,0,255,255,255,255,255,255,255,255,255,255,255,255,65000000,-1,-1,-1,-1,-1,-1,-1,-1,-1,-1,-1,-1,-1,[0|0|0|0|0|0|0|0|0|0|0|0]
5376,,0,32300000,32000000,32300000,31000000,-1,24000000,5000000,5000100,5000200,5000300,50000000,52000000,51000000,53000000,-1,-1,-1,-1,60000000,60010000,-1,-1,-1,-1,-1,-1,-1,-1,-1,-1,-1,1001,1051,130,300,1700,1400,900,-1,9500,-1,1,1,0,1,0,1,0,1,0,15,13,10,12,16,12,9,7,10,0,3,3,1,3,40,99,99,0,3,0,255,255,255,255,255,255,255,0,0,1,0,255,255,255,255,0,0,0,0,0,0,1,0,-1,-1,-1,-1,-1,-1,0,0,0,0,0,0,3,3,0,0,255,0,0,0,0,0,0,0,0,0,1,0,0,0,0,255,255,255,255,255,255,255,255,255,255,255,255,65000000,-1,-1,-1,-1,-1,-1,-1,-1,-1,-1,-1,-1,-1,[0|0|0|0|0|0|0|0|0|0|0|0]
5400,,0,33000000,33000025,31000000,33000000,-1,24000000,5000000,5000100,5000200,5000300,50000000,52000000,51000000,53000000,-1,-1,-1,-1,60000000,60010000,-1,-1,-1,-1,4040,4020,4021,4220,4200,4701,-1,1001,1051,130,300,1700,1400,900,10030,9500,-1,1,1,0,1,0,1,0,1,0,15,13,10,12,16,12,9,7,10,0,3,3,1,3,40,99,99,7,3,0,255,255,255,255,255,255,255,0,0,1,0,255,255,255,255,0,0,0,0,0,0,1,0,115,150,100,101,102,103,1,99,1,1,1,1,3,3,0,0,255,0,0,0,0,0,0,0,0,0,1,0,0,0,0,255,255,255,255,255,255,255,255,255,255,255,255,65000000,-1,-1,-1,-1,-1,-1,-1,-1,-1,-1,-1,-1,-1,[0|0|0|0|0|0|0|0|0|0|0|0]
5404,,0,33040000,33040025,31000000,33040000,-1,24000000,5000000,5000100,5000200,5000300,50000000,52000000,51000000,53000000,-1,-1,-1,-1,60000000,60010000,-1,-1,-1,-1,4040,4020,4021,4220,4200,4701,-1,1001,1051,130,300,1700,1400,900,10030,9500,-1,1,1,0,1,0,1,0,1,0,15,13,10,12,16,12,9,7,10,0,3,3,1,3,40,99,99,7,3,0,255,255,255,255,255,255,255,0,0,1,0,255,255,255,255,0,0,0,0,0,0,1,0,115,150,100,101,102,103,1,99,1,1,1,1,3,3,0,0,255,0,0,0,0,0,0,0,0,0,1,0,0,0,0,255,255,255,255,255,255,255,255,255,255,255,255,65000000,-1,-1,-1,-1,-1,-1,-1,-1,-1,-1,-1,-1,-1,[0|0|0|0|0|0|0|0|0|0|0|0]
5405,,0,33050000,33050025,31000000,33050000,-1,24000000,5000000,5000100,5000200,5000300,50000000,52000000,51000000,53000000,-1,-1,-1,-1,60000000,60010000,-1,-1,-1,-1,4040,4020,4021,4220,4200,4701,-1,1001,1051,130,300,1700,1400,900,10030,9500,-1,1,1,0,1,0,1,0,1,0,15,13,10,12,16,12,9,7,10,0,3,3,1,3,40,99,99,7,3,0,255,255,255,255,255,255,255,0,0,1,0,255,255,255,255,0,0,0,0,0,0,1,0,115,150,100,101,102,103,1,99,1,1,1,1,3,3,0,0,255,0,0,0,0,0,0,0,0,0,1,0,0,0,0,255,255,255,255,255,255,255,255,255,255,255,255,65000000,-1,-1,-1,-1,-1,-1,-1,-1,-1,-1,-1,-1,-1,[0|0|0|0|0|0|0|0|0|0|0|0]
5406,,0,33060000,33060025,31000000,33060000,-1,24000000,5000000,5000100,5000200,5000300,50000000,52000000,51000000,53000000,-1,-1,-1,-1,60000000,60010000,-1,-1,-1,-1,4040,4020,4021,4220,4200,4701,-1,1001,1051,130,300,1700,1400,900,10030,9500,-1,1,1,0,1,0,1,0,1,0,15,13,10,12,16,12,9,7,10,0,3,3,1,3,40,99,99,7,3,0,255,255,255,255,255,255,255,0,0,1,0,255,255,255,255,0,0,0,0,0,0,1,0,115,150,100,101,102,103,1,99,1,1,1,1,3,3,0,0,255,0,0,0,0,0,0,0,0,0,1,0,0,0,0,255,255,255,255,255,255,255,255,255,255,255,255,65000000,-1,-1,-1,-1,-1,-1,-1,-1,-1,-1,-1,-1,-1,[0|0|0|0|0|0|0|0|0|0|0|0]
5409,,0,33090000,33090025,31000000,33090000,-1,24000000,5000000,5000100,5000200,5000300,50000000,52000000,51000000,53000000,-1,-1,-1,-1,60000000,60010000,-1,-1,-1,-1,4040,4020,4021,4220,4200,4701,-1,1001,1051,130,300,1700,1400,900,10030,9500,-1,1,1,0,1,0,1,0,1,0,15,13,10,12,16,12,9,7,10,0,3,3,1,3,40,99,99,7,3,0,255,255,255,255,255,255,255,0,0,1,0,255,255,255,255,0,0,0,0,0,0,1,0,115,150,100,101,102,103,1,99,1,1,1,1,3,3,0,0,255,0,0,0,0,0,0,0,0,0,1,0,0,0,0,255,255,255,255,255,255,255,255,255,255,255,255,65000000,-1,-1,-1,-1,-1,-1,-1,-1,-1,-1,-1,-1,-1,[0|0|0|0|0|0|0|0|0|0|0|0]
5411,,0,33260000,33260025,31000000,33260000,-1,24000000,5000000,5000100,5000200,5000300,50000000,52000000,51000000,53000000,-1,-1,-1,-1,60000000,60010000,-1,-1,-1,-1,4040,4020,4021,4220,4200,4701,-1,1001,1051,130,300,1700,1400,900,10030,9500,-1,1,1,0,1,0,1,0,1,0,15,13,10,12,16,12,9,7,10,0,3,3,1,3,40,99,99,7,3,0,255,255,255,255,255,255,255,0,0,1,0,255,255,255,255,0,0,0,0,0,0,1,0,115,150,100,101,102,103,1,99,1,1,1,1,3,3,0,0,255,0,0,0,0,0,0,0,0,0,1,0,0,0,0,255,255,255,255,255,255,255,255,255,255,255,255,65000000,-1,-1,-1,-1,-1,-1,-1,-1,-1,-1,-1,-1,-1,[0|0|0|0|0|0|0|0|0|0|0|0]
5412,,0,33120000,33120025,31000000,33120000,-1,24000000,5000000,5000100,5000200,5000300,50000000,52000000,51000000,53000000,-1,-1,-1,-1,60000000,60010000,-1,-1,-1,-1,4040,4020,4021,4220,4200,4701,-1,1001,1051,130,300,1700,1400,900,10030,9500,-1,1,1,0,1,0,1,0,1,0,15,13,10,12,16,12,9,7,10,0,3,3,1,3,40,99,99,7,3,0,255,255,255,255,255,255,255,0,0,1,0,255,255,255,255,0,0,0,0,0,0,1,0,115,150,100,101,102,103,1,99,1,1,1,1,3,3,0,0,255,0,0,0,0,0,0,0,0,0,1,0,0,0,0,255,255,255,255,255,255,255,255,255,255,255,255,65000000,-1,-1,-1,-1,-1,-1,-1,-1,-1,-1,-1,-1,-1,[0|0|0|0|0|0|0|0|0|0|0|0]
5413,,0,33130000,33130025,31000000,33130000,-1,24000000,5000000,5000100,5000200,5000300,50000000,52000000,51000000,53000000,-1,-1,-1,-1,60000000,60010000,-1,-1,-1,-1,4040,4020,4021,4220,4200,4701,-1,1001,1051,130,300,1700,1400,900,10030,9500,-1,1,1,0,1,0,1,0,1,0,15,13,10,12,16,12,9,7,10,0,3,3,1,3,40,99,99,7,3,0,255,255,255,255,255,255,255,0,0,1,0,255,255,255,255,0,0,0,0,0,0,1,0,115,150,100,101,102,103,1,99,1,1,1,1,3,3,0,0,255,0,0,0,0,0,0,0,0,0,1,0,0,0,0,255,255,255,255,255,255,255,255,255,255,255,255,65000000,-1,-1,-1,-1,-1,-1,-1,-1,-1,-1,-1,-1,-1,[0|0|0|0|0|0|0|0|0|0|0|0]
5417,,0,33170000,33170025,31000000,33170000,-1,24000000,5000000,5000100,5000200,5000300,50000000,52000000,51000000,53000000,-1,-1,-1,-1,60000000,60010000,-1,-1,-1,-1,4040,4020,4021,4220,4200,4701,-1,1001,1051,130,300,1700,1400,900,10030,9500,-1,1,1,0,1,0,1,0,1,0,15,13,10,12,16,12,9,7,10,0,3,3,1,3,40,99,99,7,3,0,255,255,255,255,255,255,255,0,0,1,0,255,255,255,255,0,0,0,0,0,0,1,0,115,150,100,101,102,103,1,99,1,1,1,1,3,3,0,0,255,0,0,0,0,0,0,0,0,0,1,0,0,0,0,255,255,255,255,255,255,255,255,255,255,255,255,65000000,-1,-1,-1,-1,-1,-1,-1,-1,-1,-1,-1,-1,-1,[0|0|0|0|0|0|0|0|0|0|0|0]
5418,,0,33180000,33180025,31000000,33180000,-1,24000000,5000000,5000100,5000200,5000300,50000000,52000000,51000000,53000000,-1,-1,-1,-1,60000000,60010000,-1,-1,-1,-1,4040,4020,4021,4220,4200,4701,-1,1001,1051,130,300,1700,1400,900,10030,9500,-1,1,1,0,1,0,1,0,1,0,15,13,10,12,16,12,9,7,10,0,3,3,1,3,40,99,99,7,3,0,255,255,255,255,255,255,255,0,0,1,0,255,255,255,255,0,0,0,0,0,0,1,0,115,150,100,101,102,103,1,99,1,1,1,1,3,3,0,0,255,0,0,0,0,0,0,0,0,0,1,0,0,0,0,255,255,255,255,255,255,255,255,255,255,255,255,65000000,-1,-1,-1,-1,-1,-1,-1,-1,-1,-1,-1,-1,-1,[0|0|0|0|0|0|0|0|0|0|0|0]
5419,,0,33190000,33190025,31000000,33190000,-1,24000000,5000000,5000100,5000200,5000300,50000000,52000000,51000000,53000000,-1,-1,-1,-1,60000000,60010000,-1,-1,-1,-1,4040,4020,4021,4220,4200,4701,-1,1001,1051,130,300,1700,1400,900,10030,9500,-1,1,1,0,1,0,1,0,1,0,15,13,10,12,16,12,9,7,10,0,3,3,1,3,40,99,99,7,3,0,255,255,255,255,255,255,255,0,0,1,0,255,255,255,255,0,0,0,0,0,0,1,0,115,150,100,101,102,103,1,99,1,1,1,1,3,3,0,0,255,0,0,0,0,0,0,0,0,0,1,0,0,0,0,255,255,255,255,255,255,255,255,255,255,255,255,65000000,-1,-1,-1,-1,-1,-1,-1,-1,-1,-1,-1,-1,-1,[0|0|0|0|0|0|0|0|0|0|0|0]
5420,,0,33200000,33200025,31000000,33200000,-1,24000000,5000000,5000100,5000200,5000300,50000000,52000000,51000000,53000000,-1,-1,-1,-1,60000000,60010000,-1,-1,-1,-1,4040,4020,4021,4220,4200,4701,-1,1001,1051,130,300,1700,1400,900,10030,9500,-1,1,1,0,1,0,1,0,1,0,15,13,10,12,16,12,9,7,10,0,3,3,1,3,40,99,99,7,3,0,255,255,255,255,255,255,255,0,0,1,0,255,255,255,255,0,0,0,0,0,0,1,0,115,150,100,101,102,103,1,99,1,1,1,1,3,3,0,0,255,0,0,0,0,0,0,0,0,0,1,0,0,0,0,255,255,255,255,255,255,255,255,255,255,255,255,65000000,-1,-1,-1,-1,-1,-1,-1,-1,-1,-1,-1,-1,-1,[0|0|0|0|0|0|0|0|0|0|0|0]
5421,,0,33210000,33210025,31000000,33210000,-1,24000000,5000000,5000100,5000200,5000300,50000000,52000000,51000000,53000000,-1,-1,-1,-1,60000000,60010000,-1,-1,-1,-1,4040,4020,4021,4220,4200,4701,-1,1001,1051,130,300,1700,1400,900,10030,9500,-1,1,1,0,1,0,1,0,1,0,15,13,10,12,16,12,9,7,10,0,3,3,1,3,40,99,99,7,3,0,255,255,255,255,255,255,255,0,0,1,0,255,255,255,255,0,0,0,0,0,0,1,0,115,150,100,101,102,103,1,99,1,1,1,1,3,3,0,0,255,0,0,0,0,0,0,0,0,0,1,0,0,0,0,255,255,255,255,255,255,255,255,255,255,255,255,65000000,-1,-1,-1,-1,-1,-1,-1,-1,-1,-1,-1,-1,-1,[0|0|0|0|0|0|0|0|0|0|0|0]
5422,,0,33230000,33230025,31000000,33230000,-1,24000000,5000000,5000100,5000200,5000300,50000000,52000000,51000000,53000000,-1,-1,-1,-1,60000000,60010000,-1,-1,-1,-1,4040,4020,4021,4220,4200,4701,-1,1001,1051,130,300,1700,1400,900,10030,9500,-1,1,1,0,1,0,1,0,1,0,15,13,10,12,16,12,9,7,10,0,3,3,1,3,40,99,99,7,3,0,255,255,255,255,255,255,255,0,0,1,0,255,255,255,255,0,0,0,0,0,0,1,0,115,150,100,101,102,103,1,99,1,1,1,1,3,3,0,0,255,0,0,0,0,0,0,0,0,0,1,0,0,0,0,255,255,255,255,255,255,255,255,255,255,255,255,65000000,-1,-1,-1,-1,-1,-1,-1,-1,-1,-1,-1,-1,-1,[0|0|0|0|0|0|0|0|0|0|0|0]
5423,,0,33240000,33240025,31000000,33240000,-1,24000000,5000000,5000100,5000200,5000300,50000000,52000000,51000000,53000000,-1,-1,-1,-1,60000000,60010000,-1,-1,-1,-1,4040,4020,4021,4220,4200,4701,-1,1001,1051,130,300,1700,1400,900,10030,9500,-1,1,1,0,1,0,1,0,1,0,15,13,10,12,16,12,9,7,10,0,3,3,1,3,40,99,99,7,3,0,255,255,255,255,255,255,255,0,0,1,0,255,255,255,255,0,0,0,0,0,0,1,0,115,150,100,101,102,103,1,99,1,1,1,1,3,3,0,0,255,0,0,0,0,0,0,0,0,0,1,0,0,0,0,255,255,255,255,255,255,255,255,255,255,255,255,65000000,-1,-1,-1,-1,-1,-1,-1,-1,-1,-1,-1,-1,-1,[0|0|0|0|0|0|0|0|0|0|0|0]
5424,,0,33250000,33250025,31000000,33250000,-1,24000000,5000000,5000100,5000200,5000300,50000000,52000000,51000000,53000000,-1,-1,-1,-1,60000000,60010000,-1,-1,-1,-1,4040,4020,4021,4220,4200,4701,-1,1001,1051,130,300,1700,1400,900,10030,9500,-1,1,1,0,1,0,1,0,1,0,15,13,10,12,16,12,9,7,10,0,3,3,1,3,40,99,99,7,3,0,255,255,255,255,255,255,255,0,0,1,0,255,255,255,255,0,0,0,0,0,0,1,0,115,150,100,101,102,103,1,99,1,1,1,1,3,3,0,0,255,0,0,0,0,0,0,0,0,0,1,0,0,0,0,255,255,255,255,255,255,255,255,255,255,255,255,65000000,-1,-1,-1,-1,-1,-1,-1,-1,-1,-1,-1,-1,-1,[0|0|0|0|0|0|0|0|0|0|0|0]
5425,,0,33270000,33270025,31000000,33270000,-1,24000000,5000000,5000100,5000200,5000300,50000000,52000000,51000000,53000000,-1,-1,-1,-1,60000000,60010000,-1,-1,-1,-1,4040,4020,4021,4220,4200,4701,-1,1001,1051,130,300,1700,1400,900,10030,9500,-1,1,1,0,1,0,1,0,1,0,15,13,10,12,16,12,9,7,10,0,3,3,1,3,40,99,99,7,3,0,255,255,255,255,255,255,255,0,0,1,0,255,255,255,255,0,0,0,0,0,0,1,0,115,150,100,101,102,103,1,99,1,1,1,1,3,3,0,0,255,0,0,0,0,0,0,0,0,0,1,0,0,0,0,255,255,255,255,255,255,255,255,255,255,255,255,65000000,-1,-1,-1,-1,-1,-1,-1,-1,-1,-1,-1,-1,-1,[0|0|0|0|0|0|0|0|0|0|0|0]
5426,,0,33280000,33280025,31000000,33000000,-1,24000000,5000000,5000100,5000200,5000300,50000000,52000000,51000000,53000000,-1,-1,-1,-1,60000000,60010000,-1,-1,-1,-1,4040,4020,4021,4220,4200,4701,-1,1001,1051,130,300,1700,1400,900,10030,9500,-1,1,1,0,1,0,1,0,1,0,15,13,10,12,16,12,9,7,10,0,3,3,1,3,40,99,99,7,3,0,255,255,255,255,255,255,255,0,0,1,0,255,255,255,255,0,0,0,0,0,0,1,0,115,150,100,101,102,103,1,99,1,1,1,1,3,3,0,0,255,0,0,0,0,0,0,0,0,0,1,0,0,0,0,255,255,255,255,255,255,255,255,255,255,255,255,65000000,-1,-1,-1,-1,-1,-1,-1,-1,-1,-1,-1,-1,-1,[0|0|0|0|0|0|0|0|0|0|0|0]
5450,,0,34000000,34000000,31000000,34000000,-1,24000000,5000000,5000100,5000200,5000300,50000000,52000000,51000000,53000000,-1,-1,-1,-1,60000000,60010000,-1,-1,-1,-1,-1,-1,-1,-1,-1,-1,-1,1001,1051,130,300,1700,1400,900,10030,9500,-1,1,1,0,1,0,1,0,1,0,15,13,10,12,16,12,9,7,10,0,3,3,1,3,40,99,99,7,3,0,255,255,255,255,255,255,255,0,0,1,0,255,255,255,255,0,0,0,0,0,0,1,0,115,150,100,101,102,103,1,99,1,1,1,1,3,3,0,0,255,0,0,0,0,0,0,0,0,0,1,0,0,0,0,255,255,255,255,255,255,255,255,255,255,255,255,65000000,-1,-1,-1,-1,-1,-1,-1,-1,-1,-1,-1,-1,-1,[0|0|0|0|0|0|0|0|0|0|0|0]
5451,,0,34010000,34000000,31000000,34010000,-1,24000000,5000000,5000100,5000200,5000300,50000000,52000000,51000000,53000000,-1,-1,-1,-1,60000000,60010000,-1,-1,-1,-1,-1,-1,-1,-1,-1,-1,-1,1001,1051,130,300,1700,1400,900,10030,9500,-1,1,1,0,1,0,1,0,1,0,15,13,10,12,16,12,9,7,10,0,3,3,1,3,40,99,99,7,3,0,255,255,255,255,255,255,255,0,0,1,0,255,255,255,255,0,0,0,0,0,0,1,0,115,150,100,101,102,103,1,99,1,1,1,1,3,3,0,0,255,0,0,0,0,0,0,0,0,0,1,0,0,0,0,255,255,255,255,255,255,255,255,255,255,255,255,65000000,-1,-1,-1,-1,-1,-1,-1,-1,-1,-1,-1,-1,-1,[0|0|0|0|0|0|0|0|0|0|0|0]
5452,,0,34020000,34000000,31000000,34020000,-1,24000000,5000000,5000100,5000200,5000300,50000000,52000000,51000000,53000000,-1,-1,-1,-1,60000000,60010000,-1,-1,-1,-1,-1,-1,-1,-1,-1,-1,-1,1001,1051,130,300,1700,1400,900,10030,9500,-1,1,1,0,1,0,1,0,1,0,15,13,10,12,16,12,9,7,10,0,3,3,1,3,40,99,99,7,3,0,255,255,255,255,255,255,255,0,0,1,0,255,255,255,255,0,0,0,0,0,0,1,0,115,150,100,101,102,103,1,99,1,1,1,1,3,3,0,0,255,0,0,0,0,0,0,0,0,0,1,0,0,0,0,255,255,255,255,255,255,255,255,255,255,255,255,65000000,-1,-1,-1,-1,-1,-1,-1,-1,-1,-1,-1,-1,-1,[0|0|0|0|0|0|0|0|0|0|0|0]
5453,,0,34030000,34000000,31000000,34030000,-1,24000000,5000000,5000100,5000200,5000300,50000000,52000000,51000000,53000000,-1,-1,-1,-1,60000000,60010000,-1,-1,-1,-1,-1,-1,-1,-1,-1,-1,-1,1001,1051,130,300,1700,1400,900,10030,9500,-1,1,1,0,1,0,1,0,1,0,15,13,10,12,16,12,9,7,10,0,3,3,1,3,40,99,99,7,3,0,255,255,255,255,255,255,255,0,0,1,0,255,255,255,255,0,0,0,0,0,0,1,0,115,150,100,101,102,103,1,99,1,1,1,1,3,3,0,0,255,0,0,0,0,0,0,0,0,0,1,0,0,0,0,255,255,255,255,255,255,255,255,255,255,255,255,65000000,-1,-1,-1,-1,-1,-1,-1,-1,-1,-1,-1,-1,-1,[0|0|0|0|0|0|0|0|0|0|0|0]
5454,,0,34040000,34000000,31000000,34040000,-1,24000000,5000000,5000100,5000200,5000300,50000000,52000000,51000000,53000000,-1,-1,-1,-1,60000000,60010000,-1,-1,-1,-1,-1,-1,-1,-1,-1,-1,-1,1001,1051,130,300,1700,1400,900,10030,9500,-1,1,1,0,1,0,1,0,1,0,15,13,10,12,16,12,9,7,10,0,3,3,1,3,40,99,99,7,3,0,255,255,255,255,255,255,255,0,0,1,0,255,255,255,255,0,0,0,0,0,0,1,0,115,150,100,101,102,103,1,99,1,1,1,1,3,3,0,0,255,0,0,0,0,0,0,0,0,0,1,0,0,0,0,255,255,255,255,255,255,255,255,255,255,255,255,65000000,-1,-1,-1,-1,-1,-1,-1,-1,-1,-1,-1,-1,-1,[0|0|0|0|0|0|0|0|0|0|0|0]
5455,,0,34060000,34000000,31000000,34060000,-1,24000000,5000000,5000100,5000200,5000300,50000000,52000000,51000000,53000000,-1,-1,-1,-1,60000000,60010000,-1,-1,-1,-1,-1,-1,-1,-1,-1,-1,-1,1001,1051,130,300,1700,1400,900,10030,9500,-1,1,1,0,1,0,1,0,1,0,15,13,10,12,16,12,9,7,10,0,3,3,1,3,40,99,99,7,3,0,255,255,255,255,255,255,255,0,0,1,0,255,255,255,255,0,0,0,0,0,0,1,0,115,150,100,101,102,103,1,99,1,1,1,1,3,3,0,0,255,0,0,0,0,0,0,0,0,0,1,0,0,0,0,255,255,255,255,255,255,255,255,255,255,255,255,65000000,-1,-1,-1,-1,-1,-1,-1,-1,-1,-1,-1,-1,-1,[0|0|0|0|0|0|0|0|0|0|0|0]
5456,,0,34070000,34000000,31000000,34070000,-1,24000000,5000000,5000100,5000200,5000300,50000000,52000000,51000000,53000000,-1,-1,-1,-1,60000000,60010000,-1,-1,-1,-1,-1,-1,-1,-1,-1,-1,-1,1001,1051,130,300,1700,1400,900,10030,9500,-1,1,1,0,1,0,1,0,1,0,15,13,10,12,16,12,9,7,10,0,3,3,1,3,40,99,99,7,3,0,255,255,255,255,255,255,255,0,0,1,0,255,255,255,255,0,0,0,0,0,0,1,0,115,150,100,101,102,103,1,99,1,1,1,1,3,3,0,0,255,0,0,0,0,0,0,0,0,0,1,0,0,0,0,255,255,255,255,255,255,255,255,255,255,255,255,65000000,-1,-1,-1,-1,-1,-1,-1,-1,-1,-1,-1,-1,-1,[0|0|0|0|0|0|0|0|0|0|0|0]
5457,,0,34080000,34000000,31000000,34080000,-1,24000000,5000000,5000100,5000200,5000300,50000000,52000000,51000000,53000000,-1,-1,-1,-1,60000000,60010000,-1,-1,-1,-1,-1,-1,-1,-1,-1,-1,-1,1001,1051,130,300,1700,1400,900,10030,9500,-1,1,1,0,1,0,1,0,1,0,15,13,10,12,16,12,9,7,10,0,3,3,1,3,40,99,99,7,3,0,255,255,255,255,255,255,255,0,0,1,0,255,255,255,255,0,0,0,0,0,0,1,0,115,150,100,101,102,103,1,99,1,1,1,1,3,3,0,0,255,0,0,0,0,0,0,0,0,0,1,0,0,0,0,255,255,255,255,255,255,255,255,255,255,255,255,65000000,-1,-1,-1,-1,-1,-1,-1,-1,-1,-1,-1,-1,-1,[0|0|0|0|0|0|0|0|0|0|0|0]
5458,,0,34090000,34000000,31000000,34090000,-1,24000000,5000000,5000100,5000200,5000300,50000000,52000000,51000000,53000000,-1,-1,-1,-1,60000000,60010000,-1,-1,-1,-1,-1,-1,-1,-1,-1,-1,-1,1001,1051,130,300,1700,1400,900,10030,9500,-1,1,1,0,1,0,1,0,1,0,15,13,10,12,16,12,9,7,10,0,3,3,1,3,40,99,99,7,3,0,255,255,255,255,255,255,255,0,0,1,0,255,255,255,255,0,0,0,0,0,0,1,0,115,150,100,101,102,103,1,99,1,1,1,1,3,3,0,0,255,0,0,0,0,0,0,0,0,0,1,0,0,0,0,255,255,255,255,255,255,255,255,255,255,255,255,65000000,-1,-1,-1,-1,-1,-1,-1,-1,-1,-1,-1,-1,-1,[0|0|0|0|0|0|0|0|0|0|0|0]
5500,,0,34060000,35000000,31000000,34060000,-1,24000000,5000000,5000100,5000200,5000300,50000000,52000000,51000000,53000000,-1,-1,-1,-1,60000000,60010000,-1,-1,-1,-1,-1,-1,-1,-1,-1,-1,-1,1001,1051,130,300,1700,1400,900,10030,9500,-1,1,1,0,1,0,1,0,1,0,15,13,10,12,16,12,9,7,10,0,3,3,1,3,40,99,99,7,3,0,255,255,255,255,255,255,255,0,0,1,0,255,255,255,255,0,0,0,0,0,0,1,0,-1,-1,-1,-1,-1,-1,0,0,0,0,0,0,3,3,0,0,255,0,0,0,0,0,0,0,0,0,1,0,0,0,0,255,255,255,255,255,255,255,255,255,255,255,255,65000000,-1,-1,-1,-1,-1,-1,-1,-1,-1,-1,-1,-1,-1,[0|0|0|0|0|0|0|0|0|0|0|0]
5501,,0,34070000,35000000,31000000,34070000,-1,24000000,5000000,5000100,5000200,5000300,50000000,52000000,51000000,53000000,-1,-1,-1,-1,60000000,60010000,-1,-1,-1,-1,-1,-1,-1,-1,-1,-1,-1,1001,1051,130,300,1700,1400,900,10030,9500,-1,1,1,0,1,0,1,0,1,0,15,13,10,12,16,12,9,7,10,0,3,3,1,3,40,99,99,7,3,0,255,255,255,255,255,255,255,0,0,1,0,255,255,255,255,0,0,0,0,0,0,1,0,-1,-1,-1,-1,-1,-1,0,0,0,0,0,0,3,3,0,0,255,0,0,0,0,0,0,0,0,0,1,0,0,0,0,255,255,255,255,255,255,255,255,255,255,255,255,65000000,-1,-1,-1,-1,-1,-1,-1,-1,-1,-1,-1,-1,-1,[0|0|0|0|0|0|0|0|0|0|0|0]
5550,,0,40000000,40000000,31000000,40000000,-1,24000000,5000000,5000100,5000200,5000300,50000000,52000000,51000000,53000000,-1,-1,-1,-1,60000000,60010000,-1,-1,-1,-1,-1,-1,-1,-1,-1,-1,-1,1001,1051,130,300,1700,1400,900,10030,9500,-1,1,1,0,1,0,1,0,1,0,15,13,10,12,16,12,9,7,10,0,3,3,1,3,40,99,99,7,3,0,255,255,255,255,255,255,255,0,0,1,0,255,255,255,255,0,0,0,0,0,0,1,0,-1,-1,-1,-1,-1,-1,0,0,0,0,0,0,3,3,0,0,255,0,0,0,0,0,0,0,0,0,1,0,0,0,0,255,255,255,255,255,255,255,255,255,255,255,255,65000000,-1,-1,-1,-1,-1,-1,-1,-1,-1,-1,-1,-1,-1,[0|0|0|0|0|0|0|0|0|0|0|0]
5551,,0,40010000,40000000,31000000,40010000,-1,24000000,5000000,5000100,5000200,5000300,50000000,52000000,51000000,53000000,-1,-1,-1,-1,60000000,60010000,-1,-1,-1,-1,-1,-1,-1,-1,-1,-1,-1,1001,1051,130,300,1700,1400,900,10030,9500,-1,1,1,0,1,0,1,0,1,0,15,13,10,12,16,12,9,7,10,0,3,3,1,3,40,99,99,7,3,0,255,255,255,255,255,255,255,0,0,1,0,255,255,255,255,0,0,0,0,0,0,1,0,-1,-1,-1,-1,-1,-1,0,0,0,0,0,0,3,3,0,0,255,0,0,0,0,0,0,0,0,0,1,0,0,0,0,255,255,255,255,255,255,255,255,255,255,255,255,65000000,-1,-1,-1,-1,-1,-1,-1,-1,-1,-1,-1,-1,-1,[0|0|0|0|0|0|0|0|0|0|0|0]
5552,,0,40020000,40000000,31000000,40020000,-1,24000000,5000000,5000100,5000200,5000300,50000000,52000000,51000000,53000000,-1,-1,-1,-1,60000000,60010000,-1,-1,-1,-1,-1,-1,-1,-1,-1,-1,-1,1001,1051,130,300,1700,1400,900,10030,9500,-1,1,1,0,1,0,1,0,1,0,15,13,10,12,16,12,9,7,10,0,3,3,1,3,40,99,99,7,3,0,255,255,255,255,255,255,255,0,0,1,0,255,255,255,255,0,0,0,0,0,0,1,0,-1,-1,-1,-1,-1,-1,0,0,0,0,0,0,3,3,0,0,255,0,0,0,0,0,0,0,0,0,1,0,0,0,0,255,255,255,255,255,255,255,255,255,255,255,255,65000000,-1,-1,-1,-1,-1,-1,-1,-1,-1,-1,-1,-1,-1,[0|0|0|0|0|0|0|0|0|0|0|0]
5553,,0,40030000,40000000,31000000,40030000,-1,24000000,5000000,5000100,5000200,5000300,50000000,52000000,51000000,53000000,-1,-1,-1,-1,60000000,60010000,-1,-1,-1,-1,-1,-1,-1,-1,-1,-1,-1,1001,1051,130,300,1700,1400,900,10030,9500,-1,1,1,0,1,0,1,0,1,0,15,13,10,12,16,12,9,7,10,0,3,3,1,3,40,99,99,7,3,0,255,255,255,255,255,255,255,0,0,1,0,255,255,255,255,0,0,0,0,0,0,1,0,-1,-1,-1,-1,-1,-1,0,0,0,0,0,0,3,3,0,0,255,0,0,0,0,0,0,0,0,0,1,0,0,0,0,255,255,255,255,255,255,255,255,255,255,255,255,65000000,-1,-1,-1,-1,-1,-1,-1,-1,-1,-1,-1,-1,-1,[0|0|0|0|0|0|0|0|0|0|0|0]
5555,,0,40050000,40000000,31000000,40050000,-1,24000000,5000000,5000100,5000200,5000300,50000000,52000000,51000000,53000000,-1,-1,-1,-1,60000000,60010000,-1,-1,-1,-1,-1,-1,-1,-1,-1,-1,-1,1001,1051,130,300,1700,1400,900,10030,9500,-1,1,1,0,1,0,1,0,1,0,15,13,10,12,16,12,9,7,10,0,3,3,1,3,40,99,99,7,3,0,255,255,255,255,255,255,255,0,0,1,0,255,255,255,255,0,0,0,0,0,0,1,0,-1,-1,-1,-1,-1,-1,0,0,0,0,0,0,3,3,0,0,255,0,0,0,0,0,0,0,0,0,1,0,0,0,0,255,255,255,255,255,255,255,255,255,255,255,255,65000000,-1,-1,-1,-1,-1,-1,-1,-1,-1,-1,-1,-1,-1,[0|0|0|0|0|0|0|0|0|0|0|0]
5600,,0,41000000,41000000,31000000,41000000,-1,24000000,5000000,5000100,5000200,5000300,50000000,52000000,51000000,53000000,-1,-1,-1,-1,60000000,60010000,-1,-1,-1,-1,-1,-1,-1,-1,-1,-1,-1,1001,1051,130,300,1700,1400,900,10030,9500,-1,1,1,0,1,0,1,0,1,0,15,13,10,12,16,12,9,7,10,0,3,3,1,3,40,99,99,7,3,0,255,255,255,255,255,255,255,0,0,1,0,255,255,255,255,0,0,0,0,0,0,1,0,-1,-1,-1,-1,-1,-1,0,0,0,0,0,0,3,3,0,0,255,0,0,0,0,0,0,0,0,0,1,0,0,0,0,255,255,255,255,255,255,255,255,255,255,255,255,65000000,-1,-1,-1,-1,-1,-1,-1,-1,-1,-1,-1,-1,-1,[0|0|0|0|0|0|0|0|0|0|0|0]
5601,,0,41010000,41000000,31000000,41010000,-1,24000000,5000000,5000100,5000200,5000300,50000000,52000000,51000000,53000000,-1,-1,-1,-1,60000000,60010000,-1,-1,-1,-1,-1,-1,-1,-1,-1,-1,-1,1001,1051,130,300,1700,1400,900,10030,9500,-1,1,1,0,1,0,1,0,1,0,15,13,10,12,16,12,9,7,10,0,3,3,1,3,40,99,99,7,3,0,255,255,255,255,255,255,255,0,0,1,0,255,255,255,255,0,0,0,0,0,0,1,0,-1,-1,-1,-1,-1,-1,0,0,0,0,0,0,3,3,0,0,255,0,0,0,0,0,0,0,0,0,1,0,0,0,0,255,255,255,255,255,255,255,255,255,255,255,255,65000000,-1,-1,-1,-1,-1,-1,-1,-1,-1,-1,-1,-1,-1,[0|0|0|0|0|0|0|0|0|0|0|0]
5602,,0,41020000,41000000,31000000,41020000,-1,24000000,5000000,5000100,5000200,5000300,50000000,52000000,51000000,53000000,-1,-1,-1,-1,60000000,60010000,-1,-1,-1,-1,-1,-1,-1,-1,-1,-1,-1,1001,1051,130,300,1700,1400,900,10030,9500,-1,1,1,0,1,0,1,0,1,0,15,13,10,12,16,12,9,7,10,0,3,3,1,3,40,99,99,7,3,0,255,255,255,255,255,255,255,0,0,1,0,255,255,255,255,0,0,0,0,0,0,1,0,-1,-1,-1,-1,-1,-1,0,0,0,0,0,0,3,3,0,0,255,0,0,0,0,0,0,0,0,0,1,0,0,0,0,255,255,255,255,255,255,255,255,255,255,255,255,65000000,-1,-1,-1,-1,-1,-1,-1,-1,-1,-1,-1,-1,-1,[0|0|0|0|0|0|0|0|0|0|0|0]
5603,,0,41030000,41000000,31000000,41030000,-1,24000000,5000000,5000100,5000200,5000300,50000000,52000000,51000000,53000000,-1,-1,-1,-1,60000000,60010000,-1,-1,-1,-1,-1,-1,-1,-1,-1,-1,-1,1001,1051,130,300,1700,1400,900,10030,9500,-1,1,1,0,1,0,1,0,1,0,15,13,10,12,16,12,9,7,10,0,3,3,1,3,40,99,99,7,3,0,255,255,255,255,255,255,255,0,0,1,0,255,255,255,255,0,0,0,0,0,0,1,0,-1,-1,-1,-1,-1,-1,0,0,0,0,0,0,3,3,0,0,255,0,0,0,0,0,0,0,0,0,1,0,0,0,0,255,255,255,255,255,255,255,255,255,255,255,255,65000000,-1,-1,-1,-1,-1,-1,-1,-1,-1,-1,-1,-1,-1,[0|0|0|0|0|0|0|0|0|0|0|0]
5604,,0,41040000,41000000,31000000,41040000,-1,24000000,5000000,5000100,5000200,5000300,50000000,52000000,51000000,53000000,-1,-1,-1,-1,60000000,60010000,-1,-1,-1,-1,-1,-1,-1,-1,-1,-1,-1,1001,1051,130,300,1700,1400,900,10030,9500,-1,1,1,0,1,0,1,0,1,0,15,13,10,12,16,12,9,7,10,0,3,3,1,3,40,99,99,7,3,0,255,255,255,255,255,255,255,0,0,1,0,255,255,255,255,0,0,0,0,0,0,1,0,-1,-1,-1,-1,-1,-1,0,0,0,0,0,0,3,3,0,0,255,0,0,0,0,0,0,0,0,0,1,0,0,0,0,255,255,255,255,255,255,255,255,255,255,255,255,65000000,-1,-1,-1,-1,-1,-1,-1,-1,-1,-1,-1,-1,-1,[0|0|0|0|0|0|0|0|0|0|0|0]
5606,,0,41060000,41000000,31000000,41060000,-1,24000000,5000000,5000100,5000200,5000300,50000000,52000000,51000000,53000000,-1,-1,-1,-1,60000000,60010000,-1,-1,-1,-1,-1,-1,-1,-1,-1,-1,-1,1001,1051,130,300,1700,1400,900,10030,9500,-1,1,1,0,1,0,1,0,1,0,15,13,10,12,16,12,9,7,10,0,3,3,1,3,40,99,99,7,3,0,255,255,255,255,255,255,255,0,0,1,0,255,255,255,255,0,0,0,0,0,0,1,0,-1,-1,-1,-1,-1,-1,0,0,0,0,0,0,3,3,0,0,255,0,0,0,0,0,0,0,0,0,1,0,0,0,0,255,255,255,255,255,255,255,255,255,255,255,255,65000000,-1,-1,-1,-1,-1,-1,-1,-1,-1,-1,-1,-1,-1,[0|0|0|0|0|0|0|0|0|0|0|0]
5607,,0,41070000,41000000,31000000,41070000,-1,24000000,5000000,5000100,5000200,5000300,50000000,52000000,51000000,53000000,-1,-1,-1,-1,60000000,60010000,-1,-1,-1,-1,-1,-1,-1,-1,-1,-1,-1,1001,1051,130,300,1700,1400,900,10030,9500,-1,1,1,0,1,0,1,0,1,0,15,13,10,12,16,12,9,7,10,0,3,3,1,3,40,99,99,7,3,0,255,255,255,255,255,255,255,0,0,1,0,255,255,255,255,0,0,0,0,0,0,1,0,-1,-1,-1,-1,-1,-1,0,0,0,0,0,0,3,3,0,0,255,0,0,0,0,0,0,0,0,0,1,0,0,0,0,255,255,255,255,255,255,255,255,255,255,255,255,65000000,-1,-1,-1,-1,-1,-1,-1,-1,-1,-1,-1,-1,-1,[0|0|0|0|0|0|0|0|0|0|0|0]
5650,,0,42000000,42000000,31000000,42000000,-1,24000000,5000000,5000100,5000200,5000300,50000000,52000000,51000000,53000000,-1,-1,-1,-1,60000000,60010000,-1,-1,-1,-1,-1,-1,-1,-1,-1,-1,-1,1001,1051,130,300,1700,1400,900,10030,9500,-1,1,1,0,1,0,1,0,1,0,15,13,10,12,16,12,9,7,10,0,3,3,1,3,40,99,99,7,3,0,255,255,255,255,255,255,255,0,0,1,0,255,255,255,255,0,0,0,0,0,0,1,0,44000000,-1,-1,-1,-1,-1,99,0,0,0,0,0,3,3,0,0,255,0,0,0,0,0,0,0,0,0,1,0,0,0,0,255,255,255,255,255,255,255,255,255,255,255,255,65000000,-1,-1,-1,-1,-1,-1,-1,-1,-1,-1,-1,-1,-1,[0|0|0|0|0|0|0|0|0|0|0|0]
5651,,0,42010000,42000000,31000000,42010000,-1,24000000,5000000,5000100,5000200,5000300,50000000,52000000,51000000,53000000,-1,-1,-1,-1,60000000,60010000,-1,-1,-1,-1,-1,-1,-1,-1,-1,-1,-1,1001,1051,130,300,1700,1400,900,10030,9500,-1,1,1,0,1,0,1,0,1,0,15,13,10,12,16,12,9,7,10,0,3,3,1,3,40,99,99,7,3,0,255,255,255,255,255,255,255,0,0,1,0,255,255,255,255,0,0,0,0,0,0,1,0,44000000,-1,-1,-1,-1,-1,99,0,0,0,0,0,3,3,0,0,255,0,0,0,0,0,0,0,0,0,1,0,0,0,0,255,255,255,255,255,255,255,255,255,255,255,255,65000000,-1,-1,-1,-1,-1,-1,-1,-1,-1,-1,-1,-1,-1,[0|0|0|0|0|0|0|0|0|0|0|0]
5653,,0,42030000,42000000,31000000,42030000,-1,24000000,5000000,5000100,5000200,5000300,50000000,52000000,51000000,53000000,-1,-1,-1,-1,60000000,60010000,-1,-1,-1,-1,-1,-1,-1,-1,-1,-1,-1,1001,1051,130,300,1700,1400,900,10030,9500,-1,1,1,0,1,0,1,0,1,0,15,13,10,12,16,12,9,7,10,0,3,3,1,3,40,99,99,7,3,0,255,255,255,255,255,255,255,0,0,1,0,255,255,255,255,0,0,0,0,0,0,1,0,44000000,-1,-1,-1,-1,-1,99,0,0,0,0,0,3,3,0,0,255,0,0,0,0,0,0,0,0,0,1,0,0,0,0,255,255,255,255,255,255,255,255,255,255,255,255,65000000,-1,-1,-1,-1,-1,-1,-1,-1,-1,-1,-1,-1,-1,[0|0|0|0|0|0|0|0|0|0|0|0]
5654,,0,42040000,42000000,31000000,42040000,-1,24000000,5000000,5000100,5000200,5000300,50000000,52000000,51000000,53000000,-1,-1,-1,-1,60000000,60010000,-1,-1,-1,-1,-1,-1,-1,-1,-1,-1,-1,1001,1051,130,300,1700,1400,900,10030,9500,-1,1,1,0,1,0,1,0,1,0,15,13,10,12,16,12,9,7,10,0,3,3,1,3,40,99,99,7,3,0,255,255,255,255,255,255,255,0,0,1,0,255,255,255,255,0,0,0,0,0,0,1,0,44000000,-1,-1,-1,-1,-1,99,0,0,0,0,0,3,3,0,0,255,0,0,0,0,0,0,0,0,0,1,0,0,0,0,255,255,255,255,255,255,255,255,255,255,255,255,65000000,-1,-1,-1,-1,-1,-1,-1,-1,-1,-1,-1,-1,-1,[0|0|0|0|0|0|0|0|0|0|0|0]
5700,,0,43000000,43000000,31000000,43000000,-1,24000000,5000000,5000100,5000200,5000300,50000000,52000000,51000000,53000000,-1,-1,-1,-1,60000000,60010000,-1,-1,-1,-1,-1,-1,-1,-1,-1,-1,-1,1001,1051,130,300,1700,1400,900,10030,9500,-1,1,1,0,1,0,1,0,1,0,15,13,10,12,16,12,9,7,10,0,3,3,1,3,40,99,99,7,3,0,255,255,255,255,255,255,255,0,0,1,0,255,255,255,255,0,0,0,0,0,0,1,0,-1,-1,-1,-1,-1,-1,0,0,0,0,0,0,3,3,0,0,255,0,0,0,0,0,0,0,0,0,1,0,0,0,0,255,255,255,255,255,255,255,255,255,255,255,255,65000000,-1,-1,-1,-1,-1,-1,-1,-1,-1,-1,-1,-1,-1,[0|0|0|0|0|0|0|0|0|0|0|0]
5701,,0,43020000,43000000,31000000,43020000,-1,24000000,5000000,5000100,5000200,5000300,50000000,52000000,51000000,53000000,-1,-1,-1,-1,60000000,60010000,-1,-1,-1,-1,-1,-1,-1,-1,-1,-1,-1,1001,1051,130,300,1700,1400,900,10030,9500,-1,1,1,0,1,0,1,0,1,0,15,13,10,12,16,12,9,7,10,0,3,3,1,3,40,99,99,7,3,0,255,255,255,255,255,255,255,0,0,1,0,255,255,255,255,0,0,0,0,0,0,1,0,-1,-1,-1,-1,-1,-1,0,0,0,0,0,0,3,3,0,0,255,0,0,0,0,0,0,0,0,0,1,0,0,0,0,255,255,255,255,255,255,255,255,255,255,255,255,65000000,-1,-1,-1,-1,-1,-1,-1,-1,-1,-1,-1,-1,-1,[0|0|0|0|0|0|0|0|0|0|0|0]
5702,,0,43030000,43000000,31000000,43030000,-1,24000000,5000000,5000100,5000200,5000300,50000000,52000000,51000000,53000000,-1,-1,-1,-1,60000000,60010000,-1,-1,-1,-1,-1,-1,-1,-1,-1,-1,-1,1001,1051,130,300,1700,1400,900,10030,9500,-1,1,1,0,1,0,1,0,1,0,15,13,10,12,16,12,9,7,10,0,3,3,1,3,40,99,99,7,3,0,255,255,255,255,255,255,255,0,0,1,0,255,255,255,255,0,0,0,0,0,0,1,0,-1,-1,-1,-1,-1,-1,0,0,0,0,0,0,3,3,0,0,255,0,0,0,0,0,0,0,0,0,1,0,0,0,0,255,255,255,255,255,255,255,255,255,255,255,255,65000000,-1,-1,-1,-1,-1,-1,-1,-1,-1,-1,-1,-1,-1,[0|0|0|0|0|0|0|0|0|0|0|0]
5703,,0,43050000,43000000,31000000,43050000,-1,24000000,5000000,5000100,5000200,5000300,50000000,52000000,51000000,53000000,-1,-1,-1,-1,60000000,60010000,-1,-1,-1,-1,-1,-1,-1,-1,-1,-1,-1,1001,1051,130,300,1700,1400,900,10030,9500,-1,1,1,0,1,0,1,0,1,0,15,13,10,12,16,12,9,7,10,0,3,3,1,3,40,99,99,7,3,0,255,255,255,255,255,255,255,0,0,1,0,255,255,255,255,0,0,0,0,0,0,1,0,-1,-1,-1,-1,-1,-1,0,0,0,0,0,0,3,3,0,0,255,0,0,0,0,0,0,0,0,0,1,0,0,0,0,255,255,255,255,255,255,255,255,255,255,255,255,65000000,-1,-1,-1,-1,-1,-1,-1,-1,-1,-1,-1,-1,-1,[0|0|0|0|0|0|0|0|0|0|0|0]
5704,,0,43060000,43000000,31000000,43060000,-1,24000000,5000000,5000100,5000200,5000300,50000000,52000000,51000000,53000000,-1,-1,-1,-1,60000000,60010000,-1,-1,-1,-1,-1,-1,-1,-1,-1,-1,-1,1001,1051,130,300,1700,1400,900,10030,9500,-1,1,1,0,1,0,1,0,1,0,15,13,10,12,16,12,9,7,10,0,3,3,1,3,40,99,99,7,3,0,255,255,255,255,255,255,255,0,0,1,0,255,255,255,255,0,0,0,0,0,0,1,0,-1,-1,-1,-1,-1,-1,0,0,0,0,0,0,3,3,0,0,255,0,0,0,0,0,0,0,0,0,1,0,0,0,0,255,255,255,255,255,255,255,255,255,255,255,255,65000000,-1,-1,-1,-1,-1,-1,-1,-1,-1,-1,-1,-1,-1,[0|0|0|0|0|0|0|0|0|0|0|0]
5705,,0,43080000,43000000,31000000,43080000,-1,24000000,5000000,5000100,5000200,5000300,50000000,52000000,51000000,53000000,-1,-1,-1,-1,60000000,60010000,-1,-1,-1,-1,-1,-1,-1,-1,-1,-1,-1,1001,1051,130,300,1700,1400,900,10030,9500,-1,1,1,0,1,0,1,0,1,0,15,13,10,12,16,12,9,7,10,0,3,3,1,3,40,99,99,7,3,0,255,255,255,255,255,255,255,0,0,1,0,255,255,255,255,0,0,0,0,0,0,1,0,-1,-1,-1,-1,-1,-1,0,0,0,0,0,0,3,3,0,0,255,0,0,0,0,0,0,0,0,0,1,0,0,0,0,255,255,255,255,255,255,255,255,255,255,255,255,65000000,-1,-1,-1,-1,-1,-1,-1,-1,-1,-1,-1,-1,-1,[0|0|0|0|0|0|0|0|0|0|0|0]
5707,,0,43100000,43000000,31000000,43100000,-1,24000000,5000000,5000100,5000200,5000300,50000000,52000000,51000000,53000000,-1,-1,-1,-1,60000000,60010000,-1,-1,-1,-1,-1,-1,-1,-1,-1,-1,-1,1001,1051,130,300,1700,1400,900,10030,9500,-1,1,1,0,1,0,1,0,1,0,15,13,10,12,16,12,9,7,10,0,3,3,1,3,40,99,99,7,3,0,255,255,255,255,255,255,255,0,0,1,0,255,255,255,255,0,0,0,0,0,0,1,0,-1,-1,-1,-1,-1,-1,0,0,0,0,0,0,3,3,0,0,255,0,0,0,0,0,0,0,0,0,1,0,0,0,0,255,255,255,255,255,255,255,255,255,255,255,255,65000000,-1,-1,-1,-1,-1,-1,-1,-1,-1,-1,-1,-1,-1,[0|0|0|0|0|0|0|0|0|0|0|0]
5708,,0,43110000,43000000,31000000,43110000,-1,24000000,5000000,5000100,5000200,5000300,50000000,52000000,51000000,53000000,-1,-1,-1,-1,60000000,60010000,-1,-1,-1,-1,-1,-1,-1,-1,-1,-1,-1,1001,1051,130,300,1700,1400,900,10030,9500,-1,1,1,0,1,0,1,0,1,0,15,13,10,12,16,12,9,7,10,0,3,3,1,3,40,99,99,7,3,0,255,255,255,255,255,255,255,0,0,1,0,255,255,255,255,0,0,0,0,0,0,1,0,-1,-1,-1,-1,-1,-1,0,0,0,0,0,0,3,3,0,0,255,0,0,0,0,0,0,0,0,0,1,0,0,0,0,255,255,255,255,255,255,255,255,255,255,255,255,65000000,-1,-1,-1,-1,-1,-1,-1,-1,-1,-1,-1,-1,-1,[0|0|0|0|0|0|0|0|0|0|0|0]
5750,,0,44000000,44000000,31000000,44000000,-1,24000000,5000000,5000100,5000200,5000300,50000000,52000000,51000000,53000000,-1,-1,-1,-1,60000000,60010000,-1,-1,-1,-1,-1,-1,-1,-1,-1,-1,-1,1001,1051,130,300,1700,1400,900,10030,9500,-1,1,1,0,1,0,1,0,1,0,15,13,10,12,16,12,9,7,10,0,3,3,1,3,40,99,99,7,3,0,255,255,255,255,255,255,255,0,0,1,0,255,255,255,255,0,0,0,0,0,0,1,0,-1,-1,-1,-1,-1,-1,0,0,0,0,0,0,3,3,0,0,255,0,0,0,0,0,0,0,0,0,1,0,0,0,0,255,255,255,255,255,255,255,255,255,255,255,255,65000000,-1,-1,-1,-1,-1,-1,-1,-1,-1,-1,-1,-1,-1,[0|0|0|0|0|0|0|0|0|0|0|0]
5751,,0,44010000,44010000,31000000,44010000,-1,24000000,5000000,5000100,5000200,5000300,50000000,52000000,51000000,53000000,-1,-1,-1,-1,60000000,60010000,-1,-1,-1,-1,-1,-1,-1,-1,-1,-1,-1,1001,1051,130,300,1700,1400,900,10030,9500,-1,1,1,0,1,0,1,0,1,0,15,13,10,12,16,12,9,7,10,0,3,3,1,3,40,99,99,7,3,0,255,255,255,255,255,255,255,0,0,1,0,255,255,255,255,0,0,0,0,0,0,1,0,-1,-1,-1,-1,-1,-1,0,0,0,0,0,0,3,3,0,0,255,0,0,0,0,0,0,0,0,0,1,0,0,0,0,255,255,255,255,255,255,255,255,255,255,255,255,65000000,-1,-1,-1,-1,-1,-1,-1,-1,-1,-1,-1,-1,-1,[0|0|0|0|0|0|0|0|0|0|0|0]
7000,,0,80400000,-1,-1,-1,-1,-1,5006000,5006100,5006200,5006300,50000000,52000000,51000000,53000000,-1,-1,-1,-1,60600000,60610000,-1,-1,-1,-1,-1,-1,-1,-1,-1,-1,-1,51,300,1400,1410,1290,-1,-1,-1,-1,-1,10,1,0,1,0,1,0,1,0,15,13,10,12,16,12,9,7,10,0,3,3,1,1,1,0,0,0,0,0,255,255,255,255,255,255,255,0,0,0,0,255,255,255,255,0,0,0,0,0,0,7,2,-1,-1,-1,-1,-1,-1,0,0,0,0,0,0,3,1,0,0,3,0,0,0,0,0,0,0,0,0,1.05,0,0,0,0,255,255,255,255,255,255,255,255,255,255,255,255,65000000,-1,-1,-1,-1,-1,-1,-1,-1,-1,-1,-1,-1,-1,[0|0|0|0|0|0|0|0|0|0|0|0]
7001,,0,80400100,-1,-1,-1,-1,-1,5006000,5006100,5006200,5006300,50000000,52000000,51000000,53000000,-1,-1,-1,-1,60600000,60610000,-1,-1,-1,-1,-1,-1,-1,-1,-1,-1,-1,51,300,1400,1410,1290,-1,-1,-1,-1,-1,10,1,0,1,0,1,0,1,0,15,13,10,12,16,12,9,7,10,0,3,3,1,1,1,0,0,0,0,0,255,255,255,255,255,255,255,0,0,0,0,255,255,255,255,0,0,0,0,0,0,7,2,-1,-1,-1,-1,-1,-1,0,0,0,0,0,0,3,1,0,0,3,0,0,0,0,0,0,0,0,0,1.05,0,0,0,0,255,255,255,255,255,255,255,255,255,255,255,255,65000000,-1,-1,-1,-1,-1,-1,-1,-1,-1,-1,-1,-1,-1,[0|0|0|0|0|0|0|0|0|0|0|0]
7002,,0,80401000,-1,-1,-1,-1,-1,5006000,5006100,5006200,5006300,50000000,52000000,51000000,53000000,-1,-1,-1,-1,60600000,60610000,-1,-1,-1,-1,-1,-1,-1,-1,-1,-1,-1,51,300,1400,1410,1290,-1,-1,-1,-1,-1,10,1,0,1,0,1,0,1,0,15,13,10,12,16,12,9,7,10,0,3,3,1,1,1,0,0,0,0,0,255,255,255,255,255,255,255,0,0,0,0,255,255,255,255,0,0,0,0,0,0,7,2,-1,-1,-1,-1,-1,-1,0,0,0,0,0,0,3,1,0,0,3,0,0,0,0,0,0,0,0,0,1.05,0,0,0,0,255,255,255,255,255,255,255,255,255,255,255,255,65000000,-1,-1,-1,-1,-1,-1,-1,-1,-1,-1,-1,-1,-1,[0|0|0|0|0|0|0|0|0|0|0|0]
7003,,0,80402000,-1,-1,-1,-1,-1,5006000,5006100,5006200,5006300,50000000,52000000,51000000,53000000,-1,-1,-1,-1,60600000,60610000,-1,-1,-1,-1,-1,-1,-1,-1,-1,-1,-1,51,300,1400,1410,1290,-1,-1,-1,-1,-1,10,1,0,1,0,1,0,1,0,15,13,10,12,16,12,9,7,10,0,3,3,1,1,1,0,0,0,0,0,255,255,255,255,255,255,255,0,0,0,0,255,255,255,255,0,0,0,0,0,0,7,2,-1,-1,-1,-1,-1,-1,0,0,0,0,0,0,3,1,0,0,3,0,0,0,0,0,0,0,0,0,1.05,0,0,0,0,255,255,255,255,255,255,255,255,255,255,255,255,65000000,-1,-1,-1,-1,-1,-1,-1,-1,-1,-1,-1,-1,-1,[0|0|0|0|0|0|0|0|0|0|0|0]
7004,,0,80402100,-1,-1,-1,-1,-1,5006000,5006100,5006200,5006300,50000000,52000000,51000000,53000000,-1,-1,-1,-1,60600000,60610000,-1,-1,-1,-1,-1,-1,-1,-1,-1,-1,-1,51,300,1400,1410,1290,-1,-1,-1,-1,-1,10,1,0,1,0,1,0,1,0,15,13,10,12,16,12,9,7,10,0,3,3,1,1,1,0,0,0,0,0,255,255,255,255,255,255,255,0,0,0,0,255,255,255,255,0,0,0,0,0,0,7,2,-1,-1,-1,-1,-1,-1,0,0,0,0,0,0,3,1,0,0,3,0,0,0,0,0,0,0,0,0,1.05,0,0,0,0,255,255,255,255,255,255,255,255,255,255,255,255,65000000,-1,-1,-1,-1,-1,-1,-1,-1,-1,-1,-1,-1,-1,[0|0|0|0|0|0|0|0|0|0|0|0]
7005,,0,80403000,-1,-1,-1,-1,-1,5006000,5006100,5006200,5006300,50000000,52000000,51000000,53000000,-1,-1,-1,-1,60600000,60610000,-1,-1,-1,-1,-1,-1,-1,-1,-1,-1,-1,51,300,1400,1410,1290,-1,-1,-1,-1,-1,10,1,0,1,0,1,0,1,0,15,13,10,12,16,12,9,7,10,0,3,3,1,1,1,0,0,0,0,0,255,255,255,255,255,255,255,0,0,0,0,255,255,255,255,0,0,0,0,0,0,7,2,-1,-1,-1,-1,-1,-1,0,0,0,0,0,0,3,1,0,0,3,0,0,0,0,0,0,0,0,0,1.05,0,0,0,0,255,255,255,255,255,255,255,255,255,255,255,255,65000000,-1,-1,-1,-1,-1,-1,-1,-1,-1,-1,-1,-1,-1,[0|0|0|0|0|0|0|0|0|0|0|0]
7006,,0,80404000,-1,-1,-1,-1,-1,5006000,5006100,5006200,5006300,50000000,52000000,51000000,53000000,-1,-1,-1,-1,60600000,60610000,-1,-1,-1,-1,-1,-1,-1,-1,-1,-1,-1,51,300,1400,1410,1290,-1,-1,-1,-1,-1,10,1,0,1,0,1,0,1,0,15,13,10,12,16,12,9,7,10,0,3,3,1,1,1,0,0,0,0,0,255,255,255,255,255,255,255,0,0,0,0,255,255,255,255,0,0,0,0,0,0,7,2,-1,-1,-1,-1,-1,-1,0,0,0,0,0,0,3,1,0,0,3,0,0,0,0,0,0,0,0,0,1.05,0,0,0,0,255,255,255,255,255,255,255,255,255,255,255,255,65000000,-1,-1,-1,-1,-1,-1,-1,-1,-1,-1,-1,-1,-1,[0|0|0|0|0|0|0|0|0|0|0|0]
7007,,0,80405000,-1,-1,-1,-1,-1,5006000,5006100,5006200,5006300,50000000,52000000,51000000,53000000,-1,-1,-1,-1,60600000,60610000,-1,-1,-1,-1,-1,-1,-1,-1,-1,-1,-1,51,300,1400,1410,1290,-1,-1,-1,-1,-1,10,1,0,1,0,1,0,1,0,15,13,10,12,16,12,9,7,10,0,3,3,1,1,1,0,0,0,0,0,255,255,255,255,255,255,255,0,0,0,0,255,255,255,255,0,0,0,0,0,0,7,2,-1,-1,-1,-1,-1,-1,0,0,0,0,0,0,3,1,0,0,3,0,0,0,0,0,0,0,0,0,1.05,0,0,0,0,255,255,255,255,255,255,255,255,255,255,255,255,65000000,-1,-1,-1,-1,-1,-1,-1,-1,-1,-1,-1,-1,-1,[0|0|0|0|0|0|0|0|0|0|0|0]
7008,,0,80406000,-1,-1,-1,-1,-1,5006000,5006100,5006200,5006300,50000000,52000000,51000000,53000000,-1,-1,-1,-1,60600000,60610000,-1,-1,-1,-1,-1,-1,-1,-1,-1,-1,-1,51,300,1400,1410,1290,-1,-1,-1,-1,-1,10,1,0,1,0,1,0,1,0,15,13,10,12,16,12,9,7,10,0,3,3,1,1,1,0,0,0,0,0,255,255,255,255,255,255,255,0,0,0,0,255,255,255,255,0,0,0,0,0,0,7,2,-1,-1,-1,-1,-1,-1,0,0,0,0,0,0,3,1,0,0,3,0,0,0,0,0,0,0,0,0,1.05,0,0,0,0,255,255,255,255,255,255,255,255,255,255,255,255,65000000,-1,-1,-1,-1,-1,-1,-1,-1,-1,-1,-1,-1,-1,[0|0|0|0|0|0|0|0|0|0|0|0]
7009,,0,80407000,-1,-1,-1,-1,-1,5006000,5006100,5006200,5006300,50000000,52000000,51000000,53000000,-1,-1,-1,-1,60600000,60610000,-1,-1,-1,-1,-1,-1,-1,-1,-1,-1,-1,51,300,1400,1410,1290,-1,-1,-1,-1,-1,10,1,0,1,0,1,0,1,0,15,13,10,12,16,12,9,7,10,0,3,3,1,1,1,0,0,0,0,0,255,255,255,255,255,255,255,0,0,0,0,255,255,255,255,0,0,0,0,0,0,7,2,-1,-1,-1,-1,-1,-1,0,0,0,0,0,0,3,1,0,0,3,0,0,0,0,0,0,0,0,0,1.05,0,0,0,0,255,255,255,255,255,255,255,255,255,255,255,255,65000000,-1,-1,-1,-1,-1,-1,-1,-1,-1,-1,-1,-1,-1,[0|0|0|0|0|0|0|0|0|0|0|0]
7010,,0,80408000,-1,-1,-1,-1,-1,5006000,5006100,5006200,5006300,50000000,52000000,51000000,53000000,-1,-1,-1,-1,60600000,60610000,-1,-1,-1,-1,-1,-1,-1,-1,-1,-1,-1,51,300,1400,1410,1290,-1,-1,-1,-1,-1,10,1,0,1,0,1,0,1,0,15,13,10,12,16,12,9,7,10,0,3,3,1,1,1,0,0,0,0,0,255,255,255,255,255,255,255,0,0,0,0,255,255,255,255,0,0,0,0,0,0,7,2,-1,-1,-1,-1,-1,-1,0,0,0,0,0,0,3,1,0,0,3,0,0,0,0,0,0,0,0,0,1.05,0,0,0,0,255,255,255,255,255,255,255,255,255,255,255,255,65000000,-1,-1,-1,-1,-1,-1,-1,-1,-1,-1,-1,-1,-1,[0|0|0|0|0|0|0|0|0|0|0|0]
7011,,0,80409000,-1,-1,-1,-1,-1,5006000,5006100,5006200,5006300,50000000,52000000,51000000,53000000,-1,-1,-1,-1,60600000,60610000,-1,-1,-1,-1,-1,-1,-1,-1,-1,-1,-1,51,300,1400,1410,1290,-1,-1,-1,-1,-1,10,1,0,1,0,1,0,1,0,15,13,10,12,16,12,9,7,10,0,3,3,1,1,1,0,0,0,0,0,255,255,255,255,255,255,255,0,0,0,0,255,255,255,255,0,0,0,0,0,0,7,2,-1,-1,-1,-1,-1,-1,0,0,0,0,0,0,3,1,0,0,3,0,0,0,0,0,0,0,0,0,1.05,0,0,0,0,255,255,255,255,255,255,255,255,255,255,255,255,65000000,-1,-1,-1,-1,-1,-1,-1,-1,-1,-1,-1,-1,-1,[0|0|0|0|0|0|0|0|0|0|0|0]
7012,,0,80410000,-1,-1,-1,-1,-1,5006000,5006100,5006200,5006300,50000000,52000000,51000000,53000000,-1,-1,-1,-1,60600000,60610000,-1,-1,-1,-1,-1,-1,-1,-1,-1,-1,-1,51,300,1400,1410,1290,-1,-1,-1,-1,-1,10,1,0,1,0,1,0,1,0,15,13,10,12,16,12,9,7,10,0,3,3,1,1,1,0,0,0,0,0,255,255,255,255,255,255,255,0,0,0,0,255,255,255,255,0,0,0,0,0,0,7,2,-1,-1,-1,-1,-1,-1,0,0,0,0,0,0,3,1,0,0,3,0,0,0,0,0,0,0,0,0,1.05,0,0,0,0,255,255,255,255,255,255,255,255,255,255,255,255,65000000,-1,-1,-1,-1,-1,-1,-1,-1,-1,-1,-1,-1,-1,[0|0|0|0|0|0|0|0|0|0|0|0]
7013,,0,80411000,-1,-1,-1,-1,-1,5006000,5006100,5006200,5006300,50000000,52000000,51000000,53000000,-1,-1,-1,-1,60600000,60610000,-1,-1,-1,-1,-1,-1,-1,-1,-1,-1,-1,51,300,1400,1410,1290,-1,-1,-1,-1,-1,10,1,0,1,0,1,0,1,0,15,13,10,12,16,12,9,7,10,0,3,3,1,1,1,0,0,0,0,0,255,255,255,255,255,255,255,0,0,0,0,255,255,255,255,0,0,0,0,0,0,7,2,-1,-1,-1,-1,-1,-1,0,0,0,0,0,0,3,1,0,0,3,0,0,0,0,0,0,0,0,0,1.05,0,0,0,0,255,255,255,255,255,255,255,255,255,255,255,255,65000000,-1,-1,-1,-1,-1,-1,-1,-1,-1,-1,-1,-1,-1,[0|0|0|0|0|0|0|0|0|0|0|0]
7014,,0,80412000,-1,-1,-1,-1,-1,5006000,5006100,5006200,5006300,50000000,52000000,51000000,53000000,-1,-1,-1,-1,60600000,60610000,-1,-1,-1,-1,-1,-1,-1,-1,-1,-1,-1,51,300,1400,1410,1290,-1,-1,-1,-1,-1,10,1,0,1,0,1,0,1,0,15,13,10,12,16,12,9,7,10,0,3,3,1,1,1,0,0,0,0,0,255,255,255,255,255,255,255,0,0,0,0,255,255,255,255,0,0,0,0,0,0,7,2,-1,-1,-1,-1,-1,-1,0,0,0,0,0,0,3,1,0,0,3,0,0,0,0,0,0,0,0,0,1.05,0,0,0,0,255,255,255,255,255,255,255,255,255,255,255,255,65000000,-1,-1,-1,-1,-1,-1,-1,-1,-1,-1,-1,-1,-1,[0|0|0|0|0|0|0|0|0|0|0|0]
7015,,0,80413000,-1,-1,-1,-1,-1,5006000,5006100,5006200,5006300,50000000,52000000,51000000,53000000,-1,-1,-1,-1,60600000,60610000,-1,-1,-1,-1,-1,-1,-1,-1,-1,-1,-1,51,300,1400,1410,1290,-1,-1,-1,-1,-1,10,1,0,1,0,1,0,1,0,15,13,10,12,16,12,9,7,10,0,3,3,1,1,1,0,0,0,0,0,255,255,255,255,255,255,255,0,0,0,0,255,255,255,255,0,0,0,0,0,0,7,2,-1,-1,-1,-1,-1,-1,0,0,0,0,0,0,3,1,0,0,3,0,0,0,0,0,0,0,0,0,1.05,0,0,0,0,255,255,255,255,255,255,255,255,255,255,255,255,65000000,-1,-1,-1,-1,-1,-1,-1,-1,-1,-1,-1,-1,-1,[0|0|0|0|0|0|0|0|0|0|0|0]
7016,,0,80414000,-1,-1,-1,-1,-1,5006000,5006100,5006200,5006300,50000000,52000000,51000000,53000000,-1,-1,-1,-1,60600000,60610000,-1,-1,-1,-1,-1,-1,-1,-1,-1,-1,-1,51,300,1400,1410,1290,-1,-1,-1,-1,-1,10,1,0,1,0,1,0,1,0,15,13,10,12,16,12,9,7,10,0,3,3,1,1,1,0,0,0,0,0,255,255,255,255,255,255,255,0,0,0,0,255,255,255,255,0,0,0,0,0,0,7,2,-1,-1,-1,-1,-1,-1,0,0,0,0,0,0,3,1,0,0,3,0,0,0,0,0,0,0,0,0,1.05,0,0,0,0,255,255,255,255,255,255,255,255,255,255,255,255,65000000,-1,-1,-1,-1,-1,-1,-1,-1,-1,-1,-1,-1,-1,[0|0|0|0|0|0|0|0|0|0|0|0]
7017,,0,80420000,-1,-1,-1,-1,-1,5006000,5006100,5006200,5006300,50000000,52000000,51000000,53000000,-1,-1,-1,-1,60600000,60610000,-1,-1,-1,-1,-1,-1,-1,-1,-1,-1,-1,51,300,1400,1410,1290,-1,-1,-1,-1,-1,10,1,0,1,0,1,0,1,0,15,13,10,12,16,12,9,7,10,0,3,3,1,1,1,0,0,0,0,0,255,255,255,255,255,255,255,0,0,0,0,255,255,255,255,0,0,0,0,0,0,7,2,-1,-1,-1,-1,-1,-1,0,0,0,0,0,0,3,1,0,0,3,0,0,0,0,0,0,0,0,0,1.05,0,0,0,0,255,255,255,255,255,255,255,255,255,255,255,255,65000000,-1,-1,-1,-1,-1,-1,-1,-1,-1,-1,-1,-1,-1,[0|0|0|0|0|0|0|0|0|0|0|0]
7018,,0,80421000,-1,-1,-1,-1,-1,5006000,5006100,5006200,5006300,50000000,52000000,51000000,53000000,-1,-1,-1,-1,60600000,60610000,-1,-1,-1,-1,-1,-1,-1,-1,-1,-1,-1,51,300,1400,1410,1290,-1,-1,-1,-1,-1,10,1,0,1,0,1,0,1,0,15,13,10,12,16,12,9,7,10,0,3,3,1,1,1,0,0,0,0,0,255,255,255,255,255,255,255,0,0,0,0,255,255,255,255,0,0,0,0,0,0,7,2,-1,-1,-1,-1,-1,-1,0,0,0,0,0,0,3,1,0,0,3,0,0,0,0,0,0,0,0,0,1.05,0,0,0,0,255,255,255,255,255,255,255,255,255,255,255,255,65000000,-1,-1,-1,-1,-1,-1,-1,-1,-1,-1,-1,-1,-1,[0|0|0|0|0|0|0|0|0|0|0|0]
7019,,0,80422000,-1,-1,-1,-1,-1,5006000,5006100,5006200,5006300,50000000,52000000,51000000,53000000,-1,-1,-1,-1,60600000,60610000,-1,-1,-1,-1,-1,-1,-1,-1,-1,-1,-1,51,300,1400,1410,1290,-1,-1,-1,-1,-1,10,1,0,1,0,1,0,1,0,15,13,10,12,16,12,9,7,10,0,3,3,1,1,1,0,0,0,0,0,255,255,255,255,255,255,255,0,0,0,0,255,255,255,255,0,0,0,0,0,0,7,2,-1,-1,-1,-1,-1,-1,0,0,0,0,0,0,3,1,0,0,3,0,0,0,0,0,0,0,0,0,1.05,0,0,0,0,255,255,255,255,255,255,255,255,255,255,255,255,65000000,-1,-1,-1,-1,-1,-1,-1,-1,-1,-1,-1,-1,-1,[0|0|0|0|0|0|0|0|0|0|0|0]
7020,,0,80430000,-1,-1,-1,-1,-1,5006000,5006100,5006200,5006300,50000000,52000000,51000000,53000000,-1,-1,-1,-1,60600000,60610000,-1,-1,-1,-1,-1,-1,-1,-1,-1,-1,-1,51,300,1400,1410,1290,-1,-1,-1,-1,-1,10,1,0,1,0,1,0,1,0,15,13,10,12,16,12,9,7,10,0,3,3,1,1,1,0,0,0,0,0,255,255,255,255,255,255,255,0,0,0,0,255,255,255,255,0,0,0,0,0,0,7,2,-1,-1,-1,-1,-1,-1,0,0,0,0,0,0,3,1,0,0,3,0,0,0,0,0,0,0,0,0,1.05,0,0,0,0,255,255,255,255,255,255,255,255,255,255,255,255,65000000,-1,-1,-1,-1,-1,-1,-1,-1,-1,-1,-1,-1,-1,[0|0|0|0|0|0|0|0|0|0|0|0]
7021,,0,80430100,-1,-1,-1,-1,-1,5006000,5006100,5006200,5006300,50000000,52000000,51000000,53000000,-1,-1,-1,-1,60600000,60610000,-1,-1,-1,-1,-1,-1,-1,-1,-1,-1,-1,51,300,1400,1410,1290,-1,-1,-1,-1,-1,10,1,0,1,0,1,0,1,0,15,13,10,12,16,12,9,7,10,0,3,3,1,1,1,0,0,0,0,0,255,255,255,255,255,255,255,0,0,0,0,255,255,255,255,0,0,0,0,0,0,7,2,-1,-1,-1,-1,-1,-1,0,0,0,0,0,0,3,1,0,0,3,0,0,0,0,0,0,0,0,0,1.05,0,0,0,0,255,255,255,255,255,255,255,255,255,255,255,255,65000000,-1,-1,-1,-1,-1,-1,-1,-1,-1,-1,-1,-1,-1,[0|0|0|0|0|0|0|0|0|0|0|0]
7022,,0,80430200,-1,-1,-1,-1,-1,5006000,5006100,5006200,5006300,50000000,52000000,51000000,53000000,-1,-1,-1,-1,60600000,60610000,-1,-1,-1,-1,-1,-1,-1,-1,-1,-1,-1,51,300,1400,1410,1290,-1,-1,-1,-1,-1,10,1,0,1,0,1,0,1,0,15,13,10,12,16,12,9,7,10,0,3,3,1,1,1,0,0,0,0,0,255,255,255,255,255,255,255,0,0,0,0,255,255,255,255,0,0,0,0,0,0,7,2,-1,-1,-1,-1,-1,-1,0,0,0,0,0,0,3,1,0,0,3,0,0,0,0,0,0,0,0,0,1.05,0,0,0,0,255,255,255,255,255,255,255,255,255,255,255,255,65000000,-1,-1,-1,-1,-1,-1,-1,-1,-1,-1,-1,-1,-1,[0|0|0|0|0|0|0|0|0|0|0|0]
7023,,0,80436000,-1,-1,-1,-1,-1,5006000,5006100,5006200,5006300,50000000,52000000,51000000,53000000,-1,-1,-1,-1,60600000,60610000,-1,-1,-1,-1,-1,-1,-1,-1,-1,-1,-1,51,300,1400,1410,1290,-1,-1,-1,-1,-1,10,1,0,1,0,1,0,1,0,15,13,10,12,16,12,9,7,10,0,3,3,1,1,1,0,0,0,0,0,255,255,255,255,255,255,255,0,0,0,0,255,255,255,255,0,0,0,0,0,0,7,2,-1,-1,-1,-1,-1,-1,0,0,0,0,0,0,3,1,0,0,3,0,0,0,0,0,0,0,0,0,1.05,0,0,0,0,255,255,255,255,255,255,255,255,255,255,255,255,65000000,-1,-1,-1,-1,-1,-1,-1,-1,-1,-1,-1,-1,-1,[0|0|0|0|0|0|0|0|0|0|0|0]
7024,,0,80436100,-1,-1,-1,-1,-1,5006000,5006100,5006200,5006300,50000000,52000000,51000000,53000000,-1,-1,-1,-1,60600000,60610000,-1,-1,-1,-1,-1,-1,-1,-1,-1,-1,-1,51,300,1400,1410,1290,-1,-1,-1,-1,-1,10,1,0,1,0,1,0,1,0,15,13,10,12,16,12,9,7,10,0,3,3,1,1,1,0,0,0,0,0,255,255,255,255,255,255,255,0,0,0,0,255,255,255,255,0,0,0,0,0,0,7,2,-1,-1,-1,-1,-1,-1,0,0,0,0,0,0,3,1,0,0,3,0,0,0,0,0,0,0,0,0,1.05,0,0,0,0,255,255,255,255,255,255,255,255,255,255,255,255,65000000,-1,-1,-1,-1,-1,-1,-1,-1,-1,-1,-1,-1,-1,[0|0|0|0|0|0|0|0|0|0|0|0]
7025,,0,80437000,-1,-1,-1,-1,-1,5006000,5006100,5006200,5006300,50000000,52000000,51000000,53000000,-1,-1,-1,-1,60600000,60610000,-1,-1,-1,-1,-1,-1,-1,-1,-1,-1,-1,51,300,1400,1410,1290,-1,-1,-1,-1,-1,10,1,0,1,0,1,0,1,0,15,13,10,12,16,12,9,7,10,0,3,3,1,1,1,0,0,0,0,0,255,255,255,255,255,255,255,0,0,0,0,255,255,255,255,0,0,0,0,0,0,7,2,-1,-1,-1,-1,-1,-1,0,0,0,0,0,0,3,1,0,0,3,0,0,0,0,0,0,0,0,0,1.05,0,0,0,0,255,255,255,255,255,255,255,255,255,255,255,255,65000000,-1,-1,-1,-1,-1,-1,-1,-1,-1,-1,-1,-1,-1,[0|0|0|0|0|0|0|0|0|0|0|0]
7026,,0,80438000,-1,-1,-1,-1,-1,5006000,5006100,5006200,5006300,50000000,52000000,51000000,53000000,-1,-1,-1,-1,60600000,60610000,-1,-1,-1,-1,-1,-1,-1,-1,-1,-1,-1,51,300,1400,1410,1290,-1,-1,-1,-1,-1,10,1,0,1,0,1,0,1,0,15,13,10,12,16,12,9,7,10,0,3,3,1,1,1,0,0,0,0,0,255,255,255,255,255,255,255,0,0,0,0,255,255,255,255,0,0,0,0,0,0,7,2,-1,-1,-1,-1,-1,-1,0,0,0,0,0,0,3,1,0,0,3,0,0,0,0,0,0,0,0,0,1.05,0,0,0,0,255,255,255,255,255,255,255,255,255,255,255,255,65000000,-1,-1,-1,-1,-1,-1,-1,-1,-1,-1,-1,-1,-1,[0|0|0|0|0|0|0|0|0|0|0|0]
7027,,0,80438100,-1,-1,-1,-1,-1,5006000,5006100,5006200,5006300,50000000,52000000,51000000,53000000,-1,-1,-1,-1,60600000,60610000,-1,-1,-1,-1,-1,-1,-1,-1,-1,-1,-1,51,300,1400,1410,1290,-1,-1,-1,-1,-1,10,1,0,1,0,1,0,1,0,15,13,10,12,16,12,9,7,10,0,3,3,1,1,1,0,0,0,0,0,255,255,255,255,255,255,255,0,0,0,0,255,255,255,255,0,0,0,0,0,0,7,2,-1,-1,-1,-1,-1,-1,0,0,0,0,0,0,3,1,0,0,3,0,0,0,0,0,0,0,0,0,1.05,0,0,0,0,255,255,255,255,255,255,255,255,255,255,255,255,65000000,-1,-1,-1,-1,-1,-1,-1,-1,-1,-1,-1,-1,-1,[0|0|0|0|0|0|0|0|0|0|0|0]
7028,,0,80439000,-1,-1,-1,-1,-1,5006000,5006100,5006200,5006300,50000000,52000000,51000000,53000000,-1,-1,-1,-1,60600000,60610000,-1,-1,-1,-1,-1,-1,-1,-1,-1,-1,-1,51,300,1400,1410,1290,-1,-1,-1,-1,-1,10,1,0,1,0,1,0,1,0,15,13,10,12,16,12,9,7,10,0,3,3,1,1,1,0,0,0,0,0,255,255,255,255,255,255,255,0,0,0,0,255,255,255,255,0,0,0,0,0,0,7,2,-1,-1,-1,-1,-1,-1,0,0,0,0,0,0,3,1,0,0,3,0,0,0,0,0,0,0,0,0,1.05,0,0,0,0,255,255,255,255,255,255,255,255,255,255,255,255,65000000,-1,-1,-1,-1,-1,-1,-1,-1,-1,-1,-1,-1,-1,[0|0|0|0|0|0|0|0|0|0|0|0]
7029,,0,80440000,-1,-1,-1,-1,-1,5006000,5006100,5006200,5006300,50000000,52000000,51000000,53000000,-1,-1,-1,-1,60600000,60610000,-1,-1,-1,-1,-1,-1,-1,-1,-1,-1,-1,51,300,1400,1410,1290,-1,-1,-1,-1,-1,10,1,0,1,0,1,0,1,0,15,13,10,12,16,12,9,7,10,0,3,3,1,1,1,0,0,0,0,0,255,255,255,255,255,255,255,0,0,0,0,255,255,255,255,0,0,0,0,0,0,7,2,-1,-1,-1,-1,-1,-1,0,0,0,0,0,0,3,1,0,0,3,0,0,0,0,0,0,0,0,0,1.05,0,0,0,0,255,255,255,255,255,255,255,255,255,255,255,255,65000000,-1,-1,-1,-1,-1,-1,-1,-1,-1,-1,-1,-1,-1,[0|0|0|0|0|0|0|0|0|0|0|0]
7030,,0,80441000,-1,-1,-1,-1,-1,5006000,5006100,5006200,5006300,50000000,52000000,51000000,53000000,-1,-1,-1,-1,60600000,60610000,-1,-1,-1,-1,-1,-1,-1,-1,-1,-1,-1,51,300,1400,1410,1290,-1,-1,-1,-1,-1,10,1,0,1,0,1,0,1,0,15,13,10,12,16,12,9,7,10,0,3,3,1,1,1,0,0,0,0,0,255,255,255,255,255,255,255,0,0,0,0,255,255,255,255,0,0,0,0,0,0,7,2,-1,-1,-1,-1,-1,-1,0,0,0,0,0,0,3,1,0,0,3,0,0,0,0,0,0,0,0,0,1.05,0,0,0,0,255,255,255,255,255,255,255,255,255,255,255,255,65000000,-1,-1,-1,-1,-1,-1,-1,-1,-1,-1,-1,-1,-1,[0|0|0|0|0|0|0|0|0|0|0|0]
7031,,0,80442000,-1,-1,-1,-1,-1,5006000,5006100,5006200,5006300,50000000,52000000,51000000,53000000,-1,-1,-1,-1,60600000,60610000,-1,-1,-1,-1,-1,-1,-1,-1,-1,-1,-1,51,300,1400,1410,1290,-1,-1,-1,-1,-1,10,1,0,1,0,1,0,1,0,15,13,10,12,16,12,9,7,10,0,3,3,1,1,1,0,0,0,0,0,255,255,255,255,255,255,255,0,0,0,0,255,255,255,255,0,0,0,0,0,0,7,2,-1,-1,-1,-1,-1,-1,0,0,0,0,0,0,3,1,0,0,3,0,0,0,0,0,0,0,0,0,1.05,0,0,0,0,255,255,255,255,255,255,255,255,255,255,255,255,65000000,-1,-1,-1,-1,-1,-1,-1,-1,-1,-1,-1,-1,-1,[0|0|0|0|0|0|0|0|0|0|0|0]
7032,,0,80443000,-1,-1,-1,-1,-1,5006000,5006100,5006200,5006300,50000000,52000000,51000000,53000000,-1,-1,-1,-1,60600000,60610000,-1,-1,-1,-1,-1,-1,-1,-1,-1,-1,-1,51,300,1400,1410,1290,-1,-1,-1,-1,-1,10,1,0,1,0,1,0,1,0,15,13,10,12,16,12,9,7,10,0,3,3,1,1,1,0,0,0,0,0,255,255,255,255,255,255,255,0,0,0,0,255,255,255,255,0,0,0,0,0,0,7,2,-1,-1,-1,-1,-1,-1,0,0,0,0,0,0,3,1,0,0,3,0,0,0,0,0,0,0,0,0,1.05,0,0,0,0,255,255,255,255,255,255,255,255,255,255,255,255,65000000,-1,-1,-1,-1,-1,-1,-1,-1,-1,-1,-1,-1,-1,[0|0|0|0|0|0|0|0|0|0|0|0]
7033,,0,80443100,-1,-1,-1,-1,-1,5006000,5006100,5006200,5006300,50000000,52000000,51000000,53000000,-1,-1,-1,-1,60600000,60610000,-1,-1,-1,-1,-1,-1,-1,-1,-1,-1,-1,51,300,1400,1410,1290,-1,-1,-1,-1,-1,10,1,0,1,0,1,0,1,0,15,13,10,12,16,12,9,7,10,0,3,3,1,1,1,0,0,0,0,0,255,255,255,255,255,255,255,0,0,0,0,255,255,255,255,0,0,0,0,0,0,7,2,-1,-1,-1,-1,-1,-1,0,0,0,0,0,0,3,1,0,0,3,0,0,0,0,0,0,0,0,0,1.05,0,0,0,0,255,255,255,255,255,255,255,255,255,255,255,255,65000000,-1,-1,-1,-1,-1,-1,-1,-1,-1,-1,-1,-1,-1,[0|0|0|0|0|0|0|0|0|0|0|0]
7034,,0,80444000,-1,-1,-1,-1,-1,5006000,5006100,5006200,5006300,50000000,52000000,51000000,53000000,-1,-1,-1,-1,60600000,60610000,-1,-1,-1,-1,-1,-1,-1,-1,-1,-1,-1,51,300,1400,1410,1290,-1,-1,-1,-1,-1,10,1,0,1,0,1,0,1,0,15,13,10,12,16,12,9,7,10,0,3,3,1,1,1,0,0,0,0,0,255,255,255,255,255,255,255,0,0,0,0,255,255,255,255,0,0,0,0,0,0,7,2,-1,-1,-1,-1,-1,-1,0,0,0,0,0,0,3,1,0,0,3,0,0,0,0,0,0,0,0,0,1.05,0,0,0,0,255,255,255,255,255,255,255,255,255,255,255,255,65000000,-1,-1,-1,-1,-1,-1,-1,-1,-1,-1,-1,-1,-1,[0|0|0|0|0|0|0|0|0|0|0|0]
7035,,0,80445000,-1,-1,-1,-1,-1,5006000,5006100,5006200,5006300,50000000,52000000,51000000,53000000,-1,-1,-1,-1,60600000,60610000,-1,-1,-1,-1,-1,-1,-1,-1,-1,-1,-1,51,300,1400,1410,1290,-1,-1,-1,-1,-1,10,1,0,1,0,1,0,1,0,15,13,10,12,16,12,9,7,10,0,3,3,1,1,1,0,0,0,0,0,255,255,255,255,255,255,255,0,0,0,0,255,255,255,255,0,0,0,0,0,0,7,2,-1,-1,-1,-1,-1,-1,0,0,0,0,0,0,3,1,0,0,3,0,0,0,0,0,0,0,0,0,1.05,0,0,0,0,255,255,255,255,255,255,255,255,255,255,255,255,65000000,-1,-1,-1,-1,-1,-1,-1,-1,-1,-1,-1,-1,-1,[0|0|0|0|0|0|0|0|0|0|0|0]
7036,,0,80446000,-1,-1,-1,-1,-1,5006000,5006100,5006200,5006300,50000000,52000000,51000000,53000000,-1,-1,-1,-1,60600000,60610000,-1,-1,-1,-1,-1,-1,-1,-1,-1,-1,-1,51,300,1400,1410,1290,-1,-1,-1,-1,-1,10,1,0,1,0,1,0,1,0,15,13,10,12,16,12,9,7,10,0,3,3,1,1,1,0,0,0,0,0,255,255,255,255,255,255,255,0,0,0,0,255,255,255,255,0,0,0,0,0,0,7,2,-1,-1,-1,-1,-1,-1,0,0,0,0,0,0,3,1,0,0,3,0,0,0,0,0,0,0,0,0,1.05,0,0,0,0,255,255,255,255,255,255,255,255,255,255,255,255,65000000,-1,-1,-1,-1,-1,-1,-1,-1,-1,-1,-1,-1,-1,[0|0|0|0|0|0|0|0|0|0|0|0]
7037,,0,80447000,-1,-1,-1,-1,-1,5006000,5006100,5006200,5006300,50000000,52000000,51000000,53000000,-1,-1,-1,-1,60600000,60610000,-1,-1,-1,-1,-1,-1,-1,-1,-1,-1,-1,51,300,1400,1410,1290,-1,-1,-1,-1,-1,10,1,0,1,0,1,0,1,0,15,13,10,12,16,12,9,7,10,0,3,3,1,1,1,0,0,0,0,0,255,255,255,255,255,255,255,0,0,0,0,255,255,255,255,0,0,0,0,0,0,7,2,-1,-1,-1,-1,-1,-1,0,0,0,0,0,0,3,1,0,0,3,0,0,0,0,0,0,0,0,0,1.05,0,0,0,0,255,255,255,255,255,255,255,255,255,255,255,255,65000000,-1,-1,-1,-1,-1,-1,-1,-1,-1,-1,-1,-1,-1,[0|0|0|0|0|0|0|0|0|0|0|0]
7038,,0,80448000,-1,-1,-1,-1,-1,5006000,5006100,5006200,5006300,50000000,52000000,51000000,53000000,-1,-1,-1,-1,60600000,60610000,-1,-1,-1,-1,-1,-1,-1,-1,-1,-1,-1,51,300,1400,1410,1290,-1,-1,-1,-1,-1,10,1,0,1,0,1,0,1,0,15,13,10,12,16,12,9,7,10,0,3,3,1,1,1,0,0,0,0,0,255,255,255,255,255,255,255,0,0,0,0,255,255,255,255,0,0,0,0,0,0,7,2,-1,-1,-1,-1,-1,-1,0,0,0,0,0,0,3,1,0,0,3,0,0,0,0,0,0,0,0,0,1.05,0,0,0,0,255,255,255,255,255,255,255,255,255,255,255,255,65000000,-1,-1,-1,-1,-1,-1,-1,-1,-1,-1,-1,-1,-1,[0|0|0|0|0|0|0|0|0|0|0|0]
7039,,0,80449000,-1,-1,-1,-1,-1,5006000,5006100,5006200,5006300,50000000,52000000,51000000,53000000,-1,-1,-1,-1,60600000,60610000,-1,-1,-1,-1,-1,-1,-1,-1,-1,-1,-1,51,300,1400,1410,1290,-1,-1,-1,-1,-1,10,1,0,1,0,1,0,1,0,15,13,10,12,16,12,9,7,10,0,3,3,1,1,1,0,0,0,0,0,255,255,255,255,255,255,255,0,0,0,0,255,255,255,255,0,0,0,0,0,0,7,2,-1,-1,-1,-1,-1,-1,0,0,0,0,0,0,3,1,0,0,3,0,0,0,0,0,0,0,0,0,1.05,0,0,0,0,255,255,255,255,255,255,255,255,255,255,255,255,65000000,-1,-1,-1,-1,-1,-1,-1,-1,-1,-1,-1,-1,-1,[0|0|0|0|0|0|0|0|0|0|0|0]
7040,,0,80450000,-1,-1,-1,-1,-1,5006000,5006100,5006200,5006300,50000000,52000000,51000000,53000000,-1,-1,-1,-1,60600000,60610000,-1,-1,-1,-1,-1,-1,-1,-1,-1,-1,-1,51,300,1400,1410,1290,-1,-1,-1,-1,-1,10,1,0,1,0,1,0,1,0,15,13,10,12,16,12,9,7,10,0,3,3,1,1,1,0,0,0,0,0,255,255,255,255,255,255,255,0,0,0,0,255,255,255,255,0,0,0,0,0,0,7,2,-1,-1,-1,-1,-1,-1,0,0,0,0,0,0,3,1,0,0,3,0,0,0,0,0,0,0,0,0,1.05,0,0,0,0,255,255,255,255,255,255,255,255,255,255,255,255,65000000,-1,-1,-1,-1,-1,-1,-1,-1,-1,-1,-1,-1,-1,[0|0|0|0|0|0|0|0|0|0|0|0]
7041,,0,80451000,-1,-1,-1,-1,-1,5006000,5006100,5006200,5006300,50000000,52000000,51000000,53000000,-1,-1,-1,-1,60600000,60610000,-1,-1,-1,-1,-1,-1,-1,-1,-1,-1,-1,51,300,1400,1410,1290,-1,-1,-1,-1,-1,10,1,0,1,0,1,0,1,0,15,13,10,12,16,12,9,7,10,0,3,3,1,1,1,0,0,0,0,0,255,255,255,255,255,255,255,0,0,0,0,255,255,255,255,0,0,0,0,0,0,7,2,-1,-1,-1,-1,-1,-1,0,0,0,0,0,0,3,1,0,0,3,0,0,0,0,0,0,0,0,0,1.05,0,0,0,0,255,255,255,255,255,255,255,255,255,255,255,255,65000000,-1,-1,-1,-1,-1,-1,-1,-1,-1,-1,-1,-1,-1,[0|0|0|0|0|0|0|0|0|0|0|0]
7042,,0,80452000,-1,-1,-1,-1,-1,5006000,5006100,5006200,5006300,50000000,52000000,51000000,53000000,-1,-1,-1,-1,60600000,60610000,-1,-1,-1,-1,-1,-1,-1,-1,-1,-1,-1,51,300,1400,1410,1290,-1,-1,-1,-1,-1,10,1,0,1,0,1,0,1,0,15,13,10,12,16,12,9,7,10,0,3,3,1,1,1,0,0,0,0,0,255,255,255,255,255,255,255,0,0,0,0,255,255,255,255,0,0,0,0,0,0,7,2,-1,-1,-1,-1,-1,-1,0,0,0,0,0,0,3,1,0,0,3,0,0,0,0,0,0,0,0,0,1.05,0,0,0,0,255,255,255,255,255,255,255,255,255,255,255,255,65000000,-1,-1,-1,-1,-1,-1,-1,-1,-1,-1,-1,-1,-1,[0|0|0|0|0|0|0|0|0|0|0|0]
7043,,0,80460000,-1,-1,-1,-1,-1,5006000,5006100,5006200,5006300,50000000,52000000,51000000,53000000,-1,-1,-1,-1,60600000,60610000,-1,-1,-1,-1,-1,-1,-1,-1,-1,-1,-1,51,300,1400,1410,1290,-1,-1,-1,-1,-1,10,1,0,1,0,1,0,1,0,15,13,10,12,16,12,9,7,10,0,3,3,1,1,1,0,0,0,0,0,255,255,255,255,255,255,255,0,0,0,0,255,255,255,255,0,0,0,0,0,0,7,2,-1,-1,-1,-1,-1,-1,0,0,0,0,0,0,3,1,0,0,3,0,0,0,0,0,0,0,0,0,1.05,0,0,0,0,255,255,255,255,255,255,255,255,255,255,255,255,65000000,-1,-1,-1,-1,-1,-1,-1,-1,-1,-1,-1,-1,-1,[0|0|0|0|0|0|0|0|0|0|0|0]
7044,,0,80461000,-1,-1,-1,-1,-1,5006000,5006100,5006200,5006300,50000000,52000000,51000000,53000000,-1,-1,-1,-1,60600000,60610000,-1,-1,-1,-1,-1,-1,-1,-1,-1,-1,-1,51,300,1400,1410,1290,-1,-1,-1,-1,-1,10,1,0,1,0,1,0,1,0,15,13,10,12,16,12,9,7,10,0,3,3,1,1,1,0,0,0,0,0,255,255,255,255,255,255,255,0,0,0,0,255,255,255,255,0,0,0,0,0,0,7,2,-1,-1,-1,-1,-1,-1,0,0,0,0,0,0,3,1,0,0,3,0,0,0,0,0,0,0,0,0,1.05,0,0,0,0,255,255,255,255,255,255,255,255,255,255,255,255,65000000,-1,-1,-1,-1,-1,-1,-1,-1,-1,-1,-1,-1,-1,[0|0|0|0|0|0|0|0|0|0|0|0]
7045,,0,80462000,-1,-1,-1,-1,-1,5006000,5006100,5006200,5006300,50000000,52000000,51000000,53000000,-1,-1,-1,-1,60600000,60610000,-1,-1,-1,-1,-1,-1,-1,-1,-1,-1,-1,51,300,1400,1410,1290,-1,-1,-1,-1,-1,10,1,0,1,0,1,0,1,0,15,13,10,12,16,12,9,7,10,0,3,3,1,1,1,0,0,0,0,0,255,255,255,255,255,255,255,0,0,0,0,255,255,255,255,0,0,0,0,0,0,7,2,-1,-1,-1,-1,-1,-1,0,0,0,0,0,0,3,1,0,0,3,0,0,0,0,0,0,0,0,0,1.05,0,0,0,0,255,255,255,255,255,255,255,255,255,255,255,255,65000000,-1,-1,-1,-1,-1,-1,-1,-1,-1,-1,-1,-1,-1,[0|0|0|0|0|0|0|0|0|0|0|0]
7046,,0,80463000,-1,-1,-1,-1,-1,5006000,5006100,5006200,5006300,50000000,52000000,51000000,53000000,-1,-1,-1,-1,60600000,60610000,-1,-1,-1,-1,-1,-1,-1,-1,-1,-1,-1,51,300,1400,1410,1290,-1,-1,-1,-1,-1,10,1,0,1,0,1,0,1,0,15,13,10,12,16,12,9,7,10,0,3,3,1,1,1,0,0,0,0,0,255,255,255,255,255,255,255,0,0,0,0,255,255,255,255,0,0,0,0,0,0,7,2,-1,-1,-1,-1,-1,-1,0,0,0,0,0,0,3,1,0,0,3,0,0,0,0,0,0,0,0,0,1.05,0,0,0,0,255,255,255,255,255,255,255,255,255,255,255,255,65000000,-1,-1,-1,-1,-1,-1,-1,-1,-1,-1,-1,-1,-1,[0|0|0|0|0|0|0|0|0|0|0|0]
7047,,0,80464000,-1,-1,-1,-1,-1,5006000,5006100,5006200,5006300,50000000,52000000,51000000,53000000,-1,-1,-1,-1,60600000,60610000,-1,-1,-1,-1,-1,-1,-1,-1,-1,-1,-1,51,300,1400,1410,1290,-1,-1,-1,-1,-1,10,1,0,1,0,1,0,1,0,15,13,10,12,16,12,9,7,10,0,3,3,1,1,1,0,0,0,0,0,255,255,255,255,255,255,255,0,0,0,0,255,255,255,255,0,0,0,0,0,0,7,2,-1,-1,-1,-1,-1,-1,0,0,0,0,0,0,3,1,0,0,3,0,0,0,0,0,0,0,0,0,1.05,0,0,0,0,255,255,255,255,255,255,255,255,255,255,255,255,65000000,-1,-1,-1,-1,-1,-1,-1,-1,-1,-1,-1,-1,-1,[0|0|0|0|0|0|0|0|0|0|0|0]
7048,,0,80465000,-1,-1,-1,-1,-1,5006000,5006100,5006200,5006300,50000000,52000000,51000000,53000000,-1,-1,-1,-1,60600000,60610000,-1,-1,-1,-1,-1,-1,-1,-1,-1,-1,-1,51,300,1400,1410,1290,-1,-1,-1,-1,-1,10,1,0,1,0,1,0,1,0,15,13,10,12,16,12,9,7,10,0,3,3,1,1,1,0,0,0,0,0,255,255,255,255,255,255,255,0,0,0,0,255,255,255,255,0,0,0,0,0,0,7,2,-1,-1,-1,-1,-1,-1,0,0,0,0,0,0,3,1,0,0,3,0,0,0,0,0,0,0,0,0,1.05,0,0,0,0,255,255,255,255,255,255,255,255,255,255,255,255,65000000,-1,-1,-1,-1,-1,-1,-1,-1,-1,-1,-1,-1,-1,[0|0|0|0|0|0|0|0|0|0|0|0]
7049,,0,80466000,-1,-1,-1,-1,-1,5006000,5006100,5006200,5006300,50000000,52000000,51000000,53000000,-1,-1,-1,-1,60600000,60610000,-1,-1,-1,-1,-1,-1,-1,-1,-1,-1,-1,51,300,1400,1410,1290,-1,-1,-1,-1,-1,10,1,0,1,0,1,0,1,0,15,13,10,12,16,12,9,7,10,0,3,3,1,1,1,0,0,0,0,0,255,255,255,255,255,255,255,0,0,0,0,255,255,255,255,0,0,0,0,0,0,7,2,-1,-1,-1,-1,-1,-1,0,0,0,0,0,0,3,1,0,0,3,0,0,0,0,0,0,0,0,0,1.05,0,0,0,0,255,255,255,255,255,255,255,255,255,255,255,255,65000000,-1,-1,-1,-1,-1,-1,-1,-1,-1,-1,-1,-1,-1,[0|0|0|0|0|0|0|0|0|0|0|0]
7050,,0,80467000,-1,-1,-1,-1,-1,5006000,5006100,5006200,5006300,50000000,52000000,51000000,53000000,-1,-1,-1,-1,60600000,60610000,-1,-1,-1,-1,-1,-1,-1,-1,-1,-1,-1,51,300,1400,1410,1290,-1,-1,-1,-1,-1,10,1,0,1,0,1,0,1,0,15,13,10,12,16,12,9,7,10,0,3,3,1,1,1,0,0,0,0,0,255,255,255,255,255,255,255,0,0,0,0,255,255,255,255,0,0,0,0,0,0,7,2,-1,-1,-1,-1,-1,-1,0,0,0,0,0,0,3,1,0,0,3,0,0,0,0,0,0,0,0,0,1.05,0,0,0,0,255,255,255,255,255,255,255,255,255,255,255,255,65000000,-1,-1,-1,-1,-1,-1,-1,-1,-1,-1,-1,-1,-1,[0|0|0|0|0|0|0|0|0|0|0|0]
7051,,0,80470000,-1,-1,-1,-1,-1,5006000,5006100,5006200,5006300,50000000,52000000,51000000,53000000,-1,-1,-1,-1,60600000,60610000,-1,-1,-1,-1,-1,-1,-1,-1,-1,-1,-1,51,300,1400,1410,1290,-1,-1,-1,-1,-1,10,1,0,1,0,1,0,1,0,15,13,10,12,16,12,9,7,10,0,3,3,1,1,1,0,0,0,0,0,255,255,255,255,255,255,255,0,0,0,0,255,255,255,255,0,0,0,0,0,0,7,2,-1,-1,-1,-1,-1,-1,0,0,0,0,0,0,3,1,0,0,3,0,0,0,0,0,0,0,0,0,1.05,0,0,0,0,255,255,255,255,255,255,255,255,255,255,255,255,65000000,-1,-1,-1,-1,-1,-1,-1,-1,-1,-1,-1,-1,-1,[0|0|0|0|0|0|0|0|0|0|0|0]
7052,,0,80470100,-1,-1,-1,-1,-1,5006000,5006100,5006200,5006300,50000000,52000000,51000000,53000000,-1,-1,-1,-1,60600000,60610000,-1,-1,-1,-1,-1,-1,-1,-1,-1,-1,-1,51,300,1400,1410,1290,-1,-1,-1,-1,-1,10,1,0,1,0,1,0,1,0,15,13,10,12,16,12,9,7,10,0,3,3,1,1,1,0,0,0,0,0,255,255,255,255,255,255,255,0,0,0,0,255,255,255,255,0,0,0,0,0,0,7,2,-1,-1,-1,-1,-1,-1,0,0,0,0,0,0,3,1,0,0,3,0,0,0,0,0,0,0,0,0,1.05,0,0,0,0,255,255,255,255,255,255,255,255,255,255,255,255,65000000,-1,-1,-1,-1,-1,-1,-1,-1,-1,-1,-1,-1,-1,[0|0|0|0|0|0|0|0|0|0|0|0]
7053,,0,80471000,-1,-1,-1,-1,-1,5006000,5006100,5006200,5006300,50000000,52000000,51000000,53000000,-1,-1,-1,-1,60600000,60610000,-1,-1,-1,-1,-1,-1,-1,-1,-1,-1,-1,51,300,1400,1410,1290,-1,-1,-1,-1,-1,10,1,0,1,0,1,0,1,0,15,13,10,12,16,12,9,7,10,0,3,3,1,1,1,0,0,0,0,0,255,255,255,255,255,255,255,0,0,0,0,255,255,255,255,0,0,0,0,0,0,7,2,-1,-1,-1,-1,-1,-1,0,0,0,0,0,0,3,1,0,0,3,0,0,0,0,0,0,0,0,0,1.05,0,0,0,0,255,255,255,255,255,255,255,255,255,255,255,255,65000000,-1,-1,-1,-1,-1,-1,-1,-1,-1,-1,-1,-1,-1,[0|0|0|0|0|0|0|0|0|0|0|0]
7054,,0,80472000,-1,-1,-1,-1,-1,5006000,5006100,5006200,5006300,50000000,52000000,51000000,53000000,-1,-1,-1,-1,60600000,60610000,-1,-1,-1,-1,-1,-1,-1,-1,-1,-1,-1,51,300,1400,1410,1290,-1,-1,-1,-1,-1,10,1,0,1,0,1,0,1,0,15,13,10,12,16,12,9,7,10,0,3,3,1,1,1,0,0,0,0,0,255,255,255,255,255,255,255,0,0,0,0,255,255,255,255,0,0,0,0,0,0,7,2,-1,-1,-1,-1,-1,-1,0,0,0,0,0,0,3,1,0,0,3,0,0,0,0,0,0,0,0,0,1.05,0,0,0,0,255,255,255,255,255,255,255,255,255,255,255,255,65000000,-1,-1,-1,-1,-1,-1,-1,-1,-1,-1,-1,-1,-1,[0|0|0|0|0|0|0|0|0|0|0|0]
7055,,0,80472100,-1,-1,-1,-1,-1,5006000,5006100,5006200,5006300,50000000,52000000,51000000,53000000,-1,-1,-1,-1,60600000,60610000,-1,-1,-1,-1,-1,-1,-1,-1,-1,-1,-1,51,300,1400,1410,1290,-1,-1,-1,-1,-1,10,1,0,1,0,1,0,1,0,15,13,10,12,16,12,9,7,10,0,3,3,1,1,1,0,0,0,0,0,255,255,255,255,255,255,255,0,0,0,0,255,255,255,255,0,0,0,0,0,0,7,2,-1,-1,-1,-1,-1,-1,0,0,0,0,0,0,3,1,0,0,3,0,0,0,0,0,0,0,0,0,1.05,0,0,0,0,255,255,255,255,255,255,255,255,255,255,255,255,65000000,-1,-1,-1,-1,-1,-1,-1,-1,-1,-1,-1,-1,-1,[0|0|0|0|0|0|0|0|0|0|0|0]
7056,,0,80480000,-1,-1,-1,-1,-1,5006000,5006100,5006200,5006300,50000000,52000000,51000000,53000000,-1,-1,-1,-1,60600000,60610000,-1,-1,-1,-1,-1,-1,-1,-1,-1,-1,-1,51,300,1400,1410,1290,-1,-1,-1,-1,-1,10,1,0,1,0,1,0,1,0,15,13,10,12,16,12,9,7,10,0,3,3,1,1,1,0,0,0,0,0,255,255,255,255,255,255,255,0,0,0,0,255,255,255,255,0,0,0,0,0,0,7,2,-1,-1,-1,-1,-1,-1,0,0,0,0,0,0,3,1,0,0,3,0,0,0,0,0,0,0,0,0,1.05,0,0,0,0,255,255,255,255,255,255,255,255,255,255,255,255,65000000,-1,-1,-1,-1,-1,-1,-1,-1,-1,-1,-1,-1,-1,[0|0|0|0|0|0|0|0|0|0|0|0]
7057,,0,80481000,-1,-1,-1,-1,-1,5006000,5006100,5006200,5006300,50000000,52000000,51000000,53000000,-1,-1,-1,-1,60600000,60610000,-1,-1,-1,-1,-1,-1,-1,-1,-1,-1,-1,51,300,1400,1410,1290,-1,-1,-1,-1,-1,10,1,0,1,0,1,0,1,0,15,13,10,12,16,12,9,7,10,0,3,3,1,1,1,0,0,0,0,0,255,255,255,255,255,255,255,0,0,0,0,255,255,255,255,0,0,0,0,0,0,7,2,-1,-1,-1,-1,-1,-1,0,0,0,0,0,0,3,1,0,0,3,0,0,0,0,0,0,0,0,0,1.05,0,0,0,0,255,255,255,255,255,255,255,255,255,255,255,255,65000000,-1,-1,-1,-1,-1,-1,-1,-1,-1,-1,-1,-1,-1,[0|0|0|0|0|0|0|0|0|0|0|0]
7058,,0,80482000,-1,-1,-1,-1,-1,5006000,5006100,5006200,5006300,50000000,52000000,51000000,53000000,-1,-1,-1,-1,60600000,60610000,-1,-1,-1,-1,-1,-1,-1,-1,-1,-1,-1,51,300,1400,1410,1290,-1,-1,-1,-1,-1,10,1,0,1,0,1,0,1,0,15,13,10,12,16,12,9,7,10,0,3,3,1,1,1,0,0,0,0,0,255,255,255,255,255,255,255,0,0,0,0,255,255,255,255,0,0,0,0,0,0,7,2,-1,-1,-1,-1,-1,-1,0,0,0,0,0,0,3,1,0,0,3,0,0,0,0,0,0,0,0,0,1.05,0,0,0,0,255,255,255,255,255,255,255,255,255,255,255,255,65000000,-1,-1,-1,-1,-1,-1,-1,-1,-1,-1,-1,-1,-1,[0|0|0|0|0|0|0|0|0|0|0|0]
7059,,0,80483000,-1,-1,-1,-1,-1,5006000,5006100,5006200,5006300,50000000,52000000,51000000,53000000,-1,-1,-1,-1,60600000,60610000,-1,-1,-1,-1,-1,-1,-1,-1,-1,-1,-1,51,300,1400,1410,1290,-1,-1,-1,-1,-1,10,1,0,1,0,1,0,1,0,15,13,10,12,16,12,9,7,10,0,3,3,1,1,1,0,0,0,0,0,255,255,255,255,255,255,255,0,0,0,0,255,255,255,255,0,0,0,0,0,0,7,2,-1,-1,-1,-1,-1,-1,0,0,0,0,0,0,3,1,0,0,3,0,0,0,0,0,0,0,0,0,1.05,0,0,0,0,255,255,255,255,255,255,255,255,255,255,255,255,65000000,-1,-1,-1,-1,-1,-1,-1,-1,-1,-1,-1,-1,-1,[0|0|0|0|0|0|0|0|0|0|0|0]
7060,,0,80490000,-1,-1,-1,-1,-1,5006000,5006100,5006200,5006300,50000000,52000000,51000000,53000000,-1,-1,-1,-1,60600000,60610000,-1,-1,-1,-1,-1,-1,-1,-1,-1,-1,-1,51,300,1400,1410,1290,-1,-1,-1,-1,-1,10,1,0,1,0,1,0,1,0,15,13,10,12,16,12,9,7,10,0,3,3,1,1,1,0,0,0,0,0,255,255,255,255,255,255,255,0,0,0,0,255,255,255,255,0,0,0,0,0,0,7,2,-1,-1,-1,-1,-1,-1,0,0,0,0,0,0,3,1,0,0,3,0,0,0,0,0,0,0,0,0,1.05,0,0,0,0,255,255,255,255,255,255,255,255,255,255,255,255,65000000,-1,-1,-1,-1,-1,-1,-1,-1,-1,-1,-1,-1,-1,[0|0|0|0|0|0|0|0|0|0|0|0]
7061,,0,80491000,-1,-1,-1,-1,-1,5006000,5006100,5006200,5006300,50000000,52000000,51000000,53000000,-1,-1,-1,-1,60600000,60610000,-1,-1,-1,-1,-1,-1,-1,-1,-1,-1,-1,51,300,1400,1410,1290,-1,-1,-1,-1,-1,10,1,0,1,0,1,0,1,0,15,13,10,12,16,12,9,7,10,0,3,3,1,1,1,0,0,0,0,0,255,255,255,255,255,255,255,0,0,0,0,255,255,255,255,0,0,0,0,0,0,7,2,-1,-1,-1,-1,-1,-1,0,0,0,0,0,0,3,1,0,0,3,0,0,0,0,0,0,0,0,0,1.05,0,0,0,0,255,255,255,255,255,255,255,255,255,255,255,255,65000000,-1,-1,-1,-1,-1,-1,-1,-1,-1,-1,-1,-1,-1,[0|0|0|0|0|0|0|0|0|0|0|0]
7062,,0,80500000,-1,-1,-1,-1,-1,5006000,5006100,5006200,5006300,50000000,52000000,51000000,53000000,-1,-1,-1,-1,60600000,60610000,-1,-1,-1,-1,-1,-1,-1,-1,-1,-1,-1,51,300,1400,1410,1290,-1,-1,-1,-1,-1,10,1,0,1,0,1,0,1,0,15,13,10,12,16,12,9,7,10,0,3,3,1,1,1,0,0,0,0,0,255,255,255,255,255,255,255,0,0,0,0,255,255,255,255,0,0,0,0,0,0,7,2,-1,-1,-1,-1,-1,-1,0,0,0,0,0,0,3,1,0,0,3,0,0,0,0,0,0,0,0,0,1.05,0,0,0,0,255,255,255,255,255,255,255,255,255,255,255,255,65000000,-1,-1,-1,-1,-1,-1,-1,-1,-1,-1,-1,-1,-1,[0|0|0|0|0|0|0|0|0|0|0|0]
7063,,0,80500100,-1,-1,-1,-1,-1,5006000,5006100,5006200,5006300,50000000,52000000,51000000,53000000,-1,-1,-1,-1,60600000,60610000,-1,-1,-1,-1,-1,-1,-1,-1,-1,-1,-1,51,300,1400,1410,1290,-1,-1,-1,-1,-1,10,1,0,1,0,1,0,1,0,15,13,10,12,16,12,9,7,10,0,3,3,1,1,1,0,0,0,0,0,255,255,255,255,255,255,255,0,0,0,0,255,255,255,255,0,0,0,0,0,0,7,2,-1,-1,-1,-1,-1,-1,0,0,0,0,0,0,3,1,0,0,3,0,0,0,0,0,0,0,0,0,1.05,0,0,0,0,255,255,255,255,255,255,255,255,255,255,255,255,65000000,-1,-1,-1,-1,-1,-1,-1,-1,-1,-1,-1,-1,-1,[0|0|0|0|0|0|0|0|0|0|0|0]
7064,,0,80501000,-1,-1,-1,-1,-1,5006000,5006100,5006200,5006300,50000000,52000000,51000000,53000000,-1,-1,-1,-1,60600000,60610000,-1,-1,-1,-1,-1,-1,-1,-1,-1,-1,-1,51,300,1400,1410,1290,-1,-1,-1,-1,-1,10,1,0,1,0,1,0,1,0,15,13,10,12,16,12,9,7,10,0,3,3,1,1,1,0,0,0,0,0,255,255,255,255,255,255,255,0,0,0,0,255,255,255,255,0,0,0,0,0,0,7,2,-1,-1,-1,-1,-1,-1,0,0,0,0,0,0,3,1,0,0,3,0,0,0,0,0,0,0,0,0,1.05,0,0,0,0,255,255,255,255,255,255,255,255,255,255,255,255,65000000,-1,-1,-1,-1,-1,-1,-1,-1,-1,-1,-1,-1,-1,[0|0|0|0|0|0|0|0|0|0|0|0]
7065,,0,80502000,-1,-1,-1,-1,-1,5006000,5006100,5006200,5006300,50000000,52000000,51000000,53000000,-1,-1,-1,-1,60600000,60610000,-1,-1,-1,-1,-1,-1,-1,-1,-1,-1,-1,51,300,1400,1410,1290,-1,-1,-1,-1,-1,10,1,0,1,0,1,0,1,0,15,13,10,12,16,12,9,7,10,0,3,3,1,1,1,0,0,0,0,0,255,255,255,255,255,255,255,0,0,0,0,255,255,255,255,0,0,0,0,0,0,7,2,-1,-1,-1,-1,-1,-1,0,0,0,0,0,0,3,1,0,0,3,0,0,0,0,0,0,0,0,0,1.05,0,0,0,0,255,255,255,255,255,255,255,255,255,255,255,255,65000000,-1,-1,-1,-1,-1,-1,-1,-1,-1,-1,-1,-1,-1,[0|0|0|0|0|0|0|0|0|0|0|0]
7066,,0,80503000,-1,-1,-1,-1,-1,5006000,5006100,5006200,5006300,50000000,52000000,51000000,53000000,-1,-1,-1,-1,60600000,60610000,-1,-1,-1,-1,-1,-1,-1,-1,-1,-1,-1,51,300,1400,1410,1290,-1,-1,-1,-1,-1,10,1,0,1,0,1,0,1,0,15,13,10,12,16,12,9,7,10,0,3,3,1,1,1,0,0,0,0,0,255,255,255,255,255,255,255,0,0,0,0,255,255,255,255,0,0,0,0,0,0,7,2,-1,-1,-1,-1,-1,-1,0,0,0,0,0,0,3,1,0,0,3,0,0,0,0,0,0,0,0,0,1.05,0,0,0,0,255,255,255,255,255,255,255,255,255,255,255,255,65000000,-1,-1,-1,-1,-1,-1,-1,-1,-1,-1,-1,-1,-1,[0|0|0|0|0|0|0|0|0|0|0|0]
7067,,0,80504000,-1,-1,-1,-1,-1,5006000,5006100,5006200,5006300,50000000,52000000,51000000,53000000,-1,-1,-1,-1,60600000,60610000,-1,-1,-1,-1,-1,-1,-1,-1,-1,-1,-1,51,300,1400,1410,1290,-1,-1,-1,-1,-1,10,1,0,1,0,1,0,1,0,15,13,10,12,16,12,9,7,10,0,3,3,1,1,1,0,0,0,0,0,255,255,255,255,255,255,255,0,0,0,0,255,255,255,255,0,0,0,0,0,0,7,2,-1,-1,-1,-1,-1,-1,0,0,0,0,0,0,3,1,0,0,3,0,0,0,0,0,0,0,0,0,1.05,0,0,0,0,255,255,255,255,255,255,255,255,255,255,255,255,65000000,-1,-1,-1,-1,-1,-1,-1,-1,-1,-1,-1,-1,-1,[0|0|0|0|0|0|0|0|0|0|0|0]
7068,,0,80510000,-1,-1,-1,-1,-1,5006000,5006100,5006200,5006300,50000000,52000000,51000000,53000000,-1,-1,-1,-1,60600000,60610000,-1,-1,-1,-1,-1,-1,-1,-1,-1,-1,-1,51,300,1400,1410,1290,-1,-1,-1,-1,-1,10,1,0,1,0,1,0,1,0,15,13,10,12,16,12,9,7,10,0,3,3,1,1,1,0,0,0,0,0,255,255,255,255,255,255,255,0,0,0,0,255,255,255,255,0,0,0,0,0,0,7,2,-1,-1,-1,-1,-1,-1,0,0,0,0,0,0,3,1,0,0,3,0,0,0,0,0,0,0,0,0,1.05,0,0,0,0,255,255,255,255,255,255,255,255,255,255,255,255,65000000,-1,-1,-1,-1,-1,-1,-1,-1,-1,-1,-1,-1,-1,[0|0|0|0|0|0|0|0|0|0|0|0]
7069,,0,80511000,-1,-1,-1,-1,-1,5006000,5006100,5006200,5006300,50000000,52000000,51000000,53000000,-1,-1,-1,-1,60600000,60610000,-1,-1,-1,-1,-1,-1,-1,-1,-1,-1,-1,51,300,1400,1410,1290,-1,-1,-1,-1,-1,10,1,0,1,0,1,0,1,0,15,13,10,12,16,12,9,7,10,0,3,3,1,1,1,0,0,0,0,0,255,255,255,255,255,255,255,0,0,0,0,255,255,255,255,0,0,0,0,0,0,7,2,-1,-1,-1,-1,-1,-1,0,0,0,0,0,0,3,1,0,0,3,0,0,0,0,0,0,0,0,0,1.05,0,0,0,0,255,255,255,255,255,255,255,255,255,255,255,255,65000000,-1,-1,-1,-1,-1,-1,-1,-1,-1,-1,-1,-1,-1,[0|0|0|0|0|0|0|0|0|0|0|0]
7100,,0,80600000,-1,-1,-1,-1,-1,5006000,5006100,5006200,5006300,50000000,52000000,51000000,53000000,-1,-1,-1,-1,60600000,60610000,-1,-1,-1,-1,-1,-1,-1,-1,-1,-1,-1,51,300,1400,1410,1290,-1,-1,-1,-1,-1,10,1,0,1,0,1,0,1,0,15,13,10,12,16,12,9,7,10,0,3,3,1,1,1,0,0,0,0,0,255,255,255,255,255,255,255,0,0,0,0,255,255,255,255,0,0,0,0,0,0,7,2,-1,-1,-1,-1,-1,-1,0,0,0,0,0,0,3,1,0,0,3,0,0,0,0,0,0,0,0,0,1.05,0,0,0,0,255,255,255,255,255,255,255,255,255,255,255,255,65000000,-1,-1,-1,-1,-1,-1,-1,-1,-1,-1,-1,-1,-1,[0|0|0|0|0|0|0|0|0|0|0|0]
7101,,0,80600100,-1,-1,-1,-1,-1,5006000,5006100,5006200,5006300,50000000,52000000,51000000,53000000,-1,-1,-1,-1,60600000,60610000,-1,-1,-1,-1,-1,-1,-1,-1,-1,-1,-1,51,300,1400,1410,1290,-1,-1,-1,-1,-1,10,1,0,1,0,1,0,1,0,15,13,10,12,16,12,9,7,10,0,3,3,1,1,1,0,0,0,0,0,255,255,255,255,255,255,255,0,0,0,0,255,255,255,255,0,0,0,0,0,0,7,2,-1,-1,-1,-1,-1,-1,0,0,0,0,0,0,3,1,0,0,3,0,0,0,0,0,0,0,0,0,1.05,0,0,0,0,255,255,255,255,255,255,255,255,255,255,255,255,65000000,-1,-1,-1,-1,-1,-1,-1,-1,-1,-1,-1,-1,-1,[0|0|0|0|0|0|0|0|0|0|0|0]
7102,,0,80601000,-1,-1,-1,-1,-1,5006000,5006100,5006200,5006300,50000000,52000000,51000000,53000000,-1,-1,-1,-1,60600000,60610000,-1,-1,-1,-1,-1,-1,-1,-1,-1,-1,-1,51,300,1400,1410,1290,-1,-1,-1,-1,-1,10,1,0,1,0,1,0,1,0,15,13,10,12,16,12,9,7,10,0,3,3,1,1,1,0,0,0,0,0,255,255,255,255,255,255,255,0,0,0,0,255,255,255,255,0,0,0,0,0,0,7,2,-1,-1,-1,-1,-1,-1,0,0,0,0,0,0,3,1,0,0,3,0,0,0,0,0,0,0,0,0,1.05,0,0,0,0,255,255,255,255,255,255,255,255,255,255,255,255,65000000,-1,-1,-1,-1,-1,-1,-1,-1,-1,-1,-1,-1,-1,[0|0|0|0|0|0|0|0|0|0|0|0]
7103,,0,80602000,-1,-1,-1,-1,-1,5006000,5006100,5006200,5006300,50000000,52000000,51000000,53000000,-1,-1,-1,-1,60600000,60610000,-1,-1,-1,-1,-1,-1,-1,-1,-1,-1,-1,51,300,1400,1410,1290,-1,-1,-1,-1,-1,10,1,0,1,0,1,0,1,0,15,13,10,12,16,12,9,7,10,0,3,3,1,1,1,0,0,0,0,0,255,255,255,255,255,255,255,0,0,0,0,255,255,255,255,0,0,0,0,0,0,7,2,-1,-1,-1,-1,-1,-1,0,0,0,0,0,0,3,1,0,0,3,0,0,0,0,0,0,0,0,0,1.05,0,0,0,0,255,255,255,255,255,255,255,255,255,255,255,255,65000000,-1,-1,-1,-1,-1,-1,-1,-1,-1,-1,-1,-1,-1,[0|0|0|0|0|0|0|0|0|0|0|0]
7104,,0,80603000,-1,-1,-1,-1,-1,5006000,5006100,5006200,5006300,50000000,52000000,51000000,53000000,-1,-1,-1,-1,60600000,60610000,-1,-1,-1,-1,-1,-1,-1,-1,-1,-1,-1,51,300,1400,1410,1290,-1,-1,-1,-1,-1,10,1,0,1,0,1,0,1,0,15,13,10,12,16,12,9,7,10,0,3,3,1,1,1,0,0,0,0,0,255,255,255,255,255,255,255,0,0,0,0,255,255,255,255,0,0,0,0,0,0,7,2,-1,-1,-1,-1,-1,-1,0,0,0,0,0,0,3,1,0,0,3,0,0,0,0,0,0,0,0,0,1.05,0,0,0,0,255,255,255,255,255,255,255,255,255,255,255,255,65000000,-1,-1,-1,-1,-1,-1,-1,-1,-1,-1,-1,-1,-1,[0|0|0|0|0|0|0|0|0|0|0|0]
7105,,0,80604000,-1,-1,-1,-1,-1,5006000,5006100,5006200,5006300,50000000,52000000,51000000,53000000,-1,-1,-1,-1,60600000,60610000,-1,-1,-1,-1,-1,-1,-1,-1,-1,-1,-1,51,300,1400,1410,1290,-1,-1,-1,-1,-1,10,1,0,1,0,1,0,1,0,15,13,10,12,16,12,9,7,10,0,3,3,1,1,1,0,0,0,0,0,255,255,255,255,255,255,255,0,0,0,0,255,255,255,255,0,0,0,0,0,0,7,2,-1,-1,-1,-1,-1,-1,0,0,0,0,0,0,3,1,0,0,3,0,0,0,0,0,0,0,0,0,1.05,0,0,0,0,255,255,255,255,255,255,255,255,255,255,255,255,65000000,-1,-1,-1,-1,-1,-1,-1,-1,-1,-1,-1,-1,-1,[0|0|0|0|0|0|0|0|0|0|0|0]
7106,,0,80605000,-1,-1,-1,-1,-1,5006000,5006100,5006200,5006300,50000000,52000000,51000000,53000000,-1,-1,-1,-1,60600000,60610000,-1,-1,-1,-1,-1,-1,-1,-1,-1,-1,-1,51,300,1400,1410,1290,-1,-1,-1,-1,-1,10,1,0,1,0,1,0,1,0,15,13,10,12,16,12,9,7,10,0,3,3,1,1,1,0,0,0,0,0,255,255,255,255,255,255,255,0,0,0,0,255,255,255,255,0,0,0,0,0,0,7,2,-1,-1,-1,-1,-1,-1,0,0,0,0,0,0,3,1,0,0,3,0,0,0,0,0,0,0,0,0,1.05,0,0,0,0,255,255,255,255,255,255,255,255,255,255,255,255,65000000,-1,-1,-1,-1,-1,-1,-1,-1,-1,-1,-1,-1,-1,[0|0|0|0|0|0|0|0|0|0|0|0]
7107,,0,80606000,-1,-1,-1,-1,-1,5006000,5006100,5006200,5006300,50000000,52000000,51000000,53000000,-1,-1,-1,-1,60600000,60610000,-1,-1,-1,-1,-1,-1,-1,-1,-1,-1,-1,51,300,1400,1410,1290,-1,-1,-1,-1,-1,10,1,0,1,0,1,0,1,0,15,13,10,12,16,12,9,7,10,0,3,3,1,1,1,0,0,0,0,0,255,255,255,255,255,255,255,0,0,0,0,255,255,255,255,0,0,0,0,0,0,7,2,-1,-1,-1,-1,-1,-1,0,0,0,0,0,0,3,1,0,0,3,0,0,0,0,0,0,0,0,0,1.05,0,0,0,0,255,255,255,255,255,255,255,255,255,255,255,255,65000000,-1,-1,-1,-1,-1,-1,-1,-1,-1,-1,-1,-1,-1,[0|0|0|0|0|0|0|0|0|0|0|0]
7108,,0,80610000,-1,-1,-1,-1,-1,5006000,5006100,5006200,5006300,50000000,52000000,51000000,53000000,-1,-1,-1,-1,60600000,60610000,-1,-1,-1,-1,-1,-1,-1,-1,-1,-1,-1,51,300,1400,1410,1290,-1,-1,-1,-1,-1,10,1,0,1,0,1,0,1,0,15,13,10,12,16,12,9,7,10,0,3,3,1,1,1,0,0,0,0,0,255,255,255,255,255,255,255,0,0,0,0,255,255,255,255,0,0,0,0,0,0,7,2,-1,-1,-1,-1,-1,-1,0,0,0,0,0,0,3,1,0,0,3,0,0,0,0,0,0,0,0,0,1.05,0,0,0,0,255,255,255,255,255,255,255,255,255,255,255,255,65000000,-1,-1,-1,-1,-1,-1,-1,-1,-1,-1,-1,-1,-1,[0|0|0|0|0|0|0|0|0|0|0|0]
7109,,0,80611000,-1,-1,-1,-1,-1,5006000,5006100,5006200,5006300,50000000,52000000,51000000,53000000,-1,-1,-1,-1,60600000,60610000,-1,-1,-1,-1,-1,-1,-1,-1,-1,-1,-1,51,300,1400,1410,1290,-1,-1,-1,-1,-1,10,1,0,1,0,1,0,1,0,15,13,10,12,16,12,9,7,10,0,3,3,1,1,1,0,0,0,0,0,255,255,255,255,255,255,255,0,0,0,0,255,255,255,255,0,0,0,0,0,0,7,2,-1,-1,-1,-1,-1,-1,0,0,0,0,0,0,3,1,0,0,3,0,0,0,0,0,0,0,0,0,1.05,0,0,0,0,255,255,255,255,255,255,255,255,255,255,255,255,65000000,-1,-1,-1,-1,-1,-1,-1,-1,-1,-1,-1,-1,-1,[0|0|0|0|0|0|0|0|0|0|0|0]
7110,,0,80612000,-1,-1,-1,-1,-1,5006000,5006100,5006200,5006300,50000000,52000000,51000000,53000000,-1,-1,-1,-1,60600000,60610000,-1,-1,-1,-1,-1,-1,-1,-1,-1,-1,-1,51,300,1400,1410,1290,-1,-1,-1,-1,-1,10,1,0,1,0,1,0,1,0,15,13,10,12,16,12,9,7,10,0,3,3,1,1,1,0,0,0,0,0,255,255,255,255,255,255,255,0,0,0,0,255,255,255,255,0,0,0,0,0,0,7,2,-1,-1,-1,-1,-1,-1,0,0,0,0,0,0,3,1,0,0,3,0,0,0,0,0,0,0,0,0,1.05,0,0,0,0,255,255,255,255,255,255,255,255,255,255,255,255,65000000,-1,-1,-1,-1,-1,-1,-1,-1,-1,-1,-1,-1,-1,[0|0|0|0|0|0|0|0|0|0|0|0]
7111,,0,80621000,-1,-1,-1,-1,-1,5006000,5006100,5006200,5006300,50000000,52000000,51000000,53000000,-1,-1,-1,-1,60600000,60610000,-1,-1,-1,-1,-1,-1,-1,-1,-1,-1,-1,51,300,1400,1410,1290,-1,-1,-1,-1,-1,10,1,0,1,0,1,0,1,0,15,13,10,12,16,12,9,7,10,0,3,3,1,1,1,0,0,0,0,0,255,255,255,255,255,255,255,0,0,0,0,255,255,255,255,0,0,0,0,0,0,7,2,-1,-1,-1,-1,-1,-1,0,0,0,0,0,0,3,1,0,0,3,0,0,0,0,0,0,0,0,0,1.05,0,0,0,0,255,255,255,255,255,255,255,255,255,255,255,255,65000000,-1,-1,-1,-1,-1,-1,-1,-1,-1,-1,-1,-1,-1,[0|0|0|0|0|0|0|0|0|0|0|0]
7112,,0,80622000,-1,-1,-1,-1,-1,5006000,5006100,5006200,5006300,50000000,52000000,51000000,53000000,-1,-1,-1,-1,60600000,60610000,-1,-1,-1,-1,-1,-1,-1,-1,-1,-1,-1,51,300,1400,1410,1290,-1,-1,-1,-1,-1,10,1,0,1,0,1,0,1,0,15,13,10,12,16,12,9,7,10,0,3,3,1,1,1,0,0,0,0,0,255,255,255,255,255,255,255,0,0,0,0,255,255,255,255,0,0,0,0,0,0,7,2,-1,-1,-1,-1,-1,-1,0,0,0,0,0,0,3,1,0,0,3,0,0,0,0,0,0,0,0,0,1.05,0,0,0,0,255,255,255,255,255,255,255,255,255,255,255,255,65000000,-1,-1,-1,-1,-1,-1,-1,-1,-1,-1,-1,-1,-1,[0|0|0|0|0|0|0|0|0|0|0|0]
7113,,0,80623000,-1,-1,-1,-1,-1,5006000,5006100,5006200,5006300,50000000,52000000,51000000,53000000,-1,-1,-1,-1,60600000,60610000,-1,-1,-1,-1,-1,-1,-1,-1,-1,-1,-1,51,300,1400,1410,1290,-1,-1,-1,-1,-1,10,1,0,1,0,1,0,1,0,15,13,10,12,16,12,9,7,10,0,3,3,1,1,1,0,0,0,0,0,255,255,255,255,255,255,255,0,0,0,0,255,255,255,255,0,0,0,0,0,0,7,2,-1,-1,-1,-1,-1,-1,0,0,0,0,0,0,3,1,0,0,3,0,0,0,0,0,0,0,0,0,1.05,0,0,0,0,255,255,255,255,255,255,255,255,255,255,255,255,65000000,-1,-1,-1,-1,-1,-1,-1,-1,-1,-1,-1,-1,-1,[0|0|0|0|0|0|0|0|0|0|0|0]
7114,,0,80624000,-1,-1,-1,-1,-1,5006000,5006100,5006200,5006300,50000000,52000000,51000000,53000000,-1,-1,-1,-1,60600000,60610000,-1,-1,-1,-1,-1,-1,-1,-1,-1,-1,-1,51,300,1400,1410,1290,-1,-1,-1,-1,-1,10,1,0,1,0,1,0,1,0,15,13,10,12,16,12,9,7,10,0,3,3,1,1,1,0,0,0,0,0,255,255,255,255,255,255,255,0,0,0,0,255,255,255,255,0,0,0,0,0,0,7,2,-1,-1,-1,-1,-1,-1,0,0,0,0,0,0,3,1,0,0,3,0,0,0,0,0,0,0,0,0,1.05,0,0,0,0,255,255,255,255,255,255,255,255,255,255,255,255,65000000,-1,-1,-1,-1,-1,-1,-1,-1,-1,-1,-1,-1,-1,[0|0|0|0|0|0|0|0|0|0|0|0]
7115,,0,80625000,-1,-1,-1,-1,-1,5006000,5006100,5006200,5006300,50000000,52000000,51000000,53000000,-1,-1,-1,-1,60600000,60610000,-1,-1,-1,-1,-1,-1,-1,-1,-1,-1,-1,51,300,1400,1410,1290,-1,-1,-1,-1,-1,10,1,0,1,0,1,0,1,0,15,13,10,12,16,12,9,7,10,0,3,3,1,1,1,0,0,0,0,0,255,255,255,255,255,255,255,0,0,0,0,255,255,255,255,0,0,0,0,0,0,7,2,-1,-1,-1,-1,-1,-1,0,0,0,0,0,0,3,1,0,0,3,0,0,0,0,0,0,0,0,0,1.05,0,0,0,0,255,255,255,255,255,255,255,255,255,255,255,255,65000000,-1,-1,-1,-1,-1,-1,-1,-1,-1,-1,-1,-1,-1,[0|0|0|0|0|0|0|0|0|0|0|0]
7116,,0,80626000,-1,-1,-1,-1,-1,5006000,5006100,5006200,5006300,50000000,52000000,51000000,53000000,-1,-1,-1,-1,60600000,60610000,-1,-1,-1,-1,-1,-1,-1,-1,-1,-1,-1,51,300,1400,1410,1290,-1,-1,-1,-1,-1,10,1,0,1,0,1,0,1,0,15,13,10,12,16,12,9,7,10,0,3,3,1,1,1,0,0,0,0,0,255,255,255,255,255,255,255,0,0,0,0,255,255,255,255,0,0,0,0,0,0,7,2,-1,-1,-1,-1,-1,-1,0,0,0,0,0,0,3,1,0,0,3,0,0,0,0,0,0,0,0,0,1.05,0,0,0,0,255,255,255,255,255,255,255,255,255,255,255,255,65000000,-1,-1,-1,-1,-1,-1,-1,-1,-1,-1,-1,-1,-1,[0|0|0|0|0|0|0|0|0|0|0|0]
7117,,0,80627000,-1,-1,-1,-1,-1,5006000,5006100,5006200,5006300,50000000,52000000,51000000,53000000,-1,-1,-1,-1,60600000,60610000,-1,-1,-1,-1,-1,-1,-1,-1,-1,-1,-1,51,300,1400,1410,1290,-1,-1,-1,-1,-1,10,1,0,1,0,1,0,1,0,15,13,10,12,16,12,9,7,10,0,3,3,1,1,1,0,0,0,0,0,255,255,255,255,255,255,255,0,0,0,0,255,255,255,255,0,0,0,0,0,0,7,2,-1,-1,-1,-1,-1,-1,0,0,0,0,0,0,3,1,0,0,3,0,0,0,0,0,0,0,0,0,1.05,0,0,0,0,255,255,255,255,255,255,255,255,255,255,255,255,65000000,-1,-1,-1,-1,-1,-1,-1,-1,-1,-1,-1,-1,-1,[0|0|0|0|0|0|0|0|0|0|0|0]
7118,,0,80630000,-1,-1,-1,-1,-1,5006000,5006100,5006200,5006300,50000000,52000000,51000000,53000000,-1,-1,-1,-1,60600000,60610000,-1,-1,-1,-1,-1,-1,-1,-1,-1,-1,-1,51,300,1400,1410,1290,-1,-1,-1,-1,-1,10,1,0,1,0,1,0,1,0,15,13,10,12,16,12,9,7,10,0,3,3,1,1,1,0,0,0,0,0,255,255,255,255,255,255,255,0,0,0,0,255,255,255,255,0,0,0,0,0,0,7,2,-1,-1,-1,-1,-1,-1,0,0,0,0,0,0,3,1,0,0,3,0,0,0,0,0,0,0,0,0,1.05,0,0,0,0,255,255,255,255,255,255,255,255,255,255,255,255,65000000,-1,-1,-1,-1,-1,-1,-1,-1,-1,-1,-1,-1,-1,[0|0|0|0|0|0|0|0|0|0|0|0]
7119,,0,80631000,-1,-1,-1,-1,-1,5006000,5006100,5006200,5006300,50000000,52000000,51000000,53000000,-1,-1,-1,-1,60600000,60610000,-1,-1,-1,-1,-1,-1,-1,-1,-1,-1,-1,51,300,1400,1410,1290,-1,-1,-1,-1,-1,10,1,0,1,0,1,0,1,0,15,13,10,12,16,12,9,7,10,0,3,3,1,1,1,0,0,0,0,0,255,255,255,255,255,255,255,0,0,0,0,255,255,255,255,0,0,0,0,0,0,7,2,-1,-1,-1,-1,-1,-1,0,0,0,0,0,0,3,1,0,0,3,0,0,0,0,0,0,0,0,0,1.05,0,0,0,0,255,255,255,255,255,255,255,255,255,255,255,255,65000000,-1,-1,-1,-1,-1,-1,-1,-1,-1,-1,-1,-1,-1,[0|0|0|0|0|0|0|0|0|0|0|0]
7120,,0,80632000,-1,-1,-1,-1,-1,5006000,5006100,5006200,5006300,50000000,52000000,51000000,53000000,-1,-1,-1,-1,60600000,60610000,-1,-1,-1,-1,-1,-1,-1,-1,-1,-1,-1,51,300,1400,1410,1290,-1,-1,-1,-1,-1,10,1,0,1,0,1,0,1,0,15,13,10,12,16,12,9,7,10,0,3,3,1,1,1,0,0,0,0,0,255,255,255,255,255,255,255,0,0,0,0,255,255,255,255,0,0,0,0,0,0,7,2,-1,-1,-1,-1,-1,-1,0,0,0,0,0,0,3,1,0,0,3,0,0,0,0,0,0,0,0,0,1.05,0,0,0,0,255,255,255,255,255,255,255,255,255,255,255,255,65000000,-1,-1,-1,-1,-1,-1,-1,-1,-1,-1,-1,-1,-1,[0|0|0|0|0|0|0|0|0|0|0|0]
7121,,0,80633000,-1,-1,-1,-1,-1,5006000,5006100,5006200,5006300,50000000,52000000,51000000,53000000,-1,-1,-1,-1,60600000,60610000,-1,-1,-1,-1,-1,-1,-1,-1,-1,-1,-1,51,300,1400,1410,1290,-1,-1,-1,-1,-1,10,1,0,1,0,1,0,1,0,15,13,10,12,16,12,9,7,10,0,3,3,1,1,1,0,0,0,0,0,255,255,255,255,255,255,255,0,0,0,0,255,255,255,255,0,0,0,0,0,0,7,2,-1,-1,-1,-1,-1,-1,0,0,0,0,0,0,3,1,0,0,3,0,0,0,0,0,0,0,0,0,1.05,0,0,0,0,255,255,255,255,255,255,255,255,255,255,255,255,65000000,-1,-1,-1,-1,-1,-1,-1,-1,-1,-1,-1,-1,-1,[0|0|0|0|0|0|0|0|0|0|0|0]
7122,,0,80634000,-1,-1,-1,-1,-1,5006000,5006100,5006200,5006300,50000000,52000000,51000000,53000000,-1,-1,-1,-1,60600000,60610000,-1,-1,-1,-1,-1,-1,-1,-1,-1,-1,-1,51,300,1400,1410,1290,-1,-1,-1,-1,-1,10,1,0,1,0,1,0,1,0,15,13,10,12,16,12,9,7,10,0,3,3,1,1,1,0,0,0,0,0,255,255,255,255,255,255,255,0,0,0,0,255,255,255,255,0,0,0,0,0,0,7,2,-1,-1,-1,-1,-1,-1,0,0,0,0,0,0,3,1,0,0,3,0,0,0,0,0,0,0,0,0,1.05,0,0,0,0,255,255,255,255,255,255,255,255,255,255,255,255,65000000,-1,-1,-1,-1,-1,-1,-1,-1,-1,-1,-1,-1,-1,[0|0|0|0|0|0|0|0|0|0|0|0]
7123,,0,80640000,-1,-1,-1,-1,-1,5006000,5006100,5006200,5006300,50000000,52000000,51000000,53000000,-1,-1,-1,-1,60600000,60610000,-1,-1,-1,-1,-1,-1,-1,-1,-1,-1,-1,51,300,1400,1410,1290,-1,-1,-1,-1,-1,10,1,0,1,0,1,0,1,0,15,13,10,12,16,12,9,7,10,0,3,3,1,1,1,0,0,0,0,0,255,255,255,255,255,255,255,0,0,0,0,255,255,255,255,0,0,0,0,0,0,7,2,-1,-1,-1,-1,-1,-1,0,0,0,0,0,0,3,1,0,0,3,0,0,0,0,0,0,0,0,0,1.05,0,0,0,0,255,255,255,255,255,255,255,255,255,255,255,255,65000000,-1,-1,-1,-1,-1,-1,-1,-1,-1,-1,-1,-1,-1,[0|0|0|0|0|0|0|0|0|0|0|0]
7124,,0,80641000,-1,-1,-1,-1,-1,5006000,5006100,5006200,5006300,50000000,52000000,51000000,53000000,-1,-1,-1,-1,60600000,60610000,-1,-1,-1,-1,-1,-1,-1,-1,-1,-1,-1,51,300,1400,1410,1290,-1,-1,-1,-1,-1,10,1,0,1,0,1,0,1,0,15,13,10,12,16,12,9,7,10,0,3,3,1,1,1,0,0,0,0,0,255,255,255,255,255,255,255,0,0,0,0,255,255,255,255,0,0,0,0,0,0,7,2,-1,-1,-1,-1,-1,-1,0,0,0,0,0,0,3,1,0,0,3,0,0,0,0,0,0,0,0,0,1.05,0,0,0,0,255,255,255,255,255,255,255,255,255,255,255,255,65000000,-1,-1,-1,-1,-1,-1,-1,-1,-1,-1,-1,-1,-1,[0|0|0|0|0|0|0|0|0|0|0|0]
7125,,0,80642000,-1,-1,-1,-1,-1,5006000,5006100,5006200,5006300,50000000,52000000,51000000,53000000,-1,-1,-1,-1,60600000,60610000,-1,-1,-1,-1,-1,-1,-1,-1,-1,-1,-1,51,300,1400,1410,1290,-1,-1,-1,-1,-1,10,1,0,1,0,1,0,1,0,15,13,10,12,16,12,9,7,10,0,3,3,1,1,1,0,0,0,0,0,255,255,255,255,255,255,255,0,0,0,0,255,255,255,255,0,0,0,0,0,0,7,2,-1,-1,-1,-1,-1,-1,0,0,0,0,0,0,3,1,0,0,3,0,0,0,0,0,0,0,0,0,1.05,0,0,0,0,255,255,255,255,255,255,255,255,255,255,255,255,65000000,-1,-1,-1,-1,-1,-1,-1,-1,-1,-1,-1,-1,-1,[0|0|0|0|0|0|0|0|0|0|0|0]
7126,,0,80642100,-1,-1,-1,-1,-1,5006000,5006100,5006200,5006300,50000000,52000000,51000000,53000000,-1,-1,-1,-1,60600000,60610000,-1,-1,-1,-1,-1,-1,-1,-1,-1,-1,-1,51,300,1400,1410,1290,-1,-1,-1,-1,-1,10,1,0,1,0,1,0,1,0,15,13,10,12,16,12,9,7,10,0,3,3,1,1,1,0,0,0,0,0,255,255,255,255,255,255,255,0,0,0,0,255,255,255,255,0,0,0,0,0,0,7,2,-1,-1,-1,-1,-1,-1,0,0,0,0,0,0,3,1,0,0,3,0,0,0,0,0,0,0,0,0,1.05,0,0,0,0,255,255,255,255,255,255,255,255,255,255,255,255,65000000,-1,-1,-1,-1,-1,-1,-1,-1,-1,-1,-1,-1,-1,[0|0|0|0|0|0|0|0|0|0|0|0]
7127,,0,80642200,-1,-1,-1,-1,-1,5006000,5006100,5006200,5006300,50000000,52000000,51000000,53000000,-1,-1,-1,-1,60600000,60610000,-1,-1,-1,-1,-1,-1,-1,-1,-1,-1,-1,51,300,1400,1410,1290,-1,-1,-1,-1,-1,10,1,0,1,0,1,0,1,0,15,13,10,12,16,12,9,7,10,0,3,3,1,1,1,0,0,0,0,0,255,255,255,255,255,255,255,0,0,0,0,255,255,255,255,0,0,0,0,0,0,7,2,-1,-1,-1,-1,-1,-1,0,0,0,0,0,0,3,1,0,0,3,0,0,0,0,0,0,0,0,0,1.05,0,0,0,0,255,255,255,255,255,255,255,255,255,255,255,255,65000000,-1,-1,-1,-1,-1,-1,-1,-1,-1,-1,-1,-1,-1,[0|0|0|0|0|0|0|0|0|0|0|0]
7128,,0,80642300,-1,-1,-1,-1,-1,5006000,5006100,5006200,5006300,50000000,52000000,51000000,53000000,-1,-1,-1,-1,60600000,60610000,-1,-1,-1,-1,-1,-1,-1,-1,-1,-1,-1,51,300,1400,1410,1290,-1,-1,-1,-1,-1,10,1,0,1,0,1,0,1,0,15,13,10,12,16,12,9,7,10,0,3,3,1,1,1,0,0,0,0,0,255,255,255,255,255,255,255,0,0,0,0,255,255,255,255,0,0,0,0,0,0,7,2,-1,-1,-1,-1,-1,-1,0,0,0,0,0,0,3,1,0,0,3,0,0,0,0,0,0,0,0,0,1.05,0,0,0,0,255,255,255,255,255,255,255,255,255,255,255,255,65000000,-1,-1,-1,-1,-1,-1,-1,-1,-1,-1,-1,-1,-1,[0|0|0|0|0|0|0|0|0|0|0|0]
7129,,0,80642400,-1,-1,-1,-1,-1,5006000,5006100,5006200,5006300,50000000,52000000,51000000,53000000,-1,-1,-1,-1,60600000,60610000,-1,-1,-1,-1,-1,-1,-1,-1,-1,-1,-1,51,300,1400,1410,1290,-1,-1,-1,-1,-1,10,1,0,1,0,1,0,1,0,15,13,10,12,16,12,9,7,10,0,3,3,1,1,1,0,0,0,0,0,255,255,255,255,255,255,255,0,0,0,0,255,255,255,255,0,0,0,0,0,0,7,2,-1,-1,-1,-1,-1,-1,0,0,0,0,0,0,3,1,0,0,3,0,0,0,0,0,0,0,0,0,1.05,0,0,0,0,255,255,255,255,255,255,255,255,255,255,255,255,65000000,-1,-1,-1,-1,-1,-1,-1,-1,-1,-1,-1,-1,-1,[0|0|0|0|0|0|0|0|0|0|0|0]
7130,,0,80643000,-1,-1,-1,-1,-1,5006000,5006100,5006200,5006300,50000000,52000000,51000000,53000000,-1,-1,-1,-1,60600000,60610000,-1,-1,-1,-1,-1,-1,-1,-1,-1,-1,-1,51,300,1400,1410,1290,-1,-1,-1,-1,-1,10,1,0,1,0,1,0,1,0,15,13,10,12,16,12,9,7,10,0,3,3,1,1,1,0,0,0,0,0,255,255,255,255,255,255,255,0,0,0,0,255,255,255,255,0,0,0,0,0,0,7,2,-1,-1,-1,-1,-1,-1,0,0,0,0,0,0,3,1,0,0,3,0,0,0,0,0,0,0,0,0,1.05,0,0,0,0,255,255,255,255,255,255,255,255,255,255,255,255,65000000,-1,-1,-1,-1,-1,-1,-1,-1,-1,-1,-1,-1,-1,[0|0|0|0|0|0|0|0|0|0|0|0]
7131,,0,80643100,-1,-1,-1,-1,-1,5006000,5006100,5006200,5006300,50000000,52000000,51000000,53000000,-1,-1,-1,-1,60600000,60610000,-1,-1,-1,-1,-1,-1,-1,-1,-1,-1,-1,51,300,1400,1410,1290,-1,-1,-1,-1,-1,10,1,0,1,0,1,0,1,0,15,13,10,12,16,12,9,7,10,0,3,3,1,1,1,0,0,0,0,0,255,255,255,255,255,255,255,0,0,0,0,255,255,255,255,0,0,0,0,0,0,7,2,-1,-1,-1,-1,-1,-1,0,0,0,0,0,0,3,1,0,0,3,0,0,0,0,0,0,0,0,0,1.05,0,0,0,0,255,255,255,255,255,255,255,255,255,255,255,255,65000000,-1,-1,-1,-1,-1,-1,-1,-1,-1,-1,-1,-1,-1,[0|0|0|0|0|0|0|0|0|0|0|0]
7132,,0,80644000,-1,-1,-1,-1,-1,5006000,5006100,5006200,5006300,50000000,52000000,51000000,53000000,-1,-1,-1,-1,60600000,60610000,-1,-1,-1,-1,-1,-1,-1,-1,-1,-1,-1,51,300,1400,1410,1290,-1,-1,-1,-1,-1,10,1,0,1,0,1,0,1,0,15,13,10,12,16,12,9,7,10,0,3,3,1,1,1,0,0,0,0,0,255,255,255,255,255,255,255,0,0,0,0,255,255,255,255,0,0,0,0,0,0,7,2,-1,-1,-1,-1,-1,-1,0,0,0,0,0,0,3,1,0,0,3,0,0,0,0,0,0,0,0,0,1.05,0,0,0,0,255,255,255,255,255,255,255,255,255,255,255,255,65000000,-1,-1,-1,-1,-1,-1,-1,-1,-1,-1,-1,-1,-1,[0|0|0|0|0|0|0|0|0|0|0|0]
7133,,0,80644100,-1,-1,-1,-1,-1,5006000,5006100,5006200,5006300,50000000,52000000,51000000,53000000,-1,-1,-1,-1,60600000,60610000,-1,-1,-1,-1,-1,-1,-1,-1,-1,-1,-1,51,300,1400,1410,1290,-1,-1,-1,-1,-1,10,1,0,1,0,1,0,1,0,15,13,10,12,16,12,9,7,10,0,3,3,1,1,1,0,0,0,0,0,255,255,255,255,255,255,255,0,0,0,0,255,255,255,255,0,0,0,0,0,0,7,2,-1,-1,-1,-1,-1,-1,0,0,0,0,0,0,3,1,0,0,3,0,0,0,0,0,0,0,0,0,1.05,0,0,0,0,255,255,255,255,255,255,255,255,255,255,255,255,65000000,-1,-1,-1,-1,-1,-1,-1,-1,-1,-1,-1,-1,-1,[0|0|0|0|0|0|0|0|0|0|0|0]
7134,,0,80645000,-1,-1,-1,-1,-1,5006000,5006100,5006200,5006300,50000000,52000000,51000000,53000000,-1,-1,-1,-1,60600000,60610000,-1,-1,-1,-1,-1,-1,-1,-1,-1,-1,-1,51,300,1400,1410,1290,-1,-1,-1,-1,-1,10,1,0,1,0,1,0,1,0,15,13,10,12,16,12,9,7,10,0,3,3,1,1,1,0,0,0,0,0,255,255,255,255,255,255,255,0,0,0,0,255,255,255,255,0,0,0,0,0,0,7,2,-1,-1,-1,-1,-1,-1,0,0,0,0,0,0,3,1,0,0,3,0,0,0,0,0,0,0,0,0,1.05,0,0,0,0,255,255,255,255,255,255,255,255,255,255,255,255,65000000,-1,-1,-1,-1,-1,-1,-1,-1,-1,-1,-1,-1,-1,[0|0|0|0|0|0|0|0|0|0|0|0]
7135,,0,80646000,-1,-1,-1,-1,-1,5006000,5006100,5006200,5006300,50000000,52000000,51000000,53000000,-1,-1,-1,-1,60600000,60610000,-1,-1,-1,-1,-1,-1,-1,-1,-1,-1,-1,51,300,1400,1410,1290,-1,-1,-1,-1,-1,10,1,0,1,0,1,0,1,0,15,13,10,12,16,12,9,7,10,0,3,3,1,1,1,0,0,0,0,0,255,255,255,255,255,255,255,0,0,0,0,255,255,255,255,0,0,0,0,0,0,7,2,-1,-1,-1,-1,-1,-1,0,0,0,0,0,0,3,1,0,0,3,0,0,0,0,0,0,0,0,0,1.05,0,0,0,0,255,255,255,255,255,255,255,255,255,255,255,255,65000000,-1,-1,-1,-1,-1,-1,-1,-1,-1,-1,-1,-1,-1,[0|0|0|0|0|0|0|0|0|0|0|0]
7136,,0,80647000,-1,-1,-1,-1,-1,5006000,5006100,5006200,5006300,50000000,52000000,51000000,53000000,-1,-1,-1,-1,60600000,60610000,-1,-1,-1,-1,-1,-1,-1,-1,-1,-1,-1,51,300,1400,1410,1290,-1,-1,-1,-1,-1,10,1,0,1,0,1,0,1,0,15,13,10,12,16,12,9,7,10,0,3,3,1,1,1,0,0,0,0,0,255,255,255,255,255,255,255,0,0,0,0,255,255,255,255,0,0,0,0,0,0,7,2,-1,-1,-1,-1,-1,-1,0,0,0,0,0,0,3,1,0,0,3,0,0,0,0,0,0,0,0,0,1.05,0,0,0,0,255,255,255,255,255,255,255,255,255,255,255,255,65000000,-1,-1,-1,-1,-1,-1,-1,-1,-1,-1,-1,-1,-1,[0|0|0|0|0|0|0|0|0|0|0|0]
7137,,0,80648000,-1,-1,-1,-1,-1,5006000,5006100,5006200,5006300,50000000,52000000,51000000,53000000,-1,-1,-1,-1,60600000,60610000,-1,-1,-1,-1,-1,-1,-1,-1,-1,-1,-1,51,300,1400,1410,1290,-1,-1,-1,-1,-1,10,1,0,1,0,1,0,1,0,15,13,10,12,16,12,9,7,10,0,3,3,1,1,1,0,0,0,0,0,255,255,255,255,255,255,255,0,0,0,0,255,255,255,255,0,0,0,0,0,0,7,2,-1,-1,-1,-1,-1,-1,0,0,0,0,0,0,3,1,0,0,3,0,0,0,0,0,0,0,0,0,1.05,0,0,0,0,255,255,255,255,255,255,255,255,255,255,255,255,65000000,-1,-1,-1,-1,-1,-1,-1,-1,-1,-1,-1,-1,-1,[0|0|0|0|0|0|0|0|0|0|0|0]
7138,,0,80649000,-1,-1,-1,-1,-1,5006000,5006100,5006200,5006300,50000000,52000000,51000000,53000000,-1,-1,-1,-1,60600000,60610000,-1,-1,-1,-1,-1,-1,-1,-1,-1,-1,-1,51,300,1400,1410,1290,-1,-1,-1,-1,-1,10,1,0,1,0,1,0,1,0,15,13,10,12,16,12,9,7,10,0,3,3,1,1,1,0,0,0,0,0,255,255,255,255,255,255,255,0,0,0,0,255,255,255,255,0,0,0,0,0,0,7,2,-1,-1,-1,-1,-1,-1,0,0,0,0,0,0,3,1,0,0,3,0,0,0,0,0,0,0,0,0,1.05,0,0,0,0,255,255,255,255,255,255,255,255,255,255,255,255,65000000,-1,-1,-1,-1,-1,-1,-1,-1,-1,-1,-1,-1,-1,[0|0|0|0|0|0|0|0|0|0|0|0]
7139,,0,80650000,-1,-1,-1,-1,-1,5006000,5006100,5006200,5006300,50000000,52000000,51000000,53000000,-1,-1,-1,-1,60600000,60610000,-1,-1,-1,-1,-1,-1,-1,-1,-1,-1,-1,51,300,1400,1410,1290,-1,-1,-1,-1,-1,10,1,0,1,0,1,0,1,0,15,13,10,12,16,12,9,7,10,0,3,3,1,1,1,0,0,0,0,0,255,255,255,255,255,255,255,0,0,0,0,255,255,255,255,0,0,0,0,0,0,7,2,-1,-1,-1,-1,-1,-1,0,0,0,0,0,0,3,1,0,0,3,0,0,0,0,0,0,0,0,0,1.05,0,0,0,0,255,255,255,255,255,255,255,255,255,255,255,255,65000000,-1,-1,-1,-1,-1,-1,-1,-1,-1,-1,-1,-1,-1,[0|0|0|0|0|0|0|0|0|0|0|0]
7140,,0,80651000,-1,-1,-1,-1,-1,5006000,5006100,5006200,5006300,50000000,52000000,51000000,53000000,-1,-1,-1,-1,60600000,60610000,-1,-1,-1,-1,-1,-1,-1,-1,-1,-1,-1,51,300,1400,1410,1290,-1,-1,-1,-1,-1,10,1,0,1,0,1,0,1,0,15,13,10,12,16,12,9,7,10,0,3,3,1,1,1,0,0,0,0,0,255,255,255,255,255,255,255,0,0,0,0,255,255,255,255,0,0,0,0,0,0,7,2,-1,-1,-1,-1,-1,-1,0,0,0,0,0,0,3,1,0,0,3,0,0,0,0,0,0,0,0,0,1.05,0,0,0,0,255,255,255,255,255,255,255,255,255,255,255,255,65000000,-1,-1,-1,-1,-1,-1,-1,-1,-1,-1,-1,-1,-1,[0|0|0|0|0|0|0|0|0|0|0|0]
7141,,0,80652000,-1,-1,-1,-1,-1,5006000,5006100,5006200,5006300,50000000,52000000,51000000,53000000,-1,-1,-1,-1,60600000,60610000,-1,-1,-1,-1,-1,-1,-1,-1,-1,-1,-1,51,300,1400,1410,1290,-1,-1,-1,-1,-1,10,1,0,1,0,1,0,1,0,15,13,10,12,16,12,9,7,10,0,3,3,1,1,1,0,0,0,0,0,255,255,255,255,255,255,255,0,0,0,0,255,255,255,255,0,0,0,0,0,0,7,2,-1,-1,-1,-1,-1,-1,0,0,0,0,0,0,3,1,0,0,3,0,0,0,0,0,0,0,0,0,1.05,0,0,0,0,255,255,255,255,255,255,255,255,255,255,255,255,65000000,-1,-1,-1,-1,-1,-1,-1,-1,-1,-1,-1,-1,-1,[0|0|0|0|0|0|0|0|0|0|0|0]
7142,,0,80653000,-1,-1,-1,-1,-1,5006000,5006100,5006200,5006300,50000000,52000000,51000000,53000000,-1,-1,-1,-1,60600000,60610000,-1,-1,-1,-1,-1,-1,-1,-1,-1,-1,-1,51,300,1400,1410,1290,-1,-1,-1,-1,-1,10,1,0,1,0,1,0,1,0,15,13,10,12,16,12,9,7,10,0,3,3,1,1,1,0,0,0,0,0,255,255,255,255,255,255,255,0,0,0,0,255,255,255,255,0,0,0,0,0,0,7,2,-1,-1,-1,-1,-1,-1,0,0,0,0,0,0,3,1,0,0,3,0,0,0,0,0,0,0,0,0,1.05,0,0,0,0,255,255,255,255,255,255,255,255,255,255,255,255,65000000,-1,-1,-1,-1,-1,-1,-1,-1,-1,-1,-1,-1,-1,[0|0|0|0|0|0|0|0|0|0|0|0]
7143,,0,80660000,-1,-1,-1,-1,-1,5006000,5006100,5006200,5006300,50000000,52000000,51000000,53000000,-1,-1,-1,-1,60600000,60610000,-1,-1,-1,-1,-1,-1,-1,-1,-1,-1,-1,51,300,1400,1410,1290,-1,-1,-1,-1,-1,10,1,0,1,0,1,0,1,0,15,13,10,12,16,12,9,7,10,0,3,3,1,1,1,0,0,0,0,0,255,255,255,255,255,255,255,0,0,0,0,255,255,255,255,0,0,0,0,0,0,7,2,-1,-1,-1,-1,-1,-1,0,0,0,0,0,0,3,1,0,0,3,0,0,0,0,0,0,0,0,0,1.05,0,0,0,0,255,255,255,255,255,255,255,255,255,255,255,255,65000000,-1,-1,-1,-1,-1,-1,-1,-1,-1,-1,-1,-1,-1,[0|0|0|0|0|0|0|0|0|0|0|0]
7144,,0,80670000,-1,-1,-1,-1,-1,5006000,5006100,5006200,5006300,50000000,52000000,51000000,53000000,-1,-1,-1,-1,60600000,60610000,-1,-1,-1,-1,-1,-1,-1,-1,-1,-1,-1,51,300,1400,1410,1290,-1,-1,-1,-1,-1,10,1,0,1,0,1,0,1,0,15,13,10,12,16,12,9,7,10,0,3,3,1,1,1,0,0,0,0,0,255,255,255,255,255,255,255,0,0,0,0,255,255,255,255,0,0,0,0,0,0,7,2,-1,-1,-1,-1,-1,-1,0,0,0,0,0,0,3,1,0,0,3,0,0,0,0,0,0,0,0,0,1.05,0,0,0,0,255,255,255,255,255,255,255,255,255,255,255,255,65000000,-1,-1,-1,-1,-1,-1,-1,-1,-1,-1,-1,-1,-1,[0|0|0|0|0|0|0|0|0|0|0|0]
7145,,0,80670100,-1,-1,-1,-1,-1,5006000,5006100,5006200,5006300,50000000,52000000,51000000,53000000,-1,-1,-1,-1,60600000,60610000,-1,-1,-1,-1,-1,-1,-1,-1,-1,-1,-1,51,300,1400,1410,1290,-1,-1,-1,-1,-1,10,1,0,1,0,1,0,1,0,15,13,10,12,16,12,9,7,10,0,3,3,1,1,1,0,0,0,0,0,255,255,255,255,255,255,255,0,0,0,0,255,255,255,255,0,0,0,0,0,0,7,2,-1,-1,-1,-1,-1,-1,0,0,0,0,0,0,3,1,0,0,3,0,0,0,0,0,0,0,0,0,1.05,0,0,0,0,255,255,255,255,255,255,255,255,255,255,255,255,65000000,-1,-1,-1,-1,-1,-1,-1,-1,-1,-1,-1,-1,-1,[0|0|0|0|0|0|0|0|0|0|0|0]
7146,,0,80671000,-1,-1,-1,-1,-1,5006000,5006100,5006200,5006300,50000000,52000000,51000000,53000000,-1,-1,-1,-1,60600000,60610000,-1,-1,-1,-1,-1,-1,-1,-1,-1,-1,-1,51,300,1400,1410,1290,-1,-1,-1,-1,-1,10,1,0,1,0,1,0,1,0,15,13,10,12,16,12,9,7,10,0,3,3,1,1,1,0,0,0,0,0,255,255,255,255,255,255,255,0,0,0,0,255,255,255,255,0,0,0,0,0,0,7,2,-1,-1,-1,-1,-1,-1,0,0,0,0,0,0,3,1,0,0,3,0,0,0,0,0,0,0,0,0,1.05,0,0,0,0,255,255,255,255,255,255,255,255,255,255,255,255,65000000,-1,-1,-1,-1,-1,-1,-1,-1,-1,-1,-1,-1,-1,[0|0|0|0|0|0|0|0|0|0|0|0]
7147,,0,80672000,-1,-1,-1,-1,-1,5006000,5006100,5006200,5006300,50000000,52000000,51000000,53000000,-1,-1,-1,-1,60600000,60610000,-1,-1,-1,-1,-1,-1,-1,-1,-1,-1,-1,51,300,1400,1410,1290,-1,-1,-1,-1,-1,10,1,0,1,0,1,0,1,0,15,13,10,12,16,12,9,7,10,0,3,3,1,1,1,0,0,0,0,0,255,255,255,255,255,255,255,0,0,0,0,255,255,255,255,0,0,0,0,0,0,7,2,-1,-1,-1,-1,-1,-1,0,0,0,0,0,0,3,1,0,0,3,0,0,0,0,0,0,0,0,0,1.05,0,0,0,0,255,255,255,255,255,255,255,255,255,255,255,255,65000000,-1,-1,-1,-1,-1,-1,-1,-1,-1,-1,-1,-1,-1,[0|0|0|0|0|0|0|0|0|0|0|0]
7148,,0,80673000,-1,-1,-1,-1,-1,5006000,5006100,5006200,5006300,50000000,52000000,51000000,53000000,-1,-1,-1,-1,60600000,60610000,-1,-1,-1,-1,-1,-1,-1,-1,-1,-1,-1,51,300,1400,1410,1290,-1,-1,-1,-1,-1,10,1,0,1,0,1,0,1,0,15,13,10,12,16,12,9,7,10,0,3,3,1,1,1,0,0,0,0,0,255,255,255,255,255,255,255,0,0,0,0,255,255,255,255,0,0,0,0,0,0,7,2,-1,-1,-1,-1,-1,-1,0,0,0,0,0,0,3,1,0,0,3,0,0,0,0,0,0,0,0,0,1.05,0,0,0,0,255,255,255,255,255,255,255,255,255,255,255,255,65000000,-1,-1,-1,-1,-1,-1,-1,-1,-1,-1,-1,-1,-1,[0|0|0|0|0|0|0|0|0|0|0|0]
7149,,0,80674000,-1,-1,-1,-1,-1,5006000,5006100,5006200,5006300,50000000,52000000,51000000,53000000,-1,-1,-1,-1,60600000,60610000,-1,-1,-1,-1,-1,-1,-1,-1,-1,-1,-1,51,300,1400,1410,1290,-1,-1,-1,-1,-1,10,1,0,1,0,1,0,1,0,15,13,10,12,16,12,9,7,10,0,3,3,1,1,1,0,0,0,0,0,255,255,255,255,255,255,255,0,0,0,0,255,255,255,255,0,0,0,0,0,0,7,2,-1,-1,-1,-1,-1,-1,0,0,0,0,0,0,3,1,0,0,3,0,0,0,0,0,0,0,0,0,1.05,0,0,0,0,255,255,255,255,255,255,255,255,255,255,255,255,65000000,-1,-1,-1,-1,-1,-1,-1,-1,-1,-1,-1,-1,-1,[0|0|0|0|0|0|0|0|0|0|0|0]
7150,,0,80675000,-1,-1,-1,-1,-1,5006000,5006100,5006200,5006300,50000000,52000000,51000000,53000000,-1,-1,-1,-1,60600000,60610000,-1,-1,-1,-1,-1,-1,-1,-1,-1,-1,-1,51,300,1400,1410,1290,-1,-1,-1,-1,-1,10,1,0,1,0,1,0,1,0,15,13,10,12,16,12,9,7,10,0,3,3,1,1,1,0,0,0,0,0,255,255,255,255,255,255,255,0,0,0,0,255,255,255,255,0,0,0,0,0,0,7,2,-1,-1,-1,-1,-1,-1,0,0,0,0,0,0,3,1,0,0,3,0,0,0,0,0,0,0,0,0,1.05,0,0,0,0,255,255,255,255,255,255,255,255,255,255,255,255,65000000,-1,-1,-1,-1,-1,-1,-1,-1,-1,-1,-1,-1,-1,[0|0|0|0|0|0|0|0|0|0|0|0]
7151,,0,80676000,-1,-1,-1,-1,-1,5006000,5006100,5006200,5006300,50000000,52000000,51000000,53000000,-1,-1,-1,-1,60600000,60610000,-1,-1,-1,-1,-1,-1,-1,-1,-1,-1,-1,51,300,1400,1410,1290,-1,-1,-1,-1,-1,10,1,0,1,0,1,0,1,0,15,13,10,12,16,12,9,7,10,0,3,3,1,1,1,0,0,0,0,0,255,255,255,255,255,255,255,0,0,0,0,255,255,255,255,0,0,0,0,0,0,7,2,-1,-1,-1,-1,-1,-1,0,0,0,0,0,0,3,1,0,0,3,0,0,0,0,0,0,0,0,0,1.05,0,0,0,0,255,255,255,255,255,255,255,255,255,255,255,255,65000000,-1,-1,-1,-1,-1,-1,-1,-1,-1,-1,-1,-1,-1,[0|0|0|0|0|0|0|0|0|0|0|0]
7152,,0,80677000,-1,-1,-1,-1,-1,5006000,5006100,5006200,5006300,50000000,52000000,51000000,53000000,-1,-1,-1,-1,60600000,60610000,-1,-1,-1,-1,-1,-1,-1,-1,-1,-1,-1,51,300,1400,1410,1290,-1,-1,-1,-1,-1,10,1,0,1,0,1,0,1,0,15,13,10,12,16,12,9,7,10,0,3,3,1,1,1,0,0,0,0,0,255,255,255,255,255,255,255,0,0,0,0,255,255,255,255,0,0,0,0,0,0,7,2,-1,-1,-1,-1,-1,-1,0,0,0,0,0,0,3,1,0,0,3,0,0,0,0,0,0,0,0,0,1.05,0,0,0,0,255,255,255,255,255,255,255,255,255,255,255,255,65000000,-1,-1,-1,-1,-1,-1,-1,-1,-1,-1,-1,-1,-1,[0|0|0|0|0|0|0|0|0|0|0|0]
7153,,0,80678000,-1,-1,-1,-1,-1,5006000,5006100,5006200,5006300,50000000,52000000,51000000,53000000,-1,-1,-1,-1,60600000,60610000,-1,-1,-1,-1,-1,-1,-1,-1,-1,-1,-1,51,300,1400,1410,1290,-1,-1,-1,-1,-1,10,1,0,1,0,1,0,1,0,15,13,10,12,16,12,9,7,10,0,3,3,1,1,1,0,0,0,0,0,255,255,255,255,255,255,255,0,0,0,0,255,255,255,255,0,0,0,0,0,0,7,2,-1,-1,-1,-1,-1,-1,0,0,0,0,0,0,3,1,0,0,3,0,0,0,0,0,0,0,0,0,1.05,0,0,0,0,255,255,255,255,255,255,255,255,255,255,255,255,65000000,-1,-1,-1,-1,-1,-1,-1,-1,-1,-1,-1,-1,-1,[0|0|0|0|0|0|0|0|0|0|0|0]
7154,,0,80680000,-1,-1,-1,-1,-1,5006000,5006100,5006200,5006300,50000000,52000000,51000000,53000000,-1,-1,-1,-1,60600000,60610000,-1,-1,-1,-1,-1,-1,-1,-1,-1,-1,-1,51,300,1400,1410,1290,-1,-1,-1,-1,-1,10,1,0,1,0,1,0,1,0,15,13,10,12,16,12,9,7,10,0,3,3,1,1,1,0,0,0,0,0,255,255,255,255,255,255,255,0,0,0,0,255,255,255,255,0,0,0,0,0,0,7,2,-1,-1,-1,-1,-1,-1,0,0,0,0,0,0,3,1,0,0,3,0,0,0,0,0,0,0,0,0,1.05,0,0,0,0,255,255,255,255,255,255,255,255,255,255,255,255,65000000,-1,-1,-1,-1,-1,-1,-1,-1,-1,-1,-1,-1,-1,[0|0|0|0|0|0|0|0|0|0|0|0]
7155,,0,80681000,-1,-1,-1,-1,-1,5006000,5006100,5006200,5006300,50000000,52000000,51000000,53000000,-1,-1,-1,-1,60600000,60610000,-1,-1,-1,-1,-1,-1,-1,-1,-1,-1,-1,51,300,1400,1410,1290,-1,-1,-1,-1,-1,10,1,0,1,0,1,0,1,0,15,13,10,12,16,12,9,7,10,0,3,3,1,1,1,0,0,0,0,0,255,255,255,255,255,255,255,0,0,0,0,255,255,255,255,0,0,0,0,0,0,7,2,-1,-1,-1,-1,-1,-1,0,0,0,0,0,0,3,1,0,0,3,0,0,0,0,0,0,0,0,0,1.05,0,0,0,0,255,255,255,255,255,255,255,255,255,255,255,255,65000000,-1,-1,-1,-1,-1,-1,-1,-1,-1,-1,-1,-1,-1,[0|0|0|0|0|0|0|0|0|0|0|0]
7156,,0,80682000,-1,-1,-1,-1,-1,5006000,5006100,5006200,5006300,50000000,52000000,51000000,53000000,-1,-1,-1,-1,60600000,60610000,-1,-1,-1,-1,-1,-1,-1,-1,-1,-1,-1,51,300,1400,1410,1290,-1,-1,-1,-1,-1,10,1,0,1,0,1,0,1,0,15,13,10,12,16,12,9,7,10,0,3,3,1,1,1,0,0,0,0,0,255,255,255,255,255,255,255,0,0,0,0,255,255,255,255,0,0,0,0,0,0,7,2,-1,-1,-1,-1,-1,-1,0,0,0,0,0,0,3,1,0,0,3,0,0,0,0,0,0,0,0,0,1.05,0,0,0,0,255,255,255,255,255,255,255,255,255,255,255,255,65000000,-1,-1,-1,-1,-1,-1,-1,-1,-1,-1,-1,-1,-1,[0|0|0|0|0|0|0|0|0|0|0|0]
7157,,0,80683000,-1,-1,-1,-1,-1,5006000,5006100,5006200,5006300,50000000,52000000,51000000,53000000,-1,-1,-1,-1,60600000,60610000,-1,-1,-1,-1,-1,-1,-1,-1,-1,-1,-1,51,300,1400,1410,1290,-1,-1,-1,-1,-1,10,1,0,1,0,1,0,1,0,15,13,10,12,16,12,9,7,10,0,3,3,1,1,1,0,0,0,0,0,255,255,255,255,255,255,255,0,0,0,0,255,255,255,255,0,0,0,0,0,0,7,2,-1,-1,-1,-1,-1,-1,0,0,0,0,0,0,3,1,0,0,3,0,0,0,0,0,0,0,0,0,1.05,0,0,0,0,255,255,255,255,255,255,255,255,255,255,255,255,65000000,-1,-1,-1,-1,-1,-1,-1,-1,-1,-1,-1,-1,-1,[0|0|0|0|0|0|0|0|0|0|0|0]
7158,,0,80684000,-1,-1,-1,-1,-1,5006000,5006100,5006200,5006300,50000000,52000000,51000000,53000000,-1,-1,-1,-1,60600000,60610000,-1,-1,-1,-1,-1,-1,-1,-1,-1,-1,-1,51,300,1400,1410,1290,-1,-1,-1,-1,-1,10,1,0,1,0,1,0,1,0,15,13,10,12,16,12,9,7,10,0,3,3,1,1,1,0,0,0,0,0,255,255,255,255,255,255,255,0,0,0,0,255,255,255,255,0,0,0,0,0,0,7,2,-1,-1,-1,-1,-1,-1,0,0,0,0,0,0,3,1,0,0,3,0,0,0,0,0,0,0,0,0,1.05,0,0,0,0,255,255,255,255,255,255,255,255,255,255,255,255,65000000,-1,-1,-1,-1,-1,-1,-1,-1,-1,-1,-1,-1,-1,[0|0|0|0|0|0|0|0|0|0|0|0]
7159,,0,80685000,-1,-1,-1,-1,-1,5006000,5006100,5006200,5006300,50000000,52000000,51000000,53000000,-1,-1,-1,-1,60600000,60610000,-1,-1,-1,-1,-1,-1,-1,-1,-1,-1,-1,51,300,1400,1410,1290,-1,-1,-1,-1,-1,10,1,0,1,0,1,0,1,0,15,13,10,12,16,12,9,7,10,0,3,3,1,1,1,0,0,0,0,0,255,255,255,255,255,255,255,0,0,0,0,255,255,255,255,0,0,0,0,0,0,7,2,-1,-1,-1,-1,-1,-1,0,0,0,0,0,0,3,1,0,0,3,0,0,0,0,0,0,0,0,0,1.05,0,0,0,0,255,255,255,255,255,255,255,255,255,255,255,255,65000000,-1,-1,-1,-1,-1,-1,-1,-1,-1,-1,-1,-1,-1,[0|0|0|0|0|0|0|0|0|0|0|0]
7160,,0,80690000,-1,-1,-1,-1,-1,5006000,5006100,5006200,5006300,50000000,52000000,51000000,53000000,-1,-1,-1,-1,60600000,60610000,-1,-1,-1,-1,-1,-1,-1,-1,-1,-1,-1,51,300,1400,1410,1290,-1,-1,-1,-1,-1,10,1,0,1,0,1,0,1,0,15,13,10,12,16,12,9,7,10,0,3,3,1,1,1,0,0,0,0,0,255,255,255,255,255,255,255,0,0,0,0,255,255,255,255,0,0,0,0,0,0,7,2,-1,-1,-1,-1,-1,-1,0,0,0,0,0,0,3,1,0,0,3,0,0,0,0,0,0,0,0,0,1.05,0,0,0,0,255,255,255,255,255,255,255,255,255,255,255,255,65000000,-1,-1,-1,-1,-1,-1,-1,-1,-1,-1,-1,-1,-1,[0|0|0|0|0|0|0|0|0|0|0|0]
7161,,0,80691000,-1,-1,-1,-1,-1,5006000,5006100,5006200,5006300,50000000,52000000,51000000,53000000,-1,-1,-1,-1,60600000,60610000,-1,-1,-1,-1,-1,-1,-1,-1,-1,-1,-1,51,300,1400,1410,1290,-1,-1,-1,-1,-1,10,1,0,1,0,1,0,1,0,15,13,10,12,16,12,9,7,10,0,3,3,1,1,1,0,0,0,0,0,255,255,255,255,255,255,255,0,0,0,0,255,255,255,255,0,0,0,0,0,0,7,2,-1,-1,-1,-1,-1,-1,0,0,0,0,0,0,3,1,0,0,3,0,0,0,0,0,0,0,0,0,1.05,0,0,0,0,255,255,255,255,255,255,255,255,255,255,255,255,65000000,-1,-1,-1,-1,-1,-1,-1,-1,-1,-1,-1,-1,-1,[0|0|0|0|0|0|0|0|0|0|0|0]
7162,,0,80692000,-1,-1,-1,-1,-1,5006000,5006100,5006200,5006300,50000000,52000000,51000000,53000000,-1,-1,-1,-1,60600000,60610000,-1,-1,-1,-1,-1,-1,-1,-1,-1,-1,-1,51,300,1400,1410,1290,-1,-1,-1,-1,-1,10,1,0,1,0,1,0,1,0,15,13,10,12,16,12,9,7,10,0,3,3,1,1,1,0,0,0,0,0,255,255,255,255,255,255,255,0,0,0,0,255,255,255,255,0,0,0,0,0,0,7,2,-1,-1,-1,-1,-1,-1,0,0,0,0,0,0,3,1,0,0,3,0,0,0,0,0,0,0,0,0,1.05,0,0,0,0,255,255,255,255,255,255,255,255,255,255,255,255,65000000,-1,-1,-1,-1,-1,-1,-1,-1,-1,-1,-1,-1,-1,[0|0|0|0|0|0|0|0|0|0|0|0]
7163,,0,80692100,-1,-1,-1,-1,-1,5006000,5006100,5006200,5006300,50000000,52000000,51000000,53000000,-1,-1,-1,-1,60600000,60610000,-1,-1,-1,-1,-1,-1,-1,-1,-1,-1,-1,51,300,1400,1410,1290,-1,-1,-1,-1,-1,10,1,0,1,0,1,0,1,0,15,13,10,12,16,12,9,7,10,0,3,3,1,1,1,0,0,0,0,0,255,255,255,255,255,255,255,0,0,0,0,255,255,255,255,0,0,0,0,0,0,7,2,-1,-1,-1,-1,-1,-1,0,0,0,0,0,0,3,1,0,0,3,0,0,0,0,0,0,0,0,0,1.05,0,0,0,0,255,255,255,255,255,255,255,255,255,255,255,255,65000000,-1,-1,-1,-1,-1,-1,-1,-1,-1,-1,-1,-1,-1,[0|0|0|0|0|0|0|0|0|0|0|0]
7164,,0,80693000,-1,-1,-1,-1,-1,5006000,5006100,5006200,5006300,50000000,52000000,51000000,53000000,-1,-1,-1,-1,60600000,60610000,-1,-1,-1,-1,-1,-1,-1,-1,-1,-1,-1,51,300,1400,1410,1290,-1,-1,-1,-1,-1,10,1,0,1,0,1,0,1,0,15,13,10,12,16,12,9,7,10,0,3,3,1,1,1,0,0,0,0,0,255,255,255,255,255,255,255,0,0,0,0,255,255,255,255,0,0,0,0,0,0,7,2,-1,-1,-1,-1,-1,-1,0,0,0,0,0,0,3,1,0,0,3,0,0,0,0,0,0,0,0,0,1.05,0,0,0,0,255,255,255,255,255,255,255,255,255,255,255,255,65000000,-1,-1,-1,-1,-1,-1,-1,-1,-1,-1,-1,-1,-1,[0|0|0|0|0|0|0|0|0|0|0|0]
7165,,0,80694000,-1,-1,-1,-1,-1,5006000,5006100,5006200,5006300,50000000,52000000,51000000,53000000,-1,-1,-1,-1,60600000,60610000,-1,-1,-1,-1,-1,-1,-1,-1,-1,-1,-1,51,300,1400,1410,1290,-1,-1,-1,-1,-1,10,1,0,1,0,1,0,1,0,15,13,10,12,16,12,9,7,10,0,3,3,1,1,1,0,0,0,0,0,255,255,255,255,255,255,255,0,0,0,0,255,255,255,255,0,0,0,0,0,0,7,2,-1,-1,-1,-1,-1,-1,0,0,0,0,0,0,3,1,0,0,3,0,0,0,0,0,0,0,0,0,1.05,0,0,0,0,255,255,255,255,255,255,255,255,255,255,255,255,65000000,-1,-1,-1,-1,-1,-1,-1,-1,-1,-1,-1,-1,-1,[0|0|0|0|0|0|0|0|0|0|0|0]
7166,,0,80694100,-1,-1,-1,-1,-1,5006000,5006100,5006200,5006300,50000000,52000000,51000000,53000000,-1,-1,-1,-1,60600000,60610000,-1,-1,-1,-1,-1,-1,-1,-1,-1,-1,-1,51,300,1400,1410,1290,-1,-1,-1,-1,-1,10,1,0,1,0,1,0,1,0,15,13,10,12,16,12,9,7,10,0,3,3,1,1,1,0,0,0,0,0,255,255,255,255,255,255,255,0,0,0,0,255,255,255,255,0,0,0,0,0,0,7,2,-1,-1,-1,-1,-1,-1,0,0,0,0,0,0,3,1,0,0,3,0,0,0,0,0,0,0,0,0,1.05,0,0,0,0,255,255,255,255,255,255,255,255,255,255,255,255,65000000,-1,-1,-1,-1,-1,-1,-1,-1,-1,-1,-1,-1,-1,[0|0|0|0|0|0|0|0|0|0|0|0]
7167,,0,80695000,-1,-1,-1,-1,-1,5006000,5006100,5006200,5006300,50000000,52000000,51000000,53000000,-1,-1,-1,-1,60600000,60610000,-1,-1,-1,-1,-1,-1,-1,-1,-1,-1,-1,51,300,1400,1410,1290,-1,-1,-1,-1,-1,10,1,0,1,0,1,0,1,0,15,13,10,12,16,12,9,7,10,0,3,3,1,1,1,0,0,0,0,0,255,255,255,255,255,255,255,0,0,0,0,255,255,255,255,0,0,0,0,0,0,7,2,-1,-1,-1,-1,-1,-1,0,0,0,0,0,0,3,1,0,0,3,0,0,0,0,0,0,0,0,0,1.05,0,0,0,0,255,255,255,255,255,255,255,255,255,255,255,255,65000000,-1,-1,-1,-1,-1,-1,-1,-1,-1,-1,-1,-1,-1,[0|0|0|0|0|0|0|0|0|0|0|0]
7168,,0,80696000,-1,-1,-1,-1,-1,5006000,5006100,5006200,5006300,50000000,52000000,51000000,53000000,-1,-1,-1,-1,60600000,60610000,-1,-1,-1,-1,-1,-1,-1,-1,-1,-1,-1,51,300,1400,1410,1290,-1,-1,-1,-1,-1,10,1,0,1,0,1,0,1,0,15,13,10,12,16,12,9,7,10,0,3,3,1,1,1,0,0,0,0,0,255,255,255,255,255,255,255,0,0,0,0,255,255,255,255,0,0,0,0,0,0,7,2,-1,-1,-1,-1,-1,-1,0,0,0,0,0,0,3,1,0,0,3,0,0,0,0,0,0,0,0,0,1.05,0,0,0,0,255,255,255,255,255,255,255,255,255,255,255,255,65000000,-1,-1,-1,-1,-1,-1,-1,-1,-1,-1,-1,-1,-1,[0|0|0|0|0|0|0|0|0|0|0|0]
7169,,0,80697000,-1,-1,-1,-1,-1,5006000,5006100,5006200,5006300,50000000,52000000,51000000,53000000,-1,-1,-1,-1,60600000,60610000,-1,-1,-1,-1,-1,-1,-1,-1,-1,-1,-1,51,300,1400,1410,1290,-1,-1,-1,-1,-1,10,1,0,1,0,1,0,1,0,15,13,10,12,16,12,9,7,10,0,3,3,1,1,1,0,0,0,0,0,255,255,255,255,255,255,255,0,0,0,0,255,255,255,255,0,0,0,0,0,0,7,2,-1,-1,-1,-1,-1,-1,0,0,0,0,0,0,3,1,0,0,3,0,0,0,0,0,0,0,0,0,1.05,0,0,0,0,255,255,255,255,255,255,255,255,255,255,255,255,65000000,-1,-1,-1,-1,-1,-1,-1,-1,-1,-1,-1,-1,-1,[0|0|0|0|0|0|0|0|0|0|0|0]
7170,,0,80697100,-1,-1,-1,-1,-1,5006000,5006100,5006200,5006300,50000000,52000000,51000000,53000000,-1,-1,-1,-1,60600000,60610000,-1,-1,-1,-1,-1,-1,-1,-1,-1,-1,-1,51,300,1400,1410,1290,-1,-1,-1,-1,-1,10,1,0,1,0,1,0,1,0,15,13,10,12,16,12,9,7,10,0,3,3,1,1,1,0,0,0,0,0,255,255,255,255,255,255,255,0,0,0,0,255,255,255,255,0,0,0,0,0,0,7,2,-1,-1,-1,-1,-1,-1,0,0,0,0,0,0,3,1,0,0,3,0,0,0,0,0,0,0,0,0,1.05,0,0,0,0,255,255,255,255,255,255,255,255,255,255,255,255,65000000,-1,-1,-1,-1,-1,-1,-1,-1,-1,-1,-1,-1,-1,[0|0|0|0|0|0|0|0|0|0|0|0]
7171,,0,80700000,-1,-1,-1,-1,-1,5006000,5006100,5006200,5006300,50000000,52000000,51000000,53000000,-1,-1,-1,-1,60600000,60610000,-1,-1,-1,-1,-1,-1,-1,-1,-1,-1,-1,51,300,1400,1410,1290,-1,-1,-1,-1,-1,10,1,0,1,0,1,0,1,0,15,13,10,12,16,12,9,7,10,0,3,3,1,1,1,0,0,0,0,0,255,255,255,255,255,255,255,0,0,0,0,255,255,255,255,0,0,0,0,0,0,7,2,-1,-1,-1,-1,-1,-1,0,0,0,0,0,0,3,1,0,0,3,0,0,0,0,0,0,0,0,0,1.05,0,0,0,0,255,255,255,255,255,255,255,255,255,255,255,255,65000000,-1,-1,-1,-1,-1,-1,-1,-1,-1,-1,-1,-1,-1,[0|0|0|0|0|0|0|0|0|0|0|0]
7172,,0,80700100,-1,-1,-1,-1,-1,5006000,5006100,5006200,5006300,50000000,52000000,51000000,53000000,-1,-1,-1,-1,60600000,60610000,-1,-1,-1,-1,-1,-1,-1,-1,-1,-1,-1,51,300,1400,1410,1290,-1,-1,-1,-1,-1,10,1,0,1,0,1,0,1,0,15,13,10,12,16,12,9,7,10,0,3,3,1,1,1,0,0,0,0,0,255,255,255,255,255,255,255,0,0,0,0,255,255,255,255,0,0,0,0,0,0,7,2,-1,-1,-1,-1,-1,-1,0,0,0,0,0,0,3,1,0,0,3,0,0,0,0,0,0,0,0,0,1.05,0,0,0,0,255,255,255,255,255,255,255,255,255,255,255,255,65000000,-1,-1,-1,-1,-1,-1,-1,-1,-1,-1,-1,-1,-1,[0|0|0|0|0|0|0|0|0|0|0|0]
7173,,0,80701000,-1,-1,-1,-1,-1,5006000,5006100,5006200,5006300,50000000,52000000,51000000,53000000,-1,-1,-1,-1,60600000,60610000,-1,-1,-1,-1,-1,-1,-1,-1,-1,-1,-1,51,300,1400,1410,1290,-1,-1,-1,-1,-1,10,1,0,1,0,1,0,1,0,15,13,10,12,16,12,9,7,10,0,3,3,1,1,1,0,0,0,0,0,255,255,255,255,255,255,255,0,0,0,0,255,255,255,255,0,0,0,0,0,0,7,2,-1,-1,-1,-1,-1,-1,0,0,0,0,0,0,3,1,0,0,3,0,0,0,0,0,0,0,0,0,1.05,0,0,0,0,255,255,255,255,255,255,255,255,255,255,255,255,65000000,-1,-1,-1,-1,-1,-1,-1,-1,-1,-1,-1,-1,-1,[0|0|0|0|0|0|0|0|0|0|0|0]
7174,,0,80701100,-1,-1,-1,-1,-1,5006000,5006100,5006200,5006300,50000000,52000000,51000000,53000000,-1,-1,-1,-1,60600000,60610000,-1,-1,-1,-1,-1,-1,-1,-1,-1,-1,-1,51,300,1400,1410,1290,-1,-1,-1,-1,-1,10,1,0,1,0,1,0,1,0,15,13,10,12,16,12,9,7,10,0,3,3,1,1,1,0,0,0,0,0,255,255,255,255,255,255,255,0,0,0,0,255,255,255,255,0,0,0,0,0,0,7,2,-1,-1,-1,-1,-1,-1,0,0,0,0,0,0,3,1,0,0,3,0,0,0,0,0,0,0,0,0,1.05,0,0,0,0,255,255,255,255,255,255,255,255,255,255,255,255,65000000,-1,-1,-1,-1,-1,-1,-1,-1,-1,-1,-1,-1,-1,[0|0|0|0|0|0|0|0|0|0|0|0]
7175,,0,80702000,-1,-1,-1,-1,-1,5006000,5006100,5006200,5006300,50000000,52000000,51000000,53000000,-1,-1,-1,-1,60600000,60610000,-1,-1,-1,-1,-1,-1,-1,-1,-1,-1,-1,51,300,1400,1410,1290,-1,-1,-1,-1,-1,10,1,0,1,0,1,0,1,0,15,13,10,12,16,12,9,7,10,0,3,3,1,1,1,0,0,0,0,0,255,255,255,255,255,255,255,0,0,0,0,255,255,255,255,0,0,0,0,0,0,7,2,-1,-1,-1,-1,-1,-1,0,0,0,0,0,0,3,1,0,0,3,0,0,0,0,0,0,0,0,0,1.05,0,0,0,0,255,255,255,255,255,255,255,255,255,255,255,255,65000000,-1,-1,-1,-1,-1,-1,-1,-1,-1,-1,-1,-1,-1,[0|0|0|0|0|0|0|0|0|0|0|0]
7176,,0,80702100,-1,-1,-1,-1,-1,5006000,5006100,5006200,5006300,50000000,52000000,51000000,53000000,-1,-1,-1,-1,60600000,60610000,-1,-1,-1,-1,-1,-1,-1,-1,-1,-1,-1,51,300,1400,1410,1290,-1,-1,-1,-1,-1,10,1,0,1,0,1,0,1,0,15,13,10,12,16,12,9,7,10,0,3,3,1,1,1,0,0,0,0,0,255,255,255,255,255,255,255,0,0,0,0,255,255,255,255,0,0,0,0,0,0,7,2,-1,-1,-1,-1,-1,-1,0,0,0,0,0,0,3,1,0,0,3,0,0,0,0,0,0,0,0,0,1.05,0,0,0,0,255,255,255,255,255,255,255,255,255,255,255,255,65000000,-1,-1,-1,-1,-1,-1,-1,-1,-1,-1,-1,-1,-1,[0|0|0|0|0|0|0|0|0|0|0|0]
7177,,0,80703000,-1,-1,-1,-1,-1,5006000,5006100,5006200,5006300,50000000,52000000,51000000,53000000,-1,-1,-1,-1,60600000,60610000,-1,-1,-1,-1,-1,-1,-1,-1,-1,-1,-1,51,300,1400,1410,1290,-1,-1,-1,-1,-1,10,1,0,1,0,1,0,1,0,15,13,10,12,16,12,9,7,10,0,3,3,1,1,1,0,0,0,0,0,255,255,255,255,255,255,255,0,0,0,0,255,255,255,255,0,0,0,0,0,0,7,2,-1,-1,-1,-1,-1,-1,0,0,0,0,0,0,3,1,0,0,3,0,0,0,0,0,0,0,0,0,1.05,0,0,0,0,255,255,255,255,255,255,255,255,255,255,255,255,65000000,-1,-1,-1,-1,-1,-1,-1,-1,-1,-1,-1,-1,-1,[0|0|0|0|0|0|0|0|0|0|0|0]
7178,,0,80703100,-1,-1,-1,-1,-1,5006000,5006100,5006200,5006300,50000000,52000000,51000000,53000000,-1,-1,-1,-1,60600000,60610000,-1,-1,-1,-1,-1,-1,-1,-1,-1,-1,-1,51,300,1400,1410,1290,-1,-1,-1,-1,-1,10,1,0,1,0,1,0,1,0,15,13,10,12,16,12,9,7,10,0,3,3,1,1,1,0,0,0,0,0,255,255,255,255,255,255,255,0,0,0,0,255,255,255,255,0,0,0,0,0,0,7,2,-1,-1,-1,-1,-1,-1,0,0,0,0,0,0,3,1,0,0,3,0,0,0,0,0,0,0,0,0,1.05,0,0,0,0,255,255,255,255,255,255,255,255,255,255,255,255,65000000,-1,-1,-1,-1,-1,-1,-1,-1,-1,-1,-1,-1,-1,[0|0|0|0|0|0|0|0|0|0|0|0]
7179,,0,80704000,-1,-1,-1,-1,-1,5006000,5006100,5006200,5006300,50000000,52000000,51000000,53000000,-1,-1,-1,-1,60600000,60610000,-1,-1,-1,-1,-1,-1,-1,-1,-1,-1,-1,51,300,1400,1410,1290,-1,-1,-1,-1,-1,10,1,0,1,0,1,0,1,0,15,13,10,12,16,12,9,7,10,0,3,3,1,1,1,0,0,0,0,0,255,255,255,255,255,255,255,0,0,0,0,255,255,255,255,0,0,0,0,0,0,7,2,-1,-1,-1,-1,-1,-1,0,0,0,0,0,0,3,1,0,0,3,0,0,0,0,0,0,0,0,0,1.05,0,0,0,0,255,255,255,255,255,255,255,255,255,255,255,255,65000000,-1,-1,-1,-1,-1,-1,-1,-1,-1,-1,-1,-1,-1,[0|0|0|0|0|0|0|0|0|0|0|0]
7180,,0,80704100,-1,-1,-1,-1,-1,5006000,5006100,5006200,5006300,50000000,52000000,51000000,53000000,-1,-1,-1,-1,60600000,60610000,-1,-1,-1,-1,-1,-1,-1,-1,-1,-1,-1,51,300,1400,1410,1290,-1,-1,-1,-1,-1,10,1,0,1,0,1,0,1,0,15,13,10,12,16,12,9,7,10,0,3,3,1,1,1,0,0,0,0,0,255,255,255,255,255,255,255,0,0,0,0,255,255,255,255,0,0,0,0,0,0,7,2,-1,-1,-1,-1,-1,-1,0,0,0,0,0,0,3,1,0,0,3,0,0,0,0,0,0,0,0,0,1.05,0,0,0,0,255,255,255,255,255,255,255,255,255,255,255,255,65000000,-1,-1,-1,-1,-1,-1,-1,-1,-1,-1,-1,-1,-1,[0|0|0|0|0|0|0|0|0|0|0|0]
7181,,0,80705000,-1,-1,-1,-1,-1,5006000,5006100,5006200,5006300,50000000,52000000,51000000,53000000,-1,-1,-1,-1,60600000,60610000,-1,-1,-1,-1,-1,-1,-1,-1,-1,-1,-1,51,300,1400,1410,1290,-1,-1,-1,-1,-1,10,1,0,1,0,1,0,1,0,15,13,10,12,16,12,9,7,10,0,3,3,1,1,1,0,0,0,0,0,255,255,255,255,255,255,255,0,0,0,0,255,255,255,255,0,0,0,0,0,0,7,2,-1,-1,-1,-1,-1,-1,0,0,0,0,0,0,3,1,0,0,3,0,0,0,0,0,0,0,0,0,1.05,0,0,0,0,255,255,255,255,255,255,255,255,255,255,255,255,65000000,-1,-1,-1,-1,-1,-1,-1,-1,-1,-1,-1,-1,-1,[0|0|0|0|0|0|0|0|0|0|0|0]
7182,,0,80706000,-1,-1,-1,-1,-1,5006000,5006100,5006200,5006300,50000000,52000000,51000000,53000000,-1,-1,-1,-1,60600000,60610000,-1,-1,-1,-1,-1,-1,-1,-1,-1,-1,-1,51,300,1400,1410,1290,-1,-1,-1,-1,-1,10,1,0,1,0,1,0,1,0,15,13,10,12,16,12,9,7,10,0,3,3,1,1,1,0,0,0,0,0,255,255,255,255,255,255,255,0,0,0,0,255,255,255,255,0,0,0,0,0,0,7,2,-1,-1,-1,-1,-1,-1,0,0,0,0,0,0,3,1,0,0,3,0,0,0,0,0,0,0,0,0,1.05,0,0,0,0,255,255,255,255,255,255,255,255,255,255,255,255,65000000,-1,-1,-1,-1,-1,-1,-1,-1,-1,-1,-1,-1,-1,[0|0|0|0|0|0|0|0|0|0|0|0]
7183,,0,80708000,-1,-1,-1,-1,-1,5006000,5006100,5006200,5006300,50000000,52000000,51000000,53000000,-1,-1,-1,-1,60600000,60610000,-1,-1,-1,-1,-1,-1,-1,-1,-1,-1,-1,51,300,1400,1410,1290,-1,-1,-1,-1,-1,10,1,0,1,0,1,0,1,0,15,13,10,12,16,12,9,7,10,0,3,3,1,1,1,0,0,0,0,0,255,255,255,255,255,255,255,0,0,0,0,255,255,255,255,0,0,0,0,0,0,7,2,-1,-1,-1,-1,-1,-1,0,0,0,0,0,0,3,1,0,0,3,0,0,0,0,0,0,0,0,0,1.05,0,0,0,0,255,255,255,255,255,255,255,255,255,255,255,255,65000000,-1,-1,-1,-1,-1,-1,-1,-1,-1,-1,-1,-1,-1,[0|0|0|0|0|0|0|0|0|0|0|0]
7184,,0,80709000,-1,-1,-1,-1,-1,5006000,5006100,5006200,5006300,50000000,52000000,51000000,53000000,-1,-1,-1,-1,60600000,60610000,-1,-1,-1,-1,-1,-1,-1,-1,-1,-1,-1,51,300,1400,1410,1290,-1,-1,-1,-1,-1,10,1,0,1,0,1,0,1,0,15,13,10,12,16,12,9,7,10,0,3,3,1,1,1,0,0,0,0,0,255,255,255,255,255,255,255,0,0,0,0,255,255,255,255,0,0,0,0,0,0,7,2,-1,-1,-1,-1,-1,-1,0,0,0,0,0,0,3,1,0,0,3,0,0,0,0,0,0,0,0,0,1.05,0,0,0,0,255,255,255,255,255,255,255,255,255,255,255,255,65000000,-1,-1,-1,-1,-1,-1,-1,-1,-1,-1,-1,-1,-1,[0|0|0|0|0|0|0|0|0|0|0|0]
7185,,0,80720000,-1,-1,-1,-1,-1,5006000,5006100,5006200,5006300,50000000,52000000,51000000,53000000,-1,-1,-1,-1,60600000,60610000,-1,-1,-1,-1,-1,-1,-1,-1,-1,-1,-1,51,300,1400,1410,1290,-1,-1,-1,-1,-1,10,1,0,1,0,1,0,1,0,15,13,10,12,16,12,9,7,10,0,3,3,1,1,1,0,0,0,0,0,255,255,255,255,255,255,255,0,0,0,0,255,255,255,255,0,0,0,0,0,0,7,2,-1,-1,-1,-1,-1,-1,0,0,0,0,0,0,3,1,0,0,3,0,0,0,0,0,0,0,0,0,1.05,0,0,0,0,255,255,255,255,255,255,255,255,255,255,255,255,65000000,-1,-1,-1,-1,-1,-1,-1,-1,-1,-1,-1,-1,-1,[0|0|0|0|0|0|0|0|0|0|0|0]
7186,,0,80721000,-1,-1,-1,-1,-1,5006000,5006100,5006200,5006300,50000000,52000000,51000000,53000000,-1,-1,-1,-1,60600000,60610000,-1,-1,-1,-1,-1,-1,-1,-1,-1,-1,-1,51,300,1400,1410,1290,-1,-1,-1,-1,-1,10,1,0,1,0,1,0,1,0,15,13,10,12,16,12,9,7,10,0,3,3,1,1,1,0,0,0,0,0,255,255,255,255,255,255,255,0,0,0,0,255,255,255,255,0,0,0,0,0,0,7,2,-1,-1,-1,-1,-1,-1,0,0,0,0,0,0,3,1,0,0,3,0,0,0,0,0,0,0,0,0,1.05,0,0,0,0,255,255,255,255,255,255,255,255,255,255,255,255,65000000,-1,-1,-1,-1,-1,-1,-1,-1,-1,-1,-1,-1,-1,[0|0|0|0|0|0|0|0|0|0|0|0]
7187,,0,80722000,-1,-1,-1,-1,-1,5006000,5006100,5006200,5006300,50000000,52000000,51000000,53000000,-1,-1,-1,-1,60600000,60610000,-1,-1,-1,-1,-1,-1,-1,-1,-1,-1,-1,51,300,1400,1410,1290,-1,-1,-1,-1,-1,10,1,0,1,0,1,0,1,0,15,13,10,12,16,12,9,7,10,0,3,3,1,1,1,0,0,0,0,0,255,255,255,255,255,255,255,0,0,0,0,255,255,255,255,0,0,0,0,0,0,7,2,-1,-1,-1,-1,-1,-1,0,0,0,0,0,0,3,1,0,0,3,0,0,0,0,0,0,0,0,0,1.05,0,0,0,0,255,255,255,255,255,255,255,255,255,255,255,255,65000000,-1,-1,-1,-1,-1,-1,-1,-1,-1,-1,-1,-1,-1,[0|0|0|0|0|0|0|0|0|0|0|0]
7188,,0,80723000,-1,-1,-1,-1,-1,5006000,5006100,5006200,5006300,50000000,52000000,51000000,53000000,-1,-1,-1,-1,60600000,60610000,-1,-1,-1,-1,-1,-1,-1,-1,-1,-1,-1,51,300,1400,1410,1290,-1,-1,-1,-1,-1,10,1,0,1,0,1,0,1,0,15,13,10,12,16,12,9,7,10,0,3,3,1,1,1,0,0,0,0,0,255,255,255,255,255,255,255,0,0,0,0,255,255,255,255,0,0,0,0,0,0,7,2,-1,-1,-1,-1,-1,-1,0,0,0,0,0,0,3,1,0,0,3,0,0,0,0,0,0,0,0,0,1.05,0,0,0,0,255,255,255,255,255,255,255,255,255,255,255,255,65000000,-1,-1,-1,-1,-1,-1,-1,-1,-1,-1,-1,-1,-1,[0|0|0|0|0|0|0|0|0|0|0|0]
7189,,0,80724000,-1,-1,-1,-1,-1,5006000,5006100,5006200,5006300,50000000,52000000,51000000,53000000,-1,-1,-1,-1,60600000,60610000,-1,-1,-1,-1,-1,-1,-1,-1,-1,-1,-1,51,300,1400,1410,1290,-1,-1,-1,-1,-1,10,1,0,1,0,1,0,1,0,15,13,10,12,16,12,9,7,10,0,3,3,1,1,1,0,0,0,0,0,255,255,255,255,255,255,255,0,0,0,0,255,255,255,255,0,0,0,0,0,0,7,2,-1,-1,-1,-1,-1,-1,0,0,0,0,0,0,3,1,0,0,3,0,0,0,0,0,0,0,0,0,1.05,0,0,0,0,255,255,255,255,255,255,255,255,255,255,255,255,65000000,-1,-1,-1,-1,-1,-1,-1,-1,-1,-1,-1,-1,-1,[0|0|0|0|0|0|0|0|0|0|0|0]
7190,,0,80730000,-1,-1,-1,-1,-1,5006000,5006100,5006200,5006300,50000000,52000000,51000000,53000000,-1,-1,-1,-1,60600000,60610000,-1,-1,-1,-1,-1,-1,-1,-1,-1,-1,-1,51,300,1400,1410,1290,-1,-1,-1,-1,-1,10,1,0,1,0,1,0,1,0,15,13,10,12,16,12,9,7,10,0,3,3,1,1,1,0,0,0,0,0,255,255,255,255,255,255,255,0,0,0,0,255,255,255,255,0,0,0,0,0,0,7,2,-1,-1,-1,-1,-1,-1,0,0,0,0,0,0,3,1,0,0,3,0,0,0,0,0,0,0,0,0,1.05,0,0,0,0,255,255,255,255,255,255,255,255,255,255,255,255,65000000,-1,-1,-1,-1,-1,-1,-1,-1,-1,-1,-1,-1,-1,[0|0|0|0|0|0|0|0|0|0|0|0]
7191,,0,80731000,-1,-1,-1,-1,-1,5006000,5006100,5006200,5006300,50000000,52000000,51000000,53000000,-1,-1,-1,-1,60600000,60610000,-1,-1,-1,-1,-1,-1,-1,-1,-1,-1,-1,51,300,1400,1410,1290,-1,-1,-1,-1,-1,10,1,0,1,0,1,0,1,0,15,13,10,12,16,12,9,7,10,0,3,3,1,1,1,0,0,0,0,0,255,255,255,255,255,255,255,0,0,0,0,255,255,255,255,0,0,0,0,0,0,7,2,-1,-1,-1,-1,-1,-1,0,0,0,0,0,0,3,1,0,0,3,0,0,0,0,0,0,0,0,0,1.05,0,0,0,0,255,255,255,255,255,255,255,255,255,255,255,255,65000000,-1,-1,-1,-1,-1,-1,-1,-1,-1,-1,-1,-1,-1,[0|0|0|0|0|0|0|0|0|0|0|0]
7192,,0,80731100,-1,-1,-1,-1,-1,5006000,5006100,5006200,5006300,50000000,52000000,51000000,53000000,-1,-1,-1,-1,60600000,60610000,-1,-1,-1,-1,-1,-1,-1,-1,-1,-1,-1,51,300,1400,1410,1290,-1,-1,-1,-1,-1,10,1,0,1,0,1,0,1,0,15,13,10,12,16,12,9,7,10,0,3,3,1,1,1,0,0,0,0,0,255,255,255,255,255,255,255,0,0,0,0,255,255,255,255,0,0,0,0,0,0,7,2,-1,-1,-1,-1,-1,-1,0,0,0,0,0,0,3,1,0,0,3,0,0,0,0,0,0,0,0,0,1.05,0,0,0,0,255,255,255,255,255,255,255,255,255,255,255,255,65000000,-1,-1,-1,-1,-1,-1,-1,-1,-1,-1,-1,-1,-1,[0|0|0|0|0|0|0|0|0|0|0|0]
7193,,0,80732000,-1,-1,-1,-1,-1,5006000,5006100,5006200,5006300,50000000,52000000,51000000,53000000,-1,-1,-1,-1,60600000,60610000,-1,-1,-1,-1,-1,-1,-1,-1,-1,-1,-1,51,300,1400,1410,1290,-1,-1,-1,-1,-1,10,1,0,1,0,1,0,1,0,15,13,10,12,16,12,9,7,10,0,3,3,1,1,1,0,0,0,0,0,255,255,255,255,255,255,255,0,0,0,0,255,255,255,255,0,0,0,0,0,0,7,2,-1,-1,-1,-1,-1,-1,0,0,0,0,0,0,3,1,0,0,3,0,0,0,0,0,0,0,0,0,1.05,0,0,0,0,255,255,255,255,255,255,255,255,255,255,255,255,65000000,-1,-1,-1,-1,-1,-1,-1,-1,-1,-1,-1,-1,-1,[0|0|0|0|0|0|0|0|0|0|0|0]
7194,,0,80733000,-1,-1,-1,-1,-1,5006000,5006100,5006200,5006300,50000000,52000000,51000000,53000000,-1,-1,-1,-1,60600000,60610000,-1,-1,-1,-1,-1,-1,-1,-1,-1,-1,-1,51,300,1400,1410,1290,-1,-1,-1,-1,-1,10,1,0,1,0,1,0,1,0,15,13,10,12,16,12,9,7,10,0,3,3,1,1,1,0,0,0,0,0,255,255,255,255,255,255,255,0,0,0,0,255,255,255,255,0,0,0,0,0,0,7,2,-1,-1,-1,-1,-1,-1,0,0,0,0,0,0,3,1,0,0,3,0,0,0,0,0,0,0,0,0,1.05,0,0,0,0,255,255,255,255,255,255,255,255,255,255,255,255,65000000,-1,-1,-1,-1,-1,-1,-1,-1,-1,-1,-1,-1,-1,[0|0|0|0|0|0|0|0|0|0|0|0]
7195,,0,80750000,-1,-1,-1,-1,-1,5006000,5006100,5006200,5006300,50000000,52000000,51000000,53000000,-1,-1,-1,-1,60600000,60610000,-1,-1,-1,-1,-1,-1,-1,-1,-1,-1,-1,51,300,1400,1410,1290,-1,-1,-1,-1,-1,10,1,0,1,0,1,0,1,0,15,13,10,12,16,12,9,7,10,0,3,3,1,1,1,0,0,0,0,0,255,255,255,255,255,255,255,0,0,0,0,255,255,255,255,0,0,0,0,0,0,7,2,-1,-1,-1,-1,-1,-1,0,0,0,0,0,0,3,1,0,0,3,0,0,0,0,0,0,0,0,0,1.05,0,0,0,0,255,255,255,255,255,255,255,255,255,255,255,255,65000000,-1,-1,-1,-1,-1,-1,-1,-1,-1,-1,-1,-1,-1,[0|0|0|0|0|0|0|0|0|0|0|0]
7196,,0,80751000,-1,-1,-1,-1,-1,5006000,5006100,5006200,5006300,50000000,52000000,51000000,53000000,-1,-1,-1,-1,60600000,60610000,-1,-1,-1,-1,-1,-1,-1,-1,-1,-1,-1,51,300,1400,1410,1290,-1,-1,-1,-1,-1,10,1,0,1,0,1,0,1,0,15,13,10,12,16,12,9,7,10,0,3,3,1,1,1,0,0,0,0,0,255,255,255,255,255,255,255,0,0,0,0,255,255,255,255,0,0,0,0,0,0,7,2,-1,-1,-1,-1,-1,-1,0,0,0,0,0,0,3,1,0,0,3,0,0,0,0,0,0,0,0,0,1.05,0,0,0,0,255,255,255,255,255,255,255,255,255,255,255,255,65000000,-1,-1,-1,-1,-1,-1,-1,-1,-1,-1,-1,-1,-1,[0|0|0|0|0|0|0|0|0|0|0|0]
7197,,0,80752000,-1,-1,-1,-1,-1,5006000,5006100,5006200,5006300,50000000,52000000,51000000,53000000,-1,-1,-1,-1,60600000,60610000,-1,-1,-1,-1,-1,-1,-1,-1,-1,-1,-1,51,300,1400,1410,1290,-1,-1,-1,-1,-1,10,1,0,1,0,1,0,1,0,15,13,10,12,16,12,9,7,10,0,3,3,1,1,1,0,0,0,0,0,255,255,255,255,255,255,255,0,0,0,0,255,255,255,255,0,0,0,0,0,0,7,2,-1,-1,-1,-1,-1,-1,0,0,0,0,0,0,3,1,0,0,3,0,0,0,0,0,0,0,0,0,1.05,0,0,0,0,255,255,255,255,255,255,255,255,255,255,255,255,65000000,-1,-1,-1,-1,-1,-1,-1,-1,-1,-1,-1,-1,-1,[0|0|0|0|0|0|0|0|0|0|0|0]
7198,,0,80753000,-1,-1,-1,-1,-1,5006000,5006100,5006200,5006300,50000000,52000000,51000000,53000000,-1,-1,-1,-1,60600000,60610000,-1,-1,-1,-1,-1,-1,-1,-1,-1,-1,-1,51,300,1400,1410,1290,-1,-1,-1,-1,-1,10,1,0,1,0,1,0,1,0,15,13,10,12,16,12,9,7,10,0,3,3,1,1,1,0,0,0,0,0,255,255,255,255,255,255,255,0,0,0,0,255,255,255,255,0,0,0,0,0,0,7,2,-1,-1,-1,-1,-1,-1,0,0,0,0,0,0,3,1,0,0,3,0,0,0,0,0,0,0,0,0,1.05,0,0,0,0,255,255,255,255,255,255,255,255,255,255,255,255,65000000,-1,-1,-1,-1,-1,-1,-1,-1,-1,-1,-1,-1,-1,[0|0|0|0|0|0|0|0|0|0|0|0]
7199,,0,80790000,-1,-1,-1,-1,-1,5006000,5006100,5006200,5006300,50000000,52000000,51000000,53000000,-1,-1,-1,-1,60600000,60610000,-1,-1,-1,-1,-1,-1,-1,-1,-1,-1,-1,51,300,1400,1410,1290,-1,-1,-1,-1,-1,10,1,0,1,0,1,0,1,0,15,13,10,12,16,12,9,7,10,0,3,3,1,1,1,0,0,0,0,0,255,255,255,255,255,255,255,0,0,0,0,255,255,255,255,0,0,0,0,0,0,7,2,-1,-1,-1,-1,-1,-1,0,0,0,0,0,0,3,1,0,0,3,0,0,0,0,0,0,0,0,0,1.05,0,0,0,0,255,255,255,255,255,255,255,255,255,255,255,255,65000000,-1,-1,-1,-1,-1,-1,-1,-1,-1,-1,-1,-1,-1,[0|0|0|0|0|0|0|0|0|0|0|0]
7200,,0,80790300,-1,-1,-1,-1,-1,5006000,5006100,5006200,5006300,50000000,52000000,51000000,53000000,-1,-1,-1,-1,60600000,60610000,-1,-1,-1,-1,-1,-1,-1,-1,-1,-1,-1,51,300,1400,1410,1290,-1,-1,-1,-1,-1,10,1,0,1,0,1,0,1,0,15,13,10,12,16,12,9,7,10,0,3,3,1,1,1,0,0,0,0,0,255,255,255,255,255,255,255,0,0,0,0,255,255,255,255,0,0,0,0,0,0,7,2,-1,-1,-1,-1,-1,-1,0,0,0,0,0,0,3,1,0,0,3,0,0,0,0,0,0,0,0,0,1.05,0,0,0,0,255,255,255,255,255,255,255,255,255,255,255,255,65000000,-1,-1,-1,-1,-1,-1,-1,-1,-1,-1,-1,-1,-1,[0|0|0|0|0|0|0|0|0|0|0|0]
7300,,0,80800000,-1,-1,-1,-1,-1,5006000,5006100,5006200,5006300,50000000,52000000,51000000,53000000,-1,-1,-1,-1,60600000,60610000,-1,-1,-1,-1,-1,-1,-1,-1,-1,-1,-1,51,300,1400,1410,1290,-1,-1,-1,-1,-1,10,1,0,1,0,1,0,1,0,1,13,10,12,16,12,9,7,10,0,3,3,1,1,1,0,0,0,0,0,255,255,255,255,255,255,255,0,0,0,0,255,255,255,255,0,0,0,0,0,0,7,2,-1,-1,-1,-1,-1,-1,0,0,0,0,0,0,3,1,0,0,3,0,0,0,0,0,0,0,0,0,1.05,0,0,0,0,255,255,255,255,255,255,255,255,255,255,255,255,65000000,-1,-1,-1,-1,-1,-1,-1,-1,-1,-1,-1,-1,-1,[0|0|0|0|0|0|0|0|0|0|0|0]
7301,,0,80800100,-1,-1,-1,-1,-1,5006000,5006100,5006200,5006300,50000000,52000000,51000000,53000000,-1,-1,-1,-1,60600000,60610000,-1,-1,-1,-1,-1,-1,-1,-1,-1,-1,-1,51,300,1400,1410,1290,-1,-1,-1,-1,-1,10,1,0,1,0,1,0,1,0,1,13,10,12,16,12,9,7,10,0,3,3,1,1,1,0,0,0,0,0,255,255,255,255,255,255,255,0,0,0,0,255,255,255,255,0,0,0,0,0,0,7,2,-1,-1,-1,-1,-1,-1,0,0,0,0,0,0,3,1,0,0,3,0,0,0,0,0,0,0,0,0,1.05,0,0,0,0,255,255,255,255,255,255,255,255,255,255,255,255,65000000,-1,-1,-1,-1,-1,-1,-1,-1,-1,-1,-1,-1,-1,[0|0|0|0|0|0|0|0|0|0|0|0]
7302,,0,80800200,-1,-1,-1,-1,-1,5006000,5006100,5006200,5006300,50000000,52000000,51000000,53000000,-1,-1,-1,-1,60600000,60610000,-1,-1,-1,-1,-1,-1,-1,-1,-1,-1,-1,51,300,1400,1410,1290,-1,-1,-1,-1,-1,10,1,0,1,0,1,0,1,0,1,13,10,12,16,12,9,7,10,0,3,3,1,1,1,0,0,0,0,0,255,255,255,255,255,255,255,0,0,0,0,255,255,255,255,0,0,0,0,0,0,7,2,-1,-1,-1,-1,-1,-1,0,0,0,0,0,0,3,1,0,0,3,0,0,0,0,0,0,0,0,0,1.05,0,0,0,0,255,255,255,255,255,255,255,255,255,255,255,255,65000000,-1,-1,-1,-1,-1,-1,-1,-1,-1,-1,-1,-1,-1,[0|0|0|0|0|0|0|0|0|0|0|0]
7303,,0,80800300,-1,-1,-1,-1,-1,5006000,5006100,5006200,5006300,50000000,52000000,51000000,53000000,-1,-1,-1,-1,60600000,60610000,-1,-1,-1,-1,-1,-1,-1,-1,-1,-1,-1,51,300,1400,1410,1290,-1,-1,-1,-1,-1,10,1,0,1,0,1,0,1,0,1,13,10,12,16,12,9,7,10,0,3,3,1,1,1,0,0,0,0,0,255,255,255,255,255,255,255,0,0,0,0,255,255,255,255,0,0,0,0,0,0,7,2,-1,-1,-1,-1,-1,-1,0,0,0,0,0,0,3,1,0,0,3,0,0,0,0,0,0,0,0,0,1.05,0,0,0,0,255,255,255,255,255,255,255,255,255,255,255,255,65000000,-1,-1,-1,-1,-1,-1,-1,-1,-1,-1,-1,-1,-1,[0|0|0|0|0|0|0|0|0|0|0|0]
7304,,0,80801000,-1,-1,-1,-1,-1,5006000,5006100,5006200,5006300,50000000,52000000,51000000,53000000,-1,-1,-1,-1,60600000,60610000,-1,-1,-1,-1,-1,-1,-1,-1,-1,-1,-1,51,300,1400,1410,1290,-1,-1,-1,-1,-1,10,1,0,1,0,1,0,1,0,1,13,10,12,16,12,9,7,10,0,3,3,1,1,1,0,0,0,0,0,255,255,255,255,255,255,255,0,0,0,0,255,255,255,255,0,0,0,0,0,0,7,2,-1,-1,-1,-1,-1,-1,0,0,0,0,0,0,3,1,0,0,3,0,0,0,0,0,0,0,0,0,1.05,0,0,0,0,255,255,255,255,255,255,255,255,255,255,255,255,65000000,-1,-1,-1,-1,-1,-1,-1,-1,-1,-1,-1,-1,-1,[0|0|0|0|0|0|0|0|0|0|0|0]
7305,,0,80801100,-1,-1,-1,-1,-1,5006000,5006100,5006200,5006300,50000000,52000000,51000000,53000000,-1,-1,-1,-1,60600000,60610000,-1,-1,-1,-1,-1,-1,-1,-1,-1,-1,-1,51,300,1400,1410,1290,-1,-1,-1,-1,-1,10,1,0,1,0,1,0,1,0,1,13,10,12,16,12,9,7,10,0,3,3,1,1,1,0,0,0,0,0,255,255,255,255,255,255,255,0,0,0,0,255,255,255,255,0,0,0,0,0,0,7,2,-1,-1,-1,-1,-1,-1,0,0,0,0,0,0,3,1,0,0,3,0,0,0,0,0,0,0,0,0,1.05,0,0,0,0,255,255,255,255,255,255,255,255,255,255,255,255,65000000,-1,-1,-1,-1,-1,-1,-1,-1,-1,-1,-1,-1,-1,[0|0|0|0|0|0|0|0|0|0|0|0]
7306,,0,80801200,-1,-1,-1,-1,-1,5006000,5006100,5006200,5006300,50000000,52000000,51000000,53000000,-1,-1,-1,-1,60600000,60610000,-1,-1,-1,-1,-1,-1,-1,-1,-1,-1,-1,51,300,1400,1410,1290,-1,-1,-1,-1,-1,10,1,0,1,0,1,0,1,0,1,13,10,12,16,12,9,7,10,0,3,3,1,1,1,0,0,0,0,0,255,255,255,255,255,255,255,0,0,0,0,255,255,255,255,0,0,0,0,0,0,7,2,-1,-1,-1,-1,-1,-1,0,0,0,0,0,0,3,1,0,0,3,0,0,0,0,0,0,0,0,0,1.05,0,0,0,0,255,255,255,255,255,255,255,255,255,255,255,255,65000000,-1,-1,-1,-1,-1,-1,-1,-1,-1,-1,-1,-1,-1,[0|0|0|0|0|0|0|0|0|0|0|0]
7307,,0,80801300,-1,-1,-1,-1,-1,5006000,5006100,5006200,5006300,50000000,52000000,51000000,53000000,-1,-1,-1,-1,60600000,60610000,-1,-1,-1,-1,-1,-1,-1,-1,-1,-1,-1,51,300,1400,1410,1290,-1,-1,-1,-1,-1,10,1,0,1,0,1,0,1,0,1,13,10,12,16,12,9,7,10,0,3,3,1,1,1,0,0,0,0,0,255,255,255,255,255,255,255,0,0,0,0,255,255,255,255,0,0,0,0,0,0,7,2,-1,-1,-1,-1,-1,-1,0,0,0,0,0,0,3,1,0,0,3,0,0,0,0,0,0,0,0,0,1.05,0,0,0,0,255,255,255,255,255,255,255,255,255,255,255,255,65000000,-1,-1,-1,-1,-1,-1,-1,-1,-1,-1,-1,-1,-1,[0|0|0|0|0|0|0|0|0|0|0|0]
7308,,0,80801400,-1,-1,-1,-1,-1,5006000,5006100,5006200,5006300,50000000,52000000,51000000,53000000,-1,-1,-1,-1,60600000,60610000,-1,-1,-1,-1,-1,-1,-1,-1,-1,-1,-1,51,300,1400,1410,1290,-1,-1,-1,-1,-1,10,1,0,1,0,1,0,1,0,1,13,10,12,16,12,9,7,10,0,3,3,1,1,1,0,0,0,0,0,255,255,255,255,255,255,255,0,0,0,0,255,255,255,255,0,0,0,0,0,0,7,2,-1,-1,-1,-1,-1,-1,0,0,0,0,0,0,3,1,0,0,3,0,0,0,0,0,0,0,0,0,1.05,0,0,0,0,255,255,255,255,255,255,255,255,255,255,255,255,65000000,-1,-1,-1,-1,-1,-1,-1,-1,-1,-1,-1,-1,-1,[0|0|0|0|0|0|0|0|0|0|0|0]
7309,,0,80801500,-1,-1,-1,-1,-1,5006000,5006100,5006200,5006300,50000000,52000000,51000000,53000000,-1,-1,-1,-1,60600000,60610000,-1,-1,-1,-1,-1,-1,-1,-1,-1,-1,-1,51,300,1400,1410,1290,-1,-1,-1,-1,-1,10,1,0,1,0,1,0,1,0,1,13,10,12,16,12,9,7,10,0,3,3,1,1,1,0,0,0,0,0,255,255,255,255,255,255,255,0,0,0,0,255,255,255,255,0,0,0,0,0,0,7,2,-1,-1,-1,-1,-1,-1,0,0,0,0,0,0,3,1,0,0,3,0,0,0,0,0,0,0,0,0,1.05,0,0,0,0,255,255,255,255,255,255,255,255,255,255,255,255,65000000,-1,-1,-1,-1,-1,-1,-1,-1,-1,-1,-1,-1,-1,[0|0|0|0|0|0|0|0|0|0|0|0]
7310,,0,80802000,-1,-1,-1,-1,-1,5006000,5006100,5006200,5006300,50000000,52000000,51000000,53000000,-1,-1,-1,-1,60600000,60610000,-1,-1,-1,-1,-1,-1,-1,-1,-1,-1,-1,51,300,1400,1410,1290,-1,-1,-1,-1,-1,10,1,0,1,0,1,0,1,0,1,13,10,12,16,12,9,7,10,0,3,3,1,1,1,0,0,0,0,0,255,255,255,255,255,255,255,0,0,0,0,255,255,255,255,0,0,0,0,0,0,7,2,-1,-1,-1,-1,-1,-1,0,0,0,0,0,0,3,1,0,0,3,0,0,0,0,0,0,0,0,0,1.05,0,0,0,0,255,255,255,255,255,255,255,255,255,255,255,255,65000000,-1,-1,-1,-1,-1,-1,-1,-1,-1,-1,-1,-1,-1,[0|0|0|0|0|0|0|0|0|0|0|0]
7311,,0,80802100,-1,-1,-1,-1,-1,5006000,5006100,5006200,5006300,50000000,52000000,51000000,53000000,-1,-1,-1,-1,60600000,60610000,-1,-1,-1,-1,-1,-1,-1,-1,-1,-1,-1,51,300,1400,1410,1290,-1,-1,-1,-1,-1,10,1,0,1,0,1,0,1,0,1,13,10,12,16,12,9,7,10,0,3,3,1,1,1,0,0,0,0,0,255,255,255,255,255,255,255,0,0,0,0,255,255,255,255,0,0,0,0,0,0,7,2,-1,-1,-1,-1,-1,-1,0,0,0,0,0,0,3,1,0,0,3,0,0,0,0,0,0,0,0,0,1.05,0,0,0,0,255,255,255,255,255,255,255,255,255,255,255,255,65000000,-1,-1,-1,-1,-1,-1,-1,-1,-1,-1,-1,-1,-1,[0|0|0|0|0|0|0|0|0|0|0|0]
7312,,0,80802200,-1,-1,-1,-1,-1,5006000,5006100,5006200,5006300,50000000,52000000,51000000,53000000,-1,-1,-1,-1,60600000,60610000,-1,-1,-1,-1,-1,-1,-1,-1,-1,-1,-1,51,300,1400,1410,1290,-1,-1,-1,-1,-1,10,1,0,1,0,1,0,1,0,1,13,10,12,16,12,9,7,10,0,3,3,1,1,1,0,0,0,0,0,255,255,255,255,255,255,255,0,0,0,0,255,255,255,255,0,0,0,0,0,0,7,2,-1,-1,-1,-1,-1,-1,0,0,0,0,0,0,3,1,0,0,3,0,0,0,0,0,0,0,0,0,1.05,0,0,0,0,255,255,255,255,255,255,255,255,255,255,255,255,65000000,-1,-1,-1,-1,-1,-1,-1,-1,-1,-1,-1,-1,-1,[0|0|0|0|0|0|0|0|0|0|0|0]
7313,,0,80802300,-1,-1,-1,-1,-1,5006000,5006100,5006200,5006300,50000000,52000000,51000000,53000000,-1,-1,-1,-1,60600000,60610000,-1,-1,-1,-1,-1,-1,-1,-1,-1,-1,-1,51,300,1400,1410,1290,-1,-1,-1,-1,-1,10,1,0,1,0,1,0,1,0,1,13,10,12,16,12,9,7,10,0,3,3,1,1,1,0,0,0,0,0,255,255,255,255,255,255,255,0,0,0,0,255,255,255,255,0,0,0,0,0,0,7,2,-1,-1,-1,-1,-1,-1,0,0,0,0,0,0,3,1,0,0,3,0,0,0,0,0,0,0,0,0,1.05,0,0,0,0,255,255,255,255,255,255,255,255,255,255,255,255,65000000,-1,-1,-1,-1,-1,-1,-1,-1,-1,-1,-1,-1,-1,[0|0|0|0|0|0|0|0|0|0|0|0]
7397,,0,-1,-1,-1,-1,-1,-1,-1,-1,-1,-1,-1,-1,-1,-1,-1,-1,-1,-1,-1,-1,-1,-1,-1,-1,-1,-1,-1,-1,-1,-1,-1,1001,1051,12,11500,-1,-1,-1,-1,-1,-1,0,0,0,0,0,0,0,0,0,0,0,0,0,0,0,0,0,0,0,2,1,1,1,0,0,0,0,0,0,255,255,255,255,255,255,255,0,0,0,0,255,255,255,255,0,0,0,0,0,0,0,0,-1,-1,-1,-1,-1,-1,0,0,0,0,0,0,255,255,0,0,255,0,0,0,0,0,0,0,0,0,1,0,0,0,0,255,255,255,255,255,255,255,255,255,255,255,255,65000000,-1,-1,-1,-1,-1,-1,-1,-1,-1,-1,-1,-1,-1,[0|0|0|0|0|0|0|0|0|0|0|0]
7398,,0,-1,-1,-1,-1,-1,-1,-1,-1,-1,-1,-1,-1,-1,-1,-1,-1,-1,-1,-1,-1,-1,-1,-1,-1,-1,-1,-1,-1,-1,-1,-1,1001,1051,12,11500,-1,-1,-1,-1,-1,-1,0,0,0,0,0,0,0,0,0,0,0,0,0,0,0,0,0,0,0,2,1,1,1,0,0,0,0,0,0,255,255,255,255,255,255,255,0,0,0,0,255,255,255,255,0,0,0,0,0,0,0,0,-1,-1,-1,-1,-1,-1,0,0,0,0,0,0,255,255,0,0,255,0,0,0,0,0,0,0,0,0,1,0,0,0,0,255,255,255,255,255,255,255,255,255,255,255,255,65000000,-1,-1,-1,-1,-1,-1,-1,-1,-1,-1,-1,-1,-1,[0|0|0|0|0|0|0|0|0|0|0|0]
7399,,0,-1,-1,-1,-1,-1,-1,-1,-1,-1,-1,-1,-1,-1,-1,-1,-1,-1,-1,-1,-1,-1,-1,-1,-1,-1,-1,-1,-1,-1,-1,-1,1001,1051,12,11500,-1,-1,-1,-1,-1,-1,0,0,0,0,0,0,0,0,0,0,0,0,0,0,0,0,0,0,0,2,1,1,1,0,0,0,0,0,0,255,255,255,255,255,255,255,0,0,0,0,255,255,255,255,0,0,0,0,0,0,0,0,-1,-1,-1,-1,-1,-1,0,0,0,0,0,0,255,255,0,0,255,0,0,0,0,0,0,0,0,0,1,0,0,0,0,255,255,255,255,255,255,255,255,255,255,255,255,65000000,-1,-1,-1,-1,-1,-1,-1,-1,-1,-1,-1,-1,-1,[0|0|0|0|0|0|0|0|0|0|0|0]
7400,,9999999,10001,10002,31000000,10004,10003,10005,5000000,5000100,5000200,5000300,50000000,52000000,51000000,53000000,-1,-1,-1,-1,60000000,60010000,-1,11008,11018,-1,-1,-1,-1,-1,-1,-1,-1,1025,1075,250,-1,10040,1410,-1,-1,-1,-1,10,1,0,1,0,1,0,1,0,15,13,10,12,16,12,9,7,10,0,10,4,1,0,3,99,0,0,0,0,255,255,255,255,255,255,255,0,0,1,0,255,255,255,255,1,1,1,0,1,1,1,0,130,150,100,101,102,103,1,99,1,1,1,1,10,4,0,0,255,0,0,0,0,0,0,0,0,0,1,0,0,0,0,255,255,255,255,255,255,255,255,255,255,255,255,65000000,-1,-1,-1,-1,-1,-1,-1,-1,-1,-1,-1,-1,-1,[0|0|0|0|0|0|0|0|0|0|0|0]
7401,,9999999,10006,10007,31000000,10011,10010,10012,5000000,5000100,5000200,5000300,50000000,52000000,51000000,53000000,-1,-1,-1,-1,60000000,60010000,-1,11008,11018,-1,-1,-1,-1,-1,-1,-1,-1,1025,1075,250,-1,10040,1410,-1,-1,-1,-1,10,1,0,1,0,1,0,1,0,15,13,10,12,16,12,9,7,10,0,10,4,1,0,3,99,0,0,0,0,255,255,255,255,255,255,255,0,0,1,0,255,255,255,255,1,1,1,0,1,1,1,0,130,150,100,101,102,103,1,99,1,1,1,1,10,4,0,0,255,0,0,0,0,0,0,0,0,0,1,0,0,0,0,255,255,255,255,255,255,255,255,255,255,255,255,65000000,-1,-1,-1,-1,-1,-1,-1,-1,-1,-1,-1,-1,-1,[0|0|0|0|0|0|0|0|0|0|0|0]
7402,,9999999,10013,10014,31000000,-1,10022,-1,5000000,5000100,5000200,5000300,50000000,52000000,51000000,53000000,-1,-1,-1,-1,60000000,60010000,-1,11008,11018,-1,-1,-1,-1,-1,-1,-1,-1,1025,1075,250,-1,10040,1410,-1,-1,-1,-1,10,1,0,1,0,1,0,1,0,15,13,10,12,16,12,9,7,10,0,10,4,1,0,3,99,0,0,0,0,255,255,255,255,255,255,255,0,0,1,0,255,255,255,255,1,1,1,0,1,1,1,0,130,150,100,101,102,103,1,99,1,1,1,1,10,4,0,0,255,0,0,0,0,0,0,0,0,0,1,0,0,0,0,255,255,255,255,255,255,255,255,255,255,255,255,65000000,-1,-1,-1,-1,-1,-1,-1,-1,-1,-1,-1,-1,-1,[0|0|0|0|0|0|0|0|0|0|0|0]
7403,,9999999,10050,10051,31000000,10056,10052,10057,5000000,5000100,5000200,5000300,50000000,52000000,51000000,53000000,-1,-1,-1,-1,60000000,60010000,-1,11008,11018,-1,-1,-1,-1,-1,-1,-1,-1,1025,1075,250,-1,10040,1410,-1,-1,-1,-1,10,1,0,1,0,1,0,1,0,15,13,10,12,16,12,9,7,10,0,10,4,1,0,3,99,0,0,0,0,255,255,255,255,255,255,255,0,0,1,0,255,255,255,255,1,1,1,0,1,1,1,0,130,150,100,101,102,103,1,99,1,1,1,1,10,4,0,0,255,0,0,0,0,0,0,0,0,0,1,0,0,0,0,255,255,255,255,255,255,255,255,255,255,255,255,65000000,-1,-1,-1,-1,-1,-1,-1,-1,-1,-1,-1,-1,-1,[0|0|0|0|0|0|0|0|0|0|0|0]
7404,,9999999,10058,10059,31000000,10066,10065,10067,5000000,5000100,5000200,5000300,50000000,52000000,51000000,53000000,-1,-1,-1,-1,60000000,60010000,-1,11008,11018,-1,-1,-1,-1,-1,-1,-1,-1,1025,1075,250,-1,10040,1410,-1,-1,-1,-1,10,1,0,1,0,1,0,1,0,15,13,10,12,16,12,9,7,10,0,10,4,1,0,3,99,0,0,0,0,255,255,255,255,255,255,255,0,0,1,0,255,255,255,255,1,1,1,0,1,1,1,0,130,150,100,101,102,103,1,99,1,1,1,1,10,4,0,0,255,0,0,0,0,0,0,0,0,0,1,0,0,0,0,255,255,255,255,255,255,255,255,255,255,255,255,65000000,-1,-1,-1,-1,-1,-1,-1,-1,-1,-1,-1,-1,-1,[0|0|0|0|0|0|0|0|0|0|0|0]
7405,,9999999,10101,10102,31000000,10107,10106,10108,5000000,5000100,5000200,5000300,50000000,52000000,51000000,53000000,-1,-1,-1,-1,60000000,60010000,-1,11008,11018,-1,-1,-1,-1,-1,-1,-1,-1,1025,1075,250,-1,10040,1410,-1,-1,-1,-1,10,1,0,1,0,1,0,1,0,15,13,10,12,16,12,9,7,10,0,10,4,1,0,3,99,0,0,0,0,255,255,255,255,255,255,255,0,0,1,0,255,255,255,255,1,1,1,0,1,1,1,0,130,150,100,101,102,103,1,99,1,1,1,1,10,4,0,0,255,0,0,0,0,0,0,0,0,0,1,0,0,0,0,255,255,255,255,255,255,255,255,255,255,255,255,65000000,-1,-1,-1,-1,-1,-1,-1,-1,-1,-1,-1,-1,-1,[0|0|0|0|0|0|0|0|0|0|0|0]
7406,,9999999,10109,10115,31000000,10117,10116,-1,5000000,5000100,5000200,5000300,50000000,52000000,51000000,53000000,-1,-1,-1,-1,60000000,60010000,-1,11008,11018,-1,-1,-1,-1,-1,-1,-1,-1,1025,1075,250,-1,10040,1410,-1,-1,-1,-1,10,1,0,1,0,1,0,1,0,15,13,10,12,16,12,9,7,10,0,10,4,1,0,3,99,0,0,0,0,255,255,255,255,255,255,255,0,0,1,0,255,255,255,255,1,1,1,0,1,1,1,0,130,150,100,101,102,103,1,99,1,1,1,1,10,4,0,0,255,0,0,0,0,0,0,0,0,0,1,0,0,0,0,255,255,255,255,255,255,255,255,255,255,255,255,65000000,-1,-1,-1,-1,-1,-1,-1,-1,-1,-1,-1,-1,-1,[0|0|0|0|0|0|0|0|0|0|0|0]
7407,,9999999,10150,10151,31000000,10154,10152,10155,5000000,5000100,5000200,5000300,50000000,52000000,51000000,53000000,-1,-1,-1,-1,60000000,60010000,-1,11008,11018,-1,-1,-1,-1,-1,-1,-1,-1,1025,1075,250,-1,10040,1410,-1,-1,-1,-1,10,1,0,1,0,1,0,1,0,15,13,10,12,16,12,9,7,10,0,10,4,1,0,3,99,0,0,0,0,255,255,255,255,255,255,255,0,0,1,0,255,255,255,255,1,1,1,0,1,1,1,0,130,150,100,101,102,103,1,99,1,1,1,1,10,4,0,0,255,0,0,0,0,0,0,0,0,0,1,0,0,0,0,255,255,255,255,255,255,255,255,255,255,255,255,65000000,-1,-1,-1,-1,-1,-1,-1,-1,-1,-1,-1,-1,-1,[0|0|0|0|0|0|0|0|0|0|0|0]
7408,,9999999,10156,10157,31000000,10161,10160,10165,5000000,5000100,5000200,5000300,50000000,52000000,51000000,53000000,-1,-1,-1,-1,60000000,60010000,-1,11008,11018,-1,-1,-1,-1,-1,-1,-1,-1,1025,1075,250,-1,10040,1410,-1,-1,-1,-1,10,1,0,1,0,1,0,1,0,15,13,10,12,16,12,9,7,10,0,10,4,1,0,3,99,0,0,0,0,255,255,255,255,255,255,255,0,0,1,0,255,255,255,255,1,1,1,0,1,1,1,0,130,150,100,101,102,103,1,99,1,1,1,1,10,4,0,0,255,0,0,0,0,0,0,0,0,0,1,0,0,0,0,255,255,255,255,255,255,255,255,255,255,255,255,65000000,-1,-1,-1,-1,-1,-1,-1,-1,-1,-1,-1,-1,-1,[0|0|0|0|0|0|0|0|0|0|0|0]
7409,,9999999,10166,10167,31000000,-1,10168,-1,5000000,5000100,5000200,5000300,50000000,52000000,51000000,53000000,-1,-1,-1,-1,60000000,60010000,-1,11008,11018,-1,-1,-1,-1,-1,-1,-1,-1,1025,1075,250,-1,10040,1410,-1,-1,-1,-1,10,1,0,1,0,1,0,1,0,15,13,10,12,16,12,9,7,10,0,10,4,1,0,3,99,0,0,0,0,255,255,255,255,255,255,255,0,0,1,0,255,255,255,255,1,1,1,0,1,1,1,0,130,150,100,101,102,103,1,99,1,1,1,1,10,4,0,0,255,0,0,0,0,0,0,0,0,0,1,0,0,0,0,255,255,255,255,255,255,255,255,255,255,255,255,65000000,-1,-1,-1,-1,-1,-1,-1,-1,-1,-1,-1,-1,-1,[0|0|0|0|0|0|0|0|0|0|0|0]
7410,,9999999,10207,10209,31000000,10216,10215,10217,5000000,5000100,5000200,5000300,50000000,52000000,51000000,53000000,-1,-1,-1,-1,60000000,60010000,-1,11008,11018,-1,-1,-1,-1,-1,-1,-1,-1,1025,1075,250,-1,10040,1410,-1,-1,-1,-1,10,1,0,1,0,1,0,1,0,15,13,10,12,16,12,9,7,10,0,10,4,1,0,3,99,0,0,0,0,255,255,255,255,255,255,255,0,0,1,0,255,255,255,255,1,1,1,0,1,1,1,0,130,150,100,101,102,103,1,99,1,1,1,1,10,4,0,0,255,0,0,0,0,0,0,0,0,0,1,0,0,0,0,255,255,255,255,255,255,255,255,255,255,255,255,65000000,-1,-1,-1,-1,-1,-1,-1,-1,-1,-1,-1,-1,-1,[0|0|0|0|0|0|0|0|0|0|0|0]
7411,,9999999,10252,10253,31000000,10260,10255,10261,5000000,5000100,5000200,5000300,50000000,52000000,51000000,53000000,-1,-1,-1,-1,60000000,60010000,-1,11008,11018,-1,-1,-1,-1,-1,-1,-1,-1,1025,1075,250,-1,10040,1410,-1,-1,-1,-1,10,1,0,1,0,1,0,1,0,15,13,10,12,16,12,9,7,10,0,10,4,1,0,3,99,0,0,0,0,255,255,255,255,255,255,255,0,0,1,0,255,255,255,255,1,1,1,0,1,1,1,0,130,150,100,101,102,103,1,99,1,1,1,1,10,4,0,0,255,0,0,0,0,0,0,0,0,0,1,0,0,0,0,255,255,255,255,255,255,255,255,255,255,255,255,65000000,-1,-1,-1,-1,-1,-1,-1,-1,-1,-1,-1,-1,-1,[0|0|0|0|0|0|0|0|0|0|0|0]
7412,,9999999,10262,10263,31000000,10272,10264,-1,5000000,5000100,5000200,5000300,50000000,52000000,51000000,53000000,-1,-1,-1,-1,60000000,60010000,-1,11008,11018,-1,-1,-1,-1,-1,-1,-1,-1,1025,1075,250,-1,10040,1410,-1,-1,-1,-1,10,1,0,1,0,1,0,1,0,15,13,10,12,16,12,9,7,10,0,10,4,1,0,3,99,0,0,0,0,255,255,255,255,255,255,255,0,0,1,0,255,255,255,255,1,1,1,0,1,1,1,0,130,150,100,101,102,103,1,99,1,1,1,1,10,4,0,0,255,0,0,0,0,0,0,0,0,0,1,0,0,0,0,255,255,255,255,255,255,255,255,255,255,255,255,65000000,-1,-1,-1,-1,-1,-1,-1,-1,-1,-1,-1,-1,-1,[0|0|0|0|0|0|0|0|0|0|0|0]
7413,,9999999,10302,10303,31000000,10310,10305,10311,5000000,5000100,5000200,5000300,50000000,52000000,51000000,53000000,-1,-1,-1,-1,60000000,60010000,-1,11008,11018,-1,-1,-1,-1,-1,-1,-1,-1,1025,1075,250,-1,10040,1410,-1,-1,-1,-1,10,1,0,1,0,1,0,1,0,15,13,10,12,16,12,9,7,10,0,10,4,1,0,3,99,0,0,0,0,255,255,255,255,255,255,255,0,0,1,0,255,255,255,255,1,1,1,0,1,1,1,0,130,150,100,101,102,103,1,99,1,1,1,1,10,4,0,0,255,0,0,0,0,0,0,0,0,0,1,0,0,0,0,255,255,255,255,255,255,255,255,255,255,255,255,65000000,-1,-1,-1,-1,-1,-1,-1,-1,-1,-1,-1,-1,-1,[0|0|0|0|0|0|0|0|0|0|0|0]
7414,,9999999,10312,10313,31000000,10322,10314,-1,5000000,5000100,5000200,5000300,50000000,52000000,51000000,53000000,-1,-1,-1,-1,60000000,60010000,-1,11008,11018,-1,-1,-1,-1,-1,-1,-1,-1,1025,1075,250,-1,10040,1410,-1,-1,-1,-1,10,1,0,1,0,1,0,1,0,15,13,10,12,16,12,9,7,10,0,10,4,1,0,3,99,0,0,0,0,255,255,255,255,255,255,255,0,0,1,0,255,255,255,255,1,1,1,0,1,1,1,0,130,150,100,101,102,103,1,99,1,1,1,1,10,4,0,0,255,0,0,0,0,0,0,0,0,0,1,0,0,0,0,255,255,255,255,255,255,255,255,255,255,255,255,65000000,-1,-1,-1,-1,-1,-1,-1,-1,-1,-1,-1,-1,-1,[0|0|0|0|0|0|0|0|0|0|0|0]
7415,,9999999,10350,10351,31000000,10356,10352,10357,5000000,5000100,5000200,5000300,50000000,52000000,51000000,53000000,-1,-1,-1,-1,60000000,60010000,-1,11008,11018,-1,-1,-1,-1,-1,-1,-1,-1,1025,1075,250,-1,10040,1410,-1,-1,-1,-1,10,1,0,1,0,1,0,1,0,15,13,10,12,16,12,9,7,10,0,10,4,1,0,3,99,0,0,0,0,255,255,255,255,255,255,255,0,0,1,0,255,255,255,255,1,1,1,0,1,1,1,0,130,150,100,101,102,103,1,99,1,1,1,1,10,4,0,0,255,0,0,0,0,0,0,0,0,0,1,0,0,0,0,255,255,255,255,255,255,255,255,255,255,255,255,65000000,-1,-1,-1,-1,-1,-1,-1,-1,-1,-1,-1,-1,-1,[0|0|0|0|0|0|0|0|0|0|0|0]
7416,,9999999,10358,10359,31000000,10366,10365,10367,5000000,5000100,5000200,5000300,50000000,52000000,51000000,53000000,-1,-1,-1,-1,60000000,60010000,-1,11008,11018,-1,-1,-1,-1,-1,-1,-1,-1,1025,1075,250,-1,10040,1410,-1,-1,-1,-1,10,1,0,1,0,1,0,1,0,15,13,10,12,16,12,9,7,10,0,10,4,1,0,3,99,0,0,0,0,255,255,255,255,255,255,255,0,0,1,0,255,255,255,255,1,1,1,0,1,1,1,0,130,150,100,101,102,103,1,99,1,1,1,1,10,4,0,0,255,0,0,0,0,0,0,0,0,0,1,0,0,0,0,255,255,255,255,255,255,255,255,255,255,255,255,65000000,-1,-1,-1,-1,-1,-1,-1,-1,-1,-1,-1,-1,-1,[0|0|0|0|0|0|0|0|0|0|0|0]
7417,,9999999,10400,10401,31000000,10406,10402,10407,5000000,5000100,5000200,5000300,50000000,52000000,51000000,53000000,-1,-1,-1,-1,60000000,60010000,-1,11008,11018,-1,-1,-1,-1,-1,-1,-1,-1,1025,1075,250,-1,10040,1410,-1,-1,-1,-1,10,1,0,1,0,1,0,1,0,15,13,10,12,16,12,9,7,10,0,10,4,1,0,3,99,0,0,0,0,255,255,255,255,255,255,255,0,0,1,0,255,255,255,255,1,1,1,0,1,1,1,0,130,150,100,101,102,103,1,99,1,1,1,1,10,4,0,0,255,0,0,0,0,0,0,0,0,0,1,0,0,0,0,255,255,255,255,255,255,255,255,255,255,255,255,65000000,-1,-1,-1,-1,-1,-1,-1,-1,-1,-1,-1,-1,-1,[0|0|0|0|0|0|0|0|0|0|0|0]
7418,,9999999,10408,10409,31000000,10416,10415,10417,5000000,5000100,5000200,5000300,50000000,52000000,51000000,53000000,-1,-1,-1,-1,60000000,60010000,-1,11008,11018,-1,-1,-1,-1,-1,-1,-1,-1,1025,1075,250,-1,10040,1410,-1,-1,-1,-1,10,1,0,1,0,1,0,1,0,15,13,10,12,16,12,9,7,10,0,10,4,1,0,3,99,0,0,0,0,255,255,255,255,255,255,255,0,0,1,0,255,255,255,255,1,1,1,0,1,1,1,0,130,150,100,101,102,103,1,99,1,1,1,1,10,4,0,0,255,0,0,0,0,0,0,0,0,0,1,0,0,0,0,255,255,255,255,255,255,255,255,255,255,255,255,65000000,-1,-1,-1,-1,-1,-1,-1,-1,-1,-1,-1,-1,-1,[0|0|0|0|0|0|0|0|0|0|0|0]
7419,,9999999,10452,10454,31000000,10460,10455,10461,5000000,5000100,5000200,5000300,50000000,52000000,51000000,53000000,-1,-1,-1,-1,60000000,60010000,-1,11008,11018,-1,-1,-1,-1,-1,-1,-1,-1,1025,1075,250,-1,10040,1410,-1,-1,-1,-1,10,1,0,1,0,1,0,1,0,15,13,10,12,16,12,9,7,10,0,10,4,1,0,3,99,0,0,0,0,255,255,255,255,255,255,255,0,0,1,0,255,255,255,255,1,1,1,0,1,1,1,0,130,150,100,101,102,103,1,99,1,1,1,1,10,4,0,0,255,0,0,0,0,0,0,0,0,0,1,0,0,0,0,255,255,255,255,255,255,255,255,255,255,255,255,65000000,-1,-1,-1,-1,-1,-1,-1,-1,-1,-1,-1,-1,-1,[0|0|0|0|0|0|0|0|0|0|0|0]
7420,,9999999,10462,10463,31000000,10468,10464,-1,5000000,5000100,5000200,5000300,50000000,52000000,51000000,53000000,-1,-1,-1,-1,60000000,60010000,-1,11008,11018,-1,-1,-1,-1,-1,-1,-1,-1,1025,1075,250,-1,10040,1410,-1,-1,-1,-1,10,1,0,1,0,1,0,1,0,15,13,10,12,16,12,9,7,10,0,10,4,1,0,3,99,0,0,0,0,255,255,255,255,255,255,255,0,0,1,0,255,255,255,255,1,1,1,0,1,1,1,0,130,150,100,101,102,103,1,99,1,1,1,1,10,4,0,0,255,0,0,0,0,0,0,0,0,0,1,0,0,0,0,255,255,255,255,255,255,255,255,255,255,255,255,65000000,-1,-1,-1,-1,-1,-1,-1,-1,-1,-1,-1,-1,-1,[0|0|0|0|0|0|0|0|0|0|0|0]
7421,,9999999,10515,10517,31000000,-1,10518,-1,5000000,5000100,5000200,5000300,50000000,52000000,51000000,53000000,-1,-1,-1,-1,60000000,60010000,-1,11008,11018,-1,-1,-1,-1,-1,-1,-1,-1,1025,1075,250,-1,10040,1410,-1,-1,-1,-1,10,1,0,1,0,1,0,1,0,15,13,10,12,16,12,9,7,10,0,10,4,1,0,3,99,0,0,0,0,255,255,255,255,255,255,255,0,0,1,0,255,255,255,255,1,1,1,0,1,1,1,0,130,150,100,101,102,103,1,99,1,1,1,1,10,4,0,0,255,0,0,0,0,0,0,0,0,0,1,0,0,0,0,255,255,255,255,255,255,255,255,255,255,255,255,65000000,-1,-1,-1,-1,-1,-1,-1,-1,-1,-1,-1,-1,-1,[0|0|0|0|0|0|0|0|0|0|0|0]
7422,,9999999,10550,10551,31000000,10554,10552,10555,5000000,5000100,5000200,5000300,50000000,52000000,51000000,53000000,-1,-1,-1,-1,60000000,60010000,-1,11008,11018,-1,-1,-1,-1,-1,-1,-1,-1,1025,1075,250,-1,10040,1410,-1,-1,-1,-1,10,1,0,1,0,1,0,1,0,15,13,10,12,16,12,9,7,10,0,10,4,1,0,3,99,0,0,0,0,255,255,255,255,255,255,255,0,0,1,0,255,255,255,255,1,1,1,0,1,1,1,0,130,150,100,101,102,103,1,99,1,1,1,1,10,4,0,0,255,0,0,0,0,0,0,0,0,0,1,0,0,0,0,255,255,255,255,255,255,255,255,255,255,255,255,65000000,-1,-1,-1,-1,-1,-1,-1,-1,-1,-1,-1,-1,-1,[0|0|0|0|0|0|0|0|0|0|0|0]
7423,,9999999,10556,10557,31000000,10568,10567,-1,5000000,5000100,5000200,5000300,50000000,52000000,51000000,53000000,-1,-1,-1,-1,60000000,60010000,-1,11008,11018,-1,-1,-1,-1,-1,-1,-1,-1,1025,1075,250,-1,10040,1410,-1,-1,-1,-1,10,1,0,1,0,1,0,1,0,15,13,10,12,16,12,9,7,10,0,10,4,1,0,3,99,0,0,0,0,255,255,255,255,255,255,255,0,0,1,0,255,255,255,255,1,1,1,0,1,1,1,0,130,150,100,101,102,103,1,99,1,1,1,1,10,4,0,0,255,0,0,0,0,0,0,0,0,0,1,0,0,0,0,255,255,255,255,255,255,255,255,255,255,255,255,65000000,-1,-1,-1,-1,-1,-1,-1,-1,-1,-1,-1,-1,-1,[0|0|0|0|0|0|0|0|0|0|0|0]
7424,,9999999,10611,10613,31000000,-1,10622,-1,5000000,5000100,5000200,5000300,50000000,52000000,51000000,53000000,-1,-1,-1,-1,60000000,60010000,-1,11008,11018,-1,-1,-1,-1,-1,-1,-1,-1,1025,1075,250,-1,10040,1410,-1,-1,-1,-1,10,1,0,1,0,1,0,1,0,15,13,10,12,16,12,9,7,10,0,10,4,1,0,3,99,0,0,0,0,255,255,255,255,255,255,255,0,0,1,0,255,255,255,255,1,1,1,0,1,1,1,0,130,150,100,101,102,103,1,99,1,1,1,1,10,4,0,0,255,0,0,0,0,0,0,0,0,0,1,0,0,0,0,255,255,255,255,255,255,255,255,255,255,255,255,65000000,-1,-1,-1,-1,-1,-1,-1,-1,-1,-1,-1,-1,-1,[0|0|0|0|0|0|0|0|0|0|0|0]
7425,,9999999,10656,-1,31000000,-1,-1,-1,5000000,5000100,5000200,5000300,50000000,52000000,51000000,53000000,-1,-1,-1,-1,60000000,60010000,-1,11008,11018,-1,-1,-1,-1,-1,-1,-1,-1,1025,1075,250,-1,10040,1410,-1,-1,-1,-1,10,1,0,1,0,1,0,1,0,15,13,10,12,16,12,9,7,10,0,10,4,1,0,3,99,0,0,0,0,255,255,255,255,255,255,255,0,0,1,0,255,255,255,255,1,1,1,0,1,1,1,0,130,150,100,101,102,103,1,99,1,1,1,1,10,4,0,0,255,0,0,0,0,0,0,0,0,0,1,0,0,0,0,255,255,255,255,255,255,255,255,255,255,255,255,65000000,-1,-1,-1,-1,-1,-1,-1,-1,-1,-1,-1,-1,-1,[0|0|0|0|0|0|0|0|0|0|0|0]
7426,,9999999,10701,-1,31000000,-1,-1,-1,5000000,5000100,5000200,5000300,50000000,52000000,51000000,53000000,-1,-1,-1,-1,60000000,60010000,-1,11008,11018,-1,-1,-1,-1,-1,-1,-1,-1,1025,1075,250,-1,10040,1410,-1,-1,-1,-1,10,1,0,1,0,1,0,1,0,15,13,10,12,16,12,9,7,10,0,10,4,1,0,3,99,0,0,0,0,255,255,255,255,255,255,255,0,0,1,0,255,255,255,255,1,1,1,0,1,1,1,0,130,150,100,101,102,103,1,99,1,1,1,1,10,4,0,0,255,0,0,0,0,0,0,0,0,0,1,0,0,0,0,255,255,255,255,255,255,255,255,255,255,255,255,65000000,-1,-1,-1,-1,-1,-1,-1,-1,-1,-1,-1,-1,-1,[0|0|0|0|0|0|0|0|0|0|0|0]
7427,,9999999,10752,10753,31000000,10759,10757,10765,5000000,5000100,5000200,5000300,50000000,52000000,51000000,53000000,-1,-1,-1,-1,60000000,60010000,-1,11008,11018,-1,-1,-1,-1,-1,-1,-1,-1,1025,1075,250,-1,10040,1410,-1,-1,-1,-1,10,1,0,1,0,1,0,1,0,15,13,10,12,16,12,9,7,10,0,10,4,1,0,3,99,0,0,0,0,255,255,255,255,255,255,255,0,0,1,0,255,255,255,255,1,1,1,0,1,1,1,0,130,150,100,101,102,103,1,99,1,1,1,1,10,4,0,0,255,0,0,0,0,0,0,0,0,0,1,0,0,0,0,255,255,255,255,255,255,255,255,255,255,255,255,65000000,-1,-1,-1,-1,-1,-1,-1,-1,-1,-1,-1,-1,-1,[0|0|0|0|0|0|0|0|0|0|0|0]
7428,,9999999,10766,10767,31000000,-1,-1,-1,5000000,5000100,5000200,5000300,50000000,52000000,51000000,53000000,-1,-1,-1,-1,60000000,60010000,-1,11008,11018,-1,-1,-1,-1,-1,-1,-1,-1,1025,1075,250,-1,10040,1410,-1,-1,-1,-1,10,1,0,1,0,1,0,1,0,15,13,10,12,16,12,9,7,10,0,10,4,1,0,3,99,0,0,0,0,255,255,255,255,255,255,255,0,0,1,0,255,255,255,255,1,1,1,0,1,1,1,0,130,150,100,101,102,103,1,99,1,1,1,1,10,4,0,0,255,0,0,0,0,0,0,0,0,0,1,0,0,0,0,255,255,255,255,255,255,255,255,255,255,255,255,65000000,-1,-1,-1,-1,-1,-1,-1,-1,-1,-1,-1,-1,-1,[0|0|0|0|0|0|0|0|0|0|0|0]
7429,,9999999,10807,10815,31000000,10817,10816,10818,5000000,5000100,5000200,5000300,50000000,52000000,51000000,53000000,-1,-1,-1,-1,60000000,60010000,-1,11008,11018,-1,-1,-1,-1,-1,-1,-1,-1,1025,1075,250,-1,10040,1410,-1,-1,-1,-1,10,1,0,1,0,1,0,1,0,15,13,10,12,16,12,9,7,10,0,10,4,1,0,3,99,0,0,0,0,255,255,255,255,255,255,255,0,0,1,0,255,255,255,255,1,1,1,0,1,1,1,0,130,150,100,101,102,103,1,99,1,1,1,1,10,4,0,0,255,0,0,0,0,0,0,0,0,0,1,0,0,0,0,255,255,255,255,255,255,255,255,255,255,255,255,65000000,-1,-1,-1,-1,-1,-1,-1,-1,-1,-1,-1,-1,-1,[0|0|0|0|0|0|0|0|0|0|0|0]
7430,,9999999,10850,10851,31000000,10856,10854,10858,5000000,5000100,5000200,5000300,50000000,52000000,51000000,53000000,-1,-1,-1,-1,60000000,60010000,-1,11008,11018,-1,-1,-1,-1,-1,-1,-1,-1,1025,1075,250,-1,10040,1410,-1,-1,-1,-1,10,1,0,1,0,1,0,1,0,15,13,10,12,16,12,9,7,10,0,10,4,1,0,3,99,0,0,0,0,255,255,255,255,255,255,255,0,0,1,0,255,255,255,255,1,1,1,0,1,1,1,0,130,150,100,101,102,103,1,99,1,1,1,1,10,4,0,0,255,0,0,0,0,0,0,0,0,0,1,0,0,0,0,255,255,255,255,255,255,255,255,255,255,255,255,65000000,-1,-1,-1,-1,-1,-1,-1,-1,-1,-1,-1,-1,-1,[0|0|0|0|0|0|0|0|0|0|0|0]
7431,,9999999,10900,10901,31000000,10906,10904,10907,5000000,5000100,5000200,5000300,50000000,52000000,51000000,53000000,-1,-1,-1,-1,60000000,60010000,-1,11008,11018,-1,-1,-1,-1,-1,-1,-1,-1,1025,1075,250,-1,10040,1410,-1,-1,-1,-1,10,1,0,1,0,1,0,1,0,15,13,10,12,16,12,9,7,10,0,10,4,1,0,3,99,0,0,0,0,255,255,255,255,255,255,255,0,0,1,0,255,255,255,255,1,1,1,0,1,1,1,0,130,150,100,101,102,103,1,99,1,1,1,1,10,4,0,0,255,0,0,0,0,0,0,0,0,0,1,0,0,0,0,255,255,255,255,255,255,255,255,255,255,255,255,65000000,-1,-1,-1,-1,-1,-1,-1,-1,-1,-1,-1,-1,-1,[0|0|0|0|0|0|0|0|0|0|0|0]
7432,,9999999,10908,10910,31000000,10914,10912,10915,5000000,5000100,5000200,5000300,50000000,52000000,51000000,53000000,-1,-1,-1,-1,60000000,60010000,-1,11008,11018,-1,-1,-1,-1,-1,-1,-1,-1,1025,1075,250,-1,10040,1410,-1,-1,-1,-1,10,1,0,1,0,1,0,1,0,15,13,10,12,16,12,9,7,10,0,10,4,1,0,3,99,0,0,0,0,255,255,255,255,255,255,255,0,0,1,0,255,255,255,255,1,1,1,0,1,1,1,0,130,150,100,101,102,103,1,99,1,1,1,1,10,4,0,0,255,0,0,0,0,0,0,0,0,0,1,0,0,0,0,255,255,255,255,255,255,255,255,255,255,255,255,65000000,-1,-1,-1,-1,-1,-1,-1,-1,-1,-1,-1,-1,-1,[0|0|0|0|0|0|0|0|0|0|0|0]
7433,,9999999,10917,10918,31000000,-1,-1,-1,5000000,5000100,5000200,5000300,50000000,52000000,51000000,53000000,-1,-1,-1,-1,60000000,60010000,-1,11008,11018,-1,-1,-1,-1,-1,-1,-1,-1,1025,1075,250,-1,10040,1410,-1,-1,-1,-1,10,1,0,1,0,1,0,1,0,15,13,10,12,16,12,9,7,10,0,10,4,1,0,3,99,0,0,0,0,255,255,255,255,255,255,255,0,0,1,0,255,255,255,255,1,1,1,0,1,1,1,0,130,150,100,101,102,103,1,99,1,1,1,1,10,4,0,0,255,0,0,0,0,0,0,0,0,0,1,0,0,0,0,255,255,255,255,255,255,255,255,255,255,255,255,65000000,-1,-1,-1,-1,-1,-1,-1,-1,-1,-1,-1,-1,-1,[0|0|0|0|0|0|0|0|0|0|0|0]
7434,,9999999,10957,10959,31000000,10966,10965,10967,5000000,5000100,5000200,5000300,50000000,52000000,51000000,53000000,-1,-1,-1,-1,60000000,60010000,-1,11008,11018,-1,-1,-1,-1,-1,-1,-1,-1,1025,1075,250,-1,10040,1410,-1,-1,-1,-1,10,1,0,1,0,1,0,1,0,15,13,10,12,16,12,9,7,10,0,10,4,1,0,3,99,0,0,0,0,255,255,255,255,255,255,255,0,0,1,0,255,255,255,255,1,1,1,0,1,1,1,0,130,150,100,101,102,103,1,99,1,1,1,1,10,4,0,0,255,0,0,0,0,0,0,0,0,0,1,0,0,0,0,255,255,255,255,255,255,255,255,255,255,255,255,65000000,-1,-1,-1,-1,-1,-1,-1,-1,-1,-1,-1,-1,-1,[0|0|0|0|0|0|0|0|0|0|0|0]
7435,,9999999,11001,11002,31000000,11005,11004,11006,5000000,5000100,5000200,5000300,50000000,52000000,51000000,53000000,-1,-1,-1,-1,60000000,60010000,-1,11008,11018,-1,-1,-1,-1,-1,-1,-1,-1,1025,1075,250,-1,10040,1410,-1,-1,-1,-1,10,1,0,1,0,1,0,1,0,15,13,10,12,16,12,9,7,10,0,10,4,1,0,3,99,0,0,0,0,255,255,255,255,255,255,255,0,0,1,0,255,255,255,255,1,1,1,0,1,1,1,0,130,150,100,101,102,103,1,99,1,1,1,1,10,4,0,0,255,0,0,0,0,0,0,0,0,0,1,0,0,0,0,255,255,255,255,255,255,255,255,255,255,255,255,65000000,-1,-1,-1,-1,-1,-1,-1,-1,-1,-1,-1,-1,-1,[0|0|0|0|0|0|0|0|0|0|0|0]
7436,,9999999,11007,11010,31000000,11012,11011,11013,5000000,5000100,5000200,5000300,50000000,52000000,51000000,53000000,-1,-1,-1,-1,60000000,60010000,-1,11008,11018,-1,-1,-1,-1,-1,-1,-1,-1,1025,1075,250,-1,10040,1410,-1,-1,-1,-1,10,1,0,1,0,1,0,1,0,15,13,10,12,16,12,9,7,10,0,10,4,1,0,3,99,0,0,0,0,255,255,255,255,255,255,255,0,0,1,0,255,255,255,255,1,1,1,0,1,1,1,0,130,150,100,101,102,103,1,99,1,1,1,1,10,4,0,0,255,0,0,0,0,0,0,0,0,0,1,0,0,0,0,255,255,255,255,255,255,255,255,255,255,255,255,65000000,-1,-1,-1,-1,-1,-1,-1,-1,-1,-1,-1,-1,-1,[0|0|0|0|0|0|0|0|0|0|0|0]
7437,,9999999,11014,11015,31000000,11017,11016,11018,5000000,5000100,5000200,5000300,50000000,52000000,51000000,53000000,-1,-1,-1,-1,60000000,60010000,-1,11008,11018,-1,-1,-1,-1,-1,-1,-1,-1,1025,1075,250,-1,10040,1410,-1,-1,-1,-1,10,1,0,1,0,1,0,1,0,15,13,10,12,16,12,9,7,10,0,10,4,1,0,3,99,0,0,0,0,255,255,255,255,255,255,255,0,0,1,0,255,255,255,255,1,1,1,0,1,1,1,0,130,150,100,101,102,103,1,99,1,1,1,1,10,4,0,0,255,0,0,0,0,0,0,0,0,0,1,0,0,0,0,255,255,255,255,255,255,255,255,255,255,255,255,65000000,-1,-1,-1,-1,-1,-1,-1,-1,-1,-1,-1,-1,-1,[0|0|0|0|0|0|0|0|0|0|0|0]
7438,,9999999,11050,11051,31000000,11054,11052,11055,5000000,5000100,5000200,5000300,50000000,52000000,51000000,53000000,-1,-1,-1,-1,60000000,60010000,-1,11008,11018,-1,-1,-1,-1,-1,-1,-1,-1,1025,1075,250,-1,10040,1410,-1,-1,-1,-1,10,1,0,1,0,1,0,1,0,15,13,10,12,16,12,9,7,10,0,10,4,1,0,3,99,0,0,0,0,255,255,255,255,255,255,255,0,0,1,0,255,255,255,255,1,1,1,0,1,1,1,0,130,150,100,101,102,103,1,99,1,1,1,1,10,4,0,0,255,0,0,0,0,0,0,0,0,0,1,0,0,0,0,255,255,255,255,255,255,255,255,255,255,255,255,65000000,-1,-1,-1,-1,-1,-1,-1,-1,-1,-1,-1,-1,-1,[0|0|0|0|0|0|0|0|0|0|0|0]
7439,,9999999,11056,11057,31000000,11061,11060,11067,5000000,5000100,5000200,5000300,50000000,52000000,51000000,53000000,-1,-1,-1,-1,60000000,60010000,-1,11008,11018,-1,-1,-1,-1,-1,-1,-1,-1,1025,1075,250,-1,10040,1410,-1,-1,-1,-1,10,1,0,1,0,1,0,1,0,15,13,10,12,16,12,9,7,10,0,10,4,1,0,3,99,0,0,0,0,255,255,255,255,255,255,255,0,0,1,0,255,255,255,255,1,1,1,0,1,1,1,0,130,150,100,101,102,103,1,99,1,1,1,1,10,4,0,0,255,0,0,0,0,0,0,0,0,0,1,0,0,0,0,255,255,255,255,255,255,255,255,255,255,255,255,65000000,-1,-1,-1,-1,-1,-1,-1,-1,-1,-1,-1,-1,-1,[0|0|0|0|0|0|0|0|0|0|0|0]
7440,,9999999,11068,-1,31000000,-1,-1,-1,5000000,5000100,5000200,5000300,50000000,52000000,51000000,53000000,-1,-1,-1,-1,60000000,60010000,-1,11008,11018,-1,-1,-1,-1,-1,-1,-1,-1,1025,1075,250,-1,10040,1410,-1,-1,-1,-1,10,1,0,1,0,1,0,1,0,15,13,10,12,16,12,9,7,10,0,10,4,1,0,3,99,0,0,0,0,255,255,255,255,255,255,255,0,0,1,0,255,255,255,255,1,1,1,0,1,1,1,0,130,150,100,101,102,103,1,99,1,1,1,1,10,4,0,0,255,0,0,0,0,0,0,0,0,0,1,0,0,0,0,255,255,255,255,255,255,255,255,255,255,255,255,65000000,-1,-1,-1,-1,-1,-1,-1,-1,-1,-1,-1,-1,-1,[0|0|0|0|0|0|0|0|0|0|0|0]
7441,,9999999,11100,11101,31000000,11104,11102,11105,5000000,5000100,5000200,5000300,50000000,52000000,51000000,53000000,-1,-1,-1,-1,60000000,60010000,-1,11008,11018,-1,-1,-1,-1,-1,-1,-1,-1,1025,1075,250,-1,10040,1410,-1,-1,-1,-1,10,1,0,1,0,1,0,1,0,15,13,10,12,16,12,9,7,10,0,10,4,1,0,3,99,0,0,0,0,255,255,255,255,255,255,255,0,0,1,0,255,255,255,255,1,1,1,0,1,1,1,0,130,150,100,101,102,103,1,99,1,1,1,1,10,4,0,0,255,0,0,0,0,0,0,0,0,0,1,0,0,0,0,255,255,255,255,255,255,255,255,255,255,255,255,65000000,-1,-1,-1,-1,-1,-1,-1,-1,-1,-1,-1,-1,-1,[0|0|0|0|0|0|0|0|0|0|0|0]
7442,,9999999,11106,11107,31000000,11109,11108,11115,5000000,5000100,5000200,5000300,50000000,52000000,51000000,53000000,-1,-1,-1,-1,60000000,60010000,-1,11008,11018,-1,-1,-1,-1,-1,-1,-1,-1,1025,1075,250,-1,10040,1410,-1,-1,-1,-1,10,1,0,1,0,1,0,1,0,15,13,10,12,16,12,9,7,10,0,10,4,1,0,3,99,0,0,0,0,255,255,255,255,255,255,255,0,0,1,0,255,255,255,255,1,1,1,0,1,1,1,0,130,150,100,101,102,103,1,99,1,1,1,1,10,4,0,0,255,0,0,0,0,0,0,0,0,0,1,0,0,0,0,255,255,255,255,255,255,255,255,255,255,255,255,65000000,-1,-1,-1,-1,-1,-1,-1,-1,-1,-1,-1,-1,-1,[0|0|0|0|0|0|0|0|0|0|0|0]
7443,,9999999,11116,11117,31000000,-1,-1,-1,5000000,5000100,5000200,5000300,50000000,52000000,51000000,53000000,-1,-1,-1,-1,60000000,60010000,-1,11008,11018,-1,-1,-1,-1,-1,-1,-1,-1,1025,1075,250,-1,10040,1410,-1,-1,-1,-1,10,1,0,1,0,1,0,1,0,15,13,10,12,16,12,9,7,10,0,10,4,1,0,3,99,0,0,0,0,255,255,255,255,255,255,255,0,0,1,0,255,255,255,255,1,1,1,0,1,1,1,0,130,150,100,101,102,103,1,99,1,1,1,1,10,4,0,0,255,0,0,0,0,0,0,0,0,0,1,0,0,0,0,255,255,255,255,255,255,255,255,255,255,255,255,65000000,-1,-1,-1,-1,-1,-1,-1,-1,-1,-1,-1,-1,-1,[0|0|0|0|0|0|0|0|0|0|0|0]
7444,,9999999,11150,11151,31000000,11153,11152,11154,5000000,5000100,5000200,5000300,50000000,52000000,51000000,53000000,-1,-1,-1,-1,60000000,60010000,-1,11008,11018,-1,-1,-1,-1,-1,-1,-1,-1,1025,1075,250,-1,10040,1410,-1,-1,-1,-1,10,1,0,1,0,1,0,1,0,15,13,10,12,16,12,9,7,10,0,10,4,1,0,3,99,0,0,0,0,255,255,255,255,255,255,255,0,0,1,0,255,255,255,255,1,1,1,0,1,1,1,0,130,150,100,101,102,103,1,99,1,1,1,1,10,4,0,0,255,0,0,0,0,0,0,0,0,0,1,0,0,0,0,255,255,255,255,255,255,255,255,255,255,255,255,65000000,-1,-1,-1,-1,-1,-1,-1,-1,-1,-1,-1,-1,-1,[0|0|0|0|0|0|0|0|0|0|0|0]
7445,,9999999,11155,11156,31000000,11158,11157,11159,5000000,5000100,5000200,5000300,50000000,52000000,51000000,53000000,-1,-1,-1,-1,60000000,60010000,-1,11008,11018,-1,-1,-1,-1,-1,-1,-1,-1,1025,1075,250,-1,10040,1410,-1,-1,-1,-1,10,1,0,1,0,1,0,1,0,15,13,10,12,16,12,9,7,10,0,10,4,1,0,3,99,0,0,0,0,255,255,255,255,255,255,255,0,0,1,0,255,255,255,255,1,1,1,0,1,1,1,0,130,150,100,101,102,103,1,99,1,1,1,1,10,4,0,0,255,0,0,0,0,0,0,0,0,0,1,0,0,0,0,255,255,255,255,255,255,255,255,255,255,255,255,65000000,-1,-1,-1,-1,-1,-1,-1,-1,-1,-1,-1,-1,-1,[0|0|0|0|0|0|0|0|0|0|0|0]
7446,,9999999,11160,11161,31000000,11163,11162,11164,5000000,5000100,5000200,5000300,50000000,52000000,51000000,53000000,-1,-1,-1,-1,60000000,60010000,-1,11008,11018,-1,-1,-1,-1,-1,-1,-1,-1,1025,1075,250,-1,10040,1410,-1,-1,-1,-1,10,1,0,1,0,1,0,1,0,15,13,10,12,16,12,9,7,10,0,10,4,1,0,3,99,0,0,0,0,255,255,255,255,255,255,255,0,0,1,0,255,255,255,255,1,1,1,0,1,1,1,0,130,150,100,101,102,103,1,99,1,1,1,1,10,4,0,0,255,0,0,0,0,0,0,0,0,0,1,0,0,0,0,255,255,255,255,255,255,255,255,255,255,255,255,65000000,-1,-1,-1,-1,-1,-1,-1,-1,-1,-1,-1,-1,-1,[0|0|0|0|0|0|0|0|0|0|0|0]
7447,,9999999,11165,11166,31000000,11168,11167,11169,5000000,5000100,5000200,5000300,50000000,52000000,51000000,53000000,-1,-1,-1,-1,60000000,60010000,-1,11008,11018,-1,-1,-1,-1,-1,-1,-1,-1,1025,1075,250,-1,10040,1410,-1,-1,-1,-1,10,1,0,1,0,1,0,1,0,15,13,10,12,16,12,9,7,10,0,10,4,1,0,3,99,0,0,0,0,255,255,255,255,255,255,255,0,0,1,0,255,255,255,255,1,1,1,0,1,1,1,0,130,150,100,101,102,103,1,99,1,1,1,1,10,4,0,0,255,0,0,0,0,0,0,0,0,0,1,0,0,0,0,255,255,255,255,255,255,255,255,255,255,255,255,65000000,-1,-1,-1,-1,-1,-1,-1,-1,-1,-1,-1,-1,-1,[0|0|0|0|0|0|0|0|0|0|0|0]
7448,,9999999,11170,11172,31000000,-1,-1,-1,5000000,5000100,5000200,5000300,50000000,52000000,51000000,53000000,-1,-1,-1,-1,60000000,60010000,-1,11008,11018,-1,-1,-1,-1,-1,-1,-1,-1,1025,1075,250,-1,10040,1410,-1,-1,-1,-1,10,1,0,1,0,1,0,1,0,15,13,10,12,16,12,9,7,10,0,10,4,1,0,3,99,0,0,0,0,255,255,255,255,255,255,255,0,0,1,0,255,255,255,255,1,1,1,0,1,1,1,0,130,150,100,101,102,103,1,99,1,1,1,1,10,4,0,0,255,0,0,0,0,0,0,0,0,0,1,0,0,0,0,255,255,255,255,255,255,255,255,255,255,255,255,65000000,-1,-1,-1,-1,-1,-1,-1,-1,-1,-1,-1,-1,-1,[0|0|0|0|0|0|0|0|0|0|0|0]
7449,,9999999,11207,11215,31000000,11217,11216,-1,5000000,5000100,5000200,5000300,50000000,52000000,51000000,53000000,-1,-1,-1,-1,60000000,60010000,-1,11008,11018,-1,-1,-1,-1,-1,-1,-1,-1,1025,1075,250,-1,10040,1410,-1,-1,-1,-1,10,1,0,1,0,1,0,1,0,15,13,10,12,16,12,9,7,10,0,10,4,1,0,3,99,0,0,0,0,255,255,255,255,255,255,255,0,0,1,0,255,255,255,255,1,1,1,0,1,1,1,0,130,150,100,101,102,103,1,99,1,1,1,1,10,4,0,0,255,0,0,0,0,0,0,0,0,0,1,0,0,0,0,255,255,255,255,255,255,255,255,255,255,255,255,65000000,-1,-1,-1,-1,-1,-1,-1,-1,-1,-1,-1,-1,-1,[0|0|0|0|0|0|0|0|0|0|0|0]
7450,,9999999,11250,11251,31000000,11254,11252,11255,5000000,5000100,5000200,5000300,50000000,52000000,51000000,53000000,-1,-1,-1,-1,60000000,60010000,-1,11008,11018,-1,-1,-1,-1,-1,-1,-1,-1,1025,1075,250,-1,10040,1410,-1,-1,-1,-1,10,1,0,1,0,1,0,1,0,15,13,10,12,16,12,9,7,10,0,10,4,1,0,3,99,0,0,0,0,255,255,255,255,255,255,255,0,0,1,0,255,255,255,255,1,1,1,0,1,1,1,0,130,150,100,101,102,103,1,99,1,1,1,1,10,4,0,0,255,0,0,0,0,0,0,0,0,0,1,0,0,0,0,255,255,255,255,255,255,255,255,255,255,255,255,65000000,-1,-1,-1,-1,-1,-1,-1,-1,-1,-1,-1,-1,-1,[0|0|0|0|0|0|0|0|0|0|0|0]
7451,,9999999,11256,11257,31000000,11259,11258,11265,5000000,5000100,5000200,5000300,50000000,52000000,51000000,53000000,-1,-1,-1,-1,60000000,60010000,-1,11008,11018,-1,-1,-1,-1,-1,-1,-1,-1,1025,1075,250,-1,10040,1410,-1,-1,-1,-1,10,1,0,1,0,1,0,1,0,15,13,10,12,16,12,9,7,10,0,10,4,1,0,3,99,0,0,0,0,255,255,255,255,255,255,255,0,0,1,0,255,255,255,255,1,1,1,0,1,1,1,0,130,150,100,101,102,103,1,99,1,1,1,1,10,4,0,0,255,0,0,0,0,0,0,0,0,0,1,0,0,0,0,255,255,255,255,255,255,255,255,255,255,255,255,65000000,-1,-1,-1,-1,-1,-1,-1,-1,-1,-1,-1,-1,-1,[0|0|0|0|0|0|0|0|0|0|0|0]
7452,,9999999,11266,11267,31000000,-1,-1,-1,5000000,5000100,5000200,5000300,50000000,52000000,51000000,53000000,-1,-1,-1,-1,60000000,60010000,-1,11008,11018,-1,-1,-1,-1,-1,-1,-1,-1,1025,1075,250,-1,10040,1410,-1,-1,-1,-1,10,1,0,1,0,1,0,1,0,15,13,10,12,16,12,9,7,10,0,10,4,1,0,3,99,0,0,0,0,255,255,255,255,255,255,255,0,0,1,0,255,255,255,255,1,1,1,0,1,1,1,0,130,150,100,101,102,103,1,99,1,1,1,1,10,4,0,0,255,0,0,0,0,0,0,0,0,0,1,0,0,0,0,255,255,255,255,255,255,255,255,255,255,255,255,65000000,-1,-1,-1,-1,-1,-1,-1,-1,-1,-1,-1,-1,-1,[0|0|0|0|0|0|0|0|0|0|0|0]
7453,,9999999,11300,11301,31000000,11304,11302,11305,5000000,5000100,5000200,5000300,50000000,52000000,51000000,53000000,-1,-1,-1,-1,60000000,60010000,-1,11008,11018,-1,-1,-1,-1,-1,-1,-1,-1,1025,1075,250,-1,10040,1410,-1,-1,-1,-1,10,1,0,1,0,1,0,1,0,15,13,10,12,16,12,9,7,10,0,10,4,1,0,3,99,0,0,0,0,255,255,255,255,255,255,255,0,0,1,0,255,255,255,255,1,1,1,0,1,1,1,0,130,150,100,101,102,103,1,99,1,1,1,1,10,4,0,0,255,0,0,0,0,0,0,0,0,0,1,0,0,0,0,255,255,255,255,255,255,255,255,255,255,255,255,65000000,-1,-1,-1,-1,-1,-1,-1,-1,-1,-1,-1,-1,-1,[0|0|0|0|0|0|0|0|0|0|0|0]
7454,,9999999,11306,11307,31000000,11309,11308,-1,5000000,5000100,5000200,5000300,50000000,52000000,51000000,53000000,-1,-1,-1,-1,60000000,60010000,-1,11008,11018,-1,-1,-1,-1,-1,-1,-1,-1,1025,1075,250,-1,10040,1410,-1,-1,-1,-1,10,1,0,1,0,1,0,1,0,15,13,10,12,16,12,9,7,10,0,10,4,1,0,3,99,0,0,0,0,255,255,255,255,255,255,255,0,0,1,0,255,255,255,255,1,1,1,0,1,1,1,0,130,150,100,101,102,103,1,99,1,1,1,1,10,4,0,0,255,0,0,0,0,0,0,0,0,0,1,0,0,0,0,255,255,255,255,255,255,255,255,255,255,255,255,65000000,-1,-1,-1,-1,-1,-1,-1,-1,-1,-1,-1,-1,-1,[0|0|0|0|0|0|0|0|0|0|0|0]
7455,,9999999,11369,11370,31000000,-1,-1,-1,5000000,5000100,5000200,5000300,50000000,52000000,51000000,53000000,-1,-1,-1,-1,60000000,60010000,-1,11008,11018,-1,-1,-1,-1,-1,-1,-1,-1,1025,1075,250,-1,10040,1410,-1,-1,-1,-1,10,1,0,1,0,1,0,1,0,15,13,10,12,16,12,9,7,10,0,10,4,1,0,3,99,0,0,0,0,255,255,255,255,255,255,255,0,0,1,0,255,255,255,255,1,1,1,0,1,1,1,0,130,150,100,101,102,103,1,99,1,1,1,1,10,4,0,0,255,0,0,0,0,0,0,0,0,0,1,0,0,0,0,255,255,255,255,255,255,255,255,255,255,255,255,65000000,-1,-1,-1,-1,-1,-1,-1,-1,-1,-1,-1,-1,-1,[0|0|0|0|0|0|0|0|0|0|0|0]
7456,,9999999,11402,11403,31000000,11411,11405,11413,5000000,5000100,5000200,5000300,50000000,52000000,51000000,53000000,-1,-1,-1,-1,60000000,60010000,-1,11008,11018,-1,-1,-1,-1,-1,-1,-1,-1,1025,1075,250,-1,10040,1410,-1,-1,-1,-1,10,1,0,1,0,1,0,1,0,15,13,10,12,16,12,9,7,10,0,10,4,1,0,3,99,0,0,0,0,255,255,255,255,255,255,255,0,0,1,0,255,255,255,255,1,1,1,0,1,1,1,0,130,150,100,101,102,103,1,99,1,1,1,1,10,4,0,0,255,0,0,0,0,0,0,0,0,0,1,0,0,0,0,255,255,255,255,255,255,255,255,255,255,255,255,65000000,-1,-1,-1,-1,-1,-1,-1,-1,-1,-1,-1,-1,-1,[0|0|0|0|0|0|0|0|0|0|0|0]
7457,,9999999,11422,-1,31000000,-1,-1,-1,5000000,5000100,5000200,5000300,50000000,52000000,51000000,53000000,-1,-1,-1,-1,60000000,60010000,-1,11008,11018,-1,-1,-1,-1,-1,-1,-1,-1,1025,1075,250,-1,10040,1410,-1,-1,-1,-1,10,1,0,1,0,1,0,1,0,15,13,10,12,16,12,9,7,10,0,10,4,1,0,3,99,0,0,0,0,255,255,255,255,255,255,255,0,0,1,0,255,255,255,255,1,1,1,0,1,1,1,0,130,150,100,101,102,103,1,99,1,1,1,1,10,4,0,0,255,0,0,0,0,0,0,0,0,0,1,0,0,0,0,255,255,255,255,255,255,255,255,255,255,255,255,65000000,-1,-1,-1,-1,-1,-1,-1,-1,-1,-1,-1,-1,-1,[0|0|0|0|0|0|0|0|0|0|0|0]
7458,,9999999,11460,11461,31000000,11463,11462,11464,5000000,5000100,5000200,5000300,50000000,52000000,51000000,53000000,-1,-1,-1,-1,60000000,60010000,-1,11008,11018,-1,-1,-1,-1,-1,-1,-1,-1,1025,1075,250,-1,10040,1410,-1,-1,-1,-1,10,1,0,1,0,1,0,1,0,15,13,10,12,16,12,9,7,10,0,10,4,1,0,3,99,0,0,0,0,255,255,255,255,255,255,255,0,0,1,0,255,255,255,255,1,1,1,0,1,1,1,0,130,150,100,101,102,103,1,99,1,1,1,1,10,4,0,0,255,0,0,0,0,0,0,0,0,0,1,0,0,0,0,255,255,255,255,255,255,255,255,255,255,255,255,65000000,-1,-1,-1,-1,-1,-1,-1,-1,-1,-1,-1,-1,-1,[0|0|0|0|0|0|0|0|0|0|0|0]
7459,,9999999,11472,-1,31000000,-1,-1,-1,5000000,5000100,5000200,5000300,50000000,52000000,51000000,53000000,-1,-1,-1,-1,60000000,60010000,-1,11008,11018,-1,-1,-1,-1,-1,-1,-1,-1,1025,1075,250,-1,10040,1410,-1,-1,-1,-1,10,1,0,1,0,1,0,1,0,15,13,10,12,16,12,9,7,10,0,10,4,1,0,3,99,0,0,0,0,255,255,255,255,255,255,255,0,0,1,0,255,255,255,255,1,1,1,0,1,1,1,0,130,150,100,101,102,103,1,99,1,1,1,1,10,4,0,0,255,0,0,0,0,0,0,0,0,0,1,0,0,0,0,255,255,255,255,255,255,255,255,255,255,255,255,65000000,-1,-1,-1,-1,-1,-1,-1,-1,-1,-1,-1,-1,-1,[0|0|0|0|0|0|0|0|0|0|0|0]
7460,,9999999,11501,11502,31000000,11504,11503,11505,5000000,5000100,5000200,5000300,50000000,52000000,51000000,53000000,-1,-1,-1,-1,60000000,60010000,-1,11008,11018,-1,-1,-1,-1,-1,-1,-1,-1,1025,1075,250,-1,10040,1410,-1,-1,-1,-1,10,1,0,1,0,1,0,1,0,15,13,10,12,16,12,9,7,10,0,10,4,1,0,3,99,0,0,0,0,255,255,255,255,255,255,255,0,0,1,0,255,255,255,255,1,1,1,0,1,1,1,0,130,150,100,101,102,103,1,99,1,1,1,1,10,4,0,0,255,0,0,0,0,0,0,0,0,0,1,0,0,0,0,255,255,255,255,255,255,255,255,255,255,255,255,65000000,-1,-1,-1,-1,-1,-1,-1,-1,-1,-1,-1,-1,-1,[0|0|0|0|0|0|0|0|0|0|0|0]
7461,,9999999,11506,11507,31000000,11509,11508,11510,5000000,5000100,5000200,5000300,50000000,52000000,51000000,53000000,-1,-1,-1,-1,60000000,60010000,-1,11008,11018,-1,-1,-1,-1,-1,-1,-1,-1,1025,1075,250,-1,10040,1410,-1,-1,-1,-1,10,1,0,1,0,1,0,1,0,15,13,10,12,16,12,9,7,10,0,10,4,1,0,3,99,0,0,0,0,255,255,255,255,255,255,255,0,0,1,0,255,255,255,255,1,1,1,0,1,1,1,0,130,150,100,101,102,103,1,99,1,1,1,1,10,4,0,0,255,0,0,0,0,0,0,0,0,0,1,0,0,0,0,255,255,255,255,255,255,255,255,255,255,255,255,65000000,-1,-1,-1,-1,-1,-1,-1,-1,-1,-1,-1,-1,-1,[0|0|0|0|0|0|0|0|0|0|0|0]
7462,,9999999,11511,11512,31000000,11514,11513,11515,5000000,5000100,5000200,5000300,50000000,52000000,51000000,53000000,-1,-1,-1,-1,60000000,60010000,-1,11008,11018,-1,-1,-1,-1,-1,-1,-1,-1,1025,1075,250,-1,10040,1410,-1,-1,-1,-1,10,1,0,1,0,1,0,1,0,15,13,10,12,16,12,9,7,10,0,10,4,1,0,3,99,0,0,0,0,255,255,255,255,255,255,255,0,0,1,0,255,255,255,255,1,1,1,0,1,1,1,0,130,150,100,101,102,103,1,99,1,1,1,1,10,4,0,0,255,0,0,0,0,0,0,0,0,0,1,0,0,0,0,255,255,255,255,255,255,255,255,255,255,255,255,65000000,-1,-1,-1,-1,-1,-1,-1,-1,-1,-1,-1,-1,-1,[0|0|0|0|0|0|0|0|0|0|0|0]
7463,,9999999,11516,11517,31000000,11522,11518,-1,5000000,5000100,5000200,5000300,50000000,52000000,51000000,53000000,-1,-1,-1,-1,60000000,60010000,-1,11008,11018,-1,-1,-1,-1,-1,-1,-1,-1,1025,1075,250,-1,10040,1410,-1,-1,-1,-1,10,1,0,1,0,1,0,1,0,15,13,10,12,16,12,9,7,10,0,10,4,1,0,3,99,0,0,0,0,255,255,255,255,255,255,255,0,0,1,0,255,255,255,255,1,1,1,0,1,1,1,0,130,150,100,101,102,103,1,99,1,1,1,1,10,4,0,0,255,0,0,0,0,0,0,0,0,0,1,0,0,0,0,255,255,255,255,255,255,255,255,255,255,255,255,65000000,-1,-1,-1,-1,-1,-1,-1,-1,-1,-1,-1,-1,-1,[0|0|0|0|0|0|0|0|0|0|0|0]
7464,,9999999,11550,11551,31000000,11554,11552,11555,5000000,5000100,5000200,5000300,50000000,52000000,51000000,53000000,-1,-1,-1,-1,60000000,60010000,-1,11008,11018,-1,-1,-1,-1,-1,-1,-1,-1,1025,1075,250,-1,10040,1410,-1,-1,-1,-1,10,1,0,1,0,1,0,1,0,15,13,10,12,16,12,9,7,10,0,10,4,1,0,3,99,0,0,0,0,255,255,255,255,255,255,255,0,0,1,0,255,255,255,255,1,1,1,0,1,1,1,0,130,150,100,101,102,103,1,99,1,1,1,1,10,4,0,0,255,0,0,0,0,0,0,0,0,0,1,0,0,0,0,255,255,255,255,255,255,255,255,255,255,255,255,65000000,-1,-1,-1,-1,-1,-1,-1,-1,-1,-1,-1,-1,-1,[0|0|0|0|0|0|0|0|0|0|0|0]
7465,,9999999,11556,11558,31000000,-1,-1,-1,5000000,5000100,5000200,5000300,50000000,52000000,51000000,53000000,-1,-1,-1,-1,60000000,60010000,-1,11008,11018,-1,-1,-1,-1,-1,-1,-1,-1,1025,1075,250,-1,10040,1410,-1,-1,-1,-1,10,1,0,1,0,1,0,1,0,15,13,10,12,16,12,9,7,10,0,10,4,1,0,3,99,0,0,0,0,255,255,255,255,255,255,255,0,0,1,0,255,255,255,255,1,1,1,0,1,1,1,0,130,150,100,101,102,103,1,99,1,1,1,1,10,4,0,0,255,0,0,0,0,0,0,0,0,0,1,0,0,0,0,255,255,255,255,255,255,255,255,255,255,255,255,65000000,-1,-1,-1,-1,-1,-1,-1,-1,-1,-1,-1,-1,-1,[0|0|0|0|0|0|0|0|0|0|0|0]
7466,,9999999,11603,11611,31000000,11616,11613,11622,5000000,5000100,5000200,5000300,50000000,52000000,51000000,53000000,-1,-1,-1,-1,60000000,60010000,-1,11008,11018,-1,-1,-1,-1,-1,-1,-1,-1,1025,1075,250,-1,10040,1410,-1,-1,-1,-1,10,1,0,1,0,1,0,1,0,15,13,10,12,16,12,9,7,10,0,10,4,1,0,3,99,0,0,0,0,255,255,255,255,255,255,255,0,0,1,0,255,255,255,255,1,1,1,0,1,1,1,0,130,150,100,101,102,103,1,99,1,1,1,1,10,4,0,0,255,0,0,0,0,0,0,0,0,0,1,0,0,0,0,255,255,255,255,255,255,255,255,255,255,255,255,65000000,-1,-1,-1,-1,-1,-1,-1,-1,-1,-1,-1,-1,-1,[0|0|0|0|0|0|0|0|0|0|0|0]
7467,,9999999,11653,11661,31000000,11666,11663,11672,5000000,5000100,5000200,5000300,50000000,52000000,51000000,53000000,-1,-1,-1,-1,60000000,60010000,-1,11008,11018,-1,-1,-1,-1,-1,-1,-1,-1,1025,1075,250,-1,10040,1410,-1,-1,-1,-1,10,1,0,1,0,1,0,1,0,15,13,10,12,16,12,9,7,10,0,10,4,1,0,3,99,0,0,0,0,255,255,255,255,255,255,255,0,0,1,0,255,255,255,255,1,1,1,0,1,1,1,0,130,150,100,101,102,103,1,99,1,1,1,1,10,4,0,0,255,0,0,0,0,0,0,0,0,0,1,0,0,0,0,255,255,255,255,255,255,255,255,255,255,255,255,65000000,-1,-1,-1,-1,-1,-1,-1,-1,-1,-1,-1,-1,-1,[0|0|0|0|0|0|0|0|0|0|0|0]
7468,,9999999,11700,11701,31000000,11703,11702,11704,5000000,5000100,5000200,5000300,50000000,52000000,51000000,53000000,-1,-1,-1,-1,60000000,60010000,-1,11008,11018,-1,-1,-1,-1,-1,-1,-1,-1,1025,1075,250,-1,10040,1410,-1,-1,-1,-1,10,1,0,1,0,1,0,1,0,15,13,10,12,16,12,9,7,10,0,10,4,1,0,3,99,0,0,0,0,255,255,255,255,255,255,255,0,0,1,0,255,255,255,255,1,1,1,0,1,1,1,0,130,150,100,101,102,103,1,99,1,1,1,1,10,4,0,0,255,0,0,0,0,0,0,0,0,0,1,0,0,0,0,255,255,255,255,255,255,255,255,255,255,255,255,65000000,-1,-1,-1,-1,-1,-1,-1,-1,-1,-1,-1,-1,-1,[0|0|0|0|0|0|0|0|0|0|0|0]
7469,,9999999,11705,11706,31000000,11708,11707,11709,5000000,5000100,5000200,5000300,50000000,52000000,51000000,53000000,-1,-1,-1,-1,60000000,60010000,-1,11008,11018,-1,-1,-1,-1,-1,-1,-1,-1,1025,1075,250,-1,10040,1410,-1,-1,-1,-1,10,1,0,1,0,1,0,1,0,15,13,10,12,16,12,9,7,10,0,10,4,1,0,3,99,0,0,0,0,255,255,255,255,255,255,255,0,0,1,0,255,255,255,255,1,1,1,0,1,1,1,0,130,150,100,101,102,103,1,99,1,1,1,1,10,4,0,0,255,0,0,0,0,0,0,0,0,0,1,0,0,0,0,255,255,255,255,255,255,255,255,255,255,255,255,65000000,-1,-1,-1,-1,-1,-1,-1,-1,-1,-1,-1,-1,-1,[0|0|0|0|0|0|0|0|0|0|0|0]
7470,,9999999,11710,11711,31000000,11713,11712,11714,5000000,5000100,5000200,5000300,50000000,52000000,51000000,53000000,-1,-1,-1,-1,60000000,60010000,-1,11008,11018,-1,-1,-1,-1,-1,-1,-1,-1,1025,1075,250,-1,10040,1410,-1,-1,-1,-1,10,1,0,1,0,1,0,1,0,15,13,10,12,16,12,9,7,10,0,10,4,1,0,3,99,0,0,0,0,255,255,255,255,255,255,255,0,0,1,0,255,255,255,255,1,1,1,0,1,1,1,0,130,150,100,101,102,103,1,99,1,1,1,1,10,4,0,0,255,0,0,0,0,0,0,0,0,0,1,0,0,0,0,255,255,255,255,255,255,255,255,255,255,255,255,65000000,-1,-1,-1,-1,-1,-1,-1,-1,-1,-1,-1,-1,-1,[0|0|0|0|0|0|0|0|0|0|0|0]
7471,,9999999,11715,11716,31000000,11718,11717,11719,5000000,5000100,5000200,5000300,50000000,52000000,51000000,53000000,-1,-1,-1,-1,60000000,60010000,-1,11008,11018,-1,-1,-1,-1,-1,-1,-1,-1,1025,1075,250,-1,10040,1410,-1,-1,-1,-1,10,1,0,1,0,1,0,1,0,15,13,10,12,16,12,9,7,10,0,10,4,1,0,3,99,0,0,0,0,255,255,255,255,255,255,255,0,0,1,0,255,255,255,255,1,1,1,0,1,1,1,0,130,150,100,101,102,103,1,99,1,1,1,1,10,4,0,0,255,0,0,0,0,0,0,0,0,0,1,0,0,0,0,255,255,255,255,255,255,255,255,255,255,255,255,65000000,-1,-1,-1,-1,-1,-1,-1,-1,-1,-1,-1,-1,-1,[0|0|0|0|0|0|0|0|0|0|0|0]
7472,,9999999,11720,11722,31000000,-1,-1,-1,5000000,5000100,5000200,5000300,50000000,52000000,51000000,53000000,-1,-1,-1,-1,60000000,60010000,-1,11008,11018,-1,-1,-1,-1,-1,-1,-1,-1,1025,1075,250,-1,10040,1410,-1,-1,-1,-1,10,1,0,1,0,1,0,1,0,15,13,10,12,16,12,9,7,10,0,10,4,1,0,3,99,0,0,0,0,255,255,255,255,255,255,255,0,0,1,0,255,255,255,255,1,1,1,0,1,1,1,0,130,150,100,101,102,103,1,99,1,1,1,1,10,4,0,0,255,0,0,0,0,0,0,0,0,0,1,0,0,0,0,255,255,255,255,255,255,255,255,255,255,255,255,65000000,-1,-1,-1,-1,-1,-1,-1,-1,-1,-1,-1,-1,-1,[0|0|0|0|0|0|0|0|0|0|0|0]
7473,,9999999,11750,11751,31000000,11753,11752,11754,5000000,5000100,5000200,5000300,50000000,52000000,51000000,53000000,-1,-1,-1,-1,60000000,60010000,-1,11008,11018,-1,-1,-1,-1,-1,-1,-1,-1,1025,1075,250,-1,10040,1410,-1,-1,-1,-1,10,1,0,1,0,1,0,1,0,15,13,10,12,16,12,9,7,10,0,10,4,1,0,3,99,0,0,0,0,255,255,255,255,255,255,255,0,0,1,0,255,255,255,255,1,1,1,0,1,1,1,0,130,150,100,101,102,103,1,99,1,1,1,1,10,4,0,0,255,0,0,0,0,0,0,0,0,0,1,0,0,0,0,255,255,255,255,255,255,255,255,255,255,255,255,65000000,-1,-1,-1,-1,-1,-1,-1,-1,-1,-1,-1,-1,-1,[0|0|0|0|0|0|0|0|0|0|0|0]
7474,,9999999,11755,11756,31000000,11758,11757,11759,5000000,5000100,5000200,5000300,50000000,52000000,51000000,53000000,-1,-1,-1,-1,60000000,60010000,-1,11008,11018,-1,-1,-1,-1,-1,-1,-1,-1,1025,1075,250,-1,10040,1410,-1,-1,-1,-1,10,1,0,1,0,1,0,1,0,15,13,10,12,16,12,9,7,10,0,10,4,1,0,3,99,0,0,0,0,255,255,255,255,255,255,255,0,0,1,0,255,255,255,255,1,1,1,0,1,1,1,0,130,150,100,101,102,103,1,99,1,1,1,1,10,4,0,0,255,0,0,0,0,0,0,0,0,0,1,0,0,0,0,255,255,255,255,255,255,255,255,255,255,255,255,65000000,-1,-1,-1,-1,-1,-1,-1,-1,-1,-1,-1,-1,-1,[0|0|0|0|0|0|0|0|0|0|0|0]
7475,,9999999,11760,11761,31000000,11763,11762,11764,5000000,5000100,5000200,5000300,50000000,52000000,51000000,53000000,-1,-1,-1,-1,60000000,60010000,-1,11008,11018,-1,-1,-1,-1,-1,-1,-1,-1,1025,1075,250,-1,10040,1410,-1,-1,-1,-1,10,1,0,1,0,1,0,1,0,15,13,10,12,16,12,9,7,10,0,10,4,1,0,3,99,0,0,0,0,255,255,255,255,255,255,255,0,0,1,0,255,255,255,255,1,1,1,0,1,1,1,0,130,150,100,101,102,103,1,99,1,1,1,1,10,4,0,0,255,0,0,0,0,0,0,0,0,0,1,0,0,0,0,255,255,255,255,255,255,255,255,255,255,255,255,65000000,-1,-1,-1,-1,-1,-1,-1,-1,-1,-1,-1,-1,-1,[0|0|0|0|0|0|0|0|0|0|0|0]
7476,,9999999,11765,11766,31000000,11768,11767,11769,5000000,5000100,5000200,5000300,50000000,52000000,51000000,53000000,-1,-1,-1,-1,60000000,60010000,-1,11008,11018,-1,-1,-1,-1,-1,-1,-1,-1,1025,1075,250,-1,10040,1410,-1,-1,-1,-1,10,1,0,1,0,1,0,1,0,15,13,10,12,16,12,9,7,10,0,10,4,1,0,3,99,0,0,0,0,255,255,255,255,255,255,255,0,0,1,0,255,255,255,255,1,1,1,0,1,1,1,0,130,150,100,101,102,103,1,99,1,1,1,1,10,4,0,0,255,0,0,0,0,0,0,0,0,0,1,0,0,0,0,255,255,255,255,255,255,255,255,255,255,255,255,65000000,-1,-1,-1,-1,-1,-1,-1,-1,-1,-1,-1,-1,-1,[0|0|0|0|0|0|0|0|0|0|0|0]
7477,,9999999,11770,11771,31000000,-1,11772,-1,5000000,5000100,5000200,5000300,50000000,52000000,51000000,53000000,-1,-1,-1,-1,60000000,60010000,-1,11008,11018,-1,-1,-1,-1,-1,-1,-1,-1,1025,1075,250,-1,10040,1410,-1,-1,-1,-1,10,1,0,1,0,1,0,1,0,15,13,10,12,16,12,9,7,10,0,10,4,1,0,3,99,0,0,0,0,255,255,255,255,255,255,255,0,0,1,0,255,255,255,255,1,1,1,0,1,1,1,0,130,150,100,101,102,103,1,99,1,1,1,1,10,4,0,0,255,0,0,0,0,0,0,0,0,0,1,0,0,0,0,255,255,255,255,255,255,255,255,255,255,255,255,65000000,-1,-1,-1,-1,-1,-1,-1,-1,-1,-1,-1,-1,-1,[0|0|0|0|0|0|0|0|0|0|0|0]
7478,,9999999,11800,11801,31000000,11803,11802,11804,5000000,5000100,5000200,5000300,50000000,52000000,51000000,53000000,-1,-1,-1,-1,60000000,60010000,-1,11008,11018,-1,-1,-1,-1,-1,-1,-1,-1,1025,1075,250,-1,10040,1410,-1,-1,-1,-1,10,1,0,1,0,1,0,1,0,15,13,10,12,16,12,9,7,10,0,10,4,1,0,3,99,0,0,0,0,255,255,255,255,255,255,255,0,0,1,0,255,255,255,255,1,1,1,0,1,1,1,0,130,150,100,101,102,103,1,99,1,1,1,1,10,4,0,0,255,0,0,0,0,0,0,0,0,0,1,0,0,0,0,255,255,255,255,255,255,255,255,255,255,255,255,65000000,-1,-1,-1,-1,-1,-1,-1,-1,-1,-1,-1,-1,-1,[0|0|0|0|0|0|0|0|0|0|0|0]
7479,,9999999,11805,11806,31000000,11808,11807,11809,5000000,5000100,5000200,5000300,50000000,52000000,51000000,53000000,-1,-1,-1,-1,60000000,60010000,-1,11008,11018,-1,-1,-1,-1,-1,-1,-1,-1,1025,1075,250,-1,10040,1410,-1,-1,-1,-1,10,1,0,1,0,1,0,1,0,15,13,10,12,16,12,9,7,10,0,10,4,1,0,3,99,0,0,0,0,255,255,255,255,255,255,255,0,0,1,0,255,255,255,255,1,1,1,0,1,1,1,0,130,150,100,101,102,103,1,99,1,1,1,1,10,4,0,0,255,0,0,0,0,0,0,0,0,0,1,0,0,0,0,255,255,255,255,255,255,255,255,255,255,255,255,65000000,-1,-1,-1,-1,-1,-1,-1,-1,-1,-1,-1,-1,-1,[0|0|0|0|0|0|0|0|0|0|0|0]
7480,,9999999,11810,11811,31000000,11813,11812,11814,5000000,5000100,5000200,5000300,50000000,52000000,51000000,53000000,-1,-1,-1,-1,60000000,60010000,-1,11008,11018,-1,-1,-1,-1,-1,-1,-1,-1,1025,1075,250,-1,10040,1410,-1,-1,-1,-1,10,1,0,1,0,1,0,1,0,15,13,10,12,16,12,9,7,10,0,10,4,1,0,3,99,0,0,0,0,255,255,255,255,255,255,255,0,0,1,0,255,255,255,255,1,1,1,0,1,1,1,0,130,150,100,101,102,103,1,99,1,1,1,1,10,4,0,0,255,0,0,0,0,0,0,0,0,0,1,0,0,0,0,255,255,255,255,255,255,255,255,255,255,255,255,65000000,-1,-1,-1,-1,-1,-1,-1,-1,-1,-1,-1,-1,-1,[0|0|0|0|0|0|0|0|0|0|0|0]
7481,,9999999,11822,-1,31000000,-1,-1,-1,5000000,5000100,5000200,5000300,50000000,52000000,51000000,53000000,-1,-1,-1,-1,60000000,60010000,-1,11008,11018,-1,-1,-1,-1,-1,-1,-1,-1,1025,1075,250,-1,10040,1410,-1,-1,-1,-1,10,1,0,1,0,1,0,1,0,15,13,10,12,16,12,9,7,10,0,10,4,1,0,3,99,0,0,0,0,255,255,255,255,255,255,255,0,0,1,0,255,255,255,255,1,1,1,0,1,1,1,0,130,150,100,101,102,103,1,99,1,1,1,1,10,4,0,0,255,0,0,0,0,0,0,0,0,0,1,0,0,0,0,255,255,255,255,255,255,255,255,255,255,255,255,65000000,-1,-1,-1,-1,-1,-1,-1,-1,-1,-1,-1,-1,-1,[0|0|0|0|0|0|0|0|0|0|0|0]
7482,,9999999,11850,11851,31000000,11854,11852,11855,5000000,5000100,5000200,5000300,50000000,52000000,51000000,53000000,-1,-1,-1,-1,60000000,60010000,-1,11008,11018,-1,-1,-1,-1,-1,-1,-1,-1,1025,1075,250,-1,10040,1410,-1,-1,-1,-1,10,1,0,1,0,1,0,1,0,15,13,10,12,16,12,9,7,10,0,10,4,1,0,3,99,0,0,0,0,255,255,255,255,255,255,255,0,0,1,0,255,255,255,255,1,1,1,0,1,1,1,0,130,150,100,101,102,103,1,99,1,1,1,1,10,4,0,0,255,0,0,0,0,0,0,0,0,0,1,0,0,0,0,255,255,255,255,255,255,255,255,255,255,255,255,65000000,-1,-1,-1,-1,-1,-1,-1,-1,-1,-1,-1,-1,-1,[0|0|0|0|0|0|0|0|0|0|0|0]
7483,,9999999,11856,11857,31000000,11859,11858,-1,5000000,5000100,5000200,5000300,50000000,52000000,51000000,53000000,-1,-1,-1,-1,60000000,60010000,-1,11008,11018,-1,-1,-1,-1,-1,-1,-1,-1,1025,1075,250,-1,10040,1410,-1,-1,-1,-1,10,1,0,1,0,1,0,1,0,15,13,10,12,16,12,9,7,10,0,10,4,1,0,3,99,0,0,0,0,255,255,255,255,255,255,255,0,0,1,0,255,255,255,255,1,1,1,0,1,1,1,0,130,150,100,101,102,103,1,99,1,1,1,1,10,4,0,0,255,0,0,0,0,0,0,0,0,0,1,0,0,0,0,255,255,255,255,255,255,255,255,255,255,255,255,65000000,-1,-1,-1,-1,-1,-1,-1,-1,-1,-1,-1,-1,-1,[0|0|0|0|0|0|0|0|0|0|0|0]
7484,,9999999,11900,11901,31000000,11904,11902,11905,5000000,5000100,5000200,5000300,50000000,52000000,51000000,53000000,-1,-1,-1,-1,60000000,60010000,-1,11008,11018,-1,-1,-1,-1,-1,-1,-1,-1,1025,1075,250,-1,10040,1410,-1,-1,-1,-1,10,1,0,1,0,1,0,1,0,15,13,10,12,16,12,9,7,10,0,10,4,1,0,3,99,0,0,0,0,255,255,255,255,255,255,255,0,0,1,0,255,255,255,255,1,1,1,0,1,1,1,0,130,150,100,101,102,103,1,99,1,1,1,1,10,4,0,0,255,0,0,0,0,0,0,0,0,0,1,0,0,0,0,255,255,255,255,255,255,255,255,255,255,255,255,65000000,-1,-1,-1,-1,-1,-1,-1,-1,-1,-1,-1,-1,-1,[0|0|0|0|0|0|0|0|0|0|0|0]
7485,,9999999,11906,11907,31000000,11909,11908,-1,5000000,5000100,5000200,5000300,50000000,52000000,51000000,53000000,-1,-1,-1,-1,60000000,60010000,-1,11008,11018,-1,-1,-1,-1,-1,-1,-1,-1,1025,1075,250,-1,10040,1410,-1,-1,-1,-1,10,1,0,1,0,1,0,1,0,15,13,10,12,16,12,9,7,10,0,10,4,1,0,3,99,0,0,0,0,255,255,255,255,255,255,255,0,0,1,0,255,255,255,255,1,1,1,0,1,1,1,0,130,150,100,101,102,103,1,99,1,1,1,1,10,4,0,0,255,0,0,0,0,0,0,0,0,0,1,0,0,0,0,255,255,255,255,255,255,255,255,255,255,255,255,65000000,-1,-1,-1,-1,-1,-1,-1,-1,-1,-1,-1,-1,-1,[0|0|0|0|0|0|0|0|0|0|0|0]
7486,,9999999,11950,11951,31000000,11953,11952,11954,5000000,5000100,5000200,5000300,50000000,52000000,51000000,53000000,-1,-1,-1,-1,60000000,60010000,-1,11008,11018,-1,-1,-1,-1,-1,-1,-1,-1,1025,1075,250,-1,10040,1410,-1,-1,-1,-1,10,1,0,1,0,1,0,1,0,15,13,10,12,16,12,9,7,10,0,10,4,1,0,3,99,0,0,0,0,255,255,255,255,255,255,255,0,0,1,0,255,255,255,255,1,1,1,0,1,1,1,0,130,150,100,101,102,103,1,99,1,1,1,1,10,4,0,0,255,0,0,0,0,0,0,0,0,0,1,0,0,0,0,255,255,255,255,255,255,255,255,255,255,255,255,65000000,-1,-1,-1,-1,-1,-1,-1,-1,-1,-1,-1,-1,-1,[0|0|0|0|0|0|0|0|0|0|0|0]
7487,,9999999,11955,11956,31000000,11958,11957,11959,5000000,5000100,5000200,5000300,50000000,52000000,51000000,53000000,-1,-1,-1,-1,60000000,60010000,-1,11008,11018,-1,-1,-1,-1,-1,-1,-1,-1,1025,1075,250,-1,10040,1410,-1,-1,-1,-1,10,1,0,1,0,1,0,1,0,15,13,10,12,16,12,9,7,10,0,10,4,1,0,3,99,0,0,0,0,255,255,255,255,255,255,255,0,0,1,0,255,255,255,255,1,1,1,0,1,1,1,0,130,150,100,101,102,103,1,99,1,1,1,1,10,4,0,0,255,0,0,0,0,0,0,0,0,0,1,0,0,0,0,255,255,255,255,255,255,255,255,255,255,255,255,65000000,-1,-1,-1,-1,-1,-1,-1,-1,-1,-1,-1,-1,-1,[0|0|0|0|0|0|0|0|0|0|0|0]
7488,,9999999,11960,11961,31000000,-1,-1,-1,5000000,5000100,5000200,5000300,50000000,52000000,51000000,53000000,-1,-1,-1,-1,60000000,60010000,-1,11008,11018,-1,-1,-1,-1,-1,-1,-1,-1,1025,1075,250,-1,10040,1410,-1,-1,-1,-1,10,1,0,1,0,1,0,1,0,15,13,10,12,16,12,9,7,10,0,10,4,1,0,3,99,0,0,0,0,255,255,255,255,255,255,255,0,0,1,0,255,255,255,255,1,1,1,0,1,1,1,0,130,150,100,101,102,103,1,99,1,1,1,1,10,4,0,0,255,0,0,0,0,0,0,0,0,0,1,0,0,0,0,255,255,255,255,255,255,255,255,255,255,255,255,65000000,-1,-1,-1,-1,-1,-1,-1,-1,-1,-1,-1,-1,-1,[0|0|0|0|0|0|0|0|0|0|0|0]
7489,,9999999,12007,12015,31000000,12017,12016,12018,5000000,5000100,5000200,5000300,50000000,52000000,51000000,53000000,-1,-1,-1,-1,60000000,60010000,-1,11008,11018,-1,-1,-1,-1,-1,-1,-1,-1,1025,1075,250,-1,10040,1410,-1,-1,-1,-1,10,1,0,1,0,1,0,1,0,15,13,10,12,16,12,9,7,10,0,10,4,1,0,3,99,0,0,0,0,255,255,255,255,255,255,255,0,0,1,0,255,255,255,255,1,1,1,0,1,1,1,0,130,150,100,101,102,103,1,99,1,1,1,1,10,4,0,0,255,0,0,0,0,0,0,0,0,0,1,0,0,0,0,255,255,255,255,255,255,255,255,255,255,255,255,65000000,-1,-1,-1,-1,-1,-1,-1,-1,-1,-1,-1,-1,-1,[0|0|0|0|0|0|0|0|0|0|0|0]
7490,,9999999,12065,12067,31000000,-1,12068,-1,5000000,5000100,5000200,5000300,50000000,52000000,51000000,53000000,-1,-1,-1,-1,60000000,60010000,-1,11008,11018,-1,-1,-1,-1,-1,-1,-1,-1,1025,1075,250,-1,10040,1410,-1,-1,-1,-1,10,1,0,1,0,1,0,1,0,15,13,10,12,16,12,9,7,10,0,10,4,1,0,3,99,0,0,0,0,255,255,255,255,255,255,255,0,0,1,0,255,255,255,255,1,1,1,0,1,1,1,0,130,150,100,101,102,103,1,99,1,1,1,1,10,4,0,0,255,0,0,0,0,0,0,0,0,0,1,0,0,0,0,255,255,255,255,255,255,255,255,255,255,255,255,65000000,-1,-1,-1,-1,-1,-1,-1,-1,-1,-1,-1,-1,-1,[0|0|0|0|0|0|0|0|0|0|0|0]
7491,,9999999,12100,12101,31000000,12106,12104,12107,5000000,5000100,5000200,5000300,50000000,52000000,51000000,53000000,-1,-1,-1,-1,60000000,60010000,-1,11008,11018,-1,-1,-1,-1,-1,-1,-1,-1,1025,1075,250,-1,10040,1410,-1,-1,-1,-1,10,1,0,1,0,1,0,1,0,15,13,10,12,16,12,9,7,10,0,10,4,1,0,3,99,0,0,0,0,255,255,255,255,255,255,255,0,0,1,0,255,255,255,255,1,1,1,0,1,1,1,0,130,150,100,101,102,103,1,99,1,1,1,1,10,4,0,0,255,0,0,0,0,0,0,0,0,0,1,0,0,0,0,255,255,255,255,255,255,255,255,255,255,255,255,65000000,-1,-1,-1,-1,-1,-1,-1,-1,-1,-1,-1,-1,-1,[0|0|0|0|0|0|0|0|0|0|0|0]
7492,,9999999,12108,-1,31000000,-1,-1,-1,5000000,5000100,5000200,5000300,50000000,52000000,51000000,53000000,-1,-1,-1,-1,60000000,60010000,-1,11008,11018,-1,-1,-1,-1,-1,-1,-1,-1,1025,1075,250,-1,10040,1410,-1,-1,-1,-1,10,1,0,1,0,1,0,1,0,15,13,10,12,16,12,9,7,10,0,10,4,1,0,3,99,0,0,0,0,255,255,255,255,255,255,255,0,0,1,0,255,255,255,255,1,1,1,0,1,1,1,0,130,150,100,101,102,103,1,99,1,1,1,1,10,4,0,0,255,0,0,0,0,0,0,0,0,0,1,0,0,0,0,255,255,255,255,255,255,255,255,255,255,255,255,65000000,-1,-1,-1,-1,-1,-1,-1,-1,-1,-1,-1,-1,-1,[0|0|0|0|0|0|0|0|0|0|0|0]
7493,,9999999,12157,12165,31000000,12168,12167,-1,5000000,5000100,5000200,5000300,50000000,52000000,51000000,53000000,-1,-1,-1,-1,60000000,60010000,-1,11008,11018,-1,-1,-1,-1,-1,-1,-1,-1,1025,1075,250,-1,10040,1410,-1,-1,-1,-1,10,1,0,1,0,1,0,1,0,15,13,10,12,16,12,9,7,10,0,10,4,1,0,3,99,0,0,0,0,255,255,255,255,255,255,255,0,0,1,0,255,255,255,255,1,1,1,0,1,1,1,0,130,150,100,101,102,103,1,99,1,1,1,1,10,4,0,0,255,0,0,0,0,0,0,0,0,0,1,0,0,0,0,255,255,255,255,255,255,255,255,255,255,255,255,65000000,-1,-1,-1,-1,-1,-1,-1,-1,-1,-1,-1,-1,-1,[0|0|0|0|0|0|0|0|0|0|0|0]
7494,,9999999,12215,12216,31000000,-1,12217,-1,5000000,5000100,5000200,5000300,50000000,52000000,51000000,53000000,-1,-1,-1,-1,60000000,60010000,-1,11008,11018,-1,-1,-1,-1,-1,-1,-1,-1,1025,1075,250,-1,10040,1410,-1,-1,-1,-1,10,1,0,1,0,1,0,1,0,15,13,10,12,16,12,9,7,10,0,10,4,1,0,3,99,0,0,0,0,255,255,255,255,255,255,255,0,0,1,0,255,255,255,255,1,1,1,0,1,1,1,0,130,150,100,101,102,103,1,99,1,1,1,1,10,4,0,0,255,0,0,0,0,0,0,0,0,0,1,0,0,0,0,255,255,255,255,255,255,255,255,255,255,255,255,65000000,-1,-1,-1,-1,-1,-1,-1,-1,-1,-1,-1,-1,-1,[0|0|0|0|0|0|0|0|0|0|0|0]
7495,,9999999,12250,12251,31000000,12253,12252,12254,5000000,5000100,5000200,5000300,50000000,52000000,51000000,53000000,-1,-1,-1,-1,60000000,60010000,-1,11008,11018,-1,-1,-1,-1,-1,-1,-1,-1,1025,1075,250,-1,10040,1410,-1,-1,-1,-1,10,1,0,1,0,1,0,1,0,15,13,10,12,16,12,9,7,10,0,10,4,1,0,3,99,0,0,0,0,255,255,255,255,255,255,255,0,0,1,0,255,255,255,255,1,1,1,0,1,1,1,0,130,150,100,101,102,103,1,99,1,1,1,1,10,4,0,0,255,0,0,0,0,0,0,0,0,0,1,0,0,0,0,255,255,255,255,255,255,255,255,255,255,255,255,65000000,-1,-1,-1,-1,-1,-1,-1,-1,-1,-1,-1,-1,-1,[0|0|0|0|0|0|0|0|0|0|0|0]
7496,,9999999,12255,12256,31000000,12258,12257,12259,5000000,5000100,5000200,5000300,50000000,52000000,51000000,53000000,-1,-1,-1,-1,60000000,60010000,-1,11008,11018,-1,-1,-1,-1,-1,-1,-1,-1,1025,1075,250,-1,10040,1410,-1,-1,-1,-1,10,1,0,1,0,1,0,1,0,15,13,10,12,16,12,9,7,10,0,10,4,1,0,3,99,0,0,0,0,255,255,255,255,255,255,255,0,0,1,0,255,255,255,255,1,1,1,0,1,1,1,0,130,150,100,101,102,103,1,99,1,1,1,1,10,4,0,0,255,0,0,0,0,0,0,0,0,0,1,0,0,0,0,255,255,255,255,255,255,255,255,255,255,255,255,65000000,-1,-1,-1,-1,-1,-1,-1,-1,-1,-1,-1,-1,-1,[0|0|0|0|0|0|0|0|0|0|0|0]
7497,,9999999,12260,12261,31000000,12263,12262,12264,5000000,5000100,5000200,5000300,50000000,52000000,51000000,53000000,-1,-1,-1,-1,60000000,60010000,-1,11008,11018,-1,-1,-1,-1,-1,-1,-1,-1,1025,1075,250,-1,10040,1410,-1,-1,-1,-1,10,1,0,1,0,1,0,1,0,15,13,10,12,16,12,9,7,10,0,10,4,1,0,3,99,0,0,0,0,255,255,255,255,255,255,255,0,0,1,0,255,255,255,255,1,1,1,0,1,1,1,0,130,150,100,101,102,103,1,99,1,1,1,1,10,4,0,0,255,0,0,0,0,0,0,0,0,0,1,0,0,0,0,255,255,255,255,255,255,255,255,255,255,255,255,65000000,-1,-1,-1,-1,-1,-1,-1,-1,-1,-1,-1,-1,-1,[0|0|0|0|0|0|0|0|0|0|0|0]
7498,,9999999,12265,12266,31000000,12268,12267,12269,5000000,5000100,5000200,5000300,50000000,52000000,51000000,53000000,-1,-1,-1,-1,60000000,60010000,-1,11008,11018,-1,-1,-1,-1,-1,-1,-1,-1,1025,1075,250,-1,10040,1410,-1,-1,-1,-1,10,1,0,1,0,1,0,1,0,15,13,10,12,16,12,9,7,10,0,10,4,1,0,3,99,0,0,0,0,255,255,255,255,255,255,255,0,0,1,0,255,255,255,255,1,1,1,0,1,1,1,0,130,150,100,101,102,103,1,99,1,1,1,1,10,4,0,0,255,0,0,0,0,0,0,0,0,0,1,0,0,0,0,255,255,255,255,255,255,255,255,255,255,255,255,65000000,-1,-1,-1,-1,-1,-1,-1,-1,-1,-1,-1,-1,-1,[0|0|0|0|0|0|0|0|0|0|0|0]
7499,,9999999,12270,12272,31000000,-1,-1,-1,5000000,5000100,5000200,5000300,50000000,52000000,51000000,53000000,-1,-1,-1,-1,60000000,60010000,-1,11008,11018,-1,-1,-1,-1,-1,-1,-1,-1,1025,1075,250,-1,10040,1410,-1,-1,-1,-1,10,1,0,1,0,1,0,1,0,15,13,10,12,16,12,9,7,10,0,10,4,1,0,3,99,0,0,0,0,255,255,255,255,255,255,255,0,0,1,0,255,255,255,255,1,1,1,0,1,1,1,0,130,150,100,101,102,103,1,99,1,1,1,1,10,4,0,0,255,0,0,0,0,0,0,0,0,0,1,0,0,0,0,255,255,255,255,255,255,255,255,255,255,255,255,65000000,-1,-1,-1,-1,-1,-1,-1,-1,-1,-1,-1,-1,-1,[0|0|0|0|0|0|0|0|0|0|0|0]
7500,,9999999,12300,12301,31000000,12303,12302,12304,5000000,5000100,5000200,5000300,50000000,52000000,51000000,53000000,-1,-1,-1,-1,60000000,60010000,-1,11008,11018,-1,-1,-1,-1,-1,-1,-1,-1,1025,1075,250,-1,10040,1410,-1,-1,-1,-1,10,1,0,1,0,1,0,1,0,15,13,10,12,16,12,9,7,10,0,10,4,1,0,3,99,0,0,0,0,255,255,255,255,255,255,255,0,0,1,0,255,255,255,255,1,1,1,0,1,1,1,0,130,150,100,101,102,103,1,99,1,1,1,1,10,4,0,0,255,0,0,0,0,0,0,0,0,0,1,0,0,0,0,255,255,255,255,255,255,255,255,255,255,255,255,65000000,-1,-1,-1,-1,-1,-1,-1,-1,-1,-1,-1,-1,-1,[0|0|0|0|0|0|0|0|0|0|0|0]
7501,,9999999,12305,12306,31000000,12308,12307,12309,5000000,5000100,5000200,5000300,50000000,52000000,51000000,53000000,-1,-1,-1,-1,60000000,60010000,-1,11008,11018,-1,-1,-1,-1,-1,-1,-1,-1,1025,1075,250,-1,10040,1410,-1,-1,-1,-1,10,1,0,1,0,1,0,1,0,15,13,10,12,16,12,9,7,10,0,10,4,1,0,3,99,0,0,0,0,255,255,255,255,255,255,255,0,0,1,0,255,255,255,255,1,1,1,0,1,1,1,0,130,150,100,101,102,103,1,99,1,1,1,1,10,4,0,0,255,0,0,0,0,0,0,0,0,0,1,0,0,0,0,255,255,255,255,255,255,255,255,255,255,255,255,65000000,-1,-1,-1,-1,-1,-1,-1,-1,-1,-1,-1,-1,-1,[0|0|0|0|0|0|0|0|0|0|0|0]
7502,,9999999,12310,12311,31000000,12313,12312,12314,5000000,5000100,5000200,5000300,50000000,52000000,51000000,53000000,-1,-1,-1,-1,60000000,60010000,-1,11008,11018,-1,-1,-1,-1,-1,-1,-1,-1,1025,1075,250,-1,10040,1410,-1,-1,-1,-1,10,1,0,1,0,1,0,1,0,15,13,10,12,16,12,9,7,10,0,10,4,1,0,3,99,0,0,0,0,255,255,255,255,255,255,255,0,0,1,0,255,255,255,255,1,1,1,0,1,1,1,0,130,150,100,101,102,103,1,99,1,1,1,1,10,4,0,0,255,0,0,0,0,0,0,0,0,0,1,0,0,0,0,255,255,255,255,255,255,255,255,255,255,255,255,65000000,-1,-1,-1,-1,-1,-1,-1,-1,-1,-1,-1,-1,-1,[0|0|0|0|0|0|0|0|0|0|0|0]
7503,,9999999,12315,12316,31000000,12318,12317,12319,5000000,5000100,5000200,5000300,50000000,52000000,51000000,53000000,-1,-1,-1,-1,60000000,60010000,-1,11008,11018,-1,-1,-1,-1,-1,-1,-1,-1,1025,1075,250,-1,10040,1410,-1,-1,-1,-1,10,1,0,1,0,1,0,1,0,15,13,10,12,16,12,9,7,10,0,10,4,1,0,3,99,0,0,0,0,255,255,255,255,255,255,255,0,0,1,0,255,255,255,255,1,1,1,0,1,1,1,0,130,150,100,101,102,103,1,99,1,1,1,1,10,4,0,0,255,0,0,0,0,0,0,0,0,0,1,0,0,0,0,255,255,255,255,255,255,255,255,255,255,255,255,65000000,-1,-1,-1,-1,-1,-1,-1,-1,-1,-1,-1,-1,-1,[0|0|0|0|0|0|0|0|0|0|0|0]
7504,,9999999,12320,12322,31000000,-1,-1,-1,5000000,5000100,5000200,5000300,50000000,52000000,51000000,53000000,-1,-1,-1,-1,60000000,60010000,-1,11008,11018,-1,-1,-1,-1,-1,-1,-1,-1,1025,1075,250,-1,10040,1410,-1,-1,-1,-1,10,1,0,1,0,1,0,1,0,15,13,10,12,16,12,9,7,10,0,10,4,1,0,3,99,0,0,0,0,255,255,255,255,255,255,255,0,0,1,0,255,255,255,255,1,1,1,0,1,1,1,0,130,150,100,101,102,103,1,99,1,1,1,1,10,4,0,0,255,0,0,0,0,0,0,0,0,0,1,0,0,0,0,255,255,255,255,255,255,255,255,255,255,255,255,65000000,-1,-1,-1,-1,-1,-1,-1,-1,-1,-1,-1,-1,-1,[0|0|0|0|0|0|0|0|0|0|0|0]
7505,,9999999,10001,-1,12378,12379,-1,12380,5000000,5000100,5000200,5000300,50000000,52000000,51000000,53000000,-1,-1,-1,-1,60000000,60010000,-1,11008,11018,-1,-1,-1,-1,-1,-1,-1,-1,1025,1075,250,-1,10040,1410,-1,-1,-1,-1,10,1,0,1,0,1,0,1,0,15,13,10,12,16,12,9,7,10,0,10,4,1,0,3,99,0,0,0,0,255,255,255,255,255,255,255,0,0,1,0,255,255,255,255,1,1,1,1,1,1,1,0,130,150,100,101,102,103,1,99,1,1,1,1,10,4,0,0,255,0,0,0,0,0,0,0,0,0,1,0,0,0,0,255,255,255,255,255,255,255,255,255,255,255,255,65000000,-1,-1,-1,-1,-1,-1,-1,-1,-1,-1,-1,-1,-1,[0|0|0|0|0|0|0|0|0|0|0|0]
7506,,9999999,10001,-1,12428,12429,-1,12430,5000000,5000100,5000200,5000300,50000000,52000000,51000000,53000000,-1,-1,-1,-1,60000000,60010000,-1,11008,11018,-1,-1,-1,-1,-1,-1,-1,-1,1025,1075,250,-1,10040,1410,-1,-1,-1,-1,10,1,0,1,0,1,0,1,0,15,13,10,12,16,12,9,7,10,0,10,4,1,0,3,99,0,0,0,0,255,255,255,255,255,255,255,0,0,1,0,255,255,255,255,1,1,1,1,1,1,1,0,130,150,100,101,102,103,1,99,1,1,1,1,10,4,0,0,255,0,0,0,0,0,0,0,0,0,1,0,0,0,0,255,255,255,255,255,255,255,255,255,255,255,255,65000000,-1,-1,-1,-1,-1,-1,-1,-1,-1,-1,-1,-1,-1,[0|0|0|0|0|0|0|0|0|0|0|0]
7507,,9999999,12450,12454,12729,12469,12458,12470,5000000,5000100,5000200,5000300,50000000,52000000,51000000,53000000,-1,-1,-1,-1,60000000,60010000,-1,11008,11018,-1,-1,-1,-1,-1,-1,-1,-1,1025,1075,250,-1,10040,1410,-1,-1,-1,-1,10,1,0,1,0,1,0,1,0,15,13,10,12,16,12,9,7,10,0,10,4,1,0,3,99,0,0,0,0,255,255,255,255,255,255,255,0,0,1,0,255,255,255,255,1,1,1,1,1,1,1,0,130,150,100,101,102,103,1,99,1,1,1,1,10,4,0,0,255,0,0,0,0,0,0,0,0,0,1,0,0,0,0,255,255,255,255,255,255,255,255,255,255,255,255,65000000,-1,-1,-1,-1,-1,-1,-1,-1,-1,-1,-1,-1,-1,[0|0|0|0|0|0|0|0|0|0|0|0]
7508,,9999999,10001,-1,12478,12479,-1,-1,5000000,5000100,5000200,5000300,50000000,52000000,51000000,53000000,-1,-1,-1,-1,60000000,60010000,-1,11008,11018,-1,-1,-1,-1,-1,-1,-1,-1,1025,1075,250,-1,10040,1410,-1,-1,-1,-1,10,1,0,1,0,1,0,1,0,15,13,10,12,16,12,9,7,10,0,10,4,1,0,3,99,0,0,0,0,255,255,255,255,255,255,255,0,0,1,0,255,255,255,255,1,1,1,1,1,1,1,0,130,150,100,101,102,103,1,99,1,1,1,1,10,4,0,0,255,0,0,0,0,0,0,0,0,0,1,0,0,0,0,255,255,255,255,255,255,255,255,255,255,255,255,65000000,-1,-1,-1,-1,-1,-1,-1,-1,-1,-1,-1,-1,-1,[0|0|0|0|0|0|0|0|0|0|0|0]
7509,,9999999,10001,-1,320304,12429,-1,12430,5000000,5000100,5000200,5000300,50000000,52000000,51000000,53000000,-1,-1,-1,-1,60000000,60010000,-1,11008,11018,-1,-1,-1,-1,-1,-1,-1,-1,1025,1075,250,-1,10040,1410,-1,-1,-1,-1,10,1,0,1,0,1,0,1,0,15,13,10,12,16,12,9,7,10,0,10,4,1,0,3,99,0,0,0,0,255,255,255,255,255,255,255,0,0,1,0,255,255,255,255,1,1,1,1,1,1,1,0,130,150,100,101,102,103,1,99,1,1,1,1,10,4,0,0,255,0,0,0,0,0,0,0,0,0,1,0,0,0,0,255,255,255,255,255,255,255,255,255,255,255,255,65000000,-1,-1,-1,-1,-1,-1,-1,-1,-1,-1,-1,-1,-1,[0|0|0|0|0|0|0|0|0|0|0|0]
7510,,9999999,10001,-1,12528,12529,-1,-1,5000000,5000100,5000200,5000300,50000000,52000000,51000000,53000000,-1,-1,-1,-1,60000000,60010000,-1,11008,11018,-1,-1,-1,-1,-1,-1,-1,-1,1025,1075,250,-1,10040,1410,-1,-1,-1,-1,10,1,0,1,0,1,0,1,0,15,13,10,12,16,12,9,7,10,0,10,4,1,0,3,99,0,0,0,0,255,255,255,255,255,255,255,0,0,1,0,255,255,255,255,1,1,1,1,1,1,1,0,130,150,100,101,102,103,1,99,1,1,1,1,10,4,0,0,255,0,0,0,0,0,0,0,0,0,1,0,0,0,0,255,255,255,255,255,255,255,255,255,255,255,255,65000000,-1,-1,-1,-1,-1,-1,-1,-1,-1,-1,-1,-1,-1,[0|0|0|0|0|0|0|0|0|0|0|0]
7511,,9999999,10001,-1,12578,12579,-1,-1,5000000,5000100,5000200,5000300,50000000,52000000,51000000,53000000,-1,-1,-1,-1,60000000,60010000,-1,11008,11018,-1,-1,-1,-1,-1,-1,-1,-1,1025,1075,250,-1,10040,1410,-1,-1,-1,-1,10,1,0,1,0,1,0,1,0,15,13,10,12,16,12,9,7,10,0,10,4,1,0,3,99,0,0,0,0,255,255,255,255,255,255,255,0,0,1,0,255,255,255,255,1,1,1,1,1,1,1,0,130,150,100,101,102,103,1,99,1,1,1,1,10,4,0,0,255,0,0,0,0,0,0,0,0,0,1,0,0,0,0,255,255,255,255,255,255,255,255,255,255,255,255,65000000,-1,-1,-1,-1,-1,-1,-1,-1,-1,-1,-1,-1,-1,[0|0|0|0|0|0|0|0|0|0|0|0]
7512,,9999999,10001,-1,12628,12629,-1,-1,5000000,5000100,5000200,5000300,50000000,52000000,51000000,53000000,-1,-1,-1,-1,60000000,60010000,-1,11008,11018,-1,-1,-1,-1,-1,-1,-1,-1,1025,1075,250,-1,10040,1410,-1,-1,-1,-1,10,1,0,1,0,1,0,1,0,15,13,10,12,16,12,9,7,10,0,10,4,1,0,3,99,0,0,0,0,255,255,255,255,255,255,255,0,0,1,0,255,255,255,255,1,1,1,1,1,1,1,0,130,150,100,101,102,103,1,99,1,1,1,1,10,4,0,0,255,0,0,0,0,0,0,0,0,0,1,0,0,0,0,255,255,255,255,255,255,255,255,255,255,255,255,65000000,-1,-1,-1,-1,-1,-1,-1,-1,-1,-1,-1,-1,-1,[0|0|0|0|0|0|0|0|0|0|0|0]
7513,,9999999,10001,-1,12678,12679,-1,12680,5000000,5000100,5000200,5000300,50000000,52000000,51000000,53000000,-1,-1,-1,-1,60000000,60010000,-1,11008,11018,-1,-1,-1,-1,-1,-1,-1,-1,1025,1075,250,-1,10040,1410,-1,-1,-1,-1,10,1,0,1,0,1,0,1,0,15,13,10,12,16,12,9,7,10,0,10,4,1,0,3,99,0,0,0,0,255,255,255,255,255,255,255,0,0,1,0,255,255,255,255,1,1,1,1,1,1,1,0,130,150,100,101,102,103,1,99,1,1,1,1,10,4,0,0,255,0,0,0,0,0,0,0,0,0,1,0,0,0,0,255,255,255,255,255,255,255,255,255,255,255,255,65000000,-1,-1,-1,-1,-1,-1,-1,-1,-1,-1,-1,-1,-1,[0|0|0|0|0|0|0|0|0|0|0|0]
7514,,9999999,10001,12731,12728,12729,-1,12730,5000000,5000100,5000200,5000300,50000000,52000000,51000000,53000000,-1,-1,-1,-1,60000000,60010000,-1,11008,11018,-1,-1,-1,-1,-1,-1,-1,-1,1025,1075,250,-1,10040,1410,-1,-1,-1,-1,10,1,0,1,0,1,0,1,0,15,13,10,12,16,12,9,7,10,0,10,4,1,0,3,99,0,0,0,0,255,255,255,255,255,255,255,0,0,1,0,255,255,255,255,1,1,1,1,1,1,1,0,130,150,100,101,102,103,1,99,1,1,1,1,10,4,0,0,255,0,0,0,0,0,0,0,0,0,1,0,0,0,0,255,255,255,255,255,255,255,255,255,255,255,255,65000000,-1,-1,-1,-1,-1,-1,-1,-1,-1,-1,-1,-1,-1,[0|0|0|0|0|0|0|0|0|0|0|0]
7515,,9999999,10001,-1,12778,12779,-1,-1,5000000,5000100,5000200,5000300,50000000,52000000,51000000,53000000,-1,-1,-1,-1,60000000,60010000,-1,11008,11018,-1,-1,-1,-1,-1,-1,-1,-1,1025,1075,250,-1,10040,1410,-1,-1,-1,-1,10,1,0,1,0,1,0,1,0,15,13,10,12,16,12,9,7,10,0,10,4,1,0,3,99,0,0,0,0,255,255,255,255,255,255,255,0,0,1,0,255,255,255,255,1,1,1,1,1,1,1,0,130,150,100,101,102,103,1,99,1,1,1,1,10,4,0,0,255,0,0,0,0,0,0,0,0,0,1,0,0,0,0,255,255,255,255,255,255,255,255,255,255,255,255,65000000,-1,-1,-1,-1,-1,-1,-1,-1,-1,-1,-1,-1,-1,[0|0|0|0|0|0|0|0|0|0|0|0]
7516,,9999999,12825,-1,31000000,-1,-1,-1,5000000,5000100,5000200,5000300,50000000,52000000,51000000,53000000,-1,-1,-1,-1,60000000,60010000,-1,11008,11018,-1,-1,-1,-1,-1,-1,-1,-1,1025,1075,250,-1,10040,1410,-1,-1,-1,-1,10,1,0,1,0,1,0,1,0,15,13,10,12,16,12,9,7,10,0,10,4,1,0,3,99,0,0,0,0,255,255,255,255,255,255,255,0,0,1,0,255,255,255,255,1,1,1,0,1,1,1,0,130,150,100,101,102,103,1,99,1,1,1,1,10,4,0,0,255,0,0,0,0,0,0,0,0,0,1,0,0,0,0,255,255,255,255,255,255,255,255,255,255,255,255,65000000,-1,-1,-1,-1,-1,-1,-1,-1,-1,-1,-1,-1,-1,[0|0|0|0|0|0|0|0|0|0|0|0]
7517,,9999999,12873,12874,31000000,-1,-1,-1,5000000,5000100,5000200,5000300,50000000,52000000,51000000,53000000,-1,-1,-1,-1,60000000,60010000,-1,11008,11018,-1,-1,-1,-1,-1,-1,-1,-1,1025,1075,250,-1,10040,1410,-1,-1,-1,-1,10,1,0,1,0,1,0,1,0,15,13,10,12,16,12,9,7,10,0,10,4,1,0,3,99,0,0,0,0,255,255,255,255,255,255,255,0,0,1,0,255,255,255,255,1,1,1,0,1,1,1,0,130,150,100,101,102,103,1,99,1,1,1,1,10,4,0,0,255,0,0,0,0,0,0,0,0,0,1,0,0,0,0,255,255,255,255,255,255,255,255,255,255,255,255,65000000,-1,-1,-1,-1,-1,-1,-1,-1,-1,-1,-1,-1,-1,[0|0|0|0|0|0|0|0|0|0|0|0]
7518,,9999999,12923,12924,31000000,-1,-1,-1,5000000,5000100,5000200,5000300,50000000,52000000,51000000,53000000,-1,-1,-1,-1,60000000,60010000,-1,11008,11018,-1,-1,-1,-1,-1,-1,-1,-1,1025,1075,250,-1,10040,1410,-1,-1,-1,-1,10,1,0,1,0,1,0,1,0,15,13,10,12,16,12,9,7,10,0,10,4,1,0,3,99,0,0,0,0,255,255,255,255,255,255,255,0,0,1,0,255,255,255,255,1,1,1,0,1,1,1,0,130,150,100,101,102,103,1,99,1,1,1,1,10,4,0,0,255,0,0,0,0,0,0,0,0,0,1,0,0,0,0,255,255,255,255,255,255,255,255,255,255,255,255,65000000,-1,-1,-1,-1,-1,-1,-1,-1,-1,-1,-1,-1,-1,[0|0|0|0|0|0|0|0|0|0|0|0]
7519,,9999999,12973,12974,31000000,-1,-1,-1,5000000,5000100,5000200,5000300,50000000,52000000,51000000,53000000,-1,-1,-1,-1,60000000,60010000,-1,11008,11018,-1,-1,-1,-1,-1,-1,-1,-1,1025,1075,250,-1,10040,1410,-1,-1,-1,-1,10,1,0,1,0,1,0,1,0,15,13,10,12,16,12,9,7,10,0,10,4,1,0,3,99,0,0,0,0,255,255,255,255,255,255,255,0,0,1,0,255,255,255,255,1,1,1,0,1,1,1,0,130,150,100,101,102,103,1,99,1,1,1,1,10,4,0,0,255,0,0,0,0,0,0,0,0,0,1,0,0,0,0,255,255,255,255,255,255,255,255,255,255,255,255,65000000,-1,-1,-1,-1,-1,-1,-1,-1,-1,-1,-1,-1,-1,[0|0|0|0|0|0|0|0|0|0|0|0]
7520,,9999999,13023,13024,31000000,-1,-1,-1,5000000,5000100,5000200,5000300,50000000,52000000,51000000,53000000,-1,-1,-1,-1,60000000,60010000,-1,11008,11018,-1,-1,-1,-1,-1,-1,-1,-1,1025,1075,250,-1,10040,1410,-1,-1,-1,-1,10,1,0,1,0,1,0,1,0,15,13,10,12,16,12,9,7,10,0,10,4,1,0,3,99,0,0,0,0,255,255,255,255,255,255,255,0,0,1,0,255,255,255,255,1,1,1,0,1,1,1,0,130,150,100,101,102,103,1,99,1,1,1,1,10,4,0,0,255,0,0,0,0,0,0,0,0,0,1,0,0,0,0,255,255,255,255,255,255,255,255,255,255,255,255,65000000,-1,-1,-1,-1,-1,-1,-1,-1,-1,-1,-1,-1,-1,[0|0|0|0|0|0|0|0|0|0|0|0]
7521,,9999999,13073,13074,31000000,-1,13075,-1,5000000,5000100,5000200,5000300,50000000,52000000,51000000,53000000,-1,-1,-1,-1,60000000,60010000,-1,11008,11018,-1,-1,-1,-1,-1,-1,-1,-1,1025,1075,250,-1,10040,1410,-1,-1,-1,-1,10,1,0,1,0,1,0,1,0,15,13,10,12,16,12,9,7,10,0,10,4,1,0,3,99,0,0,0,0,255,255,255,255,255,255,255,0,0,1,0,255,255,255,255,1,1,1,0,1,1,1,0,130,150,100,101,102,103,1,99,1,1,1,1,10,4,0,0,255,0,0,0,0,0,0,0,0,0,1,0,0,0,0,255,255,255,255,255,255,255,255,255,255,255,255,65000000,-1,-1,-1,-1,-1,-1,-1,-1,-1,-1,-1,-1,-1,[0|0|0|0|0|0|0|0|0|0|0|0]
7522,,9999999,13100,13101,31000000,13103,13102,13104,5000000,5000100,5000200,5000300,50000000,52000000,51000000,53000000,-1,-1,-1,-1,60000000,60010000,-1,11008,11018,-1,-1,-1,-1,-1,-1,-1,-1,1025,1075,250,-1,10040,1410,-1,-1,-1,-1,10,1,0,1,0,1,0,1,0,15,13,10,12,16,12,9,7,10,0,10,4,1,0,3,99,0,0,0,0,255,255,255,255,255,255,255,0,0,1,0,255,255,255,255,1,1,1,0,1,1,1,0,130,150,100,101,102,103,1,99,1,1,1,1,10,4,0,0,255,0,0,0,0,0,0,0,0,0,1,0,0,0,0,255,255,255,255,255,255,255,255,255,255,255,255,65000000,-1,-1,-1,-1,-1,-1,-1,-1,-1,-1,-1,-1,-1,[0|0|0|0|0|0|0|0|0|0|0|0]
7523,,9999999,13105,13106,31000000,13108,13107,13109,5000000,5000100,5000200,5000300,50000000,52000000,51000000,53000000,-1,-1,-1,-1,60000000,60010000,-1,11008,11018,-1,-1,-1,-1,-1,-1,-1,-1,1025,1075,250,-1,10040,1410,-1,-1,-1,-1,10,1,0,1,0,1,0,1,0,15,13,10,12,16,12,9,7,10,0,10,4,1,0,3,99,0,0,0,0,255,255,255,255,255,255,255,0,0,1,0,255,255,255,255,1,1,1,0,1,1,1,0,130,150,100,101,102,103,1,99,1,1,1,1,10,4,0,0,255,0,0,0,0,0,0,0,0,0,1,0,0,0,0,255,255,255,255,255,255,255,255,255,255,255,255,65000000,-1,-1,-1,-1,-1,-1,-1,-1,-1,-1,-1,-1,-1,[0|0|0|0|0|0|0|0|0|0|0|0]
7524,,9999999,13110,13111,31000000,13113,13112,13114,5000000,5000100,5000200,5000300,50000000,52000000,51000000,53000000,-1,-1,-1,-1,60000000,60010000,-1,11008,11018,-1,-1,-1,-1,-1,-1,-1,-1,1025,1075,250,-1,10040,1410,-1,-1,-1,-1,10,1,0,1,0,1,0,1,0,15,13,10,12,16,12,9,7,10,0,10,4,1,0,3,99,0,0,0,0,255,255,255,255,255,255,255,0,0,1,0,255,255,255,255,1,1,1,0,1,1,1,0,130,150,100,101,102,103,1,99,1,1,1,1,10,4,0,0,255,0,0,0,0,0,0,0,0,0,1,0,0,0,0,255,255,255,255,255,255,255,255,255,255,255,255,65000000,-1,-1,-1,-1,-1,-1,-1,-1,-1,-1,-1,-1,-1,[0|0|0|0|0|0|0|0|0|0|0|0]
7525,,9999999,13115,13116,31000000,13118,13117,13119,5000000,5000100,5000200,5000300,50000000,52000000,51000000,53000000,-1,-1,-1,-1,60000000,60010000,-1,11008,11018,-1,-1,-1,-1,-1,-1,-1,-1,1025,1075,250,-1,10040,1410,-1,-1,-1,-1,10,1,0,1,0,1,0,1,0,15,13,10,12,16,12,9,7,10,0,10,4,1,0,3,99,0,0,0,0,255,255,255,255,255,255,255,0,0,1,0,255,255,255,255,1,1,1,0,1,1,1,0,130,150,100,101,102,103,1,99,1,1,1,1,10,4,0,0,255,0,0,0,0,0,0,0,0,0,1,0,0,0,0,255,255,255,255,255,255,255,255,255,255,255,255,65000000,-1,-1,-1,-1,-1,-1,-1,-1,-1,-1,-1,-1,-1,[0|0|0|0|0|0|0|0|0|0|0|0]
7526,,9999999,13120,13121,31000000,-1,13122,-1,5000000,5000100,5000200,5000300,50000000,52000000,51000000,53000000,-1,-1,-1,-1,60000000,60010000,-1,11008,11018,-1,-1,-1,-1,-1,-1,-1,-1,1025,1075,250,-1,10040,1410,-1,-1,-1,-1,10,1,0,1,0,1,0,1,0,15,13,10,12,16,12,9,7,10,0,10,4,1,0,3,99,0,0,0,0,255,255,255,255,255,255,255,0,0,1,0,255,255,255,255,1,1,1,0,1,1,1,0,130,150,100,101,102,103,1,99,1,1,1,1,10,4,0,0,255,0,0,0,0,0,0,0,0,0,1,0,0,0,0,255,255,255,255,255,255,255,255,255,255,255,255,65000000,-1,-1,-1,-1,-1,-1,-1,-1,-1,-1,-1,-1,-1,[0|0|0|0|0|0|0|0|0|0|0|0]
7527,,9999999,13150,13151,31000000,13153,13152,13154,5000000,5000100,5000200,5000300,50000000,52000000,51000000,53000000,-1,-1,-1,-1,60000000,60010000,-1,11008,11018,-1,-1,-1,-1,-1,-1,-1,-1,1025,1075,250,-1,10040,1410,-1,-1,-1,-1,10,1,0,1,0,1,0,1,0,15,13,10,12,16,12,9,7,10,0,10,4,1,0,3,99,0,0,0,0,255,255,255,255,255,255,255,0,0,1,0,255,255,255,255,1,1,1,0,1,1,1,0,130,150,100,101,102,103,1,99,1,1,1,1,10,4,0,0,255,0,0,0,0,0,0,0,0,0,1,0,0,0,0,255,255,255,255,255,255,255,255,255,255,255,255,65000000,-1,-1,-1,-1,-1,-1,-1,-1,-1,-1,-1,-1,-1,[0|0|0|0|0|0|0|0|0|0|0|0]
7528,,9999999,13155,13156,31000000,13158,13157,13159,5000000,5000100,5000200,5000300,50000000,52000000,51000000,53000000,-1,-1,-1,-1,60000000,60010000,-1,11008,11018,-1,-1,-1,-1,-1,-1,-1,-1,1025,1075,250,-1,10040,1410,-1,-1,-1,-1,10,1,0,1,0,1,0,1,0,15,13,10,12,16,12,9,7,10,0,10,4,1,0,3,99,0,0,0,0,255,255,255,255,255,255,255,0,0,1,0,255,255,255,255,1,1,1,0,1,1,1,0,130,150,100,101,102,103,1,99,1,1,1,1,10,4,0,0,255,0,0,0,0,0,0,0,0,0,1,0,0,0,0,255,255,255,255,255,255,255,255,255,255,255,255,65000000,-1,-1,-1,-1,-1,-1,-1,-1,-1,-1,-1,-1,-1,[0|0|0|0|0|0|0|0|0|0|0|0]
7529,,9999999,13160,13161,31000000,13163,13162,13164,5000000,5000100,5000200,5000300,50000000,52000000,51000000,53000000,-1,-1,-1,-1,60000000,60010000,-1,11008,11018,-1,-1,-1,-1,-1,-1,-1,-1,1025,1075,250,-1,10040,1410,-1,-1,-1,-1,10,1,0,1,0,1,0,1,0,15,13,10,12,16,12,9,7,10,0,10,4,1,0,3,99,0,0,0,0,255,255,255,255,255,255,255,0,0,1,0,255,255,255,255,1,1,1,0,1,1,1,0,130,150,100,101,102,103,1,99,1,1,1,1,10,4,0,0,255,0,0,0,0,0,0,0,0,0,1,0,0,0,0,255,255,255,255,255,255,255,255,255,255,255,255,65000000,-1,-1,-1,-1,-1,-1,-1,-1,-1,-1,-1,-1,-1,[0|0|0|0|0|0|0|0|0|0|0|0]
7530,,9999999,13165,13166,31000000,13168,13167,13169,5000000,5000100,5000200,5000300,50000000,52000000,51000000,53000000,-1,-1,-1,-1,60000000,60010000,-1,11008,11018,-1,-1,-1,-1,-1,-1,-1,-1,1025,1075,250,-1,10040,1410,-1,-1,-1,-1,10,1,0,1,0,1,0,1,0,15,13,10,12,16,12,9,7,10,0,10,4,1,0,3,99,0,0,0,0,255,255,255,255,255,255,255,0,0,1,0,255,255,255,255,1,1,1,0,1,1,1,0,130,150,100,101,102,103,1,99,1,1,1,1,10,4,0,0,255,0,0,0,0,0,0,0,0,0,1,0,0,0,0,255,255,255,255,255,255,255,255,255,255,255,255,65000000,-1,-1,-1,-1,-1,-1,-1,-1,-1,-1,-1,-1,-1,[0|0|0|0|0|0|0|0|0|0|0|0]
7531,,9999999,13170,13171,31000000,-1,13172,-1,5000000,5000100,5000200,5000300,50000000,52000000,51000000,53000000,-1,-1,-1,-1,60000000,60010000,-1,11008,11018,-1,-1,-1,-1,-1,-1,-1,-1,1025,1075,250,-1,10040,1410,-1,-1,-1,-1,10,1,0,1,0,1,0,1,0,15,13,10,12,16,12,9,7,10,0,10,4,1,0,3,99,0,0,0,0,255,255,255,255,255,255,255,0,0,1,0,255,255,255,255,1,1,1,0,1,1,1,0,130,150,100,101,102,103,1,99,1,1,1,1,10,4,0,0,255,0,0,0,0,0,0,0,0,0,1,0,0,0,0,255,255,255,255,255,255,255,255,255,255,255,255,65000000,-1,-1,-1,-1,-1,-1,-1,-1,-1,-1,-1,-1,-1,[0|0|0|0|0|0|0|0|0|0|0|0]
7532,,9999999,13200,13201,31000000,13203,13202,13204,5000000,5000100,5000200,5000300,50000000,52000000,51000000,53000000,-1,-1,-1,-1,60000000,60010000,-1,11008,11018,-1,-1,-1,-1,-1,-1,-1,-1,1025,1075,250,-1,10040,1410,-1,-1,-1,-1,10,1,0,1,0,1,0,1,0,15,13,10,12,16,12,9,7,10,0,10,4,1,0,3,99,0,0,0,0,255,255,255,255,255,255,255,0,0,1,0,255,255,255,255,1,1,1,0,1,1,1,0,130,150,100,101,102,103,1,99,1,1,1,1,10,4,0,0,255,0,0,0,0,0,0,0,0,0,1,0,0,0,0,255,255,255,255,255,255,255,255,255,255,255,255,65000000,-1,-1,-1,-1,-1,-1,-1,-1,-1,-1,-1,-1,-1,[0|0|0|0|0|0|0|0|0|0|0|0]
7533,,9999999,13205,13206,31000000,13208,13207,13209,5000000,5000100,5000200,5000300,50000000,52000000,51000000,53000000,-1,-1,-1,-1,60000000,60010000,-1,11008,11018,-1,-1,-1,-1,-1,-1,-1,-1,1025,1075,250,-1,10040,1410,-1,-1,-1,-1,10,1,0,1,0,1,0,1,0,15,13,10,12,16,12,9,7,10,0,10,4,1,0,3,99,0,0,0,0,255,255,255,255,255,255,255,0,0,1,0,255,255,255,255,1,1,1,0,1,1,1,0,130,150,100,101,102,103,1,99,1,1,1,1,10,4,0,0,255,0,0,0,0,0,0,0,0,0,1,0,0,0,0,255,255,255,255,255,255,255,255,255,255,255,255,65000000,-1,-1,-1,-1,-1,-1,-1,-1,-1,-1,-1,-1,-1,[0|0|0|0|0|0|0|0|0|0|0|0]
7534,,9999999,13210,13211,31000000,13213,13212,13214,5000000,5000100,5000200,5000300,50000000,52000000,51000000,53000000,-1,-1,-1,-1,60000000,60010000,-1,11008,11018,-1,-1,-1,-1,-1,-1,-1,-1,1025,1075,250,-1,10040,1410,-1,-1,-1,-1,10,1,0,1,0,1,0,1,0,15,13,10,12,16,12,9,7,10,0,10,4,1,0,3,99,0,0,0,0,255,255,255,255,255,255,255,0,0,1,0,255,255,255,255,1,1,1,0,1,1,1,0,130,150,100,101,102,103,1,99,1,1,1,1,10,4,0,0,255,0,0,0,0,0,0,0,0,0,1,0,0,0,0,255,255,255,255,255,255,255,255,255,255,255,255,65000000,-1,-1,-1,-1,-1,-1,-1,-1,-1,-1,-1,-1,-1,[0|0|0|0|0|0|0|0|0|0|0|0]
7535,,9999999,13215,13216,31000000,13218,13217,13219,5000000,5000100,5000200,5000300,50000000,52000000,51000000,53000000,-1,-1,-1,-1,60000000,60010000,-1,11008,11018,-1,-1,-1,-1,-1,-1,-1,-1,1025,1075,250,-1,10040,1410,-1,-1,-1,-1,10,1,0,1,0,1,0,1,0,15,13,10,12,16,12,9,7,10,0,10,4,1,0,3,99,0,0,0,0,255,255,255,255,255,255,255,0,0,1,0,255,255,255,255,1,1,1,0,1,1,1,0,130,150,100,101,102,103,1,99,1,1,1,1,10,4,0,0,255,0,0,0,0,0,0,0,0,0,1,0,0,0,0,255,255,255,255,255,255,255,255,255,255,255,255,65000000,-1,-1,-1,-1,-1,-1,-1,-1,-1,-1,-1,-1,-1,[0|0|0|0|0|0|0|0|0|0|0|0]
7536,,9999999,13220,13221,31000000,-1,13222,-1,5000000,5000100,5000200,5000300,50000000,52000000,51000000,53000000,-1,-1,-1,-1,60000000,60010000,-1,11008,11018,-1,-1,-1,-1,-1,-1,-1,-1,1025,1075,250,-1,10040,1410,-1,-1,-1,-1,10,1,0,1,0,1,0,1,0,15,13,10,12,16,12,9,7,10,0,10,4,1,0,3,99,0,0,0,0,255,255,255,255,255,255,255,0,0,1,0,255,255,255,255,1,1,1,0,1,1,1,0,130,150,100,101,102,103,1,99,1,1,1,1,10,4,0,0,255,0,0,0,0,0,0,0,0,0,1,0,0,0,0,255,255,255,255,255,255,255,255,255,255,255,255,65000000,-1,-1,-1,-1,-1,-1,-1,-1,-1,-1,-1,-1,-1,[0|0|0|0|0|0|0|0|0|0|0|0]
7537,,9999999,13250,13251,31000000,13253,13252,13254,5000000,5000100,5000200,5000300,50000000,52000000,51000000,53000000,-1,-1,-1,-1,60000000,60010000,-1,11008,11018,-1,-1,-1,-1,-1,-1,-1,-1,1025,1075,250,-1,10040,1410,-1,-1,-1,-1,10,1,0,1,0,1,0,1,0,15,13,10,12,16,12,9,7,10,0,10,4,1,0,3,99,0,0,0,0,255,255,255,255,255,255,255,0,0,1,0,255,255,255,255,1,1,1,0,1,1,1,0,130,150,100,101,102,103,1,99,1,1,1,1,10,4,0,0,255,0,0,0,0,0,0,0,0,0,1,0,0,0,0,255,255,255,255,255,255,255,255,255,255,255,255,65000000,-1,-1,-1,-1,-1,-1,-1,-1,-1,-1,-1,-1,-1,[0|0|0|0|0|0|0|0|0|0|0|0]
7538,,9999999,13255,13256,31000000,13258,13257,13259,5000000,5000100,5000200,5000300,50000000,52000000,51000000,53000000,-1,-1,-1,-1,60000000,60010000,-1,11008,11018,-1,-1,-1,-1,-1,-1,-1,-1,1025,1075,250,-1,10040,1410,-1,-1,-1,-1,10,1,0,1,0,1,0,1,0,15,13,10,12,16,12,9,7,10,0,10,4,1,0,3,99,0,0,0,0,255,255,255,255,255,255,255,0,0,1,0,255,255,255,255,1,1,1,0,1,1,1,0,130,150,100,101,102,103,1,99,1,1,1,1,10,4,0,0,255,0,0,0,0,0,0,0,0,0,1,0,0,0,0,255,255,255,255,255,255,255,255,255,255,255,255,65000000,-1,-1,-1,-1,-1,-1,-1,-1,-1,-1,-1,-1,-1,[0|0|0|0|0|0|0|0|0|0|0|0]
7539,,9999999,13260,13261,31000000,13263,13262,13264,5000000,5000100,5000200,5000300,50000000,52000000,51000000,53000000,-1,-1,-1,-1,60000000,60010000,-1,11008,11018,-1,-1,-1,-1,-1,-1,-1,-1,1025,1075,250,-1,10040,1410,-1,-1,-1,-1,10,1,0,1,0,1,0,1,0,15,13,10,12,16,12,9,7,10,0,10,4,1,0,3,99,0,0,0,0,255,255,255,255,255,255,255,0,0,1,0,255,255,255,255,1,1,1,0,1,1,1,0,130,150,100,101,102,103,1,99,1,1,1,1,10,4,0,0,255,0,0,0,0,0,0,0,0,0,1,0,0,0,0,255,255,255,255,255,255,255,255,255,255,255,255,65000000,-1,-1,-1,-1,-1,-1,-1,-1,-1,-1,-1,-1,-1,[0|0|0|0|0|0|0|0|0|0|0|0]
7540,,9999999,13265,13266,31000000,13268,13267,13269,5000000,5000100,5000200,5000300,50000000,52000000,51000000,53000000,-1,-1,-1,-1,60000000,60010000,-1,11008,11018,-1,-1,-1,-1,-1,-1,-1,-1,1025,1075,250,-1,10040,1410,-1,-1,-1,-1,10,1,0,1,0,1,0,1,0,15,13,10,12,16,12,9,7,10,0,10,4,1,0,3,99,0,0,0,0,255,255,255,255,255,255,255,0,0,1,0,255,255,255,255,1,1,1,0,1,1,1,0,130,150,100,101,102,103,1,99,1,1,1,1,10,4,0,0,255,0,0,0,0,0,0,0,0,0,1,0,0,0,0,255,255,255,255,255,255,255,255,255,255,255,255,65000000,-1,-1,-1,-1,-1,-1,-1,-1,-1,-1,-1,-1,-1,[0|0|0|0|0|0|0|0|0|0|0|0]
7541,,9999999,13270,13271,31000000,-1,13272,-1,5000000,5000100,5000200,5000300,50000000,52000000,51000000,53000000,-1,-1,-1,-1,60000000,60010000,-1,11008,11018,-1,-1,-1,-1,-1,-1,-1,-1,1025,1075,250,-1,10040,1410,-1,-1,-1,-1,10,1,0,1,0,1,0,1,0,15,13,10,12,16,12,9,7,10,0,10,4,1,0,3,99,0,0,0,0,255,255,255,255,255,255,255,0,0,1,0,255,255,255,255,1,1,1,0,1,1,1,0,130,150,100,101,102,103,1,99,1,1,1,1,10,4,0,0,255,0,0,0,0,0,0,0,0,0,1,0,0,0,0,255,255,255,255,255,255,255,255,255,255,255,255,65000000,-1,-1,-1,-1,-1,-1,-1,-1,-1,-1,-1,-1,-1,[0|0|0|0|0|0|0|0|0|0|0|0]
7542,,9999999,13300,13301,31000000,13303,13302,13304,5000000,5000100,5000200,5000300,50000000,52000000,51000000,53000000,-1,-1,-1,-1,60000000,60010000,-1,11008,11018,-1,-1,-1,-1,-1,-1,-1,-1,1025,1075,250,-1,10040,1410,-1,-1,-1,-1,10,1,0,1,0,1,0,1,0,15,13,10,12,16,12,9,7,10,0,10,4,1,0,3,99,0,0,0,0,255,255,255,255,255,255,255,0,0,1,0,255,255,255,255,1,1,1,0,1,1,1,0,130,150,100,101,102,103,1,99,1,1,1,1,10,4,0,0,255,0,0,0,0,0,0,0,0,0,1,0,0,0,0,255,255,255,255,255,255,255,255,255,255,255,255,65000000,-1,-1,-1,-1,-1,-1,-1,-1,-1,-1,-1,-1,-1,[0|0|0|0|0|0|0|0|0|0|0|0]
7543,,9999999,13305,13306,31000000,13308,13307,13309,5000000,5000100,5000200,5000300,50000000,52000000,51000000,53000000,-1,-1,-1,-1,60000000,60010000,-1,11008,11018,-1,-1,-1,-1,-1,-1,-1,-1,1025,1075,250,-1,10040,1410,-1,-1,-1,-1,10,1,0,1,0,1,0,1,0,15,13,10,12,16,12,9,7,10,0,10,4,1,0,3,99,0,0,0,0,255,255,255,255,255,255,255,0,0,1,0,255,255,255,255,1,1,1,0,1,1,1,0,130,150,100,101,102,103,1,99,1,1,1,1,10,4,0,0,255,0,0,0,0,0,0,0,0,0,1,0,0,0,0,255,255,255,255,255,255,255,255,255,255,255,255,65000000,-1,-1,-1,-1,-1,-1,-1,-1,-1,-1,-1,-1,-1,[0|0|0|0|0|0|0|0|0|0|0|0]
7544,,9999999,13310,13311,31000000,13313,13312,13314,5000000,5000100,5000200,5000300,50000000,52000000,51000000,53000000,-1,-1,-1,-1,60000000,60010000,-1,11008,11018,-1,-1,-1,-1,-1,-1,-1,-1,1025,1075,250,-1,10040,1410,-1,-1,-1,-1,10,1,0,1,0,1,0,1,0,15,13,10,12,16,12,9,7,10,0,10,4,1,0,3,99,0,0,0,0,255,255,255,255,255,255,255,0,0,1,0,255,255,255,255,1,1,1,0,1,1,1,0,130,150,100,101,102,103,1,99,1,1,1,1,10,4,0,0,255,0,0,0,0,0,0,0,0,0,1,0,0,0,0,255,255,255,255,255,255,255,255,255,255,255,255,65000000,-1,-1,-1,-1,-1,-1,-1,-1,-1,-1,-1,-1,-1,[0|0|0|0|0|0|0|0|0|0|0|0]
7545,,9999999,13315,13316,31000000,13318,13317,13319,5000000,5000100,5000200,5000300,50000000,52000000,51000000,53000000,-1,-1,-1,-1,60000000,60010000,-1,11008,11018,-1,-1,-1,-1,-1,-1,-1,-1,1025,1075,250,-1,10040,1410,-1,-1,-1,-1,10,1,0,1,0,1,0,1,0,15,13,10,12,16,12,9,7,10,0,10,4,1,0,3,99,0,0,0,0,255,255,255,255,255,255,255,0,0,1,0,255,255,255,255,1,1,1,0,1,1,1,0,130,150,100,101,102,103,1,99,1,1,1,1,10,4,0,0,255,0,0,0,0,0,0,0,0,0,1,0,0,0,0,255,255,255,255,255,255,255,255,255,255,255,255,65000000,-1,-1,-1,-1,-1,-1,-1,-1,-1,-1,-1,-1,-1,[0|0|0|0|0|0|0|0|0|0|0|0]
7546,,9999999,13320,13321,31000000,-1,13322,-1,5000000,5000100,5000200,5000300,50000000,52000000,51000000,53000000,-1,-1,-1,-1,60000000,60010000,-1,11008,11018,-1,-1,-1,-1,-1,-1,-1,-1,1025,1075,250,-1,10040,1410,-1,-1,-1,-1,10,1,0,1,0,1,0,1,0,15,13,10,12,16,12,9,7,10,0,10,4,1,0,3,99,0,0,0,0,255,255,255,255,255,255,255,0,0,1,0,255,255,255,255,1,1,1,0,1,1,1,0,130,150,100,101,102,103,1,99,1,1,1,1,10,4,0,0,255,0,0,0,0,0,0,0,0,0,1,0,0,0,0,255,255,255,255,255,255,255,255,255,255,255,255,65000000,-1,-1,-1,-1,-1,-1,-1,-1,-1,-1,-1,-1,-1,[0|0|0|0|0|0|0|0|0|0|0|0]
7547,,9999999,13350,13351,31000000,13353,13352,13354,5000000,5000100,5000200,5000300,50000000,52000000,51000000,53000000,-1,-1,-1,-1,60000000,60010000,-1,11008,11018,-1,-1,-1,-1,-1,-1,-1,-1,1025,1075,250,-1,10040,1410,-1,-1,-1,-1,10,1,0,1,0,1,0,1,0,15,13,10,12,16,12,9,7,10,0,10,4,1,0,3,99,0,0,0,0,255,255,255,255,255,255,255,0,0,1,0,255,255,255,255,1,1,1,0,1,1,1,0,130,150,100,101,102,103,1,99,1,1,1,1,10,4,0,0,255,0,0,0,0,0,0,0,0,0,1,0,0,0,0,255,255,255,255,255,255,255,255,255,255,255,255,65000000,-1,-1,-1,-1,-1,-1,-1,-1,-1,-1,-1,-1,-1,[0|0|0|0|0|0|0|0|0|0|0|0]
7548,,9999999,13355,13356,31000000,13358,13357,13359,5000000,5000100,5000200,5000300,50000000,52000000,51000000,53000000,-1,-1,-1,-1,60000000,60010000,-1,11008,11018,-1,-1,-1,-1,-1,-1,-1,-1,1025,1075,250,-1,10040,1410,-1,-1,-1,-1,10,1,0,1,0,1,0,1,0,15,13,10,12,16,12,9,7,10,0,10,4,1,0,3,99,0,0,0,0,255,255,255,255,255,255,255,0,0,1,0,255,255,255,255,1,1,1,0,1,1,1,0,130,150,100,101,102,103,1,99,1,1,1,1,10,4,0,0,255,0,0,0,0,0,0,0,0,0,1,0,0,0,0,255,255,255,255,255,255,255,255,255,255,255,255,65000000,-1,-1,-1,-1,-1,-1,-1,-1,-1,-1,-1,-1,-1,[0|0|0|0|0|0|0|0|0|0|0|0]
7549,,9999999,13360,13361,31000000,13363,13362,13364,5000000,5000100,5000200,5000300,50000000,52000000,51000000,53000000,-1,-1,-1,-1,60000000,60010000,-1,11008,11018,-1,-1,-1,-1,-1,-1,-1,-1,1025,1075,250,-1,10040,1410,-1,-1,-1,-1,10,1,0,1,0,1,0,1,0,15,13,10,12,16,12,9,7,10,0,10,4,1,0,3,99,0,0,0,0,255,255,255,255,255,255,255,0,0,1,0,255,255,255,255,1,1,1,0,1,1,1,0,130,150,100,101,102,103,1,99,1,1,1,1,10,4,0,0,255,0,0,0,0,0,0,0,0,0,1,0,0,0,0,255,255,255,255,255,255,255,255,255,255,255,255,65000000,-1,-1,-1,-1,-1,-1,-1,-1,-1,-1,-1,-1,-1,[0|0|0|0|0|0|0|0|0|0|0|0]
7550,,9999999,13365,13366,31000000,13368,13367,13369,5000000,5000100,5000200,5000300,50000000,52000000,51000000,53000000,-1,-1,-1,-1,60000000,60010000,-1,11008,11018,-1,-1,-1,-1,-1,-1,-1,-1,1025,1075,250,-1,10040,1410,-1,-1,-1,-1,10,1,0,1,0,1,0,1,0,15,13,10,12,16,12,9,7,10,0,10,4,1,0,3,99,0,0,0,0,255,255,255,255,255,255,255,0,0,1,0,255,255,255,255,1,1,1,0,1,1,1,0,130,150,100,101,102,103,1,99,1,1,1,1,10,4,0,0,255,0,0,0,0,0,0,0,0,0,1,0,0,0,0,255,255,255,255,255,255,255,255,255,255,255,255,65000000,-1,-1,-1,-1,-1,-1,-1,-1,-1,-1,-1,-1,-1,[0|0|0|0|0|0|0|0|0|0|0|0]
7551,,9999999,13370,13371,31000000,-1,13372,-1,5000000,5000100,5000200,5000300,50000000,52000000,51000000,53000000,-1,-1,-1,-1,60000000,60010000,-1,11008,11018,-1,-1,-1,-1,-1,-1,-1,-1,1025,1075,250,-1,10040,1410,-1,-1,-1,-1,10,1,0,1,0,1,0,1,0,15,13,10,12,16,12,9,7,10,0,10,4,1,0,3,99,0,0,0,0,255,255,255,255,255,255,255,0,0,1,0,255,255,255,255,1,1,1,0,1,1,1,0,130,150,100,101,102,103,1,99,1,1,1,1,10,4,0,0,255,0,0,0,0,0,0,0,0,0,1,0,0,0,0,255,255,255,255,255,255,255,255,255,255,255,255,65000000,-1,-1,-1,-1,-1,-1,-1,-1,-1,-1,-1,-1,-1,[0|0|0|0|0|0|0|0|0|0|0|0]
7552,,9999999,13400,13401,31000000,13403,13402,13404,5000000,5000100,5000200,5000300,50000000,52000000,51000000,53000000,-1,-1,-1,-1,60000000,60010000,-1,11008,11018,-1,-1,-1,-1,-1,-1,-1,-1,1025,1075,250,-1,10040,1410,-1,-1,-1,-1,10,1,0,1,0,1,0,1,0,15,13,10,12,16,12,9,7,10,0,10,4,1,0,3,99,0,0,0,0,255,255,255,255,255,255,255,0,0,1,0,255,255,255,255,1,1,1,0,1,1,1,0,130,150,100,101,102,103,1,99,1,1,1,1,10,4,0,0,255,0,0,0,0,0,0,0,0,0,1,0,0,0,0,255,255,255,255,255,255,255,255,255,255,255,255,65000000,-1,-1,-1,-1,-1,-1,-1,-1,-1,-1,-1,-1,-1,[0|0|0|0|0|0|0|0|0|0|0|0]
7553,,9999999,13405,13406,31000000,13408,13407,13409,5000000,5000100,5000200,5000300,50000000,52000000,51000000,53000000,-1,-1,-1,-1,60000000,60010000,-1,11008,11018,-1,-1,-1,-1,-1,-1,-1,-1,1025,1075,250,-1,10040,1410,-1,-1,-1,-1,10,1,0,1,0,1,0,1,0,15,13,10,12,16,12,9,7,10,0,10,4,1,0,3,99,0,0,0,0,255,255,255,255,255,255,255,0,0,1,0,255,255,255,255,1,1,1,0,1,1,1,0,130,150,100,101,102,103,1,99,1,1,1,1,10,4,0,0,255,0,0,0,0,0,0,0,0,0,1,0,0,0,0,255,255,255,255,255,255,255,255,255,255,255,255,65000000,-1,-1,-1,-1,-1,-1,-1,-1,-1,-1,-1,-1,-1,[0|0|0|0|0|0|0|0|0|0|0|0]
7554,,9999999,13410,13411,31000000,13413,13412,13414,5000000,5000100,5000200,5000300,50000000,52000000,51000000,53000000,-1,-1,-1,-1,60000000,60010000,-1,11008,11018,-1,-1,-1,-1,-1,-1,-1,-1,1025,1075,250,-1,10040,1410,-1,-1,-1,-1,10,1,0,1,0,1,0,1,0,15,13,10,12,16,12,9,7,10,0,10,4,1,0,3,99,0,0,0,0,255,255,255,255,255,255,255,0,0,1,0,255,255,255,255,1,1,1,0,1,1,1,0,130,150,100,101,102,103,1,99,1,1,1,1,10,4,0,0,255,0,0,0,0,0,0,0,0,0,1,0,0,0,0,255,255,255,255,255,255,255,255,255,255,255,255,65000000,-1,-1,-1,-1,-1,-1,-1,-1,-1,-1,-1,-1,-1,[0|0|0|0|0|0|0|0|0|0|0|0]
7555,,9999999,13415,13416,31000000,13418,13417,13419,5000000,5000100,5000200,5000300,50000000,52000000,51000000,53000000,-1,-1,-1,-1,60000000,60010000,-1,11008,11018,-1,-1,-1,-1,-1,-1,-1,-1,1025,1075,250,-1,10040,1410,-1,-1,-1,-1,10,1,0,1,0,1,0,1,0,15,13,10,12,16,12,9,7,10,0,10,4,1,0,3,99,0,0,0,0,255,255,255,255,255,255,255,0,0,1,0,255,255,255,255,1,1,1,0,1,1,1,0,130,150,100,101,102,103,1,99,1,1,1,1,10,4,0,0,255,0,0,0,0,0,0,0,0,0,1,0,0,0,0,255,255,255,255,255,255,255,255,255,255,255,255,65000000,-1,-1,-1,-1,-1,-1,-1,-1,-1,-1,-1,-1,-1,[0|0|0|0|0|0|0|0|0|0|0|0]
7556,,9999999,13420,13421,31000000,-1,13422,-1,5000000,5000100,5000200,5000300,50000000,52000000,51000000,53000000,-1,-1,-1,-1,60000000,60010000,-1,11008,11018,-1,-1,-1,-1,-1,-1,-1,-1,1025,1075,250,-1,10040,1410,-1,-1,-1,-1,10,1,0,1,0,1,0,1,0,15,13,10,12,16,12,9,7,10,0,10,4,1,0,3,99,0,0,0,0,255,255,255,255,255,255,255,0,0,1,0,255,255,255,255,1,1,1,0,1,1,1,0,130,150,100,101,102,103,1,99,1,1,1,1,10,4,0,0,255,0,0,0,0,0,0,0,0,0,1,0,0,0,0,255,255,255,255,255,255,255,255,255,255,255,255,65000000,-1,-1,-1,-1,-1,-1,-1,-1,-1,-1,-1,-1,-1,[0|0|0|0|0|0|0|0|0|0|0|0]
7557,,9999999,13453,13461,31000000,13466,13463,13472,5000000,5000100,5000200,5000300,50000000,52000000,51000000,53000000,-1,-1,-1,-1,60000000,60010000,-1,11008,11018,-1,-1,-1,-1,-1,-1,-1,-1,1025,1075,250,-1,10040,1410,-1,-1,-1,-1,10,1,0,1,0,1,0,1,0,15,13,10,12,16,12,9,7,10,0,10,4,1,0,3,99,0,0,0,0,255,255,255,255,255,255,255,0,0,1,0,255,255,255,255,1,1,1,0,1,1,1,0,130,150,100,101,102,103,1,99,1,1,1,1,10,4,0,0,255,0,0,0,0,0,0,0,0,0,1,0,0,0,0,255,255,255,255,255,255,255,255,255,255,255,255,65000000,-1,-1,-1,-1,-1,-1,-1,-1,-1,-1,-1,-1,-1,[0|0|0|0|0|0|0|0|0|0|0|0]
7558,,9999999,13500,13501,31000000,13503,13502,13504,5000000,5000100,5000200,5000300,50000000,52000000,51000000,53000000,-1,-1,-1,-1,60000000,60010000,-1,11008,11018,-1,-1,-1,-1,-1,-1,-1,-1,1025,1075,250,-1,10040,1410,-1,-1,-1,-1,10,1,0,1,0,1,0,1,0,15,13,10,12,16,12,9,7,10,0,10,4,1,0,3,99,0,0,0,0,255,255,255,255,255,255,255,0,0,1,0,255,255,255,255,1,1,1,0,1,1,1,0,130,150,100,101,102,103,1,99,1,1,1,1,10,4,0,0,255,0,0,0,0,0,0,0,0,0,1,0,0,0,0,255,255,255,255,255,255,255,255,255,255,255,255,65000000,-1,-1,-1,-1,-1,-1,-1,-1,-1,-1,-1,-1,-1,[0|0|0|0|0|0|0|0|0|0|0|0]
7559,,9999999,13505,13506,31000000,13508,13507,13509,5000000,5000100,5000200,5000300,50000000,52000000,51000000,53000000,-1,-1,-1,-1,60000000,60010000,-1,11008,11018,-1,-1,-1,-1,-1,-1,-1,-1,1025,1075,250,-1,10040,1410,-1,-1,-1,-1,10,1,0,1,0,1,0,1,0,15,13,10,12,16,12,9,7,10,0,10,4,1,0,3,99,0,0,0,0,255,255,255,255,255,255,255,0,0,1,0,255,255,255,255,1,1,1,0,1,1,1,0,130,150,100,101,102,103,1,99,1,1,1,1,10,4,0,0,255,0,0,0,0,0,0,0,0,0,1,0,0,0,0,255,255,255,255,255,255,255,255,255,255,255,255,65000000,-1,-1,-1,-1,-1,-1,-1,-1,-1,-1,-1,-1,-1,[0|0|0|0|0|0|0|0|0|0|0|0]
7560,,9999999,13510,13511,31000000,13513,13512,13514,5000000,5000100,5000200,5000300,50000000,52000000,51000000,53000000,-1,-1,-1,-1,60000000,60010000,-1,11008,11018,-1,-1,-1,-1,-1,-1,-1,-1,1025,1075,250,-1,10040,1410,-1,-1,-1,-1,10,1,0,1,0,1,0,1,0,15,13,10,12,16,12,9,7,10,0,10,4,1,0,3,99,0,0,0,0,255,255,255,255,255,255,255,0,0,1,0,255,255,255,255,1,1,1,0,1,1,1,0,130,150,100,101,102,103,1,99,1,1,1,1,10,4,0,0,255,0,0,0,0,0,0,0,0,0,1,0,0,0,0,255,255,255,255,255,255,255,255,255,255,255,255,65000000,-1,-1,-1,-1,-1,-1,-1,-1,-1,-1,-1,-1,-1,[0|0|0|0|0|0|0|0|0|0|0|0]
7561,,9999999,13515,13516,31000000,13518,13517,13519,5000000,5000100,5000200,5000300,50000000,52000000,51000000,53000000,-1,-1,-1,-1,60000000,60010000,-1,11008,11018,-1,-1,-1,-1,-1,-1,-1,-1,1025,1075,250,-1,10040,1410,-1,-1,-1,-1,10,1,0,1,0,1,0,1,0,15,13,10,12,16,12,9,7,10,0,10,4,1,0,3,99,0,0,0,0,255,255,255,255,255,255,255,0,0,1,0,255,255,255,255,1,1,1,0,1,1,1,0,130,150,100,101,102,103,1,99,1,1,1,1,10,4,0,0,255,0,0,0,0,0,0,0,0,0,1,0,0,0,0,255,255,255,255,255,255,255,255,255,255,255,255,65000000,-1,-1,-1,-1,-1,-1,-1,-1,-1,-1,-1,-1,-1,[0|0|0|0|0|0|0|0|0|0|0|0]
7562,,9999999,13520,13521,31000000,-1,13522,-1,5000000,5000100,5000200,5000300,50000000,52000000,51000000,53000000,-1,-1,-1,-1,60000000,60010000,-1,11008,11018,-1,-1,-1,-1,-1,-1,-1,-1,1025,1075,250,-1,10040,1410,-1,-1,-1,-1,10,1,0,1,0,1,0,1,0,0,0,0,0,0,12,9,7,10,0,10,4,1,0,3,99,0,0,0,0,255,255,255,255,255,255,255,0,0,1,0,255,255,255,255,1,1,1,0,1,1,1,0,130,150,100,101,102,103,1,99,1,1,1,1,10,4,0,0,255,0,0,0,0,0,0,0,0,0,1,0,0,0,0,255,255,255,255,255,255,255,255,255,255,255,255,65000000,-1,-1,-1,-1,-1,-1,-1,-1,-1,-1,-1,-1,-1,[0|0|0|0|0|0|0|0|0|0|0|0]
7563,,9999999,13550,13551,31000000,13553,13552,13554,5000000,5000100,5000200,5000300,50000000,52000000,51000000,53000000,-1,-1,-1,-1,60000000,60010000,-1,11008,11018,-1,-1,-1,-1,-1,-1,-1,-1,1025,1075,250,-1,10040,1410,-1,-1,-1,-1,10,1,0,1,0,1,0,1,0,15,13,10,12,16,12,9,7,10,0,10,4,1,0,3,99,0,0,0,0,255,255,255,255,255,255,255,0,0,1,0,255,255,255,255,1,1,1,0,1,1,1,0,130,150,100,101,102,103,1,99,1,1,1,1,10,4,0,0,255,0,0,0,0,0,0,0,0,0,1,0,0,0,0,255,255,255,255,255,255,255,255,255,255,255,255,65000000,-1,-1,-1,-1,-1,-1,-1,-1,-1,-1,-1,-1,-1,[0|0|0|0|0|0|0|0|0|0|0|0]
7564,,9999999,13555,13556,31000000,13558,13557,13559,5000000,5000100,5000200,5000300,50000000,52000000,51000000,53000000,-1,-1,-1,-1,60000000,60010000,-1,11008,11018,-1,-1,-1,-1,-1,-1,-1,-1,1025,1075,250,-1,10040,1410,-1,-1,-1,-1,10,1,0,1,0,1,0,1,0,15,13,10,12,16,12,9,7,10,0,10,4,1,0,3,99,0,0,0,0,255,255,255,255,255,255,255,0,0,1,0,255,255,255,255,1,1,1,0,1,1,1,0,130,150,100,101,102,103,1,99,1,1,1,1,10,4,0,0,255,0,0,0,0,0,0,0,0,0,1,0,0,0,0,255,255,255,255,255,255,255,255,255,255,255,255,65000000,-1,-1,-1,-1,-1,-1,-1,-1,-1,-1,-1,-1,-1,[0|0|0|0|0|0|0|0|0|0|0|0]
7565,,9999999,13560,13561,31000000,13563,13562,13564,5000000,5000100,5000200,5000300,50000000,52000000,51000000,53000000,-1,-1,-1,-1,60000000,60010000,-1,11008,11018,-1,-1,-1,-1,-1,-1,-1,-1,1025,1075,250,-1,10040,1410,-1,-1,-1,-1,10,1,0,1,0,1,0,1,0,15,13,10,12,16,12,9,7,10,0,10,4,1,0,3,99,0,0,0,0,255,255,255,255,255,255,255,0,0,1,0,255,255,255,255,1,1,1,0,1,1,1,0,130,150,100,101,102,103,1,99,1,1,1,1,10,4,0,0,255,0,0,0,0,0,0,0,0,0,1,0,0,0,0,255,255,255,255,255,255,255,255,255,255,255,255,65000000,-1,-1,-1,-1,-1,-1,-1,-1,-1,-1,-1,-1,-1,[0|0|0|0|0|0|0|0|0|0|0|0]
7566,,9999999,13565,13566,31000000,13568,13567,13569,5000000,5000100,5000200,5000300,50000000,52000000,51000000,53000000,-1,-1,-1,-1,60000000,60010000,-1,11008,11018,-1,-1,-1,-1,-1,-1,-1,-1,1025,1075,250,-1,10040,1410,-1,-1,-1,-1,10,1,0,1,0,1,0,1,0,15,13,10,12,16,12,9,7,10,0,10,4,1,0,3,99,0,0,0,0,255,255,255,255,255,255,255,0,0,1,0,255,255,255,255,1,1,1,0,1,1,1,0,130,150,100,101,102,103,1,99,1,1,1,1,10,4,0,0,255,0,0,0,0,0,0,0,0,0,1,0,0,0,0,255,255,255,255,255,255,255,255,255,255,255,255,65000000,-1,-1,-1,-1,-1,-1,-1,-1,-1,-1,-1,-1,-1,[0|0|0|0|0|0|0|0|0|0|0|0]
7567,,9999999,13570,13571,31000000,-1,13572,-1,5000000,5000100,5000200,5000300,50000000,52000000,51000000,53000000,-1,-1,-1,-1,60000000,60010000,-1,11008,11018,-1,-1,-1,-1,-1,-1,-1,-1,1025,1075,250,-1,10040,1410,-1,-1,-1,-1,10,1,0,1,0,1,0,1,0,15,13,10,12,16,12,9,7,10,0,10,4,1,0,3,99,0,0,0,0,255,255,255,255,255,255,255,0,0,1,0,255,255,255,255,1,1,1,0,1,1,1,0,130,150,100,101,102,103,1,99,1,1,1,1,10,4,0,0,255,0,0,0,0,0,0,0,0,0,1,0,0,0,0,255,255,255,255,255,255,255,255,255,255,255,255,65000000,-1,-1,-1,-1,-1,-1,-1,-1,-1,-1,-1,-1,-1,[0|0|0|0|0|0|0|0|0|0|0|0]
7568,,9999999,13600,13601,31000000,13603,13602,13604,5000000,5000100,5000200,5000300,50000000,52000000,51000000,53000000,-1,-1,-1,-1,60000000,60010000,-1,11008,11018,-1,-1,-1,-1,-1,-1,-1,-1,1025,1075,250,-1,10040,1410,-1,-1,-1,-1,10,1,0,1,0,1,0,1,0,15,13,10,12,16,12,9,7,10,0,10,4,1,0,3,99,0,0,0,0,255,255,255,255,255,255,255,0,0,1,0,255,255,255,255,1,1,1,0,1,1,1,0,130,150,100,101,102,103,1,99,1,1,1,1,10,4,0,0,255,0,0,0,0,0,0,0,0,0,1,0,0,0,0,255,255,255,255,255,255,255,255,255,255,255,255,65000000,-1,-1,-1,-1,-1,-1,-1,-1,-1,-1,-1,-1,-1,[0|0|0|0|0|0|0|0|0|0|0|0]
7569,,9999999,13605,13606,31000000,13608,13607,13609,5000000,5000100,5000200,5000300,50000000,52000000,51000000,53000000,-1,-1,-1,-1,60000000,60010000,-1,11008,11018,-1,-1,-1,-1,-1,-1,-1,-1,1025,1075,250,-1,10040,1410,-1,-1,-1,-1,10,1,0,1,0,1,0,1,0,15,13,10,12,16,12,9,7,10,0,10,4,1,0,3,99,0,0,0,0,255,255,255,255,255,255,255,0,0,1,0,255,255,255,255,1,1,1,0,1,1,1,0,130,150,100,101,102,103,1,99,1,1,1,1,10,4,0,0,255,0,0,0,0,0,0,0,0,0,1,0,0,0,0,255,255,255,255,255,255,255,255,255,255,255,255,65000000,-1,-1,-1,-1,-1,-1,-1,-1,-1,-1,-1,-1,-1,[0|0|0|0|0|0|0|0|0|0|0|0]
7570,,9999999,13610,13611,31000000,13613,13612,13614,5000000,5000100,5000200,5000300,50000000,52000000,51000000,53000000,-1,-1,-1,-1,60000000,60010000,-1,11008,11018,-1,-1,-1,-1,-1,-1,-1,-1,1025,1075,250,-1,10040,1410,-1,-1,-1,-1,10,1,0,1,0,1,0,1,0,15,13,10,12,16,12,9,7,10,0,10,4,1,0,3,99,0,0,0,0,255,255,255,255,255,255,255,0,0,1,0,255,255,255,255,1,1,1,0,1,1,1,0,130,150,100,101,102,103,1,99,1,1,1,1,10,4,0,0,255,0,0,0,0,0,0,0,0,0,1,0,0,0,0,255,255,255,255,255,255,255,255,255,255,255,255,65000000,-1,-1,-1,-1,-1,-1,-1,-1,-1,-1,-1,-1,-1,[0|0|0|0|0|0|0|0|0|0|0|0]
7571,,9999999,13615,13616,31000000,13618,13617,13619,5000000,5000100,5000200,5000300,50000000,52000000,51000000,53000000,-1,-1,-1,-1,60000000,60010000,-1,11008,11018,-1,-1,-1,-1,-1,-1,-1,-1,1025,1075,250,-1,10040,1410,-1,-1,-1,-1,10,1,0,1,0,1,0,1,0,15,13,10,12,16,12,9,7,10,0,10,4,1,0,3,99,0,0,0,0,255,255,255,255,255,255,255,0,0,1,0,255,255,255,255,1,1,1,0,1,1,1,0,130,150,100,101,102,103,1,99,1,1,1,1,10,4,0,0,255,0,0,0,0,0,0,0,0,0,1,0,0,0,0,255,255,255,255,255,255,255,255,255,255,255,255,65000000,-1,-1,-1,-1,-1,-1,-1,-1,-1,-1,-1,-1,-1,[0|0|0|0|0|0|0|0|0|0|0|0]
7572,,9999999,13620,13621,31000000,-1,13622,-1,5000000,5000100,5000200,5000300,50000000,52000000,51000000,53000000,-1,-1,-1,-1,60000000,60010000,-1,11008,11018,-1,-1,-1,-1,-1,-1,-1,-1,1025,1075,250,-1,10040,1410,-1,-1,-1,-1,10,1,0,1,0,1,0,1,0,15,13,10,12,16,12,9,7,10,0,10,4,1,0,3,99,0,0,0,0,255,255,255,255,255,255,255,0,0,1,0,255,255,255,255,1,1,1,0,1,1,1,0,130,150,100,101,102,103,1,99,1,1,1,1,10,4,0,0,255,0,0,0,0,0,0,0,0,0,1,0,0,0,0,255,255,255,255,255,255,255,255,255,255,255,255,65000000,-1,-1,-1,-1,-1,-1,-1,-1,-1,-1,-1,-1,-1,[0|0|0|0|0|0|0|0|0|0|0|0]
7573,,9999999,13650,13651,31000000,13657,13656,13658,5000000,5000100,5000200,5000300,50000000,52000000,51000000,53000000,-1,-1,-1,-1,60000000,60010000,-1,11008,11018,-1,-1,-1,-1,-1,-1,-1,-1,1025,1075,250,-1,10040,1410,-1,-1,-1,-1,10,1,0,1,0,1,0,1,0,15,13,10,12,16,12,9,7,10,0,10,4,1,0,3,99,0,0,0,0,255,255,255,255,255,255,255,0,0,1,0,255,255,255,255,1,1,1,0,1,1,1,0,130,150,100,101,102,103,1,99,1,1,1,1,10,4,0,0,255,0,0,0,0,0,0,0,0,0,1,0,0,0,0,255,255,255,255,255,255,255,255,255,255,255,255,65000000,-1,-1,-1,-1,-1,-1,-1,-1,-1,-1,-1,-1,-1,[0|0|0|0|0|0|0|0|0|0|0|0]
7574,,9999999,13700,13701,31000000,13703,13702,13704,5000000,5000100,5000200,5000300,50000000,52000000,51000000,53000000,-1,-1,-1,-1,60000000,60010000,-1,11008,11018,-1,-1,-1,-1,-1,-1,-1,-1,1025,1075,250,-1,10040,1410,-1,-1,-1,-1,10,1,0,1,0,1,0,1,0,15,13,10,12,16,12,9,7,10,0,10,4,1,0,3,99,0,0,0,0,255,255,255,255,255,255,255,0,0,1,0,255,255,255,255,1,1,1,0,1,1,1,0,130,150,100,101,102,103,1,99,1,1,1,1,10,4,0,0,255,0,0,0,0,0,0,0,0,0,1,0,0,0,0,255,255,255,255,255,255,255,255,255,255,255,255,65000000,-1,-1,-1,-1,-1,-1,-1,-1,-1,-1,-1,-1,-1,[0|0|0|0|0|0|0|0|0|0|0|0]
7575,,9999999,13705,13706,31000000,13708,13707,13709,5000000,5000100,5000200,5000300,50000000,52000000,51000000,53000000,-1,-1,-1,-1,60000000,60010000,-1,11008,11018,-1,-1,-1,-1,-1,-1,-1,-1,1025,1075,250,-1,10040,1410,-1,-1,-1,-1,10,1,0,1,0,1,0,1,0,15,13,10,12,16,12,9,7,10,0,10,4,1,0,3,99,0,0,0,0,255,255,255,255,255,255,255,0,0,1,0,255,255,255,255,1,1,1,0,1,1,1,0,130,150,100,101,102,103,1,99,1,1,1,1,10,4,0,0,255,0,0,0,0,0,0,0,0,0,1,0,0,0,0,255,255,255,255,255,255,255,255,255,255,255,255,65000000,-1,-1,-1,-1,-1,-1,-1,-1,-1,-1,-1,-1,-1,[0|0|0|0|0|0|0|0|0|0|0|0]
7576,,9999999,13710,13711,31000000,13713,13712,13714,5000000,5000100,5000200,5000300,50000000,52000000,51000000,53000000,-1,-1,-1,-1,60000000,60010000,-1,11008,11018,-1,-1,-1,-1,-1,-1,-1,-1,1025,1075,250,-1,10040,1410,-1,-1,-1,-1,10,1,0,1,0,1,0,1,0,15,13,10,12,16,12,9,7,10,0,10,4,1,0,3,99,0,0,0,0,255,255,255,255,255,255,255,0,0,1,0,255,255,255,255,1,1,1,0,1,1,1,0,130,150,100,101,102,103,1,99,1,1,1,1,10,4,0,0,255,0,0,0,0,0,0,0,0,0,1,0,0,0,0,255,255,255,255,255,255,255,255,255,255,255,255,65000000,-1,-1,-1,-1,-1,-1,-1,-1,-1,-1,-1,-1,-1,[0|0|0|0|0|0|0|0|0|0|0|0]
7577,,9999999,13715,13716,31000000,13718,13717,13719,5000000,5000100,5000200,5000300,50000000,52000000,51000000,53000000,-1,-1,-1,-1,60000000,60010000,-1,11008,11018,-1,-1,-1,-1,-1,-1,-1,-1,1025,1075,250,-1,10040,1410,-1,-1,-1,-1,10,1,0,1,0,1,0,1,0,15,13,10,12,16,12,9,7,10,0,10,4,1,0,3,99,0,0,0,0,255,255,255,255,255,255,255,0,0,1,0,255,255,255,255,1,1,1,0,1,1,1,0,130,150,100,101,102,103,1,99,1,1,1,1,10,4,0,0,255,0,0,0,0,0,0,0,0,0,1,0,0,0,0,255,255,255,255,255,255,255,255,255,255,255,255,65000000,-1,-1,-1,-1,-1,-1,-1,-1,-1,-1,-1,-1,-1,[0|0|0|0|0|0|0|0|0|0|0|0]
7578,,9999999,13720,13721,31000000,-1,13722,-1,5000000,5000100,5000200,5000300,50000000,52000000,51000000,53000000,-1,-1,-1,-1,60000000,60010000,-1,11008,11018,-1,-1,-1,-1,-1,-1,-1,-1,1025,1075,250,-1,10040,1410,-1,-1,-1,-1,10,1,0,1,0,1,0,1,0,15,13,10,12,16,12,9,7,10,0,10,4,1,0,3,99,0,0,0,0,255,255,255,255,255,255,255,0,0,1,0,255,255,255,255,1,1,1,0,1,1,1,0,130,150,100,101,102,103,1,99,1,1,1,1,10,4,0,0,255,0,0,0,0,0,0,0,0,0,1,0,0,0,0,255,255,255,255,255,255,255,255,255,255,255,255,65000000,-1,-1,-1,-1,-1,-1,-1,-1,-1,-1,-1,-1,-1,[0|0|0|0|0|0|0|0|0|0|0|0]
7579,,9999999,13750,13751,31000000,13753,13752,13754,5000000,5000100,5000200,5000300,50000000,52000000,51000000,53000000,-1,-1,-1,-1,60000000,60010000,-1,11008,11018,-1,-1,-1,-1,-1,-1,-1,-1,1025,1075,250,-1,10040,1410,-1,-1,-1,-1,10,1,0,1,0,1,0,1,0,15,13,10,12,16,12,9,7,10,0,10,4,1,0,3,99,0,0,0,0,255,255,255,255,255,255,255,0,0,1,0,255,255,255,255,1,1,1,0,1,1,1,0,130,150,100,101,102,103,1,99,1,1,1,1,10,4,0,0,255,0,0,0,0,0,0,0,0,0,1,0,0,0,0,255,255,255,255,255,255,255,255,255,255,255,255,65000000,-1,-1,-1,-1,-1,-1,-1,-1,-1,-1,-1,-1,-1,[0|0|0|0|0|0|0|0|0|0|0|0]
7580,,9999999,13755,13756,31000000,13758,13757,13759,5000000,5000100,5000200,5000300,50000000,52000000,51000000,53000000,-1,-1,-1,-1,60000000,60010000,-1,11008,11018,-1,-1,-1,-1,-1,-1,-1,-1,1025,1075,250,-1,10040,1410,-1,-1,-1,-1,10,1,0,1,0,1,0,1,0,15,13,10,12,16,12,9,7,10,0,10,4,1,0,3,99,0,0,0,0,255,255,255,255,255,255,255,0,0,1,0,255,255,255,255,1,1,1,0,1,1,1,0,130,150,100,101,102,103,1,99,1,1,1,1,10,4,0,0,255,0,0,0,0,0,0,0,0,0,1,0,0,0,0,255,255,255,255,255,255,255,255,255,255,255,255,65000000,-1,-1,-1,-1,-1,-1,-1,-1,-1,-1,-1,-1,-1,[0|0|0|0|0|0|0|0|0|0|0|0]
7581,,9999999,13760,13761,31000000,13763,13762,13764,5000000,5000100,5000200,5000300,50000000,52000000,51000000,53000000,-1,-1,-1,-1,60000000,60010000,-1,11008,11018,-1,-1,-1,-1,-1,-1,-1,-1,1025,1075,250,-1,10040,1410,-1,-1,-1,-1,10,1,0,1,0,1,0,1,0,15,13,10,12,16,12,9,7,10,0,10,4,1,0,3,99,0,0,0,0,255,255,255,255,255,255,255,0,0,1,0,255,255,255,255,1,1,1,0,1,1,1,0,130,150,100,101,102,103,1,99,1,1,1,1,10,4,0,0,255,0,0,0,0,0,0,0,0,0,1,0,0,0,0,255,255,255,255,255,255,255,255,255,255,255,255,65000000,-1,-1,-1,-1,-1,-1,-1,-1,-1,-1,-1,-1,-1,[0|0|0|0|0|0|0|0|0|0|0|0]
7582,,9999999,13765,13766,31000000,13768,13767,13769,5000000,5000100,5000200,5000300,50000000,52000000,51000000,53000000,-1,-1,-1,-1,60000000,60010000,-1,11008,11018,-1,-1,-1,-1,-1,-1,-1,-1,1025,1075,250,-1,10040,1410,-1,-1,-1,-1,10,1,0,1,0,1,0,1,0,15,13,10,12,16,12,9,7,10,0,10,4,1,0,3,99,0,0,0,0,255,255,255,255,255,255,255,0,0,1,0,255,255,255,255,1,1,1,0,1,1,1,0,130,150,100,101,102,103,1,99,1,1,1,1,10,4,0,0,255,0,0,0,0,0,0,0,0,0,1,0,0,0,0,255,255,255,255,255,255,255,255,255,255,255,255,65000000,-1,-1,-1,-1,-1,-1,-1,-1,-1,-1,-1,-1,-1,[0|0|0|0|0|0|0|0|0|0|0|0]
7583,,9999999,13770,13771,31000000,-1,13772,-1,5000000,5000100,5000200,5000300,50000000,52000000,51000000,53000000,-1,-1,-1,-1,60000000,60010000,-1,11008,11018,-1,-1,-1,-1,-1,-1,-1,-1,1025,1075,250,-1,10040,1410,-1,-1,-1,-1,10,1,0,1,0,1,0,1,0,15,13,10,12,16,12,9,7,10,0,10,4,1,0,3,99,0,0,0,0,255,255,255,255,255,255,255,0,0,1,0,255,255,255,255,1,1,1,0,1,1,1,0,130,150,100,101,102,103,1,99,1,1,1,1,10,4,0,0,255,0,0,0,0,0,0,0,0,0,1,0,0,0,0,255,255,255,255,255,255,255,255,255,255,255,255,65000000,-1,-1,-1,-1,-1,-1,-1,-1,-1,-1,-1,-1,-1,[0|0|0|0|0|0|0|0|0|0|0|0]
7584,,9999999,13800,13801,31000000,13803,13802,13804,5000000,5000100,5000200,5000300,50000000,52000000,51000000,53000000,-1,-1,-1,-1,60000000,60010000,-1,11008,11018,-1,-1,-1,-1,-1,-1,-1,-1,1025,1075,250,-1,10040,1410,-1,-1,-1,-1,10,1,0,1,0,1,0,1,0,15,13,10,12,16,12,9,7,10,0,10,4,1,0,3,99,0,0,0,0,255,255,255,255,255,255,255,0,0,1,0,255,255,255,255,1,1,1,0,1,1,1,0,130,150,100,101,102,103,1,99,1,1,1,1,10,4,0,0,255,0,0,0,0,0,0,0,0,0,1,0,0,0,0,255,255,255,255,255,255,255,255,255,255,255,255,65000000,-1,-1,-1,-1,-1,-1,-1,-1,-1,-1,-1,-1,-1,[0|0|0|0|0|0|0|0|0|0|0|0]
7585,,9999999,13805,13806,31000000,13808,13807,13809,5000000,5000100,5000200,5000300,50000000,52000000,51000000,53000000,-1,-1,-1,-1,60000000,60010000,-1,11008,11018,-1,-1,-1,-1,-1,-1,-1,-1,1025,1075,250,-1,10040,1410,-1,-1,-1,-1,10,1,0,1,0,1,0,1,0,15,13,10,12,16,12,9,7,10,0,10,4,1,0,3,99,0,0,0,0,255,255,255,255,255,255,255,0,0,1,0,255,255,255,255,1,1,1,0,1,1,1,0,130,150,100,101,102,103,1,99,1,1,1,1,10,4,0,0,255,0,0,0,0,0,0,0,0,0,1,0,0,0,0,255,255,255,255,255,255,255,255,255,255,255,255,65000000,-1,-1,-1,-1,-1,-1,-1,-1,-1,-1,-1,-1,-1,[0|0|0|0|0|0|0|0|0|0|0|0]
7586,,9999999,13810,13811,31000000,13813,13812,13814,5000000,5000100,5000200,5000300,50000000,52000000,51000000,53000000,-1,-1,-1,-1,60000000,60010000,-1,11008,11018,-1,-1,-1,-1,-1,-1,-1,-1,1025,1075,250,-1,10040,1410,-1,-1,-1,-1,10,1,0,1,0,1,0,1,0,15,13,10,12,16,12,9,7,10,0,10,4,1,0,3,99,0,0,0,0,255,255,255,255,255,255,255,0,0,1,0,255,255,255,255,1,1,1,0,1,1,1,0,130,150,100,101,102,103,1,99,1,1,1,1,10,4,0,0,255,0,0,0,0,0,0,0,0,0,1,0,0,0,0,255,255,255,255,255,255,255,255,255,255,255,255,65000000,-1,-1,-1,-1,-1,-1,-1,-1,-1,-1,-1,-1,-1,[0|0|0|0|0|0|0|0|0|0|0|0]
7587,,9999999,13815,13816,31000000,13818,13817,13819,5000000,5000100,5000200,5000300,50000000,52000000,51000000,53000000,-1,-1,-1,-1,60000000,60010000,-1,11008,11018,-1,-1,-1,-1,-1,-1,-1,-1,1025,1075,250,-1,10040,1410,-1,-1,-1,-1,10,1,0,1,0,1,0,1,0,15,13,10,12,16,12,9,7,10,0,10,4,1,0,3,99,0,0,0,0,255,255,255,255,255,255,255,0,0,1,0,255,255,255,255,1,1,1,0,1,1,1,0,130,150,100,101,102,103,1,99,1,1,1,1,10,4,0,0,255,0,0,0,0,0,0,0,0,0,1,0,0,0,0,255,255,255,255,255,255,255,255,255,255,255,255,65000000,-1,-1,-1,-1,-1,-1,-1,-1,-1,-1,-1,-1,-1,[0|0|0|0|0|0|0|0|0|0|0|0]
7588,,9999999,13820,13821,31000000,-1,13822,-1,5000000,5000100,5000200,5000300,50000000,52000000,51000000,53000000,-1,-1,-1,-1,60000000,60010000,-1,11008,11018,-1,-1,-1,-1,-1,-1,-1,-1,1025,1075,250,-1,10040,1410,-1,-1,-1,-1,10,1,0,1,0,1,0,1,0,15,13,10,12,16,12,9,7,10,0,10,4,1,0,3,99,0,0,0,0,255,255,255,255,255,255,255,0,0,1,0,255,255,255,255,1,1,1,0,1,1,1,0,130,150,100,101,102,103,1,99,1,1,1,1,10,4,0,0,255,0,0,0,0,0,0,0,0,0,1,0,0,0,0,255,255,255,255,255,255,255,255,255,255,255,255,65000000,-1,-1,-1,-1,-1,-1,-1,-1,-1,-1,-1,-1,-1,[0|0|0|0|0|0|0|0|0|0|0|0]
7589,,9999999,13850,13851,31000000,13854,13852,13855,5000000,5000100,5000200,5000300,50000000,52000000,51000000,53000000,-1,-1,-1,-1,60000000,60010000,-1,11008,11018,-1,-1,-1,-1,-1,-1,-1,-1,1025,1075,250,-1,10040,1410,-1,-1,-1,-1,10,1,0,1,0,1,0,1,0,15,13,10,12,16,12,9,7,10,0,10,4,1,0,3,99,0,0,0,0,255,255,255,255,255,255,255,0,0,1,0,255,255,255,255,1,1,1,0,1,1,1,0,130,150,100,101,102,103,1,99,1,1,1,1,10,4,0,0,255,0,0,0,0,0,0,0,0,0,1,0,0,0,0,255,255,255,255,255,255,255,255,255,255,255,255,65000000,-1,-1,-1,-1,-1,-1,-1,-1,-1,-1,-1,-1,-1,[0|0|0|0|0|0|0|0|0|0|0|0]
7590,,9999999,13856,13857,31000000,13859,13858,13865,5000000,5000100,5000200,5000300,50000000,52000000,51000000,53000000,-1,-1,-1,-1,60000000,60010000,-1,11008,11018,-1,-1,-1,-1,-1,-1,-1,-1,1025,1075,250,-1,10040,1410,-1,-1,-1,-1,10,1,0,1,0,1,0,1,0,15,13,10,12,16,12,9,7,10,0,10,4,1,0,3,99,0,0,0,0,255,255,255,255,255,255,255,0,0,1,0,255,255,255,255,1,1,1,0,1,1,1,0,130,150,100,101,102,103,1,99,1,1,1,1,10,4,0,0,255,0,0,0,0,0,0,0,0,0,1,0,0,0,0,255,255,255,255,255,255,255,255,255,255,255,255,65000000,-1,-1,-1,-1,-1,-1,-1,-1,-1,-1,-1,-1,-1,[0|0|0|0|0|0|0|0|0|0|0|0]
7591,,9999999,13866,13867,31000000,-1,-1,-1,5000000,5000100,5000200,5000300,50000000,52000000,51000000,53000000,-1,-1,-1,-1,60000000,60010000,-1,11008,11018,-1,-1,-1,-1,-1,-1,-1,-1,1025,1075,250,-1,10040,1410,-1,-1,-1,-1,10,1,0,1,0,1,0,1,0,15,13,10,12,16,12,9,7,10,0,10,4,1,0,3,99,0,0,0,0,255,255,255,255,255,255,255,0,0,1,0,255,255,255,255,1,1,1,0,1,1,1,0,130,150,100,101,102,103,1,99,1,1,1,1,10,4,0,0,255,0,0,0,0,0,0,0,0,0,1,0,0,0,0,255,255,255,255,255,255,255,255,255,255,255,255,65000000,-1,-1,-1,-1,-1,-1,-1,-1,-1,-1,-1,-1,-1,[0|0|0|0|0|0|0|0|0|0|0|0]
7592,,9999999,13900,13901,31000000,13903,13902,13904,5000000,5000100,5000200,5000300,50000000,52000000,51000000,53000000,-1,-1,-1,-1,60000000,60010000,-1,11008,11018,-1,-1,-1,-1,-1,-1,-1,-1,1025,1075,250,-1,10040,1410,-1,-1,-1,-1,10,1,0,1,0,1,0,1,0,15,13,10,12,16,12,9,7,10,0,10,4,1,0,3,99,0,0,0,0,255,255,255,255,255,255,255,0,0,1,0,255,255,255,255,1,1,1,0,1,1,1,0,130,150,100,101,102,103,1,99,1,1,1,1,10,4,0,0,255,0,0,0,0,0,0,0,0,0,1,0,0,0,0,255,255,255,255,255,255,255,255,255,255,255,255,65000000,-1,-1,-1,-1,-1,-1,-1,-1,-1,-1,-1,-1,-1,[0|0|0|0|0|0|0|0|0|0|0|0]
7593,,9999999,13905,13906,31000000,13908,13907,13909,5000000,5000100,5000200,5000300,50000000,52000000,51000000,53000000,-1,-1,-1,-1,60000000,60010000,-1,11008,11018,-1,-1,-1,-1,-1,-1,-1,-1,1025,1075,250,-1,10040,1410,-1,-1,-1,-1,10,1,0,1,0,1,0,1,0,15,13,10,12,16,12,9,7,10,0,10,4,1,0,3,99,0,0,0,0,255,255,255,255,255,255,255,0,0,1,0,255,255,255,255,1,1,1,0,1,1,1,0,130,150,100,101,102,103,1,99,1,1,1,1,10,4,0,0,255,0,0,0,0,0,0,0,0,0,1,0,0,0,0,255,255,255,255,255,255,255,255,255,255,255,255,65000000,-1,-1,-1,-1,-1,-1,-1,-1,-1,-1,-1,-1,-1,[0|0|0|0|0|0|0|0|0|0|0|0]
7594,,9999999,13910,13911,31000000,13913,13912,13914,5000000,5000100,5000200,5000300,50000000,52000000,51000000,53000000,-1,-1,-1,-1,60000000,60010000,-1,11008,11018,-1,-1,-1,-1,-1,-1,-1,-1,1025,1075,250,-1,10040,1410,-1,-1,-1,-1,10,1,0,1,0,1,0,1,0,15,13,10,12,16,12,9,7,10,0,10,4,1,0,3,99,0,0,0,0,255,255,255,255,255,255,255,0,0,1,0,255,255,255,255,1,1,1,0,1,1,1,0,130,150,100,101,102,103,1,99,1,1,1,1,10,4,0,0,255,0,0,0,0,0,0,0,0,0,1,0,0,0,0,255,255,255,255,255,255,255,255,255,255,255,255,65000000,-1,-1,-1,-1,-1,-1,-1,-1,-1,-1,-1,-1,-1,[0|0|0|0|0|0|0|0|0|0|0|0]
7595,,9999999,13915,13916,31000000,13918,13917,13919,5000000,5000100,5000200,5000300,50000000,52000000,51000000,53000000,-1,-1,-1,-1,60000000,60010000,-1,11008,11018,-1,-1,-1,-1,-1,-1,-1,-1,1025,1075,250,-1,10040,1410,-1,-1,-1,-1,10,1,0,1,0,1,0,1,0,15,13,10,12,16,12,9,7,10,0,10,4,1,0,3,99,0,0,0,0,255,255,255,255,255,255,255,0,0,1,0,255,255,255,255,1,1,1,0,1,1,1,0,130,150,100,101,102,103,1,99,1,1,1,1,10,4,0,0,255,0,0,0,0,0,0,0,0,0,1,0,0,0,0,255,255,255,255,255,255,255,255,255,255,255,255,65000000,-1,-1,-1,-1,-1,-1,-1,-1,-1,-1,-1,-1,-1,[0|0|0|0|0|0|0|0|0|0|0|0]
7596,,9999999,13920,13922,31000000,-1,-1,-1,5000000,5000100,5000200,5000300,50000000,52000000,51000000,53000000,-1,-1,-1,-1,60000000,60010000,-1,11008,11018,-1,-1,-1,-1,-1,-1,-1,-1,1025,1075,250,-1,10040,1410,-1,-1,-1,-1,10,1,0,1,0,1,0,1,0,15,13,10,12,16,12,9,7,10,0,10,4,1,0,3,99,0,0,0,0,255,255,255,255,255,255,255,0,0,1,0,255,255,255,255,1,1,1,0,1,1,1,0,130,150,100,101,102,103,1,99,1,1,1,1,10,4,0,0,255,0,0,0,0,0,0,0,0,0,1,0,0,0,0,255,255,255,255,255,255,255,255,255,255,255,255,65000000,-1,-1,-1,-1,-1,-1,-1,-1,-1,-1,-1,-1,-1,[0|0|0|0|0|0|0|0|0|0|0|0]
7597,,9999999,13951,13952,31000000,13954,13953,13955,5000000,5000100,5000200,5000300,50000000,52000000,51000000,53000000,-1,-1,-1,-1,60000000,60010000,-1,11008,11018,-1,-1,-1,-1,-1,-1,-1,-1,1025,1075,250,-1,10040,1410,-1,-1,-1,-1,10,1,0,1,0,1,0,1,0,15,13,10,12,16,12,9,7,10,0,10,4,1,0,3,99,0,0,0,0,255,255,255,255,255,255,255,0,0,1,0,255,255,255,255,1,1,1,0,1,1,1,0,130,150,100,101,102,103,1,99,1,1,1,1,10,4,0,0,255,0,0,0,0,0,0,0,0,0,1,0,0,0,0,255,255,255,255,255,255,255,255,255,255,255,255,65000000,-1,-1,-1,-1,-1,-1,-1,-1,-1,-1,-1,-1,-1,[0|0|0|0|0|0|0|0|0|0|0|0]
7598,,9999999,13956,13957,31000000,13961,13960,13962,5000000,5000100,5000200,5000300,50000000,52000000,51000000,53000000,-1,-1,-1,-1,60000000,60010000,-1,11008,11018,-1,-1,-1,-1,-1,-1,-1,-1,1025,1075,250,-1,10040,1410,-1,-1,-1,-1,10,1,0,1,0,1,0,1,0,15,13,10,12,16,12,9,7,10,0,10,4,1,0,3,99,0,0,0,0,255,255,255,255,255,255,255,0,0,1,0,255,255,255,255,1,1,1,0,1,1,1,0,130,150,100,101,102,103,1,99,1,1,1,1,10,4,0,0,255,0,0,0,0,0,0,0,0,0,1,0,0,0,0,255,255,255,255,255,255,255,255,255,255,255,255,65000000,-1,-1,-1,-1,-1,-1,-1,-1,-1,-1,-1,-1,-1,[0|0|0|0|0|0|0|0|0|0|0|0]
7599,,9999999,13963,13964,31000000,13966,13965,13967,5000000,5000100,5000200,5000300,50000000,52000000,51000000,53000000,-1,-1,-1,-1,60000000,60010000,-1,11008,11018,-1,-1,-1,-1,-1,-1,-1,-1,1025,1075,250,-1,10040,1410,-1,-1,-1,-1,10,1,0,1,0,1,0,1,0,15,13,10,12,16,12,9,7,10,0,10,4,1,0,3,99,0,0,0,0,255,255,255,255,255,255,255,0,0,1,0,255,255,255,255,1,1,1,0,1,1,1,0,130,150,100,101,102,103,1,99,1,1,1,1,10,4,0,0,255,0,0,0,0,0,0,0,0,0,1,0,0,0,0,255,255,255,255,255,255,255,255,255,255,255,255,65000000,-1,-1,-1,-1,-1,-1,-1,-1,-1,-1,-1,-1,-1,[0|0|0|0|0|0|0|0|0|0|0|0]
7600,,9999999,13968,13969,31000000,13972,13970,-1,5000000,5000100,5000200,5000300,50000000,52000000,51000000,53000000,-1,-1,-1,-1,60000000,60010000,-1,11008,11018,-1,-1,-1,-1,-1,-1,-1,-1,1025,1075,250,-1,10040,1410,-1,-1,-1,-1,10,1,0,1,0,1,0,1,0,15,13,10,12,16,12,9,7,10,0,10,4,1,0,3,99,0,0,0,0,255,255,255,255,255,255,255,0,0,1,0,255,255,255,255,1,1,1,0,1,1,1,0,130,150,100,101,102,103,1,99,1,1,1,1,10,4,0,0,255,0,0,0,0,0,0,0,0,0,1,0,0,0,0,255,255,255,255,255,255,255,255,255,255,255,255,65000000,-1,-1,-1,-1,-1,-1,-1,-1,-1,-1,-1,-1,-1,[0|0|0|0|0|0|0|0|0|0|0|0]
7601,,9999999,14001,14002,31000000,14004,14003,14005,5000000,5000100,5000200,5000300,50000000,52000000,51000000,53000000,-1,-1,-1,-1,60000000,60010000,-1,11008,11018,-1,-1,-1,-1,-1,-1,-1,-1,1025,1075,250,-1,10040,1410,-1,-1,-1,-1,10,1,0,1,0,1,0,1,0,15,13,10,12,16,12,9,7,10,0,10,4,1,0,3,99,0,0,0,0,255,255,255,255,255,255,255,0,0,1,0,255,255,255,255,1,1,1,0,1,1,1,0,130,150,100,101,102,103,1,99,1,1,1,1,10,4,0,0,255,0,0,0,0,0,0,0,0,0,1,0,0,0,0,255,255,255,255,255,255,255,255,255,255,255,255,65000000,-1,-1,-1,-1,-1,-1,-1,-1,-1,-1,-1,-1,-1,[0|0|0|0|0|0|0|0|0|0|0|0]
7602,,9999999,14006,14007,31000000,14011,14010,14012,5000000,5000100,5000200,5000300,50000000,52000000,51000000,53000000,-1,-1,-1,-1,60000000,60010000,-1,11008,11018,-1,-1,-1,-1,-1,-1,-1,-1,1025,1075,250,-1,10040,1410,-1,-1,-1,-1,10,1,0,1,0,1,0,1,0,15,13,10,12,16,12,9,7,10,0,10,4,1,0,3,99,0,0,0,0,255,255,255,255,255,255,255,0,0,1,0,255,255,255,255,1,1,1,0,1,1,1,0,130,150,100,101,102,103,1,99,1,1,1,1,10,4,0,0,255,0,0,0,0,0,0,0,0,0,1,0,0,0,0,255,255,255,255,255,255,255,255,255,255,255,255,65000000,-1,-1,-1,-1,-1,-1,-1,-1,-1,-1,-1,-1,-1,[0|0|0|0|0|0|0|0|0|0|0|0]
7603,,9999999,14013,14014,31000000,14016,14015,14017,5000000,5000100,5000200,5000300,50000000,52000000,51000000,53000000,-1,-1,-1,-1,60000000,60010000,-1,11008,11018,-1,-1,-1,-1,-1,-1,-1,-1,1025,1075,250,-1,10040,1410,-1,-1,-1,-1,10,1,0,1,0,1,0,1,0,15,13,10,12,16,12,9,7,10,0,10,4,1,0,3,99,0,0,0,0,255,255,255,255,255,255,255,0,0,1,0,255,255,255,255,1,1,1,0,1,1,1,0,130,150,100,101,102,103,1,99,1,1,1,1,10,4,0,0,255,0,0,0,0,0,0,0,0,0,1,0,0,0,0,255,255,255,255,255,255,255,255,255,255,255,255,65000000,-1,-1,-1,-1,-1,-1,-1,-1,-1,-1,-1,-1,-1,[0|0|0|0|0|0|0|0|0|0|0|0]
7604,,9999999,14018,14019,31000000,14022,14020,-1,5000000,5000100,5000200,5000300,50000000,52000000,51000000,53000000,-1,-1,-1,-1,60000000,60010000,-1,11008,11018,-1,-1,-1,-1,-1,-1,-1,-1,1025,1075,250,-1,10040,1410,-1,-1,-1,-1,10,1,0,1,0,1,0,1,0,15,13,10,12,16,12,9,7,10,0,10,4,1,0,3,99,0,0,0,0,255,255,255,255,255,255,255,0,0,1,0,255,255,255,255,1,1,1,0,1,1,1,0,130,150,100,101,102,103,1,99,1,1,1,1,10,4,0,0,255,0,0,0,0,0,0,0,0,0,1,0,0,0,0,255,255,255,255,255,255,255,255,255,255,255,255,65000000,-1,-1,-1,-1,-1,-1,-1,-1,-1,-1,-1,-1,-1,[0|0|0|0|0|0|0|0|0|0|0|0]
7605,,9999999,14050,14051,31000000,14053,14052,14054,5000000,5000100,5000200,5000300,50000000,52000000,51000000,53000000,-1,-1,-1,-1,60000000,60010000,-1,11008,11018,-1,-1,-1,-1,-1,-1,-1,-1,1025,1075,250,-1,10040,1410,-1,-1,-1,-1,10,1,0,1,0,1,0,1,0,15,13,10,12,16,12,9,7,10,0,10,4,1,0,3,99,0,0,0,0,255,255,255,255,255,255,255,0,0,1,0,255,255,255,255,1,1,1,0,1,1,1,0,130,150,100,101,102,103,1,99,1,1,1,1,10,4,0,0,255,0,0,0,0,0,0,0,0,0,1,0,0,0,0,255,255,255,255,255,255,255,255,255,255,255,255,65000000,-1,-1,-1,-1,-1,-1,-1,-1,-1,-1,-1,-1,-1,[0|0|0|0|0|0|0|0|0|0|0|0]
7606,,9999999,14055,14056,31000000,14058,14057,14059,5000000,5000100,5000200,5000300,50000000,52000000,51000000,53000000,-1,-1,-1,-1,60000000,60010000,-1,11008,11018,-1,-1,-1,-1,-1,-1,-1,-1,1025,1075,250,-1,10040,1410,-1,-1,-1,-1,10,1,0,1,0,1,0,1,0,15,13,10,12,16,12,9,7,10,0,10,4,1,0,3,99,0,0,0,0,255,255,255,255,255,255,255,0,0,1,0,255,255,255,255,1,1,1,0,1,1,1,0,130,150,100,101,102,103,1,99,1,1,1,1,10,4,0,0,255,0,0,0,0,0,0,0,0,0,1,0,0,0,0,255,255,255,255,255,255,255,255,255,255,255,255,65000000,-1,-1,-1,-1,-1,-1,-1,-1,-1,-1,-1,-1,-1,[0|0|0|0|0|0|0|0|0|0|0|0]
7607,,9999999,14060,14061,31000000,14063,14062,14064,5000000,5000100,5000200,5000300,50000000,52000000,51000000,53000000,-1,-1,-1,-1,60000000,60010000,-1,11008,11018,-1,-1,-1,-1,-1,-1,-1,-1,1025,1075,250,-1,10040,1410,-1,-1,-1,-1,10,1,0,1,0,1,0,1,0,15,13,10,12,16,12,9,7,10,0,10,4,1,0,3,99,0,0,0,0,255,255,255,255,255,255,255,0,0,1,0,255,255,255,255,1,1,1,0,1,1,1,0,130,150,100,101,102,103,1,99,1,1,1,1,10,4,0,0,255,0,0,0,0,0,0,0,0,0,1,0,0,0,0,255,255,255,255,255,255,255,255,255,255,255,255,65000000,-1,-1,-1,-1,-1,-1,-1,-1,-1,-1,-1,-1,-1,[0|0|0|0|0|0|0|0|0|0|0|0]
7608,,9999999,14065,14066,31000000,14068,14067,14069,5000000,5000100,5000200,5000300,50000000,52000000,51000000,53000000,-1,-1,-1,-1,60000000,60010000,-1,11008,11018,-1,-1,-1,-1,-1,-1,-1,-1,1025,1075,250,-1,10040,1410,-1,-1,-1,-1,10,1,0,1,0,1,0,1,0,15,13,10,12,16,12,9,7,10,0,10,4,1,0,3,99,0,0,0,0,255,255,255,255,255,255,255,0,0,1,0,255,255,255,255,1,1,1,0,1,1,1,0,130,150,100,101,102,103,1,99,1,1,1,1,10,4,0,0,255,0,0,0,0,0,0,0,0,0,1,0,0,0,0,255,255,255,255,255,255,255,255,255,255,255,255,65000000,-1,-1,-1,-1,-1,-1,-1,-1,-1,-1,-1,-1,-1,[0|0|0|0|0|0|0|0|0|0|0|0]
7609,,9999999,14070,14071,31000000,-1,14072,-1,5000000,5000100,5000200,5000300,50000000,52000000,51000000,53000000,-1,-1,-1,-1,60000000,60010000,-1,11008,11018,-1,-1,-1,-1,-1,-1,-1,-1,1025,1075,250,-1,10040,1410,-1,-1,-1,-1,10,1,0,1,0,1,0,1,0,15,13,10,12,16,12,9,7,10,0,10,4,1,0,3,99,0,0,0,0,255,255,255,255,255,255,255,0,0,1,0,255,255,255,255,1,1,1,0,1,1,1,0,130,150,100,101,102,103,1,99,1,1,1,1,10,4,0,0,255,0,0,0,0,0,0,0,0,0,1,0,0,0,0,255,255,255,255,255,255,255,255,255,255,255,255,65000000,-1,-1,-1,-1,-1,-1,-1,-1,-1,-1,-1,-1,-1,[0|0|0|0|0|0|0|0|0|0|0|0]
7610,,9999999,14102,14103,31000000,14111,14105,14113,5000000,5000100,5000200,5000300,50000000,52000000,51000000,53000000,-1,-1,-1,-1,60000000,60010000,-1,11008,11018,-1,-1,-1,-1,-1,-1,-1,-1,1025,1075,250,-1,10040,1410,-1,-1,-1,-1,10,1,0,1,0,1,0,1,0,15,13,10,12,16,12,9,7,10,0,10,4,1,0,3,99,0,0,0,0,255,255,255,255,255,255,255,0,0,1,0,255,255,255,255,1,1,1,0,1,1,1,0,130,150,100,101,102,103,1,99,1,1,1,1,10,4,0,0,255,0,0,0,0,0,0,0,0,0,1,0,0,0,0,255,255,255,255,255,255,255,255,255,255,255,255,65000000,-1,-1,-1,-1,-1,-1,-1,-1,-1,-1,-1,-1,-1,[0|0|0|0|0|0|0|0|0|0|0|0]
7611,,9999999,14122,-1,31000000,-1,-1,-1,5000000,5000100,5000200,5000300,50000000,52000000,51000000,53000000,-1,-1,-1,-1,60000000,60010000,-1,11008,11018,-1,-1,-1,-1,-1,-1,-1,-1,1025,1075,250,-1,10040,1410,-1,-1,-1,-1,10,1,0,1,0,1,0,1,0,15,13,10,12,16,12,9,7,10,0,10,4,1,0,3,99,0,0,0,0,255,255,255,255,255,255,255,0,0,1,0,255,255,255,255,1,1,1,0,1,1,1,0,130,150,100,101,102,103,1,99,1,1,1,1,10,4,0,0,255,0,0,0,0,0,0,0,0,0,1,0,0,0,0,255,255,255,255,255,255,255,255,255,255,255,255,65000000,-1,-1,-1,-1,-1,-1,-1,-1,-1,-1,-1,-1,-1,[0|0|0|0|0|0|0|0|0|0|0|0]
7612,,9999999,14151,14152,31000000,14154,14153,14155,5000000,5000100,5000200,5000300,50000000,52000000,51000000,53000000,-1,-1,-1,-1,60000000,60010000,-1,11008,11018,-1,-1,-1,-1,-1,-1,-1,-1,1025,1075,250,-1,10040,1410,-1,-1,-1,-1,10,1,0,1,0,1,0,1,0,15,13,10,12,16,12,9,7,10,0,10,4,1,0,3,99,0,0,0,0,255,255,255,255,255,255,255,0,0,1,0,255,255,255,255,1,1,1,0,1,1,1,0,130,150,100,101,102,103,1,99,1,1,1,1,10,4,0,0,255,0,0,0,0,0,0,0,0,0,1,0,0,0,0,255,255,255,255,255,255,255,255,255,255,255,255,65000000,-1,-1,-1,-1,-1,-1,-1,-1,-1,-1,-1,-1,-1,[0|0|0|0|0|0|0|0|0|0|0|0]
7613,,9999999,14156,14157,31000000,14161,14160,14162,5000000,5000100,5000200,5000300,50000000,52000000,51000000,53000000,-1,-1,-1,-1,60000000,60010000,-1,11008,11018,-1,-1,-1,-1,-1,-1,-1,-1,1025,1075,250,-1,10040,1410,-1,-1,-1,-1,10,1,0,1,0,1,0,1,0,15,13,10,12,16,12,9,7,10,0,10,4,1,0,3,99,0,0,0,0,255,255,255,255,255,255,255,0,0,1,0,255,255,255,255,1,1,1,0,1,1,1,0,130,150,100,101,102,103,1,99,1,1,1,1,10,4,0,0,255,0,0,0,0,0,0,0,0,0,1,0,0,0,0,255,255,255,255,255,255,255,255,255,255,255,255,65000000,-1,-1,-1,-1,-1,-1,-1,-1,-1,-1,-1,-1,-1,[0|0|0|0|0|0|0|0|0|0|0|0]
7614,,9999999,14163,14164,31000000,14166,14165,14167,5000000,5000100,5000200,5000300,50000000,52000000,51000000,53000000,-1,-1,-1,-1,60000000,60010000,-1,11008,11018,-1,-1,-1,-1,-1,-1,-1,-1,1025,1075,250,-1,10040,1410,-1,-1,-1,-1,10,1,0,1,0,1,0,1,0,15,13,10,12,16,12,9,7,10,0,10,4,1,0,3,99,0,0,0,0,255,255,255,255,255,255,255,0,0,1,0,255,255,255,255,1,1,1,0,1,1,1,0,130,150,100,101,102,103,1,99,1,1,1,1,10,4,0,0,255,0,0,0,0,0,0,0,0,0,1,0,0,0,0,255,255,255,255,255,255,255,255,255,255,255,255,65000000,-1,-1,-1,-1,-1,-1,-1,-1,-1,-1,-1,-1,-1,[0|0|0|0|0|0|0|0|0|0|0|0]
7615,,9999999,14168,14169,31000000,14172,14170,-1,5000000,5000100,5000200,5000300,50000000,52000000,51000000,53000000,-1,-1,-1,-1,60000000,60010000,-1,11008,11018,-1,-1,-1,-1,-1,-1,-1,-1,1025,1075,250,-1,10040,1410,-1,-1,-1,-1,10,1,0,1,0,1,0,1,0,15,13,10,12,16,12,9,7,10,0,10,4,1,0,3,99,0,0,0,0,255,255,255,255,255,255,255,0,0,1,0,255,255,255,255,1,1,1,0,1,1,1,0,130,150,100,101,102,103,1,99,1,1,1,1,10,4,0,0,255,0,0,0,0,0,0,0,0,0,1,0,0,0,0,255,255,255,255,255,255,255,255,255,255,255,255,65000000,-1,-1,-1,-1,-1,-1,-1,-1,-1,-1,-1,-1,-1,[0|0|0|0|0|0|0|0|0|0|0|0]
7616,,9999999,14200,14201,31000000,14203,14202,14204,5000000,5000100,5000200,5000300,50000000,52000000,51000000,53000000,-1,-1,-1,-1,60000000,60010000,-1,11008,11018,-1,-1,-1,-1,-1,-1,-1,-1,1025,1075,250,-1,10040,1410,-1,-1,-1,-1,10,1,0,1,0,1,0,1,0,15,13,10,12,16,12,9,7,10,0,10,4,1,0,3,99,0,0,0,0,255,255,255,255,255,255,255,0,0,1,0,255,255,255,255,1,1,1,0,1,1,1,0,130,150,100,101,102,103,1,99,1,1,1,1,10,4,0,0,255,0,0,0,0,0,0,0,0,0,1,0,0,0,0,255,255,255,255,255,255,255,255,255,255,255,255,65000000,-1,-1,-1,-1,-1,-1,-1,-1,-1,-1,-1,-1,-1,[0|0|0|0|0|0|0|0|0|0|0|0]
7617,,9999999,14205,14206,31000000,14208,14207,14209,5000000,5000100,5000200,5000300,50000000,52000000,51000000,53000000,-1,-1,-1,-1,60000000,60010000,-1,11008,11018,-1,-1,-1,-1,-1,-1,-1,-1,1025,1075,250,-1,10040,1410,-1,-1,-1,-1,10,1,0,1,0,1,0,1,0,15,13,10,12,16,12,9,7,10,0,10,4,1,0,3,99,0,0,0,0,255,255,255,255,255,255,255,0,0,1,0,255,255,255,255,1,1,1,0,1,1,1,0,130,150,100,101,102,103,1,99,1,1,1,1,10,4,0,0,255,0,0,0,0,0,0,0,0,0,1,0,0,0,0,255,255,255,255,255,255,255,255,255,255,255,255,65000000,-1,-1,-1,-1,-1,-1,-1,-1,-1,-1,-1,-1,-1,[0|0|0|0|0|0|0|0|0|0|0|0]
7618,,9999999,14210,14211,31000000,14213,14212,14214,5000000,5000100,5000200,5000300,50000000,52000000,51000000,53000000,-1,-1,-1,-1,60000000,60010000,-1,11008,11018,-1,-1,-1,-1,-1,-1,-1,-1,1025,1075,250,-1,10040,1410,-1,-1,-1,-1,10,1,0,1,0,1,0,1,0,15,13,10,12,16,12,9,7,10,0,10,4,1,0,3,99,0,0,0,0,255,255,255,255,255,255,255,0,0,1,0,255,255,255,255,1,1,1,0,1,1,1,0,130,150,100,101,102,103,1,99,1,1,1,1,10,4,0,0,255,0,0,0,0,0,0,0,0,0,1,0,0,0,0,255,255,255,255,255,255,255,255,255,255,255,255,65000000,-1,-1,-1,-1,-1,-1,-1,-1,-1,-1,-1,-1,-1,[0|0|0|0|0|0|0|0|0|0|0|0]
7619,,9999999,14215,14216,31000000,14218,14217,14219,5000000,5000100,5000200,5000300,50000000,52000000,51000000,53000000,-1,-1,-1,-1,60000000,60010000,-1,11008,11018,-1,-1,-1,-1,-1,-1,-1,-1,1025,1075,250,-1,10040,1410,-1,-1,-1,-1,10,1,0,1,0,1,0,1,0,15,13,10,12,16,12,9,7,10,0,10,4,1,0,3,99,0,0,0,0,255,255,255,255,255,255,255,0,0,1,0,255,255,255,255,1,1,1,0,1,1,1,0,130,150,100,101,102,103,1,99,1,1,1,1,10,4,0,0,255,0,0,0,0,0,0,0,0,0,1,0,0,0,0,255,255,255,255,255,255,255,255,255,255,255,255,65000000,-1,-1,-1,-1,-1,-1,-1,-1,-1,-1,-1,-1,-1,[0|0|0|0|0|0|0|0|0|0|0|0]
7620,,9999999,14220,14221,31000000,-1,14222,-1,5000000,5000100,5000200,5000300,50000000,52000000,51000000,53000000,-1,-1,-1,-1,60000000,60010000,-1,11008,11018,-1,-1,-1,-1,-1,-1,-1,-1,1025,1075,250,-1,10040,1410,-1,-1,-1,-1,10,1,0,1,0,1,0,1,0,15,13,10,12,16,12,9,7,10,0,10,4,1,0,3,99,0,0,0,0,255,255,255,255,255,255,255,0,0,1,0,255,255,255,255,1,1,1,0,1,1,1,0,130,150,100,101,102,103,1,99,1,1,1,1,10,4,0,0,255,0,0,0,0,0,0,0,0,0,1,0,0,0,0,255,255,255,255,255,255,255,255,255,255,255,255,65000000,-1,-1,-1,-1,-1,-1,-1,-1,-1,-1,-1,-1,-1,[0|0|0|0|0|0|0|0|0|0|0|0]
7621,,9999999,14278,14279,31000000,-1,14280,-1,5000000,5000100,5000200,5000300,50000000,52000000,51000000,53000000,-1,-1,-1,-1,60000000,60010000,-1,11008,11018,-1,-1,-1,-1,-1,-1,-1,-1,1025,1075,250,-1,10040,1410,-1,-1,-1,-1,10,1,0,1,0,1,0,1,0,15,13,10,12,16,12,9,7,10,0,10,4,1,0,3,99,0,0,0,0,255,255,255,255,255,255,255,0,0,1,0,255,255,255,255,1,1,1,0,1,1,1,0,130,150,100,101,102,103,1,99,1,1,1,1,10,4,0,0,255,0,0,0,0,0,0,0,0,0,1,0,0,0,0,255,255,255,255,255,255,255,255,255,255,255,255,65000000,-1,-1,-1,-1,-1,-1,-1,-1,-1,-1,-1,-1,-1,[0|0|0|0|0|0|0|0|0|0|0|0]
7622,,9999999,14328,14329,31000000,-1,14330,-1,5000000,5000100,5000200,5000300,50000000,52000000,51000000,53000000,-1,-1,-1,-1,60000000,60010000,-1,11008,11018,-1,-1,-1,-1,-1,-1,-1,-1,1025,1075,250,-1,10040,1410,-1,-1,-1,-1,10,1,0,1,0,1,0,1,0,15,13,10,12,16,12,9,7,10,0,10,4,1,0,3,99,0,0,0,0,255,255,255,255,255,255,255,0,0,1,0,255,255,255,255,1,1,1,0,1,1,1,0,130,150,100,101,102,103,1,99,1,1,1,1,10,4,0,0,255,0,0,0,0,0,0,0,0,0,1,0,0,0,0,255,255,255,255,255,255,255,255,255,255,255,255,65000000,-1,-1,-1,-1,-1,-1,-1,-1,-1,-1,-1,-1,-1,[0|0|0|0|0|0|0|0|0|0|0|0]
7623,,9999999,14350,14351,31000000,14353,14352,14354,5000000,5000100,5000200,5000300,50000000,52000000,51000000,53000000,-1,-1,-1,-1,60000000,60010000,-1,11008,11018,-1,-1,-1,-1,-1,-1,-1,-1,1025,1075,250,-1,10040,1410,-1,-1,-1,-1,10,1,0,1,0,1,0,1,0,15,13,10,12,16,12,9,7,10,0,10,4,1,0,3,99,0,0,0,0,255,255,255,255,255,255,255,0,0,1,0,255,255,255,255,1,1,1,0,1,1,1,0,130,150,100,101,102,103,1,99,1,1,1,1,10,4,0,0,255,0,0,0,0,0,0,0,0,0,1,0,0,0,0,255,255,255,255,255,255,255,255,255,255,255,255,65000000,-1,-1,-1,-1,-1,-1,-1,-1,-1,-1,-1,-1,-1,[0|0|0|0|0|0|0|0|0|0|0|0]
7624,,9999999,14355,14356,31000000,14358,14357,14359,5000000,5000100,5000200,5000300,50000000,52000000,51000000,53000000,-1,-1,-1,-1,60000000,60010000,-1,11008,11018,-1,-1,-1,-1,-1,-1,-1,-1,1025,1075,250,-1,10040,1410,-1,-1,-1,-1,10,1,0,1,0,1,0,1,0,15,13,10,12,16,12,9,7,10,0,10,4,1,0,3,99,0,0,0,0,255,255,255,255,255,255,255,0,0,1,0,255,255,255,255,1,1,1,0,1,1,1,0,130,150,100,101,102,103,1,99,1,1,1,1,10,4,0,0,255,0,0,0,0,0,0,0,0,0,1,0,0,0,0,255,255,255,255,255,255,255,255,255,255,255,255,65000000,-1,-1,-1,-1,-1,-1,-1,-1,-1,-1,-1,-1,-1,[0|0|0|0|0|0|0|0|0|0|0|0]
7625,,9999999,14360,14361,31000000,14363,14362,14364,5000000,5000100,5000200,5000300,50000000,52000000,51000000,53000000,-1,-1,-1,-1,60000000,60010000,-1,11008,11018,-1,-1,-1,-1,-1,-1,-1,-1,1025,1075,250,-1,10040,1410,-1,-1,-1,-1,10,1,0,1,0,1,0,1,0,15,13,10,12,16,12,9,7,10,0,10,4,1,0,3,99,0,0,0,0,255,255,255,255,255,255,255,0,0,1,0,255,255,255,255,1,1,1,0,1,1,1,0,130,150,100,101,102,103,1,99,1,1,1,1,10,4,0,0,255,0,0,0,0,0,0,0,0,0,1,0,0,0,0,255,255,255,255,255,255,255,255,255,255,255,255,65000000,-1,-1,-1,-1,-1,-1,-1,-1,-1,-1,-1,-1,-1,[0|0|0|0|0|0|0|0|0|0|0|0]
7626,,9999999,14365,14366,31000000,14368,14367,14369,5000000,5000100,5000200,5000300,50000000,52000000,51000000,53000000,-1,-1,-1,-1,60000000,60010000,-1,11008,11018,-1,-1,-1,-1,-1,-1,-1,-1,1025,1075,250,-1,10040,1410,-1,-1,-1,-1,10,1,0,1,0,1,0,1,0,15,13,10,12,16,12,9,7,10,0,10,4,1,0,3,99,0,0,0,0,255,255,255,255,255,255,255,0,0,1,0,255,255,255,255,1,1,1,0,1,1,1,0,130,150,100,101,102,103,1,99,1,1,1,1,10,4,0,0,255,0,0,0,0,0,0,0,0,0,1,0,0,0,0,255,255,255,255,255,255,255,255,255,255,255,255,65000000,-1,-1,-1,-1,-1,-1,-1,-1,-1,-1,-1,-1,-1,[0|0|0|0|0|0|0|0|0|0|0|0]
7627,,9999999,14370,14371,31000000,-1,14372,-1,5000000,5000100,5000200,5000300,50000000,52000000,51000000,53000000,-1,-1,-1,-1,60000000,60010000,-1,11008,11018,-1,-1,-1,-1,-1,-1,-1,-1,1025,1075,250,-1,10040,1410,-1,-1,-1,-1,10,1,0,1,0,1,0,1,0,15,13,10,12,16,12,9,7,10,0,10,4,1,0,3,99,0,0,0,0,255,255,255,255,255,255,255,0,0,1,0,255,255,255,255,1,1,1,0,1,1,1,0,130,150,100,101,102,103,1,99,1,1,1,1,10,4,0,0,255,0,0,0,0,0,0,0,0,0,1,0,0,0,0,255,255,255,255,255,255,255,255,255,255,255,255,65000000,-1,-1,-1,-1,-1,-1,-1,-1,-1,-1,-1,-1,-1,[0|0|0|0|0|0|0|0|0|0|0|0]
7628,,9999999,14400,14401,31000000,14403,14402,14404,5000000,5000100,5000200,5000300,50000000,52000000,51000000,53000000,-1,-1,-1,-1,60000000,60010000,-1,11008,11018,-1,-1,-1,-1,-1,-1,-1,-1,1025,1075,250,-1,10040,1410,-1,-1,-1,-1,10,1,0,1,0,1,0,1,0,15,13,10,12,16,12,9,7,10,0,10,4,1,0,3,99,0,0,0,0,255,255,255,255,255,255,255,0,0,1,0,255,255,255,255,1,1,1,0,1,1,1,0,130,150,100,101,102,103,1,99,1,1,1,1,10,4,0,0,255,0,0,0,0,0,0,0,0,0,1,0,0,0,0,255,255,255,255,255,255,255,255,255,255,255,255,65000000,-1,-1,-1,-1,-1,-1,-1,-1,-1,-1,-1,-1,-1,[0|0|0|0|0|0|0|0|0|0|0|0]
7629,,9999999,14405,14406,31000000,14408,14407,14409,5000000,5000100,5000200,5000300,50000000,52000000,51000000,53000000,-1,-1,-1,-1,60000000,60010000,-1,11008,11018,-1,-1,-1,-1,-1,-1,-1,-1,1025,1075,250,-1,10040,1410,-1,-1,-1,-1,10,1,0,1,0,1,0,1,0,15,13,10,12,16,12,9,7,10,0,10,4,1,0,3,99,0,0,0,0,255,255,255,255,255,255,255,0,0,1,0,255,255,255,255,1,1,1,0,1,1,1,0,130,150,100,101,102,103,1,99,1,1,1,1,10,4,0,0,255,0,0,0,0,0,0,0,0,0,1,0,0,0,0,255,255,255,255,255,255,255,255,255,255,255,255,65000000,-1,-1,-1,-1,-1,-1,-1,-1,-1,-1,-1,-1,-1,[0|0|0|0|0|0|0|0|0|0|0|0]
7630,,9999999,14410,14411,31000000,14413,14412,14414,5000000,5000100,5000200,5000300,50000000,52000000,51000000,53000000,-1,-1,-1,-1,60000000,60010000,-1,11008,11018,-1,-1,-1,-1,-1,-1,-1,-1,1025,1075,250,-1,10040,1410,-1,-1,-1,-1,10,1,0,1,0,1,0,1,0,15,13,10,12,16,12,9,7,10,0,10,4,1,0,3,99,0,0,0,0,255,255,255,255,255,255,255,0,0,1,0,255,255,255,255,1,1,1,0,1,1,1,0,130,150,100,101,102,103,1,99,1,1,1,1,10,4,0,0,255,0,0,0,0,0,0,0,0,0,1,0,0,0,0,255,255,255,255,255,255,255,255,255,255,255,255,65000000,-1,-1,-1,-1,-1,-1,-1,-1,-1,-1,-1,-1,-1,[0|0|0|0|0|0|0|0|0|0|0|0]
7631,,9999999,14415,14416,31000000,14418,14417,14419,5000000,5000100,5000200,5000300,50000000,52000000,51000000,53000000,-1,-1,-1,-1,60000000,60010000,-1,11008,11018,-1,-1,-1,-1,-1,-1,-1,-1,1025,1075,250,-1,10040,1410,-1,-1,-1,-1,10,1,0,1,0,1,0,1,0,15,13,10,12,16,12,9,7,10,0,10,4,1,0,3,99,0,0,0,0,255,255,255,255,255,255,255,0,0,1,0,255,255,255,255,1,1,1,0,1,1,1,0,130,150,100,101,102,103,1,99,1,1,1,1,10,4,0,0,255,0,0,0,0,0,0,0,0,0,1,0,0,0,0,255,255,255,255,255,255,255,255,255,255,255,255,65000000,-1,-1,-1,-1,-1,-1,-1,-1,-1,-1,-1,-1,-1,[0|0|0|0|0|0|0|0|0|0|0|0]
7632,,9999999,14420,14421,31000000,-1,14422,-1,5000000,5000100,5000200,5000300,50000000,52000000,51000000,53000000,-1,-1,-1,-1,60000000,60010000,-1,11008,11018,-1,-1,-1,-1,-1,-1,-1,-1,1025,1075,250,-1,10040,1410,-1,-1,-1,-1,10,1,0,1,0,1,0,1,0,15,13,10,12,16,12,9,7,10,0,10,4,1,0,3,99,0,0,0,0,255,255,255,255,255,255,255,0,0,1,0,255,255,255,255,1,1,1,0,1,1,1,0,130,150,100,101,102,103,1,99,1,1,1,1,10,4,0,0,255,0,0,0,0,0,0,0,0,0,1,0,0,0,0,255,255,255,255,255,255,255,255,255,255,255,255,65000000,-1,-1,-1,-1,-1,-1,-1,-1,-1,-1,-1,-1,-1,[0|0|0|0|0|0|0|0|0|0|0|0]
7633,,9999999,14450,14451,31000000,14453,14452,14454,5000000,5000100,5000200,5000300,50000000,52000000,51000000,53000000,-1,-1,-1,-1,60000000,60010000,-1,11008,11018,-1,-1,-1,-1,-1,-1,-1,-1,1025,1075,250,-1,10040,1410,-1,-1,-1,-1,10,1,0,1,0,1,0,1,0,15,13,10,12,16,12,9,7,10,0,10,4,1,0,3,99,0,0,0,0,255,255,255,255,255,255,255,0,0,1,0,255,255,255,255,1,1,1,0,1,1,1,0,130,150,100,101,102,103,1,99,1,1,1,1,10,4,0,0,255,0,0,0,0,0,0,0,0,0,1,0,0,0,0,255,255,255,255,255,255,255,255,255,255,255,255,65000000,-1,-1,-1,-1,-1,-1,-1,-1,-1,-1,-1,-1,-1,[0|0|0|0|0|0|0|0|0|0|0|0]
7634,,9999999,14455,14456,31000000,14458,14457,14459,5000000,5000100,5000200,5000300,50000000,52000000,51000000,53000000,-1,-1,-1,-1,60000000,60010000,-1,11008,11018,-1,-1,-1,-1,-1,-1,-1,-1,1025,1075,250,-1,10040,1410,-1,-1,-1,-1,10,1,0,1,0,1,0,1,0,15,13,10,12,16,12,9,7,10,0,10,4,1,0,3,99,0,0,0,0,255,255,255,255,255,255,255,0,0,1,0,255,255,255,255,1,1,1,0,1,1,1,0,130,150,100,101,102,103,1,99,1,1,1,1,10,4,0,0,255,0,0,0,0,0,0,0,0,0,1,0,0,0,0,255,255,255,255,255,255,255,255,255,255,255,255,65000000,-1,-1,-1,-1,-1,-1,-1,-1,-1,-1,-1,-1,-1,[0|0|0|0|0|0|0|0|0|0|0|0]
7635,,9999999,14460,14461,31000000,14463,14462,14464,5000000,5000100,5000200,5000300,50000000,52000000,51000000,53000000,-1,-1,-1,-1,60000000,60010000,-1,11008,11018,-1,-1,-1,-1,-1,-1,-1,-1,1025,1075,250,-1,10040,1410,-1,-1,-1,-1,10,1,0,1,0,1,0,1,0,15,13,10,12,16,12,9,7,10,0,10,4,1,0,3,99,0,0,0,0,255,255,255,255,255,255,255,0,0,1,0,255,255,255,255,1,1,1,0,1,1,1,0,130,150,100,101,102,103,1,99,1,1,1,1,10,4,0,0,255,0,0,0,0,0,0,0,0,0,1,0,0,0,0,255,255,255,255,255,255,255,255,255,255,255,255,65000000,-1,-1,-1,-1,-1,-1,-1,-1,-1,-1,-1,-1,-1,[0|0|0|0|0|0|0|0|0|0|0|0]
7636,,9999999,14465,14466,31000000,14468,14467,14469,5000000,5000100,5000200,5000300,50000000,52000000,51000000,53000000,-1,-1,-1,-1,60000000,60010000,-1,11008,11018,-1,-1,-1,-1,-1,-1,-1,-1,1025,1075,250,-1,10040,1410,-1,-1,-1,-1,10,1,0,1,0,1,0,1,0,15,13,10,12,16,12,9,7,10,0,10,4,1,0,3,99,0,0,0,0,255,255,255,255,255,255,255,0,0,1,0,255,255,255,255,1,1,1,0,1,1,1,0,130,150,100,101,102,103,1,99,1,1,1,1,10,4,0,0,255,0,0,0,0,0,0,0,0,0,1,0,0,0,0,255,255,255,255,255,255,255,255,255,255,255,255,65000000,-1,-1,-1,-1,-1,-1,-1,-1,-1,-1,-1,-1,-1,[0|0|0|0|0|0|0|0|0|0|0|0]
7637,,9999999,14470,14471,31000000,-1,14472,-1,5000000,5000100,5000200,5000300,50000000,52000000,51000000,53000000,-1,-1,-1,-1,60000000,60010000,-1,11008,11018,-1,-1,-1,-1,-1,-1,-1,-1,1025,1075,250,-1,10040,1410,-1,-1,-1,-1,10,1,0,1,0,1,0,1,0,15,13,10,12,16,12,9,7,10,0,10,4,1,0,3,99,0,0,0,0,255,255,255,255,255,255,255,0,0,1,0,255,255,255,255,1,1,1,0,1,1,1,0,130,150,100,101,102,103,1,99,1,1,1,1,10,4,0,0,255,0,0,0,0,0,0,0,0,0,1,0,0,0,0,255,255,255,255,255,255,255,255,255,255,255,255,65000000,-1,-1,-1,-1,-1,-1,-1,-1,-1,-1,-1,-1,-1,[0|0|0|0|0|0|0|0|0|0|0|0]
7638,,9999999,14500,14501,31000000,14503,14502,14504,5000000,5000100,5000200,5000300,50000000,52000000,51000000,53000000,-1,-1,-1,-1,60000000,60010000,-1,11008,11018,-1,-1,-1,-1,-1,-1,-1,-1,1025,1075,250,-1,10040,1410,-1,-1,-1,-1,10,1,0,1,0,1,0,1,0,15,13,10,12,16,12,9,7,10,0,10,4,1,0,3,99,0,0,0,0,255,255,255,255,255,255,255,0,0,1,0,255,255,255,255,1,1,1,0,1,1,1,0,130,150,100,101,102,103,1,99,1,1,1,1,10,4,0,0,255,0,0,0,0,0,0,0,0,0,1,0,0,0,0,255,255,255,255,255,255,255,255,255,255,255,255,65000000,-1,-1,-1,-1,-1,-1,-1,-1,-1,-1,-1,-1,-1,[0|0|0|0|0|0|0|0|0|0|0|0]
7639,,9999999,14505,14506,31000000,14508,14507,14509,5000000,5000100,5000200,5000300,50000000,52000000,51000000,53000000,-1,-1,-1,-1,60000000,60010000,-1,11008,11018,-1,-1,-1,-1,-1,-1,-1,-1,1025,1075,250,-1,10040,1410,-1,-1,-1,-1,10,1,0,1,0,1,0,1,0,15,13,10,12,16,12,9,7,10,0,10,4,1,0,3,99,0,0,0,0,255,255,255,255,255,255,255,0,0,1,0,255,255,255,255,1,1,1,0,1,1,1,0,130,150,100,101,102,103,1,99,1,1,1,1,10,4,0,0,255,0,0,0,0,0,0,0,0,0,1,0,0,0,0,255,255,255,255,255,255,255,255,255,255,255,255,65000000,-1,-1,-1,-1,-1,-1,-1,-1,-1,-1,-1,-1,-1,[0|0|0|0|0|0|0|0|0|0|0|0]
7640,,9999999,14510,14511,31000000,14513,14512,14514,5000000,5000100,5000200,5000300,50000000,52000000,51000000,53000000,-1,-1,-1,-1,60000000,60010000,-1,11008,11018,-1,-1,-1,-1,-1,-1,-1,-1,1025,1075,250,-1,10040,1410,-1,-1,-1,-1,10,1,0,1,0,1,0,1,0,15,13,10,12,16,12,9,7,10,0,10,4,1,0,3,99,0,0,0,0,255,255,255,255,255,255,255,0,0,1,0,255,255,255,255,1,1,1,0,1,1,1,0,130,150,100,101,102,103,1,99,1,1,1,1,10,4,0,0,255,0,0,0,0,0,0,0,0,0,1,0,0,0,0,255,255,255,255,255,255,255,255,255,255,255,255,65000000,-1,-1,-1,-1,-1,-1,-1,-1,-1,-1,-1,-1,-1,[0|0|0|0|0|0|0|0|0|0|0|0]
7641,,9999999,14515,14516,31000000,14518,14517,14519,5000000,5000100,5000200,5000300,50000000,52000000,51000000,53000000,-1,-1,-1,-1,60000000,60010000,-1,11008,11018,-1,-1,-1,-1,-1,-1,-1,-1,1025,1075,250,-1,10040,1410,-1,-1,-1,-1,10,1,0,1,0,1,0,1,0,15,13,10,12,16,12,9,7,10,0,10,4,1,0,3,99,0,0,0,0,255,255,255,255,255,255,255,0,0,1,0,255,255,255,255,1,1,1,0,1,1,1,0,130,150,100,101,102,103,1,99,1,1,1,1,10,4,0,0,255,0,0,0,0,0,0,0,0,0,1,0,0,0,0,255,255,255,255,255,255,255,255,255,255,255,255,65000000,-1,-1,-1,-1,-1,-1,-1,-1,-1,-1,-1,-1,-1,[0|0|0|0|0|0|0|0|0|0|0|0]
7642,,9999999,14520,14521,31000000,-1,14522,-1,5000000,5000100,5000200,5000300,50000000,52000000,51000000,53000000,-1,-1,-1,-1,60000000,60010000,-1,11008,11018,-1,-1,-1,-1,-1,-1,-1,-1,1025,1075,250,-1,10040,1410,-1,-1,-1,-1,10,1,0,1,0,1,0,1,0,15,13,10,12,16,12,9,7,10,0,10,4,1,0,3,99,0,0,0,0,255,255,255,255,255,255,255,0,0,1,0,255,255,255,255,1,1,1,0,1,1,1,0,130,150,100,101,102,103,1,99,1,1,1,1,10,4,0,0,255,0,0,0,0,0,0,0,0,0,1,0,0,0,0,255,255,255,255,255,255,255,255,255,255,255,255,65000000,-1,-1,-1,-1,-1,-1,-1,-1,-1,-1,-1,-1,-1,[0|0|0|0|0|0|0|0|0|0|0|0]
7717,,9999999,-1,-1,81011700,12170010,-1,24000000,5000000,5000100,5000200,5000300,50000000,52000000,51000000,53000000,-1,-1,-1,-1,60000000,60010000,-1,11008,11018,-1,-1,-1,-1,-1,-1,-1,-1,1025,1075,250,-1,10040,1410,-1,-1,-1,-1,10,1,0,1,0,1,0,1,0,15,13,10,12,16,12,9,7,10,0,10,4,1,0,3,99,0,0,0,0,255,255,255,255,255,255,255,0,0,1,0,255,255,255,255,0,0,0,0,0,0,1,0,130,150,100,101,102,103,1,99,1,1,1,1,10,4,0,0,255,0,0,0,0,0,0,0,0,0,1,0,0,0,0,255,255,255,255,255,255,255,255,255,255,255,255,65000000,-1,-1,-1,-1,-1,-1,-1,-1,-1,-1,-1,-1,-1,[0|0|0|0|0|0|0|0|0|0|0|0]
7725,,9999999,81012500,-1,31000000,32150010,-1,24000000,5000000,5000100,5000200,5000300,50000000,52000000,51000000,53000000,-1,-1,-1,-1,60000000,60010000,-1,11008,11018,-1,-1,-1,-1,-1,-1,-1,-1,1025,1075,250,-1,10040,1410,-1,-1,-1,-1,10,1,0,1,0,1,0,1,0,15,13,10,12,16,12,9,7,10,0,10,4,1,0,3,99,0,0,0,0,255,255,255,255,255,255,255,0,0,1,0,255,255,255,255,0,0,0,0,0,0,1,0,130,150,100,101,102,103,1,99,1,1,1,1,10,4,0,0,255,0,0,0,0,0,0,0,0,0,1,0,0,0,0,255,255,255,255,255,255,255,255,255,255,255,255,65000000,-1,-1,-1,-1,-1,-1,-1,-1,-1,-1,-1,-1,-1,[0|0|0|0|0|0|0|0|0|0|0|0]
7771,,9999999,81022300,-1,81022300,32160010,-1,24000000,5000000,5000100,5000200,5000300,50000000,52000000,51000000,53000000,-1,-1,-1,-1,60000000,60010000,-1,11008,11018,-1,-1,-1,-1,-1,-1,-1,-1,1025,1075,250,-1,10040,1410,-1,-1,-1,-1,10,1,0,1,0,1,0,1,0,15,13,10,12,16,12,9,7,10,0,10,4,1,0,3,99,0,0,0,0,255,255,255,255,255,255,255,0,0,1,0,255,255,255,255,0,0,0,0,0,0,1,0,130,150,100,101,102,103,1,99,1,1,1,1,10,4,0,0,255,0,0,0,0,0,0,0,0,0,1,0,0,0,0,255,255,255,255,255,255,255,255,255,255,255,255,65000000,-1,-1,-1,-1,-1,-1,-1,-1,-1,-1,-1,-1,-1,[0|0|0|0|0|0|0|0|0|0|0|0]
7793,,0,30000000,30000000,30000000,31000000,-1,24000000,5000000,5000100,5000200,5000300,50000000,52000000,51000000,53000000,-1,-1,-1,-1,60000000,60010000,-1,-1,-1,-1,-1,-1,-1,-1,-1,-1,-1,1001,1051,130,300,1700,1400,900,-1,9500,-1,1,1,0,1,0,1,0,1,0,15,13,10,12,16,12,9,7,10,0,3,3,1,3,40,99,99,0,3,0,255,255,255,255,255,255,255,0,0,1,0,255,255,255,255,0,0,0,0,0,0,1,0,-1,-1,-1,-1,-1,-1,0,0,0,0,0,0,3,3,0,0,255,0,0,0,0,0,0,0,0,0,1,0,0,0,0,255,255,255,255,255,255,255,255,255,255,255,255,65000000,-1,-1,-1,-1,-1,-1,-1,-1,-1,-1,-1,-1,-1,[0|0|0|0|0|0|0|0|0|0|0|0]
7897,,0,-1,-1,-1,-1,-1,-1,-1,-1,-1,-1,-1,-1,-1,-1,-1,-1,-1,-1,-1,-1,-1,11008,11018,-1,-1,-1,-1,-1,-1,-1,-1,1025,1075,250,-1,10040,1410,-1,-1,-1,-1,23270,0,0,0,0,0,0,0,0,0,0,0,0,0,0,0,0,0,0,10,4,1,0,3,99,0,0,0,0,255,255,255,255,255,255,255,0,0,0,0,255,255,255,255,0,0,0,0,0,0,0,0,130,150,100,101,102,103,1,99,1,1,1,1,255,255,0,0,255,0,0,0,0,0,0,0,0,0,1,0,0,0,0,255,255,255,255,255,255,255,255,255,255,255,255,65000000,-1,-1,-1,-1,-1,-1,-1,-1,-1,-1,-1,-1,-1,[0|0|0|0|0|0|0|0|0|0|0|0]
7898,,0,-1,-1,-1,-1,-1,-1,-1,-1,-1,-1,-1,-1,-1,-1,-1,-1,-1,-1,-1,-1,-1,11008,11018,-1,-1,-1,-1,-1,-1,-1,-1,1025,1075,250,-1,10040,1410,-1,-1,-1,-1,23270,0,0,0,0,0,0,0,0,0,0,0,0,0,0,0,0,0,0,10,4,1,0,3,99,0,0,0,0,255,255,255,255,255,255,255,0,0,0,0,255,255,255,255,0,0,0,0,0,0,0,0,130,150,100,101,102,103,1,99,1,1,1,1,255,255,0,0,255,0,0,0,0,0,0,0,0,0,1,0,0,0,0,255,255,255,255,255,255,255,255,255,255,255,255,65000000,-1,-1,-1,-1,-1,-1,-1,-1,-1,-1,-1,-1,-1,[0|0|0|0|0|0|0|0|0|0|0|0]
7899,,0,-1,-1,-1,-1,-1,-1,-1,-1,-1,-1,-1,-1,-1,-1,-1,-1,-1,-1,-1,-1,-1,11008,11018,-1,-1,-1,-1,-1,-1,-1,-1,1025,1075,250,-1,10040,1410,-1,-1,-1,-1,23270,0,0,0,0,0,0,0,0,0,0,0,0,0,0,0,0,0,0,10,4,1,0,3,99,0,0,0,0,255,255,255,255,255,255,255,0,0,0,0,255,255,255,255,0,0,0,0,0,0,0,0,130,150,100,101,102,103,1,99,1,1,1,1,255,255,0,0,255,0,0,0,0,0,0,0,0,0,1,0,0,0,0,255,255,255,255,255,255,255,255,255,255,255,255,65000000,-1,-1,-1,-1,-1,-1,-1,-1,-1,-1,-1,-1,-1,[0|0|0|0|0|0|0|0|0|0|0|0]
7900,,9999999,12170010,-1,31000000,12170010,-1,24000000,5000000,5000100,5000200,5000300,50000000,52000000,51000000,53000000,-1,-1,-1,-1,60000000,60010000,-1,11008,11018,-1,-1,-1,-1,-1,-1,-1,-1,1025,1075,250,-1,10040,1410,-1,-1,-1,-1,10,1,0,1,0,1,0,1,0,15,13,10,12,16,12,9,7,10,0,10,4,1,0,3,99,0,0,0,0,255,255,255,255,255,255,255,0,0,1,0,255,255,255,255,0,0,0,0,0,0,1,0,130,150,100,101,102,103,1,99,1,1,1,1,10,4,0,0,255,0,0,0,0,0,0,0,0,0,1,0,0,0,0,255,255,255,255,255,255,255,255,255,255,255,255,65000000,-1,-1,-1,-1,-1,-1,-1,-1,-1,-1,-1,-1,-1,[0|0|0|0|0|0|0|0|0|0|0|0]
7901,,9999999,32150010,-1,31000000,32150010,-1,24000000,5000000,5000100,5000200,5000300,50000000,52000000,51000000,53000000,-1,-1,-1,-1,60000000,60010000,-1,11008,11018,-1,-1,-1,-1,-1,-1,-1,-1,1025,1075,250,-1,10040,1410,-1,-1,-1,-1,10,1,0,1,0,1,0,1,0,15,13,10,12,16,12,9,7,10,0,10,4,1,0,3,99,0,0,0,0,255,255,255,255,255,255,255,0,0,1,0,255,255,255,255,0,0,0,0,0,0,1,0,130,150,100,101,102,103,1,99,1,1,1,1,10,4,0,0,255,0,0,0,0,0,0,0,0,0,1,0,0,0,0,255,255,255,255,255,255,255,255,255,255,255,255,65000000,-1,-1,-1,-1,-1,-1,-1,-1,-1,-1,-1,-1,-1,[0|0|0|0|0|0|0|0|0|0|0|0]
7902,,9999999,32160010,-1,31000000,32160010,-1,24000000,5000000,5000100,5000200,5000300,50000000,52000000,51000000,53000000,-1,-1,-1,-1,60000000,60010000,-1,11008,11018,-1,-1,-1,-1,-1,-1,-1,-1,1025,1075,250,-1,10040,1410,-1,-1,-1,-1,10,1,0,1,0,1,0,1,0,15,13,10,12,16,12,9,7,10,0,10,4,1,0,3,99,0,0,0,0,255,255,255,255,255,255,255,0,0,1,0,255,255,255,255,0,0,0,0,0,0,1,0,130,150,100,101,102,103,1,99,1,1,1,1,10,4,0,0,255,0,0,0,0,0,0,0,0,0,1,0,0,0,0,255,255,255,255,255,255,255,255,255,255,255,255,65000000,-1,-1,-1,-1,-1,-1,-1,-1,-1,-1,-1,-1,-1,[0|0|0|0|0|0|0|0|0|0|0|0]
7903,,9999999,11100010,-1,31000000,11100010,-1,24000000,5000000,5000100,5000200,5000300,50000000,52000000,51000000,53000000,-1,-1,-1,-1,60000000,60010000,-1,11008,11018,-1,-1,-1,-1,-1,-1,-1,-1,1025,1075,250,-1,10040,1410,-1,-1,-1,-1,10,1,0,1,0,1,0,1,0,15,13,10,12,16,12,9,7,10,0,10,4,1,0,3,99,0,0,0,0,255,255,255,255,255,255,255,0,0,1,0,255,255,255,255,0,0,0,0,0,0,1,0,130,150,100,101,102,103,1,99,1,1,1,1,10,4,0,0,255,0,0,0,0,0,0,0,0,0,1,0,0,0,0,255,255,255,255,255,255,255,255,255,255,255,255,65000000,-1,-1,-1,-1,-1,-1,-1,-1,-1,-1,-1,-1,-1,[0|0|0|0|0|0|0|0|0|0|0|0]
7904,,9999999,12160010,-1,31000000,12160010,-1,24000000,5000000,5000100,5000200,5000300,50000000,52000000,51000000,53000000,-1,-1,-1,-1,60000000,60010000,-1,11008,11018,-1,-1,-1,-1,-1,-1,-1,-1,1025,1075,250,-1,10040,1410,-1,-1,-1,-1,10,1,0,1,0,1,0,1,0,15,13,10,12,16,12,9,7,10,0,10,4,1,0,3,99,0,0,0,0,255,255,255,255,255,255,255,0,0,1,0,255,255,255,255,0,0,0,0,0,0,1,0,130,150,100,101,102,103,1,99,1,1,1,1,10,4,0,0,255,0,0,0,0,0,0,0,0,0,1,0,0,0,0,255,255,255,255,255,255,255,255,255,255,255,255,65000000,-1,-1,-1,-1,-1,-1,-1,-1,-1,-1,-1,-1,-1,[0|0|0|0|0|0|0|0|0|0|0|0]
7905,,9999999,23030010,-1,31000000,23030010,-1,24000000,5000000,5000100,5000200,5000300,50000000,52000000,51000000,53000000,-1,-1,-1,-1,60000000,60010000,-1,11008,11018,-1,-1,-1,-1,-1,-1,-1,-1,1025,1075,250,-1,10040,1410,-1,-1,-1,-1,10,1,0,1,0,1,0,1,0,15,13,10,12,16,12,9,7,10,0,10,4,1,0,3,99,0,0,0,0,255,255,255,255,255,255,255,0,0,1,0,255,255,255,255,0,0,0,0,0,0,1,0,130,150,100,101,102,103,1,99,1,1,1,1,10,4,0,0,255,0,0,0,0,0,0,0,0,0,1,0,0,0,0,255,255,255,255,255,255,255,255,255,255,255,255,65000000,-1,-1,-1,-1,-1,-1,-1,-1,-1,-1,-1,-1,-1,[0|0|0|0|0|0|0|0|0|0|0|0]
7906,,9999999,20030010,-1,31000000,20030010,-1,24000000,5000000,5000100,5000200,5000300,50000000,52000000,51000000,53000000,-1,-1,-1,-1,60000000,60010000,-1,11008,11018,-1,-1,-1,-1,-1,-1,-1,-1,1025,1075,250,-1,10040,1410,-1,-1,-1,-1,10,1,0,1,0,1,0,1,0,15,13,10,12,16,12,9,7,10,0,10,4,1,0,3,99,0,0,0,0,255,255,255,255,255,255,255,0,0,1,0,255,255,255,255,0,0,0,0,0,0,1,0,130,150,100,101,102,103,1,99,1,1,1,1,10,4,0,0,255,0,0,0,0,0,0,0,0,0,1,0,0,0,0,255,255,255,255,255,255,255,255,255,255,255,255,65000000,-1,-1,-1,-1,-1,-1,-1,-1,-1,-1,-1,-1,-1,[0|0|0|0|0|0|0|0|0|0|0|0]
7907,,9999999,30200010,-1,31000000,30200010,-1,24000000,5000000,5000100,5000200,5000300,50000000,52000000,51000000,53000000,-1,-1,-1,-1,60000000,60010000,-1,11008,11018,-1,-1,-1,-1,-1,-1,-1,-1,1025,1075,250,-1,10040,1410,-1,-1,-1,-1,10,1,0,1,0,1,0,1,0,15,13,10,12,16,12,9,7,10,0,10,4,1,0,3,99,0,0,0,0,255,255,255,255,255,255,255,0,0,1,0,255,255,255,255,0,0,0,0,0,0,1,0,130,150,100,101,102,103,1,99,1,1,1,1,10,4,0,0,255,0,0,0,0,0,0,0,0,0,1,0,0,0,0,255,255,255,255,255,255,255,255,255,255,255,255,65000000,-1,-1,-1,-1,-1,-1,-1,-1,-1,-1,-1,-1,-1,[0|0|0|0|0|0|0|0|0|0|0|0]
7908,,9999999,3090010,-1,31000000,3090010,-1,24000000,5000000,5000100,5000200,5000300,50000000,52000000,51000000,53000000,-1,-1,-1,-1,60000000,60010000,-1,11008,11018,-1,-1,-1,-1,-1,-1,-1,-1,1025,1075,250,-1,10040,1410,-1,-1,-1,-1,10,1,0,1,0,1,0,1,0,15,13,10,12,16,12,9,7,10,0,10,4,1,0,3,99,0,0,0,0,255,255,255,255,255,255,255,0,0,1,0,255,255,255,255,0,0,0,0,0,0,1,0,130,150,100,101,102,103,1,99,1,1,1,1,10,4,0,0,255,0,0,0,0,0,0,0,0,0,1,0,0,0,0,255,255,255,255,255,255,255,255,255,255,255,255,65000000,-1,-1,-1,-1,-1,-1,-1,-1,-1,-1,-1,-1,-1,[0|0|0|0|0|0|0|0|0|0|0|0]
7909,,9999999,17020010,-1,31000000,17020010,-1,24000000,5000000,5000100,5000200,5000300,50000000,52000000,51000000,53000000,-1,-1,-1,-1,60000000,60010000,-1,11008,11018,-1,-1,-1,-1,-1,-1,-1,-1,1025,1075,250,-1,10040,1410,-1,-1,-1,-1,10,1,0,1,0,1,0,1,0,15,13,10,12,16,12,9,7,10,0,10,4,1,0,3,99,0,0,0,0,255,255,255,255,255,255,255,0,0,1,0,255,255,255,255,0,0,0,0,0,0,1,0,130,150,100,101,102,103,1,99,1,1,1,1,10,4,0,0,255,0,0,0,0,0,0,0,0,0,1,0,0,0,0,255,255,255,255,255,255,255,255,255,255,255,255,65000000,-1,-1,-1,-1,-1,-1,-1,-1,-1,-1,-1,-1,-1,[0|0|0|0|0|0|0|0|0|0|0|0]
7910,,9999999,18040010,-1,31000000,18040010,-1,24000000,5000000,5000100,5000200,5000300,50000000,52000000,51000000,53000000,-1,-1,-1,-1,60000000,60010000,-1,11008,11018,-1,-1,-1,-1,-1,-1,-1,-1,1025,1075,250,-1,10040,1410,-1,-1,-1,-1,10,1,0,1,0,1,0,1,0,15,13,10,12,16,12,9,7,10,0,10,4,1,0,3,99,0,0,0,0,255,255,255,255,255,255,255,0,0,1,0,255,255,255,255,0,0,0,0,0,0,1,0,130,150,100,101,102,103,1,99,1,1,1,1,10,4,0,0,255,0,0,0,0,0,0,0,0,0,1,0,0,0,0,255,255,255,255,255,255,255,255,255,255,255,255,65000000,-1,-1,-1,-1,-1,-1,-1,-1,-1,-1,-1,-1,-1,[0|0|0|0|0|0|0|0|0|0|0|0]
7911,,9999999,21060010,-1,31000000,21060010,-1,24000000,5000000,5000100,5000200,5000300,50000000,52000000,51000000,53000000,-1,-1,-1,-1,60000000,60010000,-1,11008,11018,-1,-1,-1,-1,-1,-1,-1,-1,1025,1075,250,-1,10040,1410,-1,-1,-1,-1,10,1,0,1,0,1,0,1,0,15,13,10,12,16,12,9,7,10,0,10,4,1,0,3,99,0,0,0,0,255,255,255,255,255,255,255,0,0,1,0,255,255,255,255,0,0,0,0,0,0,1,0,130,150,100,101,102,103,1,99,1,1,1,1,10,4,0,0,255,0,0,0,0,0,0,0,0,0,1,0,0,0,0,255,255,255,255,255,255,255,255,255,255,255,255,65000000,-1,-1,-1,-1,-1,-1,-1,-1,-1,-1,-1,-1,-1,[0|0|0|0|0|0|0|0|0|0|0|0]
7912,,9999999,3150010,-1,31000000,3150010,-1,24000000,5000000,5000100,5000200,5000300,50000000,52000000,51000000,53000000,-1,-1,-1,-1,60000000,60010000,-1,11008,11018,-1,-1,-1,-1,-1,-1,-1,-1,1025,1075,250,-1,10040,1410,-1,-1,-1,-1,10,1,0,1,0,1,0,1,0,15,13,10,12,16,12,9,7,10,0,10,4,1,0,3,99,0,0,0,0,255,255,255,255,255,255,255,0,0,1,0,255,255,255,255,0,0,0,0,0,0,1,0,130,150,100,101,102,103,1,99,1,1,1,1,10,4,0,0,255,0,0,0,0,0,0,0,0,0,1,0,0,0,0,255,255,255,255,255,255,255,255,255,255,255,255,65000000,-1,-1,-1,-1,-1,-1,-1,-1,-1,-1,-1,-1,-1,[0|0|0|0|0|0|0|0|0|0|0|0]
7913,,9999999,15110010,-1,31000000,15110010,-1,24000000,5000000,5000100,5000200,5000300,50000000,52000000,51000000,53000000,-1,-1,-1,-1,60000000,60010000,-1,11008,11018,-1,-1,-1,-1,-1,-1,-1,-1,1025,1075,250,-1,10040,1410,-1,-1,-1,-1,10,1,0,1,0,1,0,1,0,15,13,10,12,16,12,9,7,10,0,10,4,1,0,3,99,0,0,0,0,255,255,255,255,255,255,255,0,0,1,0,255,255,255,255,0,0,0,0,0,0,1,0,130,150,100,101,102,103,1,99,1,1,1,1,10,4,0,0,255,0,0,0,0,0,0,0,0,0,1,0,0,0,0,255,255,255,255,255,255,255,255,255,255,255,255,65000000,-1,-1,-1,-1,-1,-1,-1,-1,-1,-1,-1,-1,-1,[0|0|0|0|0|0|0|0|0|0|0|0]
7914,,9999999,3140010,-1,31000000,3140010,-1,24000000,5000000,5000100,5000200,5000300,50000000,52000000,51000000,53000000,-1,-1,-1,-1,60000000,60010000,-1,11008,11018,-1,-1,-1,-1,-1,-1,-1,-1,1025,1075,250,-1,10040,1410,-1,-1,-1,-1,10,1,0,1,0,1,0,1,0,15,13,10,12,16,12,9,7,10,0,10,4,1,0,3,99,0,0,0,0,255,255,255,255,255,255,255,0,0,1,0,255,255,255,255,0,0,0,0,0,0,1,0,130,150,100,101,102,103,1,99,1,1,1,1,10,4,0,0,255,0,0,0,0,0,0,0,0,0,1,0,0,0,0,255,255,255,255,255,255,255,255,255,255,255,255,65000000,-1,-1,-1,-1,-1,-1,-1,-1,-1,-1,-1,-1,-1,[0|0|0|0|0|0|0|0|0|0|0|0]
7915,,9999999,3160010,-1,31000000,3160010,-1,24000000,5000000,5000100,5000200,5000300,50000000,52000000,51000000,53000000,-1,-1,-1,-1,60000000,60010000,-1,11008,11018,-1,-1,-1,-1,-1,-1,-1,-1,1025,1075,250,-1,10040,1410,-1,-1,-1,-1,10,1,0,1,0,1,0,1,0,15,13,10,12,16,12,9,7,10,0,10,4,1,0,3,99,0,0,0,0,255,255,255,255,255,255,255,0,0,1,0,255,255,255,255,0,0,0,0,0,0,1,0,130,150,100,101,102,103,1,99,1,1,1,1,10,4,0,0,255,0,0,0,0,0,0,0,0,0,1,0,0,0,0,255,255,255,255,255,255,255,255,255,255,255,255,65000000,-1,-1,-1,-1,-1,-1,-1,-1,-1,-1,-1,-1,-1,[0|0|0|0|0|0|0|0|0|0|0|0]
7916,,9999999,1040010,-1,31000000,1040010,-1,24000000,5000000,5000100,5000200,5000300,50000000,52000000,51000000,53000000,-1,-1,-1,-1,60000000,60010000,-1,11008,11018,-1,-1,-1,-1,-1,-1,-1,-1,1025,1075,250,-1,10040,1410,-1,-1,-1,-1,10,1,0,1,0,1,0,1,0,15,13,10,12,16,12,9,7,10,0,10,4,1,0,3,99,0,0,0,0,255,255,255,255,255,255,255,0,0,1,0,255,255,255,255,0,0,0,0,0,0,1,0,130,150,100,101,102,103,1,99,1,1,1,1,10,4,0,0,255,0,0,0,0,0,0,0,0,0,1,0,0,0,0,255,255,255,255,255,255,255,255,255,255,255,255,65000000,-1,-1,-1,-1,-1,-1,-1,-1,-1,-1,-1,-1,-1,[0|0|0|0|0|0|0|0|0|0|0|0]
7917,,9999999,1070010,-1,31000000,1070010,-1,24000000,5000000,5000100,5000200,5000300,50000000,52000000,51000000,53000000,-1,-1,-1,-1,60000000,60010000,-1,11008,11018,-1,-1,-1,-1,-1,-1,-1,-1,1025,1075,250,-1,10040,1410,-1,-1,-1,-1,10,1,0,1,0,1,0,1,0,15,13,10,12,16,12,9,7,10,0,10,4,1,0,3,99,0,0,0,0,255,255,255,255,255,255,255,0,0,1,0,255,255,255,255,0,0,0,0,0,0,1,0,130,150,100,101,102,103,1,99,1,1,1,1,10,4,0,0,255,0,0,0,0,0,0,0,0,0,1,0,0,0,0,255,255,255,255,255,255,255,255,255,255,255,255,65000000,-1,-1,-1,-1,-1,-1,-1,-1,-1,-1,-1,-1,-1,[0|0|0|0|0|0|0|0|0|0|0|0]
7918,,9999999,2080010,-1,31000000,2080010,-1,24000000,5000000,5000100,5000200,5000300,50000000,52000000,51000000,53000000,-1,-1,-1,-1,60000000,60010000,-1,11008,11018,-1,-1,-1,-1,-1,-1,-1,-1,1025,1075,250,-1,10040,1410,-1,-1,-1,-1,10,1,0,1,0,1,0,1,0,15,13,10,12,16,12,9,7,10,0,10,4,1,0,3,99,0,0,0,0,255,255,255,255,255,255,255,0,0,1,0,255,255,255,255,0,0,0,0,0,0,1,0,130,150,100,101,102,103,1,99,1,1,1,1,10,4,0,0,255,0,0,0,0,0,0,0,0,0,1,0,0,0,0,255,255,255,255,255,255,255,255,255,255,255,255,65000000,-1,-1,-1,-1,-1,-1,-1,-1,-1,-1,-1,-1,-1,[0|0|0|0|0|0|0|0|0|0|0|0]
7919,,9999999,2140010,-1,31000000,2140010,-1,24000000,5000000,5000100,5000200,5000300,50000000,52000000,51000000,53000000,-1,-1,-1,-1,60000000,60010000,-1,11008,11018,-1,-1,-1,-1,-1,-1,-1,-1,1025,1075,250,-1,10040,1410,-1,-1,-1,-1,10,1,0,1,0,1,0,1,0,15,13,10,12,16,12,9,7,10,0,10,4,1,0,3,99,0,0,0,0,255,255,255,255,255,255,255,0,0,1,0,255,255,255,255,0,0,0,0,0,0,1,0,130,150,100,101,102,103,1,99,1,1,1,1,10,4,0,0,255,0,0,0,0,0,0,0,0,0,1,0,0,0,0,255,255,255,255,255,255,255,255,255,255,255,255,65000000,-1,-1,-1,-1,-1,-1,-1,-1,-1,-1,-1,-1,-1,[0|0|0|0|0|0|0|0|0|0|0|0]
7920,,9999999,3100010,-1,31000000,3100010,-1,24000000,5000000,5000100,5000200,5000300,50000000,52000000,51000000,53000000,-1,-1,-1,-1,60000000,60010000,-1,11008,11018,-1,-1,-1,-1,-1,-1,-1,-1,1025,1075,250,-1,10040,1410,-1,-1,-1,-1,10,1,0,1,0,1,0,1,0,15,13,10,12,16,12,9,7,10,0,10,4,1,0,3,99,0,0,0,0,255,255,255,255,255,255,255,0,0,1,0,255,255,255,255,0,0,0,0,0,0,1,0,130,150,100,101,102,103,1,99,1,1,1,1,10,4,0,0,255,0,0,0,0,0,0,0,0,0,1,0,0,0,0,255,255,255,255,255,255,255,255,255,255,255,255,65000000,-1,-1,-1,-1,-1,-1,-1,-1,-1,-1,-1,-1,-1,[0|0|0|0|0|0|0|0|0|0|0|0]
7921,,9999999,3130010,-1,31000000,3130010,-1,24000000,5000000,5000100,5000200,5000300,50000000,52000000,51000000,53000000,-1,-1,-1,-1,60000000,60010000,-1,11008,11018,-1,-1,-1,-1,-1,-1,-1,-1,1025,1075,250,-1,10040,1410,-1,-1,-1,-1,10,1,0,1,0,1,0,1,0,15,13,10,12,16,12,9,7,10,0,10,4,1,0,3,99,0,0,0,0,255,255,255,255,255,255,255,0,0,1,0,255,255,255,255,0,0,0,0,0,0,1,0,130,150,100,101,102,103,1,99,1,1,1,1,10,4,0,0,255,0,0,0,0,0,0,0,0,0,1,0,0,0,0,255,255,255,255,255,255,255,255,255,255,255,255,65000000,-1,-1,-1,-1,-1,-1,-1,-1,-1,-1,-1,-1,-1,[0|0|0|0|0|0|0|0|0|0|0|0]
7922,,9999999,3170010,-1,31000000,3170010,-1,24000000,5000000,5000100,5000200,5000300,50000000,52000000,51000000,53000000,-1,-1,-1,-1,60000000,60010000,-1,11008,11018,-1,-1,-1,-1,-1,-1,-1,-1,1025,1075,250,-1,10040,1410,-1,-1,-1,-1,10,1,0,1,0,1,0,1,0,15,13,10,12,16,12,9,7,10,0,10,4,1,0,3,99,0,0,0,0,255,255,255,255,255,255,255,0,0,1,0,255,255,255,255,0,0,0,0,0,0,1,0,130,150,100,101,102,103,1,99,1,1,1,1,10,4,0,0,255,0,0,0,0,0,0,0,0,0,1,0,0,0,0,255,255,255,255,255,255,255,255,255,255,255,255,65000000,-1,-1,-1,-1,-1,-1,-1,-1,-1,-1,-1,-1,-1,[0|0|0|0|0|0|0|0|0|0|0|0]
7923,,9999999,2190010,-1,31000000,2190010,-1,24000000,5000000,5000100,5000200,5000300,50000000,52000000,51000000,53000000,-1,-1,-1,-1,60000000,60010000,-1,11008,11018,-1,-1,-1,-1,-1,-1,-1,-1,1025,1075,250,-1,10040,1410,-1,-1,-1,-1,10,1,0,1,0,1,0,1,0,15,13,10,12,16,12,9,7,10,0,10,4,1,0,3,99,0,0,0,0,255,255,255,255,255,255,255,0,0,1,0,255,255,255,255,0,0,0,0,0,0,1,0,130,150,100,101,102,103,1,99,1,1,1,1,10,4,0,0,255,0,0,0,0,0,0,0,0,0,1,0,0,0,0,255,255,255,255,255,255,255,255,255,255,255,255,65000000,-1,-1,-1,-1,-1,-1,-1,-1,-1,-1,-1,-1,-1,[0|0|0|0|0|0|0|0|0|0|0|0]
7924,,9999999,16120010,-1,31000000,16120010,-1,24000000,5000000,5000100,5000200,5000300,50000000,52000000,51000000,53000000,-1,-1,-1,-1,60000000,60010000,-1,11008,11018,-1,-1,-1,-1,-1,-1,-1,-1,1025,1075,250,-1,10040,1410,-1,-1,-1,-1,10,1,0,1,0,1,0,1,0,15,13,10,12,16,12,9,7,10,0,10,4,1,0,3,99,0,0,0,0,255,255,255,255,255,255,255,0,0,1,0,255,255,255,255,0,0,0,0,0,0,1,0,130,150,100,101,102,103,1,99,1,1,1,1,10,4,0,0,255,0,0,0,0,0,0,0,0,0,1,0,0,0,0,255,255,255,255,255,255,255,255,255,255,255,255,65000000,-1,-1,-1,-1,-1,-1,-1,-1,-1,-1,-1,-1,-1,[0|0|0|0|0|0|0|0|0|0|0|0]
7925,,9999999,4060010,-1,31000000,4060010,-1,24000000,5000000,5000100,5000200,5000300,50000000,52000000,51000000,53000000,-1,-1,-1,-1,60000000,60010000,-1,11008,11018,-1,-1,-1,-1,-1,-1,-1,-1,1025,1075,250,-1,10040,1410,-1,-1,-1,-1,10,1,0,1,0,1,0,1,0,15,13,10,12,16,12,9,7,10,0,10,4,1,0,3,99,0,0,0,0,255,255,255,255,255,255,255,0,0,1,0,255,255,255,255,0,0,0,0,0,0,1,0,130,150,100,101,102,103,1,99,1,1,1,1,10,4,0,0,255,0,0,0,0,0,0,0,0,0,1,0,0,0,0,255,255,255,255,255,255,255,255,255,255,255,255,65000000,-1,-1,-1,-1,-1,-1,-1,-1,-1,-1,-1,-1,-1,[0|0|0|0|0|0|0|0|0|0|0|0]
7926,,9999999,6040010,-1,31000000,6040010,-1,24000000,5000000,5000100,5000200,5000300,50000000,52000000,51000000,53000000,-1,-1,-1,-1,60000000,60010000,-1,11008,11018,-1,-1,-1,-1,-1,-1,-1,-1,1025,1075,250,-1,10040,1410,-1,-1,-1,-1,10,1,0,1,0,1,0,1,0,15,13,10,12,16,12,9,7,10,0,10,4,1,0,3,99,0,0,0,0,255,255,255,255,255,255,255,0,0,1,0,255,255,255,255,0,0,0,0,0,0,1,0,130,150,100,101,102,103,1,99,1,1,1,1,10,4,0,0,255,0,0,0,0,0,0,0,0,0,1,0,0,0,0,255,255,255,255,255,255,255,255,255,255,255,255,65000000,-1,-1,-1,-1,-1,-1,-1,-1,-1,-1,-1,-1,-1,[0|0|0|0|0|0|0|0|0|0|0|0]
7927,,9999999,8100010,-1,31000000,8100010,-1,24000000,5000000,5000100,5000200,5000300,50000000,52000000,51000000,53000000,-1,-1,-1,-1,60000000,60010000,-1,11008,11018,-1,-1,-1,-1,-1,-1,-1,-1,1025,1075,250,-1,10040,1410,-1,-1,-1,-1,10,1,0,1,0,1,0,1,0,15,13,10,12,16,12,9,7,10,0,10,4,1,0,3,99,0,0,0,0,255,255,255,255,255,255,255,0,0,1,0,255,255,255,255,0,0,0,0,0,0,1,0,130,150,100,101,102,103,1,99,1,1,1,1,10,4,0,0,255,0,0,0,0,0,0,0,0,0,1,0,0,0,0,255,255,255,255,255,255,255,255,255,255,255,255,65000000,-1,-1,-1,-1,-1,-1,-1,-1,-1,-1,-1,-1,-1,[0|0|0|0|0|0|0|0|0|0|0|0]
7928,,9999999,9020010,-1,31000000,9020010,-1,24000000,5000000,5000100,5000200,5000300,50000000,52000000,51000000,53000000,-1,-1,-1,-1,60000000,60010000,-1,11008,11018,-1,-1,-1,-1,-1,-1,-1,-1,1025,1075,250,-1,10040,1410,-1,-1,-1,-1,10,1,0,1,0,1,0,1,0,15,13,10,12,16,12,9,7,10,0,10,4,1,0,3,99,0,0,0,0,255,255,255,255,255,255,255,0,0,1,0,255,255,255,255,0,0,0,0,0,0,1,0,130,150,100,101,102,103,1,99,1,1,1,1,10,4,0,0,255,0,0,0,0,0,0,0,0,0,1,0,0,0,0,255,255,255,255,255,255,255,255,255,255,255,255,65000000,-1,-1,-1,-1,-1,-1,-1,-1,-1,-1,-1,-1,-1,[0|0|0|0|0|0|0|0|0|0|0|0]
7929,,9999999,11150010,-1,31000000,11150010,-1,24000000,5000000,5000100,5000200,5000300,50000000,52000000,51000000,53000000,-1,-1,-1,-1,60000000,60010000,-1,11008,11018,-1,-1,-1,-1,-1,-1,-1,-1,1025,1075,250,-1,10040,1410,-1,-1,-1,-1,10,1,0,1,0,1,0,1,0,15,13,10,12,16,12,9,7,10,0,10,4,1,0,3,99,0,0,0,0,255,255,255,255,255,255,255,0,0,1,0,255,255,255,255,0,0,0,0,0,0,1,0,130,150,100,101,102,103,1,99,1,1,1,1,10,4,0,0,255,0,0,0,0,0,0,0,0,0,1,0,0,0,0,255,255,255,255,255,255,255,255,255,255,255,255,65000000,-1,-1,-1,-1,-1,-1,-1,-1,-1,-1,-1,-1,-1,[0|0|0|0|0|0|0|0|0|0|0|0]
7930,,9999999,15040010,-1,31000000,15040010,-1,24000000,5000000,5000100,5000200,5000300,50000000,52000000,51000000,53000000,-1,-1,-1,-1,60000000,60010000,-1,11008,11018,-1,-1,-1,-1,-1,-1,-1,-1,1025,1075,250,-1,10040,1410,-1,-1,-1,-1,10,1,0,1,0,1,0,1,0,15,13,10,12,16,12,9,7,10,0,10,4,1,0,3,99,0,0,0,0,255,255,255,255,255,255,255,0,0,1,0,255,255,255,255,0,0,0,0,0,0,1,0,130,150,100,101,102,103,1,99,1,1,1,1,10,4,0,0,255,0,0,0,0,0,0,0,0,0,1,0,0,0,0,255,255,255,255,255,255,255,255,255,255,255,255,65000000,-1,-1,-1,-1,-1,-1,-1,-1,-1,-1,-1,-1,-1,[0|0|0|0|0|0|0|0|0|0|0|0]
7931,,9999999,23050010,-1,31000000,23050010,-1,24000000,5000000,5000100,5000200,5000300,50000000,52000000,51000000,53000000,-1,-1,-1,-1,60000000,60010000,-1,11008,11018,-1,-1,-1,-1,-1,-1,-1,-1,1025,1075,250,-1,10040,1410,-1,-1,-1,-1,10,1,0,1,0,1,0,1,0,15,13,10,12,16,12,9,7,10,0,10,4,1,0,3,99,0,0,0,0,255,255,255,255,255,255,255,0,0,1,0,255,255,255,255,0,0,0,0,0,0,1,0,130,150,100,101,102,103,1,99,1,1,1,1,10,4,0,0,255,0,0,0,0,0,0,0,0,0,1,0,0,0,0,255,255,255,255,255,255,255,255,255,255,255,255,65000000,-1,-1,-1,-1,-1,-1,-1,-1,-1,-1,-1,-1,-1,[0|0|0|0|0|0|0|0|0|0|0|0]
7932,,9999999,4050010,-1,31000000,4050010,-1,24000000,5000000,5000100,5000200,5000300,50000000,52000000,51000000,53000000,-1,-1,-1,-1,60000000,60010000,-1,11008,11018,-1,-1,-1,-1,-1,-1,-1,-1,1025,1075,250,-1,10040,1410,-1,-1,-1,-1,10,1,0,1,0,1,0,1,0,15,13,10,12,16,12,9,7,10,0,10,4,1,0,3,99,0,0,0,0,255,255,255,255,255,255,255,0,0,1,0,255,255,255,255,0,0,0,0,0,0,1,0,130,150,100,101,102,103,1,99,1,1,1,1,10,4,0,0,255,0,0,0,0,0,0,0,0,0,1,0,0,0,0,255,255,255,255,255,255,255,255,255,255,255,255,65000000,-1,-1,-1,-1,-1,-1,-1,-1,-1,-1,-1,-1,-1,[0|0|0|0|0|0|0|0|0|0|0|0]
7933,,9999999,4080010,-1,31000000,4080010,-1,24000000,5000000,5000100,5000200,5000300,50000000,52000000,51000000,53000000,-1,-1,-1,-1,60000000,60010000,-1,11008,11018,-1,-1,-1,-1,-1,-1,-1,-1,1025,1075,250,-1,10040,1410,-1,-1,-1,-1,10,1,0,1,0,1,0,1,0,15,13,10,12,16,12,9,7,10,0,10,4,1,0,3,99,0,0,0,0,255,255,255,255,255,255,255,0,0,1,0,255,255,255,255,0,0,0,0,0,0,1,0,130,150,100,101,102,103,1,99,1,1,1,1,10,4,0,0,255,0,0,0,0,0,0,0,0,0,1,0,0,0,0,255,255,255,255,255,255,255,255,255,255,255,255,65000000,-1,-1,-1,-1,-1,-1,-1,-1,-1,-1,-1,-1,-1,[0|0|0|0|0|0|0|0|0|0|0|0]
7934,,9999999,17010010,-1,31000000,17010010,-1,24000000,5000000,5000100,5000200,5000300,50000000,52000000,51000000,53000000,-1,-1,-1,-1,60000000,60010000,-1,11008,11018,-1,-1,-1,-1,-1,-1,-1,-1,1025,1075,250,-1,10040,1410,-1,-1,-1,-1,10,1,0,1,0,1,0,1,0,15,13,10,12,16,12,9,7,10,0,10,4,1,0,3,99,0,0,0,0,255,255,255,255,255,255,255,0,0,1,0,255,255,255,255,0,0,0,0,0,0,1,0,130,150,100,101,102,103,1,99,1,1,1,1,10,4,0,0,255,0,0,0,0,0,0,0,0,0,1,0,0,0,0,255,255,255,255,255,255,255,255,255,255,255,255,65000000,-1,-1,-1,-1,-1,-1,-1,-1,-1,-1,-1,-1,-1,[0|0|0|0|0|0|0|0|0|0|0|0]
7935,,9999999,11120010,-1,31000000,11120010,-1,24000000,5000000,5000100,5000200,5000300,50000000,52000000,51000000,53000000,-1,-1,-1,-1,60000000,60010000,-1,11008,11018,-1,-1,-1,-1,-1,-1,-1,-1,1025,1075,250,-1,10040,1410,-1,-1,-1,-1,10,1,0,1,0,1,0,1,0,15,13,10,12,16,12,9,7,10,0,10,4,1,0,3,99,0,0,0,0,255,255,255,255,255,255,255,0,0,1,0,255,255,255,255,0,0,0,0,0,0,1,0,130,150,100,101,102,103,1,99,1,1,1,1,10,4,0,0,255,0,0,0,0,0,0,0,0,0,1,0,0,0,0,255,255,255,255,255,255,255,255,255,255,255,255,65000000,-1,-1,-1,-1,-1,-1,-1,-1,-1,-1,-1,-1,-1,[0|0|0|0|0|0|0|0|0|0|0|0]
7936,,9999999,1010010,-1,31000000,1010010,-1,24000000,5000000,5000100,5000200,5000300,50000000,52000000,51000000,53000000,-1,-1,-1,-1,60000000,60010000,-1,11008,11018,-1,-1,-1,-1,-1,-1,-1,-1,1025,1075,250,-1,10040,1410,-1,-1,-1,-1,10,1,0,1,0,1,0,1,0,15,13,10,12,16,12,9,7,10,0,10,4,1,0,3,99,0,0,0,0,255,255,255,255,255,255,255,0,0,1,0,255,255,255,255,0,0,0,0,0,0,1,0,130,150,100,101,102,103,1,99,1,1,1,1,10,4,0,0,255,0,0,0,0,0,0,0,0,0,1,0,0,0,0,255,255,255,255,255,255,255,255,255,255,255,255,65000000,-1,-1,-1,-1,-1,-1,-1,-1,-1,-1,-1,-1,-1,[0|0|0|0|0|0|0|0|0|0|0|0]
7937,,9999999,1160010,-1,31000000,1160010,-1,24000000,5000000,5000100,5000200,5000300,50000000,52000000,51000000,53000000,-1,-1,-1,-1,60000000,60010000,-1,11008,11018,-1,-1,-1,-1,-1,-1,-1,-1,1025,1075,250,-1,10040,1410,-1,-1,-1,-1,10,1,0,1,0,1,0,1,0,15,13,10,12,16,12,9,7,10,0,10,4,1,0,3,99,0,0,0,0,255,255,255,255,255,255,255,0,0,1,0,255,255,255,255,0,0,0,0,0,0,1,0,130,150,100,101,102,103,1,99,1,1,1,1,10,4,0,0,255,0,0,0,0,0,0,0,0,0,1,0,0,0,0,255,255,255,255,255,255,255,255,255,255,255,255,65000000,-1,-1,-1,-1,-1,-1,-1,-1,-1,-1,-1,-1,-1,[0|0|0|0|0|0|0|0|0|0|0|0]
7938,,9999999,4020010,-1,31000000,4020010,-1,24000000,5000000,5000100,5000200,5000300,50000000,52000000,51000000,53000000,-1,-1,-1,-1,60000000,60010000,-1,11008,11018,-1,-1,-1,-1,-1,-1,-1,-1,1025,1075,250,-1,10040,1410,-1,-1,-1,-1,10,1,0,1,0,1,0,1,0,15,13,10,12,16,12,9,7,10,0,10,4,1,0,3,99,0,0,0,0,255,255,255,255,255,255,255,0,0,1,0,255,255,255,255,0,0,0,0,0,0,1,0,130,150,100,101,102,103,1,99,1,1,1,1,10,4,0,0,255,0,0,0,0,0,0,0,0,0,1,0,0,0,0,255,255,255,255,255,255,255,255,255,255,255,255,65000000,-1,-1,-1,-1,-1,-1,-1,-1,-1,-1,-1,-1,-1,[0|0|0|0|0|0|0|0|0|0|0|0]
7939,,9999999,23100010,-1,31000000,23100010,-1,24000000,5000000,5000100,5000200,5000300,50000000,52000000,51000000,53000000,-1,-1,-1,-1,60000000,60010000,-1,11008,11018,-1,-1,-1,-1,-1,-1,-1,-1,1025,1075,250,-1,10040,1410,-1,-1,-1,-1,10,1,0,1,0,1,0,1,0,15,13,10,12,16,12,9,7,10,0,10,4,1,0,3,99,0,0,0,0,255,255,255,255,255,255,255,0,0,1,0,255,255,255,255,0,0,0,0,0,0,1,0,130,150,100,101,102,103,1,99,1,1,1,1,10,4,0,0,255,0,0,0,0,0,0,0,0,0,1,0,0,0,0,255,255,255,255,255,255,255,255,255,255,255,255,65000000,-1,-1,-1,-1,-1,-1,-1,-1,-1,-1,-1,-1,-1,[0|0|0|0|0|0|0|0|0|0|0|0]
7940,,9999999,3070010,-1,31000000,3070010,-1,24000000,5000000,5000100,5000200,5000300,50000000,52000000,51000000,53000000,-1,-1,-1,-1,60000000,60010000,-1,11008,11018,-1,-1,-1,-1,-1,-1,-1,-1,1025,1075,250,-1,10040,1410,-1,-1,-1,-1,10,1,0,1,0,1,0,1,0,15,13,10,12,16,12,9,7,10,0,10,4,1,0,3,99,0,0,0,0,255,255,255,255,255,255,255,0,0,1,0,255,255,255,255,0,0,0,0,0,0,1,0,130,150,100,101,102,103,1,99,1,1,1,1,10,4,0,0,255,0,0,0,0,0,0,0,0,0,1,0,0,0,0,255,255,255,255,255,255,255,255,255,255,255,255,65000000,-1,-1,-1,-1,-1,-1,-1,-1,-1,-1,-1,-1,-1,[0|0|0|0|0|0|0|0|0|0|0|0]
7941,,9999999,8010010,-1,31000000,8010010,-1,24000000,5000000,5000100,5000200,5000300,50000000,52000000,51000000,53000000,-1,-1,-1,-1,60000000,60010000,-1,11008,11018,-1,-1,-1,-1,-1,-1,-1,-1,1025,1075,250,-1,10040,1410,-1,-1,-1,-1,10,1,0,1,0,1,0,1,0,15,13,10,12,16,12,9,7,10,0,10,4,1,0,3,99,0,0,0,0,255,255,255,255,255,255,255,0,0,1,0,255,255,255,255,0,0,0,0,0,0,1,0,130,150,100,101,102,103,1,99,1,1,1,1,10,4,0,0,255,0,0,0,0,0,0,0,0,0,1,0,0,0,0,255,255,255,255,255,255,255,255,255,255,255,255,65000000,-1,-1,-1,-1,-1,-1,-1,-1,-1,-1,-1,-1,-1,[0|0|0|0|0|0|0|0|0|0|0|0]
7942,,9999999,4100010,-1,31000000,4100010,-1,24000000,5000000,5000100,5000200,5000300,50000000,52000000,51000000,53000000,-1,-1,-1,-1,60000000,60010000,-1,11008,11018,-1,-1,-1,-1,-1,-1,-1,-1,1025,1075,250,-1,10040,1410,-1,-1,-1,-1,10,1,0,1,0,1,0,1,0,15,13,10,12,16,12,9,7,10,0,10,4,1,0,3,99,0,0,0,0,255,255,255,255,255,255,255,0,0,1,0,255,255,255,255,0,0,0,0,0,0,1,0,130,150,100,101,102,103,1,99,1,1,1,1,10,4,0,0,255,0,0,0,0,0,0,0,0,0,1,0,0,0,0,255,255,255,255,255,255,255,255,255,255,255,255,65000000,-1,-1,-1,-1,-1,-1,-1,-1,-1,-1,-1,-1,-1,[0|0|0|0|0|0|0|0|0|0|0|0]
7943,,9999999,9070010,-1,31000000,9070010,-1,24000000,5000000,5000100,5000200,5000300,50000000,52000000,51000000,53000000,-1,-1,-1,-1,60000000,60010000,-1,11008,11018,-1,-1,-1,-1,-1,-1,-1,-1,1025,1075,250,-1,10040,1410,-1,-1,-1,-1,10,1,0,1,0,1,0,1,0,15,13,10,12,16,12,9,7,10,0,10,4,1,0,3,99,0,0,0,0,255,255,255,255,255,255,255,0,0,1,0,255,255,255,255,0,0,0,0,0,0,1,0,130,150,100,101,102,103,1,99,1,1,1,1,10,4,0,0,255,0,0,0,0,0,0,0,0,0,1,0,0,0,0,255,255,255,255,255,255,255,255,255,255,255,255,65000000,-1,-1,-1,-1,-1,-1,-1,-1,-1,-1,-1,-1,-1,[0|0|0|0|0|0|0|0|0|0|0|0]
7944,,9999999,12150010,-1,31000000,12150010,-1,24000000,5000000,5000100,5000200,5000300,50000000,52000000,51000000,53000000,-1,-1,-1,-1,60000000,60010000,-1,11008,11018,-1,-1,-1,-1,-1,-1,-1,-1,1025,1075,250,-1,10040,1410,-1,-1,-1,-1,10,1,0,1,0,1,0,1,0,15,13,10,12,16,12,9,7,10,0,10,4,1,0,3,99,0,0,0,0,255,255,255,255,255,255,255,0,0,1,0,255,255,255,255,0,0,0,0,0,0,1,0,130,150,100,101,102,103,1,99,1,1,1,1,10,4,0,0,255,0,0,0,0,0,0,0,0,0,1,0,0,0,0,255,255,255,255,255,255,255,255,255,255,255,255,65000000,-1,-1,-1,-1,-1,-1,-1,-1,-1,-1,-1,-1,-1,[0|0|0|0|0|0|0|0|0|0|0|0]
7945,,9999999,20060010,-1,31000000,20060010,-1,24000000,5000000,5000100,5000200,5000300,50000000,52000000,51000000,53000000,-1,-1,-1,-1,60000000,60010000,-1,11008,11018,-1,-1,-1,-1,-1,-1,-1,-1,1025,1075,250,-1,10040,1410,-1,-1,-1,-1,10,1,0,1,0,1,0,1,0,15,13,10,12,16,12,9,7,10,0,10,4,1,0,3,99,0,0,0,0,255,255,255,255,255,255,255,0,0,1,0,255,255,255,255,0,0,0,0,0,0,1,0,130,150,100,101,102,103,1,99,1,1,1,1,10,4,0,0,255,0,0,0,0,0,0,0,0,0,1,0,0,0,0,255,255,255,255,255,255,255,255,255,255,255,255,65000000,-1,-1,-1,-1,-1,-1,-1,-1,-1,-1,-1,-1,-1,[0|0|0|0|0|0|0|0|0|0|0|0]
7946,,9999999,11130010,-1,31000000,11130010,-1,24000000,5000000,5000100,5000200,5000300,50000000,52000000,51000000,53000000,-1,-1,-1,-1,60000000,60010000,-1,11008,11018,-1,-1,-1,-1,-1,-1,-1,-1,1025,1075,250,-1,10040,1410,-1,-1,-1,-1,10,1,0,1,0,1,0,1,0,15,13,10,12,16,12,9,7,10,0,10,4,1,0,3,99,0,0,0,0,255,255,255,255,255,255,255,0,0,1,0,255,255,255,255,0,0,0,0,0,0,1,0,130,150,100,101,102,103,1,99,1,1,1,1,10,4,0,0,255,0,0,0,0,0,0,0,0,0,1,0,0,0,0,255,255,255,255,255,255,255,255,255,255,255,255,65000000,-1,-1,-1,-1,-1,-1,-1,-1,-1,-1,-1,-1,-1,[0|0|0|0|0|0|0|0|0|0|0|0]
7947,,9999999,13030010,-1,31000000,13030010,-1,24000000,5000000,5000100,5000200,5000300,50000000,52000000,51000000,53000000,-1,-1,-1,-1,60000000,60010000,-1,11008,11018,-1,-1,-1,-1,-1,-1,-1,-1,1025,1075,250,-1,10040,1410,-1,-1,-1,-1,10,1,0,1,0,1,0,1,0,15,13,10,12,16,12,9,7,10,0,10,4,1,0,3,99,0,0,0,0,255,255,255,255,255,255,255,0,0,1,0,255,255,255,255,0,0,0,0,0,0,1,0,130,150,100,101,102,103,1,99,1,1,1,1,10,4,0,0,255,0,0,0,0,0,0,0,0,0,1,0,0,0,0,255,255,255,255,255,255,255,255,255,255,255,255,65000000,-1,-1,-1,-1,-1,-1,-1,-1,-1,-1,-1,-1,-1,[0|0|0|0|0|0|0|0|0|0|0|0]
7948,,9999999,3200010,-1,31000000,3200010,-1,24000000,5000000,5000100,5000200,5000300,50000000,52000000,51000000,53000000,-1,-1,-1,-1,60000000,60010000,-1,11008,11018,-1,-1,-1,-1,-1,-1,-1,-1,1025,1075,250,-1,10040,1410,-1,-1,-1,-1,10,1,0,1,0,1,0,1,0,15,13,10,12,16,12,9,7,10,0,10,4,1,0,3,99,0,0,0,0,255,255,255,255,255,255,255,0,0,1,0,255,255,255,255,0,0,0,0,0,0,1,0,130,150,100,101,102,103,1,99,1,1,1,1,10,4,0,0,255,0,0,0,0,0,0,0,0,0,1,0,0,0,0,255,255,255,255,255,255,255,255,255,255,255,255,65000000,-1,-1,-1,-1,-1,-1,-1,-1,-1,-1,-1,-1,-1,[0|0|0|0|0|0|0|0|0|0|0|0]
7949,,9999999,16090010,-1,31000000,16090010,-1,24000000,5000000,5000100,5000200,5000300,50000000,52000000,51000000,53000000,-1,-1,-1,-1,60000000,60010000,-1,11008,11018,-1,-1,-1,-1,-1,-1,-1,-1,1025,1075,250,-1,10040,1410,-1,-1,-1,-1,10,1,0,1,0,1,0,1,0,15,13,10,12,16,12,9,7,10,0,10,4,1,0,3,99,0,0,0,0,255,255,255,255,255,255,255,0,0,1,0,255,255,255,255,0,0,0,0,0,0,1,0,130,150,100,101,102,103,1,99,1,1,1,1,10,4,0,0,255,0,0,0,0,0,0,0,0,0,1,0,0,0,0,255,255,255,255,255,255,255,255,255,255,255,255,65000000,-1,-1,-1,-1,-1,-1,-1,-1,-1,-1,-1,-1,-1,[0|0|0|0|0|0|0|0|0|0|0|0]
7950,,9999999,17050010,-1,31000000,17050010,-1,24000000,5000000,5000100,5000200,5000300,50000000,52000000,51000000,53000000,-1,-1,-1,-1,60000000,60010000,-1,11008,11018,-1,-1,-1,-1,-1,-1,-1,-1,1025,1075,250,-1,10040,1410,-1,-1,-1,-1,10,1,0,1,0,1,0,1,0,15,13,10,12,16,12,9,7,10,0,10,4,1,0,3,99,0,0,0,0,255,255,255,255,255,255,255,0,0,1,0,255,255,255,255,0,0,0,0,0,0,1,0,130,150,100,101,102,103,1,99,1,1,1,1,10,4,0,0,255,0,0,0,0,0,0,0,0,0,1,0,0,0,0,255,255,255,255,255,255,255,255,255,255,255,255,65000000,-1,-1,-1,-1,-1,-1,-1,-1,-1,-1,-1,-1,-1,[0|0|0|0|0|0|0|0|0|0|0|0]
7951,,9999999,19020010,-1,31000000,19020010,-1,24000000,5000000,5000100,5000200,5000300,50000000,52000000,51000000,53000000,-1,-1,-1,-1,60000000,60010000,-1,11008,11018,-1,-1,-1,-1,-1,-1,-1,-1,1025,1075,250,-1,10040,1410,-1,-1,-1,-1,10,1,0,1,0,1,0,1,0,15,13,10,12,16,12,9,7,10,0,10,4,1,0,3,99,0,0,0,0,255,255,255,255,255,255,255,0,0,1,0,255,255,255,255,0,0,0,0,0,0,1,0,130,150,100,101,102,103,1,99,1,1,1,1,10,4,0,0,255,0,0,0,0,0,0,0,0,0,1,0,0,0,0,255,255,255,255,255,255,255,255,255,255,255,255,65000000,-1,-1,-1,-1,-1,-1,-1,-1,-1,-1,-1,-1,-1,[0|0|0|0|0|0|0|0|0|0|0|0]
7952,,9999999,2060010,-1,31000000,2060010,-1,24000000,5000000,5000100,5000200,5000300,50000000,52000000,51000000,53000000,-1,-1,-1,-1,60000000,60010000,-1,11008,11018,-1,-1,-1,-1,-1,-1,-1,-1,1025,1075,250,-1,10040,1410,-1,-1,-1,-1,10,1,0,1,0,1,0,1,0,15,13,10,12,16,12,9,7,10,0,10,4,1,0,3,99,0,0,0,0,255,255,255,255,255,255,255,0,0,1,0,255,255,255,255,0,0,0,0,0,0,1,0,130,150,100,101,102,103,1,99,1,1,1,1,10,4,0,0,255,0,0,0,0,0,0,0,0,0,1,0,0,0,0,255,255,255,255,255,255,255,255,255,255,255,255,65000000,-1,-1,-1,-1,-1,-1,-1,-1,-1,-1,-1,-1,-1,[0|0|0|0|0|0|0|0|0|0|0|0]
7953,,9999999,2070010,-1,31000000,2070010,-1,24000000,5000000,5000100,5000200,5000300,50000000,52000000,51000000,53000000,-1,-1,-1,-1,60000000,60010000,-1,11008,11018,-1,-1,-1,-1,-1,-1,-1,-1,1025,1075,250,-1,10040,1410,-1,-1,-1,-1,10,1,0,1,0,1,0,1,0,15,13,10,12,16,12,9,7,10,0,10,4,1,0,3,99,0,0,0,0,255,255,255,255,255,255,255,0,0,1,0,255,255,255,255,0,0,0,0,0,0,1,0,130,150,100,101,102,103,1,99,1,1,1,1,10,4,0,0,255,0,0,0,0,0,0,0,0,0,1,0,0,0,0,255,255,255,255,255,255,255,255,255,255,255,255,65000000,-1,-1,-1,-1,-1,-1,-1,-1,-1,-1,-1,-1,-1,[0|0|0|0|0|0|0|0|0|0|0|0]
7954,,9999999,2110010,-1,31000000,2110010,-1,24000000,5000000,5000100,5000200,5000300,50000000,52000000,51000000,53000000,-1,-1,-1,-1,60000000,60010000,-1,11008,11018,-1,-1,-1,-1,-1,-1,-1,-1,1025,1075,250,-1,10040,1410,-1,-1,-1,-1,10,1,0,1,0,1,0,1,0,15,13,10,12,16,12,9,7,10,0,10,4,1,0,3,99,0,0,0,0,255,255,255,255,255,255,255,0,0,1,0,255,255,255,255,0,0,0,0,0,0,1,0,130,150,100,101,102,103,1,99,1,1,1,1,10,4,0,0,255,0,0,0,0,0,0,0,0,0,1,0,0,0,0,255,255,255,255,255,255,255,255,255,255,255,255,65000000,-1,-1,-1,-1,-1,-1,-1,-1,-1,-1,-1,-1,-1,[0|0|0|0|0|0|0|0|0|0|0|0]
7955,,9999999,2220010,-1,31000000,2220010,-1,24000000,5000000,5000100,5000200,5000300,50000000,52000000,51000000,53000000,-1,-1,-1,-1,60000000,60010000,-1,11008,11018,-1,-1,-1,-1,-1,-1,-1,-1,1025,1075,250,-1,10040,1410,-1,-1,-1,-1,10,1,0,1,0,1,0,1,0,15,13,10,12,16,12,9,7,10,0,10,4,1,0,3,99,0,0,0,0,255,255,255,255,255,255,255,0,0,1,0,255,255,255,255,0,0,0,0,0,0,1,0,130,150,100,101,102,103,1,99,1,1,1,1,10,4,0,0,255,0,0,0,0,0,0,0,0,0,1,0,0,0,0,255,255,255,255,255,255,255,255,255,255,255,255,65000000,-1,-1,-1,-1,-1,-1,-1,-1,-1,-1,-1,-1,-1,[0|0|0|0|0|0|0|0|0|0|0|0]
7956,,9999999,1750000,-1,31000000,1750000,-1,24000000,5003000,5003100,5003200,5003300,50000000,52000000,51000000,53000000,-1,-1,-1,-1,60300000,60310000,-1,11008,11018,-1,-1,-1,-1,-1,-1,-1,-1,1025,1075,250,-1,10040,1410,-1,-1,-1,-1,10,1,0,1,0,1,0,1,0,15,13,10,12,16,12,9,7,10,0,10,4,1,0,3,99,0,0,0,0,255,255,255,255,255,255,255,0,0,0,0,255,255,255,255,0,0,0,0,0,0,4,0,130,150,100,101,102,103,1,99,1,1,1,1,10,4,0,0,255,0,0,0,0,0,0,0,0,0,0.96,0,0,0,0,255,255,255,255,255,255,255,255,255,255,255,255,65000000,-1,-1,-1,-1,-1,-1,-1,-1,-1,-1,-1,-1,-1,[0|0|0|0|0|0|0|0|0|0|0|0]
7965,,9999999,18100010,-1,31000000,18100010,-1,24000000,5000000,5000100,5000200,5000300,50000000,52000000,51000000,53000000,-1,-1,-1,-1,60000000,60010000,-1,11008,11018,-1,-1,-1,-1,-1,-1,-1,-1,1025,1075,250,-1,10040,1410,-1,-1,-1,-1,10,1,0,1,0,1,0,1,0,15,13,10,12,16,12,9,7,10,0,10,4,1,0,3,99,0,0,0,0,255,255,255,255,255,255,255,0,0,1,0,255,255,255,255,0,0,0,0,0,0,1,0,130,150,100,101,102,103,1,99,1,1,1,1,10,4,0,0,255,0,0,0,0,0,0,0,0,0,1,0,0,0,0,255,255,255,255,255,255,255,255,255,255,255,255,65000000,-1,-1,-1,-1,-1,-1,-1,-1,-1,-1,-1,-1,-1,[0|0|0|0|0|0|0|0|0|0|0|0]
7966,,9999999,18140010,-1,31000000,18140010,-1,24000000,5000000,5000100,5000200,5000300,50000000,52000000,51000000,53000000,-1,-1,-1,-1,60000000,60010000,-1,11008,11018,-1,-1,-1,-1,-1,-1,-1,-1,1025,1075,250,-1,10040,1410,-1,-1,-1,-1,10,1,0,1,0,1,0,1,0,15,13,10,12,16,12,9,7,10,0,10,4,1,0,3,99,0,0,0,0,255,255,255,255,255,255,255,0,0,1,0,255,255,255,255,0,0,0,0,0,0,1,0,130,150,100,101,102,103,1,99,1,1,1,1,10,4,0,0,255,0,0,0,0,0,0,0,0,0,1,0,0,0,0,255,255,255,255,255,255,255,255,255,255,255,255,65000000,-1,-1,-1,-1,-1,-1,-1,-1,-1,-1,-1,-1,-1,[0|0|0|0|0|0|0|0|0|0|0|0]
7967,,9999999,3210010,-1,31000000,3210010,-1,24000000,5000000,5000100,5000200,5000300,50000000,52000000,51000000,53000000,-1,-1,-1,-1,60000000,60010000,-1,11008,11018,-1,-1,-1,-1,-1,-1,-1,-1,1025,1075,250,-1,10040,1410,-1,-1,-1,-1,10,1,0,1,0,1,0,1,0,15,13,10,12,16,12,9,7,10,0,10,4,1,0,3,99,0,0,0,0,255,255,255,255,255,255,255,0,0,1,0,255,255,255,255,0,0,0,0,0,0,1,0,130,150,100,101,102,103,1,99,1,1,1,1,10,4,0,0,255,0,0,0,0,0,0,0,0,0,1,0,0,0,0,255,255,255,255,255,255,255,255,255,255,255,255,65000000,-1,-1,-1,-1,-1,-1,-1,-1,-1,-1,-1,-1,-1,[0|0|0|0|0|0|0|0|0|0|0|0]
7968,,9999999,8050010,-1,31000000,8050010,-1,24000000,5000000,5000100,5000200,5000300,50000000,52000000,51000000,53000000,-1,-1,-1,-1,60000000,60010000,-1,11008,11018,-1,-1,-1,-1,-1,-1,-1,-1,1025,1075,250,-1,10040,1410,-1,-1,-1,-1,10,1,0,1,0,1,0,1,0,15,13,10,12,16,12,9,7,10,0,10,4,1,0,3,99,0,0,0,0,255,255,255,255,255,255,255,0,0,1,0,255,255,255,255,0,0,0,0,0,0,1,0,130,150,100,101,102,103,1,99,1,1,1,1,10,4,0,0,255,0,0,0,0,0,0,0,0,0,1,0,0,0,0,255,255,255,255,255,255,255,255,255,255,255,255,65000000,-1,-1,-1,-1,-1,-1,-1,-1,-1,-1,-1,-1,-1,[0|0|0|0|0|0|0|0|0|0|0|0]
7969,,9999999,42000010,-1,31000000,42000010,-1,24000000,5000000,5000100,5000200,5000300,50000000,52000000,51000000,53000000,-1,-1,-1,-1,60000000,60010000,-1,11008,11018,-1,-1,-1,-1,-1,-1,-1,-1,1025,1075,250,-1,10040,1410,-1,-1,-1,-1,10,1,0,1,0,1,0,1,0,15,13,10,12,16,12,9,7,10,0,10,4,1,0,3,99,0,0,0,0,255,255,255,255,255,255,255,0,0,1,0,255,255,255,255,0,0,0,0,0,0,1,0,130,150,100,101,102,103,1,99,1,1,1,1,10,4,0,0,255,0,0,0,0,0,0,0,0,0,1,0,0,0,0,255,255,255,255,255,255,255,255,255,255,255,255,65000000,-1,-1,-1,-1,-1,-1,-1,-1,-1,-1,-1,-1,-1,[0|0|0|0|0|0|0|0|0|0|0|0]
7970,,9999999,4070010,-1,31000000,4070010,-1,24000000,5000000,5000100,5000200,5000300,50000000,52000000,51000000,53000000,-1,-1,-1,-1,60000000,60010000,-1,11008,11018,-1,-1,-1,-1,-1,-1,-1,-1,1025,1075,250,-1,10040,1410,-1,-1,-1,-1,10,1,0,1,0,1,0,1,0,15,13,10,12,16,12,9,7,10,0,10,4,1,0,3,99,0,0,0,0,255,255,255,255,255,255,255,0,0,1,0,255,255,255,255,0,0,0,0,0,0,1,0,130,150,100,101,102,103,1,99,1,1,1,1,10,4,0,0,255,0,0,0,0,0,0,0,0,0,1,0,0,0,0,255,255,255,255,255,255,255,255,255,255,255,255,65000000,-1,-1,-1,-1,-1,-1,-1,-1,-1,-1,-1,-1,-1,[0|0|0|0|0|0|0|0|0|0|0|0]
7971,,9999999,6000010,-1,31000000,6000010,-1,24000000,5000000,5000100,5000200,5000300,50000000,52000000,51000000,53000000,-1,-1,-1,-1,60000000,60010000,-1,11008,11018,-1,-1,-1,-1,-1,-1,-1,-1,1025,1075,250,-1,10040,1410,-1,-1,-1,-1,10,1,0,1,0,1,0,1,0,15,13,10,12,16,12,9,7,10,0,10,4,1,0,3,99,0,0,0,0,255,255,255,255,255,255,255,0,0,1,0,255,255,255,255,0,0,0,0,0,0,1,0,130,150,100,101,102,103,1,99,1,1,1,1,10,4,0,0,255,0,0,0,0,0,0,0,0,0,1,0,0,0,0,255,255,255,255,255,255,255,255,255,255,255,255,65000000,-1,-1,-1,-1,-1,-1,-1,-1,-1,-1,-1,-1,-1,[0|0|0|0|0|0|0|0|0|0|0|0]
7972,,9999999,7050010,-1,31000000,7050010,-1,24000000,5000000,5000100,5000200,5000300,50000000,52000000,51000000,53000000,-1,-1,-1,-1,60000000,60010000,-1,11008,11018,-1,-1,-1,-1,-1,-1,-1,-1,1025,1075,250,-1,10040,1410,-1,-1,-1,-1,10,1,0,1,0,1,0,1,0,15,13,10,12,16,12,9,7,10,0,10,4,1,0,3,99,0,0,0,0,255,255,255,255,255,255,255,0,0,1,0,255,255,255,255,0,0,0,0,0,0,1,0,130,150,100,101,102,103,1,99,1,1,1,1,10,4,0,0,255,0,0,0,0,0,0,0,0,0,1,0,0,0,0,255,255,255,255,255,255,255,255,255,255,255,255,65000000,-1,-1,-1,-1,-1,-1,-1,-1,-1,-1,-1,-1,-1,[0|0|0|0|0|0|0|0|0|0|0|0]
7973,,9999999,7070010,-1,31000000,7070010,-1,24000000,5000000,5000100,5000200,5000300,50000000,52000000,51000000,53000000,-1,-1,-1,-1,60000000,60010000,-1,11008,11018,-1,-1,-1,-1,-1,-1,-1,-1,1025,1075,250,-1,10040,1410,-1,-1,-1,-1,10,1,0,1,0,1,0,1,0,15,13,10,12,16,12,9,7,10,0,10,4,1,0,3,99,0,0,0,0,255,255,255,255,255,255,255,0,0,1,0,255,255,255,255,0,0,0,0,0,0,1,0,130,150,100,101,102,103,1,99,1,1,1,1,10,4,0,0,255,0,0,0,0,0,0,0,0,0,1,0,0,0,0,255,255,255,255,255,255,255,255,255,255,255,255,65000000,-1,-1,-1,-1,-1,-1,-1,-1,-1,-1,-1,-1,-1,[0|0|0|0|0|0|0|0|0|0|0|0]
7974,,9999999,7100010,-1,31000000,7100010,-1,24000000,5000000,5000100,5000200,5000300,50000000,52000000,51000000,53000000,-1,-1,-1,-1,60000000,60010000,-1,11008,11018,-1,-1,-1,-1,-1,-1,-1,-1,1025,1075,250,-1,10040,1410,-1,-1,-1,-1,10,1,0,1,0,1,0,1,0,15,13,10,12,16,12,9,7,10,0,10,4,1,0,3,99,0,0,0,0,255,255,255,255,255,255,255,0,0,1,0,255,255,255,255,0,0,0,0,0,0,1,0,130,150,100,101,102,103,1,99,1,1,1,1,10,4,0,0,255,0,0,0,0,0,0,0,0,0,1,0,0,0,0,255,255,255,255,255,255,255,255,255,255,255,255,65000000,-1,-1,-1,-1,-1,-1,-1,-1,-1,-1,-1,-1,-1,[0|0|0|0|0|0|0|0|0|0|0|0]
7975,,9999999,8030010,-1,31000000,8030010,-1,24000000,5000000,5000100,5000200,5000300,50000000,52000000,51000000,53000000,-1,-1,-1,-1,60000000,60010000,-1,11008,11018,-1,-1,-1,-1,-1,-1,-1,-1,1025,1075,250,-1,10040,1410,-1,-1,-1,-1,10,1,0,1,0,1,0,1,0,15,13,10,12,16,12,9,7,10,0,10,4,1,0,3,99,0,0,0,0,255,255,255,255,255,255,255,0,0,1,0,255,255,255,255,0,0,0,0,0,0,1,0,130,150,100,101,102,103,1,99,1,1,1,1,10,4,0,0,255,0,0,0,0,0,0,0,0,0,1,0,0,0,0,255,255,255,255,255,255,255,255,255,255,255,255,65000000,-1,-1,-1,-1,-1,-1,-1,-1,-1,-1,-1,-1,-1,[0|0|0|0|0|0|0|0|0|0|0|0]
7976,,9999999,8040010,-1,31000000,8040010,-1,24000000,5000000,5000100,5000200,5000300,50000000,52000000,51000000,53000000,-1,-1,-1,-1,60000000,60010000,-1,11008,11018,-1,-1,-1,-1,-1,-1,-1,-1,1025,1075,250,-1,10040,1410,-1,-1,-1,-1,10,1,0,1,0,1,0,1,0,15,13,10,12,16,12,9,7,10,0,10,4,1,0,3,99,0,0,0,0,255,255,255,255,255,255,255,0,0,1,0,255,255,255,255,0,0,0,0,0,0,1,0,130,150,100,101,102,103,1,99,1,1,1,1,10,4,0,0,255,0,0,0,0,0,0,0,0,0,1,0,0,0,0,255,255,255,255,255,255,255,255,255,255,255,255,65000000,-1,-1,-1,-1,-1,-1,-1,-1,-1,-1,-1,-1,-1,[0|0|0|0|0|0|0|0|0|0|0|0]
7977,,9999999,9040010,-1,31000000,9040010,-1,24000000,5000000,5000100,5000200,5000300,50000000,52000000,51000000,53000000,-1,-1,-1,-1,60000000,60010000,-1,11008,11018,-1,-1,-1,-1,-1,-1,-1,-1,1025,1075,250,-1,10040,1410,-1,-1,-1,-1,10,1,0,1,0,1,0,1,0,15,13,10,12,16,12,9,7,10,0,10,4,1,0,3,99,0,0,0,0,255,255,255,255,255,255,255,0,0,1,0,255,255,255,255,0,0,0,0,0,0,1,0,130,150,100,101,102,103,1,99,1,1,1,1,10,4,0,0,255,0,0,0,0,0,0,0,0,0,1,0,0,0,0,255,255,255,255,255,255,255,255,255,255,255,255,65000000,-1,-1,-1,-1,-1,-1,-1,-1,-1,-1,-1,-1,-1,[0|0|0|0|0|0|0|0|0|0|0|0]
7978,,9999999,9060010,-1,31000000,9060010,-1,24000000,5000000,5000100,5000200,5000300,50000000,52000000,51000000,53000000,-1,-1,-1,-1,60000000,60010000,-1,11008,11018,-1,-1,-1,-1,-1,-1,-1,-1,1025,1075,250,-1,10040,1410,-1,-1,-1,-1,10,1,0,1,0,1,0,1,0,15,13,10,12,16,12,9,7,10,0,10,4,1,0,3,99,0,0,0,0,255,255,255,255,255,255,255,0,0,1,0,255,255,255,255,0,0,0,0,0,0,1,0,130,150,100,101,102,103,1,99,1,1,1,1,10,4,0,0,255,0,0,0,0,0,0,0,0,0,1,0,0,0,0,255,255,255,255,255,255,255,255,255,255,255,255,65000000,-1,-1,-1,-1,-1,-1,-1,-1,-1,-1,-1,-1,-1,[0|0|0|0|0|0|0|0|0|0|0|0]
7979,,9999999,10050010,-1,31000000,10050010,-1,24000000,5000000,5000100,5000200,5000300,50000000,52000000,51000000,53000000,-1,-1,-1,-1,60000000,60010000,-1,11008,11018,-1,-1,-1,-1,-1,-1,-1,-1,1025,1075,250,-1,10040,1410,-1,-1,-1,-1,10,1,0,1,0,1,0,1,0,15,13,10,12,16,12,9,7,10,0,10,4,1,0,3,99,0,0,0,0,255,255,255,255,255,255,255,0,0,1,0,255,255,255,255,0,0,0,0,0,0,1,0,130,150,100,101,102,103,1,99,1,1,1,1,10,4,0,0,255,0,0,0,0,0,0,0,0,0,1,0,0,0,0,255,255,255,255,255,255,255,255,255,255,255,255,65000000,-1,-1,-1,-1,-1,-1,-1,-1,-1,-1,-1,-1,-1,[0|0|0|0|0|0|0|0|0|0|0|0]
7982,,9999999,11110010,-1,31000000,11110010,-1,24000000,5000000,5000100,5000200,5000300,50000000,52000000,51000000,53000000,-1,-1,-1,-1,60000000,60010000,-1,11008,11018,-1,-1,-1,-1,-1,-1,-1,-1,1025,1075,250,-1,10040,1410,-1,-1,-1,-1,10,1,0,1,0,1,0,1,0,15,13,10,12,16,12,9,7,10,0,10,4,1,0,3,99,0,0,0,0,255,255,255,255,255,255,255,0,0,1,0,255,255,255,255,0,0,0,0,0,0,1,0,130,150,100,101,102,103,1,99,1,1,1,1,10,4,0,0,255,0,0,0,0,0,0,0,0,0,1,0,0,0,0,255,255,255,255,255,255,255,255,255,255,255,255,65000000,-1,-1,-1,-1,-1,-1,-1,-1,-1,-1,-1,-1,-1,[0|0|0|0|0|0|0|0|0|0|0|0]
7983,,9999999,12200010,-1,31000000,12200010,-1,24000000,5000000,5000100,5000200,5000300,50000000,52000000,51000000,53000000,-1,-1,-1,-1,60000000,60010000,-1,11008,11018,-1,-1,-1,-1,-1,-1,-1,-1,1025,1075,250,-1,10040,1410,-1,-1,-1,-1,10,1,0,1,0,1,0,1,0,15,13,10,12,16,12,9,7,10,0,10,4,1,0,3,99,0,0,0,0,255,255,255,255,255,255,255,0,0,1,0,255,255,255,255,0,0,0,0,0,0,1,0,130,150,100,101,102,103,1,99,1,1,1,1,10,4,0,0,255,0,0,0,0,0,0,0,0,0,1,0,0,0,0,255,255,255,255,255,255,255,255,255,255,255,255,65000000,-1,-1,-1,-1,-1,-1,-1,-1,-1,-1,-1,-1,-1,[0|0|0|0|0|0|0|0|0|0|0|0]
7984,,9999999,13020010,-1,31000000,13020010,-1,24000000,5000000,5000100,5000200,5000300,50000000,52000000,51000000,53000000,-1,-1,-1,-1,60000000,60010000,-1,11008,11018,-1,-1,-1,-1,-1,-1,-1,-1,1025,1075,250,-1,10040,1410,-1,-1,-1,-1,10,1,0,1,0,1,0,1,0,15,13,10,12,16,12,9,7,10,0,10,4,1,0,3,99,0,0,0,0,255,255,255,255,255,255,255,0,0,1,0,255,255,255,255,0,0,0,0,0,0,1,0,130,150,100,101,102,103,1,99,1,1,1,1,10,4,0,0,255,0,0,0,0,0,0,0,0,0,1,0,0,0,0,255,255,255,255,255,255,255,255,255,255,255,255,65000000,-1,-1,-1,-1,-1,-1,-1,-1,-1,-1,-1,-1,-1,[0|0|0|0|0|0|0|0|0|0|0|0]
7985,,9999999,14120010,-1,31000000,14120010,-1,24000000,5000000,5000100,5000200,5000300,50000000,52000000,51000000,53000000,-1,-1,-1,-1,60000000,60010000,-1,11008,11018,-1,-1,-1,-1,-1,-1,-1,-1,1025,1075,250,-1,10040,1410,-1,-1,-1,-1,10,1,0,1,0,1,0,1,0,15,13,10,12,16,12,9,7,10,0,10,4,1,0,3,99,0,0,0,0,255,255,255,255,255,255,255,0,0,1,0,255,255,255,255,0,0,0,0,0,0,1,0,130,150,100,101,102,103,1,99,1,1,1,1,10,4,0,0,255,0,0,0,0,0,0,0,0,0,1,0,0,0,0,255,255,255,255,255,255,255,255,255,255,255,255,65000000,-1,-1,-1,-1,-1,-1,-1,-1,-1,-1,-1,-1,-1,[0|0|0|0|0|0|0|0|0|0|0|0]
7986,,9999999,14140010,-1,31000000,14140010,-1,24000000,5000000,5000100,5000200,5000300,50000000,52000000,51000000,53000000,-1,-1,-1,-1,60000000,60010000,-1,11008,11018,-1,-1,-1,-1,-1,-1,-1,-1,1025,1075,250,-1,10040,1410,-1,-1,-1,-1,10,1,0,1,0,1,0,1,0,15,13,10,12,16,12,9,7,10,0,10,4,1,0,3,99,0,0,0,0,255,255,255,255,255,255,255,0,0,1,0,255,255,255,255,0,0,0,0,0,0,1,0,130,150,100,101,102,103,1,99,1,1,1,1,10,4,0,0,255,0,0,0,0,0,0,0,0,0,1,0,0,0,0,255,255,255,255,255,255,255,255,255,255,255,255,65000000,-1,-1,-1,-1,-1,-1,-1,-1,-1,-1,-1,-1,-1,[0|0|0|0|0|0|0|0|0|0|0|0]
7987,,9999999,16040010,-1,31000000,16040010,-1,24000000,5000000,5000100,5000200,5000300,50000000,52000000,51000000,53000000,-1,-1,-1,-1,60000000,60010000,-1,11008,11018,-1,-1,-1,-1,-1,-1,-1,-1,1025,1075,250,-1,10040,1410,-1,-1,-1,-1,10,1,0,1,0,1,0,1,0,15,13,10,12,16,12,9,7,10,0,10,4,1,0,3,99,0,0,0,0,255,255,255,255,255,255,255,0,0,1,0,255,255,255,255,0,0,0,0,0,0,1,0,130,150,100,101,102,103,1,99,1,1,1,1,10,4,0,0,255,0,0,0,0,0,0,0,0,0,1,0,0,0,0,255,255,255,255,255,255,255,255,255,255,255,255,65000000,-1,-1,-1,-1,-1,-1,-1,-1,-1,-1,-1,-1,-1,[0|0|0|0|0|0|0|0|0|0|0|0]
7988,,9999999,17030010,-1,31000000,17030010,-1,24000000,5000000,5000100,5000200,5000300,50000000,52000000,51000000,53000000,-1,-1,-1,-1,60000000,60010000,-1,11008,11018,-1,-1,-1,-1,-1,-1,-1,-1,1025,1075,250,-1,10040,1410,-1,-1,-1,-1,10,1,0,1,0,1,0,1,0,15,13,10,12,16,12,9,7,10,0,10,4,1,0,3,99,0,0,0,0,255,255,255,255,255,255,255,0,0,1,0,255,255,255,255,0,0,0,0,0,0,1,0,130,150,100,101,102,103,1,99,1,1,1,1,10,4,0,0,255,0,0,0,0,0,0,0,0,0,1,0,0,0,0,255,255,255,255,255,255,255,255,255,255,255,255,65000000,-1,-1,-1,-1,-1,-1,-1,-1,-1,-1,-1,-1,-1,[0|0|0|0|0|0|0|0|0|0|0|0]
7989,,9999999,19060010,-1,31000000,19060010,-1,24000000,5000000,5000100,5000200,5000300,50000000,52000000,51000000,53000000,-1,-1,-1,-1,60000000,60010000,-1,11008,11018,-1,-1,-1,-1,-1,-1,-1,-1,1025,1075,250,-1,10040,1410,-1,-1,-1,-1,10,1,0,1,0,1,0,1,0,15,13,10,12,16,12,9,7,10,0,10,4,1,0,3,99,0,0,0,0,255,255,255,255,255,255,255,0,0,1,0,255,255,255,255,0,0,0,0,0,0,1,0,130,150,100,101,102,103,1,99,1,1,1,1,10,4,0,0,255,0,0,0,0,0,0,0,0,0,1,0,0,0,0,255,255,255,255,255,255,255,255,255,255,255,255,65000000,-1,-1,-1,-1,-1,-1,-1,-1,-1,-1,-1,-1,-1,[0|0|0|0|0|0|0|0|0|0|0|0]
7990,,9999999,21120010,-1,31000000,21120010,-1,24000000,5000000,5000100,5000200,5000300,50000000,52000000,51000000,53000000,-1,-1,-1,-1,60000000,60010000,-1,11008,11018,-1,-1,-1,-1,-1,-1,-1,-1,1025,1075,250,-1,10040,1410,-1,-1,-1,-1,10,1,0,1,0,1,0,1,0,15,13,10,12,16,12,9,7,10,0,10,4,1,0,3,99,0,0,0,0,255,255,255,255,255,255,255,0,0,1,0,255,255,255,255,0,0,0,0,0,0,1,0,130,150,100,101,102,103,1,99,1,1,1,1,10,4,0,0,255,0,0,0,0,0,0,0,0,0,1,0,0,0,0,255,255,255,255,255,255,255,255,255,255,255,255,65000000,-1,-1,-1,-1,-1,-1,-1,-1,-1,-1,-1,-1,-1,[0|0|0|0|0|0|0|0|0|0|0|0]
7991,,9999999,21130010,-1,31000000,21130010,-1,24000000,5000000,5000100,5000200,5000300,50000000,52000000,51000000,53000000,-1,-1,-1,-1,60000000,60010000,-1,11008,11018,-1,-1,-1,-1,-1,-1,-1,-1,1025,1075,250,-1,10040,1410,-1,-1,-1,-1,10,1,0,1,0,1,0,1,0,15,13,10,12,16,12,9,7,10,0,10,4,1,0,3,99,0,0,0,0,255,255,255,255,255,255,255,0,0,1,0,255,255,255,255,0,0,0,0,0,0,1,0,130,150,100,101,102,103,1,99,1,1,1,1,10,4,0,0,255,0,0,0,0,0,0,0,0,0,1,0,0,0,0,255,255,255,255,255,255,255,255,255,255,255,255,65000000,-1,-1,-1,-1,-1,-1,-1,-1,-1,-1,-1,-1,-1,[0|0|0|0|0|0|0|0|0|0|0|0]
7992,,9999999,23010010,-1,31000000,23010010,-1,24000000,5000000,5000100,5000200,5000300,50000000,52000000,51000000,53000000,-1,-1,-1,-1,60000000,60010000,-1,11008,11018,-1,-1,-1,-1,-1,-1,-1,-1,1025,1075,250,-1,10040,1410,-1,-1,-1,-1,10,1,0,1,0,1,0,1,0,15,13,10,12,16,12,9,7,10,0,10,4,1,0,3,99,0,0,0,0,255,255,255,255,255,255,255,0,0,1,0,255,255,255,255,0,0,0,0,0,0,1,0,130,150,100,101,102,103,1,99,1,1,1,1,10,4,0,0,255,0,0,0,0,0,0,0,0,0,1,0,0,0,0,255,255,255,255,255,255,255,255,255,255,255,255,65000000,-1,-1,-1,-1,-1,-1,-1,-1,-1,-1,-1,-1,-1,[0|0|0|0|0|0|0|0|0|0|0|0]
7993,,9999999,23070010,-1,31000000,23070010,-1,24000000,5000000,5000100,5000200,5000300,50000000,52000000,51000000,53000000,-1,-1,-1,-1,60000000,60010000,-1,11008,11018,-1,-1,-1,-1,-1,-1,-1,-1,1025,1075,250,-1,10040,1410,-1,-1,-1,-1,10,1,0,1,0,1,0,1,0,15,13,10,12,16,12,9,7,10,0,10,4,1,0,3,99,0,0,0,0,255,255,255,255,255,255,255,0,0,1,0,255,255,255,255,0,0,0,0,0,0,1,0,130,150,100,101,102,103,1,99,1,1,1,1,10,4,0,0,255,0,0,0,0,0,0,0,0,0,1,0,0,0,0,255,255,255,255,255,255,255,255,255,255,255,255,65000000,-1,-1,-1,-1,-1,-1,-1,-1,-1,-1,-1,-1,-1,[0|0|0|0|0|0|0|0|0|0|0|0]
7994,,9999999,23080010,-1,31000000,23080010,-1,24000000,5000000,5000100,5000200,5000300,50000000,52000000,51000000,53000000,-1,-1,-1,-1,60000000,60010000,-1,11008,11018,-1,-1,-1,-1,-1,-1,-1,-1,1025,1075,250,-1,10040,1410,-1,-1,-1,-1,10,1,0,1,0,1,0,1,0,15,13,10,12,16,12,9,7,10,0,10,4,1,0,3,99,0,0,0,0,255,255,255,255,255,255,255,0,0,1,0,255,255,255,255,0,0,0,0,0,0,1,0,130,150,100,101,102,103,1,99,1,1,1,1,10,4,0,0,255,0,0,0,0,0,0,0,0,0,1,0,0,0,0,255,255,255,255,255,255,255,255,255,255,255,255,65000000,-1,-1,-1,-1,-1,-1,-1,-1,-1,-1,-1,-1,-1,[0|0|0|0|0|0|0|0|0|0|0|0]
7995,,9999999,24040010,-1,31000000,24040010,-1,24000000,5000000,5000100,5000200,5000300,50000000,52000000,51000000,53000000,-1,-1,-1,-1,60000000,60010000,-1,11008,11018,-1,-1,-1,-1,-1,-1,-1,-1,1025,1075,250,-1,10040,1410,-1,-1,-1,-1,10,1,0,1,0,1,0,1,0,15,13,10,12,16,12,9,7,10,0,10,4,1,0,3,99,0,0,0,0,255,255,255,255,255,255,255,0,0,1,0,255,255,255,255,0,0,0,0,0,0,1,0,130,150,100,101,102,103,1,99,1,1,1,1,10,4,0,0,255,0,0,0,0,0,0,0,0,0,1,0,0,0,0,255,255,255,255,255,255,255,255,255,255,255,255,65000000,-1,-1,-1,-1,-1,-1,-1,-1,-1,-1,-1,-1,-1,[0|0|0|0|0|0|0|0|0|0|0|0]
7996,,9999999,32080010,-1,31000000,32080010,-1,24000000,5000000,5000100,5000200,5000300,50000000,52000000,51000000,53000000,-1,-1,-1,-1,60000000,60010000,-1,11008,11018,-1,-1,-1,-1,-1,-1,-1,-1,1025,1075,250,-1,10040,1410,-1,-1,-1,-1,10,1,0,1,0,1,0,1,0,15,13,10,12,16,12,9,7,10,0,10,4,1,0,3,99,0,0,0,0,255,255,255,255,255,255,255,0,0,1,0,255,255,255,255,0,0,0,0,0,0,1,0,130,150,100,101,102,103,1,99,1,1,1,1,10,4,0,0,255,0,0,0,0,0,0,0,0,0,1,0,0,0,0,255,255,255,255,255,255,255,255,255,255,255,255,65000000,-1,-1,-1,-1,-1,-1,-1,-1,-1,-1,-1,-1,-1,[0|0|0|0|0|0|0|0|0|0|0|0]
7997,,9999999,32120010,-1,31000000,32120010,-1,24000000,5000000,5000100,5000200,5000300,50000000,52000000,51000000,53000000,-1,-1,-1,-1,60000000,60010000,-1,11008,11018,-1,-1,-1,-1,-1,-1,-1,-1,1025,1075,250,-1,10040,1410,-1,-1,-1,-1,10,1,0,1,0,1,0,1,0,15,13,10,12,16,12,9,7,10,0,10,4,1,0,3,99,0,0,0,0,255,255,255,255,255,255,255,0,0,1,0,255,255,255,255,0,0,0,0,0,0,1,0,130,150,100,101,102,103,1,99,1,1,1,1,10,4,0,0,255,0,0,0,0,0,0,0,0,0,1,0,0,0,0,255,255,255,255,255,255,255,255,255,255,255,255,65000000,-1,-1,-1,-1,-1,-1,-1,-1,-1,-1,-1,-1,-1,[0|0|0|0|0|0|0|0|0|0|0|0]
7998,,9999999,3060010,-1,31000000,3060010,-1,24000000,5000000,5000100,5000200,5000300,50000000,52000000,51000000,53000000,-1,-1,-1,-1,60000000,60010000,-1,11008,11018,-1,-1,-1,-1,-1,-1,-1,-1,1025,1075,250,-1,10040,1410,-1,-1,-1,-1,10,1,0,1,0,1,0,1,0,15,13,10,12,16,12,9,7,10,0,10,4,1,0,3,99,0,0,0,0,255,255,255,255,255,255,255,0,0,1,0,255,255,255,255,0,0,0,0,0,0,1,0,130,150,100,101,102,103,1,99,1,1,1,1,10,4,0,0,255,0,0,0,0,0,0,0,0,0,1,0,0,0,0,255,255,255,255,255,255,255,255,255,255,255,255,65000000,-1,-1,-1,-1,-1,-1,-1,-1,-1,-1,-1,-1,-1,[0|0|0|0|0|0|0|0|0|0|0|0]
7999,,9999999,33090010,-1,31000000,33090010,-1,24000000,5000000,5000100,5000200,5000300,50000000,52000000,51000000,53000000,-1,-1,-1,-1,60000000,60010000,-1,11008,11018,-1,4040,4020,4021,4220,4200,4701,-1,1025,1075,250,-1,10040,1410,-1,-1,-1,-1,10,1,0,1,0,1,0,1,0,15,13,10,12,16,12,9,7,10,0,10,4,1,0,3,99,0,0,0,0,255,255,255,255,255,255,255,0,0,1,0,255,255,255,255,0,0,0,0,0,0,1,0,130,150,100,101,102,103,1,99,1,1,1,1,10,4,0,0,255,0,0,0,0,0,0,0,0,0,1,0,0,0,0,255,255,255,255,255,255,255,255,255,255,255,255,65000000,-1,-1,-1,-1,-1,-1,-1,-1,-1,-1,-1,-1,-1,[0|0|0|0|0|0|0|0|0|0|0|0]
8000,,0,2000000,34000000,31000000,41000000,33000000,24000000,5000000,5000100,5000200,5000300,50000000,52000000,51000000,53000000,1000,-1,-1,-1,60000000,60010000,-1,11019,-1,-1,4000,6421,6010,4010,6000,-1,-1,1013,1063,250,130,300,3510,1460,1440,1410,1430,1,1,0,1,0,1,0,1,0,1,13,10,12,16,12,9,7,10,0,20,20,1,1,5,5,5,5,10,10,255,255,255,255,255,255,255,0,0,1,0,255,255,255,255,0,0,0,0,0,0,1,0,207000,10030,9500,9501,9502,9510,1,5,99,99,99,99,3,3,0,0,255,0,0,0,0,0,0,0,0,0,1,0,0,0,0,255,255,255,255,255,255,255,255,255,255,255,255,65000000,-1,-1,-1,-1,-1,-1,-1,-1,-1,-1,-1,-1,-1,[0|0|0|0|0|0|0|0|0|0|0|0]
8001,,0,2000000,34000000,31000000,41000000,33000000,24000000,5000000,5000100,5000200,5000300,50000000,52000000,51000000,53000000,1001,-1,-1,-1,60000000,60010000,-1,11019,-1,-1,4000,6010,6421,4010,6000,-1,-1,1013,1063,250,130,300,3510,1460,1440,1410,1430,1,1,0,1,0,1,0,1,0,1,13,10,12,16,12,9,7,10,0,20,20,1,1,5,5,5,5,10,10,255,255,255,255,255,255,255,0,0,1,0,255,255,255,255,0,0,0,0,0,0,1,0,207000,10030,9500,9501,9502,9510,1,5,99,99,99,99,3,3,0,0,255,0,0,0,0,0,0,0,0,0,1,0,0,0,0,255,255,255,255,255,255,255,255,255,255,255,255,65000000,-1,-1,-1,-1,-1,-1,-1,-1,-1,-1,-1,-1,-1,[0|0|0|0|0|0|0|0|0|0|0|0]
8002,,0,2000000,34000000,31000000,41000000,33000000,24000000,5000000,5000100,5000200,5000300,50000000,52000000,51000000,53000000,1002,-1,-1,-1,60000000,60010000,-1,11019,-1,-1,4000,6010,6421,4010,6000,-1,-1,1013,1063,250,130,300,3510,1460,1440,1410,1430,1,1,0,1,0,1,0,1,0,1,13,10,12,16,12,9,7,10,0,20,20,1,1,5,5,5,5,10,10,255,255,255,255,255,255,255,0,0,1,0,255,255,255,255,0,0,0,0,0,0,1,0,207000,10030,9500,9501,9502,9510,1,5,99,99,99,99,3,3,0,0,255,0,0,0,0,0,0,0,0,0,1,0,0,0,0,255,255,255,255,255,255,255,255,255,255,255,255,65000000,-1,-1,-1,-1,-1,-1,-1,-1,-1,-1,-1,-1,-1,[0|0|0|0|0|0|0|0|0|0|0|0]
8003,,0,2000000,34000000,31000000,41000000,33000000,24000000,5000000,5000100,5000200,5000300,50000000,52000000,51000000,53000000,1010,-1,-1,-1,60000000,60010000,-1,11019,-1,-1,4000,6010,6421,4010,6000,-1,-1,1013,1063,250,130,300,3510,1460,1440,1410,1430,1,1,0,1,0,1,0,1,0,1,13,10,12,16,12,9,7,10,0,20,20,1,1,5,5,5,5,10,10,255,255,255,255,255,255,255,0,0,1,0,255,255,255,255,0,0,0,0,0,0,1,0,207000,10030,9500,9501,9502,9510,1,5,99,99,99,99,3,3,0,0,255,0,0,0,0,0,0,0,0,0,1,0,0,0,0,255,255,255,255,255,255,255,255,255,255,255,255,65000000,-1,-1,-1,-1,-1,-1,-1,-1,-1,-1,-1,-1,-1,[0|0|0|0|0|0|0|0|0|0|0|0]
8004,,0,2000000,34000000,31000000,41000000,33000000,24000000,5000000,5000100,5000200,5000300,50000000,52000000,51000000,53000000,1011,-1,-1,-1,60000000,60010000,-1,11019,-1,-1,4000,6010,6421,4010,6000,-1,-1,1013,1063,250,130,300,3510,1460,1440,1410,1430,1,1,0,1,0,1,0,1,0,1,13,10,12,16,12,9,7,10,0,20,20,1,1,5,5,5,5,10,10,255,255,255,255,255,255,255,0,0,1,0,255,255,255,255,0,0,0,0,0,0,1,0,207000,10030,9500,9501,9502,9510,1,5,99,99,99,99,3,3,0,0,255,0,0,0,0,0,0,0,0,0,1,0,0,0,0,255,255,255,255,255,255,255,255,255,255,255,255,65000000,-1,-1,-1,-1,-1,-1,-1,-1,-1,-1,-1,-1,-1,[0|0|0|0|0|0|0|0|0|0|0|0]
8005,,0,2000000,34000000,31000000,41000000,33000000,24000000,5000000,5000100,5000200,5000300,50000000,52000000,51000000,53000000,1012,-1,-1,-1,60000000,60010000,-1,11019,-1,-1,4000,6010,6421,4010,6000,-1,-1,1013,1063,250,130,300,3510,1460,1440,1410,1430,1,1,0,1,0,1,0,1,0,1,13,10,12,16,12,9,7,10,0,20,20,1,1,5,5,5,5,10,10,255,255,255,255,255,255,255,0,0,1,0,255,255,255,255,0,0,0,0,0,0,1,0,207000,10030,9500,9501,9502,9510,1,5,99,99,99,99,3,3,0,0,255,0,0,0,0,0,0,0,0,0,1,0,0,0,0,255,255,255,255,255,255,255,255,255,255,255,255,65000000,-1,-1,-1,-1,-1,-1,-1,-1,-1,-1,-1,-1,-1,[0|0|0|0|0|0|0|0|0|0|0|0]
8006,,0,2000000,34000000,31000000,41000000,33000000,24000000,5000000,5000100,5000200,5000300,50000000,52000000,51000000,53000000,1020,-1,-1,-1,60000000,60010000,-1,11019,-1,-1,4000,6010,6421,4010,6000,-1,-1,1013,1063,250,130,300,3510,1460,1440,1410,1430,1,1,0,1,0,1,0,1,0,1,13,10,12,16,12,9,7,10,0,20,20,1,1,5,5,5,5,10,10,255,255,255,255,255,255,255,0,0,1,0,255,255,255,255,0,0,0,0,0,0,1,0,207000,10030,9500,9501,9502,9510,1,5,99,99,99,99,3,3,0,0,255,0,0,0,0,0,0,0,0,0,1,0,0,0,0,255,255,255,255,255,255,255,255,255,255,255,255,65000000,-1,-1,-1,-1,-1,-1,-1,-1,-1,-1,-1,-1,-1,[0|0|0|0|0|0|0|0|0|0|0|0]
8007,,0,2000000,34000000,31000000,41000000,33000000,24000000,5000000,5000100,5000200,5000300,50000000,52000000,51000000,53000000,1021,-1,-1,-1,60000000,60010000,-1,11019,-1,-1,4000,6010,6421,4010,6000,-1,-1,1013,1063,250,130,300,3510,1460,1440,1410,1430,1,1,0,1,0,1,0,1,0,1,13,10,12,16,12,9,7,10,0,20,20,1,1,5,5,5,5,10,10,255,255,255,255,255,255,255,0,0,1,0,255,255,255,255,0,0,0,0,0,0,1,0,207000,10030,9500,9501,9502,9510,1,5,99,99,99,99,3,3,0,0,255,0,0,0,0,0,0,0,0,0,1,0,0,0,0,255,255,255,255,255,255,255,255,255,255,255,255,65000000,-1,-1,-1,-1,-1,-1,-1,-1,-1,-1,-1,-1,-1,[0|0|0|0|0|0|0|0|0|0|0|0]
8008,,0,2000000,34000000,31000000,41000000,33000000,24000000,5000000,5000100,5000200,5000300,50000000,52000000,51000000,53000000,1022,-1,-1,-1,60000000,60010000,-1,11019,-1,-1,4000,6010,6421,4010,6000,-1,-1,1013,1063,250,130,300,3510,1460,1440,1410,1430,1,1,0,1,0,1,0,1,0,1,13,10,12,16,12,9,7,10,0,20,20,1,1,5,5,5,5,10,10,255,255,255,255,255,255,255,0,0,1,0,255,255,255,255,0,0,0,0,0,0,1,0,207000,10030,9500,9501,9502,9510,1,5,99,99,99,99,3,3,0,0,255,0,0,0,0,0,0,0,0,0,1,0,0,0,0,255,255,255,255,255,255,255,255,255,255,255,255,65000000,-1,-1,-1,-1,-1,-1,-1,-1,-1,-1,-1,-1,-1,[0|0|0|0|0|0|0|0|0|0|0|0]
8009,,0,2000000,34000000,31000000,41000000,33000000,24000000,5000000,5000100,5000200,5000300,50000000,52000000,51000000,53000000,1030,-1,-1,-1,60000000,60010000,-1,11019,-1,-1,4000,6010,6421,4010,6000,-1,-1,1013,1063,250,130,300,3510,1460,1440,1410,1430,1,1,0,1,0,1,0,1,0,1,13,10,12,16,12,9,7,10,0,20,20,1,1,5,5,5,5,10,10,255,255,255,255,255,255,255,0,0,1,0,255,255,255,255,0,0,0,0,0,0,1,0,207000,10030,9500,9501,9502,9510,1,5,99,99,99,99,3,3,0,0,255,0,0,0,0,0,0,0,0,0,1,0,0,0,0,255,255,255,255,255,255,255,255,255,255,255,255,65000000,-1,-1,-1,-1,-1,-1,-1,-1,-1,-1,-1,-1,-1,[0|0|0|0|0|0|0|0|0|0|0|0]
8010,,0,2000000,34000000,31000000,41000000,33000000,24000000,5000000,5000100,5000200,5000300,50000000,52000000,51000000,53000000,1031,-1,-1,-1,60000000,60010000,-1,11019,-1,-1,4000,6010,6421,4010,6000,-1,-1,1013,1063,250,130,300,3510,1460,1440,1410,1430,1,1,0,1,0,1,0,1,0,1,13,10,12,16,12,9,7,10,0,20,20,1,1,5,5,5,5,10,10,255,255,255,255,255,255,255,0,0,1,0,255,255,255,255,0,0,0,0,0,0,1,0,207000,10030,9500,9501,9502,9510,1,5,99,99,99,99,3,3,0,0,255,0,0,0,0,0,0,0,0,0,1,0,0,0,0,255,255,255,255,255,255,255,255,255,255,255,255,65000000,-1,-1,-1,-1,-1,-1,-1,-1,-1,-1,-1,-1,-1,[0|0|0|0|0|0|0|0|0|0|0|0]
8011,,0,2000000,34000000,31000000,41000000,33000000,24000000,5000000,5000100,5000200,5000300,50000000,52000000,51000000,53000000,-1,-1,-1,-1,60000000,60010000,-1,11019,-1,-1,4000,6010,6421,4010,6000,-1,-1,1013,1063,250,130,300,3510,1460,1440,1410,1430,1,1,0,1,0,1,0,1,0,1,13,10,12,16,12,9,7,10,0,20,20,1,1,5,5,5,5,10,10,255,255,255,255,255,255,255,0,0,1,0,255,255,255,255,0,0,0,0,0,0,1,0,207000,10030,9500,9501,9502,9510,1,5,99,99,99,99,3,3,0,0,255,0,0,0,0,0,0,0,0,0,1,0,0,0,0,255,255,255,255,255,255,255,255,255,255,255,255,65000000,-1,-1,-1,-1,-1,-1,-1,-1,-1,-1,-1,-1,-1,[0|0|0|0|0|0|0|0|0|0|0|0]
8012,,0,2000000,34000000,31000000,41000000,33000000,24000000,5000000,5000100,5000200,5000300,50000000,52000000,51000000,53000000,1040,-1,-1,-1,60000000,60010000,-1,11019,-1,-1,4000,6010,6421,4010,6000,-1,-1,1013,1063,250,130,300,3510,1460,1440,1410,1430,1,1,0,1,0,1,0,1,0,1,13,10,12,16,12,9,7,10,0,20,20,1,1,5,5,5,5,10,10,255,255,255,255,255,255,255,0,0,1,0,255,255,255,255,0,0,0,0,0,0,1,0,207000,10030,9500,9501,9502,9510,1,5,99,99,99,99,3,3,0,0,255,0,0,0,0,0,0,0,0,0,1,0,0,0,0,255,255,255,255,255,255,255,255,255,255,255,255,65000000,-1,-1,-1,-1,-1,-1,-1,-1,-1,-1,-1,-1,-1,[0|0|0|0|0|0|0|0|0|0|0|0]
8013,,0,2000000,34000000,31000000,41000000,33000000,24000000,5000000,5000100,5000200,5000300,50000000,52000000,51000000,53000000,1041,-1,-1,-1,60000000,60010000,-1,11019,-1,-1,4000,6010,6421,4010,6000,-1,-1,1013,1063,250,130,300,3510,1460,1440,1410,1430,1,1,0,1,0,1,0,1,0,1,13,10,12,16,12,9,7,10,0,20,20,1,1,5,5,5,5,10,10,255,255,255,255,255,255,255,0,0,1,0,255,255,255,255,0,0,0,0,0,0,1,0,207000,10030,9500,9501,9502,9510,1,5,99,99,99,99,3,3,0,0,255,0,0,0,0,0,0,0,0,0,1,0,0,0,0,255,255,255,255,255,255,255,255,255,255,255,255,65000000,-1,-1,-1,-1,-1,-1,-1,-1,-1,-1,-1,-1,-1,[0|0|0|0|0|0|0|0|0|0|0|0]
8014,,0,2000000,34000000,31000000,41000000,33000000,24000000,5000000,5000100,5000200,5000300,50000000,52000000,51000000,53000000,1042,-1,-1,-1,60000000,60010000,-1,11019,-1,-1,4000,6010,6421,4010,6000,-1,-1,1013,1063,250,130,300,3510,1460,1440,1410,1430,1,1,0,1,0,1,0,1,0,1,13,10,12,16,12,9,7,10,0,20,20,1,1,5,5,5,5,10,10,255,255,255,255,255,255,255,0,0,1,0,255,255,255,255,0,0,0,0,0,0,1,0,207000,10030,9500,9501,9502,9510,1,5,99,99,99,99,3,3,0,0,255,0,0,0,0,0,0,0,0,0,1,0,0,0,0,255,255,255,255,255,255,255,255,255,255,255,255,65000000,-1,-1,-1,-1,-1,-1,-1,-1,-1,-1,-1,-1,-1,[0|0|0|0|0|0|0|0|0|0|0|0]
8015,,0,2000000,34000000,31000000,41000000,33000000,24000000,5000000,5000100,5000200,5000300,50000000,52000000,51000000,53000000,1050,-1,-1,-1,60000000,60010000,-1,11019,-1,-1,4000,6010,6421,4010,6000,-1,-1,1013,1063,250,130,300,3510,1460,1440,1410,1430,1,1,0,1,0,1,0,1,0,1,13,10,12,16,12,9,7,10,0,20,20,1,1,5,5,5,5,10,10,255,255,255,255,255,255,255,0,0,1,0,255,255,255,255,0,0,0,0,0,0,1,0,207000,10030,9500,9501,9502,9510,1,5,99,99,99,99,3,3,0,0,255,0,0,0,0,0,0,0,0,0,1,0,0,0,0,255,255,255,255,255,255,255,255,255,255,255,255,65000000,-1,-1,-1,-1,-1,-1,-1,-1,-1,-1,-1,-1,-1,[0|0|0|0|0|0|0|0|0|0|0|0]
8016,,0,2000000,34000000,31000000,41000000,33000000,24000000,5000000,5000100,5000200,5000300,50000000,52000000,51000000,53000000,1051,-1,-1,-1,60000000,60010000,-1,11019,-1,-1,4000,6010,6421,4010,6000,-1,-1,1013,1063,250,130,300,3510,1460,1440,1410,1430,1,1,0,1,0,1,0,1,0,1,13,10,12,16,12,9,7,10,0,20,20,1,1,5,5,5,5,10,10,255,255,255,255,255,255,255,0,0,1,0,255,255,255,255,0,0,0,0,0,0,1,0,207000,10030,9500,9501,9502,9510,1,5,99,99,99,99,3,3,0,0,255,0,0,0,0,0,0,0,0,0,1,0,0,0,0,255,255,255,255,255,255,255,255,255,255,255,255,65000000,-1,-1,-1,-1,-1,-1,-1,-1,-1,-1,-1,-1,-1,[0|0|0|0|0|0|0|0|0|0|0|0]
8017,,0,2000000,34000000,31000000,41000000,33000000,24000000,5000000,5000100,5000200,5000300,50000000,52000000,51000000,53000000,1060,-1,-1,-1,60000000,60010000,-1,11019,-1,-1,4000,6010,6421,4010,6000,-1,-1,1013,1063,250,130,300,3510,1460,1440,1410,1430,1,1,0,1,0,1,0,1,0,1,13,10,12,16,12,9,7,10,0,20,20,1,1,5,5,5,5,10,10,255,255,255,255,255,255,255,0,0,1,0,255,255,255,255,0,0,0,0,0,0,1,0,207000,10030,9500,9501,9502,9510,1,5,99,99,99,99,3,3,0,0,255,0,0,0,0,0,0,0,0,0,1,0,0,0,0,255,255,255,255,255,255,255,255,255,255,255,255,65000000,-1,-1,-1,-1,-1,-1,-1,-1,-1,-1,-1,-1,-1,[0|0|0|0|0|0|0|0|0|0|0|0]
8018,,0,2000000,34000000,31000000,41000000,33000000,24000000,5000000,5000100,5000200,5000300,50000000,52000000,51000000,53000000,1070,-1,-1,-1,60000000,60010000,-1,11019,-1,-1,4000,6010,6421,4010,6000,-1,-1,1013,1063,250,130,300,3510,1460,1440,1410,1430,1,1,0,1,0,1,0,1,0,1,13,10,12,16,12,9,7,10,0,20,20,1,1,5,5,5,5,10,10,255,255,255,255,255,255,255,0,0,1,0,255,255,255,255,0,0,0,0,0,0,1,0,207000,10030,9500,9501,9502,9510,1,5,99,99,99,99,3,3,0,0,255,0,0,0,0,0,0,0,0,0,1,0,0,0,0,255,255,255,255,255,255,255,255,255,255,255,255,65000000,-1,-1,-1,-1,-1,-1,-1,-1,-1,-1,-1,-1,-1,[0|0|0|0|0|0|0|0|0|0|0|0]
8019,,0,2000000,34000000,31000000,41000000,33000000,24000000,5000000,5000100,5000200,5000300,50000000,52000000,51000000,53000000,1080,-1,-1,-1,60000000,60010000,-1,11019,-1,-1,4000,6010,6421,4010,6000,-1,-1,1013,1063,250,130,300,3510,1460,1440,1410,1430,1,1,0,1,0,1,0,1,0,1,13,10,12,16,12,9,7,10,0,20,20,1,1,5,5,5,5,10,10,255,255,255,255,255,255,255,0,0,1,0,255,255,255,255,0,0,0,0,0,0,1,0,207000,10030,9500,9501,9502,9510,1,5,99,99,99,99,3,3,0,0,255,0,0,0,0,0,0,0,0,0,1,0,0,0,0,255,255,255,255,255,255,255,255,255,255,255,255,65000000,-1,-1,-1,-1,-1,-1,-1,-1,-1,-1,-1,-1,-1,[0|0|0|0|0|0|0|0|0|0|0|0]
8020,,0,2000000,34000000,31000000,41000000,33000000,24000000,5000000,5000100,5000200,5000300,50000000,52000000,51000000,53000000,1090,-1,-1,-1,60000000,60010000,-1,11019,-1,-1,4000,6010,6421,4010,6000,-1,-1,1013,1063,250,130,300,3510,1460,1440,1410,1430,1,1,0,1,0,1,0,1,0,1,13,10,12,16,12,9,7,10,0,20,20,1,1,5,5,5,5,10,10,255,255,255,255,255,255,255,0,0,1,0,255,255,255,255,0,0,0,0,0,0,1,0,207000,10030,9500,9501,9502,9510,1,5,99,99,99,99,3,3,0,0,255,0,0,0,0,0,0,0,0,0,1,0,0,0,0,255,255,255,255,255,255,255,255,255,255,255,255,65000000,-1,-1,-1,-1,-1,-1,-1,-1,-1,-1,-1,-1,-1,[0|0|0|0|0|0|0|0|0|0|0|0]
8021,,0,2000000,34000000,31000000,41000000,33000000,24000000,5000000,5000100,5000200,5000300,50000000,52000000,51000000,53000000,1100,-1,-1,-1,60000000,60010000,-1,11019,-1,-1,4000,6010,6421,4010,6000,-1,-1,1013,1063,250,130,300,3510,1460,1440,1410,1430,1,1,0,1,0,1,0,1,0,1,13,10,12,16,12,9,7,10,0,20,20,1,1,5,5,5,5,10,10,255,255,255,255,255,255,255,0,0,1,0,255,255,255,255,0,0,0,0,0,0,1,0,207000,10030,9500,9501,9502,9510,1,5,99,99,99,99,3,3,0,0,255,0,0,0,0,0,0,0,0,0,1,0,0,0,0,255,255,255,255,255,255,255,255,255,255,255,255,65000000,-1,-1,-1,-1,-1,-1,-1,-1,-1,-1,-1,-1,-1,[0|0|0|0|0|0|0|0|0|0|0|0]
8022,,0,2000000,34000000,31000000,41000000,33000000,24000000,5000000,5000100,5000200,5000300,50000000,52000000,51000000,53000000,1110,-1,-1,-1,60000000,60010000,-1,11019,-1,-1,4000,6010,6421,4010,6000,-1,-1,1013,1063,250,130,300,3510,1460,1440,1410,1430,1,1,0,1,0,1,0,1,0,1,13,10,12,16,12,9,7,10,0,20,20,1,1,5,5,5,5,10,10,255,255,255,255,255,255,255,0,0,1,0,255,255,255,255,0,0,0,0,0,0,1,0,207000,10030,9500,9501,9502,9510,1,5,99,99,99,99,3,3,0,0,255,0,0,0,0,0,0,0,0,0,1,0,0,0,0,255,255,255,255,255,255,255,255,255,255,255,255,65000000,-1,-1,-1,-1,-1,-1,-1,-1,-1,-1,-1,-1,-1,[0|0|0|0|0|0|0|0|0|0|0|0]
8023,,0,2000000,34000000,31000000,41000000,33000000,24000000,5000000,5000100,5000200,5000300,50000000,52000000,51000000,53000000,1140,-1,-1,-1,60000000,60010000,-1,11019,-1,-1,4000,6010,6421,4010,6000,-1,-1,1013,1063,250,130,300,3510,1460,1440,1410,1430,1,1,0,1,0,1,0,1,0,1,13,10,12,16,12,9,7,10,0,20,20,1,1,5,5,5,5,10,10,255,255,255,255,255,255,255,0,0,1,0,255,255,255,255,0,0,0,0,0,0,1,0,207000,10030,9500,9501,9502,9510,1,5,99,99,99,99,3,3,0,0,255,0,0,0,0,0,0,0,0,0,1,0,0,0,0,255,255,255,255,255,255,255,255,255,255,255,255,65000000,-1,-1,-1,-1,-1,-1,-1,-1,-1,-1,-1,-1,-1,[0|0|0|0|0|0|0|0|0|0|0|0]
8024,,0,2000000,34000000,31000000,41000000,33000000,24000000,5000000,5000100,5000200,5000300,50000000,52000000,51000000,53000000,1150,-1,-1,-1,60000000,60010000,-1,11019,-1,-1,4000,6010,6421,4010,6000,-1,-1,1013,1063,250,130,300,3510,1460,1440,1410,1430,1,1,0,1,0,1,0,1,0,1,13,10,12,16,12,9,7,10,0,20,20,1,1,5,5,5,5,10,10,255,255,255,255,255,255,255,0,0,1,0,255,255,255,255,0,0,0,0,0,0,1,0,207000,10030,9500,9501,9502,9510,1,5,99,99,99,99,3,3,0,0,255,0,0,0,0,0,0,0,0,0,1,0,0,0,0,255,255,255,255,255,255,255,255,255,255,255,255,65000000,-1,-1,-1,-1,-1,-1,-1,-1,-1,-1,-1,-1,-1,[0|0|0|0|0|0|0|0|0|0|0|0]
8025,,0,2000000,34000000,31000000,41000000,33000000,24000000,5000000,5000100,5000200,5000300,50000000,52000000,51000000,53000000,1160,-1,-1,-1,60000000,60010000,-1,11019,-1,-1,4000,6010,6421,4010,6000,-1,-1,1013,1063,250,130,300,3510,1460,1440,1410,1430,1,1,0,1,0,1,0,1,0,1,13,10,12,16,12,9,7,10,0,20,20,1,1,5,5,5,5,10,10,255,255,255,255,255,255,255,0,0,1,0,255,255,255,255,0,0,0,0,0,0,1,0,207000,10030,9500,9501,9502,9510,1,5,99,99,99,99,3,3,0,0,255,0,0,0,0,0,0,0,0,0,1,0,0,0,0,255,255,255,255,255,255,255,255,255,255,255,255,65000000,-1,-1,-1,-1,-1,-1,-1,-1,-1,-1,-1,-1,-1,[0|0|0|0|0|0|0|0|0|0|0|0]
8026,,0,2000000,34000000,31000000,41000000,33000000,24000000,5000000,5000100,5000200,5000300,50000000,52000000,51000000,53000000,1161,-1,-1,-1,60000000,60010000,-1,11019,-1,-1,4000,6010,6421,4010,6000,-1,-1,1013,1063,250,130,300,3510,1460,1440,1410,1430,1,1,0,1,0,1,0,1,0,1,13,10,12,16,12,9,7,10,0,20,20,1,1,5,5,5,5,10,10,255,255,255,255,255,255,255,0,0,1,0,255,255,255,255,0,0,0,0,0,0,1,0,207000,10030,9500,9501,9502,9510,1,5,99,99,99,99,3,3,0,0,255,0,0,0,0,0,0,0,0,0,1,0,0,0,0,255,255,255,255,255,255,255,255,255,255,255,255,65000000,-1,-1,-1,-1,-1,-1,-1,-1,-1,-1,-1,-1,-1,[0|0|0|0|0|0|0|0|0|0|0|0]
8027,,0,2000000,34000000,31000000,41000000,33000000,24000000,5000000,5000100,5000200,5000300,50000000,52000000,51000000,53000000,1170,-1,-1,-1,60000000,60010000,-1,11019,-1,-1,4000,6010,6421,4010,6000,-1,-1,1013,1063,250,130,300,3510,1460,1440,1410,1430,1,1,0,1,0,1,0,1,0,1,13,10,12,16,12,9,7,10,0,20,20,1,1,5,5,5,5,10,10,255,255,255,255,255,255,255,0,0,1,0,255,255,255,255,0,0,0,0,0,0,1,0,207000,10030,9500,9501,9502,9510,1,5,99,99,99,99,3,3,0,0,255,0,0,0,0,0,0,0,0,0,1,0,0,0,0,255,255,255,255,255,255,255,255,255,255,255,255,65000000,-1,-1,-1,-1,-1,-1,-1,-1,-1,-1,-1,-1,-1,[0|0|0|0|0|0|0|0|0|0|0|0]
8028,,0,2000000,34000000,31000000,41000000,33000000,24000000,5000000,5000100,5000200,5000300,50000000,52000000,51000000,53000000,1171,-1,-1,-1,60000000,60010000,-1,11019,-1,-1,4000,6010,6421,4010,6000,-1,-1,1013,1063,250,130,300,3510,1460,1440,1410,1430,1,1,0,1,0,1,0,1,0,1,13,10,12,16,12,9,7,10,0,20,20,1,1,5,5,5,5,10,10,255,255,255,255,255,255,255,0,0,1,0,255,255,255,255,0,0,0,0,0,0,1,0,207000,10030,9500,9501,9502,9510,1,5,99,99,99,99,3,3,0,0,255,0,0,0,0,0,0,0,0,0,1,0,0,0,0,255,255,255,255,255,255,255,255,255,255,255,255,65000000,-1,-1,-1,-1,-1,-1,-1,-1,-1,-1,-1,-1,-1,[0|0|0|0|0|0|0|0|0|0|0|0]
8029,,0,2000000,34000000,31000000,41000000,33000000,24000000,5000000,5000100,5000200,5000300,50000000,52000000,51000000,53000000,1180,-1,-1,-1,60000000,60010000,-1,11019,-1,-1,4000,6010,6421,4010,6000,-1,-1,1013,1063,250,130,300,3510,1460,1440,1410,1430,1,1,0,1,0,1,0,1,0,1,13,10,12,16,12,9,7,10,0,20,20,1,1,5,5,5,5,10,10,255,255,255,255,255,255,255,0,0,1,0,255,255,255,255,0,0,0,0,0,0,1,0,207000,10030,9500,9501,9502,9510,1,5,99,99,99,99,3,3,0,0,255,0,0,0,0,0,0,0,0,0,1,0,0,0,0,255,255,255,255,255,255,255,255,255,255,255,255,65000000,-1,-1,-1,-1,-1,-1,-1,-1,-1,-1,-1,-1,-1,[0|0|0|0|0|0|0|0|0|0|0|0]
8030,,0,2000000,34000000,31000000,41000000,33000000,24000000,5000000,5000100,5000200,5000300,50000000,52000000,51000000,53000000,1181,-1,-1,-1,60000000,60010000,-1,11019,-1,-1,4000,6010,6421,4010,6000,-1,-1,1013,1063,250,130,300,3510,1460,1440,1410,1430,1,1,0,1,0,1,0,1,0,1,13,10,12,16,12,9,7,10,0,20,20,1,1,5,5,5,5,10,10,255,255,255,255,255,255,255,0,0,1,0,255,255,255,255,0,0,0,0,0,0,1,0,207000,10030,9500,9501,9502,9510,1,5,99,99,99,99,3,3,0,0,255,0,0,0,0,0,0,0,0,0,1,0,0,0,0,255,255,255,255,255,255,255,255,255,255,255,255,65000000,-1,-1,-1,-1,-1,-1,-1,-1,-1,-1,-1,-1,-1,[0|0|0|0|0|0|0|0|0|0|0|0]
8031,,0,2000000,34000000,31000000,41000000,33000000,24000000,5000000,5000100,5000200,5000300,50000000,52000000,51000000,53000000,1190,-1,-1,-1,60000000,60010000,-1,11019,-1,-1,4000,6010,6421,4010,6000,-1,-1,1013,1063,250,130,300,3510,1460,1440,1410,1430,1,1,0,1,0,1,0,1,0,1,13,10,12,16,12,9,7,10,0,20,20,1,1,5,5,5,5,10,10,255,255,255,255,255,255,255,0,0,1,0,255,255,255,255,0,0,0,0,0,0,1,0,207000,10030,9500,9501,9502,9510,1,5,99,99,99,99,3,3,0,0,255,0,0,0,0,0,0,0,0,0,1,0,0,0,0,255,255,255,255,255,255,255,255,255,255,255,255,65000000,-1,-1,-1,-1,-1,-1,-1,-1,-1,-1,-1,-1,-1,[0|0|0|0|0|0|0|0|0|0|0|0]
8032,,0,2000000,34000000,31000000,41000000,33000000,24000000,5000000,5000100,5000200,5000300,50000000,52000000,51000000,53000000,1191,-1,-1,-1,60000000,60010000,-1,11019,-1,-1,4000,6010,6421,4010,6000,-1,-1,1013,1063,250,130,300,3510,1460,1440,1410,1430,1,1,0,1,0,1,0,1,0,1,13,10,12,16,12,9,7,10,0,20,20,1,1,5,5,5,5,10,10,255,255,255,255,255,255,255,0,0,1,0,255,255,255,255,0,0,0,0,0,0,1,0,207000,10030,9500,9501,9502,9510,1,5,99,99,99,99,3,3,0,0,255,0,0,0,0,0,0,0,0,0,1,0,0,0,0,255,255,255,255,255,255,255,255,255,255,255,255,65000000,-1,-1,-1,-1,-1,-1,-1,-1,-1,-1,-1,-1,-1,[0|0|0|0|0|0|0|0|0|0|0|0]
8033,,0,2000000,34000000,31000000,41000000,33000000,24000000,5000000,5000100,5000200,5000300,50000000,52000000,51000000,53000000,1200,-1,-1,-1,60000000,60010000,-1,11019,-1,-1,4000,6010,6421,4010,6000,-1,-1,1013,1063,250,130,300,3510,1460,1440,1410,1430,1,1,0,1,0,1,0,1,0,1,13,10,12,16,12,9,7,10,0,20,20,1,1,5,5,5,5,10,10,255,255,255,255,255,255,255,0,0,1,0,255,255,255,255,0,0,0,0,0,0,1,0,207000,10030,9500,9501,9502,9510,1,5,99,99,99,99,3,3,0,0,255,0,0,0,0,0,0,0,0,0,1,0,0,0,0,255,255,255,255,255,255,255,255,255,255,255,255,65000000,-1,-1,-1,-1,-1,-1,-1,-1,-1,-1,-1,-1,-1,[0|0|0|0|0|0|0|0|0|0|0|0]
8034,,0,2000000,34000000,31000000,41000000,33000000,24000000,5000000,5000100,5000200,5000300,50000000,52000000,51000000,53000000,1201,-1,-1,-1,60000000,60010000,-1,11019,-1,-1,4000,6010,6421,4010,6000,-1,-1,1013,1063,250,130,300,3510,1460,1440,1410,1430,1,1,0,1,0,1,0,1,0,1,13,10,12,16,12,9,7,10,0,20,20,1,1,5,5,5,5,10,10,255,255,255,255,255,255,255,0,0,1,0,255,255,255,255,0,0,0,0,0,0,1,0,207000,10030,9500,9501,9502,9510,1,5,99,99,99,99,3,3,0,0,255,0,0,0,0,0,0,0,0,0,1,0,0,0,0,255,255,255,255,255,255,255,255,255,255,255,255,65000000,-1,-1,-1,-1,-1,-1,-1,-1,-1,-1,-1,-1,-1,[0|0|0|0|0|0|0|0|0|0|0|0]
8035,,0,2000000,34000000,31000000,41000000,33000000,24000000,5000000,5000100,5000200,5000300,50000000,52000000,51000000,53000000,1210,-1,-1,-1,60000000,60010000,-1,11019,-1,-1,4000,6010,6421,4010,6000,-1,-1,1013,1063,250,130,300,3510,1460,1440,1410,1430,1,1,0,1,0,1,0,1,0,1,13,10,12,16,12,9,7,10,0,20,20,1,1,5,5,5,5,10,10,255,255,255,255,255,255,255,0,0,1,0,255,255,255,255,0,0,0,0,0,0,1,0,207000,10030,9500,9501,9502,9510,1,5,99,99,99,99,3,3,0,0,255,0,0,0,0,0,0,0,0,0,1,0,0,0,0,255,255,255,255,255,255,255,255,255,255,255,255,65000000,-1,-1,-1,-1,-1,-1,-1,-1,-1,-1,-1,-1,-1,[0|0|0|0|0|0|0|0|0|0|0|0]
8036,,0,2000000,34000000,31000000,41000000,33000000,24000000,5000000,5000100,5000200,5000300,50000000,52000000,51000000,53000000,1220,-1,-1,-1,60000000,60010000,-1,11019,-1,-1,4000,6010,6421,4010,6000,-1,-1,1013,1063,250,130,300,3510,1460,1440,1410,1430,1,1,0,1,0,1,0,1,0,1,13,10,12,16,12,9,7,10,0,20,20,1,1,5,5,5,5,10,10,255,255,255,255,255,255,255,0,0,1,0,255,255,255,255,0,0,0,0,0,0,1,0,207000,10030,9500,9501,9502,9510,1,5,99,99,99,99,3,3,0,0,255,0,0,0,0,0,0,0,0,0,1,0,0,0,0,255,255,255,255,255,255,255,255,255,255,255,255,65000000,-1,-1,-1,-1,-1,-1,-1,-1,-1,-1,-1,-1,-1,[0|0|0|0|0|0|0|0|0|0|0|0]
8037,,0,2000000,34000000,31000000,41000000,33000000,24000000,5000000,5000100,5000200,5000300,50000000,52000000,51000000,53000000,1221,-1,-1,-1,60000000,60010000,-1,11019,-1,-1,4000,6010,6421,4010,6000,-1,-1,1013,1063,250,130,300,3510,1460,1440,1410,1430,1,1,0,1,0,1,0,1,0,1,13,10,12,16,12,9,7,10,0,20,20,1,1,5,5,5,5,10,10,255,255,255,255,255,255,255,0,0,1,0,255,255,255,255,0,0,0,0,0,0,1,0,207000,10030,9500,9501,9502,9510,1,5,99,99,99,99,3,3,0,0,255,0,0,0,0,0,0,0,0,0,1,0,0,0,0,255,255,255,255,255,255,255,255,255,255,255,255,65000000,-1,-1,-1,-1,-1,-1,-1,-1,-1,-1,-1,-1,-1,[0|0|0|0|0|0|0|0|0|0|0|0]
8038,,0,2000000,34000000,31000000,41000000,33000000,24000000,5000000,5000100,5000200,5000300,50000000,52000000,51000000,53000000,1230,-1,-1,-1,60000000,60010000,-1,11019,-1,-1,4000,6010,6421,4010,6000,-1,-1,1013,1063,250,130,300,3510,1460,1440,1410,1430,1,1,0,1,0,1,0,1,0,1,13,10,12,16,12,9,7,10,0,20,20,1,1,5,5,5,5,10,10,255,255,255,255,255,255,255,0,0,1,0,255,255,255,255,0,0,0,0,0,0,1,0,207000,10030,9500,9501,9502,9510,1,5,99,99,99,99,3,3,0,0,255,0,0,0,0,0,0,0,0,0,1,0,0,0,0,255,255,255,255,255,255,255,255,255,255,255,255,65000000,-1,-1,-1,-1,-1,-1,-1,-1,-1,-1,-1,-1,-1,[0|0|0|0|0|0|0|0|0|0|0|0]
8039,,0,2000000,34000000,31000000,41000000,33000000,24000000,5000000,5000100,5000200,5000300,50000000,52000000,51000000,53000000,1231,-1,-1,-1,60000000,60010000,-1,11019,-1,-1,4000,6010,6421,4010,6000,-1,-1,1013,1063,250,130,300,3510,1460,1440,1410,1430,1,1,0,1,0,1,0,1,0,1,13,10,12,16,12,9,7,10,0,20,20,1,1,5,5,5,5,10,10,255,255,255,255,255,255,255,0,0,1,0,255,255,255,255,0,0,0,0,0,0,1,0,207000,10030,9500,9501,9502,9510,1,5,99,99,99,99,3,3,0,0,255,0,0,0,0,0,0,0,0,0,1,0,0,0,0,255,255,255,255,255,255,255,255,255,255,255,255,65000000,-1,-1,-1,-1,-1,-1,-1,-1,-1,-1,-1,-1,-1,[0|0|0|0|0|0|0|0|0|0|0|0]
8040,,0,2000000,34000000,31000000,41000000,33000000,24000000,5000000,5000100,5000200,5000300,50000000,52000000,51000000,53000000,1250,-1,-1,-1,60000000,60010000,-1,11019,-1,-1,4000,6010,6421,4010,6000,-1,-1,1013,1063,250,130,300,3510,1460,1440,1410,1430,1,1,0,1,0,1,0,1,0,1,13,10,12,16,12,9,7,10,0,20,20,1,1,5,5,5,5,10,10,255,255,255,255,255,255,255,0,0,1,0,255,255,255,255,0,0,0,0,0,0,1,0,207000,10030,9500,9501,9502,9510,1,5,99,99,99,99,3,3,0,0,255,0,0,0,0,0,0,0,0,0,1,0,0,0,0,255,255,255,255,255,255,255,255,255,255,255,255,65000000,-1,-1,-1,-1,-1,-1,-1,-1,-1,-1,-1,-1,-1,[0|0|0|0|0|0|0|0|0|0|0|0]
8041,,0,2000000,34000000,31000000,41000000,33000000,24000000,5000000,5000100,5000200,5000300,50000000,52000000,51000000,53000000,2000,-1,-1,-1,60000000,60010000,-1,11019,-1,-1,4000,6010,6421,4010,6000,-1,-1,1013,1063,250,130,300,3510,1460,1440,1410,1430,1,1,0,1,0,1,0,1,0,1,13,10,12,16,12,9,7,10,0,20,20,1,1,5,5,5,5,10,10,255,255,255,255,255,255,255,0,0,1,0,255,255,255,255,0,0,0,0,0,0,1,0,207000,10030,9500,9501,9502,9510,1,5,99,99,99,99,3,3,0,0,255,0,0,0,0,0,0,0,0,0,1,0,0,0,0,255,255,255,255,255,255,255,255,255,255,255,255,65000000,-1,-1,-1,-1,-1,-1,-1,-1,-1,-1,-1,-1,-1,[0|0|0|0|0|0|0|0|0|0|0|0]
8042,,0,2000000,34000000,31000000,41000000,33000000,24000000,5000000,5000100,5000200,5000300,50000000,52000000,51000000,53000000,2010,-1,-1,-1,60000000,60010000,-1,11019,-1,-1,4000,6010,6421,4010,6000,-1,-1,1013,1063,250,130,300,3510,1460,1440,1410,1430,1,1,0,1,0,1,0,1,0,1,13,10,12,16,12,9,7,10,0,20,20,1,1,5,5,5,5,10,10,255,255,255,255,255,255,255,0,0,1,0,255,255,255,255,0,0,0,0,0,0,1,0,207000,10030,9500,9501,9502,9510,1,5,99,99,99,99,3,3,0,0,255,0,0,0,0,0,0,0,0,0,1,0,0,0,0,255,255,255,255,255,255,255,255,255,255,255,255,65000000,-1,-1,-1,-1,-1,-1,-1,-1,-1,-1,-1,-1,-1,[0|0|0|0|0|0|0|0|0|0|0|0]
8043,,0,2000000,34000000,31000000,41000000,33000000,24000000,5000000,5000100,5000200,5000300,50000000,52000000,51000000,53000000,2020,-1,-1,-1,60000000,60010000,-1,11019,-1,-1,4000,6010,6421,4010,6000,-1,-1,1013,1063,250,130,300,3510,1460,1440,1410,1430,1,1,0,1,0,1,0,1,0,1,13,10,12,16,12,9,7,10,0,20,20,1,1,5,5,5,5,10,10,255,255,255,255,255,255,255,0,0,1,0,255,255,255,255,0,0,0,0,0,0,1,0,207000,10030,9500,9501,9502,9510,1,5,99,99,99,99,3,3,0,0,255,0,0,0,0,0,0,0,0,0,1,0,0,0,0,255,255,255,255,255,255,255,255,255,255,255,255,65000000,-1,-1,-1,-1,-1,-1,-1,-1,-1,-1,-1,-1,-1,[0|0|0|0|0|0|0|0|0|0|0|0]
8044,,0,2000000,34000000,31000000,41000000,33000000,24000000,5000000,5000100,5000200,5000300,50000000,52000000,51000000,53000000,2030,-1,-1,-1,60000000,60010000,-1,11019,-1,-1,4000,6010,6421,4010,6000,-1,-1,1013,1063,250,130,300,3510,1460,1440,1410,1430,1,1,0,1,0,1,0,1,0,1,13,10,12,16,12,9,7,10,0,20,20,1,1,5,5,5,5,10,10,255,255,255,255,255,255,255,0,0,1,0,255,255,255,255,0,0,0,0,0,0,1,0,207000,10030,9500,9501,9502,9510,1,5,99,99,99,99,3,3,0,0,255,0,0,0,0,0,0,0,0,0,1,0,0,0,0,255,255,255,255,255,255,255,255,255,255,255,255,65000000,-1,-1,-1,-1,-1,-1,-1,-1,-1,-1,-1,-1,-1,[0|0|0|0|0|0|0|0|0|0|0|0]
8045,,0,2000000,34000000,31000000,41000000,33000000,24000000,5000000,5000100,5000200,5000300,50000000,52000000,51000000,53000000,2040,-1,-1,-1,60000000,60010000,-1,11019,-1,-1,4000,6010,6421,4010,6000,-1,-1,1013,1063,250,130,300,3510,1460,1440,1410,1430,1,1,0,1,0,1,0,1,0,1,13,10,12,16,12,9,7,10,0,20,20,1,1,5,5,5,5,10,10,255,255,255,255,255,255,255,0,0,1,0,255,255,255,255,0,0,0,0,0,0,1,0,207000,10030,9500,9501,9502,9510,1,5,99,99,99,99,3,3,0,0,255,0,0,0,0,0,0,0,0,0,1,0,0,0,0,255,255,255,255,255,255,255,255,255,255,255,255,65000000,-1,-1,-1,-1,-1,-1,-1,-1,-1,-1,-1,-1,-1,[0|0|0|0|0|0|0|0|0|0|0|0]
8046,,0,2000000,34000000,31000000,41000000,33000000,24000000,5000000,5000100,5000200,5000300,50000000,52000000,51000000,53000000,2050,-1,-1,-1,60000000,60010000,-1,11019,-1,-1,4000,6010,6421,4010,6000,-1,-1,1013,1063,250,130,300,3510,1460,1440,1410,1430,1,1,0,1,0,1,0,1,0,1,13,10,12,16,12,9,7,10,0,20,20,1,1,5,5,5,5,10,10,255,255,255,255,255,255,255,0,0,1,0,255,255,255,255,0,0,0,0,0,0,1,0,207000,10030,9500,9501,9502,9510,1,5,99,99,99,99,3,3,0,0,255,0,0,0,0,0,0,0,0,0,1,0,0,0,0,255,255,255,255,255,255,255,255,255,255,255,255,65000000,-1,-1,-1,-1,-1,-1,-1,-1,-1,-1,-1,-1,-1,[0|0|0|0|0|0|0|0|0|0|0|0]
8047,,0,2000000,34000000,31000000,41000000,33000000,24000000,5000000,5000100,5000200,5000300,50000000,52000000,51000000,53000000,2060,-1,-1,-1,60000000,60010000,-1,11019,-1,-1,4000,6010,6421,4010,6000,-1,-1,1013,1063,250,130,300,3510,1460,1440,1410,1430,1,1,0,1,0,1,0,1,0,1,13,10,12,16,12,9,7,10,0,20,20,1,1,5,5,5,5,10,10,255,255,255,255,255,255,255,0,0,1,0,255,255,255,255,0,0,0,0,0,0,1,0,207000,10030,9500,9501,9502,9510,1,5,99,99,99,99,3,3,0,0,255,0,0,0,0,0,0,0,0,0,1,0,0,0,0,255,255,255,255,255,255,255,255,255,255,255,255,65000000,-1,-1,-1,-1,-1,-1,-1,-1,-1,-1,-1,-1,-1,[0|0|0|0|0|0|0|0|0|0|0|0]
8048,,0,2000000,34000000,31000000,41000000,33000000,24000000,5000000,5000100,5000200,5000300,50000000,52000000,51000000,53000000,2070,-1,-1,-1,60000000,60010000,-1,11019,-1,-1,4000,6010,6421,4010,6000,-1,-1,1013,1063,250,130,300,3510,1460,1440,1410,1430,1,1,0,1,0,1,0,1,0,1,13,10,12,16,12,9,7,10,0,20,20,1,1,5,5,5,5,10,10,255,255,255,255,255,255,255,0,0,1,0,255,255,255,255,0,0,0,0,0,0,1,0,207000,10030,9500,9501,9502,9510,1,5,99,99,99,99,3,3,0,0,255,0,0,0,0,0,0,0,0,0,1,0,0,0,0,255,255,255,255,255,255,255,255,255,255,255,255,65000000,-1,-1,-1,-1,-1,-1,-1,-1,-1,-1,-1,-1,-1,[0|0|0|0|0|0|0|0|0|0|0|0]
8049,,0,2000000,34000000,31000000,41000000,33000000,24000000,5000000,5000100,5000200,5000300,50000000,52000000,51000000,53000000,2080,-1,-1,-1,60000000,60010000,-1,11019,-1,-1,4000,6010,6421,4010,6000,-1,-1,1013,1063,250,130,300,3510,1460,1440,1410,1430,1,1,0,1,0,1,0,1,0,1,13,10,12,16,12,9,7,10,0,20,20,1,1,5,5,5,5,10,10,255,255,255,255,255,255,255,0,0,1,0,255,255,255,255,0,0,0,0,0,0,1,0,207000,10030,9500,9501,9502,9510,1,5,99,99,99,99,3,3,0,0,255,0,0,0,0,0,0,0,0,0,1,0,0,0,0,255,255,255,255,255,255,255,255,255,255,255,255,65000000,-1,-1,-1,-1,-1,-1,-1,-1,-1,-1,-1,-1,-1,[0|0|0|0|0|0|0|0|0|0|0|0]
8050,,0,2000000,34000000,31000000,41000000,33000000,24000000,5000000,5000100,5000200,5000300,50000000,52000000,51000000,53000000,2081,-1,-1,-1,60000000,60010000,-1,11019,-1,-1,4000,6010,6421,4010,6000,-1,-1,1013,1063,250,130,300,3510,1460,1440,1410,1430,1,1,0,1,0,1,0,1,0,1,13,10,12,16,12,9,7,10,0,20,20,1,1,5,5,5,5,10,10,255,255,255,255,255,255,255,0,0,1,0,255,255,255,255,0,0,0,0,0,0,1,0,207000,10030,9500,9501,9502,9510,1,5,99,99,99,99,3,3,0,0,255,0,0,0,0,0,0,0,0,0,1,0,0,0,0,255,255,255,255,255,255,255,255,255,255,255,255,65000000,-1,-1,-1,-1,-1,-1,-1,-1,-1,-1,-1,-1,-1,[0|0|0|0|0|0|0|0|0|0|0|0]
8051,,0,2000000,34000000,31000000,41000000,33000000,24000000,5000000,5000100,5000200,5000300,50000000,52000000,51000000,53000000,2090,-1,-1,-1,60000000,60010000,-1,11019,-1,-1,4000,6010,6421,4010,6000,-1,-1,1013,1063,250,130,300,3510,1460,1440,1410,1430,1,1,0,1,0,1,0,1,0,1,13,10,12,16,12,9,7,10,0,20,20,1,1,5,5,5,5,10,10,255,255,255,255,255,255,255,0,0,1,0,255,255,255,255,0,0,0,0,0,0,1,0,207000,10030,9500,9501,9502,9510,1,5,99,99,99,99,3,3,0,0,255,0,0,0,0,0,0,0,0,0,1,0,0,0,0,255,255,255,255,255,255,255,255,255,255,255,255,65000000,-1,-1,-1,-1,-1,-1,-1,-1,-1,-1,-1,-1,-1,[0|0|0|0|0|0|0|0|0|0|0|0]
8052,,0,2000000,34000000,31000000,41000000,33000000,24000000,5000000,5000100,5000200,5000300,50000000,52000000,51000000,53000000,2100,-1,-1,-1,60000000,60010000,-1,11019,-1,-1,4000,6010,6421,4010,6000,-1,-1,1013,1063,250,130,300,3510,1460,1440,1410,1430,1,1,0,1,0,1,0,1,0,1,13,10,12,16,12,9,7,10,0,20,20,1,1,5,5,5,5,10,10,255,255,255,255,255,255,255,0,0,1,0,255,255,255,255,0,0,0,0,0,0,1,0,207000,10030,9500,9501,9502,9510,1,5,99,99,99,99,3,3,0,0,255,0,0,0,0,0,0,0,0,0,1,0,0,0,0,255,255,255,255,255,255,255,255,255,255,255,255,65000000,-1,-1,-1,-1,-1,-1,-1,-1,-1,-1,-1,-1,-1,[0|0|0|0|0|0|0|0|0|0|0|0]
8053,,0,2000000,34000000,31000000,41000000,33000000,24000000,5000000,5000100,5000200,5000300,50000000,52000000,51000000,53000000,2110,-1,-1,-1,60000000,60010000,-1,11019,-1,-1,4000,6010,6421,4010,6000,-1,-1,1013,1063,250,130,300,3510,1460,1440,1410,1430,1,1,0,1,0,1,0,1,0,1,13,10,12,16,12,9,7,10,0,20,20,1,1,5,5,5,5,10,10,255,255,255,255,255,255,255,0,0,1,0,255,255,255,255,0,0,0,0,0,0,1,0,207000,10030,9500,9501,9502,9510,1,5,99,99,99,99,3,3,0,0,255,0,0,0,0,0,0,0,0,0,1,0,0,0,0,255,255,255,255,255,255,255,255,255,255,255,255,65000000,-1,-1,-1,-1,-1,-1,-1,-1,-1,-1,-1,-1,-1,[0|0|0|0|0|0|0|0|0|0|0|0]
8054,,0,2000000,34000000,31000000,41000000,33000000,24000000,5000000,5000100,5000200,5000300,50000000,52000000,51000000,53000000,2120,-1,-1,-1,60000000,60010000,-1,11019,-1,-1,4000,6010,6421,4010,6000,-1,-1,1013,1063,250,130,300,3510,1460,1440,1410,1430,1,1,0,1,0,1,0,1,0,1,13,10,12,16,12,9,7,10,0,20,20,1,1,5,5,5,5,10,10,255,255,255,255,255,255,255,0,0,1,0,255,255,255,255,0,0,0,0,0,0,1,0,207000,10030,9500,9501,9502,9510,1,5,99,99,99,99,3,3,0,0,255,0,0,0,0,0,0,0,0,0,1,0,0,0,0,255,255,255,255,255,255,255,255,255,255,255,255,65000000,-1,-1,-1,-1,-1,-1,-1,-1,-1,-1,-1,-1,-1,[0|0|0|0|0|0|0|0|0|0|0|0]
8055,,0,2000000,34000000,31000000,41000000,33000000,24000000,5000000,5000100,5000200,5000300,50000000,52000000,51000000,53000000,2130,-1,-1,-1,60000000,60010000,-1,11019,-1,-1,4000,6010,6421,4010,6000,-1,-1,1013,1063,250,130,300,3510,1460,1440,1410,1430,1,1,0,1,0,1,0,1,0,1,13,10,12,16,12,9,7,10,0,20,20,1,1,5,5,5,5,10,10,255,255,255,255,255,255,255,0,0,1,0,255,255,255,255,0,0,0,0,0,0,1,0,207000,10030,9500,9501,9502,9510,1,5,99,99,99,99,3,3,0,0,255,0,0,0,0,0,0,0,0,0,1,0,0,0,0,255,255,255,255,255,255,255,255,255,255,255,255,65000000,-1,-1,-1,-1,-1,-1,-1,-1,-1,-1,-1,-1,-1,[0|0|0|0|0|0|0|0|0|0|0|0]
8056,,0,2000000,34000000,31000000,41000000,33000000,24000000,5000000,5000100,5000200,5000300,50000000,52000000,51000000,53000000,2140,-1,-1,-1,60000000,60010000,-1,11019,-1,-1,4000,6010,6421,4010,6000,-1,-1,1013,1063,250,130,300,3510,1460,1440,1410,1430,1,1,0,1,0,1,0,1,0,1,13,10,12,16,12,9,7,10,0,20,20,1,1,5,5,5,5,10,10,255,255,255,255,255,255,255,0,0,1,0,255,255,255,255,0,0,0,0,0,0,1,0,207000,10030,9500,9501,9502,9510,1,5,99,99,99,99,3,3,0,0,255,0,0,0,0,0,0,0,0,0,1,0,0,0,0,255,255,255,255,255,255,255,255,255,255,255,255,65000000,-1,-1,-1,-1,-1,-1,-1,-1,-1,-1,-1,-1,-1,[0|0|0|0|0|0|0|0|0|0|0|0]
8057,,0,2000000,34000000,31000000,41000000,33000000,24000000,5000000,5000100,5000200,5000300,50000000,52000000,51000000,53000000,2150,-1,-1,-1,60000000,60010000,-1,11019,-1,-1,4000,6010,6421,4010,6000,-1,-1,1013,1063,250,130,300,3510,1460,1440,1410,1430,1,1,0,1,0,1,0,1,0,1,13,10,12,16,12,9,7,10,0,20,20,1,1,5,5,5,5,10,10,255,255,255,255,255,255,255,0,0,1,0,255,255,255,255,0,0,0,0,0,0,1,0,207000,10030,9500,9501,9502,9510,1,5,99,99,99,99,3,3,0,0,255,0,0,0,0,0,0,0,0,0,1,0,0,0,0,255,255,255,255,255,255,255,255,255,255,255,255,65000000,-1,-1,-1,-1,-1,-1,-1,-1,-1,-1,-1,-1,-1,[0|0|0|0|0|0|0|0|0|0|0|0]
8058,,0,2000000,34000000,31000000,41000000,33000000,24000000,5000000,5000100,5000200,5000300,50000000,52000000,51000000,53000000,2160,-1,-1,-1,60000000,60010000,-1,11019,-1,-1,4000,6010,6421,4010,6000,-1,-1,1013,1063,250,130,300,3510,1460,1440,1410,1430,1,1,0,1,0,1,0,1,0,1,13,10,12,16,12,9,7,10,0,20,20,1,1,5,5,5,5,10,10,255,255,255,255,255,255,255,0,0,1,0,255,255,255,255,0,0,0,0,0,0,1,0,207000,10030,9500,9501,9502,9510,1,5,99,99,99,99,3,3,0,0,255,0,0,0,0,0,0,0,0,0,1,0,0,0,0,255,255,255,255,255,255,255,255,255,255,255,255,65000000,-1,-1,-1,-1,-1,-1,-1,-1,-1,-1,-1,-1,-1,[0|0|0|0|0|0|0|0|0|0|0|0]
8059,,0,2000000,34000000,31000000,41000000,33000000,24000000,5000000,5000100,5000200,5000300,50000000,52000000,51000000,53000000,2170,-1,-1,-1,60000000,60010000,-1,11019,-1,-1,4000,6010,6421,4010,6000,-1,-1,1013,1063,250,130,300,3510,1460,1440,1410,1430,1,1,0,1,0,1,0,1,0,1,13,10,12,16,12,9,7,10,0,20,20,1,1,5,5,5,5,10,10,255,255,255,255,255,255,255,0,0,1,0,255,255,255,255,0,0,0,0,0,0,1,0,207000,10030,9500,9501,9502,9510,1,5,99,99,99,99,3,3,0,0,255,0,0,0,0,0,0,0,0,0,1,0,0,0,0,255,255,255,255,255,255,255,255,255,255,255,255,65000000,-1,-1,-1,-1,-1,-1,-1,-1,-1,-1,-1,-1,-1,[0|0|0|0|0|0|0|0|0|0|0|0]
8060,,0,2000000,34000000,31000000,41000000,33000000,24000000,5000000,5000100,5000200,5000300,50000000,52000000,51000000,53000000,2180,-1,-1,-1,60000000,60010000,-1,11019,-1,-1,4000,6010,6421,4010,6000,-1,-1,1013,1063,250,130,300,3510,1460,1440,1410,1430,1,1,0,1,0,1,0,1,0,1,13,10,12,16,12,9,7,10,0,20,20,1,1,5,5,5,5,10,10,255,255,255,255,255,255,255,0,0,1,0,255,255,255,255,0,0,0,0,0,0,1,0,207000,10030,9500,9501,9502,9510,1,5,99,99,99,99,3,3,0,0,255,0,0,0,0,0,0,0,0,0,1,0,0,0,0,255,255,255,255,255,255,255,255,255,255,255,255,65000000,-1,-1,-1,-1,-1,-1,-1,-1,-1,-1,-1,-1,-1,[0|0|0|0|0|0|0|0|0|0|0|0]
8061,,0,184,34000000,31000000,41000000,33000000,24000000,5000000,5000100,5000200,5000300,50000000,52000000,51000000,53000000,2190,-1,-1,-1,60000000,60010000,-1,11019,-1,-1,7001,6010,6421,4010,6000,-1,-1,1013,1063,250,130,300,3510,1460,1440,1410,1430,1,1,0,1,0,1,0,1,0,1,13,10,12,16,12,9,7,10,0,20,20,1,1,5,5,5,5,10,10,255,255,255,255,255,255,255,0,0,1,0,255,255,255,255,1,0,0,0,0,0,1,0,207000,10030,9500,9501,9502,9510,1,5,99,99,99,99,3,3,0,0,255,0,0,0,0,0,0,0,0,0,1,0,0,0,0,255,255,255,255,255,255,255,255,255,255,255,255,65000000,-1,-1,-1,-1,-1,-1,-1,-1,-1,-1,-1,-1,-1,[0|0|0|0|0|0|0|0|0|0|0|0]
8062,,0,2000000,34000000,31000000,41000000,33000000,24000000,5000000,5000100,5000200,5000300,50000000,52000000,51000000,53000000,2200,-1,-1,-1,60000000,60010000,-1,11019,-1,-1,4000,6010,6421,4010,6000,-1,-1,1013,1063,250,130,300,3510,1460,1440,1410,1430,1,1,0,1,0,1,0,1,0,1,13,10,12,16,12,9,7,10,0,20,20,1,1,5,5,5,5,10,10,255,255,255,255,255,255,255,0,0,1,0,255,255,255,255,0,0,0,0,0,0,1,0,207000,10030,9500,9501,9502,9510,1,5,99,99,99,99,3,3,0,0,255,0,0,0,0,0,0,0,0,0,1,0,0,0,0,255,255,255,255,255,255,255,255,255,255,255,255,65000000,-1,-1,-1,-1,-1,-1,-1,-1,-1,-1,-1,-1,-1,[0|0|0|0|0|0|0|0|0|0|0|0]
8063,,0,2000000,34000000,31000000,41000000,33000000,24000000,5000000,5000100,5000200,5000300,50000000,52000000,51000000,53000000,2210,-1,-1,-1,60000000,60010000,-1,11019,-1,-1,4000,6010,6421,4010,6000,-1,-1,1013,1063,250,130,300,3510,1460,1440,1410,1430,1,1,0,1,0,1,0,1,0,1,13,10,12,16,12,9,7,10,0,20,20,1,1,5,5,5,5,10,10,255,255,255,255,255,255,255,0,0,1,0,255,255,255,255,0,0,0,0,0,0,1,0,207000,10030,9500,9501,9502,9510,1,5,99,99,99,99,3,3,0,0,255,0,0,0,0,0,0,0,0,0,1,0,0,0,0,255,255,255,255,255,255,255,255,255,255,255,255,65000000,-1,-1,-1,-1,-1,-1,-1,-1,-1,-1,-1,-1,-1,[0|0|0|0|0|0|0|0|0|0|0|0]
8064,,0,2000000,34000000,31000000,41000000,33000000,24000000,5000000,5000100,5000200,5000300,50000000,52000000,51000000,53000000,2220,-1,-1,-1,60000000,60010000,-1,11019,-1,-1,4000,6010,6421,4010,6000,-1,-1,1013,1063,250,130,300,3510,1460,1440,1410,1430,1,1,0,1,0,1,0,1,0,1,13,10,12,16,12,9,7,10,0,20,20,1,1,5,5,5,5,10,10,255,255,255,255,255,255,255,0,0,1,0,255,255,255,255,0,0,0,0,0,0,1,0,207000,10030,9500,9501,9502,9510,1,5,99,99,99,99,3,3,0,0,255,0,0,0,0,0,0,0,0,0,1,0,0,0,0,255,255,255,255,255,255,255,255,255,255,255,255,65000000,-1,-1,-1,-1,-1,-1,-1,-1,-1,-1,-1,-1,-1,[0|0|0|0|0|0|0|0|0|0|0|0]
8065,,0,2000000,34000000,31000000,41000000,33000000,24000000,5000000,5000100,5000200,5000300,50000000,52000000,51000000,53000000,3000,-1,-1,-1,60000000,60010000,-1,11019,-1,-1,4000,6010,6421,4010,6000,-1,-1,1013,1063,250,130,300,3510,1460,1440,1410,1430,1,1,0,1,0,1,0,1,0,1,13,10,12,16,12,9,7,10,0,20,20,1,1,5,5,5,5,10,10,255,255,255,255,255,255,255,0,0,1,0,255,255,255,255,0,0,0,0,0,0,1,0,207000,10030,9500,9501,9502,9510,1,5,99,99,99,99,3,3,0,0,255,0,0,0,0,0,0,0,0,0,1,0,0,0,0,255,255,255,255,255,255,255,255,255,255,255,255,65000000,-1,-1,-1,-1,-1,-1,-1,-1,-1,-1,-1,-1,-1,[0|0|0|0|0|0|0|0|0|0|0|0]
8066,,0,2000000,34000000,31000000,41000000,33000000,24000000,5000000,5000100,5000200,5000300,50000000,52000000,51000000,53000000,3001,-1,-1,-1,60000000,60010000,-1,11019,-1,-1,4000,6010,6421,4010,6000,-1,-1,1013,1063,250,130,300,3510,1460,1440,1410,1430,1,1,0,1,0,1,0,1,0,1,13,10,12,16,12,9,7,10,0,20,20,1,1,5,5,5,5,10,10,255,255,255,255,255,255,255,0,0,1,0,255,255,255,255,0,0,0,0,0,0,1,0,207000,10030,9500,9501,9502,9510,1,5,99,99,99,99,3,3,0,0,255,0,0,0,0,0,0,0,0,0,1,0,0,0,0,255,255,255,255,255,255,255,255,255,255,255,255,65000000,-1,-1,-1,-1,-1,-1,-1,-1,-1,-1,-1,-1,-1,[0|0|0|0|0|0|0|0|0|0|0|0]
8067,,0,2000000,34000000,31000000,41000000,33000000,24000000,5000000,5000100,5000200,5000300,50000000,52000000,51000000,53000000,3040,-1,-1,-1,60000000,60010000,-1,11019,-1,-1,4000,6010,6421,4010,6000,-1,-1,1013,1063,250,130,300,3510,1460,1440,1410,1430,1,1,0,1,0,1,0,1,0,1,13,10,12,16,12,9,7,10,0,20,20,1,1,5,5,5,5,10,10,255,255,255,255,255,255,255,0,0,1,0,255,255,255,255,0,0,0,0,0,0,1,0,207000,10030,9500,9501,9502,9510,1,5,99,99,99,99,3,3,0,0,255,0,0,0,0,0,0,0,0,0,1,0,0,0,0,255,255,255,255,255,255,255,255,255,255,255,255,65000000,-1,-1,-1,-1,-1,-1,-1,-1,-1,-1,-1,-1,-1,[0|0|0|0|0|0|0|0|0|0|0|0]
8068,,0,2000000,34000000,31000000,41000000,33000000,24000000,5000000,5000100,5000200,5000300,50000000,52000000,51000000,53000000,3050,-1,-1,-1,60000000,60010000,-1,11019,-1,-1,4000,6010,6421,4010,6000,-1,-1,1013,1063,250,130,300,3510,1460,1440,1410,1430,1,1,0,1,0,1,0,1,0,1,13,10,12,16,12,9,7,10,0,20,20,1,1,5,5,5,5,10,10,255,255,255,255,255,255,255,0,0,1,0,255,255,255,255,0,0,0,0,0,0,1,0,207000,10030,9500,9501,9502,9510,1,5,99,99,99,99,3,3,0,0,255,0,0,0,0,0,0,0,0,0,1,0,0,0,0,255,255,255,255,255,255,255,255,255,255,255,255,65000000,-1,-1,-1,-1,-1,-1,-1,-1,-1,-1,-1,-1,-1,[0|0|0|0|0|0|0|0|0|0|0|0]
8069,,0,2000000,34000000,31000000,41000000,33000000,24000000,5000000,5000100,5000200,5000300,50000000,52000000,51000000,53000000,3060,-1,-1,-1,60000000,60010000,-1,11019,-1,-1,6850,6010,6421,4010,6000,-1,-1,1013,1063,250,130,300,3510,1460,1440,1410,1430,1,1,0,1,0,1,0,1,0,1,13,10,12,16,12,9,7,10,0,20,20,1,1,5,5,5,5,10,10,255,255,255,255,255,255,255,0,0,1,0,255,255,255,255,0,0,0,0,0,0,1,0,207000,10030,9500,9501,9502,9510,1,5,99,99,99,99,3,3,0,0,255,0,0,0,0,0,0,0,0,0,1,0,0,0,0,255,255,255,255,255,255,255,255,255,255,255,255,65000000,-1,-1,-1,-1,-1,-1,-1,-1,-1,-1,-1,-1,-1,[0|0|0|0|0|0|0|0|0|0|0|0]
8070,,0,2000000,34000000,31000000,41000000,33000000,24000000,5000000,5000100,5000200,5000300,50000000,52000000,51000000,53000000,3070,-1,-1,-1,60000000,60010000,-1,11019,-1,-1,4000,6010,6421,4010,6000,-1,-1,1013,1063,250,130,300,3510,1460,1440,1410,1430,1,1,0,1,0,1,0,1,0,1,13,10,12,16,12,9,7,10,0,20,20,1,1,5,5,5,5,10,10,255,255,255,255,255,255,255,0,0,1,0,255,255,255,255,0,0,0,0,0,0,1,0,207000,10030,9500,9501,9502,9510,1,5,99,99,99,99,3,3,0,0,255,0,0,0,0,0,0,0,0,0,1,0,0,0,0,255,255,255,255,255,255,255,255,255,255,255,255,65000000,-1,-1,-1,-1,-1,-1,-1,-1,-1,-1,-1,-1,-1,[0|0|0|0|0|0|0|0|0|0|0|0]
8071,,0,2000000,34000000,31000000,41000000,33000000,24000000,5000000,5000100,5000200,5000300,50000000,52000000,51000000,53000000,3080,-1,-1,-1,60000000,60010000,-1,11019,-1,-1,4000,6010,6421,4010,6000,-1,-1,1013,1063,250,130,300,3510,1460,1440,1410,1430,1,1,0,1,0,1,0,1,0,1,13,10,12,16,12,9,7,10,0,20,20,1,1,5,5,5,5,10,10,255,255,255,255,255,255,255,0,0,1,0,255,255,255,255,0,0,0,0,0,0,1,0,207000,10030,9500,9501,9502,9510,1,5,99,99,99,99,3,3,0,0,255,0,0,0,0,0,0,0,0,0,1,0,0,0,0,255,255,255,255,255,255,255,255,255,255,255,255,65000000,-1,-1,-1,-1,-1,-1,-1,-1,-1,-1,-1,-1,-1,[0|0|0|0|0|0|0|0|0|0|0|0]
8072,,0,141,34000000,31000000,41000000,33000000,24000000,5000000,5000100,5000200,5000300,50000000,52000000,51000000,53000000,3090,-1,-1,-1,60000000,60010000,-1,11019,-1,-1,4040,6010,6421,4010,6000,-1,-1,1013,1063,250,130,300,3510,1460,1440,1410,1430,1,1,0,1,0,1,0,1,0,1,13,10,12,16,12,9,7,10,0,20,20,1,1,5,5,5,5,10,10,255,255,255,255,255,255,255,0,0,1,0,255,255,255,255,1,0,0,0,0,0,1,0,207000,10030,9500,9501,9502,9510,1,5,99,99,99,99,3,3,0,0,255,0,0,0,0,0,0,0,0,0,1,0,0,0,0,255,255,255,255,255,255,255,255,255,255,255,255,65000000,-1,-1,-1,-1,-1,-1,-1,-1,-1,-1,-1,-1,-1,[0|0|0|0|0|0|0|0|0|0|0|0]
8073,,0,2000000,34000000,31000000,41000000,33000000,24000000,5000000,5000100,5000200,5000300,50000000,52000000,51000000,53000000,4000,-1,-1,-1,60000000,60010000,-1,11019,-1,-1,4000,6010,6421,4010,6000,-1,-1,1013,1063,250,130,300,3510,1460,1440,1410,1430,1,1,0,1,0,1,0,1,0,1,13,10,12,16,12,9,7,10,0,20,20,1,1,5,5,5,5,10,10,255,255,255,255,255,255,255,0,0,1,0,255,255,255,255,0,0,0,0,0,0,1,0,207000,10030,9500,9501,9502,9510,1,5,99,99,99,99,3,3,0,0,255,0,0,0,0,0,0,0,0,0,1,0,0,0,0,255,255,255,255,255,255,255,255,255,255,255,255,65000000,-1,-1,-1,-1,-1,-1,-1,-1,-1,-1,-1,-1,-1,[0|0|0|0|0|0|0|0|0|0|0|0]
8074,,0,2000000,34000000,31000000,41000000,33000000,24000000,5000000,5000100,5000200,5000300,50000000,52000000,51000000,53000000,4001,-1,-1,-1,60000000,60010000,-1,11019,-1,-1,4000,6010,6421,4010,6000,-1,-1,1013,1063,250,130,300,3510,1460,1440,1410,1430,1,1,0,1,0,1,0,1,0,1,13,10,12,16,12,9,7,10,0,20,20,1,1,5,5,5,5,10,10,255,255,255,255,255,255,255,0,0,1,0,255,255,255,255,0,0,0,0,0,0,1,0,207000,10030,9500,9501,9502,9510,1,5,99,99,99,99,3,3,0,0,255,0,0,0,0,0,0,0,0,0,1,0,0,0,0,255,255,255,255,255,255,255,255,255,255,255,255,65000000,-1,-1,-1,-1,-1,-1,-1,-1,-1,-1,-1,-1,-1,[0|0|0|0|0|0|0|0|0|0|0|0]
8075,,0,2000000,34000000,31000000,41000000,33000000,24000000,5000000,5000100,5000200,5000300,50000000,52000000,51000000,53000000,4002,-1,-1,-1,60000000,60010000,-1,11019,-1,-1,4000,6010,6421,4010,6000,-1,-1,1013,1063,250,130,300,3510,1460,1440,1410,1430,1,1,0,1,0,1,0,1,0,1,13,10,12,16,12,9,7,10,0,20,20,1,1,5,5,5,5,10,10,255,255,255,255,255,255,255,0,0,1,0,255,255,255,255,0,0,0,0,0,0,1,0,207000,10030,9500,9501,9502,9510,1,5,99,99,99,99,3,3,0,0,255,0,0,0,0,0,0,0,0,0,1,0,0,0,0,255,255,255,255,255,255,255,255,255,255,255,255,65000000,-1,-1,-1,-1,-1,-1,-1,-1,-1,-1,-1,-1,-1,[0|0|0|0|0|0|0|0|0|0|0|0]
8076,,0,2000000,34000000,31000000,41000000,33000000,24000000,5000000,5000100,5000200,5000300,50000000,52000000,51000000,53000000,4003,-1,-1,-1,60000000,60010000,-1,11019,-1,-1,4000,6010,6421,4010,6000,-1,-1,1013,1063,250,130,300,3510,1460,1440,1410,1430,1,1,0,1,0,1,0,1,0,1,13,10,12,16,12,9,7,10,0,20,20,1,1,5,5,5,5,10,10,255,255,255,255,255,255,255,0,0,1,0,255,255,255,255,0,0,0,0,0,0,1,0,207000,10030,9500,9501,9502,9510,1,5,99,99,99,99,3,3,0,0,255,0,0,0,0,0,0,0,0,0,1,0,0,0,0,255,255,255,255,255,255,255,255,255,255,255,255,65000000,-1,-1,-1,-1,-1,-1,-1,-1,-1,-1,-1,-1,-1,[0|0|0|0|0|0|0|0|0|0|0|0]
8077,,0,2000000,34000000,31000000,41000000,33000000,24000000,5000000,5000100,5000200,5000300,50000000,52000000,51000000,53000000,4010,-1,-1,-1,60000000,60010000,-1,11019,-1,-1,4000,6010,6421,4010,6000,-1,-1,1013,1063,250,130,300,3510,1460,1440,1410,1430,1,1,0,1,0,1,0,1,0,1,13,10,12,16,12,9,7,10,0,20,20,1,1,5,5,5,5,10,10,255,255,255,255,255,255,255,0,0,1,0,255,255,255,255,0,0,0,0,0,0,1,0,207000,10030,9500,9501,9502,9510,1,5,99,99,99,99,3,3,0,0,255,0,0,0,0,0,0,0,0,0,1,0,0,0,0,255,255,255,255,255,255,255,255,255,255,255,255,65000000,-1,-1,-1,-1,-1,-1,-1,-1,-1,-1,-1,-1,-1,[0|0|0|0|0|0|0|0|0|0|0|0]
8078,,0,2000000,34000000,31000000,41000000,33000000,24000000,5000000,5000100,5000200,5000300,50000000,52000000,51000000,53000000,4011,-1,-1,-1,60000000,60010000,-1,11019,-1,-1,4000,6010,6421,4010,6000,-1,-1,1013,1063,250,130,300,3510,1460,1440,1410,1430,1,1,0,1,0,1,0,1,0,1,13,10,12,16,12,9,7,10,0,20,20,1,1,5,5,5,5,10,10,255,255,255,255,255,255,255,0,0,1,0,255,255,255,255,0,0,0,0,0,0,1,0,207000,10030,9500,9501,9502,9510,1,5,99,99,99,99,3,3,0,0,255,0,0,0,0,0,0,0,0,0,1,0,0,0,0,255,255,255,255,255,255,255,255,255,255,255,255,65000000,-1,-1,-1,-1,-1,-1,-1,-1,-1,-1,-1,-1,-1,[0|0|0|0|0|0|0|0|0|0|0|0]
8079,,0,2000000,34000000,31000000,41000000,33000000,24000000,5000000,5000100,5000200,5000300,50000000,52000000,51000000,53000000,4012,-1,-1,-1,60000000,60010000,-1,11019,-1,-1,4000,6010,6421,4010,6000,-1,-1,1013,1063,250,130,300,3510,1460,1440,1410,1430,1,1,0,1,0,1,0,1,0,1,13,10,12,16,12,9,7,10,0,20,20,1,1,5,5,5,5,10,10,255,255,255,255,255,255,255,0,0,1,0,255,255,255,255,0,0,0,0,0,0,1,0,207000,10030,9500,9501,9502,9510,1,5,99,99,99,99,3,3,0,0,255,0,0,0,0,0,0,0,0,0,1,0,0,0,0,255,255,255,255,255,255,255,255,255,255,255,255,65000000,-1,-1,-1,-1,-1,-1,-1,-1,-1,-1,-1,-1,-1,[0|0|0|0|0|0|0|0|0|0|0|0]
8080,,0,2000000,34000000,31000000,41000000,33000000,24000000,5000000,5000100,5000200,5000300,50000000,52000000,51000000,53000000,4020,-1,-1,-1,60000000,60010000,-1,11019,-1,-1,4000,6010,6421,4010,6000,-1,-1,1013,1063,250,130,300,3510,1460,1440,1410,1430,1,1,0,1,0,1,0,1,0,1,13,10,12,16,12,9,7,10,0,20,20,1,1,5,5,5,5,10,10,255,255,255,255,255,255,255,0,0,1,0,255,255,255,255,0,0,0,0,0,0,1,0,207000,10030,9500,9501,9502,9510,1,5,99,99,99,99,3,3,0,0,255,0,0,0,0,0,0,0,0,0,1,0,0,0,0,255,255,255,255,255,255,255,255,255,255,255,255,65000000,-1,-1,-1,-1,-1,-1,-1,-1,-1,-1,-1,-1,-1,[0|0|0|0|0|0|0|0|0|0|0|0]
8081,,0,2000000,34000000,31000000,41000000,33000000,24000000,5000000,5000100,5000200,5000300,50000000,52000000,51000000,53000000,4021,-1,-1,-1,60000000,60010000,-1,11019,-1,-1,4000,6010,6421,4010,6000,-1,-1,1013,1063,250,130,300,3510,1460,1440,1410,1430,1,1,0,1,0,1,0,1,0,1,13,10,12,16,12,9,7,10,0,20,20,1,1,5,5,5,5,10,10,255,255,255,255,255,255,255,0,0,1,0,255,255,255,255,0,0,0,0,0,0,1,0,207000,10030,9500,9501,9502,9510,1,5,99,99,99,99,3,3,0,0,255,0,0,0,0,0,0,0,0,0,1,0,0,0,0,255,255,255,255,255,255,255,255,255,255,255,255,65000000,-1,-1,-1,-1,-1,-1,-1,-1,-1,-1,-1,-1,-1,[0|0|0|0|0|0|0|0|0|0|0|0]
8082,,0,2000000,34000000,31000000,41000000,33000000,24000000,5000000,5000100,5000200,5000300,50000000,52000000,51000000,53000000,4022,-1,-1,-1,60000000,60010000,-1,11019,-1,-1,4000,6010,6421,4010,6000,-1,-1,1013,1063,250,130,300,3510,1460,1440,1410,1430,1,1,0,1,0,1,0,1,0,1,13,10,12,16,12,9,7,10,0,20,20,1,1,5,5,5,5,10,10,255,255,255,255,255,255,255,0,0,1,0,255,255,255,255,0,0,0,0,0,0,1,0,207000,10030,9500,9501,9502,9510,1,5,99,99,99,99,3,3,0,0,255,0,0,0,0,0,0,0,0,0,1,0,0,0,0,255,255,255,255,255,255,255,255,255,255,255,255,65000000,-1,-1,-1,-1,-1,-1,-1,-1,-1,-1,-1,-1,-1,[0|0|0|0|0|0|0|0|0|0|0|0]
8083,,0,2000000,34000000,31000000,41000000,33000000,24000000,5000000,5000100,5000200,5000300,50000000,52000000,51000000,53000000,4030,-1,-1,-1,60000000,60010000,-1,11019,-1,-1,4000,6010,6421,4010,6000,-1,-1,1013,1063,250,130,300,3510,1460,1440,1410,1430,1,1,0,1,0,1,0,1,0,1,13,10,12,16,12,9,7,10,0,20,20,1,1,5,5,5,5,10,10,255,255,255,255,255,255,255,0,0,1,0,255,255,255,255,0,0,0,0,0,0,1,0,207000,10030,9500,9501,9502,9510,1,5,99,99,99,99,3,3,0,0,255,0,0,0,0,0,0,0,0,0,1,0,0,0,0,255,255,255,255,255,255,255,255,255,255,255,255,65000000,-1,-1,-1,-1,-1,-1,-1,-1,-1,-1,-1,-1,-1,[0|0|0|0|0|0|0|0|0|0|0|0]
8084,,0,2000000,34000000,31000000,41000000,33000000,24000000,5000000,5000100,5000200,5000300,50000000,52000000,51000000,53000000,4031,-1,-1,-1,60000000,60010000,-1,11019,-1,-1,4000,6010,6421,4010,6000,-1,-1,1013,1063,250,130,300,3510,1460,1440,1410,1430,1,1,0,1,0,1,0,1,0,1,13,10,12,16,12,9,7,10,0,20,20,1,1,5,5,5,5,10,10,255,255,255,255,255,255,255,0,0,1,0,255,255,255,255,0,0,0,0,0,0,1,0,207000,10030,9500,9501,9502,9510,1,5,99,99,99,99,3,3,0,0,255,0,0,0,0,0,0,0,0,0,1,0,0,0,0,255,255,255,255,255,255,255,255,255,255,255,255,65000000,-1,-1,-1,-1,-1,-1,-1,-1,-1,-1,-1,-1,-1,[0|0|0|0|0|0|0|0|0|0|0|0]
8085,,0,2000000,34000000,31000000,41000000,33000000,24000000,5000000,5000100,5000200,5000300,50000000,52000000,51000000,53000000,4032,-1,-1,-1,60000000,60010000,-1,11019,-1,-1,4000,6010,6421,4010,6000,-1,-1,1013,1063,250,130,300,3510,1460,1440,1410,1430,1,1,0,1,0,1,0,1,0,1,13,10,12,16,12,9,7,10,0,20,20,1,1,5,5,5,5,10,10,255,255,255,255,255,255,255,0,0,1,0,255,255,255,255,0,0,0,0,0,0,1,0,207000,10030,9500,9501,9502,9510,1,5,99,99,99,99,3,3,0,0,255,0,0,0,0,0,0,0,0,0,1,0,0,0,0,255,255,255,255,255,255,255,255,255,255,255,255,65000000,-1,-1,-1,-1,-1,-1,-1,-1,-1,-1,-1,-1,-1,[0|0|0|0|0|0|0|0|0|0|0|0]
8086,,0,2000000,34000000,31000000,41000000,33000000,24000000,5000000,5000100,5000200,5000300,50000000,52000000,51000000,53000000,4040,-1,-1,-1,60000000,60010000,-1,11019,-1,-1,4000,6010,6421,4010,6000,-1,-1,1013,1063,250,130,300,3510,1460,1440,1410,1430,1,1,0,1,0,1,0,1,0,1,13,10,12,16,12,9,7,10,0,20,20,1,1,5,5,5,5,10,10,255,255,255,255,255,255,255,0,0,1,0,255,255,255,255,0,0,0,0,0,0,1,0,207000,10030,9500,9501,9502,9510,1,5,99,99,99,99,3,3,0,0,255,0,0,0,0,0,0,0,0,0,1,0,0,0,0,255,255,255,255,255,255,255,255,255,255,255,255,65000000,-1,-1,-1,-1,-1,-1,-1,-1,-1,-1,-1,-1,-1,[0|0|0|0|0|0|0|0|0|0|0|0]
8087,,0,2000000,34000000,31000000,41000000,33000000,24000000,5000000,5000100,5000200,5000300,50000000,52000000,51000000,53000000,4041,-1,-1,-1,60000000,60010000,-1,11019,-1,-1,4000,6010,6421,4010,6000,-1,-1,1013,1063,250,130,300,3510,1460,1440,1410,1430,1,1,0,1,0,1,0,1,0,1,13,10,12,16,12,9,7,10,0,20,20,1,1,5,5,5,5,10,10,255,255,255,255,255,255,255,0,0,1,0,255,255,255,255,0,0,0,0,0,0,1,0,207000,10030,9500,9501,9502,9510,1,5,99,99,99,99,3,3,0,0,255,0,0,0,0,0,0,0,0,0,1,0,0,0,0,255,255,255,255,255,255,255,255,255,255,255,255,65000000,-1,-1,-1,-1,-1,-1,-1,-1,-1,-1,-1,-1,-1,[0|0|0|0|0|0|0|0|0|0|0|0]
8088,,0,2000000,34000000,31000000,41000000,33000000,24000000,5000000,5000100,5000200,5000300,50000000,52000000,51000000,53000000,4042,-1,-1,-1,60000000,60010000,-1,11019,-1,-1,4000,6010,6421,4010,6000,-1,-1,1013,1063,250,130,300,3510,1460,1440,1410,1430,1,1,0,1,0,1,0,1,0,1,13,10,12,16,12,9,7,10,0,20,20,1,1,5,5,5,5,10,10,255,255,255,255,255,255,255,0,0,1,0,255,255,255,255,0,0,0,0,0,0,1,0,207000,10030,9500,9501,9502,9510,1,5,99,99,99,99,3,3,0,0,255,0,0,0,0,0,0,0,0,0,1,0,0,0,0,255,255,255,255,255,255,255,255,255,255,255,255,65000000,-1,-1,-1,-1,-1,-1,-1,-1,-1,-1,-1,-1,-1,[0|0|0|0|0|0|0|0|0|0|0|0]
8089,,0,2000000,34000000,31000000,41000000,33000000,24000000,5000000,5000100,5000200,5000300,50000000,52000000,51000000,53000000,4050,-1,-1,-1,60000000,60010000,-1,11019,-1,-1,4000,6010,6421,4010,6000,-1,-1,1013,1063,250,130,300,3510,1460,1440,1410,1430,1,1,0,1,0,1,0,1,0,1,13,10,12,16,12,9,7,10,0,20,20,1,1,5,5,5,5,10,10,255,255,255,255,255,255,255,0,0,1,0,255,255,255,255,0,0,0,0,0,0,1,0,207000,10030,9500,9501,9502,9510,1,5,99,99,99,99,3,3,0,0,255,0,0,0,0,0,0,0,0,0,1,0,0,0,0,255,255,255,255,255,255,255,255,255,255,255,255,65000000,-1,-1,-1,-1,-1,-1,-1,-1,-1,-1,-1,-1,-1,[0|0|0|0|0|0|0|0|0|0|0|0]
8090,,0,2000000,34000000,31000000,41000000,33000000,24000000,5000000,5000100,5000200,5000300,50000000,52000000,51000000,53000000,4051,-1,-1,-1,60000000,60010000,-1,11019,-1,-1,4000,6010,6421,4010,6000,-1,-1,1013,1063,250,130,300,3510,1460,1440,1410,1430,1,1,0,1,0,1,0,1,0,1,13,10,12,16,12,9,7,10,0,20,20,1,1,5,5,5,5,10,10,255,255,255,255,255,255,255,0,0,1,0,255,255,255,255,0,0,0,0,0,0,1,0,207000,10030,9500,9501,9502,9510,1,5,99,99,99,99,3,3,0,0,255,0,0,0,0,0,0,0,0,0,1,0,0,0,0,255,255,255,255,255,255,255,255,255,255,255,255,65000000,-1,-1,-1,-1,-1,-1,-1,-1,-1,-1,-1,-1,-1,[0|0|0|0|0|0|0|0|0|0|0|0]
8091,,0,2000000,34000000,31000000,41000000,33000000,24000000,5000000,5000100,5000200,5000300,50000000,52000000,51000000,53000000,4052,-1,-1,-1,60000000,60010000,-1,11019,-1,-1,4000,6010,6421,4010,6000,-1,-1,1013,1063,250,130,300,3510,1460,1440,1410,1430,1,1,0,1,0,1,0,1,0,1,13,10,12,16,12,9,7,10,0,20,20,1,1,5,5,5,5,10,10,255,255,255,255,255,255,255,0,0,1,0,255,255,255,255,0,0,0,0,0,0,1,0,207000,10030,9500,9501,9502,9510,1,5,99,99,99,99,3,3,0,0,255,0,0,0,0,0,0,0,0,0,1,0,0,0,0,255,255,255,255,255,255,255,255,255,255,255,255,65000000,-1,-1,-1,-1,-1,-1,-1,-1,-1,-1,-1,-1,-1,[0|0|0|0|0|0|0|0|0|0|0|0]
8092,,0,2000000,34000000,31000000,41000000,33000000,24000000,5000000,5000100,5000200,5000300,50000000,52000000,51000000,53000000,4060,-1,-1,-1,60000000,60010000,-1,11019,-1,-1,4000,6010,6421,4010,6000,-1,-1,1013,1063,250,130,300,3510,1460,1440,1410,1430,1,1,0,1,0,1,0,1,0,1,13,10,12,16,12,9,7,10,0,20,20,1,1,5,5,5,5,10,10,255,255,255,255,255,255,255,0,0,1,0,255,255,255,255,0,0,0,0,0,0,1,0,207000,10030,9500,9501,9502,9510,1,5,99,99,99,99,3,3,0,0,255,0,0,0,0,0,0,0,0,0,1,0,0,0,0,255,255,255,255,255,255,255,255,255,255,255,255,65000000,-1,-1,-1,-1,-1,-1,-1,-1,-1,-1,-1,-1,-1,[0|0|0|0|0|0|0|0|0|0|0|0]
8093,,0,2000000,34000000,31000000,41000000,33000000,24000000,5000000,5000100,5000200,5000300,50000000,52000000,51000000,53000000,4070,-1,-1,-1,60000000,60010000,-1,11019,-1,-1,4000,6010,6421,4010,6000,-1,-1,1013,1063,250,130,300,3510,1460,1440,1410,1430,1,1,0,1,0,1,0,1,0,1,13,10,12,16,12,9,7,10,0,20,20,1,1,5,5,5,5,10,10,255,255,255,255,255,255,255,0,0,1,0,255,255,255,255,0,0,0,0,0,0,1,0,207000,10030,9500,9501,9502,9510,1,5,99,99,99,99,3,3,0,0,255,0,0,0,0,0,0,0,0,0,1,0,0,0,0,255,255,255,255,255,255,255,255,255,255,255,255,65000000,-1,-1,-1,-1,-1,-1,-1,-1,-1,-1,-1,-1,-1,[0|0|0|0|0|0|0|0|0|0|0|0]
8094,,0,2000000,34000000,31000000,41000000,33000000,24000000,5000000,5000100,5000200,5000300,50000000,52000000,51000000,53000000,4080,-1,-1,-1,60000000,60010000,-1,11019,-1,-1,4000,6010,6421,4010,6000,-1,-1,1013,1063,250,130,300,3510,1460,1440,1410,1430,1,1,0,1,0,1,0,1,0,1,13,10,12,16,12,9,7,10,0,20,20,1,1,5,5,5,5,10,10,255,255,255,255,255,255,255,0,0,1,0,255,255,255,255,0,0,0,0,0,0,1,0,207000,10030,9500,9501,9502,9510,1,5,99,99,99,99,3,3,0,0,255,0,0,0,0,0,0,0,0,0,1,0,0,0,0,255,255,255,255,255,255,255,255,255,255,255,255,65000000,-1,-1,-1,-1,-1,-1,-1,-1,-1,-1,-1,-1,-1,[0|0|0|0|0|0|0|0|0|0|0|0]
8095,,0,2000000,34000000,31000000,41000000,33000000,24000000,5000000,5000100,5000200,5000300,50000000,52000000,51000000,53000000,4090,-1,-1,-1,60000000,60010000,-1,11019,-1,-1,4000,6010,6421,4010,6000,-1,-1,1013,1063,250,130,300,3510,1460,1440,1410,1430,1,1,0,1,0,1,0,1,0,1,13,10,12,16,12,9,7,10,0,20,20,1,1,5,5,5,5,10,10,255,255,255,255,255,255,255,0,0,1,0,255,255,255,255,0,0,0,0,0,0,1,0,207000,10030,9500,9501,9502,9510,1,5,99,99,99,99,3,3,0,0,255,0,0,0,0,0,0,0,0,0,1,0,0,0,0,255,255,255,255,255,255,255,255,255,255,255,255,65000000,-1,-1,-1,-1,-1,-1,-1,-1,-1,-1,-1,-1,-1,[0|0|0|0|0|0|0|0|0|0|0|0]
8096,,0,2000000,34000000,31000000,41000000,33000000,24000000,5000000,5000100,5000200,5000300,50000000,52000000,51000000,53000000,4100,-1,-1,-1,60000000,60010000,-1,11019,-1,-1,4000,6010,6421,4010,6000,-1,-1,1013,1063,250,130,300,3510,1460,1440,1410,1430,1,1,0,1,0,1,0,1,0,1,13,10,12,16,12,9,7,10,0,20,20,1,1,5,5,5,5,10,10,255,255,255,255,255,255,255,0,0,1,0,255,255,255,255,0,0,0,0,0,0,1,0,207000,10030,9500,9501,9502,9510,1,5,99,99,99,99,3,3,0,0,255,0,0,0,0,0,0,0,0,0,1,0,0,0,0,255,255,255,255,255,255,255,255,255,255,255,255,65000000,-1,-1,-1,-1,-1,-1,-1,-1,-1,-1,-1,-1,-1,[0|0|0|0|0|0|0|0|0|0|0|0]
8097,,0,2000000,34000000,31000000,41000000,33000000,24000000,5000000,5000100,5000200,5000300,50000000,52000000,51000000,53000000,4110,-1,-1,-1,60000000,60010000,-1,11019,-1,-1,4000,6010,6421,4010,6000,-1,-1,1013,1063,250,130,300,3510,1460,1440,1410,1430,1,1,0,1,0,1,0,1,0,1,13,10,12,16,12,9,7,10,0,20,20,1,1,5,5,5,5,10,10,255,255,255,255,255,255,255,0,0,1,0,255,255,255,255,0,0,0,0,0,0,1,0,207000,10030,9500,9501,9502,9510,1,5,99,99,99,99,3,3,0,0,255,0,0,0,0,0,0,0,0,0,1,0,0,0,0,255,255,255,255,255,255,255,255,255,255,255,255,65000000,-1,-1,-1,-1,-1,-1,-1,-1,-1,-1,-1,-1,-1,[0|0|0|0|0|0|0|0|0|0|0|0]
8098,,0,2000000,34000000,31000000,41000000,33000000,24000000,5000000,5000100,5000200,5000300,50000000,52000000,51000000,53000000,5000,-1,-1,-1,60000000,60010000,-1,11019,-1,-1,4000,6010,6421,4010,6000,-1,-1,1013,1063,250,130,300,3510,1460,1440,1410,1430,1,1,0,1,0,1,0,1,0,1,13,10,12,16,12,9,7,10,0,20,20,1,1,5,5,5,5,10,10,255,255,255,255,255,255,255,0,0,1,0,255,255,255,255,0,0,0,0,0,0,1,0,207000,10030,9500,9501,9502,9510,1,5,99,99,99,99,3,3,0,0,255,0,0,0,0,0,0,0,0,0,1,0,0,0,0,255,255,255,255,255,255,255,255,255,255,255,255,65000000,-1,-1,-1,-1,-1,-1,-1,-1,-1,-1,-1,-1,-1,[0|0|0|0|0|0|0|0|0|0|0|0]
8099,,0,2000000,34000000,31000000,41000000,33000000,24000000,5000000,5000100,5000200,5000300,50000000,52000000,51000000,53000000,5010,-1,-1,-1,60000000,60010000,-1,11019,-1,-1,4000,6010,6421,4010,6000,-1,-1,1013,1063,250,130,300,3510,1460,1440,1410,1430,1,1,0,1,0,1,0,1,0,1,13,10,12,16,12,9,7,10,0,20,20,1,1,5,5,5,5,10,10,255,255,255,255,255,255,255,0,0,1,0,255,255,255,255,0,0,0,0,0,0,1,0,207000,10030,9500,9501,9502,9510,1,5,99,99,99,99,3,3,0,0,255,0,0,0,0,0,0,0,0,0,1,0,0,0,0,255,255,255,255,255,255,255,255,255,255,255,255,65000000,-1,-1,-1,-1,-1,-1,-1,-1,-1,-1,-1,-1,-1,[0|0|0|0|0|0|0|0|0|0|0|0]
8100,,0,2000000,34000000,31000000,41000000,33000000,24000000,5000000,5000100,5000200,5000300,50000000,52000000,51000000,53000000,5020,-1,-1,-1,60000000,60010000,-1,11019,-1,-1,4000,6010,6421,4010,6000,-1,-1,1013,1063,250,130,300,3510,1460,1440,1410,1430,1,1,0,1,0,1,0,1,0,1,13,10,12,16,12,9,7,10,0,20,20,1,1,5,5,5,5,10,10,255,255,255,255,255,255,255,0,0,1,0,255,255,255,255,0,0,0,0,0,0,1,0,207000,10030,9500,9501,9502,9510,1,5,99,99,99,99,3,3,0,0,255,0,0,0,0,0,0,0,0,0,1,0,0,0,0,255,255,255,255,255,255,255,255,255,255,255,255,65000000,-1,-1,-1,-1,-1,-1,-1,-1,-1,-1,-1,-1,-1,[0|0|0|0|0|0|0|0|0|0|0|0]
8101,,0,2000000,34000000,31000000,41000000,33000000,24000000,5000000,5000100,5000200,5000300,50000000,52000000,51000000,53000000,5030,-1,-1,-1,60000000,60010000,-1,11019,-1,-1,4000,6010,6421,4010,6000,-1,-1,1013,1063,250,130,300,3510,1460,1440,1410,1430,1,1,0,1,0,1,0,1,0,1,13,10,12,16,12,9,7,10,0,20,20,1,1,5,5,5,5,10,10,255,255,255,255,255,255,255,0,0,1,0,255,255,255,255,0,0,0,0,0,0,1,0,207000,10030,9500,9501,9502,9510,1,5,99,99,99,99,3,3,0,0,255,0,0,0,0,0,0,0,0,0,1,0,0,0,0,255,255,255,255,255,255,255,255,255,255,255,255,65000000,-1,-1,-1,-1,-1,-1,-1,-1,-1,-1,-1,-1,-1,[0|0|0|0|0|0|0|0|0|0|0|0]
8102,,0,2000000,34000000,31000000,41000000,33000000,24000000,5000000,5000100,5000200,5000300,50000000,52000000,51000000,53000000,5040,-1,-1,-1,60000000,60010000,-1,11019,-1,-1,4000,6010,6421,4010,6000,-1,-1,1013,1063,250,130,300,3510,1460,1440,1410,1430,1,1,0,1,0,1,0,1,0,1,13,10,12,16,12,9,7,10,0,20,20,1,1,5,5,5,5,10,10,255,255,255,255,255,255,255,0,0,1,0,255,255,255,255,0,0,0,0,0,0,1,0,207000,10030,9500,9501,9502,9510,1,5,99,99,99,99,3,3,0,0,255,0,0,0,0,0,0,0,0,0,1,0,0,0,0,255,255,255,255,255,255,255,255,255,255,255,255,65000000,-1,-1,-1,-1,-1,-1,-1,-1,-1,-1,-1,-1,-1,[0|0|0|0|0|0|0|0|0|0|0|0]
8103,,0,2000000,34000000,31000000,41000000,33000000,24000000,5000000,5000100,5000200,5000300,50000000,52000000,51000000,53000000,5050,-1,-1,-1,60000000,60010000,-1,11019,-1,-1,4000,6010,6421,4010,6000,-1,-1,1013,1063,250,130,300,3510,1460,1440,1410,1430,1,1,0,1,0,1,0,1,0,1,13,10,12,16,12,9,7,10,0,20,20,1,1,5,5,5,5,10,10,255,255,255,255,255,255,255,0,0,1,0,255,255,255,255,0,0,0,0,0,0,1,0,207000,10030,9500,9501,9502,9510,1,5,99,99,99,99,3,3,0,0,255,0,0,0,0,0,0,0,0,0,1,0,0,0,0,255,255,255,255,255,255,255,255,255,255,255,255,65000000,-1,-1,-1,-1,-1,-1,-1,-1,-1,-1,-1,-1,-1,[0|0|0|0|0|0|0|0|0|0|0|0]
8104,,0,2000000,34000000,31000000,41000000,33000000,24000000,5000000,5000100,5000200,5000300,50000000,52000000,51000000,53000000,5060,-1,-1,-1,60000000,60010000,-1,11019,-1,-1,4000,6010,6421,4010,6000,-1,-1,1013,1063,250,130,300,3510,1460,1440,1410,1430,1,1,0,1,0,1,0,1,0,1,13,10,12,16,12,9,7,10,0,20,20,1,1,5,5,5,5,10,10,255,255,255,255,255,255,255,0,0,1,0,255,255,255,255,0,0,0,0,0,0,1,0,207000,10030,9500,9501,9502,9510,1,5,99,99,99,99,3,3,0,0,255,0,0,0,0,0,0,0,0,0,1,0,0,0,0,255,255,255,255,255,255,255,255,255,255,255,255,65000000,-1,-1,-1,-1,-1,-1,-1,-1,-1,-1,-1,-1,-1,[0|0|0|0|0|0|0|0|0|0|0|0]
8105,,0,2000000,34000000,31000000,41000000,33000000,24000000,5000000,5000100,5000200,5000300,50000000,52000000,51000000,53000000,6000,-1,-1,-1,60000000,60010000,-1,11019,-1,-1,6510,6010,6421,4010,6000,-1,-1,1013,1063,250,130,300,3510,1460,1440,1410,1430,1,1,0,1,0,1,0,1,0,1,13,10,12,16,12,9,7,10,0,20,20,1,1,5,5,5,5,10,10,255,255,255,255,255,255,255,0,0,1,0,255,255,255,255,0,0,0,0,0,0,1,0,207000,10030,9500,9501,9502,9510,1,5,99,99,99,99,3,3,0,0,255,0,0,0,0,0,0,0,0,0,1,0,0,0,0,255,255,255,255,255,255,255,255,255,255,255,255,65000000,-1,-1,-1,-1,-1,-1,-1,-1,-1,-1,-1,-1,-1,[0|0|0|0|0|0|0|0|0|0|0|0]
8106,,0,2000000,34000000,31000000,41000000,33000000,24000000,5000000,5000100,5000200,5000300,50000000,52000000,51000000,53000000,6010,-1,-1,-1,60000000,60010000,-1,11019,-1,-1,4670,6010,6421,4010,6000,-1,-1,1013,1063,250,130,300,3510,1460,1440,1410,1430,1,1,0,1,0,1,0,1,0,1,13,10,12,16,12,9,7,10,0,20,20,1,1,5,5,5,5,10,10,255,255,255,255,255,255,255,0,0,1,0,255,255,255,255,0,0,0,0,0,0,1,0,207000,10030,9500,9501,9502,9510,1,5,99,99,99,99,3,3,0,0,255,0,0,0,0,0,0,0,0,0,1,0,0,0,0,255,255,255,255,255,255,255,255,255,255,255,255,65000000,-1,-1,-1,-1,-1,-1,-1,-1,-1,-1,-1,-1,-1,[0|0|0|0|0|0|0|0|0|0|0|0]
8107,,0,2000000,34000000,31000000,41000000,33000000,24000000,5000000,5000100,5000200,5000300,50000000,52000000,51000000,53000000,6020,-1,-1,-1,60000000,60010000,-1,11019,-1,-1,4000,6010,6421,4010,6000,-1,-1,1013,1063,250,130,300,3510,1460,1440,1410,1430,1,1,0,1,0,1,0,1,0,1,13,10,12,16,12,9,7,10,0,20,20,1,1,5,5,5,5,10,10,255,255,255,255,255,255,255,0,0,1,0,255,255,255,255,0,0,0,0,0,0,1,0,207000,10030,9500,9501,9502,9510,1,5,99,99,99,99,3,3,0,0,255,0,0,0,0,0,0,0,0,0,1,0,0,0,0,255,255,255,255,255,255,255,255,255,255,255,255,65000000,-1,-1,-1,-1,-1,-1,-1,-1,-1,-1,-1,-1,-1,[0|0|0|0|0|0|0|0|0|0|0|0]
8108,,0,2000000,34000000,31000000,41000000,33000000,24000000,5000000,5000100,5000200,5000300,50000000,52000000,51000000,53000000,6040,-1,-1,-1,60000000,60010000,-1,11019,-1,-1,6510,6010,6421,4010,6000,-1,-1,1013,1063,250,130,300,3510,1460,1440,1410,1430,1,1,0,1,0,1,0,1,0,1,13,10,12,16,12,9,7,10,0,20,20,1,1,5,5,5,5,10,10,255,255,255,255,255,255,255,0,0,1,0,255,255,255,255,0,0,0,0,0,0,1,0,207000,10030,9500,9501,9502,9510,1,5,99,99,99,99,3,3,0,0,255,0,0,0,0,0,0,0,0,0,1,0,0,0,0,255,255,255,255,255,255,255,255,255,255,255,255,65000000,-1,-1,-1,-1,-1,-1,-1,-1,-1,-1,-1,-1,-1,[0|0|0|0|0|0|0|0|0|0|0|0]
8109,,0,2000000,34000000,31000000,41000000,33000000,24000000,5000000,5000100,5000200,5000300,50000000,52000000,51000000,53000000,6050,-1,-1,-1,60000000,60010000,-1,11019,-1,-1,4000,6010,6421,4010,6000,-1,-1,1013,1063,250,130,300,3510,1460,1440,1410,1430,1,1,0,1,0,1,0,1,0,1,13,10,12,16,12,9,7,10,0,20,20,1,1,5,5,5,5,10,10,255,255,255,255,255,255,255,0,0,1,0,255,255,255,255,0,0,0,0,0,0,1,0,207000,10030,9500,9501,9502,9510,1,5,99,99,99,99,3,3,0,0,255,0,0,0,0,0,0,0,0,0,1,0,0,0,0,255,255,255,255,255,255,255,255,255,255,255,255,65000000,-1,-1,-1,-1,-1,-1,-1,-1,-1,-1,-1,-1,-1,[0|0|0|0|0|0|0|0|0|0|0|0]
8110,,0,2000000,34000000,31000000,41000000,33000000,24000000,5000000,5000100,5000200,5000300,50000000,52000000,51000000,53000000,6060,-1,-1,-1,60000000,60010000,-1,11019,-1,-1,4000,6010,6421,4010,6000,-1,-1,1013,1063,250,130,300,3510,1460,1440,1410,1430,1,1,0,1,0,1,0,1,0,1,13,10,12,16,12,9,7,10,0,20,20,1,1,5,5,5,5,10,10,255,255,255,255,255,255,255,0,0,1,0,255,255,255,255,0,0,0,0,0,0,1,0,207000,10030,9500,9501,9502,9510,1,5,99,99,99,99,3,3,0,0,255,0,0,0,0,0,0,0,0,0,1,0,0,0,0,255,255,255,255,255,255,255,255,255,255,255,255,65000000,-1,-1,-1,-1,-1,-1,-1,-1,-1,-1,-1,-1,-1,[0|0|0|0|0|0|0|0|0|0|0|0]
8111,,0,2000000,34000000,31000000,41000000,33000000,24000000,5000000,5000100,5000200,5000300,50000000,52000000,51000000,53000000,6070,-1,-1,-1,60000000,60010000,-1,11019,-1,-1,4000,6010,6421,4010,6000,-1,-1,1013,1063,250,130,300,3510,1460,1440,1410,1430,1,1,0,1,0,1,0,1,0,1,13,10,12,16,12,9,7,10,0,20,20,1,1,5,5,5,5,10,10,255,255,255,255,255,255,255,0,0,1,0,255,255,255,255,0,0,0,0,0,0,1,0,207000,10030,9500,9501,9502,9510,1,5,99,99,99,99,3,3,0,0,255,0,0,0,0,0,0,0,0,0,1,0,0,0,0,255,255,255,255,255,255,255,255,255,255,255,255,65000000,-1,-1,-1,-1,-1,-1,-1,-1,-1,-1,-1,-1,-1,[0|0|0|0|0|0|0|0|0|0|0|0]
8112,,0,2000000,34000000,31000000,41000000,33000000,24000000,5000000,5000100,5000200,5000300,50000000,52000000,51000000,53000000,6080,-1,-1,-1,60000000,60010000,-1,11019,-1,-1,4000,6010,6421,4010,6000,-1,-1,1013,1063,250,130,300,3510,1460,1440,1410,1430,1,1,0,1,0,1,0,1,0,1,13,10,12,16,12,9,7,10,0,20,20,1,1,5,5,5,5,10,10,255,255,255,255,255,255,255,0,0,1,0,255,255,255,255,0,0,0,0,0,0,1,0,207000,10030,9500,9501,9502,9510,1,5,99,99,99,99,3,3,0,0,255,0,0,0,0,0,0,0,0,0,1,0,0,0,0,255,255,255,255,255,255,255,255,255,255,255,255,65000000,-1,-1,-1,-1,-1,-1,-1,-1,-1,-1,-1,-1,-1,[0|0|0|0|0|0|0|0|0|0|0|0]
8113,,0,2000000,34000000,31000000,41000000,33000000,24000000,5000000,5000100,5000200,5000300,50000000,52000000,51000000,53000000,6090,-1,-1,-1,60000000,60010000,-1,11019,-1,-1,4000,6010,6421,4010,6000,-1,-1,1013,1063,250,130,300,3510,1460,1440,1410,1430,1,1,0,1,0,1,0,1,0,1,13,10,12,16,12,9,7,10,0,20,20,1,1,5,5,5,5,10,10,255,255,255,255,255,255,255,0,0,1,0,255,255,255,255,0,0,0,0,0,0,1,0,207000,10030,9500,9501,9502,9510,1,5,99,99,99,99,3,3,0,0,255,0,0,0,0,0,0,0,0,0,1,0,0,0,0,255,255,255,255,255,255,255,255,255,255,255,255,65000000,-1,-1,-1,-1,-1,-1,-1,-1,-1,-1,-1,-1,-1,[0|0|0|0|0|0|0|0|0|0|0|0]
8114,,0,2000000,34000000,31000000,41000000,33000000,24000000,5000000,5000100,5000200,5000300,50000000,52000000,51000000,53000000,6100,-1,-1,-1,60000000,60010000,-1,11019,-1,-1,4000,6010,6421,4010,6000,-1,-1,1013,1063,250,130,300,3510,1460,1440,1410,1430,1,1,0,1,0,1,0,1,0,1,13,10,12,16,12,9,7,10,0,20,20,1,1,5,5,5,5,10,10,255,255,255,255,255,255,255,0,0,1,0,255,255,255,255,0,0,0,0,0,0,1,0,207000,10030,9500,9501,9502,9510,1,5,99,99,99,99,3,3,0,0,255,0,0,0,0,0,0,0,0,0,1,0,0,0,0,255,255,255,255,255,255,255,255,255,255,255,255,65000000,-1,-1,-1,-1,-1,-1,-1,-1,-1,-1,-1,-1,-1,[0|0|0|0|0|0|0|0|0|0|0|0]
8115,,0,2000000,34000000,31000000,41000000,33000000,24000000,5000000,5000100,5000200,5000300,50000000,52000000,51000000,53000000,6100,-1,-1,-1,60000000,60010000,-1,11019,-1,-1,4000,6010,6421,4010,6000,-1,-1,1013,1063,250,130,300,3510,1460,1440,1410,1430,1,1,0,1,0,1,0,1,0,1,13,10,12,16,12,9,7,10,0,20,20,1,1,5,5,5,5,10,10,255,255,255,255,255,255,255,0,0,0,0,255,255,255,255,0,0,0,0,0,0,1,0,207000,10030,9500,9501,9502,9510,1,5,99,99,99,99,3,3,0,0,255,0,0,0,0,0,0,0,0,0,1,0,0,0,0,255,255,255,255,255,255,255,255,255,255,255,255,65000000,-1,-1,-1,-1,-1,-1,-1,-1,-1,-1,-1,-1,-1,[0|0|0|0|0|0|0|0|0|0|0|0]
8116,,0,2000000,34000000,31000000,41000000,33000000,24000000,5000000,5000100,5000200,5000300,50000000,52000000,51000000,53000000,6110,-1,-1,-1,60000000,60010000,-1,11019,-1,-1,4000,6010,6421,4010,6000,-1,-1,1013,1063,250,130,300,3510,1460,1440,1410,1430,1,1,0,1,0,1,0,1,0,1,13,10,12,16,12,9,7,10,0,20,20,1,1,5,5,5,5,10,10,255,255,255,255,255,255,255,0,0,1,0,255,255,255,255,0,0,0,0,0,0,1,0,207000,10030,9500,9501,9502,9510,1,5,99,99,99,99,3,3,0,0,255,0,0,0,0,0,0,0,0,0,1,0,0,0,0,255,255,255,255,255,255,255,255,255,255,255,255,65000000,-1,-1,-1,-1,-1,-1,-1,-1,-1,-1,-1,-1,-1,[0|0|0|0|0|0|0|0|0|0|0|0]
8497,,0,-1,-1,-1,-1,-1,-1,-1,-1,-1,-1,-1,-1,-1,-1,-1,-1,-1,-1,-1,-1,-1,-1,-1,-1,-1,-1,-1,-1,-1,-1,-1,1001,1051,12,11500,-1,-1,-1,-1,-1,-1,0,0,0,0,0,0,0,0,0,0,0,0,0,0,0,0,0,0,0,2,1,1,1,0,0,0,0,0,0,255,255,255,255,255,255,255,0,0,0,0,255,255,255,255,0,0,0,0,0,0,0,0,-1,-1,-1,-1,-1,-1,0,0,0,0,0,0,255,255,0,0,255,0,0,0,0,0,0,0,0,0,1,0,0,0,0,255,255,255,255,255,255,255,255,255,255,255,255,65000000,-1,-1,-1,-1,-1,-1,-1,-1,-1,-1,-1,-1,-1,[0|0|0|0|0|0|0|0|0|0|0|0]
8500,,9999999,2000000,3000000,31000000,41000000,16000000,24000000,5000000,5000100,5000200,5000300,50000000,52000000,51000000,53000000,-1,-1,-1,-1,60000000,60010000,-1,-1,-1,-1,4000,5000,6000,7000,-1,-1,-1,300,320,330,340,-1,-1,-1,-1,-1,-1,1,1,0,1,0,1,0,1,0,1,13,10,12,16,12,9,7,10,0,99,99,99,99,0,0,0,0,0,0,255,255,255,255,255,255,255,0,0,1,0,255,255,255,255,0,0,0,0,0,0,1,0,130,-1,-1,-1,-1,-1,1,0,0,0,0,0,3,3,0,6,255,0,0,0,0,0,0,0,0,0,1,0,0,0,0,255,255,255,255,255,255,255,255,255,255,255,255,65000000,-1,-1,-1,-1,-1,-1,-1,-1,-1,-1,-1,-1,-1,[0|0|0|0|0|0|0|0|0|0|0|0]
8501,,9999999,2000000,3000000,31000000,41000000,16000000,24000000,5000000,5000100,5000200,5000300,50000000,52000000,51000000,53000000,-1,-1,-1,-1,60000000,60010000,-1,-1,-1,-1,4000,5000,6000,7000,-1,-1,-1,350,360,370,-1,-1,-1,-1,-1,-1,-1,1,1,0,1,0,1,0,1,0,1,13,10,12,16,12,9,7,10,0,99,99,99,0,0,0,0,0,0,0,255,255,255,255,255,255,255,0,0,1,0,255,255,255,255,0,0,0,0,0,0,1,0,130,-1,-1,-1,-1,-1,1,0,0,0,0,0,3,3,0,6,255,0,0,0,0,0,0,0,0,0,1,0,0,0,0,255,255,255,255,255,255,255,255,255,255,255,255,65000000,-1,-1,-1,-1,-1,-1,-1,-1,-1,-1,-1,-1,-1,[0|0|0|0|0|0|0|0|0|0|0|0]
8502,,9999999,2000000,3000000,31000000,41000000,16000000,24000000,5000000,5000100,5000200,5000300,50000000,52000000,51000000,53000000,-1,-1,-1,-1,60000000,60010000,-1,-1,-1,-1,4000,5000,6000,7000,-1,-1,-1,390,391,600,-1,-1,-1,-1,-1,-1,-1,1,1,0,1,0,1,0,1,0,1,13,10,12,16,12,9,7,10,0,99,99,99,0,0,0,0,0,0,0,255,255,255,255,255,255,255,0,0,1,0,255,255,255,255,0,0,0,0,0,0,1,0,130,-1,-1,-1,-1,-1,1,0,0,0,0,0,3,3,0,6,255,0,0,0,0,0,0,0,0,0,1,0,0,0,0,255,255,255,255,255,255,255,255,255,255,255,255,65000000,-1,-1,-1,-1,-1,-1,-1,-1,-1,-1,-1,-1,-1,[0|0|0|0|0|0|0|0|0|0|0|0]
8503,,9999999,2000000,3000000,31000000,41000000,16000000,24000000,5000000,5000100,5000200,5000300,50000000,52000000,51000000,53000000,-1,-1,-1,-1,60000000,60010000,-1,-1,-1,-1,4000,5000,6000,7000,-1,-1,-1,640,650,660,670,-1,-1,-1,-1,-1,-1,1,1,0,1,0,1,0,1,0,1,13,10,12,16,12,9,7,10,0,99,99,99,99,0,0,0,0,0,0,255,255,255,255,255,255,255,0,0,1,0,255,255,255,255,0,0,0,0,0,0,1,0,130,-1,-1,-1,-1,-1,1,0,0,0,0,0,3,3,0,6,255,0,0,0,0,0,0,0,0,0,1,0,0,0,0,255,255,255,255,255,255,255,255,255,255,255,255,65000000,-1,-1,-1,-1,-1,-1,-1,-1,-1,-1,-1,-1,-1,[0|0|0|0|0|0|0|0|0|0|0|0]
8504,,9999999,2000000,3000000,31000000,41000000,16000000,24000000,5000000,5000100,5000200,5000300,50000000,52000000,51000000,53000000,-1,-1,-1,-1,60000000,60010000,-1,-1,-1,-1,4000,5000,6000,7000,-1,-1,-1,820,830,-1,-1,-1,-1,-1,-1,-1,-1,1,1,0,1,0,1,0,1,0,1,13,10,12,16,12,9,7,10,0,99,99,0,0,0,0,0,0,0,0,255,255,255,255,255,255,255,0,0,1,0,255,255,255,255,0,0,0,0,0,0,1,0,130,-1,-1,-1,-1,-1,1,0,0,0,0,0,3,3,0,6,255,0,0,0,0,0,0,0,0,0,1,0,0,0,0,255,255,255,255,255,255,255,255,255,255,255,255,65000000,-1,-1,-1,-1,-1,-1,-1,-1,-1,-1,-1,-1,-1,[0|0|0|0|0|0|0|0|0|0|0|0]
8505,,9999999,2000000,3000000,31000000,41000000,16000000,24000000,5000000,5000100,5000200,5000300,50000000,52000000,51000000,53000000,-1,-1,-1,-1,60000000,60010000,-1,-1,-1,-1,4000,5000,6000,7000,-1,-1,-1,900,910,920,930,-1,-1,-1,-1,-1,-1,1,1,0,1,0,1,0,1,0,1,13,10,12,16,12,9,7,10,0,99,99,99,99,0,0,0,0,0,0,255,255,255,255,255,255,255,0,0,1,0,255,255,255,255,0,0,0,0,0,0,1,0,130,-1,-1,-1,-1,-1,1,0,0,0,0,0,3,3,0,6,255,0,0,0,0,0,0,0,0,0,1,0,0,0,0,255,255,255,255,255,255,255,255,255,255,255,255,65000000,-1,-1,-1,-1,-1,-1,-1,-1,-1,-1,-1,-1,-1,[0|0|0|0|0|0|0|0|0|0|0|0]
8506,,9999999,2000000,3000000,31000000,41000000,16000000,24000000,5000000,5000100,5000200,5000300,50000000,52000000,51000000,53000000,-1,-1,-1,-1,60000000,60010000,-1,-1,-1,-1,4000,5000,6000,7000,-1,-1,-1,940,950,960,-1,-1,-1,-1,-1,-1,-1,1,1,0,1,0,1,0,1,0,1,13,10,12,16,12,9,7,10,0,99,99,99,0,0,0,0,0,0,0,255,255,255,255,255,255,255,0,0,1,0,255,255,255,255,0,0,0,0,0,0,1,0,130,-1,-1,-1,-1,-1,1,0,0,0,0,0,3,3,0,6,255,0,0,0,0,0,0,0,0,0,1,0,0,0,0,255,255,255,255,255,255,255,255,255,255,255,255,65000000,-1,-1,-1,-1,-1,-1,-1,-1,-1,-1,-1,-1,-1,[0|0|0|0|0|0|0|0|0|0|0|0]
8507,,9999999,2000000,3000000,31000000,41000000,16000000,24000000,5000000,5000100,5000200,5000300,50000000,52000000,51000000,53000000,-1,-1,-1,-1,60000000,60010000,-1,-1,-1,-1,4000,5000,6000,7000,-1,-1,-1,1100,1190,1200,1210,-1,-1,-1,-1,-1,-1,1,1,0,1,0,1,0,1,0,1,13,10,12,16,12,9,7,10,0,99,99,99,99,0,0,0,0,0,0,255,255,255,255,255,255,255,0,0,1,0,255,255,255,255,0,0,0,0,0,0,1,0,130,-1,-1,-1,-1,-1,1,0,0,0,0,0,3,3,0,6,255,0,0,0,0,0,0,0,0,0,1,0,0,0,0,255,255,255,255,255,255,255,255,255,255,255,255,65000000,-1,-1,-1,-1,-1,-1,-1,-1,-1,-1,-1,-1,-1,[0|0|0|0|0|0|0|0|0|0|0|0]
8508,,9999999,2000000,3000000,31000000,41000000,16000000,24000000,5000000,5000100,5000200,5000300,50000000,52000000,51000000,53000000,-1,-1,-1,-1,60000000,60010000,-1,-1,-1,-1,4000,5000,6000,7000,-1,-1,-1,1290,1290,1290,1290,-1,-1,-1,-1,-1,-1,1,1,0,1,0,1,0,1,0,1,13,10,12,16,12,9,7,10,0,99,99,99,99,0,0,0,0,0,0,255,255,255,255,255,255,255,0,0,1,0,255,255,255,255,0,0,0,0,0,0,1,0,130,-1,-1,-1,-1,-1,1,0,0,0,0,0,3,3,0,6,255,0,0,0,0,0,0,0,0,0,1,0,0,0,0,255,255,255,255,255,255,255,255,255,255,255,255,65000000,-1,-1,-1,-1,-1,-1,-1,-1,-1,-1,-1,-1,-1,[0|0|0|0|0|0|0|0|0|0|0|0]
8509,,9999999,2000000,3000000,31000000,41000000,16000000,24000000,5000000,5000100,5000200,5000300,50000000,52000000,51000000,53000000,-1,-1,-1,-1,60000000,60010000,-1,-1,-1,-1,4000,5000,6000,7000,-1,-1,-1,1400,1410,1420,1430,-1,-1,-1,-1,-1,-1,1,1,0,1,0,1,0,1,0,1,13,10,12,16,12,9,7,10,0,99,99,99,99,0,0,0,0,0,0,255,255,255,255,255,255,255,0,0,1,0,255,255,255,255,0,0,0,0,0,0,1,0,130,-1,-1,-1,-1,-1,1,0,0,0,0,0,3,3,0,6,255,0,0,0,0,0,0,0,0,0,1,0,0,0,0,255,255,255,255,255,255,255,255,255,255,255,255,65000000,-1,-1,-1,-1,-1,-1,-1,-1,-1,-1,-1,-1,-1,[0|0|0|0|0|0|0|0|0|0|0|0]
8510,,9999999,2000000,3000000,31000000,41000000,16000000,24000000,5000000,5000100,5000200,5000300,50000000,52000000,51000000,53000000,-1,-1,-1,-1,60000000,60010000,-1,-1,-1,-1,4000,5000,6000,7000,-1,-1,-1,1440,1450,1460,1470,-1,-1,-1,-1,-1,-1,1,1,0,1,0,1,0,1,0,1,13,10,12,16,12,9,7,10,0,99,99,99,99,0,0,0,0,0,0,255,255,255,255,255,255,255,0,0,1,0,255,255,255,255,0,0,0,0,0,0,1,0,130,-1,-1,-1,-1,-1,1,0,0,0,0,0,3,3,0,6,255,0,0,0,0,0,0,0,0,0,1,0,0,0,0,255,255,255,255,255,255,255,255,255,255,255,255,65000000,-1,-1,-1,-1,-1,-1,-1,-1,-1,-1,-1,-1,-1,[0|0|0|0|0|0|0|0|0|0|0|0]
8511,,9999999,2000000,3000000,31000000,41000000,16000000,24000000,5000000,5000100,5000200,5000300,50000000,52000000,51000000,53000000,-1,-1,-1,-1,60000000,60010000,-1,-1,-1,-1,4000,5000,6000,7000,-1,-1,-1,1480,1490,1690,-1,-1,-1,-1,-1,-1,-1,1,1,0,1,0,1,0,1,0,1,13,10,12,16,12,9,7,10,0,99,99,99,0,0,0,0,0,0,0,255,255,255,255,255,255,255,0,0,1,0,255,255,255,255,0,0,0,0,0,0,1,0,130,-1,-1,-1,-1,-1,1,0,0,0,0,0,3,3,0,6,255,0,0,0,0,0,0,0,0,0,1,0,0,0,0,255,255,255,255,255,255,255,255,255,255,255,255,65000000,-1,-1,-1,-1,-1,-1,-1,-1,-1,-1,-1,-1,-1,[0|0|0|0|0|0|0|0|0|0|0|0]
8512,,9999999,2000000,3000000,31000000,41000000,16000000,24000000,5000000,5000100,5000200,5000300,50000000,52000000,51000000,53000000,-1,-1,-1,-1,60000000,60010000,-1,-1,-1,-1,4000,5000,6000,7000,-1,-1,-1,1700,1720,1740,1750,-1,-1,-1,-1,-1,-1,1,1,0,1,0,1,0,1,0,1,13,10,12,16,12,9,7,10,0,99,99,99,99,0,0,0,0,0,0,255,255,255,255,255,255,255,0,0,1,0,255,255,255,255,0,0,0,0,0,0,1,0,130,-1,-1,-1,-1,-1,1,0,0,0,0,0,3,3,0,6,255,0,0,0,0,0,0,0,0,0,1,0,0,0,0,255,255,255,255,255,255,255,255,255,255,255,255,65000000,-1,-1,-1,-1,-1,-1,-1,-1,-1,-1,-1,-1,-1,[0|0|0|0|0|0|0|0|0|0|0|0]
8513,,9999999,2000000,3000000,31000000,41000000,16000000,24000000,5000000,5000100,5000200,5000300,50000000,52000000,51000000,53000000,-1,-1,-1,-1,60000000,60010000,-1,-1,-1,-1,4000,5000,6000,7000,-1,-1,-1,1730,1730,1730,1730,-1,-1,-1,-1,-1,-1,1,1,0,1,0,1,0,1,0,1,13,10,12,16,12,9,7,10,0,99,99,99,99,0,0,0,0,0,0,255,255,255,255,255,255,255,0,0,1,0,255,255,255,255,0,0,0,0,0,0,1,0,130,-1,-1,-1,-1,-1,1,0,0,0,0,0,3,3,0,6,255,0,0,0,0,0,0,0,0,0,1,0,0,0,0,255,255,255,255,255,255,255,255,255,255,255,255,65000000,-1,-1,-1,-1,-1,-1,-1,-1,-1,-1,-1,-1,-1,[0|0|0|0|0|0|0|0|0|0|0|0]
8514,,9999999,2000000,3000000,31000000,41000000,16000000,24000000,5000000,5000100,5000200,5000300,50000000,52000000,51000000,53000000,-1,-1,-1,-1,60000000,60010000,-1,-1,-1,-1,4000,5000,6000,7000,-1,-1,-1,3000,3010,3011,3080,-1,-1,-1,-1,-1,-1,1,1,0,1,0,1,0,1,0,1,13,10,12,16,12,9,7,10,0,10,10,10,10,0,0,0,0,0,0,255,255,255,255,255,255,255,0,0,1,0,255,255,255,255,0,0,0,0,0,0,1,0,130,9500,-1,-1,-1,-1,1,99,0,0,0,0,3,3,0,6,255,0,0,0,0,0,0,0,0,0,1,0,0,0,0,255,255,255,255,255,255,255,255,255,255,255,255,65000000,-1,-1,-1,-1,-1,-1,-1,-1,-1,-1,-1,-1,-1,[0|0|0|0|0|0|0|0|0|0|0|0]
8515,,9999999,2000000,3000000,31000000,41000000,16000000,24000000,5000000,5000100,5000200,5000300,50000000,52000000,51000000,53000000,-1,-1,-1,-1,60000000,60010000,-1,-1,-1,-1,4000,5000,6000,7000,-1,-1,-1,3030,3050,3051,-1,-1,-1,-1,-1,-1,-1,1,1,0,1,0,1,0,1,0,1,13,10,12,16,12,9,7,10,0,99,99,99,0,0,0,0,0,0,0,255,255,255,255,255,255,255,0,0,1,0,255,255,255,255,0,0,0,0,0,0,1,0,130,-1,-1,-1,-1,-1,1,0,0,0,0,0,3,3,0,6,255,0,0,0,0,0,0,0,0,0,1,0,0,0,0,255,255,255,255,255,255,255,255,255,255,255,255,65000000,-1,-1,-1,-1,-1,-1,-1,-1,-1,-1,-1,-1,-1,[0|0|0|0|0|0|0|0|0|0|0|0]
8516,,9999999,2000000,3000000,31000000,41000000,16000000,24000000,5000000,5000100,5000200,5000300,50000000,52000000,51000000,53000000,-1,-1,-1,-1,60000000,60010000,-1,-1,-1,-1,4000,5000,6000,7000,-1,-1,-1,3060,3070,3310,3350,-1,-1,-1,-1,-1,-1,1,1,0,1,0,1,0,1,0,1,13,10,12,16,12,9,7,10,0,99,99,99,99,0,0,0,0,0,0,255,255,255,255,255,255,255,0,0,1,0,255,255,255,255,0,0,0,0,0,0,1,0,130,-1,-1,-1,-1,-1,1,0,0,0,0,0,3,3,0,6,255,0,0,0,0,0,0,0,0,0,1,0,0,0,0,255,255,255,255,255,255,255,255,255,255,255,255,65000000,-1,-1,-1,-1,-1,-1,-1,-1,-1,-1,-1,-1,-1,[0|0|0|0|0|0|0|0|0|0|0|0]
8517,,9999999,2000000,3000000,31000000,41000000,16000000,24000000,5000000,5000100,5000200,5000300,50000000,52000000,51000000,53000000,-1,-1,-1,-1,60000000,60010000,-1,-1,-1,-1,4000,5000,6000,7000,-1,-1,-1,3500,3510,3520,3550,-1,-1,-1,-1,-1,-1,1,1,0,1,0,1,0,1,0,1,13,10,12,16,12,9,7,10,0,99,99,99,99,0,0,0,0,0,0,255,255,255,255,255,255,255,0,0,1,0,255,255,255,255,0,0,0,0,0,0,1,0,130,9510,-1,-1,-1,-1,1,99,0,0,0,0,3,3,0,6,255,0,0,0,0,0,0,0,0,0,1,0,0,0,0,255,255,255,255,255,255,255,255,255,255,255,255,65000000,-1,-1,-1,-1,-1,-1,-1,-1,-1,-1,-1,-1,-1,[0|0|0|0|0|0|0|0|0|0|0|0]
8518,,9999999,2000000,3000000,31000000,41000000,16000000,24000000,5000000,5000100,5000200,5000300,50000000,52000000,51000000,53000000,-1,-1,-1,-1,60000000,60010000,-1,-1,-1,-1,4000,5000,6000,7000,-1,-1,-1,3580,3610,-1,-1,-1,-1,-1,-1,-1,-1,1,1,0,1,0,1,0,1,0,1,13,10,12,16,12,9,7,10,0,99,99,0,0,0,0,0,0,0,0,255,255,255,255,255,255,255,0,0,1,0,255,255,255,255,0,0,0,0,0,0,1,0,130,9510,-1,-1,-1,-1,1,99,0,0,0,0,3,3,0,6,255,0,0,0,0,0,0,0,0,0,1,0,0,0,0,255,255,255,255,255,255,255,255,255,255,255,255,65000000,-1,-1,-1,-1,-1,-1,-1,-1,-1,-1,-1,-1,-1,[0|0|0|0|0|0|0|0|0|0|0|0]
8519,,9999999,2000000,3000000,31000000,41000000,16000000,24000000,5000000,5000100,5000200,5000300,50000000,52000000,51000000,53000000,-1,-1,-1,-1,60000000,60010000,-1,-1,-1,-1,4000,5000,6000,7000,-1,-1,-1,8000,8010,-1,-1,-1,-1,-1,-1,-1,-1,1,1,0,1,0,1,0,1,0,1,13,10,12,16,12,9,7,10,0,99,99,0,0,0,0,0,0,0,0,255,255,255,255,255,255,255,0,0,1,0,255,255,255,255,0,0,0,0,0,0,1,0,130,-1,-1,-1,-1,-1,1,0,0,0,0,0,3,3,0,6,255,0,0,0,0,0,0,0,0,0,1,0,0,0,0,255,255,255,255,255,255,255,255,255,255,255,255,65000000,-1,-1,-1,-1,-1,-1,-1,-1,-1,-1,-1,-1,-1,[0|0|0|0|0|0|0|0|0|0|0|0]
8520,,9999999,2000000,3000000,31000000,41000000,16000000,24000000,5000000,5000100,5000200,5000300,50000000,52000000,51000000,53000000,-1,-1,-1,-1,60000000,60010000,-1,-1,-1,-1,4000,5000,6000,7000,-1,-1,-1,10100,10101,10102,-1,-1,-1,-1,-1,-1,-1,1,1,0,1,0,1,0,1,0,1,13,10,12,16,12,9,7,10,0,99,99,99,0,0,0,0,0,0,0,255,255,255,255,255,255,255,0,0,1,0,255,255,255,255,0,0,0,0,0,0,1,0,130,-1,-1,-1,-1,-1,1,0,0,0,0,0,3,3,0,6,255,0,0,0,0,0,0,0,0,0,1,0,0,0,0,255,255,255,255,255,255,255,255,255,255,255,255,65000000,-1,-1,-1,-1,-1,-1,-1,-1,-1,-1,-1,-1,-1,[0|0|0|0|0|0|0|0|0|0|0|0]
8521,,9999999,2000000,3000000,31000000,41000000,16000000,24000000,5000000,5000100,5000200,5000300,50000000,52000000,51000000,53000000,-1,-1,-1,-1,60000000,60010000,-1,-1,-1,-1,4000,5000,6000,7000,-1,-1,-1,700,700,700,700,-1,-1,-1,-1,-1,-1,1,1,0,1,0,1,0,1,0,1,13,10,12,16,12,9,7,10,0,99,99,99,99,0,0,0,0,0,0,255,255,255,255,255,255,255,0,0,1,0,255,255,255,255,0,0,0,0,0,0,1,0,130,-1,-1,-1,-1,-1,1,0,0,0,0,0,3,3,0,6,255,0,0,0,0,0,0,0,0,0,1,0,0,0,0,255,255,255,255,255,255,255,255,255,255,255,255,65000000,-1,-1,-1,-1,-1,-1,-1,-1,-1,-1,-1,-1,-1,[0|0|0|0|0|0|0|0|0|0|0|0]
8547,,0,-1,-1,-1,-1,-1,-1,-1,-1,-1,-1,-1,-1,-1,-1,-1,-1,-1,-1,-1,-1,-1,-1,-1,-1,-1,-1,-1,-1,-1,-1,-1,1001,1051,12,11500,-1,-1,-1,-1,-1,-1,0,0,0,0,0,0,0,0,0,0,0,0,0,0,0,0,0,0,0,2,1,1,1,0,0,0,0,0,0,255,255,255,255,255,255,255,0,0,0,0,255,255,255,255,0,0,0,0,0,0,0,0,-1,-1,-1,-1,-1,-1,0,0,0,0,0,0,255,255,0,0,255,0,0,0,0,0,0,0,0,0,1,0,0,0,0,255,255,255,255,255,255,255,255,255,255,255,255,65000000,-1,-1,-1,-1,-1,-1,-1,-1,-1,-1,-1,-1,-1,[0|0|0|0|0|0|0|0|0|0|0|0]
8548,,0,-1,-1,-1,-1,-1,-1,-1,-1,-1,-1,-1,-1,-1,-1,-1,-1,-1,-1,-1,-1,-1,-1,-1,-1,-1,-1,-1,-1,-1,-1,-1,1001,1051,12,11500,-1,-1,-1,-1,-1,-1,0,0,0,0,0,0,0,0,0,0,0,0,0,0,0,0,0,0,0,2,1,1,1,0,0,0,0,0,0,255,255,255,255,255,255,255,0,0,0,0,255,255,255,255,0,0,0,0,0,0,0,0,-1,-1,-1,-1,-1,-1,0,0,0,0,0,0,255,255,0,0,255,0,0,0,0,0,0,0,0,0,1,0,0,0,0,255,255,255,255,255,255,255,255,255,255,255,255,65000000,-1,-1,-1,-1,-1,-1,-1,-1,-1,-1,-1,-1,-1,[0|0|0|0|0|0|0|0|0|0|0|0]
8549,,0,-1,-1,-1,-1,-1,-1,-1,-1,-1,-1,-1,-1,-1,-1,-1,-1,-1,-1,-1,-1,-1,-1,-1,-1,-1,-1,-1,-1,-1,-1,-1,1001,1051,12,11500,-1,-1,-1,-1,-1,-1,0,0,0,0,0,0,0,0,0,0,0,0,0,0,0,0,0,0,0,2,1,1,1,0,0,0,0,0,0,255,255,255,255,255,255,255,0,0,0,0,255,255,255,255,0,0,0,0,0,0,0,0,-1,-1,-1,-1,-1,-1,0,0,0,0,0,0,255,255,0,0,255,0,0,0,0,0,0,0,0,0,1,0,0,0,0,255,255,255,255,255,255,255,255,255,255,255,255,65000000,-1,-1,-1,-1,-1,-1,-1,-1,-1,-1,-1,-1,-1,[0|0|0|0|0|0|0|0|0|0|0|0]
8553,,9999999,2000000,33000000,31000000,35000000,34000000,36000000,5000000,5000100,5000200,5000300,50000000,52000000,51000000,53000000,-1,-1,-1,-1,60000000,60010000,-1,-1,-1,-1,4000,5000,6000,7000,-1,-1,-1,11000,11000,11000,-1,-1,-1,-1,-1,-1,-1,1,1,0,1,0,1,0,1,0,1,13,10,12,16,12,9,7,10,0,1,1,1,0,0,0,0,0,0,0,255,255,255,255,255,255,255,0,0,1,0,255,255,255,255,0,0,0,0,0,0,1,0,-1,-1,-1,-1,-1,-1,0,0,0,0,0,0,3,3,0,6,255,0,0,0,0,0,0,0,0,0,1,0,0,0,0,255,255,255,255,255,255,255,255,255,255,255,255,65000000,-1,-1,-1,-1,-1,-1,-1,-1,-1,-1,-1,-1,-1,[0|0|0|0|0|0|0|0|0|0|0|0]
8554,,9999999,2000000,33000000,31000000,35000000,34000000,36000000,5000000,5000100,5000200,5000300,50000000,52000000,51000000,53000000,-1,-1,-1,-1,60000000,60010000,-1,-1,-1,-1,4000,5000,6000,7000,-1,-1,-1,11001,11001,11001,-1,-1,-1,-1,-1,-1,-1,1,1,0,1,0,1,0,1,0,1,13,10,12,16,12,9,7,10,0,1,1,1,0,0,0,0,0,0,0,255,255,255,255,255,255,255,0,0,1,0,255,255,255,255,0,0,0,0,0,0,1,0,-1,-1,-1,-1,-1,-1,0,0,0,0,0,0,3,3,0,6,255,0,0,0,0,0,0,0,0,0,1,0,0,0,0,255,255,255,255,255,255,255,255,255,255,255,255,65000000,-1,-1,-1,-1,-1,-1,-1,-1,-1,-1,-1,-1,-1,[0|0|0|0|0|0|0|0|0|0|0|0]
8555,,9999999,2000000,33000000,31000000,35000000,34000000,36000000,5000000,5000100,5000200,5000300,50000000,52000000,51000000,53000000,-1,-1,-1,-1,60000000,60010000,-1,-1,-1,-1,4000,5000,6000,7000,-1,-1,-1,11002,11002,11002,-1,-1,-1,-1,-1,-1,-1,1,1,0,1,0,1,0,1,0,1,13,10,12,16,12,9,7,10,0,1,1,1,0,0,0,0,0,0,0,255,255,255,255,255,255,255,0,0,1,0,255,255,255,255,0,0,0,0,0,0,1,0,-1,-1,-1,-1,-1,-1,0,0,0,0,0,0,3,3,0,6,255,0,0,0,0,0,0,0,0,0,1,0,0,0,0,255,255,255,255,255,255,255,255,255,255,255,255,65000000,-1,-1,-1,-1,-1,-1,-1,-1,-1,-1,-1,-1,-1,[0|0|0|0|0|0|0|0|0|0|0|0]
8557,,9999999,2000000,33000000,31000000,35000000,34000000,36000000,5000000,5000100,5000200,5000300,50000000,52000000,51000000,53000000,-1,-1,-1,-1,60000000,60010000,-1,-1,-1,-1,4000,5000,6000,7000,-1,-1,-1,11004,11004,11004,-1,-1,-1,-1,-1,-1,-1,1,1,0,1,0,1,0,1,0,1,13,10,12,16,12,9,7,10,0,1,1,1,0,0,0,0,0,0,0,255,255,255,255,255,255,255,0,0,1,0,255,255,255,255,0,0,0,0,0,0,1,0,-1,-1,-1,-1,-1,-1,0,0,0,0,0,0,3,3,0,6,255,0,0,0,0,0,0,0,0,0,1,0,0,0,0,255,255,255,255,255,255,255,255,255,255,255,255,65000000,-1,-1,-1,-1,-1,-1,-1,-1,-1,-1,-1,-1,-1,[0|0|0|0|0|0|0|0|0|0|0|0]
8559,,9999999,2000000,33000000,31000000,35000000,34000000,36000000,5000000,5000100,5000200,5000300,50000000,52000000,51000000,53000000,-1,-1,-1,-1,60000000,60010000,-1,-1,-1,-1,4000,5000,6000,7000,-1,-1,-1,11006,11006,11006,-1,-1,-1,-1,-1,-1,-1,1,1,0,1,0,1,0,1,0,1,13,10,12,16,12,9,7,10,0,1,1,1,0,0,0,0,0,0,0,255,255,255,255,255,255,255,0,0,1,0,255,255,255,255,0,0,0,0,0,0,1,0,-1,-1,-1,-1,-1,-1,0,0,0,0,0,0,3,3,0,6,255,0,0,0,0,0,0,0,0,0,1,0,0,0,0,255,255,255,255,255,255,255,255,255,255,255,255,65000000,-1,-1,-1,-1,-1,-1,-1,-1,-1,-1,-1,-1,-1,[0|0|0|0|0|0|0|0|0|0|0|0]
8560,,9999999,2000000,33000000,31000000,35000000,34000000,36000000,5000000,5000100,5000200,5000300,50000000,52000000,51000000,53000000,-1,-1,-1,-1,60000000,60010000,-1,-1,-1,-1,4000,5000,6000,7000,-1,-1,-1,11007,11007,11007,-1,-1,-1,-1,-1,-1,-1,1,1,0,1,0,1,0,1,0,1,13,10,12,16,12,9,7,10,0,1,1,1,0,0,0,0,0,0,0,255,255,255,255,255,255,255,0,0,1,0,255,255,255,255,0,0,0,0,0,0,1,0,-1,-1,-1,-1,-1,-1,0,0,0,0,0,0,3,3,0,6,255,0,0,0,0,0,0,0,0,0,1,0,0,0,0,255,255,255,255,255,255,255,255,255,255,255,255,65000000,-1,-1,-1,-1,-1,-1,-1,-1,-1,-1,-1,-1,-1,[0|0|0|0|0|0|0|0|0|0|0|0]
8561,,9999999,2000000,33000000,31000000,35000000,34000000,36000000,5000000,5000100,5000200,5000300,50000000,52000000,51000000,53000000,-1,-1,-1,-1,60000000,60010000,-1,-1,-1,-1,4000,5000,6000,7000,-1,-1,-1,11008,11008,11008,-1,-1,-1,-1,-1,-1,-1,1,1,0,1,0,1,0,1,0,1,13,10,12,16,12,9,7,10,0,1,1,1,0,0,0,0,0,0,0,255,255,255,255,255,255,255,0,0,1,0,255,255,255,255,0,0,0,0,0,0,1,0,-1,-1,-1,-1,-1,-1,0,0,0,0,0,0,3,3,0,6,255,0,0,0,0,0,0,0,0,0,1,0,0,0,0,255,255,255,255,255,255,255,255,255,255,255,255,65000000,-1,-1,-1,-1,-1,-1,-1,-1,-1,-1,-1,-1,-1,[0|0|0|0|0|0|0|0|0|0|0|0]
8562,,9999999,2000000,33000000,31000000,35000000,34000000,36000000,5000000,5000100,5000200,5000300,50000000,52000000,51000000,53000000,-1,-1,-1,-1,60000000,60010000,-1,-1,-1,-1,4000,5000,6000,7000,-1,-1,-1,11009,11009,11009,-1,-1,-1,-1,-1,-1,-1,1,1,0,1,0,1,0,1,0,1,13,10,12,16,12,9,7,10,0,1,1,1,0,0,0,0,0,0,0,255,255,255,255,255,255,255,0,0,1,0,255,255,255,255,0,0,0,0,0,0,1,0,-1,-1,-1,-1,-1,-1,0,0,0,0,0,0,3,3,0,6,255,0,0,0,0,0,0,0,0,0,1,0,0,0,0,255,255,255,255,255,255,255,255,255,255,255,255,65000000,-1,-1,-1,-1,-1,-1,-1,-1,-1,-1,-1,-1,-1,[0|0|0|0|0|0|0|0|0|0|0|0]
8563,,9999999,2000000,33000000,31000000,35000000,34000000,36000000,5000000,5000100,5000200,5000300,50000000,52000000,51000000,53000000,-1,-1,-1,-1,60000000,60010000,-1,-1,-1,-1,4000,5000,6000,7000,-1,-1,-1,11010,11010,11010,-1,-1,-1,-1,-1,-1,-1,1,1,0,1,0,1,0,1,0,1,13,10,12,16,12,9,7,10,0,1,1,1,0,0,0,0,0,0,0,255,255,255,255,255,255,255,0,0,1,0,255,255,255,255,0,0,0,0,0,0,1,0,-1,-1,-1,-1,-1,-1,0,0,0,0,0,0,3,3,0,6,255,0,0,0,0,0,0,0,0,0,1,0,0,0,0,255,255,255,255,255,255,255,255,255,255,255,255,65000000,-1,-1,-1,-1,-1,-1,-1,-1,-1,-1,-1,-1,-1,[0|0|0|0|0|0|0|0|0|0|0|0]
8564,,9999999,2000000,33000000,31000000,35000000,34000000,36000000,5000000,5000100,5000200,5000300,50000000,52000000,51000000,53000000,-1,-1,-1,-1,60000000,60010000,-1,-1,-1,-1,4000,5000,6000,7000,-1,-1,-1,11011,11011,11011,-1,-1,-1,-1,-1,-1,-1,1,1,0,1,0,1,0,1,0,1,13,10,12,16,12,9,7,10,0,1,1,1,0,0,0,0,0,0,0,255,255,255,255,255,255,255,0,0,1,0,255,255,255,255,0,0,0,0,0,0,1,0,-1,-1,-1,-1,-1,-1,0,0,0,0,0,0,3,3,0,6,255,0,0,0,0,0,0,0,0,0,1,0,0,0,0,255,255,255,255,255,255,255,255,255,255,255,255,65000000,-1,-1,-1,-1,-1,-1,-1,-1,-1,-1,-1,-1,-1,[0|0|0|0|0|0|0|0|0|0|0|0]
8566,,9999999,2000000,33000000,31000000,35000000,34000000,36000000,5000000,5000100,5000200,5000300,50000000,52000000,51000000,53000000,-1,-1,-1,-1,60000000,60010000,-1,-1,-1,-1,4000,5000,6000,7000,-1,-1,-1,11013,11013,11013,-1,-1,-1,-1,-1,-1,-1,1,1,0,1,0,1,0,1,0,1,13,10,12,16,12,9,7,10,0,1,1,1,0,0,0,0,0,0,0,255,255,255,255,255,255,255,0,0,1,0,255,255,255,255,0,0,0,0,0,0,1,0,-1,-1,-1,-1,-1,-1,0,0,0,0,0,0,3,3,0,6,255,0,0,0,0,0,0,0,0,0,1,0,0,0,0,255,255,255,255,255,255,255,255,255,255,255,255,65000000,-1,-1,-1,-1,-1,-1,-1,-1,-1,-1,-1,-1,-1,[0|0|0|0|0|0|0|0|0|0|0|0]
8567,,9999999,2000000,33000000,31000000,35000000,34000000,36000000,5000000,5000100,5000200,5000300,50000000,52000000,51000000,53000000,-1,-1,-1,-1,60000000,60010000,-1,-1,-1,-1,4000,5000,6000,7000,-1,-1,-1,11014,11014,11014,-1,-1,-1,-1,-1,-1,-1,1,1,0,1,0,1,0,1,0,1,13,10,12,16,12,9,7,10,0,1,1,1,0,0,0,0,0,0,0,255,255,255,255,255,255,255,0,0,1,0,255,255,255,255,0,0,0,0,0,0,1,0,-1,-1,-1,-1,-1,-1,0,0,0,0,0,0,3,3,0,6,255,0,0,0,0,0,0,0,0,0,1,0,0,0,0,255,255,255,255,255,255,255,255,255,255,255,255,65000000,-1,-1,-1,-1,-1,-1,-1,-1,-1,-1,-1,-1,-1,[0|0|0|0|0|0|0|0|0|0|0|0]
8568,,9999999,2000000,33000000,31000000,35000000,34000000,36000000,5000000,5000100,5000200,5000300,50000000,52000000,51000000,53000000,-1,-1,-1,-1,60000000,60010000,-1,-1,-1,-1,4000,5000,6000,7000,-1,-1,-1,11015,11015,11015,-1,-1,-1,-1,-1,-1,-1,1,1,0,1,0,1,0,1,0,1,13,10,12,16,12,9,7,10,0,1,1,1,0,0,0,0,0,0,0,255,255,255,255,255,255,255,0,0,1,0,255,255,255,255,0,0,0,0,0,0,1,0,-1,-1,-1,-1,-1,-1,0,0,0,0,0,0,3,3,0,6,255,0,0,0,0,0,0,0,0,0,1,0,0,0,0,255,255,255,255,255,255,255,255,255,255,255,255,65000000,-1,-1,-1,-1,-1,-1,-1,-1,-1,-1,-1,-1,-1,[0|0|0|0|0|0|0|0|0|0|0|0]
8569,,9999999,2000000,33000000,31000000,35000000,34000000,36000000,5000000,5000100,5000200,5000300,50000000,52000000,51000000,53000000,-1,-1,-1,-1,60000000,60010000,-1,-1,-1,-1,4000,5000,6000,7000,-1,-1,-1,11016,11016,11016,-1,-1,-1,-1,-1,-1,-1,1,1,0,1,0,1,0,1,0,1,13,10,12,16,12,9,7,10,0,1,1,1,0,0,0,0,0,0,0,255,255,255,255,255,255,255,0,0,1,0,255,255,255,255,0,0,0,0,0,0,1,0,-1,-1,-1,-1,-1,-1,0,0,0,0,0,0,3,3,0,6,255,0,0,0,0,0,0,0,0,0,1,0,0,0,0,255,255,255,255,255,255,255,255,255,255,255,255,65000000,-1,-1,-1,-1,-1,-1,-1,-1,-1,-1,-1,-1,-1,[0|0|0|0|0|0|0|0|0|0|0|0]
8572,,9999999,2000000,33000000,31000000,35000000,34000000,36000000,5000000,5000100,5000200,5000300,50000000,52000000,51000000,53000000,-1,-1,-1,-1,60000000,60010000,-1,-1,-1,-1,4000,5000,6000,7000,-1,-1,-1,11018,11018,11018,-1,-1,-1,-1,-1,-1,-1,1,1,0,1,0,1,0,1,0,1,13,10,12,16,12,9,7,10,0,1,1,1,0,0,0,0,0,0,0,255,255,255,255,255,255,255,0,0,1,0,255,255,255,255,0,0,0,0,0,0,1,0,-1,-1,-1,-1,-1,-1,0,0,0,0,0,0,3,3,0,6,255,0,0,0,0,0,0,0,0,0,1,0,0,0,0,255,255,255,255,255,255,255,255,255,255,255,255,65000000,-1,-1,-1,-1,-1,-1,-1,-1,-1,-1,-1,-1,-1,[0|0|0|0|0|0|0|0|0|0|0|0]
8573,,9999999,2000000,33000000,31000000,35000000,34000000,36000000,5000000,5000100,5000200,5000300,50000000,52000000,51000000,53000000,-1,-1,-1,-1,60000000,60010000,-1,-1,-1,-1,4000,5000,6000,7000,-1,-1,-1,11019,11019,11019,-1,-1,-1,-1,-1,-1,-1,1,1,0,1,0,1,0,1,0,1,13,10,12,16,12,9,7,10,0,1,1,1,0,0,0,0,0,0,0,255,255,255,255,255,255,255,0,0,1,0,255,255,255,255,0,0,0,0,0,0,1,0,-1,-1,-1,-1,-1,-1,0,0,0,0,0,0,3,3,0,6,255,0,0,0,0,0,0,0,0,0,1,0,0,0,0,255,255,255,255,255,255,255,255,255,255,255,255,65000000,-1,-1,-1,-1,-1,-1,-1,-1,-1,-1,-1,-1,-1,[0|0|0|0|0|0|0|0|0|0|0|0]
8574,,9999999,2000000,33000000,31000000,35000000,34000000,36000000,5000000,5000100,5000200,5000300,50000000,52000000,51000000,53000000,-1,-1,-1,-1,60000000,60010000,-1,-1,-1,-1,4000,5000,6000,7000,-1,-1,-1,11020,11020,11020,-1,-1,-1,-1,-1,-1,-1,1,1,0,1,0,1,0,1,0,1,13,10,12,16,12,9,7,10,0,1,1,1,0,0,0,0,0,0,0,255,255,255,255,255,255,255,0,0,1,0,255,255,255,255,0,0,0,0,0,0,1,0,-1,-1,-1,-1,-1,-1,0,0,0,0,0,0,3,3,0,6,255,0,0,0,0,0,0,0,0,0,1,0,0,0,0,255,255,255,255,255,255,255,255,255,255,255,255,65000000,-1,-1,-1,-1,-1,-1,-1,-1,-1,-1,-1,-1,-1,[0|0|0|0|0|0|0|0|0|0|0|0]
8579,,9999999,2000000,33000000,31000000,35000000,34000000,36000000,5000000,5000100,5000200,5000300,50000000,52000000,51000000,53000000,-1,-1,-1,-1,60000000,60010000,-1,-1,-1,-1,4000,5000,6000,7000,-1,-1,-1,11025,11025,11025,-1,-1,-1,-1,-1,-1,-1,1,1,0,1,0,1,0,1,0,1,13,10,12,16,12,9,7,10,0,1,1,1,0,0,0,0,0,0,0,255,255,255,255,255,255,255,0,0,1,0,255,255,255,255,0,0,0,0,0,0,1,0,-1,-1,-1,-1,-1,-1,0,0,0,0,0,0,3,3,0,6,255,0,0,0,0,0,0,0,0,0,1,0,0,0,0,255,255,255,255,255,255,255,255,255,255,255,255,65000000,-1,-1,-1,-1,-1,-1,-1,-1,-1,-1,-1,-1,-1,[0|0|0|0|0|0|0|0|0|0|0|0]
8580,,9999999,2000000,33000000,31000000,35000000,34000000,36000000,5000000,5000100,5000200,5000300,50000000,52000000,51000000,53000000,-1,-1,-1,-1,60000000,60010000,-1,-1,-1,-1,4000,5000,6000,7000,-1,-1,-1,11026,11026,11026,-1,-1,-1,-1,-1,-1,-1,1,1,0,1,0,1,0,1,0,1,13,10,12,16,12,9,7,10,0,1,1,1,0,0,0,0,0,0,0,255,255,255,255,255,255,255,0,0,1,0,255,255,255,255,0,0,0,0,0,0,1,0,-1,-1,-1,-1,-1,-1,0,0,0,0,0,0,3,3,0,6,255,0,0,0,0,0,0,0,0,0,1,0,0,0,0,255,255,255,255,255,255,255,255,255,255,255,255,65000000,-1,-1,-1,-1,-1,-1,-1,-1,-1,-1,-1,-1,-1,[0|0|0|0|0|0|0|0|0|0|0|0]
8581,,9999999,2000000,33000000,31000000,35000000,34000000,36000000,5000000,5000100,5000200,5000300,50000000,52000000,51000000,53000000,-1,-1,-1,-1,60000000,60010000,-1,-1,-1,-1,4000,5000,6000,7000,-1,-1,-1,11027,11027,11027,-1,-1,-1,-1,-1,-1,-1,1,1,0,1,0,1,0,1,0,1,13,10,12,16,12,9,7,10,0,1,1,1,0,0,0,0,0,0,0,255,255,255,255,255,255,255,0,0,1,0,255,255,255,255,0,0,0,0,0,0,1,0,-1,-1,-1,-1,-1,-1,0,0,0,0,0,0,3,3,0,6,255,0,0,0,0,0,0,0,0,0,1,0,0,0,0,255,255,255,255,255,255,255,255,255,255,255,255,65000000,-1,-1,-1,-1,-1,-1,-1,-1,-1,-1,-1,-1,-1,[0|0|0|0|0|0|0|0|0|0|0|0]
8582,,9999999,2000000,33000000,31000000,35000000,34000000,36000000,5000000,5000100,5000200,5000300,50000000,52000000,51000000,53000000,-1,-1,-1,-1,60000000,60010000,-1,-1,-1,-1,4000,5000,6000,7000,-1,-1,-1,11028,11028,11028,-1,-1,-1,-1,-1,-1,-1,1,1,0,1,0,1,0,1,0,1,13,10,12,16,12,9,7,10,0,1,1,1,0,0,0,0,0,0,0,255,255,255,255,255,255,255,0,0,1,0,255,255,255,255,0,0,0,0,0,0,1,0,-1,-1,-1,-1,-1,-1,0,0,0,0,0,0,3,3,0,6,255,0,0,0,0,0,0,0,0,0,1,0,0,0,0,255,255,255,255,255,255,255,255,255,255,255,255,65000000,-1,-1,-1,-1,-1,-1,-1,-1,-1,-1,-1,-1,-1,[0|0|0|0|0|0|0|0|0|0|0|0]
8583,,9999999,2000000,33000000,31000000,35000000,34000000,36000000,5000000,5000100,5000200,5000300,50000000,52000000,51000000,53000000,-1,-1,-1,-1,60000000,60010000,-1,-1,-1,-1,4000,5000,6000,7000,-1,-1,-1,11029,11029,11029,-1,-1,-1,-1,-1,-1,-1,1,1,0,1,0,1,0,1,0,1,13,10,12,16,12,9,7,10,0,1,1,1,0,0,0,0,0,0,0,255,255,255,255,255,255,255,0,0,1,0,255,255,255,255,0,0,0,0,0,0,1,0,-1,-1,-1,-1,-1,-1,0,0,0,0,0,0,3,3,0,6,255,0,0,0,0,0,0,0,0,0,1,0,0,0,0,255,255,255,255,255,255,255,255,255,255,255,255,65000000,-1,-1,-1,-1,-1,-1,-1,-1,-1,-1,-1,-1,-1,[0|0|0|0|0|0|0|0|0|0|0|0]
8584,,9999999,2000000,33000000,31000000,35000000,34000000,36000000,5000000,5000100,5000200,5000300,50000000,52000000,51000000,53000000,-1,-1,-1,-1,60000000,60010000,-1,-1,-1,-1,4000,5000,6000,7000,-1,-1,-1,11030,11030,11030,-1,-1,-1,-1,-1,-1,-1,1,1,0,1,0,1,0,1,0,1,13,10,12,16,12,9,7,10,0,1,1,1,0,0,0,0,0,0,0,255,255,255,255,255,255,255,0,0,1,0,255,255,255,255,0,0,0,0,0,0,1,0,-1,-1,-1,-1,-1,-1,0,0,0,0,0,0,3,3,0,6,255,0,0,0,0,0,0,0,0,0,1,0,0,0,0,255,255,255,255,255,255,255,255,255,255,255,255,65000000,-1,-1,-1,-1,-1,-1,-1,-1,-1,-1,-1,-1,-1,[0|0|0|0|0|0|0|0|0|0|0|0]
8585,,9999999,2000000,33000000,31000000,35000000,34000000,36000000,5000000,5000100,5000200,5000300,50000000,52000000,51000000,53000000,-1,-1,-1,-1,60000000,60010000,-1,-1,-1,-1,4000,5000,6000,7000,-1,-1,-1,11031,11031,11031,-1,-1,-1,-1,-1,-1,-1,1,1,0,1,0,1,0,1,0,1,13,10,12,16,12,9,7,10,0,1,1,1,0,0,0,0,0,0,0,255,255,255,255,255,255,255,0,0,1,0,255,255,255,255,0,0,0,0,0,0,1,0,-1,-1,-1,-1,-1,-1,0,0,0,0,0,0,3,3,0,6,255,0,0,0,0,0,0,0,0,0,1,0,0,0,0,255,255,255,255,255,255,255,255,255,255,255,255,65000000,-1,-1,-1,-1,-1,-1,-1,-1,-1,-1,-1,-1,-1,[0|0|0|0|0|0|0|0|0|0|0|0]
8586,,9999999,2000000,33000000,31000000,35000000,34000000,36000000,5000000,5000100,5000200,5000300,50000000,52000000,51000000,53000000,-1,-1,-1,-1,60000000,60010000,-1,-1,-1,-1,4000,5000,6000,7000,-1,-1,-1,11000,11001,11002,11004,-1,-1,-1,-1,-1,-1,1,1,0,1,0,1,0,1,0,1,13,10,12,16,12,9,7,10,0,1,1,1,1,0,0,0,0,0,0,255,255,255,255,255,255,255,0,0,1,0,255,255,255,255,0,0,0,0,0,0,1,0,-1,-1,-1,-1,-1,-1,0,0,0,0,0,0,3,3,0,6,255,0,0,0,0,0,0,0,0,0,1,0,0,0,0,255,255,255,255,255,255,255,255,255,255,255,255,65000000,-1,-1,-1,-1,-1,-1,-1,-1,-1,-1,-1,-1,-1,[0|0|0|0|0|0|0|0|0|0|0|0]
8587,,9999999,2000000,33000000,31000000,35000000,34000000,36000000,5000000,5000100,5000200,5000300,50000000,52000000,51000000,53000000,-1,-1,-1,-1,60000000,60010000,-1,-1,-1,-1,4000,5000,6000,7000,-1,-1,-1,11006,11007,11008,11009,-1,-1,-1,-1,-1,-1,1,1,0,1,0,1,0,1,0,1,13,10,12,16,12,9,7,10,0,1,1,1,1,0,0,0,0,0,0,255,255,255,255,255,255,255,0,0,1,0,255,255,255,255,0,0,0,0,0,0,1,0,-1,-1,-1,-1,-1,-1,0,0,0,0,0,0,3,3,0,6,255,0,0,0,0,0,0,0,0,0,1,0,0,0,0,255,255,255,255,255,255,255,255,255,255,255,255,65000000,-1,-1,-1,-1,-1,-1,-1,-1,-1,-1,-1,-1,-1,[0|0|0|0|0|0|0|0|0|0|0|0]
8588,,9999999,2000000,33000000,31000000,35000000,34000000,36000000,5000000,5000100,5000200,5000300,50000000,52000000,51000000,53000000,-1,-1,-1,-1,60000000,60010000,-1,-1,-1,-1,4000,5000,6000,7000,-1,-1,-1,11010,11011,11013,11014,-1,-1,-1,-1,-1,-1,1,1,0,1,0,1,0,1,0,1,13,10,12,16,12,9,7,10,0,1,1,1,1,0,0,0,0,0,0,255,255,255,255,255,255,255,0,0,1,0,255,255,255,255,0,0,0,0,0,0,1,0,-1,-1,-1,-1,-1,-1,0,0,0,0,0,0,3,3,0,6,255,0,0,0,0,0,0,0,0,0,1,0,0,0,0,255,255,255,255,255,255,255,255,255,255,255,255,65000000,-1,-1,-1,-1,-1,-1,-1,-1,-1,-1,-1,-1,-1,[0|0|0|0|0|0|0|0|0|0|0|0]
8589,,9999999,2000000,33000000,31000000,35000000,34000000,36000000,5000000,5000100,5000200,5000300,50000000,52000000,51000000,53000000,-1,-1,-1,-1,60000000,60010000,-1,-1,-1,-1,4000,5000,6000,7000,-1,-1,-1,11015,11016,11018,11019,-1,-1,-1,-1,-1,-1,1,1,0,1,0,1,0,1,0,1,13,10,12,16,12,9,7,10,0,1,1,1,1,0,0,0,0,0,0,255,255,255,255,255,255,255,0,0,1,0,255,255,255,255,0,0,0,0,0,0,1,0,-1,-1,-1,-1,-1,-1,0,0,0,0,0,0,3,3,0,6,255,0,0,0,0,0,0,0,0,0,1,0,0,0,0,255,255,255,255,255,255,255,255,255,255,255,255,65000000,-1,-1,-1,-1,-1,-1,-1,-1,-1,-1,-1,-1,-1,[0|0|0|0|0|0|0|0|0|0|0|0]
8590,,9999999,2000000,33000000,31000000,35000000,34000000,36000000,5000000,5000100,5000200,5000300,50000000,52000000,51000000,53000000,-1,-1,-1,-1,60000000,60010000,-1,-1,-1,-1,4000,5000,6000,7000,-1,-1,-1,11020,11025,11026,11028,-1,-1,-1,-1,-1,-1,1,1,0,1,0,1,0,1,0,1,13,10,12,16,12,9,7,10,0,1,1,1,1,0,0,0,0,0,0,255,255,255,255,255,255,255,0,0,1,0,255,255,255,255,0,0,0,0,0,0,1,0,-1,-1,-1,-1,-1,-1,0,0,0,0,0,0,3,3,0,6,255,0,0,0,0,0,0,0,0,0,1,0,0,0,0,255,255,255,255,255,255,255,255,255,255,255,255,65000000,-1,-1,-1,-1,-1,-1,-1,-1,-1,-1,-1,-1,-1,[0|0|0|0|0|0|0|0|0|0|0|0]
8591,,9999999,2000000,33000000,31000000,35000000,34000000,36000000,5000000,5000100,5000200,5000300,50000000,52000000,51000000,53000000,-1,-1,-1,-1,60000000,60010000,-1,-1,-1,-1,4000,5000,6000,7000,-1,-1,-1,11029,11030,11031,-1,-1,-1,-1,-1,-1,-1,1,1,0,1,0,1,0,1,0,1,13,10,12,16,12,9,7,10,0,1,1,1,0,0,0,0,0,0,0,255,255,255,255,255,255,255,0,0,1,0,255,255,255,255,0,0,0,0,0,0,1,0,-1,-1,-1,-1,-1,-1,0,0,0,0,0,0,3,3,0,6,255,0,0,0,0,0,0,0,0,0,1,0,0,0,0,255,255,255,255,255,255,255,255,255,255,255,255,65000000,-1,-1,-1,-1,-1,-1,-1,-1,-1,-1,-1,-1,-1,[0|0|0|0|0|0|0|0|0|0|0|0]
8598,,0,-1,-1,-1,-1,-1,-1,-1,-1,-1,-1,-1,-1,-1,-1,-1,-1,-1,-1,-1,-1,-1,-1,-1,-1,-1,-1,-1,-1,-1,-1,-1,1001,1051,12,11500,-1,-1,-1,-1,-1,-1,0,0,0,0,0,0,0,0,0,0,0,0,0,0,0,0,0,0,0,2,1,1,1,0,0,0,0,0,0,255,255,255,255,255,255,255,0,0,0,0,255,255,255,255,0,0,0,0,0,0,0,0,-1,-1,-1,-1,-1,-1,0,0,0,0,0,0,255,255,0,0,255,0,0,0,0,0,0,0,0,0,1,0,0,0,0,255,255,255,255,255,255,255,255,255,255,255,255,65000000,-1,-1,-1,-1,-1,-1,-1,-1,-1,-1,-1,-1,-1,[0|0|0|0|0|0|0|0|0|0|0|0]
8599,,0,-1,-1,-1,-1,-1,-1,-1,-1,-1,-1,-1,-1,-1,-1,-1,-1,-1,-1,-1,-1,-1,-1,-1,-1,-1,-1,-1,-1,-1,-1,-1,1001,1051,12,11500,-1,-1,-1,-1,-1,-1,0,0,0,0,0,0,0,0,0,0,0,0,0,0,0,0,0,0,0,2,1,1,1,0,0,0,0,0,0,255,255,255,255,255,255,255,0,0,0,0,255,255,255,255,0,0,0,0,0,0,0,0,-1,-1,-1,-1,-1,-1,0,0,0,0,0,0,255,255,0,0,255,0,0,0,0,0,0,0,0,0,1,0,0,0,0,255,255,255,255,255,255,255,255,255,255,255,255,65000000,-1,-1,-1,-1,-1,-1,-1,-1,-1,-1,-1,-1,-1,[0|0|0|0|0|0|0|0|0|0|0|0]
9000,,9999999,3750000,-1,30750000,-1,41000000,-1,5000000,5000100,5000200,5000300,50000000,52000000,51000000,53000000,-1,-1,-1,-1,60000000,60010000,-1,-1,-1,-1,-1,-1,-1,-1,-1,-1,-1,-1,-1,-1,-1,-1,-1,-1,-1,-1,-1,1,1,0,1,0,1,0,1,0,1,12,9,11,16,14,7,10,8,0,0,0,0,0,0,0,0,0,0,0,255,255,255,255,255,255,255,0,0,1,0,255,255,255,255,0,0,0,0,0,0,1,0,-1,-1,-1,-1,-1,-1,0,0,0,0,0,0,3,1,0,6,3,0,0,0,0,0,0,0,0,0,1,0,0,0,0,255,255,255,255,255,255,255,255,255,255,255,255,65000000,-1,-1,-1,-1,-1,-1,-1,-1,-1,-1,-1,-1,-1,[0|0|0|0|0|0|0|0|0|0|0|0]
9070,,0,13000,-1,-1,-1,-1,-1,5000000,5000100,5000200,5000300,50000000,52000000,51000000,53000000,-1,-1,-1,-1,60000000,60010000,-1,-1,-1,-1,-1,-1,-1,-1,-1,-1,-1,1001,130,11500,-1,-1,-1,-1,-1,-1,-1,1,1,0,1,0,1,0,1,0,15,10,10,14,16,13,10,7,4,2,3,1,1,0,0,0,0,0,0,0,255,255,255,255,255,255,255,0,0,1,0,255,255,255,255,0,0,0,0,0,0,0,0,-1,-1,-1,-1,-1,-1,0,0,0,0,0,0,3,3,0,0,255,0,0,0,0,0,0,0,0,0,1,0,0,0,0,255,255,255,255,255,255,255,255,255,255,255,255,65000000,-1,-1,-1,-1,-1,-1,-1,-1,-1,-1,-1,-1,-1,[0|0|0|0|0|0|0|0|0|0|0|0]
9075,,0,1000000,2000000,30000000,31000000,3000000,32050000,5000000,5000100,5000200,5000300,50000000,52000000,51000000,53000000,-1,-1,-1,-1,60000000,60010000,-1,11000,11001,11002,-1,-1,-1,-1,-1,-1,-1,1001,130,212000,150,250,11000,11001,11002,-1,-1,1,1,0,1,0,1,0,1,0,371,50,50,50,50,50,50,50,50,2,3,1,1,99,1,98,98,98,0,0,255,255,255,255,255,255,255,0,0,1,0,255,255,255,255,0,0,0,0,0,0,0,0,115,-1,-1,-1,-1,-1,1,0,0,0,0,0,3,3,0,0,255,0,0,0,0,0,0,0,0,0,1,0,0,0,0,255,255,255,255,255,255,255,255,255,255,255,255,65000000,-1,-1,-1,-1,-1,-1,-1,-1,-1,-1,-1,-1,-1,[0|0|0|0|0|0|0|0|0|0|0|0]
9076,,0,40020000,2000000,30000000,31000000,4000000,32050000,5000000,5000100,5000200,5000300,50000000,52000000,51000000,53000000,-1,-1,-1,-1,60000000,60010000,-1,11000,11001,11002,-1,-1,-1,-1,-1,-1,-1,1001,130,212000,150,250,11000,11001,11002,-1,-1,1,1,0,1,0,1,0,1,0,371,50,50,50,50,50,50,50,50,2,3,1,1,99,1,98,98,98,0,0,255,255,255,255,255,255,255,0,0,1,0,255,255,255,255,0,0,0,0,0,0,0,0,115,-1,-1,-1,-1,-1,1,0,0,0,0,0,3,3,0,0,255,0,0,0,0,0,0,0,0,0,1,0,0,0,0,255,255,255,255,255,255,255,255,255,255,255,255,65000000,-1,-1,-1,-1,-1,-1,-1,-1,-1,-1,-1,-1,-1,[0|0|0|0|0|0|0|0|0|0|0|0]
9090,,50000,2000000,3000000,31000000,41000000,1000000,16000000,5000000,5000100,5000200,5000300,50000000,52000000,51000000,53000000,-1,-1,-1,-1,60000000,60010000,-1,-1,-1,-1,-1,-1,-1,-1,-1,-1,-1,1001,330,310,130,-1,-1,-1,-1,-1,-1,1,1,0,1,0,1,0,1,0,371,50,50,50,50,50,50,50,50,2,3,5,40,1,0,0,0,0,0,0,255,255,255,255,255,255,255,0,0,1,0,255,255,255,255,0,0,0,0,0,0,0,0,-1,-1,-1,-1,-1,-1,0,0,0,0,0,0,3,3,0,0,255,0,0,0,0,0,0,0,0,0,1,0,0,0,0,255,255,255,255,255,255,255,255,255,255,255,255,65000000,-1,-1,-1,-1,-1,-1,-1,-1,-1,-1,-1,-1,-1,[0|0|0|0|0|0|0|0|0|0|0|0]
19995,,0,-1,-1,-1,-1,-1,-1,-1,-1,-1,-1,-1,-1,-1,-1,-1,-1,-1,-1,-1,-1,-1,-1,-1,-1,-1,-1,-1,-1,-1,-1,-1,10000,10001,10002,10010,10011,10012,-1,-1,-1,-1,0,0,0,0,0,0,0,0,0,0,0,0,0,0,0,0,0,0,0,2,2,2,2,2,2,0,0,0,0,255,255,255,255,255,255,255,0,0,0,0,255,255,255,255,0,0,0,0,0,0,0,0,-1,-1,-1,-1,-1,-1,0,0,0,0,0,0,255,255,0,0,255,0,0,0,0,0,0,0,0,0,1,0,0,0,0,255,255,255,255,255,255,255,255,255,255,255,255,65000000,-1,-1,-1,-1,-1,-1,-1,-1,-1,-1,-1,-1,-1,[0|0|0|0|0|0|0|0|0|0|0|0]
19996,,0,-1,-1,-1,-1,-1,-1,-1,-1,-1,-1,-1,-1,-1,-1,-1,-1,-1,-1,-1,-1,-1,-1,-1,-1,-1,-1,-1,-1,-1,-1,-1,1001,11500,12,11001,11100,-1,-1,-1,-1,-1,0,0,0,0,0,0,0,0,0,0,0,0,0,0,0,0,0,0,0,3,1,1,2,2,0,0,0,0,0,255,255,255,255,255,255,255,0,0,0,0,255,255,255,255,0,0,0,0,0,0,0,0,-1,-1,-1,-1,-1,-1,0,0,0,0,0,0,255,255,0,0,255,0,0,0,0,0,0,0,0,0,1,0,0,0,0,255,255,255,255,255,255,255,255,255,255,255,255,65000000,-1,-1,-1,-1,-1,-1,-1,-1,-1,-1,-1,-1,-1,[0|0|0|0|0|0|0|0|0|0|0|0]
19997,,0,-1,-1,-1,-1,-1,-1,-1,-1,-1,-1,-1,-1,-1,-1,-1,-1,-1,-1,-1,-1,-1,-1,-1,-1,-1,-1,-1,-1,-1,-1,-1,10000,10001,10002,10010,10011,10012,-1,-1,-1,-1,0,0,0,0,0,0,0,0,0,0,0,0,0,0,0,0,0,0,0,2,2,2,2,2,2,0,0,0,0,255,255,255,255,255,255,255,0,0,0,0,255,255,255,255,0,0,0,0,0,0,0,0,-1,-1,-1,-1,-1,-1,0,0,0,0,0,0,255,255,0,0,255,0,0,0,0,0,0,0,0,0,1,0,0,0,0,255,255,255,255,255,255,255,255,255,255,255,255,65000000,-1,-1,-1,-1,-1,-1,-1,-1,-1,-1,-1,-1,-1,[0|0|0|0|0|0|0|0|0|0|0|0]
20200,[NPC Ironeye] Traitor,0,-1,-1,-1,-1,-1,-1,5002000,5002500,5002200,5002300,50000000,52000000,51000000,53000000,-1,-1,-1,-1,-1,-1,-1,-1,-1,-1,-1,-1,-1,-1,-1,-1,-1,-1,-1,-1,-1,-1,-1,-1,-1,-1,-1,10,1,0,1,0,1,0,1,0,1,13,10,12,16,12,9,7,10,0,0,0,0,0,0,0,0,0,0,0,255,255,255,255,255,255,255,0,0,0,0,255,255,255,255,0,0,0,0,0,0,3,0,-1,-1,-1,-1,-1,-1,0,0,0,0,0,0,3,1,0,0,3,0,0,0,0,0,0,0,0,0,1,0,0,0,0,255,255,255,255,255,255,255,255,255,255,255,255,-1,-1,-1,-1,-1,-1,-1,-1,-1,-1,-1,-1,-1,-1,[0|0|0|0|0|0|0|0|0|0|0|0]
20300,[NPC Duchess] Priestess,0,-1,-1,-1,-1,-1,-1,5003000,5003500,5003200,5003300,50000000,52000000,51000000,53000000,-1,-1,-1,-1,60300000,60310000,-1,-1,-1,-1,-1,-1,-1,-1,-1,-1,-1,-1,-1,-1,-1,-1,-1,-1,-1,-1,-1,10,1,0,1,0,1,0,1,0,1,13,10,12,16,12,9,7,10,0,0,0,0,0,0,0,0,0,0,0,255,255,255,255,255,255,255,0,0,0,0,255,255,255,255,0,0,0,0,0,0,4,0,-1,-1,-1,-1,-1,-1,0,0,0,0,0,0,3,1,0,0,3,0,0,0,0,0,0,0,0,0,0.96,0,0,0,0,255,255,255,255,255,255,255,255,255,255,255,255,65000000,-1,-1,-1,-1,-1,-1,-1,-1,-1,-1,-1,-1,-1,[0|0|0|0|0|0|0|0|0|0|0|0]
20310,[NPC Duchess] Priestess,0,-1,-1,-1,-1,-1,-1,5003000,5003500,5003200,5003300,50000000,52000000,51000000,53000000,-1,-1,-1,-1,60300000,60310000,-1,-1,-1,-1,-1,-1,-1,-1,-1,-1,-1,-1,-1,-1,-1,-1,-1,-1,-1,-1,-1,28000,1,0,1,0,1,0,1,0,1,13,10,12,16,12,9,7,10,0,0,0,0,0,0,0,0,0,0,0,255,255,255,255,255,255,255,0,0,0,0,255,255,255,255,0,0,0,0,0,0,4,0,-1,-1,-1,-1,-1,-1,0,0,0,0,0,0,3,1,0,0,3,0,0,0,0,0,0,0,0,0,0.96,0,0,0,0,255,255,255,255,255,255,255,255,255,255,255,255,65000000,-1,-1,-1,-1,-1,-1,-1,-1,-1,-1,-1,-1,-1,[0|0|0|0|0|0|0|0|0|0|0|0]
20320,[Duchess],0,-1,-1,-1,-1,-1,-1,5003000,5003100,5003200,5003300,50000000,52000000,51000000,53000000,-1,-1,-1,-1,60300000,60310000,-1,-1,-1,-1,-1,-1,-1,-1,-1,-1,-1,-1,-1,-1,-1,-1,-1,-1,-1,-1,-1,28000,1,0,1,0,1,0,1,0,1,13,10,12,16,12,9,7,10,0,0,0,0,0,0,0,0,0,0,0,255,255,255,255,255,255,255,0,0,0,0,255,255,255,255,0,0,0,0,0,0,4,0,-1,-1,-1,-1,-1,-1,0,0,0,0,0,0,3,1,0,0,3,0,0,0,0,0,0,0,0,0,0.96,0,0,0,0,255,255,255,255,255,255,255,255,255,255,255,255,65000000,-1,-1,-1,-1,-1,-1,-1,-1,-1,-1,-1,-1,-1,[0|0|0|0|0|0|0|0|0|0|0|0]
20500,[Revenant],0,-1,-1,-1,-1,-1,-1,5005000,5005500,5005200,5005300,50000000,52000000,51000000,53000000,-1,-1,-1,-1,60500000,60510000,60520000,-1,-1,-1,-1,-1,-1,-1,-1,-1,-1,-1,-1,-1,-1,-1,-1,-1,-1,-1,-1,12,1,0,1,0,1,0,1,0,1,0,0,0,0,0,0,0,0,0,0,0,0,0,0,0,0,0,0,0,255,255,255,255,255,255,255,0,0,0,0,255,255,255,255,0,0,0,0,0,0,6,2,-1,-1,-1,-1,-1,-1,0,0,0,0,0,0,3,1,0,0,3,0,0,0,0,0,0,0,0,0,0.85,0,0,0,0,255,255,255,255,255,255,255,255,255,255,255,255,65000000,-1,-1,-1,-1,-1,-1,-1,-1,-1,-1,-1,-1,-1,[0|0|0|0|0|0|0|0|0|0|0|0]
20510,[Revenant],0,-1,-1,-1,-1,-1,-1,5005000,5005600,5005200,5005300,50000000,52000000,51000000,53000000,-1,-1,-1,-1,60500000,60510000,60520000,-1,-1,-1,-1,-1,-1,-1,-1,-1,-1,-1,-1,-1,-1,-1,-1,-1,-1,-1,-1,12,1,0,1,0,1,0,1,0,1,0,0,0,0,0,0,0,0,0,0,0,0,0,0,0,0,0,0,0,255,255,255,255,255,255,255,0,0,0,0,255,255,255,255,0,0,0,0,0,0,6,2,-1,-1,-1,-1,-1,-1,0,0,0,0,0,0,3,1,0,0,3,0,0,0,0,0,0,0,0,0,0.85,0,0,0,0,255,255,255,255,255,255,255,255,255,255,255,255,65000000,-1,-1,-1,-1,-1,-1,-1,-1,-1,-1,-1,-1,-1,[0|0|0|0|0|0|0|0|0|0|0|0]
20700,[Executor],0,9750000,-1,-1,-1,-1,-1,5007000,5007100,5007200,5007300,50000000,52000000,51000000,53000000,-1,-1,-1,-1,60700000,-1,-1,-1,-1,-1,-1,-1,-1,-1,-1,-1,-1,-1,-1,-1,-1,-1,-1,-1,-1,-1,-1,10,1,0,1,0,1,0,1,0,1,13,10,12,16,12,9,7,10,0,0,0,0,0,0,0,0,0,0,0,255,255,255,255,255,255,255,0,0,1,0,255,255,255,255,0,0,0,0,0,0,8,0,-1,-1,-1,-1,-1,-1,0,0,0,0,0,0,3,1,0,0,3,0,0,0,0,0,0,0,0,0,1.02,0,0,0,0,255,255,255,255,255,255,255,255,255,255,255,255,65000000,-1,-1,-1,-1,-1,-1,-1,-1,-1,-1,-1,-1,-1,[0|0|0|0|0|0|0|0|0|0|0|0]
21000,[NPC] Dead Maiden,0,-1,-1,-1,-1,-1,-1,1000000,1000100,1000200,1000300,50000000,52000000,51000000,53000000,-1,-1,-1,-1,-1,-1,-1,-1,-1,-1,-1,-1,-1,-1,-1,-1,-1,-1,-1,-1,-1,-1,-1,-1,-1,-1,-1,10,1,0,1,0,1,0,1,0,1,13,10,12,16,12,9,7,10,0,0,0,0,0,0,0,0,0,0,0,255,255,255,255,255,255,255,0,0,0,0,255,255,255,255,0,0,0,0,0,0,0,0,-1,-1,-1,-1,-1,-1,0,0,0,0,0,0,3,1,0,0,3,0,0,0,0,0,0,0,0,0,1,0,0,0,0,255,255,255,255,255,255,255,255,255,255,255,255,-1,-1,-1,-1,-1,-1,-1,-1,-1,-1,-1,-1,-1,-1,[0|0|0|0|0|0|0|0|0|0|0|0]
24997,,0,-1,-1,-1,-1,-1,-1,-1,-1,-1,-1,-1,-1,-1,-1,-1,-1,-1,-1,-1,-1,-1,-1,-1,-1,-1,-1,-1,-1,-1,-1,-1,10000,10001,10002,10010,10011,10012,-1,-1,-1,-1,0,0,0,0,0,0,0,0,0,0,0,0,0,0,0,0,0,0,0,2,2,2,2,2,2,0,0,0,0,255,255,255,255,255,255,255,0,0,0,0,255,255,255,255,0,0,0,0,0,0,0,0,-1,-1,-1,-1,-1,-1,0,0,0,0,0,0,255,255,0,0,255,0,0,0,0,0,0,0,0,0,1,0,0,0,0,255,255,255,255,255,255,255,255,255,255,255,255,65000000,-1,-1,-1,-1,-1,-1,-1,-1,-1,-1,-1,-1,-1,[0|0|0|0|0|0|0|0|0|0|0|0]
24998,,0,-1,-1,-1,-1,-1,-1,-1,-1,-1,-1,-1,-1,-1,-1,-1,-1,-1,-1,-1,-1,-1,-1,-1,-1,-1,-1,-1,-1,-1,-1,-1,10000,10001,10002,10010,10011,10012,-1,-1,-1,-1,0,0,0,0,0,0,0,0,0,0,0,0,0,0,0,0,0,0,0,2,2,2,2,2,2,0,0,0,0,255,255,255,255,255,255,255,0,0,0,0,255,255,255,255,0,0,0,0,0,0,0,0,-1,-1,-1,-1,-1,-1,0,0,0,0,0,0,255,255,0,0,255,0,0,0,0,0,0,0,0,0,1,0,0,0,0,255,255,255,255,255,255,255,255,255,255,255,255,65000000,-1,-1,-1,-1,-1,-1,-1,-1,-1,-1,-1,-1,-1,[0|0|0|0|0|0|0|0|0|0|0|0]
24999,,0,-1,-1,-1,-1,-1,-1,-1,-1,-1,-1,-1,-1,-1,-1,-1,-1,-1,-1,-1,-1,-1,-1,-1,-1,-1,-1,-1,-1,-1,-1,-1,10000,10001,10002,10010,10011,10012,-1,-1,-1,-1,0,0,0,0,0,0,0,0,0,0,0,0,0,0,0,0,0,0,0,2,2,2,2,2,2,0,0,0,0,255,255,255,255,255,255,255,0,0,0,0,255,255,255,255,0,0,0,0,0,0,0,0,-1,-1,-1,-1,-1,-1,0,0,0,0,0,0,255,255,0,0,255,0,0,0,0,0,0,0,0,0,1,0,0,0,0,255,255,255,255,255,255,255,255,255,255,255,255,65000000,-1,-1,-1,-1,-1,-1,-1,-1,-1,-1,-1,-1,-1,[0|0|0|0|0|0|0|0|0|0|0|0]
25000,[Wylder] Tutorial,0,3750000,-1,30750000,-1,-1,-1,5000000,5000100,5000200,5000300,50000000,52000000,51000000,53000000,-1,-1,-1,-1,60000000,60010000,-1,-1,-1,-1,-1,-1,-1,-1,-1,-1,-1,-1,-1,-1,-1,-1,-1,-1,-1,-1,-1,10,1,0,1,0,1,0,1,0,5,0,0,0,0,0,0,0,0,0,0,0,0,0,0,0,0,0,0,0,255,255,255,255,255,255,255,0,0,1,0,255,255,255,255,0,0,0,0,0,0,1,0,-1,-1,-1,-1,-1,-1,0,0,0,0,0,0,3,1,0,0,3,0,0,0,0,0,0,0,0,0,1,0,0,0,0,255,255,255,255,255,255,255,255,255,255,255,255,65000000,-1,-1,-1,-1,-1,-1,-1,-1,-1,-1,-1,-1,-1,[0|0|0|0|0|0|0|0|0|0|0|0]
25010,[Duchess] Tutorial,0,1750000,-1,-1,-1,-1,-1,5003000,5003100,5003200,5003300,50000000,52000000,51000000,53000000,-1,-1,-1,-1,60300000,60310000,-1,-1,-1,-1,-1,-1,-1,-1,-1,-1,-1,-1,-1,-1,-1,-1,-1,-1,-1,-1,-1,10,1,0,1,0,1,0,1,0,4,0,0,0,0,0,0,0,0,0,0,0,0,0,0,0,0,0,0,0,255,255,255,255,255,255,255,0,0,0,0,255,255,255,255,0,0,0,0,0,0,4,0,-1,-1,-1,-1,-1,-1,0,0,0,0,0,0,3,1,0,0,3,0,0,0,0,0,0,0,0,0,0.96,0,0,0,0,255,255,255,255,255,255,255,255,255,255,255,255,65000000,-1,-1,-1,-1,-1,-1,-1,-1,-1,-1,-1,-1,-1,[0|0|0|0|0|0|0|0|0|0|0|0]
25020,,0,5750000,-1,-1,-1,-1,-1,5008000,5008100,5008200,5008300,50000000,52000000,51000000,53000000,-1,-1,-1,-1,60800000,60810000,-1,-1,-1,-1,-1,-1,-1,-1,-1,-1,-1,-1,-1,-1,-1,-1,-1,-1,-1,-1,-1,10,1,0,1,0,1,0,1,0,1,41,17,25,14,18,44,15,50,0,0,0,0,0,0,0,0,0,0,0,255,255,255,255,255,255,255,0,0,1,0,0,0,0,0,0,0,0,0,0,0,9,0,-1,-1,-1,-1,-1,-1,0,0,0,0,0,0,3,1,0,0,3,0,0,0,0,0,0,0,0,0,0.97,0,0,0,0,255,255,255,255,255,255,255,255,255,255,255,255,65000000,-1,-1,-1,-1,-1,-1,-1,-1,-1,-1,-1,-1,-1,[0|0|0|0|0|0|0|0|0|0|0|0]
25030,,0,11750000,-1,-1,-1,-1,-1,5009000,5009100,5009200,5009300,50000000,52000000,51000000,53000000,-1,-1,-1,-1,60900000,60950000,-1,-1,-1,-1,-1,-1,-1,-1,-1,-1,-1,-1,-1,-1,-1,-1,-1,-1,-1,-1,-1,10,1,0,1,0,1,0,1,0,1,50,14,21,41,22,5,41,10,0,0,0,0,0,0,0,0,0,0,0,255,255,255,255,255,255,255,0,0,0,0,0,0,0,0,0,0,0,0,0,0,10,0,-1,-1,-1,-1,-1,-1,0,0,0,0,0,0,3,1,0,0,3,0,0,0,0,0,0,0,0,0,0.99,0,0,0,0,255,255,255,255,255,255,255,255,255,255,255,255,65000000,-1,-1,-1,-1,-1,-1,-1,-1,-1,-1,-1,-1,-1,[0|0|0|0|0|0|0|0|0|0|0|0]
29997,,0,-1,-1,-1,-1,-1,-1,-1,-1,-1,-1,-1,-1,-1,-1,-1,-1,-1,-1,-1,-1,-1,-1,-1,-1,-1,-1,-1,-1,-1,-1,-1,10000,10001,10002,10010,10011,10012,-1,-1,-1,-1,0,0,0,0,0,0,0,0,0,0,0,0,0,0,0,0,0,0,0,2,2,2,2,2,2,0,0,0,0,255,255,255,255,255,255,255,0,0,0,0,255,255,255,255,0,0,0,0,0,0,0,0,-1,-1,-1,-1,-1,-1,0,0,0,0,0,0,255,255,0,0,255,0,0,0,0,0,0,0,0,0,1,0,0,0,0,255,255,255,255,255,255,255,255,255,255,255,255,65000000,-1,-1,-1,-1,-1,-1,-1,-1,-1,-1,-1,-1,-1,[0|0|0|0|0|0|0|0|0|0|0|0]
29998,,0,-1,-1,-1,-1,-1,-1,-1,-1,-1,-1,-1,-1,-1,-1,-1,-1,-1,-1,-1,-1,-1,-1,-1,-1,-1,-1,-1,-1,-1,-1,-1,10000,10001,10002,10010,10011,10012,-1,-1,-1,-1,0,0,0,0,0,0,0,0,0,0,0,0,0,0,0,0,0,0,0,2,2,2,2,2,2,0,0,0,0,255,255,255,255,255,255,255,0,0,0,0,255,255,255,255,0,0,0,0,0,0,0,0,-1,-1,-1,-1,-1,-1,0,0,0,0,0,0,255,255,0,0,255,0,0,0,0,0,0,0,0,0,1,0,0,0,0,255,255,255,255,255,255,255,255,255,255,255,255,65000000,-1,-1,-1,-1,-1,-1,-1,-1,-1,-1,-1,-1,-1,[0|0|0|0|0|0|0|0|0|0|0|0]
29999,,0,-1,-1,-1,-1,-1,-1,-1,-1,-1,-1,-1,-1,-1,-1,-1,-1,-1,-1,-1,-1,-1,-1,-1,-1,-1,-1,-1,-1,-1,-1,-1,10000,10001,10002,10010,10011,10012,-1,-1,-1,-1,0,0,0,0,0,0,0,0,0,0,0,0,0,0,0,0,0,0,0,2,2,2,2,2,2,0,0,0,0,255,255,255,255,255,255,255,0,0,0,0,255,255,255,255,0,0,0,0,0,0,0,0,-1,-1,-1,-1,-1,-1,0,0,0,0,0,0,255,255,0,0,255,0,0,0,0,0,0,0,0,0,1,0,0,0,0,255,255,255,255,255,255,255,255,255,255,255,255,65000000,-1,-1,-1,-1,-1,-1,-1,-1,-1,-1,-1,-1,-1,[0|0|0|0|0|0|0|0|0|0|0|0]
30000,[Wylder] Night Assassin,0,3750000,-1,30750000,-1,-1,-1,5000000,5000100,5000200,5000300,50000000,52000000,51000000,53000000,-1,-1,-1,-1,60000000,60010000,-1,-1,-1,-1,-1,-1,-1,-1,-1,-1,-1,-1,-1,-1,-1,-1,-1,-1,-1,-1,-1,10,1,0,1,0,1,0,1,0,1,52,19,27,50,40,15,15,10,0,0,0,0,0,0,0,0,0,0,0,255,255,255,255,255,255,255,0,0,1,0,0,0,0,0,0,0,0,0,0,0,1,0,-1,-1,-1,-1,-1,-1,0,0,0,0,0,0,3,1,0,0,3,0,0,0,0,0,0,0,0,0,1,0,0,0,0,255,255,255,255,255,255,255,255,255,255,255,255,65000000,-1,-1,-1,-1,-1,-1,-1,-1,-1,-1,-1,-1,-1,[0|0|0|0|0|0|0|0|0|0|0|0]
30100,[Guardian] Night Fallen,0,18750000,-1,32750000,-1,-1,-1,5001000,5001100,5001200,5001300,50000000,52000000,51000000,53000000,-1,-1,-1,-1,60100000,60120000,-1,-1,-1,-1,-1,-1,-1,-1,-1,-1,-1,-1,-1,-1,-1,-1,-1,-1,-1,-1,-1,11,1,0,1,0,1,0,1,0,1,60,14,38,39,29,10,21,10,0,0,0,0,0,0,0,0,0,0,0,255,255,255,255,255,255,255,0,0,1,0,0,0,0,0,0,0,0,0,0,0,2,5,-1,-1,-1,-1,-1,-1,0,0,0,0,0,0,3,1,0,0,3,0,0,0,0,0,0,0,0,0,1.15,0,0,0,0,255,255,255,255,255,255,255,255,255,255,255,255,65000000,-1,-1,-1,-1,-1,-1,-1,-1,-1,-1,-1,-1,-1,[0|0|0|0|0|0|0|0|0|0|0|0]
30200,[Ironeye] Night Hunter,0,41750000,-1,-1,-1,-1,-1,5002000,5002100,5002200,5002300,50030000,52000000,50030000,53000000,-1,-1,-1,-1,60230000,60210000,60220000,-1,-1,-1,-1,-1,-1,-1,-1,-1,-1,1460,1460,1460,-1,-1,-1,-1,-1,-1,-1,10,1,0,1,0,1,0,1,0,1,37,14,28,19,57,7,13,13,0,2,2,2,0,0,0,0,0,0,0,255,255,255,255,255,255,255,0,0,1,0,0,0,0,0,0,0,0,0,0,0,3,2,-1,-1,-1,-1,-1,-1,0,0,0,0,0,0,3,1,0,0,3,0,0,0,0,0,0,0,0,0,1,0,0,0,0,255,255,255,255,255,255,255,255,255,255,255,255,65000000,-1,-1,-1,-1,-1,-1,-1,-1,-1,-1,-1,-1,-1,[0|0|0|0|0|0|0|0|0|0|0|0]
30201,[Ironeye] Night Hunter (Remembrance),0,1760000,-1,41750000,-1,-1,-1,5002000,5002100,5002200,5002300,50030000,52000000,50030000,53000000,-1,-1,-1,-1,60230000,60210000,60220000,-1,-1,-1,-1,-1,-1,-1,-1,-1,-1,3550,1440,340,1750,-1,-1,-1,-1,-1,-1,10,1,0,1,0,1,0,1,0,1,37,14,28,19,57,7,13,13,0,2,2,2,8,0,0,0,0,0,0,255,255,255,255,255,255,255,0,0,1,0,0,0,0,0,0,0,0,0,0,0,3,2,-1,-1,-1,-1,-1,-1,0,0,0,0,0,0,3,1,0,0,3,0,0,0,0,0,0,0,0,0,1,0,0,0,0,255,255,255,255,255,255,255,255,255,255,255,255,65000000,-1,-1,-1,-1,-1,-1,-1,-1,-1,-1,-1,-1,-1,[0|0|0|0|0|0|0|0|0|0|0|0]
30300,[Duchess] Night Thief,0,1750000,-1,-1,-1,-1,-1,5003000,5003100,5003200,5003300,50000000,52000000,51000000,53000000,-1,-1,-1,-1,60300000,60310000,-1,-1,-1,-1,-1,-1,-1,-1,-1,-1,-1,-1,-1,-1,-1,-1,-1,-1,-1,-1,-1,10,1,0,1,0,1,0,1,0,1,39,27,18,11,41,42,27,11,0,0,0,0,0,0,0,0,0,0,0,255,255,255,255,255,255,255,0,0,0,0,0,0,0,0,0,0,0,0,0,0,4,0,-1,-1,-1,-1,-1,-1,0,0,0,0,0,0,3,1,0,0,3,0,0,0,0,0,0,0,0,0,0.96,0,0,0,0,255,255,255,255,255,255,255,255,255,255,255,255,65000000,-1,-1,-1,-1,-1,-1,-1,-1,-1,-1,-1,-1,-1,[0|0|0|0|0|0|0|0|0|0|0|0]
30400,[Raider] Night Raider,0,23750000,-1,-1,-1,-1,-1,5004000,5004100,5004200,5004300,50000000,52000000,51000000,53000000,-1,-1,-1,-1,60400000,60410000,-1,-1,-1,-1,-1,-1,-1,-1,-1,-1,-1,-1,-1,-1,-1,-1,-1,-1,-1,-1,-1,1,1,0,1,0,1,0,1,0,1,56,10,37,68,19,3,12,10,0,0,0,0,0,0,0,0,0,0,0,255,255,255,255,255,255,255,0,0,1,0,0,0,0,0,0,0,0,0,0,0,5,4,-1,-1,-1,-1,-1,-1,0,0,0,0,0,0,3,1,0,0,3,0,0,0,0,0,0,0,0,0,1.12,0,0,0,0,255,255,255,255,255,255,255,255,255,255,255,255,65000000,-1,-1,-1,-1,-1,-1,-1,-1,-1,-1,-1,-1,-1,[0|0|0|0|0|0|0|0|0|0|0|0]
30401,[Raider] White Horn (Remembrance),0,15000000,-1,12060000,-1,-1,-1,5034000,5034400,5034200,5034300,50000000,52000000,51000000,53000000,-1,-1,-1,-1,60400000,60410000,-1,-1,-1,-1,-1,-1,-1,-1,-1,-1,-1,-1,-1,-1,-1,-1,-1,-1,-1,-1,-1,1,1,0,1,0,1,0,1,0,1,56,10,37,68,19,3,12,10,0,0,0,0,0,0,0,0,0,0,0,255,255,255,255,255,255,255,0,0,1,0,0,0,0,0,0,0,0,0,0,0,5,4,-1,-1,-1,-1,-1,-1,0,0,0,0,0,0,3,1,0,0,3,0,0,0,0,0,0,0,0,0,1.12,0,0,0,0,255,255,255,255,255,255,255,255,255,255,255,255,65000000,-1,-1,-1,-1,-1,-1,-1,-1,-1,-1,-1,-1,-1,[0|0|0|0|0|0|0|0|0|0|0|0]
30500,[Revenant] Night Idol,0,21750000,-1,34750000,-1,-1,-1,5005000,5005100,5005200,5005300,50000000,52000000,51000000,53000000,-1,-1,-1,-1,60500000,60510000,60520000,-1,-1,-1,-1,-1,-1,-1,-1,-1,-1,-1,-1,-1,-1,-1,-1,-1,-1,-1,-1,12,1,0,1,0,1,0,1,0,1,34,31,17,21,21,30,51,12,0,0,0,0,0,0,0,0,0,0,0,255,255,255,255,255,255,255,0,0,0,0,0,0,0,0,0,0,0,0,0,0,6,2,-1,-1,-1,-1,-1,-1,0,0,0,0,0,0,3,1,0,0,3,0,0,0,0,0,0,0,0,0,0.85,0,0,0,0,255,255,255,255,255,255,255,255,255,255,255,255,65000000,-1,-1,-1,-1,-1,-1,-1,-1,-1,-1,-1,-1,-1,[0|0|0|0|0|0|0|0|0|0|0|0]
30501,[Revenant] Unlock Fight,0,21760000,-1,34760000,-1,-1,-1,5005000,5005100,5005200,5005300,50000000,52000000,51000000,53000000,-1,-1,-1,-1,60500000,60510000,60520000,-1,-1,-1,-1,-1,-1,-1,-1,-1,-1,-1,-1,-1,-1,-1,-1,-1,-1,-1,-1,12,1,0,1,0,1,0,1,0,1,34,31,17,21,21,30,51,12,0,1,0,0,0,0,0,0,0,0,0,255,255,255,255,255,255,255,0,0,0,0,0,0,0,0,0,0,0,0,0,0,6,2,-1,-1,-1,-1,-1,-1,0,0,0,0,0,0,3,1,0,0,3,0,0,0,0,0,0,0,0,0,0.85,0,0,0,0,255,255,255,255,255,255,255,255,255,255,255,255,65000000,-1,-1,-1,-1,-1,-1,-1,-1,-1,-1,-1,-1,-1,[0|0|0|0|0|0|0|0|0|0|0|0]
30502,[Revenant] Duchess Remembrance,0,21770000,-1,34770000,-1,-1,-1,5005000,5005100,5005200,5005300,50000000,52000000,51000000,53000000,-1,-1,-1,-1,60500000,60510000,60520000,-1,-1,-1,-1,-1,-1,-1,-1,-1,-1,-1,-1,-1,-1,-1,-1,-1,-1,-1,-1,12,1,0,1,0,1,0,1,0,1,34,31,17,21,21,30,51,12,0,1,0,0,0,0,0,0,0,0,0,255,255,255,255,255,255,255,0,0,0,0,0,0,0,0,0,0,0,0,0,0,6,2,-1,-1,-1,-1,-1,-1,0,0,0,0,0,0,3,1,0,0,3,0,0,0,0,0,0,0,0,0,0.85,0,0,0,0,255,255,255,255,255,255,255,255,255,255,255,255,65000000,-1,-1,-1,-1,-1,-1,-1,-1,-1,-1,-1,-1,-1,[0|0|0|0|0|0|0|0|0|0|0|0]
30600,[Recluse] Night Witch,0,33760000,-1,1070000,-1,-1,-1,5006000,5006100,5006200,5006300,50000000,52000000,51000000,53000000,-1,-1,-1,-1,60600000,60610000,-1,-1,-1,-1,-1,-1,-1,-1,-1,-1,-1,3051,-1,-1,-1,-1,-1,-1,-1,-1,-1,13,1,0,1,0,1,0,1,0,1,33,30,23,12,19,51,51,10,0,2,0,0,0,0,0,0,0,0,0,255,255,255,255,255,255,255,0,0,0,0,0,0,0,0,0,0,0,0,0,0,7,0,-1,-1,-1,-1,-1,-1,0,0,0,0,0,0,3,1,0,0,3,0,0,0,0,0,0,0,0,0,1.05,0,0,0,0,255,255,255,255,255,255,255,255,255,255,255,255,65000000,-1,-1,-1,-1,-1,-1,-1,-1,-1,-1,-1,-1,-1,[0|0|0|0|0|0|0|0|0|0|0|0]
30700,[Executor] Night Executor,0,9750000,-1,-1,-1,-1,-1,5007000,5007100,5007200,5007300,50000000,52000000,51000000,53000000,-1,-1,-1,-1,60700000,-1,-1,-1,-1,-1,-1,-1,-1,-1,-1,-1,-1,-1,-1,-1,-1,-1,-1,-1,-1,-1,-1,10,1,0,1,0,1,0,1,0,1,46,11,27,25,63,8,6,28,0,0,0,0,0,0,0,0,0,0,0,255,255,255,255,255,255,255,0,0,1,0,0,0,0,0,0,0,0,0,0,0,8,0,-1,-1,-1,-1,-1,-1,0,0,0,0,0,0,3,1,0,0,3,0,0,0,0,0,0,0,0,0,1.02,0,0,0,0,255,255,255,255,255,255,255,255,255,255,255,255,65000000,-1,-1,-1,-1,-1,-1,-1,-1,-1,-1,-1,-1,-1,[0|0|0|0|0|0|0|0|0|0|0|0]
30701,[Executor] Executor's Cry (Remembrance),0,9750000,-1,-1,-1,-1,-1,5007000,5007100,5007200,5007300,50000000,52000000,51000000,53000000,-1,-1,-1,-1,60700000,-1,-1,-1,-1,-1,-1,-1,-1,-1,-1,-1,-1,-1,-1,-1,-1,-1,-1,-1,-1,-1,-1,10,1,0,1,0,1,0,1,0,1,46,11,27,25,63,8,6,28,0,0,0,0,0,0,0,0,0,0,0,255,255,255,255,255,255,255,0,0,1,0,0,0,0,0,0,0,0,0,0,0,8,0,-1,-1,-1,-1,-1,-1,0,0,0,0,0,0,3,1,0,0,3,0,0,0,0,0,0,0,0,0,1.02,0,0,0,0,255,255,255,255,255,255,255,255,255,255,255,255,65000000,-1,-1,-1,-1,-1,-1,-1,-1,-1,-1,-1,-1,-1,[0|0|0|0|0|0|0|0|0|0|0|0]
30800,[Scholar] Night Deceiver,0,5750000,-1,-1,-1,-1,-1,5008000,5008100,5008200,5008300,50000000,52000000,51000000,53000000,-1,-1,-1,-1,60800000,60810000,-1,-1,-1,-1,-1,-1,-1,-1,-1,-1,-1,3500,3610,670,11002,-1,-1,-1,-1,-1,-1,10,1,0,1,0,1,0,1,0,1,41,17,25,14,18,44,15,50,0,1,1,1,1,0,0,0,0,0,0,255,255,255,255,255,255,255,0,0,1,0,0,0,0,0,0,0,0,0,0,0,9,0,-1,-1,-1,-1,-1,-1,0,0,0,0,0,0,3,1,0,0,3,0,0,0,0,0,0,0,0,0,0.97,0,0,0,0,255,255,255,255,255,255,255,255,255,255,255,255,65000000,-1,-1,-1,-1,-1,-1,-1,-1,-1,-1,-1,-1,-1,[0|0|0|0|0|0|0|0|0|0|0|0]
30900,[Undertaker] Night Profaner,0,11750100,-1,-1,-1,-1,-1,5009000,5009100,5009200,5009300,50000000,52000000,51000000,53000000,-1,-1,-1,-1,60900000,60950000,-1,-1,-1,-1,-1,-1,-1,-1,-1,-1,-1,-1,-1,-1,-1,-1,-1,-1,-1,-1,-1,10,1,0,1,0,1,0,1,0,1,50,14,21,41,22,5,41,10,0,0,0,0,0,0,0,0,0,0,0,255,255,255,255,255,255,255,0,0,0,0,0,0,0,0,0,0,0,0,0,0,10,0,-1,-1,-1,-1,-1,-1,0,0,0,0,0,0,3,1,0,0,3,0,0,0,0,0,0,0,0,0,0.99,0,0,0,0,255,255,255,255,255,255,255,255,255,255,255,255,65000000,-1,-1,-1,-1,-1,-1,-1,-1,-1,-1,-1,-1,-1,[0|0|0|0|0|0|0|0|0|0|0|0]
34997,,0,-1,-1,-1,-1,-1,-1,-1,-1,-1,-1,-1,-1,-1,-1,-1,-1,-1,-1,-1,-1,-1,-1,-1,-1,-1,-1,-1,-1,-1,-1,-1,10000,10001,10002,10010,10011,10012,-1,-1,-1,-1,0,0,0,0,0,0,0,0,0,0,0,0,0,0,0,0,0,0,0,2,2,2,2,2,2,0,0,0,0,255,255,255,255,255,255,255,0,0,0,0,255,255,255,255,0,0,0,0,0,0,0,0,-1,-1,-1,-1,-1,-1,0,0,0,0,0,0,255,255,0,0,255,0,0,0,0,0,0,0,0,0,1,0,0,0,0,255,255,255,255,255,255,255,255,255,255,255,255,65000000,-1,-1,-1,-1,-1,-1,-1,-1,-1,-1,-1,-1,-1,[0|0|0|0|0|0|0|0|0|0|0|0]
34998,,0,-1,-1,-1,-1,-1,-1,-1,-1,-1,-1,-1,-1,-1,-1,-1,-1,-1,-1,-1,-1,-1,-1,-1,-1,-1,-1,-1,-1,-1,-1,-1,10000,10001,10002,10010,10011,10012,-1,-1,-1,-1,0,0,0,0,0,0,0,0,0,0,0,0,0,0,0,0,0,0,0,2,2,2,2,2,2,0,0,0,0,255,255,255,255,255,255,255,0,0,0,0,255,255,255,255,0,0,0,0,0,0,0,0,-1,-1,-1,-1,-1,-1,0,0,0,0,0,0,255,255,0,0,255,0,0,0,0,0,0,0,0,0,1,0,0,0,0,255,255,255,255,255,255,255,255,255,255,255,255,65000000,-1,-1,-1,-1,-1,-1,-1,-1,-1,-1,-1,-1,-1,[0|0|0|0|0|0|0|0|0|0|0|0]
34999,,0,-1,-1,-1,-1,-1,-1,-1,-1,-1,-1,-1,-1,-1,-1,-1,-1,-1,-1,-1,-1,-1,-1,-1,-1,-1,-1,-1,-1,-1,-1,-1,10000,10001,10002,10010,10011,10012,-1,-1,-1,-1,0,0,0,0,0,0,0,0,0,0,0,0,0,0,0,0,0,0,0,2,2,2,2,2,2,0,0,0,0,255,255,255,255,255,255,255,0,0,0,0,255,255,255,255,0,0,0,0,0,0,0,0,-1,-1,-1,-1,-1,-1,0,0,0,0,0,0,255,255,0,0,255,0,0,0,0,0,0,0,0,0,1,0,0,0,0,255,255,255,255,255,255,255,255,255,255,255,255,65000000,-1,-1,-1,-1,-1,-1,-1,-1,-1,-1,-1,-1,-1,[0|0|0|0|0|0|0|0|0|0|0|0]
35000,[Libra Wylder 1] Default,0,71111000,-1,72111000,-1,-1,-1,5000000,5000100,5000200,5000300,50000000,52000000,51000000,53000000,-1,-1,-1,-1,60000000,60010000,-1,-1,-1,-1,-1,-1,-1,-1,-1,-1,-1,-1,-1,-1,-1,-1,-1,-1,-1,-1,-1,10,1,0,1,0,1,0,1,0,15,52,19,27,50,40,15,15,10,0,0,0,0,0,0,0,0,0,0,0,255,255,255,255,255,255,255,0,0,1,0,255,255,255,255,0,0,0,0,0,0,1,0,-1,-1,-1,-1,-1,-1,0,0,0,0,0,0,3,1,0,0,3,0,0,0,0,0,0,0,0,0,1,0,0,0,0,255,255,255,255,255,255,255,255,255,255,255,255,65000000,49000,-1,-1,-1,-1,-1,-1,-1,-1,-1,-1,-1,-1,[0|0|0|0|0|0|0|0|0|0|0|0]
35001,[Libra Wylder 1] Dawn,0,71111000,-1,72111000,-1,-1,-1,5010000,5010100,5010200,5010300,50000000,52000000,51000000,53000000,-1,-1,-1,-1,60000000,60010000,-1,-1,-1,-1,-1,-1,-1,-1,-1,-1,-1,-1,-1,-1,-1,-1,-1,-1,-1,-1,-1,10,1,0,1,0,1,0,1,0,15,52,19,27,50,40,15,15,10,0,0,0,0,0,0,0,0,0,0,0,255,255,255,255,255,255,255,0,0,1,0,255,255,255,255,0,0,0,0,0,0,1,0,-1,-1,-1,-1,-1,-1,0,0,0,0,0,0,3,1,0,0,3,0,0,0,0,0,0,0,0,0,1,0,0,0,0,255,255,255,255,255,255,255,255,255,255,255,255,65000000,49010,-1,-1,-1,-1,-1,-1,-1,-1,-1,-1,-1,-1,[0|0|0|0|0|0|0|0|0|0|0|0]
35002,[Libra Wylder 1] Darkness,0,71111000,-1,72111000,-1,-1,-1,5020000,5020100,5020200,5020300,50000000,52000000,51000000,53000000,-1,-1,-1,-1,60000000,60010000,-1,-1,-1,-1,-1,-1,-1,-1,-1,-1,-1,-1,-1,-1,-1,-1,-1,-1,-1,-1,-1,10,1,0,1,0,1,0,1,0,15,52,19,27,50,40,15,15,10,0,0,0,0,0,0,0,0,0,0,0,255,255,255,255,255,255,255,0,0,1,0,255,255,255,255,0,0,0,0,0,0,1,0,-1,-1,-1,-1,-1,-1,0,0,0,0,0,0,3,1,0,0,3,0,0,0,0,0,0,0,0,0,1,0,0,0,0,255,255,255,255,255,255,255,255,255,255,255,255,65000000,49020,-1,-1,-1,-1,-1,-1,-1,-1,-1,-1,-1,-1,[0|0|0|0|0|0|0|0|0|0|0|0]
35003,[Libra Wylder 1] Remembrance,0,71111000,-1,72111000,-1,-1,-1,5030000,5030100,5030200,5030300,50000000,52000000,51000000,53000000,-1,-1,-1,-1,60000000,60010000,-1,-1,-1,-1,-1,-1,-1,-1,-1,-1,-1,-1,-1,-1,-1,-1,-1,-1,-1,-1,-1,10,1,0,1,0,1,0,1,0,15,52,19,27,50,40,15,15,10,0,0,0,0,0,0,0,0,0,0,0,255,255,255,255,255,255,255,0,0,1,0,255,255,255,255,0,0,0,0,0,0,1,0,-1,-1,-1,-1,-1,-1,0,0,0,0,0,0,3,1,0,0,3,0,0,0,0,0,0,0,0,0,1,0,0,0,0,255,255,255,255,255,255,255,255,255,255,255,255,65000000,49030,-1,-1,-1,-1,-1,-1,-1,-1,-1,-1,-1,-1,[0|0|0|0|0|0|0|0|0|0|0|0]
35004,[Libra Wylder 1] Abysswalker,0,71111000,-1,72111000,-1,-1,-1,5050000,5050100,5050200,5050300,50000000,52000000,51000000,53000000,-1,-1,-1,-1,60000000,60010000,-1,-1,-1,-1,-1,-1,-1,-1,-1,-1,-1,-1,-1,-1,-1,-1,-1,-1,-1,-1,-1,10,1,0,1,0,1,0,1,0,15,52,19,27,50,40,15,15,10,0,0,0,0,0,0,0,0,0,0,0,255,255,255,255,255,255,255,0,0,1,0,255,255,255,255,0,0,0,0,0,0,1,0,-1,-1,-1,-1,-1,-1,0,0,0,0,0,0,3,1,0,0,3,0,0,0,0,0,0,0,0,0,1,0,0,0,0,255,255,255,255,255,255,255,255,255,255,255,255,65000000,49050,-1,-1,-1,-1,-1,-1,-1,-1,-1,-1,-1,-1,[0|0|0|0|0|0|0|0|0|0|0|0]
35005,[Libra Wylder 1] Lion Knight,0,71111000,-1,72111000,-1,-1,-1,5060000,5060100,5060200,5060300,50000000,52000000,51000000,53000000,-1,-1,-1,-1,60000000,60010000,-1,-1,-1,-1,-1,-1,-1,-1,-1,-1,-1,-1,-1,-1,-1,-1,-1,-1,-1,-1,-1,10,1,0,1,0,1,0,1,0,15,52,19,27,50,40,15,15,10,0,0,0,0,0,0,0,0,0,0,0,255,255,255,255,255,255,255,0,0,1,0,255,255,255,255,0,0,0,0,0,0,1,0,-1,-1,-1,-1,-1,-1,0,0,0,0,0,0,3,1,0,0,3,0,0,0,0,0,0,0,0,0,1,0,0,0,0,255,255,255,255,255,255,255,255,255,255,255,255,65000000,49060,-1,-1,-1,-1,-1,-1,-1,-1,-1,-1,-1,-1,[0|0|0|0|0|0|0|0|0|0|0|0]
35010,[Libra Wylder 2] Default,0,70315000,-1,73205000,-1,-1,-1,5000000,5000100,5000200,5000300,50000000,52000000,51000000,53000000,-1,-1,-1,-1,60000000,60010000,-1,-1,-1,-1,-1,-1,-1,-1,-1,-1,-1,3550,-1,-1,-1,-1,-1,-1,-1,-1,-1,10,1,0,1,0,1,0,1,0,15,52,19,27,50,40,15,15,10,0,2,0,0,0,0,0,0,0,0,0,255,255,255,255,255,255,255,0,0,1,0,255,255,255,255,0,0,0,0,0,0,1,0,-1,-1,-1,-1,-1,-1,0,0,0,0,0,0,3,1,0,0,3,0,0,0,0,0,0,0,0,0,1,0,0,0,0,255,255,255,255,255,255,255,255,255,255,255,255,65000000,49000,-1,-1,-1,-1,-1,-1,-1,-1,-1,-1,-1,-1,[0|0|0|0|0|0|0|0|0|0|0|0]
35011,[Libra Wylder 2] Dawn,0,70315000,-1,73205000,-1,-1,-1,5010000,5010100,5010200,5010300,50000000,52000000,51000000,53000000,-1,-1,-1,-1,60000000,60010000,-1,-1,-1,-1,-1,-1,-1,-1,-1,-1,-1,3550,-1,-1,-1,-1,-1,-1,-1,-1,-1,10,1,0,1,0,1,0,1,0,15,52,19,27,50,40,15,15,10,0,2,0,0,0,0,0,0,0,0,0,255,255,255,255,255,255,255,0,0,1,0,255,255,255,255,0,0,0,0,0,0,1,0,-1,-1,-1,-1,-1,-1,0,0,0,0,0,0,3,1,0,0,3,0,0,0,0,0,0,0,0,0,1,0,0,0,0,255,255,255,255,255,255,255,255,255,255,255,255,65000000,49010,-1,-1,-1,-1,-1,-1,-1,-1,-1,-1,-1,-1,[0|0|0|0|0|0|0|0|0|0|0|0]
35012,[Libra Wylder 2] Darkness,0,70315000,-1,73205000,-1,-1,-1,5020000,5020100,5020200,5020300,50000000,52000000,51000000,53000000,-1,-1,-1,-1,60000000,60010000,-1,-1,-1,-1,-1,-1,-1,-1,-1,-1,-1,3550,-1,-1,-1,-1,-1,-1,-1,-1,-1,10,1,0,1,0,1,0,1,0,15,52,19,27,50,40,15,15,10,0,2,0,0,0,0,0,0,0,0,0,255,255,255,255,255,255,255,0,0,1,0,255,255,255,255,0,0,0,0,0,0,1,0,-1,-1,-1,-1,-1,-1,0,0,0,0,0,0,3,1,0,0,3,0,0,0,0,0,0,0,0,0,1,0,0,0,0,255,255,255,255,255,255,255,255,255,255,255,255,65000000,49020,-1,-1,-1,-1,-1,-1,-1,-1,-1,-1,-1,-1,[0|0|0|0|0|0|0|0|0|0|0|0]
35013,[Libra Wylder 2] Remembrance,0,70315000,-1,73205000,-1,-1,-1,5030000,5030100,5030200,5030300,50000000,52000000,51000000,53000000,-1,-1,-1,-1,60000000,60010000,-1,-1,-1,-1,-1,-1,-1,-1,-1,-1,-1,3550,-1,-1,-1,-1,-1,-1,-1,-1,-1,10,1,0,1,0,1,0,1,0,15,52,19,27,50,40,15,15,10,0,2,0,0,0,0,0,0,0,0,0,255,255,255,255,255,255,255,0,0,1,0,255,255,255,255,0,0,0,0,0,0,1,0,-1,-1,-1,-1,-1,-1,0,0,0,0,0,0,3,1,0,0,3,0,0,0,0,0,0,0,0,0,1,0,0,0,0,255,255,255,255,255,255,255,255,255,255,255,255,65000000,49030,-1,-1,-1,-1,-1,-1,-1,-1,-1,-1,-1,-1,[0|0|0|0|0|0|0|0|0|0|0|0]
35014,[Libra Wylder 2] Abysswalker,0,70315000,-1,73205000,-1,-1,-1,5050000,5050100,5050200,5050300,50000000,52000000,51000000,53000000,-1,-1,-1,-1,60000000,60010000,-1,-1,-1,-1,-1,-1,-1,-1,-1,-1,-1,3550,-1,-1,-1,-1,-1,-1,-1,-1,-1,10,1,0,1,0,1,0,1,0,15,52,19,27,50,40,15,15,10,0,2,0,0,0,0,0,0,0,0,0,255,255,255,255,255,255,255,0,0,1,0,255,255,255,255,0,0,0,0,0,0,1,0,-1,-1,-1,-1,-1,-1,0,0,0,0,0,0,3,1,0,0,3,0,0,0,0,0,0,0,0,0,1,0,0,0,0,255,255,255,255,255,255,255,255,255,255,255,255,65000000,49050,-1,-1,-1,-1,-1,-1,-1,-1,-1,-1,-1,-1,[0|0|0|0|0|0|0|0|0|0|0|0]
35015,[Libra Wylder 2] Lion Knight,0,70315000,-1,73205000,-1,-1,-1,5060000,5060100,5060200,5060300,50000000,52000000,51000000,53000000,-1,-1,-1,-1,60000000,60010000,-1,-1,-1,-1,-1,-1,-1,-1,-1,-1,-1,3550,-1,-1,-1,-1,-1,-1,-1,-1,-1,10,1,0,1,0,1,0,1,0,15,52,19,27,50,40,15,15,10,0,2,0,0,0,0,0,0,0,0,0,255,255,255,255,255,255,255,0,0,1,0,255,255,255,255,0,0,0,0,0,0,1,0,-1,-1,-1,-1,-1,-1,0,0,0,0,0,0,3,1,0,0,3,0,0,0,0,0,0,0,0,0,1,0,0,0,0,255,255,255,255,255,255,255,255,255,255,255,255,65000000,49060,-1,-1,-1,-1,-1,-1,-1,-1,-1,-1,-1,-1,[0|0|0|0|0|0|0|0|0|0|0|0]
35020,[Libra Wylder 3] Default,0,74203000,-1,71707000,-1,-1,-1,5000000,5000100,5000200,5000300,50000000,52000000,51000000,53000000,-1,-1,-1,-1,60000000,60010000,-1,-1,-1,-1,-1,-1,-1,-1,-1,-1,-1,-1,-1,-1,-1,-1,-1,-1,-1,-1,-1,10,1,0,1,0,1,0,1,0,15,52,19,27,50,40,15,15,10,0,0,0,0,0,0,0,0,0,0,0,255,255,255,255,255,255,255,0,0,1,0,255,255,255,255,0,0,0,0,0,0,1,0,-1,-1,-1,-1,-1,-1,0,0,0,0,0,0,3,1,0,0,3,0,0,0,0,0,0,0,0,0,1,0,0,0,0,255,255,255,255,255,255,255,255,255,255,255,255,65000000,49000,-1,-1,-1,-1,-1,-1,-1,-1,-1,-1,-1,-1,[0|0|0|0|0|0|0|0|0|0|0|0]
35021,[Libra Wylder 3] Dawn,0,74203000,-1,71707000,-1,-1,-1,5010000,5010100,5010200,5010300,50000000,52000000,51000000,53000000,-1,-1,-1,-1,60000000,60010000,-1,-1,-1,-1,-1,-1,-1,-1,-1,-1,-1,-1,-1,-1,-1,-1,-1,-1,-1,-1,-1,10,1,0,1,0,1,0,1,0,15,52,19,27,50,40,15,15,10,0,0,0,0,0,0,0,0,0,0,0,255,255,255,255,255,255,255,0,0,1,0,255,255,255,255,0,0,0,0,0,0,1,0,-1,-1,-1,-1,-1,-1,0,0,0,0,0,0,3,1,0,0,3,0,0,0,0,0,0,0,0,0,1,0,0,0,0,255,255,255,255,255,255,255,255,255,255,255,255,65000000,49010,-1,-1,-1,-1,-1,-1,-1,-1,-1,-1,-1,-1,[0|0|0|0|0|0|0|0|0|0|0|0]
35022,[Libra Wylder 3] Darkness,0,74203000,-1,71707000,-1,-1,-1,5020000,5020100,5020200,5020300,50000000,52000000,51000000,53000000,-1,-1,-1,-1,60000000,60010000,-1,-1,-1,-1,-1,-1,-1,-1,-1,-1,-1,-1,-1,-1,-1,-1,-1,-1,-1,-1,-1,10,1,0,1,0,1,0,1,0,15,52,19,27,50,40,15,15,10,0,0,0,0,0,0,0,0,0,0,0,255,255,255,255,255,255,255,0,0,1,0,255,255,255,255,0,0,0,0,0,0,1,0,-1,-1,-1,-1,-1,-1,0,0,0,0,0,0,3,1,0,0,3,0,0,0,0,0,0,0,0,0,1,0,0,0,0,255,255,255,255,255,255,255,255,255,255,255,255,65000000,49020,-1,-1,-1,-1,-1,-1,-1,-1,-1,-1,-1,-1,[0|0|0|0|0|0|0|0|0|0|0|0]
35023,[Libra Wylder 3] Remembrance,0,74203000,-1,71707000,-1,-1,-1,5030000,5030100,5030200,5030300,50000000,52000000,51000000,53000000,-1,-1,-1,-1,60000000,60010000,-1,-1,-1,-1,-1,-1,-1,-1,-1,-1,-1,-1,-1,-1,-1,-1,-1,-1,-1,-1,-1,10,1,0,1,0,1,0,1,0,15,52,19,27,50,40,15,15,10,0,0,0,0,0,0,0,0,0,0,0,255,255,255,255,255,255,255,0,0,1,0,255,255,255,255,0,0,0,0,0,0,1,0,-1,-1,-1,-1,-1,-1,0,0,0,0,0,0,3,1,0,0,3,0,0,0,0,0,0,0,0,0,1,0,0,0,0,255,255,255,255,255,255,255,255,255,255,255,255,65000000,49030,-1,-1,-1,-1,-1,-1,-1,-1,-1,-1,-1,-1,[0|0|0|0|0|0|0|0|0|0|0|0]
35024,[Libra Wylder 3] Abysswalker,0,74203000,-1,71707000,-1,-1,-1,5050000,5050100,5050200,5050300,50000000,52000000,51000000,53000000,-1,-1,-1,-1,60000000,60010000,-1,-1,-1,-1,-1,-1,-1,-1,-1,-1,-1,-1,-1,-1,-1,-1,-1,-1,-1,-1,-1,10,1,0,1,0,1,0,1,0,15,52,19,27,50,40,15,15,10,0,0,0,0,0,0,0,0,0,0,0,255,255,255,255,255,255,255,0,0,1,0,255,255,255,255,0,0,0,0,0,0,1,0,-1,-1,-1,-1,-1,-1,0,0,0,0,0,0,3,1,0,0,3,0,0,0,0,0,0,0,0,0,1,0,0,0,0,255,255,255,255,255,255,255,255,255,255,255,255,65000000,49050,-1,-1,-1,-1,-1,-1,-1,-1,-1,-1,-1,-1,[0|0|0|0|0|0|0|0|0|0|0|0]
35025,[Libra Wylder 3] Lion Knight,0,74203000,-1,71707000,-1,-1,-1,5060000,5060100,5060200,5060300,50000000,52000000,51000000,53000000,-1,-1,-1,-1,60000000,60010000,-1,-1,-1,-1,-1,-1,-1,-1,-1,-1,-1,-1,-1,-1,-1,-1,-1,-1,-1,-1,-1,10,1,0,1,0,1,0,1,0,15,52,19,27,50,40,15,15,10,0,0,0,0,0,0,0,0,0,0,0,255,255,255,255,255,255,255,0,0,1,0,255,255,255,255,0,0,0,0,0,0,1,0,-1,-1,-1,-1,-1,-1,0,0,0,0,0,0,3,1,0,0,3,0,0,0,0,0,0,0,0,0,1,0,0,0,0,255,255,255,255,255,255,255,255,255,255,255,255,65000000,49060,-1,-1,-1,-1,-1,-1,-1,-1,-1,-1,-1,-1,[0|0|0|0|0|0|0|0|0|0|0|0]
35100,[Libra Guardian 1] Default,0,71804000,-1,73123000,-1,-1,-1,5001000,5001100,5001200,5001300,50000000,52000000,51000000,53000000,-1,-1,-1,-1,60100000,60120000,-1,-1,-1,-1,-1,-1,-1,-1,-1,-1,-1,-1,-1,-1,-1,-1,-1,-1,-1,-1,-1,11,1,0,1,0,1,0,1,0,15,60,14,38,39,29,10,21,10,0,0,0,0,0,0,0,0,0,0,0,255,255,255,255,255,255,255,0,0,1,0,255,255,255,255,0,0,0,0,0,0,2,5,-1,-1,-1,-1,-1,-1,0,0,0,0,0,0,3,1,0,0,3,0,0,0,0,0,0,0,0,0,1.15,0,0,0,0,255,255,255,255,255,255,255,255,255,255,255,255,65000000,49100,-1,-1,-1,-1,-1,-1,-1,-1,-1,-1,-1,-1,[0|0|0|0|0|0|0|0|0|0|0|0]
35101,[Libra Guardian 1] Dawn,0,71804000,-1,73123000,-1,-1,-1,5011000,5011100,5011200,5011300,50000000,52000000,51000000,53000000,-1,-1,-1,-1,60100000,60120000,-1,-1,-1,-1,-1,-1,-1,-1,-1,-1,-1,-1,-1,-1,-1,-1,-1,-1,-1,-1,-1,11,1,0,1,0,1,0,1,0,15,60,14,38,39,29,10,21,10,0,0,0,0,0,0,0,0,0,0,0,255,255,255,255,255,255,255,0,0,1,0,255,255,255,255,0,0,0,0,0,0,2,5,-1,-1,-1,-1,-1,-1,0,0,0,0,0,0,3,1,0,0,3,0,0,0,0,0,0,0,0,0,1.15,0,0,0,0,255,255,255,255,255,255,255,255,255,255,255,255,65000000,49110,-1,-1,-1,-1,-1,-1,-1,-1,-1,-1,-1,-1,[0|0|0|0|0|0|0|0|0|0|0|0]
35102,[Libra Guardian 1] Darkness,0,71804000,-1,73123000,-1,-1,-1,5021000,5021100,5021200,5021300,50000000,52000000,51000000,53000000,-1,-1,-1,-1,60100000,60120000,-1,-1,-1,-1,-1,-1,-1,-1,-1,-1,-1,-1,-1,-1,-1,-1,-1,-1,-1,-1,-1,11,1,0,1,0,1,0,1,0,15,60,14,38,39,29,10,21,10,0,0,0,0,0,0,0,0,0,0,0,255,255,255,255,255,255,255,0,0,1,0,255,255,255,255,0,0,0,0,0,0,2,5,-1,-1,-1,-1,-1,-1,0,0,0,0,0,0,3,1,0,0,3,0,0,0,0,0,0,0,0,0,1.15,0,0,0,0,255,255,255,255,255,255,255,255,255,255,255,255,65000000,49120,-1,-1,-1,-1,-1,-1,-1,-1,-1,-1,-1,-1,[0|0|0|0|0|0|0|0|0|0|0|0]
35103,[Libra Guardian 1] Remembrance,0,71804000,-1,73123000,-1,-1,-1,5031000,5031100,5031200,5031300,50000000,52000000,51000000,53000000,-1,-1,-1,-1,60100000,60120000,-1,-1,-1,-1,-1,-1,-1,-1,-1,-1,-1,-1,-1,-1,-1,-1,-1,-1,-1,-1,-1,11,1,0,1,0,1,0,1,0,15,60,14,38,39,29,10,21,10,0,0,0,0,0,0,0,0,0,0,0,255,255,255,255,255,255,255,0,0,1,0,255,255,255,255,0,0,0,0,0,0,2,5,-1,-1,-1,-1,-1,-1,0,0,0,0,0,0,3,1,0,0,3,0,0,0,0,0,0,0,0,0,1.15,0,0,0,0,255,255,255,255,255,255,255,255,255,255,255,255,65000000,49130,-1,-1,-1,-1,-1,-1,-1,-1,-1,-1,-1,-1,[0|0|0|0|0|0|0|0|0|0|0|0]
35104,[Libra Guardian 1] Sunlight Knight,0,71804000,-1,73123000,-1,-1,-1,5051000,5051100,5051200,5051300,50000000,52000000,51000000,53000000,-1,-1,-1,-1,60100000,60120000,-1,-1,-1,-1,-1,-1,-1,-1,-1,-1,-1,-1,-1,-1,-1,-1,-1,-1,-1,-1,-1,11,1,0,1,0,1,0,1,0,15,60,14,38,39,29,10,21,10,0,0,0,0,0,0,0,0,0,0,0,255,255,255,255,255,255,255,0,0,1,0,255,255,255,255,0,0,0,0,0,0,2,5,-1,-1,-1,-1,-1,-1,0,0,0,0,0,0,3,1,0,0,3,0,0,0,0,0,0,0,0,0,1.15,0,0,0,0,255,255,255,255,255,255,255,255,255,255,255,255,65000000,49150,-1,-1,-1,-1,-1,-1,-1,-1,-1,-1,-1,-1,[0|0|0|0|0|0|0|0|0|0|0|0]
35105,[Libra Guardian 1] Wayfarer,0,71804000,-1,73123000,-1,-1,-1,5061000,5061100,5061200,5061300,50000000,52000000,51000000,53000000,-1,-1,-1,-1,60100000,60120000,-1,-1,-1,-1,-1,-1,-1,-1,-1,-1,-1,-1,-1,-1,-1,-1,-1,-1,-1,-1,-1,11,1,0,1,0,1,0,1,0,15,60,14,38,39,29,10,21,10,0,0,0,0,0,0,0,0,0,0,0,255,255,255,255,255,255,255,0,0,1,0,255,255,255,255,0,0,0,0,0,0,2,5,-1,-1,-1,-1,-1,-1,0,0,0,0,0,0,3,1,0,0,3,0,0,0,0,0,0,0,0,0,1.15,0,0,0,0,255,255,255,255,255,255,255,255,255,255,255,255,65000000,49160,-1,-1,-1,-1,-1,-1,-1,-1,-1,-1,-1,-1,[0|0|0|0|0|0|0|0|0|0|0|0]
35110,[Libra Guardian 2] Default,0,71609000,-1,73204000,-1,-1,-1,5001000,5001100,5001200,5001300,50000000,52000000,51000000,53000000,-1,-1,-1,-1,60100000,60120000,-1,-1,-1,-1,-1,-1,-1,-1,-1,-1,-1,-1,-1,-1,-1,-1,-1,-1,-1,-1,-1,11,1,0,1,0,1,0,1,0,15,60,14,38,39,29,10,21,10,0,0,0,0,0,0,0,0,0,0,0,255,255,255,255,255,255,255,0,0,1,0,255,255,255,255,0,0,0,0,0,0,2,5,-1,-1,-1,-1,-1,-1,0,0,0,0,0,0,3,1,0,0,3,0,0,0,0,0,0,0,0,0,1.15,0,0,0,0,255,255,255,255,255,255,255,255,255,255,255,255,65000000,49100,-1,-1,-1,-1,-1,-1,-1,-1,-1,-1,-1,-1,[0|0|0|0|0|0|0|0|0|0|0|0]
35111,[Libra Guardian 2] Dawn,0,71609000,-1,73204000,-1,-1,-1,5011000,5011100,5011200,5011300,50000000,52000000,51000000,53000000,-1,-1,-1,-1,60100000,60120000,-1,-1,-1,-1,-1,-1,-1,-1,-1,-1,-1,-1,-1,-1,-1,-1,-1,-1,-1,-1,-1,11,1,0,1,0,1,0,1,0,15,60,14,38,39,29,10,21,10,0,0,0,0,0,0,0,0,0,0,0,255,255,255,255,255,255,255,0,0,1,0,255,255,255,255,0,0,0,0,0,0,2,5,-1,-1,-1,-1,-1,-1,0,0,0,0,0,0,3,1,0,0,3,0,0,0,0,0,0,0,0,0,1.15,0,0,0,0,255,255,255,255,255,255,255,255,255,255,255,255,65000000,49110,-1,-1,-1,-1,-1,-1,-1,-1,-1,-1,-1,-1,[0|0|0|0|0|0|0|0|0|0|0|0]
35112,[Libra Guardian 2] Darkness,0,71609000,-1,73204000,-1,-1,-1,5021000,5021100,5021200,5021300,50000000,52000000,51000000,53000000,-1,-1,-1,-1,60100000,60120000,-1,-1,-1,-1,-1,-1,-1,-1,-1,-1,-1,-1,-1,-1,-1,-1,-1,-1,-1,-1,-1,11,1,0,1,0,1,0,1,0,15,60,14,38,39,29,10,21,10,0,0,0,0,0,0,0,0,0,0,0,255,255,255,255,255,255,255,0,0,1,0,255,255,255,255,0,0,0,0,0,0,2,5,-1,-1,-1,-1,-1,-1,0,0,0,0,0,0,3,1,0,0,3,0,0,0,0,0,0,0,0,0,1.15,0,0,0,0,255,255,255,255,255,255,255,255,255,255,255,255,65000000,49120,-1,-1,-1,-1,-1,-1,-1,-1,-1,-1,-1,-1,[0|0|0|0|0|0|0|0|0|0|0|0]
35113,[Libra Guardian 2] Remembrance,0,71609000,-1,73204000,-1,-1,-1,5031000,5031100,5031200,5031300,50000000,52000000,51000000,53000000,-1,-1,-1,-1,60100000,60120000,-1,-1,-1,-1,-1,-1,-1,-1,-1,-1,-1,-1,-1,-1,-1,-1,-1,-1,-1,-1,-1,11,1,0,1,0,1,0,1,0,15,60,14,38,39,29,10,21,10,0,0,0,0,0,0,0,0,0,0,0,255,255,255,255,255,255,255,0,0,1,0,255,255,255,255,0,0,0,0,0,0,2,5,-1,-1,-1,-1,-1,-1,0,0,0,0,0,0,3,1,0,0,3,0,0,0,0,0,0,0,0,0,1.15,0,0,0,0,255,255,255,255,255,255,255,255,255,255,255,255,65000000,49130,-1,-1,-1,-1,-1,-1,-1,-1,-1,-1,-1,-1,[0|0|0|0|0|0|0|0|0|0|0|0]
35114,[Libra Guardian 2] Sunlight Knight,0,71609000,-1,73204000,-1,-1,-1,5051000,5051100,5051200,5051300,50000000,52000000,51000000,53000000,-1,-1,-1,-1,60100000,60120000,-1,-1,-1,-1,-1,-1,-1,-1,-1,-1,-1,-1,-1,-1,-1,-1,-1,-1,-1,-1,-1,11,1,0,1,0,1,0,1,0,15,60,14,38,39,29,10,21,10,0,0,0,0,0,0,0,0,0,0,0,255,255,255,255,255,255,255,0,0,1,0,255,255,255,255,0,0,0,0,0,0,2,5,-1,-1,-1,-1,-1,-1,0,0,0,0,0,0,3,1,0,0,3,0,0,0,0,0,0,0,0,0,1.15,0,0,0,0,255,255,255,255,255,255,255,255,255,255,255,255,65000000,49150,-1,-1,-1,-1,-1,-1,-1,-1,-1,-1,-1,-1,[0|0|0|0|0|0|0|0|0|0|0|0]
35115,[Libra Guardian 2] Wayfarer,0,71609000,-1,73204000,-1,-1,-1,5061000,5061100,5061200,5061300,50000000,52000000,51000000,53000000,-1,-1,-1,-1,60100000,60120000,-1,-1,-1,-1,-1,-1,-1,-1,-1,-1,-1,-1,-1,-1,-1,-1,-1,-1,-1,-1,-1,11,1,0,1,0,1,0,1,0,15,60,14,38,39,29,10,21,10,0,0,0,0,0,0,0,0,0,0,0,255,255,255,255,255,255,255,0,0,1,0,255,255,255,255,0,0,0,0,0,0,2,5,-1,-1,-1,-1,-1,-1,0,0,0,0,0,0,3,1,0,0,3,0,0,0,0,0,0,0,0,0,1.15,0,0,0,0,255,255,255,255,255,255,255,255,255,255,255,255,65000000,49160,-1,-1,-1,-1,-1,-1,-1,-1,-1,-1,-1,-1,[0|0|0|0|0|0|0|0|0|0|0|0]
35120,[Libra Guardian 3] Default,0,73213000,-1,73213001,-1,-1,-1,5001000,5001100,5001200,5001300,50000000,52000000,51000000,53000000,-1,-1,-1,-1,60100000,60120000,-1,-1,-1,-1,-1,-1,-1,-1,-1,-1,-1,11016,-1,-1,-1,-1,-1,-1,-1,-1,-1,11,1,0,1,0,1,0,1,0,15,60,14,38,39,29,10,21,10,0,2,0,0,0,0,0,0,0,0,0,255,255,255,255,255,255,255,0,0,1,0,255,255,255,255,0,0,0,0,0,0,2,5,-1,-1,-1,-1,-1,-1,0,0,0,0,0,0,3,1,0,0,3,0,0,0,0,0,0,0,0,0,1.15,0,0,0,0,255,255,255,255,255,255,255,255,255,255,255,255,65000000,49100,-1,-1,-1,-1,-1,-1,-1,-1,-1,-1,-1,-1,[0|0|0|0|0|0|0|0|0|0|0|0]
35121,[Libra Guardian 3] Dawn,0,73213000,-1,73213001,-1,-1,-1,5011000,5011100,5011200,5011300,50000000,52000000,51000000,53000000,-1,-1,-1,-1,60100000,60120000,-1,-1,-1,-1,-1,-1,-1,-1,-1,-1,-1,11016,-1,-1,-1,-1,-1,-1,-1,-1,-1,11,1,0,1,0,1,0,1,0,15,60,14,38,39,29,10,21,10,0,2,0,0,0,0,0,0,0,0,0,255,255,255,255,255,255,255,0,0,1,0,255,255,255,255,0,0,0,0,0,0,2,5,-1,-1,-1,-1,-1,-1,0,0,0,0,0,0,3,1,0,0,3,0,0,0,0,0,0,0,0,0,1.15,0,0,0,0,255,255,255,255,255,255,255,255,255,255,255,255,65000000,49110,-1,-1,-1,-1,-1,-1,-1,-1,-1,-1,-1,-1,[0|0|0|0|0|0|0|0|0|0|0|0]
35122,[Libra Guardian 3] Darkness,0,73213000,-1,73213001,-1,-1,-1,5021000,5021100,5021200,5021300,50000000,52000000,51000000,53000000,-1,-1,-1,-1,60100000,60120000,-1,-1,-1,-1,-1,-1,-1,-1,-1,-1,-1,11016,-1,-1,-1,-1,-1,-1,-1,-1,-1,11,1,0,1,0,1,0,1,0,15,60,14,38,39,29,10,21,10,0,2,0,0,0,0,0,0,0,0,0,255,255,255,255,255,255,255,0,0,1,0,255,255,255,255,0,0,0,0,0,0,2,5,-1,-1,-1,-1,-1,-1,0,0,0,0,0,0,3,1,0,0,3,0,0,0,0,0,0,0,0,0,1.15,0,0,0,0,255,255,255,255,255,255,255,255,255,255,255,255,65000000,49120,-1,-1,-1,-1,-1,-1,-1,-1,-1,-1,-1,-1,[0|0|0|0|0|0|0|0|0|0|0|0]
35123,[Libra Guardian 3] Remembrance,0,73213000,-1,73213001,-1,-1,-1,5031000,5031100,5031200,5031300,50000000,52000000,51000000,53000000,-1,-1,-1,-1,60100000,60120000,-1,-1,-1,-1,-1,-1,-1,-1,-1,-1,-1,11016,-1,-1,-1,-1,-1,-1,-1,-1,-1,11,1,0,1,0,1,0,1,0,15,60,14,38,39,29,10,21,10,0,2,0,0,0,0,0,0,0,0,0,255,255,255,255,255,255,255,0,0,1,0,255,255,255,255,0,0,0,0,0,0,2,5,-1,-1,-1,-1,-1,-1,0,0,0,0,0,0,3,1,0,0,3,0,0,0,0,0,0,0,0,0,1.15,0,0,0,0,255,255,255,255,255,255,255,255,255,255,255,255,65000000,49130,-1,-1,-1,-1,-1,-1,-1,-1,-1,-1,-1,-1,[0|0|0|0|0|0|0|0|0|0|0|0]
35124,[Libra Guardian 3] Sunlight Knight,0,73213000,-1,73213001,-1,-1,-1,5051000,5051100,5051200,5051300,50000000,52000000,51000000,53000000,-1,-1,-1,-1,60100000,60120000,-1,-1,-1,-1,-1,-1,-1,-1,-1,-1,-1,11016,-1,-1,-1,-1,-1,-1,-1,-1,-1,11,1,0,1,0,1,0,1,0,15,60,14,38,39,29,10,21,10,0,2,0,0,0,0,0,0,0,0,0,255,255,255,255,255,255,255,0,0,1,0,255,255,255,255,0,0,0,0,0,0,2,5,-1,-1,-1,-1,-1,-1,0,0,0,0,0,0,3,1,0,0,3,0,0,0,0,0,0,0,0,0,1.15,0,0,0,0,255,255,255,255,255,255,255,255,255,255,255,255,65000000,49150,-1,-1,-1,-1,-1,-1,-1,-1,-1,-1,-1,-1,[0|0|0|0|0|0|0|0|0|0|0|0]
35125,[Libra Guardian 3] Wayfarer,0,73213000,-1,73213001,-1,-1,-1,5061000,5061100,5061200,5061300,50000000,52000000,51000000,53000000,-1,-1,-1,-1,60100000,60120000,-1,-1,-1,-1,-1,-1,-1,-1,-1,-1,-1,11016,-1,-1,-1,-1,-1,-1,-1,-1,-1,11,1,0,1,0,1,0,1,0,15,60,14,38,39,29,10,21,10,0,2,0,0,0,0,0,0,0,0,0,255,255,255,255,255,255,255,0,0,1,0,255,255,255,255,0,0,0,0,0,0,2,5,-1,-1,-1,-1,-1,-1,0,0,0,0,0,0,3,1,0,0,3,0,0,0,0,0,0,0,0,0,1.15,0,0,0,0,255,255,255,255,255,255,255,255,255,255,255,255,65000000,49160,-1,-1,-1,-1,-1,-1,-1,-1,-1,-1,-1,-1,[0|0|0|0|0|0|0|0|0|0|0|0]
35200,[Libra Ironeye 1] Default,0,70803000,-1,74311000,-1,-1,-1,5002000,5002100,5002200,5002300,50030000,52000000,51000000,53000000,-1,-1,-1,-1,60230000,60210000,60220000,-1,-1,-1,-1,-1,-1,-1,-1,-1,-1,-1,-1,-1,-1,-1,-1,-1,-1,-1,-1,10,1,0,1,0,1,0,1,0,15,37,14,28,19,57,7,13,13,0,0,0,0,0,0,0,0,0,0,0,255,255,255,255,255,255,255,0,0,1,0,255,255,255,255,0,0,0,0,0,0,3,2,-1,-1,-1,-1,-1,-1,0,0,0,0,0,0,3,1,0,0,3,0,0,0,0,0,0,0,0,0,1,0,0,0,0,255,255,255,255,255,255,255,255,255,255,255,255,65000000,49200,-1,-1,-1,-1,-1,-1,-1,-1,-1,-1,-1,-1,[0|0|0|0|0|0|0|0|0|0|0|0]
35201,[Libra Ironeye 1] Dawn,0,70803000,-1,74311000,-1,-1,-1,5012000,5012100,5012200,5012300,50030000,52000000,51000000,53000000,-1,-1,-1,-1,60230000,60210000,60220000,-1,-1,-1,-1,-1,-1,-1,-1,-1,-1,-1,-1,-1,-1,-1,-1,-1,-1,-1,-1,10,1,0,1,0,1,0,1,0,15,37,14,28,19,57,7,13,13,0,0,0,0,0,0,0,0,0,0,0,255,255,255,255,255,255,255,0,0,1,0,255,255,255,255,0,0,0,0,0,0,3,2,-1,-1,-1,-1,-1,-1,0,0,0,0,0,0,3,1,0,0,3,0,0,0,0,0,0,0,0,0,1,0,0,0,0,255,255,255,255,255,255,255,255,255,255,255,255,65000000,49210,-1,-1,-1,-1,-1,-1,-1,-1,-1,-1,-1,-1,[0|0|0|0|0|0|0|0|0|0|0|0]
35202,[Libra Ironeye 1] Darkness,0,70803000,-1,74311000,-1,-1,-1,5022000,5022100,5022200,5022300,50030000,52000000,51000000,53000000,-1,-1,-1,-1,60230000,60210000,60220000,-1,-1,-1,-1,-1,-1,-1,-1,-1,-1,-1,-1,-1,-1,-1,-1,-1,-1,-1,-1,10,1,0,1,0,1,0,1,0,15,37,14,28,19,57,7,13,13,0,0,0,0,0,0,0,0,0,0,0,255,255,255,255,255,255,255,0,0,1,0,255,255,255,255,0,0,0,0,0,0,3,2,-1,-1,-1,-1,-1,-1,0,0,0,0,0,0,3,1,0,0,3,0,0,0,0,0,0,0,0,0,1,0,0,0,0,255,255,255,255,255,255,255,255,255,255,255,255,65000000,49220,-1,-1,-1,-1,-1,-1,-1,-1,-1,-1,-1,-1,[0|0|0|0|0|0|0|0|0|0|0|0]
35203,[Libra Ironeye 1] Remembrance,0,70803000,-1,74311000,-1,-1,-1,5032000,5032100,5032200,5032300,50030000,52000000,51000000,53000000,-1,-1,-1,-1,60231000,60210000,60220000,-1,-1,-1,-1,-1,-1,-1,-1,-1,-1,-1,-1,-1,-1,-1,-1,-1,-1,-1,-1,10,1,0,1,0,1,0,1,0,15,37,14,28,19,57,7,13,13,0,0,0,0,0,0,0,0,0,0,0,255,255,255,255,255,255,255,0,0,1,0,255,255,255,255,0,0,0,0,0,0,3,2,-1,-1,-1,-1,-1,-1,0,0,0,0,0,0,3,1,0,0,3,0,0,0,0,0,0,0,0,0,1,0,0,0,0,255,255,255,255,255,255,255,255,255,255,255,255,65000000,49230,-1,-1,-1,-1,-1,-1,-1,-1,-1,-1,-1,-1,[0|0|0|0|0|0|0|0|0|0|0|0]
35204,[Libra Ironeye 1] Ringfinger,0,70803000,-1,74311000,-1,-1,-1,5052000,5052100,5052200,5052300,50030000,52000000,51000000,53000000,-1,-1,-1,-1,60230000,60210000,60220000,-1,-1,-1,-1,-1,-1,-1,-1,-1,-1,-1,-1,-1,-1,-1,-1,-1,-1,-1,-1,10,1,0,1,0,1,0,1,0,15,37,14,28,19,57,7,13,13,0,0,0,0,0,0,0,0,0,0,0,255,255,255,255,255,255,255,0,0,1,0,255,255,255,255,0,0,0,0,0,0,3,2,-1,-1,-1,-1,-1,-1,0,0,0,0,0,0,3,1,0,0,3,0,0,0,0,0,0,0,0,0,1,0,0,0,0,255,255,255,255,255,255,255,255,255,255,255,255,65000000,49250,-1,-1,-1,-1,-1,-1,-1,-1,-1,-1,-1,-1,[0|0|0|0|0|0|0|0|0|0|0|0]
35205,[Libra Ironeye 1] Sellsword,0,70803000,-1,74311000,-1,-1,-1,5062000,5062100,5062200,5062300,50030000,52000000,51000000,53000000,-1,-1,-1,-1,60230000,60210000,60220000,-1,-1,-1,-1,-1,-1,-1,-1,-1,-1,-1,-1,-1,-1,-1,-1,-1,-1,-1,-1,10,1,0,1,0,1,0,1,0,15,37,14,28,19,57,7,13,13,0,0,0,0,0,0,0,0,0,0,0,255,255,255,255,255,255,255,0,0,1,0,255,255,255,255,0,0,0,0,0,0,3,2,-1,-1,-1,-1,-1,-1,0,0,0,0,0,0,3,1,0,0,3,0,0,0,0,0,0,0,0,0,1,0,0,0,0,255,255,255,255,255,255,255,255,255,255,255,255,65000000,49260,-1,-1,-1,-1,-1,-1,-1,-1,-1,-1,-1,-1,[0|0|0|0|0|0|0|0|0|0|0|0]
35210,[Libra Ironeye 2] Default,0,74104000,-1,70100000,-1,-1,-1,5002000,5002100,5002200,5002300,50030000,52000000,51000000,53000000,-1,-1,-1,-1,60230000,60210000,60220000,-1,-1,-1,-1,-1,-1,-1,-1,-1,-1,-1,-1,-1,-1,-1,-1,-1,-1,-1,-1,10,1,0,1,0,1,0,1,0,15,37,14,28,19,57,7,13,13,0,0,0,0,0,0,0,0,0,0,0,255,255,255,255,255,255,255,0,0,1,0,255,255,255,255,0,0,0,0,0,0,3,2,-1,-1,-1,-1,-1,-1,0,0,0,0,0,0,3,1,0,0,3,0,0,0,0,0,0,0,0,0,1,0,0,0,0,255,255,255,255,255,255,255,255,255,255,255,255,65000000,49200,-1,-1,-1,-1,-1,-1,-1,-1,-1,-1,-1,-1,[0|0|0|0|0|0|0|0|0|0|0|0]
35211,[Libra Ironeye 2] Dawn,0,74104000,-1,70100000,-1,-1,-1,5012000,5012100,5012200,5012300,50030000,52000000,51000000,53000000,-1,-1,-1,-1,60230000,60210000,60220000,-1,-1,-1,-1,-1,-1,-1,-1,-1,-1,-1,-1,-1,-1,-1,-1,-1,-1,-1,-1,10,1,0,1,0,1,0,1,0,15,37,14,28,19,57,7,13,13,0,0,0,0,0,0,0,0,0,0,0,255,255,255,255,255,255,255,0,0,1,0,255,255,255,255,0,0,0,0,0,0,3,2,-1,-1,-1,-1,-1,-1,0,0,0,0,0,0,3,1,0,0,3,0,0,0,0,0,0,0,0,0,1,0,0,0,0,255,255,255,255,255,255,255,255,255,255,255,255,65000000,49210,-1,-1,-1,-1,-1,-1,-1,-1,-1,-1,-1,-1,[0|0|0|0|0|0|0|0|0|0|0|0]
35212,[Libra Ironeye 2] Darkness,0,74104000,-1,70100000,-1,-1,-1,5022000,5022100,5022200,5022300,50030000,52000000,51000000,53000000,-1,-1,-1,-1,60230000,60210000,60220000,-1,-1,-1,-1,-1,-1,-1,-1,-1,-1,-1,-1,-1,-1,-1,-1,-1,-1,-1,-1,10,1,0,1,0,1,0,1,0,15,37,14,28,19,57,7,13,13,0,0,0,0,0,0,0,0,0,0,0,255,255,255,255,255,255,255,0,0,1,0,255,255,255,255,0,0,0,0,0,0,3,2,-1,-1,-1,-1,-1,-1,0,0,0,0,0,0,3,1,0,0,3,0,0,0,0,0,0,0,0,0,1,0,0,0,0,255,255,255,255,255,255,255,255,255,255,255,255,65000000,49220,-1,-1,-1,-1,-1,-1,-1,-1,-1,-1,-1,-1,[0|0|0|0|0|0|0|0|0|0|0|0]
35213,[Libra Ironeye 2] Remembrance,0,74104000,-1,70100000,-1,-1,-1,5032000,5032100,5032200,5032300,50030000,52000000,51000000,53000000,-1,-1,-1,-1,60231000,60210000,60220000,-1,-1,-1,-1,-1,-1,-1,-1,-1,-1,-1,-1,-1,-1,-1,-1,-1,-1,-1,-1,10,1,0,1,0,1,0,1,0,15,37,14,28,19,57,7,13,13,0,0,0,0,0,0,0,0,0,0,0,255,255,255,255,255,255,255,0,0,1,0,255,255,255,255,0,0,0,0,0,0,3,2,-1,-1,-1,-1,-1,-1,0,0,0,0,0,0,3,1,0,0,3,0,0,0,0,0,0,0,0,0,1,0,0,0,0,255,255,255,255,255,255,255,255,255,255,255,255,65000000,49230,-1,-1,-1,-1,-1,-1,-1,-1,-1,-1,-1,-1,[0|0|0|0|0|0|0|0|0|0|0|0]
35214,[Libra Ironeye 2] Ringfinger,0,74104000,-1,70100000,-1,-1,-1,5052000,5052100,5052200,5052300,50030000,52000000,51000000,53000000,-1,-1,-1,-1,60230000,60210000,60220000,-1,-1,-1,-1,-1,-1,-1,-1,-1,-1,-1,-1,-1,-1,-1,-1,-1,-1,-1,-1,10,1,0,1,0,1,0,1,0,15,37,14,28,19,57,7,13,13,0,0,0,0,0,0,0,0,0,0,0,255,255,255,255,255,255,255,0,0,1,0,255,255,255,255,0,0,0,0,0,0,3,2,-1,-1,-1,-1,-1,-1,0,0,0,0,0,0,3,1,0,0,3,0,0,0,0,0,0,0,0,0,1,0,0,0,0,255,255,255,255,255,255,255,255,255,255,255,255,65000000,49250,-1,-1,-1,-1,-1,-1,-1,-1,-1,-1,-1,-1,[0|0|0|0|0|0|0|0|0|0|0|0]
35215,[Libra Ironeye 2] Sellsword,0,74104000,-1,70100000,-1,-1,-1,5062000,5062100,5062200,5062300,50030000,52000000,51000000,53000000,-1,-1,-1,-1,60230000,60210000,60220000,-1,-1,-1,-1,-1,-1,-1,-1,-1,-1,-1,-1,-1,-1,-1,-1,-1,-1,-1,-1,10,1,0,1,0,1,0,1,0,15,37,14,28,19,57,7,13,13,0,0,0,0,0,0,0,0,0,0,0,255,255,255,255,255,255,255,0,0,1,0,255,255,255,255,0,0,0,0,0,0,3,2,-1,-1,-1,-1,-1,-1,0,0,0,0,0,0,3,1,0,0,3,0,0,0,0,0,0,0,0,0,1,0,0,0,0,255,255,255,255,255,255,255,255,255,255,255,255,65000000,49260,-1,-1,-1,-1,-1,-1,-1,-1,-1,-1,-1,-1,[0|0|0|0|0|0|0|0|0|0|0|0]
35220,[Libra Ironeye 3] Default,0,74401000,-1,73215000,-1,-1,-1,5002000,5002100,5002200,5002300,50030000,52000000,51000000,53000000,-1,-1,-1,-1,60230000,60210000,60220000,-1,-1,-1,-1,-1,-1,-1,-1,-1,-1,3520,-1,-1,-1,-1,-1,-1,-1,-1,-1,10,1,0,1,0,1,0,1,0,15,37,14,28,19,57,7,13,13,0,2,0,0,0,0,0,0,0,0,0,255,255,255,255,255,255,255,0,0,1,0,255,255,255,255,0,0,0,0,0,0,3,2,-1,-1,-1,-1,-1,-1,0,0,0,0,0,0,3,1,0,0,3,0,0,0,0,0,0,0,0,0,1,0,0,0,0,255,255,255,255,255,255,255,255,255,255,255,255,65000000,49200,-1,-1,-1,-1,-1,-1,-1,-1,-1,-1,-1,-1,[0|0|0|0|0|0|0|0|0|0|0|0]
35221,[Libra Ironeye 3] Dawn,0,74401000,-1,73215000,-1,-1,-1,5012000,5012100,5012200,5012300,50030000,52000000,51000000,53000000,-1,-1,-1,-1,60230000,60210000,60220000,-1,-1,-1,-1,-1,-1,-1,-1,-1,-1,3520,-1,-1,-1,-1,-1,-1,-1,-1,-1,10,1,0,1,0,1,0,1,0,15,37,14,28,19,57,7,13,13,0,2,0,0,0,0,0,0,0,0,0,255,255,255,255,255,255,255,0,0,1,0,255,255,255,255,0,0,0,0,0,0,3,2,-1,-1,-1,-1,-1,-1,0,0,0,0,0,0,3,1,0,0,3,0,0,0,0,0,0,0,0,0,1,0,0,0,0,255,255,255,255,255,255,255,255,255,255,255,255,65000000,49210,-1,-1,-1,-1,-1,-1,-1,-1,-1,-1,-1,-1,[0|0|0|0|0|0|0|0|0|0|0|0]
35222,[Libra Ironeye 3] Darkness,0,74401000,-1,73215000,-1,-1,-1,5022000,5022100,5022200,5022300,50030000,52000000,51000000,53000000,-1,-1,-1,-1,60230000,60210000,60220000,-1,-1,-1,-1,-1,-1,-1,-1,-1,-1,3520,-1,-1,-1,-1,-1,-1,-1,-1,-1,10,1,0,1,0,1,0,1,0,15,37,14,28,19,57,7,13,13,0,2,0,0,0,0,0,0,0,0,0,255,255,255,255,255,255,255,0,0,1,0,255,255,255,255,0,0,0,0,0,0,3,2,-1,-1,-1,-1,-1,-1,0,0,0,0,0,0,3,1,0,0,3,0,0,0,0,0,0,0,0,0,1,0,0,0,0,255,255,255,255,255,255,255,255,255,255,255,255,65000000,49220,-1,-1,-1,-1,-1,-1,-1,-1,-1,-1,-1,-1,[0|0|0|0|0|0|0|0|0|0|0|0]
35223,[Libra Ironeye 3] Remembrance,0,74401000,-1,73215000,-1,-1,-1,5032000,5032100,5032200,5032300,50030000,52000000,51000000,53000000,-1,-1,-1,-1,60231000,60210000,60220000,-1,-1,-1,-1,-1,-1,-1,-1,-1,-1,3520,-1,-1,-1,-1,-1,-1,-1,-1,-1,10,1,0,1,0,1,0,1,0,15,37,14,28,19,57,7,13,13,0,2,0,0,0,0,0,0,0,0,0,255,255,255,255,255,255,255,0,0,1,0,255,255,255,255,0,0,0,0,0,0,3,2,-1,-1,-1,-1,-1,-1,0,0,0,0,0,0,3,1,0,0,3,0,0,0,0,0,0,0,0,0,1,0,0,0,0,255,255,255,255,255,255,255,255,255,255,255,255,65000000,49230,-1,-1,-1,-1,-1,-1,-1,-1,-1,-1,-1,-1,[0|0|0|0|0|0|0|0|0|0|0|0]
35224,[Libra Ironeye 3] Ringfinger,0,74401000,-1,73215000,-1,-1,-1,5052000,5052100,5052200,5052300,50030000,52000000,51000000,53000000,-1,-1,-1,-1,60230000,60210000,60220000,-1,-1,-1,-1,-1,-1,-1,-1,-1,-1,3520,-1,-1,-1,-1,-1,-1,-1,-1,-1,10,1,0,1,0,1,0,1,0,15,37,14,28,19,57,7,13,13,0,2,0,0,0,0,0,0,0,0,0,255,255,255,255,255,255,255,0,0,1,0,255,255,255,255,0,0,0,0,0,0,3,2,-1,-1,-1,-1,-1,-1,0,0,0,0,0,0,3,1,0,0,3,0,0,0,0,0,0,0,0,0,1,0,0,0,0,255,255,255,255,255,255,255,255,255,255,255,255,65000000,49250,-1,-1,-1,-1,-1,-1,-1,-1,-1,-1,-1,-1,[0|0|0|0|0|0|0|0|0|0|0|0]
35225,[Libra Ironeye 3] Sellsword,0,74401000,-1,73215000,-1,-1,-1,5062000,5062100,5062200,5062300,50030000,52000000,51000000,53000000,-1,-1,-1,-1,60230000,60210000,60220000,-1,-1,-1,-1,-1,-1,-1,-1,-1,-1,3520,-1,-1,-1,-1,-1,-1,-1,-1,-1,10,1,0,1,0,1,0,1,0,15,37,14,28,19,57,7,13,13,0,2,0,0,0,0,0,0,0,0,0,255,255,255,255,255,255,255,0,0,1,0,255,255,255,255,0,0,0,0,0,0,3,2,-1,-1,-1,-1,-1,-1,0,0,0,0,0,0,3,1,0,0,3,0,0,0,0,0,0,0,0,0,1,0,0,0,0,255,255,255,255,255,255,255,255,255,255,255,255,65000000,49260,-1,-1,-1,-1,-1,-1,-1,-1,-1,-1,-1,-1,[0|0|0|0|0|0|0|0|0|0|0|0]
35300,[Libra Duchess 1] Default,0,70108000,-1,70108000,-1,-1,-1,5003000,5003100,5003200,5003300,50000000,52000000,51000000,53000000,-1,-1,-1,-1,60300000,60310000,-1,-1,-1,-1,-1,-1,-1,-1,-1,-1,-1,-1,-1,-1,-1,-1,-1,-1,-1,-1,-1,10,1,0,1,0,1,0,1,0,15,39,27,18,11,41,42,27,10,0,0,0,0,0,0,0,0,0,0,0,255,255,255,255,255,255,255,0,0,0,0,255,255,255,255,0,0,0,0,0,0,4,0,-1,-1,-1,-1,-1,-1,0,0,0,0,0,0,3,1,0,0,3,0,0,0,0,0,0,0,0,0,0.96,0,0,0,0,255,255,255,255,255,255,255,255,255,255,255,255,65000000,49300,-1,-1,-1,-1,-1,-1,-1,-1,-1,-1,-1,-1,[0|0|0|0|0|0|0|0|0|0|0|0]
35301,[Libra Duchess 1] Dawn,0,70108000,-1,70108000,-1,-1,-1,5013000,5013100,5013200,5013300,50000000,52000000,51000000,53000000,-1,-1,-1,-1,60300000,60310000,-1,-1,-1,-1,-1,-1,-1,-1,-1,-1,-1,-1,-1,-1,-1,-1,-1,-1,-1,-1,-1,10,1,0,1,0,1,0,1,0,15,39,27,18,11,41,42,27,10,0,0,0,0,0,0,0,0,0,0,0,255,255,255,255,255,255,255,0,0,0,0,255,255,255,255,0,0,0,0,0,0,4,0,-1,-1,-1,-1,-1,-1,0,0,0,0,0,0,3,1,0,0,3,0,0,0,0,0,0,0,0,0,0.96,0,0,0,0,255,255,255,255,255,255,255,255,255,255,255,255,65000000,49310,-1,-1,-1,-1,-1,-1,-1,-1,-1,-1,-1,-1,[0|0|0|0|0|0|0|0|0|0|0|0]
35302,[Libra Duchess 1] Darkness,0,70108000,-1,70108000,-1,-1,-1,5023000,5023100,5023200,5023300,50000000,52000000,51000000,53000000,-1,-1,-1,-1,60300000,60310000,-1,-1,-1,-1,-1,-1,-1,-1,-1,-1,-1,-1,-1,-1,-1,-1,-1,-1,-1,-1,-1,10,1,0,1,0,1,0,1,0,15,39,27,18,11,41,42,27,10,0,0,0,0,0,0,0,0,0,0,0,255,255,255,255,255,255,255,0,0,0,0,255,255,255,255,0,0,0,0,0,0,4,0,-1,-1,-1,-1,-1,-1,0,0,0,0,0,0,3,1,0,0,3,0,0,0,0,0,0,0,0,0,0.96,0,0,0,0,255,255,255,255,255,255,255,255,255,255,255,255,65000000,49320,-1,-1,-1,-1,-1,-1,-1,-1,-1,-1,-1,-1,[0|0|0|0|0|0|0|0|0|0|0|0]
35303,[Libra Duchess 1] Remembrance,0,70108000,-1,70108000,-1,-1,-1,5033000,5033100,5033200,5033300,50000000,52000000,51000000,53000000,-1,-1,-1,-1,60300000,60310000,-1,-1,-1,-1,-1,-1,-1,-1,-1,-1,-1,-1,-1,-1,-1,-1,-1,-1,-1,-1,-1,10,1,0,1,0,1,0,1,0,15,39,27,18,11,41,42,27,10,0,0,0,0,0,0,0,0,0,0,0,255,255,255,255,255,255,255,0,0,0,0,255,255,255,255,0,0,0,0,0,0,4,0,-1,-1,-1,-1,-1,-1,0,0,0,0,0,0,3,1,0,0,3,0,0,0,0,0,0,0,0,0,0.96,0,0,0,0,255,255,255,255,255,255,255,255,255,255,255,255,65000000,49330,-1,-1,-1,-1,-1,-1,-1,-1,-1,-1,-1,-1,[0|0|0|0|0|0|0|0|0|0|0|0]
35304,[Libra Duchess 1] Black Leather,0,70108000,-1,70108000,-1,-1,-1,5053000,5053100,5053200,5053300,50000000,52000000,51000000,53000000,-1,-1,-1,-1,60300000,60310000,-1,-1,-1,-1,-1,-1,-1,-1,-1,-1,-1,-1,-1,-1,-1,-1,-1,-1,-1,-1,-1,10,1,0,1,0,1,0,1,0,15,39,27,18,11,41,42,27,10,0,0,0,0,0,0,0,0,0,0,0,255,255,255,255,255,255,255,0,0,0,0,255,255,255,255,0,0,0,0,0,0,4,0,-1,-1,-1,-1,-1,-1,0,0,0,0,0,0,3,1,0,0,3,0,0,0,0,0,0,0,0,0,0.96,0,0,0,0,255,255,255,255,255,255,255,255,255,255,255,255,65000000,49350,-1,-1,-1,-1,-1,-1,-1,-1,-1,-1,-1,-1,[0|0|0|0|0|0|0|0|0|0|0|0]
35305,[Libra Duchess 1] Wraith,0,70108000,-1,70108000,-1,-1,-1,5063000,5063100,5063200,5063300,50000000,52000000,51000000,53000000,-1,-1,-1,-1,60300000,60310000,-1,-1,-1,-1,-1,-1,-1,-1,-1,-1,-1,-1,-1,-1,-1,-1,-1,-1,-1,-1,-1,10,1,0,1,0,1,0,1,0,15,39,27,18,11,41,42,27,10,0,0,0,0,0,0,0,0,0,0,0,255,255,255,255,255,255,255,0,0,0,0,255,255,255,255,0,0,0,0,0,0,4,0,-1,-1,-1,-1,-1,-1,0,0,0,0,0,0,3,1,0,0,3,0,0,0,0,0,0,0,0,0,0.96,0,0,0,0,255,255,255,255,255,255,255,255,255,255,255,255,65000000,49360,-1,-1,-1,-1,-1,-1,-1,-1,-1,-1,-1,-1,[0|0|0|0|0|0|0|0|0|0|0|0]
35310,[Libra Duchess 2] Default,0,70214000,-1,35190000,-1,-1,-1,5003000,5003100,5003200,5003300,50000000,52000000,51000000,53000000,-1,-1,-1,-1,60300000,60310000,-1,-1,-1,-1,-1,-1,-1,-1,-1,-1,-1,-1,-1,-1,-1,-1,-1,-1,-1,-1,-1,10,1,0,1,0,1,0,1,0,15,39,27,18,11,41,42,27,10,0,0,0,0,0,0,0,0,0,0,0,255,255,255,255,255,255,255,0,0,0,0,255,255,255,255,0,0,0,0,0,0,4,0,-1,-1,-1,-1,-1,-1,0,0,0,0,0,0,3,1,0,0,3,0,0,0,0,0,0,0,0,0,0.96,0,0,0,0,255,255,255,255,255,255,255,255,255,255,255,255,65000000,49300,-1,-1,-1,-1,-1,-1,-1,-1,-1,-1,-1,-1,[0|0|0|0|0|0|0|0|0|0|0|0]
35311,[Libra Duchess 2] Dawn,0,70214000,-1,35190000,-1,-1,-1,5013000,5013100,5013200,5013300,50000000,52000000,51000000,53000000,-1,-1,-1,-1,60300000,60310000,-1,-1,-1,-1,-1,-1,-1,-1,-1,-1,-1,-1,-1,-1,-1,-1,-1,-1,-1,-1,-1,10,1,0,1,0,1,0,1,0,15,39,27,18,11,41,42,27,10,0,0,0,0,0,0,0,0,0,0,0,255,255,255,255,255,255,255,0,0,0,0,255,255,255,255,0,0,0,0,0,0,4,0,-1,-1,-1,-1,-1,-1,0,0,0,0,0,0,3,1,0,0,3,0,0,0,0,0,0,0,0,0,0.96,0,0,0,0,255,255,255,255,255,255,255,255,255,255,255,255,65000000,49310,-1,-1,-1,-1,-1,-1,-1,-1,-1,-1,-1,-1,[0|0|0|0|0|0|0|0|0|0|0|0]
35312,[Libra Duchess 2] Darkness,0,70214000,-1,35190000,-1,-1,-1,5023000,5023100,5023200,5023300,50000000,52000000,51000000,53000000,-1,-1,-1,-1,60300000,60310000,-1,-1,-1,-1,-1,-1,-1,-1,-1,-1,-1,-1,-1,-1,-1,-1,-1,-1,-1,-1,-1,10,1,0,1,0,1,0,1,0,15,39,27,18,11,41,42,27,10,0,0,0,0,0,0,0,0,0,0,0,255,255,255,255,255,255,255,0,0,0,0,255,255,255,255,0,0,0,0,0,0,4,0,-1,-1,-1,-1,-1,-1,0,0,0,0,0,0,3,1,0,0,3,0,0,0,0,0,0,0,0,0,0.96,0,0,0,0,255,255,255,255,255,255,255,255,255,255,255,255,65000000,49320,-1,-1,-1,-1,-1,-1,-1,-1,-1,-1,-1,-1,[0|0|0|0|0|0|0|0|0|0|0|0]
35313,[Libra Duchess 2] Remembrance,0,70214000,-1,35190000,-1,-1,-1,5033000,5033100,5033200,5033300,50000000,52000000,51000000,53000000,-1,-1,-1,-1,60300000,60310000,-1,-1,-1,-1,-1,-1,-1,-1,-1,-1,-1,-1,-1,-1,-1,-1,-1,-1,-1,-1,-1,10,1,0,1,0,1,0,1,0,15,39,27,18,11,41,42,27,10,0,0,0,0,0,0,0,0,0,0,0,255,255,255,255,255,255,255,0,0,0,0,255,255,255,255,0,0,0,0,0,0,4,0,-1,-1,-1,-1,-1,-1,0,0,0,0,0,0,3,1,0,0,3,0,0,0,0,0,0,0,0,0,0.96,0,0,0,0,255,255,255,255,255,255,255,255,255,255,255,255,65000000,49330,-1,-1,-1,-1,-1,-1,-1,-1,-1,-1,-1,-1,[0|0|0|0|0|0|0|0|0|0|0|0]
35314,[Libra Duchess 2] Black Leather,0,70214000,-1,35190000,-1,-1,-1,5053000,5053100,5053200,5053300,50000000,52000000,51000000,53000000,-1,-1,-1,-1,60300000,60310000,-1,-1,-1,-1,-1,-1,-1,-1,-1,-1,-1,-1,-1,-1,-1,-1,-1,-1,-1,-1,-1,10,1,0,1,0,1,0,1,0,15,39,27,18,11,41,42,27,10,0,0,0,0,0,0,0,0,0,0,0,255,255,255,255,255,255,255,0,0,0,0,255,255,255,255,0,0,0,0,0,0,4,0,-1,-1,-1,-1,-1,-1,0,0,0,0,0,0,3,1,0,0,3,0,0,0,0,0,0,0,0,0,0.96,0,0,0,0,255,255,255,255,255,255,255,255,255,255,255,255,65000000,49350,-1,-1,-1,-1,-1,-1,-1,-1,-1,-1,-1,-1,[0|0|0|0|0|0|0|0|0|0|0|0]
35315,[Libra Duchess 2] Wraith,0,70214000,-1,35190000,-1,-1,-1,5063000,5063100,5063200,5063300,50000000,52000000,51000000,53000000,-1,-1,-1,-1,60300000,60310000,-1,-1,-1,-1,-1,-1,-1,-1,-1,-1,-1,-1,-1,-1,-1,-1,-1,-1,-1,-1,-1,10,1,0,1,0,1,0,1,0,15,39,27,18,11,41,42,27,10,0,0,0,0,0,0,0,0,0,0,0,255,255,255,255,255,255,255,0,0,0,0,255,255,255,255,0,0,0,0,0,0,4,0,-1,-1,-1,-1,-1,-1,0,0,0,0,0,0,3,1,0,0,3,0,0,0,0,0,0,0,0,0,0.96,0,0,0,0,255,255,255,255,255,255,255,255,255,255,255,255,65000000,49360,-1,-1,-1,-1,-1,-1,-1,-1,-1,-1,-1,-1,[0|0|0|0|0|0|0|0|0|0|0|0]
35320,[Libra Duchess 3] Default,0,70505000,-1,73014000,-1,-1,-1,5003000,5003100,5003200,5003300,50000000,52000000,51000000,53000000,-1,-1,-1,-1,60300000,60310000,-1,-1,-1,-1,-1,-1,-1,-1,-1,-1,-1,1420,-1,-1,-1,-1,-1,-1,-1,-1,-1,10,1,0,1,0,1,0,1,0,15,39,27,18,11,41,42,27,10,0,2,0,0,0,0,0,0,0,0,0,255,255,255,255,255,255,255,0,0,0,0,255,255,255,255,0,0,0,0,0,0,4,0,-1,-1,-1,-1,-1,-1,0,0,0,0,0,0,3,1,0,0,3,0,0,0,0,0,0,0,0,0,0.96,0,0,0,0,255,255,255,255,255,255,255,255,255,255,255,255,65000000,49300,-1,-1,-1,-1,-1,-1,-1,-1,-1,-1,-1,-1,[0|0|0|0|0|0|0|0|0|0|0|0]
35321,[Libra Duchess 3] Dawn,0,70505000,-1,73014000,-1,-1,-1,5013000,5013100,5013200,5013300,50000000,52000000,51000000,53000000,-1,-1,-1,-1,60300000,60310000,-1,-1,-1,-1,-1,-1,-1,-1,-1,-1,-1,1420,-1,-1,-1,-1,-1,-1,-1,-1,-1,10,1,0,1,0,1,0,1,0,15,39,27,18,11,41,42,27,10,0,2,0,0,0,0,0,0,0,0,0,255,255,255,255,255,255,255,0,0,0,0,255,255,255,255,0,0,0,0,0,0,4,0,-1,-1,-1,-1,-1,-1,0,0,0,0,0,0,3,1,0,0,3,0,0,0,0,0,0,0,0,0,0.96,0,0,0,0,255,255,255,255,255,255,255,255,255,255,255,255,65000000,49310,-1,-1,-1,-1,-1,-1,-1,-1,-1,-1,-1,-1,[0|0|0|0|0|0|0|0|0|0|0|0]
35322,[Libra Duchess 3] Darkness,0,70505000,-1,73014000,-1,-1,-1,5023000,5023100,5023200,5023300,50000000,52000000,51000000,53000000,-1,-1,-1,-1,60300000,60310000,-1,-1,-1,-1,-1,-1,-1,-1,-1,-1,-1,1420,-1,-1,-1,-1,-1,-1,-1,-1,-1,10,1,0,1,0,1,0,1,0,15,39,27,18,11,41,42,27,10,0,2,0,0,0,0,0,0,0,0,0,255,255,255,255,255,255,255,0,0,0,0,255,255,255,255,0,0,0,0,0,0,4,0,-1,-1,-1,-1,-1,-1,0,0,0,0,0,0,3,1,0,0,3,0,0,0,0,0,0,0,0,0,0.96,0,0,0,0,255,255,255,255,255,255,255,255,255,255,255,255,65000000,49320,-1,-1,-1,-1,-1,-1,-1,-1,-1,-1,-1,-1,[0|0|0|0|0|0|0|0|0|0|0|0]
35323,[Libra Duchess 3] Remembrance,0,70505000,-1,73014000,-1,-1,-1,5033000,5033100,5033200,5033300,50000000,52000000,51000000,53000000,-1,-1,-1,-1,60300000,60310000,-1,-1,-1,-1,-1,-1,-1,-1,-1,-1,-1,1420,-1,-1,-1,-1,-1,-1,-1,-1,-1,10,1,0,1,0,1,0,1,0,15,39,27,18,11,41,42,27,10,0,2,0,0,0,0,0,0,0,0,0,255,255,255,255,255,255,255,0,0,0,0,255,255,255,255,0,0,0,0,0,0,4,0,-1,-1,-1,-1,-1,-1,0,0,0,0,0,0,3,1,0,0,3,0,0,0,0,0,0,0,0,0,0.96,0,0,0,0,255,255,255,255,255,255,255,255,255,255,255,255,65000000,49330,-1,-1,-1,-1,-1,-1,-1,-1,-1,-1,-1,-1,[0|0|0|0|0|0|0|0|0|0|0|0]
35324,[Libra Duchess 3] Black Leather,0,70505000,-1,73014000,-1,-1,-1,5053000,5053100,5053200,5053300,50000000,52000000,51000000,53000000,-1,-1,-1,-1,60300000,60310000,-1,-1,-1,-1,-1,-1,-1,-1,-1,-1,-1,1420,-1,-1,-1,-1,-1,-1,-1,-1,-1,10,1,0,1,0,1,0,1,0,15,39,27,18,11,41,42,27,10,0,2,0,0,0,0,0,0,0,0,0,255,255,255,255,255,255,255,0,0,0,0,255,255,255,255,0,0,0,0,0,0,4,0,-1,-1,-1,-1,-1,-1,0,0,0,0,0,0,3,1,0,0,3,0,0,0,0,0,0,0,0,0,0.96,0,0,0,0,255,255,255,255,255,255,255,255,255,255,255,255,65000000,49350,-1,-1,-1,-1,-1,-1,-1,-1,-1,-1,-1,-1,[0|0|0|0|0|0|0|0|0|0|0|0]
35325,[Libra Duchess 3] Wraith,0,70505000,-1,73014000,-1,-1,-1,5063000,5063100,5063200,5063300,50000000,52000000,51000000,53000000,-1,-1,-1,-1,60300000,60310000,-1,-1,-1,-1,-1,-1,-1,-1,-1,-1,-1,1420,-1,-1,-1,-1,-1,-1,-1,-1,-1,10,1,0,1,0,1,0,1,0,15,39,27,18,11,41,42,27,10,0,2,0,0,0,0,0,0,0,0,0,255,255,255,255,255,255,255,0,0,0,0,255,255,255,255,0,0,0,0,0,0,4,0,-1,-1,-1,-1,-1,-1,0,0,0,0,0,0,3,1,0,0,3,0,0,0,0,0,0,0,0,0,0.96,0,0,0,0,255,255,255,255,255,255,255,255,255,255,255,255,65000000,49360,-1,-1,-1,-1,-1,-1,-1,-1,-1,-1,-1,-1,[0|0|0|0|0|0|0|0|0|0|0|0]
35400,[Libra Raider 1] Default,0,72305000,-1,-1,-1,-1,-1,5004000,5004100,5004200,5004300,50000000,52000000,51000000,53000000,-1,-1,-1,-1,60400000,60410000,-1,-1,-1,-1,-1,-1,-1,-1,-1,-1,-1,-1,-1,-1,-1,-1,-1,-1,-1,-1,-1,1,1,0,1,0,1,0,1,0,15,56,10,37,68,19,3,12,10,0,0,0,0,0,0,0,0,0,0,0,255,255,255,255,255,255,255,0,0,1,0,255,255,255,255,0,0,0,0,0,0,5,4,-1,-1,-1,-1,-1,-1,0,0,0,0,0,0,3,1,0,0,3,0,0,0,0,0,0,0,0,0,1.12,0,0,0,0,255,255,255,255,255,255,255,255,255,255,255,255,65000000,49400,-1,-1,-1,-1,-1,-1,-1,-1,-1,-1,-1,-1,[0|0|0|0|0|0|0|0|0|0|0|0]
35401,[Libra Raider 1] Dawn,0,72305000,-1,-1,-1,-1,-1,5014000,5014100,5014200,5014300,50000000,52000000,51000000,53000000,-1,-1,-1,-1,60400000,60410000,-1,-1,-1,-1,-1,-1,-1,-1,-1,-1,-1,-1,-1,-1,-1,-1,-1,-1,-1,-1,-1,1,1,0,1,0,1,0,1,0,15,56,10,37,68,19,3,12,10,0,0,0,0,0,0,0,0,0,0,0,255,255,255,255,255,255,255,0,0,1,0,255,255,255,255,0,0,0,0,0,0,5,4,-1,-1,-1,-1,-1,-1,0,0,0,0,0,0,3,1,0,0,3,0,0,0,0,0,0,0,0,0,1.12,0,0,0,0,255,255,255,255,255,255,255,255,255,255,255,255,65000000,49410,-1,-1,-1,-1,-1,-1,-1,-1,-1,-1,-1,-1,[0|0|0|0|0|0|0|0|0|0|0|0]
35402,[Libra Raider 1] Darkness,0,72305000,-1,-1,-1,-1,-1,5024000,5024100,5024200,5024300,50000000,52000000,51000000,53000000,-1,-1,-1,-1,60400000,60410000,-1,-1,-1,-1,-1,-1,-1,-1,-1,-1,-1,-1,-1,-1,-1,-1,-1,-1,-1,-1,-1,1,1,0,1,0,1,0,1,0,15,56,10,37,68,19,3,12,10,0,0,0,0,0,0,0,0,0,0,0,255,255,255,255,255,255,255,0,0,1,0,255,255,255,255,0,0,0,0,0,0,5,4,-1,-1,-1,-1,-1,-1,0,0,0,0,0,0,3,1,0,0,3,0,0,0,0,0,0,0,0,0,1.12,0,0,0,0,255,255,255,255,255,255,255,255,255,255,255,255,65000000,49420,-1,-1,-1,-1,-1,-1,-1,-1,-1,-1,-1,-1,[0|0|0|0|0|0|0|0|0|0|0|0]
35403,[Libra Raider 1] Remembrance,0,72305000,-1,-1,-1,-1,-1,5034000,5034100,5034200,5034300,50000000,52000000,51000000,53000000,-1,-1,-1,-1,60400000,60410000,-1,-1,-1,-1,-1,-1,-1,-1,-1,-1,-1,-1,-1,-1,-1,-1,-1,-1,-1,-1,-1,1,1,0,1,0,1,0,1,0,15,56,10,37,68,19,3,12,10,0,0,0,0,0,0,0,0,0,0,0,255,255,255,255,255,255,255,0,0,1,0,255,255,255,255,0,0,0,0,0,0,5,4,-1,-1,-1,-1,-1,-1,0,0,0,0,0,0,3,1,0,0,3,0,0,0,0,0,0,0,0,0,1.12,0,0,0,0,255,255,255,255,255,255,255,255,255,255,255,255,65000000,49430,-1,-1,-1,-1,-1,-1,-1,-1,-1,-1,-1,-1,[0|0|0|0|0|0|0|0|0|0|0|0]
35404,[Libra Raider 1] Rock-like,0,72305000,-1,-1,-1,-1,-1,5054000,5054100,5054200,5054300,50000000,52000000,51000000,53000000,-1,-1,-1,-1,60400000,60410000,-1,-1,-1,-1,-1,-1,-1,-1,-1,-1,-1,-1,-1,-1,-1,-1,-1,-1,-1,-1,-1,1,1,0,1,0,1,0,1,0,15,56,10,37,68,19,3,12,10,0,0,0,0,0,0,0,0,0,0,0,255,255,255,255,255,255,255,0,0,1,0,255,255,255,255,0,0,0,0,0,0,5,4,-1,-1,-1,-1,-1,-1,0,0,0,0,0,0,3,1,0,0,3,0,0,0,0,0,0,0,0,0,1.12,0,0,0,0,255,255,255,255,255,255,255,255,255,255,255,255,65000000,49450,-1,-1,-1,-1,-1,-1,-1,-1,-1,-1,-1,-1,[0|0|0|0|0|0|0|0|0|0|0|0]
35405,[Libra Raider 1] Catarina,0,72305000,-1,-1,-1,-1,-1,5064000,5064100,5064200,5064300,50000000,52000000,51000000,53000000,-1,-1,-1,-1,60400000,60410000,-1,-1,-1,-1,-1,-1,-1,-1,-1,-1,-1,-1,-1,-1,-1,-1,-1,-1,-1,-1,-1,1,1,0,1,0,1,0,1,0,15,56,10,37,68,19,3,12,10,0,0,0,0,0,0,0,0,0,0,0,255,255,255,255,255,255,255,0,0,1,0,255,255,255,255,0,0,0,0,0,0,5,4,-1,-1,-1,-1,-1,-1,0,0,0,0,0,0,3,1,0,0,3,0,0,0,0,0,0,0,0,0,1.12,0,0,0,0,255,255,255,255,255,255,255,255,255,255,255,255,65000000,49460,-1,-1,-1,-1,-1,-1,-1,-1,-1,-1,-1,-1,[0|0|0|0|0|0|0|0|0|0|0|0]
35410,[Libra Raider 2] Default,0,71502000,-1,71218000,-1,-1,-1,5004000,5004100,5004200,5004300,50000000,52000000,51000000,53000000,-1,-1,-1,-1,60400000,60410000,-1,-1,-1,-1,-1,-1,-1,-1,-1,-1,-1,1210,-1,-1,-1,-1,-1,-1,-1,-1,-1,1,1,0,1,0,1,0,1,0,15,56,10,37,68,19,3,12,10,0,2,0,0,0,0,0,0,0,0,0,255,255,255,255,255,255,255,0,0,1,0,255,255,255,255,0,0,0,0,0,0,5,4,-1,-1,-1,-1,-1,-1,0,0,0,0,0,0,3,1,0,0,3,0,0,0,0,0,0,0,0,0,1.12,0,0,0,0,255,255,255,255,255,255,255,255,255,255,255,255,65000000,49400,-1,-1,-1,-1,-1,-1,-1,-1,-1,-1,-1,-1,[0|0|0|0|0|0|0|0|0|0|0|0]
35411,[Libra Raider 2] Dawn,0,71502000,-1,71218000,-1,-1,-1,5014000,5014100,5014200,5014300,50000000,52000000,51000000,53000000,-1,-1,-1,-1,60400000,60410000,-1,-1,-1,-1,-1,-1,-1,-1,-1,-1,-1,1210,-1,-1,-1,-1,-1,-1,-1,-1,-1,1,1,0,1,0,1,0,1,0,15,56,10,37,68,19,3,12,10,0,2,0,0,0,0,0,0,0,0,0,255,255,255,255,255,255,255,0,0,1,0,255,255,255,255,0,0,0,0,0,0,5,4,-1,-1,-1,-1,-1,-1,0,0,0,0,0,0,3,1,0,0,3,0,0,0,0,0,0,0,0,0,1.12,0,0,0,0,255,255,255,255,255,255,255,255,255,255,255,255,65000000,49410,-1,-1,-1,-1,-1,-1,-1,-1,-1,-1,-1,-1,[0|0|0|0|0|0|0|0|0|0|0|0]
35412,[Libra Raider 2] Darkness,0,71502000,-1,71218000,-1,-1,-1,5024000,5024100,5024200,5024300,50000000,52000000,51000000,53000000,-1,-1,-1,-1,60400000,60410000,-1,-1,-1,-1,-1,-1,-1,-1,-1,-1,-1,1210,-1,-1,-1,-1,-1,-1,-1,-1,-1,1,1,0,1,0,1,0,1,0,15,56,10,37,68,19,3,12,10,0,2,0,0,0,0,0,0,0,0,0,255,255,255,255,255,255,255,0,0,1,0,255,255,255,255,0,0,0,0,0,0,5,4,-1,-1,-1,-1,-1,-1,0,0,0,0,0,0,3,1,0,0,3,0,0,0,0,0,0,0,0,0,1.12,0,0,0,0,255,255,255,255,255,255,255,255,255,255,255,255,65000000,49420,-1,-1,-1,-1,-1,-1,-1,-1,-1,-1,-1,-1,[0|0|0|0|0|0|0|0|0|0|0|0]
35413,[Libra Raider 2] Remembrance,0,71502000,-1,71218000,-1,-1,-1,5034000,5034100,5034200,5034300,50000000,52000000,51000000,53000000,-1,-1,-1,-1,60400000,60410000,-1,-1,-1,-1,-1,-1,-1,-1,-1,-1,-1,1210,-1,-1,-1,-1,-1,-1,-1,-1,-1,1,1,0,1,0,1,0,1,0,15,56,10,37,68,19,3,12,10,0,2,0,0,0,0,0,0,0,0,0,255,255,255,255,255,255,255,0,0,1,0,255,255,255,255,0,0,0,0,0,0,5,4,-1,-1,-1,-1,-1,-1,0,0,0,0,0,0,3,1,0,0,3,0,0,0,0,0,0,0,0,0,1.12,0,0,0,0,255,255,255,255,255,255,255,255,255,255,255,255,65000000,49430,-1,-1,-1,-1,-1,-1,-1,-1,-1,-1,-1,-1,[0|0|0|0|0|0|0|0|0|0|0|0]
35414,[Libra Raider 2] Rock-like,0,71502000,-1,71218000,-1,-1,-1,5054000,5054100,5054200,5054300,50000000,52000000,51000000,53000000,-1,-1,-1,-1,60400000,60410000,-1,-1,-1,-1,-1,-1,-1,-1,-1,-1,-1,1210,-1,-1,-1,-1,-1,-1,-1,-1,-1,1,1,0,1,0,1,0,1,0,15,56,10,37,68,19,3,12,10,0,2,0,0,0,0,0,0,0,0,0,255,255,255,255,255,255,255,0,0,1,0,255,255,255,255,0,0,0,0,0,0,5,4,-1,-1,-1,-1,-1,-1,0,0,0,0,0,0,3,1,0,0,3,0,0,0,0,0,0,0,0,0,1.12,0,0,0,0,255,255,255,255,255,255,255,255,255,255,255,255,65000000,49450,-1,-1,-1,-1,-1,-1,-1,-1,-1,-1,-1,-1,[0|0|0|0|0|0|0|0|0|0|0|0]
35415,[Libra Raider 2] Catarina,0,71502000,-1,71218000,-1,-1,-1,5064000,5064100,5064200,5064300,50000000,52000000,51000000,53000000,-1,-1,-1,-1,60400000,60410000,-1,-1,-1,-1,-1,-1,-1,-1,-1,-1,-1,1210,-1,-1,-1,-1,-1,-1,-1,-1,-1,1,1,0,1,0,1,0,1,0,15,56,10,37,68,19,3,12,10,0,2,0,0,0,0,0,0,0,0,0,255,255,255,255,255,255,255,0,0,1,0,255,255,255,255,0,0,0,0,0,0,5,4,-1,-1,-1,-1,-1,-1,0,0,0,0,0,0,3,1,0,0,3,0,0,0,0,0,0,0,0,0,1.12,0,0,0,0,255,255,255,255,255,255,255,255,255,255,255,255,65000000,49460,-1,-1,-1,-1,-1,-1,-1,-1,-1,-1,-1,-1,[0|0|0|0|0|0|0|0|0|0|0|0]
35420,[Libra Raider 3] Default,0,72300000,-1,73216000,-1,-1,-1,5004000,5004100,5004200,5004300,50000000,52000000,51000000,53000000,-1,-1,-1,-1,60400000,60410000,-1,-1,-1,-1,-1,-1,-1,-1,-1,-1,-1,-1,-1,-1,-1,-1,-1,-1,-1,-1,-1,1,1,0,1,0,1,0,1,0,15,56,10,37,68,19,3,12,10,0,0,0,0,0,0,0,0,0,0,0,255,255,255,255,255,255,255,0,0,1,0,255,255,255,255,0,0,0,0,0,0,5,4,-1,-1,-1,-1,-1,-1,0,0,0,0,0,0,3,1,0,0,3,0,0,0,0,0,0,0,0,0,1.12,0,0,0,0,255,255,255,255,255,255,255,255,255,255,255,255,65000000,49400,-1,-1,-1,-1,-1,-1,-1,-1,-1,-1,-1,-1,[0|0|0|0|0|0|0|0|0|0|0|0]
35421,[Libra Raider 3] Dawn,0,72300000,-1,73216000,-1,-1,-1,5014000,5014100,5014200,5014300,50000000,52000000,51000000,53000000,-1,-1,-1,-1,60400000,60410000,-1,-1,-1,-1,-1,-1,-1,-1,-1,-1,-1,-1,-1,-1,-1,-1,-1,-1,-1,-1,-1,1,1,0,1,0,1,0,1,0,15,56,10,37,68,19,3,12,10,0,0,0,0,0,0,0,0,0,0,0,255,255,255,255,255,255,255,0,0,1,0,255,255,255,255,0,0,0,0,0,0,5,4,-1,-1,-1,-1,-1,-1,0,0,0,0,0,0,3,1,0,0,3,0,0,0,0,0,0,0,0,0,1.12,0,0,0,0,255,255,255,255,255,255,255,255,255,255,255,255,65000000,49410,-1,-1,-1,-1,-1,-1,-1,-1,-1,-1,-1,-1,[0|0|0|0|0|0|0|0|0|0|0|0]
35422,[Libra Raider 3] Darkness,0,72300000,-1,73216000,-1,-1,-1,5024000,5024100,5024200,5024300,50000000,52000000,51000000,53000000,-1,-1,-1,-1,60400000,60410000,-1,-1,-1,-1,-1,-1,-1,-1,-1,-1,-1,-1,-1,-1,-1,-1,-1,-1,-1,-1,-1,1,1,0,1,0,1,0,1,0,15,56,10,37,68,19,3,12,10,0,0,0,0,0,0,0,0,0,0,0,255,255,255,255,255,255,255,0,0,1,0,255,255,255,255,0,0,0,0,0,0,5,4,-1,-1,-1,-1,-1,-1,0,0,0,0,0,0,3,1,0,0,3,0,0,0,0,0,0,0,0,0,1.12,0,0,0,0,255,255,255,255,255,255,255,255,255,255,255,255,65000000,49420,-1,-1,-1,-1,-1,-1,-1,-1,-1,-1,-1,-1,[0|0|0|0|0|0|0|0|0|0|0|0]
35423,[Libra Raider 3] Remembrance,0,72300000,-1,73216000,-1,-1,-1,5034000,5034100,5034200,5034300,50000000,52000000,51000000,53000000,-1,-1,-1,-1,60400000,60410000,-1,-1,-1,-1,-1,-1,-1,-1,-1,-1,-1,-1,-1,-1,-1,-1,-1,-1,-1,-1,-1,1,1,0,1,0,1,0,1,0,15,56,10,37,68,19,3,12,10,0,0,0,0,0,0,0,0,0,0,0,255,255,255,255,255,255,255,0,0,1,0,255,255,255,255,0,0,0,0,0,0,5,4,-1,-1,-1,-1,-1,-1,0,0,0,0,0,0,3,1,0,0,3,0,0,0,0,0,0,0,0,0,1.12,0,0,0,0,255,255,255,255,255,255,255,255,255,255,255,255,65000000,49430,-1,-1,-1,-1,-1,-1,-1,-1,-1,-1,-1,-1,[0|0|0|0|0|0|0|0|0|0|0|0]
35424,[Libra Raider 3] Rock-like,0,72300000,-1,73216000,-1,-1,-1,5054000,5054100,5054200,5054300,50000000,52000000,51000000,53000000,-1,-1,-1,-1,60400000,60410000,-1,-1,-1,-1,-1,-1,-1,-1,-1,-1,-1,-1,-1,-1,-1,-1,-1,-1,-1,-1,-1,1,1,0,1,0,1,0,1,0,15,56,10,37,68,19,3,12,10,0,0,0,0,0,0,0,0,0,0,0,255,255,255,255,255,255,255,0,0,1,0,255,255,255,255,0,0,0,0,0,0,5,4,-1,-1,-1,-1,-1,-1,0,0,0,0,0,0,3,1,0,0,3,0,0,0,0,0,0,0,0,0,1.12,0,0,0,0,255,255,255,255,255,255,255,255,255,255,255,255,65000000,49450,-1,-1,-1,-1,-1,-1,-1,-1,-1,-1,-1,-1,[0|0|0|0|0|0|0|0|0|0|0|0]
35425,[Libra Raider 3] Catarina,0,72300000,-1,73216000,-1,-1,-1,5064000,5064100,5064200,5064300,50000000,52000000,51000000,53000000,-1,-1,-1,-1,60400000,60410000,-1,-1,-1,-1,-1,-1,-1,-1,-1,-1,-1,-1,-1,-1,-1,-1,-1,-1,-1,-1,-1,1,1,0,1,0,1,0,1,0,15,56,10,37,68,19,3,12,10,0,0,0,0,0,0,0,0,0,0,0,255,255,255,255,255,255,255,0,0,1,0,255,255,255,255,0,0,0,0,0,0,5,4,-1,-1,-1,-1,-1,-1,0,0,0,0,0,0,3,1,0,0,3,0,0,0,0,0,0,0,0,0,1.12,0,0,0,0,255,255,255,255,255,255,255,255,255,255,255,255,65000000,49460,-1,-1,-1,-1,-1,-1,-1,-1,-1,-1,-1,-1,[0|0|0|0|0|0|0|0|0|0|0|0]
35500,[Libra Revenant 1] Default,0,70400000,-1,72311000,-1,-1,-1,5005000,5005100,5005200,5005300,50000000,52000000,51000000,53000000,-1,-1,-1,-1,60500000,60510000,60520000,-1,-1,-1,-1,-1,-1,-1,-1,-1,-1,3000,-1,-1,-1,-1,-1,-1,-1,-1,-1,12,1,0,1,0,1,0,1,0,15,35,31,21,21,21,30,51,12,0,1,0,0,0,0,0,0,0,0,0,255,255,255,255,255,255,255,0,0,0,0,255,255,255,255,0,0,0,0,0,0,6,2,-1,-1,-1,-1,-1,-1,0,0,0,0,0,0,3,1,0,0,3,0,0,0,0,0,0,0,0,0,0.85,0,0,0,0,255,255,255,255,255,255,255,255,255,255,255,255,65000000,49500,-1,-1,-1,-1,-1,-1,-1,-1,-1,-1,-1,-1,[0|0|0|0|0|0|0|0|0|0|0|0]
35501,[Libra Revenant 1] Dawn,0,70400000,-1,72311000,-1,-1,-1,5015000,5015100,5015200,5015300,50000000,52000000,51000000,53000000,-1,-1,-1,-1,60500000,60510000,60520000,-1,-1,-1,-1,-1,-1,-1,-1,-1,-1,3000,-1,-1,-1,-1,-1,-1,-1,-1,-1,12,1,0,1,0,1,0,1,0,15,35,31,21,21,21,30,51,12,0,1,0,0,0,0,0,0,0,0,0,255,255,255,255,255,255,255,0,0,0,0,255,255,255,255,0,0,0,0,0,0,6,2,-1,-1,-1,-1,-1,-1,0,0,0,0,0,0,3,1,0,0,3,0,0,0,0,0,0,0,0,0,0.85,0,0,0,0,255,255,255,255,255,255,255,255,255,255,255,255,65000000,49510,-1,-1,-1,-1,-1,-1,-1,-1,-1,-1,-1,-1,[0|0|0|0|0|0|0|0|0|0|0|0]
35502,[Libra Revenant 1] Darkness,0,70400000,-1,72311000,-1,-1,-1,5025000,5025100,5025200,5025300,50000000,52000000,51000000,53000000,-1,-1,-1,-1,60500000,60510000,60520000,-1,-1,-1,-1,-1,-1,-1,-1,-1,-1,3000,-1,-1,-1,-1,-1,-1,-1,-1,-1,12,1,0,1,0,1,0,1,0,15,35,31,21,21,21,30,51,12,0,1,0,0,0,0,0,0,0,0,0,255,255,255,255,255,255,255,0,0,0,0,255,255,255,255,0,0,0,0,0,0,6,2,-1,-1,-1,-1,-1,-1,0,0,0,0,0,0,3,1,0,0,3,0,0,0,0,0,0,0,0,0,0.85,0,0,0,0,255,255,255,255,255,255,255,255,255,255,255,255,65000000,49520,-1,-1,-1,-1,-1,-1,-1,-1,-1,-1,-1,-1,[0|0|0|0|0|0|0|0|0|0|0|0]
35503,[Libra Revenant 1] Remembrance,0,70400000,-1,72311000,-1,-1,-1,5035000,5035100,5035200,5035300,50000000,52000000,51000000,53000000,-1,-1,-1,-1,60500000,60510000,60520000,-1,-1,-1,-1,-1,-1,-1,-1,-1,-1,3000,-1,-1,-1,-1,-1,-1,-1,-1,-1,12,1,0,1,0,1,0,1,0,15,35,31,21,21,21,30,51,12,0,1,0,0,0,0,0,0,0,0,0,255,255,255,255,255,255,255,0,0,0,0,255,255,255,255,0,0,0,0,0,0,6,2,-1,-1,-1,-1,-1,-1,0,0,0,0,0,0,3,1,0,0,3,0,0,0,0,0,0,0,0,0,0.85,0,0,0,0,255,255,255,255,255,255,255,255,255,255,255,255,65000000,49530,-1,-1,-1,-1,-1,-1,-1,-1,-1,-1,-1,-1,[0|0|0|0|0|0|0|0|0|0|0|0]
35504,[Libra Revenant 1] The Sister in the Painting,0,70400000,-1,72311000,-1,-1,-1,5055000,5055100,5055200,5055300,50000000,52000000,51000000,53000000,-1,-1,-1,-1,60500000,60510000,60520000,-1,-1,-1,-1,-1,-1,-1,-1,-1,-1,3000,-1,-1,-1,-1,-1,-1,-1,-1,-1,12,1,0,1,0,1,0,1,0,15,35,31,21,21,21,30,51,12,0,1,0,0,0,0,0,0,0,0,0,255,255,255,255,255,255,255,0,0,0,0,255,255,255,255,0,0,0,0,0,0,6,2,-1,-1,-1,-1,-1,-1,0,0,0,0,0,0,3,1,0,0,3,0,0,0,0,0,0,0,0,0,0.85,0,0,0,0,255,255,255,255,255,255,255,255,255,255,255,255,65000000,49550,-1,-1,-1,-1,-1,-1,-1,-1,-1,-1,-1,-1,[0|0|0|0|0|0|0|0|0|0|0|0]
35505,[Libra Revenant 1] Dragon School,0,70400000,-1,72311000,-1,-1,-1,5065000,5065100,5065200,5065300,50000000,52000000,51000000,53000000,-1,-1,-1,-1,60500000,60510000,60520000,-1,-1,-1,-1,-1,-1,-1,-1,-1,-1,3000,-1,-1,-1,-1,-1,-1,-1,-1,-1,12,1,0,1,0,1,0,1,0,15,35,31,21,21,21,30,51,12,0,1,0,0,0,0,0,0,0,0,0,255,255,255,255,255,255,255,0,0,0,0,255,255,255,255,0,0,0,0,0,0,6,2,-1,-1,-1,-1,-1,-1,0,0,0,0,0,0,3,1,0,0,3,0,0,0,0,0,0,0,0,0,0.85,0,0,0,0,255,255,255,255,255,255,255,255,255,255,255,255,65000000,49560,-1,-1,-1,-1,-1,-1,-1,-1,-1,-1,-1,-1,[0|0|0|0|0|0|0|0|0|0|0|0]
35510,[Libra Revenant 2] Default,0,36040000,-1,36030000,-1,-1,-1,5005000,5005100,5005200,5005300,50000000,52000000,51000000,53000000,-1,-1,-1,-1,60500000,60510000,60520000,-1,-1,-1,-1,-1,-1,-1,-1,-1,-1,-1,-1,-1,-1,-1,-1,-1,-1,-1,-1,12,1,0,1,0,1,0,1,0,15,35,31,21,21,21,30,51,12,0,0,0,0,0,0,0,0,0,0,0,255,255,255,255,255,255,255,0,0,0,0,255,255,255,255,0,0,0,0,0,0,6,2,-1,-1,-1,-1,-1,-1,0,0,0,0,0,0,3,1,0,0,3,0,0,0,0,0,0,0,0,0,0.85,0,0,0,0,255,255,255,255,255,255,255,255,255,255,255,255,65000000,49500,-1,-1,-1,-1,-1,-1,-1,-1,-1,-1,-1,-1,[0|0|0|0|0|0|0|0|0|0|0|0]
35511,[Libra Revenant 2] Dawn,0,36040000,-1,36030000,-1,-1,-1,5015000,5015100,5015200,5015300,50000000,52000000,51000000,53000000,-1,-1,-1,-1,60500000,60510000,60520000,-1,-1,-1,-1,-1,-1,-1,-1,-1,-1,-1,-1,-1,-1,-1,-1,-1,-1,-1,-1,12,1,0,1,0,1,0,1,0,15,35,31,21,21,21,30,51,12,0,0,0,0,0,0,0,0,0,0,0,255,255,255,255,255,255,255,0,0,0,0,255,255,255,255,0,0,0,0,0,0,6,2,-1,-1,-1,-1,-1,-1,0,0,0,0,0,0,3,1,0,0,3,0,0,0,0,0,0,0,0,0,0.85,0,0,0,0,255,255,255,255,255,255,255,255,255,255,255,255,65000000,49510,-1,-1,-1,-1,-1,-1,-1,-1,-1,-1,-1,-1,[0|0|0|0|0|0|0|0|0|0|0|0]
35512,[Libra Revenant 2] Darkness,0,36040000,-1,36030000,-1,-1,-1,5025000,5025100,5025200,5025300,50000000,52000000,51000000,53000000,-1,-1,-1,-1,60500000,60510000,60520000,-1,-1,-1,-1,-1,-1,-1,-1,-1,-1,-1,-1,-1,-1,-1,-1,-1,-1,-1,-1,12,1,0,1,0,1,0,1,0,15,35,31,21,21,21,30,51,12,0,0,0,0,0,0,0,0,0,0,0,255,255,255,255,255,255,255,0,0,0,0,255,255,255,255,0,0,0,0,0,0,6,2,-1,-1,-1,-1,-1,-1,0,0,0,0,0,0,3,1,0,0,3,0,0,0,0,0,0,0,0,0,0.85,0,0,0,0,255,255,255,255,255,255,255,255,255,255,255,255,65000000,49520,-1,-1,-1,-1,-1,-1,-1,-1,-1,-1,-1,-1,[0|0|0|0|0|0|0|0|0|0|0|0]
35513,[Libra Revenant 2] Remembrance,0,36040000,-1,36030000,-1,-1,-1,5035000,5035100,5035200,5035300,50000000,52000000,51000000,53000000,-1,-1,-1,-1,60500000,60510000,60520000,-1,-1,-1,-1,-1,-1,-1,-1,-1,-1,-1,-1,-1,-1,-1,-1,-1,-1,-1,-1,12,1,0,1,0,1,0,1,0,15,35,31,21,21,21,30,51,12,0,0,0,0,0,0,0,0,0,0,0,255,255,255,255,255,255,255,0,0,0,0,255,255,255,255,0,0,0,0,0,0,6,2,-1,-1,-1,-1,-1,-1,0,0,0,0,0,0,3,1,0,0,3,0,0,0,0,0,0,0,0,0,0.85,0,0,0,0,255,255,255,255,255,255,255,255,255,255,255,255,65000000,49530,-1,-1,-1,-1,-1,-1,-1,-1,-1,-1,-1,-1,[0|0|0|0|0|0|0|0|0|0|0|0]
35514,[Libra Revenant 2] The Sister in the Painting,0,36040000,-1,36030000,-1,-1,-1,5055000,5055100,5055200,5055300,50000000,52000000,51000000,53000000,-1,-1,-1,-1,60500000,60510000,60520000,-1,-1,-1,-1,-1,-1,-1,-1,-1,-1,-1,-1,-1,-1,-1,-1,-1,-1,-1,-1,12,1,0,1,0,1,0,1,0,15,35,31,21,21,21,30,51,12,0,0,0,0,0,0,0,0,0,0,0,255,255,255,255,255,255,255,0,0,0,0,255,255,255,255,0,0,0,0,0,0,6,2,-1,-1,-1,-1,-1,-1,0,0,0,0,0,0,3,1,0,0,3,0,0,0,0,0,0,0,0,0,0.85,0,0,0,0,255,255,255,255,255,255,255,255,255,255,255,255,65000000,49550,-1,-1,-1,-1,-1,-1,-1,-1,-1,-1,-1,-1,[0|0|0|0|0|0|0|0|0|0|0|0]
35515,[Libra Revenant 2] Dragon School,0,36040000,-1,36030000,-1,-1,-1,5065000,5065100,5065200,5065300,50000000,52000000,51000000,53000000,-1,-1,-1,-1,60500000,60510000,60520000,-1,-1,-1,-1,-1,-1,-1,-1,-1,-1,-1,-1,-1,-1,-1,-1,-1,-1,-1,-1,12,1,0,1,0,1,0,1,0,15,35,31,21,21,21,30,51,12,0,0,0,0,0,0,0,0,0,0,0,255,255,255,255,255,255,255,0,0,0,0,255,255,255,255,0,0,0,0,0,0,6,2,-1,-1,-1,-1,-1,-1,0,0,0,0,0,0,3,1,0,0,3,0,0,0,0,0,0,0,0,0,0.85,0,0,0,0,255,255,255,255,255,255,255,255,255,255,255,255,65000000,49560,-1,-1,-1,-1,-1,-1,-1,-1,-1,-1,-1,-1,[0|0|0|0|0|0|0|0|0|0|0|0]
35520,[Libra Revenant 3] Default,0,71901000,-1,36060000,-1,-1,-1,5005000,5005100,5005200,5005300,50000000,52000000,51000000,53000000,-1,-1,-1,-1,60500000,60510000,60520000,-1,-1,-1,-1,-1,-1,-1,-1,-1,-1,-1,-1,-1,-1,-1,-1,-1,-1,-1,-1,12,1,0,1,0,1,0,1,0,15,35,31,21,21,21,30,51,12,0,0,0,0,0,0,0,0,0,0,0,255,255,255,255,255,255,255,0,0,0,0,255,255,255,255,0,0,0,0,0,0,6,2,-1,-1,-1,-1,-1,-1,0,0,0,0,0,0,3,1,0,0,3,0,0,0,0,0,0,0,0,0,0.85,0,0,0,0,255,255,255,255,255,255,255,255,255,255,255,255,65000000,49500,-1,-1,-1,-1,-1,-1,-1,-1,-1,-1,-1,-1,[0|0|0|0|0|0|0|0|0|0|0|0]
35521,[Libra Revenant 3] Dawn,0,71901000,-1,36060000,-1,-1,-1,5015000,5015100,5015200,5015300,50000000,52000000,51000000,53000000,-1,-1,-1,-1,60500000,60510000,60520000,-1,-1,-1,-1,-1,-1,-1,-1,-1,-1,-1,-1,-1,-1,-1,-1,-1,-1,-1,-1,12,1,0,1,0,1,0,1,0,15,35,31,21,21,21,30,51,12,0,0,0,0,0,0,0,0,0,0,0,255,255,255,255,255,255,255,0,0,0,0,255,255,255,255,0,0,0,0,0,0,6,2,-1,-1,-1,-1,-1,-1,0,0,0,0,0,0,3,1,0,0,3,0,0,0,0,0,0,0,0,0,0.85,0,0,0,0,255,255,255,255,255,255,255,255,255,255,255,255,65000000,49510,-1,-1,-1,-1,-1,-1,-1,-1,-1,-1,-1,-1,[0|0|0|0|0|0|0|0|0|0|0|0]
35522,[Libra Revenant 3] Darkness,0,71901000,-1,36060000,-1,-1,-1,5025000,5025100,5025200,5025300,50000000,52000000,51000000,53000000,-1,-1,-1,-1,60500000,60510000,60520000,-1,-1,-1,-1,-1,-1,-1,-1,-1,-1,-1,-1,-1,-1,-1,-1,-1,-1,-1,-1,12,1,0,1,0,1,0,1,0,15,35,31,21,21,21,30,51,12,0,0,0,0,0,0,0,0,0,0,0,255,255,255,255,255,255,255,0,0,0,0,255,255,255,255,0,0,0,0,0,0,6,2,-1,-1,-1,-1,-1,-1,0,0,0,0,0,0,3,1,0,0,3,0,0,0,0,0,0,0,0,0,0.85,0,0,0,0,255,255,255,255,255,255,255,255,255,255,255,255,65000000,49520,-1,-1,-1,-1,-1,-1,-1,-1,-1,-1,-1,-1,[0|0|0|0|0|0|0|0|0|0|0|0]
35523,[Libra Revenant 3] Remembrance,0,71901000,-1,36060000,-1,-1,-1,5035000,5035100,5035200,5035300,50000000,52000000,51000000,53000000,-1,-1,-1,-1,60500000,60510000,60520000,-1,-1,-1,-1,-1,-1,-1,-1,-1,-1,-1,-1,-1,-1,-1,-1,-1,-1,-1,-1,12,1,0,1,0,1,0,1,0,15,35,31,21,21,21,30,51,12,0,0,0,0,0,0,0,0,0,0,0,255,255,255,255,255,255,255,0,0,0,0,255,255,255,255,0,0,0,0,0,0,6,2,-1,-1,-1,-1,-1,-1,0,0,0,0,0,0,3,1,0,0,3,0,0,0,0,0,0,0,0,0,0.85,0,0,0,0,255,255,255,255,255,255,255,255,255,255,255,255,65000000,49530,-1,-1,-1,-1,-1,-1,-1,-1,-1,-1,-1,-1,[0|0|0|0|0|0|0|0|0|0|0|0]
35524,[Libra Revenant 3] The Sister in the Painting,0,71901000,-1,36060000,-1,-1,-1,5055000,5055100,5055200,5055300,50000000,52000000,51000000,53000000,-1,-1,-1,-1,60500000,60510000,60520000,-1,-1,-1,-1,-1,-1,-1,-1,-1,-1,-1,-1,-1,-1,-1,-1,-1,-1,-1,-1,12,1,0,1,0,1,0,1,0,15,35,31,21,21,21,30,51,12,0,0,0,0,0,0,0,0,0,0,0,255,255,255,255,255,255,255,0,0,0,0,255,255,255,255,0,0,0,0,0,0,6,2,-1,-1,-1,-1,-1,-1,0,0,0,0,0,0,3,1,0,0,3,0,0,0,0,0,0,0,0,0,0.85,0,0,0,0,255,255,255,255,255,255,255,255,255,255,255,255,65000000,49550,-1,-1,-1,-1,-1,-1,-1,-1,-1,-1,-1,-1,[0|0|0|0|0|0|0|0|0|0|0|0]
35525,[Libra Revenant 3] Dragon School,0,71901000,-1,36060000,-1,-1,-1,5065000,5065100,5065200,5065300,50000000,52000000,51000000,53000000,-1,-1,-1,-1,60500000,60510000,60520000,-1,-1,-1,-1,-1,-1,-1,-1,-1,-1,-1,-1,-1,-1,-1,-1,-1,-1,-1,-1,12,1,0,1,0,1,0,1,0,15,35,31,21,21,21,30,51,12,0,0,0,0,0,0,0,0,0,0,0,255,255,255,255,255,255,255,0,0,0,0,255,255,255,255,0,0,0,0,0,0,6,2,-1,-1,-1,-1,-1,-1,0,0,0,0,0,0,3,1,0,0,3,0,0,0,0,0,0,0,0,0,0.85,0,0,0,0,255,255,255,255,255,255,255,255,255,255,255,255,65000000,49560,-1,-1,-1,-1,-1,-1,-1,-1,-1,-1,-1,-1,[0|0|0|0|0|0|0|0|0|0|0|0]
35600,[Libra Recluse 1] Default,0,35260000,-1,70800000,-1,-1,-1,5006000,5006100,5006200,5006300,50000000,52000000,51000000,53000000,-1,-1,-1,-1,60600000,60610000,-1,-1,-1,-1,-1,-1,-1,-1,-1,-1,-1,1750,-1,-1,-1,-1,-1,-1,-1,-1,-1,13,1,0,1,0,1,0,1,0,15,33,30,23,12,19,51,51,10,0,2,0,0,0,0,0,0,0,0,0,255,255,255,255,255,255,255,0,0,0,0,255,255,255,255,0,0,0,0,0,0,7,0,-1,-1,-1,-1,-1,-1,0,0,0,0,0,0,3,1,0,0,3,0,0,0,0,0,0,0,0,0,1.05,0,0,0,0,255,255,255,255,255,255,255,255,255,255,255,255,65000000,49600,-1,-1,-1,-1,-1,-1,-1,-1,-1,-1,-1,-1,[0|0|0|0|0|0|0|0|0|0|0|0]
35601,[Libra Recluse 1] Dawn,0,35260000,-1,70800000,-1,-1,-1,5016000,5016100,5016200,5016300,50000000,52000000,51000000,53000000,-1,-1,-1,-1,60600000,60610000,-1,-1,-1,-1,-1,-1,-1,-1,-1,-1,-1,1750,-1,-1,-1,-1,-1,-1,-1,-1,-1,13,1,0,1,0,1,0,1,0,15,33,30,23,12,19,51,51,10,0,2,0,0,0,0,0,0,0,0,0,255,255,255,255,255,255,255,0,0,0,0,255,255,255,255,0,0,0,0,0,0,7,0,-1,-1,-1,-1,-1,-1,0,0,0,0,0,0,3,1,0,0,3,0,0,0,0,0,0,0,0,0,1.05,0,0,0,0,255,255,255,255,255,255,255,255,255,255,255,255,65000000,49610,-1,-1,-1,-1,-1,-1,-1,-1,-1,-1,-1,-1,[0|0|0|0|0|0|0|0|0|0|0|0]
35602,[Libra Recluse 1] Darkness,0,35260000,-1,70800000,-1,-1,-1,5026000,5026100,5026200,5026300,50000000,52000000,51000000,53000000,-1,-1,-1,-1,60600000,60610000,-1,-1,-1,-1,-1,-1,-1,-1,-1,-1,-1,1750,-1,-1,-1,-1,-1,-1,-1,-1,-1,13,1,0,1,0,1,0,1,0,15,33,30,23,12,19,51,51,10,0,2,0,0,0,0,0,0,0,0,0,255,255,255,255,255,255,255,0,0,0,0,255,255,255,255,0,0,0,0,0,0,7,0,-1,-1,-1,-1,-1,-1,0,0,0,0,0,0,3,1,0,0,3,0,0,0,0,0,0,0,0,0,1.05,0,0,0,0,255,255,255,255,255,255,255,255,255,255,255,255,65000000,49620,-1,-1,-1,-1,-1,-1,-1,-1,-1,-1,-1,-1,[0|0|0|0|0|0|0|0|0|0|0|0]
35603,[Libra Recluse 1] Remembrance,0,35260000,-1,70800000,-1,-1,-1,5036000,5036100,5036200,5036300,50000000,52000000,51000000,53000000,-1,-1,-1,-1,60600000,60610000,-1,-1,-1,-1,-1,-1,-1,-1,-1,-1,-1,1750,-1,-1,-1,-1,-1,-1,-1,-1,-1,13,1,0,1,0,1,0,1,0,15,33,30,23,12,19,51,51,10,0,2,0,0,0,0,0,0,0,0,0,255,255,255,255,255,255,255,0,0,0,0,255,255,255,255,0,0,0,0,0,0,7,0,-1,-1,-1,-1,-1,-1,0,0,0,0,0,0,3,1,0,0,3,0,0,0,0,0,0,0,0,0,1.05,0,0,0,0,255,255,255,255,255,255,255,255,255,255,255,255,65000000,49630,-1,-1,-1,-1,-1,-1,-1,-1,-1,-1,-1,-1,[0|0|0|0|0|0|0|0|0|0|0|0]
35604,[Libra Recluse 1] Heretic Sorcerer,0,35260000,-1,70800000,-1,-1,-1,5056000,5056100,5056200,5056300,50000000,52000000,51000000,53000000,-1,-1,-1,-1,60600000,60610000,-1,-1,-1,-1,-1,-1,-1,-1,-1,-1,-1,1750,-1,-1,-1,-1,-1,-1,-1,-1,-1,13,1,0,1,0,1,0,1,0,15,33,30,23,12,19,51,51,10,0,2,0,0,0,0,0,0,0,0,0,255,255,255,255,255,255,255,0,0,0,0,255,255,255,255,0,0,0,0,0,0,7,0,-1,-1,-1,-1,-1,-1,0,0,0,0,0,0,3,1,0,0,3,0,0,0,0,0,0,0,0,0,1.05,0,0,0,0,255,255,255,255,255,255,255,255,255,255,255,255,65000000,49650,-1,-1,-1,-1,-1,-1,-1,-1,-1,-1,-1,-1,[0|0|0|0|0|0|0|0|0|0|0|0]
35605,[Libra Recluse 1] Emerald Fate,0,35260000,-1,70800000,-1,-1,-1,5066000,5066100,5066200,5066300,50000000,52000000,51000000,53000000,-1,-1,-1,-1,60600000,60610000,-1,-1,-1,-1,-1,-1,-1,-1,-1,-1,-1,1750,-1,-1,-1,-1,-1,-1,-1,-1,-1,13,1,0,1,0,1,0,1,0,15,33,30,23,12,19,51,51,10,0,2,0,0,0,0,0,0,0,0,0,255,255,255,255,255,255,255,0,0,0,0,255,255,255,255,0,0,0,0,0,0,7,0,-1,-1,-1,-1,-1,-1,0,0,0,0,0,0,3,1,0,0,3,0,0,0,0,0,0,0,0,0,1.05,0,0,0,0,255,255,255,255,255,255,255,255,255,255,255,255,65000000,49660,-1,-1,-1,-1,-1,-1,-1,-1,-1,-1,-1,-1,[0|0|0|0|0|0|0|0|0|0|0|0]
35610,[Libra Recluse 2] Default,0,35210000,-1,35090000,-1,-1,-1,5006000,5006100,5006200,5006300,50000000,52000000,51000000,53000000,-1,-1,-1,-1,60600000,60610000,-1,-1,-1,-1,-1,-1,-1,-1,-1,-1,-1,-1,-1,-1,-1,-1,-1,-1,-1,-1,-1,13,1,0,1,0,1,0,1,0,15,33,30,23,12,19,51,51,10,0,0,0,0,0,0,0,0,0,0,0,255,255,255,255,255,255,255,0,0,0,0,255,255,255,255,0,0,0,0,0,0,7,0,-1,-1,-1,-1,-1,-1,0,0,0,0,0,0,3,1,0,0,3,0,0,0,0,0,0,0,0,0,1.05,0,0,0,0,255,255,255,255,255,255,255,255,255,255,255,255,65000000,49600,-1,-1,-1,-1,-1,-1,-1,-1,-1,-1,-1,-1,[0|0|0|0|0|0|0|0|0|0|0|0]
35611,[Libra Recluse 2] Dawn,0,35210000,-1,35090000,-1,-1,-1,5016000,5016100,5016200,5016300,50000000,52000000,51000000,53000000,-1,-1,-1,-1,60600000,60610000,-1,-1,-1,-1,-1,-1,-1,-1,-1,-1,-1,-1,-1,-1,-1,-1,-1,-1,-1,-1,-1,13,1,0,1,0,1,0,1,0,15,33,30,23,12,19,51,51,10,0,0,0,0,0,0,0,0,0,0,0,255,255,255,255,255,255,255,0,0,0,0,255,255,255,255,0,0,0,0,0,0,7,0,-1,-1,-1,-1,-1,-1,0,0,0,0,0,0,3,1,0,0,3,0,0,0,0,0,0,0,0,0,1.05,0,0,0,0,255,255,255,255,255,255,255,255,255,255,255,255,65000000,49610,-1,-1,-1,-1,-1,-1,-1,-1,-1,-1,-1,-1,[0|0|0|0|0|0|0|0|0|0|0|0]
35612,[Libra Recluse 2] Darkness,0,35210000,-1,35090000,-1,-1,-1,5026000,5026100,5026200,5026300,50000000,52000000,51000000,53000000,-1,-1,-1,-1,60600000,60610000,-1,-1,-1,-1,-1,-1,-1,-1,-1,-1,-1,-1,-1,-1,-1,-1,-1,-1,-1,-1,-1,13,1,0,1,0,1,0,1,0,15,33,30,23,12,19,51,51,10,0,0,0,0,0,0,0,0,0,0,0,255,255,255,255,255,255,255,0,0,0,0,255,255,255,255,0,0,0,0,0,0,7,0,-1,-1,-1,-1,-1,-1,0,0,0,0,0,0,3,1,0,0,3,0,0,0,0,0,0,0,0,0,1.05,0,0,0,0,255,255,255,255,255,255,255,255,255,255,255,255,65000000,49620,-1,-1,-1,-1,-1,-1,-1,-1,-1,-1,-1,-1,[0|0|0|0|0|0|0|0|0|0|0|0]
35613,[Libra Recluse 2] Remembrance,0,35210000,-1,35090000,-1,-1,-1,5036000,5036100,5036200,5036300,50000000,52000000,51000000,53000000,-1,-1,-1,-1,60600000,60610000,-1,-1,-1,-1,-1,-1,-1,-1,-1,-1,-1,-1,-1,-1,-1,-1,-1,-1,-1,-1,-1,13,1,0,1,0,1,0,1,0,15,33,30,23,12,19,51,51,10,0,0,0,0,0,0,0,0,0,0,0,255,255,255,255,255,255,255,0,0,0,0,255,255,255,255,0,0,0,0,0,0,7,0,-1,-1,-1,-1,-1,-1,0,0,0,0,0,0,3,1,0,0,3,0,0,0,0,0,0,0,0,0,1.05,0,0,0,0,255,255,255,255,255,255,255,255,255,255,255,255,65000000,49630,-1,-1,-1,-1,-1,-1,-1,-1,-1,-1,-1,-1,[0|0|0|0|0|0|0|0|0|0|0|0]
35614,[Libra Recluse 2] Heretic Sorcerer,0,35210000,-1,35090000,-1,-1,-1,5056000,5056100,5056200,5056300,50000000,52000000,51000000,53000000,-1,-1,-1,-1,60600000,60610000,-1,-1,-1,-1,-1,-1,-1,-1,-1,-1,-1,-1,-1,-1,-1,-1,-1,-1,-1,-1,-1,13,1,0,1,0,1,0,1,0,15,33,30,23,12,19,51,51,10,0,0,0,0,0,0,0,0,0,0,0,255,255,255,255,255,255,255,0,0,0,0,255,255,255,255,0,0,0,0,0,0,7,0,-1,-1,-1,-1,-1,-1,0,0,0,0,0,0,3,1,0,0,3,0,0,0,0,0,0,0,0,0,1.05,0,0,0,0,255,255,255,255,255,255,255,255,255,255,255,255,65000000,49650,-1,-1,-1,-1,-1,-1,-1,-1,-1,-1,-1,-1,[0|0|0|0|0|0|0|0|0|0|0|0]
35615,[Libra Recluse 2] Emerald Fate,0,35210000,-1,35090000,-1,-1,-1,5066000,5066100,5066200,5066300,50000000,52000000,51000000,53000000,-1,-1,-1,-1,60600000,60610000,-1,-1,-1,-1,-1,-1,-1,-1,-1,-1,-1,-1,-1,-1,-1,-1,-1,-1,-1,-1,-1,13,1,0,1,0,1,0,1,0,15,33,30,23,12,19,51,51,10,0,0,0,0,0,0,0,0,0,0,0,255,255,255,255,255,255,255,0,0,0,0,255,255,255,255,0,0,0,0,0,0,7,0,-1,-1,-1,-1,-1,-1,0,0,0,0,0,0,3,1,0,0,3,0,0,0,0,0,0,0,0,0,1.05,0,0,0,0,255,255,255,255,255,255,255,255,255,255,255,255,65000000,49660,-1,-1,-1,-1,-1,-1,-1,-1,-1,-1,-1,-1,[0|0|0|0|0|0|0|0|0|0|0|0]
35620,[Libra Recluse 3] Default,0,35280000,-1,35281000,-1,-1,-1,5006000,5006100,5006200,5006300,50000000,52000000,51000000,53000000,-1,-1,-1,-1,60600000,60610000,-1,-1,-1,-1,-1,-1,-1,-1,-1,-1,-1,-1,-1,-1,-1,-1,-1,-1,-1,-1,-1,13,1,0,1,0,1,0,1,0,15,33,30,23,12,19,51,51,10,0,0,0,0,0,0,0,0,0,0,0,255,255,255,255,255,255,255,0,0,0,0,255,255,255,255,0,0,0,0,0,0,7,0,-1,-1,-1,-1,-1,-1,0,0,0,0,0,0,3,1,0,0,3,0,0,0,0,0,0,0,0,0,1.05,0,0,0,0,255,255,255,255,255,255,255,255,255,255,255,255,65000000,49600,-1,-1,-1,-1,-1,-1,-1,-1,-1,-1,-1,-1,[0|0|0|0|0|0|0|0|0|0|0|0]
35621,[Libra Recluse 3] Dawn,0,35280000,-1,35281000,-1,-1,-1,5016000,5016100,5016200,5016300,50000000,52000000,51000000,53000000,-1,-1,-1,-1,60600000,60610000,-1,-1,-1,-1,-1,-1,-1,-1,-1,-1,-1,-1,-1,-1,-1,-1,-1,-1,-1,-1,-1,13,1,0,1,0,1,0,1,0,15,33,30,23,12,19,51,51,10,0,0,0,0,0,0,0,0,0,0,0,255,255,255,255,255,255,255,0,0,0,0,255,255,255,255,0,0,0,0,0,0,7,0,-1,-1,-1,-1,-1,-1,0,0,0,0,0,0,3,1,0,0,3,0,0,0,0,0,0,0,0,0,1.05,0,0,0,0,255,255,255,255,255,255,255,255,255,255,255,255,65000000,49610,-1,-1,-1,-1,-1,-1,-1,-1,-1,-1,-1,-1,[0|0|0|0|0|0|0|0|0|0|0|0]
35622,[Libra Recluse 3] Darkness,0,35280000,-1,35281000,-1,-1,-1,5026000,5026100,5026200,5026300,50000000,52000000,51000000,53000000,-1,-1,-1,-1,60600000,60610000,-1,-1,-1,-1,-1,-1,-1,-1,-1,-1,-1,-1,-1,-1,-1,-1,-1,-1,-1,-1,-1,13,1,0,1,0,1,0,1,0,15,33,30,23,12,19,51,51,10,0,0,0,0,0,0,0,0,0,0,0,255,255,255,255,255,255,255,0,0,0,0,255,255,255,255,0,0,0,0,0,0,7,0,-1,-1,-1,-1,-1,-1,0,0,0,0,0,0,3,1,0,0,3,0,0,0,0,0,0,0,0,0,1.05,0,0,0,0,255,255,255,255,255,255,255,255,255,255,255,255,65000000,49620,-1,-1,-1,-1,-1,-1,-1,-1,-1,-1,-1,-1,[0|0|0|0|0|0|0|0|0|0|0|0]
35623,[Libra Recluse 3] Remembrance,0,35280000,-1,35281000,-1,-1,-1,5036000,5036100,5036200,5036300,50000000,52000000,51000000,53000000,-1,-1,-1,-1,60600000,60610000,-1,-1,-1,-1,-1,-1,-1,-1,-1,-1,-1,-1,-1,-1,-1,-1,-1,-1,-1,-1,-1,13,1,0,1,0,1,0,1,0,15,33,30,23,12,19,51,51,10,0,0,0,0,0,0,0,0,0,0,0,255,255,255,255,255,255,255,0,0,0,0,255,255,255,255,0,0,0,0,0,0,7,0,-1,-1,-1,-1,-1,-1,0,0,0,0,0,0,3,1,0,0,3,0,0,0,0,0,0,0,0,0,1.05,0,0,0,0,255,255,255,255,255,255,255,255,255,255,255,255,65000000,49630,-1,-1,-1,-1,-1,-1,-1,-1,-1,-1,-1,-1,[0|0|0|0|0|0|0|0|0|0|0|0]
35624,[Libra Recluse 3] Heretic Sorcerer,0,35280000,-1,35281000,-1,-1,-1,5056000,5056100,5056200,5056300,50000000,52000000,51000000,53000000,-1,-1,-1,-1,60600000,60610000,-1,-1,-1,-1,-1,-1,-1,-1,-1,-1,-1,-1,-1,-1,-1,-1,-1,-1,-1,-1,-1,13,1,0,1,0,1,0,1,0,15,33,30,23,12,19,51,51,10,0,0,0,0,0,0,0,0,0,0,0,255,255,255,255,255,255,255,0,0,0,0,255,255,255,255,0,0,0,0,0,0,7,0,-1,-1,-1,-1,-1,-1,0,0,0,0,0,0,3,1,0,0,3,0,0,0,0,0,0,0,0,0,1.05,0,0,0,0,255,255,255,255,255,255,255,255,255,255,255,255,65000000,49650,-1,-1,-1,-1,-1,-1,-1,-1,-1,-1,-1,-1,[0|0|0|0|0|0|0|0|0|0|0|0]
35625,[Libra Recluse 3] Emerald Fate,0,35280000,-1,35281000,-1,-1,-1,5066000,5066100,5066200,5066300,50000000,52000000,51000000,53000000,-1,-1,-1,-1,60600000,60610000,-1,-1,-1,-1,-1,-1,-1,-1,-1,-1,-1,-1,-1,-1,-1,-1,-1,-1,-1,-1,-1,13,1,0,1,0,1,0,1,0,15,33,30,23,12,19,51,51,10,0,0,0,0,0,0,0,0,0,0,0,255,255,255,255,255,255,255,0,0,0,0,255,255,255,255,0,0,0,0,0,0,7,0,-1,-1,-1,-1,-1,-1,0,0,0,0,0,0,3,1,0,0,3,0,0,0,0,0,0,0,0,0,1.05,0,0,0,0,255,255,255,255,255,255,255,255,255,255,255,255,65000000,49660,-1,-1,-1,-1,-1,-1,-1,-1,-1,-1,-1,-1,[0|0|0|0|0|0|0|0|0|0|0|0]
35700,[Libra Executor 1] Default,0,70902000,-1,70011000,-1,-1,-1,5007000,5007100,5007200,5007300,50000000,52000000,51000000,53000000,-1,-1,-1,-1,60700000,-1,-1,-1,-1,-1,-1,-1,-1,-1,-1,-1,-1,-1,-1,-1,-1,-1,-1,-1,-1,-1,-1,10,1,0,1,0,1,0,1,0,15,46,11,27,25,63,8,6,28,0,0,0,0,0,0,0,0,0,0,0,255,255,255,255,255,255,255,0,0,1,0,255,255,255,255,0,0,0,0,0,0,8,0,-1,-1,-1,-1,-1,-1,0,0,0,0,0,0,3,1,0,0,3,0,0,0,0,0,0,0,0,0,1.02,0,0,0,0,255,255,255,255,255,255,255,255,255,255,255,255,65000000,49700,-1,-1,-1,-1,-1,-1,-1,-1,-1,-1,-1,-1,[0|0|0|0|0|0|0|0|0|0|0|0]
35701,[Libra Executor 1] Dawn,0,70902000,-1,70011000,-1,-1,-1,5017000,5017100,5017200,5017300,50000000,52000000,51000000,53000000,-1,-1,-1,-1,60700000,-1,-1,-1,-1,-1,-1,-1,-1,-1,-1,-1,-1,-1,-1,-1,-1,-1,-1,-1,-1,-1,-1,10,1,0,1,0,1,0,1,0,15,46,11,27,25,63,8,6,28,0,0,0,0,0,0,0,0,0,0,0,255,255,255,255,255,255,255,0,0,1,0,255,255,255,255,0,0,0,0,0,0,8,0,-1,-1,-1,-1,-1,-1,0,0,0,0,0,0,3,1,0,0,3,0,0,0,0,0,0,0,0,0,1.02,0,0,0,0,255,255,255,255,255,255,255,255,255,255,255,255,65000000,49710,-1,-1,-1,-1,-1,-1,-1,-1,-1,-1,-1,-1,[0|0|0|0|0|0|0|0|0|0|0|0]
35702,[Libra Executor 1] Darkness,0,70902000,-1,70011000,-1,-1,-1,5027000,5027100,5027200,5027300,50000000,52000000,51000000,53000000,-1,-1,-1,-1,60710000,-1,-1,-1,-1,-1,-1,-1,-1,-1,-1,-1,-1,-1,-1,-1,-1,-1,-1,-1,-1,-1,-1,10,1,0,1,0,1,0,1,0,15,46,11,27,25,63,8,6,28,0,0,0,0,0,0,0,0,0,0,0,255,255,255,255,255,255,255,0,0,1,0,255,255,255,255,0,0,0,0,0,0,8,0,-1,-1,-1,-1,-1,-1,0,0,0,0,0,0,3,1,0,0,3,0,0,0,0,0,0,0,0,0,1.02,0,0,0,0,255,255,255,255,255,255,255,255,255,255,255,255,65000000,49720,-1,-1,-1,-1,-1,-1,-1,-1,-1,-1,-1,-1,[0|0|0|0|0|0|0|0|0|0|0|0]
35703,[Libra Executor 1] Remembrance,0,70902000,-1,70011000,-1,-1,-1,5037000,5037100,5037200,5037300,50000000,52000000,51000000,53000000,-1,-1,-1,-1,60700000,-1,-1,-1,-1,-1,-1,-1,-1,-1,-1,-1,-1,-1,-1,-1,-1,-1,-1,-1,-1,-1,-1,10,1,0,1,0,1,0,1,0,15,46,11,27,25,63,8,6,28,0,0,0,0,0,0,0,0,0,0,0,255,255,255,255,255,255,255,0,0,1,0,255,255,255,255,0,0,0,0,0,0,8,0,-1,-1,-1,-1,-1,-1,0,0,0,0,0,0,3,1,0,0,3,0,0,0,0,0,0,0,0,0,1.02,0,0,0,0,255,255,255,255,255,255,255,255,255,255,255,255,65000000,49730,-1,-1,-1,-1,-1,-1,-1,-1,-1,-1,-1,-1,[0|0|0|0|0|0|0|0|0|0|0|0]
35704,[Libra Executor 1] Thorns,0,70902000,-1,70011000,-1,-1,-1,5057000,5057100,5057200,5057300,50000000,52000000,51000000,53000000,-1,-1,-1,-1,60710000,-1,-1,-1,-1,-1,-1,-1,-1,-1,-1,-1,-1,-1,-1,-1,-1,-1,-1,-1,-1,-1,-1,10,1,0,1,0,1,0,1,0,15,46,11,27,25,63,8,6,28,0,0,0,0,0,0,0,0,0,0,0,255,255,255,255,255,255,255,0,0,1,0,255,255,255,255,0,0,0,0,0,0,8,0,-1,-1,-1,-1,-1,-1,0,0,0,0,0,0,3,1,0,0,3,0,0,0,0,0,0,0,0,0,1.02,0,0,0,0,255,255,255,255,255,255,255,255,255,255,255,255,65000000,49750,-1,-1,-1,-1,-1,-1,-1,-1,-1,-1,-1,-1,[0|0|0|0|0|0|0|0|0|0|0|0]
35705,[Libra Executor 1] Sable Church,0,70902000,-1,70011000,-1,-1,-1,5067000,5067100,5067200,5067300,50000000,52000000,51000000,53000000,-1,-1,-1,-1,60710000,-1,-1,-1,-1,-1,-1,-1,-1,-1,-1,-1,-1,-1,-1,-1,-1,-1,-1,-1,-1,-1,-1,10,1,0,1,0,1,0,1,0,15,46,11,27,25,63,8,6,28,0,0,0,0,0,0,0,0,0,0,0,255,255,255,255,255,255,255,0,0,1,0,255,255,255,255,0,0,0,0,0,0,8,0,-1,-1,-1,-1,-1,-1,0,0,0,0,0,0,3,1,0,0,3,0,0,0,0,0,0,0,0,0,1.02,0,0,0,0,255,255,255,255,255,255,255,255,255,255,255,255,65000000,49760,-1,-1,-1,-1,-1,-1,-1,-1,-1,-1,-1,-1,[0|0|0|0|0|0|0|0|0|0|0|0]
35710,[Libra Executor 2] Default,0,71005000,-1,-1,-1,-1,-1,5007000,5007100,5007200,5007300,50000000,52000000,51000000,53000000,-1,-1,-1,-1,60700000,-1,-1,-1,-1,-1,-1,-1,-1,-1,-1,-1,-1,-1,-1,-1,-1,-1,-1,-1,-1,-1,-1,10,1,0,1,0,1,0,1,0,15,46,11,27,25,63,8,6,28,0,0,0,0,0,0,0,0,0,0,0,255,255,255,255,255,255,255,0,0,1,0,255,255,255,255,0,0,0,0,0,0,8,0,-1,-1,-1,-1,-1,-1,0,0,0,0,0,0,3,1,0,0,3,0,0,0,0,0,0,0,0,0,1.02,0,0,0,0,255,255,255,255,255,255,255,255,255,255,255,255,65000000,49700,-1,-1,-1,-1,-1,-1,-1,-1,-1,-1,-1,-1,[0|0|0|0|0|0|0|0|0|0|0|0]
35711,[Libra Executor 2] Dawn,0,71005000,-1,-1,-1,-1,-1,5017000,5017100,5017200,5017300,50000000,52000000,51000000,53000000,-1,-1,-1,-1,60700000,-1,-1,-1,-1,-1,-1,-1,-1,-1,-1,-1,-1,-1,-1,-1,-1,-1,-1,-1,-1,-1,-1,10,1,0,1,0,1,0,1,0,15,46,11,27,25,63,8,6,28,0,0,0,0,0,0,0,0,0,0,0,255,255,255,255,255,255,255,0,0,1,0,255,255,255,255,0,0,0,0,0,0,8,0,-1,-1,-1,-1,-1,-1,0,0,0,0,0,0,3,1,0,0,3,0,0,0,0,0,0,0,0,0,1.02,0,0,0,0,255,255,255,255,255,255,255,255,255,255,255,255,65000000,49710,-1,-1,-1,-1,-1,-1,-1,-1,-1,-1,-1,-1,[0|0|0|0|0|0|0|0|0|0|0|0]
35712,[Libra Executor 2] Darkness,0,71005000,-1,-1,-1,-1,-1,5027000,5027100,5027200,5027300,50000000,52000000,51000000,53000000,-1,-1,-1,-1,60710000,-1,-1,-1,-1,-1,-1,-1,-1,-1,-1,-1,-1,-1,-1,-1,-1,-1,-1,-1,-1,-1,-1,10,1,0,1,0,1,0,1,0,15,46,11,27,25,63,8,6,28,0,0,0,0,0,0,0,0,0,0,0,255,255,255,255,255,255,255,0,0,1,0,255,255,255,255,0,0,0,0,0,0,8,0,-1,-1,-1,-1,-1,-1,0,0,0,0,0,0,3,1,0,0,3,0,0,0,0,0,0,0,0,0,1.02,0,0,0,0,255,255,255,255,255,255,255,255,255,255,255,255,65000000,49720,-1,-1,-1,-1,-1,-1,-1,-1,-1,-1,-1,-1,[0|0|0|0|0|0|0|0|0|0|0|0]
35713,[Libra Executor 2] Remembrance,0,71005000,-1,-1,-1,-1,-1,5037000,5037100,5037200,5037300,50000000,52000000,51000000,53000000,-1,-1,-1,-1,60700000,-1,-1,-1,-1,-1,-1,-1,-1,-1,-1,-1,-1,-1,-1,-1,-1,-1,-1,-1,-1,-1,-1,10,1,0,1,0,1,0,1,0,15,46,11,27,25,63,8,6,28,0,0,0,0,0,0,0,0,0,0,0,255,255,255,255,255,255,255,0,0,1,0,255,255,255,255,0,0,0,0,0,0,8,0,-1,-1,-1,-1,-1,-1,0,0,0,0,0,0,3,1,0,0,3,0,0,0,0,0,0,0,0,0,1.02,0,0,0,0,255,255,255,255,255,255,255,255,255,255,255,255,65000000,49730,-1,-1,-1,-1,-1,-1,-1,-1,-1,-1,-1,-1,[0|0|0|0|0|0|0|0|0|0|0|0]
35714,[Libra Executor 2] Thorns,0,71005000,-1,-1,-1,-1,-1,5057000,5057100,5057200,5057300,50000000,52000000,51000000,53000000,-1,-1,-1,-1,60710000,-1,-1,-1,-1,-1,-1,-1,-1,-1,-1,-1,-1,-1,-1,-1,-1,-1,-1,-1,-1,-1,-1,10,1,0,1,0,1,0,1,0,15,46,11,27,25,63,8,6,28,0,0,0,0,0,0,0,0,0,0,0,255,255,255,255,255,255,255,0,0,1,0,255,255,255,255,0,0,0,0,0,0,8,0,-1,-1,-1,-1,-1,-1,0,0,0,0,0,0,3,1,0,0,3,0,0,0,0,0,0,0,0,0,1.02,0,0,0,0,255,255,255,255,255,255,255,255,255,255,255,255,65000000,49750,-1,-1,-1,-1,-1,-1,-1,-1,-1,-1,-1,-1,[0|0|0|0|0|0|0|0|0|0|0|0]
35715,[Libra Executor 2] Sable Church,0,71005000,-1,-1,-1,-1,-1,5067000,5067100,5067200,5067300,50000000,52000000,51000000,53000000,-1,-1,-1,-1,60710000,-1,-1,-1,-1,-1,-1,-1,-1,-1,-1,-1,-1,-1,-1,-1,-1,-1,-1,-1,-1,-1,-1,10,1,0,1,0,1,0,1,0,15,46,11,27,25,63,8,6,28,0,0,0,0,0,0,0,0,0,0,0,255,255,255,255,255,255,255,0,0,1,0,255,255,255,255,0,0,0,0,0,0,8,0,-1,-1,-1,-1,-1,-1,0,0,0,0,0,0,3,1,0,0,3,0,0,0,0,0,0,0,0,0,1.02,0,0,0,0,255,255,255,255,255,255,255,255,255,255,255,255,65000000,49760,-1,-1,-1,-1,-1,-1,-1,-1,-1,-1,-1,-1,[0|0|0|0|0|0|0|0|0|0|0|0]
35720,[Libra Executor 3] Default,0,72202000,-1,72200000,-1,-1,-1,5007000,5007100,5007200,5007300,50000000,52000000,51000000,53000000,-1,-1,-1,-1,60700000,-1,-1,-1,-1,-1,-1,-1,-1,-1,-1,-1,-1,330,-1,-1,-1,-1,-1,-1,-1,-1,-1,10,1,0,1,0,1,0,1,0,15,46,11,27,25,63,8,6,28,0,2,0,0,0,0,0,0,0,0,0,255,255,255,255,255,255,255,0,0,1,0,255,255,255,255,0,0,0,0,0,0,8,0,-1,-1,-1,-1,-1,-1,0,0,0,0,0,0,3,1,0,0,3,0,0,0,0,0,0,0,0,0,1.02,0,0,0,0,255,255,255,255,255,255,255,255,255,255,255,255,65000000,49700,-1,-1,-1,-1,-1,-1,-1,-1,-1,-1,-1,-1,[0|0|0|0|0|0|0|0|0|0|0|0]
35721,[Libra Executor 3] Dawn,0,72202000,-1,72200000,-1,-1,-1,5017000,5017100,5017200,5017300,50000000,52000000,51000000,53000000,-1,-1,-1,-1,60700000,-1,-1,-1,-1,-1,-1,-1,-1,-1,-1,-1,-1,330,-1,-1,-1,-1,-1,-1,-1,-1,-1,10,1,0,1,0,1,0,1,0,15,46,11,27,25,63,8,6,28,0,2,0,0,0,0,0,0,0,0,0,255,255,255,255,255,255,255,0,0,1,0,255,255,255,255,0,0,0,0,0,0,8,0,-1,-1,-1,-1,-1,-1,0,0,0,0,0,0,3,1,0,0,3,0,0,0,0,0,0,0,0,0,1.02,0,0,0,0,255,255,255,255,255,255,255,255,255,255,255,255,65000000,49710,-1,-1,-1,-1,-1,-1,-1,-1,-1,-1,-1,-1,[0|0|0|0|0|0|0|0|0|0|0|0]
35722,[Libra Executor 3] Darkness,0,72202000,-1,72200000,-1,-1,-1,5027000,5027100,5027200,5027300,50000000,52000000,51000000,53000000,-1,-1,-1,-1,60710000,-1,-1,-1,-1,-1,-1,-1,-1,-1,-1,-1,-1,330,-1,-1,-1,-1,-1,-1,-1,-1,-1,10,1,0,1,0,1,0,1,0,15,46,11,27,25,63,8,6,28,0,2,0,0,0,0,0,0,0,0,0,255,255,255,255,255,255,255,0,0,1,0,255,255,255,255,0,0,0,0,0,0,8,0,-1,-1,-1,-1,-1,-1,0,0,0,0,0,0,3,1,0,0,3,0,0,0,0,0,0,0,0,0,1.02,0,0,0,0,255,255,255,255,255,255,255,255,255,255,255,255,65000000,49720,-1,-1,-1,-1,-1,-1,-1,-1,-1,-1,-1,-1,[0|0|0|0|0|0|0|0|0|0|0|0]
35723,[Libra Executor 3] Remembrance,0,72202000,-1,72200000,-1,-1,-1,5037000,5037100,5037200,5037300,50000000,52000000,51000000,53000000,-1,-1,-1,-1,60700000,-1,-1,-1,-1,-1,-1,-1,-1,-1,-1,-1,-1,330,-1,-1,-1,-1,-1,-1,-1,-1,-1,10,1,0,1,0,1,0,1,0,15,46,11,27,25,63,8,6,28,0,2,0,0,0,0,0,0,0,0,0,255,255,255,255,255,255,255,0,0,1,0,255,255,255,255,0,0,0,0,0,0,8,0,-1,-1,-1,-1,-1,-1,0,0,0,0,0,0,3,1,0,0,3,0,0,0,0,0,0,0,0,0,1.02,0,0,0,0,255,255,255,255,255,255,255,255,255,255,255,255,65000000,49730,-1,-1,-1,-1,-1,-1,-1,-1,-1,-1,-1,-1,[0|0|0|0|0|0|0|0|0|0|0|0]
35724,[Libra Executor 3] Thorns,0,72202000,-1,72200000,-1,-1,-1,5057000,5057100,5057200,5057300,50000000,52000000,51000000,53000000,-1,-1,-1,-1,60710000,-1,-1,-1,-1,-1,-1,-1,-1,-1,-1,-1,-1,330,-1,-1,-1,-1,-1,-1,-1,-1,-1,10,1,0,1,0,1,0,1,0,15,46,11,27,25,63,8,6,28,0,2,0,0,0,0,0,0,0,0,0,255,255,255,255,255,255,255,0,0,1,0,255,255,255,255,0,0,0,0,0,0,8,0,-1,-1,-1,-1,-1,-1,0,0,0,0,0,0,3,1,0,0,3,0,0,0,0,0,0,0,0,0,1.02,0,0,0,0,255,255,255,255,255,255,255,255,255,255,255,255,65000000,49750,-1,-1,-1,-1,-1,-1,-1,-1,-1,-1,-1,-1,[0|0|0|0|0|0|0|0|0|0|0|0]
35725,[Libra Executor 3] Sable Church,0,72202000,-1,72200000,-1,-1,-1,5067000,5067100,5067200,5067300,50000000,52000000,51000000,53000000,-1,-1,-1,-1,60710000,-1,-1,-1,-1,-1,-1,-1,-1,-1,-1,-1,-1,330,-1,-1,-1,-1,-1,-1,-1,-1,-1,10,1,0,1,0,1,0,1,0,15,46,11,27,25,63,8,6,28,0,2,0,0,0,0,0,0,0,0,0,255,255,255,255,255,255,255,0,0,1,0,255,255,255,255,0,0,0,0,0,0,8,0,-1,-1,-1,-1,-1,-1,0,0,0,0,0,0,3,1,0,0,3,0,0,0,0,0,0,0,0,0,1.02,0,0,0,0,255,255,255,255,255,255,255,255,255,255,255,255,65000000,49760,-1,-1,-1,-1,-1,-1,-1,-1,-1,-1,-1,-1,[0|0|0|0|0|0|0|0|0|0|0|0]
35800,[Libra Scholar 1] Default,0,71405000,-1,73104000,-1,-1,-1,5008000,5008100,5008200,5008300,50000000,52000000,51000000,53000000,-1,-1,-1,-1,60800000,60810000,-1,-1,-1,-1,-1,-1,-1,-1,-1,-1,-1,-1,-1,-1,-1,-1,-1,-1,-1,-1,-1,10,1,0,1,0,1,0,1,0,15,0,0,0,0,0,0,0,0,0,0,0,0,0,0,0,0,0,0,0,255,255,255,255,255,255,255,0,0,1,0,255,255,255,255,0,0,0,0,0,0,9,0,-1,-1,-1,-1,-1,-1,0,0,0,0,0,0,3,1,0,0,3,0,0,0,0,0,0,0,0,0,0.97,0,0,0,0,255,255,255,255,255,255,255,255,255,255,255,255,65000000,49800,-1,-1,-1,-1,-1,-1,-1,-1,-1,-1,-1,-1,[0|0|0|0|0|0|0|0|0|0|0|0]
35801,[Libra Scholar 1] Dawn,0,71405000,-1,73104000,-1,-1,-1,5018000,5018100,5018200,5018300,50000000,52000000,51000000,53000000,-1,-1,-1,-1,60800000,60810000,-1,-1,-1,-1,-1,-1,-1,-1,-1,-1,-1,-1,-1,-1,-1,-1,-1,-1,-1,-1,-1,10,1,0,1,0,1,0,1,0,15,0,0,0,0,0,0,0,0,0,0,0,0,0,0,0,0,0,0,0,255,255,255,255,255,255,255,0,0,1,0,255,255,255,255,0,0,0,0,0,0,9,0,-1,-1,-1,-1,-1,-1,0,0,0,0,0,0,3,1,0,0,3,0,0,0,0,0,0,0,0,0,0.97,0,0,0,0,255,255,255,255,255,255,255,255,255,255,255,255,65000000,49810,-1,-1,-1,-1,-1,-1,-1,-1,-1,-1,-1,-1,[0|0|0|0|0|0|0|0|0|0|0|0]
35802,[Libra Scholar 1] Darkness,0,71405000,-1,73104000,-1,-1,-1,5028000,5028100,5028200,5028300,50000000,52000000,51000000,53000000,-1,-1,-1,-1,60800000,60810000,-1,-1,-1,-1,-1,-1,-1,-1,-1,-1,-1,-1,-1,-1,-1,-1,-1,-1,-1,-1,-1,10,1,0,1,0,1,0,1,0,15,0,0,0,0,0,0,0,0,0,0,0,0,0,0,0,0,0,0,0,255,255,255,255,255,255,255,0,0,1,0,255,255,255,255,0,0,0,0,0,0,9,0,-1,-1,-1,-1,-1,-1,0,0,0,0,0,0,3,1,0,0,3,0,0,0,0,0,0,0,0,0,0.97,0,0,0,0,255,255,255,255,255,255,255,255,255,255,255,255,65000000,49820,-1,-1,-1,-1,-1,-1,-1,-1,-1,-1,-1,-1,[0|0|0|0|0|0|0|0|0|0|0|0]
35803,[Libra Scholar 1] Remembrance,0,71405000,-1,73104000,-1,-1,-1,5038000,5038100,5038200,5038300,50000000,52000000,51000000,53000000,-1,-1,-1,-1,60800000,60810000,-1,-1,-1,-1,-1,-1,-1,-1,-1,-1,-1,-1,-1,-1,-1,-1,-1,-1,-1,-1,-1,10,1,0,1,0,1,0,1,0,15,0,0,0,0,0,0,0,0,0,0,0,0,0,0,0,0,0,0,0,255,255,255,255,255,255,255,0,0,1,0,255,255,255,255,0,0,0,0,0,0,9,0,-1,-1,-1,-1,-1,-1,0,0,0,0,0,0,3,1,0,0,3,0,0,0,0,0,0,0,0,0,0.97,0,0,0,0,255,255,255,255,255,255,255,255,255,255,255,255,65000000,49830,-1,-1,-1,-1,-1,-1,-1,-1,-1,-1,-1,-1,[0|0|0|0|0|0|0|0|0|0|0|0]
35804,[Libra Scholar 1] Pardoner,0,71405000,-1,73104000,-1,-1,-1,5068000,5068100,5068200,5068300,50000000,52000000,51000000,53000000,-1,-1,-1,-1,60800000,60810000,-1,-1,-1,-1,-1,-1,-1,-1,-1,-1,-1,-1,-1,-1,-1,-1,-1,-1,-1,-1,-1,10,1,0,1,0,1,0,1,0,15,0,0,0,0,0,0,0,0,0,0,0,0,0,0,0,0,0,0,0,255,255,255,255,255,255,255,0,0,1,0,255,255,255,255,0,0,0,0,0,0,9,0,-1,-1,-1,-1,-1,-1,0,0,0,0,0,0,3,1,0,0,3,0,0,0,0,0,0,0,0,0,0.97,0,0,0,0,255,255,255,255,255,255,255,255,255,255,255,255,65000000,49850,-1,-1,-1,-1,-1,-1,-1,-1,-1,-1,-1,-1,[0|0|0|0|0|0|0|0|0|0|0|0]
35805,[Libra Scholar 1] Xanthous,0,71405000,-1,73104000,-1,-1,-1,5078000,5078100,5078200,5078300,50000000,52000000,51000000,53000000,-1,-1,-1,-1,60800000,60810000,-1,-1,-1,-1,-1,-1,-1,-1,-1,-1,-1,-1,-1,-1,-1,-1,-1,-1,-1,-1,-1,10,1,0,1,0,1,0,1,0,15,0,0,0,0,0,0,0,0,0,0,0,0,0,0,0,0,0,0,0,255,255,255,255,255,255,255,0,0,1,0,255,255,255,255,0,0,0,0,0,0,9,0,-1,-1,-1,-1,-1,-1,0,0,0,0,0,0,3,1,0,0,3,0,0,0,0,0,0,0,0,0,0.97,0,0,0,0,255,255,255,255,255,255,255,255,255,255,255,255,65000000,49860,-1,-1,-1,-1,-1,-1,-1,-1,-1,-1,-1,-1,[0|0|0|0|0|0|0|0|0|0|0|0]
35810,[Libra Scholar 2] Default,0,70503000,-1,35170000,-1,-1,-1,5008000,5008100,5008200,5008300,50000000,52000000,51000000,53000000,-1,-1,-1,-1,60800000,60810000,-1,-1,-1,-1,-1,-1,-1,-1,-1,-1,-1,-1,-1,-1,-1,-1,-1,-1,-1,-1,-1,10,1,0,1,0,1,0,1,0,15,0,0,0,0,0,0,0,0,0,0,0,0,0,0,0,0,0,0,0,255,255,255,255,255,255,255,0,0,1,0,255,255,255,255,0,0,0,0,0,0,9,0,-1,-1,-1,-1,-1,-1,0,0,0,0,0,0,3,1,0,0,3,0,0,0,0,0,0,0,0,0,0.97,0,0,0,0,255,255,255,255,255,255,255,255,255,255,255,255,65000000,49800,-1,-1,-1,-1,-1,-1,-1,-1,-1,-1,-1,-1,[0|0|0|0|0|0|0|0|0|0|0|0]
35811,[Libra Scholar 2] Dawn,0,70503000,-1,35170000,-1,-1,-1,5018000,5018100,5018200,5018300,50000000,52000000,51000000,53000000,-1,-1,-1,-1,60800000,60810000,-1,-1,-1,-1,-1,-1,-1,-1,-1,-1,-1,-1,-1,-1,-1,-1,-1,-1,-1,-1,-1,10,1,0,1,0,1,0,1,0,15,0,0,0,0,0,0,0,0,0,0,0,0,0,0,0,0,0,0,0,255,255,255,255,255,255,255,0,0,1,0,255,255,255,255,0,0,0,0,0,0,9,0,-1,-1,-1,-1,-1,-1,0,0,0,0,0,0,3,1,0,0,3,0,0,0,0,0,0,0,0,0,0.97,0,0,0,0,255,255,255,255,255,255,255,255,255,255,255,255,65000000,49810,-1,-1,-1,-1,-1,-1,-1,-1,-1,-1,-1,-1,[0|0|0|0|0|0|0|0|0|0|0|0]
35812,[Libra Scholar 2] Darkness,0,70503000,-1,35170000,-1,-1,-1,5028000,5028100,5028200,5028300,50000000,52000000,51000000,53000000,-1,-1,-1,-1,60800000,60810000,-1,-1,-1,-1,-1,-1,-1,-1,-1,-1,-1,-1,-1,-1,-1,-1,-1,-1,-1,-1,-1,10,1,0,1,0,1,0,1,0,15,0,0,0,0,0,0,0,0,0,0,0,0,0,0,0,0,0,0,0,255,255,255,255,255,255,255,0,0,1,0,255,255,255,255,0,0,0,0,0,0,9,0,-1,-1,-1,-1,-1,-1,0,0,0,0,0,0,3,1,0,0,3,0,0,0,0,0,0,0,0,0,0.97,0,0,0,0,255,255,255,255,255,255,255,255,255,255,255,255,65000000,49820,-1,-1,-1,-1,-1,-1,-1,-1,-1,-1,-1,-1,[0|0|0|0|0|0|0|0|0|0|0|0]
35813,[Libra Scholar 2] Remembrance,0,70503000,-1,35170000,-1,-1,-1,5038000,5038100,5038200,5038300,50000000,52000000,51000000,53000000,-1,-1,-1,-1,60800000,60810000,-1,-1,-1,-1,-1,-1,-1,-1,-1,-1,-1,-1,-1,-1,-1,-1,-1,-1,-1,-1,-1,10,1,0,1,0,1,0,1,0,15,0,0,0,0,0,0,0,0,0,0,0,0,0,0,0,0,0,0,0,255,255,255,255,255,255,255,0,0,1,0,255,255,255,255,0,0,0,0,0,0,9,0,-1,-1,-1,-1,-1,-1,0,0,0,0,0,0,3,1,0,0,3,0,0,0,0,0,0,0,0,0,0.97,0,0,0,0,255,255,255,255,255,255,255,255,255,255,255,255,65000000,49830,-1,-1,-1,-1,-1,-1,-1,-1,-1,-1,-1,-1,[0|0|0|0|0|0|0|0|0|0|0|0]
35814,[Libra Scholar 2] Pardoner,0,70503000,-1,35170000,-1,-1,-1,5068000,5068100,5068200,5068300,50000000,52000000,51000000,53000000,-1,-1,-1,-1,60800000,60810000,-1,-1,-1,-1,-1,-1,-1,-1,-1,-1,-1,-1,-1,-1,-1,-1,-1,-1,-1,-1,-1,10,1,0,1,0,1,0,1,0,15,0,0,0,0,0,0,0,0,0,0,0,0,0,0,0,0,0,0,0,255,255,255,255,255,255,255,0,0,1,0,255,255,255,255,0,0,0,0,0,0,9,0,-1,-1,-1,-1,-1,-1,0,0,0,0,0,0,3,1,0,0,3,0,0,0,0,0,0,0,0,0,0.97,0,0,0,0,255,255,255,255,255,255,255,255,255,255,255,255,65000000,49850,-1,-1,-1,-1,-1,-1,-1,-1,-1,-1,-1,-1,[0|0|0|0|0|0|0|0|0|0|0|0]
35815,[Libra Scholar 2] Xanthous,0,70503000,-1,35170000,-1,-1,-1,5078000,5078100,5078200,5078300,50000000,52000000,51000000,53000000,-1,-1,-1,-1,60800000,60810000,-1,-1,-1,-1,-1,-1,-1,-1,-1,-1,-1,-1,-1,-1,-1,-1,-1,-1,-1,-1,-1,10,1,0,1,0,1,0,1,0,15,0,0,0,0,0,0,0,0,0,0,0,0,0,0,0,0,0,0,0,255,255,255,255,255,255,255,0,0,1,0,255,255,255,255,0,0,0,0,0,0,9,0,-1,-1,-1,-1,-1,-1,0,0,0,0,0,0,3,1,0,0,3,0,0,0,0,0,0,0,0,0,0.97,0,0,0,0,255,255,255,255,255,255,255,255,255,255,255,255,65000000,49860,-1,-1,-1,-1,-1,-1,-1,-1,-1,-1,-1,-1,[0|0|0|0|0|0|0|0|0|0|0|0]
35820,[Libra Scholar 3] Default,0,70110000,-1,-1,-1,-1,-1,5008000,5008100,5008200,5008300,50000000,52000000,51000000,53000000,-1,-1,-1,-1,60800000,60810000,-1,-1,-1,-1,-1,-1,-1,-1,-1,-1,-1,340,3010,3050,11011,-1,-1,-1,-1,-1,-1,10,1,0,1,0,1,0,1,0,15,0,0,0,0,0,0,0,0,0,1,1,1,1,0,0,0,0,0,0,255,255,255,255,255,255,255,0,0,1,0,255,255,255,255,0,0,0,0,0,0,9,0,-1,-1,-1,-1,-1,-1,0,0,0,0,0,0,3,1,0,0,3,0,0,0,0,0,0,0,0,0,0.97,0,0,0,0,255,255,255,255,255,255,255,255,255,255,255,255,65000000,49800,-1,-1,-1,-1,-1,-1,-1,-1,-1,-1,-1,-1,[0|0|0|0|0|0|0|0|0|0|0|0]
35821,[Libra Scholar 3] Dawn,0,70110000,-1,-1,-1,-1,-1,5018000,5018100,5018200,5018300,50000000,52000000,51000000,53000000,-1,-1,-1,-1,60800000,60810000,-1,-1,-1,-1,-1,-1,-1,-1,-1,-1,-1,340,3010,3050,11011,-1,-1,-1,-1,-1,-1,10,1,0,1,0,1,0,1,0,15,0,0,0,0,0,0,0,0,0,1,1,1,1,0,0,0,0,0,0,255,255,255,255,255,255,255,0,0,1,0,255,255,255,255,0,0,0,0,0,0,9,0,-1,-1,-1,-1,-1,-1,0,0,0,0,0,0,3,1,0,0,3,0,0,0,0,0,0,0,0,0,0.97,0,0,0,0,255,255,255,255,255,255,255,255,255,255,255,255,65000000,49810,-1,-1,-1,-1,-1,-1,-1,-1,-1,-1,-1,-1,[0|0|0|0|0|0|0|0|0|0|0|0]
35822,[Libra Scholar 3] Darkness,0,70110000,-1,-1,-1,-1,-1,5028000,5028100,5028200,5028300,50000000,52000000,51000000,53000000,-1,-1,-1,-1,60800000,60810000,-1,-1,-1,-1,-1,-1,-1,-1,-1,-1,-1,340,3010,3050,11011,-1,-1,-1,-1,-1,-1,10,1,0,1,0,1,0,1,0,15,0,0,0,0,0,0,0,0,0,1,1,1,1,0,0,0,0,0,0,255,255,255,255,255,255,255,0,0,1,0,255,255,255,255,0,0,0,0,0,0,9,0,-1,-1,-1,-1,-1,-1,0,0,0,0,0,0,3,1,0,0,3,0,0,0,0,0,0,0,0,0,0.97,0,0,0,0,255,255,255,255,255,255,255,255,255,255,255,255,65000000,49820,-1,-1,-1,-1,-1,-1,-1,-1,-1,-1,-1,-1,[0|0|0|0|0|0|0|0|0|0|0|0]
35823,[Libra Scholar 3] Remembrance,0,70110000,-1,-1,-1,-1,-1,5038000,5038100,5038200,5038300,50000000,52000000,51000000,53000000,-1,-1,-1,-1,60800000,60810000,-1,-1,-1,-1,-1,-1,-1,-1,-1,-1,-1,340,3010,3050,11011,-1,-1,-1,-1,-1,-1,10,1,0,1,0,1,0,1,0,15,0,0,0,0,0,0,0,0,0,1,1,1,1,0,0,0,0,0,0,255,255,255,255,255,255,255,0,0,1,0,255,255,255,255,0,0,0,0,0,0,9,0,-1,-1,-1,-1,-1,-1,0,0,0,0,0,0,3,1,0,0,3,0,0,0,0,0,0,0,0,0,0.97,0,0,0,0,255,255,255,255,255,255,255,255,255,255,255,255,65000000,49830,-1,-1,-1,-1,-1,-1,-1,-1,-1,-1,-1,-1,[0|0|0|0|0|0|0|0|0|0|0|0]
35824,[Libra Scholar 3] Pardoner,0,70110000,-1,-1,-1,-1,-1,5068000,5068100,5068200,5068300,50000000,52000000,51000000,53000000,-1,-1,-1,-1,60800000,60810000,-1,-1,-1,-1,-1,-1,-1,-1,-1,-1,-1,340,3010,3050,11011,-1,-1,-1,-1,-1,-1,10,1,0,1,0,1,0,1,0,15,0,0,0,0,0,0,0,0,0,1,1,1,1,0,0,0,0,0,0,255,255,255,255,255,255,255,0,0,1,0,255,255,255,255,0,0,0,0,0,0,9,0,-1,-1,-1,-1,-1,-1,0,0,0,0,0,0,3,1,0,0,3,0,0,0,0,0,0,0,0,0,0.97,0,0,0,0,255,255,255,255,255,255,255,255,255,255,255,255,65000000,49850,-1,-1,-1,-1,-1,-1,-1,-1,-1,-1,-1,-1,[0|0|0|0|0|0|0|0|0|0|0|0]
35825,[Libra Scholar 3] Xanthous,0,70110000,-1,-1,-1,-1,-1,5078000,5078100,5078200,5078300,50000000,52000000,51000000,53000000,-1,-1,-1,-1,60800000,60810000,-1,-1,-1,-1,-1,-1,-1,-1,-1,-1,-1,340,3010,3050,11011,-1,-1,-1,-1,-1,-1,10,1,0,1,0,1,0,1,0,15,0,0,0,0,0,0,0,0,0,1,1,1,1,0,0,0,0,0,0,255,255,255,255,255,255,255,0,0,1,0,255,255,255,255,0,0,0,0,0,0,9,0,-1,-1,-1,-1,-1,-1,0,0,0,0,0,0,3,1,0,0,3,0,0,0,0,0,0,0,0,0,0.97,0,0,0,0,255,255,255,255,255,255,255,255,255,255,255,255,65000000,49860,-1,-1,-1,-1,-1,-1,-1,-1,-1,-1,-1,-1,[0|0|0|0|0|0|0|0|0|0|0|0]
35900,[Libra Undertaker 1] Default,0,71512000,-1,36010000,-1,-1,-1,5009000,5009100,5009200,5009300,50000000,52000000,51000000,53000000,-1,-1,-1,-1,60900000,60950000,-1,-1,-1,-1,-1,-1,-1,-1,-1,-1,-1,-1,-1,-1,-1,-1,-1,-1,-1,-1,-1,10,1,0,1,0,1,0,1,0,15,0,0,0,0,0,0,0,0,0,0,0,0,0,0,0,0,0,0,0,255,255,255,255,255,255,255,0,0,0,0,255,255,255,255,0,0,0,0,0,0,10,0,-1,-1,-1,-1,-1,-1,0,0,0,0,0,0,3,1,0,0,3,0,0,0,0,0,0,0,0,0,0.99,0,0,0,0,255,255,255,255,255,255,255,255,255,255,255,255,65000000,49900,-1,-1,-1,-1,-1,-1,-1,-1,-1,-1,-1,-1,[0|0|0|0|0|0|0|0|0|0|0|0]
35901,[Libra Undertaker 1] Dawn,0,71512000,-1,36010000,-1,-1,-1,5019000,5019100,5019200,5019300,50000000,52000000,51000000,53000000,-1,-1,-1,-1,60910000,60950000,-1,-1,-1,-1,-1,-1,-1,-1,-1,-1,-1,-1,-1,-1,-1,-1,-1,-1,-1,-1,-1,10,1,0,1,0,1,0,1,0,15,0,0,0,0,0,0,0,0,0,0,0,0,0,0,0,0,0,0,0,255,255,255,255,255,255,255,0,0,0,0,255,255,255,255,0,0,0,0,0,0,10,0,-1,-1,-1,-1,-1,-1,0,0,0,0,0,0,3,1,0,0,3,0,0,0,0,0,0,0,0,0,0.99,0,0,0,0,255,255,255,255,255,255,255,255,255,255,255,255,65000000,49910,-1,-1,-1,-1,-1,-1,-1,-1,-1,-1,-1,-1,[0|0|0|0|0|0|0|0|0|0|0|0]
35902,[Libra Undertaker 1] Darkness,0,71512000,-1,36010000,-1,-1,-1,5029000,5029100,5029200,5029300,50000000,52000000,51000000,53000000,-1,-1,-1,-1,60920000,60950000,-1,-1,-1,-1,-1,-1,-1,-1,-1,-1,-1,-1,-1,-1,-1,-1,-1,-1,-1,-1,-1,10,1,0,1,0,1,0,1,0,15,0,0,0,0,0,0,0,0,0,0,0,0,0,0,0,0,0,0,0,255,255,255,255,255,255,255,0,0,0,0,255,255,255,255,0,0,0,0,0,0,10,0,-1,-1,-1,-1,-1,-1,0,0,0,0,0,0,3,1,0,0,3,0,0,0,0,0,0,0,0,0,0.99,0,0,0,0,255,255,255,255,255,255,255,255,255,255,255,255,65000000,49920,-1,-1,-1,-1,-1,-1,-1,-1,-1,-1,-1,-1,[0|0|0|0|0|0|0|0|0|0|0|0]
35903,[Libra Undertaker 1] Remembrance,0,71512000,-1,36010000,-1,-1,-1,5039000,5039100,5039200,5039300,50000000,52000000,51000000,53000000,-1,-1,-1,-1,60900000,60950000,-1,-1,-1,-1,-1,-1,-1,-1,-1,-1,-1,-1,-1,-1,-1,-1,-1,-1,-1,-1,-1,10,1,0,1,0,1,0,1,0,15,0,0,0,0,0,0,0,0,0,0,0,0,0,0,0,0,0,0,0,255,255,255,255,255,255,255,0,0,0,0,255,255,255,255,0,0,0,0,0,0,10,0,-1,-1,-1,-1,-1,-1,0,0,0,0,0,0,3,1,0,0,3,0,0,0,0,0,0,0,0,0,0.99,0,0,0,0,255,255,255,255,255,255,255,255,255,255,255,255,65000000,49930,-1,-1,-1,-1,-1,-1,-1,-1,-1,-1,-1,-1,[0|0|0|0|0|0|0|0|0|0|0|0]
35904,[Libra Undertaker 1] Brass,0,71512000,-1,36010000,-1,-1,-1,5069000,5069100,5069200,5069300,50000000,52000000,51000000,53000000,-1,-1,-1,-1,60930000,60950000,-1,-1,-1,-1,-1,-1,-1,-1,-1,-1,-1,-1,-1,-1,-1,-1,-1,-1,-1,-1,-1,10,1,0,1,0,1,0,1,0,15,0,0,0,0,0,0,0,0,0,0,0,0,0,0,0,0,0,0,0,255,255,255,255,255,255,255,0,0,0,0,255,255,255,255,0,0,0,0,0,0,10,0,-1,-1,-1,-1,-1,-1,0,0,0,0,0,0,3,1,0,0,3,0,0,0,0,0,0,0,0,0,0.99,0,0,0,0,255,255,255,255,255,255,255,255,255,255,255,255,65000000,49950,-1,-1,-1,-1,-1,-1,-1,-1,-1,-1,-1,-1,[0|0|0|0|0|0|0|0|0|0|0|0]
35905,[Libra Undertaker 1] Lord's Blade,0,71512000,-1,36010000,-1,-1,-1,5079000,5079100,5079200,5079300,50000000,52000000,51000000,53000000,-1,-1,-1,-1,60940000,60950000,-1,-1,-1,-1,-1,-1,-1,-1,-1,-1,-1,-1,-1,-1,-1,-1,-1,-1,-1,-1,-1,10,1,0,1,0,1,0,1,0,15,0,0,0,0,0,0,0,0,0,0,0,0,0,0,0,0,0,0,0,255,255,255,255,255,255,255,0,0,0,0,255,255,255,255,0,0,0,0,0,0,10,0,-1,-1,-1,-1,-1,-1,0,0,0,0,0,0,3,1,0,0,3,0,0,0,0,0,0,0,0,0,0.99,0,0,0,0,255,255,255,255,255,255,255,255,255,255,255,255,65000000,49960,-1,-1,-1,-1,-1,-1,-1,-1,-1,-1,-1,-1,[0|0|0|0|0|0|0|0|0|0|0|0]
35910,[Libra Undertaker 2] Default,0,71115000,-1,36070000,-1,-1,-1,5009000,5009100,5009200,5009300,50000000,52000000,51000000,53000000,-1,-1,-1,-1,60900000,60950000,-1,-1,-1,-1,-1,-1,-1,-1,-1,-1,-1,-1,-1,-1,-1,-1,-1,-1,-1,-1,-1,10,1,0,1,0,1,0,1,0,15,0,0,0,0,0,0,0,0,0,0,0,0,0,0,0,0,0,0,0,255,255,255,255,255,255,255,0,0,0,0,255,255,255,255,0,0,0,0,0,0,10,0,-1,-1,-1,-1,-1,-1,0,0,0,0,0,0,3,1,0,0,3,0,0,0,0,0,0,0,0,0,0.99,0,0,0,0,255,255,255,255,255,255,255,255,255,255,255,255,65000000,49900,-1,-1,-1,-1,-1,-1,-1,-1,-1,-1,-1,-1,[0|0|0|0|0|0|0|0|0|0|0|0]
35911,[Libra Undertaker 2] Dawn,0,71115000,-1,36070000,-1,-1,-1,5019000,5019100,5019200,5019300,50000000,52000000,51000000,53000000,-1,-1,-1,-1,60910000,60950000,-1,-1,-1,-1,-1,-1,-1,-1,-1,-1,-1,-1,-1,-1,-1,-1,-1,-1,-1,-1,-1,10,1,0,1,0,1,0,1,0,15,0,0,0,0,0,0,0,0,0,0,0,0,0,0,0,0,0,0,0,255,255,255,255,255,255,255,0,0,0,0,255,255,255,255,0,0,0,0,0,0,10,0,-1,-1,-1,-1,-1,-1,0,0,0,0,0,0,3,1,0,0,3,0,0,0,0,0,0,0,0,0,0.99,0,0,0,0,255,255,255,255,255,255,255,255,255,255,255,255,65000000,49910,-1,-1,-1,-1,-1,-1,-1,-1,-1,-1,-1,-1,[0|0|0|0|0|0|0|0|0|0|0|0]
35912,[Libra Undertaker 2] Darkness,0,71115000,-1,36070000,-1,-1,-1,5029000,5029100,5029200,5029300,50000000,52000000,51000000,53000000,-1,-1,-1,-1,60920000,60950000,-1,-1,-1,-1,-1,-1,-1,-1,-1,-1,-1,-1,-1,-1,-1,-1,-1,-1,-1,-1,-1,10,1,0,1,0,1,0,1,0,15,0,0,0,0,0,0,0,0,0,0,0,0,0,0,0,0,0,0,0,255,255,255,255,255,255,255,0,0,0,0,255,255,255,255,0,0,0,0,0,0,10,0,-1,-1,-1,-1,-1,-1,0,0,0,0,0,0,3,1,0,0,3,0,0,0,0,0,0,0,0,0,0.99,0,0,0,0,255,255,255,255,255,255,255,255,255,255,255,255,65000000,49920,-1,-1,-1,-1,-1,-1,-1,-1,-1,-1,-1,-1,[0|0|0|0|0|0|0|0|0|0|0|0]
35913,[Libra Undertaker 2] Remembrance,0,71115000,-1,36070000,-1,-1,-1,5039000,5039100,5039200,5039300,50000000,52000000,51000000,53000000,-1,-1,-1,-1,60900000,60950000,-1,-1,-1,-1,-1,-1,-1,-1,-1,-1,-1,-1,-1,-1,-1,-1,-1,-1,-1,-1,-1,10,1,0,1,0,1,0,1,0,15,0,0,0,0,0,0,0,0,0,0,0,0,0,0,0,0,0,0,0,255,255,255,255,255,255,255,0,0,0,0,255,255,255,255,0,0,0,0,0,0,10,0,-1,-1,-1,-1,-1,-1,0,0,0,0,0,0,3,1,0,0,3,0,0,0,0,0,0,0,0,0,0.99,0,0,0,0,255,255,255,255,255,255,255,255,255,255,255,255,65000000,49930,-1,-1,-1,-1,-1,-1,-1,-1,-1,-1,-1,-1,[0|0|0|0|0|0|0|0|0|0|0|0]
35914,[Libra Undertaker 2] Brass,0,71115000,-1,36070000,-1,-1,-1,5069000,5069100,5069200,5069300,50000000,52000000,51000000,53000000,-1,-1,-1,-1,60930000,60950000,-1,-1,-1,-1,-1,-1,-1,-1,-1,-1,-1,-1,-1,-1,-1,-1,-1,-1,-1,-1,-1,10,1,0,1,0,1,0,1,0,15,0,0,0,0,0,0,0,0,0,0,0,0,0,0,0,0,0,0,0,255,255,255,255,255,255,255,0,0,0,0,255,255,255,255,0,0,0,0,0,0,10,0,-1,-1,-1,-1,-1,-1,0,0,0,0,0,0,3,1,0,0,3,0,0,0,0,0,0,0,0,0,0.99,0,0,0,0,255,255,255,255,255,255,255,255,255,255,255,255,65000000,49950,-1,-1,-1,-1,-1,-1,-1,-1,-1,-1,-1,-1,[0|0|0|0|0|0|0|0|0|0|0|0]
35915,[Libra Undertaker 2] Lord's Blade,0,71115000,-1,36070000,-1,-1,-1,5079000,5079100,5079200,5079300,50000000,52000000,51000000,53000000,-1,-1,-1,-1,60940000,60950000,-1,-1,-1,-1,-1,-1,-1,-1,-1,-1,-1,-1,-1,-1,-1,-1,-1,-1,-1,-1,-1,10,1,0,1,0,1,0,1,0,15,0,0,0,0,0,0,0,0,0,0,0,0,0,0,0,0,0,0,0,255,255,255,255,255,255,255,0,0,0,0,255,255,255,255,0,0,0,0,0,0,10,0,-1,-1,-1,-1,-1,-1,0,0,0,0,0,0,3,1,0,0,3,0,0,0,0,0,0,0,0,0,0.99,0,0,0,0,255,255,255,255,255,255,255,255,255,255,255,255,65000000,49960,-1,-1,-1,-1,-1,-1,-1,-1,-1,-1,-1,-1,[0|0|0|0|0|0|0|0|0|0|0|0]
35920,[Libra Undertaker 3] Default,0,72303000,-1,71216000,71110000,-1,-1,5009000,5009100,5009200,5009300,50000000,52000000,51000000,53000000,-1,-1,-1,-1,60900000,60950000,-1,-1,-1,-1,-1,-1,-1,-1,-1,-1,-1,-1,-1,-1,-1,-1,-1,-1,-1,-1,-1,10,1,0,1,0,1,0,1,0,15,0,0,0,0,0,0,0,0,0,0,0,0,0,0,0,0,0,0,0,255,255,255,255,255,255,255,0,0,0,0,255,255,255,255,0,0,0,0,0,0,10,0,-1,-1,-1,-1,-1,-1,0,0,0,0,0,0,3,1,0,0,3,0,0,0,0,0,0,0,0,0,0.99,0,0,0,0,255,255,255,255,255,255,255,255,255,255,255,255,65000000,49900,-1,-1,-1,-1,-1,-1,-1,-1,-1,-1,-1,-1,[0|0|0|0|0|0|0|0|0|0|0|0]
35921,[Libra Undertaker 3] Dawn,0,72303000,-1,71216000,71110000,-1,-1,5019000,5019100,5019200,5019300,50000000,52000000,51000000,53000000,-1,-1,-1,-1,60910000,60950000,-1,-1,-1,-1,-1,-1,-1,-1,-1,-1,-1,-1,-1,-1,-1,-1,-1,-1,-1,-1,-1,10,1,0,1,0,1,0,1,0,15,0,0,0,0,0,0,0,0,0,0,0,0,0,0,0,0,0,0,0,255,255,255,255,255,255,255,0,0,0,0,255,255,255,255,0,0,0,0,0,0,10,0,-1,-1,-1,-1,-1,-1,0,0,0,0,0,0,3,1,0,0,3,0,0,0,0,0,0,0,0,0,0.99,0,0,0,0,255,255,255,255,255,255,255,255,255,255,255,255,65000000,49910,-1,-1,-1,-1,-1,-1,-1,-1,-1,-1,-1,-1,[0|0|0|0|0|0|0|0|0|0|0|0]
35922,[Libra Undertaker 3] Darkness,0,72303000,-1,71216000,71110000,-1,-1,5029000,5029100,5029200,5029300,50000000,52000000,51000000,53000000,-1,-1,-1,-1,60920000,60950000,-1,-1,-1,-1,-1,-1,-1,-1,-1,-1,-1,-1,-1,-1,-1,-1,-1,-1,-1,-1,-1,10,1,0,1,0,1,0,1,0,15,0,0,0,0,0,0,0,0,0,0,0,0,0,0,0,0,0,0,0,255,255,255,255,255,255,255,0,0,0,0,255,255,255,255,0,0,0,0,0,0,10,0,-1,-1,-1,-1,-1,-1,0,0,0,0,0,0,3,1,0,0,3,0,0,0,0,0,0,0,0,0,0.99,0,0,0,0,255,255,255,255,255,255,255,255,255,255,255,255,65000000,49920,-1,-1,-1,-1,-1,-1,-1,-1,-1,-1,-1,-1,[0|0|0|0|0|0|0|0|0|0|0|0]
35923,[Libra Undertaker 3] Remembrance,0,72303000,-1,71216000,71110000,-1,-1,5039000,5039100,5039200,5039300,50000000,52000000,51000000,53000000,-1,-1,-1,-1,60900000,60950000,-1,-1,-1,-1,-1,-1,-1,-1,-1,-1,-1,-1,-1,-1,-1,-1,-1,-1,-1,-1,-1,10,1,0,1,0,1,0,1,0,15,0,0,0,0,0,0,0,0,0,0,0,0,0,0,0,0,0,0,0,255,255,255,255,255,255,255,0,0,0,0,255,255,255,255,0,0,0,0,0,0,10,0,-1,-1,-1,-1,-1,-1,0,0,0,0,0,0,3,1,0,0,3,0,0,0,0,0,0,0,0,0,0.99,0,0,0,0,255,255,255,255,255,255,255,255,255,255,255,255,65000000,49930,-1,-1,-1,-1,-1,-1,-1,-1,-1,-1,-1,-1,[0|0|0|0|0|0|0|0|0|0|0|0]
35924,[Libra Undertaker 3] Brass,0,72303000,-1,71216000,71110000,-1,-1,5069000,5069100,5069200,5069300,50000000,52000000,51000000,53000000,-1,-1,-1,-1,60930000,60950000,-1,-1,-1,-1,-1,-1,-1,-1,-1,-1,-1,-1,-1,-1,-1,-1,-1,-1,-1,-1,-1,10,1,0,1,0,1,0,1,0,15,0,0,0,0,0,0,0,0,0,0,0,0,0,0,0,0,0,0,0,255,255,255,255,255,255,255,0,0,0,0,255,255,255,255,0,0,0,0,0,0,10,0,-1,-1,-1,-1,-1,-1,0,0,0,0,0,0,3,1,0,0,3,0,0,0,0,0,0,0,0,0,0.99,0,0,0,0,255,255,255,255,255,255,255,255,255,255,255,255,65000000,49950,-1,-1,-1,-1,-1,-1,-1,-1,-1,-1,-1,-1,[0|0|0|0|0|0|0|0|0|0|0|0]
35925,[Libra Undertaker 3] Lord's Blade,0,72303000,-1,71216000,71110000,-1,-1,5079000,5079100,5079200,5079300,50000000,52000000,51000000,53000000,-1,-1,-1,-1,60940000,60950000,-1,-1,-1,-1,-1,-1,-1,-1,-1,-1,-1,-1,-1,-1,-1,-1,-1,-1,-1,-1,-1,10,1,0,1,0,1,0,1,0,15,0,0,0,0,0,0,0,0,0,0,0,0,0,0,0,0,0,0,0,255,255,255,255,255,255,255,0,0,0,0,255,255,255,255,0,0,0,0,0,0,10,0,-1,-1,-1,-1,-1,-1,0,0,0,0,0,0,3,1,0,0,3,0,0,0,0,0,0,0,0,0,0.99,0,0,0,0,255,255,255,255,255,255,255,255,255,255,255,255,65000000,49960,-1,-1,-1,-1,-1,-1,-1,-1,-1,-1,-1,-1,[0|0|0|0|0|0|0|0|0|0|0|0]
38000,[Scholar],0,5750000,-1,-1,-1,-1,-1,5008000,5008100,5008200,5008300,50000000,52000000,51000000,53000000,-1,-1,-1,-1,60800000,60810000,-1,-1,-1,-1,-1,-1,-1,-1,-1,-1,-1,-1,-1,-1,-1,-1,-1,-1,-1,-1,-1,10,1,0,1,0,1,0,1,0,1,52,19,27,50,40,15,15,10,0,0,0,0,0,0,0,0,0,0,0,255,255,255,255,255,255,255,0,0,1,0,255,255,255,255,0,0,0,0,0,0,9,0,-1,-1,-1,-1,-1,-1,0,0,0,0,0,0,3,1,0,0,3,0,0,0,0,0,0,0,0,0,0.97,0,0,0,0,255,255,255,255,255,255,255,255,255,255,255,255,65000000,-1,-1,-1,-1,-1,-1,-1,-1,-1,-1,-1,-1,-1,[0|0|0|0|0|0|0|0|0|0|0|0]
39997,,0,-1,-1,-1,-1,-1,-1,-1,-1,-1,-1,-1,-1,-1,-1,-1,-1,-1,-1,-1,-1,-1,-1,-1,-1,-1,-1,-1,-1,-1,-1,-1,10000,10001,10002,10010,10011,10012,-1,-1,-1,-1,0,0,0,0,0,0,0,0,0,0,0,0,0,0,0,0,0,0,0,2,2,2,2,2,2,0,0,0,0,255,255,255,255,255,255,255,0,0,0,0,255,255,255,255,0,0,0,0,0,0,0,0,-1,-1,-1,-1,-1,-1,0,0,0,0,0,0,255,255,0,0,255,0,0,0,0,0,0,0,0,0,1,0,0,0,0,255,255,255,255,255,255,255,255,255,255,255,255,65000000,-1,-1,-1,-1,-1,-1,-1,-1,-1,-1,-1,-1,-1,[0|0|0|0|0|0|0|0|0|0|0|0]
39998,,0,-1,-1,-1,-1,-1,-1,-1,-1,-1,-1,-1,-1,-1,-1,-1,-1,-1,-1,-1,-1,-1,-1,-1,-1,-1,-1,-1,-1,-1,-1,-1,10000,10001,10002,10010,10011,10012,-1,-1,-1,-1,0,0,0,0,0,0,0,0,0,0,0,0,0,0,0,0,0,0,0,2,2,2,2,2,2,0,0,0,0,255,255,255,255,255,255,255,0,0,0,0,255,255,255,255,0,0,0,0,0,0,0,0,-1,-1,-1,-1,-1,-1,0,0,0,0,0,0,255,255,0,0,255,0,0,0,0,0,0,0,0,0,1,0,0,0,0,255,255,255,255,255,255,255,255,255,255,255,255,65000000,-1,-1,-1,-1,-1,-1,-1,-1,-1,-1,-1,-1,-1,[0|0|0|0|0|0|0|0|0|0|0|0]
39999,,0,-1,-1,-1,-1,-1,-1,-1,-1,-1,-1,-1,-1,-1,-1,-1,-1,-1,-1,-1,-1,-1,-1,-1,-1,-1,-1,-1,-1,-1,-1,-1,10000,10001,10002,10010,10011,10012,-1,-1,-1,-1,0,0,0,0,0,0,0,0,0,0,0,0,0,0,0,0,0,0,0,2,2,2,2,2,2,0,0,0,0,255,255,255,255,255,255,255,0,0,0,0,255,255,255,255,0,0,0,0,0,0,0,0,-1,-1,-1,-1,-1,-1,0,0,0,0,0,0,255,255,0,0,255,0,0,0,0,0,0,0,0,0,1,0,0,0,0,255,255,255,255,255,255,255,255,255,255,255,255,65000000,-1,-1,-1,-1,-1,-1,-1,-1,-1,-1,-1,-1,-1,[0|0|0|0|0|0|0|0|0|0|0|0]
40100,[Wylder],0,3750000,-1,30750000,-1,-1,-1,5000000,5000100,5000200,5000300,50000000,52000000,51000000,53000000,-1,-1,-1,-1,60000000,60400000,-1,-1,-1,-1,-1,-1,-1,-1,-1,-1,-1,300,1400,1410,1290,-1,-1,-1,-1,-1,-1,10,1,0,1,0,1,0,1,0,6,13,10,12,16,12,9,7,10,0,3,1,1,1,0,0,0,0,0,0,255,255,255,255,255,255,255,0,0,1,0,255,255,255,255,0,0,0,0,0,0,1,0,-1,-1,-1,-1,-1,-1,0,0,0,0,0,0,3,1,0,0,3,0,0,0,0,0,0,0,0,0,1,0,0,0,0,255,255,255,255,255,255,255,255,255,255,255,255,65000000,-1,-1,-1,-1,-1,-1,-1,-1,-1,-1,-1,-1,-1,[0|0|0|0|0|0|0|0|0|0|0|0]
40101,[Wylder],0,3750000,-1,30750000,-1,-1,-1,5000000,5000100,5000200,5000300,50000000,52000000,51000000,53000000,-1,-1,-1,-1,60000000,60400000,-1,-1,-1,-1,-1,-1,-1,-1,-1,-1,-1,300,1400,1410,1290,-1,-1,-1,-1,-1,-1,10,1,0,1,0,1,0,1,0,11,13,10,12,16,12,9,7,10,0,3,1,1,1,0,0,0,0,0,0,255,255,255,255,255,255,255,0,0,1,0,255,255,255,255,0,0,0,0,0,0,1,0,-1,-1,-1,-1,-1,-1,0,0,0,0,0,0,3,1,0,0,3,0,0,0,0,0,0,0,0,0,1,0,0,0,0,255,255,255,255,255,255,255,255,255,255,255,255,65000000,-1,-1,-1,-1,-1,-1,-1,-1,-1,-1,-1,-1,-1,[0|0|0|0|0|0|0|0|0|0|0|0]
40102,[Wylder],0,3750000,-1,30750000,-1,-1,-1,5000000,5000100,5000200,5000300,50000000,52000000,51000000,53000000,-1,-1,-1,-1,60000000,60400000,-1,-1,-1,-1,-1,-1,-1,-1,-1,-1,-1,300,1400,1410,1290,-1,-1,-1,-1,-1,-1,10,1,0,1,0,1,0,1,0,13,13,10,12,16,12,9,7,10,0,3,1,1,1,0,0,0,0,0,0,255,255,255,255,255,255,255,0,0,1,0,255,255,255,255,0,0,0,0,0,0,1,0,-1,-1,-1,-1,-1,-1,0,0,0,0,0,0,3,1,0,0,3,0,0,0,0,0,0,0,0,0,1,0,0,0,0,255,255,255,255,255,255,255,255,255,255,255,255,65000000,-1,-1,-1,-1,-1,-1,-1,-1,-1,-1,-1,-1,-1,[0|0|0|0|0|0|0|0|0|0|0|0]
40200,[Guardian],0,18750000,-1,32750000,-1,-1,-1,5001000,5001100,5001200,5001300,50000000,52000000,51000000,53000000,-1,-1,-1,-1,60100000,60120000,-1,-1,-1,-1,-1,-1,-1,-1,-1,-1,-1,300,1400,1410,1290,-1,-1,-1,-1,-1,-1,11,1,0,1,0,1,0,1,0,6,15,9,15,12,12,7,10,8,0,3,1,1,1,0,0,0,0,0,0,255,255,255,255,255,255,255,0,0,1,0,255,255,255,255,0,0,0,0,0,0,2,5,-1,-1,-1,-1,-1,-1,0,0,0,0,0,0,3,1,0,0,3,0,0,0,0,0,0,0,0,0,1.15,0,0,0,0,255,255,255,255,255,255,255,255,255,255,255,255,65000000,-1,-1,-1,-1,-1,-1,-1,-1,-1,-1,-1,-1,-1,[0|0|0|0|0|0|0|0|0|0|0|0]
40201,[Guardian],0,18750000,-1,32750000,-1,-1,-1,5001000,5001100,5001200,5001300,50000000,52000000,51000000,53000000,-1,-1,-1,-1,60100000,60120000,-1,-1,-1,-1,-1,-1,-1,-1,-1,-1,-1,300,1400,1410,1290,-1,-1,-1,-1,-1,-1,11,1,0,1,0,1,0,1,0,11,15,9,15,12,12,7,10,8,0,3,1,1,1,0,0,0,0,0,0,255,255,255,255,255,255,255,0,0,1,0,255,255,255,255,0,0,0,0,0,0,2,5,-1,-1,-1,-1,-1,-1,0,0,0,0,0,0,3,1,0,0,3,0,0,0,0,0,0,0,0,0,1.15,0,0,0,0,255,255,255,255,255,255,255,255,255,255,255,255,65000000,-1,-1,-1,-1,-1,-1,-1,-1,-1,-1,-1,-1,-1,[0|0|0|0|0|0|0|0|0|0|0|0]
40202,[Guardian],0,18750000,-1,32750000,-1,-1,-1,5001000,5001100,5001200,5001300,50000000,52000000,51000000,53000000,-1,-1,-1,-1,60100000,60120000,-1,-1,-1,-1,-1,-1,-1,-1,-1,-1,-1,300,1400,1410,1290,-1,-1,-1,-1,-1,-1,11,1,0,1,0,1,0,1,0,13,15,9,15,12,12,7,10,8,0,3,1,1,1,0,0,0,0,0,0,255,255,255,255,255,255,255,0,0,1,0,255,255,255,255,0,0,0,0,0,0,2,5,-1,-1,-1,-1,-1,-1,0,0,0,0,0,0,3,1,0,0,3,0,0,0,0,0,0,0,0,0,1.15,0,0,0,0,255,255,255,255,255,255,255,255,255,255,255,255,65000000,-1,-1,-1,-1,-1,-1,-1,-1,-1,-1,-1,-1,-1,[0|0|0|0|0|0|0|0|0|0|0|0]
40300,[Ironeye],0,41750000,-1,-1,-1,-1,-1,5002000,5002100,5002200,5002300,50030000,52000000,51000000,53000000,-1,-1,-1,-1,60230000,60400000,60220000,-1,-1,-1,-1,-1,-1,-1,-1,-1,-1,300,1400,1410,1290,-1,-1,-1,-1,-1,-1,10,1,0,1,0,1,0,1,0,6,10,9,14,12,18,9,8,8,0,3,1,1,1,0,0,0,0,0,0,255,255,255,255,255,255,255,0,0,1,0,255,255,255,255,0,0,0,0,0,0,3,2,-1,-1,-1,-1,-1,-1,0,0,0,0,0,0,3,1,0,0,3,0,0,0,0,0,0,0,0,0,1,0,0,0,0,255,255,255,255,255,255,255,255,255,255,255,255,65000000,-1,-1,-1,-1,-1,-1,-1,-1,-1,-1,-1,-1,-1,[0|0|0|0|0|0|0|0|0|0|0|0]
40301,[Ironeye],0,41750000,-1,-1,-1,-1,-1,5002000,5002100,5002200,5002300,50030000,52000000,51000000,53000000,-1,-1,-1,-1,60230000,60400000,60220000,-1,-1,-1,-1,-1,-1,-1,-1,-1,-1,300,1400,1410,1290,-1,-1,-1,-1,-1,-1,10,1,0,1,0,1,0,1,0,11,10,9,14,12,18,9,8,8,0,3,1,1,1,0,0,0,0,0,0,255,255,255,255,255,255,255,0,0,1,0,255,255,255,255,0,0,0,0,0,0,3,2,-1,-1,-1,-1,-1,-1,0,0,0,0,0,0,3,1,0,0,3,0,0,0,0,0,0,0,0,0,1,0,0,0,0,255,255,255,255,255,255,255,255,255,255,255,255,65000000,-1,-1,-1,-1,-1,-1,-1,-1,-1,-1,-1,-1,-1,[0|0|0|0|0|0|0|0|0|0|0|0]
40302,[Ironeye],0,41750000,-1,-1,-1,-1,-1,5002000,5002100,5002200,5002300,50030000,52000000,51000000,53000000,-1,-1,-1,-1,60230000,60400000,60220000,-1,-1,-1,-1,-1,-1,-1,-1,-1,-1,300,1400,1410,1290,-1,-1,-1,-1,-1,-1,10,1,0,1,0,1,0,1,0,13,10,9,14,12,18,9,8,8,0,3,1,1,1,0,0,0,0,0,0,255,255,255,255,255,255,255,0,0,1,0,255,255,255,255,0,0,0,0,0,0,3,2,-1,-1,-1,-1,-1,-1,0,0,0,0,0,0,3,1,0,0,3,0,0,0,0,0,0,0,0,0,1,0,0,0,0,255,255,255,255,255,255,255,255,255,255,255,255,65000000,-1,-1,-1,-1,-1,-1,-1,-1,-1,-1,-1,-1,-1,[0|0|0|0|0|0|0|0|0|0|0|0]
40400,[Duchess],0,1750000,2000000,-1,-1,3000000,-1,5003000,5003100,5003200,5003300,50000000,52000000,51000000,53000000,-1,-1,-1,-1,60300000,60400000,-1,-1,-1,-1,-1,-1,-1,-1,-1,-1,-1,300,1400,1410,1290,-1,-1,-1,-1,-1,-1,10,1,0,1,0,1,0,1,0,6,13,10,12,16,12,9,7,10,0,3,1,1,1,0,0,0,0,0,0,255,255,255,255,255,255,255,0,0,0,0,255,255,255,255,0,0,0,0,0,0,4,0,-1,-1,-1,-1,-1,-1,0,0,0,0,0,0,3,1,0,0,3,0,0,0,0,0,0,0,0,0,0.96,0,0,0,0,255,255,255,255,255,255,255,255,255,255,255,255,65000000,-1,-1,-1,-1,-1,-1,-1,-1,-1,-1,-1,-1,-1,[0|0|0|0|0|0|0|0|0|0|0|0]
40401,[Duchess],0,1750000,2000000,-1,-1,3000000,-1,5003000,5003100,5003200,5003300,50000000,52000000,51000000,53000000,-1,-1,-1,-1,60300000,60400000,-1,-1,-1,-1,-1,-1,-1,-1,-1,-1,-1,300,1400,1410,1290,-1,-1,-1,-1,-1,-1,10,1,0,1,0,1,0,1,0,11,13,10,12,16,12,9,7,10,0,3,1,1,1,0,0,0,0,0,0,255,255,255,255,255,255,255,0,0,0,0,255,255,255,255,0,0,0,0,0,0,4,0,-1,-1,-1,-1,-1,-1,0,0,0,0,0,0,3,1,0,0,3,0,0,0,0,0,0,0,0,0,0.96,0,0,0,0,255,255,255,255,255,255,255,255,255,255,255,255,65000000,-1,-1,-1,-1,-1,-1,-1,-1,-1,-1,-1,-1,-1,[0|0|0|0|0|0|0|0|0|0|0|0]
40402,[Duchess],0,1750000,2000000,-1,-1,3000000,-1,5003000,5003100,5003200,5003300,50000000,52000000,51000000,53000000,-1,-1,-1,-1,60300000,60400000,-1,-1,-1,-1,-1,-1,-1,-1,-1,-1,-1,300,1400,1410,1290,-1,-1,-1,-1,-1,-1,10,1,0,1,0,1,0,1,0,13,13,10,12,16,12,9,7,10,0,3,1,1,1,0,0,0,0,0,0,255,255,255,255,255,255,255,0,0,0,0,255,255,255,255,0,0,0,0,0,0,4,0,-1,-1,-1,-1,-1,-1,0,0,0,0,0,0,3,1,0,0,3,0,0,0,0,0,0,0,0,0,0.96,0,0,0,0,255,255,255,255,255,255,255,255,255,255,255,255,65000000,-1,-1,-1,-1,-1,-1,-1,-1,-1,-1,-1,-1,-1,[0|0|0|0|0|0|0|0|0|0|0|0]
40500,[Raider],0,3750000,-1,-1,-1,41000000,-1,5004000,5004100,5004200,5004300,50000000,52000000,51000000,53000000,-1,-1,-1,-1,60400000,60410000,-1,-1,-1,-1,-1,-1,-1,-1,-1,-1,-1,300,1400,1410,1290,-1,-1,-1,-1,-1,-1,1,1,0,1,0,1,0,1,0,6,13,10,12,16,12,9,7,10,0,3,1,1,1,0,0,0,0,0,0,255,255,255,255,255,255,255,0,0,1,0,255,255,255,255,0,0,0,0,0,0,5,4,-1,-1,-1,-1,-1,-1,0,0,0,0,0,0,3,1,0,0,3,0,0,0,0,0,0,0,0,0,1.12,0,0,0,0,255,255,255,255,255,255,255,255,255,255,255,255,65000000,-1,-1,-1,-1,-1,-1,-1,-1,-1,-1,-1,-1,-1,[0|0|0|0|0|0|0|0|0|0|0|0]
40501,[Raider],0,3750000,-1,-1,-1,41000000,-1,5004000,5004100,5004200,5004300,50000000,52000000,51000000,53000000,-1,-1,-1,-1,60400000,60410000,-1,-1,-1,-1,-1,-1,-1,-1,-1,-1,-1,300,1400,1410,1290,-1,-1,-1,-1,-1,-1,1,1,0,1,0,1,0,1,0,11,13,10,12,16,12,9,7,10,0,3,1,1,1,0,0,0,0,0,0,255,255,255,255,255,255,255,0,0,1,0,255,255,255,255,0,0,0,0,0,0,5,4,-1,-1,-1,-1,-1,-1,0,0,0,0,0,0,3,1,0,0,3,0,0,0,0,0,0,0,0,0,1.12,0,0,0,0,255,255,255,255,255,255,255,255,255,255,255,255,65000000,-1,-1,-1,-1,-1,-1,-1,-1,-1,-1,-1,-1,-1,[0|0|0|0|0|0|0|0|0|0|0|0]
40502,[Raider],0,3750000,-1,-1,-1,41000000,-1,5004000,5004100,5004200,5004300,50000000,52000000,51000000,53000000,-1,-1,-1,-1,60400000,60410000,-1,-1,-1,-1,-1,-1,-1,-1,-1,-1,-1,300,1400,1410,1290,-1,-1,-1,-1,-1,-1,1,1,0,1,0,1,0,1,0,13,13,10,12,16,12,9,7,10,0,3,1,1,1,0,0,0,0,0,0,255,255,255,255,255,255,255,0,0,1,0,255,255,255,255,0,0,0,0,0,0,5,4,-1,-1,-1,-1,-1,-1,0,0,0,0,0,0,3,1,0,0,3,0,0,0,0,0,0,0,0,0,1.12,0,0,0,0,255,255,255,255,255,255,255,255,255,255,255,255,65000000,-1,-1,-1,-1,-1,-1,-1,-1,-1,-1,-1,-1,-1,[0|0|0|0|0|0|0|0|0|0|0|0]
40600,[Revenant],0,21750000,-1,34750000,-1,41000000,-1,5005000,5005100,5005200,5005300,50000000,52000000,51000000,53000000,-1,-1,-1,-1,60500000,60400000,60520000,-1,-1,-1,-1,-1,-1,-1,-1,-1,-1,300,1400,1410,1290,-1,-1,-1,-1,-1,-1,12,1,0,1,0,1,0,1,0,6,13,10,12,16,12,9,7,10,0,3,1,1,1,0,0,0,0,0,0,255,255,255,255,255,255,255,0,0,0,0,255,255,255,255,0,0,0,0,0,0,6,2,-1,-1,-1,-1,-1,-1,0,0,0,0,0,0,3,1,0,0,3,0,0,0,0,0,0,0,0,0,0.85,0,0,0,0,255,255,255,255,255,255,255,255,255,255,255,255,65000000,-1,-1,-1,-1,-1,-1,-1,-1,-1,-1,-1,-1,-1,[0|0|0|0|0|0|0|0|0|0|0|0]
40601,[Revenant],0,21750000,-1,34750000,-1,41000000,-1,5005000,5005100,5005200,5005300,50000000,52000000,51000000,53000000,-1,-1,-1,-1,60500000,60400000,60520000,-1,-1,-1,-1,-1,-1,-1,-1,-1,-1,300,1400,1410,1290,-1,-1,-1,-1,-1,-1,12,1,0,1,0,1,0,1,0,11,13,10,12,16,12,9,7,10,0,3,1,1,1,0,0,0,0,0,0,255,255,255,255,255,255,255,0,0,0,0,255,255,255,255,0,0,0,0,0,0,6,2,-1,-1,-1,-1,-1,-1,0,0,0,0,0,0,3,1,0,0,3,0,0,0,0,0,0,0,0,0,0.85,0,0,0,0,255,255,255,255,255,255,255,255,255,255,255,255,65000000,-1,-1,-1,-1,-1,-1,-1,-1,-1,-1,-1,-1,-1,[0|0|0|0|0|0|0|0|0|0|0|0]
40602,[Revenant],0,21750000,-1,34750000,-1,41000000,-1,5005000,5005100,5005200,5005300,50000000,52000000,51000000,53000000,-1,-1,-1,-1,60500000,60400000,60520000,-1,-1,-1,-1,-1,-1,-1,-1,-1,-1,300,1400,1410,1290,-1,-1,-1,-1,-1,-1,12,1,0,1,0,1,0,1,0,13,13,10,12,16,12,9,7,10,0,3,1,1,1,0,0,0,0,0,0,255,255,255,255,255,255,255,0,0,0,0,255,255,255,255,0,0,0,0,0,0,6,2,-1,-1,-1,-1,-1,-1,0,0,0,0,0,0,3,1,0,0,3,0,0,0,0,0,0,0,0,0,0.85,0,0,0,0,255,255,255,255,255,255,255,255,255,255,255,255,65000000,-1,-1,-1,-1,-1,-1,-1,-1,-1,-1,-1,-1,-1,[0|0|0|0|0|0|0|0|0|0|0|0]
40700,[Wylder],0,3750000,-1,-1,-1,-1,-1,5000000,5000100,5000200,5000300,50000000,52000000,51000000,53000000,-1,-1,-1,-1,60600000,60400000,-1,-1,-1,-1,-1,-1,-1,-1,-1,-1,-1,300,1400,1410,1290,-1,-1,-1,-1,-1,-1,13,1,0,1,0,1,0,1,0,6,13,10,12,16,12,9,7,10,0,3,1,1,1,0,0,0,0,0,0,255,255,255,255,255,255,255,0,0,0,0,255,255,255,255,0,0,0,0,0,0,7,0,-1,-1,-1,-1,-1,-1,0,0,0,0,0,0,3,1,0,0,3,0,0,0,0,0,0,0,0,0,1.05,0,0,0,0,255,255,255,255,255,255,255,255,255,255,255,255,65000000,-1,-1,-1,-1,-1,-1,-1,-1,-1,-1,-1,-1,-1,[0|0|0|0|0|0|0|0|0|0|0|0]
40701,[Wylder],0,3750000,-1,-1,-1,-1,-1,5000000,5000100,5000200,5000300,50000000,52000000,51000000,53000000,-1,-1,-1,-1,60600000,60610000,-1,-1,-1,-1,-1,-1,-1,-1,-1,-1,-1,300,1400,1410,1290,-1,-1,-1,-1,-1,-1,13,1,0,1,0,1,0,1,0,11,13,10,12,16,12,9,7,10,0,3,1,1,1,0,0,0,0,0,0,255,255,255,255,255,255,255,0,0,0,0,255,255,255,255,0,0,0,0,0,0,7,0,-1,-1,-1,-1,-1,-1,0,0,0,0,0,0,3,1,0,0,3,0,0,0,0,0,0,0,0,0,1.05,0,0,0,0,255,255,255,255,255,255,255,255,255,255,255,255,65000000,-1,-1,-1,-1,-1,-1,-1,-1,-1,-1,-1,-1,-1,[0|0|0|0|0|0|0|0|0|0|0|0]
40702,[Wylder],0,3750000,-1,-1,-1,-1,-1,5000000,5000100,5000200,5000300,50000000,52000000,51000000,53000000,-1,-1,-1,-1,60600000,60610000,-1,-1,-1,-1,-1,-1,-1,-1,-1,-1,-1,300,1400,1410,1290,-1,-1,-1,-1,-1,-1,13,1,0,1,0,1,0,1,0,13,13,10,12,16,12,9,7,10,0,3,1,1,1,0,0,0,0,0,0,255,255,255,255,255,255,255,0,0,0,0,255,255,255,255,0,0,0,0,0,0,7,0,-1,-1,-1,-1,-1,-1,0,0,0,0,0,0,3,1,0,0,3,0,0,0,0,0,0,0,0,0,1.05,0,0,0,0,255,255,255,255,255,255,255,255,255,255,255,255,65000000,-1,-1,-1,-1,-1,-1,-1,-1,-1,-1,-1,-1,-1,[0|0|0|0|0|0|0|0|0|0|0|0]
40800,[Guardian],0,18750000,-1,-1,-1,-1,-1,5001000,5001100,5001200,5001300,50000000,52000000,51000000,53000000,-1,-1,-1,-1,60100000,60110000,-1,-1,-1,-1,-1,-1,-1,-1,-1,-1,-1,300,1400,1410,1290,-1,-1,-1,-1,-1,-1,10,1,0,1,0,1,0,1,0,6,15,9,15,12,12,7,10,8,0,3,1,1,1,0,0,0,0,0,0,255,255,255,255,255,255,255,0,0,1,0,255,255,255,255,0,0,0,0,0,0,8,0,-1,-1,-1,-1,-1,-1,0,0,0,0,0,0,3,1,0,0,3,0,0,0,0,0,0,0,0,0,1.02,0,0,0,0,255,255,255,255,255,255,255,255,255,255,255,255,65000000,-1,-1,-1,-1,-1,-1,-1,-1,-1,-1,-1,-1,-1,[0|0|0|0|0|0|0|0|0|0|0|0]
40801,[Guardian],0,18750000,-1,-1,-1,-1,-1,5001000,5001100,5001200,5001300,50000000,52000000,51000000,53000000,-1,-1,-1,-1,60100000,60110000,-1,-1,-1,-1,-1,-1,-1,-1,-1,-1,-1,300,1400,1410,1290,-1,-1,-1,-1,-1,-1,10,1,0,1,0,1,0,1,0,11,15,9,15,12,12,7,10,8,0,3,1,1,1,0,0,0,0,0,0,255,255,255,255,255,255,255,0,0,1,0,255,255,255,255,0,0,0,0,0,0,8,0,-1,-1,-1,-1,-1,-1,0,0,0,0,0,0,3,1,0,0,3,0,0,0,0,0,0,0,0,0,1.02,0,0,0,0,255,255,255,255,255,255,255,255,255,255,255,255,65000000,-1,-1,-1,-1,-1,-1,-1,-1,-1,-1,-1,-1,-1,[0|0|0|0|0|0|0|0|0|0|0|0]
40802,[Guardian],0,18750000,-1,-1,-1,-1,-1,5001000,5001100,5001200,5001300,50000000,52000000,51000000,53000000,-1,-1,-1,-1,60100000,60110000,-1,-1,-1,-1,-1,-1,-1,-1,-1,-1,-1,300,1400,1410,1290,-1,-1,-1,-1,-1,-1,10,1,0,1,0,1,0,1,0,13,15,9,15,12,12,7,10,8,0,3,1,1,1,0,0,0,0,0,0,255,255,255,255,255,255,255,0,0,1,0,255,255,255,255,0,0,0,0,0,0,8,0,-1,-1,-1,-1,-1,-1,0,0,0,0,0,0,3,1,0,0,3,0,0,0,0,0,0,0,0,0,1.02,0,0,0,0,255,255,255,255,255,255,255,255,255,255,255,255,65000000,-1,-1,-1,-1,-1,-1,-1,-1,-1,-1,-1,-1,-1,[0|0|0|0|0|0|0|0|0|0|0|0]
49997,,0,-1,-1,-1,-1,-1,-1,-1,-1,-1,-1,-1,-1,-1,-1,-1,-1,-1,-1,-1,-1,-1,-1,-1,-1,-1,-1,-1,-1,-1,-1,-1,10000,10001,10002,10010,10011,10012,-1,-1,-1,-1,0,0,0,0,0,0,0,0,0,0,0,0,0,0,0,0,0,0,0,2,2,2,2,2,2,0,0,0,0,255,255,255,255,255,255,255,0,0,0,0,255,255,255,255,0,0,0,0,0,0,0,0,-1,-1,-1,-1,-1,-1,0,0,0,0,0,0,255,255,0,0,255,0,0,0,0,0,0,0,0,0,1,0,0,0,0,255,255,255,255,255,255,255,255,255,255,255,255,65000000,-1,-1,-1,-1,-1,-1,-1,-1,-1,-1,-1,-1,-1,[0|0|0|0|0|0|0|0|0|0|0|0]
49998,,0,-1,-1,-1,-1,-1,-1,-1,-1,-1,-1,-1,-1,-1,-1,-1,-1,-1,-1,-1,-1,-1,-1,-1,-1,-1,-1,-1,-1,-1,-1,-1,10000,10001,10002,10010,10011,10012,-1,-1,-1,-1,0,0,0,0,0,0,0,0,0,0,0,0,0,0,0,0,0,0,0,2,2,2,2,2,2,0,0,0,0,255,255,255,255,255,255,255,0,0,0,0,255,255,255,255,0,0,0,0,0,0,0,0,-1,-1,-1,-1,-1,-1,0,0,0,0,0,0,255,255,0,0,255,0,0,0,0,0,0,0,0,0,1,0,0,0,0,255,255,255,255,255,255,255,255,255,255,255,255,65000000,-1,-1,-1,-1,-1,-1,-1,-1,-1,-1,-1,-1,-1,[0|0|0|0|0|0|0|0|0|0|0|0]
49999,,0,-1,-1,-1,-1,-1,-1,-1,-1,-1,-1,-1,-1,-1,-1,-1,-1,-1,-1,-1,-1,-1,-1,-1,-1,-1,-1,-1,-1,-1,-1,-1,10000,10001,10002,10010,10011,10012,-1,-1,-1,-1,0,0,0,0,0,0,0,0,0,0,0,0,0,0,0,0,0,0,0,2,2,2,2,2,2,0,0,0,0,255,255,255,255,255,255,255,0,0,0,0,255,255,255,255,0,0,0,0,0,0,0,0,-1,-1,-1,-1,-1,-1,0,0,0,0,0,0,255,255,0,0,255,0,0,0,0,0,0,0,0,0,1,0,0,0,0,255,255,255,255,255,255,255,255,255,255,255,255,65000000,-1,-1,-1,-1,-1,-1,-1,-1,-1,-1,-1,-1,-1,[0|0|0|0|0|0|0|0|0|0|0|0]
50000,[Player - Wylder] Default,0,3750000,-1,30750000,-1,-1,-1,5000000,5000100,5000200,5000300,50000000,52000000,51000000,53000000,-1,-1,-1,-1,60000000,60010000,-1,-1,-1,-1,-1,-1,-1,-1,-1,-1,-1,-1,-1,-1,-1,-1,-1,-1,-1,-1,-1,10,1,0,1,0,1,0,1,0,1,13,10,12,16,12,9,7,10,0,0,0,0,0,0,0,0,0,0,0,255,255,255,255,255,255,255,0,0,1,0,255,255,255,255,0,0,0,0,0,0,1,0,-1,-1,-1,-1,-1,-1,0,0,0,0,0,0,3,1,0,0,3,0,0,0,0,0,0,0,0,0,1,0,0,0,0,255,255,255,255,255,255,255,255,255,255,255,255,65000000,49000,-1,-1,-1,-1,-1,-1,-1,-1,-1,-1,-1,-1,[0|0|0|0|0|0|0|0|0|0|0|0]
50010,[Player - Wylder] Dawn,0,3750000,-1,30750000,-1,-1,-1,5010000,5010100,5010200,5010300,50000000,52000000,51000000,53000000,-1,-1,-1,-1,60000000,60010000,-1,-1,-1,-1,-1,-1,-1,-1,-1,-1,-1,-1,-1,-1,-1,-1,-1,-1,-1,-1,-1,10,1,0,1,0,1,0,1,0,1,13,10,12,16,12,9,7,10,0,0,0,0,0,0,0,0,0,0,0,255,255,255,255,255,255,255,0,0,1,0,255,255,255,255,0,0,0,0,0,0,1,0,-1,-1,-1,-1,-1,-1,0,0,0,0,0,0,3,1,0,0,3,0,0,0,0,0,0,0,0,0,1,0,0,0,0,255,255,255,255,255,255,255,255,255,255,255,255,65000000,49010,-1,-1,-1,-1,-1,-1,-1,-1,-1,-1,-1,-1,[0|0|0|0|0|0|0|0|0|0|0|0]
50020,[Player - Wylder] Darkness,0,3750000,-1,30750000,-1,-1,-1,5020000,5020100,5020200,5020300,50000000,52000000,51000000,53000000,-1,-1,-1,-1,60000000,60010000,-1,-1,-1,-1,-1,-1,-1,-1,-1,-1,-1,-1,-1,-1,-1,-1,-1,-1,-1,-1,-1,10,1,0,1,0,1,0,1,0,1,13,10,12,16,12,9,7,10,0,0,0,0,0,0,0,0,0,0,0,255,255,255,255,255,255,255,0,0,1,0,255,255,255,255,0,0,0,0,0,0,1,0,-1,-1,-1,-1,-1,-1,0,0,0,0,0,0,3,1,0,0,3,0,0,0,0,0,0,0,0,0,1,0,0,0,0,255,255,255,255,255,255,255,255,255,255,255,255,65000000,49020,-1,-1,-1,-1,-1,-1,-1,-1,-1,-1,-1,-1,[0|0|0|0|0|0|0|0|0|0|0|0]
50030,[Player - Wylder] Remembrance,0,3750000,-1,30750000,-1,-1,-1,5030000,5030100,5030200,5030300,50000000,52000000,51000000,53000000,-1,-1,-1,-1,60000000,60010000,-1,-1,-1,-1,-1,-1,-1,-1,-1,-1,-1,-1,-1,-1,-1,-1,-1,-1,-1,-1,-1,10,1,0,1,0,1,0,1,0,1,13,10,12,16,12,9,7,10,0,0,0,0,0,0,0,0,0,0,0,255,255,255,255,255,255,255,0,0,1,0,255,255,255,255,0,0,0,0,0,0,1,0,-1,-1,-1,-1,-1,-1,0,0,0,0,0,0,3,1,0,0,3,0,0,0,0,0,0,0,0,0,1,0,0,0,0,255,255,255,255,255,255,255,255,255,255,255,255,65000000,49030,-1,-1,-1,-1,-1,-1,-1,-1,-1,-1,-1,-1,[0|0|0|0|0|0|0|0|0|0|0|0]
50050,[Player - Wylder] Abysswalker,0,3750000,-1,30750000,-1,-1,-1,5050000,5050100,5050200,5050300,50000000,52000000,51000000,53000000,-1,-1,-1,-1,60000000,60010000,-1,-1,-1,-1,-1,-1,-1,-1,-1,-1,-1,-1,-1,-1,-1,-1,-1,-1,-1,-1,-1,10,1,0,1,0,1,0,1,0,1,13,10,12,16,12,9,7,10,0,0,0,0,0,0,0,0,0,0,0,255,255,255,255,255,255,255,0,0,1,0,255,255,255,255,0,0,0,0,0,0,1,0,-1,-1,-1,-1,-1,-1,0,0,0,0,0,0,3,1,0,0,3,0,0,0,0,0,0,0,0,0,1,0,0,0,0,255,255,255,255,255,255,255,255,255,255,255,255,65000000,49050,-1,-1,-1,-1,-1,-1,-1,-1,-1,-1,-1,-1,[0|0|0|0|0|0|0|0|0|0|0|0]
50060,[Player - Wylder] Lion Knight,0,3750000,-1,30750000,-1,-1,-1,5060000,5060100,5060200,5060300,50000000,52000000,51000000,53000000,-1,-1,-1,-1,60000000,60010000,-1,-1,-1,-1,-1,-1,-1,-1,-1,-1,-1,-1,-1,-1,-1,-1,-1,-1,-1,-1,-1,10,1,0,1,0,1,0,1,0,1,13,10,12,16,12,9,7,10,0,0,0,0,0,0,0,0,0,0,0,255,255,255,255,255,255,255,0,0,1,0,255,255,255,255,0,0,0,0,0,0,1,0,-1,-1,-1,-1,-1,-1,0,0,0,0,0,0,3,1,0,0,3,0,0,0,0,0,0,0,0,0,1,0,0,0,0,255,255,255,255,255,255,255,255,255,255,255,255,65000000,49060,-1,-1,-1,-1,-1,-1,-1,-1,-1,-1,-1,-1,[0|0|0|0|0|0|0|0|0|0|0|0]
50100,[Player - Guardian] Default,0,18750000,-1,32750000,-1,-1,-1,5001000,5001100,5001200,5001300,50000000,52000000,51000000,53000000,-1,-1,-1,-1,60100000,60120000,-1,-1,-1,-1,-1,-1,-1,-1,-1,-1,-1,-1,-1,-1,-1,-1,-1,-1,-1,-1,-1,11,1,0,1,0,1,0,1,0,1,15,9,15,12,12,7,10,8,0,0,0,0,0,0,0,0,0,0,0,255,255,255,255,255,255,255,0,0,1,0,255,255,255,255,0,0,0,0,0,0,2,5,-1,-1,-1,-1,-1,-1,0,0,0,0,0,0,3,1,0,0,3,0,0,0,0,0,0,0,0,0,1.15,0,0,0,0,255,255,255,255,255,255,255,255,255,255,255,255,65000000,49100,-1,-1,-1,-1,-1,-1,-1,-1,-1,-1,-1,-1,[0|0|0|0|0|0|0|0|0|0|0|0]
50110,[Player - Guardian] Dawn,0,18750000,-1,32750000,-1,-1,-1,5011000,5011100,5011200,5011300,50000000,52000000,51000000,53000000,-1,-1,-1,-1,60100000,60120000,-1,-1,-1,-1,-1,-1,-1,-1,-1,-1,-1,-1,-1,-1,-1,-1,-1,-1,-1,-1,-1,11,1,0,1,0,1,0,1,0,1,15,9,15,12,12,7,10,8,0,0,0,0,0,0,0,0,0,0,0,255,255,255,255,255,255,255,0,0,1,0,255,255,255,255,0,0,0,0,0,0,2,5,-1,-1,-1,-1,-1,-1,0,0,0,0,0,0,3,1,0,0,3,0,0,0,0,0,0,0,0,0,1.15,0,0,0,0,255,255,255,255,255,255,255,255,255,255,255,255,65000000,49110,-1,-1,-1,-1,-1,-1,-1,-1,-1,-1,-1,-1,[0|0|0|0|0|0|0|0|0|0|0|0]
50120,[Player - Guardian] Darkness,0,18750000,-1,32750000,-1,-1,-1,5021000,5021100,5021200,5021300,50000000,52000000,51000000,53000000,-1,-1,-1,-1,60100000,60120000,-1,-1,-1,-1,-1,-1,-1,-1,-1,-1,-1,-1,-1,-1,-1,-1,-1,-1,-1,-1,-1,11,1,0,1,0,1,0,1,0,1,15,9,15,12,12,7,10,8,0,0,0,0,0,0,0,0,0,0,0,255,255,255,255,255,255,255,0,0,1,0,255,255,255,255,0,0,0,0,0,0,2,5,-1,-1,-1,-1,-1,-1,0,0,0,0,0,0,3,1,0,0,3,0,0,0,0,0,0,0,0,0,1.15,0,0,0,0,255,255,255,255,255,255,255,255,255,255,255,255,65000000,49120,-1,-1,-1,-1,-1,-1,-1,-1,-1,-1,-1,-1,[0|0|0|0|0|0|0|0|0|0|0|0]
50130,[Player - Guardian] Remembrance,0,18750000,-1,32750000,-1,-1,-1,5031000,5031100,5031200,5031300,50000000,52000000,51000000,53000000,-1,-1,-1,-1,60100000,60120000,-1,-1,-1,-1,-1,-1,-1,-1,-1,-1,-1,-1,-1,-1,-1,-1,-1,-1,-1,-1,-1,11,1,0,1,0,1,0,1,0,1,15,9,15,12,12,7,10,8,0,0,0,0,0,0,0,0,0,0,0,255,255,255,255,255,255,255,0,0,1,0,255,255,255,255,0,0,0,0,0,0,2,5,-1,-1,-1,-1,-1,-1,0,0,0,0,0,0,3,1,0,0,3,0,0,0,0,0,0,0,0,0,1.15,0,0,0,0,255,255,255,255,255,255,255,255,255,255,255,255,65000000,49130,-1,-1,-1,-1,-1,-1,-1,-1,-1,-1,-1,-1,[0|0|0|0|0|0|0|0|0|0|0|0]
50150,[Player - Guardian] Sunlight Knight,0,18750000,-1,32750000,-1,-1,-1,5051000,5051100,5051200,5051300,50000000,52000000,51000000,53000000,-1,-1,-1,-1,60100000,60120000,-1,-1,-1,-1,-1,-1,-1,-1,-1,-1,-1,-1,-1,-1,-1,-1,-1,-1,-1,-1,-1,11,1,0,1,0,1,0,1,0,1,15,9,15,12,12,7,10,8,0,0,0,0,0,0,0,0,0,0,0,255,255,255,255,255,255,255,0,0,1,0,255,255,255,255,0,0,0,0,0,0,2,5,-1,-1,-1,-1,-1,-1,0,0,0,0,0,0,3,1,0,0,3,0,0,0,0,0,0,0,0,0,1.15,0,0,0,0,255,255,255,255,255,255,255,255,255,255,255,255,65000000,49150,-1,-1,-1,-1,-1,-1,-1,-1,-1,-1,-1,-1,[0|0|0|0|0|0|0|0|0|0|0|0]
50160,[Player - Guardian] Wayfarer,0,18750000,-1,32750000,-1,-1,-1,5061000,5061100,5061200,5061300,50000000,52000000,51000000,53000000,-1,-1,-1,-1,60100000,60120000,-1,-1,-1,-1,-1,-1,-1,-1,-1,-1,-1,-1,-1,-1,-1,-1,-1,-1,-1,-1,-1,11,1,0,1,0,1,0,1,0,1,15,9,15,12,12,7,10,8,0,0,0,0,0,0,0,0,0,0,0,255,255,255,255,255,255,255,0,0,1,0,255,255,255,255,0,0,0,0,0,0,2,5,-1,-1,-1,-1,-1,-1,0,0,0,0,0,0,3,1,0,0,3,0,0,0,0,0,0,0,0,0,1.15,0,0,0,0,255,255,255,255,255,255,255,255,255,255,255,255,65000000,49160,-1,-1,-1,-1,-1,-1,-1,-1,-1,-1,-1,-1,[0|0|0|0|0|0|0|0|0|0|0|0]
50200,[Player - Ironeye] Default,0,41750000,-1,-1,-1,-1,-1,5002000,5002100,5002200,5002300,50030000,52000000,51000000,53000000,-1,-1,-1,-1,60230000,60210000,60220000,-1,-1,-1,-1,-1,-1,-1,-1,-1,-1,-1,-1,-1,-1,-1,-1,-1,-1,-1,-1,10,1,0,1,0,1,0,1,0,1,10,9,14,12,18,9,8,8,0,0,0,0,0,0,0,0,0,0,0,255,255,255,255,255,255,255,0,0,1,0,255,255,255,255,0,0,0,0,0,0,3,2,-1,-1,-1,-1,-1,-1,0,0,0,0,0,0,3,1,0,0,3,0,0,0,0,0,0,0,0,0,1,0,0,0,0,255,255,255,255,255,255,255,255,255,255,255,255,65000000,49200,-1,-1,-1,-1,-1,-1,-1,-1,-1,-1,-1,-1,[0|0|0|0|0|0|0|0|0|0|0|0]
50210,[Player - Ironeye] Dawn,0,41750000,-1,-1,-1,-1,-1,5012000,5012100,5012200,5012300,50030000,52000000,51000000,53000000,-1,-1,-1,-1,60230000,60210000,60220000,-1,-1,-1,-1,-1,-1,-1,-1,-1,-1,-1,-1,-1,-1,-1,-1,-1,-1,-1,-1,10,1,0,1,0,1,0,1,0,1,10,9,14,12,18,9,8,8,0,0,0,0,0,0,0,0,0,0,0,255,255,255,255,255,255,255,0,0,1,0,255,255,255,255,0,0,0,0,0,0,3,2,-1,-1,-1,-1,-1,-1,0,0,0,0,0,0,3,1,0,0,3,0,0,0,0,0,0,0,0,0,1,0,0,0,0,255,255,255,255,255,255,255,255,255,255,255,255,65000000,49210,-1,-1,-1,-1,-1,-1,-1,-1,-1,-1,-1,-1,[0|0|0|0|0|0|0|0|0|0|0|0]
50220,[Player - Ironeye] Darkness,0,41750000,-1,-1,-1,-1,-1,5022000,5022100,5022200,5022300,50030000,52000000,51000000,53000000,-1,-1,-1,-1,60230000,60210000,60220000,-1,-1,-1,-1,-1,-1,-1,-1,-1,-1,-1,-1,-1,-1,-1,-1,-1,-1,-1,-1,10,1,0,1,0,1,0,1,0,1,10,9,14,12,18,9,8,8,0,0,0,0,0,0,0,0,0,0,0,255,255,255,255,255,255,255,0,0,1,0,255,255,255,255,0,0,0,0,0,0,3,2,-1,-1,-1,-1,-1,-1,0,0,0,0,0,0,3,1,0,0,3,0,0,0,0,0,0,0,0,0,1,0,0,0,0,255,255,255,255,255,255,255,255,255,255,255,255,65000000,49220,-1,-1,-1,-1,-1,-1,-1,-1,-1,-1,-1,-1,[0|0|0|0|0|0|0|0|0|0|0|0]
50230,[Player - Ironeye] Remembrance,0,41750000,-1,-1,-1,-1,-1,5032000,5032100,5032200,5032300,50030000,52000000,51000000,53000000,-1,-1,-1,-1,60231000,60210000,60220000,-1,-1,-1,-1,-1,-1,-1,-1,-1,-1,-1,-1,-1,-1,-1,-1,-1,-1,-1,-1,10,1,0,1,0,1,0,1,0,1,10,9,14,12,18,9,8,8,0,0,0,0,0,0,0,0,0,0,0,255,255,255,255,255,255,255,0,0,1,0,255,255,255,255,0,0,0,0,0,0,3,2,-1,-1,-1,-1,-1,-1,0,0,0,0,0,0,3,1,0,0,3,0,0,0,0,0,0,0,0,0,1,0,0,0,0,255,255,255,255,255,255,255,255,255,255,255,255,65000000,49230,-1,-1,-1,-1,-1,-1,-1,-1,-1,-1,-1,-1,[0|0|0|0|0|0|0|0|0|0|0|0]
50250,[Player - Ironeye] Ringfinger,0,41750000,-1,-1,-1,-1,-1,5052000,5052100,5052200,5052300,50030000,52000000,51000000,53000000,-1,-1,-1,-1,60230000,60210000,60220000,-1,-1,-1,-1,-1,-1,-1,-1,-1,-1,-1,-1,-1,-1,-1,-1,-1,-1,-1,-1,10,1,0,1,0,1,0,1,0,1,10,9,14,12,18,9,8,8,0,0,0,0,0,0,0,0,0,0,0,255,255,255,255,255,255,255,0,0,1,0,255,255,255,255,0,0,0,0,0,0,3,2,-1,-1,-1,-1,-1,-1,0,0,0,0,0,0,3,1,0,0,3,0,0,0,0,0,0,0,0,0,1,0,0,0,0,255,255,255,255,255,255,255,255,255,255,255,255,65000000,49250,-1,-1,-1,-1,-1,-1,-1,-1,-1,-1,-1,-1,[0|0|0|0|0|0|0|0|0|0|0|0]
50260,[Player - Ironeye] Sellsword,0,41750000,-1,-1,-1,-1,-1,5062000,5062100,5062200,5062300,50030000,52000000,51000000,53000000,-1,-1,-1,-1,60230000,60210000,60220000,-1,-1,-1,-1,-1,-1,-1,-1,-1,-1,-1,-1,-1,-1,-1,-1,-1,-1,-1,-1,10,1,0,1,0,1,0,1,0,1,10,9,14,12,18,9,8,8,0,0,0,0,0,0,0,0,0,0,0,255,255,255,255,255,255,255,0,0,1,0,255,255,255,255,0,0,0,0,0,0,3,2,-1,-1,-1,-1,-1,-1,0,0,0,0,0,0,3,1,0,0,3,0,0,0,0,0,0,0,0,0,1,0,0,0,0,255,255,255,255,255,255,255,255,255,255,255,255,65000000,49260,-1,-1,-1,-1,-1,-1,-1,-1,-1,-1,-1,-1,[0|0|0|0|0|0|0|0|0|0|0|0]
50300,[Player - Duchess] Default,0,1750000,-1,-1,-1,-1,-1,5003000,5003100,5003200,5003300,50000000,52000000,51000000,53000000,-1,-1,-1,-1,60300000,60310000,-1,-1,-1,-1,-1,-1,-1,-1,-1,-1,-1,-1,-1,-1,-1,-1,-1,-1,-1,-1,-1,10,1,0,1,0,1,0,1,0,1,13,10,12,16,12,9,7,10,0,0,0,0,0,0,0,0,0,0,0,255,255,255,255,255,255,255,0,0,0,0,255,255,255,255,0,0,0,0,0,0,4,0,-1,-1,-1,-1,-1,-1,0,0,0,0,0,0,3,1,0,0,3,0,0,0,0,0,0,0,0,0,0.96,0,0,0,0,255,255,255,255,255,255,255,255,255,255,255,255,65000000,49300,-1,-1,-1,-1,-1,-1,-1,-1,-1,-1,-1,-1,[0|0|0|0|0|0|0|0|0|0|0|0]
50310,[Player - Duchess] Dawn,0,1750000,-1,-1,-1,-1,-1,5013000,5013100,5013200,5013300,50000000,52000000,51000000,53000000,-1,-1,-1,-1,60300000,60310000,-1,-1,-1,-1,-1,-1,-1,-1,-1,-1,-1,-1,-1,-1,-1,-1,-1,-1,-1,-1,-1,10,1,0,1,0,1,0,1,0,1,13,10,12,16,12,9,7,10,0,0,0,0,0,0,0,0,0,0,0,255,255,255,255,255,255,255,0,0,0,0,255,255,255,255,0,0,0,0,0,0,4,0,-1,-1,-1,-1,-1,-1,0,0,0,0,0,0,3,1,0,0,3,0,0,0,0,0,0,0,0,0,0.96,0,0,0,0,255,255,255,255,255,255,255,255,255,255,255,255,65000000,49310,-1,-1,-1,-1,-1,-1,-1,-1,-1,-1,-1,-1,[0|0|0|0|0|0|0|0|0|0|0|0]
50320,[Player - Duchess] Darkness,0,1750000,-1,-1,-1,-1,-1,5023000,5023100,5023200,5023300,50000000,52000000,51000000,53000000,-1,-1,-1,-1,60300000,60310000,-1,-1,-1,-1,-1,-1,-1,-1,-1,-1,-1,-1,-1,-1,-1,-1,-1,-1,-1,-1,-1,10,1,0,1,0,1,0,1,0,1,13,10,12,16,12,9,7,10,0,0,0,0,0,0,0,0,0,0,0,255,255,255,255,255,255,255,0,0,0,0,255,255,255,255,0,0,0,0,0,0,4,0,-1,-1,-1,-1,-1,-1,0,0,0,0,0,0,3,1,0,0,3,0,0,0,0,0,0,0,0,0,0.96,0,0,0,0,255,255,255,255,255,255,255,255,255,255,255,255,65000000,49320,-1,-1,-1,-1,-1,-1,-1,-1,-1,-1,-1,-1,[0|0|0|0|0|0|0|0|0|0|0|0]
50330,[Player - Duchess] Remembrance,0,1750000,-1,-1,-1,-1,-1,5033000,5033100,5033200,5033300,50000000,52000000,51000000,53000000,-1,-1,-1,-1,60300000,60310000,-1,-1,-1,-1,-1,-1,-1,-1,-1,-1,-1,-1,-1,-1,-1,-1,-1,-1,-1,-1,-1,10,1,0,1,0,1,0,1,0,1,13,10,12,16,12,9,7,10,0,0,0,0,0,0,0,0,0,0,0,255,255,255,255,255,255,255,0,0,0,0,255,255,255,255,0,0,0,0,0,0,4,0,-1,-1,-1,-1,-1,-1,0,0,0,0,0,0,3,1,0,0,3,0,0,0,0,0,0,0,0,0,0.96,0,0,0,0,255,255,255,255,255,255,255,255,255,255,255,255,65000000,49330,-1,-1,-1,-1,-1,-1,-1,-1,-1,-1,-1,-1,[0|0|0|0|0|0|0|0|0|0|0|0]
50350,[Player - Duchess] Black Leather,0,1750000,-1,-1,-1,-1,-1,5053000,5053100,5053200,5053300,50000000,52000000,51000000,53000000,-1,-1,-1,-1,60300000,60310000,-1,-1,-1,-1,-1,-1,-1,-1,-1,-1,-1,-1,-1,-1,-1,-1,-1,-1,-1,-1,-1,10,1,0,1,0,1,0,1,0,1,13,10,12,16,12,9,7,10,0,0,0,0,0,0,0,0,0,0,0,255,255,255,255,255,255,255,0,0,0,0,255,255,255,255,0,0,0,0,0,0,4,0,-1,-1,-1,-1,-1,-1,0,0,0,0,0,0,3,1,0,0,3,0,0,0,0,0,0,0,0,0,0.96,0,0,0,0,255,255,255,255,255,255,255,255,255,255,255,255,65000000,49350,-1,-1,-1,-1,-1,-1,-1,-1,-1,-1,-1,-1,[0|0|0|0|0|0|0|0|0|0|0|0]
50360,[Player - Duchess] Wraith,0,1750000,-1,-1,-1,-1,-1,5063000,5063100,5063200,5063300,50000000,52000000,51000000,53000000,-1,-1,-1,-1,60300000,60310000,-1,-1,-1,-1,-1,-1,-1,-1,-1,-1,-1,-1,-1,-1,-1,-1,-1,-1,-1,-1,-1,10,1,0,1,0,1,0,1,0,1,13,10,12,16,12,9,7,10,0,0,0,0,0,0,0,0,0,0,0,255,255,255,255,255,255,255,0,0,0,0,255,255,255,255,0,0,0,0,0,0,4,0,-1,-1,-1,-1,-1,-1,0,0,0,0,0,0,3,1,0,0,3,0,0,0,0,0,0,0,0,0,0.96,0,0,0,0,255,255,255,255,255,255,255,255,255,255,255,255,65000000,49360,-1,-1,-1,-1,-1,-1,-1,-1,-1,-1,-1,-1,[0|0|0|0|0|0|0|0|0|0|0|0]
50400,[Player - Raider] Default,0,23750000,-1,-1,-1,-1,-1,5004000,5004100,5004200,5004300,50000000,52000000,51000000,53000000,-1,-1,-1,-1,60400000,60410000,-1,-1,-1,-1,-1,-1,-1,-1,-1,-1,-1,-1,-1,-1,-1,-1,-1,-1,-1,-1,-1,1,1,0,1,0,1,0,1,0,1,13,10,12,16,12,9,7,10,0,0,0,0,0,0,0,0,0,0,0,255,255,255,255,255,255,255,0,0,1,0,255,255,255,255,0,0,0,0,0,0,5,4,-1,-1,-1,-1,-1,-1,0,0,0,0,0,0,3,1,0,0,3,0,0,0,0,0,0,0,0,0,1.12,0,0,0,0,255,255,255,255,255,255,255,255,255,255,255,255,65000000,49400,-1,-1,-1,-1,-1,-1,-1,-1,-1,-1,-1,-1,[0|0|0|0|0|0|0|0|0|0|0|0]
50410,[Player - Raider] Dawn,0,23750000,-1,-1,-1,-1,-1,5014000,5014100,5014200,5014300,50000000,52000000,51000000,53000000,-1,-1,-1,-1,60400000,60410000,-1,-1,-1,-1,-1,-1,-1,-1,-1,-1,-1,-1,-1,-1,-1,-1,-1,-1,-1,-1,-1,1,1,0,1,0,1,0,1,0,1,13,10,12,16,12,9,7,10,0,0,0,0,0,0,0,0,0,0,0,255,255,255,255,255,255,255,0,0,1,0,255,255,255,255,0,0,0,0,0,0,5,4,-1,-1,-1,-1,-1,-1,0,0,0,0,0,0,3,1,0,0,3,0,0,0,0,0,0,0,0,0,1.12,0,0,0,0,255,255,255,255,255,255,255,255,255,255,255,255,65000000,49410,-1,-1,-1,-1,-1,-1,-1,-1,-1,-1,-1,-1,[0|0|0|0|0|0|0|0|0|0|0|0]
50420,[Player - Raider] Darkness,0,23750000,-1,-1,-1,-1,-1,5024000,5024100,5024200,5024300,50000000,52000000,51000000,53000000,-1,-1,-1,-1,60400000,60410000,-1,-1,-1,-1,-1,-1,-1,-1,-1,-1,-1,-1,-1,-1,-1,-1,-1,-1,-1,-1,-1,1,1,0,1,0,1,0,1,0,1,13,10,12,16,12,9,7,10,0,0,0,0,0,0,0,0,0,0,0,255,255,255,255,255,255,255,0,0,1,0,255,255,255,255,0,0,0,0,0,0,5,4,-1,-1,-1,-1,-1,-1,0,0,0,0,0,0,3,1,0,0,3,0,0,0,0,0,0,0,0,0,1.12,0,0,0,0,255,255,255,255,255,255,255,255,255,255,255,255,65000000,49420,-1,-1,-1,-1,-1,-1,-1,-1,-1,-1,-1,-1,[0|0|0|0|0|0|0|0|0|0|0|0]
50430,[Player - Raider] Remembrance,0,23750000,-1,-1,-1,-1,-1,5034000,5034100,5034200,5034300,50000000,52000000,51000000,53000000,-1,-1,-1,-1,60400000,60410000,-1,-1,-1,-1,-1,-1,-1,-1,-1,-1,-1,-1,-1,-1,-1,-1,-1,-1,-1,-1,-1,1,1,0,1,0,1,0,1,0,1,13,10,12,16,12,9,7,10,0,0,0,0,0,0,0,0,0,0,0,255,255,255,255,255,255,255,0,0,1,0,255,255,255,255,0,0,0,0,0,0,5,4,-1,-1,-1,-1,-1,-1,0,0,0,0,0,0,3,1,0,0,3,0,0,0,0,0,0,0,0,0,1.12,0,0,0,0,255,255,255,255,255,255,255,255,255,255,255,255,65000000,49430,-1,-1,-1,-1,-1,-1,-1,-1,-1,-1,-1,-1,[0|0|0|0|0|0|0|0|0|0|0|0]
50450,[Player - Raider] Rock-like,0,23750000,-1,-1,-1,-1,-1,5054000,5054100,5054200,5054300,50000000,52000000,51000000,53000000,-1,-1,-1,-1,60400000,60410000,-1,-1,-1,-1,-1,-1,-1,-1,-1,-1,-1,-1,-1,-1,-1,-1,-1,-1,-1,-1,-1,1,1,0,1,0,1,0,1,0,1,13,10,12,16,12,9,7,10,0,0,0,0,0,0,0,0,0,0,0,255,255,255,255,255,255,255,0,0,1,0,255,255,255,255,0,0,0,0,0,0,5,4,-1,-1,-1,-1,-1,-1,0,0,0,0,0,0,3,1,0,0,3,0,0,0,0,0,0,0,0,0,1.12,0,0,0,0,255,255,255,255,255,255,255,255,255,255,255,255,65000000,49450,-1,-1,-1,-1,-1,-1,-1,-1,-1,-1,-1,-1,[0|0|0|0|0|0|0|0|0|0|0|0]
50460,[Player - Raider] Catarina,0,23750000,-1,-1,-1,-1,-1,5064000,5064100,5064200,5064300,50000000,52000000,51000000,53000000,-1,-1,-1,-1,60400000,60410000,-1,-1,-1,-1,-1,-1,-1,-1,-1,-1,-1,-1,-1,-1,-1,-1,-1,-1,-1,-1,-1,1,1,0,1,0,1,0,1,0,1,13,10,12,16,12,9,7,10,0,0,0,0,0,0,0,0,0,0,0,255,255,255,255,255,255,255,0,0,1,0,255,255,255,255,0,0,0,0,0,0,5,4,-1,-1,-1,-1,-1,-1,0,0,0,0,0,0,3,1,0,0,3,0,0,0,0,0,0,0,0,0,1.12,0,0,0,0,255,255,255,255,255,255,255,255,255,255,255,255,65000000,49460,-1,-1,-1,-1,-1,-1,-1,-1,-1,-1,-1,-1,[0|0|0|0|0|0|0|0|0|0|0|0]
50500,[Player - Revenant] Default,0,21750000,-1,34750000,-1,-1,-1,5005000,5005100,5005200,5005300,50000000,52000000,51000000,53000000,-1,-1,-1,-1,60500000,60510000,60520000,-1,-1,-1,-1,-1,-1,-1,-1,-1,-1,-1,-1,-1,-1,-1,-1,-1,-1,-1,-1,12,1,0,1,0,1,0,1,0,1,13,10,12,16,12,9,7,10,0,0,0,0,0,0,0,0,0,0,0,255,255,255,255,255,255,255,0,0,0,0,255,255,255,255,0,0,0,0,0,0,6,2,-1,-1,-1,-1,-1,-1,0,0,0,0,0,0,3,1,0,0,3,0,0,0,0,0,0,0,0,0,0.85,0,0,0,0,255,255,255,255,255,255,255,255,255,255,255,255,65000000,49500,-1,-1,-1,-1,-1,-1,-1,-1,-1,-1,-1,-1,[0|0|0|0|0|0|0|0|0|0|0|0]
50510,[Player - Revenant] Dawn,0,21750000,-1,34750000,-1,-1,-1,5015000,5015100,5015200,5015300,50000000,52000000,51000000,53000000,-1,-1,-1,-1,60500000,60510000,60520000,-1,-1,-1,-1,-1,-1,-1,-1,-1,-1,-1,-1,-1,-1,-1,-1,-1,-1,-1,-1,12,1,0,1,0,1,0,1,0,1,13,10,12,16,12,9,7,10,0,0,0,0,0,0,0,0,0,0,0,255,255,255,255,255,255,255,0,0,0,0,255,255,255,255,0,0,0,0,0,0,6,2,-1,-1,-1,-1,-1,-1,0,0,0,0,0,0,3,1,0,0,3,0,0,0,0,0,0,0,0,0,0.85,0,0,0,0,255,255,255,255,255,255,255,255,255,255,255,255,65000000,49510,-1,-1,-1,-1,-1,-1,-1,-1,-1,-1,-1,-1,[0|0|0|0|0|0|0|0|0|0|0|0]
50520,[Player - Revenant] Darkness,0,21750000,-1,34750000,-1,-1,-1,5025000,5025100,5025200,5025300,50000000,52000000,51000000,53000000,-1,-1,-1,-1,60500000,60510000,60520000,-1,-1,-1,-1,-1,-1,-1,-1,-1,-1,-1,-1,-1,-1,-1,-1,-1,-1,-1,-1,12,1,0,1,0,1,0,1,0,1,13,10,12,16,12,9,7,10,0,0,0,0,0,0,0,0,0,0,0,255,255,255,255,255,255,255,0,0,0,0,255,255,255,255,0,0,0,0,0,0,6,2,-1,-1,-1,-1,-1,-1,0,0,0,0,0,0,3,1,0,0,3,0,0,0,0,0,0,0,0,0,0.85,0,0,0,0,255,255,255,255,255,255,255,255,255,255,255,255,65000000,49520,-1,-1,-1,-1,-1,-1,-1,-1,-1,-1,-1,-1,[0|0|0|0|0|0|0|0|0|0|0|0]
50530,[Player - Revenant] Remembrance,0,21750000,-1,34750000,-1,-1,-1,5035000,5035100,5035200,5035300,50000000,52000000,51000000,53000000,-1,-1,-1,-1,60500000,60510000,60520000,-1,-1,-1,-1,-1,-1,-1,-1,-1,-1,-1,-1,-1,-1,-1,-1,-1,-1,-1,-1,12,1,0,1,0,1,0,1,0,1,13,10,12,16,12,9,7,10,0,0,0,0,0,0,0,0,0,0,0,255,255,255,255,255,255,255,0,0,0,0,255,255,255,255,0,0,0,0,0,0,6,2,-1,-1,-1,-1,-1,-1,0,0,0,0,0,0,3,1,0,0,3,0,0,0,0,0,0,0,0,0,0.85,0,0,0,0,255,255,255,255,255,255,255,255,255,255,255,255,65000000,49530,-1,-1,-1,-1,-1,-1,-1,-1,-1,-1,-1,-1,[0|0|0|0|0|0|0|0|0|0|0|0]
50550,[Player - Revenant] The Sister in the Painting,0,21750000,-1,34750000,-1,-1,-1,5055000,5055100,5055200,5055300,50000000,52000000,51000000,53000000,-1,-1,-1,-1,60500000,60510000,60520000,-1,-1,-1,-1,-1,-1,-1,-1,-1,-1,-1,-1,-1,-1,-1,-1,-1,-1,-1,-1,12,1,0,1,0,1,0,1,0,1,13,10,12,16,12,9,7,10,0,0,0,0,0,0,0,0,0,0,0,255,255,255,255,255,255,255,0,0,0,0,255,255,255,255,0,0,0,0,0,0,6,2,-1,-1,-1,-1,-1,-1,0,0,0,0,0,0,3,1,0,0,3,0,0,0,0,0,0,0,0,0,0.85,0,0,0,0,255,255,255,255,255,255,255,255,255,255,255,255,65000000,49550,-1,-1,-1,-1,-1,-1,-1,-1,-1,-1,-1,-1,[0|0|0|0|0|0|0|0|0|0|0|0]
50560,[Player - Revenant] Dragon School,0,21750000,-1,34750000,-1,-1,-1,5065000,5065100,5065200,5065300,50000000,52000000,51000000,53000000,-1,-1,-1,-1,60500000,60510000,60520000,-1,-1,-1,-1,-1,-1,-1,-1,-1,-1,-1,-1,-1,-1,-1,-1,-1,-1,-1,-1,12,1,0,1,0,1,0,1,0,1,13,10,12,16,12,9,7,10,0,0,0,0,0,0,0,0,0,0,0,255,255,255,255,255,255,255,0,0,0,0,255,255,255,255,0,0,0,0,0,0,6,2,-1,-1,-1,-1,-1,-1,0,0,0,0,0,0,3,1,0,0,3,0,0,0,0,0,0,0,0,0,0.85,0,0,0,0,255,255,255,255,255,255,255,255,255,255,255,255,65000000,49560,-1,-1,-1,-1,-1,-1,-1,-1,-1,-1,-1,-1,[0|0|0|0|0|0|0|0|0|0|0|0]
50570,[Player - Revenant],0,-1,-1,-1,-1,-1,-1,5005000,5005100,5005200,5005300,50000000,52000000,51000000,53000000,-1,-1,-1,-1,60500000,60510000,60520000,-1,-1,-1,-1,-1,-1,-1,-1,-1,-1,-1,-1,-1,-1,-1,-1,-1,-1,-1,-1,12,1,0,1,0,1,0,1,0,1,13,10,12,16,12,9,7,10,0,0,0,0,0,0,0,0,0,0,0,255,255,255,255,255,255,255,0,0,0,0,255,255,255,255,0,0,0,0,0,0,6,2,-1,-1,-1,-1,-1,-1,0,0,0,0,0,0,3,1,0,0,3,0,0,0,0,0,0,0,0,0,0.85,0,0,0,0,255,255,255,255,255,255,255,255,255,255,255,255,65000000,-1,-1,-1,-1,-1,-1,-1,-1,-1,-1,-1,-1,-1,[0|0|0|0|0|0|0|0|0|0|0|0]
50600,[Player - Recluse] Default,0,33750000,-1,-1,-1,-1,-1,5006000,5006100,5006200,5006300,50000000,52000000,51000000,53000000,-1,-1,-1,-1,60600000,60610000,-1,-1,-1,-1,-1,-1,-1,-1,-1,-1,-1,-1,-1,-1,-1,-1,-1,-1,-1,-1,-1,13,1,0,1,0,1,0,1,0,1,13,10,12,16,12,9,7,10,0,0,0,0,0,0,0,0,0,0,0,255,255,255,255,255,255,255,0,0,0,0,255,255,255,255,0,0,0,0,0,0,7,0,-1,-1,-1,-1,-1,-1,0,0,0,0,0,0,3,1,0,0,3,0,0,0,0,0,0,0,0,0,1.05,0,0,0,0,255,255,255,255,255,255,255,255,255,255,255,255,65000000,49600,-1,-1,-1,-1,-1,-1,-1,-1,-1,-1,-1,-1,[0|0|0|0|0|0|0|0|0|0|0|0]
50610,[Player - Recluse] Dawn,0,33750000,-1,-1,-1,-1,-1,5016000,5016100,5016200,5016300,50000000,52000000,51000000,53000000,-1,-1,-1,-1,60600000,60610000,-1,-1,-1,-1,-1,-1,-1,-1,-1,-1,-1,-1,-1,-1,-1,-1,-1,-1,-1,-1,-1,13,1,0,1,0,1,0,1,0,1,13,10,12,16,12,9,7,10,0,0,0,0,0,0,0,0,0,0,0,255,255,255,255,255,255,255,0,0,0,0,255,255,255,255,0,0,0,0,0,0,7,0,-1,-1,-1,-1,-1,-1,0,0,0,0,0,0,3,1,0,0,3,0,0,0,0,0,0,0,0,0,1.05,0,0,0,0,255,255,255,255,255,255,255,255,255,255,255,255,65000000,49610,-1,-1,-1,-1,-1,-1,-1,-1,-1,-1,-1,-1,[0|0|0|0|0|0|0|0|0|0|0|0]
50620,[Player - Recluse] Darkness,0,33750000,-1,-1,-1,-1,-1,5026000,5026100,5026200,5026300,50000000,52000000,51000000,53000000,-1,-1,-1,-1,60600000,60610000,-1,-1,-1,-1,-1,-1,-1,-1,-1,-1,-1,-1,-1,-1,-1,-1,-1,-1,-1,-1,-1,13,1,0,1,0,1,0,1,0,1,13,10,12,16,12,9,7,10,0,0,0,0,0,0,0,0,0,0,0,255,255,255,255,255,255,255,0,0,0,0,255,255,255,255,0,0,0,0,0,0,7,0,-1,-1,-1,-1,-1,-1,0,0,0,0,0,0,3,1,0,0,3,0,0,0,0,0,0,0,0,0,1.05,0,0,0,0,255,255,255,255,255,255,255,255,255,255,255,255,65000000,49620,-1,-1,-1,-1,-1,-1,-1,-1,-1,-1,-1,-1,[0|0|0|0|0|0|0|0|0|0|0|0]
50630,[Player - Recluse] Remembrance,0,33750000,-1,-1,-1,-1,-1,5036000,5036100,5036200,5036300,50000000,52000000,51000000,53000000,-1,-1,-1,-1,60600000,60610000,-1,-1,-1,-1,-1,-1,-1,-1,-1,-1,-1,-1,-1,-1,-1,-1,-1,-1,-1,-1,-1,13,1,0,1,0,1,0,1,0,1,13,10,12,16,12,9,7,10,0,0,0,0,0,0,0,0,0,0,0,255,255,255,255,255,255,255,0,0,0,0,255,255,255,255,0,0,0,0,0,0,7,0,-1,-1,-1,-1,-1,-1,0,0,0,0,0,0,3,1,0,0,3,0,0,0,0,0,0,0,0,0,1.05,0,0,0,0,255,255,255,255,255,255,255,255,255,255,255,255,65000000,49630,-1,-1,-1,-1,-1,-1,-1,-1,-1,-1,-1,-1,[0|0|0|0|0|0|0|0|0|0|0|0]
50650,[Player - Recluse] Heretic Sorcerer,0,33750000,-1,-1,-1,-1,-1,5056000,5056100,5056200,5056300,50000000,52000000,51000000,53000000,-1,-1,-1,-1,60600000,60610000,-1,-1,-1,-1,-1,-1,-1,-1,-1,-1,-1,-1,-1,-1,-1,-1,-1,-1,-1,-1,-1,13,1,0,1,0,1,0,1,0,1,13,10,12,16,12,9,7,10,0,0,0,0,0,0,0,0,0,0,0,255,255,255,255,255,255,255,0,0,0,0,255,255,255,255,0,0,0,0,0,0,7,0,-1,-1,-1,-1,-1,-1,0,0,0,0,0,0,3,1,0,0,3,0,0,0,0,0,0,0,0,0,1.05,0,0,0,0,255,255,255,255,255,255,255,255,255,255,255,255,65000000,49650,-1,-1,-1,-1,-1,-1,-1,-1,-1,-1,-1,-1,[0|0|0|0|0|0|0|0|0|0|0|0]
50660,[Player - Recluse] Emerald Fate,0,33750000,-1,-1,-1,-1,-1,5066000,5066100,5066200,5066300,50000000,52000000,51000000,53000000,-1,-1,-1,-1,60600000,60610000,-1,-1,-1,-1,-1,-1,-1,-1,-1,-1,-1,-1,-1,-1,-1,-1,-1,-1,-1,-1,-1,13,1,0,1,0,1,0,1,0,1,13,10,12,16,12,9,7,10,0,0,0,0,0,0,0,0,0,0,0,255,255,255,255,255,255,255,0,0,0,0,255,255,255,255,0,0,0,0,0,0,7,0,-1,-1,-1,-1,-1,-1,0,0,0,0,0,0,3,1,0,0,3,0,0,0,0,0,0,0,0,0,1.05,0,0,0,0,255,255,255,255,255,255,255,255,255,255,255,255,65000000,49660,-1,-1,-1,-1,-1,-1,-1,-1,-1,-1,-1,-1,[0|0|0|0|0|0|0|0|0|0|0|0]
50700,[Player - Executor] Default,0,9750000,-1,-1,-1,-1,-1,5007000,5007100,5007200,5007300,50000000,52000000,51000000,53000000,-1,-1,-1,-1,60700000,-1,-1,-1,-1,-1,-1,-1,-1,-1,-1,-1,-1,-1,-1,-1,-1,-1,-1,-1,-1,-1,-1,10,1,0,1,0,1,0,1,0,1,13,10,12,16,12,9,7,10,0,0,0,0,0,0,0,0,0,0,0,255,255,255,255,255,255,255,0,0,1,0,255,255,255,255,0,0,0,0,0,0,8,0,-1,-1,-1,-1,-1,-1,0,0,0,0,0,0,3,1,0,0,3,0,0,0,0,0,0,0,0,0,1.02,0,0,0,0,255,255,255,255,255,255,255,255,255,255,255,255,65000000,49700,-1,-1,-1,-1,-1,-1,-1,-1,-1,-1,-1,-1,[0|0|0|0|0|0|0|0|0|0|0|0]
50710,[Player - Executor] Dawn,0,9750000,-1,-1,-1,-1,-1,5017000,5017100,5017200,5017300,50000000,52000000,51000000,53000000,-1,-1,-1,-1,60700000,-1,-1,-1,-1,-1,-1,-1,-1,-1,-1,-1,-1,-1,-1,-1,-1,-1,-1,-1,-1,-1,-1,10,1,0,1,0,1,0,1,0,1,13,10,12,16,12,9,7,10,0,0,0,0,0,0,0,0,0,0,0,255,255,255,255,255,255,255,0,0,1,0,255,255,255,255,0,0,0,0,0,0,8,0,-1,-1,-1,-1,-1,-1,0,0,0,0,0,0,3,1,0,0,3,0,0,0,0,0,0,0,0,0,1.02,0,0,0,0,255,255,255,255,255,255,255,255,255,255,255,255,65000000,49710,-1,-1,-1,-1,-1,-1,-1,-1,-1,-1,-1,-1,[0|0|0|0|0|0|0|0|0|0|0|0]
50720,[Player - Executor] Darkness,0,9750000,-1,-1,-1,-1,-1,5027000,5027100,5027200,5027300,50000000,52000000,51000000,53000000,-1,-1,-1,-1,60710000,-1,-1,-1,-1,-1,-1,-1,-1,-1,-1,-1,-1,-1,-1,-1,-1,-1,-1,-1,-1,-1,-1,10,1,0,1,0,1,0,1,0,1,13,10,12,16,12,9,7,10,0,0,0,0,0,0,0,0,0,0,0,255,255,255,255,255,255,255,0,0,1,0,255,255,255,255,0,0,0,0,0,0,8,0,-1,-1,-1,-1,-1,-1,0,0,0,0,0,0,3,1,0,0,3,0,0,0,0,0,0,0,0,0,1.02,0,0,0,0,255,255,255,255,255,255,255,255,255,255,255,255,65000000,49720,-1,-1,-1,-1,-1,-1,-1,-1,-1,-1,-1,-1,[0|0|0|0|0|0|0|0|0|0|0|0]
50730,[Player - Executor] Remembrance,0,9750000,-1,-1,-1,-1,-1,5037000,5037100,5037200,5037300,50000000,52000000,51000000,53000000,-1,-1,-1,-1,60700000,-1,-1,-1,-1,-1,-1,-1,-1,-1,-1,-1,-1,-1,-1,-1,-1,-1,-1,-1,-1,-1,-1,10,1,0,1,0,1,0,1,0,1,13,10,12,16,12,9,7,10,0,0,0,0,0,0,0,0,0,0,0,255,255,255,255,255,255,255,0,0,1,0,255,255,255,255,0,0,0,0,0,0,8,0,-1,-1,-1,-1,-1,-1,0,0,0,0,0,0,3,1,0,0,3,0,0,0,0,0,0,0,0,0,1.02,0,0,0,0,255,255,255,255,255,255,255,255,255,255,255,255,65000000,49730,-1,-1,-1,-1,-1,-1,-1,-1,-1,-1,-1,-1,[0|0|0|0|0|0|0|0|0|0|0|0]
50750,[Player - Executor] Thorns,0,9750000,-1,-1,-1,-1,-1,5057000,5057100,5057200,5057300,50000000,52000000,51000000,53000000,-1,-1,-1,-1,60710000,-1,-1,-1,-1,-1,-1,-1,-1,-1,-1,-1,-1,-1,-1,-1,-1,-1,-1,-1,-1,-1,-1,10,1,0,1,0,1,0,1,0,1,13,10,12,16,12,9,7,10,0,0,0,0,0,0,0,0,0,0,0,255,255,255,255,255,255,255,0,0,1,0,255,255,255,255,0,0,0,0,0,0,8,0,-1,-1,-1,-1,-1,-1,0,0,0,0,0,0,3,1,0,0,3,0,0,0,0,0,0,0,0,0,1.02,0,0,0,0,255,255,255,255,255,255,255,255,255,255,255,255,65000000,49750,-1,-1,-1,-1,-1,-1,-1,-1,-1,-1,-1,-1,[0|0|0|0|0|0|0|0|0|0|0|0]
50760,[Player - Executor] Sable Church,0,9750000,-1,-1,-1,-1,-1,5067000,5067100,5067200,5067300,50000000,52000000,51000000,53000000,-1,-1,-1,-1,60710000,-1,-1,-1,-1,-1,-1,-1,-1,-1,-1,-1,-1,-1,-1,-1,-1,-1,-1,-1,-1,-1,-1,10,1,0,1,0,1,0,1,0,1,13,10,12,16,12,9,7,10,0,0,0,0,0,0,0,0,0,0,0,255,255,255,255,255,255,255,0,0,1,0,255,255,255,255,0,0,0,0,0,0,8,0,-1,-1,-1,-1,-1,-1,0,0,0,0,0,0,3,1,0,0,3,0,0,0,0,0,0,0,0,0,1.02,0,0,0,0,255,255,255,255,255,255,255,255,255,255,255,255,65000000,49760,-1,-1,-1,-1,-1,-1,-1,-1,-1,-1,-1,-1,[0|0|0|0|0|0|0|0|0|0|0|0]
50800,[Player - Scholar] Default,0,5750000,-1,-1,-1,-1,-1,5008000,5008100,5008200,5008300,50000000,52000000,51000000,53000000,-1,-1,-1,-1,60800000,60810000,-1,-1,-1,-1,-1,-1,-1,-1,-1,-1,-1,-1,-1,-1,-1,-1,-1,-1,-1,-1,-1,10,1,0,1,0,1,0,1,0,1,0,0,0,0,0,0,0,0,0,0,0,0,0,0,0,0,0,0,0,255,255,255,255,255,255,255,0,0,1,0,255,255,255,255,0,0,0,0,0,0,9,0,-1,-1,-1,-1,-1,-1,0,0,0,0,0,0,3,1,0,0,3,0,0,0,0,0,0,0,0,0,0.97,0,0,0,0,255,255,255,255,255,255,255,255,255,255,255,255,65000000,49800,-1,-1,-1,-1,-1,-1,-1,-1,-1,-1,-1,-1,[0|0|0|0|0|0|0|0|0|0|0|0]
50810,[Player - Scholar] Dawn,0,5760000,-1,-1,-1,-1,-1,5018000,5018100,5018200,5018300,50000000,52000000,51000000,53000000,-1,-1,-1,-1,60800000,60810000,-1,-1,-1,-1,-1,-1,-1,-1,-1,-1,-1,-1,-1,-1,-1,-1,-1,-1,-1,-1,-1,10,1,0,1,0,1,0,1,0,1,0,0,0,0,0,0,0,0,0,0,0,0,0,0,0,0,0,0,0,255,255,255,255,255,255,255,0,0,1,0,255,255,255,255,0,0,0,0,0,0,9,0,-1,-1,-1,-1,-1,-1,0,0,0,0,0,0,3,1,0,0,3,0,0,0,0,0,0,0,0,0,0.97,0,0,0,0,255,255,255,255,255,255,255,255,255,255,255,255,65000000,49810,-1,-1,-1,-1,-1,-1,-1,-1,-1,-1,-1,-1,[0|0|0|0|0|0|0|0|0|0|0|0]
50820,[Player - Scholar] Darkness,0,5770000,-1,-1,-1,-1,-1,5028000,5028100,5028200,5028300,50000000,52000000,51000000,53000000,-1,-1,-1,-1,60800000,60810000,-1,-1,-1,-1,-1,-1,-1,-1,-1,-1,-1,-1,-1,-1,-1,-1,-1,-1,-1,-1,-1,10,1,0,1,0,1,0,1,0,1,0,0,0,0,0,0,0,0,0,0,0,0,0,0,0,0,0,0,0,255,255,255,255,255,255,255,0,0,1,0,255,255,255,255,0,0,0,0,0,0,9,0,-1,-1,-1,-1,-1,-1,0,0,0,0,0,0,3,1,0,0,3,0,0,0,0,0,0,0,0,0,0.97,0,0,0,0,255,255,255,255,255,255,255,255,255,255,255,255,65000000,49820,-1,-1,-1,-1,-1,-1,-1,-1,-1,-1,-1,-1,[0|0|0|0|0|0|0|0|0|0|0|0]
50830,[Player - Scholar] Remembrance,0,5750000,-1,-1,-1,-1,-1,5038000,5038100,5038200,5038300,50000000,52000000,51000000,53000000,-1,-1,-1,-1,60800000,60810000,-1,-1,-1,-1,-1,-1,-1,-1,-1,-1,-1,-1,-1,-1,-1,-1,-1,-1,-1,-1,-1,10,1,0,1,0,1,0,1,0,1,0,0,0,0,0,0,0,0,0,0,0,0,0,0,0,0,0,0,0,255,255,255,255,255,255,255,0,0,1,0,255,255,255,255,0,0,0,0,0,0,9,0,-1,-1,-1,-1,-1,-1,0,0,0,0,0,0,3,1,0,0,3,0,0,0,0,0,0,0,0,0,0.97,0,0,0,0,255,255,255,255,255,255,255,255,255,255,255,255,65000000,49830,-1,-1,-1,-1,-1,-1,-1,-1,-1,-1,-1,-1,[0|0|0|0|0|0|0|0|0|0|0|0]
50850,[Player - Scholar] Pardoner,0,5780000,-1,-1,-1,-1,-1,5068000,5068100,5068200,5068300,50000000,52000000,51000000,53000000,-1,-1,-1,-1,60800000,60810000,-1,-1,-1,-1,-1,-1,-1,-1,-1,-1,-1,-1,-1,-1,-1,-1,-1,-1,-1,-1,-1,10,1,0,1,0,1,0,1,0,1,0,0,0,0,0,0,0,0,0,0,0,0,0,0,0,0,0,0,0,255,255,255,255,255,255,255,0,0,1,0,255,255,255,255,0,0,0,0,0,0,9,0,-1,-1,-1,-1,-1,-1,0,0,0,0,0,0,3,1,0,0,3,0,0,0,0,0,0,0,0,0,0.97,0,0,0,0,255,255,255,255,255,255,255,255,255,255,255,255,65000000,49850,-1,-1,-1,-1,-1,-1,-1,-1,-1,-1,-1,-1,[0|0|0|0|0|0|0|0|0|0|0|0]
50860,[Player - Scholar] Xanthous,0,5750000,-1,-1,-1,-1,-1,5078000,5078100,5078200,5078300,50000000,52000000,51000000,53000000,-1,-1,-1,-1,60800000,60810000,-1,-1,-1,-1,-1,-1,-1,-1,-1,-1,-1,-1,-1,-1,-1,-1,-1,-1,-1,-1,-1,10,1,0,1,0,1,0,1,0,1,0,0,0,0,0,0,0,0,0,0,0,0,0,0,0,0,0,0,0,255,255,255,255,255,255,255,0,0,1,0,255,255,255,255,0,0,0,0,0,0,9,0,-1,-1,-1,-1,-1,-1,0,0,0,0,0,0,3,1,0,0,3,0,0,0,0,0,0,0,0,0,0.97,0,0,0,0,255,255,255,255,255,255,255,255,255,255,255,255,65000000,49860,-1,-1,-1,-1,-1,-1,-1,-1,-1,-1,-1,-1,[0|0|0|0|0|0|0|0|0|0|0|0]
50900,[Player - Undertaker] Default,0,11750000,-1,-1,-1,-1,-1,5009000,5009100,5009200,5009300,50000000,52000000,51000000,53000000,-1,-1,-1,-1,60900000,60950000,-1,-1,-1,-1,-1,-1,-1,-1,-1,-1,-1,-1,-1,-1,-1,-1,-1,-1,-1,-1,-1,10,1,0,1,0,1,0,1,0,1,0,0,0,0,0,0,0,0,0,0,0,0,0,0,0,0,0,0,0,255,255,255,255,255,255,255,0,0,0,0,255,255,255,255,0,0,0,0,0,0,10,0,-1,-1,-1,-1,-1,-1,0,0,0,0,0,0,3,1,0,0,3,0,0,0,0,0,0,0,0,0,0.99,0,0,0,0,255,255,255,255,255,255,255,255,255,255,255,255,65000000,49900,-1,-1,-1,-1,-1,-1,-1,-1,-1,-1,-1,-1,[0|0|0|0|0|0|0|0|0|0|0|0]
50910,[Player - Undertaker] Dawn,0,11750000,-1,-1,-1,-1,-1,5019000,5019100,5019200,5019300,50000000,52000000,51000000,53000000,-1,-1,-1,-1,60910000,60950000,-1,-1,-1,-1,-1,-1,-1,-1,-1,-1,-1,-1,-1,-1,-1,-1,-1,-1,-1,-1,-1,10,1,0,1,0,1,0,1,0,1,0,0,0,0,0,0,0,0,0,0,0,0,0,0,0,0,0,0,0,255,255,255,255,255,255,255,0,0,0,0,255,255,255,255,0,0,0,0,0,0,10,0,-1,-1,-1,-1,-1,-1,0,0,0,0,0,0,3,1,0,0,3,0,0,0,0,0,0,0,0,0,0.99,0,0,0,0,255,255,255,255,255,255,255,255,255,255,255,255,65000000,49910,-1,-1,-1,-1,-1,-1,-1,-1,-1,-1,-1,-1,[0|0|0|0|0|0|0|0|0|0|0|0]
50920,[Player - Undertaker] Darkness,0,11750000,-1,-1,-1,-1,-1,5029000,5029100,5029200,5029300,50000000,52000000,51000000,53000000,-1,-1,-1,-1,60920000,60950000,-1,-1,-1,-1,-1,-1,-1,-1,-1,-1,-1,-1,-1,-1,-1,-1,-1,-1,-1,-1,-1,10,1,0,1,0,1,0,1,0,1,0,0,0,0,0,0,0,0,0,0,0,0,0,0,0,0,0,0,0,255,255,255,255,255,255,255,0,0,0,0,255,255,255,255,0,0,0,0,0,0,10,0,-1,-1,-1,-1,-1,-1,0,0,0,0,0,0,3,1,0,0,3,0,0,0,0,0,0,0,0,0,0.99,0,0,0,0,255,255,255,255,255,255,255,255,255,255,255,255,65000000,49920,-1,-1,-1,-1,-1,-1,-1,-1,-1,-1,-1,-1,[0|0|0|0|0|0|0|0|0|0|0|0]
50930,[Player - Undertaker] Remembrance,0,11750000,-1,-1,-1,-1,-1,5039000,5039100,5039200,5039300,50000000,52000000,51000000,53000000,-1,-1,-1,-1,60900000,60950000,-1,-1,-1,-1,-1,-1,-1,-1,-1,-1,-1,-1,-1,-1,-1,-1,-1,-1,-1,-1,-1,10,1,0,1,0,1,0,1,0,1,0,0,0,0,0,0,0,0,0,0,0,0,0,0,0,0,0,0,0,255,255,255,255,255,255,255,0,0,0,0,255,255,255,255,0,0,0,0,0,0,10,0,-1,-1,-1,-1,-1,-1,0,0,0,0,0,0,3,1,0,0,3,0,0,0,0,0,0,0,0,0,0.99,0,0,0,0,255,255,255,255,255,255,255,255,255,255,255,255,65000000,49930,-1,-1,-1,-1,-1,-1,-1,-1,-1,-1,-1,-1,[0|0|0|0|0|0|0|0|0|0|0|0]
50950,[Player - Undertaker] Brass,0,11750000,-1,-1,-1,-1,-1,5069000,5069100,5069200,5069300,50000000,52000000,51000000,53000000,-1,-1,-1,-1,60930000,60950000,-1,-1,-1,-1,-1,-1,-1,-1,-1,-1,-1,-1,-1,-1,-1,-1,-1,-1,-1,-1,-1,10,1,0,1,0,1,0,1,0,1,0,0,0,0,0,0,0,0,0,0,0,0,0,0,0,0,0,0,0,255,255,255,255,255,255,255,0,0,0,0,255,255,255,255,0,0,0,0,0,0,10,0,-1,-1,-1,-1,-1,-1,0,0,0,0,0,0,3,1,0,0,3,0,0,0,0,0,0,0,0,0,0.99,0,0,0,0,255,255,255,255,255,255,255,255,255,255,255,255,65000000,49950,-1,-1,-1,-1,-1,-1,-1,-1,-1,-1,-1,-1,[0|0|0|0|0|0|0|0|0|0|0|0]
50960,[Player - Undertaker] Lord's Blade,0,11750000,-1,-1,-1,-1,-1,5079000,5079100,5079200,5079300,50000000,52000000,51000000,53000000,-1,-1,-1,-1,60940000,60950000,-1,-1,-1,-1,-1,-1,-1,-1,-1,-1,-1,-1,-1,-1,-1,-1,-1,-1,-1,-1,-1,10,1,0,1,0,1,0,1,0,1,0,0,0,0,0,0,0,0,0,0,0,0,0,0,0,0,0,0,0,255,255,255,255,255,255,255,0,0,0,0,255,255,255,255,0,0,0,0,0,0,10,0,-1,-1,-1,-1,-1,-1,0,0,0,0,0,0,3,1,0,0,3,0,0,0,0,0,0,0,0,0,0.99,0,0,0,0,255,255,255,255,255,255,255,255,255,255,255,255,65000000,49960,-1,-1,-1,-1,-1,-1,-1,-1,-1,-1,-1,-1,[0|0|0|0|0|0|0|0|0|0|0|0]
51997,,0,-1,-1,-1,-1,-1,-1,-1,-1,-1,-1,-1,-1,-1,-1,-1,-1,-1,-1,-1,-1,-1,-1,-1,-1,-1,-1,-1,-1,-1,-1,-1,10000,10001,10002,10010,10011,10012,-1,-1,-1,-1,0,0,0,0,0,0,0,0,0,0,0,0,0,0,0,0,0,0,0,2,2,2,2,2,2,0,0,0,0,255,255,255,255,255,255,255,0,0,0,0,255,255,255,255,0,0,0,0,0,0,0,0,-1,-1,-1,-1,-1,-1,0,0,0,0,0,0,255,255,0,0,255,0,0,0,0,0,0,0,0,0,1,0,0,0,0,255,255,255,255,255,255,255,255,255,255,255,255,65000000,-1,-1,-1,-1,-1,-1,-1,-1,-1,-1,-1,-1,-1,[0|0|0|0|0|0|0|0|0|0|0|0]
51998,,0,-1,-1,-1,-1,-1,-1,-1,-1,-1,-1,-1,-1,-1,-1,-1,-1,-1,-1,-1,-1,-1,-1,-1,-1,-1,-1,-1,-1,-1,-1,-1,10000,10001,10002,10010,10011,10012,-1,-1,-1,-1,0,0,0,0,0,0,0,0,0,0,0,0,0,0,0,0,0,0,0,2,2,2,2,2,2,0,0,0,0,255,255,255,255,255,255,255,0,0,0,0,255,255,255,255,0,0,0,0,0,0,0,0,-1,-1,-1,-1,-1,-1,0,0,0,0,0,0,255,255,0,0,255,0,0,0,0,0,0,0,0,0,1,0,0,0,0,255,255,255,255,255,255,255,255,255,255,255,255,65000000,-1,-1,-1,-1,-1,-1,-1,-1,-1,-1,-1,-1,-1,[0|0|0|0|0|0|0|0|0|0|0|0]
51999,,0,-1,-1,-1,-1,-1,-1,-1,-1,-1,-1,-1,-1,-1,-1,-1,-1,-1,-1,-1,-1,-1,-1,-1,-1,-1,-1,-1,-1,-1,-1,-1,10000,10001,10002,10010,10011,10012,-1,-1,-1,-1,0,0,0,0,0,0,0,0,0,0,0,0,0,0,0,0,0,0,0,2,2,2,2,2,2,0,0,0,0,255,255,255,255,255,255,255,0,0,0,0,255,255,255,255,0,0,0,0,0,0,0,0,-1,-1,-1,-1,-1,-1,0,0,0,0,0,0,255,255,0,0,255,0,0,0,0,0,0,0,0,0,1,0,0,0,0,255,255,255,255,255,255,255,255,255,255,255,255,65000000,-1,-1,-1,-1,-1,-1,-1,-1,-1,-1,-1,-1,-1,[0|0|0|0|0|0|0|0|0|0|0|0]
52000,,50000,18090000,18150000,30000000,31190000,18040000,32270000,5000000,5000100,5000200,5000300,50000000,52000000,51000000,53000000,-1,-1,-1,-1,60000000,60010000,-1,-1,-1,-1,-1,-1,-1,-1,-1,-1,-1,300,1400,1410,1290,-1,-1,-1,-1,-1,-1,10,1,0,1,0,1,0,1,0,1,50,50,99,50,50,50,50,50,2,3,1,1,1,0,0,0,0,0,0,255,255,255,255,255,255,255,0,0,1,0,255,255,255,255,0,0,0,0,0,0,1,0,-1,-1,-1,-1,-1,-1,0,0,0,0,0,0,3,3,0,4,3,0,0,0,0,0,0,0,0,0,1,0,0,0,0,255,255,255,255,255,255,255,255,255,255,255,255,65000000,-1,-1,-1,-1,-1,-1,-1,-1,-1,-1,-1,-1,-1,[0|0|0|0|0|0|0|0|0|0|0|0]
52010,,50000,90000000,18150000,30000000,31190000,18040000,32270000,5000000,5000100,5000200,5000300,50000000,52000000,51000000,53000000,-1,-1,-1,-1,60000000,60010000,-1,-1,-1,-1,-1,-1,-1,-1,-1,-1,-1,300,1400,1410,1290,-1,-1,-1,-1,-1,-1,10,1,0,1,0,1,0,1,0,1,50,50,99,50,50,50,50,50,2,3,1,1,1,0,0,0,0,0,0,255,255,255,255,255,255,255,0,0,1,0,255,255,255,255,0,0,0,0,0,0,1,0,-1,-1,-1,-1,-1,-1,0,0,0,0,0,0,3,3,0,4,3,0,0,0,0,0,0,0,0,0,1,0,0,0,0,255,255,255,255,255,255,255,255,255,255,255,255,65000000,-1,-1,-1,-1,-1,-1,-1,-1,-1,-1,-1,-1,-1,[0|0|0|0|0|0|0|0|0|0|0|0]
52011,,50000,90010000,18150000,30000000,31190000,18040000,32270000,5000000,5000100,5000200,5000300,50000000,52000000,51000000,53000000,-1,-1,-1,-1,60000000,60010000,-1,-1,-1,-1,-1,-1,-1,-1,-1,-1,-1,300,1400,1410,1290,-1,-1,-1,-1,-1,-1,10,1,0,1,0,1,0,1,0,1,50,50,99,50,50,50,50,50,2,3,1,1,1,0,0,0,0,0,0,255,255,255,255,255,255,255,0,0,1,0,255,255,255,255,0,0,0,0,0,0,1,0,-1,-1,-1,-1,-1,-1,0,0,0,0,0,0,3,3,0,4,3,0,0,0,0,0,0,0,0,0,1,0,0,0,0,255,255,255,255,255,255,255,255,255,255,255,255,65000000,-1,-1,-1,-1,-1,-1,-1,-1,-1,-1,-1,-1,-1,[0|0|0|0|0|0|0|0|0|0|0|0]
52012,,50000,90020000,18150000,30000000,31190000,18040000,32270000,5000000,5000100,5000200,5000300,50000000,52000000,51000000,53000000,-1,-1,-1,-1,60000000,60010000,-1,-1,-1,-1,-1,-1,-1,-1,-1,-1,-1,300,1400,1410,1290,-1,-1,-1,-1,-1,-1,10,1,0,1,0,1,0,1,0,1,50,50,99,50,50,50,50,50,2,3,1,1,1,0,0,0,0,0,0,255,255,255,255,255,255,255,0,0,1,0,255,255,255,255,0,0,0,0,0,0,1,0,-1,-1,-1,-1,-1,-1,0,0,0,0,0,0,3,3,0,4,3,0,0,0,0,0,0,0,0,0,1,0,0,0,0,255,255,255,255,255,255,255,255,255,255,255,255,65000000,-1,-1,-1,-1,-1,-1,-1,-1,-1,-1,-1,-1,-1,[0|0|0|0|0|0|0|0|0|0|0|0]
52013,,50000,90030000,18150000,30000000,31190000,18040000,32270000,5000000,5000100,5000200,5000300,50000000,52000000,51000000,53000000,-1,-1,-1,-1,60000000,60010000,-1,-1,-1,-1,-1,-1,-1,-1,-1,-1,-1,300,1400,1410,1290,-1,-1,-1,-1,-1,-1,10,1,0,1,0,1,0,1,0,1,50,50,99,50,50,50,50,50,2,3,1,1,1,0,0,0,0,0,0,255,255,255,255,255,255,255,0,0,1,0,255,255,255,255,0,0,0,0,0,0,1,0,-1,-1,-1,-1,-1,-1,0,0,0,0,0,0,3,3,0,4,3,0,0,0,0,0,0,0,0,0,1,0,0,0,0,255,255,255,255,255,255,255,255,255,255,255,255,65000000,-1,-1,-1,-1,-1,-1,-1,-1,-1,-1,-1,-1,-1,[0|0|0|0|0|0|0|0|0|0|0|0]
52014,,50000,90040000,18150000,30000000,31190000,18040000,32270000,5000000,5000100,5000200,5000300,50000000,52000000,51000000,53000000,-1,-1,-1,-1,60000000,60010000,-1,-1,-1,-1,-1,-1,-1,-1,-1,-1,-1,300,1400,1410,1290,-1,-1,-1,-1,-1,-1,10,1,0,1,0,1,0,1,0,1,50,50,99,50,50,50,50,50,2,3,1,1,1,0,0,0,0,0,0,255,255,255,255,255,255,255,0,0,1,0,255,255,255,255,0,0,0,0,0,0,1,0,-1,-1,-1,-1,-1,-1,0,0,0,0,0,0,3,3,0,4,3,0,0,0,0,0,0,0,0,0,1,0,0,0,0,255,255,255,255,255,255,255,255,255,255,255,255,65000000,-1,-1,-1,-1,-1,-1,-1,-1,-1,-1,-1,-1,-1,[0|0|0|0|0|0|0|0|0|0|0|0]
52015,,50000,90050000,18150000,30000000,31190000,18040000,32270000,5000000,5000100,5000200,5000300,50000000,52000000,51000000,53000000,-1,-1,-1,-1,60000000,60010000,-1,-1,-1,-1,-1,-1,-1,-1,-1,-1,-1,300,1400,1410,1290,-1,-1,-1,-1,-1,-1,10,1,0,1,0,1,0,1,0,1,50,50,99,50,50,50,50,50,2,3,1,1,1,0,0,0,0,0,0,255,255,255,255,255,255,255,0,0,1,0,255,255,255,255,0,0,0,0,0,0,1,0,-1,-1,-1,-1,-1,-1,0,0,0,0,0,0,3,3,0,4,3,0,0,0,0,0,0,0,0,0,1,0,0,0,0,255,255,255,255,255,255,255,255,255,255,255,255,65000000,-1,-1,-1,-1,-1,-1,-1,-1,-1,-1,-1,-1,-1,[0|0|0|0|0|0|0|0|0|0|0|0]
52016,,50000,90060000,18150000,30000000,31190000,18040000,32270000,5000000,5000100,5000200,5000300,50000000,52000000,51000000,53000000,-1,-1,-1,-1,60000000,60010000,-1,-1,-1,-1,-1,-1,-1,-1,-1,-1,-1,300,1400,1410,1290,-1,-1,-1,-1,-1,-1,10,1,0,1,0,1,0,1,0,1,50,50,99,50,50,50,50,50,2,3,1,1,1,0,0,0,0,0,0,255,255,255,255,255,255,255,0,0,1,0,255,255,255,255,0,0,0,0,0,0,1,0,-1,-1,-1,-1,-1,-1,0,0,0,0,0,0,3,3,0,4,3,0,0,0,0,0,0,0,0,0,1,0,0,0,0,255,255,255,255,255,255,255,255,255,255,255,255,65000000,-1,-1,-1,-1,-1,-1,-1,-1,-1,-1,-1,-1,-1,[0|0|0|0|0|0|0|0|0|0|0|0]
52017,,50000,90070000,18150000,30000000,31190000,18040000,32270000,5000000,5000100,5000200,5000300,50000000,52000000,51000000,53000000,-1,-1,-1,-1,60000000,60010000,-1,-1,-1,-1,-1,-1,-1,-1,-1,-1,-1,300,1400,1410,1290,-1,-1,-1,-1,-1,-1,10,1,0,1,0,1,0,1,0,1,50,50,99,50,50,50,50,50,2,3,1,1,1,0,0,0,0,0,0,255,255,255,255,255,255,255,0,0,1,0,255,255,255,255,0,0,0,0,0,0,1,0,-1,-1,-1,-1,-1,-1,0,0,0,0,0,0,3,3,0,4,3,0,0,0,0,0,0,0,0,0,1,0,0,0,0,255,255,255,255,255,255,255,255,255,255,255,255,65000000,-1,-1,-1,-1,-1,-1,-1,-1,-1,-1,-1,-1,-1,[0|0|0|0|0|0|0|0|0|0|0|0]
52018,,50000,90080000,18150000,30000000,31190000,18040000,32270000,5000000,5000100,5000200,5000300,50000000,52000000,51000000,53000000,-1,-1,-1,-1,60000000,60010000,-1,-1,-1,-1,-1,-1,-1,-1,-1,-1,-1,300,1400,1410,1290,-1,-1,-1,-1,-1,-1,10,1,0,1,0,1,0,1,0,1,50,50,99,50,50,50,50,50,2,3,1,1,1,0,0,0,0,0,0,255,255,255,255,255,255,255,0,0,1,0,255,255,255,255,0,0,0,0,0,0,1,0,-1,-1,-1,-1,-1,-1,0,0,0,0,0,0,3,3,0,4,3,0,0,0,0,0,0,0,0,0,1,0,0,0,0,255,255,255,255,255,255,255,255,255,255,255,255,65000000,-1,-1,-1,-1,-1,-1,-1,-1,-1,-1,-1,-1,-1,[0|0|0|0|0|0|0|0|0|0|0|0]
52019,,50000,90090000,18150000,30000000,31190000,18040000,32270000,5000000,5000100,5000200,5000300,50000000,52000000,51000000,53000000,-1,-1,-1,-1,60000000,60010000,-1,-1,-1,-1,-1,-1,-1,-1,-1,-1,-1,300,1400,1410,1290,-1,-1,-1,-1,-1,-1,10,1,0,1,0,1,0,1,0,1,50,50,99,50,50,50,50,50,2,3,1,1,1,0,0,0,0,0,0,255,255,255,255,255,255,255,0,0,1,0,255,255,255,255,0,0,0,0,0,0,1,0,-1,-1,-1,-1,-1,-1,0,0,0,0,0,0,3,3,0,4,3,0,0,0,0,0,0,0,0,0,1,0,0,0,0,255,255,255,255,255,255,255,255,255,255,255,255,65000000,-1,-1,-1,-1,-1,-1,-1,-1,-1,-1,-1,-1,-1,[0|0|0|0|0|0|0|0|0|0|0|0]
52020,,50000,90100000,18150000,30000000,31190000,18040000,32270000,5000000,5000100,5000200,5000300,50000000,52000000,51000000,53000000,-1,-1,-1,-1,60000000,60010000,-1,-1,-1,-1,-1,-1,-1,-1,-1,-1,-1,300,1400,1410,1290,-1,-1,-1,-1,-1,-1,10,1,0,1,0,1,0,1,0,1,50,50,99,50,50,50,50,50,2,3,1,1,1,0,0,0,0,0,0,255,255,255,255,255,255,255,0,0,1,0,255,255,255,255,0,0,0,0,0,0,1,0,-1,-1,-1,-1,-1,-1,0,0,0,0,0,0,3,3,0,4,3,0,0,0,0,0,0,0,0,0,1,0,0,0,0,255,255,255,255,255,255,255,255,255,255,255,255,65000000,-1,-1,-1,-1,-1,-1,-1,-1,-1,-1,-1,-1,-1,[0|0|0|0|0|0|0|0|0|0|0|0]
52021,,50000,90110000,18150000,30000000,31190000,18040000,32270000,5000000,5000100,5000200,5000300,50000000,52000000,51000000,53000000,-1,-1,-1,-1,60000000,60010000,-1,-1,-1,-1,-1,-1,-1,-1,-1,-1,-1,300,1400,1410,1290,-1,-1,-1,-1,-1,-1,10,1,0,1,0,1,0,1,0,1,50,50,99,50,50,50,50,50,2,3,1,1,1,0,0,0,0,0,0,255,255,255,255,255,255,255,0,0,1,0,255,255,255,255,0,0,0,0,0,0,1,0,-1,-1,-1,-1,-1,-1,0,0,0,0,0,0,3,3,0,4,3,0,0,0,0,0,0,0,0,0,1,0,0,0,0,255,255,255,255,255,255,255,255,255,255,255,255,65000000,-1,-1,-1,-1,-1,-1,-1,-1,-1,-1,-1,-1,-1,[0|0|0|0|0|0|0|0|0|0|0|0]
52022,,50000,90120000,18150000,30000000,31190000,18040000,32270000,5000000,5000100,5000200,5000300,50000000,52000000,51000000,53000000,-1,-1,-1,-1,60000000,60010000,-1,-1,-1,-1,-1,-1,-1,-1,-1,-1,-1,300,1400,1410,1290,-1,-1,-1,-1,-1,-1,10,1,0,1,0,1,0,1,0,1,50,50,99,50,50,50,50,50,2,3,1,1,1,0,0,0,0,0,0,255,255,255,255,255,255,255,0,0,1,0,255,255,255,255,0,0,0,0,0,0,1,0,-1,-1,-1,-1,-1,-1,0,0,0,0,0,0,3,3,0,4,3,0,0,0,0,0,0,0,0,0,1,0,0,0,0,255,255,255,255,255,255,255,255,255,255,255,255,65000000,-1,-1,-1,-1,-1,-1,-1,-1,-1,-1,-1,-1,-1,[0|0|0|0|0|0|0|0|0|0|0|0]
52023,,50000,90130000,18150000,30000000,31190000,18040000,32270000,5000000,5000100,5000200,5000300,50000000,52000000,51000000,53000000,-1,-1,-1,-1,60000000,60010000,-1,-1,-1,-1,-1,-1,-1,-1,-1,-1,-1,300,1400,1410,1290,-1,-1,-1,-1,-1,-1,10,1,0,1,0,1,0,1,0,1,50,50,99,50,50,50,50,50,2,3,1,1,1,0,0,0,0,0,0,255,255,255,255,255,255,255,0,0,1,0,255,255,255,255,0,0,0,0,0,0,1,0,-1,-1,-1,-1,-1,-1,0,0,0,0,0,0,3,3,0,4,3,0,0,0,0,0,0,0,0,0,1,0,0,0,0,255,255,255,255,255,255,255,255,255,255,255,255,65000000,-1,-1,-1,-1,-1,-1,-1,-1,-1,-1,-1,-1,-1,[0|0|0|0|0|0|0|0|0|0|0|0]
52024,,50000,90140000,18150000,30000000,31190000,18040000,32270000,5000000,5000100,5000200,5000300,50000000,52000000,51000000,53000000,-1,-1,-1,-1,60000000,60010000,-1,-1,-1,-1,-1,-1,-1,-1,-1,-1,-1,300,1400,1410,1290,-1,-1,-1,-1,-1,-1,10,1,0,1,0,1,0,1,0,1,50,50,99,50,50,50,50,50,2,3,1,1,1,0,0,0,0,0,0,255,255,255,255,255,255,255,0,0,1,0,255,255,255,255,0,0,0,0,0,0,1,0,-1,-1,-1,-1,-1,-1,0,0,0,0,0,0,3,3,0,4,3,0,0,0,0,0,0,0,0,0,1,0,0,0,0,255,255,255,255,255,255,255,255,255,255,255,255,65000000,-1,-1,-1,-1,-1,-1,-1,-1,-1,-1,-1,-1,-1,[0|0|0|0|0|0|0|0|0|0|0|0]
52100,,50000,41000000,41000000,3750000,30000000,-1,24000000,5000000,5000100,5000200,5000300,50000000,52000000,51000000,53000000,-1,-1,-1,-1,60000000,60010000,-1,-1,-1,-1,-1,-1,-1,-1,-1,-1,-1,300,1400,1410,1290,-1,-1,-1,-1,-1,-1,10,1,0,1,0,1,0,1,0,1,50,50,50,50,50,50,50,50,2,3,1,1,1,0,0,0,0,0,0,255,255,255,255,255,255,255,0,0,1,0,255,255,255,255,0,0,0,0,0,0,1,0,-1,-1,-1,-1,-1,-1,0,0,0,0,0,0,3,3,0,4,3,0,0,0,0,0,0,0,0,0,1,0,0,0,0,255,255,255,255,255,255,255,255,255,255,255,255,65000000,-1,-1,-1,-1,-1,-1,-1,-1,-1,-1,-1,-1,-1,[0|0|0|0|0|0|0|0|0|0|0|0]
52200,[Wylder] With Skill Replacement Effect 104900,0,3750000,-1,30750000,-1,-1,-1,5000000,5000100,5000200,5000900,50000000,52000000,51000000,53000000,-1,-1,-1,-1,60000000,60010000,-1,-1,-1,-1,-1,-1,-1,-1,-1,-1,-1,300,1400,1410,1290,-1,-1,-1,-1,-1,-1,10,1,0,1,0,1,0,1,0,1,13,10,12,16,12,9,7,10,0,3,1,1,1,0,0,0,0,0,0,255,255,255,255,255,255,255,0,0,1,0,255,255,255,255,0,0,0,0,0,0,1,0,-1,-1,-1,-1,-1,-1,0,0,0,0,0,0,3,1,0,4,3,0,0,0,0,0,0,0,0,0,1,0,0,0,0,255,255,255,255,255,255,255,255,255,255,255,255,65000000,-1,-1,-1,-1,-1,-1,-1,-1,-1,-1,-1,-1,-1,[0|0|0|0|0|0|0|0|0|0|0|0]
52300,,0,23750000,23000000,-1,-1,23040000,-1,5004000,5004100,5004200,5004300,50000000,52000000,51000000,53000000,-1,-1,-1,-1,60400000,60410000,-1,-1,-1,-1,-1,-1,-1,-1,-1,-1,-1,-1,-1,-1,-1,-1,-1,-1,-1,-1,-1,1,1,0,1,0,1,0,1,0,1,13,10,12,16,12,9,7,10,0,0,0,0,0,0,0,0,0,0,0,255,255,255,255,255,255,255,0,0,1,0,255,255,255,255,0,0,0,0,0,0,5,0,-1,-1,-1,-1,-1,-1,0,0,0,0,0,0,3,1,0,4,3,0,0,0,0,0,0,0,0,0,1.12,0,0,0,0,255,255,255,255,255,255,255,255,255,255,255,255,65000000,-1,-1,-1,-1,-1,-1,-1,-1,-1,-1,-1,-1,-1,[0|0|0|0|0|0|0|0|0|0|0|0]
52400,,0,3750000,-1,30750000,-1,-1,-1,30000,5000100,5000200,5000300,50000000,52000000,51000000,53000000,-1,-1,-1,-1,60000000,60010000,-1,-1,-1,-1,-1,-1,-1,-1,-1,-1,-1,-1,-1,-1,-1,-1,-1,-1,-1,-1,-1,10,1,0,1,0,1,0,1,0,1,13,10,12,16,12,9,7,10,0,0,0,0,0,0,0,0,0,0,0,255,255,255,255,255,255,255,0,0,1,0,255,255,255,255,0,0,0,0,0,0,1,0,-1,-1,-1,-1,-1,-1,0,0,0,0,0,0,3,1,0,4,3,0,0,0,0,0,0,0,0,0,1,0,0,0,0,255,255,255,255,255,255,255,255,255,255,255,255,65000000,-1,-1,-1,-1,-1,-1,-1,-1,-1,-1,-1,-1,-1,[0|0|0|0|0|0|0|0|0|0|0|0]
52410,,0,3750000,-1,30750000,-1,-1,-1,31000,5000100,5000200,5000300,50000000,52000000,51000000,53000000,-1,-1,-1,-1,60000000,60010000,-1,-1,-1,-1,-1,-1,-1,-1,-1,-1,-1,-1,-1,-1,-1,-1,-1,-1,-1,-1,-1,10,1,0,1,0,1,0,1,0,1,13,10,12,16,12,9,7,10,0,0,0,0,0,0,0,0,0,0,0,255,255,255,255,255,255,255,0,0,1,0,255,255,255,255,0,0,0,0,0,0,1,0,-1,-1,-1,-1,-1,-1,0,0,0,0,0,0,3,1,0,4,3,0,0,0,0,0,0,0,0,0,1,0,0,0,0,255,255,255,255,255,255,255,255,255,255,255,255,65000000,-1,-1,-1,-1,-1,-1,-1,-1,-1,-1,-1,-1,-1,[0|0|0|0|0|0|0|0|0|0|0|0]
52420,,0,33750000,-1,-1,-1,-1,-1,5006000,5006100,5006200,5006300,50000000,52000000,51000000,53000000,-1,-1,-1,-1,60600000,60610000,-1,-1,-1,-1,-1,-1,-1,-1,-1,-1,-1,300,660,320,350,-1,-1,-1,-1,-1,-1,13,1,0,1,0,1,0,1,0,1,13,10,12,16,12,9,7,10,0,3,3,3,3,0,0,0,0,0,0,255,255,255,255,255,255,255,0,0,0,0,255,255,255,255,0,0,0,0,0,0,7,0,-1,-1,-1,-1,-1,-1,0,0,0,0,0,0,3,1,0,4,3,0,0,0,0,0,0,0,0,0,1.05,0,0,0,0,255,255,255,255,255,255,255,255,255,255,255,255,65000000,-1,-1,-1,-1,-1,-1,-1,-1,-1,-1,-1,-1,-1,[0|0|0|0|0|0|0|0|0|0|0|0]
52430,,0,41070000,42000000,44000000,41070000,43000000,24000000,5000000,5000100,5000200,5000300,50000000,52000000,51000000,53000000,-1,-1,-1,-1,60000000,60010000,-1,-1,-1,-1,-1,-1,-1,-1,-1,-1,-1,1001,1051,130,300,1700,1400,900,10030,9500,-1,1,1,0,1,0,1,0,1,0,1,13,10,12,16,12,9,7,10,0,3,3,1,3,40,99,99,7,3,0,255,255,255,255,255,255,255,0,0,1,0,255,255,255,255,0,0,0,0,0,0,1,0,-1,-1,-1,-1,-1,-1,0,0,0,0,0,0,3,3,0,4,255,0,0,0,0,0,0,0,0,0,1,0,0,0,0,255,255,255,255,255,255,255,255,255,255,255,255,65000000,-1,-1,-1,-1,-1,-1,-1,-1,-1,-1,-1,-1,-1,[0|0|0|0|0|0|0|0|0|0|0|0]
52431,,0,41070000,42000000,44000000,41070000,43000000,24000000,5002000,5002100,5002200,5002300,50030000,52000000,51000000,53000000,-1,-1,-1,-1,60230000,60210000,60220000,-1,-1,-1,-1,-1,-1,-1,-1,-1,-1,51,300,1400,52,1290,-1,-1,-1,-1,-1,10,1,0,1,0,1,0,1,0,1,10,9,14,12,18,9,8,8,0,3,3,2,2,1,0,0,0,0,0,255,255,255,255,255,255,255,0,0,1,0,255,255,255,255,0,0,0,0,0,0,3,2,-1,-1,-1,-1,-1,-1,0,0,0,0,0,0,5,1,0,4,5,0,0,0,0,0,0,0,0,0,1,0,0,0,0,255,255,255,255,255,255,255,255,255,255,255,255,65000000,-1,-1,-1,-1,-1,-1,-1,-1,-1,-1,-1,-1,-1,[0|0|0|0|0|0|0|0|0|0|0|0]
52440,,0,16000000,17030000,32750000,5050000,18750000,6000000,5001000,5001100,5001200,5001300,50000000,52000000,51000000,53000000,-1,-1,-1,-1,60100000,60120000,-1,-1,-1,-1,-1,-1,-1,-1,-1,-1,-1,51,300,1400,52,1290,-1,-1,-1,-1,-1,11,1,0,1,0,1,0,1,0,1,15,9,15,12,12,7,10,8,0,3,3,2,2,1,0,0,0,0,0,255,255,255,255,255,255,255,0,0,1,0,255,255,255,255,0,0,0,0,0,0,2,5,-1,-1,-1,-1,-1,-1,0,0,0,0,0,0,5,1,0,4,5,0,0,0,0,0,0,0,0,0,1.15,0,0,0,0,255,255,255,255,255,255,255,255,255,255,255,255,65000000,-1,-1,-1,-1,-1,-1,-1,-1,-1,-1,-1,-1,-1,[0|0|0|0|0|0|0|0|0|0|0|0]
53000,,50000,1000000,-1,3750000,30000000,-1,24000000,5000000,5000100,5000200,5000300,50000000,52000000,51000000,53000000,-1,-1,-1,-1,60000000,60010000,-1,-1,-1,-1,-1,-1,-1,-1,-1,-1,-1,300,1400,1410,1290,-1,-1,-1,-1,-1,-1,10,1,0,1,0,1,0,1,0,1,50,50,50,50,50,50,50,50,2,3,1,1,1,0,0,0,0,0,0,255,255,255,255,255,255,255,0,0,1,0,255,255,255,255,1,0,0,0,0,0,1,0,-1,-1,-1,-1,-1,-1,0,0,0,0,0,0,3,3,0,4,3,0,0,0,0,0,0,0,0,0,1,0,0,0,0,255,255,255,255,255,255,255,255,255,255,255,255,65000000,-1,-1,-1,-1,-1,-1,-1,-1,-1,-1,-1,-1,-1,[0|0|0|0|0|0|0|0|0|0|0|0]
53100,,50000,1040000,-1,3750000,30000000,-1,24000000,5000000,5000100,5000200,5000300,50000000,52000000,51000000,53000000,-1,-1,-1,-1,60000000,60010000,-1,-1,-1,-1,-1,-1,-1,-1,-1,-1,-1,300,1400,1410,1290,-1,-1,-1,-1,-1,-1,10,1,0,1,0,1,0,1,0,1,50,50,50,50,50,50,50,50,2,3,1,1,1,0,0,0,0,0,0,255,255,255,255,255,255,255,0,0,1,0,255,255,255,255,1,0,0,0,0,0,1,0,-1,-1,-1,-1,-1,-1,0,0,0,0,0,0,3,3,0,4,3,0,0,0,0,0,0,0,0,0,1,0,0,0,0,255,255,255,255,255,255,255,255,255,255,255,255,65000000,-1,-1,-1,-1,-1,-1,-1,-1,-1,-1,-1,-1,-1,[0|0|0|0|0|0|0|0|0|0|0|0]
53200,,0,3750000,-1,30750000,-1,-1,-1,5000000,5000100,5000200,5000300,50000000,52000000,51000000,53000000,-1,-1,-1,-1,60000000,60010000,-1,-1,-1,-1,-1,-1,-1,-1,-1,-1,-1,50,-1,-1,-1,-1,-1,-1,-1,-1,-1,10,1,0,1,0,1,0,1,0,1,13,10,12,16,12,9,7,10,0,3,0,0,0,0,0,0,0,0,0,255,255,255,255,255,255,255,0,0,1,0,255,255,255,255,0,0,0,0,0,0,1,0,-1,-1,-1,-1,-1,-1,0,0,0,0,0,0,3,1,0,4,255,0,0,0,0,0,0,0,0,0,1,0,0,0,0,255,255,255,255,255,255,255,255,255,255,255,255,65000000,-1,-1,-1,-1,-1,-1,-1,-1,-1,-1,-1,-1,-1,[0|0|0|0|0|0|0|0|0|0|0|0]
53300,,50000,33000000,-1,3750000,30000000,-1,24000000,5000000,5000100,5000200,5000300,50000000,52000000,51000000,53000000,-1,-1,-1,-1,60000000,60010000,-1,-1,-1,-1,-1,-1,-1,-1,-1,-1,-1,300,1400,1410,1290,-1,-1,-1,-1,-1,-1,10,1,0,1,0,1,0,1,0,1,50,50,50,50,50,50,50,50,2,3,1,1,1,0,0,0,0,0,0,255,255,255,255,255,255,255,0,0,1,0,255,255,255,255,1,0,0,0,0,0,1,0,-1,-1,-1,-1,-1,-1,0,0,0,0,0,0,3,3,0,4,3,0,0,0,0,0,0,0,0,0,1,0,0,0,0,255,255,255,255,255,255,255,255,255,255,255,255,65000000,-1,-1,-1,-1,-1,-1,-1,-1,-1,-1,-1,-1,-1,[0|0|0|0|0|0|0|0|0|0|0|0]
53350,,0,50000,41000000,30750000,-1,-1,-1,5000000,5000100,5000200,5000300,50000000,52000000,51000000,53000000,-1,-1,-1,-1,60000000,60010000,-1,-1,-1,-1,-1,-1,-1,-1,-1,-1,-1,51,300,1400,1410,1290,-1,-1,-1,-1,-1,10,1,0,1,0,1,0,1,0,1,13,10,12,16,12,9,7,10,0,3,3,1,1,1,0,0,0,0,0,255,255,255,255,255,255,255,0,0,1,0,255,255,255,255,0,0,0,0,0,0,1,0,-1,-1,-1,-1,-1,-1,0,0,0,0,0,0,3,1,0,4,3,0,0,0,0,0,0,0,0,0,1,0,0,0,0,255,255,255,255,255,255,255,255,255,255,255,255,65000000,-1,-1,-1,-1,-1,-1,-1,-1,-1,-1,-1,-1,-1,[0|0|0|0|0|0|0|0|0|0|0|0]
53400,[Wylder],0,2990000,3990000,30750000,-1,18990000,-1,5000000,5000100,5000200,5000300,50000000,52000000,51000000,53000000,-1,-1,-1,-1,60000000,60010000,-1,-1,-1,-1,-1,-1,-1,-1,-1,-1,-1,300,1400,1410,1290,-1,-1,-1,-1,-1,-1,10,1,0,1,0,1,0,1,0,1,13,10,12,16,12,9,7,10,0,3,1,1,1,0,0,0,0,0,0,255,255,255,255,255,255,255,0,0,1,0,255,255,255,255,0,0,0,0,0,0,1,0,-1,-1,-1,-1,-1,-1,0,0,0,0,0,0,3,1,0,4,3,0,0,0,0,0,0,0,0,0,1,0,0,0,0,255,255,255,255,255,255,255,255,255,255,255,255,65000000,-1,-1,-1,-1,-1,-1,-1,-1,-1,-1,-1,-1,-1,[0|0|0|0|0|0|0|0|0|0|0|0]
53401,[Guardian],0,2990000,3990000,32750000,-1,18990000,-1,5001000,5001100,5001200,5001300,50000000,52000000,51000000,53000000,-1,-1,-1,-1,60100000,60120000,-1,-1,-1,-1,-1,-1,-1,-1,-1,-1,-1,300,1400,1410,1290,-1,-1,-1,-1,-1,-1,11,1,0,1,0,1,0,1,0,1,15,9,15,12,12,7,10,8,0,3,1,1,1,0,0,0,0,0,0,255,255,255,255,255,255,255,0,0,1,0,255,255,255,255,0,0,0,0,0,0,2,5,-1,-1,-1,-1,-1,-1,0,0,0,0,0,0,3,1,0,4,3,0,0,0,0,0,0,0,0,0,1.15,0,0,0,0,255,255,255,255,255,255,255,255,255,255,255,255,65000000,-1,-1,-1,-1,-1,-1,-1,-1,-1,-1,-1,-1,-1,[0|0|0|0|0|0|0|0|0|0|0|0]
53402,[Ironeye],0,2990000,3990000,-1,-1,18990000,-1,5002000,5002100,5002200,5002300,50030000,52000000,51000000,53000000,-1,-1,-1,-1,60230000,60210000,60220000,-1,-1,-1,-1,-1,-1,-1,-1,-1,-1,300,1400,1410,1290,-1,-1,-1,-1,-1,-1,10,1,0,1,0,1,0,1,0,1,10,9,14,12,18,9,8,8,0,3,1,1,1,0,0,0,0,0,0,255,255,255,255,255,255,255,0,0,1,0,255,255,255,255,0,0,0,0,0,0,3,2,-1,-1,-1,-1,-1,-1,0,0,0,0,0,0,3,1,0,4,3,0,0,0,0,0,0,0,0,0,1,0,0,0,0,255,255,255,255,255,255,255,255,255,255,255,255,65000000,-1,-1,-1,-1,-1,-1,-1,-1,-1,-1,-1,-1,-1,[0|0|0|0|0|0|0|0|0|0|0|0]
53500,,0,3980000,-1,-1,-1,-1,-1,5000000,5000100,5000200,5000300,50000000,52000000,51000000,53000000,-1,-1,-1,-1,60000000,60010000,-1,-1,-1,-1,-1,-1,-1,-1,-1,-1,-1,300,1400,-1,-1,-1,-1,-1,-1,-1,-1,10,1,0,1,0,1,0,1,0,12,0,0,0,0,0,0,0,0,0,3,2,0,0,0,0,0,0,0,0,255,255,255,255,255,255,255,0,0,1,0,255,255,255,255,0,0,0,0,0,0,1,0,-1,-1,-1,-1,-1,-1,0,0,0,0,0,0,5,5,1,4,5,0,0,0,0,0,0,0,0,0,1,0,0,0,0,255,255,255,255,255,255,255,255,255,255,255,255,65000000,-1,-1,-1,-1,-1,-1,-1,-1,-1,-1,-1,-1,-1,[0|0|0|0|0|0|0|0|0|0|0|0]
59997,,0,-1,-1,-1,-1,-1,-1,-1,-1,-1,-1,-1,-1,-1,-1,-1,-1,-1,-1,-1,-1,-1,-1,-1,-1,-1,-1,-1,-1,-1,-1,-1,10000,10001,10002,10010,10011,10012,-1,-1,-1,-1,0,0,0,0,0,0,0,0,0,0,0,0,0,0,0,0,0,0,0,2,2,2,2,2,2,0,0,0,0,255,255,255,255,255,255,255,0,0,0,0,255,255,255,255,0,0,0,0,0,0,0,0,-1,-1,-1,-1,-1,-1,0,0,0,0,0,0,255,255,0,0,255,0,0,0,0,0,0,0,0,0,1,0,0,0,0,255,255,255,255,255,255,255,255,255,255,255,255,65000000,-1,-1,-1,-1,-1,-1,-1,-1,-1,-1,-1,-1,-1,[0|0|0|0|0|0|0|0|0|0|0|0]
59998,,0,-1,-1,-1,-1,-1,-1,-1,-1,-1,-1,-1,-1,-1,-1,-1,-1,-1,-1,-1,-1,-1,-1,-1,-1,-1,-1,-1,-1,-1,-1,-1,10000,10001,10002,10010,10011,10012,-1,-1,-1,-1,0,0,0,0,0,0,0,0,0,0,0,0,0,0,0,0,0,0,0,2,2,2,2,2,2,0,0,0,0,255,255,255,255,255,255,255,0,0,0,0,255,255,255,255,0,0,0,0,0,0,0,0,-1,-1,-1,-1,-1,-1,0,0,0,0,0,0,255,255,0,0,255,0,0,0,0,0,0,0,0,0,1,0,0,0,0,255,255,255,255,255,255,255,255,255,255,255,255,65000000,-1,-1,-1,-1,-1,-1,-1,-1,-1,-1,-1,-1,-1,[0|0|0|0|0|0|0|0|0|0|0|0]
59999,,0,-1,-1,-1,-1,-1,-1,-1,-1,-1,-1,-1,-1,-1,-1,-1,-1,-1,-1,-1,-1,-1,-1,-1,-1,-1,-1,-1,-1,-1,-1,-1,10000,10001,10002,10010,10011,10012,-1,-1,-1,-1,0,0,0,0,0,0,0,0,0,0,0,0,0,0,0,0,0,0,0,2,2,2,2,2,2,0,0,0,0,255,255,255,255,255,255,255,0,0,0,0,255,255,255,255,0,0,0,0,0,0,0,0,-1,-1,-1,-1,-1,-1,0,0,0,0,0,0,255,255,0,0,255,0,0,0,0,0,0,0,0,0,1,0,0,0,0,255,255,255,255,255,255,255,255,255,255,255,255,65000000,-1,-1,-1,-1,-1,-1,-1,-1,-1,-1,-1,-1,-1,[0|0|0|0|0|0|0|0|0|0|0|0]
60000,,0,3750000,-1,30750000,-1,-1,-1,5000000,5000100,5000200,5000300,50000000,52000000,51000000,53000000,-1,-1,-1,-1,60000000,60010000,-1,-1,-1,-1,-1,-1,-1,-1,-1,-1,-1,300,1290,1400,1700,-1,-1,-1,-1,-1,-1,10,1,0,1,0,1,0,1,0,1,0,0,0,0,0,0,0,0,0,2,2,2,8,0,0,0,0,0,0,255,255,255,255,255,255,255,0,0,1,0,255,255,255,255,0,0,0,0,0,0,1,0,-1,-1,-1,-1,-1,-1,0,0,0,0,0,0,3,3,1,4,3,0,0,0,0,0,0,0,0,0,1,0,0,0,0,255,255,255,255,255,255,255,255,255,255,255,255,65000000,-1,-1,-1,-1,-1,-1,-1,-1,-1,-1,-1,-1,-1,[0|0|0|0|0|0|0|0|0|0|0|0]
60001,,0,3000000,3750000,30750000,-1,-1,-1,5000000,5000100,5000200,5000300,50000000,52000000,51000000,53000000,-1,-1,-1,-1,60000000,60010000,-1,-1,-1,-1,-1,-1,-1,-1,-1,-1,-1,300,1290,1400,1700,-1,-1,-1,-1,-1,-1,10,1,0,1,0,1,0,1,0,2,0,0,0,0,0,0,0,0,0,2,2,2,8,0,0,0,0,0,0,255,255,255,255,255,255,255,0,0,1,0,255,255,255,255,0,0,0,0,0,0,1,0,-1,-1,-1,-1,-1,-1,0,0,0,0,0,0,3,3,1,4,3,0,0,0,0,0,0,0,0,0,1,0,0,0,0,255,255,255,255,255,255,255,255,255,255,255,255,65000000,-1,-1,-1,-1,-1,-1,-1,-1,-1,-1,-1,-1,-1,[0|0|0|0|0|0|0|0|0|0|0|0]
60002,,0,3050000,3000000,30750000,-1,3750000,-1,5000000,5000100,5000200,5000300,50000000,52000000,51000000,53000000,-1,-1,-1,-1,60000000,60010000,-1,-1,-1,-1,-1,-1,-1,-1,-1,-1,-1,300,1290,1400,1700,-1,-1,-1,-1,-1,-1,10,1,0,1,0,1,0,1,0,3,0,0,0,0,0,0,0,0,0,2,2,2,8,0,0,0,0,0,0,255,255,255,255,255,255,255,0,0,1,0,255,255,255,255,0,0,0,0,0,0,1,0,-1,-1,-1,-1,-1,-1,0,0,0,0,0,0,3,3,1,4,3,0,0,0,0,0,0,0,0,0,1,0,0,0,0,255,255,255,255,255,255,255,255,255,255,255,255,65000000,-1,-1,-1,-1,-1,-1,-1,-1,-1,-1,-1,-1,-1,[0|0|0|0|0|0|0|0|0|0|0|0]
60003,,0,3040000,3050000,30750000,-1,3000000,-1,5000000,5000100,5000200,5000300,50000000,52000000,51000000,53000000,-1,-1,-1,-1,60000000,60010000,-1,-1,-1,-1,-1,-1,-1,-1,-1,-1,-1,300,1290,1400,1700,-1,-1,-1,-1,-1,-1,10,1,0,1,0,1,0,1,0,5,0,0,0,0,0,0,0,0,0,2,2,2,8,0,0,0,0,0,0,255,255,255,255,255,255,255,0,0,1,0,255,255,255,255,0,0,0,0,0,0,1,0,-1,-1,-1,-1,-1,-1,0,0,0,0,0,0,3,3,1,4,3,0,0,0,0,0,0,0,0,0,1,0,0,0,0,255,255,255,255,255,255,255,255,255,255,255,255,65000000,-1,-1,-1,-1,-1,-1,-1,-1,-1,-1,-1,-1,-1,[0|0|0|0|0|0|0|0|0|0|0|0]
60004,,0,3040000,3050000,30750000,-1,3000000,-1,5000000,5000100,5000200,5000300,50000000,52000000,51000000,53000000,-1,-1,-1,-1,60000000,60010000,-1,-1,-1,-1,-1,-1,-1,-1,-1,-1,-1,300,1290,1400,1700,-1,-1,-1,-1,-1,-1,10,1,0,1,0,1,0,1,0,6,0,0,0,0,0,0,0,0,0,2,2,2,8,0,0,0,0,0,0,255,255,255,255,255,255,255,0,0,1,0,255,255,255,255,0,0,0,0,0,0,1,0,-1,-1,-1,-1,-1,-1,0,0,0,0,0,0,4,4,1,4,4,0,0,0,0,0,0,0,0,0,1,0,0,0,0,255,255,255,255,255,255,255,255,255,255,255,255,65000000,-1,-1,-1,-1,-1,-1,-1,-1,-1,-1,-1,-1,-1,[0|0|0|0|0|0|0|0|0|0|0|0]
60005,,0,3040000,3050000,30750000,-1,3000000,-1,5000000,5000100,5000200,5000300,50000000,52000000,51000000,53000000,-1,-1,-1,-1,60000000,60010000,-1,-1,-1,-1,-1,-1,-1,-1,-1,-1,-1,300,1290,1400,1700,-1,-1,-1,-1,-1,-1,10,1,0,1,0,1,0,1,0,7,0,0,0,0,0,0,0,0,0,2,2,2,8,0,0,0,0,0,0,255,255,255,255,255,255,255,0,0,1,0,255,255,255,255,0,0,0,0,0,0,1,0,-1,-1,-1,-1,-1,-1,0,0,0,0,0,0,4,4,1,4,4,0,0,0,0,0,0,0,0,0,1,0,0,0,0,255,255,255,255,255,255,255,255,255,255,255,255,65000000,-1,-1,-1,-1,-1,-1,-1,-1,-1,-1,-1,-1,-1,[0|0|0|0|0|0|0|0|0|0|0|0]
60006,,0,3040000,3050000,30750000,-1,3000000,-1,5000000,5000100,5000200,5000300,50000000,52000000,51000000,53000000,-1,-1,-1,-1,60000000,60010000,-1,-1,-1,-1,-1,-1,-1,-1,-1,-1,-1,300,1290,1400,1700,-1,-1,-1,-1,-1,-1,10,1,0,1,0,1,0,1,0,8,0,0,0,0,0,0,0,0,0,2,2,2,8,0,0,0,0,0,0,255,255,255,255,255,255,255,0,0,1,0,255,255,255,255,0,0,0,0,0,0,1,0,-1,-1,-1,-1,-1,-1,0,0,0,0,0,0,4,4,1,4,4,0,0,0,0,0,0,0,0,0,1,0,0,0,0,255,255,255,255,255,255,255,255,255,255,255,255,65000000,-1,-1,-1,-1,-1,-1,-1,-1,-1,-1,-1,-1,-1,[0|0|0|0|0|0|0|0|0|0|0|0]
60007,,0,3200000,3040000,30750000,-1,3050000,-1,5000000,5000100,5000200,5000300,50000000,52000000,51000000,53000000,-1,-1,-1,-1,60000000,60010000,-1,-1,-1,-1,-1,-1,-1,-1,-1,-1,-1,300,1290,1400,1700,-1,-1,-1,-1,-1,-1,10,1,0,1,0,1,0,1,0,9,0,0,0,0,0,0,0,0,0,2,2,2,8,0,0,0,0,0,0,255,255,255,255,255,255,255,0,0,1,0,255,255,255,255,0,0,0,0,0,0,1,0,-1,-1,-1,-1,-1,-1,0,0,0,0,0,0,4,4,1,4,4,0,0,0,0,0,0,0,0,0,1,0,0,0,0,255,255,255,255,255,255,255,255,255,255,255,255,65000000,-1,-1,-1,-1,-1,-1,-1,-1,-1,-1,-1,-1,-1,[0|0|0|0|0|0|0|0|0|0|0|0]
60008,,0,3200000,3040000,30750000,-1,3050000,-1,5000000,5000100,5000200,5000300,50000000,52000000,51000000,53000000,-1,-1,-1,-1,60000000,60010000,-1,-1,-1,-1,-1,-1,-1,-1,-1,-1,-1,300,1290,1400,1700,-1,-1,-1,-1,-1,-1,10,1,0,1,0,1,0,1,0,11,0,0,0,0,0,0,0,0,0,2,2,2,8,0,0,0,0,0,0,255,255,255,255,255,255,255,0,0,1,0,255,255,255,255,0,0,0,0,0,0,1,0,-1,-1,-1,-1,-1,-1,0,0,0,0,0,0,5,5,1,4,5,0,0,0,0,0,0,0,0,0,1,0,0,0,0,255,255,255,255,255,255,255,255,255,255,255,255,65000000,-1,-1,-1,-1,-1,-1,-1,-1,-1,-1,-1,-1,-1,[0|0|0|0|0|0|0|0|0|0|0|0]
60009,,0,3060000,3200000,30750000,-1,3040000,-1,5000000,5000100,5000200,5000300,50000000,52000000,51000000,53000000,-1,-1,-1,-1,60000000,60010000,-1,-1,-1,-1,-1,-1,-1,-1,-1,-1,-1,300,1290,1400,1700,-1,-1,-1,-1,-1,-1,10,1,0,1,0,1,0,1,0,12,0,0,0,0,0,0,0,0,0,2,2,2,8,0,0,0,0,0,0,255,255,255,255,255,255,255,0,0,1,0,255,255,255,255,0,0,0,0,0,0,1,0,-1,-1,-1,-1,-1,-1,0,0,0,0,0,0,5,5,1,4,5,0,0,0,0,0,0,0,0,0,1,0,0,0,0,255,255,255,255,255,255,255,255,255,255,255,255,65000000,-1,-1,-1,-1,-1,-1,-1,-1,-1,-1,-1,-1,-1,[0|0|0|0|0|0|0|0|0|0|0|0]
60100,,0,18750000,-1,32750000,-1,-1,-1,5001000,5001100,5001200,5001300,50000000,52000000,51000000,53000000,-1,-1,-1,-1,60100000,60120000,-1,-1,-1,-1,-1,-1,-1,-1,-1,-1,-1,300,1290,1400,1700,-1,-1,-1,-1,-1,-1,11,1,0,1,0,1,0,1,0,1,0,0,0,0,0,0,0,0,0,2,2,2,8,0,0,0,0,0,0,255,255,255,255,255,255,255,0,0,1,0,255,255,255,255,0,0,0,0,0,0,2,0,-1,-1,-1,-1,-1,-1,0,0,0,0,0,0,3,3,2,4,3,0,0,0,0,0,0,0,0,0,1.15,0,0,0,0,255,255,255,255,255,255,255,255,255,255,255,255,65000000,-1,-1,-1,-1,-1,-1,-1,-1,-1,-1,-1,-1,-1,[0|0|0|0|0|0|0|0|0|0|0|0]
60101,,0,18090000,18750000,32190000,32750000,-1,-1,5001000,5001100,5001200,5001300,50000000,52000000,51000000,53000000,-1,-1,-1,-1,60100000,60120000,-1,-1,-1,-1,-1,-1,-1,-1,-1,-1,-1,300,1290,1400,1700,-1,-1,-1,-1,-1,-1,11,1,0,1,0,1,0,1,0,2,0,0,0,0,0,0,0,0,0,2,2,2,8,0,0,0,0,0,0,255,255,255,255,255,255,255,0,0,1,0,255,255,255,255,0,0,0,0,0,0,2,0,-1,-1,-1,-1,-1,-1,0,0,0,0,0,0,3,3,2,4,3,0,0,0,0,0,0,0,0,0,1.15,0,0,0,0,255,255,255,255,255,255,255,255,255,255,255,255,65000000,-1,-1,-1,-1,-1,-1,-1,-1,-1,-1,-1,-1,-1,[0|0|0|0|0|0|0|0|0|0|0|0]
60102,,0,18060000,18090000,32050000,32190000,18750000,32750000,5001000,5001100,5001200,5001300,50000000,52000000,51000000,53000000,-1,-1,-1,-1,60100000,60120000,-1,-1,-1,-1,-1,-1,-1,-1,-1,-1,-1,300,1290,1400,1700,-1,-1,-1,-1,-1,-1,11,1,0,1,0,1,0,1,0,3,0,0,0,0,0,0,0,0,0,2,2,2,8,0,0,0,0,0,0,255,255,255,255,255,255,255,0,0,1,0,255,255,255,255,0,0,0,0,0,0,2,0,-1,-1,-1,-1,-1,-1,0,0,0,0,0,0,3,3,2,4,3,0,0,0,0,0,0,0,0,0,1.15,0,0,0,0,255,255,255,255,255,255,255,255,255,255,255,255,65000000,-1,-1,-1,-1,-1,-1,-1,-1,-1,-1,-1,-1,-1,[0|0|0|0|0|0|0|0|0|0|0|0]
60103,,0,18150000,18060000,32020000,32050000,18090000,32190000,5001000,5001100,5001200,5001300,50000000,52000000,51000000,53000000,-1,-1,-1,-1,60100000,60120000,-1,-1,-1,-1,-1,-1,-1,-1,-1,-1,-1,300,1290,1400,1700,-1,-1,-1,-1,-1,-1,11,1,0,1,0,1,0,1,0,5,0,0,0,0,0,0,0,0,0,2,2,2,8,0,0,0,0,0,0,255,255,255,255,255,255,255,0,0,1,0,255,255,255,255,0,0,0,0,0,0,2,0,-1,-1,-1,-1,-1,-1,0,0,0,0,0,0,3,3,2,4,3,0,0,0,0,0,0,0,0,0,1.15,0,0,0,0,255,255,255,255,255,255,255,255,255,255,255,255,65000000,-1,-1,-1,-1,-1,-1,-1,-1,-1,-1,-1,-1,-1,[0|0|0|0|0|0|0|0|0|0|0|0]
60104,,0,18150000,18060000,32020000,32050000,18090000,32190000,5001000,5001100,5001200,5001300,50000000,52000000,51000000,53000000,-1,-1,-1,-1,60100000,60120000,-1,-1,-1,-1,-1,-1,-1,-1,-1,-1,-1,300,1290,1400,1700,-1,-1,-1,-1,-1,-1,11,1,0,1,0,1,0,1,0,6,0,0,0,0,0,0,0,0,0,2,2,2,8,0,0,0,0,0,0,255,255,255,255,255,255,255,0,0,1,0,255,255,255,255,0,0,0,0,0,0,2,0,-1,-1,-1,-1,-1,-1,0,0,0,0,0,0,4,4,2,4,4,0,0,0,0,0,0,0,0,0,1.15,0,0,0,0,255,255,255,255,255,255,255,255,255,255,255,255,65000000,-1,-1,-1,-1,-1,-1,-1,-1,-1,-1,-1,-1,-1,[0|0|0|0|0|0|0|0|0|0|0|0]
60105,,0,18150000,18060000,32020000,32050000,18090000,32190000,5001000,5001100,5001200,5001300,50000000,52000000,51000000,53000000,-1,-1,-1,-1,60100000,60120000,-1,-1,-1,-1,-1,-1,-1,-1,-1,-1,-1,300,1290,1400,1700,-1,-1,-1,-1,-1,-1,11,1,0,1,0,1,0,1,0,7,0,0,0,0,0,0,0,0,0,2,2,2,8,0,0,0,0,0,0,255,255,255,255,255,255,255,0,0,1,0,255,255,255,255,0,0,0,0,0,0,2,0,-1,-1,-1,-1,-1,-1,0,0,0,0,0,0,4,4,2,4,4,0,0,0,0,0,0,0,0,0,1.15,0,0,0,0,255,255,255,255,255,255,255,255,255,255,255,255,65000000,-1,-1,-1,-1,-1,-1,-1,-1,-1,-1,-1,-1,-1,[0|0|0|0|0|0|0|0|0|0|0|0]
60106,,0,18150000,18060000,32020000,32050000,18090000,32190000,5001000,5001100,5001200,5001300,50000000,52000000,51000000,53000000,-1,-1,-1,-1,60100000,60120000,-1,-1,-1,-1,-1,-1,-1,-1,-1,-1,-1,300,1290,1400,1700,-1,-1,-1,-1,-1,-1,11,1,0,1,0,1,0,1,0,8,0,0,0,0,0,0,0,0,0,2,2,2,8,0,0,0,0,0,0,255,255,255,255,255,255,255,0,0,1,0,255,255,255,255,0,0,0,0,0,0,2,0,-1,-1,-1,-1,-1,-1,0,0,0,0,0,0,4,4,2,4,4,0,0,0,0,0,0,0,0,0,1.15,0,0,0,0,255,255,255,255,255,255,255,255,255,255,255,255,65000000,-1,-1,-1,-1,-1,-1,-1,-1,-1,-1,-1,-1,-1,[0|0|0|0|0|0|0|0|0|0|0|0]
60107,,0,18080000,18150000,32120000,32020000,18060000,32050000,5001000,5001100,5001200,5001300,50000000,52000000,51000000,53000000,-1,-1,-1,-1,60100000,60120000,-1,-1,-1,-1,-1,-1,-1,-1,-1,-1,-1,300,1290,1400,1700,-1,-1,-1,-1,-1,-1,11,1,0,1,0,1,0,1,0,9,0,0,0,0,0,0,0,0,0,2,2,2,8,0,0,0,0,0,0,255,255,255,255,255,255,255,0,0,1,0,255,255,255,255,0,0,0,0,0,0,2,0,-1,-1,-1,-1,-1,-1,0,0,0,0,0,0,4,4,2,4,4,0,0,0,0,0,0,0,0,0,1.15,0,0,0,0,255,255,255,255,255,255,255,255,255,255,255,255,65000000,-1,-1,-1,-1,-1,-1,-1,-1,-1,-1,-1,-1,-1,[0|0|0|0|0|0|0|0|0|0|0|0]
60108,,0,18080000,18150000,32120000,32020000,18060000,32050000,5001000,5001100,5001200,5001300,50000000,52000000,51000000,53000000,-1,-1,-1,-1,60100000,60120000,-1,-1,-1,-1,-1,-1,-1,-1,-1,-1,-1,300,1290,1400,1700,-1,-1,-1,-1,-1,-1,11,1,0,1,0,1,0,1,0,11,0,0,0,0,0,0,0,0,0,2,2,2,8,0,0,0,0,0,0,255,255,255,255,255,255,255,0,0,1,0,255,255,255,255,0,0,0,0,0,0,2,0,-1,-1,-1,-1,-1,-1,0,0,0,0,0,0,5,5,2,4,5,0,0,0,0,0,0,0,0,0,1.15,0,0,0,0,255,255,255,255,255,255,255,255,255,255,255,255,65000000,-1,-1,-1,-1,-1,-1,-1,-1,-1,-1,-1,-1,-1,[0|0|0|0|0|0|0|0|0|0|0|0]
60109,,0,18040000,18080000,32080000,32120000,18150000,32020000,5001000,5001100,5001200,5001300,50000000,52000000,51000000,53000000,-1,-1,-1,-1,60100000,60120000,-1,-1,-1,-1,-1,-1,-1,-1,-1,-1,-1,300,1290,1400,1700,-1,-1,-1,-1,-1,-1,11,1,0,1,0,1,0,1,0,12,0,0,0,0,0,0,0,0,0,2,2,2,8,0,0,0,0,0,0,255,255,255,255,255,255,255,0,0,1,0,255,255,255,255,0,0,0,0,0,0,2,0,-1,-1,-1,-1,-1,-1,0,0,0,0,0,0,5,5,2,4,5,0,0,0,0,0,0,0,0,0,1.15,0,0,0,0,255,255,255,255,255,255,255,255,255,255,255,255,65000000,-1,-1,-1,-1,-1,-1,-1,-1,-1,-1,-1,-1,-1,[0|0|0|0|0|0|0|0|0|0|0|0]
60200,,0,41750000,-1,-1,-1,-1,-1,5002000,5002100,5002200,5002300,50030000,52000000,51000000,53000000,-1,-1,-1,-1,60230000,60210000,60220000,-1,-1,-1,-1,-1,-1,-1,-1,-1,-1,300,1290,1400,1700,-1,-1,-1,-1,-1,-1,11,1,0,1,0,1,0,1,0,1,0,0,0,0,0,0,0,0,0,2,2,2,8,0,0,0,0,0,0,255,255,255,255,255,255,255,0,0,1,0,255,255,255,255,0,0,0,0,0,0,3,0,-1,-1,-1,-1,-1,-1,0,0,0,0,0,0,3,3,2,4,3,0,0,0,0,0,0,0,0,0,1,0,0,0,0,255,255,255,255,255,255,255,255,255,255,255,255,65000000,-1,-1,-1,-1,-1,-1,-1,-1,-1,-1,-1,-1,-1,[0|0|0|0|0|0|0|0|0|0|0|0]
60201,,0,41000000,41750000,-1,-1,-1,-1,5002000,5002100,5002200,5002300,50030000,52000000,51000000,53000000,-1,-1,-1,-1,60230000,60210000,60220000,-1,-1,-1,-1,-1,-1,-1,-1,-1,-1,300,1290,1400,1700,-1,-1,-1,-1,-1,-1,11,1,0,1,0,1,0,1,0,2,0,0,0,0,0,0,0,0,0,2,2,2,8,0,0,0,0,0,0,255,255,255,255,255,255,255,0,0,1,0,255,255,255,255,0,0,0,0,0,0,3,0,-1,-1,-1,-1,-1,-1,0,0,0,0,0,0,3,3,2,4,3,0,0,0,0,0,0,0,0,0,1,0,0,0,0,255,255,255,255,255,255,255,255,255,255,255,255,65000000,-1,-1,-1,-1,-1,-1,-1,-1,-1,-1,-1,-1,-1,[0|0|0|0|0|0|0|0|0|0|0|0]
60202,,0,40020000,41000000,-1,-1,41750000,-1,5002000,5002100,5002200,5002300,50030000,52000000,51000000,53000000,-1,-1,-1,-1,60230000,60210000,60220000,-1,-1,-1,-1,-1,-1,-1,-1,-1,-1,300,1290,1400,1700,-1,-1,-1,-1,-1,-1,11,1,0,1,0,1,0,1,0,3,0,0,0,0,0,0,0,0,0,2,2,2,8,0,0,0,0,0,0,255,255,255,255,255,255,255,0,0,1,0,255,255,255,255,0,0,0,0,0,0,3,0,-1,-1,-1,-1,-1,-1,0,0,0,0,0,0,3,3,2,4,3,0,0,0,0,0,0,0,0,0,1,0,0,0,0,255,255,255,255,255,255,255,255,255,255,255,255,65000000,-1,-1,-1,-1,-1,-1,-1,-1,-1,-1,-1,-1,-1,[0|0|0|0|0|0|0|0|0|0|0|0]
60203,,0,41010000,40020000,-1,-1,41000000,-1,5002000,5002100,5002200,5002300,50030000,52000000,51000000,53000000,-1,-1,-1,-1,60230000,60210000,60220000,-1,-1,-1,-1,-1,-1,-1,-1,-1,-1,300,1290,1400,1700,-1,-1,-1,-1,-1,-1,11,1,0,1,0,1,0,1,0,5,0,0,0,0,0,0,0,0,0,2,2,2,8,0,0,0,0,0,0,255,255,255,255,255,255,255,0,0,1,0,255,255,255,255,0,0,0,0,0,0,3,0,-1,-1,-1,-1,-1,-1,0,0,0,0,0,0,3,3,2,4,3,0,0,0,0,0,0,0,0,0,1,0,0,0,0,255,255,255,255,255,255,255,255,255,255,255,255,65000000,-1,-1,-1,-1,-1,-1,-1,-1,-1,-1,-1,-1,-1,[0|0|0|0|0|0|0|0|0|0|0|0]
60204,,0,41010000,40020000,-1,-1,41000000,-1,5002000,5002100,5002200,5002300,50030000,52000000,51000000,53000000,-1,-1,-1,-1,60230000,60210000,60220000,-1,-1,-1,-1,-1,-1,-1,-1,-1,-1,300,1290,1400,1700,-1,-1,-1,-1,-1,-1,11,1,0,1,0,1,0,1,0,6,0,0,0,0,0,0,0,0,0,2,2,2,8,0,0,0,0,0,0,255,255,255,255,255,255,255,0,0,1,0,255,255,255,255,0,0,0,0,0,0,3,0,-1,-1,-1,-1,-1,-1,0,0,0,0,0,0,4,4,2,4,4,0,0,0,0,0,0,0,0,0,1,0,0,0,0,255,255,255,255,255,255,255,255,255,255,255,255,65000000,-1,-1,-1,-1,-1,-1,-1,-1,-1,-1,-1,-1,-1,[0|0|0|0|0|0|0|0|0|0|0|0]
60205,,0,41010000,40020000,-1,-1,41000000,-1,5002000,5002100,5002200,5002300,50030000,52000000,51000000,53000000,-1,-1,-1,-1,60230000,60210000,60220000,-1,-1,-1,-1,-1,-1,-1,-1,-1,-1,300,1290,1400,1700,-1,-1,-1,-1,-1,-1,11,1,0,1,0,1,0,1,0,7,0,0,0,0,0,0,0,0,0,2,2,2,8,0,0,0,0,0,0,255,255,255,255,255,255,255,0,0,1,0,255,255,255,255,0,0,0,0,0,0,3,0,-1,-1,-1,-1,-1,-1,0,0,0,0,0,0,4,4,2,4,4,0,0,0,0,0,0,0,0,0,1,0,0,0,0,255,255,255,255,255,255,255,255,255,255,255,255,65000000,-1,-1,-1,-1,-1,-1,-1,-1,-1,-1,-1,-1,-1,[0|0|0|0|0|0|0|0|0|0|0|0]
60206,,0,41010000,40020000,-1,-1,41000000,-1,5002000,5002100,5002200,5002300,50030000,52000000,51000000,53000000,-1,-1,-1,-1,60230000,60210000,60220000,-1,-1,-1,-1,-1,-1,-1,-1,-1,-1,300,1290,1400,1700,-1,-1,-1,-1,-1,-1,11,1,0,1,0,1,0,1,0,8,0,0,0,0,0,0,0,0,0,2,2,2,8,0,0,0,0,0,0,255,255,255,255,255,255,255,0,0,1,0,255,255,255,255,0,0,0,0,0,0,3,0,-1,-1,-1,-1,-1,-1,0,0,0,0,0,0,4,4,2,4,4,0,0,0,0,0,0,0,0,0,1,0,0,0,0,255,255,255,255,255,255,255,255,255,255,255,255,65000000,-1,-1,-1,-1,-1,-1,-1,-1,-1,-1,-1,-1,-1,[0|0|0|0|0|0|0|0|0|0|0|0]
60207,,0,41040000,41010000,-1,-1,40020000,-1,5002000,5002100,5002200,5002300,50030000,52000000,51000000,53000000,-1,-1,-1,-1,60230000,60210000,60220000,-1,-1,-1,-1,-1,-1,-1,-1,-1,-1,300,1290,1400,1700,-1,-1,-1,-1,-1,-1,11,1,0,1,0,1,0,1,0,9,0,0,0,0,0,0,0,0,0,2,2,2,8,0,0,0,0,0,0,255,255,255,255,255,255,255,0,0,1,0,255,255,255,255,0,0,0,0,0,0,3,0,-1,-1,-1,-1,-1,-1,0,0,0,0,0,0,4,4,2,4,4,0,0,0,0,0,0,0,0,0,1,0,0,0,0,255,255,255,255,255,255,255,255,255,255,255,255,65000000,-1,-1,-1,-1,-1,-1,-1,-1,-1,-1,-1,-1,-1,[0|0|0|0|0|0|0|0|0|0|0|0]
60208,,0,41040000,41010000,-1,-1,40020000,-1,5002000,5002100,5002200,5002300,50030000,52000000,51000000,53000000,-1,-1,-1,-1,60230000,60210000,60220000,-1,-1,-1,-1,-1,-1,-1,-1,-1,-1,300,1290,1400,1700,-1,-1,-1,-1,-1,-1,11,1,0,1,0,1,0,1,0,11,0,0,0,0,0,0,0,0,0,2,2,2,8,0,0,0,0,0,0,255,255,255,255,255,255,255,0,0,1,0,255,255,255,255,0,0,0,0,0,0,3,0,-1,-1,-1,-1,-1,-1,0,0,0,0,0,0,5,5,2,4,5,0,0,0,0,0,0,0,0,0,1,0,0,0,0,255,255,255,255,255,255,255,255,255,255,255,255,65000000,-1,-1,-1,-1,-1,-1,-1,-1,-1,-1,-1,-1,-1,[0|0|0|0|0|0|0|0|0|0|0|0]
60209,,0,41030000,41040000,-1,-1,41010000,-1,5002000,5002100,5002200,5002300,50030000,52000000,51000000,53000000,-1,-1,-1,-1,60230000,60210000,60220000,-1,-1,-1,-1,-1,-1,-1,-1,-1,-1,300,1290,1400,1700,-1,-1,-1,-1,-1,-1,11,1,0,1,0,1,0,1,0,12,0,0,0,0,0,0,0,0,0,2,2,2,8,0,0,0,0,0,0,255,255,255,255,255,255,255,0,0,1,0,255,255,255,255,0,0,0,0,0,0,3,0,-1,-1,-1,-1,-1,-1,0,0,0,0,0,0,5,5,2,4,5,0,0,0,0,0,0,0,0,0,1,0,0,0,0,255,255,255,255,255,255,255,255,255,255,255,255,65000000,-1,-1,-1,-1,-1,-1,-1,-1,-1,-1,-1,-1,-1,[0|0|0|0|0|0|0|0|0|0|0|0]
60300,,0,1750000,-1,-1,-1,-1,-1,5003000,5003100,5003200,5003300,50000000,52000000,51000000,53000000,-1,-1,-1,-1,60300000,60310000,-1,-1,-1,-1,-1,-1,-1,-1,-1,-1,-1,300,1290,1400,1700,-1,-1,-1,-1,-1,-1,10,1,0,1,0,1,0,1,0,1,0,0,0,0,0,0,0,0,0,2,2,2,8,0,0,0,0,0,0,255,255,255,255,255,255,255,0,0,0,0,255,255,255,255,0,0,0,0,0,0,4,0,-1,-1,-1,-1,-1,-1,0,0,0,0,0,0,3,3,0,4,3,0,0,0,0,0,0,0,0,0,0.96,0,0,0,0,255,255,255,255,255,255,255,255,255,255,255,255,65000000,-1,-1,-1,-1,-1,-1,-1,-1,-1,-1,-1,-1,-1,[0|0|0|0|0|0|0|0|0|0|0|0]
60301,,0,1000000,1750000,33000000,-1,-1,-1,5003000,5003100,5003200,5003300,50000000,52000000,51000000,53000000,-1,-1,-1,-1,60300000,60310000,-1,-1,-1,-1,-1,-1,-1,-1,-1,-1,-1,300,1290,1400,1700,-1,-1,-1,-1,-1,-1,10,1,0,1,0,1,0,1,0,2,0,0,0,0,0,0,0,0,0,2,2,2,8,0,0,0,0,0,0,255,255,255,255,255,255,255,0,0,0,0,255,255,255,255,0,0,0,0,0,0,4,0,-1,-1,-1,-1,-1,-1,0,0,0,0,0,0,3,3,0,4,3,0,0,0,0,0,0,0,0,0,0.96,0,0,0,0,255,255,255,255,255,255,255,255,255,255,255,255,65000000,-1,-1,-1,-1,-1,-1,-1,-1,-1,-1,-1,-1,-1,[0|0|0|0|0|0|0|0|0|0|0|0]
60302,,0,1030000,1000000,33210000,33000000,1750000,-1,5003000,5003100,5003200,5003300,50000000,52000000,51000000,53000000,-1,-1,-1,-1,60300000,60310000,-1,-1,-1,-1,-1,-1,-1,-1,-1,-1,-1,300,1290,1400,1700,-1,-1,-1,-1,-1,-1,10,1,0,1,0,1,0,1,0,3,0,0,0,0,0,0,0,0,0,2,2,2,8,0,0,0,0,0,0,255,255,255,255,255,255,255,0,0,0,0,255,255,255,255,0,0,0,0,0,0,4,0,-1,-1,-1,-1,-1,-1,0,0,0,0,0,0,3,3,0,4,3,0,0,0,0,0,0,0,0,0,0.96,0,0,0,0,255,255,255,255,255,255,255,255,255,255,255,255,65000000,-1,-1,-1,-1,-1,-1,-1,-1,-1,-1,-1,-1,-1,[0|0|0|0|0|0|0|0|0|0|0|0]
60303,,0,1050000,1030000,33040000,33210000,1000000,33000000,5003000,5003100,5003200,5003300,50000000,52000000,51000000,53000000,-1,-1,-1,-1,60300000,60310000,-1,-1,-1,-1,-1,-1,-1,-1,-1,-1,-1,300,1290,1400,1700,-1,-1,-1,-1,-1,-1,10,1,0,1,0,1,0,1,0,5,0,0,0,0,0,0,0,0,0,2,2,2,8,0,0,0,0,0,0,255,255,255,255,255,255,255,0,0,0,0,255,255,255,255,0,0,0,0,0,0,4,0,-1,-1,-1,-1,-1,-1,0,0,0,0,0,0,3,3,0,4,3,0,0,0,0,0,0,0,0,0,0.96,0,0,0,0,255,255,255,255,255,255,255,255,255,255,255,255,65000000,-1,-1,-1,-1,-1,-1,-1,-1,-1,-1,-1,-1,-1,[0|0|0|0|0|0|0|0|0|0|0|0]
60304,,0,1050000,1030000,33040000,33210000,1000000,33000000,5003000,5003100,5003200,5003300,50000000,52000000,51000000,53000000,-1,-1,-1,-1,60300000,60310000,-1,-1,-1,-1,-1,-1,-1,-1,-1,-1,-1,300,1290,1400,1700,-1,-1,-1,-1,-1,-1,10,1,0,1,0,1,0,1,0,6,0,0,0,0,0,0,0,0,0,2,2,2,8,0,0,0,0,0,0,255,255,255,255,255,255,255,0,0,0,0,255,255,255,255,0,0,0,0,0,0,4,0,-1,-1,-1,-1,-1,-1,0,0,0,0,0,0,4,4,0,4,4,0,0,0,0,0,0,0,0,0,0.96,0,0,0,0,255,255,255,255,255,255,255,255,255,255,255,255,65000000,-1,-1,-1,-1,-1,-1,-1,-1,-1,-1,-1,-1,-1,[0|0|0|0|0|0|0|0|0|0|0|0]
60305,,0,1050000,1030000,33040000,33210000,1000000,33000000,5003000,5003100,5003200,5003300,50000000,52000000,51000000,53000000,-1,-1,-1,-1,60300000,60310000,-1,-1,-1,-1,-1,-1,-1,-1,-1,-1,-1,300,1290,1400,1700,-1,-1,-1,-1,-1,-1,10,1,0,1,0,1,0,1,0,7,0,0,0,0,0,0,0,0,0,2,2,2,8,0,0,0,0,0,0,255,255,255,255,255,255,255,0,0,0,0,255,255,255,255,0,0,0,0,0,0,4,0,-1,-1,-1,-1,-1,-1,0,0,0,0,0,0,4,4,0,4,4,0,0,0,0,0,0,0,0,0,0.96,0,0,0,0,255,255,255,255,255,255,255,255,255,255,255,255,65000000,-1,-1,-1,-1,-1,-1,-1,-1,-1,-1,-1,-1,-1,[0|0|0|0|0|0|0|0|0|0|0|0]
60306,,0,1050000,1030000,33040000,33210000,1000000,33000000,5003000,5003100,5003200,5003300,50000000,52000000,51000000,53000000,-1,-1,-1,-1,60300000,60310000,-1,-1,-1,-1,-1,-1,-1,-1,-1,-1,-1,300,1290,1400,1700,-1,-1,-1,-1,-1,-1,10,1,0,1,0,1,0,1,0,8,0,0,0,0,0,0,0,0,0,2,2,2,8,0,0,0,0,0,0,255,255,255,255,255,255,255,0,0,0,0,255,255,255,255,0,0,0,0,0,0,4,0,-1,-1,-1,-1,-1,-1,0,0,0,0,0,0,4,4,0,4,4,0,0,0,0,0,0,0,0,0,0.96,0,0,0,0,255,255,255,255,255,255,255,255,255,255,255,255,65000000,-1,-1,-1,-1,-1,-1,-1,-1,-1,-1,-1,-1,-1,[0|0|0|0|0|0|0|0|0|0|0|0]
60307,,0,1070000,1050000,33180000,33040000,1030000,33210000,5003000,5003100,5003200,5003300,50000000,52000000,51000000,53000000,-1,-1,-1,-1,60300000,60310000,-1,-1,-1,-1,-1,-1,-1,-1,-1,-1,-1,300,1290,1400,1700,-1,-1,-1,-1,-1,-1,10,1,0,1,0,1,0,1,0,9,0,0,0,0,0,0,0,0,0,2,2,2,8,0,0,0,0,0,0,255,255,255,255,255,255,255,0,0,0,0,255,255,255,255,0,0,0,0,0,0,4,0,-1,-1,-1,-1,-1,-1,0,0,0,0,0,0,4,4,0,4,4,0,0,0,0,0,0,0,0,0,0.96,0,0,0,0,255,255,255,255,255,255,255,255,255,255,255,255,65000000,-1,-1,-1,-1,-1,-1,-1,-1,-1,-1,-1,-1,-1,[0|0|0|0|0|0|0|0|0|0|0|0]
60308,,0,1070000,1050000,33180000,33040000,1030000,33210000,5003000,5003100,5003200,5003300,50000000,52000000,51000000,53000000,-1,-1,-1,-1,60300000,60310000,-1,-1,-1,-1,-1,-1,-1,-1,-1,-1,-1,300,1290,1400,1700,-1,-1,-1,-1,-1,-1,10,1,0,1,0,1,0,1,0,11,0,0,0,0,0,0,0,0,0,2,2,2,8,0,0,0,0,0,0,255,255,255,255,255,255,255,0,0,0,0,255,255,255,255,0,0,0,0,0,0,4,0,-1,-1,-1,-1,-1,-1,0,0,0,0,0,0,5,5,0,4,5,0,0,0,0,0,0,0,0,0,0.96,0,0,0,0,255,255,255,255,255,255,255,255,255,255,255,255,65000000,-1,-1,-1,-1,-1,-1,-1,-1,-1,-1,-1,-1,-1,[0|0|0|0|0|0|0|0|0|0|0|0]
60309,,0,1010000,1070000,33240000,33180000,1050000,33040000,5003000,5003100,5003200,5003300,50000000,52000000,51000000,53000000,-1,-1,-1,-1,60300000,60310000,-1,-1,-1,-1,-1,-1,-1,-1,-1,-1,-1,300,1290,1400,1700,-1,-1,-1,-1,-1,-1,10,1,0,1,0,1,0,1,0,12,0,0,0,0,0,0,0,0,0,2,2,2,8,0,0,0,0,0,0,255,255,255,255,255,255,255,0,0,0,0,255,255,255,255,0,0,0,0,0,0,4,0,-1,-1,-1,-1,-1,-1,0,0,0,0,0,0,5,5,0,4,5,0,0,0,0,0,0,0,0,0,0.96,0,0,0,0,255,255,255,255,255,255,255,255,255,255,255,255,65000000,-1,-1,-1,-1,-1,-1,-1,-1,-1,-1,-1,-1,-1,[0|0|0|0|0|0|0|0|0|0|0|0]
60400,,0,23750000,-1,-1,-1,-1,-1,5004000,5004100,5004200,5004300,50000000,52000000,51000000,53000000,-1,-1,-1,-1,60400000,60410000,-1,-1,-1,-1,-1,-1,-1,-1,-1,-1,-1,300,1290,1400,1700,-1,-1,-1,-1,-1,-1,10,1,0,1,0,1,0,1,0,1,0,0,0,0,0,0,0,0,0,2,2,2,8,0,0,0,0,0,0,255,255,255,255,255,255,255,0,0,1,0,255,255,255,255,0,0,0,0,0,0,5,4,-1,-1,-1,-1,-1,-1,0,0,0,0,0,0,3,3,0,4,3,0,0,0,0,0,0,0,0,0,1.12,0,0,0,0,255,255,255,255,255,255,255,255,255,255,255,255,65000000,-1,-1,-1,-1,-1,-1,-1,-1,-1,-1,-1,-1,-1,[0|0|0|0|0|0|0|0|0|0|0|0]
60401,,0,23040000,23750000,-1,-1,-1,-1,5004000,5004100,5004200,5004300,50000000,52000000,51000000,53000000,-1,-1,-1,-1,60400000,60410000,-1,-1,-1,-1,-1,-1,-1,-1,-1,-1,-1,300,1290,1400,1700,-1,-1,-1,-1,-1,-1,10,1,0,1,0,1,0,1,0,2,0,0,0,0,0,0,0,0,0,2,2,2,8,0,0,0,0,0,0,255,255,255,255,255,255,255,0,0,1,0,255,255,255,255,0,0,0,0,0,0,5,4,-1,-1,-1,-1,-1,-1,0,0,0,0,0,0,3,3,0,4,3,0,0,0,0,0,0,0,0,0,1.12,0,0,0,0,255,255,255,255,255,255,255,255,255,255,255,255,65000000,-1,-1,-1,-1,-1,-1,-1,-1,-1,-1,-1,-1,-1,[0|0|0|0|0|0|0|0|0|0|0|0]
60402,,0,23130000,23040000,-1,-1,23750000,-1,5004000,5004100,5004200,5004300,50000000,52000000,51000000,53000000,-1,-1,-1,-1,60400000,60410000,-1,-1,-1,-1,-1,-1,-1,-1,-1,-1,-1,300,1290,1400,1700,-1,-1,-1,-1,-1,-1,10,1,0,1,0,1,0,1,0,3,0,0,0,0,0,0,0,0,0,2,2,2,8,0,0,0,0,0,0,255,255,255,255,255,255,255,0,0,1,0,255,255,255,255,0,0,0,0,0,0,5,4,-1,-1,-1,-1,-1,-1,0,0,0,0,0,0,3,3,0,4,3,0,0,0,0,0,0,0,0,0,1.12,0,0,0,0,255,255,255,255,255,255,255,255,255,255,255,255,65000000,-1,-1,-1,-1,-1,-1,-1,-1,-1,-1,-1,-1,-1,[0|0|0|0|0|0|0|0|0|0|0|0]
60403,,0,23110000,23130000,-1,-1,23040000,-1,5004000,5004100,5004200,5004300,50000000,52000000,51000000,53000000,-1,-1,-1,-1,60400000,60410000,-1,-1,-1,-1,-1,-1,-1,-1,-1,-1,-1,300,1290,1400,1700,-1,-1,-1,-1,-1,-1,10,1,0,1,0,1,0,1,0,5,0,0,0,0,0,0,0,0,0,2,2,2,8,0,0,0,0,0,0,255,255,255,255,255,255,255,0,0,1,0,255,255,255,255,0,0,0,0,0,0,5,4,-1,-1,-1,-1,-1,-1,0,0,0,0,0,0,3,3,0,4,3,0,0,0,0,0,0,0,0,0,1.12,0,0,0,0,255,255,255,255,255,255,255,255,255,255,255,255,65000000,-1,-1,-1,-1,-1,-1,-1,-1,-1,-1,-1,-1,-1,[0|0|0|0|0|0|0|0|0|0|0|0]
60404,,0,23110000,23130000,-1,-1,23040000,-1,5004000,5004100,5004200,5004300,50000000,52000000,51000000,53000000,-1,-1,-1,-1,60400000,60410000,-1,-1,-1,-1,-1,-1,-1,-1,-1,-1,-1,300,1290,1400,1700,-1,-1,-1,-1,-1,-1,10,1,0,1,0,1,0,1,0,6,0,0,0,0,0,0,0,0,0,2,2,2,8,0,0,0,0,0,0,255,255,255,255,255,255,255,0,0,1,0,255,255,255,255,0,0,0,0,0,0,5,4,-1,-1,-1,-1,-1,-1,0,0,0,0,0,0,4,4,0,4,4,0,0,0,0,0,0,0,0,0,1.12,0,0,0,0,255,255,255,255,255,255,255,255,255,255,255,255,65000000,-1,-1,-1,-1,-1,-1,-1,-1,-1,-1,-1,-1,-1,[0|0|0|0|0|0|0|0|0|0|0|0]
60405,,0,23110000,23130000,-1,-1,23040000,-1,5004000,5004100,5004200,5004300,50000000,52000000,51000000,53000000,-1,-1,-1,-1,60400000,60410000,-1,-1,-1,-1,-1,-1,-1,-1,-1,-1,-1,300,1290,1400,1700,-1,-1,-1,-1,-1,-1,10,1,0,1,0,1,0,1,0,7,0,0,0,0,0,0,0,0,0,2,2,2,8,0,0,0,0,0,0,255,255,255,255,255,255,255,0,0,1,0,255,255,255,255,0,0,0,0,0,0,5,4,-1,-1,-1,-1,-1,-1,0,0,0,0,0,0,4,4,0,4,4,0,0,0,0,0,0,0,0,0,1.12,0,0,0,0,255,255,255,255,255,255,255,255,255,255,255,255,65000000,-1,-1,-1,-1,-1,-1,-1,-1,-1,-1,-1,-1,-1,[0|0|0|0|0|0|0|0|0|0|0|0]
60406,,0,23110000,23130000,-1,-1,23040000,-1,5004000,5004100,5004200,5004300,50000000,52000000,51000000,53000000,-1,-1,-1,-1,60400000,60410000,-1,-1,-1,-1,-1,-1,-1,-1,-1,-1,-1,300,1290,1400,1700,-1,-1,-1,-1,-1,-1,10,1,0,1,0,1,0,1,0,8,0,0,0,0,0,0,0,0,0,2,2,2,8,0,0,0,0,0,0,255,255,255,255,255,255,255,0,0,1,0,255,255,255,255,0,0,0,0,0,0,5,4,-1,-1,-1,-1,-1,-1,0,0,0,0,0,0,4,4,0,4,4,0,0,0,0,0,0,0,0,0,1.12,0,0,0,0,255,255,255,255,255,255,255,255,255,255,255,255,65000000,-1,-1,-1,-1,-1,-1,-1,-1,-1,-1,-1,-1,-1,[0|0|0|0|0|0|0|0|0|0|0|0]
60407,,0,23070000,23110000,-1,-1,23130000,-1,5004000,5004100,5004200,5004300,50000000,52000000,51000000,53000000,-1,-1,-1,-1,60400000,60410000,-1,-1,-1,-1,-1,-1,-1,-1,-1,-1,-1,300,1290,1400,1700,-1,-1,-1,-1,-1,-1,10,1,0,1,0,1,0,1,0,9,0,0,0,0,0,0,0,0,0,2,2,2,8,0,0,0,0,0,0,255,255,255,255,255,255,255,0,0,1,0,255,255,255,255,0,0,0,0,0,0,5,4,-1,-1,-1,-1,-1,-1,0,0,0,0,0,0,4,4,0,4,4,0,0,0,0,0,0,0,0,0,1.12,0,0,0,0,255,255,255,255,255,255,255,255,255,255,255,255,65000000,-1,-1,-1,-1,-1,-1,-1,-1,-1,-1,-1,-1,-1,[0|0|0|0|0|0|0|0|0|0|0|0]
60408,,0,23070000,23110000,-1,-1,23130000,-1,5004000,5004100,5004200,5004300,50000000,52000000,51000000,53000000,-1,-1,-1,-1,60400000,60410000,-1,-1,-1,-1,-1,-1,-1,-1,-1,-1,-1,300,1290,1400,1700,-1,-1,-1,-1,-1,-1,10,1,0,1,0,1,0,1,0,11,0,0,0,0,0,0,0,0,0,2,2,2,8,0,0,0,0,0,0,255,255,255,255,255,255,255,0,0,1,0,255,255,255,255,0,0,0,0,0,0,5,4,-1,-1,-1,-1,-1,-1,0,0,0,0,0,0,5,5,0,4,5,0,0,0,0,0,0,0,0,0,1.12,0,0,0,0,255,255,255,255,255,255,255,255,255,255,255,255,65000000,-1,-1,-1,-1,-1,-1,-1,-1,-1,-1,-1,-1,-1,[0|0|0|0|0|0|0|0|0|0|0|0]
60409,,0,23000000,23070000,-1,-1,23110000,-1,5004000,5004100,5004200,5004300,50000000,52000000,51000000,53000000,-1,-1,-1,-1,60400000,60410000,-1,-1,-1,-1,-1,-1,-1,-1,-1,-1,-1,300,1290,1400,1700,-1,-1,-1,-1,-1,-1,10,1,0,1,0,1,0,1,0,12,0,0,0,0,0,0,0,0,0,2,2,2,8,0,0,0,0,0,0,255,255,255,255,255,255,255,0,0,1,0,255,255,255,255,0,0,0,0,0,0,5,4,-1,-1,-1,-1,-1,-1,0,0,0,0,0,0,5,5,0,4,5,0,0,0,0,0,0,0,0,0,1.12,0,0,0,0,255,255,255,255,255,255,255,255,255,255,255,255,65000000,-1,-1,-1,-1,-1,-1,-1,-1,-1,-1,-1,-1,-1,[0|0|0|0|0|0|0|0|0|0|0|0]
60500,,0,21750000,-1,34750000,-1,-1,-1,5005000,5005100,5005200,5005300,50000000,52000000,51000000,53000000,-1,-1,-1,-1,60500000,60510000,60520000,-1,-1,-1,-1,-1,-1,-1,-1,-1,-1,300,1290,1400,1700,-1,-1,-1,-1,-1,-1,10,1,0,1,0,1,0,1,0,1,0,0,0,0,0,0,0,0,0,2,2,2,8,0,0,0,0,0,0,255,255,255,255,255,255,255,0,0,0,0,255,255,255,255,0,0,0,0,0,0,6,2,-1,-1,-1,-1,-1,-1,0,0,0,0,0,0,3,3,0,4,3,0,0,0,0,0,0,0,0,0,0.85,0,0,0,0,255,255,255,255,255,255,255,255,255,255,255,255,65000000,-1,-1,-1,-1,-1,-1,-1,-1,-1,-1,-1,-1,-1,[0|0|0|0|0|0|0|0|0|0|0|0]
60501,,0,2000000,21750000,34000000,34750000,-1,-1,5005000,5005100,5005200,5005300,50000000,52000000,51000000,53000000,-1,-1,-1,-1,60500000,60510000,60520000,-1,-1,-1,-1,-1,-1,-1,-1,-1,-1,300,1290,1400,1700,-1,-1,-1,-1,-1,-1,10,1,0,1,0,1,0,1,0,2,0,0,0,0,0,0,0,0,0,2,2,2,8,0,0,0,0,0,0,255,255,255,255,255,255,255,0,0,0,0,255,255,255,255,0,0,0,0,0,0,6,2,-1,-1,-1,-1,-1,-1,0,0,0,0,0,0,3,3,0,4,3,0,0,0,0,0,0,0,0,0,0.85,0,0,0,0,255,255,255,255,255,255,255,255,255,255,255,255,65000000,-1,-1,-1,-1,-1,-1,-1,-1,-1,-1,-1,-1,-1,[0|0|0|0|0|0|0|0|0|0|0|0]
60502,,0,2040000,2000000,34010000,34000000,21750000,34750000,5005000,5005100,5005200,5005300,50000000,52000000,51000000,53000000,-1,-1,-1,-1,60500000,60510000,60520000,-1,-1,-1,-1,-1,-1,-1,-1,-1,-1,300,1290,1400,1700,-1,-1,-1,-1,-1,-1,10,1,0,1,0,1,0,1,0,3,0,0,0,0,0,0,0,0,0,2,2,2,8,0,0,0,0,0,0,255,255,255,255,255,255,255,0,0,0,0,255,255,255,255,0,0,0,0,0,0,6,2,-1,-1,-1,-1,-1,-1,0,0,0,0,0,0,3,3,0,4,3,0,0,0,0,0,0,0,0,0,0.85,0,0,0,0,255,255,255,255,255,255,255,255,255,255,255,255,65000000,-1,-1,-1,-1,-1,-1,-1,-1,-1,-1,-1,-1,-1,[0|0|0|0|0|0|0|0|0|0|0|0]
60503,,0,2180000,2040000,34030000,34010000,2000000,34000000,5005000,5005100,5005200,5005300,50000000,52000000,51000000,53000000,-1,-1,-1,-1,60500000,60510000,60520000,-1,-1,-1,-1,-1,-1,-1,-1,-1,-1,300,1290,1400,1700,-1,-1,-1,-1,-1,-1,10,1,0,1,0,1,0,1,0,5,0,0,0,0,0,0,0,0,0,2,2,2,8,0,0,0,0,0,0,255,255,255,255,255,255,255,0,0,0,0,255,255,255,255,0,0,0,0,0,0,6,2,-1,-1,-1,-1,-1,-1,0,0,0,0,0,0,3,3,0,4,3,0,0,0,0,0,0,0,0,0,0.85,0,0,0,0,255,255,255,255,255,255,255,255,255,255,255,255,65000000,-1,-1,-1,-1,-1,-1,-1,-1,-1,-1,-1,-1,-1,[0|0|0|0|0|0|0|0|0|0|0|0]
60504,,0,2180000,2040000,34030000,34010000,2000000,34000000,5005000,5005100,5005200,5005300,50000000,52000000,51000000,53000000,-1,-1,-1,-1,60500000,60510000,60520000,-1,-1,-1,-1,-1,-1,-1,-1,-1,-1,300,1290,1400,1700,-1,-1,-1,-1,-1,-1,10,1,0,1,0,1,0,1,0,6,0,0,0,0,0,0,0,0,0,2,2,2,8,0,0,0,0,0,0,255,255,255,255,255,255,255,0,0,0,0,255,255,255,255,0,0,0,0,0,0,6,2,-1,-1,-1,-1,-1,-1,0,0,0,0,0,0,4,4,0,4,4,0,0,0,0,0,0,0,0,0,0.85,0,0,0,0,255,255,255,255,255,255,255,255,255,255,255,255,65000000,-1,-1,-1,-1,-1,-1,-1,-1,-1,-1,-1,-1,-1,[0|0|0|0|0|0|0|0|0|0|0|0]
60505,,0,2180000,2040000,34030000,34010000,2000000,34000000,5005000,5005100,5005200,5005300,50000000,52000000,51000000,53000000,-1,-1,-1,-1,60500000,60510000,60520000,-1,-1,-1,-1,-1,-1,-1,-1,-1,-1,300,1290,1400,1700,-1,-1,-1,-1,-1,-1,10,1,0,1,0,1,0,1,0,7,0,0,0,0,0,0,0,0,0,2,2,2,8,0,0,0,0,0,0,255,255,255,255,255,255,255,0,0,0,0,255,255,255,255,0,0,0,0,0,0,6,2,-1,-1,-1,-1,-1,-1,0,0,0,0,0,0,4,4,0,4,4,0,0,0,0,0,0,0,0,0,0.85,0,0,0,0,255,255,255,255,255,255,255,255,255,255,255,255,65000000,-1,-1,-1,-1,-1,-1,-1,-1,-1,-1,-1,-1,-1,[0|0|0|0|0|0|0|0|0|0|0|0]
60506,,0,2180000,2040000,34030000,34010000,2000000,34000000,5005000,5005100,5005200,5005300,50000000,52000000,51000000,53000000,-1,-1,-1,-1,60500000,60510000,60520000,-1,-1,-1,-1,-1,-1,-1,-1,-1,-1,300,1290,1400,1700,-1,-1,-1,-1,-1,-1,10,1,0,1,0,1,0,1,0,8,0,0,0,0,0,0,0,0,0,2,2,2,8,0,0,0,0,0,0,255,255,255,255,255,255,255,0,0,0,0,255,255,255,255,0,0,0,0,0,0,6,2,-1,-1,-1,-1,-1,-1,0,0,0,0,0,0,4,4,0,4,4,0,0,0,0,0,0,0,0,0,0.85,0,0,0,0,255,255,255,255,255,255,255,255,255,255,255,255,65000000,-1,-1,-1,-1,-1,-1,-1,-1,-1,-1,-1,-1,-1,[0|0|0|0|0|0|0|0|0|0|0|0]
60507,,0,2060000,2180000,34060000,34030000,2040000,34010000,5005000,5005100,5005200,5005300,50000000,52000000,51000000,53000000,-1,-1,-1,-1,60500000,60510000,60520000,-1,-1,-1,-1,-1,-1,-1,-1,-1,-1,300,1290,1400,1700,-1,-1,-1,-1,-1,-1,10,1,0,1,0,1,0,1,0,9,0,0,0,0,0,0,0,0,0,2,2,2,8,0,0,0,0,0,0,255,255,255,255,255,255,255,0,0,0,0,255,255,255,255,0,0,0,0,0,0,6,2,-1,-1,-1,-1,-1,-1,0,0,0,0,0,0,4,4,0,4,4,0,0,0,0,0,0,0,0,0,0.85,0,0,0,0,255,255,255,255,255,255,255,255,255,255,255,255,65000000,-1,-1,-1,-1,-1,-1,-1,-1,-1,-1,-1,-1,-1,[0|0|0|0|0|0|0|0|0|0|0|0]
60508,,0,2060000,2180000,34060000,34030000,2040000,34010000,5005000,5005100,5005200,5005300,50000000,52000000,51000000,53000000,-1,-1,-1,-1,60500000,60510000,60520000,-1,-1,-1,-1,-1,-1,-1,-1,-1,-1,300,1290,1400,1700,-1,-1,-1,-1,-1,-1,10,1,0,1,0,1,0,1,0,11,0,0,0,0,0,0,0,0,0,2,2,2,8,0,0,0,0,0,0,255,255,255,255,255,255,255,0,0,0,0,255,255,255,255,0,0,0,0,0,0,6,2,-1,-1,-1,-1,-1,-1,0,0,0,0,0,0,5,5,0,4,5,0,0,0,0,0,0,0,0,0,0.85,0,0,0,0,255,255,255,255,255,255,255,255,255,255,255,255,65000000,-1,-1,-1,-1,-1,-1,-1,-1,-1,-1,-1,-1,-1,[0|0|0|0|0|0|0|0|0|0|0|0]
60509,,0,2200000,2060000,34060000,34030000,2180000,34010000,5005000,5005100,5005200,5005300,50000000,52000000,51000000,53000000,-1,-1,-1,-1,60500000,60510000,60520000,-1,-1,-1,-1,-1,-1,-1,-1,-1,-1,300,1290,1400,1700,-1,-1,-1,-1,-1,-1,10,1,0,1,0,1,0,1,0,12,0,0,0,0,0,0,0,0,0,2,2,2,8,0,0,0,0,0,0,255,255,255,255,255,255,255,0,0,0,0,255,255,255,255,0,0,0,0,0,0,6,2,-1,-1,-1,-1,-1,-1,0,0,0,0,0,0,5,5,0,4,5,0,0,0,0,0,0,0,0,0,0.85,0,0,0,0,255,255,255,255,255,255,255,255,255,255,255,255,65000000,-1,-1,-1,-1,-1,-1,-1,-1,-1,-1,-1,-1,-1,[0|0|0|0|0|0|0|0|0|0|0|0]
60600,,0,33750000,-1,-1,-1,-1,-1,5006000,5006100,5006200,5006300,50000000,52000000,51000000,53000000,-1,-1,-1,-1,60600000,60610000,-1,-1,-1,-1,-1,-1,-1,-1,-1,-1,-1,300,1290,1400,1700,-1,-1,-1,-1,-1,-1,10,1,0,1,0,1,0,1,0,1,0,0,0,0,0,0,0,0,0,2,2,2,8,0,0,0,0,0,0,255,255,255,255,255,255,255,0,0,0,0,255,255,255,255,0,0,0,0,0,0,7,2,-1,-1,-1,-1,-1,-1,0,0,0,0,0,0,3,3,2,4,3,0,0,0,0,0,0,0,0,0,1.05,0,0,0,0,255,255,255,255,255,255,255,255,255,255,255,255,65000000,-1,-1,-1,-1,-1,-1,-1,-1,-1,-1,-1,-1,-1,[0|0|0|0|0|0|0|0|0|0|0|0]
60601,,0,33000000,33750000,34000000,-1,-1,-1,5006000,5006100,5006200,5006300,50000000,52000000,51000000,53000000,-1,-1,-1,-1,60600000,60610000,-1,-1,-1,-1,-1,-1,-1,-1,-1,-1,-1,300,1290,1400,1700,-1,-1,-1,-1,-1,-1,10,1,0,1,0,1,0,1,0,2,0,0,0,0,0,0,0,0,0,2,2,2,8,0,0,0,0,0,0,255,255,255,255,255,255,255,0,0,0,0,255,255,255,255,0,0,0,0,0,0,7,2,-1,-1,-1,-1,-1,-1,0,0,0,0,0,0,3,3,2,4,3,0,0,0,0,0,0,0,0,0,1.05,0,0,0,0,255,255,255,255,255,255,255,255,255,255,255,255,65000000,-1,-1,-1,-1,-1,-1,-1,-1,-1,-1,-1,-1,-1,[0|0|0|0|0|0|0|0|0|0|0|0]
60602,,0,33190000,33000000,34010000,34000000,33750000,-1,5006000,5006100,5006200,5006300,50000000,52000000,51000000,53000000,-1,-1,-1,-1,60600000,60610000,-1,-1,-1,-1,-1,-1,-1,-1,-1,-1,-1,300,1290,1400,1700,-1,-1,-1,-1,-1,-1,10,1,0,1,0,1,0,1,0,3,0,0,0,0,0,0,0,0,0,2,2,2,8,0,0,0,0,0,0,255,255,255,255,255,255,255,0,0,0,0,255,255,255,255,0,0,0,0,0,0,7,2,-1,-1,-1,-1,-1,-1,0,0,0,0,0,0,3,3,2,4,3,0,0,0,0,0,0,0,0,0,1.05,0,0,0,0,255,255,255,255,255,255,255,255,255,255,255,255,65000000,-1,-1,-1,-1,-1,-1,-1,-1,-1,-1,-1,-1,-1,[0|0|0|0|0|0|0|0|0|0|0|0]
60603,,0,33170000,33190000,34030000,34010000,33000000,34000000,5006000,5006100,5006200,5006300,50000000,52000000,51000000,53000000,-1,-1,-1,-1,60600000,60610000,-1,-1,-1,-1,-1,-1,-1,-1,-1,-1,-1,300,1290,1400,1700,-1,-1,-1,-1,-1,-1,10,1,0,1,0,1,0,1,0,5,0,0,0,0,0,0,0,0,0,2,2,2,8,0,0,0,0,0,0,255,255,255,255,255,255,255,0,0,0,0,255,255,255,255,0,0,0,0,0,0,7,2,-1,-1,-1,-1,-1,-1,0,0,0,0,0,0,3,3,2,4,3,0,0,0,0,0,0,0,0,0,1.05,0,0,0,0,255,255,255,255,255,255,255,255,255,255,255,255,65000000,-1,-1,-1,-1,-1,-1,-1,-1,-1,-1,-1,-1,-1,[0|0|0|0|0|0|0|0|0|0|0|0]
60604,,0,33170000,33190000,34030000,34010000,33000000,34000000,5006000,5006100,5006200,5006300,50000000,52000000,51000000,53000000,-1,-1,-1,-1,60600000,60610000,-1,-1,-1,-1,-1,-1,-1,-1,-1,-1,-1,300,1290,1400,1700,-1,-1,-1,-1,-1,-1,10,1,0,1,0,1,0,1,0,6,0,0,0,0,0,0,0,0,0,2,2,2,8,0,0,0,0,0,0,255,255,255,255,255,255,255,0,0,0,0,255,255,255,255,0,0,0,0,0,0,7,2,-1,-1,-1,-1,-1,-1,0,0,0,0,0,0,4,4,2,4,4,0,0,0,0,0,0,0,0,0,1.05,0,0,0,0,255,255,255,255,255,255,255,255,255,255,255,255,65000000,-1,-1,-1,-1,-1,-1,-1,-1,-1,-1,-1,-1,-1,[0|0|0|0|0|0|0|0|0|0|0|0]
60605,,0,33170000,33190000,34030000,34010000,33000000,34000000,5006000,5006100,5006200,5006300,50000000,52000000,51000000,53000000,-1,-1,-1,-1,60600000,60610000,-1,-1,-1,-1,-1,-1,-1,-1,-1,-1,-1,300,1290,1400,1700,-1,-1,-1,-1,-1,-1,10,1,0,1,0,1,0,1,0,7,0,0,0,0,0,0,0,0,0,2,2,2,8,0,0,0,0,0,0,255,255,255,255,255,255,255,0,0,0,0,255,255,255,255,0,0,0,0,0,0,7,2,-1,-1,-1,-1,-1,-1,0,0,0,0,0,0,4,4,2,4,4,0,0,0,0,0,0,0,0,0,1.05,0,0,0,0,255,255,255,255,255,255,255,255,255,255,255,255,65000000,-1,-1,-1,-1,-1,-1,-1,-1,-1,-1,-1,-1,-1,[0|0|0|0|0|0|0|0|0|0|0|0]
60606,,0,33170000,33190000,34030000,34010000,33000000,34000000,5006000,5006100,5006200,5006300,50000000,52000000,51000000,53000000,-1,-1,-1,-1,60600000,60610000,-1,-1,-1,-1,-1,-1,-1,-1,-1,-1,-1,300,1290,1400,1700,-1,-1,-1,-1,-1,-1,10,1,0,1,0,1,0,1,0,8,0,0,0,0,0,0,0,0,0,2,2,2,8,0,0,0,0,0,0,255,255,255,255,255,255,255,0,0,0,0,255,255,255,255,0,0,0,0,0,0,7,2,-1,-1,-1,-1,-1,-1,0,0,0,0,0,0,4,4,2,4,4,0,0,0,0,0,0,0,0,0,1.05,0,0,0,0,255,255,255,255,255,255,255,255,255,255,255,255,65000000,-1,-1,-1,-1,-1,-1,-1,-1,-1,-1,-1,-1,-1,[0|0|0|0|0|0|0|0|0|0|0|0]
60607,,0,33180000,33170000,34060000,34030000,33190000,34010000,5006000,5006100,5006200,5006300,50000000,52000000,51000000,53000000,-1,-1,-1,-1,60600000,60610000,-1,-1,-1,-1,-1,-1,-1,-1,-1,-1,-1,300,1290,1400,1700,-1,-1,-1,-1,-1,-1,10,1,0,1,0,1,0,1,0,9,0,0,0,0,0,0,0,0,0,2,2,2,8,0,0,0,0,0,0,255,255,255,255,255,255,255,0,0,0,0,255,255,255,255,0,0,0,0,0,0,7,2,-1,-1,-1,-1,-1,-1,0,0,0,0,0,0,4,4,2,4,4,0,0,0,0,0,0,0,0,0,1.05,0,0,0,0,255,255,255,255,255,255,255,255,255,255,255,255,65000000,-1,-1,-1,-1,-1,-1,-1,-1,-1,-1,-1,-1,-1,[0|0|0|0|0|0|0|0|0|0|0|0]
60608,,0,33180000,33170000,34060000,34030000,33190000,34010000,5006000,5006100,5006200,5006300,50000000,52000000,51000000,53000000,-1,-1,-1,-1,60600000,60610000,-1,-1,-1,-1,-1,-1,-1,-1,-1,-1,-1,300,1290,1400,1700,-1,-1,-1,-1,-1,-1,10,1,0,1,0,1,0,1,0,11,0,0,0,0,0,0,0,0,0,2,2,2,8,0,0,0,0,0,0,255,255,255,255,255,255,255,0,0,0,0,255,255,255,255,0,0,0,0,0,0,7,2,-1,-1,-1,-1,-1,-1,0,0,0,0,0,0,5,5,2,4,5,0,0,0,0,0,0,0,0,0,1.05,0,0,0,0,255,255,255,255,255,255,255,255,255,255,255,255,65000000,-1,-1,-1,-1,-1,-1,-1,-1,-1,-1,-1,-1,-1,[0|0|0|0|0|0|0|0|0|0|0|0]
60609,,0,33240000,33180000,34060000,34030000,33170000,34010000,5006000,5006100,5006200,5006300,50000000,52000000,51000000,53000000,-1,-1,-1,-1,60600000,60610000,-1,-1,-1,-1,-1,-1,-1,-1,-1,-1,-1,300,1290,1400,1700,-1,-1,-1,-1,-1,-1,10,1,0,1,0,1,0,1,0,12,0,0,0,0,0,0,0,0,0,2,2,2,8,0,0,0,0,0,0,255,255,255,255,255,255,255,0,0,0,0,255,255,255,255,0,0,0,0,0,0,7,2,-1,-1,-1,-1,-1,-1,0,0,0,0,0,0,5,5,2,4,5,0,0,0,0,0,0,0,0,0,1.05,0,0,0,0,255,255,255,255,255,255,255,255,255,255,255,255,65000000,-1,-1,-1,-1,-1,-1,-1,-1,-1,-1,-1,-1,-1,[0|0|0|0|0|0|0|0|0|0|0|0]
60700,,0,9750000,-1,-1,-1,-1,-1,5007000,5007100,5007200,5007300,50000000,52000000,51000000,53000000,-1,-1,-1,-1,60700000,-1,-1,-1,-1,-1,-1,-1,-1,-1,-1,-1,-1,300,1290,1400,1700,-1,-1,-1,-1,-1,-1,10,1,0,1,0,1,0,1,0,1,0,0,0,0,0,0,0,0,0,2,2,2,8,0,0,0,0,0,0,255,255,255,255,255,255,255,0,0,0,0,255,255,255,255,0,0,0,0,0,0,8,2,-1,-1,-1,-1,-1,-1,0,0,0,0,0,0,3,3,2,4,3,0,0,0,0,0,0,0,0,0,1.02,0,0,0,0,255,255,255,255,255,255,255,255,255,255,255,255,65000000,-1,-1,-1,-1,-1,-1,-1,-1,-1,-1,-1,-1,-1,[0|0|0|0|0|0|0|0|0|0|0|0]
60701,,0,9000000,9750000,-1,-1,-1,-1,5007000,5007100,5007200,5007300,50000000,52000000,51000000,53000000,-1,-1,-1,-1,60700000,-1,-1,-1,-1,-1,-1,-1,-1,-1,-1,-1,-1,300,1290,1400,1700,-1,-1,-1,-1,-1,-1,10,1,0,1,0,1,0,1,0,2,0,0,0,0,0,0,0,0,0,2,2,2,8,0,0,0,0,0,0,255,255,255,255,255,255,255,0,0,0,0,255,255,255,255,0,0,0,0,0,0,8,2,-1,-1,-1,-1,-1,-1,0,0,0,0,0,0,3,3,2,4,3,0,0,0,0,0,0,0,0,0,1.02,0,0,0,0,255,255,255,255,255,255,255,255,255,255,255,255,65000000,-1,-1,-1,-1,-1,-1,-1,-1,-1,-1,-1,-1,-1,[0|0|0|0|0|0|0|0|0|0|0|0]
60702,,0,9010000,9000000,-1,-1,9750000,-1,5007000,5007100,5007200,5007300,50000000,52000000,51000000,53000000,-1,-1,-1,-1,60700000,-1,-1,-1,-1,-1,-1,-1,-1,-1,-1,-1,-1,300,1290,1400,1700,-1,-1,-1,-1,-1,-1,10,1,0,1,0,1,0,1,0,3,0,0,0,0,0,0,0,0,0,2,2,2,8,0,0,0,0,0,0,255,255,255,255,255,255,255,0,0,0,0,255,255,255,255,0,0,0,0,0,0,8,2,-1,-1,-1,-1,-1,-1,0,0,0,0,0,0,3,3,2,4,3,0,0,0,0,0,0,0,0,0,1.02,0,0,0,0,255,255,255,255,255,255,255,255,255,255,255,255,65000000,-1,-1,-1,-1,-1,-1,-1,-1,-1,-1,-1,-1,-1,[0|0|0|0|0|0|0|0|0|0|0|0]
60703,,0,9030000,9010000,-1,-1,9000000,-1,5007000,5007100,5007200,5007300,50000000,52000000,51000000,53000000,-1,-1,-1,-1,60700000,-1,-1,-1,-1,-1,-1,-1,-1,-1,-1,-1,-1,300,1290,1400,1700,-1,-1,-1,-1,-1,-1,10,1,0,1,0,1,0,1,0,5,0,0,0,0,0,0,0,0,0,2,2,2,8,0,0,0,0,0,0,255,255,255,255,255,255,255,0,0,0,0,255,255,255,255,0,0,0,0,0,0,8,2,-1,-1,-1,-1,-1,-1,0,0,0,0,0,0,3,3,2,4,3,0,0,0,0,0,0,0,0,0,1.02,0,0,0,0,255,255,255,255,255,255,255,255,255,255,255,255,65000000,-1,-1,-1,-1,-1,-1,-1,-1,-1,-1,-1,-1,-1,[0|0|0|0|0|0|0|0|0|0|0|0]
60704,,0,9030000,9010000,-1,-1,9000000,-1,5007000,5007100,5007200,5007300,50000000,52000000,51000000,53000000,-1,-1,-1,-1,60700000,-1,-1,-1,-1,-1,-1,-1,-1,-1,-1,-1,-1,300,1290,1400,1700,-1,-1,-1,-1,-1,-1,10,1,0,1,0,1,0,1,0,6,0,0,0,0,0,0,0,0,0,2,2,2,8,0,0,0,0,0,0,255,255,255,255,255,255,255,0,0,0,0,255,255,255,255,0,0,0,0,0,0,8,2,-1,-1,-1,-1,-1,-1,0,0,0,0,0,0,4,4,2,4,4,0,0,0,0,0,0,0,0,0,1.02,0,0,0,0,255,255,255,255,255,255,255,255,255,255,255,255,65000000,-1,-1,-1,-1,-1,-1,-1,-1,-1,-1,-1,-1,-1,[0|0|0|0|0|0|0|0|0|0|0|0]
60705,,0,9030000,9010000,-1,-1,9000000,-1,5007000,5007100,5007200,5007300,50000000,52000000,51000000,53000000,-1,-1,-1,-1,60700000,-1,-1,-1,-1,-1,-1,-1,-1,-1,-1,-1,-1,300,1290,1400,1700,-1,-1,-1,-1,-1,-1,10,1,0,1,0,1,0,1,0,7,0,0,0,0,0,0,0,0,0,2,2,2,8,0,0,0,0,0,0,255,255,255,255,255,255,255,0,0,0,0,255,255,255,255,0,0,0,0,0,0,8,2,-1,-1,-1,-1,-1,-1,0,0,0,0,0,0,4,4,2,4,4,0,0,0,0,0,0,0,0,0,1.02,0,0,0,0,255,255,255,255,255,255,255,255,255,255,255,255,65000000,-1,-1,-1,-1,-1,-1,-1,-1,-1,-1,-1,-1,-1,[0|0|0|0|0|0|0|0|0|0|0|0]
60706,,0,9030000,9010000,-1,-1,9000000,-1,5007000,5007100,5007200,5007300,50000000,52000000,51000000,53000000,-1,-1,-1,-1,60700000,-1,-1,-1,-1,-1,-1,-1,-1,-1,-1,-1,-1,300,1290,1400,1700,-1,-1,-1,-1,-1,-1,10,1,0,1,0,1,0,1,0,8,0,0,0,0,0,0,0,0,0,2,2,2,8,0,0,0,0,0,0,255,255,255,255,255,255,255,0,0,0,0,255,255,255,255,0,0,0,0,0,0,8,2,-1,-1,-1,-1,-1,-1,0,0,0,0,0,0,4,4,2,4,4,0,0,0,0,0,0,0,0,0,1.02,0,0,0,0,255,255,255,255,255,255,255,255,255,255,255,255,65000000,-1,-1,-1,-1,-1,-1,-1,-1,-1,-1,-1,-1,-1,[0|0|0|0|0|0|0|0|0|0|0|0]
60707,,0,9060000,9030000,-1,-1,9010000,-1,5007000,5007100,5007200,5007300,50000000,52000000,51000000,53000000,-1,-1,-1,-1,60700000,-1,-1,-1,-1,-1,-1,-1,-1,-1,-1,-1,-1,300,1290,1400,1700,-1,-1,-1,-1,-1,-1,10,1,0,1,0,1,0,1,0,9,0,0,0,0,0,0,0,0,0,2,2,2,8,0,0,0,0,0,0,255,255,255,255,255,255,255,0,0,0,0,255,255,255,255,0,0,0,0,0,0,8,2,-1,-1,-1,-1,-1,-1,0,0,0,0,0,0,4,4,2,4,4,0,0,0,0,0,0,0,0,0,1.02,0,0,0,0,255,255,255,255,255,255,255,255,255,255,255,255,65000000,-1,-1,-1,-1,-1,-1,-1,-1,-1,-1,-1,-1,-1,[0|0|0|0|0|0|0|0|0|0|0|0]
60708,,0,9060000,9030000,-1,-1,9010000,-1,5007000,5007100,5007200,5007300,50000000,52000000,51000000,53000000,-1,-1,-1,-1,60700000,-1,-1,-1,-1,-1,-1,-1,-1,-1,-1,-1,-1,300,1290,1400,1700,-1,-1,-1,-1,-1,-1,10,1,0,1,0,1,0,1,0,11,0,0,0,0,0,0,0,0,0,2,2,2,8,0,0,0,0,0,0,255,255,255,255,255,255,255,0,0,0,0,255,255,255,255,0,0,0,0,0,0,8,2,-1,-1,-1,-1,-1,-1,0,0,0,0,0,0,5,5,2,4,5,0,0,0,0,0,0,0,0,0,1.02,0,0,0,0,255,255,255,255,255,255,255,255,255,255,255,255,65000000,-1,-1,-1,-1,-1,-1,-1,-1,-1,-1,-1,-1,-1,[0|0|0|0|0|0|0|0|0|0|0|0]
60709,,0,9040000,9060000,-1,-1,9030000,-1,5007000,5007100,5007200,5007300,50000000,52000000,51000000,53000000,-1,-1,-1,-1,60700000,-1,-1,-1,-1,-1,-1,-1,-1,-1,-1,-1,-1,300,1290,1400,1700,-1,-1,-1,-1,-1,-1,10,1,0,1,0,1,0,1,0,12,0,0,0,0,0,0,0,0,0,2,2,2,8,0,0,0,0,0,0,255,255,255,255,255,255,255,0,0,0,0,255,255,255,255,0,0,0,0,0,0,8,2,-1,-1,-1,-1,-1,-1,0,0,0,0,0,0,5,5,2,4,5,0,0,0,0,0,0,0,0,0,1.02,0,0,0,0,255,255,255,255,255,255,255,255,255,255,255,255,65000000,-1,-1,-1,-1,-1,-1,-1,-1,-1,-1,-1,-1,-1,[0|0|0|0|0|0|0|0|0|0|0|0]
60800,,0,5750000,-1,-1,-1,-1,-1,5008000,5008100,5008200,5008300,50000000,52000000,51000000,53000000,-1,-1,-1,-1,60800000,60810000,-1,-1,-1,-1,-1,-1,-1,-1,-1,-1,-1,300,1290,1400,1700,-1,-1,-1,-1,-1,-1,10,1,0,1,0,1,0,1,0,1,0,0,0,0,0,0,0,0,0,2,2,2,8,0,0,0,0,0,0,255,255,255,255,255,255,255,0,0,1,0,255,255,255,255,0,0,0,0,0,0,9,0,-1,-1,-1,-1,-1,-1,0,0,0,0,0,0,3,3,1,4,3,0,0,0,0,0,0,0,0,0,0.97,0,0,0,0,255,255,255,255,255,255,255,255,255,255,255,255,65000000,-1,-1,-1,-1,-1,-1,-1,-1,-1,-1,-1,-1,-1,[0|0|0|0|0|0|0|0|0|0|0|0]
60801,,0,5060000,5750000,-1,-1,-1,-1,5008000,5008100,5008200,5008300,50000000,52000000,51000000,53000000,-1,-1,-1,-1,60800000,60810000,-1,-1,-1,-1,-1,-1,-1,-1,-1,-1,-1,300,1290,1400,1700,-1,-1,-1,-1,-1,-1,10,1,0,1,0,1,0,1,0,2,0,0,0,0,0,0,0,0,0,2,2,2,8,0,0,0,0,0,0,255,255,255,255,255,255,255,0,0,1,0,255,255,255,255,0,0,0,0,0,0,9,0,-1,-1,-1,-1,-1,-1,0,0,0,0,0,0,3,3,1,4,3,0,0,0,0,0,0,0,0,0,0.97,0,0,0,0,255,255,255,255,255,255,255,255,255,255,255,255,65000000,-1,-1,-1,-1,-1,-1,-1,-1,-1,-1,-1,-1,-1,[0|0|0|0|0|0|0|0|0|0|0|0]
60802,,0,5010000,5060000,-1,-1,5750000,-1,5008000,5008100,5008200,5008300,50000000,52000000,51000000,53000000,-1,-1,-1,-1,60800000,60810000,-1,-1,-1,-1,-1,-1,-1,-1,-1,-1,-1,300,1290,1400,1700,-1,-1,-1,-1,-1,-1,10,1,0,1,0,1,0,1,0,3,0,0,0,0,0,0,0,0,0,2,2,2,8,0,0,0,0,0,0,255,255,255,255,255,255,255,0,0,1,0,255,255,255,255,0,0,0,0,0,0,9,0,-1,-1,-1,-1,-1,-1,0,0,0,0,0,0,3,3,1,4,3,0,0,0,0,0,0,0,0,0,0.97,0,0,0,0,255,255,255,255,255,255,255,255,255,255,255,255,65000000,-1,-1,-1,-1,-1,-1,-1,-1,-1,-1,-1,-1,-1,[0|0|0|0|0|0|0|0|0|0|0|0]
60803,,0,5030000,5010000,-1,-1,5060000,-1,5008000,5008100,5008200,5008300,50000000,52000000,51000000,53000000,-1,-1,-1,-1,60800000,60810000,-1,-1,-1,-1,-1,-1,-1,-1,-1,-1,-1,300,1290,1400,1700,-1,-1,-1,-1,-1,-1,10,1,0,1,0,1,0,1,0,5,0,0,0,0,0,0,0,0,0,2,2,2,8,0,0,0,0,0,0,255,255,255,255,255,255,255,0,0,1,0,255,255,255,255,0,0,0,0,0,0,9,0,-1,-1,-1,-1,-1,-1,0,0,0,0,0,0,3,3,1,4,3,0,0,0,0,0,0,0,0,0,0.97,0,0,0,0,255,255,255,255,255,255,255,255,255,255,255,255,65000000,-1,-1,-1,-1,-1,-1,-1,-1,-1,-1,-1,-1,-1,[0|0|0|0|0|0|0|0|0|0|0|0]
60804,,0,5030000,5010000,-1,-1,5060000,-1,5008000,5008100,5008200,5008300,50000000,52000000,51000000,53000000,-1,-1,-1,-1,60800000,60810000,-1,-1,-1,-1,-1,-1,-1,-1,-1,-1,-1,300,1290,1400,1700,-1,-1,-1,-1,-1,-1,10,1,0,1,0,1,0,1,0,6,0,0,0,0,0,0,0,0,0,2,2,2,8,0,0,0,0,0,0,255,255,255,255,255,255,255,0,0,1,0,255,255,255,255,0,0,0,0,0,0,9,0,-1,-1,-1,-1,-1,-1,0,0,0,0,0,0,4,4,1,4,4,0,0,0,0,0,0,0,0,0,0.97,0,0,0,0,255,255,255,255,255,255,255,255,255,255,255,255,65000000,-1,-1,-1,-1,-1,-1,-1,-1,-1,-1,-1,-1,-1,[0|0|0|0|0|0|0|0|0|0|0|0]
60805,,0,5030000,5010000,-1,-1,5060000,-1,5008000,5008100,5008200,5008300,50000000,52000000,51000000,53000000,-1,-1,-1,-1,60800000,60810000,-1,-1,-1,-1,-1,-1,-1,-1,-1,-1,-1,300,1290,1400,1700,-1,-1,-1,-1,-1,-1,10,1,0,1,0,1,0,1,0,7,0,0,0,0,0,0,0,0,0,2,2,2,8,0,0,0,0,0,0,255,255,255,255,255,255,255,0,0,1,0,255,255,255,255,0,0,0,0,0,0,9,0,-1,-1,-1,-1,-1,-1,0,0,0,0,0,0,4,4,1,4,4,0,0,0,0,0,0,0,0,0,0.97,0,0,0,0,255,255,255,255,255,255,255,255,255,255,255,255,65000000,-1,-1,-1,-1,-1,-1,-1,-1,-1,-1,-1,-1,-1,[0|0|0|0|0|0|0|0|0|0|0|0]
60806,,0,5030000,5010000,-1,-1,5060000,-1,5008000,5008100,5008200,5008300,50000000,52000000,51000000,53000000,-1,-1,-1,-1,60800000,60810000,-1,-1,-1,-1,-1,-1,-1,-1,-1,-1,-1,300,1290,1400,1700,-1,-1,-1,-1,-1,-1,10,1,0,1,0,1,0,1,0,8,0,0,0,0,0,0,0,0,0,2,2,2,8,0,0,0,0,0,0,255,255,255,255,255,255,255,0,0,1,0,255,255,255,255,0,0,0,0,0,0,9,0,-1,-1,-1,-1,-1,-1,0,0,0,0,0,0,4,4,1,4,4,0,0,0,0,0,0,0,0,0,0.97,0,0,0,0,255,255,255,255,255,255,255,255,255,255,255,255,65000000,-1,-1,-1,-1,-1,-1,-1,-1,-1,-1,-1,-1,-1,[0|0|0|0|0|0|0|0|0|0|0|0]
60807,,0,5050000,5030000,-1,-1,5010000,-1,5008000,5008100,5008200,5008300,50000000,52000000,51000000,53000000,-1,-1,-1,-1,60800000,60810000,-1,-1,-1,-1,-1,-1,-1,-1,-1,-1,-1,300,1290,1400,1700,-1,-1,-1,-1,-1,-1,10,1,0,1,0,1,0,1,0,9,0,0,0,0,0,0,0,0,0,2,2,2,8,0,0,0,0,0,0,255,255,255,255,255,255,255,0,0,1,0,255,255,255,255,0,0,0,0,0,0,9,0,-1,-1,-1,-1,-1,-1,0,0,0,0,0,0,4,4,1,4,4,0,0,0,0,0,0,0,0,0,0.97,0,0,0,0,255,255,255,255,255,255,255,255,255,255,255,255,65000000,-1,-1,-1,-1,-1,-1,-1,-1,-1,-1,-1,-1,-1,[0|0|0|0|0|0|0|0|0|0|0|0]
60808,,0,5050000,5030000,-1,-1,5010000,-1,5008000,5008100,5008200,5008300,50000000,52000000,51000000,53000000,-1,-1,-1,-1,60800000,60810000,-1,-1,-1,-1,-1,-1,-1,-1,-1,-1,-1,300,1290,1400,1700,-1,-1,-1,-1,-1,-1,10,1,0,1,0,1,0,1,0,11,0,0,0,0,0,0,0,0,0,2,2,2,8,0,0,0,0,0,0,255,255,255,255,255,255,255,0,0,1,0,255,255,255,255,0,0,0,0,0,0,9,0,-1,-1,-1,-1,-1,-1,0,0,0,0,0,0,5,5,1,4,5,0,0,0,0,0,0,0,0,0,0.97,0,0,0,0,255,255,255,255,255,255,255,255,255,255,255,255,65000000,-1,-1,-1,-1,-1,-1,-1,-1,-1,-1,-1,-1,-1,[0|0|0|0|0|0|0|0|0|0|0|0]
60809,,0,5040000,5050000,-1,-1,5030000,-1,5008000,5008100,5008200,5008300,50000000,52000000,51000000,53000000,-1,-1,-1,-1,60800000,60810000,-1,-1,-1,-1,-1,-1,-1,-1,-1,-1,-1,300,1290,1400,1700,-1,-1,-1,-1,-1,-1,10,1,0,1,0,1,0,1,0,12,0,0,0,0,0,0,0,0,0,2,2,2,8,0,0,0,0,0,0,255,255,255,255,255,255,255,0,0,1,0,255,255,255,255,0,0,0,0,0,0,9,0,-1,-1,-1,-1,-1,-1,0,0,0,0,0,0,5,5,1,4,5,0,0,0,0,0,0,0,0,0,0.97,0,0,0,0,255,255,255,255,255,255,255,255,255,255,255,255,65000000,-1,-1,-1,-1,-1,-1,-1,-1,-1,-1,-1,-1,-1,[0|0|0|0|0|0|0|0|0|0|0|0]
60900,,0,11750000,-1,-1,-1,-1,-1,5009000,5009100,5009200,5009300,50000000,52000000,51000000,53000000,-1,-1,-1,-1,60900000,60950000,-1,-1,-1,-1,-1,-1,-1,-1,-1,-1,-1,300,1290,1400,1700,-1,-1,-1,-1,-1,-1,10,1,0,1,0,1,0,1,0,1,0,0,0,0,0,0,0,0,0,2,2,2,8,0,0,0,0,0,0,255,255,255,255,255,255,255,0,0,0,0,255,255,255,255,0,0,0,0,0,0,10,0,-1,-1,-1,-1,-1,-1,0,0,0,0,0,0,3,3,1,4,3,0,0,0,0,0,0,0,0,0,0.99,0,0,0,0,255,255,255,255,255,255,255,255,255,255,255,255,65000000,-1,-1,-1,-1,-1,-1,-1,-1,-1,-1,-1,-1,-1,[0|0|0|0|0|0|0|0|0|0|0|0]
60901,,0,11000000,11750000,34000000,-1,-1,-1,5009000,5009100,5009200,5009300,50000000,52000000,51000000,53000000,-1,-1,-1,-1,60900000,60950000,-1,-1,-1,-1,-1,-1,-1,-1,-1,-1,-1,300,1290,1400,1700,-1,-1,-1,-1,-1,-1,10,1,0,1,0,1,0,1,0,2,0,0,0,0,0,0,0,0,0,2,2,2,8,0,0,0,0,0,0,255,255,255,255,255,255,255,0,0,0,0,255,255,255,255,0,0,0,0,0,0,10,0,-1,-1,-1,-1,-1,-1,0,0,0,0,0,0,3,3,1,4,3,0,0,0,0,0,0,0,0,0,0.99,0,0,0,0,255,255,255,255,255,255,255,255,255,255,255,255,65000000,-1,-1,-1,-1,-1,-1,-1,-1,-1,-1,-1,-1,-1,[0|0|0|0|0|0|0|0|0|0|0|0]
60902,,0,11050000,11000000,34010000,34000000,11750000,-1,5009000,5009100,5009200,5009300,50000000,52000000,51000000,53000000,-1,-1,-1,-1,60900000,60950000,-1,-1,-1,-1,-1,-1,-1,-1,-1,-1,-1,300,1290,1400,1700,-1,-1,-1,-1,-1,-1,10,1,0,1,0,1,0,1,0,3,0,0,0,0,0,0,0,0,0,2,2,2,8,0,0,0,0,0,0,255,255,255,255,255,255,255,0,0,0,0,255,255,255,255,0,0,0,0,0,0,10,0,-1,-1,-1,-1,-1,-1,0,0,0,0,0,0,3,3,1,4,3,0,0,0,0,0,0,0,0,0,0.99,0,0,0,0,255,255,255,255,255,255,255,255,255,255,255,255,65000000,-1,-1,-1,-1,-1,-1,-1,-1,-1,-1,-1,-1,-1,[0|0|0|0|0|0|0|0|0|0|0|0]
60903,,0,11090000,11050000,34040000,34010000,11000000,34000000,5009000,5009100,5009200,5009300,50000000,52000000,51000000,53000000,-1,-1,-1,-1,60900000,60950000,-1,-1,-1,-1,-1,-1,-1,-1,-1,-1,-1,300,1290,1400,1700,-1,-1,-1,-1,-1,-1,10,1,0,1,0,1,0,1,0,5,0,0,0,0,0,0,0,0,0,2,2,2,8,0,0,0,0,0,0,255,255,255,255,255,255,255,0,0,0,0,255,255,255,255,0,0,0,0,0,0,10,0,-1,-1,-1,-1,-1,-1,0,0,0,0,0,0,3,3,1,4,3,0,0,0,0,0,0,0,0,0,0.99,0,0,0,0,255,255,255,255,255,255,255,255,255,255,255,255,65000000,-1,-1,-1,-1,-1,-1,-1,-1,-1,-1,-1,-1,-1,[0|0|0|0|0|0|0|0|0|0|0|0]
60904,,0,11090000,11050000,34040000,34010000,11000000,34000000,5009000,5009100,5009200,5009300,50000000,52000000,51000000,53000000,-1,-1,-1,-1,60900000,60950000,-1,-1,-1,-1,-1,-1,-1,-1,-1,-1,-1,300,1290,1400,1700,-1,-1,-1,-1,-1,-1,10,1,0,1,0,1,0,1,0,6,0,0,0,0,0,0,0,0,0,2,2,2,8,0,0,0,0,0,0,255,255,255,255,255,255,255,0,0,0,0,255,255,255,255,0,0,0,0,0,0,10,0,-1,-1,-1,-1,-1,-1,0,0,0,0,0,0,4,4,1,4,4,0,0,0,0,0,0,0,0,0,0.99,0,0,0,0,255,255,255,255,255,255,255,255,255,255,255,255,65000000,-1,-1,-1,-1,-1,-1,-1,-1,-1,-1,-1,-1,-1,[0|0|0|0|0|0|0|0|0|0|0|0]
60905,,0,11090000,11050000,34040000,34010000,11000000,34000000,5009000,5009100,5009200,5009300,50000000,52000000,51000000,53000000,-1,-1,-1,-1,60900000,60950000,-1,-1,-1,-1,-1,-1,-1,-1,-1,-1,-1,300,1290,1400,1700,-1,-1,-1,-1,-1,-1,10,1,0,1,0,1,0,1,0,7,0,0,0,0,0,0,0,0,0,2,2,2,8,0,0,0,0,0,0,255,255,255,255,255,255,255,0,0,0,0,255,255,255,255,0,0,0,0,0,0,10,0,-1,-1,-1,-1,-1,-1,0,0,0,0,0,0,4,4,1,4,4,0,0,0,0,0,0,0,0,0,0.99,0,0,0,0,255,255,255,255,255,255,255,255,255,255,255,255,65000000,-1,-1,-1,-1,-1,-1,-1,-1,-1,-1,-1,-1,-1,[0|0|0|0|0|0|0|0|0|0|0|0]
60906,,0,11090000,11050000,34040000,34010000,11000000,34000000,5009000,5009100,5009200,5009300,50000000,52000000,51000000,53000000,-1,-1,-1,-1,60900000,60950000,-1,-1,-1,-1,-1,-1,-1,-1,-1,-1,-1,300,1290,1400,1700,-1,-1,-1,-1,-1,-1,10,1,0,1,0,1,0,1,0,8,0,0,0,0,0,0,0,0,0,2,2,2,8,0,0,0,0,0,0,255,255,255,255,255,255,255,0,0,0,0,255,255,255,255,0,0,0,0,0,0,10,0,-1,-1,-1,-1,-1,-1,0,0,0,0,0,0,4,4,1,4,4,0,0,0,0,0,0,0,0,0,0.99,0,0,0,0,255,255,255,255,255,255,255,255,255,255,255,255,65000000,-1,-1,-1,-1,-1,-1,-1,-1,-1,-1,-1,-1,-1,[0|0|0|0|0|0|0|0|0|0|0|0]
60907,,0,11120000,11090000,34060000,34040000,11050000,34010000,5009000,5009100,5009200,5009300,50000000,52000000,51000000,53000000,-1,-1,-1,-1,60900000,60950000,-1,-1,-1,-1,-1,-1,-1,-1,-1,-1,-1,300,1290,1400,1700,-1,-1,-1,-1,-1,-1,10,1,0,1,0,1,0,1,0,9,0,0,0,0,0,0,0,0,0,2,2,2,8,0,0,0,0,0,0,255,255,255,255,255,255,255,0,0,0,0,255,255,255,255,0,0,0,0,0,0,10,0,-1,-1,-1,-1,-1,-1,0,0,0,0,0,0,4,4,1,4,4,0,0,0,0,0,0,0,0,0,0.99,0,0,0,0,255,255,255,255,255,255,255,255,255,255,255,255,65000000,-1,-1,-1,-1,-1,-1,-1,-1,-1,-1,-1,-1,-1,[0|0|0|0|0|0|0|0|0|0|0|0]
60908,,0,11120000,11090000,34060000,34040000,11050000,34010000,5009000,5009100,5009200,5009300,50000000,52000000,51000000,53000000,-1,-1,-1,-1,60900000,60950000,-1,-1,-1,-1,-1,-1,-1,-1,-1,-1,-1,300,1290,1400,1700,-1,-1,-1,-1,-1,-1,10,1,0,1,0,1,0,1,0,11,0,0,0,0,0,0,0,0,0,2,2,2,8,0,0,0,0,0,0,255,255,255,255,255,255,255,0,0,0,0,255,255,255,255,0,0,0,0,0,0,10,0,-1,-1,-1,-1,-1,-1,0,0,0,0,0,0,5,5,1,4,5,0,0,0,0,0,0,0,0,0,0.99,0,0,0,0,255,255,255,255,255,255,255,255,255,255,255,255,65000000,-1,-1,-1,-1,-1,-1,-1,-1,-1,-1,-1,-1,-1,[0|0|0|0|0|0|0|0|0|0|0|0]
60909,,0,11100000,11120000,34060000,34040000,11090000,34010000,5009000,5009100,5009200,5009300,50000000,52000000,51000000,53000000,-1,-1,-1,-1,60900000,60950000,-1,-1,-1,-1,-1,-1,-1,-1,-1,-1,-1,300,1290,1400,1700,-1,-1,-1,-1,-1,-1,10,1,0,1,0,1,0,1,0,12,0,0,0,0,0,0,0,0,0,2,2,2,8,0,0,0,0,0,0,255,255,255,255,255,255,255,0,0,0,0,255,255,255,255,0,0,0,0,0,0,10,0,-1,-1,-1,-1,-1,-1,0,0,0,0,0,0,5,5,1,4,5,0,0,0,0,0,0,0,0,0,0.99,0,0,0,0,255,255,255,255,255,255,255,255,255,255,255,255,65000000,-1,-1,-1,-1,-1,-1,-1,-1,-1,-1,-1,-1,-1,[0|0|0|0|0|0|0|0|0|0|0|0]
60950,,0,3080501,3040000,30750000,-1,3050000,-1,5000000,5000100,5000200,5000300,50000000,52000000,51000000,53000000,-1,-1,-1,-1,60000000,60010000,-1,-1,-1,-1,-1,-1,-1,-1,-1,-1,-1,300,1290,1400,1700,-1,-1,-1,-1,-1,-1,10,1,0,1,0,1,0,1,0,9,0,0,0,0,0,0,0,0,0,2,2,2,8,0,0,0,0,0,0,255,255,255,255,255,255,255,0,0,1,0,255,255,255,255,0,0,0,0,0,0,1,0,-1,-1,-1,-1,-1,-1,0,0,0,0,0,0,4,4,1,4,4,0,0,0,0,0,0,0,0,0,1,0,0,0,0,255,255,255,255,255,255,255,255,255,255,255,255,65000000,-1,-1,-1,-1,-1,-1,-1,-1,-1,-1,-1,-1,-1,[0|0|0|0|0|0|0|0|0|0|0|0]
60951,,0,18150501,18150000,32120000,32020000,18060000,32050000,5001000,5001100,5001200,5001300,50000000,52000000,51000000,53000000,-1,-1,-1,-1,60100000,60120000,-1,-1,-1,-1,-1,-1,-1,-1,-1,-1,-1,300,1290,1400,1700,-1,-1,-1,-1,-1,-1,11,1,0,1,0,1,0,1,0,9,0,0,0,0,0,0,0,0,0,2,2,2,8,0,0,0,0,0,0,255,255,255,255,255,255,255,0,0,1,0,255,255,255,255,0,0,0,0,0,0,2,0,-1,-1,-1,-1,-1,-1,0,0,0,0,0,0,4,4,2,4,4,0,0,0,0,0,0,0,0,0,1.15,0,0,0,0,255,255,255,255,255,255,255,255,255,255,255,255,65000000,-1,-1,-1,-1,-1,-1,-1,-1,-1,-1,-1,-1,-1,[0|0|0|0|0|0|0|0|0|0|0|0]
60952,,0,41040000,41010000,-1,-1,40020000,-1,5002000,5002100,5002200,5002300,50030000,52000000,51000000,53000000,-1,-1,-1,-1,60230000,60210000,60220000,-1,-1,-1,-1,-1,-1,-1,-1,-1,-1,1400,1290,1400,1400,-1,-1,-1,-1,-1,-1,11,1,0,1,0,1,0,1,0,9,0,0,0,0,0,0,0,0,0,10,2,2,2,0,0,0,0,0,0,255,255,255,255,255,255,255,0,0,1,0,255,255,255,255,0,0,0,0,0,0,3,0,-1,-1,-1,-1,-1,-1,0,0,0,0,0,0,4,4,2,4,4,0,0,0,0,0,0,0,0,0,1,0,0,0,0,255,255,255,255,255,255,255,255,255,255,255,255,65000000,-1,-1,-1,-1,-1,-1,-1,-1,-1,-1,-1,-1,-1,[0|0|0|0|0|0|0|0|0|0|0|0]
60953,,0,1150501,1050000,33180000,33040000,1030000,33210000,5003000,5003100,5003200,5003300,50000000,52000000,51000000,53000000,-1,-1,-1,-1,60300000,60310000,-1,-1,-1,-1,-1,-1,-1,-1,-1,-1,-1,300,1290,1400,1700,-1,-1,-1,-1,-1,-1,10,1,0,1,0,1,0,1,0,9,0,0,0,0,0,0,0,0,0,2,2,2,8,0,0,0,0,0,0,255,255,255,255,255,255,255,0,0,0,0,255,255,255,255,0,0,0,0,0,0,4,0,-1,-1,-1,-1,-1,-1,0,0,0,0,0,0,4,4,0,4,4,0,0,0,0,0,0,0,0,0,0.96,0,0,0,0,255,255,255,255,255,255,255,255,255,255,255,255,65000000,-1,-1,-1,-1,-1,-1,-1,-1,-1,-1,-1,-1,-1,[0|0|0|0|0|0|0|0|0|0|0|0]
60954,,0,23000500,23110000,-1,-1,23130000,-1,5004000,5004100,5004200,5004300,50000000,52000000,51000000,53000000,-1,-1,-1,-1,60400000,60410000,-1,-1,-1,-1,-1,-1,-1,-1,-1,-1,-1,300,1290,1400,1700,-1,-1,-1,-1,-1,-1,10,1,0,1,0,1,0,1,0,9,0,0,0,0,0,0,0,0,0,2,2,2,8,0,0,0,0,0,0,255,255,255,255,255,255,255,0,0,1,0,255,255,255,255,0,0,0,0,0,0,5,4,-1,-1,-1,-1,-1,-1,0,0,0,0,0,0,4,4,0,4,4,0,0,0,0,0,0,0,0,0,1.12,0,0,0,0,255,255,255,255,255,255,255,255,255,255,255,255,65000000,-1,-1,-1,-1,-1,-1,-1,-1,-1,-1,-1,-1,-1,[0|0|0|0|0|0|0|0|0|0|0|0]
60955,,0,80602002,80621002,34060000,34030000,2040000,34010000,5005000,5005100,5005200,5005300,50000000,52000000,51000000,53000000,-1,-1,-1,-1,60500000,60510000,60520000,-1,-1,-1,-1,-1,-1,-1,-1,-1,-1,300,1290,1400,1700,-1,-1,-1,-1,-1,-1,10,1,0,1,0,1,0,1,0,9,0,0,0,0,0,0,0,0,0,2,2,2,8,0,0,0,0,0,0,255,255,255,255,255,255,255,0,0,0,0,255,255,255,255,0,0,0,0,0,0,6,2,-1,-1,-1,-1,-1,-1,0,0,0,0,0,0,4,4,0,4,4,0,0,0,0,0,0,0,0,0,0.85,0,0,0,0,255,255,255,255,255,255,255,255,255,255,255,255,65000000,-1,-1,-1,-1,-1,-1,-1,-1,-1,-1,-1,-1,-1,[0|0|0|0|0|0|0|0|0|0|0|0]
60956,,0,80450002,80480002,34060000,34030000,33190000,34010000,5006000,5006100,5006200,5006300,50000000,52000000,51000000,53000000,-1,-1,-1,-1,60600000,60610000,-1,-1,-1,-1,-1,-1,-1,-1,-1,-1,-1,300,1290,1400,1700,-1,-1,-1,-1,-1,-1,10,1,0,1,0,1,0,1,0,9,0,0,0,0,0,0,0,0,0,2,2,2,8,0,0,0,0,0,0,255,255,255,255,255,255,255,0,0,0,0,255,255,255,255,0,0,0,0,0,0,7,2,-1,-1,-1,-1,-1,-1,0,0,0,0,0,0,4,4,2,4,4,0,0,0,0,0,0,0,0,0,1.05,0,0,0,0,255,255,255,255,255,255,255,255,255,255,255,255,65000000,-1,-1,-1,-1,-1,-1,-1,-1,-1,-1,-1,-1,-1,[0|0|0|0|0|0|0|0|0|0|0|0]
60957,,0,9010501,9030000,-1,-1,9010000,-1,5007000,5007100,5007200,5007300,50000000,52000000,51000000,53000000,-1,-1,-1,-1,60700000,-1,-1,-1,-1,-1,-1,-1,-1,-1,-1,-1,-1,300,1290,1400,1700,-1,-1,-1,-1,-1,-1,10,1,0,1,0,1,0,1,0,9,0,0,0,0,0,0,0,0,0,2,2,2,8,0,0,0,0,0,0,255,255,255,255,255,255,255,0,0,0,0,255,255,255,255,0,0,0,0,0,0,8,2,-1,-1,-1,-1,-1,-1,0,0,0,0,0,0,4,4,2,4,4,0,0,0,0,0,0,0,0,0,1.02,0,0,0,0,255,255,255,255,255,255,255,255,255,255,255,255,65000000,-1,-1,-1,-1,-1,-1,-1,-1,-1,-1,-1,-1,-1,[0|0|0|0|0|0|0|0|0|0|0|0]
61000,[Wylder] Level 1,0,3750000,41000000,30750000,-1,33000000,-1,5000000,5000100,5000200,5000300,50000000,52000000,51000000,53000000,-1,-1,-1,-1,60000000,60010000,-1,-1,-1,-1,-1,-1,-1,-1,-1,-1,-1,51,300,1400,52,1290,-1,-1,-1,-1,-1,10,1,0,1,0,1,0,1,0,1,13,10,12,16,12,9,7,10,0,3,3,2,2,1,0,0,0,0,0,255,255,255,255,255,255,255,0,0,1,0,255,255,255,255,0,0,0,0,0,0,1,0,-1,-1,-1,-1,-1,-1,0,0,0,0,0,0,5,1,0,4,5,0,0,0,0,0,0,0,0,0,1,0,0,0,0,255,255,255,255,255,255,255,255,255,255,255,255,65000000,-1,-1,-1,-1,-1,-1,-1,-1,-1,-1,-1,-1,-1,[0|0|0|0|0|0|0|0|0|0|0|0]
61001,[Wylder] Level 2,0,3750000,41000000,30750000,-1,33000000,-1,5000000,5000100,5000200,5000300,50000000,52000000,51000000,53000000,-1,-1,-1,-1,60000000,60010000,-1,-1,-1,-1,-1,-1,-1,-1,-1,-1,-1,51,300,1400,52,1290,-1,-1,-1,-1,-1,10,1,0,1,0,1,0,1,0,2,13,10,12,16,12,9,7,10,0,3,3,2,2,1,0,0,0,0,0,255,255,255,255,255,255,255,0,0,1,0,255,255,255,255,0,0,0,0,0,0,1,0,-1,-1,-1,-1,-1,-1,0,0,0,0,0,0,5,1,0,4,5,0,0,0,0,0,0,0,0,0,1,0,0,0,0,255,255,255,255,255,255,255,255,255,255,255,255,65000000,-1,-1,-1,-1,-1,-1,-1,-1,-1,-1,-1,-1,-1,[0|0|0|0|0|0|0|0|0|0|0|0]
61002,[Wylder] Level 3,0,3750000,41000000,30750000,-1,33000000,-1,5000000,5000100,5000200,5000300,50000000,52000000,51000000,53000000,-1,-1,-1,-1,60000000,60010000,-1,-1,-1,-1,-1,-1,-1,-1,-1,-1,-1,51,300,1400,52,1290,-1,-1,-1,-1,-1,10,1,0,1,0,1,0,1,0,3,13,10,12,16,12,9,7,10,0,3,3,2,2,1,0,0,0,0,0,255,255,255,255,255,255,255,0,0,1,0,255,255,255,255,0,0,0,0,0,0,1,0,-1,-1,-1,-1,-1,-1,0,0,0,0,0,0,5,1,0,4,5,0,0,0,0,0,0,0,0,0,1,0,0,0,0,255,255,255,255,255,255,255,255,255,255,255,255,65000000,-1,-1,-1,-1,-1,-1,-1,-1,-1,-1,-1,-1,-1,[0|0|0|0|0|0|0|0|0|0|0|0]
61003,[Wylder] Level 4,0,3750000,41000000,30750000,-1,33000000,-1,5000000,5000100,5000200,5000300,50000000,52000000,51000000,53000000,-1,-1,-1,-1,60000000,60010000,-1,-1,-1,-1,-1,-1,-1,-1,-1,-1,-1,51,300,1400,52,1290,-1,-1,-1,-1,-1,10,1,0,1,0,1,0,1,0,4,13,10,12,16,12,9,7,10,0,3,3,2,2,1,0,0,0,0,0,255,255,255,255,255,255,255,0,0,1,0,255,255,255,255,0,0,0,0,0,0,1,0,-1,-1,-1,-1,-1,-1,0,0,0,0,0,0,5,1,0,4,5,0,0,0,0,0,0,0,0,0,1,0,0,0,0,255,255,255,255,255,255,255,255,255,255,255,255,65000000,-1,-1,-1,-1,-1,-1,-1,-1,-1,-1,-1,-1,-1,[0|0|0|0|0|0|0|0|0|0|0|0]
61004,[Wylder] Level 5,0,3750000,41000000,30750000,-1,33000000,-1,5000000,5000100,5000200,5000300,50000000,52000000,51000000,53000000,-1,-1,-1,-1,60000000,60010000,-1,-1,-1,-1,-1,-1,-1,-1,-1,-1,-1,51,300,1400,52,1290,-1,-1,-1,-1,-1,10,1,0,1,0,1,0,1,0,5,13,10,12,16,12,9,7,10,0,3,3,2,2,1,0,0,0,0,0,255,255,255,255,255,255,255,0,0,1,0,255,255,255,255,0,0,0,0,0,0,1,0,-1,-1,-1,-1,-1,-1,0,0,0,0,0,0,5,1,0,4,5,0,0,0,0,0,0,0,0,0,1,0,0,0,0,255,255,255,255,255,255,255,255,255,255,255,255,65000000,-1,-1,-1,-1,-1,-1,-1,-1,-1,-1,-1,-1,-1,[0|0|0|0|0|0|0|0|0|0|0|0]
61005,[Wylder] Level 6,0,3750000,41000000,30750000,-1,33000000,-1,5000000,5000100,5000200,5000300,50000000,52000000,51000000,53000000,-1,-1,-1,-1,60000000,60010000,-1,-1,-1,-1,-1,-1,-1,-1,-1,-1,-1,51,300,1400,52,1290,-1,-1,-1,-1,-1,10,1,0,1,0,1,0,1,0,6,13,10,12,16,12,9,7,10,0,3,3,2,2,1,0,0,0,0,0,255,255,255,255,255,255,255,0,0,1,0,255,255,255,255,0,0,0,0,0,0,1,0,-1,-1,-1,-1,-1,-1,0,0,0,0,0,0,5,1,0,4,5,0,0,0,0,0,0,0,0,0,1,0,0,0,0,255,255,255,255,255,255,255,255,255,255,255,255,65000000,-1,-1,-1,-1,-1,-1,-1,-1,-1,-1,-1,-1,-1,[0|0|0|0|0|0|0|0|0|0|0|0]
61006,[Wylder] Level 7,0,3750000,41000000,30750000,-1,33000000,-1,5000000,5000100,5000200,5000300,50000000,52000000,51000000,53000000,-1,-1,-1,-1,60000000,60010000,-1,-1,-1,-1,-1,-1,-1,-1,-1,-1,-1,51,300,1400,52,1290,-1,-1,-1,-1,-1,10,1,0,1,0,1,0,1,0,7,13,10,12,16,12,9,7,10,0,3,3,2,2,1,0,0,0,0,0,255,255,255,255,255,255,255,0,0,1,0,255,255,255,255,0,0,0,0,0,0,1,0,-1,-1,-1,-1,-1,-1,0,0,0,0,0,0,5,1,0,4,5,0,0,0,0,0,0,0,0,0,1,0,0,0,0,255,255,255,255,255,255,255,255,255,255,255,255,65000000,-1,-1,-1,-1,-1,-1,-1,-1,-1,-1,-1,-1,-1,[0|0|0|0|0|0|0|0|0|0|0|0]
61007,[Wylder] Level 8,0,3750000,41000000,30750000,-1,33000000,-1,5000000,5000100,5000200,5000300,50000000,52000000,51000000,53000000,-1,-1,-1,-1,60000000,60010000,-1,-1,-1,-1,-1,-1,-1,-1,-1,-1,-1,51,300,1400,52,1290,-1,-1,-1,-1,-1,10,1,0,1,0,1,0,1,0,8,13,10,12,16,12,9,7,10,0,3,3,2,2,1,0,0,0,0,0,255,255,255,255,255,255,255,0,0,1,0,255,255,255,255,0,0,0,0,0,0,1,0,-1,-1,-1,-1,-1,-1,0,0,0,0,0,0,5,1,0,4,5,0,0,0,0,0,0,0,0,0,1,0,0,0,0,255,255,255,255,255,255,255,255,255,255,255,255,65000000,-1,-1,-1,-1,-1,-1,-1,-1,-1,-1,-1,-1,-1,[0|0|0|0|0|0|0|0|0|0|0|0]
61008,[Wylder] Level 9,0,3750000,41000000,30750000,-1,33000000,-1,5000000,5000100,5000200,5000300,50000000,52000000,51000000,53000000,-1,-1,-1,-1,60000000,60010000,-1,-1,-1,-1,-1,-1,-1,-1,-1,-1,-1,51,300,1400,52,1290,-1,-1,-1,-1,-1,10,1,0,1,0,1,0,1,0,9,13,10,12,16,12,9,7,10,0,3,3,2,2,1,0,0,0,0,0,255,255,255,255,255,255,255,0,0,1,0,255,255,255,255,0,0,0,0,0,0,1,0,-1,-1,-1,-1,-1,-1,0,0,0,0,0,0,5,1,0,4,5,0,0,0,0,0,0,0,0,0,1,0,0,0,0,255,255,255,255,255,255,255,255,255,255,255,255,65000000,-1,-1,-1,-1,-1,-1,-1,-1,-1,-1,-1,-1,-1,[0|0|0|0|0|0|0|0|0|0|0|0]
61009,[Wylder] Level 10,0,3750000,41000000,30750000,-1,33000000,-1,5000000,5000100,5000200,5000300,50000000,52000000,51000000,53000000,-1,-1,-1,-1,60000000,60010000,-1,-1,-1,-1,-1,-1,-1,-1,-1,-1,-1,51,300,1400,52,1290,-1,-1,-1,-1,-1,10,1,0,1,0,1,0,1,0,10,13,10,12,16,12,9,7,10,0,3,3,2,2,1,0,0,0,0,0,255,255,255,255,255,255,255,0,0,1,0,255,255,255,255,0,0,0,0,0,0,1,0,-1,-1,-1,-1,-1,-1,0,0,0,0,0,0,5,1,0,4,5,0,0,0,0,0,0,0,0,0,1,0,0,0,0,255,255,255,255,255,255,255,255,255,255,255,255,65000000,-1,-1,-1,-1,-1,-1,-1,-1,-1,-1,-1,-1,-1,[0|0|0|0|0|0|0|0|0|0|0|0]
61010,[Wylder] Level 11,0,3750000,41000000,30750000,-1,33000000,-1,5000000,5000100,5000200,5000300,50000000,52000000,51000000,53000000,-1,-1,-1,-1,60000000,60010000,-1,-1,-1,-1,-1,-1,-1,-1,-1,-1,-1,51,300,1400,52,1290,-1,-1,-1,-1,-1,10,1,0,1,0,1,0,1,0,11,13,10,12,16,12,9,7,10,0,3,3,2,2,1,0,0,0,0,0,255,255,255,255,255,255,255,0,0,1,0,255,255,255,255,0,0,0,0,0,0,1,0,-1,-1,-1,-1,-1,-1,0,0,0,0,0,0,5,1,0,4,5,0,0,0,0,0,0,0,0,0,1,0,0,0,0,255,255,255,255,255,255,255,255,255,255,255,255,65000000,-1,-1,-1,-1,-1,-1,-1,-1,-1,-1,-1,-1,-1,[0|0|0|0|0|0|0|0|0|0|0|0]
61011,[Wylder] Level 12,0,3750000,41000000,30750000,-1,33000000,-1,5000000,5000100,5000200,5000300,50000000,52000000,51000000,53000000,-1,-1,-1,-1,60000000,60010000,-1,-1,-1,-1,-1,-1,-1,-1,-1,-1,-1,51,300,1400,52,1290,-1,-1,-1,-1,-1,10,1,0,1,0,1,0,1,0,12,13,10,12,16,12,9,7,10,0,3,3,2,2,1,0,0,0,0,0,255,255,255,255,255,255,255,0,0,1,0,255,255,255,255,0,0,0,0,0,0,1,0,-1,-1,-1,-1,-1,-1,0,0,0,0,0,0,5,1,0,4,5,0,0,0,0,0,0,0,0,0,1,0,0,0,0,255,255,255,255,255,255,255,255,255,255,255,255,65000000,-1,-1,-1,-1,-1,-1,-1,-1,-1,-1,-1,-1,-1,[0|0|0|0|0|0|0|0|0|0|0|0]
61012,[Wylder] Level 13,0,3750000,41000000,30750000,-1,33000000,-1,5000000,5000100,5000200,5000300,50000000,52000000,51000000,53000000,-1,-1,-1,-1,60000000,60010000,-1,-1,-1,-1,-1,-1,-1,-1,-1,-1,-1,51,300,1400,52,1290,-1,-1,-1,-1,-1,10,1,0,1,0,1,0,1,0,13,13,10,12,16,12,9,7,10,0,3,3,2,2,1,0,0,0,0,0,255,255,255,255,255,255,255,0,0,1,0,255,255,255,255,0,0,0,0,0,0,1,0,-1,-1,-1,-1,-1,-1,0,0,0,0,0,0,5,1,0,4,5,0,0,0,0,0,0,0,0,0,1,0,0,0,0,255,255,255,255,255,255,255,255,255,255,255,255,65000000,-1,-1,-1,-1,-1,-1,-1,-1,-1,-1,-1,-1,-1,[0|0|0|0|0|0|0|0|0|0|0|0]
61013,[Wylder] Level 14,0,3750000,41000000,30750000,-1,33000000,-1,5000000,5000100,5000200,5000300,50000000,52000000,51000000,53000000,-1,-1,-1,-1,60000000,60010000,-1,-1,-1,-1,-1,-1,-1,-1,-1,-1,-1,51,300,1400,52,1290,-1,-1,-1,-1,-1,10,1,0,1,0,1,0,1,0,14,13,10,12,16,12,9,7,10,0,3,3,2,2,1,0,0,0,0,0,255,255,255,255,255,255,255,0,0,1,0,255,255,255,255,0,0,0,0,0,0,1,0,-1,-1,-1,-1,-1,-1,0,0,0,0,0,0,5,1,0,4,5,0,0,0,0,0,0,0,0,0,1,0,0,0,0,255,255,255,255,255,255,255,255,255,255,255,255,65000000,-1,-1,-1,-1,-1,-1,-1,-1,-1,-1,-1,-1,-1,[0|0|0|0|0|0|0|0|0|0|0|0]
61014,[Wylder] Level 15,0,3750000,41000000,30750000,-1,33000000,-1,5000000,5000100,5000200,5000300,50000000,52000000,51000000,53000000,-1,-1,-1,-1,60000000,60010000,-1,-1,-1,-1,-1,-1,-1,-1,-1,-1,-1,51,300,1400,52,1290,-1,-1,-1,-1,-1,10,1,0,1,0,1,0,1,0,15,13,10,12,16,12,9,7,10,0,3,3,2,2,1,0,0,0,0,0,255,255,255,255,255,255,255,0,0,1,0,255,255,255,255,0,0,0,0,0,0,1,0,-1,-1,-1,-1,-1,-1,0,0,0,0,0,0,5,1,0,4,5,0,0,0,0,0,0,0,0,0,1,0,0,0,0,255,255,255,255,255,255,255,255,255,255,255,255,65000000,-1,-1,-1,-1,-1,-1,-1,-1,-1,-1,-1,-1,-1,[0|0|0|0|0|0|0|0|0|0|0|0]
61100,[Guardian] Level 1,0,18750000,41000000,32750000,-1,33000000,-1,5001000,5001100,5001200,5001300,50000000,52000000,51000000,53000000,-1,-1,-1,-1,60100000,60120000,-1,-1,-1,-1,-1,-1,-1,-1,-1,-1,-1,51,300,1400,52,1290,-1,-1,-1,-1,-1,11,1,0,1,0,1,0,1,0,1,15,9,15,12,12,7,10,8,0,3,3,2,2,1,0,0,0,0,0,255,255,255,255,255,255,255,0,0,1,0,255,255,255,255,0,0,0,0,0,0,2,5,-1,-1,-1,-1,-1,-1,0,0,0,0,0,0,5,1,0,4,5,0,0,0,0,0,0,0,0,0,1.15,0,0,0,0,255,255,255,255,255,255,255,255,255,255,255,255,65000000,-1,-1,-1,-1,-1,-1,-1,-1,-1,-1,-1,-1,-1,[0|0|0|0|0|0|0|0|0|0|0|0]
61101,[Guardian] Level 2,0,18750000,41000000,32750000,-1,33000000,-1,5001000,5001100,5001200,5001300,50000000,52000000,51000000,53000000,-1,-1,-1,-1,60100000,60120000,-1,-1,-1,-1,-1,-1,-1,-1,-1,-1,-1,51,300,1400,52,1290,-1,-1,-1,-1,-1,11,1,0,1,0,1,0,1,0,2,15,9,15,12,12,7,10,8,0,3,3,2,2,1,0,0,0,0,0,255,255,255,255,255,255,255,0,0,1,0,255,255,255,255,0,0,0,0,0,0,2,5,-1,-1,-1,-1,-1,-1,0,0,0,0,0,0,5,1,0,4,5,0,0,0,0,0,0,0,0,0,1.15,0,0,0,0,255,255,255,255,255,255,255,255,255,255,255,255,65000000,-1,-1,-1,-1,-1,-1,-1,-1,-1,-1,-1,-1,-1,[0|0|0|0|0|0|0|0|0|0|0|0]
61102,[Guardian] Level 3,0,18750000,41000000,32750000,-1,33000000,-1,5001000,5001100,5001200,5001300,50000000,52000000,51000000,53000000,-1,-1,-1,-1,60100000,60120000,-1,-1,-1,-1,-1,-1,-1,-1,-1,-1,-1,51,300,1400,52,1290,-1,-1,-1,-1,-1,11,1,0,1,0,1,0,1,0,3,15,9,15,12,12,7,10,8,0,3,3,2,2,1,0,0,0,0,0,255,255,255,255,255,255,255,0,0,1,0,255,255,255,255,0,0,0,0,0,0,2,5,-1,-1,-1,-1,-1,-1,0,0,0,0,0,0,5,1,0,4,5,0,0,0,0,0,0,0,0,0,1.15,0,0,0,0,255,255,255,255,255,255,255,255,255,255,255,255,65000000,-1,-1,-1,-1,-1,-1,-1,-1,-1,-1,-1,-1,-1,[0|0|0|0|0|0|0|0|0|0|0|0]
61103,[Guardian] Level 4,0,18750000,41000000,32750000,-1,33000000,-1,5001000,5001100,5001200,5001300,50000000,52000000,51000000,53000000,-1,-1,-1,-1,60100000,60120000,-1,-1,-1,-1,-1,-1,-1,-1,-1,-1,-1,51,300,1400,52,1290,-1,-1,-1,-1,-1,11,1,0,1,0,1,0,1,0,4,15,9,15,12,12,7,10,8,0,3,3,2,2,1,0,0,0,0,0,255,255,255,255,255,255,255,0,0,1,0,255,255,255,255,0,0,0,0,0,0,2,5,-1,-1,-1,-1,-1,-1,0,0,0,0,0,0,5,1,0,4,5,0,0,0,0,0,0,0,0,0,1.15,0,0,0,0,255,255,255,255,255,255,255,255,255,255,255,255,65000000,-1,-1,-1,-1,-1,-1,-1,-1,-1,-1,-1,-1,-1,[0|0|0|0|0|0|0|0|0|0|0|0]
61104,[Guardian] Level 5,0,18750000,41000000,32750000,-1,33000000,-1,5001000,5001100,5001200,5001300,50000000,52000000,51000000,53000000,-1,-1,-1,-1,60100000,60120000,-1,-1,-1,-1,-1,-1,-1,-1,-1,-1,-1,51,300,1400,52,1290,-1,-1,-1,-1,-1,11,1,0,1,0,1,0,1,0,5,15,9,15,12,12,7,10,8,0,3,3,2,2,1,0,0,0,0,0,255,255,255,255,255,255,255,0,0,1,0,255,255,255,255,0,0,0,0,0,0,2,5,-1,-1,-1,-1,-1,-1,0,0,0,0,0,0,5,1,0,4,5,0,0,0,0,0,0,0,0,0,1.15,0,0,0,0,255,255,255,255,255,255,255,255,255,255,255,255,65000000,-1,-1,-1,-1,-1,-1,-1,-1,-1,-1,-1,-1,-1,[0|0|0|0|0|0|0|0|0|0|0|0]
61105,[Guardian] Level 6,0,18750000,41000000,32750000,-1,33000000,-1,5001000,5001100,5001200,5001300,50000000,52000000,51000000,53000000,-1,-1,-1,-1,60100000,60120000,-1,-1,-1,-1,-1,-1,-1,-1,-1,-1,-1,51,300,1400,52,1290,-1,-1,-1,-1,-1,11,1,0,1,0,1,0,1,0,6,15,9,15,12,12,7,10,8,0,3,3,2,2,1,0,0,0,0,0,255,255,255,255,255,255,255,0,0,1,0,255,255,255,255,0,0,0,0,0,0,2,5,-1,-1,-1,-1,-1,-1,0,0,0,0,0,0,5,1,0,4,5,0,0,0,0,0,0,0,0,0,1.15,0,0,0,0,255,255,255,255,255,255,255,255,255,255,255,255,65000000,-1,-1,-1,-1,-1,-1,-1,-1,-1,-1,-1,-1,-1,[0|0|0|0|0|0|0|0|0|0|0|0]
61106,[Guardian] Level 7,0,18750000,41000000,32750000,-1,33000000,-1,5001000,5001100,5001200,5001300,50000000,52000000,51000000,53000000,-1,-1,-1,-1,60100000,60120000,-1,-1,-1,-1,-1,-1,-1,-1,-1,-1,-1,51,300,1400,52,1290,-1,-1,-1,-1,-1,11,1,0,1,0,1,0,1,0,7,15,9,15,12,12,7,10,8,0,3,3,2,2,1,0,0,0,0,0,255,255,255,255,255,255,255,0,0,1,0,255,255,255,255,0,0,0,0,0,0,2,5,-1,-1,-1,-1,-1,-1,0,0,0,0,0,0,5,1,0,4,5,0,0,0,0,0,0,0,0,0,1.15,0,0,0,0,255,255,255,255,255,255,255,255,255,255,255,255,65000000,-1,-1,-1,-1,-1,-1,-1,-1,-1,-1,-1,-1,-1,[0|0|0|0|0|0|0|0|0|0|0|0]
61107,[Guardian] Level 8,0,18750000,41000000,32750000,-1,33000000,-1,5001000,5001100,5001200,5001300,50000000,52000000,51000000,53000000,-1,-1,-1,-1,60100000,60120000,-1,-1,-1,-1,-1,-1,-1,-1,-1,-1,-1,51,300,1400,52,1290,-1,-1,-1,-1,-1,11,1,0,1,0,1,0,1,0,8,15,9,15,12,12,7,10,8,0,3,3,2,2,1,0,0,0,0,0,255,255,255,255,255,255,255,0,0,1,0,255,255,255,255,0,0,0,0,0,0,2,5,-1,-1,-1,-1,-1,-1,0,0,0,0,0,0,5,1,0,4,5,0,0,0,0,0,0,0,0,0,1.15,0,0,0,0,255,255,255,255,255,255,255,255,255,255,255,255,65000000,-1,-1,-1,-1,-1,-1,-1,-1,-1,-1,-1,-1,-1,[0|0|0|0|0|0|0|0|0|0|0|0]
61108,[Guardian] Level 9,0,18750000,41000000,32750000,-1,33000000,-1,5001000,5001100,5001200,5001300,50000000,52000000,51000000,53000000,-1,-1,-1,-1,60100000,60120000,-1,-1,-1,-1,-1,-1,-1,-1,-1,-1,-1,51,300,1400,52,1290,-1,-1,-1,-1,-1,11,1,0,1,0,1,0,1,0,9,15,9,15,12,12,7,10,8,0,3,3,2,2,1,0,0,0,0,0,255,255,255,255,255,255,255,0,0,1,0,255,255,255,255,0,0,0,0,0,0,2,5,-1,-1,-1,-1,-1,-1,0,0,0,0,0,0,5,1,0,4,5,0,0,0,0,0,0,0,0,0,1.15,0,0,0,0,255,255,255,255,255,255,255,255,255,255,255,255,65000000,-1,-1,-1,-1,-1,-1,-1,-1,-1,-1,-1,-1,-1,[0|0|0|0|0|0|0|0|0|0|0|0]
61109,[Guardian] Level 10,0,18750000,41000000,32750000,-1,33000000,-1,5001000,5001100,5001200,5001300,50000000,52000000,51000000,53000000,-1,-1,-1,-1,60100000,60120000,-1,-1,-1,-1,-1,-1,-1,-1,-1,-1,-1,51,300,1400,52,1290,-1,-1,-1,-1,-1,11,1,0,1,0,1,0,1,0,10,15,9,15,12,12,7,10,8,0,3,3,2,2,1,0,0,0,0,0,255,255,255,255,255,255,255,0,0,1,0,255,255,255,255,0,0,0,0,0,0,2,5,-1,-1,-1,-1,-1,-1,0,0,0,0,0,0,5,1,0,4,5,0,0,0,0,0,0,0,0,0,1.15,0,0,0,0,255,255,255,255,255,255,255,255,255,255,255,255,65000000,-1,-1,-1,-1,-1,-1,-1,-1,-1,-1,-1,-1,-1,[0|0|0|0|0|0|0|0|0|0|0|0]
61110,[Guardian] Level 11,0,18750000,41000000,32750000,-1,33000000,-1,5001000,5001100,5001200,5001300,50000000,52000000,51000000,53000000,-1,-1,-1,-1,60100000,60120000,-1,-1,-1,-1,-1,-1,-1,-1,-1,-1,-1,51,300,1400,52,1290,-1,-1,-1,-1,-1,11,1,0,1,0,1,0,1,0,11,15,9,15,12,12,7,10,8,0,3,3,2,2,1,0,0,0,0,0,255,255,255,255,255,255,255,0,0,1,0,255,255,255,255,0,0,0,0,0,0,2,5,-1,-1,-1,-1,-1,-1,0,0,0,0,0,0,5,1,0,4,5,0,0,0,0,0,0,0,0,0,1.15,0,0,0,0,255,255,255,255,255,255,255,255,255,255,255,255,65000000,-1,-1,-1,-1,-1,-1,-1,-1,-1,-1,-1,-1,-1,[0|0|0|0|0|0|0|0|0|0|0|0]
61111,[Guardian] Level 12,0,18750000,41000000,32750000,-1,33000000,-1,5001000,5001100,5001200,5001300,50000000,52000000,51000000,53000000,-1,-1,-1,-1,60100000,60120000,-1,-1,-1,-1,-1,-1,-1,-1,-1,-1,-1,51,300,1400,52,1290,-1,-1,-1,-1,-1,11,1,0,1,0,1,0,1,0,12,15,9,15,12,12,7,10,8,0,3,3,2,2,1,0,0,0,0,0,255,255,255,255,255,255,255,0,0,1,0,255,255,255,255,0,0,0,0,0,0,2,5,-1,-1,-1,-1,-1,-1,0,0,0,0,0,0,5,1,0,4,5,0,0,0,0,0,0,0,0,0,1.15,0,0,0,0,255,255,255,255,255,255,255,255,255,255,255,255,65000000,-1,-1,-1,-1,-1,-1,-1,-1,-1,-1,-1,-1,-1,[0|0|0|0|0|0|0|0|0|0|0|0]
61112,[Guardian] Level 13,0,18750000,41000000,32750000,-1,33000000,-1,5001000,5001100,5001200,5001300,50000000,52000000,51000000,53000000,-1,-1,-1,-1,60100000,60120000,-1,-1,-1,-1,-1,-1,-1,-1,-1,-1,-1,51,300,1400,52,1290,-1,-1,-1,-1,-1,11,1,0,1,0,1,0,1,0,13,15,9,15,12,12,7,10,8,0,3,3,2,2,1,0,0,0,0,0,255,255,255,255,255,255,255,0,0,1,0,255,255,255,255,0,0,0,0,0,0,2,5,-1,-1,-1,-1,-1,-1,0,0,0,0,0,0,5,1,0,4,5,0,0,0,0,0,0,0,0,0,1.15,0,0,0,0,255,255,255,255,255,255,255,255,255,255,255,255,65000000,-1,-1,-1,-1,-1,-1,-1,-1,-1,-1,-1,-1,-1,[0|0|0|0|0|0|0|0|0|0|0|0]
61113,[Guardian] Level 14,0,18750000,41000000,32750000,-1,33000000,-1,5001000,5001100,5001200,5001300,50000000,52000000,51000000,53000000,-1,-1,-1,-1,60100000,60120000,-1,-1,-1,-1,-1,-1,-1,-1,-1,-1,-1,51,300,1400,52,1290,-1,-1,-1,-1,-1,11,1,0,1,0,1,0,1,0,14,15,9,15,12,12,7,10,8,0,3,3,2,2,1,0,0,0,0,0,255,255,255,255,255,255,255,0,0,1,0,255,255,255,255,0,0,0,0,0,0,2,5,-1,-1,-1,-1,-1,-1,0,0,0,0,0,0,5,1,0,4,5,0,0,0,0,0,0,0,0,0,1.15,0,0,0,0,255,255,255,255,255,255,255,255,255,255,255,255,65000000,-1,-1,-1,-1,-1,-1,-1,-1,-1,-1,-1,-1,-1,[0|0|0|0|0|0|0|0|0|0|0|0]
61114,[Guardian] Level 15,0,18750000,41000000,32750000,-1,33000000,-1,5001000,5001100,5001200,5001300,50000000,52000000,51000000,53000000,-1,-1,-1,-1,60100000,60120000,-1,-1,-1,-1,-1,-1,-1,-1,-1,-1,-1,51,300,1400,52,1290,-1,-1,-1,-1,-1,11,1,0,1,0,1,0,1,0,15,15,9,15,12,12,7,10,8,0,3,3,2,2,1,0,0,0,0,0,255,255,255,255,255,255,255,0,0,1,0,255,255,255,255,0,0,0,0,0,0,2,5,-1,-1,-1,-1,-1,-1,0,0,0,0,0,0,5,1,0,4,5,0,0,0,0,0,0,0,0,0,1.15,0,0,0,0,255,255,255,255,255,255,255,255,255,255,255,255,65000000,-1,-1,-1,-1,-1,-1,-1,-1,-1,-1,-1,-1,-1,[0|0|0|0|0|0|0|0|0|0|0|0]
61200,[Ironeye] Level 1,0,41750000,41000000,-1,-1,33000000,-1,5002000,5002100,5002200,5002300,50030000,52000000,51000000,53000000,-1,-1,-1,-1,60230000,60210000,60220000,-1,-1,-1,-1,-1,-1,-1,-1,-1,-1,51,300,1400,52,1290,-1,-1,-1,-1,-1,10,1,0,1,0,1,0,1,0,1,10,9,14,12,18,9,8,8,0,3,3,2,2,1,0,0,0,0,0,255,255,255,255,255,255,255,0,0,1,0,255,255,255,255,0,0,0,0,0,0,3,2,-1,-1,-1,-1,-1,-1,0,0,0,0,0,0,5,1,0,4,5,0,0,0,0,0,0,0,0,0,1,0,0,0,0,255,255,255,255,255,255,255,255,255,255,255,255,65000000,-1,-1,-1,-1,-1,-1,-1,-1,-1,-1,-1,-1,-1,[0|0|0|0|0|0|0|0|0|0|0|0]
61201,[Ironeye] Level 2,0,41750000,41000000,-1,-1,33000000,-1,5002000,5002100,5002200,5002300,50030000,52000000,51000000,53000000,-1,-1,-1,-1,60230000,60210000,60220000,-1,-1,-1,-1,-1,-1,-1,-1,-1,-1,51,300,1400,52,1290,-1,-1,-1,-1,-1,10,1,0,1,0,1,0,1,0,2,10,9,14,12,18,9,8,8,0,3,3,2,2,1,0,0,0,0,0,255,255,255,255,255,255,255,0,0,1,0,255,255,255,255,0,0,0,0,0,0,3,2,-1,-1,-1,-1,-1,-1,0,0,0,0,0,0,5,1,0,4,5,0,0,0,0,0,0,0,0,0,1,0,0,0,0,255,255,255,255,255,255,255,255,255,255,255,255,65000000,-1,-1,-1,-1,-1,-1,-1,-1,-1,-1,-1,-1,-1,[0|0|0|0|0|0|0|0|0|0|0|0]
61202,[Ironeye] Level 3,0,41750000,41000000,-1,-1,33000000,-1,5002000,5002100,5002200,5002300,50030000,52000000,51000000,53000000,-1,-1,-1,-1,60230000,60210000,60220000,-1,-1,-1,-1,-1,-1,-1,-1,-1,-1,51,300,1400,52,1290,-1,-1,-1,-1,-1,10,1,0,1,0,1,0,1,0,3,10,9,14,12,18,9,8,8,0,3,3,2,2,1,0,0,0,0,0,255,255,255,255,255,255,255,0,0,1,0,255,255,255,255,0,0,0,0,0,0,3,2,-1,-1,-1,-1,-1,-1,0,0,0,0,0,0,5,1,0,4,5,0,0,0,0,0,0,0,0,0,1,0,0,0,0,255,255,255,255,255,255,255,255,255,255,255,255,65000000,-1,-1,-1,-1,-1,-1,-1,-1,-1,-1,-1,-1,-1,[0|0|0|0|0|0|0|0|0|0|0|0]
61203,[Ironeye] Level 4,0,41750000,41000000,-1,-1,33000000,-1,5002000,5002100,5002200,5002300,50030000,52000000,51000000,53000000,-1,-1,-1,-1,60230000,60210000,60220000,-1,-1,-1,-1,-1,-1,-1,-1,-1,-1,51,300,1400,52,1290,-1,-1,-1,-1,-1,10,1,0,1,0,1,0,1,0,4,10,9,14,12,18,9,8,8,0,3,3,2,2,1,0,0,0,0,0,255,255,255,255,255,255,255,0,0,1,0,255,255,255,255,0,0,0,0,0,0,3,2,-1,-1,-1,-1,-1,-1,0,0,0,0,0,0,5,1,0,4,5,0,0,0,0,0,0,0,0,0,1,0,0,0,0,255,255,255,255,255,255,255,255,255,255,255,255,65000000,-1,-1,-1,-1,-1,-1,-1,-1,-1,-1,-1,-1,-1,[0|0|0|0|0|0|0|0|0|0|0|0]
61204,[Ironeye] Level 5,0,41750000,41000000,-1,-1,33000000,-1,5002000,5002100,5002200,5002300,50030000,52000000,51000000,53000000,-1,-1,-1,-1,60230000,60210000,60220000,-1,-1,-1,-1,-1,-1,-1,-1,-1,-1,51,300,1400,52,1290,-1,-1,-1,-1,-1,10,1,0,1,0,1,0,1,0,5,10,9,14,12,18,9,8,8,0,3,3,2,2,1,0,0,0,0,0,255,255,255,255,255,255,255,0,0,1,0,255,255,255,255,0,0,0,0,0,0,3,2,-1,-1,-1,-1,-1,-1,0,0,0,0,0,0,5,1,0,4,5,0,0,0,0,0,0,0,0,0,1,0,0,0,0,255,255,255,255,255,255,255,255,255,255,255,255,65000000,-1,-1,-1,-1,-1,-1,-1,-1,-1,-1,-1,-1,-1,[0|0|0|0|0|0|0|0|0|0|0|0]
61205,[Ironeye] Level 6,0,41750000,41000000,-1,-1,33000000,-1,5002000,5002100,5002200,5002300,50030000,52000000,51000000,53000000,-1,-1,-1,-1,60230000,60210000,60220000,-1,-1,-1,-1,-1,-1,-1,-1,-1,-1,51,300,1400,52,1290,-1,-1,-1,-1,-1,10,1,0,1,0,1,0,1,0,6,10,9,14,12,18,9,8,8,0,3,3,2,2,1,0,0,0,0,0,255,255,255,255,255,255,255,0,0,1,0,255,255,255,255,0,0,0,0,0,0,3,2,-1,-1,-1,-1,-1,-1,0,0,0,0,0,0,5,1,0,4,5,0,0,0,0,0,0,0,0,0,1,0,0,0,0,255,255,255,255,255,255,255,255,255,255,255,255,65000000,-1,-1,-1,-1,-1,-1,-1,-1,-1,-1,-1,-1,-1,[0|0|0|0|0|0|0|0|0|0|0|0]
61206,[Ironeye] Level 7,0,41750000,41000000,-1,-1,33000000,-1,5002000,5002100,5002200,5002300,50030000,52000000,51000000,53000000,-1,-1,-1,-1,60230000,60210000,60220000,-1,-1,-1,-1,-1,-1,-1,-1,-1,-1,51,300,1400,52,1290,-1,-1,-1,-1,-1,10,1,0,1,0,1,0,1,0,7,10,9,14,12,18,9,8,8,0,3,3,2,2,1,0,0,0,0,0,255,255,255,255,255,255,255,0,0,1,0,255,255,255,255,0,0,0,0,0,0,3,2,-1,-1,-1,-1,-1,-1,0,0,0,0,0,0,5,1,0,4,5,0,0,0,0,0,0,0,0,0,1,0,0,0,0,255,255,255,255,255,255,255,255,255,255,255,255,65000000,-1,-1,-1,-1,-1,-1,-1,-1,-1,-1,-1,-1,-1,[0|0|0|0|0|0|0|0|0|0|0|0]
61207,[Ironeye] Level 8,0,41750000,41000000,-1,-1,33000000,-1,5002000,5002100,5002200,5002300,50030000,52000000,51000000,53000000,-1,-1,-1,-1,60230000,60210000,60220000,-1,-1,-1,-1,-1,-1,-1,-1,-1,-1,51,300,1400,52,1290,-1,-1,-1,-1,-1,10,1,0,1,0,1,0,1,0,8,10,9,14,12,18,9,8,8,0,3,3,2,2,1,0,0,0,0,0,255,255,255,255,255,255,255,0,0,1,0,255,255,255,255,0,0,0,0,0,0,3,2,-1,-1,-1,-1,-1,-1,0,0,0,0,0,0,5,1,0,4,5,0,0,0,0,0,0,0,0,0,1,0,0,0,0,255,255,255,255,255,255,255,255,255,255,255,255,65000000,-1,-1,-1,-1,-1,-1,-1,-1,-1,-1,-1,-1,-1,[0|0|0|0|0|0|0|0|0|0|0|0]
61208,[Ironeye] Level 9,0,41750000,41000000,-1,-1,33000000,-1,5002000,5002100,5002200,5002300,50030000,52000000,51000000,53000000,-1,-1,-1,-1,60230000,60210000,60220000,-1,-1,-1,-1,-1,-1,-1,-1,-1,-1,51,300,1400,52,1290,-1,-1,-1,-1,-1,10,1,0,1,0,1,0,1,0,9,10,9,14,12,18,9,8,8,0,3,3,2,2,1,0,0,0,0,0,255,255,255,255,255,255,255,0,0,1,0,255,255,255,255,0,0,0,0,0,0,3,2,-1,-1,-1,-1,-1,-1,0,0,0,0,0,0,5,1,0,4,5,0,0,0,0,0,0,0,0,0,1,0,0,0,0,255,255,255,255,255,255,255,255,255,255,255,255,65000000,-1,-1,-1,-1,-1,-1,-1,-1,-1,-1,-1,-1,-1,[0|0|0|0|0|0|0|0|0|0|0|0]
61209,[Ironeye] Level 10,0,41750000,41000000,-1,-1,33000000,-1,5002000,5002100,5002200,5002300,50030000,52000000,51000000,53000000,-1,-1,-1,-1,60230000,60210000,60220000,-1,-1,-1,-1,-1,-1,-1,-1,-1,-1,51,300,1400,52,1290,-1,-1,-1,-1,-1,10,1,0,1,0,1,0,1,0,10,10,9,14,12,18,9,8,8,0,3,3,2,2,1,0,0,0,0,0,255,255,255,255,255,255,255,0,0,1,0,255,255,255,255,0,0,0,0,0,0,3,2,-1,-1,-1,-1,-1,-1,0,0,0,0,0,0,5,1,0,4,5,0,0,0,0,0,0,0,0,0,1,0,0,0,0,255,255,255,255,255,255,255,255,255,255,255,255,65000000,-1,-1,-1,-1,-1,-1,-1,-1,-1,-1,-1,-1,-1,[0|0|0|0|0|0|0|0|0|0|0|0]
61210,[Ironeye] Level 11,0,41750000,41000000,-1,-1,33000000,-1,5002000,5002100,5002200,5002300,50030000,52000000,51000000,53000000,-1,-1,-1,-1,60230000,60210000,60220000,-1,-1,-1,-1,-1,-1,-1,-1,-1,-1,51,300,1400,52,1290,-1,-1,-1,-1,-1,10,1,0,1,0,1,0,1,0,11,10,9,14,12,18,9,8,8,0,3,3,2,2,1,0,0,0,0,0,255,255,255,255,255,255,255,0,0,1,0,255,255,255,255,0,0,0,0,0,0,3,2,-1,-1,-1,-1,-1,-1,0,0,0,0,0,0,5,1,0,4,5,0,0,0,0,0,0,0,0,0,1,0,0,0,0,255,255,255,255,255,255,255,255,255,255,255,255,65000000,-1,-1,-1,-1,-1,-1,-1,-1,-1,-1,-1,-1,-1,[0|0|0|0|0|0|0|0|0|0|0|0]
61211,[Ironeye] Level 12,0,41750000,41000000,-1,-1,33000000,-1,5002000,5002100,5002200,5002300,50030000,52000000,51000000,53000000,-1,-1,-1,-1,60230000,60210000,60220000,-1,-1,-1,-1,-1,-1,-1,-1,-1,-1,51,300,1400,52,1290,-1,-1,-1,-1,-1,10,1,0,1,0,1,0,1,0,12,10,9,14,12,18,9,8,8,0,3,3,2,2,1,0,0,0,0,0,255,255,255,255,255,255,255,0,0,1,0,255,255,255,255,0,0,0,0,0,0,3,2,-1,-1,-1,-1,-1,-1,0,0,0,0,0,0,5,1,0,4,5,0,0,0,0,0,0,0,0,0,1,0,0,0,0,255,255,255,255,255,255,255,255,255,255,255,255,65000000,-1,-1,-1,-1,-1,-1,-1,-1,-1,-1,-1,-1,-1,[0|0|0|0|0|0|0|0|0|0|0|0]
61212,[Ironeye] Level 13,0,41750000,41000000,-1,-1,33000000,-1,5002000,5002100,5002200,5002300,50030000,52000000,51000000,53000000,-1,-1,-1,-1,60230000,60210000,60220000,-1,-1,-1,-1,-1,-1,-1,-1,-1,-1,51,300,1400,52,1290,-1,-1,-1,-1,-1,10,1,0,1,0,1,0,1,0,13,10,9,14,12,18,9,8,8,0,3,3,2,2,1,0,0,0,0,0,255,255,255,255,255,255,255,0,0,1,0,255,255,255,255,0,0,0,0,0,0,3,2,-1,-1,-1,-1,-1,-1,0,0,0,0,0,0,5,1,0,4,5,0,0,0,0,0,0,0,0,0,1,0,0,0,0,255,255,255,255,255,255,255,255,255,255,255,255,65000000,-1,-1,-1,-1,-1,-1,-1,-1,-1,-1,-1,-1,-1,[0|0|0|0|0|0|0|0|0|0|0|0]
61213,[Ironeye] Level 14,0,41750000,41000000,-1,-1,33000000,-1,5002000,5002100,5002200,5002300,50030000,52000000,51000000,53000000,-1,-1,-1,-1,60230000,60210000,60220000,-1,-1,-1,-1,-1,-1,-1,-1,-1,-1,51,300,1400,52,1290,-1,-1,-1,-1,-1,10,1,0,1,0,1,0,1,0,14,10,9,14,12,18,9,8,8,0,3,3,2,2,1,0,0,0,0,0,255,255,255,255,255,255,255,0,0,1,0,255,255,255,255,0,0,0,0,0,0,3,2,-1,-1,-1,-1,-1,-1,0,0,0,0,0,0,5,1,0,4,5,0,0,0,0,0,0,0,0,0,1,0,0,0,0,255,255,255,255,255,255,255,255,255,255,255,255,65000000,-1,-1,-1,-1,-1,-1,-1,-1,-1,-1,-1,-1,-1,[0|0|0|0|0|0|0|0|0|0|0|0]
61214,[Ironeye] Level 15,0,41750000,41000000,-1,-1,33000000,-1,5002000,5002100,5002200,5002300,50030000,52000000,51000000,53000000,-1,-1,-1,-1,60230000,60210000,60220000,-1,-1,-1,-1,-1,-1,-1,-1,-1,-1,51,300,1400,52,1290,-1,-1,-1,-1,-1,10,1,0,1,0,1,0,1,0,15,10,9,14,12,18,9,8,8,0,3,3,2,2,1,0,0,0,0,0,255,255,255,255,255,255,255,0,0,1,0,255,255,255,255,0,0,0,0,0,0,3,2,-1,-1,-1,-1,-1,-1,0,0,0,0,0,0,5,1,0,4,5,0,0,0,0,0,0,0,0,0,1,0,0,0,0,255,255,255,255,255,255,255,255,255,255,255,255,65000000,-1,-1,-1,-1,-1,-1,-1,-1,-1,-1,-1,-1,-1,[0|0|0|0|0|0|0|0|0|0|0|0]
61300,[Duchess] Level 1,0,1750000,41000000,-1,-1,33000000,-1,5003000,5003100,5003200,5003300,50000000,52000000,51000000,53000000,-1,-1,-1,-1,60300000,60310000,-1,-1,-1,-1,-1,-1,-1,-1,-1,-1,-1,51,300,1400,52,1290,-1,-1,-1,-1,-1,10,1,0,1,0,1,0,1,0,1,13,10,12,16,12,9,7,10,0,3,3,2,2,1,0,0,0,0,0,255,255,255,255,255,255,255,0,0,0,0,255,255,255,255,0,0,0,0,0,0,4,0,-1,-1,-1,-1,-1,-1,0,0,0,0,0,0,5,1,0,4,5,0,0,0,0,0,0,0,0,0,0.96,0,0,0,0,255,255,255,255,255,255,255,255,255,255,255,255,65000000,-1,-1,-1,-1,-1,-1,-1,-1,-1,-1,-1,-1,-1,[0|0|0|0|0|0|0|0|0|0|0|0]
61301,[Duchess] Level 2,0,1750000,41000000,-1,-1,33000000,-1,5003000,5003100,5003200,5003300,50000000,52000000,51000000,53000000,-1,-1,-1,-1,60300000,60310000,-1,-1,-1,-1,-1,-1,-1,-1,-1,-1,-1,51,300,1400,52,1290,-1,-1,-1,-1,-1,10,1,0,1,0,1,0,1,0,2,13,10,12,16,12,9,7,10,0,3,3,2,2,1,0,0,0,0,0,255,255,255,255,255,255,255,0,0,0,0,255,255,255,255,0,0,0,0,0,0,4,0,-1,-1,-1,-1,-1,-1,0,0,0,0,0,0,5,1,0,4,5,0,0,0,0,0,0,0,0,0,0.96,0,0,0,0,255,255,255,255,255,255,255,255,255,255,255,255,65000000,-1,-1,-1,-1,-1,-1,-1,-1,-1,-1,-1,-1,-1,[0|0|0|0|0|0|0|0|0|0|0|0]
61302,[Duchess] Level 3,0,1750000,41000000,-1,-1,33000000,-1,5003000,5003100,5003200,5003300,50000000,52000000,51000000,53000000,-1,-1,-1,-1,60300000,60310000,-1,-1,-1,-1,-1,-1,-1,-1,-1,-1,-1,51,300,1400,52,1290,-1,-1,-1,-1,-1,10,1,0,1,0,1,0,1,0,3,13,10,12,16,12,9,7,10,0,3,3,2,2,1,0,0,0,0,0,255,255,255,255,255,255,255,0,0,0,0,255,255,255,255,0,0,0,0,0,0,4,0,-1,-1,-1,-1,-1,-1,0,0,0,0,0,0,5,1,0,4,5,0,0,0,0,0,0,0,0,0,0.96,0,0,0,0,255,255,255,255,255,255,255,255,255,255,255,255,65000000,-1,-1,-1,-1,-1,-1,-1,-1,-1,-1,-1,-1,-1,[0|0|0|0|0|0|0|0|0|0|0|0]
61303,[Duchess] Level 4,0,1750000,41000000,-1,-1,33000000,-1,5003000,5003100,5003200,5003300,50000000,52000000,51000000,53000000,-1,-1,-1,-1,60300000,60310000,-1,-1,-1,-1,-1,-1,-1,-1,-1,-1,-1,51,300,1400,52,1290,-1,-1,-1,-1,-1,10,1,0,1,0,1,0,1,0,4,13,10,12,16,12,9,7,10,0,3,3,2,2,1,0,0,0,0,0,255,255,255,255,255,255,255,0,0,0,0,255,255,255,255,0,0,0,0,0,0,4,0,-1,-1,-1,-1,-1,-1,0,0,0,0,0,0,5,1,0,4,5,0,0,0,0,0,0,0,0,0,0.96,0,0,0,0,255,255,255,255,255,255,255,255,255,255,255,255,65000000,-1,-1,-1,-1,-1,-1,-1,-1,-1,-1,-1,-1,-1,[0|0|0|0|0|0|0|0|0|0|0|0]
61304,[Duchess] Level 5,0,1750000,41000000,-1,-1,33000000,-1,5003000,5003100,5003200,5003300,50000000,52000000,51000000,53000000,-1,-1,-1,-1,60300000,60310000,-1,-1,-1,-1,-1,-1,-1,-1,-1,-1,-1,51,300,1400,52,1290,-1,-1,-1,-1,-1,10,1,0,1,0,1,0,1,0,5,13,10,12,16,12,9,7,10,0,3,3,2,2,1,0,0,0,0,0,255,255,255,255,255,255,255,0,0,0,0,255,255,255,255,0,0,0,0,0,0,4,0,-1,-1,-1,-1,-1,-1,0,0,0,0,0,0,5,1,0,4,5,0,0,0,0,0,0,0,0,0,0.96,0,0,0,0,255,255,255,255,255,255,255,255,255,255,255,255,65000000,-1,-1,-1,-1,-1,-1,-1,-1,-1,-1,-1,-1,-1,[0|0|0|0|0|0|0|0|0|0|0|0]
61305,[Duchess] Level 6,0,1750000,41000000,-1,-1,33000000,-1,5003000,5003100,5003200,5003300,50000000,52000000,51000000,53000000,-1,-1,-1,-1,60300000,60310000,-1,-1,-1,-1,-1,-1,-1,-1,-1,-1,-1,51,300,1400,52,1290,-1,-1,-1,-1,-1,10,1,0,1,0,1,0,1,0,6,13,10,12,16,12,9,7,10,0,3,3,2,2,1,0,0,0,0,0,255,255,255,255,255,255,255,0,0,0,0,255,255,255,255,0,0,0,0,0,0,4,0,-1,-1,-1,-1,-1,-1,0,0,0,0,0,0,5,1,0,4,5,0,0,0,0,0,0,0,0,0,0.96,0,0,0,0,255,255,255,255,255,255,255,255,255,255,255,255,65000000,-1,-1,-1,-1,-1,-1,-1,-1,-1,-1,-1,-1,-1,[0|0|0|0|0|0|0|0|0|0|0|0]
61306,[Duchess] Level 7,0,1750000,41000000,-1,-1,33000000,-1,5003000,5003100,5003200,5003300,50000000,52000000,51000000,53000000,-1,-1,-1,-1,60300000,60310000,-1,-1,-1,-1,-1,-1,-1,-1,-1,-1,-1,51,300,1400,52,1290,-1,-1,-1,-1,-1,10,1,0,1,0,1,0,1,0,7,13,10,12,16,12,9,7,10,0,3,3,2,2,1,0,0,0,0,0,255,255,255,255,255,255,255,0,0,0,0,255,255,255,255,0,0,0,0,0,0,4,0,-1,-1,-1,-1,-1,-1,0,0,0,0,0,0,5,1,0,4,5,0,0,0,0,0,0,0,0,0,0.96,0,0,0,0,255,255,255,255,255,255,255,255,255,255,255,255,65000000,-1,-1,-1,-1,-1,-1,-1,-1,-1,-1,-1,-1,-1,[0|0|0|0|0|0|0|0|0|0|0|0]
61307,[Duchess] Level 8,0,1750000,41000000,-1,-1,33000000,-1,5003000,5003100,5003200,5003300,50000000,52000000,51000000,53000000,-1,-1,-1,-1,60300000,60310000,-1,-1,-1,-1,-1,-1,-1,-1,-1,-1,-1,51,300,1400,52,1290,-1,-1,-1,-1,-1,10,1,0,1,0,1,0,1,0,8,13,10,12,16,12,9,7,10,0,3,3,2,2,1,0,0,0,0,0,255,255,255,255,255,255,255,0,0,0,0,255,255,255,255,0,0,0,0,0,0,4,0,-1,-1,-1,-1,-1,-1,0,0,0,0,0,0,5,1,0,4,5,0,0,0,0,0,0,0,0,0,0.96,0,0,0,0,255,255,255,255,255,255,255,255,255,255,255,255,65000000,-1,-1,-1,-1,-1,-1,-1,-1,-1,-1,-1,-1,-1,[0|0|0|0|0|0|0|0|0|0|0|0]
61308,[Duchess] Level 9,0,1750000,41000000,-1,-1,33000000,-1,5003000,5003100,5003200,5003300,50000000,52000000,51000000,53000000,-1,-1,-1,-1,60300000,60310000,-1,-1,-1,-1,-1,-1,-1,-1,-1,-1,-1,51,300,1400,52,1290,-1,-1,-1,-1,-1,10,1,0,1,0,1,0,1,0,9,13,10,12,16,12,9,7,10,0,3,3,2,2,1,0,0,0,0,0,255,255,255,255,255,255,255,0,0,0,0,255,255,255,255,0,0,0,0,0,0,4,0,-1,-1,-1,-1,-1,-1,0,0,0,0,0,0,5,1,0,4,5,0,0,0,0,0,0,0,0,0,0.96,0,0,0,0,255,255,255,255,255,255,255,255,255,255,255,255,65000000,-1,-1,-1,-1,-1,-1,-1,-1,-1,-1,-1,-1,-1,[0|0|0|0|0|0|0|0|0|0|0|0]
61309,[Duchess] Level 10,0,1750000,41000000,-1,-1,33000000,-1,5003000,5003100,5003200,5003300,50000000,52000000,51000000,53000000,-1,-1,-1,-1,60300000,60310000,-1,-1,-1,-1,-1,-1,-1,-1,-1,-1,-1,51,300,1400,52,1290,-1,-1,-1,-1,-1,10,1,0,1,0,1,0,1,0,10,13,10,12,16,12,9,7,10,0,3,3,2,2,1,0,0,0,0,0,255,255,255,255,255,255,255,0,0,0,0,255,255,255,255,0,0,0,0,0,0,4,0,-1,-1,-1,-1,-1,-1,0,0,0,0,0,0,5,1,0,4,5,0,0,0,0,0,0,0,0,0,0.96,0,0,0,0,255,255,255,255,255,255,255,255,255,255,255,255,65000000,-1,-1,-1,-1,-1,-1,-1,-1,-1,-1,-1,-1,-1,[0|0|0|0|0|0|0|0|0|0|0|0]
61310,[Duchess] Level 11,0,1750000,41000000,-1,-1,33000000,-1,5003000,5003100,5003200,5003300,50000000,52000000,51000000,53000000,-1,-1,-1,-1,60300000,60310000,-1,-1,-1,-1,-1,-1,-1,-1,-1,-1,-1,51,300,1400,52,1290,-1,-1,-1,-1,-1,10,1,0,1,0,1,0,1,0,11,13,10,12,16,12,9,7,10,0,3,3,2,2,1,0,0,0,0,0,255,255,255,255,255,255,255,0,0,0,0,255,255,255,255,0,0,0,0,0,0,4,0,-1,-1,-1,-1,-1,-1,0,0,0,0,0,0,5,1,0,4,5,0,0,0,0,0,0,0,0,0,0.96,0,0,0,0,255,255,255,255,255,255,255,255,255,255,255,255,65000000,-1,-1,-1,-1,-1,-1,-1,-1,-1,-1,-1,-1,-1,[0|0|0|0|0|0|0|0|0|0|0|0]
61311,[Duchess] Level 12,0,1750000,41000000,-1,-1,33000000,-1,5003000,5003100,5003200,5003300,50000000,52000000,51000000,53000000,-1,-1,-1,-1,60300000,60310000,-1,-1,-1,-1,-1,-1,-1,-1,-1,-1,-1,51,300,1400,52,1290,-1,-1,-1,-1,-1,10,1,0,1,0,1,0,1,0,12,13,10,12,16,12,9,7,10,0,3,3,2,2,1,0,0,0,0,0,255,255,255,255,255,255,255,0,0,0,0,255,255,255,255,0,0,0,0,0,0,4,0,-1,-1,-1,-1,-1,-1,0,0,0,0,0,0,5,1,0,4,5,0,0,0,0,0,0,0,0,0,0.96,0,0,0,0,255,255,255,255,255,255,255,255,255,255,255,255,65000000,-1,-1,-1,-1,-1,-1,-1,-1,-1,-1,-1,-1,-1,[0|0|0|0|0|0|0|0|0|0|0|0]
61312,[Duchess] Level 13,0,1750000,41000000,-1,-1,33000000,-1,5003000,5003100,5003200,5003300,50000000,52000000,51000000,53000000,-1,-1,-1,-1,60300000,60310000,-1,-1,-1,-1,-1,-1,-1,-1,-1,-1,-1,51,300,1400,52,1290,-1,-1,-1,-1,-1,10,1,0,1,0,1,0,1,0,13,13,10,12,16,12,9,7,10,0,3,3,2,2,1,0,0,0,0,0,255,255,255,255,255,255,255,0,0,0,0,255,255,255,255,0,0,0,0,0,0,4,0,-1,-1,-1,-1,-1,-1,0,0,0,0,0,0,5,1,0,4,5,0,0,0,0,0,0,0,0,0,0.96,0,0,0,0,255,255,255,255,255,255,255,255,255,255,255,255,65000000,-1,-1,-1,-1,-1,-1,-1,-1,-1,-1,-1,-1,-1,[0|0|0|0|0|0|0|0|0|0|0|0]
61313,[Duchess] Level 14,0,1750000,41000000,-1,-1,33000000,-1,5003000,5003100,5003200,5003300,50000000,52000000,51000000,53000000,-1,-1,-1,-1,60300000,60310000,-1,-1,-1,-1,-1,-1,-1,-1,-1,-1,-1,51,300,1400,52,1290,-1,-1,-1,-1,-1,10,1,0,1,0,1,0,1,0,14,13,10,12,16,12,9,7,10,0,3,3,2,2,1,0,0,0,0,0,255,255,255,255,255,255,255,0,0,0,0,255,255,255,255,0,0,0,0,0,0,4,0,-1,-1,-1,-1,-1,-1,0,0,0,0,0,0,5,1,0,4,5,0,0,0,0,0,0,0,0,0,0.96,0,0,0,0,255,255,255,255,255,255,255,255,255,255,255,255,65000000,-1,-1,-1,-1,-1,-1,-1,-1,-1,-1,-1,-1,-1,[0|0|0|0|0|0|0|0|0|0|0|0]
61314,[Duchess] Level 15,0,1750000,41000000,-1,-1,33000000,-1,5003000,5003100,5003200,5003300,50000000,52000000,51000000,53000000,-1,-1,-1,-1,60300000,60310000,-1,-1,-1,-1,-1,-1,-1,-1,-1,-1,-1,51,300,1400,52,1290,-1,-1,-1,-1,-1,10,1,0,1,0,1,0,1,0,15,13,10,12,16,12,9,7,10,0,3,3,2,2,1,0,0,0,0,0,255,255,255,255,255,255,255,0,0,0,0,255,255,255,255,0,0,0,0,0,0,4,0,-1,-1,-1,-1,-1,-1,0,0,0,0,0,0,5,1,0,4,5,0,0,0,0,0,0,0,0,0,0.96,0,0,0,0,255,255,255,255,255,255,255,255,255,255,255,255,65000000,-1,-1,-1,-1,-1,-1,-1,-1,-1,-1,-1,-1,-1,[0|0|0|0|0|0|0|0|0|0|0|0]
61400,[Raider] Level 1,0,23750000,41000000,-1,-1,33000000,-1,5004000,5004100,5004200,5004300,50000000,52000000,51000000,53000000,-1,-1,-1,-1,60400000,60410000,-1,-1,-1,-1,-1,-1,-1,-1,-1,-1,-1,51,300,1400,52,1290,-1,-1,-1,-1,-1,10,1,0,1,0,1,0,1,0,1,13,10,12,16,12,9,7,10,0,3,3,2,2,1,0,0,0,0,0,255,255,255,255,255,255,255,0,0,1,0,255,255,255,255,0,0,0,0,0,0,5,4,-1,-1,-1,-1,-1,-1,0,0,0,0,0,0,5,1,0,4,5,0,0,0,0,0,0,0,0,0,1.12,0,0,0,0,255,255,255,255,255,255,255,255,255,255,255,255,65000000,-1,-1,-1,-1,-1,-1,-1,-1,-1,-1,-1,-1,-1,[0|0|0|0|0|0|0|0|0|0|0|0]
61401,[Raider] Level 2,0,23750000,41000000,-1,-1,33000000,-1,5004000,5004100,5004200,5004300,50000000,52000000,51000000,53000000,-1,-1,-1,-1,60400000,60410000,-1,-1,-1,-1,-1,-1,-1,-1,-1,-1,-1,51,300,1400,52,1290,-1,-1,-1,-1,-1,10,1,0,1,0,1,0,1,0,2,13,10,12,16,12,9,7,10,0,3,3,2,2,1,0,0,0,0,0,255,255,255,255,255,255,255,0,0,1,0,255,255,255,255,0,0,0,0,0,0,5,4,-1,-1,-1,-1,-1,-1,0,0,0,0,0,0,5,1,0,4,5,0,0,0,0,0,0,0,0,0,1.12,0,0,0,0,255,255,255,255,255,255,255,255,255,255,255,255,65000000,-1,-1,-1,-1,-1,-1,-1,-1,-1,-1,-1,-1,-1,[0|0|0|0|0|0|0|0|0|0|0|0]
61402,[Raider] Level 3,0,23750000,41000000,-1,-1,33000000,-1,5004000,5004100,5004200,5004300,50000000,52000000,51000000,53000000,-1,-1,-1,-1,60400000,60410000,-1,-1,-1,-1,-1,-1,-1,-1,-1,-1,-1,51,300,1400,52,1290,-1,-1,-1,-1,-1,10,1,0,1,0,1,0,1,0,3,13,10,12,16,12,9,7,10,0,3,3,2,2,1,0,0,0,0,0,255,255,255,255,255,255,255,0,0,1,0,255,255,255,255,0,0,0,0,0,0,5,4,-1,-1,-1,-1,-1,-1,0,0,0,0,0,0,5,1,0,4,5,0,0,0,0,0,0,0,0,0,1.12,0,0,0,0,255,255,255,255,255,255,255,255,255,255,255,255,65000000,-1,-1,-1,-1,-1,-1,-1,-1,-1,-1,-1,-1,-1,[0|0|0|0|0|0|0|0|0|0|0|0]
61403,[Raider] Level 4,0,23750000,41000000,-1,-1,33000000,-1,5004000,5004100,5004200,5004300,50000000,52000000,51000000,53000000,-1,-1,-1,-1,60400000,60410000,-1,-1,-1,-1,-1,-1,-1,-1,-1,-1,-1,51,300,1400,52,1290,-1,-1,-1,-1,-1,10,1,0,1,0,1,0,1,0,4,13,10,12,16,12,9,7,10,0,3,3,2,2,1,0,0,0,0,0,255,255,255,255,255,255,255,0,0,1,0,255,255,255,255,0,0,0,0,0,0,5,4,-1,-1,-1,-1,-1,-1,0,0,0,0,0,0,5,1,0,4,5,0,0,0,0,0,0,0,0,0,1.12,0,0,0,0,255,255,255,255,255,255,255,255,255,255,255,255,65000000,-1,-1,-1,-1,-1,-1,-1,-1,-1,-1,-1,-1,-1,[0|0|0|0|0|0|0|0|0|0|0|0]
61404,[Raider] Level 5,0,23750000,41000000,-1,-1,33000000,-1,5004000,5004100,5004200,5004300,50000000,52000000,51000000,53000000,-1,-1,-1,-1,60400000,60410000,-1,-1,-1,-1,-1,-1,-1,-1,-1,-1,-1,51,300,1400,52,1290,-1,-1,-1,-1,-1,10,1,0,1,0,1,0,1,0,5,13,10,12,16,12,9,7,10,0,3,3,2,2,1,0,0,0,0,0,255,255,255,255,255,255,255,0,0,1,0,255,255,255,255,0,0,0,0,0,0,5,4,-1,-1,-1,-1,-1,-1,0,0,0,0,0,0,5,1,0,4,5,0,0,0,0,0,0,0,0,0,1.12,0,0,0,0,255,255,255,255,255,255,255,255,255,255,255,255,65000000,-1,-1,-1,-1,-1,-1,-1,-1,-1,-1,-1,-1,-1,[0|0|0|0|0|0|0|0|0|0|0|0]
61405,[Raider] Level 6,0,23750000,41000000,-1,-1,33000000,-1,5004000,5004100,5004200,5004300,50000000,52000000,51000000,53000000,-1,-1,-1,-1,60400000,60410000,-1,-1,-1,-1,-1,-1,-1,-1,-1,-1,-1,51,300,1400,52,1290,-1,-1,-1,-1,-1,10,1,0,1,0,1,0,1,0,6,13,10,12,16,12,9,7,10,0,3,3,2,2,1,0,0,0,0,0,255,255,255,255,255,255,255,0,0,1,0,255,255,255,255,0,0,0,0,0,0,5,4,-1,-1,-1,-1,-1,-1,0,0,0,0,0,0,5,1,0,4,5,0,0,0,0,0,0,0,0,0,1.12,0,0,0,0,255,255,255,255,255,255,255,255,255,255,255,255,65000000,-1,-1,-1,-1,-1,-1,-1,-1,-1,-1,-1,-1,-1,[0|0|0|0|0|0|0|0|0|0|0|0]
61406,[Raider] Level 7,0,23750000,41000000,-1,-1,33000000,-1,5004000,5004100,5004200,5004300,50000000,52000000,51000000,53000000,-1,-1,-1,-1,60400000,60410000,-1,-1,-1,-1,-1,-1,-1,-1,-1,-1,-1,51,300,1400,52,1290,-1,-1,-1,-1,-1,10,1,0,1,0,1,0,1,0,7,13,10,12,16,12,9,7,10,0,3,3,2,2,1,0,0,0,0,0,255,255,255,255,255,255,255,0,0,1,0,255,255,255,255,0,0,0,0,0,0,5,4,-1,-1,-1,-1,-1,-1,0,0,0,0,0,0,5,1,0,4,5,0,0,0,0,0,0,0,0,0,1.12,0,0,0,0,255,255,255,255,255,255,255,255,255,255,255,255,65000000,-1,-1,-1,-1,-1,-1,-1,-1,-1,-1,-1,-1,-1,[0|0|0|0|0|0|0|0|0|0|0|0]
61407,[Raider] Level 8,0,23750000,41000000,-1,-1,33000000,-1,5004000,5004100,5004200,5004300,50000000,52000000,51000000,53000000,-1,-1,-1,-1,60400000,60410000,-1,-1,-1,-1,-1,-1,-1,-1,-1,-1,-1,51,300,1400,52,1290,-1,-1,-1,-1,-1,10,1,0,1,0,1,0,1,0,8,13,10,12,16,12,9,7,10,0,3,3,2,2,1,0,0,0,0,0,255,255,255,255,255,255,255,0,0,1,0,255,255,255,255,0,0,0,0,0,0,5,4,-1,-1,-1,-1,-1,-1,0,0,0,0,0,0,5,1,0,4,5,0,0,0,0,0,0,0,0,0,1.12,0,0,0,0,255,255,255,255,255,255,255,255,255,255,255,255,65000000,-1,-1,-1,-1,-1,-1,-1,-1,-1,-1,-1,-1,-1,[0|0|0|0|0|0|0|0|0|0|0|0]
61408,[Raider] Level 9,0,23750000,41000000,-1,-1,33000000,-1,5004000,5004100,5004200,5004300,50000000,52000000,51000000,53000000,-1,-1,-1,-1,60400000,60410000,-1,-1,-1,-1,-1,-1,-1,-1,-1,-1,-1,51,300,1400,52,1290,-1,-1,-1,-1,-1,10,1,0,1,0,1,0,1,0,9,13,10,12,16,12,9,7,10,0,3,3,2,2,1,0,0,0,0,0,255,255,255,255,255,255,255,0,0,1,0,255,255,255,255,0,0,0,0,0,0,5,4,-1,-1,-1,-1,-1,-1,0,0,0,0,0,0,5,1,0,4,5,0,0,0,0,0,0,0,0,0,1.12,0,0,0,0,255,255,255,255,255,255,255,255,255,255,255,255,65000000,-1,-1,-1,-1,-1,-1,-1,-1,-1,-1,-1,-1,-1,[0|0|0|0|0|0|0|0|0|0|0|0]
61409,[Raider] Level 10,0,23750000,41000000,-1,-1,33000000,-1,5004000,5004100,5004200,5004300,50000000,52000000,51000000,53000000,-1,-1,-1,-1,60400000,60410000,-1,-1,-1,-1,-1,-1,-1,-1,-1,-1,-1,51,300,1400,52,1290,-1,-1,-1,-1,-1,10,1,0,1,0,1,0,1,0,10,13,10,12,16,12,9,7,10,0,3,3,2,2,1,0,0,0,0,0,255,255,255,255,255,255,255,0,0,1,0,255,255,255,255,0,0,0,0,0,0,5,4,-1,-1,-1,-1,-1,-1,0,0,0,0,0,0,5,1,0,4,5,0,0,0,0,0,0,0,0,0,1.12,0,0,0,0,255,255,255,255,255,255,255,255,255,255,255,255,65000000,-1,-1,-1,-1,-1,-1,-1,-1,-1,-1,-1,-1,-1,[0|0|0|0|0|0|0|0|0|0|0|0]
61410,[Raider] Level 11,0,23750000,41000000,-1,-1,33000000,-1,5004000,5004100,5004200,5004300,50000000,52000000,51000000,53000000,-1,-1,-1,-1,60400000,60410000,-1,-1,-1,-1,-1,-1,-1,-1,-1,-1,-1,51,300,1400,52,1290,-1,-1,-1,-1,-1,10,1,0,1,0,1,0,1,0,11,13,10,12,16,12,9,7,10,0,3,3,2,2,1,0,0,0,0,0,255,255,255,255,255,255,255,0,0,1,0,255,255,255,255,0,0,0,0,0,0,5,4,-1,-1,-1,-1,-1,-1,0,0,0,0,0,0,5,1,0,4,5,0,0,0,0,0,0,0,0,0,1.12,0,0,0,0,255,255,255,255,255,255,255,255,255,255,255,255,65000000,-1,-1,-1,-1,-1,-1,-1,-1,-1,-1,-1,-1,-1,[0|0|0|0|0|0|0|0|0|0|0|0]
61411,[Raider] Level 12,0,23750000,41000000,-1,-1,33000000,-1,5004000,5004100,5004200,5004300,50000000,52000000,51000000,53000000,-1,-1,-1,-1,60400000,60410000,-1,-1,-1,-1,-1,-1,-1,-1,-1,-1,-1,51,300,1400,52,1290,-1,-1,-1,-1,-1,10,1,0,1,0,1,0,1,0,12,13,10,12,16,12,9,7,10,0,3,3,2,2,1,0,0,0,0,0,255,255,255,255,255,255,255,0,0,1,0,255,255,255,255,0,0,0,0,0,0,5,4,-1,-1,-1,-1,-1,-1,0,0,0,0,0,0,5,1,0,4,5,0,0,0,0,0,0,0,0,0,1.12,0,0,0,0,255,255,255,255,255,255,255,255,255,255,255,255,65000000,-1,-1,-1,-1,-1,-1,-1,-1,-1,-1,-1,-1,-1,[0|0|0|0|0|0|0|0|0|0|0|0]
61412,[Raider] Level 13,0,23750000,41000000,-1,-1,33000000,-1,5004000,5004100,5004200,5004300,50000000,52000000,51000000,53000000,-1,-1,-1,-1,60400000,60410000,-1,-1,-1,-1,-1,-1,-1,-1,-1,-1,-1,51,300,1400,52,1290,-1,-1,-1,-1,-1,10,1,0,1,0,1,0,1,0,13,13,10,12,16,12,9,7,10,0,3,3,2,2,1,0,0,0,0,0,255,255,255,255,255,255,255,0,0,1,0,255,255,255,255,0,0,0,0,0,0,5,4,-1,-1,-1,-1,-1,-1,0,0,0,0,0,0,5,1,0,4,5,0,0,0,0,0,0,0,0,0,1.12,0,0,0,0,255,255,255,255,255,255,255,255,255,255,255,255,65000000,-1,-1,-1,-1,-1,-1,-1,-1,-1,-1,-1,-1,-1,[0|0|0|0|0|0|0|0|0|0|0|0]
61413,[Raider] Level 14,0,23750000,41000000,-1,-1,33000000,-1,5004000,5004100,5004200,5004300,50000000,52000000,51000000,53000000,-1,-1,-1,-1,60400000,60410000,-1,-1,-1,-1,-1,-1,-1,-1,-1,-1,-1,51,300,1400,52,1290,-1,-1,-1,-1,-1,10,1,0,1,0,1,0,1,0,14,13,10,12,16,12,9,7,10,0,3,3,2,2,1,0,0,0,0,0,255,255,255,255,255,255,255,0,0,1,0,255,255,255,255,0,0,0,0,0,0,5,4,-1,-1,-1,-1,-1,-1,0,0,0,0,0,0,5,1,0,4,5,0,0,0,0,0,0,0,0,0,1.12,0,0,0,0,255,255,255,255,255,255,255,255,255,255,255,255,65000000,-1,-1,-1,-1,-1,-1,-1,-1,-1,-1,-1,-1,-1,[0|0|0|0|0|0|0|0|0|0|0|0]
61414,[Raider] Level 15,0,23750000,41000000,-1,-1,33000000,-1,5004000,5004100,5004200,5004300,50000000,52000000,51000000,53000000,-1,-1,-1,-1,60400000,60410000,-1,-1,-1,-1,-1,-1,-1,-1,-1,-1,-1,51,300,1400,52,1290,-1,-1,-1,-1,-1,10,1,0,1,0,1,0,1,0,15,13,10,12,16,12,9,7,10,0,3,3,2,2,1,0,0,0,0,0,255,255,255,255,255,255,255,0,0,1,0,255,255,255,255,0,0,0,0,0,0,5,4,-1,-1,-1,-1,-1,-1,0,0,0,0,0,0,5,1,0,4,5,0,0,0,0,0,0,0,0,0,1.12,0,0,0,0,255,255,255,255,255,255,255,255,255,255,255,255,65000000,-1,-1,-1,-1,-1,-1,-1,-1,-1,-1,-1,-1,-1,[0|0|0|0|0|0|0|0|0|0|0|0]
61500,[Revenant] Level 1,0,21750000,41000000,34750000,-1,33000000,-1,5005000,5005100,5005200,5005300,50000000,52000000,51000000,53000000,-1,-1,-1,-1,60500000,60510000,60520000,-1,-1,-1,-1,-1,-1,-1,-1,-1,-1,51,300,1400,52,1290,-1,-1,-1,-1,-1,10,1,0,1,0,1,0,1,0,1,13,10,12,16,12,9,7,10,0,3,3,2,2,1,0,0,0,0,0,255,255,255,255,255,255,255,0,0,0,0,255,255,255,255,0,0,0,0,0,0,6,2,-1,-1,-1,-1,-1,-1,0,0,0,0,0,0,5,1,0,4,5,0,0,0,0,0,0,0,0,0,0.85,0,0,0,0,255,255,255,255,255,255,255,255,255,255,255,255,65000000,-1,-1,-1,-1,-1,-1,-1,-1,-1,-1,-1,-1,-1,[0|0|0|0|0|0|0|0|0|0|0|0]
61501,[Revenant] Level 2,0,21750000,41000000,34750000,-1,33000000,-1,5005000,5005100,5005200,5005300,50000000,52000000,51000000,53000000,-1,-1,-1,-1,60500000,60510000,60520000,-1,-1,-1,-1,-1,-1,-1,-1,-1,-1,51,300,1400,52,1290,-1,-1,-1,-1,-1,10,1,0,1,0,1,0,1,0,2,13,10,12,16,12,9,7,10,0,3,3,2,2,1,0,0,0,0,0,255,255,255,255,255,255,255,0,0,0,0,255,255,255,255,0,0,0,0,0,0,6,2,-1,-1,-1,-1,-1,-1,0,0,0,0,0,0,5,1,0,4,5,0,0,0,0,0,0,0,0,0,0.85,0,0,0,0,255,255,255,255,255,255,255,255,255,255,255,255,65000000,-1,-1,-1,-1,-1,-1,-1,-1,-1,-1,-1,-1,-1,[0|0|0|0|0|0|0|0|0|0|0|0]
61502,[Revenant] Level 3,0,21750000,41000000,34750000,-1,33000000,-1,5005000,5005100,5005200,5005300,50000000,52000000,51000000,53000000,-1,-1,-1,-1,60500000,60510000,60520000,-1,-1,-1,-1,-1,-1,-1,-1,-1,-1,51,300,1400,52,1290,-1,-1,-1,-1,-1,10,1,0,1,0,1,0,1,0,3,13,10,12,16,12,9,7,10,0,3,3,2,2,1,0,0,0,0,0,255,255,255,255,255,255,255,0,0,0,0,255,255,255,255,0,0,0,0,0,0,6,2,-1,-1,-1,-1,-1,-1,0,0,0,0,0,0,5,1,0,4,5,0,0,0,0,0,0,0,0,0,0.85,0,0,0,0,255,255,255,255,255,255,255,255,255,255,255,255,65000000,-1,-1,-1,-1,-1,-1,-1,-1,-1,-1,-1,-1,-1,[0|0|0|0|0|0|0|0|0|0|0|0]
61503,[Revenant] Level 4,0,21750000,41000000,34750000,-1,33000000,-1,5005000,5005100,5005200,5005300,50000000,52000000,51000000,53000000,-1,-1,-1,-1,60500000,60510000,60520000,-1,-1,-1,-1,-1,-1,-1,-1,-1,-1,51,300,1400,52,1290,-1,-1,-1,-1,-1,10,1,0,1,0,1,0,1,0,4,13,10,12,16,12,9,7,10,0,3,3,2,2,1,0,0,0,0,0,255,255,255,255,255,255,255,0,0,0,0,255,255,255,255,0,0,0,0,0,0,6,2,-1,-1,-1,-1,-1,-1,0,0,0,0,0,0,5,1,0,4,5,0,0,0,0,0,0,0,0,0,0.85,0,0,0,0,255,255,255,255,255,255,255,255,255,255,255,255,65000000,-1,-1,-1,-1,-1,-1,-1,-1,-1,-1,-1,-1,-1,[0|0|0|0|0|0|0|0|0|0|0|0]
61504,[Revenant] Level 5,0,21750000,41000000,34750000,-1,33000000,-1,5005000,5005100,5005200,5005300,50000000,52000000,51000000,53000000,-1,-1,-1,-1,60500000,60510000,60520000,-1,-1,-1,-1,-1,-1,-1,-1,-1,-1,51,300,1400,52,1290,-1,-1,-1,-1,-1,10,1,0,1,0,1,0,1,0,5,13,10,12,16,12,9,7,10,0,3,3,2,2,1,0,0,0,0,0,255,255,255,255,255,255,255,0,0,0,0,255,255,255,255,0,0,0,0,0,0,6,2,-1,-1,-1,-1,-1,-1,0,0,0,0,0,0,5,1,0,4,5,0,0,0,0,0,0,0,0,0,0.85,0,0,0,0,255,255,255,255,255,255,255,255,255,255,255,255,65000000,-1,-1,-1,-1,-1,-1,-1,-1,-1,-1,-1,-1,-1,[0|0|0|0|0|0|0|0|0|0|0|0]
61505,[Revenant] Level 6,0,21750000,41000000,34750000,-1,33000000,-1,5005000,5005100,5005200,5005300,50000000,52000000,51000000,53000000,-1,-1,-1,-1,60500000,60510000,60520000,-1,-1,-1,-1,-1,-1,-1,-1,-1,-1,51,300,1400,52,1290,-1,-1,-1,-1,-1,10,1,0,1,0,1,0,1,0,6,13,10,12,16,12,9,7,10,0,3,3,2,2,1,0,0,0,0,0,255,255,255,255,255,255,255,0,0,0,0,255,255,255,255,0,0,0,0,0,0,6,2,-1,-1,-1,-1,-1,-1,0,0,0,0,0,0,5,1,0,4,5,0,0,0,0,0,0,0,0,0,0.85,0,0,0,0,255,255,255,255,255,255,255,255,255,255,255,255,65000000,-1,-1,-1,-1,-1,-1,-1,-1,-1,-1,-1,-1,-1,[0|0|0|0|0|0|0|0|0|0|0|0]
61506,[Revenant] Level 7,0,21750000,41000000,34750000,-1,33000000,-1,5005000,5005100,5005200,5005300,50000000,52000000,51000000,53000000,-1,-1,-1,-1,60500000,60510000,60520000,-1,-1,-1,-1,-1,-1,-1,-1,-1,-1,51,300,1400,52,1290,-1,-1,-1,-1,-1,10,1,0,1,0,1,0,1,0,7,13,10,12,16,12,9,7,10,0,3,3,2,2,1,0,0,0,0,0,255,255,255,255,255,255,255,0,0,0,0,255,255,255,255,0,0,0,0,0,0,6,2,-1,-1,-1,-1,-1,-1,0,0,0,0,0,0,5,1,0,4,5,0,0,0,0,0,0,0,0,0,0.85,0,0,0,0,255,255,255,255,255,255,255,255,255,255,255,255,65000000,-1,-1,-1,-1,-1,-1,-1,-1,-1,-1,-1,-1,-1,[0|0|0|0|0|0|0|0|0|0|0|0]
61507,[Revenant] Level 8,0,21750000,41000000,34750000,-1,33000000,-1,5005000,5005100,5005200,5005300,50000000,52000000,51000000,53000000,-1,-1,-1,-1,60500000,60510000,60520000,-1,-1,-1,-1,-1,-1,-1,-1,-1,-1,51,300,1400,52,1290,-1,-1,-1,-1,-1,10,1,0,1,0,1,0,1,0,8,13,10,12,16,12,9,7,10,0,3,3,2,2,1,0,0,0,0,0,255,255,255,255,255,255,255,0,0,0,0,255,255,255,255,0,0,0,0,0,0,6,2,-1,-1,-1,-1,-1,-1,0,0,0,0,0,0,5,1,0,4,5,0,0,0,0,0,0,0,0,0,0.85,0,0,0,0,255,255,255,255,255,255,255,255,255,255,255,255,65000000,-1,-1,-1,-1,-1,-1,-1,-1,-1,-1,-1,-1,-1,[0|0|0|0|0|0|0|0|0|0|0|0]
61508,[Revenant] Level 9,0,21750000,41000000,34750000,-1,33000000,-1,5005000,5005100,5005200,5005300,50000000,52000000,51000000,53000000,-1,-1,-1,-1,60500000,60510000,60520000,-1,-1,-1,-1,-1,-1,-1,-1,-1,-1,51,300,1400,52,1290,-1,-1,-1,-1,-1,10,1,0,1,0,1,0,1,0,9,13,10,12,16,12,9,7,10,0,3,3,2,2,1,0,0,0,0,0,255,255,255,255,255,255,255,0,0,0,0,255,255,255,255,0,0,0,0,0,0,6,2,-1,-1,-1,-1,-1,-1,0,0,0,0,0,0,5,1,0,4,5,0,0,0,0,0,0,0,0,0,0.85,0,0,0,0,255,255,255,255,255,255,255,255,255,255,255,255,65000000,-1,-1,-1,-1,-1,-1,-1,-1,-1,-1,-1,-1,-1,[0|0|0|0|0|0|0|0|0|0|0|0]
61509,[Revenant] Level 10,0,21750000,41000000,34750000,-1,33000000,-1,5005000,5005100,5005200,5005300,50000000,52000000,51000000,53000000,-1,-1,-1,-1,60500000,60510000,60520000,-1,-1,-1,-1,-1,-1,-1,-1,-1,-1,51,300,1400,52,1290,-1,-1,-1,-1,-1,10,1,0,1,0,1,0,1,0,10,13,10,12,16,12,9,7,10,0,3,3,2,2,1,0,0,0,0,0,255,255,255,255,255,255,255,0,0,0,0,255,255,255,255,0,0,0,0,0,0,6,2,-1,-1,-1,-1,-1,-1,0,0,0,0,0,0,5,1,0,4,5,0,0,0,0,0,0,0,0,0,0.85,0,0,0,0,255,255,255,255,255,255,255,255,255,255,255,255,65000000,-1,-1,-1,-1,-1,-1,-1,-1,-1,-1,-1,-1,-1,[0|0|0|0|0|0|0|0|0|0|0|0]
61510,[Revenant] Level 11,0,21750000,41000000,34750000,-1,33000000,-1,5005000,5005100,5005200,5005300,50000000,52000000,51000000,53000000,-1,-1,-1,-1,60500000,60510000,60520000,-1,-1,-1,-1,-1,-1,-1,-1,-1,-1,51,300,1400,52,1290,-1,-1,-1,-1,-1,10,1,0,1,0,1,0,1,0,11,13,10,12,16,12,9,7,10,0,3,3,2,2,1,0,0,0,0,0,255,255,255,255,255,255,255,0,0,0,0,255,255,255,255,0,0,0,0,0,0,6,2,-1,-1,-1,-1,-1,-1,0,0,0,0,0,0,5,1,0,4,5,0,0,0,0,0,0,0,0,0,0.85,0,0,0,0,255,255,255,255,255,255,255,255,255,255,255,255,65000000,-1,-1,-1,-1,-1,-1,-1,-1,-1,-1,-1,-1,-1,[0|0|0|0|0|0|0|0|0|0|0|0]
61511,[Revenant] Level 12,0,21750000,41000000,34750000,-1,33000000,-1,5005000,5005100,5005200,5005300,50000000,52000000,51000000,53000000,-1,-1,-1,-1,60500000,60510000,60520000,-1,-1,-1,-1,-1,-1,-1,-1,-1,-1,51,300,1400,52,1290,-1,-1,-1,-1,-1,10,1,0,1,0,1,0,1,0,12,13,10,12,16,12,9,7,10,0,3,3,2,2,1,0,0,0,0,0,255,255,255,255,255,255,255,0,0,0,0,255,255,255,255,0,0,0,0,0,0,6,2,-1,-1,-1,-1,-1,-1,0,0,0,0,0,0,5,1,0,4,5,0,0,0,0,0,0,0,0,0,0.85,0,0,0,0,255,255,255,255,255,255,255,255,255,255,255,255,65000000,-1,-1,-1,-1,-1,-1,-1,-1,-1,-1,-1,-1,-1,[0|0|0|0|0|0|0|0|0|0|0|0]
61512,[Revenant] Level 13,0,21750000,41000000,34750000,-1,33000000,-1,5005000,5005100,5005200,5005300,50000000,52000000,51000000,53000000,-1,-1,-1,-1,60500000,60510000,60520000,-1,-1,-1,-1,-1,-1,-1,-1,-1,-1,51,300,1400,52,1290,-1,-1,-1,-1,-1,10,1,0,1,0,1,0,1,0,13,13,10,12,16,12,9,7,10,0,3,3,2,2,1,0,0,0,0,0,255,255,255,255,255,255,255,0,0,0,0,255,255,255,255,0,0,0,0,0,0,6,2,-1,-1,-1,-1,-1,-1,0,0,0,0,0,0,5,1,0,4,5,0,0,0,0,0,0,0,0,0,0.85,0,0,0,0,255,255,255,255,255,255,255,255,255,255,255,255,65000000,-1,-1,-1,-1,-1,-1,-1,-1,-1,-1,-1,-1,-1,[0|0|0|0|0|0|0|0|0|0|0|0]
61513,[Revenant] Level 14,0,21750000,41000000,34750000,-1,33000000,-1,5005000,5005100,5005200,5005300,50000000,52000000,51000000,53000000,-1,-1,-1,-1,60500000,60510000,60520000,-1,-1,-1,-1,-1,-1,-1,-1,-1,-1,51,300,1400,52,1290,-1,-1,-1,-1,-1,10,1,0,1,0,1,0,1,0,14,13,10,12,16,12,9,7,10,0,3,3,2,2,1,0,0,0,0,0,255,255,255,255,255,255,255,0,0,0,0,255,255,255,255,0,0,0,0,0,0,6,2,-1,-1,-1,-1,-1,-1,0,0,0,0,0,0,5,1,0,4,5,0,0,0,0,0,0,0,0,0,0.85,0,0,0,0,255,255,255,255,255,255,255,255,255,255,255,255,65000000,-1,-1,-1,-1,-1,-1,-1,-1,-1,-1,-1,-1,-1,[0|0|0|0|0|0|0|0|0|0|0|0]
61514,[Revenant] Level 15,0,21750000,41000000,34750000,-1,33000000,-1,5005000,5005100,5005200,5005300,50000000,52000000,51000000,53000000,-1,-1,-1,-1,60500000,60510000,60520000,-1,-1,-1,-1,-1,-1,-1,-1,-1,-1,51,300,1400,52,1290,-1,-1,-1,-1,-1,10,1,0,1,0,1,0,1,0,15,13,10,12,16,12,9,7,10,0,3,3,2,2,1,0,0,0,0,0,255,255,255,255,255,255,255,0,0,0,0,255,255,255,255,0,0,0,0,0,0,6,2,-1,-1,-1,-1,-1,-1,0,0,0,0,0,0,5,1,0,4,5,0,0,0,0,0,0,0,0,0,0.85,0,0,0,0,255,255,255,255,255,255,255,255,255,255,255,255,65000000,-1,-1,-1,-1,-1,-1,-1,-1,-1,-1,-1,-1,-1,[0|0|0|0|0|0|0|0|0|0|0|0]
61600,[Recluse] Level 1,0,33750000,41000000,-1,-1,33000000,-1,5006000,5006100,5006200,5006300,50000000,52000000,51000000,53000000,-1,-1,-1,-1,60600000,60610000,-1,-1,-1,-1,-1,-1,-1,-1,-1,-1,-1,51,300,1400,52,1290,-1,-1,-1,-1,-1,10,1,0,1,0,1,0,1,0,1,13,10,12,16,12,9,7,10,0,3,3,2,2,1,0,0,0,0,0,255,255,255,255,255,255,255,0,0,0,0,255,255,255,255,0,0,0,0,0,0,7,2,-1,-1,-1,-1,-1,-1,0,0,0,0,0,0,5,1,0,4,5,0,0,0,0,0,0,0,0,0,1.05,0,0,0,0,255,255,255,255,255,255,255,255,255,255,255,255,65000000,-1,-1,-1,-1,-1,-1,-1,-1,-1,-1,-1,-1,-1,[0|0|0|0|0|0|0|0|0|0|0|0]
61601,[Recluse] Level 2,0,33750000,41000000,-1,-1,33000000,-1,5006000,5006100,5006200,5006300,50000000,52000000,51000000,53000000,-1,-1,-1,-1,60600000,60610000,-1,-1,-1,-1,-1,-1,-1,-1,-1,-1,-1,51,300,1400,52,1290,-1,-1,-1,-1,-1,10,1,0,1,0,1,0,1,0,2,13,10,12,16,12,9,7,10,0,3,3,2,2,1,0,0,0,0,0,255,255,255,255,255,255,255,0,0,0,0,255,255,255,255,0,0,0,0,0,0,7,2,-1,-1,-1,-1,-1,-1,0,0,0,0,0,0,5,1,0,4,5,0,0,0,0,0,0,0,0,0,1.05,0,0,0,0,255,255,255,255,255,255,255,255,255,255,255,255,65000000,-1,-1,-1,-1,-1,-1,-1,-1,-1,-1,-1,-1,-1,[0|0|0|0|0|0|0|0|0|0|0|0]
61602,[Recluse] Level 3,0,33750000,41000000,-1,-1,33000000,-1,5006000,5006100,5006200,5006300,50000000,52000000,51000000,53000000,-1,-1,-1,-1,60600000,60610000,-1,-1,-1,-1,-1,-1,-1,-1,-1,-1,-1,51,300,1400,52,1290,-1,-1,-1,-1,-1,10,1,0,1,0,1,0,1,0,3,13,10,12,16,12,9,7,10,0,3,3,2,2,1,0,0,0,0,0,255,255,255,255,255,255,255,0,0,0,0,255,255,255,255,0,0,0,0,0,0,7,2,-1,-1,-1,-1,-1,-1,0,0,0,0,0,0,5,1,0,4,5,0,0,0,0,0,0,0,0,0,1.05,0,0,0,0,255,255,255,255,255,255,255,255,255,255,255,255,65000000,-1,-1,-1,-1,-1,-1,-1,-1,-1,-1,-1,-1,-1,[0|0|0|0|0|0|0|0|0|0|0|0]
61603,[Recluse] Level 4,0,33750000,41000000,-1,-1,33000000,-1,5006000,5006100,5006200,5006300,50000000,52000000,51000000,53000000,-1,-1,-1,-1,60600000,60610000,-1,-1,-1,-1,-1,-1,-1,-1,-1,-1,-1,51,300,1400,52,1290,-1,-1,-1,-1,-1,10,1,0,1,0,1,0,1,0,4,13,10,12,16,12,9,7,10,0,3,3,2,2,1,0,0,0,0,0,255,255,255,255,255,255,255,0,0,0,0,255,255,255,255,0,0,0,0,0,0,7,2,-1,-1,-1,-1,-1,-1,0,0,0,0,0,0,5,1,0,4,5,0,0,0,0,0,0,0,0,0,1.05,0,0,0,0,255,255,255,255,255,255,255,255,255,255,255,255,65000000,-1,-1,-1,-1,-1,-1,-1,-1,-1,-1,-1,-1,-1,[0|0|0|0|0|0|0|0|0|0|0|0]
61604,[Recluse] Level 5,0,33750000,41000000,-1,-1,33000000,-1,5006000,5006100,5006200,5006300,50000000,52000000,51000000,53000000,-1,-1,-1,-1,60600000,60610000,-1,-1,-1,-1,-1,-1,-1,-1,-1,-1,-1,51,300,1400,52,1290,-1,-1,-1,-1,-1,10,1,0,1,0,1,0,1,0,5,13,10,12,16,12,9,7,10,0,3,3,2,2,1,0,0,0,0,0,255,255,255,255,255,255,255,0,0,0,0,255,255,255,255,0,0,0,0,0,0,7,2,-1,-1,-1,-1,-1,-1,0,0,0,0,0,0,5,1,0,4,5,0,0,0,0,0,0,0,0,0,1.05,0,0,0,0,255,255,255,255,255,255,255,255,255,255,255,255,65000000,-1,-1,-1,-1,-1,-1,-1,-1,-1,-1,-1,-1,-1,[0|0|0|0|0|0|0|0|0|0|0|0]
61605,[Recluse] Level 6,0,33750000,41000000,-1,-1,33000000,-1,5006000,5006100,5006200,5006300,50000000,52000000,51000000,53000000,-1,-1,-1,-1,60600000,60610000,-1,-1,-1,-1,-1,-1,-1,-1,-1,-1,-1,51,300,1400,52,1290,-1,-1,-1,-1,-1,10,1,0,1,0,1,0,1,0,6,13,10,12,16,12,9,7,10,0,3,3,2,2,1,0,0,0,0,0,255,255,255,255,255,255,255,0,0,0,0,255,255,255,255,0,0,0,0,0,0,7,2,-1,-1,-1,-1,-1,-1,0,0,0,0,0,0,5,1,0,4,5,0,0,0,0,0,0,0,0,0,1.05,0,0,0,0,255,255,255,255,255,255,255,255,255,255,255,255,65000000,-1,-1,-1,-1,-1,-1,-1,-1,-1,-1,-1,-1,-1,[0|0|0|0|0|0|0|0|0|0|0|0]
61606,[Recluse] Level 7,0,33750000,41000000,-1,-1,33000000,-1,5006000,5006100,5006200,5006300,50000000,52000000,51000000,53000000,-1,-1,-1,-1,60600000,60610000,-1,-1,-1,-1,-1,-1,-1,-1,-1,-1,-1,51,300,1400,52,1290,-1,-1,-1,-1,-1,10,1,0,1,0,1,0,1,0,7,13,10,12,16,12,9,7,10,0,3,3,2,2,1,0,0,0,0,0,255,255,255,255,255,255,255,0,0,0,0,255,255,255,255,0,0,0,0,0,0,7,2,-1,-1,-1,-1,-1,-1,0,0,0,0,0,0,5,1,0,4,5,0,0,0,0,0,0,0,0,0,1.05,0,0,0,0,255,255,255,255,255,255,255,255,255,255,255,255,65000000,-1,-1,-1,-1,-1,-1,-1,-1,-1,-1,-1,-1,-1,[0|0|0|0|0|0|0|0|0|0|0|0]
61607,[Recluse] Level 8,0,33750000,41000000,-1,-1,33000000,-1,5006000,5006100,5006200,5006300,50000000,52000000,51000000,53000000,-1,-1,-1,-1,60600000,60610000,-1,-1,-1,-1,-1,-1,-1,-1,-1,-1,-1,51,300,1400,52,1290,-1,-1,-1,-1,-1,10,1,0,1,0,1,0,1,0,8,13,10,12,16,12,9,7,10,0,3,3,2,2,1,0,0,0,0,0,255,255,255,255,255,255,255,0,0,0,0,255,255,255,255,0,0,0,0,0,0,7,2,-1,-1,-1,-1,-1,-1,0,0,0,0,0,0,5,1,0,4,5,0,0,0,0,0,0,0,0,0,1.05,0,0,0,0,255,255,255,255,255,255,255,255,255,255,255,255,65000000,-1,-1,-1,-1,-1,-1,-1,-1,-1,-1,-1,-1,-1,[0|0|0|0|0|0|0|0|0|0|0|0]
61608,[Recluse] Level 9,0,33750000,41000000,-1,-1,33000000,-1,5006000,5006100,5006200,5006300,50000000,52000000,51000000,53000000,-1,-1,-1,-1,60600000,60610000,-1,-1,-1,-1,-1,-1,-1,-1,-1,-1,-1,51,300,1400,52,1290,-1,-1,-1,-1,-1,10,1,0,1,0,1,0,1,0,9,13,10,12,16,12,9,7,10,0,3,3,2,2,1,0,0,0,0,0,255,255,255,255,255,255,255,0,0,0,0,255,255,255,255,0,0,0,0,0,0,7,2,-1,-1,-1,-1,-1,-1,0,0,0,0,0,0,5,1,0,4,5,0,0,0,0,0,0,0,0,0,1.05,0,0,0,0,255,255,255,255,255,255,255,255,255,255,255,255,65000000,-1,-1,-1,-1,-1,-1,-1,-1,-1,-1,-1,-1,-1,[0|0|0|0|0|0|0|0|0|0|0|0]
61609,[Recluse] Level 10,0,33750000,41000000,-1,-1,33000000,-1,5006000,5006100,5006200,5006300,50000000,52000000,51000000,53000000,-1,-1,-1,-1,60600000,60610000,-1,-1,-1,-1,-1,-1,-1,-1,-1,-1,-1,51,300,1400,52,1290,-1,-1,-1,-1,-1,10,1,0,1,0,1,0,1,0,10,13,10,12,16,12,9,7,10,0,3,3,2,2,1,0,0,0,0,0,255,255,255,255,255,255,255,0,0,0,0,255,255,255,255,0,0,0,0,0,0,7,2,-1,-1,-1,-1,-1,-1,0,0,0,0,0,0,5,1,0,4,5,0,0,0,0,0,0,0,0,0,1.05,0,0,0,0,255,255,255,255,255,255,255,255,255,255,255,255,65000000,-1,-1,-1,-1,-1,-1,-1,-1,-1,-1,-1,-1,-1,[0|0|0|0|0|0|0|0|0|0|0|0]
61610,[Recluse] Level 11,0,33750000,41000000,-1,-1,33000000,-1,5006000,5006100,5006200,5006300,50000000,52000000,51000000,53000000,-1,-1,-1,-1,60600000,60610000,-1,-1,-1,-1,-1,-1,-1,-1,-1,-1,-1,51,300,1400,52,1290,-1,-1,-1,-1,-1,10,1,0,1,0,1,0,1,0,11,13,10,12,16,12,9,7,10,0,3,3,2,2,1,0,0,0,0,0,255,255,255,255,255,255,255,0,0,0,0,255,255,255,255,0,0,0,0,0,0,7,2,-1,-1,-1,-1,-1,-1,0,0,0,0,0,0,5,1,0,4,5,0,0,0,0,0,0,0,0,0,1.05,0,0,0,0,255,255,255,255,255,255,255,255,255,255,255,255,65000000,-1,-1,-1,-1,-1,-1,-1,-1,-1,-1,-1,-1,-1,[0|0|0|0|0|0|0|0|0|0|0|0]
61611,[Recluse] Level 12,0,33750000,41000000,-1,-1,33000000,-1,5006000,5006100,5006200,5006300,50000000,52000000,51000000,53000000,-1,-1,-1,-1,60600000,60610000,-1,-1,-1,-1,-1,-1,-1,-1,-1,-1,-1,51,300,1400,52,1290,-1,-1,-1,-1,-1,10,1,0,1,0,1,0,1,0,12,13,10,12,16,12,9,7,10,0,3,3,2,2,1,0,0,0,0,0,255,255,255,255,255,255,255,0,0,0,0,255,255,255,255,0,0,0,0,0,0,7,2,-1,-1,-1,-1,-1,-1,0,0,0,0,0,0,5,1,0,4,5,0,0,0,0,0,0,0,0,0,1.05,0,0,0,0,255,255,255,255,255,255,255,255,255,255,255,255,65000000,-1,-1,-1,-1,-1,-1,-1,-1,-1,-1,-1,-1,-1,[0|0|0|0|0|0|0|0|0|0|0|0]
61612,[Recluse] Level 13,0,33750000,41000000,-1,-1,33000000,-1,5006000,5006100,5006200,5006300,50000000,52000000,51000000,53000000,-1,-1,-1,-1,60600000,60610000,-1,-1,-1,-1,-1,-1,-1,-1,-1,-1,-1,51,300,1400,52,1290,-1,-1,-1,-1,-1,10,1,0,1,0,1,0,1,0,13,13,10,12,16,12,9,7,10,0,3,3,2,2,1,0,0,0,0,0,255,255,255,255,255,255,255,0,0,0,0,255,255,255,255,0,0,0,0,0,0,7,2,-1,-1,-1,-1,-1,-1,0,0,0,0,0,0,5,1,0,4,5,0,0,0,0,0,0,0,0,0,1.05,0,0,0,0,255,255,255,255,255,255,255,255,255,255,255,255,65000000,-1,-1,-1,-1,-1,-1,-1,-1,-1,-1,-1,-1,-1,[0|0|0|0|0|0|0|0|0|0|0|0]
61613,[Recluse] Level 14,0,33750000,41000000,-1,-1,33000000,-1,5006000,5006100,5006200,5006300,50000000,52000000,51000000,53000000,-1,-1,-1,-1,60600000,60610000,-1,-1,-1,-1,-1,-1,-1,-1,-1,-1,-1,51,300,1400,52,1290,-1,-1,-1,-1,-1,10,1,0,1,0,1,0,1,0,14,13,10,12,16,12,9,7,10,0,3,3,2,2,1,0,0,0,0,0,255,255,255,255,255,255,255,0,0,0,0,255,255,255,255,0,0,0,0,0,0,7,2,-1,-1,-1,-1,-1,-1,0,0,0,0,0,0,5,1,0,4,5,0,0,0,0,0,0,0,0,0,1.05,0,0,0,0,255,255,255,255,255,255,255,255,255,255,255,255,65000000,-1,-1,-1,-1,-1,-1,-1,-1,-1,-1,-1,-1,-1,[0|0|0|0|0|0|0|0|0|0|0|0]
61614,[Recluse] Level 15,0,33750000,41000000,-1,-1,33000000,-1,5006000,5006100,5006200,5006300,50000000,52000000,51000000,53000000,-1,-1,-1,-1,60600000,60610000,-1,-1,-1,-1,-1,-1,-1,-1,-1,-1,-1,51,300,1400,52,1290,-1,-1,-1,-1,-1,10,1,0,1,0,1,0,1,0,15,13,10,12,16,12,9,7,10,0,3,3,2,2,1,0,0,0,0,0,255,255,255,255,255,255,255,0,0,0,0,255,255,255,255,0,0,0,0,0,0,7,2,-1,-1,-1,-1,-1,-1,0,0,0,0,0,0,5,1,0,4,5,0,0,0,0,0,0,0,0,0,1.05,0,0,0,0,255,255,255,255,255,255,255,255,255,255,255,255,65000000,-1,-1,-1,-1,-1,-1,-1,-1,-1,-1,-1,-1,-1,[0|0|0|0|0|0|0|0|0|0|0|0]
61700,[Executor] Level 1,0,9750000,41000000,-1,-1,33000000,-1,5007000,5007100,5007200,5007300,50000000,52000000,51000000,53000000,-1,-1,-1,-1,60700000,-1,-1,-1,-1,-1,-1,-1,-1,-1,-1,-1,-1,51,300,1400,52,1290,-1,-1,-1,-1,-1,10,1,0,1,0,1,0,1,0,1,13,10,12,16,12,9,7,10,0,3,3,2,2,1,0,0,0,0,0,255,255,255,255,255,255,255,0,0,0,0,255,255,255,255,0,0,0,0,0,0,8,2,-1,-1,-1,-1,-1,-1,0,0,0,0,0,0,5,1,0,4,5,0,0,0,0,0,0,0,0,0,1.02,0,0,0,0,255,255,255,255,255,255,255,255,255,255,255,255,65000000,-1,-1,-1,-1,-1,-1,-1,-1,-1,-1,-1,-1,-1,[0|0|0|0|0|0|0|0|0|0|0|0]
61701,[Executor] Level 2,0,9750000,41000000,-1,-1,33000000,-1,5007000,5007100,5007200,5007300,50000000,52000000,51000000,53000000,-1,-1,-1,-1,60700000,-1,-1,-1,-1,-1,-1,-1,-1,-1,-1,-1,-1,51,300,1400,52,1290,-1,-1,-1,-1,-1,10,1,0,1,0,1,0,1,0,2,13,10,12,16,12,9,7,10,0,3,3,2,2,1,0,0,0,0,0,255,255,255,255,255,255,255,0,0,0,0,255,255,255,255,0,0,0,0,0,0,8,2,-1,-1,-1,-1,-1,-1,0,0,0,0,0,0,5,1,0,4,5,0,0,0,0,0,0,0,0,0,1.02,0,0,0,0,255,255,255,255,255,255,255,255,255,255,255,255,65000000,-1,-1,-1,-1,-1,-1,-1,-1,-1,-1,-1,-1,-1,[0|0|0|0|0|0|0|0|0|0|0|0]
61702,[Executor] Level 3,0,9750000,41000000,-1,-1,33000000,-1,5007000,5007100,5007200,5007300,50000000,52000000,51000000,53000000,-1,-1,-1,-1,60700000,-1,-1,-1,-1,-1,-1,-1,-1,-1,-1,-1,-1,51,300,1400,52,1290,-1,-1,-1,-1,-1,10,1,0,1,0,1,0,1,0,3,13,10,12,16,12,9,7,10,0,3,3,2,2,1,0,0,0,0,0,255,255,255,255,255,255,255,0,0,0,0,255,255,255,255,0,0,0,0,0,0,8,2,-1,-1,-1,-1,-1,-1,0,0,0,0,0,0,5,1,0,4,5,0,0,0,0,0,0,0,0,0,1.02,0,0,0,0,255,255,255,255,255,255,255,255,255,255,255,255,65000000,-1,-1,-1,-1,-1,-1,-1,-1,-1,-1,-1,-1,-1,[0|0|0|0|0|0|0|0|0|0|0|0]
61703,[Executor] Level 4,0,9750000,41000000,-1,-1,33000000,-1,5007000,5007100,5007200,5007300,50000000,52000000,51000000,53000000,-1,-1,-1,-1,60700000,-1,-1,-1,-1,-1,-1,-1,-1,-1,-1,-1,-1,51,300,1400,52,1290,-1,-1,-1,-1,-1,10,1,0,1,0,1,0,1,0,4,13,10,12,16,12,9,7,10,0,3,3,2,2,1,0,0,0,0,0,255,255,255,255,255,255,255,0,0,0,0,255,255,255,255,0,0,0,0,0,0,8,2,-1,-1,-1,-1,-1,-1,0,0,0,0,0,0,5,1,0,4,5,0,0,0,0,0,0,0,0,0,1.02,0,0,0,0,255,255,255,255,255,255,255,255,255,255,255,255,65000000,-1,-1,-1,-1,-1,-1,-1,-1,-1,-1,-1,-1,-1,[0|0|0|0|0|0|0|0|0|0|0|0]
61704,[Executor] Level 5,0,9750000,41000000,-1,-1,33000000,-1,5007000,5007100,5007200,5007300,50000000,52000000,51000000,53000000,-1,-1,-1,-1,60700000,-1,-1,-1,-1,-1,-1,-1,-1,-1,-1,-1,-1,51,300,1400,52,1290,-1,-1,-1,-1,-1,10,1,0,1,0,1,0,1,0,5,13,10,12,16,12,9,7,10,0,3,3,2,2,1,0,0,0,0,0,255,255,255,255,255,255,255,0,0,0,0,255,255,255,255,0,0,0,0,0,0,8,2,-1,-1,-1,-1,-1,-1,0,0,0,0,0,0,5,1,0,4,5,0,0,0,0,0,0,0,0,0,1.02,0,0,0,0,255,255,255,255,255,255,255,255,255,255,255,255,65000000,-1,-1,-1,-1,-1,-1,-1,-1,-1,-1,-1,-1,-1,[0|0|0|0|0|0|0|0|0|0|0|0]
61705,[Executor] Level 6,0,9750000,41000000,-1,-1,33000000,-1,5007000,5007100,5007200,5007300,50000000,52000000,51000000,53000000,-1,-1,-1,-1,60700000,-1,-1,-1,-1,-1,-1,-1,-1,-1,-1,-1,-1,51,300,1400,52,1290,-1,-1,-1,-1,-1,10,1,0,1,0,1,0,1,0,6,13,10,12,16,12,9,7,10,0,3,3,2,2,1,0,0,0,0,0,255,255,255,255,255,255,255,0,0,0,0,255,255,255,255,0,0,0,0,0,0,8,2,-1,-1,-1,-1,-1,-1,0,0,0,0,0,0,5,1,0,4,5,0,0,0,0,0,0,0,0,0,1.02,0,0,0,0,255,255,255,255,255,255,255,255,255,255,255,255,65000000,-1,-1,-1,-1,-1,-1,-1,-1,-1,-1,-1,-1,-1,[0|0|0|0|0|0|0|0|0|0|0|0]
61706,[Executor] Level 7,0,9750000,41000000,-1,-1,33000000,-1,5007000,5007100,5007200,5007300,50000000,52000000,51000000,53000000,-1,-1,-1,-1,60700000,-1,-1,-1,-1,-1,-1,-1,-1,-1,-1,-1,-1,51,300,1400,52,1290,-1,-1,-1,-1,-1,10,1,0,1,0,1,0,1,0,7,13,10,12,16,12,9,7,10,0,3,3,2,2,1,0,0,0,0,0,255,255,255,255,255,255,255,0,0,0,0,255,255,255,255,0,0,0,0,0,0,8,2,-1,-1,-1,-1,-1,-1,0,0,0,0,0,0,5,1,0,4,5,0,0,0,0,0,0,0,0,0,1.02,0,0,0,0,255,255,255,255,255,255,255,255,255,255,255,255,65000000,-1,-1,-1,-1,-1,-1,-1,-1,-1,-1,-1,-1,-1,[0|0|0|0|0|0|0|0|0|0|0|0]
61707,[Executor] Level 8,0,9750000,41000000,-1,-1,33000000,-1,5007000,5007100,5007200,5007300,50000000,52000000,51000000,53000000,-1,-1,-1,-1,60700000,-1,-1,-1,-1,-1,-1,-1,-1,-1,-1,-1,-1,51,300,1400,52,1290,-1,-1,-1,-1,-1,10,1,0,1,0,1,0,1,0,8,13,10,12,16,12,9,7,10,0,3,3,2,2,1,0,0,0,0,0,255,255,255,255,255,255,255,0,0,0,0,255,255,255,255,0,0,0,0,0,0,8,2,-1,-1,-1,-1,-1,-1,0,0,0,0,0,0,5,1,0,4,5,0,0,0,0,0,0,0,0,0,1.02,0,0,0,0,255,255,255,255,255,255,255,255,255,255,255,255,65000000,-1,-1,-1,-1,-1,-1,-1,-1,-1,-1,-1,-1,-1,[0|0|0|0|0|0|0|0|0|0|0|0]
61708,[Executor] Level 9,0,9750000,41000000,-1,-1,33000000,-1,5007000,5007100,5007200,5007300,50000000,52000000,51000000,53000000,-1,-1,-1,-1,60700000,-1,-1,-1,-1,-1,-1,-1,-1,-1,-1,-1,-1,51,300,1400,52,1290,-1,-1,-1,-1,-1,10,1,0,1,0,1,0,1,0,9,13,10,12,16,12,9,7,10,0,3,3,2,2,1,0,0,0,0,0,255,255,255,255,255,255,255,0,0,0,0,255,255,255,255,0,0,0,0,0,0,8,2,-1,-1,-1,-1,-1,-1,0,0,0,0,0,0,5,1,0,4,5,0,0,0,0,0,0,0,0,0,1.02,0,0,0,0,255,255,255,255,255,255,255,255,255,255,255,255,65000000,-1,-1,-1,-1,-1,-1,-1,-1,-1,-1,-1,-1,-1,[0|0|0|0|0|0|0|0|0|0|0|0]
61709,[Executor] Level 10,0,9750000,41000000,-1,-1,33000000,-1,5007000,5007100,5007200,5007300,50000000,52000000,51000000,53000000,-1,-1,-1,-1,60700000,-1,-1,-1,-1,-1,-1,-1,-1,-1,-1,-1,-1,51,300,1400,52,1290,-1,-1,-1,-1,-1,10,1,0,1,0,1,0,1,0,10,13,10,12,16,12,9,7,10,0,3,3,2,2,1,0,0,0,0,0,255,255,255,255,255,255,255,0,0,0,0,255,255,255,255,0,0,0,0,0,0,8,2,-1,-1,-1,-1,-1,-1,0,0,0,0,0,0,5,1,0,4,5,0,0,0,0,0,0,0,0,0,1.02,0,0,0,0,255,255,255,255,255,255,255,255,255,255,255,255,65000000,-1,-1,-1,-1,-1,-1,-1,-1,-1,-1,-1,-1,-1,[0|0|0|0|0|0|0|0|0|0|0|0]
61710,[Executor] Level 11,0,9750000,41000000,-1,-1,33000000,-1,5007000,5007100,5007200,5007300,50000000,52000000,51000000,53000000,-1,-1,-1,-1,60700000,-1,-1,-1,-1,-1,-1,-1,-1,-1,-1,-1,-1,51,300,1400,52,1290,-1,-1,-1,-1,-1,10,1,0,1,0,1,0,1,0,11,13,10,12,16,12,9,7,10,0,3,3,2,2,1,0,0,0,0,0,255,255,255,255,255,255,255,0,0,0,0,255,255,255,255,0,0,0,0,0,0,8,2,-1,-1,-1,-1,-1,-1,0,0,0,0,0,0,5,1,0,4,5,0,0,0,0,0,0,0,0,0,1.02,0,0,0,0,255,255,255,255,255,255,255,255,255,255,255,255,65000000,-1,-1,-1,-1,-1,-1,-1,-1,-1,-1,-1,-1,-1,[0|0|0|0|0|0|0|0|0|0|0|0]
61711,[Executor] Level 12,0,9750000,41000000,-1,-1,33000000,-1,5007000,5007100,5007200,5007300,50000000,52000000,51000000,53000000,-1,-1,-1,-1,60700000,-1,-1,-1,-1,-1,-1,-1,-1,-1,-1,-1,-1,51,300,1400,52,1290,-1,-1,-1,-1,-1,10,1,0,1,0,1,0,1,0,12,13,10,12,16,12,9,7,10,0,3,3,2,2,1,0,0,0,0,0,255,255,255,255,255,255,255,0,0,0,0,255,255,255,255,0,0,0,0,0,0,8,2,-1,-1,-1,-1,-1,-1,0,0,0,0,0,0,5,1,0,4,5,0,0,0,0,0,0,0,0,0,1.02,0,0,0,0,255,255,255,255,255,255,255,255,255,255,255,255,65000000,-1,-1,-1,-1,-1,-1,-1,-1,-1,-1,-1,-1,-1,[0|0|0|0|0|0|0|0|0|0|0|0]
61712,[Executor] Level 13,0,9750000,41000000,-1,-1,33000000,-1,5007000,5007100,5007200,5007300,50000000,52000000,51000000,53000000,-1,-1,-1,-1,60700000,-1,-1,-1,-1,-1,-1,-1,-1,-1,-1,-1,-1,51,300,1400,52,1290,-1,-1,-1,-1,-1,10,1,0,1,0,1,0,1,0,13,13,10,12,16,12,9,7,10,0,3,3,2,2,1,0,0,0,0,0,255,255,255,255,255,255,255,0,0,0,0,255,255,255,255,0,0,0,0,0,0,8,2,-1,-1,-1,-1,-1,-1,0,0,0,0,0,0,5,1,0,4,5,0,0,0,0,0,0,0,0,0,1.02,0,0,0,0,255,255,255,255,255,255,255,255,255,255,255,255,65000000,-1,-1,-1,-1,-1,-1,-1,-1,-1,-1,-1,-1,-1,[0|0|0|0|0|0|0|0|0|0|0|0]
61713,[Executor] Level 14,0,9750000,41000000,-1,-1,33000000,-1,5007000,5007100,5007200,5007300,50000000,52000000,51000000,53000000,-1,-1,-1,-1,60700000,-1,-1,-1,-1,-1,-1,-1,-1,-1,-1,-1,-1,51,300,1400,52,1290,-1,-1,-1,-1,-1,10,1,0,1,0,1,0,1,0,14,13,10,12,16,12,9,7,10,0,3,3,2,2,1,0,0,0,0,0,255,255,255,255,255,255,255,0,0,0,0,255,255,255,255,0,0,0,0,0,0,8,2,-1,-1,-1,-1,-1,-1,0,0,0,0,0,0,5,1,0,4,5,0,0,0,0,0,0,0,0,0,1.02,0,0,0,0,255,255,255,255,255,255,255,255,255,255,255,255,65000000,-1,-1,-1,-1,-1,-1,-1,-1,-1,-1,-1,-1,-1,[0|0|0|0|0|0|0|0|0|0|0|0]
61714,[Executor] Level 15,0,9750000,41000000,-1,-1,33000000,-1,5007000,5007100,5007200,5007300,50000000,52000000,51000000,53000000,-1,-1,-1,-1,60700000,-1,-1,-1,-1,-1,-1,-1,-1,-1,-1,-1,-1,51,300,1400,52,1290,-1,-1,-1,-1,-1,10,1,0,1,0,1,0,1,0,15,13,10,12,16,12,9,7,10,0,3,3,2,2,1,0,0,0,0,0,255,255,255,255,255,255,255,0,0,0,0,255,255,255,255,0,0,0,0,0,0,8,2,-1,-1,-1,-1,-1,-1,0,0,0,0,0,0,5,1,0,4,5,0,0,0,0,0,0,0,0,0,1.02,0,0,0,0,255,255,255,255,255,255,255,255,255,255,255,255,65000000,-1,-1,-1,-1,-1,-1,-1,-1,-1,-1,-1,-1,-1,[0|0|0|0|0|0|0|0|0|0|0|0]
61800,,0,5750000,-1,-1,-1,-1,-1,5008000,5008100,5008200,5008300,50000000,52000000,51000000,53000000,-1,-1,-1,-1,60800000,60810000,-1,-1,-1,-1,-1,-1,-1,-1,-1,-1,-1,51,300,1400,52,1290,-1,-1,-1,-1,-1,10,1,0,1,0,1,0,1,0,1,0,0,0,0,0,0,0,0,0,3,3,2,2,1,0,0,0,0,0,255,255,255,255,255,255,255,0,0,1,0,255,255,255,255,0,0,0,0,0,0,9,0,-1,-1,-1,-1,-1,-1,0,0,0,0,0,0,3,1,0,0,3,0,0,0,0,0,0,0,0,0,0.97,0,0,0,0,255,255,255,255,255,255,255,255,255,255,255,255,65000000,-1,-1,-1,-1,-1,-1,-1,-1,-1,-1,-1,-1,-1,[0|0|0|0|0|0|0|0|0|0|0|0]
61801,,0,5750000,-1,-1,-1,-1,-1,5008000,5008100,5008200,5008300,50000000,52000000,51000000,53000000,-1,-1,-1,-1,60800000,60810000,-1,-1,-1,-1,-1,-1,-1,-1,-1,-1,-1,51,300,1400,52,1290,-1,-1,-1,-1,-1,10,1,0,1,0,1,0,1,0,2,0,0,0,0,0,0,0,0,0,3,3,2,2,1,0,0,0,0,0,255,255,255,255,255,255,255,0,0,1,0,255,255,255,255,0,0,0,0,0,0,9,0,-1,-1,-1,-1,-1,-1,0,0,0,0,0,0,3,1,0,0,3,0,0,0,0,0,0,0,0,0,0.97,0,0,0,0,255,255,255,255,255,255,255,255,255,255,255,255,65000000,-1,-1,-1,-1,-1,-1,-1,-1,-1,-1,-1,-1,-1,[0|0|0|0|0|0|0|0|0|0|0|0]
61802,,0,5750000,-1,-1,-1,-1,-1,5008000,5008100,5008200,5008300,50000000,52000000,51000000,53000000,-1,-1,-1,-1,60800000,60810000,-1,-1,-1,-1,-1,-1,-1,-1,-1,-1,-1,51,300,1400,52,1290,-1,-1,-1,-1,-1,10,1,0,1,0,1,0,1,0,3,0,0,0,0,0,0,0,0,0,3,3,2,2,1,0,0,0,0,0,255,255,255,255,255,255,255,0,0,1,0,255,255,255,255,0,0,0,0,0,0,9,0,-1,-1,-1,-1,-1,-1,0,0,0,0,0,0,3,1,0,0,3,0,0,0,0,0,0,0,0,0,0.97,0,0,0,0,255,255,255,255,255,255,255,255,255,255,255,255,65000000,-1,-1,-1,-1,-1,-1,-1,-1,-1,-1,-1,-1,-1,[0|0|0|0|0|0|0|0|0|0|0|0]
61803,,0,5750000,-1,-1,-1,-1,-1,5008000,5008100,5008200,5008300,50000000,52000000,51000000,53000000,-1,-1,-1,-1,60800000,60810000,-1,-1,-1,-1,-1,-1,-1,-1,-1,-1,-1,51,300,1400,52,1290,-1,-1,-1,-1,-1,10,1,0,1,0,1,0,1,0,4,0,0,0,0,0,0,0,0,0,3,3,2,2,1,0,0,0,0,0,255,255,255,255,255,255,255,0,0,1,0,255,255,255,255,0,0,0,0,0,0,9,0,-1,-1,-1,-1,-1,-1,0,0,0,0,0,0,3,1,0,0,3,0,0,0,0,0,0,0,0,0,0.97,0,0,0,0,255,255,255,255,255,255,255,255,255,255,255,255,65000000,-1,-1,-1,-1,-1,-1,-1,-1,-1,-1,-1,-1,-1,[0|0|0|0|0|0|0|0|0|0|0|0]
61804,,0,5750000,-1,-1,-1,-1,-1,5008000,5008100,5008200,5008300,50000000,52000000,51000000,53000000,-1,-1,-1,-1,60800000,60810000,-1,-1,-1,-1,-1,-1,-1,-1,-1,-1,-1,51,300,1400,52,1290,-1,-1,-1,-1,-1,10,1,0,1,0,1,0,1,0,5,0,0,0,0,0,0,0,0,0,3,3,2,2,1,0,0,0,0,0,255,255,255,255,255,255,255,0,0,1,0,255,255,255,255,0,0,0,0,0,0,9,0,-1,-1,-1,-1,-1,-1,0,0,0,0,0,0,3,1,0,0,3,0,0,0,0,0,0,0,0,0,0.97,0,0,0,0,255,255,255,255,255,255,255,255,255,255,255,255,65000000,-1,-1,-1,-1,-1,-1,-1,-1,-1,-1,-1,-1,-1,[0|0|0|0|0|0|0|0|0|0|0|0]
61805,,0,5750000,-1,-1,-1,-1,-1,5008000,5008100,5008200,5008300,50000000,52000000,51000000,53000000,-1,-1,-1,-1,60800000,60810000,-1,-1,-1,-1,-1,-1,-1,-1,-1,-1,-1,51,300,1400,52,1290,-1,-1,-1,-1,-1,10,1,0,1,0,1,0,1,0,6,0,0,0,0,0,0,0,0,0,3,3,2,2,1,0,0,0,0,0,255,255,255,255,255,255,255,0,0,1,0,255,255,255,255,0,0,0,0,0,0,9,0,-1,-1,-1,-1,-1,-1,0,0,0,0,0,0,3,1,0,0,3,0,0,0,0,0,0,0,0,0,0.97,0,0,0,0,255,255,255,255,255,255,255,255,255,255,255,255,65000000,-1,-1,-1,-1,-1,-1,-1,-1,-1,-1,-1,-1,-1,[0|0|0|0|0|0|0|0|0|0|0|0]
61806,,0,5750000,-1,-1,-1,-1,-1,5008000,5008100,5008200,5008300,50000000,52000000,51000000,53000000,-1,-1,-1,-1,60800000,60810000,-1,-1,-1,-1,-1,-1,-1,-1,-1,-1,-1,51,300,1400,52,1290,-1,-1,-1,-1,-1,10,1,0,1,0,1,0,1,0,7,0,0,0,0,0,0,0,0,0,3,3,2,2,1,0,0,0,0,0,255,255,255,255,255,255,255,0,0,1,0,255,255,255,255,0,0,0,0,0,0,9,0,-1,-1,-1,-1,-1,-1,0,0,0,0,0,0,3,1,0,0,3,0,0,0,0,0,0,0,0,0,0.97,0,0,0,0,255,255,255,255,255,255,255,255,255,255,255,255,65000000,-1,-1,-1,-1,-1,-1,-1,-1,-1,-1,-1,-1,-1,[0|0|0|0|0|0|0|0|0|0|0|0]
61807,,0,5750000,-1,-1,-1,-1,-1,5008000,5008100,5008200,5008300,50000000,52000000,51000000,53000000,-1,-1,-1,-1,60800000,60810000,-1,-1,-1,-1,-1,-1,-1,-1,-1,-1,-1,51,300,1400,52,1290,-1,-1,-1,-1,-1,10,1,0,1,0,1,0,1,0,8,0,0,0,0,0,0,0,0,0,3,3,2,2,1,0,0,0,0,0,255,255,255,255,255,255,255,0,0,1,0,255,255,255,255,0,0,0,0,0,0,9,0,-1,-1,-1,-1,-1,-1,0,0,0,0,0,0,3,1,0,0,3,0,0,0,0,0,0,0,0,0,0.97,0,0,0,0,255,255,255,255,255,255,255,255,255,255,255,255,65000000,-1,-1,-1,-1,-1,-1,-1,-1,-1,-1,-1,-1,-1,[0|0|0|0|0|0|0|0|0|0|0|0]
61808,,0,5750000,-1,-1,-1,-1,-1,5008000,5008100,5008200,5008300,50000000,52000000,51000000,53000000,-1,-1,-1,-1,60800000,60810000,-1,-1,-1,-1,-1,-1,-1,-1,-1,-1,-1,51,300,1400,52,1290,-1,-1,-1,-1,-1,10,1,0,1,0,1,0,1,0,9,0,0,0,0,0,0,0,0,0,3,3,2,2,1,0,0,0,0,0,255,255,255,255,255,255,255,0,0,1,0,255,255,255,255,0,0,0,0,0,0,9,0,-1,-1,-1,-1,-1,-1,0,0,0,0,0,0,3,1,0,0,3,0,0,0,0,0,0,0,0,0,0.97,0,0,0,0,255,255,255,255,255,255,255,255,255,255,255,255,65000000,-1,-1,-1,-1,-1,-1,-1,-1,-1,-1,-1,-1,-1,[0|0|0|0|0|0|0|0|0|0|0|0]
61809,,0,5750000,-1,-1,-1,-1,-1,5008000,5008100,5008200,5008300,50000000,52000000,51000000,53000000,-1,-1,-1,-1,60800000,60810000,-1,-1,-1,-1,-1,-1,-1,-1,-1,-1,-1,51,300,1400,52,1290,-1,-1,-1,-1,-1,10,1,0,1,0,1,0,1,0,10,0,0,0,0,0,0,0,0,0,3,3,2,2,1,0,0,0,0,0,255,255,255,255,255,255,255,0,0,1,0,255,255,255,255,0,0,0,0,0,0,9,0,-1,-1,-1,-1,-1,-1,0,0,0,0,0,0,3,1,0,0,3,0,0,0,0,0,0,0,0,0,0.97,0,0,0,0,255,255,255,255,255,255,255,255,255,255,255,255,65000000,-1,-1,-1,-1,-1,-1,-1,-1,-1,-1,-1,-1,-1,[0|0|0|0|0|0|0|0|0|0|0|0]
61810,,0,5750000,-1,-1,-1,-1,-1,5008000,5008100,5008200,5008300,50000000,52000000,51000000,53000000,-1,-1,-1,-1,60800000,60810000,-1,-1,-1,-1,-1,-1,-1,-1,-1,-1,-1,51,300,1400,52,1290,-1,-1,-1,-1,-1,10,1,0,1,0,1,0,1,0,11,0,0,0,0,0,0,0,0,0,3,3,2,2,1,0,0,0,0,0,255,255,255,255,255,255,255,0,0,1,0,255,255,255,255,0,0,0,0,0,0,9,0,-1,-1,-1,-1,-1,-1,0,0,0,0,0,0,3,1,0,0,3,0,0,0,0,0,0,0,0,0,0.97,0,0,0,0,255,255,255,255,255,255,255,255,255,255,255,255,65000000,-1,-1,-1,-1,-1,-1,-1,-1,-1,-1,-1,-1,-1,[0|0|0|0|0|0|0|0|0|0|0|0]
61811,,0,5750000,-1,-1,-1,-1,-1,5008000,5008100,5008200,5008300,50000000,52000000,51000000,53000000,-1,-1,-1,-1,60800000,60810000,-1,-1,-1,-1,-1,-1,-1,-1,-1,-1,-1,51,300,1400,52,1290,-1,-1,-1,-1,-1,10,1,0,1,0,1,0,1,0,12,0,0,0,0,0,0,0,0,0,3,3,2,2,1,0,0,0,0,0,255,255,255,255,255,255,255,0,0,1,0,255,255,255,255,0,0,0,0,0,0,9,0,-1,-1,-1,-1,-1,-1,0,0,0,0,0,0,3,1,0,0,3,0,0,0,0,0,0,0,0,0,0.97,0,0,0,0,255,255,255,255,255,255,255,255,255,255,255,255,65000000,-1,-1,-1,-1,-1,-1,-1,-1,-1,-1,-1,-1,-1,[0|0|0|0|0|0|0|0|0|0|0|0]
61812,,0,5750000,-1,-1,-1,-1,-1,5008000,5008100,5008200,5008300,50000000,52000000,51000000,53000000,-1,-1,-1,-1,60800000,60810000,-1,-1,-1,-1,-1,-1,-1,-1,-1,-1,-1,51,300,1400,52,1290,-1,-1,-1,-1,-1,10,1,0,1,0,1,0,1,0,13,0,0,0,0,0,0,0,0,0,3,3,2,2,1,0,0,0,0,0,255,255,255,255,255,255,255,0,0,1,0,255,255,255,255,0,0,0,0,0,0,9,0,-1,-1,-1,-1,-1,-1,0,0,0,0,0,0,3,1,0,0,3,0,0,0,0,0,0,0,0,0,0.97,0,0,0,0,255,255,255,255,255,255,255,255,255,255,255,255,65000000,-1,-1,-1,-1,-1,-1,-1,-1,-1,-1,-1,-1,-1,[0|0|0|0|0|0|0|0|0|0|0|0]
61813,,0,5750000,-1,-1,-1,-1,-1,5008000,5008100,5008200,5008300,50000000,52000000,51000000,53000000,-1,-1,-1,-1,60800000,60810000,-1,-1,-1,-1,-1,-1,-1,-1,-1,-1,-1,51,300,1400,52,1290,-1,-1,-1,-1,-1,10,1,0,1,0,1,0,1,0,14,0,0,0,0,0,0,0,0,0,3,3,2,2,1,0,0,0,0,0,255,255,255,255,255,255,255,0,0,1,0,255,255,255,255,0,0,0,0,0,0,9,0,-1,-1,-1,-1,-1,-1,0,0,0,0,0,0,3,1,0,0,3,0,0,0,0,0,0,0,0,0,0.97,0,0,0,0,255,255,255,255,255,255,255,255,255,255,255,255,65000000,-1,-1,-1,-1,-1,-1,-1,-1,-1,-1,-1,-1,-1,[0|0|0|0|0|0|0|0|0|0|0|0]
61814,,0,5750000,-1,-1,-1,-1,-1,5008000,5008100,5008200,5008300,50000000,52000000,51000000,53000000,-1,-1,-1,-1,60800000,60810000,-1,-1,-1,-1,-1,-1,-1,-1,-1,-1,-1,51,300,1400,52,1290,-1,-1,-1,-1,-1,10,1,0,1,0,1,0,1,0,15,0,0,0,0,0,0,0,0,0,3,3,2,2,1,0,0,0,0,0,255,255,255,255,255,255,255,0,0,1,0,255,255,255,255,0,0,0,0,0,0,9,0,-1,-1,-1,-1,-1,-1,0,0,0,0,0,0,3,1,0,0,3,0,0,0,0,0,0,0,0,0,0.97,0,0,0,0,255,255,255,255,255,255,255,255,255,255,255,255,65000000,-1,-1,-1,-1,-1,-1,-1,-1,-1,-1,-1,-1,-1,[0|0|0|0|0|0|0|0|0|0|0|0]
61900,,0,11750000,-1,-1,-1,-1,-1,5009000,5009100,5009200,5009300,50000000,52000000,51000000,53000000,-1,-1,-1,-1,60900000,60950000,-1,-1,-1,-1,-1,-1,-1,-1,-1,-1,-1,51,300,1400,52,1290,-1,-1,-1,-1,-1,10,1,0,1,0,1,0,1,0,1,0,0,0,0,0,0,0,0,0,3,3,2,2,1,0,0,0,0,0,255,255,255,255,255,255,255,0,0,0,0,255,255,255,255,0,0,0,0,0,0,10,0,-1,-1,-1,-1,-1,-1,0,0,0,0,0,0,3,1,0,0,3,0,0,0,0,0,0,0,0,0,0.99,0,0,0,0,255,255,255,255,255,255,255,255,255,255,255,255,65000000,-1,-1,-1,-1,-1,-1,-1,-1,-1,-1,-1,-1,-1,[0|0|0|0|0|0|0|0|0|0|0|0]
61901,,0,11750000,-1,-1,-1,-1,-1,5009000,5009100,5009200,5009300,50000000,52000000,51000000,53000000,-1,-1,-1,-1,60900000,60950000,-1,-1,-1,-1,-1,-1,-1,-1,-1,-1,-1,51,300,1400,52,1290,-1,-1,-1,-1,-1,10,1,0,1,0,1,0,1,0,2,0,0,0,0,0,0,0,0,0,3,3,2,2,1,0,0,0,0,0,255,255,255,255,255,255,255,0,0,0,0,255,255,255,255,0,0,0,0,0,0,10,0,-1,-1,-1,-1,-1,-1,0,0,0,0,0,0,3,1,0,0,3,0,0,0,0,0,0,0,0,0,0.99,0,0,0,0,255,255,255,255,255,255,255,255,255,255,255,255,65000000,-1,-1,-1,-1,-1,-1,-1,-1,-1,-1,-1,-1,-1,[0|0|0|0|0|0|0|0|0|0|0|0]
61902,,0,11750000,-1,-1,-1,-1,-1,5009000,5009100,5009200,5009300,50000000,52000000,51000000,53000000,-1,-1,-1,-1,60900000,60950000,-1,-1,-1,-1,-1,-1,-1,-1,-1,-1,-1,51,300,1400,52,1290,-1,-1,-1,-1,-1,10,1,0,1,0,1,0,1,0,3,0,0,0,0,0,0,0,0,0,3,3,2,2,1,0,0,0,0,0,255,255,255,255,255,255,255,0,0,0,0,255,255,255,255,0,0,0,0,0,0,10,0,-1,-1,-1,-1,-1,-1,0,0,0,0,0,0,3,1,0,0,3,0,0,0,0,0,0,0,0,0,0.99,0,0,0,0,255,255,255,255,255,255,255,255,255,255,255,255,65000000,-1,-1,-1,-1,-1,-1,-1,-1,-1,-1,-1,-1,-1,[0|0|0|0|0|0|0|0|0|0|0|0]
61903,,0,11750000,-1,-1,-1,-1,-1,5009000,5009100,5009200,5009300,50000000,52000000,51000000,53000000,-1,-1,-1,-1,60900000,60950000,-1,-1,-1,-1,-1,-1,-1,-1,-1,-1,-1,51,300,1400,52,1290,-1,-1,-1,-1,-1,10,1,0,1,0,1,0,1,0,4,0,0,0,0,0,0,0,0,0,3,3,2,2,1,0,0,0,0,0,255,255,255,255,255,255,255,0,0,0,0,255,255,255,255,0,0,0,0,0,0,10,0,-1,-1,-1,-1,-1,-1,0,0,0,0,0,0,3,1,0,0,3,0,0,0,0,0,0,0,0,0,0.99,0,0,0,0,255,255,255,255,255,255,255,255,255,255,255,255,65000000,-1,-1,-1,-1,-1,-1,-1,-1,-1,-1,-1,-1,-1,[0|0|0|0|0|0|0|0|0|0|0|0]
61904,,0,11750000,-1,-1,-1,-1,-1,5009000,5009100,5009200,5009300,50000000,52000000,51000000,53000000,-1,-1,-1,-1,60900000,60950000,-1,-1,-1,-1,-1,-1,-1,-1,-1,-1,-1,51,300,1400,52,1290,-1,-1,-1,-1,-1,10,1,0,1,0,1,0,1,0,5,0,0,0,0,0,0,0,0,0,3,3,2,2,1,0,0,0,0,0,255,255,255,255,255,255,255,0,0,0,0,255,255,255,255,0,0,0,0,0,0,10,0,-1,-1,-1,-1,-1,-1,0,0,0,0,0,0,3,1,0,0,3,0,0,0,0,0,0,0,0,0,0.99,0,0,0,0,255,255,255,255,255,255,255,255,255,255,255,255,65000000,-1,-1,-1,-1,-1,-1,-1,-1,-1,-1,-1,-1,-1,[0|0|0|0|0|0|0|0|0|0|0|0]
61905,,0,11750000,-1,-1,-1,-1,-1,5009000,5009100,5009200,5009300,50000000,52000000,51000000,53000000,-1,-1,-1,-1,60900000,60950000,-1,-1,-1,-1,-1,-1,-1,-1,-1,-1,-1,51,300,1400,52,1290,-1,-1,-1,-1,-1,10,1,0,1,0,1,0,1,0,6,0,0,0,0,0,0,0,0,0,3,3,2,2,1,0,0,0,0,0,255,255,255,255,255,255,255,0,0,0,0,255,255,255,255,0,0,0,0,0,0,10,0,-1,-1,-1,-1,-1,-1,0,0,0,0,0,0,3,1,0,0,3,0,0,0,0,0,0,0,0,0,0.99,0,0,0,0,255,255,255,255,255,255,255,255,255,255,255,255,65000000,-1,-1,-1,-1,-1,-1,-1,-1,-1,-1,-1,-1,-1,[0|0|0|0|0|0|0|0|0|0|0|0]
61906,,0,11750000,-1,-1,-1,-1,-1,5009000,5009100,5009200,5009300,50000000,52000000,51000000,53000000,-1,-1,-1,-1,60900000,60950000,-1,-1,-1,-1,-1,-1,-1,-1,-1,-1,-1,51,300,1400,52,1290,-1,-1,-1,-1,-1,10,1,0,1,0,1,0,1,0,7,0,0,0,0,0,0,0,0,0,3,3,2,2,1,0,0,0,0,0,255,255,255,255,255,255,255,0,0,0,0,255,255,255,255,0,0,0,0,0,0,10,0,-1,-1,-1,-1,-1,-1,0,0,0,0,0,0,3,1,0,0,3,0,0,0,0,0,0,0,0,0,0.99,0,0,0,0,255,255,255,255,255,255,255,255,255,255,255,255,65000000,-1,-1,-1,-1,-1,-1,-1,-1,-1,-1,-1,-1,-1,[0|0|0|0|0|0|0|0|0|0|0|0]
61907,,0,11750000,-1,-1,-1,-1,-1,5009000,5009100,5009200,5009300,50000000,52000000,51000000,53000000,-1,-1,-1,-1,60900000,60950000,-1,-1,-1,-1,-1,-1,-1,-1,-1,-1,-1,51,300,1400,52,1290,-1,-1,-1,-1,-1,10,1,0,1,0,1,0,1,0,8,0,0,0,0,0,0,0,0,0,3,3,2,2,1,0,0,0,0,0,255,255,255,255,255,255,255,0,0,0,0,255,255,255,255,0,0,0,0,0,0,10,0,-1,-1,-1,-1,-1,-1,0,0,0,0,0,0,3,1,0,0,3,0,0,0,0,0,0,0,0,0,0.99,0,0,0,0,255,255,255,255,255,255,255,255,255,255,255,255,65000000,-1,-1,-1,-1,-1,-1,-1,-1,-1,-1,-1,-1,-1,[0|0|0|0|0|0|0|0|0|0|0|0]
61908,,0,11750000,-1,-1,-1,-1,-1,5009000,5009100,5009200,5009300,50000000,52000000,51000000,53000000,-1,-1,-1,-1,60900000,60950000,-1,-1,-1,-1,-1,-1,-1,-1,-1,-1,-1,51,300,1400,52,1290,-1,-1,-1,-1,-1,10,1,0,1,0,1,0,1,0,9,0,0,0,0,0,0,0,0,0,3,3,2,2,1,0,0,0,0,0,255,255,255,255,255,255,255,0,0,0,0,255,255,255,255,0,0,0,0,0,0,10,0,-1,-1,-1,-1,-1,-1,0,0,0,0,0,0,3,1,0,0,3,0,0,0,0,0,0,0,0,0,0.99,0,0,0,0,255,255,255,255,255,255,255,255,255,255,255,255,65000000,-1,-1,-1,-1,-1,-1,-1,-1,-1,-1,-1,-1,-1,[0|0|0|0|0|0|0|0|0|0|0|0]
61909,,0,11750000,-1,-1,-1,-1,-1,5009000,5009100,5009200,5009300,50000000,52000000,51000000,53000000,-1,-1,-1,-1,60900000,60950000,-1,-1,-1,-1,-1,-1,-1,-1,-1,-1,-1,51,300,1400,52,1290,-1,-1,-1,-1,-1,10,1,0,1,0,1,0,1,0,10,0,0,0,0,0,0,0,0,0,3,3,2,2,1,0,0,0,0,0,255,255,255,255,255,255,255,0,0,0,0,255,255,255,255,0,0,0,0,0,0,10,0,-1,-1,-1,-1,-1,-1,0,0,0,0,0,0,3,1,0,0,3,0,0,0,0,0,0,0,0,0,0.99,0,0,0,0,255,255,255,255,255,255,255,255,255,255,255,255,65000000,-1,-1,-1,-1,-1,-1,-1,-1,-1,-1,-1,-1,-1,[0|0|0|0|0|0|0|0|0|0|0|0]
61910,,0,11750000,-1,-1,-1,-1,-1,5009000,5009100,5009200,5009300,50000000,52000000,51000000,53000000,-1,-1,-1,-1,60900000,60950000,-1,-1,-1,-1,-1,-1,-1,-1,-1,-1,-1,51,300,1400,52,1290,-1,-1,-1,-1,-1,10,1,0,1,0,1,0,1,0,11,0,0,0,0,0,0,0,0,0,3,3,2,2,1,0,0,0,0,0,255,255,255,255,255,255,255,0,0,0,0,255,255,255,255,0,0,0,0,0,0,10,0,-1,-1,-1,-1,-1,-1,0,0,0,0,0,0,3,1,0,0,3,0,0,0,0,0,0,0,0,0,0.99,0,0,0,0,255,255,255,255,255,255,255,255,255,255,255,255,65000000,-1,-1,-1,-1,-1,-1,-1,-1,-1,-1,-1,-1,-1,[0|0|0|0|0|0|0|0|0|0|0|0]
61911,,0,11750000,-1,-1,-1,-1,-1,5009000,5009100,5009200,5009300,50000000,52000000,51000000,53000000,-1,-1,-1,-1,60900000,60950000,-1,-1,-1,-1,-1,-1,-1,-1,-1,-1,-1,51,300,1400,52,1290,-1,-1,-1,-1,-1,10,1,0,1,0,1,0,1,0,12,0,0,0,0,0,0,0,0,0,3,3,2,2,1,0,0,0,0,0,255,255,255,255,255,255,255,0,0,0,0,255,255,255,255,0,0,0,0,0,0,10,0,-1,-1,-1,-1,-1,-1,0,0,0,0,0,0,3,1,0,0,3,0,0,0,0,0,0,0,0,0,0.99,0,0,0,0,255,255,255,255,255,255,255,255,255,255,255,255,65000000,-1,-1,-1,-1,-1,-1,-1,-1,-1,-1,-1,-1,-1,[0|0|0|0|0|0|0|0|0|0|0|0]
61912,,0,11750000,-1,-1,-1,-1,-1,5009000,5009100,5009200,5009300,50000000,52000000,51000000,53000000,-1,-1,-1,-1,60900000,60950000,-1,-1,-1,-1,-1,-1,-1,-1,-1,-1,-1,51,300,1400,52,1290,-1,-1,-1,-1,-1,10,1,0,1,0,1,0,1,0,13,0,0,0,0,0,0,0,0,0,3,3,2,2,1,0,0,0,0,0,255,255,255,255,255,255,255,0,0,0,0,255,255,255,255,0,0,0,0,0,0,10,0,-1,-1,-1,-1,-1,-1,0,0,0,0,0,0,3,1,0,0,3,0,0,0,0,0,0,0,0,0,0.99,0,0,0,0,255,255,255,255,255,255,255,255,255,255,255,255,65000000,-1,-1,-1,-1,-1,-1,-1,-1,-1,-1,-1,-1,-1,[0|0|0|0|0|0|0|0|0|0|0|0]
61913,,0,11750000,-1,-1,-1,-1,-1,5009000,5009100,5009200,5009300,50000000,52000000,51000000,53000000,-1,-1,-1,-1,60900000,60950000,-1,-1,-1,-1,-1,-1,-1,-1,-1,-1,-1,51,300,1400,52,1290,-1,-1,-1,-1,-1,10,1,0,1,0,1,0,1,0,14,0,0,0,0,0,0,0,0,0,3,3,2,2,1,0,0,0,0,0,255,255,255,255,255,255,255,0,0,0,0,255,255,255,255,0,0,0,0,0,0,10,0,-1,-1,-1,-1,-1,-1,0,0,0,0,0,0,3,1,0,0,3,0,0,0,0,0,0,0,0,0,0.99,0,0,0,0,255,255,255,255,255,255,255,255,255,255,255,255,65000000,-1,-1,-1,-1,-1,-1,-1,-1,-1,-1,-1,-1,-1,[0|0|0|0|0|0|0|0|0|0|0|0]
61914,,0,11750000,-1,-1,-1,-1,-1,5009000,5009100,5009200,5009300,50000000,52000000,51000000,53000000,-1,-1,-1,-1,60900000,60950000,-1,-1,-1,-1,-1,-1,-1,-1,-1,-1,-1,51,300,1400,52,1290,-1,-1,-1,-1,-1,10,1,0,1,0,1,0,1,0,15,0,0,0,0,0,0,0,0,0,3,3,2,2,1,0,0,0,0,0,255,255,255,255,255,255,255,0,0,0,0,255,255,255,255,0,0,0,0,0,0,10,0,-1,-1,-1,-1,-1,-1,0,0,0,0,0,0,3,1,0,0,3,0,0,0,0,0,0,0,0,0,0.99,0,0,0,0,255,255,255,255,255,255,255,255,255,255,255,255,65000000,-1,-1,-1,-1,-1,-1,-1,-1,-1,-1,-1,-1,-1,[0|0|0|0|0|0|0|0|0|0|0|0]
61999,,0,-1,-1,-1,-1,-1,-1,-1,-1,-1,-1,-1,-1,-1,-1,-1,-1,-1,-1,-1,-1,-1,-1,-1,-1,-1,-1,-1,-1,-1,-1,-1,10000,10001,10002,10010,10011,10012,-1,-1,-1,-1,0,0,0,0,0,0,0,0,0,0,0,0,0,0,0,0,0,0,0,2,2,2,2,2,2,0,0,0,0,255,255,255,255,255,255,255,0,0,0,0,255,255,255,255,0,0,0,0,0,0,0,0,-1,-1,-1,-1,-1,-1,0,0,0,0,0,0,255,255,0,0,255,0,0,0,0,0,0,0,0,0,1,0,0,0,0,255,255,255,255,255,255,255,255,255,255,255,255,65000000,-1,-1,-1,-1,-1,-1,-1,-1,-1,-1,-1,-1,-1,[0|0|0|0|0|0|0|0|0|0|0|0]
62000,,0,3750000,-1,30750000,-1,-1,-1,5000000,5000100,5000200,5000300,50000000,52000000,51000000,53000000,-1,-1,-1,-1,60000000,60010000,-1,-1,-1,-1,-1,-1,-1,-1,-1,-1,-1,-1,-1,-1,-1,-1,-1,-1,-1,-1,-1,10,1,0,1,0,1,0,1,0,1,0,0,0,0,0,0,0,0,0,0,0,0,0,0,0,0,0,0,0,255,255,255,255,255,255,255,0,0,1,0,255,255,255,255,0,0,0,0,0,0,1,0,-1,-1,-1,-1,-1,-1,0,0,0,0,0,0,3,3,0,0,3,0,0,0,0,0,0,0,0,0,1,0,0,0,0,255,255,255,255,255,255,255,255,255,255,255,255,65000000,-1,-1,-1,-1,-1,-1,-1,-1,-1,-1,-1,-1,-1,[0|0|0|0|0|0|0|0|0|0|0|0]
62001,,0,3000000,-1,30750000,-1,-1,-1,5000000,5000100,5000200,5000300,50000000,52000000,51000000,53000000,-1,-1,-1,-1,60000000,60010000,-1,-1,-1,-1,-1,-1,-1,-1,-1,-1,-1,-1,-1,-1,-1,-1,-1,-1,-1,-1,-1,10,1,0,1,0,1,0,1,0,2,0,0,0,0,0,0,0,0,0,0,0,0,0,0,0,0,0,0,0,255,255,255,255,255,255,255,0,0,1,0,255,255,255,255,0,0,0,0,0,0,1,0,-1,-1,-1,-1,-1,-1,0,0,0,0,0,0,3,3,0,0,3,0,0,0,0,0,0,0,0,0,1,0,0,0,0,255,255,255,255,255,255,255,255,255,255,255,255,65000000,-1,-1,-1,-1,-1,-1,-1,-1,-1,-1,-1,-1,-1,[0|0|0|0|0|0|0|0|0|0|0|0]
62002,,0,3040000,-1,30750000,-1,-1,-1,5000000,5000100,5000200,5000300,50000000,52000000,51000000,53000000,-1,-1,-1,-1,60000000,60010000,-1,-1,-1,-1,-1,-1,-1,-1,-1,-1,-1,-1,-1,-1,-1,-1,-1,-1,-1,-1,-1,10,1,0,1,0,1,0,1,0,3,0,0,0,0,0,0,0,0,0,0,0,0,0,0,0,0,0,0,0,255,255,255,255,255,255,255,0,0,1,0,255,255,255,255,0,0,0,0,0,0,1,0,-1,-1,-1,-1,-1,-1,0,0,0,0,0,0,3,3,0,0,3,0,0,0,0,0,0,0,0,0,1,0,0,0,0,255,255,255,255,255,255,255,255,255,255,255,255,65000000,-1,-1,-1,-1,-1,-1,-1,-1,-1,-1,-1,-1,-1,[0|0|0|0|0|0|0|0|0|0|0|0]
62003,,0,3080000,-1,30750000,-1,-1,-1,5000000,5000100,5000200,5000300,50000000,52000000,51000000,53000000,-1,-1,-1,-1,60000000,60010000,-1,-1,-1,-1,-1,-1,-1,-1,-1,-1,-1,-1,-1,-1,-1,-1,-1,-1,-1,-1,-1,10,1,0,1,0,1,0,1,0,5,0,0,0,0,0,0,0,0,0,0,0,0,0,0,0,0,0,0,0,255,255,255,255,255,255,255,0,0,1,0,255,255,255,255,0,0,0,0,0,0,1,0,-1,-1,-1,-1,-1,-1,0,0,0,0,0,0,3,3,0,0,3,0,0,0,0,0,0,0,0,0,1,0,0,0,0,255,255,255,255,255,255,255,255,255,255,255,255,65000000,-1,-1,-1,-1,-1,-1,-1,-1,-1,-1,-1,-1,-1,[0|0|0|0|0|0|0|0|0|0|0|0]
62004,,0,3080000,-1,30750000,-1,-1,-1,5000000,5000100,5000200,5000300,50000000,52000000,51000000,53000000,-1,-1,-1,-1,60000000,60010000,-1,-1,-1,-1,-1,-1,-1,-1,-1,-1,-1,-1,-1,-1,-1,-1,-1,-1,-1,-1,-1,10,1,0,1,0,1,0,1,0,6,0,0,0,0,0,0,0,0,0,0,0,0,0,0,0,0,0,0,0,255,255,255,255,255,255,255,0,0,1,0,255,255,255,255,0,0,0,0,0,0,1,0,-1,-1,-1,-1,-1,-1,0,0,0,0,0,0,3,3,0,0,3,0,0,0,0,0,0,0,0,0,1,0,0,0,0,255,255,255,255,255,255,255,255,255,255,255,255,65000000,-1,-1,-1,-1,-1,-1,-1,-1,-1,-1,-1,-1,-1,[0|0|0|0|0|0|0|0|0|0|0|0]
62005,,0,3080000,-1,30750000,-1,-1,-1,5000000,5000100,5000200,5000300,50000000,52000000,51000000,53000000,-1,-1,-1,-1,60000000,60010000,-1,-1,-1,-1,-1,-1,-1,-1,-1,-1,-1,-1,-1,-1,-1,-1,-1,-1,-1,-1,-1,10,1,0,1,0,1,0,1,0,8,0,0,0,0,0,0,0,0,0,0,0,0,0,0,0,0,0,0,0,255,255,255,255,255,255,255,0,0,1,0,255,255,255,255,0,0,0,0,0,0,1,0,-1,-1,-1,-1,-1,-1,0,0,0,0,0,0,4,4,0,0,4,0,0,0,0,0,0,0,0,0,1,0,0,0,0,255,255,255,255,255,255,255,255,255,255,255,255,65000000,-1,-1,-1,-1,-1,-1,-1,-1,-1,-1,-1,-1,-1,[0|0|0|0|0|0|0|0|0|0|0|0]
89997,,0,-1,-1,-1,-1,-1,-1,-1,-1,-1,-1,-1,-1,-1,-1,-1,-1,-1,-1,-1,-1,-1,-1,-1,-1,-1,-1,-1,-1,-1,-1,-1,10000,10001,10002,10010,10011,10012,-1,-1,-1,-1,0,0,0,0,0,0,0,0,0,0,0,0,0,0,0,0,0,0,0,2,2,2,2,2,2,0,0,0,0,255,255,255,255,255,255,255,0,0,0,0,255,255,255,255,0,0,0,0,0,0,0,0,-1,-1,-1,-1,-1,-1,0,0,0,0,0,0,255,255,0,0,255,0,0,0,0,0,0,0,0,0,1,0,0,0,0,255,255,255,255,255,255,255,255,255,255,255,255,65000000,-1,-1,-1,-1,-1,-1,-1,-1,-1,-1,-1,-1,-1,[0|0|0|0|0|0|0|0|0|0|0|0]
89998,,0,-1,-1,-1,-1,-1,-1,-1,-1,-1,-1,-1,-1,-1,-1,-1,-1,-1,-1,-1,-1,-1,-1,-1,-1,-1,-1,-1,-1,-1,-1,-1,10000,10001,10002,10010,10011,10012,-1,-1,-1,-1,0,0,0,0,0,0,0,0,0,0,0,0,0,0,0,0,0,0,0,2,2,2,2,2,2,0,0,0,0,255,255,255,255,255,255,255,0,0,0,0,255,255,255,255,0,0,0,0,0,0,0,0,-1,-1,-1,-1,-1,-1,0,0,0,0,0,0,255,255,0,0,255,0,0,0,0,0,0,0,0,0,1,0,0,0,0,255,255,255,255,255,255,255,255,255,255,255,255,65000000,-1,-1,-1,-1,-1,-1,-1,-1,-1,-1,-1,-1,-1,[0|0|0|0|0|0|0|0|0|0|0|0]
89999,,0,-1,-1,-1,-1,-1,-1,-1,-1,-1,-1,-1,-1,-1,-1,-1,-1,-1,-1,-1,-1,-1,-1,-1,-1,-1,-1,-1,-1,-1,-1,-1,10000,10001,10002,10010,10011,10012,-1,-1,-1,-1,0,0,0,0,0,0,0,0,0,0,0,0,0,0,0,0,0,0,0,2,2,2,2,2,2,0,0,0,0,255,255,255,255,255,255,255,0,0,0,0,255,255,255,255,0,0,0,0,0,0,0,0,-1,-1,-1,-1,-1,-1,0,0,0,0,0,0,255,255,0,0,255,0,0,0,0,0,0,0,0,0,1,0,0,0,0,255,255,255,255,255,255,255,255,255,255,255,255,65000000,-1,-1,-1,-1,-1,-1,-1,-1,-1,-1,-1,-1,-1,[0|0|0|0|0|0|0|0|0|0|0|0]
90000,[Wylder],0,3750000,-1,30750000,-1,-1,-1,5000000,5000100,5000200,5000300,50000000,52000000,51000000,53000000,-1,-1,-1,-1,60000000,60010000,-1,-1,-1,-1,-1,-1,-1,-1,-1,-1,-1,-1,-1,-1,-1,-1,-1,-1,-1,-1,-1,10,1,0,1,0,1,0,1,0,1,0,0,0,0,0,0,0,0,0,0,0,0,0,0,0,0,0,0,0,255,255,255,255,255,255,255,0,0,1,0,255,255,255,255,0,0,0,0,0,0,1,0,-1,-1,-1,-1,-1,-1,0,0,0,0,0,0,3,1,0,0,3,0,0,0,0,0,0,0,0,0,1,0,0,0,0,255,255,255,255,255,255,255,255,255,255,255,255,65000000,-1,-1,-1,-1,-1,-1,-1,-1,-1,-1,-1,-1,-1,[0|0|0|0|0|0|0|0|0|0|0|0]
90001,[Guardian],0,18750000,-1,32750000,-1,-1,-1,5001000,5001100,5001200,5001300,50000000,52000000,51000000,53000000,-1,-1,-1,-1,60100000,60120000,-1,-1,-1,-1,-1,-1,-1,-1,-1,-1,-1,-1,-1,-1,-1,-1,-1,-1,-1,-1,-1,11,1,0,1,0,1,0,1,0,1,0,0,0,0,0,0,0,0,0,0,0,0,0,0,0,0,0,0,0,255,255,255,255,255,255,255,0,0,1,0,255,255,255,255,0,0,0,0,0,0,2,5,-1,-1,-1,-1,-1,-1,0,0,0,0,0,0,3,1,0,0,3,0,0,0,0,0,0,0,0,0,1.15,0,0,0,0,255,255,255,255,255,255,255,255,255,255,255,255,65000000,-1,-1,-1,-1,-1,-1,-1,-1,-1,-1,-1,-1,-1,[0|0|0|0|0|0|0|0|0|0|0|0]
90002,[Ironeye],0,41750000,-1,-1,-1,-1,-1,5002000,5002100,5002200,5002300,50030000,52000000,51000000,53000000,-1,-1,-1,-1,60230000,60210000,60220000,-1,-1,-1,-1,-1,-1,-1,-1,-1,-1,-1,-1,-1,-1,-1,-1,-1,-1,-1,-1,10,1,0,1,0,1,0,1,0,1,0,0,0,0,0,0,0,0,0,0,0,0,0,0,0,0,0,0,0,255,255,255,255,255,255,255,0,0,1,0,255,255,255,255,0,0,0,0,0,0,3,2,-1,-1,-1,-1,-1,-1,0,0,0,0,0,0,3,1,0,0,3,0,0,0,0,0,0,0,0,0,1,0,0,0,0,255,255,255,255,255,255,255,255,255,255,255,255,65000000,-1,-1,-1,-1,-1,-1,-1,-1,-1,-1,-1,-1,-1,[0|0|0|0|0|0|0|0|0|0|0|0]
90003,[Duchess],0,1750000,-1,-1,-1,-1,-1,5003000,5003100,5003200,5003300,50000000,52000000,51000000,53000000,-1,-1,-1,-1,60300000,60310000,-1,-1,-1,-1,-1,-1,-1,-1,-1,-1,-1,-1,-1,-1,-1,-1,-1,-1,-1,-1,-1,10,1,0,1,0,1,0,1,0,1,0,0,0,0,0,0,0,0,0,0,0,0,0,0,0,0,0,0,0,255,255,255,255,255,255,255,0,0,0,0,255,255,255,255,0,0,0,0,0,0,4,0,-1,-1,-1,-1,-1,-1,0,0,0,0,0,0,3,1,0,0,3,0,0,0,0,0,0,0,0,0,0.96,0,0,0,0,255,255,255,255,255,255,255,255,255,255,255,255,65000000,-1,-1,-1,-1,-1,-1,-1,-1,-1,-1,-1,-1,-1,[0|0|0|0|0|0|0|0|0|0|0|0]
90004,[Raider],0,23750000,-1,-1,-1,-1,-1,5004000,5004100,5004200,5004300,50000000,52000000,51000000,53000000,-1,-1,-1,-1,60400000,60410000,-1,-1,-1,-1,-1,-1,-1,-1,-1,-1,-1,-1,-1,-1,-1,-1,-1,-1,-1,-1,-1,1,1,0,1,0,1,0,1,0,1,0,0,0,0,0,0,0,0,0,0,0,0,0,0,0,0,0,0,0,255,255,255,255,255,255,255,0,0,1,0,255,255,255,255,0,0,0,0,0,0,5,4,-1,-1,-1,-1,-1,-1,0,0,0,0,0,0,3,1,0,0,3,0,0,0,0,0,0,0,0,0,1.12,0,0,0,0,255,255,255,255,255,255,255,255,255,255,255,255,65000000,-1,-1,-1,-1,-1,-1,-1,-1,-1,-1,-1,-1,-1,[0|0|0|0|0|0|0|0|0|0|0|0]
90005,[Revenant],0,21750000,-1,34750000,-1,-1,-1,5005000,5005100,5005200,5005300,50000000,52000000,51000000,53000000,-1,-1,-1,-1,60500000,60510000,60520000,-1,-1,-1,-1,-1,-1,-1,-1,-1,-1,-1,-1,-1,-1,-1,-1,-1,-1,-1,-1,12,1,0,1,0,1,0,1,0,1,0,0,0,0,0,0,0,0,0,0,0,0,0,0,0,0,0,0,0,255,255,255,255,255,255,255,0,0,0,0,255,255,255,255,0,0,0,0,0,0,6,2,-1,-1,-1,-1,-1,-1,0,0,0,0,0,0,3,1,0,0,3,0,0,0,0,0,0,0,0,0,0.85,0,0,0,0,255,255,255,255,255,255,255,255,255,255,255,255,65000000,-1,-1,-1,-1,-1,-1,-1,-1,-1,-1,-1,-1,-1,[0|0|0|0|0|0|0|0|0|0|0|0]
90006,[Recluse],0,33750000,-1,-1,-1,-1,-1,5006000,5006100,5006200,5006300,50000000,52000000,51000000,53000000,-1,-1,-1,-1,60600000,60610000,-1,-1,-1,-1,-1,-1,-1,-1,-1,-1,-1,-1,-1,-1,-1,-1,-1,-1,-1,-1,-1,13,1,0,1,0,1,0,1,0,1,0,0,0,0,0,0,0,0,0,0,0,0,0,0,0,0,0,0,0,255,255,255,255,255,255,255,0,0,0,0,255,255,255,255,0,0,0,0,0,0,7,0,-1,-1,-1,-1,-1,-1,0,0,0,0,0,0,3,1,0,0,3,0,0,0,0,0,0,0,0,0,1.05,0,0,0,0,255,255,255,255,255,255,255,255,255,255,255,255,65000000,-1,-1,-1,-1,-1,-1,-1,-1,-1,-1,-1,-1,-1,[0|0|0|0|0|0|0|0|0|0|0|0]
90007,[Executor],0,9750000,-1,-1,-1,-1,-1,5007000,5007100,5007200,5007300,50000000,52000000,51000000,53000000,-1,-1,-1,-1,60700000,-1,-1,-1,-1,-1,-1,-1,-1,-1,-1,-1,-1,-1,-1,-1,-1,-1,-1,-1,-1,-1,-1,10,1,0,1,0,1,0,1,0,1,0,0,0,0,0,0,0,0,0,0,0,0,0,0,0,0,0,0,0,255,255,255,255,255,255,255,0,0,1,0,255,255,255,255,0,0,0,0,0,0,8,0,-1,-1,-1,-1,-1,-1,0,0,0,0,0,0,3,1,0,0,3,0,0,0,0,0,0,0,0,0,1.02,0,0,0,0,255,255,255,255,255,255,255,255,255,255,255,255,65000000,-1,-1,-1,-1,-1,-1,-1,-1,-1,-1,-1,-1,-1,[0|0|0|0|0|0|0|0|0|0|0|0]
90008,,0,5750000,-1,-1,-1,-1,-1,5008000,5008100,5008200,5008300,50000000,52000000,51000000,53000000,-1,-1,-1,-1,60800000,60810000,-1,-1,-1,-1,-1,-1,-1,-1,-1,-1,-1,-1,-1,-1,-1,-1,-1,-1,-1,-1,-1,10,1,0,1,0,1,0,1,0,1,0,0,0,0,0,0,0,0,0,0,0,0,0,0,0,0,0,0,0,255,255,255,255,255,255,255,0,0,1,0,255,255,255,255,0,0,0,0,0,0,9,0,-1,-1,-1,-1,-1,-1,0,0,0,0,0,0,3,1,0,0,3,0,0,0,0,0,0,0,0,0,0.97,0,0,0,0,255,255,255,255,255,255,255,255,255,255,255,255,65000000,-1,-1,-1,-1,-1,-1,-1,-1,-1,-1,-1,-1,-1,[0|0|0|0|0|0|0|0|0|0|0|0]
90009,,0,11750000,-1,-1,-1,-1,-1,5009000,5009100,5009200,5009300,50000000,52000000,51000000,53000000,-1,-1,-1,-1,60900000,60950000,-1,-1,-1,-1,-1,-1,-1,-1,-1,-1,-1,-1,-1,-1,-1,-1,-1,-1,-1,-1,-1,10,1,0,1,0,1,0,1,0,1,0,0,0,0,0,0,0,0,0,0,0,0,0,0,0,0,0,0,0,255,255,255,255,255,255,255,0,0,0,0,255,255,255,255,0,0,0,0,0,0,10,0,-1,-1,-1,-1,-1,-1,0,0,0,0,0,0,3,1,0,0,3,0,0,0,0,0,0,0,0,0,0.99,0,0,0,0,255,255,255,255,255,255,255,255,255,255,255,255,65000000,-1,-1,-1,-1,-1,-1,-1,-1,-1,-1,-1,-1,-1,[0|0|0|0|0|0|0|0|0|0|0|0]
90099,,0,3750000,-1,30750000,-1,-1,-1,1500000,1500100,1500200,1500300,50000000,52000000,51000000,53000000,-1,-1,-1,-1,60000000,60010000,-1,-1,-1,-1,-1,-1,-1,-1,-1,-1,-1,-1,-1,-1,-1,-1,-1,-1,-1,-1,-1,10,1,0,1,0,1,0,1,0,1,0,0,0,0,0,0,0,0,0,0,0,0,0,0,0,0,0,0,0,255,255,255,255,255,255,255,0,0,1,0,255,255,255,255,0,0,0,0,0,0,0,0,-1,-1,-1,-1,-1,-1,0,0,0,0,0,0,3,1,0,0,3,0,0,0,0,0,0,0,0,0,1,0,0,0,0,255,255,255,255,255,255,255,255,255,255,255,255,65000000,-1,-1,-1,-1,-1,-1,-1,-1,-1,-1,-1,-1,-1,[0|0|0|0|0|0|0|0|0|0|0|0]
