ID,Name,disableParam_NT,disableParamReserve1,disableParamReserve2,refId_default,sfxVariationId,weight,basicPrice,sellValue,behaviorId,replaceItemId,sortId,appearanceReplaceItemId,yesNoDialogMessageId,useEnableSpEffectType,potGroupId,pad,iconId,modelId,shopLv,compTrophySedId,trophySeqId,maxNum,consumeHeroPoint,overDexterity,goodsType,refCategory,spEffectCategory,useItemConferBullets,goodsUseAnim,opmeMenuType,useLimitCategory,replaceCategory,reserve4,enable_live,enable_gray,enable_white,enable_black,enable_multi,disable_offline,isEquip,isConsume,isAutoEquip,isEstablishment,isOnlyOne,enableSparringGrounds,isDeposit,isDisableHand,isRemoveItem_forGameClear,isSuppleItem,isFullSuppleItem,isEnhance,isFixItem,enableVisualCodex,disableUseAtColiseum,disableUseAtOutOfColiseum,isEnableFastUseItem,isApplySpecialEffect,syncNumVaryId,refId_1,refVirtualWepId,vagrantItemLotId,carrySpEffectId,emptySpEffectId,castSfxId,fireSfxId,effectSfxId,enable_ActiveBigRune,isBonfireWarpItem,enable_Ladder,isUseMultiPlayPreparation,canMultiUse,isShieldEnchant,isWarpProhibited,isUseMultiPenaltyOnly,suppleType,autoReplenishType,isDrop,showLogCondType,isSummonHorse,showDialogCondType,isSleepCollectionItem,enableRiding,disableRiding,maxRepositoryNum,sortGroupId,isUseNoAttackRegion,pad1_old,saleValue,rarity,useLimitSummonBuddy,useLimitSpEffectType,aiUseJudgeId,consumeMP,consumeHP,reinforceGoodsId,reinforceMaterialId,reinforcePrice,useLevel_vowType0,useLevel_vowType1,useLevel_vowType2,useLevel_vowType3,useLevel_vowType4,useLevel_vowType5,useLevel_vowType6,useLevel_vowType7,useLevel_vowType8,useLevel_vowType9,useLevel_vowType10,useLevel_vowType11,useLevel_vowType12,useLevel_vowType13,useLevel_vowType14,useLevel_vowType15,useLevel,bagcraftMaxNum,bagcraftCategory,itemGetTutorialFlagId,characterInitId,itemConferBulletId,itemConferBulletId_1,sparringGroundsEventFlagId,level2RefId,level2RefId_1,level3RefId,level3RefId_1,level2_itemConferBulletId,level2_itemConferBulletId_1,level3_itemConferBulletId,level3_itemConferBulletId_1,bagcraftCategoryXp,fh_unknown_09c,fh_unknown_10,
0,,1,0,[0|0|0],-1,-1,0,0,0,0,-1,-1,-1,-1,0,0,0,0,0,0,-1,-1,1,0,0,0,0,0,-1,0,0,0,0,[0|0],1,1,1,1,1,0,0,0,1,0,0,0,1,0,0,0,0,0,0,0,0,0,0,0,0,-1,-1,-1,-1,-1,-1,-1,-1,0,0,0,0,0,0,0,0,0,0,1,0,0,0,0,1,0,0,255,1,0,-1,0,0,0,-1,0,-1,-1,-1,0,0,0,0,0,0,0,0,0,0,0,0,0,0,0,0,0,0,-1,0,0,-1,-1,-1,0,-1,-1,-1,-1,-1,-1,-1,-1,0,0,[0|0|0|0]
2,[Shrouded City (L)] Favor of Noklateo- the Shrouded City,0,0,[0|0|0],-1,-1,0,0,-1,0,-1,40760,-1,-1,0,0,0,20292,0,-1,-1,-1,1,0,50,11,0,0,-1,0,0,0,0,[0|0],0,0,0,0,0,0,0,0,0,0,0,0,0,0,0,0,0,0,0,0,0,0,0,0,0,-1,-1,2,-1,-1,-1,-1,-1,1,0,0,0,0,0,0,0,0,0,1,0,0,0,0,1,0,0,20,1,0,0,3,0,0,-1,0,-1,-1,-1,0,0,0,0,0,0,0,0,0,0,0,0,0,0,0,0,0,0,-1,0,0,-1,-1,-1,0,-1,-1,-1,-1,-1,-1,-1,-1,0,0,[0|0|0|0]
11,[Mountaintop (U)] Improved Frost Resistance,0,0,[0|0|0],-1,-1,0,0,-1,0,-1,40760,-1,-1,0,0,0,20208,0,-1,-1,-1,1,0,50,11,0,0,-1,0,0,0,0,[0|0],0,0,0,0,0,0,0,0,0,0,0,0,0,0,0,0,0,0,0,0,0,0,0,0,0,-1,-1,11,-1,-1,-1,-1,-1,1,0,0,0,0,0,0,0,0,0,1,0,0,0,0,1,0,0,20,1,0,0,1,0,0,-1,0,-1,-1,-1,0,0,0,0,0,0,0,0,0,0,0,0,0,0,0,0,0,0,-1,0,0,-1,-1,-1,0,-1,-1,-1,-1,-1,-1,-1,-1,0,0,[0|0|0|0]
12,[Mountaintop (U)] Attack Boost [Dragons],0,0,[0|0|0],-1,-1,0,0,-1,0,-1,40760,-1,-1,0,0,0,20206,0,-1,-1,-1,1,0,50,11,0,0,-1,0,0,0,0,[0|0],0,0,0,0,0,0,0,0,0,0,0,0,0,0,0,0,0,0,0,0,0,0,0,0,0,-1,-1,12,-1,-1,-1,-1,-1,1,0,0,0,0,0,0,0,0,0,1,0,0,0,0,1,0,0,20,1,0,0,1,0,0,-1,0,-1,-1,-1,0,0,0,0,0,0,0,0,0,0,0,0,0,0,0,0,0,0,-1,0,0,-1,-1,-1,0,-1,-1,-1,-1,-1,-1,-1,-1,0,0,[0|0|0|0]
51,,0,0,[0|0|0],40999,12,0,0,100,0,-1,999999,-1,-1,0,0,0,10040,0,-1,-1,-1,3,0,50,0,2,0,-1,7,0,0,0,[0|0],1,1,1,1,1,0,1,1,0,0,0,0,1,0,0,0,0,0,0,0,0,0,0,0,0,-1,-1,-1,-1,-1,-1,-1,-1,1,0,1,1,0,0,0,0,0,2,1,0,0,0,0,1,0,0,20,1,0,0,9,0,609,-1,0,-1,-1,-1,0,0,0,0,0,0,0,0,0,0,0,0,0,0,0,0,0,0,-1,0,0,-1,-1,-1,0,-1,-1,-1,-1,-1,-1,-1,-1,0,0,[0|0|0|0]
52,,0,0,[0|0|0],30101,12,0,0,100,0,-1,1000,-1,-1,0,0,0,46,0,-1,-1,-1,3,0,50,0,2,0,-1,0,0,0,0,[0|0],1,1,1,1,1,0,1,1,0,0,0,0,1,0,0,0,0,0,0,0,0,0,0,0,0,-1,-1,-1,-1,-1,-1,301033,-1,1,0,1,1,0,0,0,0,0,2,1,0,0,0,0,1,0,0,20,1,0,0,9,0,609,-1,0,-1,-1,-1,0,0,0,0,0,0,0,0,0,0,0,0,0,0,0,0,0,0,-1,0,0,-1,-1,-1,0,-1,-1,-1,-1,-1,-1,-1,-1,0,0,[0|0|0|0]
60,,1,0,[0|0|0],-1,-1,0,0,1,0,-1,999999,-1,-1,0,0,0,0,0,-1,-1,-1,99,0,50,0,2,0,-1,255,0,0,0,[0|0],1,1,1,1,1,0,1,1,1,0,0,0,0,0,0,0,0,0,0,0,0,0,0,0,0,-1,-1,-1,-1,-1,-1,-1,-1,1,0,0,1,0,0,0,0,0,0,1,0,0,0,0,1,0,0,255,1,0,1,0,0,0,-1,0,-1,-1,-1,0,0,0,0,0,0,0,0,0,0,0,0,0,0,0,0,0,0,-1,0,0,-1,-1,-1,0,-1,-1,-1,-1,-1,-1,-1,-1,0,0,[0|0|0|0]
61,,1,0,[0|0|0],-1,-1,0,0,1,0,-1,999999,-1,-1,0,0,0,0,0,-1,-1,-1,99,0,50,0,2,0,-1,255,0,0,0,[0|0],1,1,1,1,1,0,1,1,1,0,0,0,0,0,0,0,0,0,0,0,0,0,0,0,0,-1,-1,-1,-1,-1,-1,-1,-1,1,0,0,1,0,0,0,0,0,0,1,0,0,0,0,1,0,0,255,1,0,1,0,0,0,-1,0,-1,-1,-1,0,0,0,0,0,0,0,0,0,0,0,0,0,0,0,0,0,0,-1,0,0,-1,-1,-1,0,-1,-1,-1,-1,-1,-1,-1,-1,0,0,[0|0|0|0]
62,,1,0,[0|0|0],-1,-1,0,0,1,0,-1,999999,-1,-1,0,0,0,0,0,-1,-1,-1,99,0,50,0,2,0,-1,255,0,0,0,[0|0],1,1,1,1,1,0,1,1,1,0,0,0,0,0,0,0,0,0,0,0,0,0,0,0,0,-1,-1,-1,-1,-1,-1,-1,-1,1,0,0,1,0,0,0,0,0,0,1,0,0,0,0,1,0,0,255,1,0,1,0,0,0,-1,0,-1,-1,-1,0,0,0,0,0,0,0,0,0,0,0,0,0,0,0,0,0,0,-1,0,0,-1,-1,-1,0,-1,-1,-1,-1,-1,-1,-1,-1,0,0,[0|0|0|0]
63,,1,0,[0|0|0],-1,-1,0,0,1,0,-1,999999,-1,-1,0,0,0,0,0,-1,-1,-1,99,0,50,0,2,0,-1,255,0,0,0,[0|0],1,1,1,1,1,0,1,1,1,0,0,0,0,0,0,0,0,0,0,0,0,0,0,0,0,-1,-1,-1,-1,-1,-1,-1,-1,1,0,0,1,0,0,0,0,0,0,1,0,0,0,0,1,0,0,255,1,0,1,0,0,0,-1,0,-1,-1,-1,0,0,0,0,0,0,0,0,0,0,0,0,0,0,0,0,0,0,-1,0,0,-1,-1,-1,0,-1,-1,-1,-1,-1,-1,-1,-1,0,0,[0|0|0|0]
64,,1,0,[0|0|0],-1,-1,0,0,1,0,-1,999999,-1,-1,0,0,0,0,0,-1,-1,-1,99,0,50,0,2,0,-1,255,0,0,0,[0|0],1,1,1,1,1,0,1,1,1,0,0,0,0,0,0,0,0,0,0,0,0,0,0,0,0,-1,-1,-1,-1,-1,-1,-1,-1,1,0,0,1,0,0,0,0,0,0,1,0,0,0,0,1,0,0,255,1,0,1,0,0,0,-1,0,-1,-1,-1,0,0,0,0,0,0,0,0,0,0,0,0,0,0,0,0,0,0,-1,0,0,-1,-1,-1,0,-1,-1,-1,-1,-1,-1,-1,-1,0,0,[0|0|0|0]
65,,1,0,[0|0|0],-1,-1,0,0,1,0,-1,999999,-1,-1,0,0,0,0,0,-1,-1,-1,99,0,50,0,2,0,-1,255,0,0,0,[0|0],1,1,1,1,1,0,1,1,1,0,0,0,0,0,0,0,0,0,0,0,0,0,0,0,0,-1,-1,-1,-1,-1,-1,-1,-1,1,0,0,1,0,0,0,0,0,0,1,0,0,0,0,1,0,0,255,1,0,1,0,0,0,-1,0,-1,-1,-1,0,0,0,0,0,0,0,0,0,0,0,0,0,0,0,0,0,0,-1,0,0,-1,-1,-1,0,-1,-1,-1,-1,-1,-1,-1,-1,0,0,[0|0|0|0]
66,,1,0,[0|0|0],-1,-1,0,0,1,0,-1,999999,-1,-1,0,0,0,0,0,-1,-1,-1,99,0,50,0,2,0,-1,255,0,0,0,[0|0],1,1,1,1,1,0,1,1,1,0,0,0,0,0,0,0,0,0,0,0,0,0,0,0,0,-1,-1,-1,-1,-1,-1,-1,-1,1,0,0,1,0,0,0,0,0,0,1,0,0,0,0,1,0,0,255,1,0,1,0,0,0,-1,0,-1,-1,-1,0,0,0,0,0,0,0,0,0,0,0,0,0,0,0,0,0,0,-1,0,0,-1,-1,-1,0,-1,-1,-1,-1,-1,-1,-1,-1,0,0,[0|0|0|0]
67,,1,0,[0|0|0],-1,-1,0,0,1,0,-1,999999,-1,-1,0,0,0,0,0,-1,-1,-1,99,0,50,0,2,0,-1,255,0,0,0,[0|0],1,1,1,1,1,0,1,1,1,0,0,0,0,0,0,0,0,0,0,0,0,0,0,0,0,-1,-1,-1,-1,-1,-1,-1,-1,1,0,0,1,0,0,0,0,0,0,1,0,0,0,0,1,0,0,255,1,0,1,0,0,0,-1,0,-1,-1,-1,0,0,0,0,0,0,0,0,0,0,0,0,0,0,0,0,0,0,-1,0,0,-1,-1,-1,0,-1,-1,-1,-1,-1,-1,-1,-1,0,0,[0|0|0|0]
68,,1,0,[0|0|0],-1,-1,0,0,1,0,-1,999999,-1,-1,0,0,0,0,0,-1,-1,-1,99,0,50,0,2,0,-1,255,0,0,0,[0|0],1,1,1,1,1,0,1,1,1,0,0,0,0,0,0,0,0,0,0,0,0,0,0,0,0,-1,-1,-1,-1,-1,-1,-1,-1,1,0,0,1,0,0,0,0,0,0,1,0,0,0,0,1,0,0,255,1,0,1,0,0,0,-1,0,-1,-1,-1,0,0,0,0,0,0,0,0,0,0,0,0,0,0,0,0,0,0,-1,0,0,-1,-1,-1,0,-1,-1,-1,-1,-1,-1,-1,-1,0,0,[0|0|0|0]
69,,1,0,[0|0|0],-1,-1,0,0,1,0,-1,999999,-1,-1,0,0,0,0,0,-1,-1,-1,99,0,50,0,2,0,-1,255,0,0,0,[0|0],1,1,1,1,1,0,1,1,1,0,0,0,0,0,0,0,0,0,0,0,0,0,0,0,0,-1,-1,-1,-1,-1,-1,-1,-1,1,0,0,1,0,0,0,0,0,0,1,0,0,0,0,1,0,0,255,1,0,1,0,0,0,-1,0,-1,-1,-1,0,0,0,0,0,0,0,0,0,0,0,0,0,0,0,0,0,0,-1,0,0,-1,-1,-1,0,-1,-1,-1,-1,-1,-1,-1,-1,0,0,[0|0|0|0]
300,[Common] Fire Pot,1,0,[0|0|0],10030000,5,0,0,-1,0,-1,2000,-1,-1,0,0,0,25,0,-1,-1,-1,2,0,50,0,1,0,-1,3,0,0,0,[0|0],1,1,1,1,1,0,1,1,0,0,0,1,1,0,0,0,0,0,0,1,0,0,0,1,0,-1,830000,-1,-1,-1,300120,-1,-1,1,0,0,1,0,0,0,0,0,2,1,1,0,0,0,1,0,0,30,0,0,0,0,0,609,10000000,0,-1,-1,-1,0,0,0,0,0,0,0,0,0,0,0,0,0,0,0,0,0,0,4,2,0,-1,-1,-1,0,13030000,-1,13030010,-1,-1,-1,-1,-1,20,1,[0|0|0|0]
320,[Common] Lightning Pot,1,0,[0|0|0],10032000,17,0,0,-1,0,-1,2060,-1,-1,0,0,0,28,0,-1,-1,-1,2,0,50,0,1,0,-1,3,0,0,0,[0|0],1,1,1,1,1,0,1,1,0,0,0,1,1,0,0,0,0,0,0,1,0,0,0,1,0,-1,832000,-1,-1,-1,300170,-1,-1,1,0,0,1,0,0,0,0,0,2,1,1,0,0,0,1,0,0,30,0,0,0,0,0,609,10000000,0,-1,-1,-1,0,0,0,0,0,0,0,0,0,0,0,0,0,0,0,0,0,0,4,2,0,-1,-1,-1,0,13032000,-1,13032050,-1,-1,-1,-1,-1,20,1,[0|0|0|0]
330,[Uncommon] Fetid Pot,1,0,[0|0|0],10033000,20,0,0,-1,0,-1,2110,-1,-1,0,0,0,30,0,-1,-1,-1,2,0,50,0,1,0,-1,3,0,0,0,[0|0],1,1,1,1,1,0,1,1,0,0,0,1,1,0,0,0,0,0,0,1,0,0,0,1,0,-1,833000,-1,-1,-1,300190,-1,-1,1,0,0,1,0,0,0,0,0,2,1,0,0,0,0,1,0,0,30,0,0,0,1,0,609,10000000,0,-1,-1,-1,0,0,0,0,0,0,0,0,0,0,0,0,0,0,0,0,0,0,4,2,0,-1,-1,-1,0,13033000,-1,13033010,-1,-1,-1,-1,-1,20,1,[0|0|0|0]
340,[Uncommon] Swarm Pot,1,0,[0|0|0],10034000,5,0,0,-1,0,-1,2130,-1,-1,0,0,0,31,0,-1,-1,-1,2,0,50,0,1,0,-1,3,0,0,0,[0|0],1,1,1,1,1,0,1,1,0,0,0,1,1,0,0,0,0,0,0,1,0,0,0,1,0,-1,834000,-1,-1,-1,300200,-1,-1,1,0,0,1,0,0,0,0,0,2,1,0,0,0,0,1,0,0,30,0,0,0,1,0,609,10000000,0,-1,-1,-1,0,0,0,0,0,0,0,0,0,0,0,0,0,0,0,0,0,0,4,2,0,-1,-1,-1,0,13034000,-1,13034010,-1,-1,-1,-1,-1,20,1,[0|0|0|0]
350,[Common] Holy Water Pot,1,0,[0|0|0],10035000,17,0,0,-1,0,-1,2080,-1,-1,0,0,0,32,0,-1,-1,-1,2,0,50,0,1,0,-1,42,0,0,0,[0|0],1,1,1,1,1,0,1,1,0,0,0,1,1,0,0,0,0,0,0,1,0,0,0,1,0,-1,835000,-1,-1,-1,300180,-1,-1,1,0,0,1,0,0,0,0,0,2,1,1,0,0,0,1,0,0,30,0,0,0,0,0,609,10000000,0,-1,-1,-1,0,0,0,0,0,0,0,0,0,0,0,0,0,0,0,0,0,0,4,2,0,-1,-1,-1,0,13035000,-1,13035010,-1,-1,-1,-1,-1,20,1,[0|0|0|0]
360,[Uncommon] Freezing Pot,1,0,[0|0|0],10036000,5,0,0,-1,0,-1,2140,-1,-1,0,0,0,560,0,-1,-1,-1,2,0,50,0,1,0,-1,3,0,0,0,[0|0],1,1,1,1,1,0,1,1,0,0,0,1,1,0,0,0,0,0,0,1,0,0,0,1,0,-1,836000,-1,-1,-1,300160,-1,-1,1,0,0,1,0,0,0,0,0,2,1,0,0,0,0,1,0,0,30,0,0,0,1,0,609,10000000,0,-1,-1,-1,0,0,0,0,0,0,0,0,0,0,0,0,0,0,0,0,0,0,4,2,0,-1,-1,-1,0,13036000,-1,13036010,-1,-1,-1,-1,-1,20,1,[0|0|0|0]
370,[Uncommon] Poison Pot,1,0,[0|0|0],10037000,5,0,0,-1,0,-1,2100,-1,-1,0,0,0,561,0,-1,-1,-1,2,0,50,0,1,0,-1,3,0,0,0,[0|0],1,1,1,1,1,0,1,1,0,0,0,1,1,0,0,0,0,0,0,1,0,0,0,1,0,-1,837000,-1,-1,-1,300240,-1,-1,1,0,0,1,0,0,0,0,0,2,1,0,0,0,0,1,0,0,30,0,0,0,1,0,609,10000000,0,-1,-1,-1,0,0,0,0,0,0,0,0,0,0,0,0,0,0,0,0,0,0,4,2,0,-1,-1,-1,0,13037000,-1,13037010,-1,-1,-1,-1,-1,20,0,[0|0|0|0]
390,[Common] Alluring Pot,1,0,[0|0|0],10039000,21,0,0,-1,0,-1,2190,-1,-1,0,0,0,86,0,-1,-1,-1,2,0,50,0,1,0,-1,42,0,0,0,[0|0],1,1,1,1,1,0,1,1,0,0,0,1,1,0,0,0,0,0,0,1,0,0,0,1,0,-1,-1,-1,-1,-1,300350,-1,-1,1,0,0,1,0,0,0,0,0,2,1,0,0,0,0,1,0,0,30,0,0,0,0,0,609,10000000,0,-1,-1,-1,0,0,0,0,0,0,0,0,0,0,0,0,0,0,0,0,0,0,4,2,0,-1,-1,-1,0,13039000,-1,13039010,-1,-1,-1,-1,-1,20,0,[0|0|0|0]
391,[Common] Beastlure Pot,1,0,[0|0|0],10039100,21,0,0,-1,0,-1,2200,-1,-1,0,0,0,87,0,-1,-1,-1,2,0,50,0,1,0,-1,42,0,0,0,[0|0],1,1,1,1,1,0,1,1,0,0,0,1,1,0,0,0,0,0,0,1,0,0,0,1,0,-1,-1,-1,-1,-1,300355,-1,-1,1,0,0,1,0,0,0,0,0,2,1,0,0,0,0,1,0,0,30,0,0,0,0,0,609,10000000,0,-1,-1,-1,0,0,0,0,0,0,0,0,0,0,0,0,0,0,0,0,0,0,4,2,0,-1,-1,-1,0,13039100,-1,13039110,-1,-1,-1,-1,-1,20,0,[0|0|0|0]
600,[Uncommon] Volcano Pot,1,0,[0|0|0],10060000,5,0,0,-1,0,-1,2160,-1,-1,0,0,0,585,0,-1,-1,-1,2,0,50,0,1,0,-1,42,0,0,0,[0|0],1,1,1,1,1,0,1,1,0,0,0,1,1,0,0,0,0,0,0,1,0,0,0,1,0,-1,860000,-1,-1,-1,300130,-1,-1,1,0,0,1,0,0,0,0,0,2,1,0,0,0,0,1,0,0,30,0,0,0,1,0,609,10000000,0,-1,-1,-1,0,0,0,0,0,0,0,0,0,0,0,0,0,0,0,0,0,0,4,2,0,-1,-1,-1,0,13060000,-1,13060010,-1,-1,-1,-1,-1,20,1,[0|0|0|0]
640,[Uncommon] Sleep Pot,1,0,[0|0|0],10064000,-1,0,0,-1,0,-1,2150,-1,-1,0,0,0,213,0,-1,-1,-1,2,0,50,0,1,0,-1,42,0,0,0,[0|0],1,1,1,1,1,0,1,1,0,0,0,1,1,0,0,0,0,0,0,1,0,0,0,1,0,-1,864000,-1,-1,-1,300210,-1,-1,1,0,0,1,0,0,0,0,0,2,1,0,0,0,0,1,0,0,30,0,0,0,1,0,609,10000000,0,-1,-1,-1,0,0,0,0,0,0,0,0,0,0,0,0,0,0,0,0,0,0,4,2,0,-1,-1,-1,0,13064000,-1,13064010,-1,-1,-1,-1,-1,20,0,[0|0|0|0]
650,[Uncommon] Rancor Pot,1,0,[0|0|0],10065000,17,0,0,-1,0,-1,2170,-1,-1,0,0,0,196,0,-1,-1,-1,2,0,50,0,1,0,-1,42,0,0,0,[0|0],1,1,1,1,1,0,1,1,0,0,0,1,1,0,0,0,0,0,0,1,0,0,0,1,0,-1,865000,-1,-1,-1,300220,-1,-1,1,0,0,1,0,0,0,0,0,2,1,0,0,0,0,1,0,0,30,0,0,0,1,0,609,10000000,0,-1,-1,-1,0,0,0,0,0,0,0,0,0,0,0,0,0,0,0,0,0,0,4,2,0,-1,-1,-1,0,13065000,-1,13065010,-1,-1,-1,-1,-1,20,1,[0|0|0|0]
660,[Common] Magic Pot,1,0,[0|0|0],10066000,17,0,0,-1,0,-1,2040,-1,-1,0,0,0,197,0,-1,-1,-1,2,0,50,0,1,0,-1,42,0,0,0,[0|0],1,1,1,1,1,0,1,1,0,0,0,1,1,0,0,0,0,0,0,1,0,0,0,1,0,-1,866000,-1,-1,-1,300230,-1,-1,1,0,0,1,0,0,0,0,0,2,1,1,0,0,0,1,0,0,30,0,0,0,0,0,609,10000000,0,-1,-1,-1,0,0,0,0,0,0,0,0,0,0,0,0,0,0,0,0,0,0,4,2,0,-1,-1,-1,0,13066000,-1,13066010,-1,-1,-1,-1,-1,20,1,[0|0|0|0]
670,[Uncommon] Rot Pot,1,0,[0|0|0],10067000,5,0,0,-1,0,-1,2120,-1,-1,0,0,0,611,0,-1,-1,-1,2,0,50,0,1,0,-1,3,0,0,0,[0|0],1,1,1,1,1,0,1,1,0,0,0,1,1,0,0,0,0,0,0,1,0,0,0,1,0,-1,867000,-1,-1,-1,300380,-1,-1,1,0,0,1,0,0,0,0,0,2,1,0,0,0,0,1,0,0,30,0,0,0,1,0,609,10000000,0,-1,-1,-1,0,0,0,0,0,0,0,0,0,0,0,0,0,0,0,0,0,0,4,2,0,-1,-1,-1,0,13067000,-1,13067010,-1,-1,-1,-1,-1,20,1,[0|0|0|0]
700,[Legendary] Wending Grace,0,0,[0|0|0],540150,65,0,0,50,0,-1,530,-1,-1,2099,0,0,680,0,-1,-1,-1,1,0,50,0,2,0,-1,45,0,0,0,[0|0],1,1,1,1,1,0,1,1,0,0,0,0,1,0,0,0,0,0,0,1,0,0,0,0,0,-1,-1,-1,540155,540156,302220,302221,-1,1,0,1,1,0,0,0,0,0,2,1,0,0,0,0,1,0,0,10,1,0,0,3,0,0,30000000,0,-1,-1,-1,0,0,0,0,0,0,0,0,0,0,0,0,0,0,0,0,0,0,-1,0,0,-1,-1,-1,0,-1,-1,-1,-1,-1,-1,-1,-1,0,0,[0|0|0|0]
820,[Uncommon] Boiled Crab,1,0,[0|0|0],500820,12,0,0,50,0,-1,1240,-1,-1,0,0,0,638,0,-1,-1,-1,2,0,50,0,2,0,1,26,0,0,0,[0|0],1,1,1,1,1,0,1,1,0,0,0,1,1,0,0,0,0,0,0,1,0,0,0,0,0,-1,-1,-1,-1,-1,301350,-1,-1,1,0,1,1,0,0,0,0,0,2,1,0,0,0,0,1,0,0,20,1,0,0,1,0,609,30000000,0,-1,-1,-1,0,0,0,0,0,0,0,0,0,0,0,0,0,0,0,0,0,0,4,8,0,-1,900503050,-1,0,708370,-1,708371,-1,900503051,-1,900503052,-1,20,0,[0|0|0|0]
830,[Common] Boiled Prawn,1,0,[0|0|0],500830,12,0,0,50,0,-1,1230,-1,-1,0,0,0,639,0,-1,-1,-1,2,0,50,0,2,0,1,26,0,0,0,[0|0],1,1,1,1,1,0,1,1,0,0,0,1,1,0,0,0,0,0,0,1,0,0,0,0,0,-1,-1,-1,-1,-1,301360,-1,-1,1,0,1,1,0,0,0,0,0,2,1,0,0,0,0,1,0,0,20,1,0,0,0,0,609,30000000,0,-1,-1,-1,0,0,0,0,0,0,0,0,0,0,0,0,0,0,0,0,0,0,4,8,0,-1,900503060,-1,0,708380,-1,708381,-1,900503061,-1,900503062,-1,20,0,[0|0|0|0]
900,[Common] Neutralizing Boluses,1,0,[0|0|0],3060,12,0,0,100,0,-1,1000,-1,-1,0,0,0,43,0,-1,-1,-1,2,0,50,0,2,0,-1,0,0,0,0,[0|0],1,1,1,1,1,0,1,1,0,0,0,1,1,0,0,0,0,0,0,1,0,0,0,0,0,-1,-1,-1,-1,-1,-1,301033,-1,1,0,1,1,0,0,0,0,0,2,1,0,0,0,0,1,0,0,20,1,0,0,0,0,609,-1,0,-1,-1,-1,0,0,0,0,0,0,0,0,0,0,0,0,0,0,0,0,0,0,4,3,0,-1,-1,-1,0,708450,-1,708455,-1,-1,-1,-1,-1,20,0,[0|0|0|0]
910,[Common] Stanching Boluses,1,0,[0|0|0],3050,11,0,0,100,0,-1,1020,-1,-1,0,0,0,44,0,-1,-1,-1,2,0,50,0,2,0,-1,0,0,0,0,[0|0],1,1,1,1,1,0,1,1,0,0,0,1,1,0,0,0,0,0,0,1,0,0,0,0,0,-1,-1,-1,-1,-1,-1,301031,-1,1,0,1,1,0,0,0,0,0,2,1,0,0,0,0,1,0,0,20,1,0,0,0,0,609,-1,0,-1,-1,-1,0,0,0,0,0,0,0,0,0,0,0,0,0,0,0,0,0,0,4,3,0,-1,-1,-1,0,708430,-1,708435,-1,-1,-1,-1,-1,20,0,[0|0|0|0]
920,[Common] Thawfrost Boluses,1,0,[0|0|0],3092,12,0,0,100,0,-1,1030,-1,-1,0,0,0,45,0,-1,-1,-1,2,0,50,0,2,0,-1,0,0,0,0,[0|0],1,1,1,1,1,0,1,1,0,0,0,1,1,0,0,0,0,0,0,1,0,0,0,0,0,-1,-1,-1,-1,-1,-1,301039,-1,1,0,1,1,0,0,0,0,0,2,1,0,0,0,0,1,0,0,20,1,0,0,0,0,609,-1,0,-1,-1,-1,0,0,0,0,0,0,0,0,0,0,0,0,0,0,0,0,0,0,4,3,0,-1,-1,-1,0,708490,-1,708495,-1,-1,-1,-1,-1,20,0,[0|0|0|0]
930,[Common] Stimulating Boluses,1,0,[0|0|0],3055,12,0,0,100,0,-1,1040,-1,-1,0,0,0,46,0,-1,-1,-1,2,0,50,0,2,0,-1,0,0,0,0,[0|0],1,1,1,1,1,0,1,1,0,0,0,1,1,0,0,0,0,0,0,1,0,0,0,0,0,-1,-1,-1,-1,-1,-1,301037,-1,1,0,1,1,0,0,0,0,0,2,1,0,0,0,0,1,0,0,20,1,0,0,0,0,609,-1,0,-1,-1,-1,0,0,0,0,0,0,0,0,0,0,0,0,0,0,0,0,0,0,4,3,0,-1,-1,-1,0,708440,-1,708445,-1,-1,-1,-1,-1,20,0,[0|0|0|0]
940,[Common] Preserving Boluses,1,0,[0|0|0],3070,13,0,0,200,0,-1,1010,-1,-1,0,0,0,47,0,-1,-1,-1,2,0,50,0,2,0,-1,0,0,0,0,[0|0],1,1,1,1,1,0,1,1,0,0,0,1,1,0,0,0,0,0,0,1,0,0,0,0,0,-1,-1,-1,-1,-1,-1,301035,-1,1,0,1,1,0,0,0,0,0,2,1,0,0,0,0,1,0,0,20,1,0,0,0,0,609,-1,0,-1,-1,-1,0,0,0,0,0,0,0,0,0,0,0,0,0,0,0,0,0,0,4,3,0,-1,-1,-1,0,708470,-1,708475,-1,-1,-1,-1,-1,20,0,[0|0|0|0]
950,[Common] Rejuvenating Boluses,1,0,[0|0|0],3090,15,0,0,200,0,-1,1060,-1,-1,0,0,0,950,0,-1,-1,-1,2,0,50,0,2,0,-1,0,0,0,0,[0|0],1,1,1,1,1,0,1,1,0,0,0,1,1,0,0,0,0,0,0,1,0,0,0,0,0,-1,-1,-1,-1,-1,-1,301041,-1,1,0,1,1,0,0,0,0,0,2,1,0,0,0,0,1,0,0,20,1,0,0,0,0,609,-1,0,-1,-1,-1,0,0,0,0,0,0,0,0,0,0,0,0,0,0,0,0,0,0,4,3,0,-1,-1,-1,0,708480,-1,708485,-1,-1,-1,-1,-1,20,0,[0|0|0|0]
960,[Common] Clarifying Boluses,1,0,[0|0|0],3065,12,0,0,200,0,-1,1050,-1,-1,0,0,0,49,0,-1,-1,-1,2,0,50,0,2,0,-1,0,0,0,0,[0|0],1,1,1,1,1,0,1,1,0,0,0,1,1,0,0,0,0,0,0,1,0,0,0,0,0,-1,-1,-1,-1,-1,-1,301043,-1,1,0,1,1,0,0,0,0,0,2,1,0,0,0,0,1,0,0,20,1,0,0,0,0,609,-1,0,-1,-1,-1,0,0,0,0,0,0,0,0,0,0,0,0,0,0,0,0,0,0,4,3,0,-1,-1,-1,0,708460,-1,708465,-1,-1,-1,-1,-1,20,0,[0|0|0|0]
1000,[Empty] Flask of Crimson Tears,1,0,[0|0|0],-1,1,0,0,-1,0,1001,0,-1,-1,0,0,0,15,0,-1,-1,-1,1,0,50,0,0,0,-1,254,0,0,0,[0|0],1,1,1,1,1,0,1,0,1,0,0,0,0,0,0,1,0,0,0,0,1,0,0,0,0,-1,-1,-1,-1,-1,301001,-1,-1,1,0,1,1,0,0,0,0,1,0,1,0,0,0,0,1,0,0,10,1,0,0,0,0,0,-1,0,-1,-1,-1,0,0,0,0,0,0,0,0,0,0,0,0,0,0,0,0,0,0,-1,0,0,-1,-1,-1,0,-1,-1,-1,-1,-1,-1,-1,-1,0,0,[0|0|0|0]
1001,[Filled] Flask of Crimson Tears,1,0,[0|0|0],501000,1,0,0,-1,0,1000,0,-1,-1,0,0,0,16,0,-1,-1,-1,20,0,50,0,2,0,-1,10,0,0,0,[0|0],1,1,1,1,1,0,1,1,1,0,0,0,0,0,0,0,1,0,0,1,1,0,0,0,1,-1,-1,-1,-1,-1,301000,-1,301002,1,0,1,1,0,0,0,0,1,0,1,0,0,0,0,1,0,0,10,1,0,0,0,0,0,-1,0,-1,-1,-1,0,0,0,0,0,0,0,0,0,0,0,0,0,0,0,0,0,0,-1,0,0,-1,-1,-1,0,-1,-1,-1,-1,-1,-1,-1,-1,0,0,[0|0|0|0]
1002,[Empty] Flask of Crimson Tears +1,1,0,[0|0|0],-1,1,0,0,-1,0,1003,0,-1,-1,0,0,0,15,0,-1,-1,-1,1,0,50,0,0,0,-1,254,0,0,0,[0|0],1,1,1,1,1,0,1,0,1,0,0,0,0,0,0,1,0,0,0,0,1,0,0,0,0,-1,-1,-1,-1,-1,301001,-1,-1,1,0,1,1,0,0,0,0,1,0,1,0,0,0,0,1,0,0,10,1,0,0,0,0,0,-1,0,-1,-1,-1,0,0,0,0,0,0,0,0,0,0,0,0,0,0,0,0,0,0,-1,0,0,-1,-1,-1,0,-1,-1,-1,-1,-1,-1,-1,-1,0,0,[0|0|0|0]
1003,[Filled] Flask of Crimson Tears +1,1,0,[0|0|0],501001,1,0,0,-1,0,1002,0,-1,-1,0,0,0,16,0,-1,-1,-1,20,0,50,0,2,0,-1,10,0,0,0,[0|0],1,1,1,1,1,0,1,1,1,0,0,0,0,0,0,0,1,0,0,0,1,0,0,0,1,-1,-1,-1,-1,-1,301000,-1,301002,1,0,1,1,0,0,0,0,1,0,1,0,0,0,0,1,0,0,10,1,0,0,0,0,0,-1,0,-1,-1,-1,0,0,0,0,0,0,0,0,0,0,0,0,0,0,0,0,0,0,-1,0,0,-1,-1,-1,0,-1,-1,-1,-1,-1,-1,-1,-1,0,0,[0|0|0|0]
1004,[Empty] Flask of Crimson Tears +2,1,0,[0|0|0],-1,1,0,0,-1,0,1005,0,-1,-1,0,0,0,15,0,-1,-1,-1,1,0,50,0,0,0,-1,254,0,0,0,[0|0],1,1,1,1,1,0,1,0,1,0,0,0,0,0,0,1,0,0,0,0,1,0,0,0,0,-1,-1,-1,-1,-1,301001,-1,-1,1,0,1,1,0,0,0,0,1,0,1,0,0,0,0,1,0,0,10,1,0,0,0,0,0,-1,0,-1,-1,-1,0,0,0,0,0,0,0,0,0,0,0,0,0,0,0,0,0,0,-1,0,0,-1,-1,-1,0,-1,-1,-1,-1,-1,-1,-1,-1,0,0,[0|0|0|0]
1005,[Filled] Flask of Crimson Tears +2,1,0,[0|0|0],501002,1,0,0,-1,0,1004,0,-1,-1,0,0,0,16,0,-1,-1,-1,20,0,50,0,2,0,-1,10,0,0,0,[0|0],1,1,1,1,1,0,1,1,1,0,0,0,0,0,0,0,1,0,0,0,1,0,0,0,1,-1,-1,-1,-1,-1,301000,-1,301002,1,0,1,1,0,0,0,0,1,0,1,0,0,0,0,1,0,0,10,1,0,0,0,0,0,-1,0,-1,-1,-1,0,0,0,0,0,0,0,0,0,0,0,0,0,0,0,0,0,0,-1,0,0,-1,-1,-1,0,-1,-1,-1,-1,-1,-1,-1,-1,0,0,[0|0|0|0]
1006,[Empty] Flask of Crimson Tears +3,1,0,[0|0|0],-1,1,0,0,-1,0,1007,0,-1,-1,0,0,0,15,0,-1,-1,-1,1,0,50,0,0,0,-1,254,0,0,0,[0|0],1,1,1,1,1,0,1,0,1,0,0,0,0,0,0,1,0,0,0,0,1,0,0,0,0,-1,-1,-1,-1,-1,301001,-1,-1,1,0,1,1,0,0,0,0,1,0,1,0,0,0,0,1,0,0,10,1,0,0,0,0,0,-1,0,-1,-1,-1,0,0,0,0,0,0,0,0,0,0,0,0,0,0,0,0,0,0,-1,0,0,-1,-1,-1,0,-1,-1,-1,-1,-1,-1,-1,-1,0,0,[0|0|0|0]
1007,[Filled] Flask of Crimson Tears +3,1,0,[0|0|0],501003,1,0,0,-1,0,1006,0,-1,-1,0,0,0,16,0,-1,-1,-1,20,0,50,0,2,0,-1,10,0,0,0,[0|0],1,1,1,1,1,0,1,1,1,0,0,0,0,0,0,0,1,0,0,0,1,0,0,0,1,-1,-1,-1,-1,-1,301000,-1,301002,1,0,1,1,0,0,0,0,1,0,1,0,0,0,0,1,0,0,10,1,0,0,0,0,0,-1,0,-1,-1,-1,0,0,0,0,0,0,0,0,0,0,0,0,0,0,0,0,0,0,-1,0,0,-1,-1,-1,0,-1,-1,-1,-1,-1,-1,-1,-1,0,0,[0|0|0|0]
1008,[Empty] Flask of Crimson Tears +4,1,0,[0|0|0],-1,1,0,0,-1,0,1009,0,-1,-1,0,0,0,15,0,-1,-1,-1,1,0,50,0,0,0,-1,254,0,0,0,[0|0],1,1,1,1,1,0,1,0,1,0,0,0,0,0,0,1,0,0,0,0,1,0,0,0,0,-1,-1,-1,-1,-1,301001,-1,-1,1,0,1,1,0,0,0,0,1,0,1,0,0,0,0,1,0,0,10,1,0,0,0,0,0,-1,0,-1,-1,-1,0,0,0,0,0,0,0,0,0,0,0,0,0,0,0,0,0,0,-1,0,0,-1,-1,-1,0,-1,-1,-1,-1,-1,-1,-1,-1,0,0,[0|0|0|0]
1009,[Filled] Flask of Crimson Tears +4,1,0,[0|0|0],501004,1,0,0,-1,0,1008,0,-1,-1,0,0,0,16,0,-1,-1,-1,20,0,50,0,2,0,-1,10,0,0,0,[0|0],1,1,1,1,1,0,1,1,1,0,0,0,0,0,0,0,1,0,0,0,1,0,0,0,1,-1,-1,-1,-1,-1,301000,-1,301002,1,0,1,1,0,0,0,0,1,0,1,0,0,0,0,1,0,0,10,1,0,0,0,0,0,-1,0,-1,-1,-1,0,0,0,0,0,0,0,0,0,0,0,0,0,0,0,0,0,0,-1,0,0,-1,-1,-1,0,-1,-1,-1,-1,-1,-1,-1,-1,0,0,[0|0|0|0]
1010,[Empty] Flask of Crimson Tears +5,1,0,[0|0|0],-1,1,0,0,-1,0,1011,0,-1,-1,0,0,0,15,0,-1,-1,-1,1,0,50,0,0,0,-1,254,0,0,0,[0|0],1,1,1,1,1,0,1,0,1,0,0,0,0,0,0,1,0,0,0,0,1,0,0,0,0,-1,-1,-1,-1,-1,301001,-1,-1,1,0,1,1,0,0,0,0,1,0,1,0,0,0,0,1,0,0,10,1,0,0,0,0,0,-1,0,-1,-1,-1,0,0,0,0,0,0,0,0,0,0,0,0,0,0,0,0,0,0,-1,0,0,-1,-1,-1,0,-1,-1,-1,-1,-1,-1,-1,-1,0,0,[0|0|0|0]
1011,[Filled] Flask of Crimson Tears +5,1,0,[0|0|0],501005,1,0,0,-1,0,1010,0,-1,-1,0,0,0,16,0,-1,-1,-1,20,0,50,0,2,0,-1,10,0,0,0,[0|0],1,1,1,1,1,0,1,1,1,0,0,0,0,0,0,0,1,0,0,0,1,0,0,0,1,-1,-1,-1,-1,-1,301000,-1,301002,1,0,1,1,0,0,0,0,1,0,1,0,0,0,0,1,0,0,10,1,0,0,0,0,0,-1,0,-1,-1,-1,0,0,0,0,0,0,0,0,0,0,0,0,0,0,0,0,0,0,-1,0,0,-1,-1,-1,0,-1,-1,-1,-1,-1,-1,-1,-1,0,0,[0|0|0|0]
1012,[Empty] Flask of Crimson Tears +6,1,0,[0|0|0],-1,1,0,0,-1,0,1013,0,-1,-1,0,0,0,15,0,-1,-1,-1,1,0,50,0,0,0,-1,254,0,0,0,[0|0],1,1,1,1,1,0,1,0,1,0,0,0,0,0,0,1,0,0,0,0,1,0,0,0,0,-1,-1,-1,-1,-1,301001,-1,-1,1,0,1,1,0,0,0,0,1,0,1,0,0,0,0,1,0,0,10,1,0,0,0,0,0,-1,0,-1,-1,-1,0,0,0,0,0,0,0,0,0,0,0,0,0,0,0,0,0,0,-1,0,0,-1,-1,-1,0,-1,-1,-1,-1,-1,-1,-1,-1,0,0,[0|0|0|0]
1013,[Filled] Flask of Crimson Tears +6,1,0,[0|0|0],501006,1,0,0,-1,0,1012,0,-1,-1,0,0,0,16,0,-1,-1,-1,20,0,50,0,2,0,-1,10,0,0,0,[0|0],1,1,1,1,1,0,1,1,1,0,0,0,0,0,0,0,1,0,0,0,1,0,0,0,1,-1,-1,-1,-1,-1,301000,-1,301002,1,0,1,1,0,0,0,0,1,0,1,0,0,0,0,1,0,0,10,1,0,0,0,0,0,-1,0,-1,-1,-1,0,0,0,0,0,0,0,0,0,0,0,0,0,0,0,0,0,0,-1,0,0,-1,-1,-1,0,-1,-1,-1,-1,-1,-1,-1,-1,0,0,[0|0|0|0]
1014,[Empty] Flask of Crimson Tears +7,1,0,[0|0|0],-1,1,0,0,-1,0,1015,0,-1,-1,0,0,0,15,0,-1,-1,-1,1,0,50,0,0,0,-1,254,0,0,0,[0|0],1,1,1,1,1,0,1,0,1,0,0,0,0,0,0,1,0,0,0,0,1,0,0,0,0,-1,-1,-1,-1,-1,301001,-1,-1,1,0,1,1,0,0,0,0,1,0,1,0,0,0,0,1,0,0,10,1,0,0,0,0,0,-1,0,-1,-1,-1,0,0,0,0,0,0,0,0,0,0,0,0,0,0,0,0,0,0,-1,0,0,-1,-1,-1,0,-1,-1,-1,-1,-1,-1,-1,-1,0,0,[0|0|0|0]
1015,[Filled] Flask of Crimson Tears +7,1,0,[0|0|0],501007,1,0,0,-1,0,1014,0,-1,-1,0,0,0,16,0,-1,-1,-1,20,0,50,0,2,0,-1,10,0,0,0,[0|0],1,1,1,1,1,0,1,1,1,0,0,0,0,0,0,0,1,0,0,0,1,0,0,0,1,-1,-1,-1,-1,-1,301000,-1,301002,1,0,1,1,0,0,0,0,1,0,1,0,0,0,0,1,0,0,10,1,0,0,0,0,0,-1,0,-1,-1,-1,0,0,0,0,0,0,0,0,0,0,0,0,0,0,0,0,0,0,-1,0,0,-1,-1,-1,0,-1,-1,-1,-1,-1,-1,-1,-1,0,0,[0|0|0|0]
1016,[Empty] Flask of Crimson Tears +8,1,0,[0|0|0],-1,1,0,0,-1,0,1017,0,-1,-1,0,0,0,15,0,-1,-1,-1,1,0,50,0,0,0,-1,254,0,0,0,[0|0],1,1,1,1,1,0,1,0,1,0,0,0,0,0,0,1,0,0,0,0,1,0,0,0,0,-1,-1,-1,-1,-1,301001,-1,-1,1,0,1,1,0,0,0,0,1,0,1,0,0,0,0,1,0,0,10,1,0,0,0,0,0,-1,0,-1,-1,-1,0,0,0,0,0,0,0,0,0,0,0,0,0,0,0,0,0,0,-1,0,0,-1,-1,-1,0,-1,-1,-1,-1,-1,-1,-1,-1,0,0,[0|0|0|0]
1017,[Filled] Flask of Crimson Tears +8,1,0,[0|0|0],501008,1,0,0,-1,0,1016,0,-1,-1,0,0,0,16,0,-1,-1,-1,20,0,50,0,2,0,-1,10,0,0,0,[0|0],1,1,1,1,1,0,1,1,1,0,0,0,0,0,0,0,1,0,0,0,1,0,0,0,1,-1,-1,-1,-1,-1,301000,-1,301002,1,0,1,1,0,0,0,0,1,0,1,0,0,0,0,1,0,0,10,1,0,0,0,0,0,-1,0,-1,-1,-1,0,0,0,0,0,0,0,0,0,0,0,0,0,0,0,0,0,0,-1,0,0,-1,-1,-1,0,-1,-1,-1,-1,-1,-1,-1,-1,0,0,[0|0|0|0]
1018,[Empty] Flask of Crimson Tears +9,1,0,[0|0|0],-1,1,0,0,-1,0,1019,0,-1,-1,0,0,0,15,0,-1,-1,-1,1,0,50,0,0,0,-1,254,0,0,0,[0|0],1,1,1,1,1,0,1,0,1,0,0,0,0,0,0,1,0,0,0,0,1,0,0,0,0,-1,-1,-1,-1,-1,301001,-1,-1,1,0,1,1,0,0,0,0,1,0,1,0,0,0,0,1,0,0,10,1,0,0,0,0,0,-1,0,-1,-1,-1,0,0,0,0,0,0,0,0,0,0,0,0,0,0,0,0,0,0,-1,0,0,-1,-1,-1,0,-1,-1,-1,-1,-1,-1,-1,-1,0,0,[0|0|0|0]
1019,[Filled] Flask of Crimson Tears +9,1,0,[0|0|0],501009,1,0,0,-1,0,1018,0,-1,-1,0,0,0,16,0,-1,-1,-1,20,0,50,0,2,0,-1,10,0,0,0,[0|0],1,1,1,1,1,0,1,1,1,0,0,0,0,0,0,0,1,0,0,0,1,0,0,0,1,-1,-1,-1,-1,-1,301000,-1,301002,1,0,1,1,0,0,0,0,1,0,1,0,0,0,0,1,0,0,10,1,0,0,0,0,0,-1,0,-1,-1,-1,0,0,0,0,0,0,0,0,0,0,0,0,0,0,0,0,0,0,-1,0,0,-1,-1,-1,0,-1,-1,-1,-1,-1,-1,-1,-1,0,0,[0|0|0|0]
1020,[Empty] Flask of Crimson Tears +10,1,0,[0|0|0],-1,1,0,0,-1,0,1021,0,-1,-1,0,0,0,15,0,-1,-1,-1,1,0,50,0,0,0,-1,254,0,0,0,[0|0],1,1,1,1,1,0,1,0,1,0,0,0,0,0,0,1,0,0,0,0,1,0,0,0,0,-1,-1,-1,-1,-1,301001,-1,-1,1,0,1,1,0,0,0,0,1,0,1,0,0,0,0,1,0,0,10,1,0,0,0,0,0,-1,0,-1,-1,-1,0,0,0,0,0,0,0,0,0,0,0,0,0,0,0,0,0,0,-1,0,0,-1,-1,-1,0,-1,-1,-1,-1,-1,-1,-1,-1,0,0,[0|0|0|0]
1021,[Filled] Flask of Crimson Tears +10,1,0,[0|0|0],501010,1,0,0,-1,0,1020,0,-1,-1,0,0,0,16,0,-1,-1,-1,20,0,50,0,2,0,-1,10,0,0,0,[0|0],1,1,1,1,1,0,1,1,1,0,0,0,0,0,0,0,1,0,0,0,1,0,0,0,1,-1,-1,-1,-1,-1,301000,-1,301002,1,0,1,1,0,0,0,0,1,0,1,0,0,0,0,1,0,0,10,1,0,0,0,0,0,-1,0,-1,-1,-1,0,0,0,0,0,0,0,0,0,0,0,0,0,0,0,0,0,0,-1,0,0,-1,-1,-1,0,-1,-1,-1,-1,-1,-1,-1,-1,0,0,[0|0|0|0]
1022,[Empty] Flask of Crimson Tears +11,1,0,[0|0|0],-1,1,0,0,-1,0,1023,0,-1,-1,0,0,0,15,0,-1,-1,-1,1,0,50,0,0,0,-1,254,0,0,0,[0|0],1,1,1,1,1,0,1,0,1,0,0,0,0,0,0,1,0,0,0,0,1,0,0,0,0,-1,-1,-1,-1,-1,301001,-1,-1,1,0,1,1,0,0,0,0,1,0,1,0,0,0,0,1,0,0,10,1,0,0,0,0,0,-1,0,-1,-1,-1,0,0,0,0,0,0,0,0,0,0,0,0,0,0,0,0,0,0,-1,0,0,-1,-1,-1,0,-1,-1,-1,-1,-1,-1,-1,-1,0,0,[0|0|0|0]
1023,[Filled] Flask of Crimson Tears +11,1,0,[0|0|0],501011,1,0,0,-1,0,1022,0,-1,-1,0,0,0,16,0,-1,-1,-1,20,0,50,0,2,0,-1,10,0,0,0,[0|0],1,1,1,1,1,0,1,1,1,0,0,0,0,0,0,0,1,0,0,0,1,0,0,0,1,-1,-1,-1,-1,-1,301000,-1,301002,1,0,1,1,0,0,0,0,1,0,1,0,0,0,0,1,0,0,10,1,0,0,0,0,0,-1,0,-1,-1,-1,0,0,0,0,0,0,0,0,0,0,0,0,0,0,0,0,0,0,-1,0,0,-1,-1,-1,0,-1,-1,-1,-1,-1,-1,-1,-1,0,0,[0|0|0|0]
1024,[Empty] Flask of Crimson Tears +12,1,0,[0|0|0],-1,1,0,0,-1,0,1025,0,-1,-1,0,0,0,15,0,-1,-1,-1,1,0,50,0,0,0,-1,254,0,0,0,[0|0],1,1,1,1,1,0,1,0,1,0,0,0,0,0,0,1,0,0,0,0,1,0,0,0,0,-1,-1,-1,-1,-1,301001,-1,-1,1,0,1,1,0,0,0,0,1,0,1,0,0,0,0,1,0,0,10,1,0,0,0,0,0,-1,0,-1,-1,-1,0,0,0,0,0,0,0,0,0,0,0,0,0,0,0,0,0,0,-1,0,0,-1,-1,-1,0,-1,-1,-1,-1,-1,-1,-1,-1,0,0,[0|0|0|0]
1025,[Filled] Flask of Crimson Tears +12,1,0,[0|0|0],501012,1,0,0,-1,0,1024,0,-1,-1,0,0,0,16,0,-1,-1,-1,20,0,50,0,2,0,-1,10,0,0,0,[0|0],1,1,1,1,1,0,1,1,1,0,0,0,0,0,0,0,1,0,0,0,1,0,0,0,1,-1,-1,-1,-1,-1,301000,-1,301002,1,0,1,1,0,0,0,0,1,0,1,0,0,0,0,1,0,0,10,1,0,0,0,0,0,-1,0,-1,-1,-1,0,0,0,0,0,0,0,0,0,0,0,0,0,0,0,0,0,0,-1,0,0,-1,-1,-1,0,-1,-1,-1,-1,-1,-1,-1,-1,0,0,[0|0|0|0]
1100,[Uncommon] Pickled Turtle Neck,1,0,[0|0|0],3953,65,0,0,200,0,-1,1290,-1,-1,0,0,0,50,0,-1,-1,-1,2,0,50,0,2,0,1,26,0,0,0,[0|0],1,1,1,1,1,0,1,1,0,0,0,1,1,0,0,0,0,0,0,1,0,0,0,0,0,-1,-1,-1,-1,-1,301200,301201,-1,1,0,1,1,0,0,0,0,0,2,1,0,0,0,0,1,0,0,20,1,0,0,1,0,609,-1,0,-1,-1,-1,0,0,0,0,0,0,0,0,0,0,0,0,0,0,0,0,0,0,4,8,0,-1,900503020,-1,0,708390,-1,708391,-1,900503021,-1,900503022,-1,20,0,[0|0|0|0]
1190,[Common] Silver-Pickled Fowl Foot,1,0,[0|0|0],3970,65,0,0,100,0,-1,1110,-1,-1,0,0,0,60,0,-1,-1,-1,2,0,50,0,2,0,1,26,0,0,0,[0|0],1,1,1,1,1,0,1,1,0,0,0,1,1,0,0,0,0,0,0,1,0,0,0,0,0,-1,-1,-1,-1,-1,301250,301251,-1,1,0,1,1,0,0,0,0,0,2,1,0,0,0,0,1,0,0,20,1,0,0,0,0,609,-1,0,-1,-1,-1,0,0,0,0,0,0,0,0,0,0,0,0,0,0,0,0,0,0,4,8,0,-1,900503030,-1,0,708400,-1,708401,-1,900503031,-1,900503032,-1,20,0,[0|0|0|0]
1200,[Common] Gold-Pickled Fowl Foot,1,0,[0|0|0],3971,65,0,0,200,0,-1,1120,-1,-1,0,0,0,62,0,-1,-1,-1,2,0,50,0,2,0,1,26,0,0,0,[0|0],1,1,1,1,1,0,1,1,0,0,0,1,1,0,0,0,0,0,0,1,0,0,0,0,0,-1,-1,-1,-1,-1,301260,301261,-1,1,0,1,1,0,0,0,0,0,2,1,0,0,0,0,1,0,0,20,1,0,0,0,0,609,-1,0,-1,-1,-1,0,0,0,0,0,0,0,0,0,0,0,0,0,0,0,0,0,0,4,8,0,-1,900503040,-1,0,708410,-1,708411,-1,900503041,-1,900503042,-1,20,0,[0|0|0|0]
1210,[Uncommon] Exalted Flesh,1,0,[0|0|0],3950,65,0,0,200,0,-1,1300,-1,-1,0,0,0,63,0,-1,-1,-1,2,0,50,0,2,0,1,26,0,0,0,[0|0],1,1,1,1,1,0,1,1,0,0,0,1,1,0,0,0,0,0,0,1,0,0,0,0,0,-1,-1,-1,-1,-1,301270,301271,-1,1,0,1,1,0,0,0,0,0,2,1,0,0,0,0,1,0,0,20,1,0,0,1,0,609,30000000,0,-1,-1,-1,0,0,0,0,0,0,0,0,0,0,0,0,0,0,0,0,0,0,4,8,0,-1,900503010,-1,0,708420,-1,708421,-1,900503011,-1,900503012,-1,20,0,[0|0|0|0]
1290,[Uncommon] Starlight Shards,1,0,[0|0|0],501290,65,0,0,50,0,-1,50,-1,-1,0,0,0,3282,0,-1,-1,-1,2,0,50,0,2,0,-1,65,0,0,0,[0|0],1,1,1,1,1,0,1,1,0,0,0,1,1,0,0,0,0,0,0,1,0,0,0,0,0,-1,-1,-1,-1,-1,302220,302221,-1,1,0,1,1,0,0,0,0,0,2,1,1,0,0,0,1,0,0,10,1,0,0,1,0,609,30000000,0,-1,-1,-1,0,0,0,0,0,0,0,0,0,0,0,0,0,0,0,0,0,0,4,4,0,-1,-1,-1,0,708500,-1,708501,-1,-1,-1,-1,-1,20,0,[0|0|0|0]
1400,[Common] Fire Grease,1,0,[0|0|0],3160,23,0,0,100,0,-1,6000,-1,-1,0,0,0,64,0,-1,-1,-1,2,0,50,0,2,0,-1,16,0,0,0,[0|0],1,1,1,1,1,0,1,1,0,0,0,1,1,1,0,0,0,1,0,1,0,0,1,0,0,3162,-1,-1,-1,-1,-1,303000,-1,1,0,0,1,0,0,0,0,0,2,1,1,0,0,0,1,0,0,70,1,0,0,0,0,609,30010000,0,-1,-1,-1,0,0,0,0,0,0,0,0,0,0,0,0,0,0,0,0,0,0,4,7,0,-1,-1,-1,0,708520,708521,708525,708526,-1,-1,-1,-1,20,0,[0|0|0|0]
1410,[Common] Lightning Grease,1,0,[0|0|0],3165,24,0,0,100,0,-1,6020,-1,-1,0,0,0,65,0,-1,-1,-1,2,0,50,0,2,0,-1,16,0,0,0,[0|0],1,1,1,1,1,0,1,1,0,0,0,1,1,1,0,0,0,1,0,1,0,0,1,0,0,3167,-1,-1,-1,-1,-1,303010,-1,1,0,0,1,0,0,0,0,0,2,1,1,0,0,0,1,0,0,70,1,0,0,0,0,609,30010000,0,-1,-1,-1,0,0,0,0,0,0,0,0,0,0,0,0,0,0,0,0,0,0,4,7,0,-1,-1,-1,0,708530,708531,708535,708536,-1,-1,-1,-1,20,0,[0|0|0|0]
1420,[Common] Magic Grease,1,0,[0|0|0],3170,26,0,0,100,0,-1,6010,-1,-1,0,0,0,66,0,-1,-1,-1,2,0,50,0,2,0,-1,16,0,0,0,[0|0],1,1,1,1,1,0,1,1,0,0,0,1,1,1,0,0,0,1,0,1,0,0,1,0,0,3172,-1,-1,-1,-1,-1,303070,-1,1,0,0,1,0,0,0,0,0,2,1,1,0,0,0,1,0,0,70,1,0,0,0,0,609,30010000,0,-1,-1,-1,0,0,0,0,0,0,0,0,0,0,0,0,0,0,0,0,0,0,4,7,0,-1,-1,-1,0,708540,708541,708545,708546,-1,-1,-1,-1,20,0,[0|0|0|0]
1430,[Common] Holy Grease,1,0,[0|0|0],3185,26,0,0,100,0,-1,6030,-1,-1,0,0,0,605,0,-1,-1,-1,2,0,50,0,2,0,-1,16,0,0,0,[0|0],1,1,1,1,1,0,1,1,0,0,0,1,1,1,0,0,0,1,0,1,0,0,1,0,0,3187,-1,-1,-1,-1,-1,303130,-1,1,0,0,1,0,0,0,0,0,2,1,1,0,0,0,1,0,0,70,1,0,0,0,0,609,30010000,0,-1,-1,-1,0,0,0,0,0,0,0,0,0,0,0,0,0,0,0,0,0,0,4,7,0,-1,-1,-1,0,708550,708551,708555,708556,-1,-1,-1,-1,20,0,[0|0|0|0]
1440,[Common] Blood Grease,1,0,[0|0|0],3190,26,0,0,100,0,-1,6060,-1,-1,0,0,0,68,0,-1,-1,-1,2,0,50,0,2,0,-1,16,0,0,0,[0|0],1,1,1,1,1,0,1,1,0,0,0,1,1,1,0,0,0,1,0,1,0,0,1,0,0,3194,-1,-1,-1,-1,-1,303090,-1,1,0,0,1,0,0,0,0,0,2,1,0,0,0,0,1,0,0,70,1,0,0,0,0,609,30010000,0,-1,-1,-1,0,0,0,0,0,0,0,0,0,0,0,0,0,0,0,0,0,0,4,7,0,-1,-1,-1,0,708560,708562,708565,708567,-1,-1,-1,-1,20,0,[0|0|0|0]
1450,[Common] Soporific Grease,1,0,[0|0|0],3150,26,0,0,200,0,-1,6080,-1,-1,0,0,0,69,0,-1,-1,-1,2,0,50,0,2,0,-1,16,0,0,0,[0|0],1,1,1,1,1,0,1,1,0,0,0,1,1,1,0,0,0,1,0,1,0,0,1,0,0,3154,-1,-1,-1,-1,-1,303100,-1,1,0,0,1,0,0,0,0,0,2,1,0,0,0,0,1,0,0,70,1,0,0,0,0,609,30010000,0,-1,-1,-1,0,0,0,0,0,0,0,0,0,0,0,0,0,0,0,0,0,0,4,7,0,-1,-1,-1,0,708570,708572,708575,708577,-1,-1,-1,-1,20,0,[0|0|0|0]
1460,[Common] Poison Grease,1,0,[0|0|0],3175,26,0,0,100,0,-1,6040,-1,-1,0,0,0,70,0,-1,-1,-1,2,0,50,0,2,0,-1,16,0,0,0,[0|0],1,1,1,1,1,0,1,1,0,0,0,1,1,1,0,0,0,1,0,1,0,0,1,0,0,3179,-1,-1,-1,-1,-1,303060,-1,1,0,0,1,0,0,0,0,0,2,1,0,0,0,0,1,0,0,70,1,0,0,0,0,609,30010000,0,-1,-1,-1,0,0,0,0,0,0,0,0,0,0,0,0,0,0,0,0,0,0,4,7,0,-1,-1,-1,0,708580,708582,708585,708587,-1,-1,-1,-1,20,0,[0|0|0|0]
1470,[Common] Freezing Grease,1,0,[0|0|0],3140,26,0,0,100,0,-1,6070,-1,-1,0,0,0,71,0,-1,-1,-1,2,0,50,0,2,0,-1,16,0,0,0,[0|0],1,1,1,1,1,0,1,1,0,0,0,1,1,1,0,0,0,1,0,1,0,0,1,0,0,3144,-1,-1,-1,-1,-1,303110,-1,1,0,0,1,0,0,0,0,0,2,1,0,0,0,0,1,0,0,70,1,0,0,0,0,609,30010000,0,-1,-1,-1,0,0,0,0,0,0,0,0,0,0,0,0,0,0,0,0,0,0,4,7,0,-1,-1,-1,0,708590,708592,708595,708597,-1,-1,-1,-1,20,0,[0|0|0|0]
1480,[Common] Dragonwound Grease,1,0,[0|0|0],3260,26,0,0,200,0,-1,6090,-1,-1,0,0,0,621,0,-1,-1,-1,2,0,50,0,2,0,-1,16,0,0,0,[0|0],1,1,1,1,1,0,1,1,0,0,0,1,1,1,0,0,0,1,0,1,0,0,1,0,0,3262,-1,-1,-1,-1,-1,303180,-1,1,0,0,1,0,0,0,0,0,2,1,0,0,0,0,1,0,0,70,1,0,0,0,0,609,30010000,0,-1,-1,-1,0,0,0,0,0,0,0,0,0,0,0,0,0,0,0,0,0,0,4,7,0,-1,-1,-1,0,708600,708601,708605,708606,-1,-1,-1,-1,20,0,[0|0|0|0]
1490,[Common] Rot Grease,1,0,[0|0|0],3310,26,0,0,200,0,-1,6050,-1,-1,0,0,0,612,0,-1,-1,-1,2,0,50,0,2,0,-1,16,0,0,0,[0|0],1,1,1,1,1,0,1,1,0,0,0,1,1,1,0,0,0,1,0,1,0,0,1,0,0,3314,-1,-1,-1,-1,-1,303190,-1,1,0,0,1,0,0,0,0,0,2,1,0,0,0,0,1,0,0,70,1,0,0,0,0,609,30010000,0,-1,-1,-1,0,0,0,0,0,0,0,0,0,0,0,0,0,0,0,0,0,0,4,7,0,-1,-1,-1,0,708610,708612,708615,708617,-1,-1,-1,-1,20,0,[0|0|0|0]
1690,[Common] Shield Grease,1,0,[0|0|0],501690,23,0,0,100,0,-1,6100,-1,-1,0,0,0,590,0,-1,-1,-1,3,0,50,0,2,0,-1,50,0,0,0,[0|0],1,1,1,1,1,0,1,1,0,0,0,1,1,0,0,0,0,0,0,1,0,0,1,0,0,501691,-1,-1,-1,-1,-1,303070,-1,1,0,0,1,0,1,0,0,0,2,1,1,0,0,0,0,0,0,70,1,0,0,0,0,609,-1,0,-1,-1,-1,0,0,0,0,0,0,0,0,0,0,0,0,0,0,0,0,0,0,6,7,0,-1,-1,-1,0,708620,708621,708625,708626,-1,-1,-1,-1,20,0,[0|0|0|0]
1700,[Common] Throwing Dagger,1,0,[0|0|0],10170000,17,0,0,10,0,-1,4030,-1,-1,0,0,0,80,0,-1,-1,-1,8,0,50,0,1,0,-1,17,0,0,0,[0|0],1,1,1,1,1,0,1,1,0,0,0,1,1,0,0,0,0,0,0,1,0,0,1,1,0,-1,170000,-1,-1,-1,300000,-1,-1,1,0,0,1,0,0,0,0,0,2,1,1,0,0,0,1,0,0,50,0,0,0,0,0,609,10000001,0,-1,-1,-1,0,0,0,0,0,0,0,0,0,0,0,0,0,0,0,0,0,0,12,1,0,-1,-1,-1,0,13170000,-1,13170010,-1,-1,-1,-1,-1,20,1,[0|0|0|0]
1720,[Common] Poisonbone Dart,1,0,[0|0|0],10172000,18,0,0,10,0,-1,4010,-1,-1,0,0,0,83,0,-1,-1,-1,8,0,50,0,1,0,-1,17,0,0,0,[0|0],1,1,1,1,1,0,1,1,0,0,0,1,1,0,0,0,0,0,0,1,0,0,1,1,0,-1,172000,-1,-1,-1,300620,-1,-1,1,0,0,1,0,0,0,0,0,2,1,1,0,0,0,1,0,0,50,0,0,0,0,0,609,10000001,0,-1,-1,-1,0,0,0,0,0,0,0,0,0,0,0,0,0,0,0,0,0,0,12,1,0,-1,-1,-1,0,13172000,-1,13172010,-1,-1,-1,-1,-1,20,1,[0|0|0|0]
1730,[Common] Kukri,1,0,[0|0|0],10173000,17,0,0,10,0,-1,4040,-1,-1,0,0,0,84,0,-1,-1,-1,8,0,50,0,1,0,-1,2,0,0,0,[0|0],1,1,1,1,1,0,1,1,0,0,0,1,1,0,0,0,0,0,0,1,0,0,0,1,0,-1,173000,-1,-1,-1,300080,-1,-1,1,0,0,1,0,0,0,0,0,2,1,0,0,0,0,1,0,0,50,0,0,0,0,0,609,10000001,0,-1,-1,-1,0,0,0,0,0,0,0,0,0,0,0,0,0,0,0,0,0,0,12,1,0,-1,-1,-1,0,13173000,-1,13173010,-1,-1,-1,-1,-1,20,1,[0|0|0|0]
1740,[Common] Crystal Dart,1,0,[0|0|0],10174000,17,0,0,20,0,-1,4020,-1,-1,0,0,0,85,0,-1,-1,-1,8,0,50,0,1,0,-1,17,0,0,0,[0|0],1,1,1,1,1,0,1,1,0,0,0,1,1,0,0,0,0,0,0,1,0,0,1,1,0,-1,174000,-1,-1,-1,300060,-1,-1,1,0,0,1,0,0,0,0,0,2,1,1,0,0,0,1,0,0,50,0,0,0,0,0,609,10000001,0,-1,-1,-1,0,0,0,0,0,0,0,0,0,0,0,0,0,0,0,0,0,0,12,1,0,-1,-1,-1,0,13174000,-1,13174010,-1,-1,-1,-1,-1,20,1,[0|0|0|0]
1750,[Common] Fan Daggers,1,0,[0|0|0],10175000,17,0,0,20,0,-1,4050,-1,-1,0,0,0,622,0,-1,-1,-1,8,0,50,0,1,0,-1,17,0,0,0,[0|0],1,1,1,1,1,0,1,1,0,0,0,1,1,0,0,0,0,0,0,1,0,0,1,1,0,-1,175000,-1,-1,-1,300090,-1,-1,1,0,0,1,0,0,0,0,0,2,1,0,0,0,0,1,0,0,50,0,0,0,0,0,609,10000001,0,-1,-1,-1,0,0,0,0,0,0,0,0,0,0,0,0,0,0,0,0,0,0,12,1,0,-1,-1,-1,0,13175000,-1,13175010,-1,-1,-1,-1,-1,20,1,[0|0|0|0]
3000,[Rare] Ancestral Infant's Head,1,0,[0|0|0],10300000,17,0,0,-1,0,-1,5500,-1,-1,0,0,0,193,0,-1,-1,-1,1,0,50,0,1,0,-1,55,0,0,0,[0|0],1,1,1,1,1,0,1,0,0,0,0,1,1,0,0,0,0,0,0,1,0,0,0,1,0,-1,300000,-1,-1,-1,300670,-1,-1,1,0,0,1,0,0,0,0,0,0,1,0,0,0,0,1,0,0,65,0,0,0,2,0,609,10000002,17,-1,-1,-1,0,0,0,0,0,0,0,0,0,0,0,0,0,0,0,0,0,0,-1,9,0,-1,-1,-1,0,13300000,-1,13300010,-1,-1,-1,-1,-1,40,1,[0|0|0|0]
3010,[Uncommon] Omen Bairn,1,0,[0|0|0],10301000,17,0,0,-1,0,-1,5030,-1,-1,0,0,0,593,0,-1,-1,-1,1,0,50,0,1,0,-1,63,0,0,0,[0|0],1,1,1,1,1,0,1,0,0,0,0,1,1,0,0,0,0,0,0,1,0,0,0,1,0,-1,301000,-1,-1,-1,-1,300680,-1,1,0,0,1,0,0,0,0,0,0,1,0,0,0,0,1,0,0,65,0,0,0,1,0,609,10000001,24,-1,-1,-1,0,0,0,0,0,0,0,0,0,0,0,0,0,0,0,0,0,0,-1,9,0,-1,-1,-1,0,13301000,-1,13301050,-1,-1,-1,-1,-1,40,1,[0|0|0|0]
3011,[Rare] Regal Omen Bairn,1,0,[0|0|0],10301100,17,0,0,-1,0,-1,5040,-1,-1,0,0,0,677,0,-1,-1,-1,1,0,50,0,1,0,-1,63,0,0,0,[0|0],1,1,1,1,1,0,1,0,0,0,0,1,1,0,0,0,0,0,0,1,0,0,0,1,0,-1,301100,-1,-1,-1,-1,300740,-1,1,0,0,1,0,0,0,0,0,0,1,0,0,0,0,1,0,0,65,0,0,0,2,0,609,10000001,50,-1,-1,-1,0,0,0,0,0,0,0,0,0,0,0,0,0,0,0,0,0,0,-1,9,0,-1,-1,-1,0,13301100,-1,13301150,-1,-1,-1,-1,-1,40,1,[0|0|0|0]
3030,[Uncommon] Cuckoo Glintstone,1,0,[0|0|0],10303000,17,0,0,50,0,-1,4130,-1,-1,0,0,0,599,0,-1,-1,-1,2,0,50,0,1,0,-1,3,0,0,0,[0|0],1,1,1,1,1,0,1,1,0,0,0,1,1,0,0,0,0,0,0,1,0,0,0,1,0,-1,303000,-1,-1,-1,300700,-1,-1,1,0,0,1,0,0,0,0,0,2,1,0,0,0,0,1,0,0,50,0,0,0,1,0,609,10000001,0,-1,-1,-1,0,0,0,0,0,0,0,0,0,0,0,0,0,0,0,0,0,0,4,4,0,-1,-1,-1,0,13303000,-1,13303010,-1,-1,-1,-1,-1,20,1,[0|0|0|0]
3050,[Common] Glintstone Scrap,1,0,[0|0|0],10305000,17,0,0,100,0,-1,4110,-1,-1,0,0,0,198,0,-1,-1,-1,3,0,50,0,1,0,-1,57,0,0,0,[0|0],1,1,1,1,1,0,1,1,0,0,0,1,1,0,0,0,0,0,0,1,0,0,0,1,0,-1,305000,-1,-1,-1,300710,-1,-1,1,0,0,1,0,0,0,0,0,2,1,1,0,0,0,1,0,0,50,0,0,0,0,0,609,10000001,0,-1,-1,-1,0,0,0,0,0,0,0,0,0,0,0,0,0,0,0,0,0,0,6,4,0,-1,-1,-1,0,13305000,-1,13305010,-1,-1,-1,-1,-1,20,1,[0|0|0|0]
3051,[Uncommon] Large Glintstone Scrap,1,0,[0|0|0],10305100,17,0,0,100,0,-1,4120,-1,-1,0,0,0,706,0,-1,-1,-1,2,0,50,0,1,0,-1,57,0,0,0,[0|0],1,1,1,1,1,0,1,1,0,0,0,1,1,0,0,0,0,0,0,1,0,0,0,1,0,-1,305100,-1,-1,-1,300750,-1,-1,1,0,0,1,0,0,0,0,0,2,1,0,0,0,0,1,0,0,50,0,0,0,1,0,609,10000001,0,-1,-1,-1,0,0,0,0,0,0,0,0,0,0,0,0,0,0,0,0,0,0,4,4,0,-1,-1,-1,0,13305100,-1,13305110,-1,-1,-1,-1,-1,20,1,[0|0|0|0]
3060,[Uncommon] Gravity Stone Fan,1,0,[0|0|0],10306000,17,0,0,100,0,-1,4140,-1,-1,0,0,0,199,0,-1,-1,-1,2,0,50,0,1,0,-1,59,0,0,0,[0|0],1,1,1,1,1,0,1,1,0,0,0,1,1,0,0,0,0,0,0,1,0,0,0,1,0,-1,306000,-1,-1,-1,302460,302461,-1,1,0,0,1,0,0,0,0,0,2,1,0,0,0,0,1,0,0,50,0,0,0,1,0,609,10000001,0,-1,-1,-1,0,0,0,0,0,0,0,0,0,0,0,0,0,0,0,0,0,0,4,4,0,-1,-1,-1,0,13306000,-1,13306050,-1,-1,-1,-1,-1,20,1,[0|0|0|0]
3070,[Uncommon] Gravity Stone Chunk,1,0,[0|0|0],10307000,17,0,0,100,0,-1,4150,-1,-1,0,0,0,200,0,-1,-1,-1,2,0,50,0,1,0,-1,58,0,0,0,[0|0],1,1,1,1,1,0,1,1,0,0,0,1,1,0,0,0,0,0,0,1,0,0,0,1,0,-1,307000,-1,-1,-1,300720,300721,-1,1,0,0,1,0,0,0,0,0,2,1,1,0,0,0,1,0,0,50,0,0,0,1,0,609,10000001,0,-1,-1,-1,0,0,0,0,0,0,0,0,0,0,0,0,0,0,0,0,0,0,4,4,0,-1,-1,-1,0,13307000,-1,13307010,-1,-1,-1,-1,-1,20,1,[0|0|0|0]
3080,[Uncommon] Wraith Calling Bell,1,0,[0|0|0],10308000,17,0,0,-1,0,-1,5000,-1,-1,0,0,0,201,0,-1,-1,-1,1,0,50,0,1,0,-1,51,0,0,0,[0|0],1,1,1,1,1,0,1,0,0,0,0,1,1,0,0,0,0,0,0,1,0,0,0,1,0,-1,308000,-1,-1,-1,302170,302171,-1,1,0,0,1,0,0,0,0,0,0,1,1,0,0,0,1,0,0,65,0,0,0,1,0,609,10000001,6,-1,-1,-1,0,0,0,0,0,0,0,0,0,0,0,0,0,0,0,0,0,0,-1,9,0,-1,-1,-1,0,13308000,-1,13308010,-1,-1,-1,-1,-1,10,1,[0|0|0|0]
3310,[Uncommon] Warming Stone,1,0,[0|0|0],10331000,-1,0,0,50,0,-1,4170,-1,-1,0,0,0,210,0,-1,-1,-1,2,0,50,0,1,0,-1,7,0,0,0,[0|0],1,1,1,1,1,0,1,1,0,0,0,1,1,0,0,0,0,0,0,1,0,0,0,0,0,-1,-1,-1,-1,-1,302130,-1,-1,1,0,0,1,0,0,0,0,0,2,1,0,0,0,0,1,0,0,50,1,0,0,1,0,609,10200000,0,-1,-1,-1,0,0,0,0,0,0,0,0,0,0,0,0,0,0,0,0,0,0,4,4,0,-1,-1,-1,0,13331000,-1,13331010,-1,-1,-1,-1,-1,20,0,[0|0|0|0]
3350,[Uncommon] Bewitching Branch,1,0,[0|0|0],10335000,17,0,0,100,0,-1,4190,-1,-1,0,0,0,623,0,-1,-1,-1,2,0,50,0,1,0,-1,61,0,0,0,[0|0],1,1,1,1,1,0,1,1,0,0,0,1,1,0,0,0,0,0,0,1,0,0,0,0,0,-1,-1,-1,-1,-1,302490,302491,-1,1,0,0,1,0,0,0,0,0,2,1,1,0,0,0,1,0,0,50,0,0,0,1,0,609,-1,0,-1,-1,-1,0,0,0,0,0,0,0,0,0,0,0,0,0,0,0,0,0,0,4,6,0,-1,-1,-1,0,13335000,-1,13335010,-1,-1,-1,-1,-1,20,0,[0|0|0|0]
3500,[Rare] Uplifting Aromatic,1,0,[0|0|0],10350000,5,0,0,-1,0,-1,3210,-1,-1,0,0,0,226,0,-1,-1,-1,2,0,50,0,1,0,-1,91,0,0,0,[0|0],1,1,1,1,1,0,1,1,0,0,0,1,1,0,0,0,0,0,0,1,0,0,0,1,0,-1,-1,-1,-1,-1,300540,-1,-1,1,0,0,1,0,0,0,0,0,2,1,1,0,0,0,1,0,0,60,1,0,0,2,0,609,30000000,0,-1,-1,-1,0,0,0,0,0,0,0,0,0,0,0,0,0,0,0,0,0,0,4,6,0,-1,-1,-1,0,13350000,-1,13350010,-1,-1,-1,-1,-1,20,0,[0|0|0|0]
3510,[Uncommon] Spark Aromatic,1,0,[0|0|0],10351000,5,0,0,-1,0,-1,3000,-1,-1,0,0,0,216,0,-1,-1,-1,2,0,50,0,1,0,-1,90,0,0,0,[0|0],1,1,1,1,1,0,1,1,0,0,0,1,1,0,0,0,0,0,0,1,0,0,0,1,0,-1,351000,-1,-1,-1,300520,-1,-1,1,0,0,1,0,0,0,0,0,2,1,1,0,0,0,1,0,0,60,0,0,0,1,0,609,10000002,0,-1,-1,-1,0,0,0,0,0,0,0,0,0,0,0,0,0,0,0,0,0,0,4,6,0,-1,-1,-1,0,13351000,-1,13351010,-1,-1,-1,-1,-1,20,1,[0|0|0|0]
3520,[Uncommon] Ironjar Aromatic,1,0,[0|0|0],10352000,10,0,0,-1,0,-1,3050,-1,-1,0,0,0,587,0,-1,-1,-1,2,0,50,0,1,0,-1,93,0,0,0,[0|0],1,1,1,1,1,0,1,1,0,0,0,1,1,0,0,0,0,0,0,1,0,0,0,1,0,-1,-1,-1,-1,-1,300520,-1,-1,1,0,0,1,0,0,0,0,0,2,1,1,0,0,0,1,0,0,60,1,0,0,1,0,609,30000000,0,-1,-1,-1,0,0,0,0,0,0,0,0,0,0,0,0,0,0,0,0,0,0,4,6,0,-1,-1,-1,0,13352000,-1,13352010,-1,-1,-1,-1,-1,20,0,[0|0|0|0]
3550,[Rare] Bloodboil Aromatic,1,0,[0|0|0],10355000,10,0,0,-1,0,-1,3240,-1,-1,0,0,0,225,0,-1,-1,-1,2,0,50,0,1,0,-1,93,0,0,0,[0|0],1,1,1,1,1,0,1,1,0,0,0,1,1,0,0,0,0,0,0,1,0,0,0,1,0,-1,-1,-1,-1,-1,300520,-1,-1,1,0,0,1,0,0,0,0,0,2,1,1,0,0,0,1,0,0,60,1,0,0,2,0,609,30000000,0,-1,-1,-1,0,0,0,0,0,0,0,0,0,0,0,0,0,0,0,0,0,0,4,6,0,-1,-1,-1,0,13355000,-1,13355010,-1,-1,-1,-1,-1,20,0,[0|0|0|0]
3580,[Uncommon] Poison Spraymist,1,0,[0|0|0],10358000,5,0,0,-1,0,-1,3020,-1,-1,0,0,0,221,0,-1,-1,-1,2,0,50,0,1,0,-1,94,0,0,0,[0|0],1,1,1,1,1,0,1,1,0,0,0,1,1,0,0,0,0,0,0,1,0,0,0,1,0,-1,358000,-1,-1,-1,300520,-1,-1,1,0,0,1,0,0,0,0,0,2,1,1,0,0,0,1,0,0,60,0,0,0,1,0,609,10000002,0,-1,-1,-1,0,0,0,0,0,0,0,0,0,0,0,0,0,0,0,0,0,0,4,6,0,-1,-1,-1,0,13358000,-1,13358010,-1,-1,-1,-1,-1,20,0,[0|0|0|0]
3610,[Rare] Acid Spraymist,1,0,[0|0|0],10361000,20,0,0,-1,0,-1,3230,-1,-1,0,0,0,224,0,-1,-1,-1,2,0,50,0,1,0,-1,94,0,0,0,[0|0],1,1,1,1,1,0,1,1,0,0,0,1,1,0,0,0,0,0,0,1,0,0,0,1,0,-1,361000,-1,-1,-1,300520,-1,-1,1,0,0,1,0,0,0,0,0,2,1,1,0,0,0,1,0,0,60,0,0,0,2,0,609,10000002,0,-1,-1,-1,0,0,0,0,0,0,0,0,0,0,0,0,0,0,0,0,0,0,4,6,0,-1,-1,-1,0,13361000,-1,13361010,-1,-1,-1,-1,-1,20,0,[0|0|0|0]
8000,[Rare] Stonesword Key,1,0,[0|0|0],-1,-1,0,0,-1,0,-1,1200,-1,-1,0,0,0,228,0,-1,-1,-1,2,0,50,2,0,0,-1,0,0,0,0,[0|0],0,0,0,0,1,0,0,1,0,0,0,0,1,0,0,0,0,0,0,1,0,0,0,0,0,-1,-1,-1,-1,-1,-1,-1,-1,1,0,0,0,0,0,0,0,0,0,1,1,0,0,0,1,0,0,90,1,0,0,2,0,609,-1,0,-1,-1,-1,0,0,0,0,0,0,0,0,0,0,0,0,0,0,0,0,0,0,-1,0,0,-1,-1,-1,0,-1,-1,-1,-1,-1,-1,-1,-1,0,0,[0|0|0|0]
8005,[Legendary] Cord End,0,0,[0|0|0],-1,-1,0,0,-1,0,-1,1205,-1,-1,0,0,0,685,0,-1,-1,-1,1,0,50,2,0,0,-1,0,0,0,0,[0|0],0,0,0,0,1,0,0,1,0,0,0,0,1,0,0,0,0,0,0,1,0,0,0,0,0,-1,-1,-1,540165,540166,-1,-1,-1,1,0,0,0,0,0,0,0,0,0,1,1,0,0,0,1,0,0,90,1,0,0,3,0,609,-1,0,-1,-1,-1,0,0,0,0,0,0,0,0,0,0,0,0,0,0,0,0,0,0,-1,0,0,-1,-1,-1,6300,-1,-1,-1,-1,-1,-1,-1,-1,0,0,[0|0|0|0]
8500,[Unique] Dismembered Finger,1,0,[0|0|0],-1,-1,0,0,-1,0,-1,30000,-1,-1,0,0,0,250,0,-1,-1,-1,1,0,50,2,0,0,-1,0,0,0,0,[0|0],0,0,0,0,1,0,0,1,0,0,0,0,1,0,0,0,0,0,0,0,0,0,0,0,0,-1,-1,-1,-1,-1,-1,-1,-1,1,0,0,0,0,0,0,0,0,0,1,0,0,0,0,1,0,0,100,1,0,0,9,0,609,-1,0,-1,-1,-1,0,0,0,0,0,0,0,0,0,0,0,0,0,0,0,0,0,0,-1,0,0,-1,-1,-1,0,-1,-1,-1,-1,-1,-1,-1,-1,0,0,[0|0|0|0]
9000,[Gesture] Bow,1,0,[0|0|0],-1,-1,0,0,-1,0,-1,990120,-1,-1,0,0,0,7000,0,-1,-1,-1,1,0,50,24,0,0,-1,0,0,0,0,[0|0],0,0,0,0,0,0,0,0,0,0,0,0,0,0,0,0,0,0,0,0,0,0,0,0,0,-1,-1,-1,-1,-1,-1,-1,-1,1,0,0,0,0,0,0,0,0,0,1,0,0,0,0,1,0,0,250,1,0,0,0,0,0,-1,0,-1,-1,-1,0,0,0,0,0,0,0,0,0,0,0,0,0,0,0,0,0,0,-1,0,0,-1,-1,-1,0,-1,-1,-1,-1,-1,-1,-1,-1,0,0,[0|0|0|0]
9001,[Gesture] Polite Bow,0,0,[0|0|0],-1,-1,0,0,-1,0,-1,990200,-1,-1,0,0,0,7001,0,-1,-1,-1,1,0,50,24,0,0,-1,0,0,0,0,[0|0],0,0,0,0,0,0,0,0,0,0,0,0,0,0,0,0,0,0,0,0,0,0,0,0,0,-1,-1,-1,-1,-1,-1,-1,-1,1,0,0,0,0,0,0,0,0,0,1,0,0,0,0,1,0,0,250,1,0,0,0,0,0,-1,0,-1,-1,-1,0,0,0,0,0,0,0,0,0,0,0,0,0,0,0,0,0,0,-1,0,0,-1,-1,-1,0,-1,-1,-1,-1,-1,-1,-1,-1,0,0,[0|0|0|0]
9002,[Gesture] My Thanks,1,0,[0|0|0],-1,-1,0,0,-1,0,-1,990130,-1,-1,0,0,0,7002,0,-1,-1,-1,1,0,50,24,0,0,-1,0,0,0,0,[0|0],0,0,0,0,0,0,0,0,0,0,0,0,0,0,0,0,0,0,0,0,0,0,0,0,0,-1,-1,-1,-1,-1,-1,-1,-1,1,0,0,0,0,0,0,0,0,0,1,0,0,0,0,1,0,0,250,1,0,0,0,0,0,-1,0,-1,-1,-1,0,0,0,0,0,0,0,0,0,0,0,0,0,0,0,0,0,0,-1,0,0,-1,-1,-1,0,-1,-1,-1,-1,-1,-1,-1,-1,0,0,[0|0|0|0]
9003,[Gesture] Curtsy,0,0,[0|0|0],-1,-1,0,0,-1,0,-1,990400,-1,-1,0,0,0,7003,0,-1,-1,-1,1,0,50,24,0,0,-1,0,0,0,0,[0|0],0,0,0,0,0,0,0,0,0,0,0,0,0,0,0,0,0,0,0,0,0,0,0,0,0,-1,-1,-1,-1,-1,-1,-1,-1,1,0,0,0,0,0,0,0,0,0,1,0,0,0,0,1,0,0,250,1,0,0,0,0,0,-1,0,-1,-1,-1,0,0,0,0,0,0,0,0,0,0,0,0,0,0,0,0,0,0,-1,0,0,-1,-1,-1,0,-1,-1,-1,-1,-1,-1,-1,-1,0,0,[0|0|0|0]
9004,[Gesture] Reverential Bow,0,0,[0|0|0],-1,-1,0,0,-1,0,-1,990410,-1,-1,0,0,0,7004,0,-1,-1,-1,1,0,50,24,0,0,-1,0,0,0,0,[0|0],0,0,0,0,0,0,0,0,0,0,0,0,0,0,0,0,0,0,0,0,0,0,0,0,0,-1,-1,-1,-1,-1,-1,-1,-1,1,0,0,0,0,0,0,0,0,0,1,0,0,0,0,1,0,0,250,1,0,0,0,0,0,-1,0,-1,-1,-1,0,0,0,0,0,0,0,0,0,0,0,0,0,0,0,0,0,0,-1,0,0,-1,-1,-1,0,-1,-1,-1,-1,-1,-1,-1,-1,0,0,[0|0|0|0]
9005,[Gesture] My Lord,0,0,[0|0|0],-1,-1,0,0,-1,0,-1,990510,-1,-1,0,0,0,7005,0,-1,-1,-1,1,0,50,24,0,0,-1,0,0,0,0,[0|0],0,0,0,0,0,0,0,0,0,0,0,0,0,0,0,0,0,0,0,0,0,0,0,0,0,-1,-1,-1,-1,-1,-1,-1,-1,1,0,0,0,0,0,0,0,0,0,1,0,0,0,0,1,0,0,250,1,0,0,0,0,0,-1,0,-1,-1,-1,0,0,0,0,0,0,0,0,0,0,0,0,0,0,0,0,0,0,-1,0,0,-1,-1,-1,0,-1,-1,-1,-1,-1,-1,-1,-1,0,0,[0|0|0|0]
9006,[Gesture] Warm Welcome,0,0,[0|0|0],-1,-1,0,0,-1,0,-1,990220,-1,-1,0,0,0,7006,0,-1,-1,-1,1,0,50,24,0,0,-1,0,0,0,0,[0|0],0,0,0,0,0,0,0,0,0,0,0,0,0,0,0,0,0,0,0,0,0,0,0,0,0,-1,-1,-1,-1,-1,-1,-1,-1,1,0,0,0,0,0,0,0,0,0,1,0,0,0,0,1,0,0,250,1,0,0,0,0,0,-1,0,-1,-1,-1,0,0,0,0,0,0,0,0,0,0,0,0,0,0,0,0,0,0,-1,0,0,-1,-1,-1,0,-1,-1,-1,-1,-1,-1,-1,-1,0,0,[0|0|0|0]
9007,[Gesture] Wave,1,0,[0|0|0],-1,-1,0,0,-1,0,-1,990040,-1,-1,0,0,0,7007,0,-1,-1,-1,1,0,50,24,0,0,-1,0,0,0,0,[0|0],0,0,0,0,0,0,0,0,0,0,0,0,0,0,0,0,0,0,0,0,0,0,0,0,0,-1,-1,-1,-1,-1,-1,-1,-1,1,0,0,0,0,0,0,0,0,0,1,0,0,0,0,1,0,0,250,1,0,0,0,0,0,-1,0,-1,-1,-1,0,0,0,0,0,0,0,0,0,0,0,0,0,0,0,0,0,0,-1,0,0,-1,-1,-1,0,-1,-1,-1,-1,-1,-1,-1,-1,0,0,[0|0|0|0]
9008,[Gesture] Casual Greeting,1,0,[0|0|0],-1,-1,0,0,-1,0,-1,990060,-1,-1,0,0,0,7008,0,-1,-1,-1,1,0,50,24,0,0,-1,0,0,0,0,[0|0],0,0,0,0,0,0,0,0,0,0,0,0,0,0,0,0,0,0,0,0,0,0,0,0,0,-1,-1,-1,-1,-1,-1,-1,-1,1,0,0,0,0,0,0,0,0,0,1,0,0,0,0,1,0,0,250,1,0,0,0,0,0,-1,0,-1,-1,-1,0,0,0,0,0,0,0,0,0,0,0,0,0,0,0,0,0,0,-1,0,0,-1,-1,-1,0,-1,-1,-1,-1,-1,-1,-1,-1,0,0,[0|0|0|0]
9009,[Gesture] Strength!,0,0,[0|0|0],-1,-1,0,0,-1,0,-1,990210,-1,-1,0,0,0,7009,0,-1,-1,-1,1,0,50,24,0,0,-1,0,0,0,0,[0|0],0,0,0,0,0,0,0,0,0,0,0,0,0,0,0,0,0,0,0,0,0,0,0,0,0,-1,-1,-1,-1,-1,-1,-1,-1,1,0,0,0,0,0,0,0,0,0,1,0,0,0,0,1,0,0,250,1,0,0,0,0,0,-1,0,-1,-1,-1,0,0,0,0,0,0,0,0,0,0,0,0,0,0,0,0,0,0,-1,0,0,-1,-1,-1,0,-1,-1,-1,-1,-1,-1,-1,-1,0,0,[0|0|0|0]
9010,[Gesture] As You Wish,0,0,[0|0|0],-1,-1,0,0,-1,0,-1,990300,-1,-1,0,0,0,7010,0,-1,-1,-1,1,0,50,24,0,0,-1,0,0,0,0,[0|0],0,0,0,0,0,0,0,0,0,0,0,0,0,0,0,0,0,0,0,0,0,0,0,0,0,-1,-1,-1,-1,-1,-1,-1,-1,1,0,0,0,0,0,0,0,0,0,1,0,0,0,0,1,0,0,250,1,0,0,0,0,0,-1,0,-1,-1,-1,0,0,0,0,0,0,0,0,0,0,0,0,0,0,0,0,0,0,-1,0,0,-1,-1,-1,0,-1,-1,-1,-1,-1,-1,-1,-1,0,0,[0|0|0|0]
9011,[Gesture] Point Forwards,1,0,[0|0|0],-1,-1,0,0,-1,0,-1,990000,-1,-1,0,0,0,7011,0,-1,-1,-1,1,0,50,24,0,0,-1,0,0,0,0,[0|0],0,0,0,0,0,0,0,0,0,0,0,0,0,0,0,0,0,0,0,0,0,0,0,0,0,-1,-1,-1,-1,-1,-1,-1,-1,1,0,0,0,0,0,0,0,0,0,1,0,0,0,0,1,0,0,250,1,0,0,0,0,0,-1,0,-1,-1,-1,0,0,0,0,0,0,0,0,0,0,0,0,0,0,0,0,0,0,-1,0,0,-1,-1,-1,0,-1,-1,-1,-1,-1,-1,-1,-1,0,0,[0|0|0|0]
9012,[Gesture] Point Upwards,1,0,[0|0|0],-1,-1,0,0,-1,0,-1,990010,-1,-1,0,0,0,7012,0,-1,-1,-1,1,0,50,24,0,0,-1,0,0,0,0,[0|0],0,0,0,0,0,0,0,0,0,0,0,0,0,0,0,0,0,0,0,0,0,0,0,0,0,-1,-1,-1,-1,-1,-1,-1,-1,1,0,0,0,0,0,0,0,0,0,1,0,0,0,0,1,0,0,250,1,0,0,0,0,0,-1,0,-1,-1,-1,0,0,0,0,0,0,0,0,0,0,0,0,0,0,0,0,0,0,-1,0,0,-1,-1,-1,0,-1,-1,-1,-1,-1,-1,-1,-1,0,0,[0|0|0|0]
9013,[Gesture] Point Downwards,1,0,[0|0|0],-1,-1,0,0,-1,0,-1,990020,-1,-1,0,0,0,7013,0,-1,-1,-1,1,0,50,24,0,0,-1,0,0,0,0,[0|0],0,0,0,0,0,0,0,0,0,0,0,0,0,0,0,0,0,0,0,0,0,0,0,0,0,-1,-1,-1,-1,-1,-1,-1,-1,1,0,0,0,0,0,0,0,0,0,1,0,0,0,0,1,0,0,250,1,0,0,0,0,0,-1,0,-1,-1,-1,0,0,0,0,0,0,0,0,0,0,0,0,0,0,0,0,0,0,-1,0,0,-1,-1,-1,0,-1,-1,-1,-1,-1,-1,-1,-1,0,0,[0|0|0|0]
9014,[Gesture] Beckon,1,0,[0|0|0],-1,-1,0,0,-1,0,-1,990050,-1,-1,0,0,0,7014,0,-1,-1,-1,1,0,50,24,0,0,-1,0,0,0,0,[0|0],0,0,0,0,0,0,0,0,0,0,0,0,0,0,0,0,0,0,0,0,0,0,0,0,0,-1,-1,-1,-1,-1,-1,-1,-1,1,0,0,0,0,0,0,0,0,0,1,0,0,0,0,1,0,0,250,1,0,0,0,0,0,-1,0,-1,-1,-1,0,0,0,0,0,0,0,0,0,0,0,0,0,0,0,0,0,0,-1,0,0,-1,-1,-1,0,-1,-1,-1,-1,-1,-1,-1,-1,0,0,[0|0|0|0]
9015,[Gesture] Wait!,1,0,[0|0|0],-1,-1,1,0,0,0,-1,990030,-1,-1,0,0,0,7015,0,0,-1,-1,0,0,0,24,0,0,-1,0,0,0,0,[0|0],0,0,0,0,0,0,0,0,0,0,0,0,0,0,0,0,0,0,0,0,0,0,0,0,0,-1,-1,-1,-1,-1,-1,-1,-1,1,0,0,0,0,0,0,0,0,0,1,0,0,0,0,1,0,0,250,1,0,-1,0,0,0,-1,0,-1,-1,-1,0,0,0,0,0,0,0,0,0,0,0,0,0,0,0,0,0,0,-1,0,0,-1,-1,-1,0,-1,-1,-1,-1,-1,-1,-1,-1,0,0,[0|0|0|0]
9016,[Gesture] Calm Down!,0,0,[0|0|0],-1,-1,0,0,-1,0,-1,990320,-1,-1,0,0,0,7016,0,-1,-1,-1,1,0,50,24,0,0,-1,0,0,0,0,[0|0],0,0,0,0,0,0,0,0,0,0,0,0,0,0,0,0,0,0,0,0,0,0,0,0,0,-1,-1,-1,-1,-1,-1,-1,-1,1,0,0,0,0,0,0,0,0,0,1,0,0,0,0,1,0,0,250,1,0,0,0,0,0,-1,0,-1,-1,-1,0,0,0,0,0,0,0,0,0,0,0,0,0,0,0,0,0,0,-1,0,0,-1,-1,-1,0,-1,-1,-1,-1,-1,-1,-1,-1,0,0,[0|0|0|0]
9017,[Gesture] Nod In Thought,1,0,[0|0|0],-1,-1,0,0,-1,0,-1,990100,-1,-1,0,0,0,7017,0,-1,-1,-1,1,0,50,24,0,0,-1,0,0,0,0,[0|0],0,0,0,0,0,0,0,0,0,0,0,0,0,0,0,0,0,0,0,0,0,0,0,0,0,-1,-1,-1,-1,-1,-1,-1,-1,1,0,0,0,0,0,0,0,0,0,1,0,0,0,0,1,0,0,250,1,0,0,0,0,0,-1,0,-1,-1,-1,0,0,0,0,0,0,0,0,0,0,0,0,0,0,0,0,0,0,-1,0,0,-1,-1,-1,0,-1,-1,-1,-1,-1,-1,-1,-1,0,0,[0|0|0|0]
9018,[Gesture] Extreme Repentance,0,0,[0|0|0],-1,-1,0,0,-1,0,-1,990430,-1,-1,0,0,0,7018,0,-1,-1,-1,1,0,50,24,0,0,-1,0,0,0,0,[0|0],0,0,0,0,0,0,0,0,0,0,0,0,0,0,0,0,0,0,0,0,0,0,0,0,0,-1,-1,-1,-1,-1,-1,-1,-1,1,0,0,0,0,0,0,0,0,0,1,0,0,0,0,1,0,0,250,1,0,0,0,0,0,-1,0,-1,-1,-1,0,0,0,0,0,0,0,0,0,0,0,0,0,0,0,0,0,0,-1,0,0,-1,-1,-1,0,-1,-1,-1,-1,-1,-1,-1,-1,0,0,[0|0|0|0]
9019,[Gesture] Grovel For Mercy,0,0,[0|0|0],-1,-1,0,0,-1,0,-1,990520,-1,-1,0,0,0,7019,0,-1,-1,-1,1,0,50,24,0,0,-1,0,0,0,0,[0|0],0,0,0,0,0,0,0,0,0,0,0,0,0,0,0,0,0,0,0,0,0,0,0,0,0,-1,-1,-1,-1,-1,-1,-1,-1,1,0,0,0,0,0,0,0,0,0,1,0,0,0,0,1,0,0,250,1,0,0,0,0,0,-1,0,-1,-1,-1,0,0,0,0,0,0,0,0,0,0,0,0,0,0,0,0,0,0,-1,0,0,-1,-1,-1,0,-1,-1,-1,-1,-1,-1,-1,-1,0,0,[0|0|0|0]
9020,[Gesture] Rallying Cry,1,0,[0|0|0],-1,-1,0,0,-1,0,-1,990110,-1,-1,0,0,0,7020,0,-1,-1,-1,1,0,50,24,0,0,-1,0,0,0,0,[0|0],0,0,0,0,0,0,0,0,0,0,0,0,0,0,0,0,0,0,0,0,0,0,0,0,0,-1,-1,-1,-1,-1,-1,-1,-1,1,0,0,0,0,0,0,0,0,0,1,0,0,0,0,1,0,0,250,1,0,0,0,0,0,-1,0,-1,-1,-1,0,0,0,0,0,0,0,0,0,0,0,0,0,0,0,0,0,0,-1,0,0,-1,-1,-1,0,-1,-1,-1,-1,-1,-1,-1,-1,0,0,[0|0|0|0]
9021,[Gesture] Heartening Cry,0,0,[0|0|0],-1,-1,0,0,-1,0,-1,990310,-1,-1,0,0,0,7021,0,-1,-1,-1,1,0,50,24,0,0,-1,0,0,0,0,[0|0],0,0,0,0,0,0,0,0,0,0,0,0,0,0,0,0,0,0,0,0,0,0,0,0,0,-1,-1,-1,-1,-1,-1,-1,-1,1,0,0,0,0,0,0,0,0,0,1,0,0,0,0,1,0,0,250,1,0,0,0,0,0,-1,0,-1,-1,-1,0,0,0,0,0,0,0,0,0,0,0,0,0,0,0,0,0,0,-1,0,0,-1,-1,-1,0,-1,-1,-1,-1,-1,-1,-1,-1,0,0,[0|0|0|0]
9022,[Gesture] By My Sword,1,0,[0|0|0],-1,-1,0,0,-1,0,-1,990140,-1,-1,0,0,0,7022,0,-1,-1,-1,1,0,50,24,0,0,-1,0,0,0,0,[0|0],0,0,0,0,0,0,0,0,0,0,0,0,0,0,0,0,0,0,0,0,0,0,0,0,0,-1,-1,-1,-1,-1,-1,-1,-1,1,0,0,0,0,0,0,0,0,0,1,0,0,0,0,1,0,0,250,1,0,0,0,0,0,-1,0,-1,-1,-1,0,0,0,0,0,0,0,0,0,0,0,0,0,0,0,0,0,0,-1,0,0,-1,-1,-1,0,-1,-1,-1,-1,-1,-1,-1,-1,0,0,[0|0|0|0]
9023,[Gesture] Hoslow's Oath,0,0,[0|0|0],-1,-1,0,0,-1,0,-1,990470,-1,-1,0,0,0,7023,0,-1,-1,-1,1,0,50,24,0,0,-1,0,0,0,0,[0|0],0,0,0,0,0,0,0,0,0,0,0,0,0,0,0,0,0,0,0,0,0,0,0,0,0,-1,-1,-1,-1,-1,-1,-1,-1,1,0,0,0,0,0,0,0,0,0,1,0,0,0,0,1,0,0,250,1,0,0,0,0,0,-1,0,-1,-1,-1,0,0,0,0,0,0,0,0,0,0,0,0,0,0,0,0,0,0,-1,0,0,-1,-1,-1,0,-1,-1,-1,-1,-1,-1,-1,-1,0,0,[0|0|0|0]
9024,[Gesture] Fire Spur Me,0,0,[0|0|0],-1,-1,0,0,-1,0,-1,990270,-1,-1,0,0,0,7024,0,-1,-1,-1,1,0,50,24,0,0,-1,0,0,0,0,[0|0],0,0,0,0,0,0,0,0,0,0,0,0,0,0,0,0,0,0,0,0,0,0,0,0,0,-1,-1,-1,-1,-1,-1,-1,-1,1,0,0,0,0,0,0,0,0,0,1,0,0,0,0,1,0,0,250,1,0,0,0,0,0,-1,0,-1,-1,-1,0,0,0,0,0,0,0,0,0,0,0,0,0,0,0,0,0,0,-1,0,0,-1,-1,-1,0,-1,-1,-1,-1,-1,-1,-1,-1,0,0,[0|0|0|0]
9026,[Gesture] Bravo!,1,0,[0|0|0],-1,-1,0,0,-1,0,-1,990070,-1,-1,0,0,0,7026,0,-1,-1,-1,1,0,50,24,0,0,-1,0,0,0,0,[0|0],0,0,0,0,0,0,0,0,0,0,0,0,0,0,0,0,0,0,0,0,0,0,0,0,0,-1,-1,-1,-1,-1,-1,-1,-1,1,0,0,0,0,0,0,0,0,0,1,0,0,0,0,1,0,0,250,1,0,0,0,0,0,-1,0,-1,-1,-1,0,0,0,0,0,0,0,0,0,0,0,0,0,0,0,0,0,0,-1,0,0,-1,-1,-1,0,-1,-1,-1,-1,-1,-1,-1,-1,0,0,[0|0|0|0]
9027,[Gesture] Jump for Joy,1,0,[0|0|0],-1,-1,0,0,-1,0,-1,990080,-1,-1,0,0,0,7027,0,-1,-1,-1,1,0,50,24,0,0,-1,0,0,0,0,[0|0],0,0,0,0,0,0,0,0,0,0,0,0,0,0,0,0,0,0,0,0,0,0,0,0,0,-1,-1,-1,-1,-1,-1,-1,-1,1,0,0,0,0,0,0,0,0,0,1,0,0,0,0,1,0,0,250,1,0,0,0,0,0,-1,0,-1,-1,-1,0,0,0,0,0,0,0,0,0,0,0,0,0,0,0,0,0,0,-1,0,0,-1,-1,-1,0,-1,-1,-1,-1,-1,-1,-1,-1,0,0,[0|0|0|0]
9028,[Gesture] Triumphant Delight,1,0,[0|0|0],-1,-1,0,0,-1,0,-1,990090,-1,-1,0,0,0,7028,0,-1,-1,-1,1,0,50,24,0,0,-1,0,0,0,0,[0|0],0,0,0,0,0,0,0,0,0,0,0,0,0,0,0,0,0,0,0,0,0,0,0,0,0,-1,-1,-1,-1,-1,-1,-1,-1,1,0,0,0,0,0,0,0,0,0,1,0,0,0,0,1,0,0,250,1,0,0,0,0,0,-1,0,-1,-1,-1,0,0,0,0,0,0,0,0,0,0,0,0,0,0,0,0,0,0,-1,0,0,-1,-1,-1,0,-1,-1,-1,-1,-1,-1,-1,-1,0,0,[0|0|0|0]
9029,[Gesture] Fancy Spin,0,0,[0|0|0],-1,-1,0,0,-1,0,-1,990230,-1,-1,0,0,0,7029,0,-1,-1,-1,1,0,50,24,0,0,-1,0,0,0,0,[0|0],0,0,0,0,0,0,0,0,0,0,0,0,0,0,0,0,0,0,0,0,0,0,0,0,0,-1,-1,-1,-1,-1,-1,-1,-1,1,0,0,0,0,0,0,0,0,0,1,0,0,0,0,1,0,0,250,1,0,0,0,0,0,-1,0,-1,-1,-1,0,0,0,0,0,0,0,0,0,0,0,0,0,0,0,0,0,0,-1,0,0,-1,-1,-1,0,-1,-1,-1,-1,-1,-1,-1,-1,0,0,[0|0|0|0]
9030,[Gesture] Finger Snap,0,0,[0|0|0],-1,-1,0,0,-1,0,-1,990330,-1,-1,0,0,0,7030,0,-1,-1,-1,1,0,50,24,0,0,-1,0,0,0,0,[0|0],0,0,0,0,0,0,0,0,0,0,0,0,0,0,0,0,0,0,0,0,0,0,0,0,0,-1,-1,-1,-1,-1,-1,-1,-1,1,0,0,0,0,0,0,0,0,0,1,0,0,0,0,1,0,0,250,1,0,0,0,0,0,-1,0,-1,-1,-1,0,0,0,0,0,0,0,0,0,0,0,0,0,0,0,0,0,0,-1,0,0,-1,-1,-1,0,-1,-1,-1,-1,-1,-1,-1,-1,0,0,[0|0|0|0]
9031,[Gesture] Dejection,0,0,[0|0|0],-1,-1,0,0,-1,0,-1,990420,-1,-1,0,0,0,7031,0,-1,-1,-1,1,0,50,24,0,0,-1,0,0,0,0,[0|0],0,0,0,0,0,0,0,0,0,0,0,0,0,0,0,0,0,0,0,0,0,0,0,0,0,-1,-1,-1,-1,-1,-1,-1,-1,1,0,0,0,0,0,0,0,0,0,1,0,0,0,0,1,0,0,250,1,0,0,0,0,0,-1,0,-1,-1,-1,0,0,0,0,0,0,0,0,0,0,0,0,0,0,0,0,0,0,-1,0,0,-1,-1,-1,0,-1,-1,-1,-1,-1,-1,-1,-1,0,0,[0|0|0|0]
9032,[Gesture] Patches' Crouch,0,0,[0|0|0],-1,-1,0,0,-1,0,-1,990440,-1,-1,0,0,0,7032,0,-1,-1,-1,1,0,50,24,0,0,-1,0,0,0,0,[0|0],0,0,0,0,0,0,0,0,0,0,0,0,0,0,0,0,0,0,0,0,0,0,0,0,0,-1,-1,-1,-1,-1,-1,-1,-1,1,0,0,0,0,0,0,0,0,0,1,0,0,0,0,1,0,0,250,1,0,0,0,0,0,-1,0,-1,-1,-1,0,0,0,0,0,0,0,0,0,0,0,0,0,0,0,0,0,0,-1,0,0,-1,-1,-1,0,-1,-1,-1,-1,-1,-1,-1,-1,0,0,[0|0|0|0]
9033,[Gesture] Crossed Legs,0,0,[0|0|0],-1,-1,0,0,-1,0,-1,990240,-1,-1,0,0,0,7033,0,-1,-1,-1,1,0,50,24,0,0,-1,0,0,0,0,[0|0],0,0,0,0,0,0,0,0,0,0,0,0,0,0,0,0,0,0,0,0,0,0,0,0,0,-1,-1,-1,-1,-1,-1,-1,-1,1,0,0,0,0,0,0,0,0,0,1,0,0,0,0,1,0,0,250,1,0,0,0,0,0,-1,0,-1,-1,-1,0,0,0,0,0,0,0,0,0,0,0,0,0,0,0,0,0,0,-1,0,0,-1,-1,-1,0,-1,-1,-1,-1,-1,-1,-1,-1,0,0,[0|0|0|0]
9034,[Gesture] Rest,0,0,[0|0|0],-1,-1,0,0,-1,0,-1,990250,-1,-1,0,0,0,7034,0,-1,-1,-1,1,0,50,24,0,0,-1,0,0,0,0,[0|0],0,0,0,0,0,0,0,0,0,0,0,0,0,0,0,0,0,0,0,0,0,0,0,0,0,-1,-1,-1,-1,-1,-1,-1,-1,1,0,0,0,0,0,0,0,0,0,1,0,0,0,0,1,0,0,250,1,0,0,0,0,0,-1,0,-1,-1,-1,0,0,0,0,0,0,0,0,0,0,0,0,0,0,0,0,0,0,-1,0,0,-1,-1,-1,0,-1,-1,-1,-1,-1,-1,-1,-1,0,0,[0|0|0|0]
9035,[Gesture] Sitting Sideways,0,0,[0|0|0],-1,-1,0,0,-1,0,-1,990260,-1,-1,0,0,0,7035,0,-1,-1,-1,1,0,50,24,0,0,-1,0,0,0,0,[0|0],0,0,0,0,0,0,0,0,0,0,0,0,0,0,0,0,0,0,0,0,0,0,0,0,0,-1,-1,-1,-1,-1,-1,-1,-1,1,0,0,0,0,0,0,0,0,0,1,0,0,0,0,1,0,0,250,1,0,0,0,0,0,-1,0,-1,-1,-1,0,0,0,0,0,0,0,0,0,0,0,0,0,0,0,0,0,0,-1,0,0,-1,-1,-1,0,-1,-1,-1,-1,-1,-1,-1,-1,0,0,[0|0|0|0]
9036,[Gesture] Dozing Cross-Legged,0,0,[0|0|0],-1,-1,0,0,-1,0,-1,990450,-1,-1,0,0,0,7036,0,-1,-1,-1,1,0,50,24,0,0,-1,0,0,0,0,[0|0],0,0,0,0,0,0,0,0,0,0,0,0,0,0,0,0,0,0,0,0,0,0,0,0,0,-1,-1,-1,-1,-1,-1,-1,-1,1,0,0,0,0,0,0,0,0,0,1,0,0,0,0,1,0,0,250,1,0,0,0,0,0,-1,0,-1,-1,-1,0,0,0,0,0,0,0,0,0,0,0,0,0,0,0,0,0,0,-1,0,0,-1,-1,-1,0,-1,-1,-1,-1,-1,-1,-1,-1,0,0,[0|0|0|0]
9037,[Gesture] Spread Out,0,0,[0|0|0],-1,-1,0,0,-1,0,-1,990530,-1,-1,0,0,0,7037,0,-1,-1,-1,1,0,50,24,0,0,-1,0,0,0,0,[0|0],0,0,0,0,0,0,0,0,0,0,0,0,0,0,0,0,0,0,0,0,0,0,0,0,0,-1,-1,-1,-1,-1,-1,-1,-1,1,0,0,0,0,0,0,0,0,0,1,0,0,0,0,1,0,0,250,1,0,0,0,0,0,-1,0,-1,-1,-1,0,0,0,0,0,0,0,0,0,0,0,0,0,0,0,0,0,0,-1,0,0,-1,-1,-1,0,-1,-1,-1,-1,-1,-1,-1,-1,0,0,[0|0|0|0]
9039,[Gesture] Balled Up,0,0,[0|0|0],-1,-1,0,0,-1,0,-1,990540,-1,-1,0,0,0,7039,0,-1,-1,-1,1,0,50,24,0,0,-1,0,0,0,0,[0|0],0,0,0,0,0,0,0,0,0,0,0,0,0,0,0,0,0,0,0,0,0,0,0,0,0,-1,-1,-1,-1,-1,-1,-1,-1,1,0,0,0,0,0,0,0,0,0,1,0,0,0,0,1,0,0,250,1,0,0,0,0,0,-1,0,-1,-1,-1,0,0,0,0,0,0,0,0,0,0,0,0,0,0,0,0,0,0,-1,0,0,-1,-1,-1,0,-1,-1,-1,-1,-1,-1,-1,-1,0,0,[0|0|0|0]
9040,[Gesture] What Do You Want?,0,0,[0|0|0],-1,-1,0,0,-1,0,-1,990500,-1,-1,0,0,0,7040,0,-1,-1,-1,1,0,50,24,0,0,-1,0,0,0,0,[0|0],0,0,0,0,0,0,0,0,0,0,0,0,0,0,0,0,0,0,0,0,0,0,0,0,0,-1,-1,-1,-1,-1,-1,-1,-1,1,0,0,0,0,0,0,0,0,0,1,0,0,0,0,1,0,0,250,1,0,0,0,0,0,-1,0,-1,-1,-1,0,0,0,0,0,0,0,0,0,0,0,0,0,0,0,0,0,0,-1,0,0,-1,-1,-1,0,-1,-1,-1,-1,-1,-1,-1,-1,0,0,[0|0|0|0]
9041,[Gesture] Prayer,0,0,[0|0|0],-1,-1,0,0,-1,0,-1,990340,-1,-1,0,0,0,7041,0,-1,-1,-1,1,0,50,24,0,0,-1,0,0,0,0,[0|0],0,0,0,0,0,0,0,0,0,0,0,0,0,0,0,0,0,0,0,0,0,0,0,0,0,-1,-1,-1,-1,-1,-1,-1,-1,1,0,0,0,0,0,0,0,0,0,1,0,0,0,0,1,0,0,250,1,0,0,0,0,0,-1,0,-1,-1,-1,0,0,0,0,0,0,0,0,0,0,0,0,0,0,0,0,0,0,-1,0,0,-1,-1,-1,0,-1,-1,-1,-1,-1,-1,-1,-1,0,0,[0|0|0|0]
9042,[Gesture] Desperate Prayer,0,0,[0|0|0],-1,-1,0,0,-1,0,-1,990460,-1,-1,0,0,0,7042,0,-1,-1,-1,1,0,50,24,0,0,-1,0,0,0,0,[0|0],0,0,0,0,0,0,0,0,0,0,0,0,0,0,0,0,0,0,0,0,0,0,0,0,0,-1,-1,-1,-1,-1,-1,-1,-1,1,0,0,0,0,0,0,0,0,0,1,0,0,0,0,1,0,0,250,1,0,0,0,0,0,-1,0,-1,-1,-1,0,0,0,0,0,0,0,0,0,0,0,0,0,0,0,0,0,0,-1,0,0,-1,-1,-1,0,-1,-1,-1,-1,-1,-1,-1,-1,0,0,[0|0|0|0]
9043,[Gesture] Rapture,0,0,[0|0|0],-1,-1,0,0,-1,0,-1,990350,-1,-1,0,0,0,7043,0,-1,-1,-1,1,0,50,24,0,0,-1,0,0,0,0,[0|0],0,0,0,0,0,0,0,0,0,0,0,0,0,0,0,0,0,0,0,0,0,0,0,0,0,-1,-1,-1,-1,-1,-1,-1,-1,1,0,0,0,0,0,0,0,0,0,1,0,0,0,0,1,0,0,250,1,0,0,0,0,0,-1,0,-1,-1,-1,0,0,0,0,0,0,0,0,0,0,0,0,0,0,0,0,0,0,-1,0,0,-1,-1,-1,0,-1,-1,-1,-1,-1,-1,-1,-1,0,0,[0|0|0|0]
9045,[Gesture] Erudition,0,0,[0|0|0],-1,-1,0,0,-1,0,-1,990360,-1,-1,0,0,0,7046,0,-1,-1,-1,1,0,50,24,0,0,-1,0,0,0,0,[0|0],0,0,0,0,0,0,0,0,0,0,0,0,0,0,0,0,0,0,0,0,0,0,0,0,0,-1,-1,-1,-1,-1,-1,-1,-1,1,0,0,0,0,0,0,0,0,0,1,0,0,0,0,1,0,0,250,1,0,0,0,0,0,-1,0,-1,-1,-1,0,0,0,0,0,0,0,0,0,0,0,0,0,0,0,0,0,0,-1,0,0,-1,-1,-1,0,-1,-1,-1,-1,-1,-1,-1,-1,0,0,[0|0|0|0]
9046,[Gesture] Outer Order,0,0,[0|0|0],-1,-1,0,0,-1,0,-1,990370,-1,-1,0,0,0,7047,0,-1,-1,-1,1,0,50,24,0,0,-1,0,0,0,0,[0|0],0,0,0,0,0,0,0,0,0,0,0,0,0,0,0,0,0,0,0,0,0,0,0,0,0,-1,-1,-1,-1,-1,-1,-1,-1,1,0,0,0,0,0,0,0,0,0,1,0,0,0,0,1,0,0,250,1,0,0,0,0,0,-1,0,-1,-1,-1,0,0,0,0,0,0,0,0,0,0,0,0,0,0,0,0,0,0,-1,0,0,-1,-1,-1,0,-1,-1,-1,-1,-1,-1,-1,-1,0,0,[0|0|0|0]
9047,[Gesture] Inner Order,0,0,[0|0|0],-1,-1,0,0,-1,0,-1,990480,-1,-1,0,0,0,7048,0,-1,-1,-1,1,0,50,24,0,0,-1,0,0,0,0,[0|0],0,0,0,0,0,0,0,0,0,0,0,0,0,0,0,0,0,0,0,0,0,0,0,0,0,-1,-1,-1,-1,-1,-1,-1,-1,1,0,0,0,0,0,0,0,0,0,1,0,0,0,0,1,0,0,250,1,0,0,0,0,0,-1,0,-1,-1,-1,0,0,0,0,0,0,0,0,0,0,0,0,0,0,0,0,0,0,-1,0,0,-1,-1,-1,0,-1,-1,-1,-1,-1,-1,-1,-1,0,0,[0|0|0|0]
9048,[Gesture] Golden Order Totality,0,0,[0|0|0],-1,-1,0,0,-1,0,-1,990550,-1,-1,0,0,0,7049,0,-1,-1,-1,1,0,50,24,0,0,-1,0,0,0,0,[0|0],0,0,0,0,0,0,0,0,0,0,0,0,0,0,0,0,0,0,0,0,0,0,0,0,0,-1,-1,-1,-1,-1,-1,-1,-1,1,0,0,0,0,0,0,0,0,0,1,0,0,0,0,1,0,0,250,1,0,0,0,0,0,-1,0,-1,-1,-1,0,0,0,0,0,0,0,0,0,0,0,0,0,0,0,0,0,0,-1,0,0,-1,-1,-1,0,-1,-1,-1,-1,-1,-1,-1,-1,0,0,[0|0|0|0]
9060,[Gesture] Prattling Pate "Hello",0,0,[0|0|0],-1,-1,0,0,-1,0,-1,990700,-1,-1,0,0,0,7060,0,-1,-1,-1,1,0,50,24,0,0,-1,0,0,0,0,[0|0],0,0,0,0,0,0,0,0,0,0,0,0,0,0,0,0,0,0,0,0,0,0,0,0,0,-1,-1,-1,-1,-1,-1,-1,-1,1,0,0,0,0,0,0,0,0,0,1,0,0,0,0,1,0,0,250,1,0,0,0,0,0,-1,0,-1,-1,-1,0,0,0,0,0,0,0,0,0,0,0,0,0,0,0,0,0,0,-1,0,0,-1,-1,-1,0,-1,-1,-1,-1,-1,-1,-1,-1,0,0,[0|0|0|0]
9061,[Gesture] Prattling Pate "Thank you",0,0,[0|0|0],-1,-1,0,0,-1,0,-1,990710,-1,-1,0,0,0,7061,0,-1,-1,-1,1,0,50,24,0,0,-1,0,0,0,0,[0|0],0,0,0,0,0,0,0,0,0,0,0,0,0,0,0,0,0,0,0,0,0,0,0,0,0,-1,-1,-1,-1,-1,-1,-1,-1,1,0,0,0,0,0,0,0,0,0,1,0,0,0,0,1,0,0,250,1,0,0,0,0,0,-1,0,-1,-1,-1,0,0,0,0,0,0,0,0,0,0,0,0,0,0,0,0,0,0,-1,0,0,-1,-1,-1,0,-1,-1,-1,-1,-1,-1,-1,-1,0,0,[0|0|0|0]
9062,[Gesture] Prattling Pate "Apologies",0,0,[0|0|0],-1,-1,0,0,-1,0,-1,990750,-1,-1,0,0,0,7062,0,-1,-1,-1,1,0,50,24,0,0,-1,0,0,0,0,[0|0],0,0,0,0,0,0,0,0,0,0,0,0,0,0,0,0,0,0,0,0,0,0,0,0,0,-1,-1,-1,-1,-1,-1,-1,-1,1,0,0,0,0,0,0,0,0,0,1,0,0,0,0,1,0,0,250,1,0,0,0,0,0,-1,0,-1,-1,-1,0,0,0,0,0,0,0,0,0,0,0,0,0,0,0,0,0,0,-1,0,0,-1,-1,-1,0,-1,-1,-1,-1,-1,-1,-1,-1,0,0,[0|0|0|0]
9063,[Gesture] Prattling Pate "Wonderful",0,0,[0|0|0],-1,-1,0,0,-1,0,-1,990720,-1,-1,0,0,0,7063,0,-1,-1,-1,1,0,50,24,0,0,-1,0,0,0,0,[0|0],0,0,0,0,0,0,0,0,0,0,0,0,0,0,0,0,0,0,0,0,0,0,0,0,0,-1,-1,-1,-1,-1,-1,-1,-1,1,0,0,0,0,0,0,0,0,0,1,0,0,0,0,1,0,0,250,1,0,0,0,0,0,-1,0,-1,-1,-1,0,0,0,0,0,0,0,0,0,0,0,0,0,0,0,0,0,0,-1,0,0,-1,-1,-1,0,-1,-1,-1,-1,-1,-1,-1,-1,0,0,[0|0|0|0]
9064,[Gesture] Prattling Pate "Please help",0,0,[0|0|0],-1,-1,0,0,-1,0,-1,990730,-1,-1,0,0,0,7064,0,-1,-1,-1,1,0,50,24,0,0,-1,0,0,0,0,[0|0],0,0,0,0,0,0,0,0,0,0,0,0,0,0,0,0,0,0,0,0,0,0,0,0,0,-1,-1,-1,-1,-1,-1,-1,-1,1,0,0,0,0,0,0,0,0,0,1,0,0,0,0,1,0,0,250,1,0,0,0,0,0,-1,0,-1,-1,-1,0,0,0,0,0,0,0,0,0,0,0,0,0,0,0,0,0,0,-1,0,0,-1,-1,-1,0,-1,-1,-1,-1,-1,-1,-1,-1,0,0,[0|0|0|0]
9065,[Gesture] Prattling Pate "My beloved",0,0,[0|0|0],-1,-1,0,0,-1,0,-1,990740,-1,-1,0,0,0,7065,0,-1,-1,-1,1,0,50,24,0,0,-1,0,0,0,0,[0|0],0,0,0,0,0,0,0,0,0,0,0,0,0,0,0,0,0,0,0,0,0,0,0,0,0,-1,-1,-1,-1,-1,-1,-1,-1,1,0,0,0,0,0,0,0,0,0,1,0,0,0,0,1,0,0,250,1,0,0,0,0,0,-1,0,-1,-1,-1,0,0,0,0,0,0,0,0,0,0,0,0,0,0,0,0,0,0,-1,0,0,-1,-1,-1,0,-1,-1,-1,-1,-1,-1,-1,-1,0,0,[0|0|0|0]
9066,[Gesture] Prattling Pate "Let's get to it",0,0,[0|0|0],-1,-1,0,0,-1,0,-1,990760,-1,-1,0,0,0,7066,0,-1,-1,-1,1,0,50,24,0,0,-1,0,0,0,0,[0|0],0,0,0,0,0,0,0,0,0,0,0,0,0,0,0,0,0,0,0,0,0,0,0,0,0,-1,-1,-1,-1,-1,-1,-1,-1,1,0,0,0,0,0,0,0,0,0,1,0,0,0,0,1,0,0,250,1,0,0,0,0,0,-1,0,-1,-1,-1,0,0,0,0,0,0,0,0,0,0,0,0,0,0,0,0,0,0,-1,0,0,-1,-1,-1,0,-1,-1,-1,-1,-1,-1,-1,-1,0,0,[0|0|0|0]
9067,[Gesture] Prattling Pate "You're beautiful",0,0,[0|0|0],-1,-1,0,0,-1,0,-1,990770,-1,-1,0,0,0,7067,0,-1,-1,-1,1,0,50,24,0,0,-1,0,0,0,0,[0|0],0,0,0,0,0,0,0,0,0,0,0,0,0,0,0,0,0,0,0,0,0,0,0,0,0,-1,-1,-1,-1,-1,-1,-1,-1,1,0,0,0,0,0,0,0,0,0,1,0,0,0,0,1,0,0,250,1,0,0,0,0,0,-1,0,-1,-1,-1,0,0,0,0,0,0,0,0,0,0,0,0,0,0,0,0,0,0,-1,0,0,-1,-1,-1,0,-1,-1,-1,-1,-1,-1,-1,-1,0,0,[0|0|0|0]
9070,[Gesture] It's Raining!,0,0,[0|0|0],-1,-1,0,0,-1,0,-1,990375,-1,-1,0,0,0,7050,0,-1,-1,-1,1,0,50,24,0,0,-1,0,0,0,0,[0|0],0,0,0,0,0,0,0,0,0,0,0,0,0,0,0,0,0,0,0,0,0,0,0,0,0,-1,-1,-1,-1,-1,-1,-1,-1,1,0,0,0,0,0,0,0,0,0,1,0,0,0,0,1,0,0,250,1,0,0,0,0,0,-1,0,-1,-1,-1,0,0,0,0,0,0,0,0,0,0,0,0,0,0,0,0,0,0,-1,0,0,-1,-1,-1,0,-1,-1,-1,-1,-1,-1,-1,-1,0,0,[0|0|0|0]
9600,[Vessel] Wylder's Urn,1,0,[0|0|0],-1,-1,0,0,-1,0,-1,202600,-1,-1,0,0,0,19000,0,-1,-1,-1,1,0,50,25,0,0,-1,0,0,0,0,[0|0],0,0,0,0,0,0,0,0,0,0,0,0,0,0,0,0,0,0,0,0,0,0,0,0,0,-1,-1,-1,-1,-1,-1,-1,-1,1,0,0,0,0,0,0,0,0,0,0,0,0,0,0,1,0,0,60,1,0,0,1,0,0,-1,0,-1,-1,-1,0,0,0,0,0,0,0,0,0,0,0,0,0,0,0,0,0,0,-1,0,0,-1,-1,-1,0,-1,-1,-1,-1,-1,-1,-1,-1,0,0,[0|0|0|0]
9601,[Vessel] Wylder's Goblet,0,0,[0|0|0],-1,-1,0,0,-1,0,-1,202601,-1,-1,0,0,0,19020,0,-1,-1,-1,1,0,50,25,0,0,-1,0,0,0,0,[0|0],0,0,0,0,0,0,0,0,0,0,0,0,0,0,0,0,0,0,0,0,0,0,0,0,0,-1,-1,-1,-1,-1,-1,-1,-1,1,0,0,0,0,0,0,0,0,0,0,0,0,0,0,1,0,0,60,1,0,0,1,0,0,-1,0,-1,-1,-1,0,0,0,0,0,0,0,0,0,0,0,0,0,0,0,0,0,0,-1,0,0,-1,-1,-1,0,-1,-1,-1,-1,-1,-1,-1,-1,0,0,[0|0|0|0]
9602,[Vessel] Wylder's Chalice,0,0,[0|0|0],-1,-1,0,0,-1,0,-1,202602,-1,-1,0,0,0,19030,0,-1,-1,-1,1,0,50,25,0,0,-1,0,0,0,0,[0|0],0,0,0,0,0,0,0,0,0,0,0,0,0,0,0,0,0,0,0,0,0,0,0,0,0,-1,-1,-1,-1,-1,-1,-1,-1,1,0,0,0,0,0,0,0,0,0,0,0,0,0,0,1,0,0,60,1,0,0,1,0,0,-1,0,-1,-1,-1,0,0,0,0,0,0,0,0,0,0,0,0,0,0,0,0,0,0,-1,0,0,-1,-1,-1,0,-1,-1,-1,-1,-1,-1,-1,-1,0,0,[0|0|0|0]
9603,[Vessel] Guardian's Urn,1,0,[0|0|0],-1,-1,0,0,-1,0,-1,202603,-1,-1,0,0,0,19001,0,-1,-1,-1,1,0,50,25,0,0,-1,0,0,0,0,[0|0],0,0,0,0,0,0,0,0,0,0,0,0,0,0,0,0,0,0,0,0,0,0,0,0,0,-1,-1,-1,-1,-1,-1,-1,-1,1,0,0,0,0,0,0,0,0,0,0,0,0,0,0,1,0,0,60,1,0,0,1,0,0,-1,0,-1,-1,-1,0,0,0,0,0,0,0,0,0,0,0,0,0,0,0,0,0,0,-1,0,0,-1,-1,-1,0,-1,-1,-1,-1,-1,-1,-1,-1,0,0,[0|0|0|0]
9604,[Vessel] Guardian's Goblet,0,0,[0|0|0],-1,-1,0,0,-1,0,-1,202604,-1,-1,0,0,0,19021,0,-1,-1,-1,1,0,50,25,0,0,-1,0,0,0,0,[0|0],0,0,0,0,0,0,0,0,0,0,0,0,0,0,0,0,0,0,0,0,0,0,0,0,0,-1,-1,-1,-1,-1,-1,-1,-1,1,0,0,0,0,0,0,0,0,0,0,0,0,0,0,1,0,0,60,1,0,0,1,0,0,-1,0,-1,-1,-1,0,0,0,0,0,0,0,0,0,0,0,0,0,0,0,0,0,0,-1,0,0,-1,-1,-1,0,-1,-1,-1,-1,-1,-1,-1,-1,0,0,[0|0|0|0]
9605,[Vessel] Guardian's Chalice,0,0,[0|0|0],-1,-1,0,0,-1,0,-1,202605,-1,-1,0,0,0,19031,0,-1,-1,-1,1,0,50,25,0,0,-1,0,0,0,0,[0|0],0,0,0,0,0,0,0,0,0,0,0,0,0,0,0,0,0,0,0,0,0,0,0,0,0,-1,-1,-1,-1,-1,-1,-1,-1,1,0,0,0,0,0,0,0,0,0,0,0,0,0,0,1,0,0,60,1,0,0,1,0,0,-1,0,-1,-1,-1,0,0,0,0,0,0,0,0,0,0,0,0,0,0,0,0,0,0,-1,0,0,-1,-1,-1,0,-1,-1,-1,-1,-1,-1,-1,-1,0,0,[0|0|0|0]
9606,[Vessel] Ironeye's Urn,0,0,[0|0|0],-1,-1,0,0,-1,0,-1,202606,-1,-1,0,0,0,19002,0,-1,-1,-1,1,0,50,25,0,0,-1,0,0,0,0,[0|0],0,0,0,0,0,0,0,0,0,0,0,0,0,0,0,0,0,0,0,0,0,0,0,0,0,-1,-1,-1,-1,-1,-1,-1,-1,1,0,0,0,0,0,0,0,0,0,0,0,0,0,0,1,0,0,60,1,0,0,1,0,0,-1,0,-1,-1,-1,0,0,0,0,0,0,0,0,0,0,0,0,0,0,0,0,0,0,-1,0,0,-1,-1,-1,0,-1,-1,-1,-1,-1,-1,-1,-1,0,0,[0|0|0|0]
9607,[Vessel] Ironeye's Goblet,0,0,[0|0|0],-1,-1,0,0,-1,0,-1,202607,-1,-1,0,0,0,19022,0,-1,-1,-1,1,0,50,25,0,0,-1,0,0,0,0,[0|0],0,0,0,0,0,0,0,0,0,0,0,0,0,0,0,0,0,0,0,0,0,0,0,0,0,-1,-1,-1,-1,-1,-1,-1,-1,1,0,0,0,0,0,0,0,0,0,0,0,0,0,0,1,0,0,60,1,0,0,1,0,0,-1,0,-1,-1,-1,0,0,0,0,0,0,0,0,0,0,0,0,0,0,0,0,0,0,-1,0,0,-1,-1,-1,0,-1,-1,-1,-1,-1,-1,-1,-1,0,0,[0|0|0|0]
9608,[Vessel] Ironeye's Chalice,0,0,[0|0|0],-1,-1,0,0,-1,0,-1,202608,-1,-1,0,0,0,19032,0,-1,-1,-1,1,0,50,25,0,0,-1,0,0,0,0,[0|0],0,0,0,0,0,0,0,0,0,0,0,0,0,0,0,0,0,0,0,0,0,0,0,0,0,-1,-1,-1,-1,-1,-1,-1,-1,1,0,0,0,0,0,0,0,0,0,0,0,0,0,0,1,0,0,60,1,0,0,1,0,0,-1,0,-1,-1,-1,0,0,0,0,0,0,0,0,0,0,0,0,0,0,0,0,0,0,-1,0,0,-1,-1,-1,0,-1,-1,-1,-1,-1,-1,-1,-1,0,0,[0|0|0|0]
9609,[Vessel] Duchess' Urn,1,0,[0|0|0],-1,-1,0,0,-1,0,-1,202609,-1,-1,0,0,0,19003,0,-1,-1,-1,1,0,50,25,0,0,-1,0,0,0,0,[0|0],0,0,0,0,0,0,0,0,0,0,0,0,0,0,0,0,0,0,0,0,0,0,0,0,0,-1,-1,-1,-1,-1,-1,-1,-1,1,0,0,0,0,0,0,0,0,0,0,0,0,0,0,1,0,0,60,1,0,0,1,0,0,-1,0,-1,-1,-1,0,0,0,0,0,0,0,0,0,0,0,0,0,0,0,0,0,0,-1,0,0,-1,-1,-1,0,-1,-1,-1,-1,-1,-1,-1,-1,0,0,[0|0|0|0]
9610,[Vessel] Duchess' Goblet,0,0,[0|0|0],-1,-1,0,0,-1,0,-1,202610,-1,-1,0,0,0,19023,0,-1,-1,-1,1,0,50,25,0,0,-1,0,0,0,0,[0|0],0,0,0,0,0,0,0,0,0,0,0,0,0,0,0,0,0,0,0,0,0,0,0,0,0,-1,-1,-1,-1,-1,-1,-1,-1,1,0,0,0,0,0,0,0,0,0,0,0,0,0,0,1,0,0,60,1,0,0,1,0,0,-1,0,-1,-1,-1,0,0,0,0,0,0,0,0,0,0,0,0,0,0,0,0,0,0,-1,0,0,-1,-1,-1,0,-1,-1,-1,-1,-1,-1,-1,-1,0,0,[0|0|0|0]
9611,[Vessel] Duchess' Chalice,0,0,[0|0|0],-1,-1,0,0,-1,0,-1,202611,-1,-1,0,0,0,19033,0,-1,-1,-1,1,0,50,25,0,0,-1,0,0,0,0,[0|0],0,0,0,0,0,0,0,0,0,0,0,0,0,0,0,0,0,0,0,0,0,0,0,0,0,-1,-1,-1,-1,-1,-1,-1,-1,1,0,0,0,0,0,0,0,0,0,0,0,0,0,0,1,0,0,60,1,0,0,1,0,0,-1,0,-1,-1,-1,0,0,0,0,0,0,0,0,0,0,0,0,0,0,0,0,0,0,-1,0,0,-1,-1,-1,0,-1,-1,-1,-1,-1,-1,-1,-1,0,0,[0|0|0|0]
9612,[Vessel] Raider's Urn,0,0,[0|0|0],-1,-1,0,0,-1,0,-1,202612,-1,-1,0,0,0,19004,0,-1,-1,-1,1,0,50,25,0,0,-1,0,0,0,0,[0|0],0,0,0,0,0,0,0,0,0,0,0,0,0,0,0,0,0,0,0,0,0,0,0,0,0,-1,-1,-1,-1,-1,-1,-1,-1,1,0,0,0,0,0,0,0,0,0,0,0,0,0,0,1,0,0,60,1,0,0,1,0,0,-1,0,-1,-1,-1,0,0,0,0,0,0,0,0,0,0,0,0,0,0,0,0,0,0,-1,0,0,-1,-1,-1,0,-1,-1,-1,-1,-1,-1,-1,-1,0,0,[0|0|0|0]
9613,[Vessel] Raider's Goblet,0,0,[0|0|0],-1,-1,0,0,-1,0,-1,202613,-1,-1,0,0,0,19024,0,-1,-1,-1,1,0,50,25,0,0,-1,0,0,0,0,[0|0],0,0,0,0,0,0,0,0,0,0,0,0,0,0,0,0,0,0,0,0,0,0,0,0,0,-1,-1,-1,-1,-1,-1,-1,-1,1,0,0,0,0,0,0,0,0,0,0,0,0,0,0,1,0,0,60,1,0,0,1,0,0,-1,0,-1,-1,-1,0,0,0,0,0,0,0,0,0,0,0,0,0,0,0,0,0,0,-1,0,0,-1,-1,-1,0,-1,-1,-1,-1,-1,-1,-1,-1,0,0,[0|0|0|0]
9614,[Vessel] Raider's Chalice,0,0,[0|0|0],-1,-1,0,0,-1,0,-1,202614,-1,-1,0,0,0,19034,0,-1,-1,-1,1,0,50,25,0,0,-1,0,0,0,0,[0|0],0,0,0,0,0,0,0,0,0,0,0,0,0,0,0,0,0,0,0,0,0,0,0,0,0,-1,-1,-1,-1,-1,-1,-1,-1,1,0,0,0,0,0,0,0,0,0,0,0,0,0,0,1,0,0,60,1,0,0,1,0,0,-1,0,-1,-1,-1,0,0,0,0,0,0,0,0,0,0,0,0,0,0,0,0,0,0,-1,0,0,-1,-1,-1,0,-1,-1,-1,-1,-1,-1,-1,-1,0,0,[0|0|0|0]
9615,[Vessel] Revenant's Urn,0,0,[0|0|0],-1,-1,0,0,-1,0,-1,202615,-1,-1,0,0,0,19005,0,-1,-1,-1,1,0,50,25,0,0,-1,0,0,0,0,[0|0],0,0,0,0,0,0,0,0,0,0,0,0,0,0,0,0,0,0,0,0,0,0,0,0,0,-1,-1,-1,-1,-1,-1,-1,-1,1,0,0,0,0,0,0,0,0,0,0,0,0,0,0,1,0,0,60,1,0,0,1,0,0,-1,0,-1,-1,-1,0,0,0,0,0,0,0,0,0,0,0,0,0,0,0,0,0,0,-1,0,0,-1,-1,-1,0,-1,-1,-1,-1,-1,-1,-1,-1,0,0,[0|0|0|0]
9616,[Vessel] Revenant's Goblet,0,0,[0|0|0],-1,-1,0,0,-1,0,-1,202616,-1,-1,0,0,0,19025,0,-1,-1,-1,1,0,50,25,0,0,-1,0,0,0,0,[0|0],0,0,0,0,0,0,0,0,0,0,0,0,0,0,0,0,0,0,0,0,0,0,0,0,0,-1,-1,-1,-1,-1,-1,-1,-1,1,0,0,0,0,0,0,0,0,0,0,0,0,0,0,1,0,0,60,1,0,0,1,0,0,-1,0,-1,-1,-1,0,0,0,0,0,0,0,0,0,0,0,0,0,0,0,0,0,0,-1,0,0,-1,-1,-1,0,-1,-1,-1,-1,-1,-1,-1,-1,0,0,[0|0|0|0]
9617,[Vessel] Revenant's Chalice,0,0,[0|0|0],-1,-1,0,0,-1,0,-1,202617,-1,-1,0,0,0,19035,0,-1,-1,-1,1,0,50,25,0,0,-1,0,0,0,0,[0|0],0,0,0,0,0,0,0,0,0,0,0,0,0,0,0,0,0,0,0,0,0,0,0,0,0,-1,-1,-1,-1,-1,-1,-1,-1,1,0,0,0,0,0,0,0,0,0,0,0,0,0,0,1,0,0,60,1,0,0,1,0,0,-1,0,-1,-1,-1,0,0,0,0,0,0,0,0,0,0,0,0,0,0,0,0,0,0,-1,0,0,-1,-1,-1,0,-1,-1,-1,-1,-1,-1,-1,-1,0,0,[0|0|0|0]
9618,[Vessel] Recluse's Urn,1,0,[0|0|0],-1,-1,0,0,-1,0,-1,202618,-1,-1,0,0,0,19006,0,-1,-1,-1,1,0,50,25,0,0,-1,0,0,0,0,[0|0],0,0,0,0,0,0,0,0,0,0,0,0,0,0,0,0,0,0,0,0,0,0,0,0,0,-1,-1,-1,-1,-1,-1,-1,-1,1,0,0,0,0,0,0,0,0,0,0,0,0,0,0,1,0,0,60,1,0,0,1,0,0,-1,0,-1,-1,-1,0,0,0,0,0,0,0,0,0,0,0,0,0,0,0,0,0,0,-1,0,0,-1,-1,-1,0,-1,-1,-1,-1,-1,-1,-1,-1,0,0,[0|0|0|0]
9619,[Vessel] Recluse's Goblet,0,0,[0|0|0],-1,-1,0,0,-1,0,-1,202619,-1,-1,0,0,0,19026,0,-1,-1,-1,1,0,50,25,0,0,-1,0,0,0,0,[0|0],0,0,0,0,0,0,0,0,0,0,0,0,0,0,0,0,0,0,0,0,0,0,0,0,0,-1,-1,-1,-1,-1,-1,-1,-1,1,0,0,0,0,0,0,0,0,0,0,0,0,0,0,1,0,0,60,1,0,0,1,0,0,-1,0,-1,-1,-1,0,0,0,0,0,0,0,0,0,0,0,0,0,0,0,0,0,0,-1,0,0,-1,-1,-1,0,-1,-1,-1,-1,-1,-1,-1,-1,0,0,[0|0|0|0]
9620,[Vessel] Recluse's Chalice,0,0,[0|0|0],-1,-1,0,0,-1,0,-1,202620,-1,-1,0,0,0,19036,0,-1,-1,-1,1,0,50,25,0,0,-1,0,0,0,0,[0|0],0,0,0,0,0,0,0,0,0,0,0,0,0,0,0,0,0,0,0,0,0,0,0,0,0,-1,-1,-1,-1,-1,-1,-1,-1,1,0,0,0,0,0,0,0,0,0,0,0,0,0,0,1,0,0,60,1,0,0,1,0,0,-1,0,-1,-1,-1,0,0,0,0,0,0,0,0,0,0,0,0,0,0,0,0,0,0,-1,0,0,-1,-1,-1,0,-1,-1,-1,-1,-1,-1,-1,-1,0,0,[0|0|0|0]
9621,[Vessel] Executor's Urn,0,0,[0|0|0],-1,-1,0,0,-1,0,-1,202621,-1,-1,0,0,0,19007,0,-1,-1,-1,1,0,50,25,0,0,-1,0,0,0,0,[0|0],0,0,0,0,0,0,0,0,0,0,0,0,0,0,0,0,0,0,0,0,0,0,0,0,0,-1,-1,-1,-1,-1,-1,-1,-1,1,0,0,0,0,0,0,0,0,0,0,0,0,0,0,1,0,0,60,1,0,0,1,0,0,-1,0,-1,-1,-1,0,0,0,0,0,0,0,0,0,0,0,0,0,0,0,0,0,0,-1,0,0,-1,-1,-1,0,-1,-1,-1,-1,-1,-1,-1,-1,0,0,[0|0|0|0]
9622,[Vessel] Executor's Goblet,0,0,[0|0|0],-1,-1,0,0,-1,0,-1,202622,-1,-1,0,0,0,19027,0,-1,-1,-1,1,0,50,25,0,0,-1,0,0,0,0,[0|0],0,0,0,0,0,0,0,0,0,0,0,0,0,0,0,0,0,0,0,0,0,0,0,0,0,-1,-1,-1,-1,-1,-1,-1,-1,1,0,0,0,0,0,0,0,0,0,0,0,0,0,0,1,0,0,60,1,0,0,1,0,0,-1,0,-1,-1,-1,0,0,0,0,0,0,0,0,0,0,0,0,0,0,0,0,0,0,-1,0,0,-1,-1,-1,0,-1,-1,-1,-1,-1,-1,-1,-1,0,0,[0|0|0|0]
9623,[Vessel] Executor's Chalice,0,0,[0|0|0],-1,-1,0,0,-1,0,-1,202623,-1,-1,0,0,0,19037,0,-1,-1,-1,1,0,50,25,0,0,-1,0,0,0,0,[0|0],0,0,0,0,0,0,0,0,0,0,0,0,0,0,0,0,0,0,0,0,0,0,0,0,0,-1,-1,-1,-1,-1,-1,-1,-1,1,0,0,0,0,0,0,0,0,0,0,0,0,0,0,1,0,0,60,1,0,0,1,0,0,-1,0,-1,-1,-1,0,0,0,0,0,0,0,0,0,0,0,0,0,0,0,0,0,0,-1,0,0,-1,-1,-1,0,-1,-1,-1,-1,-1,-1,-1,-1,0,0,[0|0|0|0]
9650,[Vessel] Sacred Erdtree Grail,0,0,[0|0|0],-1,-1,0,0,-1,0,-1,202624,-1,-1,0,0,0,19008,0,-1,-1,-1,1,0,50,25,0,0,-1,0,0,0,0,[0|0],0,0,0,0,0,0,0,0,0,0,0,0,0,0,0,0,0,0,0,0,0,0,0,0,0,-1,-1,-1,-1,-1,-1,-1,-1,1,0,0,0,0,0,0,0,0,0,0,0,0,0,0,1,0,0,60,1,0,0,1,0,0,-1,0,-1,-1,-1,0,0,0,0,0,0,0,0,0,0,0,0,0,0,0,0,0,0,-1,0,0,-1,-1,-1,0,-1,-1,-1,-1,-1,-1,-1,-1,0,0,[0|0|0|0]
9651,[Vessel] Spirit Shelter Grail,0,0,[0|0|0],-1,-1,0,0,-1,0,-1,202625,-1,-1,0,0,0,19009,0,-1,-1,-1,1,0,50,25,0,0,-1,0,0,0,0,[0|0],0,0,0,0,0,0,0,0,0,0,0,0,0,0,0,0,0,0,0,0,0,0,0,0,0,-1,-1,-1,-1,-1,-1,-1,-1,1,0,0,0,0,0,0,0,0,0,0,0,0,0,0,1,0,0,60,1,0,0,1,0,0,-1,0,-1,-1,-1,0,0,0,0,0,0,0,0,0,0,0,0,0,0,0,0,0,0,-1,0,0,-1,-1,-1,0,-1,-1,-1,-1,-1,-1,-1,-1,0,0,[0|0|0|0]
9652,[Vessel] Giant's Cradle Grail,0,0,[0|0|0],-1,-1,0,0,-1,0,-1,202626,-1,-1,0,0,0,19010,0,-1,-1,-1,1,0,50,25,0,0,-1,0,0,0,0,[0|0],0,0,0,0,0,0,0,0,0,0,0,0,0,0,0,0,0,0,0,0,0,0,0,0,0,-1,-1,-1,-1,-1,-1,-1,-1,1,0,0,0,0,0,0,0,0,0,0,0,0,0,0,1,0,0,60,1,0,0,1,0,0,-1,0,-1,-1,-1,0,0,0,0,0,0,0,0,0,0,0,0,0,0,0,0,0,0,-1,0,0,-1,-1,-1,0,-1,-1,-1,-1,-1,-1,-1,-1,0,0,[0|0|0|0]
9660,[Vessel] Scadutree Grail,0,0,[0|0|0],-1,-1,0,0,-1,0,-1,202627,-1,-1,0,0,0,19011,0,-1,-1,-1,1,0,50,25,0,0,-1,0,0,0,0,[0|0],0,0,0,0,0,0,0,0,0,0,0,0,0,0,0,0,0,0,0,0,0,0,0,0,0,-1,-1,-1,-1,-1,-1,-1,-1,1,0,0,0,0,0,0,0,0,0,0,0,0,0,0,1,0,0,60,1,0,0,1,0,0,-1,0,-1,-1,-1,0,0,0,0,0,0,0,0,0,0,0,0,0,0,0,0,0,0,-1,0,0,-1,-1,-1,0,-1,-1,-1,-1,-1,-1,-1,-1,0,0,[0|0|0|0]
9700,[Vessel] Soot-Covered Wylder's Urn,0,0,[0|0|0],-1,-1,0,0,-1,0,-1,202627,-1,-1,0,0,0,19000,0,-1,-1,-1,1,0,50,25,0,0,-1,0,0,0,0,[0|0],0,0,0,0,0,0,0,0,0,0,0,0,0,0,0,0,0,0,0,0,0,0,0,0,0,-1,-1,-1,-1,-1,-1,-1,-1,1,0,0,0,0,0,0,0,0,0,0,0,0,0,0,1,0,0,60,1,0,0,1,0,0,-1,0,-1,-1,-1,0,0,0,0,0,0,0,0,0,0,0,0,0,0,0,0,0,0,-1,0,0,-1,-1,-1,0,-1,-1,-1,-1,-1,-1,-1,-1,0,0,[0|0|0|0]
9703,[Vessel] Soot-Covered Guardian's Urn,0,0,[0|0|0],-1,-1,0,0,-1,0,-1,202628,-1,-1,0,0,0,19001,0,-1,-1,-1,1,0,50,25,0,0,-1,0,0,0,0,[0|0],0,0,0,0,0,0,0,0,0,0,0,0,0,0,0,0,0,0,0,0,0,0,0,0,0,-1,-1,-1,-1,-1,-1,-1,-1,1,0,0,0,0,0,0,0,0,0,0,0,0,0,0,1,0,0,60,1,0,0,1,0,0,-1,0,-1,-1,-1,0,0,0,0,0,0,0,0,0,0,0,0,0,0,0,0,0,0,-1,0,0,-1,-1,-1,0,-1,-1,-1,-1,-1,-1,-1,-1,0,0,[0|0|0|0]
9706,[Vessel] Soot-Covered Ironeye's Urn,0,0,[0|0|0],-1,-1,0,0,-1,0,-1,202629,-1,-1,0,0,0,19002,0,-1,-1,-1,1,0,50,25,0,0,-1,0,0,0,0,[0|0],0,0,0,0,0,0,0,0,0,0,0,0,0,0,0,0,0,0,0,0,0,0,0,0,0,-1,-1,-1,-1,-1,-1,-1,-1,1,0,0,0,0,0,0,0,0,0,0,0,0,0,0,1,0,0,60,1,0,0,1,0,0,-1,0,-1,-1,-1,0,0,0,0,0,0,0,0,0,0,0,0,0,0,0,0,0,0,-1,0,0,-1,-1,-1,0,-1,-1,-1,-1,-1,-1,-1,-1,0,0,[0|0|0|0]
9709,[Vessel] Soot-Covered Duchess' Urn,0,0,[0|0|0],-1,-1,0,0,-1,0,-1,202630,-1,-1,0,0,0,19003,0,-1,-1,-1,1,0,50,25,0,0,-1,0,0,0,0,[0|0],0,0,0,0,0,0,0,0,0,0,0,0,0,0,0,0,0,0,0,0,0,0,0,0,0,-1,-1,-1,-1,-1,-1,-1,-1,1,0,0,0,0,0,0,0,0,0,0,0,0,0,0,1,0,0,60,1,0,0,1,0,0,-1,0,-1,-1,-1,0,0,0,0,0,0,0,0,0,0,0,0,0,0,0,0,0,0,-1,0,0,-1,-1,-1,0,-1,-1,-1,-1,-1,-1,-1,-1,0,0,[0|0|0|0]
9712,[Vessel] Soot-Covered Raider's Urn,0,0,[0|0|0],-1,-1,0,0,-1,0,-1,202631,-1,-1,0,0,0,19004,0,-1,-1,-1,1,0,50,25,0,0,-1,0,0,0,0,[0|0],0,0,0,0,0,0,0,0,0,0,0,0,0,0,0,0,0,0,0,0,0,0,0,0,0,-1,-1,-1,-1,-1,-1,-1,-1,1,0,0,0,0,0,0,0,0,0,0,0,0,0,0,1,0,0,60,1,0,0,1,0,0,-1,0,-1,-1,-1,0,0,0,0,0,0,0,0,0,0,0,0,0,0,0,0,0,0,-1,0,0,-1,-1,-1,0,-1,-1,-1,-1,-1,-1,-1,-1,0,0,[0|0|0|0]
9715,[Vessel] Soot-Covered Revenant's Urn,0,0,[0|0|0],-1,-1,0,0,-1,0,-1,202632,-1,-1,0,0,0,19005,0,-1,-1,-1,1,0,50,25,0,0,-1,0,0,0,0,[0|0],0,0,0,0,0,0,0,0,0,0,0,0,0,0,0,0,0,0,0,0,0,0,0,0,0,-1,-1,-1,-1,-1,-1,-1,-1,1,0,0,0,0,0,0,0,0,0,0,0,0,0,0,1,0,0,60,1,0,0,1,0,0,-1,0,-1,-1,-1,0,0,0,0,0,0,0,0,0,0,0,0,0,0,0,0,0,0,-1,0,0,-1,-1,-1,0,-1,-1,-1,-1,-1,-1,-1,-1,0,0,[0|0|0|0]
9718,[Vessel] Soot-Covered Recluse's Urn,0,0,[0|0|0],-1,-1,0,0,-1,0,-1,202633,-1,-1,0,0,0,19006,0,-1,-1,-1,1,0,50,25,0,0,-1,0,0,0,0,[0|0],0,0,0,0,0,0,0,0,0,0,0,0,0,0,0,0,0,0,0,0,0,0,0,0,0,-1,-1,-1,-1,-1,-1,-1,-1,1,0,0,0,0,0,0,0,0,0,0,0,0,0,0,1,0,0,60,1,0,0,1,0,0,-1,0,-1,-1,-1,0,0,0,0,0,0,0,0,0,0,0,0,0,0,0,0,0,0,-1,0,0,-1,-1,-1,0,-1,-1,-1,-1,-1,-1,-1,-1,0,0,[0|0|0|0]
9721,[Vessel] Soot-Covered Executor's Urn,0,0,[0|0|0],-1,-1,0,0,-1,0,-1,202634,-1,-1,0,0,0,19007,0,-1,-1,-1,1,0,50,25,0,0,-1,0,0,0,0,[0|0],0,0,0,0,0,0,0,0,0,0,0,0,0,0,0,0,0,0,0,0,0,0,0,0,0,-1,-1,-1,-1,-1,-1,-1,-1,1,0,0,0,0,0,0,0,0,0,0,0,0,0,0,1,0,0,60,1,0,0,1,0,0,-1,0,-1,-1,-1,0,0,0,0,0,0,0,0,0,0,0,0,0,0,0,0,0,0,-1,0,0,-1,-1,-1,0,-1,-1,-1,-1,-1,-1,-1,-1,0,0,[0|0|0|0]
9800,[Vessel] Sealed Wylder's Urn,0,0,[0|0|0],-1,-1,0,0,-1,0,-1,202635,-1,-1,0,0,0,19000,0,-1,-1,-1,1,0,50,25,0,0,-1,0,0,0,0,[0|0],0,0,0,0,0,0,0,0,0,0,0,0,0,0,0,0,0,0,0,0,0,0,0,0,0,-1,-1,-1,-1,-1,-1,-1,-1,1,0,0,0,0,0,0,0,0,0,0,0,0,0,0,1,0,0,60,1,0,0,1,0,0,-1,0,-1,-1,-1,0,0,0,0,0,0,0,0,0,0,0,0,0,0,0,0,0,0,-1,0,0,-1,-1,-1,0,-1,-1,-1,-1,-1,-1,-1,-1,0,0,[0|0|0|0]
9803,[Vessel] Sealed Guardian's Urn,0,0,[0|0|0],-1,-1,0,0,-1,0,-1,202636,-1,-1,0,0,0,19001,0,-1,-1,-1,1,0,50,25,0,0,-1,0,0,0,0,[0|0],0,0,0,0,0,0,0,0,0,0,0,0,0,0,0,0,0,0,0,0,0,0,0,0,0,-1,-1,-1,-1,-1,-1,-1,-1,1,0,0,0,0,0,0,0,0,0,0,0,0,0,0,1,0,0,60,1,0,0,1,0,0,-1,0,-1,-1,-1,0,0,0,0,0,0,0,0,0,0,0,0,0,0,0,0,0,0,-1,0,0,-1,-1,-1,0,-1,-1,-1,-1,-1,-1,-1,-1,0,0,[0|0|0|0]
9806,[Vessel] Sealed Ironeye's Urn,0,0,[0|0|0],-1,-1,0,0,-1,0,-1,202637,-1,-1,0,0,0,19002,0,-1,-1,-1,1,0,50,25,0,0,-1,0,0,0,0,[0|0],0,0,0,0,0,0,0,0,0,0,0,0,0,0,0,0,0,0,0,0,0,0,0,0,0,-1,-1,-1,-1,-1,-1,-1,-1,1,0,0,0,0,0,0,0,0,0,0,0,0,0,0,1,0,0,60,1,0,0,1,0,0,-1,0,-1,-1,-1,0,0,0,0,0,0,0,0,0,0,0,0,0,0,0,0,0,0,-1,0,0,-1,-1,-1,0,-1,-1,-1,-1,-1,-1,-1,-1,0,0,[0|0|0|0]
9809,[Vessel] Sealed Duchess' Urn,0,0,[0|0|0],-1,-1,0,0,-1,0,-1,202638,-1,-1,0,0,0,19003,0,-1,-1,-1,1,0,50,25,0,0,-1,0,0,0,0,[0|0],0,0,0,0,0,0,0,0,0,0,0,0,0,0,0,0,0,0,0,0,0,0,0,0,0,-1,-1,-1,-1,-1,-1,-1,-1,1,0,0,0,0,0,0,0,0,0,0,0,0,0,0,1,0,0,60,1,0,0,1,0,0,-1,0,-1,-1,-1,0,0,0,0,0,0,0,0,0,0,0,0,0,0,0,0,0,0,-1,0,0,-1,-1,-1,0,-1,-1,-1,-1,-1,-1,-1,-1,0,0,[0|0|0|0]
9812,[Vessel] Sealed Raider's Urn,0,0,[0|0|0],-1,-1,0,0,-1,0,-1,202639,-1,-1,0,0,0,19004,0,-1,-1,-1,1,0,50,25,0,0,-1,0,0,0,0,[0|0],0,0,0,0,0,0,0,0,0,0,0,0,0,0,0,0,0,0,0,0,0,0,0,0,0,-1,-1,-1,-1,-1,-1,-1,-1,1,0,0,0,0,0,0,0,0,0,0,0,0,0,0,1,0,0,60,1,0,0,1,0,0,-1,0,-1,-1,-1,0,0,0,0,0,0,0,0,0,0,0,0,0,0,0,0,0,0,-1,0,0,-1,-1,-1,0,-1,-1,-1,-1,-1,-1,-1,-1,0,0,[0|0|0|0]
9815,[Vessel] Sealed Revenant's Urn,0,0,[0|0|0],-1,-1,0,0,-1,0,-1,202640,-1,-1,0,0,0,19005,0,-1,-1,-1,1,0,50,25,0,0,-1,0,0,0,0,[0|0],0,0,0,0,0,0,0,0,0,0,0,0,0,0,0,0,0,0,0,0,0,0,0,0,0,-1,-1,-1,-1,-1,-1,-1,-1,1,0,0,0,0,0,0,0,0,0,0,0,0,0,0,1,0,0,60,1,0,0,1,0,0,-1,0,-1,-1,-1,0,0,0,0,0,0,0,0,0,0,0,0,0,0,0,0,0,0,-1,0,0,-1,-1,-1,0,-1,-1,-1,-1,-1,-1,-1,-1,0,0,[0|0|0|0]
9818,[Vessel] Sealed Recluse's Urn,0,0,[0|0|0],-1,-1,0,0,-1,0,-1,202641,-1,-1,0,0,0,19006,0,-1,-1,-1,1,0,50,25,0,0,-1,0,0,0,0,[0|0],0,0,0,0,0,0,0,0,0,0,0,0,0,0,0,0,0,0,0,0,0,0,0,0,0,-1,-1,-1,-1,-1,-1,-1,-1,1,0,0,0,0,0,0,0,0,0,0,0,0,0,0,1,0,0,60,1,0,0,1,0,0,-1,0,-1,-1,-1,0,0,0,0,0,0,0,0,0,0,0,0,0,0,0,0,0,0,-1,0,0,-1,-1,-1,0,-1,-1,-1,-1,-1,-1,-1,-1,0,0,[0|0|0|0]
9821,[Vessel] Sealed Executor's Urn,0,0,[0|0|0],-1,-1,0,0,-1,0,-1,202642,-1,-1,0,0,0,19007,0,-1,-1,-1,1,0,50,25,0,0,-1,0,0,0,0,[0|0],0,0,0,0,0,0,0,0,0,0,0,0,0,0,0,0,0,0,0,0,0,0,0,0,0,-1,-1,-1,-1,-1,-1,-1,-1,1,0,0,0,0,0,0,0,0,0,0,0,0,0,0,1,0,0,60,1,0,0,1,0,0,-1,0,-1,-1,-1,0,0,0,0,0,0,0,0,0,0,0,0,0,0,0,0,0,0,-1,0,0,-1,-1,-1,0,-1,-1,-1,-1,-1,-1,-1,-1,0,0,[0|0|0|0]
9900,[Vessel] Scholar's Urn,1,0,[0|0|0],-1,-1,0,0,-1,0,-1,202600,-1,-1,0,0,0,19040,0,-1,-1,-1,1,0,50,25,0,0,-1,0,0,0,0,[0|0],0,0,0,0,0,0,0,0,0,0,0,0,0,0,0,0,0,0,0,0,0,0,0,0,0,-1,-1,-1,-1,-1,-1,-1,-1,1,0,0,0,0,0,0,0,0,0,0,0,0,0,0,1,0,0,60,1,0,0,1,0,0,-1,0,-1,-1,-1,0,0,0,0,0,0,0,0,0,0,0,0,0,0,0,0,0,0,-1,0,0,-1,-1,-1,0,-1,-1,-1,-1,-1,-1,-1,-1,0,0,[0|0|0|0]
9901,[Vessel] Scholar's Goblet,1,0,[0|0|0],-1,-1,0,0,-1,0,-1,202600,-1,-1,0,0,0,19041,0,-1,-1,-1,1,0,50,25,0,0,-1,0,0,0,0,[0|0],0,0,0,0,0,0,0,0,0,0,0,0,0,0,0,0,0,0,0,0,0,0,0,0,0,-1,-1,-1,-1,-1,-1,-1,-1,1,0,0,0,0,0,0,0,0,0,0,0,0,0,0,1,0,0,60,1,0,0,1,0,0,-1,0,-1,-1,-1,0,0,0,0,0,0,0,0,0,0,0,0,0,0,0,0,0,0,-1,0,0,-1,-1,-1,0,-1,-1,-1,-1,-1,-1,-1,-1,0,0,[0|0|0|0]
9902,[Vessel] Scholar's Chalice,1,0,[0|0|0],-1,-1,0,0,-1,0,-1,202600,-1,-1,0,0,0,19042,0,-1,-1,-1,1,0,50,25,0,0,-1,0,0,0,0,[0|0],0,0,0,0,0,0,0,0,0,0,0,0,0,0,0,0,0,0,0,0,0,0,0,0,0,-1,-1,-1,-1,-1,-1,-1,-1,1,0,0,0,0,0,0,0,0,0,0,0,0,0,0,1,0,0,60,1,0,0,1,0,0,-1,0,-1,-1,-1,0,0,0,0,0,0,0,0,0,0,0,0,0,0,0,0,0,0,-1,0,0,-1,-1,-1,0,-1,-1,-1,-1,-1,-1,-1,-1,0,0,[0|0|0|0]
9903,[Vessel] Soot-Covered Scholar's Urn,1,0,[0|0|0],-1,-1,0,0,-1,0,-1,202600,-1,-1,0,0,0,19040,0,-1,-1,-1,1,0,50,25,0,0,-1,0,0,0,0,[0|0],0,0,0,0,0,0,0,0,0,0,0,0,0,0,0,0,0,0,0,0,0,0,0,0,0,-1,-1,-1,-1,-1,-1,-1,-1,1,0,0,0,0,0,0,0,0,0,0,0,0,0,0,1,0,0,60,1,0,0,1,0,0,-1,0,-1,-1,-1,0,0,0,0,0,0,0,0,0,0,0,0,0,0,0,0,0,0,-1,0,0,-1,-1,-1,0,-1,-1,-1,-1,-1,-1,-1,-1,0,0,[0|0|0|0]
9904,[Vessel] Sealed Scholar's Urn,1,0,[0|0|0],-1,-1,0,0,-1,0,-1,202600,-1,-1,0,0,0,19040,0,-1,-1,-1,1,0,50,25,0,0,-1,0,0,0,0,[0|0],0,0,0,0,0,0,0,0,0,0,0,0,0,0,0,0,0,0,0,0,0,0,0,0,0,-1,-1,-1,-1,-1,-1,-1,-1,1,0,0,0,0,0,0,0,0,0,0,0,0,0,0,1,0,0,60,1,0,0,1,0,0,-1,0,-1,-1,-1,0,0,0,0,0,0,0,0,0,0,0,0,0,0,0,0,0,0,-1,0,0,-1,-1,-1,0,-1,-1,-1,-1,-1,-1,-1,-1,0,0,[0|0|0|0]
9905,[Vessel] Decrepit Scholar's Goblet,1,0,[0|0|0],-1,-1,0,0,-1,0,-1,202600,-1,-1,0,0,0,19041,0,-1,-1,-1,1,0,50,25,0,0,-1,0,0,0,0,[0|0],0,0,0,0,0,0,0,0,0,0,0,0,0,0,0,0,0,0,0,0,0,0,0,0,0,-1,-1,-1,-1,-1,-1,-1,-1,1,0,0,0,0,0,0,0,0,0,0,0,0,0,0,1,0,0,60,1,0,0,1,0,0,-1,0,-1,-1,-1,0,0,0,0,0,0,0,0,0,0,0,0,0,0,0,0,0,0,-1,0,0,-1,-1,-1,0,-1,-1,-1,-1,-1,-1,-1,-1,0,0,[0|0|0|0]
9906,[Vessel] Forgotten Scholar's Goblet,1,0,[0|0|0],-1,-1,0,0,-1,0,-1,202600,-1,-1,0,0,0,19041,0,-1,-1,-1,1,0,50,25,0,0,-1,0,0,0,0,[0|0],0,0,0,0,0,0,0,0,0,0,0,0,0,0,0,0,0,0,0,0,0,0,0,0,0,-1,-1,-1,-1,-1,-1,-1,-1,1,0,0,0,0,0,0,0,0,0,0,0,0,0,0,1,0,0,60,1,0,0,1,0,0,-1,0,-1,-1,-1,0,0,0,0,0,0,0,0,0,0,0,0,0,0,0,0,0,0,-1,0,0,-1,-1,-1,0,-1,-1,-1,-1,-1,-1,-1,-1,0,0,[0|0|0|0]
9910,[Vessel] Undertaker's Urn,1,0,[0|0|0],-1,-1,0,0,-1,0,-1,202600,-1,-1,0,0,0,19045,0,-1,-1,-1,1,0,50,25,0,0,-1,0,0,0,0,[0|0],0,0,0,0,0,0,0,0,0,0,0,0,0,0,0,0,0,0,0,0,0,0,0,0,0,-1,-1,-1,-1,-1,-1,-1,-1,1,0,0,0,0,0,0,0,0,0,0,0,0,0,0,1,0,0,60,1,0,0,1,0,0,-1,0,-1,-1,-1,0,0,0,0,0,0,0,0,0,0,0,0,0,0,0,0,0,0,-1,0,0,-1,-1,-1,0,-1,-1,-1,-1,-1,-1,-1,-1,0,0,[0|0|0|0]
9911,[Vessel] Undertaker's Goblet,1,0,[0|0|0],-1,-1,0,0,-1,0,-1,202600,-1,-1,0,0,0,19046,0,-1,-1,-1,1,0,50,25,0,0,-1,0,0,0,0,[0|0],0,0,0,0,0,0,0,0,0,0,0,0,0,0,0,0,0,0,0,0,0,0,0,0,0,-1,-1,-1,-1,-1,-1,-1,-1,1,0,0,0,0,0,0,0,0,0,0,0,0,0,0,1,0,0,60,1,0,0,1,0,0,-1,0,-1,-1,-1,0,0,0,0,0,0,0,0,0,0,0,0,0,0,0,0,0,0,-1,0,0,-1,-1,-1,0,-1,-1,-1,-1,-1,-1,-1,-1,0,0,[0|0|0|0]
9912,[Vessel] Undertaker's Chalice,1,0,[0|0|0],-1,-1,0,0,-1,0,-1,202600,-1,-1,0,0,0,19047,0,-1,-1,-1,1,0,50,25,0,0,-1,0,0,0,0,[0|0],0,0,0,0,0,0,0,0,0,0,0,0,0,0,0,0,0,0,0,0,0,0,0,0,0,-1,-1,-1,-1,-1,-1,-1,-1,1,0,0,0,0,0,0,0,0,0,0,0,0,0,0,1,0,0,60,1,0,0,1,0,0,-1,0,-1,-1,-1,0,0,0,0,0,0,0,0,0,0,0,0,0,0,0,0,0,0,-1,0,0,-1,-1,-1,0,-1,-1,-1,-1,-1,-1,-1,-1,0,0,[0|0|0|0]
9913,[Vessel] Soot-Covered Undertaker's Urn,1,0,[0|0|0],-1,-1,0,0,-1,0,-1,202600,-1,-1,0,0,0,19045,0,-1,-1,-1,1,0,50,25,0,0,-1,0,0,0,0,[0|0],0,0,0,0,0,0,0,0,0,0,0,0,0,0,0,0,0,0,0,0,0,0,0,0,0,-1,-1,-1,-1,-1,-1,-1,-1,1,0,0,0,0,0,0,0,0,0,0,0,0,0,0,1,0,0,60,1,0,0,1,0,0,-1,0,-1,-1,-1,0,0,0,0,0,0,0,0,0,0,0,0,0,0,0,0,0,0,-1,0,0,-1,-1,-1,0,-1,-1,-1,-1,-1,-1,-1,-1,0,0,[0|0|0|0]
9914,[Vessel] Sealed Undertaker's Urn,1,0,[0|0|0],-1,-1,0,0,-1,0,-1,202600,-1,-1,0,0,0,19045,0,-1,-1,-1,1,0,50,25,0,0,-1,0,0,0,0,[0|0],0,0,0,0,0,0,0,0,0,0,0,0,0,0,0,0,0,0,0,0,0,0,0,0,0,-1,-1,-1,-1,-1,-1,-1,-1,1,0,0,0,0,0,0,0,0,0,0,0,0,0,0,1,0,0,60,1,0,0,1,0,0,-1,0,-1,-1,-1,0,0,0,0,0,0,0,0,0,0,0,0,0,0,0,0,0,0,-1,0,0,-1,-1,-1,0,-1,-1,-1,-1,-1,-1,-1,-1,0,0,[0|0|0|0]
9915,[Vessel] Decrepit Undertaker's Goblet,1,0,[0|0|0],-1,-1,0,0,-1,0,-1,202600,-1,-1,0,0,0,19046,0,-1,-1,-1,1,0,50,25,0,0,-1,0,0,0,0,[0|0],0,0,0,0,0,0,0,0,0,0,0,0,0,0,0,0,0,0,0,0,0,0,0,0,0,-1,-1,-1,-1,-1,-1,-1,-1,1,0,0,0,0,0,0,0,0,0,0,0,0,0,0,1,0,0,60,1,0,0,1,0,0,-1,0,-1,-1,-1,0,0,0,0,0,0,0,0,0,0,0,0,0,0,0,0,0,0,-1,0,0,-1,-1,-1,0,-1,-1,-1,-1,-1,-1,-1,-1,0,0,[0|0|0|0]
9916,[Vessel] Forgotten Undertaker's Goblet,1,0,[0|0|0],-1,-1,0,0,-1,0,-1,202600,-1,-1,0,0,0,19046,0,-1,-1,-1,1,0,50,25,0,0,-1,0,0,0,0,[0|0],0,0,0,0,0,0,0,0,0,0,0,0,0,0,0,0,0,0,0,0,0,0,0,0,0,-1,-1,-1,-1,-1,-1,-1,-1,1,0,0,0,0,0,0,0,0,0,0,0,0,0,0,1,0,0,60,1,0,0,1,0,0,-1,0,-1,-1,-1,0,0,0,0,0,0,0,0,0,0,0,0,0,0,0,0,0,0,-1,0,0,-1,-1,-1,0,-1,-1,-1,-1,-1,-1,-1,-1,0,0,[0|0|0|0]
9920,[Vessel] Decrepit Wylder's Goblet,1,0,[0|0|0],-1,-1,0,0,-1,0,-1,202600,-1,-1,0,0,0,19020,0,-1,-1,-1,1,0,50,25,0,0,-1,0,0,0,0,[0|0],0,0,0,0,0,0,0,0,0,0,0,0,0,0,0,0,0,0,0,0,0,0,0,0,0,-1,-1,-1,-1,-1,-1,-1,-1,1,0,0,0,0,0,0,0,0,0,0,0,0,0,0,1,0,0,60,1,0,0,1,0,0,-1,0,-1,-1,-1,0,0,0,0,0,0,0,0,0,0,0,0,0,0,0,0,0,0,-1,0,0,-1,-1,-1,0,-1,-1,-1,-1,-1,-1,-1,-1,0,0,[0|0|0|0]
9921,[Vessel] Forgotten Wylder's Goblet,1,0,[0|0|0],-1,-1,0,0,-1,0,-1,202600,-1,-1,0,0,0,19020,0,-1,-1,-1,1,0,50,25,0,0,-1,0,0,0,0,[0|0],0,0,0,0,0,0,0,0,0,0,0,0,0,0,0,0,0,0,0,0,0,0,0,0,0,-1,-1,-1,-1,-1,-1,-1,-1,1,0,0,0,0,0,0,0,0,0,0,0,0,0,0,1,0,0,60,1,0,0,1,0,0,-1,0,-1,-1,-1,0,0,0,0,0,0,0,0,0,0,0,0,0,0,0,0,0,0,-1,0,0,-1,-1,-1,0,-1,-1,-1,-1,-1,-1,-1,-1,0,0,[0|0|0|0]
9925,[Vessel] Decrepit Guardian's Goblet,1,0,[0|0|0],-1,-1,0,0,-1,0,-1,202600,-1,-1,0,0,0,19021,0,-1,-1,-1,1,0,50,25,0,0,-1,0,0,0,0,[0|0],0,0,0,0,0,0,0,0,0,0,0,0,0,0,0,0,0,0,0,0,0,0,0,0,0,-1,-1,-1,-1,-1,-1,-1,-1,1,0,0,0,0,0,0,0,0,0,0,0,0,0,0,1,0,0,60,1,0,0,1,0,0,-1,0,-1,-1,-1,0,0,0,0,0,0,0,0,0,0,0,0,0,0,0,0,0,0,-1,0,0,-1,-1,-1,0,-1,-1,-1,-1,-1,-1,-1,-1,0,0,[0|0|0|0]
9926,[Vessel] Forgotten Guardian's Goblet,1,0,[0|0|0],-1,-1,0,0,-1,0,-1,202600,-1,-1,0,0,0,19021,0,-1,-1,-1,1,0,50,25,0,0,-1,0,0,0,0,[0|0],0,0,0,0,0,0,0,0,0,0,0,0,0,0,0,0,0,0,0,0,0,0,0,0,0,-1,-1,-1,-1,-1,-1,-1,-1,1,0,0,0,0,0,0,0,0,0,0,0,0,0,0,1,0,0,60,1,0,0,1,0,0,-1,0,-1,-1,-1,0,0,0,0,0,0,0,0,0,0,0,0,0,0,0,0,0,0,-1,0,0,-1,-1,-1,0,-1,-1,-1,-1,-1,-1,-1,-1,0,0,[0|0|0|0]
9930,[Vessel] Decrepit Ironeye's Goblet,1,0,[0|0|0],-1,-1,0,0,-1,0,-1,202600,-1,-1,0,0,0,19022,0,-1,-1,-1,1,0,50,25,0,0,-1,0,0,0,0,[0|0],0,0,0,0,0,0,0,0,0,0,0,0,0,0,0,0,0,0,0,0,0,0,0,0,0,-1,-1,-1,-1,-1,-1,-1,-1,1,0,0,0,0,0,0,0,0,0,0,0,0,0,0,1,0,0,60,1,0,0,1,0,0,-1,0,-1,-1,-1,0,0,0,0,0,0,0,0,0,0,0,0,0,0,0,0,0,0,-1,0,0,-1,-1,-1,0,-1,-1,-1,-1,-1,-1,-1,-1,0,0,[0|0|0|0]
9931,[Vessel] Forgotten Ironeye's Goblet,1,0,[0|0|0],-1,-1,0,0,-1,0,-1,202600,-1,-1,0,0,0,19022,0,-1,-1,-1,1,0,50,25,0,0,-1,0,0,0,0,[0|0],0,0,0,0,0,0,0,0,0,0,0,0,0,0,0,0,0,0,0,0,0,0,0,0,0,-1,-1,-1,-1,-1,-1,-1,-1,1,0,0,0,0,0,0,0,0,0,0,0,0,0,0,1,0,0,60,1,0,0,1,0,0,-1,0,-1,-1,-1,0,0,0,0,0,0,0,0,0,0,0,0,0,0,0,0,0,0,-1,0,0,-1,-1,-1,0,-1,-1,-1,-1,-1,-1,-1,-1,0,0,[0|0|0|0]
9935,[Vessel] Decrepit Duchess' Goblet,1,0,[0|0|0],-1,-1,0,0,-1,0,-1,202600,-1,-1,0,0,0,19023,0,-1,-1,-1,1,0,50,25,0,0,-1,0,0,0,0,[0|0],0,0,0,0,0,0,0,0,0,0,0,0,0,0,0,0,0,0,0,0,0,0,0,0,0,-1,-1,-1,-1,-1,-1,-1,-1,1,0,0,0,0,0,0,0,0,0,0,0,0,0,0,1,0,0,60,1,0,0,1,0,0,-1,0,-1,-1,-1,0,0,0,0,0,0,0,0,0,0,0,0,0,0,0,0,0,0,-1,0,0,-1,-1,-1,0,-1,-1,-1,-1,-1,-1,-1,-1,0,0,[0|0|0|0]
9936,[Vessel] Forgotten Duchess' Goblet,1,0,[0|0|0],-1,-1,0,0,-1,0,-1,202600,-1,-1,0,0,0,19023,0,-1,-1,-1,1,0,50,25,0,0,-1,0,0,0,0,[0|0],0,0,0,0,0,0,0,0,0,0,0,0,0,0,0,0,0,0,0,0,0,0,0,0,0,-1,-1,-1,-1,-1,-1,-1,-1,1,0,0,0,0,0,0,0,0,0,0,0,0,0,0,1,0,0,60,1,0,0,1,0,0,-1,0,-1,-1,-1,0,0,0,0,0,0,0,0,0,0,0,0,0,0,0,0,0,0,-1,0,0,-1,-1,-1,0,-1,-1,-1,-1,-1,-1,-1,-1,0,0,[0|0|0|0]
9940,[Vessel] Decrepit Raider's Goblet,1,0,[0|0|0],-1,-1,0,0,-1,0,-1,202600,-1,-1,0,0,0,19024,0,-1,-1,-1,1,0,50,25,0,0,-1,0,0,0,0,[0|0],0,0,0,0,0,0,0,0,0,0,0,0,0,0,0,0,0,0,0,0,0,0,0,0,0,-1,-1,-1,-1,-1,-1,-1,-1,1,0,0,0,0,0,0,0,0,0,0,0,0,0,0,1,0,0,60,1,0,0,1,0,0,-1,0,-1,-1,-1,0,0,0,0,0,0,0,0,0,0,0,0,0,0,0,0,0,0,-1,0,0,-1,-1,-1,0,-1,-1,-1,-1,-1,-1,-1,-1,0,0,[0|0|0|0]
9941,[Vessel] Forgotten Raider's Goblet,1,0,[0|0|0],-1,-1,0,0,-1,0,-1,202600,-1,-1,0,0,0,19024,0,-1,-1,-1,1,0,50,25,0,0,-1,0,0,0,0,[0|0],0,0,0,0,0,0,0,0,0,0,0,0,0,0,0,0,0,0,0,0,0,0,0,0,0,-1,-1,-1,-1,-1,-1,-1,-1,1,0,0,0,0,0,0,0,0,0,0,0,0,0,0,1,0,0,60,1,0,0,1,0,0,-1,0,-1,-1,-1,0,0,0,0,0,0,0,0,0,0,0,0,0,0,0,0,0,0,-1,0,0,-1,-1,-1,0,-1,-1,-1,-1,-1,-1,-1,-1,0,0,[0|0|0|0]
9945,[Vessel] Decrepit Revenant's Goblet,1,0,[0|0|0],-1,-1,0,0,-1,0,-1,202600,-1,-1,0,0,0,19025,0,-1,-1,-1,1,0,50,25,0,0,-1,0,0,0,0,[0|0],0,0,0,0,0,0,0,0,0,0,0,0,0,0,0,0,0,0,0,0,0,0,0,0,0,-1,-1,-1,-1,-1,-1,-1,-1,1,0,0,0,0,0,0,0,0,0,0,0,0,0,0,1,0,0,60,1,0,0,1,0,0,-1,0,-1,-1,-1,0,0,0,0,0,0,0,0,0,0,0,0,0,0,0,0,0,0,-1,0,0,-1,-1,-1,0,-1,-1,-1,-1,-1,-1,-1,-1,0,0,[0|0|0|0]
9946,[Vessel] Forgotten Revenant's Goblet,1,0,[0|0|0],-1,-1,0,0,-1,0,-1,202600,-1,-1,0,0,0,19025,0,-1,-1,-1,1,0,50,25,0,0,-1,0,0,0,0,[0|0],0,0,0,0,0,0,0,0,0,0,0,0,0,0,0,0,0,0,0,0,0,0,0,0,0,-1,-1,-1,-1,-1,-1,-1,-1,1,0,0,0,0,0,0,0,0,0,0,0,0,0,0,1,0,0,60,1,0,0,1,0,0,-1,0,-1,-1,-1,0,0,0,0,0,0,0,0,0,0,0,0,0,0,0,0,0,0,-1,0,0,-1,-1,-1,0,-1,-1,-1,-1,-1,-1,-1,-1,0,0,[0|0|0|0]
9950,[Vessel] Decrepit Recluse's Goblet,1,0,[0|0|0],-1,-1,0,0,-1,0,-1,202600,-1,-1,0,0,0,19026,0,-1,-1,-1,1,0,50,25,0,0,-1,0,0,0,0,[0|0],0,0,0,0,0,0,0,0,0,0,0,0,0,0,0,0,0,0,0,0,0,0,0,0,0,-1,-1,-1,-1,-1,-1,-1,-1,1,0,0,0,0,0,0,0,0,0,0,0,0,0,0,1,0,0,60,1,0,0,1,0,0,-1,0,-1,-1,-1,0,0,0,0,0,0,0,0,0,0,0,0,0,0,0,0,0,0,-1,0,0,-1,-1,-1,0,-1,-1,-1,-1,-1,-1,-1,-1,0,0,[0|0|0|0]
9951,[Vessel] Forgotten Recluse's Goblet,1,0,[0|0|0],-1,-1,0,0,-1,0,-1,202600,-1,-1,0,0,0,19026,0,-1,-1,-1,1,0,50,25,0,0,-1,0,0,0,0,[0|0],0,0,0,0,0,0,0,0,0,0,0,0,0,0,0,0,0,0,0,0,0,0,0,0,0,-1,-1,-1,-1,-1,-1,-1,-1,1,0,0,0,0,0,0,0,0,0,0,0,0,0,0,1,0,0,60,1,0,0,1,0,0,-1,0,-1,-1,-1,0,0,0,0,0,0,0,0,0,0,0,0,0,0,0,0,0,0,-1,0,0,-1,-1,-1,0,-1,-1,-1,-1,-1,-1,-1,-1,0,0,[0|0|0|0]
9955,[Vessel] Decrepit Executor's Goblet,1,0,[0|0|0],-1,-1,0,0,-1,0,-1,202600,-1,-1,0,0,0,19027,0,-1,-1,-1,1,0,50,25,0,0,-1,0,0,0,0,[0|0],0,0,0,0,0,0,0,0,0,0,0,0,0,0,0,0,0,0,0,0,0,0,0,0,0,-1,-1,-1,-1,-1,-1,-1,-1,1,0,0,0,0,0,0,0,0,0,0,0,0,0,0,1,0,0,60,1,0,0,1,0,0,-1,0,-1,-1,-1,0,0,0,0,0,0,0,0,0,0,0,0,0,0,0,0,0,0,-1,0,0,-1,-1,-1,0,-1,-1,-1,-1,-1,-1,-1,-1,0,0,[0|0|0|0]
9956,[Vessel] Forgotten Executor's Goblet,1,0,[0|0|0],-1,-1,0,0,-1,0,-1,202600,-1,-1,0,0,0,19027,0,-1,-1,-1,1,0,50,25,0,0,-1,0,0,0,0,[0|0],0,0,0,0,0,0,0,0,0,0,0,0,0,0,0,0,0,0,0,0,0,0,0,0,0,-1,-1,-1,-1,-1,-1,-1,-1,1,0,0,0,0,0,0,0,0,0,0,0,0,0,0,1,0,0,60,1,0,0,1,0,0,-1,0,-1,-1,-1,0,0,0,0,0,0,0,0,0,0,0,0,0,0,0,0,0,0,-1,0,0,-1,-1,-1,0,-1,-1,-1,-1,-1,-1,-1,-1,0,0,[0|0|0|0]
10050,[Uncommon] Small Pouch,1,0,[0|0|0],-1,-1,0,0,-1,0,-1,1040,-1,-1,0,0,0,2050,0,-1,-1,-1,1,0,50,1,0,0,-1,0,0,0,0,[0|0],0,0,0,0,0,0,0,1,0,0,0,0,0,0,0,0,0,0,0,1,0,0,0,0,0,-1,-1,-1,-1,-1,-1,-1,-1,1,0,0,0,0,0,0,0,0,0,1,0,0,0,0,1,0,0,90,1,0,0,1,0,0,-1,0,-1,-1,-1,0,0,0,0,0,0,0,0,0,0,0,0,0,0,0,0,0,0,-1,0,0,-1,-1,-1,0,-1,-1,-1,-1,-1,-1,-1,-1,0,0,[0|0|0|0]
10055,[Relic] Small Pouch,1,0,[0|0|0],-1,-1,0,0,-1,0,-1,202051,-1,-1,0,0,0,554,0,-1,-1,-1,1,0,50,1,0,0,-1,0,0,0,0,[0|0],0,0,0,0,0,0,0,1,0,0,0,0,0,0,0,0,0,0,0,0,0,0,0,0,0,-1,-1,-1,-1,-1,-1,-1,-1,1,0,0,0,0,0,0,0,0,0,1,1,0,0,0,1,0,0,30,1,0,0,0,0,0,-1,0,-1,-1,-1,0,0,0,0,0,0,0,0,0,0,0,0,0,0,0,0,0,0,-1,0,0,-1,-1,-1,0,-1,-1,-1,-1,-1,-1,-1,-1,0,0,[0|0|0|0]
10060,,1,0,[0|0|0],-1,-1,0,0,-1,0,-1,1040,-1,-1,0,0,0,2050,0,-1,-1,-1,1,0,50,1,0,0,-1,0,0,0,0,[0|0],0,0,0,0,0,0,0,1,0,0,0,0,0,0,0,0,0,0,0,0,0,0,0,0,0,-1,-1,-1,-1,-1,-1,-1,-1,1,0,0,0,0,0,0,0,0,0,1,0,0,0,0,1,0,0,90,1,0,0,1,0,0,-1,0,-1,-1,-1,0,0,0,0,0,0,0,0,0,0,0,0,0,0,0,0,0,0,-1,0,0,-1,-1,-1,0,-1,-1,-1,-1,-1,-1,-1,-1,0,0,[0|0|0|0]
10100,[Uncommon] Smithing Stone [1],1,0,[0|0|0],-1,-1,0,0,100,0,-1,1000,-1,-1,0,0,0,2003,0,-1,-1,-1,1,0,50,14,0,0,-1,0,0,0,0,[0|0],0,0,0,0,0,0,0,1,0,0,0,0,1,0,0,0,0,0,0,1,0,0,0,0,0,-1,-1,-1,-1,-1,-1,-1,-1,1,0,0,0,0,0,0,0,0,1,1,0,0,0,0,1,0,0,80,1,0,0,1,0,0,-1,0,-1,-1,-1,0,0,0,0,0,0,0,0,0,0,0,0,0,0,0,0,0,0,-1,0,0,-1,-1,-1,0,-1,-1,-1,-1,-1,-1,-1,-1,0,0,[0|0|0|0]
10101,[Rare] Smithing Stone [2],1,0,[0|0|0],-1,-1,0,0,200,0,-1,1020,-1,-1,0,0,0,2007,0,-1,-1,-1,1,0,50,14,0,0,-1,0,0,0,0,[0|0],0,0,0,0,0,0,0,1,0,0,0,0,1,0,0,0,0,0,0,1,0,0,0,0,0,-1,-1,-1,-1,-1,-1,-1,-1,1,0,0,0,0,0,0,0,0,1,1,0,0,0,0,1,0,0,80,1,0,0,2,0,0,-1,0,-1,-1,-1,0,0,0,0,0,0,0,0,0,0,0,0,0,0,0,0,0,0,-1,0,0,-1,-1,-1,0,-1,-1,-1,-1,-1,-1,-1,-1,0,0,[0|0|0|0]
10102,[Legendary] Smithing Stone [3],1,0,[0|0|0],-1,-1,0,0,300,0,-1,1030,-1,-1,0,0,0,2008,0,-1,-1,-1,1,0,50,14,0,0,-1,0,0,0,0,[0|0],0,0,0,0,0,0,0,1,0,0,0,0,1,0,0,0,0,0,0,0,0,0,0,0,0,-1,-1,-1,-1,-1,-1,-1,-1,1,0,0,0,0,0,0,0,0,1,1,0,0,0,0,1,0,0,80,1,0,0,3,0,0,-1,0,-1,-1,-1,0,0,0,0,0,0,0,0,0,0,0,0,0,0,0,0,0,0,-1,0,0,-1,-1,-1,0,-1,-1,-1,-1,-1,-1,-1,-1,0,0,[0|0|0|0]
11000,[Rare] Crimsonspill Crystal Tear,1,0,[0|0|0],3500,-1,0,0,-1,0,-1,201020,-1,-1,0,0,0,400,0,-1,-1,-1,1,0,0,0,2,0,-1,28,0,0,0,[0|0],1,1,1,1,1,0,1,1,0,0,0,1,1,0,0,0,0,0,0,1,0,0,0,0,0,-1,-1,-1,-1,-1,335000,331000,-1,1,0,0,1,0,0,0,0,0,2,1,1,0,0,0,1,0,0,25,0,0,0,2,0,609,-1,0,-1,-1,-1,0,0,0,0,0,0,0,0,0,0,0,0,0,0,0,0,0,0,2,5,0,-1,-1,-1,0,708750,-1,708755,-1,-1,-1,-1,-1,20,0,[0|0|0|0]
11001,[Rare] Greenspill Crystal Tear,1,0,[0|0|0],3501,-1,0,0,-1,0,-1,201060,-1,-1,0,0,0,401,0,-1,-1,-1,1,0,0,0,2,0,-1,28,0,0,0,[0|0],1,1,1,1,1,0,1,1,0,0,0,1,1,0,0,0,0,0,0,1,0,0,0,0,0,-1,-1,-1,-1,-1,335000,331020,-1,1,0,0,1,0,0,0,0,0,2,1,1,0,0,0,1,0,0,25,0,0,0,2,0,609,-1,0,-1,-1,-1,0,0,0,0,0,0,0,0,0,0,0,0,0,0,0,0,0,0,2,5,0,-1,-1,-1,0,708760,-1,708765,-1,-1,-1,-1,-1,20,0,[0|0|0|0]
11002,[Rare] Crimson Crystal Tear,1,0,[0|0|0],3505,-1,0,0,-1,0,-1,201000,-1,-1,0,0,0,402,0,-1,-1,-1,1,0,0,0,2,0,-1,28,0,0,0,[0|0],1,1,1,1,1,0,1,1,0,0,0,1,1,0,0,0,0,0,0,1,0,0,0,0,0,-1,-1,-1,-1,-1,335000,330000,-1,1,0,0,1,0,0,0,0,0,2,1,1,0,0,0,1,0,0,25,0,0,0,2,0,609,20000000,0,-1,-1,-1,0,0,0,0,0,0,0,0,0,0,0,0,0,0,0,0,0,0,2,5,0,-1,-1,-1,0,708770,-1,708775,-1,-1,-1,-1,-1,20,0,[0|0|0|0]
11004,[Rare] Cerulean Crystal Tear,1,0,[0|0|0],3506,-1,0,0,-1,0,-1,201040,-1,-1,0,0,0,404,0,-1,-1,-1,1,0,0,0,2,0,-1,28,0,0,0,[0|0],1,1,1,1,1,0,1,1,0,0,0,1,1,0,0,0,0,0,0,1,0,0,0,0,0,-1,-1,-1,-1,-1,335000,330100,-1,1,0,0,1,0,0,0,0,0,2,1,1,0,0,0,1,0,0,25,0,0,0,2,0,609,-1,0,-1,-1,-1,0,0,0,0,0,0,0,0,0,0,0,0,0,0,0,0,0,0,2,5,0,-1,-1,-1,0,708780,-1,708785,-1,-1,-1,-1,-1,20,0,[0|0|0|0]
11006,[Rare] Speckled Hardtear,1,0,[0|0|0],3603,-1,0,0,-1,0,-1,201130,-1,-1,0,0,0,406,0,-1,-1,-1,1,0,0,0,2,0,-1,28,0,0,0,[0|0],1,1,1,1,1,0,1,1,0,0,0,1,1,0,0,0,0,0,0,1,0,0,0,0,0,-1,-1,-1,-1,-1,335000,330200,-1,1,0,0,1,0,0,0,0,0,2,1,1,0,0,0,1,0,0,25,0,0,0,2,0,609,-1,0,-1,-1,-1,0,0,0,0,0,0,0,0,0,0,0,0,0,0,0,0,0,0,2,5,0,-1,-1,-1,0,708790,-1,708795,-1,-1,-1,-1,-1,20,0,[0|0|0|0]
11007,[Rare] Crimson Bubbletear,1,0,[0|0|0],3512,-1,0,0,-1,0,-1,201250,-1,-1,0,0,0,407,0,-1,-1,-1,1,0,0,0,2,0,-1,28,0,0,0,[0|0],1,1,1,1,1,0,1,1,0,0,0,1,1,0,0,0,0,0,0,1,0,0,0,0,0,-1,-1,-1,-1,-1,335000,331300,-1,1,0,0,1,0,0,0,0,0,2,1,1,0,0,0,1,0,0,25,0,0,0,2,0,609,-1,0,-1,-1,-1,0,0,0,0,0,0,0,0,0,0,0,0,0,0,0,0,0,0,2,5,0,-1,-1,-1,0,708800,-1,708805,-1,-1,-1,-1,-1,20,0,[0|0|0|0]
11008,[Rare] Opaline Bubbletear,1,0,[0|0|0],3507,-1,0,0,-1,0,-1,201270,-1,-1,0,0,0,408,0,-1,-1,-1,1,0,0,0,2,0,-1,28,0,0,0,[0|0],1,1,1,1,1,0,1,1,0,0,0,1,1,0,0,0,0,0,0,1,0,0,0,0,0,-1,-1,-1,-1,-1,335000,331400,-1,1,0,0,1,0,0,0,0,0,2,1,1,0,0,0,1,0,0,25,0,0,0,2,0,609,-1,0,-1,-1,-1,0,0,0,0,0,0,0,0,0,0,0,0,0,0,0,0,0,0,2,5,0,-1,-1,-1,0,708810,-1,708815,-1,-1,-1,-1,-1,20,0,[0|0|0|0]
11009,[Rare] Crimsonburst Crystal Tear,1,0,[0|0|0],511009,-1,0,0,-1,0,-1,201030,-1,-1,0,0,0,409,0,-1,-1,-1,1,0,0,0,2,0,-1,28,0,0,0,[0|0],1,1,1,1,1,0,1,1,0,0,0,1,1,0,0,0,0,0,0,1,0,0,0,0,0,-1,-1,-1,-1,-1,335000,330400,-1,1,0,0,1,0,0,0,0,0,2,1,1,0,0,0,1,0,0,25,0,0,0,2,0,609,-1,0,-1,-1,-1,0,0,0,0,0,0,0,0,0,0,0,0,0,0,0,0,0,0,2,5,0,-1,-1,-1,0,708820,-1,708825,-1,-1,-1,-1,-1,20,0,[0|0|0|0]
11010,[Rare] Greenburst Crystal Tear,1,0,[0|0|0],511010,-1,0,0,-1,0,-1,201070,-1,-1,0,0,0,410,0,-1,-1,-1,1,0,0,0,2,0,-1,28,0,0,0,[0|0],1,1,1,1,1,0,1,1,0,0,0,1,1,0,0,0,0,0,0,1,0,0,0,0,0,-1,-1,-1,-1,-1,335000,331020,-1,1,0,0,1,0,0,0,0,0,2,1,1,0,0,0,1,0,0,25,0,0,0,2,0,609,-1,0,-1,-1,-1,0,0,0,0,0,0,0,0,0,0,0,0,0,0,0,0,0,0,2,5,0,-1,-1,-1,0,708830,-1,708835,-1,-1,-1,-1,-1,20,0,[0|0|0|0]
11011,[Rare] Opaline Hardtear,1,0,[0|0|0],511011,-1,0,0,-1,0,-1,201120,-1,-1,0,0,0,411,0,-1,-1,-1,1,0,0,0,2,0,-1,28,0,0,0,[0|0],1,1,1,1,1,0,1,1,0,0,0,1,1,0,0,0,0,0,0,1,0,0,0,0,0,-1,-1,-1,-1,-1,335000,331400,-1,1,0,0,1,0,0,0,0,0,2,1,1,0,0,0,1,0,0,25,0,0,0,2,0,609,-1,0,-1,-1,-1,0,0,0,0,0,0,0,0,0,0,0,0,0,0,0,0,0,0,2,5,0,-1,-1,-1,0,708840,-1,708845,-1,-1,-1,-1,-1,20,0,[0|0|0|0]
11013,[Rare] Thorny Cracked Tear,1,0,[0|0|0],3550,-1,0,0,-1,0,-1,201210,-1,-1,0,0,0,413,0,-1,-1,-1,1,0,0,0,2,0,-1,28,0,0,0,[0|0],1,1,1,1,1,0,1,1,0,0,0,1,1,0,0,0,0,0,0,1,0,0,0,0,0,-1,-1,-1,-1,-1,335000,331700,-1,1,0,0,1,0,0,0,0,0,2,1,1,0,0,0,1,0,0,25,0,0,0,2,0,609,-1,0,-1,-1,-1,0,0,0,0,0,0,0,0,0,0,0,0,0,0,0,0,0,0,2,5,0,-1,-1,-1,0,708851,-1,708855,-1,-1,-1,-1,-1,20,0,[0|0|0|0]
11014,[Rare] Spiked Cracked Tear,1,0,[0|0|0],511014,-1,0,0,-1,0,-1,201200,-1,-1,0,0,0,414,0,-1,-1,-1,1,0,0,0,2,0,-1,28,0,0,0,[0|0],1,1,1,1,1,0,1,1,0,0,0,1,1,0,0,0,0,0,0,1,0,0,0,0,0,-1,-1,-1,-1,-1,335000,331700,-1,1,0,0,1,0,0,0,0,0,2,1,1,0,0,0,1,0,0,25,0,0,0,2,0,609,-1,0,-1,-1,-1,0,0,0,0,0,0,0,0,0,0,0,0,0,0,0,0,0,0,2,5,0,-1,-1,-1,0,708860,-1,708865,-1,-1,-1,-1,-1,20,0,[0|0|0|0]
11015,[Rare] Windy Crystal Tear,1,0,[0|0|0],511015,-1,0,0,-1,0,-1,201240,-1,-1,0,0,0,415,0,-1,-1,-1,1,0,0,0,2,0,-1,28,0,0,0,[0|0],1,1,1,1,1,0,1,1,0,0,0,1,1,0,0,0,0,0,0,1,0,0,0,0,0,-1,-1,-1,-1,-1,335000,331200,-1,1,0,0,1,0,0,0,0,0,2,1,1,0,0,0,1,0,0,25,0,0,0,2,0,609,-1,0,-1,-1,-1,0,0,0,0,0,0,0,0,0,0,0,0,0,0,0,0,0,0,2,5,0,-1,-1,-1,0,708870,-1,708875,-1,-1,-1,-1,-1,20,0,[0|0|0|0]
11016,[Rare] Ruptured Crystal Tear,1,0,[0|0|0],11101600,-1,0,0,-1,0,-1,201300,-1,-1,0,0,0,416,0,-1,-1,-1,1,0,0,0,1,0,-1,28,0,0,0,[0|0],1,1,1,1,1,0,1,1,0,0,0,1,1,0,0,0,0,0,0,1,0,0,0,0,0,-1,868000,-1,-1,-1,335000,332000,-1,1,0,0,1,0,0,0,0,0,2,1,1,0,0,0,1,0,0,25,0,0,0,2,0,609,-1,0,-1,-1,-1,0,0,0,0,0,0,0,0,0,0,0,0,0,0,0,0,0,0,2,5,0,-1,-1,-1,0,14101600,-1,14101610,-1,-1,-1,-1,-1,20,0,[0|0|0|0]
11018,[Rare] Leaden Hardtear,1,0,[0|0|0],3519,-1,0,0,-1,0,-1,201140,-1,-1,0,0,0,418,0,-1,-1,-1,1,0,0,0,2,0,-1,28,0,0,0,[0|0],1,1,1,1,1,0,1,1,0,0,0,1,1,0,0,0,0,0,0,1,0,0,0,0,0,-1,-1,-1,-1,-1,335000,331500,-1,1,0,0,1,0,0,0,0,0,2,1,1,0,0,0,1,0,0,25,0,0,0,2,0,609,-1,0,-1,-1,-1,0,0,0,0,0,0,0,0,0,0,0,0,0,0,0,0,0,0,2,5,0,-1,-1,-1,0,708890,-1,708895,-1,-1,-1,-1,-1,20,0,[0|0|0|0]
11019,[Rare] Twiggy Cracked Tear,1,0,[0|0|0],511019,-1,0,0,-1,0,-1,201220,-1,-1,0,0,0,419,0,-1,-1,-1,1,0,0,0,2,0,-1,28,0,0,0,[0|0],1,1,1,1,1,0,1,1,0,0,0,1,1,0,0,0,0,0,0,1,0,0,0,0,0,-1,-1,-1,-1,-1,335000,331200,-1,1,0,0,1,0,0,0,0,0,2,1,1,0,0,0,1,0,0,25,0,0,0,2,0,609,-1,0,-1,-1,-1,0,0,0,0,0,0,0,0,0,0,0,0,0,0,0,0,0,0,2,5,0,-1,-1,-1,0,708900,-1,708905,-1,-1,-1,-1,-1,20,0,[0|0|0|0]
11020,[Rare] Crimsonwhorl Bubbletear,1,0,[0|0|0],3580,-1,0,0,-1,0,-1,201260,-1,-1,0,0,0,420,0,-1,-1,-1,1,0,0,0,2,0,-1,28,0,0,0,[0|0],1,1,1,1,1,0,1,1,0,0,0,1,1,0,0,0,0,0,0,1,0,0,0,0,0,-1,-1,-1,-1,-1,335000,331400,-1,1,0,0,1,0,0,0,0,0,2,1,1,0,0,0,1,0,0,25,0,0,0,2,0,609,-1,0,-1,-1,-1,0,0,0,0,0,0,0,0,0,0,0,0,0,0,0,0,0,0,2,5,0,-1,-1,-1,0,708910,-1,708919,-1,-1,-1,-1,-1,20,0,[0|0|0|0]
11025,[Rare] Cerulean Hidden Tear,1,0,[0|0|0],511060,-1,0,0,-1,0,-1,201280,-1,-1,0,0,0,425,0,-1,-1,-1,1,0,0,0,2,0,-1,28,0,0,0,[0|0],1,1,1,1,1,0,1,1,0,0,0,1,1,0,0,0,0,0,0,1,0,0,0,0,0,-1,-1,-1,-1,-1,335000,330100,-1,1,0,0,1,0,0,0,0,0,2,1,1,0,0,0,1,0,0,25,0,0,0,2,0,609,-1,0,-1,-1,-1,0,0,0,0,0,0,0,0,0,0,0,0,0,0,0,0,0,0,2,5,0,-1,-1,-1,0,708920,-1,708925,-1,-1,-1,-1,-1,20,0,[0|0|0|0]
11026,[Rare] Stonebarb Cracked Tear,1,0,[0|0|0],511026,-1,0,0,-1,0,-1,201190,-1,-1,0,0,0,426,0,-1,-1,-1,1,0,0,0,2,0,-1,28,0,0,0,[0|0],1,1,1,1,1,0,1,1,0,0,0,1,1,0,0,0,0,0,0,1,0,0,0,0,0,-1,-1,-1,-1,-1,335000,331800,-1,1,0,0,1,0,0,0,0,0,2,1,1,0,0,0,1,0,0,25,0,0,0,2,0,609,-1,0,-1,-1,-1,0,0,0,0,0,0,0,0,0,0,0,0,0,0,0,0,0,0,2,5,0,-1,-1,-1,0,708930,-1,708935,-1,-1,-1,-1,-1,20,0,[0|0|0|0]
11027,[Rare] Purifying Crystal Tear,1,0,[0|0|0],511027,-1,0,0,-1,0,-1,201290,-1,-1,0,0,0,427,0,-1,-1,-1,1,0,0,0,2,0,-1,28,0,0,0,[0|0],1,1,1,1,1,0,1,1,0,0,0,1,1,0,0,0,0,0,0,1,0,0,0,0,0,-1,-1,-1,-1,-1,335000,331600,-1,1,0,0,1,0,0,0,0,0,2,1,0,0,0,0,1,0,0,25,0,0,0,2,0,609,-1,0,-1,-1,-1,0,0,0,0,0,0,0,0,0,0,0,0,0,0,0,0,0,0,2,5,0,-1,-1,-1,6302,708980,-1,708985,-1,-1,-1,-1,-1,20,0,[0|0|0|0]
11028,[Rare] Flame-Shrouding Cracked Tear,1,0,[0|0|0],511028,-1,0,0,-1,0,-1,201160,-1,-1,0,0,0,428,0,-1,-1,-1,1,0,0,0,2,0,-1,28,0,0,0,[0|0],1,1,1,1,1,0,1,1,0,0,0,1,1,0,0,0,0,0,0,1,0,0,0,0,0,-1,-1,-1,-1,-1,335000,333200,-1,1,0,0,1,0,0,0,0,0,2,1,1,0,0,0,1,0,0,25,0,0,0,2,0,609,-1,0,-1,-1,-1,0,0,0,0,0,0,0,0,0,0,0,0,0,0,0,0,0,0,2,5,0,-1,-1,-1,0,708940,-1,708945,-1,-1,-1,-1,-1,20,0,[0|0|0|0]
11029,[Rare] Magic-Shrouding Cracked Tear,1,0,[0|0|0],511029,-1,0,0,-1,0,-1,201150,-1,-1,0,0,0,429,0,-1,-1,-1,1,0,0,0,2,0,-1,28,0,0,0,[0|0],1,1,1,1,1,0,1,1,0,0,0,1,1,0,0,0,0,0,0,1,0,0,0,0,0,-1,-1,-1,-1,-1,335000,331900,-1,1,0,0,1,0,0,0,0,0,2,1,1,0,0,0,1,0,0,25,0,0,0,2,0,609,-1,0,-1,-1,-1,0,0,0,0,0,0,0,0,0,0,0,0,0,0,0,0,0,0,2,5,0,-1,-1,-1,0,708950,-1,708955,-1,-1,-1,-1,-1,20,0,[0|0|0|0]
11030,[Rare] Lightning-Shrouding Cracked Tear,1,0,[0|0|0],511030,-1,0,0,-1,0,-1,201170,-1,-1,0,0,0,430,0,-1,-1,-1,1,0,0,0,2,0,-1,28,0,0,0,[0|0],1,1,1,1,1,0,1,1,0,0,0,1,1,0,0,0,0,0,0,1,0,0,0,0,0,-1,-1,-1,-1,-1,335000,333000,-1,1,0,0,1,0,0,0,0,0,2,1,1,0,0,0,1,0,0,25,0,0,0,2,0,609,-1,0,-1,-1,-1,0,0,0,0,0,0,0,0,0,0,0,0,0,0,0,0,0,0,2,5,0,-1,-1,-1,0,708960,-1,708965,-1,-1,-1,-1,-1,20,0,[0|0|0|0]
11031,[Rare] Holy-Shrouding Cracked Tear,1,0,[0|0|0],511031,-1,0,0,-1,0,-1,201180,-1,-1,0,0,0,431,0,-1,-1,-1,1,0,0,0,2,0,-1,28,0,0,0,[0|0],1,1,1,1,1,0,1,1,0,0,0,1,1,0,0,0,0,0,0,1,0,0,0,0,0,-1,-1,-1,-1,-1,335000,333100,-1,1,0,0,1,0,0,0,0,0,2,1,1,0,0,0,1,0,0,25,0,0,0,2,0,609,-1,0,-1,-1,-1,0,0,0,0,0,0,0,0,0,0,0,0,0,0,0,0,0,0,2,5,0,-1,-1,-1,0,708970,-1,708975,-1,-1,-1,-1,-1,20,0,[0|0|0|0]
40000,[Garb - Wylder] Wylder,1,0,[0|0|0],-1,-1,0,0,-1,0,-1,40000,-1,-1,0,0,0,9000,0,-1,-1,-1,1,0,50,16,0,0,-1,0,0,0,0,[0|0],0,0,0,0,0,0,0,0,0,0,0,0,0,0,0,0,0,0,0,0,0,0,0,0,0,-1,-1,-1,-1,-1,-1,-1,-1,1,0,0,0,0,0,0,0,0,0,1,0,0,0,0,1,0,0,20,1,0,0,2,0,0,-1,0,-1,-1,-1,0,0,0,0,0,0,0,0,0,0,0,0,0,0,0,0,0,0,-1,0,0,50000,-1,-1,0,-1,-1,-1,-1,-1,-1,-1,-1,0,0,[0|0|0|0]
40010,[Garb - Wylder] Dawn,0,0,[0|0|0],-1,-1,0,0,-1,0,-1,40010,-1,-1,0,0,0,9010,0,-1,-1,-1,1,0,50,16,0,0,-1,0,0,0,0,[0|0],0,0,0,0,0,0,0,0,0,0,0,0,0,0,0,0,0,0,0,0,0,0,0,0,0,-1,-1,-1,-1,-1,-1,-1,-1,1,0,0,0,0,0,0,0,0,0,1,0,0,0,0,1,0,0,20,1,0,0,2,0,0,-1,0,-1,-1,-1,0,0,0,0,0,0,0,0,0,0,0,0,0,0,0,0,0,0,-1,0,6050,50010,-1,-1,0,-1,-1,-1,-1,-1,-1,-1,-1,0,0,[0|0|0|0]
40020,[Garb - Wylder] Darkness,0,0,[0|0|0],-1,-1,0,0,-1,0,-1,40020,-1,-1,0,0,0,9020,0,-1,-1,-1,1,0,50,16,0,0,-1,0,0,0,0,[0|0],0,0,0,0,0,0,0,0,0,0,0,0,0,0,0,0,0,0,0,0,0,0,0,0,0,-1,-1,-1,-1,-1,-1,-1,-1,1,0,0,0,0,0,0,0,0,0,1,0,0,0,0,1,0,0,20,1,0,0,2,0,0,-1,0,-1,-1,-1,0,0,0,0,0,0,0,0,0,0,0,0,0,0,0,0,0,0,-1,0,6050,50020,-1,-1,0,-1,-1,-1,-1,-1,-1,-1,-1,0,0,[0|0|0|0]
40030,[Garb - Wylder] Remembrance,0,0,[0|0|0],-1,-1,0,0,-1,0,-1,40030,-1,-1,0,0,0,9030,0,-1,-1,-1,1,0,50,16,0,0,-1,0,0,0,0,[0|0],0,0,0,0,0,0,0,0,0,0,0,0,0,0,0,0,0,0,0,0,0,0,0,0,0,-1,-1,-1,-1,-1,-1,-1,-1,1,0,0,0,0,0,0,0,0,0,1,0,0,0,0,1,0,0,20,1,0,0,2,0,0,-1,0,-1,-1,-1,0,0,0,0,0,0,0,0,0,0,0,0,0,0,0,0,0,0,-1,0,6050,50030,-1,-1,0,-1,-1,-1,-1,-1,-1,-1,-1,0,0,[0|0|0|0]
40050,[Garb - Wylder] Abysswalker,0,0,[0|0|0],-1,-1,0,0,-1,0,-1,40050,-1,-1,0,0,0,9050,0,-1,-1,-1,1,0,50,16,0,0,-1,0,0,0,0,[0|0],0,0,0,0,0,0,0,0,0,0,0,0,0,0,0,0,0,0,0,0,0,0,0,0,0,-1,-1,-1,-1,-1,-1,-1,-1,1,0,0,0,0,0,0,0,0,0,1,0,0,0,0,1,0,0,20,1,0,0,2,0,0,-1,0,-1,-1,-1,0,0,0,0,0,0,0,0,0,0,0,0,0,0,0,0,0,0,-1,0,6050,50050,-1,-1,0,-1,-1,-1,-1,-1,-1,-1,-1,0,0,[0|0|0|0]
40060,[Garb - Wylder] Lion Knight,0,0,[0|0|0],-1,-1,0,0,-1,0,-1,40060,-1,-1,0,0,0,9060,0,-1,-1,-1,1,0,50,16,0,0,-1,0,0,0,0,[0|0],0,0,0,0,0,0,0,0,0,0,0,0,0,0,0,0,0,0,0,0,0,0,0,0,0,-1,-1,-1,-1,-1,-1,-1,-1,1,0,0,0,0,0,0,0,0,0,1,0,0,0,0,1,0,0,20,1,0,0,2,0,0,-1,0,-1,-1,-1,0,0,0,0,0,0,0,0,0,0,0,0,0,0,0,0,0,0,-1,0,6050,50060,-1,-1,0,-1,-1,-1,-1,-1,-1,-1,-1,0,0,[0|0|0|0]
40100,[Garb - Guardian] Guardian,1,0,[0|0|0],-1,-1,0,0,-1,0,-1,40100,-1,-1,0,0,0,9100,0,-1,-1,-1,1,0,50,17,0,0,-1,0,0,0,0,[0|0],0,0,0,0,0,0,0,0,0,0,0,0,0,0,0,0,0,0,0,0,0,0,0,0,0,-1,-1,-1,-1,-1,-1,-1,-1,1,0,0,0,0,0,0,0,0,0,1,0,0,0,0,1,0,0,20,1,0,0,2,0,0,-1,0,-1,-1,-1,0,0,0,0,0,0,0,0,0,0,0,0,0,0,0,0,0,0,-1,0,0,50100,-1,-1,0,-1,-1,-1,-1,-1,-1,-1,-1,0,0,[0|0|0|0]
40110,[Garb - Guardian] Dawn,0,0,[0|0|0],-1,-1,0,0,-1,0,-1,40110,-1,-1,0,0,0,9110,0,-1,-1,-1,1,0,50,17,0,0,-1,0,0,0,0,[0|0],0,0,0,0,0,0,0,0,0,0,0,0,0,0,0,0,0,0,0,0,0,0,0,0,0,-1,-1,-1,-1,-1,-1,-1,-1,1,0,0,0,0,0,0,0,0,0,1,0,0,0,0,1,0,0,20,1,0,0,2,0,0,-1,0,-1,-1,-1,0,0,0,0,0,0,0,0,0,0,0,0,0,0,0,0,0,0,-1,0,6050,50110,-1,-1,0,-1,-1,-1,-1,-1,-1,-1,-1,0,0,[0|0|0|0]
40120,[Garb - Guardian] Darkness,0,0,[0|0|0],-1,-1,0,0,-1,0,-1,40120,-1,-1,0,0,0,9120,0,-1,-1,-1,1,0,50,17,0,0,-1,0,0,0,0,[0|0],0,0,0,0,0,0,0,0,0,0,0,0,0,0,0,0,0,0,0,0,0,0,0,0,0,-1,-1,-1,-1,-1,-1,-1,-1,1,0,0,0,0,0,0,0,0,0,1,0,0,0,0,1,0,0,20,1,0,0,2,0,0,-1,0,-1,-1,-1,0,0,0,0,0,0,0,0,0,0,0,0,0,0,0,0,0,0,-1,0,6050,50120,-1,-1,0,-1,-1,-1,-1,-1,-1,-1,-1,0,0,[0|0|0|0]
40130,[Garb - Guardian] Remembrance,0,0,[0|0|0],-1,-1,0,0,-1,0,-1,40130,-1,-1,0,0,0,9130,0,-1,-1,-1,1,0,50,17,0,0,-1,0,0,0,0,[0|0],0,0,0,0,0,0,0,0,0,0,0,0,0,0,0,0,0,0,0,0,0,0,0,0,0,-1,-1,-1,-1,-1,-1,-1,-1,1,0,0,0,0,0,0,0,0,0,1,0,0,0,0,1,0,0,20,1,0,0,2,0,0,-1,0,-1,-1,-1,0,0,0,0,0,0,0,0,0,0,0,0,0,0,0,0,0,0,-1,0,6050,50130,-1,-1,0,-1,-1,-1,-1,-1,-1,-1,-1,0,0,[0|0|0|0]
40150,[Garb - Guardian] Sunlight Knight,0,0,[0|0|0],-1,-1,0,0,-1,0,-1,40150,-1,-1,0,0,0,9150,0,-1,-1,-1,1,0,50,17,0,0,-1,0,0,0,0,[0|0],0,0,0,0,0,0,0,0,0,0,0,0,0,0,0,0,0,0,0,0,0,0,0,0,0,-1,-1,-1,-1,-1,-1,-1,-1,1,0,0,0,0,0,0,0,0,0,1,0,0,0,0,1,0,0,20,1,0,0,2,0,0,-1,0,-1,-1,-1,0,0,0,0,0,0,0,0,0,0,0,0,0,0,0,0,0,0,-1,0,6050,50150,-1,-1,0,-1,-1,-1,-1,-1,-1,-1,-1,0,0,[0|0|0|0]
40160,[Garb - Guardian] Wayfarer,0,0,[0|0|0],-1,-1,0,0,-1,0,-1,40160,-1,-1,0,0,0,9160,0,-1,-1,-1,1,0,50,17,0,0,-1,0,0,0,0,[0|0],0,0,0,0,0,0,0,0,0,0,0,0,0,0,0,0,0,0,0,0,0,0,0,0,0,-1,-1,-1,-1,-1,-1,-1,-1,1,0,0,0,0,0,0,0,0,0,1,0,0,0,0,1,0,0,20,1,0,0,2,0,0,-1,0,-1,-1,-1,0,0,0,0,0,0,0,0,0,0,0,0,0,0,0,0,0,0,-1,0,6050,50160,-1,-1,0,-1,-1,-1,-1,-1,-1,-1,-1,0,0,[0|0|0|0]
40200,[Garb - Ironeye] Ironeye,0,0,[0|0|0],-1,-1,0,0,-1,0,-1,40200,-1,-1,0,0,0,9200,0,-1,-1,-1,1,0,50,18,0,0,-1,0,0,0,0,[0|0],0,0,0,0,0,0,0,0,0,0,0,0,0,0,0,0,0,0,0,0,0,0,0,0,0,-1,-1,-1,-1,-1,-1,-1,-1,1,0,0,0,0,0,0,0,0,0,1,0,0,0,0,1,0,0,20,1,0,0,2,0,0,-1,0,-1,-1,-1,0,0,0,0,0,0,0,0,0,0,0,0,0,0,0,0,0,0,-1,0,0,50200,-1,-1,0,-1,-1,-1,-1,-1,-1,-1,-1,0,0,[0|0|0|0]
40210,[Garb - Ironeye] Dawn,0,0,[0|0|0],-1,-1,0,0,-1,0,-1,40210,-1,-1,0,0,0,9210,0,-1,-1,-1,1,0,50,18,0,0,-1,0,0,0,0,[0|0],0,0,0,0,0,0,0,0,0,0,0,0,0,0,0,0,0,0,0,0,0,0,0,0,0,-1,-1,-1,-1,-1,-1,-1,-1,1,0,0,0,0,0,0,0,0,0,1,0,0,0,0,1,0,0,20,1,0,0,2,0,0,-1,0,-1,-1,-1,0,0,0,0,0,0,0,0,0,0,0,0,0,0,0,0,0,0,-1,0,6050,50210,-1,-1,0,-1,-1,-1,-1,-1,-1,-1,-1,0,0,[0|0|0|0]
40220,[Garb - Ironeye] Darkness,0,0,[0|0|0],-1,-1,0,0,-1,0,-1,40220,-1,-1,0,0,0,9220,0,-1,-1,-1,1,0,50,18,0,0,-1,0,0,0,0,[0|0],0,0,0,0,0,0,0,0,0,0,0,0,0,0,0,0,0,0,0,0,0,0,0,0,0,-1,-1,-1,-1,-1,-1,-1,-1,1,0,0,0,0,0,0,0,0,0,1,0,0,0,0,1,0,0,20,1,0,0,2,0,0,-1,0,-1,-1,-1,0,0,0,0,0,0,0,0,0,0,0,0,0,0,0,0,0,0,-1,0,6050,50220,-1,-1,0,-1,-1,-1,-1,-1,-1,-1,-1,0,0,[0|0|0|0]
40230,[Garb - Ironeye] Remembrance,0,0,[0|0|0],-1,-1,0,0,-1,0,-1,40230,-1,-1,0,0,0,9230,0,-1,-1,-1,1,0,50,18,0,0,-1,0,0,0,0,[0|0],0,0,0,0,0,0,0,0,0,0,0,0,0,0,0,0,0,0,0,0,0,0,0,0,0,-1,-1,-1,-1,-1,-1,-1,-1,1,0,0,0,0,0,0,0,0,0,1,0,0,0,0,1,0,0,20,1,0,0,2,0,0,-1,0,-1,-1,-1,0,0,0,0,0,0,0,0,0,0,0,0,0,0,0,0,0,0,-1,0,6050,50230,-1,-1,0,-1,-1,-1,-1,-1,-1,-1,-1,0,0,[0|0|0|0]
40250,[Garb - Ironeye] Ringfinger,0,0,[0|0|0],-1,-1,0,0,-1,0,-1,40250,-1,-1,0,0,0,9250,0,-1,-1,-1,1,0,50,18,0,0,-1,0,0,0,0,[0|0],0,0,0,0,0,0,0,0,0,0,0,0,0,0,0,0,0,0,0,0,0,0,0,0,0,-1,-1,-1,-1,-1,-1,-1,-1,1,0,0,0,0,0,0,0,0,0,1,0,0,0,0,1,0,0,20,1,0,0,2,0,0,-1,0,-1,-1,-1,0,0,0,0,0,0,0,0,0,0,0,0,0,0,0,0,0,0,-1,0,6050,50250,-1,-1,0,-1,-1,-1,-1,-1,-1,-1,-1,0,0,[0|0|0|0]
40260,[Garb - Ironeye] Sellsword,0,0,[0|0|0],-1,-1,0,0,-1,0,-1,40260,-1,-1,0,0,0,9260,0,-1,-1,-1,1,0,50,18,0,0,-1,0,0,0,0,[0|0],0,0,0,0,0,0,0,0,0,0,0,0,0,0,0,0,0,0,0,0,0,0,0,0,0,-1,-1,-1,-1,-1,-1,-1,-1,1,0,0,0,0,0,0,0,0,0,1,0,0,0,0,1,0,0,20,1,0,0,2,0,0,-1,0,-1,-1,-1,0,0,0,0,0,0,0,0,0,0,0,0,0,0,0,0,0,0,-1,0,6050,50260,-1,-1,0,-1,-1,-1,-1,-1,-1,-1,-1,0,0,[0|0|0|0]
40300,[Garb - Duchess] Duchess,1,0,[0|0|0],-1,-1,0,0,-1,0,-1,40300,-1,-1,0,0,0,9300,0,-1,-1,-1,1,0,50,19,0,0,-1,0,0,0,0,[0|0],0,0,0,0,0,0,0,0,0,0,0,0,0,0,0,0,0,0,0,0,0,0,0,0,0,-1,-1,-1,-1,-1,-1,-1,-1,1,0,0,0,0,0,0,0,0,0,1,0,0,0,0,1,0,0,20,1,0,0,2,0,0,-1,0,-1,-1,-1,0,0,0,0,0,0,0,0,0,0,0,0,0,0,0,0,0,0,-1,0,0,50300,-1,-1,0,-1,-1,-1,-1,-1,-1,-1,-1,0,0,[0|0|0|0]
40310,[Garb - Duchess] Dawn,0,0,[0|0|0],-1,-1,0,0,-1,0,-1,40310,-1,-1,0,0,0,9310,0,-1,-1,-1,1,0,50,19,0,0,-1,0,0,0,0,[0|0],0,0,0,0,0,0,0,0,0,0,0,0,0,0,0,0,0,0,0,0,0,0,0,0,0,-1,-1,-1,-1,-1,-1,-1,-1,1,0,0,0,0,0,0,0,0,0,1,0,0,0,0,1,0,0,20,1,0,0,2,0,0,-1,0,-1,-1,-1,0,0,0,0,0,0,0,0,0,0,0,0,0,0,0,0,0,0,-1,0,6050,50310,-1,-1,0,-1,-1,-1,-1,-1,-1,-1,-1,0,0,[0|0|0|0]
40320,[Garb - Duchess] Darkness,0,0,[0|0|0],-1,-1,0,0,-1,0,-1,40320,-1,-1,0,0,0,9320,0,-1,-1,-1,1,0,50,19,0,0,-1,0,0,0,0,[0|0],0,0,0,0,0,0,0,0,0,0,0,0,0,0,0,0,0,0,0,0,0,0,0,0,0,-1,-1,-1,-1,-1,-1,-1,-1,1,0,0,0,0,0,0,0,0,0,1,0,0,0,0,1,0,0,20,1,0,0,2,0,0,-1,0,-1,-1,-1,0,0,0,0,0,0,0,0,0,0,0,0,0,0,0,0,0,0,-1,0,6050,50320,-1,-1,0,-1,-1,-1,-1,-1,-1,-1,-1,0,0,[0|0|0|0]
40330,[Garb - Duchess] Remembrance,0,0,[0|0|0],-1,-1,0,0,-1,0,-1,40330,-1,-1,0,0,0,9330,0,-1,-1,-1,1,0,50,19,0,0,-1,0,0,0,0,[0|0],0,0,0,0,0,0,0,0,0,0,0,0,0,0,0,0,0,0,0,0,0,0,0,0,0,-1,-1,-1,-1,-1,-1,-1,-1,1,0,0,0,0,0,0,0,0,0,1,0,0,0,0,1,0,0,20,1,0,0,2,0,0,-1,0,-1,-1,-1,0,0,0,0,0,0,0,0,0,0,0,0,0,0,0,0,0,0,-1,0,6050,50330,-1,-1,0,-1,-1,-1,-1,-1,-1,-1,-1,0,0,[0|0|0|0]
40350,[Garb - Duchess] Black Leather,0,0,[0|0|0],-1,-1,0,0,-1,0,-1,40350,-1,-1,0,0,0,9350,0,-1,-1,-1,1,0,50,19,0,0,-1,0,0,0,0,[0|0],0,0,0,0,0,0,0,0,0,0,0,0,0,0,0,0,0,0,0,0,0,0,0,0,0,-1,-1,-1,-1,-1,-1,-1,-1,1,0,0,0,0,0,0,0,0,0,1,0,0,0,0,1,0,0,20,1,0,0,2,0,0,-1,0,-1,-1,-1,0,0,0,0,0,0,0,0,0,0,0,0,0,0,0,0,0,0,-1,0,6050,50350,-1,-1,0,-1,-1,-1,-1,-1,-1,-1,-1,0,0,[0|0|0|0]
40360,[Garb - Duchess] Wraith,0,0,[0|0|0],-1,-1,0,0,-1,0,-1,40360,-1,-1,0,0,0,9360,0,-1,-1,-1,1,0,50,19,0,0,-1,0,0,0,0,[0|0],0,0,0,0,0,0,0,0,0,0,0,0,0,0,0,0,0,0,0,0,0,0,0,0,0,-1,-1,-1,-1,-1,-1,-1,-1,1,0,0,0,0,0,0,0,0,0,1,0,0,0,0,1,0,0,20,1,0,0,2,0,0,-1,0,-1,-1,-1,0,0,0,0,0,0,0,0,0,0,0,0,0,0,0,0,0,0,-1,0,6050,50360,-1,-1,0,-1,-1,-1,-1,-1,-1,-1,-1,0,0,[0|0|0|0]
40400,[Garb - Raider] Raider,0,0,[0|0|0],-1,-1,0,0,-1,0,-1,40400,-1,-1,0,0,0,9400,0,-1,-1,-1,1,0,50,20,0,0,-1,0,0,0,0,[0|0],0,0,0,0,0,0,0,0,0,0,0,0,0,0,0,0,0,0,0,0,0,0,0,0,0,-1,-1,-1,-1,-1,-1,-1,-1,1,0,0,0,0,0,0,0,0,0,1,0,0,0,0,1,0,0,20,1,0,0,2,0,0,-1,0,-1,-1,-1,0,0,0,0,0,0,0,0,0,0,0,0,0,0,0,0,0,0,-1,0,0,50400,-1,-1,0,-1,-1,-1,-1,-1,-1,-1,-1,0,0,[0|0|0|0]
40410,[Garb - Raider] Dawn,0,0,[0|0|0],-1,-1,0,0,-1,0,-1,40410,-1,-1,0,0,0,9410,0,-1,-1,-1,1,0,50,20,0,0,-1,0,0,0,0,[0|0],0,0,0,0,0,0,0,0,0,0,0,0,0,0,0,0,0,0,0,0,0,0,0,0,0,-1,-1,-1,-1,-1,-1,-1,-1,1,0,0,0,0,0,0,0,0,0,1,0,0,0,0,1,0,0,20,1,0,0,2,0,0,-1,0,-1,-1,-1,0,0,0,0,0,0,0,0,0,0,0,0,0,0,0,0,0,0,-1,0,6050,50410,-1,-1,0,-1,-1,-1,-1,-1,-1,-1,-1,0,0,[0|0|0|0]
40420,[Garb - Raider] Darkness,0,0,[0|0|0],-1,-1,0,0,-1,0,-1,40420,-1,-1,0,0,0,9420,0,-1,-1,-1,1,0,50,20,0,0,-1,0,0,0,0,[0|0],0,0,0,0,0,0,0,0,0,0,0,0,0,0,0,0,0,0,0,0,0,0,0,0,0,-1,-1,-1,-1,-1,-1,-1,-1,1,0,0,0,0,0,0,0,0,0,1,0,0,0,0,1,0,0,20,1,0,0,2,0,0,-1,0,-1,-1,-1,0,0,0,0,0,0,0,0,0,0,0,0,0,0,0,0,0,0,-1,0,6050,50420,-1,-1,0,-1,-1,-1,-1,-1,-1,-1,-1,0,0,[0|0|0|0]
40430,[Garb - Raider] Remembrance,0,0,[0|0|0],-1,-1,0,0,-1,0,-1,40430,-1,-1,0,0,0,9430,0,-1,-1,-1,1,0,50,20,0,0,-1,0,0,0,0,[0|0],0,0,0,0,0,0,0,0,0,0,0,0,0,0,0,0,0,0,0,0,0,0,0,0,0,-1,-1,-1,-1,-1,-1,-1,-1,1,0,0,0,0,0,0,0,0,0,1,0,0,0,0,1,0,0,20,1,0,0,2,0,0,-1,0,-1,-1,-1,0,0,0,0,0,0,0,0,0,0,0,0,0,0,0,0,0,0,-1,0,6050,50430,-1,-1,0,-1,-1,-1,-1,-1,-1,-1,-1,0,0,[0|0|0|0]
40450,[Garb - Raider] Rock-like,0,0,[0|0|0],-1,-1,0,0,-1,0,-1,40450,-1,-1,0,0,0,9450,0,-1,-1,-1,1,0,50,20,0,0,-1,0,0,0,0,[0|0],0,0,0,0,0,0,0,0,0,0,0,0,0,0,0,0,0,0,0,0,0,0,0,0,0,-1,-1,-1,-1,-1,-1,-1,-1,1,0,0,0,0,0,0,0,0,0,1,0,0,0,0,1,0,0,20,1,0,0,2,0,0,-1,0,-1,-1,-1,0,0,0,0,0,0,0,0,0,0,0,0,0,0,0,0,0,0,-1,0,6050,50450,-1,-1,0,-1,-1,-1,-1,-1,-1,-1,-1,0,0,[0|0|0|0]
40460,[Garb - Raider] Catarina,0,0,[0|0|0],-1,-1,0,0,-1,0,-1,40460,-1,-1,0,0,0,9460,0,-1,-1,-1,1,0,50,20,0,0,-1,0,0,0,0,[0|0],0,0,0,0,0,0,0,0,0,0,0,0,0,0,0,0,0,0,0,0,0,0,0,0,0,-1,-1,-1,-1,-1,-1,-1,-1,1,0,0,0,0,0,0,0,0,0,1,0,0,0,0,1,0,0,20,1,0,0,2,0,0,-1,0,-1,-1,-1,0,0,0,0,0,0,0,0,0,0,0,0,0,0,0,0,0,0,-1,0,6050,50460,-1,-1,0,-1,-1,-1,-1,-1,-1,-1,-1,0,0,[0|0|0|0]
40500,[Garb - Revenant] Revenant,0,0,[0|0|0],-1,-1,0,0,-1,0,-1,40500,-1,-1,0,0,0,9500,0,-1,-1,-1,1,0,50,21,0,0,-1,0,0,0,0,[0|0],0,0,0,0,0,0,0,0,0,0,0,0,0,0,0,0,0,0,0,0,0,0,0,0,0,-1,-1,-1,-1,-1,-1,-1,-1,1,0,0,0,0,0,0,0,0,0,1,0,0,0,0,1,0,0,20,1,0,0,2,0,0,-1,0,-1,-1,-1,0,0,0,0,0,0,0,0,0,0,0,0,0,0,0,0,0,0,-1,0,0,50500,-1,-1,0,-1,-1,-1,-1,-1,-1,-1,-1,0,0,[0|0|0|0]
40510,[Garb - Revenant] Dawn,0,0,[0|0|0],-1,-1,0,0,-1,0,-1,40510,-1,-1,0,0,0,9510,0,-1,-1,-1,1,0,50,21,0,0,-1,0,0,0,0,[0|0],0,0,0,0,0,0,0,0,0,0,0,0,0,0,0,0,0,0,0,0,0,0,0,0,0,-1,-1,-1,-1,-1,-1,-1,-1,1,0,0,0,0,0,0,0,0,0,1,0,0,0,0,1,0,0,20,1,0,0,2,0,0,-1,0,-1,-1,-1,0,0,0,0,0,0,0,0,0,0,0,0,0,0,0,0,0,0,-1,0,6050,50510,-1,-1,0,-1,-1,-1,-1,-1,-1,-1,-1,0,0,[0|0|0|0]
40520,[Garb - Revenant] Darkness,0,0,[0|0|0],-1,-1,0,0,-1,0,-1,40520,-1,-1,0,0,0,9520,0,-1,-1,-1,1,0,50,21,0,0,-1,0,0,0,0,[0|0],0,0,0,0,0,0,0,0,0,0,0,0,0,0,0,0,0,0,0,0,0,0,0,0,0,-1,-1,-1,-1,-1,-1,-1,-1,1,0,0,0,0,0,0,0,0,0,1,0,0,0,0,1,0,0,20,1,0,0,2,0,0,-1,0,-1,-1,-1,0,0,0,0,0,0,0,0,0,0,0,0,0,0,0,0,0,0,-1,0,6050,50520,-1,-1,0,-1,-1,-1,-1,-1,-1,-1,-1,0,0,[0|0|0|0]
40530,[Garb - Revenant] Remembrance,0,0,[0|0|0],-1,-1,0,0,-1,0,-1,40530,-1,-1,0,0,0,9530,0,-1,-1,-1,1,0,50,21,0,0,-1,0,0,0,0,[0|0],0,0,0,0,0,0,0,0,0,0,0,0,0,0,0,0,0,0,0,0,0,0,0,0,0,-1,-1,-1,-1,-1,-1,-1,-1,1,0,0,0,0,0,0,0,0,0,1,0,0,0,0,1,0,0,20,1,0,0,2,0,0,-1,0,-1,-1,-1,0,0,0,0,0,0,0,0,0,0,0,0,0,0,0,0,0,0,-1,0,6050,50530,-1,-1,0,-1,-1,-1,-1,-1,-1,-1,-1,0,0,[0|0|0|0]
40550,[Garb - Revenant] The Sister in the Painting,0,0,[0|0|0],-1,-1,0,0,-1,0,-1,40550,-1,-1,0,0,0,9550,0,-1,-1,-1,1,0,50,21,0,0,-1,0,0,0,0,[0|0],0,0,0,0,0,0,0,0,0,0,0,0,0,0,0,0,0,0,0,0,0,0,0,0,0,-1,-1,-1,-1,-1,-1,-1,-1,1,0,0,0,0,0,0,0,0,0,1,0,0,0,0,1,0,0,20,1,0,0,2,0,0,-1,0,-1,-1,-1,0,0,0,0,0,0,0,0,0,0,0,0,0,0,0,0,0,0,-1,0,6050,50550,-1,-1,0,-1,-1,-1,-1,-1,-1,-1,-1,0,0,[0|0|0|0]
40560,[Garb - Revenant] Dragon School,0,0,[0|0|0],-1,-1,0,0,-1,0,-1,40560,-1,-1,0,0,0,9560,0,-1,-1,-1,1,0,50,21,0,0,-1,0,0,0,0,[0|0],0,0,0,0,0,0,0,0,0,0,0,0,0,0,0,0,0,0,0,0,0,0,0,0,0,-1,-1,-1,-1,-1,-1,-1,-1,1,0,0,0,0,0,0,0,0,0,1,0,0,0,0,1,0,0,20,1,0,0,2,0,0,-1,0,-1,-1,-1,0,0,0,0,0,0,0,0,0,0,0,0,0,0,0,0,0,0,-1,0,6050,50560,-1,-1,0,-1,-1,-1,-1,-1,-1,-1,-1,0,0,[0|0|0|0]
40600,[Garb - Recluse] Recluse,1,0,[0|0|0],-1,-1,0,0,-1,0,-1,40600,-1,-1,0,0,0,9600,0,-1,-1,-1,1,0,50,22,0,0,-1,0,0,0,0,[0|0],0,0,0,0,0,0,0,0,0,0,0,0,0,0,0,0,0,0,0,0,0,0,0,0,0,-1,-1,-1,-1,-1,-1,-1,-1,1,0,0,0,0,0,0,0,0,0,1,0,0,0,0,1,0,0,20,1,0,0,2,0,0,-1,0,-1,-1,-1,0,0,0,0,0,0,0,0,0,0,0,0,0,0,0,0,0,0,-1,0,0,50600,-1,-1,0,-1,-1,-1,-1,-1,-1,-1,-1,0,0,[0|0|0|0]
40610,[Garb - Recluse] Dawn,0,0,[0|0|0],-1,-1,0,0,-1,0,-1,40610,-1,-1,0,0,0,9610,0,-1,-1,-1,1,0,50,22,0,0,-1,0,0,0,0,[0|0],0,0,0,0,0,0,0,0,0,0,0,0,0,0,0,0,0,0,0,0,0,0,0,0,0,-1,-1,-1,-1,-1,-1,-1,-1,1,0,0,0,0,0,0,0,0,0,1,0,0,0,0,1,0,0,20,1,0,0,2,0,0,-1,0,-1,-1,-1,0,0,0,0,0,0,0,0,0,0,0,0,0,0,0,0,0,0,-1,0,6050,50610,-1,-1,0,-1,-1,-1,-1,-1,-1,-1,-1,0,0,[0|0|0|0]
40620,[Garb - Recluse] Darkness,0,0,[0|0|0],-1,-1,0,0,-1,0,-1,40620,-1,-1,0,0,0,9620,0,-1,-1,-1,1,0,50,22,0,0,-1,0,0,0,0,[0|0],0,0,0,0,0,0,0,0,0,0,0,0,0,0,0,0,0,0,0,0,0,0,0,0,0,-1,-1,-1,-1,-1,-1,-1,-1,1,0,0,0,0,0,0,0,0,0,1,0,0,0,0,1,0,0,20,1,0,0,2,0,0,-1,0,-1,-1,-1,0,0,0,0,0,0,0,0,0,0,0,0,0,0,0,0,0,0,-1,0,6050,50620,-1,-1,0,-1,-1,-1,-1,-1,-1,-1,-1,0,0,[0|0|0|0]
40630,[Garb - Recluse] Remembrance,0,0,[0|0|0],-1,-1,0,0,-1,0,-1,40630,-1,-1,0,0,0,9630,0,-1,-1,-1,1,0,50,22,0,0,-1,0,0,0,0,[0|0],0,0,0,0,0,0,0,0,0,0,0,0,0,0,0,0,0,0,0,0,0,0,0,0,0,-1,-1,-1,-1,-1,-1,-1,-1,1,0,0,0,0,0,0,0,0,0,1,0,0,0,0,1,0,0,20,1,0,0,2,0,0,-1,0,-1,-1,-1,0,0,0,0,0,0,0,0,0,0,0,0,0,0,0,0,0,0,-1,0,6050,50630,-1,-1,0,-1,-1,-1,-1,-1,-1,-1,-1,0,0,[0|0|0|0]
40650,[Garb - Recluse] Heretic Sorcerer,0,0,[0|0|0],-1,-1,0,0,-1,0,-1,40650,-1,-1,0,0,0,9650,0,-1,-1,-1,1,0,50,22,0,0,-1,0,0,0,0,[0|0],0,0,0,0,0,0,0,0,0,0,0,0,0,0,0,0,0,0,0,0,0,0,0,0,0,-1,-1,-1,-1,-1,-1,-1,-1,1,0,0,0,0,0,0,0,0,0,1,0,0,0,0,1,0,0,20,1,0,0,2,0,0,-1,0,-1,-1,-1,0,0,0,0,0,0,0,0,0,0,0,0,0,0,0,0,0,0,-1,0,6050,50650,-1,-1,0,-1,-1,-1,-1,-1,-1,-1,-1,0,0,[0|0|0|0]
40660,[Garb - Recluse] Emerald Fate,0,0,[0|0|0],-1,-1,0,0,-1,0,-1,40660,-1,-1,0,0,0,9660,0,-1,-1,-1,1,0,50,22,0,0,-1,0,0,0,0,[0|0],0,0,0,0,0,0,0,0,0,0,0,0,0,0,0,0,0,0,0,0,0,0,0,0,0,-1,-1,-1,-1,-1,-1,-1,-1,1,0,0,0,0,0,0,0,0,0,1,0,0,0,0,1,0,0,20,1,0,0,2,0,0,-1,0,-1,-1,-1,0,0,0,0,0,0,0,0,0,0,0,0,0,0,0,0,0,0,-1,0,6050,50660,-1,-1,0,-1,-1,-1,-1,-1,-1,-1,-1,0,0,[0|0|0|0]
40700,[Garb - Executor] Executor,0,0,[0|0|0],-1,-1,0,0,-1,0,-1,40700,-1,-1,0,0,0,9700,0,-1,-1,-1,1,0,50,23,0,0,-1,0,0,0,0,[0|0],0,0,0,0,0,0,0,0,0,0,0,0,0,0,0,0,0,0,0,0,0,0,0,0,0,-1,-1,-1,-1,-1,-1,-1,-1,1,0,0,0,0,0,0,0,0,0,1,0,0,0,0,1,0,0,20,1,0,0,2,0,0,-1,0,-1,-1,-1,0,0,0,0,0,0,0,0,0,0,0,0,0,0,0,0,0,0,-1,0,0,50700,-1,-1,0,-1,-1,-1,-1,-1,-1,-1,-1,0,0,[0|0|0|0]
40710,[Garb - Executor] Dawn,0,0,[0|0|0],-1,-1,0,0,-1,0,-1,40710,-1,-1,0,0,0,9710,0,-1,-1,-1,1,0,50,23,0,0,-1,0,0,0,0,[0|0],0,0,0,0,0,0,0,0,0,0,0,0,0,0,0,0,0,0,0,0,0,0,0,0,0,-1,-1,-1,-1,-1,-1,-1,-1,1,0,0,0,0,0,0,0,0,0,1,0,0,0,0,1,0,0,20,1,0,0,2,0,0,-1,0,-1,-1,-1,0,0,0,0,0,0,0,0,0,0,0,0,0,0,0,0,0,0,-1,0,6050,50710,-1,-1,0,-1,-1,-1,-1,-1,-1,-1,-1,0,0,[0|0|0|0]
40720,[Garb - Executor] Darkness,0,0,[0|0|0],-1,-1,0,0,-1,0,-1,40720,-1,-1,0,0,0,9720,0,-1,-1,-1,1,0,50,23,0,0,-1,0,0,0,0,[0|0],0,0,0,0,0,0,0,0,0,0,0,0,0,0,0,0,0,0,0,0,0,0,0,0,0,-1,-1,-1,-1,-1,-1,-1,-1,1,0,0,0,0,0,0,0,0,0,1,0,0,0,0,1,0,0,20,1,0,0,2,0,0,-1,0,-1,-1,-1,0,0,0,0,0,0,0,0,0,0,0,0,0,0,0,0,0,0,-1,0,6050,50720,-1,-1,0,-1,-1,-1,-1,-1,-1,-1,-1,0,0,[0|0|0|0]
40730,[Garb - Executor] Remembrance,0,0,[0|0|0],-1,-1,0,0,-1,0,-1,40730,-1,-1,0,0,0,9730,0,-1,-1,-1,1,0,50,23,0,0,-1,0,0,0,0,[0|0],0,0,0,0,0,0,0,0,0,0,0,0,0,0,0,0,0,0,0,0,0,0,0,0,0,-1,-1,-1,-1,-1,-1,-1,-1,1,0,0,0,0,0,0,0,0,0,1,0,0,0,0,1,0,0,20,1,0,0,2,0,0,-1,0,-1,-1,-1,0,0,0,0,0,0,0,0,0,0,0,0,0,0,0,0,0,0,-1,0,6050,50730,-1,-1,0,-1,-1,-1,-1,-1,-1,-1,-1,0,0,[0|0|0|0]
40750,[Garb - Executor] Thorns,0,0,[0|0|0],-1,-1,0,0,-1,0,-1,40750,-1,-1,0,0,0,9750,0,-1,-1,-1,1,0,50,23,0,0,-1,0,0,0,0,[0|0],0,0,0,0,0,0,0,0,0,0,0,0,0,0,0,0,0,0,0,0,0,0,0,0,0,-1,-1,-1,-1,-1,-1,-1,-1,1,0,0,0,0,0,0,0,0,0,1,0,0,0,0,1,0,0,20,1,0,0,2,0,0,-1,0,-1,-1,-1,0,0,0,0,0,0,0,0,0,0,0,0,0,0,0,0,0,0,-1,0,6050,50750,-1,-1,0,-1,-1,-1,-1,-1,-1,-1,-1,0,0,[0|0|0|0]
40760,[Garb - Executor] Sable Church,0,0,[0|0|0],-1,-1,0,0,-1,0,-1,40760,-1,-1,0,0,0,9760,0,-1,-1,-1,1,0,50,23,0,0,-1,0,0,0,0,[0|0],0,0,0,0,0,0,0,0,0,0,0,0,0,0,0,0,0,0,0,0,0,0,0,0,0,-1,-1,-1,-1,-1,-1,-1,-1,1,0,0,0,0,0,0,0,0,0,1,0,0,0,0,1,0,0,20,1,0,0,2,0,0,-1,0,-1,-1,-1,0,0,0,0,0,0,0,0,0,0,0,0,0,0,0,0,0,0,-1,0,6050,50760,-1,-1,0,-1,-1,-1,-1,-1,-1,-1,-1,0,0,[0|0|0|0]
40800,[Garb - Scholar] Scholar,1,0,[0|0|0],-1,-1,0,0,-1,0,-1,40000,-1,-1,0,0,0,9800,0,-1,-1,-1,1,0,50,26,0,0,-1,0,0,0,0,[0|0],0,0,0,0,0,0,0,0,0,0,0,0,0,0,0,0,0,0,0,0,0,0,0,0,0,-1,-1,-1,-1,-1,-1,-1,-1,1,0,0,0,0,0,0,0,0,0,1,0,0,0,0,1,0,0,20,1,0,0,2,0,0,-1,0,-1,-1,-1,0,0,0,0,0,0,0,0,0,0,0,0,0,0,0,0,0,0,-1,0,0,50800,-1,-1,0,-1,-1,-1,-1,-1,-1,-1,-1,0,0,[0|0|0|0]
40810,[Garb - Scholar] Dawn,0,0,[0|0|0],-1,-1,0,0,-1,0,-1,40010,-1,-1,0,0,0,9810,0,-1,-1,-1,1,0,50,26,0,0,-1,0,0,0,0,[0|0],0,0,0,0,0,0,0,0,0,0,0,0,0,0,0,0,0,0,0,0,0,0,0,0,0,-1,-1,-1,-1,-1,-1,-1,-1,1,0,0,0,0,0,0,0,0,0,1,0,0,0,0,1,0,0,20,1,0,0,2,0,0,-1,0,-1,-1,-1,0,0,0,0,0,0,0,0,0,0,0,0,0,0,0,0,0,0,-1,0,6050,50810,-1,-1,0,-1,-1,-1,-1,-1,-1,-1,-1,0,0,[0|0|0|0]
40820,[Garb - Scholar] Darkness,0,0,[0|0|0],-1,-1,0,0,-1,0,-1,40020,-1,-1,0,0,0,9820,0,-1,-1,-1,1,0,50,26,0,0,-1,0,0,0,0,[0|0],0,0,0,0,0,0,0,0,0,0,0,0,0,0,0,0,0,0,0,0,0,0,0,0,0,-1,-1,-1,-1,-1,-1,-1,-1,1,0,0,0,0,0,0,0,0,0,1,0,0,0,0,1,0,0,20,1,0,0,2,0,0,-1,0,-1,-1,-1,0,0,0,0,0,0,0,0,0,0,0,0,0,0,0,0,0,0,-1,0,6050,50820,-1,-1,0,-1,-1,-1,-1,-1,-1,-1,-1,0,0,[0|0|0|0]
40830,[Garb - Scholar] Remembrance,0,0,[0|0|0],-1,-1,0,0,-1,0,-1,40030,-1,-1,0,0,0,9830,0,-1,-1,-1,1,0,50,26,0,0,-1,0,0,0,0,[0|0],0,0,0,0,0,0,0,0,0,0,0,0,0,0,0,0,0,0,0,0,0,0,0,0,0,-1,-1,-1,-1,-1,-1,-1,-1,1,0,0,0,0,0,0,0,0,0,1,0,0,0,0,1,0,0,20,1,0,0,2,0,0,-1,0,-1,-1,-1,0,0,0,0,0,0,0,0,0,0,0,0,0,0,0,0,0,0,-1,0,6050,50830,-1,-1,0,-1,-1,-1,-1,-1,-1,-1,-1,0,0,[0|0|0|0]
40850,[Garb - Scholar] Pardoner,0,0,[0|0|0],-1,-1,0,0,-1,0,-1,40050,-1,-1,0,0,0,9850,0,-1,-1,-1,1,0,50,26,0,0,-1,0,0,0,0,[0|0],0,0,0,0,0,0,0,0,0,0,0,0,0,0,0,0,0,0,0,0,0,0,0,0,0,-1,-1,-1,-1,-1,-1,-1,-1,1,0,0,0,0,0,0,0,0,0,1,0,0,0,0,1,0,0,20,1,0,0,2,0,0,-1,0,-1,-1,-1,0,0,0,0,0,0,0,0,0,0,0,0,0,0,0,0,0,0,-1,0,6050,50850,-1,-1,0,-1,-1,-1,-1,-1,-1,-1,-1,0,0,[0|0|0|0]
40860,[Garb - Scholar] Xanthous,0,0,[0|0|0],-1,-1,0,0,-1,0,-1,40060,-1,-1,0,0,0,9860,0,-1,-1,-1,1,0,50,26,0,0,-1,0,0,0,0,[0|0],0,0,0,0,0,0,0,0,0,0,0,0,0,0,0,0,0,0,0,0,0,0,0,0,0,-1,-1,-1,-1,-1,-1,-1,-1,1,0,0,0,0,0,0,0,0,0,1,0,0,0,0,1,0,0,20,1,0,0,2,0,0,-1,0,-1,-1,-1,0,0,0,0,0,0,0,0,0,0,0,0,0,0,0,0,0,0,-1,0,6050,50860,-1,-1,0,-1,-1,-1,-1,-1,-1,-1,-1,0,0,[0|0|0|0]
40900,[Garb - Undertaker] Undertaker,1,0,[0|0|0],-1,-1,0,0,-1,0,-1,40100,-1,-1,0,0,0,9900,0,-1,-1,-1,1,0,50,27,0,0,-1,0,0,0,0,[0|0],0,0,0,0,0,0,0,0,0,0,0,0,0,0,0,0,0,0,0,0,0,0,0,0,0,-1,-1,-1,-1,-1,-1,-1,-1,1,0,0,0,0,0,0,0,0,0,1,0,0,0,0,1,0,0,20,1,0,0,2,0,0,-1,0,-1,-1,-1,0,0,0,0,0,0,0,0,0,0,0,0,0,0,0,0,0,0,-1,0,0,50900,-1,-1,0,-1,-1,-1,-1,-1,-1,-1,-1,0,0,[0|0|0|0]
40910,[Garb - Undertaker] Dawn,0,0,[0|0|0],-1,-1,0,0,-1,0,-1,40110,-1,-1,0,0,0,9910,0,-1,-1,-1,1,0,50,27,0,0,-1,0,0,0,0,[0|0],0,0,0,0,0,0,0,0,0,0,0,0,0,0,0,0,0,0,0,0,0,0,0,0,0,-1,-1,-1,-1,-1,-1,-1,-1,1,0,0,0,0,0,0,0,0,0,1,0,0,0,0,1,0,0,20,1,0,0,2,0,0,-1,0,-1,-1,-1,0,0,0,0,0,0,0,0,0,0,0,0,0,0,0,0,0,0,-1,0,6050,50910,-1,-1,0,-1,-1,-1,-1,-1,-1,-1,-1,0,0,[0|0|0|0]
40920,[Garb - Undertaker] Darkness,0,0,[0|0|0],-1,-1,0,0,-1,0,-1,40120,-1,-1,0,0,0,9920,0,-1,-1,-1,1,0,50,27,0,0,-1,0,0,0,0,[0|0],0,0,0,0,0,0,0,0,0,0,0,0,0,0,0,0,0,0,0,0,0,0,0,0,0,-1,-1,-1,-1,-1,-1,-1,-1,1,0,0,0,0,0,0,0,0,0,1,0,0,0,0,1,0,0,20,1,0,0,2,0,0,-1,0,-1,-1,-1,0,0,0,0,0,0,0,0,0,0,0,0,0,0,0,0,0,0,-1,0,6050,50920,-1,-1,0,-1,-1,-1,-1,-1,-1,-1,-1,0,0,[0|0|0|0]
40930,[Garb - Undertaker] Remembrance,0,0,[0|0|0],-1,-1,0,0,-1,0,-1,40130,-1,-1,0,0,0,9930,0,-1,-1,-1,1,0,50,27,0,0,-1,0,0,0,0,[0|0],0,0,0,0,0,0,0,0,0,0,0,0,0,0,0,0,0,0,0,0,0,0,0,0,0,-1,-1,-1,-1,-1,-1,-1,-1,1,0,0,0,0,0,0,0,0,0,1,0,0,0,0,1,0,0,20,1,0,0,2,0,0,-1,0,-1,-1,-1,0,0,0,0,0,0,0,0,0,0,0,0,0,0,0,0,0,0,-1,0,6050,50930,-1,-1,0,-1,-1,-1,-1,-1,-1,-1,-1,0,0,[0|0|0|0]
40950,[Garb - Undertaker] Brass,0,0,[0|0|0],-1,-1,0,0,-1,0,-1,40150,-1,-1,0,0,0,9950,0,-1,-1,-1,1,0,50,27,0,0,-1,0,0,0,0,[0|0],0,0,0,0,0,0,0,0,0,0,0,0,0,0,0,0,0,0,0,0,0,0,0,0,0,-1,-1,-1,-1,-1,-1,-1,-1,1,0,0,0,0,0,0,0,0,0,1,0,0,0,0,1,0,0,20,1,0,0,2,0,0,-1,0,-1,-1,-1,0,0,0,0,0,0,0,0,0,0,0,0,0,0,0,0,0,0,-1,0,6050,50950,-1,-1,0,-1,-1,-1,-1,-1,-1,-1,-1,0,0,[0|0|0|0]
40960,[Garb - Undertaker] Lord's Blade,0,0,[0|0|0],-1,-1,0,0,-1,0,-1,40160,-1,-1,0,0,0,9960,0,-1,-1,-1,1,0,50,27,0,0,-1,0,0,0,0,[0|0],0,0,0,0,0,0,0,0,0,0,0,0,0,0,0,0,0,0,0,0,0,0,0,0,0,-1,-1,-1,-1,-1,-1,-1,-1,1,0,0,0,0,0,0,0,0,0,1,0,0,0,0,1,0,0,20,1,0,0,2,0,0,-1,0,-1,-1,-1,0,0,0,0,0,0,0,0,0,0,0,0,0,0,0,0,0,0,-1,0,6050,50960,-1,-1,0,-1,-1,-1,-1,-1,-1,-1,-1,0,0,[0|0|0|0]
45000,[Key Item] Slate Whetstone,0,0,[0|0|0],-1,-1,0,0,-1,0,-1,10,-1,-1,0,0,0,20800,0,-1,-1,-1,1,0,50,11,0,0,-1,0,0,0,0,[0|0],0,0,0,0,0,0,0,0,0,0,0,0,0,0,0,0,0,0,0,1,0,0,0,0,0,-1,-1,100,-1,-1,-1,-1,-1,1,0,0,0,0,0,0,0,0,0,1,0,0,0,0,1,0,0,100,1,0,0,0,0,0,-1,0,-1,-1,-1,0,0,0,0,0,0,0,0,0,0,0,0,0,0,0,0,0,0,-1,0,0,-1,-1,-1,0,-1,-1,-1,-1,-1,-1,-1,-1,0,0,[0|0|0|0]
45001,[Key Item] Silver Tear,0,0,[0|0|0],-1,-1,0,0,-1,0,-1,15,-1,-1,0,0,0,20801,0,-1,-1,-1,1,0,50,11,0,0,-1,0,0,0,0,[0|0],0,0,0,0,0,0,0,0,0,0,0,0,0,0,0,0,0,0,0,1,0,0,0,0,0,-1,-1,101,-1,-1,-1,-1,-1,1,0,0,0,0,0,0,0,0,0,1,0,0,0,0,1,0,0,100,1,0,0,0,0,0,-1,0,-1,-1,-1,0,0,0,0,0,0,0,0,0,0,0,0,0,0,0,0,0,0,-1,0,0,-1,-1,-1,0,-1,-1,-1,-1,-1,-1,-1,-1,0,0,[0|0|0|0]
45002,[Key Item] Golden Dew,0,0,[0|0|0],-1,-1,0,0,-1,0,-1,40,-1,-1,0,0,0,20802,0,-1,-1,-1,1,0,50,11,0,0,-1,0,0,0,0,[0|0],0,0,0,0,0,0,0,0,0,0,0,0,0,0,0,0,0,0,0,1,0,0,0,0,0,-1,-1,102,-1,-1,-1,-1,-1,1,0,0,0,0,0,0,0,0,0,1,0,0,0,0,1,0,0,140,1,0,0,0,0,0,-1,0,-1,-1,-1,0,0,0,0,0,0,0,0,0,0,0,0,0,0,0,0,0,0,-1,0,0,-1,-1,-1,0,-1,-1,-1,-1,-1,-1,-1,-1,0,0,[0|0|0|0]
45003,[Key Item] Weathervane's Words,0,0,[0|0|0],-1,-1,0,0,-1,0,-1,43,-1,-1,0,0,0,20803,0,-1,-1,-1,1,0,50,11,0,0,-1,0,0,0,0,[0|0],0,0,0,0,0,0,0,0,0,0,0,0,0,0,0,0,0,0,0,1,0,0,0,0,0,-1,-1,103,-1,-1,-1,-1,-1,1,0,0,0,0,0,0,0,0,0,1,0,0,0,0,1,0,0,140,1,0,0,0,0,0,-1,0,-1,-1,-1,0,0,0,0,0,0,0,0,0,0,0,0,0,0,0,0,0,0,-1,0,0,-1,-1,-1,0,-1,-1,-1,-1,-1,-1,-1,-1,0,0,[0|0|0|0]
45004,[Key Item] Blessed Flowers,0,0,[0|0|0],-1,-1,0,0,-1,0,-1,80,-1,-1,0,0,0,20804,0,-1,-1,-1,1,0,50,11,0,0,-1,0,0,0,0,[0|0],0,0,0,0,0,0,0,0,0,0,0,0,0,0,0,0,0,0,0,1,0,0,0,0,0,-1,-1,104,-1,-1,-1,-1,-1,1,0,0,0,0,0,0,0,0,0,1,0,0,0,0,1,0,0,180,1,0,0,0,0,0,-1,0,-1,-1,-1,0,0,0,0,0,0,0,0,0,0,0,0,0,0,0,0,0,0,-1,0,0,-1,-1,-1,0,-1,-1,-1,-1,-1,-1,-1,-1,0,0,[0|0|0|0]
45006,[Key Item] Golden Sprout,0,0,[0|0|0],-1,-1,0,0,-1,0,-1,82,-1,-1,0,0,0,20806,0,-1,-1,-1,1,0,50,11,0,0,-1,0,0,0,0,[0|0],0,0,0,0,0,0,0,0,0,0,0,0,0,0,0,0,0,0,0,1,0,0,0,0,0,-1,-1,106,-1,-1,-1,-1,-1,1,0,0,0,0,0,0,0,0,0,1,0,0,0,0,1,0,0,180,1,0,0,0,0,0,-1,0,-1,-1,-1,0,0,0,0,0,0,0,0,0,0,0,0,0,0,0,0,0,0,-1,0,0,-1,-1,-1,0,-1,-1,-1,-1,-1,-1,-1,-1,0,0,[0|0|0|0]
45007,[Key Item] Night Shard,0,0,[0|0|0],-1,-1,0,0,-1,0,-1,70,-1,-1,0,0,0,20807,0,-1,-1,-1,1,0,50,11,0,0,-1,0,0,0,0,[0|0],0,0,0,0,0,0,0,0,0,0,0,0,0,0,0,0,0,0,0,1,0,0,0,0,0,-1,-1,107,-1,-1,-1,-1,-1,1,0,0,0,0,0,0,0,0,0,1,0,0,0,0,1,0,0,170,1,0,0,0,0,0,-1,0,-1,-1,-1,0,0,0,0,0,0,0,0,0,0,0,0,0,0,0,0,0,0,-1,0,0,-1,-1,-1,0,-1,-1,-1,-1,-1,-1,-1,-1,0,0,[0|0|0|0]
45008,[Key Item] Vestige of Night,0,0,[0|0|0],-1,-1,0,0,-1,0,-1,71,-1,-1,0,0,0,20808,0,-1,-1,-1,1,0,50,11,0,0,-1,0,0,0,0,[0|0],0,0,0,0,0,0,0,0,0,0,0,0,0,0,0,0,0,0,0,1,0,0,0,0,0,-1,-1,108,-1,-1,-1,-1,-1,1,0,0,0,0,0,0,0,0,0,1,0,0,0,0,1,0,0,170,1,0,0,0,0,0,-1,0,-1,-1,-1,0,0,0,0,0,0,0,0,0,0,0,0,0,0,0,0,0,0,-1,0,0,-1,-1,-1,0,-1,-1,-1,-1,-1,-1,-1,-1,0,0,[0|0|0|0]
45010,[Key Item] Traitor's Letter,0,0,[0|0|0],-1,-1,0,0,-1,0,-1,31,-1,-1,0,0,0,20810,0,-1,-1,-1,1,0,50,11,0,0,-1,0,0,0,0,[0|0],0,0,0,0,0,0,0,0,0,0,0,0,0,0,0,0,0,0,0,1,0,0,0,0,0,-1,-1,110,-1,-1,-1,-1,-1,1,0,0,0,0,0,0,0,0,0,1,0,0,0,0,1,0,0,130,1,0,0,0,0,0,-1,0,-1,-1,-1,0,0,0,0,0,0,0,0,0,0,0,0,0,0,0,0,0,0,-1,0,0,-1,-1,-1,0,-1,-1,-1,-1,-1,-1,-1,-1,0,0,[0|0|0|0]
45011,[Key Item] Edge of Order,0,0,[0|0|0],-1,-1,0,0,-1,0,-1,32,-1,-1,0,0,0,20811,0,-1,-1,-1,1,0,50,11,0,0,-1,0,0,0,0,[0|0],0,0,0,0,0,0,0,0,0,0,0,0,0,0,0,0,0,0,0,1,0,0,0,0,0,-1,-1,111,-1,-1,-1,-1,-1,1,0,0,0,0,0,0,0,0,0,1,0,0,0,0,1,0,0,130,1,0,0,0,0,0,-1,0,-1,-1,-1,0,0,0,0,0,0,0,0,0,0,0,0,0,0,0,0,0,0,-1,0,0,-1,-1,-1,0,-1,-1,-1,-1,-1,-1,-1,-1,0,0,[0|0|0|0]
45013,[Key Item] Stone Stake,0,0,[0|0|0],-1,-1,0,0,-1,0,-1,21,-1,-1,0,0,0,20813,0,-1,-1,-1,1,0,50,11,0,0,-1,0,0,0,0,[0|0],0,0,0,0,0,0,0,0,0,0,0,0,0,0,0,0,0,0,0,1,0,0,0,0,0,-1,-1,113,-1,-1,-1,-1,-1,1,0,0,0,0,0,0,0,0,0,1,0,0,0,0,1,0,0,110,1,0,0,0,0,0,-1,0,-1,-1,-1,0,0,0,0,0,0,0,0,0,0,0,0,0,0,0,0,0,0,-1,0,0,-1,-1,-1,0,-1,-1,-1,-1,-1,-1,-1,-1,0,0,[0|0|0|0]
45014,[Key Item] Third Volume,0,0,[0|0|0],-1,-1,0,0,-1,0,-1,25,-1,-1,0,0,0,20814,0,-1,-1,-1,1,0,50,11,0,0,-1,0,0,0,0,[0|0],0,0,0,0,0,0,0,0,0,0,0,0,0,0,0,0,0,0,0,1,0,0,0,0,0,-1,-1,114,-1,-1,-1,-1,-1,1,0,0,0,0,0,0,0,0,0,1,0,0,0,0,1,0,0,110,1,0,0,0,0,0,-1,0,-1,-1,-1,0,0,0,0,0,0,0,0,0,0,0,0,0,0,0,0,0,0,-1,0,0,-1,-1,-1,0,-1,-1,-1,-1,-1,-1,-1,-1,0,0,[0|0|0|0]
45015,[Key Item] Witch's Brooch,0,0,[0|0|0],-1,-1,0,0,-1,0,-1,26,-1,-1,0,0,0,20815,0,-1,-1,-1,1,0,50,11,0,0,-1,0,0,0,0,[0|0],0,0,0,0,0,0,0,0,0,0,0,0,0,0,0,0,0,0,0,1,0,0,0,0,0,-1,-1,115,-1,-1,-1,-1,-1,1,0,0,0,0,0,0,0,0,0,1,0,0,0,0,1,0,0,110,1,0,0,0,0,0,-1,0,-1,-1,-1,0,0,0,0,0,0,0,0,0,0,0,0,0,0,0,0,0,0,-1,0,0,-1,-1,-1,0,-1,-1,-1,-1,-1,-1,-1,-1,0,0,[0|0|0|0]
45016,[Key Item] Blade of Night Fragment,0,0,[0|0|0],-1,-1,0,0,-1,0,-1,60,-1,-1,0,0,0,20816,0,-1,-1,-1,1,0,50,11,0,0,-1,0,0,0,0,[0|0],0,0,0,0,0,0,0,0,0,0,0,0,0,0,0,0,0,0,0,1,0,0,0,0,0,-1,-1,116,-1,-1,-1,-1,-1,1,0,0,0,0,0,0,0,0,0,1,0,0,0,0,1,0,0,160,1,0,0,0,0,0,-1,0,-1,-1,-1,0,0,0,0,0,0,0,0,0,0,0,0,0,0,0,0,0,0,-1,0,0,-1,-1,-1,0,-1,-1,-1,-1,-1,-1,-1,-1,0,0,[0|0|0|0]
45018,[Key Item] Mended Earring,0,0,[0|0|0],-1,-1,0,0,-1,0,-1,11,-1,-1,0,0,0,20818,0,-1,-1,-1,1,0,50,11,0,0,-1,0,0,0,0,[0|0],0,0,0,0,0,0,0,0,0,0,0,0,0,0,0,0,0,0,0,1,0,0,0,0,0,-1,-1,118,-1,-1,-1,-1,-1,1,0,0,0,0,0,0,0,0,0,1,0,0,0,0,1,0,0,100,1,0,0,0,0,0,-1,0,-1,-1,-1,0,0,0,0,0,0,0,0,0,0,0,0,0,0,0,0,0,0,-1,0,0,-1,-1,-1,0,-1,-1,-1,-1,-1,-1,-1,-1,0,0,[0|0|0|0]
45019,[Key Item] Faded Iron Coins,0,0,[0|0|0],-1,-1,0,0,-1,0,-1,41,-1,-1,0,0,0,20819,0,-1,-1,-1,1,0,50,11,0,0,-1,0,0,0,0,[0|0],0,0,0,0,0,0,0,0,0,0,0,0,0,0,0,0,0,0,0,1,0,0,0,0,0,-1,-1,119,-1,-1,-1,-1,-1,1,0,0,0,0,0,0,0,0,0,1,0,0,0,0,1,0,0,140,1,0,0,0,0,0,-1,0,-1,-1,-1,0,0,0,0,0,0,0,0,0,0,0,0,0,0,0,0,0,0,-1,0,0,-1,-1,-1,0,-1,-1,-1,-1,-1,-1,-1,-1,0,0,[0|0|0|0]
45020,[Key Item] Eerie Charm,0,0,[0|0|0],-1,-1,0,0,-1,0,-1,23,-1,-1,0,0,0,20820,0,-1,-1,-1,1,0,50,11,0,0,-1,0,0,0,0,[0|0],0,0,0,0,0,0,0,0,0,0,0,0,0,0,0,0,0,0,0,1,0,0,0,0,0,-1,-1,120,-1,-1,-1,-1,-1,1,0,0,0,0,0,0,0,0,0,1,0,0,0,0,1,0,0,110,1,0,0,0,0,0,-1,0,-1,-1,-1,0,0,0,0,0,0,0,0,0,0,0,0,0,0,0,0,0,0,-1,0,0,-1,-1,-1,0,-1,-1,-1,-1,-1,-1,-1,-1,0,0,[0|0|0|0]
45021,[Key Item] Merchant's Ledger,0,0,[0|0|0],-1,-1,0,0,-1,0,-1,24,-1,-1,0,0,0,20821,0,-1,-1,-1,1,0,50,11,0,0,-1,0,0,0,0,[0|0],0,0,0,0,0,0,0,0,0,0,0,0,0,0,0,0,0,0,0,1,0,0,0,0,0,-1,-1,121,-1,-1,-1,-1,-1,1,0,0,0,0,0,0,0,0,0,1,0,0,0,0,1,0,0,110,1,0,0,0,0,0,-1,0,-1,-1,-1,0,0,0,0,0,0,0,0,0,0,0,0,0,0,0,0,0,0,-1,0,0,-1,-1,-1,0,-1,-1,-1,-1,-1,-1,-1,-1,0,0,[0|0|0|0]
45022,[Key Item] Primordial Nightlord's Rune,0,0,[0|0|0],-1,-1,0,0,-1,0,-1,2,-1,-1,0,0,0,20831,0,-1,-1,-1,1,0,50,11,0,0,-1,0,0,0,0,[0|0],0,0,0,0,0,0,0,0,0,0,0,0,0,0,0,0,0,0,0,1,0,0,0,0,0,-1,-1,130,-1,-1,-1,-1,-1,1,0,0,0,0,0,0,0,0,0,1,0,0,0,0,1,0,0,10,1,0,0,0,0,0,-1,0,-1,-1,-1,0,0,0,0,0,0,0,0,0,0,0,0,0,0,0,0,0,0,-1,0,0,-1,-1,-1,0,-1,-1,-1,-1,-1,-1,-1,-1,0,0,[0|0|0|0]
45023,[Key Item] Trace of Night,0,0,[0|0|0],-1,-1,0,0,-1,0,-1,1,-1,-1,0,0,0,20830,0,-1,-1,-1,1,0,50,11,0,0,-1,0,0,0,0,[0|0],0,0,0,0,0,0,0,0,0,0,0,0,0,0,0,0,0,0,0,1,0,0,0,0,0,-1,-1,131,-1,-1,-1,-1,-1,1,0,0,0,0,0,0,0,0,0,1,0,0,0,0,1,0,0,10,1,0,0,0,0,0,-1,0,-1,-1,-1,0,0,0,0,0,0,0,0,0,0,0,0,0,0,0,0,0,0,-1,0,0,-1,-1,-1,0,-1,-1,-1,-1,-1,-1,-1,-1,0,0,[0|0|0|0]
45024,[Key Item] Torn Braided Cord,0,0,[0|0|0],-1,-1,0,0,-1,0,-1,50,-1,-1,0,0,0,20832,0,-1,-1,-1,1,0,50,11,0,0,-1,0,0,0,0,[0|0],0,0,0,0,0,0,0,0,0,0,0,0,0,0,0,0,0,0,0,1,0,0,0,0,0,-1,-1,134,-1,-1,-1,-1,-1,1,0,0,0,0,0,0,0,0,0,1,0,0,0,0,1,0,0,150,1,0,0,0,0,0,-1,0,-1,-1,-1,0,0,0,0,0,0,0,0,0,0,0,0,0,0,0,0,0,0,-1,0,0,-1,-1,-1,0,-1,-1,-1,-1,-1,-1,-1,-1,0,0,[0|0|0|0]
45026,[Key Item] Black Claw Necklace,0,0,[0|0|0],-1,-1,0,0,-1,0,-1,53,-1,-1,0,0,0,20834,0,-1,-1,-1,1,0,50,11,0,0,-1,0,0,0,0,[0|0],0,0,0,0,0,0,0,0,0,0,0,0,0,0,0,0,0,0,0,1,0,0,0,0,0,-1,-1,136,-1,-1,-1,-1,-1,1,0,0,0,0,0,0,0,0,0,1,0,0,0,0,1,0,0,150,1,0,0,0,0,0,-1,0,-1,-1,-1,0,0,0,0,0,0,0,0,0,0,0,0,0,0,0,0,0,0,-1,0,0,-1,-1,-1,0,-1,-1,-1,-1,-1,-1,-1,-1,0,0,[0|0|0|0]
45027,[Key Item] Double Sided Coin,0,0,[0|0|0],-1,-1,0,0,-1,0,-1,44,-1,-1,0,0,0,20835,0,-1,-1,-1,1,0,50,11,0,0,-1,0,0,0,0,[0|0],0,0,0,0,0,0,0,0,0,0,0,0,0,0,0,0,0,0,0,1,0,0,0,0,0,-1,-1,137,-1,-1,-1,-1,-1,1,0,0,0,0,0,0,0,0,0,1,0,0,0,0,1,0,0,140,1,0,0,0,0,0,-1,0,-1,-1,-1,0,0,0,0,0,0,0,0,0,0,0,0,0,0,0,0,0,0,-1,0,0,-1,-1,-1,0,-1,-1,-1,-1,-1,-1,-1,-1,0,0,[0|0|0|0]
45028,[Key Item] Crown Medal,0,0,[0|0|0],-1,-1,0,0,-1,0,-1,45,-1,-1,0,0,0,20836,0,-1,-1,-1,1,0,50,11,0,0,-1,0,0,0,0,[0|0],0,0,0,0,0,0,0,0,0,0,0,0,0,0,0,0,0,0,0,1,0,0,0,0,0,-1,-1,138,-1,-1,-1,-1,-1,1,0,0,0,0,0,0,0,0,0,1,0,0,0,0,1,0,0,140,1,0,0,0,0,0,-1,0,-1,-1,-1,0,0,0,0,0,0,0,0,0,0,0,0,0,0,0,0,0,0,-1,0,0,-1,-1,-1,0,-1,-1,-1,-1,-1,-1,-1,-1,0,0,[0|0|0|0]
45029,[Key Item] Pita Bread,0,0,[0|0|0],-1,-1,0,0,-1,0,-1,42,-1,-1,0,0,0,20837,0,-1,-1,-1,1,0,50,11,0,0,-1,0,0,0,0,[0|0],0,0,0,0,0,0,0,0,0,0,0,0,0,0,0,0,0,0,0,1,0,0,0,0,0,-1,-1,139,-1,-1,-1,-1,-1,1,0,0,0,0,0,0,0,0,0,1,0,0,0,0,1,0,0,140,1,0,0,0,0,0,-1,0,-1,-1,-1,0,0,0,0,0,0,0,0,0,0,0,0,0,0,0,0,0,0,-1,0,0,-1,-1,-1,0,-1,-1,-1,-1,-1,-1,-1,-1,0,0,[0|0|0|0]
45030,[Key Item] Second Volume,0,0,[0|0|0],-1,-1,0,0,-1,0,-1,22,-1,-1,0,0,0,20838,0,-1,-1,-1,1,0,50,11,0,0,-1,0,0,0,0,[0|0],0,0,0,0,0,0,0,0,0,0,0,0,0,0,0,0,0,0,0,1,0,0,0,0,0,-1,-1,140,-1,-1,-1,-1,-1,1,0,0,0,0,0,0,0,0,0,1,0,0,0,0,1,0,0,110,1,0,0,0,0,0,-1,0,-1,-1,-1,0,0,0,0,0,0,0,0,0,0,0,0,0,0,0,0,0,0,-1,0,0,-1,-1,-1,0,-1,-1,-1,-1,-1,-1,-1,-1,0,0,[0|0|0|0]
45031,[Key Item] Iron Menial's Scrawl,0,0,[0|0|0],-1,-1,0,0,-1,0,-1,51,-1,-1,0,0,0,20840,0,-1,-1,-1,1,0,50,11,0,0,-1,0,0,0,0,[0|0],0,0,0,0,0,0,0,0,0,0,0,0,0,0,0,0,0,0,0,1,0,0,0,0,0,-1,-1,142,-1,-1,-1,-1,-1,1,0,0,0,0,0,0,0,0,0,1,0,0,0,0,1,0,0,150,1,0,0,0,0,0,-1,0,-1,-1,-1,0,0,0,0,0,0,0,0,0,0,0,0,0,0,0,0,0,0,-1,0,0,-1,-1,-1,0,-1,-1,-1,-1,-1,-1,-1,-1,0,0,[0|0|0|0]
45032,[Key Item] Blessed Iron Coin,0,0,[0|0|0],-1,-1,0,0,-1,0,-1,46,-1,-1,0,0,0,20841,0,-1,-1,-1,1,0,50,11,0,0,-1,0,0,0,0,[0|0],0,0,0,0,0,0,0,0,0,0,0,0,0,0,0,0,0,0,0,1,0,0,0,0,0,-1,-1,143,-1,-1,-1,-1,-1,1,0,0,0,0,0,0,0,0,0,1,0,0,0,0,1,0,0,140,1,0,0,0,0,0,-1,0,-1,-1,-1,0,0,0,0,0,0,0,0,0,0,0,0,0,0,0,0,0,0,-1,0,0,-1,-1,-1,0,-1,-1,-1,-1,-1,-1,-1,-1,0,0,[0|0|0|0]
45033,[Key Item] Cracked Witch's Brooch,0,0,[0|0|0],-1,-1,0,0,-1,0,-1,27,-1,-1,0,0,0,20842,0,-1,-1,-1,1,0,50,11,0,0,-1,0,0,0,0,[0|0],0,0,0,0,0,0,0,0,0,0,0,0,0,0,0,0,0,0,0,1,0,0,0,0,0,-1,-1,144,-1,-1,-1,-1,-1,1,0,0,0,0,0,0,0,0,0,1,0,0,0,0,1,0,0,110,1,0,0,0,0,0,-1,0,-1,-1,-1,0,0,0,0,0,0,0,0,0,0,0,0,0,0,0,0,0,0,-1,0,0,-1,-1,-1,0,-1,-1,-1,-1,-1,-1,-1,-1,0,0,[0|0|0|0]
45034,[Key Item] Virtuous Thief's Key,0,0,[0|0|0],-1,-1,0,0,-1,0,-1,12,-1,-1,0,0,0,20843,0,-1,-1,-1,1,0,50,11,0,0,-1,0,0,0,0,[0|0],0,0,0,0,0,0,0,0,0,0,0,0,0,0,0,0,0,0,0,1,0,0,0,0,0,-1,-1,145,-1,-1,-1,-1,-1,1,0,0,0,0,0,0,0,0,0,1,0,0,0,0,1,0,0,100,1,0,0,0,0,0,-1,0,-1,-1,-1,0,0,0,0,0,0,0,0,0,0,0,0,0,0,0,0,0,0,-1,0,0,-1,-1,-1,0,-1,-1,-1,-1,-1,-1,-1,-1,0,0,[0|0|0|0]
45035,[Key Item] Torn-Out Paper Scrap,0,0,[0|0|0],-1,-1,0,0,-1,0,-1,13,-1,-1,0,0,0,20844,0,-1,-1,-1,1,0,50,11,0,0,-1,0,0,0,0,[0|0],0,0,0,0,0,0,0,0,0,0,0,0,0,0,0,0,0,0,0,1,0,0,0,0,0,-1,-1,146,-1,-1,-1,-1,-1,1,0,0,0,0,0,0,0,0,0,1,0,0,0,0,1,0,0,100,1,0,0,0,0,0,-1,0,-1,-1,-1,0,0,0,0,0,0,0,0,0,0,0,0,0,0,0,0,0,0,-1,0,0,-1,-1,-1,0,-1,-1,-1,-1,-1,-1,-1,-1,0,0,[0|0|0|0]
45036,[Key Item] The Wylder's Earring,0,0,[0|0|0],-1,-1,0,0,-1,0,-1,9,-1,-1,0,0,0,19152,0,-1,-1,-1,1,0,50,11,0,0,-1,0,0,0,0,[0|0],0,0,0,0,0,0,0,0,0,0,0,0,0,0,0,0,0,0,0,1,0,0,0,0,0,-1,-1,147,-1,-1,-1,-1,-1,1,0,0,0,0,0,0,0,0,0,1,0,0,0,0,1,0,0,100,1,0,0,0,0,0,-1,0,-1,-1,-1,0,0,0,0,0,0,0,0,0,0,0,0,0,0,0,0,0,0,-1,0,0,-1,-1,-1,0,-1,-1,-1,-1,-1,-1,-1,-1,0,0,[0|0|0|0]
45037,[Key Item] Bone-Like Stone,0,0,[0|0|0],-1,-1,0,0,-1,0,-1,72,-1,-1,0,0,0,19166,0,-1,-1,-1,1,0,50,11,0,0,-1,0,0,0,0,[0|0],0,0,0,0,0,0,0,0,0,0,0,0,0,0,0,0,0,0,0,1,0,0,0,0,0,-1,-1,148,-1,-1,-1,-1,-1,1,0,0,0,0,0,0,0,0,0,1,0,0,0,0,1,0,0,170,1,0,0,0,0,0,-1,0,-1,-1,-1,0,0,0,0,0,0,0,0,0,0,0,0,0,0,0,0,0,0,-1,0,0,-1,-1,-1,0,-1,-1,-1,-1,-1,-1,-1,-1,0,0,[0|0|0|0]
45100,[Key Item] Leather Monocle Case,0,0,[0|0|0],-1,-1,0,0,-1,0,-1,96,-1,-1,0,0,0,20850,0,-1,-1,-1,1,0,50,11,0,0,-1,0,0,0,0,[0|0],0,0,0,0,0,0,0,0,0,0,0,0,0,0,0,0,0,0,0,1,0,0,0,0,0,-1,-1,150,-1,-1,-1,-1,-1,1,0,0,0,0,0,0,0,0,0,1,0,0,0,0,1,0,0,195,1,0,0,0,0,0,-1,0,-1,-1,-1,0,0,0,0,0,0,0,0,0,0,0,0,0,0,0,0,0,0,-1,0,0,-1,-1,-1,0,-1,-1,-1,-1,-1,-1,-1,-1,0,0,[0|0|0|0]
45101,[Key Item] Scholar's Primal Core,0,0,[0|0|0],-1,-1,0,0,-1,0,-1,97,-1,-1,0,0,0,20851,0,-1,-1,-1,1,0,50,11,0,0,-1,0,0,0,0,[0|0],0,0,0,0,0,0,0,0,0,0,0,0,0,0,0,0,0,0,0,1,0,0,0,0,0,-1,-1,151,-1,-1,-1,-1,-1,1,0,0,0,0,0,0,0,0,0,1,0,0,0,0,1,0,0,195,1,0,0,0,0,0,-1,0,-1,-1,-1,0,0,0,0,0,0,0,0,0,0,0,0,0,0,0,0,0,0,-1,0,0,-1,-1,-1,0,-1,-1,-1,-1,-1,-1,-1,-1,0,0,[0|0|0|0]
45102,[Key Item] Night-Hued Glass,0,0,[0|0|0],-1,-1,0,0,-1,0,-1,98,-1,-1,0,0,0,20852,0,-1,-1,-1,1,0,50,11,0,0,-1,0,0,0,0,[0|0],0,0,0,0,0,0,0,0,0,0,0,0,0,0,0,0,0,0,0,1,0,0,0,0,0,-1,-1,152,-1,-1,-1,-1,-1,1,0,0,0,0,0,0,0,0,0,1,0,0,0,0,1,0,0,195,1,0,0,0,0,0,-1,0,-1,-1,-1,0,0,0,0,0,0,0,0,0,0,0,0,0,0,0,0,0,0,-1,0,0,-1,-1,-1,0,-1,-1,-1,-1,-1,-1,-1,-1,0,0,[0|0|0|0]
45103,[Key Item] Vassal's Journal,0,0,[0|0|0],-1,-1,0,0,-1,0,-1,90,-1,-1,0,0,0,20853,0,-1,-1,-1,1,0,50,11,0,0,-1,0,0,0,0,[0|0],0,0,0,0,0,0,0,0,0,0,0,0,0,0,0,0,0,0,0,1,0,0,0,0,0,-1,-1,153,-1,-1,-1,-1,-1,1,0,0,0,0,0,0,0,0,0,1,0,0,0,0,1,0,0,190,1,0,0,0,0,0,-1,0,-1,-1,-1,0,0,0,0,0,0,0,0,0,0,0,0,0,0,0,0,0,0,-1,0,0,-1,-1,-1,0,-1,-1,-1,-1,-1,-1,-1,-1,0,0,[0|0|0|0]
45104,[Key Item] Cleansing Tear,0,0,[0|0|0],-1,-1,0,0,-1,0,-1,91,-1,-1,0,0,0,20854,0,-1,-1,-1,1,0,50,11,0,0,-1,0,0,0,0,[0|0],0,0,0,0,0,0,0,0,0,0,0,0,0,0,0,0,0,0,0,1,0,0,0,0,0,-1,-1,154,-1,-1,-1,-1,-1,1,0,0,0,0,0,0,0,0,0,1,0,0,0,0,1,0,0,190,1,0,0,0,0,0,-1,0,-1,-1,-1,0,0,0,0,0,0,0,0,0,0,0,0,0,0,0,0,0,0,-1,0,0,-1,-1,-1,0,-1,-1,-1,-1,-1,-1,-1,-1,0,0,[0|0|0|0]
45105,[Key Item] Returned Leather Case,0,0,[0|0|0],-1,-1,0,0,-1,0,-1,92,-1,-1,0,0,0,20855,0,-1,-1,-1,1,0,50,11,0,0,-1,0,0,0,0,[0|0],0,0,0,0,0,0,0,0,0,0,0,0,0,0,0,0,0,0,0,1,0,0,0,0,0,-1,-1,155,-1,-1,-1,-1,-1,1,0,0,0,0,0,0,0,0,0,1,0,0,0,0,1,0,0,190,1,0,0,0,0,0,-1,0,-1,-1,-1,0,0,0,0,0,0,0,0,0,0,0,0,0,0,0,0,0,0,-1,0,0,-1,-1,-1,0,-1,-1,-1,-1,-1,-1,-1,-1,0,0,[0|0|0|0]
45106,[Key Item] Headband of the Golden Ones,0,0,[0|0|0],-1,-1,0,0,-1,0,-1,93,-1,-1,0,0,0,20856,0,-1,-1,-1,1,0,50,11,0,0,-1,0,0,0,0,[0|0],0,0,0,0,0,0,0,0,0,0,0,0,0,0,0,0,0,0,0,1,0,0,0,0,0,-1,-1,156,-1,-1,-1,-1,-1,1,0,0,0,0,0,0,0,0,0,1,0,0,0,0,1,0,0,190,1,0,0,0,0,0,-1,0,-1,-1,-1,0,0,0,0,0,0,0,0,0,0,0,0,0,0,0,0,0,0,-1,0,0,-1,-1,-1,0,-1,-1,-1,-1,-1,-1,-1,-1,0,0,[0|0|0|0]
45107,[Key Item] Bundled Paper,0,0,[0|0|0],-1,-1,0,0,-1,0,-1,99,-1,-1,0,0,0,20857,0,-1,-1,-1,1,0,50,11,0,0,-1,0,0,0,0,[0|0],0,0,0,0,0,0,0,0,0,0,0,0,0,0,0,0,0,0,0,1,0,0,0,0,0,-1,-1,157,-1,-1,-1,-1,-1,1,0,0,0,0,0,0,0,0,0,1,0,0,0,0,1,0,0,195,1,0,0,0,0,0,-1,0,-1,-1,-1,0,0,0,0,0,0,0,0,0,0,0,0,0,0,0,0,0,0,-1,0,0,-1,-1,-1,0,-1,-1,-1,-1,-1,-1,-1,-1,0,0,[0|0|0|0]
45108,[Key Item] Dismembered Finger,0,0,[0|0|0],-1,-1,0,0,-1,0,-1,100,-1,-1,0,0,0,250,0,-1,-1,-1,1,0,50,11,0,0,-1,0,0,0,0,[0|0],0,0,0,0,0,0,0,0,0,0,0,0,0,0,0,0,0,0,0,1,0,0,0,0,0,-1,-1,160,-1,-1,-1,-1,-1,1,0,0,0,0,0,0,0,0,0,1,0,0,0,0,1,0,0,195,1,0,0,0,0,0,-1,0,-1,-1,-1,0,0,0,0,0,0,0,0,0,0,0,0,0,0,0,0,0,0,-1,0,0,-1,-1,-1,0,-1,-1,-1,-1,-1,-1,-1,-1,0,0,[0|0|0|0]
50200,[NPC] Flask of Crimson Tears (30% - Empty),1,0,[0|0|0],-1,1,0,0,-1,0,50201,999999,-1,-1,0,0,0,15,0,-1,-1,-1,1,0,50,0,0,0,-1,254,0,0,0,[0|0],1,1,1,1,1,0,1,0,1,0,0,0,0,0,0,1,0,0,0,0,1,0,0,0,0,-1,-1,-1,-1,-1,301001,-1,-1,1,0,1,1,0,0,0,0,1,0,1,0,0,0,0,1,0,0,255,1,0,-1,1,0,0,20080000,0,-1,-1,-1,0,0,0,0,0,0,0,0,0,0,0,0,0,0,0,0,0,0,-1,0,0,-1,-1,-1,0,-1,-1,-1,-1,-1,-1,-1,-1,0,0,[0|0|0|0]
50201,[NPC] Flask of Crimson Tears (30%),1,0,[0|0|0],19391,1,0,0,-1,0,50200,999999,-1,-1,0,0,0,16,0,-1,-1,-1,20,0,50,0,2,0,-1,10,0,0,0,[0|0],1,1,1,1,1,0,1,1,1,0,0,0,0,0,0,0,1,0,0,0,1,0,0,0,1,-1,-1,-1,-1,-1,301000,-1,301002,1,0,1,1,0,0,0,0,1,0,1,0,0,0,0,1,0,0,255,1,0,-1,0,0,0,20070000,0,-1,-1,-1,0,0,0,0,0,0,0,0,0,0,0,0,0,0,0,0,0,0,-1,0,0,-1,-1,-1,0,-1,-1,-1,-1,-1,-1,-1,-1,0,0,[0|0|0|0]
50202,[NPC] Flask of Crimson Tears (50% - Empty),1,0,[0|0|0],-1,1,0,0,-1,0,50203,999999,-1,-1,0,0,0,15,0,-1,-1,-1,1,0,50,0,0,0,-1,254,0,0,0,[0|0],1,1,1,1,1,0,1,0,1,0,0,0,0,0,0,1,0,0,0,0,1,0,0,0,0,-1,-1,-1,-1,-1,301001,-1,-1,1,0,1,1,0,0,0,0,1,0,1,0,0,0,0,1,0,0,255,1,0,-1,0,0,0,20080000,0,-1,-1,-1,0,0,0,0,0,0,0,0,0,0,0,0,0,0,0,0,0,0,-1,0,0,-1,-1,-1,0,-1,-1,-1,-1,-1,-1,-1,-1,0,0,[0|0|0|0]
50203,[NPC] Flask of Crimson Tears (50%),1,0,[0|0|0],19392,1,0,0,-1,0,50202,999999,-1,-1,0,0,0,16,0,-1,-1,-1,20,0,50,0,2,0,-1,10,0,0,0,[0|0],1,1,1,1,1,0,1,1,1,0,0,0,0,0,0,0,1,0,0,0,1,0,0,0,1,-1,-1,-1,-1,-1,301000,-1,301002,1,0,1,1,0,0,0,0,1,0,1,0,0,0,0,1,0,0,255,1,0,-1,0,0,0,20070000,0,-1,-1,-1,0,0,0,0,0,0,0,0,0,0,0,0,0,0,0,0,0,0,-1,0,0,-1,-1,-1,0,-1,-1,-1,-1,-1,-1,-1,-1,0,0,[0|0|0|0]
6000500,[Great Hollow (L)] False vision of a Great Rune,0,0,[0|0|0],-1,-1,0,0,-1,0,-1,40760,-1,-1,0,0,0,20690,0,-1,-1,-1,1,0,50,11,0,0,-1,0,0,0,0,[0|0],0,0,0,0,0,0,0,0,0,0,0,0,0,0,0,0,0,0,0,0,0,0,0,0,0,-1,-1,500,-1,-1,-1,-1,-1,1,0,0,0,0,0,0,0,0,0,1,0,0,0,0,1,0,0,20,1,0,0,3,0,0,-1,0,-1,-1,-1,0,0,0,0,0,0,0,0,0,0,0,0,0,0,0,0,0,0,-1,0,0,-1,-1,-1,0,-1,-1,-1,-1,-1,-1,-1,-1,0,0,[0|0|0|0]
8000000,[Permanent Buff (U)] Increased Maximum HP (+10%),1,0,[0|0|0],-1,-1,0,0,-1,0,-1,40760,-1,-1,0,0,0,20291,0,-1,-1,-1,1,0,50,11,0,0,-1,0,0,0,0,[0|0],0,0,0,0,0,0,0,0,0,0,0,0,0,0,0,0,0,0,0,0,0,0,0,0,0,-1,-1,8000000,-1,-1,-1,-1,-1,1,0,0,0,0,0,0,0,0,0,1,0,0,0,0,1,0,0,20,1,0,0,1,0,0,-1,0,-1,-1,-1,0,0,0,0,0,0,0,0,0,0,0,0,0,0,0,0,0,0,-1,0,0,-1,-1,-1,0,-1,-1,-1,-1,-1,-1,-1,-1,0,0,[0|0|0|0]
8000001,[Permanent Buff (R)] Increased Maximum HP (+15%),0,0,[0|0|0],-1,-1,0,0,-1,0,-1,40760,-1,-1,0,0,0,20291,0,-1,-1,-1,1,0,50,11,0,0,-1,0,0,0,0,[0|0],0,0,0,0,0,0,0,0,0,0,0,0,0,0,0,0,0,0,0,0,0,0,0,0,0,-1,-1,8000001,-1,-1,-1,-1,-1,1,0,0,0,0,0,0,0,0,0,1,0,0,0,0,1,0,0,20,1,0,0,2,0,0,-1,0,-1,-1,-1,0,0,0,0,0,0,0,0,0,0,0,0,0,0,0,0,0,0,-1,0,0,-1,-1,-1,0,-1,-1,-1,-1,-1,-1,-1,-1,0,0,[0|0|0|0]
8010000,[Permanent Buff (U)] Increased Maximum FP (+10%),1,0,[0|0|0],-1,-1,0,0,-1,0,-1,40760,-1,-1,0,0,0,20292,0,-1,-1,-1,1,0,50,11,0,0,-1,0,0,0,0,[0|0],0,0,0,0,0,0,0,0,0,0,0,0,0,0,0,0,0,0,0,0,0,0,0,0,0,-1,-1,8010000,-1,-1,-1,-1,-1,1,0,0,0,0,0,0,0,0,0,1,0,0,0,0,1,0,0,20,1,0,0,1,0,0,-1,0,-1,-1,-1,0,0,0,0,0,0,0,0,0,0,0,0,0,0,0,0,0,0,-1,0,0,-1,-1,-1,0,-1,-1,-1,-1,-1,-1,-1,-1,0,0,[0|0|0|0]
8010001,[Permanent Buff (R)] Increased Maximum FP (+15%),0,0,[0|0|0],-1,-1,0,0,-1,0,-1,40760,-1,-1,0,0,0,20292,0,-1,-1,-1,1,0,50,11,0,0,-1,0,0,0,0,[0|0],0,0,0,0,0,0,0,0,0,0,0,0,0,0,0,0,0,0,0,0,0,0,0,0,0,-1,-1,8010001,-1,-1,-1,-1,-1,1,0,0,0,0,0,0,0,0,0,1,0,0,0,0,1,0,0,20,1,0,0,2,0,0,-1,0,-1,-1,-1,0,0,0,0,0,0,0,0,0,0,0,0,0,0,0,0,0,0,-1,0,0,-1,-1,-1,0,-1,-1,-1,-1,-1,-1,-1,-1,0,0,[0|0|0|0]
8010100,[Permanent Buff (U)] Reduced FP Consumption (+10%),1,0,[0|0|0],-1,-1,0,0,-1,0,-1,40760,-1,-1,0,0,0,20292,0,-1,-1,-1,1,0,50,11,0,0,-1,0,0,0,0,[0|0],0,0,0,0,0,0,0,0,0,0,0,0,0,0,0,0,0,0,0,0,0,0,0,0,0,-1,-1,8010100,-1,-1,-1,-1,-1,1,0,0,0,0,0,0,0,0,0,1,0,0,0,0,1,0,0,20,1,0,0,1,0,0,-1,0,-1,-1,-1,0,0,0,0,0,0,0,0,0,0,0,0,0,0,0,0,0,0,-1,0,0,-1,-1,-1,0,-1,-1,-1,-1,-1,-1,-1,-1,0,0,[0|0|0|0]
8010101,[Permanent Buff (R)] Reduced FP Consumption (+15%),0,0,[0|0|0],-1,-1,0,0,-1,0,-1,40760,-1,-1,0,0,0,20292,0,-1,-1,-1,1,0,50,11,0,0,-1,0,0,0,0,[0|0],0,0,0,0,0,0,0,0,0,0,0,0,0,0,0,0,0,0,0,0,0,0,0,0,0,-1,-1,8010101,-1,-1,-1,-1,-1,1,0,0,0,0,0,0,0,0,0,1,0,0,0,0,1,0,0,20,1,0,0,2,0,0,-1,0,-1,-1,-1,0,0,0,0,0,0,0,0,0,0,0,0,0,0,0,0,0,0,-1,0,0,-1,-1,-1,0,-1,-1,-1,-1,-1,-1,-1,-1,0,0,[0|0|0|0]
8020000,[Permanent Buff (U)] Increased Max Stamina (+10%),1,0,[0|0|0],-1,-1,0,0,-1,0,-1,40760,-1,-1,0,0,0,20293,0,-1,-1,-1,1,0,50,11,0,0,-1,0,0,0,0,[0|0],0,0,0,0,0,0,0,0,0,0,0,0,0,0,0,0,0,0,0,0,0,0,0,0,0,-1,-1,8020000,-1,-1,-1,-1,-1,1,0,0,0,0,0,0,0,0,0,1,0,0,0,0,1,0,0,20,1,0,0,1,0,0,-1,0,-1,-1,-1,0,0,0,0,0,0,0,0,0,0,0,0,0,0,0,0,0,0,-1,0,0,-1,-1,-1,0,-1,-1,-1,-1,-1,-1,-1,-1,0,0,[0|0|0|0]
8020001,[Permanent Buff (R)] Increased Max Stamina (+15%),0,0,[0|0|0],-1,-1,0,0,-1,0,-1,40760,-1,-1,0,0,0,20293,0,-1,-1,-1,1,0,50,11,0,0,-1,0,0,0,0,[0|0],0,0,0,0,0,0,0,0,0,0,0,0,0,0,0,0,0,0,0,0,0,0,0,0,0,-1,-1,8020001,-1,-1,-1,-1,-1,1,0,0,0,0,0,0,0,0,0,1,0,0,0,0,1,0,0,20,1,0,0,2,0,0,-1,0,-1,-1,-1,0,0,0,0,0,0,0,0,0,0,0,0,0,0,0,0,0,0,-1,0,0,-1,-1,-1,0,-1,-1,-1,-1,-1,-1,-1,-1,0,0,[0|0|0|0]
8020200,[Permanent Buff (U)] Improved Stamina Recovery (+4),1,0,[0|0|0],-1,-1,0,0,-1,0,-1,40760,-1,-1,0,0,0,20293,0,-1,-1,-1,1,0,50,11,0,0,-1,0,0,0,0,[0|0],0,0,0,0,0,0,0,0,0,0,0,0,0,0,0,0,0,0,0,0,0,0,0,0,0,-1,-1,8020200,-1,-1,-1,-1,-1,1,0,0,0,0,0,0,0,0,0,1,0,0,0,0,1,0,0,20,1,0,0,1,0,0,-1,0,-1,-1,-1,0,0,0,0,0,0,0,0,0,0,0,0,0,0,0,0,0,0,-1,0,0,-1,-1,-1,0,-1,-1,-1,-1,-1,-1,-1,-1,0,0,[0|0|0|0]
8020201,[Permanent Buff (R)] Improved Stamina Recovery (+6),0,0,[0|0|0],-1,-1,0,0,-1,0,-1,40760,-1,-1,0,0,0,20293,0,-1,-1,-1,1,0,50,11,0,0,-1,0,0,0,0,[0|0],0,0,0,0,0,0,0,0,0,0,0,0,0,0,0,0,0,0,0,0,0,0,0,0,0,-1,-1,8020201,-1,-1,-1,-1,-1,1,0,0,0,0,0,0,0,0,0,1,0,0,0,0,1,0,0,20,1,0,0,2,0,0,-1,0,-1,-1,-1,0,0,0,0,0,0,0,0,0,0,0,0,0,0,0,0,0,0,-1,0,0,-1,-1,-1,0,-1,-1,-1,-1,-1,-1,-1,-1,0,0,[0|0|0|0]
8100000,[Permanent Buff (U)] Improved Physical Attack Power (+6%),1,0,[0|0|0],-1,-1,0,0,-1,0,-1,40760,-1,-1,0,0,0,20206,0,-1,-1,-1,1,0,50,11,0,0,-1,0,0,0,0,[0|0],0,0,0,0,0,0,0,0,0,0,0,0,0,0,0,0,0,0,0,0,0,0,0,0,0,-1,-1,8100000,-1,-1,-1,-1,-1,1,0,0,0,0,0,0,0,0,0,1,0,0,0,0,1,0,0,20,1,0,0,1,0,0,-1,0,-1,-1,-1,0,0,0,0,0,0,0,0,0,0,0,0,0,0,0,0,0,0,-1,0,0,-1,-1,-1,0,-1,-1,-1,-1,-1,-1,-1,-1,0,0,[0|0|0|0]
8100001,[Permanent Buff (R)] Improved Physical Attack Power (+9%),0,0,[0|0|0],-1,-1,0,0,-1,0,-1,40760,-1,-1,0,0,0,20206,0,-1,-1,-1,1,0,50,11,0,0,-1,0,0,0,0,[0|0],0,0,0,0,0,0,0,0,0,0,0,0,0,0,0,0,0,0,0,0,0,0,0,0,0,-1,-1,8100001,-1,-1,-1,-1,-1,1,0,0,0,0,0,0,0,0,0,1,0,0,0,0,1,0,0,20,1,0,0,2,0,0,-1,0,-1,-1,-1,0,0,0,0,0,0,0,0,0,0,0,0,0,0,0,0,0,0,-1,0,0,-1,-1,-1,0,-1,-1,-1,-1,-1,-1,-1,-1,0,0,[0|0|0|0]
8100500,[Permanent Buff (U)] Improved Affinity Attack Power (+5%),0,0,[0|0|0],-1,-1,0,0,-1,0,-1,40760,-1,-1,0,0,0,20206,0,-1,-1,-1,1,0,50,11,0,0,-1,0,0,0,0,[0|0],0,0,0,0,0,0,0,0,0,0,0,0,0,0,0,0,0,0,0,0,0,0,0,0,0,-1,-1,8100500,-1,-1,-1,-1,-1,1,0,0,0,0,0,0,0,0,0,1,0,0,0,0,1,0,0,20,1,0,0,1,0,0,-1,0,-1,-1,-1,0,0,0,0,0,0,0,0,0,0,0,0,0,0,0,0,0,0,-1,0,0,-1,-1,-1,0,-1,-1,-1,-1,-1,-1,-1,-1,0,0,[0|0|0|0]
8100501,[Permanent Buff (R)] Improved Affinity Attack Power (+8%),0,0,[0|0|0],-1,-1,0,0,-1,0,-1,40760,-1,-1,0,0,0,20206,0,-1,-1,-1,1,0,50,11,0,0,-1,0,0,0,0,[0|0],0,0,0,0,0,0,0,0,0,0,0,0,0,0,0,0,0,0,0,0,0,0,0,0,0,-1,-1,8100501,-1,-1,-1,-1,-1,1,0,0,0,0,0,0,0,0,0,1,0,0,0,0,1,0,0,20,1,0,0,2,0,0,-1,0,-1,-1,-1,0,0,0,0,0,0,0,0,0,0,0,0,0,0,0,0,0,0,-1,0,0,-1,-1,-1,0,-1,-1,-1,-1,-1,-1,-1,-1,0,0,[0|0|0|0]
8120000,[Permanent Buff (U)] Improved Stance-Breaking (+10%),1,0,[0|0|0],-1,-1,0,0,-1,0,-1,40760,-1,-1,0,0,0,20206,0,-1,-1,-1,1,0,50,11,0,0,-1,0,0,0,0,[0|0],0,0,0,0,0,0,0,0,0,0,0,0,0,0,0,0,0,0,0,0,0,0,0,0,0,-1,-1,8120000,-1,-1,-1,-1,-1,1,0,0,0,0,0,0,0,0,0,1,0,0,0,0,1,0,0,20,1,0,0,1,0,0,-1,0,-1,-1,-1,0,0,0,0,0,0,0,0,0,0,0,0,0,0,0,0,0,0,-1,0,0,-1,-1,-1,0,-1,-1,-1,-1,-1,-1,-1,-1,0,0,[0|0|0|0]
8120001,[Permanent Buff (R)] Improved Stance-Breaking (+15%),0,0,[0|0|0],-1,-1,0,0,-1,0,-1,40760,-1,-1,0,0,0,20206,0,-1,-1,-1,1,0,50,11,0,0,-1,0,0,0,0,[0|0],0,0,0,0,0,0,0,0,0,0,0,0,0,0,0,0,0,0,0,0,0,0,0,0,0,-1,-1,8120001,-1,-1,-1,-1,-1,1,0,0,0,0,0,0,0,0,0,1,0,0,0,0,1,0,0,20,1,0,0,2,0,0,-1,0,-1,-1,-1,0,0,0,0,0,0,0,0,0,0,0,0,0,0,0,0,0,0,-1,0,0,-1,-1,-1,0,-1,-1,-1,-1,-1,-1,-1,-1,0,0,[0|0|0|0]
8200000,[Permanent Buff (U)] Improved Physical Damage Negation (+12%),1,0,[0|0|0],-1,-1,0,0,-1,0,-1,40760,-1,-1,0,0,0,20208,0,-1,-1,-1,1,0,50,11,0,0,-1,0,0,0,0,[0|0],0,0,0,0,0,0,0,0,0,0,0,0,0,0,0,0,0,0,0,0,0,0,0,0,0,-1,-1,8200000,-1,-1,-1,-1,-1,1,0,0,0,0,0,0,0,0,0,1,0,0,0,0,1,0,0,20,1,0,0,1,0,0,-1,0,-1,-1,-1,0,0,0,0,0,0,0,0,0,0,0,0,0,0,0,0,0,0,-1,0,0,-1,-1,-1,0,-1,-1,-1,-1,-1,-1,-1,-1,0,0,[0|0|0|0]
8200001,[Permanent Buff (R)] Improved Physical Damage Negation (+18%),0,0,[0|0|0],-1,-1,0,0,-1,0,-1,40760,-1,-1,0,0,0,20208,0,-1,-1,-1,1,0,50,11,0,0,-1,0,0,0,0,[0|0],0,0,0,0,0,0,0,0,0,0,0,0,0,0,0,0,0,0,0,0,0,0,0,0,0,-1,-1,8200001,-1,-1,-1,-1,-1,1,0,0,0,0,0,0,0,0,0,1,0,0,0,0,1,0,0,20,1,0,0,2,0,0,-1,0,-1,-1,-1,0,0,0,0,0,0,0,0,0,0,0,0,0,0,0,0,0,0,-1,0,0,-1,-1,-1,0,-1,-1,-1,-1,-1,-1,-1,-1,0,0,[0|0|0|0]
8200500,[Permanent Buff (U)] Improved Affinity Damage Negation (+12%),1,0,[0|0|0],-1,-1,0,0,-1,0,-1,40760,-1,-1,0,0,0,20208,0,-1,-1,-1,1,0,50,11,0,0,-1,0,0,0,0,[0|0],0,0,0,0,0,0,0,0,0,0,0,0,0,0,0,0,0,0,0,0,0,0,0,0,0,-1,-1,8200500,-1,-1,-1,-1,-1,1,0,0,0,0,0,0,0,0,0,1,0,0,0,0,1,0,0,20,1,0,0,1,0,0,-1,0,-1,-1,-1,0,0,0,0,0,0,0,0,0,0,0,0,0,0,0,0,0,0,-1,0,0,-1,-1,-1,0,-1,-1,-1,-1,-1,-1,-1,-1,0,0,[0|0|0|0]
8200501,[Permanent Buff (R)] Improved Affinity Damage Negation (+18%),0,0,[0|0|0],-1,-1,0,0,-1,0,-1,40760,-1,-1,0,0,0,20208,0,-1,-1,-1,1,0,50,11,0,0,-1,0,0,0,0,[0|0],0,0,0,0,0,0,0,0,0,0,0,0,0,0,0,0,0,0,0,0,0,0,0,0,0,-1,-1,8200501,-1,-1,-1,-1,-1,1,0,0,0,0,0,0,0,0,0,1,0,0,0,0,1,0,0,20,1,0,0,2,0,0,-1,0,-1,-1,-1,0,0,0,0,0,0,0,0,0,0,0,0,0,0,0,0,0,0,-1,0,0,-1,-1,-1,0,-1,-1,-1,-1,-1,-1,-1,-1,0,0,[0|0|0|0]
8210700,[Permanent Buff (U)] All Resistances Up (+57),0,0,[0|0|0],-1,-1,0,0,-1,0,-1,40760,-1,-1,0,0,0,20208,0,-1,-1,-1,1,0,50,11,0,0,-1,0,0,0,0,[0|0],0,0,0,0,0,0,0,0,0,0,0,0,0,0,0,0,0,0,0,0,0,0,0,0,0,-1,-1,8210700,-1,-1,-1,-1,-1,1,0,0,0,0,0,0,0,0,0,1,0,0,0,0,1,0,0,20,1,0,0,1,0,0,-1,0,-1,-1,-1,0,0,0,0,0,0,0,0,0,0,0,0,0,0,0,0,0,0,-1,0,0,-1,-1,-1,0,-1,-1,-1,-1,-1,-1,-1,-1,0,0,[0|0|0|0]
8210701,[Permanent Buff (R)] All Resistances Up (+75),0,0,[0|0|0],-1,-1,0,0,-1,0,-1,40760,-1,-1,0,0,0,20208,0,-1,-1,-1,1,0,50,11,0,0,-1,0,0,0,0,[0|0],0,0,0,0,0,0,0,0,0,0,0,0,0,0,0,0,0,0,0,0,0,0,0,0,0,-1,-1,8210701,-1,-1,-1,-1,-1,1,0,0,0,0,0,0,0,0,0,1,0,0,0,0,1,0,0,20,1,0,0,2,0,0,-1,0,-1,-1,-1,0,0,0,0,0,0,0,0,0,0,0,0,0,0,0,0,0,0,-1,0,0,-1,-1,-1,0,-1,-1,-1,-1,-1,-1,-1,-1,0,0,[0|0|0|0]
8230000,[Permanent Buff (U)] Improved Poise (+25%),1,0,[0|0|0],-1,-1,0,0,-1,0,-1,40760,-1,-1,0,0,0,20208,0,-1,-1,-1,1,0,50,11,0,0,-1,0,0,0,0,[0|0],0,0,0,0,0,0,0,0,0,0,0,0,0,0,0,0,0,0,0,0,0,0,0,0,0,-1,-1,8230000,-1,-1,-1,-1,-1,1,0,0,0,0,0,0,0,0,0,1,0,0,0,0,1,0,0,20,1,0,0,1,0,0,-1,0,-1,-1,-1,0,0,0,0,0,0,0,0,0,0,0,0,0,0,0,0,0,0,-1,0,0,-1,-1,-1,0,-1,-1,-1,-1,-1,-1,-1,-1,0,0,[0|0|0|0]
8230001,[Permanent Buff (R)] Improved Poise (+38%),0,0,[0|0|0],-1,-1,0,0,-1,0,-1,40760,-1,-1,0,0,0,20208,0,-1,-1,-1,1,0,50,11,0,0,-1,0,0,0,0,[0|0],0,0,0,0,0,0,0,0,0,0,0,0,0,0,0,0,0,0,0,0,0,0,0,0,0,-1,-1,8230001,-1,-1,-1,-1,-1,1,0,0,0,0,0,0,0,0,0,1,0,0,0,0,1,0,0,20,1,0,0,2,0,0,-1,0,-1,-1,-1,0,0,0,0,0,0,0,0,0,0,0,0,0,0,0,0,0,0,-1,0,0,-1,-1,-1,0,-1,-1,-1,-1,-1,-1,-1,-1,0,0,[0|0|0|0]
8330103,[Permanent Buff (U)] Improved Sorceries and Incantations (+7%),0,0,[0|0|0],-1,-1,0,0,-1,0,-1,40760,-1,-1,0,0,0,20207,0,-1,-1,-1,1,0,50,11,0,0,-1,0,0,0,0,[0|0],0,0,0,0,0,0,0,0,0,0,0,0,0,0,0,0,0,0,0,0,0,0,0,0,0,-1,-1,8330103,-1,-1,-1,-1,-1,1,0,0,0,0,0,0,0,0,0,1,0,0,0,0,1,0,0,20,1,0,0,1,0,0,-1,0,-1,-1,-1,0,0,0,0,0,0,0,0,0,0,0,0,0,0,0,0,0,0,-1,0,0,-1,-1,-1,0,-1,-1,-1,-1,-1,-1,-1,-1,0,0,[0|0|0|0]
8330104,[Permanent Buff (R)] Improved Sorceries and Incantations (+11%),0,0,[0|0|0],-1,-1,0,0,-1,0,-1,40760,-1,-1,0,0,0,20207,0,-1,-1,-1,1,0,50,11,0,0,-1,0,0,0,0,[0|0],0,0,0,0,0,0,0,0,0,0,0,0,0,0,0,0,0,0,0,0,0,0,0,0,0,-1,-1,8330104,-1,-1,-1,-1,-1,1,0,0,0,0,0,0,0,0,0,1,0,0,0,0,1,0,0,20,1,0,0,2,0,0,-1,0,-1,-1,-1,0,0,0,0,0,0,0,0,0,0,0,0,0,0,0,0,0,0,-1,0,0,-1,-1,-1,0,-1,-1,-1,-1,-1,-1,-1,-1,0,0,[0|0|0|0]
8330500,[Permanent Buff (R)] Extended Sorcery and Incantation Duration (+30%),1,0,[0|0|0],-1,-1,0,0,-1,0,-1,40760,-1,-1,0,0,0,20207,0,-1,-1,-1,1,0,50,11,0,0,-1,0,0,0,0,[0|0],0,0,0,0,0,0,0,0,0,0,0,0,0,0,0,0,0,0,0,0,0,0,0,0,0,-1,-1,8330500,-1,-1,-1,-1,-1,1,0,0,0,0,0,0,0,0,0,1,0,0,0,0,1,0,0,20,1,0,0,2,0,0,-1,0,-1,-1,-1,0,0,0,0,0,0,0,0,0,0,0,0,0,0,0,0,0,0,-1,0,0,-1,-1,-1,0,-1,-1,-1,-1,-1,-1,-1,-1,0,0,[0|0|0|0]
8330700,[Permanent Buff (R)] Dragonwound upon Dragon Communion,1,0,[0|0|0],-1,-1,0,0,-1,0,-1,40760,-1,-1,0,0,0,20207,0,-1,-1,-1,1,0,50,11,0,0,-1,0,0,0,0,[0|0],0,0,0,0,0,0,0,0,0,0,0,0,0,0,0,0,0,0,0,0,0,0,0,0,0,-1,-1,8330700,-1,-1,-1,-1,-1,1,0,0,0,0,0,0,0,0,0,1,0,0,0,0,1,0,0,20,1,0,0,2,0,0,-1,0,-1,-1,-1,0,0,0,0,0,0,0,0,0,0,0,0,0,0,0,0,0,0,-1,0,0,-1,-1,-1,0,-1,-1,-1,-1,-1,-1,-1,-1,0,0,[0|0|0|0]
8350400,[Permanent Buff (R)] Successful Parries Activate Golden Retaliation,1,0,[0|0|0],-1,-1,0,0,-1,0,-1,40760,-1,-1,0,0,0,20295,0,-1,-1,-1,1,0,50,11,0,0,-1,0,0,0,0,[0|0],0,0,0,0,0,0,0,0,0,0,0,0,0,0,0,0,0,0,0,0,0,0,0,0,0,-1,-1,8350400,-1,-1,-1,-1,-1,1,0,0,0,0,0,0,0,0,0,1,0,0,0,0,1,0,0,20,1,0,0,2,0,0,-1,0,-1,-1,-1,0,0,0,0,0,0,0,0,0,0,0,0,0,0,0,0,0,0,-1,0,0,-1,-1,-1,0,-1,-1,-1,-1,-1,-1,-1,-1,0,0,[0|0|0|0]
8360000,[Permanent Buff (R)] Improved Ultimate Art Gauge Charge Speed (+6%),0,0,[0|0|0],-1,-1,0,0,-1,0,-1,40760,-1,-1,0,0,0,20206,0,-1,-1,-1,1,0,50,11,0,0,-1,0,0,0,0,[0|0],0,0,0,0,0,0,0,0,0,0,0,0,0,0,0,0,0,0,0,0,0,0,0,0,0,-1,-1,8360000,-1,-1,-1,-1,-1,1,0,0,0,0,0,0,0,0,0,1,0,0,0,0,1,0,0,20,1,0,0,2,0,0,-1,0,-1,-1,-1,0,0,0,0,0,0,0,0,0,0,0,0,0,0,0,0,0,0,-1,0,0,-1,-1,-1,0,-1,-1,-1,-1,-1,-1,-1,-1,0,0,[0|0|0|0]
8370000,[Permanent Buff (R)] Character Skill Cooldown Reduction (+10%),0,0,[0|0|0],-1,-1,0,0,-1,0,-1,40760,-1,-1,0,0,0,20206,0,-1,-1,-1,1,0,50,11,0,0,-1,0,0,0,0,[0|0],0,0,0,0,0,0,0,0,0,0,0,0,0,0,0,0,0,0,0,0,0,0,0,0,0,-1,-1,8370000,-1,-1,-1,-1,-1,1,0,0,0,0,0,0,0,0,0,1,0,0,0,0,1,0,0,20,1,0,0,2,0,0,-1,0,-1,-1,-1,0,0,0,0,0,0,0,0,0,0,0,0,0,0,0,0,0,0,-1,0,0,-1,-1,-1,0,-1,-1,-1,-1,-1,-1,-1,-1,0,0,[0|0|0|0]
8410000,[Permanent Buff (R)] Improved Dodging,1,0,[0|0|0],-1,-1,0,0,-1,0,-1,40760,-1,-1,0,0,0,20222,0,-1,-1,-1,1,0,50,11,0,0,-1,0,0,0,0,[0|0],0,0,0,0,0,0,0,0,0,0,0,0,0,0,0,0,0,0,0,0,0,0,0,0,0,-1,-1,8410000,-1,-1,-1,-1,-1,1,0,0,0,0,0,0,0,0,0,1,0,0,0,0,1,0,0,20,1,0,0,2,0,0,-1,0,-1,-1,-1,0,0,0,0,0,0,0,0,0,0,0,0,0,0,0,0,0,0,-1,0,0,-1,-1,-1,0,-1,-1,-1,-1,-1,-1,-1,-1,0,0,[0|0|0|0]
8410100,[Permanent Buff (R)] Lightning upon Dodging,1,0,[0|0|0],-1,-1,0,0,-1,0,-1,40760,-1,-1,0,0,0,20222,0,-1,-1,-1,1,0,50,11,0,0,-1,0,0,0,0,[0|0],0,0,0,0,0,0,0,0,0,0,0,0,0,0,0,0,0,0,0,0,0,0,0,0,0,-1,-1,8410100,-1,-1,-1,-1,-1,1,0,0,0,0,0,0,0,0,0,1,0,0,0,0,1,0,0,20,1,0,0,2,0,0,-1,0,-1,-1,-1,0,0,0,0,0,0,0,0,0,0,0,0,0,0,0,0,0,0,-1,0,0,-1,-1,-1,0,-1,-1,-1,-1,-1,-1,-1,-1,0,0,[0|0|0|0]
8420100,[Permanent Buff (R)] Guard Counters Activate Holy Attacks,1,0,[0|0|0],-1,-1,0,0,-1,0,-1,40760,-1,-1,0,0,0,20206,0,-1,-1,-1,1,0,50,11,0,0,-1,0,0,0,0,[0|0],0,0,0,0,0,0,0,0,0,0,0,0,0,0,0,0,0,0,0,0,0,0,0,0,0,-1,-1,8420100,-1,-1,-1,-1,-1,1,0,0,0,0,0,0,0,0,0,1,0,0,0,0,1,0,0,20,1,0,0,2,0,0,-1,0,-1,-1,-1,0,0,0,0,0,0,0,0,0,0,0,0,0,0,0,0,0,0,-1,0,0,-1,-1,-1,0,-1,-1,-1,-1,-1,-1,-1,-1,0,0,[0|0|0|0]
8420200,[Permanent Buff (R)] Guard Counters Activate Summoning Attack,1,0,[0|0|0],-1,-1,0,0,-1,0,-1,40760,-1,-1,0,0,0,20206,0,-1,-1,-1,1,0,50,11,0,0,-1,0,0,0,0,[0|0],0,0,0,0,0,0,0,0,0,0,0,0,0,0,0,0,0,0,0,0,0,0,0,0,0,-1,-1,8420200,-1,-1,-1,-1,-1,1,0,0,0,0,0,0,0,0,0,1,0,0,0,0,1,0,0,20,1,0,0,2,0,0,-1,0,-1,-1,-1,0,0,0,0,0,0,0,0,0,0,0,0,0,0,0,0,0,0,-1,0,0,-1,-1,-1,0,-1,-1,-1,-1,-1,-1,-1,-1,0,0,[0|0|0|0]
8430000,[Permanent Buff (R)] Improved Thrusting Counterattack (+20%),1,0,[0|0|0],-1,-1,0,0,-1,0,-1,40760,-1,-1,0,0,0,20206,0,-1,-1,-1,1,0,50,11,0,0,-1,0,0,0,0,[0|0],0,0,0,0,0,0,0,0,0,0,0,0,0,0,0,0,0,0,0,0,0,0,0,0,0,-1,-1,8430000,-1,-1,-1,-1,-1,1,0,0,0,0,0,0,0,0,0,1,0,0,0,0,1,0,0,20,1,0,0,2,0,0,-1,0,-1,-1,-1,0,0,0,0,0,0,0,0,0,0,0,0,0,0,0,0,0,0,-1,0,0,-1,-1,-1,0,-1,-1,-1,-1,-1,-1,-1,-1,0,0,[0|0|0|0]
8440000,[Permanent Buff (U)] Improved Flask HP Restoration (+20%),1,0,[0|0|0],-1,-1,0,0,-1,0,-1,40760,-1,-1,0,0,0,20267,0,-1,-1,-1,1,0,50,11,0,0,-1,0,0,0,0,[0|0],0,0,0,0,0,0,0,0,0,0,0,0,0,0,0,0,0,0,0,0,0,0,0,0,0,-1,-1,8440000,-1,-1,-1,-1,-1,1,0,0,0,0,0,0,0,0,0,1,0,0,0,0,1,0,0,20,1,0,0,1,0,0,-1,0,-1,-1,-1,0,0,0,0,0,0,0,0,0,0,0,0,0,0,0,0,0,0,-1,0,0,-1,-1,-1,0,-1,-1,-1,-1,-1,-1,-1,-1,0,0,[0|0|0|0]
8440001,[Permanent Buff (R)] Improved Flask HP Restoration (+30%),0,0,[0|0|0],-1,-1,0,0,-1,0,-1,40760,-1,-1,0,0,0,20267,0,-1,-1,-1,1,0,50,11,0,0,-1,0,0,0,0,[0|0],0,0,0,0,0,0,0,0,0,0,0,0,0,0,0,0,0,0,0,0,0,0,0,0,0,-1,-1,8440001,-1,-1,-1,-1,-1,1,0,0,0,0,0,0,0,0,0,1,0,0,0,0,1,0,0,20,1,0,0,2,0,0,-1,0,-1,-1,-1,0,0,0,0,0,0,0,0,0,0,0,0,0,0,0,0,0,0,-1,0,0,-1,-1,-1,0,-1,-1,-1,-1,-1,-1,-1,-1,0,0,[0|0|0|0]
8440200,[Permanent Buff (R)] Gradual Restoration by Flask,1,0,[0|0|0],-1,-1,0,0,-1,0,-1,40760,-1,-1,0,0,0,20267,0,-1,-1,-1,1,0,50,11,0,0,-1,0,0,0,0,[0|0],0,0,0,0,0,0,0,0,0,0,0,0,0,0,0,0,0,0,0,0,0,0,0,0,0,-1,-1,8440200,-1,-1,-1,-1,-1,1,0,0,0,0,0,0,0,0,0,1,0,0,0,0,1,0,0,20,1,0,0,2,0,0,-1,0,-1,-1,-1,0,0,0,0,0,0,0,0,0,0,0,0,0,0,0,0,0,0,-1,0,0,-1,-1,-1,0,-1,-1,-1,-1,-1,-1,-1,-1,0,0,[0|0|0|0]
8450100,[Permanent Buff (R)] Ice Storm Surge Sprint,1,0,[0|0|0],-1,-1,0,0,-1,0,-1,40760,-1,-1,0,0,0,20222,0,-1,-1,-1,1,0,50,11,0,0,-1,0,0,0,0,[0|0],0,0,0,0,0,0,0,0,0,0,0,0,0,0,0,0,0,0,0,0,0,0,0,0,0,-1,-1,8450100,-1,-1,-1,-1,-1,1,0,0,0,0,0,0,0,0,0,1,0,0,0,0,1,0,0,20,1,0,0,2,0,0,-1,0,-1,-1,-1,0,0,0,0,0,0,0,0,0,0,0,0,0,0,0,0,0,0,-1,0,0,-1,-1,-1,0,-1,-1,-1,-1,-1,-1,-1,-1,0,0,[0|0|0|0]
8460200,[Permanent Buff (R)] Flame of Frenzy While Walking,1,0,[0|0|0],-1,-1,0,0,-1,0,-1,40760,-1,-1,0,0,0,20222,0,-1,-1,-1,1,0,50,11,0,0,-1,0,0,0,0,[0|0],0,0,0,0,0,0,0,0,0,0,0,0,0,0,0,0,0,0,0,0,0,0,0,0,0,-1,-1,8460200,-1,-1,-1,-1,-1,1,0,0,0,0,0,0,0,0,0,1,0,0,0,0,1,0,0,20,1,0,0,2,0,0,-1,0,-1,-1,-1,0,0,0,0,0,0,0,0,0,0,0,0,0,0,0,0,0,0,-1,0,0,-1,-1,-1,0,-1,-1,-1,-1,-1,-1,-1,-1,0,0,[0|0|0|0]
8460400,[Permanent Buff (R)] Violent Deluge of Star Rain While Walking,1,0,[0|0|0],-1,-1,0,0,-1,0,-1,40760,-1,-1,0,0,0,20222,0,-1,-1,-1,1,0,50,11,0,0,-1,0,0,0,0,[0|0],0,0,0,0,0,0,0,0,0,0,0,0,0,0,0,0,0,0,0,0,0,0,0,0,0,-1,-1,8460400,-1,-1,-1,-1,-1,1,0,0,0,0,0,0,0,0,0,1,0,0,0,0,1,0,0,20,1,0,0,2,0,0,-1,0,-1,-1,-1,0,0,0,0,0,0,0,0,0,0,0,0,0,0,0,0,0,0,-1,0,0,-1,-1,-1,0,-1,-1,-1,-1,-1,-1,-1,-1,0,0,[0|0|0|0]
8500000,[Permanent Buff (U)] More Runes From Defeated Enemies (+10%),1,0,[0|0|0],-1,-1,0,0,-1,0,-1,40760,-1,-1,0,0,0,20267,0,-1,-1,-1,1,0,50,11,0,0,-1,0,0,0,0,[0|0],0,0,0,0,0,0,0,0,0,0,0,0,0,0,0,0,0,0,0,0,0,0,0,0,0,-1,-1,8500000,-1,-1,-1,-1,-1,1,0,0,0,0,0,0,0,0,0,1,0,0,0,0,1,0,0,20,1,0,0,1,0,0,-1,0,-1,-1,-1,0,0,0,0,0,0,0,0,0,0,0,0,0,0,0,0,0,0,-1,0,0,-1,-1,-1,0,-1,-1,-1,-1,-1,-1,-1,-1,0,0,[0|0|0|0]
8500100,[Permanent Buff (U)] Rune of the Strong (10000 Runes),0,0,[0|0|0],-1,-1,0,0,-1,0,-1,40760,-1,-1,0,0,0,20267,0,-1,-1,-1,1,0,50,11,0,0,-1,0,0,0,0,[0|0],0,0,0,0,0,0,0,0,0,0,0,0,0,0,0,0,0,0,0,0,0,0,0,0,0,-1,-1,8500100,-1,-1,-1,-1,-1,1,0,0,0,0,0,0,0,0,0,1,0,0,0,0,1,0,0,20,1,0,0,1,0,0,-1,0,-1,-1,-1,0,0,0,0,0,0,0,0,0,0,0,0,0,0,0,0,0,0,-1,0,0,-1,-1,-1,0,-1,-1,-1,-1,-1,-1,-1,-1,0,0,[0|0|0|0]
8500101,[Permanent Buff (R)] Rune of the Strong (20000 Runes),0,0,[0|0|0],-1,-1,0,0,-1,0,-1,40760,-1,-1,0,0,0,20267,0,-1,-1,-1,1,0,50,11,0,0,-1,0,0,0,0,[0|0],0,0,0,0,0,0,0,0,0,0,0,0,0,0,0,0,0,0,0,0,0,0,0,0,0,-1,-1,8500101,-1,-1,-1,-1,-1,1,0,0,0,0,0,0,0,0,0,1,0,0,0,0,1,0,0,20,1,0,0,2,0,0,-1,0,-1,-1,-1,0,0,0,0,0,0,0,0,0,0,0,0,0,0,0,0,0,0,-1,0,0,-1,-1,-1,0,-1,-1,-1,-1,-1,-1,-1,-1,0,0,[0|0|0|0]
8500102,[Permanent Buff (L)] Rune of the Strong (30000 Runes),0,0,[0|0|0],-1,-1,0,0,-1,0,-1,40760,-1,-1,0,0,0,20267,0,-1,-1,-1,1,0,50,11,0,0,-1,0,0,0,0,[0|0],0,0,0,0,0,0,0,0,0,0,0,0,0,0,0,0,0,0,0,0,0,0,0,0,0,-1,-1,8500102,-1,-1,-1,-1,-1,1,0,0,0,0,0,0,0,0,0,1,0,0,0,0,1,0,0,20,1,0,0,3,0,0,-1,0,-1,-1,-1,0,0,0,0,0,0,0,0,0,0,0,0,0,0,0,0,0,0,-1,0,0,-1,-1,-1,0,-1,-1,-1,-1,-1,-1,-1,-1,0,0,[0|0|0|0]
8530200,[Permanent Buff (R)] Periodical Giant Glintblades,1,0,[0|0|0],-1,-1,0,0,-1,0,-1,40760,-1,-1,0,0,0,20207,0,-1,-1,-1,1,0,50,11,0,0,-1,0,0,0,0,[0|0],0,0,0,0,0,0,0,0,0,0,0,0,0,0,0,0,0,0,0,0,0,0,0,0,0,-1,-1,8530200,-1,-1,-1,-1,-1,1,0,0,0,0,0,0,0,0,0,1,0,0,0,0,1,0,0,20,1,0,0,2,0,0,-1,0,-1,-1,-1,0,0,0,0,0,0,0,0,0,0,0,0,0,0,0,0,0,0,-1,0,0,-1,-1,-1,0,-1,-1,-1,-1,-1,-1,-1,-1,0,0,[0|0|0|0]
8600300,[Permanent Buff (R)] Sudden Enemy Death upon Attacks,1,0,[0|0|0],-1,-1,0,0,-1,0,-1,40760,-1,-1,0,0,0,20206,0,-1,-1,-1,1,0,50,11,0,0,-1,0,0,0,0,[0|0],0,0,0,0,0,0,0,0,0,0,0,0,0,0,0,0,0,0,0,0,0,0,0,0,0,-1,-1,8600300,-1,-1,-1,-1,-1,1,0,0,0,0,0,0,0,0,0,1,0,0,0,0,1,0,0,20,1,0,0,2,0,0,-1,0,-1,-1,-1,0,0,0,0,0,0,0,0,0,0,0,0,0,0,0,0,0,0,-1,0,0,-1,-1,-1,0,-1,-1,-1,-1,-1,-1,-1,-1,0,0,[0|0|0|0]
8610000,[Permanent Buff (R)] HP Restoration upon Successive Attacks (+3%),1,0,[0|0|0],-1,-1,0,0,-1,0,-1,40760,-1,-1,0,0,0,20013,0,-1,-1,-1,1,0,50,11,0,0,-1,0,0,0,0,[0|0],0,0,0,0,0,0,0,0,0,0,0,0,0,0,0,0,0,0,0,0,0,0,0,0,0,-1,-1,8610000,-1,-1,-1,-1,-1,1,0,0,0,0,0,0,0,0,0,1,0,0,0,0,1,0,0,20,1,0,0,2,0,0,-1,0,-1,-1,-1,0,0,0,0,0,0,0,0,0,0,0,0,0,0,0,0,0,0,-1,0,0,-1,-1,-1,0,-1,-1,-1,-1,-1,-1,-1,-1,0,0,[0|0|0|0]
8610100,[Permanent Buff (R)] FP Restoration upon Successive Attacks (+10%),1,0,[0|0|0],-1,-1,0,0,-1,0,-1,40760,-1,-1,0,0,0,20014,0,-1,-1,-1,1,0,50,11,0,0,-1,0,0,0,0,[0|0],0,0,0,0,0,0,0,0,0,0,0,0,0,0,0,0,0,0,0,0,0,0,0,0,0,-1,-1,8610100,-1,-1,-1,-1,-1,1,0,0,0,0,0,0,0,0,0,1,0,0,0,0,1,0,0,20,1,0,0,2,0,0,-1,0,-1,-1,-1,0,0,0,0,0,0,0,0,0,0,0,0,0,0,0,0,0,0,-1,0,0,-1,-1,-1,0,-1,-1,-1,-1,-1,-1,-1,-1,0,0,[0|0|0|0]
8640000,[Permanent Buff (R)] Critical Hit HP Restoration (+10%),1,0,[0|0|0],-1,-1,0,0,-1,0,-1,40760,-1,-1,0,0,0,20013,0,-1,-1,-1,1,0,50,11,0,0,-1,0,0,0,0,[0|0],0,0,0,0,0,0,0,0,0,0,0,0,0,0,0,0,0,0,0,0,0,0,0,0,0,-1,-1,8640000,-1,-1,-1,-1,-1,1,0,0,0,0,0,0,0,0,0,1,0,0,0,0,1,0,0,20,1,0,0,2,0,0,-1,0,-1,-1,-1,0,0,0,0,0,0,0,0,0,0,0,0,0,0,0,0,0,0,-1,0,0,-1,-1,-1,0,-1,-1,-1,-1,-1,-1,-1,-1,0,0,[0|0|0|0]
8640100,[Permanent Buff (R)] Critical Hit FP Restoration (+10%),1,0,[0|0|0],-1,-1,0,0,-1,0,-1,40760,-1,-1,0,0,0,20014,0,-1,-1,-1,1,0,50,11,0,0,-1,0,0,0,0,[0|0],0,0,0,0,0,0,0,0,0,0,0,0,0,0,0,0,0,0,0,0,0,0,0,0,0,-1,-1,8640100,-1,-1,-1,-1,-1,1,0,0,0,0,0,0,0,0,0,1,0,0,0,0,1,0,0,20,1,0,0,2,0,0,-1,0,-1,-1,-1,0,0,0,0,0,0,0,0,0,0,0,0,0,0,0,0,0,0,-1,0,0,-1,-1,-1,0,-1,-1,-1,-1,-1,-1,-1,-1,0,0,[0|0|0|0]
8642000,[Permanent Buff (R)] Increased Enemy Damage after Critical Hit (+15%),0,0,[0|0|0],-1,-1,0,0,-1,0,-1,40760,-1,-1,0,0,0,20069,0,-1,-1,-1,1,0,50,11,0,0,-1,0,0,0,0,[0|0],0,0,0,0,0,0,0,0,0,0,0,0,0,0,0,0,0,0,0,0,0,0,0,0,0,-1,-1,8642000,-1,-1,-1,-1,-1,1,0,0,0,0,0,0,0,0,0,1,0,0,0,0,1,0,0,20,1,0,0,2,0,0,-1,0,-1,-1,-1,0,0,0,0,0,0,0,0,0,0,0,0,0,0,0,0,0,0,-1,0,0,-1,-1,-1,0,-1,-1,-1,-1,-1,-1,-1,-1,0,0,[0|0|0|0]
8650000,[Permanent Buff (R)] HP Recovery From Successful Guarding (+10),0,0,[0|0|0],-1,-1,0,0,-1,0,-1,40760,-1,-1,0,0,0,20013,0,-1,-1,-1,1,0,50,11,0,0,-1,0,0,0,0,[0|0],0,0,0,0,0,0,0,0,0,0,0,0,0,0,0,0,0,0,0,0,0,0,0,0,0,-1,-1,8650000,-1,-1,-1,-1,-1,1,0,0,0,0,0,0,0,0,0,1,0,0,0,0,1,0,0,20,1,0,0,2,0,0,-1,0,-1,-1,-1,0,0,0,0,0,0,0,0,0,0,0,0,0,0,0,0,0,0,-1,0,0,-1,-1,-1,0,-1,-1,-1,-1,-1,-1,-1,-1,0,0,[0|0|0|0]
8650100,[Permanent Buff (R)] FP Recovery From Successful Guarding (+2),0,0,[0|0|0],-1,-1,0,0,-1,0,-1,40760,-1,-1,0,0,0,20014,0,-1,-1,-1,1,0,50,11,0,0,-1,0,0,0,0,[0|0],0,0,0,0,0,0,0,0,0,0,0,0,0,0,0,0,0,0,0,0,0,0,0,0,0,-1,-1,8650100,-1,-1,-1,-1,-1,1,0,0,0,0,0,0,0,0,0,1,0,0,0,0,1,0,0,20,1,0,0,2,0,0,-1,0,-1,-1,-1,0,0,0,0,0,0,0,0,0,0,0,0,0,0,0,0,0,0,-1,0,0,-1,-1,-1,0,-1,-1,-1,-1,-1,-1,-1,-1,0,0,[0|0|0|0]
8660200,[Permanent Buff (R)] Critical Hits Inflict Blood Loss,1,0,[0|0|0],-1,-1,0,0,-1,0,-1,40760,-1,-1,0,0,0,20206,0,-1,-1,-1,1,0,50,11,0,0,-1,0,0,0,0,[0|0],0,0,0,0,0,0,0,0,0,0,0,0,0,0,0,0,0,0,0,0,0,0,0,0,0,-1,-1,8660200,-1,-1,-1,-1,-1,1,0,0,0,0,0,0,0,0,0,1,0,0,0,0,1,0,0,20,1,0,0,2,0,0,-1,0,-1,-1,-1,0,0,0,0,0,0,0,0,0,0,0,0,0,0,0,0,0,0,-1,0,0,-1,-1,-1,0,-1,-1,-1,-1,-1,-1,-1,-1,0,0,[0|0|0|0]
8660300,[Permanent Buff (R)] Creates Holy Ground at Low HP,1,0,[0|0|0],-1,-1,0,0,-1,0,-1,40760,-1,-1,0,0,0,20008,0,-1,-1,-1,1,0,50,11,0,0,-1,0,0,0,0,[0|0],0,0,0,0,0,0,0,0,0,0,0,0,0,0,0,0,0,0,0,0,0,0,0,0,0,-1,-1,8660300,-1,-1,-1,-1,-1,1,0,0,0,0,0,0,0,0,0,1,0,0,0,0,1,0,0,20,1,0,0,2,0,0,-1,0,-1,-1,-1,0,0,0,0,0,0,0,0,0,0,0,0,0,0,0,0,0,0,-1,0,0,-1,-1,-1,0,-1,-1,-1,-1,-1,-1,-1,-1,0,0,[0|0|0|0]
8700002,[Permanent Buff (R)] Poison & Rot Trigger Continuous HP Recovery (+7),1,0,[0|0|0],-1,-1,0,0,-1,0,-1,40760,-1,-1,0,0,0,20013,0,-1,-1,-1,1,0,50,11,0,0,-1,0,0,0,0,[0|0],0,0,0,0,0,0,0,0,0,0,0,0,0,0,0,0,0,0,0,0,0,0,0,0,0,-1,-1,8700002,-1,-1,-1,-1,-1,1,0,0,0,0,0,0,0,0,0,1,0,0,0,0,1,0,0,20,1,0,0,2,0,0,-1,0,-1,-1,-1,0,0,0,0,0,0,0,0,0,0,0,0,0,0,0,0,0,0,-1,0,0,-1,-1,-1,0,-1,-1,-1,-1,-1,-1,-1,-1,0,0,[0|0|0|0]
8710002,[Permanent Buff (R)] Blood Loss in Vicinity Increases Attack Power (+20%),1,0,[0|0|0],-1,-1,0,0,-1,0,-1,40760,-1,-1,0,0,0,20006,0,-1,-1,-1,1,0,50,11,0,0,-1,0,0,0,0,[0|0],0,0,0,0,0,0,0,0,0,0,0,0,0,0,0,0,0,0,0,0,0,0,0,0,0,-1,-1,8710002,-1,-1,-1,-1,-1,1,0,0,0,0,0,0,0,0,0,1,0,0,0,0,1,0,0,20,1,0,0,2,0,0,-1,0,-1,-1,-1,0,0,0,0,0,0,0,0,0,0,0,0,0,0,0,0,0,0,-1,0,0,-1,-1,-1,0,-1,-1,-1,-1,-1,-1,-1,-1,0,0,[0|0|0|0]
999999999,,1,0,[0|0|0],-1,-1,1,0,0,0,-1,9999999,-1,-1,0,0,0,0,0,0,-1,-1,0,0,0,0,0,0,-1,0,0,0,0,[0|0],0,0,0,0,0,0,0,0,0,0,0,0,0,0,0,0,0,0,0,0,0,0,0,0,0,-1,-1,-1,-1,-1,-1,-1,-1,0,0,0,0,0,0,0,0,0,0,0,0,0,0,0,0,0,0,255,1,0,-1,0,0,0,-1,0,-1,-1,-1,0,0,0,0,0,0,0,0,0,0,0,0,0,0,0,0,0,0,-1,0,0,-1,-1,-1,0,-1,-1,-1,-1,-1,-1,-1,-1,0,0,[0|0|0|0]
