ID,Name,disableParam_NT,disableParamReserve1,disableParamReserve2,sortId,wanderingEquipId,resistSleep,resistMadness,saDurability,toughnessCorrectRate,fixPrice,basicPrice,sellValue,weight,residentSpEffectId,residentSpEffectId2,residentSpEffectId3,materialSetId,partsDamageRate,corectSARecover,originEquipPro,originEquipPro1,originEquipPro2,originEquipPro3,originEquipPro4,originEquipPro5,originEquipPro6,originEquipPro7,originEquipPro8,originEquipPro9,originEquipPro10,originEquipPro11,originEquipPro12,originEquipPro13,originEquipPro14,originEquipPro15,faceScaleM_ScaleX,faceScaleM_ScaleZ,faceScaleM_MaxX,faceScaleM_MaxZ,faceScaleF_ScaleX,faceScaleF_ScaleZ,faceScaleF_MaxX,faceScaleF_MaxZ,qwcId,equipModelId,iconIdM,iconIdF,knockBack,knockbackBounceRate,durability,durabilityMax,pad03,defFlickPower,defensePhysics,defenseMagic,defenseFire,defenseThunder,defenseSlash,defenseBlow,defenseThrust,resistPoison,resistDisease,resistBlood,resistCurse,reinforceTypeId,trophySGradeId,shopLv,knockbackParamId,flickDamageCutRate,equipModelCategory,equipModelGender,protectorCategory,rarity,sortGroupId,partsDmgType,pad04,isDeposit,headEquip,bodyEquip,armEquip,legEquip,useFaceScale,isSkipWeakDamageAnim,pad06,defenseMaterialVariationValue_Weak,autoFootEffectDecalBaseId2,autoFootEffectDecalBaseId3,defenseMaterialVariationValue,isDiscard,isDrop,disableMultiDropShare,simpleModelForDlc,showLogCondType,showDialogCondType,pad,neutralDamageCutRate,slashDamageCutRate,blowDamageCutRate,thrustDamageCutRate,magicDamageCutRate,fireDamageCutRate,thunderDamageCutRate,defenseMaterialSfx1,defenseMaterialSfx_Weak1,defenseMaterial1,defenseMaterial_Weak1,defenseMaterialSfx2,defenseMaterialSfx_Weak2,footMaterialSe,defenseMaterial_Weak2,autoFootEffectDecalBaseId1,toughnessDamageCutRate,toughnessRecoverCorrection,darkDamageCutRate,defenseDark,invisibleFlag48,invisibleFlag49,invisibleFlag50,invisibleFlag51,invisibleFlag52,invisibleFlag53,invisibleFlag54,invisibleFlag55,invisibleFlag56,invisibleFlag57,invisibleFlag58,invisibleFlag59,invisibleFlag60,invisibleFlag61,invisibleFlag62,invisibleFlag63,invisibleFlag64,invisibleFlag65,invisibleFlag66,invisibleFlag67,invisibleFlag68,invisibleFlag69,invisibleFlag70,invisibleFlag71,invisibleFlag72,invisibleFlag73,invisibleFlag74,invisibleFlag75,invisibleFlag76,invisibleFlag77,invisibleFlag78,invisibleFlag79,invisibleFlag80,padbit,postureControlId,pad2,saleValue,resistFreeze,invisibleFlag_SexVer00,invisibleFlag_SexVer01,invisibleFlag_SexVer02,invisibleFlag_SexVer03,invisibleFlag_SexVer04,invisibleFlag_SexVer05,invisibleFlag_SexVer06,invisibleFlag_SexVer07,invisibleFlag_SexVer08,invisibleFlag_SexVer09,invisibleFlag_SexVer10,invisibleFlag_SexVer11,invisibleFlag_SexVer12,invisibleFlag_SexVer13,invisibleFlag_SexVer14,invisibleFlag_SexVer15,invisibleFlag_SexVer16,invisibleFlag_SexVer17,invisibleFlag_SexVer18,invisibleFlag_SexVer19,invisibleFlag_SexVer20,invisibleFlag_SexVer21,invisibleFlag_SexVer22,invisibleFlag_SexVer23,invisibleFlag_SexVer24,invisibleFlag_SexVer25,invisibleFlag_SexVer26,invisibleFlag_SexVer27,invisibleFlag_SexVer28,invisibleFlag_SexVer29,invisibleFlag_SexVer30,invisibleFlag_SexVer31,invisibleFlag_SexVer32,invisibleFlag_SexVer33,invisibleFlag_SexVer34,invisibleFlag_SexVer35,invisibleFlag_SexVer36,invisibleFlag_SexVer37,invisibleFlag_SexVer38,invisibleFlag_SexVer39,invisibleFlag_SexVer40,invisibleFlag_SexVer41,invisibleFlag_SexVer42,invisibleFlag_SexVer43,invisibleFlag_SexVer44,invisibleFlag_SexVer45,invisibleFlag_SexVer46,invisibleFlag_SexVer47,invisibleFlag_SexVer48,invisibleFlag_SexVer49,invisibleFlag_SexVer50,invisibleFlag_SexVer51,invisibleFlag_SexVer52,invisibleFlag_SexVer53,invisibleFlag_SexVer54,invisibleFlag_SexVer55,invisibleFlag_SexVer56,invisibleFlag_SexVer57,invisibleFlag_SexVer58,invisibleFlag_SexVer59,invisibleFlag_SexVer60,invisibleFlag_SexVer61,invisibleFlag_SexVer62,invisibleFlag_SexVer63,invisibleFlag_SexVer64,invisibleFlag_SexVer65,invisibleFlag_SexVer66,invisibleFlag_SexVer67,invisibleFlag_SexVer68,invisibleFlag_SexVer69,invisibleFlag_SexVer70,invisibleFlag_SexVer71,invisibleFlag_SexVer72,invisibleFlag_SexVer73,invisibleFlag_SexVer74,invisibleFlag_SexVer75,invisibleFlag_SexVer76,invisibleFlag_SexVer77,invisibleFlag_SexVer78,invisibleFlag_SexVer79,invisibleFlag_SexVer80,invisibleFlag_SexVer81,invisibleFlag_SexVer82,invisibleFlag_SexVer83,invisibleFlag_SexVer84,invisibleFlag_SexVer85,invisibleFlag_SexVer86,invisibleFlag_SexVer87,invisibleFlag_SexVer88,invisibleFlag_SexVer89,invisibleFlag_SexVer90,invisibleFlag_SexVer91,invisibleFlag_SexVer92,invisibleFlag_SexVer93,invisibleFlag_SexVer94,invisibleFlag_SexVer95,pad404,
100,,1,0,[0|0|0],0,0,0,0,0,0,0,0,0,1,0,0,0,-1,1,0,-1,-1,-1,-1,-1,-1,-1,-1,-1,-1,-1,-1,-1,-1,-1,-1,1,1,1,1,1,1,1,1,-1,0,0,0,0,0,100,100,[0|0],0,100,100,100,100,0,0,0,100,100,100,100,0,-1,0,0,0,1,0,0,0,255,0,[0|0],0,0,0,0,0,0,0,0,0,-1,-1,0,0,0,0,0,0,0,0,1,1,1,1,1,1,1,50,50,50,50,50,50,139,50,-1,1,0,1,100,0,0,0,0,0,0,0,0,0,0,0,0,0,0,0,0,0,0,0,0,0,0,0,0,0,0,0,0,0,0,0,0,0,0,0,[0|0|0|0],-1,0,0,0,0,0,0,0,0,0,0,0,0,0,0,0,0,0,0,0,0,0,0,0,0,0,0,0,0,0,0,0,0,0,0,0,0,0,0,0,0,0,0,0,0,0,0,0,0,0,0,0,0,0,0,0,0,0,0,0,0,0,0,0,0,0,0,0,0,0,0,0,0,0,0,0,0,0,0,0,0,0,0,0,0,0,0,0,0,0,0,0,0,0,0,0,0,0,[0|0|0|0|0|0|0|0|0|0|0|0|0|0]
1000,,0,0,[0|0|0],99999,0,0,0,0,0,0,0,0,0,-1,-1,-1,-1,1,0,-1,-1,-1,-1,-1,-1,-1,-1,-1,-1,-1,-1,-1,-1,-1,-1,1,1,1.1,1.1,1,1,1.1,1.1,-1,0,0,0,0,0,0,0,[0|0],0,0,0,0,0,0,0,0,0,0,0,0,0,-1,-1,1,0,4,1,4,0,255,0,[0|0],0,0,0,0,0,0,0,0,0,-1,-1,0,0,0,0,0,0,0,0,1,1,1,1,1,1,1,139,139,139,139,139,139,139,139,-1,1,0,1,100,0,0,0,0,0,0,0,0,0,0,0,0,0,0,0,0,0,0,0,0,0,0,0,0,0,0,0,0,0,0,0,0,0,0,0,[0|0|0|0],0,0,0,0,0,0,0,0,0,0,0,0,0,0,0,0,0,0,0,0,0,0,0,0,0,0,0,0,0,0,0,0,0,0,0,0,0,0,0,0,0,0,0,0,0,0,0,0,0,0,0,0,0,0,0,0,0,0,0,0,0,0,0,0,0,0,0,0,0,0,0,0,0,0,0,0,0,0,0,0,0,0,0,0,0,0,0,0,0,0,0,0,0,0,0,0,0,0,[0|0|0|0|0|0|0|0|0|0|0|0|0|0]
1100,,0,0,[0|0|0],99999,0,0,0,0,0,0,0,0,0,-1,-1,-1,-1,1,0,-1,-1,-1,-1,-1,-1,-1,-1,-1,-1,-1,-1,-1,-1,-1,-1,1,1,1.1,1.1,1,1,1.1,1.1,-1,2,0,0,0,0,0,0,[0|0],0,0,0,0,0,0,0,0,0,0,0,0,0,-1,-1,1,0,4,1,4,0,255,0,[0|0],0,0,0,0,0,0,0,0,0,-1,-1,0,0,0,0,0,0,0,0,1,1,1,1,1,1,1,139,139,139,139,139,139,139,139,-1,1,0,1,100,0,0,0,0,0,0,0,0,0,0,0,0,0,0,0,0,0,0,0,0,0,0,0,0,0,0,0,0,0,0,0,0,0,0,0,[0|0|0|0],0,0,0,0,0,0,0,0,0,0,0,0,0,0,0,0,0,0,0,0,0,0,0,0,0,0,0,0,0,0,0,0,0,0,0,0,0,0,0,0,0,0,0,0,0,0,0,0,0,0,0,0,0,0,0,0,0,0,0,0,0,0,0,0,0,0,0,0,0,0,0,0,0,0,0,0,0,0,0,0,0,0,0,0,0,0,0,0,0,0,0,0,0,0,0,0,0,0,[0|0|0|0|0|0|0|0|0|0|0|0|0|0]
1200,,0,0,[0|0|0],99999,0,0,0,0,0,0,0,0,0,-1,-1,-1,-1,1,0,-1,-1,-1,-1,-1,-1,-1,-1,-1,-1,-1,-1,-1,-1,-1,-1,1,1,1.1,1.1,1,1,1.1,1.1,-1,11,0,0,0,0,0,0,[0|0],0,0,0,0,0,0,0,0,0,0,0,0,0,-1,-1,1,0,4,1,4,0,255,0,[0|0],0,0,0,0,0,0,0,0,0,-1,-1,0,0,0,0,0,0,0,0,1,1,1,1,1,1,1,139,139,139,139,139,139,139,139,-1,1,0,1,100,0,0,0,0,0,0,0,0,0,0,0,0,0,0,0,0,0,0,0,0,0,0,0,0,0,0,0,0,0,0,0,0,0,0,0,[0|0|0|0],0,0,0,0,0,0,0,0,0,0,0,0,0,0,0,0,0,0,0,0,0,0,0,0,0,0,0,0,0,0,0,0,0,0,0,0,0,0,0,0,0,0,0,0,0,0,0,0,0,0,0,0,0,0,0,0,0,0,0,0,0,0,0,0,0,0,0,0,0,0,0,0,0,0,0,0,0,0,0,0,0,0,0,0,0,0,0,0,0,0,0,0,0,0,0,0,0,0,[0|0|0|0|0|0|0|0|0|0|0|0|0|0]
1300,,0,0,[0|0|0],99999,0,0,0,0,0,0,0,0,0,-1,-1,-1,-1,1,0,-1,-1,-1,-1,-1,-1,-1,-1,-1,-1,-1,-1,-1,-1,-1,-1,1,1,1.1,1.1,1,1,1.1,1.1,-1,4,0,0,0,0,0,0,[0|0],0,0,0,0,0,0,0,0,0,0,0,0,0,-1,-1,1,0,4,1,4,0,255,0,[0|0],0,0,0,0,0,0,0,0,0,-1,-1,0,0,0,0,0,0,0,0,1,1,1,1,1,1,1,139,139,139,139,139,139,139,139,-1,1,0,1,100,0,0,0,0,0,0,0,0,0,0,0,0,0,0,0,0,0,0,0,0,0,0,0,0,0,0,0,0,0,0,0,0,0,0,0,[0|0|0|0],0,0,0,0,0,0,0,0,0,0,0,0,0,0,0,0,0,0,0,0,0,0,0,0,0,0,0,0,0,0,0,0,0,0,0,0,0,0,0,0,0,0,0,0,0,0,0,0,0,0,0,0,0,0,0,0,0,0,0,0,0,0,0,0,0,0,0,0,0,0,0,0,0,0,0,0,0,0,0,0,0,0,0,0,0,0,0,0,0,0,0,0,0,0,0,0,0,0,[0|0|0|0|0|0|0|0|0|0|0|0|0|0]
1400,,0,0,[0|0|0],99999,0,0,0,0,0,0,0,0,0,-1,-1,-1,-1,1,0,-1,-1,-1,-1,-1,-1,-1,-1,-1,-1,-1,-1,-1,-1,-1,-1,1,1,1.1,1.1,1,1,1.1,1.1,-1,12,0,0,0,0,0,0,[0|0],0,0,0,0,0,0,0,0,0,0,0,0,0,-1,-1,1,0,4,1,4,0,255,0,[0|0],0,0,0,0,0,0,0,0,0,-1,-1,0,0,0,0,0,0,0,0,1,1,1,1,1,1,1,139,139,139,139,139,139,139,139,-1,1,0,1,100,0,0,0,0,0,0,0,0,0,0,0,0,0,0,0,0,0,0,0,0,0,0,0,0,0,0,0,0,0,0,0,0,0,0,0,[0|0|0|0],0,0,0,0,0,0,0,0,0,0,0,0,0,0,0,0,0,0,0,0,0,0,0,0,0,0,0,0,0,0,0,0,0,0,0,0,0,0,0,0,0,0,0,0,0,0,0,0,0,0,0,0,0,0,0,0,0,0,0,0,0,0,0,0,0,0,0,0,0,0,0,0,0,0,0,0,0,0,0,0,0,0,0,0,0,0,0,0,0,0,0,0,0,0,0,0,0,0,[0|0|0|0|0|0|0|0|0|0|0|0|0|0]
1500,,0,0,[0|0|0],99999,0,0,0,0,0,0,0,0,0,-1,-1,-1,-1,1,0,-1,-1,-1,-1,-1,-1,-1,-1,-1,-1,-1,-1,-1,-1,-1,-1,1,1,1.1,1.1,1,1,1.1,1.1,-1,6,0,0,0,0,0,0,[0|0],0,0,0,0,0,0,0,0,0,0,0,0,0,-1,-1,1,0,4,1,4,0,255,0,[0|0],0,0,0,0,0,0,0,0,0,-1,-1,0,0,0,0,0,0,0,0,1,1,1,1,1,1,1,139,139,139,139,139,139,139,139,-1,1,0,1,100,0,0,0,0,0,0,0,0,0,0,0,0,0,0,0,0,0,0,0,0,0,0,0,0,0,0,0,0,0,0,0,0,0,0,0,[0|0|0|0],0,0,0,0,0,0,0,0,0,0,0,0,0,0,0,0,0,0,0,0,0,0,0,0,0,0,0,0,0,0,0,0,0,0,0,0,0,0,0,0,0,0,0,0,0,0,0,0,0,0,0,0,0,0,0,0,0,0,0,0,0,0,0,0,0,0,0,0,0,0,0,0,0,0,0,0,0,0,0,0,0,0,0,0,0,0,0,0,0,0,0,0,0,0,0,0,0,0,[0|0|0|0|0|0|0|0|0|0|0|0|0|0]
1600,,0,0,[0|0|0],99999,0,0,0,0,0,0,0,0,0,-1,-1,-1,-1,1,0,-1,-1,-1,-1,-1,-1,-1,-1,-1,-1,-1,-1,-1,-1,-1,-1,1,1,1.1,1.1,1,1,1.1,1.1,-1,10,0,0,0,0,0,0,[0|0],0,0,0,0,0,0,0,0,0,0,0,0,0,-1,-1,1,0,4,1,4,0,255,0,[0|0],0,0,0,0,0,0,0,0,0,-1,-1,0,0,0,0,0,0,0,0,1,1,1,1,1,1,1,139,139,139,139,139,139,139,139,-1,1,0,1,100,0,0,0,0,0,0,0,0,0,0,0,0,0,0,0,0,0,0,0,0,0,0,0,0,0,0,0,0,0,0,0,0,0,0,0,[0|0|0|0],0,0,0,0,0,0,0,0,0,0,0,0,0,0,0,0,0,0,0,0,0,0,0,0,0,0,0,0,0,0,0,0,0,0,0,0,0,0,0,0,0,0,0,0,0,0,0,0,0,0,0,0,0,0,0,0,0,0,0,0,0,0,0,0,0,0,0,0,0,0,0,0,0,0,0,0,0,0,0,0,0,0,0,0,0,0,0,0,0,0,0,0,0,0,0,0,0,0,[0|0|0|0|0|0|0|0|0|0|0|0|0|0]
1700,,0,0,[0|0|0],99999,0,0,0,0,0,0,0,0,0,-1,-1,-1,-1,1,0,-1,-1,-1,-1,-1,-1,-1,-1,-1,-1,-1,-1,-1,-1,-1,-1,1,1,1.1,1.1,1,1,1.1,1.1,-1,5,0,0,0,0,0,0,[0|0],0,0,0,0,0,0,0,0,0,0,0,0,0,-1,-1,1,0,4,1,4,0,255,0,[0|0],0,0,0,0,0,0,0,0,0,-1,-1,0,0,0,0,0,0,0,0,1,1,1,1,1,1,1,139,139,139,139,139,139,139,139,-1,1,0,1,100,0,0,0,0,0,0,0,0,0,0,0,0,0,0,0,0,0,0,0,0,0,0,0,0,0,0,0,0,0,0,0,0,0,0,0,[0|0|0|0],0,0,0,0,0,0,0,0,0,0,0,0,0,0,0,0,0,0,0,0,0,0,0,0,0,0,0,0,0,0,0,0,0,0,0,0,0,0,0,0,0,0,0,0,0,0,0,0,0,0,0,0,0,0,0,0,0,0,0,0,0,0,0,0,0,0,0,0,0,0,0,0,0,0,0,0,0,0,0,0,0,0,0,0,0,0,0,0,0,0,0,0,0,0,0,0,0,0,[0|0|0|0|0|0|0|0|0|0|0|0|0|0]
1800,,0,0,[0|0|0],99999,0,0,0,0,0,0,0,0,0,-1,-1,-1,-1,1,0,-1,-1,-1,-1,-1,-1,-1,-1,-1,-1,-1,-1,-1,-1,-1,-1,1,1,1.1,1.1,1,1,1.1,1.1,-1,7,0,0,0,0,0,0,[0|0],0,0,0,0,0,0,0,0,0,0,0,0,0,-1,-1,1,0,4,1,4,0,255,0,[0|0],0,0,0,0,0,0,0,0,0,-1,-1,0,0,0,0,0,0,0,0,1,1,1,1,1,1,1,139,139,139,139,139,139,139,139,-1,1,0,1,100,0,0,0,0,0,0,0,0,0,0,0,0,0,0,0,0,0,0,0,0,0,0,0,0,0,0,0,0,0,0,0,0,0,0,0,[0|0|0|0],0,0,0,0,0,0,0,0,0,0,0,0,0,0,0,0,0,0,0,0,0,0,0,0,0,0,0,0,0,0,0,0,0,0,0,0,0,0,0,0,0,0,0,0,0,0,0,0,0,0,0,0,0,0,0,0,0,0,0,0,0,0,0,0,0,0,0,0,0,0,0,0,0,0,0,0,0,0,0,0,0,0,0,0,0,0,0,0,0,0,0,0,0,0,0,0,0,0,[0|0|0|0|0|0|0|0|0|0|0|0|0|0]
1900,,0,0,[0|0|0],99999,0,0,0,0,0,0,0,0,0,-1,-1,-1,-1,1,0,-1,-1,-1,-1,-1,-1,-1,-1,-1,-1,-1,-1,-1,-1,-1,-1,1,1,1.1,1.1,1,1,1.1,1.1,-1,3,0,0,0,0,0,0,[0|0],0,0,0,0,0,0,0,0,0,0,0,0,0,-1,-1,1,0,4,1,4,0,255,0,[0|0],0,0,0,0,0,0,0,0,0,-1,-1,0,0,0,0,0,0,0,0,1,1,1,1,1,1,1,139,139,139,139,139,139,139,139,-1,1,0,1,100,0,0,0,0,0,0,0,0,0,0,0,0,0,0,0,0,0,0,0,0,0,0,0,0,0,0,0,0,0,0,0,0,0,0,0,[0|0|0|0],0,0,0,0,0,0,0,0,0,0,0,0,0,0,0,0,0,0,0,0,0,0,0,0,0,0,0,0,0,0,0,0,0,0,0,0,0,0,0,0,0,0,0,0,0,0,0,0,0,0,0,0,0,0,0,0,0,0,0,0,0,0,0,0,0,0,0,0,0,0,0,0,0,0,0,0,0,0,0,0,0,0,0,0,0,0,0,0,0,0,0,0,0,0,0,0,0,0,[0|0|0|0|0|0|0|0|0|0|0|0|0|0]
2000,,0,0,[0|0|0],99999,0,0,0,0,0,0,0,0,0,-1,-1,-1,-1,1,0,-1,-1,-1,-1,-1,-1,-1,-1,-1,-1,-1,-1,-1,-1,-1,-1,1,1,1,1,1,1,1,1,-1,0,0,0,0,0,0,0,[0|0],0,0,0,0,0,0,0,0,0,0,0,0,0,-1,-1,1,0,4,1,4,0,255,0,[0|0],0,0,0,0,0,0,0,0,0,-1,-1,0,0,0,0,0,0,0,0,1,1,1,1,1,1,1,139,139,139,139,139,139,139,139,-1,1,0,1,100,0,0,0,0,0,0,0,0,0,0,0,0,0,0,0,0,0,0,0,0,0,0,0,0,0,0,0,0,0,0,0,0,0,0,0,[0|0|0|0],0,0,0,0,0,0,0,0,0,0,0,0,0,0,0,0,0,0,0,0,0,0,0,0,0,0,0,0,0,0,0,0,0,0,0,0,0,0,0,0,0,0,0,0,0,0,0,0,0,0,0,0,0,0,0,0,0,0,0,0,0,0,0,0,0,0,0,0,0,0,0,0,0,0,0,0,0,0,0,0,0,0,0,0,0,0,0,0,0,0,0,0,0,0,0,0,0,0,[0|0|0|0|0|0|0|0|0|0|0|0|0|0]
2100,,0,0,[0|0|0],99999,0,0,0,0,0,0,0,0,0,-1,-1,-1,-1,1,0,-1,-1,-1,-1,-1,-1,-1,-1,-1,-1,-1,-1,-1,-1,-1,-1,1,1,1,1,1,1,1,1,-1,0,0,0,0,0,0,0,[0|0],0,0,0,0,0,0,0,0,0,0,0,0,0,-1,-1,1,0,4,1,4,0,255,0,[0|0],0,0,0,0,0,0,0,0,0,-1,-1,0,0,0,0,0,0,0,0,1,1,1,1,1,1,1,139,139,139,139,139,139,139,139,-1,1,0,1,100,0,0,0,0,0,0,0,0,0,0,0,0,0,0,0,0,0,0,0,0,0,0,0,0,0,0,0,0,0,0,0,0,0,0,0,[0|0|0|0],0,0,0,0,0,0,0,0,0,0,0,0,0,0,0,0,0,0,0,0,0,0,0,0,0,0,0,0,0,0,0,0,0,0,0,0,0,0,0,0,0,0,0,0,0,0,0,0,0,0,0,0,0,0,0,0,0,0,0,0,0,0,0,0,0,0,0,0,0,0,0,0,0,0,0,0,0,0,0,0,0,0,0,0,0,0,0,0,0,0,0,0,0,0,0,0,0,0,[0|0|0|0|0|0|0|0|0|0|0|0|0|0]
2200,,0,0,[0|0|0],99999,0,0,0,0,0,0,0,0,0,-1,-1,-1,-1,1,0,-1,-1,-1,-1,-1,-1,-1,-1,-1,-1,-1,-1,-1,-1,-1,-1,1,1,1,1,1,1,1,1,-1,0,0,0,0,0,0,0,[0|0],0,0,0,0,0,0,0,0,0,0,0,0,0,-1,-1,1,0,4,1,4,0,255,0,[0|0],0,0,0,0,0,0,0,0,0,-1,-1,0,0,0,0,0,0,0,0,1,1,1,1,1,1,1,139,139,139,139,139,139,139,139,-1,1,0,1,100,0,0,0,0,0,0,0,0,0,0,0,0,0,0,0,0,0,0,0,0,0,0,0,0,0,0,0,0,0,0,0,0,0,0,0,[0|0|0|0],0,0,0,0,0,0,0,0,0,0,0,0,0,0,0,0,0,0,0,0,0,0,0,0,0,0,0,0,0,0,0,0,0,0,0,0,0,0,0,0,0,0,0,0,0,0,0,0,0,0,0,0,0,0,0,0,0,0,0,0,0,0,0,0,0,0,0,0,0,0,0,0,0,0,0,0,0,0,0,0,0,0,0,0,0,0,0,0,0,0,0,0,0,0,0,0,0,0,[0|0|0|0|0|0|0|0|0|0|0|0|0|0]
2300,,0,0,[0|0|0],99999,0,0,0,0,0,0,0,0,0,-1,-1,-1,-1,1,0,-1,-1,-1,-1,-1,-1,-1,-1,-1,-1,-1,-1,-1,-1,-1,-1,1,1,1,1,1,1,1,1,-1,0,0,0,0,0,0,0,[0|0],0,0,0,0,0,0,0,0,0,0,0,0,0,-1,-1,1,0,4,1,4,0,255,0,[0|0],0,0,0,0,0,0,0,0,0,-1,-1,0,0,0,0,0,0,0,0,1,1,1,1,1,1,1,139,139,139,139,139,139,139,139,-1,1,0,1,100,0,0,0,0,0,0,0,0,0,0,0,0,0,0,0,0,0,0,0,0,0,0,0,0,0,0,0,0,0,0,0,0,0,0,0,[0|0|0|0],0,0,0,0,0,0,0,0,0,0,0,0,0,0,0,0,0,0,0,0,0,0,0,0,0,0,0,0,0,0,0,0,0,0,0,0,0,0,0,0,0,0,0,0,0,0,0,0,0,0,0,0,0,0,0,0,0,0,0,0,0,0,0,0,0,0,0,0,0,0,0,0,0,0,0,0,0,0,0,0,0,0,0,0,0,0,0,0,0,0,0,0,0,0,0,0,0,0,[0|0|0|0|0|0|0|0|0|0|0|0|0|0]
2400,,0,0,[0|0|0],99999,0,0,0,0,0,0,0,0,0,-1,-1,-1,-1,1,0,-1,-1,-1,-1,-1,-1,-1,-1,-1,-1,-1,-1,-1,-1,-1,-1,1,1,1,1,1,1,1,1,-1,0,0,0,0,0,0,0,[0|0],0,0,0,0,0,0,0,0,0,0,0,0,0,-1,-1,1,0,4,1,4,0,255,0,[0|0],0,0,0,0,0,0,0,0,0,-1,-1,0,0,0,0,0,0,0,0,1,1,1,1,1,1,1,139,139,139,139,139,139,139,139,-1,1,0,1,100,0,0,0,0,0,0,0,0,0,0,0,0,0,0,0,0,0,0,0,0,0,0,0,0,0,0,0,0,0,0,0,0,0,0,0,[0|0|0|0],0,0,0,0,0,0,0,0,0,0,0,0,0,0,0,0,0,0,0,0,0,0,0,0,0,0,0,0,0,0,0,0,0,0,0,0,0,0,0,0,0,0,0,0,0,0,0,0,0,0,0,0,0,0,0,0,0,0,0,0,0,0,0,0,0,0,0,0,0,0,0,0,0,0,0,0,0,0,0,0,0,0,0,0,0,0,0,0,0,0,0,0,0,0,0,0,0,0,[0|0|0|0|0|0|0|0|0|0|0|0|0|0]
2500,,0,0,[0|0|0],99999,0,0,0,0,0,0,0,0,0,-1,-1,-1,-1,1,0,-1,-1,-1,-1,-1,-1,-1,-1,-1,-1,-1,-1,-1,-1,-1,-1,1,1,1,1,1,1,1,1,-1,0,0,0,0,0,0,0,[0|0],0,0,0,0,0,0,0,0,0,0,0,0,0,-1,-1,1,0,4,1,4,0,255,0,[0|0],0,0,0,0,0,0,0,0,0,-1,-1,0,0,0,0,0,0,0,0,1,1,1,1,1,1,1,139,139,139,139,139,139,139,139,-1,1,0,1,100,0,0,0,0,0,0,0,0,0,0,0,0,0,0,0,0,0,0,0,0,0,0,0,0,0,0,0,0,0,0,0,0,0,0,0,[0|0|0|0],0,0,0,0,0,0,0,0,0,0,0,0,0,0,0,0,0,0,0,0,0,0,0,0,0,0,0,0,0,0,0,0,0,0,0,0,0,0,0,0,0,0,0,0,0,0,0,0,0,0,0,0,0,0,0,0,0,0,0,0,0,0,0,0,0,0,0,0,0,0,0,0,0,0,0,0,0,0,0,0,0,0,0,0,0,0,0,0,0,0,0,0,0,0,0,0,0,0,[0|0|0|0|0|0|0|0|0|0|0|0|0|0]
2600,,0,0,[0|0|0],99999,0,0,0,0,0,0,0,0,0,-1,-1,-1,-1,1,0,-1,-1,-1,-1,-1,-1,-1,-1,-1,-1,-1,-1,-1,-1,-1,-1,1,1,1,1,1,1,1,1,-1,0,0,0,0,0,0,0,[0|0],0,0,0,0,0,0,0,0,0,0,0,0,0,-1,-1,1,0,4,1,4,0,255,0,[0|0],0,0,0,0,0,0,0,0,0,-1,-1,0,0,0,0,0,0,0,0,1,1,1,1,1,1,1,139,139,139,139,139,139,139,139,-1,1,0,1,100,0,0,0,0,0,0,0,0,0,0,0,0,0,0,0,0,0,0,0,0,0,0,0,0,0,0,0,0,0,0,0,0,0,0,0,[0|0|0|0],0,0,0,0,0,0,0,0,0,0,0,0,0,0,0,0,0,0,0,0,0,0,0,0,0,0,0,0,0,0,0,0,0,0,0,0,0,0,0,0,0,0,0,0,0,0,0,0,0,0,0,0,0,0,0,0,0,0,0,0,0,0,0,0,0,0,0,0,0,0,0,0,0,0,0,0,0,0,0,0,0,0,0,0,0,0,0,0,0,0,0,0,0,0,0,0,0,0,[0|0|0|0|0|0|0|0|0|0|0|0|0|0]
2700,,0,0,[0|0|0],99999,0,0,0,0,0,0,0,0,0,-1,-1,-1,-1,1,0,-1,-1,-1,-1,-1,-1,-1,-1,-1,-1,-1,-1,-1,-1,-1,-1,1,1,1,1,1,1,1,1,-1,0,0,0,0,0,0,0,[0|0],0,0,0,0,0,0,0,0,0,0,0,0,0,-1,-1,1,0,4,1,4,0,255,0,[0|0],0,0,0,0,0,0,0,0,0,-1,-1,0,0,0,0,0,0,0,0,1,1,1,1,1,1,1,139,139,139,139,139,139,139,139,-1,1,0,1,100,0,0,0,0,0,0,0,0,0,0,0,0,0,0,0,0,0,0,0,0,0,0,0,0,0,0,0,0,0,0,0,0,0,0,0,[0|0|0|0],0,0,0,0,0,0,0,0,0,0,0,0,0,0,0,0,0,0,0,0,0,0,0,0,0,0,0,0,0,0,0,0,0,0,0,0,0,0,0,0,0,0,0,0,0,0,0,0,0,0,0,0,0,0,0,0,0,0,0,0,0,0,0,0,0,0,0,0,0,0,0,0,0,0,0,0,0,0,0,0,0,0,0,0,0,0,0,0,0,0,0,0,0,0,0,0,0,0,[0|0|0|0|0|0|0|0|0|0|0|0|0|0]
2800,,0,0,[0|0|0],99999,0,0,0,0,0,0,0,0,0,-1,-1,-1,-1,1,0,-1,-1,-1,-1,-1,-1,-1,-1,-1,-1,-1,-1,-1,-1,-1,-1,1,1,1,1,1,1,1,1,-1,0,0,0,0,0,0,0,[0|0],0,0,0,0,0,0,0,0,0,0,0,0,0,-1,-1,1,0,4,1,4,0,255,0,[0|0],0,0,0,0,0,0,0,0,0,-1,-1,0,0,0,0,0,0,0,0,1,1,1,1,1,1,1,139,139,139,139,139,139,139,139,-1,1,0,1,100,0,0,0,0,0,0,0,0,0,0,0,0,0,0,0,0,0,0,0,0,0,0,0,0,0,0,0,0,0,0,0,0,0,0,0,[0|0|0|0],0,0,0,0,0,0,0,0,0,0,0,0,0,0,0,0,0,0,0,0,0,0,0,0,0,0,0,0,0,0,0,0,0,0,0,0,0,0,0,0,0,0,0,0,0,0,0,0,0,0,0,0,0,0,0,0,0,0,0,0,0,0,0,0,0,0,0,0,0,0,0,0,0,0,0,0,0,0,0,0,0,0,0,0,0,0,0,0,0,0,0,0,0,0,0,0,0,0,[0|0|0|0|0|0|0|0|0|0|0|0|0|0]
2900,,0,0,[0|0|0],99999,0,0,0,0,0,0,0,0,0,-1,-1,-1,-1,1,0,-1,-1,-1,-1,-1,-1,-1,-1,-1,-1,-1,-1,-1,-1,-1,-1,1,1,1,1,1,1,1,1,-1,0,0,0,0,0,0,0,[0|0],0,0,0,0,0,0,0,0,0,0,0,0,0,-1,-1,1,0,4,1,4,0,255,0,[0|0],0,0,0,0,0,0,0,0,0,-1,-1,0,0,0,0,0,0,0,0,1,1,1,1,1,1,1,139,139,139,139,139,139,139,139,-1,1,0,1,100,0,0,0,0,0,0,0,0,0,0,0,0,0,0,0,0,0,0,0,0,0,0,0,0,0,0,0,0,0,0,0,0,0,0,0,[0|0|0|0],0,0,0,0,0,0,0,0,0,0,0,0,0,0,0,0,0,0,0,0,0,0,0,0,0,0,0,0,0,0,0,0,0,0,0,0,0,0,0,0,0,0,0,0,0,0,0,0,0,0,0,0,0,0,0,0,0,0,0,0,0,0,0,0,0,0,0,0,0,0,0,0,0,0,0,0,0,0,0,0,0,0,0,0,0,0,0,0,0,0,0,0,0,0,0,0,0,0,[0|0|0|0|0|0|0|0|0|0|0|0|0|0]
3000,,0,0,[0|0|0],99999,0,0,0,0,0,0,0,0,0,-1,-1,-1,-1,1,0,-1,-1,-1,-1,-1,-1,-1,-1,-1,-1,-1,-1,-1,-1,-1,-1,1,1,1.1,1.1,1,1,1.1,1.1,-1,0,0,0,0,0,0,0,[0|0],0,0,0,0,0,0,0,0,0,0,0,0,0,-1,-1,1,0,4,2,4,0,255,0,[0|0],0,0,0,0,0,0,0,0,0,-1,-1,0,0,0,0,0,0,0,0,1,1,1,1,1,1,1,139,139,139,139,139,139,139,139,-1,1,0,1,100,0,0,0,0,0,0,0,0,0,0,0,0,0,0,0,0,0,0,0,0,0,0,0,0,0,0,0,0,0,0,0,0,0,0,0,[0|0|0|0],0,0,0,0,0,0,0,0,0,0,0,0,0,0,0,0,0,0,0,0,0,0,0,0,0,0,0,0,0,0,0,0,0,0,0,0,0,0,0,0,0,0,0,0,0,0,0,0,0,0,0,0,0,0,0,0,0,0,0,0,0,0,0,0,0,0,0,0,0,0,0,0,0,0,0,0,0,0,0,0,0,0,0,0,0,0,0,0,0,0,0,0,0,0,0,0,0,0,[0|0|0|0|0|0|0|0|0|0|0|0|0|0]
3100,,0,0,[0|0|0],99999,0,0,0,0,0,0,0,0,0,-1,-1,-1,-1,1,0,-1,-1,-1,-1,-1,-1,-1,-1,-1,-1,-1,-1,-1,-1,-1,-1,1,1,1.1,1.1,1,1,1.1,1.1,-1,6,0,0,0,0,0,0,[0|0],0,0,0,0,0,0,0,0,0,0,0,0,0,-1,-1,1,0,4,2,4,0,255,0,[0|0],0,0,0,0,0,0,0,0,0,-1,-1,0,0,0,0,0,0,0,0,1,1,1,1,1,1,1,139,139,139,139,139,139,139,139,-1,1,0,1,100,0,0,0,0,0,0,0,0,0,0,0,0,0,0,0,0,0,0,0,0,0,0,0,0,0,0,0,0,0,0,0,0,0,0,0,[0|0|0|0],0,0,0,0,0,0,0,0,0,0,0,0,0,0,0,0,0,0,0,0,0,0,0,0,0,0,0,0,0,0,0,0,0,0,0,0,0,0,0,0,0,0,0,0,0,0,0,0,0,0,0,0,0,0,0,0,0,0,0,0,0,0,0,0,0,0,0,0,0,0,0,0,0,0,0,0,0,0,0,0,0,0,0,0,0,0,0,0,0,0,0,0,0,0,0,0,0,0,[0|0|0|0|0|0|0|0|0|0|0|0|0|0]
3200,,0,0,[0|0|0],99999,0,0,0,0,0,0,0,0,0,-1,-1,-1,-1,1,0,-1,-1,-1,-1,-1,-1,-1,-1,-1,-1,-1,-1,-1,-1,-1,-1,1,1,1.1,1.1,1,1,1.1,1.1,-1,2,0,0,0,0,0,0,[0|0],0,0,0,0,0,0,0,0,0,0,0,0,0,-1,-1,1,0,4,2,4,0,255,0,[0|0],0,0,0,0,0,0,0,0,0,-1,-1,0,0,0,0,0,0,0,0,1,1,1,1,1,1,1,139,139,139,139,139,139,139,139,-1,1,0,1,100,0,0,0,0,0,0,0,0,0,0,0,0,0,0,0,0,0,0,0,0,0,0,0,0,0,0,0,0,0,0,0,0,0,0,0,[0|0|0|0],0,0,0,0,0,0,0,0,0,0,0,0,0,0,0,0,0,0,0,0,0,0,0,0,0,0,0,0,0,0,0,0,0,0,0,0,0,0,0,0,0,0,0,0,0,0,0,0,0,0,0,0,0,0,0,0,0,0,0,0,0,0,0,0,0,0,0,0,0,0,0,0,0,0,0,0,0,0,0,0,0,0,0,0,0,0,0,0,0,0,0,0,0,0,0,0,0,0,[0|0|0|0|0|0|0|0|0|0|0|0|0|0]
3300,,0,0,[0|0|0],99999,0,0,0,0,0,0,0,0,0,-1,-1,-1,-1,1,0,-1,-1,-1,-1,-1,-1,-1,-1,-1,-1,-1,-1,-1,-1,-1,-1,1,1,1.1,1.1,1,1,1.1,1.1,-1,4,0,0,0,0,0,0,[0|0],0,0,0,0,0,0,0,0,0,0,0,0,0,-1,-1,1,0,4,2,4,0,255,0,[0|0],0,0,0,0,0,0,0,0,0,-1,-1,0,0,0,0,0,0,0,0,1,1,1,1,1,1,1,139,139,139,139,139,139,139,139,-1,1,0,1,100,0,0,0,0,0,0,0,0,0,0,0,0,0,0,0,0,0,0,0,0,0,0,0,0,0,0,0,0,0,0,0,0,0,0,0,[0|0|0|0],0,0,0,0,0,0,0,0,0,0,0,0,0,0,0,0,0,0,0,0,0,0,0,0,0,0,0,0,0,0,0,0,0,0,0,0,0,0,0,0,0,0,0,0,0,0,0,0,0,0,0,0,0,0,0,0,0,0,0,0,0,0,0,0,0,0,0,0,0,0,0,0,0,0,0,0,0,0,0,0,0,0,0,0,0,0,0,0,0,0,0,0,0,0,0,0,0,0,[0|0|0|0|0|0|0|0|0|0|0|0|0|0]
3400,,0,0,[0|0|0],99999,0,0,0,0,0,0,0,0,0,-1,-1,-1,-1,1,0,-1,-1,-1,-1,-1,-1,-1,-1,-1,-1,-1,-1,-1,-1,-1,-1,1,1,1.1,1.1,1,1,1.1,1.1,-1,5,0,0,0,0,0,0,[0|0],0,0,0,0,0,0,0,0,0,0,0,0,0,-1,-1,1,0,4,2,4,0,255,0,[0|0],0,0,0,0,0,0,0,0,0,-1,-1,0,0,0,0,0,0,0,0,1,1,1,1,1,1,1,139,139,139,139,139,139,139,139,-1,1,0,1,100,0,0,0,0,0,0,0,0,0,0,0,0,0,0,0,0,0,0,0,0,0,0,0,0,0,0,0,0,0,0,0,0,0,0,0,[0|0|0|0],0,0,0,0,0,0,0,0,0,0,0,0,0,0,0,0,0,0,0,0,0,0,0,0,0,0,0,0,0,0,0,0,0,0,0,0,0,0,0,0,0,0,0,0,0,0,0,0,0,0,0,0,0,0,0,0,0,0,0,0,0,0,0,0,0,0,0,0,0,0,0,0,0,0,0,0,0,0,0,0,0,0,0,0,0,0,0,0,0,0,0,0,0,0,0,0,0,0,[0|0|0|0|0|0|0|0|0|0|0|0|0|0]
3500,,0,0,[0|0|0],99999,0,0,0,0,0,0,0,0,0,-1,-1,-1,-1,1,0,-1,-1,-1,-1,-1,-1,-1,-1,-1,-1,-1,-1,-1,-1,-1,-1,1,1,1.1,1.1,1,1,1.1,1.1,-1,7,0,0,0,0,0,0,[0|0],0,0,0,0,0,0,0,0,0,0,0,0,0,-1,-1,1,0,4,2,4,0,255,0,[0|0],0,0,0,0,0,0,0,0,0,-1,-1,0,0,0,0,0,0,0,0,1,1,1,1,1,1,1,139,139,139,139,139,139,139,139,-1,1,0,1,100,0,0,0,0,0,0,0,0,0,0,0,0,0,0,0,0,0,0,0,0,0,0,0,0,0,0,0,0,0,0,0,0,0,0,0,[0|0|0|0],0,0,0,0,0,0,0,0,0,0,0,0,0,0,0,0,0,0,0,0,0,0,0,0,0,0,0,0,0,0,0,0,0,0,0,0,0,0,0,0,0,0,0,0,0,0,0,0,0,0,0,0,0,0,0,0,0,0,0,0,0,0,0,0,0,0,0,0,0,0,0,0,0,0,0,0,0,0,0,0,0,0,0,0,0,0,0,0,0,0,0,0,0,0,0,0,0,0,[0|0|0|0|0|0|0|0|0|0|0|0|0|0]
3600,,0,0,[0|0|0],99999,0,0,0,0,0,0,0,0,0,-1,-1,-1,-1,1,0,-1,-1,-1,-1,-1,-1,-1,-1,-1,-1,-1,-1,-1,-1,-1,-1,1,1,1.1,1.1,1,1,1.1,1.1,-1,8,0,0,0,0,0,0,[0|0],0,0,0,0,0,0,0,0,0,0,0,0,0,-1,-1,1,0,4,2,4,0,255,0,[0|0],0,0,0,0,0,0,0,0,0,-1,-1,0,0,0,0,0,0,0,0,1,1,1,1,1,1,1,139,139,139,139,139,139,139,139,-1,1,0,1,100,0,0,0,0,0,0,0,0,0,0,0,0,0,0,0,0,0,0,0,0,0,0,0,0,0,0,0,0,0,0,0,0,0,0,0,[0|0|0|0],0,0,0,0,0,0,0,0,0,0,0,0,0,0,0,0,0,0,0,0,0,0,0,0,0,0,0,0,0,0,0,0,0,0,0,0,0,0,0,0,0,0,0,0,0,0,0,0,0,0,0,0,0,0,0,0,0,0,0,0,0,0,0,0,0,0,0,0,0,0,0,0,0,0,0,0,0,0,0,0,0,0,0,0,0,0,0,0,0,0,0,0,0,0,0,0,0,0,[0|0|0|0|0|0|0|0|0|0|0|0|0|0]
3700,,0,0,[0|0|0],99999,0,0,0,0,0,0,0,0,0,-1,-1,-1,-1,1,0,-1,-1,-1,-1,-1,-1,-1,-1,-1,-1,-1,-1,-1,-1,-1,-1,1,1,1.1,1.1,1,1,1.1,1.1,-1,3,0,0,0,0,0,0,[0|0],0,0,0,0,0,0,0,0,0,0,0,0,0,-1,-1,1,0,4,2,4,0,255,0,[0|0],0,0,0,0,0,0,0,0,0,-1,-1,0,0,0,0,0,0,0,0,1,1,1,1,1,1,1,139,139,139,139,139,139,139,139,-1,1,0,1,100,0,0,0,0,0,0,0,0,0,0,0,0,0,0,0,0,0,0,0,0,0,0,0,0,0,0,0,0,0,0,0,0,0,0,0,[0|0|0|0],0,0,0,0,0,0,0,0,0,0,0,0,0,0,0,0,0,0,0,0,0,0,0,0,0,0,0,0,0,0,0,0,0,0,0,0,0,0,0,0,0,0,0,0,0,0,0,0,0,0,0,0,0,0,0,0,0,0,0,0,0,0,0,0,0,0,0,0,0,0,0,0,0,0,0,0,0,0,0,0,0,0,0,0,0,0,0,0,0,0,0,0,0,0,0,0,0,0,[0|0|0|0|0|0|0|0|0|0|0|0|0|0]
3800,,0,0,[0|0|0],99999,0,0,0,0,0,0,0,0,0,-1,-1,-1,-1,1,0,-1,-1,-1,-1,-1,-1,-1,-1,-1,-1,-1,-1,-1,-1,-1,-1,1,1,1.1,1.1,1,1,1.1,1.1,-1,9,0,0,0,0,0,0,[0|0],0,0,0,0,0,0,0,0,0,0,0,0,0,-1,-1,1,0,4,2,4,0,255,0,[0|0],0,0,0,0,0,0,0,0,0,-1,-1,0,0,0,0,0,0,0,0,1,1,1,1,1,1,1,139,139,139,139,139,139,139,139,-1,1,0,1,100,0,0,0,0,0,0,0,0,0,0,0,0,0,0,0,0,0,0,0,0,0,0,0,0,0,0,0,0,0,0,0,0,0,0,0,[0|0|0|0],0,0,0,0,0,0,0,0,0,0,0,0,0,0,0,0,0,0,0,0,0,0,0,0,0,0,0,0,0,0,0,0,0,0,0,0,0,0,0,0,0,0,0,0,0,0,0,0,0,0,0,0,0,0,0,0,0,0,0,0,0,0,0,0,0,0,0,0,0,0,0,0,0,0,0,0,0,0,0,0,0,0,0,0,0,0,0,0,0,0,0,0,0,0,0,0,0,0,[0|0|0|0|0|0|0|0|0|0|0|0|0|0]
3900,,0,0,[0|0|0],99999,0,0,0,0,0,0,0,0,0,-1,-1,-1,-1,1,0,-1,-1,-1,-1,-1,-1,-1,-1,-1,-1,-1,-1,-1,-1,-1,-1,1,1,1.1,1.1,1,1,1.1,1.1,-1,10,0,0,0,0,0,0,[0|0],0,0,0,0,0,0,0,0,0,0,0,0,0,-1,-1,1,0,4,2,4,0,255,0,[0|0],0,0,0,0,0,0,0,0,0,-1,-1,0,0,0,0,0,0,0,0,1,1,1,1,1,1,1,139,139,139,139,139,139,139,139,-1,1,0,1,100,0,0,0,0,0,0,0,0,0,0,0,0,0,0,0,0,0,0,0,0,0,0,0,0,0,0,0,0,0,0,0,0,0,0,0,[0|0|0|0],0,0,0,0,0,0,0,0,0,0,0,0,0,0,0,0,0,0,0,0,0,0,0,0,0,0,0,0,0,0,0,0,0,0,0,0,0,0,0,0,0,0,0,0,0,0,0,0,0,0,0,0,0,0,0,0,0,0,0,0,0,0,0,0,0,0,0,0,0,0,0,0,0,0,0,0,0,0,0,0,0,0,0,0,0,0,0,0,0,0,0,0,0,0,0,0,0,0,[0|0|0|0|0|0|0|0|0|0|0|0|0|0]
4000,,0,0,[0|0|0],99999,0,0,0,0,0,0,0,0,0,-1,-1,-1,-1,1,0,-1,-1,-1,-1,-1,-1,-1,-1,-1,-1,-1,-1,-1,-1,-1,-1,1,1,1,1,1,1,1,1,-1,0,0,0,0,0,0,0,[0|0],0,0,0,0,0,0,0,0,0,0,0,0,0,-1,-1,1,0,4,2,4,0,255,0,[0|0],0,0,0,0,0,0,0,0,0,-1,-1,0,0,0,0,0,0,0,0,1,1,1,1,1,1,1,139,139,139,139,139,139,139,139,-1,1,0,1,100,0,0,0,0,0,0,0,0,0,0,0,0,0,0,0,0,0,0,0,0,0,0,0,0,0,0,0,0,0,0,0,0,0,0,0,[0|0|0|0],0,0,0,0,0,0,0,0,0,0,0,0,0,0,0,0,0,0,0,0,0,0,0,0,0,0,0,0,0,0,0,0,0,0,0,0,0,0,0,0,0,0,0,0,0,0,0,0,0,0,0,0,0,0,0,0,0,0,0,0,0,0,0,0,0,0,0,0,0,0,0,0,0,0,0,0,0,0,0,0,0,0,0,0,0,0,0,0,0,0,0,0,0,0,0,0,0,0,[0|0|0|0|0|0|0|0|0|0|0|0|0|0]
4100,,0,0,[0|0|0],99999,0,0,0,0,0,0,0,0,0,-1,-1,-1,-1,1,0,-1,-1,-1,-1,-1,-1,-1,-1,-1,-1,-1,-1,-1,-1,-1,-1,1,1,1,1,1,1,1,1,-1,0,0,0,0,0,0,0,[0|0],0,0,0,0,0,0,0,0,0,0,0,0,0,-1,-1,1,0,4,2,4,0,255,0,[0|0],0,0,0,0,0,0,0,0,0,-1,-1,0,0,0,0,0,0,0,0,1,1,1,1,1,1,1,139,139,139,139,139,139,139,139,-1,1,0,1,100,0,0,0,0,0,0,0,0,0,0,0,0,0,0,0,0,0,0,0,0,0,0,0,0,0,0,0,0,0,0,0,0,0,0,0,[0|0|0|0],0,0,0,0,0,0,0,0,0,0,0,0,0,0,0,0,0,0,0,0,0,0,0,0,0,0,0,0,0,0,0,0,0,0,0,0,0,0,0,0,0,0,0,0,0,0,0,0,0,0,0,0,0,0,0,0,0,0,0,0,0,0,0,0,0,0,0,0,0,0,0,0,0,0,0,0,0,0,0,0,0,0,0,0,0,0,0,0,0,0,0,0,0,0,0,0,0,0,[0|0|0|0|0|0|0|0|0|0|0|0|0|0]
4200,,0,0,[0|0|0],99999,0,0,0,0,0,0,0,0,0,-1,-1,-1,-1,1,0,-1,-1,-1,-1,-1,-1,-1,-1,-1,-1,-1,-1,-1,-1,-1,-1,1,1,1,1,1,1,1,1,-1,0,0,0,0,0,0,0,[0|0],0,0,0,0,0,0,0,0,0,0,0,0,0,-1,-1,1,0,4,2,4,0,255,0,[0|0],0,0,0,0,0,0,0,0,0,-1,-1,0,0,0,0,0,0,0,0,1,1,1,1,1,1,1,139,139,139,139,139,139,139,139,-1,1,0,1,100,0,0,0,0,0,0,0,0,0,0,0,0,0,0,0,0,0,0,0,0,0,0,0,0,0,0,0,0,0,0,0,0,0,0,0,[0|0|0|0],0,0,0,0,0,0,0,0,0,0,0,0,0,0,0,0,0,0,0,0,0,0,0,0,0,0,0,0,0,0,0,0,0,0,0,0,0,0,0,0,0,0,0,0,0,0,0,0,0,0,0,0,0,0,0,0,0,0,0,0,0,0,0,0,0,0,0,0,0,0,0,0,0,0,0,0,0,0,0,0,0,0,0,0,0,0,0,0,0,0,0,0,0,0,0,0,0,0,[0|0|0|0|0|0|0|0|0|0|0|0|0|0]
4300,,0,0,[0|0|0],99999,0,0,0,0,0,0,0,0,0,-1,-1,-1,-1,1,0,-1,-1,-1,-1,-1,-1,-1,-1,-1,-1,-1,-1,-1,-1,-1,-1,1,1,1,1,1,1,1,1,-1,0,0,0,0,0,0,0,[0|0],0,0,0,0,0,0,0,0,0,0,0,0,0,-1,-1,1,0,4,2,4,0,255,0,[0|0],0,0,0,0,0,0,0,0,0,-1,-1,0,0,0,0,0,0,0,0,1,1,1,1,1,1,1,139,139,139,139,139,139,139,139,-1,1,0,1,100,0,0,0,0,0,0,0,0,0,0,0,0,0,0,0,0,0,0,0,0,0,0,0,0,0,0,0,0,0,0,0,0,0,0,0,[0|0|0|0],0,0,0,0,0,0,0,0,0,0,0,0,0,0,0,0,0,0,0,0,0,0,0,0,0,0,0,0,0,0,0,0,0,0,0,0,0,0,0,0,0,0,0,0,0,0,0,0,0,0,0,0,0,0,0,0,0,0,0,0,0,0,0,0,0,0,0,0,0,0,0,0,0,0,0,0,0,0,0,0,0,0,0,0,0,0,0,0,0,0,0,0,0,0,0,0,0,0,[0|0|0|0|0|0|0|0|0|0|0|0|0|0]
4400,,0,0,[0|0|0],99999,0,0,0,0,0,0,0,0,0,-1,-1,-1,-1,1,0,-1,-1,-1,-1,-1,-1,-1,-1,-1,-1,-1,-1,-1,-1,-1,-1,1,1,1,1,1,1,1,1,-1,0,0,0,0,0,0,0,[0|0],0,0,0,0,0,0,0,0,0,0,0,0,0,-1,-1,1,0,4,2,4,0,255,0,[0|0],0,0,0,0,0,0,0,0,0,-1,-1,0,0,0,0,0,0,0,0,1,1,1,1,1,1,1,139,139,139,139,139,139,139,139,-1,1,0,1,100,0,0,0,0,0,0,0,0,0,0,0,0,0,0,0,0,0,0,0,0,0,0,0,0,0,0,0,0,0,0,0,0,0,0,0,[0|0|0|0],0,0,0,0,0,0,0,0,0,0,0,0,0,0,0,0,0,0,0,0,0,0,0,0,0,0,0,0,0,0,0,0,0,0,0,0,0,0,0,0,0,0,0,0,0,0,0,0,0,0,0,0,0,0,0,0,0,0,0,0,0,0,0,0,0,0,0,0,0,0,0,0,0,0,0,0,0,0,0,0,0,0,0,0,0,0,0,0,0,0,0,0,0,0,0,0,0,0,[0|0|0|0|0|0|0|0|0|0|0|0|0|0]
4500,,0,0,[0|0|0],99999,0,0,0,0,0,0,0,0,0,-1,-1,-1,-1,1,0,-1,-1,-1,-1,-1,-1,-1,-1,-1,-1,-1,-1,-1,-1,-1,-1,1,1,1,1,1,1,1,1,-1,0,0,0,0,0,0,0,[0|0],0,0,0,0,0,0,0,0,0,0,0,0,0,-1,-1,1,0,4,2,4,0,255,0,[0|0],0,0,0,0,0,0,0,0,0,-1,-1,0,0,0,0,0,0,0,0,1,1,1,1,1,1,1,139,139,139,139,139,139,139,139,-1,1,0,1,100,0,0,0,0,0,0,0,0,0,0,0,0,0,0,0,0,0,0,0,0,0,0,0,0,0,0,0,0,0,0,0,0,0,0,0,[0|0|0|0],0,0,0,0,0,0,0,0,0,0,0,0,0,0,0,0,0,0,0,0,0,0,0,0,0,0,0,0,0,0,0,0,0,0,0,0,0,0,0,0,0,0,0,0,0,0,0,0,0,0,0,0,0,0,0,0,0,0,0,0,0,0,0,0,0,0,0,0,0,0,0,0,0,0,0,0,0,0,0,0,0,0,0,0,0,0,0,0,0,0,0,0,0,0,0,0,0,0,[0|0|0|0|0|0|0|0|0|0|0|0|0|0]
4600,,0,0,[0|0|0],99999,0,0,0,0,0,0,0,0,0,-1,-1,-1,-1,1,0,-1,-1,-1,-1,-1,-1,-1,-1,-1,-1,-1,-1,-1,-1,-1,-1,1,1,1,1,1,1,1,1,-1,0,0,0,0,0,0,0,[0|0],0,0,0,0,0,0,0,0,0,0,0,0,0,-1,-1,1,0,4,2,4,0,255,0,[0|0],0,0,0,0,0,0,0,0,0,-1,-1,0,0,0,0,0,0,0,0,1,1,1,1,1,1,1,139,139,139,139,139,139,139,139,-1,1,0,1,100,0,0,0,0,0,0,0,0,0,0,0,0,0,0,0,0,0,0,0,0,0,0,0,0,0,0,0,0,0,0,0,0,0,0,0,[0|0|0|0],0,0,0,0,0,0,0,0,0,0,0,0,0,0,0,0,0,0,0,0,0,0,0,0,0,0,0,0,0,0,0,0,0,0,0,0,0,0,0,0,0,0,0,0,0,0,0,0,0,0,0,0,0,0,0,0,0,0,0,0,0,0,0,0,0,0,0,0,0,0,0,0,0,0,0,0,0,0,0,0,0,0,0,0,0,0,0,0,0,0,0,0,0,0,0,0,0,0,[0|0|0|0|0|0|0|0|0|0|0|0|0|0]
4700,,0,0,[0|0|0],99999,0,0,0,0,0,0,0,0,0,-1,-1,-1,-1,1,0,-1,-1,-1,-1,-1,-1,-1,-1,-1,-1,-1,-1,-1,-1,-1,-1,1,1,1,1,1,1,1,1,-1,0,0,0,0,0,0,0,[0|0],0,0,0,0,0,0,0,0,0,0,0,0,0,-1,-1,1,0,4,2,4,0,255,0,[0|0],0,0,0,0,0,0,0,0,0,-1,-1,0,0,0,0,0,0,0,0,1,1,1,1,1,1,1,139,139,139,139,139,139,139,139,-1,1,0,1,100,0,0,0,0,0,0,0,0,0,0,0,0,0,0,0,0,0,0,0,0,0,0,0,0,0,0,0,0,0,0,0,0,0,0,0,[0|0|0|0],0,0,0,0,0,0,0,0,0,0,0,0,0,0,0,0,0,0,0,0,0,0,0,0,0,0,0,0,0,0,0,0,0,0,0,0,0,0,0,0,0,0,0,0,0,0,0,0,0,0,0,0,0,0,0,0,0,0,0,0,0,0,0,0,0,0,0,0,0,0,0,0,0,0,0,0,0,0,0,0,0,0,0,0,0,0,0,0,0,0,0,0,0,0,0,0,0,0,[0|0|0|0|0|0|0|0|0|0|0|0|0|0]
4800,,0,0,[0|0|0],99999,0,0,0,0,0,0,0,0,0,-1,-1,-1,-1,1,0,-1,-1,-1,-1,-1,-1,-1,-1,-1,-1,-1,-1,-1,-1,-1,-1,1,1,1,1,1,1,1,1,-1,0,0,0,0,0,0,0,[0|0],0,0,0,0,0,0,0,0,0,0,0,0,0,-1,-1,1,0,4,2,4,0,255,0,[0|0],0,0,0,0,0,0,0,0,0,-1,-1,0,0,0,0,0,0,0,0,1,1,1,1,1,1,1,139,139,139,139,139,139,139,139,-1,1,0,1,100,0,0,0,0,0,0,0,0,0,0,0,0,0,0,0,0,0,0,0,0,0,0,0,0,0,0,0,0,0,0,0,0,0,0,0,[0|0|0|0],0,0,0,0,0,0,0,0,0,0,0,0,0,0,0,0,0,0,0,0,0,0,0,0,0,0,0,0,0,0,0,0,0,0,0,0,0,0,0,0,0,0,0,0,0,0,0,0,0,0,0,0,0,0,0,0,0,0,0,0,0,0,0,0,0,0,0,0,0,0,0,0,0,0,0,0,0,0,0,0,0,0,0,0,0,0,0,0,0,0,0,0,0,0,0,0,0,0,[0|0|0|0|0|0|0|0|0|0|0|0|0|0]
4900,,0,0,[0|0|0],99999,0,0,0,0,0,0,0,0,0,-1,-1,-1,-1,1,0,-1,-1,-1,-1,-1,-1,-1,-1,-1,-1,-1,-1,-1,-1,-1,-1,1,1,1,1,1,1,1,1,-1,0,0,0,0,0,0,0,[0|0],0,0,0,0,0,0,0,0,0,0,0,0,0,-1,-1,1,0,4,2,4,0,255,0,[0|0],0,0,0,0,0,0,0,0,0,-1,-1,0,0,0,0,0,0,0,0,1,1,1,1,1,1,1,139,139,139,139,139,139,139,139,-1,1,0,1,100,0,0,0,0,0,0,0,0,0,0,0,0,0,0,0,0,0,0,0,0,0,0,0,0,0,0,0,0,0,0,0,0,0,0,0,[0|0|0|0],0,0,0,0,0,0,0,0,0,0,0,0,0,0,0,0,0,0,0,0,0,0,0,0,0,0,0,0,0,0,0,0,0,0,0,0,0,0,0,0,0,0,0,0,0,0,0,0,0,0,0,0,0,0,0,0,0,0,0,0,0,0,0,0,0,0,0,0,0,0,0,0,0,0,0,0,0,0,0,0,0,0,0,0,0,0,0,0,0,0,0,0,0,0,0,0,0,0,[0|0|0|0|0|0|0|0|0|0|0|0|0|0]
5000,,0,0,[0|0|0],99999,0,0,0,0,0,0,0,0,0,-1,-1,-1,-1,1,0,-1,-1,-1,-1,-1,-1,-1,-1,-1,-1,-1,-1,-1,-1,-1,-1,1,1,1,1,1,1,1,1,-1,9000,0,0,0,0,0,0,[0|0],0,0,0,0,0,0,0,0,0,0,0,0,0,-1,-1,1,0,4,3,4,0,255,0,[0|0],0,0,0,0,0,0,0,0,0,-1,-1,0,0,0,0,0,0,0,0,1,1,1,1,1,1,1,139,139,139,139,139,139,139,139,-1,1,0,1,100,0,0,0,0,0,0,0,0,0,0,0,0,0,0,0,0,0,0,0,0,0,0,0,0,0,0,0,0,0,0,0,0,0,0,0,[0|0|0|0],0,0,0,0,0,0,0,0,0,0,0,0,0,0,0,0,0,0,0,0,0,0,0,0,0,0,0,0,0,0,0,0,0,0,0,0,0,0,0,0,0,0,0,0,0,0,0,0,0,0,0,0,0,0,0,0,0,0,0,0,0,0,0,0,0,0,0,0,0,0,0,0,0,0,0,0,0,0,0,0,0,0,0,0,0,0,0,0,0,0,0,0,0,0,0,0,0,0,[0|0|0|0|0|0|0|0|0|0|0|0|0|0]
10000,,1,0,[0|0|0],99999,0,0,0,0,0,0,0,0,0,-1,-1,-1,-1,1.5,0,-1,-1,-1,-1,-1,-1,-1,-1,-1,-1,-1,-1,-1,-1,-1,-1,1,1,1,1,1,1,1,1,-1,0,0,0,0,0,0,0,[0|0],0,0,0,0,0,0,0,0,0,0,0,0,0,-1,-1,1,0,5,3,0,0,255,0,[0|0],0,1,0,0,0,0,0,0,0,-1,-1,0,0,0,0,0,0,0,0,1,1,1,1,1,1,1,109,110,109,110,139,139,139,139,-1,1,0,1,0,0,0,0,0,0,0,0,0,0,0,0,0,0,0,0,0,0,0,0,0,0,0,0,0,0,0,0,0,0,0,0,0,0,0,0,[0|0|0|0],0,0,0,0,0,0,0,0,0,0,0,0,0,0,0,0,0,0,0,0,0,0,0,0,0,0,0,0,0,0,0,0,0,0,0,0,0,0,0,0,0,0,0,0,0,0,0,0,0,0,0,0,0,0,0,0,0,0,0,0,0,0,0,0,0,0,0,0,0,0,0,0,0,0,0,0,0,0,0,0,0,0,0,0,0,0,0,0,0,0,0,0,0,0,0,0,0,0,[0|0|0|0|0|0|0|0|0|0|0|0|0|0]
10100,,1,0,[0|0|0],99999,0,0,0,100,0,0,0,0,0,-1,-1,-1,-1,1,-0.4,-1,-1,-1,-1,-1,-1,-1,-1,-1,-1,-1,-1,-1,-1,-1,-1,1,1,1,1,1,1,1,1,-1,0,0,0,0,0,0,0,[0|0],0,0,0,0,0,0,0,0,0,0,0,0,0,-1,-1,1,0,2,3,1,0,255,0,[0|0],0,0,1,0,0,0,0,0,0,-1,-1,0,0,0,0,0,0,0,0,1,1,1,1,1,1,1,109,50,109,50,139,139,139,139,-1,1,0,1,0,0,0,0,0,0,0,0,0,0,0,0,0,0,0,0,0,0,0,0,0,0,0,0,0,0,0,0,0,0,0,0,0,0,0,0,[0|0|0|0],0,0,0,0,0,0,0,0,0,0,0,0,0,0,0,0,0,0,0,0,0,0,0,0,0,0,0,0,0,0,0,0,0,0,0,0,0,0,0,0,0,0,0,0,0,0,0,0,0,0,0,0,0,0,0,0,0,0,0,0,0,0,0,0,0,0,0,0,0,0,0,0,0,0,0,0,0,0,0,0,0,0,0,0,0,0,0,0,0,0,0,0,0,0,0,0,0,0,[0|0|0|0|0|0|0|0|0|0|0|0|0|0]
10200,,1,0,[0|0|0],99999,0,0,0,0,0,0,0,0,0,-1,-1,-1,-1,1.1,0,-1,-1,-1,-1,-1,-1,-1,-1,-1,-1,-1,-1,-1,-1,-1,-1,1,1,1,1,1,1,1,1,-1,0,0,0,0,0,0,0,[0|0],0,0,0,0,0,0,0,0,0,0,0,0,0,-1,-1,1,0,1,3,2,0,255,0,[0|0],0,0,0,1,0,0,0,0,0,-1,-1,0,0,0,0,0,0,0,0,1,1,1,1,1,1,1,109,50,109,50,139,139,139,139,-1,1,0,1,0,0,0,0,0,0,0,0,0,0,0,0,0,0,0,0,0,0,0,0,0,0,0,0,0,0,0,0,0,0,0,0,0,0,0,0,[0|0|0|0],0,0,0,0,0,0,0,0,0,0,0,0,0,0,0,0,0,0,0,0,0,0,0,0,0,0,0,0,0,0,0,0,0,0,0,0,0,0,0,0,0,0,0,0,0,0,0,0,0,0,0,0,0,0,0,0,0,0,0,0,0,0,0,0,0,0,0,0,0,0,0,0,0,0,0,0,0,0,0,0,0,0,0,0,0,0,0,0,0,0,0,0,0,0,0,0,0,0,[0|0|0|0|0|0|0|0|0|0|0|0|0|0]
10300,,1,0,[0|0|0],99999,0,0,0,0,0,0,0,0,0,-1,-1,-1,-1,1.1,0,-1,-1,-1,-1,-1,-1,-1,-1,-1,-1,-1,-1,-1,-1,-1,-1,1,1,1,1,1,1,1,1,-1,0,0,0,0,0,0,0,[0|0],0,0,0,0,0,0,0,0,0,0,0,0,0,-1,-1,1,0,6,3,3,0,255,0,[0|0],0,0,0,0,1,0,0,0,0,-1,-1,0,0,0,0,0,0,0,0,1,1,1,1,1,1,1,109,50,109,50,139,139,139,139,101,1,0,1,0,0,0,0,0,0,0,0,0,0,0,0,0,0,0,0,0,0,0,0,0,0,0,0,0,0,0,0,0,0,0,0,0,0,0,0,[0|0|0|0],0,0,0,0,0,0,0,0,0,0,0,0,0,0,0,0,0,0,0,0,0,0,0,0,0,0,0,0,0,0,0,0,0,0,0,0,0,0,0,0,0,0,0,0,0,0,0,0,0,0,0,0,0,0,0,0,0,0,0,0,0,0,0,0,0,0,0,0,0,0,0,0,0,0,0,0,0,0,0,0,0,0,0,0,0,0,0,0,0,0,0,0,0,0,0,0,0,0,[0|0|0|0|0|0|0|0|0|0|0|0|0|0]
30000,[Effect] Gnoster Parasite (Egg),0,0,[0|0|0],507000,0,8,8,0,0,0,0,0,0,102401,8970000,102400,7000,1.5,0,-1,-1,-1,-1,-1,-1,-1,-1,-1,-1,-1,-1,-1,-1,-1,-1,1,1,1,1,1,1,1,1,-1,300,0,0,0,0,0,0,[0|0],0,0,0,0,0,0,0,0,12,12,22,8,0,-1,-1,1,0,5,4,0,1,80,0,[0|0],1,1,0,0,0,1,0,0,0,-1,-1,0,0,1,0,0,0,0,0,0.956,0.952,0.958,0.952,0.962,0.962,0.966,109,110,109,110,139,139,139,139,-1,1,0,0.969,0,0,0,0,0,0,0,0,0,0,0,0,0,0,0,0,0,0,0,0,0,0,0,0,0,0,0,0,0,0,0,0,0,0,0,0,[0|0|0|0],0,22,0,0,0,0,0,0,0,0,0,0,0,0,0,0,0,0,0,0,0,0,0,0,0,0,0,0,0,0,0,0,0,0,0,0,0,0,0,0,0,0,0,0,0,0,0,0,0,0,0,0,0,0,0,0,0,0,0,0,0,0,0,0,0,0,0,0,0,0,0,0,0,0,0,0,0,0,0,0,0,0,0,0,0,0,0,0,0,0,0,0,0,0,0,0,0,0,[0|0|0|0|0|0|0|0|0|0|0|0|0|0]
31000,[Effect] Gnoster Parasite (Hatched),0,0,[0|0|0],507000,0,8,8,0,0,0,0,0,0,102401,8970000,102400,7000,1.5,0,-1,-1,-1,-1,-1,-1,-1,-1,-1,-1,-1,-1,-1,-1,-1,-1,1,1,1,1,1,1,1,1,-1,310,0,0,0,0,0,0,[0|0],0,0,0,0,0,0,0,0,12,12,22,8,0,-1,-1,1,0,5,4,0,1,80,0,[0|0],1,1,0,0,0,1,0,0,0,-1,-1,0,0,1,0,0,0,0,0,0.956,0.952,0.958,0.952,0.962,0.962,0.966,109,110,109,110,139,139,139,139,-1,1,0,0.969,0,0,0,0,0,0,0,0,0,0,0,0,0,0,0,0,0,0,0,0,0,0,0,0,0,0,0,0,0,0,0,0,0,0,0,0,[0|0|0|0],0,22,0,0,0,0,0,0,0,0,0,0,0,0,0,0,0,0,0,0,0,0,0,0,0,0,0,0,0,0,0,0,0,0,0,0,0,0,0,0,0,0,0,0,0,0,0,0,0,0,0,0,0,0,0,0,0,0,0,0,0,0,0,0,0,0,0,0,0,0,0,0,0,0,0,0,0,0,0,0,0,0,0,0,0,0,0,0,0,0,0,0,0,0,0,0,0,0,[0|0|0|0|0|0|0|0|0|0|0|0|0|0]
40000,,0,0,[0|0|0],506010,0,8,8,0,0.006,1050,0,200,3.8,-1,-1,-1,7000,1.5,0,-1,-1,-1,-1,-1,-1,-1,-1,-1,-1,-1,-1,-1,-1,-1,-1,1,1,1,1,1,1,1,1,-1,1010,0,0,0,0,0,0,[0|0],0,0,0,0,0,0,0,0,12,12,18,8,0,-1,-1,1,0,5,4,0,1,70,0,[0|0],1,1,0,0,0,1,0,0,0,-1,-1,0,0,1,0,0,0,0,0,0.956,0.96,0.969,0.958,0.975,0.969,0.977,109,110,106,110,106,139,139,139,-1,1,0,0.969,0,0,0,0,0,0,0,0,0,0,0,0,0,0,0,0,0,0,0,0,0,0,0,0,0,0,0,0,0,0,0,0,0,0,0,0,[0|0|0|0],0,18,0,0,0,0,0,0,0,0,0,0,0,0,0,0,0,0,0,0,0,0,0,0,0,0,0,0,0,0,0,0,0,0,0,0,0,0,0,0,0,0,0,0,0,0,0,0,0,0,0,0,0,0,0,0,0,0,0,0,0,0,0,0,0,0,0,0,0,0,0,0,0,0,0,0,0,0,0,0,0,0,0,0,0,0,0,0,0,0,0,0,0,0,0,0,0,0,[0|0|0|0|0|0|0|0|0|0|0|0|0|0]
40100,,0,0,[0|0|0],606000,0,11,11,100,0.018,1150,0,200,8.8,-1,-1,-1,7000,1,-0.4,-1,-1,-1,-1,-1,-1,-1,-1,-1,-1,-1,-1,-1,-1,-1,-1,1,1,1,1,1,1,1,1,-1,1010,0,0,0,0,0,0,[0|0],0,0,0,0,0,0,0,0,25,25,46,21,0,-1,-1,1,0,2,4,1,1,70,0,[0|0],1,0,1,0,0,0,0,0,0,-1,-1,0,0,1,0,0,0,0,0,0.881,0.876,0.898,0.891,0.929,0.891,0.933,109,50,144,50,144,139,139,139,-1,1,0,0.92,0,0,0,0,0,0,0,0,0,0,0,0,0,0,0,0,0,0,0,0,0,0,0,0,0,0,0,0,0,0,0,0,0,0,0,0,[0|0|0|0],0,46,0,0,0,0,0,0,0,0,0,0,0,0,0,0,0,0,0,0,0,0,0,0,0,0,0,0,0,0,0,0,0,0,0,0,0,0,0,0,0,0,0,0,0,0,0,0,0,0,0,0,0,0,0,0,0,0,0,0,0,0,0,0,0,0,0,0,0,0,0,0,0,0,0,0,0,0,0,0,0,0,0,0,0,0,0,0,0,0,0,0,0,0,0,0,0,0,[0|0|0|0|0|0|0|0|0|0|0|0|0|0]
40200,,0,0,[0|0|0],705010,0,6,6,0,0.004,1150,0,200,2.9,-1,-1,-1,7000,1.1,0,-1,-1,-1,-1,-1,-1,-1,-1,-1,-1,-1,-1,-1,-1,-1,-1,1,1,1,1,1,1,1,1,-1,1010,0,0,0,0,0,0,[0|0],0,0,0,0,0,0,0,0,8,8,15,4,0,-1,-1,1,0,1,4,2,1,60,0,[0|0],1,0,0,1,0,0,0,0,0,-1,-1,0,0,1,0,0,0,0,0,0.972,0.971,0.977,0.971,0.979,0.977,0.985,109,50,106,50,106,139,139,139,-1,1,0,0.981,0,0,0,0,0,0,0,0,0,0,0,0,0,0,0,0,0,0,0,0,0,0,0,0,0,0,0,0,0,0,0,0,0,0,0,0,[0|0|0|0],0,15,0,0,0,0,0,0,0,0,0,0,0,0,0,0,0,0,0,0,0,0,0,0,0,0,0,0,0,0,0,0,0,0,0,0,0,0,0,0,0,0,0,0,0,0,0,0,0,0,0,0,0,0,0,0,0,0,0,0,0,0,0,0,0,0,0,0,0,0,0,0,0,0,0,0,0,0,0,0,0,0,0,0,0,0,0,0,0,0,0,0,0,0,0,0,0,0,[0|0|0|0|0|0|0|0|0|0|0|0|0|0]
40300,,0,0,[0|0|0],803000,0,11,11,0,0.011,1250,0,200,5.5,-1,-1,-1,7000,1.1,0,-1,-1,-1,-1,-1,-1,-1,-1,-1,-1,-1,-1,-1,-1,-1,-1,1,1,1,1,1,1,1,1,-1,1010,0,0,0,0,0,0,[0|0],0,0,0,0,0,0,0,0,16,16,29,7,0,-1,-1,1,0,6,4,3,1,40,0,[0|0],1,0,0,0,1,0,0,0,0,-1,-1,0,0,1,0,0,0,0,0,0.935,0.932,0.946,0.932,0.95,0.946,0.966,109,50,108,50,108,139,108,139,111,1,0,0.955,0,0,0,0,0,0,0,0,0,0,0,0,0,0,0,0,0,0,0,0,0,0,0,0,0,0,0,0,0,0,0,0,0,0,0,0,[0|0|0|0],0,29,0,0,0,0,0,0,0,0,0,0,0,0,0,0,0,0,0,0,0,0,0,0,0,0,0,0,0,0,0,0,0,0,0,0,0,0,0,0,0,0,0,0,0,0,0,0,0,0,0,0,0,0,0,0,0,0,0,0,0,0,0,0,0,0,0,0,0,0,0,0,0,0,0,0,0,0,0,0,0,0,0,0,0,0,0,0,0,0,0,0,0,0,0,0,0,0,[0|0|0|0|0|0|0|0|0|0|0|0|0|0]
50000,,0,0,[0|0|0],506080,0,9,9,0,0.07,600,0,100,4,-1,-1,-1,7000,1.5,0,-1,-1,-1,-1,-1,-1,-1,-1,-1,-1,-1,-1,-1,-1,-1,-1,1,1,1,1,1,1,1,1,-1,1840,0,0,0,0,0,0,[0|0],0,0,0,0,0,0,0,0,12,12,22,9,0,-1,-1,1,0,5,4,0,1,70,0,[0|0],1,1,0,0,0,1,0,0,0,-1,-1,0,0,1,0,0,0,0,0,0.956,0.956,0.966,0.956,0.969,0.966,0.972,109,110,106,110,106,139,139,139,-1,1,0,0.969,0,0,0,0,0,0,0,0,0,0,0,0,0,0,0,0,0,0,0,0,0,0,0,0,0,0,0,0,0,0,0,0,0,0,0,0,[0|0|0|0],0,22,0,0,0,0,0,0,0,0,0,0,0,0,0,0,0,0,0,0,0,0,0,0,0,0,0,0,0,0,0,0,0,0,0,0,0,0,0,0,0,0,0,0,0,0,0,0,0,0,0,0,0,0,0,0,0,0,0,0,0,0,0,0,0,0,0,0,0,0,0,0,0,0,0,0,0,0,0,0,0,0,0,0,0,0,0,0,0,0,0,0,0,0,0,0,0,0,[0|0|0|0|0|0|0|0|0|0|0|0|0|0]
50100,,0,0,[0|0|0],606020,0,11,11,100,0.018,600,0,100,8.8,-1,-1,-1,7000,1,-0.4,-1,-1,-1,-1,-1,-1,-1,-1,-1,-1,-1,-1,-1,-1,-1,-1,1,1,1,1,1,1,1,1,-1,1840,0,0,0,0,0,0,[0|0],0,0,0,0,0,0,0,0,25,25,55,11,0,-1,-1,1,0,2,4,1,1,70,0,[0|0],1,0,1,0,0,0,0,0,0,-1,-1,0,0,1,0,0,0,0,0,0.881,0.881,0.912,0.881,0.92,0.912,0.929,109,50,144,50,144,139,139,139,-1,1,0,0.92,0,0,0,0,0,0,0,0,0,0,0,0,0,0,0,0,0,0,0,0,0,0,0,0,0,0,0,0,0,0,0,0,0,0,0,0,[0|0|0|0],0,55,0,0,0,0,0,0,0,0,0,0,0,0,0,0,0,0,0,0,0,0,0,0,0,0,0,0,0,0,0,0,0,0,0,0,0,0,0,0,0,0,0,0,0,0,0,0,0,0,0,0,0,0,0,0,0,0,0,0,0,0,0,0,0,0,0,0,0,0,0,0,0,0,0,0,0,0,0,0,0,0,0,0,0,0,0,0,0,0,0,0,0,0,0,0,0,0,[0|0|0|0|0|0|0|0|0|0|0|0|0|0]
50200,,0,0,[0|0|0],705090,0,6,6,0,0.004,600,0,100,2.9,-1,-1,-1,7000,1.1,0,-1,-1,-1,-1,-1,-1,-1,-1,-1,-1,-1,-1,-1,-1,-1,-1,1,1,1,1,1,1,1,1,-1,1840,0,0,0,0,0,0,[0|0],0,0,0,0,0,0,0,0,8,8,15,6,0,-1,-1,1,0,1,4,2,1,60,0,[0|0],1,0,0,1,0,0,0,0,0,-1,-1,0,0,1,0,0,0,0,0,0.971,0.971,0.979,0.971,0.981,0.979,0.983,109,50,106,50,106,139,139,139,-1,1,0,0.981,0,0,0,0,0,0,0,0,0,0,0,0,0,0,0,0,0,0,0,0,0,0,0,0,0,0,0,0,0,0,0,0,0,0,0,0,[0|0|0|0],0,15,0,0,0,0,0,0,0,0,0,0,0,0,0,0,0,0,0,0,0,0,0,0,0,0,0,0,0,0,0,0,0,0,0,0,0,0,0,0,0,0,0,0,0,0,0,0,0,0,0,0,0,0,0,0,0,0,0,0,0,0,0,0,0,0,0,0,0,0,0,0,0,0,0,0,0,0,0,0,0,0,0,0,0,0,0,0,0,0,0,0,0,0,0,0,0,0,[0|0|0|0|0|0|0|0|0|0|0|0|0|0]
50300,,0,0,[0|0|0],805080,0,7,7,0,0.01,600,0,100,5.1,-1,-1,-1,7000,1.1,0,-1,-1,-1,-1,-1,-1,-1,-1,-1,-1,-1,-1,-1,-1,-1,-1,1,1,1,1,1,1,1,1,-1,1840,0,0,0,0,0,0,[0|0],0,0,0,0,0,0,0,0,15,15,26,7,0,-1,-1,1,0,6,4,3,1,60,0,[0|0],1,0,0,0,1,0,0,0,0,-1,-1,0,0,1,0,0,0,0,0,0.935,0.935,0.955,0.935,0.96,0.955,0.962,109,50,108,50,108,139,108,139,111,1,0,0.96,0,0,0,0,0,0,0,0,0,0,0,0,0,0,0,0,0,0,0,0,0,0,0,0,0,0,0,0,0,0,0,0,0,0,0,0,[0|0|0|0],0,26,0,0,0,0,0,0,0,0,0,0,0,0,0,0,0,0,0,0,0,0,0,0,0,0,0,0,0,0,0,0,0,0,0,0,0,0,0,0,0,0,0,0,0,0,0,0,0,0,0,0,0,0,0,0,0,0,0,0,0,0,0,0,0,0,0,0,0,0,0,0,0,0,0,0,0,0,0,0,0,0,0,0,0,0,0,0,0,0,0,0,0,0,0,0,0,0,[0|0|0|0|0|0|0|0|0|0|0|0|0|0]
1000000,[NPC] Dead Maiden (Head),0,0,[0|0|0],507000,0,8,8,0,0,1050,0,200,0,45880,-1,-1,7000,1.5,0,-1,-1,-1,-1,-1,-1,-1,-1,-1,-1,-1,-1,-1,-1,-1,-1,1,1,1,1,1,1,1,1,-1,0,0,0,0,0,0,0,[0|0],0,0,0,0,0,0,0,0,12,12,22,8,0,-1,-1,1,0,1,0,0,1,80,0,[0|0],1,1,0,0,0,1,0,0,0,-1,-1,0,0,1,0,0,0,0,0,0.956,0.952,0.958,0.952,0.962,0.962,0.966,109,110,113,110,113,139,139,139,-1,1,0,0.969,0,0,0,0,0,0,0,0,0,0,0,0,0,0,0,0,0,0,0,0,0,0,0,0,0,0,0,0,0,0,0,0,0,0,0,0,[0|0|0|0],0,22,0,0,0,0,0,0,0,0,0,0,0,0,0,0,0,0,0,0,0,0,0,0,0,0,0,0,0,0,0,0,0,0,0,0,0,0,0,0,0,0,0,0,0,0,0,0,0,0,0,0,0,0,0,0,0,0,0,0,0,0,0,0,0,0,0,0,0,0,0,0,0,0,0,0,0,0,0,0,0,0,0,0,0,0,0,0,0,0,0,0,0,0,0,0,0,0,[0|0|0|0|0|0|0|0|0|0|0|0|0|0]
1000100,[NPC] Dead Maiden (Body) [Model],0,0,[0|0|0],604110,0,34,34,100,0.04,1150,0,200,0,102400,102401,-1,7000,1,-0.4,-1,-1,-1,-1,-1,-1,-1,-1,-1,-1,-1,-1,-1,-1,-1,-1,1,1,1,1,1,1,1,1,-1,1427,0,0,0,0,0,0,[0|0],0,0,0,0,0,0,0,0,64,64,25,34,0,-1,-1,1,0,2,4,1,2,50,0,[0|0],1,0,1,0,0,0,0,0,0,-1,-1,0,0,1,0,0,0,0,0,0.939,0.939,0.939,0.939,0.92,0.92,0.898,109,50,113,50,113,139,139,139,-1,1,0,0.92,0,0,0,0,0,0,0,0,0,0,0,0,0,0,0,0,0,0,0,0,0,0,0,0,0,0,0,0,0,0,0,0,0,0,0,0,[0|0|0|0],0,25,0,0,0,0,0,0,0,0,0,0,0,0,0,0,0,0,0,0,0,0,0,0,0,0,0,0,0,0,0,0,0,0,0,0,0,0,0,0,0,0,0,0,0,0,0,0,0,0,0,0,0,0,0,0,0,0,0,0,0,0,0,0,0,0,0,0,0,0,0,0,0,0,0,0,0,0,0,0,0,0,0,0,0,0,0,0,0,0,0,0,0,0,0,0,0,0,[0|0|0|0|0|0|0|0|0|0|0|0|0|0]
1000200,[NPC] Dead Maiden (Arms),0,0,[0|0|0],706000,0,6,6,0,0,1150,0,200,0,602990,4710,-1,7000,1.1,0,-1,-1,-1,-1,-1,-1,-1,-1,-1,-1,-1,-1,-1,-1,-1,-1,1,1,1,1,1,1,1,1,-1,0,0,0,0,0,0,0,[0|0],0,0,0,0,0,0,0,0,9,9,17,6,0,-1,-1,1,0,1,0,2,1,70,0,[0|0],1,0,0,1,0,0,0,0,0,-1,-1,0,0,1,0,0,0,0,0,0.969,0.967,0.971,0.967,0.973,0.973,0.977,109,50,113,50,113,139,139,139,-1,1,0,0.979,0,0,0,0,0,0,0,0,0,0,0,0,0,0,0,0,0,0,0,0,0,0,0,0,0,0,0,0,0,0,0,0,0,0,0,0,[0|0|0|0],0,17,0,0,0,0,0,0,0,0,0,0,0,0,0,0,0,0,0,0,0,0,0,0,0,0,0,0,0,0,0,0,0,0,0,0,0,0,0,0,0,0,0,0,0,0,0,0,0,0,0,0,0,0,0,0,0,0,0,0,0,0,0,0,0,0,0,0,0,0,0,0,0,0,0,0,0,0,0,0,0,0,0,0,0,0,0,0,0,0,0,0,0,0,0,0,0,0,[0|0|0|0|0|0|0|0|0|0|0|0|0|0]
1000300,[NPC] Dead Maiden (Legs),0,0,[0|0|0],806000,0,11,11,0,0,1250,0,200,0,99800,-1,-1,7000,1.1,0,-1,-1,-1,-1,-1,-1,-1,-1,-1,-1,-1,-1,-1,-1,-1,-1,1,1,1,1,1,1,1,1,-1,0,0,0,0,0,0,0,[0|0],0,0,0,0,0,0,0,0,17,17,31,11,0,-1,-1,1,0,1,0,3,1,70,0,[0|0],1,0,0,0,1,0,0,0,0,-1,-1,0,0,1,0,0,0,0,0,0.929,0.923,0.932,0.923,0.938,0.938,0.946,109,50,109,50,139,139,139,139,111,1,0,0.95,0,0,0,0,0,0,0,0,0,0,0,0,0,0,0,0,0,0,0,0,0,0,0,0,0,0,0,0,0,0,0,0,0,0,0,0,[0|0|0|0],0,31,0,0,0,0,0,0,0,0,0,0,0,0,0,0,0,0,0,0,0,0,0,0,0,0,0,0,0,0,0,0,0,0,0,0,0,0,0,0,0,0,0,0,0,0,0,0,0,0,0,0,0,0,0,0,0,0,0,0,0,0,0,0,0,0,0,0,0,0,0,0,0,0,0,0,0,0,0,0,0,0,0,0,0,0,0,0,0,0,0,0,0,0,0,0,0,0,[0|0|0|0|0|0|0|0|0|0|0|0|0|0]
5000000,[Wylder] Default (Head),1,0,[0|0|0],507000,0,0,0,0,0,1050,0,200,0,-1,-1,-1,7000,1.5,0,-1,-1,-1,-1,-1,-1,-1,-1,-1,-1,-1,-1,-1,-1,-1,-1,1,1,1,1,1,1,1,1,-1,0,0,0,0,0,0,0,[0|0],0,0,0,0,0,0,0,0,0,0,0,0,0,-1,-1,1,0,1,0,0,1,80,0,[0|0],1,1,0,0,0,1,0,0,0,-1,-1,0,0,1,0,0,0,0,0,1,1,1,1,1,1,1,109,110,106,110,106,139,139,139,-1,1,0,1,0,0,0,0,0,0,0,0,0,0,0,0,0,0,0,0,0,0,0,0,0,0,0,0,0,0,0,0,0,0,0,0,0,0,0,0,[0|0|0|0],0,0,0,0,0,0,0,0,0,0,0,0,0,0,0,0,0,0,0,0,0,0,0,0,0,0,0,0,0,0,0,0,0,0,0,0,0,0,0,0,0,0,0,0,0,0,0,0,0,0,0,0,0,0,0,0,0,0,0,0,0,0,0,0,0,0,0,0,0,0,0,0,0,0,0,0,0,0,0,0,0,0,0,0,0,0,0,0,0,0,0,0,0,0,0,0,0,0,[0|0|0|0|0|0|0|0|0|0|0|0|0|0]
5000100,[Wylder] Default (Body) [Model],1,0,[0|0|0],604110,0,59,59,100,0.04,1150,0,200,0,102400,102401,-1,7000,1,-0.4,-1,-1,-1,-1,-1,-1,-1,-1,-1,-1,-1,-1,-1,-1,-1,-1,1,1,1,1,1,1,1,1,-1,5000,0,0,0,0,0,0,[0|0],0,0,0,0,0,0,0,0,102,102,95,59,0,-1,-1,1,0,2,4,1,2,50,0,[0|0],1,0,1,0,0,0,0,0,0,-1,-1,0,0,1,0,0,0,0,0,0.81,0.8,0.81,0.8,0.81,0.81,0.8,109,50,108,50,113,139,139,139,-1,1,0,0.83,0,0,0,0,0,0,0,0,0,0,0,0,0,0,0,0,0,0,0,0,0,0,0,0,0,0,0,0,0,0,0,0,0,0,0,0,[0|0|0|0],0,95,0,0,0,0,0,0,0,0,0,0,0,0,0,0,0,0,0,0,0,0,0,0,0,0,0,0,0,0,0,0,0,0,0,0,0,0,0,0,0,0,0,0,0,0,0,0,0,0,0,0,0,0,0,0,0,0,0,0,0,0,0,0,0,0,0,0,0,0,0,0,0,0,0,0,0,0,0,0,0,0,0,0,0,0,0,0,0,0,0,0,0,0,0,0,0,0,[0|0|0|0|0|0|0|0|0|0|0|0|0|0]
5000200,[Wylder] Default (Arms),1,0,[0|0|0],706000,0,0,0,0,0,1150,0,200,0,602990,4710,7999000,7000,1.1,0,-1,-1,-1,-1,-1,-1,-1,-1,-1,-1,-1,-1,-1,-1,-1,-1,1,1,1,1,1,1,1,1,-1,0,0,0,0,0,0,0,[0|0],0,0,0,0,0,0,0,0,0,0,0,0,0,-1,-1,1,0,1,0,2,1,70,0,[0|0],1,0,0,1,0,0,0,0,0,-1,-1,0,0,1,0,0,0,0,0,1,1,1,1,1,1,1,109,50,108,50,108,139,139,139,-1,1,0,1,0,0,0,0,0,0,0,0,0,0,0,0,0,0,0,0,0,0,0,0,0,0,0,0,0,0,0,0,0,0,0,0,0,0,0,0,[0|0|0|0],0,0,0,0,0,0,0,0,0,0,0,0,0,0,0,0,0,0,0,0,0,0,0,0,0,0,0,0,0,0,0,0,0,0,0,0,0,0,0,0,0,0,0,0,0,0,0,0,0,0,0,0,0,0,0,0,0,0,0,0,0,0,0,0,0,0,0,0,0,0,0,0,0,0,0,0,0,0,0,0,0,0,0,0,0,0,0,0,0,0,0,0,0,0,0,0,0,0,[0|0|0|0|0|0|0|0|0|0|0|0|0|0]
5000300,[Wylder] Default (Legs),1,0,[0|0|0],806000,0,0,0,0,0,1250,0,200,0,99800,705012,49300,7000,1.1,0,-1,-1,-1,-1,-1,-1,-1,-1,-1,-1,-1,-1,-1,-1,-1,-1,1,1,1,1,1,1,1,1,-1,0,0,0,0,0,0,0,[0|0],0,0,0,0,0,0,0,0,0,0,0,0,0,-1,-1,1,0,1,0,3,1,70,0,[0|0],1,0,0,0,1,0,0,0,0,-1,-1,0,0,1,0,0,0,0,0,1,1,1,1,1,1,1,109,50,108,50,108,139,139,139,111,1,0,1,0,0,0,0,0,0,0,0,0,0,0,0,0,0,0,0,0,0,0,0,0,0,0,0,0,0,0,0,0,0,0,0,0,0,0,0,[0|0|0|0],0,0,0,0,0,0,0,0,0,0,0,0,0,0,0,0,0,0,0,0,0,0,0,0,0,0,0,0,0,0,0,0,0,0,0,0,0,0,0,0,0,0,0,0,0,0,0,0,0,0,0,0,0,0,0,0,0,0,0,0,0,0,0,0,0,0,0,0,0,0,0,0,0,0,0,0,0,0,0,0,0,0,0,0,0,0,0,0,0,0,0,0,0,0,0,0,0,0,[0|0|0|0|0|0|0|0|0|0|0|0|0|0]
5000900,[Wylder] Change Skill to Bird (Legs),1,0,[0|0|0],806000,0,0,0,0,0,1250,0,200,0,104900,-1,-1,7000,1.1,0,-1,-1,-1,-1,-1,-1,-1,-1,-1,-1,-1,-1,-1,-1,-1,-1,1,1,1,1,1,1,1,1,-1,0,0,0,0,0,0,0,[0|0],0,0,0,0,0,0,0,0,0,0,0,0,0,-1,-1,1,0,1,0,3,1,70,0,[0|0],1,0,0,0,1,0,0,0,0,-1,-1,0,0,1,0,0,0,0,0,1,1,1,1,1,1,1,109,50,108,50,108,139,139,139,111,1,0,1,0,0,0,0,0,0,0,0,0,0,0,0,0,0,0,0,0,0,0,0,0,0,0,0,0,0,0,0,0,0,0,0,0,0,0,0,[0|0|0|0],0,0,0,0,0,0,0,0,0,0,0,0,0,0,0,0,0,0,0,0,0,0,0,0,0,0,0,0,0,0,0,0,0,0,0,0,0,0,0,0,0,0,0,0,0,0,0,0,0,0,0,0,0,0,0,0,0,0,0,0,0,0,0,0,0,0,0,0,0,0,0,0,0,0,0,0,0,0,0,0,0,0,0,0,0,0,0,0,0,0,0,0,0,0,0,0,0,0,[0|0|0|0|0|0|0|0|0|0|0|0|0|0]
5001000,[Guardian] Default (Head),1,0,[0|0|0],507000,0,0,0,0,0,1050,0,200,0,-1,-1,-1,7000,1.5,0,-1,-1,-1,-1,-1,-1,-1,-1,-1,-1,-1,-1,-1,-1,-1,-1,1,1,1,1,1,1,1,1,-1,0,0,0,0,0,0,0,[0|0],0,0,0,0,0,0,0,0,0,0,0,0,0,-1,-1,1,0,1,0,0,1,80,0,[0|0],1,1,0,0,0,1,0,0,0,-1,-1,0,0,1,0,0,0,0,0,1,1,1,1,1,1,1,109,110,109,110,139,139,139,139,-1,1,0,1,0,0,0,0,0,0,0,0,0,0,0,0,0,0,0,0,0,0,0,0,0,0,0,0,0,0,0,0,0,0,0,0,0,0,0,0,[0|0|0|0],0,0,0,0,0,0,0,0,0,0,0,0,0,0,0,0,0,0,0,0,0,0,0,0,0,0,0,0,0,0,0,0,0,0,0,0,0,0,0,0,0,0,0,0,0,0,0,0,0,0,0,0,0,0,0,0,0,0,0,0,0,0,0,0,0,0,0,0,0,0,0,0,0,0,0,0,0,0,0,0,0,0,0,0,0,0,0,0,0,0,0,0,0,0,0,0,0,0,[0|0|0|0|0|0|0|0|0|0|0|0|0|0]
5001100,[Guardian] Default (Body) [Model],1,0,[0|0|0],604110,0,69,69,100,0.12,1150,0,200,0,102400,102401,701550,7000,1,-0.4,-1,-1,-1,-1,-1,-1,-1,-1,-1,-1,-1,-1,-1,-1,-1,-1,1,1,1,1,1,1,1,1,-1,5010,0,0,0,0,0,0,[0|0],0,0,0,0,0,0,0,0,112,112,85,59,0,-1,-1,1,0,2,4,1,2,50,0,[0|0],1,0,1,0,0,0,0,0,0,-1,-1,0,0,1,0,0,0,0,0,0.722,0.7125,0.722,0.76,0.729,0.774,0.765,109,50,106,50,106,139,139,139,-1,1,0,0.747,0,0,0,0,0,0,0,0,0,0,0,0,0,0,0,0,0,0,0,0,0,0,0,0,0,0,0,0,0,0,0,0,0,0,0,0,[0|0|0|0],0,85,0,0,0,0,0,0,0,0,0,0,0,0,0,0,0,0,0,0,0,0,0,0,0,0,0,0,0,0,0,0,0,0,0,0,0,0,0,0,0,0,0,0,0,0,0,0,0,0,0,0,0,0,0,0,0,0,0,0,0,0,0,0,0,0,0,0,0,0,0,0,0,0,0,0,0,0,0,0,0,0,0,0,0,0,0,0,0,0,0,0,0,0,0,0,0,0,[0|0|0|0|0|0|0|0|0|0|0|0|0|0]
5001200,[Guardian] Default (Arms),1,0,[0|0|0],706000,0,0,0,0,0,1150,0,200,0,602990,4710,7999010,7000,1.1,0,-1,-1,-1,-1,-1,-1,-1,-1,-1,-1,-1,-1,-1,-1,-1,-1,1,1,1,1,1,1,1,1,-1,0,0,0,0,0,0,0,[0|0],0,0,0,0,0,0,0,0,0,0,0,0,0,-1,-1,1,0,1,0,2,1,70,0,[0|0],1,0,0,1,0,0,0,0,0,-1,-1,0,0,1,0,0,0,0,0,1,1,1,1,1,1,1,109,50,106,50,106,139,139,139,-1,1,0,1,0,0,0,0,0,0,0,0,0,0,0,0,0,0,0,0,0,0,0,0,0,0,0,0,0,0,0,0,0,0,0,0,0,0,0,0,[0|0|0|0],0,0,0,0,0,0,0,0,0,0,0,0,0,0,0,0,0,0,0,0,0,0,0,0,0,0,0,0,0,0,0,0,0,0,0,0,0,0,0,0,0,0,0,0,0,0,0,0,0,0,0,0,0,0,0,0,0,0,0,0,0,0,0,0,0,0,0,0,0,0,0,0,0,0,0,0,0,0,0,0,0,0,0,0,0,0,0,0,0,0,0,0,0,0,0,0,0,0,[0|0|0|0|0|0|0|0|0|0|0|0|0|0]
5001300,[Guardian] Default (Legs),1,0,[0|0|0],806000,0,0,0,0,0,1250,0,200,0,99800,705012,49310,7000,1.1,0,-1,-1,-1,-1,-1,-1,-1,-1,-1,-1,-1,-1,-1,-1,-1,-1,1,1,1,1,1,1,1,1,-1,0,0,0,0,0,0,0,[0|0],0,0,0,0,0,0,0,0,0,0,0,0,0,-1,-1,1,0,1,0,3,1,70,0,[0|0],1,0,0,0,1,0,0,0,0,-1,-1,0,0,1,0,0,0,0,0,1,1,1,1,1,1,1,109,50,113,50,113,139,139,139,161,1,0,1,0,0,0,0,0,0,0,0,0,0,0,0,0,0,0,0,0,0,0,0,0,0,0,0,0,0,0,0,0,0,0,0,0,0,0,0,[0|0|0|0],0,0,0,0,0,0,0,0,0,0,0,0,0,0,0,0,0,0,0,0,0,0,0,0,0,0,0,0,0,0,0,0,0,0,0,0,0,0,0,0,0,0,0,0,0,0,0,0,0,0,0,0,0,0,0,0,0,0,0,0,0,0,0,0,0,0,0,0,0,0,0,0,0,0,0,0,0,0,0,0,0,0,0,0,0,0,0,0,0,0,0,0,0,0,0,0,0,0,[0|0|0|0|0|0|0|0|0|0|0|0|0|0]
5002000,[Ironeye] Default (Head),0,0,[0|0|0],507000,0,0,0,0,0,1050,0,200,0,-1,-1,-1,7000,1.5,0,-1,-1,-1,-1,-1,-1,-1,-1,-1,-1,-1,-1,-1,-1,-1,-1,1,1,1,1,1,1,1,1,-1,0,0,0,0,0,0,0,[0|0],0,0,0,0,0,0,0,0,0,0,0,0,0,-1,-1,1,0,1,0,0,1,80,0,[0|0],1,1,0,0,0,1,0,0,0,-1,-1,0,0,1,0,0,0,0,0,1,1,1,1,1,1,1,109,110,108,110,108,139,139,139,-1,1,0,1,0,0,0,0,0,0,0,0,0,0,0,0,0,0,0,0,0,0,0,0,0,0,0,0,0,0,0,0,0,0,0,0,0,0,0,0,[0|0|0|0],0,0,0,0,0,0,0,0,0,0,0,0,0,0,0,0,0,0,0,0,0,0,0,0,0,0,0,0,0,0,0,0,0,0,0,0,0,0,0,0,0,0,0,0,0,0,0,0,0,0,0,0,0,0,0,0,0,0,0,0,0,0,0,0,0,0,0,0,0,0,0,0,0,0,0,0,0,0,0,0,0,0,0,0,0,0,0,0,0,0,0,0,0,0,0,0,0,0,[0|0|0|0|0|0|0|0|0|0|0|0|0|0]
5002100,[Ironeye] Default (Body) [Model],0,0,[0|0|0],604110,0,59,59,100,0.04,1150,0,200,0,102400,102401,702000,7000,1,-0.4,-1,-1,-1,-1,-1,-1,-1,-1,-1,-1,-1,-1,-1,-1,-1,-1,1,1,1,1,1,1,1,1,-1,5020,0,0,0,0,0,0,[0|0],0,0,0,0,0,0,0,0,112,112,85,59,0,-1,-1,1,0,2,4,1,2,50,0,[0|0],1,0,1,0,0,0,0,0,0,-1,-1,0,0,1,0,0,0,0,0,0.81,0.85,0.86,0.85,0.81,0.86,0.8,109,50,144,50,144,139,139,139,-1,1,0,0.83,0,0,0,0,0,0,0,0,0,0,0,0,0,0,0,0,0,0,0,0,0,0,0,0,0,0,0,0,0,0,0,0,0,0,0,0,[0|0|0|0],0,85,0,0,0,0,0,0,0,0,0,0,0,0,0,0,0,0,0,0,0,0,0,0,0,0,0,0,0,0,0,0,0,0,0,0,0,0,0,0,0,0,0,0,0,0,0,0,0,0,0,0,0,0,0,0,0,0,0,0,0,0,0,0,0,0,0,0,0,0,0,0,0,0,0,0,0,0,0,0,0,0,0,0,0,0,0,0,0,0,0,0,0,0,0,0,0,0,[0|0|0|0|0|0|0|0|0|0|0|0|0|0]
5002200,[Ironeye] Default (Arms),0,0,[0|0|0],706000,0,0,0,0,0,1150,0,200,0,602990,4710,7999020,7000,1.1,0,-1,-1,-1,-1,-1,-1,-1,-1,-1,-1,-1,-1,-1,-1,-1,-1,1,1,1,1,1,1,1,1,-1,0,0,0,0,0,0,0,[0|0],0,0,0,0,0,0,0,0,0,0,0,0,0,-1,-1,1,0,1,0,2,1,70,0,[0|0],1,0,0,1,0,0,0,0,0,-1,-1,0,0,1,0,0,0,0,0,1,1,1,1,1,1,1,109,50,108,50,108,139,139,139,-1,1,0,1,0,0,0,0,0,0,0,0,0,0,0,0,0,0,0,0,0,0,0,0,0,0,0,0,0,0,0,0,0,0,0,0,0,0,0,0,[0|0|0|0],0,0,0,0,0,0,0,0,0,0,0,0,0,0,0,0,0,0,0,0,0,0,0,0,0,0,0,0,0,0,0,0,0,0,0,0,0,0,0,0,0,0,0,0,0,0,0,0,0,0,0,0,0,0,0,0,0,0,0,0,0,0,0,0,0,0,0,0,0,0,0,0,0,0,0,0,0,0,0,0,0,0,0,0,0,0,0,0,0,0,0,0,0,0,0,0,0,0,[0|0|0|0|0|0|0|0|0|0|0|0|0|0]
5002300,[Ironeye] Default (Legs),0,0,[0|0|0],806000,0,0,0,0,0,1250,0,200,0,99800,705012,49320,7000,1.1,0,-1,-1,-1,-1,-1,-1,-1,-1,-1,-1,-1,-1,-1,-1,-1,-1,1,1,1,1,1,1,1,1,-1,0,0,0,0,0,0,0,[0|0],0,0,0,0,0,0,0,0,0,0,0,0,0,-1,-1,1,0,1,0,3,1,70,0,[0|0],1,0,0,0,1,0,0,0,0,-1,-1,0,0,1,0,0,0,0,0,1,1,1,1,1,1,1,109,50,108,50,108,139,139,139,111,1,0,1,0,0,0,0,0,0,0,0,0,0,0,0,0,0,0,0,0,0,0,0,0,0,0,0,0,0,0,0,0,0,0,0,0,0,0,0,[0|0|0|0],0,0,0,0,0,0,0,0,0,0,0,0,0,0,0,0,0,0,0,0,0,0,0,0,0,0,0,0,0,0,0,0,0,0,0,0,0,0,0,0,0,0,0,0,0,0,0,0,0,0,0,0,0,0,0,0,0,0,0,0,0,0,0,0,0,0,0,0,0,0,0,0,0,0,0,0,0,0,0,0,0,0,0,0,0,0,0,0,0,0,0,0,0,0,0,0,0,0,[0|0|0|0|0|0|0|0|0|0|0|0|0|0]
5002500,[Ironeye] No Quiver (Traitor) [Model],0,0,[0|0|0],604110,0,59,59,100,0.04,1150,0,200,0,102400,102401,-1,7000,1,-0.4,-1,-1,-1,-1,-1,-1,-1,-1,-1,-1,-1,-1,-1,-1,-1,-1,1,1,1,1,1,1,1,1,-1,5025,0,0,0,0,0,0,[0|0],0,0,0,0,0,0,0,0,112,112,85,59,0,-1,-1,1,0,2,4,1,2,50,0,[0|0],1,0,1,0,0,0,0,0,0,-1,-1,0,0,1,0,0,0,0,0,0.81,0.85,0.86,0.85,0.81,0.86,0.8,109,50,144,50,144,139,139,139,-1,1,0,0.83,0,0,0,0,0,0,0,0,0,0,0,0,0,0,0,0,0,0,0,0,0,0,0,0,0,0,0,0,0,0,0,0,0,0,0,0,[0|0|0|0],0,85,0,0,0,0,0,0,0,0,0,0,0,0,0,0,0,0,0,0,0,0,0,0,0,0,0,0,0,0,0,0,0,0,0,0,0,0,0,0,0,0,0,0,0,0,0,0,0,0,0,0,0,0,0,0,0,0,0,0,0,0,0,0,0,0,0,0,0,0,0,0,0,0,0,0,0,0,0,0,0,0,0,0,0,0,0,0,0,0,0,0,0,0,0,0,0,0,[0|0|0|0|0|0|0|0|0|0|0|0|0|0]
5003000,[Duchess] Default (Head),1,0,[0|0|0],507000,0,0,0,0,0,1050,0,200,0,-1,-1,-1,7000,1.5,0,-1,-1,-1,-1,-1,-1,-1,-1,-1,-1,-1,-1,-1,-1,-1,-1,1,1,1,1,1,1,1,1,-1,0,0,0,0,0,0,0,[0|0],0,0,0,0,0,0,0,0,0,0,0,0,0,-1,-1,1,0,1,0,0,1,80,0,[0|0],1,1,0,0,0,1,0,0,0,-1,-1,0,0,1,0,0,0,0,0,1,1,1,1,1,1,1,109,110,109,110,139,139,139,139,-1,1,0,1,0,0,0,0,0,0,0,0,0,0,0,0,0,0,0,0,0,0,0,0,0,0,0,0,0,0,0,0,0,0,0,0,0,0,0,0,[0|0|0|0],0,0,0,0,0,0,0,0,0,0,0,0,0,0,0,0,0,0,0,0,0,0,0,0,0,0,0,0,0,0,0,0,0,0,0,0,0,0,0,0,0,0,0,0,0,0,0,0,0,0,0,0,0,0,0,0,0,0,0,0,0,0,0,0,0,0,0,0,0,0,0,0,0,0,0,0,0,0,0,0,0,0,0,0,0,0,0,0,0,0,0,0,0,0,0,0,0,0,[0|0|0|0|0|0|0|0|0|0|0|0|0|0]
5003100,[Duchess] Default (Body) [Model],1,0,[0|0|0],604110,0,69,69,100,0.04,1150,0,200,0,102400,102401,-1,7000,1,-0.4,-1,-1,-1,-1,-1,-1,-1,-1,-1,-1,-1,-1,-1,-1,-1,-1,1,1,1,1,1,1,1,1,-1,5030,0,0,0,0,0,0,[0|0],0,0,0,0,0,0,0,0,102,102,85,59,0,-1,-1,1,0,2,4,1,2,50,0,[0|0],1,0,1,0,0,0,0,0,0,-1,-1,0,0,1,0,0,0,0,0,0.81,0.85,0.86,0.85,0.72,0.78,0.78,109,50,113,50,113,139,139,139,-1,1,0,0.77,0,0,0,0,0,0,0,0,0,0,0,0,0,0,0,0,0,0,0,0,0,0,0,0,0,0,0,0,0,0,0,0,0,0,0,0,[0|0|0|0],0,85,0,0,0,0,0,0,0,0,0,0,0,0,0,0,0,0,0,0,0,0,0,0,0,0,0,0,0,0,0,0,0,0,0,0,0,0,0,0,0,0,0,0,0,0,0,0,0,0,0,0,0,0,0,0,0,0,0,0,0,0,0,0,0,0,0,0,0,0,0,0,0,0,0,0,0,0,0,0,0,0,0,0,0,0,0,0,0,0,0,0,0,0,0,0,0,0,[0|0|0|0|0|0|0|0|0|0|0|0|0|0]
5003200,[Duchess] Default (Arms),1,0,[0|0|0],706000,0,0,0,0,0,1150,0,200,0,602990,4710,7999030,7000,1.1,0,-1,-1,-1,-1,-1,-1,-1,-1,-1,-1,-1,-1,-1,-1,-1,-1,1,1,1,1,1,1,1,1,-1,0,0,0,0,0,0,0,[0|0],0,0,0,0,0,0,0,0,0,0,0,0,0,-1,-1,1,0,1,0,2,1,70,0,[0|0],1,0,0,1,0,0,0,0,0,-1,-1,0,0,1,0,0,0,0,0,1,1,1,1,1,1,1,109,50,113,50,113,139,139,139,-1,1,0,1,0,0,0,0,0,0,0,0,0,0,0,0,0,0,0,0,0,0,0,0,0,0,0,0,0,0,0,0,0,0,0,0,0,0,0,0,[0|0|0|0],0,0,0,0,0,0,0,0,0,0,0,0,0,0,0,0,0,0,0,0,0,0,0,0,0,0,0,0,0,0,0,0,0,0,0,0,0,0,0,0,0,0,0,0,0,0,0,0,0,0,0,0,0,0,0,0,0,0,0,0,0,0,0,0,0,0,0,0,0,0,0,0,0,0,0,0,0,0,0,0,0,0,0,0,0,0,0,0,0,0,0,0,0,0,0,0,0,0,[0|0|0|0|0|0|0|0|0|0|0|0|0|0]
5003300,[Duchess] Default (Legs),1,0,[0|0|0],806000,0,0,0,0,0,1250,0,200,0,99800,705012,49330,7000,1.1,0,-1,-1,-1,-1,-1,-1,-1,-1,-1,-1,-1,-1,-1,-1,-1,-1,1,1,1,1,1,1,1,1,-1,0,0,0,0,0,0,0,[0|0],0,0,0,0,0,0,0,0,0,0,0,0,0,-1,-1,1,0,1,0,3,1,70,0,[0|0],1,0,0,0,1,0,0,0,0,-1,-1,0,0,1,0,0,0,0,0,1,1,1,1,1,1,1,109,50,108,50,108,139,139,139,110,1,0,1,0,0,0,0,0,0,0,0,0,0,0,0,0,0,0,0,0,0,0,0,0,0,0,0,0,0,0,0,0,0,0,0,0,0,0,0,[0|0|0|0],0,0,0,0,0,0,0,0,0,0,0,0,0,0,0,0,0,0,0,0,0,0,0,0,0,0,0,0,0,0,0,0,0,0,0,0,0,0,0,0,0,0,0,0,0,0,0,0,0,0,0,0,0,0,0,0,0,0,0,0,0,0,0,0,0,0,0,0,0,0,0,0,0,0,0,0,0,0,0,0,0,0,0,0,0,0,0,0,0,0,0,0,0,0,0,0,0,0,[0|0|0|0|0|0|0|0|0|0|0|0|0|0]
5003500,[Duchess] Priestess [Model],1,0,[0|0|0],604110,0,69,69,100,0.04,1150,0,200,0,-1,-1,-1,7000,1,-0.4,-1,-1,-1,-1,-1,-1,-1,-1,-1,-1,-1,-1,-1,-1,-1,-1,1,1,1,1,1,1,1,1,-1,5031,0,0,0,0,0,0,[0|0],0,0,0,0,0,0,0,0,102,102,85,59,0,-1,-1,1,0,2,4,1,2,50,0,[0|0],1,0,1,0,0,0,0,0,0,-1,-1,0,0,1,0,0,0,0,0,0.81,0.85,0.86,0.85,0.72,0.78,0.78,109,50,113,50,113,139,139,139,-1,1,0,0.77,0,0,0,0,0,0,0,0,0,0,0,0,0,0,0,0,0,0,0,0,0,0,0,0,0,0,0,0,0,0,0,0,0,0,0,0,[0|0|0|0],0,85,0,0,0,0,0,0,0,0,0,0,0,0,0,0,0,0,0,0,0,0,0,0,0,0,0,0,0,0,0,0,0,0,0,0,0,0,0,0,0,0,0,0,0,0,0,0,0,0,0,0,0,0,0,0,0,0,0,0,0,0,0,0,0,0,0,0,0,0,0,0,0,0,0,0,0,0,0,0,0,0,0,0,0,0,0,0,0,0,0,0,0,0,0,0,0,0,[0|0|0|0|0|0|0|0|0|0|0|0|0|0]
5003900,,1,0,[0|0|0],806000,0,0,0,0,0,1250,0,200,0,-1,703510,-1,7000,1.1,0,-1,-1,-1,-1,-1,-1,-1,-1,-1,-1,-1,-1,-1,-1,-1,-1,1,1,1,1,1,1,1,1,-1,0,0,0,0,0,0,0,[0|0],0,0,0,0,0,0,0,0,0,0,0,0,0,-1,-1,1,0,1,0,3,1,70,0,[0|0],1,0,0,0,1,0,0,0,0,-1,-1,0,0,1,0,0,0,0,0,1,1,1,1,1,1,1,109,50,113,50,113,139,139,139,110,1,0,1,0,0,0,0,0,0,0,0,0,0,0,0,0,0,0,0,0,0,0,0,0,0,0,0,0,0,0,0,0,0,0,0,0,0,0,0,[0|0|0|0],0,0,0,0,0,0,0,0,0,0,0,0,0,0,0,0,0,0,0,0,0,0,0,0,0,0,0,0,0,0,0,0,0,0,0,0,0,0,0,0,0,0,0,0,0,0,0,0,0,0,0,0,0,0,0,0,0,0,0,0,0,0,0,0,0,0,0,0,0,0,0,0,0,0,0,0,0,0,0,0,0,0,0,0,0,0,0,0,0,0,0,0,0,0,0,0,0,0,[0|0|0|0|0|0|0|0|0|0|0|0|0|0]
5004000,[Raider] Default (Head),0,0,[0|0|0],507000,0,0,0,0,0,1050,0,200,0,-1,-1,-1,7000,1.5,0,-1,-1,-1,-1,-1,-1,-1,-1,-1,-1,-1,-1,-1,-1,-1,-1,1,1,1,1,1,1,1,1,-1,0,0,0,0,0,0,0,[0|0],0,0,0,0,0,0,0,0,0,0,0,0,0,-1,-1,1,0,1,0,0,1,80,0,[0|0],1,1,0,0,0,1,0,0,0,-1,-1,0,0,1,0,0,0,0,0,1,1,1,1,1,1,1,109,110,124,110,117,139,139,139,-1,1,0,1,0,0,0,0,0,0,0,0,0,0,0,0,0,0,0,0,0,0,0,0,0,0,0,0,0,0,0,0,0,0,0,0,0,0,0,0,[0|0|0|0],0,0,0,0,0,0,0,0,0,0,0,0,0,0,0,0,0,0,0,0,0,0,0,0,0,0,0,0,0,0,0,0,0,0,0,0,0,0,0,0,0,0,0,0,0,0,0,0,0,0,0,0,0,0,0,0,0,0,0,0,0,0,0,0,0,0,0,0,0,0,0,0,0,0,0,0,0,0,0,0,0,0,0,0,0,0,0,0,0,0,0,0,0,0,0,0,0,0,[0|0|0|0|0|0|0|0|0|0|0|0|0|0]
5004100,[Raider] Default (Body) [Model],0,0,[0|0|0],604110,0,49,49,100,0.12,1150,0,200,0,102400,102401,49340,7000,1,-0.4,-1,-1,-1,-1,-1,-1,-1,-1,-1,-1,-1,-1,-1,-1,-1,-1,1,1,1,1,1,1,1,1,-1,5040,0,0,0,0,0,0,[0|0],0,0,0,0,0,0,0,0,102,102,95,59,0,-1,-1,1,0,2,4,1,2,50,0,[0|0],1,0,1,0,0,0,0,0,0,-1,-1,0,0,1,0,0,0,0,0,0.76,0.75,0.76,0.85,0.86,0.76,0.85,109,50,144,50,144,139,139,139,-1,1,0,0.83,0,0,0,0,0,0,0,0,0,0,0,0,0,0,0,0,0,0,0,0,0,0,0,0,0,0,0,0,0,0,0,0,0,0,0,0,[0|0|0|0],0,95,0,0,0,0,0,0,0,0,0,0,0,0,0,0,0,0,0,0,0,0,0,0,0,0,0,0,0,0,0,0,0,0,0,0,0,0,0,0,0,0,0,0,0,0,0,0,0,0,0,0,0,0,0,0,0,0,0,0,0,0,0,0,0,0,0,0,0,0,0,0,0,0,0,0,0,0,0,0,0,0,0,0,0,0,0,0,0,0,0,0,0,0,0,0,0,0,[0|0|0|0|0|0|0|0|0|0|0|0|0|0]
5004200,[Raider] Default (Arms),0,0,[0|0|0],706000,0,0,0,0,0,1150,0,200,0,602990,4710,7999040,7000,1.1,0,-1,-1,-1,-1,-1,-1,-1,-1,-1,-1,-1,-1,-1,-1,-1,-1,1,1,1,1,1,1,1,1,-1,0,0,0,0,0,0,0,[0|0],0,0,0,0,0,0,0,0,0,0,0,0,0,-1,-1,1,0,1,0,2,1,70,0,[0|0],1,0,0,1,0,0,0,0,0,-1,-1,0,0,1,0,0,0,0,0,1,1,1,1,1,1,1,109,50,108,50,108,139,139,139,-1,1,0,1,0,0,0,0,0,0,0,0,0,0,0,0,0,0,0,0,0,0,0,0,0,0,0,0,0,0,0,0,0,0,0,0,0,0,0,0,[0|0|0|0],0,0,0,0,0,0,0,0,0,0,0,0,0,0,0,0,0,0,0,0,0,0,0,0,0,0,0,0,0,0,0,0,0,0,0,0,0,0,0,0,0,0,0,0,0,0,0,0,0,0,0,0,0,0,0,0,0,0,0,0,0,0,0,0,0,0,0,0,0,0,0,0,0,0,0,0,0,0,0,0,0,0,0,0,0,0,0,0,0,0,0,0,0,0,0,0,0,0,[0|0|0|0|0|0|0|0|0|0|0|0|0|0]
5004300,[Raider] Default (Legs),0,0,[0|0|0],806000,0,0,0,0,0,1250,0,200,0,99800,705012,704300,7000,1.1,0,-1,-1,-1,-1,-1,-1,-1,-1,-1,-1,-1,-1,-1,-1,-1,-1,1,1,1,1,1,1,1,1,-1,0,0,0,0,0,0,0,[0|0],0,0,0,0,0,0,0,0,0,0,0,0,0,-1,-1,1,0,1,0,3,1,70,0,[0|0],1,0,0,0,1,0,0,0,0,-1,-1,0,0,1,0,0,0,0,0,1,1,1,1,1,1,1,109,50,108,50,108,139,139,139,112,1,0,1,0,0,0,0,0,0,0,0,0,0,0,0,0,0,0,0,0,0,0,0,0,0,0,0,0,0,0,0,0,0,0,0,0,0,0,0,[0|0|0|0],0,0,0,0,0,0,0,0,0,0,0,0,0,0,0,0,0,0,0,0,0,0,0,0,0,0,0,0,0,0,0,0,0,0,0,0,0,0,0,0,0,0,0,0,0,0,0,0,0,0,0,0,0,0,0,0,0,0,0,0,0,0,0,0,0,0,0,0,0,0,0,0,0,0,0,0,0,0,0,0,0,0,0,0,0,0,0,0,0,0,0,0,0,0,0,0,0,0,[0|0|0|0|0|0|0|0|0|0|0|0|0|0]
5005000,[Revenant] Default (Head),0,0,[0|0|0],507000,0,0,0,0,0,1050,0,200,0,-1,-1,-1,7000,1.5,0,-1,-1,-1,-1,-1,-1,-1,-1,-1,-1,-1,-1,-1,-1,-1,-1,1,1,1,1,1,1,1,1,-1,0,0,0,0,0,0,0,[0|0],0,0,0,0,0,0,0,0,0,0,0,0,0,-1,-1,1,0,1,0,0,1,80,0,[0|0],1,1,0,0,0,1,0,0,2,-1,-1,2,0,1,0,0,0,0,0,1,1,1,1,1,1,1,109,110,113,110,180,139,180,139,-1,1,0,1,0,0,0,0,0,0,0,0,0,0,0,0,0,0,0,0,0,0,0,0,0,0,0,0,0,0,0,0,0,0,0,0,0,0,0,0,[0|0|0|0],0,0,0,0,0,0,0,0,0,0,0,0,0,0,0,0,0,0,0,0,0,0,0,0,0,0,0,0,0,0,0,0,0,0,0,0,0,0,0,0,0,0,0,0,0,0,0,0,0,0,0,0,0,0,0,0,0,0,0,0,0,0,0,0,0,0,0,0,0,0,0,0,0,0,0,0,0,0,0,0,0,0,0,0,0,0,0,0,0,0,0,0,0,0,0,0,0,0,[0|0|0|0|0|0|0|0|0|0|0|0|0|0]
5005100,[Revenant] Default (Body) [Model],0,0,[0|0|0],604110,0,69,69,100,0.04,1150,0,200,0,102400,102401,-1,7000,1,-0.4,-1,-1,-1,-1,-1,-1,-1,-1,-1,-1,-1,-1,-1,-1,-1,-1,1,1,1,1,1,1,1,1,-1,5050,0,0,0,0,0,0,[0|0],0,0,0,0,0,0,0,0,112,112,85,69,0,-1,-1,1,0,2,4,1,2,50,0,[0|0],1,0,1,0,0,0,0,0,2,-1,-1,2,0,1,0,0,0,0,0,0.86,0.9,0.86,0.9,0.72,0.71,0.71,109,50,113,50,180,139,180,139,-1,1,0,0.8,0,0,0,0,0,0,0,0,0,0,0,0,0,0,0,0,0,0,0,0,0,0,0,0,0,0,0,0,0,0,0,0,0,0,0,0,[0|0|0|0],0,85,0,0,0,0,0,0,0,0,0,0,0,0,0,0,0,0,0,0,0,0,0,0,0,0,0,0,0,0,0,0,0,0,0,0,0,0,0,0,0,0,0,0,0,0,0,0,0,0,0,0,0,0,0,0,0,0,0,0,0,0,0,0,0,0,0,0,0,0,0,0,0,0,0,0,0,0,0,0,0,0,0,0,0,0,0,0,0,0,0,0,0,0,0,0,0,0,[0|0|0|0|0|0|0|0|0|0|0|0|0|0]
5005200,[Revenant] Default (Arms),0,0,[0|0|0],706000,0,0,0,0,0,1150,0,200,0,602990,4710,7999050,7000,1.1,0,-1,-1,-1,-1,-1,-1,-1,-1,-1,-1,-1,-1,-1,-1,-1,-1,1,1,1,1,1,1,1,1,-1,0,0,0,0,0,0,0,[0|0],0,0,0,0,0,0,0,0,0,0,0,0,0,-1,-1,1,0,1,0,2,1,70,0,[0|0],1,0,0,1,0,0,0,0,2,-1,-1,2,0,1,0,0,0,0,0,1,1,1,1,1,1,1,109,50,113,50,180,139,180,139,-1,1,0,1,0,0,0,0,0,0,0,0,0,0,0,0,0,0,0,0,0,0,0,0,0,0,0,0,0,0,0,0,0,0,0,0,0,0,0,0,[0|0|0|0],0,0,0,0,0,0,0,0,0,0,0,0,0,0,0,0,0,0,0,0,0,0,0,0,0,0,0,0,0,0,0,0,0,0,0,0,0,0,0,0,0,0,0,0,0,0,0,0,0,0,0,0,0,0,0,0,0,0,0,0,0,0,0,0,0,0,0,0,0,0,0,0,0,0,0,0,0,0,0,0,0,0,0,0,0,0,0,0,0,0,0,0,0,0,0,0,0,0,[0|0|0|0|0|0|0|0|0|0|0|0|0|0]
5005300,[Revenant] Default (Legs),0,0,[0|0|0],806000,0,0,0,0,0,1250,0,200,0,99800,705012,49350,7000,1.1,0,-1,-1,-1,-1,-1,-1,-1,-1,-1,-1,-1,-1,-1,-1,-1,-1,1,1,1,1,1,1,1,1,-1,0,0,0,0,0,0,0,[0|0],0,0,0,0,0,0,0,0,0,0,0,0,0,-1,-1,1,0,1,0,3,1,70,0,[0|0],1,0,0,0,1,0,0,0,2,-1,-1,2,0,1,0,0,0,0,0,1,1,1,1,1,1,1,109,50,109,50,180,139,180,139,100,1,0,1,0,0,0,0,0,0,0,0,0,0,0,0,0,0,0,0,0,0,0,0,0,0,0,0,0,0,0,0,0,0,0,0,0,0,0,0,[0|0|0|0],0,0,0,0,0,0,0,0,0,0,0,0,0,0,0,0,0,0,0,0,0,0,0,0,0,0,0,0,0,0,0,0,0,0,0,0,0,0,0,0,0,0,0,0,0,0,0,0,0,0,0,0,0,0,0,0,0,0,0,0,0,0,0,0,0,0,0,0,0,0,0,0,0,0,0,0,0,0,0,0,0,0,0,0,0,0,0,0,0,0,0,0,0,0,0,0,0,0,[0|0|0|0|0|0|0|0|0|0|0|0|0|0]
5005500,[Revenant] Chloe (Remembrance) [Model],0,0,[0|0|0],604110,0,69,69,100,0.04,1150,0,200,0,102400,102401,-1,7000,1,-0.4,-1,-1,-1,-1,-1,-1,-1,-1,-1,-1,-1,-1,-1,-1,-1,-1,1,1,1,1,1,1,1,1,-1,6050,0,0,0,0,0,0,[0|0],0,0,0,0,0,0,0,0,112,112,85,69,0,-1,-1,1,0,2,4,1,2,50,0,[0|0],1,0,1,0,0,0,0,0,2,-1,-1,2,0,1,0,0,0,0,0,0.86,0.9,0.86,0.9,0.72,0.71,0.71,109,50,113,50,180,139,180,139,-1,1,0,0.8,0,0,0,0,0,0,0,0,0,0,0,0,0,0,0,0,0,0,0,0,0,0,0,0,0,0,0,0,0,0,0,0,0,0,0,0,[0|0|0|0],0,85,0,0,0,0,0,0,0,0,0,0,0,0,0,0,0,0,0,0,0,0,0,0,0,0,0,0,0,0,0,0,0,0,0,0,0,0,0,0,0,0,0,0,0,0,0,0,0,0,0,0,0,0,0,0,0,0,0,0,0,0,0,0,0,0,0,0,0,0,0,0,0,0,0,0,0,0,0,0,0,0,0,0,0,0,0,0,0,0,0,0,0,0,0,0,0,0,[0|0|0|0|0|0|0|0|0|0|0|0|0|0]
5005600,[Revenant] Doll (Remembrance) [Model],0,0,[0|0|0],604110,0,69,69,100,0.04,1150,0,200,0,102400,102401,-1,7000,1,-0.4,-1,-1,-1,-1,-1,-1,-1,-1,-1,-1,-1,-1,-1,-1,-1,-1,1,1,1,1,1,1,1,1,-1,6051,0,0,0,0,0,0,[0|0],0,0,0,0,0,0,0,0,112,112,85,69,0,-1,-1,1,0,2,4,1,2,50,0,[0|0],1,0,1,0,0,0,0,0,2,-1,-1,2,0,1,0,0,0,0,0,0.86,0.9,0.86,0.9,0.72,0.71,0.71,109,50,113,50,180,139,180,139,-1,1,0,0.8,0,0,0,0,0,0,0,0,0,0,0,0,0,0,0,0,0,0,0,0,0,0,0,0,0,0,0,0,0,0,0,0,0,0,0,0,[0|0|0|0],0,85,0,0,0,0,0,0,0,0,0,0,0,0,0,0,0,0,0,0,0,0,0,0,0,0,0,0,0,0,0,0,0,0,0,0,0,0,0,0,0,0,0,0,0,0,0,0,0,0,0,0,0,0,0,0,0,0,0,0,0,0,0,0,0,0,0,0,0,0,0,0,0,0,0,0,0,0,0,0,0,0,0,0,0,0,0,0,0,0,0,0,0,0,0,0,0,0,[0|0|0|0|0|0|0|0|0|0|0|0|0|0]
5006000,[Recluse] Default (Head),1,0,[0|0|0],507000,0,0,0,0,0,1050,0,200,0,-1,-1,-1,7000,1.5,0,-1,-1,-1,-1,-1,-1,-1,-1,-1,-1,-1,-1,-1,-1,-1,-1,1,1,1,1,1,1,1,1,-1,0,0,0,0,0,0,0,[0|0],0,0,0,0,0,0,0,0,0,0,0,0,0,-1,-1,1,0,1,0,0,1,80,0,[0|0],1,1,0,0,0,1,0,0,0,-1,-1,0,0,1,0,0,0,0,0,1,1,1,1,1,1,1,109,110,113,110,113,139,139,139,-1,1,0,1,0,0,0,0,0,0,0,0,0,0,0,0,0,0,0,0,0,0,0,0,0,0,0,0,0,0,0,0,0,0,0,0,0,0,0,0,[0|0|0|0],0,0,0,0,0,0,0,0,0,0,0,0,0,0,0,0,0,0,0,0,0,0,0,0,0,0,0,0,0,0,0,0,0,0,0,0,0,0,0,0,0,0,0,0,0,0,0,0,0,0,0,0,0,0,0,0,0,0,0,0,0,0,0,0,0,0,0,0,0,0,0,0,0,0,0,0,0,0,0,0,0,0,0,0,0,0,0,0,0,0,0,0,0,0,0,0,0,0,[0|0|0|0|0|0|0|0|0|0|0|0|0|0]
5006100,[Recluse] Default (Body) [Model],1,0,[0|0|0],604110,0,69,69,100,0.04,1150,0,200,0,102400,102401,-1,7000,1,-0.4,-1,-1,-1,-1,-1,-1,-1,-1,-1,-1,-1,-1,-1,-1,-1,-1,1,1,1,1,1,1,1,1,-1,5060,0,0,0,0,0,0,[0|0],0,0,0,0,0,0,0,0,112,112,85,59,0,-1,-1,1,0,2,4,1,2,50,0,[0|0],1,0,1,0,0,0,0,0,0,-1,-1,0,0,1,0,0,0,0,0,0.86,0.9,0.86,0.9,0.71,0.76,0.75,109,50,113,50,113,139,139,139,-1,1,0,0.75,0,0,0,0,0,0,0,0,0,0,0,0,0,0,0,0,0,0,0,0,0,0,0,0,0,0,0,0,0,0,0,0,0,0,0,0,[0|0|0|0],0,85,0,0,0,0,0,0,0,0,0,0,0,0,0,0,0,0,0,0,0,0,0,0,0,0,0,0,0,0,0,0,0,0,0,0,0,0,0,0,0,0,0,0,0,0,0,0,0,0,0,0,0,0,0,0,0,0,0,0,0,0,0,0,0,0,0,0,0,0,0,0,0,0,0,0,0,0,0,0,0,0,0,0,0,0,0,0,0,0,0,0,0,0,0,0,0,0,[0|0|0|0|0|0|0|0|0|0|0|0|0|0]
5006200,[Recluse] Default (Arms),1,0,[0|0|0],706000,0,0,0,0,0,1150,0,200,0,602990,4710,7999060,7000,1.1,0,-1,-1,-1,-1,-1,-1,-1,-1,-1,-1,-1,-1,-1,-1,-1,-1,1,1,1,1,1,1,1,1,-1,0,0,0,0,0,0,0,[0|0],0,0,0,0,0,0,0,0,0,0,0,0,0,-1,-1,1,0,1,0,2,1,70,0,[0|0],1,0,0,1,0,0,0,0,0,-1,-1,0,0,1,0,0,0,0,0,1,1,1,1,1,1,1,109,50,113,50,113,139,139,139,-1,1,0,1,0,0,0,0,0,0,0,0,0,0,0,0,0,0,0,0,0,0,0,0,0,0,0,0,0,0,0,0,0,0,0,0,0,0,0,0,[0|0|0|0],0,0,0,0,0,0,0,0,0,0,0,0,0,0,0,0,0,0,0,0,0,0,0,0,0,0,0,0,0,0,0,0,0,0,0,0,0,0,0,0,0,0,0,0,0,0,0,0,0,0,0,0,0,0,0,0,0,0,0,0,0,0,0,0,0,0,0,0,0,0,0,0,0,0,0,0,0,0,0,0,0,0,0,0,0,0,0,0,0,0,0,0,0,0,0,0,0,0,[0|0|0|0|0|0|0|0|0|0|0|0|0|0]
5006300,[Recluse] Default (Legs),1,0,[0|0|0],806000,0,0,0,0,0,1250,0,200,0,99800,705012,49360,7000,1.1,0,-1,-1,-1,-1,-1,-1,-1,-1,-1,-1,-1,-1,-1,-1,-1,-1,1,1,1,1,1,1,1,1,-1,0,0,0,0,0,0,0,[0|0],0,0,0,0,0,0,0,0,0,0,0,0,0,-1,-1,1,0,1,0,3,1,70,0,[0|0],1,0,0,0,1,0,0,0,0,-1,-1,0,0,1,0,0,0,0,0,1,1,1,1,1,1,1,109,50,109,50,139,139,139,139,110,1,0,1,0,0,0,0,0,0,0,0,0,0,0,0,0,0,0,0,0,0,0,0,0,0,0,0,0,0,0,0,0,0,0,0,0,0,0,0,[0|0|0|0],0,0,0,0,0,0,0,0,0,0,0,0,0,0,0,0,0,0,0,0,0,0,0,0,0,0,0,0,0,0,0,0,0,0,0,0,0,0,0,0,0,0,0,0,0,0,0,0,0,0,0,0,0,0,0,0,0,0,0,0,0,0,0,0,0,0,0,0,0,0,0,0,0,0,0,0,0,0,0,0,0,0,0,0,0,0,0,0,0,0,0,0,0,0,0,0,0,0,[0|0|0|0|0|0|0|0|0|0|0|0|0|0]
5007000,[Executor] Default (Head),0,0,[0|0|0],507000,0,0,0,0,0,1050,0,200,0,-1,-1,-1,7000,1.5,0,-1,-1,-1,-1,-1,-1,-1,-1,-1,-1,-1,-1,-1,-1,-1,-1,1,1,1,1,1,1,1,1,-1,0,0,0,0,0,0,0,[0|0],0,0,0,0,0,0,0,0,0,0,0,0,0,-1,-1,1,0,1,0,0,1,80,0,[0|0],1,1,0,0,0,1,0,0,0,-1,-1,0,0,1,0,0,0,0,0,1,1,1,1,1,1,1,109,110,140,110,106,139,139,139,-1,1,0,1,0,0,0,0,0,0,0,0,0,0,0,0,0,0,0,0,0,0,0,0,0,0,0,0,0,0,0,0,0,0,0,0,0,0,0,0,[0|0|0|0],0,0,0,0,0,0,0,0,0,0,0,0,0,0,0,0,0,0,0,0,0,0,0,0,0,0,0,0,0,0,0,0,0,0,0,0,0,0,0,0,0,0,0,0,0,0,0,0,0,0,0,0,0,0,0,0,0,0,0,0,0,0,0,0,0,0,0,0,0,0,0,0,0,0,0,0,0,0,0,0,0,0,0,0,0,0,0,0,0,0,0,0,0,0,0,0,0,0,[0|0|0|0|0|0|0|0|0|0|0|0|0|0]
5007100,[Executor] Default (Body) [Model],0,0,[0|0|0],604110,0,49,49,100,0.04,1150,0,200,0,102400,102401,49370,7000,1,-0.4,-1,-1,-1,-1,-1,-1,-1,-1,-1,-1,-1,-1,-1,-1,-1,-1,1,1,1,1,1,1,1,1,-1,5070,0,0,0,0,0,0,[0|0],0,0,0,0,0,0,0,0,92,92,105,69,0,-1,-1,1,0,2,4,1,2,50,0,[0|0],1,0,1,0,0,0,0,0,0,-1,-1,0,0,1,0,0,0,0,0,0.76,0.75,0.76,0.8,0.86,0.81,0.85,109,50,140,50,106,139,139,139,-1,1,0,0.78,0,0,0,0,0,0,0,0,0,0,0,0,0,0,0,0,0,0,0,0,0,0,0,0,0,0,0,0,0,0,0,0,0,0,0,0,[0|0|0|0],0,105,0,0,0,0,0,0,0,0,0,0,0,0,0,0,0,0,0,0,0,0,0,0,0,0,0,0,0,0,0,0,0,0,0,0,0,0,0,0,0,0,0,0,0,0,0,0,0,0,0,0,0,0,0,0,0,0,0,0,0,0,0,0,0,0,0,0,0,0,0,0,0,0,0,0,0,0,0,0,0,0,0,0,0,0,0,0,0,0,0,0,0,0,0,0,0,0,[0|0|0|0|0|0|0|0|0|0|0|0|0|0]
5007200,[Executor] Default (Arms),0,0,[0|0|0],706000,0,0,0,0,0,1150,0,200,0,602990,4710,7999070,7000,1.1,0,-1,-1,-1,-1,-1,-1,-1,-1,-1,-1,-1,-1,-1,-1,-1,-1,1,1,1,1,1,1,1,1,-1,0,0,0,0,0,0,0,[0|0],0,0,0,0,0,0,0,0,0,0,0,0,0,-1,-1,1,0,1,0,2,1,70,0,[0|0],1,0,0,1,0,0,0,0,0,-1,-1,0,0,1,0,0,0,0,0,1,1,1,1,1,1,1,109,50,140,50,106,139,139,139,-1,1,0,1,0,0,0,0,0,0,0,0,0,0,0,0,0,0,0,0,0,0,0,0,0,0,0,0,0,0,0,0,0,0,0,0,0,0,0,0,[0|0|0|0],0,0,0,0,0,0,0,0,0,0,0,0,0,0,0,0,0,0,0,0,0,0,0,0,0,0,0,0,0,0,0,0,0,0,0,0,0,0,0,0,0,0,0,0,0,0,0,0,0,0,0,0,0,0,0,0,0,0,0,0,0,0,0,0,0,0,0,0,0,0,0,0,0,0,0,0,0,0,0,0,0,0,0,0,0,0,0,0,0,0,0,0,0,0,0,0,0,0,[0|0|0|0|0|0|0|0|0|0|0|0|0|0]
5007300,[Executor] Default (Legs),0,0,[0|0|0],806000,0,0,0,0,0,1250,0,200,0,99800,705012,707050,7000,1.1,0,-1,-1,-1,-1,-1,-1,-1,-1,-1,-1,-1,-1,-1,-1,-1,-1,1,1,1,1,1,1,1,1,-1,0,0,0,0,0,0,0,[0|0],0,0,0,0,0,0,0,0,0,0,0,0,0,-1,-1,1,0,1,0,3,1,70,0,[0|0],1,0,0,0,1,0,0,0,0,-1,-1,0,0,1,0,0,0,0,0,1,1,1,1,1,1,1,109,50,140,50,106,139,139,139,111,1,0,1,0,0,0,0,0,0,0,0,0,0,0,0,0,0,0,0,0,0,0,0,0,0,0,0,0,0,0,0,0,0,0,0,0,0,0,0,[0|0|0|0],0,0,0,0,0,0,0,0,0,0,0,0,0,0,0,0,0,0,0,0,0,0,0,0,0,0,0,0,0,0,0,0,0,0,0,0,0,0,0,0,0,0,0,0,0,0,0,0,0,0,0,0,0,0,0,0,0,0,0,0,0,0,0,0,0,0,0,0,0,0,0,0,0,0,0,0,0,0,0,0,0,0,0,0,0,0,0,0,0,0,0,0,0,0,0,0,0,0,[0|0|0|0|0|0|0|0|0|0|0|0|0|0]
5008000,[Scholar] Default (Head),1,0,[0|0|0],507000,0,0,0,0,0,1050,0,200,0,-1,-1,-1,7000,1.5,0,-1,-1,-1,-1,-1,-1,-1,-1,-1,-1,-1,-1,-1,-1,-1,-1,1,1,1,1,1,1,1,1,-1,0,0,0,0,0,0,0,[0|0],0,0,0,0,0,0,0,0,0,0,0,0,0,-1,-1,1,0,1,0,0,1,80,0,[0|0],1,1,0,0,0,1,0,0,1,-1,-1,1,0,1,0,0,0,0,0,1,1,1,1,1,1,1,109,110,109,110,139,139,139,139,-1,1,0,1,0,0,0,0,0,0,0,0,0,0,0,0,0,0,0,0,0,0,0,0,0,0,0,0,0,0,0,0,0,0,0,0,0,0,0,0,[0|0|0|0],0,0,0,0,0,0,0,0,0,0,0,0,0,0,0,0,0,0,0,0,0,0,0,0,0,0,0,0,0,0,0,0,0,0,0,0,0,0,0,0,0,0,0,0,0,0,0,0,0,0,0,0,0,0,0,0,0,0,0,0,0,0,0,0,0,0,0,0,0,0,0,0,0,0,0,0,0,0,0,0,0,0,0,0,0,0,0,0,0,0,0,0,0,0,0,0,0,0,[0|0|0|0|0|0|0|0|0|0|0|0|0|0]
5008100,[Scholar] Default (Body) [Model],1,0,[0|0|0],604110,0,69,69,100,0.04,1150,0,200,0,102400,102401,-1,7000,1,-0.4,-1,-1,-1,-1,-1,-1,-1,-1,-1,-1,-1,-1,-1,-1,-1,-1,1,1,1,1,1,1,1,1,-1,5080,0,0,0,0,0,0,[0|0],0,0,0,0,0,0,0,0,102,102,85,59,0,-1,-1,1,0,2,4,1,2,50,0,[0|0],1,0,1,0,0,0,0,0,1,-1,-1,1,0,1,0,0,0,0,0,0.81,0.83,0.85,0.8,0.73,0.75,0.76,109,50,113,50,113,139,139,139,-1,1,0,0.91,0,0,0,0,0,0,0,0,0,0,0,0,0,0,0,0,0,0,0,0,0,0,0,0,0,0,0,0,0,0,0,0,0,0,0,0,[0|0|0|0],0,85,0,0,0,0,0,0,0,0,0,0,0,0,0,0,0,0,0,0,0,0,0,0,0,0,0,0,0,0,0,0,0,0,0,0,0,0,0,0,0,0,0,0,0,0,0,0,0,0,0,0,0,0,0,0,0,0,0,0,0,0,0,0,0,0,0,0,0,0,0,0,0,0,0,0,0,0,0,0,0,0,0,0,0,0,0,0,0,0,0,0,0,0,0,0,0,0,[0|0|0|0|0|0|0|0|0|0|0|0|0|0]
5008200,[Scholar] Default (Arms),1,0,[0|0|0],706000,0,0,0,0,0,1150,0,200,0,602990,4710,7999080,7000,1.1,0,-1,-1,-1,-1,-1,-1,-1,-1,-1,-1,-1,-1,-1,-1,-1,-1,1,1,1,1,1,1,1,1,-1,0,0,0,0,0,0,0,[0|0],0,0,0,0,0,0,0,0,0,0,0,0,0,-1,-1,1,0,1,0,2,1,70,0,[0|0],1,0,0,1,0,0,0,0,1,-1,-1,1,0,1,0,0,0,0,0,1,1,1,1,1,1,1,109,50,108,50,108,139,139,139,-1,1,0,1,0,0,0,0,0,0,0,0,0,0,0,0,0,0,0,0,0,0,0,0,0,0,0,0,0,0,0,0,0,0,0,0,0,0,0,0,[0|0|0|0],0,0,0,0,0,0,0,0,0,0,0,0,0,0,0,0,0,0,0,0,0,0,0,0,0,0,0,0,0,0,0,0,0,0,0,0,0,0,0,0,0,0,0,0,0,0,0,0,0,0,0,0,0,0,0,0,0,0,0,0,0,0,0,0,0,0,0,0,0,0,0,0,0,0,0,0,0,0,0,0,0,0,0,0,0,0,0,0,0,0,0,0,0,0,0,0,0,0,[0|0|0|0|0|0|0|0|0|0|0|0|0|0]
5008300,[Scholar] Default (Legs),1,0,[0|0|0],806000,0,0,0,0,0,1250,0,200,0,99800,705012,49980,7000,1.1,0,-1,-1,-1,-1,-1,-1,-1,-1,-1,-1,-1,-1,-1,-1,-1,-1,1,1,1,1,1,1,1,1,-1,0,0,0,0,0,0,0,[0|0],0,0,0,0,0,0,0,0,0,0,0,0,0,-1,-1,1,0,1,0,3,1,70,0,[0|0],1,0,0,0,1,0,0,0,1,-1,-1,1,0,1,0,0,0,0,0,1,1,1,1,1,1,1,109,50,108,50,108,139,139,139,111,1,0,1,0,0,0,0,0,0,0,0,0,0,0,0,0,0,0,0,0,0,0,0,0,0,0,0,0,0,0,0,0,0,0,0,0,0,0,0,[0|0|0|0],0,0,0,0,0,0,0,0,0,0,0,0,0,0,0,0,0,0,0,0,0,0,0,0,0,0,0,0,0,0,0,0,0,0,0,0,0,0,0,0,0,0,0,0,0,0,0,0,0,0,0,0,0,0,0,0,0,0,0,0,0,0,0,0,0,0,0,0,0,0,0,0,0,0,0,0,0,0,0,0,0,0,0,0,0,0,0,0,0,0,0,0,0,0,0,0,0,0,[0|0|0|0|0|0|0|0|0|0|0|0|0|0]
5009000,[Undertaker] Default (Head),1,0,[0|0|0],507000,0,0,0,0,0,1050,0,200,0,-1,-1,-1,7000,1.5,0,-1,-1,-1,-1,-1,-1,-1,-1,-1,-1,-1,-1,-1,-1,-1,-1,1,1,1,1,1,1,1,1,-1,0,0,0,0,0,0,0,[0|0],0,0,0,0,0,0,0,0,0,0,0,0,0,-1,-1,1,0,1,0,0,1,80,0,[0|0],1,1,0,0,0,1,0,0,0,-1,-1,0,0,1,0,0,0,0,0,1,1,1,1,1,1,1,109,110,108,110,108,139,139,139,-1,1,0,1,0,0,0,0,0,0,0,0,0,0,0,0,0,0,0,0,0,0,0,0,0,0,0,0,0,0,0,0,0,0,0,0,0,0,0,0,[0|0|0|0],0,0,0,0,0,0,0,0,0,0,0,0,0,0,0,0,0,0,0,0,0,0,0,0,0,0,0,0,0,0,0,0,0,0,0,0,0,0,0,0,0,0,0,0,0,0,0,0,0,0,0,0,0,0,0,0,0,0,0,0,0,0,0,0,0,0,0,0,0,0,0,0,0,0,0,0,0,0,0,0,0,0,0,0,0,0,0,0,0,0,0,0,0,0,0,0,0,0,[0|0|0|0|0|0|0|0|0|0|0|0|0|0]
5009100,[Undertaker] Default (Body) [Model],1,0,[0|0|0],604110,0,49,59,100,0.04,1150,0,200,0,102400,102401,-1,7000,1,-0.4,-1,-1,-1,-1,-1,-1,-1,-1,-1,-1,-1,-1,-1,-1,-1,-1,1,1,1,1,1,1,1,1,-1,5090,0,0,0,0,0,0,[0|0],0,0,0,0,0,0,0,0,102,102,85,79,0,-1,-1,1,0,2,4,1,2,50,0,[0|0],1,0,1,0,0,0,0,0,0,-1,-1,0,0,1,0,0,0,0,0,0.82,0.88,0.82,0.88,0.8,0.83,0.8,109,50,108,50,108,139,139,139,-1,1,0,0.74,0,0,0,0,0,0,0,0,0,0,0,0,0,0,0,0,0,0,0,0,0,0,0,0,0,0,0,0,0,0,0,0,0,0,0,0,[0|0|0|0],0,95,0,0,0,0,0,0,0,0,0,0,0,0,0,0,0,0,0,0,0,0,0,0,0,0,0,0,0,0,0,0,0,0,0,0,0,0,0,0,0,0,0,0,0,0,0,0,0,0,0,0,0,0,0,0,0,0,0,0,0,0,0,0,0,0,0,0,0,0,0,0,0,0,0,0,0,0,0,0,0,0,0,0,0,0,0,0,0,0,0,0,0,0,0,0,0,0,[0|0|0|0|0|0|0|0|0|0|0|0|0|0]
5009200,[Undertaker] Default (Arms),1,0,[0|0|0],706000,0,0,0,0,0,1150,0,200,0,602990,4710,7999090,7000,1.1,0,-1,-1,-1,-1,-1,-1,-1,-1,-1,-1,-1,-1,-1,-1,-1,-1,1,1,1,1,1,1,1,1,-1,0,0,0,0,0,0,0,[0|0],0,0,0,0,0,0,0,0,0,0,0,0,0,-1,-1,1,0,1,0,2,1,70,0,[0|0],1,0,0,1,0,0,0,0,0,-1,-1,0,0,1,0,0,0,0,0,1,1,1,1,1,1,1,109,50,108,50,108,139,139,139,-1,1,0,1,0,0,0,0,0,0,0,0,0,0,0,0,0,0,0,0,0,0,0,0,0,0,0,0,0,0,0,0,0,0,0,0,0,0,0,0,[0|0|0|0],0,0,0,0,0,0,0,0,0,0,0,0,0,0,0,0,0,0,0,0,0,0,0,0,0,0,0,0,0,0,0,0,0,0,0,0,0,0,0,0,0,0,0,0,0,0,0,0,0,0,0,0,0,0,0,0,0,0,0,0,0,0,0,0,0,0,0,0,0,0,0,0,0,0,0,0,0,0,0,0,0,0,0,0,0,0,0,0,0,0,0,0,0,0,0,0,0,0,[0|0|0|0|0|0|0|0|0|0|0|0|0|0]
5009300,[Undertaker] Default (Legs),1,0,[0|0|0],806000,0,0,0,0,0,1250,0,200,0,99800,705012,49990,7000,1.1,0,-1,-1,-1,-1,-1,-1,-1,-1,-1,-1,-1,-1,-1,-1,-1,-1,1,1,1,1,1,1,1,1,-1,0,0,0,0,0,0,0,[0|0],0,0,0,0,0,0,0,0,0,0,0,0,0,-1,-1,1,0,1,0,3,1,70,0,[0|0],1,0,0,0,1,0,0,0,0,-1,-1,0,0,1,0,0,0,0,0,1,1,1,1,1,1,1,109,50,108,50,108,139,139,139,111,1,0,1,0,0,0,0,0,0,0,0,0,0,0,0,0,0,0,0,0,0,0,0,0,0,0,0,0,0,0,0,0,0,0,0,0,0,0,0,[0|0|0|0],0,0,0,0,0,0,0,0,0,0,0,0,0,0,0,0,0,0,0,0,0,0,0,0,0,0,0,0,0,0,0,0,0,0,0,0,0,0,0,0,0,0,0,0,0,0,0,0,0,0,0,0,0,0,0,0,0,0,0,0,0,0,0,0,0,0,0,0,0,0,0,0,0,0,0,0,0,0,0,0,0,0,0,0,0,0,0,0,0,0,0,0,0,0,0,0,0,0,[0|0|0|0|0|0|0|0|0|0|0|0|0|0]
5010000,[Wylder] Dawn (Head),0,0,[0|0|0],507000,0,0,0,0,0,1050,0,200,0,-1,-1,-1,7000,1.5,0,-1,-1,-1,-1,-1,-1,-1,-1,-1,-1,-1,-1,-1,-1,-1,-1,1,1,1,1,1,1,1,1,-1,0,0,0,0,0,0,0,[0|0],0,0,0,0,0,0,0,0,0,0,0,0,0,-1,-1,1,0,1,0,0,1,80,0,[0|0],1,1,0,0,0,1,0,0,0,-1,-1,0,0,1,0,0,0,0,0,1,1,1,1,1,1,1,109,110,106,110,106,139,139,139,-1,1,0,1,0,0,0,0,0,0,0,0,0,0,0,0,0,0,0,0,0,0,0,0,0,0,0,0,0,0,0,0,0,0,0,0,0,0,0,0,[0|0|0|0],0,0,0,0,0,0,0,0,0,0,0,0,0,0,0,0,0,0,0,0,0,0,0,0,0,0,0,0,0,0,0,0,0,0,0,0,0,0,0,0,0,0,0,0,0,0,0,0,0,0,0,0,0,0,0,0,0,0,0,0,0,0,0,0,0,0,0,0,0,0,0,0,0,0,0,0,0,0,0,0,0,0,0,0,0,0,0,0,0,0,0,0,0,0,0,0,0,0,[0|0|0|0|0|0|0|0|0|0|0|0|0|0]
5010100,[Wylder] Dawn (Body) [Model],0,0,[0|0|0],604110,0,59,59,100,0.04,1150,0,200,0,102400,102401,-1,7000,1,-0.4,-1,-1,-1,-1,-1,-1,-1,-1,-1,-1,-1,-1,-1,-1,-1,-1,1,1,1,1,1,1,1,1,-1,5100,0,0,0,0,0,0,[0|0],0,0,0,0,0,0,0,0,102,102,95,59,0,-1,-1,1,0,2,4,1,2,50,0,[0|0],1,0,1,0,0,0,0,0,0,-1,-1,0,0,1,0,0,0,0,0,0.81,0.8,0.81,0.8,0.81,0.81,0.8,109,50,108,50,113,139,139,139,-1,1,0,0.83,0,0,0,0,0,0,0,0,0,0,0,0,0,0,0,0,0,0,0,0,0,0,0,0,0,0,0,0,0,0,0,0,0,0,0,0,[0|0|0|0],0,95,0,0,0,0,0,0,0,0,0,0,0,0,0,0,0,0,0,0,0,0,0,0,0,0,0,0,0,0,0,0,0,0,0,0,0,0,0,0,0,0,0,0,0,0,0,0,0,0,0,0,0,0,0,0,0,0,0,0,0,0,0,0,0,0,0,0,0,0,0,0,0,0,0,0,0,0,0,0,0,0,0,0,0,0,0,0,0,0,0,0,0,0,0,0,0,0,[0|0|0|0|0|0|0|0|0|0|0|0|0|0]
5010200,[Wylder] Dawn (Arms),0,0,[0|0|0],706000,0,0,0,0,0,1150,0,200,0,602990,4710,7999000,7000,1.1,0,-1,-1,-1,-1,-1,-1,-1,-1,-1,-1,-1,-1,-1,-1,-1,-1,1,1,1,1,1,1,1,1,-1,0,0,0,0,0,0,0,[0|0],0,0,0,0,0,0,0,0,0,0,0,0,0,-1,-1,1,0,1,0,2,1,70,0,[0|0],1,0,0,1,0,0,0,0,0,-1,-1,0,0,1,0,0,0,0,0,1,1,1,1,1,1,1,109,50,108,50,108,139,139,139,-1,1,0,1,0,0,0,0,0,0,0,0,0,0,0,0,0,0,0,0,0,0,0,0,0,0,0,0,0,0,0,0,0,0,0,0,0,0,0,0,[0|0|0|0],0,0,0,0,0,0,0,0,0,0,0,0,0,0,0,0,0,0,0,0,0,0,0,0,0,0,0,0,0,0,0,0,0,0,0,0,0,0,0,0,0,0,0,0,0,0,0,0,0,0,0,0,0,0,0,0,0,0,0,0,0,0,0,0,0,0,0,0,0,0,0,0,0,0,0,0,0,0,0,0,0,0,0,0,0,0,0,0,0,0,0,0,0,0,0,0,0,0,[0|0|0|0|0|0|0|0|0|0|0|0|0|0]
5010300,[Wylder] Dawn (Legs),0,0,[0|0|0],806000,0,0,0,0,0,1250,0,200,0,99800,705012,49301,7000,1.1,0,-1,-1,-1,-1,-1,-1,-1,-1,-1,-1,-1,-1,-1,-1,-1,-1,1,1,1,1,1,1,1,1,-1,0,0,0,0,0,0,0,[0|0],0,0,0,0,0,0,0,0,0,0,0,0,0,-1,-1,1,0,1,0,3,1,70,0,[0|0],1,0,0,0,1,0,0,0,0,-1,-1,0,0,1,0,0,0,0,0,1,1,1,1,1,1,1,109,50,108,50,108,139,139,139,111,1,0,1,0,0,0,0,0,0,0,0,0,0,0,0,0,0,0,0,0,0,0,0,0,0,0,0,0,0,0,0,0,0,0,0,0,0,0,0,[0|0|0|0],0,0,0,0,0,0,0,0,0,0,0,0,0,0,0,0,0,0,0,0,0,0,0,0,0,0,0,0,0,0,0,0,0,0,0,0,0,0,0,0,0,0,0,0,0,0,0,0,0,0,0,0,0,0,0,0,0,0,0,0,0,0,0,0,0,0,0,0,0,0,0,0,0,0,0,0,0,0,0,0,0,0,0,0,0,0,0,0,0,0,0,0,0,0,0,0,0,0,[0|0|0|0|0|0|0|0|0|0|0|0|0|0]
5011000,[Guardian] Dawn (Head),0,0,[0|0|0],507000,0,0,0,0,0,1050,0,200,0,-1,-1,-1,7000,1.5,0,-1,-1,-1,-1,-1,-1,-1,-1,-1,-1,-1,-1,-1,-1,-1,-1,1,1,1,1,1,1,1,1,-1,0,0,0,0,0,0,0,[0|0],0,0,0,0,0,0,0,0,0,0,0,0,0,-1,-1,1,0,1,0,0,1,80,0,[0|0],1,1,0,0,0,1,0,0,0,-1,-1,0,0,1,0,0,0,0,0,1,1,1,1,1,1,1,109,110,109,110,139,139,139,139,-1,1,0,1,0,0,0,0,0,0,0,0,0,0,0,0,0,0,0,0,0,0,0,0,0,0,0,0,0,0,0,0,0,0,0,0,0,0,0,0,[0|0|0|0],0,0,0,0,0,0,0,0,0,0,0,0,0,0,0,0,0,0,0,0,0,0,0,0,0,0,0,0,0,0,0,0,0,0,0,0,0,0,0,0,0,0,0,0,0,0,0,0,0,0,0,0,0,0,0,0,0,0,0,0,0,0,0,0,0,0,0,0,0,0,0,0,0,0,0,0,0,0,0,0,0,0,0,0,0,0,0,0,0,0,0,0,0,0,0,0,0,0,[0|0|0|0|0|0|0|0|0|0|0|0|0|0]
5011100,[Guardian] Dawn (Body) [Model],0,0,[0|0|0],604110,0,69,69,100,0.12,1150,0,200,0,102400,102401,701550,7000,1,-0.4,-1,-1,-1,-1,-1,-1,-1,-1,-1,-1,-1,-1,-1,-1,-1,-1,1,1,1,1,1,1,1,1,-1,5110,0,0,0,0,0,0,[0|0],0,0,0,0,0,0,0,0,112,112,85,59,0,-1,-1,1,0,2,4,1,2,50,0,[0|0],1,0,1,0,0,0,0,0,0,-1,-1,0,0,1,0,0,0,0,0,0.722,0.7125,0.722,0.76,0.729,0.774,0.765,109,50,106,50,106,139,139,139,-1,1,0,0.747,0,0,0,0,0,0,0,0,0,0,0,0,0,0,0,0,0,0,0,0,0,0,0,0,0,0,0,0,0,0,0,0,0,0,0,0,[0|0|0|0],0,85,0,0,0,0,0,0,0,0,0,0,0,0,0,0,0,0,0,0,0,0,0,0,0,0,0,0,0,0,0,0,0,0,0,0,0,0,0,0,0,0,0,0,0,0,0,0,0,0,0,0,0,0,0,0,0,0,0,0,0,0,0,0,0,0,0,0,0,0,0,0,0,0,0,0,0,0,0,0,0,0,0,0,0,0,0,0,0,0,0,0,0,0,0,0,0,0,[0|0|0|0|0|0|0|0|0|0|0|0|0|0]
5011200,[Guardian] Dawn (Arms),0,0,[0|0|0],706000,0,0,0,0,0,1150,0,200,0,602990,4710,7999010,7000,1.1,0,-1,-1,-1,-1,-1,-1,-1,-1,-1,-1,-1,-1,-1,-1,-1,-1,1,1,1,1,1,1,1,1,-1,0,0,0,0,0,0,0,[0|0],0,0,0,0,0,0,0,0,0,0,0,0,0,-1,-1,1,0,1,0,2,1,70,0,[0|0],1,0,0,1,0,0,0,0,0,-1,-1,0,0,1,0,0,0,0,0,1,1,1,1,1,1,1,109,50,106,50,106,139,139,139,-1,1,0,1,0,0,0,0,0,0,0,0,0,0,0,0,0,0,0,0,0,0,0,0,0,0,0,0,0,0,0,0,0,0,0,0,0,0,0,0,[0|0|0|0],0,0,0,0,0,0,0,0,0,0,0,0,0,0,0,0,0,0,0,0,0,0,0,0,0,0,0,0,0,0,0,0,0,0,0,0,0,0,0,0,0,0,0,0,0,0,0,0,0,0,0,0,0,0,0,0,0,0,0,0,0,0,0,0,0,0,0,0,0,0,0,0,0,0,0,0,0,0,0,0,0,0,0,0,0,0,0,0,0,0,0,0,0,0,0,0,0,0,[0|0|0|0|0|0|0|0|0|0|0|0|0|0]
5011300,[Guardian] Dawn (Legs),0,0,[0|0|0],806000,0,0,0,0,0,1250,0,200,0,99800,705012,49311,7000,1.1,0,-1,-1,-1,-1,-1,-1,-1,-1,-1,-1,-1,-1,-1,-1,-1,-1,1,1,1,1,1,1,1,1,-1,0,0,0,0,0,0,0,[0|0],0,0,0,0,0,0,0,0,0,0,0,0,0,-1,-1,1,0,1,0,3,1,70,0,[0|0],1,0,0,0,1,0,0,0,0,-1,-1,0,0,1,0,0,0,0,0,1,1,1,1,1,1,1,109,50,113,50,113,139,139,139,161,1,0,1,0,0,0,0,0,0,0,0,0,0,0,0,0,0,0,0,0,0,0,0,0,0,0,0,0,0,0,0,0,0,0,0,0,0,0,0,[0|0|0|0],0,0,0,0,0,0,0,0,0,0,0,0,0,0,0,0,0,0,0,0,0,0,0,0,0,0,0,0,0,0,0,0,0,0,0,0,0,0,0,0,0,0,0,0,0,0,0,0,0,0,0,0,0,0,0,0,0,0,0,0,0,0,0,0,0,0,0,0,0,0,0,0,0,0,0,0,0,0,0,0,0,0,0,0,0,0,0,0,0,0,0,0,0,0,0,0,0,0,[0|0|0|0|0|0|0|0|0|0|0|0|0|0]
5012000,[Ironeye] Dawn (Head),0,0,[0|0|0],507000,0,0,0,0,0,1050,0,200,0,-1,-1,-1,7000,1.5,0,-1,-1,-1,-1,-1,-1,-1,-1,-1,-1,-1,-1,-1,-1,-1,-1,1,1,1,1,1,1,1,1,-1,0,0,0,0,0,0,0,[0|0],0,0,0,0,0,0,0,0,0,0,0,0,0,-1,-1,1,0,1,0,0,1,80,0,[0|0],1,1,0,0,0,1,0,0,0,-1,-1,0,0,1,0,0,0,0,0,1,1,1,1,1,1,1,109,110,108,110,108,139,139,139,-1,1,0,1,0,0,0,0,0,0,0,0,0,0,0,0,0,0,0,0,0,0,0,0,0,0,0,0,0,0,0,0,0,0,0,0,0,0,0,0,[0|0|0|0],0,0,0,0,0,0,0,0,0,0,0,0,0,0,0,0,0,0,0,0,0,0,0,0,0,0,0,0,0,0,0,0,0,0,0,0,0,0,0,0,0,0,0,0,0,0,0,0,0,0,0,0,0,0,0,0,0,0,0,0,0,0,0,0,0,0,0,0,0,0,0,0,0,0,0,0,0,0,0,0,0,0,0,0,0,0,0,0,0,0,0,0,0,0,0,0,0,0,[0|0|0|0|0|0|0|0|0|0|0|0|0|0]
5012100,[Ironeye] Dawn (Body) [Model],0,0,[0|0|0],604110,0,59,59,100,0.04,1150,0,200,0,102400,102401,702000,7000,1,-0.4,-1,-1,-1,-1,-1,-1,-1,-1,-1,-1,-1,-1,-1,-1,-1,-1,1,1,1,1,1,1,1,1,-1,5120,0,0,0,0,0,0,[0|0],0,0,0,0,0,0,0,0,112,112,85,59,0,-1,-1,1,0,2,4,1,2,50,0,[0|0],1,0,1,0,0,0,0,0,0,-1,-1,0,0,1,0,0,0,0,0,0.81,0.85,0.86,0.85,0.81,0.86,0.8,109,50,144,50,144,139,139,139,-1,1,0,0.83,0,0,0,0,0,0,0,0,0,0,0,0,0,0,0,0,0,0,0,0,0,0,0,0,0,0,0,0,0,0,0,0,0,0,0,0,[0|0|0|0],0,85,0,0,0,0,0,0,0,0,0,0,0,0,0,0,0,0,0,0,0,0,0,0,0,0,0,0,0,0,0,0,0,0,0,0,0,0,0,0,0,0,0,0,0,0,0,0,0,0,0,0,0,0,0,0,0,0,0,0,0,0,0,0,0,0,0,0,0,0,0,0,0,0,0,0,0,0,0,0,0,0,0,0,0,0,0,0,0,0,0,0,0,0,0,0,0,0,[0|0|0|0|0|0|0|0|0|0|0|0|0|0]
5012200,[Ironeye] Dawn (Arms),0,0,[0|0|0],706000,0,0,0,0,0,1150,0,200,0,602990,4710,7999020,7000,1.1,0,-1,-1,-1,-1,-1,-1,-1,-1,-1,-1,-1,-1,-1,-1,-1,-1,1,1,1,1,1,1,1,1,-1,0,0,0,0,0,0,0,[0|0],0,0,0,0,0,0,0,0,0,0,0,0,0,-1,-1,1,0,1,0,2,1,70,0,[0|0],1,0,0,1,0,0,0,0,0,-1,-1,0,0,1,0,0,0,0,0,1,1,1,1,1,1,1,109,50,108,50,108,139,139,139,-1,1,0,1,0,0,0,0,0,0,0,0,0,0,0,0,0,0,0,0,0,0,0,0,0,0,0,0,0,0,0,0,0,0,0,0,0,0,0,0,[0|0|0|0],0,0,0,0,0,0,0,0,0,0,0,0,0,0,0,0,0,0,0,0,0,0,0,0,0,0,0,0,0,0,0,0,0,0,0,0,0,0,0,0,0,0,0,0,0,0,0,0,0,0,0,0,0,0,0,0,0,0,0,0,0,0,0,0,0,0,0,0,0,0,0,0,0,0,0,0,0,0,0,0,0,0,0,0,0,0,0,0,0,0,0,0,0,0,0,0,0,0,[0|0|0|0|0|0|0|0|0|0|0|0|0|0]
5012300,[Ironeye] Dawn (Legs),0,0,[0|0|0],806000,0,0,0,0,0,1250,0,200,0,99800,705012,49321,7000,1.1,0,-1,-1,-1,-1,-1,-1,-1,-1,-1,-1,-1,-1,-1,-1,-1,-1,1,1,1,1,1,1,1,1,-1,0,0,0,0,0,0,0,[0|0],0,0,0,0,0,0,0,0,0,0,0,0,0,-1,-1,1,0,1,0,3,1,70,0,[0|0],1,0,0,0,1,0,0,0,0,-1,-1,0,0,1,0,0,0,0,0,1,1,1,1,1,1,1,109,50,108,50,108,139,139,139,111,1,0,1,0,0,0,0,0,0,0,0,0,0,0,0,0,0,0,0,0,0,0,0,0,0,0,0,0,0,0,0,0,0,0,0,0,0,0,0,[0|0|0|0],0,0,0,0,0,0,0,0,0,0,0,0,0,0,0,0,0,0,0,0,0,0,0,0,0,0,0,0,0,0,0,0,0,0,0,0,0,0,0,0,0,0,0,0,0,0,0,0,0,0,0,0,0,0,0,0,0,0,0,0,0,0,0,0,0,0,0,0,0,0,0,0,0,0,0,0,0,0,0,0,0,0,0,0,0,0,0,0,0,0,0,0,0,0,0,0,0,0,[0|0|0|0|0|0|0|0|0|0|0|0|0|0]
5013000,[Duchess] Dawn (Head),0,0,[0|0|0],507000,0,0,0,0,0,1050,0,200,0,-1,-1,-1,7000,1.5,0,-1,-1,-1,-1,-1,-1,-1,-1,-1,-1,-1,-1,-1,-1,-1,-1,1,1,1,1,1,1,1,1,-1,0,0,0,0,0,0,0,[0|0],0,0,0,0,0,0,0,0,0,0,0,0,0,-1,-1,1,0,1,0,0,1,80,0,[0|0],1,1,0,0,0,1,0,0,0,-1,-1,0,0,1,0,0,0,0,0,1,1,1,1,1,1,1,109,110,108,110,108,139,139,139,-1,1,0,1,0,0,0,0,0,0,0,0,0,0,0,0,0,0,0,0,0,0,0,0,0,0,0,0,0,0,0,0,0,0,0,0,0,0,0,0,[0|0|0|0],0,0,0,0,0,0,0,0,0,0,0,0,0,0,0,0,0,0,0,0,0,0,0,0,0,0,0,0,0,0,0,0,0,0,0,0,0,0,0,0,0,0,0,0,0,0,0,0,0,0,0,0,0,0,0,0,0,0,0,0,0,0,0,0,0,0,0,0,0,0,0,0,0,0,0,0,0,0,0,0,0,0,0,0,0,0,0,0,0,0,0,0,0,0,0,0,0,0,[0|0|0|0|0|0|0|0|0|0|0|0|0|0]
5013100,[Duchess] Dawn (Body) [Model],0,0,[0|0|0],604110,0,69,69,100,0.04,1150,0,200,0,102400,102401,-1,7000,1,-0.4,-1,-1,-1,-1,-1,-1,-1,-1,-1,-1,-1,-1,-1,-1,-1,-1,1,1,1,1,1,1,1,1,-1,5130,0,0,0,0,0,0,[0|0],0,0,0,0,0,0,0,0,102,102,85,59,0,-1,-1,1,0,2,4,1,2,50,0,[0|0],1,0,1,0,0,0,0,0,0,-1,-1,0,0,1,0,0,0,0,0,0.81,0.85,0.86,0.85,0.72,0.78,0.78,109,50,113,50,113,139,139,139,-1,1,0,0.77,0,0,0,0,0,0,0,0,0,0,0,0,0,0,0,0,0,0,0,0,0,0,0,0,0,0,0,0,0,0,0,0,0,0,0,0,[0|0|0|0],0,85,0,0,0,0,0,0,0,0,0,0,0,0,0,0,0,0,0,0,0,0,0,0,0,0,0,0,0,0,0,0,0,0,0,0,0,0,0,0,0,0,0,0,0,0,0,0,0,0,0,0,0,0,0,0,0,0,0,0,0,0,0,0,0,0,0,0,0,0,0,0,0,0,0,0,0,0,0,0,0,0,0,0,0,0,0,0,0,0,0,0,0,0,0,0,0,0,[0|0|0|0|0|0|0|0|0|0|0|0|0|0]
5013200,[Duchess] Dawn (Arms),0,0,[0|0|0],706000,0,0,0,0,0,1150,0,200,0,602990,4710,7999030,7000,1.1,0,-1,-1,-1,-1,-1,-1,-1,-1,-1,-1,-1,-1,-1,-1,-1,-1,1,1,1,1,1,1,1,1,-1,0,0,0,0,0,0,0,[0|0],0,0,0,0,0,0,0,0,0,0,0,0,0,-1,-1,1,0,1,0,2,1,70,0,[0|0],1,0,0,1,0,0,0,0,0,-1,-1,0,0,1,0,0,0,0,0,1,1,1,1,1,1,1,109,50,113,50,113,139,139,139,-1,1,0,1,0,0,0,0,0,0,0,0,0,0,0,0,0,0,0,0,0,0,0,0,0,0,0,0,0,0,0,0,0,0,0,0,0,0,0,0,[0|0|0|0],0,0,0,0,0,0,0,0,0,0,0,0,0,0,0,0,0,0,0,0,0,0,0,0,0,0,0,0,0,0,0,0,0,0,0,0,0,0,0,0,0,0,0,0,0,0,0,0,0,0,0,0,0,0,0,0,0,0,0,0,0,0,0,0,0,0,0,0,0,0,0,0,0,0,0,0,0,0,0,0,0,0,0,0,0,0,0,0,0,0,0,0,0,0,0,0,0,0,[0|0|0|0|0|0|0|0|0|0|0|0|0|0]
5013300,[Duchess] Dawn (Legs),0,0,[0|0|0],806000,0,0,0,0,0,1250,0,200,0,99800,705012,49331,7000,1.1,0,-1,-1,-1,-1,-1,-1,-1,-1,-1,-1,-1,-1,-1,-1,-1,-1,1,1,1,1,1,1,1,1,-1,0,0,0,0,0,0,0,[0|0],0,0,0,0,0,0,0,0,0,0,0,0,0,-1,-1,1,0,1,0,3,1,70,0,[0|0],1,0,0,0,1,0,0,0,0,-1,-1,0,0,1,0,0,0,0,0,1,1,1,1,1,1,1,109,50,108,50,108,139,139,139,110,1,0,1,0,0,0,0,0,0,0,0,0,0,0,0,0,0,0,0,0,0,0,0,0,0,0,0,0,0,0,0,0,0,0,0,0,0,0,0,[0|0|0|0],0,0,0,0,0,0,0,0,0,0,0,0,0,0,0,0,0,0,0,0,0,0,0,0,0,0,0,0,0,0,0,0,0,0,0,0,0,0,0,0,0,0,0,0,0,0,0,0,0,0,0,0,0,0,0,0,0,0,0,0,0,0,0,0,0,0,0,0,0,0,0,0,0,0,0,0,0,0,0,0,0,0,0,0,0,0,0,0,0,0,0,0,0,0,0,0,0,0,[0|0|0|0|0|0|0|0|0|0|0|0|0|0]
5014000,[Raider] Dawn (Head),0,0,[0|0|0],507000,0,0,0,0,0,1050,0,200,0,-1,-1,-1,7000,1.5,0,-1,-1,-1,-1,-1,-1,-1,-1,-1,-1,-1,-1,-1,-1,-1,-1,1,1,1,1,1,1,1,1,-1,0,0,0,0,0,0,0,[0|0],0,0,0,0,0,0,0,0,0,0,0,0,0,-1,-1,1,0,1,0,0,1,80,0,[0|0],1,1,0,0,0,1,0,0,0,-1,-1,0,0,1,0,0,0,0,0,1,1,1,1,1,1,1,109,110,124,110,117,139,139,139,-1,1,0,1,0,0,0,0,0,0,0,0,0,0,0,0,0,0,0,0,0,0,0,0,0,0,0,0,0,0,0,0,0,0,0,0,0,0,0,0,[0|0|0|0],0,0,0,0,0,0,0,0,0,0,0,0,0,0,0,0,0,0,0,0,0,0,0,0,0,0,0,0,0,0,0,0,0,0,0,0,0,0,0,0,0,0,0,0,0,0,0,0,0,0,0,0,0,0,0,0,0,0,0,0,0,0,0,0,0,0,0,0,0,0,0,0,0,0,0,0,0,0,0,0,0,0,0,0,0,0,0,0,0,0,0,0,0,0,0,0,0,0,[0|0|0|0|0|0|0|0|0|0|0|0|0|0]
5014100,[Raider] Dawn (Body) [Model],0,0,[0|0|0],604110,0,49,49,100,0.12,1150,0,200,0,102400,102401,49341,7000,1,-0.4,-1,-1,-1,-1,-1,-1,-1,-1,-1,-1,-1,-1,-1,-1,-1,-1,1,1,1,1,1,1,1,1,-1,5140,0,0,0,0,0,0,[0|0],0,0,0,0,0,0,0,0,102,102,95,59,0,-1,-1,1,0,2,4,1,2,50,0,[0|0],1,0,1,0,0,0,0,0,0,-1,-1,0,0,1,0,0,0,0,0,0.76,0.75,0.76,0.85,0.86,0.76,0.85,109,50,144,50,144,139,139,139,-1,1,0,0.83,0,0,0,0,0,0,0,0,0,0,0,0,0,0,0,0,0,0,0,0,0,0,0,0,0,0,0,0,0,0,0,0,0,0,0,0,[0|0|0|0],0,95,0,0,0,0,0,0,0,0,0,0,0,0,0,0,0,0,0,0,0,0,0,0,0,0,0,0,0,0,0,0,0,0,0,0,0,0,0,0,0,0,0,0,0,0,0,0,0,0,0,0,0,0,0,0,0,0,0,0,0,0,0,0,0,0,0,0,0,0,0,0,0,0,0,0,0,0,0,0,0,0,0,0,0,0,0,0,0,0,0,0,0,0,0,0,0,0,[0|0|0|0|0|0|0|0|0|0|0|0|0|0]
5014200,[Raider] Dawn (Arms),0,0,[0|0|0],706000,0,0,0,0,0,1150,0,200,0,602990,4710,7999040,7000,1.1,0,-1,-1,-1,-1,-1,-1,-1,-1,-1,-1,-1,-1,-1,-1,-1,-1,1,1,1,1,1,1,1,1,-1,0,0,0,0,0,0,0,[0|0],0,0,0,0,0,0,0,0,0,0,0,0,0,-1,-1,1,0,1,0,2,1,70,0,[0|0],1,0,0,1,0,0,0,0,0,-1,-1,0,0,1,0,0,0,0,0,1,1,1,1,1,1,1,109,50,108,50,108,139,139,139,-1,1,0,1,0,0,0,0,0,0,0,0,0,0,0,0,0,0,0,0,0,0,0,0,0,0,0,0,0,0,0,0,0,0,0,0,0,0,0,0,[0|0|0|0],0,0,0,0,0,0,0,0,0,0,0,0,0,0,0,0,0,0,0,0,0,0,0,0,0,0,0,0,0,0,0,0,0,0,0,0,0,0,0,0,0,0,0,0,0,0,0,0,0,0,0,0,0,0,0,0,0,0,0,0,0,0,0,0,0,0,0,0,0,0,0,0,0,0,0,0,0,0,0,0,0,0,0,0,0,0,0,0,0,0,0,0,0,0,0,0,0,0,[0|0|0|0|0|0|0|0|0|0|0|0|0|0]
5014300,[Raider] Dawn (Legs),0,0,[0|0|0],806000,0,0,0,0,0,1250,0,200,0,99800,705012,704300,7000,1.1,0,-1,-1,-1,-1,-1,-1,-1,-1,-1,-1,-1,-1,-1,-1,-1,-1,1,1,1,1,1,1,1,1,-1,0,0,0,0,0,0,0,[0|0],0,0,0,0,0,0,0,0,0,0,0,0,0,-1,-1,1,0,1,0,3,1,70,0,[0|0],1,0,0,0,1,0,0,0,0,-1,-1,0,0,1,0,0,0,0,0,1,1,1,1,1,1,1,109,50,108,50,108,139,139,139,112,1,0,1,0,0,0,0,0,0,0,0,0,0,0,0,0,0,0,0,0,0,0,0,0,0,0,0,0,0,0,0,0,0,0,0,0,0,0,0,[0|0|0|0],0,0,0,0,0,0,0,0,0,0,0,0,0,0,0,0,0,0,0,0,0,0,0,0,0,0,0,0,0,0,0,0,0,0,0,0,0,0,0,0,0,0,0,0,0,0,0,0,0,0,0,0,0,0,0,0,0,0,0,0,0,0,0,0,0,0,0,0,0,0,0,0,0,0,0,0,0,0,0,0,0,0,0,0,0,0,0,0,0,0,0,0,0,0,0,0,0,0,[0|0|0|0|0|0|0|0|0|0|0|0|0|0]
5015000,[Revenant] Dawn (Head),0,0,[0|0|0],507000,0,0,0,0,0,1050,0,200,0,-1,-1,-1,7000,1.5,0,-1,-1,-1,-1,-1,-1,-1,-1,-1,-1,-1,-1,-1,-1,-1,-1,1,1,1,1,1,1,1,1,-1,0,0,0,0,0,0,0,[0|0],0,0,0,0,0,0,0,0,0,0,0,0,0,-1,-1,1,0,1,0,0,1,80,0,[0|0],1,1,0,0,0,1,0,0,2,-1,-1,2,0,1,0,0,0,0,0,1,1,1,1,1,1,1,109,110,144,110,180,139,180,139,-1,1,0,1,0,0,0,0,0,0,0,0,0,0,0,0,0,0,0,0,0,0,0,0,0,0,0,0,0,0,0,0,0,0,0,0,0,0,0,0,[0|0|0|0],0,0,0,0,0,0,0,0,0,0,0,0,0,0,0,0,0,0,0,0,0,0,0,0,0,0,0,0,0,0,0,0,0,0,0,0,0,0,0,0,0,0,0,0,0,0,0,0,0,0,0,0,0,0,0,0,0,0,0,0,0,0,0,0,0,0,0,0,0,0,0,0,0,0,0,0,0,0,0,0,0,0,0,0,0,0,0,0,0,0,0,0,0,0,0,0,0,0,[0|0|0|0|0|0|0|0|0|0|0|0|0|0]
5015100,[Revenant] Dawn (Body) [Model],0,0,[0|0|0],604110,0,69,69,100,0.04,1150,0,200,0,102400,102401,-1,7000,1,-0.4,-1,-1,-1,-1,-1,-1,-1,-1,-1,-1,-1,-1,-1,-1,-1,-1,1,1,1,1,1,1,1,1,-1,5150,0,0,0,0,0,0,[0|0],0,0,0,0,0,0,0,0,112,112,85,69,0,-1,-1,1,0,2,4,1,2,50,0,[0|0],1,0,1,0,0,0,0,0,2,-1,-1,2,0,1,0,0,0,0,0,0.86,0.9,0.86,0.9,0.72,0.71,0.71,109,50,113,50,180,139,180,139,-1,1,0,0.8,0,0,0,0,0,0,0,0,0,0,0,0,0,0,0,0,0,0,0,0,0,0,0,0,0,0,0,0,0,0,0,0,0,0,0,0,[0|0|0|0],0,85,0,0,0,0,0,0,0,0,0,0,0,0,0,0,0,0,0,0,0,0,0,0,0,0,0,0,0,0,0,0,0,0,0,0,0,0,0,0,0,0,0,0,0,0,0,0,0,0,0,0,0,0,0,0,0,0,0,0,0,0,0,0,0,0,0,0,0,0,0,0,0,0,0,0,0,0,0,0,0,0,0,0,0,0,0,0,0,0,0,0,0,0,0,0,0,0,[0|0|0|0|0|0|0|0|0|0|0|0|0|0]
5015200,[Revenant] Dawn (Arms),0,0,[0|0|0],706000,0,0,0,0,0,1150,0,200,0,602990,4710,7999050,7000,1.1,0,-1,-1,-1,-1,-1,-1,-1,-1,-1,-1,-1,-1,-1,-1,-1,-1,1,1,1,1,1,1,1,1,-1,0,0,0,0,0,0,0,[0|0],0,0,0,0,0,0,0,0,0,0,0,0,0,-1,-1,1,0,1,0,2,1,70,0,[0|0],1,0,0,1,0,0,0,0,2,-1,-1,2,0,1,0,0,0,0,0,1,1,1,1,1,1,1,109,50,113,50,180,139,180,139,-1,1,0,1,0,0,0,0,0,0,0,0,0,0,0,0,0,0,0,0,0,0,0,0,0,0,0,0,0,0,0,0,0,0,0,0,0,0,0,0,[0|0|0|0],0,0,0,0,0,0,0,0,0,0,0,0,0,0,0,0,0,0,0,0,0,0,0,0,0,0,0,0,0,0,0,0,0,0,0,0,0,0,0,0,0,0,0,0,0,0,0,0,0,0,0,0,0,0,0,0,0,0,0,0,0,0,0,0,0,0,0,0,0,0,0,0,0,0,0,0,0,0,0,0,0,0,0,0,0,0,0,0,0,0,0,0,0,0,0,0,0,0,[0|0|0|0|0|0|0|0|0|0|0|0|0|0]
5015300,[Revenant] Dawn (Legs),0,0,[0|0|0],806000,0,0,0,0,0,1250,0,200,0,99800,705012,49351,7000,1.1,0,-1,-1,-1,-1,-1,-1,-1,-1,-1,-1,-1,-1,-1,-1,-1,-1,1,1,1,1,1,1,1,1,-1,0,0,0,0,0,0,0,[0|0],0,0,0,0,0,0,0,0,0,0,0,0,0,-1,-1,1,0,1,0,3,1,70,0,[0|0],1,0,0,0,1,0,0,0,2,-1,-1,2,0,1,0,0,0,0,0,1,1,1,1,1,1,1,109,50,109,50,180,139,180,139,100,1,0,1,0,0,0,0,0,0,0,0,0,0,0,0,0,0,0,0,0,0,0,0,0,0,0,0,0,0,0,0,0,0,0,0,0,0,0,0,[0|0|0|0],0,0,0,0,0,0,0,0,0,0,0,0,0,0,0,0,0,0,0,0,0,0,0,0,0,0,0,0,0,0,0,0,0,0,0,0,0,0,0,0,0,0,0,0,0,0,0,0,0,0,0,0,0,0,0,0,0,0,0,0,0,0,0,0,0,0,0,0,0,0,0,0,0,0,0,0,0,0,0,0,0,0,0,0,0,0,0,0,0,0,0,0,0,0,0,0,0,0,[0|0|0|0|0|0|0|0|0|0|0|0|0|0]
5016000,[Recluse] Dawn (Head),0,0,[0|0|0],507000,0,0,0,0,0,1050,0,200,0,-1,-1,-1,7000,1.5,0,-1,-1,-1,-1,-1,-1,-1,-1,-1,-1,-1,-1,-1,-1,-1,-1,1,1,1,1,1,1,1,1,-1,0,0,0,0,0,0,0,[0|0],0,0,0,0,0,0,0,0,0,0,0,0,0,-1,-1,1,0,1,0,0,1,80,0,[0|0],1,1,0,0,0,1,0,0,0,-1,-1,0,0,1,0,0,0,0,0,1,1,1,1,1,1,1,109,110,113,110,113,139,139,139,-1,1,0,1,0,0,0,0,0,0,0,0,0,0,0,0,0,0,0,0,0,0,0,0,0,0,0,0,0,0,0,0,0,0,0,0,0,0,0,0,[0|0|0|0],0,0,0,0,0,0,0,0,0,0,0,0,0,0,0,0,0,0,0,0,0,0,0,0,0,0,0,0,0,0,0,0,0,0,0,0,0,0,0,0,0,0,0,0,0,0,0,0,0,0,0,0,0,0,0,0,0,0,0,0,0,0,0,0,0,0,0,0,0,0,0,0,0,0,0,0,0,0,0,0,0,0,0,0,0,0,0,0,0,0,0,0,0,0,0,0,0,0,[0|0|0|0|0|0|0|0|0|0|0|0|0|0]
5016100,[Recluse] Dawn (Body) [Model],0,0,[0|0|0],604110,0,69,69,100,0.04,1150,0,200,0,102400,102401,-1,7000,1,-0.4,-1,-1,-1,-1,-1,-1,-1,-1,-1,-1,-1,-1,-1,-1,-1,-1,1,1,1,1,1,1,1,1,-1,5160,0,0,0,0,0,0,[0|0],0,0,0,0,0,0,0,0,112,112,85,59,0,-1,-1,1,0,2,4,1,2,50,0,[0|0],1,0,1,0,0,0,0,0,0,-1,-1,0,0,1,0,0,0,0,0,0.86,0.9,0.86,0.9,0.71,0.76,0.75,109,50,113,50,113,139,139,139,-1,1,0,0.75,0,0,0,0,0,0,0,0,0,0,0,0,0,0,0,0,0,0,0,0,0,0,0,0,0,0,0,0,0,0,0,0,0,0,0,0,[0|0|0|0],0,85,0,0,0,0,0,0,0,0,0,0,0,0,0,0,0,0,0,0,0,0,0,0,0,0,0,0,0,0,0,0,0,0,0,0,0,0,0,0,0,0,0,0,0,0,0,0,0,0,0,0,0,0,0,0,0,0,0,0,0,0,0,0,0,0,0,0,0,0,0,0,0,0,0,0,0,0,0,0,0,0,0,0,0,0,0,0,0,0,0,0,0,0,0,0,0,0,[0|0|0|0|0|0|0|0|0|0|0|0|0|0]
5016200,[Recluse] Dawn (Arms),0,0,[0|0|0],706000,0,0,0,0,0,1150,0,200,0,602990,4710,7999060,7000,1.1,0,-1,-1,-1,-1,-1,-1,-1,-1,-1,-1,-1,-1,-1,-1,-1,-1,1,1,1,1,1,1,1,1,-1,0,0,0,0,0,0,0,[0|0],0,0,0,0,0,0,0,0,0,0,0,0,0,-1,-1,1,0,1,0,2,1,70,0,[0|0],1,0,0,1,0,0,0,0,0,-1,-1,0,0,1,0,0,0,0,0,1,1,1,1,1,1,1,109,50,113,50,113,139,139,139,-1,1,0,1,0,0,0,0,0,0,0,0,0,0,0,0,0,0,0,0,0,0,0,0,0,0,0,0,0,0,0,0,0,0,0,0,0,0,0,0,[0|0|0|0],0,0,0,0,0,0,0,0,0,0,0,0,0,0,0,0,0,0,0,0,0,0,0,0,0,0,0,0,0,0,0,0,0,0,0,0,0,0,0,0,0,0,0,0,0,0,0,0,0,0,0,0,0,0,0,0,0,0,0,0,0,0,0,0,0,0,0,0,0,0,0,0,0,0,0,0,0,0,0,0,0,0,0,0,0,0,0,0,0,0,0,0,0,0,0,0,0,0,[0|0|0|0|0|0|0|0|0|0|0|0|0|0]
5016300,[Recluse] Dawn (Legs),0,0,[0|0|0],806000,0,0,0,0,0,1250,0,200,0,99800,705012,49361,7000,1.1,0,-1,-1,-1,-1,-1,-1,-1,-1,-1,-1,-1,-1,-1,-1,-1,-1,1,1,1,1,1,1,1,1,-1,0,0,0,0,0,0,0,[0|0],0,0,0,0,0,0,0,0,0,0,0,0,0,-1,-1,1,0,1,0,3,1,70,0,[0|0],1,0,0,0,1,0,0,0,0,-1,-1,0,0,1,0,0,0,0,0,1,1,1,1,1,1,1,109,50,109,50,139,139,139,139,110,1,0,1,0,0,0,0,0,0,0,0,0,0,0,0,0,0,0,0,0,0,0,0,0,0,0,0,0,0,0,0,0,0,0,0,0,0,0,0,[0|0|0|0],0,0,0,0,0,0,0,0,0,0,0,0,0,0,0,0,0,0,0,0,0,0,0,0,0,0,0,0,0,0,0,0,0,0,0,0,0,0,0,0,0,0,0,0,0,0,0,0,0,0,0,0,0,0,0,0,0,0,0,0,0,0,0,0,0,0,0,0,0,0,0,0,0,0,0,0,0,0,0,0,0,0,0,0,0,0,0,0,0,0,0,0,0,0,0,0,0,0,[0|0|0|0|0|0|0|0|0|0|0|0|0|0]
5017000,[Executor] Dawn (Head),0,0,[0|0|0],507000,0,0,0,0,0,1050,0,200,0,-1,-1,-1,7000,1.5,0,-1,-1,-1,-1,-1,-1,-1,-1,-1,-1,-1,-1,-1,-1,-1,-1,1,1,1,1,1,1,1,1,-1,0,0,0,0,0,0,0,[0|0],0,0,0,0,0,0,0,0,0,0,0,0,0,-1,-1,1,0,1,0,0,1,80,0,[0|0],1,1,0,0,0,1,0,0,0,-1,-1,0,0,1,0,0,0,0,0,1,1,1,1,1,1,1,109,110,140,110,106,139,139,139,-1,1,0,1,0,0,0,0,0,0,0,0,0,0,0,0,0,0,0,0,0,0,0,0,0,0,0,0,0,0,0,0,0,0,0,0,0,0,0,0,[0|0|0|0],0,0,0,0,0,0,0,0,0,0,0,0,0,0,0,0,0,0,0,0,0,0,0,0,0,0,0,0,0,0,0,0,0,0,0,0,0,0,0,0,0,0,0,0,0,0,0,0,0,0,0,0,0,0,0,0,0,0,0,0,0,0,0,0,0,0,0,0,0,0,0,0,0,0,0,0,0,0,0,0,0,0,0,0,0,0,0,0,0,0,0,0,0,0,0,0,0,0,[0|0|0|0|0|0|0|0|0|0|0|0|0|0]
5017100,[Executor] Dawn (Body) [Model],0,0,[0|0|0],604110,0,49,49,100,0.04,1150,0,200,0,102400,102401,49371,7000,1,-0.4,-1,-1,-1,-1,-1,-1,-1,-1,-1,-1,-1,-1,-1,-1,-1,-1,1,1,1,1,1,1,1,1,-1,5170,0,0,0,0,0,0,[0|0],0,0,0,0,0,0,0,0,92,92,105,69,0,-1,-1,1,0,2,4,1,2,50,0,[0|0],1,0,1,0,0,0,0,0,0,-1,-1,0,0,1,0,0,0,0,0,0.76,0.75,0.76,0.8,0.86,0.81,0.85,109,50,140,50,106,139,139,139,-1,1,0,0.78,0,0,0,0,0,0,0,0,0,0,0,0,0,0,0,0,0,0,0,0,0,0,0,0,0,0,0,0,0,0,0,0,0,0,0,0,[0|0|0|0],0,105,0,0,0,0,0,0,0,0,0,0,0,0,0,0,0,0,0,0,0,0,0,0,0,0,0,0,0,0,0,0,0,0,0,0,0,0,0,0,0,0,0,0,0,0,0,0,0,0,0,0,0,0,0,0,0,0,0,0,0,0,0,0,0,0,0,0,0,0,0,0,0,0,0,0,0,0,0,0,0,0,0,0,0,0,0,0,0,0,0,0,0,0,0,0,0,0,[0|0|0|0|0|0|0|0|0|0|0|0|0|0]
5017200,[Executor] Dawn (Arms),0,0,[0|0|0],706000,0,0,0,0,0,1150,0,200,0,602990,4710,7999070,7000,1.1,0,-1,-1,-1,-1,-1,-1,-1,-1,-1,-1,-1,-1,-1,-1,-1,-1,1,1,1,1,1,1,1,1,-1,0,0,0,0,0,0,0,[0|0],0,0,0,0,0,0,0,0,0,0,0,0,0,-1,-1,1,0,1,0,2,1,70,0,[0|0],1,0,0,1,0,0,0,0,0,-1,-1,0,0,1,0,0,0,0,0,1,1,1,1,1,1,1,109,50,140,50,106,139,139,139,-1,1,0,1,0,0,0,0,0,0,0,0,0,0,0,0,0,0,0,0,0,0,0,0,0,0,0,0,0,0,0,0,0,0,0,0,0,0,0,0,[0|0|0|0],0,0,0,0,0,0,0,0,0,0,0,0,0,0,0,0,0,0,0,0,0,0,0,0,0,0,0,0,0,0,0,0,0,0,0,0,0,0,0,0,0,0,0,0,0,0,0,0,0,0,0,0,0,0,0,0,0,0,0,0,0,0,0,0,0,0,0,0,0,0,0,0,0,0,0,0,0,0,0,0,0,0,0,0,0,0,0,0,0,0,0,0,0,0,0,0,0,0,[0|0|0|0|0|0|0|0|0|0|0|0|0|0]
5017300,[Executor] Dawn (Legs),0,0,[0|0|0],806000,0,0,0,0,0,1250,0,200,0,99800,705012,707050,7000,1.1,0,-1,-1,-1,-1,-1,-1,-1,-1,-1,-1,-1,-1,-1,-1,-1,-1,1,1,1,1,1,1,1,1,-1,0,0,0,0,0,0,0,[0|0],0,0,0,0,0,0,0,0,0,0,0,0,0,-1,-1,1,0,1,0,3,1,70,0,[0|0],1,0,0,0,1,0,0,0,0,-1,-1,0,0,1,0,0,0,0,0,1,1,1,1,1,1,1,109,50,140,50,106,139,139,139,111,1,0,1,0,0,0,0,0,0,0,0,0,0,0,0,0,0,0,0,0,0,0,0,0,0,0,0,0,0,0,0,0,0,0,0,0,0,0,0,[0|0|0|0],0,0,0,0,0,0,0,0,0,0,0,0,0,0,0,0,0,0,0,0,0,0,0,0,0,0,0,0,0,0,0,0,0,0,0,0,0,0,0,0,0,0,0,0,0,0,0,0,0,0,0,0,0,0,0,0,0,0,0,0,0,0,0,0,0,0,0,0,0,0,0,0,0,0,0,0,0,0,0,0,0,0,0,0,0,0,0,0,0,0,0,0,0,0,0,0,0,0,[0|0|0|0|0|0|0|0|0|0|0|0|0|0]
5018000,[Scholar] Dawn (Head),1,0,[0|0|0],507000,0,0,0,0,0,1050,0,200,0,-1,-1,-1,7000,1.5,0,-1,-1,-1,-1,-1,-1,-1,-1,-1,-1,-1,-1,-1,-1,-1,-1,1,1,1,1,1,1,1,1,-1,0,0,0,0,0,0,0,[0|0],0,0,0,0,0,0,0,0,0,0,0,0,0,-1,-1,1,0,1,0,0,1,80,0,[0|0],1,1,0,0,0,1,0,0,1,-1,-1,1,0,1,0,0,0,0,0,1,1,1,1,1,1,1,109,110,109,110,139,139,139,139,-1,1,0,1,0,0,0,0,0,0,0,0,0,0,0,0,0,0,0,0,0,0,0,0,0,0,0,0,0,0,0,0,0,0,0,0,0,0,0,0,[0|0|0|0],0,0,0,0,0,0,0,0,0,0,0,0,0,0,0,0,0,0,0,0,0,0,0,0,0,0,0,0,0,0,0,0,0,0,0,0,0,0,0,0,0,0,0,0,0,0,0,0,0,0,0,0,0,0,0,0,0,0,0,0,0,0,0,0,0,0,0,0,0,0,0,0,0,0,0,0,0,0,0,0,0,0,0,0,0,0,0,0,0,0,0,0,0,0,0,0,0,0,[0|0|0|0|0|0|0|0|0|0|0|0|0|0]
5018100,[Scholar] Dawn (Body) [Model],1,0,[0|0|0],604110,0,69,69,100,0.04,1150,0,200,0,102400,102401,-1,7000,1,-0.4,-1,-1,-1,-1,-1,-1,-1,-1,-1,-1,-1,-1,-1,-1,-1,-1,1,1,1,1,1,1,1,1,-1,5180,0,0,0,0,0,0,[0|0],0,0,0,0,0,0,0,0,102,102,85,59,0,-1,-1,1,0,2,4,1,2,50,0,[0|0],1,0,1,0,0,0,0,0,1,-1,-1,1,0,1,0,0,0,0,0,0.81,0.83,0.85,0.8,0.73,0.75,0.76,109,50,113,50,113,139,139,139,-1,1,0,0.91,0,0,0,0,0,0,0,0,0,0,0,0,0,0,0,0,0,0,0,0,0,0,0,0,0,0,0,0,0,0,0,0,0,0,0,0,[0|0|0|0],0,85,0,0,0,0,0,0,0,0,0,0,0,0,0,0,0,0,0,0,0,0,0,0,0,0,0,0,0,0,0,0,0,0,0,0,0,0,0,0,0,0,0,0,0,0,0,0,0,0,0,0,0,0,0,0,0,0,0,0,0,0,0,0,0,0,0,0,0,0,0,0,0,0,0,0,0,0,0,0,0,0,0,0,0,0,0,0,0,0,0,0,0,0,0,0,0,0,[0|0|0|0|0|0|0|0|0|0|0|0|0|0]
5018200,[Scholar] Dawn (Arms),1,0,[0|0|0],706000,0,0,0,0,0,1150,0,200,0,602990,4710,7999080,7000,1.1,0,-1,-1,-1,-1,-1,-1,-1,-1,-1,-1,-1,-1,-1,-1,-1,-1,1,1,1,1,1,1,1,1,-1,0,0,0,0,0,0,0,[0|0],0,0,0,0,0,0,0,0,0,0,0,0,0,-1,-1,1,0,1,0,2,1,70,0,[0|0],1,0,0,1,0,0,0,0,1,-1,-1,1,0,1,0,0,0,0,0,1,1,1,1,1,1,1,109,50,108,50,108,139,139,139,-1,1,0,1,0,0,0,0,0,0,0,0,0,0,0,0,0,0,0,0,0,0,0,0,0,0,0,0,0,0,0,0,0,0,0,0,0,0,0,0,[0|0|0|0],0,0,0,0,0,0,0,0,0,0,0,0,0,0,0,0,0,0,0,0,0,0,0,0,0,0,0,0,0,0,0,0,0,0,0,0,0,0,0,0,0,0,0,0,0,0,0,0,0,0,0,0,0,0,0,0,0,0,0,0,0,0,0,0,0,0,0,0,0,0,0,0,0,0,0,0,0,0,0,0,0,0,0,0,0,0,0,0,0,0,0,0,0,0,0,0,0,0,[0|0|0|0|0|0|0|0|0|0|0|0|0|0]
5018300,[Scholar] Dawn (Legs),1,0,[0|0|0],806000,0,0,0,0,0,1250,0,200,0,99800,705012,49981,7000,1.1,0,-1,-1,-1,-1,-1,-1,-1,-1,-1,-1,-1,-1,-1,-1,-1,-1,1,1,1,1,1,1,1,1,-1,0,0,0,0,0,0,0,[0|0],0,0,0,0,0,0,0,0,0,0,0,0,0,-1,-1,1,0,1,0,3,1,70,0,[0|0],1,0,0,0,1,0,0,0,1,-1,-1,1,0,1,0,0,0,0,0,1,1,1,1,1,1,1,109,50,108,50,108,139,139,139,111,1,0,1,0,0,0,0,0,0,0,0,0,0,0,0,0,0,0,0,0,0,0,0,0,0,0,0,0,0,0,0,0,0,0,0,0,0,0,0,[0|0|0|0],0,0,0,0,0,0,0,0,0,0,0,0,0,0,0,0,0,0,0,0,0,0,0,0,0,0,0,0,0,0,0,0,0,0,0,0,0,0,0,0,0,0,0,0,0,0,0,0,0,0,0,0,0,0,0,0,0,0,0,0,0,0,0,0,0,0,0,0,0,0,0,0,0,0,0,0,0,0,0,0,0,0,0,0,0,0,0,0,0,0,0,0,0,0,0,0,0,0,[0|0|0|0|0|0|0|0|0|0|0|0|0|0]
5019000,[Undertaker] Dawn (Head),1,0,[0|0|0],507000,0,0,0,0,0,1050,0,200,0,-1,-1,-1,7000,1.5,0,-1,-1,-1,-1,-1,-1,-1,-1,-1,-1,-1,-1,-1,-1,-1,-1,1,1,1,1,1,1,1,1,-1,0,0,0,0,0,0,0,[0|0],0,0,0,0,0,0,0,0,0,0,0,0,0,-1,-1,1,0,1,0,0,1,80,0,[0|0],1,1,0,0,0,1,0,0,0,-1,-1,0,0,1,0,0,0,0,0,1,1,1,1,1,1,1,109,110,113,110,113,139,139,139,-1,1,0,1,0,0,0,0,0,0,0,0,0,0,0,0,0,0,0,0,0,0,0,0,0,0,0,0,0,0,0,0,0,0,0,0,0,0,0,0,[0|0|0|0],0,0,0,0,0,0,0,0,0,0,0,0,0,0,0,0,0,0,0,0,0,0,0,0,0,0,0,0,0,0,0,0,0,0,0,0,0,0,0,0,0,0,0,0,0,0,0,0,0,0,0,0,0,0,0,0,0,0,0,0,0,0,0,0,0,0,0,0,0,0,0,0,0,0,0,0,0,0,0,0,0,0,0,0,0,0,0,0,0,0,0,0,0,0,0,0,0,0,[0|0|0|0|0|0|0|0|0|0|0|0|0|0]
5019100,[Undertaker] Dawn (Body) [Model],1,0,[0|0|0],604110,0,49,59,100,0.04,1150,0,200,0,102400,102401,-1,7000,1,-0.4,-1,-1,-1,-1,-1,-1,-1,-1,-1,-1,-1,-1,-1,-1,-1,-1,1,1,1,1,1,1,1,1,-1,5190,0,0,0,0,0,0,[0|0],0,0,0,0,0,0,0,0,102,102,85,79,0,-1,-1,1,0,2,4,1,2,50,0,[0|0],1,0,1,0,0,0,0,0,0,-1,-1,0,0,1,0,0,0,0,0,0.82,0.88,0.82,0.88,0.8,0.83,0.8,109,50,113,50,113,139,139,139,-1,1,0,0.74,0,0,0,0,0,0,0,0,0,0,0,0,0,0,0,0,0,0,0,0,0,0,0,0,0,0,0,0,0,0,0,0,0,0,0,0,[0|0|0|0],0,95,0,0,0,0,0,0,0,0,0,0,0,0,0,0,0,0,0,0,0,0,0,0,0,0,0,0,0,0,0,0,0,0,0,0,0,0,0,0,0,0,0,0,0,0,0,0,0,0,0,0,0,0,0,0,0,0,0,0,0,0,0,0,0,0,0,0,0,0,0,0,0,0,0,0,0,0,0,0,0,0,0,0,0,0,0,0,0,0,0,0,0,0,0,0,0,0,[0|0|0|0|0|0|0|0|0|0|0|0|0|0]
5019200,[Undertaker] Dawn (Arms),1,0,[0|0|0],706000,0,0,0,0,0,1150,0,200,0,602990,4710,7999090,7000,1.1,0,-1,-1,-1,-1,-1,-1,-1,-1,-1,-1,-1,-1,-1,-1,-1,-1,1,1,1,1,1,1,1,1,-1,0,0,0,0,0,0,0,[0|0],0,0,0,0,0,0,0,0,0,0,0,0,0,-1,-1,1,0,1,0,2,1,70,0,[0|0],1,0,0,1,0,0,0,0,0,-1,-1,0,0,1,0,0,0,0,0,1,1,1,1,1,1,1,109,50,113,50,113,139,139,139,-1,1,0,1,0,0,0,0,0,0,0,0,0,0,0,0,0,0,0,0,0,0,0,0,0,0,0,0,0,0,0,0,0,0,0,0,0,0,0,0,[0|0|0|0],0,0,0,0,0,0,0,0,0,0,0,0,0,0,0,0,0,0,0,0,0,0,0,0,0,0,0,0,0,0,0,0,0,0,0,0,0,0,0,0,0,0,0,0,0,0,0,0,0,0,0,0,0,0,0,0,0,0,0,0,0,0,0,0,0,0,0,0,0,0,0,0,0,0,0,0,0,0,0,0,0,0,0,0,0,0,0,0,0,0,0,0,0,0,0,0,0,0,[0|0|0|0|0|0|0|0|0|0|0|0|0|0]
5019300,[Undertaker] Dawn (Legs),1,0,[0|0|0],806000,0,0,0,0,0,1250,0,200,0,99800,705012,49991,7000,1.1,0,-1,-1,-1,-1,-1,-1,-1,-1,-1,-1,-1,-1,-1,-1,-1,-1,1,1,1,1,1,1,1,1,-1,0,0,0,0,0,0,0,[0|0],0,0,0,0,0,0,0,0,0,0,0,0,0,-1,-1,1,0,1,0,3,1,70,0,[0|0],1,0,0,0,1,0,0,0,0,-1,-1,0,0,1,0,0,0,0,0,1,1,1,1,1,1,1,109,50,109,50,139,139,139,139,111,1,0,1,0,0,0,0,0,0,0,0,0,0,0,0,0,0,0,0,0,0,0,0,0,0,0,0,0,0,0,0,0,0,0,0,0,0,0,0,[0|0|0|0],0,0,0,0,0,0,0,0,0,0,0,0,0,0,0,0,0,0,0,0,0,0,0,0,0,0,0,0,0,0,0,0,0,0,0,0,0,0,0,0,0,0,0,0,0,0,0,0,0,0,0,0,0,0,0,0,0,0,0,0,0,0,0,0,0,0,0,0,0,0,0,0,0,0,0,0,0,0,0,0,0,0,0,0,0,0,0,0,0,0,0,0,0,0,0,0,0,0,[0|0|0|0|0|0|0|0|0|0|0|0|0|0]
5020000,[Wylder] Darkness (Head),0,0,[0|0|0],507000,0,0,0,0,0,1050,0,200,0,-1,-1,-1,7000,1.5,0,-1,-1,-1,-1,-1,-1,-1,-1,-1,-1,-1,-1,-1,-1,-1,-1,1,1,1,1,1,1,1,1,-1,0,0,0,0,0,0,0,[0|0],0,0,0,0,0,0,0,0,0,0,0,0,0,-1,-1,1,0,1,0,0,1,80,0,[0|0],1,1,0,0,0,1,0,0,0,-1,-1,0,0,1,0,0,0,0,0,1,1,1,1,1,1,1,109,110,106,110,106,139,139,139,-1,1,0,1,0,0,0,0,0,0,0,0,0,0,0,0,0,0,0,0,0,0,0,0,0,0,0,0,0,0,0,0,0,0,0,0,0,0,0,0,[0|0|0|0],0,0,0,0,0,0,0,0,0,0,0,0,0,0,0,0,0,0,0,0,0,0,0,0,0,0,0,0,0,0,0,0,0,0,0,0,0,0,0,0,0,0,0,0,0,0,0,0,0,0,0,0,0,0,0,0,0,0,0,0,0,0,0,0,0,0,0,0,0,0,0,0,0,0,0,0,0,0,0,0,0,0,0,0,0,0,0,0,0,0,0,0,0,0,0,0,0,0,[0|0|0|0|0|0|0|0|0|0|0|0|0|0]
5020100,[Wylder] Darkness (Body) [Model],0,0,[0|0|0],604110,0,59,59,100,0.04,1150,0,200,0,102400,102401,-1,7000,1,-0.4,-1,-1,-1,-1,-1,-1,-1,-1,-1,-1,-1,-1,-1,-1,-1,-1,1,1,1,1,1,1,1,1,-1,5200,0,0,0,0,0,0,[0|0],0,0,0,0,0,0,0,0,102,102,95,59,0,-1,-1,1,0,2,4,1,2,50,0,[0|0],1,0,1,0,0,0,0,0,0,-1,-1,0,0,1,0,0,0,0,0,0.81,0.8,0.81,0.8,0.81,0.81,0.8,109,50,108,50,113,139,139,139,-1,1,0,0.83,0,0,0,0,0,0,0,0,0,0,0,0,0,0,0,0,0,0,0,0,0,0,0,0,0,0,0,0,0,0,0,0,0,0,0,0,[0|0|0|0],0,95,0,0,0,0,0,0,0,0,0,0,0,0,0,0,0,0,0,0,0,0,0,0,0,0,0,0,0,0,0,0,0,0,0,0,0,0,0,0,0,0,0,0,0,0,0,0,0,0,0,0,0,0,0,0,0,0,0,0,0,0,0,0,0,0,0,0,0,0,0,0,0,0,0,0,0,0,0,0,0,0,0,0,0,0,0,0,0,0,0,0,0,0,0,0,0,0,[0|0|0|0|0|0|0|0|0|0|0|0|0|0]
5020200,[Wylder] Darkness (Arms),0,0,[0|0|0],706000,0,0,0,0,0,1150,0,200,0,602990,4710,7999000,7000,1.1,0,-1,-1,-1,-1,-1,-1,-1,-1,-1,-1,-1,-1,-1,-1,-1,-1,1,1,1,1,1,1,1,1,-1,0,0,0,0,0,0,0,[0|0],0,0,0,0,0,0,0,0,0,0,0,0,0,-1,-1,1,0,1,0,2,1,70,0,[0|0],1,0,0,1,0,0,0,0,0,-1,-1,0,0,1,0,0,0,0,0,1,1,1,1,1,1,1,109,50,108,50,108,139,139,139,-1,1,0,1,0,0,0,0,0,0,0,0,0,0,0,0,0,0,0,0,0,0,0,0,0,0,0,0,0,0,0,0,0,0,0,0,0,0,0,0,[0|0|0|0],0,0,0,0,0,0,0,0,0,0,0,0,0,0,0,0,0,0,0,0,0,0,0,0,0,0,0,0,0,0,0,0,0,0,0,0,0,0,0,0,0,0,0,0,0,0,0,0,0,0,0,0,0,0,0,0,0,0,0,0,0,0,0,0,0,0,0,0,0,0,0,0,0,0,0,0,0,0,0,0,0,0,0,0,0,0,0,0,0,0,0,0,0,0,0,0,0,0,[0|0|0|0|0|0|0|0|0|0|0|0|0|0]
5020300,[Wylder] Darkness (Legs),0,0,[0|0|0],806000,0,0,0,0,0,1250,0,200,0,99800,705012,49302,7000,1.1,0,-1,-1,-1,-1,-1,-1,-1,-1,-1,-1,-1,-1,-1,-1,-1,-1,1,1,1,1,1,1,1,1,-1,0,0,0,0,0,0,0,[0|0],0,0,0,0,0,0,0,0,0,0,0,0,0,-1,-1,1,0,1,0,3,1,70,0,[0|0],1,0,0,0,1,0,0,0,0,-1,-1,0,0,1,0,0,0,0,0,1,1,1,1,1,1,1,109,50,108,50,108,139,139,139,111,1,0,1,0,0,0,0,0,0,0,0,0,0,0,0,0,0,0,0,0,0,0,0,0,0,0,0,0,0,0,0,0,0,0,0,0,0,0,0,[0|0|0|0],0,0,0,0,0,0,0,0,0,0,0,0,0,0,0,0,0,0,0,0,0,0,0,0,0,0,0,0,0,0,0,0,0,0,0,0,0,0,0,0,0,0,0,0,0,0,0,0,0,0,0,0,0,0,0,0,0,0,0,0,0,0,0,0,0,0,0,0,0,0,0,0,0,0,0,0,0,0,0,0,0,0,0,0,0,0,0,0,0,0,0,0,0,0,0,0,0,0,[0|0|0|0|0|0|0|0|0|0|0|0|0|0]
5021000,[Guardian] Darkness (Head),0,0,[0|0|0],507000,0,0,0,0,0,1050,0,200,0,-1,-1,-1,7000,1.5,0,-1,-1,-1,-1,-1,-1,-1,-1,-1,-1,-1,-1,-1,-1,-1,-1,1,1,1,1,1,1,1,1,-1,0,0,0,0,0,0,0,[0|0],0,0,0,0,0,0,0,0,0,0,0,0,0,-1,-1,1,0,1,0,0,1,80,0,[0|0],1,1,0,0,0,1,0,0,0,-1,-1,0,0,1,0,0,0,0,0,1,1,1,1,1,1,1,109,110,109,110,139,139,139,139,-1,1,0,1,0,0,0,0,0,0,0,0,0,0,0,0,0,0,0,0,0,0,0,0,0,0,0,0,0,0,0,0,0,0,0,0,0,0,0,0,[0|0|0|0],0,0,0,0,0,0,0,0,0,0,0,0,0,0,0,0,0,0,0,0,0,0,0,0,0,0,0,0,0,0,0,0,0,0,0,0,0,0,0,0,0,0,0,0,0,0,0,0,0,0,0,0,0,0,0,0,0,0,0,0,0,0,0,0,0,0,0,0,0,0,0,0,0,0,0,0,0,0,0,0,0,0,0,0,0,0,0,0,0,0,0,0,0,0,0,0,0,0,[0|0|0|0|0|0|0|0|0|0|0|0|0|0]
5021100,[Guardian] Darkness (Body) [Model],0,0,[0|0|0],604110,0,69,69,100,0.12,1150,0,200,0,102400,102401,701550,7000,1,-0.4,-1,-1,-1,-1,-1,-1,-1,-1,-1,-1,-1,-1,-1,-1,-1,-1,1,1,1,1,1,1,1,1,-1,5210,0,0,0,0,0,0,[0|0],0,0,0,0,0,0,0,0,112,112,85,59,0,-1,-1,1,0,2,4,1,2,50,0,[0|0],1,0,1,0,0,0,0,0,0,-1,-1,0,0,1,0,0,0,0,0,0.722,0.7125,0.722,0.76,0.729,0.774,0.765,109,50,106,50,144,139,139,139,-1,1,0,0.747,0,0,0,0,0,0,0,0,0,0,0,0,0,0,0,0,0,0,0,0,0,0,0,0,0,0,0,0,0,0,0,0,0,0,0,0,[0|0|0|0],0,85,0,0,0,0,0,0,0,0,0,0,0,0,0,0,0,0,0,0,0,0,0,0,0,0,0,0,0,0,0,0,0,0,0,0,0,0,0,0,0,0,0,0,0,0,0,0,0,0,0,0,0,0,0,0,0,0,0,0,0,0,0,0,0,0,0,0,0,0,0,0,0,0,0,0,0,0,0,0,0,0,0,0,0,0,0,0,0,0,0,0,0,0,0,0,0,0,[0|0|0|0|0|0|0|0|0|0|0|0|0|0]
5021200,[Guardian] Darkness (Arms),0,0,[0|0|0],706000,0,0,0,0,0,1150,0,200,0,602990,4710,7999010,7000,1.1,0,-1,-1,-1,-1,-1,-1,-1,-1,-1,-1,-1,-1,-1,-1,-1,-1,1,1,1,1,1,1,1,1,-1,0,0,0,0,0,0,0,[0|0],0,0,0,0,0,0,0,0,0,0,0,0,0,-1,-1,1,0,1,0,2,1,70,0,[0|0],1,0,0,1,0,0,0,0,0,-1,-1,0,0,1,0,0,0,0,0,1,1,1,1,1,1,1,109,50,106,50,106,139,139,139,-1,1,0,1,0,0,0,0,0,0,0,0,0,0,0,0,0,0,0,0,0,0,0,0,0,0,0,0,0,0,0,0,0,0,0,0,0,0,0,0,[0|0|0|0],0,0,0,0,0,0,0,0,0,0,0,0,0,0,0,0,0,0,0,0,0,0,0,0,0,0,0,0,0,0,0,0,0,0,0,0,0,0,0,0,0,0,0,0,0,0,0,0,0,0,0,0,0,0,0,0,0,0,0,0,0,0,0,0,0,0,0,0,0,0,0,0,0,0,0,0,0,0,0,0,0,0,0,0,0,0,0,0,0,0,0,0,0,0,0,0,0,0,[0|0|0|0|0|0|0|0|0|0|0|0|0|0]
5021300,[Guardian] Darkness (Legs),0,0,[0|0|0],806000,0,0,0,0,0,1250,0,200,0,99800,705012,49312,7000,1.1,0,-1,-1,-1,-1,-1,-1,-1,-1,-1,-1,-1,-1,-1,-1,-1,-1,1,1,1,1,1,1,1,1,-1,0,0,0,0,0,0,0,[0|0],0,0,0,0,0,0,0,0,0,0,0,0,0,-1,-1,1,0,1,0,3,1,70,0,[0|0],1,0,0,0,1,0,0,0,0,-1,-1,0,0,1,0,0,0,0,0,1,1,1,1,1,1,1,109,50,113,50,113,139,139,139,161,1,0,1,0,0,0,0,0,0,0,0,0,0,0,0,0,0,0,0,0,0,0,0,0,0,0,0,0,0,0,0,0,0,0,0,0,0,0,0,[0|0|0|0],0,0,0,0,0,0,0,0,0,0,0,0,0,0,0,0,0,0,0,0,0,0,0,0,0,0,0,0,0,0,0,0,0,0,0,0,0,0,0,0,0,0,0,0,0,0,0,0,0,0,0,0,0,0,0,0,0,0,0,0,0,0,0,0,0,0,0,0,0,0,0,0,0,0,0,0,0,0,0,0,0,0,0,0,0,0,0,0,0,0,0,0,0,0,0,0,0,0,[0|0|0|0|0|0|0|0|0|0|0|0|0|0]
5022000,[Ironeye] Darkness (Head),0,0,[0|0|0],507000,0,0,0,0,0,1050,0,200,0,-1,-1,-1,7000,1.5,0,-1,-1,-1,-1,-1,-1,-1,-1,-1,-1,-1,-1,-1,-1,-1,-1,1,1,1,1,1,1,1,1,-1,0,0,0,0,0,0,0,[0|0],0,0,0,0,0,0,0,0,0,0,0,0,0,-1,-1,1,0,1,0,0,1,80,0,[0|0],1,1,0,0,0,1,0,0,0,-1,-1,0,0,1,0,0,0,0,0,1,1,1,1,1,1,1,109,110,108,110,108,139,139,139,-1,1,0,1,0,0,0,0,0,0,0,0,0,0,0,0,0,0,0,0,0,0,0,0,0,0,0,0,0,0,0,0,0,0,0,0,0,0,0,0,[0|0|0|0],0,0,0,0,0,0,0,0,0,0,0,0,0,0,0,0,0,0,0,0,0,0,0,0,0,0,0,0,0,0,0,0,0,0,0,0,0,0,0,0,0,0,0,0,0,0,0,0,0,0,0,0,0,0,0,0,0,0,0,0,0,0,0,0,0,0,0,0,0,0,0,0,0,0,0,0,0,0,0,0,0,0,0,0,0,0,0,0,0,0,0,0,0,0,0,0,0,0,[0|0|0|0|0|0|0|0|0|0|0|0|0|0]
5022100,[Ironeye] Darkness (Body) [Model],0,0,[0|0|0],604110,0,59,59,100,0.04,1150,0,200,0,102400,102401,702000,7000,1,-0.4,-1,-1,-1,-1,-1,-1,-1,-1,-1,-1,-1,-1,-1,-1,-1,-1,1,1,1,1,1,1,1,1,-1,5220,0,0,0,0,0,0,[0|0],0,0,0,0,0,0,0,0,112,112,85,59,0,-1,-1,1,0,2,4,1,2,50,0,[0|0],1,0,1,0,0,0,0,0,0,-1,-1,0,0,1,0,0,0,0,0,0.81,0.85,0.86,0.85,0.81,0.86,0.8,109,50,144,50,144,139,139,139,-1,1,0,0.83,0,0,0,0,0,0,0,0,0,0,0,0,0,0,0,0,0,0,0,0,0,0,0,0,0,0,0,0,0,0,0,0,0,0,0,0,[0|0|0|0],0,85,0,0,0,0,0,0,0,0,0,0,0,0,0,0,0,0,0,0,0,0,0,0,0,0,0,0,0,0,0,0,0,0,0,0,0,0,0,0,0,0,0,0,0,0,0,0,0,0,0,0,0,0,0,0,0,0,0,0,0,0,0,0,0,0,0,0,0,0,0,0,0,0,0,0,0,0,0,0,0,0,0,0,0,0,0,0,0,0,0,0,0,0,0,0,0,0,[0|0|0|0|0|0|0|0|0|0|0|0|0|0]
5022200,[Ironeye] Darkness (Arms),0,0,[0|0|0],706000,0,0,0,0,0,1150,0,200,0,602990,4710,7999020,7000,1.1,0,-1,-1,-1,-1,-1,-1,-1,-1,-1,-1,-1,-1,-1,-1,-1,-1,1,1,1,1,1,1,1,1,-1,0,0,0,0,0,0,0,[0|0],0,0,0,0,0,0,0,0,0,0,0,0,0,-1,-1,1,0,1,0,2,1,70,0,[0|0],1,0,0,1,0,0,0,0,0,-1,-1,0,0,1,0,0,0,0,0,1,1,1,1,1,1,1,109,50,108,50,108,139,139,139,-1,1,0,1,0,0,0,0,0,0,0,0,0,0,0,0,0,0,0,0,0,0,0,0,0,0,0,0,0,0,0,0,0,0,0,0,0,0,0,0,[0|0|0|0],0,0,0,0,0,0,0,0,0,0,0,0,0,0,0,0,0,0,0,0,0,0,0,0,0,0,0,0,0,0,0,0,0,0,0,0,0,0,0,0,0,0,0,0,0,0,0,0,0,0,0,0,0,0,0,0,0,0,0,0,0,0,0,0,0,0,0,0,0,0,0,0,0,0,0,0,0,0,0,0,0,0,0,0,0,0,0,0,0,0,0,0,0,0,0,0,0,0,[0|0|0|0|0|0|0|0|0|0|0|0|0|0]
5022300,[Ironeye] Darkness (Legs),0,0,[0|0|0],806000,0,0,0,0,0,1250,0,200,0,99800,705012,49322,7000,1.1,0,-1,-1,-1,-1,-1,-1,-1,-1,-1,-1,-1,-1,-1,-1,-1,-1,1,1,1,1,1,1,1,1,-1,0,0,0,0,0,0,0,[0|0],0,0,0,0,0,0,0,0,0,0,0,0,0,-1,-1,1,0,1,0,3,1,70,0,[0|0],1,0,0,0,1,0,0,0,0,-1,-1,0,0,1,0,0,0,0,0,1,1,1,1,1,1,1,109,50,108,50,108,139,139,139,111,1,0,1,0,0,0,0,0,0,0,0,0,0,0,0,0,0,0,0,0,0,0,0,0,0,0,0,0,0,0,0,0,0,0,0,0,0,0,0,[0|0|0|0],0,0,0,0,0,0,0,0,0,0,0,0,0,0,0,0,0,0,0,0,0,0,0,0,0,0,0,0,0,0,0,0,0,0,0,0,0,0,0,0,0,0,0,0,0,0,0,0,0,0,0,0,0,0,0,0,0,0,0,0,0,0,0,0,0,0,0,0,0,0,0,0,0,0,0,0,0,0,0,0,0,0,0,0,0,0,0,0,0,0,0,0,0,0,0,0,0,0,[0|0|0|0|0|0|0|0|0|0|0|0|0|0]
5023000,[Duchess] Darkness (Head),0,0,[0|0|0],507000,0,0,0,0,0,1050,0,200,0,-1,-1,-1,7000,1.5,0,-1,-1,-1,-1,-1,-1,-1,-1,-1,-1,-1,-1,-1,-1,-1,-1,1,1,1,1,1,1,1,1,-1,0,0,0,0,0,0,0,[0|0],0,0,0,0,0,0,0,0,0,0,0,0,0,-1,-1,1,0,1,0,0,1,80,0,[0|0],1,1,0,0,0,1,0,0,0,-1,-1,0,0,1,0,0,0,0,0,1,1,1,1,1,1,1,109,110,109,110,139,139,139,139,-1,1,0,1,0,0,0,0,0,0,0,0,0,0,0,0,0,0,0,0,0,0,0,0,0,0,0,0,0,0,0,0,0,0,0,0,0,0,0,0,[0|0|0|0],0,0,0,0,0,0,0,0,0,0,0,0,0,0,0,0,0,0,0,0,0,0,0,0,0,0,0,0,0,0,0,0,0,0,0,0,0,0,0,0,0,0,0,0,0,0,0,0,0,0,0,0,0,0,0,0,0,0,0,0,0,0,0,0,0,0,0,0,0,0,0,0,0,0,0,0,0,0,0,0,0,0,0,0,0,0,0,0,0,0,0,0,0,0,0,0,0,0,[0|0|0|0|0|0|0|0|0|0|0|0|0|0]
5023100,[Duchess] Darkness (Body) [Model],0,0,[0|0|0],604110,0,69,69,100,0.04,1150,0,200,0,102400,102401,-1,7000,1,-0.4,-1,-1,-1,-1,-1,-1,-1,-1,-1,-1,-1,-1,-1,-1,-1,-1,1,1,1,1,1,1,1,1,-1,5230,0,0,0,0,0,0,[0|0],0,0,0,0,0,0,0,0,102,102,85,59,0,-1,-1,1,0,2,4,1,2,50,0,[0|0],1,0,1,0,0,0,0,0,0,-1,-1,0,0,1,0,0,0,0,0,0.81,0.85,0.86,0.85,0.72,0.78,0.78,109,50,113,50,113,139,139,139,-1,1,0,0.77,0,0,0,0,0,0,0,0,0,0,0,0,0,0,0,0,0,0,0,0,0,0,0,0,0,0,0,0,0,0,0,0,0,0,0,0,[0|0|0|0],0,85,0,0,0,0,0,0,0,0,0,0,0,0,0,0,0,0,0,0,0,0,0,0,0,0,0,0,0,0,0,0,0,0,0,0,0,0,0,0,0,0,0,0,0,0,0,0,0,0,0,0,0,0,0,0,0,0,0,0,0,0,0,0,0,0,0,0,0,0,0,0,0,0,0,0,0,0,0,0,0,0,0,0,0,0,0,0,0,0,0,0,0,0,0,0,0,0,[0|0|0|0|0|0|0|0|0|0|0|0|0|0]
5023200,[Duchess] Darkness (Arms),0,0,[0|0|0],706000,0,0,0,0,0,1150,0,200,0,602990,4710,7999030,7000,1.1,0,-1,-1,-1,-1,-1,-1,-1,-1,-1,-1,-1,-1,-1,-1,-1,-1,1,1,1,1,1,1,1,1,-1,0,0,0,0,0,0,0,[0|0],0,0,0,0,0,0,0,0,0,0,0,0,0,-1,-1,1,0,1,0,2,1,70,0,[0|0],1,0,0,1,0,0,0,0,0,-1,-1,0,0,1,0,0,0,0,0,1,1,1,1,1,1,1,109,50,113,50,113,139,139,139,-1,1,0,1,0,0,0,0,0,0,0,0,0,0,0,0,0,0,0,0,0,0,0,0,0,0,0,0,0,0,0,0,0,0,0,0,0,0,0,0,[0|0|0|0],0,0,0,0,0,0,0,0,0,0,0,0,0,0,0,0,0,0,0,0,0,0,0,0,0,0,0,0,0,0,0,0,0,0,0,0,0,0,0,0,0,0,0,0,0,0,0,0,0,0,0,0,0,0,0,0,0,0,0,0,0,0,0,0,0,0,0,0,0,0,0,0,0,0,0,0,0,0,0,0,0,0,0,0,0,0,0,0,0,0,0,0,0,0,0,0,0,0,[0|0|0|0|0|0|0|0|0|0|0|0|0|0]
5023300,[Duchess] Darkness (Legs),0,0,[0|0|0],806000,0,0,0,0,0,1250,0,200,0,99800,705012,49332,7000,1.1,0,-1,-1,-1,-1,-1,-1,-1,-1,-1,-1,-1,-1,-1,-1,-1,-1,1,1,1,1,1,1,1,1,-1,0,0,0,0,0,0,0,[0|0],0,0,0,0,0,0,0,0,0,0,0,0,0,-1,-1,1,0,1,0,3,1,70,0,[0|0],1,0,0,0,1,0,0,0,0,-1,-1,0,0,1,0,0,0,0,0,1,1,1,1,1,1,1,109,50,108,50,108,139,139,139,110,1,0,1,0,0,0,0,0,0,0,0,0,0,0,0,0,0,0,0,0,0,0,0,0,0,0,0,0,0,0,0,0,0,0,0,0,0,0,0,[0|0|0|0],0,0,0,0,0,0,0,0,0,0,0,0,0,0,0,0,0,0,0,0,0,0,0,0,0,0,0,0,0,0,0,0,0,0,0,0,0,0,0,0,0,0,0,0,0,0,0,0,0,0,0,0,0,0,0,0,0,0,0,0,0,0,0,0,0,0,0,0,0,0,0,0,0,0,0,0,0,0,0,0,0,0,0,0,0,0,0,0,0,0,0,0,0,0,0,0,0,0,[0|0|0|0|0|0|0|0|0|0|0|0|0|0]
5024000,[Raider] Darkness (Head),0,0,[0|0|0],507000,0,0,0,0,0,1050,0,200,0,-1,-1,-1,7000,1.5,0,-1,-1,-1,-1,-1,-1,-1,-1,-1,-1,-1,-1,-1,-1,-1,-1,1,1,1,1,1,1,1,1,-1,0,0,0,0,0,0,0,[0|0],0,0,0,0,0,0,0,0,0,0,0,0,0,-1,-1,1,0,1,0,0,1,80,0,[0|0],1,1,0,0,0,1,0,0,0,-1,-1,0,0,1,0,0,0,0,0,1,1,1,1,1,1,1,109,110,124,110,117,139,139,139,-1,1,0,1,0,0,0,0,0,0,0,0,0,0,0,0,0,0,0,0,0,0,0,0,0,0,0,0,0,0,0,0,0,0,0,0,0,0,0,0,[0|0|0|0],0,0,0,0,0,0,0,0,0,0,0,0,0,0,0,0,0,0,0,0,0,0,0,0,0,0,0,0,0,0,0,0,0,0,0,0,0,0,0,0,0,0,0,0,0,0,0,0,0,0,0,0,0,0,0,0,0,0,0,0,0,0,0,0,0,0,0,0,0,0,0,0,0,0,0,0,0,0,0,0,0,0,0,0,0,0,0,0,0,0,0,0,0,0,0,0,0,0,[0|0|0|0|0|0|0|0|0|0|0|0|0|0]
5024100,[Raider] Darkness (Body) [Model],0,0,[0|0|0],604110,0,49,49,100,0.12,1150,0,200,0,102400,102401,49342,7000,1,-0.4,-1,-1,-1,-1,-1,-1,-1,-1,-1,-1,-1,-1,-1,-1,-1,-1,1,1,1,1,1,1,1,1,-1,5240,0,0,0,0,0,0,[0|0],0,0,0,0,0,0,0,0,102,102,95,59,0,-1,-1,1,0,2,4,1,2,50,0,[0|0],1,0,1,0,0,0,0,0,0,-1,-1,0,0,1,0,0,0,0,0,0.76,0.75,0.76,0.85,0.86,0.76,0.85,109,50,144,50,144,139,139,139,-1,1,0,0.83,0,0,0,0,0,0,0,0,0,0,0,0,0,0,0,0,0,0,0,0,0,0,0,0,0,0,0,0,0,0,0,0,0,0,0,0,[0|0|0|0],0,95,0,0,0,0,0,0,0,0,0,0,0,0,0,0,0,0,0,0,0,0,0,0,0,0,0,0,0,0,0,0,0,0,0,0,0,0,0,0,0,0,0,0,0,0,0,0,0,0,0,0,0,0,0,0,0,0,0,0,0,0,0,0,0,0,0,0,0,0,0,0,0,0,0,0,0,0,0,0,0,0,0,0,0,0,0,0,0,0,0,0,0,0,0,0,0,0,[0|0|0|0|0|0|0|0|0|0|0|0|0|0]
5024200,[Raider] Darkness (Arms),0,0,[0|0|0],706000,0,0,0,0,0,1150,0,200,0,602990,4710,7999040,7000,1.1,0,-1,-1,-1,-1,-1,-1,-1,-1,-1,-1,-1,-1,-1,-1,-1,-1,1,1,1,1,1,1,1,1,-1,0,0,0,0,0,0,0,[0|0],0,0,0,0,0,0,0,0,0,0,0,0,0,-1,-1,1,0,1,0,2,1,70,0,[0|0],1,0,0,1,0,0,0,0,0,-1,-1,0,0,1,0,0,0,0,0,1,1,1,1,1,1,1,109,50,108,50,108,139,139,139,-1,1,0,1,0,0,0,0,0,0,0,0,0,0,0,0,0,0,0,0,0,0,0,0,0,0,0,0,0,0,0,0,0,0,0,0,0,0,0,0,[0|0|0|0],0,0,0,0,0,0,0,0,0,0,0,0,0,0,0,0,0,0,0,0,0,0,0,0,0,0,0,0,0,0,0,0,0,0,0,0,0,0,0,0,0,0,0,0,0,0,0,0,0,0,0,0,0,0,0,0,0,0,0,0,0,0,0,0,0,0,0,0,0,0,0,0,0,0,0,0,0,0,0,0,0,0,0,0,0,0,0,0,0,0,0,0,0,0,0,0,0,0,[0|0|0|0|0|0|0|0|0|0|0|0|0|0]
5024300,[Raider] Darkness (Legs),0,0,[0|0|0],806000,0,0,0,0,0,1250,0,200,0,99800,705012,704300,7000,1.1,0,-1,-1,-1,-1,-1,-1,-1,-1,-1,-1,-1,-1,-1,-1,-1,-1,1,1,1,1,1,1,1,1,-1,0,0,0,0,0,0,0,[0|0],0,0,0,0,0,0,0,0,0,0,0,0,0,-1,-1,1,0,1,0,3,1,70,0,[0|0],1,0,0,0,1,0,0,0,0,-1,-1,0,0,1,0,0,0,0,0,1,1,1,1,1,1,1,109,50,108,50,108,139,139,139,112,1,0,1,0,0,0,0,0,0,0,0,0,0,0,0,0,0,0,0,0,0,0,0,0,0,0,0,0,0,0,0,0,0,0,0,0,0,0,0,[0|0|0|0],0,0,0,0,0,0,0,0,0,0,0,0,0,0,0,0,0,0,0,0,0,0,0,0,0,0,0,0,0,0,0,0,0,0,0,0,0,0,0,0,0,0,0,0,0,0,0,0,0,0,0,0,0,0,0,0,0,0,0,0,0,0,0,0,0,0,0,0,0,0,0,0,0,0,0,0,0,0,0,0,0,0,0,0,0,0,0,0,0,0,0,0,0,0,0,0,0,0,[0|0|0|0|0|0|0|0|0|0|0|0|0|0]
5025000,[Revenant] Darkness (Head),0,0,[0|0|0],507000,0,0,0,0,0,1050,0,200,0,-1,-1,-1,7000,1.5,0,-1,-1,-1,-1,-1,-1,-1,-1,-1,-1,-1,-1,-1,-1,-1,-1,1,1,1,1,1,1,1,1,-1,0,0,0,0,0,0,0,[0|0],0,0,0,0,0,0,0,0,0,0,0,0,0,-1,-1,1,0,1,0,0,1,80,0,[0|0],1,1,0,0,0,1,0,0,2,-1,-1,2,0,1,0,0,0,0,0,1,1,1,1,1,1,1,109,110,113,110,180,139,180,139,-1,1,0,1,0,0,0,0,0,0,0,0,0,0,0,0,0,0,0,0,0,0,0,0,0,0,0,0,0,0,0,0,0,0,0,0,0,0,0,0,[0|0|0|0],0,0,0,0,0,0,0,0,0,0,0,0,0,0,0,0,0,0,0,0,0,0,0,0,0,0,0,0,0,0,0,0,0,0,0,0,0,0,0,0,0,0,0,0,0,0,0,0,0,0,0,0,0,0,0,0,0,0,0,0,0,0,0,0,0,0,0,0,0,0,0,0,0,0,0,0,0,0,0,0,0,0,0,0,0,0,0,0,0,0,0,0,0,0,0,0,0,0,[0|0|0|0|0|0|0|0|0|0|0|0|0|0]
5025100,[Revenant] Darkness (Body) [Model],0,0,[0|0|0],604110,0,69,69,100,0.04,1150,0,200,0,102400,102401,-1,7000,1,-0.4,-1,-1,-1,-1,-1,-1,-1,-1,-1,-1,-1,-1,-1,-1,-1,-1,1,1,1,1,1,1,1,1,-1,5250,0,0,0,0,0,0,[0|0],0,0,0,0,0,0,0,0,112,112,85,69,0,-1,-1,1,0,2,4,1,2,50,0,[0|0],1,0,1,0,0,0,0,0,2,-1,-1,2,0,1,0,0,0,0,0,0.86,0.9,0.86,0.9,0.72,0.71,0.71,109,50,113,50,180,139,180,139,-1,1,0,0.8,0,0,0,0,0,0,0,0,0,0,0,0,0,0,0,0,0,0,0,0,0,0,0,0,0,0,0,0,0,0,0,0,0,0,0,0,[0|0|0|0],0,85,0,0,0,0,0,0,0,0,0,0,0,0,0,0,0,0,0,0,0,0,0,0,0,0,0,0,0,0,0,0,0,0,0,0,0,0,0,0,0,0,0,0,0,0,0,0,0,0,0,0,0,0,0,0,0,0,0,0,0,0,0,0,0,0,0,0,0,0,0,0,0,0,0,0,0,0,0,0,0,0,0,0,0,0,0,0,0,0,0,0,0,0,0,0,0,0,[0|0|0|0|0|0|0|0|0|0|0|0|0|0]
5025200,[Revenant] Darkness (Arms),0,0,[0|0|0],706000,0,0,0,0,0,1150,0,200,0,602990,4710,7999050,7000,1.1,0,-1,-1,-1,-1,-1,-1,-1,-1,-1,-1,-1,-1,-1,-1,-1,-1,1,1,1,1,1,1,1,1,-1,0,0,0,0,0,0,0,[0|0],0,0,0,0,0,0,0,0,0,0,0,0,0,-1,-1,1,0,1,0,2,1,70,0,[0|0],1,0,0,1,0,0,0,0,2,-1,-1,2,0,1,0,0,0,0,0,1,1,1,1,1,1,1,109,50,113,50,180,139,180,139,-1,1,0,1,0,0,0,0,0,0,0,0,0,0,0,0,0,0,0,0,0,0,0,0,0,0,0,0,0,0,0,0,0,0,0,0,0,0,0,0,[0|0|0|0],0,0,0,0,0,0,0,0,0,0,0,0,0,0,0,0,0,0,0,0,0,0,0,0,0,0,0,0,0,0,0,0,0,0,0,0,0,0,0,0,0,0,0,0,0,0,0,0,0,0,0,0,0,0,0,0,0,0,0,0,0,0,0,0,0,0,0,0,0,0,0,0,0,0,0,0,0,0,0,0,0,0,0,0,0,0,0,0,0,0,0,0,0,0,0,0,0,0,[0|0|0|0|0|0|0|0|0|0|0|0|0|0]
5025300,[Revenant] Darkness (Legs),0,0,[0|0|0],806000,0,0,0,0,0,1250,0,200,0,99800,705012,49352,7000,1.1,0,-1,-1,-1,-1,-1,-1,-1,-1,-1,-1,-1,-1,-1,-1,-1,-1,1,1,1,1,1,1,1,1,-1,0,0,0,0,0,0,0,[0|0],0,0,0,0,0,0,0,0,0,0,0,0,0,-1,-1,1,0,1,0,3,1,70,0,[0|0],1,0,0,0,1,0,0,0,2,-1,-1,2,0,1,0,0,0,0,0,1,1,1,1,1,1,1,109,50,109,50,180,139,180,139,100,1,0,1,0,0,0,0,0,0,0,0,0,0,0,0,0,0,0,0,0,0,0,0,0,0,0,0,0,0,0,0,0,0,0,0,0,0,0,0,[0|0|0|0],0,0,0,0,0,0,0,0,0,0,0,0,0,0,0,0,0,0,0,0,0,0,0,0,0,0,0,0,0,0,0,0,0,0,0,0,0,0,0,0,0,0,0,0,0,0,0,0,0,0,0,0,0,0,0,0,0,0,0,0,0,0,0,0,0,0,0,0,0,0,0,0,0,0,0,0,0,0,0,0,0,0,0,0,0,0,0,0,0,0,0,0,0,0,0,0,0,0,[0|0|0|0|0|0|0|0|0|0|0|0|0|0]
5026000,[Recluse] Darkness (Head),0,0,[0|0|0],507000,0,0,0,0,0,1050,0,200,0,-1,-1,-1,7000,1.5,0,-1,-1,-1,-1,-1,-1,-1,-1,-1,-1,-1,-1,-1,-1,-1,-1,1,1,1,1,1,1,1,1,-1,0,0,0,0,0,0,0,[0|0],0,0,0,0,0,0,0,0,0,0,0,0,0,-1,-1,1,0,1,0,0,1,80,0,[0|0],1,1,0,0,0,1,0,0,0,-1,-1,0,0,1,0,0,0,0,0,1,1,1,1,1,1,1,109,110,113,110,113,139,139,139,-1,1,0,1,0,0,0,0,0,0,0,0,0,0,0,0,0,0,0,0,0,0,0,0,0,0,0,0,0,0,0,0,0,0,0,0,0,0,0,0,[0|0|0|0],0,0,0,0,0,0,0,0,0,0,0,0,0,0,0,0,0,0,0,0,0,0,0,0,0,0,0,0,0,0,0,0,0,0,0,0,0,0,0,0,0,0,0,0,0,0,0,0,0,0,0,0,0,0,0,0,0,0,0,0,0,0,0,0,0,0,0,0,0,0,0,0,0,0,0,0,0,0,0,0,0,0,0,0,0,0,0,0,0,0,0,0,0,0,0,0,0,0,[0|0|0|0|0|0|0|0|0|0|0|0|0|0]
5026100,[Recluse] Darkness (Body) [Model],0,0,[0|0|0],604110,0,69,69,100,0.04,1150,0,200,0,102400,102401,-1,7000,1,-0.4,-1,-1,-1,-1,-1,-1,-1,-1,-1,-1,-1,-1,-1,-1,-1,-1,1,1,1,1,1,1,1,1,-1,5260,0,0,0,0,0,0,[0|0],0,0,0,0,0,0,0,0,112,112,85,59,0,-1,-1,1,0,2,4,1,2,50,0,[0|0],1,0,1,0,0,0,0,0,0,-1,-1,0,0,1,0,0,0,0,0,0.86,0.9,0.86,0.9,0.71,0.76,0.75,109,50,113,50,113,139,139,139,-1,1,0,0.75,0,0,0,0,0,0,0,0,0,0,0,0,0,0,0,0,0,0,0,0,0,0,0,0,0,0,0,0,0,0,0,0,0,0,0,0,[0|0|0|0],0,85,0,0,0,0,0,0,0,0,0,0,0,0,0,0,0,0,0,0,0,0,0,0,0,0,0,0,0,0,0,0,0,0,0,0,0,0,0,0,0,0,0,0,0,0,0,0,0,0,0,0,0,0,0,0,0,0,0,0,0,0,0,0,0,0,0,0,0,0,0,0,0,0,0,0,0,0,0,0,0,0,0,0,0,0,0,0,0,0,0,0,0,0,0,0,0,0,[0|0|0|0|0|0|0|0|0|0|0|0|0|0]
5026200,[Recluse] Darkness (Arms),0,0,[0|0|0],706000,0,0,0,0,0,1150,0,200,0,602990,4710,7999060,7000,1.1,0,-1,-1,-1,-1,-1,-1,-1,-1,-1,-1,-1,-1,-1,-1,-1,-1,1,1,1,1,1,1,1,1,-1,0,0,0,0,0,0,0,[0|0],0,0,0,0,0,0,0,0,0,0,0,0,0,-1,-1,1,0,1,0,2,1,70,0,[0|0],1,0,0,1,0,0,0,0,0,-1,-1,0,0,1,0,0,0,0,0,1,1,1,1,1,1,1,109,50,113,50,113,139,139,139,-1,1,0,1,0,0,0,0,0,0,0,0,0,0,0,0,0,0,0,0,0,0,0,0,0,0,0,0,0,0,0,0,0,0,0,0,0,0,0,0,[0|0|0|0],0,0,0,0,0,0,0,0,0,0,0,0,0,0,0,0,0,0,0,0,0,0,0,0,0,0,0,0,0,0,0,0,0,0,0,0,0,0,0,0,0,0,0,0,0,0,0,0,0,0,0,0,0,0,0,0,0,0,0,0,0,0,0,0,0,0,0,0,0,0,0,0,0,0,0,0,0,0,0,0,0,0,0,0,0,0,0,0,0,0,0,0,0,0,0,0,0,0,[0|0|0|0|0|0|0|0|0|0|0|0|0|0]
5026300,[Recluse] Darkness (Legs),0,0,[0|0|0],806000,0,0,0,0,0,1250,0,200,0,99800,705012,49362,7000,1.1,0,-1,-1,-1,-1,-1,-1,-1,-1,-1,-1,-1,-1,-1,-1,-1,-1,1,1,1,1,1,1,1,1,-1,0,0,0,0,0,0,0,[0|0],0,0,0,0,0,0,0,0,0,0,0,0,0,-1,-1,1,0,1,0,3,1,70,0,[0|0],1,0,0,0,1,0,0,0,0,-1,-1,0,0,1,0,0,0,0,0,1,1,1,1,1,1,1,109,50,109,50,139,139,139,139,110,1,0,1,0,0,0,0,0,0,0,0,0,0,0,0,0,0,0,0,0,0,0,0,0,0,0,0,0,0,0,0,0,0,0,0,0,0,0,0,[0|0|0|0],0,0,0,0,0,0,0,0,0,0,0,0,0,0,0,0,0,0,0,0,0,0,0,0,0,0,0,0,0,0,0,0,0,0,0,0,0,0,0,0,0,0,0,0,0,0,0,0,0,0,0,0,0,0,0,0,0,0,0,0,0,0,0,0,0,0,0,0,0,0,0,0,0,0,0,0,0,0,0,0,0,0,0,0,0,0,0,0,0,0,0,0,0,0,0,0,0,0,[0|0|0|0|0|0|0|0|0|0|0|0|0|0]
5027000,[Executor] Darkness (Head),0,0,[0|0|0],507000,0,0,0,0,0,1050,0,200,0,-1,-1,-1,7000,1.5,0,-1,-1,-1,-1,-1,-1,-1,-1,-1,-1,-1,-1,-1,-1,-1,-1,1,1,1,1,1,1,1,1,-1,0,0,0,0,0,0,0,[0|0],0,0,0,0,0,0,0,0,0,0,0,0,0,-1,-1,1,0,1,0,0,1,80,0,[0|0],1,1,0,0,0,1,0,0,0,-1,-1,0,0,1,0,0,0,0,0,1,1,1,1,1,1,1,109,110,140,110,106,139,139,139,-1,1,0,1,0,0,0,0,0,0,0,0,0,0,0,0,0,0,0,0,0,0,0,0,0,0,0,0,0,0,0,0,0,0,0,0,0,0,0,0,[0|0|0|0],0,0,0,0,0,0,0,0,0,0,0,0,0,0,0,0,0,0,0,0,0,0,0,0,0,0,0,0,0,0,0,0,0,0,0,0,0,0,0,0,0,0,0,0,0,0,0,0,0,0,0,0,0,0,0,0,0,0,0,0,0,0,0,0,0,0,0,0,0,0,0,0,0,0,0,0,0,0,0,0,0,0,0,0,0,0,0,0,0,0,0,0,0,0,0,0,0,0,[0|0|0|0|0|0|0|0|0|0|0|0|0|0]
5027100,[Executor] Darkness (Body) [Model],0,0,[0|0|0],604110,0,49,49,100,0.04,1150,0,200,0,102400,102401,49372,7000,1,-0.4,-1,-1,-1,-1,-1,-1,-1,-1,-1,-1,-1,-1,-1,-1,-1,-1,1,1,1,1,1,1,1,1,-1,5270,0,0,0,0,0,0,[0|0],0,0,0,0,0,0,0,0,92,92,105,69,0,-1,-1,1,0,2,4,1,2,50,0,[0|0],1,0,1,0,0,0,0,0,0,-1,-1,0,0,1,0,0,0,0,0,0.76,0.75,0.76,0.8,0.86,0.81,0.85,109,50,140,50,106,139,139,139,-1,1,0,0.78,0,0,0,0,0,0,0,0,0,0,0,0,0,0,0,0,0,0,0,0,0,0,0,0,0,0,0,0,0,0,0,0,0,0,0,0,[0|0|0|0],0,105,0,0,0,0,0,0,0,0,0,0,0,0,0,0,0,0,0,0,0,0,0,0,0,0,0,0,0,0,0,0,0,0,0,0,0,0,0,0,0,0,0,0,0,0,0,0,0,0,0,0,0,0,0,0,0,0,0,0,0,0,0,0,0,0,0,0,0,0,0,0,0,0,0,0,0,0,0,0,0,0,0,0,0,0,0,0,0,0,0,0,0,0,0,0,0,0,[0|0|0|0|0|0|0|0|0|0|0|0|0|0]
5027200,[Executor] Darkness (Arms),0,0,[0|0|0],706000,0,0,0,0,0,1150,0,200,0,602990,4710,7999071,7000,1.1,0,-1,-1,-1,-1,-1,-1,-1,-1,-1,-1,-1,-1,-1,-1,-1,-1,1,1,1,1,1,1,1,1,-1,0,0,0,0,0,0,0,[0|0],0,0,0,0,0,0,0,0,0,0,0,0,0,-1,-1,1,0,1,0,2,1,70,0,[0|0],1,0,0,1,0,0,0,0,0,-1,-1,0,0,1,0,0,0,0,0,1,1,1,1,1,1,1,109,50,140,50,106,139,139,139,-1,1,0,1,0,0,0,0,0,0,0,0,0,0,0,0,0,0,0,0,0,0,0,0,0,0,0,0,0,0,0,0,0,0,0,0,0,0,0,0,[0|0|0|0],0,0,0,0,0,0,0,0,0,0,0,0,0,0,0,0,0,0,0,0,0,0,0,0,0,0,0,0,0,0,0,0,0,0,0,0,0,0,0,0,0,0,0,0,0,0,0,0,0,0,0,0,0,0,0,0,0,0,0,0,0,0,0,0,0,0,0,0,0,0,0,0,0,0,0,0,0,0,0,0,0,0,0,0,0,0,0,0,0,0,0,0,0,0,0,0,0,0,[0|0|0|0|0|0|0|0|0|0|0|0|0|0]
5027300,[Executor] Darkness (Legs),0,0,[0|0|0],806000,0,0,0,0,0,1250,0,200,0,99800,705012,707050,7000,1.1,0,-1,-1,-1,-1,-1,-1,-1,-1,-1,-1,-1,-1,-1,-1,-1,-1,1,1,1,1,1,1,1,1,-1,0,0,0,0,0,0,0,[0|0],0,0,0,0,0,0,0,0,0,0,0,0,0,-1,-1,1,0,1,0,3,1,70,0,[0|0],1,0,0,0,1,0,0,0,0,-1,-1,0,0,1,0,0,0,0,0,1,1,1,1,1,1,1,109,50,140,50,106,139,139,139,111,1,0,1,0,0,0,0,0,0,0,0,0,0,0,0,0,0,0,0,0,0,0,0,0,0,0,0,0,0,0,0,0,0,0,0,0,0,0,0,[0|0|0|0],0,0,0,0,0,0,0,0,0,0,0,0,0,0,0,0,0,0,0,0,0,0,0,0,0,0,0,0,0,0,0,0,0,0,0,0,0,0,0,0,0,0,0,0,0,0,0,0,0,0,0,0,0,0,0,0,0,0,0,0,0,0,0,0,0,0,0,0,0,0,0,0,0,0,0,0,0,0,0,0,0,0,0,0,0,0,0,0,0,0,0,0,0,0,0,0,0,0,[0|0|0|0|0|0|0|0|0|0|0|0|0|0]
5028000,[Scholar] Darkness (Head),1,0,[0|0|0],507000,0,0,0,0,0,1050,0,200,0,-1,-1,-1,7000,1.5,0,-1,-1,-1,-1,-1,-1,-1,-1,-1,-1,-1,-1,-1,-1,-1,-1,1,1,1,1,1,1,1,1,-1,0,0,0,0,0,0,0,[0|0],0,0,0,0,0,0,0,0,0,0,0,0,0,-1,-1,1,0,1,0,0,1,80,0,[0|0],1,1,0,0,0,1,0,0,1,-1,-1,1,0,1,0,0,0,0,0,1,1,1,1,1,1,1,109,110,113,110,113,139,139,139,-1,1,0,1,0,0,0,0,0,0,0,0,0,0,0,0,0,0,0,0,0,0,0,0,0,0,0,0,0,0,0,0,0,0,0,0,0,0,0,0,[0|0|0|0],0,0,0,0,0,0,0,0,0,0,0,0,0,0,0,0,0,0,0,0,0,0,0,0,0,0,0,0,0,0,0,0,0,0,0,0,0,0,0,0,0,0,0,0,0,0,0,0,0,0,0,0,0,0,0,0,0,0,0,0,0,0,0,0,0,0,0,0,0,0,0,0,0,0,0,0,0,0,0,0,0,0,0,0,0,0,0,0,0,0,0,0,0,0,0,0,0,0,[0|0|0|0|0|0|0|0|0|0|0|0|0|0]
5028100,[Scholar] Darkness (Body) [Model],1,0,[0|0|0],604110,0,69,69,100,0.04,1150,0,200,0,102400,102401,-1,7000,1,-0.4,-1,-1,-1,-1,-1,-1,-1,-1,-1,-1,-1,-1,-1,-1,-1,-1,1,1,1,1,1,1,1,1,-1,5280,0,0,0,0,0,0,[0|0],0,0,0,0,0,0,0,0,102,102,85,59,0,-1,-1,1,0,2,4,1,2,50,0,[0|0],1,0,1,0,0,0,0,0,1,-1,-1,1,0,1,0,0,0,0,0,0.81,0.83,0.85,0.8,0.73,0.75,0.76,109,50,113,50,113,139,139,139,-1,1,0,0.91,0,0,0,0,0,0,0,0,0,0,0,0,0,0,0,0,0,0,0,0,0,0,0,0,0,0,0,0,0,0,0,0,0,0,0,0,[0|0|0|0],0,85,0,0,0,0,0,0,0,0,0,0,0,0,0,0,0,0,0,0,0,0,0,0,0,0,0,0,0,0,0,0,0,0,0,0,0,0,0,0,0,0,0,0,0,0,0,0,0,0,0,0,0,0,0,0,0,0,0,0,0,0,0,0,0,0,0,0,0,0,0,0,0,0,0,0,0,0,0,0,0,0,0,0,0,0,0,0,0,0,0,0,0,0,0,0,0,0,[0|0|0|0|0|0|0|0|0|0|0|0|0|0]
5028200,[Scholar] Darkness (Arms),1,0,[0|0|0],706000,0,0,0,0,0,1150,0,200,0,602990,4710,7999080,7000,1.1,0,-1,-1,-1,-1,-1,-1,-1,-1,-1,-1,-1,-1,-1,-1,-1,-1,1,1,1,1,1,1,1,1,-1,0,0,0,0,0,0,0,[0|0],0,0,0,0,0,0,0,0,0,0,0,0,0,-1,-1,1,0,1,0,2,1,70,0,[0|0],1,0,0,1,0,0,0,0,1,-1,-1,1,0,1,0,0,0,0,0,1,1,1,1,1,1,1,109,50,109,50,139,139,139,139,-1,1,0,1,0,0,0,0,0,0,0,0,0,0,0,0,0,0,0,0,0,0,0,0,0,0,0,0,0,0,0,0,0,0,0,0,0,0,0,0,[0|0|0|0],0,0,0,0,0,0,0,0,0,0,0,0,0,0,0,0,0,0,0,0,0,0,0,0,0,0,0,0,0,0,0,0,0,0,0,0,0,0,0,0,0,0,0,0,0,0,0,0,0,0,0,0,0,0,0,0,0,0,0,0,0,0,0,0,0,0,0,0,0,0,0,0,0,0,0,0,0,0,0,0,0,0,0,0,0,0,0,0,0,0,0,0,0,0,0,0,0,0,[0|0|0|0|0|0|0|0|0|0|0|0|0|0]
5028300,[Scholar] Darkness (Legs),1,0,[0|0|0],806000,0,0,0,0,0,1250,0,200,0,99800,705012,49982,7000,1.1,0,-1,-1,-1,-1,-1,-1,-1,-1,-1,-1,-1,-1,-1,-1,-1,-1,1,1,1,1,1,1,1,1,-1,0,0,0,0,0,0,0,[0|0],0,0,0,0,0,0,0,0,0,0,0,0,0,-1,-1,1,0,1,0,3,1,70,0,[0|0],1,0,0,0,1,0,0,0,1,-1,-1,1,0,1,0,0,0,0,0,1,1,1,1,1,1,1,109,50,109,50,139,139,139,139,111,1,0,1,0,0,0,0,0,0,0,0,0,0,0,0,0,0,0,0,0,0,0,0,0,0,0,0,0,0,0,0,0,0,0,0,0,0,0,0,[0|0|0|0],0,0,0,0,0,0,0,0,0,0,0,0,0,0,0,0,0,0,0,0,0,0,0,0,0,0,0,0,0,0,0,0,0,0,0,0,0,0,0,0,0,0,0,0,0,0,0,0,0,0,0,0,0,0,0,0,0,0,0,0,0,0,0,0,0,0,0,0,0,0,0,0,0,0,0,0,0,0,0,0,0,0,0,0,0,0,0,0,0,0,0,0,0,0,0,0,0,0,[0|0|0|0|0|0|0|0|0|0|0|0|0|0]
5029000,[Undertaker] Darkness (Head),1,0,[0|0|0],507000,0,0,0,0,0,1050,0,200,0,-1,-1,-1,7000,1.5,0,-1,-1,-1,-1,-1,-1,-1,-1,-1,-1,-1,-1,-1,-1,-1,-1,1,1,1,1,1,1,1,1,-1,0,0,0,0,0,0,0,[0|0],0,0,0,0,0,0,0,0,0,0,0,0,0,-1,-1,1,0,1,0,0,1,80,0,[0|0],1,1,0,0,0,1,0,0,0,-1,-1,0,0,1,0,0,0,0,0,1,1,1,1,1,1,1,109,110,113,110,113,139,139,139,-1,1,0,1,0,0,0,0,0,0,0,0,0,0,0,0,0,0,0,0,0,0,0,0,0,0,0,0,0,0,0,0,0,0,0,0,0,0,0,0,[0|0|0|0],0,0,0,0,0,0,0,0,0,0,0,0,0,0,0,0,0,0,0,0,0,0,0,0,0,0,0,0,0,0,0,0,0,0,0,0,0,0,0,0,0,0,0,0,0,0,0,0,0,0,0,0,0,0,0,0,0,0,0,0,0,0,0,0,0,0,0,0,0,0,0,0,0,0,0,0,0,0,0,0,0,0,0,0,0,0,0,0,0,0,0,0,0,0,0,0,0,0,[0|0|0|0|0|0|0|0|0|0|0|0|0|0]
5029100,[Undertaker] Darkness (Body) [Model],1,0,[0|0|0],604110,0,49,59,100,0.04,1150,0,200,0,102400,102401,-1,7000,1,-0.4,-1,-1,-1,-1,-1,-1,-1,-1,-1,-1,-1,-1,-1,-1,-1,-1,1,1,1,1,1,1,1,1,-1,5290,0,0,0,0,0,0,[0|0],0,0,0,0,0,0,0,0,102,102,85,79,0,-1,-1,1,0,2,4,1,2,50,0,[0|0],1,0,1,0,0,0,0,0,0,-1,-1,0,0,1,0,0,0,0,0,0.82,0.88,0.82,0.88,0.8,0.83,0.8,109,50,113,50,113,139,139,139,-1,1,0,0.74,0,0,0,0,0,0,0,0,0,0,0,0,0,0,0,0,0,0,0,0,0,0,0,0,0,0,0,0,0,0,0,0,0,0,0,0,[0|0|0|0],0,95,0,0,0,0,0,0,0,0,0,0,0,0,0,0,0,0,0,0,0,0,0,0,0,0,0,0,0,0,0,0,0,0,0,0,0,0,0,0,0,0,0,0,0,0,0,0,0,0,0,0,0,0,0,0,0,0,0,0,0,0,0,0,0,0,0,0,0,0,0,0,0,0,0,0,0,0,0,0,0,0,0,0,0,0,0,0,0,0,0,0,0,0,0,0,0,0,[0|0|0|0|0|0|0|0|0|0|0|0|0|0]
5029200,[Undertaker] Darkness (Arms),1,0,[0|0|0],706000,0,0,0,0,0,1150,0,200,0,602990,4710,7999090,7000,1.1,0,-1,-1,-1,-1,-1,-1,-1,-1,-1,-1,-1,-1,-1,-1,-1,-1,1,1,1,1,1,1,1,1,-1,0,0,0,0,0,0,0,[0|0],0,0,0,0,0,0,0,0,0,0,0,0,0,-1,-1,1,0,1,0,2,1,70,0,[0|0],1,0,0,1,0,0,0,0,0,-1,-1,0,0,1,0,0,0,0,0,1,1,1,1,1,1,1,109,50,109,50,139,139,139,139,-1,1,0,1,0,0,0,0,0,0,0,0,0,0,0,0,0,0,0,0,0,0,0,0,0,0,0,0,0,0,0,0,0,0,0,0,0,0,0,0,[0|0|0|0],0,0,0,0,0,0,0,0,0,0,0,0,0,0,0,0,0,0,0,0,0,0,0,0,0,0,0,0,0,0,0,0,0,0,0,0,0,0,0,0,0,0,0,0,0,0,0,0,0,0,0,0,0,0,0,0,0,0,0,0,0,0,0,0,0,0,0,0,0,0,0,0,0,0,0,0,0,0,0,0,0,0,0,0,0,0,0,0,0,0,0,0,0,0,0,0,0,0,[0|0|0|0|0|0|0|0|0|0|0|0|0|0]
5029300,[Undertaker] Darkness (Legs),1,0,[0|0|0],806000,0,0,0,0,0,1250,0,200,0,99800,705012,49992,7000,1.1,0,-1,-1,-1,-1,-1,-1,-1,-1,-1,-1,-1,-1,-1,-1,-1,-1,1,1,1,1,1,1,1,1,-1,0,0,0,0,0,0,0,[0|0],0,0,0,0,0,0,0,0,0,0,0,0,0,-1,-1,1,0,1,0,3,1,70,0,[0|0],1,0,0,0,1,0,0,0,0,-1,-1,0,0,1,0,0,0,0,0,1,1,1,1,1,1,1,109,50,109,50,139,139,139,139,111,1,0,1,0,0,0,0,0,0,0,0,0,0,0,0,0,0,0,0,0,0,0,0,0,0,0,0,0,0,0,0,0,0,0,0,0,0,0,0,[0|0|0|0],0,0,0,0,0,0,0,0,0,0,0,0,0,0,0,0,0,0,0,0,0,0,0,0,0,0,0,0,0,0,0,0,0,0,0,0,0,0,0,0,0,0,0,0,0,0,0,0,0,0,0,0,0,0,0,0,0,0,0,0,0,0,0,0,0,0,0,0,0,0,0,0,0,0,0,0,0,0,0,0,0,0,0,0,0,0,0,0,0,0,0,0,0,0,0,0,0,0,[0|0|0|0|0|0|0|0|0|0|0|0|0|0]
5030000,[Wylder] Remembrance (Head),0,0,[0|0|0],507000,0,0,0,0,0,1050,0,200,0,-1,-1,-1,7000,1.5,0,-1,-1,-1,-1,-1,-1,-1,-1,-1,-1,-1,-1,-1,-1,-1,-1,1,1,1,1,1,1,1,1,-1,0,0,0,0,0,0,0,[0|0],0,0,0,0,0,0,0,0,0,0,0,0,0,-1,-1,1,0,1,0,0,1,80,0,[0|0],1,1,0,0,0,1,0,0,0,-1,-1,0,0,1,0,0,0,0,0,1,1,1,1,1,1,1,109,110,106,110,106,139,139,139,-1,1,0,1,0,0,0,0,0,0,0,0,0,0,0,0,0,0,0,0,0,0,0,0,0,0,0,0,0,0,0,0,0,0,0,0,0,0,0,0,[0|0|0|0],0,0,0,0,0,0,0,0,0,0,0,0,0,0,0,0,0,0,0,0,0,0,0,0,0,0,0,0,0,0,0,0,0,0,0,0,0,0,0,0,0,0,0,0,0,0,0,0,0,0,0,0,0,0,0,0,0,0,0,0,0,0,0,0,0,0,0,0,0,0,0,0,0,0,0,0,0,0,0,0,0,0,0,0,0,0,0,0,0,0,0,0,0,0,0,0,0,0,[0|0|0|0|0|0|0|0|0|0|0|0|0|0]
5030100,[Wylder] Remembrance (Body) [Model],0,0,[0|0|0],604110,0,59,59,100,0.04,1150,0,200,0,102400,102401,-1,7000,1,-0.4,-1,-1,-1,-1,-1,-1,-1,-1,-1,-1,-1,-1,-1,-1,-1,-1,1,1,1,1,1,1,1,1,-1,5300,0,0,0,0,0,0,[0|0],0,0,0,0,0,0,0,0,102,102,95,59,0,-1,-1,1,0,2,4,1,2,50,0,[0|0],1,0,1,0,0,0,0,0,0,-1,-1,0,0,1,0,0,0,0,0,0.81,0.8,0.81,0.8,0.81,0.81,0.8,109,50,108,50,113,139,139,139,-1,1,0,0.83,0,0,0,0,0,0,0,0,0,0,0,0,0,0,0,0,0,0,0,0,0,0,0,0,0,0,0,0,0,0,0,0,0,0,0,0,[0|0|0|0],0,95,0,0,0,0,0,0,0,0,0,0,0,0,0,0,0,0,0,0,0,0,0,0,0,0,0,0,0,0,0,0,0,0,0,0,0,0,0,0,0,0,0,0,0,0,0,0,0,0,0,0,0,0,0,0,0,0,0,0,0,0,0,0,0,0,0,0,0,0,0,0,0,0,0,0,0,0,0,0,0,0,0,0,0,0,0,0,0,0,0,0,0,0,0,0,0,0,[0|0|0|0|0|0|0|0|0|0|0|0|0|0]
5030200,[Wylder] Remembrance (Arms),0,0,[0|0|0],706000,0,0,0,0,0,1150,0,200,0,602990,4710,7999000,7000,1.1,0,-1,-1,-1,-1,-1,-1,-1,-1,-1,-1,-1,-1,-1,-1,-1,-1,1,1,1,1,1,1,1,1,-1,0,0,0,0,0,0,0,[0|0],0,0,0,0,0,0,0,0,0,0,0,0,0,-1,-1,1,0,1,0,2,1,70,0,[0|0],1,0,0,1,0,0,0,0,0,-1,-1,0,0,1,0,0,0,0,0,1,1,1,1,1,1,1,109,50,108,50,108,139,139,139,-1,1,0,1,0,0,0,0,0,0,0,0,0,0,0,0,0,0,0,0,0,0,0,0,0,0,0,0,0,0,0,0,0,0,0,0,0,0,0,0,[0|0|0|0],0,0,0,0,0,0,0,0,0,0,0,0,0,0,0,0,0,0,0,0,0,0,0,0,0,0,0,0,0,0,0,0,0,0,0,0,0,0,0,0,0,0,0,0,0,0,0,0,0,0,0,0,0,0,0,0,0,0,0,0,0,0,0,0,0,0,0,0,0,0,0,0,0,0,0,0,0,0,0,0,0,0,0,0,0,0,0,0,0,0,0,0,0,0,0,0,0,0,[0|0|0|0|0|0|0|0|0|0|0|0|0|0]
5030300,[Wylder] Remembrance (Legs),0,0,[0|0|0],806000,0,0,0,0,0,1250,0,200,0,99800,705012,49303,7000,1.1,0,-1,-1,-1,-1,-1,-1,-1,-1,-1,-1,-1,-1,-1,-1,-1,-1,1,1,1,1,1,1,1,1,-1,0,0,0,0,0,0,0,[0|0],0,0,0,0,0,0,0,0,0,0,0,0,0,-1,-1,1,0,1,0,3,1,70,0,[0|0],1,0,0,0,1,0,0,0,0,-1,-1,0,0,1,0,0,0,0,0,1,1,1,1,1,1,1,109,50,108,50,108,139,139,139,111,1,0,1,0,0,0,0,0,0,0,0,0,0,0,0,0,0,0,0,0,0,0,0,0,0,0,0,0,0,0,0,0,0,0,0,0,0,0,0,[0|0|0|0],0,0,0,0,0,0,0,0,0,0,0,0,0,0,0,0,0,0,0,0,0,0,0,0,0,0,0,0,0,0,0,0,0,0,0,0,0,0,0,0,0,0,0,0,0,0,0,0,0,0,0,0,0,0,0,0,0,0,0,0,0,0,0,0,0,0,0,0,0,0,0,0,0,0,0,0,0,0,0,0,0,0,0,0,0,0,0,0,0,0,0,0,0,0,0,0,0,0,[0|0|0|0|0|0|0|0|0|0|0|0|0|0]
5031000,[Guardian] Remembrance (Head),0,0,[0|0|0],507000,0,0,0,0,0,1050,0,200,0,-1,-1,-1,7000,1.5,0,-1,-1,-1,-1,-1,-1,-1,-1,-1,-1,-1,-1,-1,-1,-1,-1,1,1,1,1,1,1,1,1,-1,0,0,0,0,0,0,0,[0|0],0,0,0,0,0,0,0,0,0,0,0,0,0,-1,-1,1,0,1,0,0,1,80,0,[0|0],1,1,0,0,0,1,0,0,0,-1,-1,0,0,1,0,0,0,0,0,1,1,1,1,1,1,1,109,110,106,110,106,139,139,139,-1,1,0,1,0,0,0,0,0,0,0,0,0,0,0,0,0,0,0,0,0,0,0,0,0,0,0,0,0,0,0,0,0,0,0,0,0,0,0,0,[0|0|0|0],0,0,0,0,0,0,0,0,0,0,0,0,0,0,0,0,0,0,0,0,0,0,0,0,0,0,0,0,0,0,0,0,0,0,0,0,0,0,0,0,0,0,0,0,0,0,0,0,0,0,0,0,0,0,0,0,0,0,0,0,0,0,0,0,0,0,0,0,0,0,0,0,0,0,0,0,0,0,0,0,0,0,0,0,0,0,0,0,0,0,0,0,0,0,0,0,0,0,[0|0|0|0|0|0|0|0|0|0|0|0|0|0]
5031100,[Guardian] Remembrance (Body) [Model],0,0,[0|0|0],604110,0,69,69,100,0.12,1150,0,200,0,102400,102401,701550,7000,1,-0.4,-1,-1,-1,-1,-1,-1,-1,-1,-1,-1,-1,-1,-1,-1,-1,-1,1,1,1,1,1,1,1,1,-1,5310,0,0,0,0,0,0,[0|0],0,0,0,0,0,0,0,0,112,112,85,59,0,-1,-1,1,0,2,4,1,2,50,0,[0|0],1,0,1,0,0,0,0,0,0,-1,-1,0,0,1,0,0,0,0,0,0.722,0.7125,0.722,0.76,0.729,0.774,0.765,109,50,106,50,106,139,139,139,-1,1,0,0.747,0,0,0,0,0,0,0,0,0,0,0,0,0,0,0,0,0,0,0,0,0,0,0,0,0,0,0,0,0,0,0,0,0,0,0,0,[0|0|0|0],0,85,0,0,0,0,0,0,0,0,0,0,0,0,0,0,0,0,0,0,0,0,0,0,0,0,0,0,0,0,0,0,0,0,0,0,0,0,0,0,0,0,0,0,0,0,0,0,0,0,0,0,0,0,0,0,0,0,0,0,0,0,0,0,0,0,0,0,0,0,0,0,0,0,0,0,0,0,0,0,0,0,0,0,0,0,0,0,0,0,0,0,0,0,0,0,0,0,[0|0|0|0|0|0|0|0|0|0|0|0|0|0]
5031200,[Guardian] Remembrance (Arms),0,0,[0|0|0],706000,0,0,0,0,0,1150,0,200,0,602990,4710,7999010,7000,1.1,0,-1,-1,-1,-1,-1,-1,-1,-1,-1,-1,-1,-1,-1,-1,-1,-1,1,1,1,1,1,1,1,1,-1,0,0,0,0,0,0,0,[0|0],0,0,0,0,0,0,0,0,0,0,0,0,0,-1,-1,1,0,1,0,2,1,70,0,[0|0],1,0,0,1,0,0,0,0,0,-1,-1,0,0,1,0,0,0,0,0,1,1,1,1,1,1,1,109,50,106,50,106,139,139,139,-1,1,0,1,0,0,0,0,0,0,0,0,0,0,0,0,0,0,0,0,0,0,0,0,0,0,0,0,0,0,0,0,0,0,0,0,0,0,0,0,[0|0|0|0],0,0,0,0,0,0,0,0,0,0,0,0,0,0,0,0,0,0,0,0,0,0,0,0,0,0,0,0,0,0,0,0,0,0,0,0,0,0,0,0,0,0,0,0,0,0,0,0,0,0,0,0,0,0,0,0,0,0,0,0,0,0,0,0,0,0,0,0,0,0,0,0,0,0,0,0,0,0,0,0,0,0,0,0,0,0,0,0,0,0,0,0,0,0,0,0,0,0,[0|0|0|0|0|0|0|0|0|0|0|0|0|0]
5031300,[Guardian] Remembrance (Legs),0,0,[0|0|0],806000,0,0,0,0,0,1250,0,200,0,99800,705012,49313,7000,1.1,0,-1,-1,-1,-1,-1,-1,-1,-1,-1,-1,-1,-1,-1,-1,-1,-1,1,1,1,1,1,1,1,1,-1,0,0,0,0,0,0,0,[0|0],0,0,0,0,0,0,0,0,0,0,0,0,0,-1,-1,1,0,1,0,3,1,70,0,[0|0],1,0,0,0,1,0,0,0,0,-1,-1,0,0,1,0,0,0,0,0,1,1,1,1,1,1,1,109,50,113,50,113,139,139,139,161,1,0,1,0,0,0,0,0,0,0,0,0,0,0,0,0,0,0,0,0,0,0,0,0,0,0,0,0,0,0,0,0,0,0,0,0,0,0,0,[0|0|0|0],0,0,0,0,0,0,0,0,0,0,0,0,0,0,0,0,0,0,0,0,0,0,0,0,0,0,0,0,0,0,0,0,0,0,0,0,0,0,0,0,0,0,0,0,0,0,0,0,0,0,0,0,0,0,0,0,0,0,0,0,0,0,0,0,0,0,0,0,0,0,0,0,0,0,0,0,0,0,0,0,0,0,0,0,0,0,0,0,0,0,0,0,0,0,0,0,0,0,[0|0|0|0|0|0|0|0|0|0|0|0|0|0]
5032000,[Ironeye] Remembrance (Head),0,0,[0|0|0],507000,0,0,0,0,0,1050,0,200,0,-1,-1,49323,7000,1.5,0,-1,-1,-1,-1,-1,-1,-1,-1,-1,-1,-1,-1,-1,-1,-1,-1,1,1,1,1,1,1,1,1,-1,0,0,0,0,0,0,0,[0|0],0,0,0,0,0,0,0,0,0,0,0,0,0,-1,-1,1,0,1,0,0,1,80,0,[0|0],1,1,0,0,0,1,0,0,0,-1,-1,0,0,1,0,0,0,0,0,1,1,1,1,1,1,1,109,110,108,110,108,139,139,139,-1,1,0,1,0,0,0,0,0,0,0,0,0,0,0,0,0,0,0,0,0,0,0,0,0,0,0,0,0,0,0,0,0,0,0,0,0,0,0,0,[0|0|0|0],0,0,0,0,0,0,0,0,0,0,0,0,0,0,0,0,0,0,0,0,0,0,0,0,0,0,0,0,0,0,0,0,0,0,0,0,0,0,0,0,0,0,0,0,0,0,0,0,0,0,0,0,0,0,0,0,0,0,0,0,0,0,0,0,0,0,0,0,0,0,0,0,0,0,0,0,0,0,0,0,0,0,0,0,0,0,0,0,0,0,0,0,0,0,0,0,0,0,[0|0|0|0|0|0|0|0|0|0|0|0|0|0]
5032100,[Ironeye] Remembrance (Body) [Model],0,0,[0|0|0],604110,0,59,59,100,0.04,1150,0,200,0,102400,102401,702000,7000,1,-0.4,-1,-1,-1,-1,-1,-1,-1,-1,-1,-1,-1,-1,-1,-1,-1,-1,1,1,1,1,1,1,1,1,-1,5320,0,0,0,0,0,0,[0|0],0,0,0,0,0,0,0,0,112,112,85,59,0,-1,-1,1,0,2,4,1,2,50,0,[0|0],1,0,1,0,0,0,0,0,0,-1,-1,0,0,1,0,0,0,0,0,0.81,0.85,0.86,0.85,0.81,0.86,0.8,109,50,144,50,144,139,139,139,-1,1,0,0.83,0,0,0,0,0,0,0,0,0,0,0,0,0,0,0,0,0,0,0,0,0,0,0,0,0,0,0,0,0,0,0,0,0,0,0,0,[0|0|0|0],0,85,0,0,0,0,0,0,0,0,0,0,0,0,0,0,0,0,0,0,0,0,0,0,0,0,0,0,0,0,0,0,0,0,0,0,0,0,0,0,0,0,0,0,0,0,0,0,0,0,0,0,0,0,0,0,0,0,0,0,0,0,0,0,0,0,0,0,0,0,0,0,0,0,0,0,0,0,0,0,0,0,0,0,0,0,0,0,0,0,0,0,0,0,0,0,0,0,[0|0|0|0|0|0|0|0|0|0|0|0|0|0]
5032200,[Ironeye] Remembrance (Arms),0,0,[0|0|0],706000,0,0,0,0,0,1150,0,200,0,602990,4710,7999020,7000,1.1,0,-1,-1,-1,-1,-1,-1,-1,-1,-1,-1,-1,-1,-1,-1,-1,-1,1,1,1,1,1,1,1,1,-1,0,0,0,0,0,0,0,[0|0],0,0,0,0,0,0,0,0,0,0,0,0,0,-1,-1,1,0,1,0,2,1,70,0,[0|0],1,0,0,1,0,0,0,0,0,-1,-1,0,0,1,0,0,0,0,0,1,1,1,1,1,1,1,109,50,108,50,108,139,139,139,-1,1,0,1,0,0,0,0,0,0,0,0,0,0,0,0,0,0,0,0,0,0,0,0,0,0,0,0,0,0,0,0,0,0,0,0,0,0,0,0,[0|0|0|0],0,0,0,0,0,0,0,0,0,0,0,0,0,0,0,0,0,0,0,0,0,0,0,0,0,0,0,0,0,0,0,0,0,0,0,0,0,0,0,0,0,0,0,0,0,0,0,0,0,0,0,0,0,0,0,0,0,0,0,0,0,0,0,0,0,0,0,0,0,0,0,0,0,0,0,0,0,0,0,0,0,0,0,0,0,0,0,0,0,0,0,0,0,0,0,0,0,0,[0|0|0|0|0|0|0|0|0|0|0|0|0|0]
5032300,[Ironeye] Remembrance (Legs),0,0,[0|0|0],806000,0,0,0,0,0,1250,0,200,0,99800,705012,9763,7000,1.1,0,-1,-1,-1,-1,-1,-1,-1,-1,-1,-1,-1,-1,-1,-1,-1,-1,1,1,1,1,1,1,1,1,-1,0,0,0,0,0,0,0,[0|0],0,0,0,0,0,0,0,0,0,0,0,0,0,-1,-1,1,0,1,0,3,1,70,0,[0|0],1,0,0,0,1,0,0,0,0,-1,-1,0,0,1,0,0,0,0,0,1,1,1,1,1,1,1,109,50,108,50,108,139,139,139,111,1,0,1,0,0,0,0,0,0,0,0,0,0,0,0,0,0,0,0,0,0,0,0,0,0,0,0,0,0,0,0,0,0,0,0,0,0,0,0,[0|0|0|0],0,0,0,0,0,0,0,0,0,0,0,0,0,0,0,0,0,0,0,0,0,0,0,0,0,0,0,0,0,0,0,0,0,0,0,0,0,0,0,0,0,0,0,0,0,0,0,0,0,0,0,0,0,0,0,0,0,0,0,0,0,0,0,0,0,0,0,0,0,0,0,0,0,0,0,0,0,0,0,0,0,0,0,0,0,0,0,0,0,0,0,0,0,0,0,0,0,0,[0|0|0|0|0|0|0|0|0|0|0|0|0|0]
5033000,[Duchess] Remembrance (Head),0,0,[0|0|0],507000,0,0,0,0,0,1050,0,200,0,-1,-1,-1,7000,1.5,0,-1,-1,-1,-1,-1,-1,-1,-1,-1,-1,-1,-1,-1,-1,-1,-1,1,1,1,1,1,1,1,1,-1,0,0,0,0,0,0,0,[0|0],0,0,0,0,0,0,0,0,0,0,0,0,0,-1,-1,1,0,1,0,0,1,80,0,[0|0],1,1,0,0,0,1,0,0,0,-1,-1,0,0,1,0,0,0,0,0,1,1,1,1,1,1,1,109,110,109,110,139,139,139,139,-1,1,0,1,0,0,0,0,0,0,0,0,0,0,0,0,0,0,0,0,0,0,0,0,0,0,0,0,0,0,0,0,0,0,0,0,0,0,0,0,[0|0|0|0],0,0,0,0,0,0,0,0,0,0,0,0,0,0,0,0,0,0,0,0,0,0,0,0,0,0,0,0,0,0,0,0,0,0,0,0,0,0,0,0,0,0,0,0,0,0,0,0,0,0,0,0,0,0,0,0,0,0,0,0,0,0,0,0,0,0,0,0,0,0,0,0,0,0,0,0,0,0,0,0,0,0,0,0,0,0,0,0,0,0,0,0,0,0,0,0,0,0,[0|0|0|0|0|0|0|0|0|0|0|0|0|0]
5033100,[Duchess] Remembrance (Body) [Model],0,0,[0|0|0],604110,0,69,69,100,0.04,1150,0,200,0,102400,102401,-1,7000,1,-0.4,-1,-1,-1,-1,-1,-1,-1,-1,-1,-1,-1,-1,-1,-1,-1,-1,1,1,1,1,1,1,1,1,-1,5330,0,0,0,0,0,0,[0|0],0,0,0,0,0,0,0,0,102,102,85,59,0,-1,-1,1,0,2,4,1,2,50,0,[0|0],1,0,1,0,0,0,0,0,0,-1,-1,0,0,1,0,0,0,0,0,0.81,0.85,0.86,0.85,0.72,0.78,0.78,109,50,113,50,113,139,139,139,-1,1,0,0.77,0,0,0,0,0,0,0,0,0,0,0,0,0,0,0,0,0,0,0,0,0,0,0,0,0,0,0,0,0,0,0,0,0,0,0,0,[0|0|0|0],0,85,0,0,0,0,0,0,0,0,0,0,0,0,0,0,0,0,0,0,0,0,0,0,0,0,0,0,0,0,0,0,0,0,0,0,0,0,0,0,0,0,0,0,0,0,0,0,0,0,0,0,0,0,0,0,0,0,0,0,0,0,0,0,0,0,0,0,0,0,0,0,0,0,0,0,0,0,0,0,0,0,0,0,0,0,0,0,0,0,0,0,0,0,0,0,0,0,[0|0|0|0|0|0|0|0|0|0|0|0|0|0]
5033200,[Duchess] Remembrance (Arms),0,0,[0|0|0],706000,0,0,0,0,0,1150,0,200,0,602990,4710,7999030,7000,1.1,0,-1,-1,-1,-1,-1,-1,-1,-1,-1,-1,-1,-1,-1,-1,-1,-1,1,1,1,1,1,1,1,1,-1,0,0,0,0,0,0,0,[0|0],0,0,0,0,0,0,0,0,0,0,0,0,0,-1,-1,1,0,1,0,2,1,70,0,[0|0],1,0,0,1,0,0,0,0,0,-1,-1,0,0,1,0,0,0,0,0,1,1,1,1,1,1,1,109,50,113,50,113,139,139,139,-1,1,0,1,0,0,0,0,0,0,0,0,0,0,0,0,0,0,0,0,0,0,0,0,0,0,0,0,0,0,0,0,0,0,0,0,0,0,0,0,[0|0|0|0],0,0,0,0,0,0,0,0,0,0,0,0,0,0,0,0,0,0,0,0,0,0,0,0,0,0,0,0,0,0,0,0,0,0,0,0,0,0,0,0,0,0,0,0,0,0,0,0,0,0,0,0,0,0,0,0,0,0,0,0,0,0,0,0,0,0,0,0,0,0,0,0,0,0,0,0,0,0,0,0,0,0,0,0,0,0,0,0,0,0,0,0,0,0,0,0,0,0,[0|0|0|0|0|0|0|0|0|0|0|0|0|0]
5033300,[Duchess] Remembrance (Legs),0,0,[0|0|0],806000,0,0,0,0,0,1250,0,200,0,99800,705012,49333,7000,1.1,0,-1,-1,-1,-1,-1,-1,-1,-1,-1,-1,-1,-1,-1,-1,-1,-1,1,1,1,1,1,1,1,1,-1,0,0,0,0,0,0,0,[0|0],0,0,0,0,0,0,0,0,0,0,0,0,0,-1,-1,1,0,1,0,3,1,70,0,[0|0],1,0,0,0,1,0,0,0,0,-1,-1,0,0,1,0,0,0,0,0,1,1,1,1,1,1,1,109,50,108,50,108,139,139,139,110,1,0,1,0,0,0,0,0,0,0,0,0,0,0,0,0,0,0,0,0,0,0,0,0,0,0,0,0,0,0,0,0,0,0,0,0,0,0,0,[0|0|0|0],0,0,0,0,0,0,0,0,0,0,0,0,0,0,0,0,0,0,0,0,0,0,0,0,0,0,0,0,0,0,0,0,0,0,0,0,0,0,0,0,0,0,0,0,0,0,0,0,0,0,0,0,0,0,0,0,0,0,0,0,0,0,0,0,0,0,0,0,0,0,0,0,0,0,0,0,0,0,0,0,0,0,0,0,0,0,0,0,0,0,0,0,0,0,0,0,0,0,[0|0|0|0|0|0|0|0|0|0|0|0|0|0]
5034000,[Raider] Remembrance (Head),0,0,[0|0|0],507000,0,0,0,0,0,1050,0,200,0,-1,-1,-1,7000,1.5,0,-1,-1,-1,-1,-1,-1,-1,-1,-1,-1,-1,-1,-1,-1,-1,-1,1,1,1,1,1,1,1,1,-1,0,0,0,0,0,0,0,[0|0],0,0,0,0,0,0,0,0,0,0,0,0,0,-1,-1,1,0,1,0,0,1,80,0,[0|0],1,1,0,0,0,1,0,0,0,-1,-1,0,0,1,0,0,0,0,0,1,1,1,1,1,1,1,109,110,109,110,139,139,139,139,-1,1,0,1,0,0,0,0,0,0,0,0,0,0,0,0,0,0,0,0,0,0,0,0,0,0,0,0,0,0,0,0,0,0,0,0,0,0,0,0,[0|0|0|0],0,0,0,0,0,0,0,0,0,0,0,0,0,0,0,0,0,0,0,0,0,0,0,0,0,0,0,0,0,0,0,0,0,0,0,0,0,0,0,0,0,0,0,0,0,0,0,0,0,0,0,0,0,0,0,0,0,0,0,0,0,0,0,0,0,0,0,0,0,0,0,0,0,0,0,0,0,0,0,0,0,0,0,0,0,0,0,0,0,0,0,0,0,0,0,0,0,0,[0|0|0|0|0|0|0|0|0|0|0|0|0|0]
5034100,[Raider] Remembrance (Body) [Model],0,0,[0|0|0],604110,0,49,49,100,0.12,1150,0,200,0,102400,102401,49343,7000,1,-0.4,-1,-1,-1,-1,-1,-1,-1,-1,-1,-1,-1,-1,-1,-1,-1,-1,1,1,1,1,1,1,1,1,-1,5340,0,0,0,0,0,0,[0|0],0,0,0,0,0,0,0,0,102,102,95,59,0,-1,-1,1,0,2,4,1,2,50,0,[0|0],1,0,1,0,0,0,0,0,0,-1,-1,0,0,1,0,0,0,0,0,0.76,0.75,0.76,0.85,0.86,0.76,0.85,109,50,144,50,144,139,139,139,-1,1,0,0.83,0,0,0,0,0,0,0,0,0,0,0,0,0,0,0,0,0,0,0,0,0,0,0,0,0,0,0,0,0,0,0,0,0,0,0,0,[0|0|0|0],0,95,0,0,0,0,0,0,0,0,0,0,0,0,0,0,0,0,0,0,0,0,0,0,0,0,0,0,0,0,0,0,0,0,0,0,0,0,0,0,0,0,0,0,0,0,0,0,0,0,0,0,0,0,0,0,0,0,0,0,0,0,0,0,0,0,0,0,0,0,0,0,0,0,0,0,0,0,0,0,0,0,0,0,0,0,0,0,0,0,0,0,0,0,0,0,0,0,[0|0|0|0|0|0|0|0|0|0|0|0|0|0]
5034200,[Raider] Remembrance (Arms),0,0,[0|0|0],706000,0,0,0,0,0,1150,0,200,0,602990,4710,7999040,7000,1.1,0,-1,-1,-1,-1,-1,-1,-1,-1,-1,-1,-1,-1,-1,-1,-1,-1,1,1,1,1,1,1,1,1,-1,0,0,0,0,0,0,0,[0|0],0,0,0,0,0,0,0,0,0,0,0,0,0,-1,-1,1,0,1,0,2,1,70,0,[0|0],1,0,0,1,0,0,0,0,0,-1,-1,0,0,1,0,0,0,0,0,1,1,1,1,1,1,1,109,50,108,50,108,139,139,139,-1,1,0,1,0,0,0,0,0,0,0,0,0,0,0,0,0,0,0,0,0,0,0,0,0,0,0,0,0,0,0,0,0,0,0,0,0,0,0,0,[0|0|0|0],0,0,0,0,0,0,0,0,0,0,0,0,0,0,0,0,0,0,0,0,0,0,0,0,0,0,0,0,0,0,0,0,0,0,0,0,0,0,0,0,0,0,0,0,0,0,0,0,0,0,0,0,0,0,0,0,0,0,0,0,0,0,0,0,0,0,0,0,0,0,0,0,0,0,0,0,0,0,0,0,0,0,0,0,0,0,0,0,0,0,0,0,0,0,0,0,0,0,[0|0|0|0|0|0|0|0|0|0|0|0|0|0]
5034300,[Raider] Remembrance (Legs),0,0,[0|0|0],806000,0,0,0,0,0,1250,0,200,0,99800,705012,704300,7000,1.1,0,-1,-1,-1,-1,-1,-1,-1,-1,-1,-1,-1,-1,-1,-1,-1,-1,1,1,1,1,1,1,1,1,-1,0,0,0,0,0,0,0,[0|0],0,0,0,0,0,0,0,0,0,0,0,0,0,-1,-1,1,0,1,0,3,1,70,0,[0|0],1,0,0,0,1,0,0,0,0,-1,-1,0,0,1,0,0,0,0,0,1,1,1,1,1,1,1,109,50,108,50,108,139,139,139,112,1,0,1,0,0,0,0,0,0,0,0,0,0,0,0,0,0,0,0,0,0,0,0,0,0,0,0,0,0,0,0,0,0,0,0,0,0,0,0,[0|0|0|0],0,0,0,0,0,0,0,0,0,0,0,0,0,0,0,0,0,0,0,0,0,0,0,0,0,0,0,0,0,0,0,0,0,0,0,0,0,0,0,0,0,0,0,0,0,0,0,0,0,0,0,0,0,0,0,0,0,0,0,0,0,0,0,0,0,0,0,0,0,0,0,0,0,0,0,0,0,0,0,0,0,0,0,0,0,0,0,0,0,0,0,0,0,0,0,0,0,0,[0|0|0|0|0|0|0|0|0|0|0|0|0|0]
5034400,[Raider] White Horn [Model],0,0,[0|0|0],604110,0,0,0,100,0,1150,0,200,0,102400,102401,-1,7000,1,-0.4,-1,-1,-1,-1,-1,-1,-1,-1,-1,-1,-1,-1,-1,-1,-1,-1,1,1,1,1,1,1,1,1,-1,5345,0,0,0,0,0,0,[0|0],0,0,0,0,0,0,0,0,0,0,0,0,0,-1,-1,1,0,2,4,1,2,50,0,[0|0],1,0,1,0,0,0,0,0,0,-1,-1,0,0,1,0,0,0,0,0,1,1,1,1,1,1,1,109,50,144,50,144,139,139,139,-1,1,0,1,0,0,0,0,0,0,0,0,0,0,0,0,0,0,0,0,0,0,0,0,0,0,0,0,0,0,0,0,0,0,0,0,0,0,0,0,[0|0|0|0],0,0,0,0,0,0,0,0,0,0,0,0,0,0,0,0,0,0,0,0,0,0,0,0,0,0,0,0,0,0,0,0,0,0,0,0,0,0,0,0,0,0,0,0,0,0,0,0,0,0,0,0,0,0,0,0,0,0,0,0,0,0,0,0,0,0,0,0,0,0,0,0,0,0,0,0,0,0,0,0,0,0,0,0,0,0,0,0,0,0,0,0,0,0,0,0,0,0,[0|0|0|0|0|0|0|0|0|0|0|0|0|0]
5035000,[Revenant] Remembrance (Head),0,0,[0|0|0],507000,0,0,0,0,0,1050,0,200,0,-1,-1,-1,7000,1.5,0,-1,-1,-1,-1,-1,-1,-1,-1,-1,-1,-1,-1,-1,-1,-1,-1,1,1,1,1,1,1,1,1,-1,0,0,0,0,0,0,0,[0|0],0,0,0,0,0,0,0,0,0,0,0,0,0,-1,-1,1,0,1,0,0,1,80,0,[0|0],1,1,0,0,0,1,0,0,2,-1,-1,2,0,1,0,0,0,0,0,1,1,1,1,1,1,1,109,110,113,110,180,139,180,139,-1,1,0,1,0,0,0,0,0,0,0,0,0,0,0,0,0,0,0,0,0,0,0,0,0,0,0,0,0,0,0,0,0,0,0,0,0,0,0,0,[0|0|0|0],0,0,0,0,0,0,0,0,0,0,0,0,0,0,0,0,0,0,0,0,0,0,0,0,0,0,0,0,0,0,0,0,0,0,0,0,0,0,0,0,0,0,0,0,0,0,0,0,0,0,0,0,0,0,0,0,0,0,0,0,0,0,0,0,0,0,0,0,0,0,0,0,0,0,0,0,0,0,0,0,0,0,0,0,0,0,0,0,0,0,0,0,0,0,0,0,0,0,[0|0|0|0|0|0|0|0|0|0|0|0|0|0]
5035100,[Revenant] Remembrance (Body) [Model],0,0,[0|0|0],604110,0,69,69,100,0.04,1150,0,200,0,102400,102401,-1,7000,1,-0.4,-1,-1,-1,-1,-1,-1,-1,-1,-1,-1,-1,-1,-1,-1,-1,-1,1,1,1,1,1,1,1,1,-1,5350,0,0,0,0,0,0,[0|0],0,0,0,0,0,0,0,0,112,112,85,69,0,-1,-1,1,0,2,4,1,2,50,0,[0|0],1,0,1,0,0,0,0,0,2,-1,-1,2,0,1,0,0,0,0,0,0.86,0.9,0.86,0.9,0.72,0.71,0.71,109,50,113,50,180,139,180,139,-1,1,0,0.8,0,0,0,0,0,0,0,0,0,0,0,0,0,0,0,0,0,0,0,0,0,0,0,0,0,0,0,0,0,0,0,0,0,0,0,0,[0|0|0|0],0,85,0,0,0,0,0,0,0,0,0,0,0,0,0,0,0,0,0,0,0,0,0,0,0,0,0,0,0,0,0,0,0,0,0,0,0,0,0,0,0,0,0,0,0,0,0,0,0,0,0,0,0,0,0,0,0,0,0,0,0,0,0,0,0,0,0,0,0,0,0,0,0,0,0,0,0,0,0,0,0,0,0,0,0,0,0,0,0,0,0,0,0,0,0,0,0,0,[0|0|0|0|0|0|0|0|0|0|0|0|0|0]
5035200,[Revenant] Remembrance (Arms),0,0,[0|0|0],706000,0,0,0,0,0,1150,0,200,0,602990,4710,7999050,7000,1.1,0,-1,-1,-1,-1,-1,-1,-1,-1,-1,-1,-1,-1,-1,-1,-1,-1,1,1,1,1,1,1,1,1,-1,0,0,0,0,0,0,0,[0|0],0,0,0,0,0,0,0,0,0,0,0,0,0,-1,-1,1,0,1,0,2,1,70,0,[0|0],1,0,0,1,0,0,0,0,2,-1,-1,2,0,1,0,0,0,0,0,1,1,1,1,1,1,1,109,50,113,50,180,139,180,139,-1,1,0,1,0,0,0,0,0,0,0,0,0,0,0,0,0,0,0,0,0,0,0,0,0,0,0,0,0,0,0,0,0,0,0,0,0,0,0,0,[0|0|0|0],0,0,0,0,0,0,0,0,0,0,0,0,0,0,0,0,0,0,0,0,0,0,0,0,0,0,0,0,0,0,0,0,0,0,0,0,0,0,0,0,0,0,0,0,0,0,0,0,0,0,0,0,0,0,0,0,0,0,0,0,0,0,0,0,0,0,0,0,0,0,0,0,0,0,0,0,0,0,0,0,0,0,0,0,0,0,0,0,0,0,0,0,0,0,0,0,0,0,[0|0|0|0|0|0|0|0|0|0|0|0|0|0]
5035300,[Revenant] Remembrance (Legs),0,0,[0|0|0],806000,0,0,0,0,0,1250,0,200,0,99800,705012,49353,7000,1.1,0,-1,-1,-1,-1,-1,-1,-1,-1,-1,-1,-1,-1,-1,-1,-1,-1,1,1,1,1,1,1,1,1,-1,0,0,0,0,0,0,0,[0|0],0,0,0,0,0,0,0,0,0,0,0,0,0,-1,-1,1,0,1,0,3,1,70,0,[0|0],1,0,0,0,1,0,0,0,2,-1,-1,2,0,1,0,0,0,0,0,1,1,1,1,1,1,1,109,50,109,50,180,139,180,139,100,1,0,1,0,0,0,0,0,0,0,0,0,0,0,0,0,0,0,0,0,0,0,0,0,0,0,0,0,0,0,0,0,0,0,0,0,0,0,0,[0|0|0|0],0,0,0,0,0,0,0,0,0,0,0,0,0,0,0,0,0,0,0,0,0,0,0,0,0,0,0,0,0,0,0,0,0,0,0,0,0,0,0,0,0,0,0,0,0,0,0,0,0,0,0,0,0,0,0,0,0,0,0,0,0,0,0,0,0,0,0,0,0,0,0,0,0,0,0,0,0,0,0,0,0,0,0,0,0,0,0,0,0,0,0,0,0,0,0,0,0,0,[0|0|0|0|0|0|0|0|0|0|0|0|0|0]
5036000,[Recluse] Remembrance (Head),0,0,[0|0|0],507000,0,0,0,0,0,1050,0,200,0,-1,-1,-1,7000,1.5,0,-1,-1,-1,-1,-1,-1,-1,-1,-1,-1,-1,-1,-1,-1,-1,-1,1,1,1,1,1,1,1,1,-1,0,0,0,0,0,0,0,[0|0],0,0,0,0,0,0,0,0,0,0,0,0,0,-1,-1,1,0,1,0,0,1,80,0,[0|0],1,1,0,0,0,1,0,0,0,-1,-1,0,0,1,0,0,0,0,0,1,1,1,1,1,1,1,109,110,109,110,139,139,139,139,-1,1,0,1,0,0,0,0,0,0,0,0,0,0,0,0,0,0,0,0,0,0,0,0,0,0,0,0,0,0,0,0,0,0,0,0,0,0,0,0,[0|0|0|0],0,0,0,0,0,0,0,0,0,0,0,0,0,0,0,0,0,0,0,0,0,0,0,0,0,0,0,0,0,0,0,0,0,0,0,0,0,0,0,0,0,0,0,0,0,0,0,0,0,0,0,0,0,0,0,0,0,0,0,0,0,0,0,0,0,0,0,0,0,0,0,0,0,0,0,0,0,0,0,0,0,0,0,0,0,0,0,0,0,0,0,0,0,0,0,0,0,0,[0|0|0|0|0|0|0|0|0|0|0|0|0|0]
5036100,[Recluse] Remembrance (Body) [Model],0,0,[0|0|0],604110,0,69,69,100,0.04,1150,0,200,0,102400,102401,-1,7000,1,-0.4,-1,-1,-1,-1,-1,-1,-1,-1,-1,-1,-1,-1,-1,-1,-1,-1,1,1,1,1,1,1,1,1,-1,5360,0,0,0,0,0,0,[0|0],0,0,0,0,0,0,0,0,112,112,85,59,0,-1,-1,1,0,2,4,1,2,50,0,[0|0],1,0,1,0,0,0,0,0,0,-1,-1,0,0,1,0,0,0,0,0,0.86,0.9,0.86,0.9,0.71,0.76,0.75,109,50,113,50,113,139,139,139,-1,1,0,0.75,0,0,0,0,0,0,0,0,0,0,0,0,0,0,0,0,0,0,0,0,0,0,0,0,0,0,0,0,0,0,0,0,0,0,0,0,[0|0|0|0],0,85,0,0,0,0,0,0,0,0,0,0,0,0,0,0,0,0,0,0,0,0,0,0,0,0,0,0,0,0,0,0,0,0,0,0,0,0,0,0,0,0,0,0,0,0,0,0,0,0,0,0,0,0,0,0,0,0,0,0,0,0,0,0,0,0,0,0,0,0,0,0,0,0,0,0,0,0,0,0,0,0,0,0,0,0,0,0,0,0,0,0,0,0,0,0,0,0,[0|0|0|0|0|0|0|0|0|0|0|0|0|0]
5036200,[Recluse] Remembrance (Arms),0,0,[0|0|0],706000,0,0,0,0,0,1150,0,200,0,602990,4710,7999060,7000,1.1,0,-1,-1,-1,-1,-1,-1,-1,-1,-1,-1,-1,-1,-1,-1,-1,-1,1,1,1,1,1,1,1,1,-1,0,0,0,0,0,0,0,[0|0],0,0,0,0,0,0,0,0,0,0,0,0,0,-1,-1,1,0,1,0,2,1,70,0,[0|0],1,0,0,1,0,0,0,0,0,-1,-1,0,0,1,0,0,0,0,0,1,1,1,1,1,1,1,109,50,113,50,113,139,139,139,-1,1,0,1,0,0,0,0,0,0,0,0,0,0,0,0,0,0,0,0,0,0,0,0,0,0,0,0,0,0,0,0,0,0,0,0,0,0,0,0,[0|0|0|0],0,0,0,0,0,0,0,0,0,0,0,0,0,0,0,0,0,0,0,0,0,0,0,0,0,0,0,0,0,0,0,0,0,0,0,0,0,0,0,0,0,0,0,0,0,0,0,0,0,0,0,0,0,0,0,0,0,0,0,0,0,0,0,0,0,0,0,0,0,0,0,0,0,0,0,0,0,0,0,0,0,0,0,0,0,0,0,0,0,0,0,0,0,0,0,0,0,0,[0|0|0|0|0|0|0|0|0|0|0|0|0|0]
5036300,[Recluse] Remembrance (Legs),0,0,[0|0|0],806000,0,0,0,0,0,1250,0,200,0,99800,705012,49363,7000,1.1,0,-1,-1,-1,-1,-1,-1,-1,-1,-1,-1,-1,-1,-1,-1,-1,-1,1,1,1,1,1,1,1,1,-1,0,0,0,0,0,0,0,[0|0],0,0,0,0,0,0,0,0,0,0,0,0,0,-1,-1,1,0,1,0,3,1,70,0,[0|0],1,0,0,0,1,0,0,0,0,-1,-1,0,0,1,0,0,0,0,0,1,1,1,1,1,1,1,109,50,109,50,139,139,139,139,110,1,0,1,0,0,0,0,0,0,0,0,0,0,0,0,0,0,0,0,0,0,0,0,0,0,0,0,0,0,0,0,0,0,0,0,0,0,0,0,[0|0|0|0],0,0,0,0,0,0,0,0,0,0,0,0,0,0,0,0,0,0,0,0,0,0,0,0,0,0,0,0,0,0,0,0,0,0,0,0,0,0,0,0,0,0,0,0,0,0,0,0,0,0,0,0,0,0,0,0,0,0,0,0,0,0,0,0,0,0,0,0,0,0,0,0,0,0,0,0,0,0,0,0,0,0,0,0,0,0,0,0,0,0,0,0,0,0,0,0,0,0,[0|0|0|0|0|0|0|0|0|0|0|0|0|0]
5037000,[Executor] Remembrance (Head),0,0,[0|0|0],507000,0,0,0,0,0,1050,0,200,0,-1,-1,-1,7000,1.5,0,-1,-1,-1,-1,-1,-1,-1,-1,-1,-1,-1,-1,-1,-1,-1,-1,1,1,1,1,1,1,1,1,-1,0,0,0,0,0,0,0,[0|0],0,0,0,0,0,0,0,0,0,0,0,0,0,-1,-1,1,0,1,0,0,1,80,0,[0|0],1,1,0,0,0,1,0,0,0,-1,-1,0,0,1,0,0,0,0,0,1,1,1,1,1,1,1,109,110,140,110,106,139,139,139,-1,1,0,1,0,0,0,0,0,0,0,0,0,0,0,0,0,0,0,0,0,0,0,0,0,0,0,0,0,0,0,0,0,0,0,0,0,0,0,0,[0|0|0|0],0,0,0,0,0,0,0,0,0,0,0,0,0,0,0,0,0,0,0,0,0,0,0,0,0,0,0,0,0,0,0,0,0,0,0,0,0,0,0,0,0,0,0,0,0,0,0,0,0,0,0,0,0,0,0,0,0,0,0,0,0,0,0,0,0,0,0,0,0,0,0,0,0,0,0,0,0,0,0,0,0,0,0,0,0,0,0,0,0,0,0,0,0,0,0,0,0,0,[0|0|0|0|0|0|0|0|0|0|0|0|0|0]
5037100,[Executor] Remembrance (Body) [Model],0,0,[0|0|0],604110,0,49,49,100,0.04,1150,0,200,0,102400,102401,49373,7000,1,-0.4,-1,-1,-1,-1,-1,-1,-1,-1,-1,-1,-1,-1,-1,-1,-1,-1,1,1,1,1,1,1,1,1,-1,5370,0,0,0,0,0,0,[0|0],0,0,0,0,0,0,0,0,92,92,105,69,0,-1,-1,1,0,2,4,1,2,50,0,[0|0],1,0,1,0,0,0,0,0,0,-1,-1,0,0,1,0,0,0,0,0,0.76,0.75,0.76,0.8,0.86,0.81,0.85,109,50,140,50,106,139,139,139,-1,1,0,0.78,0,0,0,0,0,0,0,0,0,0,0,0,0,0,0,0,0,0,0,0,0,0,0,0,0,0,0,0,0,0,0,0,0,0,0,0,[0|0|0|0],0,105,0,0,0,0,0,0,0,0,0,0,0,0,0,0,0,0,0,0,0,0,0,0,0,0,0,0,0,0,0,0,0,0,0,0,0,0,0,0,0,0,0,0,0,0,0,0,0,0,0,0,0,0,0,0,0,0,0,0,0,0,0,0,0,0,0,0,0,0,0,0,0,0,0,0,0,0,0,0,0,0,0,0,0,0,0,0,0,0,0,0,0,0,0,0,0,0,[0|0|0|0|0|0|0|0|0|0|0|0|0|0]
5037200,[Executor] Remembrance (Arms),0,0,[0|0|0],706000,0,0,0,0,0,1150,0,200,0,602990,4710,7999070,7000,1.1,0,-1,-1,-1,-1,-1,-1,-1,-1,-1,-1,-1,-1,-1,-1,-1,-1,1,1,1,1,1,1,1,1,-1,0,0,0,0,0,0,0,[0|0],0,0,0,0,0,0,0,0,0,0,0,0,0,-1,-1,1,0,1,0,2,1,70,0,[0|0],1,0,0,1,0,0,0,0,0,-1,-1,0,0,1,0,0,0,0,0,1,1,1,1,1,1,1,109,50,140,50,106,139,139,139,-1,1,0,1,0,0,0,0,0,0,0,0,0,0,0,0,0,0,0,0,0,0,0,0,0,0,0,0,0,0,0,0,0,0,0,0,0,0,0,0,[0|0|0|0],0,0,0,0,0,0,0,0,0,0,0,0,0,0,0,0,0,0,0,0,0,0,0,0,0,0,0,0,0,0,0,0,0,0,0,0,0,0,0,0,0,0,0,0,0,0,0,0,0,0,0,0,0,0,0,0,0,0,0,0,0,0,0,0,0,0,0,0,0,0,0,0,0,0,0,0,0,0,0,0,0,0,0,0,0,0,0,0,0,0,0,0,0,0,0,0,0,0,[0|0|0|0|0|0|0|0|0|0|0|0|0|0]
5037300,[Executor] Remembrance (Legs),0,0,[0|0|0],806000,0,0,0,0,0,1250,0,200,0,99800,705012,707050,7000,1.1,0,-1,-1,-1,-1,-1,-1,-1,-1,-1,-1,-1,-1,-1,-1,-1,-1,1,1,1,1,1,1,1,1,-1,0,0,0,0,0,0,0,[0|0],0,0,0,0,0,0,0,0,0,0,0,0,0,-1,-1,1,0,1,0,3,1,70,0,[0|0],1,0,0,0,1,0,0,0,0,-1,-1,0,0,1,0,0,0,0,0,1,1,1,1,1,1,1,109,50,140,50,106,139,139,139,111,1,0,1,0,0,0,0,0,0,0,0,0,0,0,0,0,0,0,0,0,0,0,0,0,0,0,0,0,0,0,0,0,0,0,0,0,0,0,0,[0|0|0|0],0,0,0,0,0,0,0,0,0,0,0,0,0,0,0,0,0,0,0,0,0,0,0,0,0,0,0,0,0,0,0,0,0,0,0,0,0,0,0,0,0,0,0,0,0,0,0,0,0,0,0,0,0,0,0,0,0,0,0,0,0,0,0,0,0,0,0,0,0,0,0,0,0,0,0,0,0,0,0,0,0,0,0,0,0,0,0,0,0,0,0,0,0,0,0,0,0,0,[0|0|0|0|0|0|0|0|0|0|0|0|0|0]
5038000,[Scholar] Remembrance (Head),1,0,[0|0|0],507000,0,0,0,0,0,1050,0,200,0,-1,-1,-1,7000,1.5,0,-1,-1,-1,-1,-1,-1,-1,-1,-1,-1,-1,-1,-1,-1,-1,-1,1,1,1,1,1,1,1,1,-1,0,0,0,0,0,0,0,[0|0],0,0,0,0,0,0,0,0,0,0,0,0,0,-1,-1,1,0,1,0,0,1,80,0,[0|0],1,1,0,0,0,1,0,0,1,-1,-1,1,0,1,0,0,0,0,0,1,1,1,1,1,1,1,109,110,109,110,139,139,139,139,-1,1,0,1,0,0,0,0,0,0,0,0,0,0,0,0,0,0,0,0,0,0,0,0,0,0,0,0,0,0,0,0,0,0,0,0,0,0,0,0,[0|0|0|0],0,0,0,0,0,0,0,0,0,0,0,0,0,0,0,0,0,0,0,0,0,0,0,0,0,0,0,0,0,0,0,0,0,0,0,0,0,0,0,0,0,0,0,0,0,0,0,0,0,0,0,0,0,0,0,0,0,0,0,0,0,0,0,0,0,0,0,0,0,0,0,0,0,0,0,0,0,0,0,0,0,0,0,0,0,0,0,0,0,0,0,0,0,0,0,0,0,0,[0|0|0|0|0|0|0|0|0|0|0|0|0|0]
5038100,[Scholar] Remembrance (Body) [Model],1,0,[0|0|0],604110,0,69,69,100,0.04,1150,0,200,0,102400,102401,-1,7000,1,-0.4,-1,-1,-1,-1,-1,-1,-1,-1,-1,-1,-1,-1,-1,-1,-1,-1,1,1,1,1,1,1,1,1,-1,5380,0,0,0,0,0,0,[0|0],0,0,0,0,0,0,0,0,102,102,85,59,0,-1,-1,1,0,2,4,1,2,50,0,[0|0],1,0,1,0,0,0,0,0,1,-1,-1,1,0,1,0,0,0,0,0,0.81,0.83,0.85,0.8,0.73,0.75,0.76,109,50,113,50,113,139,139,139,-1,1,0,0.91,0,0,0,0,0,0,0,0,0,0,0,0,0,0,0,0,0,0,0,0,0,0,0,0,0,0,0,0,0,0,0,0,0,0,0,0,[0|0|0|0],0,85,0,0,0,0,0,0,0,0,0,0,0,0,0,0,0,0,0,0,0,0,0,0,0,0,0,0,0,0,0,0,0,0,0,0,0,0,0,0,0,0,0,0,0,0,0,0,0,0,0,0,0,0,0,0,0,0,0,0,0,0,0,0,0,0,0,0,0,0,0,0,0,0,0,0,0,0,0,0,0,0,0,0,0,0,0,0,0,0,0,0,0,0,0,0,0,0,[0|0|0|0|0|0|0|0|0|0|0|0|0|0]
5038200,[Scholar] Remembrance (Arms),1,0,[0|0|0],706000,0,0,0,0,0,1150,0,200,0,602990,4710,7999080,7000,1.1,0,-1,-1,-1,-1,-1,-1,-1,-1,-1,-1,-1,-1,-1,-1,-1,-1,1,1,1,1,1,1,1,1,-1,0,0,0,0,0,0,0,[0|0],0,0,0,0,0,0,0,0,0,0,0,0,0,-1,-1,1,0,1,0,2,1,70,0,[0|0],1,0,0,1,0,0,0,0,1,-1,-1,1,0,1,0,0,0,0,0,1,1,1,1,1,1,1,109,50,108,50,108,139,139,139,-1,1,0,1,0,0,0,0,0,0,0,0,0,0,0,0,0,0,0,0,0,0,0,0,0,0,0,0,0,0,0,0,0,0,0,0,0,0,0,0,[0|0|0|0],0,0,0,0,0,0,0,0,0,0,0,0,0,0,0,0,0,0,0,0,0,0,0,0,0,0,0,0,0,0,0,0,0,0,0,0,0,0,0,0,0,0,0,0,0,0,0,0,0,0,0,0,0,0,0,0,0,0,0,0,0,0,0,0,0,0,0,0,0,0,0,0,0,0,0,0,0,0,0,0,0,0,0,0,0,0,0,0,0,0,0,0,0,0,0,0,0,0,[0|0|0|0|0|0|0|0|0|0|0|0|0|0]
5038300,[Scholar] Remembrance (Legs),1,0,[0|0|0],806000,0,0,0,0,0,1250,0,200,0,99800,705012,49983,7000,1.1,0,-1,-1,-1,-1,-1,-1,-1,-1,-1,-1,-1,-1,-1,-1,-1,-1,1,1,1,1,1,1,1,1,-1,0,0,0,0,0,0,0,[0|0],0,0,0,0,0,0,0,0,0,0,0,0,0,-1,-1,1,0,1,0,3,1,70,0,[0|0],1,0,0,0,1,0,0,0,1,-1,-1,1,0,1,0,0,0,0,0,1,1,1,1,1,1,1,109,50,108,50,108,139,139,139,111,1,0,1,0,0,0,0,0,0,0,0,0,0,0,0,0,0,0,0,0,0,0,0,0,0,0,0,0,0,0,0,0,0,0,0,0,0,0,0,[0|0|0|0],0,0,0,0,0,0,0,0,0,0,0,0,0,0,0,0,0,0,0,0,0,0,0,0,0,0,0,0,0,0,0,0,0,0,0,0,0,0,0,0,0,0,0,0,0,0,0,0,0,0,0,0,0,0,0,0,0,0,0,0,0,0,0,0,0,0,0,0,0,0,0,0,0,0,0,0,0,0,0,0,0,0,0,0,0,0,0,0,0,0,0,0,0,0,0,0,0,0,[0|0|0|0|0|0|0|0|0|0|0|0|0|0]
5039000,[Undertaker] Remembrance (Head),1,0,[0|0|0],507000,0,0,0,0,0,1050,0,200,0,-1,-1,-1,7000,1.5,0,-1,-1,-1,-1,-1,-1,-1,-1,-1,-1,-1,-1,-1,-1,-1,-1,1,1,1,1,1,1,1,1,-1,0,0,0,0,0,0,0,[0|0],0,0,0,0,0,0,0,0,0,0,0,0,0,-1,-1,1,0,1,0,0,1,80,0,[0|0],1,1,0,0,0,1,0,0,0,-1,-1,0,0,1,0,0,0,0,0,1,1,1,1,1,1,1,109,110,108,110,108,139,139,139,-1,1,0,1,0,0,0,0,0,0,0,0,0,0,0,0,0,0,0,0,0,0,0,0,0,0,0,0,0,0,0,0,0,0,0,0,0,0,0,0,[0|0|0|0],0,0,0,0,0,0,0,0,0,0,0,0,0,0,0,0,0,0,0,0,0,0,0,0,0,0,0,0,0,0,0,0,0,0,0,0,0,0,0,0,0,0,0,0,0,0,0,0,0,0,0,0,0,0,0,0,0,0,0,0,0,0,0,0,0,0,0,0,0,0,0,0,0,0,0,0,0,0,0,0,0,0,0,0,0,0,0,0,0,0,0,0,0,0,0,0,0,0,[0|0|0|0|0|0|0|0|0|0|0|0|0|0]
5039100,[Undertaker] Remembrance (Body) [Model],1,0,[0|0|0],604110,0,49,59,100,0.04,1150,0,200,0,102400,102401,-1,7000,1,-0.4,-1,-1,-1,-1,-1,-1,-1,-1,-1,-1,-1,-1,-1,-1,-1,-1,1,1,1,1,1,1,1,1,-1,5390,0,0,0,0,0,0,[0|0],0,0,0,0,0,0,0,0,102,102,85,79,0,-1,-1,1,0,2,4,1,2,50,0,[0|0],1,0,1,0,0,0,0,0,0,-1,-1,0,0,1,0,0,0,0,0,0.82,0.88,0.82,0.88,0.8,0.83,0.8,109,50,108,50,108,139,139,139,-1,1,0,0.74,0,0,0,0,0,0,0,0,0,0,0,0,0,0,0,0,0,0,0,0,0,0,0,0,0,0,0,0,0,0,0,0,0,0,0,0,[0|0|0|0],0,95,0,0,0,0,0,0,0,0,0,0,0,0,0,0,0,0,0,0,0,0,0,0,0,0,0,0,0,0,0,0,0,0,0,0,0,0,0,0,0,0,0,0,0,0,0,0,0,0,0,0,0,0,0,0,0,0,0,0,0,0,0,0,0,0,0,0,0,0,0,0,0,0,0,0,0,0,0,0,0,0,0,0,0,0,0,0,0,0,0,0,0,0,0,0,0,0,[0|0|0|0|0|0|0|0|0|0|0|0|0|0]
5039200,[Undertaker] Remembrance (Arms),1,0,[0|0|0],706000,0,0,0,0,0,1150,0,200,0,602990,4710,7999090,7000,1.1,0,-1,-1,-1,-1,-1,-1,-1,-1,-1,-1,-1,-1,-1,-1,-1,-1,1,1,1,1,1,1,1,1,-1,0,0,0,0,0,0,0,[0|0],0,0,0,0,0,0,0,0,0,0,0,0,0,-1,-1,1,0,1,0,2,1,70,0,[0|0],1,0,0,1,0,0,0,0,0,-1,-1,0,0,1,0,0,0,0,0,1,1,1,1,1,1,1,109,50,108,50,108,139,139,139,-1,1,0,1,0,0,0,0,0,0,0,0,0,0,0,0,0,0,0,0,0,0,0,0,0,0,0,0,0,0,0,0,0,0,0,0,0,0,0,0,[0|0|0|0],0,0,0,0,0,0,0,0,0,0,0,0,0,0,0,0,0,0,0,0,0,0,0,0,0,0,0,0,0,0,0,0,0,0,0,0,0,0,0,0,0,0,0,0,0,0,0,0,0,0,0,0,0,0,0,0,0,0,0,0,0,0,0,0,0,0,0,0,0,0,0,0,0,0,0,0,0,0,0,0,0,0,0,0,0,0,0,0,0,0,0,0,0,0,0,0,0,0,[0|0|0|0|0|0|0|0|0|0|0|0|0|0]
5039300,[Undertaker] Remembrance (Legs),1,0,[0|0|0],806000,0,0,0,0,0,1250,0,200,0,99800,705012,49993,7000,1.1,0,-1,-1,-1,-1,-1,-1,-1,-1,-1,-1,-1,-1,-1,-1,-1,-1,1,1,1,1,1,1,1,1,-1,0,0,0,0,0,0,0,[0|0],0,0,0,0,0,0,0,0,0,0,0,0,0,-1,-1,1,0,1,0,3,1,70,0,[0|0],1,0,0,0,1,0,0,0,0,-1,-1,0,0,1,0,0,0,0,0,1,1,1,1,1,1,1,109,50,108,50,108,139,139,139,111,1,0,1,0,0,0,0,0,0,0,0,0,0,0,0,0,0,0,0,0,0,0,0,0,0,0,0,0,0,0,0,0,0,0,0,0,0,0,0,[0|0|0|0],0,0,0,0,0,0,0,0,0,0,0,0,0,0,0,0,0,0,0,0,0,0,0,0,0,0,0,0,0,0,0,0,0,0,0,0,0,0,0,0,0,0,0,0,0,0,0,0,0,0,0,0,0,0,0,0,0,0,0,0,0,0,0,0,0,0,0,0,0,0,0,0,0,0,0,0,0,0,0,0,0,0,0,0,0,0,0,0,0,0,0,0,0,0,0,0,0,0,[0|0|0|0|0|0|0|0|0|0|0|0|0|0]
5050000,[Wylder] Abysswalker (Head),0,0,[0|0|0],507000,0,0,0,0,0,1050,0,200,0,-1,-1,-1,7000,1.5,0,-1,-1,-1,-1,-1,-1,-1,-1,-1,-1,-1,-1,-1,-1,-1,-1,1,1,1,1,1,1,1,1,-1,0,0,0,0,0,0,0,[0|0],0,0,0,0,0,0,0,0,0,0,0,0,0,-1,-1,1,0,1,0,0,1,80,0,[0|0],1,1,0,0,0,1,0,0,0,-1,-1,0,0,1,0,0,0,0,0,1,1,1,1,1,1,1,109,110,106,110,106,139,139,139,-1,1,0,1,0,0,0,0,0,0,0,0,0,0,0,0,0,0,0,0,0,0,0,0,0,0,0,0,0,0,0,0,0,0,0,0,0,0,0,0,[0|0|0|0],0,0,0,0,0,0,0,0,0,0,0,0,0,0,0,0,0,0,0,0,0,0,0,0,0,0,0,0,0,0,0,0,0,0,0,0,0,0,0,0,0,0,0,0,0,0,0,0,0,0,0,0,0,0,0,0,0,0,0,0,0,0,0,0,0,0,0,0,0,0,0,0,0,0,0,0,0,0,0,0,0,0,0,0,0,0,0,0,0,0,0,0,0,0,0,0,0,0,[0|0|0|0|0|0|0|0|0|0|0|0|0|0]
5050100,[Wylder] Abysswalker (Body) [Model],0,0,[0|0|0],604110,0,59,59,100,0.04,1150,0,200,0,102400,102401,-1,7000,1,-0.4,-1,-1,-1,-1,-1,-1,-1,-1,-1,-1,-1,-1,-1,-1,-1,-1,1,1,1,1,1,1,1,1,-1,5500,0,0,0,0,0,0,[0|0],0,0,0,0,0,0,0,0,102,102,95,59,0,-1,-1,1,0,2,4,1,2,50,0,[0|0],1,0,1,0,0,0,0,0,0,-1,-1,0,0,1,0,0,0,0,0,0.81,0.8,0.81,0.8,0.81,0.81,0.8,109,50,106,50,106,139,139,139,-1,1,0,0.83,0,0,0,0,0,0,0,0,0,0,0,0,0,0,0,0,0,0,0,0,0,0,0,0,0,0,0,0,0,0,0,0,0,0,0,0,[0|0|0|0],0,95,0,0,0,0,0,0,0,0,0,0,0,0,0,0,0,0,0,0,0,0,0,0,0,0,0,0,0,0,0,0,0,0,0,0,0,0,0,0,0,0,0,0,0,0,0,0,0,0,0,0,0,0,0,0,0,0,0,0,0,0,0,0,0,0,0,0,0,0,0,0,0,0,0,0,0,0,0,0,0,0,0,0,0,0,0,0,0,0,0,0,0,0,0,0,0,0,[0|0|0|0|0|0|0|0|0|0|0|0|0|0]
5050200,[Wylder] Abysswalker (Arms),0,0,[0|0|0],706000,0,0,0,0,0,1150,0,200,0,602990,4710,7999000,7000,1.1,0,-1,-1,-1,-1,-1,-1,-1,-1,-1,-1,-1,-1,-1,-1,-1,-1,1,1,1,1,1,1,1,1,-1,0,0,0,0,0,0,0,[0|0],0,0,0,0,0,0,0,0,0,0,0,0,0,-1,-1,1,0,1,0,2,1,70,0,[0|0],1,0,0,1,0,0,0,0,0,-1,-1,0,0,1,0,0,0,0,0,1,1,1,1,1,1,1,109,50,106,50,106,139,139,139,-1,1,0,1,0,0,0,0,0,0,0,0,0,0,0,0,0,0,0,0,0,0,0,0,0,0,0,0,0,0,0,0,0,0,0,0,0,0,0,0,[0|0|0|0],0,0,0,0,0,0,0,0,0,0,0,0,0,0,0,0,0,0,0,0,0,0,0,0,0,0,0,0,0,0,0,0,0,0,0,0,0,0,0,0,0,0,0,0,0,0,0,0,0,0,0,0,0,0,0,0,0,0,0,0,0,0,0,0,0,0,0,0,0,0,0,0,0,0,0,0,0,0,0,0,0,0,0,0,0,0,0,0,0,0,0,0,0,0,0,0,0,0,[0|0|0|0|0|0|0|0|0|0|0|0|0|0]
5050300,[Wylder] Abysswalker (Legs),0,0,[0|0|0],806000,0,0,0,0,0,1250,0,200,0,99800,705012,49304,7000,1.1,0,-1,-1,-1,-1,-1,-1,-1,-1,-1,-1,-1,-1,-1,-1,-1,-1,1,1,1,1,1,1,1,1,-1,0,0,0,0,0,0,0,[0|0],0,0,0,0,0,0,0,0,0,0,0,0,0,-1,-1,1,0,1,0,3,1,70,0,[0|0],1,0,0,0,1,0,0,0,0,-1,-1,0,0,1,0,0,0,0,0,1,1,1,1,1,1,1,109,50,106,50,106,139,139,139,111,1,0,1,0,0,0,0,0,0,0,0,0,0,0,0,0,0,0,0,0,0,0,0,0,0,0,0,0,0,0,0,0,0,0,0,0,0,0,0,[0|0|0|0],0,0,0,0,0,0,0,0,0,0,0,0,0,0,0,0,0,0,0,0,0,0,0,0,0,0,0,0,0,0,0,0,0,0,0,0,0,0,0,0,0,0,0,0,0,0,0,0,0,0,0,0,0,0,0,0,0,0,0,0,0,0,0,0,0,0,0,0,0,0,0,0,0,0,0,0,0,0,0,0,0,0,0,0,0,0,0,0,0,0,0,0,0,0,0,0,0,0,[0|0|0|0|0|0|0|0|0|0|0|0|0|0]
5051000,[Guardian] Sunlight Knight (Head),0,0,[0|0|0],507000,0,0,0,0,0,1050,0,200,0,-1,-1,-1,7000,1.5,0,-1,-1,-1,-1,-1,-1,-1,-1,-1,-1,-1,-1,-1,-1,-1,-1,1,1,1,1,1,1,1,1,-1,0,0,0,0,0,0,0,[0|0],0,0,0,0,0,0,0,0,0,0,0,0,0,-1,-1,1,0,1,0,0,1,80,0,[0|0],1,1,0,0,0,1,0,0,0,-1,-1,0,0,1,0,0,0,0,0,1,1,1,1,1,1,1,109,110,106,110,106,139,139,139,-1,1,0,1,0,0,0,0,0,0,0,0,0,0,0,0,0,0,0,0,0,0,0,0,0,0,0,0,0,0,0,0,0,0,0,0,0,0,0,0,[0|0|0|0],0,0,0,0,0,0,0,0,0,0,0,0,0,0,0,0,0,0,0,0,0,0,0,0,0,0,0,0,0,0,0,0,0,0,0,0,0,0,0,0,0,0,0,0,0,0,0,0,0,0,0,0,0,0,0,0,0,0,0,0,0,0,0,0,0,0,0,0,0,0,0,0,0,0,0,0,0,0,0,0,0,0,0,0,0,0,0,0,0,0,0,0,0,0,0,0,0,0,[0|0|0|0|0|0|0|0|0|0|0|0|0|0]
5051100,[Guardian] Sunlight Knight (Body) [Model],0,0,[0|0|0],604110,0,69,69,100,0.12,1150,0,200,0,102400,102401,701550,7000,1,-0.4,-1,-1,-1,-1,-1,-1,-1,-1,-1,-1,-1,-1,-1,-1,-1,-1,1,1,1,1,1,1,1,1,-1,5510,0,0,0,0,0,0,[0|0],0,0,0,0,0,0,0,0,112,112,85,59,0,-1,-1,1,0,2,4,1,2,50,0,[0|0],1,0,1,0,0,0,0,0,0,-1,-1,0,0,1,0,0,0,0,0,0.722,0.7125,0.722,0.76,0.729,0.774,0.765,109,50,144,50,144,139,139,139,-1,1,0,0.747,0,0,0,0,0,0,0,0,0,0,0,0,0,0,0,0,0,0,0,0,0,0,0,0,0,0,0,0,0,0,0,0,0,0,0,0,[0|0|0|0],0,85,0,0,0,0,0,0,0,0,0,0,0,0,0,0,0,0,0,0,0,0,0,0,0,0,0,0,0,0,0,0,0,0,0,0,0,0,0,0,0,0,0,0,0,0,0,0,0,0,0,0,0,0,0,0,0,0,0,0,0,0,0,0,0,0,0,0,0,0,0,0,0,0,0,0,0,0,0,0,0,0,0,0,0,0,0,0,0,0,0,0,0,0,0,0,0,0,[0|0|0|0|0|0|0|0|0|0|0|0|0|0]
5051200,[Guardian] Sunlight Knight (Arms),0,0,[0|0|0],706000,0,0,0,0,0,1150,0,200,0,602990,4710,7999010,7000,1.1,0,-1,-1,-1,-1,-1,-1,-1,-1,-1,-1,-1,-1,-1,-1,-1,-1,1,1,1,1,1,1,1,1,-1,0,0,0,0,0,0,0,[0|0],0,0,0,0,0,0,0,0,0,0,0,0,0,-1,-1,1,0,1,0,2,1,70,0,[0|0],1,0,0,1,0,0,0,0,0,-1,-1,0,0,1,0,0,0,0,0,1,1,1,1,1,1,1,109,50,106,50,106,139,139,139,-1,1,0,1,0,0,0,0,0,0,0,0,0,0,0,0,0,0,0,0,0,0,0,0,0,0,0,0,0,0,0,0,0,0,0,0,0,0,0,0,[0|0|0|0],0,0,0,0,0,0,0,0,0,0,0,0,0,0,0,0,0,0,0,0,0,0,0,0,0,0,0,0,0,0,0,0,0,0,0,0,0,0,0,0,0,0,0,0,0,0,0,0,0,0,0,0,0,0,0,0,0,0,0,0,0,0,0,0,0,0,0,0,0,0,0,0,0,0,0,0,0,0,0,0,0,0,0,0,0,0,0,0,0,0,0,0,0,0,0,0,0,0,[0|0|0|0|0|0|0|0|0|0|0|0|0|0]
5051300,[Guardian] Sunlight Knight (Legs),0,0,[0|0|0],806000,0,0,0,0,0,1250,0,200,0,99800,705012,49314,7000,1.1,0,-1,-1,-1,-1,-1,-1,-1,-1,-1,-1,-1,-1,-1,-1,-1,-1,1,1,1,1,1,1,1,1,-1,0,0,0,0,0,0,0,[0|0],0,0,0,0,0,0,0,0,0,0,0,0,0,-1,-1,1,0,1,0,3,1,70,0,[0|0],1,0,0,0,1,0,0,0,0,-1,-1,0,0,1,0,0,0,0,0,1,1,1,1,1,1,1,109,50,106,50,106,139,139,139,111,1,0,1,0,0,0,0,0,0,0,0,0,0,0,0,0,0,0,0,0,0,0,0,0,0,0,0,0,0,0,0,0,0,0,0,0,0,0,0,[0|0|0|0],0,0,0,0,0,0,0,0,0,0,0,0,0,0,0,0,0,0,0,0,0,0,0,0,0,0,0,0,0,0,0,0,0,0,0,0,0,0,0,0,0,0,0,0,0,0,0,0,0,0,0,0,0,0,0,0,0,0,0,0,0,0,0,0,0,0,0,0,0,0,0,0,0,0,0,0,0,0,0,0,0,0,0,0,0,0,0,0,0,0,0,0,0,0,0,0,0,0,[0|0|0|0|0|0|0|0|0|0|0|0|0|0]
5052000,[Ironeye] Ringfinger (Head),0,0,[0|0|0],507000,0,0,0,0,0,1050,0,200,0,-1,-1,-1,7000,1.5,0,-1,-1,-1,-1,-1,-1,-1,-1,-1,-1,-1,-1,-1,-1,-1,-1,1,1,1,1,1,1,1,1,-1,0,0,0,0,0,0,0,[0|0],0,0,0,0,0,0,0,0,0,0,0,0,0,-1,-1,1,0,1,0,0,1,80,0,[0|0],1,1,0,0,0,1,0,0,0,-1,-1,0,0,1,0,0,0,0,0,1,1,1,1,1,1,1,109,110,112,110,112,139,139,139,-1,1,0,1,0,0,0,0,0,0,0,0,0,0,0,0,0,0,0,0,0,0,0,0,0,0,0,0,0,0,0,0,0,0,0,0,0,0,0,0,[0|0|0|0],0,0,0,0,0,0,0,0,0,0,0,0,0,0,0,0,0,0,0,0,0,0,0,0,0,0,0,0,0,0,0,0,0,0,0,0,0,0,0,0,0,0,0,0,0,0,0,0,0,0,0,0,0,0,0,0,0,0,0,0,0,0,0,0,0,0,0,0,0,0,0,0,0,0,0,0,0,0,0,0,0,0,0,0,0,0,0,0,0,0,0,0,0,0,0,0,0,0,[0|0|0|0|0|0|0|0|0|0|0|0|0|0]
5052100,[Ironeye] Ringfinger (Body) [Model],0,0,[0|0|0],604110,0,59,59,100,0.04,1150,0,200,0,102400,102401,702000,7000,1,-0.4,-1,-1,-1,-1,-1,-1,-1,-1,-1,-1,-1,-1,-1,-1,-1,-1,1,1,1,1,1,1,1,1,-1,5520,0,0,0,0,0,0,[0|0],0,0,0,0,0,0,0,0,112,112,85,59,0,-1,-1,1,0,2,4,1,2,50,0,[0|0],1,0,1,0,0,0,0,0,0,-1,-1,0,0,1,0,0,0,0,0,0.81,0.85,0.86,0.85,0.81,0.86,0.8,109,50,108,50,108,139,139,139,-1,1,0,0.83,0,0,0,0,0,0,0,0,0,0,0,0,0,0,0,0,0,0,0,0,0,0,0,0,0,0,0,0,0,0,0,0,0,0,0,0,[0|0|0|0],0,85,0,0,0,0,0,0,0,0,0,0,0,0,0,0,0,0,0,0,0,0,0,0,0,0,0,0,0,0,0,0,0,0,0,0,0,0,0,0,0,0,0,0,0,0,0,0,0,0,0,0,0,0,0,0,0,0,0,0,0,0,0,0,0,0,0,0,0,0,0,0,0,0,0,0,0,0,0,0,0,0,0,0,0,0,0,0,0,0,0,0,0,0,0,0,0,0,[0|0|0|0|0|0|0|0|0|0|0|0|0|0]
5052200,[Ironeye] Ringfinger (Arms),0,0,[0|0|0],706000,0,0,0,0,0,1150,0,200,0,602990,4710,7999020,7000,1.1,0,-1,-1,-1,-1,-1,-1,-1,-1,-1,-1,-1,-1,-1,-1,-1,-1,1,1,1,1,1,1,1,1,-1,0,0,0,0,0,0,0,[0|0],0,0,0,0,0,0,0,0,0,0,0,0,0,-1,-1,1,0,1,0,2,1,70,0,[0|0],1,0,0,1,0,0,0,0,0,-1,-1,0,0,1,0,0,0,0,0,1,1,1,1,1,1,1,109,50,106,50,106,139,139,139,-1,1,0,1,0,0,0,0,0,0,0,0,0,0,0,0,0,0,0,0,0,0,0,0,0,0,0,0,0,0,0,0,0,0,0,0,0,0,0,0,[0|0|0|0],0,0,0,0,0,0,0,0,0,0,0,0,0,0,0,0,0,0,0,0,0,0,0,0,0,0,0,0,0,0,0,0,0,0,0,0,0,0,0,0,0,0,0,0,0,0,0,0,0,0,0,0,0,0,0,0,0,0,0,0,0,0,0,0,0,0,0,0,0,0,0,0,0,0,0,0,0,0,0,0,0,0,0,0,0,0,0,0,0,0,0,0,0,0,0,0,0,0,[0|0|0|0|0|0|0|0|0|0|0|0|0|0]
5052300,[Ironeye] Ringfinger (Legs),0,0,[0|0|0],806000,0,0,0,0,0,1250,0,200,0,99800,705012,49324,7000,1.1,0,-1,-1,-1,-1,-1,-1,-1,-1,-1,-1,-1,-1,-1,-1,-1,-1,1,1,1,1,1,1,1,1,-1,0,0,0,0,0,0,0,[0|0],0,0,0,0,0,0,0,0,0,0,0,0,0,-1,-1,1,0,1,0,3,1,70,0,[0|0],1,0,0,0,1,0,0,0,0,-1,-1,0,0,1,0,0,0,0,0,1,1,1,1,1,1,1,109,50,108,50,108,139,139,139,111,1,0,1,0,0,0,0,0,0,0,0,0,0,0,0,0,0,0,0,0,0,0,0,0,0,0,0,0,0,0,0,0,0,0,0,0,0,0,0,[0|0|0|0],0,0,0,0,0,0,0,0,0,0,0,0,0,0,0,0,0,0,0,0,0,0,0,0,0,0,0,0,0,0,0,0,0,0,0,0,0,0,0,0,0,0,0,0,0,0,0,0,0,0,0,0,0,0,0,0,0,0,0,0,0,0,0,0,0,0,0,0,0,0,0,0,0,0,0,0,0,0,0,0,0,0,0,0,0,0,0,0,0,0,0,0,0,0,0,0,0,0,[0|0|0|0|0|0|0|0|0|0|0|0|0|0]
5053000,[Duchess] Black Leather (Head),0,0,[0|0|0],507000,0,0,0,0,0,1050,0,200,0,-1,-1,-1,7000,1.5,0,-1,-1,-1,-1,-1,-1,-1,-1,-1,-1,-1,-1,-1,-1,-1,-1,1,1,1,1,1,1,1,1,-1,0,0,0,0,0,0,0,[0|0],0,0,0,0,0,0,0,0,0,0,0,0,0,-1,-1,1,0,1,0,0,1,80,0,[0|0],1,1,0,0,0,1,0,0,0,-1,-1,0,0,1,0,0,0,0,0,1,1,1,1,1,1,1,109,110,109,110,139,139,139,139,-1,1,0,1,0,0,0,0,0,0,0,0,0,0,0,0,0,0,0,0,0,0,0,0,0,0,0,0,0,0,0,0,0,0,0,0,0,0,0,0,[0|0|0|0],0,0,0,0,0,0,0,0,0,0,0,0,0,0,0,0,0,0,0,0,0,0,0,0,0,0,0,0,0,0,0,0,0,0,0,0,0,0,0,0,0,0,0,0,0,0,0,0,0,0,0,0,0,0,0,0,0,0,0,0,0,0,0,0,0,0,0,0,0,0,0,0,0,0,0,0,0,0,0,0,0,0,0,0,0,0,0,0,0,0,0,0,0,0,0,0,0,0,[0|0|0|0|0|0|0|0|0|0|0|0|0|0]
5053100,[Duchess] Black Leather (Body) [Model],0,0,[0|0|0],604110,0,69,69,100,0.04,1150,0,200,0,102400,102401,-1,7000,1,-0.4,-1,-1,-1,-1,-1,-1,-1,-1,-1,-1,-1,-1,-1,-1,-1,-1,1,1,1,1,1,1,1,1,-1,5530,0,0,0,0,0,0,[0|0],0,0,0,0,0,0,0,0,102,102,85,59,0,-1,-1,1,0,2,4,1,2,50,0,[0|0],1,0,1,0,0,0,0,0,0,-1,-1,0,0,1,0,0,0,0,0,0.81,0.85,0.86,0.85,0.72,0.78,0.78,109,50,108,50,108,139,139,139,-1,1,0,0.77,0,0,0,0,0,0,0,0,0,0,0,0,0,0,0,0,0,0,0,0,0,0,0,0,0,0,0,0,0,0,0,0,0,0,0,0,[0|0|0|0],0,85,0,0,0,0,0,0,0,0,0,0,0,0,0,0,0,0,0,0,0,0,0,0,0,0,0,0,0,0,0,0,0,0,0,0,0,0,0,0,0,0,0,0,0,0,0,0,0,0,0,0,0,0,0,0,0,0,0,0,0,0,0,0,0,0,0,0,0,0,0,0,0,0,0,0,0,0,0,0,0,0,0,0,0,0,0,0,0,0,0,0,0,0,0,0,0,0,[0|0|0|0|0|0|0|0|0|0|0|0|0|0]
5053200,[Duchess] Black Leather (Arms),0,0,[0|0|0],706000,0,0,0,0,0,1150,0,200,0,602990,4710,7999030,7000,1.1,0,-1,-1,-1,-1,-1,-1,-1,-1,-1,-1,-1,-1,-1,-1,-1,-1,1,1,1,1,1,1,1,1,-1,0,0,0,0,0,0,0,[0|0],0,0,0,0,0,0,0,0,0,0,0,0,0,-1,-1,1,0,1,0,2,1,70,0,[0|0],1,0,0,1,0,0,0,0,0,-1,-1,0,0,1,0,0,0,0,0,1,1,1,1,1,1,1,109,50,108,50,108,139,139,139,-1,1,0,1,0,0,0,0,0,0,0,0,0,0,0,0,0,0,0,0,0,0,0,0,0,0,0,0,0,0,0,0,0,0,0,0,0,0,0,0,[0|0|0|0],0,0,0,0,0,0,0,0,0,0,0,0,0,0,0,0,0,0,0,0,0,0,0,0,0,0,0,0,0,0,0,0,0,0,0,0,0,0,0,0,0,0,0,0,0,0,0,0,0,0,0,0,0,0,0,0,0,0,0,0,0,0,0,0,0,0,0,0,0,0,0,0,0,0,0,0,0,0,0,0,0,0,0,0,0,0,0,0,0,0,0,0,0,0,0,0,0,0,[0|0|0|0|0|0|0|0|0|0|0|0|0|0]
5053300,[Duchess] Black Leather (Legs),0,0,[0|0|0],806000,0,0,0,0,0,1250,0,200,0,99800,705012,49334,7000,1.1,0,-1,-1,-1,-1,-1,-1,-1,-1,-1,-1,-1,-1,-1,-1,-1,-1,1,1,1,1,1,1,1,1,-1,0,0,0,0,0,0,0,[0|0],0,0,0,0,0,0,0,0,0,0,0,0,0,-1,-1,1,0,1,0,3,1,70,0,[0|0],1,0,0,0,1,0,0,0,0,-1,-1,0,0,1,0,0,0,0,0,1,1,1,1,1,1,1,109,50,108,50,108,139,139,139,110,1,0,1,0,0,0,0,0,0,0,0,0,0,0,0,0,0,0,0,0,0,0,0,0,0,0,0,0,0,0,0,0,0,0,0,0,0,0,0,[0|0|0|0],0,0,0,0,0,0,0,0,0,0,0,0,0,0,0,0,0,0,0,0,0,0,0,0,0,0,0,0,0,0,0,0,0,0,0,0,0,0,0,0,0,0,0,0,0,0,0,0,0,0,0,0,0,0,0,0,0,0,0,0,0,0,0,0,0,0,0,0,0,0,0,0,0,0,0,0,0,0,0,0,0,0,0,0,0,0,0,0,0,0,0,0,0,0,0,0,0,0,[0|0|0|0|0|0|0|0|0|0|0|0|0|0]
5054000,[Raider] Rock-like (Head),0,0,[0|0|0],507000,0,0,0,0,0,1050,0,200,0,-1,-1,-1,7000,1.5,0,-1,-1,-1,-1,-1,-1,-1,-1,-1,-1,-1,-1,-1,-1,-1,-1,1,1,1,1,1,1,1,1,-1,0,0,0,0,0,0,0,[0|0],0,0,0,0,0,0,0,0,0,0,0,0,0,-1,-1,1,0,1,0,0,1,80,0,[0|0],1,1,0,0,0,1,0,0,0,-1,-1,0,0,1,0,0,0,0,0,1,1,1,1,1,1,1,109,110,112,110,112,139,139,139,-1,1,0,1,0,0,0,0,0,0,0,0,0,0,0,0,0,0,0,0,0,0,0,0,0,0,0,0,0,0,0,0,0,0,0,0,0,0,0,0,[0|0|0|0],0,0,0,0,0,0,0,0,0,0,0,0,0,0,0,0,0,0,0,0,0,0,0,0,0,0,0,0,0,0,0,0,0,0,0,0,0,0,0,0,0,0,0,0,0,0,0,0,0,0,0,0,0,0,0,0,0,0,0,0,0,0,0,0,0,0,0,0,0,0,0,0,0,0,0,0,0,0,0,0,0,0,0,0,0,0,0,0,0,0,0,0,0,0,0,0,0,0,[0|0|0|0|0|0|0|0|0|0|0|0|0|0]
5054100,[Raider] Rock-like (Body) [Model],0,0,[0|0|0],604110,0,49,49,100,0.12,1150,0,200,0,102400,102401,49344,7000,1,-0.4,-1,-1,-1,-1,-1,-1,-1,-1,-1,-1,-1,-1,-1,-1,-1,-1,1,1,1,1,1,1,1,1,-1,5540,0,0,0,0,0,0,[0|0],0,0,0,0,0,0,0,0,102,102,95,59,0,-1,-1,1,0,2,4,1,2,50,0,[0|0],1,0,1,0,0,0,0,0,0,-1,-1,0,0,1,0,0,0,0,0,0.76,0.75,0.76,0.85,0.86,0.76,0.85,109,50,112,50,112,139,139,139,-1,1,0,0.83,0,0,0,0,0,0,0,0,0,0,0,0,0,0,0,0,0,0,0,0,0,0,0,0,0,0,0,0,0,0,0,0,0,0,0,1,[0|0|0|0],0,95,0,0,0,0,0,0,0,0,0,0,0,0,0,0,0,0,0,0,0,0,0,0,0,0,0,0,0,0,0,0,0,0,0,0,0,0,0,0,0,0,0,0,0,0,0,0,0,0,0,0,0,0,0,0,0,0,0,0,0,0,0,0,0,0,0,0,0,0,0,0,0,0,0,0,0,0,0,0,0,0,0,0,0,0,0,0,0,0,0,0,0,0,0,0,0,0,[0|0|0|0|0|0|0|0|0|0|0|0|0|0]
5054200,[Raider] Rock-like (Arms),0,0,[0|0|0],706000,0,0,0,0,0,1150,0,200,0,602990,4710,7999040,7000,1.1,0,-1,-1,-1,-1,-1,-1,-1,-1,-1,-1,-1,-1,-1,-1,-1,-1,1,1,1,1,1,1,1,1,-1,0,0,0,0,0,0,0,[0|0],0,0,0,0,0,0,0,0,0,0,0,0,0,-1,-1,1,0,1,0,2,1,70,0,[0|0],1,0,0,1,0,0,0,0,0,-1,-1,0,0,1,0,0,0,0,0,1,1,1,1,1,1,1,109,50,112,50,112,139,139,139,-1,1,0,1,0,0,0,0,0,0,0,0,0,0,0,0,0,0,0,0,0,0,0,0,0,0,0,0,0,0,0,0,0,0,0,0,0,0,0,0,[0|0|0|0],0,0,0,0,0,0,0,0,0,0,0,0,0,0,0,0,0,0,0,0,0,0,0,0,0,0,0,0,0,0,0,0,0,0,0,0,0,0,0,0,0,0,0,0,0,0,0,0,0,0,0,0,0,0,0,0,0,0,0,0,0,0,0,0,0,0,0,0,0,0,0,0,0,0,0,0,0,0,0,0,0,0,0,0,0,0,0,0,0,0,0,0,0,0,0,0,0,0,[0|0|0|0|0|0|0|0|0|0|0|0|0|0]
5054300,[Raider] Rock-like (Legs),0,0,[0|0|0],806000,0,0,0,0,0,1250,0,200,0,99800,705012,704300,7000,1.1,0,-1,-1,-1,-1,-1,-1,-1,-1,-1,-1,-1,-1,-1,-1,-1,-1,1,1,1,1,1,1,1,1,-1,0,0,0,0,0,0,0,[0|0],0,0,0,0,0,0,0,0,0,0,0,0,0,-1,-1,1,0,1,0,3,1,70,0,[0|0],1,0,0,0,1,0,0,0,0,-1,-1,0,0,1,0,0,0,0,0,1,1,1,1,1,1,1,109,50,112,50,112,139,139,139,112,1,0,1,0,0,0,0,0,0,0,0,0,0,0,0,0,0,0,0,0,0,0,0,0,0,0,0,0,0,0,0,0,0,0,0,0,0,0,0,[0|0|0|0],0,0,0,0,0,0,0,0,0,0,0,0,0,0,0,0,0,0,0,0,0,0,0,0,0,0,0,0,0,0,0,0,0,0,0,0,0,0,0,0,0,0,0,0,0,0,0,0,0,0,0,0,0,0,0,0,0,0,0,0,0,0,0,0,0,0,0,0,0,0,0,0,0,0,0,0,0,0,0,0,0,0,0,0,0,0,0,0,0,0,0,0,0,0,0,0,0,0,[0|0|0|0|0|0|0|0|0|0|0|0|0|0]
5055000,[Revenant] The Sister in the Painting (Head),0,0,[0|0|0],507000,0,0,0,0,0,1050,0,200,0,-1,-1,-1,7000,1.5,0,-1,-1,-1,-1,-1,-1,-1,-1,-1,-1,-1,-1,-1,-1,-1,-1,1,1,1,1,1,1,1,1,-1,0,0,0,0,0,0,0,[0|0],0,0,0,0,0,0,0,0,0,0,0,0,0,-1,-1,1,0,1,0,0,1,80,0,[0|0],1,1,0,0,0,1,0,0,2,-1,-1,2,0,1,0,0,0,0,0,1,1,1,1,1,1,1,109,110,113,110,180,139,180,139,-1,1,0,1,0,0,0,0,0,0,0,0,0,0,0,0,0,0,0,0,0,0,0,0,0,0,0,0,0,0,0,0,0,0,0,0,0,0,0,0,[0|0|0|0],0,0,0,0,0,0,0,0,0,0,0,0,0,0,0,0,0,0,0,0,0,0,0,0,0,0,0,0,0,0,0,0,0,0,0,0,0,0,0,0,0,0,0,0,0,0,0,0,0,0,0,0,0,0,0,0,0,0,0,0,0,0,0,0,0,0,0,0,0,0,0,0,0,0,0,0,0,0,0,0,0,0,0,0,0,0,0,0,0,0,0,0,0,0,0,0,0,0,[0|0|0|0|0|0|0|0|0|0|0|0|0|0]
5055100,[Revenant] The Sister in the Painting (Body) [Model],0,0,[0|0|0],604110,0,69,69,100,0.04,1150,0,200,0,102400,102401,-1,7000,1,-0.4,-1,-1,-1,-1,-1,-1,-1,-1,-1,-1,-1,-1,-1,-1,-1,-1,1,1,1,1,1,1,1,1,-1,5550,0,0,0,0,0,0,[0|0],0,0,0,0,0,0,0,0,112,112,85,69,0,-1,-1,1,0,2,4,1,2,50,0,[0|0],1,0,1,0,0,0,0,0,2,-1,-1,2,0,1,0,0,0,0,0,0.86,0.9,0.86,0.9,0.72,0.71,0.71,109,50,113,50,180,139,180,139,-1,1,0,0.8,0,0,0,0,0,0,0,0,0,0,0,0,0,0,0,0,0,0,0,0,0,0,0,0,0,0,0,0,0,0,0,0,0,0,0,0,[0|0|0|0],0,85,0,0,0,0,0,0,0,0,0,0,0,0,0,0,0,0,0,0,0,0,0,0,0,0,0,0,0,0,0,0,0,0,0,0,0,0,0,0,0,0,0,0,0,0,0,0,0,0,0,0,0,0,0,0,0,0,0,0,0,0,0,0,0,0,0,0,0,0,0,0,0,0,0,0,0,0,0,0,0,0,0,0,0,0,0,0,0,0,0,0,0,0,0,0,0,0,[0|0|0|0|0|0|0|0|0|0|0|0|0|0]
5055200,[Revenant] The Sister in the Painting (Arms),0,0,[0|0|0],706000,0,0,0,0,0,1150,0,200,0,602990,4710,7999050,7000,1.1,0,-1,-1,-1,-1,-1,-1,-1,-1,-1,-1,-1,-1,-1,-1,-1,-1,1,1,1,1,1,1,1,1,-1,0,0,0,0,0,0,0,[0|0],0,0,0,0,0,0,0,0,0,0,0,0,0,-1,-1,1,0,1,0,2,1,70,0,[0|0],1,0,0,1,0,0,0,0,2,-1,-1,2,0,1,0,0,0,0,0,1,1,1,1,1,1,1,109,50,113,50,180,139,180,139,-1,1,0,1,0,0,0,0,0,0,0,0,0,0,0,0,0,0,0,0,0,0,0,0,0,0,0,0,0,0,0,0,0,0,0,0,0,0,0,0,[0|0|0|0],0,0,0,0,0,0,0,0,0,0,0,0,0,0,0,0,0,0,0,0,0,0,0,0,0,0,0,0,0,0,0,0,0,0,0,0,0,0,0,0,0,0,0,0,0,0,0,0,0,0,0,0,0,0,0,0,0,0,0,0,0,0,0,0,0,0,0,0,0,0,0,0,0,0,0,0,0,0,0,0,0,0,0,0,0,0,0,0,0,0,0,0,0,0,0,0,0,0,[0|0|0|0|0|0|0|0|0|0|0|0|0|0]
5055300,[Revenant] The Sister in the Painting (Legs),0,0,[0|0|0],806000,0,0,0,0,0,1250,0,200,0,99800,705012,49354,7000,1.1,0,-1,-1,-1,-1,-1,-1,-1,-1,-1,-1,-1,-1,-1,-1,-1,-1,1,1,1,1,1,1,1,1,-1,0,0,0,0,0,0,0,[0|0],0,0,0,0,0,0,0,0,0,0,0,0,0,-1,-1,1,0,1,0,3,1,70,0,[0|0],1,0,0,0,1,0,0,0,2,-1,-1,2,0,1,0,0,0,0,0,1,1,1,1,1,1,1,109,50,113,50,180,139,180,139,100,1,0,1,0,0,0,0,0,0,0,0,0,0,0,0,0,0,0,0,0,0,0,0,0,0,0,0,0,0,0,0,0,0,0,0,0,0,0,0,[0|0|0|0],0,0,0,0,0,0,0,0,0,0,0,0,0,0,0,0,0,0,0,0,0,0,0,0,0,0,0,0,0,0,0,0,0,0,0,0,0,0,0,0,0,0,0,0,0,0,0,0,0,0,0,0,0,0,0,0,0,0,0,0,0,0,0,0,0,0,0,0,0,0,0,0,0,0,0,0,0,0,0,0,0,0,0,0,0,0,0,0,0,0,0,0,0,0,0,0,0,0,[0|0|0|0|0|0|0|0|0|0|0|0|0|0]
5056000,[Recluse] Heretic Sorcerer (Head),0,0,[0|0|0],507000,0,0,0,0,0,1050,0,200,0,-1,-1,-1,7000,1.5,0,-1,-1,-1,-1,-1,-1,-1,-1,-1,-1,-1,-1,-1,-1,-1,-1,1,1,1,1,1,1,1,1,-1,0,0,0,0,0,0,0,[0|0],0,0,0,0,0,0,0,0,0,0,0,0,0,-1,-1,1,0,1,0,0,1,80,0,[0|0],1,1,0,0,0,1,0,0,0,-1,-1,0,0,1,0,0,0,0,0,1,1,1,1,1,1,1,109,110,108,110,108,139,139,139,-1,1,0,1,0,0,0,0,0,0,0,0,0,0,0,0,0,0,0,0,0,0,0,0,0,0,0,0,0,0,0,0,0,0,0,0,0,0,0,0,[0|0|0|0],0,0,0,0,0,0,0,0,0,0,0,0,0,0,0,0,0,0,0,0,0,0,0,0,0,0,0,0,0,0,0,0,0,0,0,0,0,0,0,0,0,0,0,0,0,0,0,0,0,0,0,0,0,0,0,0,0,0,0,0,0,0,0,0,0,0,0,0,0,0,0,0,0,0,0,0,0,0,0,0,0,0,0,0,0,0,0,0,0,0,0,0,0,0,0,0,0,0,[0|0|0|0|0|0|0|0|0|0|0|0|0|0]
5056100,[Recluse] Heretic Sorcerer (Body) [Model],0,0,[0|0|0],604110,0,69,69,100,0.04,1150,0,200,0,102400,102401,-1,7000,1,-0.4,-1,-1,-1,-1,-1,-1,-1,-1,-1,-1,-1,-1,-1,-1,-1,-1,1,1,1,1,1,1,1,1,-1,5560,0,0,0,0,0,0,[0|0],0,0,0,0,0,0,0,0,112,112,85,59,0,-1,-1,1,0,2,4,1,2,50,0,[0|0],1,0,1,0,0,0,0,0,0,-1,-1,0,0,1,0,0,0,0,0,0.86,0.9,0.86,0.9,0.71,0.76,0.75,109,50,108,50,108,139,139,139,-1,1,0,0.75,0,0,0,0,0,0,0,0,0,0,0,0,0,0,0,0,0,0,0,0,0,0,0,0,0,0,0,0,0,0,0,0,0,0,0,0,[0|0|0|0],0,85,0,0,0,0,0,0,0,0,0,0,0,0,0,0,0,0,0,0,0,0,0,0,0,0,0,0,0,0,0,0,0,0,0,0,0,0,0,0,0,0,0,0,0,0,0,0,0,0,0,0,0,0,0,0,0,0,0,0,0,0,0,0,0,0,0,0,0,0,0,0,0,0,0,0,0,0,0,0,0,0,0,0,0,0,0,0,0,0,0,0,0,0,0,0,0,0,[0|0|0|0|0|0|0|0|0|0|0|0|0|0]
5056200,[Recluse] Heretic Sorcerer (Arms),0,0,[0|0|0],706000,0,0,0,0,0,1150,0,200,0,602990,4710,7999060,7000,1.1,0,-1,-1,-1,-1,-1,-1,-1,-1,-1,-1,-1,-1,-1,-1,-1,-1,1,1,1,1,1,1,1,1,-1,0,0,0,0,0,0,0,[0|0],0,0,0,0,0,0,0,0,0,0,0,0,0,-1,-1,1,0,1,0,2,1,70,0,[0|0],1,0,0,1,0,0,0,0,0,-1,-1,0,0,1,0,0,0,0,0,1,1,1,1,1,1,1,109,50,108,50,108,139,139,139,-1,1,0,1,0,0,0,0,0,0,0,0,0,0,0,0,0,0,0,0,0,0,0,0,0,0,0,0,0,0,0,0,0,0,0,0,0,0,0,0,[0|0|0|0],0,0,0,0,0,0,0,0,0,0,0,0,0,0,0,0,0,0,0,0,0,0,0,0,0,0,0,0,0,0,0,0,0,0,0,0,0,0,0,0,0,0,0,0,0,0,0,0,0,0,0,0,0,0,0,0,0,0,0,0,0,0,0,0,0,0,0,0,0,0,0,0,0,0,0,0,0,0,0,0,0,0,0,0,0,0,0,0,0,0,0,0,0,0,0,0,0,0,[0|0|0|0|0|0|0|0|0|0|0|0|0|0]
5056300,[Recluse] Heretic Sorcerer (Legs),0,0,[0|0|0],806000,0,0,0,0,0,1250,0,200,0,99800,705012,49364,7000,1.1,0,-1,-1,-1,-1,-1,-1,-1,-1,-1,-1,-1,-1,-1,-1,-1,-1,1,1,1,1,1,1,1,1,-1,0,0,0,0,0,0,0,[0|0],0,0,0,0,0,0,0,0,0,0,0,0,0,-1,-1,1,0,1,0,3,1,70,0,[0|0],1,0,0,0,1,0,0,0,0,-1,-1,0,0,1,0,0,0,0,0,1,1,1,1,1,1,1,109,50,108,50,108,139,139,139,110,1,0,1,0,0,0,0,0,0,0,0,0,0,0,0,0,0,0,0,0,0,0,0,0,0,0,0,0,0,0,0,0,0,0,0,0,0,0,0,[0|0|0|0],0,0,0,0,0,0,0,0,0,0,0,0,0,0,0,0,0,0,0,0,0,0,0,0,0,0,0,0,0,0,0,0,0,0,0,0,0,0,0,0,0,0,0,0,0,0,0,0,0,0,0,0,0,0,0,0,0,0,0,0,0,0,0,0,0,0,0,0,0,0,0,0,0,0,0,0,0,0,0,0,0,0,0,0,0,0,0,0,0,0,0,0,0,0,0,0,0,0,[0|0|0|0|0|0|0|0|0|0|0|0|0|0]
5057000,[Executor] Thorns (Head),0,0,[0|0|0],507000,0,0,0,0,0,1050,0,200,0,-1,-1,-1,7000,1.5,0,-1,-1,-1,-1,-1,-1,-1,-1,-1,-1,-1,-1,-1,-1,-1,-1,1,1,1,1,1,1,1,1,-1,0,0,0,0,0,0,0,[0|0],0,0,0,0,0,0,0,0,0,0,0,0,0,-1,-1,1,0,1,0,0,1,80,0,[0|0],1,1,0,0,0,1,0,0,0,-1,-1,0,0,1,0,0,0,0,0,1,1,1,1,1,1,1,109,110,106,110,106,139,139,139,-1,1,0,1,0,0,0,0,0,0,0,0,0,0,0,0,0,0,0,0,0,0,0,0,0,0,0,0,0,0,0,0,0,0,0,0,0,0,0,0,[0|0|0|0],0,0,0,0,0,0,0,0,0,0,0,0,0,0,0,0,0,0,0,0,0,0,0,0,0,0,0,0,0,0,0,0,0,0,0,0,0,0,0,0,0,0,0,0,0,0,0,0,0,0,0,0,0,0,0,0,0,0,0,0,0,0,0,0,0,0,0,0,0,0,0,0,0,0,0,0,0,0,0,0,0,0,0,0,0,0,0,0,0,0,0,0,0,0,0,0,0,0,[0|0|0|0|0|0|0|0|0|0|0|0|0|0]
5057100,[Executor] Thorns (Body) [Model],0,0,[0|0|0],604110,0,49,49,100,0.04,1150,0,200,0,102400,102401,49374,7000,1,-0.4,-1,-1,-1,-1,-1,-1,-1,-1,-1,-1,-1,-1,-1,-1,-1,-1,1,1,1,1,1,1,1,1,-1,5570,0,0,0,0,0,0,[0|0],0,0,0,0,0,0,0,0,92,92,105,69,0,-1,-1,1,0,2,4,1,2,50,0,[0|0],1,0,1,0,0,0,0,0,0,-1,-1,0,0,1,0,0,0,0,0,0.76,0.75,0.76,0.8,0.86,0.81,0.85,109,50,106,50,106,139,139,139,-1,1,0,0.78,0,0,0,0,0,0,0,0,0,0,0,0,0,0,0,0,0,0,0,0,0,0,0,0,0,0,0,0,0,0,0,0,0,0,0,0,[0|0|0|0],0,105,0,0,0,0,0,0,0,0,0,0,0,0,0,0,0,0,0,0,0,0,0,0,0,0,0,0,0,0,0,0,0,0,0,0,0,0,0,0,0,0,0,0,0,0,0,0,0,0,0,0,0,0,0,0,0,0,0,0,0,0,0,0,0,0,0,0,0,0,0,0,0,0,0,0,0,0,0,0,0,0,0,0,0,0,0,0,0,0,0,0,0,0,0,0,0,0,[0|0|0|0|0|0|0|0|0|0|0|0|0|0]
5057200,[Executor] Thorns (Arms),0,0,[0|0|0],706000,0,0,0,0,0,1150,0,200,0,602990,4710,7999071,7000,1.1,0,-1,-1,-1,-1,-1,-1,-1,-1,-1,-1,-1,-1,-1,-1,-1,-1,1,1,1,1,1,1,1,1,-1,0,0,0,0,0,0,0,[0|0],0,0,0,0,0,0,0,0,0,0,0,0,0,-1,-1,1,0,1,0,2,1,70,0,[0|0],1,0,0,1,0,0,0,0,0,-1,-1,0,0,1,0,0,0,0,0,1,1,1,1,1,1,1,109,50,106,50,106,139,139,139,-1,1,0,1,0,0,0,0,0,0,0,0,0,0,0,0,0,0,0,0,0,0,0,0,0,0,0,0,0,0,0,0,0,0,0,0,0,0,0,0,[0|0|0|0],0,0,0,0,0,0,0,0,0,0,0,0,0,0,0,0,0,0,0,0,0,0,0,0,0,0,0,0,0,0,0,0,0,0,0,0,0,0,0,0,0,0,0,0,0,0,0,0,0,0,0,0,0,0,0,0,0,0,0,0,0,0,0,0,0,0,0,0,0,0,0,0,0,0,0,0,0,0,0,0,0,0,0,0,0,0,0,0,0,0,0,0,0,0,0,0,0,0,[0|0|0|0|0|0|0|0|0|0|0|0|0|0]
5057300,[Executor] Thorns (Legs),0,0,[0|0|0],806000,0,0,0,0,0,1250,0,200,0,99800,705012,707050,7000,1.1,0,-1,-1,-1,-1,-1,-1,-1,-1,-1,-1,-1,-1,-1,-1,-1,-1,1,1,1,1,1,1,1,1,-1,0,0,0,0,0,0,0,[0|0],0,0,0,0,0,0,0,0,0,0,0,0,0,-1,-1,1,0,1,0,3,1,70,0,[0|0],1,0,0,0,1,0,0,0,0,-1,-1,0,0,1,0,0,0,0,0,1,1,1,1,1,1,1,109,50,106,50,106,139,139,139,111,1,0,1,0,0,0,0,0,0,0,0,0,0,0,0,0,0,0,0,0,0,0,0,0,0,0,0,0,0,0,0,0,0,0,0,0,0,0,0,[0|0|0|0],0,0,0,0,0,0,0,0,0,0,0,0,0,0,0,0,0,0,0,0,0,0,0,0,0,0,0,0,0,0,0,0,0,0,0,0,0,0,0,0,0,0,0,0,0,0,0,0,0,0,0,0,0,0,0,0,0,0,0,0,0,0,0,0,0,0,0,0,0,0,0,0,0,0,0,0,0,0,0,0,0,0,0,0,0,0,0,0,0,0,0,0,0,0,0,0,0,0,[0|0|0|0|0|0|0|0|0|0|0|0|0|0]
5060000,[Wylder] Lion Knight (Head),0,0,[0|0|0],507000,0,0,0,0,0,1050,0,200,0,-1,-1,-1,7000,1.5,0,-1,-1,-1,-1,-1,-1,-1,-1,-1,-1,-1,-1,-1,-1,-1,-1,1,1,1,1,1,1,1,1,-1,0,0,0,0,0,0,0,[0|0],0,0,0,0,0,0,0,0,0,0,0,0,0,-1,-1,1,0,1,0,0,1,80,0,[0|0],1,1,0,0,0,1,0,0,0,-1,-1,0,0,1,0,0,0,0,0,1,1,1,1,1,1,1,109,110,106,110,106,139,139,139,-1,1,0,1,0,0,0,0,0,0,0,0,0,0,0,0,0,0,0,0,0,0,0,0,0,0,0,0,0,0,0,0,0,0,0,0,0,0,0,0,[0|0|0|0],0,0,0,0,0,0,0,0,0,0,0,0,0,0,0,0,0,0,0,0,0,0,0,0,0,0,0,0,0,0,0,0,0,0,0,0,0,0,0,0,0,0,0,0,0,0,0,0,0,0,0,0,0,0,0,0,0,0,0,0,0,0,0,0,0,0,0,0,0,0,0,0,0,0,0,0,0,0,0,0,0,0,0,0,0,0,0,0,0,0,0,0,0,0,0,0,0,0,[0|0|0|0|0|0|0|0|0|0|0|0|0|0]
5060100,[Wylder] Lion Knight (Body) [Model],0,0,[0|0|0],604110,0,59,59,100,0.04,1150,0,200,0,102400,102401,-1,7000,1,-0.4,-1,-1,-1,-1,-1,-1,-1,-1,-1,-1,-1,-1,-1,-1,-1,-1,1,1,1,1,1,1,1,1,-1,5600,0,0,0,0,0,0,[0|0],0,0,0,0,0,0,0,0,102,102,95,59,0,-1,-1,1,0,2,4,1,2,50,0,[0|0],1,0,1,0,0,0,0,0,0,-1,-1,0,0,1,0,0,0,0,0,0.81,0.8,0.81,0.8,0.81,0.81,0.8,109,50,106,50,106,139,139,139,-1,1,0,0.83,0,0,0,0,0,0,0,0,0,0,0,0,0,0,0,0,0,0,0,0,0,0,0,0,0,0,0,0,0,0,0,0,0,0,0,0,[0|0|0|0],0,95,0,0,0,0,0,0,0,0,0,0,0,0,0,0,0,0,0,0,0,0,0,0,0,0,0,0,0,0,0,0,0,0,0,0,0,0,0,0,0,0,0,0,0,0,0,0,0,0,0,0,0,0,0,0,0,0,0,0,0,0,0,0,0,0,0,0,0,0,0,0,0,0,0,0,0,0,0,0,0,0,0,0,0,0,0,0,0,0,0,0,0,0,0,0,0,0,[0|0|0|0|0|0|0|0|0|0|0|0|0|0]
5060200,[Wylder] Lion Knight (Arms),0,0,[0|0|0],706000,0,0,0,0,0,1150,0,200,0,602990,4710,7999000,7000,1.1,0,-1,-1,-1,-1,-1,-1,-1,-1,-1,-1,-1,-1,-1,-1,-1,-1,1,1,1,1,1,1,1,1,-1,0,0,0,0,0,0,0,[0|0],0,0,0,0,0,0,0,0,0,0,0,0,0,-1,-1,1,0,1,0,2,1,70,0,[0|0],1,0,0,1,0,0,0,0,0,-1,-1,0,0,1,0,0,0,0,0,1,1,1,1,1,1,1,109,50,106,50,106,139,139,139,-1,1,0,1,0,0,0,0,0,0,0,0,0,0,0,0,0,0,0,0,0,0,0,0,0,0,0,0,0,0,0,0,0,0,0,0,0,0,0,0,[0|0|0|0],0,0,0,0,0,0,0,0,0,0,0,0,0,0,0,0,0,0,0,0,0,0,0,0,0,0,0,0,0,0,0,0,0,0,0,0,0,0,0,0,0,0,0,0,0,0,0,0,0,0,0,0,0,0,0,0,0,0,0,0,0,0,0,0,0,0,0,0,0,0,0,0,0,0,0,0,0,0,0,0,0,0,0,0,0,0,0,0,0,0,0,0,0,0,0,0,0,0,[0|0|0|0|0|0|0|0|0|0|0|0|0|0]
5060300,[Wylder] Lion Knight (Legs),0,0,[0|0|0],806000,0,0,0,0,0,1250,0,200,0,99800,705012,49305,7000,1.1,0,-1,-1,-1,-1,-1,-1,-1,-1,-1,-1,-1,-1,-1,-1,-1,-1,1,1,1,1,1,1,1,1,-1,0,0,0,0,0,0,0,[0|0],0,0,0,0,0,0,0,0,0,0,0,0,0,-1,-1,1,0,1,0,3,1,70,0,[0|0],1,0,0,0,1,0,0,0,0,-1,-1,0,0,1,0,0,0,0,0,1,1,1,1,1,1,1,109,50,108,50,108,139,139,139,111,1,0,1,0,0,0,0,0,0,0,0,0,0,0,0,0,0,0,0,0,0,0,0,0,0,0,0,0,0,0,0,0,0,0,0,0,0,0,0,[0|0|0|0],0,0,0,0,0,0,0,0,0,0,0,0,0,0,0,0,0,0,0,0,0,0,0,0,0,0,0,0,0,0,0,0,0,0,0,0,0,0,0,0,0,0,0,0,0,0,0,0,0,0,0,0,0,0,0,0,0,0,0,0,0,0,0,0,0,0,0,0,0,0,0,0,0,0,0,0,0,0,0,0,0,0,0,0,0,0,0,0,0,0,0,0,0,0,0,0,0,0,[0|0|0|0|0|0|0|0|0|0|0|0|0|0]
5061000,[Guardian] Wayfarer (Head),0,0,[0|0|0],507000,0,0,0,0,0,1050,0,200,0,-1,-1,-1,7000,1.5,0,-1,-1,-1,-1,-1,-1,-1,-1,-1,-1,-1,-1,-1,-1,-1,-1,1,1,1,1,1,1,1,1,-1,0,0,0,0,0,0,0,[0|0],0,0,0,0,0,0,0,0,0,0,0,0,0,-1,-1,1,0,1,0,0,1,80,0,[0|0],1,1,0,0,0,1,0,0,0,-1,-1,0,0,1,0,0,0,0,0,1,1,1,1,1,1,1,109,110,106,110,106,139,139,139,-1,1,0,1,0,0,0,0,0,0,0,0,0,0,0,0,0,0,0,0,0,0,0,0,0,0,0,0,0,0,0,0,0,0,0,0,0,0,0,0,[0|0|0|0],0,0,0,0,0,0,0,0,0,0,0,0,0,0,0,0,0,0,0,0,0,0,0,0,0,0,0,0,0,0,0,0,0,0,0,0,0,0,0,0,0,0,0,0,0,0,0,0,0,0,0,0,0,0,0,0,0,0,0,0,0,0,0,0,0,0,0,0,0,0,0,0,0,0,0,0,0,0,0,0,0,0,0,0,0,0,0,0,0,0,0,0,0,0,0,0,0,0,[0|0|0|0|0|0|0|0|0|0|0|0|0|0]
5061100,[Guardian] Wayfarer (Body) [Model],0,0,[0|0|0],604110,0,69,69,100,0.12,1150,0,200,0,102400,102401,701550,7000,1,-0.4,-1,-1,-1,-1,-1,-1,-1,-1,-1,-1,-1,-1,-1,-1,-1,-1,1,1,1,1,1,1,1,1,-1,5610,0,0,0,0,0,0,[0|0],0,0,0,0,0,0,0,0,112,112,85,59,0,-1,-1,1,0,2,4,1,2,50,0,[0|0],1,0,1,0,0,0,0,0,0,-1,-1,0,0,1,0,0,0,0,0,0.722,0.7125,0.722,0.76,0.729,0.774,0.765,109,50,106,50,106,139,139,139,-1,1,0,0.747,0,0,0,0,0,0,0,0,0,0,0,0,0,0,0,0,0,0,0,0,0,0,0,0,0,0,0,0,0,0,0,0,0,0,0,0,[0|0|0|0],0,85,0,0,0,0,0,0,0,0,0,0,0,0,0,0,0,0,0,0,0,0,0,0,0,0,0,0,0,0,0,0,0,0,0,0,0,0,0,0,0,0,0,0,0,0,0,0,0,0,0,0,0,0,0,0,0,0,0,0,0,0,0,0,0,0,0,0,0,0,0,0,0,0,0,0,0,0,0,0,0,0,0,0,0,0,0,0,0,0,0,0,0,0,0,0,0,0,[0|0|0|0|0|0|0|0|0|0|0|0|0|0]
5061200,[Guardian] Wayfarer (Arms),0,0,[0|0|0],706000,0,0,0,0,0,1150,0,200,0,602990,4710,7999010,7000,1.1,0,-1,-1,-1,-1,-1,-1,-1,-1,-1,-1,-1,-1,-1,-1,-1,-1,1,1,1,1,1,1,1,1,-1,0,0,0,0,0,0,0,[0|0],0,0,0,0,0,0,0,0,0,0,0,0,0,-1,-1,1,0,1,0,2,1,70,0,[0|0],1,0,0,1,0,0,0,0,0,-1,-1,0,0,1,0,0,0,0,0,1,1,1,1,1,1,1,109,50,106,50,106,139,139,139,-1,1,0,1,0,0,0,0,0,0,0,0,0,0,0,0,0,0,0,0,0,0,0,0,0,0,0,0,0,0,0,0,0,0,0,0,0,0,0,0,[0|0|0|0],0,0,0,0,0,0,0,0,0,0,0,0,0,0,0,0,0,0,0,0,0,0,0,0,0,0,0,0,0,0,0,0,0,0,0,0,0,0,0,0,0,0,0,0,0,0,0,0,0,0,0,0,0,0,0,0,0,0,0,0,0,0,0,0,0,0,0,0,0,0,0,0,0,0,0,0,0,0,0,0,0,0,0,0,0,0,0,0,0,0,0,0,0,0,0,0,0,0,[0|0|0|0|0|0|0|0|0|0|0|0|0|0]
5061300,[Guardian] Wayfarer (Legs),0,0,[0|0|0],806000,0,0,0,0,0,1250,0,200,0,99800,705012,49315,7000,1.1,0,-1,-1,-1,-1,-1,-1,-1,-1,-1,-1,-1,-1,-1,-1,-1,-1,1,1,1,1,1,1,1,1,-1,0,0,0,0,0,0,0,[0|0],0,0,0,0,0,0,0,0,0,0,0,0,0,-1,-1,1,0,1,0,3,1,70,0,[0|0],1,0,0,0,1,0,0,0,0,-1,-1,0,0,1,0,0,0,0,0,1,1,1,1,1,1,1,109,50,106,50,106,139,139,139,111,1,0,1,0,0,0,0,0,0,0,0,0,0,0,0,0,0,0,0,0,0,0,0,0,0,0,0,0,0,0,0,0,0,0,0,0,0,0,0,[0|0|0|0],0,0,0,0,0,0,0,0,0,0,0,0,0,0,0,0,0,0,0,0,0,0,0,0,0,0,0,0,0,0,0,0,0,0,0,0,0,0,0,0,0,0,0,0,0,0,0,0,0,0,0,0,0,0,0,0,0,0,0,0,0,0,0,0,0,0,0,0,0,0,0,0,0,0,0,0,0,0,0,0,0,0,0,0,0,0,0,0,0,0,0,0,0,0,0,0,0,0,[0|0|0|0|0|0|0|0|0|0|0|0|0|0]
5062000,[Ironeye] Sellsword (Head),0,0,[0|0|0],507000,0,0,0,0,0,1050,0,200,0,-1,-1,-1,7000,1.5,0,-1,-1,-1,-1,-1,-1,-1,-1,-1,-1,-1,-1,-1,-1,-1,-1,1,1,1,1,1,1,1,1,-1,0,0,0,0,0,0,0,[0|0],0,0,0,0,0,0,0,0,0,0,0,0,0,-1,-1,1,0,1,0,0,1,80,0,[0|0],1,1,0,0,0,1,0,0,0,-1,-1,0,0,1,0,0,0,0,0,1,1,1,1,1,1,1,109,110,108,110,108,139,139,139,-1,1,0,1,0,0,0,0,0,0,0,0,0,0,0,0,0,0,0,0,0,0,0,0,0,0,0,0,0,0,0,0,0,0,0,0,0,0,0,0,[0|0|0|0],0,0,0,0,0,0,0,0,0,0,0,0,0,0,0,0,0,0,0,0,0,0,0,0,0,0,0,0,0,0,0,0,0,0,0,0,0,0,0,0,0,0,0,0,0,0,0,0,0,0,0,0,0,0,0,0,0,0,0,0,0,0,0,0,0,0,0,0,0,0,0,0,0,0,0,0,0,0,0,0,0,0,0,0,0,0,0,0,0,0,0,0,0,0,0,0,0,0,[0|0|0|0|0|0|0|0|0|0|0|0|0|0]
5062100,[Ironeye] Sellsword (Body) [Model],0,0,[0|0|0],604110,0,59,59,100,0.04,1150,0,200,0,102400,102401,702000,7000,1,-0.4,-1,-1,-1,-1,-1,-1,-1,-1,-1,-1,-1,-1,-1,-1,-1,-1,1,1,1,1,1,1,1,1,-1,5620,0,0,0,0,0,0,[0|0],0,0,0,0,0,0,0,0,112,112,85,59,0,-1,-1,1,0,2,4,1,2,50,0,[0|0],1,0,1,0,0,0,0,0,0,-1,-1,0,0,1,0,0,0,0,0,0.81,0.85,0.86,0.85,0.81,0.86,0.8,109,50,108,50,108,139,139,139,-1,1,0,0.83,0,0,0,0,0,0,0,0,0,0,0,0,0,0,0,0,0,0,0,0,0,0,0,0,0,0,0,0,0,0,0,0,0,0,0,0,[0|0|0|0],0,85,0,0,0,0,0,0,0,0,0,0,0,0,0,0,0,0,0,0,0,0,0,0,0,0,0,0,0,0,0,0,0,0,0,0,0,0,0,0,0,0,0,0,0,0,0,0,0,0,0,0,0,0,0,0,0,0,0,0,0,0,0,0,0,0,0,0,0,0,0,0,0,0,0,0,0,0,0,0,0,0,0,0,0,0,0,0,0,0,0,0,0,0,0,0,0,0,[0|0|0|0|0|0|0|0|0|0|0|0|0|0]
5062200,[Ironeye] Sellsword (Arms),0,0,[0|0|0],706000,0,0,0,0,0,1150,0,200,0,602990,4710,7999020,7000,1.1,0,-1,-1,-1,-1,-1,-1,-1,-1,-1,-1,-1,-1,-1,-1,-1,-1,1,1,1,1,1,1,1,1,-1,0,0,0,0,0,0,0,[0|0],0,0,0,0,0,0,0,0,0,0,0,0,0,-1,-1,1,0,1,0,2,1,70,0,[0|0],1,0,0,1,0,0,0,0,0,-1,-1,0,0,1,0,0,0,0,0,1,1,1,1,1,1,1,109,50,108,50,108,139,139,139,-1,1,0,1,0,0,0,0,0,0,0,0,0,0,0,0,0,0,0,0,0,0,0,0,0,0,0,0,0,0,0,0,0,0,0,0,0,0,0,0,[0|0|0|0],0,0,0,0,0,0,0,0,0,0,0,0,0,0,0,0,0,0,0,0,0,0,0,0,0,0,0,0,0,0,0,0,0,0,0,0,0,0,0,0,0,0,0,0,0,0,0,0,0,0,0,0,0,0,0,0,0,0,0,0,0,0,0,0,0,0,0,0,0,0,0,0,0,0,0,0,0,0,0,0,0,0,0,0,0,0,0,0,0,0,0,0,0,0,0,0,0,0,[0|0|0|0|0|0|0|0|0|0|0|0|0|0]
5062300,[Ironeye] Sellsword (Legs),0,0,[0|0|0],806000,0,0,0,0,0,1250,0,200,0,99800,705012,49325,7000,1.1,0,-1,-1,-1,-1,-1,-1,-1,-1,-1,-1,-1,-1,-1,-1,-1,-1,1,1,1,1,1,1,1,1,-1,0,0,0,0,0,0,0,[0|0],0,0,0,0,0,0,0,0,0,0,0,0,0,-1,-1,1,0,1,0,3,1,70,0,[0|0],1,0,0,0,1,0,0,0,0,-1,-1,0,0,1,0,0,0,0,0,1,1,1,1,1,1,1,109,50,108,50,108,139,139,139,111,1,0,1,0,0,0,0,0,0,0,0,0,0,0,0,0,0,0,0,0,0,0,0,0,0,0,0,0,0,0,0,0,0,0,0,0,0,0,0,[0|0|0|0],0,0,0,0,0,0,0,0,0,0,0,0,0,0,0,0,0,0,0,0,0,0,0,0,0,0,0,0,0,0,0,0,0,0,0,0,0,0,0,0,0,0,0,0,0,0,0,0,0,0,0,0,0,0,0,0,0,0,0,0,0,0,0,0,0,0,0,0,0,0,0,0,0,0,0,0,0,0,0,0,0,0,0,0,0,0,0,0,0,0,0,0,0,0,0,0,0,0,[0|0|0|0|0|0|0|0|0|0|0|0|0|0]
5063000,[Duchess] Wraith (Head),0,0,[0|0|0],507000,0,0,0,0,0,1050,0,200,0,-1,-1,-1,7000,1.5,0,-1,-1,-1,-1,-1,-1,-1,-1,-1,-1,-1,-1,-1,-1,-1,-1,1,1,1,1,1,1,1,1,-1,0,0,0,0,0,0,0,[0|0],0,0,0,0,0,0,0,0,0,0,0,0,0,-1,-1,1,0,1,0,0,1,80,0,[0|0],1,1,0,0,0,1,0,0,0,-1,-1,0,0,1,0,0,0,0,0,1,1,1,1,1,1,1,109,110,106,110,106,139,139,139,-1,1,0,1,0,0,0,0,0,0,0,0,0,0,0,0,0,0,0,0,0,0,0,0,0,0,0,0,0,0,0,0,0,0,0,0,0,0,0,0,[0|0|0|0],0,0,0,0,0,0,0,0,0,0,0,0,0,0,0,0,0,0,0,0,0,0,0,0,0,0,0,0,0,0,0,0,0,0,0,0,0,0,0,0,0,0,0,0,0,0,0,0,0,0,0,0,0,0,0,0,0,0,0,0,0,0,0,0,0,0,0,0,0,0,0,0,0,0,0,0,0,0,0,0,0,0,0,0,0,0,0,0,0,0,0,0,0,0,0,0,0,0,[0|0|0|0|0|0|0|0|0|0|0|0|0|0]
5063100,[Duchess] Wraith (Body) [Model],0,0,[0|0|0],604110,0,69,69,100,0.04,1150,0,200,0,102400,102401,-1,7000,1,-0.4,-1,-1,-1,-1,-1,-1,-1,-1,-1,-1,-1,-1,-1,-1,-1,-1,1,1,1,1,1,1,1,1,-1,5670,0,0,0,0,0,0,[0|0],0,0,0,0,0,0,0,0,102,102,85,59,0,-1,-1,1,0,2,4,1,2,50,0,[0|0],1,0,1,0,0,0,0,0,0,-1,-1,0,0,1,0,0,0,0,0,0.81,0.85,0.86,0.85,0.72,0.78,0.78,109,50,106,50,106,139,139,139,-1,1,0,0.77,0,0,0,0,0,0,0,0,0,0,0,0,0,0,0,0,0,0,0,0,0,0,0,0,0,0,0,0,0,0,0,0,0,0,0,0,[0|0|0|0],0,85,0,0,0,0,0,0,0,0,0,0,0,0,0,0,0,0,0,0,0,0,0,0,0,0,0,0,0,0,0,0,0,0,0,0,0,0,0,0,0,0,0,0,0,0,0,0,0,0,0,0,0,0,0,0,0,0,0,0,0,0,0,0,0,0,0,0,0,0,0,0,0,0,0,0,0,0,0,0,0,0,0,0,0,0,0,0,0,0,0,0,0,0,0,0,0,0,[0|0|0|0|0|0|0|0|0|0|0|0|0|0]
5063200,[Duchess] Wraith (Arms),0,0,[0|0|0],706000,0,0,0,0,0,1150,0,200,0,602990,4710,7999030,7000,1.1,0,-1,-1,-1,-1,-1,-1,-1,-1,-1,-1,-1,-1,-1,-1,-1,-1,1,1,1,1,1,1,1,1,-1,0,0,0,0,0,0,0,[0|0],0,0,0,0,0,0,0,0,0,0,0,0,0,-1,-1,1,0,1,0,2,1,70,0,[0|0],1,0,0,1,0,0,0,0,0,-1,-1,0,0,1,0,0,0,0,0,1,1,1,1,1,1,1,109,50,106,50,106,139,139,139,-1,1,0,1,0,0,0,0,0,0,0,0,0,0,0,0,0,0,0,0,0,0,0,0,0,0,0,0,0,0,0,0,0,0,0,0,0,0,0,0,[0|0|0|0],0,0,0,0,0,0,0,0,0,0,0,0,0,0,0,0,0,0,0,0,0,0,0,0,0,0,0,0,0,0,0,0,0,0,0,0,0,0,0,0,0,0,0,0,0,0,0,0,0,0,0,0,0,0,0,0,0,0,0,0,0,0,0,0,0,0,0,0,0,0,0,0,0,0,0,0,0,0,0,0,0,0,0,0,0,0,0,0,0,0,0,0,0,0,0,0,0,0,[0|0|0|0|0|0|0|0|0|0|0|0|0|0]
5063300,[Duchess] Wraith (Legs),0,0,[0|0|0],806000,0,0,0,0,0,1250,0,200,0,99800,705012,49335,7000,1.1,0,-1,-1,-1,-1,-1,-1,-1,-1,-1,-1,-1,-1,-1,-1,-1,-1,1,1,1,1,1,1,1,1,-1,0,0,0,0,0,0,0,[0|0],0,0,0,0,0,0,0,0,0,0,0,0,0,-1,-1,1,0,1,0,3,1,70,0,[0|0],1,0,0,0,1,0,0,0,0,-1,-1,0,0,1,0,0,0,0,0,1,1,1,1,1,1,1,109,50,106,50,106,139,139,139,110,1,0,1,0,0,0,0,0,0,0,0,0,0,0,0,0,0,0,0,0,0,0,0,0,0,0,0,0,0,0,0,0,0,0,0,0,0,0,0,[0|0|0|0],0,0,0,0,0,0,0,0,0,0,0,0,0,0,0,0,0,0,0,0,0,0,0,0,0,0,0,0,0,0,0,0,0,0,0,0,0,0,0,0,0,0,0,0,0,0,0,0,0,0,0,0,0,0,0,0,0,0,0,0,0,0,0,0,0,0,0,0,0,0,0,0,0,0,0,0,0,0,0,0,0,0,0,0,0,0,0,0,0,0,0,0,0,0,0,0,0,0,[0|0|0|0|0|0|0|0|0|0|0|0|0|0]
5064000,[Raider] Catarina (Head),0,0,[0|0|0],507000,0,0,0,0,0,1050,0,200,0,-1,-1,-1,7000,1.5,0,-1,-1,-1,-1,-1,-1,-1,-1,-1,-1,-1,-1,-1,-1,-1,-1,1,1,1,1,1,1,1,1,-1,0,0,0,0,0,0,0,[0|0],0,0,0,0,0,0,0,0,0,0,0,0,0,-1,-1,1,0,1,0,0,1,80,0,[0|0],1,1,0,0,0,1,0,0,0,-1,-1,0,0,1,0,0,0,0,0,1,1,1,1,1,1,1,109,110,112,110,112,139,139,139,-1,1,0,1,0,0,0,0,0,0,0,0,0,0,0,0,0,0,0,0,0,0,0,0,0,0,0,0,0,0,0,0,0,0,0,0,0,0,0,0,[0|0|0|0],0,0,0,0,0,0,0,0,0,0,0,0,0,0,0,0,0,0,0,0,0,0,0,0,0,0,0,0,0,0,0,0,0,0,0,0,0,0,0,0,0,0,0,0,0,0,0,0,0,0,0,0,0,0,0,0,0,0,0,0,0,0,0,0,0,0,0,0,0,0,0,0,0,0,0,0,0,0,0,0,0,0,0,0,0,0,0,0,0,0,0,0,0,0,0,0,0,0,[0|0|0|0|0|0|0|0|0|0|0|0|0|0]
5064100,[Raider] Catarina (Body) [Model],0,0,[0|0|0],604110,0,49,49,100,0.12,1150,0,200,0,102400,102401,49345,7000,1,-0.4,-1,-1,-1,-1,-1,-1,-1,-1,-1,-1,-1,-1,-1,-1,-1,-1,1,1,1,1,1,1,1,1,-1,5640,0,0,0,0,0,0,[0|0],0,0,0,0,0,0,0,0,102,102,95,59,0,-1,-1,1,0,2,4,1,2,50,0,[0|0],1,0,1,0,0,0,0,0,0,-1,-1,0,0,1,0,0,0,0,0,0.76,0.75,0.76,0.85,0.86,0.76,0.85,109,50,112,50,112,139,139,139,-1,1,0,0.83,0,0,0,0,0,0,0,0,0,0,0,0,0,0,0,0,0,0,0,0,0,0,0,0,0,0,0,0,0,0,0,0,0,0,0,1,[0|0|0|0],0,95,0,0,0,0,0,0,0,0,0,0,0,0,0,0,0,0,0,0,0,0,0,0,0,0,0,0,0,0,0,0,0,0,0,0,0,0,0,0,0,0,0,0,0,0,0,0,0,0,0,0,0,0,0,0,0,0,0,0,0,0,0,0,0,0,0,0,0,0,0,0,0,0,0,0,0,0,0,0,0,0,0,0,0,0,0,0,0,0,0,0,0,0,0,0,0,0,[0|0|0|0|0|0|0|0|0|0|0|0|0|0]
5064200,[Raider] Catarina (Arms),0,0,[0|0|0],706000,0,0,0,0,0,1150,0,200,0,602990,4710,7999040,7000,1.1,0,-1,-1,-1,-1,-1,-1,-1,-1,-1,-1,-1,-1,-1,-1,-1,-1,1,1,1,1,1,1,1,1,-1,0,0,0,0,0,0,0,[0|0],0,0,0,0,0,0,0,0,0,0,0,0,0,-1,-1,1,0,1,0,2,1,70,0,[0|0],1,0,0,1,0,0,0,0,0,-1,-1,0,0,1,0,0,0,0,0,1,1,1,1,1,1,1,109,50,112,50,112,139,139,139,-1,1,0,1,0,0,0,0,0,0,0,0,0,0,0,0,0,0,0,0,0,0,0,0,0,0,0,0,0,0,0,0,0,0,0,0,0,0,0,0,[0|0|0|0],0,0,0,0,0,0,0,0,0,0,0,0,0,0,0,0,0,0,0,0,0,0,0,0,0,0,0,0,0,0,0,0,0,0,0,0,0,0,0,0,0,0,0,0,0,0,0,0,0,0,0,0,0,0,0,0,0,0,0,0,0,0,0,0,0,0,0,0,0,0,0,0,0,0,0,0,0,0,0,0,0,0,0,0,0,0,0,0,0,0,0,0,0,0,0,0,0,0,[0|0|0|0|0|0|0|0|0|0|0|0|0|0]
5064300,[Raider] Catarina (Legs),0,0,[0|0|0],806000,0,0,0,0,0,1250,0,200,0,99800,705012,704300,7000,1.1,0,-1,-1,-1,-1,-1,-1,-1,-1,-1,-1,-1,-1,-1,-1,-1,-1,1,1,1,1,1,1,1,1,-1,0,0,0,0,0,0,0,[0|0],0,0,0,0,0,0,0,0,0,0,0,0,0,-1,-1,1,0,1,0,3,1,70,0,[0|0],1,0,0,0,1,0,0,0,0,-1,-1,0,0,1,0,0,0,0,0,1,1,1,1,1,1,1,109,50,112,50,112,139,139,139,112,1,0,1,0,0,0,0,0,0,0,0,0,0,0,0,0,0,0,0,0,0,0,0,0,0,0,0,0,0,0,0,0,0,0,0,0,0,0,0,[0|0|0|0],0,0,0,0,0,0,0,0,0,0,0,0,0,0,0,0,0,0,0,0,0,0,0,0,0,0,0,0,0,0,0,0,0,0,0,0,0,0,0,0,0,0,0,0,0,0,0,0,0,0,0,0,0,0,0,0,0,0,0,0,0,0,0,0,0,0,0,0,0,0,0,0,0,0,0,0,0,0,0,0,0,0,0,0,0,0,0,0,0,0,0,0,0,0,0,0,0,0,[0|0|0|0|0|0|0|0|0|0|0|0|0|0]
5065000,[Revenant] Dragon School (Head),0,0,[0|0|0],507000,0,0,0,0,0,1050,0,200,0,-1,-1,-1,7000,1.5,0,-1,-1,-1,-1,-1,-1,-1,-1,-1,-1,-1,-1,-1,-1,-1,-1,1,1,1,1,1,1,1,1,-1,0,0,0,0,0,0,0,[0|0],0,0,0,0,0,0,0,0,0,0,0,0,0,-1,-1,1,0,1,0,0,1,80,0,[0|0],1,1,0,0,0,1,0,0,2,-1,-1,2,0,1,0,0,0,0,0,1,1,1,1,1,1,1,109,110,108,110,180,139,180,139,-1,1,0,1,0,0,0,0,0,0,0,0,0,0,0,0,0,0,0,0,0,0,0,0,0,0,0,0,0,0,0,0,0,0,0,0,0,0,0,0,[0|0|0|0],0,0,0,0,0,0,0,0,0,0,0,0,0,0,0,0,0,0,0,0,0,0,0,0,0,0,0,0,0,0,0,0,0,0,0,0,0,0,0,0,0,0,0,0,0,0,0,0,0,0,0,0,0,0,0,0,0,0,0,0,0,0,0,0,0,0,0,0,0,0,0,0,0,0,0,0,0,0,0,0,0,0,0,0,0,0,0,0,0,0,0,0,0,0,0,0,0,0,[0|0|0|0|0|0|0|0|0|0|0|0|0|0]
5065100,[Revenant] Dragon School (Body) [Model],0,0,[0|0|0],604110,0,69,69,100,0.04,1150,0,200,0,102400,102401,-1,7000,1,-0.4,-1,-1,-1,-1,-1,-1,-1,-1,-1,-1,-1,-1,-1,-1,-1,-1,1,1,1,1,1,1,1,1,-1,5650,0,0,0,0,0,0,[0|0],0,0,0,0,0,0,0,0,112,112,85,69,0,-1,-1,1,0,2,4,1,2,50,0,[0|0],1,0,1,0,0,0,0,0,2,-1,-1,2,0,1,0,0,0,0,0,0.86,0.9,0.86,0.9,0.72,0.71,0.71,109,50,108,50,180,139,180,139,-1,1,0,0.8,0,0,0,0,0,0,0,0,0,0,0,0,0,0,0,0,0,0,0,0,0,0,0,0,0,0,0,0,0,0,0,0,0,0,0,0,[0|0|0|0],0,85,0,0,0,0,0,0,0,0,0,0,0,0,0,0,0,0,0,0,0,0,0,0,0,0,0,0,0,0,0,0,0,0,0,0,0,0,0,0,0,0,0,0,0,0,0,0,0,0,0,0,0,0,0,0,0,0,0,0,0,0,0,0,0,0,0,0,0,0,0,0,0,0,0,0,0,0,0,0,0,0,0,0,0,0,0,0,0,0,0,0,0,0,0,0,0,0,[0|0|0|0|0|0|0|0|0|0|0|0|0|0]
5065200,[Revenant] Dragon School (Arms),0,0,[0|0|0],706000,0,0,0,0,0,1150,0,200,0,602990,4710,7999050,7000,1.1,0,-1,-1,-1,-1,-1,-1,-1,-1,-1,-1,-1,-1,-1,-1,-1,-1,1,1,1,1,1,1,1,1,-1,0,0,0,0,0,0,0,[0|0],0,0,0,0,0,0,0,0,0,0,0,0,0,-1,-1,1,0,1,0,2,1,70,0,[0|0],1,0,0,1,0,0,0,0,2,-1,-1,2,0,1,0,0,0,0,0,1,1,1,1,1,1,1,109,50,108,50,180,139,180,139,-1,1,0,1,0,0,0,0,0,0,0,0,0,0,0,0,0,0,0,0,0,0,0,0,0,0,0,0,0,0,0,0,0,0,0,0,0,0,0,0,[0|0|0|0],0,0,0,0,0,0,0,0,0,0,0,0,0,0,0,0,0,0,0,0,0,0,0,0,0,0,0,0,0,0,0,0,0,0,0,0,0,0,0,0,0,0,0,0,0,0,0,0,0,0,0,0,0,0,0,0,0,0,0,0,0,0,0,0,0,0,0,0,0,0,0,0,0,0,0,0,0,0,0,0,0,0,0,0,0,0,0,0,0,0,0,0,0,0,0,0,0,0,[0|0|0|0|0|0|0|0|0|0|0|0|0|0]
5065300,[Revenant] Dragon School (Legs),0,0,[0|0|0],806000,0,0,0,0,0,1250,0,200,0,99800,705012,49355,7000,1.1,0,-1,-1,-1,-1,-1,-1,-1,-1,-1,-1,-1,-1,-1,-1,-1,-1,1,1,1,1,1,1,1,1,-1,0,0,0,0,0,0,0,[0|0],0,0,0,0,0,0,0,0,0,0,0,0,0,-1,-1,1,0,1,0,3,1,70,0,[0|0],1,0,0,0,1,0,0,0,2,-1,-1,2,0,1,0,0,0,0,0,1,1,1,1,1,1,1,109,50,108,50,180,139,180,139,110,1,0,1,0,0,0,0,0,0,0,0,0,0,0,0,0,0,0,0,0,0,0,0,0,0,0,0,0,0,0,0,0,0,0,0,0,0,0,0,[0|0|0|0],0,0,0,0,0,0,0,0,0,0,0,0,0,0,0,0,0,0,0,0,0,0,0,0,0,0,0,0,0,0,0,0,0,0,0,0,0,0,0,0,0,0,0,0,0,0,0,0,0,0,0,0,0,0,0,0,0,0,0,0,0,0,0,0,0,0,0,0,0,0,0,0,0,0,0,0,0,0,0,0,0,0,0,0,0,0,0,0,0,0,0,0,0,0,0,0,0,0,[0|0|0|0|0|0|0|0|0|0|0|0|0|0]
5066000,[Recluse] Emerald Fate (Head),0,0,[0|0|0],507000,0,0,0,0,0,1050,0,200,0,-1,-1,-1,7000,1.5,0,-1,-1,-1,-1,-1,-1,-1,-1,-1,-1,-1,-1,-1,-1,-1,-1,1,1,1,1,1,1,1,1,-1,0,0,0,0,0,0,0,[0|0],0,0,0,0,0,0,0,0,0,0,0,0,0,-1,-1,1,0,1,0,0,1,80,0,[0|0],1,1,0,0,0,1,0,0,0,-1,-1,0,0,1,0,0,0,0,0,1,1,1,1,1,1,1,109,110,108,110,108,139,139,139,-1,1,0,1,0,0,0,0,0,0,0,0,0,0,0,0,0,0,0,0,0,0,0,0,0,0,0,0,0,0,0,0,0,0,0,0,0,0,0,0,[0|0|0|0],0,0,0,0,0,0,0,0,0,0,0,0,0,0,0,0,0,0,0,0,0,0,0,0,0,0,0,0,0,0,0,0,0,0,0,0,0,0,0,0,0,0,0,0,0,0,0,0,0,0,0,0,0,0,0,0,0,0,0,0,0,0,0,0,0,0,0,0,0,0,0,0,0,0,0,0,0,0,0,0,0,0,0,0,0,0,0,0,0,0,0,0,0,0,0,0,0,0,[0|0|0|0|0|0|0|0|0|0|0|0|0|0]
5066100,[Recluse] Emerald Fate (Body) [Model],0,0,[0|0|0],604110,0,69,69,100,0.04,1150,0,200,0,102400,102401,-1,7000,1,-0.4,-1,-1,-1,-1,-1,-1,-1,-1,-1,-1,-1,-1,-1,-1,-1,-1,1,1,1,1,1,1,1,1,-1,5660,0,0,0,0,0,0,[0|0],0,0,0,0,0,0,0,0,112,112,85,59,0,-1,-1,1,0,2,4,1,2,50,0,[0|0],1,0,1,0,0,0,0,0,0,-1,-1,0,0,1,0,0,0,0,0,0.86,0.9,0.86,0.9,0.71,0.76,0.75,109,50,108,50,108,139,139,139,-1,1,0,0.75,0,0,0,0,0,0,0,0,0,0,0,0,0,0,0,0,0,0,0,0,0,0,0,0,0,0,0,0,0,0,0,0,0,0,0,0,[0|0|0|0],0,85,0,0,0,0,0,0,0,0,0,0,0,0,0,0,0,0,0,0,0,0,0,0,0,0,0,0,0,0,0,0,0,0,0,0,0,0,0,0,0,0,0,0,0,0,0,0,0,0,0,0,0,0,0,0,0,0,0,0,0,0,0,0,0,0,0,0,0,0,0,0,0,0,0,0,0,0,0,0,0,0,0,0,0,0,0,0,0,0,0,0,0,0,0,0,0,0,[0|0|0|0|0|0|0|0|0|0|0|0|0|0]
5066200,[Recluse] Emerald Fate (Arms),0,0,[0|0|0],706000,0,0,0,0,0,1150,0,200,0,602990,4710,7999060,7000,1.1,0,-1,-1,-1,-1,-1,-1,-1,-1,-1,-1,-1,-1,-1,-1,-1,-1,1,1,1,1,1,1,1,1,-1,0,0,0,0,0,0,0,[0|0],0,0,0,0,0,0,0,0,0,0,0,0,0,-1,-1,1,0,1,0,2,1,70,0,[0|0],1,0,0,1,0,0,0,0,0,-1,-1,0,0,1,0,0,0,0,0,1,1,1,1,1,1,1,109,50,108,50,108,139,139,139,-1,1,0,1,0,0,0,0,0,0,0,0,0,0,0,0,0,0,0,0,0,0,0,0,0,0,0,0,0,0,0,0,0,0,0,0,0,0,0,0,[0|0|0|0],0,0,0,0,0,0,0,0,0,0,0,0,0,0,0,0,0,0,0,0,0,0,0,0,0,0,0,0,0,0,0,0,0,0,0,0,0,0,0,0,0,0,0,0,0,0,0,0,0,0,0,0,0,0,0,0,0,0,0,0,0,0,0,0,0,0,0,0,0,0,0,0,0,0,0,0,0,0,0,0,0,0,0,0,0,0,0,0,0,0,0,0,0,0,0,0,0,0,[0|0|0|0|0|0|0|0|0|0|0|0|0|0]
5066300,[Recluse] Emerald Fate (Legs),0,0,[0|0|0],806000,0,0,0,0,0,1250,0,200,0,99800,705012,49365,7000,1.1,0,-1,-1,-1,-1,-1,-1,-1,-1,-1,-1,-1,-1,-1,-1,-1,-1,1,1,1,1,1,1,1,1,-1,0,0,0,0,0,0,0,[0|0],0,0,0,0,0,0,0,0,0,0,0,0,0,-1,-1,1,0,1,0,3,1,70,0,[0|0],1,0,0,0,1,0,0,0,0,-1,-1,0,0,1,0,0,0,0,0,1,1,1,1,1,1,1,109,50,108,50,108,139,139,139,110,1,0,1,0,0,0,0,0,0,0,0,0,0,0,0,0,0,0,0,0,0,0,0,0,0,0,0,0,0,0,0,0,0,0,0,0,0,0,0,[0|0|0|0],0,0,0,0,0,0,0,0,0,0,0,0,0,0,0,0,0,0,0,0,0,0,0,0,0,0,0,0,0,0,0,0,0,0,0,0,0,0,0,0,0,0,0,0,0,0,0,0,0,0,0,0,0,0,0,0,0,0,0,0,0,0,0,0,0,0,0,0,0,0,0,0,0,0,0,0,0,0,0,0,0,0,0,0,0,0,0,0,0,0,0,0,0,0,0,0,0,0,[0|0|0|0|0|0|0|0|0|0|0|0|0|0]
5067000,[Executor] Sable Church (Head),0,0,[0|0|0],507000,0,0,0,0,0,1050,0,200,0,-1,-1,-1,7000,1.5,0,-1,-1,-1,-1,-1,-1,-1,-1,-1,-1,-1,-1,-1,-1,-1,-1,1,1,1,1,1,1,1,1,-1,0,0,0,0,0,0,0,[0|0],0,0,0,0,0,0,0,0,0,0,0,0,0,-1,-1,1,0,1,0,0,1,80,0,[0|0],1,1,0,0,0,1,0,0,0,-1,-1,0,0,1,0,0,0,0,0,1,1,1,1,1,1,1,109,110,106,110,106,139,139,139,-1,1,0,1,0,0,0,0,0,0,0,0,0,0,0,0,0,0,0,0,0,0,0,0,0,0,0,0,0,0,0,0,0,0,0,0,0,0,0,0,[0|0|0|0],0,0,0,0,0,0,0,0,0,0,0,0,0,0,0,0,0,0,0,0,0,0,0,0,0,0,0,0,0,0,0,0,0,0,0,0,0,0,0,0,0,0,0,0,0,0,0,0,0,0,0,0,0,0,0,0,0,0,0,0,0,0,0,0,0,0,0,0,0,0,0,0,0,0,0,0,0,0,0,0,0,0,0,0,0,0,0,0,0,0,0,0,0,0,0,0,0,0,[0|0|0|0|0|0|0|0|0|0|0|0|0|0]
5067100,[Executor] Sable Church (Body) [Model],0,0,[0|0|0],604110,0,49,49,100,0.04,1150,0,200,0,102400,102401,49375,7000,1,-0.4,-1,-1,-1,-1,-1,-1,-1,-1,-1,-1,-1,-1,-1,-1,-1,-1,1,1,1,1,1,1,1,1,-1,5630,0,0,0,0,0,0,[0|0],0,0,0,0,0,0,0,0,92,92,105,69,0,-1,-1,1,0,2,4,1,2,50,0,[0|0],1,0,1,0,0,0,0,0,0,-1,-1,0,0,1,0,0,0,0,0,0.76,0.75,0.76,0.8,0.86,0.81,0.85,109,50,106,50,106,139,139,139,-1,1,0,0.78,0,0,0,0,0,0,0,0,0,0,0,0,0,0,0,0,0,0,0,0,0,0,0,0,0,0,0,0,0,0,0,0,0,0,0,0,[0|0|0|0],0,105,0,0,0,0,0,0,0,0,0,0,0,0,0,0,0,0,0,0,0,0,0,0,0,0,0,0,0,0,0,0,0,0,0,0,0,0,0,0,0,0,0,0,0,0,0,0,0,0,0,0,0,0,0,0,0,0,0,0,0,0,0,0,0,0,0,0,0,0,0,0,0,0,0,0,0,0,0,0,0,0,0,0,0,0,0,0,0,0,0,0,0,0,0,0,0,0,[0|0|0|0|0|0|0|0|0|0|0|0|0|0]
5067200,[Executor] Sable Church (Arms),0,0,[0|0|0],706000,0,0,0,0,0,1150,0,200,0,602990,4710,7999071,7000,1.1,0,-1,-1,-1,-1,-1,-1,-1,-1,-1,-1,-1,-1,-1,-1,-1,-1,1,1,1,1,1,1,1,1,-1,0,0,0,0,0,0,0,[0|0],0,0,0,0,0,0,0,0,0,0,0,0,0,-1,-1,1,0,1,0,2,1,70,0,[0|0],1,0,0,1,0,0,0,0,0,-1,-1,0,0,1,0,0,0,0,0,1,1,1,1,1,1,1,109,50,106,50,106,139,139,139,-1,1,0,1,0,0,0,0,0,0,0,0,0,0,0,0,0,0,0,0,0,0,0,0,0,0,0,0,0,0,0,0,0,0,0,0,0,0,0,0,[0|0|0|0],0,0,0,0,0,0,0,0,0,0,0,0,0,0,0,0,0,0,0,0,0,0,0,0,0,0,0,0,0,0,0,0,0,0,0,0,0,0,0,0,0,0,0,0,0,0,0,0,0,0,0,0,0,0,0,0,0,0,0,0,0,0,0,0,0,0,0,0,0,0,0,0,0,0,0,0,0,0,0,0,0,0,0,0,0,0,0,0,0,0,0,0,0,0,0,0,0,0,[0|0|0|0|0|0|0|0|0|0|0|0|0|0]
5067300,[Executor] Sable Church (Legs),0,0,[0|0|0],806000,0,0,0,0,0,1250,0,200,0,99800,705012,707050,7000,1.1,0,-1,-1,-1,-1,-1,-1,-1,-1,-1,-1,-1,-1,-1,-1,-1,-1,1,1,1,1,1,1,1,1,-1,0,0,0,0,0,0,0,[0|0],0,0,0,0,0,0,0,0,0,0,0,0,0,-1,-1,1,0,1,0,3,1,70,0,[0|0],1,0,0,0,1,0,0,0,0,-1,-1,0,0,1,0,0,0,0,0,1,1,1,1,1,1,1,109,50,106,50,106,139,139,139,111,1,0,1,0,0,0,0,0,0,0,0,0,0,0,0,0,0,0,0,0,0,0,0,0,0,0,0,0,0,0,0,0,0,0,0,0,0,0,0,[0|0|0|0],0,0,0,0,0,0,0,0,0,0,0,0,0,0,0,0,0,0,0,0,0,0,0,0,0,0,0,0,0,0,0,0,0,0,0,0,0,0,0,0,0,0,0,0,0,0,0,0,0,0,0,0,0,0,0,0,0,0,0,0,0,0,0,0,0,0,0,0,0,0,0,0,0,0,0,0,0,0,0,0,0,0,0,0,0,0,0,0,0,0,0,0,0,0,0,0,0,0,[0|0|0|0|0|0|0|0|0|0|0|0|0|0]
5068000,[Scholar] Pardoner (Head),1,0,[0|0|0],507000,0,0,0,0,0,1050,0,200,0,-1,-1,-1,7000,1.5,0,-1,-1,-1,-1,-1,-1,-1,-1,-1,-1,-1,-1,-1,-1,-1,-1,1,1,1,1,1,1,1,1,-1,0,0,0,0,0,0,0,[0|0],0,0,0,0,0,0,0,0,0,0,0,0,0,-1,-1,1,0,1,0,0,1,80,0,[0|0],1,1,0,0,0,1,0,0,1,-1,-1,1,0,1,0,0,0,0,0,1,1,1,1,1,1,1,109,110,106,110,106,139,139,139,-1,1,0,1,0,0,0,0,0,0,0,0,0,0,0,0,0,0,0,0,0,0,0,0,0,0,0,0,0,0,0,0,0,0,0,0,0,0,0,0,[0|0|0|0],0,0,0,0,0,0,0,0,0,0,0,0,0,0,0,0,0,0,0,0,0,0,0,0,0,0,0,0,0,0,0,0,0,0,0,0,0,0,0,0,0,0,0,0,0,0,0,0,0,0,0,0,0,0,0,0,0,0,0,0,0,0,0,0,0,0,0,0,0,0,0,0,0,0,0,0,0,0,0,0,0,0,0,0,0,0,0,0,0,0,0,0,0,0,0,0,0,0,[0|0|0|0|0|0|0|0|0|0|0|0|0|0]
5068100,[Scholar] Pardoner (Body) [Model],1,0,[0|0|0],604110,0,69,69,100,0.04,1150,0,200,0,102400,102401,-1,7000,1,-0.4,-1,-1,-1,-1,-1,-1,-1,-1,-1,-1,-1,-1,-1,-1,-1,-1,1,1,1,1,1,1,1,1,-1,5580,0,0,0,0,0,0,[0|0],0,0,0,0,0,0,0,0,102,102,85,59,0,-1,-1,1,0,2,4,1,2,50,0,[0|0],1,0,1,0,0,0,0,0,1,-1,-1,1,0,1,0,0,0,0,0,0.81,0.83,0.85,0.8,0.73,0.75,0.76,109,50,108,50,108,139,139,139,-1,1,0,0.91,0,0,0,0,0,0,0,0,0,0,0,0,0,0,0,0,0,0,0,0,0,0,0,0,0,0,0,0,0,0,0,0,0,0,0,0,[0|0|0|0],0,85,0,0,0,0,0,0,0,0,0,0,0,0,0,0,0,0,0,0,0,0,0,0,0,0,0,0,0,0,0,0,0,0,0,0,0,0,0,0,0,0,0,0,0,0,0,0,0,0,0,0,0,0,0,0,0,0,0,0,0,0,0,0,0,0,0,0,0,0,0,0,0,0,0,0,0,0,0,0,0,0,0,0,0,0,0,0,0,0,0,0,0,0,0,0,0,0,[0|0|0|0|0|0|0|0|0|0|0|0|0|0]
5068200,[Scholar] Pardoner (Arms),1,0,[0|0|0],706000,0,0,0,0,0,1150,0,200,0,602990,4710,7999080,7000,1.1,0,-1,-1,-1,-1,-1,-1,-1,-1,-1,-1,-1,-1,-1,-1,-1,-1,1,1,1,1,1,1,1,1,-1,0,0,0,0,0,0,0,[0|0],0,0,0,0,0,0,0,0,0,0,0,0,0,-1,-1,1,0,1,0,2,1,70,0,[0|0],1,0,0,1,0,0,0,0,1,-1,-1,1,0,1,0,0,0,0,0,1,1,1,1,1,1,1,109,50,108,50,108,139,139,139,-1,1,0,1,0,0,0,0,0,0,0,0,0,0,0,0,0,0,0,0,0,0,0,0,0,0,0,0,0,0,0,0,0,0,0,0,0,0,0,0,[0|0|0|0],0,0,0,0,0,0,0,0,0,0,0,0,0,0,0,0,0,0,0,0,0,0,0,0,0,0,0,0,0,0,0,0,0,0,0,0,0,0,0,0,0,0,0,0,0,0,0,0,0,0,0,0,0,0,0,0,0,0,0,0,0,0,0,0,0,0,0,0,0,0,0,0,0,0,0,0,0,0,0,0,0,0,0,0,0,0,0,0,0,0,0,0,0,0,0,0,0,0,[0|0|0|0|0|0|0|0|0|0|0|0|0|0]
5068300,[Scholar] Pardoner (Legs),1,0,[0|0|0],806000,0,0,0,0,0,1250,0,200,0,99800,705012,49984,7000,1.1,0,-1,-1,-1,-1,-1,-1,-1,-1,-1,-1,-1,-1,-1,-1,-1,-1,1,1,1,1,1,1,1,1,-1,0,0,0,0,0,0,0,[0|0],0,0,0,0,0,0,0,0,0,0,0,0,0,-1,-1,1,0,1,0,3,1,70,0,[0|0],1,0,0,0,1,0,0,0,1,-1,-1,1,0,1,0,0,0,0,0,1,1,1,1,1,1,1,109,50,108,50,108,139,139,139,111,1,0,1,0,0,0,0,0,0,0,0,0,0,0,0,0,0,0,0,0,0,0,0,0,0,0,0,0,0,0,0,0,0,0,0,0,0,0,0,[0|0|0|0],0,0,0,0,0,0,0,0,0,0,0,0,0,0,0,0,0,0,0,0,0,0,0,0,0,0,0,0,0,0,0,0,0,0,0,0,0,0,0,0,0,0,0,0,0,0,0,0,0,0,0,0,0,0,0,0,0,0,0,0,0,0,0,0,0,0,0,0,0,0,0,0,0,0,0,0,0,0,0,0,0,0,0,0,0,0,0,0,0,0,0,0,0,0,0,0,0,0,[0|0|0|0|0|0|0|0|0|0|0|0|0|0]
5069000,[Undertaker] Brass (Head),1,0,[0|0|0],507000,0,0,0,0,0,1050,0,200,0,-1,-1,-1,7000,1.5,0,-1,-1,-1,-1,-1,-1,-1,-1,-1,-1,-1,-1,-1,-1,-1,-1,1,1,1,1,1,1,1,1,-1,0,0,0,0,0,0,0,[0|0],0,0,0,0,0,0,0,0,0,0,0,0,0,-1,-1,1,0,1,0,0,1,80,0,[0|0],1,1,0,0,0,1,0,0,0,-1,-1,0,0,1,0,0,0,0,0,1,1,1,1,1,1,1,109,110,106,110,106,139,139,139,-1,1,0,1,0,0,0,0,0,0,0,0,0,0,0,0,0,0,0,0,0,0,0,0,0,0,0,0,0,0,0,0,0,0,0,0,0,0,0,0,[0|0|0|0],0,0,0,0,0,0,0,0,0,0,0,0,0,0,0,0,0,0,0,0,0,0,0,0,0,0,0,0,0,0,0,0,0,0,0,0,0,0,0,0,0,0,0,0,0,0,0,0,0,0,0,0,0,0,0,0,0,0,0,0,0,0,0,0,0,0,0,0,0,0,0,0,0,0,0,0,0,0,0,0,0,0,0,0,0,0,0,0,0,0,0,0,0,0,0,0,0,0,[0|0|0|0|0|0|0|0|0|0|0|0|0|0]
5069100,[Undertaker] Brass (Body) [Model],1,0,[0|0|0],604110,0,49,59,100,0.04,1150,0,200,0,102400,102401,-1,7000,1,-0.4,-1,-1,-1,-1,-1,-1,-1,-1,-1,-1,-1,-1,-1,-1,-1,-1,1,1,1,1,1,1,1,1,-1,5590,0,0,0,0,0,0,[0|0],0,0,0,0,0,0,0,0,102,102,85,79,0,-1,-1,1,0,2,4,1,2,50,0,[0|0],1,0,1,0,0,0,0,0,0,-1,-1,0,0,1,0,0,0,0,0,0.82,0.88,0.82,0.88,0.8,0.83,0.8,109,50,106,50,106,139,139,139,-1,1,0,0.74,0,0,0,0,0,0,0,0,0,0,0,0,0,0,0,0,0,0,0,0,0,0,0,0,0,0,0,0,0,0,0,0,0,0,0,0,[0|0|0|0],0,95,0,0,0,0,0,0,0,0,0,0,0,0,0,0,0,0,0,0,0,0,0,0,0,0,0,0,0,0,0,0,0,0,0,0,0,0,0,0,0,0,0,0,0,0,0,0,0,0,0,0,0,0,0,0,0,0,0,0,0,0,0,0,0,0,0,0,0,0,0,0,0,0,0,0,0,0,0,0,0,0,0,0,0,0,0,0,0,0,0,0,0,0,0,0,0,0,[0|0|0|0|0|0|0|0|0|0|0|0|0|0]
5069200,[Undertaker] Brass (Arms),1,0,[0|0|0],706000,0,0,0,0,0,1150,0,200,0,602990,4710,7999090,7000,1.1,0,-1,-1,-1,-1,-1,-1,-1,-1,-1,-1,-1,-1,-1,-1,-1,-1,1,1,1,1,1,1,1,1,-1,0,0,0,0,0,0,0,[0|0],0,0,0,0,0,0,0,0,0,0,0,0,0,-1,-1,1,0,1,0,2,1,70,0,[0|0],1,0,0,1,0,0,0,0,0,-1,-1,0,0,1,0,0,0,0,0,1,1,1,1,1,1,1,109,50,106,50,106,139,139,139,-1,1,0,1,0,0,0,0,0,0,0,0,0,0,0,0,0,0,0,0,0,0,0,0,0,0,0,0,0,0,0,0,0,0,0,0,0,0,0,0,[0|0|0|0],0,0,0,0,0,0,0,0,0,0,0,0,0,0,0,0,0,0,0,0,0,0,0,0,0,0,0,0,0,0,0,0,0,0,0,0,0,0,0,0,0,0,0,0,0,0,0,0,0,0,0,0,0,0,0,0,0,0,0,0,0,0,0,0,0,0,0,0,0,0,0,0,0,0,0,0,0,0,0,0,0,0,0,0,0,0,0,0,0,0,0,0,0,0,0,0,0,0,[0|0|0|0|0|0|0|0|0|0|0|0|0|0]
5069300,[Undertaker] Brass (Legs),1,0,[0|0|0],806000,0,0,0,0,0,1250,0,200,0,99800,705012,49994,7000,1.1,0,-1,-1,-1,-1,-1,-1,-1,-1,-1,-1,-1,-1,-1,-1,-1,-1,1,1,1,1,1,1,1,1,-1,0,0,0,0,0,0,0,[0|0],0,0,0,0,0,0,0,0,0,0,0,0,0,-1,-1,1,0,1,0,3,1,70,0,[0|0],1,0,0,0,1,0,0,0,0,-1,-1,0,0,1,0,0,0,0,0,1,1,1,1,1,1,1,109,50,106,50,106,139,139,139,111,1,0,1,0,0,0,0,0,0,0,0,0,0,0,0,0,0,0,0,0,0,0,0,0,0,0,0,0,0,0,0,0,0,0,0,0,0,0,0,[0|0|0|0],0,0,0,0,0,0,0,0,0,0,0,0,0,0,0,0,0,0,0,0,0,0,0,0,0,0,0,0,0,0,0,0,0,0,0,0,0,0,0,0,0,0,0,0,0,0,0,0,0,0,0,0,0,0,0,0,0,0,0,0,0,0,0,0,0,0,0,0,0,0,0,0,0,0,0,0,0,0,0,0,0,0,0,0,0,0,0,0,0,0,0,0,0,0,0,0,0,0,[0|0|0|0|0|0|0|0|0|0|0|0|0|0]
5078000,[Scholar] Xanthous (Head),1,0,[0|0|0],507000,0,0,0,0,0,1050,0,200,0,-1,-1,-1,7000,1.5,0,-1,-1,-1,-1,-1,-1,-1,-1,-1,-1,-1,-1,-1,-1,-1,-1,1,1,1,1,1,1,1,1,-1,0,0,0,0,0,0,0,[0|0],0,0,0,0,0,0,0,0,0,0,0,0,0,-1,-1,1,0,1,0,0,1,80,0,[0|0],1,1,0,0,0,1,0,0,1,-1,-1,1,0,1,0,0,0,0,0,1,1,1,1,1,1,1,109,110,113,110,113,139,139,139,-1,1,0,1,0,0,0,0,0,0,0,0,0,0,0,0,0,0,0,0,0,0,0,0,0,0,0,0,0,0,0,0,0,0,0,0,0,0,0,0,[0|0|0|0],0,0,0,0,0,0,0,0,0,0,0,0,0,0,0,0,0,0,0,0,0,0,0,0,0,0,0,0,0,0,0,0,0,0,0,0,0,0,0,0,0,0,0,0,0,0,0,0,0,0,0,0,0,0,0,0,0,0,0,0,0,0,0,0,0,0,0,0,0,0,0,0,0,0,0,0,0,0,0,0,0,0,0,0,0,0,0,0,0,0,0,0,0,0,0,0,0,0,[0|0|0|0|0|0|0|0|0|0|0|0|0|0]
5078100,[Scholar] Xanthous (Body) [Model],1,0,[0|0|0],604110,0,69,69,100,0.04,1150,0,200,0,102400,102401,-1,7000,1,-0.4,-1,-1,-1,-1,-1,-1,-1,-1,-1,-1,-1,-1,-1,-1,-1,-1,1,1,1,1,1,1,1,1,-1,5680,0,0,0,0,0,0,[0|0],0,0,0,0,0,0,0,0,102,102,85,59,0,-1,-1,1,0,2,4,1,2,50,0,[0|0],1,0,1,0,0,0,0,0,1,-1,-1,1,0,1,0,0,0,0,0,0.81,0.83,0.85,0.8,0.73,0.75,0.76,109,50,108,50,108,139,139,139,-1,1,0,0.91,0,0,0,0,0,0,0,0,0,0,0,0,0,0,0,0,0,0,0,0,0,0,0,0,0,0,0,0,0,0,0,0,0,0,0,0,[0|0|0|0],0,85,0,0,0,0,0,0,0,0,0,0,0,0,0,0,0,0,0,0,0,0,0,0,0,0,0,0,0,0,0,0,0,0,0,0,0,0,0,0,0,0,0,0,0,0,0,0,0,0,0,0,0,0,0,0,0,0,0,0,0,0,0,0,0,0,0,0,0,0,0,0,0,0,0,0,0,0,0,0,0,0,0,0,0,0,0,0,0,0,0,0,0,0,0,0,0,0,[0|0|0|0|0|0|0|0|0|0|0|0|0|0]
5078200,[Scholar] Xanthous (Arms),1,0,[0|0|0],706000,0,0,0,0,0,1150,0,200,0,602990,4710,7999080,7000,1.1,0,-1,-1,-1,-1,-1,-1,-1,-1,-1,-1,-1,-1,-1,-1,-1,-1,1,1,1,1,1,1,1,1,-1,0,0,0,0,0,0,0,[0|0],0,0,0,0,0,0,0,0,0,0,0,0,0,-1,-1,1,0,1,0,2,1,70,0,[0|0],1,0,0,1,0,0,0,0,1,-1,-1,1,0,1,0,0,0,0,0,1,1,1,1,1,1,1,109,50,108,50,108,139,139,139,-1,1,0,1,0,0,0,0,0,0,0,0,0,0,0,0,0,0,0,0,0,0,0,0,0,0,0,0,0,0,0,0,0,0,0,0,0,0,0,0,[0|0|0|0],0,0,0,0,0,0,0,0,0,0,0,0,0,0,0,0,0,0,0,0,0,0,0,0,0,0,0,0,0,0,0,0,0,0,0,0,0,0,0,0,0,0,0,0,0,0,0,0,0,0,0,0,0,0,0,0,0,0,0,0,0,0,0,0,0,0,0,0,0,0,0,0,0,0,0,0,0,0,0,0,0,0,0,0,0,0,0,0,0,0,0,0,0,0,0,0,0,0,[0|0|0|0|0|0|0|0|0|0|0|0|0|0]
5078300,[Scholar] Xanthous (Legs),1,0,[0|0|0],806000,0,0,0,0,0,1250,0,200,0,99800,705012,49985,7000,1.1,0,-1,-1,-1,-1,-1,-1,-1,-1,-1,-1,-1,-1,-1,-1,-1,-1,1,1,1,1,1,1,1,1,-1,0,0,0,0,0,0,0,[0|0],0,0,0,0,0,0,0,0,0,0,0,0,0,-1,-1,1,0,1,0,3,1,70,0,[0|0],1,0,0,0,1,0,0,0,1,-1,-1,1,0,1,0,0,0,0,0,1,1,1,1,1,1,1,109,50,113,50,113,139,139,139,111,1,0,1,0,0,0,0,0,0,0,0,0,0,0,0,0,0,0,0,0,0,0,0,0,0,0,0,0,0,0,0,0,0,0,0,0,0,0,0,[0|0|0|0],0,0,0,0,0,0,0,0,0,0,0,0,0,0,0,0,0,0,0,0,0,0,0,0,0,0,0,0,0,0,0,0,0,0,0,0,0,0,0,0,0,0,0,0,0,0,0,0,0,0,0,0,0,0,0,0,0,0,0,0,0,0,0,0,0,0,0,0,0,0,0,0,0,0,0,0,0,0,0,0,0,0,0,0,0,0,0,0,0,0,0,0,0,0,0,0,0,0,[0|0|0|0|0|0|0|0|0|0|0|0|0|0]
5079000,[Undertaker] Lord's Blade (Head),1,0,[0|0|0],507000,0,0,0,0,0,1050,0,200,0,-1,-1,-1,7000,1.5,0,-1,-1,-1,-1,-1,-1,-1,-1,-1,-1,-1,-1,-1,-1,-1,-1,1,1,1,1,1,1,1,1,-1,0,0,0,0,0,0,0,[0|0],0,0,0,0,0,0,0,0,0,0,0,0,0,-1,-1,1,0,1,0,0,1,80,0,[0|0],1,1,0,0,0,1,0,0,0,-1,-1,0,0,1,0,0,0,0,0,1,1,1,1,1,1,1,109,110,113,110,113,139,139,139,-1,1,0,1,0,0,0,0,0,0,0,0,0,0,0,0,0,0,0,0,0,0,0,0,0,0,0,0,0,0,0,0,0,0,0,0,0,0,0,0,[0|0|0|0],0,0,0,0,0,0,0,0,0,0,0,0,0,0,0,0,0,0,0,0,0,0,0,0,0,0,0,0,0,0,0,0,0,0,0,0,0,0,0,0,0,0,0,0,0,0,0,0,0,0,0,0,0,0,0,0,0,0,0,0,0,0,0,0,0,0,0,0,0,0,0,0,0,0,0,0,0,0,0,0,0,0,0,0,0,0,0,0,0,0,0,0,0,0,0,0,0,0,[0|0|0|0|0|0|0|0|0|0|0|0|0|0]
5079100,[Undertaker] Lord's Blade (Body) [Model],1,0,[0|0|0],604110,0,49,59,100,0.04,1150,0,200,0,102400,102401,-1,7000,1,-0.4,-1,-1,-1,-1,-1,-1,-1,-1,-1,-1,-1,-1,-1,-1,-1,-1,1,1,1,1,1,1,1,1,-1,5690,0,0,0,0,0,0,[0|0],0,0,0,0,0,0,0,0,102,102,85,79,0,-1,-1,1,0,2,4,1,2,50,0,[0|0],1,0,1,0,0,0,0,0,0,-1,-1,0,0,1,0,0,0,0,0,0.82,0.88,0.82,0.88,0.8,0.83,0.8,109,50,106,50,106,139,139,139,-1,1,0,0.74,0,0,0,0,0,0,0,0,0,0,0,0,0,0,0,0,0,0,0,0,0,0,0,0,0,0,0,0,0,0,0,0,0,0,0,0,[0|0|0|0],0,95,0,0,0,0,0,0,0,0,0,0,0,0,0,0,0,0,0,0,0,0,0,0,0,0,0,0,0,0,0,0,0,0,0,0,0,0,0,0,0,0,0,0,0,0,0,0,0,0,0,0,0,0,0,0,0,0,0,0,0,0,0,0,0,0,0,0,0,0,0,0,0,0,0,0,0,0,0,0,0,0,0,0,0,0,0,0,0,0,0,0,0,0,0,0,0,0,[0|0|0|0|0|0|0|0|0|0|0|0|0|0]
5079200,[Undertaker] Lord's Blade (Arms),1,0,[0|0|0],706000,0,0,0,0,0,1150,0,200,0,602990,4710,7999090,7000,1.1,0,-1,-1,-1,-1,-1,-1,-1,-1,-1,-1,-1,-1,-1,-1,-1,-1,1,1,1,1,1,1,1,1,-1,0,0,0,0,0,0,0,[0|0],0,0,0,0,0,0,0,0,0,0,0,0,0,-1,-1,1,0,1,0,2,1,70,0,[0|0],1,0,0,1,0,0,0,0,0,-1,-1,0,0,1,0,0,0,0,0,1,1,1,1,1,1,1,109,50,106,50,106,139,139,139,-1,1,0,1,0,0,0,0,0,0,0,0,0,0,0,0,0,0,0,0,0,0,0,0,0,0,0,0,0,0,0,0,0,0,0,0,0,0,0,0,[0|0|0|0],0,0,0,0,0,0,0,0,0,0,0,0,0,0,0,0,0,0,0,0,0,0,0,0,0,0,0,0,0,0,0,0,0,0,0,0,0,0,0,0,0,0,0,0,0,0,0,0,0,0,0,0,0,0,0,0,0,0,0,0,0,0,0,0,0,0,0,0,0,0,0,0,0,0,0,0,0,0,0,0,0,0,0,0,0,0,0,0,0,0,0,0,0,0,0,0,0,0,[0|0|0|0|0|0|0|0|0|0|0|0|0|0]
5079300,[Undertaker] Lord's Blade (Legs),1,0,[0|0|0],806000,0,0,0,0,0,1250,0,200,0,99800,705012,49995,7000,1.1,0,-1,-1,-1,-1,-1,-1,-1,-1,-1,-1,-1,-1,-1,-1,-1,-1,1,1,1,1,1,1,1,1,-1,0,0,0,0,0,0,0,[0|0],0,0,0,0,0,0,0,0,0,0,0,0,0,-1,-1,1,0,1,0,3,1,70,0,[0|0],1,0,0,0,1,0,0,0,0,-1,-1,0,0,1,0,0,0,0,0,1,1,1,1,1,1,1,109,50,106,50,106,139,139,139,111,1,0,1,0,0,0,0,0,0,0,0,0,0,0,0,0,0,0,0,0,0,0,0,0,0,0,0,0,0,0,0,0,0,0,0,0,0,0,0,[0|0|0|0],0,0,0,0,0,0,0,0,0,0,0,0,0,0,0,0,0,0,0,0,0,0,0,0,0,0,0,0,0,0,0,0,0,0,0,0,0,0,0,0,0,0,0,0,0,0,0,0,0,0,0,0,0,0,0,0,0,0,0,0,0,0,0,0,0,0,0,0,0,0,0,0,0,0,0,0,0,0,0,0,0,0,0,0,0,0,0,0,0,0,0,0,0,0,0,0,0,0,[0|0|0|0|0|0|0|0|0|0|0|0|0|0]
