ID,Name,disableParam_NT,disableParamReserve1,disableParamReserve2,magicId,chanceWeight,
0,(0% weight),1,0,[0|0|0],-1,0
10,<Table> [Sorcery] Glintstone Pebble,0,0,[0|0|0],4000,10
10,<Table> [Sorcery] Glintstone Arc,0,0,[0|0|0],4070,20
10,<Table>,0,0,[0|0|0],4140,30
20,<Table> [Sorcery] Glintstone Pebble,0,0,[0|0|0],4000,10
20,<Table> [Sorcery] Glintstone Arc,0,0,[0|0|0],4070,20
20,<Table>,0,0,[0|0|0],4140,30
90,,1,0,[0|0|0],-1,0
4000,[Sorcery] Glintstone Pebble,1,0,[0|0|0],4000,100
4001,[Sorcery] Great Glintstone Shard,1,0,[0|0|0],4001,100
4010,[Sorcery] Swift Glintstone Shard,1,0,[0|0|0],4010,100
4020,[Sorcery] Glintstone Cometshard,1,0,[0|0|0],4020,100
4021,[Sorcery] Comet,1,0,[0|0|0],4021,100
4030,[Sorcery] Shard Spiral,1,0,[0|0|0],4030,100
4040,[Sorcery] Glintstone Stars,1,0,[0|0|0],4040,100
4050,[Sorcery] Star Shower,1,0,[0|0|0],4050,100
4060,[Sorcery] Crystal Barrage,1,0,[0|0|0],4060,100
4070,[Sorcery] Glintstone Arc,1,0,[0|0|0],4070,100
4080,[Sorcery] Cannon of Haima,1,0,[0|0|0],4080,100
4090,[Sorcery] Crystal Burst,1,0,[0|0|0],4090,100
4100,[Sorcery] Shatter Earth,1,0,[0|0|0],4100,100
4110,[Sorcery] Rock Blaster,1,0,[0|0|0],4110,100
4120,[Sorcery] Gavel of Haima,1,0,[0|0|0],4120,100
4130,[Sorcery] Terra Magica,1,0,[0|0|0],4130,100
4200,[Sorcery] Comet Azur,1,0,[0|0|0],4200,100
4210,[Sorcery] Founding Rain of Stars,1,0,[0|0|0],4210,100
4220,[Sorcery] Stars of Ruin,1,0,[0|0|0],4220,100
4300,[Sorcery] Glintblade Phalanx,1,0,[0|0|0],4300,100
4301,[Sorcery] Carian Phalanx,1,0,[0|0|0],4301,100
4302,[Sorcery] Greatblade Phalanx,1,0,[0|0|0],4302,100
4360,[Sorcery] Rennala's Full Moon,1,0,[0|0|0],4360,100
4361,[Sorcery] Ranni's Dark Moon,1,0,[0|0|0],4361,100
4370,[Sorcery] Magic Downpour,1,0,[0|0|0],4370,100
4380,[Sorcery] Loretta's Greatbow,1,0,[0|0|0],4380,100
4381,[Sorcery] Loretta's Mastery,1,0,[0|0|0],4381,100
4390,[Sorcery] Magic Glintblade,1,0,[0|0|0],4390,100
4400,[Sorcery] Glintstone Icecrag,1,0,[0|0|0],4400,100
4410,[Sorcery] Zamor Ice Storm,1,0,[0|0|0],4410,100
4420,[Sorcery] Freezing Mist,1,0,[0|0|0],4420,100
4430,[Sorcery] Carian Greatsword,1,0,[0|0|0],4430,100
4431,[Sorcery] Adula's Moonblade,1,0,[0|0|0],4431,100
4440,[Sorcery] Carian Slicer,1,0,[0|0|0],4440,100
4450,[Sorcery] Carian Piercer,1,0,[0|0|0],4450,100
4460,[Sorcery] Scholar's Armament,1,0,[0|0|0],4460,100
4470,[Sorcery] Scholar's Shield,1,0,[0|0|0],4470,100
4490,[Sorcery] Frozen Armament,1,0,[0|0|0],4490,100
4500,[Sorcery] Shattering Crystal,1,0,[0|0|0],4500,100
4510,[Sorcery] Crystal Release,1,0,[0|0|0],4510,100
4520,[Sorcery] Crystal Torrent,1,0,[0|0|0],4520,100
4600,[Sorcery] Ambush Shard,1,0,[0|0|0],4600,100
4610,[Sorcery] Night Shard,1,0,[0|0|0],4610,100
4620,[Sorcery] Night Comet,1,0,[0|0|0],4620,100
4630,[Sorcery] Thops's Barrier,1,0,[0|0|0],4630,100
4640,[Sorcery] Carian Retaliation,1,0,[0|0|0],4640,100
4641,[Sorcery] Carian Retaliation (Level 3),1,0,[0|0|0],4641,100
4642,[Sorcery] Carian Retaliation (Level 4),1,0,[0|0|0],4642,100
4650,[Sorcery] Eternal Darkness,1,0,[0|0|0],4650,100
4700,[Sorcery] Meteorite,1,0,[0|0|0],4700,100
4701,[Sorcery] Meteorite of Astel,1,0,[0|0|0],4701,100
4710,[Sorcery] Rock Sling,1,0,[0|0|0],4710,100
4720,[Sorcery] Gravity Well,1,0,[0|0|0],4720,100
4721,[Sorcery] Collapsing Stars,1,0,[0|0|0],4721,100
4800,[Sorcery] Magma Shot,1,0,[0|0|0],4800,100
4810,[Sorcery] Gelmir's Fury,1,0,[0|0|0],4810,100
4820,[Sorcery] Roiling Magma,1,0,[0|0|0],4820,100
4830,[Sorcery] Rykard's Rancor,1,0,[0|0|0],4830,100
4900,[Sorcery] Briars of Sin,1,0,[0|0|0],4900,100
4910,[Sorcery] Briars of Punishment,1,0,[0|0|0],4910,100
5000,[Sorcery] Rancorcall,1,0,[0|0|0],5000,100
5001,[Sorcery] Ancient Death Rancor,1,0,[0|0|0],5001,100
5010,[Sorcery] Explosive Ghostflame,1,0,[0|0|0],5010,100
5030,[Sorcery] Tibia's Summons,1,0,[0|0|0],5030,100
5040,[Incantation] Death Lightning,1,0,[0|0|0],5040,100
5100,[Sorcery] Oracle Bubbles,1,0,[0|0|0],5100,100
5110,[Sorcery] Great Oracular Bubble,1,0,[0|0|0],5110,100
6000,[Incantation] Catch Flame,1,0,[0|0|0],6000,100
6001,[Incantation] O- Flame!,1,0,[0|0|0],6001,100
6010,[Incantation] Flame Sling,1,0,[0|0|0],6010,100
6020,[Incantation] Flame- Fall Upon Them,1,0,[0|0|0],6020,100
6030,[Incantation] Whirl- O Flame!,1,0,[0|0|0],6030,100
6050,[Incantation] Flame- Grant Me Strength,1,0,[0|0|0],6050,100
6060,[Incantation] Flame- Protect Me,1,0,[0|0|0],6060,100
6100,[Incantation] Giantsflame Take Thee,1,0,[0|0|0],6100,100
6110,[Incantation] Flame of The Fell God,1,0,[0|0|0],6110,100
6120,[Incantation] Burn- O Flame!,1,0,[0|0|0],6120,100
6210,[Incantation] Black Flame,1,0,[0|0|0],6210,100
6220,[Incantation] Surge- O Flame!,1,0,[0|0|0],6220,100
6230,[Incantation] Scouring Black Flame,1,0,[0|0|0],6230,100
6240,[Incantation] Black Flame Ritual,1,0,[0|0|0],6240,100
6250,[Incantation] Black Flame Blade,1,0,[0|0|0],6250,100
6260,[Incantation] Black Flame's Protection,1,0,[0|0|0],6260,100
6270,[Incantation] Noble Presence,1,0,[0|0|0],6270,100
6300,[Incantation] Bloodflame Talons,1,0,[0|0|0],6300,100
6310,[Incantation] Bloodboon,1,0,[0|0|0],6310,100
6320,[Incantation] Bloodflame Blade,1,0,[0|0|0],6320,100
6330,[Incantation] Barrier of Gold,1,0,[0|0|0],6330,100
6340,[Incantation] Protection of The Erdtree,1,0,[0|0|0],6340,100
6400,[Incantation] Rejection,1,0,[0|0|0],6400,100
6410,[Incantation] Wrath of Gold,1,0,[0|0|0],6410,100
6420,[Incantation] Urgent Heal,1,0,[0|0|0],6420,100
6421,[Incantation] Heal,1,0,[0|0|0],6421,100
6422,[Incantation] Great Heal,1,0,[0|0|0],6422,100
6423,[Incantation] Lord's Heal,1,0,[0|0|0],6423,100
6424,[Incantation] Erdtree Heal,1,0,[0|0|0],6424,100
6430,[Incantation] Blessing's Boon,1,0,[0|0|0],6430,100
6431,[Incantation] Blessing of The Erdtree,1,0,[0|0|0],6431,100
6450,[Incantation] Flame Fortification,1,0,[0|0|0],6450,100
6460,[Incantation] Magic Fortification,1,0,[0|0|0],6460,100
6470,[Incantation] Lightning Fortification,1,0,[0|0|0],6470,100
6480,[Incantation] Divine Fortification,1,0,[0|0|0],6480,100
6490,[Incantation] Lord's Divine Fortification,1,0,[0|0|0],6490,100
6500,[Sorcery] Night Maiden's Mist,1,0,[0|0|0],6500,100
6520,[Incantation] Shadow Bait,1,0,[0|0|0],6520,100
6530,[Incantation] Darkness,1,0,[0|0|0],6530,100
6600,[Incantation] Golden Vow,1,0,[0|0|0],6600,100
6700,[Incantation] Discus of Light,1,0,[0|0|0],6700,100
6701,[Incantation] Triple Rings of Light,1,0,[0|0|0],6701,100
6710,[Incantation] Radagon's Rings of Light,1,0,[0|0|0],6710,100
6720,[Incantation] Elden Stars,1,0,[0|0|0],6720,100
6730,[Incantation] Law of Regression,1,0,[0|0|0],6730,100
6740,[Incantation] Immutable Shield,1,0,[0|0|0],6740,100
6750,[Incantation] Litany of Proper Death,1,0,[0|0|0],6750,100
6760,[Incantation] Law of Causality,1,0,[0|0|0],6760,100
6770,[Incantation] Order's Blade,1,0,[0|0|0],6770,100
6800,[Incantation] Bestial Sling,1,0,[0|0|0],6800,100
6810,[Incantation] Stone of Gurranq,1,0,[0|0|0],6810,100
6820,[Incantation] Beast Claw,1,0,[0|0|0],6820,100
6830,[Incantation] Gurranq's Beast Claw,1,0,[0|0|0],6830,100
6840,[Incantation] Bestial Vitality,1,0,[0|0|0],6840,100
6900,[Incantation] Lightning Spear,1,0,[0|0|0],6900,100
6910,[Incantation] Ancient Dragons' Lightning Strike,1,0,[0|0|0],6910,100
6920,[Incantation] Lightning Strike,1,0,[0|0|0],6920,100
6921,[Incantation] Frozen Lightning Spear,1,0,[0|0|0],6921,100
6930,[Incantation] Honed Bolt,1,0,[0|0|0],6930,100
6940,[Incantation] Ancient Dragons' Lightning Spear,1,0,[0|0|0],6940,100
6941,[Incantation] Fortissax's Lightning Spear,1,0,[0|0|0],6941,100
6950,[Incantation] Lansseax's Glaive,1,0,[0|0|0],6950,100
6960,[Incantation] Electrify Armament,1,0,[0|0|0],6960,100
6971,[Incantation] Dragonbolt Blessing,1,0,[0|0|0],6971,100
7000,[Incantation] Dragonfire,1,0,[0|0|0],7000,100
7001,[Incantation] Agheel's Flame,1,0,[0|0|0],7001,100
7010,[Incantation] Magma Breath,1,0,[0|0|0],7010,100
7011,[Incantation] Theodorix's Magma,1,0,[0|0|0],7011,100
7020,[Incantation] Dragonice,1,0,[0|0|0],7020,100
7021,[Incantation] Borealis's Mist,1,0,[0|0|0],7021,100
7030,[Incantation] Rotten Breath,1,0,[0|0|0],7030,100
7031,[Incantation] Ekzykes's Decay,1,0,[0|0|0],7031,100
7040,[Incantation] Glintstone Breath,1,0,[0|0|0],7040,100
7041,[Incantation] Smarag's Glint Breath,1,0,[0|0|0],7041,100
7050,[Incantation] Placidusax's Ruin,1,0,[0|0|0],7050,100
7060,[Incantation] Dragonclaw,1,0,[0|0|0],7060,100
7080,[Incantation] Dragonmaw,1,0,[0|0|0],7080,100
7090,[Incantation] Greyoll's Roar,1,0,[0|0|0],7090,100
7200,[Incantation] Pest Threads,1,0,[0|0|0],7200,100
7210,[Incantation] Swarm of Flies,1,0,[0|0|0],7210,100
7220,[Incantation] Poison Mist,1,0,[0|0|0],7220,100
7230,[Incantation] Poison Armament,1,0,[0|0|0],7230,100
7240,[Incantation] Scarlet Aeonia,1,0,[0|0|0],7240,100
7310,[Incantation] The Flame of Frenzy,1,0,[0|0|0],7310,100
7311,[Incantation] Unendurable Frenzy,1,0,[0|0|0],7311,100
7320,[Incantation] Frenzied Burst,1,0,[0|0|0],7320,100
7330,[Incantation] Howl of Shabriri,1,0,[0|0|0],7330,100
7500,[Incantation] Aspects of the Crucible: Tail,1,0,[0|0|0],7500,100
7510,[Incantation] Aspects of the Crucible: Horns,1,0,[0|0|0],7510,100
7520,[Incantation] Aspects of the Crucible: Breath,1,0,[0|0|0],7520,100
7530,[Incantation] Black Blade,1,0,[0|0|0],7530,100
7900,[Incantation] Fire's Deadly Sin,1,0,[0|0|0],7900,100
7903,[Incantation] Golden Lightning Fortification,1,0,[0|0|0],7903,100
1000000,<Table> [Sorcery] Glintstone Pebble,0,0,[0|0|0],4000,10
1000000,<Table> [Sorcery] Great Glintstone Shard,0,0,[0|0|0],4001,10
1000000,<Table> [Sorcery] Swift Glintstone Shard,0,0,[0|0|0],4010,10
1000000,<Table> [Sorcery] Glintstone Stars,0,0,[0|0|0],4040,10
1000000,<Table> [Sorcery] Crystal Barrage,0,0,[0|0|0],4060,10
1000000,<Table> [Sorcery] Glintstone Arc,0,0,[0|0|0],4070,10
1000000,<Table> [Sorcery] Crystal Burst,0,0,[0|0|0],4090,10
1000000,<Table> [Sorcery] Scholar's Armament,0,0,[0|0|0],4460,10
1000000,<Table> [Sorcery] Scholar's Shield,0,0,[0|0|0],4470,10
1000000,<Table> [Sorcery] Glintstone Icecrag,0,0,[0|0|0],4400,10
1000000,<Table> [Sorcery] Frozen Armament,0,0,[0|0|0],4490,10
1000000,<Table> [Sorcery] Ambush Shard,0,0,[0|0|0],4600,10
1000000,<Table> [Sorcery] Night Maiden's Mist,0,0,[0|0|0],6500,10
1000000,<Table> [Sorcery] Oracle Bubbles,0,0,[0|0|0],5100,10
1000100,<Table> [Sorcery] Glintstone Cometshard,0,0,[0|0|0],4020,10
1000100,<Table> [Sorcery] Comet,0,0,[0|0|0],4021,10
1000100,<Table> [Sorcery] Shard Spiral,0,0,[0|0|0],4030,10
1000100,<Table> [Sorcery] Star Shower,0,0,[0|0|0],4050,10
1000100,<Table> [Sorcery] Cannon of Haima,0,0,[0|0|0],4080,10
1000100,<Table> [Sorcery] Gavel of Haima,0,0,[0|0|0],4120,10
1000100,<Table> [Sorcery] Terra Magica,0,0,[0|0|0],4130,10
1000100,<Table> [Sorcery] Thops's Barrier,0,0,[0|0|0],4630,10
1000100,<Table> [Sorcery] Founding Rain of Stars,0,0,[0|0|0],4210,10
1000100,<Table> [Sorcery] Magic Downpour,0,0,[0|0|0],4370,10
1000100,<Table> [Sorcery] Loretta's Greatbow,0,0,[0|0|0],4380,10
1000100,<Table> [Sorcery] Loretta's Mastery,0,0,[0|0|0],4381,10
1000100,<Table> [Sorcery] Zamor Ice Storm,0,0,[0|0|0],4410,10
1000100,<Table> [Sorcery] Freezing Mist,0,0,[0|0|0],4420,10
1000100,<Table> [Sorcery] Carian Retaliation,0,0,[0|0|0],4640,10
1000100,<Table> [Sorcery] Eternal Darkness,0,0,[0|0|0],4650,10
1000100,<Table> [Sorcery] Great Oracular Bubble,0,0,[0|0|0],5110,10
2000000,<Table> [Incantation] Catch Flame,0,0,[0|0|0],6000,10
2000000,<Table> [Incantation] Flame Sling,0,0,[0|0|0],6010,10
2000000,<Table> [Incantation] Flame- Grant Me Strength,0,0,[0|0|0],6050,10
2000000,<Table> Incantation: Poison Armament,0,0,[0|0|0],625,10
2000000,<Table> [Incantation] Black Flame's Protection,0,0,[0|0|0],6260,10
2000000,<Table> [Incantation] Bloodflame Blade,0,0,[0|0|0],6320,10
2000000,<Table> [Incantation] Swarm of Flies,0,0,[0|0|0],7210,10
2000000,<Table> [Incantation] Rejection,0,0,[0|0|0],6400,10
2000000,<Table> [Incantation] Urgent Heal,0,0,[0|0|0],6420,10
2000000,<Table> [Incantation] Heal,0,0,[0|0|0],6421,10
2000000,<Table> [Incantation] Flame Fortification,0,0,[0|0|0],6450,10
2000000,<Table> [Incantation] Magic Fortification,0,0,[0|0|0],6460,10
2000000,<Table> [Incantation] Lightning Fortification,0,0,[0|0|0],6470,10
2000000,<Table> [Incantation] Divine Fortification,0,0,[0|0|0],6480,10
2000000,<Table> [Incantation] Shadow Bait,0,0,[0|0|0],6520,10
2000000,<Table> [Incantation] Golden Vow,0,0,[0|0|0],6600,10
2000000,<Table> [Incantation] Blessing's Boon,0,0,[0|0|0],6430,10
2000000,<Table> [Incantation] Order's Blade,0,0,[0|0|0],6770,10
2000000,<Table> [Incantation] Bestial Vitality,0,0,[0|0|0],6840,10
2000000,<Table> Incantation: Poison Armament,0,0,[0|0|0],685,10
2000000,<Table> [Incantation] Electrify Armament,0,0,[0|0|0],6960,10
2000000,<Table> [Incantation] Pest Threads,0,0,[0|0|0],7200,10
2000000,<Table> [Incantation] Poison Mist,0,0,[0|0|0],7220,10
2000000,<Table> [Incantation] Poison Armament,0,0,[0|0|0],7230,10
2000100,<Table> [Incantation] Flame- Protect Me,0,0,[0|0|0],6060,10
2000100,<Table> [Incantation] Noble Presence,0,0,[0|0|0],6270,10
2000100,<Table> [Incantation] Bloodflame Talons,0,0,[0|0|0],6300,10
2000100,<Table> [Incantation] Bloodboon,0,0,[0|0|0],6310,10
2000100,<Table> [Incantation] Great Heal,0,0,[0|0|0],6422,10
2000100,<Table> [Incantation] Lord's Heal,0,0,[0|0|0],6423,10
2000100,<Table> [Incantation] Lord's Divine Fortification,0,0,[0|0|0],6490,10
2000100,<Table> [Incantation] Darkness,0,0,[0|0|0],6530,10
2000100,<Table> [Incantation] Barrier of Gold,0,0,[0|0|0],6330,10
2000100,<Table> [Incantation] Wrath of Gold,0,0,[0|0|0],6410,10
2000100,<Table> [Incantation] Golden Lightning Fortification,0,0,[0|0|0],7903,10
2000100,<Table> [Incantation] Protection of The Erdtree,0,0,[0|0|0],6340,10
2000100,<Table> [Incantation] Erdtree Heal,0,0,[0|0|0],6424,10
2000100,<Table> [Incantation] Blessing of The Erdtree,0,0,[0|0|0],6431,10
2000100,<Table> [Incantation] Elden Stars,0,0,[0|0|0],6720,10
2000100,<Table> [Incantation] Aspects of the Crucible: Tail,0,0,[0|0|0],7500,10
2000100,<Table> [Incantation] Aspects of the Crucible: Horns,0,0,[0|0|0],7510,10
2000100,<Table> [Incantation] Aspects of the Crucible: Breath,0,0,[0|0|0],7520,10
2000100,<Table> [Incantation] Black Blade,0,0,[0|0|0],7530,10
2000100,<Table> [Incantation] Fire's Deadly Sin,0,0,[0|0|0],7900,10
2000100,<Table> [Incantation] Law of Regression,0,0,[0|0|0],6730,10
2000100,<Table> [Incantation] Immutable Shield,0,0,[0|0|0],6740,10
2000100,<Table> [Incantation] Law of Causality,0,0,[0|0|0],6760,10
2000100,<Table> [Incantation] Dragonbolt Blessing,0,0,[0|0|0],6971,10
2000100,<Table> [Incantation] Placidusax's Ruin,0,0,[0|0|0],7050,10
2000100,<Table> [Incantation] Scarlet Aeonia,0,0,[0|0|0],7240,10
3300000,[Sorcery] Glintstone Pebble,1,0,[0|0|0],4000,100
3300100,<Table> (0% weight),1,0,[0|0|0],4000,0
3300100,<Table> [Sorcery] Great Glintstone Shard,1,0,[0|0|0],4001,130
3300100,<Table> [Sorcery] Swift Glintstone Shard,1,0,[0|0|0],4010,130
3300100,<Table> [Sorcery] Glintstone Cometshard,1,0,[0|0|0],4020,40
3300100,<Table> [Sorcery] Comet,1,0,[0|0|0],4021,10
3300100,<Table> [Sorcery] Shard Spiral,1,0,[0|0|0],4030,40
3300100,<Table> [Sorcery] Glintstone Stars,1,0,[0|0|0],4040,130
3300100,<Table> [Sorcery] Star Shower,1,0,[0|0|0],4050,40
3300100,<Table> [Sorcery] Crystal Barrage,1,0,[0|0|0],4060,130
3300100,<Table> [Sorcery] Glintstone Arc,1,0,[0|0|0],4070,130
3300100,<Table> [Sorcery] Cannon of Haima,1,0,[0|0|0],4080,40
3300100,<Table> [Sorcery] Crystal Burst,1,0,[0|0|0],4090,130
3300100,<Table> [Sorcery] Shatter Earth,1,0,[0|0|0],4100,130
3300100,<Table> [Sorcery] Rock Blaster,1,0,[0|0|0],4110,40
3300100,<Table> [Sorcery] Gavel of Haima,1,0,[0|0|0],4120,40
3300100,<Table> [Sorcery] Terra Magica,1,0,[0|0|0],4130,40
3300100,<Table> [Sorcery] Comet Azur,1,0,[0|0|0],4200,10
3300100,<Table> [Sorcery] Founding Rain of Stars,1,0,[0|0|0],4210,10
3300100,<Table> [Sorcery] Stars of Ruin,1,0,[0|0|0],4220,10
3300100,<Table> [Sorcery] Glintblade Phalanx,1,0,[0|0|0],4300,40
3300100,<Table> [Sorcery] Carian Phalanx,1,0,[0|0|0],4301,40
3300100,<Table> [Sorcery] Greatblade Phalanx,1,0,[0|0|0],4302,40
3300100,<Table> [Sorcery] Rennala's Full Moon,1,0,[0|0|0],4360,10
3300100,<Table> [Sorcery] Ranni's Dark Moon,1,0,[0|0|0],4361,10
3300100,<Table> [Sorcery] Magic Downpour,1,0,[0|0|0],4370,40
3300100,<Table> [Sorcery] Loretta's Greatbow,1,0,[0|0|0],4380,40
3300100,<Table> [Sorcery] Loretta's Mastery,1,0,[0|0|0],4381,10
3300100,<Table> [Sorcery] Magic Glintblade,1,0,[0|0|0],4390,130
3300100,<Table> [Sorcery] Glintstone Icecrag,1,0,[0|0|0],4400,130
3300100,<Table> [Sorcery] Zamor Ice Storm,1,0,[0|0|0],4410,40
3300100,<Table> [Sorcery] Freezing Mist,1,0,[0|0|0],4420,40
3300100,<Table> [Sorcery] Carian Greatsword,1,0,[0|0|0],4430,130
3300100,<Table> [Sorcery] Adula's Moonblade,1,0,[0|0|0],4431,40
3300100,<Table> [Sorcery] Carian Slicer,1,0,[0|0|0],4440,130
3300100,<Table> [Sorcery] Carian Piercer,1,0,[0|0|0],4450,40
3300100,<Table> [Sorcery] Scholar's Armament,1,0,[0|0|0],4460,130
3300100,<Table> [Sorcery] Scholar's Shield,1,0,[0|0|0],4470,130
3300100,<Table> [Sorcery] Frozen Armament,1,0,[0|0|0],4490,40
3300100,<Table> [Sorcery] Shattering Crystal,1,0,[0|0|0],4500,10
3300100,<Table> [Sorcery] Crystal Release,1,0,[0|0|0],4510,40
3300100,<Table> [Sorcery] Crystal Torrent,1,0,[0|0|0],4520,10
3300100,<Table> [Sorcery] Ambush Shard,1,0,[0|0|0],4600,40
3300100,<Table> [Sorcery] Night Shard,1,0,[0|0|0],4610,40
3300100,<Table> [Sorcery] Night Comet,1,0,[0|0|0],4620,40
3300100,<Table> [Sorcery] Thops's Barrier,1,0,[0|0|0],4630,40
3300100,<Table> [Sorcery] Carian Retaliation,1,0,[0|0|0],4640,40
3300100,<Table> [Sorcery] Eternal Darkness,1,0,[0|0|0],4650,40
3300100,<Table> [Sorcery] Meteorite,1,0,[0|0|0],4700,40
3300100,<Table> [Sorcery] Meteorite of Astel,1,0,[0|0|0],4701,10
3300100,<Table> [Sorcery] Rock Sling,1,0,[0|0|0],4710,40
3300100,<Table> [Sorcery] Gravity Well,1,0,[0|0|0],4720,40
3300100,<Table> [Sorcery] Collapsing Stars,1,0,[0|0|0],4721,10
3300100,<Table> [Sorcery] Magma Shot,1,0,[0|0|0],4800,40
3300100,<Table> [Sorcery] Gelmir's Fury,1,0,[0|0|0],4810,10
3300100,<Table> [Sorcery] Roiling Magma,1,0,[0|0|0],4820,10
3300100,<Table> [Sorcery] Rykard's Rancor,1,0,[0|0|0],4830,10
3300100,<Table> [Sorcery] Briars of Sin,1,0,[0|0|0],4900,40
3300100,<Table> [Sorcery] Briars of Punishment,1,0,[0|0|0],4910,40
3300100,<Table> [Sorcery] Rancorcall,1,0,[0|0|0],5000,40
3300100,<Table> [Sorcery] Ancient Death Rancor,1,0,[0|0|0],5001,10
3300100,<Table> [Sorcery] Explosive Ghostflame,1,0,[0|0|0],5010,10
3300100,<Table> [Sorcery] Tibia's Summons,1,0,[0|0|0],5030,10
3300100,<Table> [Sorcery] Oracle Bubbles,1,0,[0|0|0],5100,40
3300100,<Table> [Sorcery] Great Oracular Bubble,1,0,[0|0|0],5110,40
3300100,<Table> [Sorcery] Night Maiden's Mist,1,0,[0|0|0],6500,130
3304000,[Sorcery] Shattering Crystal,1,0,[0|0|0],4500,100
3304100,<Table> [Sorcery] Glintstone Pebble,1,0,[0|0|0],4000,90
3304100,<Table> [Sorcery] Great Glintstone Shard,1,0,[0|0|0],4001,90
3304100,<Table> [Sorcery] Swift Glintstone Shard,1,0,[0|0|0],4010,90
3304100,<Table> [Sorcery] Glintstone Cometshard,1,0,[0|0|0],4020,45
3304100,<Table> [Sorcery] Comet,1,0,[0|0|0],4021,20
3304100,<Table> [Sorcery] Shard Spiral,1,0,[0|0|0],4030,45
3304100,<Table> [Sorcery] Glintstone Stars,1,0,[0|0|0],4040,90
3304100,<Table> [Sorcery] Star Shower,1,0,[0|0|0],4050,45
3304100,<Table> [Sorcery] Crystal Barrage,1,0,[0|0|0],4060,90
3304100,<Table> [Sorcery] Glintstone Arc,1,0,[0|0|0],4070,90
3304100,<Table> [Sorcery] Cannon of Haima,1,0,[0|0|0],4080,45
3304100,<Table> [Sorcery] Crystal Burst,1,0,[0|0|0],4090,90
3304100,<Table> [Sorcery] Shatter Earth,1,0,[0|0|0],4100,90
3304100,<Table> [Sorcery] Rock Blaster,1,0,[0|0|0],4110,45
3304100,<Table> [Sorcery] Gavel of Haima,1,0,[0|0|0],4120,45
3304100,<Table> [Sorcery] Terra Magica,1,0,[0|0|0],4130,45
3304100,<Table> [Sorcery] Comet Azur,1,0,[0|0|0],4200,20
3304100,<Table> [Sorcery] Founding Rain of Stars,1,0,[0|0|0],4210,20
3304100,<Table> [Sorcery] Stars of Ruin,1,0,[0|0|0],4220,20
3304100,<Table> [Sorcery] Glintblade Phalanx,1,0,[0|0|0],4300,45
3304100,<Table> [Sorcery] Carian Phalanx,1,0,[0|0|0],4301,45
3304100,<Table> [Sorcery] Greatblade Phalanx,1,0,[0|0|0],4302,45
3304100,<Table> [Sorcery] Rennala's Full Moon,1,0,[0|0|0],4360,20
3304100,<Table> [Sorcery] Ranni's Dark Moon,1,0,[0|0|0],4361,20
3304100,<Table> [Sorcery] Magic Downpour,1,0,[0|0|0],4370,45
3304100,<Table> [Sorcery] Loretta's Greatbow,1,0,[0|0|0],4380,45
3304100,<Table> [Sorcery] Loretta's Mastery,1,0,[0|0|0],4381,20
3304100,<Table> [Sorcery] Magic Glintblade,1,0,[0|0|0],4390,90
3304100,<Table> [Sorcery] Glintstone Icecrag,1,0,[0|0|0],4400,90
3304100,<Table> [Sorcery] Zamor Ice Storm,1,0,[0|0|0],4410,45
3304100,<Table> [Sorcery] Freezing Mist,1,0,[0|0|0],4420,45
3304100,<Table> [Sorcery] Carian Greatsword,1,0,[0|0|0],4430,90
3304100,<Table> [Sorcery] Adula's Moonblade,1,0,[0|0|0],4431,45
3304100,<Table> [Sorcery] Carian Slicer,1,0,[0|0|0],4440,90
3304100,<Table> [Sorcery] Carian Piercer,1,0,[0|0|0],4450,45
3304100,<Table> [Sorcery] Scholar's Armament,1,0,[0|0|0],4460,90
3304100,<Table> [Sorcery] Scholar's Shield,1,0,[0|0|0],4470,90
3304100,<Table> [Sorcery] Frozen Armament,1,0,[0|0|0],4490,45
3304100,<Table> (0% weight),1,0,[0|0|0],4500,0
3304100,<Table> [Sorcery] Crystal Release,1,0,[0|0|0],4510,20
3304100,<Table> [Sorcery] Crystal Torrent,1,0,[0|0|0],4520,20
3304100,<Table> [Sorcery] Ambush Shard,1,0,[0|0|0],4600,45
3304100,<Table> [Sorcery] Night Shard,1,0,[0|0|0],4610,45
3304100,<Table> [Sorcery] Night Comet,1,0,[0|0|0],4620,45
3304100,<Table> [Sorcery] Thops's Barrier,1,0,[0|0|0],4630,45
3304100,<Table> [Sorcery] Carian Retaliation,1,0,[0|0|0],4640,45
3304100,<Table> [Sorcery] Eternal Darkness,1,0,[0|0|0],4650,45
3304100,<Table> [Sorcery] Meteorite,1,0,[0|0|0],4700,45
3304100,<Table> [Sorcery] Meteorite of Astel,1,0,[0|0|0],4701,20
3304100,<Table> [Sorcery] Rock Sling,1,0,[0|0|0],4710,45
3304100,<Table> [Sorcery] Gravity Well,1,0,[0|0|0],4720,45
3304100,<Table> [Sorcery] Collapsing Stars,1,0,[0|0|0],4721,20
3304100,<Table> [Sorcery] Magma Shot,1,0,[0|0|0],4800,45
3304100,<Table> [Sorcery] Gelmir's Fury,1,0,[0|0|0],4810,20
3304100,<Table> [Sorcery] Roiling Magma,1,0,[0|0|0],4820,20
3304100,<Table> [Sorcery] Rykard's Rancor,1,0,[0|0|0],4830,20
3304100,<Table> [Sorcery] Briars of Sin,1,0,[0|0|0],4900,45
3304100,<Table> [Sorcery] Briars of Punishment,1,0,[0|0|0],4910,45
3304100,<Table> [Sorcery] Rancorcall,1,0,[0|0|0],5000,45
3304100,<Table> [Sorcery] Ancient Death Rancor,1,0,[0|0|0],5001,20
3304100,<Table> [Sorcery] Explosive Ghostflame,1,0,[0|0|0],5010,20
3304100,<Table> [Sorcery] Tibia's Summons,1,0,[0|0|0],5030,20
3304100,<Table> [Sorcery] Oracle Bubbles,1,0,[0|0|0],5100,45
3304100,<Table> [Sorcery] Great Oracular Bubble,1,0,[0|0|0],5110,45
3304100,<Table> [Sorcery] Night Maiden's Mist,1,0,[0|0|0],6500,90
3305000,[Sorcery] Magma Shot,1,0,[0|0|0],4800,100
3305100,<Table> [Sorcery] Glintstone Pebble,1,0,[0|0|0],4000,90
3305100,<Table> [Sorcery] Great Glintstone Shard,1,0,[0|0|0],4001,90
3305100,<Table> [Sorcery] Swift Glintstone Shard,1,0,[0|0|0],4010,90
3305100,<Table> [Sorcery] Glintstone Cometshard,1,0,[0|0|0],4020,45
3305100,<Table> [Sorcery] Comet,1,0,[0|0|0],4021,20
3305100,<Table> [Sorcery] Shard Spiral,1,0,[0|0|0],4030,45
3305100,<Table> [Sorcery] Glintstone Stars,1,0,[0|0|0],4040,90
3305100,<Table> [Sorcery] Star Shower,1,0,[0|0|0],4050,45
3305100,<Table> [Sorcery] Crystal Barrage,1,0,[0|0|0],4060,90
3305100,<Table> [Sorcery] Glintstone Arc,1,0,[0|0|0],4070,90
3305100,<Table> [Sorcery] Cannon of Haima,1,0,[0|0|0],4080,45
3305100,<Table> [Sorcery] Crystal Burst,1,0,[0|0|0],4090,90
3305100,<Table> [Sorcery] Shatter Earth,1,0,[0|0|0],4100,90
3305100,<Table> [Sorcery] Rock Blaster,1,0,[0|0|0],4110,45
3305100,<Table> [Sorcery] Gavel of Haima,1,0,[0|0|0],4120,45
3305100,<Table> [Sorcery] Terra Magica,1,0,[0|0|0],4130,45
3305100,<Table> [Sorcery] Comet Azur,1,0,[0|0|0],4200,20
3305100,<Table> [Sorcery] Founding Rain of Stars,1,0,[0|0|0],4210,20
3305100,<Table> [Sorcery] Stars of Ruin,1,0,[0|0|0],4220,20
3305100,<Table> [Sorcery] Glintblade Phalanx,1,0,[0|0|0],4300,45
3305100,<Table> [Sorcery] Carian Phalanx,1,0,[0|0|0],4301,45
3305100,<Table> [Sorcery] Greatblade Phalanx,1,0,[0|0|0],4302,45
3305100,<Table> [Sorcery] Rennala's Full Moon,1,0,[0|0|0],4360,20
3305100,<Table> [Sorcery] Ranni's Dark Moon,1,0,[0|0|0],4361,20
3305100,<Table> [Sorcery] Magic Downpour,1,0,[0|0|0],4370,45
3305100,<Table> [Sorcery] Loretta's Greatbow,1,0,[0|0|0],4380,45
3305100,<Table> [Sorcery] Loretta's Mastery,1,0,[0|0|0],4381,20
3305100,<Table> [Sorcery] Magic Glintblade,1,0,[0|0|0],4390,90
3305100,<Table> [Sorcery] Glintstone Icecrag,1,0,[0|0|0],4400,90
3305100,<Table> [Sorcery] Zamor Ice Storm,1,0,[0|0|0],4410,45
3305100,<Table> [Sorcery] Freezing Mist,1,0,[0|0|0],4420,45
3305100,<Table> [Sorcery] Carian Greatsword,1,0,[0|0|0],4430,90
3305100,<Table> [Sorcery] Adula's Moonblade,1,0,[0|0|0],4431,45
3305100,<Table> [Sorcery] Carian Slicer,1,0,[0|0|0],4440,90
3305100,<Table> [Sorcery] Carian Piercer,1,0,[0|0|0],4450,45
3305100,<Table> [Sorcery] Scholar's Armament,1,0,[0|0|0],4460,90
3305100,<Table> [Sorcery] Scholar's Shield,1,0,[0|0|0],4470,90
3305100,<Table> [Sorcery] Frozen Armament,1,0,[0|0|0],4490,45
3305100,<Table> [Sorcery] Shattering Crystal,1,0,[0|0|0],4500,20
3305100,<Table> [Sorcery] Crystal Release,1,0,[0|0|0],4510,45
3305100,<Table> [Sorcery] Crystal Torrent,1,0,[0|0|0],4520,20
3305100,<Table> [Sorcery] Ambush Shard,1,0,[0|0|0],4600,45
3305100,<Table> [Sorcery] Night Shard,1,0,[0|0|0],4610,45
3305100,<Table> [Sorcery] Night Comet,1,0,[0|0|0],4620,45
3305100,<Table> [Sorcery] Thops's Barrier,1,0,[0|0|0],4630,45
3305100,<Table> [Sorcery] Carian Retaliation,1,0,[0|0|0],4640,45
3305100,<Table> [Sorcery] Eternal Darkness,1,0,[0|0|0],4650,45
3305100,<Table> [Sorcery] Meteorite,1,0,[0|0|0],4700,45
3305100,<Table> [Sorcery] Meteorite of Astel,1,0,[0|0|0],4701,20
3305100,<Table> [Sorcery] Rock Sling,1,0,[0|0|0],4710,45
3305100,<Table> [Sorcery] Gravity Well,1,0,[0|0|0],4720,45
3305100,<Table> [Sorcery] Collapsing Stars,1,0,[0|0|0],4721,20
3305100,<Table> (0% weight),1,0,[0|0|0],4800,0
3305100,<Table> [Sorcery] Gelmir's Fury,1,0,[0|0|0],4810,20
3305100,<Table> [Sorcery] Roiling Magma,1,0,[0|0|0],4820,20
3305100,<Table> [Sorcery] Rykard's Rancor,1,0,[0|0|0],4830,20
3305100,<Table> [Sorcery] Briars of Sin,1,0,[0|0|0],4900,45
3305100,<Table> [Sorcery] Briars of Punishment,1,0,[0|0|0],4910,45
3305100,<Table> [Sorcery] Rancorcall,1,0,[0|0|0],5000,45
3305100,<Table> [Sorcery] Ancient Death Rancor,1,0,[0|0|0],5001,20
3305100,<Table> [Sorcery] Explosive Ghostflame,1,0,[0|0|0],5010,20
3305100,<Table> [Sorcery] Tibia's Summons,1,0,[0|0|0],5030,20
3305100,<Table> [Sorcery] Oracle Bubbles,1,0,[0|0|0],5100,45
3305100,<Table> [Sorcery] Great Oracular Bubble,1,0,[0|0|0],5110,45
3305100,<Table> [Sorcery] Night Maiden's Mist,1,0,[0|0|0],6500,90
3306000,[Sorcery] Glintstone Pebble,1,0,[0|0|0],4000,100
3306100,<Table> (0% weight),1,0,[0|0|0],4000,0
3306100,<Table> [Sorcery] Great Glintstone Shard,1,0,[0|0|0],4001,130
3306100,<Table> [Sorcery] Swift Glintstone Shard,1,0,[0|0|0],4010,130
3306100,<Table> [Sorcery] Glintstone Cometshard,1,0,[0|0|0],4020,40
3306100,<Table> [Sorcery] Comet,1,0,[0|0|0],4021,10
3306100,<Table> [Sorcery] Shard Spiral,1,0,[0|0|0],4030,40
3306100,<Table> [Sorcery] Glintstone Stars,1,0,[0|0|0],4040,130
3306100,<Table> [Sorcery] Star Shower,1,0,[0|0|0],4050,40
3306100,<Table> [Sorcery] Crystal Barrage,1,0,[0|0|0],4060,130
3306100,<Table> [Sorcery] Glintstone Arc,1,0,[0|0|0],4070,130
3306100,<Table> [Sorcery] Cannon of Haima,1,0,[0|0|0],4080,40
3306100,<Table> [Sorcery] Crystal Burst,1,0,[0|0|0],4090,130
3306100,<Table> [Sorcery] Shatter Earth,1,0,[0|0|0],4100,130
3306100,<Table> [Sorcery] Rock Blaster,1,0,[0|0|0],4110,40
3306100,<Table> [Sorcery] Gavel of Haima,1,0,[0|0|0],4120,40
3306100,<Table> [Sorcery] Terra Magica,1,0,[0|0|0],4130,40
3306100,<Table> [Sorcery] Comet Azur,1,0,[0|0|0],4200,10
3306100,<Table> [Sorcery] Founding Rain of Stars,1,0,[0|0|0],4210,10
3306100,<Table> [Sorcery] Stars of Ruin,1,0,[0|0|0],4220,10
3306100,<Table> [Sorcery] Glintblade Phalanx,1,0,[0|0|0],4300,40
3306100,<Table> [Sorcery] Carian Phalanx,1,0,[0|0|0],4301,40
3306100,<Table> [Sorcery] Greatblade Phalanx,1,0,[0|0|0],4302,40
3306100,<Table> [Sorcery] Rennala's Full Moon,1,0,[0|0|0],4360,10
3306100,<Table> [Sorcery] Ranni's Dark Moon,1,0,[0|0|0],4361,10
3306100,<Table> [Sorcery] Magic Downpour,1,0,[0|0|0],4370,40
3306100,<Table> [Sorcery] Loretta's Greatbow,1,0,[0|0|0],4380,40
3306100,<Table> [Sorcery] Loretta's Mastery,1,0,[0|0|0],4381,10
3306100,<Table> [Sorcery] Magic Glintblade,1,0,[0|0|0],4390,130
3306100,<Table> [Sorcery] Glintstone Icecrag,1,0,[0|0|0],4400,130
3306100,<Table> [Sorcery] Zamor Ice Storm,1,0,[0|0|0],4410,40
3306100,<Table> [Sorcery] Freezing Mist,1,0,[0|0|0],4420,40
3306100,<Table> [Sorcery] Carian Greatsword,1,0,[0|0|0],4430,130
3306100,<Table> [Sorcery] Adula's Moonblade,1,0,[0|0|0],4431,40
3306100,<Table> [Sorcery] Carian Slicer,1,0,[0|0|0],4440,130
3306100,<Table> [Sorcery] Carian Piercer,1,0,[0|0|0],4450,40
3306100,<Table> [Sorcery] Scholar's Armament,1,0,[0|0|0],4460,130
3306100,<Table> [Sorcery] Scholar's Shield,1,0,[0|0|0],4470,130
3306100,<Table> [Sorcery] Frozen Armament,1,0,[0|0|0],4490,40
3306100,<Table> [Sorcery] Shattering Crystal,1,0,[0|0|0],4500,10
3306100,<Table> [Sorcery] Crystal Release,1,0,[0|0|0],4510,40
3306100,<Table> [Sorcery] Crystal Torrent,1,0,[0|0|0],4520,10
3306100,<Table> [Sorcery] Ambush Shard,1,0,[0|0|0],4600,40
3306100,<Table> [Sorcery] Night Shard,1,0,[0|0|0],4610,40
3306100,<Table> [Sorcery] Night Comet,1,0,[0|0|0],4620,40
3306100,<Table> [Sorcery] Thops's Barrier,1,0,[0|0|0],4630,40
3306100,<Table> [Sorcery] Carian Retaliation,1,0,[0|0|0],4640,40
3306100,<Table> [Sorcery] Eternal Darkness,1,0,[0|0|0],4650,40
3306100,<Table> [Sorcery] Meteorite,1,0,[0|0|0],4700,40
3306100,<Table> [Sorcery] Meteorite of Astel,1,0,[0|0|0],4701,10
3306100,<Table> [Sorcery] Rock Sling,1,0,[0|0|0],4710,40
3306100,<Table> [Sorcery] Gravity Well,1,0,[0|0|0],4720,40
3306100,<Table> [Sorcery] Collapsing Stars,1,0,[0|0|0],4721,10
3306100,<Table> [Sorcery] Magma Shot,1,0,[0|0|0],4800,40
3306100,<Table> [Sorcery] Gelmir's Fury,1,0,[0|0|0],4810,10
3306100,<Table> [Sorcery] Roiling Magma,1,0,[0|0|0],4820,10
3306100,<Table> [Sorcery] Rykard's Rancor,1,0,[0|0|0],4830,10
3306100,<Table> [Sorcery] Briars of Sin,1,0,[0|0|0],4900,40
3306100,<Table> [Sorcery] Briars of Punishment,1,0,[0|0|0],4910,40
3306100,<Table> [Sorcery] Rancorcall,1,0,[0|0|0],5000,40
3306100,<Table> [Sorcery] Ancient Death Rancor,1,0,[0|0|0],5001,10
3306100,<Table> [Sorcery] Explosive Ghostflame,1,0,[0|0|0],5010,10
3306100,<Table> [Sorcery] Tibia's Summons,1,0,[0|0|0],5030,10
3306100,<Table> [Sorcery] Oracle Bubbles,1,0,[0|0|0],5100,40
3306100,<Table> [Sorcery] Great Oracular Bubble,1,0,[0|0|0],5110,40
3306100,<Table> [Sorcery] Night Maiden's Mist,1,0,[0|0|0],6500,130
3309000,[Sorcery] Rennala's Full Moon,1,0,[0|0|0],4360,100
3309100,<Table> [Sorcery] Glintstone Pebble,1,0,[0|0|0],4000,10
3309100,<Table> [Sorcery] Great Glintstone Shard,1,0,[0|0|0],4001,100
3309100,<Table> [Sorcery] Swift Glintstone Shard,1,0,[0|0|0],4010,10
3309100,<Table> [Sorcery] Glintstone Cometshard,1,0,[0|0|0],4020,20
3309100,<Table> [Sorcery] Comet,1,0,[0|0|0],4021,100
3309100,<Table> [Sorcery] Shard Spiral,1,0,[0|0|0],4030,20
3309100,<Table> [Sorcery] Glintstone Stars,1,0,[0|0|0],4040,10
3309100,<Table> [Sorcery] Star Shower,1,0,[0|0|0],4050,20
3309100,<Table> [Sorcery] Crystal Barrage,1,0,[0|0|0],4060,10
3309100,<Table> [Sorcery] Glintstone Arc,1,0,[0|0|0],4070,10
3309100,<Table> [Sorcery] Cannon of Haima,1,0,[0|0|0],4080,20
3309100,<Table> [Sorcery] Crystal Burst,1,0,[0|0|0],4090,10
3309100,<Table> [Sorcery] Shatter Earth,1,0,[0|0|0],4100,10
3309100,<Table> [Sorcery] Rock Blaster,1,0,[0|0|0],4110,20
3309100,<Table> [Sorcery] Gavel of Haima,1,0,[0|0|0],4120,20
3309100,<Table> [Sorcery] Terra Magica,1,0,[0|0|0],4130,20
3309100,<Table> [Sorcery] Comet Azur,1,0,[0|0|0],4200,100
3309100,<Table> [Sorcery] Founding Rain of Stars,1,0,[0|0|0],4210,100
3309100,<Table> [Sorcery] Stars of Ruin,1,0,[0|0|0],4220,100
3309100,<Table> [Sorcery] Glintblade Phalanx,1,0,[0|0|0],4300,20
3309100,<Table> [Sorcery] Carian Phalanx,1,0,[0|0|0],4301,20
3309100,<Table> [Sorcery] Greatblade Phalanx,1,0,[0|0|0],4302,20
3309100,<Table> (0% weight),1,0,[0|0|0],4360,0
3309100,<Table> [Sorcery] Ranni's Dark Moon,1,0,[0|0|0],4361,100
3309100,<Table> [Sorcery] Magic Downpour,1,0,[0|0|0],4370,20
3309100,<Table> [Sorcery] Loretta's Greatbow,1,0,[0|0|0],4380,20
3309100,<Table> [Sorcery] Loretta's Mastery,1,0,[0|0|0],4381,100
3309100,<Table> [Sorcery] Magic Glintblade,1,0,[0|0|0],4390,10
3309100,<Table> [Sorcery] Glintstone Icecrag,1,0,[0|0|0],4400,10
3309100,<Table> [Sorcery] Zamor Ice Storm,1,0,[0|0|0],4410,20
3309100,<Table> [Sorcery] Freezing Mist,1,0,[0|0|0],4420,20
3309100,<Table> [Sorcery] Carian Greatsword,1,0,[0|0|0],4430,10
3309100,<Table> [Sorcery] Adula's Moonblade,1,0,[0|0|0],4431,20
3309100,<Table> [Sorcery] Carian Slicer,1,0,[0|0|0],4440,10
3309100,<Table> [Sorcery] Carian Piercer,1,0,[0|0|0],4450,20
3309100,<Table> [Sorcery] Scholar's Armament,1,0,[0|0|0],4460,10
3309100,<Table> [Sorcery] Scholar's Shield,1,0,[0|0|0],4470,10
3309100,<Table> [Sorcery] Frozen Armament,1,0,[0|0|0],4490,20
3309100,<Table> [Sorcery] Shattering Crystal,1,0,[0|0|0],4500,100
3309100,<Table> [Sorcery] Crystal Release,1,0,[0|0|0],4510,20
3309100,<Table> [Sorcery] Crystal Torrent,1,0,[0|0|0],4520,100
3309100,<Table> [Sorcery] Ambush Shard,1,0,[0|0|0],4600,20
3309100,<Table> [Sorcery] Night Shard,1,0,[0|0|0],4610,20
3309100,<Table> [Sorcery] Night Comet,1,0,[0|0|0],4620,20
3309100,<Table> [Sorcery] Thops's Barrier,1,0,[0|0|0],4630,20
3309100,<Table> [Sorcery] Carian Retaliation,1,0,[0|0|0],4640,20
3309100,<Table> [Sorcery] Eternal Darkness,1,0,[0|0|0],4650,20
3309100,<Table> [Sorcery] Meteorite,1,0,[0|0|0],4700,20
3309100,<Table> [Sorcery] Meteorite of Astel,1,0,[0|0|0],4701,100
3309100,<Table> [Sorcery] Rock Sling,1,0,[0|0|0],4710,20
3309100,<Table> [Sorcery] Gravity Well,1,0,[0|0|0],4720,20
3309100,<Table> [Sorcery] Collapsing Stars,1,0,[0|0|0],4721,100
3309100,<Table> [Sorcery] Magma Shot,1,0,[0|0|0],4800,20
3309100,<Table> [Sorcery] Gelmir's Fury,1,0,[0|0|0],4810,100
3309100,<Table> [Sorcery] Roiling Magma,1,0,[0|0|0],4820,100
3309100,<Table> [Sorcery] Rykard's Rancor,1,0,[0|0|0],4830,100
3309100,<Table> [Sorcery] Briars of Sin,1,0,[0|0|0],4900,20
3309100,<Table> [Sorcery] Briars of Punishment,1,0,[0|0|0],4910,20
3309100,<Table> [Sorcery] Rancorcall,1,0,[0|0|0],5000,20
3309100,<Table> [Sorcery] Ancient Death Rancor,1,0,[0|0|0],5001,100
3309100,<Table> [Sorcery] Explosive Ghostflame,1,0,[0|0|0],5010,100
3309100,<Table> [Sorcery] Tibia's Summons,1,0,[0|0|0],5030,100
3309100,<Table> [Sorcery] Oracle Bubbles,1,0,[0|0|0],5100,20
3309100,<Table> [Sorcery] Great Oracular Bubble,1,0,[0|0|0],5110,20
3309100,<Table> [Sorcery] Night Maiden's Mist,1,0,[0|0|0],6500,10
3312000,[Sorcery] Shatter Earth,1,0,[0|0|0],4100,100
3312100,<Table> [Sorcery] Glintstone Pebble,1,0,[0|0|0],4000,130
3312100,<Table> [Sorcery] Great Glintstone Shard,1,0,[0|0|0],4001,130
3312100,<Table> [Sorcery] Swift Glintstone Shard,1,0,[0|0|0],4010,130
3312100,<Table> [Sorcery] Glintstone Cometshard,1,0,[0|0|0],4020,40
3312100,<Table> [Sorcery] Comet,1,0,[0|0|0],4021,10
3312100,<Table> [Sorcery] Shard Spiral,1,0,[0|0|0],4030,40
3312100,<Table> [Sorcery] Glintstone Stars,1,0,[0|0|0],4040,130
3312100,<Table> [Sorcery] Star Shower,1,0,[0|0|0],4050,40
3312100,<Table> [Sorcery] Crystal Barrage,1,0,[0|0|0],4060,130
3312100,<Table> [Sorcery] Glintstone Arc,1,0,[0|0|0],4070,130
3312100,<Table> [Sorcery] Cannon of Haima,1,0,[0|0|0],4080,40
3312100,<Table> [Sorcery] Crystal Burst,1,0,[0|0|0],4090,130
3312100,<Table> (0% weight),1,0,[0|0|0],4100,0
3312100,<Table> [Sorcery] Rock Blaster,1,0,[0|0|0],4110,40
3312100,<Table> [Sorcery] Gavel of Haima,1,0,[0|0|0],4120,40
3312100,<Table> [Sorcery] Terra Magica,1,0,[0|0|0],4130,40
3312100,<Table> [Sorcery] Comet Azur,1,0,[0|0|0],4200,10
3312100,<Table> [Sorcery] Founding Rain of Stars,1,0,[0|0|0],4210,10
3312100,<Table> [Sorcery] Stars of Ruin,1,0,[0|0|0],4220,10
3312100,<Table> [Sorcery] Glintblade Phalanx,1,0,[0|0|0],4300,40
3312100,<Table> [Sorcery] Carian Phalanx,1,0,[0|0|0],4301,40
3312100,<Table> [Sorcery] Greatblade Phalanx,1,0,[0|0|0],4302,40
3312100,<Table> [Sorcery] Rennala's Full Moon,1,0,[0|0|0],4360,10
3312100,<Table> [Sorcery] Ranni's Dark Moon,1,0,[0|0|0],4361,10
3312100,<Table> [Sorcery] Magic Downpour,1,0,[0|0|0],4370,40
3312100,<Table> [Sorcery] Loretta's Greatbow,1,0,[0|0|0],4380,40
3312100,<Table> [Sorcery] Loretta's Mastery,1,0,[0|0|0],4381,10
3312100,<Table> [Sorcery] Magic Glintblade,1,0,[0|0|0],4390,130
3312100,<Table> [Sorcery] Glintstone Icecrag,1,0,[0|0|0],4400,130
3312100,<Table> [Sorcery] Zamor Ice Storm,1,0,[0|0|0],4410,40
3312100,<Table> [Sorcery] Freezing Mist,1,0,[0|0|0],4420,40
3312100,<Table> [Sorcery] Carian Greatsword,1,0,[0|0|0],4430,130
3312100,<Table> [Sorcery] Adula's Moonblade,1,0,[0|0|0],4431,40
3312100,<Table> [Sorcery] Carian Slicer,1,0,[0|0|0],4440,130
3312100,<Table> [Sorcery] Carian Piercer,1,0,[0|0|0],4450,40
3312100,<Table> [Sorcery] Scholar's Armament,1,0,[0|0|0],4460,130
3312100,<Table> [Sorcery] Scholar's Shield,1,0,[0|0|0],4470,130
3312100,<Table> [Sorcery] Frozen Armament,1,0,[0|0|0],4490,40
3312100,<Table> [Sorcery] Shattering Crystal,1,0,[0|0|0],4500,10
3312100,<Table> [Sorcery] Crystal Release,1,0,[0|0|0],4510,40
3312100,<Table> [Sorcery] Crystal Torrent,1,0,[0|0|0],4520,10
3312100,<Table> [Sorcery] Ambush Shard,1,0,[0|0|0],4600,40
3312100,<Table> [Sorcery] Night Shard,1,0,[0|0|0],4610,40
3312100,<Table> [Sorcery] Night Comet,1,0,[0|0|0],4620,40
3312100,<Table> [Sorcery] Thops's Barrier,1,0,[0|0|0],4630,40
3312100,<Table> [Sorcery] Carian Retaliation,1,0,[0|0|0],4640,40
3312100,<Table> [Sorcery] Eternal Darkness,1,0,[0|0|0],4650,40
3312100,<Table> [Sorcery] Meteorite,1,0,[0|0|0],4700,40
3312100,<Table> [Sorcery] Meteorite of Astel,1,0,[0|0|0],4701,10
3312100,<Table> [Sorcery] Rock Sling,1,0,[0|0|0],4710,40
3312100,<Table> [Sorcery] Gravity Well,1,0,[0|0|0],4720,40
3312100,<Table> [Sorcery] Collapsing Stars,1,0,[0|0|0],4721,10
3312100,<Table> [Sorcery] Magma Shot,1,0,[0|0|0],4800,40
3312100,<Table> [Sorcery] Gelmir's Fury,1,0,[0|0|0],4810,10
3312100,<Table> [Sorcery] Roiling Magma,1,0,[0|0|0],4820,10
3312100,<Table> [Sorcery] Rykard's Rancor,1,0,[0|0|0],4830,10
3312100,<Table> [Sorcery] Briars of Sin,1,0,[0|0|0],4900,40
3312100,<Table> [Sorcery] Briars of Punishment,1,0,[0|0|0],4910,40
3312100,<Table> [Sorcery] Rancorcall,1,0,[0|0|0],5000,40
3312100,<Table> [Sorcery] Ancient Death Rancor,1,0,[0|0|0],5001,10
3312100,<Table> [Sorcery] Explosive Ghostflame,1,0,[0|0|0],5010,10
3312100,<Table> [Sorcery] Tibia's Summons,1,0,[0|0|0],5030,10
3312100,<Table> [Sorcery] Oracle Bubbles,1,0,[0|0|0],5100,40
3312100,<Table> [Sorcery] Great Oracular Bubble,1,0,[0|0|0],5110,40
3312100,<Table> [Sorcery] Night Maiden's Mist,1,0,[0|0|0],6500,130
3313000,[Sorcery] Glintstone Pebble,1,0,[0|0|0],4000,100
3313100,<Table> (0% weight),1,0,[0|0|0],4000,0
3313100,<Table> [Sorcery] Great Glintstone Shard,1,0,[0|0|0],4001,130
3313100,<Table> [Sorcery] Swift Glintstone Shard,1,0,[0|0|0],4010,130
3313100,<Table> [Sorcery] Glintstone Cometshard,1,0,[0|0|0],4020,40
3313100,<Table> [Sorcery] Comet,1,0,[0|0|0],4021,10
3313100,<Table> [Sorcery] Shard Spiral,1,0,[0|0|0],4030,40
3313100,<Table> [Sorcery] Glintstone Stars,1,0,[0|0|0],4040,130
3313100,<Table> [Sorcery] Star Shower,1,0,[0|0|0],4050,40
3313100,<Table> [Sorcery] Crystal Barrage,1,0,[0|0|0],4060,130
3313100,<Table> [Sorcery] Glintstone Arc,1,0,[0|0|0],4070,130
3313100,<Table> [Sorcery] Cannon of Haima,1,0,[0|0|0],4080,40
3313100,<Table> [Sorcery] Crystal Burst,1,0,[0|0|0],4090,130
3313100,<Table> [Sorcery] Shatter Earth,1,0,[0|0|0],4100,130
3313100,<Table> [Sorcery] Rock Blaster,1,0,[0|0|0],4110,40
3313100,<Table> [Sorcery] Gavel of Haima,1,0,[0|0|0],4120,40
3313100,<Table> [Sorcery] Terra Magica,1,0,[0|0|0],4130,40
3313100,<Table> [Sorcery] Comet Azur,1,0,[0|0|0],4200,10
3313100,<Table> [Sorcery] Founding Rain of Stars,1,0,[0|0|0],4210,10
3313100,<Table> [Sorcery] Stars of Ruin,1,0,[0|0|0],4220,10
3313100,<Table> [Sorcery] Glintblade Phalanx,1,0,[0|0|0],4300,40
3313100,<Table> [Sorcery] Carian Phalanx,1,0,[0|0|0],4301,40
3313100,<Table> [Sorcery] Greatblade Phalanx,1,0,[0|0|0],4302,40
3313100,<Table> [Sorcery] Rennala's Full Moon,1,0,[0|0|0],4360,10
3313100,<Table> [Sorcery] Ranni's Dark Moon,1,0,[0|0|0],4361,10
3313100,<Table> [Sorcery] Magic Downpour,1,0,[0|0|0],4370,40
3313100,<Table> [Sorcery] Loretta's Greatbow,1,0,[0|0|0],4380,40
3313100,<Table> [Sorcery] Loretta's Mastery,1,0,[0|0|0],4381,10
3313100,<Table> [Sorcery] Magic Glintblade,1,0,[0|0|0],4390,130
3313100,<Table> [Sorcery] Glintstone Icecrag,1,0,[0|0|0],4400,130
3313100,<Table> [Sorcery] Zamor Ice Storm,1,0,[0|0|0],4410,40
3313100,<Table> [Sorcery] Freezing Mist,1,0,[0|0|0],4420,40
3313100,<Table> [Sorcery] Carian Greatsword,1,0,[0|0|0],4430,130
3313100,<Table> [Sorcery] Adula's Moonblade,1,0,[0|0|0],4431,40
3313100,<Table> [Sorcery] Carian Slicer,1,0,[0|0|0],4440,130
3313100,<Table> [Sorcery] Carian Piercer,1,0,[0|0|0],4450,40
3313100,<Table> [Sorcery] Scholar's Armament,1,0,[0|0|0],4460,130
3313100,<Table> [Sorcery] Scholar's Shield,1,0,[0|0|0],4470,130
3313100,<Table> [Sorcery] Frozen Armament,1,0,[0|0|0],4490,40
3313100,<Table> [Sorcery] Shattering Crystal,1,0,[0|0|0],4500,10
3313100,<Table> [Sorcery] Crystal Release,1,0,[0|0|0],4510,40
3313100,<Table> [Sorcery] Crystal Torrent,1,0,[0|0|0],4520,10
3313100,<Table> [Sorcery] Ambush Shard,1,0,[0|0|0],4600,40
3313100,<Table> [Sorcery] Night Shard,1,0,[0|0|0],4610,40
3313100,<Table> [Sorcery] Night Comet,1,0,[0|0|0],4620,40
3313100,<Table> [Sorcery] Thops's Barrier,1,0,[0|0|0],4630,40
3313100,<Table> [Sorcery] Carian Retaliation,1,0,[0|0|0],4640,40
3313100,<Table> [Sorcery] Eternal Darkness,1,0,[0|0|0],4650,40
3313100,<Table> [Sorcery] Meteorite,1,0,[0|0|0],4700,40
3313100,<Table> [Sorcery] Meteorite of Astel,1,0,[0|0|0],4701,10
3313100,<Table> [Sorcery] Rock Sling,1,0,[0|0|0],4710,40
3313100,<Table> [Sorcery] Gravity Well,1,0,[0|0|0],4720,40
3313100,<Table> [Sorcery] Collapsing Stars,1,0,[0|0|0],4721,10
3313100,<Table> [Sorcery] Magma Shot,1,0,[0|0|0],4800,40
3313100,<Table> [Sorcery] Gelmir's Fury,1,0,[0|0|0],4810,10
3313100,<Table> [Sorcery] Roiling Magma,1,0,[0|0|0],4820,10
3313100,<Table> [Sorcery] Rykard's Rancor,1,0,[0|0|0],4830,10
3313100,<Table> [Sorcery] Briars of Sin,1,0,[0|0|0],4900,40
3313100,<Table> [Sorcery] Briars of Punishment,1,0,[0|0|0],4910,40
3313100,<Table> [Sorcery] Rancorcall,1,0,[0|0|0],5000,40
3313100,<Table> [Sorcery] Ancient Death Rancor,1,0,[0|0|0],5001,10
3313100,<Table> [Sorcery] Explosive Ghostflame,1,0,[0|0|0],5010,10
3313100,<Table> [Sorcery] Tibia's Summons,1,0,[0|0|0],5030,10
3313100,<Table> [Sorcery] Oracle Bubbles,1,0,[0|0|0],5100,40
3313100,<Table> [Sorcery] Great Oracular Bubble,1,0,[0|0|0],5110,40
3313100,<Table> [Sorcery] Night Maiden's Mist,1,0,[0|0|0],6500,130
3317000,[Sorcery] Magic Glintblade,1,0,[0|0|0],4390,100
3317100,<Table> [Sorcery] Glintstone Pebble,1,0,[0|0|0],4000,90
3317100,<Table> [Sorcery] Great Glintstone Shard,1,0,[0|0|0],4001,90
3317100,<Table> [Sorcery] Swift Glintstone Shard,1,0,[0|0|0],4010,90
3317100,<Table> [Sorcery] Glintstone Cometshard,1,0,[0|0|0],4020,45
3317100,<Table> [Sorcery] Comet,1,0,[0|0|0],4021,20
3317100,<Table> [Sorcery] Shard Spiral,1,0,[0|0|0],4030,45
3317100,<Table> [Sorcery] Glintstone Stars,1,0,[0|0|0],4040,90
3317100,<Table> [Sorcery] Star Shower,1,0,[0|0|0],4050,45
3317100,<Table> [Sorcery] Crystal Barrage,1,0,[0|0|0],4060,90
3317100,<Table> [Sorcery] Glintstone Arc,1,0,[0|0|0],4070,90
3317100,<Table> [Sorcery] Cannon of Haima,1,0,[0|0|0],4080,45
3317100,<Table> [Sorcery] Crystal Burst,1,0,[0|0|0],4090,90
3317100,<Table> [Sorcery] Shatter Earth,1,0,[0|0|0],4100,90
3317100,<Table> [Sorcery] Rock Blaster,1,0,[0|0|0],4110,45
3317100,<Table> [Sorcery] Gavel of Haima,1,0,[0|0|0],4120,45
3317100,<Table> [Sorcery] Terra Magica,1,0,[0|0|0],4130,45
3317100,<Table> [Sorcery] Comet Azur,1,0,[0|0|0],4200,20
3317100,<Table> [Sorcery] Founding Rain of Stars,1,0,[0|0|0],4210,20
3317100,<Table> [Sorcery] Stars of Ruin,1,0,[0|0|0],4220,20
3317100,<Table> [Sorcery] Glintblade Phalanx,1,0,[0|0|0],4300,45
3317100,<Table> [Sorcery] Carian Phalanx,1,0,[0|0|0],4301,45
3317100,<Table> [Sorcery] Greatblade Phalanx,1,0,[0|0|0],4302,45
3317100,<Table> [Sorcery] Rennala's Full Moon,1,0,[0|0|0],4360,20
3317100,<Table> [Sorcery] Ranni's Dark Moon,1,0,[0|0|0],4361,20
3317100,<Table> [Sorcery] Magic Downpour,1,0,[0|0|0],4370,45
3317100,<Table> [Sorcery] Loretta's Greatbow,1,0,[0|0|0],4380,45
3317100,<Table> [Sorcery] Loretta's Mastery,1,0,[0|0|0],4381,20
3317100,<Table> (0% weight),1,0,[0|0|0],4390,0
3317100,<Table> [Sorcery] Glintstone Icecrag,1,0,[0|0|0],4400,90
3317100,<Table> [Sorcery] Zamor Ice Storm,1,0,[0|0|0],4410,45
3317100,<Table> [Sorcery] Freezing Mist,1,0,[0|0|0],4420,45
3317100,<Table> [Sorcery] Carian Greatsword,1,0,[0|0|0],4430,90
3317100,<Table> [Sorcery] Adula's Moonblade,1,0,[0|0|0],4431,45
3317100,<Table> [Sorcery] Carian Slicer,1,0,[0|0|0],4440,90
3317100,<Table> [Sorcery] Carian Piercer,1,0,[0|0|0],4450,45
3317100,<Table> [Sorcery] Scholar's Armament,1,0,[0|0|0],4460,90
3317100,<Table> [Sorcery] Scholar's Shield,1,0,[0|0|0],4470,90
3317100,<Table> [Sorcery] Frozen Armament,1,0,[0|0|0],4490,45
3317100,<Table> [Sorcery] Shattering Crystal,1,0,[0|0|0],4500,20
3317100,<Table> [Sorcery] Crystal Release,1,0,[0|0|0],4510,45
3317100,<Table> [Sorcery] Crystal Torrent,1,0,[0|0|0],4520,20
3317100,<Table> [Sorcery] Ambush Shard,1,0,[0|0|0],4600,45
3317100,<Table> [Sorcery] Night Shard,1,0,[0|0|0],4610,45
3317100,<Table> [Sorcery] Night Comet,1,0,[0|0|0],4620,45
3317100,<Table> [Sorcery] Thops's Barrier,1,0,[0|0|0],4630,45
3317100,<Table> [Sorcery] Carian Retaliation,1,0,[0|0|0],4640,45
3317100,<Table> [Sorcery] Eternal Darkness,1,0,[0|0|0],4650,45
3317100,<Table> [Sorcery] Meteorite,1,0,[0|0|0],4700,45
3317100,<Table> [Sorcery] Meteorite of Astel,1,0,[0|0|0],4701,20
3317100,<Table> [Sorcery] Rock Sling,1,0,[0|0|0],4710,45
3317100,<Table> [Sorcery] Gravity Well,1,0,[0|0|0],4720,45
3317100,<Table> [Sorcery] Collapsing Stars,1,0,[0|0|0],4721,20
3317100,<Table> [Sorcery] Magma Shot,1,0,[0|0|0],4800,45
3317100,<Table> [Sorcery] Gelmir's Fury,1,0,[0|0|0],4810,20
3317100,<Table> [Sorcery] Roiling Magma,1,0,[0|0|0],4820,20
3317100,<Table> [Sorcery] Rykard's Rancor,1,0,[0|0|0],4830,20
3317100,<Table> [Sorcery] Briars of Sin,1,0,[0|0|0],4900,45
3317100,<Table> [Sorcery] Briars of Punishment,1,0,[0|0|0],4910,45
3317100,<Table> [Sorcery] Rancorcall,1,0,[0|0|0],5000,45
3317100,<Table> [Sorcery] Ancient Death Rancor,1,0,[0|0|0],5001,20
3317100,<Table> [Sorcery] Explosive Ghostflame,1,0,[0|0|0],5010,20
3317100,<Table> [Sorcery] Tibia's Summons,1,0,[0|0|0],5030,20
3317100,<Table> [Sorcery] Oracle Bubbles,1,0,[0|0|0],5100,45
3317100,<Table> [Sorcery] Great Oracular Bubble,1,0,[0|0|0],5110,45
3317100,<Table> [Sorcery] Night Maiden's Mist,1,0,[0|0|0],6500,90
3318000,[Sorcery] Rancorcall,1,0,[0|0|0],5000,100
3318100,<Table> [Sorcery] Glintstone Pebble,1,0,[0|0|0],4000,35
3318100,<Table> [Sorcery] Great Glintstone Shard,1,0,[0|0|0],4001,35
3318100,<Table> [Sorcery] Swift Glintstone Shard,1,0,[0|0|0],4010,35
3318100,<Table> [Sorcery] Glintstone Cometshard,1,0,[0|0|0],4020,20
3318100,<Table> [Sorcery] Comet,1,0,[0|0|0],4021,40
3318100,<Table> [Sorcery] Shard Spiral,1,0,[0|0|0],4030,20
3318100,<Table> [Sorcery] Glintstone Stars,1,0,[0|0|0],4040,35
3318100,<Table> [Sorcery] Star Shower,1,0,[0|0|0],4050,20
3318100,<Table> [Sorcery] Crystal Barrage,1,0,[0|0|0],4060,35
3318100,<Table> [Sorcery] Glintstone Arc,1,0,[0|0|0],4070,35
3318100,<Table> [Sorcery] Cannon of Haima,1,0,[0|0|0],4080,20
3318100,<Table> [Sorcery] Crystal Burst,1,0,[0|0|0],4090,35
3318100,<Table> [Sorcery] Shatter Earth,1,0,[0|0|0],4100,35
3318100,<Table> [Sorcery] Rock Blaster,1,0,[0|0|0],4110,20
3318100,<Table> [Sorcery] Gavel of Haima,1,0,[0|0|0],4120,20
3318100,<Table> [Sorcery] Terra Magica,1,0,[0|0|0],4130,20
3318100,<Table> [Sorcery] Comet Azur,1,0,[0|0|0],4200,40
3318100,<Table> [Sorcery] Founding Rain of Stars,1,0,[0|0|0],4210,40
3318100,<Table> [Sorcery] Stars of Ruin,1,0,[0|0|0],4220,40
3318100,<Table> [Sorcery] Glintblade Phalanx,1,0,[0|0|0],4300,20
3318100,<Table> [Sorcery] Carian Phalanx,1,0,[0|0|0],4301,20
3318100,<Table> [Sorcery] Greatblade Phalanx,1,0,[0|0|0],4302,20
3318100,<Table> [Sorcery] Rennala's Full Moon,1,0,[0|0|0],4360,40
3318100,<Table> [Sorcery] Ranni's Dark Moon,1,0,[0|0|0],4361,40
3318100,<Table> [Sorcery] Magic Downpour,1,0,[0|0|0],4370,20
3318100,<Table> [Sorcery] Loretta's Greatbow,1,0,[0|0|0],4380,20
3318100,<Table> [Sorcery] Loretta's Mastery,1,0,[0|0|0],4381,40
3318100,<Table> [Sorcery] Magic Glintblade,1,0,[0|0|0],4390,35
3318100,<Table> [Sorcery] Glintstone Icecrag,1,0,[0|0|0],4400,35
3318100,<Table> [Sorcery] Zamor Ice Storm,1,0,[0|0|0],4410,20
3318100,<Table> [Sorcery] Freezing Mist,1,0,[0|0|0],4420,20
3318100,<Table> [Sorcery] Carian Greatsword,1,0,[0|0|0],4430,35
3318100,<Table> [Sorcery] Adula's Moonblade,1,0,[0|0|0],4431,20
3318100,<Table> [Sorcery] Carian Slicer,1,0,[0|0|0],4440,35
3318100,<Table> [Sorcery] Carian Piercer,1,0,[0|0|0],4450,20
3318100,<Table> [Sorcery] Scholar's Armament,1,0,[0|0|0],4460,35
3318100,<Table> [Sorcery] Scholar's Shield,1,0,[0|0|0],4470,35
3318100,<Table> [Sorcery] Frozen Armament,1,0,[0|0|0],4490,20
3318100,<Table> [Sorcery] Shattering Crystal,1,0,[0|0|0],4500,40
3318100,<Table> [Sorcery] Crystal Release,1,0,[0|0|0],4510,20
3318100,<Table> [Sorcery] Crystal Torrent,1,0,[0|0|0],4520,40
3318100,<Table> [Sorcery] Ambush Shard,1,0,[0|0|0],4600,20
3318100,<Table> [Sorcery] Night Shard,1,0,[0|0|0],4610,20
3318100,<Table> [Sorcery] Night Comet,1,0,[0|0|0],4620,20
3318100,<Table> [Sorcery] Thops's Barrier,1,0,[0|0|0],4630,20
3318100,<Table> [Sorcery] Carian Retaliation,1,0,[0|0|0],4640,20
3318100,<Table> [Sorcery] Eternal Darkness,1,0,[0|0|0],4650,20
3318100,<Table> [Sorcery] Meteorite,1,0,[0|0|0],4700,20
3318100,<Table> [Sorcery] Meteorite of Astel,1,0,[0|0|0],4701,40
3318100,<Table> [Sorcery] Rock Sling,1,0,[0|0|0],4710,20
3318100,<Table> [Sorcery] Gravity Well,1,0,[0|0|0],4720,20
3318100,<Table> [Sorcery] Collapsing Stars,1,0,[0|0|0],4721,40
3318100,<Table> [Sorcery] Magma Shot,1,0,[0|0|0],4800,20
3318100,<Table> [Sorcery] Gelmir's Fury,1,0,[0|0|0],4810,40
3318100,<Table> [Sorcery] Roiling Magma,1,0,[0|0|0],4820,40
3318100,<Table> [Sorcery] Rykard's Rancor,1,0,[0|0|0],4830,40
3318100,<Table> [Sorcery] Briars of Sin,1,0,[0|0|0],4900,20
3318100,<Table> [Sorcery] Briars of Punishment,1,0,[0|0|0],4910,20
3318100,<Table> (0% weight),1,0,[0|0|0],5000,0
3318100,<Table> [Sorcery] Ancient Death Rancor,1,0,[0|0|0],5001,40
3318100,<Table> [Sorcery] Explosive Ghostflame,1,0,[0|0|0],5010,40
3318100,<Table> [Sorcery] Tibia's Summons,1,0,[0|0|0],5030,40
3318100,<Table> [Sorcery] Oracle Bubbles,1,0,[0|0|0],5100,20
3318100,<Table> [Sorcery] Great Oracular Bubble,1,0,[0|0|0],5110,20
3318100,<Table> [Sorcery] Night Maiden's Mist,1,0,[0|0|0],6500,35
3319000,[Sorcery] Glintstone Pebble,1,0,[0|0|0],4000,90
3319100,<Table> (0% weight),1,0,[0|0|0],4000,0
3319100,<Table> [Sorcery] Great Glintstone Shard,1,0,[0|0|0],4001,90
3319100,<Table> [Sorcery] Swift Glintstone Shard,1,0,[0|0|0],4010,90
3319100,<Table> [Sorcery] Glintstone Cometshard,1,0,[0|0|0],4020,45
3319100,<Table> [Sorcery] Comet,1,0,[0|0|0],4021,20
3319100,<Table> [Sorcery] Shard Spiral,1,0,[0|0|0],4030,45
3319100,<Table> [Sorcery] Glintstone Stars,1,0,[0|0|0],4040,90
3319100,<Table> [Sorcery] Star Shower,1,0,[0|0|0],4050,45
3319100,<Table> [Sorcery] Crystal Barrage,1,0,[0|0|0],4060,90
3319100,<Table> [Sorcery] Glintstone Arc,1,0,[0|0|0],4070,90
3319100,<Table> [Sorcery] Cannon of Haima,1,0,[0|0|0],4080,45
3319100,<Table> [Sorcery] Crystal Burst,1,0,[0|0|0],4090,90
3319100,<Table> [Sorcery] Shatter Earth,1,0,[0|0|0],4100,90
3319100,<Table> [Sorcery] Rock Blaster,1,0,[0|0|0],4110,45
3319100,<Table> [Sorcery] Gavel of Haima,1,0,[0|0|0],4120,45
3319100,<Table> [Sorcery] Terra Magica,1,0,[0|0|0],4130,45
3319100,<Table> [Sorcery] Comet Azur,1,0,[0|0|0],4200,20
3319100,<Table> [Sorcery] Founding Rain of Stars,1,0,[0|0|0],4210,20
3319100,<Table> [Sorcery] Stars of Ruin,1,0,[0|0|0],4220,20
3319100,<Table> [Sorcery] Glintblade Phalanx,1,0,[0|0|0],4300,45
3319100,<Table> [Sorcery] Carian Phalanx,1,0,[0|0|0],4301,45
3319100,<Table> [Sorcery] Greatblade Phalanx,1,0,[0|0|0],4302,45
3319100,<Table> [Sorcery] Rennala's Full Moon,1,0,[0|0|0],4360,20
3319100,<Table> [Sorcery] Ranni's Dark Moon,1,0,[0|0|0],4361,20
3319100,<Table> [Sorcery] Magic Downpour,1,0,[0|0|0],4370,45
3319100,<Table> [Sorcery] Loretta's Greatbow,1,0,[0|0|0],4380,45
3319100,<Table> [Sorcery] Loretta's Mastery,1,0,[0|0|0],4381,20
3319100,<Table> [Sorcery] Magic Glintblade,1,0,[0|0|0],4390,90
3319100,<Table> [Sorcery] Glintstone Icecrag,1,0,[0|0|0],4400,90
3319100,<Table> [Sorcery] Zamor Ice Storm,1,0,[0|0|0],4410,45
3319100,<Table> [Sorcery] Freezing Mist,1,0,[0|0|0],4420,45
3319100,<Table> [Sorcery] Carian Greatsword,1,0,[0|0|0],4430,90
3319100,<Table> [Sorcery] Adula's Moonblade,1,0,[0|0|0],4431,45
3319100,<Table> [Sorcery] Carian Slicer,1,0,[0|0|0],4440,90
3319100,<Table> [Sorcery] Carian Piercer,1,0,[0|0|0],4450,45
3319100,<Table> [Sorcery] Scholar's Armament,1,0,[0|0|0],4460,90
3319100,<Table> [Sorcery] Scholar's Shield,1,0,[0|0|0],4470,90
3319100,<Table> [Sorcery] Frozen Armament,1,0,[0|0|0],4490,45
3319100,<Table> [Sorcery] Shattering Crystal,1,0,[0|0|0],4500,20
3319100,<Table> [Sorcery] Crystal Release,1,0,[0|0|0],4510,45
3319100,<Table> [Sorcery] Crystal Torrent,1,0,[0|0|0],4520,20
3319100,<Table> [Sorcery] Ambush Shard,1,0,[0|0|0],4600,45
3319100,<Table> [Sorcery] Night Shard,1,0,[0|0|0],4610,45
3319100,<Table> [Sorcery] Night Comet,1,0,[0|0|0],4620,45
3319100,<Table> [Sorcery] Thops's Barrier,1,0,[0|0|0],4630,45
3319100,<Table> [Sorcery] Carian Retaliation,1,0,[0|0|0],4640,45
3319100,<Table> [Sorcery] Eternal Darkness,1,0,[0|0|0],4650,45
3319100,<Table> [Sorcery] Meteorite,1,0,[0|0|0],4700,45
3319100,<Table> [Sorcery] Meteorite of Astel,1,0,[0|0|0],4701,20
3319100,<Table> [Sorcery] Rock Sling,1,0,[0|0|0],4710,45
3319100,<Table> [Sorcery] Gravity Well,1,0,[0|0|0],4720,45
3319100,<Table> [Sorcery] Collapsing Stars,1,0,[0|0|0],4721,20
3319100,<Table> [Sorcery] Magma Shot,1,0,[0|0|0],4800,45
3319100,<Table> [Sorcery] Gelmir's Fury,1,0,[0|0|0],4810,20
3319100,<Table> [Sorcery] Roiling Magma,1,0,[0|0|0],4820,20
3319100,<Table> [Sorcery] Rykard's Rancor,1,0,[0|0|0],4830,20
3319100,<Table> [Sorcery] Briars of Sin,1,0,[0|0|0],4900,45
3319100,<Table> [Sorcery] Briars of Punishment,1,0,[0|0|0],4910,45
3319100,<Table> [Sorcery] Rancorcall,1,0,[0|0|0],5000,45
3319100,<Table> [Sorcery] Ancient Death Rancor,1,0,[0|0|0],5001,20
3319100,<Table> [Sorcery] Explosive Ghostflame,1,0,[0|0|0],5010,20
3319100,<Table> [Sorcery] Tibia's Summons,1,0,[0|0|0],5030,20
3319100,<Table> [Sorcery] Oracle Bubbles,1,0,[0|0|0],5100,45
3319100,<Table> [Sorcery] Great Oracular Bubble,1,0,[0|0|0],5110,45
3319100,<Table> [Sorcery] Night Maiden's Mist,1,0,[0|0|0],6500,90
3320000,[Sorcery] Glintstone Pebble,1,0,[0|0|0],4000,100
3320100,<Table> (0% weight),1,0,[0|0|0],4000,0
3320100,<Table> [Sorcery] Great Glintstone Shard,1,0,[0|0|0],4001,130
3320100,<Table> [Sorcery] Swift Glintstone Shard,1,0,[0|0|0],4010,130
3320100,<Table> [Sorcery] Glintstone Cometshard,1,0,[0|0|0],4020,40
3320100,<Table> [Sorcery] Comet,1,0,[0|0|0],4021,10
3320100,<Table> [Sorcery] Shard Spiral,1,0,[0|0|0],4030,40
3320100,<Table> [Sorcery] Glintstone Stars,1,0,[0|0|0],4040,130
3320100,<Table> [Sorcery] Star Shower,1,0,[0|0|0],4050,40
3320100,<Table> [Sorcery] Crystal Barrage,1,0,[0|0|0],4060,130
3320100,<Table> [Sorcery] Glintstone Arc,1,0,[0|0|0],4070,130
3320100,<Table> [Sorcery] Cannon of Haima,1,0,[0|0|0],4080,40
3320100,<Table> [Sorcery] Crystal Burst,1,0,[0|0|0],4090,130
3320100,<Table> [Sorcery] Shatter Earth,1,0,[0|0|0],4100,130
3320100,<Table> [Sorcery] Rock Blaster,1,0,[0|0|0],4110,40
3320100,<Table> [Sorcery] Gavel of Haima,1,0,[0|0|0],4120,40
3320100,<Table> [Sorcery] Terra Magica,1,0,[0|0|0],4130,40
3320100,<Table> [Sorcery] Comet Azur,1,0,[0|0|0],4200,10
3320100,<Table> [Sorcery] Founding Rain of Stars,1,0,[0|0|0],4210,10
3320100,<Table> [Sorcery] Stars of Ruin,1,0,[0|0|0],4220,10
3320100,<Table> [Sorcery] Glintblade Phalanx,1,0,[0|0|0],4300,40
3320100,<Table> [Sorcery] Carian Phalanx,1,0,[0|0|0],4301,40
3320100,<Table> [Sorcery] Greatblade Phalanx,1,0,[0|0|0],4302,40
3320100,<Table> [Sorcery] Rennala's Full Moon,1,0,[0|0|0],4360,10
3320100,<Table> [Sorcery] Ranni's Dark Moon,1,0,[0|0|0],4361,10
3320100,<Table> [Sorcery] Magic Downpour,1,0,[0|0|0],4370,40
3320100,<Table> [Sorcery] Loretta's Greatbow,1,0,[0|0|0],4380,40
3320100,<Table> [Sorcery] Loretta's Mastery,1,0,[0|0|0],4381,10
3320100,<Table> [Sorcery] Magic Glintblade,1,0,[0|0|0],4390,130
3320100,<Table> [Sorcery] Glintstone Icecrag,1,0,[0|0|0],4400,130
3320100,<Table> [Sorcery] Zamor Ice Storm,1,0,[0|0|0],4410,40
3320100,<Table> [Sorcery] Freezing Mist,1,0,[0|0|0],4420,40
3320100,<Table> [Sorcery] Carian Greatsword,1,0,[0|0|0],4430,130
3320100,<Table> [Sorcery] Adula's Moonblade,1,0,[0|0|0],4431,40
3320100,<Table> [Sorcery] Carian Slicer,1,0,[0|0|0],4440,130
3320100,<Table> [Sorcery] Carian Piercer,1,0,[0|0|0],4450,40
3320100,<Table> [Sorcery] Scholar's Armament,1,0,[0|0|0],4460,130
3320100,<Table> [Sorcery] Scholar's Shield,1,0,[0|0|0],4470,130
3320100,<Table> [Sorcery] Frozen Armament,1,0,[0|0|0],4490,40
3320100,<Table> [Sorcery] Shattering Crystal,1,0,[0|0|0],4500,10
3320100,<Table> [Sorcery] Crystal Release,1,0,[0|0|0],4510,40
3320100,<Table> [Sorcery] Crystal Torrent,1,0,[0|0|0],4520,10
3320100,<Table> [Sorcery] Ambush Shard,1,0,[0|0|0],4600,40
3320100,<Table> [Sorcery] Night Shard,1,0,[0|0|0],4610,40
3320100,<Table> [Sorcery] Night Comet,1,0,[0|0|0],4620,40
3320100,<Table> [Sorcery] Thops's Barrier,1,0,[0|0|0],4630,40
3320100,<Table> [Sorcery] Carian Retaliation,1,0,[0|0|0],4640,40
3320100,<Table> [Sorcery] Eternal Darkness,1,0,[0|0|0],4650,40
3320100,<Table> [Sorcery] Meteorite,1,0,[0|0|0],4700,40
3320100,<Table> [Sorcery] Meteorite of Astel,1,0,[0|0|0],4701,10
3320100,<Table> [Sorcery] Rock Sling,1,0,[0|0|0],4710,40
3320100,<Table> [Sorcery] Gravity Well,1,0,[0|0|0],4720,40
3320100,<Table> [Sorcery] Collapsing Stars,1,0,[0|0|0],4721,10
3320100,<Table> [Sorcery] Magma Shot,1,0,[0|0|0],4800,40
3320100,<Table> [Sorcery] Gelmir's Fury,1,0,[0|0|0],4810,10
3320100,<Table> [Sorcery] Roiling Magma,1,0,[0|0|0],4820,10
3320100,<Table> [Sorcery] Rykard's Rancor,1,0,[0|0|0],4830,10
3320100,<Table> [Sorcery] Briars of Sin,1,0,[0|0|0],4900,40
3320100,<Table> [Sorcery] Briars of Punishment,1,0,[0|0|0],4910,40
3320100,<Table> [Sorcery] Rancorcall,1,0,[0|0|0],5000,40
3320100,<Table> [Sorcery] Ancient Death Rancor,1,0,[0|0|0],5001,10
3320100,<Table> [Sorcery] Explosive Ghostflame,1,0,[0|0|0],5010,10
3320100,<Table> [Sorcery] Tibia's Summons,1,0,[0|0|0],5030,10
3320100,<Table> [Sorcery] Oracle Bubbles,1,0,[0|0|0],5100,40
3320100,<Table> [Sorcery] Great Oracular Bubble,1,0,[0|0|0],5110,40
3320100,<Table> [Sorcery] Night Maiden's Mist,1,0,[0|0|0],6500,130
3321000,[Sorcery] Carian Slicer,1,0,[0|0|0],4440,100
3321100,<Table> [Sorcery] Glintstone Pebble,1,0,[0|0|0],4000,90
3321100,<Table> [Sorcery] Great Glintstone Shard,1,0,[0|0|0],4001,90
3321100,<Table> [Sorcery] Swift Glintstone Shard,1,0,[0|0|0],4010,90
3321100,<Table> [Sorcery] Glintstone Cometshard,1,0,[0|0|0],4020,45
3321100,<Table> [Sorcery] Comet,1,0,[0|0|0],4021,20
3321100,<Table> [Sorcery] Shard Spiral,1,0,[0|0|0],4030,45
3321100,<Table> [Sorcery] Glintstone Stars,1,0,[0|0|0],4040,90
3321100,<Table> [Sorcery] Star Shower,1,0,[0|0|0],4050,45
3321100,<Table> [Sorcery] Crystal Barrage,1,0,[0|0|0],4060,90
3321100,<Table> [Sorcery] Glintstone Arc,1,0,[0|0|0],4070,90
3321100,<Table> [Sorcery] Cannon of Haima,1,0,[0|0|0],4080,45
3321100,<Table> [Sorcery] Crystal Burst,1,0,[0|0|0],4090,90
3321100,<Table> [Sorcery] Shatter Earth,1,0,[0|0|0],4100,90
3321100,<Table> [Sorcery] Rock Blaster,1,0,[0|0|0],4110,45
3321100,<Table> [Sorcery] Gavel of Haima,1,0,[0|0|0],4120,45
3321100,<Table> [Sorcery] Terra Magica,1,0,[0|0|0],4130,45
3321100,<Table> [Sorcery] Comet Azur,1,0,[0|0|0],4200,20
3321100,<Table> [Sorcery] Founding Rain of Stars,1,0,[0|0|0],4210,20
3321100,<Table> [Sorcery] Stars of Ruin,1,0,[0|0|0],4220,20
3321100,<Table> [Sorcery] Glintblade Phalanx,1,0,[0|0|0],4300,45
3321100,<Table> [Sorcery] Carian Phalanx,1,0,[0|0|0],4301,45
3321100,<Table> [Sorcery] Greatblade Phalanx,1,0,[0|0|0],4302,45
3321100,<Table> [Sorcery] Rennala's Full Moon,1,0,[0|0|0],4360,20
3321100,<Table> [Sorcery] Ranni's Dark Moon,1,0,[0|0|0],4361,20
3321100,<Table> [Sorcery] Magic Downpour,1,0,[0|0|0],4370,45
3321100,<Table> [Sorcery] Loretta's Greatbow,1,0,[0|0|0],4380,45
3321100,<Table> [Sorcery] Loretta's Mastery,1,0,[0|0|0],4381,20
3321100,<Table> [Sorcery] Magic Glintblade,1,0,[0|0|0],4390,90
3321100,<Table> [Sorcery] Glintstone Icecrag,1,0,[0|0|0],4400,90
3321100,<Table> [Sorcery] Zamor Ice Storm,1,0,[0|0|0],4410,45
3321100,<Table> [Sorcery] Freezing Mist,1,0,[0|0|0],4420,45
3321100,<Table> [Sorcery] Carian Greatsword,1,0,[0|0|0],4430,90
3321100,<Table> [Sorcery] Adula's Moonblade,1,0,[0|0|0],4431,45
3321100,<Table> (0% weight),1,0,[0|0|0],4440,0
3321100,<Table> [Sorcery] Carian Piercer,1,0,[0|0|0],4450,45
3321100,<Table> [Sorcery] Scholar's Armament,1,0,[0|0|0],4460,90
3321100,<Table> [Sorcery] Scholar's Shield,1,0,[0|0|0],4470,90
3321100,<Table> [Sorcery] Frozen Armament,1,0,[0|0|0],4490,45
3321100,<Table> [Sorcery] Shattering Crystal,1,0,[0|0|0],4500,20
3321100,<Table> [Sorcery] Crystal Release,1,0,[0|0|0],4510,45
3321100,<Table> [Sorcery] Crystal Torrent,1,0,[0|0|0],4520,20
3321100,<Table> [Sorcery] Ambush Shard,1,0,[0|0|0],4600,45
3321100,<Table> [Sorcery] Night Shard,1,0,[0|0|0],4610,45
3321100,<Table> [Sorcery] Night Comet,1,0,[0|0|0],4620,45
3321100,<Table> [Sorcery] Thops's Barrier,1,0,[0|0|0],4630,45
3321100,<Table> [Sorcery] Carian Retaliation,1,0,[0|0|0],4640,45
3321100,<Table> [Sorcery] Eternal Darkness,1,0,[0|0|0],4650,45
3321100,<Table> [Sorcery] Meteorite,1,0,[0|0|0],4700,45
3321100,<Table> [Sorcery] Meteorite of Astel,1,0,[0|0|0],4701,20
3321100,<Table> [Sorcery] Rock Sling,1,0,[0|0|0],4710,45
3321100,<Table> [Sorcery] Gravity Well,1,0,[0|0|0],4720,45
3321100,<Table> [Sorcery] Collapsing Stars,1,0,[0|0|0],4721,20
3321100,<Table> [Sorcery] Magma Shot,1,0,[0|0|0],4800,45
3321100,<Table> [Sorcery] Gelmir's Fury,1,0,[0|0|0],4810,20
3321100,<Table> [Sorcery] Roiling Magma,1,0,[0|0|0],4820,20
3321100,<Table> [Sorcery] Rykard's Rancor,1,0,[0|0|0],4830,20
3321100,<Table> [Sorcery] Briars of Sin,1,0,[0|0|0],4900,45
3321100,<Table> [Sorcery] Briars of Punishment,1,0,[0|0|0],4910,45
3321100,<Table> [Sorcery] Rancorcall,1,0,[0|0|0],5000,45
3321100,<Table> [Sorcery] Ancient Death Rancor,1,0,[0|0|0],5001,20
3321100,<Table> [Sorcery] Explosive Ghostflame,1,0,[0|0|0],5010,20
3321100,<Table> [Sorcery] Tibia's Summons,1,0,[0|0|0],5030,20
3321100,<Table> [Sorcery] Oracle Bubbles,1,0,[0|0|0],5100,45
3321100,<Table> [Sorcery] Great Oracular Bubble,1,0,[0|0|0],5110,45
3321100,<Table> [Sorcery] Night Maiden's Mist,1,0,[0|0|0],6500,90
3323000,[Sorcery] Comet Azur,1,0,[0|0|0],4200,100
3323100,<Table> [Sorcery] Glintstone Pebble,1,0,[0|0|0],4000,35
3323100,<Table> [Sorcery] Great Glintstone Shard,1,0,[0|0|0],4001,35
3323100,<Table> [Sorcery] Swift Glintstone Shard,1,0,[0|0|0],4010,35
3323100,<Table> [Sorcery] Glintstone Cometshard,1,0,[0|0|0],4020,20
3323100,<Table> [Sorcery] Comet,1,0,[0|0|0],4021,40
3323100,<Table> [Sorcery] Shard Spiral,1,0,[0|0|0],4030,20
3323100,<Table> [Sorcery] Glintstone Stars,1,0,[0|0|0],4040,35
3323100,<Table> [Sorcery] Star Shower,1,0,[0|0|0],4050,20
3323100,<Table> [Sorcery] Crystal Barrage,1,0,[0|0|0],4060,35
3323100,<Table> [Sorcery] Glintstone Arc,1,0,[0|0|0],4070,35
3323100,<Table> [Sorcery] Cannon of Haima,1,0,[0|0|0],4080,20
3323100,<Table> [Sorcery] Crystal Burst,1,0,[0|0|0],4090,35
3323100,<Table> [Sorcery] Shatter Earth,1,0,[0|0|0],4100,35
3323100,<Table> [Sorcery] Rock Blaster,1,0,[0|0|0],4110,20
3323100,<Table> [Sorcery] Gavel of Haima,1,0,[0|0|0],4120,20
3323100,<Table> [Sorcery] Terra Magica,1,0,[0|0|0],4130,20
3323100,<Table> (0% weight),1,0,[0|0|0],4200,0
3323100,<Table> [Sorcery] Founding Rain of Stars,1,0,[0|0|0],4210,40
3323100,<Table> [Sorcery] Stars of Ruin,1,0,[0|0|0],4220,40
3323100,<Table> [Sorcery] Glintblade Phalanx,1,0,[0|0|0],4300,20
3323100,<Table> [Sorcery] Carian Phalanx,1,0,[0|0|0],4301,20
3323100,<Table> [Sorcery] Greatblade Phalanx,1,0,[0|0|0],4302,20
3323100,<Table> [Sorcery] Rennala's Full Moon,1,0,[0|0|0],4360,40
3323100,<Table> [Sorcery] Ranni's Dark Moon,1,0,[0|0|0],4361,40
3323100,<Table> [Sorcery] Magic Downpour,1,0,[0|0|0],4370,20
3323100,<Table> [Sorcery] Loretta's Greatbow,1,0,[0|0|0],4380,20
3323100,<Table> [Sorcery] Loretta's Mastery,1,0,[0|0|0],4381,40
3323100,<Table> [Sorcery] Magic Glintblade,1,0,[0|0|0],4390,35
3323100,<Table> [Sorcery] Glintstone Icecrag,1,0,[0|0|0],4400,35
3323100,<Table> [Sorcery] Zamor Ice Storm,1,0,[0|0|0],4410,20
3323100,<Table> [Sorcery] Freezing Mist,1,0,[0|0|0],4420,20
3323100,<Table> [Sorcery] Carian Greatsword,1,0,[0|0|0],4430,35
3323100,<Table> [Sorcery] Adula's Moonblade,1,0,[0|0|0],4431,20
3323100,<Table> [Sorcery] Carian Slicer,1,0,[0|0|0],4440,35
3323100,<Table> [Sorcery] Carian Piercer,1,0,[0|0|0],4450,20
3323100,<Table> [Sorcery] Scholar's Armament,1,0,[0|0|0],4460,35
3323100,<Table> [Sorcery] Scholar's Shield,1,0,[0|0|0],4470,35
3323100,<Table> [Sorcery] Frozen Armament,1,0,[0|0|0],4490,20
3323100,<Table> [Sorcery] Shattering Crystal,1,0,[0|0|0],4500,40
3323100,<Table> [Sorcery] Crystal Release,1,0,[0|0|0],4510,20
3323100,<Table> [Sorcery] Crystal Torrent,1,0,[0|0|0],4520,40
3323100,<Table> [Sorcery] Ambush Shard,1,0,[0|0|0],4600,20
3323100,<Table> [Sorcery] Night Shard,1,0,[0|0|0],4610,20
3323100,<Table> [Sorcery] Night Comet,1,0,[0|0|0],4620,20
3323100,<Table> [Sorcery] Thops's Barrier,1,0,[0|0|0],4630,20
3323100,<Table> [Sorcery] Carian Retaliation,1,0,[0|0|0],4640,20
3323100,<Table> [Sorcery] Eternal Darkness,1,0,[0|0|0],4650,20
3323100,<Table> [Sorcery] Meteorite,1,0,[0|0|0],4700,20
3323100,<Table> [Sorcery] Meteorite of Astel,1,0,[0|0|0],4701,40
3323100,<Table> [Sorcery] Rock Sling,1,0,[0|0|0],4710,20
3323100,<Table> [Sorcery] Gravity Well,1,0,[0|0|0],4720,20
3323100,<Table> [Sorcery] Collapsing Stars,1,0,[0|0|0],4721,40
3323100,<Table> [Sorcery] Magma Shot,1,0,[0|0|0],4800,20
3323100,<Table> [Sorcery] Gelmir's Fury,1,0,[0|0|0],4810,40
3323100,<Table> [Sorcery] Roiling Magma,1,0,[0|0|0],4820,40
3323100,<Table> [Sorcery] Rykard's Rancor,1,0,[0|0|0],4830,40
3323100,<Table> [Sorcery] Briars of Sin,1,0,[0|0|0],4900,20
3323100,<Table> [Sorcery] Briars of Punishment,1,0,[0|0|0],4910,20
3323100,<Table> [Sorcery] Rancorcall,1,0,[0|0|0],5000,20
3323100,<Table> [Sorcery] Ancient Death Rancor,1,0,[0|0|0],5001,40
3323100,<Table> [Sorcery] Explosive Ghostflame,1,0,[0|0|0],5010,40
3323100,<Table> [Sorcery] Tibia's Summons,1,0,[0|0|0],5030,40
3323100,<Table> [Sorcery] Oracle Bubbles,1,0,[0|0|0],5100,20
3323100,<Table> [Sorcery] Great Oracular Bubble,1,0,[0|0|0],5110,20
3323100,<Table> [Sorcery] Night Maiden's Mist,1,0,[0|0|0],6500,35
3324000,[Sorcery] Stars of Ruin,1,0,[0|0|0],4220,100
3324100,<Table> [Sorcery] Glintstone Pebble,1,0,[0|0|0],4000,35
3324100,<Table> [Sorcery] Great Glintstone Shard,1,0,[0|0|0],4001,35
3324100,<Table> [Sorcery] Swift Glintstone Shard,1,0,[0|0|0],4010,35
3324100,<Table> [Sorcery] Glintstone Cometshard,1,0,[0|0|0],4020,20
3324100,<Table> [Sorcery] Comet,1,0,[0|0|0],4021,40
3324100,<Table> [Sorcery] Shard Spiral,1,0,[0|0|0],4030,20
3324100,<Table> [Sorcery] Glintstone Stars,1,0,[0|0|0],4040,35
3324100,<Table> [Sorcery] Star Shower,1,0,[0|0|0],4050,20
3324100,<Table> [Sorcery] Crystal Barrage,1,0,[0|0|0],4060,35
3324100,<Table> [Sorcery] Glintstone Arc,1,0,[0|0|0],4070,35
3324100,<Table> [Sorcery] Cannon of Haima,1,0,[0|0|0],4080,20
3324100,<Table> [Sorcery] Crystal Burst,1,0,[0|0|0],4090,35
3324100,<Table> [Sorcery] Shatter Earth,1,0,[0|0|0],4100,35
3324100,<Table> [Sorcery] Rock Blaster,1,0,[0|0|0],4110,20
3324100,<Table> [Sorcery] Gavel of Haima,1,0,[0|0|0],4120,20
3324100,<Table> [Sorcery] Terra Magica,1,0,[0|0|0],4130,20
3324100,<Table> [Sorcery] Comet Azur,1,0,[0|0|0],4200,40
3324100,<Table> [Sorcery] Founding Rain of Stars,1,0,[0|0|0],4210,40
3324100,<Table> (0% weight),1,0,[0|0|0],4220,0
3324100,<Table> [Sorcery] Glintblade Phalanx,1,0,[0|0|0],4300,20
3324100,<Table> [Sorcery] Carian Phalanx,1,0,[0|0|0],4301,20
3324100,<Table> [Sorcery] Greatblade Phalanx,1,0,[0|0|0],4302,20
3324100,<Table> [Sorcery] Rennala's Full Moon,1,0,[0|0|0],4360,40
3324100,<Table> [Sorcery] Ranni's Dark Moon,1,0,[0|0|0],4361,40
3324100,<Table> [Sorcery] Magic Downpour,1,0,[0|0|0],4370,20
3324100,<Table> [Sorcery] Loretta's Greatbow,1,0,[0|0|0],4380,20
3324100,<Table> [Sorcery] Loretta's Mastery,1,0,[0|0|0],4381,40
3324100,<Table> [Sorcery] Magic Glintblade,1,0,[0|0|0],4390,35
3324100,<Table> [Sorcery] Glintstone Icecrag,1,0,[0|0|0],4400,35
3324100,<Table> [Sorcery] Zamor Ice Storm,1,0,[0|0|0],4410,20
3324100,<Table> [Sorcery] Freezing Mist,1,0,[0|0|0],4420,20
3324100,<Table> [Sorcery] Carian Greatsword,1,0,[0|0|0],4430,35
3324100,<Table> [Sorcery] Adula's Moonblade,1,0,[0|0|0],4431,20
3324100,<Table> [Sorcery] Carian Slicer,1,0,[0|0|0],4440,35
3324100,<Table> [Sorcery] Carian Piercer,1,0,[0|0|0],4450,20
3324100,<Table> [Sorcery] Scholar's Armament,1,0,[0|0|0],4460,35
3324100,<Table> [Sorcery] Scholar's Shield,1,0,[0|0|0],4470,35
3324100,<Table> [Sorcery] Frozen Armament,1,0,[0|0|0],4490,20
3324100,<Table> [Sorcery] Shattering Crystal,1,0,[0|0|0],4500,40
3324100,<Table> [Sorcery] Crystal Release,1,0,[0|0|0],4510,20
3324100,<Table> [Sorcery] Crystal Torrent,1,0,[0|0|0],4520,40
3324100,<Table> [Sorcery] Ambush Shard,1,0,[0|0|0],4600,20
3324100,<Table> [Sorcery] Night Shard,1,0,[0|0|0],4610,20
3324100,<Table> [Sorcery] Night Comet,1,0,[0|0|0],4620,20
3324100,<Table> [Sorcery] Thops's Barrier,1,0,[0|0|0],4630,20
3324100,<Table> [Sorcery] Carian Retaliation,1,0,[0|0|0],4640,20
3324100,<Table> [Sorcery] Eternal Darkness,1,0,[0|0|0],4650,20
3324100,<Table> [Sorcery] Meteorite,1,0,[0|0|0],4700,20
3324100,<Table> [Sorcery] Meteorite of Astel,1,0,[0|0|0],4701,40
3324100,<Table> [Sorcery] Rock Sling,1,0,[0|0|0],4710,20
3324100,<Table> [Sorcery] Gravity Well,1,0,[0|0|0],4720,20
3324100,<Table> [Sorcery] Collapsing Stars,1,0,[0|0|0],4721,40
3324100,<Table> [Sorcery] Magma Shot,1,0,[0|0|0],4800,20
3324100,<Table> [Sorcery] Gelmir's Fury,1,0,[0|0|0],4810,40
3324100,<Table> [Sorcery] Roiling Magma,1,0,[0|0|0],4820,40
3324100,<Table> [Sorcery] Rykard's Rancor,1,0,[0|0|0],4830,40
3324100,<Table> [Sorcery] Briars of Sin,1,0,[0|0|0],4900,20
3324100,<Table> [Sorcery] Briars of Punishment,1,0,[0|0|0],4910,20
3324100,<Table> [Sorcery] Rancorcall,1,0,[0|0|0],5000,20
3324100,<Table> [Sorcery] Ancient Death Rancor,1,0,[0|0|0],5001,40
3324100,<Table> [Sorcery] Explosive Ghostflame,1,0,[0|0|0],5010,40
3324100,<Table> [Sorcery] Tibia's Summons,1,0,[0|0|0],5030,40
3324100,<Table> [Sorcery] Oracle Bubbles,1,0,[0|0|0],5100,20
3324100,<Table> [Sorcery] Great Oracular Bubble,1,0,[0|0|0],5110,20
3324100,<Table> [Sorcery] Night Maiden's Mist,1,0,[0|0|0],6500,35
3325000,[Sorcery] Gravity Well,1,0,[0|0|0],4720,100
3325100,<Table> [Sorcery] Glintstone Pebble,1,0,[0|0|0],4000,35
3325100,<Table> [Sorcery] Great Glintstone Shard,1,0,[0|0|0],4001,35
3325100,<Table> [Sorcery] Swift Glintstone Shard,1,0,[0|0|0],4010,35
3325100,<Table> [Sorcery] Glintstone Cometshard,1,0,[0|0|0],4020,20
3325100,<Table> [Sorcery] Comet,1,0,[0|0|0],4021,40
3325100,<Table> [Sorcery] Shard Spiral,1,0,[0|0|0],4030,20
3325100,<Table> [Sorcery] Glintstone Stars,1,0,[0|0|0],4040,35
3325100,<Table> [Sorcery] Star Shower,1,0,[0|0|0],4050,20
3325100,<Table> [Sorcery] Crystal Barrage,1,0,[0|0|0],4060,35
3325100,<Table> [Sorcery] Glintstone Arc,1,0,[0|0|0],4070,35
3325100,<Table> [Sorcery] Cannon of Haima,1,0,[0|0|0],4080,20
3325100,<Table> [Sorcery] Crystal Burst,1,0,[0|0|0],4090,35
3325100,<Table> [Sorcery] Shatter Earth,1,0,[0|0|0],4100,35
3325100,<Table> [Sorcery] Rock Blaster,1,0,[0|0|0],4110,20
3325100,<Table> [Sorcery] Gavel of Haima,1,0,[0|0|0],4120,20
3325100,<Table> [Sorcery] Terra Magica,1,0,[0|0|0],4130,20
3325100,<Table> [Sorcery] Comet Azur,1,0,[0|0|0],4200,40
3325100,<Table> [Sorcery] Founding Rain of Stars,1,0,[0|0|0],4210,40
3325100,<Table> [Sorcery] Stars of Ruin,1,0,[0|0|0],4220,40
3325100,<Table> [Sorcery] Glintblade Phalanx,1,0,[0|0|0],4300,20
3325100,<Table> [Sorcery] Carian Phalanx,1,0,[0|0|0],4301,20
3325100,<Table> [Sorcery] Greatblade Phalanx,1,0,[0|0|0],4302,20
3325100,<Table> [Sorcery] Rennala's Full Moon,1,0,[0|0|0],4360,40
3325100,<Table> [Sorcery] Ranni's Dark Moon,1,0,[0|0|0],4361,40
3325100,<Table> [Sorcery] Magic Downpour,1,0,[0|0|0],4370,20
3325100,<Table> [Sorcery] Loretta's Greatbow,1,0,[0|0|0],4380,20
3325100,<Table> [Sorcery] Loretta's Mastery,1,0,[0|0|0],4381,40
3325100,<Table> [Sorcery] Magic Glintblade,1,0,[0|0|0],4390,35
3325100,<Table> [Sorcery] Glintstone Icecrag,1,0,[0|0|0],4400,35
3325100,<Table> [Sorcery] Zamor Ice Storm,1,0,[0|0|0],4410,20
3325100,<Table> [Sorcery] Freezing Mist,1,0,[0|0|0],4420,20
3325100,<Table> [Sorcery] Carian Greatsword,1,0,[0|0|0],4430,35
3325100,<Table> [Sorcery] Adula's Moonblade,1,0,[0|0|0],4431,20
3325100,<Table> [Sorcery] Carian Slicer,1,0,[0|0|0],4440,35
3325100,<Table> [Sorcery] Carian Piercer,1,0,[0|0|0],4450,20
3325100,<Table> [Sorcery] Scholar's Armament,1,0,[0|0|0],4460,35
3325100,<Table> [Sorcery] Scholar's Shield,1,0,[0|0|0],4470,35
3325100,<Table> [Sorcery] Frozen Armament,1,0,[0|0|0],4490,20
3325100,<Table> [Sorcery] Shattering Crystal,1,0,[0|0|0],4500,40
3325100,<Table> [Sorcery] Crystal Release,1,0,[0|0|0],4510,20
3325100,<Table> [Sorcery] Crystal Torrent,1,0,[0|0|0],4520,40
3325100,<Table> [Sorcery] Ambush Shard,1,0,[0|0|0],4600,20
3325100,<Table> [Sorcery] Night Shard,1,0,[0|0|0],4610,20
3325100,<Table> [Sorcery] Night Comet,1,0,[0|0|0],4620,20
3325100,<Table> [Sorcery] Thops's Barrier,1,0,[0|0|0],4630,20
3325100,<Table> [Sorcery] Carian Retaliation,1,0,[0|0|0],4640,20
3325100,<Table> [Sorcery] Eternal Darkness,1,0,[0|0|0],4650,20
3325100,<Table> [Sorcery] Meteorite,1,0,[0|0|0],4700,20
3325100,<Table> [Sorcery] Meteorite of Astel,1,0,[0|0|0],4701,40
3325100,<Table> (0% weight),1,0,[0|0|0],4710,0
3325100,<Table> [Sorcery] Gravity Well,1,0,[0|0|0],4720,20
3325100,<Table> [Sorcery] Collapsing Stars,1,0,[0|0|0],4721,40
3325100,<Table> [Sorcery] Magma Shot,1,0,[0|0|0],4800,20
3325100,<Table> [Sorcery] Gelmir's Fury,1,0,[0|0|0],4810,40
3325100,<Table> [Sorcery] Roiling Magma,1,0,[0|0|0],4820,40
3325100,<Table> [Sorcery] Rykard's Rancor,1,0,[0|0|0],4830,40
3325100,<Table> [Sorcery] Briars of Sin,1,0,[0|0|0],4900,20
3325100,<Table> [Sorcery] Briars of Punishment,1,0,[0|0|0],4910,20
3325100,<Table> [Sorcery] Rancorcall,1,0,[0|0|0],5000,20
3325100,<Table> [Sorcery] Ancient Death Rancor,1,0,[0|0|0],5001,40
3325100,<Table> [Sorcery] Explosive Ghostflame,1,0,[0|0|0],5010,40
3325100,<Table> [Sorcery] Tibia's Summons,1,0,[0|0|0],5030,40
3325100,<Table> [Sorcery] Oracle Bubbles,1,0,[0|0|0],5100,20
3325100,<Table> [Sorcery] Great Oracular Bubble,1,0,[0|0|0],5110,20
3325100,<Table> [Sorcery] Night Maiden's Mist,1,0,[0|0|0],6500,35
3326000,[Sorcery] Briars of Punishment,1,0,[0|0|0],4910,100
3326100,<Table> [Sorcery] Glintstone Pebble,1,0,[0|0|0],4000,90
3326100,<Table> [Sorcery] Great Glintstone Shard,1,0,[0|0|0],4001,90
3326100,<Table> [Sorcery] Swift Glintstone Shard,1,0,[0|0|0],4010,90
3326100,<Table> [Sorcery] Glintstone Cometshard,1,0,[0|0|0],4020,45
3326100,<Table> [Sorcery] Comet,1,0,[0|0|0],4021,20
3326100,<Table> [Sorcery] Shard Spiral,1,0,[0|0|0],4030,45
3326100,<Table> [Sorcery] Glintstone Stars,1,0,[0|0|0],4040,90
3326100,<Table> [Sorcery] Star Shower,1,0,[0|0|0],4050,45
3326100,<Table> [Sorcery] Crystal Barrage,1,0,[0|0|0],4060,90
3326100,<Table> [Sorcery] Glintstone Arc,1,0,[0|0|0],4070,90
3326100,<Table> [Sorcery] Cannon of Haima,1,0,[0|0|0],4080,45
3326100,<Table> [Sorcery] Crystal Burst,1,0,[0|0|0],4090,90
3326100,<Table> [Sorcery] Shatter Earth,1,0,[0|0|0],4100,90
3326100,<Table> [Sorcery] Rock Blaster,1,0,[0|0|0],4110,45
3326100,<Table> [Sorcery] Gavel of Haima,1,0,[0|0|0],4120,45
3326100,<Table> [Sorcery] Terra Magica,1,0,[0|0|0],4130,45
3326100,<Table> [Sorcery] Comet Azur,1,0,[0|0|0],4200,20
3326100,<Table> [Sorcery] Founding Rain of Stars,1,0,[0|0|0],4210,20
3326100,<Table> [Sorcery] Stars of Ruin,1,0,[0|0|0],4220,20
3326100,<Table> [Sorcery] Glintblade Phalanx,1,0,[0|0|0],4300,45
3326100,<Table> [Sorcery] Carian Phalanx,1,0,[0|0|0],4301,45
3326100,<Table> [Sorcery] Greatblade Phalanx,1,0,[0|0|0],4302,45
3326100,<Table> [Sorcery] Rennala's Full Moon,1,0,[0|0|0],4360,20
3326100,<Table> [Sorcery] Ranni's Dark Moon,1,0,[0|0|0],4361,20
3326100,<Table> [Sorcery] Magic Downpour,1,0,[0|0|0],4370,45
3326100,<Table> [Sorcery] Loretta's Greatbow,1,0,[0|0|0],4380,45
3326100,<Table> [Sorcery] Loretta's Mastery,1,0,[0|0|0],4381,20
3326100,<Table> [Sorcery] Magic Glintblade,1,0,[0|0|0],4390,90
3326100,<Table> [Sorcery] Glintstone Icecrag,1,0,[0|0|0],4400,90
3326100,<Table> [Sorcery] Zamor Ice Storm,1,0,[0|0|0],4410,45
3326100,<Table> [Sorcery] Freezing Mist,1,0,[0|0|0],4420,45
3326100,<Table> [Sorcery] Carian Greatsword,1,0,[0|0|0],4430,90
3326100,<Table> [Sorcery] Adula's Moonblade,1,0,[0|0|0],4431,45
3326100,<Table> [Sorcery] Carian Slicer,1,0,[0|0|0],4440,90
3326100,<Table> [Sorcery] Carian Piercer,1,0,[0|0|0],4450,45
3326100,<Table> [Sorcery] Scholar's Armament,1,0,[0|0|0],4460,90
3326100,<Table> [Sorcery] Scholar's Shield,1,0,[0|0|0],4470,90
3326100,<Table> [Sorcery] Frozen Armament,1,0,[0|0|0],4490,45
3326100,<Table> [Sorcery] Shattering Crystal,1,0,[0|0|0],4500,20
3326100,<Table> [Sorcery] Crystal Release,1,0,[0|0|0],4510,45
3326100,<Table> [Sorcery] Crystal Torrent,1,0,[0|0|0],4520,20
3326100,<Table> [Sorcery] Ambush Shard,1,0,[0|0|0],4600,45
3326100,<Table> [Sorcery] Night Shard,1,0,[0|0|0],4610,45
3326100,<Table> [Sorcery] Night Comet,1,0,[0|0|0],4620,45
3326100,<Table> [Sorcery] Thops's Barrier,1,0,[0|0|0],4630,45
3326100,<Table> [Sorcery] Carian Retaliation,1,0,[0|0|0],4640,45
3326100,<Table> [Sorcery] Eternal Darkness,1,0,[0|0|0],4650,45
3326100,<Table> [Sorcery] Meteorite,1,0,[0|0|0],4700,45
3326100,<Table> [Sorcery] Meteorite of Astel,1,0,[0|0|0],4701,20
3326100,<Table> [Sorcery] Rock Sling,1,0,[0|0|0],4710,45
3326100,<Table> [Sorcery] Gravity Well,1,0,[0|0|0],4720,45
3326100,<Table> [Sorcery] Collapsing Stars,1,0,[0|0|0],4721,20
3326100,<Table> [Sorcery] Magma Shot,1,0,[0|0|0],4800,45
3326100,<Table> [Sorcery] Gelmir's Fury,1,0,[0|0|0],4810,20
3326100,<Table> [Sorcery] Roiling Magma,1,0,[0|0|0],4820,20
3326100,<Table> [Sorcery] Rykard's Rancor,1,0,[0|0|0],4830,20
3326100,<Table> [Sorcery] Briars of Sin,1,0,[0|0|0],4900,45
3326100,<Table> (0% weight),1,0,[0|0|0],4910,0
3326100,<Table> [Sorcery] Rancorcall,1,0,[0|0|0],5000,45
3326100,<Table> [Sorcery] Ancient Death Rancor,1,0,[0|0|0],5001,20
3326100,<Table> [Sorcery] Explosive Ghostflame,1,0,[0|0|0],5010,20
3326100,<Table> [Sorcery] Tibia's Summons,1,0,[0|0|0],5030,20
3326100,<Table> [Sorcery] Oracle Bubbles,1,0,[0|0|0],5100,45
3326100,<Table> [Sorcery] Great Oracular Bubble,1,0,[0|0|0],5110,45
3326100,<Table> [Sorcery] Night Maiden's Mist,1,0,[0|0|0],6500,90
3327000,[Sorcery] Shattering Crystal,1,0,[0|0|0],4510,100
3327100,<Table> [Sorcery] Glintstone Pebble,1,0,[0|0|0],4000,90
3327100,<Table> [Sorcery] Great Glintstone Shard,1,0,[0|0|0],4001,90
3327100,<Table> [Sorcery] Swift Glintstone Shard,1,0,[0|0|0],4010,90
3327100,<Table> [Sorcery] Glintstone Cometshard,1,0,[0|0|0],4020,45
3327100,<Table> [Sorcery] Comet,1,0,[0|0|0],4021,20
3327100,<Table> [Sorcery] Shard Spiral,1,0,[0|0|0],4030,45
3327100,<Table> [Sorcery] Glintstone Stars,1,0,[0|0|0],4040,90
3327100,<Table> [Sorcery] Star Shower,1,0,[0|0|0],4050,45
3327100,<Table> [Sorcery] Crystal Barrage,1,0,[0|0|0],4060,90
3327100,<Table> [Sorcery] Glintstone Arc,1,0,[0|0|0],4070,90
3327100,<Table> [Sorcery] Cannon of Haima,1,0,[0|0|0],4080,45
3327100,<Table> [Sorcery] Crystal Burst,1,0,[0|0|0],4090,90
3327100,<Table> [Sorcery] Shatter Earth,1,0,[0|0|0],4100,90
3327100,<Table> [Sorcery] Rock Blaster,1,0,[0|0|0],4110,45
3327100,<Table> [Sorcery] Gavel of Haima,1,0,[0|0|0],4120,45
3327100,<Table> [Sorcery] Terra Magica,1,0,[0|0|0],4130,45
3327100,<Table> [Sorcery] Comet Azur,1,0,[0|0|0],4200,20
3327100,<Table> [Sorcery] Founding Rain of Stars,1,0,[0|0|0],4210,20
3327100,<Table> [Sorcery] Stars of Ruin,1,0,[0|0|0],4220,20
3327100,<Table> [Sorcery] Glintblade Phalanx,1,0,[0|0|0],4300,45
3327100,<Table> [Sorcery] Carian Phalanx,1,0,[0|0|0],4301,45
3327100,<Table> [Sorcery] Greatblade Phalanx,1,0,[0|0|0],4302,45
3327100,<Table> [Sorcery] Rennala's Full Moon,1,0,[0|0|0],4360,20
3327100,<Table> [Sorcery] Ranni's Dark Moon,1,0,[0|0|0],4361,20
3327100,<Table> [Sorcery] Magic Downpour,1,0,[0|0|0],4370,45
3327100,<Table> [Sorcery] Loretta's Greatbow,1,0,[0|0|0],4380,45
3327100,<Table> [Sorcery] Loretta's Mastery,1,0,[0|0|0],4381,20
3327100,<Table> [Sorcery] Magic Glintblade,1,0,[0|0|0],4390,90
3327100,<Table> [Sorcery] Glintstone Icecrag,1,0,[0|0|0],4400,90
3327100,<Table> [Sorcery] Zamor Ice Storm,1,0,[0|0|0],4410,45
3327100,<Table> [Sorcery] Freezing Mist,1,0,[0|0|0],4420,45
3327100,<Table> [Sorcery] Carian Greatsword,1,0,[0|0|0],4430,90
3327100,<Table> [Sorcery] Adula's Moonblade,1,0,[0|0|0],4431,45
3327100,<Table> [Sorcery] Carian Slicer,1,0,[0|0|0],4440,90
3327100,<Table> [Sorcery] Carian Piercer,1,0,[0|0|0],4450,45
3327100,<Table> [Sorcery] Scholar's Armament,1,0,[0|0|0],4460,90
3327100,<Table> [Sorcery] Scholar's Shield,1,0,[0|0|0],4470,90
3327100,<Table> [Sorcery] Frozen Armament,1,0,[0|0|0],4490,45
3327100,<Table> (0% weight),1,0,[0|0|0],4500,45
3327100,<Table> [Sorcery] Crystal Release,1,0,[0|0|0],4510,0
3327100,<Table> [Sorcery] Crystal Torrent,1,0,[0|0|0],4520,20
3327100,<Table> [Sorcery] Ambush Shard,1,0,[0|0|0],4600,45
3327100,<Table> [Sorcery] Night Shard,1,0,[0|0|0],4610,45
3327100,<Table> [Sorcery] Night Comet,1,0,[0|0|0],4620,45
3327100,<Table> [Sorcery] Thops's Barrier,1,0,[0|0|0],4630,45
3327100,<Table> [Sorcery] Carian Retaliation,1,0,[0|0|0],4640,45
3327100,<Table> [Sorcery] Eternal Darkness,1,0,[0|0|0],4650,45
3327100,<Table> [Sorcery] Meteorite,1,0,[0|0|0],4700,45
3327100,<Table> [Sorcery] Meteorite of Astel,1,0,[0|0|0],4701,20
3327100,<Table> [Sorcery] Rock Sling,1,0,[0|0|0],4710,45
3327100,<Table> [Sorcery] Gravity Well,1,0,[0|0|0],4720,45
3327100,<Table> [Sorcery] Collapsing Stars,1,0,[0|0|0],4721,20
3327100,<Table> [Sorcery] Magma Shot,1,0,[0|0|0],4800,45
3327100,<Table> [Sorcery] Gelmir's Fury,1,0,[0|0|0],4810,20
3327100,<Table> [Sorcery] Roiling Magma,1,0,[0|0|0],4820,20
3327100,<Table> [Sorcery] Rykard's Rancor,1,0,[0|0|0],4830,20
3327100,<Table> [Sorcery] Briars of Sin,1,0,[0|0|0],4900,45
3327100,<Table> [Sorcery] Briars of Punishment,1,0,[0|0|0],4910,45
3327100,<Table> [Sorcery] Rancorcall,1,0,[0|0|0],5000,45
3327100,<Table> [Sorcery] Ancient Death Rancor,1,0,[0|0|0],5001,20
3327100,<Table> [Sorcery] Explosive Ghostflame,1,0,[0|0|0],5010,20
3327100,<Table> [Sorcery] Tibia's Summons,1,0,[0|0|0],5030,20
3327100,<Table> [Sorcery] Oracle Bubbles,1,0,[0|0|0],5100,45
3327100,<Table> [Sorcery] Great Oracular Bubble,1,0,[0|0|0],5110,45
3327100,<Table> [Sorcery] Night Maiden's Mist,1,0,[0|0|0],6500,90
3328000,[Sorcery] Night Comet,1,0,[0|0|0],4620,100
3328100,<Table> [Sorcery] Glintstone Pebble,1,0,[0|0|0],4000,90
3328100,<Table> [Sorcery] Great Glintstone Shard,1,0,[0|0|0],4001,90
3328100,<Table> [Sorcery] Swift Glintstone Shard,1,0,[0|0|0],4010,90
3328100,<Table> [Sorcery] Glintstone Cometshard,1,0,[0|0|0],4020,45
3328100,<Table> [Sorcery] Comet,1,0,[0|0|0],4021,20
3328100,<Table> [Sorcery] Shard Spiral,1,0,[0|0|0],4030,45
3328100,<Table> [Sorcery] Glintstone Stars,1,0,[0|0|0],4040,90
3328100,<Table> [Sorcery] Star Shower,1,0,[0|0|0],4050,45
3328100,<Table> [Sorcery] Crystal Barrage,1,0,[0|0|0],4060,90
3328100,<Table> [Sorcery] Glintstone Arc,1,0,[0|0|0],4070,90
3328100,<Table> [Sorcery] Cannon of Haima,1,0,[0|0|0],4080,45
3328100,<Table> [Sorcery] Crystal Burst,1,0,[0|0|0],4090,90
3328100,<Table> [Sorcery] Shatter Earth,1,0,[0|0|0],4100,90
3328100,<Table> [Sorcery] Rock Blaster,1,0,[0|0|0],4110,45
3328100,<Table> [Sorcery] Gavel of Haima,1,0,[0|0|0],4120,45
3328100,<Table> [Sorcery] Terra Magica,1,0,[0|0|0],4130,45
3328100,<Table> [Sorcery] Comet Azur,1,0,[0|0|0],4200,20
3328100,<Table> [Sorcery] Founding Rain of Stars,1,0,[0|0|0],4210,20
3328100,<Table> [Sorcery] Stars of Ruin,1,0,[0|0|0],4220,20
3328100,<Table> [Sorcery] Glintblade Phalanx,1,0,[0|0|0],4300,45
3328100,<Table> [Sorcery] Carian Phalanx,1,0,[0|0|0],4301,45
3328100,<Table> [Sorcery] Greatblade Phalanx,1,0,[0|0|0],4302,45
3328100,<Table> [Sorcery] Rennala's Full Moon,1,0,[0|0|0],4360,20
3328100,<Table> [Sorcery] Ranni's Dark Moon,1,0,[0|0|0],4361,20
3328100,<Table> [Sorcery] Magic Downpour,1,0,[0|0|0],4370,45
3328100,<Table> [Sorcery] Loretta's Greatbow,1,0,[0|0|0],4380,45
3328100,<Table> [Sorcery] Loretta's Mastery,1,0,[0|0|0],4381,20
3328100,<Table> [Sorcery] Magic Glintblade,1,0,[0|0|0],4390,90
3328100,<Table> [Sorcery] Glintstone Icecrag,1,0,[0|0|0],4400,90
3328100,<Table> [Sorcery] Zamor Ice Storm,1,0,[0|0|0],4410,45
3328100,<Table> [Sorcery] Freezing Mist,1,0,[0|0|0],4420,45
3328100,<Table> [Sorcery] Carian Greatsword,1,0,[0|0|0],4430,90
3328100,<Table> [Sorcery] Adula's Moonblade,1,0,[0|0|0],4431,45
3328100,<Table> [Sorcery] Carian Slicer,1,0,[0|0|0],4440,90
3328100,<Table> [Sorcery] Carian Piercer,1,0,[0|0|0],4450,45
3328100,<Table> [Sorcery] Scholar's Armament,1,0,[0|0|0],4460,90
3328100,<Table> [Sorcery] Scholar's Shield,1,0,[0|0|0],4470,90
3328100,<Table> [Sorcery] Frozen Armament,1,0,[0|0|0],4490,45
3328100,<Table> [Sorcery] Shattering Crystal,1,0,[0|0|0],4500,20
3328100,<Table> [Sorcery] Crystal Release,1,0,[0|0|0],4510,45
3328100,<Table> [Sorcery] Crystal Torrent,1,0,[0|0|0],4520,20
3328100,<Table> [Sorcery] Ambush Shard,1,0,[0|0|0],4600,45
3328100,<Table> [Sorcery] Night Shard,1,0,[0|0|0],4610,45
3328100,<Table> (0% weight),1,0,[0|0|0],4620,0
3328100,<Table> [Sorcery] Thops's Barrier,1,0,[0|0|0],4630,45
3328100,<Table> [Sorcery] Carian Retaliation,1,0,[0|0|0],4640,45
3328100,<Table> [Sorcery] Eternal Darkness,1,0,[0|0|0],4650,45
3328100,<Table> [Sorcery] Meteorite,1,0,[0|0|0],4700,45
3328100,<Table> [Sorcery] Meteorite of Astel,1,0,[0|0|0],4701,20
3328100,<Table> [Sorcery] Rock Sling,1,0,[0|0|0],4710,45
3328100,<Table> [Sorcery] Gravity Well,1,0,[0|0|0],4720,45
3328100,<Table> [Sorcery] Collapsing Stars,1,0,[0|0|0],4721,20
3328100,<Table> [Sorcery] Magma Shot,1,0,[0|0|0],4800,45
3328100,<Table> [Sorcery] Gelmir's Fury,1,0,[0|0|0],4810,20
3328100,<Table> [Sorcery] Roiling Magma,1,0,[0|0|0],4820,20
3328100,<Table> [Sorcery] Rykard's Rancor,1,0,[0|0|0],4830,20
3328100,<Table> [Sorcery] Briars of Sin,1,0,[0|0|0],4900,45
3328100,<Table> [Sorcery] Briars of Punishment,1,0,[0|0|0],4910,45
3328100,<Table> [Sorcery] Rancorcall,1,0,[0|0|0],5000,45
3328100,<Table> [Sorcery] Ancient Death Rancor,1,0,[0|0|0],5001,20
3328100,<Table> [Sorcery] Explosive Ghostflame,1,0,[0|0|0],5010,20
3328100,<Table> [Sorcery] Tibia's Summons,1,0,[0|0|0],5030,20
3328100,<Table> [Sorcery] Oracle Bubbles,1,0,[0|0|0],5100,45
3328100,<Table> [Sorcery] Great Oracular Bubble,1,0,[0|0|0],5110,45
3328100,<Table> [Sorcery] Night Maiden's Mist,1,0,[0|0|0],6500,90
3400000,[Incantation] Rejection,1,0,[0|0|0],6400,100
3400100,<Table> [Incantation] Death Lightning,1,0,[0|0|0],5040,15
3400100,<Table> [Incantation] Catch Flame,1,0,[0|0|0],6000,110
3400100,<Table> [Incantation] O- Flame!,1,0,[0|0|0],6001,110
3400100,<Table> [Incantation] Flame Sling,1,0,[0|0|0],6010,110
3400100,<Table> [Incantation] Flame- Fall Upon Them,1,0,[0|0|0],6020,40
3400100,<Table> [Incantation] Whirl- O Flame!,1,0,[0|0|0],6030,40
3400100,<Table> [Incantation] Flame- Grant Me Strength,1,0,[0|0|0],6050,40
3400100,<Table> [Incantation] Flame- Protect Me,1,0,[0|0|0],6060,40
3400100,<Table> [Incantation] Giantsflame Take Thee,1,0,[0|0|0],6100,15
3400100,<Table> [Incantation] Flame of The Fell God,1,0,[0|0|0],6110,15
3400100,<Table> [Incantation] Burn- O Flame!,1,0,[0|0|0],6120,40
3400100,<Table> [Incantation] Black Flame,1,0,[0|0|0],6210,110
3400100,<Table> [Incantation] Surge- O Flame!,1,0,[0|0|0],6220,40
3400100,<Table> [Incantation] Scouring Black Flame,1,0,[0|0|0],6230,40
3400100,<Table> [Incantation] Black Flame Ritual,1,0,[0|0|0],6240,15
3400100,<Table> [Incantation] Black Flame Blade,1,0,[0|0|0],6250,40
3400100,<Table> [Incantation] Black Flame's Protection,1,0,[0|0|0],6260,110
3400100,<Table> [Incantation] Noble Presence,1,0,[0|0|0],6270,40
3400100,<Table> [Incantation] Bloodflame Talons,1,0,[0|0|0],6300,40
3400100,<Table> [Incantation] Bloodboon,1,0,[0|0|0],6310,40
3400100,<Table> [Incantation] Bloodflame Blade,1,0,[0|0|0],6320,40
3400100,<Table> [Incantation] Barrier of Gold,1,0,[0|0|0],6330,40
3400100,<Table> [Incantation] Protection of The Erdtree,1,0,[0|0|0],6340,15
3400100,<Table> (0% weight),1,0,[0|0|0],6400,0
3400100,<Table> [Incantation] Wrath of Gold,1,0,[0|0|0],6410,40
3400100,<Table> [Incantation] Urgent Heal,1,0,[0|0|0],6420,110
3400100,<Table> [Incantation] Heal,1,0,[0|0|0],6421,110
3400100,<Table> [Incantation] Great Heal,1,0,[0|0|0],6422,40
3400100,<Table> [Incantation] Lord's Heal,1,0,[0|0|0],6423,40
3400100,<Table> [Incantation] Erdtree Heal,1,0,[0|0|0],6424,15
3400100,<Table> [Incantation] Blessing's Boon,1,0,[0|0|0],6430,40
3400100,<Table> [Incantation] Blessing of The Erdtree,1,0,[0|0|0],6431,15
3400100,<Table> [Incantation] Flame Fortification,1,0,[0|0|0],6450,110
3400100,<Table> [Incantation] Magic Fortification,1,0,[0|0|0],6460,110
3400100,<Table> [Incantation] Lightning Fortification,1,0,[0|0|0],6470,110
3400100,<Table> [Incantation] Divine Fortification,1,0,[0|0|0],6480,110
3400100,<Table> [Incantation] Lord's Divine Fortification,1,0,[0|0|0],6490,40
3400100,<Table> [Incantation] Shadow Bait,1,0,[0|0|0],6520,110
3400100,<Table> [Incantation] Darkness,1,0,[0|0|0],6530,40
3400100,<Table> [Incantation] Golden Vow,1,0,[0|0|0],6600,110
3400100,<Table> [Incantation] Discus of Light,1,0,[0|0|0],6700,40
3400100,<Table> [Incantation] Triple Rings of Light,1,0,[0|0|0],6701,40
3400100,<Table> [Incantation] Radagon's Rings of Light,1,0,[0|0|0],6710,40
3400100,<Table> [Incantation] Elden Stars,1,0,[0|0|0],6720,15
3400100,<Table> [Incantation] Law of Regression,1,0,[0|0|0],6730,15
3400100,<Table> [Incantation] Immutable Shield,1,0,[0|0|0],6740,40
3400100,<Table> [Incantation] Litany of Proper Death,1,0,[0|0|0],6750,40
3400100,<Table> [Incantation] Law of Causality,1,0,[0|0|0],6760,15
3400100,<Table> [Incantation] Order's Blade,1,0,[0|0|0],6770,40
3400100,<Table> [Incantation] Bestial Sling,1,0,[0|0|0],6800,110
3400100,<Table> [Incantation] Stone of Gurranq,1,0,[0|0|0],6810,40
3400100,<Table> [Incantation] Beast Claw,1,0,[0|0|0],6820,110
3400100,<Table> [Incantation] Gurranq's Beast Claw,1,0,[0|0|0],6830,40
3400100,<Table> [Incantation] Bestial Vitality,1,0,[0|0|0],6840,40
3400100,<Table> [Incantation] Lightning Spear,1,0,[0|0|0],6900,110
3400100,<Table> [Incantation] Ancient Dragons' Lightning Strike,1,0,[0|0|0],6910,110
3400100,<Table> [Incantation] Lightning Strike,1,0,[0|0|0],6920,110
3400100,<Table> [Incantation] Frozen Lightning Spear,1,0,[0|0|0],6921,40
3400100,<Table> [Incantation] Honed Bolt,1,0,[0|0|0],6930,110
3400100,<Table> [Incantation] Ancient Dragons' Lightning Spear,1,0,[0|0|0],6940,40
3400100,<Table> [Incantation] Fortissax's Lightning Spear,1,0,[0|0|0],6941,15
3400100,<Table> [Incantation] Lansseax's Glaive,1,0,[0|0|0],6950,15
3400100,<Table> [Incantation] Electrify Armament,1,0,[0|0|0],6960,40
3400100,<Table> [Incantation] Dragonbolt Blessing,1,0,[0|0|0],6971,40
3400100,<Table> [Incantation] Dragonfire,1,0,[0|0|0],7000,40
3400100,<Table> [Incantation] Agheel's Flame,1,0,[0|0|0],7001,40
3400100,<Table> [Incantation] Magma Breath,1,0,[0|0|0],7010,40
3400100,<Table> [Incantation] Theodorix's Magma,1,0,[0|0|0],7011,40
3400100,<Table> [Incantation] Dragonice,1,0,[0|0|0],7020,40
3400100,<Table> [Incantation] Borealis's Mist,1,0,[0|0|0],7021,40
3400100,<Table> [Incantation] Rotten Breath,1,0,[0|0|0],7030,40
3400100,<Table> [Incantation] Ekzykes's Decay,1,0,[0|0|0],7031,40
3400100,<Table> [Incantation] Glintstone Breath,1,0,[0|0|0],7040,40
3400100,<Table> [Incantation] Smarag's Glint Breath,1,0,[0|0|0],7041,40
3400100,<Table> [Incantation] Placidusax's Ruin,1,0,[0|0|0],7050,15
3400100,<Table> [Incantation] Dragonclaw,1,0,[0|0|0],7060,40
3400100,<Table> [Incantation] Dragonmaw,1,0,[0|0|0],7080,40
3400100,<Table> [Incantation] Greyoll's Roar,1,0,[0|0|0],7090,15
3400100,<Table> [Incantation] Pest Threads,1,0,[0|0|0],7200,110
3400100,<Table> [Incantation] Swarm of Flies,1,0,[0|0|0],7210,40
3400100,<Table> [Incantation] Poison Mist,1,0,[0|0|0],7220,110
3400100,<Table> [Incantation] Poison Armament,1,0,[0|0|0],7230,110
3400100,<Table> [Incantation] Scarlet Aeonia,1,0,[0|0|0],7240,15
3400100,<Table> [Incantation] The Flame of Frenzy,1,0,[0|0|0],7310,110
3400100,<Table> [Incantation] Unendurable Frenzy,1,0,[0|0|0],7311,15
3400100,<Table> [Incantation] Frenzied Burst,1,0,[0|0|0],7320,40
3400100,<Table> [Incantation] Howl of Shabriri,1,0,[0|0|0],7330,40
3400100,<Table> [Incantation] Aspects of the Crucible: Tail,1,0,[0|0|0],7500,40
3400100,<Table> [Incantation] Aspects of the Crucible: Horns,1,0,[0|0|0],7510,40
3400100,<Table> [Incantation] Aspects of the Crucible: Breath,1,0,[0|0|0],7520,40
3400100,<Table> [Incantation] Black Blade,1,0,[0|0|0],7530,15
3400100,<Table> [Incantation] Fire's Deadly Sin,1,0,[0|0|0],7900,40
3400100,<Table> [Incantation] Golden Lightning Fortification,1,0,[0|0|0],7903,15
3401000,[Incantation] Black Flame,1,0,[0|0|0],6210,100
3401100,<Table> [Incantation] Death Lightning,1,0,[0|0|0],5040,25
3401100,<Table> [Incantation] Catch Flame,1,0,[0|0|0],6000,80
3401100,<Table> [Incantation] O- Flame!,1,0,[0|0|0],6001,80
3401100,<Table> [Incantation] Flame Sling,1,0,[0|0|0],6010,80
3401100,<Table> [Incantation] Flame- Fall Upon Them,1,0,[0|0|0],6020,35
3401100,<Table> [Incantation] Whirl- O Flame!,1,0,[0|0|0],6030,35
3401100,<Table> [Incantation] Flame- Grant Me Strength,1,0,[0|0|0],6050,35
3401100,<Table> [Incantation] Flame- Protect Me,1,0,[0|0|0],6060,35
3401100,<Table> [Incantation] Giantsflame Take Thee,1,0,[0|0|0],6100,25
3401100,<Table> [Incantation] Flame of The Fell God,1,0,[0|0|0],6110,25
3401100,<Table> [Incantation] Burn- O Flame!,1,0,[0|0|0],6120,35
3401100,<Table> (0% weight),1,0,[0|0|0],6210,0
3401100,<Table> [Incantation] Surge- O Flame!,1,0,[0|0|0],6220,35
3401100,<Table> [Incantation] Scouring Black Flame,1,0,[0|0|0],6230,35
3401100,<Table> [Incantation] Black Flame Ritual,1,0,[0|0|0],6240,25
3401100,<Table> [Incantation] Black Flame Blade,1,0,[0|0|0],6250,35
3401100,<Table> [Incantation] Black Flame's Protection,1,0,[0|0|0],6260,80
3401100,<Table> [Incantation] Noble Presence,1,0,[0|0|0],6270,35
3401100,<Table> [Incantation] Bloodflame Talons,1,0,[0|0|0],6300,35
3401100,<Table> [Incantation] Bloodboon,1,0,[0|0|0],6310,35
3401100,<Table> [Incantation] Bloodflame Blade,1,0,[0|0|0],6320,35
3401100,<Table> [Incantation] Barrier of Gold,1,0,[0|0|0],6330,35
3401100,<Table> [Incantation] Protection of The Erdtree,1,0,[0|0|0],6340,25
3401100,<Table> [Incantation] Rejection,1,0,[0|0|0],6400,80
3401100,<Table> [Incantation] Wrath of Gold,1,0,[0|0|0],6410,35
3401100,<Table> [Incantation] Urgent Heal,1,0,[0|0|0],6420,80
3401100,<Table> [Incantation] Heal,1,0,[0|0|0],6421,80
3401100,<Table> [Incantation] Great Heal,1,0,[0|0|0],6422,35
3401100,<Table> [Incantation] Lord's Heal,1,0,[0|0|0],6423,35
3401100,<Table> [Incantation] Erdtree Heal,1,0,[0|0|0],6424,25
3401100,<Table> [Incantation] Blessing's Boon,1,0,[0|0|0],6430,35
3401100,<Table> [Incantation] Blessing of The Erdtree,1,0,[0|0|0],6431,25
3401100,<Table> [Incantation] Flame Fortification,1,0,[0|0|0],6450,80
3401100,<Table> [Incantation] Magic Fortification,1,0,[0|0|0],6460,80
3401100,<Table> [Incantation] Lightning Fortification,1,0,[0|0|0],6470,80
3401100,<Table> [Incantation] Divine Fortification,1,0,[0|0|0],6480,80
3401100,<Table> [Incantation] Lord's Divine Fortification,1,0,[0|0|0],6490,35
3401100,<Table> [Incantation] Shadow Bait,1,0,[0|0|0],6520,80
3401100,<Table> [Incantation] Darkness,1,0,[0|0|0],6530,35
3401100,<Table> [Incantation] Golden Vow,1,0,[0|0|0],6600,80
3401100,<Table> [Incantation] Discus of Light,1,0,[0|0|0],6700,35
3401100,<Table> [Incantation] Triple Rings of Light,1,0,[0|0|0],6701,35
3401100,<Table> [Incantation] Radagon's Rings of Light,1,0,[0|0|0],6710,35
3401100,<Table> [Incantation] Elden Stars,1,0,[0|0|0],6720,25
3401100,<Table> [Incantation] Law of Regression,1,0,[0|0|0],6730,25
3401100,<Table> [Incantation] Immutable Shield,1,0,[0|0|0],6740,35
3401100,<Table> [Incantation] Litany of Proper Death,1,0,[0|0|0],6750,35
3401100,<Table> [Incantation] Law of Causality,1,0,[0|0|0],6760,25
3401100,<Table> [Incantation] Order's Blade,1,0,[0|0|0],6770,35
3401100,<Table> [Incantation] Bestial Sling,1,0,[0|0|0],6800,80
3401100,<Table> [Incantation] Stone of Gurranq,1,0,[0|0|0],6810,35
3401100,<Table> [Incantation] Beast Claw,1,0,[0|0|0],6820,80
3401100,<Table> [Incantation] Gurranq's Beast Claw,1,0,[0|0|0],6830,35
3401100,<Table> [Incantation] Bestial Vitality,1,0,[0|0|0],6840,35
3401100,<Table> [Incantation] Lightning Spear,1,0,[0|0|0],6900,80
3401100,<Table> [Incantation] Ancient Dragons' Lightning Strike,1,0,[0|0|0],6910,80
3401100,<Table> [Incantation] Lightning Strike,1,0,[0|0|0],6920,80
3401100,<Table> [Incantation] Frozen Lightning Spear,1,0,[0|0|0],6921,35
3401100,<Table> [Incantation] Honed Bolt,1,0,[0|0|0],6930,80
3401100,<Table> [Incantation] Ancient Dragons' Lightning Spear,1,0,[0|0|0],6940,35
3401100,<Table> [Incantation] Fortissax's Lightning Spear,1,0,[0|0|0],6941,25
3401100,<Table> [Incantation] Lansseax's Glaive,1,0,[0|0|0],6950,25
3401100,<Table> [Incantation] Electrify Armament,1,0,[0|0|0],6960,35
3401100,<Table> [Incantation] Dragonbolt Blessing,1,0,[0|0|0],6971,35
3401100,<Table> [Incantation] Dragonfire,1,0,[0|0|0],7000,35
3401100,<Table> [Incantation] Agheel's Flame,1,0,[0|0|0],7001,35
3401100,<Table> [Incantation] Magma Breath,1,0,[0|0|0],7010,35
3401100,<Table> [Incantation] Theodorix's Magma,1,0,[0|0|0],7011,35
3401100,<Table> [Incantation] Dragonice,1,0,[0|0|0],7020,35
3401100,<Table> [Incantation] Borealis's Mist,1,0,[0|0|0],7021,35
3401100,<Table> [Incantation] Rotten Breath,1,0,[0|0|0],7030,35
3401100,<Table> [Incantation] Ekzykes's Decay,1,0,[0|0|0],7031,35
3401100,<Table> [Incantation] Glintstone Breath,1,0,[0|0|0],7040,35
3401100,<Table> [Incantation] Smarag's Glint Breath,1,0,[0|0|0],7041,35
3401100,<Table> [Incantation] Placidusax's Ruin,1,0,[0|0|0],7050,25
3401100,<Table> [Incantation] Dragonclaw,1,0,[0|0|0],7060,35
3401100,<Table> [Incantation] Dragonmaw,1,0,[0|0|0],7080,35
3401100,<Table> [Incantation] Greyoll's Roar,1,0,[0|0|0],7090,25
3401100,<Table> [Incantation] Pest Threads,1,0,[0|0|0],7200,80
3401100,<Table> [Incantation] Swarm of Flies,1,0,[0|0|0],7210,35
3401100,<Table> [Incantation] Poison Mist,1,0,[0|0|0],7220,80
3401100,<Table> [Incantation] Poison Armament,1,0,[0|0|0],7230,80
3401100,<Table> [Incantation] Scarlet Aeonia,1,0,[0|0|0],7240,25
3401100,<Table> [Incantation] The Flame of Frenzy,1,0,[0|0|0],7310,80
3401100,<Table> [Incantation] Unendurable Frenzy,1,0,[0|0|0],7311,25
3401100,<Table> [Incantation] Frenzied Burst,1,0,[0|0|0],7320,35
3401100,<Table> [Incantation] Howl of Shabriri,1,0,[0|0|0],7330,35
3401100,<Table> [Incantation] Aspects of the Crucible: Tail,1,0,[0|0|0],7500,35
3401100,<Table> [Incantation] Aspects of the Crucible: Horns,1,0,[0|0|0],7510,35
3401100,<Table> [Incantation] Aspects of the Crucible: Breath,1,0,[0|0|0],7520,35
3401100,<Table> [Incantation] Black Blade,1,0,[0|0|0],7530,25
3401100,<Table> [Incantation] Fire's Deadly Sin,1,0,[0|0|0],7900,35
3401100,<Table> [Incantation] Golden Lightning Fortification,1,0,[0|0|0],7903,25
3402000,[Incantation] Flame Sling,1,0,[0|0|0],6100,100
3402100,<Table> [Incantation] Death Lightning,1,0,[0|0|0],5040,25
3402100,<Table> [Incantation] Catch Flame,1,0,[0|0|0],6000,80
3402100,<Table> [Incantation] O- Flame!,1,0,[0|0|0],6001,80
3402100,<Table> (0% weight),1,0,[0|0|0],6010,80
3402100,<Table> [Incantation] Flame- Fall Upon Them,1,0,[0|0|0],6020,35
3402100,<Table> [Incantation] Whirl- O Flame!,1,0,[0|0|0],6030,35
3402100,<Table> [Incantation] Flame- Grant Me Strength,1,0,[0|0|0],6050,35
3402100,<Table> [Incantation] Flame- Protect Me,1,0,[0|0|0],6060,35
3402100,<Table> [Incantation] Giantsflame Take Thee,1,0,[0|0|0],6100,0
3402100,<Table> [Incantation] Flame of The Fell God,1,0,[0|0|0],6110,25
3402100,<Table> [Incantation] Burn- O Flame!,1,0,[0|0|0],6120,35
3402100,<Table> [Incantation] Black Flame,1,0,[0|0|0],6210,80
3402100,<Table> [Incantation] Surge- O Flame!,1,0,[0|0|0],6220,35
3402100,<Table> [Incantation] Scouring Black Flame,1,0,[0|0|0],6230,35
3402100,<Table> [Incantation] Black Flame Ritual,1,0,[0|0|0],6240,25
3402100,<Table> [Incantation] Black Flame Blade,1,0,[0|0|0],6250,35
3402100,<Table> [Incantation] Black Flame's Protection,1,0,[0|0|0],6260,80
3402100,<Table> [Incantation] Noble Presence,1,0,[0|0|0],6270,35
3402100,<Table> [Incantation] Bloodflame Talons,1,0,[0|0|0],6300,35
3402100,<Table> [Incantation] Bloodboon,1,0,[0|0|0],6310,35
3402100,<Table> [Incantation] Bloodflame Blade,1,0,[0|0|0],6320,35
3402100,<Table> [Incantation] Barrier of Gold,1,0,[0|0|0],6330,35
3402100,<Table> [Incantation] Protection of The Erdtree,1,0,[0|0|0],6340,25
3402100,<Table> [Incantation] Rejection,1,0,[0|0|0],6400,80
3402100,<Table> [Incantation] Wrath of Gold,1,0,[0|0|0],6410,35
3402100,<Table> [Incantation] Urgent Heal,1,0,[0|0|0],6420,80
3402100,<Table> [Incantation] Heal,1,0,[0|0|0],6421,80
3402100,<Table> [Incantation] Great Heal,1,0,[0|0|0],6422,35
3402100,<Table> [Incantation] Lord's Heal,1,0,[0|0|0],6423,35
3402100,<Table> [Incantation] Erdtree Heal,1,0,[0|0|0],6424,25
3402100,<Table> [Incantation] Blessing's Boon,1,0,[0|0|0],6430,35
3402100,<Table> [Incantation] Blessing of The Erdtree,1,0,[0|0|0],6431,25
3402100,<Table> [Incantation] Flame Fortification,1,0,[0|0|0],6450,80
3402100,<Table> [Incantation] Magic Fortification,1,0,[0|0|0],6460,80
3402100,<Table> [Incantation] Lightning Fortification,1,0,[0|0|0],6470,80
3402100,<Table> [Incantation] Divine Fortification,1,0,[0|0|0],6480,80
3402100,<Table> [Incantation] Lord's Divine Fortification,1,0,[0|0|0],6490,35
3402100,<Table> [Incantation] Shadow Bait,1,0,[0|0|0],6520,80
3402100,<Table> [Incantation] Darkness,1,0,[0|0|0],6530,35
3402100,<Table> [Incantation] Golden Vow,1,0,[0|0|0],6600,80
3402100,<Table> [Incantation] Discus of Light,1,0,[0|0|0],6700,35
3402100,<Table> [Incantation] Triple Rings of Light,1,0,[0|0|0],6701,35
3402100,<Table> [Incantation] Radagon's Rings of Light,1,0,[0|0|0],6710,35
3402100,<Table> [Incantation] Elden Stars,1,0,[0|0|0],6720,25
3402100,<Table> [Incantation] Law of Regression,1,0,[0|0|0],6730,25
3402100,<Table> [Incantation] Immutable Shield,1,0,[0|0|0],6740,35
3402100,<Table> [Incantation] Litany of Proper Death,1,0,[0|0|0],6750,35
3402100,<Table> [Incantation] Law of Causality,1,0,[0|0|0],6760,25
3402100,<Table> [Incantation] Order's Blade,1,0,[0|0|0],6770,35
3402100,<Table> [Incantation] Bestial Sling,1,0,[0|0|0],6800,80
3402100,<Table> [Incantation] Stone of Gurranq,1,0,[0|0|0],6810,35
3402100,<Table> [Incantation] Beast Claw,1,0,[0|0|0],6820,80
3402100,<Table> [Incantation] Gurranq's Beast Claw,1,0,[0|0|0],6830,35
3402100,<Table> [Incantation] Bestial Vitality,1,0,[0|0|0],6840,35
3402100,<Table> [Incantation] Lightning Spear,1,0,[0|0|0],6900,80
3402100,<Table> [Incantation] Ancient Dragons' Lightning Strike,1,0,[0|0|0],6910,80
3402100,<Table> [Incantation] Lightning Strike,1,0,[0|0|0],6920,80
3402100,<Table> [Incantation] Frozen Lightning Spear,1,0,[0|0|0],6921,35
3402100,<Table> [Incantation] Honed Bolt,1,0,[0|0|0],6930,80
3402100,<Table> [Incantation] Ancient Dragons' Lightning Spear,1,0,[0|0|0],6940,35
3402100,<Table> [Incantation] Fortissax's Lightning Spear,1,0,[0|0|0],6941,25
3402100,<Table> [Incantation] Lansseax's Glaive,1,0,[0|0|0],6950,25
3402100,<Table> [Incantation] Electrify Armament,1,0,[0|0|0],6960,35
3402100,<Table> [Incantation] Dragonbolt Blessing,1,0,[0|0|0],6971,35
3402100,<Table> [Incantation] Dragonfire,1,0,[0|0|0],7000,35
3402100,<Table> [Incantation] Agheel's Flame,1,0,[0|0|0],7001,35
3402100,<Table> [Incantation] Magma Breath,1,0,[0|0|0],7010,35
3402100,<Table> [Incantation] Theodorix's Magma,1,0,[0|0|0],7011,35
3402100,<Table> [Incantation] Dragonice,1,0,[0|0|0],7020,35
3402100,<Table> [Incantation] Borealis's Mist,1,0,[0|0|0],7021,35
3402100,<Table> [Incantation] Rotten Breath,1,0,[0|0|0],7030,35
3402100,<Table> [Incantation] Ekzykes's Decay,1,0,[0|0|0],7031,35
3402100,<Table> [Incantation] Glintstone Breath,1,0,[0|0|0],7040,35
3402100,<Table> [Incantation] Smarag's Glint Breath,1,0,[0|0|0],7041,35
3402100,<Table> [Incantation] Placidusax's Ruin,1,0,[0|0|0],7050,25
3402100,<Table> [Incantation] Dragonclaw,1,0,[0|0|0],7060,35
3402100,<Table> [Incantation] Dragonmaw,1,0,[0|0|0],7080,35
3402100,<Table> [Incantation] Greyoll's Roar,1,0,[0|0|0],7090,25
3402100,<Table> [Incantation] Pest Threads,1,0,[0|0|0],7200,80
3402100,<Table> [Incantation] Swarm of Flies,1,0,[0|0|0],7210,35
3402100,<Table> [Incantation] Poison Mist,1,0,[0|0|0],7220,80
3402100,<Table> [Incantation] Poison Armament,1,0,[0|0|0],7230,80
3402100,<Table> [Incantation] Scarlet Aeonia,1,0,[0|0|0],7240,25
3402100,<Table> [Incantation] The Flame of Frenzy,1,0,[0|0|0],7310,80
3402100,<Table> [Incantation] Unendurable Frenzy,1,0,[0|0|0],7311,25
3402100,<Table> [Incantation] Frenzied Burst,1,0,[0|0|0],7320,35
3402100,<Table> [Incantation] Howl of Shabriri,1,0,[0|0|0],7330,35
3402100,<Table> [Incantation] Aspects of the Crucible: Tail,1,0,[0|0|0],7500,35
3402100,<Table> [Incantation] Aspects of the Crucible: Horns,1,0,[0|0|0],7510,35
3402100,<Table> [Incantation] Aspects of the Crucible: Breath,1,0,[0|0|0],7520,35
3402100,<Table> [Incantation] Black Blade,1,0,[0|0|0],7530,25
3402100,<Table> [Incantation] Fire's Deadly Sin,1,0,[0|0|0],7900,35
3402100,<Table> [Incantation] Golden Lightning Fortification,1,0,[0|0|0],7903,25
3403000,[Incantation] Lightning Spear,1,0,[0|0|0],6900,100
3403100,<Table> [Incantation] Death Lightning,1,0,[0|0|0],5040,25
3403100,<Table> [Incantation] Catch Flame,1,0,[0|0|0],6000,80
3403100,<Table> [Incantation] O- Flame!,1,0,[0|0|0],6001,80
3403100,<Table> [Incantation] Flame Sling,1,0,[0|0|0],6010,80
3403100,<Table> [Incantation] Flame- Fall Upon Them,1,0,[0|0|0],6020,35
3403100,<Table> [Incantation] Whirl- O Flame!,1,0,[0|0|0],6030,35
3403100,<Table> [Incantation] Flame- Grant Me Strength,1,0,[0|0|0],6050,35
3403100,<Table> [Incantation] Flame- Protect Me,1,0,[0|0|0],6060,35
3403100,<Table> [Incantation] Giantsflame Take Thee,1,0,[0|0|0],6100,25
3403100,<Table> [Incantation] Flame of The Fell God,1,0,[0|0|0],6110,25
3403100,<Table> [Incantation] Burn- O Flame!,1,0,[0|0|0],6120,35
3403100,<Table> [Incantation] Black Flame,1,0,[0|0|0],6210,80
3403100,<Table> [Incantation] Surge- O Flame!,1,0,[0|0|0],6220,35
3403100,<Table> [Incantation] Scouring Black Flame,1,0,[0|0|0],6230,35
3403100,<Table> [Incantation] Black Flame Ritual,1,0,[0|0|0],6240,25
3403100,<Table> [Incantation] Black Flame Blade,1,0,[0|0|0],6250,35
3403100,<Table> [Incantation] Black Flame's Protection,1,0,[0|0|0],6260,80
3403100,<Table> [Incantation] Noble Presence,1,0,[0|0|0],6270,35
3403100,<Table> [Incantation] Bloodflame Talons,1,0,[0|0|0],6300,35
3403100,<Table> [Incantation] Bloodboon,1,0,[0|0|0],6310,35
3403100,<Table> [Incantation] Bloodflame Blade,1,0,[0|0|0],6320,35
3403100,<Table> [Incantation] Barrier of Gold,1,0,[0|0|0],6330,35
3403100,<Table> [Incantation] Protection of The Erdtree,1,0,[0|0|0],6340,25
3403100,<Table> [Incantation] Rejection,1,0,[0|0|0],6400,80
3403100,<Table> [Incantation] Wrath of Gold,1,0,[0|0|0],6410,35
3403100,<Table> [Incantation] Urgent Heal,1,0,[0|0|0],6420,80
3403100,<Table> [Incantation] Heal,1,0,[0|0|0],6421,80
3403100,<Table> [Incantation] Great Heal,1,0,[0|0|0],6422,35
3403100,<Table> [Incantation] Lord's Heal,1,0,[0|0|0],6423,35
3403100,<Table> [Incantation] Erdtree Heal,1,0,[0|0|0],6424,25
3403100,<Table> [Incantation] Blessing's Boon,1,0,[0|0|0],6430,35
3403100,<Table> [Incantation] Blessing of The Erdtree,1,0,[0|0|0],6431,25
3403100,<Table> [Incantation] Flame Fortification,1,0,[0|0|0],6450,80
3403100,<Table> [Incantation] Magic Fortification,1,0,[0|0|0],6460,80
3403100,<Table> [Incantation] Lightning Fortification,1,0,[0|0|0],6470,80
3403100,<Table> [Incantation] Divine Fortification,1,0,[0|0|0],6480,80
3403100,<Table> [Incantation] Lord's Divine Fortification,1,0,[0|0|0],6490,35
3403100,<Table> [Incantation] Shadow Bait,1,0,[0|0|0],6520,80
3403100,<Table> [Incantation] Darkness,1,0,[0|0|0],6530,35
3403100,<Table> [Incantation] Golden Vow,1,0,[0|0|0],6600,80
3403100,<Table> [Incantation] Discus of Light,1,0,[0|0|0],6700,35
3403100,<Table> [Incantation] Triple Rings of Light,1,0,[0|0|0],6701,35
3403100,<Table> [Incantation] Radagon's Rings of Light,1,0,[0|0|0],6710,35
3403100,<Table> [Incantation] Elden Stars,1,0,[0|0|0],6720,25
3403100,<Table> [Incantation] Law of Regression,1,0,[0|0|0],6730,25
3403100,<Table> [Incantation] Immutable Shield,1,0,[0|0|0],6740,35
3403100,<Table> [Incantation] Litany of Proper Death,1,0,[0|0|0],6750,35
3403100,<Table> [Incantation] Law of Causality,1,0,[0|0|0],6760,25
3403100,<Table> [Incantation] Order's Blade,1,0,[0|0|0],6770,35
3403100,<Table> [Incantation] Bestial Sling,1,0,[0|0|0],6800,80
3403100,<Table> [Incantation] Stone of Gurranq,1,0,[0|0|0],6810,35
3403100,<Table> [Incantation] Beast Claw,1,0,[0|0|0],6820,80
3403100,<Table> [Incantation] Gurranq's Beast Claw,1,0,[0|0|0],6830,35
3403100,<Table> [Incantation] Bestial Vitality,1,0,[0|0|0],6840,35
3403100,<Table> (0% weight),1,0,[0|0|0],6900,0
3403100,<Table> [Incantation] Ancient Dragons' Lightning Strike,1,0,[0|0|0],6910,80
3403100,<Table> [Incantation] Lightning Strike,1,0,[0|0|0],6920,80
3403100,<Table> [Incantation] Frozen Lightning Spear,1,0,[0|0|0],6921,35
3403100,<Table> [Incantation] Honed Bolt,1,0,[0|0|0],6930,80
3403100,<Table> [Incantation] Ancient Dragons' Lightning Spear,1,0,[0|0|0],6940,35
3403100,<Table> [Incantation] Fortissax's Lightning Spear,1,0,[0|0|0],6941,25
3403100,<Table> [Incantation] Lansseax's Glaive,1,0,[0|0|0],6950,25
3403100,<Table> [Incantation] Electrify Armament,1,0,[0|0|0],6960,35
3403100,<Table> [Incantation] Dragonbolt Blessing,1,0,[0|0|0],6971,35
3403100,<Table> [Incantation] Dragonfire,1,0,[0|0|0],7000,35
3403100,<Table> [Incantation] Agheel's Flame,1,0,[0|0|0],7001,35
3403100,<Table> [Incantation] Magma Breath,1,0,[0|0|0],7010,35
3403100,<Table> [Incantation] Theodorix's Magma,1,0,[0|0|0],7011,35
3403100,<Table> [Incantation] Dragonice,1,0,[0|0|0],7020,35
3403100,<Table> [Incantation] Borealis's Mist,1,0,[0|0|0],7021,35
3403100,<Table> [Incantation] Rotten Breath,1,0,[0|0|0],7030,35
3403100,<Table> [Incantation] Ekzykes's Decay,1,0,[0|0|0],7031,35
3403100,<Table> [Incantation] Glintstone Breath,1,0,[0|0|0],7040,35
3403100,<Table> [Incantation] Smarag's Glint Breath,1,0,[0|0|0],7041,35
3403100,<Table> [Incantation] Placidusax's Ruin,1,0,[0|0|0],7050,25
3403100,<Table> [Incantation] Dragonclaw,1,0,[0|0|0],7060,35
3403100,<Table> [Incantation] Dragonmaw,1,0,[0|0|0],7080,35
3403100,<Table> [Incantation] Greyoll's Roar,1,0,[0|0|0],7090,25
3403100,<Table> [Incantation] Pest Threads,1,0,[0|0|0],7200,80
3403100,<Table> [Incantation] Swarm of Flies,1,0,[0|0|0],7210,35
3403100,<Table> [Incantation] Poison Mist,1,0,[0|0|0],7220,80
3403100,<Table> [Incantation] Poison Armament,1,0,[0|0|0],7230,80
3403100,<Table> [Incantation] Scarlet Aeonia,1,0,[0|0|0],7240,25
3403100,<Table> [Incantation] The Flame of Frenzy,1,0,[0|0|0],7310,80
3403100,<Table> [Incantation] Unendurable Frenzy,1,0,[0|0|0],7311,25
3403100,<Table> [Incantation] Frenzied Burst,1,0,[0|0|0],7320,35
3403100,<Table> [Incantation] Howl of Shabriri,1,0,[0|0|0],7330,35
3403100,<Table> [Incantation] Aspects of the Crucible: Tail,1,0,[0|0|0],7500,35
3403100,<Table> [Incantation] Aspects of the Crucible: Horns,1,0,[0|0|0],7510,35
3403100,<Table> [Incantation] Aspects of the Crucible: Breath,1,0,[0|0|0],7520,35
3403100,<Table> [Incantation] Black Blade,1,0,[0|0|0],7530,25
3403100,<Table> [Incantation] Fire's Deadly Sin,1,0,[0|0|0],7900,35
3403100,<Table> [Incantation] Golden Lightning Fortification,1,0,[0|0|0],7903,25
3404000,[Incantation] Bestial Sling,1,0,[0|0|0],6800,100
3404100,<Table> [Incantation] Death Lightning,1,0,[0|0|0],5040,25
3404100,<Table> [Incantation] Catch Flame,1,0,[0|0|0],6000,80
3404100,<Table> [Incantation] O- Flame!,1,0,[0|0|0],6001,80
3404100,<Table> [Incantation] Flame Sling,1,0,[0|0|0],6010,80
3404100,<Table> [Incantation] Flame- Fall Upon Them,1,0,[0|0|0],6020,35
3404100,<Table> [Incantation] Whirl- O Flame!,1,0,[0|0|0],6030,35
3404100,<Table> [Incantation] Flame- Grant Me Strength,1,0,[0|0|0],6050,35
3404100,<Table> [Incantation] Flame- Protect Me,1,0,[0|0|0],6060,35
3404100,<Table> [Incantation] Giantsflame Take Thee,1,0,[0|0|0],6100,25
3404100,<Table> [Incantation] Flame of The Fell God,1,0,[0|0|0],6110,25
3404100,<Table> [Incantation] Burn- O Flame!,1,0,[0|0|0],6120,35
3404100,<Table> [Incantation] Black Flame,1,0,[0|0|0],6210,80
3404100,<Table> [Incantation] Surge- O Flame!,1,0,[0|0|0],6220,35
3404100,<Table> [Incantation] Scouring Black Flame,1,0,[0|0|0],6230,35
3404100,<Table> [Incantation] Black Flame Ritual,1,0,[0|0|0],6240,25
3404100,<Table> [Incantation] Black Flame Blade,1,0,[0|0|0],6250,35
3404100,<Table> [Incantation] Black Flame's Protection,1,0,[0|0|0],6260,80
3404100,<Table> [Incantation] Noble Presence,1,0,[0|0|0],6270,35
3404100,<Table> [Incantation] Bloodflame Talons,1,0,[0|0|0],6300,35
3404100,<Table> [Incantation] Bloodboon,1,0,[0|0|0],6310,35
3404100,<Table> [Incantation] Bloodflame Blade,1,0,[0|0|0],6320,35
3404100,<Table> [Incantation] Barrier of Gold,1,0,[0|0|0],6330,35
3404100,<Table> [Incantation] Protection of The Erdtree,1,0,[0|0|0],6340,25
3404100,<Table> [Incantation] Rejection,1,0,[0|0|0],6400,80
3404100,<Table> [Incantation] Wrath of Gold,1,0,[0|0|0],6410,35
3404100,<Table> [Incantation] Urgent Heal,1,0,[0|0|0],6420,80
3404100,<Table> [Incantation] Heal,1,0,[0|0|0],6421,80
3404100,<Table> [Incantation] Great Heal,1,0,[0|0|0],6422,35
3404100,<Table> [Incantation] Lord's Heal,1,0,[0|0|0],6423,35
3404100,<Table> [Incantation] Erdtree Heal,1,0,[0|0|0],6424,25
3404100,<Table> [Incantation] Blessing's Boon,1,0,[0|0|0],6430,35
3404100,<Table> [Incantation] Blessing of The Erdtree,1,0,[0|0|0],6431,25
3404100,<Table> [Incantation] Flame Fortification,1,0,[0|0|0],6450,80
3404100,<Table> [Incantation] Magic Fortification,1,0,[0|0|0],6460,80
3404100,<Table> [Incantation] Lightning Fortification,1,0,[0|0|0],6470,80
3404100,<Table> [Incantation] Divine Fortification,1,0,[0|0|0],6480,80
3404100,<Table> [Incantation] Lord's Divine Fortification,1,0,[0|0|0],6490,35
3404100,<Table> [Incantation] Shadow Bait,1,0,[0|0|0],6520,80
3404100,<Table> [Incantation] Darkness,1,0,[0|0|0],6530,35
3404100,<Table> [Incantation] Golden Vow,1,0,[0|0|0],6600,80
3404100,<Table> [Incantation] Discus of Light,1,0,[0|0|0],6700,35
3404100,<Table> [Incantation] Triple Rings of Light,1,0,[0|0|0],6701,35
3404100,<Table> [Incantation] Radagon's Rings of Light,1,0,[0|0|0],6710,35
3404100,<Table> [Incantation] Elden Stars,1,0,[0|0|0],6720,25
3404100,<Table> [Incantation] Law of Regression,1,0,[0|0|0],6730,25
3404100,<Table> [Incantation] Immutable Shield,1,0,[0|0|0],6740,35
3404100,<Table> [Incantation] Litany of Proper Death,1,0,[0|0|0],6750,35
3404100,<Table> [Incantation] Law of Causality,1,0,[0|0|0],6760,25
3404100,<Table> [Incantation] Order's Blade,1,0,[0|0|0],6770,35
3404100,<Table> (0% weight),1,0,[0|0|0],6800,0
3404100,<Table> [Incantation] Stone of Gurranq,1,0,[0|0|0],6810,35
3404100,<Table> [Incantation] Beast Claw,1,0,[0|0|0],6820,80
3404100,<Table> [Incantation] Gurranq's Beast Claw,1,0,[0|0|0],6830,35
3404100,<Table> [Incantation] Bestial Vitality,1,0,[0|0|0],6840,35
3404100,<Table> [Incantation] Lightning Spear,1,0,[0|0|0],6900,80
3404100,<Table> [Incantation] Ancient Dragons' Lightning Strike,1,0,[0|0|0],6910,80
3404100,<Table> [Incantation] Lightning Strike,1,0,[0|0|0],6920,80
3404100,<Table> [Incantation] Frozen Lightning Spear,1,0,[0|0|0],6921,35
3404100,<Table> [Incantation] Honed Bolt,1,0,[0|0|0],6930,80
3404100,<Table> [Incantation] Ancient Dragons' Lightning Spear,1,0,[0|0|0],6940,35
3404100,<Table> [Incantation] Fortissax's Lightning Spear,1,0,[0|0|0],6941,25
3404100,<Table> [Incantation] Lansseax's Glaive,1,0,[0|0|0],6950,25
3404100,<Table> [Incantation] Electrify Armament,1,0,[0|0|0],6960,35
3404100,<Table> [Incantation] Dragonbolt Blessing,1,0,[0|0|0],6971,35
3404100,<Table> [Incantation] Dragonfire,1,0,[0|0|0],7000,35
3404100,<Table> [Incantation] Agheel's Flame,1,0,[0|0|0],7001,35
3404100,<Table> [Incantation] Magma Breath,1,0,[0|0|0],7010,35
3404100,<Table> [Incantation] Theodorix's Magma,1,0,[0|0|0],7011,35
3404100,<Table> [Incantation] Dragonice,1,0,[0|0|0],7020,35
3404100,<Table> [Incantation] Borealis's Mist,1,0,[0|0|0],7021,35
3404100,<Table> [Incantation] Rotten Breath,1,0,[0|0|0],7030,35
3404100,<Table> [Incantation] Ekzykes's Decay,1,0,[0|0|0],7031,35
3404100,<Table> [Incantation] Glintstone Breath,1,0,[0|0|0],7040,35
3404100,<Table> [Incantation] Smarag's Glint Breath,1,0,[0|0|0],7041,35
3404100,<Table> [Incantation] Placidusax's Ruin,1,0,[0|0|0],7050,25
3404100,<Table> [Incantation] Dragonclaw,1,0,[0|0|0],7060,35
3404100,<Table> [Incantation] Dragonmaw,1,0,[0|0|0],7080,35
3404100,<Table> [Incantation] Greyoll's Roar,1,0,[0|0|0],7090,25
3404100,<Table> [Incantation] Pest Threads,1,0,[0|0|0],7200,80
3404100,<Table> [Incantation] Swarm of Flies,1,0,[0|0|0],7210,35
3404100,<Table> [Incantation] Poison Mist,1,0,[0|0|0],7220,80
3404100,<Table> [Incantation] Poison Armament,1,0,[0|0|0],7230,80
3404100,<Table> [Incantation] Scarlet Aeonia,1,0,[0|0|0],7240,25
3404100,<Table> [Incantation] The Flame of Frenzy,1,0,[0|0|0],7310,80
3404100,<Table> [Incantation] Unendurable Frenzy,1,0,[0|0|0],7311,25
3404100,<Table> [Incantation] Frenzied Burst,1,0,[0|0|0],7320,35
3404100,<Table> [Incantation] Howl of Shabriri,1,0,[0|0|0],7330,35
3404100,<Table> [Incantation] Aspects of the Crucible: Tail,1,0,[0|0|0],7500,35
3404100,<Table> [Incantation] Aspects of the Crucible: Horns,1,0,[0|0|0],7510,35
3404100,<Table> [Incantation] Aspects of the Crucible: Breath,1,0,[0|0|0],7520,35
3404100,<Table> [Incantation] Black Blade,1,0,[0|0|0],7530,25
3404100,<Table> [Incantation] Fire's Deadly Sin,1,0,[0|0|0],7900,35
3404100,<Table> [Incantation] Golden Lightning Fortification,1,0,[0|0|0],7903,25
3406000,[Incantation] Discus of Light,1,0,[0|0|0],6700,50
3406100,<Table> [Incantation] Death Lightning,1,0,[0|0|0],5040,110
3406100,<Table> [Incantation] Catch Flame,1,0,[0|0|0],6000,80
3406100,<Table> [Incantation] O- Flame!,1,0,[0|0|0],6001,80
3406100,<Table> [Incantation] Flame Sling,1,0,[0|0|0],6010,80
3406100,<Table> [Incantation] Flame- Fall Upon Them,1,0,[0|0|0],6020,40
3406100,<Table> [Incantation] Whirl- O Flame!,1,0,[0|0|0],6030,40
3406100,<Table> [Incantation] Flame- Grant Me Strength,1,0,[0|0|0],6050,40
3406100,<Table> [Incantation] Flame- Protect Me,1,0,[0|0|0],6060,40
3406100,<Table> [Incantation] Giantsflame Take Thee,1,0,[0|0|0],6100,110
3406100,<Table> [Incantation] Flame of The Fell God,1,0,[0|0|0],6110,110
3406100,<Table> [Incantation] Burn- O Flame!,1,0,[0|0|0],6120,40
3406100,<Table> [Incantation] Black Flame,1,0,[0|0|0],6210,80
3406100,<Table> [Incantation] Surge- O Flame!,1,0,[0|0|0],6220,40
3406100,<Table> [Incantation] Scouring Black Flame,1,0,[0|0|0],6230,40
3406100,<Table> [Incantation] Black Flame Ritual,1,0,[0|0|0],6240,110
3406100,<Table> [Incantation] Black Flame Blade,1,0,[0|0|0],6250,40
3406100,<Table> [Incantation] Black Flame's Protection,1,0,[0|0|0],6260,80
3406100,<Table> [Incantation] Noble Presence,1,0,[0|0|0],6270,40
3406100,<Table> [Incantation] Bloodflame Talons,1,0,[0|0|0],6300,40
3406100,<Table> [Incantation] Bloodboon,1,0,[0|0|0],6310,40
3406100,<Table> [Incantation] Bloodflame Blade,1,0,[0|0|0],6320,40
3406100,<Table> [Incantation] Barrier of Gold,1,0,[0|0|0],6330,40
3406100,<Table> [Incantation] Protection of The Erdtree,1,0,[0|0|0],6340,110
3406100,<Table> [Incantation] Rejection,1,0,[0|0|0],6400,80
3406100,<Table> [Incantation] Wrath of Gold,1,0,[0|0|0],6410,40
3406100,<Table> [Incantation] Urgent Heal,1,0,[0|0|0],6420,80
3406100,<Table> [Incantation] Heal,1,0,[0|0|0],6421,80
3406100,<Table> [Incantation] Great Heal,1,0,[0|0|0],6422,40
3406100,<Table> [Incantation] Lord's Heal,1,0,[0|0|0],6423,40
3406100,<Table> [Incantation] Erdtree Heal,1,0,[0|0|0],6424,110
3406100,<Table> [Incantation] Blessing's Boon,1,0,[0|0|0],6430,40
3406100,<Table> [Incantation] Blessing of The Erdtree,1,0,[0|0|0],6431,110
3406100,<Table> [Incantation] Flame Fortification,1,0,[0|0|0],6450,80
3406100,<Table> [Incantation] Magic Fortification,1,0,[0|0|0],6460,80
3406100,<Table> [Incantation] Lightning Fortification,1,0,[0|0|0],6470,80
3406100,<Table> [Incantation] Divine Fortification,1,0,[0|0|0],6480,80
3406100,<Table> [Incantation] Lord's Divine Fortification,1,0,[0|0|0],6490,40
3406100,<Table> [Incantation] Shadow Bait,1,0,[0|0|0],6520,80
3406100,<Table> [Incantation] Darkness,1,0,[0|0|0],6530,40
3406100,<Table> [Incantation] Golden Vow,1,0,[0|0|0],6600,80
3406100,<Table> (0% weight),1,0,[0|0|0],6700,0
3406100,<Table> [Incantation] Triple Rings of Light,1,0,[0|0|0],6701,40
3406100,<Table> [Incantation] Radagon's Rings of Light,1,0,[0|0|0],6710,40
3406100,<Table> [Incantation] Elden Stars,1,0,[0|0|0],6720,110
3406100,<Table> [Incantation] Law of Regression,1,0,[0|0|0],6730,110
3406100,<Table> [Incantation] Immutable Shield,1,0,[0|0|0],6740,40
3406100,<Table> [Incantation] Litany of Proper Death,1,0,[0|0|0],6750,40
3406100,<Table> [Incantation] Law of Causality,1,0,[0|0|0],6760,110
3406100,<Table> [Incantation] Order's Blade,1,0,[0|0|0],6770,40
3406100,<Table> [Incantation] Bestial Sling,1,0,[0|0|0],6800,80
3406100,<Table> [Incantation] Stone of Gurranq,1,0,[0|0|0],6810,40
3406100,<Table> [Incantation] Beast Claw,1,0,[0|0|0],6820,80
3406100,<Table> [Incantation] Gurranq's Beast Claw,1,0,[0|0|0],6830,40
3406100,<Table> [Incantation] Bestial Vitality,1,0,[0|0|0],6840,40
3406100,<Table> [Incantation] Lightning Spear,1,0,[0|0|0],6900,80
3406100,<Table> [Incantation] Ancient Dragons' Lightning Strike,1,0,[0|0|0],6910,80
3406100,<Table> [Incantation] Lightning Strike,1,0,[0|0|0],6920,80
3406100,<Table> [Incantation] Frozen Lightning Spear,1,0,[0|0|0],6921,40
3406100,<Table> [Incantation] Honed Bolt,1,0,[0|0|0],6930,80
3406100,<Table> [Incantation] Ancient Dragons' Lightning Spear,1,0,[0|0|0],6940,40
3406100,<Table> [Incantation] Fortissax's Lightning Spear,1,0,[0|0|0],6941,110
3406100,<Table> [Incantation] Lansseax's Glaive,1,0,[0|0|0],6950,110
3406100,<Table> [Incantation] Electrify Armament,1,0,[0|0|0],6960,40
3406100,<Table> [Incantation] Dragonbolt Blessing,1,0,[0|0|0],6971,40
3406100,<Table> [Incantation] Dragonfire,1,0,[0|0|0],7000,40
3406100,<Table> [Incantation] Agheel's Flame,1,0,[0|0|0],7001,40
3406100,<Table> [Incantation] Magma Breath,1,0,[0|0|0],7010,40
3406100,<Table> [Incantation] Theodorix's Magma,1,0,[0|0|0],7011,40
3406100,<Table> [Incantation] Dragonice,1,0,[0|0|0],7020,40
3406100,<Table> [Incantation] Borealis's Mist,1,0,[0|0|0],7021,40
3406100,<Table> [Incantation] Rotten Breath,1,0,[0|0|0],7030,40
3406100,<Table> [Incantation] Ekzykes's Decay,1,0,[0|0|0],7031,40
3406100,<Table> [Incantation] Glintstone Breath,1,0,[0|0|0],7040,40
3406100,<Table> [Incantation] Smarag's Glint Breath,1,0,[0|0|0],7041,40
3406100,<Table> [Incantation] Placidusax's Ruin,1,0,[0|0|0],7050,110
3406100,<Table> [Incantation] Dragonclaw,1,0,[0|0|0],7060,40
3406100,<Table> [Incantation] Dragonmaw,1,0,[0|0|0],7080,40
3406100,<Table> [Incantation] Greyoll's Roar,1,0,[0|0|0],7090,110
3406100,<Table> [Incantation] Pest Threads,1,0,[0|0|0],7200,80
3406100,<Table> [Incantation] Swarm of Flies,1,0,[0|0|0],7210,40
3406100,<Table> [Incantation] Poison Mist,1,0,[0|0|0],7220,80
3406100,<Table> [Incantation] Poison Armament,1,0,[0|0|0],7230,80
3406100,<Table> [Incantation] Scarlet Aeonia,1,0,[0|0|0],7240,110
3406100,<Table> [Incantation] The Flame of Frenzy,1,0,[0|0|0],7310,80
3406100,<Table> [Incantation] Unendurable Frenzy,1,0,[0|0|0],7311,110
3406100,<Table> [Incantation] Frenzied Burst,1,0,[0|0|0],7320,40
3406100,<Table> [Incantation] Howl of Shabriri,1,0,[0|0|0],7330,40
3406100,<Table> [Incantation] Aspects of the Crucible: Tail,1,0,[0|0|0],7500,40
3406100,<Table> [Incantation] Aspects of the Crucible: Horns,1,0,[0|0|0],7510,40
3406100,<Table> [Incantation] Aspects of the Crucible: Breath,1,0,[0|0|0],7520,40
3406100,<Table> [Incantation] Black Blade,1,0,[0|0|0],7530,110
3406100,<Table> [Incantation] Fire's Deadly Sin,1,0,[0|0|0],7900,40
3406100,<Table> [Incantation] Golden Lightning Fortification,1,0,[0|0|0],7903,110
3407000,[Incantation] Wrath of Gold,1,0,[0|0|0],6410,50
3407100,<Table> [Incantation] Death Lightning,1,0,[0|0|0],5040,110
3407100,<Table> [Incantation] Catch Flame,1,0,[0|0|0],6000,80
3407100,<Table> [Incantation] O- Flame!,1,0,[0|0|0],6001,80
3407100,<Table> [Incantation] Flame Sling,1,0,[0|0|0],6010,80
3407100,<Table> [Incantation] Flame- Fall Upon Them,1,0,[0|0|0],6020,40
3407100,<Table> [Incantation] Whirl- O Flame!,1,0,[0|0|0],6030,40
3407100,<Table> [Incantation] Flame- Grant Me Strength,1,0,[0|0|0],6050,40
3407100,<Table> [Incantation] Flame- Protect Me,1,0,[0|0|0],6060,40
3407100,<Table> [Incantation] Giantsflame Take Thee,1,0,[0|0|0],6100,110
3407100,<Table> [Incantation] Flame of The Fell God,1,0,[0|0|0],6110,110
3407100,<Table> [Incantation] Burn- O Flame!,1,0,[0|0|0],6120,40
3407100,<Table> [Incantation] Black Flame,1,0,[0|0|0],6210,80
3407100,<Table> [Incantation] Surge- O Flame!,1,0,[0|0|0],6220,40
3407100,<Table> [Incantation] Scouring Black Flame,1,0,[0|0|0],6230,40
3407100,<Table> [Incantation] Black Flame Ritual,1,0,[0|0|0],6240,110
3407100,<Table> [Incantation] Black Flame Blade,1,0,[0|0|0],6250,40
3407100,<Table> [Incantation] Black Flame's Protection,1,0,[0|0|0],6260,80
3407100,<Table> [Incantation] Noble Presence,1,0,[0|0|0],6270,40
3407100,<Table> [Incantation] Bloodflame Talons,1,0,[0|0|0],6300,40
3407100,<Table> [Incantation] Bloodboon,1,0,[0|0|0],6310,40
3407100,<Table> [Incantation] Bloodflame Blade,1,0,[0|0|0],6320,40
3407100,<Table> [Incantation] Barrier of Gold,1,0,[0|0|0],6330,40
3407100,<Table> [Incantation] Protection of The Erdtree,1,0,[0|0|0],6340,110
3407100,<Table> [Incantation] Rejection,1,0,[0|0|0],6400,80
3407100,<Table> (0% weight),1,0,[0|0|0],6410,0
3407100,<Table> [Incantation] Urgent Heal,1,0,[0|0|0],6420,80
3407100,<Table> [Incantation] Heal,1,0,[0|0|0],6421,80
3407100,<Table> [Incantation] Great Heal,1,0,[0|0|0],6422,40
3407100,<Table> [Incantation] Lord's Heal,1,0,[0|0|0],6423,40
3407100,<Table> [Incantation] Erdtree Heal,1,0,[0|0|0],6424,110
3407100,<Table> [Incantation] Blessing's Boon,1,0,[0|0|0],6430,40
3407100,<Table> [Incantation] Blessing of The Erdtree,1,0,[0|0|0],6431,110
3407100,<Table> [Incantation] Flame Fortification,1,0,[0|0|0],6450,80
3407100,<Table> [Incantation] Magic Fortification,1,0,[0|0|0],6460,80
3407100,<Table> [Incantation] Lightning Fortification,1,0,[0|0|0],6470,80
3407100,<Table> [Incantation] Divine Fortification,1,0,[0|0|0],6480,80
3407100,<Table> [Incantation] Lord's Divine Fortification,1,0,[0|0|0],6490,40
3407100,<Table> [Incantation] Shadow Bait,1,0,[0|0|0],6520,80
3407100,<Table> [Incantation] Darkness,1,0,[0|0|0],6530,40
3407100,<Table> [Incantation] Golden Vow,1,0,[0|0|0],6600,80
3407100,<Table> [Incantation] Discus of Light,1,0,[0|0|0],6700,40
3407100,<Table> [Incantation] Triple Rings of Light,1,0,[0|0|0],6701,40
3407100,<Table> [Incantation] Radagon's Rings of Light,1,0,[0|0|0],6710,40
3407100,<Table> [Incantation] Elden Stars,1,0,[0|0|0],6720,110
3407100,<Table> [Incantation] Law of Regression,1,0,[0|0|0],6730,110
3407100,<Table> [Incantation] Immutable Shield,1,0,[0|0|0],6740,40
3407100,<Table> [Incantation] Litany of Proper Death,1,0,[0|0|0],6750,40
3407100,<Table> [Incantation] Law of Causality,1,0,[0|0|0],6760,110
3407100,<Table> [Incantation] Order's Blade,1,0,[0|0|0],6770,40
3407100,<Table> [Incantation] Bestial Sling,1,0,[0|0|0],6800,80
3407100,<Table> [Incantation] Stone of Gurranq,1,0,[0|0|0],6810,40
3407100,<Table> [Incantation] Beast Claw,1,0,[0|0|0],6820,80
3407100,<Table> [Incantation] Gurranq's Beast Claw,1,0,[0|0|0],6830,40
3407100,<Table> [Incantation] Bestial Vitality,1,0,[0|0|0],6840,40
3407100,<Table> [Incantation] Lightning Spear,1,0,[0|0|0],6900,80
3407100,<Table> [Incantation] Ancient Dragons' Lightning Strike,1,0,[0|0|0],6910,80
3407100,<Table> [Incantation] Lightning Strike,1,0,[0|0|0],6920,80
3407100,<Table> [Incantation] Frozen Lightning Spear,1,0,[0|0|0],6921,40
3407100,<Table> [Incantation] Honed Bolt,1,0,[0|0|0],6930,80
3407100,<Table> [Incantation] Ancient Dragons' Lightning Spear,1,0,[0|0|0],6940,40
3407100,<Table> [Incantation] Fortissax's Lightning Spear,1,0,[0|0|0],6941,110
3407100,<Table> [Incantation] Lansseax's Glaive,1,0,[0|0|0],6950,110
3407100,<Table> [Incantation] Electrify Armament,1,0,[0|0|0],6960,40
3407100,<Table> [Incantation] Dragonbolt Blessing,1,0,[0|0|0],6971,40
3407100,<Table> [Incantation] Dragonfire,1,0,[0|0|0],7000,40
3407100,<Table> [Incantation] Agheel's Flame,1,0,[0|0|0],7001,40
3407100,<Table> [Incantation] Magma Breath,1,0,[0|0|0],7010,40
3407100,<Table> [Incantation] Theodorix's Magma,1,0,[0|0|0],7011,40
3407100,<Table> [Incantation] Dragonice,1,0,[0|0|0],7020,40
3407100,<Table> [Incantation] Borealis's Mist,1,0,[0|0|0],7021,40
3407100,<Table> [Incantation] Rotten Breath,1,0,[0|0|0],7030,40
3407100,<Table> [Incantation] Ekzykes's Decay,1,0,[0|0|0],7031,40
3407100,<Table> [Incantation] Glintstone Breath,1,0,[0|0|0],7040,40
3407100,<Table> [Incantation] Smarag's Glint Breath,1,0,[0|0|0],7041,40
3407100,<Table> [Incantation] Placidusax's Ruin,1,0,[0|0|0],7050,110
3407100,<Table> [Incantation] Dragonclaw,1,0,[0|0|0],7060,40
3407100,<Table> [Incantation] Dragonmaw,1,0,[0|0|0],7080,40
3407100,<Table> [Incantation] Greyoll's Roar,1,0,[0|0|0],7090,110
3407100,<Table> [Incantation] Pest Threads,1,0,[0|0|0],7200,80
3407100,<Table> [Incantation] Swarm of Flies,1,0,[0|0|0],7210,40
3407100,<Table> [Incantation] Poison Mist,1,0,[0|0|0],7220,80
3407100,<Table> [Incantation] Poison Armament,1,0,[0|0|0],7230,80
3407100,<Table> [Incantation] Scarlet Aeonia,1,0,[0|0|0],7240,110
3407100,<Table> [Incantation] The Flame of Frenzy,1,0,[0|0|0],7310,80
3407100,<Table> [Incantation] Unendurable Frenzy,1,0,[0|0|0],7311,110
3407100,<Table> [Incantation] Frenzied Burst,1,0,[0|0|0],7320,40
3407100,<Table> [Incantation] Howl of Shabriri,1,0,[0|0|0],7330,40
3407100,<Table> [Incantation] Aspects of the Crucible: Tail,1,0,[0|0|0],7500,40
3407100,<Table> [Incantation] Aspects of the Crucible: Horns,1,0,[0|0|0],7510,40
3407100,<Table> [Incantation] Aspects of the Crucible: Breath,1,0,[0|0|0],7520,40
3407100,<Table> [Incantation] Black Blade,1,0,[0|0|0],7530,110
3407100,<Table> [Incantation] Fire's Deadly Sin,1,0,[0|0|0],7900,40
3407100,<Table> [Incantation] Golden Lightning Fortification,1,0,[0|0|0],7903,110
3408000,[Incantation] Dragonfire,1,0,[0|0|0],7000,50
3408100,<Table> [Incantation] Death Lightning,1,0,[0|0|0],5040,110
3408100,<Table> [Incantation] Catch Flame,1,0,[0|0|0],6000,80
3408100,<Table> [Incantation] O- Flame!,1,0,[0|0|0],6001,80
3408100,<Table> [Incantation] Flame Sling,1,0,[0|0|0],6010,80
3408100,<Table> [Incantation] Flame- Fall Upon Them,1,0,[0|0|0],6020,40
3408100,<Table> [Incantation] Whirl- O Flame!,1,0,[0|0|0],6030,40
3408100,<Table> [Incantation] Flame- Grant Me Strength,1,0,[0|0|0],6050,40
3408100,<Table> [Incantation] Flame- Protect Me,1,0,[0|0|0],6060,40
3408100,<Table> [Incantation] Giantsflame Take Thee,1,0,[0|0|0],6100,110
3408100,<Table> [Incantation] Flame of The Fell God,1,0,[0|0|0],6110,110
3408100,<Table> [Incantation] Burn- O Flame!,1,0,[0|0|0],6120,40
3408100,<Table> [Incantation] Black Flame,1,0,[0|0|0],6210,80
3408100,<Table> [Incantation] Surge- O Flame!,1,0,[0|0|0],6220,40
3408100,<Table> [Incantation] Scouring Black Flame,1,0,[0|0|0],6230,40
3408100,<Table> [Incantation] Black Flame Ritual,1,0,[0|0|0],6240,110
3408100,<Table> [Incantation] Black Flame Blade,1,0,[0|0|0],6250,40
3408100,<Table> [Incantation] Black Flame's Protection,1,0,[0|0|0],6260,80
3408100,<Table> [Incantation] Noble Presence,1,0,[0|0|0],6270,40
3408100,<Table> [Incantation] Bloodflame Talons,1,0,[0|0|0],6300,40
3408100,<Table> [Incantation] Bloodboon,1,0,[0|0|0],6310,40
3408100,<Table> [Incantation] Bloodflame Blade,1,0,[0|0|0],6320,40
3408100,<Table> [Incantation] Barrier of Gold,1,0,[0|0|0],6330,40
3408100,<Table> [Incantation] Protection of The Erdtree,1,0,[0|0|0],6340,110
3408100,<Table> [Incantation] Rejection,1,0,[0|0|0],6400,80
3408100,<Table> [Incantation] Wrath of Gold,1,0,[0|0|0],6410,40
3408100,<Table> [Incantation] Urgent Heal,1,0,[0|0|0],6420,80
3408100,<Table> [Incantation] Heal,1,0,[0|0|0],6421,80
3408100,<Table> [Incantation] Great Heal,1,0,[0|0|0],6422,40
3408100,<Table> [Incantation] Lord's Heal,1,0,[0|0|0],6423,40
3408100,<Table> [Incantation] Erdtree Heal,1,0,[0|0|0],6424,110
3408100,<Table> [Incantation] Blessing's Boon,1,0,[0|0|0],6430,40
3408100,<Table> [Incantation] Blessing of The Erdtree,1,0,[0|0|0],6431,110
3408100,<Table> [Incantation] Flame Fortification,1,0,[0|0|0],6450,80
3408100,<Table> [Incantation] Magic Fortification,1,0,[0|0|0],6460,80
3408100,<Table> [Incantation] Lightning Fortification,1,0,[0|0|0],6470,80
3408100,<Table> [Incantation] Divine Fortification,1,0,[0|0|0],6480,80
3408100,<Table> [Incantation] Lord's Divine Fortification,1,0,[0|0|0],6490,40
3408100,<Table> [Incantation] Shadow Bait,1,0,[0|0|0],6520,80
3408100,<Table> [Incantation] Darkness,1,0,[0|0|0],6530,40
3408100,<Table> [Incantation] Golden Vow,1,0,[0|0|0],6600,80
3408100,<Table> [Incantation] Discus of Light,1,0,[0|0|0],6700,40
3408100,<Table> [Incantation] Triple Rings of Light,1,0,[0|0|0],6701,40
3408100,<Table> [Incantation] Radagon's Rings of Light,1,0,[0|0|0],6710,40
3408100,<Table> [Incantation] Elden Stars,1,0,[0|0|0],6720,110
3408100,<Table> [Incantation] Law of Regression,1,0,[0|0|0],6730,110
3408100,<Table> [Incantation] Immutable Shield,1,0,[0|0|0],6740,40
3408100,<Table> [Incantation] Litany of Proper Death,1,0,[0|0|0],6750,40
3408100,<Table> [Incantation] Law of Causality,1,0,[0|0|0],6760,110
3408100,<Table> [Incantation] Order's Blade,1,0,[0|0|0],6770,40
3408100,<Table> [Incantation] Bestial Sling,1,0,[0|0|0],6800,80
3408100,<Table> [Incantation] Stone of Gurranq,1,0,[0|0|0],6810,40
3408100,<Table> [Incantation] Beast Claw,1,0,[0|0|0],6820,80
3408100,<Table> [Incantation] Gurranq's Beast Claw,1,0,[0|0|0],6830,40
3408100,<Table> [Incantation] Bestial Vitality,1,0,[0|0|0],6840,40
3408100,<Table> [Incantation] Lightning Spear,1,0,[0|0|0],6900,80
3408100,<Table> [Incantation] Ancient Dragons' Lightning Strike,1,0,[0|0|0],6910,80
3408100,<Table> [Incantation] Lightning Strike,1,0,[0|0|0],6920,80
3408100,<Table> [Incantation] Frozen Lightning Spear,1,0,[0|0|0],6921,40
3408100,<Table> [Incantation] Honed Bolt,1,0,[0|0|0],6930,80
3408100,<Table> [Incantation] Ancient Dragons' Lightning Spear,1,0,[0|0|0],6940,40
3408100,<Table> [Incantation] Fortissax's Lightning Spear,1,0,[0|0|0],6941,110
3408100,<Table> [Incantation] Lansseax's Glaive,1,0,[0|0|0],6950,110
3408100,<Table> [Incantation] Electrify Armament,1,0,[0|0|0],6960,40
3408100,<Table> [Incantation] Dragonbolt Blessing,1,0,[0|0|0],6971,40
3408100,<Table> (0% weight),1,0,[0|0|0],7000,0
3408100,<Table> [Incantation] Agheel's Flame,1,0,[0|0|0],7001,40
3408100,<Table> [Incantation] Magma Breath,1,0,[0|0|0],7010,40
3408100,<Table> [Incantation] Theodorix's Magma,1,0,[0|0|0],7011,40
3408100,<Table> [Incantation] Dragonice,1,0,[0|0|0],7020,40
3408100,<Table> [Incantation] Borealis's Mist,1,0,[0|0|0],7021,40
3408100,<Table> [Incantation] Rotten Breath,1,0,[0|0|0],7030,40
3408100,<Table> [Incantation] Ekzykes's Decay,1,0,[0|0|0],7031,40
3408100,<Table> [Incantation] Glintstone Breath,1,0,[0|0|0],7040,40
3408100,<Table> [Incantation] Smarag's Glint Breath,1,0,[0|0|0],7041,40
3408100,<Table> [Incantation] Placidusax's Ruin,1,0,[0|0|0],7050,110
3408100,<Table> [Incantation] Dragonclaw,1,0,[0|0|0],7060,40
3408100,<Table> [Incantation] Dragonmaw,1,0,[0|0|0],7080,40
3408100,<Table> [Incantation] Greyoll's Roar,1,0,[0|0|0],7090,110
3408100,<Table> [Incantation] Pest Threads,1,0,[0|0|0],7200,80
3408100,<Table> [Incantation] Swarm of Flies,1,0,[0|0|0],7210,40
3408100,<Table> [Incantation] Poison Mist,1,0,[0|0|0],7220,80
3408100,<Table> [Incantation] Poison Armament,1,0,[0|0|0],7230,80
3408100,<Table> [Incantation] Scarlet Aeonia,1,0,[0|0|0],7240,110
3408100,<Table> [Incantation] The Flame of Frenzy,1,0,[0|0|0],7310,80
3408100,<Table> [Incantation] Unendurable Frenzy,1,0,[0|0|0],7311,110
3408100,<Table> [Incantation] Frenzied Burst,1,0,[0|0|0],7320,40
3408100,<Table> [Incantation] Howl of Shabriri,1,0,[0|0|0],7330,40
3408100,<Table> [Incantation] Aspects of the Crucible: Tail,1,0,[0|0|0],7500,40
3408100,<Table> [Incantation] Aspects of the Crucible: Horns,1,0,[0|0|0],7510,40
3408100,<Table> [Incantation] Aspects of the Crucible: Breath,1,0,[0|0|0],7520,40
3408100,<Table> [Incantation] Black Blade,1,0,[0|0|0],7530,110
3408100,<Table> [Incantation] Fire's Deadly Sin,1,0,[0|0|0],7900,40
3408100,<Table> [Incantation] Golden Lightning Fortification,1,0,[0|0|0],7903,110
3409000,[Incantation] The Flame of Frenzy,1,0,[0|0|0],7310,100
3409100,<Table> [Incantation] Death Lightning,1,0,[0|0|0],5040,110
3409100,<Table> [Incantation] Catch Flame,1,0,[0|0|0],6000,80
3409100,<Table> [Incantation] O- Flame!,1,0,[0|0|0],6001,80
3409100,<Table> [Incantation] Flame Sling,1,0,[0|0|0],6010,80
3409100,<Table> [Incantation] Flame- Fall Upon Them,1,0,[0|0|0],6020,40
3409100,<Table> [Incantation] Whirl- O Flame!,1,0,[0|0|0],6030,40
3409100,<Table> [Incantation] Flame- Grant Me Strength,1,0,[0|0|0],6050,40
3409100,<Table> [Incantation] Flame- Protect Me,1,0,[0|0|0],6060,40
3409100,<Table> [Incantation] Giantsflame Take Thee,1,0,[0|0|0],6100,110
3409100,<Table> [Incantation] Flame of The Fell God,1,0,[0|0|0],6110,110
3409100,<Table> [Incantation] Burn- O Flame!,1,0,[0|0|0],6120,40
3409100,<Table> [Incantation] Black Flame,1,0,[0|0|0],6210,80
3409100,<Table> [Incantation] Surge- O Flame!,1,0,[0|0|0],6220,40
3409100,<Table> [Incantation] Scouring Black Flame,1,0,[0|0|0],6230,40
3409100,<Table> [Incantation] Black Flame Ritual,1,0,[0|0|0],6240,110
3409100,<Table> [Incantation] Black Flame Blade,1,0,[0|0|0],6250,40
3409100,<Table> [Incantation] Black Flame's Protection,1,0,[0|0|0],6260,80
3409100,<Table> [Incantation] Noble Presence,1,0,[0|0|0],6270,40
3409100,<Table> [Incantation] Bloodflame Talons,1,0,[0|0|0],6300,40
3409100,<Table> [Incantation] Bloodboon,1,0,[0|0|0],6310,40
3409100,<Table> [Incantation] Bloodflame Blade,1,0,[0|0|0],6320,40
3409100,<Table> [Incantation] Barrier of Gold,1,0,[0|0|0],6330,40
3409100,<Table> [Incantation] Protection of The Erdtree,1,0,[0|0|0],6340,110
3409100,<Table> [Incantation] Rejection,1,0,[0|0|0],6400,80
3409100,<Table> [Incantation] Wrath of Gold,1,0,[0|0|0],6410,40
3409100,<Table> [Incantation] Urgent Heal,1,0,[0|0|0],6420,80
3409100,<Table> [Incantation] Heal,1,0,[0|0|0],6421,80
3409100,<Table> [Incantation] Great Heal,1,0,[0|0|0],6422,40
3409100,<Table> [Incantation] Lord's Heal,1,0,[0|0|0],6423,40
3409100,<Table> [Incantation] Erdtree Heal,1,0,[0|0|0],6424,110
3409100,<Table> [Incantation] Blessing's Boon,1,0,[0|0|0],6430,40
3409100,<Table> [Incantation] Blessing of The Erdtree,1,0,[0|0|0],6431,110
3409100,<Table> [Incantation] Flame Fortification,1,0,[0|0|0],6450,80
3409100,<Table> [Incantation] Magic Fortification,1,0,[0|0|0],6460,80
3409100,<Table> [Incantation] Lightning Fortification,1,0,[0|0|0],6470,80
3409100,<Table> [Incantation] Divine Fortification,1,0,[0|0|0],6480,80
3409100,<Table> [Incantation] Lord's Divine Fortification,1,0,[0|0|0],6490,40
3409100,<Table> [Incantation] Shadow Bait,1,0,[0|0|0],6520,80
3409100,<Table> [Incantation] Darkness,1,0,[0|0|0],6530,40
3409100,<Table> [Incantation] Golden Vow,1,0,[0|0|0],6600,80
3409100,<Table> [Incantation] Discus of Light,1,0,[0|0|0],6700,40
3409100,<Table> [Incantation] Triple Rings of Light,1,0,[0|0|0],6701,40
3409100,<Table> [Incantation] Radagon's Rings of Light,1,0,[0|0|0],6710,40
3409100,<Table> [Incantation] Elden Stars,1,0,[0|0|0],6720,110
3409100,<Table> [Incantation] Law of Regression,1,0,[0|0|0],6730,110
3409100,<Table> [Incantation] Immutable Shield,1,0,[0|0|0],6740,40
3409100,<Table> [Incantation] Litany of Proper Death,1,0,[0|0|0],6750,40
3409100,<Table> [Incantation] Law of Causality,1,0,[0|0|0],6760,110
3409100,<Table> [Incantation] Order's Blade,1,0,[0|0|0],6770,40
3409100,<Table> [Incantation] Bestial Sling,1,0,[0|0|0],6800,80
3409100,<Table> [Incantation] Stone of Gurranq,1,0,[0|0|0],6810,40
3409100,<Table> [Incantation] Beast Claw,1,0,[0|0|0],6820,80
3409100,<Table> [Incantation] Gurranq's Beast Claw,1,0,[0|0|0],6830,40
3409100,<Table> [Incantation] Bestial Vitality,1,0,[0|0|0],6840,40
3409100,<Table> [Incantation] Lightning Spear,1,0,[0|0|0],6900,80
3409100,<Table> [Incantation] Ancient Dragons' Lightning Strike,1,0,[0|0|0],6910,80
3409100,<Table> [Incantation] Lightning Strike,1,0,[0|0|0],6920,80
3409100,<Table> [Incantation] Frozen Lightning Spear,1,0,[0|0|0],6921,40
3409100,<Table> [Incantation] Honed Bolt,1,0,[0|0|0],6930,80
3409100,<Table> [Incantation] Ancient Dragons' Lightning Spear,1,0,[0|0|0],6940,40
3409100,<Table> [Incantation] Fortissax's Lightning Spear,1,0,[0|0|0],6941,110
3409100,<Table> [Incantation] Lansseax's Glaive,1,0,[0|0|0],6950,110
3409100,<Table> [Incantation] Electrify Armament,1,0,[0|0|0],6960,40
3409100,<Table> [Incantation] Dragonbolt Blessing,1,0,[0|0|0],6971,40
3409100,<Table> [Incantation] Dragonfire,1,0,[0|0|0],7000,40
3409100,<Table> [Incantation] Agheel's Flame,1,0,[0|0|0],7001,40
3409100,<Table> [Incantation] Magma Breath,1,0,[0|0|0],7010,40
3409100,<Table> [Incantation] Theodorix's Magma,1,0,[0|0|0],7011,40
3409100,<Table> [Incantation] Dragonice,1,0,[0|0|0],7020,40
3409100,<Table> [Incantation] Borealis's Mist,1,0,[0|0|0],7021,40
3409100,<Table> [Incantation] Rotten Breath,1,0,[0|0|0],7030,40
3409100,<Table> [Incantation] Ekzykes's Decay,1,0,[0|0|0],7031,40
3409100,<Table> [Incantation] Glintstone Breath,1,0,[0|0|0],7040,40
3409100,<Table> [Incantation] Smarag's Glint Breath,1,0,[0|0|0],7041,40
3409100,<Table> [Incantation] Placidusax's Ruin,1,0,[0|0|0],7050,110
3409100,<Table> [Incantation] Dragonclaw,1,0,[0|0|0],7060,40
3409100,<Table> [Incantation] Dragonmaw,1,0,[0|0|0],7080,40
3409100,<Table> [Incantation] Greyoll's Roar,1,0,[0|0|0],7090,110
3409100,<Table> [Incantation] Pest Threads,1,0,[0|0|0],7200,80
3409100,<Table> [Incantation] Swarm of Flies,1,0,[0|0|0],7210,40
3409100,<Table> [Incantation] Poison Mist,1,0,[0|0|0],7220,80
3409100,<Table> [Incantation] Poison Armament,1,0,[0|0|0],7230,80
3409100,<Table> [Incantation] Scarlet Aeonia,1,0,[0|0|0],7240,110
3409100,<Table> (0% weight),1,0,[0|0|0],7310,0
3409100,<Table> [Incantation] Unendurable Frenzy,1,0,[0|0|0],7311,110
3409100,<Table> [Incantation] Frenzied Burst,1,0,[0|0|0],7320,40
3409100,<Table> [Incantation] Howl of Shabriri,1,0,[0|0|0],7330,40
3409100,<Table> [Incantation] Aspects of the Crucible: Tail,1,0,[0|0|0],7500,40
3409100,<Table> [Incantation] Aspects of the Crucible: Horns,1,0,[0|0|0],7510,40
3409100,<Table> [Incantation] Aspects of the Crucible: Breath,1,0,[0|0|0],7520,40
3409100,<Table> [Incantation] Black Blade,1,0,[0|0|0],7530,110
3409100,<Table> [Incantation] Fire's Deadly Sin,1,0,[0|0|0],7900,40
3409100,<Table> [Incantation] Golden Lightning Fortification,1,0,[0|0|0],7903,110
4000000,[Sorcery] Glintstone Pebble,1,0,[0|0|0],4000,35
4000100,<Table> (0% weight),1,0,[0|0|0],4000,0
4000100,<Table> [Sorcery] Great Glintstone Shard,1,0,[0|0|0],4001,35
4000100,<Table> [Sorcery] Swift Glintstone Shard,1,0,[0|0|0],4010,35
4000100,<Table> [Sorcery] Glintstone Cometshard,1,0,[0|0|0],4020,20
4000100,<Table> [Sorcery] Comet,1,0,[0|0|0],4021,40
4000100,<Table> [Sorcery] Shard Spiral,1,0,[0|0|0],4030,20
4000100,<Table> [Sorcery] Glintstone Stars,1,0,[0|0|0],4040,35
4000100,<Table> [Sorcery] Star Shower,1,0,[0|0|0],4050,20
4000100,<Table> [Sorcery] Crystal Barrage,1,0,[0|0|0],4060,35
4000100,<Table> [Sorcery] Glintstone Arc,1,0,[0|0|0],4070,35
4000100,<Table> [Sorcery] Cannon of Haima,1,0,[0|0|0],4080,20
4000100,<Table> [Sorcery] Crystal Burst,1,0,[0|0|0],4090,35
4000100,<Table> [Sorcery] Shatter Earth,1,0,[0|0|0],4100,35
4000100,<Table> [Sorcery] Rock Blaster,1,0,[0|0|0],4110,20
4000100,<Table> [Sorcery] Gavel of Haima,1,0,[0|0|0],4120,20
4000100,<Table> [Sorcery] Terra Magica,1,0,[0|0|0],4130,20
4000100,<Table> [Sorcery] Comet Azur,1,0,[0|0|0],4200,40
4000100,<Table> [Sorcery] Founding Rain of Stars,1,0,[0|0|0],4210,40
4000100,<Table> [Sorcery] Stars of Ruin,1,0,[0|0|0],4220,40
4000100,<Table> [Sorcery] Glintblade Phalanx,1,0,[0|0|0],4300,20
4000100,<Table> [Sorcery] Carian Phalanx,1,0,[0|0|0],4301,20
4000100,<Table> [Sorcery] Greatblade Phalanx,1,0,[0|0|0],4302,20
4000100,<Table> [Sorcery] Rennala's Full Moon,1,0,[0|0|0],4360,40
4000100,<Table> [Sorcery] Ranni's Dark Moon,1,0,[0|0|0],4361,40
4000100,<Table> [Sorcery] Magic Downpour,1,0,[0|0|0],4370,20
4000100,<Table> [Sorcery] Loretta's Greatbow,1,0,[0|0|0],4380,20
4000100,<Table> [Sorcery] Loretta's Mastery,1,0,[0|0|0],4381,40
4000100,<Table> [Sorcery] Magic Glintblade,1,0,[0|0|0],4390,35
4000100,<Table> [Sorcery] Glintstone Icecrag,1,0,[0|0|0],4400,35
4000100,<Table> [Sorcery] Zamor Ice Storm,1,0,[0|0|0],4410,20
4000100,<Table> [Sorcery] Freezing Mist,1,0,[0|0|0],4420,20
4000100,<Table> [Sorcery] Carian Greatsword,1,0,[0|0|0],4430,35
4000100,<Table> [Sorcery] Adula's Moonblade,1,0,[0|0|0],4431,20
4000100,<Table> [Sorcery] Carian Slicer,1,0,[0|0|0],4440,35
4000100,<Table> [Sorcery] Carian Piercer,1,0,[0|0|0],4450,20
4000100,<Table> [Sorcery] Scholar's Armament,1,0,[0|0|0],4460,35
4000100,<Table> [Sorcery] Scholar's Shield,1,0,[0|0|0],4470,35
4000100,<Table> [Sorcery] Frozen Armament,1,0,[0|0|0],4490,20
4000100,<Table> [Sorcery] Shattering Crystal,1,0,[0|0|0],4500,40
4000100,<Table> [Sorcery] Crystal Release,1,0,[0|0|0],4510,20
4000100,<Table> [Sorcery] Crystal Torrent,1,0,[0|0|0],4520,40
4000100,<Table> [Sorcery] Ambush Shard,1,0,[0|0|0],4600,20
4000100,<Table> [Sorcery] Night Shard,1,0,[0|0|0],4610,20
4000100,<Table> [Sorcery] Night Comet,1,0,[0|0|0],4620,20
4000100,<Table> [Sorcery] Thops's Barrier,1,0,[0|0|0],4630,20
4000100,<Table> [Sorcery] Carian Retaliation,1,0,[0|0|0],4640,20
4000100,<Table> [Sorcery] Eternal Darkness,1,0,[0|0|0],4650,20
4000100,<Table> [Sorcery] Meteorite,1,0,[0|0|0],4700,20
4000100,<Table> [Sorcery] Meteorite of Astel,1,0,[0|0|0],4701,40
4000100,<Table> [Sorcery] Rock Sling,1,0,[0|0|0],4710,20
4000100,<Table> [Sorcery] Gravity Well,1,0,[0|0|0],4720,20
4000100,<Table> [Sorcery] Collapsing Stars,1,0,[0|0|0],4721,40
4000100,<Table> [Sorcery] Magma Shot,1,0,[0|0|0],4800,20
4000100,<Table> [Sorcery] Gelmir's Fury,1,0,[0|0|0],4810,40
4000100,<Table> [Sorcery] Roiling Magma,1,0,[0|0|0],4820,40
4000100,<Table> [Sorcery] Rykard's Rancor,1,0,[0|0|0],4830,40
4000100,<Table> [Sorcery] Briars of Sin,1,0,[0|0|0],4900,20
4000100,<Table> [Sorcery] Briars of Punishment,1,0,[0|0|0],4910,20
4000100,<Table> [Sorcery] Rancorcall,1,0,[0|0|0],5000,20
4000100,<Table> [Sorcery] Ancient Death Rancor,1,0,[0|0|0],5001,40
4000100,<Table> [Sorcery] Explosive Ghostflame,1,0,[0|0|0],5010,40
4000100,<Table> [Sorcery] Tibia's Summons,1,0,[0|0|0],5030,40
4000100,<Table> [Sorcery] Oracle Bubbles,1,0,[0|0|0],5100,20
4000100,<Table> [Sorcery] Great Oracular Bubble,1,0,[0|0|0],5110,20
4000100,<Table> [Sorcery] Night Maiden's Mist,1,0,[0|0|0],6500,35
999999999,(0% weight),1,0,[0|0|0],-1,0
