ID,Name,unknown_0,unknown_1,unknown_2a,unknown_2b,unknown_2c,unknown_3,unknown_4,unknown_5,unknown_6,unknown_7a,unknown_7b,eventFlag1,eventFlag2,eventFlag3,eventFlag4,eventFlag5,unknown_12,unknown_13,unknown_14,modifierId,unknown_16,unknown_17,unknown_18,unknown_19,unknown_20,unknown_21,unknown_22,unknown_23a,unknown_23b,unknown_24,unknown_25,unknown_26a,unknown_26b,
800000,,1,800000,0,0,0,1000,1001,0,0,0,0,0,0,0,0,0,0,0,0,0,0,0,0,0,0,0,0,0,0,0,0,0,0
800001,,1,800000,1,0,0,0,0,118,3590,0,0,0,0,0,0,0,0,0,0,0,0,0,0,0,0,0,0,0,0,0,0,0,0
800002,,1,800000,1,0,0,0,0,119,3190,0,0,0,0,0,0,0,0,0,0,0,0,0,0,0,0,0,0,0,0,0,0,0,0
800003,,1,800000,1,0,0,0,0,365,4190,0,0,0,0,0,0,0,0,0,0,0,0,0,0,0,0,0,0,0,0,0,0,0,0
800004,,1,800000,1,0,0,0,0,100,2010,0,0,0,0,0,0,0,0,0,0,0,0,0,0,0,0,0,0,0,0,0,0,0,0
800005,,1,800000,1,0,0,0,0,103,2030,0,0,0,0,0,0,0,0,0,0,0,0,0,0,0,0,0,0,0,0,0,0,0,0
800006,,1,800000,1,0,0,0,0,104,2040,0,0,0,0,0,0,0,0,0,0,0,0,0,0,0,0,0,0,0,0,0,0,0,0
800007,,1,800000,1,0,0,0,0,108,2070,0,0,0,0,0,0,0,0,0,0,0,0,0,0,0,0,0,0,0,0,0,0,0,0
800008,,1,800000,1,0,0,0,0,110,2100,0,0,0,0,0,0,0,0,0,0,0,0,0,0,0,0,0,0,0,0,0,0,0,0
800009,,1,800000,1,0,0,0,0,114,2130,0,0,0,0,0,0,0,0,0,0,0,0,0,0,0,0,0,0,0,0,0,0,0,0
800010,,1,800000,1,0,0,0,0,117,2150,0,0,0,0,0,0,0,0,0,0,0,0,0,0,0,0,0,0,0,0,0,0,0,0
800011,,1,800000,1,0,0,0,0,101,2000,0,0,0,0,0,0,0,0,0,0,0,0,0,0,0,0,0,0,0,0,0,0,0,0
800012,,1,800000,1,0,0,0,0,107,2060,0,0,0,0,0,0,0,0,0,0,0,0,0,0,0,0,0,0,0,0,0,0,0,0
800013,,1,800000,1,0,0,0,0,109,2080,0,0,0,0,0,0,0,0,0,0,0,0,0,0,0,0,0,0,0,0,0,0,0,0
800014,,1,800000,1,0,0,0,0,111,2090,0,0,0,0,0,0,0,0,0,0,0,0,0,0,0,0,0,0,0,0,0,0,0,0
800015,,1,800000,1,0,0,0,0,112,2110,0,0,0,0,0,0,0,0,0,0,0,0,0,0,0,0,0,0,0,0,0,0,0,0
800016,,1,800000,1,0,0,0,0,113,2120,0,0,0,0,0,0,0,0,0,0,0,0,0,0,0,0,0,0,0,0,0,0,0,0
800017,,1,800000,1,0,0,0,0,116,2140,0,0,0,0,0,0,0,0,0,0,0,0,0,0,0,0,0,0,0,0,0,0,0,0
800018,,1,800000,1,0,0,0,0,120,2020,0,0,0,0,0,0,0,0,0,0,0,0,0,0,0,0,0,0,0,0,0,0,0,0
900000,,0,900000,0,0,0,1000,1001,0,0,0,0,0,0,0,0,0,0,0,0,0,0,0,0,0,0,0,0,0,0,0,0,0,0
900001,,0,900000,1,0,0,0,0,100,201,0,0,0,0,0,0,0,0,0,0,0,0,0,0,0,0,0,0,0,0,0,0,0,0
900002,,0,900000,1,0,0,0,0,103,203,0,0,0,0,0,0,0,0,0,0,0,0,0,0,0,0,0,0,0,0,0,0,0,0
900003,,0,900000,1,0,0,0,0,104,204,0,0,0,0,0,0,0,0,0,0,0,0,0,0,0,0,0,0,0,0,0,0,0,0
900004,,0,900000,1,0,0,0,0,106,205,0,0,0,0,0,0,0,0,0,0,0,0,0,0,0,0,0,0,0,0,0,0,0,0
900005,,0,900000,1,0,0,0,0,108,207,0,0,0,0,0,0,0,0,0,0,0,0,0,0,0,0,0,0,0,0,0,0,0,0
900006,,0,900000,1,0,0,0,0,110,210,0,0,0,0,0,0,0,0,0,0,0,0,0,0,0,0,0,0,0,0,0,0,0,0
900007,,0,900000,1,0,0,0,0,114,213,0,0,0,0,0,0,0,0,0,0,0,0,0,0,0,0,0,0,0,0,0,0,0,0
900008,,0,900000,1,0,0,0,0,117,215,0,0,0,0,0,0,0,0,0,0,0,0,0,0,0,0,0,0,0,0,0,0,0,0
900009,,0,900000,1,0,0,0,0,101,200,0,0,0,0,0,0,0,0,0,0,0,0,0,0,0,0,0,0,0,0,0,0,0,0
900010,,0,900000,1,0,0,0,0,107,206,0,0,0,0,0,0,0,0,0,0,0,0,0,0,0,0,0,0,0,0,0,0,0,0
900011,,0,900000,1,0,0,0,0,109,208,0,0,0,0,0,0,0,0,0,0,0,0,0,0,0,0,0,0,0,0,0,0,0,0
900012,,0,900000,1,0,0,0,0,111,209,0,0,0,0,0,0,0,0,0,0,0,0,0,0,0,0,0,0,0,0,0,0,0,0
900013,,0,900000,1,0,0,0,0,112,211,0,0,0,0,0,0,0,0,0,0,0,0,0,0,0,0,0,0,0,0,0,0,0,0
900014,,0,900000,1,0,0,0,0,113,212,0,0,0,0,0,0,0,0,0,0,0,0,0,0,0,0,0,0,0,0,0,0,0,0
900015,,0,900000,1,0,0,0,0,116,214,0,0,0,0,0,0,0,0,0,0,0,0,0,0,0,0,0,0,0,0,0,0,0,0
900016,,0,900000,1,0,0,0,0,120,202,0,0,0,0,0,0,0,0,0,0,0,0,0,0,0,0,0,0,0,0,0,0,0,0
900020,,0,900010,0,0,0,1000,1001,0,0,0,0,0,0,0,0,0,0,0,0,0,0,0,0,0,0,0,0,0,0,0,0,0,0
900021,,0,900010,2,0,0,0,0,0,0,0,0,7601,0,0,0,0,0,0,0,11,0,0,0,0,0,0,0,0,0,0,0,0,0
900022,,0,900010,1,0,0,0,0,100,201,0,0,0,0,0,0,0,0,0,0,0,0,0,0,0,0,0,0,0,0,0,0,0,0
900023,,0,900010,1,0,0,0,0,104,204,0,0,0,0,0,0,0,0,0,0,0,0,0,0,0,0,0,0,0,0,0,0,0,0
900024,,0,900010,1,0,0,0,0,108,207,0,0,0,0,0,0,0,0,0,0,0,0,0,0,0,0,0,0,0,0,0,0,0,0
900025,,0,900010,1,0,0,0,0,110,210,0,0,0,0,0,0,0,0,0,0,0,0,0,0,0,0,0,0,0,0,0,0,0,0
900026,,0,900010,1,0,0,0,0,114,213,0,0,0,0,0,0,0,0,0,0,0,0,0,0,0,0,0,0,0,0,0,0,0,0
900027,,0,900010,1,0,0,0,0,117,215,0,0,0,0,0,0,0,0,0,0,0,0,0,0,0,0,0,0,0,0,0,0,0,0
900028,,0,900010,1,0,0,0,0,101,200,0,0,0,0,0,0,0,0,0,0,0,0,0,0,0,0,0,0,0,0,0,0,0,0
900029,,0,900010,1,0,0,0,0,109,208,0,0,0,0,0,0,0,0,0,0,0,0,0,0,0,0,0,0,0,0,0,0,0,0
900030,,0,900010,1,0,0,0,0,111,209,0,0,0,0,0,0,0,0,0,0,0,0,0,0,0,0,0,0,0,0,0,0,0,0
900031,,0,900010,1,0,0,0,0,112,211,0,0,0,0,0,0,0,0,0,0,0,0,0,0,0,0,0,0,0,0,0,0,0,0
900032,,0,900010,1,0,0,0,0,113,212,0,0,0,0,0,0,0,0,0,0,0,0,0,0,0,0,0,0,0,0,0,0,0,0
900033,,0,900010,1,0,0,0,0,116,214,0,0,0,0,0,0,0,0,0,0,0,0,0,0,0,0,0,0,0,0,0,0,0,0
900034,,0,900010,1,0,0,0,0,120,202,0,0,0,0,0,0,0,0,0,0,0,0,0,0,0,0,0,0,0,0,0,0,0,0
900040,,0,900020,0,0,0,1000,1001,0,0,0,0,0,0,0,0,0,0,0,0,0,0,0,0,0,0,0,0,0,0,0,0,0,0
900041,,0,900020,2,0,0,0,0,0,0,0,0,7602,0,0,0,0,0,0,0,12,0,0,0,0,0,0,0,0,0,0,0,0,0
900042,,0,900020,1,0,0,0,0,100,201,0,0,0,0,0,0,0,0,0,0,0,0,0,0,0,0,0,0,0,0,0,0,0,0
900043,,0,900020,1,0,0,0,0,103,203,0,0,0,0,0,0,0,0,0,0,0,0,0,0,0,0,0,0,0,0,0,0,0,0
900044,,0,900020,1,0,0,0,0,104,204,0,0,0,0,0,0,0,0,0,0,0,0,0,0,0,0,0,0,0,0,0,0,0,0
900045,,0,900020,1,0,0,0,0,108,207,0,0,0,0,0,0,0,0,0,0,0,0,0,0,0,0,0,0,0,0,0,0,0,0
900046,,0,900020,1,0,0,0,0,114,213,0,0,0,0,0,0,0,0,0,0,0,0,0,0,0,0,0,0,0,0,0,0,0,0
900047,,0,900020,1,0,0,0,0,117,215,0,0,0,0,0,0,0,0,0,0,0,0,0,0,0,0,0,0,0,0,0,0,0,0
900048,,0,900020,1,0,0,0,0,101,200,0,0,0,0,0,0,0,0,0,0,0,0,0,0,0,0,0,0,0,0,0,0,0,0
900049,,0,900020,1,0,0,0,0,109,208,0,0,0,0,0,0,0,0,0,0,0,0,0,0,0,0,0,0,0,0,0,0,0,0
900050,,0,900020,1,0,0,0,0,113,212,0,0,0,0,0,0,0,0,0,0,0,0,0,0,0,0,0,0,0,0,0,0,0,0
900051,,0,900020,1,0,0,0,0,116,214,0,0,0,0,0,0,0,0,0,0,0,0,0,0,0,0,0,0,0,0,0,0,0,0
900052,,0,900020,1,0,0,0,0,120,202,0,0,0,0,0,0,0,0,0,0,0,0,0,0,0,0,0,0,0,0,0,0,0,0
900060,,0,900030,0,0,0,1000,1001,0,0,0,0,0,0,0,0,0,0,0,0,0,0,0,0,0,0,0,0,0,0,0,0,0,0
900061,,0,900030,2,0,0,0,0,0,0,0,0,7603,0,0,0,0,0,0,0,13,0,0,0,0,0,0,0,0,0,0,0,0,0
900062,,0,900030,1,0,0,0,0,100,201,0,0,0,0,0,0,0,0,0,0,0,0,0,0,0,0,0,0,0,0,0,0,0,0
900063,,0,900030,1,0,0,0,0,103,203,0,0,0,0,0,0,0,0,0,0,0,0,0,0,0,0,0,0,0,0,0,0,0,0
900064,,0,900030,1,0,0,0,0,104,204,0,0,0,0,0,0,0,0,0,0,0,0,0,0,0,0,0,0,0,0,0,0,0,0
900065,,0,900030,1,0,0,0,0,106,205,0,0,0,0,0,0,0,0,0,0,0,0,0,0,0,0,0,0,0,0,0,0,0,0
900066,,0,900030,1,0,0,0,0,110,210,0,0,0,0,0,0,0,0,0,0,0,0,0,0,0,0,0,0,0,0,0,0,0,0
900067,,0,900030,1,0,0,0,0,117,215,0,0,0,0,0,0,0,0,0,0,0,0,0,0,0,0,0,0,0,0,0,0,0,0
900068,,0,900030,1,0,0,0,0,101,200,0,0,0,0,0,0,0,0,0,0,0,0,0,0,0,0,0,0,0,0,0,0,0,0
900069,,0,900030,1,0,0,0,0,107,206,0,0,0,0,0,0,0,0,0,0,0,0,0,0,0,0,0,0,0,0,0,0,0,0
900070,,0,900030,1,0,0,0,0,111,209,0,0,0,0,0,0,0,0,0,0,0,0,0,0,0,0,0,0,0,0,0,0,0,0
900071,,0,900030,1,0,0,0,0,112,211,0,0,0,0,0,0,0,0,0,0,0,0,0,0,0,0,0,0,0,0,0,0,0,0
900072,,0,900030,1,0,0,0,0,116,214,0,0,0,0,0,0,0,0,0,0,0,0,0,0,0,0,0,0,0,0,0,0,0,0
900073,,0,900030,1,0,0,0,0,120,202,0,0,0,0,0,0,0,0,0,0,0,0,0,0,0,0,0,0,0,0,0,0,0,0
900080,,0,900050,0,0,0,1000,1001,0,0,0,0,0,0,0,0,0,0,0,0,0,0,0,0,0,0,0,0,0,0,0,0,0,0
900081,,0,900050,2,0,0,0,0,0,0,0,0,7605,0,0,0,0,0,0,0,15,0,0,0,0,0,0,0,0,0,0,0,0,0
900082,,0,900050,1,0,0,0,0,103,203,0,0,0,0,0,0,0,0,0,0,0,0,0,0,0,0,0,0,0,0,0,0,0,0
900083,,0,900050,1,0,0,0,0,106,205,0,0,0,0,0,0,0,0,0,0,0,0,0,0,0,0,0,0,0,0,0,0,0,0
900084,,0,900050,1,0,0,0,0,108,207,0,0,0,0,0,0,0,0,0,0,0,0,0,0,0,0,0,0,0,0,0,0,0,0
900085,,0,900050,1,0,0,0,0,110,210,0,0,0,0,0,0,0,0,0,0,0,0,0,0,0,0,0,0,0,0,0,0,0,0
900086,,0,900050,1,0,0,0,0,114,213,0,0,0,0,0,0,0,0,0,0,0,0,0,0,0,0,0,0,0,0,0,0,0,0
900087,,0,900050,1,0,0,0,0,117,215,0,0,0,0,0,0,0,0,0,0,0,0,0,0,0,0,0,0,0,0,0,0,0,0
900088,,0,900050,1,0,0,0,0,107,206,0,0,0,0,0,0,0,0,0,0,0,0,0,0,0,0,0,0,0,0,0,0,0,0
900089,,0,900050,1,0,0,0,0,109,208,0,0,0,0,0,0,0,0,0,0,0,0,0,0,0,0,0,0,0,0,0,0,0,0
900090,,0,900050,1,0,0,0,0,111,209,0,0,0,0,0,0,0,0,0,0,0,0,0,0,0,0,0,0,0,0,0,0,0,0
900091,,0,900050,1,0,0,0,0,112,211,0,0,0,0,0,0,0,0,0,0,0,0,0,0,0,0,0,0,0,0,0,0,0,0
900092,,0,900050,1,0,0,0,0,113,212,0,0,0,0,0,0,0,0,0,0,0,0,0,0,0,0,0,0,0,0,0,0,0,0
900093,,0,900050,1,0,0,0,0,116,214,0,0,0,0,0,0,0,0,0,0,0,0,0,0,0,0,0,0,0,0,0,0,0,0
900094,,0,900050,1,0,0,0,0,120,202,0,0,0,0,0,0,0,0,0,0,0,0,0,0,0,0,0,0,0,0,0,0,0,0
900100,,1,900100,0,0,0,1000,1001,0,0,0,0,0,0,0,0,0,0,0,0,0,0,0,0,0,0,0,0,4770,4771,0,0,0,0
900101,,1,900100,2,0,0,0,0,0,0,0,0,7601,0,0,0,0,0,0,0,0,0,0,0,0,0,0,0,0,0,0,0,0,0
900102,,1,900100,1,0,0,0,0,305,4090,0,0,0,0,0,0,0,0,0,0,0,0,0,0,0,0,0,0,0,0,0,0,0,0
900103,,1,900100,1,0,1,0,0,113,3800,0,0,0,0,0,0,0,0,0,0,0,0,0,0,0,0,0,0,0,0,100,0,0,0
900104,,1,900100,1,0,0,0,0,114,3800,1,0,0,0,0,0,0,0,0,0,0,0,0,0,0,0,0,0,0,0,0,0,0,0
900105,,1,900100,1,0,1,0,0,112,3800,2,0,0,0,0,0,0,0,0,0,0,0,0,0,0,0,0,0,0,0,100,0,0,0
900110,,1,900110,0,0,0,1000,1001,0,0,0,0,0,0,0,0,0,0,0,0,0,0,0,0,0,0,0,0,4770,4771,0,0,0,0
900111,,1,900110,2,0,0,0,0,0,0,0,0,7601,0,0,0,0,0,0,0,0,0,0,0,0,0,0,0,0,0,0,0,0,0
900112,,1,900110,1,0,0,0,0,305,4090,0,0,0,0,0,0,0,0,0,0,0,0,0,0,0,0,0,0,0,0,0,0,0,0
900113,,1,900110,1,0,1,0,0,113,3810,0,0,0,0,0,0,0,0,0,0,0,0,0,0,0,0,0,0,0,0,100,0,0,0
900114,,1,900110,1,0,0,0,0,114,3810,1,0,0,0,0,0,0,0,0,0,0,0,0,0,0,0,0,0,0,0,0,0,0,0
900115,,1,900110,1,0,1,0,0,112,3810,2,0,0,0,0,0,0,0,0,0,0,0,0,0,0,0,0,0,0,0,100,0,0,0
900120,,1,900120,0,0,0,1000,1001,0,0,0,0,0,0,0,0,0,0,0,0,0,0,0,0,0,0,0,0,4770,4771,0,0,0,0
900121,,1,900120,2,0,0,0,0,0,0,0,0,0,0,0,0,0,0,0,0,0,0,0,0,0,0,0,0,0,0,0,0,0,0
900122,,1,900120,1,0,0,0,0,305,4090,0,0,0,0,0,0,0,0,0,0,0,0,0,0,0,0,0,0,0,0,0,0,0,0
900123,,1,900120,1,0,0,0,0,113,3800,0,0,0,0,0,0,0,0,0,0,0,0,0,0,0,0,0,0,0,0,0,0,0,0
900124,,1,900120,1,0,1,0,0,114,3800,1,0,0,0,0,0,0,0,0,0,0,0,0,0,0,0,0,0,0,0,100,0,0,0
900125,,1,900120,1,0,1,0,0,112,3800,2,0,0,0,0,0,0,0,0,0,0,0,0,0,0,0,0,0,0,0,100,0,0,0
900130,,1,900130,0,0,0,1000,1001,0,0,0,0,0,0,0,0,0,0,0,0,0,0,0,0,0,0,0,0,4770,4771,0,0,0,0
900131,,1,900130,2,0,0,0,0,0,0,0,0,0,0,0,0,0,0,0,0,0,0,0,0,0,0,0,0,0,0,0,0,0,0
900132,,1,900130,1,0,0,0,0,305,4090,0,0,0,0,0,0,0,0,0,0,0,0,0,0,0,0,0,0,0,0,0,0,0,0
900133,,1,900130,1,0,0,0,0,113,3810,0,0,0,0,0,0,0,0,0,0,0,0,0,0,0,0,0,0,0,0,0,0,0,0
900134,,1,900130,1,0,1,0,0,114,3810,1,0,0,0,0,0,0,0,0,0,0,0,0,0,0,0,0,0,0,0,100,0,0,0
900135,,1,900130,1,0,1,0,0,112,3810,2,0,0,0,0,0,0,0,0,0,0,0,0,0,0,0,0,0,0,0,100,0,0,0
900320,,0,900320,0,0,0,1003,1001,0,0,0,0,0,0,0,0,0,0,0,0,0,0,0,0,0,0,0,0,4770,4770,0,0,0,0
900321,,0,900320,2,0,0,0,0,0,0,0,0,47700000,0,0,0,0,0,0,0,0,0,0,0,0,0,0,0,0,0,0,0,0,0
900330,,0,900330,0,0,0,1003,1001,0,0,0,0,0,0,0,0,0,0,0,0,0,0,0,0,0,0,0,0,4780,4780,0,0,0,0
900331,,0,900330,2,0,0,0,0,0,0,0,0,47800000,0,0,0,0,0,0,0,0,0,0,0,0,0,0,0,0,0,0,0,0,0
900340,,0,900340,0,0,0,1003,1001,0,0,0,0,0,0,0,0,0,0,0,0,0,0,0,0,0,0,0,0,4790,4790,0,0,0,0
900341,,0,900340,2,0,0,0,0,0,0,0,0,47900000,0,0,0,0,0,0,0,0,0,0,0,0,0,0,0,0,0,0,0,0,0
900350,,0,900350,0,0,0,1003,1003,0,0,0,0,0,0,0,0,0,0,0,0,0,0,0,0,0,0,0,0,4800,4800,0,0,0,0
900351,,0,900350,2,0,0,0,0,0,0,0,0,48000000,0,0,0,0,0,0,0,0,0,0,0,0,0,0,0,0,0,0,0,0,0
900360,,0,900360,0,0,0,1003,1003,0,0,0,0,0,0,0,0,0,0,0,0,0,0,0,0,0,0,0,0,4810,4810,0,0,0,0
900361,,0,900360,2,0,0,0,0,0,0,0,0,48100000,0,0,0,0,0,0,0,0,0,0,0,0,0,0,0,0,0,0,0,0,0
900370,,0,900370,0,0,0,1003,1003,0,0,0,0,0,0,0,0,0,0,0,0,0,0,0,0,0,0,0,0,4820,4820,0,0,0,0
900371,,0,900370,2,0,0,0,0,0,0,0,0,48200000,0,0,0,0,0,0,0,0,0,0,0,0,0,0,0,0,0,0,0,0,0
900380,,0,900380,0,0,0,1003,1003,0,0,0,0,0,0,0,0,0,0,0,0,0,0,0,0,0,0,0,0,4830,4830,0,0,0,0
900389,,0,900380,2,0,0,0,0,0,0,0,0,48300000,0,0,0,0,0,0,0,0,0,0,0,0,0,0,0,0,0,0,0,0,0
900390,,0,900390,0,0,0,1003,1003,0,0,0,0,0,0,0,0,0,0,0,0,0,0,0,0,0,0,0,0,4840,4840,0,0,0,0
900391,,0,900390,2,0,0,0,0,0,0,0,0,48400000,0,0,0,0,0,0,0,0,0,0,0,0,0,0,0,0,0,0,0,0,0
900400,,0,900400,0,0,0,1003,1003,0,0,0,0,0,0,0,0,0,0,0,0,0,0,0,0,0,0,0,0,4850,4850,0,0,0,0
900401,,0,900400,2,0,0,0,0,0,0,0,0,48500000,0,0,0,0,0,0,0,0,0,0,0,0,0,0,0,0,0,0,0,0,0
900410,,0,900410,0,0,0,1003,1003,0,0,0,0,0,0,0,0,0,0,0,0,0,0,0,0,0,0,0,0,4860,4860,0,0,0,0
900411,,0,900410,2,0,0,0,0,0,0,0,0,48600000,0,0,0,0,0,0,0,0,0,0,0,0,0,0,0,0,0,0,0,0,0
900420,,0,900420,0,0,0,1003,1003,0,0,0,0,0,0,0,0,0,0,0,0,0,0,0,0,0,0,0,0,4870,4870,0,0,0,0
900421,,0,900420,2,0,0,0,0,0,0,0,0,48700000,0,0,0,0,0,0,0,0,0,0,0,0,0,0,0,0,0,0,0,0,0
900430,,0,900430,0,0,0,1003,1003,0,0,0,0,0,0,0,0,0,0,0,0,0,0,0,0,0,0,0,0,4880,4880,0,0,0,0
900431,,0,900430,2,0,0,0,0,0,0,0,0,48800000,0,0,0,0,0,0,0,0,0,0,0,0,0,0,0,0,0,0,0,0,0
900440,,0,900440,0,0,0,1003,1003,0,0,0,0,0,0,0,0,0,0,0,0,0,0,0,0,0,0,0,0,4890,4890,0,0,0,0
900441,,0,900440,2,0,0,0,0,0,0,0,0,48900000,0,0,0,0,0,0,0,0,0,0,0,0,0,0,0,0,0,0,0,0,0
900450,,0,900450,0,0,0,1003,1003,0,0,0,0,0,0,0,0,0,0,0,0,0,0,0,0,0,0,0,0,4900,4900,0,0,0,0
900451,,0,900450,2,0,0,0,0,0,0,0,0,49000000,0,0,0,0,0,0,0,0,0,0,0,0,0,0,0,0,0,0,0,0,0
900460,,0,900460,0,0,0,1003,1003,0,0,0,0,0,0,0,0,0,0,0,0,0,0,0,0,0,0,0,0,4910,4910,0,0,0,0
900461,,0,900460,2,0,0,0,0,0,0,0,0,49100000,0,0,0,0,0,0,0,0,0,0,0,0,0,0,0,0,0,0,0,0,0
900470,,0,900470,0,0,0,1003,1003,0,0,0,0,0,0,0,0,0,0,0,0,0,0,0,0,0,0,0,0,4920,4920,0,0,0,0
900471,,0,900470,2,0,0,0,0,0,0,0,0,49200000,0,0,0,0,0,0,0,0,0,0,0,0,0,0,0,0,0,0,0,0,0
900480,,0,900480,0,0,0,1003,1003,0,0,0,0,0,0,0,0,0,0,0,0,0,0,0,0,0,0,0,0,4930,4930,0,0,0,0
900481,,0,900480,2,0,0,0,0,0,0,0,0,49300000,7500,7515,0,0,0,0,0,0,0,0,0,0,0,0,0,0,0,0,0,0,0
900490,,0,900490,0,0,0,1003,1003,0,0,0,0,0,0,0,0,0,0,0,0,0,0,0,0,0,0,0,0,4990,4990,0,0,0,0
900499,,0,900490,2,0,0,0,0,0,0,0,0,49900000,0,0,0,0,0,0,0,0,0,0,0,0,0,0,0,0,0,0,0,0,0
900660,,0,900660,0,0,0,1003,1001,0,0,0,0,0,0,0,0,0,0,0,0,0,0,0,0,0,0,0,0,4917,4917,0,0,0,0
900669,,0,900660,2,0,0,0,0,0,0,0,0,7500,7515,49170000,0,0,0,0,0,0,0,0,0,0,0,0,0,0,0,0,0,0,0
900670,,0,900670,0,0,0,1003,1001,0,0,0,0,0,0,0,0,0,0,0,0,0,0,0,0,0,0,0,0,4918,4918,0,0,0,0
900679,,0,900670,2,0,0,0,0,0,0,0,0,7500,7515,49180000,0,0,0,0,0,0,0,0,0,0,0,0,0,0,0,0,0,0,0
900680,,0,900680,0,0,0,1003,1001,0,0,0,0,0,0,0,0,0,0,0,0,0,0,0,0,0,0,0,0,4919,4919,0,0,0,0
900689,,0,900680,2,0,0,0,0,0,0,0,0,7500,7515,49190000,0,0,0,0,0,0,0,0,0,0,0,0,0,0,0,0,0,0,0
900690,,0,900690,0,0,0,1003,1001,0,0,0,0,0,0,0,0,0,0,0,0,0,0,0,0,0,0,0,0,4921,4921,0,0,0,0
900699,,0,900690,2,0,0,0,0,0,0,0,0,7500,7515,49210000,0,0,0,0,0,0,0,0,0,0,0,0,0,0,0,0,0,0,0
900700,,0,900700,0,0,0,1003,1001,0,0,0,0,0,0,0,0,0,0,0,0,0,0,0,0,0,0,0,0,4923,4923,0,0,0,0
900709,,0,900700,2,0,0,0,0,0,0,0,0,7500,7515,49230000,0,0,0,0,0,0,0,0,0,0,0,0,0,0,0,0,0,0,0
900710,,0,900710,0,0,0,1003,1001,0,0,0,0,0,0,0,0,0,0,0,0,0,0,0,0,0,0,0,0,4924,4924,0,0,0,0
900719,,0,900710,2,0,0,0,0,0,0,0,0,7500,7515,49240000,0,0,0,0,0,0,0,0,0,0,0,0,0,0,0,0,0,0,0
900720,,0,900720,0,0,0,1003,1001,0,0,0,0,0,0,0,0,0,0,0,0,0,0,0,0,0,0,0,0,4925,4925,0,0,0,0
900729,,0,900720,2,0,0,0,0,0,0,0,0,7500,7515,49250000,0,0,0,0,0,0,0,0,0,0,0,0,0,0,0,0,0,0,0
900730,,0,900730,0,0,0,1003,1001,0,0,0,0,0,0,0,0,0,0,0,0,0,0,0,0,0,0,0,0,4926,4926,0,0,0,0
900739,,0,900730,2,0,0,0,0,0,0,0,0,7500,7515,49260000,0,0,0,0,0,0,0,0,0,0,0,0,0,0,0,0,0,0,0
900740,,0,900740,0,0,0,1003,1001,0,0,0,0,0,0,0,0,0,0,0,0,0,0,0,0,0,0,0,0,4927,4927,0,0,0,0
900749,,0,900740,2,0,0,0,0,0,0,0,0,7500,7515,49270000,0,0,0,0,0,0,0,0,0,0,0,0,0,0,0,0,0,0,0
900750,,0,900750,0,0,0,1003,1001,0,0,0,0,0,0,0,0,0,0,0,0,0,0,0,0,0,0,0,0,4928,4928,0,0,0,0
900759,,0,900750,2,0,0,0,0,0,0,0,0,7500,7515,49280000,0,0,0,0,0,0,0,0,0,0,0,0,0,0,0,0,0,0,0
900760,,0,900760,0,0,0,1003,1001,0,0,0,0,0,0,0,0,0,0,0,0,0,0,0,0,0,0,0,0,4929,4929,0,0,0,0
900769,,0,900760,2,0,0,0,0,0,0,0,0,7500,7515,49290000,0,0,0,0,0,0,0,0,0,0,0,0,0,0,0,0,0,0,0
900770,,0,900770,0,0,0,1006,1001,0,0,0,0,0,0,0,0,0,0,0,0,0,0,0,0,0,0,0,0,4928,4928,0,0,0,0
900771,,0,900770,2,0,0,0,0,0,0,0,0,7500,7515,49280000,0,0,0,0,0,0,0,0,0,0,0,0,0,0,0,0,0,0,0
900775,,0,900775,0,0,0,1001,1001,0,0,0,0,0,0,0,0,0,0,0,0,0,0,0,0,0,0,0,0,4890,4890,0,0,0,0
900776,,0,900775,2,0,0,0,0,0,0,0,0,7500,7515,48900000,0,0,0,0,0,0,0,0,0,0,0,0,0,0,0,0,0,0,0
900777,,0,900777,0,0,0,1009,1009,0,0,0,0,0,0,0,0,0,0,0,0,0,0,0,0,0,0,0,0,4890,4890,0,0,0,0
900778,,0,900777,2,0,0,0,0,0,0,0,0,7500,7515,48900000,0,0,0,0,0,0,0,0,0,0,0,0,0,0,0,0,0,0,0
902000,,0,902000,0,0,0,1000,1001,0,0,0,0,0,0,0,0,0,0,0,0,0,0,0,0,0,0,0,0,0,0,0,0,0,0
902001,,0,902000,1,0,0,0,0,100,300,0,2,0,0,0,0,0,0,0,0,0,0,0,0,0,0,0,0,0,0,0,0,0,0
902002,,0,902000,1,0,0,0,0,101,301,0,0,0,0,0,0,0,0,0,0,0,0,0,0,0,0,0,0,0,0,0,0,0,0
902003,,0,902000,1,0,0,0,0,103,300,1,0,0,0,0,0,0,0,0,0,0,0,0,0,0,0,0,0,0,0,0,0,0,0
902004,,0,902000,1,0,0,0,0,104,303,0,0,0,0,0,0,0,0,0,0,0,0,0,0,0,0,0,0,0,0,0,0,0,0
902005,,0,902000,1,0,0,0,0,106,304,0,0,0,0,0,0,0,0,0,0,0,0,0,0,0,0,0,0,0,0,0,0,0,0
902006,,0,902000,1,0,0,0,0,107,305,0,0,0,0,0,0,0,0,0,0,0,0,0,0,0,0,0,0,0,0,0,0,0,0
902007,,0,902000,1,0,0,0,0,108,300,2,1,0,0,0,0,0,0,0,0,0,0,0,0,0,0,0,0,0,0,0,0,0,0
902008,,0,902000,1,0,0,0,0,109,301,1,1,0,0,0,0,0,0,0,0,0,0,0,0,0,0,0,0,0,0,0,0,0,0
902009,,0,902000,1,0,0,0,0,110,302,1,1,0,0,0,0,0,0,0,0,0,0,0,0,0,0,0,0,0,0,0,0,0,0
902010,,0,902000,1,0,0,0,0,111,303,1,1,0,0,0,0,0,0,0,0,0,0,0,0,0,0,0,0,0,0,0,0,0,0
902011,,0,902000,1,0,0,0,0,112,304,1,1,0,0,0,0,0,0,0,0,0,0,0,0,0,0,0,0,0,0,0,0,0,0
902012,,0,902000,1,0,0,0,0,113,305,1,1,0,0,0,0,0,0,0,0,0,0,0,0,0,0,0,0,0,0,0,0,0,0
902013,,0,902000,1,0,0,0,0,114,0,0,0,0,0,0,0,0,0,0,0,0,0,0,0,0,0,0,0,0,0,0,0,0,0
902014,,0,902000,1,0,0,0,0,116,0,0,0,0,0,0,0,0,0,0,0,0,0,0,0,0,0,0,0,0,0,0,0,0,0
902015,,0,902000,1,0,0,0,0,117,0,0,0,0,0,0,0,0,0,0,0,0,0,0,0,0,0,0,0,0,0,0,0,0,0
902050,,0,902050,0,0,0,1000,1001,0,0,0,0,0,0,0,0,0,0,0,0,0,0,0,0,0,0,0,0,0,0,0,0,0,0
902051,,0,902050,1,0,0,0,0,100,3200,0,0,0,0,0,0,0,0,0,0,0,0,0,0,0,0,0,0,0,0,0,0,0,0
902052,,0,902050,1,0,0,0,0,101,3210,0,0,0,0,0,0,0,0,0,0,0,0,0,0,0,0,0,0,0,0,0,0,0,0
902053,,0,902050,1,0,0,0,0,103,3220,0,0,0,0,0,0,0,0,0,0,0,0,0,0,0,0,0,0,0,0,0,0,0,0
902057,,0,902050,1,0,0,0,0,108,3200,1,1,0,0,0,0,0,0,0,0,0,0,0,0,0,0,0,0,0,0,0,0,0,0
902058,,0,902050,1,0,0,0,0,109,3210,1,1,0,0,0,0,0,0,0,0,0,0,0,0,0,0,0,0,0,0,0,0,0,0
902059,,0,902050,1,0,0,0,0,110,3220,1,1,0,0,0,0,0,0,0,0,0,0,0,0,0,0,0,0,0,0,0,0,0,0
902064,,0,902050,1,0,0,0,0,116,3210,2,2,0,0,0,0,0,0,0,0,0,0,0,0,0,0,0,0,0,0,0,0,0,0
902100,,0,902100,0,0,0,1000,1001,0,0,0,0,0,0,0,0,0,0,0,0,0,0,0,0,0,0,0,0,0,0,0,0,0,0
902101,,0,902100,1,0,0,0,0,100,3400,0,0,0,0,0,0,0,0,0,0,0,0,0,0,0,0,0,0,0,0,0,0,0,0
902102,,0,902100,1,0,0,0,0,101,3410,0,0,0,0,0,0,0,0,0,0,0,0,0,0,0,0,0,0,0,0,0,0,0,0
902103,,0,902100,1,0,0,0,0,103,3420,0,0,0,0,0,0,0,0,0,0,0,0,0,0,0,0,0,0,0,0,0,0,0,0
902104,,0,902100,1,0,0,0,0,104,3410,3,3,0,0,0,0,0,0,0,0,0,0,0,0,0,0,0,0,0,0,0,0,0,0
902105,,0,902100,1,0,0,0,0,107,3410,4,4,0,0,0,0,0,0,0,0,0,0,0,0,0,0,0,0,0,0,0,0,0,0
902106,,0,902100,1,0,0,0,0,106,3430,0,0,0,0,0,0,0,0,0,0,0,0,0,0,0,0,0,0,0,0,0,0,0,0
902107,,0,902100,1,0,0,0,0,108,3400,1,1,0,0,0,0,0,0,0,0,0,0,0,0,0,0,0,0,0,0,0,0,0,0
902108,,0,902100,1,0,0,0,0,109,3410,1,1,0,0,0,0,0,0,0,0,0,0,0,0,0,0,0,0,0,0,0,0,0,0
902109,,0,902100,1,0,0,0,0,110,3420,1,1,0,0,0,0,0,0,0,0,0,0,0,0,0,0,0,0,0,0,0,0,0,0
902110,,0,902100,1,0,0,0,0,114,3400,2,2,0,0,0,0,0,0,0,0,0,0,0,0,0,0,0,0,0,0,0,0,0,0
902111,,0,902100,1,0,0,0,0,116,3410,2,2,0,0,0,0,0,0,0,0,0,0,0,0,0,0,0,0,0,0,0,0,0,0
902112,,0,902100,1,0,0,0,0,117,3400,3,3,0,0,0,0,0,0,0,0,0,0,0,0,0,0,0,0,0,0,0,0,0,0
902150,,0,902150,0,0,0,1000,1001,0,0,0,0,0,0,0,0,0,0,0,0,0,0,0,0,0,0,0,0,0,0,0,0,0,0
902151,,0,902150,1,0,0,0,0,300,400,0,0,0,0,0,0,0,0,0,0,0,0,0,0,0,0,0,0,0,0,0,0,0,0
902152,,0,902150,1,0,0,0,0,301,400,1,1,0,0,0,0,0,0,0,0,0,0,0,0,0,0,0,0,0,0,0,0,0,0
902153,,0,902150,1,0,0,0,0,302,403,0,0,0,0,0,0,0,0,0,0,0,0,0,0,0,0,0,0,0,0,0,0,0,0
902154,,0,902150,1,0,0,0,0,309,409,0,0,0,0,0,0,0,0,0,0,0,0,0,0,0,0,0,0,0,0,0,0,0,0
902155,,0,902150,1,0,0,0,0,306,400,2,2,0,0,0,0,0,0,0,0,0,0,0,0,0,0,0,0,0,0,0,0,0,0
902156,,0,902150,1,0,0,0,0,307,400,3,3,0,0,0,0,0,0,0,0,0,0,0,0,0,0,0,0,0,0,0,0,0,0
902157,,0,902150,1,0,0,0,0,308,400,4,4,0,0,0,0,0,0,0,0,0,0,0,0,0,0,0,0,0,0,0,0,0,0
902158,,0,902150,1,0,0,0,0,310,400,5,5,0,0,0,0,0,0,0,0,0,0,0,0,0,0,0,0,0,0,0,0,0,0
902159,,0,902150,1,0,0,0,0,312,400,6,6,0,0,0,0,0,0,0,0,0,0,0,0,0,0,0,0,0,0,0,0,0,0
902160,,0,902150,1,0,0,0,0,313,400,7,7,0,0,0,0,0,0,0,0,0,0,0,0,0,0,0,0,0,0,0,0,0,0
902161,,0,902150,1,0,0,0,0,314,400,8,8,0,0,0,0,0,0,0,0,0,0,0,0,0,0,0,0,0,0,0,0,0,0
902162,,0,902150,1,0,0,0,0,305,400,9,9,0,0,0,0,0,0,0,0,0,0,0,0,0,0,0,0,0,0,0,0,0,0
902170,,0,902170,0,0,0,1000,1001,0,0,0,0,0,0,0,0,0,0,0,0,0,0,0,0,0,0,0,0,0,0,0,0,0,0
902171,,0,902170,1,0,0,0,0,300,4090,0,0,0,0,0,0,0,0,0,0,0,0,0,0,0,0,0,0,0,0,0,0,0,0
902172,,0,902170,1,0,0,0,0,301,4090,1,1,0,0,0,0,0,0,0,0,0,0,0,0,0,0,0,0,0,0,0,0,0,0
902173,,0,902170,1,0,0,0,0,302,4090,2,2,0,0,0,0,0,0,0,0,0,0,0,0,0,0,0,0,0,0,0,0,0,0
902174,,0,902170,1,0,0,0,0,306,4090,3,3,0,0,0,0,0,0,0,0,0,0,0,0,0,0,0,0,0,0,0,0,0,0
902175,,0,902170,1,0,0,0,0,307,4090,4,4,0,0,0,0,0,0,0,0,0,0,0,0,0,0,0,0,0,0,0,0,0,0
902176,,0,902170,1,0,0,0,0,308,4090,5,5,0,0,0,0,0,0,0,0,0,0,0,0,0,0,0,0,0,0,0,0,0,0
902177,,0,902170,1,0,0,0,0,310,4090,6,6,0,0,0,0,0,0,0,0,0,0,0,0,0,0,0,0,0,0,0,0,0,0
902178,,0,902170,1,0,0,0,0,312,4090,7,7,0,0,0,0,0,0,0,0,0,0,0,0,0,0,0,0,0,0,0,0,0,0
902179,,0,902170,1,0,0,0,0,313,4090,8,8,0,0,0,0,0,0,0,0,0,0,0,0,0,0,0,0,0,0,0,0,0,0
902200,,0,902200,0,0,0,1000,1001,0,0,0,0,0,0,0,0,0,0,0,0,0,0,0,0,0,0,0,0,0,0,0,0,0,0
902201,,0,902200,1,0,0,0,0,300,430,0,0,0,0,0,0,0,0,0,0,0,0,0,0,0,0,0,0,0,0,0,0,0,0
902202,,0,902200,1,0,0,0,0,301,431,0,0,0,0,0,0,0,0,0,0,0,0,0,0,0,0,0,0,0,0,0,0,0,0
902203,,0,902200,1,0,0,0,0,302,432,0,0,0,0,0,0,0,0,0,0,0,0,0,0,0,0,0,0,0,0,0,0,0,0
902204,,0,902200,1,0,0,0,0,305,433,0,0,0,0,0,0,0,0,0,0,0,0,0,0,0,0,0,0,0,0,0,0,0,0
902205,,0,902200,1,0,0,0,0,306,434,0,0,0,0,0,0,0,0,0,0,0,0,0,0,0,0,0,0,0,0,0,0,0,0
902206,,0,902200,1,0,0,0,0,307,430,1,1,0,0,0,0,0,0,0,0,0,0,0,0,0,0,0,0,0,0,0,0,0,0
902207,,0,902200,1,0,0,0,0,308,431,1,1,0,0,0,0,0,0,0,0,0,0,0,0,0,0,0,0,0,0,0,0,0,0
902208,,0,902200,1,0,0,0,0,310,432,1,1,0,0,0,0,0,0,0,0,0,0,0,0,0,0,0,0,0,0,0,0,0,0
902209,,0,902200,1,0,0,0,0,312,433,1,1,0,0,0,0,0,0,0,0,0,0,0,0,0,0,0,0,0,0,0,0,0,0
902210,,0,902200,1,0,0,0,0,313,434,1,1,0,0,0,0,0,0,0,0,0,0,0,0,0,0,0,0,0,0,0,0,0,0
902211,,0,902200,1,0,0,0,0,314,435,0,0,0,0,0,0,0,0,0,0,0,0,0,0,0,0,0,0,0,0,0,0,0,0
902250,,0,902250,0,0,0,1000,1001,0,0,0,0,0,0,0,0,0,0,0,0,0,0,0,0,0,0,0,0,0,0,0,0,0,0
902251,,0,902250,1,0,0,0,0,300,379,0,0,0,0,0,0,0,0,0,0,0,0,0,0,0,0,0,0,0,0,0,0,0,0
902300,,0,902300,0,0,0,1000,1001,0,0,0,0,0,0,0,0,0,0,0,0,0,0,0,0,0,0,0,0,0,0,0,0,0,0
902301,,0,902300,1,0,0,0,0,300,4500,0,0,0,0,0,0,0,0,0,0,0,0,0,0,0,0,0,0,0,0,0,0,0,0
902350,,0,902350,0,0,0,1000,1001,0,0,0,0,0,0,0,0,0,0,0,0,0,0,0,0,0,0,0,0,0,0,0,0,0,0
902351,,0,902350,1,0,0,0,0,100,360,0,0,0,0,0,0,0,0,0,0,0,0,0,0,0,0,0,0,0,0,0,0,0,0
902352,,0,902350,1,0,0,0,0,104,360,1,0,0,0,0,0,0,0,0,0,0,0,0,0,0,0,0,0,0,0,0,0,0,0
902400,,0,902400,0,0,0,1000,1001,0,0,0,0,0,0,0,0,0,0,0,0,0,0,0,0,0,0,0,0,0,0,0,0,0,0
902401,,0,902400,1,0,0,0,0,350,4301,0,0,0,0,0,0,0,0,0,0,0,0,0,0,0,0,0,0,0,0,0,0,0,0
902402,,0,902400,1,0,0,0,0,351,4341,0,0,0,0,0,0,0,0,0,0,0,0,0,0,0,0,0,0,0,0,0,0,0,0
902403,,0,902400,1,0,0,0,0,352,4301,1,1,0,0,0,0,0,0,0,0,0,0,0,0,0,0,0,0,0,0,0,0,0,0
902404,,0,902400,1,0,0,0,0,356,4341,1,1,0,0,0,0,0,0,0,0,0,0,0,0,0,0,0,0,0,0,0,0,0,0
902405,,0,902400,1,0,0,0,0,357,4302,0,0,0,0,0,0,0,0,0,0,0,0,0,0,0,0,0,0,0,0,0,0,0,0
902406,,0,902400,1,0,0,0,0,358,4501,0,0,0,0,0,0,0,0,0,0,0,0,0,0,0,0,0,0,0,0,0,0,0,0
902407,,0,902400,1,0,0,0,0,360,4101,0,0,0,0,0,0,0,0,0,0,0,0,0,0,0,0,0,0,0,0,0,0,0,0
902408,,0,902400,1,0,0,0,0,362,4401,0,0,0,0,0,0,0,0,0,0,0,0,0,0,0,0,0,0,0,0,0,0,0,0
902450,,0,902450,0,0,0,1000,1001,0,0,0,0,0,0,0,0,0,0,0,0,0,0,0,0,0,0,0,0,0,0,0,0,0,0
902451,,0,902450,1,0,0,0,0,100,3800,0,0,0,0,0,0,0,0,0,0,0,0,0,0,0,0,0,0,0,0,0,0,0,0
902452,,0,902450,1,0,0,0,0,101,3800,1,1,0,0,0,0,0,0,0,0,0,0,0,0,0,0,0,0,0,0,0,0,0,0
902453,,0,902450,1,0,0,0,0,103,3810,0,0,0,0,0,0,0,0,0,0,0,0,0,0,0,0,0,0,0,0,0,0,0,0
902454,,0,902450,1,0,0,0,0,108,3810,1,1,0,0,0,0,0,0,0,0,0,0,0,0,0,0,0,0,0,0,0,0,0,0
903000,,0,903000,0,0,0,1000,1001,0,0,0,0,0,0,0,0,0,0,0,0,0,0,0,0,0,0,0,0,0,0,0,0,0,0
903001,,0,903000,1,0,0,0,0,100,201,0,0,0,0,0,0,0,0,0,0,0,0,0,0,0,0,0,0,0,0,0,0,0,0
903002,,0,903000,1,0,0,0,0,101,200,0,0,0,0,0,0,0,0,0,0,0,0,0,0,0,0,0,0,0,0,0,0,0,0
903003,,0,903000,1,0,0,0,0,103,203,0,0,0,0,0,0,0,0,0,0,0,0,0,0,0,0,0,0,0,0,0,0,0,0
903004,,0,903000,1,0,0,0,0,104,204,0,0,0,0,0,0,0,0,0,0,0,0,0,0,0,0,0,0,0,0,0,0,0,0
903005,,0,903000,1,0,0,0,0,106,205,0,0,0,0,0,0,0,0,0,0,0,0,0,0,0,0,0,0,0,0,0,0,0,0
903006,,0,903000,1,0,0,0,0,107,206,0,0,0,0,0,0,0,0,0,0,0,0,0,0,0,0,0,0,0,0,0,0,0,0
903007,,0,903000,1,0,0,0,0,108,207,0,0,0,0,0,0,0,0,0,0,0,0,0,0,0,0,0,0,0,0,0,0,0,0
903008,,0,903000,1,0,0,0,0,109,208,0,0,0,0,0,0,0,0,0,0,0,0,0,0,0,0,0,0,0,0,0,0,0,0
903009,,0,903000,1,0,0,0,0,110,210,0,0,0,0,0,0,0,0,0,0,0,0,0,0,0,0,0,0,0,0,0,0,0,0
903010,,0,903000,1,0,0,0,0,111,209,0,0,0,0,0,0,0,0,0,0,0,0,0,0,0,0,0,0,0,0,0,0,0,0
903011,,0,903000,1,0,0,0,0,112,211,0,0,0,0,0,0,0,0,0,0,0,0,0,0,0,0,0,0,0,0,0,0,0,0
903012,,0,903000,1,0,0,0,0,113,212,0,0,0,0,0,0,0,0,0,0,0,0,0,0,0,0,0,0,0,0,0,0,0,0
903013,,0,903000,1,0,0,0,0,114,213,0,0,0,0,0,0,0,0,0,0,0,0,0,0,0,0,0,0,0,0,0,0,0,0
903014,,0,903000,1,0,0,0,0,116,214,0,0,0,0,0,0,0,0,0,0,0,0,0,0,0,0,0,0,0,0,0,0,0,0
903015,,0,903000,1,0,0,0,0,117,215,0,0,0,0,0,0,0,0,0,0,0,0,0,0,0,0,0,0,0,0,0,0,0,0
903016,,0,903000,1,0,0,0,0,120,202,0,0,0,0,0,0,0,0,0,0,0,0,0,0,0,0,0,0,0,0,0,0,0,0
903200,,0,903200,0,0,0,1000,1001,0,0,0,0,0,0,0,0,0,0,0,0,0,0,0,0,0,0,0,0,4780,4850,0,0,4770,0
903201,,0,903200,2,0,0,0,0,0,0,0,0,7700,0,0,0,0,0,0,0,120,0,0,0,0,0,0,0,0,0,0,0,0,0
903205,,0,903205,0,0,0,1000,1001,0,0,0,0,0,0,0,0,0,0,0,0,0,0,0,0,0,0,0,0,4780,4850,0,0,4780,0
903206,,0,903205,2,0,0,0,0,0,0,0,0,7700,0,0,0,0,0,0,0,120,0,0,0,0,0,0,0,0,0,0,0,0,0
903210,,0,903210,0,0,0,1000,1001,0,0,0,0,0,0,0,0,0,0,0,0,0,0,0,0,0,0,0,0,4780,4850,0,0,4790,0
903211,,0,903210,2,0,0,0,0,0,0,0,0,7700,0,0,0,0,0,0,0,120,0,0,0,0,0,0,0,0,0,0,0,0,0
903215,,0,903215,0,0,0,1000,1001,0,0,0,0,0,0,0,0,0,0,0,0,0,0,0,0,0,0,0,0,4780,4850,0,0,4800,0
903216,,0,903215,2,0,0,0,0,0,0,0,0,7700,0,0,0,0,0,0,0,120,0,0,0,0,0,0,0,0,0,0,0,0,0
903220,,0,903220,0,0,0,1000,1001,0,0,0,0,0,0,0,0,0,0,0,0,0,0,0,0,0,0,0,0,4780,4850,0,0,4810,0
903221,,0,903220,2,0,0,0,0,0,0,0,0,7700,0,0,0,0,0,0,0,120,0,0,0,0,0,0,0,0,0,0,0,0,0
903225,,0,903225,0,0,0,1000,1001,0,0,0,0,0,0,0,0,0,0,0,0,0,0,0,0,0,0,0,0,4780,4850,0,0,4890,0
903226,,0,903225,2,0,0,0,0,0,0,0,0,7700,0,0,0,0,0,0,0,120,0,0,0,0,0,0,0,0,0,0,0,0,0
903230,,0,903230,0,0,0,1000,1001,0,0,0,0,0,0,0,0,0,0,0,0,0,0,0,0,0,0,0,0,4780,4850,0,0,4910,0
903231,,0,903230,2,0,0,0,0,0,0,0,0,7700,0,0,0,0,0,0,0,120,0,0,0,0,0,0,0,0,0,0,0,0,0
903235,,0,903235,0,0,0,1000,1001,0,0,0,0,0,0,0,0,0,0,0,0,0,0,0,0,0,0,0,0,4780,4850,0,0,4917,0
903236,,0,903235,2,0,0,0,0,0,0,0,0,7700,0,0,0,0,0,0,0,120,0,0,0,0,0,0,0,0,0,0,0,0,0
903240,,0,903240,0,0,0,1000,1001,0,0,0,0,0,0,0,0,0,0,0,0,0,0,0,0,0,0,0,0,4780,4850,0,0,4924,0
903241,,0,903240,2,0,0,0,0,0,0,0,0,7700,0,0,0,0,0,0,0,120,0,0,0,0,0,0,0,0,0,0,0,0,0
903245,,0,903245,0,0,0,1000,1001,0,0,0,0,0,0,0,0,0,0,0,0,0,0,0,0,0,0,0,0,4780,4850,0,0,4926,0
903246,,0,903245,2,0,0,0,0,0,0,0,0,7700,0,0,0,0,0,0,0,120,0,0,0,0,0,0,0,0,0,0,0,0,0
903250,,0,903250,0,0,0,1000,1001,0,0,0,0,0,0,0,0,0,0,0,0,0,0,0,0,0,0,0,0,4780,4850,0,0,4927,0
903251,,0,903250,2,0,0,0,0,0,0,0,0,7700,0,0,0,0,0,0,0,120,0,0,0,0,0,0,0,0,0,0,0,0,0
903255,,0,903255,0,0,0,1000,1001,0,0,0,0,0,0,0,0,0,0,0,0,0,0,0,0,0,0,0,0,4780,4850,0,0,4928,0
903256,,0,903255,2,0,0,0,0,0,0,0,0,7700,0,0,0,0,0,0,0,120,0,0,0,0,0,0,0,0,0,0,0,0,0
903260,,0,903260,0,0,0,1000,1001,0,0,0,0,0,0,0,0,0,0,0,0,0,0,0,0,0,0,0,0,4780,4850,0,0,4929,0
903261,,0,903260,2,0,0,0,0,0,0,0,0,7700,0,0,0,0,0,0,0,120,0,0,0,0,0,0,0,0,0,0,0,0,0
903265,,0,903265,0,0,0,1000,1001,0,0,0,0,0,0,0,0,0,0,0,0,0,0,0,0,0,0,0,0,4780,4850,0,0,4930,0
903266,,0,903265,2,0,0,0,0,0,0,0,0,7700,0,0,0,0,0,0,0,120,0,0,0,0,0,0,0,0,0,0,0,0,0
903270,,0,903270,0,0,0,1000,1001,0,0,0,0,0,0,0,0,0,0,0,0,0,0,0,0,0,0,0,0,4780,4850,0,0,4990,0
903271,,0,903270,2,0,0,0,0,0,0,0,0,7700,0,0,0,0,0,0,0,120,0,0,0,0,0,0,0,0,0,0,0,0,0
903275,,0,903275,0,0,0,1000,1001,0,0,0,0,0,0,0,0,0,0,0,0,0,0,0,0,0,0,0,0,4780,4850,0,0,0,4820
903276,,0,903275,2,0,0,0,0,0,0,0,0,7720,0,0,0,0,0,0,0,120,0,0,0,0,0,0,0,0,0,0,0,0,0
903280,,0,903280,0,0,0,1000,1001,0,0,0,0,0,0,0,0,0,0,0,0,0,0,0,0,0,0,0,0,4780,4850,0,0,0,4830
903281,,0,903280,2,0,0,0,0,0,0,0,0,7720,0,0,0,0,0,0,0,120,0,0,0,0,0,0,0,0,0,0,0,0,0
903285,,0,903285,0,0,0,1000,1001,0,0,0,0,0,0,0,0,0,0,0,0,0,0,0,0,0,0,0,0,4780,4850,0,0,0,4840
903286,,0,903285,2,0,0,0,0,0,0,0,0,7720,0,0,0,0,0,0,0,120,0,0,0,0,0,0,0,0,0,0,0,0,0
903290,,0,903290,0,0,0,1000,1001,0,0,0,0,0,0,0,0,0,0,0,0,0,0,0,0,0,0,0,0,4780,4850,0,0,0,4850
903291,,0,903290,2,0,0,0,0,0,0,0,0,7720,0,0,0,0,0,0,0,120,0,0,0,0,0,0,0,0,0,0,0,0,0
903295,,0,903295,0,0,0,1000,1001,0,0,0,0,0,0,0,0,0,0,0,0,0,0,0,0,0,0,0,0,4780,4850,0,0,0,4860
903296,,0,903295,2,0,0,0,0,0,0,0,0,7720,0,0,0,0,0,0,0,120,0,0,0,0,0,0,0,0,0,0,0,0,0
903300,,0,903300,0,0,0,1000,1001,0,0,0,0,0,0,0,0,0,0,0,0,0,0,0,0,0,0,0,0,4780,4850,0,0,0,4870
903301,,0,903300,2,0,0,0,0,0,0,0,0,7720,0,0,0,0,0,0,0,120,0,0,0,0,0,0,0,0,0,0,0,0,0
903305,,0,903305,0,0,0,1000,1001,0,0,0,0,0,0,0,0,0,0,0,0,0,0,0,0,0,0,0,0,4780,4850,0,0,0,4880
903306,,0,903305,2,0,0,0,0,0,0,0,0,7720,0,0,0,0,0,0,0,120,0,0,0,0,0,0,0,0,0,0,0,0,0
903310,,0,903310,0,0,0,1000,1001,0,0,0,0,0,0,0,0,0,0,0,0,0,0,0,0,0,0,0,0,4780,4850,0,0,0,4918
903311,,0,903310,2,0,0,0,0,0,0,0,0,7720,0,0,0,0,0,0,0,120,0,0,0,0,0,0,0,0,0,0,0,0,0
903315,,0,903315,0,0,0,1000,1001,0,0,0,0,0,0,0,0,0,0,0,0,0,0,0,0,0,0,0,0,4780,4850,0,0,0,4919
903316,,0,903315,2,0,0,0,0,0,0,0,0,7720,0,0,0,0,0,0,0,120,0,0,0,0,0,0,0,0,0,0,0,0,0
903320,,0,903320,0,0,0,1000,1001,0,0,0,0,0,0,0,0,0,0,0,0,0,0,0,0,0,0,0,0,4780,4850,0,0,0,4920
903321,,0,903320,2,0,0,0,0,0,0,0,0,7720,0,0,0,0,0,0,0,120,0,0,0,0,0,0,0,0,0,0,0,0,0
903325,,0,903325,0,0,0,1000,1001,0,0,0,0,0,0,0,0,0,0,0,0,0,0,0,0,0,0,0,0,4780,4850,0,0,0,4921
903326,,0,903325,2,0,0,0,0,0,0,0,0,7720,0,0,0,0,0,0,0,120,0,0,0,0,0,0,0,0,0,0,0,0,0
903330,,0,903330,0,0,0,1000,1001,0,0,0,0,0,0,0,0,0,0,0,0,0,0,0,0,0,0,0,0,4780,4850,0,0,0,4923
903331,,0,903330,2,0,0,0,0,0,0,0,0,7720,0,0,0,0,0,0,0,120,0,0,0,0,0,0,0,0,0,0,0,0,0
903335,,0,903335,0,0,0,1000,1001,0,0,0,0,0,0,0,0,0,0,0,0,0,0,0,0,0,0,0,0,4780,4850,0,0,0,4925
903336,,0,903335,2,0,0,0,0,0,0,0,0,7720,0,0,0,0,0,0,0,120,0,0,0,0,0,0,0,0,0,0,0,0,0
903400,,0,903400,0,0,0,1000,1001,0,0,0,0,0,0,0,0,0,0,0,0,0,0,0,0,0,0,0,0,4780,4850,0,0,4840,0
903401,,0,903400,2,0,0,0,0,0,0,0,0,7700,0,0,0,0,0,0,0,120,0,0,0,0,0,0,0,0,0,0,0,0,0
903410,,0,903410,0,0,0,1000,1001,0,0,0,0,0,0,0,0,0,0,0,0,0,0,0,0,0,0,0,0,4780,4850,0,0,0,4840
903411,,0,903410,2,0,0,0,0,0,0,0,0,7720,0,0,0,0,0,0,0,120,0,0,0,0,0,0,0,0,0,0,0,0,0
903420,,0,903420,0,0,0,1000,1001,0,0,0,0,0,0,0,0,0,0,0,0,0,0,0,0,0,0,0,0,4780,4850,0,0,4890,0
903421,,0,903420,2,0,0,0,0,0,0,0,0,7700,0,0,0,0,0,0,0,120,0,0,0,0,0,0,0,0,0,0,0,0,0
903430,,0,903430,0,0,0,1000,1001,0,0,0,0,0,0,0,0,0,0,0,0,0,0,0,0,0,0,0,0,4780,4850,0,0,0,4890
903431,,0,903430,2,0,0,0,0,0,0,0,0,7720,0,0,0,0,0,0,0,120,0,0,0,0,0,0,0,0,0,0,0,0,0
903480,,0,903480,0,0,0,1000,1001,0,0,0,0,0,0,0,0,0,0,0,0,0,0,0,0,0,0,0,0,0,0,0,0,0,0
903481,,0,903480,2,0,0,0,0,0,0,0,0,7707,1044360220,0,0,0,0,0,0,140,0,704,0,0,0,0,0,0,0,0,0,0,0
903490,,0,903490,0,0,0,1000,1001,0,0,0,0,0,0,0,0,0,0,0,0,0,0,0,0,0,0,0,0,0,0,0,0,0,0
903491,,0,903490,2,0,0,0,0,0,0,0,0,7707,1044380230,0,0,0,0,0,0,140,0,704,0,0,0,0,0,0,0,0,0,0,0
903500,,0,903500,0,0,0,1000,1001,0,0,0,0,0,0,0,0,0,0,0,0,0,0,0,0,0,0,0,0,0,0,0,0,0,0
903501,,0,903500,1,0,0,0,0,615,4600,0,0,0,0,0,0,0,0,0,0,0,0,0,0,0,0,0,0,0,0,0,0,0,0
903502,,0,903500,1,0,0,0,0,616,4601,0,0,0,0,0,0,0,0,0,0,0,0,0,0,0,0,0,0,0,0,0,0,0,0
903503,,0,903500,1,0,0,0,0,617,4602,0,0,0,0,0,0,0,0,0,0,0,0,0,0,0,0,0,0,0,0,0,0,0,0
903504,,0,903500,1,0,0,0,0,618,4603,0,0,0,0,0,0,0,0,0,0,0,0,0,0,0,0,0,0,0,0,0,0,0,0
903505,,0,903500,1,0,0,0,0,619,4604,0,0,0,0,0,0,0,0,0,0,0,0,0,0,0,0,0,0,0,0,0,0,0,0
903506,,0,903500,1,0,0,0,0,620,4605,0,0,0,0,0,0,0,0,0,0,0,0,0,0,0,0,0,0,0,0,0,0,0,0
903507,,0,903500,1,0,0,0,0,621,4606,0,0,0,0,0,0,0,0,0,0,0,0,0,0,0,0,0,0,0,0,0,0,0,0
903508,,0,903500,1,0,0,0,0,622,4600,1,0,0,0,0,0,0,0,0,0,0,0,0,0,0,0,0,0,0,0,0,0,0,0
903509,,0,903500,1,0,0,0,0,623,4601,1,0,0,0,0,0,0,0,0,0,0,0,0,0,0,0,0,0,0,0,0,0,0,0
903510,,0,903500,1,0,0,0,0,624,4602,1,0,0,0,0,0,0,0,0,0,0,0,0,0,0,0,0,0,0,0,0,0,0,0
903511,,0,903500,1,0,0,0,0,625,4603,1,0,0,0,0,0,0,0,0,0,0,0,0,0,0,0,0,0,0,0,0,0,0,0
903512,,0,903500,1,0,0,0,0,626,4604,1,0,0,0,0,0,0,0,0,0,0,0,0,0,0,0,0,0,0,0,0,0,0,0
903513,,0,903500,1,0,0,0,0,627,4605,1,0,0,0,0,0,0,0,0,0,0,0,0,0,0,0,0,0,0,0,0,0,0,0
903514,,0,903500,1,0,0,0,0,628,4606,1,0,0,0,0,0,0,0,0,0,0,0,0,0,0,0,0,0,0,0,0,0,0,0
903515,,0,903500,1,0,0,0,0,629,4600,2,0,0,0,0,0,0,0,0,0,0,0,0,0,0,0,0,0,0,0,0,0,0,0
903516,,0,903500,1,0,0,0,0,630,4601,2,0,0,0,0,0,0,0,0,0,0,0,0,0,0,0,0,0,0,0,0,0,0,0
903517,,0,903500,1,0,0,0,0,631,4602,2,0,0,0,0,0,0,0,0,0,0,0,0,0,0,0,0,0,0,0,0,0,0,0
903518,,0,903500,1,0,0,0,0,632,4603,2,0,0,0,0,0,0,0,0,0,0,0,0,0,0,0,0,0,0,0,0,0,0,0
903519,,0,903500,1,0,0,0,0,633,4604,2,0,0,0,0,0,0,0,0,0,0,0,0,0,0,0,0,0,0,0,0,0,0,0
903520,,0,903500,1,0,0,0,0,634,4605,2,0,0,0,0,0,0,0,0,0,0,0,0,0,0,0,0,0,0,0,0,0,0,0
903523,,0,903500,2,0,0,0,0,0,0,0,0,7500,7704,9999,8055,0,0,0,0,0,0,0,0,0,0,0,0,0,0,0,0,0,0
903524,,0,903500,1,0,0,0,0,635,4615,0,0,0,0,0,0,0,0,0,0,0,0,0,0,0,0,0,0,0,0,0,0,0,0
903525,,0,903500,1,0,0,0,0,636,4616,0,0,0,0,0,0,0,0,0,0,0,0,0,0,0,0,0,0,0,0,0,0,0,0
903526,,0,903500,1,0,0,0,0,637,4617,0,0,0,0,0,0,0,0,0,0,0,0,0,0,0,0,0,0,0,0,0,0,0,0
903527,,0,903500,1,0,0,0,0,638,4618,0,0,0,0,0,0,0,0,0,0,0,0,0,0,0,0,0,0,0,0,0,0,0,0
903528,,0,903500,1,0,0,0,0,639,4620,0,0,0,0,0,0,0,0,0,0,0,0,0,0,0,0,0,0,0,0,0,0,0,0
903529,,0,903500,1,0,0,0,0,640,4605,0,0,0,0,0,0,0,0,0,0,0,0,0,0,0,0,0,0,0,0,0,0,0,0
903530,,0,903500,1,0,0,0,0,641,4606,2,0,0,0,0,0,0,0,0,0,0,0,0,0,0,0,0,0,0,0,0,0,0,0
903531,,0,903500,1,0,0,0,0,642,4615,0,0,0,0,0,0,0,0,0,0,0,0,0,0,0,0,0,0,0,0,0,0,0,0
903532,,0,903500,1,0,0,0,0,643,4616,0,0,0,0,0,0,0,0,0,0,0,0,0,0,0,0,0,0,0,0,0,0,0,0
903533,,0,903500,1,0,0,0,0,644,4617,0,0,0,0,0,0,0,0,0,0,0,0,0,0,0,0,0,0,0,0,0,0,0,0
903534,,0,903500,1,0,0,0,0,645,4618,0,0,0,0,0,0,0,0,0,0,0,0,0,0,0,0,0,0,0,0,0,0,0,0
903535,,0,903500,1,0,0,0,0,646,4620,0,0,0,0,0,0,0,0,0,0,0,0,0,0,0,0,0,0,0,0,0,0,0,0
903536,,0,903500,1,0,0,0,0,647,4621,0,0,0,0,0,0,0,0,0,0,0,0,0,0,0,0,0,0,0,0,0,0,0,0
903537,,0,903500,1,0,0,0,0,648,4622,0,0,0,0,0,0,0,0,0,0,0,0,0,0,0,0,0,0,0,0,0,0,0,0
903538,,0,903500,1,0,0,0,0,649,4623,0,0,0,0,0,0,0,0,0,0,0,0,0,0,0,0,0,0,0,0,0,0,0,0
903539,,0,903500,1,0,0,0,0,650,4625,0,0,0,0,0,0,0,0,0,0,0,0,0,0,0,0,0,0,0,0,0,0,0,0
903540,,0,903500,1,0,0,0,0,651,4626,0,0,0,0,0,0,0,0,0,0,0,0,0,0,0,0,0,0,0,0,0,0,0,0
903541,,0,903500,1,0,0,0,0,652,4627,0,0,0,0,0,0,0,0,0,0,0,0,0,0,0,0,0,0,0,0,0,0,0,0
903542,,0,903500,1,0,0,0,0,653,4628,0,0,0,0,0,0,0,0,0,0,0,0,0,0,0,0,0,0,0,0,0,0,0,0
903543,,0,903500,1,0,0,0,0,654,4630,0,0,0,0,0,0,0,0,0,0,0,0,0,0,0,0,0,0,0,0,0,0,0,0
903544,,0,903500,1,0,0,0,0,655,4631,0,0,0,0,0,0,0,0,0,0,0,0,0,0,0,0,0,0,0,0,0,0,0,0
903545,,0,903500,1,0,0,0,0,656,4632,0,0,0,0,0,0,0,0,0,0,0,0,0,0,0,0,0,0,0,0,0,0,0,0
903546,,0,903500,1,0,0,0,0,657,4633,0,0,0,0,0,0,0,0,0,0,0,0,0,0,0,0,0,0,0,0,0,0,0,0
903547,,0,903500,1,0,0,0,0,658,4635,0,0,0,0,0,0,0,0,0,0,0,0,0,0,0,0,0,0,0,0,0,0,0,0
903548,,0,903500,1,0,0,0,0,659,4636,0,0,0,0,0,0,0,0,0,0,0,0,0,0,0,0,0,0,0,0,0,0,0,0
903549,,0,903500,1,0,0,0,0,660,4637,0,0,0,0,0,0,0,0,0,0,0,0,0,0,0,0,0,0,0,0,0,0,0,0
903550,,0,903500,1,0,0,0,0,661,4638,0,0,0,0,0,0,0,0,0,0,0,0,0,0,0,0,0,0,0,0,0,0,0,0
903551,,0,903500,1,0,0,0,0,662,4640,0,0,0,0,0,0,0,0,0,0,0,0,0,0,0,0,0,0,0,0,0,0,0,0
903552,,0,903550,0,0,0,1000,1001,0,0,0,0,0,0,0,0,0,0,0,0,0,0,0,0,0,0,0,0,0,0,0,0,0,0
903553,,0,903550,2,0,0,0,0,0,0,0,0,7500,7704,9999,8055,0,0,0,0,0,0,0,0,0,0,0,0,0,0,0,0,0,0
903554,,0,903550,1,0,0,0,0,660,4641,0,0,0,0,0,0,0,0,0,0,0,0,0,0,0,0,0,0,0,0,0,0,0,0
903555,,0,903550,1,0,0,0,0,661,4642,0,0,0,0,0,0,0,0,0,0,0,0,0,0,0,0,0,0,0,0,0,0,0,0
903556,,0,903550,1,0,0,0,0,662,4643,0,0,0,0,0,0,0,0,0,0,0,0,0,0,0,0,0,0,0,0,0,0,0,0
903560,,0,903560,0,0,0,1000,1001,0,0,0,0,0,0,0,0,0,0,0,0,0,0,0,0,0,0,0,0,0,0,0,0,0,0
903561,,0,903560,1,0,0,0,0,627,4600,0,0,0,0,0,0,0,0,0,0,0,0,0,0,0,0,0,0,0,0,0,0,0,0
903562,,0,903560,1,0,0,0,0,630,4600,1,0,0,0,0,0,0,0,0,0,0,0,0,0,0,0,0,0,0,0,0,0,0,0
903563,,0,903560,2,0,0,0,0,0,0,0,0,7704,0,0,0,0,0,0,0,700,0,0,0,0,0,0,0,0,0,0,0,0,0
903570,,0,903570,0,0,0,1000,1001,0,0,0,0,0,0,0,0,0,0,0,0,0,0,0,0,0,0,0,0,0,0,0,0,0,0
903571,,0,903570,1,0,0,0,0,300,4555,1,0,0,0,0,0,0,0,0,0,0,0,0,0,0,0,0,0,0,0,0,0,0,0
903572,,0,903570,1,0,0,0,0,313,4555,0,0,0,0,0,0,0,0,0,0,0,0,0,0,0,0,0,0,0,0,0,0,0,0
903573,,0,903570,2,0,0,0,0,0,0,0,0,7500,7705,8079,0,0,0,0,0,0,0,0,0,0,0,0,0,0,0,0,0,0,0
903575,,0,903575,0,0,0,1000,1001,0,0,0,0,0,0,0,0,0,0,0,0,0,0,0,0,0,0,0,0,0,0,0,0,0,0
903576,,0,903575,1,0,0,0,0,581,4555,1,0,0,0,0,0,0,0,0,0,0,0,0,0,0,0,0,0,0,0,0,0,0,0
903577,,0,903575,1,0,0,0,0,589,4555,0,0,0,0,0,0,0,0,0,0,0,0,0,0,0,0,0,0,0,0,0,0,0,0
903578,,0,903575,2,0,0,0,0,0,0,0,0,7500,7705,8079,0,0,0,0,0,0,0,0,0,0,0,0,0,0,0,0,0,0,0
903580,,0,903580,0,0,0,1000,1001,0,0,0,0,0,0,0,0,0,0,0,0,0,0,0,0,0,0,0,0,0,0,0,0,0,0
903581,,0,903580,1,0,0,0,0,540,4678,0,0,0,0,0,0,0,0,0,0,0,0,0,0,0,0,0,0,0,0,0,0,0,0
903582,,0,903580,1,0,0,0,0,548,4678,1,0,0,0,0,0,0,0,0,0,0,0,0,0,0,0,0,0,0,0,0,0,0,0
903583,,0,903580,2,0,0,0,0,0,0,0,0,7500,7705,8075,0,0,0,0,0,0,0,0,0,0,0,0,0,0,0,0,0,0,0
903585,,0,903585,0,0,0,1000,1001,0,0,0,0,0,0,0,0,0,0,0,0,0,0,0,0,0,0,0,0,0,0,0,0,0,0
903586,,0,903585,1,0,0,0,0,530,4553,1,0,0,0,0,0,0,0,0,0,0,0,0,0,0,0,0,0,0,0,0,0,0,0
903587,,0,903585,2,0,0,0,0,0,0,0,0,7500,7705,8078,0,0,0,0,0,0,0,0,0,0,0,0,0,0,0,0,0,0,0
903590,,0,903590,0,0,0,1000,1001,0,0,0,0,0,0,0,0,0,0,0,0,0,0,0,0,0,0,0,0,0,0,0,0,0,0
903591,,0,903590,1,0,0,0,0,565,4552,0,0,0,0,0,0,0,0,0,0,0,0,0,0,0,0,0,0,0,0,0,0,0,0
903592,,0,903590,1,0,0,0,0,573,4552,1,0,0,0,0,0,0,0,0,0,0,0,0,0,0,0,0,0,0,0,0,0,0,0
903593,,0,903590,2,0,0,0,0,0,0,0,0,7500,7705,8076,0,0,0,0,0,0,0,0,0,0,0,0,0,0,0,0,0,0,0
903595,,0,903595,0,0,0,1000,1001,0,0,0,0,0,0,0,0,0,0,0,0,0,0,0,0,0,0,0,0,0,0,0,0,0,0
903596,,0,903595,1,0,0,0,0,300,4554,0,0,0,0,0,0,0,0,0,0,0,0,0,0,0,0,0,0,0,0,0,0,0,0
903597,,0,903595,2,0,0,0,0,0,0,0,0,7500,7705,8076,0,0,0,0,0,0,0,0,0,0,0,0,0,0,0,0,0,0,0
903600,,0,903600,0,0,0,1000,1001,0,0,0,0,0,0,0,0,0,0,0,0,0,0,0,0,0,0,0,0,0,0,0,0,0,0
903601,,0,903600,1,0,0,0,0,100,201,0,1,0,0,0,0,0,0,0,0,0,0,0,0,0,0,0,0,0,0,0,0,0,0
903602,,0,903600,1,0,0,0,0,103,203,0,1,0,0,0,0,0,0,0,0,0,0,0,0,0,0,0,0,0,0,0,0,0,0
903603,,0,903600,1,0,0,0,0,104,204,0,1,0,0,0,0,0,0,0,0,0,0,0,0,0,0,0,0,0,0,0,0,0,0
903604,,0,903600,1,0,0,0,0,106,205,0,1,0,0,0,0,0,0,0,0,0,0,0,0,0,0,0,0,0,0,0,0,0,0
903605,,0,903600,1,0,0,0,0,108,207,0,1,0,0,0,0,0,0,0,0,0,0,0,0,0,0,0,0,0,0,0,0,0,0
903606,,0,903600,1,0,0,0,0,110,210,0,1,0,0,0,0,0,0,0,0,0,0,0,0,0,0,0,0,0,0,0,0,0,0
903607,,0,903600,1,0,0,0,0,114,213,0,1,0,0,0,0,0,0,0,0,0,0,0,0,0,0,0,0,0,0,0,0,0,0
903608,,0,903600,1,0,0,0,0,117,215,0,1,0,0,0,0,0,0,0,0,0,0,0,0,0,0,0,0,0,0,0,0,0,0
903609,,0,903600,1,0,0,0,0,101,200,0,1,0,0,0,0,0,0,0,0,0,0,0,0,0,0,0,0,0,0,0,0,0,0
903610,,0,903600,1,0,0,0,0,107,206,0,1,0,0,0,0,0,0,0,0,0,0,0,0,0,0,0,0,0,0,0,0,0,0
903611,,0,903600,1,0,0,0,0,109,208,0,1,0,0,0,0,0,0,0,0,0,0,0,0,0,0,0,0,0,0,0,0,0,0
903612,,0,903600,1,0,0,0,0,111,209,0,1,0,0,0,0,0,0,0,0,0,0,0,0,0,0,0,0,0,0,0,0,0,0
903613,,0,903600,1,0,0,0,0,112,211,0,1,0,0,0,0,0,0,0,0,0,0,0,0,0,0,0,0,0,0,0,0,0,0
903614,,0,903600,1,0,0,0,0,113,212,0,1,0,0,0,0,0,0,0,0,0,0,0,0,0,0,0,0,0,0,0,0,0,0
903615,,0,903600,1,0,0,0,0,116,214,0,1,0,0,0,0,0,0,0,0,0,0,0,0,0,0,0,0,0,0,0,0,0,0
903616,,0,903600,1,0,0,0,0,120,202,0,1,0,0,0,0,0,0,0,0,0,0,0,0,0,0,0,0,0,0,0,0,0,0
903617,,0,903600,2,0,0,0,0,0,0,0,0,7500,7702,9999,0,0,0,0,0,0,0,0,0,0,0,0,0,0,0,0,0,0,0
903650,,0,903700,0,0,0,1000,1001,0,0,0,0,0,0,0,0,0,0,0,0,0,0,0,0,0,0,0,0,0,0,0,0,0,0
903651,,0,903700,1,0,0,0,0,100,201,0,2,0,0,0,0,0,0,0,0,0,0,0,0,0,0,0,0,0,0,0,0,0,0
903652,,0,903700,1,0,0,0,0,103,203,0,2,0,0,0,0,0,0,0,0,0,0,0,0,0,0,0,0,0,0,0,0,0,0
903653,,0,903700,1,0,0,0,0,104,204,0,2,0,0,0,0,0,0,0,0,0,0,0,0,0,0,0,0,0,0,0,0,0,0
903654,,0,903700,1,0,0,0,0,106,205,0,2,0,0,0,0,0,0,0,0,0,0,0,0,0,0,0,0,0,0,0,0,0,0
903655,,0,903700,1,0,0,0,0,108,207,0,2,0,0,0,0,0,0,0,0,0,0,0,0,0,0,0,0,0,0,0,0,0,0
903656,,0,903700,1,0,0,0,0,110,210,0,2,0,0,0,0,0,0,0,0,0,0,0,0,0,0,0,0,0,0,0,0,0,0
903657,,0,903700,1,0,0,0,0,114,213,0,2,0,0,0,0,0,0,0,0,0,0,0,0,0,0,0,0,0,0,0,0,0,0
903658,,0,903700,1,0,0,0,0,117,215,0,2,0,0,0,0,0,0,0,0,0,0,0,0,0,0,0,0,0,0,0,0,0,0
903659,,0,903700,1,0,0,0,0,101,200,0,2,0,0,0,0,0,0,0,0,0,0,0,0,0,0,0,0,0,0,0,0,0,0
903660,,0,903700,1,0,0,0,0,107,206,0,2,0,0,0,0,0,0,0,0,0,0,0,0,0,0,0,0,0,0,0,0,0,0
903661,,0,903700,1,0,0,0,0,109,208,0,2,0,0,0,0,0,0,0,0,0,0,0,0,0,0,0,0,0,0,0,0,0,0
903662,,0,903700,1,0,0,0,0,111,209,0,2,0,0,0,0,0,0,0,0,0,0,0,0,0,0,0,0,0,0,0,0,0,0
903663,,0,903700,1,0,0,0,0,112,211,0,2,0,0,0,0,0,0,0,0,0,0,0,0,0,0,0,0,0,0,0,0,0,0
903664,,0,903700,1,0,0,0,0,113,212,0,2,0,0,0,0,0,0,0,0,0,0,0,0,0,0,0,0,0,0,0,0,0,0
903665,,0,903700,1,0,0,0,0,116,214,0,2,0,0,0,0,0,0,0,0,0,0,0,0,0,0,0,0,0,0,0,0,0,0
903666,,0,903700,1,0,0,0,0,120,202,0,2,0,0,0,0,0,0,0,0,0,0,0,0,0,0,0,0,0,0,0,0,0,0
903667,,0,903700,2,0,0,0,0,0,0,0,0,7500,7701,9999,0,0,0,0,0,0,0,0,0,0,0,0,0,0,0,0,0,0,0
904000,,0,904000,0,0,0,1000,1001,0,0,0,0,0,0,0,0,0,0,0,0,0,0,0,0,0,0,0,0,0,0,0,0,0,0
904001,,0,904000,1,0,0,0,0,601,465,0,0,0,0,0,0,0,0,0,0,0,0,0,0,0,0,0,0,0,0,0,0,0,0
904002,,0,904000,1,0,0,0,0,602,465,1,1,0,0,0,0,0,0,0,0,0,0,0,0,0,0,0,0,0,0,0,0,0,0
904003,,0,904000,1,0,0,0,0,603,465,2,2,0,0,0,0,0,0,0,0,0,0,0,0,0,0,0,0,0,0,0,0,0,0
904004,,0,904000,1,0,0,0,0,604,465,3,3,0,0,0,0,0,0,0,0,0,0,0,0,0,0,0,0,0,0,0,0,0,0
904005,,0,904000,1,0,0,0,0,605,465,4,4,0,0,0,0,0,0,0,0,0,0,0,0,0,0,0,0,0,0,0,0,0,0
904006,,0,904000,1,0,0,0,0,606,465,5,5,0,0,0,0,0,0,0,0,0,0,0,0,0,0,0,0,0,0,0,0,0,0
904007,,0,904000,1,0,0,0,0,607,465,6,6,0,0,0,0,0,0,0,0,0,0,0,0,0,0,0,0,0,0,0,0,0,0
904008,,0,904000,2,0,0,0,0,0,0,0,0,7600,0,0,0,0,0,0,0,10,0,0,0,0,0,0,0,0,0,0,0,0,0
904010,,0,904010,0,0,0,1000,1001,0,0,0,0,0,0,0,0,0,0,0,0,0,0,0,0,0,0,0,0,0,0,0,0,0,0
904011,,0,904010,1,0,0,0,0,601,466,0,0,0,0,0,0,0,0,0,0,0,0,0,0,0,0,0,0,0,0,0,0,0,0
904012,,0,904010,1,0,0,0,0,602,466,1,1,0,0,0,0,0,0,0,0,0,0,0,0,0,0,0,0,0,0,0,0,0,0
904013,,0,904010,1,0,0,0,0,603,466,2,2,0,0,0,0,0,0,0,0,0,0,0,0,0,0,0,0,0,0,0,0,0,0
904014,,0,904010,1,0,0,0,0,604,466,3,3,0,0,0,0,0,0,0,0,0,0,0,0,0,0,0,0,0,0,0,0,0,0
904015,,0,904010,1,0,0,0,0,605,466,4,4,0,0,0,0,0,0,0,0,0,0,0,0,0,0,0,0,0,0,0,0,0,0
904016,,0,904010,1,0,0,0,0,606,466,5,5,0,0,0,0,0,0,0,0,0,0,0,0,0,0,0,0,0,0,0,0,0,0
904017,,0,904010,1,0,0,0,0,607,466,6,6,0,0,0,0,0,0,0,0,0,0,0,0,0,0,0,0,0,0,0,0,0,0
904018,,1,904010,2,0,0,0,0,0,0,0,0,7600,0,0,0,0,0,0,0,10,0,0,0,0,0,0,0,0,0,0,0,0,0
904020,,0,904020,0,0,0,1000,1001,0,0,0,0,0,0,0,0,0,0,0,0,0,0,0,0,0,0,0,0,0,0,0,0,0,0
904021,,0,904020,1,0,0,0,0,601,467,0,0,0,0,0,0,0,0,0,0,0,0,0,0,0,0,0,0,0,0,0,0,0,0
904022,,0,904020,1,0,0,0,0,602,467,1,1,0,0,0,0,0,0,0,0,0,0,0,0,0,0,0,0,0,0,0,0,0,0
904023,,0,904020,1,0,0,0,0,603,467,2,2,0,0,0,0,0,0,0,0,0,0,0,0,0,0,0,0,0,0,0,0,0,0
904024,,0,904020,1,0,0,0,0,604,467,3,3,0,0,0,0,0,0,0,0,0,0,0,0,0,0,0,0,0,0,0,0,0,0
904025,,0,904020,1,0,0,0,0,605,467,4,4,0,0,0,0,0,0,0,0,0,0,0,0,0,0,0,0,0,0,0,0,0,0
904026,,0,904020,1,0,0,0,0,606,467,5,5,0,0,0,0,0,0,0,0,0,0,0,0,0,0,0,0,0,0,0,0,0,0
904027,,0,904020,1,0,0,0,0,607,467,6,6,0,0,0,0,0,0,0,0,0,0,0,0,0,0,0,0,0,0,0,0,0,0
904028,,0,904020,2,0,0,0,0,0,0,0,0,7600,0,0,0,0,0,0,0,10,0,0,0,0,0,0,0,0,0,0,0,0,0
904030,,0,904030,0,0,0,1000,1001,0,0,0,0,0,0,0,0,0,0,0,0,0,0,0,0,0,0,0,0,0,0,0,0,0,0
904031,,0,904030,1,0,0,0,0,601,468,0,0,0,0,0,0,0,0,0,0,0,0,0,0,0,0,0,0,0,0,0,0,0,0
904032,,0,904030,1,0,0,0,0,602,468,1,1,0,0,0,0,0,0,0,0,0,0,0,0,0,0,0,0,0,0,0,0,0,0
904033,,0,904030,1,0,0,0,0,603,468,2,2,0,0,0,0,0,0,0,0,0,0,0,0,0,0,0,0,0,0,0,0,0,0
904034,,0,904030,1,0,0,0,0,604,468,3,3,0,0,0,0,0,0,0,0,0,0,0,0,0,0,0,0,0,0,0,0,0,0
904035,,0,904030,1,0,0,0,0,605,468,4,4,0,0,0,0,0,0,0,0,0,0,0,0,0,0,0,0,0,0,0,0,0,0
904036,,0,904030,1,0,0,0,0,606,468,5,5,0,0,0,0,0,0,0,0,0,0,0,0,0,0,0,0,0,0,0,0,0,0
904037,,0,904030,1,0,0,0,0,607,468,6,6,0,0,0,0,0,0,0,0,0,0,0,0,0,0,0,0,0,0,0,0,0,0
904038,,0,904030,2,0,0,0,0,0,0,0,0,7600,0,0,0,0,0,0,0,10,0,0,0,0,0,0,0,0,0,0,0,0,0
904040,,0,904040,0,0,0,1000,1001,0,0,0,0,0,0,0,0,0,0,0,0,0,0,0,0,0,0,0,0,0,0,0,0,0,0
904041,,0,904040,1,0,0,0,0,601,468,0,1,0,0,0,0,0,0,0,0,0,0,0,0,0,0,0,0,0,0,0,0,0,0
904042,,0,904040,1,0,0,0,0,602,468,1,1,0,0,0,0,0,0,0,0,0,0,0,0,0,0,0,0,0,0,0,0,0,0
904043,,0,904040,1,0,0,0,0,603,468,2,1,0,0,0,0,0,0,0,0,0,0,0,0,0,0,0,0,0,0,0,0,0,0
904044,,0,904040,1,0,0,0,0,604,468,3,1,0,0,0,0,0,0,0,0,0,0,0,0,0,0,0,0,0,0,0,0,0,0
904045,,0,904040,1,0,0,0,0,605,468,4,1,0,0,0,0,0,0,0,0,0,0,0,0,0,0,0,0,0,0,0,0,0,0
904046,,0,904040,1,0,0,0,0,606,468,5,1,0,0,0,0,0,0,0,0,0,0,0,0,0,0,0,0,0,0,0,0,0,0
904047,,0,904040,1,0,0,0,0,607,468,6,1,0,0,0,0,0,0,0,0,0,0,0,0,0,0,0,0,0,0,0,0,0,0
904048,,0,904040,2,0,0,0,0,0,0,0,0,7600,0,0,0,0,0,0,0,10,0,0,0,0,0,0,0,0,0,0,0,0,0
904900,,0,904900,0,0,0,1001,1000,0,0,0,0,0,0,0,0,0,0,0,0,0,0,0,0,0,0,0,0,0,0,0,0,0,0
904901,,0,904900,2,0,0,0,0,0,0,0,0,7520,7506,7508,7675,0,0,0,0,0,0,0,0,0,0,0,0,0,0,0,0,0,0
904905,,0,904905,0,0,0,1000,1001,0,0,0,0,0,0,0,0,0,0,0,0,0,0,0,0,0,0,0,0,0,0,0,0,0,0
904906,,0,904905,2,0,0,0,0,0,0,0,0,7520,7506,7508,7676,0,0,0,0,0,0,0,0,0,0,0,0,0,0,0,0,0,0
904910,,0,904910,0,0,0,1000,1002,0,0,0,0,0,0,0,0,0,0,0,0,0,0,0,0,0,0,0,0,0,0,0,0,0,0
904911,,0,904910,2,0,0,0,0,0,0,0,0,7520,7506,7508,7677,0,0,0,0,0,0,0,0,0,0,0,0,0,0,0,0,0,0
904915,,0,904915,0,0,0,1000,1003,0,0,0,0,0,0,0,0,0,0,0,0,0,0,0,0,0,0,0,0,0,0,0,0,0,0
904916,,0,904915,2,0,0,0,0,0,0,0,0,7520,7506,7508,7678,0,0,0,0,0,0,0,0,0,0,0,0,0,0,0,0,0,0
904920,,0,904920,0,0,0,1000,1004,0,0,0,0,0,0,0,0,0,0,0,0,0,0,0,0,0,0,0,0,0,0,0,0,0,0
904921,,0,904920,2,0,0,0,0,0,0,0,0,7520,7506,7508,7679,0,0,0,0,0,0,0,0,0,0,0,0,0,0,0,0,0,0
904925,,0,904925,0,0,0,1000,1005,0,0,0,0,0,0,0,0,0,0,0,0,0,0,0,0,0,0,0,0,0,0,0,0,0,0
904926,,0,904925,2,0,0,0,0,0,0,0,0,7520,7506,7508,7680,0,0,0,0,0,0,0,0,0,0,0,0,0,0,0,0,0,0
904930,,0,904930,0,0,0,1000,1006,0,0,0,0,0,0,0,0,0,0,0,0,0,0,0,0,0,0,0,0,0,0,0,0,0,0
904931,,0,904930,2,0,0,0,0,0,0,0,0,7520,7506,7508,7681,0,0,0,0,0,0,0,0,0,0,0,0,0,0,0,0,0,0
904935,,0,904935,0,0,0,1000,1007,0,0,0,0,0,0,0,0,0,0,0,0,0,0,0,0,0,0,0,0,0,0,0,0,0,0
904936,,0,904935,2,0,0,0,0,0,0,0,0,7520,7506,7508,7682,0,0,0,0,0,0,0,0,0,0,0,0,0,0,0,0,0,0
904940,,0,904940,0,0,0,1000,1008,0,0,0,0,0,0,0,0,0,0,0,0,0,0,0,0,0,0,0,0,0,0,0,0,0,0
904941,,0,904940,2,0,0,0,0,0,0,0,0,7520,7506,7508,7683,0,0,0,0,0,0,0,0,0,0,0,0,0,0,0,0,0,0
904945,,0,904945,0,0,0,1000,1009,0,0,0,0,0,0,0,0,0,0,0,0,0,0,0,0,0,0,0,0,0,0,0,0,0,0
904946,,0,904945,2,0,0,0,0,0,0,0,0,7520,7506,7508,7684,0,0,0,0,0,0,0,0,0,0,0,0,0,0,0,0,0,0
904950,,0,904950,0,0,0,1000,1010,0,0,0,0,0,0,0,0,0,0,0,0,0,0,0,0,0,0,0,0,0,0,0,0,0,0
904951,,0,904950,2,0,0,0,0,0,0,0,0,7520,7506,7508,7685,0,0,0,0,0,0,0,0,0,0,0,0,0,0,0,0,0,0
904955,,0,904955,0,0,0,1000,1011,0,0,0,0,0,0,0,0,0,0,0,0,0,0,0,0,0,0,0,0,0,0,0,0,0,0
904956,,0,904955,2,0,0,0,0,0,0,0,0,7520,7506,7508,7686,0,0,0,0,0,0,0,0,0,0,0,0,0,0,0,0,0,0
904960,,0,904960,0,0,0,1000,1021,0,0,0,0,0,0,0,0,0,0,0,0,0,0,0,0,0,0,0,0,0,0,0,0,0,0
904961,,0,904960,2,0,0,0,0,0,0,0,0,7520,7506,7508,7693,7603,0,0,0,13,0,0,0,0,0,0,0,0,0,0,0,0,0
904965,,0,904965,0,0,0,1000,1022,0,0,0,0,0,0,0,0,0,0,0,0,0,0,0,0,0,0,0,0,0,0,0,0,0,0
904966,,0,904965,2,0,0,0,0,0,0,0,0,7520,7506,7508,7694,7603,0,0,0,13,0,0,0,0,0,0,0,0,0,0,0,0,0
904970,,0,904970,0,0,0,1000,1023,0,0,0,0,0,0,0,0,0,0,0,0,0,0,0,0,0,0,0,0,0,0,0,0,0,0
904971,,0,904970,2,0,0,0,0,0,0,0,0,7520,7506,7508,7695,7601,0,0,0,11,0,0,0,0,0,0,0,0,0,0,0,0,0
904975,,0,904975,0,0,0,1000,1024,0,0,0,0,0,0,0,0,0,0,0,0,0,0,0,0,0,0,0,0,0,0,0,0,0,0
904976,,0,904975,2,0,0,0,0,0,0,0,0,7520,7506,7508,7687,7602,0,0,0,12,0,0,0,0,0,0,0,0,0,0,0,0,0
904980,,0,904980,0,0,0,1000,1025,0,0,0,0,0,0,0,0,0,0,0,0,0,0,0,0,0,0,0,0,0,0,0,0,0,0
904981,,0,904980,2,0,0,0,0,0,0,0,0,7520,7506,7508,7697,7605,0,0,0,15,0,0,0,0,0,0,0,0,0,0,0,0,0
904985,,0,904985,0,0,0,1000,1026,0,0,0,0,0,0,0,0,0,0,0,0,0,0,0,0,0,0,0,0,0,0,0,0,0,0
904986,,0,904985,2,0,0,0,0,0,0,0,0,7520,7506,7508,7696,7605,0,0,0,15,0,0,0,0,0,0,0,0,0,0,0,0,0
905000,,0,905000,0,0,0,1000,1001,0,0,0,0,0,0,0,0,0,0,0,0,0,0,0,0,0,0,0,0,0,0,0,0,0,0
905001,,0,905000,1,0,0,0,0,700,4590,0,0,0,0,0,0,0,0,0,0,0,0,0,0,0,0,0,0,0,0,0,0,0,0
905002,,0,905000,1,0,0,0,0,701,4590,1,0,0,0,0,0,0,0,0,0,0,0,0,0,0,0,0,0,0,0,0,0,0,0
905003,,0,905000,1,0,0,0,0,702,4590,2,0,0,0,0,0,0,0,0,0,0,0,0,0,0,0,0,0,0,0,0,0,0,0
905004,,0,905000,1,0,0,0,0,703,4590,3,0,0,0,0,0,0,0,0,0,0,0,0,0,0,0,0,0,0,0,0,0,0,0
905005,,0,905000,1,0,0,0,0,704,4590,4,0,0,0,0,0,0,0,0,0,0,0,0,0,0,0,0,0,0,0,0,0,0,0
905006,,0,905000,1,0,0,0,0,705,4590,5,0,0,0,0,0,0,0,0,0,0,0,0,0,0,0,0,0,0,0,0,0,0,0
905007,,0,905000,1,0,0,0,0,706,4590,6,0,0,0,0,0,0,0,0,0,0,0,0,0,0,0,0,0,0,0,0,0,0,0
905008,,0,905000,1,0,0,0,0,707,4590,7,0,0,0,0,0,0,0,0,0,0,0,0,0,0,0,0,0,0,0,0,0,0,0
905009,,0,905000,1,0,0,0,0,708,4590,8,0,0,0,0,0,0,0,0,0,0,0,0,0,0,0,0,0,0,0,0,0,0,0
905050,,0,905050,0,0,0,1000,1001,0,0,0,0,0,0,0,0,0,0,0,0,0,0,0,0,0,0,0,0,0,0,0,0,0,0
905051,,0,905050,1,0,0,0,0,700,4591,0,0,0,0,0,0,0,0,0,0,0,0,0,0,0,0,0,0,0,0,0,0,0,0
905052,,0,905050,1,0,0,0,0,701,4591,1,0,0,0,0,0,0,0,0,0,0,0,0,0,0,0,0,0,0,0,0,0,0,0
905053,,0,905050,1,0,0,0,0,702,4591,2,0,0,0,0,0,0,0,0,0,0,0,0,0,0,0,0,0,0,0,0,0,0,0
905054,,0,905050,1,0,0,0,0,703,4591,3,0,0,0,0,0,0,0,0,0,0,0,0,0,0,0,0,0,0,0,0,0,0,0
905055,,0,905050,1,0,0,0,0,704,4591,4,0,0,0,0,0,0,0,0,0,0,0,0,0,0,0,0,0,0,0,0,0,0,0
905056,,0,905050,1,0,0,0,0,705,4591,5,0,0,0,0,0,0,0,0,0,0,0,0,0,0,0,0,0,0,0,0,0,0,0
905057,,0,905050,1,0,0,0,0,706,4591,6,0,0,0,0,0,0,0,0,0,0,0,0,0,0,0,0,0,0,0,0,0,0,0
905058,,0,905050,1,0,0,0,0,707,4591,7,0,0,0,0,0,0,0,0,0,0,0,0,0,0,0,0,0,0,0,0,0,0,0
905059,,0,905050,1,0,0,0,0,708,4591,8,0,0,0,0,0,0,0,0,0,0,0,0,0,0,0,0,0,0,0,0,0,0,0
905060,,0,905060,0,0,0,1000,1001,0,0,0,0,0,0,0,0,0,0,0,0,0,0,0,0,0,0,0,0,0,0,0,0,0,0
905061,,0,905060,1,0,0,0,0,710,4940,0,0,0,0,0,0,0,0,0,0,0,0,0,0,0,0,0,0,0,0,0,0,0,0
905062,,0,905060,1,0,0,0,0,711,4940,1,0,0,0,0,0,0,0,0,0,0,0,0,0,0,0,0,0,0,0,0,0,0,0
905063,,0,905060,1,0,0,0,0,712,4940,2,0,0,0,0,0,0,0,0,0,0,0,0,0,0,0,0,0,0,0,0,0,0,0
905064,,0,905060,1,0,0,0,0,713,4940,3,0,0,0,0,0,0,0,0,0,0,0,0,0,0,0,0,0,0,0,0,0,0,0
905065,,0,905060,1,0,0,0,0,714,4940,4,0,0,0,0,0,0,0,0,0,0,0,0,0,0,0,0,0,0,0,0,0,0,0
905066,,0,905060,1,0,0,0,0,715,4940,5,0,0,0,0,0,0,0,0,0,0,0,0,0,0,0,0,0,0,0,0,0,0,0
905067,,0,905060,1,0,0,0,0,716,4940,6,0,0,0,0,0,0,0,0,0,0,0,0,0,0,0,0,0,0,0,0,0,0,0
905068,,0,905060,1,0,0,0,0,717,4940,7,0,0,0,0,0,0,0,0,0,0,0,0,0,0,0,0,0,0,0,0,0,0,0
905069,,0,905060,1,0,0,0,0,718,4940,8,0,0,0,0,0,0,0,0,0,0,0,0,0,0,0,0,0,0,0,0,0,0,0
905100,,0,905100,0,0,0,1000,1001,0,0,0,0,0,0,0,0,0,0,0,0,0,0,0,0,0,0,0,0,0,0,0,0,0,0
905101,,0,905100,1,0,0,0,0,750,4551,0,0,0,0,0,0,0,0,0,0,0,0,0,0,0,0,0,0,0,0,0,0,0,0
905102,,0,905100,1,0,0,0,0,751,4651,0,0,0,0,0,0,0,0,0,0,0,0,0,0,0,0,0,0,0,0,0,0,0,0
905103,,0,905100,1,0,0,0,0,752,4652,0,0,0,0,0,0,0,0,0,0,0,0,0,0,0,0,0,0,0,0,0,0,0,0
905104,,0,905100,1,0,0,0,0,753,4653,0,0,0,0,0,0,0,0,0,0,0,0,0,0,0,0,0,0,0,0,0,0,0,0
905105,,0,905100,1,0,0,0,0,754,4654,0,0,0,0,0,0,0,0,0,0,0,0,0,0,0,0,0,0,0,0,0,0,0,0
905106,,0,905100,1,0,0,0,0,755,4655,0,0,0,0,0,0,0,0,0,0,0,0,0,0,0,0,0,0,0,0,0,0,0,0
905107,,0,905100,1,0,0,0,0,756,4656,0,0,0,0,0,0,0,0,0,0,0,0,0,0,0,0,0,0,0,0,0,0,0,0
905108,,0,905100,1,0,0,0,0,757,4657,0,0,0,0,0,0,0,0,0,0,0,0,0,0,0,0,0,0,0,0,0,0,0,0
905109,,0,905100,1,0,0,0,0,758,4658,0,0,0,0,0,0,0,0,0,0,0,0,0,0,0,0,0,0,0,0,0,0,0,0
905110,,0,905100,1,0,0,0,0,759,4659,0,0,0,0,0,0,0,0,0,0,0,0,0,0,0,0,0,0,0,0,0,0,0,0
905111,,0,905100,1,0,0,0,0,760,4676,0,0,0,0,0,0,0,0,0,0,0,0,0,0,0,0,0,0,0,0,0,0,0,0
905112,,0,905100,1,0,0,0,0,761,4661,0,0,0,0,0,0,0,0,0,0,0,0,0,0,0,0,0,0,0,0,0,0,0,0
905113,,0,905100,1,0,0,0,0,762,4662,0,0,0,0,0,0,0,0,0,0,0,0,0,0,0,0,0,0,0,0,0,0,0,0
905114,,0,905100,1,0,0,0,0,763,4663,0,0,0,0,0,0,0,0,0,0,0,0,0,0,0,0,0,0,0,0,0,0,0,0
905120,,0,905120,0,0,0,1000,1001,0,0,0,0,0,0,0,0,0,0,0,0,0,0,0,0,0,0,0,0,0,0,0,0,0,0
905121,,0,905120,1,0,0,0,0,750,4664,0,0,0,0,0,0,0,0,0,0,0,0,0,0,0,0,0,0,0,0,0,0,0,0
905122,,0,905120,1,0,0,0,0,751,4665,0,0,0,0,0,0,0,0,0,0,0,0,0,0,0,0,0,0,0,0,0,0,0,0
905123,,0,905120,1,0,0,0,0,752,4666,0,0,0,0,0,0,0,0,0,0,0,0,0,0,0,0,0,0,0,0,0,0,0,0
905124,,0,905120,1,0,0,0,0,753,4667,0,0,0,0,0,0,0,0,0,0,0,0,0,0,0,0,0,0,0,0,0,0,0,0
905125,,0,905120,1,0,0,0,0,754,4668,0,0,0,0,0,0,0,0,0,0,0,0,0,0,0,0,0,0,0,0,0,0,0,0
905126,,0,905120,1,0,0,0,0,755,4669,0,0,0,0,0,0,0,0,0,0,0,0,0,0,0,0,0,0,0,0,0,0,0,0
905127,,0,905120,1,0,0,0,0,756,4677,0,0,0,0,0,0,0,0,0,0,0,0,0,0,0,0,0,0,0,0,0,0,0,0
905128,,0,905120,1,0,0,0,0,757,4671,0,0,0,0,0,0,0,0,0,0,0,0,0,0,0,0,0,0,0,0,0,0,0,0
905129,,0,905120,1,0,0,0,0,758,4672,0,0,0,0,0,0,0,0,0,0,0,0,0,0,0,0,0,0,0,0,0,0,0,0
905130,,0,905120,1,0,0,0,0,759,4673,0,0,0,0,0,0,0,0,0,0,0,0,0,0,0,0,0,0,0,0,0,0,0,0
905131,,0,905120,1,0,0,0,0,760,4674,0,0,0,0,0,0,0,0,0,0,0,0,0,0,0,0,0,0,0,0,0,0,0,0
905132,,0,905120,1,0,0,0,0,761,4675,0,0,0,0,0,0,0,0,0,0,0,0,0,0,0,0,0,0,0,0,0,0,0,0
905133,,0,905120,1,0,0,0,0,762,4662,0,0,0,0,0,0,0,0,0,0,0,0,0,0,0,0,0,0,0,0,0,0,0,0
905134,,0,905120,1,0,0,0,0,763,4663,0,0,0,0,0,0,0,0,0,0,0,0,0,0,0,0,0,0,0,0,0,0,0,0
905200,,0,905200,0,0,0,1000,1001,0,0,0,0,0,0,0,0,0,0,0,0,0,0,0,0,0,0,0,0,0,0,0,0,0,0
905201,,0,905200,1,0,0,0,0,100,2998,0,0,0,0,0,0,0,0,0,0,0,0,0,0,0,0,0,0,0,0,0,0,0,0
905202,,0,905200,1,0,0,0,0,103,2998,1,0,0,0,0,0,0,0,0,0,0,0,0,0,0,0,0,0,0,0,0,0,0,0
905203,,0,905200,1,0,0,0,0,104,2998,2,0,0,0,0,0,0,0,0,0,0,0,0,0,0,0,0,0,0,0,0,0,0,0
905204,,0,905200,1,0,0,0,0,106,2998,3,0,0,0,0,0,0,0,0,0,0,0,0,0,0,0,0,0,0,0,0,0,0,0
905205,,0,905200,1,0,0,0,0,108,2998,4,0,0,0,0,0,0,0,0,0,0,0,0,0,0,0,0,0,0,0,0,0,0,0
905206,,0,905200,1,0,0,0,0,110,2998,5,0,0,0,0,0,0,0,0,0,0,0,0,0,0,0,0,0,0,0,0,0,0,0
905207,,0,905200,1,0,0,0,0,114,2998,6,0,0,0,0,0,0,0,0,0,0,0,0,0,0,0,0,0,0,0,0,0,0,0
905208,,0,905200,1,0,0,0,0,117,2998,7,0,0,0,0,0,0,0,0,0,0,0,0,0,0,0,0,0,0,0,0,0,0,0
905209,,0,905200,1,0,0,0,0,101,2998,8,0,0,0,0,0,0,0,0,0,0,0,0,0,0,0,0,0,0,0,0,0,0,0
905210,,0,905200,1,0,0,0,0,107,2998,9,0,0,0,0,0,0,0,0,0,0,0,0,0,0,0,0,0,0,0,0,0,0,0
905211,,0,905200,1,0,0,0,0,109,2999,0,0,0,0,0,0,0,0,0,0,0,0,0,0,0,0,0,0,0,0,0,0,0,0
905212,,0,905200,1,0,0,0,0,111,2999,1,0,0,0,0,0,0,0,0,0,0,0,0,0,0,0,0,0,0,0,0,0,0,0
905213,,0,905200,1,0,0,0,0,112,2999,2,0,0,0,0,0,0,0,0,0,0,0,0,0,0,0,0,0,0,0,0,0,0,0
905214,,0,905200,1,0,0,0,0,113,2999,3,0,0,0,0,0,0,0,0,0,0,0,0,0,0,0,0,0,0,0,0,0,0,0
905215,,0,905200,1,0,0,0,0,116,2999,4,0,0,0,0,0,0,0,0,0,0,0,0,0,0,0,0,0,0,0,0,0,0,0
905216,,0,905200,1,0,0,0,0,120,2999,5,0,0,0,0,0,0,0,0,0,0,0,0,0,0,0,0,0,0,0,0,0,0,0
905220,,0,905220,0,0,0,1000,1001,0,0,0,0,0,0,0,0,0,0,0,0,0,0,0,0,0,0,0,0,0,0,0,0,0,0
905221,,0,905220,1,0,0,0,0,100,2998,0,0,0,0,0,0,0,0,0,0,0,0,0,0,0,0,0,0,0,0,0,0,0,0
905222,,0,905220,1,0,0,0,0,104,2998,2,0,0,0,0,0,0,0,0,0,0,0,0,0,0,0,0,0,0,0,0,0,0,0
905223,,0,905220,1,0,0,0,0,108,2998,4,0,0,0,0,0,0,0,0,0,0,0,0,0,0,0,0,0,0,0,0,0,0,0
905224,,0,905220,1,0,0,0,0,110,2998,5,0,0,0,0,0,0,0,0,0,0,0,0,0,0,0,0,0,0,0,0,0,0,0
905225,,0,905220,1,0,0,0,0,114,2998,6,0,0,0,0,0,0,0,0,0,0,0,0,0,0,0,0,0,0,0,0,0,0,0
905226,,0,905220,1,0,0,0,0,117,2998,7,0,0,0,0,0,0,0,0,0,0,0,0,0,0,0,0,0,0,0,0,0,0,0
905227,,0,905220,1,0,0,0,0,101,2998,8,0,0,0,0,0,0,0,0,0,0,0,0,0,0,0,0,0,0,0,0,0,0,0
905228,,0,905220,1,0,0,0,0,107,2998,9,0,0,0,0,0,0,0,0,0,0,0,0,0,0,0,0,0,0,0,0,0,0,0
905229,,0,905220,1,0,0,0,0,109,2999,0,0,0,0,0,0,0,0,0,0,0,0,0,0,0,0,0,0,0,0,0,0,0,0
905230,,0,905220,1,0,0,0,0,111,2999,1,0,0,0,0,0,0,0,0,0,0,0,0,0,0,0,0,0,0,0,0,0,0,0
905231,,0,905220,1,0,0,0,0,112,2999,2,0,0,0,0,0,0,0,0,0,0,0,0,0,0,0,0,0,0,0,0,0,0,0
905232,,0,905220,1,0,0,0,0,113,2999,3,0,0,0,0,0,0,0,0,0,0,0,0,0,0,0,0,0,0,0,0,0,0,0
905233,,0,905220,1,0,0,0,0,116,2999,4,0,0,0,0,0,0,0,0,0,0,0,0,0,0,0,0,0,0,0,0,0,0,0
905234,,0,905220,2,0,0,0,0,0,0,0,0,7601,0,0,0,0,0,0,0,11,0,0,0,0,0,0,0,0,0,0,0,0,0
905240,,0,905240,0,0,0,1000,1001,0,0,0,0,0,0,0,0,0,0,0,0,0,0,0,0,0,0,0,0,0,0,0,0,0,0
905241,,0,905240,1,0,0,0,0,100,2998,0,0,0,0,0,0,0,0,0,0,0,0,0,0,0,0,0,0,0,0,0,0,0,0
905242,,0,905240,1,0,0,0,0,103,2998,1,0,0,0,0,0,0,0,0,0,0,0,0,0,0,0,0,0,0,0,0,0,0,0
905243,,0,905240,1,0,0,0,0,104,2998,2,0,0,0,0,0,0,0,0,0,0,0,0,0,0,0,0,0,0,0,0,0,0,0
905244,,0,905240,1,0,0,0,0,108,2998,4,0,0,0,0,0,0,0,0,0,0,0,0,0,0,0,0,0,0,0,0,0,0,0
905245,,0,905240,1,0,0,0,0,114,2998,6,0,0,0,0,0,0,0,0,0,0,0,0,0,0,0,0,0,0,0,0,0,0,0
905246,,0,905240,1,0,0,0,0,117,2998,7,0,0,0,0,0,0,0,0,0,0,0,0,0,0,0,0,0,0,0,0,0,0,0
905247,,0,905240,1,0,0,0,0,101,2998,8,0,0,0,0,0,0,0,0,0,0,0,0,0,0,0,0,0,0,0,0,0,0,0
905248,,0,905240,1,0,0,0,0,107,2998,9,0,0,0,0,0,0,0,0,0,0,0,0,0,0,0,0,0,0,0,0,0,0,0
905249,,0,905240,1,0,0,0,0,109,2999,0,0,0,0,0,0,0,0,0,0,0,0,0,0,0,0,0,0,0,0,0,0,0,0
905250,,0,905240,1,0,0,0,0,113,2999,3,0,0,0,0,0,0,0,0,0,0,0,0,0,0,0,0,0,0,0,0,0,0,0
905251,,0,905240,1,0,0,0,0,116,2999,4,0,0,0,0,0,0,0,0,0,0,0,0,0,0,0,0,0,0,0,0,0,0,0
905252,,0,905240,1,0,0,0,0,120,2999,5,0,0,0,0,0,0,0,0,0,0,0,0,0,0,0,0,0,0,0,0,0,0,0
905253,,0,905240,2,0,0,0,0,0,0,0,0,7602,0,0,0,0,0,0,0,12,0,0,0,0,0,0,0,0,0,0,0,0,0
905260,,0,905260,0,0,0,1000,1001,0,0,0,0,0,0,0,0,0,0,0,0,0,0,0,0,0,0,0,0,0,0,0,0,0,0
905261,,0,905260,1,0,0,0,0,100,2998,0,0,0,0,0,0,0,0,0,0,0,0,0,0,0,0,0,0,0,0,0,0,0,0
905262,,0,905260,1,0,0,0,0,103,2998,1,0,0,0,0,0,0,0,0,0,0,0,0,0,0,0,0,0,0,0,0,0,0,0
905263,,0,905260,1,0,0,0,0,104,2998,2,0,0,0,0,0,0,0,0,0,0,0,0,0,0,0,0,0,0,0,0,0,0,0
905264,,0,905260,1,0,0,0,0,106,2998,3,0,0,0,0,0,0,0,0,0,0,0,0,0,0,0,0,0,0,0,0,0,0,0
905265,,0,905260,1,0,0,0,0,110,2998,5,0,0,0,0,0,0,0,0,0,0,0,0,0,0,0,0,0,0,0,0,0,0,0
905266,,0,905260,1,0,0,0,0,117,2998,7,0,0,0,0,0,0,0,0,0,0,0,0,0,0,0,0,0,0,0,0,0,0,0
905267,,0,905260,1,0,0,0,0,101,2998,8,0,0,0,0,0,0,0,0,0,0,0,0,0,0,0,0,0,0,0,0,0,0,0
905268,,0,905260,1,0,0,0,0,107,2998,9,0,0,0,0,0,0,0,0,0,0,0,0,0,0,0,0,0,0,0,0,0,0,0
905269,,0,905260,1,0,0,0,0,111,2999,1,0,0,0,0,0,0,0,0,0,0,0,0,0,0,0,0,0,0,0,0,0,0,0
905270,,0,905260,1,0,0,0,0,112,2999,2,0,0,0,0,0,0,0,0,0,0,0,0,0,0,0,0,0,0,0,0,0,0,0
905271,,0,905260,1,0,0,0,0,116,2999,4,0,0,0,0,0,0,0,0,0,0,0,0,0,0,0,0,0,0,0,0,0,0,0
905272,,0,905260,1,0,0,0,0,120,2999,5,0,0,0,0,0,0,0,0,0,0,0,0,0,0,0,0,0,0,0,0,0,0,0
905273,,0,905260,2,0,0,0,0,0,0,0,0,7603,0,0,0,0,0,0,0,13,0,0,0,0,0,0,0,0,0,0,0,0,0
905280,,0,905280,0,0,0,1000,1001,0,0,0,0,0,0,0,0,0,0,0,0,0,0,0,0,0,0,0,0,0,0,0,0,0,0
905281,,0,905280,1,0,0,0,0,100,2998,0,0,0,0,0,0,0,0,0,0,0,0,0,0,0,0,0,0,0,0,0,0,0,0
905282,,0,905280,1,0,0,0,0,103,2998,1,0,0,0,0,0,0,0,0,0,0,0,0,0,0,0,0,0,0,0,0,0,0,0
905283,,0,905280,1,0,0,0,0,104,2998,2,0,0,0,0,0,0,0,0,0,0,0,0,0,0,0,0,0,0,0,0,0,0,0
905284,,0,905280,1,0,0,0,0,106,2998,3,0,0,0,0,0,0,0,0,0,0,0,0,0,0,0,0,0,0,0,0,0,0,0
905285,,0,905280,1,0,0,0,0,108,2998,4,0,0,0,0,0,0,0,0,0,0,0,0,0,0,0,0,0,0,0,0,0,0,0
905286,,0,905280,1,0,0,0,0,110,2998,5,0,0,0,0,0,0,0,0,0,0,0,0,0,0,0,0,0,0,0,0,0,0,0
905287,,0,905280,1,0,0,0,0,114,2998,6,0,0,0,0,0,0,0,0,0,0,0,0,0,0,0,0,0,0,0,0,0,0,0
905288,,0,905280,1,0,0,0,0,117,2998,7,0,0,0,0,0,0,0,0,0,0,0,0,0,0,0,0,0,0,0,0,0,0,0
905289,,0,905280,1,0,0,0,0,101,2998,8,0,0,0,0,0,0,0,0,0,0,0,0,0,0,0,0,0,0,0,0,0,0,0
905290,,0,905280,1,0,0,0,0,107,2998,9,0,0,0,0,0,0,0,0,0,0,0,0,0,0,0,0,0,0,0,0,0,0,0
905291,,0,905280,1,0,0,0,0,109,2999,0,0,0,0,0,0,0,0,0,0,0,0,0,0,0,0,0,0,0,0,0,0,0,0
905292,,0,905280,1,0,0,0,0,111,2999,1,0,0,0,0,0,0,0,0,0,0,0,0,0,0,0,0,0,0,0,0,0,0,0
905293,,0,905280,1,0,0,0,0,112,2999,2,0,0,0,0,0,0,0,0,0,0,0,0,0,0,0,0,0,0,0,0,0,0,0
905294,,0,905280,1,0,0,0,0,113,2999,3,0,0,0,0,0,0,0,0,0,0,0,0,0,0,0,0,0,0,0,0,0,0,0
905295,,0,905280,1,0,0,0,0,116,2999,4,0,0,0,0,0,0,0,0,0,0,0,0,0,0,0,0,0,0,0,0,0,0,0
905296,,0,905280,1,0,0,0,0,120,2999,5,0,0,0,0,0,0,0,0,0,0,0,0,0,0,0,0,0,0,0,0,0,0,0
905297,,0,905280,2,0,0,0,0,0,0,0,0,7605,0,0,0,0,0,0,0,15,0,0,0,0,0,0,0,0,0,0,0,0,0
905300,,0,905300,0,0,0,1000,1001,0,0,0,0,0,0,0,0,0,0,0,0,0,0,0,0,0,0,0,0,0,0,0,0,0,0
905301,,0,905300,1,0,1,0,0,100,3000,0,0,0,0,0,0,0,0,0,0,0,0,0,0,0,0,0,0,0,0,300,0,0,0
905302,,0,905300,1,0,1,0,0,101,3000,1,1,0,0,0,0,0,0,0,0,0,0,0,0,0,0,0,0,0,0,800,0,0,0
905310,,0,905310,0,0,0,1000,1001,0,0,0,0,0,0,0,0,0,0,0,0,0,0,0,0,0,0,0,0,0,0,0,0,0,0
905311,,0,905310,1,0,1,0,0,100,3010,0,0,0,0,0,0,0,0,0,0,0,0,0,0,0,0,0,0,0,0,100,0,0,0
905312,,0,905310,1,0,1,0,0,101,3010,1,1,0,0,0,0,0,0,0,0,0,0,0,0,0,0,0,0,0,0,100,0,0,0
905320,,0,905320,0,0,0,1000,1001,0,0,0,0,0,0,0,0,0,0,0,0,0,0,0,0,0,0,0,0,0,0,0,0,0,0
905321,,0,905320,1,0,1,0,0,100,3020,0,0,0,0,0,0,0,0,0,0,0,0,0,0,0,0,0,0,0,0,100,0,0,0
905322,,0,905320,1,0,1,0,0,101,3020,1,1,0,0,0,0,0,0,0,0,0,0,0,0,0,0,0,0,0,0,100,0,0,0
905330,,0,905330,0,0,0,1000,1001,0,0,0,0,0,0,0,0,0,0,0,0,0,0,0,0,0,0,0,0,0,0,0,0,0,0
905331,,0,905330,1,0,1,0,0,100,3030,0,0,0,0,0,0,0,0,0,0,0,0,0,0,0,0,0,0,0,0,700,0,0,0
905332,,0,905330,1,0,1,0,0,101,3030,1,1,0,0,0,0,0,0,0,0,0,0,0,0,0,0,0,0,0,0,500,0,0,0
905350,,0,905350,0,0,0,1000,1001,0,0,0,0,0,0,0,0,0,0,0,0,0,0,0,0,0,0,0,0,0,0,0,0,0,0
905351,,0,905350,1,0,1,0,0,100,3200,0,0,0,0,0,0,0,0,0,0,0,0,0,0,0,0,0,0,0,0,400,200,0,0
905352,,0,905350,1,0,1,0,0,101,3200,1,1,0,0,0,0,0,0,0,0,0,0,0,0,0,0,0,0,0,0,100,200,0,0
905360,,0,905360,0,0,0,1000,1001,0,0,0,0,0,0,0,0,0,0,0,0,0,0,0,0,0,0,0,0,0,0,0,0,0,0
905361,,0,905360,1,0,1,0,0,100,3210,0,0,0,0,0,0,0,0,0,0,0,0,0,0,0,0,0,0,0,0,100,200,0,0
905362,,0,905360,1,0,1,0,0,101,3210,1,1,0,0,0,0,0,0,0,0,0,0,0,0,0,0,0,0,0,0,700,200,0,0
905365,,0,905365,0,0,0,1000,1001,0,0,0,0,0,0,0,0,0,0,0,0,0,0,0,0,0,0,0,0,0,0,0,0,0,0
905366,,0,905365,1,0,1,0,0,100,3210,0,2,0,0,0,0,0,0,0,0,0,0,0,0,0,0,0,0,0,0,800,400,0,0
905370,,0,905370,0,0,0,1000,1001,0,0,0,0,0,0,0,0,0,0,0,0,0,0,0,0,0,0,0,0,0,0,0,0,0,0
905371,,0,905370,1,0,1,0,0,100,3220,0,0,0,0,0,0,0,0,0,0,0,0,0,0,0,0,0,0,0,0,300,700,0,0
905372,,0,905370,1,0,1,0,0,101,3220,1,1,0,0,0,0,0,0,0,0,0,0,0,0,0,0,0,0,0,0,500,800,0,0
905400,,0,905400,0,0,0,1000,1001,0,0,0,0,0,0,0,0,0,0,0,0,0,0,0,0,0,0,0,0,0,0,0,0,0,0
905401,,0,905400,1,0,1,0,0,100,3400,0,0,0,0,0,0,0,0,0,0,0,0,0,0,0,0,0,0,0,0,300,700,0,0
905402,,0,905400,1,0,1,0,0,101,3400,1,1,0,0,0,0,0,0,0,0,0,0,0,0,0,0,0,0,0,0,500,200,0,0
905405,,0,905405,0,0,0,1000,1001,0,0,0,0,0,0,0,0,0,0,0,0,0,0,0,0,0,0,0,0,0,0,0,0,0,0
905406,,0,905405,1,0,1,0,0,100,3400,0,2,0,0,0,0,0,0,0,0,0,0,0,0,0,0,0,0,0,0,100,200,0,0
905407,,0,905405,1,0,1,0,0,101,3400,1,3,0,0,0,0,0,0,0,0,0,0,0,0,0,0,0,0,0,0,200,300,0,0
905410,,0,905410,0,0,0,1000,1001,0,0,0,0,0,0,0,0,0,0,0,0,0,0,0,0,0,0,0,0,0,0,0,0,0,0
905411,,0,905410,1,0,1,0,0,100,3410,0,0,0,0,0,0,0,0,0,0,0,0,0,0,0,0,0,0,0,0,300,400,0,0
905412,,0,905410,1,0,1,0,0,101,3410,1,1,0,0,0,0,0,0,0,0,0,0,0,0,0,0,0,0,0,0,400,500,0,0
905415,,0,905415,0,0,0,1000,1001,0,0,0,0,0,0,0,0,0,0,0,0,0,0,0,0,0,0,0,0,0,0,0,0,0,0
905416,,0,905415,1,0,1,0,0,100,3410,0,2,0,0,0,0,0,0,0,0,0,0,0,0,0,0,0,0,0,0,500,700,0,0
905417,,0,905415,1,0,1,0,0,101,3410,1,3,0,0,0,0,0,0,0,0,0,0,0,0,0,0,0,0,0,0,700,800,0,0
905418,,0,905418,0,0,0,1000,1001,0,0,0,0,0,0,0,0,0,0,0,0,0,0,0,0,0,0,0,0,0,0,0,0,0,0
905419,,0,905418,1,0,1,0,0,100,3410,0,4,0,0,0,0,0,0,0,0,0,0,0,0,0,0,0,0,0,0,800,100,0,0
905420,,0,905420,0,0,0,1000,1001,0,0,0,0,0,0,0,0,0,0,0,0,0,0,0,0,0,0,0,0,0,0,0,0,0,0
905421,,0,905420,1,0,1,0,0,100,3420,0,0,0,0,0,0,0,0,0,0,0,0,0,0,0,0,0,0,0,0,200,400,0,0
905422,,0,905420,1,0,1,0,0,101,3420,1,1,0,0,0,0,0,0,0,0,0,0,0,0,0,0,0,0,0,0,400,700,0,0
905430,,0,905430,0,0,0,1000,1001,0,0,0,0,0,0,0,0,0,0,0,0,0,0,0,0,0,0,0,0,0,0,0,0,0,0
905431,,0,905430,1,0,1,0,0,100,3430,0,0,0,0,0,0,0,0,0,0,0,0,0,0,0,0,0,0,0,0,800,200,0,0
905500,,0,905500,0,0,0,1000,1001,0,0,0,0,0,0,0,0,0,0,0,0,0,0,0,0,0,0,0,0,0,0,0,0,0,0
905501,,0,905500,1,0,1,0,0,100,3800,0,0,0,0,0,0,0,0,0,0,0,0,0,0,0,0,0,0,0,0,500,0,0,0
905502,,0,905500,1,0,1,0,0,101,3800,1,1,0,0,0,0,0,0,0,0,0,0,0,0,0,0,0,0,0,0,200,0,0,0
905510,,0,905510,0,0,0,1000,1001,0,0,0,0,0,0,0,0,0,0,0,0,0,0,0,0,0,0,0,0,0,0,0,0,0,0
905511,,0,905510,1,0,1,0,0,100,3810,0,0,0,0,0,0,0,0,0,0,0,0,0,0,0,0,0,0,0,0,700,0,0,0
905512,,0,905510,1,0,1,0,0,101,3810,1,1,0,0,0,0,0,0,0,0,0,0,0,0,0,0,0,0,0,0,300,0,0,0
905580,,0,905580,0,0,0,1000,1001,0,0,0,0,0,0,0,0,0,0,0,0,0,0,0,0,0,0,0,0,0,0,0,0,0,0
905581,,0,905580,1,0,1,0,0,100,3000,0,0,0,0,0,0,0,0,0,0,0,0,0,0,0,0,0,0,0,0,100,0,0,0
905582,,0,905580,1,0,1,0,0,101,3000,1,0,0,0,0,0,0,0,0,0,0,0,0,0,0,0,0,0,0,0,200,0,0,0
905585,,0,905585,0,0,0,1000,1001,0,0,0,0,0,0,0,0,0,0,0,0,0,0,0,0,0,0,0,0,0,0,0,0,0,0
905586,,0,905585,1,0,1,0,0,100,3000,0,0,0,0,0,0,0,0,0,0,0,0,0,0,0,0,0,0,0,0,300,0,0,0
905587,,0,905585,1,0,1,0,0,101,3000,1,0,0,0,0,0,0,0,0,0,0,0,0,0,0,0,0,0,0,0,400,0,0,0
905590,,0,905590,0,0,0,1000,1001,0,0,0,0,0,0,0,0,0,0,0,0,0,0,0,0,0,0,0,0,0,0,0,0,0,0
905591,,0,905590,1,0,1,0,0,100,3000,0,0,0,0,0,0,0,0,0,0,0,0,0,0,0,0,0,0,0,0,500,0,0,0
905592,,0,905590,1,0,1,0,0,101,3000,1,0,0,0,0,0,0,0,0,0,0,0,0,0,0,0,0,0,0,0,600,0,0,0
905595,,0,905595,0,0,0,1000,1001,0,0,0,0,0,0,0,0,0,0,0,0,0,0,0,0,0,0,0,0,0,0,0,0,0,0
905596,,0,905595,1,0,1,0,0,100,3000,0,0,0,0,0,0,0,0,0,0,0,0,0,0,0,0,0,0,0,0,700,0,0,0
905597,,0,905595,1,0,1,0,0,101,3000,1,0,0,0,0,0,0,0,0,0,0,0,0,0,0,0,0,0,0,0,800,0,0,0
905600,,0,905600,0,0,0,1002,1009,0,0,0,0,0,0,0,0,0,0,0,0,0,0,0,0,0,0,0,0,4840,4860,0,0,0,0
905601,,0,905600,1,0,0,0,0,190,4941,0,0,0,0,0,0,0,0,0,0,0,0,0,0,0,0,0,0,0,0,0,0,0,0
905610,,0,905610,0,0,0,1002,1009,0,0,0,0,0,0,0,0,0,0,0,0,0,0,0,0,0,0,0,0,4840,4860,0,0,0,0
905611,,0,905610,1,0,0,0,0,190,4942,0,0,0,0,0,0,0,0,0,0,0,0,0,0,0,0,0,0,0,0,0,0,0,0
905620,,0,905620,0,0,0,1002,1009,0,0,0,0,0,0,0,0,0,0,0,0,0,0,0,0,0,0,0,0,4840,4860,0,0,0,0
905621,,0,905620,1,0,0,0,0,190,4943,0,0,0,0,0,0,0,0,0,0,0,0,0,0,0,0,0,0,0,0,0,0,0,0
908000,,0,908000,0,0,0,1002,1009,0,0,0,0,0,0,0,0,0,0,0,0,0,0,0,0,0,0,0,0,4840,4860,0,0,0,0
908001,,0,908000,2,0,0,0,0,0,0,0,0,0,0,0,0,0,0,0,0,9001,0,0,0,0,0,0,0,0,0,0,0,0,0
908002,,0,908000,1,0,0,0,0,100,3200,0,1,0,0,0,0,0,0,0,0,0,0,0,0,0,0,0,0,0,0,0,0,0,0
908003,,0,908000,1,0,0,0,0,101,3000,0,2,0,0,0,0,0,0,0,0,0,0,0,0,0,0,0,0,0,0,0,0,0,0
908004,,0,908000,1,0,0,0,0,109,3000,1,1,0,0,0,0,0,0,0,0,0,0,0,0,0,0,0,0,0,0,0,0,0,0
908005,,0,908000,1,0,0,0,0,120,3200,0,1,0,0,0,0,0,0,0,0,0,0,0,0,0,0,0,0,0,0,0,0,0,0
908006,,0,908000,1,0,0,0,0,114,3210,0,1,0,0,0,0,0,0,0,0,0,0,0,0,0,0,0,0,0,0,0,0,0,0
908007,,0,908000,1,0,0,0,0,110,3220,0,0,0,0,0,0,0,0,0,0,0,0,0,0,0,0,0,0,0,0,0,0,0,0
908008,,0,908000,1,0,0,0,0,107,3400,0,1,0,0,0,0,0,0,0,0,0,0,0,0,0,0,0,0,0,0,0,0,0,0
908009,,0,908000,1,0,0,0,0,103,3400,1,0,0,0,0,0,0,0,0,0,0,0,0,0,0,0,0,0,0,0,0,0,0,0
908010,,0,908000,1,0,0,0,0,116,3410,0,1,0,0,0,0,0,0,0,0,0,0,0,0,0,0,0,0,0,0,0,0,0,0
908011,,0,908000,1,0,0,0,0,117,3420,0,0,0,0,0,0,0,0,0,0,0,0,0,0,0,0,0,0,0,0,0,0,0,0
908012,,0,908000,1,0,0,0,0,313,4100,0,0,0,0,0,0,0,0,0,0,0,0,0,0,0,0,0,0,0,0,0,0,0,0
908013,,0,908000,1,0,0,0,0,306,4100,1,0,0,0,0,0,0,0,0,0,0,0,0,0,0,0,0,0,0,0,0,0,0,0
908014,,0,908000,1,0,0,0,0,305,4300,0,0,0,0,0,0,0,0,0,0,0,0,0,0,0,0,0,0,0,0,0,0,0,0
908015,,0,908000,1,0,0,0,0,310,4340,0,0,0,0,0,0,0,0,0,0,0,0,0,0,0,0,0,0,0,0,0,0,0,0
908016,,0,908000,1,0,0,0,0,307,4340,1,1,0,0,0,0,0,0,0,0,0,0,0,0,0,0,0,0,0,0,0,0,0,0
908017,,0,908000,1,0,0,0,0,302,4500,0,0,0,0,0,0,0,0,0,0,0,0,0,0,0,0,0,0,0,0,0,0,0,0
908018,,0,908000,1,0,0,0,0,504,4100,2,0,0,0,0,0,0,0,0,0,0,0,0,0,0,0,0,0,0,0,0,0,0,0
908019,,0,908000,1,0,0,0,0,106,205,0,0,0,0,0,0,0,0,0,0,0,0,0,0,0,0,0,0,0,0,0,0,0,0
908020,,0,908000,1,0,0,0,0,108,207,0,0,0,0,0,0,0,0,0,0,0,0,0,0,0,0,0,0,0,0,0,0,0,0
908021,,0,908000,1,0,0,0,0,111,209,0,0,0,0,0,0,0,0,0,0,0,0,0,0,0,0,0,0,0,0,0,0,0,0
908022,,0,908000,1,0,0,0,0,112,211,0,0,0,0,0,0,0,0,0,0,0,0,0,0,0,0,0,0,0,0,0,0,0,0
908023,,0,908000,1,0,0,0,0,113,212,0,0,0,0,0,0,0,0,0,0,0,0,0,0,0,0,0,0,0,0,0,0,0,0
908024,,0,908000,1,0,0,0,0,104,204,0,0,0,0,0,0,0,0,0,0,0,0,0,0,0,0,0,0,0,0,0,0,0,0
908025,,0,908000,1,0,0,0,0,100,201,0,0,0,0,0,0,0,0,0,0,0,0,0,0,0,0,0,0,0,0,0,0,0,0
908050,,0,908050,0,0,0,1009,1010,0,0,0,0,0,0,0,0,0,0,0,0,0,0,0,0,0,0,0,0,4700,4710,0,0,0,0
908051,,0,908050,2,0,0,0,0,0,0,0,0,7500,7501,7506,0,0,0,0,0,0,0,0,0,0,0,0,0,0,0,0,0,0,0
908060,,0,908060,0,0,0,1010,1009,0,0,0,0,0,0,0,0,0,0,0,0,0,0,0,0,0,0,0,0,4700,4710,0,0,0,0
908061,,0,908060,2,0,0,0,0,0,0,0,0,7500,7501,7506,0,0,0,0,0,0,0,0,0,0,0,0,0,0,0,0,0,0,0
908700,,0,908700,0,0,0,1000,1001,0,0,0,0,0,0,0,0,0,0,0,0,0,0,0,0,0,0,0,0,0,0,0,0,0,0
908701,,0,908700,1,0,0,0,0,100,3600,0,0,0,0,0,0,0,0,0,0,0,0,0,0,0,0,0,0,0,0,0,0,0,0
908702,,0,908700,1,0,0,0,0,101,3600,0,0,0,0,0,0,0,0,0,0,0,0,0,0,0,0,0,0,0,0,0,0,0,0
908703,,0,908700,1,0,0,0,0,103,3600,0,0,0,0,0,0,0,0,0,0,0,0,0,0,0,0,0,0,0,0,0,0,0,0
908704,,0,908700,1,0,0,0,0,104,3600,0,0,0,0,0,0,0,0,0,0,0,0,0,0,0,0,0,0,0,0,0,0,0,0
908705,,0,908700,1,0,0,0,0,106,3600,0,0,0,0,0,0,0,0,0,0,0,0,0,0,0,0,0,0,0,0,0,0,0,0
908706,,0,908700,1,0,0,0,0,107,3600,0,0,0,0,0,0,0,0,0,0,0,0,0,0,0,0,0,0,0,0,0,0,0,0
908707,,0,908700,1,0,0,0,0,108,3600,0,0,0,0,0,0,0,0,0,0,0,0,0,0,0,0,0,0,0,0,0,0,0,0
908708,,0,908700,1,0,0,0,0,109,3600,0,0,0,0,0,0,0,0,0,0,0,0,0,0,0,0,0,0,0,0,0,0,0,0
908709,,0,908700,1,0,0,0,0,110,3600,0,0,0,0,0,0,0,0,0,0,0,0,0,0,0,0,0,0,0,0,0,0,0,0
908710,,0,908700,1,0,0,0,0,111,3600,0,0,0,0,0,0,0,0,0,0,0,0,0,0,0,0,0,0,0,0,0,0,0,0
908720,,0,908720,0,0,0,1000,1001,0,0,0,0,0,0,0,0,0,0,0,0,0,0,0,0,0,0,0,0,0,0,0,0,0,0
908721,,0,908720,1,0,0,0,0,300,4301,0,0,0,0,0,0,0,0,0,0,0,0,0,0,0,0,0,0,0,0,0,0,0,0
908722,,0,908720,1,0,0,0,0,301,4301,0,0,0,0,0,0,0,0,0,0,0,0,0,0,0,0,0,0,0,0,0,0,0,0
908723,,0,908720,1,0,0,0,0,302,4301,0,0,0,0,0,0,0,0,0,0,0,0,0,0,0,0,0,0,0,0,0,0,0,0
908724,,0,908720,1,0,0,0,0,305,4301,0,0,0,0,0,0,0,0,0,0,0,0,0,0,0,0,0,0,0,0,0,0,0,0
908725,,0,908720,1,0,0,0,0,306,4301,0,0,0,0,0,0,0,0,0,0,0,0,0,0,0,0,0,0,0,0,0,0,0,0
908726,,0,908720,1,0,0,0,0,307,4301,0,0,0,0,0,0,0,0,0,0,0,0,0,0,0,0,0,0,0,0,0,0,0,0
908727,,0,908720,1,0,0,0,0,308,4301,0,0,0,0,0,0,0,0,0,0,0,0,0,0,0,0,0,0,0,0,0,0,0,0
908728,,0,908720,1,0,0,0,0,310,4301,0,0,0,0,0,0,0,0,0,0,0,0,0,0,0,0,0,0,0,0,0,0,0,0
908729,,0,908720,1,0,0,0,0,312,4301,0,0,0,0,0,0,0,0,0,0,0,0,0,0,0,0,0,0,0,0,0,0,0,0
908730,,0,908720,1,0,0,0,0,313,4301,0,0,0,0,0,0,0,0,0,0,0,0,0,0,0,0,0,0,0,0,0,0,0,0
908900,,0,908900,0,0,0,1000,1001,0,0,0,0,0,0,0,0,0,0,0,0,0,0,0,0,0,0,0,0,0,0,0,0,0,0
908901,,0,908900,1,0,0,0,0,322,4130,0,0,0,0,0,0,0,0,0,0,0,0,0,0,0,0,0,0,0,0,0,0,0,0
908910,,0,908910,0,0,0,1000,1001,0,0,0,0,0,0,0,0,0,0,0,0,0,0,0,0,0,0,0,0,0,0,0,0,0,0
908911,,0,908910,1,0,0,0,0,322,4330,0,0,0,0,0,0,0,0,0,0,0,0,0,0,0,0,0,0,0,0,0,0,0,0
909000,,0,909000,0,0,0,1000,1001,0,0,0,0,0,0,0,0,0,0,0,0,0,0,0,0,0,0,0,0,0,0,0,0,0,0
909001,,0,909000,1,0,0,0,0,100,3000,0,1,0,0,0,0,0,0,0,0,0,0,0,0,0,0,0,0,0,0,0,0,0,0
909002,,0,909000,1,0,0,0,0,103,3000,1,1,0,0,0,0,0,0,0,0,0,0,0,0,0,0,0,0,0,0,0,0,0,0
909003,,0,909000,1,0,0,0,0,104,3000,2,1,0,0,0,0,0,0,0,0,0,0,0,0,0,0,0,0,0,0,0,0,0,0
909004,,0,909000,1,0,0,0,0,106,3000,3,1,0,0,0,0,0,0,0,0,0,0,0,0,0,0,0,0,0,0,0,0,0,0
909005,,0,909000,1,0,0,0,0,108,3000,4,1,0,0,0,0,0,0,0,0,0,0,0,0,0,0,0,0,0,0,0,0,0,0
909006,,0,909000,1,0,0,0,0,110,3000,5,1,0,0,0,0,0,0,0,0,0,0,0,0,0,0,0,0,0,0,0,0,0,0
909007,,0,909000,1,0,0,0,0,114,3000,6,1,0,0,0,0,0,0,0,0,0,0,0,0,0,0,0,0,0,0,0,0,0,0
909008,,0,909000,1,0,0,0,0,117,3000,7,1,0,0,0,0,0,0,0,0,0,0,0,0,0,0,0,0,0,0,0,0,0,0
909009,,0,909000,1,0,0,0,0,101,3000,8,1,0,0,0,0,0,0,0,0,0,0,0,0,0,0,0,0,0,0,0,0,0,0
909010,,0,909010,0,0,0,1000,1001,0,0,0,0,0,0,0,0,0,0,0,0,0,0,0,0,0,0,0,0,0,0,0,0,0,0
909011,,0,909010,1,0,0,0,0,107,3000,0,1,0,0,0,0,0,0,0,0,0,0,0,0,0,0,0,0,0,0,0,0,0,0
909012,,0,909010,1,0,0,0,0,109,3000,1,1,0,0,0,0,0,0,0,0,0,0,0,0,0,0,0,0,0,0,0,0,0,0
909013,,0,909010,1,0,0,0,0,111,3000,2,1,0,0,0,0,0,0,0,0,0,0,0,0,0,0,0,0,0,0,0,0,0,0
909014,,0,909010,1,0,0,0,0,112,3000,3,1,0,0,0,0,0,0,0,0,0,0,0,0,0,0,0,0,0,0,0,0,0,0
909015,,0,909010,1,0,0,0,0,113,3000,4,1,0,0,0,0,0,0,0,0,0,0,0,0,0,0,0,0,0,0,0,0,0,0
909016,,0,909010,1,0,0,0,0,116,3000,5,1,0,0,0,0,0,0,0,0,0,0,0,0,0,0,0,0,0,0,0,0,0,0
909017,,0,909010,1,0,0,0,0,120,3000,6,1,0,0,0,0,0,0,0,0,0,0,0,0,0,0,0,0,0,0,0,0,0,0
909020,,0,909020,0,0,0,1000,1001,0,0,0,0,0,0,0,0,0,0,0,0,0,0,0,0,0,0,0,0,0,0,0,0,0,0
909021,,0,909020,1,0,0,0,0,100,3030,0,1,0,0,0,0,0,0,0,0,0,0,0,0,0,0,0,0,0,0,0,0,0,0
909022,,0,909020,1,0,0,0,0,103,3030,1,1,0,0,0,0,0,0,0,0,0,0,0,0,0,0,0,0,0,0,0,0,0,0
909023,,0,909020,1,0,0,0,0,104,3030,2,1,0,0,0,0,0,0,0,0,0,0,0,0,0,0,0,0,0,0,0,0,0,0
909024,,0,909020,1,0,0,0,0,106,3030,3,1,0,0,0,0,0,0,0,0,0,0,0,0,0,0,0,0,0,0,0,0,0,0
909025,,0,909020,1,0,0,0,0,108,3030,4,1,0,0,0,0,0,0,0,0,0,0,0,0,0,0,0,0,0,0,0,0,0,0
909026,,0,909020,1,0,0,0,0,110,3030,5,1,0,0,0,0,0,0,0,0,0,0,0,0,0,0,0,0,0,0,0,0,0,0
909027,,0,909020,1,0,0,0,0,114,3030,6,1,0,0,0,0,0,0,0,0,0,0,0,0,0,0,0,0,0,0,0,0,0,0
909028,,0,909020,1,0,0,0,0,117,3030,7,1,0,0,0,0,0,0,0,0,0,0,0,0,0,0,0,0,0,0,0,0,0,0
909029,,0,909020,1,0,0,0,0,101,3030,8,1,0,0,0,0,0,0,0,0,0,0,0,0,0,0,0,0,0,0,0,0,0,0
909030,,0,909030,0,0,0,1000,1001,0,0,0,0,0,0,0,0,0,0,0,0,0,0,0,0,0,0,0,0,0,0,0,0,0,0
909031,,0,909030,1,0,0,0,0,107,3030,0,1,0,0,0,0,0,0,0,0,0,0,0,0,0,0,0,0,0,0,0,0,0,0
909032,,0,909030,1,0,0,0,0,109,3030,1,1,0,0,0,0,0,0,0,0,0,0,0,0,0,0,0,0,0,0,0,0,0,0
909033,,0,909030,1,0,0,0,0,111,3030,2,1,0,0,0,0,0,0,0,0,0,0,0,0,0,0,0,0,0,0,0,0,0,0
909034,,0,909030,1,0,0,0,0,112,3030,3,1,0,0,0,0,0,0,0,0,0,0,0,0,0,0,0,0,0,0,0,0,0,0
909035,,0,909030,1,0,0,0,0,113,3030,4,1,0,0,0,0,0,0,0,0,0,0,0,0,0,0,0,0,0,0,0,0,0,0
909036,,0,909030,1,0,0,0,0,116,3030,5,1,0,0,0,0,0,0,0,0,0,0,0,0,0,0,0,0,0,0,0,0,0,0
909037,,0,909030,1,0,0,0,0,120,3030,6,1,0,0,0,0,0,0,0,0,0,0,0,0,0,0,0,0,0,0,0,0,0,0
909040,,0,909040,0,0,0,1000,1001,0,0,0,0,0,0,0,0,0,0,0,0,0,0,0,0,0,0,0,0,0,0,0,0,0,0
909041,,0,909040,1,0,0,0,0,100,3200,0,1,0,0,0,0,0,0,0,0,0,0,0,0,0,0,0,0,0,0,0,0,0,0
909042,,0,909040,1,0,0,0,0,103,3200,1,1,0,0,0,0,0,0,0,0,0,0,0,0,0,0,0,0,0,0,0,0,0,0
909043,,0,909040,1,0,0,0,0,104,3200,2,1,0,0,0,0,0,0,0,0,0,0,0,0,0,0,0,0,0,0,0,0,0,0
909044,,0,909040,1,0,0,0,0,106,3200,3,1,0,0,0,0,0,0,0,0,0,0,0,0,0,0,0,0,0,0,0,0,0,0
909045,,0,909040,1,0,0,0,0,108,3200,4,1,0,0,0,0,0,0,0,0,0,0,0,0,0,0,0,0,0,0,0,0,0,0
909046,,0,909040,1,0,0,0,0,110,3200,5,1,0,0,0,0,0,0,0,0,0,0,0,0,0,0,0,0,0,0,0,0,0,0
909047,,0,909040,1,0,0,0,0,114,3200,6,1,0,0,0,0,0,0,0,0,0,0,0,0,0,0,0,0,0,0,0,0,0,0
909048,,0,909040,1,0,0,0,0,117,3200,7,1,0,0,0,0,0,0,0,0,0,0,0,0,0,0,0,0,0,0,0,0,0,0
909049,,0,909040,1,0,0,0,0,101,3200,8,1,0,0,0,0,0,0,0,0,0,0,0,0,0,0,0,0,0,0,0,0,0,0
909050,,0,909050,0,0,0,1000,1001,0,0,0,0,0,0,0,0,0,0,0,0,0,0,0,0,0,0,0,0,0,0,0,0,0,0
909051,,0,909050,1,0,0,0,0,107,3200,0,1,0,0,0,0,0,0,0,0,0,0,0,0,0,0,0,0,0,0,0,0,0,0
909052,,0,909050,1,0,0,0,0,109,3200,1,1,0,0,0,0,0,0,0,0,0,0,0,0,0,0,0,0,0,0,0,0,0,0
909053,,0,909050,1,0,0,0,0,111,3200,2,1,0,0,0,0,0,0,0,0,0,0,0,0,0,0,0,0,0,0,0,0,0,0
909054,,0,909050,1,0,0,0,0,112,3200,3,1,0,0,0,0,0,0,0,0,0,0,0,0,0,0,0,0,0,0,0,0,0,0
909055,,0,909050,1,0,0,0,0,113,3200,4,1,0,0,0,0,0,0,0,0,0,0,0,0,0,0,0,0,0,0,0,0,0,0
909056,,0,909050,1,0,0,0,0,116,3200,5,1,0,0,0,0,0,0,0,0,0,0,0,0,0,0,0,0,0,0,0,0,0,0
909057,,0,909050,1,0,0,0,0,120,3200,6,1,0,0,0,0,0,0,0,0,0,0,0,0,0,0,0,0,0,0,0,0,0,0
909060,,0,909060,0,0,0,1000,1001,0,0,0,0,0,0,0,0,0,0,0,0,0,0,0,0,0,0,0,0,0,0,0,0,0,0
909061,,0,909060,1,0,0,0,0,100,3210,0,1,0,0,0,0,0,0,0,0,0,0,0,0,0,0,0,0,0,0,0,0,0,0
909062,,0,909060,1,0,0,0,0,103,3210,1,1,0,0,0,0,0,0,0,0,0,0,0,0,0,0,0,0,0,0,0,0,0,0
909063,,0,909060,1,0,0,0,0,104,3210,2,1,0,0,0,0,0,0,0,0,0,0,0,0,0,0,0,0,0,0,0,0,0,0
909064,,0,909060,1,0,0,0,0,106,3210,3,1,0,0,0,0,0,0,0,0,0,0,0,0,0,0,0,0,0,0,0,0,0,0
909065,,0,909060,1,0,0,0,0,108,3210,4,1,0,0,0,0,0,0,0,0,0,0,0,0,0,0,0,0,0,0,0,0,0,0
909066,,0,909060,1,0,0,0,0,110,3210,5,1,0,0,0,0,0,0,0,0,0,0,0,0,0,0,0,0,0,0,0,0,0,0
909067,,0,909060,1,0,0,0,0,114,3210,6,1,0,0,0,0,0,0,0,0,0,0,0,0,0,0,0,0,0,0,0,0,0,0
909068,,0,909060,1,0,0,0,0,117,3210,7,1,0,0,0,0,0,0,0,0,0,0,0,0,0,0,0,0,0,0,0,0,0,0
909069,,0,909060,1,0,0,0,0,101,3210,8,1,0,0,0,0,0,0,0,0,0,0,0,0,0,0,0,0,0,0,0,0,0,0
909070,,0,909070,0,0,0,1000,1001,0,0,0,0,0,0,0,0,0,0,0,0,0,0,0,0,0,0,0,0,0,0,0,0,0,0
909071,,0,909070,1,0,0,0,0,107,3210,0,1,0,0,0,0,0,0,0,0,0,0,0,0,0,0,0,0,0,0,0,0,0,0
909072,,0,909070,1,0,0,0,0,109,3210,1,1,0,0,0,0,0,0,0,0,0,0,0,0,0,0,0,0,0,0,0,0,0,0
909073,,0,909070,1,0,0,0,0,111,3210,2,1,0,0,0,0,0,0,0,0,0,0,0,0,0,0,0,0,0,0,0,0,0,0
909074,,0,909070,1,0,0,0,0,112,3210,3,1,0,0,0,0,0,0,0,0,0,0,0,0,0,0,0,0,0,0,0,0,0,0
909075,,0,909070,1,0,0,0,0,113,3210,4,1,0,0,0,0,0,0,0,0,0,0,0,0,0,0,0,0,0,0,0,0,0,0
909076,,0,909070,1,0,0,0,0,116,3210,5,1,0,0,0,0,0,0,0,0,0,0,0,0,0,0,0,0,0,0,0,0,0,0
909077,,0,909070,1,0,0,0,0,120,3210,6,1,0,0,0,0,0,0,0,0,0,0,0,0,0,0,0,0,0,0,0,0,0,0
909080,,0,909080,0,0,0,1000,1001,0,0,0,0,0,0,0,0,0,0,0,0,0,0,0,0,0,0,0,0,0,0,0,0,0,0
909081,,0,909080,1,0,0,0,0,100,3400,0,1,0,0,0,0,0,0,0,0,0,0,0,0,0,0,0,0,0,0,0,0,0,0
909082,,0,909080,1,0,0,0,0,103,3400,1,1,0,0,0,0,0,0,0,0,0,0,0,0,0,0,0,0,0,0,0,0,0,0
909083,,0,909080,1,0,0,0,0,104,3400,2,1,0,0,0,0,0,0,0,0,0,0,0,0,0,0,0,0,0,0,0,0,0,0
909084,,0,909080,1,0,0,0,0,106,3400,3,1,0,0,0,0,0,0,0,0,0,0,0,0,0,0,0,0,0,0,0,0,0,0
909085,,0,909080,1,0,0,0,0,108,3400,4,1,0,0,0,0,0,0,0,0,0,0,0,0,0,0,0,0,0,0,0,0,0,0
909086,,0,909080,1,0,0,0,0,110,3400,5,1,0,0,0,0,0,0,0,0,0,0,0,0,0,0,0,0,0,0,0,0,0,0
909087,,0,909080,1,0,0,0,0,114,3400,6,1,0,0,0,0,0,0,0,0,0,0,0,0,0,0,0,0,0,0,0,0,0,0
909088,,0,909080,1,0,0,0,0,117,3400,7,1,0,0,0,0,0,0,0,0,0,0,0,0,0,0,0,0,0,0,0,0,0,0
909089,,0,909080,1,0,0,0,0,101,3400,8,1,0,0,0,0,0,0,0,0,0,0,0,0,0,0,0,0,0,0,0,0,0,0
909090,,0,909090,0,0,0,1000,1001,0,0,0,0,0,0,0,0,0,0,0,0,0,0,0,0,0,0,0,0,0,0,0,0,0,0
909091,,0,909090,1,0,0,0,0,107,3400,0,1,0,0,0,0,0,0,0,0,0,0,0,0,0,0,0,0,0,0,0,0,0,0
909092,,0,909090,1,0,0,0,0,109,3400,1,1,0,0,0,0,0,0,0,0,0,0,0,0,0,0,0,0,0,0,0,0,0,0
909093,,0,909090,1,0,0,0,0,111,3400,2,1,0,0,0,0,0,0,0,0,0,0,0,0,0,0,0,0,0,0,0,0,0,0
909094,,0,909090,1,0,0,0,0,112,3400,3,1,0,0,0,0,0,0,0,0,0,0,0,0,0,0,0,0,0,0,0,0,0,0
909095,,0,909090,1,0,0,0,0,113,3400,4,1,0,0,0,0,0,0,0,0,0,0,0,0,0,0,0,0,0,0,0,0,0,0
909096,,0,909090,1,0,0,0,0,116,3400,5,1,0,0,0,0,0,0,0,0,0,0,0,0,0,0,0,0,0,0,0,0,0,0
909097,,0,909090,1,0,0,0,0,120,3400,6,1,0,0,0,0,0,0,0,0,0,0,0,0,0,0,0,0,0,0,0,0,0,0
909100,,0,909100,0,0,0,1000,1001,0,0,0,0,0,0,0,0,0,0,0,0,0,0,0,0,0,0,0,0,0,0,0,0,0,0
909101,,0,909100,1,0,0,0,0,100,3410,0,1,0,0,0,0,0,0,0,0,0,0,0,0,0,0,0,0,0,0,0,0,0,0
909102,,0,909100,1,0,0,0,0,103,3410,1,1,0,0,0,0,0,0,0,0,0,0,0,0,0,0,0,0,0,0,0,0,0,0
909103,,0,909100,1,0,0,0,0,104,3410,2,1,0,0,0,0,0,0,0,0,0,0,0,0,0,0,0,0,0,0,0,0,0,0
909104,,0,909100,1,0,0,0,0,106,3410,3,1,0,0,0,0,0,0,0,0,0,0,0,0,0,0,0,0,0,0,0,0,0,0
909105,,0,909100,1,0,0,0,0,108,3410,4,1,0,0,0,0,0,0,0,0,0,0,0,0,0,0,0,0,0,0,0,0,0,0
909106,,0,909100,1,0,0,0,0,110,3410,5,1,0,0,0,0,0,0,0,0,0,0,0,0,0,0,0,0,0,0,0,0,0,0
909107,,0,909100,1,0,0,0,0,114,3410,6,1,0,0,0,0,0,0,0,0,0,0,0,0,0,0,0,0,0,0,0,0,0,0
909108,,0,909100,1,0,0,0,0,117,3410,7,1,0,0,0,0,0,0,0,0,0,0,0,0,0,0,0,0,0,0,0,0,0,0
909109,,0,909100,1,0,0,0,0,101,3410,8,1,0,0,0,0,0,0,0,0,0,0,0,0,0,0,0,0,0,0,0,0,0,0
909110,,0,909110,0,0,0,1000,1001,0,0,0,0,0,0,0,0,0,0,0,0,0,0,0,0,0,0,0,0,0,0,0,0,0,0
909111,,0,909110,1,0,0,0,0,107,3410,0,1,0,0,0,0,0,0,0,0,0,0,0,0,0,0,0,0,0,0,0,0,0,0
909112,,0,909110,1,0,0,0,0,109,3410,1,1,0,0,0,0,0,0,0,0,0,0,0,0,0,0,0,0,0,0,0,0,0,0
909113,,0,909110,1,0,0,0,0,111,3410,2,1,0,0,0,0,0,0,0,0,0,0,0,0,0,0,0,0,0,0,0,0,0,0
909114,,0,909110,1,0,0,0,0,112,3410,3,1,0,0,0,0,0,0,0,0,0,0,0,0,0,0,0,0,0,0,0,0,0,0
909115,,0,909110,1,0,0,0,0,113,3410,4,1,0,0,0,0,0,0,0,0,0,0,0,0,0,0,0,0,0,0,0,0,0,0
909116,,0,909110,1,0,0,0,0,116,3410,5,1,0,0,0,0,0,0,0,0,0,0,0,0,0,0,0,0,0,0,0,0,0,0
909117,,0,909110,1,0,0,0,0,120,3410,6,1,0,0,0,0,0,0,0,0,0,0,0,0,0,0,0,0,0,0,0,0,0,0
909120,,0,909120,0,0,0,1000,1001,0,0,0,0,0,0,0,0,0,0,0,0,0,0,0,0,0,0,0,0,0,0,0,0,0,0
909121,,0,909120,1,0,0,0,0,100,300,0,0,0,0,0,0,0,0,0,0,0,0,0,0,0,0,0,0,0,0,0,0,0,0
909122,,0,909120,1,0,0,0,0,103,303,0,0,0,0,0,0,0,0,0,0,0,0,0,0,0,0,0,0,0,0,0,0,0,0
909123,,0,909120,1,0,0,0,0,104,320,0,0,0,0,0,0,0,0,0,0,0,0,0,0,0,0,0,0,0,0,0,0,0,0
909124,,0,909120,1,0,0,0,0,106,321,0,0,0,0,0,0,0,0,0,0,0,0,0,0,0,0,0,0,0,0,0,0,0,0
909125,,0,909120,1,0,0,0,0,108,340,0,0,0,0,0,0,0,0,0,0,0,0,0,0,0,0,0,0,0,0,0,0,0,0
909126,,0,909120,1,0,0,0,0,110,341,0,0,0,0,0,0,0,0,0,0,0,0,0,0,0,0,0,0,0,0,0,0,0,0
909127,,0,909120,1,0,0,0,0,114,300,1,1,0,0,0,0,0,0,0,0,0,0,0,0,0,0,0,0,0,0,0,0,0,0
909128,,0,909120,1,0,0,0,0,117,303,1,1,0,0,0,0,0,0,0,0,0,0,0,0,0,0,0,0,0,0,0,0,0,0
909129,,0,909120,1,0,0,0,0,101,320,1,1,0,0,0,0,0,0,0,0,0,0,0,0,0,0,0,0,0,0,0,0,0,0
909130,,0,909120,1,0,0,0,0,107,321,1,1,0,0,0,0,0,0,0,0,0,0,0,0,0,0,0,0,0,0,0,0,0,0
909131,,0,909120,1,0,0,0,0,109,340,1,1,0,0,0,0,0,0,0,0,0,0,0,0,0,0,0,0,0,0,0,0,0,0
909132,,0,909120,1,0,0,0,0,111,341,1,1,0,0,0,0,0,0,0,0,0,0,0,0,0,0,0,0,0,0,0,0,0,0
909133,,0,909120,1,0,0,0,0,112,300,2,1,0,0,0,0,0,0,0,0,0,0,0,0,0,0,0,0,0,0,0,0,0,0
909134,,0,909120,1,0,0,0,0,113,303,2,1,0,0,0,0,0,0,0,0,0,0,0,0,0,0,0,0,0,0,0,0,0,0
909135,,0,909120,1,0,0,0,0,116,320,2,1,0,0,0,0,0,0,0,0,0,0,0,0,0,0,0,0,0,0,0,0,0,0
909136,,0,909120,1,0,0,0,0,120,321,2,1,0,0,0,0,0,0,0,0,0,0,0,0,0,0,0,0,0,0,0,0,0,0
909137,,0,909120,1,0,0,0,0,300,4100,0,0,0,0,0,0,0,0,0,0,0,0,0,0,0,0,0,0,0,0,0,0,0,0
909138,,0,909120,1,0,0,0,0,301,4300,0,0,0,0,0,0,0,0,0,0,0,0,0,0,0,0,0,0,0,0,0,0,0,0
909139,,0,909120,1,0,0,0,0,302,4100,1,0,0,0,0,0,0,0,0,0,0,0,0,0,0,0,0,0,0,0,0,0,0,0
909140,,0,909120,1,0,0,0,0,305,4300,1,0,0,0,0,0,0,0,0,0,0,0,0,0,0,0,0,0,0,0,0,0,0,0
909141,,0,909120,1,0,0,0,0,306,4100,2,0,0,0,0,0,0,0,0,0,0,0,0,0,0,0,0,0,0,0,0,0,0,0
909142,,0,909120,1,0,0,0,0,307,4300,2,1,0,0,0,0,0,0,0,0,0,0,0,0,0,0,0,0,0,0,0,0,0,0
909143,,0,909120,1,0,0,0,0,308,4100,3,1,0,0,0,0,0,0,0,0,0,0,0,0,0,0,0,0,0,0,0,0,0,0
909144,,0,909120,1,0,0,0,0,310,4300,3,1,0,0,0,0,0,0,0,0,0,0,0,0,0,0,0,0,0,0,0,0,0,0
909145,,0,909120,1,0,0,0,0,312,4100,4,1,0,0,0,0,0,0,0,0,0,0,0,0,0,0,0,0,0,0,0,0,0,0
909146,,0,909120,1,0,0,0,0,313,4100,5,1,0,0,0,0,0,0,0,0,0,0,0,0,0,0,0,0,0,0,0,0,0,0
909147,,0,909120,1,0,0,0,0,314,4300,4,0,0,0,0,0,0,0,0,0,0,0,0,0,0,0,0,0,0,0,0,0,0,0
909160,,0,909160,0,0,0,1000,1001,0,0,0,0,0,0,0,0,0,0,0,0,0,0,0,0,0,0,0,0,0,0,0,0,0,0
909161,,0,909160,1,0,0,0,0,100,3800,0,1,0,0,0,0,0,0,0,0,0,0,0,0,0,0,0,0,0,0,0,0,0,0
909162,,0,909160,1,0,0,0,0,103,3800,1,1,0,0,0,0,0,0,0,0,0,0,0,0,0,0,0,0,0,0,0,0,0,0
909163,,0,909160,1,0,0,0,0,104,3800,2,1,0,0,0,0,0,0,0,0,0,0,0,0,0,0,0,0,0,0,0,0,0,0
909164,,0,909160,1,0,0,0,0,106,3800,3,1,0,0,0,0,0,0,0,0,0,0,0,0,0,0,0,0,0,0,0,0,0,0
909165,,0,909160,1,0,0,0,0,108,3800,4,1,0,0,0,0,0,0,0,0,0,0,0,0,0,0,0,0,0,0,0,0,0,0
909166,,0,909160,1,0,0,0,0,110,3800,5,1,0,0,0,0,0,0,0,0,0,0,0,0,0,0,0,0,0,0,0,0,0,0
909167,,0,909160,1,0,0,0,0,114,3800,6,1,0,0,0,0,0,0,0,0,0,0,0,0,0,0,0,0,0,0,0,0,0,0
909168,,0,909160,1,0,0,0,0,117,3800,7,1,0,0,0,0,0,0,0,0,0,0,0,0,0,0,0,0,0,0,0,0,0,0
909169,,0,909160,1,0,0,0,0,101,3800,8,1,0,0,0,0,0,0,0,0,0,0,0,0,0,0,0,0,0,0,0,0,0,0
909170,,0,909170,0,0,0,1000,1001,0,0,0,0,0,0,0,0,0,0,0,0,0,0,0,0,0,0,0,0,0,0,0,0,0,0
909171,,0,909170,1,0,0,0,0,107,3800,0,1,0,0,0,0,0,0,0,0,0,0,0,0,0,0,0,0,0,0,0,0,0,0
909172,,0,909170,1,0,0,0,0,109,3800,1,1,0,0,0,0,0,0,0,0,0,0,0,0,0,0,0,0,0,0,0,0,0,0
909173,,0,909170,1,0,0,0,0,111,3800,2,1,0,0,0,0,0,0,0,0,0,0,0,0,0,0,0,0,0,0,0,0,0,0
909174,,0,909170,1,0,0,0,0,112,3800,3,1,0,0,0,0,0,0,0,0,0,0,0,0,0,0,0,0,0,0,0,0,0,0
909175,,0,909170,1,0,0,0,0,113,3800,4,1,0,0,0,0,0,0,0,0,0,0,0,0,0,0,0,0,0,0,0,0,0,0
909176,,0,909170,1,0,0,0,0,116,3800,5,1,0,0,0,0,0,0,0,0,0,0,0,0,0,0,0,0,0,0,0,0,0,0
909177,,0,909170,1,0,0,0,0,120,3800,6,1,0,0,0,0,0,0,0,0,0,0,0,0,0,0,0,0,0,0,0,0,0,0
909180,,0,909180,0,0,0,1000,1001,0,0,0,0,0,0,0,0,0,0,0,0,0,0,0,0,0,0,0,0,0,0,0,0,0,0
909181,,0,909180,1,0,0,0,0,100,3810,0,1,0,0,0,0,0,0,0,0,0,0,0,0,0,0,0,0,0,0,0,0,0,0
909182,,0,909180,1,0,0,0,0,103,3810,1,1,0,0,0,0,0,0,0,0,0,0,0,0,0,0,0,0,0,0,0,0,0,0
909183,,0,909180,1,0,0,0,0,104,3810,2,1,0,0,0,0,0,0,0,0,0,0,0,0,0,0,0,0,0,0,0,0,0,0
909184,,0,909180,1,0,0,0,0,106,3810,3,1,0,0,0,0,0,0,0,0,0,0,0,0,0,0,0,0,0,0,0,0,0,0
909185,,0,909180,1,0,0,0,0,108,3810,4,1,0,0,0,0,0,0,0,0,0,0,0,0,0,0,0,0,0,0,0,0,0,0
909186,,0,909180,1,0,0,0,0,110,3810,5,1,0,0,0,0,0,0,0,0,0,0,0,0,0,0,0,0,0,0,0,0,0,0
909187,,0,909180,1,0,0,0,0,114,3810,6,1,0,0,0,0,0,0,0,0,0,0,0,0,0,0,0,0,0,0,0,0,0,0
909188,,0,909180,1,0,0,0,0,117,3810,7,1,0,0,0,0,0,0,0,0,0,0,0,0,0,0,0,0,0,0,0,0,0,0
909189,,0,909180,1,0,0,0,0,101,3810,8,1,0,0,0,0,0,0,0,0,0,0,0,0,0,0,0,0,0,0,0,0,0,0
909190,,0,909190,0,0,0,1000,1001,0,0,0,0,0,0,0,0,0,0,0,0,0,0,0,0,0,0,0,0,0,0,0,0,0,0
909191,,0,909190,1,0,0,0,0,107,3810,0,1,0,0,0,0,0,0,0,0,0,0,0,0,0,0,0,0,0,0,0,0,0,0
909192,,0,909190,1,0,0,0,0,109,3810,1,1,0,0,0,0,0,0,0,0,0,0,0,0,0,0,0,0,0,0,0,0,0,0
909193,,0,909190,1,0,0,0,0,111,3810,2,1,0,0,0,0,0,0,0,0,0,0,0,0,0,0,0,0,0,0,0,0,0,0
909194,,0,909190,1,0,0,0,0,112,3810,3,1,0,0,0,0,0,0,0,0,0,0,0,0,0,0,0,0,0,0,0,0,0,0
909195,,0,909190,1,0,0,0,0,113,3810,4,1,0,0,0,0,0,0,0,0,0,0,0,0,0,0,0,0,0,0,0,0,0,0
909196,,0,909190,1,0,0,0,0,116,3810,5,1,0,0,0,0,0,0,0,0,0,0,0,0,0,0,0,0,0,0,0,0,0,0
909197,,0,909190,1,0,0,0,0,120,3810,6,1,0,0,0,0,0,0,0,0,0,0,0,0,0,0,0,0,0,0,0,0,0,0
909200,,0,909200,0,0,0,1000,1001,0,0,0,0,0,0,0,0,0,0,0,0,0,0,0,0,0,0,0,0,0,0,0,0,0,0
909201,,0,909200,1,0,0,0,0,100,3220,0,1,0,0,0,0,0,0,0,0,0,0,0,0,0,0,0,0,0,0,0,0,0,0
909202,,0,909200,1,0,0,0,0,103,3220,1,1,0,0,0,0,0,0,0,0,0,0,0,0,0,0,0,0,0,0,0,0,0,0
909203,,0,909200,1,0,0,0,0,104,3220,2,1,0,0,0,0,0,0,0,0,0,0,0,0,0,0,0,0,0,0,0,0,0,0
909204,,0,909200,1,0,0,0,0,106,3220,3,1,0,0,0,0,0,0,0,0,0,0,0,0,0,0,0,0,0,0,0,0,0,0
909205,,0,909200,1,0,0,0,0,108,3220,4,1,0,0,0,0,0,0,0,0,0,0,0,0,0,0,0,0,0,0,0,0,0,0
909206,,0,909200,1,0,0,0,0,110,3220,5,1,0,0,0,0,0,0,0,0,0,0,0,0,0,0,0,0,0,0,0,0,0,0
909207,,0,909200,1,0,0,0,0,114,3220,6,1,0,0,0,0,0,0,0,0,0,0,0,0,0,0,0,0,0,0,0,0,0,0
909208,,0,909200,1,0,0,0,0,117,3220,7,1,0,0,0,0,0,0,0,0,0,0,0,0,0,0,0,0,0,0,0,0,0,0
909209,,0,909200,1,0,0,0,0,101,3220,8,1,0,0,0,0,0,0,0,0,0,0,0,0,0,0,0,0,0,0,0,0,0,0
909210,,0,909210,0,0,0,1000,1001,0,0,0,0,0,0,0,0,0,0,0,0,0,0,0,0,0,0,0,0,0,0,0,0,0,0
909211,,0,909210,1,0,0,0,0,107,3220,0,1,0,0,0,0,0,0,0,0,0,0,0,0,0,0,0,0,0,0,0,0,0,0
909212,,0,909210,1,0,0,0,0,109,3220,1,1,0,0,0,0,0,0,0,0,0,0,0,0,0,0,0,0,0,0,0,0,0,0
909213,,0,909210,1,0,0,0,0,111,3220,2,1,0,0,0,0,0,0,0,0,0,0,0,0,0,0,0,0,0,0,0,0,0,0
909214,,0,909210,1,0,0,0,0,112,3220,3,1,0,0,0,0,0,0,0,0,0,0,0,0,0,0,0,0,0,0,0,0,0,0
909215,,0,909210,1,0,0,0,0,113,3220,4,1,0,0,0,0,0,0,0,0,0,0,0,0,0,0,0,0,0,0,0,0,0,0
909216,,0,909210,1,0,0,0,0,116,3220,5,1,0,0,0,0,0,0,0,0,0,0,0,0,0,0,0,0,0,0,0,0,0,0
909217,,0,909210,1,0,0,0,0,120,3220,6,1,0,0,0,0,0,0,0,0,0,0,0,0,0,0,0,0,0,0,0,0,0,0
909220,,0,909220,0,0,0,1000,1001,0,0,0,0,0,0,0,0,0,0,0,0,0,0,0,0,0,0,0,0,0,0,0,0,0,0
909221,,0,909220,1,0,0,0,0,100,3420,0,1,0,0,0,0,0,0,0,0,0,0,0,0,0,0,0,0,0,0,0,0,0,0
909222,,0,909220,1,0,0,0,0,103,3420,1,1,0,0,0,0,0,0,0,0,0,0,0,0,0,0,0,0,0,0,0,0,0,0
909223,,0,909220,1,0,0,0,0,104,3420,2,1,0,0,0,0,0,0,0,0,0,0,0,0,0,0,0,0,0,0,0,0,0,0
909224,,0,909220,1,0,0,0,0,106,3420,3,1,0,0,0,0,0,0,0,0,0,0,0,0,0,0,0,0,0,0,0,0,0,0
909225,,0,909220,1,0,0,0,0,108,3420,4,1,0,0,0,0,0,0,0,0,0,0,0,0,0,0,0,0,0,0,0,0,0,0
909226,,0,909220,1,0,0,0,0,110,3420,5,1,0,0,0,0,0,0,0,0,0,0,0,0,0,0,0,0,0,0,0,0,0,0
909227,,0,909220,1,0,0,0,0,114,3420,6,1,0,0,0,0,0,0,0,0,0,0,0,0,0,0,0,0,0,0,0,0,0,0
909228,,0,909220,1,0,0,0,0,117,3420,7,1,0,0,0,0,0,0,0,0,0,0,0,0,0,0,0,0,0,0,0,0,0,0
909229,,0,909220,1,0,0,0,0,101,3420,8,1,0,0,0,0,0,0,0,0,0,0,0,0,0,0,0,0,0,0,0,0,0,0
909230,,0,909230,0,0,0,1000,1001,0,0,0,0,0,0,0,0,0,0,0,0,0,0,0,0,0,0,0,0,0,0,0,0,0,0
909231,,0,909230,1,0,0,0,0,107,3420,0,1,0,0,0,0,0,0,0,0,0,0,0,0,0,0,0,0,0,0,0,0,0,0
909232,,0,909230,1,0,0,0,0,109,3420,1,1,0,0,0,0,0,0,0,0,0,0,0,0,0,0,0,0,0,0,0,0,0,0
909233,,0,909230,1,0,0,0,0,111,3420,2,1,0,0,0,0,0,0,0,0,0,0,0,0,0,0,0,0,0,0,0,0,0,0
909234,,0,909230,1,0,0,0,0,112,3420,3,1,0,0,0,0,0,0,0,0,0,0,0,0,0,0,0,0,0,0,0,0,0,0
909235,,0,909230,1,0,0,0,0,113,3420,4,1,0,0,0,0,0,0,0,0,0,0,0,0,0,0,0,0,0,0,0,0,0,0
909236,,0,909230,1,0,0,0,0,116,3420,5,1,0,0,0,0,0,0,0,0,0,0,0,0,0,0,0,0,0,0,0,0,0,0
909237,,0,909230,1,0,0,0,0,120,3420,6,1,0,0,0,0,0,0,0,0,0,0,0,0,0,0,0,0,0,0,0,0,0,0
909240,,0,909240,0,0,0,1000,1001,0,0,0,0,0,0,0,0,0,0,0,0,0,0,0,0,0,0,0,0,0,0,0,0,0,0
909241,,0,909240,1,0,0,0,0,300,4000,0,0,0,0,0,0,0,0,0,0,0,0,0,0,0,0,0,0,0,0,0,0,0,0
909242,,0,909240,1,0,0,0,0,301,4000,1,1,0,0,0,0,0,0,0,0,0,0,0,0,0,0,0,0,0,0,0,0,0,0
909243,,0,909240,1,0,0,0,0,302,4000,2,2,0,0,0,0,0,0,0,0,0,0,0,0,0,0,0,0,0,0,0,0,0,0
909244,,0,909240,1,0,0,0,0,305,4000,3,3,0,0,0,0,0,0,0,0,0,0,0,0,0,0,0,0,0,0,0,0,0,0
909245,,0,909240,1,0,0,0,0,306,4000,4,4,0,0,0,0,0,0,0,0,0,0,0,0,0,0,0,0,0,0,0,0,0,0
909250,,0,909250,0,0,0,1000,1001,0,0,0,0,0,0,0,0,0,0,0,0,0,0,0,0,0,0,0,0,0,0,0,0,0,0
909251,,0,909250,1,0,0,0,0,307,4000,5,5,0,0,0,0,0,0,0,0,0,0,0,0,0,0,0,0,0,0,0,0,0,0
909252,,0,909250,1,0,0,0,0,308,4000,6,6,0,0,0,0,0,0,0,0,0,0,0,0,0,0,0,0,0,0,0,0,0,0
909253,,0,909250,1,0,0,0,0,310,4000,7,7,0,0,0,0,0,0,0,0,0,0,0,0,0,0,0,0,0,0,0,0,0,0
909254,,0,909250,1,0,0,0,0,312,4000,8,8,0,0,0,0,0,0,0,0,0,0,0,0,0,0,0,0,0,0,0,0,0,0
909255,,0,909250,1,0,0,0,0,313,4000,9,9,0,0,0,0,0,0,0,0,0,0,0,0,0,0,0,0,0,0,0,0,0,0
909256,,0,909250,1,0,0,0,0,314,4000,1,0,0,0,0,0,0,0,0,0,0,0,0,0,0,0,0,0,0,0,0,0,0,0
909260,,0,909260,0,0,0,1000,1001,0,0,0,0,0,0,0,0,0,0,0,0,0,0,0,0,0,0,0,0,0,0,0,0,0,0
909261,,0,909260,1,0,0,0,0,300,3790,0,0,0,0,0,0,0,0,0,0,0,0,0,0,0,0,0,0,0,0,0,0,0,0
909262,,0,909260,1,0,0,0,0,301,3790,1,1,0,0,0,0,0,0,0,0,0,0,0,0,0,0,0,0,0,0,0,0,0,0
909263,,0,909260,1,0,0,0,0,302,3790,2,2,0,0,0,0,0,0,0,0,0,0,0,0,0,0,0,0,0,0,0,0,0,0
909264,,0,909260,1,0,0,0,0,305,3790,3,3,0,0,0,0,0,0,0,0,0,0,0,0,0,0,0,0,0,0,0,0,0,0
909265,,0,909260,1,0,0,0,0,306,3790,4,4,0,0,0,0,0,0,0,0,0,0,0,0,0,0,0,0,0,0,0,0,0,0
909270,,0,909270,0,0,0,1000,1001,0,0,0,0,0,0,0,0,0,0,0,0,0,0,0,0,0,0,0,0,0,0,0,0,0,0
909271,,0,909270,1,0,0,0,0,307,3790,5,5,0,0,0,0,0,0,0,0,0,0,0,0,0,0,0,0,0,0,0,0,0,0
909272,,0,909270,1,0,0,0,0,308,3790,6,6,0,0,0,0,0,0,0,0,0,0,0,0,0,0,0,0,0,0,0,0,0,0
909273,,0,909270,1,0,0,0,0,310,3790,7,7,0,0,0,0,0,0,0,0,0,0,0,0,0,0,0,0,0,0,0,0,0,0
909274,,0,909270,1,0,0,0,0,312,3790,8,8,0,0,0,0,0,0,0,0,0,0,0,0,0,0,0,0,0,0,0,0,0,0
909275,,0,909270,1,0,0,0,0,313,3790,9,9,0,0,0,0,0,0,0,0,0,0,0,0,0,0,0,0,0,0,0,0,0,0
909276,,0,909270,1,0,0,0,0,314,3790,1,0,0,0,0,0,0,0,0,0,0,0,0,0,0,0,0,0,0,0,0,0,0,0
909280,,0,909280,0,0,0,1000,1001,0,0,0,0,0,0,0,0,0,0,0,0,0,0,0,0,0,0,0,0,0,0,0,0,0,0
909281,,0,909280,1,0,0,0,0,300,4090,0,0,0,0,0,0,0,0,0,0,0,0,0,0,0,0,0,0,0,0,0,0,0,0
909282,,0,909280,1,0,0,0,0,301,4090,1,1,0,0,0,0,0,0,0,0,0,0,0,0,0,0,0,0,0,0,0,0,0,0
909283,,0,909280,1,0,0,0,0,302,4090,2,2,0,0,0,0,0,0,0,0,0,0,0,0,0,0,0,0,0,0,0,0,0,0
909284,,0,909280,1,0,0,0,0,305,4090,3,3,0,0,0,0,0,0,0,0,0,0,0,0,0,0,0,0,0,0,0,0,0,0
909285,,0,909280,1,0,0,0,0,306,4090,4,4,0,0,0,0,0,0,0,0,0,0,0,0,0,0,0,0,0,0,0,0,0,0
909290,,0,909290,0,0,0,1000,1001,0,0,0,0,0,0,0,0,0,0,0,0,0,0,0,0,0,0,0,0,0,0,0,0,0,0
909291,,0,909290,1,0,0,0,0,307,4090,5,5,0,0,0,0,0,0,0,0,0,0,0,0,0,0,0,0,0,0,0,0,0,0
909292,,0,909290,1,0,0,0,0,308,4090,6,6,0,0,0,0,0,0,0,0,0,0,0,0,0,0,0,0,0,0,0,0,0,0
909293,,0,909290,1,0,0,0,0,310,4090,7,7,0,0,0,0,0,0,0,0,0,0,0,0,0,0,0,0,0,0,0,0,0,0
909294,,0,909290,1,0,0,0,0,312,4090,8,8,0,0,0,0,0,0,0,0,0,0,0,0,0,0,0,0,0,0,0,0,0,0
909295,,0,909290,1,0,0,0,0,313,4090,9,9,0,0,0,0,0,0,0,0,0,0,0,0,0,0,0,0,0,0,0,0,0,0
909296,,0,909290,1,0,0,0,0,314,4090,1,0,0,0,0,0,0,0,0,0,0,0,0,0,0,0,0,0,0,0,0,0,0,0
909300,,1,909300,0,0,0,1000,1001,0,0,0,0,0,0,0,0,0,0,0,0,0,0,0,0,0,0,0,0,0,0,0,0,0,0
909301,,0,909300,1,0,0,0,0,300,4100,0,0,0,0,0,0,0,0,0,0,0,0,0,0,0,0,0,0,0,0,0,0,0,0
909302,,0,909300,1,0,0,0,0,301,4100,1,0,0,0,0,0,0,0,0,0,0,0,0,0,0,0,0,0,0,0,0,0,0,0
909303,,0,909300,1,0,0,0,0,302,4100,2,0,0,0,0,0,0,0,0,0,0,0,0,0,0,0,0,0,0,0,0,0,0,0
909304,,0,909300,1,0,0,0,0,305,4100,3,0,0,0,0,0,0,0,0,0,0,0,0,0,0,0,0,0,0,0,0,0,0,0
909305,,0,909300,1,0,0,0,0,306,4100,4,0,0,0,0,0,0,0,0,0,0,0,0,0,0,0,0,0,0,0,0,0,0,0
909310,,1,909310,0,0,0,1000,1001,0,0,0,0,0,0,0,0,0,0,0,0,0,0,0,0,0,0,0,0,0,0,0,0,0,0
909311,,0,909310,1,0,0,0,0,307,4100,5,0,0,0,0,0,0,0,0,0,0,0,0,0,0,0,0,0,0,0,0,0,0,0
909312,,0,909310,1,0,0,0,0,308,4100,6,0,0,0,0,0,0,0,0,0,0,0,0,0,0,0,0,0,0,0,0,0,0,0
909313,,0,909310,1,0,0,0,0,310,4100,7,0,0,0,0,0,0,0,0,0,0,0,0,0,0,0,0,0,0,0,0,0,0,0
909314,,0,909310,1,0,0,0,0,312,4100,8,0,0,0,0,0,0,0,0,0,0,0,0,0,0,0,0,0,0,0,0,0,0,0
909315,,0,909310,1,0,0,0,0,313,4100,9,0,0,0,0,0,0,0,0,0,0,0,0,0,0,0,0,0,0,0,0,0,0,0
909316,,0,909310,1,0,0,0,0,314,4100,1,0,0,0,0,0,0,0,0,0,0,0,0,0,0,0,0,0,0,0,0,0,0,0
909320,,1,909320,0,0,0,1000,1001,0,0,0,0,0,0,0,0,0,0,0,0,0,0,0,0,0,0,0,0,0,0,0,0,0,0
909321,,0,909320,1,0,0,0,0,300,4500,0,0,0,0,0,0,0,0,0,0,0,0,0,0,0,0,0,0,0,0,0,0,0,0
909322,,0,909320,1,0,0,0,0,301,4500,1,0,0,0,0,0,0,0,0,0,0,0,0,0,0,0,0,0,0,0,0,0,0,0
909323,,0,909320,1,0,0,0,0,302,4500,2,0,0,0,0,0,0,0,0,0,0,0,0,0,0,0,0,0,0,0,0,0,0,0
909324,,0,909320,1,0,0,0,0,305,4500,3,0,0,0,0,0,0,0,0,0,0,0,0,0,0,0,0,0,0,0,0,0,0,0
909325,,0,909320,1,0,0,0,0,306,4500,4,0,0,0,0,0,0,0,0,0,0,0,0,0,0,0,0,0,0,0,0,0,0,0
909330,,1,909330,0,0,0,1000,1001,0,0,0,0,0,0,0,0,0,0,0,0,0,0,0,0,0,0,0,0,0,0,0,0,0,0
909331,,0,909330,1,0,0,0,0,307,4500,5,0,0,0,0,0,0,0,0,0,0,0,0,0,0,0,0,0,0,0,0,0,0,0
909332,,0,909330,1,0,0,0,0,308,4500,6,0,0,0,0,0,0,0,0,0,0,0,0,0,0,0,0,0,0,0,0,0,0,0
909333,,0,909330,1,0,0,0,0,310,4500,7,0,0,0,0,0,0,0,0,0,0,0,0,0,0,0,0,0,0,0,0,0,0,0
909334,,0,909330,1,0,0,0,0,312,4500,8,0,0,0,0,0,0,0,0,0,0,0,0,0,0,0,0,0,0,0,0,0,0,0
909335,,0,909330,1,0,0,0,0,313,4500,9,0,0,0,0,0,0,0,0,0,0,0,0,0,0,0,0,0,0,0,0,0,0,0
909336,,0,909330,1,0,0,0,0,314,4500,1,0,0,0,0,0,0,0,0,0,0,0,0,0,0,0,0,0,0,0,0,0,0,0
909340,,0,909340,0,0,0,1000,1001,0,0,0,0,0,0,0,0,0,0,0,0,0,0,0,0,0,0,0,0,0,0,0,0,0,0
909341,,0,909340,1,0,0,0,0,350,4301,0,0,0,0,0,0,0,0,0,0,0,0,0,0,0,0,0,0,0,0,0,0,0,0
909342,,0,909340,1,0,0,0,0,351,4301,1,0,0,0,0,0,0,0,0,0,0,0,0,0,0,0,0,0,0,0,0,0,0,0
909343,,0,909340,1,0,0,0,0,352,4301,2,0,0,0,0,0,0,0,0,0,0,0,0,0,0,0,0,0,0,0,0,0,0,0
909344,,0,909340,1,0,0,0,0,356,4301,3,0,0,0,0,0,0,0,0,0,0,0,0,0,0,0,0,0,0,0,0,0,0,0
909345,,0,909340,1,0,0,0,0,357,4301,4,0,0,0,0,0,0,0,0,0,0,0,0,0,0,0,0,0,0,0,0,0,0,0
909346,,0,909340,1,0,0,0,0,358,4301,5,0,0,0,0,0,0,0,0,0,0,0,0,0,0,0,0,0,0,0,0,0,0,0
909347,,0,909340,1,0,0,0,0,360,4301,6,0,0,0,0,0,0,0,0,0,0,0,0,0,0,0,0,0,0,0,0,0,0,0
909348,,0,909340,1,0,0,0,0,362,4301,7,0,0,0,0,0,0,0,0,0,0,0,0,0,0,0,0,0,0,0,0,0,0,0
909349,,0,909340,1,0,0,0,0,364,4301,8,0,0,0,0,0,0,0,0,0,0,0,0,0,0,0,0,0,0,0,0,0,0,0
909350,,1,909350,0,0,0,1000,1001,0,0,0,0,0,0,0,0,0,0,0,0,0,0,0,0,0,0,0,0,0,0,0,0,0,0
909351,,0,909350,1,0,0,0,0,307,4301,5,0,0,0,0,0,0,0,0,0,0,0,0,0,0,0,0,0,0,0,0,0,0,0
909352,,0,909350,1,0,0,0,0,308,4301,6,0,0,0,0,0,0,0,0,0,0,0,0,0,0,0,0,0,0,0,0,0,0,0
909353,,0,909350,1,0,0,0,0,310,4301,7,0,0,0,0,0,0,0,0,0,0,0,0,0,0,0,0,0,0,0,0,0,0,0
909354,,0,909350,1,0,0,0,0,312,4301,8,0,0,0,0,0,0,0,0,0,0,0,0,0,0,0,0,0,0,0,0,0,0,0
909355,,0,909350,1,0,0,0,0,313,4301,9,0,0,0,0,0,0,0,0,0,0,0,0,0,0,0,0,0,0,0,0,0,0,0
909356,,0,909350,1,0,0,0,0,314,4301,1,0,0,0,0,0,0,0,0,0,0,0,0,0,0,0,0,0,0,0,0,0,0,0
909360,,0,909360,0,0,0,1000,1001,0,0,0,0,0,0,0,0,0,0,0,0,0,0,0,0,0,0,0,0,0,0,0,0,0,0
909361,,0,909360,1,0,0,0,0,350,4341,0,0,0,0,0,0,0,0,0,0,0,0,0,0,0,0,0,0,0,0,0,0,0,0
909362,,0,909360,1,0,0,0,0,351,4341,1,0,0,0,0,0,0,0,0,0,0,0,0,0,0,0,0,0,0,0,0,0,0,0
909363,,0,909360,1,0,0,0,0,352,4341,2,0,0,0,0,0,0,0,0,0,0,0,0,0,0,0,0,0,0,0,0,0,0,0
909364,,0,909360,1,0,0,0,0,356,4341,3,0,0,0,0,0,0,0,0,0,0,0,0,0,0,0,0,0,0,0,0,0,0,0
909365,,0,909360,1,0,0,0,0,357,4341,4,0,0,0,0,0,0,0,0,0,0,0,0,0,0,0,0,0,0,0,0,0,0,0
909366,,0,909360,1,0,0,0,0,358,4341,5,0,0,0,0,0,0,0,0,0,0,0,0,0,0,0,0,0,0,0,0,0,0,0
909367,,0,909360,1,0,0,0,0,360,4341,6,0,0,0,0,0,0,0,0,0,0,0,0,0,0,0,0,0,0,0,0,0,0,0
909368,,0,909360,1,0,0,0,0,362,4341,7,0,0,0,0,0,0,0,0,0,0,0,0,0,0,0,0,0,0,0,0,0,0,0
909369,,0,909360,1,0,0,0,0,364,4341,8,0,0,0,0,0,0,0,0,0,0,0,0,0,0,0,0,0,0,0,0,0,0,0
909370,,1,909370,0,0,0,1000,1001,0,0,0,0,0,0,0,0,0,0,0,0,0,0,0,0,0,0,0,0,0,0,0,0,0,0
909371,,0,909370,1,0,0,0,0,307,4341,5,0,0,0,0,0,0,0,0,0,0,0,0,0,0,0,0,0,0,0,0,0,0,0
909372,,0,909370,1,0,0,0,0,308,4341,6,0,0,0,0,0,0,0,0,0,0,0,0,0,0,0,0,0,0,0,0,0,0,0
909373,,0,909370,1,0,0,0,0,310,4341,7,0,0,0,0,0,0,0,0,0,0,0,0,0,0,0,0,0,0,0,0,0,0,0
909374,,0,909370,1,0,0,0,0,312,4341,8,0,0,0,0,0,0,0,0,0,0,0,0,0,0,0,0,0,0,0,0,0,0,0
909375,,0,909370,1,0,0,0,0,313,4341,9,0,0,0,0,0,0,0,0,0,0,0,0,0,0,0,0,0,0,0,0,0,0,0
909376,,0,909370,1,0,0,0,0,314,4341,1,0,0,0,0,0,0,0,0,0,0,0,0,0,0,0,0,0,0,0,0,0,0,0
909380,,0,909380,0,0,0,1000,1001,0,0,0,0,0,0,0,0,0,0,0,0,0,0,0,0,0,0,0,0,0,0,0,0,0,0
909381,,0,909380,1,0,0,0,0,100,3430,0,1,0,0,0,0,0,0,0,0,0,0,0,0,0,0,0,0,0,0,0,0,0,0
909382,,0,909380,1,0,0,0,0,103,3430,1,1,0,0,0,0,0,0,0,0,0,0,0,0,0,0,0,0,0,0,0,0,0,0
909383,,0,909380,1,0,0,0,0,104,3430,2,1,0,0,0,0,0,0,0,0,0,0,0,0,0,0,0,0,0,0,0,0,0,0
909384,,0,909380,1,0,0,0,0,106,3430,3,1,0,0,0,0,0,0,0,0,0,0,0,0,0,0,0,0,0,0,0,0,0,0
909385,,0,909380,1,0,0,0,0,108,3430,4,1,0,0,0,0,0,0,0,0,0,0,0,0,0,0,0,0,0,0,0,0,0,0
909386,,0,909380,1,0,0,0,0,110,3430,5,1,0,0,0,0,0,0,0,0,0,0,0,0,0,0,0,0,0,0,0,0,0,0
909387,,0,909380,1,0,0,0,0,114,3430,6,1,0,0,0,0,0,0,0,0,0,0,0,0,0,0,0,0,0,0,0,0,0,0
909388,,0,909380,1,0,0,0,0,117,3430,7,1,0,0,0,0,0,0,0,0,0,0,0,0,0,0,0,0,0,0,0,0,0,0
909389,,0,909380,1,0,0,0,0,101,3430,8,1,0,0,0,0,0,0,0,0,0,0,0,0,0,0,0,0,0,0,0,0,0,0
909390,,0,909390,0,0,0,1000,1001,0,0,0,0,0,0,0,0,0,0,0,0,0,0,0,0,0,0,0,0,0,0,0,0,0,0
909391,,0,909390,1,0,0,0,0,107,3430,0,1,0,0,0,0,0,0,0,0,0,0,0,0,0,0,0,0,0,0,0,0,0,0
909392,,0,909390,1,0,0,0,0,109,3430,1,1,0,0,0,0,0,0,0,0,0,0,0,0,0,0,0,0,0,0,0,0,0,0
909393,,0,909390,1,0,0,0,0,111,3430,2,1,0,0,0,0,0,0,0,0,0,0,0,0,0,0,0,0,0,0,0,0,0,0
909394,,0,909390,1,0,0,0,0,112,3430,3,1,0,0,0,0,0,0,0,0,0,0,0,0,0,0,0,0,0,0,0,0,0,0
909395,,0,909390,1,0,0,0,0,113,3430,4,1,0,0,0,0,0,0,0,0,0,0,0,0,0,0,0,0,0,0,0,0,0,0
909396,,0,909390,1,0,0,0,0,116,3430,5,1,0,0,0,0,0,0,0,0,0,0,0,0,0,0,0,0,0,0,0,0,0,0
909397,,0,909390,1,0,0,0,0,120,3430,6,1,0,0,0,0,0,0,0,0,0,0,0,0,0,0,0,0,0,0,0,0,0,0
909400,,0,909400,0,0,0,1000,1001,0,0,0,0,0,0,0,0,0,0,0,0,0,0,0,0,0,0,0,0,0,0,0,0,0,0
909401,,0,909400,1,0,0,0,0,121,3000,0,0,0,0,0,0,0,0,0,0,0,0,0,0,0,0,0,0,0,0,0,0,0,0
909402,,0,909400,1,0,0,0,0,122,3000,1,0,0,0,0,0,0,0,0,0,0,0,0,0,0,0,0,0,0,0,0,0,0,0
909403,,0,909400,1,0,0,0,0,123,3000,2,0,0,0,0,0,0,0,0,0,0,0,0,0,0,0,0,0,0,0,0,0,0,0
909404,,0,909400,1,0,0,0,0,125,3000,4,0,0,0,0,0,0,0,0,0,0,0,0,0,0,0,0,0,0,0,0,0,0,0
909405,,0,909400,1,0,0,0,0,127,3000,6,0,0,0,0,0,0,0,0,0,0,0,0,0,0,0,0,0,0,0,0,0,0,0
909406,,0,909400,1,0,0,0,0,128,3000,7,0,0,0,0,0,0,0,0,0,0,0,0,0,0,0,0,0,0,0,0,0,0,0
909407,,0,909400,1,0,0,0,0,129,3000,8,0,0,0,0,0,0,0,0,0,0,0,0,0,0,0,0,0,0,0,0,0,0,0
909410,,0,909410,0,0,0,1000,1001,0,0,0,0,0,0,0,0,0,0,0,0,0,0,0,0,0,0,0,0,0,0,0,0,0,0
909411,,0,909410,1,0,0,0,0,121,3030,0,0,0,0,0,0,0,0,0,0,0,0,0,0,0,0,0,0,0,0,0,0,0,0
909412,,0,909410,1,0,0,0,0,122,3030,1,0,0,0,0,0,0,0,0,0,0,0,0,0,0,0,0,0,0,0,0,0,0,0
909413,,0,909410,1,0,0,0,0,123,3030,2,0,0,0,0,0,0,0,0,0,0,0,0,0,0,0,0,0,0,0,0,0,0,0
909414,,0,909410,1,0,0,0,0,125,3030,4,0,0,0,0,0,0,0,0,0,0,0,0,0,0,0,0,0,0,0,0,0,0,0
909415,,0,909410,1,0,0,0,0,127,3030,6,0,0,0,0,0,0,0,0,0,0,0,0,0,0,0,0,0,0,0,0,0,0,0
909416,,0,909410,1,0,0,0,0,128,3030,7,0,0,0,0,0,0,0,0,0,0,0,0,0,0,0,0,0,0,0,0,0,0,0
909417,,0,909410,1,0,0,0,0,129,3030,8,0,0,0,0,0,0,0,0,0,0,0,0,0,0,0,0,0,0,0,0,0,0,0
909420,,0,909420,0,0,0,1000,1001,0,0,0,0,0,0,0,0,0,0,0,0,0,0,0,0,0,0,0,0,0,0,0,0,0,0
909421,,0,909420,1,0,0,0,0,121,3800,0,0,0,0,0,0,0,0,0,0,0,0,0,0,0,0,0,0,0,0,0,0,0,0
909422,,0,909420,1,0,0,0,0,122,3800,1,0,0,0,0,0,0,0,0,0,0,0,0,0,0,0,0,0,0,0,0,0,0,0
909423,,0,909420,1,0,0,0,0,123,3800,2,0,0,0,0,0,0,0,0,0,0,0,0,0,0,0,0,0,0,0,0,0,0,0
909424,,0,909420,1,0,0,0,0,125,3800,4,0,0,0,0,0,0,0,0,0,0,0,0,0,0,0,0,0,0,0,0,0,0,0
909425,,0,909420,1,0,0,0,0,127,3800,6,0,0,0,0,0,0,0,0,0,0,0,0,0,0,0,0,0,0,0,0,0,0,0
909426,,0,909420,1,0,0,0,0,128,3800,7,0,0,0,0,0,0,0,0,0,0,0,0,0,0,0,0,0,0,0,0,0,0,0
909427,,0,909420,1,0,0,0,0,129,3800,8,0,0,0,0,0,0,0,0,0,0,0,0,0,0,0,0,0,0,0,0,0,0,0
909430,,0,909430,0,0,0,1000,1001,0,0,0,0,0,0,0,0,0,0,0,0,0,0,0,0,0,0,0,0,0,0,0,0,0,0
909431,,0,909430,1,0,0,0,0,121,3810,0,0,0,0,0,0,0,0,0,0,0,0,0,0,0,0,0,0,0,0,0,0,0,0
909432,,0,909430,1,0,0,0,0,122,3810,1,0,0,0,0,0,0,0,0,0,0,0,0,0,0,0,0,0,0,0,0,0,0,0
909433,,0,909430,1,0,0,0,0,123,3810,2,0,0,0,0,0,0,0,0,0,0,0,0,0,0,0,0,0,0,0,0,0,0,0
909434,,0,909430,1,0,0,0,0,125,3810,4,0,0,0,0,0,0,0,0,0,0,0,0,0,0,0,0,0,0,0,0,0,0,0
909435,,0,909430,1,0,0,0,0,127,3810,6,0,0,0,0,0,0,0,0,0,0,0,0,0,0,0,0,0,0,0,0,0,0,0
909436,,0,909430,1,0,0,0,0,128,3810,7,0,0,0,0,0,0,0,0,0,0,0,0,0,0,0,0,0,0,0,0,0,0,0
909437,,0,909430,1,0,0,0,0,129,3810,8,0,0,0,0,0,0,0,0,0,0,0,0,0,0,0,0,0,0,0,0,0,0,0
909440,,0,909440,0,0,0,1000,1001,0,0,0,0,0,0,0,0,0,0,0,0,0,0,0,0,0,0,0,0,0,0,0,0,0,0
909441,,0,909440,1,0,0,0,0,350,4101,0,0,0,0,0,0,0,0,0,0,0,0,0,0,0,0,0,0,0,0,0,0,0,0
909442,,0,909440,1,0,0,0,0,351,4101,1,0,0,0,0,0,0,0,0,0,0,0,0,0,0,0,0,0,0,0,0,0,0,0
909443,,0,909440,1,0,0,0,0,352,4101,2,0,0,0,0,0,0,0,0,0,0,0,0,0,0,0,0,0,0,0,0,0,0,0
909444,,0,909440,1,0,0,0,0,356,4101,3,0,0,0,0,0,0,0,0,0,0,0,0,0,0,0,0,0,0,0,0,0,0,0
909445,,0,909440,1,0,0,0,0,357,4101,4,0,0,0,0,0,0,0,0,0,0,0,0,0,0,0,0,0,0,0,0,0,0,0
909446,,0,909440,1,0,0,0,0,358,4101,5,0,0,0,0,0,0,0,0,0,0,0,0,0,0,0,0,0,0,0,0,0,0,0
909447,,0,909440,1,0,0,0,0,360,4101,6,0,0,0,0,0,0,0,0,0,0,0,0,0,0,0,0,0,0,0,0,0,0,0
909448,,0,909440,1,0,0,0,0,362,4101,7,0,0,0,0,0,0,0,0,0,0,0,0,0,0,0,0,0,0,0,0,0,0,0
909449,,0,909440,1,0,0,0,0,364,4101,8,0,0,0,0,0,0,0,0,0,0,0,0,0,0,0,0,0,0,0,0,0,0,0
909450,,0,909450,0,0,0,1000,1001,0,0,0,0,0,0,0,0,0,0,0,0,0,0,0,0,0,0,0,0,0,0,0,0,0,0
909451,,0,909450,1,0,0,0,0,350,4302,0,0,0,0,0,0,0,0,0,0,0,0,0,0,0,0,0,0,0,0,0,0,0,0
909452,,0,909450,1,0,0,0,0,351,4302,1,0,0,0,0,0,0,0,0,0,0,0,0,0,0,0,0,0,0,0,0,0,0,0
909453,,0,909450,1,0,0,0,0,352,4302,2,0,0,0,0,0,0,0,0,0,0,0,0,0,0,0,0,0,0,0,0,0,0,0
909454,,0,909450,1,0,0,0,0,356,4302,3,0,0,0,0,0,0,0,0,0,0,0,0,0,0,0,0,0,0,0,0,0,0,0
909455,,0,909450,1,0,0,0,0,357,4302,4,0,0,0,0,0,0,0,0,0,0,0,0,0,0,0,0,0,0,0,0,0,0,0
909456,,0,909450,1,0,0,0,0,358,4302,5,0,0,0,0,0,0,0,0,0,0,0,0,0,0,0,0,0,0,0,0,0,0,0
909457,,0,909450,1,0,0,0,0,360,4302,6,0,0,0,0,0,0,0,0,0,0,0,0,0,0,0,0,0,0,0,0,0,0,0
909458,,0,909450,1,0,0,0,0,362,4302,7,0,0,0,0,0,0,0,0,0,0,0,0,0,0,0,0,0,0,0,0,0,0,0
909459,,0,909450,1,0,0,0,0,364,4302,8,0,0,0,0,0,0,0,0,0,0,0,0,0,0,0,0,0,0,0,0,0,0,0
909460,,0,909460,0,0,0,1000,1001,0,0,0,0,0,0,0,0,0,0,0,0,0,0,0,0,0,0,0,0,0,0,0,0,0,0
909461,,0,909460,1,0,0,0,0,350,4401,0,0,0,0,0,0,0,0,0,0,0,0,0,0,0,0,0,0,0,0,0,0,0,0
909462,,0,909460,1,0,0,0,0,351,4401,1,0,0,0,0,0,0,0,0,0,0,0,0,0,0,0,0,0,0,0,0,0,0,0
909463,,0,909460,1,0,0,0,0,352,4401,2,0,0,0,0,0,0,0,0,0,0,0,0,0,0,0,0,0,0,0,0,0,0,0
909464,,0,909460,1,0,0,0,0,356,4401,3,0,0,0,0,0,0,0,0,0,0,0,0,0,0,0,0,0,0,0,0,0,0,0
909465,,0,909460,1,0,0,0,0,357,4401,4,0,0,0,0,0,0,0,0,0,0,0,0,0,0,0,0,0,0,0,0,0,0,0
909466,,0,909460,1,0,0,0,0,358,4401,5,0,0,0,0,0,0,0,0,0,0,0,0,0,0,0,0,0,0,0,0,0,0,0
909467,,0,909460,1,0,0,0,0,360,4401,6,0,0,0,0,0,0,0,0,0,0,0,0,0,0,0,0,0,0,0,0,0,0,0
909468,,0,909460,1,0,0,0,0,362,4401,7,0,0,0,0,0,0,0,0,0,0,0,0,0,0,0,0,0,0,0,0,0,0,0
909469,,0,909460,1,0,0,0,0,364,4401,8,0,0,0,0,0,0,0,0,0,0,0,0,0,0,0,0,0,0,0,0,0,0,0
909470,,0,909470,0,0,0,1000,1001,0,0,0,0,0,0,0,0,0,0,0,0,0,0,0,0,0,0,0,0,0,0,0,0,0,0
909471,,0,909470,1,0,0,0,0,350,4501,0,0,0,0,0,0,0,0,0,0,0,0,0,0,0,0,0,0,0,0,0,0,0,0
909472,,0,909470,1,0,0,0,0,351,4501,1,0,0,0,0,0,0,0,0,0,0,0,0,0,0,0,0,0,0,0,0,0,0,0
909473,,0,909470,1,0,0,0,0,352,4501,2,0,0,0,0,0,0,0,0,0,0,0,0,0,0,0,0,0,0,0,0,0,0,0
909474,,0,909470,1,0,0,0,0,356,4501,3,0,0,0,0,0,0,0,0,0,0,0,0,0,0,0,0,0,0,0,0,0,0,0
909475,,0,909470,1,0,0,0,0,357,4501,4,0,0,0,0,0,0,0,0,0,0,0,0,0,0,0,0,0,0,0,0,0,0,0
909476,,0,909470,1,0,0,0,0,358,4501,5,0,0,0,0,0,0,0,0,0,0,0,0,0,0,0,0,0,0,0,0,0,0,0
909477,,0,909470,1,0,0,0,0,360,4501,6,0,0,0,0,0,0,0,0,0,0,0,0,0,0,0,0,0,0,0,0,0,0,0
909478,,0,909470,1,0,0,0,0,362,4501,7,0,0,0,0,0,0,0,0,0,0,0,0,0,0,0,0,0,0,0,0,0,0,0
909479,,0,909470,1,0,0,0,0,364,4501,8,0,0,0,0,0,0,0,0,0,0,0,0,0,0,0,0,0,0,0,0,0,0,0
909480,,0,909480,0,0,0,1000,1001,0,0,0,0,0,0,0,0,0,0,0,0,0,0,0,0,0,0,0,0,0,0,0,0,0,0
909481,,0,909480,2,0,0,0,0,0,0,0,0,7603,0,0,0,0,0,0,0,13,0,0,0,0,0,0,0,0,0,0,0,0,0
909482,,0,909480,1,0,0,0,0,309,4130,0,0,0,0,0,0,0,0,0,0,0,0,0,0,0,0,0,0,0,0,0,0,0,0
909483,,0,909480,1,0,0,0,0,315,4130,1,0,0,0,0,0,0,0,0,0,0,0,0,0,0,0,0,0,0,0,0,0,0,0
909484,,0,909480,1,0,0,0,0,316,4130,2,0,0,0,0,0,0,0,0,0,0,0,0,0,0,0,0,0,0,0,0,0,0,0
909485,,0,909480,1,0,0,0,0,317,4130,3,0,0,0,0,0,0,0,0,0,0,0,0,0,0,0,0,0,0,0,0,0,0,0
909486,,0,909480,1,0,0,0,0,318,4130,4,0,0,0,0,0,0,0,0,0,0,0,0,0,0,0,0,0,0,0,0,0,0,0
909487,,0,909480,1,0,0,0,0,319,4130,5,0,0,0,0,0,0,0,0,0,0,0,0,0,0,0,0,0,0,0,0,0,0,0
909488,,0,909480,1,0,0,0,0,320,4130,6,0,0,0,0,0,0,0,0,0,0,0,0,0,0,0,0,0,0,0,0,0,0,0
909489,,0,909480,1,0,0,0,0,321,4130,7,0,0,0,0,0,0,0,0,0,0,0,0,0,0,0,0,0,0,0,0,0,0,0
909490,,0,909480,1,0,0,0,0,322,4130,8,0,0,0,0,0,0,0,0,0,0,0,0,0,0,0,0,0,0,0,0,0,0,0
909500,,0,909500,0,0,0,1000,1001,0,0,0,0,0,0,0,0,0,0,0,0,0,0,0,0,0,0,0,0,0,0,0,0,0,0
909501,,0,909500,2,0,0,0,0,0,0,0,0,7603,0,0,0,0,0,0,0,13,0,0,0,0,0,0,0,0,0,0,0,0,0
909502,,0,909500,1,0,0,0,0,309,4330,0,0,0,0,0,0,0,0,0,0,0,0,0,0,0,0,0,0,0,0,0,0,0,0
909503,,0,909500,1,0,0,0,0,315,4330,1,0,0,0,0,0,0,0,0,0,0,0,0,0,0,0,0,0,0,0,0,0,0,0
909504,,0,909500,1,0,0,0,0,316,4330,2,0,0,0,0,0,0,0,0,0,0,0,0,0,0,0,0,0,0,0,0,0,0,0
909505,,0,909500,1,0,0,0,0,317,4330,3,0,0,0,0,0,0,0,0,0,0,0,0,0,0,0,0,0,0,0,0,0,0,0
909506,,0,909500,1,0,0,0,0,318,4330,4,0,0,0,0,0,0,0,0,0,0,0,0,0,0,0,0,0,0,0,0,0,0,0
909507,,0,909500,1,0,0,0,0,319,4330,5,0,0,0,0,0,0,0,0,0,0,0,0,0,0,0,0,0,0,0,0,0,0,0
909508,,0,909500,1,0,0,0,0,320,4330,6,0,0,0,0,0,0,0,0,0,0,0,0,0,0,0,0,0,0,0,0,0,0,0
909509,,0,909500,1,0,0,0,0,321,4330,7,0,0,0,0,0,0,0,0,0,0,0,0,0,0,0,0,0,0,0,0,0,0,0
909510,,0,909500,1,0,0,0,0,322,4330,8,0,0,0,0,0,0,0,0,0,0,0,0,0,0,0,0,0,0,0,0,0,0,0
909520,,0,909520,0,0,0,1000,1001,0,0,0,0,0,0,0,0,0,0,0,0,0,0,0,0,0,0,0,0,0,0,0,0,0,0
909521,,0,909520,1,0,0,0,0,300,4340,0,0,0,0,0,0,0,0,0,0,0,0,0,0,0,0,0,0,0,0,0,0,0,0
909522,,0,909520,1,0,0,0,0,301,4340,1,0,0,0,0,0,0,0,0,0,0,0,0,0,0,0,0,0,0,0,0,0,0,0
909523,,0,909520,1,0,0,0,0,302,4340,2,0,0,0,0,0,0,0,0,0,0,0,0,0,0,0,0,0,0,0,0,0,0,0
909524,,0,909520,1,0,0,0,0,305,4340,3,0,0,0,0,0,0,0,0,0,0,0,0,0,0,0,0,0,0,0,0,0,0,0
909525,,0,909520,1,0,0,0,0,306,4340,4,0,0,0,0,0,0,0,0,0,0,0,0,0,0,0,0,0,0,0,0,0,0,0
909530,,0,909530,0,0,0,1000,1001,0,0,0,0,0,0,0,0,0,0,0,0,0,0,0,0,0,0,0,0,0,0,0,0,0,0
909531,,0,909530,1,0,0,0,0,307,4340,5,0,0,0,0,0,0,0,0,0,0,0,0,0,0,0,0,0,0,0,0,0,0,0
909532,,0,909530,1,0,0,0,0,308,4340,6,0,0,0,0,0,0,0,0,0,0,0,0,0,0,0,0,0,0,0,0,0,0,0
909533,,0,909530,1,0,0,0,0,310,4340,7,0,0,0,0,0,0,0,0,0,0,0,0,0,0,0,0,0,0,0,0,0,0,0
909534,,0,909530,1,0,0,0,0,312,4340,8,0,0,0,0,0,0,0,0,0,0,0,0,0,0,0,0,0,0,0,0,0,0,0
909535,,0,909530,1,0,0,0,0,313,4340,9,0,0,0,0,0,0,0,0,0,0,0,0,0,0,0,0,0,0,0,0,0,0,0
909536,,0,909530,1,0,0,0,0,314,4340,1,0,0,0,0,0,0,0,0,0,0,0,0,0,0,0,0,0,0,0,0,0,0,0
909540,,0,909540,0,0,0,1000,1001,0,0,0,0,0,0,0,0,0,0,0,0,0,0,0,0,0,0,0,0,0,0,0,0,0,0
909541,,0,909540,1,0,0,0,0,300,4350,0,0,0,0,0,0,0,0,0,0,0,0,0,0,0,0,0,0,0,0,0,0,0,0
909542,,0,909540,1,0,0,0,0,301,4350,1,0,0,0,0,0,0,0,0,0,0,0,0,0,0,0,0,0,0,0,0,0,0,0
909543,,0,909540,1,0,0,0,0,302,4350,2,0,0,0,0,0,0,0,0,0,0,0,0,0,0,0,0,0,0,0,0,0,0,0
909544,,0,909540,1,0,0,0,0,305,4350,3,0,0,0,0,0,0,0,0,0,0,0,0,0,0,0,0,0,0,0,0,0,0,0
909545,,0,909540,1,0,0,0,0,306,4350,4,0,0,0,0,0,0,0,0,0,0,0,0,0,0,0,0,0,0,0,0,0,0,0
909550,,0,909550,0,0,0,1000,1001,0,0,0,0,0,0,0,0,0,0,0,0,0,0,0,0,0,0,0,0,0,0,0,0,0,0
909551,,0,909550,1,0,0,0,0,307,4350,5,0,0,0,0,0,0,0,0,0,0,0,0,0,0,0,0,0,0,0,0,0,0,0
909552,,0,909550,1,0,0,0,0,308,4350,6,0,0,0,0,0,0,0,0,0,0,0,0,0,0,0,0,0,0,0,0,0,0,0
909553,,0,909550,1,0,0,0,0,310,4350,7,0,0,0,0,0,0,0,0,0,0,0,0,0,0,0,0,0,0,0,0,0,0,0
909554,,0,909550,1,0,0,0,0,312,4350,8,0,0,0,0,0,0,0,0,0,0,0,0,0,0,0,0,0,0,0,0,0,0,0
909555,,0,909550,1,0,0,0,0,313,4350,9,0,0,0,0,0,0,0,0,0,0,0,0,0,0,0,0,0,0,0,0,0,0,0
909556,,0,909550,1,0,0,0,0,314,4350,1,0,0,0,0,0,0,0,0,0,0,0,0,0,0,0,0,0,0,0,0,0,0,0
909560,,0,909560,0,0,0,1000,1001,0,0,0,0,0,0,0,0,0,0,0,0,0,0,0,0,0,0,0,0,0,0,0,0,0,0
909561,,0,909560,1,0,0,0,0,300,4300,0,0,0,0,0,0,0,0,0,0,0,0,0,0,0,0,0,0,0,0,0,0,0,0
909562,,0,909560,1,0,0,0,0,301,4300,1,0,0,0,0,0,0,0,0,0,0,0,0,0,0,0,0,0,0,0,0,0,0,0
909563,,0,909560,1,0,0,0,0,302,4300,2,0,0,0,0,0,0,0,0,0,0,0,0,0,0,0,0,0,0,0,0,0,0,0
909564,,0,909560,1,0,0,0,0,305,4300,3,0,0,0,0,0,0,0,0,0,0,0,0,0,0,0,0,0,0,0,0,0,0,0
909565,,0,909560,1,0,0,0,0,306,4300,4,0,0,0,0,0,0,0,0,0,0,0,0,0,0,0,0,0,0,0,0,0,0,0
909570,,0,909570,0,0,0,1000,1001,0,0,0,0,0,0,0,0,0,0,0,0,0,0,0,0,0,0,0,0,0,0,0,0,0,0
909571,,0,909570,1,0,0,0,0,307,4300,5,0,0,0,0,0,0,0,0,0,0,0,0,0,0,0,0,0,0,0,0,0,0,0
909572,,0,909570,1,0,0,0,0,308,4300,6,0,0,0,0,0,0,0,0,0,0,0,0,0,0,0,0,0,0,0,0,0,0,0
909573,,0,909570,1,0,0,0,0,310,4300,7,0,0,0,0,0,0,0,0,0,0,0,0,0,0,0,0,0,0,0,0,0,0,0
909574,,0,909570,1,0,0,0,0,312,4300,8,0,0,0,0,0,0,0,0,0,0,0,0,0,0,0,0,0,0,0,0,0,0,0
909575,,0,909570,1,0,0,0,0,313,4300,9,0,0,0,0,0,0,0,0,0,0,0,0,0,0,0,0,0,0,0,0,0,0,0
909576,,0,909570,1,0,0,0,0,314,4300,1,0,0,0,0,0,0,0,0,0,0,0,0,0,0,0,0,0,0,0,0,0,0,0
909580,,1,909580,0,0,0,1000,1001,0,0,0,0,0,0,0,0,0,0,0,0,0,0,0,0,0,0,0,0,0,0,0,0,0,0
909581,,1,909580,1,0,0,0,0,124,3000,0,0,0,0,0,0,0,0,0,0,0,0,0,0,0,0,0,0,0,0,0,0,0,0
909582,,1,909580,1,0,0,0,0,126,3000,1,0,0,0,0,0,0,0,0,0,0,0,0,0,0,0,0,0,0,0,0,0,0,0
909590,,1,909590,0,0,0,1000,1001,0,0,0,0,0,0,0,0,0,0,0,0,0,0,0,0,0,0,0,0,0,0,0,0,0,0
909591,,1,909590,1,0,0,0,0,124,3030,0,0,0,0,0,0,0,0,0,0,0,0,0,0,0,0,0,0,0,0,0,0,0,0
909592,,1,909590,1,0,0,0,0,126,3030,1,0,0,0,0,0,0,0,0,0,0,0,0,0,0,0,0,0,0,0,0,0,0,0
909600,,1,909600,0,0,0,1000,1001,0,0,0,0,0,0,0,0,0,0,0,0,0,0,0,0,0,0,0,0,0,0,0,0,0,0
909601,,1,909600,1,0,0,0,0,124,3800,0,0,0,0,0,0,0,0,0,0,0,0,0,0,0,0,0,0,0,0,0,0,0,0
909602,,1,909600,1,0,0,0,0,126,3800,1,0,0,0,0,0,0,0,0,0,0,0,0,0,0,0,0,0,0,0,0,0,0,0
909610,,1,909610,0,0,0,1000,1001,0,0,0,0,0,0,0,0,0,0,0,0,0,0,0,0,0,0,0,0,0,0,0,0,0,0
909611,,1,909610,1,0,0,0,0,124,3810,0,0,0,0,0,0,0,0,0,0,0,0,0,0,0,0,0,0,0,0,0,0,0,0
909612,,1,909610,1,0,0,0,0,126,3810,1,0,0,0,0,0,0,0,0,0,0,0,0,0,0,0,0,0,0,0,0,0,0,0
910000,,0,910000,0,0,0,1000,1000,0,0,0,0,0,0,0,0,0,0,0,0,0,0,0,0,0,0,0,0,4770,4770,0,0,0,0
910001,,0,910000,1,0,0,0,0,502,4770,1,0,0,0,0,0,0,0,0,0,0,0,0,0,0,0,0,0,0,0,0,0,0,0
910002,,0,910000,1,0,0,0,0,518,4770,2,0,0,0,0,0,0,0,0,0,0,0,0,0,0,0,0,0,0,0,0,0,0,0
910003,,0,910000,1,0,0,0,0,503,4770,3,0,0,0,0,0,0,0,0,0,0,0,0,0,0,0,0,0,0,0,0,0,0,0
910004,,0,910000,1,0,0,0,0,504,4770,4,0,0,0,0,0,0,0,0,0,0,0,0,0,0,0,0,0,0,0,0,0,0,0
910005,,0,910000,1,0,0,0,0,505,4770,5,0,0,0,0,0,0,0,0,0,0,0,0,0,0,0,0,0,0,0,0,0,0,0
910006,,0,910000,2,0,0,0,0,0,0,0,0,47700000,147700000,247700000,347700000,447700000,547700000,7500,7501,0,0,0,0,0,0,0,0,0,0,0,0,0,0
910020,,0,910020,0,0,0,1006,1006,0,0,0,0,0,0,0,0,0,0,0,0,0,0,0,0,0,0,0,0,4770,4770,0,0,0,0
910021,,0,910020,1,0,0,0,0,507,4770,1,0,0,0,0,0,0,0,0,0,0,0,0,0,0,0,0,0,0,0,0,0,0,0
910022,,0,910020,1,0,0,0,0,509,4770,2,0,0,0,0,0,0,0,0,0,0,0,0,0,0,0,0,0,0,0,0,0,0,0
910023,,0,910020,1,0,0,0,0,512,4770,3,0,0,0,0,0,0,0,0,0,0,0,0,0,0,0,0,0,0,0,0,0,0,0
910024,,0,910020,1,0,0,0,0,513,4770,4,0,0,0,0,0,0,0,0,0,0,0,0,0,0,0,0,0,0,0,0,0,0,0
910026,,0,910020,2,0,0,0,0,511,4770,5,0,47700000,147700000,247700000,347700000,447700000,547700000,7500,7501,0,0,0,0,0,0,0,0,0,0,0,0,0,0
910030,,0,910030,0,0,0,1023,1023,0,0,0,0,0,0,0,0,0,0,0,0,0,0,0,0,0,0,0,0,4770,4770,0,0,0,0
910031,,0,910030,2,0,0,0,0,0,0,0,0,47700000,0,0,0,0,0,7500,7501,0,0,0,0,0,0,0,0,0,0,0,0,0,0
910035,,0,910035,0,0,0,1024,1024,0,0,0,0,0,0,0,0,0,0,0,0,0,0,0,0,0,0,0,0,4770,4770,0,0,0,0
910036,,0,910035,2,0,0,0,0,0,0,0,0,47700000,0,0,0,0,0,7500,7501,0,0,0,0,0,0,0,0,0,0,0,0,0,0
910040,,0,910040,0,0,0,1021,1021,0,0,0,0,0,0,0,0,0,0,0,0,0,0,0,0,0,0,0,0,4770,4770,0,0,0,0
910041,,0,910040,1,0,0,0,0,515,4770,1,0,0,0,0,0,0,0,0,0,0,0,0,0,0,0,0,0,0,0,0,0,0,0
910042,,0,910040,2,0,0,0,0,0,0,0,0,47700000,147700000,7669,0,0,0,7500,7501,0,0,0,0,0,0,0,0,0,0,0,0,0,0
910045,,0,910045,0,0,0,1010,1010,0,0,0,0,0,0,0,0,0,0,0,0,0,0,0,0,0,0,0,0,4770,4770,0,0,0,0
910046,,0,910045,2,0,0,0,0,0,0,0,0,47700000,0,0,0,0,0,7500,7501,0,0,0,0,0,0,0,0,0,0,0,0,0,0
910050,,0,910050,0,0,0,1000,1000,0,0,0,0,0,0,0,0,0,0,0,0,0,0,0,0,0,0,0,0,4780,4780,0,0,0,0
910051,,0,910050,1,0,0,0,0,502,4780,1,0,0,0,0,0,0,0,0,0,0,0,0,0,0,0,0,0,0,0,0,0,0,0
910052,,0,910050,1,0,0,0,0,518,4780,2,0,0,0,0,0,0,0,0,0,0,0,0,0,0,0,0,0,0,0,0,0,0,0
910053,,0,910050,1,0,0,0,0,503,4780,3,0,0,0,0,0,0,0,0,0,0,0,0,0,0,0,0,0,0,0,0,0,0,0
910054,,0,910050,1,0,0,0,0,504,4780,4,0,0,0,0,0,0,0,0,0,0,0,0,0,0,0,0,0,0,0,0,0,0,0
910055,,0,910050,1,0,0,0,0,505,4780,5,0,0,0,0,0,0,0,0,0,0,0,0,0,0,0,0,0,0,0,0,0,0,0
910056,,0,910050,2,0,0,0,0,0,0,0,0,47800000,147800000,247800000,347800000,447800000,547800000,7500,7501,0,0,0,0,0,0,0,0,0,0,0,0,0,0
910070,,0,910070,0,0,0,1006,1006,0,0,0,0,0,0,0,0,0,0,0,0,0,0,0,0,0,0,0,0,4780,4780,0,0,0,0
910071,,0,910070,1,0,0,0,0,507,4780,1,0,0,0,0,0,0,0,0,0,0,0,0,0,0,0,0,0,0,0,0,0,0,0
910072,,0,910070,1,0,0,0,0,509,4780,2,0,0,0,0,0,0,0,0,0,0,0,0,0,0,0,0,0,0,0,0,0,0,0
910073,,0,910070,1,0,0,0,0,512,4780,3,0,0,0,0,0,0,0,0,0,0,0,0,0,0,0,0,0,0,0,0,0,0,0
910074,,0,910070,1,0,0,0,0,513,4780,4,0,0,0,0,0,0,0,0,0,0,0,0,0,0,0,0,0,0,0,0,0,0,0
910075,,0,910070,2,0,0,0,0,511,4780,5,0,47800000,147800000,247800000,347800000,447800000,547800000,7500,7501,0,0,0,0,0,0,0,0,0,0,0,0,0,0
910080,,0,910080,0,0,0,1023,1023,0,0,0,0,0,0,0,0,0,0,0,0,0,0,0,0,0,0,0,0,4780,4780,0,0,0,0
910081,,0,910080,2,0,0,0,0,0,0,0,0,47800000,0,0,0,0,0,7500,7501,0,0,0,0,0,0,0,0,0,0,0,0,0,0
910085,,0,910085,0,0,0,1024,1024,0,0,0,0,0,0,0,0,0,0,0,0,0,0,0,0,0,0,0,0,4780,4780,0,0,0,0
910086,,0,910085,2,0,0,0,0,0,0,0,0,47800000,0,0,0,0,0,7500,7501,0,0,0,0,0,0,0,0,0,0,0,0,0,0
910090,,0,910090,0,0,0,1021,1021,0,0,0,0,0,0,0,0,0,0,0,0,0,0,0,0,0,0,0,0,4780,4780,0,0,0,0
910091,,0,910090,1,0,0,0,0,515,4780,1,0,0,0,0,0,0,0,0,0,0,0,0,0,0,0,0,0,0,0,0,0,0,0
910092,,0,910090,2,0,0,0,0,0,0,0,0,47800000,147800000,7669,0,0,0,7500,7501,0,0,0,0,0,0,0,0,0,0,0,0,0,0
910095,,0,910095,0,0,0,1010,1010,0,0,0,0,0,0,0,0,0,0,0,0,0,0,0,0,0,0,0,0,4780,4780,0,0,0,0
910096,,0,910095,2,0,0,0,0,0,0,0,0,47800000,0,0,0,0,0,7500,7501,0,0,0,0,0,0,0,0,0,0,0,0,0,0
910100,,0,910100,0,0,0,1000,1000,0,0,0,0,0,0,0,0,0,0,0,0,0,0,0,0,0,0,0,0,4790,4790,0,0,0,0
910101,,0,910100,1,0,0,0,0,502,4790,1,0,0,0,0,0,0,0,0,0,0,0,0,0,0,0,0,0,0,0,0,0,0,0
910102,,0,910100,1,0,0,0,0,518,4790,2,0,0,0,0,0,0,0,0,0,0,0,0,0,0,0,0,0,0,0,0,0,0,0
910103,,0,910100,1,0,0,0,0,503,4790,3,0,0,0,0,0,0,0,0,0,0,0,0,0,0,0,0,0,0,0,0,0,0,0
910104,,0,910100,1,0,0,0,0,504,4790,4,0,0,0,0,0,0,0,0,0,0,0,0,0,0,0,0,0,0,0,0,0,0,0
910105,,0,910100,1,0,0,0,0,505,4790,5,0,0,0,0,0,0,0,0,0,0,0,0,0,0,0,0,0,0,0,0,0,0,0
910106,,0,910100,2,0,0,0,0,0,0,0,0,47900000,147900000,247900000,347900000,447900000,547900000,7500,7501,0,0,0,0,0,0,0,0,0,0,0,0,0,0
910120,,0,910120,0,0,0,1006,1006,0,0,0,0,0,0,0,0,0,0,0,0,0,0,0,0,0,0,0,0,4790,4790,0,0,0,0
910121,,0,910120,1,0,0,0,0,507,4790,1,0,0,0,0,0,0,0,0,0,0,0,0,0,0,0,0,0,0,0,0,0,0,0
910122,,0,910120,1,0,0,0,0,509,4790,2,0,0,0,0,0,0,0,0,0,0,0,0,0,0,0,0,0,0,0,0,0,0,0
910123,,0,910120,1,0,0,0,0,512,4790,3,0,0,0,0,0,0,0,0,0,0,0,0,0,0,0,0,0,0,0,0,0,0,0
910124,,0,910120,1,0,0,0,0,513,4790,4,0,0,0,0,0,0,0,0,0,0,0,0,0,0,0,0,0,0,0,0,0,0,0
910126,,0,910120,2,0,0,0,0,511,4790,5,0,47900000,147900000,247900000,347900000,447900000,547900000,7500,7501,0,0,0,0,0,0,0,0,0,0,0,0,0,0
910130,,0,910130,0,0,0,1023,1023,0,0,0,0,0,0,0,0,0,0,0,0,0,0,0,0,0,0,0,0,4790,4790,0,0,0,0
910131,,0,910130,2,0,0,0,0,0,0,0,0,47900000,0,0,0,0,0,7500,7501,0,0,0,0,0,0,0,0,0,0,0,0,0,0
910135,,0,910135,0,0,0,1024,1024,0,0,0,0,0,0,0,0,0,0,0,0,0,0,0,0,0,0,0,0,4790,4790,0,0,0,0
910136,,0,910135,2,0,0,0,0,0,0,0,0,47900000,0,0,0,0,0,7500,7501,0,0,0,0,0,0,0,0,0,0,0,0,0,0
910140,,0,910140,0,0,0,1021,1021,0,0,0,0,0,0,0,0,0,0,0,0,0,0,0,0,0,0,0,0,4790,4790,0,0,0,0
910141,,0,910140,1,0,0,0,0,515,4790,1,0,0,0,0,0,0,0,0,0,0,0,0,0,0,0,0,0,0,0,0,0,0,0
910142,,0,910140,2,0,0,0,0,0,0,0,0,47900000,147900000,7669,0,0,0,7500,7501,0,0,0,0,0,0,0,0,0,0,0,0,0,0
910145,,0,910145,0,0,0,1010,1010,0,0,0,0,0,0,0,0,0,0,0,0,0,0,0,0,0,0,0,0,4790,4790,0,0,0,0
910146,,0,910145,2,0,0,0,0,0,0,0,0,47900000,0,0,0,0,0,7500,7501,0,0,0,0,0,0,0,0,0,0,0,0,0,0
910150,,0,910150,0,0,0,1000,1000,0,0,0,0,0,0,0,0,0,0,0,0,0,0,0,0,0,0,0,0,4800,4800,0,0,0,0
910151,,0,910150,1,0,0,0,0,502,4800,1,0,0,0,0,0,0,0,0,0,0,0,0,0,0,0,0,0,0,0,0,0,0,0
910152,,0,910150,1,0,0,0,0,518,4800,2,0,0,0,0,0,0,0,0,0,0,0,0,0,0,0,0,0,0,0,0,0,0,0
910153,,0,910150,1,0,0,0,0,503,4800,3,0,0,0,0,0,0,0,0,0,0,0,0,0,0,0,0,0,0,0,0,0,0,0
910154,,0,910150,1,0,0,0,0,504,4800,4,0,0,0,0,0,0,0,0,0,0,0,0,0,0,0,0,0,0,0,0,0,0,0
910155,,0,910150,1,0,0,0,0,505,4800,5,0,0,0,0,0,0,0,0,0,0,0,0,0,0,0,0,0,0,0,0,0,0,0
910156,,0,910150,2,0,0,0,0,0,0,0,0,48000000,148000000,248000000,348000000,448000000,548000000,7500,7501,0,0,0,0,0,0,0,0,0,0,0,0,0,0
910170,,0,910170,0,0,0,1006,1006,0,0,0,0,0,0,0,0,0,0,0,0,0,0,0,0,0,0,0,0,4800,4800,0,0,0,0
910171,,0,910170,1,0,0,0,0,507,4800,1,0,0,0,0,0,0,0,0,0,0,0,0,0,0,0,0,0,0,0,0,0,0,0
910172,,0,910170,1,0,0,0,0,509,4800,2,0,0,0,0,0,0,0,0,0,0,0,0,0,0,0,0,0,0,0,0,0,0,0
910173,,0,910170,1,0,0,0,0,512,4800,3,0,0,0,0,0,0,0,0,0,0,0,0,0,0,0,0,0,0,0,0,0,0,0
910174,,0,910170,1,0,0,0,0,513,4800,4,0,0,0,0,0,0,0,0,0,0,0,0,0,0,0,0,0,0,0,0,0,0,0
910175,,0,910170,2,0,0,0,0,511,4800,5,0,48000000,148000000,248000000,348000000,448000000,548000000,7500,7501,0,0,0,0,0,0,0,0,0,0,0,0,0,0
910180,,0,910180,0,0,0,1023,1023,0,0,0,0,0,0,0,0,0,0,0,0,0,0,0,0,0,0,0,0,4800,4800,0,0,0,0
910181,,0,910180,2,0,0,0,0,0,0,0,0,48000000,0,0,0,0,0,7500,7501,0,0,0,0,0,0,0,0,0,0,0,0,0,0
910185,,0,910185,0,0,0,1024,1024,0,0,0,0,0,0,0,0,0,0,0,0,0,0,0,0,0,0,0,0,4800,4800,0,0,0,0
910186,,0,910185,2,0,0,0,0,0,0,0,0,48000000,0,0,0,0,0,7500,7501,0,0,0,0,0,0,0,0,0,0,0,0,0,0
910190,,0,910190,0,0,0,1021,1021,0,0,0,0,0,0,0,0,0,0,0,0,0,0,0,0,0,0,0,0,4800,4800,0,0,0,0
910191,,0,910190,1,0,0,0,0,515,4800,1,0,0,0,0,0,0,0,0,0,0,0,0,0,0,0,0,0,0,0,0,0,0,0
910192,,0,910190,2,0,0,0,0,0,0,0,0,48000000,148000000,7669,0,0,0,7500,7501,0,0,0,0,0,0,0,0,0,0,0,0,0,0
910195,,0,910195,0,0,0,1010,1010,0,0,0,0,0,0,0,0,0,0,0,0,0,0,0,0,0,0,0,0,4800,4800,0,0,0,0
910196,,0,910195,2,0,0,0,0,0,0,0,0,48000000,0,0,0,0,0,7500,7501,0,0,0,0,0,0,0,0,0,0,0,0,0,0
910200,,0,910200,0,0,0,1000,1000,0,0,0,0,0,0,0,0,0,0,0,0,0,0,0,0,0,0,0,0,4810,4810,0,0,0,0
910201,,0,910200,1,0,0,0,0,502,4810,1,0,0,0,0,0,0,0,0,0,0,0,0,0,0,0,0,0,0,0,0,0,0,0
910202,,0,910200,1,0,0,0,0,518,4810,2,0,0,0,0,0,0,0,0,0,0,0,0,0,0,0,0,0,0,0,0,0,0,0
910203,,0,910200,1,0,0,0,0,503,4810,3,0,0,0,0,0,0,0,0,0,0,0,0,0,0,0,0,0,0,0,0,0,0,0
910204,,0,910200,1,0,0,0,0,504,4810,4,0,0,0,0,0,0,0,0,0,0,0,0,0,0,0,0,0,0,0,0,0,0,0
910205,,0,910200,1,0,0,0,0,505,4810,5,0,0,0,0,0,0,0,0,0,0,0,0,0,0,0,0,0,0,0,0,0,0,0
910206,,0,910200,2,0,0,0,0,0,0,0,0,48100000,148100000,248100000,348100000,448100000,548100000,7500,7501,0,0,0,0,0,0,0,0,0,0,0,0,0,0
910220,,0,910220,0,0,0,1006,1006,0,0,0,0,0,0,0,0,0,0,0,0,0,0,0,0,0,0,0,0,4810,4810,0,0,0,0
910221,,0,910220,1,0,0,0,0,507,4810,1,0,0,0,0,0,0,0,0,0,0,0,0,0,0,0,0,0,0,0,0,0,0,0
910222,,0,910220,1,0,0,0,0,509,4810,2,0,0,0,0,0,0,0,0,0,0,0,0,0,0,0,0,0,0,0,0,0,0,0
910223,,0,910220,1,0,0,0,0,512,4810,3,0,0,0,0,0,0,0,0,0,0,0,0,0,0,0,0,0,0,0,0,0,0,0
910224,,0,910220,1,0,0,0,0,513,4810,4,0,0,0,0,0,0,0,0,0,0,0,0,0,0,0,0,0,0,0,0,0,0,0
910226,,0,910220,2,0,0,0,0,511,4810,5,0,48100000,148100000,248100000,348100000,448100000,548100000,7500,7501,0,0,0,0,0,0,0,0,0,0,0,0,0,0
910230,,0,910230,0,0,0,1023,1023,0,0,0,0,0,0,0,0,0,0,0,0,0,0,0,0,0,0,0,0,4810,4810,0,0,0,0
910231,,0,910230,2,0,0,0,0,0,0,0,0,48100000,0,0,0,0,0,7500,7501,0,0,0,0,0,0,0,0,0,0,0,0,0,0
910235,,0,910235,0,0,0,1024,1024,0,0,0,0,0,0,0,0,0,0,0,0,0,0,0,0,0,0,0,0,4810,4810,0,0,0,0
910236,,0,910235,2,0,0,0,0,0,0,0,0,48100000,0,0,0,0,0,7500,7501,0,0,0,0,0,0,0,0,0,0,0,0,0,0
910240,,0,910240,0,0,0,1021,1021,0,0,0,0,0,0,0,0,0,0,0,0,0,0,0,0,0,0,0,0,4810,4810,0,0,0,0
910241,,0,910240,1,0,0,0,0,515,4810,1,0,0,0,0,0,0,0,0,0,0,0,0,0,0,0,0,0,0,0,0,0,0,0
910242,,0,910240,2,0,0,0,0,0,0,0,0,48100000,148100000,7669,0,0,0,7500,7501,0,0,0,0,0,0,0,0,0,0,0,0,0,0
910245,,0,910245,0,0,0,1010,1010,0,0,0,0,0,0,0,0,0,0,0,0,0,0,0,0,0,0,0,0,4810,4810,0,0,0,0
910246,,0,910245,2,0,0,0,0,0,0,0,0,48100000,0,0,0,0,0,7500,7501,0,0,0,0,0,0,0,0,0,0,0,0,0,0
910250,,0,910250,0,0,0,1000,1000,0,0,0,0,0,0,0,0,0,0,0,0,0,0,0,0,0,0,0,0,4820,4820,0,0,0,0
910251,,0,910250,1,0,0,0,0,502,4820,1,0,0,0,0,0,0,0,0,0,0,0,0,0,0,0,0,0,0,0,0,0,0,0
910252,,0,910250,1,0,0,0,0,518,4820,2,0,0,0,0,0,0,0,0,0,0,0,0,0,0,0,0,0,0,0,0,0,0,0
910253,,0,910250,1,0,0,0,0,503,4820,3,0,0,0,0,0,0,0,0,0,0,0,0,0,0,0,0,0,0,0,0,0,0,0
910254,,0,910250,1,0,0,0,0,504,4820,4,0,0,0,0,0,0,0,0,0,0,0,0,0,0,0,0,0,0,0,0,0,0,0
910255,,0,910250,1,0,0,0,0,505,4820,5,0,0,0,0,0,0,0,0,0,0,0,0,0,0,0,0,0,0,0,0,0,0,0
910256,,0,910250,2,0,0,0,0,0,0,0,0,48200000,148200000,248200000,348200000,448200000,548200000,7500,7501,0,0,0,0,0,0,0,0,0,0,0,0,0,0
910270,,0,910270,0,0,0,1006,1006,0,0,0,0,0,0,0,0,0,0,0,0,0,0,0,0,0,0,0,0,4820,4820,0,0,0,0
910271,,0,910270,1,0,0,0,0,507,4820,1,0,0,0,0,0,0,0,0,0,0,0,0,0,0,0,0,0,0,0,0,0,0,0
910272,,0,910270,1,0,0,0,0,509,4820,2,0,0,0,0,0,0,0,0,0,0,0,0,0,0,0,0,0,0,0,0,0,0,0
910273,,0,910270,1,0,0,0,0,512,4820,3,0,0,0,0,0,0,0,0,0,0,0,0,0,0,0,0,0,0,0,0,0,0,0
910274,,0,910270,1,0,0,0,0,513,4820,4,0,0,0,0,0,0,0,0,0,0,0,0,0,0,0,0,0,0,0,0,0,0,0
910275,,0,910270,2,0,0,0,0,511,4820,5,0,48200000,148200000,248200000,348200000,448200000,548200000,7500,7501,0,0,0,0,0,0,0,0,0,0,0,0,0,0
910280,,0,910280,0,0,0,1023,1023,0,0,0,0,0,0,0,0,0,0,0,0,0,0,0,0,0,0,0,0,4820,4820,0,0,0,0
910281,,0,910280,2,0,0,0,0,0,0,0,0,48200000,0,0,0,0,0,7500,7501,0,0,0,0,0,0,0,0,0,0,0,0,0,0
910285,,0,910285,0,0,0,1024,1024,0,0,0,0,0,0,0,0,0,0,0,0,0,0,0,0,0,0,0,0,4820,4820,0,0,0,0
910286,,0,910285,2,0,0,0,0,0,0,0,0,48200000,0,0,0,0,0,7500,7501,0,0,0,0,0,0,0,0,0,0,0,0,0,0
910290,,0,910290,0,0,0,1021,1021,0,0,0,0,0,0,0,0,0,0,0,0,0,0,0,0,0,0,0,0,4820,4820,0,0,0,0
910291,,0,910290,1,0,0,0,0,515,4820,1,0,0,0,0,0,0,0,0,0,0,0,0,0,0,0,0,0,0,0,0,0,0,0
910292,,0,910290,2,0,0,0,0,0,0,0,0,48200000,148200000,7669,0,0,0,7500,7501,0,0,0,0,0,0,0,0,0,0,0,0,0,0
910295,,0,910295,0,0,0,1010,1010,0,0,0,0,0,0,0,0,0,0,0,0,0,0,0,0,0,0,0,0,4820,4820,0,0,0,0
910296,,0,910295,2,0,0,0,0,0,0,0,0,48200000,0,0,0,0,0,7500,7501,0,0,0,0,0,0,0,0,0,0,0,0,0,0
910300,,0,910300,0,0,0,1000,1000,0,0,0,0,0,0,0,0,0,0,0,0,0,0,0,0,0,0,0,0,4830,4830,0,0,0,0
910301,,0,910300,1,0,0,0,0,502,4830,1,0,0,0,0,0,0,0,0,0,0,0,0,0,0,0,0,0,0,0,0,0,0,0
910302,,0,910300,1,0,0,0,0,518,4830,2,0,0,0,0,0,0,0,0,0,0,0,0,0,0,0,0,0,0,0,0,0,0,0
910303,,0,910300,1,0,0,0,0,503,4830,3,0,0,0,0,0,0,0,0,0,0,0,0,0,0,0,0,0,0,0,0,0,0,0
910304,,0,910300,1,0,0,0,0,504,4830,4,0,0,0,0,0,0,0,0,0,0,0,0,0,0,0,0,0,0,0,0,0,0,0
910305,,0,910300,1,0,0,0,0,505,4830,5,0,0,0,0,0,0,0,0,0,0,0,0,0,0,0,0,0,0,0,0,0,0,0
910306,,0,910300,2,0,0,0,0,0,0,0,0,48300000,148300000,248300000,348300000,448300000,548300000,7500,7501,0,0,0,0,0,0,0,0,0,0,0,0,0,0
910320,,0,910320,0,0,0,1006,1006,0,0,0,0,0,0,0,0,0,0,0,0,0,0,0,0,0,0,0,0,4830,4830,0,0,0,0
910321,,0,910320,1,0,0,0,0,507,4830,1,0,0,0,0,0,0,0,0,0,0,0,0,0,0,0,0,0,0,0,0,0,0,0
910322,,0,910320,1,0,0,0,0,509,4830,2,0,0,0,0,0,0,0,0,0,0,0,0,0,0,0,0,0,0,0,0,0,0,0
910323,,0,910320,1,0,0,0,0,512,4830,3,0,0,0,0,0,0,0,0,0,0,0,0,0,0,0,0,0,0,0,0,0,0,0
910324,,0,910320,1,0,0,0,0,513,4830,4,0,0,0,0,0,0,0,0,0,0,0,0,0,0,0,0,0,0,0,0,0,0,0
910326,,0,910320,2,0,0,0,0,511,4830,5,0,48300000,148300000,248300000,348300000,448300000,548300000,7500,7501,0,0,0,0,0,0,0,0,0,0,0,0,0,0
910330,,0,910330,0,0,0,1023,1023,0,0,0,0,0,0,0,0,0,0,0,0,0,0,0,0,0,0,0,0,4830,4830,0,0,0,0
910331,,0,910330,2,0,0,0,0,0,0,0,0,48300000,0,0,0,0,0,7500,7501,0,0,0,0,0,0,0,0,0,0,0,0,0,0
910335,,0,910335,0,0,0,1024,1024,0,0,0,0,0,0,0,0,0,0,0,0,0,0,0,0,0,0,0,0,4830,4830,0,0,0,0
910336,,0,910335,2,0,0,0,0,0,0,0,0,48300000,0,0,0,0,0,7500,7501,0,0,0,0,0,0,0,0,0,0,0,0,0,0
910340,,0,910340,0,0,0,1021,1021,0,0,0,0,0,0,0,0,0,0,0,0,0,0,0,0,0,0,0,0,4830,4830,0,0,0,0
910341,,0,910340,1,0,0,0,0,515,4830,1,0,0,0,0,0,0,0,0,0,0,0,0,0,0,0,0,0,0,0,0,0,0,0
910342,,0,910340,2,0,0,0,0,0,0,0,0,48300000,148300000,7669,0,0,0,7500,7501,0,0,0,0,0,0,0,0,0,0,0,0,0,0
910345,,0,910345,0,0,0,1010,1010,0,0,0,0,0,0,0,0,0,0,0,0,0,0,0,0,0,0,0,0,4830,4830,0,0,0,0
910346,,0,910345,2,0,0,0,0,0,0,0,0,48300000,0,0,0,0,0,7500,7501,0,0,0,0,0,0,0,0,0,0,0,0,0,0
910350,,0,910350,0,0,0,1000,1000,0,0,0,0,0,0,0,0,0,0,0,0,0,0,0,0,0,0,0,0,4840,4840,0,0,0,0
910351,,0,910350,1,0,0,0,0,502,4840,1,0,0,0,0,0,0,0,0,0,0,0,0,0,0,0,0,0,0,0,0,0,0,0
910352,,0,910350,1,0,0,0,0,518,4840,2,0,0,0,0,0,0,0,0,0,0,0,0,0,0,0,0,0,0,0,0,0,0,0
910353,,0,910350,1,0,0,0,0,503,4840,3,0,0,0,0,0,0,0,0,0,0,0,0,0,0,0,0,0,0,0,0,0,0,0
910354,,0,910350,1,0,0,0,0,504,4840,4,0,0,0,0,0,0,0,0,0,0,0,0,0,0,0,0,0,0,0,0,0,0,0
910355,,0,910350,1,0,0,0,0,505,4840,5,0,0,0,0,0,0,0,0,0,0,0,0,0,0,0,0,0,0,0,0,0,0,0
910356,,0,910350,2,0,0,0,0,0,0,0,0,48400000,148400000,248400000,348400000,448400000,548400000,7500,7501,0,0,0,0,0,0,0,0,0,0,0,0,0,0
910370,,0,910370,0,0,0,1006,1006,0,0,0,0,0,0,0,0,0,0,0,0,0,0,0,0,0,0,0,0,4840,4840,0,0,0,0
910371,,0,910370,1,0,0,0,0,507,4840,1,0,0,0,0,0,0,0,0,0,0,0,0,0,0,0,0,0,0,0,0,0,0,0
910372,,0,910370,1,0,0,0,0,509,4840,2,0,0,0,0,0,0,0,0,0,0,0,0,0,0,0,0,0,0,0,0,0,0,0
910373,,0,910370,1,0,0,0,0,512,4840,3,0,0,0,0,0,0,0,0,0,0,0,0,0,0,0,0,0,0,0,0,0,0,0
910374,,0,910370,1,0,0,0,0,513,4840,4,0,0,0,0,0,0,0,0,0,0,0,0,0,0,0,0,0,0,0,0,0,0,0
910375,,0,910370,2,0,0,0,0,511,4840,5,0,48400000,148400000,248400000,348400000,448400000,548400000,7500,7501,0,0,0,0,0,0,0,0,0,0,0,0,0,0
910380,,0,910380,0,0,0,1023,1023,0,0,0,0,0,0,0,0,0,0,0,0,0,0,0,0,0,0,0,0,4840,4840,0,0,0,0
910381,,0,910380,2,0,0,0,0,0,0,0,0,48400000,0,0,0,0,0,7500,7501,0,0,0,0,0,0,0,0,0,0,0,0,0,0
910385,,0,910385,0,0,0,1024,1024,0,0,0,0,0,0,0,0,0,0,0,0,0,0,0,0,0,0,0,0,4840,4840,0,0,0,0
910386,,0,910385,2,0,0,0,0,0,0,0,0,48400000,0,0,0,0,0,7500,7501,0,0,0,0,0,0,0,0,0,0,0,0,0,0
910390,,0,910390,0,0,0,1021,1021,0,0,0,0,0,0,0,0,0,0,0,0,0,0,0,0,0,0,0,0,4840,4840,0,0,0,0
910391,,0,910390,1,0,0,0,0,515,4840,1,0,0,0,0,0,0,0,0,0,0,0,0,0,0,0,0,0,0,0,0,0,0,0
910392,,0,910390,2,0,0,0,0,0,0,0,0,48400000,148400000,7669,0,0,0,7500,7501,0,0,0,0,0,0,0,0,0,0,0,0,0,0
910395,,0,910395,0,0,0,1010,1010,0,0,0,0,0,0,0,0,0,0,0,0,0,0,0,0,0,0,0,0,4840,4840,0,0,0,0
910396,,0,910395,2,0,0,0,0,0,0,0,0,48400000,0,0,0,0,0,7500,7501,0,0,0,0,0,0,0,0,0,0,0,0,0,0
910400,,0,910400,0,0,0,1000,1000,0,0,0,0,0,0,0,0,0,0,0,0,0,0,0,0,0,0,0,0,4850,4850,0,0,0,0
910401,,0,910400,1,0,0,0,0,502,4850,1,0,0,0,0,0,0,0,0,0,0,0,0,0,0,0,0,0,0,0,0,0,0,0
910402,,0,910400,1,0,0,0,0,518,4850,2,0,0,0,0,0,0,0,0,0,0,0,0,0,0,0,0,0,0,0,0,0,0,0
910403,,0,910400,1,0,0,0,0,503,4850,3,0,0,0,0,0,0,0,0,0,0,0,0,0,0,0,0,0,0,0,0,0,0,0
910404,,0,910400,1,0,0,0,0,504,4850,4,0,0,0,0,0,0,0,0,0,0,0,0,0,0,0,0,0,0,0,0,0,0,0
910405,,0,910400,1,0,0,0,0,505,4850,5,0,0,0,0,0,0,0,0,0,0,0,0,0,0,0,0,0,0,0,0,0,0,0
910406,,0,910400,2,0,0,0,0,0,0,0,0,48500000,148500000,248500000,348500000,448500000,548500000,7500,7501,0,0,0,0,0,0,0,0,0,0,0,0,0,0
910420,,0,910420,0,0,0,1006,1006,0,0,0,0,0,0,0,0,0,0,0,0,0,0,0,0,0,0,0,0,4850,4850,0,0,0,0
910421,,0,910420,1,0,0,0,0,507,4850,1,0,0,0,0,0,0,0,0,0,0,0,0,0,0,0,0,0,0,0,0,0,0,0
910422,,0,910420,1,0,0,0,0,509,4850,2,0,0,0,0,0,0,0,0,0,0,0,0,0,0,0,0,0,0,0,0,0,0,0
910423,,0,910420,1,0,0,0,0,512,4850,3,0,0,0,0,0,0,0,0,0,0,0,0,0,0,0,0,0,0,0,0,0,0,0
910424,,0,910420,1,0,0,0,0,513,4850,4,0,0,0,0,0,0,0,0,0,0,0,0,0,0,0,0,0,0,0,0,0,0,0
910426,,0,910420,2,0,0,0,0,511,4850,5,0,48500000,148500000,248500000,348500000,448500000,548500000,7500,7501,0,0,0,0,0,0,0,0,0,0,0,0,0,0
910430,,0,910430,0,0,0,1023,1023,0,0,0,0,0,0,0,0,0,0,0,0,0,0,0,0,0,0,0,0,4850,4850,0,0,0,0
910431,,0,910430,2,0,0,0,0,0,0,0,0,48500000,0,0,0,0,0,7500,7501,0,0,0,0,0,0,0,0,0,0,0,0,0,0
910435,,0,910435,0,0,0,1024,1024,0,0,0,0,0,0,0,0,0,0,0,0,0,0,0,0,0,0,0,0,4850,4850,0,0,0,0
910436,,0,910435,2,0,0,0,0,0,0,0,0,48500000,0,0,0,0,0,7500,7501,0,0,0,0,0,0,0,0,0,0,0,0,0,0
910440,,0,910440,0,0,0,1021,1021,0,0,0,0,0,0,0,0,0,0,0,0,0,0,0,0,0,0,0,0,4850,4850,0,0,0,0
910441,,0,910440,1,0,0,0,0,515,4850,1,0,0,0,0,0,0,0,0,0,0,0,0,0,0,0,0,0,0,0,0,0,0,0
910442,,0,910440,2,0,0,0,0,0,0,0,0,48500000,148500000,7669,0,0,0,7500,7501,0,0,0,0,0,0,0,0,0,0,0,0,0,0
910445,,0,910445,0,0,0,1010,1010,0,0,0,0,0,0,0,0,0,0,0,0,0,0,0,0,0,0,0,0,4850,4850,0,0,0,0
910446,,0,910445,2,0,0,0,0,0,0,0,0,48500000,0,0,0,0,0,7500,7501,0,0,0,0,0,0,0,0,0,0,0,0,0,0
910450,,0,910450,0,0,0,1000,1000,0,0,0,0,0,0,0,0,0,0,0,0,0,0,0,0,0,0,0,0,4860,4860,0,0,0,0
910451,,0,910450,1,0,0,0,0,502,4860,1,0,0,0,0,0,0,0,0,0,0,0,0,0,0,0,0,0,0,0,0,0,0,0
910452,,0,910450,1,0,0,0,0,518,4860,2,0,0,0,0,0,0,0,0,0,0,0,0,0,0,0,0,0,0,0,0,0,0,0
910453,,0,910450,1,0,0,0,0,503,4860,3,0,0,0,0,0,0,0,0,0,0,0,0,0,0,0,0,0,0,0,0,0,0,0
910454,,0,910450,1,0,0,0,0,504,4860,4,0,0,0,0,0,0,0,0,0,0,0,0,0,0,0,0,0,0,0,0,0,0,0
910455,,0,910450,1,0,0,0,0,505,4860,5,0,0,0,0,0,0,0,0,0,0,0,0,0,0,0,0,0,0,0,0,0,0,0
910456,,0,910450,2,0,0,0,0,0,0,0,0,48600000,148600000,248600000,348600000,448600000,548600000,7500,7501,0,0,0,0,0,0,0,0,0,0,0,0,0,0
910470,,0,910470,0,0,0,1006,1006,0,0,0,0,0,0,0,0,0,0,0,0,0,0,0,0,0,0,0,0,4860,4860,0,0,0,0
910471,,0,910470,1,0,0,0,0,507,4860,1,0,0,0,0,0,0,0,0,0,0,0,0,0,0,0,0,0,0,0,0,0,0,0
910472,,0,910470,1,0,0,0,0,509,4860,2,0,0,0,0,0,0,0,0,0,0,0,0,0,0,0,0,0,0,0,0,0,0,0
910473,,0,910470,1,0,0,0,0,512,4860,3,0,0,0,0,0,0,0,0,0,0,0,0,0,0,0,0,0,0,0,0,0,0,0
910474,,0,910470,1,0,0,0,0,513,4860,4,0,0,0,0,0,0,0,0,0,0,0,0,0,0,0,0,0,0,0,0,0,0,0
910475,,0,910470,2,0,0,0,0,511,4860,5,0,48600000,148600000,248600000,348600000,448600000,548600000,7500,7501,0,0,0,0,0,0,0,0,0,0,0,0,0,0
910480,,0,910480,0,0,0,1023,1023,0,0,0,0,0,0,0,0,0,0,0,0,0,0,0,0,0,0,0,0,4860,4860,0,0,0,0
910481,,0,910480,2,0,0,0,0,0,0,0,0,48600000,0,0,0,0,0,7500,7501,0,0,0,0,0,0,0,0,0,0,0,0,0,0
910485,,0,910485,0,0,0,1024,1024,0,0,0,0,0,0,0,0,0,0,0,0,0,0,0,0,0,0,0,0,4860,4860,0,0,0,0
910486,,0,910485,2,0,0,0,0,0,0,0,0,48600000,0,0,0,0,0,7500,7501,0,0,0,0,0,0,0,0,0,0,0,0,0,0
910490,,0,910490,0,0,0,1021,1021,0,0,0,0,0,0,0,0,0,0,0,0,0,0,0,0,0,0,0,0,4860,4860,0,0,0,0
910491,,0,910490,1,0,0,0,0,515,4860,1,0,0,0,0,0,0,0,0,0,0,0,0,0,0,0,0,0,0,0,0,0,0,0
910492,,0,910490,2,0,0,0,0,0,0,0,0,48600000,148600000,7669,0,0,0,7500,7501,0,0,0,0,0,0,0,0,0,0,0,0,0,0
910495,,0,910495,0,0,0,1010,1010,0,0,0,0,0,0,0,0,0,0,0,0,0,0,0,0,0,0,0,0,4860,4860,0,0,0,0
910496,,0,910495,2,0,0,0,0,0,0,0,0,48600000,0,0,0,0,0,7500,7501,0,0,0,0,0,0,0,0,0,0,0,0,0,0
910500,,0,910500,0,0,0,1000,1000,0,0,0,0,0,0,0,0,0,0,0,0,0,0,0,0,0,0,0,0,4870,4870,0,0,0,0
910501,,0,910500,1,0,0,0,0,502,4870,1,0,0,0,0,0,0,0,0,0,0,0,0,0,0,0,0,0,0,0,0,0,0,0
910502,,0,910500,1,0,0,0,0,518,4870,2,0,0,0,0,0,0,0,0,0,0,0,0,0,0,0,0,0,0,0,0,0,0,0
910503,,0,910500,1,0,0,0,0,503,4870,3,0,0,0,0,0,0,0,0,0,0,0,0,0,0,0,0,0,0,0,0,0,0,0
910504,,0,910500,1,0,0,0,0,504,4870,4,0,0,0,0,0,0,0,0,0,0,0,0,0,0,0,0,0,0,0,0,0,0,0
910505,,0,910500,1,0,0,0,0,505,4870,5,0,0,0,0,0,0,0,0,0,0,0,0,0,0,0,0,0,0,0,0,0,0,0
910506,,0,910500,2,0,0,0,0,0,0,0,0,48700000,148700000,248700000,348700000,448700000,548700000,7500,7501,0,0,0,0,0,0,0,0,0,0,0,0,0,0
910520,,0,910520,0,0,0,1006,1006,0,0,0,0,0,0,0,0,0,0,0,0,0,0,0,0,0,0,0,0,4870,4870,0,0,0,0
910521,,0,910520,1,0,0,0,0,507,4870,1,0,0,0,0,0,0,0,0,0,0,0,0,0,0,0,0,0,0,0,0,0,0,0
910522,,0,910520,1,0,0,0,0,509,4870,2,0,0,0,0,0,0,0,0,0,0,0,0,0,0,0,0,0,0,0,0,0,0,0
910523,,0,910520,1,0,0,0,0,512,4870,3,0,0,0,0,0,0,0,0,0,0,0,0,0,0,0,0,0,0,0,0,0,0,0
910524,,0,910520,1,0,0,0,0,513,4870,4,0,0,0,0,0,0,0,0,0,0,0,0,0,0,0,0,0,0,0,0,0,0,0
910526,,0,910520,2,0,0,0,0,511,4870,5,0,48700000,148700000,248700000,348700000,448700000,548700000,7500,7501,0,0,0,0,0,0,0,0,0,0,0,0,0,0
910530,,0,910530,0,0,0,1023,1023,0,0,0,0,0,0,0,0,0,0,0,0,0,0,0,0,0,0,0,0,4870,4870,0,0,0,0
910531,,0,910530,2,0,0,0,0,0,0,0,0,48700000,0,0,0,0,0,7500,7501,0,0,0,0,0,0,0,0,0,0,0,0,0,0
910535,,0,910535,0,0,0,1024,1024,0,0,0,0,0,0,0,0,0,0,0,0,0,0,0,0,0,0,0,0,4870,4870,0,0,0,0
910536,,0,910535,2,0,0,0,0,0,0,0,0,48700000,0,0,0,0,0,7500,7501,0,0,0,0,0,0,0,0,0,0,0,0,0,0
910540,,0,910540,0,0,0,1021,1021,0,0,0,0,0,0,0,0,0,0,0,0,0,0,0,0,0,0,0,0,4870,4870,0,0,0,0
910541,,0,910540,1,0,0,0,0,515,4870,1,0,0,0,0,0,0,0,0,0,0,0,0,0,0,0,0,0,0,0,0,0,0,0
910542,,0,910540,2,0,0,0,0,0,0,0,0,48700000,148700000,7669,0,0,0,7500,7501,0,0,0,0,0,0,0,0,0,0,0,0,0,0
910545,,0,910545,0,0,0,1010,1010,0,0,0,0,0,0,0,0,0,0,0,0,0,0,0,0,0,0,0,0,4870,4870,0,0,0,0
910546,,0,910545,2,0,0,0,0,0,0,0,0,48700000,0,0,0,0,0,7500,7501,0,0,0,0,0,0,0,0,0,0,0,0,0,0
910550,,0,910550,0,0,0,1000,1000,0,0,0,0,0,0,0,0,0,0,0,0,0,0,0,0,0,0,0,0,4880,4880,0,0,0,0
910551,,0,910550,1,0,0,0,0,502,4880,1,0,0,0,0,0,0,0,0,0,0,0,0,0,0,0,0,0,0,0,0,0,0,0
910552,,0,910550,1,0,0,0,0,518,4880,2,0,0,0,0,0,0,0,0,0,0,0,0,0,0,0,0,0,0,0,0,0,0,0
910553,,0,910550,1,0,0,0,0,503,4880,3,0,0,0,0,0,0,0,0,0,0,0,0,0,0,0,0,0,0,0,0,0,0,0
910554,,0,910550,1,0,0,0,0,504,4880,4,0,0,0,0,0,0,0,0,0,0,0,0,0,0,0,0,0,0,0,0,0,0,0
910555,,0,910550,1,0,0,0,0,505,4880,5,0,0,0,0,0,0,0,0,0,0,0,0,0,0,0,0,0,0,0,0,0,0,0
910556,,0,910550,2,0,0,0,0,0,0,0,0,48800000,148800000,248800000,348800000,448800000,548800000,7500,7501,0,0,0,0,0,0,0,0,0,0,0,0,0,0
910570,,0,910570,0,0,0,1006,1006,0,0,0,0,0,0,0,0,0,0,0,0,0,0,0,0,0,0,0,0,4880,4880,0,0,0,0
910571,,0,910570,1,0,0,0,0,507,4880,1,0,0,0,0,0,0,0,0,0,0,0,0,0,0,0,0,0,0,0,0,0,0,0
910572,,0,910570,1,0,0,0,0,509,4880,2,0,0,0,0,0,0,0,0,0,0,0,0,0,0,0,0,0,0,0,0,0,0,0
910573,,0,910570,1,0,0,0,0,512,4880,3,0,0,0,0,0,0,0,0,0,0,0,0,0,0,0,0,0,0,0,0,0,0,0
910574,,0,910570,1,0,0,0,0,513,4880,4,0,0,0,0,0,0,0,0,0,0,0,0,0,0,0,0,0,0,0,0,0,0,0
910575,,0,910570,2,0,0,0,0,511,4880,5,0,48800000,148800000,248800000,348800000,448800000,548800000,7500,7501,0,0,0,0,0,0,0,0,0,0,0,0,0,0
910580,,0,910580,0,0,0,1023,1023,0,0,0,0,0,0,0,0,0,0,0,0,0,0,0,0,0,0,0,0,4880,4880,0,0,0,0
910581,,0,910580,2,0,0,0,0,0,0,0,0,48800000,0,0,0,0,0,7500,7501,0,0,0,0,0,0,0,0,0,0,0,0,0,0
910585,,0,910585,0,0,0,1024,1024,0,0,0,0,0,0,0,0,0,0,0,0,0,0,0,0,0,0,0,0,4880,4880,0,0,0,0
910586,,0,910585,2,0,0,0,0,0,0,0,0,48800000,0,0,0,0,0,7500,7501,0,0,0,0,0,0,0,0,0,0,0,0,0,0
910590,,0,910590,0,0,0,1021,1021,0,0,0,0,0,0,0,0,0,0,0,0,0,0,0,0,0,0,0,0,4880,4880,0,0,0,0
910591,,0,910590,1,0,0,0,0,515,4880,1,0,0,0,0,0,0,0,0,0,0,0,0,0,0,0,0,0,0,0,0,0,0,0
910592,,0,910590,2,0,0,0,0,0,0,0,0,48800000,148800000,7669,0,0,0,7500,7501,0,0,0,0,0,0,0,0,0,0,0,0,0,0
910595,,0,910595,0,0,0,1010,1010,0,0,0,0,0,0,0,0,0,0,0,0,0,0,0,0,0,0,0,0,4880,4880,0,0,0,0
910596,,0,910595,2,0,0,0,0,0,0,0,0,48800000,0,0,0,0,0,7500,7501,0,0,0,0,0,0,0,0,0,0,0,0,0,0
910600,,0,910600,0,0,0,1000,1000,0,0,0,0,0,0,0,0,0,0,0,0,0,0,0,0,0,0,0,0,4890,4890,0,0,0,0
910601,,0,910600,1,0,0,0,0,502,4890,1,0,0,0,0,0,0,0,0,0,0,0,0,0,0,0,0,0,0,0,0,0,0,0
910602,,0,910600,1,0,0,0,0,518,4890,2,0,0,0,0,0,0,0,0,0,0,0,0,0,0,0,0,0,0,0,0,0,0,0
910603,,0,910600,1,0,0,0,0,503,4890,3,0,0,0,0,0,0,0,0,0,0,0,0,0,0,0,0,0,0,0,0,0,0,0
910604,,0,910600,1,0,0,0,0,504,4890,4,0,0,0,0,0,0,0,0,0,0,0,0,0,0,0,0,0,0,0,0,0,0,0
910605,,0,910600,1,0,0,0,0,505,4890,5,0,0,0,0,0,0,0,0,0,0,0,0,0,0,0,0,0,0,0,0,0,0,0
910606,,0,910600,2,0,0,0,0,0,0,0,0,48900000,148900000,248900000,348900000,448900000,548900000,7500,7501,0,0,0,0,0,0,0,0,0,0,0,0,0,0
910620,,0,910620,0,0,0,1006,1006,0,0,0,0,0,0,0,0,0,0,0,0,0,0,0,0,0,0,0,0,4890,4890,0,0,0,0
910621,,0,910620,1,0,0,0,0,507,4890,1,0,0,0,0,0,0,0,0,0,0,0,0,0,0,0,0,0,0,0,0,0,0,0
910622,,0,910620,1,0,0,0,0,509,4890,2,0,0,0,0,0,0,0,0,0,0,0,0,0,0,0,0,0,0,0,0,0,0,0
910623,,0,910620,1,0,0,0,0,512,4890,3,0,0,0,0,0,0,0,0,0,0,0,0,0,0,0,0,0,0,0,0,0,0,0
910624,,0,910620,1,0,0,0,0,513,4890,4,0,0,0,0,0,0,0,0,0,0,0,0,0,0,0,0,0,0,0,0,0,0,0
910626,,0,910620,2,0,0,0,0,511,4890,5,0,48900000,148900000,248900000,348900000,448900000,548900000,7500,7501,0,0,0,0,0,0,0,0,0,0,0,0,0,0
910630,,0,910630,0,0,0,1023,1023,0,0,0,0,0,0,0,0,0,0,0,0,0,0,0,0,0,0,0,0,4890,4890,0,0,0,0
910631,,0,910630,2,0,0,0,0,0,0,0,0,48900000,0,0,0,0,0,7500,7501,0,0,0,0,0,0,0,0,0,0,0,0,0,0
910635,,0,910635,0,0,0,1024,1024,0,0,0,0,0,0,0,0,0,0,0,0,0,0,0,0,0,0,0,0,4890,4890,0,0,0,0
910636,,0,910635,2,0,0,0,0,0,0,0,0,48900000,0,0,0,0,0,7500,7501,0,0,0,0,0,0,0,0,0,0,0,0,0,0
910640,,0,910640,0,0,0,1021,1021,0,0,0,0,0,0,0,0,0,0,0,0,0,0,0,0,0,0,0,0,4890,4890,0,0,0,0
910641,,0,910640,1,0,0,0,0,515,4890,1,0,0,0,0,0,0,0,0,0,0,0,0,0,0,0,0,0,0,0,0,0,0,0
910642,,0,910640,2,0,0,0,0,0,0,0,0,48900000,148900000,7669,0,0,0,7500,7501,0,0,0,0,0,0,0,0,0,0,0,0,0,0
910645,,0,910645,0,0,0,1010,1010,0,0,0,0,0,0,0,0,0,0,0,0,0,0,0,0,0,0,0,0,4890,4890,0,0,0,0
910646,,0,910645,2,0,0,0,0,0,0,0,0,48900000,0,0,0,0,0,7500,7501,0,0,0,0,0,0,0,0,0,0,0,0,0,0
910650,,0,910650,0,0,0,1000,1000,0,0,0,0,0,0,0,0,0,0,0,0,0,0,0,0,0,0,0,0,4910,4910,0,0,0,0
910651,,0,910650,1,0,0,0,0,502,4910,1,0,0,0,0,0,0,0,0,0,0,0,0,0,0,0,0,0,0,0,0,0,0,0
910652,,0,910650,1,0,0,0,0,518,4910,2,0,0,0,0,0,0,0,0,0,0,0,0,0,0,0,0,0,0,0,0,0,0,0
910653,,0,910650,1,0,0,0,0,503,4910,3,0,0,0,0,0,0,0,0,0,0,0,0,0,0,0,0,0,0,0,0,0,0,0
910654,,0,910650,1,0,0,0,0,504,4910,4,0,0,0,0,0,0,0,0,0,0,0,0,0,0,0,0,0,0,0,0,0,0,0
910655,,0,910650,1,0,0,0,0,505,4910,5,0,0,0,0,0,0,0,0,0,0,0,0,0,0,0,0,0,0,0,0,0,0,0
910656,,0,910650,2,0,0,0,0,0,0,0,0,49100000,149100000,249100000,349100000,449100000,549100000,7500,7501,0,0,0,0,0,0,0,0,0,0,0,0,0,0
910670,,0,910670,0,0,0,1006,1006,0,0,0,0,0,0,0,0,0,0,0,0,0,0,0,0,0,0,0,0,4910,4910,0,0,0,0
910671,,0,910670,1,0,0,0,0,507,4910,1,0,0,0,0,0,0,0,0,0,0,0,0,0,0,0,0,0,0,0,0,0,0,0
910672,,0,910670,1,0,0,0,0,509,4910,2,0,0,0,0,0,0,0,0,0,0,0,0,0,0,0,0,0,0,0,0,0,0,0
910673,,0,910670,1,0,0,0,0,512,4910,3,0,0,0,0,0,0,0,0,0,0,0,0,0,0,0,0,0,0,0,0,0,0,0
910674,,0,910670,1,0,0,0,0,513,4910,4,0,0,0,0,0,0,0,0,0,0,0,0,0,0,0,0,0,0,0,0,0,0,0
910675,,0,910670,2,0,0,0,0,511,4910,5,0,49100000,149100000,249100000,349100000,449100000,549100000,7500,7501,0,0,0,0,0,0,0,0,0,0,0,0,0,0
910680,,0,910680,0,0,0,1023,1023,0,0,0,0,0,0,0,0,0,0,0,0,0,0,0,0,0,0,0,0,4910,4910,0,0,0,0
910681,,0,910680,2,0,0,0,0,0,0,0,0,49100000,0,0,0,0,0,7500,7501,0,0,0,0,0,0,0,0,0,0,0,0,0,0
910685,,0,910685,0,0,0,1024,1024,0,0,0,0,0,0,0,0,0,0,0,0,0,0,0,0,0,0,0,0,4910,4910,0,0,0,0
910686,,0,910685,2,0,0,0,0,0,0,0,0,49100000,0,0,0,0,0,7500,7501,0,0,0,0,0,0,0,0,0,0,0,0,0,0
910690,,0,910690,0,0,0,1021,1021,0,0,0,0,0,0,0,0,0,0,0,0,0,0,0,0,0,0,0,0,4910,4910,0,0,0,0
910691,,0,910690,1,0,0,0,0,515,4910,1,0,0,0,0,0,0,0,0,0,0,0,0,0,0,0,0,0,0,0,0,0,0,0
910692,,0,910690,2,0,0,0,0,0,0,0,0,49100000,149100000,7669,0,0,0,7500,7501,0,0,0,0,0,0,0,0,0,0,0,0,0,0
910695,,0,910695,0,0,0,1010,1010,0,0,0,0,0,0,0,0,0,0,0,0,0,0,0,0,0,0,0,0,4910,4910,0,0,0,0
910696,,0,910695,2,0,0,0,0,0,0,0,0,49100000,0,0,0,0,0,7500,7501,0,0,0,0,0,0,0,0,0,0,0,0,0,0
910700,,0,910700,0,0,0,1000,1000,0,0,0,0,0,0,0,0,0,0,0,0,0,0,0,0,0,0,0,0,4917,4917,0,0,0,0
910701,,0,910700,1,0,0,0,0,502,4917,1,0,0,0,0,0,0,0,0,0,0,0,0,0,0,0,0,0,0,0,0,0,0,0
910702,,0,910700,1,0,0,0,0,518,4917,2,0,0,0,0,0,0,0,0,0,0,0,0,0,0,0,0,0,0,0,0,0,0,0
910703,,0,910700,1,0,0,0,0,503,4917,3,0,0,0,0,0,0,0,0,0,0,0,0,0,0,0,0,0,0,0,0,0,0,0
910704,,0,910700,1,0,0,0,0,504,4917,4,0,0,0,0,0,0,0,0,0,0,0,0,0,0,0,0,0,0,0,0,0,0,0
910705,,0,910700,1,0,0,0,0,505,4917,5,0,0,0,0,0,0,0,0,0,0,0,0,0,0,0,0,0,0,0,0,0,0,0
910706,,0,910700,2,0,0,0,0,0,0,0,0,49170000,149170000,249170000,349170000,449170000,549170000,7500,7501,0,0,0,0,0,0,0,0,0,0,0,0,0,0
910720,,0,910720,0,0,0,1006,1006,0,0,0,0,0,0,0,0,0,0,0,0,0,0,0,0,0,0,0,0,4917,4917,0,0,0,0
910721,,0,910720,1,0,0,0,0,507,4917,1,0,0,0,0,0,0,0,0,0,0,0,0,0,0,0,0,0,0,0,0,0,0,0
910722,,0,910720,1,0,0,0,0,509,4917,2,0,0,0,0,0,0,0,0,0,0,0,0,0,0,0,0,0,0,0,0,0,0,0
910723,,0,910720,1,0,0,0,0,512,4917,3,0,0,0,0,0,0,0,0,0,0,0,0,0,0,0,0,0,0,0,0,0,0,0
910724,,0,910720,1,0,0,0,0,513,4917,4,0,0,0,0,0,0,0,0,0,0,0,0,0,0,0,0,0,0,0,0,0,0,0
910726,,0,910720,2,0,0,0,0,511,4917,5,0,49170000,149170000,249170000,349170000,449170000,549170000,7500,7501,0,0,0,0,0,0,0,0,0,0,0,0,0,0
910730,,0,910730,0,0,0,1023,1023,0,0,0,0,0,0,0,0,0,0,0,0,0,0,0,0,0,0,0,0,4917,4917,0,0,0,0
910731,,0,910730,2,0,0,0,0,0,0,0,0,49170000,0,0,0,0,0,7500,7501,0,0,0,0,0,0,0,0,0,0,0,0,0,0
910735,,0,910735,0,0,0,1024,1024,0,0,0,0,0,0,0,0,0,0,0,0,0,0,0,0,0,0,0,0,4917,4917,0,0,0,0
910736,,0,910735,2,0,0,0,0,0,0,0,0,49170000,0,0,0,0,0,7500,7501,0,0,0,0,0,0,0,0,0,0,0,0,0,0
910740,,0,910740,0,0,0,1021,1021,0,0,0,0,0,0,0,0,0,0,0,0,0,0,0,0,0,0,0,0,4917,4917,0,0,0,0
910741,,0,910740,1,0,0,0,0,515,4917,1,0,0,0,0,0,0,0,0,0,0,0,0,0,0,0,0,0,0,0,0,0,0,0
910742,,0,910740,2,0,0,0,0,0,0,0,0,49170000,149170000,7669,0,0,0,7500,7501,0,0,0,0,0,0,0,0,0,0,0,0,0,0
910745,,0,910745,0,0,0,1010,1010,0,0,0,0,0,0,0,0,0,0,0,0,0,0,0,0,0,0,0,0,4917,4917,0,0,0,0
910746,,0,910745,2,0,0,0,0,0,0,0,0,49170000,0,0,0,0,0,7500,7501,0,0,0,0,0,0,0,0,0,0,0,0,0,0
910750,,0,910750,0,0,0,1000,1000,0,0,0,0,0,0,0,0,0,0,0,0,0,0,0,0,0,0,0,0,4918,4918,0,0,0,0
910751,,0,910750,1,0,0,0,0,502,4918,1,0,0,0,0,0,0,0,0,0,0,0,0,0,0,0,0,0,0,0,0,0,0,0
910752,,0,910750,1,0,0,0,0,518,4918,2,0,0,0,0,0,0,0,0,0,0,0,0,0,0,0,0,0,0,0,0,0,0,0
910753,,0,910750,1,0,0,0,0,503,4918,3,0,0,0,0,0,0,0,0,0,0,0,0,0,0,0,0,0,0,0,0,0,0,0
910754,,0,910750,1,0,0,0,0,504,4918,4,0,0,0,0,0,0,0,0,0,0,0,0,0,0,0,0,0,0,0,0,0,0,0
910755,,0,910750,1,0,0,0,0,505,4918,5,0,0,0,0,0,0,0,0,0,0,0,0,0,0,0,0,0,0,0,0,0,0,0
910756,,0,910750,2,0,0,0,0,0,0,0,0,49180000,149180000,249180000,349180000,449180000,549180000,7500,7501,0,0,0,0,0,0,0,0,0,0,0,0,0,0
910770,,0,910770,0,0,0,1006,1006,0,0,0,0,0,0,0,0,0,0,0,0,0,0,0,0,0,0,0,0,4918,4918,0,0,0,0
910771,,0,910770,1,0,0,0,0,507,4918,1,0,0,0,0,0,0,0,0,0,0,0,0,0,0,0,0,0,0,0,0,0,0,0
910772,,0,910770,1,0,0,0,0,509,4918,2,0,0,0,0,0,0,0,0,0,0,0,0,0,0,0,0,0,0,0,0,0,0,0
910773,,0,910770,1,0,0,0,0,512,4918,3,0,0,0,0,0,0,0,0,0,0,0,0,0,0,0,0,0,0,0,0,0,0,0
910774,,0,910770,1,0,0,0,0,513,4918,4,0,0,0,0,0,0,0,0,0,0,0,0,0,0,0,0,0,0,0,0,0,0,0
910775,,0,910770,2,0,0,0,0,511,4918,5,0,49180000,149180000,249180000,349180000,449180000,549180000,7500,7501,0,0,0,0,0,0,0,0,0,0,0,0,0,0
910780,,0,910780,0,0,0,1023,1023,0,0,0,0,0,0,0,0,0,0,0,0,0,0,0,0,0,0,0,0,4918,4918,0,0,0,0
910781,,0,910780,2,0,0,0,0,0,0,0,0,49180000,0,0,0,0,0,7500,7501,0,0,0,0,0,0,0,0,0,0,0,0,0,0
910785,,0,910785,0,0,0,1024,1024,0,0,0,0,0,0,0,0,0,0,0,0,0,0,0,0,0,0,0,0,4918,4918,0,0,0,0
910786,,0,910785,2,0,0,0,0,0,0,0,0,49180000,0,0,0,0,0,7500,7501,0,0,0,0,0,0,0,0,0,0,0,0,0,0
910790,,0,910790,0,0,0,1021,1021,0,0,0,0,0,0,0,0,0,0,0,0,0,0,0,0,0,0,0,0,4918,4918,0,0,0,0
910791,,0,910790,1,0,0,0,0,515,4918,1,0,0,0,0,0,0,0,0,0,0,0,0,0,0,0,0,0,0,0,0,0,0,0
910792,,0,910790,2,0,0,0,0,0,0,0,0,49180000,149180000,7669,0,0,0,7500,7501,0,0,0,0,0,0,0,0,0,0,0,0,0,0
910795,,0,910795,0,0,0,1010,1010,0,0,0,0,0,0,0,0,0,0,0,0,0,0,0,0,0,0,0,0,4918,4918,0,0,0,0
910796,,0,910795,2,0,0,0,0,0,0,0,0,49180000,0,0,0,0,0,7500,7501,0,0,0,0,0,0,0,0,0,0,0,0,0,0
910800,,0,910800,0,0,0,1000,1000,0,0,0,0,0,0,0,0,0,0,0,0,0,0,0,0,0,0,0,0,4919,4919,0,0,0,0
910801,,0,910800,1,0,0,0,0,502,4919,1,0,0,0,0,0,0,0,0,0,0,0,0,0,0,0,0,0,0,0,0,0,0,0
910802,,0,910800,1,0,0,0,0,518,4919,2,0,0,0,0,0,0,0,0,0,0,0,0,0,0,0,0,0,0,0,0,0,0,0
910803,,0,910800,1,0,0,0,0,503,4919,3,0,0,0,0,0,0,0,0,0,0,0,0,0,0,0,0,0,0,0,0,0,0,0
910804,,0,910800,1,0,0,0,0,504,4919,4,0,0,0,0,0,0,0,0,0,0,0,0,0,0,0,0,0,0,0,0,0,0,0
910805,,0,910800,1,0,0,0,0,505,4919,5,0,0,0,0,0,0,0,0,0,0,0,0,0,0,0,0,0,0,0,0,0,0,0
910806,,0,910800,2,0,0,0,0,0,0,0,0,49190000,149190000,249190000,349190000,449190000,549190000,7500,7501,0,0,0,0,0,0,0,0,0,0,0,0,0,0
910820,,0,910820,0,0,0,1006,1006,0,0,0,0,0,0,0,0,0,0,0,0,0,0,0,0,0,0,0,0,4919,4919,0,0,0,0
910821,,0,910820,1,0,0,0,0,507,4919,1,0,0,0,0,0,0,0,0,0,0,0,0,0,0,0,0,0,0,0,0,0,0,0
910822,,0,910820,1,0,0,0,0,509,4919,2,0,0,0,0,0,0,0,0,0,0,0,0,0,0,0,0,0,0,0,0,0,0,0
910823,,0,910820,1,0,0,0,0,512,4919,3,0,0,0,0,0,0,0,0,0,0,0,0,0,0,0,0,0,0,0,0,0,0,0
910824,,0,910820,1,0,0,0,0,513,4919,4,0,0,0,0,0,0,0,0,0,0,0,0,0,0,0,0,0,0,0,0,0,0,0
910826,,0,910820,2,0,0,0,0,511,4919,5,0,49190000,149190000,249190000,349190000,449190000,549190000,7500,7501,0,0,0,0,0,0,0,0,0,0,0,0,0,0
910830,,0,910830,0,0,0,1023,1023,0,0,0,0,0,0,0,0,0,0,0,0,0,0,0,0,0,0,0,0,4919,4919,0,0,0,0
910831,,0,910830,2,0,0,0,0,0,0,0,0,49190000,0,0,0,0,0,7500,7501,0,0,0,0,0,0,0,0,0,0,0,0,0,0
910835,,0,910835,0,0,0,1024,1024,0,0,0,0,0,0,0,0,0,0,0,0,0,0,0,0,0,0,0,0,4919,4919,0,0,0,0
910836,,0,910835,2,0,0,0,0,0,0,0,0,49190000,0,0,0,0,0,7500,7501,0,0,0,0,0,0,0,0,0,0,0,0,0,0
910840,,0,910840,0,0,0,1021,1021,0,0,0,0,0,0,0,0,0,0,0,0,0,0,0,0,0,0,0,0,4919,4919,0,0,0,0
910841,,0,910840,1,0,0,0,0,515,4919,1,0,0,0,0,0,0,0,0,0,0,0,0,0,0,0,0,0,0,0,0,0,0,0
910842,,0,910840,2,0,0,0,0,0,0,0,0,49190000,149190000,7669,0,0,0,7500,7501,0,0,0,0,0,0,0,0,0,0,0,0,0,0
910845,,0,910845,0,0,0,1010,1010,0,0,0,0,0,0,0,0,0,0,0,0,0,0,0,0,0,0,0,0,4919,4919,0,0,0,0
910846,,0,910845,2,0,0,0,0,0,0,0,0,49190000,0,0,0,0,0,7500,7501,0,0,0,0,0,0,0,0,0,0,0,0,0,0
910950,,0,910950,0,0,0,1000,1000,0,0,0,0,0,0,0,0,0,0,0,0,0,0,0,0,0,0,0,0,4920,4920,0,0,0,0
910951,,0,910950,1,0,0,0,0,502,4920,1,0,0,0,0,0,0,0,0,0,0,0,0,0,0,0,0,0,0,0,0,0,0,0
910952,,0,910950,1,0,0,0,0,518,4920,2,0,0,0,0,0,0,0,0,0,0,0,0,0,0,0,0,0,0,0,0,0,0,0
910953,,0,910950,1,0,0,0,0,503,4920,3,0,0,0,0,0,0,0,0,0,0,0,0,0,0,0,0,0,0,0,0,0,0,0
910954,,0,910950,1,0,0,0,0,504,4920,4,0,0,0,0,0,0,0,0,0,0,0,0,0,0,0,0,0,0,0,0,0,0,0
910955,,0,910950,1,0,0,0,0,505,4920,5,0,0,0,0,0,0,0,0,0,0,0,0,0,0,0,0,0,0,0,0,0,0,0
910956,,0,910950,2,0,0,0,0,0,0,0,0,49200000,149200000,249200000,349200000,449200000,549200000,7500,7501,0,0,0,0,0,0,0,0,0,0,0,0,0,0
910970,,0,910970,0,0,0,1006,1006,0,0,0,0,0,0,0,0,0,0,0,0,0,0,0,0,0,0,0,0,4920,4920,0,0,0,0
910971,,0,910970,1,0,0,0,0,507,4920,1,0,0,0,0,0,0,0,0,0,0,0,0,0,0,0,0,0,0,0,0,0,0,0
910972,,0,910970,1,0,0,0,0,509,4920,2,0,0,0,0,0,0,0,0,0,0,0,0,0,0,0,0,0,0,0,0,0,0,0
910973,,0,910970,1,0,0,0,0,512,4920,3,0,0,0,0,0,0,0,0,0,0,0,0,0,0,0,0,0,0,0,0,0,0,0
910974,,0,910970,1,0,0,0,0,513,4920,4,0,0,0,0,0,0,0,0,0,0,0,0,0,0,0,0,0,0,0,0,0,0,0
910975,,0,910970,2,0,0,0,0,511,4920,5,0,49200000,149200000,249200000,349200000,449200000,549200000,7500,7501,0,0,0,0,0,0,0,0,0,0,0,0,0,0
910980,,0,910980,0,0,0,1023,1023,0,0,0,0,0,0,0,0,0,0,0,0,0,0,0,0,0,0,0,0,4920,4920,0,0,0,0
910981,,0,910980,2,0,0,0,0,0,0,0,0,49200000,0,0,0,0,0,7500,7501,0,0,0,0,0,0,0,0,0,0,0,0,0,0
910985,,0,910985,0,0,0,1024,1024,0,0,0,0,0,0,0,0,0,0,0,0,0,0,0,0,0,0,0,0,4920,4920,0,0,0,0
910986,,0,910985,2,0,0,0,0,0,0,0,0,49200000,0,0,0,0,0,7500,7501,0,0,0,0,0,0,0,0,0,0,0,0,0,0
910990,,0,910990,0,0,0,1021,1021,0,0,0,0,0,0,0,0,0,0,0,0,0,0,0,0,0,0,0,0,4920,4920,0,0,0,0
910991,,0,910990,1,0,0,0,0,515,4920,1,0,0,0,0,0,0,0,0,0,0,0,0,0,0,0,0,0,0,0,0,0,0,0
910992,,0,910990,2,0,0,0,0,0,0,0,0,49200000,149200000,7669,0,0,0,7500,7501,0,0,0,0,0,0,0,0,0,0,0,0,0,0
910995,,0,910995,0,0,0,1010,1010,0,0,0,0,0,0,0,0,0,0,0,0,0,0,0,0,0,0,0,0,4920,4920,0,0,0,0
910996,,0,910995,2,0,0,0,0,0,0,0,0,49200000,0,0,0,0,0,7500,7501,0,0,0,0,0,0,0,0,0,0,0,0,0,0
911000,,0,911000,0,0,0,1000,1000,0,0,0,0,0,0,0,0,0,0,0,0,0,0,0,0,0,0,0,0,4921,4921,0,0,0,0
911001,,0,911000,1,0,0,0,0,502,4921,1,0,0,0,0,0,0,0,0,0,0,0,0,0,0,0,0,0,0,0,0,0,0,0
911002,,0,911000,1,0,0,0,0,518,4921,2,0,0,0,0,0,0,0,0,0,0,0,0,0,0,0,0,0,0,0,0,0,0,0
911003,,0,911000,1,0,0,0,0,503,4921,3,0,0,0,0,0,0,0,0,0,0,0,0,0,0,0,0,0,0,0,0,0,0,0
911004,,0,911000,1,0,0,0,0,504,4921,4,0,0,0,0,0,0,0,0,0,0,0,0,0,0,0,0,0,0,0,0,0,0,0
911005,,0,911000,1,0,0,0,0,505,4921,5,0,0,0,0,0,0,0,0,0,0,0,0,0,0,0,0,0,0,0,0,0,0,0
911006,,0,911000,2,0,0,0,0,0,0,0,0,49210000,149210000,249210000,349210000,449210000,549210000,7500,7501,0,0,0,0,0,0,0,0,0,0,0,0,0,0
911020,,0,911020,0,0,0,1006,1006,0,0,0,0,0,0,0,0,0,0,0,0,0,0,0,0,0,0,0,0,4921,4921,0,0,0,0
911021,,0,911020,1,0,0,0,0,507,4921,1,0,0,0,0,0,0,0,0,0,0,0,0,0,0,0,0,0,0,0,0,0,0,0
911022,,0,911020,1,0,0,0,0,509,4921,2,0,0,0,0,0,0,0,0,0,0,0,0,0,0,0,0,0,0,0,0,0,0,0
911023,,0,911020,1,0,0,0,0,512,4921,3,0,0,0,0,0,0,0,0,0,0,0,0,0,0,0,0,0,0,0,0,0,0,0
911024,,0,911020,1,0,0,0,0,513,4921,4,0,0,0,0,0,0,0,0,0,0,0,0,0,0,0,0,0,0,0,0,0,0,0
911026,,0,911020,2,0,0,0,0,511,4921,5,0,49210000,149210000,249210000,349210000,449210000,549210000,7500,7501,0,0,0,0,0,0,0,0,0,0,0,0,0,0
911030,,0,911030,0,0,0,1023,1023,0,0,0,0,0,0,0,0,0,0,0,0,0,0,0,0,0,0,0,0,4921,4921,0,0,0,0
911031,,0,911030,2,0,0,0,0,0,0,0,0,49210000,0,0,0,0,0,7500,7501,0,0,0,0,0,0,0,0,0,0,0,0,0,0
911035,,0,911035,0,0,0,1024,1024,0,0,0,0,0,0,0,0,0,0,0,0,0,0,0,0,0,0,0,0,4921,4921,0,0,0,0
911036,,0,911035,2,0,0,0,0,0,0,0,0,49210000,0,0,0,0,0,7500,7501,0,0,0,0,0,0,0,0,0,0,0,0,0,0
911040,,0,911040,0,0,0,1021,1021,0,0,0,0,0,0,0,0,0,0,0,0,0,0,0,0,0,0,0,0,4921,4921,0,0,0,0
911041,,0,911040,1,0,0,0,0,515,4921,1,0,0,0,0,0,0,0,0,0,0,0,0,0,0,0,0,0,0,0,0,0,0,0
911042,,0,911040,2,0,0,0,0,0,0,0,0,49210000,149210000,7669,0,0,0,7500,7501,0,0,0,0,0,0,0,0,0,0,0,0,0,0
911045,,0,911045,0,0,0,1010,1010,0,0,0,0,0,0,0,0,0,0,0,0,0,0,0,0,0,0,0,0,4921,4921,0,0,0,0
911046,,0,911045,2,0,0,0,0,0,0,0,0,49210000,0,0,0,0,0,7500,7501,0,0,0,0,0,0,0,0,0,0,0,0,0,0
911050,,0,911050,0,0,0,1000,1000,0,0,0,0,0,0,0,0,0,0,0,0,0,0,0,0,0,0,0,0,4923,4923,0,0,0,0
911051,,0,911050,1,0,0,0,0,502,4923,1,0,0,0,0,0,0,0,0,0,0,0,0,0,0,0,0,0,0,0,0,0,0,0
911052,,0,911050,1,0,0,0,0,518,4923,2,0,0,0,0,0,0,0,0,0,0,0,0,0,0,0,0,0,0,0,0,0,0,0
911053,,0,911050,1,0,0,0,0,503,4923,3,0,0,0,0,0,0,0,0,0,0,0,0,0,0,0,0,0,0,0,0,0,0,0
911054,,0,911050,1,0,0,0,0,504,4923,4,0,0,0,0,0,0,0,0,0,0,0,0,0,0,0,0,0,0,0,0,0,0,0
911055,,0,911050,1,0,0,0,0,505,4923,5,0,0,0,0,0,0,0,0,0,0,0,0,0,0,0,0,0,0,0,0,0,0,0
911056,,0,911050,2,0,0,0,0,0,0,0,0,49230000,149230000,249230000,349230000,449230000,549230000,7500,7501,0,0,0,0,0,0,0,0,0,0,0,0,0,0
911070,,0,911070,0,0,0,1006,1006,0,0,0,0,0,0,0,0,0,0,0,0,0,0,0,0,0,0,0,0,4923,4923,0,0,0,0
911071,,0,911070,1,0,0,0,0,507,4923,1,0,0,0,0,0,0,0,0,0,0,0,0,0,0,0,0,0,0,0,0,0,0,0
911072,,0,911070,1,0,0,0,0,509,4923,2,0,0,0,0,0,0,0,0,0,0,0,0,0,0,0,0,0,0,0,0,0,0,0
911073,,0,911070,1,0,0,0,0,512,4923,3,0,0,0,0,0,0,0,0,0,0,0,0,0,0,0,0,0,0,0,0,0,0,0
911074,,0,911070,1,0,0,0,0,513,4923,4,0,0,0,0,0,0,0,0,0,0,0,0,0,0,0,0,0,0,0,0,0,0,0
911075,,0,911070,2,0,0,0,0,511,4923,5,0,49230000,149230000,249230000,349230000,449230000,549230000,7500,7501,0,0,0,0,0,0,0,0,0,0,0,0,0,0
911080,,0,911080,0,0,0,1023,1023,0,0,0,0,0,0,0,0,0,0,0,0,0,0,0,0,0,0,0,0,4923,4923,0,0,0,0
911081,,0,911080,2,0,0,0,0,0,0,0,0,49230000,0,0,0,0,0,7500,7501,0,0,0,0,0,0,0,0,0,0,0,0,0,0
911085,,0,911085,0,0,0,1024,1024,0,0,0,0,0,0,0,0,0,0,0,0,0,0,0,0,0,0,0,0,4923,4923,0,0,0,0
911086,,0,911085,2,0,0,0,0,0,0,0,0,49230000,0,0,0,0,0,7500,7501,0,0,0,0,0,0,0,0,0,0,0,0,0,0
911090,,0,911090,0,0,0,1021,1021,0,0,0,0,0,0,0,0,0,0,0,0,0,0,0,0,0,0,0,0,4923,4923,0,0,0,0
911091,,0,911090,1,0,0,0,0,515,4923,1,0,0,0,0,0,0,0,0,0,0,0,0,0,0,0,0,0,0,0,0,0,0,0
911092,,0,911090,2,0,0,0,0,0,0,0,0,49230000,149230000,7669,0,0,0,7500,7501,0,0,0,0,0,0,0,0,0,0,0,0,0,0
911095,,0,911095,0,0,0,1010,1010,0,0,0,0,0,0,0,0,0,0,0,0,0,0,0,0,0,0,0,0,4923,4923,0,0,0,0
911096,,0,911095,2,0,0,0,0,0,0,0,0,49230000,0,0,0,0,0,7500,7501,0,0,0,0,0,0,0,0,0,0,0,0,0,0
911100,,0,911100,0,0,0,1000,1000,0,0,0,0,0,0,0,0,0,0,0,0,0,0,0,0,0,0,0,0,4924,4924,0,0,0,0
911101,,0,911100,1,0,0,0,0,502,4924,1,0,0,0,0,0,0,0,0,0,0,0,0,0,0,0,0,0,0,0,0,0,0,0
911102,,0,911100,1,0,0,0,0,518,4924,2,0,0,0,0,0,0,0,0,0,0,0,0,0,0,0,0,0,0,0,0,0,0,0
911103,,0,911100,1,0,0,0,0,503,4924,3,0,0,0,0,0,0,0,0,0,0,0,0,0,0,0,0,0,0,0,0,0,0,0
911104,,0,911100,1,0,0,0,0,504,4924,4,0,0,0,0,0,0,0,0,0,0,0,0,0,0,0,0,0,0,0,0,0,0,0
911105,,0,911100,1,0,0,0,0,505,4924,5,0,0,0,0,0,0,0,0,0,0,0,0,0,0,0,0,0,0,0,0,0,0,0
911106,,0,911100,2,0,0,0,0,0,0,0,0,49240000,149240000,249240000,349240000,449240000,549240000,7500,7501,0,0,0,0,0,0,0,0,0,0,0,0,0,0
911120,,0,911120,0,0,0,1006,1006,0,0,0,0,0,0,0,0,0,0,0,0,0,0,0,0,0,0,0,0,4924,4924,0,0,0,0
911121,,0,911120,1,0,0,0,0,507,4924,1,0,0,0,0,0,0,0,0,0,0,0,0,0,0,0,0,0,0,0,0,0,0,0
911122,,0,911120,1,0,0,0,0,509,4924,2,0,0,0,0,0,0,0,0,0,0,0,0,0,0,0,0,0,0,0,0,0,0,0
911123,,0,911120,1,0,0,0,0,512,4924,3,0,0,0,0,0,0,0,0,0,0,0,0,0,0,0,0,0,0,0,0,0,0,0
911124,,0,911120,1,0,0,0,0,513,4924,4,0,0,0,0,0,0,0,0,0,0,0,0,0,0,0,0,0,0,0,0,0,0,0
911126,,0,911120,2,0,0,0,0,511,4924,5,0,49240000,149240000,249240000,349240000,449240000,549240000,7500,7501,0,0,0,0,0,0,0,0,0,0,0,0,0,0
911130,,0,911130,0,0,0,1023,1023,0,0,0,0,0,0,0,0,0,0,0,0,0,0,0,0,0,0,0,0,4924,4924,0,0,0,0
911131,,0,911130,2,0,0,0,0,0,0,0,0,49240000,0,0,0,0,0,7500,7501,0,0,0,0,0,0,0,0,0,0,0,0,0,0
911135,,0,911135,0,0,0,1024,1024,0,0,0,0,0,0,0,0,0,0,0,0,0,0,0,0,0,0,0,0,4924,4924,0,0,0,0
911136,,0,911135,2,0,0,0,0,0,0,0,0,49240000,0,0,0,0,0,7500,7501,0,0,0,0,0,0,0,0,0,0,0,0,0,0
911140,,0,911140,0,0,0,1021,1021,0,0,0,0,0,0,0,0,0,0,0,0,0,0,0,0,0,0,0,0,4924,4924,0,0,0,0
911141,,0,911140,1,0,0,0,0,515,4924,1,0,0,0,0,0,0,0,0,0,0,0,0,0,0,0,0,0,0,0,0,0,0,0
911142,,0,911140,2,0,0,0,0,0,0,0,0,49240000,149240000,7669,0,0,0,7500,7501,0,0,0,0,0,0,0,0,0,0,0,0,0,0
911145,,0,911145,0,0,0,1010,1010,0,0,0,0,0,0,0,0,0,0,0,0,0,0,0,0,0,0,0,0,4924,4924,0,0,0,0
911146,,0,911145,2,0,0,0,0,0,0,0,0,49240000,0,0,0,0,0,7500,7501,0,0,0,0,0,0,0,0,0,0,0,0,0,0
911150,,0,911150,0,0,0,1000,1000,0,0,0,0,0,0,0,0,0,0,0,0,0,0,0,0,0,0,0,0,4925,4925,0,0,0,0
911151,,0,911150,1,0,0,0,0,502,4925,1,0,0,0,0,0,0,0,0,0,0,0,0,0,0,0,0,0,0,0,0,0,0,0
911152,,0,911150,1,0,0,0,0,518,4925,2,0,0,0,0,0,0,0,0,0,0,0,0,0,0,0,0,0,0,0,0,0,0,0
911153,,0,911150,1,0,0,0,0,503,4925,3,0,0,0,0,0,0,0,0,0,0,0,0,0,0,0,0,0,0,0,0,0,0,0
911154,,0,911150,1,0,0,0,0,504,4925,4,0,0,0,0,0,0,0,0,0,0,0,0,0,0,0,0,0,0,0,0,0,0,0
911155,,0,911150,1,0,0,0,0,505,4925,5,0,0,0,0,0,0,0,0,0,0,0,0,0,0,0,0,0,0,0,0,0,0,0
911156,,0,911150,2,0,0,0,0,0,0,0,0,49250000,149250000,249250000,349250000,449250000,549250000,7500,7501,0,0,0,0,0,0,0,0,0,0,0,0,0,0
911170,,0,911170,0,0,0,1006,1006,0,0,0,0,0,0,0,0,0,0,0,0,0,0,0,0,0,0,0,0,4925,4925,0,0,0,0
911171,,0,911170,1,0,0,0,0,507,4925,1,0,0,0,0,0,0,0,0,0,0,0,0,0,0,0,0,0,0,0,0,0,0,0
911172,,0,911170,1,0,0,0,0,509,4925,2,0,0,0,0,0,0,0,0,0,0,0,0,0,0,0,0,0,0,0,0,0,0,0
911173,,0,911170,1,0,0,0,0,512,4925,3,0,0,0,0,0,0,0,0,0,0,0,0,0,0,0,0,0,0,0,0,0,0,0
911174,,0,911170,1,0,0,0,0,513,4925,4,0,0,0,0,0,0,0,0,0,0,0,0,0,0,0,0,0,0,0,0,0,0,0
911175,,0,911170,2,0,0,0,0,511,4925,5,0,49250000,149250000,249250000,349250000,449250000,549250000,7500,7501,0,0,0,0,0,0,0,0,0,0,0,0,0,0
911180,,0,911180,0,0,0,1023,1023,0,0,0,0,0,0,0,0,0,0,0,0,0,0,0,0,0,0,0,0,4925,4925,0,0,0,0
911181,,0,911180,2,0,0,0,0,0,0,0,0,49250000,0,0,0,0,0,7500,7501,0,0,0,0,0,0,0,0,0,0,0,0,0,0
911185,,0,911185,0,0,0,1024,1024,0,0,0,0,0,0,0,0,0,0,0,0,0,0,0,0,0,0,0,0,4925,4925,0,0,0,0
911186,,0,911185,2,0,0,0,0,0,0,0,0,49250000,0,0,0,0,0,7500,7501,0,0,0,0,0,0,0,0,0,0,0,0,0,0
911190,,0,911190,0,0,0,1021,1021,0,0,0,0,0,0,0,0,0,0,0,0,0,0,0,0,0,0,0,0,4925,4925,0,0,0,0
911191,,0,911190,1,0,0,0,0,515,4925,1,0,0,0,0,0,0,0,0,0,0,0,0,0,0,0,0,0,0,0,0,0,0,0
911192,,0,911190,2,0,0,0,0,0,0,0,0,49250000,149250000,7669,0,0,0,7500,7501,0,0,0,0,0,0,0,0,0,0,0,0,0,0
911195,,0,911195,0,0,0,1010,1010,0,0,0,0,0,0,0,0,0,0,0,0,0,0,0,0,0,0,0,0,4925,4925,0,0,0,0
911196,,0,911195,2,0,0,0,0,0,0,0,0,49250000,0,0,0,0,0,7500,7501,0,0,0,0,0,0,0,0,0,0,0,0,0,0
911200,,0,911200,0,0,0,1000,1000,0,0,0,0,0,0,0,0,0,0,0,0,0,0,0,0,0,0,0,0,4926,4926,0,0,0,0
911201,,0,911200,1,0,0,0,0,502,4926,1,0,0,0,0,0,0,0,0,0,0,0,0,0,0,0,0,0,0,0,0,0,0,0
911202,,0,911200,1,0,0,0,0,518,4926,2,0,0,0,0,0,0,0,0,0,0,0,0,0,0,0,0,0,0,0,0,0,0,0
911203,,0,911200,1,0,0,0,0,503,4926,3,0,0,0,0,0,0,0,0,0,0,0,0,0,0,0,0,0,0,0,0,0,0,0
911204,,0,911200,1,0,0,0,0,504,4926,4,0,0,0,0,0,0,0,0,0,0,0,0,0,0,0,0,0,0,0,0,0,0,0
911205,,0,911200,1,0,0,0,0,505,4926,5,0,0,0,0,0,0,0,0,0,0,0,0,0,0,0,0,0,0,0,0,0,0,0
911206,,0,911200,2,0,0,0,0,0,0,0,0,49260000,149260000,249260000,349260000,449260000,549260000,7500,7501,0,0,0,0,0,0,0,0,0,0,0,0,0,0
911220,,0,911220,0,0,0,1006,1006,0,0,0,0,0,0,0,0,0,0,0,0,0,0,0,0,0,0,0,0,4926,4926,0,0,0,0
911221,,0,911220,1,0,0,0,0,507,4926,1,0,0,0,0,0,0,0,0,0,0,0,0,0,0,0,0,0,0,0,0,0,0,0
911222,,0,911220,1,0,0,0,0,509,4926,2,0,0,0,0,0,0,0,0,0,0,0,0,0,0,0,0,0,0,0,0,0,0,0
911223,,0,911220,1,0,0,0,0,512,4926,3,0,0,0,0,0,0,0,0,0,0,0,0,0,0,0,0,0,0,0,0,0,0,0
911224,,0,911220,1,0,0,0,0,513,4926,4,0,0,0,0,0,0,0,0,0,0,0,0,0,0,0,0,0,0,0,0,0,0,0
911226,,0,911220,2,0,0,0,0,511,4926,5,0,49260000,149260000,249260000,349260000,449260000,549260000,7500,7501,0,0,0,0,0,0,0,0,0,0,0,0,0,0
911230,,0,911230,0,0,0,1023,1023,0,0,0,0,0,0,0,0,0,0,0,0,0,0,0,0,0,0,0,0,4926,4926,0,0,0,0
911231,,0,911230,2,0,0,0,0,0,0,0,0,49260000,0,0,0,0,0,7500,7501,0,0,0,0,0,0,0,0,0,0,0,0,0,0
911235,,0,911235,0,0,0,1024,1024,0,0,0,0,0,0,0,0,0,0,0,0,0,0,0,0,0,0,0,0,4926,4926,0,0,0,0
911236,,0,911235,2,0,0,0,0,0,0,0,0,49260000,0,0,0,0,0,7500,7501,0,0,0,0,0,0,0,0,0,0,0,0,0,0
911240,,0,911240,0,0,0,1021,1021,0,0,0,0,0,0,0,0,0,0,0,0,0,0,0,0,0,0,0,0,4926,4926,0,0,0,0
911241,,0,911240,1,0,0,0,0,515,4926,1,0,0,0,0,0,0,0,0,0,0,0,0,0,0,0,0,0,0,0,0,0,0,0
911242,,0,911240,2,0,0,0,0,0,0,0,0,49260000,149260000,7669,0,0,0,7500,7501,0,0,0,0,0,0,0,0,0,0,0,0,0,0
911245,,0,911245,0,0,0,1010,1010,0,0,0,0,0,0,0,0,0,0,0,0,0,0,0,0,0,0,0,0,4926,4926,0,0,0,0
911246,,0,911245,2,0,0,0,0,0,0,0,0,49260000,0,0,0,0,0,7500,7501,0,0,0,0,0,0,0,0,0,0,0,0,0,0
911250,,0,911250,0,0,0,1000,1000,0,0,0,0,0,0,0,0,0,0,0,0,0,0,0,0,0,0,0,0,4927,4927,0,0,0,0
911251,,0,911250,1,0,0,0,0,502,4927,1,0,0,0,0,0,0,0,0,0,0,0,0,0,0,0,0,0,0,0,0,0,0,0
911252,,0,911250,1,0,0,0,0,518,4927,2,0,0,0,0,0,0,0,0,0,0,0,0,0,0,0,0,0,0,0,0,0,0,0
911253,,0,911250,1,0,0,0,0,503,4927,3,0,0,0,0,0,0,0,0,0,0,0,0,0,0,0,0,0,0,0,0,0,0,0
911254,,0,911250,1,0,0,0,0,504,4927,4,0,0,0,0,0,0,0,0,0,0,0,0,0,0,0,0,0,0,0,0,0,0,0
911255,,0,911250,1,0,0,0,0,505,4927,5,0,0,0,0,0,0,0,0,0,0,0,0,0,0,0,0,0,0,0,0,0,0,0
911256,,0,911250,2,0,0,0,0,0,0,0,0,49270000,149270000,249270000,349270000,449270000,549270000,7500,7501,0,0,0,0,0,0,0,0,0,0,0,0,0,0
911270,,0,911270,0,0,0,1006,1006,0,0,0,0,0,0,0,0,0,0,0,0,0,0,0,0,0,0,0,0,4927,4927,0,0,0,0
911271,,0,911270,1,0,0,0,0,507,4927,1,0,0,0,0,0,0,0,0,0,0,0,0,0,0,0,0,0,0,0,0,0,0,0
911272,,0,911270,1,0,0,0,0,509,4927,2,0,0,0,0,0,0,0,0,0,0,0,0,0,0,0,0,0,0,0,0,0,0,0
911273,,0,911270,1,0,0,0,0,512,4927,3,0,0,0,0,0,0,0,0,0,0,0,0,0,0,0,0,0,0,0,0,0,0,0
911274,,0,911270,1,0,0,0,0,513,4927,4,0,0,0,0,0,0,0,0,0,0,0,0,0,0,0,0,0,0,0,0,0,0,0
911275,,0,911270,2,0,0,0,0,511,4927,5,0,49270000,149270000,249270000,349270000,449270000,549270000,7500,7501,0,0,0,0,0,0,0,0,0,0,0,0,0,0
911280,,0,911280,0,0,0,1023,1023,0,0,0,0,0,0,0,0,0,0,0,0,0,0,0,0,0,0,0,0,4927,4927,0,0,0,0
911281,,0,911280,2,0,0,0,0,0,0,0,0,49270000,0,0,0,0,0,7500,7501,0,0,0,0,0,0,0,0,0,0,0,0,0,0
911285,,0,911285,0,0,0,1024,1024,0,0,0,0,0,0,0,0,0,0,0,0,0,0,0,0,0,0,0,0,4927,4927,0,0,0,0
911286,,0,911285,2,0,0,0,0,0,0,0,0,49270000,0,0,0,0,0,7500,7501,0,0,0,0,0,0,0,0,0,0,0,0,0,0
911290,,0,911290,0,0,0,1021,1021,0,0,0,0,0,0,0,0,0,0,0,0,0,0,0,0,0,0,0,0,4927,4927,0,0,0,0
911291,,0,911290,1,0,0,0,0,515,4927,1,0,0,0,0,0,0,0,0,0,0,0,0,0,0,0,0,0,0,0,0,0,0,0
911292,,0,911290,2,0,0,0,0,0,0,0,0,49270000,149270000,7669,0,0,0,7500,7501,0,0,0,0,0,0,0,0,0,0,0,0,0,0
911295,,0,911295,0,0,0,1010,1010,0,0,0,0,0,0,0,0,0,0,0,0,0,0,0,0,0,0,0,0,4927,4927,0,0,0,0
911296,,0,911295,2,0,0,0,0,0,0,0,0,49270000,0,0,0,0,0,7500,7501,0,0,0,0,0,0,0,0,0,0,0,0,0,0
911300,,0,911300,0,0,0,1000,1000,0,0,0,0,0,0,0,0,0,0,0,0,0,0,0,0,0,0,0,0,4928,4928,0,0,0,0
911301,,0,911300,1,0,0,0,0,502,4928,1,0,0,0,0,0,0,0,0,0,0,0,0,0,0,0,0,0,0,0,0,0,0,0
911302,,0,911300,1,0,0,0,0,518,4928,2,0,0,0,0,0,0,0,0,0,0,0,0,0,0,0,0,0,0,0,0,0,0,0
911303,,0,911300,1,0,0,0,0,503,4928,3,0,0,0,0,0,0,0,0,0,0,0,0,0,0,0,0,0,0,0,0,0,0,0
911304,,0,911300,1,0,0,0,0,504,4928,4,0,0,0,0,0,0,0,0,0,0,0,0,0,0,0,0,0,0,0,0,0,0,0
911305,,0,911300,1,0,0,0,0,505,4928,5,0,0,0,0,0,0,0,0,0,0,0,0,0,0,0,0,0,0,0,0,0,0,0
911306,,0,911300,2,0,0,0,0,0,0,0,0,49280000,149280000,249280000,349280000,449280000,549280000,7500,7501,0,0,0,0,0,0,0,0,0,0,0,0,0,0
911320,,0,911320,0,0,0,1006,1006,0,0,0,0,0,0,0,0,0,0,0,0,0,0,0,0,0,0,0,0,4928,4928,0,0,0,0
911321,,0,911320,1,0,0,0,0,507,4928,1,0,0,0,0,0,0,0,0,0,0,0,0,0,0,0,0,0,0,0,0,0,0,0
911322,,0,911320,1,0,0,0,0,509,4928,2,0,0,0,0,0,0,0,0,0,0,0,0,0,0,0,0,0,0,0,0,0,0,0
911323,,0,911320,1,0,0,0,0,512,4928,3,0,0,0,0,0,0,0,0,0,0,0,0,0,0,0,0,0,0,0,0,0,0,0
911324,,0,911320,1,0,0,0,0,513,4928,4,0,0,0,0,0,0,0,0,0,0,0,0,0,0,0,0,0,0,0,0,0,0,0
911326,,0,911320,2,0,0,0,0,511,4928,5,0,49280000,149280000,249280000,349280000,449280000,549280000,7500,7501,0,0,0,0,0,0,0,0,0,0,0,0,0,0
911330,,0,911330,0,0,0,1023,1023,0,0,0,0,0,0,0,0,0,0,0,0,0,0,0,0,0,0,0,0,4928,4928,0,0,0,0
911331,,0,911330,2,0,0,0,0,0,0,0,0,49280000,0,0,0,0,0,7500,7501,0,0,0,0,0,0,0,0,0,0,0,0,0,0
911335,,0,911335,0,0,0,1024,1024,0,0,0,0,0,0,0,0,0,0,0,0,0,0,0,0,0,0,0,0,4928,4928,0,0,0,0
911336,,0,911335,2,0,0,0,0,0,0,0,0,49280000,0,0,0,0,0,7500,7501,0,0,0,0,0,0,0,0,0,0,0,0,0,0
911340,,0,911340,0,0,0,1021,1021,0,0,0,0,0,0,0,0,0,0,0,0,0,0,0,0,0,0,0,0,4928,4928,0,0,0,0
911341,,0,911340,1,0,0,0,0,515,4928,1,0,0,0,0,0,0,0,0,0,0,0,0,0,0,0,0,0,0,0,0,0,0,0
911342,,0,911340,2,0,0,0,0,0,0,0,0,49280000,149280000,7669,0,0,0,7500,7501,0,0,0,0,0,0,0,0,0,0,0,0,0,0
911345,,0,911345,0,0,0,1010,1010,0,0,0,0,0,0,0,0,0,0,0,0,0,0,0,0,0,0,0,0,4928,4928,0,0,0,0
911346,,0,911345,2,0,0,0,0,0,0,0,0,49280000,0,0,0,0,0,7500,7501,0,0,0,0,0,0,0,0,0,0,0,0,0,0
911350,,0,911350,0,0,0,1000,1000,0,0,0,0,0,0,0,0,0,0,0,0,0,0,0,0,0,0,0,0,4929,4929,0,0,0,0
911351,,0,911350,1,0,0,0,0,502,4929,1,0,0,0,0,0,0,0,0,0,0,0,0,0,0,0,0,0,0,0,0,0,0,0
911352,,0,911350,1,0,0,0,0,518,4929,2,0,0,0,0,0,0,0,0,0,0,0,0,0,0,0,0,0,0,0,0,0,0,0
911353,,0,911350,1,0,0,0,0,503,4929,3,0,0,0,0,0,0,0,0,0,0,0,0,0,0,0,0,0,0,0,0,0,0,0
911354,,0,911350,1,0,0,0,0,504,4929,4,0,0,0,0,0,0,0,0,0,0,0,0,0,0,0,0,0,0,0,0,0,0,0
911355,,0,911350,1,0,0,0,0,505,4929,5,0,0,0,0,0,0,0,0,0,0,0,0,0,0,0,0,0,0,0,0,0,0,0
911356,,0,911350,2,0,0,0,0,0,0,0,0,49290000,149290000,249290000,349290000,449290000,549290000,7500,7501,0,0,0,0,0,0,0,0,0,0,0,0,0,0
911370,,0,911370,0,0,0,1006,1006,0,0,0,0,0,0,0,0,0,0,0,0,0,0,0,0,0,0,0,0,4929,4929,0,0,0,0
911371,,0,911370,1,0,0,0,0,507,4929,1,0,0,0,0,0,0,0,0,0,0,0,0,0,0,0,0,0,0,0,0,0,0,0
911372,,0,911370,1,0,0,0,0,509,4929,2,0,0,0,0,0,0,0,0,0,0,0,0,0,0,0,0,0,0,0,0,0,0,0
911373,,0,911370,1,0,0,0,0,512,4929,3,0,0,0,0,0,0,0,0,0,0,0,0,0,0,0,0,0,0,0,0,0,0,0
911374,,0,911370,1,0,0,0,0,513,4929,4,0,0,0,0,0,0,0,0,0,0,0,0,0,0,0,0,0,0,0,0,0,0,0
911375,,0,911370,2,0,0,0,0,511,4929,5,0,49290000,149290000,249290000,349290000,449290000,549290000,7500,7501,0,0,0,0,0,0,0,0,0,0,0,0,0,0
911380,,0,911380,0,0,0,1023,1023,0,0,0,0,0,0,0,0,0,0,0,0,0,0,0,0,0,0,0,0,4929,4929,0,0,0,0
911381,,0,911380,2,0,0,0,0,0,0,0,0,49290000,0,0,0,0,0,7500,7501,0,0,0,0,0,0,0,0,0,0,0,0,0,0
911385,,0,911385,0,0,0,1024,1024,0,0,0,0,0,0,0,0,0,0,0,0,0,0,0,0,0,0,0,0,4929,4929,0,0,0,0
911386,,0,911385,2,0,0,0,0,0,0,0,0,49290000,0,0,0,0,0,7500,7501,0,0,0,0,0,0,0,0,0,0,0,0,0,0
911390,,0,911390,0,0,0,1021,1021,0,0,0,0,0,0,0,0,0,0,0,0,0,0,0,0,0,0,0,0,4929,4929,0,0,0,0
911391,,0,911390,1,0,0,0,0,515,4929,1,0,0,0,0,0,0,0,0,0,0,0,0,0,0,0,0,0,0,0,0,0,0,0
911392,,0,911390,2,0,0,0,0,0,0,0,0,49290000,149290000,7669,0,0,0,7500,7501,0,0,0,0,0,0,0,0,0,0,0,0,0,0
911395,,0,911395,0,0,0,1010,1010,0,0,0,0,0,0,0,0,0,0,0,0,0,0,0,0,0,0,0,0,4929,4929,0,0,0,0
911396,,0,911395,2,0,0,0,0,0,0,0,0,49290000,0,0,0,0,0,7500,7501,0,0,0,0,0,0,0,0,0,0,0,0,0,0
911400,,0,911400,0,0,0,1000,1000,0,0,0,0,0,0,0,0,0,0,0,0,0,0,0,0,0,0,0,0,4930,4930,0,0,0,0
911401,,0,911400,1,0,0,0,0,502,4930,1,0,0,0,0,0,0,0,0,0,0,0,0,0,0,0,0,0,0,0,0,0,0,0
911402,,0,911400,1,0,0,0,0,518,4930,2,0,0,0,0,0,0,0,0,0,0,0,0,0,0,0,0,0,0,0,0,0,0,0
911403,,0,911400,1,0,0,0,0,503,4930,3,0,0,0,0,0,0,0,0,0,0,0,0,0,0,0,0,0,0,0,0,0,0,0
911404,,0,911400,1,0,0,0,0,504,4930,4,0,0,0,0,0,0,0,0,0,0,0,0,0,0,0,0,0,0,0,0,0,0,0
911405,,0,911400,1,0,0,0,0,505,4930,5,0,0,0,0,0,0,0,0,0,0,0,0,0,0,0,0,0,0,0,0,0,0,0
911406,,0,911400,2,0,0,0,0,0,0,0,0,49300000,149300000,249300000,349300000,449300000,549300000,7500,7501,0,0,0,0,0,0,0,0,0,0,0,0,0,0
911420,,0,911420,0,0,0,1006,1006,0,0,0,0,0,0,0,0,0,0,0,0,0,0,0,0,0,0,0,0,4930,4930,0,0,0,0
911421,,0,911420,1,0,0,0,0,507,4930,1,0,0,0,0,0,0,0,0,0,0,0,0,0,0,0,0,0,0,0,0,0,0,0
911422,,0,911420,1,0,0,0,0,509,4930,2,0,0,0,0,0,0,0,0,0,0,0,0,0,0,0,0,0,0,0,0,0,0,0
911423,,0,911420,1,0,0,0,0,512,4930,3,0,0,0,0,0,0,0,0,0,0,0,0,0,0,0,0,0,0,0,0,0,0,0
911424,,0,911420,1,0,0,0,0,513,4930,4,0,0,0,0,0,0,0,0,0,0,0,0,0,0,0,0,0,0,0,0,0,0,0
911426,,0,911420,2,0,0,0,0,511,4930,5,0,49300000,149300000,249300000,349300000,449300000,549300000,7500,7501,0,0,0,0,0,0,0,0,0,0,0,0,0,0
911430,,0,911430,0,0,0,1023,1023,0,0,0,0,0,0,0,0,0,0,0,0,0,0,0,0,0,0,0,0,4930,4930,0,0,0,0
911431,,0,911430,2,0,0,0,0,0,0,0,0,49300000,0,0,0,0,0,7500,7501,0,0,0,0,0,0,0,0,0,0,0,0,0,0
911435,,0,911435,0,0,0,1024,1024,0,0,0,0,0,0,0,0,0,0,0,0,0,0,0,0,0,0,0,0,4930,4930,0,0,0,0
911436,,0,911435,2,0,0,0,0,0,0,0,0,49300000,0,0,0,0,0,7500,7501,0,0,0,0,0,0,0,0,0,0,0,0,0,0
911440,,0,911440,0,0,0,1021,1021,0,0,0,0,0,0,0,0,0,0,0,0,0,0,0,0,0,0,0,0,4930,4930,0,0,0,0
911441,,0,911440,1,0,0,0,0,515,4930,1,0,0,0,0,0,0,0,0,0,0,0,0,0,0,0,0,0,0,0,0,0,0,0
911442,,0,911440,2,0,0,0,0,0,0,0,0,49300000,149300000,7669,0,0,0,7500,7501,0,0,0,0,0,0,0,0,0,0,0,0,0,0
911445,,0,911445,0,0,0,1010,1010,0,0,0,0,0,0,0,0,0,0,0,0,0,0,0,0,0,0,0,0,4930,4930,0,0,0,0
911446,,0,911445,2,0,0,0,0,0,0,0,0,49300000,0,0,0,0,0,7500,7501,0,0,0,0,0,0,0,0,0,0,0,0,0,0
911450,,0,911450,0,0,0,1000,1000,0,0,0,0,0,0,0,0,0,0,0,0,0,0,0,0,0,0,0,0,4990,4990,0,0,0,0
911451,,0,911450,1,0,0,0,0,502,4990,1,0,0,0,0,0,0,0,0,0,0,0,0,0,0,0,0,0,0,0,0,0,0,0
911452,,0,911450,1,0,0,0,0,518,4990,2,0,0,0,0,0,0,0,0,0,0,0,0,0,0,0,0,0,0,0,0,0,0,0
911453,,0,911450,1,0,0,0,0,503,4990,3,0,0,0,0,0,0,0,0,0,0,0,0,0,0,0,0,0,0,0,0,0,0,0
911454,,0,911450,1,0,0,0,0,504,4990,4,0,0,0,0,0,0,0,0,0,0,0,0,0,0,0,0,0,0,0,0,0,0,0
911455,,0,911450,1,0,0,0,0,505,4990,5,0,0,0,0,0,0,0,0,0,0,0,0,0,0,0,0,0,0,0,0,0,0,0
911456,,0,911450,2,0,0,0,0,0,0,0,0,49900000,149900000,249900000,349900000,449900000,549900000,7500,7501,0,0,0,0,0,0,0,0,0,0,0,0,0,0
911470,,0,911470,0,0,0,1006,1006,0,0,0,0,0,0,0,0,0,0,0,0,0,0,0,0,0,0,0,0,4990,4990,0,0,0,0
911471,,0,911470,1,0,0,0,0,507,4990,1,0,0,0,0,0,0,0,0,0,0,0,0,0,0,0,0,0,0,0,0,0,0,0
911472,,0,911470,1,0,0,0,0,509,4990,2,0,0,0,0,0,0,0,0,0,0,0,0,0,0,0,0,0,0,0,0,0,0,0
911473,,0,911470,1,0,0,0,0,512,4990,3,0,0,0,0,0,0,0,0,0,0,0,0,0,0,0,0,0,0,0,0,0,0,0
911474,,0,911470,1,0,0,0,0,513,4990,4,0,0,0,0,0,0,0,0,0,0,0,0,0,0,0,0,0,0,0,0,0,0,0
911475,,0,911470,2,0,0,0,0,511,4990,5,0,49900000,149900000,249900000,349900000,449900000,549900000,7500,7501,0,0,0,0,0,0,0,0,0,0,0,0,0,0
911480,,0,911480,0,0,0,1023,1023,0,0,0,0,0,0,0,0,0,0,0,0,0,0,0,0,0,0,0,0,4990,4990,0,0,0,0
911481,,0,911480,2,0,0,0,0,0,0,0,0,49900000,0,0,0,0,0,7500,7501,0,0,0,0,0,0,0,0,0,0,0,0,0,0
911485,,0,911485,0,0,0,1024,1024,0,0,0,0,0,0,0,0,0,0,0,0,0,0,0,0,0,0,0,0,4990,4990,0,0,0,0
911486,,0,911485,2,0,0,0,0,0,0,0,0,49900000,0,0,0,0,0,7500,7501,0,0,0,0,0,0,0,0,0,0,0,0,0,0
911490,,0,911490,0,0,0,1021,1021,0,0,0,0,0,0,0,0,0,0,0,0,0,0,0,0,0,0,0,0,4990,4990,0,0,0,0
911491,,0,911490,1,0,0,0,0,515,4990,1,0,0,0,0,0,0,0,0,0,0,0,0,0,0,0,0,0,0,0,0,0,0,0
911492,,0,911490,2,0,0,0,0,0,0,0,0,49900000,149900000,7669,0,0,0,7500,7501,0,0,0,0,0,0,0,0,0,0,0,0,0,0
911495,,0,911495,0,0,0,1010,1010,0,0,0,0,0,0,0,0,0,0,0,0,0,0,0,0,0,0,0,0,4990,4990,0,0,0,0
911496,,0,911495,2,0,0,0,0,0,0,0,0,49900000,0,0,0,0,0,7500,7501,0,0,0,0,0,0,0,0,0,0,0,0,0,0
1810000,,1,810000,0,0,0,11000,11001,0,0,0,0,0,0,0,0,0,0,0,0,0,0,0,0,0,0,0,0,0,0,0,0,0,0
1810001,,1,810000,2,0,0,0,0,0,0,0,0,7604,0,0,0,0,0,0,0,14,0,0,0,0,0,0,0,0,0,0,0,0,0
1810002,,1,810000,1,0,0,0,0,1141,5358,0,0,0,0,0,0,0,0,0,0,0,0,0,0,0,0,0,0,0,0,0,0,0,0
1810003,,1,810000,1,0,0,0,0,1142,5354,0,0,0,0,0,0,0,0,0,0,0,0,0,0,0,0,0,0,0,0,0,0,0,0
1810004,,1,810000,1,0,0,0,0,1143,5362,0,0,0,0,0,0,0,0,0,0,0,0,0,0,0,0,0,0,0,0,0,0,0,0
1810005,,1,810000,1,0,0,0,0,1144,5350,0,0,0,0,0,0,0,0,0,0,0,0,0,0,0,0,0,0,0,0,0,0,0,0
1920300,,1,920300,0,0,0,21001,21006,0,0,0,0,0,0,0,0,0,0,0,0,0,0,0,0,0,0,0,0,5200,4780,0,0,0,0
1920301,,1,920300,2,0,0,0,0,0,0,0,0,7500,7515,52000000,0,0,0,0,0,0,0,0,0,0,0,0,0,0,0,0,0,0,0
1920310,,1,920310,0,0,0,21001,21006,0,0,0,0,0,0,0,0,0,0,0,0,0,0,0,0,0,0,0,0,5201,4780,0,0,0,0
1920311,,1,920310,2,0,0,0,0,0,0,0,0,7500,7515,52010000,0,0,0,0,0,0,0,0,0,0,0,0,0,0,0,0,0,0,0
1920320,,1,920320,0,0,0,21001,21006,0,0,0,0,0,0,0,0,0,0,0,0,0,0,0,0,0,0,0,0,5202,4780,0,0,0,0
1920321,,1,920320,2,0,0,0,0,0,0,0,0,7500,7515,52020000,0,0,0,0,0,0,0,0,0,0,0,0,0,0,0,0,0,0,0
1920330,,1,920330,0,0,0,21001,21006,0,0,0,0,0,0,0,0,0,0,0,0,0,0,0,0,0,0,0,0,5203,5213,0,0,0,0
1920331,,1,920330,2,0,0,0,0,0,0,0,0,7500,7515,52030000,0,0,0,0,0,0,0,0,0,0,0,0,0,0,0,0,0,0,0
1920400,,1,920400,0,0,0,21001,21006,0,0,0,0,0,0,0,0,0,0,0,0,0,0,0,0,0,0,0,0,5210,4780,0,0,0,0
1920401,,1,920400,2,0,0,0,0,0,0,0,0,7500,7515,52100000,0,0,0,0,0,0,0,0,0,0,0,0,0,0,0,0,0,0,0
1920410,,1,920410,0,0,0,21001,21006,0,0,0,0,0,0,0,0,0,0,0,0,0,0,0,0,0,0,0,0,5211,4780,0,0,0,0
1920411,,1,920410,2,0,0,0,0,0,0,0,0,7500,7515,52110000,0,0,0,0,0,0,0,0,0,0,0,0,0,0,0,0,0,0,0
1920420,,1,920420,0,0,0,21006,21001,0,0,0,0,0,0,0,0,0,0,0,0,0,0,0,0,0,0,0,0,4780,5212,0,0,0,0
1920421,,1,920420,2,0,0,0,0,0,0,0,0,7505,7515,52120000,0,0,0,0,0,0,0,0,0,0,0,0,0,0,0,0,0,0,0
1920430,,1,920430,0,0,0,21001,21006,0,0,0,0,0,0,0,0,0,0,0,0,0,0,0,0,0,0,0,0,5213,5203,0,0,0,0
1920431,,1,920430,2,0,0,0,0,0,0,0,0,7500,7515,52130000,0,0,0,0,0,0,0,0,0,0,0,0,0,0,0,0,0,0,0
1920440,,1,920440,0,0,0,11000,12000,0,0,0,0,0,0,0,0,0,0,0,0,0,0,0,0,0,0,0,0,5203,5213,0,0,0,0
1920441,,1,920440,2,0,0,0,0,0,0,0,0,7500,7515,52130000,7604,7505,7503,7502,0,14,13000,0,0,0,0,0,0,0,0,0,0,0,0
1920500,,1,920500,0,0,0,21000,21006,0,0,0,0,0,0,0,0,0,0,0,0,0,0,0,0,0,0,0,0,5210,4780,0,0,0,0
1920501,,1,920500,2,0,0,0,0,0,0,0,0,7500,7515,52100000,0,0,0,0,0,700,1100,0,0,0,0,0,0,0,0,0,0,0,0
1920502,,1,920500,1,0,0,0,0,2710,4940,0,0,0,0,0,0,0,0,0,0,0,0,0,0,0,0,0,0,0,0,0,0,0,0
1921700,,1,921700,0,0,0,21000,21001,0,0,0,0,0,0,0,0,0,0,0,0,0,0,0,0,0,0,0,0,4780,4850,0,0,0,0
1921701,,1,921700,1,0,0,0,0,2520,5305,0,0,0,0,0,0,0,0,0,0,0,0,0,0,0,0,0,0,0,0,0,0,0,0
1921702,,1,921700,1,0,0,0,0,2528,5305,0,0,0,0,0,0,0,0,0,0,0,0,0,0,0,0,0,0,0,0,0,0,0,0
1921703,,1,921700,2,0,0,0,0,0,0,0,0,8080,7705,0,0,0,0,0,0,10000,800,0,0,0,0,0,0,0,0,0,0,0,0
1921800,,1,921800,0,0,0,21000,21001,0,0,0,0,0,0,0,0,0,0,0,0,0,0,0,0,0,0,0,0,4780,4850,0,0,0,0
1921801,,1,921800,1,0,0,0,0,2520,5300,0,0,0,0,0,0,0,0,0,0,0,0,0,0,0,0,0,0,0,0,0,0,0,0
1921802,,1,921800,1,0,0,0,0,2522,5300,0,0,0,0,0,0,0,0,0,0,0,0,0,0,0,0,0,0,0,0,0,0,0,0
1921803,,1,921800,1,0,0,0,0,2523,5300,0,0,0,0,0,0,0,0,0,0,0,0,0,0,0,0,0,0,0,0,0,0,0,0
1921804,,1,921800,2,0,0,0,0,0,0,0,0,8077,7705,0,0,0,0,0,0,600,800,0,0,0,0,0,0,0,0,0,0,0,0
1921900,,1,921900,0,0,0,21010,21007,0,0,0,0,0,0,0,0,0,0,0,0,0,0,0,0,0,0,0,0,4780,4850,0,0,0,0
1921901,,1,921900,1,0,0,0,0,2109,3000,0,0,0,0,0,0,0,0,0,0,0,0,0,0,0,0,0,0,0,0,0,0,0,0
1921902,,1,921900,1,0,0,0,0,2110,3200,0,0,0,0,0,0,0,0,0,0,0,0,0,0,0,0,0,0,0,0,0,0,0,0
1921903,,1,921900,1,0,0,0,0,2111,3400,0,0,0,0,0,0,0,0,0,0,0,0,0,0,0,0,0,0,0,0,0,0,0,0
1921904,,1,921900,2,0,0,0,0,0,0,0,0,8081,7705,0,0,0,0,0,0,10001,800,0,0,0,0,0,0,0,0,0,0,0,0
1922000,,1,922000,0,0,0,21000,21001,0,0,0,0,0,0,0,0,0,0,0,0,0,0,0,0,0,0,0,0,4780,4850,0,0,0,0
1922001,,1,922000,1,0,0,0,0,2100,5000,0,0,0,0,0,0,0,0,0,0,0,0,0,0,0,0,0,0,0,0,0,0,0,0
1922002,,1,922000,1,0,0,0,0,2103,5000,0,1,0,0,0,0,0,0,0,0,0,0,0,0,0,0,0,0,0,0,0,0,0,0
1922003,,1,922000,1,0,0,0,0,2104,5000,0,2,0,0,0,0,0,0,0,0,0,0,0,0,0,0,0,0,0,0,0,0,0,0
1922004,,1,922000,1,0,0,0,0,2106,5000,0,3,0,0,0,0,0,0,0,0,0,0,0,0,0,0,0,0,0,0,0,0,0,0
1922005,,1,922000,1,0,0,0,0,2108,5000,0,4,0,0,0,0,0,0,0,0,0,0,0,0,0,0,0,0,0,0,0,0,0,0
1922006,,1,922000,1,0,0,0,0,2110,5000,0,0,0,0,0,0,0,0,0,0,0,0,0,0,0,0,0,0,0,0,0,0,0,0
1922007,,1,922000,1,0,0,0,0,2114,5000,0,0,0,0,0,0,0,0,0,0,0,0,0,0,0,0,0,0,0,0,0,0,0,0
1922008,,1,922000,1,0,0,0,0,2117,5000,0,0,0,0,0,0,0,0,0,0,0,0,0,0,0,0,0,0,0,0,0,0,0,0
1922009,,1,922000,1,0,0,0,0,2101,5000,0,0,0,0,0,0,0,0,0,0,0,0,0,0,0,0,0,0,0,0,0,0,0,0
1922010,,1,922010,0,0,0,21000,21001,0,0,0,0,0,0,0,0,0,0,0,0,0,0,0,0,0,0,0,0,4780,4850,0,0,0,0
1922011,,1,922010,1,0,0,0,0,2107,5000,0,0,0,0,0,0,0,0,0,0,0,0,0,0,0,0,0,0,0,0,0,0,0,0
1922012,,1,922010,1,0,0,0,0,2109,5000,0,0,0,0,0,0,0,0,0,0,0,0,0,0,0,0,0,0,0,0,0,0,0,0
1922013,,1,922010,1,0,0,0,0,2111,5000,0,0,0,0,0,0,0,0,0,0,0,0,0,0,0,0,0,0,0,0,0,0,0,0
1922014,,1,922010,1,0,0,0,0,2112,5000,0,0,0,0,0,0,0,0,0,0,0,0,0,0,0,0,0,0,0,0,0,0,0,0
1922015,,1,922010,1,0,0,0,0,2113,5000,0,0,0,0,0,0,0,0,0,0,0,0,0,0,0,0,0,0,0,0,0,0,0,0
1922016,,1,922010,1,0,0,0,0,2116,5000,0,0,0,0,0,0,0,0,0,0,0,0,0,0,0,0,0,0,0,0,0,0,0,0
1922017,,1,922010,1,0,0,0,0,2120,5000,0,0,0,0,0,0,0,0,0,0,0,0,0,0,0,0,0,0,0,0,0,0,0,0
1922020,,1,922020,0,0,0,21000,21001,0,0,0,0,0,0,0,0,0,0,0,0,0,0,0,0,0,0,0,0,4780,4850,0,0,0,0
1922021,,1,922020,1,0,0,0,0,2100,5001,0,0,0,0,0,0,0,0,0,0,0,0,0,0,0,0,0,0,0,0,0,0,0,0
1922022,,1,922020,1,0,0,0,0,2103,5001,0,1,0,0,0,0,0,0,0,0,0,0,0,0,0,0,0,0,0,0,0,0,0,0
1922023,,1,922020,1,0,0,0,0,2104,5001,0,2,0,0,0,0,0,0,0,0,0,0,0,0,0,0,0,0,0,0,0,0,0,0
1922024,,1,922020,1,0,0,0,0,2106,5001,0,3,0,0,0,0,0,0,0,0,0,0,0,0,0,0,0,0,0,0,0,0,0,0
1922025,,1,922020,1,0,0,0,0,2108,5001,0,4,0,0,0,0,0,0,0,0,0,0,0,0,0,0,0,0,0,0,0,0,0,0
1922026,,1,922020,1,0,0,0,0,2110,5001,0,0,0,0,0,0,0,0,0,0,0,0,0,0,0,0,0,0,0,0,0,0,0,0
1922027,,1,922020,1,0,0,0,0,2114,5001,0,0,0,0,0,0,0,0,0,0,0,0,0,0,0,0,0,0,0,0,0,0,0,0
1922028,,1,922020,1,0,0,0,0,2117,5001,0,0,0,0,0,0,0,0,0,0,0,0,0,0,0,0,0,0,0,0,0,0,0,0
1922029,,1,922020,1,0,0,0,0,2101,5001,0,0,0,0,0,0,0,0,0,0,0,0,0,0,0,0,0,0,0,0,0,0,0,0
1922030,,1,922030,0,0,0,21000,21001,0,0,0,0,0,0,0,0,0,0,0,0,0,0,0,0,0,0,0,0,4780,4850,0,0,0,0
1922031,,1,922030,1,0,0,0,0,2107,5001,0,0,0,0,0,0,0,0,0,0,0,0,0,0,0,0,0,0,0,0,0,0,0,0
1922032,,1,922030,1,0,0,0,0,2109,5001,0,0,0,0,0,0,0,0,0,0,0,0,0,0,0,0,0,0,0,0,0,0,0,0
1922033,,1,922030,1,0,0,0,0,2111,5001,0,0,0,0,0,0,0,0,0,0,0,0,0,0,0,0,0,0,0,0,0,0,0,0
1922034,,1,922030,1,0,0,0,0,2112,5001,0,0,0,0,0,0,0,0,0,0,0,0,0,0,0,0,0,0,0,0,0,0,0,0
1922035,,1,922030,1,0,0,0,0,2113,5001,0,0,0,0,0,0,0,0,0,0,0,0,0,0,0,0,0,0,0,0,0,0,0,0
1922036,,1,922030,1,0,0,0,0,2116,5001,0,0,0,0,0,0,0,0,0,0,0,0,0,0,0,0,0,0,0,0,0,0,0,0
1922037,,1,922030,1,0,0,0,0,2120,5001,0,0,0,0,0,0,0,0,0,0,0,0,0,0,0,0,0,0,0,0,0,0,0,0
1922040,,1,922040,0,0,0,21000,21001,0,0,0,0,0,0,0,0,0,0,0,0,0,0,0,0,0,0,0,0,4780,4850,0,0,0,0
1922041,,1,922040,1,0,0,0,0,2100,5010,0,0,0,0,0,0,0,0,0,0,0,0,0,0,0,0,0,0,0,0,0,0,0,0
1922042,,1,922040,1,0,0,0,0,2103,5010,0,1,0,0,0,0,0,0,0,0,0,0,0,0,0,0,0,0,0,0,0,0,0,0
1922043,,1,922040,1,0,0,0,0,2104,5010,0,2,0,0,0,0,0,0,0,0,0,0,0,0,0,0,0,0,0,0,0,0,0,0
1922044,,1,922040,1,0,0,0,0,2106,5010,0,3,0,0,0,0,0,0,0,0,0,0,0,0,0,0,0,0,0,0,0,0,0,0
1922045,,1,922040,1,0,0,0,0,2108,5010,0,4,0,0,0,0,0,0,0,0,0,0,0,0,0,0,0,0,0,0,0,0,0,0
1922046,,1,922040,1,0,0,0,0,2110,5010,0,5,0,0,0,0,0,0,0,0,0,0,0,0,0,0,0,0,0,0,0,0,0,0
1922047,,1,922040,1,0,0,0,0,2114,5010,0,0,0,0,0,0,0,0,0,0,0,0,0,0,0,0,0,0,0,0,0,0,0,0
1922048,,1,922040,1,0,0,0,0,2117,5010,0,0,0,0,0,0,0,0,0,0,0,0,0,0,0,0,0,0,0,0,0,0,0,0
1922049,,1,922040,1,0,0,0,0,2101,5010,0,0,0,0,0,0,0,0,0,0,0,0,0,0,0,0,0,0,0,0,0,0,0,0
1922050,,1,922050,0,0,0,21000,21001,0,0,0,0,0,0,0,0,0,0,0,0,0,0,0,0,0,0,0,0,4780,4850,0,0,0,0
1922051,,1,922050,1,0,0,0,0,2107,5010,0,0,0,0,0,0,0,0,0,0,0,0,0,0,0,0,0,0,0,0,0,0,0,0
1922052,,1,922050,1,0,0,0,0,2109,5010,0,0,0,0,0,0,0,0,0,0,0,0,0,0,0,0,0,0,0,0,0,0,0,0
1922053,,1,922050,1,0,0,0,0,2111,5010,0,0,0,0,0,0,0,0,0,0,0,0,0,0,0,0,0,0,0,0,0,0,0,0
1922054,,1,922050,1,0,0,0,0,2112,5010,0,0,0,0,0,0,0,0,0,0,0,0,0,0,0,0,0,0,0,0,0,0,0,0
1922055,,1,922050,1,0,0,0,0,2113,5010,0,0,0,0,0,0,0,0,0,0,0,0,0,0,0,0,0,0,0,0,0,0,0,0
1922056,,1,922050,1,0,0,0,0,2116,5010,0,0,0,0,0,0,0,0,0,0,0,0,0,0,0,0,0,0,0,0,0,0,0,0
1922057,,1,922050,1,0,0,0,0,2120,5010,0,0,0,0,0,0,0,0,0,0,0,0,0,0,0,0,0,0,0,0,0,0,0,0
1922060,,1,922060,0,0,0,21000,21001,0,0,0,0,0,0,0,0,0,0,0,0,0,0,0,0,0,0,0,0,4780,4850,0,0,0,0
1922061,,1,922060,1,0,0,0,0,2100,5011,0,0,0,0,0,0,0,0,0,0,0,0,0,0,0,0,0,0,0,0,0,0,0,0
1922062,,1,922060,1,0,0,0,0,2103,5011,0,1,0,0,0,0,0,0,0,0,0,0,0,0,0,0,0,0,0,0,0,0,0,0
1922063,,1,922060,1,0,0,0,0,2104,5011,0,2,0,0,0,0,0,0,0,0,0,0,0,0,0,0,0,0,0,0,0,0,0,0
1922064,,1,922060,1,0,0,0,0,2106,5011,0,3,0,0,0,0,0,0,0,0,0,0,0,0,0,0,0,0,0,0,0,0,0,0
1922065,,1,922060,1,0,0,0,0,2108,5011,0,4,0,0,0,0,0,0,0,0,0,0,0,0,0,0,0,0,0,0,0,0,0,0
1922066,,1,922060,1,0,0,0,0,2110,5011,0,5,0,0,0,0,0,0,0,0,0,0,0,0,0,0,0,0,0,0,0,0,0,0
1922067,,1,922060,1,0,0,0,0,2114,5011,0,6,0,0,0,0,0,0,0,0,0,0,0,0,0,0,0,0,0,0,0,0,0,0
1922068,,1,922060,1,0,0,0,0,2117,5011,0,6,0,0,0,0,0,0,0,0,0,0,0,0,0,0,0,0,0,0,0,0,0,0
1922069,,1,922060,1,0,0,0,0,2101,5011,0,0,0,0,0,0,0,0,0,0,0,0,0,0,0,0,0,0,0,0,0,0,0,0
1922070,,1,922070,0,0,0,21000,21001,0,0,0,0,0,0,0,0,0,0,0,0,0,0,0,0,0,0,0,0,4780,4850,0,0,0,0
1922071,,1,922070,1,0,0,0,0,2107,5011,0,0,0,0,0,0,0,0,0,0,0,0,0,0,0,0,0,0,0,0,0,0,0,0
1922072,,1,922070,1,0,0,0,0,2109,5011,0,0,0,0,0,0,0,0,0,0,0,0,0,0,0,0,0,0,0,0,0,0,0,0
1922073,,1,922070,1,0,0,0,0,2111,5011,0,0,0,0,0,0,0,0,0,0,0,0,0,0,0,0,0,0,0,0,0,0,0,0
1922074,,1,922070,1,0,0,0,0,2112,5011,0,0,0,0,0,0,0,0,0,0,0,0,0,0,0,0,0,0,0,0,0,0,0,0
1922075,,1,922070,1,0,0,0,0,2113,5011,0,0,0,0,0,0,0,0,0,0,0,0,0,0,0,0,0,0,0,0,0,0,0,0
1922076,,1,922070,1,0,0,0,0,2116,5011,0,0,0,0,0,0,0,0,0,0,0,0,0,0,0,0,0,0,0,0,0,0,0,0
1922077,,1,922070,1,0,0,0,0,2120,5011,0,0,0,0,0,0,0,0,0,0,0,0,0,0,0,0,0,0,0,0,0,0,0,0
1922080,,1,922080,0,0,0,21000,21001,0,0,0,0,0,0,0,0,0,0,0,0,0,0,0,0,0,0,0,0,4780,4850,0,0,0,0
1922081,,1,922080,1,0,0,0,0,2100,5002,0,0,0,0,0,0,0,0,0,0,0,0,0,0,0,0,0,0,0,0,0,0,0,0
1922082,,1,922080,1,0,0,0,0,2103,5002,0,1,0,0,0,0,0,0,0,0,0,0,0,0,0,0,0,0,0,0,0,0,0,0
1922083,,1,922080,1,0,0,0,0,2104,5002,0,2,0,0,0,0,0,0,0,0,0,0,0,0,0,0,0,0,0,0,0,0,0,0
1922084,,1,922080,1,0,0,0,0,2106,5002,0,3,0,0,0,0,0,0,0,0,0,0,0,0,0,0,0,0,0,0,0,0,0,0
1922085,,1,922080,1,0,0,0,0,2108,5002,0,4,0,0,0,0,0,0,0,0,0,0,0,0,0,0,0,0,0,0,0,0,0,0
1922086,,1,922080,1,0,0,0,0,2110,5002,0,0,0,0,0,0,0,0,0,0,0,0,0,0,0,0,0,0,0,0,0,0,0,0
1922087,,1,922080,1,0,0,0,0,2114,5002,0,0,0,0,0,0,0,0,0,0,0,0,0,0,0,0,0,0,0,0,0,0,0,0
1922088,,1,922080,1,0,0,0,0,2117,5002,0,0,0,0,0,0,0,0,0,0,0,0,0,0,0,0,0,0,0,0,0,0,0,0
1922089,,1,922080,1,0,0,0,0,2101,5002,0,0,0,0,0,0,0,0,0,0,0,0,0,0,0,0,0,0,0,0,0,0,0,0
1922090,,1,922090,0,0,0,21000,21001,0,0,0,0,0,0,0,0,0,0,0,0,0,0,0,0,0,0,0,0,4780,4850,0,0,0,0
1922091,,1,922090,1,0,0,0,0,2107,5002,0,0,0,0,0,0,0,0,0,0,0,0,0,0,0,0,0,0,0,0,0,0,0,0
1922092,,1,922090,1,0,0,0,0,2109,5002,0,0,0,0,0,0,0,0,0,0,0,0,0,0,0,0,0,0,0,0,0,0,0,0
1922093,,1,922090,1,0,0,0,0,2111,5002,0,0,0,0,0,0,0,0,0,0,0,0,0,0,0,0,0,0,0,0,0,0,0,0
1922094,,1,922090,1,0,0,0,0,2112,5002,0,0,0,0,0,0,0,0,0,0,0,0,0,0,0,0,0,0,0,0,0,0,0,0
1922095,,1,922090,1,0,0,0,0,2113,5002,0,0,0,0,0,0,0,0,0,0,0,0,0,0,0,0,0,0,0,0,0,0,0,0
1922096,,1,922090,1,0,0,0,0,2116,5002,0,0,0,0,0,0,0,0,0,0,0,0,0,0,0,0,0,0,0,0,0,0,0,0
1922097,,1,922090,1,0,0,0,0,2120,5002,0,0,0,0,0,0,0,0,0,0,0,0,0,0,0,0,0,0,0,0,0,0,0,0
1922100,,1,922100,0,0,0,21000,21001,0,0,0,0,0,0,0,0,0,0,0,0,0,0,0,0,0,0,0,0,4780,4850,0,0,0,0
1922101,,1,922100,1,0,0,0,0,2100,5003,0,0,0,0,0,0,0,0,0,0,0,0,0,0,0,0,0,0,0,0,0,0,0,0
1922102,,1,922100,1,0,0,0,0,2103,5003,0,1,0,0,0,0,0,0,0,0,0,0,0,0,0,0,0,0,0,0,0,0,0,0
1922103,,1,922100,1,0,0,0,0,2104,5003,0,2,0,0,0,0,0,0,0,0,0,0,0,0,0,0,0,0,0,0,0,0,0,0
1922104,,1,922100,1,0,0,0,0,2106,5003,0,3,0,0,0,0,0,0,0,0,0,0,0,0,0,0,0,0,0,0,0,0,0,0
1922105,,1,922100,1,0,0,0,0,2108,5003,0,4,0,0,0,0,0,0,0,0,0,0,0,0,0,0,0,0,0,0,0,0,0,0
1922106,,1,922100,1,0,0,0,0,2110,5003,0,0,0,0,0,0,0,0,0,0,0,0,0,0,0,0,0,0,0,0,0,0,0,0
1922107,,1,922100,1,0,0,0,0,2114,5003,0,0,0,0,0,0,0,0,0,0,0,0,0,0,0,0,0,0,0,0,0,0,0,0
1922108,,1,922100,1,0,0,0,0,2117,5003,0,0,0,0,0,0,0,0,0,0,0,0,0,0,0,0,0,0,0,0,0,0,0,0
1922109,,1,922100,1,0,0,0,0,2101,5003,0,0,0,0,0,0,0,0,0,0,0,0,0,0,0,0,0,0,0,0,0,0,0,0
1922110,,1,922110,0,0,0,21000,21001,0,0,0,0,0,0,0,0,0,0,0,0,0,0,0,0,0,0,0,0,4780,4850,0,0,0,0
1922111,,1,922110,1,0,0,0,0,2107,5003,0,0,0,0,0,0,0,0,0,0,0,0,0,0,0,0,0,0,0,0,0,0,0,0
1922112,,1,922110,1,0,0,0,0,2109,5003,0,0,0,0,0,0,0,0,0,0,0,0,0,0,0,0,0,0,0,0,0,0,0,0
1922113,,1,922110,1,0,0,0,0,2111,5003,0,0,0,0,0,0,0,0,0,0,0,0,0,0,0,0,0,0,0,0,0,0,0,0
1922114,,1,922110,1,0,0,0,0,2112,5003,0,0,0,0,0,0,0,0,0,0,0,0,0,0,0,0,0,0,0,0,0,0,0,0
1922115,,1,922110,1,0,0,0,0,2113,5003,0,0,0,0,0,0,0,0,0,0,0,0,0,0,0,0,0,0,0,0,0,0,0,0
1922116,,1,922110,1,0,0,0,0,2116,5003,0,0,0,0,0,0,0,0,0,0,0,0,0,0,0,0,0,0,0,0,0,0,0,0
1922117,,1,922110,1,0,0,0,0,2120,5003,0,0,0,0,0,0,0,0,0,0,0,0,0,0,0,0,0,0,0,0,0,0,0,0
1922120,,1,922120,0,0,0,21000,21001,0,0,0,0,0,0,0,0,0,0,0,0,0,0,0,0,0,0,0,0,4780,4850,0,0,0,0
1922121,,1,922120,1,0,0,0,0,2100,5004,0,0,0,0,0,0,0,0,0,0,0,0,0,0,0,0,0,0,0,0,0,0,0,0
1922122,,1,922120,1,0,0,0,0,2103,5004,0,1,0,0,0,0,0,0,0,0,0,0,0,0,0,0,0,0,0,0,0,0,0,0
1922123,,1,922120,1,0,0,0,0,2104,5004,0,2,0,0,0,0,0,0,0,0,0,0,0,0,0,0,0,0,0,0,0,0,0,0
1922124,,1,922120,1,0,0,0,0,2106,5004,0,3,0,0,0,0,0,0,0,0,0,0,0,0,0,0,0,0,0,0,0,0,0,0
1922125,,1,922120,1,0,0,0,0,2108,5004,0,4,0,0,0,0,0,0,0,0,0,0,0,0,0,0,0,0,0,0,0,0,0,0
1922126,,1,922120,1,0,0,0,0,2110,5004,0,0,0,0,0,0,0,0,0,0,0,0,0,0,0,0,0,0,0,0,0,0,0,0
1922127,,1,922120,1,0,0,0,0,2114,5004,0,0,0,0,0,0,0,0,0,0,0,0,0,0,0,0,0,0,0,0,0,0,0,0
1922128,,1,922120,1,0,0,0,0,2117,5004,0,0,0,0,0,0,0,0,0,0,0,0,0,0,0,0,0,0,0,0,0,0,0,0
1922129,,1,922120,1,0,0,0,0,2101,5004,0,0,0,0,0,0,0,0,0,0,0,0,0,0,0,0,0,0,0,0,0,0,0,0
1922130,,1,922130,0,0,0,21000,21001,0,0,0,0,0,0,0,0,0,0,0,0,0,0,0,0,0,0,0,0,4780,4850,0,0,0,0
1922131,,1,922130,1,0,0,0,0,2107,5004,0,0,0,0,0,0,0,0,0,0,0,0,0,0,0,0,0,0,0,0,0,0,0,0
1922132,,1,922130,1,0,0,0,0,2109,5004,0,0,0,0,0,0,0,0,0,0,0,0,0,0,0,0,0,0,0,0,0,0,0,0
1922133,,1,922130,1,0,0,0,0,2111,5004,0,0,0,0,0,0,0,0,0,0,0,0,0,0,0,0,0,0,0,0,0,0,0,0
1922134,,1,922130,1,0,0,0,0,2112,5004,0,0,0,0,0,0,0,0,0,0,0,0,0,0,0,0,0,0,0,0,0,0,0,0
1922135,,1,922130,1,0,0,0,0,2113,5004,0,0,0,0,0,0,0,0,0,0,0,0,0,0,0,0,0,0,0,0,0,0,0,0
1922136,,1,922130,1,0,0,0,0,2116,5004,0,0,0,0,0,0,0,0,0,0,0,0,0,0,0,0,0,0,0,0,0,0,0,0
1922137,,1,922130,1,0,0,0,0,2120,5004,0,0,0,0,0,0,0,0,0,0,0,0,0,0,0,0,0,0,0,0,0,0,0,0
1922140,,1,922140,0,0,0,21000,21001,0,0,0,0,0,0,0,0,0,0,0,0,0,0,0,0,0,0,0,0,4780,4850,0,0,0,0
1922141,,1,922140,1,0,0,0,0,2100,5005,0,0,0,0,0,0,0,0,0,0,0,0,0,0,0,0,0,0,0,0,0,0,0,0
1922142,,1,922140,1,0,0,0,0,2103,5005,0,1,0,0,0,0,0,0,0,0,0,0,0,0,0,0,0,0,0,0,0,0,0,0
1922143,,1,922140,1,0,0,0,0,2104,5005,0,2,0,0,0,0,0,0,0,0,0,0,0,0,0,0,0,0,0,0,0,0,0,0
1922144,,1,922140,1,0,0,0,0,2106,5005,0,3,0,0,0,0,0,0,0,0,0,0,0,0,0,0,0,0,0,0,0,0,0,0
1922145,,1,922140,1,0,0,0,0,2108,5005,0,4,0,0,0,0,0,0,0,0,0,0,0,0,0,0,0,0,0,0,0,0,0,0
1922146,,1,922140,1,0,0,0,0,2110,5005,0,0,0,0,0,0,0,0,0,0,0,0,0,0,0,0,0,0,0,0,0,0,0,0
1922147,,1,922140,1,0,0,0,0,2114,5005,0,0,0,0,0,0,0,0,0,0,0,0,0,0,0,0,0,0,0,0,0,0,0,0
1922148,,1,922140,1,0,0,0,0,2117,5005,0,0,0,0,0,0,0,0,0,0,0,0,0,0,0,0,0,0,0,0,0,0,0,0
1922149,,1,922140,1,0,0,0,0,2101,5005,0,0,0,0,0,0,0,0,0,0,0,0,0,0,0,0,0,0,0,0,0,0,0,0
1922150,,1,922150,0,0,0,21000,21001,0,0,0,0,0,0,0,0,0,0,0,0,0,0,0,0,0,0,0,0,4780,4850,0,0,0,0
1922151,,1,922150,1,0,0,0,0,2107,5005,0,0,0,0,0,0,0,0,0,0,0,0,0,0,0,0,0,0,0,0,0,0,0,0
1922152,,1,922150,1,0,0,0,0,2109,5005,0,0,0,0,0,0,0,0,0,0,0,0,0,0,0,0,0,0,0,0,0,0,0,0
1922153,,1,922150,1,0,0,0,0,2111,5005,0,0,0,0,0,0,0,0,0,0,0,0,0,0,0,0,0,0,0,0,0,0,0,0
1922154,,1,922150,1,0,0,0,0,2112,5005,0,0,0,0,0,0,0,0,0,0,0,0,0,0,0,0,0,0,0,0,0,0,0,0
1922155,,1,922150,1,0,0,0,0,2113,5005,0,0,0,0,0,0,0,0,0,0,0,0,0,0,0,0,0,0,0,0,0,0,0,0
1922156,,1,922150,1,0,0,0,0,2116,5005,0,0,0,0,0,0,0,0,0,0,0,0,0,0,0,0,0,0,0,0,0,0,0,0
1922157,,1,922150,1,0,0,0,0,2120,5005,0,0,0,0,0,0,0,0,0,0,0,0,0,0,0,0,0,0,0,0,0,0,0,0
1922160,,1,922160,0,0,0,21000,21001,0,0,0,0,0,0,0,0,0,0,0,0,0,0,0,0,0,0,0,0,4780,4850,0,0,0,0
1922161,,1,922160,1,0,0,0,0,2100,5006,0,0,0,0,0,0,0,0,0,0,0,0,0,0,0,0,0,0,0,0,0,0,0,0
1922162,,1,922160,1,0,0,0,0,2103,5006,0,1,0,0,0,0,0,0,0,0,0,0,0,0,0,0,0,0,0,0,0,0,0,0
1922163,,1,922160,1,0,0,0,0,2104,5006,0,2,0,0,0,0,0,0,0,0,0,0,0,0,0,0,0,0,0,0,0,0,0,0
1922164,,1,922160,1,0,0,0,0,2106,5006,0,3,0,0,0,0,0,0,0,0,0,0,0,0,0,0,0,0,0,0,0,0,0,0
1922165,,1,922160,1,0,0,0,0,2108,5006,0,4,0,0,0,0,0,0,0,0,0,0,0,0,0,0,0,0,0,0,0,0,0,0
1922166,,1,922160,1,0,0,0,0,2110,5006,0,0,0,0,0,0,0,0,0,0,0,0,0,0,0,0,0,0,0,0,0,0,0,0
1922167,,1,922160,1,0,0,0,0,2114,5006,0,0,0,0,0,0,0,0,0,0,0,0,0,0,0,0,0,0,0,0,0,0,0,0
1922168,,1,922160,1,0,0,0,0,2117,5006,0,0,0,0,0,0,0,0,0,0,0,0,0,0,0,0,0,0,0,0,0,0,0,0
1922169,,1,922160,1,0,0,0,0,2101,5006,0,0,0,0,0,0,0,0,0,0,0,0,0,0,0,0,0,0,0,0,0,0,0,0
1922170,,1,922170,0,0,0,21000,21001,0,0,0,0,0,0,0,0,0,0,0,0,0,0,0,0,0,0,0,0,4780,4850,0,0,0,0
1922171,,1,922170,1,0,0,0,0,2107,5006,0,0,0,0,0,0,0,0,0,0,0,0,0,0,0,0,0,0,0,0,0,0,0,0
1922172,,1,922170,1,0,0,0,0,2109,5006,0,0,0,0,0,0,0,0,0,0,0,0,0,0,0,0,0,0,0,0,0,0,0,0
1922173,,1,922170,1,0,0,0,0,2111,5006,0,0,0,0,0,0,0,0,0,0,0,0,0,0,0,0,0,0,0,0,0,0,0,0
1922174,,1,922170,1,0,0,0,0,2112,5006,0,0,0,0,0,0,0,0,0,0,0,0,0,0,0,0,0,0,0,0,0,0,0,0
1922175,,1,922170,1,0,0,0,0,2113,5006,0,0,0,0,0,0,0,0,0,0,0,0,0,0,0,0,0,0,0,0,0,0,0,0
1922176,,1,922170,1,0,0,0,0,2116,5006,0,0,0,0,0,0,0,0,0,0,0,0,0,0,0,0,0,0,0,0,0,0,0,0
1922177,,1,922170,1,0,0,0,0,2120,5006,0,0,0,0,0,0,0,0,0,0,0,0,0,0,0,0,0,0,0,0,0,0,0,0
1922180,,1,922180,0,0,0,21000,21001,0,0,0,0,0,0,0,0,0,0,0,0,0,0,0,0,0,0,0,0,4780,4850,0,0,0,0
1922181,,1,922180,1,0,0,0,0,2100,5007,0,0,0,0,0,0,0,0,0,0,0,0,0,0,0,0,0,0,0,0,0,0,0,0
1922182,,1,922180,1,0,0,0,0,2103,5007,0,1,0,0,0,0,0,0,0,0,0,0,0,0,0,0,0,0,0,0,0,0,0,0
1922183,,1,922180,1,0,0,0,0,2104,5007,0,2,0,0,0,0,0,0,0,0,0,0,0,0,0,0,0,0,0,0,0,0,0,0
1922184,,1,922180,1,0,0,0,0,2106,5007,0,3,0,0,0,0,0,0,0,0,0,0,0,0,0,0,0,0,0,0,0,0,0,0
1922185,,1,922180,1,0,0,0,0,2108,5007,0,4,0,0,0,0,0,0,0,0,0,0,0,0,0,0,0,0,0,0,0,0,0,0
1922186,,1,922180,1,0,0,0,0,2110,5007,0,0,0,0,0,0,0,0,0,0,0,0,0,0,0,0,0,0,0,0,0,0,0,0
1922187,,1,922180,1,0,0,0,0,2114,5007,0,0,0,0,0,0,0,0,0,0,0,0,0,0,0,0,0,0,0,0,0,0,0,0
1922188,,1,922180,1,0,0,0,0,2117,5007,0,0,0,0,0,0,0,0,0,0,0,0,0,0,0,0,0,0,0,0,0,0,0,0
1922189,,1,922180,1,0,0,0,0,2101,5007,0,0,0,0,0,0,0,0,0,0,0,0,0,0,0,0,0,0,0,0,0,0,0,0
1922190,,1,922190,0,0,0,21000,21001,0,0,0,0,0,0,0,0,0,0,0,0,0,0,0,0,0,0,0,0,4780,4850,0,0,0,0
1922191,,1,922190,1,0,0,0,0,2107,5007,0,0,0,0,0,0,0,0,0,0,0,0,0,0,0,0,0,0,0,0,0,0,0,0
1922192,,1,922190,1,0,0,0,0,2109,5007,0,0,0,0,0,0,0,0,0,0,0,0,0,0,0,0,0,0,0,0,0,0,0,0
1922193,,1,922190,1,0,0,0,0,2111,5007,0,0,0,0,0,0,0,0,0,0,0,0,0,0,0,0,0,0,0,0,0,0,0,0
1922194,,1,922190,1,0,0,0,0,2112,5007,0,0,0,0,0,0,0,0,0,0,0,0,0,0,0,0,0,0,0,0,0,0,0,0
1922195,,1,922190,1,0,0,0,0,2113,5007,0,0,0,0,0,0,0,0,0,0,0,0,0,0,0,0,0,0,0,0,0,0,0,0
1922196,,1,922190,1,0,0,0,0,2116,5007,0,0,0,0,0,0,0,0,0,0,0,0,0,0,0,0,0,0,0,0,0,0,0,0
1922197,,1,922190,1,0,0,0,0,2120,5007,0,0,0,0,0,0,0,0,0,0,0,0,0,0,0,0,0,0,0,0,0,0,0,0
1922200,,1,922200,0,0,0,21000,21001,0,0,0,0,0,0,0,0,0,0,0,0,0,0,0,0,0,0,0,0,4780,4850,0,0,0,0
1922201,,1,922200,1,0,0,0,0,2100,5008,0,0,0,0,0,0,0,0,0,0,0,0,0,0,0,0,0,0,0,0,0,0,0,0
1922202,,1,922200,1,0,0,0,0,2103,5008,0,1,0,0,0,0,0,0,0,0,0,0,0,0,0,0,0,0,0,0,0,0,0,0
1922203,,1,922200,1,0,0,0,0,2104,5008,0,2,0,0,0,0,0,0,0,0,0,0,0,0,0,0,0,0,0,0,0,0,0,0
1922204,,1,922200,1,0,0,0,0,2106,5008,0,3,0,0,0,0,0,0,0,0,0,0,0,0,0,0,0,0,0,0,0,0,0,0
1922205,,1,922200,1,0,0,0,0,2108,5008,0,4,0,0,0,0,0,0,0,0,0,0,0,0,0,0,0,0,0,0,0,0,0,0
1922206,,1,922200,1,0,0,0,0,2110,5008,0,0,0,0,0,0,0,0,0,0,0,0,0,0,0,0,0,0,0,0,0,0,0,0
1922207,,1,922200,1,0,0,0,0,2114,5008,0,0,0,0,0,0,0,0,0,0,0,0,0,0,0,0,0,0,0,0,0,0,0,0
1922208,,1,922200,1,0,0,0,0,2117,5008,0,0,0,0,0,0,0,0,0,0,0,0,0,0,0,0,0,0,0,0,0,0,0,0
1922209,,1,922200,1,0,0,0,0,2101,5008,0,0,0,0,0,0,0,0,0,0,0,0,0,0,0,0,0,0,0,0,0,0,0,0
1922210,,1,922210,0,0,0,21000,21001,0,0,0,0,0,0,0,0,0,0,0,0,0,0,0,0,0,0,0,0,4780,4850,0,0,0,0
1922211,,1,922210,1,0,0,0,0,2107,5008,0,0,0,0,0,0,0,0,0,0,0,0,0,0,0,0,0,0,0,0,0,0,0,0
1922212,,1,922210,1,0,0,0,0,2109,5008,0,0,0,0,0,0,0,0,0,0,0,0,0,0,0,0,0,0,0,0,0,0,0,0
1922213,,1,922210,1,0,0,0,0,2111,5008,0,0,0,0,0,0,0,0,0,0,0,0,0,0,0,0,0,0,0,0,0,0,0,0
1922214,,1,922210,1,0,0,0,0,2112,5008,0,0,0,0,0,0,0,0,0,0,0,0,0,0,0,0,0,0,0,0,0,0,0,0
1922215,,1,922210,1,0,0,0,0,2113,5008,0,0,0,0,0,0,0,0,0,0,0,0,0,0,0,0,0,0,0,0,0,0,0,0
1922216,,1,922210,1,0,0,0,0,2116,5008,0,0,0,0,0,0,0,0,0,0,0,0,0,0,0,0,0,0,0,0,0,0,0,0
1922217,,1,922210,1,0,0,0,0,2120,5008,0,0,0,0,0,0,0,0,0,0,0,0,0,0,0,0,0,0,0,0,0,0,0,0
1922320,,1,922320,0,0,0,21000,21001,0,0,0,0,0,0,0,0,0,0,0,0,0,0,0,0,0,0,0,0,4780,4850,0,0,0,0
1922321,,1,922320,2,0,0,0,0,0,0,0,0,7604,0,0,0,0,0,0,0,14,0,0,0,0,0,0,0,0,0,0,0,0,0
1922322,,1,922320,1,0,0,0,0,1150,5110,0,0,0,0,0,0,0,0,0,0,0,0,0,0,0,0,0,0,0,0,0,0,0,0
1922323,,1,922320,1,0,0,0,0,1151,5110,0,1,0,0,0,0,0,0,0,0,0,0,0,0,0,0,0,0,0,0,0,0,0,0
1922324,,1,922320,1,0,0,0,0,1152,5110,0,2,0,0,0,0,0,0,0,0,0,0,0,0,0,0,0,0,0,0,0,0,0,0
1922325,,1,922320,1,0,0,0,0,1153,5110,0,3,0,0,0,0,0,0,0,0,0,0,0,0,0,0,0,0,0,0,0,0,0,0
1922326,,1,922321,0,0,0,21000,21001,0,0,0,0,0,0,0,0,0,0,0,0,0,0,0,0,0,0,0,0,4780,4850,0,0,0,0
1922327,,1,922321,2,0,0,0,0,0,0,0,0,7604,0,0,0,0,0,0,0,14,0,0,0,0,0,0,0,0,0,0,0,0,0
1922328,,1,922321,1,0,0,0,0,1150,5110,0,4,0,0,0,0,0,0,0,0,0,0,0,0,0,0,0,0,0,0,0,0,0,0
1922329,,1,922321,1,0,0,0,0,1151,5110,0,5,0,0,0,0,0,0,0,0,0,0,0,0,0,0,0,0,0,0,0,0,0,0
1922330,,1,922321,1,0,0,0,0,1152,5110,0,6,0,0,0,0,0,0,0,0,0,0,0,0,0,0,0,0,0,0,0,0,0,0
1922331,,1,922321,1,0,0,0,0,1153,5110,0,7,0,0,0,0,0,0,0,0,0,0,0,0,0,0,0,0,0,0,0,0,0,0
1922332,,1,922322,0,0,0,21000,21001,0,0,0,0,0,0,0,0,0,0,0,0,0,0,0,0,0,0,0,0,4780,4850,0,0,0,0
1922333,,1,922322,2,0,0,0,0,0,0,0,0,7604,0,0,0,0,0,0,0,14,0,0,0,0,0,0,0,0,0,0,0,0,0
1922334,,1,922322,1,0,0,0,0,1152,5110,0,8,0,0,0,0,0,0,0,0,0,0,0,0,0,0,0,0,0,0,0,0,0,0
1922335,,1,922322,1,0,0,0,0,1153,5110,0,9,0,0,0,0,0,0,0,0,0,0,0,0,0,0,0,0,0,0,0,0,0,0
1922800,,1,922800,0,0,0,21000,21001,0,0,0,0,0,0,0,0,0,0,0,0,0,0,0,0,0,0,0,0,4780,4850,0,0,0,0
1922801,,1,922800,2,0,0,0,0,0,0,0,0,7604,0,0,0,0,0,0,0,14,0,0,0,0,0,0,0,0,0,0,0,0,0
1922802,,1,922800,1,0,0,0,0,1150,5100,0,0,0,0,0,0,0,0,0,0,0,0,0,0,0,0,0,0,0,0,0,0,0,0
1922803,,1,922800,1,0,0,0,0,1151,5100,0,0,0,0,0,0,0,0,0,0,0,0,0,0,0,0,0,0,0,0,0,0,0,0
1922804,,1,922800,1,0,0,0,0,1152,5100,0,0,0,0,0,0,0,0,0,0,0,0,0,0,0,0,0,0,0,0,0,0,0,0
1922805,,1,922800,1,0,0,0,0,1153,5100,0,0,0,0,0,0,0,0,0,0,0,0,0,0,0,0,0,0,0,0,0,0,0,0
1922810,,1,922810,0,0,0,21000,21001,0,0,0,0,0,0,0,0,0,0,0,0,0,0,0,0,0,0,0,0,4780,4850,0,0,0,0
1922811,,1,922810,2,0,0,0,0,0,0,0,0,7604,0,0,0,0,0,0,0,14,0,0,0,0,0,0,0,0,0,0,0,0,0
1922812,,1,922810,1,0,0,0,0,1150,5105,0,0,0,0,0,0,0,0,0,0,0,0,0,0,0,0,0,0,0,0,0,0,0,0
1922813,,1,922810,1,0,0,0,0,1151,5105,0,0,0,0,0,0,0,0,0,0,0,0,0,0,0,0,0,0,0,0,0,0,0,0
1922814,,1,922810,1,0,0,0,0,1152,5105,0,1,0,0,0,0,0,0,0,0,0,0,0,0,0,0,0,0,0,0,0,0,0,0
1922815,,1,922810,1,0,0,0,0,1153,5105,0,1,0,0,0,0,0,0,0,0,0,0,0,0,0,0,0,0,0,0,0,0,0,0
1922820,,1,922820,0,0,0,21000,21001,0,0,0,0,0,0,0,0,0,0,0,0,0,0,0,0,0,0,0,0,4780,4850,0,0,0,0
1922821,,1,922820,2,0,0,0,0,0,0,0,0,7604,0,0,0,0,0,0,0,14,0,0,0,0,0,0,0,0,0,0,0,0,0
1922822,,1,922820,1,0,0,0,0,1150,5110,0,0,0,0,0,0,0,0,0,0,0,0,0,0,0,0,0,0,0,0,0,0,0,0
1922823,,1,922820,1,0,0,0,0,1151,5110,0,0,0,0,0,0,0,0,0,0,0,0,0,0,0,0,0,0,0,0,0,0,0,0
1922824,,1,922820,1,0,0,0,0,1152,5110,0,0,0,0,0,0,0,0,0,0,0,0,0,0,0,0,0,0,0,0,0,0,0,0
1922825,,1,922820,1,0,0,0,0,1153,5110,0,0,0,0,0,0,0,0,0,0,0,0,0,0,0,0,0,0,0,0,0,0,0,0
1922830,,1,922830,0,0,0,21000,21001,0,0,0,0,0,0,0,0,0,0,0,0,0,0,0,0,0,0,0,0,4780,4850,0,0,0,0
1922831,,1,922830,2,0,0,0,0,0,0,0,0,7604,0,0,0,0,0,0,0,14,0,0,0,0,0,0,0,0,0,0,0,0,0
1922832,,1,922830,1,0,0,0,0,1150,5115,0,0,0,0,0,0,0,0,0,0,0,0,0,0,0,0,0,0,0,0,0,0,0,0
1922833,,1,922830,1,0,0,0,0,1151,5115,0,0,0,0,0,0,0,0,0,0,0,0,0,0,0,0,0,0,0,0,0,0,0,0
1922834,,1,922830,1,0,0,0,0,1152,5115,0,0,0,0,0,0,0,0,0,0,0,0,0,0,0,0,0,0,0,0,0,0,0,0
1922835,,1,922830,1,0,0,0,0,1153,5115,0,0,0,0,0,0,0,0,0,0,0,0,0,0,0,0,0,0,0,0,0,0,0,0
1922840,,1,922840,0,0,0,1000,1001,0,0,0,0,0,0,0,0,0,0,0,0,0,0,0,0,0,0,0,0,0,0,0,0,0,0
1922841,,1,922840,2,0,0,0,0,0,0,0,0,7604,0,0,0,0,0,0,0,14,0,0,0,0,0,0,0,0,0,0,0,0,0
1922842,,1,922840,1,0,0,0,0,1210,5399,0,0,0,0,0,0,0,0,0,0,0,0,0,0,0,0,0,0,0,0,0,0,0,0
1922843,,1,922840,1,0,0,0,0,1211,5399,0,0,0,0,0,0,0,0,0,0,0,0,0,0,0,0,0,0,0,0,0,0,0,0
1922844,,1,922840,1,0,0,0,0,1212,5399,0,0,0,0,0,0,0,0,0,0,0,0,0,0,0,0,0,0,0,0,0,0,0,0
1922845,,1,922840,1,0,0,0,0,1213,5399,0,0,0,0,0,0,0,0,0,0,0,0,0,0,0,0,0,0,0,0,0,0,0,0
1922850,,1,922850,0,0,0,1000,1001,0,0,0,0,0,0,0,0,0,0,0,0,0,0,0,0,0,0,0,0,0,0,0,0,0,0
1922851,,1,922850,2,0,0,0,0,0,0,0,0,7604,0,0,0,0,0,0,0,14,0,0,0,0,0,0,0,0,0,0,0,0,0
1922852,,1,922850,1,0,0,0,0,1170,4940,0,0,0,0,0,0,0,0,0,0,0,0,0,0,0,0,0,0,0,0,0,0,0,0
1922853,,1,922850,1,0,0,0,0,1171,4940,0,0,0,0,0,0,0,0,0,0,0,0,0,0,0,0,0,0,0,0,0,0,0,0
1922854,,1,922850,1,0,0,0,0,1172,4940,0,0,0,0,0,0,0,0,0,0,0,0,0,0,0,0,0,0,0,0,0,0,0,0
1922855,,1,922850,1,0,0,0,0,1173,4940,0,0,0,0,0,0,0,0,0,0,0,0,0,0,0,0,0,0,0,0,0,0,0,0
1922856,,1,922850,1,0,0,0,0,1174,4940,0,0,0,0,0,0,0,0,0,0,0,0,0,0,0,0,0,0,0,0,0,0,0,0
1922857,,1,922850,1,0,0,0,0,1175,4940,0,0,0,0,0,0,0,0,0,0,0,0,0,0,0,0,0,0,0,0,0,0,0,0
1922858,,1,922850,1,0,0,0,0,1176,4940,0,0,0,0,0,0,0,0,0,0,0,0,0,0,0,0,0,0,0,0,0,0,0,0
1923000,,1,923000,0,0,0,21000,21001,0,0,0,0,0,0,0,0,0,0,0,0,0,0,0,0,0,0,0,0,4780,4850,0,0,0,0
1923001,,1,923000,2,0,0,0,0,0,0,0,0,7604,0,0,0,0,0,0,0,14,0,0,0,0,0,0,0,0,0,0,0,0,0
1923002,,1,923000,1,0,0,0,0,1141,5358,0,0,0,0,0,0,0,0,0,0,0,0,0,0,0,0,0,0,0,0,0,0,0,0
1923003,,1,923000,1,0,0,0,0,1142,5354,0,0,0,0,0,0,0,0,0,0,0,0,0,0,0,0,0,0,0,0,0,0,0,0
1923004,,1,923000,1,0,0,0,0,1143,5362,0,0,0,0,0,0,0,0,0,0,0,0,0,0,0,0,0,0,0,0,0,0,0,0
1923005,,1,923000,1,0,0,0,0,1144,5350,0,0,0,0,0,0,0,0,0,0,0,0,0,0,0,0,0,0,0,0,0,0,0,0
1923006,,1,923000,1,0,0,0,0,1145,5360,0,0,0,0,0,0,0,0,0,0,0,0,0,0,0,0,0,0,0,0,0,0,0,0
1923007,,1,923000,1,0,0,0,0,1146,5364,0,0,0,0,0,0,0,0,0,0,0,0,0,0,0,0,0,0,0,0,0,0,0,0
1923008,,1,923000,1,0,0,0,0,1147,5352,0,0,0,0,0,0,0,0,0,0,0,0,0,0,0,0,0,0,0,0,0,0,0,0
1923009,,1,923000,1,0,0,0,0,1148,5355,0,0,0,0,0,0,0,0,0,0,0,0,0,0,0,0,0,0,0,0,0,0,0,0
1923010,,1,923000,1,0,0,0,0,1135,0,0,0,0,0,0,0,0,0,0,0,0,0,0,0,0,0,0,0,0,0,0,0,0,0
1923011,,1,923000,1,0,0,0,0,1136,0,0,0,0,0,0,0,0,0,0,0,0,0,0,0,0,0,0,0,0,0,0,0,0,0
1923012,,1,923000,1,0,0,0,0,1137,0,0,0,0,0,0,0,0,0,0,0,0,0,0,0,0,0,0,0,0,0,0,0,0,0
1923013,,1,923000,1,0,0,0,0,1138,0,0,0,0,0,0,0,0,0,0,0,0,0,0,0,0,0,0,0,0,0,0,0,0,0
1923014,,1,923000,1,0,0,0,0,1139,0,0,0,0,0,0,0,0,0,0,0,0,0,0,0,0,0,0,0,0,0,0,0,0,0
1923015,,1,923000,1,0,0,0,0,1140,0,0,0,0,0,0,0,0,0,0,0,0,0,0,0,0,0,0,0,0,0,0,0,0,0
1923016,,1,923000,1,0,0,0,0,1107,5240,0,0,0,0,0,0,0,0,0,0,0,0,0,0,0,0,0,0,0,0,0,0,0,0
1923017,,1,923000,1,0,0,0,0,1108,5245,0,0,0,0,0,0,0,0,0,0,0,0,0,0,0,0,0,0,0,0,0,0,0,0
1923018,,1,923000,1,0,0,0,0,1109,5250,0,0,0,0,0,0,0,0,0,0,0,0,0,0,0,0,0,0,0,0,0,0,0,0
1923019,,1,923000,1,0,0,0,0,1110,5255,0,0,0,0,0,0,0,0,0,0,0,0,0,0,0,0,0,0,0,0,0,0,0,0
1923020,,1,923020,0,0,0,21000,21001,0,0,0,0,0,0,0,0,0,0,0,0,0,0,0,0,0,0,0,0,4780,4850,0,0,0,0
1923021,,1,923020,2,0,0,0,0,0,0,0,0,7604,0,0,0,0,0,0,0,14,0,0,0,0,0,0,0,0,0,0,0,0,0
1923022,,1,923020,1,0,0,0,0,1141,5359,0,0,0,0,0,0,0,0,0,0,0,0,0,0,0,0,0,0,0,0,0,0,0,0
1923023,,1,923020,1,0,0,0,0,1142,5357,0,0,0,0,0,0,0,0,0,0,0,0,0,0,0,0,0,0,0,0,0,0,0,0
1923024,,1,923020,1,0,0,0,0,1143,5363,0,0,0,0,0,0,0,0,0,0,0,0,0,0,0,0,0,0,0,0,0,0,0,0
1923025,,1,923020,1,0,0,0,0,1144,5351,0,0,0,0,0,0,0,0,0,0,0,0,0,0,0,0,0,0,0,0,0,0,0,0
1923026,,1,923020,1,0,0,0,0,1145,5361,0,0,0,0,0,0,0,0,0,0,0,0,0,0,0,0,0,0,0,0,0,0,0,0
1923027,,1,923020,1,0,0,0,0,1146,5349,0,0,0,0,0,0,0,0,0,0,0,0,0,0,0,0,0,0,0,0,0,0,0,0
1923028,,1,923020,1,0,0,0,0,1147,5353,0,0,0,0,0,0,0,0,0,0,0,0,0,0,0,0,0,0,0,0,0,0,0,0
1923029,,1,923020,1,0,0,0,0,1148,5356,0,0,0,0,0,0,0,0,0,0,0,0,0,0,0,0,0,0,0,0,0,0,0,0
1923030,,1,923020,1,0,0,0,0,1135,0,0,0,0,0,0,0,0,0,0,0,0,0,0,0,0,0,0,0,0,0,0,0,0,0
1923031,,1,923020,1,0,0,0,0,1136,0,0,0,0,0,0,0,0,0,0,0,0,0,0,0,0,0,0,0,0,0,0,0,0,0
1923032,,1,923020,1,0,0,0,0,1137,0,0,0,0,0,0,0,0,0,0,0,0,0,0,0,0,0,0,0,0,0,0,0,0,0
1923033,,1,923020,1,0,0,0,0,1138,5370,0,0,0,0,0,0,0,0,0,0,0,0,0,0,0,0,0,0,0,0,0,0,0,0
1923034,,1,923020,1,0,0,0,0,1139,5386,0,0,0,0,0,0,0,0,0,0,0,0,0,0,0,0,0,0,0,0,0,0,0,0
1923035,,1,923020,1,0,0,0,0,1140,5387,0,0,0,0,0,0,0,0,0,0,0,0,0,0,0,0,0,0,0,0,0,0,0,0
1923036,,1,923020,1,0,0,0,0,1107,5241,0,0,0,0,0,0,0,0,0,0,0,0,0,0,0,0,0,0,0,0,0,0,0,0
1923037,,1,923020,1,0,0,0,0,1108,5246,0,0,0,0,0,0,0,0,0,0,0,0,0,0,0,0,0,0,0,0,0,0,0,0
1923038,,1,923020,1,0,0,0,0,1109,5251,0,0,0,0,0,0,0,0,0,0,0,0,0,0,0,0,0,0,0,0,0,0,0,0
1923039,,1,923020,1,0,0,0,0,1110,5256,0,0,0,0,0,0,0,0,0,0,0,0,0,0,0,0,0,0,0,0,0,0,0,0
1923040,,1,923040,0,0,0,21000,21001,0,0,0,0,0,0,0,0,0,0,0,0,0,0,0,0,0,0,0,0,4780,4850,0,0,0,0
1923041,,1,923040,2,0,0,0,0,0,0,0,0,7604,0,0,0,0,0,0,0,14,0,0,0,0,0,0,0,0,0,0,0,0,0
1923042,,1,923040,1,0,0,0,0,1141,0,0,0,0,0,0,0,0,0,0,0,0,0,0,0,0,0,0,0,0,0,0,0,0,0
1923043,,1,923040,1,0,0,0,0,1142,0,0,0,0,0,0,0,0,0,0,0,0,0,0,0,0,0,0,0,0,0,0,0,0,0
1923044,,1,923040,1,0,0,0,0,1143,0,0,0,0,0,0,0,0,0,0,0,0,0,0,0,0,0,0,0,0,0,0,0,0,0
1923045,,1,923040,1,0,0,0,0,1144,0,0,0,0,0,0,0,0,0,0,0,0,0,0,0,0,0,0,0,0,0,0,0,0,0
1923046,,1,923040,1,0,0,0,0,1145,0,0,0,0,0,0,0,0,0,0,0,0,0,0,0,0,0,0,0,0,0,0,0,0,0
1923047,,1,923040,1,0,0,0,0,1146,0,0,0,0,0,0,0,0,0,0,0,0,0,0,0,0,0,0,0,0,0,0,0,0,0
1923048,,1,923040,1,0,0,0,0,1147,0,0,0,0,0,0,0,0,0,0,0,0,0,0,0,0,0,0,0,0,0,0,0,0,0
1923049,,1,923040,1,0,0,0,0,1148,0,0,0,0,0,0,0,0,0,0,0,0,0,0,0,0,0,0,0,0,0,0,0,0,0
1923050,,1,923040,1,0,0,0,0,1135,5367,0,0,0,0,0,0,0,0,0,0,0,0,0,0,0,0,0,0,0,0,0,0,0,0
1923051,,1,923040,1,0,0,0,0,1136,5380,0,0,0,0,0,0,0,0,0,0,0,0,0,0,0,0,0,0,0,0,0,0,0,0
1923052,,1,923040,1,0,0,0,0,1137,5381,0,0,0,0,0,0,0,0,0,0,0,0,0,0,0,0,0,0,0,0,0,0,0,0
1923053,,1,923040,1,0,0,0,0,1138,5371,0,0,0,0,0,0,0,0,0,0,0,0,0,0,0,0,0,0,0,0,0,0,0,0
1923054,,1,923040,1,0,0,0,0,1139,5388,0,0,0,0,0,0,0,0,0,0,0,0,0,0,0,0,0,0,0,0,0,0,0,0
1923055,,1,923040,1,0,0,0,0,1140,5389,0,0,0,0,0,0,0,0,0,0,0,0,0,0,0,0,0,0,0,0,0,0,0,0
1923056,,1,923040,1,0,0,0,0,1107,5242,0,0,0,0,0,0,0,0,0,0,0,0,0,0,0,0,0,0,0,0,0,0,0,0
1923057,,1,923040,1,0,0,0,0,1108,5247,0,0,0,0,0,0,0,0,0,0,0,0,0,0,0,0,0,0,0,0,0,0,0,0
1923058,,1,923040,1,0,0,0,0,1109,5252,0,0,0,0,0,0,0,0,0,0,0,0,0,0,0,0,0,0,0,0,0,0,0,0
1923059,,1,923040,1,0,0,0,0,1110,5257,0,0,0,0,0,0,0,0,0,0,0,0,0,0,0,0,0,0,0,0,0,0,0,0
1923060,,1,923060,0,0,0,21000,21001,0,0,0,0,0,0,0,0,0,0,0,0,0,0,0,0,0,0,0,0,4780,4850,0,0,0,0
1923061,,1,923060,2,0,0,0,0,0,0,0,0,7604,0,0,0,0,0,0,0,14,0,0,0,0,0,0,0,0,0,0,0,0,0
1923062,,1,923060,1,0,0,0,0,1141,0,0,0,0,0,0,0,0,0,0,0,0,0,0,0,0,0,0,0,0,0,0,0,0,0
1923063,,1,923060,1,0,0,0,0,1142,0,0,0,0,0,0,0,0,0,0,0,0,0,0,0,0,0,0,0,0,0,0,0,0,0
1923064,,1,923060,1,0,0,0,0,1143,0,0,0,0,0,0,0,0,0,0,0,0,0,0,0,0,0,0,0,0,0,0,0,0,0
1923065,,1,923060,1,0,0,0,0,1144,0,0,0,0,0,0,0,0,0,0,0,0,0,0,0,0,0,0,0,0,0,0,0,0,0
1923066,,1,923060,1,0,0,0,0,1145,0,0,0,0,0,0,0,0,0,0,0,0,0,0,0,0,0,0,0,0,0,0,0,0,0
1923067,,1,923060,1,0,0,0,0,1146,0,0,0,0,0,0,0,0,0,0,0,0,0,0,0,0,0,0,0,0,0,0,0,0,0
1923068,,1,923060,1,0,0,0,0,1147,0,0,0,0,0,0,0,0,0,0,0,0,0,0,0,0,0,0,0,0,0,0,0,0,0
1923069,,1,923060,1,0,0,0,0,1148,0,0,0,0,0,0,0,0,0,0,0,0,0,0,0,0,0,0,0,0,0,0,0,0,0
1923070,,1,923060,1,0,0,0,0,1135,5368,0,0,0,0,0,0,0,0,0,0,0,0,0,0,0,0,0,0,0,0,0,0,0,0
1923071,,1,923060,1,0,0,0,0,1136,5382,0,0,0,0,0,0,0,0,0,0,0,0,0,0,0,0,0,0,0,0,0,0,0,0
1923072,,1,923060,1,0,0,0,0,1137,5383,0,0,0,0,0,0,0,0,0,0,0,0,0,0,0,0,0,0,0,0,0,0,0,0
1923073,,1,923060,1,0,0,0,0,1138,5372,0,0,0,0,0,0,0,0,0,0,0,0,0,0,0,0,0,0,0,0,0,0,0,0
1923074,,1,923060,1,0,0,0,0,1139,5390,0,0,0,0,0,0,0,0,0,0,0,0,0,0,0,0,0,0,0,0,0,0,0,0
1923075,,1,923060,1,0,0,0,0,1140,5391,0,0,0,0,0,0,0,0,0,0,0,0,0,0,0,0,0,0,0,0,0,0,0,0
1923076,,1,923060,1,0,0,0,0,1107,5242,0,0,0,0,0,0,0,0,0,0,0,0,0,0,0,0,0,0,0,0,0,0,0,0
1923077,,1,923060,1,0,0,0,0,1108,5247,0,0,0,0,0,0,0,0,0,0,0,0,0,0,0,0,0,0,0,0,0,0,0,0
1923078,,1,923060,1,0,0,0,0,1109,5252,0,0,0,0,0,0,0,0,0,0,0,0,0,0,0,0,0,0,0,0,0,0,0,0
1923079,,1,923060,1,0,0,0,0,1110,5257,0,0,0,0,0,0,0,0,0,0,0,0,0,0,0,0,0,0,0,0,0,0,0,0
1923080,,1,923080,0,0,0,21000,21001,0,0,0,0,0,0,0,0,0,0,0,0,0,0,0,0,0,0,0,0,4780,4850,0,0,0,0
1923081,,1,923080,2,0,0,0,0,0,0,0,0,7604,0,0,0,0,0,0,0,14,0,0,0,0,0,0,0,0,0,0,0,0,0
1923082,,1,923080,1,0,0,0,0,1135,5367,0,0,0,0,0,0,0,0,0,0,0,0,0,0,0,0,0,0,0,0,0,0,0,0
1923083,,1,923080,1,0,0,0,0,1136,5380,0,0,0,0,0,0,0,0,0,0,0,0,0,0,0,0,0,0,0,0,0,0,0,0
1923084,,1,923080,1,0,0,0,0,1137,5381,0,0,0,0,0,0,0,0,0,0,0,0,0,0,0,0,0,0,0,0,0,0,0,0
1923085,,1,923080,1,0,0,0,0,1138,5372,0,0,0,0,0,0,0,0,0,0,0,0,0,0,0,0,0,0,0,0,0,0,0,0
1923086,,1,923080,1,0,0,0,0,1139,5390,0,0,0,0,0,0,0,0,0,0,0,0,0,0,0,0,0,0,0,0,0,0,0,0
1923087,,1,923080,1,0,0,0,0,1140,5391,0,0,0,0,0,0,0,0,0,0,0,0,0,0,0,0,0,0,0,0,0,0,0,0
1923100,,1,923100,0,0,0,21000,21001,0,0,0,0,0,0,0,0,0,0,0,0,0,0,0,0,0,0,0,0,4780,4850,0,0,0,0
1923101,,1,923100,2,0,0,0,0,0,0,0,0,7604,7500,0,0,0,0,0,0,14,0,0,0,0,0,0,0,0,0,0,0,0,0
1923102,,1,923100,1,0,0,0,0,1111,4870,0,2,0,0,0,0,0,0,0,0,0,0,0,0,0,0,0,0,0,0,0,0,0,0
1923103,,1,923100,1,0,0,0,0,1112,4870,0,2,0,0,0,0,0,0,0,0,0,0,0,0,0,0,0,0,0,0,0,0,0,0
1923104,,1,923100,1,0,0,0,0,1113,4870,0,2,0,0,0,0,0,0,0,0,0,0,0,0,0,0,0,0,0,0,0,0,0,0
1923110,,1,923110,0,0,0,21000,21001,0,0,0,0,0,0,0,0,0,0,0,0,0,0,0,0,0,0,0,0,4780,4850,0,0,0,0
1923111,,1,923110,2,0,0,0,0,0,0,0,0,7604,7500,0,0,0,0,0,0,14,0,0,0,0,0,0,0,0,0,0,0,0,0
1923112,,1,923110,1,0,0,0,0,1114,4870,0,2,0,0,0,0,0,0,0,0,0,0,0,0,0,0,0,0,0,0,0,0,0,0
1923113,,1,923110,1,0,0,0,0,1115,4870,0,2,0,0,0,0,0,0,0,0,0,0,0,0,0,0,0,0,0,0,0,0,0,0
1923114,,1,923110,1,0,0,0,0,1116,4870,0,2,0,0,0,0,0,0,0,0,0,0,0,0,0,0,0,0,0,0,0,0,0,0
1923120,,1,923120,0,0,0,21000,21001,0,0,0,0,0,0,0,0,0,0,0,0,0,0,0,0,0,0,0,0,4780,4850,0,0,0,0
1923121,,1,923120,2,0,0,0,0,0,0,0,0,7604,7500,1028400220,0,0,0,0,0,14,13000,0,0,0,0,0,0,0,0,0,0,0,0
1923122,,1,923120,1,0,0,0,0,1114,4930,0,2,0,0,0,0,0,0,0,0,0,0,0,0,0,0,0,0,0,0,0,0,0,0
1923123,,1,923120,1,0,0,0,0,1115,4910,0,2,0,0,0,0,0,0,0,0,0,0,0,0,0,0,0,0,0,0,0,0,0,0
1923124,,1,923120,1,0,0,0,0,1116,4921,0,2,0,0,0,0,0,0,0,0,0,0,0,0,0,0,0,0,0,0,0,0,0,0
1923130,,1,923130,0,0,0,21000,21001,0,0,0,0,0,0,0,0,0,0,0,0,0,0,0,0,0,0,0,0,4780,4850,0,0,0,0
1923131,,1,923130,2,0,0,0,0,0,0,0,0,7604,7500,1028400220,0,0,0,0,0,14,13000,0,0,0,0,0,0,0,0,0,0,0,0
1923132,,1,923130,1,0,0,0,0,1114,4810,0,2,0,0,0,0,0,0,0,0,0,0,0,0,0,0,0,0,0,0,0,0,0,0
1923133,,1,923130,1,0,0,0,0,1115,4830,0,2,0,0,0,0,0,0,0,0,0,0,0,0,0,0,0,0,0,0,0,0,0,0
1923134,,1,923130,1,0,0,0,0,1116,4918,0,2,0,0,0,0,0,0,0,0,0,0,0,0,0,0,0,0,0,0,0,0,0,0
1923140,,1,923140,0,0,0,21000,21001,0,0,0,0,0,0,0,0,0,0,0,0,0,0,0,0,0,0,0,0,4780,4850,0,0,0,0
1923141,,1,923140,2,0,0,0,0,0,0,0,0,7604,7500,1028400220,0,0,0,0,0,14,13000,0,0,0,0,0,0,0,0,0,0,0,0
1923142,,1,923140,1,0,0,0,0,1114,4930,0,2,0,0,0,0,0,0,0,0,0,0,0,0,0,0,0,0,0,0,0,0,0,0
1923143,,1,923140,1,0,0,0,0,1115,5201,0,2,0,0,0,0,0,0,0,0,0,0,0,0,0,0,0,0,0,0,0,0,0,0
1923144,,1,923140,1,0,0,0,0,1116,4990,0,2,0,0,0,0,0,0,0,0,0,0,0,0,0,0,0,0,0,0,0,0,0,0
1923150,,1,923150,0,0,0,21000,21001,0,0,0,0,0,0,0,0,0,0,0,0,0,0,0,0,0,0,0,0,4780,4850,0,0,0,0
1923151,,1,923150,2,0,0,0,0,0,0,0,0,7604,7500,0,0,0,0,0,0,14,13000,0,0,0,0,0,0,0,0,0,0,0,0
1923152,,1,923150,1,0,0,0,0,1114,4930,0,2,0,0,0,0,0,0,0,0,0,0,0,0,0,0,0,0,0,0,0,0,0,0
1923153,,1,923150,1,0,0,0,0,1115,4910,0,2,0,0,0,0,0,0,0,0,0,0,0,0,0,0,0,0,0,0,0,0,0,0
1923154,,1,923150,1,0,0,0,0,1116,4921,0,2,0,0,0,0,0,0,0,0,0,0,0,0,0,0,0,0,0,0,0,0,0,0
1923200,,1,923200,0,0,0,21000,21001,0,0,0,0,0,0,0,0,0,0,0,0,0,0,0,0,0,0,0,0,4780,4850,0,0,0,0
1923201,,1,923200,2,0,0,0,0,0,0,0,0,7604,7500,0,0,0,0,0,0,14,13000,0,0,0,0,0,0,0,0,0,0,0,0
1923202,,1,923200,1,0,0,0,0,1114,4770,0,2,0,0,0,0,0,0,0,0,0,0,0,0,0,0,0,0,0,0,0,0,0,0
1923203,,1,923200,1,0,0,0,0,1115,4780,0,2,0,0,0,0,0,0,0,0,0,0,0,0,0,0,0,0,0,0,0,0,0,0
1923204,,1,923200,1,0,0,0,0,1116,4780,0,2,0,0,0,0,0,0,0,0,0,0,0,0,0,0,0,0,0,0,0,0,0,0
1923210,,1,923210,0,0,0,21000,21001,0,0,0,0,0,0,0,0,0,0,0,0,0,0,0,0,0,0,0,0,4780,4850,0,0,0,0
1923211,,1,923210,2,0,0,0,0,0,0,0,0,7604,7500,0,0,0,0,0,0,14,13000,0,0,0,0,0,0,0,0,0,0,0,0
1923212,,1,923210,1,0,0,0,0,1114,4780,0,2,0,0,0,0,0,0,0,0,0,0,0,0,0,0,0,0,0,0,0,0,0,0
1923213,,1,923210,1,0,0,0,0,1115,4770,0,2,0,0,0,0,0,0,0,0,0,0,0,0,0,0,0,0,0,0,0,0,0,0
1923214,,1,923210,1,0,0,0,0,1116,4770,0,2,0,0,0,0,0,0,0,0,0,0,0,0,0,0,0,0,0,0,0,0,0,0
1923220,,1,923220,0,0,0,21000,21001,0,0,0,0,0,0,0,0,0,0,0,0,0,0,0,0,0,0,0,0,4780,4850,0,0,0,0
1923221,,1,923220,2,0,0,0,0,0,0,0,0,7604,7500,0,0,0,0,0,0,14,13000,0,0,0,0,0,0,0,0,0,0,0,0
1923222,,1,923220,1,0,0,0,0,1114,4790,0,2,0,0,0,0,0,0,0,0,0,0,0,0,0,0,0,0,0,0,0,0,0,0
1923223,,1,923220,1,0,0,0,0,1115,4780,0,2,0,0,0,0,0,0,0,0,0,0,0,0,0,0,0,0,0,0,0,0,0,0
1923224,,1,923220,1,0,0,0,0,1116,4780,0,2,0,0,0,0,0,0,0,0,0,0,0,0,0,0,0,0,0,0,0,0,0,0
1923230,,1,923230,0,0,0,21000,21001,0,0,0,0,0,0,0,0,0,0,0,0,0,0,0,0,0,0,0,0,4780,4850,0,0,0,0
1923231,,1,923230,2,0,0,0,0,0,0,0,0,7604,7500,0,0,0,0,0,0,14,13000,0,0,0,0,0,0,0,0,0,0,0,0
1923232,,1,923230,1,0,0,0,0,1114,4800,0,2,0,0,0,0,0,0,0,0,0,0,0,0,0,0,0,0,0,0,0,0,0,0
1923233,,1,923230,1,0,0,0,0,1115,4780,0,2,0,0,0,0,0,0,0,0,0,0,0,0,0,0,0,0,0,0,0,0,0,0
1923234,,1,923230,1,0,0,0,0,1116,4780,0,2,0,0,0,0,0,0,0,0,0,0,0,0,0,0,0,0,0,0,0,0,0,0
1923240,,1,923240,0,0,0,21000,21001,0,0,0,0,0,0,0,0,0,0,0,0,0,0,0,0,0,0,0,0,4780,4850,0,0,0,0
1923241,,1,923240,2,0,0,0,0,0,0,0,0,7604,7500,0,0,0,0,0,0,14,13000,0,0,0,0,0,0,0,0,0,0,0,0
1923242,,1,923240,1,0,0,0,0,1114,4810,0,2,0,0,0,0,0,0,0,0,0,0,0,0,0,0,0,0,0,0,0,0,0,0
1923243,,1,923240,1,0,0,0,0,1115,4780,0,2,0,0,0,0,0,0,0,0,0,0,0,0,0,0,0,0,0,0,0,0,0,0
1923244,,1,923240,1,0,0,0,0,1116,4780,0,2,0,0,0,0,0,0,0,0,0,0,0,0,0,0,0,0,0,0,0,0,0,0
1923250,,1,923250,0,0,0,21000,21001,0,0,0,0,0,0,0,0,0,0,0,0,0,0,0,0,0,0,0,0,4780,4850,0,0,0,0
1923251,,1,923250,2,0,0,0,0,0,0,0,0,7604,7500,0,0,0,0,0,0,14,13000,0,0,0,0,0,0,0,0,0,0,0,0
1923252,,1,923250,1,0,0,0,0,1114,4820,0,2,0,0,0,0,0,0,0,0,0,0,0,0,0,0,0,0,0,0,0,0,0,0
1923253,,1,923250,1,0,0,0,0,1115,4820,0,2,0,0,0,0,0,0,0,0,0,0,0,0,0,0,0,0,0,0,0,0,0,0
1923254,,1,923250,1,0,0,0,0,1116,4820,0,2,0,0,0,0,0,0,0,0,0,0,0,0,0,0,0,0,0,0,0,0,0,0
1923260,,1,923260,0,0,0,21000,21001,0,0,0,0,0,0,0,0,0,0,0,0,0,0,0,0,0,0,0,0,4780,4850,0,0,0,0
1923261,,1,923260,2,0,0,0,0,0,0,0,0,7604,7500,0,0,0,0,0,0,14,13000,0,0,0,0,0,0,0,0,0,0,0,0
1923262,,1,923260,1,0,0,0,0,1114,4780,0,2,0,0,0,0,0,0,0,0,0,0,0,0,0,0,0,0,0,0,0,0,0,0
1923263,,1,923260,1,0,0,0,0,1115,4830,0,2,0,0,0,0,0,0,0,0,0,0,0,0,0,0,0,0,0,0,0,0,0,0
1923264,,1,923260,1,0,0,0,0,1116,4780,0,2,0,0,0,0,0,0,0,0,0,0,0,0,0,0,0,0,0,0,0,0,0,0
1923270,,1,923270,0,0,0,21000,21001,0,0,0,0,0,0,0,0,0,0,0,0,0,0,0,0,0,0,0,0,4780,4850,0,0,0,0
1923271,,1,923270,2,0,0,0,0,0,0,0,0,7604,7500,0,0,0,0,0,0,14,13000,0,0,0,0,0,0,0,0,0,0,0,0
1923272,,1,923270,1,0,0,0,0,1114,4780,0,2,0,0,0,0,0,0,0,0,0,0,0,0,0,0,0,0,0,0,0,0,0,0
1923273,,1,923270,1,0,0,0,0,1115,4840,0,2,0,0,0,0,0,0,0,0,0,0,0,0,0,0,0,0,0,0,0,0,0,0
1923274,,1,923270,1,0,0,0,0,1116,4780,0,2,0,0,0,0,0,0,0,0,0,0,0,0,0,0,0,0,0,0,0,0,0,0
1923280,,1,923280,0,0,0,21000,21001,0,0,0,0,0,0,0,0,0,0,0,0,0,0,0,0,0,0,0,0,4780,4850,0,0,0,0
1923281,,1,923280,2,0,0,0,0,0,0,0,0,7604,7500,0,0,0,0,0,0,14,13000,0,0,0,0,0,0,0,0,0,0,0,0
1923282,,1,923280,1,0,0,0,0,1114,4780,0,2,0,0,0,0,0,0,0,0,0,0,0,0,0,0,0,0,0,0,0,0,0,0
1923283,,1,923280,1,0,0,0,0,1115,4850,0,2,0,0,0,0,0,0,0,0,0,0,0,0,0,0,0,0,0,0,0,0,0,0
1923284,,1,923280,1,0,0,0,0,1116,4780,0,2,0,0,0,0,0,0,0,0,0,0,0,0,0,0,0,0,0,0,0,0,0,0
1923290,,1,923290,0,0,0,21000,21001,0,0,0,0,0,0,0,0,0,0,0,0,0,0,0,0,0,0,0,0,4780,4850,0,0,0,0
1923291,,1,923290,2,0,0,0,0,0,0,0,0,7604,7500,0,0,0,0,0,0,14,13000,0,0,0,0,0,0,0,0,0,0,0,0
1923292,,1,923290,1,0,0,0,0,1114,4780,0,2,0,0,0,0,0,0,0,0,0,0,0,0,0,0,0,0,0,0,0,0,0,0
1923293,,1,923290,1,0,0,0,0,1115,4860,0,2,0,0,0,0,0,0,0,0,0,0,0,0,0,0,0,0,0,0,0,0,0,0
1923294,,1,923290,1,0,0,0,0,1116,4780,0,2,0,0,0,0,0,0,0,0,0,0,0,0,0,0,0,0,0,0,0,0,0,0
1923300,,1,923300,0,0,0,21000,21001,0,0,0,0,0,0,0,0,0,0,0,0,0,0,0,0,0,0,0,0,4780,4850,0,0,0,0
1923301,,1,923300,2,0,0,0,0,0,0,0,0,7604,7500,0,0,0,0,0,0,14,13000,0,0,0,0,0,0,0,0,0,0,0,0
1923302,,1,923300,1,0,0,0,0,1114,4780,0,2,0,0,0,0,0,0,0,0,0,0,0,0,0,0,0,0,0,0,0,0,0,0
1923303,,1,923300,1,0,0,0,0,1115,4870,0,2,0,0,0,0,0,0,0,0,0,0,0,0,0,0,0,0,0,0,0,0,0,0
1923304,,1,923300,1,0,0,0,0,1116,4780,0,2,0,0,0,0,0,0,0,0,0,0,0,0,0,0,0,0,0,0,0,0,0,0
1923310,,1,923310,0,0,0,21000,21001,0,0,0,0,0,0,0,0,0,0,0,0,0,0,0,0,0,0,0,0,4780,4850,0,0,0,0
1923311,,1,923310,2,0,0,0,0,0,0,0,0,7604,7500,0,0,0,0,0,0,14,13000,0,0,0,0,0,0,0,0,0,0,0,0
1923312,,1,923310,1,0,0,0,0,1114,4780,0,2,0,0,0,0,0,0,0,0,0,0,0,0,0,0,0,0,0,0,0,0,0,0
1923313,,1,923310,1,0,0,0,0,1115,4880,0,2,0,0,0,0,0,0,0,0,0,0,0,0,0,0,0,0,0,0,0,0,0,0
1923314,,1,923310,1,0,0,0,0,1116,4780,0,2,0,0,0,0,0,0,0,0,0,0,0,0,0,0,0,0,0,0,0,0,0,0
1923320,,1,923320,0,0,0,21000,21001,0,0,0,0,0,0,0,0,0,0,0,0,0,0,0,0,0,0,0,0,4780,4850,0,0,0,0
1923321,,1,923320,2,0,0,0,0,0,0,0,0,7604,7500,0,0,0,0,0,0,14,13000,0,0,0,0,0,0,0,0,0,0,0,0
1923322,,1,923320,1,0,0,0,0,1114,4890,0,2,0,0,0,0,0,0,0,0,0,0,0,0,0,0,0,0,0,0,0,0,0,0
1923323,,1,923320,1,0,0,0,0,1115,4780,0,2,0,0,0,0,0,0,0,0,0,0,0,0,0,0,0,0,0,0,0,0,0,0
1923324,,1,923320,1,0,0,0,0,1116,4780,0,2,0,0,0,0,0,0,0,0,0,0,0,0,0,0,0,0,0,0,0,0,0,0
1923330,,1,923330,0,0,0,21000,21001,0,0,0,0,0,0,0,0,0,0,0,0,0,0,0,0,0,0,0,0,4780,4850,0,0,0,0
1923331,,1,923330,2,0,0,0,0,0,0,0,0,7604,7500,0,0,0,0,0,0,14,13000,0,0,0,0,0,0,0,0,0,0,0,0
1923332,,1,923330,1,0,0,0,0,1114,4900,0,2,0,0,0,0,0,0,0,0,0,0,0,0,0,0,0,0,0,0,0,0,0,0
1923333,,1,923330,1,0,0,0,0,1115,4900,0,2,0,0,0,0,0,0,0,0,0,0,0,0,0,0,0,0,0,0,0,0,0,0
1923334,,1,923330,1,0,0,0,0,1116,4900,0,2,0,0,0,0,0,0,0,0,0,0,0,0,0,0,0,0,0,0,0,0,0,0
1923340,,1,923340,0,0,0,21000,21001,0,0,0,0,0,0,0,0,0,0,0,0,0,0,0,0,0,0,0,0,4780,4850,0,0,0,0
1923341,,1,923340,2,0,0,0,0,0,0,0,0,7604,7500,0,0,0,0,0,0,14,13000,0,0,0,0,0,0,0,0,0,0,0,0
1923342,,1,923340,1,0,0,0,0,1114,4910,0,2,0,0,0,0,0,0,0,0,0,0,0,0,0,0,0,0,0,0,0,0,0,0
1923343,,1,923340,1,0,0,0,0,1115,4780,0,2,0,0,0,0,0,0,0,0,0,0,0,0,0,0,0,0,0,0,0,0,0,0
1923344,,1,923340,1,0,0,0,0,1116,4780,0,2,0,0,0,0,0,0,0,0,0,0,0,0,0,0,0,0,0,0,0,0,0,0
1923350,,1,923350,0,0,0,21000,21001,0,0,0,0,0,0,0,0,0,0,0,0,0,0,0,0,0,0,0,0,4780,4850,0,0,0,0
1923351,,1,923350,2,0,0,0,0,0,0,0,0,7604,7500,0,0,0,0,0,0,14,13000,0,0,0,0,0,0,0,0,0,0,0,0
1923352,,1,923350,1,0,0,0,0,1114,4780,0,2,0,0,0,0,0,0,0,0,0,0,0,0,0,0,0,0,0,0,0,0,0,0
1923353,,1,923350,1,0,0,0,0,1115,4920,0,2,0,0,0,0,0,0,0,0,0,0,0,0,0,0,0,0,0,0,0,0,0,0
1923354,,1,923350,1,0,0,0,0,1116,4780,0,2,0,0,0,0,0,0,0,0,0,0,0,0,0,0,0,0,0,0,0,0,0,0
1923360,,1,923360,0,0,0,21000,21001,0,0,0,0,0,0,0,0,0,0,0,0,0,0,0,0,0,0,0,0,4780,4850,0,0,0,0
1923361,,1,923360,2,0,0,0,0,0,0,0,0,7604,7500,0,0,0,0,0,0,14,13000,0,0,0,0,0,0,0,0,0,0,0,0
1923362,,1,923360,1,0,0,0,0,1114,4930,0,2,0,0,0,0,0,0,0,0,0,0,0,0,0,0,0,0,0,0,0,0,0,0
1923363,,1,923360,1,0,0,0,0,1115,4780,0,2,0,0,0,0,0,0,0,0,0,0,0,0,0,0,0,0,0,0,0,0,0,0
1923364,,1,923360,1,0,0,0,0,1116,4780,0,2,0,0,0,0,0,0,0,0,0,0,0,0,0,0,0,0,0,0,0,0,0,0
1923370,,1,923370,0,0,0,21000,21001,0,0,0,0,0,0,0,0,0,0,0,0,0,0,0,0,0,0,0,0,4780,4850,0,0,0,0
1923371,,1,923370,2,0,0,0,0,0,0,0,0,7604,7500,0,0,0,0,0,0,14,13000,0,0,0,0,0,0,0,0,0,0,0,0
1923372,,1,923370,1,0,0,0,0,1114,4990,0,2,0,0,0,0,0,0,0,0,0,0,0,0,0,0,0,0,0,0,0,0,0,0
1923373,,1,923370,1,0,0,0,0,1115,4780,0,2,0,0,0,0,0,0,0,0,0,0,0,0,0,0,0,0,0,0,0,0,0,0
1923374,,1,923370,1,0,0,0,0,1116,4780,0,2,0,0,0,0,0,0,0,0,0,0,0,0,0,0,0,0,0,0,0,0,0,0
1923380,,1,923380,0,0,0,21000,21001,0,0,0,0,0,0,0,0,0,0,0,0,0,0,0,0,0,0,0,0,4780,4850,0,0,0,0
1923381,,1,923380,2,0,0,0,0,0,0,0,0,7604,7500,0,0,0,0,0,0,14,13000,0,0,0,0,0,0,0,0,0,0,0,0
1923382,,1,923380,1,0,0,0,0,1114,4917,0,2,0,0,0,0,0,0,0,0,0,0,0,0,0,0,0,0,0,0,0,0,0,0
1923383,,1,923380,1,0,0,0,0,1115,4780,0,2,0,0,0,0,0,0,0,0,0,0,0,0,0,0,0,0,0,0,0,0,0,0
1923384,,1,923380,1,0,0,0,0,1116,4780,0,2,0,0,0,0,0,0,0,0,0,0,0,0,0,0,0,0,0,0,0,0,0,0
1923390,,1,923390,0,0,0,21000,21001,0,0,0,0,0,0,0,0,0,0,0,0,0,0,0,0,0,0,0,0,4780,4850,0,0,0,0
1923391,,1,923390,2,0,0,0,0,0,0,0,0,7604,7500,0,0,0,0,0,0,14,13000,0,0,0,0,0,0,0,0,0,0,0,0
1923392,,1,923390,1,0,0,0,0,1114,4780,0,2,0,0,0,0,0,0,0,0,0,0,0,0,0,0,0,0,0,0,0,0,0,0
1923393,,1,923390,1,0,0,0,0,1115,4918,0,2,0,0,0,0,0,0,0,0,0,0,0,0,0,0,0,0,0,0,0,0,0,0
1923394,,1,923390,1,0,0,0,0,1116,4780,0,2,0,0,0,0,0,0,0,0,0,0,0,0,0,0,0,0,0,0,0,0,0,0
1923400,,1,923400,0,0,0,21000,21001,0,0,0,0,0,0,0,0,0,0,0,0,0,0,0,0,0,0,0,0,4780,4850,0,0,0,0
1923401,,1,923400,2,0,0,0,0,0,0,0,0,7604,7500,0,0,0,0,0,0,14,13000,0,0,0,0,0,0,0,0,0,0,0,0
1923402,,1,923400,1,0,0,0,0,1114,4780,0,2,0,0,0,0,0,0,0,0,0,0,0,0,0,0,0,0,0,0,0,0,0,0
1923403,,1,923400,1,0,0,0,0,1115,4919,0,2,0,0,0,0,0,0,0,0,0,0,0,0,0,0,0,0,0,0,0,0,0,0
1923404,,1,923400,1,0,0,0,0,1116,4780,0,2,0,0,0,0,0,0,0,0,0,0,0,0,0,0,0,0,0,0,0,0,0,0
1923410,,1,923410,0,0,0,21000,21001,0,0,0,0,0,0,0,0,0,0,0,0,0,0,0,0,0,0,0,0,4780,4850,0,0,0,0
1923411,,1,923410,2,0,0,0,0,0,0,0,0,7604,7500,0,0,0,0,0,0,14,13000,0,0,0,0,0,0,0,0,0,0,0,0
1923412,,1,923410,1,0,0,0,0,1114,4780,0,2,0,0,0,0,0,0,0,0,0,0,0,0,0,0,0,0,0,0,0,0,0,0
1923413,,1,923410,1,0,0,0,0,1115,4921,0,2,0,0,0,0,0,0,0,0,0,0,0,0,0,0,0,0,0,0,0,0,0,0
1923414,,1,923410,1,0,0,0,0,1116,4780,0,2,0,0,0,0,0,0,0,0,0,0,0,0,0,0,0,0,0,0,0,0,0,0
1923420,,1,923420,0,0,0,21000,21001,0,0,0,0,0,0,0,0,0,0,0,0,0,0,0,0,0,0,0,0,4780,4850,0,0,0,0
1923421,,1,923420,2,0,0,0,0,0,0,0,0,7604,7500,0,0,0,0,0,0,14,13000,0,0,0,0,0,0,0,0,0,0,0,0
1923422,,1,923420,1,0,0,0,0,1114,4780,0,2,0,0,0,0,0,0,0,0,0,0,0,0,0,0,0,0,0,0,0,0,0,0
1923423,,1,923420,1,0,0,0,0,1115,4923,0,2,0,0,0,0,0,0,0,0,0,0,0,0,0,0,0,0,0,0,0,0,0,0
1923424,,1,923420,1,0,0,0,0,1116,4780,0,2,0,0,0,0,0,0,0,0,0,0,0,0,0,0,0,0,0,0,0,0,0,0
1923430,,1,923430,0,0,0,21000,21001,0,0,0,0,0,0,0,0,0,0,0,0,0,0,0,0,0,0,0,0,4780,4850,0,0,0,0
1923431,,1,923430,2,0,0,0,0,0,0,0,0,7604,7500,0,0,0,0,0,0,14,13000,0,0,0,0,0,0,0,0,0,0,0,0
1923432,,1,923430,1,0,0,0,0,1114,4780,0,2,0,0,0,0,0,0,0,0,0,0,0,0,0,0,0,0,0,0,0,0,0,0
1923433,,1,923430,1,0,0,0,0,1115,4924,0,2,0,0,0,0,0,0,0,0,0,0,0,0,0,0,0,0,0,0,0,0,0,0
1923434,,1,923430,1,0,0,0,0,1116,4780,0,2,0,0,0,0,0,0,0,0,0,0,0,0,0,0,0,0,0,0,0,0,0,0
1923440,,1,923440,0,0,0,21000,21001,0,0,0,0,0,0,0,0,0,0,0,0,0,0,0,0,0,0,0,0,4780,4850,0,0,0,0
1923441,,1,923440,2,0,0,0,0,0,0,0,0,7604,7500,0,0,0,0,0,0,14,13000,0,0,0,0,0,0,0,0,0,0,0,0
1923442,,1,923440,1,0,0,0,0,1114,4780,0,2,0,0,0,0,0,0,0,0,0,0,0,0,0,0,0,0,0,0,0,0,0,0
1923443,,1,923440,1,0,0,0,0,1115,4925,0,2,0,0,0,0,0,0,0,0,0,0,0,0,0,0,0,0,0,0,0,0,0,0
1923444,,1,923440,1,0,0,0,0,1116,4780,0,2,0,0,0,0,0,0,0,0,0,0,0,0,0,0,0,0,0,0,0,0,0,0
1923450,,1,923450,0,0,0,21000,21001,0,0,0,0,0,0,0,0,0,0,0,0,0,0,0,0,0,0,0,0,4780,4850,0,0,0,0
1923451,,1,923450,2,0,0,0,0,0,0,0,0,7604,7500,0,0,0,0,0,0,14,13000,0,0,0,0,0,0,0,0,0,0,0,0
1923452,,1,923450,1,0,0,0,0,1114,4926,0,2,0,0,0,0,0,0,0,0,0,0,0,0,0,0,0,0,0,0,0,0,0,0
1923453,,1,923450,1,0,0,0,0,1115,4780,0,2,0,0,0,0,0,0,0,0,0,0,0,0,0,0,0,0,0,0,0,0,0,0
1923454,,1,923450,1,0,0,0,0,1116,4780,0,2,0,0,0,0,0,0,0,0,0,0,0,0,0,0,0,0,0,0,0,0,0,0
1923460,,1,923460,0,0,0,21000,21001,0,0,0,0,0,0,0,0,0,0,0,0,0,0,0,0,0,0,0,0,4780,4850,0,0,0,0
1923461,,1,923460,2,0,0,0,0,0,0,0,0,7604,7500,0,0,0,0,0,0,14,13000,0,0,0,0,0,0,0,0,0,0,0,0
1923462,,1,923460,1,0,0,0,0,1114,4780,0,2,0,0,0,0,0,0,0,0,0,0,0,0,0,0,0,0,0,0,0,0,0,0
1923463,,1,923460,1,0,0,0,0,1115,4927,0,2,0,0,0,0,0,0,0,0,0,0,0,0,0,0,0,0,0,0,0,0,0,0
1923464,,1,923460,1,0,0,0,0,1116,4780,0,2,0,0,0,0,0,0,0,0,0,0,0,0,0,0,0,0,0,0,0,0,0,0
1923470,,1,923470,0,0,0,21000,21001,0,0,0,0,0,0,0,0,0,0,0,0,0,0,0,0,0,0,0,0,4780,4850,0,0,0,0
1923471,,1,923470,2,0,0,0,0,0,0,0,0,7604,7500,0,0,0,0,0,0,14,13000,0,0,0,0,0,0,0,0,0,0,0,0
1923472,,1,923470,1,0,0,0,0,1114,4928,0,2,0,0,0,0,0,0,0,0,0,0,0,0,0,0,0,0,0,0,0,0,0,0
1923473,,1,923470,1,0,0,0,0,1115,4780,0,2,0,0,0,0,0,0,0,0,0,0,0,0,0,0,0,0,0,0,0,0,0,0
1923474,,1,923470,1,0,0,0,0,1116,4780,0,2,0,0,0,0,0,0,0,0,0,0,0,0,0,0,0,0,0,0,0,0,0,0
1923480,,1,923480,0,0,0,21000,21001,0,0,0,0,0,0,0,0,0,0,0,0,0,0,0,0,0,0,0,0,4780,4850,0,0,0,0
1923481,,1,923480,2,0,0,0,0,0,0,0,0,7604,7500,0,0,0,0,0,0,14,13000,0,0,0,0,0,0,0,0,0,0,0,0
1923482,,1,923480,1,0,0,0,0,1114,4929,0,2,0,0,0,0,0,0,0,0,0,0,0,0,0,0,0,0,0,0,0,0,0,0
1923483,,1,923480,1,0,0,0,0,1115,4780,0,2,0,0,0,0,0,0,0,0,0,0,0,0,0,0,0,0,0,0,0,0,0,0
1923484,,1,923480,1,0,0,0,0,1116,4780,0,2,0,0,0,0,0,0,0,0,0,0,0,0,0,0,0,0,0,0,0,0,0,0
1923500,,1,923500,0,0,0,21000,21001,0,0,0,0,0,0,0,0,0,0,0,0,0,0,0,0,0,0,0,0,4780,4850,0,0,0,0
1923501,,1,923500,2,0,0,0,0,0,0,0,0,7604,7500,0,0,0,0,0,0,14,13000,0,0,0,0,0,0,0,0,0,0,0,0
1923502,,1,923500,1,0,0,0,0,1114,4780,0,2,0,0,0,0,0,0,0,0,0,0,0,0,0,0,0,0,0,0,0,0,0,0
1923503,,1,923500,1,0,0,0,0,1115,4770,0,2,0,0,0,0,0,0,0,0,0,0,0,0,0,0,0,0,0,0,0,0,0,0
1923504,,1,923500,1,0,0,0,0,1116,4780,0,2,0,0,0,0,0,0,0,0,0,0,0,0,0,0,0,0,0,0,0,0,0,0
1923510,,1,923510,0,0,0,21000,21001,0,0,0,0,0,0,0,0,0,0,0,0,0,0,0,0,0,0,0,0,4780,4850,0,0,0,0
1923511,,1,923510,2,0,0,0,0,0,0,0,0,7604,7500,0,0,0,0,0,0,14,13000,0,0,0,0,0,0,0,0,0,0,0,0
1923512,,1,923510,1,0,0,0,0,1114,4770,0,2,0,0,0,0,0,0,0,0,0,0,0,0,0,0,0,0,0,0,0,0,0,0
1923513,,1,923510,1,0,0,0,0,1115,4780,0,2,0,0,0,0,0,0,0,0,0,0,0,0,0,0,0,0,0,0,0,0,0,0
1923514,,1,923510,1,0,0,0,0,1116,4770,0,2,0,0,0,0,0,0,0,0,0,0,0,0,0,0,0,0,0,0,0,0,0,0
1923520,,1,923520,0,0,0,21000,21001,0,0,0,0,0,0,0,0,0,0,0,0,0,0,0,0,0,0,0,0,4780,4850,0,0,0,0
1923521,,1,923520,2,0,0,0,0,0,0,0,0,7604,7500,0,0,0,0,0,0,14,13000,0,0,0,0,0,0,0,0,0,0,0,0
1923522,,1,923520,1,0,0,0,0,1114,4780,0,2,0,0,0,0,0,0,0,0,0,0,0,0,0,0,0,0,0,0,0,0,0,0
1923523,,1,923520,1,0,0,0,0,1115,4790,0,2,0,0,0,0,0,0,0,0,0,0,0,0,0,0,0,0,0,0,0,0,0,0
1923524,,1,923520,1,0,0,0,0,1116,4780,0,2,0,0,0,0,0,0,0,0,0,0,0,0,0,0,0,0,0,0,0,0,0,0
1923530,,1,923530,0,0,0,21000,21001,0,0,0,0,0,0,0,0,0,0,0,0,0,0,0,0,0,0,0,0,4780,4850,0,0,0,0
1923531,,1,923530,2,0,0,0,0,0,0,0,0,7604,7500,0,0,0,0,0,0,14,13000,0,0,0,0,0,0,0,0,0,0,0,0
1923532,,1,923530,1,0,0,0,0,1114,4780,0,2,0,0,0,0,0,0,0,0,0,0,0,0,0,0,0,0,0,0,0,0,0,0
1923533,,1,923530,1,0,0,0,0,1115,4800,0,2,0,0,0,0,0,0,0,0,0,0,0,0,0,0,0,0,0,0,0,0,0,0
1923534,,1,923530,1,0,0,0,0,1116,4780,0,2,0,0,0,0,0,0,0,0,0,0,0,0,0,0,0,0,0,0,0,0,0,0
1923540,,1,923540,0,0,0,21000,21001,0,0,0,0,0,0,0,0,0,0,0,0,0,0,0,0,0,0,0,0,4780,4850,0,0,0,0
1923541,,1,923540,2,0,0,0,0,0,0,0,0,7604,7500,0,0,0,0,0,0,14,13000,0,0,0,0,0,0,0,0,0,0,0,0
1923542,,1,923540,1,0,0,0,0,1114,4780,0,2,0,0,0,0,0,0,0,0,0,0,0,0,0,0,0,0,0,0,0,0,0,0
1923543,,1,923540,1,0,0,0,0,1115,4810,0,2,0,0,0,0,0,0,0,0,0,0,0,0,0,0,0,0,0,0,0,0,0,0
1923544,,1,923540,1,0,0,0,0,1116,4780,0,2,0,0,0,0,0,0,0,0,0,0,0,0,0,0,0,0,0,0,0,0,0,0
1923550,,1,923550,0,0,0,21000,21001,0,0,0,0,0,0,0,0,0,0,0,0,0,0,0,0,0,0,0,0,4780,4850,0,0,0,0
1923551,,1,923550,2,0,0,0,0,0,0,0,0,7604,7500,0,0,0,0,0,0,14,13000,0,0,0,0,0,0,0,0,0,0,0,0
1923552,,1,923550,1,0,0,0,0,1114,4820,0,2,0,0,0,0,0,0,0,0,0,0,0,0,0,0,0,0,0,0,0,0,0,0
1923553,,1,923550,1,0,0,0,0,1115,4820,0,2,0,0,0,0,0,0,0,0,0,0,0,0,0,0,0,0,0,0,0,0,0,0
1923554,,1,923550,1,0,0,0,0,1116,4820,0,2,0,0,0,0,0,0,0,0,0,0,0,0,0,0,0,0,0,0,0,0,0,0
1923560,,1,923560,0,0,0,21000,21001,0,0,0,0,0,0,0,0,0,0,0,0,0,0,0,0,0,0,0,0,4780,4850,0,0,0,0
1923561,,1,923560,2,0,0,0,0,0,0,0,0,7604,7500,0,0,0,0,0,0,14,13000,0,0,0,0,0,0,0,0,0,0,0,0
1923562,,1,923560,1,0,0,0,0,1114,4780,0,2,0,0,0,0,0,0,0,0,0,0,0,0,0,0,0,0,0,0,0,0,0,0
1923563,,1,923560,1,0,0,0,0,1115,4780,0,2,0,0,0,0,0,0,0,0,0,0,0,0,0,0,0,0,0,0,0,0,0,0
1923564,,1,923560,1,0,0,0,0,1116,4830,0,2,0,0,0,0,0,0,0,0,0,0,0,0,0,0,0,0,0,0,0,0,0,0
1923570,,1,923570,0,0,0,21000,21001,0,0,0,0,0,0,0,0,0,0,0,0,0,0,0,0,0,0,0,0,4780,4850,0,0,0,0
1923571,,1,923570,2,0,0,0,0,0,0,0,0,7604,7500,0,0,0,0,0,0,14,13000,0,0,0,0,0,0,0,0,0,0,0,0
1923572,,1,923570,1,0,0,0,0,1114,4780,0,2,0,0,0,0,0,0,0,0,0,0,0,0,0,0,0,0,0,0,0,0,0,0
1923573,,1,923570,1,0,0,0,0,1115,4780,0,2,0,0,0,0,0,0,0,0,0,0,0,0,0,0,0,0,0,0,0,0,0,0
1923574,,1,923570,1,0,0,0,0,1116,4840,0,2,0,0,0,0,0,0,0,0,0,0,0,0,0,0,0,0,0,0,0,0,0,0
1923580,,1,923580,0,0,0,21000,21001,0,0,0,0,0,0,0,0,0,0,0,0,0,0,0,0,0,0,0,0,4780,4850,0,0,0,0
1923581,,1,923580,2,0,0,0,0,0,0,0,0,7604,7500,0,0,0,0,0,0,14,13000,0,0,0,0,0,0,0,0,0,0,0,0
1923582,,1,923580,1,0,0,0,0,1114,4780,0,2,0,0,0,0,0,0,0,0,0,0,0,0,0,0,0,0,0,0,0,0,0,0
1923583,,1,923580,1,0,0,0,0,1115,4780,0,2,0,0,0,0,0,0,0,0,0,0,0,0,0,0,0,0,0,0,0,0,0,0
1923584,,1,923580,1,0,0,0,0,1116,4850,0,2,0,0,0,0,0,0,0,0,0,0,0,0,0,0,0,0,0,0,0,0,0,0
1923590,,1,923590,0,0,0,21000,21001,0,0,0,0,0,0,0,0,0,0,0,0,0,0,0,0,0,0,0,0,4780,4850,0,0,0,0
1923591,,1,923590,2,0,0,0,0,0,0,0,0,7604,7500,0,0,0,0,0,0,14,13000,0,0,0,0,0,0,0,0,0,0,0,0
1923592,,1,923590,1,0,0,0,0,1114,4780,0,2,0,0,0,0,0,0,0,0,0,0,0,0,0,0,0,0,0,0,0,0,0,0
1923593,,1,923590,1,0,0,0,0,1115,4780,0,2,0,0,0,0,0,0,0,0,0,0,0,0,0,0,0,0,0,0,0,0,0,0
1923594,,1,923590,1,0,0,0,0,1116,4860,0,2,0,0,0,0,0,0,0,0,0,0,0,0,0,0,0,0,0,0,0,0,0,0
1923600,,1,923600,0,0,0,21000,21001,0,0,0,0,0,0,0,0,0,0,0,0,0,0,0,0,0,0,0,0,4780,4850,0,0,0,0
1923601,,1,923600,2,0,0,0,0,0,0,0,0,7604,7500,0,0,0,0,0,0,14,13000,0,0,0,0,0,0,0,0,0,0,0,0
1923602,,1,923600,1,0,0,0,0,1114,4780,0,2,0,0,0,0,0,0,0,0,0,0,0,0,0,0,0,0,0,0,0,0,0,0
1923603,,1,923600,1,0,0,0,0,1115,4780,0,2,0,0,0,0,0,0,0,0,0,0,0,0,0,0,0,0,0,0,0,0,0,0
1923604,,1,923600,1,0,0,0,0,1116,4870,0,2,0,0,0,0,0,0,0,0,0,0,0,0,0,0,0,0,0,0,0,0,0,0
1923610,,1,923610,0,0,0,21000,21001,0,0,0,0,0,0,0,0,0,0,0,0,0,0,0,0,0,0,0,0,4780,4850,0,0,0,0
1923611,,1,923610,2,0,0,0,0,0,0,0,0,7604,7500,0,0,0,0,0,0,14,13000,0,0,0,0,0,0,0,0,0,0,0,0
1923612,,1,923610,1,0,0,0,0,1114,4780,0,2,0,0,0,0,0,0,0,0,0,0,0,0,0,0,0,0,0,0,0,0,0,0
1923613,,1,923610,1,0,0,0,0,1115,4780,0,2,0,0,0,0,0,0,0,0,0,0,0,0,0,0,0,0,0,0,0,0,0,0
1923614,,1,923610,1,0,0,0,0,1116,4880,0,2,0,0,0,0,0,0,0,0,0,0,0,0,0,0,0,0,0,0,0,0,0,0
1923620,,1,923620,0,0,0,21000,21001,0,0,0,0,0,0,0,0,0,0,0,0,0,0,0,0,0,0,0,0,4780,4850,0,0,0,0
1923621,,1,923620,2,0,0,0,0,0,0,0,0,7604,7500,0,0,0,0,0,0,14,13000,0,0,0,0,0,0,0,0,0,0,0,0
1923622,,1,923620,1,0,0,0,0,1114,4780,0,2,0,0,0,0,0,0,0,0,0,0,0,0,0,0,0,0,0,0,0,0,0,0
1923623,,1,923620,1,0,0,0,0,1115,4890,0,2,0,0,0,0,0,0,0,0,0,0,0,0,0,0,0,0,0,0,0,0,0,0
1923624,,1,923620,1,0,0,0,0,1116,4780,0,2,0,0,0,0,0,0,0,0,0,0,0,0,0,0,0,0,0,0,0,0,0,0
1923630,,1,923630,0,0,0,21000,21001,0,0,0,0,0,0,0,0,0,0,0,0,0,0,0,0,0,0,0,0,4780,4850,0,0,0,0
1923631,,1,923630,2,0,0,0,0,0,0,0,0,7604,7500,0,0,0,0,0,0,14,13000,0,0,0,0,0,0,0,0,0,0,0,0
1923632,,1,923630,1,0,0,0,0,1114,4900,0,2,0,0,0,0,0,0,0,0,0,0,0,0,0,0,0,0,0,0,0,0,0,0
1923633,,1,923630,1,0,0,0,0,1115,4900,0,2,0,0,0,0,0,0,0,0,0,0,0,0,0,0,0,0,0,0,0,0,0,0
1923634,,1,923630,1,0,0,0,0,1116,4900,0,2,0,0,0,0,0,0,0,0,0,0,0,0,0,0,0,0,0,0,0,0,0,0
1923640,,1,923640,0,0,0,21000,21001,0,0,0,0,0,0,0,0,0,0,0,0,0,0,0,0,0,0,0,0,4780,4850,0,0,0,0
1923641,,1,923640,2,0,0,0,0,0,0,0,0,7604,7500,0,0,0,0,0,0,14,13000,0,0,0,0,0,0,0,0,0,0,0,0
1923642,,1,923640,1,0,0,0,0,1114,4780,0,2,0,0,0,0,0,0,0,0,0,0,0,0,0,0,0,0,0,0,0,0,0,0
1923643,,1,923640,1,0,0,0,0,1115,4910,0,2,0,0,0,0,0,0,0,0,0,0,0,0,0,0,0,0,0,0,0,0,0,0
1923644,,1,923640,1,0,0,0,0,1116,4780,0,2,0,0,0,0,0,0,0,0,0,0,0,0,0,0,0,0,0,0,0,0,0,0
1923650,,1,923650,0,0,0,21000,21001,0,0,0,0,0,0,0,0,0,0,0,0,0,0,0,0,0,0,0,0,4780,4850,0,0,0,0
1923651,,1,923650,2,0,0,0,0,0,0,0,0,7604,7500,0,0,0,0,0,0,14,13000,0,0,0,0,0,0,0,0,0,0,0,0
1923652,,1,923650,1,0,0,0,0,1114,4780,0,2,0,0,0,0,0,0,0,0,0,0,0,0,0,0,0,0,0,0,0,0,0,0
1923653,,1,923650,1,0,0,0,0,1115,4780,0,2,0,0,0,0,0,0,0,0,0,0,0,0,0,0,0,0,0,0,0,0,0,0
1923654,,1,923650,1,0,0,0,0,1116,4920,0,2,0,0,0,0,0,0,0,0,0,0,0,0,0,0,0,0,0,0,0,0,0,0
1923660,,1,923660,0,0,0,21000,21001,0,0,0,0,0,0,0,0,0,0,0,0,0,0,0,0,0,0,0,0,4780,4850,0,0,0,0
1923661,,1,923660,2,0,0,0,0,0,0,0,0,7604,7500,0,0,0,0,0,0,14,13000,0,0,0,0,0,0,0,0,0,0,0,0
1923662,,1,923660,1,0,0,0,0,1114,4780,0,2,0,0,0,0,0,0,0,0,0,0,0,0,0,0,0,0,0,0,0,0,0,0
1923663,,1,923660,1,0,0,0,0,1115,4930,0,2,0,0,0,0,0,0,0,0,0,0,0,0,0,0,0,0,0,0,0,0,0,0
1923664,,1,923660,1,0,0,0,0,1116,4780,0,2,0,0,0,0,0,0,0,0,0,0,0,0,0,0,0,0,0,0,0,0,0,0
1923670,,1,923670,0,0,0,21000,21001,0,0,0,0,0,0,0,0,0,0,0,0,0,0,0,0,0,0,0,0,4780,4850,0,0,0,0
1923671,,1,923670,2,0,0,0,0,0,0,0,0,7604,7500,0,0,0,0,0,0,14,13000,0,0,0,0,0,0,0,0,0,0,0,0
1923672,,1,923670,1,0,0,0,0,1114,4780,0,2,0,0,0,0,0,0,0,0,0,0,0,0,0,0,0,0,0,0,0,0,0,0
1923673,,1,923670,1,0,0,0,0,1115,4990,0,2,0,0,0,0,0,0,0,0,0,0,0,0,0,0,0,0,0,0,0,0,0,0
1923674,,1,923670,1,0,0,0,0,1116,4780,0,2,0,0,0,0,0,0,0,0,0,0,0,0,0,0,0,0,0,0,0,0,0,0
1923680,,1,923680,0,0,0,21000,21001,0,0,0,0,0,0,0,0,0,0,0,0,0,0,0,0,0,0,0,0,4780,4850,0,0,0,0
1923681,,1,923680,2,0,0,0,0,0,0,0,0,7604,7500,0,0,0,0,0,0,14,13000,0,0,0,0,0,0,0,0,0,0,0,0
1923682,,1,923680,1,0,0,0,0,1114,4780,0,2,0,0,0,0,0,0,0,0,0,0,0,0,0,0,0,0,0,0,0,0,0,0
1923683,,1,923680,1,0,0,0,0,1115,4917,0,2,0,0,0,0,0,0,0,0,0,0,0,0,0,0,0,0,0,0,0,0,0,0
1923684,,1,923680,1,0,0,0,0,1116,4780,0,2,0,0,0,0,0,0,0,0,0,0,0,0,0,0,0,0,0,0,0,0,0,0
1923690,,1,923690,0,0,0,21000,21001,0,0,0,0,0,0,0,0,0,0,0,0,0,0,0,0,0,0,0,0,4780,4850,0,0,0,0
1923691,,1,923690,2,0,0,0,0,0,0,0,0,7604,7500,0,0,0,0,0,0,14,13000,0,0,0,0,0,0,0,0,0,0,0,0
1923692,,1,923690,1,0,0,0,0,1114,4780,0,2,0,0,0,0,0,0,0,0,0,0,0,0,0,0,0,0,0,0,0,0,0,0
1923693,,1,923690,1,0,0,0,0,1115,4780,0,2,0,0,0,0,0,0,0,0,0,0,0,0,0,0,0,0,0,0,0,0,0,0
1923694,,1,923690,1,0,0,0,0,1116,4918,0,2,0,0,0,0,0,0,0,0,0,0,0,0,0,0,0,0,0,0,0,0,0,0
1923700,,1,923700,0,0,0,21000,21001,0,0,0,0,0,0,0,0,0,0,0,0,0,0,0,0,0,0,0,0,4780,4850,0,0,0,0
1923701,,1,923700,2,0,0,0,0,0,0,0,0,7604,7500,0,0,0,0,0,0,14,13000,0,0,0,0,0,0,0,0,0,0,0,0
1923702,,1,923700,1,0,0,0,0,1114,4780,0,2,0,0,0,0,0,0,0,0,0,0,0,0,0,0,0,0,0,0,0,0,0,0
1923703,,1,923700,1,0,0,0,0,1115,4780,0,2,0,0,0,0,0,0,0,0,0,0,0,0,0,0,0,0,0,0,0,0,0,0
1923704,,1,923700,1,0,0,0,0,1116,4919,0,2,0,0,0,0,0,0,0,0,0,0,0,0,0,0,0,0,0,0,0,0,0,0
1923710,,1,923710,0,0,0,21000,21001,0,0,0,0,0,0,0,0,0,0,0,0,0,0,0,0,0,0,0,0,4780,4850,0,0,0,0
1923711,,1,923710,2,0,0,0,0,0,0,0,0,7604,7500,0,0,0,0,0,0,14,13000,0,0,0,0,0,0,0,0,0,0,0,0
1923712,,1,923710,1,0,0,0,0,1114,4780,0,2,0,0,0,0,0,0,0,0,0,0,0,0,0,0,0,0,0,0,0,0,0,0
1923713,,1,923710,1,0,0,0,0,1115,4780,0,2,0,0,0,0,0,0,0,0,0,0,0,0,0,0,0,0,0,0,0,0,0,0
1923714,,1,923710,1,0,0,0,0,1116,4921,0,2,0,0,0,0,0,0,0,0,0,0,0,0,0,0,0,0,0,0,0,0,0,0
1923720,,1,923720,0,0,0,21000,21001,0,0,0,0,0,0,0,0,0,0,0,0,0,0,0,0,0,0,0,0,4780,4850,0,0,0,0
1923721,,1,923720,2,0,0,0,0,0,0,0,0,7604,7500,0,0,0,0,0,0,14,13000,0,0,0,0,0,0,0,0,0,0,0,0
1923722,,1,923720,1,0,0,0,0,1114,4780,0,2,0,0,0,0,0,0,0,0,0,0,0,0,0,0,0,0,0,0,0,0,0,0
1923723,,1,923720,1,0,0,0,0,1115,4780,0,2,0,0,0,0,0,0,0,0,0,0,0,0,0,0,0,0,0,0,0,0,0,0
1923724,,1,923720,1,0,0,0,0,1116,4923,0,2,0,0,0,0,0,0,0,0,0,0,0,0,0,0,0,0,0,0,0,0,0,0
1923730,,1,923730,0,0,0,21000,21001,0,0,0,0,0,0,0,0,0,0,0,0,0,0,0,0,0,0,0,0,4780,4850,0,0,0,0
1923731,,1,923730,2,0,0,0,0,0,0,0,0,7604,7500,0,0,0,0,0,0,14,13000,0,0,0,0,0,0,0,0,0,0,0,0
1923732,,1,923730,1,0,0,0,0,1114,4780,0,2,0,0,0,0,0,0,0,0,0,0,0,0,0,0,0,0,0,0,0,0,0,0
1923733,,1,923730,1,0,0,0,0,1115,4780,0,2,0,0,0,0,0,0,0,0,0,0,0,0,0,0,0,0,0,0,0,0,0,0
1923734,,1,923730,1,0,0,0,0,1116,4924,0,2,0,0,0,0,0,0,0,0,0,0,0,0,0,0,0,0,0,0,0,0,0,0
1923740,,1,923740,0,0,0,21000,21001,0,0,0,0,0,0,0,0,0,0,0,0,0,0,0,0,0,0,0,0,4780,4850,0,0,0,0
1923741,,1,923740,2,0,0,0,0,0,0,0,0,7604,7500,0,0,0,0,0,0,14,13000,0,0,0,0,0,0,0,0,0,0,0,0
1923742,,1,923740,1,0,0,0,0,1114,4780,0,2,0,0,0,0,0,0,0,0,0,0,0,0,0,0,0,0,0,0,0,0,0,0
1923743,,1,923740,1,0,0,0,0,1115,4780,0,2,0,0,0,0,0,0,0,0,0,0,0,0,0,0,0,0,0,0,0,0,0,0
1923744,,1,923740,1,0,0,0,0,1116,4925,0,2,0,0,0,0,0,0,0,0,0,0,0,0,0,0,0,0,0,0,0,0,0,0
1923750,,1,923750,0,0,0,21000,21001,0,0,0,0,0,0,0,0,0,0,0,0,0,0,0,0,0,0,0,0,4780,4850,0,0,0,0
1923751,,1,923750,2,0,0,0,0,0,0,0,0,7604,7500,0,0,0,0,0,0,14,13000,0,0,0,0,0,0,0,0,0,0,0,0
1923752,,1,923750,1,0,0,0,0,1114,4780,0,2,0,0,0,0,0,0,0,0,0,0,0,0,0,0,0,0,0,0,0,0,0,0
1923753,,1,923750,1,0,0,0,0,1115,4926,0,2,0,0,0,0,0,0,0,0,0,0,0,0,0,0,0,0,0,0,0,0,0,0
1923754,,1,923750,1,0,0,0,0,1116,4780,0,2,0,0,0,0,0,0,0,0,0,0,0,0,0,0,0,0,0,0,0,0,0,0
1923760,,1,923760,0,0,0,21000,21001,0,0,0,0,0,0,0,0,0,0,0,0,0,0,0,0,0,0,0,0,4780,4850,0,0,0,0
1923761,,1,923760,2,0,0,0,0,0,0,0,0,7604,7500,0,0,0,0,0,0,14,13000,0,0,0,0,0,0,0,0,0,0,0,0
1923762,,1,923760,1,0,0,0,0,1114,4780,0,2,0,0,0,0,0,0,0,0,0,0,0,0,0,0,0,0,0,0,0,0,0,0
1923763,,1,923760,1,0,0,0,0,1115,4780,0,2,0,0,0,0,0,0,0,0,0,0,0,0,0,0,0,0,0,0,0,0,0,0
1923764,,1,923760,1,0,0,0,0,1116,4927,0,2,0,0,0,0,0,0,0,0,0,0,0,0,0,0,0,0,0,0,0,0,0,0
1923770,,1,923770,0,0,0,21000,21001,0,0,0,0,0,0,0,0,0,0,0,0,0,0,0,0,0,0,0,0,4780,4850,0,0,0,0
1923771,,1,923770,2,0,0,0,0,0,0,0,0,7604,7500,0,0,0,0,0,0,14,13000,0,0,0,0,0,0,0,0,0,0,0,0
1923772,,1,923770,1,0,0,0,0,1114,4780,0,2,0,0,0,0,0,0,0,0,0,0,0,0,0,0,0,0,0,0,0,0,0,0
1923773,,1,923770,1,0,0,0,0,1115,4928,0,2,0,0,0,0,0,0,0,0,0,0,0,0,0,0,0,0,0,0,0,0,0,0
1923774,,1,923770,1,0,0,0,0,1116,4780,0,2,0,0,0,0,0,0,0,0,0,0,0,0,0,0,0,0,0,0,0,0,0,0
1923780,,1,923780,0,0,0,21000,21001,0,0,0,0,0,0,0,0,0,0,0,0,0,0,0,0,0,0,0,0,4780,4850,0,0,0,0
1923781,,1,923780,2,0,0,0,0,0,0,0,0,7604,7500,0,0,0,0,0,0,14,13000,0,0,0,0,0,0,0,0,0,0,0,0
1923782,,1,923780,1,0,0,0,0,1114,4780,0,2,0,0,0,0,0,0,0,0,0,0,0,0,0,0,0,0,0,0,0,0,0,0
1923783,,1,923780,1,0,0,0,0,1115,4929,0,2,0,0,0,0,0,0,0,0,0,0,0,0,0,0,0,0,0,0,0,0,0,0
1923784,,1,923780,1,0,0,0,0,1116,4780,0,2,0,0,0,0,0,0,0,0,0,0,0,0,0,0,0,0,0,0,0,0,0,0
1924000,,1,924000,0,0,0,21000,21001,0,0,0,0,0,0,0,0,0,0,0,0,0,0,0,0,0,0,0,0,4780,4850,0,0,0,0
1924001,,1,924000,2,0,0,0,0,0,0,0,0,7604,7500,0,0,0,0,0,0,14,13000,0,0,0,0,0,0,0,0,0,0,0,0
1924002,,1,924000,1,0,0,0,0,1155,4551,0,0,0,0,0,0,0,0,0,0,0,0,0,0,0,0,0,0,0,0,0,0,0,0
1924003,,1,924000,1,0,0,0,0,1156,4651,0,0,0,0,0,0,0,0,0,0,0,0,0,0,0,0,0,0,0,0,0,0,0,0
1924004,,1,924000,1,0,0,0,0,1157,4652,0,0,0,0,0,0,0,0,0,0,0,0,0,0,0,0,0,0,0,0,0,0,0,0
1924005,,1,924000,1,0,0,0,0,1158,4653,0,0,0,0,0,0,0,0,0,0,0,0,0,0,0,0,0,0,0,0,0,0,0,0
1924006,,1,924000,1,0,0,0,0,1159,4654,0,0,0,0,0,0,0,0,0,0,0,0,0,0,0,0,0,0,0,0,0,0,0,0
1924007,,1,924000,1,0,0,0,0,1160,4655,0,0,0,0,0,0,0,0,0,0,0,0,0,0,0,0,0,0,0,0,0,0,0,0
1924008,,1,924000,1,0,0,0,0,1161,4656,0,0,0,0,0,0,0,0,0,0,0,0,0,0,0,0,0,0,0,0,0,0,0,0
1924009,,1,924000,1,0,0,0,0,1162,4657,0,0,0,0,0,0,0,0,0,0,0,0,0,0,0,0,0,0,0,0,0,0,0,0
1924010,,1,924000,1,0,0,0,0,1163,4658,0,0,0,0,0,0,0,0,0,0,0,0,0,0,0,0,0,0,0,0,0,0,0,0
1924011,,1,924000,1,0,0,0,0,1164,4659,0,0,0,0,0,0,0,0,0,0,0,0,0,0,0,0,0,0,0,0,0,0,0,0
1924012,,1,924000,1,0,0,0,0,1165,4676,0,0,0,0,0,0,0,0,0,0,0,0,0,0,0,0,0,0,0,0,0,0,0,0
1924020,,1,924020,0,0,0,21000,21001,0,0,0,0,0,0,0,0,0,0,0,0,0,0,0,0,0,0,0,0,4780,4850,0,0,0,0
1924021,,1,924020,2,0,0,0,0,0,0,0,0,7604,7500,0,0,0,0,0,0,14,13000,0,0,0,0,0,0,0,0,0,0,0,0
1924022,,1,924020,1,0,0,0,0,1155,4661,0,0,0,0,0,0,0,0,0,0,0,0,0,0,0,0,0,0,0,0,0,0,0,0
1924023,,1,924020,1,0,0,0,0,1156,4662,0,0,0,0,0,0,0,0,0,0,0,0,0,0,0,0,0,0,0,0,0,0,0,0
1924024,,1,924020,1,0,0,0,0,1157,4663,0,0,0,0,0,0,0,0,0,0,0,0,0,0,0,0,0,0,0,0,0,0,0,0
1924025,,1,924020,1,0,0,0,0,1158,4664,0,0,0,0,0,0,0,0,0,0,0,0,0,0,0,0,0,0,0,0,0,0,0,0
1924026,,1,924020,1,0,0,0,0,1159,4665,0,0,0,0,0,0,0,0,0,0,0,0,0,0,0,0,0,0,0,0,0,0,0,0
1924027,,1,924020,1,0,0,0,0,1160,4666,0,0,0,0,0,0,0,0,0,0,0,0,0,0,0,0,0,0,0,0,0,0,0,0
1924028,,1,924020,1,0,0,0,0,1161,4667,0,0,0,0,0,0,0,0,0,0,0,0,0,0,0,0,0,0,0,0,0,0,0,0
1924029,,1,924020,1,0,0,0,0,1162,4668,0,0,0,0,0,0,0,0,0,0,0,0,0,0,0,0,0,0,0,0,0,0,0,0
1924030,,1,924020,1,0,0,0,0,1163,4669,0,0,0,0,0,0,0,0,0,0,0,0,0,0,0,0,0,0,0,0,0,0,0,0
1924031,,1,924020,1,0,0,0,0,1164,4677,0,0,0,0,0,0,0,0,0,0,0,0,0,0,0,0,0,0,0,0,0,0,0,0
1924032,,1,924020,1,0,0,0,0,1165,4671,0,0,0,0,0,0,0,0,0,0,0,0,0,0,0,0,0,0,0,0,0,0,0,0
1924040,,1,924040,0,0,0,21000,21001,0,0,0,0,0,0,0,0,0,0,0,0,0,0,0,0,0,0,0,0,4780,4850,0,0,0,0
1924041,,1,924040,2,0,0,0,0,0,0,0,0,7604,7500,0,0,0,0,0,0,14,13000,0,0,0,0,0,0,0,0,0,0,0,0
1924042,,1,924040,1,0,0,0,0,1155,4672,0,0,0,0,0,0,0,0,0,0,0,0,0,0,0,0,0,0,0,0,0,0,0,0
1924043,,1,924040,1,0,0,0,0,1156,4673,0,0,0,0,0,0,0,0,0,0,0,0,0,0,0,0,0,0,0,0,0,0,0,0
1924044,,1,924040,1,0,0,0,0,1157,4674,0,0,0,0,0,0,0,0,0,0,0,0,0,0,0,0,0,0,0,0,0,0,0,0
1924045,,1,924040,1,0,0,0,0,1158,4675,0,0,0,0,0,0,0,0,0,0,0,0,0,0,0,0,0,0,0,0,0,0,0,0
1924046,,1,924040,1,0,0,0,0,1159,4662,0,0,0,0,0,0,0,0,0,0,0,0,0,0,0,0,0,0,0,0,0,0,0,0
1924047,,1,924040,1,0,0,0,0,1160,4663,0,0,0,0,0,0,0,0,0,0,0,0,0,0,0,0,0,0,0,0,0,0,0,0
1924100,,1,924100,0,0,0,21000,21001,0,0,0,0,0,0,0,0,0,0,0,0,0,0,0,0,0,0,0,0,4780,4850,0,0,0,0
1924101,,1,924100,2,0,0,0,0,0,0,0,0,7604,7500,0,0,0,0,0,0,14,13000,0,0,0,0,0,0,0,0,0,0,0,0
1924102,,1,924100,1,0,0,0,0,1155,0,0,0,0,0,0,0,0,0,0,0,0,0,0,0,0,0,0,0,0,0,0,0,0,0
1924103,,1,924100,1,0,0,0,0,1156,4551,0,0,0,0,0,0,0,0,0,0,0,0,0,0,0,0,0,0,0,0,0,0,0,0
1924104,,1,924100,1,0,0,0,0,1157,0,0,0,0,0,0,0,0,0,0,0,0,0,0,0,0,0,0,0,0,0,0,0,0,0
1924105,,1,924100,1,0,0,0,0,1158,4551,0,0,0,0,0,0,0,0,0,0,0,0,0,0,0,0,0,0,0,0,0,0,0,0
1924106,,1,924100,1,0,0,0,0,1159,4551,0,0,0,0,0,0,0,0,0,0,0,0,0,0,0,0,0,0,0,0,0,0,0,0
1924107,,1,924100,1,0,0,0,0,1160,4551,0,0,0,0,0,0,0,0,0,0,0,0,0,0,0,0,0,0,0,0,0,0,0,0
1924108,,1,924100,1,0,0,0,0,1161,4551,0,0,0,0,0,0,0,0,0,0,0,0,0,0,0,0,0,0,0,0,0,0,0,0
1924109,,1,924100,1,0,0,0,0,1162,4551,0,0,0,0,0,0,0,0,0,0,0,0,0,0,0,0,0,0,0,0,0,0,0,0
1924110,,1,924100,1,0,0,0,0,1163,4551,0,0,0,0,0,0,0,0,0,0,0,0,0,0,0,0,0,0,0,0,0,0,0,0
1924111,,1,924100,1,0,0,0,0,1164,4551,0,0,0,0,0,0,0,0,0,0,0,0,0,0,0,0,0,0,0,0,0,0,0,0
1924112,,1,924100,1,0,0,0,0,1165,4551,0,0,0,0,0,0,0,0,0,0,0,0,0,0,0,0,0,0,0,0,0,0,0,0
1924120,,1,924120,0,0,0,21000,21001,0,0,0,0,0,0,0,0,0,0,0,0,0,0,0,0,0,0,0,0,4780,4850,0,0,0,0
1924121,,1,924120,2,0,0,0,0,0,0,0,0,7604,7500,0,0,0,0,0,0,14,13000,0,0,0,0,0,0,0,0,0,0,0,0
1924122,,1,924120,1,0,0,0,0,1155,0,0,0,0,0,0,0,0,0,0,0,0,0,0,0,0,0,0,0,0,0,0,0,0,0
1924123,,1,924120,1,0,0,0,0,1156,4651,0,0,0,0,0,0,0,0,0,0,0,0,0,0,0,0,0,0,0,0,0,0,0,0
1924124,,1,924120,1,0,0,0,0,1157,0,0,0,0,0,0,0,0,0,0,0,0,0,0,0,0,0,0,0,0,0,0,0,0,0
1924125,,1,924120,1,0,0,0,0,1158,4651,0,0,0,0,0,0,0,0,0,0,0,0,0,0,0,0,0,0,0,0,0,0,0,0
1924126,,1,924120,1,0,0,0,0,1159,4651,0,0,0,0,0,0,0,0,0,0,0,0,0,0,0,0,0,0,0,0,0,0,0,0
1924127,,1,924120,1,0,0,0,0,1160,4651,0,0,0,0,0,0,0,0,0,0,0,0,0,0,0,0,0,0,0,0,0,0,0,0
1924128,,1,924120,1,0,0,0,0,1161,4651,0,0,0,0,0,0,0,0,0,0,0,0,0,0,0,0,0,0,0,0,0,0,0,0
1924129,,1,924120,1,0,0,0,0,1162,4651,0,0,0,0,0,0,0,0,0,0,0,0,0,0,0,0,0,0,0,0,0,0,0,0
1924130,,1,924120,1,0,0,0,0,1163,4651,0,0,0,0,0,0,0,0,0,0,0,0,0,0,0,0,0,0,0,0,0,0,0,0
1924131,,1,924120,1,0,0,0,0,1164,4651,0,0,0,0,0,0,0,0,0,0,0,0,0,0,0,0,0,0,0,0,0,0,0,0
1924132,,1,924120,1,0,0,0,0,1165,4651,0,0,0,0,0,0,0,0,0,0,0,0,0,0,0,0,0,0,0,0,0,0,0,0
1924140,,1,924140,0,0,0,21000,21001,0,0,0,0,0,0,0,0,0,0,0,0,0,0,0,0,0,0,0,0,4780,4850,0,0,0,0
1924141,,1,924140,2,0,0,0,0,0,0,0,0,7604,7500,0,0,0,0,0,0,14,13000,0,0,0,0,0,0,0,0,0,0,0,0
1924142,,1,924140,1,0,0,0,0,1155,0,0,0,0,0,0,0,0,0,0,0,0,0,0,0,0,0,0,0,0,0,0,0,0,0
1924143,,1,924140,1,0,0,0,0,1156,4662,0,0,0,0,0,0,0,0,0,0,0,0,0,0,0,0,0,0,0,0,0,0,0,0
1924144,,1,924140,1,0,0,0,0,1157,0,0,0,0,0,0,0,0,0,0,0,0,0,0,0,0,0,0,0,0,0,0,0,0,0
1924145,,1,924140,1,0,0,0,0,1158,4662,0,0,0,0,0,0,0,0,0,0,0,0,0,0,0,0,0,0,0,0,0,0,0,0
1924146,,1,924140,1,0,0,0,0,1159,4662,0,0,0,0,0,0,0,0,0,0,0,0,0,0,0,0,0,0,0,0,0,0,0,0
1924147,,1,924140,1,0,0,0,0,1160,4662,0,0,0,0,0,0,0,0,0,0,0,0,0,0,0,0,0,0,0,0,0,0,0,0
1924148,,1,924140,1,0,0,0,0,1161,4662,0,0,0,0,0,0,0,0,0,0,0,0,0,0,0,0,0,0,0,0,0,0,0,0
1924149,,1,924140,1,0,0,0,0,1162,4662,0,0,0,0,0,0,0,0,0,0,0,0,0,0,0,0,0,0,0,0,0,0,0,0
1924150,,1,924140,1,0,0,0,0,1163,4662,0,0,0,0,0,0,0,0,0,0,0,0,0,0,0,0,0,0,0,0,0,0,0,0
1924151,,1,924140,1,0,0,0,0,1164,4662,0,0,0,0,0,0,0,0,0,0,0,0,0,0,0,0,0,0,0,0,0,0,0,0
1924152,,1,924140,1,0,0,0,0,1165,4662,0,0,0,0,0,0,0,0,0,0,0,0,0,0,0,0,0,0,0,0,0,0,0,0
1924160,,1,924160,0,0,0,21000,21001,0,0,0,0,0,0,0,0,0,0,0,0,0,0,0,0,0,0,0,0,4780,4850,0,0,0,0
1924161,,1,924160,2,0,0,0,0,0,0,0,0,7604,7500,0,0,0,0,0,0,14,13000,0,0,0,0,0,0,0,0,0,0,0,0
1924162,,1,924160,1,0,0,0,0,1155,0,0,0,0,0,0,0,0,0,0,0,0,0,0,0,0,0,0,0,0,0,0,0,0,0
1924163,,1,924160,1,0,0,0,0,1156,4665,0,0,0,0,0,0,0,0,0,0,0,0,0,0,0,0,0,0,0,0,0,0,0,0
1924164,,1,924160,1,0,0,0,0,1157,0,0,0,0,0,0,0,0,0,0,0,0,0,0,0,0,0,0,0,0,0,0,0,0,0
1924165,,1,924160,1,0,0,0,0,1158,4665,0,0,0,0,0,0,0,0,0,0,0,0,0,0,0,0,0,0,0,0,0,0,0,0
1924166,,1,924160,1,0,0,0,0,1159,4665,0,0,0,0,0,0,0,0,0,0,0,0,0,0,0,0,0,0,0,0,0,0,0,0
1924167,,1,924160,1,0,0,0,0,1160,4665,0,0,0,0,0,0,0,0,0,0,0,0,0,0,0,0,0,0,0,0,0,0,0,0
1924168,,1,924160,1,0,0,0,0,1161,4665,0,0,0,0,0,0,0,0,0,0,0,0,0,0,0,0,0,0,0,0,0,0,0,0
1924169,,1,924160,1,0,0,0,0,1162,4665,0,0,0,0,0,0,0,0,0,0,0,0,0,0,0,0,0,0,0,0,0,0,0,0
1924170,,1,924160,1,0,0,0,0,1163,4665,0,0,0,0,0,0,0,0,0,0,0,0,0,0,0,0,0,0,0,0,0,0,0,0
1924171,,1,924160,1,0,0,0,0,1164,4665,0,0,0,0,0,0,0,0,0,0,0,0,0,0,0,0,0,0,0,0,0,0,0,0
1924172,,1,924160,1,0,0,0,0,1165,4665,0,0,0,0,0,0,0,0,0,0,0,0,0,0,0,0,0,0,0,0,0,0,0,0
1924180,,1,924180,0,0,0,21000,21001,0,0,0,0,0,0,0,0,0,0,0,0,0,0,0,0,0,0,0,0,4780,4850,0,0,0,0
1924181,,1,924180,2,0,0,0,0,0,0,0,0,7604,7500,0,0,0,0,0,0,14,13000,0,0,0,0,0,0,0,0,0,0,0,0
1924182,,1,924180,1,0,0,0,0,1155,0,0,0,0,0,0,0,0,0,0,0,0,0,0,0,0,0,0,0,0,0,0,0,0,0
1924183,,1,924180,1,0,0,0,0,1156,4669,0,0,0,0,0,0,0,0,0,0,0,0,0,0,0,0,0,0,0,0,0,0,0,0
1924184,,1,924180,1,0,0,0,0,1157,0,0,0,0,0,0,0,0,0,0,0,0,0,0,0,0,0,0,0,0,0,0,0,0,0
1924185,,1,924180,1,0,0,0,0,1158,4669,0,0,0,0,0,0,0,0,0,0,0,0,0,0,0,0,0,0,0,0,0,0,0,0
1924186,,1,924180,1,0,0,0,0,1159,4669,0,0,0,0,0,0,0,0,0,0,0,0,0,0,0,0,0,0,0,0,0,0,0,0
1924187,,1,924180,1,0,0,0,0,1160,4669,0,0,0,0,0,0,0,0,0,0,0,0,0,0,0,0,0,0,0,0,0,0,0,0
1924188,,1,924180,1,0,0,0,0,1161,4669,0,0,0,0,0,0,0,0,0,0,0,0,0,0,0,0,0,0,0,0,0,0,0,0
1924189,,1,924180,1,0,0,0,0,1162,4669,0,0,0,0,0,0,0,0,0,0,0,0,0,0,0,0,0,0,0,0,0,0,0,0
1924190,,1,924180,1,0,0,0,0,1163,4669,0,0,0,0,0,0,0,0,0,0,0,0,0,0,0,0,0,0,0,0,0,0,0,0
1924191,,1,924180,1,0,0,0,0,1164,4669,0,0,0,0,0,0,0,0,0,0,0,0,0,0,0,0,0,0,0,0,0,0,0,0
1924192,,1,924180,1,0,0,0,0,1165,4669,0,0,0,0,0,0,0,0,0,0,0,0,0,0,0,0,0,0,0,0,0,0,0,0
1924200,,1,924200,0,0,0,21000,21001,0,0,0,0,0,0,0,0,0,0,0,0,0,0,0,0,0,0,0,0,4780,4850,0,0,0,0
1924201,,1,924200,2,0,0,0,0,0,0,0,0,7604,7500,0,0,0,0,0,0,14,13000,0,0,0,0,0,0,0,0,0,0,0,0
1924202,,1,924200,1,0,0,0,0,1155,0,0,0,0,0,0,0,0,0,0,0,0,0,0,0,0,0,0,0,0,0,0,0,0,0
1924203,,1,924200,1,0,0,0,0,1156,4671,0,0,0,0,0,0,0,0,0,0,0,0,0,0,0,0,0,0,0,0,0,0,0,0
1924204,,1,924200,1,0,0,0,0,1157,0,0,0,0,0,0,0,0,0,0,0,0,0,0,0,0,0,0,0,0,0,0,0,0,0
1924205,,1,924200,1,0,0,0,0,1158,4671,0,0,0,0,0,0,0,0,0,0,0,0,0,0,0,0,0,0,0,0,0,0,0,0
1924206,,1,924200,1,0,0,0,0,1159,4671,0,0,0,0,0,0,0,0,0,0,0,0,0,0,0,0,0,0,0,0,0,0,0,0
1924207,,1,924200,1,0,0,0,0,1160,4671,0,0,0,0,0,0,0,0,0,0,0,0,0,0,0,0,0,0,0,0,0,0,0,0
1924208,,1,924200,1,0,0,0,0,1161,4671,0,0,0,0,0,0,0,0,0,0,0,0,0,0,0,0,0,0,0,0,0,0,0,0
1924209,,1,924200,1,0,0,0,0,1162,4671,0,0,0,0,0,0,0,0,0,0,0,0,0,0,0,0,0,0,0,0,0,0,0,0
1924210,,1,924200,1,0,0,0,0,1163,4671,0,0,0,0,0,0,0,0,0,0,0,0,0,0,0,0,0,0,0,0,0,0,0,0
1924211,,1,924200,1,0,0,0,0,1164,4671,0,0,0,0,0,0,0,0,0,0,0,0,0,0,0,0,0,0,0,0,0,0,0,0
1924212,,1,924200,1,0,0,0,0,1165,4671,0,0,0,0,0,0,0,0,0,0,0,0,0,0,0,0,0,0,0,0,0,0,0,0
1924220,,1,924220,0,0,0,21000,21001,0,0,0,0,0,0,0,0,0,0,0,0,0,0,0,0,0,0,0,0,4780,4850,0,0,0,0
1924221,,1,924220,2,0,0,0,0,0,0,0,0,7604,7500,0,0,0,0,0,0,14,13000,0,0,0,0,0,0,0,0,0,0,0,0
1924222,,1,924220,1,0,0,0,0,1155,0,0,0,0,0,0,0,0,0,0,0,0,0,0,0,0,0,0,0,0,0,0,0,0,0
1924223,,1,924220,1,0,0,0,0,1156,4672,0,0,0,0,0,0,0,0,0,0,0,0,0,0,0,0,0,0,0,0,0,0,0,0
1924224,,1,924220,1,0,0,0,0,1157,0,0,0,0,0,0,0,0,0,0,0,0,0,0,0,0,0,0,0,0,0,0,0,0,0
1924225,,1,924220,1,0,0,0,0,1158,4672,0,0,0,0,0,0,0,0,0,0,0,0,0,0,0,0,0,0,0,0,0,0,0,0
1924226,,1,924220,1,0,0,0,0,1159,4672,0,0,0,0,0,0,0,0,0,0,0,0,0,0,0,0,0,0,0,0,0,0,0,0
1924227,,1,924220,1,0,0,0,0,1160,4672,0,0,0,0,0,0,0,0,0,0,0,0,0,0,0,0,0,0,0,0,0,0,0,0
1924228,,1,924220,1,0,0,0,0,1161,4672,0,0,0,0,0,0,0,0,0,0,0,0,0,0,0,0,0,0,0,0,0,0,0,0
1924229,,1,924220,1,0,0,0,0,1162,4672,0,0,0,0,0,0,0,0,0,0,0,0,0,0,0,0,0,0,0,0,0,0,0,0
1924230,,1,924220,1,0,0,0,0,1163,4672,0,0,0,0,0,0,0,0,0,0,0,0,0,0,0,0,0,0,0,0,0,0,0,0
1924231,,1,924220,1,0,0,0,0,1164,4672,0,0,0,0,0,0,0,0,0,0,0,0,0,0,0,0,0,0,0,0,0,0,0,0
1924232,,1,924220,1,0,0,0,0,1165,4672,0,0,0,0,0,0,0,0,0,0,0,0,0,0,0,0,0,0,0,0,0,0,0,0
1924240,,1,924240,0,0,0,21000,21001,0,0,0,0,0,0,0,0,0,0,0,0,0,0,0,0,0,0,0,0,4780,4850,0,0,0,0
1924241,,1,924240,2,0,0,0,0,0,0,0,0,7604,7500,0,0,0,0,0,0,14,13000,0,0,0,0,0,0,0,0,0,0,0,0
1924242,,1,924240,1,0,0,0,0,1155,0,0,0,0,0,0,0,0,0,0,0,0,0,0,0,0,0,0,0,0,0,0,0,0,0
1924243,,1,924240,1,0,0,0,0,1156,4655,0,0,0,0,0,0,0,0,0,0,0,0,0,0,0,0,0,0,0,0,0,0,0,0
1924244,,1,924240,1,0,0,0,0,1157,0,0,0,0,0,0,0,0,0,0,0,0,0,0,0,0,0,0,0,0,0,0,0,0,0
1924245,,1,924240,1,0,0,0,0,1158,4655,0,0,0,0,0,0,0,0,0,0,0,0,0,0,0,0,0,0,0,0,0,0,0,0
1924246,,1,924240,1,0,0,0,0,1159,4655,0,0,0,0,0,0,0,0,0,0,0,0,0,0,0,0,0,0,0,0,0,0,0,0
1924247,,1,924240,1,0,0,0,0,1160,4655,0,0,0,0,0,0,0,0,0,0,0,0,0,0,0,0,0,0,0,0,0,0,0,0
1924248,,1,924240,1,0,0,0,0,1161,4655,0,0,0,0,0,0,0,0,0,0,0,0,0,0,0,0,0,0,0,0,0,0,0,0
1924249,,1,924240,1,0,0,0,0,1162,4655,0,0,0,0,0,0,0,0,0,0,0,0,0,0,0,0,0,0,0,0,0,0,0,0
1924250,,1,924240,1,0,0,0,0,1163,4655,0,0,0,0,0,0,0,0,0,0,0,0,0,0,0,0,0,0,0,0,0,0,0,0
1924251,,1,924240,1,0,0,0,0,1164,4655,0,0,0,0,0,0,0,0,0,0,0,0,0,0,0,0,0,0,0,0,0,0,0,0
1924252,,1,924240,1,0,0,0,0,1165,4655,0,0,0,0,0,0,0,0,0,0,0,0,0,0,0,0,0,0,0,0,0,0,0,0
1924260,,1,924260,0,0,0,21000,21001,0,0,0,0,0,0,0,0,0,0,0,0,0,0,0,0,0,0,0,0,4780,4850,0,0,0,0
1924261,,1,924260,2,0,0,0,0,0,0,0,0,7604,7500,0,0,0,0,0,0,14,13000,0,0,0,0,0,0,0,0,0,0,0,0
1924262,,1,924260,1,0,0,0,0,1155,0,0,0,0,0,0,0,0,0,0,0,0,0,0,0,0,0,0,0,0,0,0,0,0,0
1924263,,1,924260,1,0,0,0,0,1156,4657,0,0,0,0,0,0,0,0,0,0,0,0,0,0,0,0,0,0,0,0,0,0,0,0
1924264,,1,924260,1,0,0,0,0,1157,0,0,0,0,0,0,0,0,0,0,0,0,0,0,0,0,0,0,0,0,0,0,0,0,0
1924265,,1,924260,1,0,0,0,0,1158,4657,0,0,0,0,0,0,0,0,0,0,0,0,0,0,0,0,0,0,0,0,0,0,0,0
1924266,,1,924260,1,0,0,0,0,1159,4657,0,0,0,0,0,0,0,0,0,0,0,0,0,0,0,0,0,0,0,0,0,0,0,0
1924267,,1,924260,1,0,0,0,0,1160,4657,0,0,0,0,0,0,0,0,0,0,0,0,0,0,0,0,0,0,0,0,0,0,0,0
1924268,,1,924260,1,0,0,0,0,1161,4657,0,0,0,0,0,0,0,0,0,0,0,0,0,0,0,0,0,0,0,0,0,0,0,0
1924269,,1,924260,1,0,0,0,0,1162,4657,0,0,0,0,0,0,0,0,0,0,0,0,0,0,0,0,0,0,0,0,0,0,0,0
1924270,,1,924260,1,0,0,0,0,1163,4657,0,0,0,0,0,0,0,0,0,0,0,0,0,0,0,0,0,0,0,0,0,0,0,0
1924271,,1,924260,1,0,0,0,0,1164,4657,0,0,0,0,0,0,0,0,0,0,0,0,0,0,0,0,0,0,0,0,0,0,0,0
1924272,,1,924260,1,0,0,0,0,1165,4657,0,0,0,0,0,0,0,0,0,0,0,0,0,0,0,0,0,0,0,0,0,0,0,0
1924280,,1,924280,0,0,0,21000,21001,0,0,0,0,0,0,0,0,0,0,0,0,0,0,0,0,0,0,0,0,4780,4850,0,0,0,0
1924281,,1,924280,2,0,0,0,0,0,0,0,0,7604,7500,0,0,0,0,0,0,14,13000,0,0,0,0,0,0,0,0,0,0,0,0
1924282,,1,924280,1,0,0,0,0,1155,0,0,0,0,0,0,0,0,0,0,0,0,0,0,0,0,0,0,0,0,0,0,0,0,0
1924283,,1,924280,1,0,0,0,0,1156,4659,0,0,0,0,0,0,0,0,0,0,0,0,0,0,0,0,0,0,0,0,0,0,0,0
1924284,,1,924280,1,0,0,0,0,1157,0,0,0,0,0,0,0,0,0,0,0,0,0,0,0,0,0,0,0,0,0,0,0,0,0
1924285,,1,924280,1,0,0,0,0,1158,4659,0,0,0,0,0,0,0,0,0,0,0,0,0,0,0,0,0,0,0,0,0,0,0,0
1924286,,1,924280,1,0,0,0,0,1159,4659,0,0,0,0,0,0,0,0,0,0,0,0,0,0,0,0,0,0,0,0,0,0,0,0
1924287,,1,924280,1,0,0,0,0,1160,4659,0,0,0,0,0,0,0,0,0,0,0,0,0,0,0,0,0,0,0,0,0,0,0,0
1924288,,1,924280,1,0,0,0,0,1161,4659,0,0,0,0,0,0,0,0,0,0,0,0,0,0,0,0,0,0,0,0,0,0,0,0
1924289,,1,924280,1,0,0,0,0,1162,4659,0,0,0,0,0,0,0,0,0,0,0,0,0,0,0,0,0,0,0,0,0,0,0,0
1924290,,1,924280,1,0,0,0,0,1163,4659,0,0,0,0,0,0,0,0,0,0,0,0,0,0,0,0,0,0,0,0,0,0,0,0
1924291,,1,924280,1,0,0,0,0,1164,4659,0,0,0,0,0,0,0,0,0,0,0,0,0,0,0,0,0,0,0,0,0,0,0,0
1924292,,1,924280,1,0,0,0,0,1165,4659,0,0,0,0,0,0,0,0,0,0,0,0,0,0,0,0,0,0,0,0,0,0,0,0
1924300,,1,924300,0,0,0,21000,21001,0,0,0,0,0,0,0,0,0,0,0,0,0,0,0,0,0,0,0,0,4780,4850,0,0,0,0
1924301,,1,924300,2,0,0,0,0,0,0,0,0,7604,7500,0,0,0,0,0,0,14,13000,0,0,0,0,0,0,0,0,0,0,0,0
1924302,,1,924300,1,0,0,0,0,1155,0,0,0,0,0,0,0,0,0,0,0,0,0,0,0,0,0,0,0,0,0,0,0,0,0
1924303,,1,924300,1,0,0,0,0,1156,4677,0,0,0,0,0,0,0,0,0,0,0,0,0,0,0,0,0,0,0,0,0,0,0,0
1924304,,1,924300,1,0,0,0,0,1157,0,0,0,0,0,0,0,0,0,0,0,0,0,0,0,0,0,0,0,0,0,0,0,0,0
1924305,,1,924300,1,0,0,0,0,1158,4677,0,0,0,0,0,0,0,0,0,0,0,0,0,0,0,0,0,0,0,0,0,0,0,0
1924306,,1,924300,1,0,0,0,0,1159,4677,0,0,0,0,0,0,0,0,0,0,0,0,0,0,0,0,0,0,0,0,0,0,0,0
1924307,,1,924300,1,0,0,0,0,1160,4677,0,0,0,0,0,0,0,0,0,0,0,0,0,0,0,0,0,0,0,0,0,0,0,0
1924308,,1,924300,1,0,0,0,0,1161,4677,0,0,0,0,0,0,0,0,0,0,0,0,0,0,0,0,0,0,0,0,0,0,0,0
1924309,,1,924300,1,0,0,0,0,1162,4677,0,0,0,0,0,0,0,0,0,0,0,0,0,0,0,0,0,0,0,0,0,0,0,0
1924310,,1,924300,1,0,0,0,0,1163,4677,0,0,0,0,0,0,0,0,0,0,0,0,0,0,0,0,0,0,0,0,0,0,0,0
1924311,,1,924300,1,0,0,0,0,1164,4677,0,0,0,0,0,0,0,0,0,0,0,0,0,0,0,0,0,0,0,0,0,0,0,0
1924312,,1,924300,1,0,0,0,0,1165,4677,0,0,0,0,0,0,0,0,0,0,0,0,0,0,0,0,0,0,0,0,0,0,0,0
1924320,,1,924320,0,0,0,21000,21001,0,0,0,0,0,0,0,0,0,0,0,0,0,0,0,0,0,0,0,0,4780,4850,0,0,0,0
1924321,,1,924320,2,0,0,0,0,0,0,0,0,7604,7500,0,0,0,0,0,0,14,13000,0,0,0,0,0,0,0,0,0,0,0,0
1924322,,1,924320,1,0,0,0,0,1155,0,0,0,0,0,0,0,0,0,0,0,0,0,0,0,0,0,0,0,0,0,0,0,0,0
1924323,,1,924320,1,0,0,0,0,1156,4652,0,0,0,0,0,0,0,0,0,0,0,0,0,0,0,0,0,0,0,0,0,0,0,0
1924324,,1,924320,1,0,0,0,0,1157,0,0,0,0,0,0,0,0,0,0,0,0,0,0,0,0,0,0,0,0,0,0,0,0,0
1924325,,1,924320,1,0,0,0,0,1158,4652,0,0,0,0,0,0,0,0,0,0,0,0,0,0,0,0,0,0,0,0,0,0,0,0
1924326,,1,924320,1,0,0,0,0,1159,4652,0,0,0,0,0,0,0,0,0,0,0,0,0,0,0,0,0,0,0,0,0,0,0,0
1924327,,1,924320,1,0,0,0,0,1160,4652,0,0,0,0,0,0,0,0,0,0,0,0,0,0,0,0,0,0,0,0,0,0,0,0
1924328,,1,924320,1,0,0,0,0,1161,4652,0,0,0,0,0,0,0,0,0,0,0,0,0,0,0,0,0,0,0,0,0,0,0,0
1924329,,1,924320,1,0,0,0,0,1162,4652,0,0,0,0,0,0,0,0,0,0,0,0,0,0,0,0,0,0,0,0,0,0,0,0
1924330,,1,924320,1,0,0,0,0,1163,4652,0,0,0,0,0,0,0,0,0,0,0,0,0,0,0,0,0,0,0,0,0,0,0,0
1924331,,1,924320,1,0,0,0,0,1164,4652,0,0,0,0,0,0,0,0,0,0,0,0,0,0,0,0,0,0,0,0,0,0,0,0
1924332,,1,924320,1,0,0,0,0,1165,4652,0,0,0,0,0,0,0,0,0,0,0,0,0,0,0,0,0,0,0,0,0,0,0,0
1924340,,1,924340,0,0,0,21000,21001,0,0,0,0,0,0,0,0,0,0,0,0,0,0,0,0,0,0,0,0,4780,4850,0,0,0,0
1924341,,1,924340,2,0,0,0,0,0,0,0,0,7604,7500,0,0,0,0,0,0,14,13000,0,0,0,0,0,0,0,0,0,0,0,0
1924342,,1,924340,1,0,0,0,0,1155,0,0,0,0,0,0,0,0,0,0,0,0,0,0,0,0,0,0,0,0,0,0,0,0,0
1924343,,1,924340,1,0,0,0,0,1156,4653,0,0,0,0,0,0,0,0,0,0,0,0,0,0,0,0,0,0,0,0,0,0,0,0
1924344,,1,924340,1,0,0,0,0,1157,0,0,0,0,0,0,0,0,0,0,0,0,0,0,0,0,0,0,0,0,0,0,0,0,0
1924345,,1,924340,1,0,0,0,0,1158,4653,0,0,0,0,0,0,0,0,0,0,0,0,0,0,0,0,0,0,0,0,0,0,0,0
1924346,,1,924340,1,0,0,0,0,1159,4653,0,0,0,0,0,0,0,0,0,0,0,0,0,0,0,0,0,0,0,0,0,0,0,0
1924347,,1,924340,1,0,0,0,0,1160,4653,0,0,0,0,0,0,0,0,0,0,0,0,0,0,0,0,0,0,0,0,0,0,0,0
1924348,,1,924340,1,0,0,0,0,1161,4653,0,0,0,0,0,0,0,0,0,0,0,0,0,0,0,0,0,0,0,0,0,0,0,0
1924349,,1,924340,1,0,0,0,0,1162,4653,0,0,0,0,0,0,0,0,0,0,0,0,0,0,0,0,0,0,0,0,0,0,0,0
1924350,,1,924340,1,0,0,0,0,1163,4653,0,0,0,0,0,0,0,0,0,0,0,0,0,0,0,0,0,0,0,0,0,0,0,0
1924351,,1,924340,1,0,0,0,0,1164,4653,0,0,0,0,0,0,0,0,0,0,0,0,0,0,0,0,0,0,0,0,0,0,0,0
1924352,,1,924340,1,0,0,0,0,1165,4653,0,0,0,0,0,0,0,0,0,0,0,0,0,0,0,0,0,0,0,0,0,0,0,0
1924360,,1,924360,0,0,0,21000,21001,0,0,0,0,0,0,0,0,0,0,0,0,0,0,0,0,0,0,0,0,4780,4850,0,0,0,0
1924361,,1,924360,2,0,0,0,0,0,0,0,0,7604,7500,0,0,0,0,0,0,14,13000,0,0,0,0,0,0,0,0,0,0,0,0
1924362,,1,924360,1,0,0,0,0,1155,0,0,0,0,0,0,0,0,0,0,0,0,0,0,0,0,0,0,0,0,0,0,0,0,0
1924363,,1,924360,1,0,0,0,0,1156,4654,0,0,0,0,0,0,0,0,0,0,0,0,0,0,0,0,0,0,0,0,0,0,0,0
1924364,,1,924360,1,0,0,0,0,1157,0,0,0,0,0,0,0,0,0,0,0,0,0,0,0,0,0,0,0,0,0,0,0,0,0
1924365,,1,924360,1,0,0,0,0,1158,4654,0,0,0,0,0,0,0,0,0,0,0,0,0,0,0,0,0,0,0,0,0,0,0,0
1924366,,1,924360,1,0,0,0,0,1159,4654,0,0,0,0,0,0,0,0,0,0,0,0,0,0,0,0,0,0,0,0,0,0,0,0
1924367,,1,924360,1,0,0,0,0,1160,4654,0,0,0,0,0,0,0,0,0,0,0,0,0,0,0,0,0,0,0,0,0,0,0,0
1924368,,1,924360,1,0,0,0,0,1161,4654,0,0,0,0,0,0,0,0,0,0,0,0,0,0,0,0,0,0,0,0,0,0,0,0
1924369,,1,924360,1,0,0,0,0,1162,4654,0,0,0,0,0,0,0,0,0,0,0,0,0,0,0,0,0,0,0,0,0,0,0,0
1924370,,1,924360,1,0,0,0,0,1163,4654,0,0,0,0,0,0,0,0,0,0,0,0,0,0,0,0,0,0,0,0,0,0,0,0
1924371,,1,924360,1,0,0,0,0,1164,4654,0,0,0,0,0,0,0,0,0,0,0,0,0,0,0,0,0,0,0,0,0,0,0,0
1924372,,1,924360,1,0,0,0,0,1165,4654,0,0,0,0,0,0,0,0,0,0,0,0,0,0,0,0,0,0,0,0,0,0,0,0
1924380,,1,924380,0,0,0,21000,21001,0,0,0,0,0,0,0,0,0,0,0,0,0,0,0,0,0,0,0,0,4780,4850,0,0,0,0
1924381,,1,924380,2,0,0,0,0,0,0,0,0,7604,7500,0,0,0,0,0,0,14,13000,0,0,0,0,0,0,0,0,0,0,0,0
1924382,,1,924380,1,0,0,0,0,1155,0,0,0,0,0,0,0,0,0,0,0,0,0,0,0,0,0,0,0,0,0,0,0,0,0
1924383,,1,924380,1,0,0,0,0,1156,4656,0,0,0,0,0,0,0,0,0,0,0,0,0,0,0,0,0,0,0,0,0,0,0,0
1924384,,1,924380,1,0,0,0,0,1157,0,0,0,0,0,0,0,0,0,0,0,0,0,0,0,0,0,0,0,0,0,0,0,0,0
1924385,,1,924380,1,0,0,0,0,1158,4656,0,0,0,0,0,0,0,0,0,0,0,0,0,0,0,0,0,0,0,0,0,0,0,0
1924386,,1,924380,1,0,0,0,0,1159,4656,0,0,0,0,0,0,0,0,0,0,0,0,0,0,0,0,0,0,0,0,0,0,0,0
1924387,,1,924380,1,0,0,0,0,1160,4656,0,0,0,0,0,0,0,0,0,0,0,0,0,0,0,0,0,0,0,0,0,0,0,0
1924388,,1,924380,1,0,0,0,0,1161,4656,0,0,0,0,0,0,0,0,0,0,0,0,0,0,0,0,0,0,0,0,0,0,0,0
1924389,,1,924380,1,0,0,0,0,1162,4656,0,0,0,0,0,0,0,0,0,0,0,0,0,0,0,0,0,0,0,0,0,0,0,0
1924390,,1,924380,1,0,0,0,0,1163,4656,0,0,0,0,0,0,0,0,0,0,0,0,0,0,0,0,0,0,0,0,0,0,0,0
1924391,,1,924380,1,0,0,0,0,1164,4656,0,0,0,0,0,0,0,0,0,0,0,0,0,0,0,0,0,0,0,0,0,0,0,0
1924392,,1,924380,1,0,0,0,0,1165,4656,0,0,0,0,0,0,0,0,0,0,0,0,0,0,0,0,0,0,0,0,0,0,0,0
1924400,,1,924400,0,0,0,21000,21001,0,0,0,0,0,0,0,0,0,0,0,0,0,0,0,0,0,0,0,0,4780,4850,0,0,0,0
1924401,,1,924400,2,0,0,0,0,0,0,0,0,7604,7500,0,0,0,0,0,0,14,13000,0,0,0,0,0,0,0,0,0,0,0,0
1924402,,1,924400,1,0,0,0,0,1155,0,0,0,0,0,0,0,0,0,0,0,0,0,0,0,0,0,0,0,0,0,0,0,0,0
1924403,,1,924400,1,0,0,0,0,1156,4667,0,0,0,0,0,0,0,0,0,0,0,0,0,0,0,0,0,0,0,0,0,0,0,0
1924404,,1,924400,1,0,0,0,0,1157,0,0,0,0,0,0,0,0,0,0,0,0,0,0,0,0,0,0,0,0,0,0,0,0,0
1924405,,1,924400,1,0,0,0,0,1158,4667,0,0,0,0,0,0,0,0,0,0,0,0,0,0,0,0,0,0,0,0,0,0,0,0
1924406,,1,924400,1,0,0,0,0,1159,4667,0,0,0,0,0,0,0,0,0,0,0,0,0,0,0,0,0,0,0,0,0,0,0,0
1924407,,1,924400,1,0,0,0,0,1160,4667,0,0,0,0,0,0,0,0,0,0,0,0,0,0,0,0,0,0,0,0,0,0,0,0
1924408,,1,924400,1,0,0,0,0,1161,4667,0,0,0,0,0,0,0,0,0,0,0,0,0,0,0,0,0,0,0,0,0,0,0,0
1924409,,1,924400,1,0,0,0,0,1162,4667,0,0,0,0,0,0,0,0,0,0,0,0,0,0,0,0,0,0,0,0,0,0,0,0
1924410,,1,924400,1,0,0,0,0,1163,4667,0,0,0,0,0,0,0,0,0,0,0,0,0,0,0,0,0,0,0,0,0,0,0,0
1924411,,1,924400,1,0,0,0,0,1164,4667,0,0,0,0,0,0,0,0,0,0,0,0,0,0,0,0,0,0,0,0,0,0,0,0
1924412,,1,924400,1,0,0,0,0,1165,4667,0,0,0,0,0,0,0,0,0,0,0,0,0,0,0,0,0,0,0,0,0,0,0,0
1924420,,1,924420,0,0,0,21000,21001,0,0,0,0,0,0,0,0,0,0,0,0,0,0,0,0,0,0,0,0,4780,4850,0,0,0,0
1924421,,1,924420,2,0,0,0,0,0,0,0,0,7604,7500,0,0,0,0,0,0,14,13000,0,0,0,0,0,0,0,0,0,0,0,0
1924422,,1,924420,1,0,0,0,0,1155,0,0,0,0,0,0,0,0,0,0,0,0,0,0,0,0,0,0,0,0,0,0,0,0,0
1924423,,1,924420,1,0,0,0,0,1156,4674,0,0,0,0,0,0,0,0,0,0,0,0,0,0,0,0,0,0,0,0,0,0,0,0
1924424,,1,924420,1,0,0,0,0,1157,0,0,0,0,0,0,0,0,0,0,0,0,0,0,0,0,0,0,0,0,0,0,0,0,0
1924425,,1,924420,1,0,0,0,0,1158,4674,0,0,0,0,0,0,0,0,0,0,0,0,0,0,0,0,0,0,0,0,0,0,0,0
1924426,,1,924420,1,0,0,0,0,1159,4674,0,0,0,0,0,0,0,0,0,0,0,0,0,0,0,0,0,0,0,0,0,0,0,0
1924427,,1,924420,1,0,0,0,0,1160,4674,0,0,0,0,0,0,0,0,0,0,0,0,0,0,0,0,0,0,0,0,0,0,0,0
1924428,,1,924420,1,0,0,0,0,1161,4674,0,0,0,0,0,0,0,0,0,0,0,0,0,0,0,0,0,0,0,0,0,0,0,0
1924429,,1,924420,1,0,0,0,0,1162,4674,0,0,0,0,0,0,0,0,0,0,0,0,0,0,0,0,0,0,0,0,0,0,0,0
1924430,,1,924420,1,0,0,0,0,1163,4674,0,0,0,0,0,0,0,0,0,0,0,0,0,0,0,0,0,0,0,0,0,0,0,0
1924431,,1,924420,1,0,0,0,0,1164,4674,0,0,0,0,0,0,0,0,0,0,0,0,0,0,0,0,0,0,0,0,0,0,0,0
1924432,,1,924420,1,0,0,0,0,1165,4674,0,0,0,0,0,0,0,0,0,0,0,0,0,0,0,0,0,0,0,0,0,0,0,0
1924440,,1,924440,0,0,0,21000,21001,0,0,0,0,0,0,0,0,0,0,0,0,0,0,0,0,0,0,0,0,4780,4850,0,0,0,0
1924441,,1,924440,2,0,0,0,0,0,0,0,0,7604,7500,0,0,0,0,0,0,14,13000,0,0,0,0,0,0,0,0,0,0,0,0
1924442,,1,924440,1,0,0,0,0,1155,0,0,0,0,0,0,0,0,0,0,0,0,0,0,0,0,0,0,0,0,0,0,0,0,0
1924443,,1,924440,1,0,0,0,0,1156,4664,0,0,0,0,0,0,0,0,0,0,0,0,0,0,0,0,0,0,0,0,0,0,0,0
1924444,,1,924440,1,0,0,0,0,1157,0,0,0,0,0,0,0,0,0,0,0,0,0,0,0,0,0,0,0,0,0,0,0,0,0
1924445,,1,924440,1,0,0,0,0,1158,4664,0,0,0,0,0,0,0,0,0,0,0,0,0,0,0,0,0,0,0,0,0,0,0,0
1924446,,1,924440,1,0,0,0,0,1159,4664,0,0,0,0,0,0,0,0,0,0,0,0,0,0,0,0,0,0,0,0,0,0,0,0
1924447,,1,924440,1,0,0,0,0,1160,4664,0,0,0,0,0,0,0,0,0,0,0,0,0,0,0,0,0,0,0,0,0,0,0,0
1924448,,1,924440,1,0,0,0,0,1161,4664,0,0,0,0,0,0,0,0,0,0,0,0,0,0,0,0,0,0,0,0,0,0,0,0
1924449,,1,924440,1,0,0,0,0,1162,4664,0,0,0,0,0,0,0,0,0,0,0,0,0,0,0,0,0,0,0,0,0,0,0,0
1924450,,1,924440,1,0,0,0,0,1163,4664,0,0,0,0,0,0,0,0,0,0,0,0,0,0,0,0,0,0,0,0,0,0,0,0
1924451,,1,924440,1,0,0,0,0,1164,4664,0,0,0,0,0,0,0,0,0,0,0,0,0,0,0,0,0,0,0,0,0,0,0,0
1924452,,1,924440,1,0,0,0,0,1165,4664,0,0,0,0,0,0,0,0,0,0,0,0,0,0,0,0,0,0,0,0,0,0,0,0
1924460,,1,924460,0,0,0,21000,21001,0,0,0,0,0,0,0,0,0,0,0,0,0,0,0,0,0,0,0,0,4780,4850,0,0,0,0
1924461,,1,924460,2,0,0,0,0,0,0,0,0,7604,7500,0,0,0,0,0,0,14,13000,0,0,0,0,0,0,0,0,0,0,0,0
1924462,,1,924460,1,0,0,0,0,1155,0,0,0,0,0,0,0,0,0,0,0,0,0,0,0,0,0,0,0,0,0,0,0,0,0
1924463,,1,924460,1,0,0,0,0,1156,4663,0,0,0,0,0,0,0,0,0,0,0,0,0,0,0,0,0,0,0,0,0,0,0,0
1924464,,1,924460,1,0,0,0,0,1157,0,0,0,0,0,0,0,0,0,0,0,0,0,0,0,0,0,0,0,0,0,0,0,0,0
1924465,,1,924460,1,0,0,0,0,1158,4663,0,0,0,0,0,0,0,0,0,0,0,0,0,0,0,0,0,0,0,0,0,0,0,0
1924466,,1,924460,1,0,0,0,0,1159,4663,0,0,0,0,0,0,0,0,0,0,0,0,0,0,0,0,0,0,0,0,0,0,0,0
1924467,,1,924460,1,0,0,0,0,1160,4663,0,0,0,0,0,0,0,0,0,0,0,0,0,0,0,0,0,0,0,0,0,0,0,0
1924468,,1,924460,1,0,0,0,0,1161,4663,0,0,0,0,0,0,0,0,0,0,0,0,0,0,0,0,0,0,0,0,0,0,0,0
1924469,,1,924460,1,0,0,0,0,1162,4663,0,0,0,0,0,0,0,0,0,0,0,0,0,0,0,0,0,0,0,0,0,0,0,0
1924470,,1,924460,1,0,0,0,0,1163,4663,0,0,0,0,0,0,0,0,0,0,0,0,0,0,0,0,0,0,0,0,0,0,0,0
1924471,,1,924460,1,0,0,0,0,1164,4663,0,0,0,0,0,0,0,0,0,0,0,0,0,0,0,0,0,0,0,0,0,0,0,0
1924472,,1,924460,1,0,0,0,0,1165,4663,0,0,0,0,0,0,0,0,0,0,0,0,0,0,0,0,0,0,0,0,0,0,0,0
1924480,,1,924480,0,0,0,21000,21001,0,0,0,0,0,0,0,0,0,0,0,0,0,0,0,0,0,0,0,0,4780,4850,0,0,0,0
1924481,,1,924480,2,0,0,0,0,0,0,0,0,7604,7500,0,0,0,0,0,0,14,13000,0,0,0,0,0,0,0,0,0,0,0,0
1924482,,1,924480,1,0,0,0,0,1155,0,0,0,0,0,0,0,0,0,0,0,0,0,0,0,0,0,0,0,0,0,0,0,0,0
1924483,,1,924480,1,0,0,0,0,1156,4666,0,0,0,0,0,0,0,0,0,0,0,0,0,0,0,0,0,0,0,0,0,0,0,0
1924484,,1,924480,1,0,0,0,0,1157,0,0,0,0,0,0,0,0,0,0,0,0,0,0,0,0,0,0,0,0,0,0,0,0,0
1924485,,1,924480,1,0,0,0,0,1158,4666,0,0,0,0,0,0,0,0,0,0,0,0,0,0,0,0,0,0,0,0,0,0,0,0
1924486,,1,924480,1,0,0,0,0,1159,4666,0,0,0,0,0,0,0,0,0,0,0,0,0,0,0,0,0,0,0,0,0,0,0,0
1924487,,1,924480,1,0,0,0,0,1160,4666,0,0,0,0,0,0,0,0,0,0,0,0,0,0,0,0,0,0,0,0,0,0,0,0
1924488,,1,924480,1,0,0,0,0,1161,4666,0,0,0,0,0,0,0,0,0,0,0,0,0,0,0,0,0,0,0,0,0,0,0,0
1924489,,1,924480,1,0,0,0,0,1162,4666,0,0,0,0,0,0,0,0,0,0,0,0,0,0,0,0,0,0,0,0,0,0,0,0
1924490,,1,924480,1,0,0,0,0,1163,4666,0,0,0,0,0,0,0,0,0,0,0,0,0,0,0,0,0,0,0,0,0,0,0,0
1924491,,1,924480,1,0,0,0,0,1164,4666,0,0,0,0,0,0,0,0,0,0,0,0,0,0,0,0,0,0,0,0,0,0,0,0
1924492,,1,924480,1,0,0,0,0,1165,4666,0,0,0,0,0,0,0,0,0,0,0,0,0,0,0,0,0,0,0,0,0,0,0,0
1924500,,1,924500,0,0,0,21000,21001,0,0,0,0,0,0,0,0,0,0,0,0,0,0,0,0,0,0,0,0,4780,4850,0,0,0,0
1924501,,1,924500,2,0,0,0,0,0,0,0,0,7604,7500,0,0,0,0,0,0,14,13000,0,0,0,0,0,0,0,0,0,0,0,0
1924502,,1,924500,1,0,0,0,0,1155,0,0,0,0,0,0,0,0,0,0,0,0,0,0,0,0,0,0,0,0,0,0,0,0,0
1924503,,1,924500,1,0,0,0,0,1156,4668,0,0,0,0,0,0,0,0,0,0,0,0,0,0,0,0,0,0,0,0,0,0,0,0
1924504,,1,924500,1,0,0,0,0,1157,0,0,0,0,0,0,0,0,0,0,0,0,0,0,0,0,0,0,0,0,0,0,0,0,0
1924505,,1,924500,1,0,0,0,0,1158,4668,0,0,0,0,0,0,0,0,0,0,0,0,0,0,0,0,0,0,0,0,0,0,0,0
1924506,,1,924500,1,0,0,0,0,1159,4668,0,0,0,0,0,0,0,0,0,0,0,0,0,0,0,0,0,0,0,0,0,0,0,0
1924507,,1,924500,1,0,0,0,0,1160,4668,0,0,0,0,0,0,0,0,0,0,0,0,0,0,0,0,0,0,0,0,0,0,0,0
1924508,,1,924500,1,0,0,0,0,1161,4668,0,0,0,0,0,0,0,0,0,0,0,0,0,0,0,0,0,0,0,0,0,0,0,0
1924509,,1,924500,1,0,0,0,0,1162,4668,0,0,0,0,0,0,0,0,0,0,0,0,0,0,0,0,0,0,0,0,0,0,0,0
1924510,,1,924500,1,0,0,0,0,1163,4668,0,0,0,0,0,0,0,0,0,0,0,0,0,0,0,0,0,0,0,0,0,0,0,0
1924511,,1,924500,1,0,0,0,0,1164,4668,0,0,0,0,0,0,0,0,0,0,0,0,0,0,0,0,0,0,0,0,0,0,0,0
1924512,,1,924500,1,0,0,0,0,1165,4668,0,0,0,0,0,0,0,0,0,0,0,0,0,0,0,0,0,0,0,0,0,0,0,0
1924520,,1,924520,0,0,0,21000,21001,0,0,0,0,0,0,0,0,0,0,0,0,0,0,0,0,0,0,0,0,4780,4850,0,0,0,0
1924521,,1,924520,2,0,0,0,0,0,0,0,0,7604,7500,0,0,0,0,0,0,14,13000,0,0,0,0,0,0,0,0,0,0,0,0
1924522,,1,924520,1,0,0,0,0,1155,0,0,0,0,0,0,0,0,0,0,0,0,0,0,0,0,0,0,0,0,0,0,0,0,0
1924523,,1,924520,1,0,0,0,0,1156,4658,0,0,0,0,0,0,0,0,0,0,0,0,0,0,0,0,0,0,0,0,0,0,0,0
1924524,,1,924520,1,0,0,0,0,1157,0,0,0,0,0,0,0,0,0,0,0,0,0,0,0,0,0,0,0,0,0,0,0,0,0
1924525,,1,924520,1,0,0,0,0,1158,4658,0,0,0,0,0,0,0,0,0,0,0,0,0,0,0,0,0,0,0,0,0,0,0,0
1924526,,1,924520,1,0,0,0,0,1159,4658,0,0,0,0,0,0,0,0,0,0,0,0,0,0,0,0,0,0,0,0,0,0,0,0
1924527,,1,924520,1,0,0,0,0,1160,4658,0,0,0,0,0,0,0,0,0,0,0,0,0,0,0,0,0,0,0,0,0,0,0,0
1924528,,1,924520,1,0,0,0,0,1161,4658,0,0,0,0,0,0,0,0,0,0,0,0,0,0,0,0,0,0,0,0,0,0,0,0
1924529,,1,924520,1,0,0,0,0,1162,4658,0,0,0,0,0,0,0,0,0,0,0,0,0,0,0,0,0,0,0,0,0,0,0,0
1924530,,1,924520,1,0,0,0,0,1163,4658,0,0,0,0,0,0,0,0,0,0,0,0,0,0,0,0,0,0,0,0,0,0,0,0
1924531,,1,924520,1,0,0,0,0,1164,4658,0,0,0,0,0,0,0,0,0,0,0,0,0,0,0,0,0,0,0,0,0,0,0,0
1924532,,1,924520,1,0,0,0,0,1165,4658,0,0,0,0,0,0,0,0,0,0,0,0,0,0,0,0,0,0,0,0,0,0,0,0
1925000,,1,925000,0,0,0,1000,1001,0,0,0,0,0,0,0,0,0,0,0,0,0,0,0,0,0,0,0,0,0,0,0,0,0,0
1925001,,1,925000,1,0,1,0,0,100,5000,0,1,0,0,0,0,0,0,0,0,0,0,0,0,0,0,0,0,0,0,100,200,0,0
1925002,,1,925000,1,0,1,0,0,101,5001,0,1,0,0,0,0,0,0,0,0,0,0,0,0,0,0,0,0,0,0,100,200,0,0
1925005,,1,925005,0,0,0,1000,1001,0,0,0,0,0,0,0,0,0,0,0,0,0,0,0,0,0,0,0,0,0,0,0,0,0,0
1925006,,1,925005,1,0,1,0,0,100,5002,0,0,0,0,0,0,0,0,0,0,0,0,0,0,0,0,0,0,0,0,100,200,0,0
1925007,,1,925005,1,0,1,0,0,101,5003,0,0,0,0,0,0,0,0,0,0,0,0,0,0,0,0,0,0,0,0,700,200,0,0
1925010,,1,925010,0,0,0,1000,1001,0,0,0,0,0,0,0,0,0,0,0,0,0,0,0,0,0,0,0,0,0,0,0,0,0,0
1925011,,1,925010,1,0,1,0,0,100,5004,0,0,0,0,0,0,0,0,0,0,0,0,0,0,0,0,0,0,0,0,800,400,0,0
1925012,,1,925010,1,0,1,0,0,101,5005,0,0,0,0,0,0,0,0,0,0,0,0,0,0,0,0,0,0,0,0,700,200,0,0
1925015,,1,925015,0,0,0,1000,1001,0,0,0,0,0,0,0,0,0,0,0,0,0,0,0,0,0,0,0,0,0,0,0,0,0,0
1925016,,1,925015,1,0,1,0,0,100,5006,0,0,0,0,0,0,0,0,0,0,0,0,0,0,0,0,0,0,0,0,300,700,0,0
1925017,,1,925015,1,0,1,0,0,101,5007,0,0,0,0,0,0,0,0,0,0,0,0,0,0,0,0,0,0,0,0,500,800,0,0
1925020,,1,925020,0,0,0,1000,1001,0,0,0,0,0,0,0,0,0,0,0,0,0,0,0,0,0,0,0,0,0,0,0,0,0,0
1925021,,1,925020,1,0,1,0,0,100,5008,0,0,0,0,0,0,0,0,0,0,0,0,0,0,0,0,0,0,0,0,300,700,0,0
1925050,,1,925050,0,0,0,1000,1001,0,0,0,0,0,0,0,0,0,0,0,0,0,0,0,0,0,0,0,0,0,0,0,0,0,0
1925051,,1,925050,1,0,1,0,0,100,5010,0,0,0,0,0,0,0,0,0,0,0,0,0,0,0,0,0,0,0,0,100,200,0,0
1925052,,1,925050,1,0,1,0,0,101,5010,0,1,0,0,0,0,0,0,0,0,0,0,0,0,0,0,0,0,0,0,100,200,0,0
1925055,,1,925055,0,0,0,1000,1001,0,0,0,0,0,0,0,0,0,0,0,0,0,0,0,0,0,0,0,0,0,0,0,0,0,0
1925056,,1,925055,1,0,1,0,0,100,5010,0,2,0,0,0,0,0,0,0,0,0,0,0,0,0,0,0,0,0,0,100,200,0,0
1925057,,1,925055,1,0,1,0,0,101,5010,0,3,0,0,0,0,0,0,0,0,0,0,0,0,0,0,0,0,0,0,700,200,0,0
1925060,,1,925060,0,0,0,1000,1001,0,0,0,0,0,0,0,0,0,0,0,0,0,0,0,0,0,0,0,0,0,0,0,0,0,0
1925061,,1,925060,1,0,1,0,0,100,5010,0,4,0,0,0,0,0,0,0,0,0,0,0,0,0,0,0,0,0,0,800,400,0,0
1925062,,1,925060,1,0,1,0,0,101,5011,0,2,0,0,0,0,0,0,0,0,0,0,0,0,0,0,0,0,0,0,700,200,0,0
1925065,,1,925065,0,0,0,1000,1001,0,0,0,0,0,0,0,0,0,0,0,0,0,0,0,0,0,0,0,0,0,0,0,0,0,0
1925066,,1,925065,1,0,1,0,0,100,5011,0,3,0,0,0,0,0,0,0,0,0,0,0,0,0,0,0,0,0,0,300,700,0,0
1925067,,1,925065,1,0,1,0,0,101,5011,0,4,0,0,0,0,0,0,0,0,0,0,0,0,0,0,0,0,0,0,500,800,0,0
1925070,,1,925070,0,0,0,1000,1001,0,0,0,0,0,0,0,0,0,0,0,0,0,0,0,0,0,0,0,0,0,0,0,0,0,0
1925071,,1,925070,1,0,1,0,0,100,5011,0,6,0,0,0,0,0,0,0,0,0,0,0,0,0,0,0,0,0,0,300,700,0,0
1925075,,1,925075,0,0,0,1000,1001,0,0,0,0,0,0,0,0,0,0,0,0,0,0,0,0,0,0,0,0,0,0,0,0,0,0
1925076,,1,925075,1,0,1,0,0,100,3000,0,0,0,0,0,0,0,0,0,0,0,0,0,0,0,0,0,0,0,0,1000,0,0,0
1925077,,1,925075,1,0,1,0,0,101,3000,0,1,0,0,0,0,0,0,0,0,0,0,0,0,0,0,0,0,0,0,1100,0,0,0
1925100,,1,925100,0,0,0,1000,1001,0,0,0,0,0,0,0,0,0,0,0,0,0,0,0,0,0,0,0,0,0,0,0,0,0,0
1925101,,1,925100,2,0,0,0,0,0,0,0,0,7604,0,0,0,0,0,0,0,14,0,0,0,0,0,0,0,0,0,0,0,0,0
1925102,,1,925100,1,0,1,0,0,1107,5240,0,0,0,0,0,0,0,0,0,0,0,0,0,0,0,0,0,0,0,0,100,200,0,0
1925103,,1,925100,1,0,1,0,0,1108,5245,0,0,0,0,0,0,0,0,0,0,0,0,0,0,0,0,0,0,0,0,100,200,0,0
1925105,,1,925105,0,0,0,1000,1001,0,0,0,0,0,0,0,0,0,0,0,0,0,0,0,0,0,0,0,0,0,0,0,0,0,0
1925106,,1,925105,2,0,0,0,0,0,0,0,0,7604,0,0,0,0,0,0,0,14,0,0,0,0,0,0,0,0,0,0,0,0,0
1925107,,1,925105,1,0,1,0,0,1109,5250,0,0,0,0,0,0,0,0,0,0,0,0,0,0,0,0,0,0,0,0,100,200,0,0
1925108,,1,925105,1,0,1,0,0,1110,5255,0,0,0,0,0,0,0,0,0,0,0,0,0,0,0,0,0,0,0,0,100,200,0,0
1925110,,1,925110,0,0,0,1000,1001,0,0,0,0,0,0,0,0,0,0,0,0,0,0,0,0,0,0,0,0,0,0,0,0,0,0
1925111,,1,925110,2,0,0,0,0,0,0,0,0,7604,0,0,0,0,0,0,0,14,0,0,0,0,0,0,0,0,0,0,0,0,0
1925112,,1,925110,1,0,1,0,0,1107,5241,0,0,0,0,0,0,0,0,0,0,0,0,0,0,0,0,0,0,0,0,100,200,0,0
1925113,,1,925110,1,0,1,0,0,1108,5246,0,0,0,0,0,0,0,0,0,0,0,0,0,0,0,0,0,0,0,0,100,200,0,0
1925115,,1,925115,0,0,0,1000,1001,0,0,0,0,0,0,0,0,0,0,0,0,0,0,0,0,0,0,0,0,0,0,0,0,0,0
1925116,,1,925115,2,0,0,0,0,0,0,0,0,7604,0,0,0,0,0,0,0,14,0,0,0,0,0,0,0,0,0,0,0,0,0
1925117,,1,925115,1,0,1,0,0,1109,5251,0,0,0,0,0,0,0,0,0,0,0,0,0,0,0,0,0,0,0,0,100,200,0,0
1925118,,1,925115,1,0,1,0,0,1110,5256,0,0,0,0,0,0,0,0,0,0,0,0,0,0,0,0,0,0,0,0,100,200,0,0
1925120,,1,925120,0,0,0,1000,1001,0,0,0,0,0,0,0,0,0,0,0,0,0,0,0,0,0,0,0,0,0,0,0,0,0,0
1925121,,1,925120,2,0,0,0,0,0,0,0,0,7604,0,0,0,0,0,0,0,14,0,0,0,0,0,0,0,0,0,0,0,0,0
1925122,,1,925120,1,0,1,0,0,1107,5242,0,0,0,0,0,0,0,0,0,0,0,0,0,0,0,0,0,0,0,0,100,200,0,0
1925123,,1,925120,1,0,1,0,0,1108,5247,0,0,0,0,0,0,0,0,0,0,0,0,0,0,0,0,0,0,0,0,100,200,0,0
1925125,,1,925125,0,0,0,1000,1001,0,0,0,0,0,0,0,0,0,0,0,0,0,0,0,0,0,0,0,0,0,0,0,0,0,0
1925126,,1,925125,2,0,0,0,0,0,0,0,0,7604,0,0,0,0,0,0,0,14,0,0,0,0,0,0,0,0,0,0,0,0,0
1925127,,1,925125,1,0,1,0,0,1109,5252,0,0,0,0,0,0,0,0,0,0,0,0,0,0,0,0,0,0,0,0,100,200,0,0
1925128,,1,925125,1,0,1,0,0,1110,5257,0,0,0,0,0,0,0,0,0,0,0,0,0,0,0,0,0,0,0,0,100,200,0,0
