ID,Name,midstSfxId,midstSeId,initSfxId,initSeId,finishSfxId,finishSeId,camouflageBeginDist,camouflageEndDist,transformProtectorId,midstDmyId,initDmyId,finishDmyId,effectType,soulParamIdForWepEnchant,playCategory,playPriority,existEffectForLarge,existEffectForSoul,effectInvisibleAtCamouflage,useCamouflage,invisibleAtFriendCamouflage,isHideFootEffect_forCamouflage,halfCamouflage,isFullBodyTransformProtectorId,isInvisibleWeapon,isSilence,isMidstFullbody,isInitFullbody,isFinishFullbody,isVisibleDeadChr,isUseOffsetEnchantSfxSize,pad_1,decalId1,decalId2,footEffectPriority,footEffectOffset,traceSfxIdOffsetType,forceDeceasedType,enchantStartDmyId_0,enchantEndDmyId_0,enchantStartDmyId_1,enchantEndDmyId_1,enchantStartDmyId_2,enchantEndDmyId_2,enchantStartDmyId_3,enchantEndDmyId_3,enchantStartDmyId_4,enchantEndDmyId_4,enchantStartDmyId_5,enchantEndDmyId_5,enchantStartDmyId_6,enchantEndDmyId_6,enchantStartDmyId_7,enchantEndDmyId_7,SfxIdOffsetType,phantomParamOverwriteType,camouflageMinAlpha,wetAspectType,phantomParamOverwriteId,materialParamId,materialParamInitValue,materialParamTargetValue,materialParamFadeTime,footDecalMaterialOffsetOverwriteId,unknown_1,overlayMaterialParamId,pad_old,
0,,-1,-1,-1,-1,-1,-1,-1,-1,-1,-1,-1,-1,0,0,0,0,0,0,0,0,0,0,0,0,0,0,0,0,0,0,0,0,-1,-1,0,0,0,0,-1,-1,-1,-1,-1,-1,-1,-1,-1,-1,-1,-1,-1,-1,-1,-1,0,0,0,0,0,-1,0,0,0,-1,0,-1,[0|0|0|0|0|0|0|0]
1,,-1,-1,-1,-1,-1,-1,-1,-1,-1,-1,-1,-1,0,0,0,0,0,0,0,0,0,0,0,0,0,0,0,0,0,0,0,0,-1,-1,0,0,0,0,-1,-1,-1,-1,-1,-1,-1,-1,-1,-1,-1,-1,-1,-1,-1,-1,0,0,0,0,0,-1,0,0,0,-1,0,-1,[0|0|0|0|0|0|0|0]
2,Poison VFX,4140,-1,-1,-1,-1,-1,-1,-1,-1,905,-1,-1,0,0,4,12,1,0,0,0,0,0,0,0,0,0,0,0,0,0,0,0,-1,-1,0,1,0,0,-1,-1,-1,-1,-1,-1,-1,-1,-1,-1,-1,-1,-1,-1,-1,-1,0,0,0,0,0,-1,0,0,0,-1,0,-1,[0|0|0|0|0|0|0|0]
3,,890,-1,-1,-1,-1,-1,-1,-1,-1,200,-1,-1,0,0,4,3,0,0,0,0,0,0,0,0,0,0,0,0,0,0,0,0,-1,-1,0,0,0,0,-1,-1,-1,-1,-1,-1,-1,-1,-1,-1,-1,-1,-1,-1,-1,-1,0,0,0,0,0,-1,0,0,0,-1,0,-1,[0|0|0|0|0|0|0|0]
4,,815,-1,-1,-1,-1,-1,-1,-1,-1,220,-1,-1,0,0,0,0,1,0,0,0,0,0,0,0,0,0,0,0,0,0,0,0,-1,-1,0,0,0,0,-1,-1,-1,-1,-1,-1,-1,-1,-1,-1,-1,-1,-1,-1,-1,-1,0,0,0,0,0,-1,0,0,0,-1,0,-1,[0|0|0|0|0|0|0|0]
5,Scarlet Rot VFX,4200,-1,-1,-1,-1,-1,-1,-1,-1,905,-1,-1,0,0,4,11,1,0,0,0,0,0,0,0,0,0,0,0,0,0,0,0,-1,-1,0,2,0,0,-1,-1,-1,-1,-1,-1,-1,-1,-1,-1,-1,-1,-1,-1,-1,-1,0,0,0,0,0,-1,0,0,0,-1,0,-1,[0|0|0|0|0|0|0|0]
6,Blood Loss VFX,4080,-1,-1,-1,-1,-1,-1,-1,-1,220,-1,-1,0,0,0,0,1,1,0,0,0,0,0,0,0,0,0,0,0,1,0,0,-1,-1,0,3,0,0,-1,-1,-1,-1,-1,-1,-1,-1,-1,-1,-1,-1,-1,-1,-1,-1,0,0,0,0,0,-1,0,0,0,-1,0,-1,[0|0|0|0|0|0|0|0]
8,,24027,-1,-1,-1,-1,-1,17,12,-1,220,-1,-1,0,0,3,2,0,0,1,1,1,0,1,0,0,0,0,0,0,0,0,0,-1,-1,0,0,0,0,-1,-1,-1,-1,-1,-1,-1,-1,-1,-1,-1,-1,-1,-1,-1,-1,0,0,0,0,0,-1,0,0,0,-1,0,-1,[0|0|0|0|0|0|0|0]
9,,20228,-1,-1,-1,-1,-1,-1,-1,-1,236,-1,-1,0,0,3,53,0,0,0,0,0,0,0,0,0,0,0,0,0,0,0,0,-1,-1,0,0,0,0,-1,-1,-1,-1,-1,-1,-1,-1,-1,-1,-1,-1,-1,-1,-1,-1,0,0,0,0,0,-1,0,0,0,-1,0,-1,[0|0|0|0|0|0|0|0]
10,,-1,-1,-1,-1,-1,-1,-1,-1,-1,-1,-1,-1,0,0,0,0,0,0,0,0,0,0,0,0,0,0,0,0,0,0,0,0,-1,-1,0,0,0,0,-1,-1,-1,-1,-1,-1,-1,-1,-1,-1,-1,-1,-1,-1,-1,-1,0,0,0,0,0,-1,0,0,0,-1,0,-1,[0|0|0|0|0|0|0|0]
11,,-1,-1,-1,-1,-1,-1,-1,-1,-1,-1,-1,-1,0,0,0,0,0,0,0,0,0,0,0,0,0,0,0,0,0,0,0,0,-1,-1,0,0,0,0,-1,-1,-1,-1,-1,-1,-1,-1,-1,-1,-1,-1,-1,-1,-1,-1,0,0,0,0,0,-1,0,0,0,-1,0,-1,[0|0|0|0|0|0|0|0]
12,,-1,-1,-1,-1,-1,-1,-1,-1,-1,-1,-1,-1,0,0,0,0,0,0,0,0,0,0,0,0,0,0,0,0,0,0,0,0,-1,-1,0,0,0,0,-1,-1,-1,-1,-1,-1,-1,-1,-1,-1,-1,-1,-1,-1,-1,-1,0,0,0,0,0,-1,0,0,0,-1,0,-1,[0|0|0|0|0|0|0|0]
13,,-1,-1,-1,-1,-1,-1,-1,-1,-1,-1,-1,-1,0,0,0,0,0,0,0,0,0,0,0,0,0,0,0,0,0,0,0,0,-1,-1,0,0,0,0,-1,-1,-1,-1,-1,-1,-1,-1,-1,-1,-1,-1,-1,-1,-1,-1,0,0,0,0,0,-1,0,0,0,-1,0,-1,[0|0|0|0|0|0|0|0]
14,,22223,-1,-1,-1,-1,-1,-1,-1,-1,200,-1,-1,0,0,0,0,0,0,0,0,0,0,0,0,0,0,0,0,0,0,0,0,-1,-1,0,0,0,0,-1,-1,-1,-1,-1,-1,-1,-1,-1,-1,-1,-1,-1,-1,-1,-1,0,0,0,0,0,-1,0,0,0,-1,0,-1,[0|0|0|0|0|0|0|0]
15,,-1,-1,-1,-1,-1,-1,-1,-1,-1,-1,-1,-1,0,0,0,0,0,0,0,0,0,0,0,0,0,0,0,0,0,0,0,0,-1,-1,0,0,0,0,-1,-1,-1,-1,-1,-1,-1,-1,-1,-1,-1,-1,-1,-1,-1,-1,0,0,0,0,0,-1,0,0,0,-1,0,-1,[0|0|0|0|0|0|0|0]
16,,-1,-1,-1,-1,-1,-1,-1,-1,-1,-1,-1,-1,0,0,0,0,0,0,0,0,0,0,0,0,0,0,0,0,0,0,0,0,-1,-1,0,0,0,0,-1,-1,-1,-1,-1,-1,-1,-1,-1,-1,-1,-1,-1,-1,-1,-1,0,0,0,0,0,-1,0,0,0,-1,0,-1,[0|0|0|0|0|0|0|0]
17,,-1,-1,-1,-1,-1,-1,-1,-1,-1,-1,-1,-1,0,0,0,0,0,0,0,0,0,0,0,0,0,0,0,0,0,0,0,0,-1,-1,0,0,0,0,-1,-1,-1,-1,-1,-1,-1,-1,-1,-1,-1,-1,-1,-1,-1,-1,0,0,0,0,0,-1,0,0,0,-1,0,-1,[0|0|0|0|0|0|0|0]
18,,-1,-1,-1,-1,-1,-1,-1,-1,-1,-1,-1,-1,0,0,0,0,0,0,0,0,0,0,0,0,0,0,0,0,0,0,0,0,-1,-1,0,0,0,0,-1,-1,-1,-1,-1,-1,-1,-1,-1,-1,-1,-1,-1,-1,-1,-1,0,0,0,0,0,-1,0,0,0,-1,0,-1,[0|0|0|0|0|0|0|0]
19,,-1,-1,-1,-1,-1,-1,-1,-1,-1,-1,-1,-1,0,0,3,255,0,0,0,0,0,0,0,0,0,0,0,0,0,0,0,0,-1,-1,0,0,0,0,-1,-1,-1,-1,-1,-1,-1,-1,-1,-1,-1,-1,-1,-1,-1,-1,0,0,0,0,0,-1,0,0,0,-1,0,-1,[0|0|0|0|0|0|0|0]
20,,-1,-1,-1,-1,-1,-1,-1,-1,-1,-1,-1,-1,0,0,3,255,0,0,0,0,0,0,0,0,0,0,0,0,0,0,0,0,-1,-1,0,0,0,0,-1,-1,-1,-1,-1,-1,-1,-1,-1,-1,-1,-1,-1,-1,-1,-1,0,0,0,0,0,-1,0,0,0,-1,0,-1,[0|0|0|0|0|0|0|0]
21,,-1,-1,-1,-1,-1,-1,-1,-1,-1,-1,-1,-1,0,0,3,255,0,0,0,0,0,0,0,0,0,0,0,0,0,0,0,0,-1,-1,0,0,0,0,-1,-1,-1,-1,-1,-1,-1,-1,-1,-1,-1,-1,-1,-1,-1,-1,0,0,0,0,0,-1,0,0,0,-1,0,-1,[0|0|0|0|0|0|0|0]
22,,22122,-1,-1,-1,-1,-1,-1,-1,-1,200,-1,-1,0,0,3,15,0,0,0,0,0,0,0,0,0,0,0,0,0,0,0,0,-1,-1,0,0,0,0,-1,-1,-1,-1,-1,-1,-1,-1,-1,-1,-1,-1,-1,-1,-1,-1,0,0,0,0,0,-1,0,0,0,-1,0,-1,[0|0|0|0|0|0|0|0]
23,,-1,-1,-1,-1,-1,-1,-1,-1,-1,-1,-1,-1,0,0,0,0,0,0,0,0,0,0,0,0,0,0,0,0,0,0,0,0,-1,-1,0,0,0,0,-1,-1,-1,-1,-1,-1,-1,-1,-1,-1,-1,-1,-1,-1,-1,-1,0,0,0,0,0,-1,0,0,0,-1,0,-1,[0|0|0|0|0|0|0|0]
24,,4260,23112,-1,-1,-1,-1,-1,-1,-1,220,-1,-1,0,0,4,21,1,0,0,0,0,0,0,0,0,0,0,0,0,0,0,0,-1,-1,0,0,0,0,-1,-1,-1,-1,-1,-1,-1,-1,-1,-1,-1,-1,-1,-1,-1,-1,0,0,0,0,0,-1,0,0,0,-1,0,-1,[0|0|0|0|0|0|0|0]
25,,-1,-1,-1,-1,-1,-1,-1,-1,-1,-1,-1,-1,0,0,0,0,0,0,0,0,0,0,0,0,0,0,0,0,0,0,0,0,-1,-1,0,0,0,0,-1,-1,-1,-1,-1,-1,-1,-1,-1,-1,-1,-1,-1,-1,-1,-1,0,0,0,0,0,-1,0,0,0,-1,0,-1,[0|0|0|0|0|0|0|0]
26,,-1,-1,-1,-1,-1,-1,-1,-1,-1,-1,-1,-1,0,0,0,0,0,0,0,0,0,0,0,0,0,0,0,0,0,0,0,0,-1,-1,0,0,0,0,-1,-1,-1,-1,-1,-1,-1,-1,-1,-1,-1,-1,-1,-1,-1,-1,0,0,0,0,0,-1,0,0,0,-1,0,-1,[0|0|0|0|0|0|0|0]
27,,-1,-1,-1,-1,-1,-1,-1,-1,-1,-1,-1,-1,0,0,0,0,0,0,0,0,0,0,0,0,0,0,0,0,0,0,0,0,-1,-1,0,0,0,0,-1,-1,-1,-1,-1,-1,-1,-1,-1,-1,-1,-1,-1,-1,-1,-1,0,0,0,0,0,-1,0,0,0,-1,0,-1,[0|0|0|0|0|0|0|0]
28,,523102,523102,-1,-1,-1,-1,-1,-1,-1,18,-1,-1,1,1,0,0,0,0,0,0,0,0,0,0,0,0,0,0,0,0,0,0,-1,-1,0,0,0,0,10300,-1,11300,-1,10310,-1,11310,-1,10320,-1,11320,-1,10330,-1,11330,-1,0,0,0,0,0,-1,0,0,0,-1,0,-1,[0|0|0|0|0|0|0|0]
29,,20252,20004,-1,-1,-1,-1,-1,-1,-1,200,-1,-1,0,0,3,51,0,0,0,0,0,0,0,0,0,0,0,0,0,0,0,0,-1,-1,0,0,0,0,-1,-1,-1,-1,-1,-1,-1,-1,-1,-1,-1,-1,-1,-1,-1,-1,0,0,0,0,0,-1,0,0,0,-1,0,-1,[0|0|0|0|0|0|0|0]
30,,197,-1,-1,-1,-1,-1,-1,-1,-1,200,-1,-1,0,0,4,5,0,0,0,0,0,0,0,0,0,0,0,0,0,0,0,0,-1,-1,0,0,0,0,-1,-1,-1,-1,-1,-1,-1,-1,-1,-1,-1,-1,-1,-1,-1,-1,0,0,0,0,0,-1,0,0,0,-1,0,-1,[0|0|0|0|0|0|0|0]
31,,-1,-1,-1,-1,-1,-1,-1,-1,-1,-1,-1,-1,0,0,0,0,0,0,0,0,0,0,0,0,0,0,0,0,0,0,0,0,-1,-1,0,0,0,0,-1,-1,-1,-1,-1,-1,-1,-1,-1,-1,-1,-1,-1,-1,-1,-1,0,0,0,0,0,-1,0,0,0,-1,0,-1,[0|0|0|0|0|0|0|0]
32,,195,-1,-1,-1,-1,-1,-1,-1,-1,200,-1,-1,0,0,4,6,0,0,0,0,0,0,0,0,0,0,0,0,0,0,0,0,-1,-1,0,0,0,0,-1,-1,-1,-1,-1,-1,-1,-1,-1,-1,-1,-1,-1,-1,-1,-1,0,0,0,0,0,-1,0,0,0,-1,0,-1,[0|0|0|0|0|0|0|0]
33,,196,-1,-1,-1,-1,-1,-1,-1,-1,200,-1,-1,0,0,4,7,0,0,0,0,0,0,0,0,0,0,0,0,0,0,0,0,-1,-1,0,0,0,0,-1,-1,-1,-1,-1,-1,-1,-1,-1,-1,-1,-1,-1,-1,-1,-1,0,0,0,0,0,-1,0,0,0,-1,0,-1,[0|0|0|0|0|0|0|0]
34,,30043,-1,-1,-1,-1,-1,-1,-1,-1,100,-1,-1,0,0,0,0,0,0,0,0,0,0,0,0,0,0,0,0,0,0,0,0,-1,-1,0,0,0,0,-1,-1,-1,-1,-1,-1,-1,-1,-1,-1,-1,-1,-1,-1,-1,-1,0,0,0,0,0,-1,0,0,0,-1,0,-1,[0|0|0|0|0|0|0|0]
35,,30013,-1,-1,-1,-1,-1,-1,-1,-1,104,-1,-1,0,0,0,0,0,0,0,0,0,0,0,0,0,0,0,0,0,0,0,0,-1,-1,0,0,0,0,-1,-1,-1,-1,-1,-1,-1,-1,-1,-1,-1,-1,-1,-1,-1,-1,0,0,0,0,0,-1,0,0,0,-1,0,-1,[0|0|0|0|0|0|0|0]
36,,630731,-1,-1,-1,-1,-1,-1,-1,-1,11,-1,-1,0,0,0,0,0,0,0,0,0,0,0,0,0,0,0,0,0,0,0,0,-1,-1,0,0,0,0,-1,-1,-1,-1,-1,-1,-1,-1,-1,-1,-1,-1,-1,-1,-1,-1,0,0,0,0,0,-1,0,0,0,-1,0,-1,[0|0|0|0|0|0|0|0]
37,,630731,-1,-1,-1,-1,-1,-1,-1,-1,100,-1,-1,0,0,0,0,0,0,0,0,0,0,0,0,0,0,0,0,0,0,0,0,-1,-1,0,0,0,0,-1,-1,-1,-1,-1,-1,-1,-1,-1,-1,-1,-1,-1,-1,-1,-1,0,0,0,0,0,-1,0,0,0,-1,0,-1,[0|0|0|0|0|0|0|0]
38,,-1,-1,-1,-1,-1,-1,-1,-1,-1,-1,-1,-1,0,0,0,0,0,0,0,0,0,0,0,0,0,0,0,0,0,0,0,0,-1,-1,0,0,0,0,-1,-1,-1,-1,-1,-1,-1,-1,-1,-1,-1,-1,-1,-1,-1,-1,0,0,0,0,0,-1,0,0,0,-1,0,-1,[0|0|0|0|0|0|0|0]
39,,-1,-1,-1,-1,-1,-1,-1,-1,-1,-1,-1,-1,0,0,0,0,0,0,0,0,0,0,0,0,0,0,0,0,0,0,0,0,-1,-1,0,0,0,0,-1,-1,-1,-1,-1,-1,-1,-1,-1,-1,-1,-1,-1,-1,-1,-1,0,0,0,0,0,-1,0,0,0,-1,0,-1,[0|0|0|0|0|0|0|0]
40,,20253,20004,-1,-1,-1,-1,-1,-1,-1,200,-1,-1,0,0,3,50,0,0,0,0,0,0,0,0,0,0,0,0,0,0,0,0,-1,-1,0,0,0,0,-1,-1,-1,-1,-1,-1,-1,-1,-1,-1,-1,-1,-1,-1,-1,-1,0,0,0,0,0,-1,0,0,0,-1,0,-1,[0|0|0|0|0|0|0|0]
41,,20211,21112,-1,-1,-1,-1,-1,-1,-1,200,-1,-1,0,0,3,52,0,0,0,0,0,0,0,0,0,0,0,0,0,0,0,0,-1,-1,0,0,0,0,-1,-1,-1,-1,-1,-1,-1,-1,-1,-1,-1,-1,-1,-1,-1,-1,0,0,0,0,0,-1,0,0,0,-1,0,-1,[0|0|0|0|0|0|0|0]
42,,525002,-1,-1,-1,-1,-1,-1,-1,-1,220,-1,-1,0,0,0,0,1,0,0,0,0,0,0,0,0,0,0,0,0,0,0,0,-1,-1,0,0,0,0,-1,-1,-1,-1,-1,-1,-1,-1,-1,-1,-1,-1,-1,-1,-1,-1,0,0,0,0,0,-1,0,0,0,-1,0,-1,[0|0|0|0|0|0|0|0]
43,,16010,-1,-1,-1,-1,-1,-1,-1,-1,200,-1,-1,0,0,0,0,0,0,0,0,0,0,0,0,0,0,0,0,0,0,0,0,-1,-1,0,0,0,0,-1,-1,-1,-1,-1,-1,-1,-1,-1,-1,-1,-1,-1,-1,-1,-1,0,0,0,0,0,-1,0,0,0,-1,0,-1,[0|0|0|0|0|0|0|0]
44,,16011,-1,-1,-1,-1,-1,-1,-1,-1,200,-1,-1,0,0,0,0,0,0,0,0,0,0,0,0,0,0,0,0,0,0,0,0,-1,-1,0,0,0,0,-1,-1,-1,-1,-1,-1,-1,-1,-1,-1,-1,-1,-1,-1,-1,-1,0,0,0,0,0,-1,0,0,0,-1,0,-1,[0|0|0|0|0|0|0|0]
45,,-1,-1,-1,-1,-1,-1,-1,-1,-1,-1,-1,-1,0,0,0,0,0,0,0,0,0,0,0,0,0,0,0,0,0,0,0,0,-1,-1,0,0,0,0,-1,-1,-1,-1,-1,-1,-1,-1,-1,-1,-1,-1,-1,-1,-1,-1,0,0,0,0,0,-1,0,0,0,-1,0,-1,[0|0|0|0|0|0|0|0]
46,,-1,-1,-1,-1,-1,-1,-1,-1,-1,-1,-1,-1,0,0,3,255,0,0,0,0,0,0,0,0,0,0,0,0,0,0,0,0,-1,-1,0,0,0,0,-1,-1,-1,-1,-1,-1,-1,-1,-1,-1,-1,-1,-1,-1,-1,-1,0,0,0,0,0,-1,0,0,0,-1,0,-1,[0|0|0|0|0|0|0|0]
47,,20244,20005,-1,-1,-1,-1,-1,-1,-1,212,-1,-1,0,0,3,255,0,0,0,0,0,0,0,0,0,0,0,0,0,0,0,0,-1,-1,0,0,0,0,-1,-1,-1,-1,-1,-1,-1,-1,-1,-1,-1,-1,-1,-1,-1,-1,0,0,0,0,0,-1,0,0,0,-1,0,-1,[0|0|0|0|0|0|0|0]
48,,24003,-1,-1,-1,-1,-1,-1,-1,-1,220,-1,-1,0,0,3,41,0,0,0,0,0,0,0,0,0,0,0,0,0,0,0,0,-1,-1,0,0,0,0,-1,-1,-1,-1,-1,-1,-1,-1,-1,-1,-1,-1,-1,-1,-1,-1,0,0,0,0,0,-1,0,0,0,-1,0,-1,[0|0|0|0|0|0|0|0]
49,,24004,-1,-1,-1,-1,-1,-1,-1,-1,220,-1,-1,0,0,3,40,0,0,0,0,0,0,0,0,0,0,0,0,0,0,0,0,-1,-1,0,0,0,0,-1,-1,-1,-1,-1,-1,-1,-1,-1,-1,-1,-1,-1,-1,-1,-1,0,0,0,0,0,-1,0,0,0,-1,0,-1,[0|0|0|0|0|0|0|0]
50,,525042,-1,525006,-1,-1,-1,-1,-1,-1,220,220,-1,0,0,3,90,0,0,0,0,0,0,0,0,0,0,0,0,0,0,0,0,-1,-1,0,0,0,0,-1,-1,-1,-1,-1,-1,-1,-1,-1,-1,-1,-1,-1,-1,-1,-1,0,0,0,0,0,-1,0,0,0,-1,0,-1,[0|0|0|0|0|0|0|0]
51,,-1,-1,-1,-1,-1,-1,-1,-1,-1,-1,-1,-1,0,0,0,0,0,0,0,0,0,0,0,0,0,0,0,0,0,0,0,0,-1,-1,0,0,0,0,-1,-1,-1,-1,-1,-1,-1,-1,-1,-1,-1,-1,-1,-1,-1,-1,0,0,0,0,0,-1,0,0,0,-1,0,-1,[0|0|0|0|0|0|0|0]
52,,24012,-1,-1,-1,-1,-1,-1,-1,-1,220,-1,-1,0,0,3,91,0,0,0,0,0,0,0,0,0,0,0,0,0,0,0,0,-1,-1,0,0,0,0,-1,-1,-1,-1,-1,-1,-1,-1,-1,-1,-1,-1,-1,-1,-1,-1,0,0,0,0,0,-1,0,0,0,-1,0,-1,[0|0|0|0|0|0|0|0]
53,,24030,-1,-1,-1,-1,-1,-1,-1,-1,200,-1,-1,0,0,3,5,0,0,1,1,1,0,1,0,0,0,0,0,0,0,0,0,-1,-1,0,0,0,0,-1,-1,-1,-1,-1,-1,-1,-1,-1,-1,-1,-1,-1,-1,-1,-1,0,0,0,0,0,-1,0,0,0,-1,0,-1,[0|0|0|0|0|0|0|0]
54,,20208,-1,-1,-1,-1,-1,-1,-1,-1,212,-1,-1,0,0,3,180,0,0,0,0,0,0,0,0,0,1,0,0,0,0,0,0,-1,-1,0,0,0,0,-1,-1,-1,-1,-1,-1,-1,-1,-1,-1,-1,-1,-1,-1,-1,-1,0,0,0,0,0,-1,0,0,0,-1,0,-1,[0|0|0|0|0|0|0|0]
55,,-1,-1,-1,-1,-1,-1,-1,-1,-1,-1,-1,-1,0,0,0,0,0,0,0,0,0,0,0,0,0,0,0,0,0,0,0,0,-1,-1,0,0,0,0,-1,-1,-1,-1,-1,-1,-1,-1,-1,-1,-1,-1,-1,-1,-1,-1,0,0,0,0,0,-1,0,0,0,-1,0,-1,[0|0|0|0|0|0|0|0]
56,,890,-1,-1,-1,-1,-1,-1,-1,-1,202,-1,-1,0,0,4,4,0,0,0,0,0,0,0,0,0,0,0,0,0,0,0,0,-1,-1,0,0,0,0,-1,-1,-1,-1,-1,-1,-1,-1,-1,-1,-1,-1,-1,-1,-1,-1,0,0,0,0,0,-1,0,0,0,-1,0,-1,[0|0|0|0|0|0|0|0]
57,,202,-1,-1,-1,-1,-1,-1,-1,-1,50,-1,-1,0,0,0,0,0,0,0,0,0,0,0,0,0,0,0,0,0,0,0,0,-1,-1,0,0,0,0,-1,-1,-1,-1,-1,-1,-1,-1,-1,-1,-1,-1,-1,-1,-1,-1,0,0,0,0,0,-1,0,0,0,-1,0,-1,[0|0|0|0|0|0|0|0]
58,,-1,-1,-1,-1,-1,-1,-1,-1,-1,-1,-1,-1,0,0,0,0,0,0,0,0,0,0,0,0,0,0,0,0,0,0,0,0,-1,-1,0,0,0,0,-1,-1,-1,-1,-1,-1,-1,-1,-1,-1,-1,-1,-1,-1,-1,-1,0,0,0,0,0,-1,0,0,0,-1,0,-1,[0|0|0|0|0|0|0|0]
59,,35,-1,-1,-1,-1,-1,-1,-1,-1,220,-1,-1,0,0,0,0,0,0,0,0,0,0,0,0,0,0,0,0,0,0,0,0,-1,-1,0,0,0,0,-1,-1,-1,-1,-1,-1,-1,-1,-1,-1,-1,-1,-1,-1,-1,-1,0,0,0,0,0,-1,0,0,0,-1,0,-1,[0|0|0|0|0|0|0|0]
60,,20279,-1,-1,-1,-1,-1,-1,-1,-1,206,-1,-1,1,4,0,0,0,0,0,0,0,0,0,0,0,0,0,0,0,0,0,0,-1,-1,0,0,0,0,-1,-1,-1,-1,-1,-1,-1,-1,-1,-1,-1,-1,-1,-1,-1,-1,0,0,0,0,0,-1,0,0,0,-1,0,-1,[0|0|0|0|0|0|0|0]
61,,303131,303131,-1,-1,-1,-1,-1,-1,-1,-1,-1,-1,1,10,0,0,0,0,0,0,0,0,0,0,0,0,0,0,0,0,1,0,-1,-1,0,0,10,0,10300,-1,11300,-1,10310,-1,11310,-1,10320,-1,11320,-1,10330,-1,11330,-1,0,0,0,0,0,-1,0,0,0,-1,0,-1,[0|0|0|0|0|0|0|0]
62,Flame Weapon VFX (Right),303001,303001,-1,-1,-1,-1,-1,-1,-1,-1,-1,-1,1,0,0,0,0,0,0,0,0,0,0,0,0,0,0,0,0,0,1,0,-1,-1,0,0,2,0,10300,-1,11300,-1,10310,-1,11310,-1,10320,-1,11320,-1,10330,-1,11330,-1,0,0,0,0,0,-1,0,0,0,-1,0,-1,[0|0|0|0|0|0|0|0]
63,,20242,-1,-1,-1,-1,-1,-1,-1,-1,206,-1,-1,2,4,0,0,0,0,0,0,0,0,0,0,0,0,0,0,0,0,0,0,-1,-1,0,0,0,0,-1,-1,-1,-1,-1,-1,-1,-1,-1,-1,-1,-1,-1,-1,-1,-1,0,0,0,0,0,-1,0,0,0,-1,0,-1,[0|0|0|0|0|0|0|0]
64,,303071,303071,-1,-1,-1,-1,-1,-1,-1,-1,-1,-1,1,1,0,0,0,0,0,0,0,0,0,0,0,0,0,0,0,0,1,0,-1,-1,0,0,1,0,10300,-1,11300,-1,10310,-1,11310,-1,10320,-1,11320,-1,10330,-1,11330,-1,0,0,0,0,0,-1,0,0,0,-1,0,-1,[0|0|0|0|0|0|0|0]
65,,13045,-1,-1,-1,-1,-1,-1,-1,-1,20,-1,-1,0,0,0,0,0,0,0,0,0,0,0,0,0,0,0,0,0,0,0,0,-1,-1,0,0,0,0,-1,-1,-1,-1,-1,-1,-1,-1,-1,-1,-1,-1,-1,-1,-1,-1,0,0,0,0,0,-1,0,0,0,-1,0,-1,[0|0|0|0|0|0|0|0]
66,,-1,-1,-1,-1,-1,-1,-1,-1,-1,-1,-1,-1,0,0,3,255,0,0,0,0,0,0,0,0,0,0,0,0,0,0,0,0,-1,-1,0,0,0,0,-1,-1,-1,-1,-1,-1,-1,-1,-1,-1,-1,-1,-1,-1,-1,-1,0,0,0,0,0,-1,0,0,0,-1,0,-1,[0|0|0|0|0|0|0|0]
67,,24006,-1,-1,-1,-1,-1,-1,-1,-1,220,-1,-1,0,0,3,100,0,0,0,0,0,0,0,0,0,0,0,0,0,0,0,0,-1,-1,0,0,0,0,-1,-1,-1,-1,-1,-1,-1,-1,-1,-1,-1,-1,-1,-1,-1,-1,0,0,0,0,0,-1,0,0,0,-1,0,-1,[0|0|0|0|0|0|0|0]
68,,23228,-1,-1,-1,23328,-1,-1,-1,-1,200,-1,200,0,0,3,101,0,0,0,0,0,0,0,0,0,0,0,0,0,0,0,0,-1,-1,0,0,0,0,-1,-1,-1,-1,-1,-1,-1,-1,-1,-1,-1,-1,-1,-1,-1,-1,0,0,0,0,0,-1,0,0,0,-1,0,-1,[0|0|0|0|0|0|0|0]
69,,20250,-1,-1,-1,-1,-1,-1,-1,-1,220,-1,-1,0,0,3,80,0,0,0,0,0,0,0,0,0,0,0,0,0,0,0,0,-1,-1,0,0,0,0,-1,-1,-1,-1,-1,-1,-1,-1,-1,-1,-1,-1,-1,-1,-1,-1,0,0,0,0,0,-1,0,0,0,-1,0,-1,[0|0|0|0|0|0|0|0]
70,,24009,-1,-1,-1,-1,-1,-1,-1,-1,200,-1,-1,0,0,3,151,0,0,0,0,0,0,0,0,0,0,0,0,0,0,0,0,-1,-1,0,0,0,0,-1,-1,-1,-1,-1,-1,-1,-1,-1,-1,-1,-1,-1,-1,-1,-1,0,0,0,0,0,-1,0,0,0,-1,0,-1,[0|0|0|0|0|0|0|0]
71,,24010,-1,-1,-1,-1,-1,-1,-1,-1,200,-1,-1,0,0,3,71,0,0,0,0,0,0,0,0,0,0,0,0,0,0,0,0,-1,-1,0,0,0,0,-1,-1,-1,-1,-1,-1,-1,-1,-1,-1,-1,-1,-1,-1,-1,-1,0,0,0,0,0,-1,0,0,0,-1,0,-1,[0|0|0|0|0|0|0|0]
72,,24011,-1,-1,-1,-1,-1,-1,-1,-1,200,-1,-1,0,0,3,70,0,0,0,0,0,0,0,0,0,0,0,0,0,0,0,0,-1,-1,0,0,0,0,-1,-1,-1,-1,-1,-1,-1,-1,-1,-1,-1,-1,-1,-1,-1,-1,0,0,0,0,0,-1,0,0,0,-1,0,-1,[0|0|0|0|0|0|0|0]
73,,24025,-1,-1,-1,-1,-1,-1,-1,-1,200,-1,-1,0,0,3,152,0,0,0,0,0,0,0,0,0,0,0,0,0,0,0,0,-1,-1,0,0,0,0,-1,-1,-1,-1,-1,-1,-1,-1,-1,-1,-1,-1,-1,-1,-1,-1,0,0,0,0,0,-1,0,0,0,-1,0,-1,[0|0|0|0|0|0|0|0]
74,,24026,-1,-1,-1,-1,-1,-1,-1,-1,200,-1,-1,0,0,3,150,0,0,0,0,0,0,0,0,0,0,0,0,0,0,0,0,-1,-1,0,0,0,0,-1,-1,-1,-1,-1,-1,-1,-1,-1,-1,-1,-1,-1,-1,-1,-1,0,0,0,0,0,-1,0,0,0,-1,0,-1,[0|0|0|0|0|0|0|0]
75,,301022,301022,-1,-1,-1,-1,-1,-1,-1,220,-1,-1,0,0,3,140,0,0,0,0,0,0,0,0,0,0,0,0,0,0,0,0,-1,-1,0,0,0,0,-1,-1,-1,-1,-1,-1,-1,-1,-1,-1,-1,-1,-1,-1,-1,-1,0,0,0,0,0,-1,0,0,0,-1,0,-1,[0|0|0|0|0|0|0|0]
76,,24021,-1,-1,-1,-1,-1,-1,-1,-1,7,-1,-1,0,0,3,160,0,0,0,0,0,0,0,0,0,0,0,0,0,0,0,0,-1,-1,0,0,0,0,-1,-1,-1,-1,-1,-1,-1,-1,-1,-1,-1,-1,-1,-1,-1,-1,0,0,0,0,0,-1,0,0,0,-1,0,-1,[0|0|0|0|0|0|0|0]
77,,24008,-1,-1,-1,-1,-1,-1,-1,-1,200,-1,-1,0,0,3,71,0,0,0,0,0,0,0,0,0,0,0,0,0,0,0,0,-1,-1,0,0,0,0,-1,-1,-1,-1,-1,-1,-1,-1,-1,-1,-1,-1,-1,-1,-1,-1,0,0,0,0,0,-1,0,0,0,-1,0,-1,[0|0|0|0|0|0|0|0]
78,,30013,-1,-1,-1,-1,-1,-1,-1,-1,107,-1,-1,0,0,0,0,0,0,0,0,0,0,0,0,0,0,0,0,0,0,0,0,-1,-1,0,0,0,0,-1,-1,-1,-1,-1,-1,-1,-1,-1,-1,-1,-1,-1,-1,-1,-1,0,0,0,0,0,-1,0,0,0,-1,0,-1,[0|0|0|0|0|0|0|0]
79,,30013,-1,-1,-1,-1,-1,-1,-1,-1,109,-1,-1,0,0,0,0,0,0,0,0,0,0,0,0,0,0,0,0,0,0,0,0,-1,-1,0,0,0,0,-1,-1,-1,-1,-1,-1,-1,-1,-1,-1,-1,-1,-1,-1,-1,-1,0,0,0,0,0,-1,0,0,0,-1,0,-1,[0|0|0|0|0|0|0|0]
80,,14997,-1,-1,-1,-1,-1,-1,-1,-1,225,-1,-1,0,0,0,0,0,0,0,0,0,0,0,0,0,0,0,0,0,0,0,0,-1,-1,0,0,0,0,-1,-1,-1,-1,-1,-1,-1,-1,-1,-1,-1,-1,-1,-1,-1,-1,0,0,0,0,0,-1,0,0,0,-1,0,-1,[0|0|0|0|0|0|0|0]
91,,30052,-1,-1,-1,-1,-1,-1,-1,-1,158,-1,-1,0,0,0,0,0,0,0,0,0,0,0,0,0,0,0,0,0,0,0,0,-1,-1,0,0,0,0,-1,-1,-1,-1,-1,-1,-1,-1,-1,-1,-1,-1,-1,-1,-1,-1,0,0,0,0,0,-1,0,0,0,-1,0,-1,[0|0|0|0|0|0|0|0]
92,,630740,-1,-1,-1,630706,-1,-1,-1,-1,100,-1,100,0,0,0,0,0,0,0,0,0,0,0,0,0,0,0,0,0,0,0,0,-1,-1,0,0,0,0,-1,-1,-1,-1,-1,-1,-1,-1,-1,-1,-1,-1,-1,-1,-1,-1,0,0,0,0,0,-1,0,0,0,-1,0,-1,[0|0|0|0|0|0|0|0]
93,,630701,-1,-1,-1,630707,-1,-1,-1,-1,100,-1,100,0,0,0,0,0,0,0,0,0,0,0,0,0,0,0,0,0,0,0,0,-1,-1,0,0,0,0,-1,-1,-1,-1,-1,-1,-1,-1,-1,-1,-1,-1,-1,-1,-1,-1,0,0,0,0,0,-1,0,0,0,-1,0,-1,[0|0|0|0|0|0|0|0]
94,,630702,-1,-1,-1,630708,-1,-1,-1,-1,100,-1,100,0,0,0,0,0,0,0,0,0,0,0,0,0,0,0,0,0,0,0,0,-1,-1,0,0,0,0,-1,-1,-1,-1,-1,-1,-1,-1,-1,-1,-1,-1,-1,-1,-1,-1,0,0,0,0,0,-1,0,0,0,-1,0,-1,[0|0|0|0|0|0|0|0]
95,,1,-1,-1,-1,2,-1,-1,-1,-1,-1,-1,-1,0,0,3,1,0,0,0,1,1,0,0,0,0,0,0,0,0,0,0,0,-1,-1,0,0,0,0,-1,-1,-1,-1,-1,-1,-1,-1,-1,-1,-1,-1,-1,-1,-1,-1,0,0,0,0,0,-1,0,0,0,-1,0,-1,[0|0|0|0|0|0|0|0]
96,,-1,-1,840,-1,-1,-1,-1,-1,900000,-1,7,-1,0,0,2,2,0,0,0,0,0,0,0,0,0,0,0,0,0,0,0,0,-1,-1,0,0,0,0,-1,-1,-1,-1,-1,-1,-1,-1,-1,-1,-1,-1,-1,-1,-1,-1,0,0,0,0,0,-1,0,0,0,-1,0,-1,[0|0|0|0|0|0|0|0]
97,,-1,-1,-1,-1,-1,-1,-1,-1,-1,-1,-1,-1,0,0,0,0,0,0,0,0,0,0,0,0,0,0,0,0,0,0,0,0,-1,-1,0,0,0,0,-1,-1,-1,-1,-1,-1,-1,-1,-1,-1,-1,-1,-1,-1,-1,-1,0,0,0,0,0,-1,0,0,0,-1,0,-1,[0|0|0|0|0|0|0|0]
98,,-1,-1,-1,-1,-1,-1,-1,-1,-1,-1,-1,-1,0,0,0,0,0,0,0,0,0,0,0,0,0,0,0,0,0,0,0,0,-1,-1,0,0,0,0,-1,-1,-1,-1,-1,-1,-1,-1,-1,-1,-1,-1,-1,-1,-1,-1,0,0,0,0,0,-1,0,0,0,-1,0,-1,[0|0|0|0|0|0|0|0]
99,,-1,-1,-1,-1,-1,-1,-1,-1,-1,-1,-1,-1,0,0,0,0,0,0,0,0,0,0,0,0,0,0,0,0,0,0,0,0,-1,-1,0,0,0,0,-1,-1,-1,-1,-1,-1,-1,-1,-1,-1,-1,-1,-1,-1,-1,-1,0,0,0,0,0,-1,0,0,0,-1,0,-1,[0|0|0|0|0|0|0|0]
100,,213,-1,-1,-1,-1,-1,-1,-1,-1,220,-1,-1,0,0,0,0,0,0,0,0,0,0,0,0,0,0,0,0,0,0,0,0,-1,-1,0,0,0,0,-1,-1,-1,-1,-1,-1,-1,-1,-1,-1,-1,-1,-1,-1,-1,-1,0,0,0,0,0,-1,0,0,0,-1,0,-1,[0|0|0|0|0|0|0|0]
101,,212,-1,-1,-1,-1,-1,-1,-1,-1,220,-1,-1,0,0,0,0,0,0,0,0,0,0,0,0,0,0,0,0,0,0,0,0,-1,-1,0,0,0,0,-1,-1,-1,-1,-1,-1,-1,-1,-1,-1,-1,-1,-1,-1,-1,-1,0,0,0,0,0,-1,0,0,0,-1,0,-1,[0|0|0|0|0|0|0|0]
102,,870,-1,-1,-1,-1,-1,-1,-1,-1,220,-1,-1,0,0,4,22,1,0,0,0,0,0,0,0,0,0,0,0,0,0,0,0,-1,-1,0,0,0,0,-1,-1,-1,-1,-1,-1,-1,-1,-1,-1,-1,-1,-1,-1,-1,-1,0,0,0,0,0,-1,0,0,0,-1,0,-1,[0|0|0|0|0|0|0|0]
103,,12210,-1,-1,-1,-1,-1,-1,-1,-1,7,-1,-1,0,0,0,0,0,0,0,0,0,0,0,0,0,0,0,0,0,0,0,0,-1,-1,0,0,0,0,-1,-1,-1,-1,-1,-1,-1,-1,-1,-1,-1,-1,-1,-1,-1,-1,0,0,0,0,0,-1,0,0,0,-1,0,-1,[0|0|0|0|0|0|0|0]
104,,-1,-1,-1,-1,-1,-1,-1,-1,-1,-1,-1,-1,0,0,0,0,0,0,0,0,0,0,0,0,0,0,0,0,0,0,0,0,-1,-1,0,0,0,0,-1,-1,-1,-1,-1,-1,-1,-1,-1,-1,-1,-1,-1,-1,-1,-1,0,0,0,0,0,-1,0,0,0,-1,0,-1,[0|0|0|0|0|0|0|0]
105,,129102,-1,-1,-1,-1,-1,-1,-1,-1,7,-1,-1,0,0,0,0,0,0,0,0,0,0,0,0,0,0,0,0,0,0,0,0,-1,-1,0,0,0,0,-1,-1,-1,-1,-1,-1,-1,-1,-1,-1,-1,-1,-1,-1,-1,-1,0,0,0,0,0,-1,0,0,0,-1,0,-1,[0|0|0|0|0|0|0|0]
106,,129200,-1,-1,-1,-1,-1,-1,-1,-1,7,-1,-1,0,0,0,0,0,0,0,0,0,0,0,0,0,0,0,0,0,0,0,0,-1,-1,0,0,0,0,-1,-1,-1,-1,-1,-1,-1,-1,-1,-1,-1,-1,-1,-1,-1,-1,0,0,0,0,0,-1,0,0,0,-1,0,-1,[0|0|0|0|0|0|0|0]
107,,129200,-1,-1,-1,-1,-1,-1,-1,-1,230,-1,-1,0,0,0,0,0,0,0,0,0,0,0,0,0,0,0,0,0,0,0,0,-1,-1,0,0,0,0,-1,-1,-1,-1,-1,-1,-1,-1,-1,-1,-1,-1,-1,-1,-1,-1,0,0,0,0,0,-1,0,0,0,-1,0,-1,[0|0|0|0|0|0|0|0]
108,,12212,-1,12211,-1,-1,-1,-1,-1,-1,220,220,-1,0,0,4,2,0,0,0,0,0,0,0,0,0,0,0,0,0,0,0,0,-1,-1,0,0,0,0,-1,-1,-1,-1,-1,-1,-1,-1,-1,-1,-1,-1,-1,-1,-1,-1,0,0,0,0,0,-1,0,0,0,-1,0,-1,[0|0|0|0|0|0|0|0]
109,,12213,221000003,-1,-1,-1,-1,-1,-1,-1,220,-1,-1,0,0,4,1,0,0,0,0,0,0,0,0,0,0,0,0,0,0,0,0,-1,-1,0,0,0,0,-1,-1,-1,-1,-1,-1,-1,-1,-1,-1,-1,-1,-1,-1,-1,-1,0,0,0,0,0,-1,0,0,0,-1,0,-1,[0|0|0|0|0|0|0|0]
110,,24003,-1,-1,-1,-1,-1,-1,-1,-1,220,-1,-1,0,0,0,0,0,0,0,0,0,0,0,0,0,0,0,0,0,0,0,0,-1,-1,0,0,0,0,-1,-1,-1,-1,-1,-1,-1,-1,-1,-1,-1,-1,-1,-1,-1,-1,0,0,0,0,0,-1,0,0,0,-1,0,-1,[0|0|0|0|0|0|0|0]
111,,620000,-1,-1,-1,-1,-1,-1,-1,-1,4,-1,-1,0,0,0,0,0,0,0,0,0,0,0,0,0,0,0,0,0,0,0,0,-1,-1,0,0,0,0,-1,-1,-1,-1,-1,-1,-1,-1,-1,-1,-1,-1,-1,-1,-1,-1,0,0,0,0,0,-1,0,0,0,-1,0,-1,[0|0|0|0|0|0|0|0]
112,,-1,-1,-1,-1,-1,-1,-1,-1,-1,-1,-1,-1,0,0,0,0,0,0,0,0,0,0,0,0,0,0,0,0,0,0,0,0,-1,-1,0,0,0,0,-1,-1,-1,-1,-1,-1,-1,-1,-1,-1,-1,-1,-1,-1,-1,-1,0,0,0,0,0,-1,0,0,0,-1,0,-1,[0|0|0|0|0|0|0|0]
113,,-1,-1,-1,-1,-1,-1,-1,-1,-1,-1,-1,-1,0,0,0,0,0,0,0,0,0,0,0,0,0,0,0,0,0,0,0,0,-1,-1,0,0,0,0,-1,-1,-1,-1,-1,-1,-1,-1,-1,-1,-1,-1,-1,-1,-1,-1,0,0,0,0,0,-1,0,0,0,-1,0,-1,[0|0|0|0|0|0|0|0]
114,,-1,-1,107,-1,108,-1,-1,-1,1010000,-1,7,7,0,0,2,1,0,0,0,0,0,0,0,0,0,0,0,0,0,0,0,0,-1,-1,0,0,0,0,-1,-1,-1,-1,-1,-1,-1,-1,-1,-1,-1,-1,-1,-1,-1,-1,0,0,0,0,0,-1,0,0,0,-1,0,-1,[0|0|0|0|0|0|0|0]
115,,-1,-1,-1,-1,-1,-1,-1,-1,-1,-1,-1,-1,0,0,0,0,0,0,0,0,0,0,0,0,0,0,0,0,0,0,0,0,-1,-1,0,0,0,0,-1,-1,-1,-1,-1,-1,-1,-1,-1,-1,-1,-1,-1,-1,-1,-1,0,0,0,0,0,-1,0,0,0,-1,0,-1,[0|0|0|0|0|0|0|0]
116,,-1,-1,-1,-1,-1,-1,-1,-1,-1,-1,-1,-1,0,0,0,0,0,0,0,0,0,0,0,0,0,0,0,0,0,0,0,0,-1,-1,0,4,0,0,-1,-1,-1,-1,-1,-1,-1,-1,-1,-1,-1,-1,-1,-1,-1,-1,0,0,0,0,0,-1,0,0,0,-1,0,-1,[0|0|0|0|0|0|0|0]
117,,900,-1,-1,-1,-1,-1,-1,-1,-1,200,-1,-1,0,0,0,0,0,0,0,0,0,0,0,0,0,0,0,0,0,0,0,0,-1,-1,0,0,0,0,-1,-1,-1,-1,-1,-1,-1,-1,-1,-1,-1,-1,-1,-1,-1,-1,0,0,0,0,0,-1,0,0,0,-1,0,-1,[0|0|0|0|0|0|0|0]
118,,-1,-1,-1,-1,-1,-1,-1,-1,-1,-1,-1,-1,0,0,0,0,0,0,0,0,0,0,0,0,0,0,0,0,0,0,0,0,-1,-1,0,0,0,0,-1,-1,-1,-1,-1,-1,-1,-1,-1,-1,-1,-1,-1,-1,-1,-1,0,0,0,0,0,-1,0,0,0,-1,0,-1,[0|0|0|0|0|0|0|0]
119,,-1,-1,-1,-1,-1,-1,-1,-1,-1,-1,-1,-1,0,0,0,0,0,0,0,0,0,0,0,0,0,0,0,0,0,0,0,0,-1,-1,0,0,0,0,-1,-1,-1,-1,-1,-1,-1,-1,-1,-1,-1,-1,-1,-1,-1,-1,0,0,0,0,0,-1,0,0,0,-1,0,-1,[0|0|0|0|0|0|0|0]
120,,-1,-1,-1,-1,-1,-1,-1,-1,-1,-1,-1,-1,0,0,0,0,0,0,0,0,0,0,0,0,0,0,0,0,0,0,0,0,-1,-1,0,0,0,0,-1,-1,-1,-1,-1,-1,-1,-1,-1,-1,-1,-1,-1,-1,-1,-1,0,0,0,0,0,-1,0,0,0,-1,0,-1,[0|0|0|0|0|0|0|0]
121,,-1,-1,-1,-1,-1,-1,-1,-1,-1,-1,-1,-1,0,0,0,0,0,0,0,0,0,0,0,0,0,0,0,0,0,0,0,0,-1,-1,0,0,0,0,-1,-1,-1,-1,-1,-1,-1,-1,-1,-1,-1,-1,-1,-1,-1,-1,0,0,0,0,0,-1,0,0,0,-1,0,-1,[0|0|0|0|0|0|0|0]
122,,-1,-1,-1,-1,-1,-1,-1,-1,-1,-1,-1,-1,0,0,0,0,0,0,0,0,0,0,0,0,0,0,0,0,0,0,0,0,-1,-1,0,0,0,0,-1,-1,-1,-1,-1,-1,-1,-1,-1,-1,-1,-1,-1,-1,-1,-1,0,0,0,0,0,-1,0,0,0,-1,0,-1,[0|0|0|0|0|0|0|0]
123,,-1,-1,-1,-1,-1,-1,-1,-1,-1,-1,-1,-1,0,0,0,0,0,0,0,0,0,0,0,0,0,0,0,0,0,0,0,0,-1,-1,0,0,0,0,-1,-1,-1,-1,-1,-1,-1,-1,-1,-1,-1,-1,-1,-1,-1,-1,0,0,0,0,0,-1,0,0,0,-1,0,-1,[0|0|0|0|0|0|0|0]
124,,-1,-1,-1,-1,-1,-1,-1,-1,-1,-1,-1,-1,0,0,0,0,0,0,0,0,0,0,0,0,0,0,0,0,0,0,0,0,-1,-1,0,0,0,0,-1,-1,-1,-1,-1,-1,-1,-1,-1,-1,-1,-1,-1,-1,-1,-1,0,0,0,0,0,-1,0,0,0,-1,0,-1,[0|0|0|0|0|0|0|0]
125,,-1,-1,-1,-1,-1,-1,-1,-1,-1,-1,-1,-1,0,0,0,0,0,0,0,0,0,0,0,0,0,0,0,0,0,0,0,0,-1,-1,0,0,0,0,-1,-1,-1,-1,-1,-1,-1,-1,-1,-1,-1,-1,-1,-1,-1,-1,0,0,0,0,0,-1,0,0,0,-1,0,-1,[0|0|0|0|0|0|0|0]
126,,-1,-1,-1,-1,-1,-1,-1,-1,-1,-1,-1,-1,0,0,0,0,0,0,0,0,0,0,0,0,0,0,0,0,0,0,0,0,-1,-1,0,0,0,0,-1,-1,-1,-1,-1,-1,-1,-1,-1,-1,-1,-1,-1,-1,-1,-1,0,0,0,0,0,-1,0,0,0,-1,0,-1,[0|0|0|0|0|0|0|0]
127,,-1,-1,-1,-1,-1,-1,-1,-1,-1,-1,-1,-1,0,0,0,0,0,0,0,0,0,0,0,0,0,0,0,0,0,0,0,0,-1,-1,0,0,0,0,-1,-1,-1,-1,-1,-1,-1,-1,-1,-1,-1,-1,-1,-1,-1,-1,0,0,0,0,0,-1,0,0,0,-1,0,-1,[0|0|0|0|0|0|0|0]
128,,-1,-1,-1,-1,-1,-1,-1,-1,-1,-1,-1,-1,0,0,0,0,0,0,0,0,0,0,0,0,0,0,0,0,0,0,0,0,-1,-1,0,0,0,0,-1,-1,-1,-1,-1,-1,-1,-1,-1,-1,-1,-1,-1,-1,-1,-1,0,0,0,0,0,-1,0,0,0,-1,0,-1,[0|0|0|0|0|0|0|0]
129,,-1,-1,-1,-1,-1,-1,-1,-1,-1,-1,-1,-1,0,0,0,0,0,0,0,0,0,0,0,0,0,0,0,0,0,0,0,0,-1,-1,0,0,0,0,-1,-1,-1,-1,-1,-1,-1,-1,-1,-1,-1,-1,-1,-1,-1,-1,0,0,0,0,0,-1,0,0,0,-1,0,-1,[0|0|0|0|0|0|0|0]
130,,-1,-1,-1,-1,-1,-1,-1,-1,-1,-1,-1,-1,0,0,0,0,0,0,0,0,0,0,0,0,0,0,0,0,0,0,0,0,-1,-1,0,0,0,0,-1,-1,-1,-1,-1,-1,-1,-1,-1,-1,-1,-1,-1,-1,-1,-1,0,0,0,0,0,-1,0,0,0,-1,0,-1,[0|0|0|0|0|0|0|0]
131,,-1,-1,-1,-1,-1,-1,-1,-1,-1,-1,-1,-1,0,0,0,0,0,0,0,0,0,0,0,0,0,0,0,0,0,0,0,0,-1,-1,0,0,0,0,-1,-1,-1,-1,-1,-1,-1,-1,-1,-1,-1,-1,-1,-1,-1,-1,0,0,0,0,0,-1,0,0,0,-1,0,-1,[0|0|0|0|0|0|0|0]
132,,901,-1,-1,-1,-1,-1,-1,-1,-1,199,-1,-1,0,0,4,19,0,0,0,0,0,0,0,0,0,0,0,0,0,0,0,0,-1,-1,0,0,0,0,-1,-1,-1,-1,-1,-1,-1,-1,-1,-1,-1,-1,-1,-1,-1,-1,0,0,0,0,0,-1,0,0,0,-1,0,-1,[0|0|0|0|0|0|0|0]
133,,20238,-1,-1,-1,-1,-1,-1,-1,-1,-1,-1,-1,0,0,3,200,0,0,0,0,0,0,0,0,0,0,0,0,0,0,0,0,-1,-1,0,0,0,0,-1,-1,-1,-1,-1,-1,-1,-1,-1,-1,-1,-1,-1,-1,-1,-1,0,0,0,0,0,-1,0,0,0,-1,0,-1,[0|0|0|0|0|0|0|0]
134,,-1,-1,20137,-1,20237,-1,-1,-1,-1,-1,7,7,0,0,0,0,0,0,0,0,0,0,0,0,0,0,0,0,0,0,0,0,-1,-1,0,0,0,0,-1,-1,-1,-1,-1,-1,-1,-1,-1,-1,-1,-1,-1,-1,-1,-1,0,0,0,0,0,-1,0,0,0,-1,0,-1,[0|0|0|0|0|0|0|0]
135,,-1,-1,-1,-1,-1,-1,-1,-1,-1,-1,-1,-1,0,0,0,0,0,0,0,0,0,0,0,0,0,0,0,0,0,0,0,0,-1,-1,0,0,0,0,-1,-1,-1,-1,-1,-1,-1,-1,-1,-1,-1,-1,-1,-1,-1,-1,0,0,0,0,0,-1,0,0,0,-1,0,-1,[0|0|0|0|0|0|0|0]
136,,-1,-1,-1,-1,-1,-1,-1,-1,-1,-1,-1,-1,0,0,0,0,0,0,0,0,0,0,0,0,0,0,0,0,0,0,0,0,-1,-1,0,0,0,0,-1,-1,-1,-1,-1,-1,-1,-1,-1,-1,-1,-1,-1,-1,-1,-1,0,0,0,0,0,-1,0,0,0,-1,0,-1,[0|0|0|0|0|0|0|0]
137,,-1,-1,-1,-1,-1,-1,-1,-1,-1,-1,-1,-1,0,0,0,0,0,0,0,0,0,0,0,0,0,0,0,0,0,0,0,0,-1,-1,0,0,0,0,-1,-1,-1,-1,-1,-1,-1,-1,-1,-1,-1,-1,-1,-1,-1,-1,0,0,0,0,0,-1,0,0,0,-1,0,-1,[0|0|0|0|0|0|0|0]
138,,-1,-1,-1,-1,-1,-1,-1,-1,-1,-1,-1,-1,0,0,0,0,0,0,0,0,0,0,0,0,0,0,0,0,0,0,0,0,-1,-1,0,0,0,0,-1,-1,-1,-1,-1,-1,-1,-1,-1,-1,-1,-1,-1,-1,-1,-1,0,0,0,0,0,-1,0,0,0,-1,0,-1,[0|0|0|0|0|0|0|0]
139,,-1,-1,-1,-1,-1,-1,-1,-1,-1,-1,-1,-1,0,0,0,0,0,0,0,0,0,0,0,0,0,0,0,0,0,0,0,0,-1,-1,0,0,0,0,-1,-1,-1,-1,-1,-1,-1,-1,-1,-1,-1,-1,-1,-1,-1,-1,0,0,0,0,0,-1,0,0,0,-1,0,-1,[0|0|0|0|0|0|0|0]
140,,-1,-1,-1,-1,-1,-1,-1,-1,-1,-1,-1,-1,0,0,0,0,0,0,0,0,0,0,0,0,0,0,0,0,0,0,0,0,-1,-1,0,0,0,0,-1,-1,-1,-1,-1,-1,-1,-1,-1,-1,-1,-1,-1,-1,-1,-1,0,0,0,0,0,-1,0,0,0,-1,0,-1,[0|0|0|0|0|0|0|0]
141,,-1,-1,-1,-1,-1,-1,-1,-1,-1,-1,-1,-1,0,0,0,0,0,0,0,0,0,0,0,0,0,0,0,0,0,0,0,0,-1,-1,0,0,0,0,-1,-1,-1,-1,-1,-1,-1,-1,-1,-1,-1,-1,-1,-1,-1,-1,0,0,0,0,0,-1,0,0,0,-1,0,-1,[0|0|0|0|0|0|0|0]
142,,-1,-1,-1,-1,-1,-1,-1,-1,-1,-1,-1,-1,0,0,0,0,0,0,0,0,0,0,0,0,0,0,0,0,0,0,0,0,-1,-1,0,0,0,0,-1,-1,-1,-1,-1,-1,-1,-1,-1,-1,-1,-1,-1,-1,-1,-1,0,0,0,0,0,-1,0,0,0,-1,0,-1,[0|0|0|0|0|0|0|0]
143,,-1,-1,-1,-1,-1,-1,-1,-1,-1,-1,-1,-1,0,0,0,0,0,0,0,0,0,0,0,0,0,0,0,0,0,0,0,0,-1,-1,0,0,0,0,-1,-1,-1,-1,-1,-1,-1,-1,-1,-1,-1,-1,-1,-1,-1,-1,0,0,0,0,0,-1,0,0,0,-1,0,-1,[0|0|0|0|0|0|0|0]
144,,-1,-1,-1,-1,-1,-1,-1,-1,-1,-1,-1,-1,0,0,0,0,0,0,0,0,0,0,0,0,0,0,0,0,0,0,0,0,-1,-1,0,0,0,0,-1,-1,-1,-1,-1,-1,-1,-1,-1,-1,-1,-1,-1,-1,-1,-1,0,0,0,0,0,-1,0,0,0,-1,0,-1,[0|0|0|0|0|0|0|0]
145,,-1,-1,-1,-1,-1,-1,-1,-1,-1,-1,-1,-1,0,0,0,0,0,0,0,0,0,0,0,0,0,0,0,0,0,0,0,0,-1,-1,0,0,0,0,-1,-1,-1,-1,-1,-1,-1,-1,-1,-1,-1,-1,-1,-1,-1,-1,0,0,0,0,0,-1,0,0,0,-1,0,-1,[0|0|0|0|0|0|0|0]
146,,-1,-1,20343,-1,-1,-1,-1,-1,-1,-1,206,-1,0,0,0,0,0,0,0,0,0,0,0,0,0,0,0,0,0,0,0,0,-1,-1,0,0,0,0,-1,-1,-1,-1,-1,-1,-1,-1,-1,-1,-1,-1,-1,-1,-1,-1,0,0,0,0,0,-1,0,0,0,-1,0,-1,[0|0|0|0|0|0|0|0]
147,,-1,-1,-1,-1,-1,-1,-1,-1,-1,-1,-1,-1,0,0,0,0,0,0,0,0,0,0,0,0,0,0,0,0,0,0,0,0,-1,-1,0,0,0,0,-1,-1,-1,-1,-1,-1,-1,-1,-1,-1,-1,-1,-1,-1,-1,-1,0,0,0,0,0,-1,0,0,0,-1,0,-1,[0|0|0|0|0|0|0|0]
148,,-1,-1,-1,-1,-1,-1,-1,-1,-1,-1,-1,-1,0,0,0,0,0,0,0,0,0,0,0,0,0,0,0,0,0,0,0,0,-1,-1,0,0,0,0,-1,-1,-1,-1,-1,-1,-1,-1,-1,-1,-1,-1,-1,-1,-1,-1,0,0,0,0,0,-1,0,0,0,-1,0,-1,[0|0|0|0|0|0|0|0]
149,,-1,-1,-1,-1,-1,-1,-1,-1,-1,-1,-1,-1,0,0,0,0,0,0,0,0,0,0,0,0,0,0,0,0,0,0,0,0,-1,-1,0,0,0,0,-1,-1,-1,-1,-1,-1,-1,-1,-1,-1,-1,-1,-1,-1,-1,-1,0,0,0,0,0,-1,0,0,0,-1,0,-1,[0|0|0|0|0|0|0|0]
150,,-1,-1,-1,-1,-1,-1,-1,-1,-1,-1,-1,-1,0,0,0,0,0,0,0,0,0,0,0,0,0,0,0,0,0,0,0,0,-1,-1,0,0,0,0,-1,-1,-1,-1,-1,-1,-1,-1,-1,-1,-1,-1,-1,-1,-1,-1,0,0,0,0,0,-1,0,0,0,-1,0,-1,[0|0|0|0|0|0|0|0]
151,Lightning Weapon VFX (Right),303011,303011,-1,-1,-1,-1,-1,-1,-1,-1,-1,-1,1,0,0,0,0,0,0,0,0,0,0,0,0,0,0,0,0,0,1,0,-1,-1,0,0,3,0,10300,-1,11300,-1,10310,-1,11310,-1,10320,-1,11320,-1,10330,-1,11330,-1,0,0,0,0,0,-1,0,0,0,-1,0,-1,[0|0|0|0|0|0|0|0]
152,,303061,303061,-1,-1,-1,-1,-1,-1,-1,-1,-1,-1,1,0,0,0,0,0,0,0,0,0,0,0,0,0,0,0,0,0,1,0,-1,-1,0,0,5,0,10300,-1,11300,-1,10310,-1,11310,-1,10320,-1,11320,-1,10330,-1,11330,-1,0,0,0,0,0,-1,0,0,0,-1,0,-1,[0|0|0|0|0|0|0|0]
153,,20255,-1,-1,-1,-1,-1,-1,-1,-1,206,-1,-1,1,0,0,0,0,0,0,0,0,0,0,0,0,0,0,0,0,0,0,0,-1,-1,0,0,14,0,-1,-1,-1,-1,-1,-1,-1,-1,-1,-1,-1,-1,-1,-1,-1,-1,0,0,0,0,0,-1,0,0,0,-1,0,-1,[0|0|0|0|0|0|0|0]
154,,300363,-1,-1,-1,-1,-1,-1,-1,-1,8,-1,-1,0,0,4,21,1,0,0,0,0,0,0,0,0,0,0,0,0,0,0,0,-1,-1,0,0,0,0,-1,-1,-1,-1,-1,-1,-1,-1,-1,-1,-1,-1,-1,-1,-1,-1,0,0,0,0,0,-1,0,0,0,-1,0,-1,[0|0|0|0|0|0|0|0]
155,,24023,-1,-1,-1,-1,-1,-1,-1,-1,220,-1,-1,0,0,3,55,0,0,0,0,0,0,0,0,0,0,0,0,0,0,0,0,-1,-1,0,0,0,0,-1,-1,-1,-1,-1,-1,-1,-1,-1,-1,-1,-1,-1,-1,-1,-1,0,0,0,0,0,-1,0,0,0,-1,0,-1,[0|0|0|0|0|0|0|0]
156,,-1,-1,-1,-1,-1,-1,-1,-1,-1,-1,-1,-1,0,0,0,0,0,0,0,0,0,0,0,0,0,0,0,0,0,0,0,0,-1,-1,0,0,0,0,-1,-1,-1,-1,-1,-1,-1,-1,-1,-1,-1,-1,-1,-1,-1,-1,0,0,0,0,0,-1,0,0,0,-1,0,-1,[0|0|0|0|0|0|0|0]
157,,22825,-1,-1,-1,-1,-1,-1,-1,-1,220,-1,-1,0,0,3,10,0,0,0,0,0,0,0,0,0,0,0,0,0,0,0,0,-1,-1,0,0,0,0,-1,-1,-1,-1,-1,-1,-1,-1,-1,-1,-1,-1,-1,-1,-1,-1,0,0,0,0,0,-1,0,0,0,-1,0,-1,[0|0|0|0|0|0|0|0]
158,,523302,-1,-1,-1,-1,-1,-1,-1,-1,19,-1,-1,0,0,0,0,0,0,0,0,0,0,0,0,0,0,0,0,0,0,0,0,-1,-1,0,0,0,0,-1,-1,-1,-1,-1,-1,-1,-1,-1,-1,-1,-1,-1,-1,-1,-1,0,0,0,0,0,-1,0,0,0,-1,0,-1,[0|0|0|0|0|0|0|0]
159,,-1,-1,-1,-1,-1,-1,-1,-1,-1,3,-1,-1,0,0,0,0,0,0,0,0,0,0,0,0,0,0,0,0,0,0,0,0,-1,-1,0,0,0,0,-1,-1,-1,-1,-1,-1,-1,-1,-1,-1,-1,-1,-1,-1,-1,-1,0,0,0,0,0,-1,0,0,0,-1,0,-1,[0|0|0|0|0|0|0|0]
160,,-1,-1,-1,-1,-1,-1,-1,-1,-1,-1,-1,-1,0,0,0,0,0,0,0,0,0,0,0,0,0,0,0,0,0,0,0,0,-1,-1,0,0,0,0,-1,-1,-1,-1,-1,-1,-1,-1,-1,-1,-1,-1,-1,-1,-1,-1,0,0,0,0,0,-1,0,0,0,-1,0,-1,[0|0|0|0|0|0|0|0]
161,,-1,-1,-1,-1,-1,-1,-1,-1,-1,-1,-1,-1,0,0,0,0,0,0,0,0,0,0,0,0,0,0,0,0,0,0,0,0,-1,-1,0,0,0,0,-1,-1,-1,-1,-1,-1,-1,-1,-1,-1,-1,-1,-1,-1,-1,-1,0,0,0,0,0,-1,0,0,0,-1,0,-1,[0|0|0|0|0|0|0|0]
162,,-1,-1,-1,-1,-1,-1,-1,-1,-1,-1,-1,-1,0,0,0,0,0,0,0,0,0,0,0,0,0,0,0,0,0,0,0,0,-1,-1,0,0,0,0,-1,-1,-1,-1,-1,-1,-1,-1,-1,-1,-1,-1,-1,-1,-1,-1,0,0,0,0,0,-1,0,0,0,-1,0,-1,[0|0|0|0|0|0|0|0]
163,,-1,-1,-1,-1,-1,-1,-1,-1,-1,-1,-1,-1,0,0,0,0,0,0,0,0,0,0,0,0,0,0,0,0,0,0,0,0,-1,-1,0,0,0,0,-1,-1,-1,-1,-1,-1,-1,-1,-1,-1,-1,-1,-1,-1,-1,-1,0,0,0,0,0,-1,0,0,0,-1,0,-1,[0|0|0|0|0|0|0|0]
164,,-1,-1,-1,-1,-1,-1,-1,-1,-1,-1,-1,-1,0,0,0,0,0,0,0,0,0,0,0,0,0,0,0,0,0,0,0,0,-1,-1,0,0,0,0,-1,-1,-1,-1,-1,-1,-1,-1,-1,-1,-1,-1,-1,-1,-1,-1,0,0,0,0,0,-1,0,0,0,-1,0,-1,[0|0|0|0|0|0|0|0]
165,,-1,-1,-1,-1,-1,-1,-1,-1,-1,-1,-1,-1,0,0,0,0,0,0,0,0,0,0,0,0,0,0,0,0,0,0,0,0,-1,-1,0,0,0,0,-1,-1,-1,-1,-1,-1,-1,-1,-1,-1,-1,-1,-1,-1,-1,-1,0,0,0,0,0,-1,0,0,0,-1,0,-1,[0|0|0|0|0|0|0|0]
166,,-1,-1,-1,-1,-1,-1,-1,-1,-1,-1,-1,-1,0,0,0,0,0,0,0,0,0,0,0,0,0,0,0,0,0,0,0,0,-1,-1,0,0,0,0,-1,-1,-1,-1,-1,-1,-1,-1,-1,-1,-1,-1,-1,-1,-1,-1,0,0,0,0,0,-1,0,0,0,-1,0,-1,[0|0|0|0|0|0|0|0]
167,,-1,-1,840,-1,-1,-1,-1,-1,900000,-1,8,-1,0,0,1,1,0,0,0,0,0,0,0,1,0,0,0,0,0,0,0,0,-1,-1,0,0,0,0,-1,-1,-1,-1,-1,-1,-1,-1,-1,-1,-1,-1,-1,-1,-1,-1,0,0,0,0,0,-1,0,0,0,-1,0,-1,[0|0|0|0|0|0|0|0]
168,,-1,-1,-1,-1,-1,-1,-1,-1,-1,-1,-1,-1,0,0,0,0,0,0,0,0,0,0,0,0,0,0,0,0,0,0,0,0,-1,-1,0,0,0,0,-1,-1,-1,-1,-1,-1,-1,-1,-1,-1,-1,-1,-1,-1,-1,-1,0,0,0,0,0,-1,0,0,0,-1,0,-1,[0|0|0|0|0|0|0|0]
169,,-1,-1,-1,-1,-1,-1,-1,-1,-1,-1,-1,-1,0,0,0,0,0,0,0,0,0,0,0,0,0,0,0,0,0,0,0,0,-1,-1,0,0,0,0,-1,-1,-1,-1,-1,-1,-1,-1,-1,-1,-1,-1,-1,-1,-1,-1,0,0,0,0,0,-1,0,0,0,-1,0,-1,[0|0|0|0|0|0|0|0]
170,,20254,-1,-1,-1,-1,-1,-1,-1,-1,220,-1,-1,0,0,3,20,0,0,0,0,0,0,0,0,0,0,0,0,0,0,0,0,-1,-1,0,0,0,0,-1,-1,-1,-1,-1,-1,-1,-1,-1,-1,-1,-1,-1,-1,-1,-1,0,0,0,0,0,-1,0,0,0,-1,0,-1,[0|0|0|0|0|0|0|0]
171,,-1,-1,-1,-1,-1,-1,-1,-1,-1,-1,-1,-1,0,0,0,0,0,0,0,0,0,0,0,0,0,0,0,0,0,0,0,0,-1,-1,0,0,0,0,-1,-1,-1,-1,-1,-1,-1,-1,-1,-1,-1,-1,-1,-1,-1,-1,0,0,0,0,0,-1,0,0,0,-1,0,-1,[0|0|0|0|0|0|0|0]
172,,129103,-1,-1,-1,-1,-1,-1,-1,-1,200,-1,-1,0,0,0,0,0,0,0,0,0,0,0,0,0,0,0,0,0,0,0,0,-1,-1,0,0,0,0,-1,-1,-1,-1,-1,-1,-1,-1,-1,-1,-1,-1,-1,-1,-1,-1,0,0,0,0,0,-1,0,0,0,-1,0,-1,[0|0|0|0|0|0|0|0]
173,,129102,-1,-1,-1,-1,-1,-1,-1,-1,200,-1,-1,0,0,0,0,0,0,0,0,0,0,0,0,0,0,0,0,0,0,0,0,-1,-1,0,0,0,0,-1,-1,-1,-1,-1,-1,-1,-1,-1,-1,-1,-1,-1,-1,-1,-1,0,0,0,0,0,-1,0,0,0,-1,0,-1,[0|0|0|0|0|0|0|0]
174,,129101,-1,-1,-1,-1,-1,-1,-1,-1,200,-1,-1,0,0,0,0,0,0,0,0,0,0,0,0,0,0,0,0,0,0,0,0,-1,-1,0,0,0,0,-1,-1,-1,-1,-1,-1,-1,-1,-1,-1,-1,-1,-1,-1,-1,-1,0,0,0,0,0,-1,0,0,0,-1,0,-1,[0|0|0|0|0|0|0|0]
175,,130021,-1,-1,-1,-1,-1,-1,-1,-1,90,-1,-1,0,0,0,0,0,0,0,0,0,0,0,0,0,0,0,0,0,0,0,0,-1,-1,0,0,0,0,-1,-1,-1,-1,-1,-1,-1,-1,-1,-1,-1,-1,-1,-1,-1,-1,0,0,0,0,0,-1,0,0,0,-1,0,-1,[0|0|0|0|0|0|0|0]
176,,-1,-1,-1,-1,-1,-1,-1,-1,-1,-1,-1,-1,0,0,0,0,0,0,0,0,0,0,0,0,0,0,0,0,0,0,0,0,-1,-1,0,0,0,0,-1,-1,-1,-1,-1,-1,-1,-1,-1,-1,-1,-1,-1,-1,-1,-1,0,0,0,0,0,-1,0,0,0,-1,0,-1,[0|0|0|0|0|0|0|0]
177,,-1,-1,-1,-1,-1,-1,-1,-1,-1,-1,-1,-1,0,0,0,0,0,0,0,0,0,0,0,0,0,0,0,0,0,0,0,0,-1,-1,0,0,0,0,-1,-1,-1,-1,-1,-1,-1,-1,-1,-1,-1,-1,-1,-1,-1,-1,0,0,0,0,0,-1,0,0,0,-1,0,-1,[0|0|0|0|0|0|0|0]
178,,820,-1,-1,-1,-1,-1,-1,-1,-1,220,-1,-1,0,0,0,0,1,0,0,0,0,0,0,0,0,0,0,0,0,0,0,0,-1,-1,0,0,0,0,-1,-1,-1,-1,-1,-1,-1,-1,-1,-1,-1,-1,-1,-1,-1,-1,0,0,0,0,0,-1,0,0,0,-1,0,-1,[0|0|0|0|0|0|0|0]
179,,-1,-1,-1,-1,-1,-1,-1,-1,-1,-1,-1,-1,0,0,0,0,0,0,0,0,0,0,0,0,0,0,0,0,0,0,0,0,-1,-1,0,4,0,0,-1,-1,-1,-1,-1,-1,-1,-1,-1,-1,-1,-1,-1,-1,-1,-1,0,0,0,0,0,-1,0,0,0,-1,0,-1,[0|0|0|0|0|0|0|0]
180,,-1,-1,-1,-1,-1,-1,-1,-1,-1,-1,-1,-1,0,0,0,0,0,0,0,0,0,0,0,0,0,0,0,0,0,0,0,0,-1,-1,0,4,0,0,-1,-1,-1,-1,-1,-1,-1,-1,-1,-1,-1,-1,-1,-1,-1,-1,0,0,0,0,0,-1,0,0,0,-1,0,-1,[0|0|0|0|0|0|0|0]
181,,-1,-1,-1,-1,-1,-1,-1,-1,-1,-1,-1,-1,0,0,0,0,0,0,0,0,0,0,0,0,0,0,0,0,0,0,0,0,-1,-1,0,4,0,0,-1,-1,-1,-1,-1,-1,-1,-1,-1,-1,-1,-1,-1,-1,-1,-1,0,0,0,0,0,-1,0,0,0,-1,0,-1,[0|0|0|0|0|0|0|0]
182,,-1,-1,-1,-1,-1,-1,-1,-1,-1,-1,-1,-1,0,0,0,0,0,0,0,0,0,0,0,0,0,0,0,0,0,0,0,0,-1,-1,0,4,0,0,-1,-1,-1,-1,-1,-1,-1,-1,-1,-1,-1,-1,-1,-1,-1,-1,0,0,0,0,0,-1,0,0,0,-1,0,-1,[0|0|0|0|0|0|0|0]
183,,-1,-1,-1,-1,-1,-1,-1,-1,-1,-1,-1,-1,0,0,0,0,0,0,0,0,0,0,0,0,0,0,0,0,0,0,0,0,-1,-1,0,0,0,0,-1,-1,-1,-1,-1,-1,-1,-1,-1,-1,-1,-1,-1,-1,-1,-1,0,0,0,0,0,-1,0,0,0,-1,0,-1,[0|0|0|0|0|0|0|0]
184,,20209,-1,-1,-1,20209,-1,-1,-1,-1,206,-1,206,1,0,0,0,0,0,0,0,0,0,0,0,1,0,0,0,0,0,0,0,-1,-1,0,0,0,0,-1,-1,-1,-1,-1,-1,-1,-1,-1,-1,-1,-1,-1,-1,-1,-1,0,0,0,0,0,-1,0,0,0,-1,0,-1,[0|0|0|0|0|0|0|0]
185,,22887,-1,-1,-1,-1,-1,-1,-1,-1,220,-1,-1,0,0,0,0,0,0,0,0,0,0,0,0,0,0,0,0,0,0,0,0,-1,-1,0,0,0,0,-1,-1,-1,-1,-1,-1,-1,-1,-1,-1,-1,-1,-1,-1,-1,-1,0,0,0,0,0,-1,0,0,0,-1,0,-1,[0|0|0|0|0|0|0|0]
186,,-1,-1,-1,-1,-1,-1,-1,-1,-1,-1,-1,-1,0,0,0,0,0,0,0,0,0,0,0,0,0,0,0,0,0,0,0,0,-1,-1,0,0,0,0,-1,-1,-1,-1,-1,-1,-1,-1,-1,-1,-1,-1,-1,-1,-1,-1,0,0,0,0,0,-1,0,0,0,-1,0,-1,[0|0|0|0|0|0|0|0]
187,,-1,-1,-1,-1,-1,-1,-1,-1,-1,-1,-1,-1,0,0,0,0,0,0,0,0,0,0,0,0,0,0,0,0,0,0,0,0,-1,-1,0,0,0,0,-1,-1,-1,-1,-1,-1,-1,-1,-1,-1,-1,-1,-1,-1,-1,-1,0,0,0,0,0,-1,0,0,0,-1,0,-1,[0|0|0|0|0|0|0|0]
188,,-1,-1,-1,-1,-1,-1,-1,-1,-1,-1,-1,-1,0,0,0,0,0,0,0,0,0,0,0,0,0,0,0,0,0,0,0,0,-1,-1,0,0,0,0,-1,-1,-1,-1,-1,-1,-1,-1,-1,-1,-1,-1,-1,-1,-1,-1,0,0,0,0,0,-1,0,0,0,-1,0,-1,[0|0|0|0|0|0|0|0]
189,,-1,-1,-1,-1,-1,-1,-1,-1,-1,-1,-1,-1,0,0,0,0,0,0,0,0,0,0,0,0,0,0,0,0,0,0,0,0,-1,-1,0,0,0,0,-1,-1,-1,-1,-1,-1,-1,-1,-1,-1,-1,-1,-1,-1,-1,-1,0,0,0,0,0,-1,0,0,0,-1,0,-1,[0|0|0|0|0|0|0|0]
190,,-1,-1,-1,-1,-1,-1,-1,-1,-1,-1,-1,-1,0,0,0,0,0,0,0,0,0,0,0,0,0,0,0,0,0,0,0,0,-1,-1,0,0,0,0,-1,-1,-1,-1,-1,-1,-1,-1,-1,-1,-1,-1,-1,-1,-1,-1,0,0,0,0,0,-1,0,0,0,-1,0,-1,[0|0|0|0|0|0|0|0]
191,,-1,-1,-1,-1,-1,-1,-1,-1,-1,-1,-1,-1,0,0,0,0,0,0,0,0,0,0,0,0,0,0,0,0,0,0,0,0,-1,-1,0,0,0,0,-1,-1,-1,-1,-1,-1,-1,-1,-1,-1,-1,-1,-1,-1,-1,-1,0,0,0,0,0,-1,0,0,0,-1,0,-1,[0|0|0|0|0|0|0|0]
192,,-1,-1,107,-1,108,-1,-1,-1,1020000,-1,7,7,0,0,2,1,0,0,0,0,0,0,0,0,0,0,0,0,0,0,0,0,-1,-1,0,0,0,0,-1,-1,-1,-1,-1,-1,-1,-1,-1,-1,-1,-1,-1,-1,-1,-1,0,0,0,0,0,-1,0,0,0,-1,0,-1,[0|0|0|0|0|0|0|0]
193,,-1,-1,-1,-1,-1,-1,-1,-1,-1,-1,-1,-1,0,0,0,0,0,0,0,0,0,0,0,0,0,0,0,0,0,0,0,0,-1,-1,0,0,0,0,-1,-1,-1,-1,-1,-1,-1,-1,-1,-1,-1,-1,-1,-1,-1,-1,0,0,0,0,0,-1,0,0,0,-1,0,-1,[0|0|0|0|0|0|0|0]
194,,-1,-1,-1,-1,-1,-1,-1,-1,-1,-1,-1,-1,0,0,0,0,0,0,0,0,0,0,0,0,0,0,0,0,0,0,0,0,-1,-1,0,0,0,0,-1,-1,-1,-1,-1,-1,-1,-1,-1,-1,-1,-1,-1,-1,-1,-1,0,0,0,0,0,-1,0,0,0,-1,0,-1,[0|0|0|0|0|0|0|0]
195,,-1,-1,-1,-1,-1,-1,-1,-1,-1,-1,-1,-1,0,0,0,0,0,0,0,0,0,0,0,0,0,0,0,0,0,0,0,0,-1,-1,0,0,0,0,-1,-1,-1,-1,-1,-1,-1,-1,-1,-1,-1,-1,-1,-1,-1,-1,0,0,0,0,0,-1,0,0,0,-1,0,-1,[0|0|0|0|0|0|0|0]
196,,-1,-1,-1,-1,-1,-1,-1,-1,-1,-1,-1,-1,0,0,0,0,0,0,0,0,0,0,0,0,0,0,0,0,0,0,0,0,-1,-1,0,0,0,0,-1,-1,-1,-1,-1,-1,-1,-1,-1,-1,-1,-1,-1,-1,-1,-1,0,0,0,0,0,-1,0,0,0,-1,0,-1,[0|0|0|0|0|0|0|0]
197,,-1,-1,-1,-1,-1,-1,-1,-1,-1,-1,-1,-1,0,0,0,0,0,0,0,0,0,0,0,0,0,0,0,0,0,0,0,0,-1,-1,0,0,0,0,-1,-1,-1,-1,-1,-1,-1,-1,-1,-1,-1,-1,-1,-1,-1,-1,0,0,0,0,0,-1,0,0,0,-1,0,-1,[0|0|0|0|0|0|0|0]
198,,-1,-1,-1,-1,-1,-1,-1,-1,-1,-1,-1,-1,0,0,0,0,0,0,0,0,0,0,0,0,0,0,0,0,0,0,0,0,-1,-1,0,0,0,0,-1,-1,-1,-1,-1,-1,-1,-1,-1,-1,-1,-1,-1,-1,-1,-1,0,0,0,0,0,-1,0,0,0,-1,0,-1,[0|0|0|0|0|0|0|0]
199,,-1,-1,-1,-1,-1,-1,-1,-1,-1,-1,-1,-1,0,0,0,0,0,0,0,0,0,0,0,0,0,0,0,0,0,0,0,0,-1,-1,0,0,0,0,-1,-1,-1,-1,-1,-1,-1,-1,-1,-1,-1,-1,-1,-1,-1,-1,0,0,0,0,0,-1,0,0,0,-1,0,-1,[0|0|0|0|0|0|0|0]
200,,20221,-1,-1,-1,-1,-1,-1,-1,-1,200,-1,-1,0,0,3,49,0,0,0,0,0,0,0,0,0,0,0,0,0,0,0,0,-1,-1,0,0,0,0,-1,-1,-1,-1,-1,-1,-1,-1,-1,-1,-1,-1,-1,-1,-1,-1,0,0,0,0,0,-1,0,0,0,-1,0,-1,[0|0|0|0|0|0|0|0]
201,,20256,23112,-1,-1,-1,-1,-1,-1,-1,236,-1,-1,0,0,0,0,0,0,0,0,0,0,0,0,0,0,0,0,0,0,0,0,-1,-1,0,0,0,0,-1,-1,-1,-1,-1,-1,-1,-1,-1,-1,-1,-1,-1,-1,-1,-1,0,0,0,0,0,-1,0,0,0,-1,0,-1,[0|0|0|0|0|0|0|0]
202,,825,-1,-1,-1,-1,-1,-1,-1,-1,220,-1,-1,0,0,3,9,0,0,0,0,0,0,0,0,0,0,0,0,0,0,0,0,-1,-1,0,0,0,0,-1,-1,-1,-1,-1,-1,-1,-1,-1,-1,-1,-1,-1,-1,-1,-1,0,0,0,0,0,-1,0,0,0,-1,0,-1,[0|0|0|0|0|0|0|0]
203,,-1,-1,-1,-1,-1,-1,-1,-1,-1,-1,-1,-1,0,0,0,0,0,0,0,0,0,0,0,0,0,0,0,0,0,0,0,0,-1,-1,0,0,0,0,-1,-1,-1,-1,-1,-1,-1,-1,-1,-1,-1,-1,-1,-1,-1,-1,0,0,0,0,0,-1,0,0,0,-1,0,-1,[0|0|0|0|0|0|0|0]
204,,20242,-1,-1,-1,-1,-1,-1,-1,-1,206,-1,-1,2,4,0,0,0,0,0,0,0,0,0,0,0,0,0,0,0,0,0,0,-1,-1,0,0,0,0,-1,-1,-1,-1,-1,-1,-1,-1,-1,-1,-1,-1,-1,-1,-1,-1,0,0,0,0,0,-1,0,0,0,-1,0,-1,[0|0|0|0|0|0|0|0]
205,Holy Weapon VFX (Right),303131,303131,-1,-1,-1,-1,-1,-1,-1,-1,-1,-1,1,10,0,0,0,0,0,0,0,0,0,0,0,0,0,0,0,0,1,0,-1,-1,0,0,10,0,10300,-1,11300,-1,10310,-1,11310,-1,10320,-1,11320,-1,10330,-1,11330,-1,0,0,0,0,0,-1,0,0,0,-1,0,-1,[0|0|0|0|0|0|0|0]
206,,16120,16120,-1,-1,-1,-1,-1,-1,-1,190,-1,-1,0,0,0,0,0,0,0,0,0,0,0,0,0,0,0,0,0,0,0,0,-1,-1,0,0,0,0,-1,-1,-1,-1,-1,-1,-1,-1,-1,-1,-1,-1,-1,-1,-1,-1,0,0,0,0,0,-1,0,0,0,-1,0,-1,[0|0|0|0|0|0|0|0]
207,,15371,-1,-1,-1,-1,-1,-1,-1,-1,190,-1,-1,0,0,0,0,0,0,0,0,0,0,0,0,0,0,0,0,0,0,0,0,-1,-1,0,0,0,0,-1,-1,-1,-1,-1,-1,-1,-1,-1,-1,-1,-1,-1,-1,-1,-1,0,0,0,0,0,-1,0,0,0,-1,0,-1,[0|0|0|0|0|0|0|0]
208,,16124,16120,-1,-1,-1,-1,-1,-1,-1,190,-1,-1,0,0,0,0,0,0,0,0,0,0,0,0,0,0,0,0,0,0,0,0,-1,-1,0,0,0,0,-1,-1,-1,-1,-1,-1,-1,-1,-1,-1,-1,-1,-1,-1,-1,-1,0,0,0,0,0,-1,0,0,0,-1,0,-1,[0|0|0|0|0|0|0|0]
209,,-1,-1,-1,-1,-1,-1,-1,-1,-1,-1,-1,-1,0,0,0,0,0,0,0,0,0,0,0,0,0,0,0,0,0,0,0,0,-1,-1,0,0,0,0,-1,-1,-1,-1,-1,-1,-1,-1,-1,-1,-1,-1,-1,-1,-1,-1,0,0,0,0,0,-1,0,0,0,-1,0,-1,[0|0|0|0|0|0|0|0]
210,,-1,-1,-1,-1,-1,-1,-1,-1,-1,-1,-1,-1,0,0,0,0,0,0,0,0,0,0,0,0,0,0,0,0,0,0,0,0,-1,-1,0,0,0,0,-1,-1,-1,-1,-1,-1,-1,-1,-1,-1,-1,-1,-1,-1,-1,-1,0,0,0,0,0,-1,0,0,0,-1,0,-1,[0|0|0|0|0|0|0|0]
211,,-1,-1,-1,-1,-1,-1,-1,-1,-1,-1,-1,-1,0,0,0,0,0,0,0,0,0,0,0,0,0,0,0,0,0,0,0,0,-1,-1,0,0,0,0,-1,-1,-1,-1,-1,-1,-1,-1,-1,-1,-1,-1,-1,-1,-1,-1,0,0,0,0,0,-1,0,0,0,-1,0,-1,[0|0|0|0|0|0|0|0]
212,,-1,-1,-1,-1,-1,-1,-1,-1,-1,-1,-1,-1,0,0,0,0,0,0,0,0,0,0,0,0,0,0,0,0,0,0,0,0,-1,-1,0,0,0,0,-1,-1,-1,-1,-1,-1,-1,-1,-1,-1,-1,-1,-1,-1,-1,-1,0,0,0,0,0,-1,0,0,0,-1,0,-1,[0|0|0|0|0|0|0|0]
213,,-1,-1,-1,-1,-1,-1,-1,-1,-1,-1,-1,-1,0,0,0,0,0,0,0,0,0,0,0,0,0,0,0,0,0,0,0,0,-1,-1,0,0,0,0,-1,-1,-1,-1,-1,-1,-1,-1,-1,-1,-1,-1,-1,-1,-1,-1,0,0,0,0,0,-1,0,0,0,-1,0,-1,[0|0|0|0|0|0|0|0]
214,,-1,-1,-1,-1,-1,-1,-1,-1,-1,-1,-1,-1,0,0,0,0,0,0,0,0,0,0,0,0,0,0,0,0,0,0,0,0,-1,-1,0,0,0,0,-1,-1,-1,-1,-1,-1,-1,-1,-1,-1,-1,-1,-1,-1,-1,-1,0,0,0,0,0,-1,0,0,0,-1,0,-1,[0|0|0|0|0|0|0|0]
215,,-1,-1,-1,-1,-1,-1,-1,-1,-1,-1,-1,-1,0,0,0,0,0,0,0,0,0,0,0,0,0,0,0,0,0,0,0,0,-1,-1,0,0,0,0,-1,-1,-1,-1,-1,-1,-1,-1,-1,-1,-1,-1,-1,-1,-1,-1,0,0,0,0,0,-1,0,0,0,-1,0,-1,[0|0|0|0|0|0|0|0]
216,,650190,-1,-1,-1,-1,-1,-1,-1,-1,6,-1,-1,0,0,0,0,0,0,0,0,0,0,0,0,0,0,0,0,0,0,0,0,-1,-1,0,0,0,0,-1,-1,-1,-1,-1,-1,-1,-1,-1,-1,-1,-1,-1,-1,-1,-1,0,0,0,0,0,-1,0,0,0,-1,0,-1,[0|0|0|0|0|0|0|0]
217,,-1,-1,-1,-1,-1,-1,-1,-1,-1,-1,-1,-1,0,0,0,0,0,0,0,0,0,0,0,0,0,0,0,0,0,0,0,0,-1,-1,0,0,0,0,-1,-1,-1,-1,-1,-1,-1,-1,-1,-1,-1,-1,-1,-1,-1,-1,0,0,0,0,0,-1,0,0,0,-1,0,-1,[0|0|0|0|0|0|0|0]
218,,-1,-1,-1,-1,-1,-1,-1,-1,-1,-1,-1,-1,0,0,0,0,0,0,0,0,0,0,0,0,0,0,0,0,0,0,0,0,-1,-1,0,0,0,0,-1,-1,-1,-1,-1,-1,-1,-1,-1,-1,-1,-1,-1,-1,-1,-1,0,0,0,0,0,-1,0,0,0,-1,0,-1,[0|0|0|0|0|0|0|0]
219,,-1,-1,-1,-1,-1,-1,-1,-1,-1,-1,-1,-1,0,0,0,0,0,0,0,0,0,0,0,0,0,0,0,0,0,0,0,0,-1,-1,0,0,0,0,-1,-1,-1,-1,-1,-1,-1,-1,-1,-1,-1,-1,-1,-1,-1,-1,0,0,0,0,0,-1,0,0,0,-1,0,-1,[0|0|0|0|0|0|0|0]
220,,-1,-1,-1,-1,-1,-1,-1,-1,-1,-1,-1,-1,0,0,0,0,0,0,0,0,0,0,0,0,0,0,0,0,0,0,0,0,-1,-1,0,0,0,0,-1,-1,-1,-1,-1,-1,-1,-1,-1,-1,-1,-1,-1,-1,-1,-1,0,0,0,0,0,-1,0,0,0,-1,0,-1,[0|0|0|0|0|0|0|0]
221,,-1,-1,-1,-1,-1,-1,-1,-1,-1,-1,-1,-1,0,0,0,0,0,0,0,0,0,0,0,0,0,0,0,0,0,0,0,0,-1,-1,0,0,0,0,-1,-1,-1,-1,-1,-1,-1,-1,-1,-1,-1,-1,-1,-1,-1,-1,0,0,0,0,0,-1,0,0,0,-1,0,-1,[0|0|0|0|0|0|0|0]
222,,-1,-1,-1,-1,-1,-1,-1,-1,-1,-1,-1,-1,0,0,0,0,0,0,0,0,0,0,0,0,0,0,0,0,0,0,0,0,-1,-1,0,0,0,0,-1,-1,-1,-1,-1,-1,-1,-1,-1,-1,-1,-1,-1,-1,-1,-1,0,0,0,0,0,-1,0,0,0,-1,0,-1,[0|0|0|0|0|0|0|0]
223,,-1,-1,-1,-1,-1,-1,-1,-1,-1,-1,-1,-1,0,0,0,0,0,0,0,0,0,0,0,0,0,0,0,0,0,0,0,0,-1,-1,0,0,0,0,-1,-1,-1,-1,-1,-1,-1,-1,-1,-1,-1,-1,-1,-1,-1,-1,0,0,0,0,0,-1,0,0,0,-1,0,-1,[0|0|0|0|0|0|0|0]
224,,-1,-1,-1,-1,-1,-1,-1,-1,-1,-1,-1,-1,0,0,0,0,0,0,0,0,0,0,0,0,0,0,0,0,0,0,0,0,-1,-1,0,0,0,0,-1,-1,-1,-1,-1,-1,-1,-1,-1,-1,-1,-1,-1,-1,-1,-1,0,0,0,0,0,-1,0,0,0,-1,0,-1,[0|0|0|0|0|0|0|0]
225,,-1,-1,-1,-1,-1,-1,-1,-1,-1,-1,-1,-1,0,0,0,0,0,0,0,0,0,0,0,0,0,0,0,0,0,0,0,0,-1,-1,0,0,0,0,-1,-1,-1,-1,-1,-1,-1,-1,-1,-1,-1,-1,-1,-1,-1,-1,0,0,0,0,0,-1,0,0,0,-1,0,-1,[0|0|0|0|0|0|0|0]
226,,-1,-1,-1,-1,-1,-1,-1,-1,-1,-1,-1,-1,0,0,0,0,0,0,0,0,0,0,0,0,0,0,0,0,0,0,0,0,-1,-1,0,0,0,0,-1,-1,-1,-1,-1,-1,-1,-1,-1,-1,-1,-1,-1,-1,-1,-1,0,0,0,0,0,-1,0,0,0,-1,0,-1,[0|0|0|0|0|0|0|0]
227,,52,-1,-1,-1,-1,-1,-1,-1,-1,7,-1,-1,0,0,0,0,0,0,0,0,0,0,0,0,0,0,0,0,0,0,0,0,-1,-1,0,0,0,0,-1,-1,-1,-1,-1,-1,-1,-1,-1,-1,-1,-1,-1,-1,-1,-1,0,0,0,0,0,-1,0,0,0,-1,0,-1,[0|0|0|0|0|0|0|0]
228,,52,-1,-1,-1,-1,-1,-1,-1,-1,1,-1,-1,0,0,0,0,0,0,0,0,0,0,0,0,0,0,0,0,0,0,0,0,-1,-1,0,0,0,0,-1,-1,-1,-1,-1,-1,-1,-1,-1,-1,-1,-1,-1,-1,-1,-1,0,0,0,0,0,-1,0,0,0,-1,0,-1,[0|0|0|0|0|0|0|0]
229,,52,-1,-1,-1,-1,-1,-1,-1,-1,2,-1,-1,0,0,0,0,0,0,0,0,0,0,0,0,0,0,0,0,0,0,0,0,-1,-1,0,0,0,0,-1,-1,-1,-1,-1,-1,-1,-1,-1,-1,-1,-1,-1,-1,-1,-1,0,0,0,0,0,-1,0,0,0,-1,0,-1,[0|0|0|0|0|0|0|0]
230,,52,-1,-1,-1,-1,-1,-1,-1,-1,3,-1,-1,0,0,0,0,0,0,0,0,0,0,0,0,0,0,0,0,0,0,0,0,-1,-1,0,0,0,0,-1,-1,-1,-1,-1,-1,-1,-1,-1,-1,-1,-1,-1,-1,-1,-1,0,0,0,0,0,-1,0,0,0,-1,0,-1,[0|0|0|0|0|0|0|0]
231,,52,-1,-1,-1,-1,-1,-1,-1,-1,4,-1,-1,0,0,0,0,0,0,0,0,0,0,0,0,0,0,0,0,0,0,0,0,-1,-1,0,0,0,0,-1,-1,-1,-1,-1,-1,-1,-1,-1,-1,-1,-1,-1,-1,-1,-1,0,0,0,0,0,-1,0,0,0,-1,0,-1,[0|0|0|0|0|0|0|0]
232,,18140,-1,-1,-1,-1,-1,-1,-1,-1,80,-1,-1,0,0,0,0,0,0,0,0,0,0,0,0,0,0,0,0,0,0,0,0,-1,-1,0,0,0,0,-1,-1,-1,-1,-1,-1,-1,-1,-1,-1,-1,-1,-1,-1,-1,-1,0,0,0,0,0,-1,0,0,0,-1,0,-1,[0|0|0|0|0|0|0|0]
233,,18140,-1,-1,-1,-1,-1,-1,-1,-1,11,-1,-1,0,0,0,0,0,0,0,0,0,0,0,0,0,0,0,0,0,0,0,0,-1,-1,0,0,0,0,-1,-1,-1,-1,-1,-1,-1,-1,-1,-1,-1,-1,-1,-1,-1,-1,0,0,0,0,0,-1,0,0,0,-1,0,-1,[0|0|0|0|0|0|0|0]
234,,18140,-1,-1,-1,-1,-1,-1,-1,-1,12,-1,-1,0,0,0,0,0,0,0,0,0,0,0,0,0,0,0,0,0,0,0,0,-1,-1,0,0,0,0,-1,-1,-1,-1,-1,-1,-1,-1,-1,-1,-1,-1,-1,-1,-1,-1,0,0,0,0,0,-1,0,0,0,-1,0,-1,[0|0|0|0|0|0|0|0]
235,,18140,-1,-1,-1,-1,-1,-1,-1,-1,13,-1,-1,0,0,0,0,0,0,0,0,0,0,0,0,0,0,0,0,0,0,0,0,-1,-1,0,0,0,0,-1,-1,-1,-1,-1,-1,-1,-1,-1,-1,-1,-1,-1,-1,-1,-1,0,0,0,0,0,-1,0,0,0,-1,0,-1,[0|0|0|0|0|0|0|0]
236,,18140,-1,-1,-1,-1,-1,-1,-1,-1,14,-1,-1,0,0,0,0,0,0,0,0,0,0,0,0,0,0,0,0,0,0,0,0,-1,-1,0,0,0,0,-1,-1,-1,-1,-1,-1,-1,-1,-1,-1,-1,-1,-1,-1,-1,-1,0,0,0,0,0,-1,0,0,0,-1,0,-1,[0|0|0|0|0|0|0|0]
237,,24032,-1,-1,-1,-1,-1,-1,-1,-1,211,-1,-1,0,0,0,0,0,0,0,0,0,0,0,0,0,0,0,0,0,0,0,0,-1,-1,0,0,0,0,-1,-1,-1,-1,-1,-1,-1,-1,-1,-1,-1,-1,-1,-1,-1,-1,0,0,0,0,0,-1,0,0,0,-1,0,-1,[0|0|0|0|0|0|0|0]
238,,-1,-1,-1,-1,-1,-1,-1,-1,-1,-1,-1,-1,0,0,0,0,0,0,0,0,0,0,0,0,0,0,0,0,0,0,0,0,-1,-1,0,9,0,0,-1,-1,-1,-1,-1,-1,-1,-1,-1,-1,-1,-1,-1,-1,-1,-1,0,0,0,0,0,-1,0,0,0,-1,0,-1,[0|0|0|0|0|0|0|0]
239,,-1,-1,-1,-1,-1,-1,-1,-1,-1,-1,-1,-1,0,0,0,0,0,0,0,0,0,0,0,0,0,0,0,0,0,0,0,0,-1,-1,0,9,0,0,-1,-1,-1,-1,-1,-1,-1,-1,-1,-1,-1,-1,-1,-1,-1,-1,0,0,0,0,0,-1,0,0,0,-1,0,-1,[0|0|0|0|0|0|0|0]
240,,-1,-1,-1,-1,-1,-1,-1,-1,-1,-1,-1,-1,0,0,0,0,0,0,0,0,0,0,0,0,0,0,0,0,0,0,0,0,-1,-1,0,9,0,0,-1,-1,-1,-1,-1,-1,-1,-1,-1,-1,-1,-1,-1,-1,-1,-1,0,0,0,0,0,-1,0,0,0,-1,0,-1,[0|0|0|0|0|0|0|0]
241,,-1,-1,-1,-1,-1,-1,-1,-1,-1,-1,-1,-1,0,0,0,0,0,0,0,0,0,0,0,0,0,0,0,0,0,0,0,0,-1,-1,0,9,0,0,-1,-1,-1,-1,-1,-1,-1,-1,-1,-1,-1,-1,-1,-1,-1,-1,0,0,0,0,0,-1,0,0,0,-1,0,-1,[0|0|0|0|0|0|0|0]
242,,-1,-1,-1,-1,-1,-1,-1,-1,-1,-1,-1,-1,0,0,0,0,0,0,0,0,0,0,0,0,0,0,0,0,0,0,0,0,-1,-1,0,9,0,0,-1,-1,-1,-1,-1,-1,-1,-1,-1,-1,-1,-1,-1,-1,-1,-1,0,0,0,0,0,-1,0,0,0,-1,0,-1,[0|0|0|0|0|0|0|0]
243,,-1,-1,-1,-1,-1,-1,-1,-1,-1,-1,-1,-1,0,0,0,0,0,0,0,0,0,0,0,0,0,0,0,0,0,0,0,0,-1,-1,0,9,0,0,-1,-1,-1,-1,-1,-1,-1,-1,-1,-1,-1,-1,-1,-1,-1,-1,0,0,0,0,0,-1,0,0,0,-1,0,-1,[0|0|0|0|0|0|0|0]
244,,-1,-1,-1,-1,-1,-1,-1,-1,-1,-1,-1,-1,0,0,0,0,0,0,0,0,0,0,0,0,0,0,0,0,0,0,0,0,-1,-1,0,9,0,0,-1,-1,-1,-1,-1,-1,-1,-1,-1,-1,-1,-1,-1,-1,-1,-1,0,0,0,0,0,-1,0,0,0,-1,0,-1,[0|0|0|0|0|0|0|0]
245,,-1,-1,-1,-1,-1,-1,-1,-1,-1,-1,-1,-1,0,0,0,0,0,0,0,0,0,0,0,0,0,0,0,0,0,0,0,0,-1,-1,0,9,0,0,-1,-1,-1,-1,-1,-1,-1,-1,-1,-1,-1,-1,-1,-1,-1,-1,0,0,0,0,0,-1,0,0,0,-1,0,-1,[0|0|0|0|0|0|0|0]
246,,-1,-1,-1,-1,-1,-1,-1,-1,-1,-1,-1,-1,0,0,0,0,0,0,0,0,0,0,0,0,0,0,0,0,0,0,0,0,-1,-1,0,9,0,0,-1,-1,-1,-1,-1,-1,-1,-1,-1,-1,-1,-1,-1,-1,-1,-1,0,0,0,0,0,-1,0,0,0,-1,0,-1,[0|0|0|0|0|0|0|0]
247,,-1,-1,-1,-1,-1,-1,-1,-1,-1,-1,-1,-1,0,0,0,0,0,0,0,0,0,0,0,0,0,0,0,0,0,0,0,0,-1,-1,0,9,0,0,-1,-1,-1,-1,-1,-1,-1,-1,-1,-1,-1,-1,-1,-1,-1,-1,0,0,0,0,0,-1,0,0,0,-1,0,-1,[0|0|0|0|0|0|0|0]
248,,-1,-1,-1,-1,-1,-1,-1,-1,-1,-1,-1,-1,0,0,0,0,0,0,0,0,0,0,0,0,0,0,0,0,0,0,0,0,-1,-1,0,9,0,0,-1,-1,-1,-1,-1,-1,-1,-1,-1,-1,-1,-1,-1,-1,-1,-1,0,0,0,0,0,-1,0,0,0,-1,0,-1,[0|0|0|0|0|0|0|0]
249,,-1,-1,-1,-1,-1,-1,-1,-1,-1,-1,-1,-1,0,0,0,0,0,0,0,0,0,0,0,0,0,0,0,0,0,0,0,0,-1,-1,0,9,0,0,-1,-1,-1,-1,-1,-1,-1,-1,-1,-1,-1,-1,-1,-1,-1,-1,0,0,0,0,0,-1,0,0,0,-1,0,-1,[0|0|0|0|0|0|0|0]
250,,-1,-1,-1,-1,-1,-1,-1,-1,-1,-1,-1,-1,0,0,0,0,0,0,0,0,0,0,0,0,0,0,0,0,0,0,0,0,-1,-1,0,9,0,0,-1,-1,-1,-1,-1,-1,-1,-1,-1,-1,-1,-1,-1,-1,-1,-1,0,0,0,0,0,-1,0,0,0,-1,0,-1,[0|0|0|0|0|0|0|0]
251,,-1,-1,-1,-1,-1,-1,-1,-1,-1,-1,-1,-1,0,0,0,0,0,0,0,0,0,0,0,0,0,0,0,0,0,0,0,0,-1,-1,0,9,0,0,-1,-1,-1,-1,-1,-1,-1,-1,-1,-1,-1,-1,-1,-1,-1,-1,0,0,0,0,0,-1,0,0,0,-1,0,-1,[0|0|0|0|0|0|0|0]
252,,4130,-1,-1,-1,-1,-1,-1,-1,-1,905,-1,-1,0,0,7,20,1,0,0,0,0,0,0,0,0,0,0,0,0,0,0,0,-1,-1,0,9,0,0,-1,-1,-1,-1,-1,-1,-1,-1,-1,-1,-1,-1,-1,-1,-1,-1,0,0,0,5,0,-1,0,0,0,-1,0,-1,[0|0|0|0|0|0|0|0]
253,,-1,-1,-1,-1,-1,-1,-1,-1,-1,-1,-1,-1,0,0,0,0,0,0,0,0,0,0,0,0,0,0,0,0,0,0,0,0,-1,-1,0,9,0,0,-1,-1,-1,-1,-1,-1,-1,-1,-1,-1,-1,-1,-1,-1,-1,-1,0,0,0,0,0,-1,0,0,0,-1,0,-1,[0|0|0|0|0|0|0|0]
254,,-1,-1,-1,-1,-1,-1,-1,-1,-1,-1,-1,-1,0,0,0,0,0,0,0,0,0,0,0,0,0,0,0,0,0,0,0,0,-1,-1,0,9,0,0,-1,-1,-1,-1,-1,-1,-1,-1,-1,-1,-1,-1,-1,-1,-1,-1,0,0,0,0,0,-1,0,0,0,-1,0,-1,[0|0|0|0|0|0|0|0]
255,,-1,-1,-1,-1,-1,-1,-1,-1,-1,-1,-1,-1,0,0,0,0,0,0,0,0,0,0,0,0,0,0,0,0,0,0,0,0,-1,-1,0,9,0,0,-1,-1,-1,-1,-1,-1,-1,-1,-1,-1,-1,-1,-1,-1,-1,-1,0,0,0,0,0,-1,0,0,0,-1,0,-1,[0|0|0|0|0|0|0|0]
256,,-1,-1,-1,-1,-1,-1,-1,-1,-1,-1,-1,-1,0,0,0,0,0,0,0,0,0,0,0,0,0,0,0,0,0,0,0,0,-1,-1,0,9,0,0,-1,-1,-1,-1,-1,-1,-1,-1,-1,-1,-1,-1,-1,-1,-1,-1,0,0,0,0,0,-1,0,0,0,-1,0,-1,[0|0|0|0|0|0|0|0]
257,,-1,-1,-1,-1,-1,-1,-1,-1,-1,-1,-1,-1,0,0,0,0,0,0,0,0,0,0,0,0,0,0,0,0,0,0,0,0,-1,-1,0,9,0,0,-1,-1,-1,-1,-1,-1,-1,-1,-1,-1,-1,-1,-1,-1,-1,-1,0,0,0,0,0,-1,0,0,0,-1,0,-1,[0|0|0|0|0|0|0|0]
258,,-1,-1,-1,-1,-1,-1,-1,-1,-1,-1,-1,-1,0,0,0,0,0,0,0,0,0,0,0,0,0,0,0,0,0,0,0,0,-1,-1,0,9,0,0,-1,-1,-1,-1,-1,-1,-1,-1,-1,-1,-1,-1,-1,-1,-1,-1,0,0,0,0,0,-1,0,0,0,-1,0,-1,[0|0|0|0|0|0|0|0]
259,,-1,-1,-1,-1,-1,-1,-1,-1,-1,-1,-1,-1,0,0,0,0,0,0,0,0,0,0,0,0,0,0,0,0,0,0,0,0,-1,-1,0,9,0,0,-1,-1,-1,-1,-1,-1,-1,-1,-1,-1,-1,-1,-1,-1,-1,-1,0,0,0,0,0,-1,0,0,0,-1,0,-1,[0|0|0|0|0|0|0|0]
260,Frostbite VFX,4270,-1,-1,-1,-1,-1,-1,-1,-1,905,-1,-1,0,0,0,0,1,0,0,0,0,0,0,0,0,0,0,0,0,1,0,0,-1,-1,0,1,0,0,-1,-1,-1,-1,-1,-1,-1,-1,-1,-1,-1,-1,-1,-1,-1,-1,0,0,0,4,0,-1,0,0,0,-1,0,-1,[0|0|0|0|0|0|0|0]
261,,894,-1,890,-1,895,-1,-1,-1,-1,198,198,198,0,0,0,0,0,0,0,0,0,0,0,0,0,0,0,0,0,0,0,0,-1,-1,0,5,0,0,-1,-1,-1,-1,-1,-1,-1,-1,-1,-1,-1,-1,-1,-1,-1,-1,0,0,0,0,0,-1,0,0,0,-1,0,-1,[0|0|0|0|0|0|0|0]
262,,-1,-1,-1,-1,-1,-1,-1,-1,-1,-1,-1,-1,0,0,0,0,0,0,0,0,0,0,0,0,0,0,0,0,0,0,0,0,-1,-1,0,0,0,0,-1,-1,-1,-1,-1,-1,-1,-1,-1,-1,-1,-1,-1,-1,-1,-1,0,0,0,0,0,-1,0,0,0,-1,0,-1,[0|0|0|0|0|0|0|0]
263,,-1,-1,-1,-1,-1,-1,-1,-1,-1,-1,-1,-1,0,0,0,0,0,0,0,0,0,0,0,0,0,0,0,0,0,0,0,0,-1,-1,0,0,0,0,-1,-1,-1,-1,-1,-1,-1,-1,-1,-1,-1,-1,-1,-1,-1,-1,0,0,0,0,0,-1,0,0,0,-1,0,-1,[0|0|0|0|0|0|0|0]
264,,1002230,-1,-1,-1,-1,-1,-1,-1,-1,220,-1,-1,0,0,4,44,0,0,0,0,0,0,0,0,0,0,0,0,0,0,0,0,-1,-1,0,0,0,0,-1,-1,-1,-1,-1,-1,-1,-1,-1,-1,-1,-1,-1,-1,-1,-1,0,0,0,0,0,-1,0,0,0,-1,0,-1,[0|0|0|0|0|0|0|0]
265,,1002231,-1,-1,-1,-1,-1,-1,-1,-1,220,-1,-1,0,0,4,45,0,0,0,0,0,0,0,0,0,0,0,0,0,0,0,0,-1,-1,0,0,0,0,-1,-1,-1,-1,-1,-1,-1,-1,-1,-1,-1,-1,-1,-1,-1,-1,0,0,0,0,0,-1,0,0,0,-1,0,-1,[0|0|0|0|0|0|0|0]
266,,-1,-1,-1,-1,-1,-1,-1,-1,-1,-1,-1,-1,0,0,0,0,0,0,0,0,0,0,0,0,0,0,0,0,0,0,0,0,-1,-1,0,0,0,0,-1,-1,-1,-1,-1,-1,-1,-1,-1,-1,-1,-1,-1,-1,-1,-1,0,0,0,0,0,-1,0,0,0,-1,0,-1,[0|0|0|0|0|0|0|0]
267,,-1,-1,-1,-1,-1,-1,-1,-1,-1,-1,-1,-1,0,0,0,0,0,0,0,0,0,0,0,0,0,0,0,0,0,0,0,0,-1,-1,0,0,0,0,-1,-1,-1,-1,-1,-1,-1,-1,-1,-1,-1,-1,-1,-1,-1,-1,0,0,0,0,0,-1,0,0,0,-1,0,-1,[0|0|0|0|0|0|0|0]
268,,-1,-1,-1,-1,-1,-1,-1,-1,-1,-1,-1,-1,0,0,0,0,0,0,0,0,0,0,0,0,0,0,0,0,0,0,0,0,-1,-1,0,0,0,0,-1,-1,-1,-1,-1,-1,-1,-1,-1,-1,-1,-1,-1,-1,-1,-1,0,0,0,0,0,-1,0,0,0,-1,0,-1,[0|0|0|0|0|0|0|0]
269,,-1,-1,-1,-1,-1,-1,-1,-1,-1,-1,-1,-1,0,0,0,0,0,0,0,0,0,0,0,0,0,0,0,0,0,0,0,0,-1,-1,0,0,0,0,-1,-1,-1,-1,-1,-1,-1,-1,-1,-1,-1,-1,-1,-1,-1,-1,0,0,0,0,0,-1,0,0,0,-1,0,-1,[0|0|0|0|0|0|0|0]
270,,-1,-1,-1,-1,-1,-1,-1,-1,-1,-1,-1,-1,0,0,0,0,0,0,0,0,0,0,0,0,0,0,0,0,0,0,0,0,-1,-1,0,0,0,0,-1,-1,-1,-1,-1,-1,-1,-1,-1,-1,-1,-1,-1,-1,-1,-1,0,0,0,0,0,-1,0,0,0,-1,0,-1,[0|0|0|0|0|0|0|0]
271,,-1,-1,-1,-1,-1,-1,-1,-1,-1,-1,-1,-1,0,0,0,0,0,0,0,0,0,0,0,0,0,0,0,0,0,0,0,0,-1,-1,0,0,0,0,-1,-1,-1,-1,-1,-1,-1,-1,-1,-1,-1,-1,-1,-1,-1,-1,0,0,0,0,0,-1,0,0,0,-1,0,-1,[0|0|0|0|0|0|0|0]
272,,-1,-1,-1,-1,-1,-1,-1,-1,-1,-1,-1,-1,0,0,0,0,0,0,0,0,0,0,0,0,0,0,0,0,0,0,0,0,-1,-1,0,0,0,0,-1,-1,-1,-1,-1,-1,-1,-1,-1,-1,-1,-1,-1,-1,-1,-1,0,0,0,0,0,-1,0,0,0,-1,0,-1,[0|0|0|0|0|0|0|0]
273,,-1,-1,-1,-1,-1,-1,-1,-1,-1,-1,-1,-1,0,0,0,0,0,0,0,0,0,0,0,0,0,0,0,0,0,0,0,0,-1,-1,0,0,0,0,-1,-1,-1,-1,-1,-1,-1,-1,-1,-1,-1,-1,-1,-1,-1,-1,0,0,0,0,0,-1,0,0,0,-1,0,-1,[0|0|0|0|0|0|0|0]
274,,-1,-1,-1,-1,-1,-1,-1,-1,-1,-1,-1,-1,0,0,0,0,0,0,0,0,0,0,0,0,0,0,0,0,0,0,0,0,-1,-1,0,0,0,0,-1,-1,-1,-1,-1,-1,-1,-1,-1,-1,-1,-1,-1,-1,-1,-1,0,0,0,0,0,-1,0,0,0,-1,0,-1,[0|0|0|0|0|0|0|0]
1000,,171,-1,-1,-1,-1,-1,-1,-1,-1,220,-1,-1,0,0,0,0,0,0,0,0,0,0,0,0,0,0,1,0,0,0,0,0,-1,-1,0,0,0,0,-1,-1,-1,-1,-1,-1,-1,-1,-1,-1,-1,-1,-1,-1,-1,-1,0,0,0,0,0,-1,0,0,0,-1,0,-1,[0|0|0|0|0|0|0|0]
4000,,-1,-1,-1,-1,-1,-1,-1,-1,-1,-1,-1,-1,0,0,0,0,0,0,1,0,0,0,0,0,0,0,0,0,0,0,0,0,-1,-1,0,0,0,0,-1,-1,-1,-1,-1,-1,-1,-1,-1,-1,-1,-1,-1,-1,-1,-1,0,0,0,0,0,800027,1,1,0,0,0,-1,[0|0|0|0|0|0|0|0]
4010,,-1,440082,-1,-1,-1,-1,-1,-1,-1,401,-1,-1,0,0,0,0,0,0,0,0,0,0,0,0,0,0,0,0,0,0,0,0,-1,-1,0,0,0,0,-1,-1,-1,-1,-1,-1,-1,-1,-1,-1,-1,-1,-1,-1,-1,-1,0,0,0,0,0,-1,0,0,0,-1,0,-1,[0|0|0|0|0|0|0|0]
4020,,-1,-1,-1,-1,-1,-1,-1,-1,-1,-1,-1,-1,0,0,0,0,0,0,1,1,1,1,0,0,0,0,0,0,0,1,0,0,-1,-1,0,0,0,0,-1,-1,-1,-1,-1,-1,-1,-1,-1,-1,-1,-1,-1,-1,-1,-1,0,0,30,0,0,-1,0,0,0,-1,0,-1,[0|0|0|0|0|0|0|0]
4030,,304620,-1,-1,-1,-1,-1,-1,-1,-1,220,-1,-1,0,0,0,0,0,0,1,0,0,0,0,0,0,0,1,0,0,0,0,0,-1,-1,0,0,0,0,-1,-1,-1,-1,-1,-1,-1,-1,-1,-1,-1,-1,-1,-1,-1,-1,0,0,0,0,0,-1,0,0,0,0,0,-1,[0|0|0|0|0|0|0|0]
4050,,807223,-1,-1,-1,-1,-1,-1,-1,-1,220,-1,-1,0,0,0,0,0,0,1,0,0,0,0,0,0,0,1,0,0,0,0,0,-1,-1,0,0,0,0,-1,-1,-1,-1,-1,-1,-1,-1,-1,-1,-1,-1,-1,-1,-1,-1,0,0,0,0,0,-1,0,0,0,0,0,-1,[0|0|0|0|0|0|0|0]
4060,,604100,-1,-1,-1,-1,-1,-1,-1,-1,220,-1,-1,0,0,0,0,0,0,1,0,0,0,0,0,0,0,1,0,0,0,0,0,-1,-1,0,0,0,0,-1,-1,-1,-1,-1,-1,-1,-1,-1,-1,-1,-1,-1,-1,-1,-1,0,0,0,0,0,-1,0,0,0,0,0,-1,[0|0|0|0|0|0|0|0]
4100,,479950,-1,-1,-1,-1,-1,-1,-1,-1,220,-1,-1,0,0,0,0,0,0,1,0,0,0,0,0,0,0,1,0,0,0,0,0,-1,-1,0,0,0,0,-1,-1,-1,-1,-1,-1,-1,-1,-1,-1,-1,-1,-1,-1,-1,-1,0,0,0,0,0,-1,0,0,0,0,0,-1,[0|0|0|0|0|0|0|0]
4500,,-1,-1,-1,-1,-1,-1,-1,-1,-1,220,-1,-1,0,0,0,0,0,0,1,0,0,0,0,0,0,0,0,0,0,0,0,0,-1,-1,0,0,0,0,-1,-1,-1,-1,-1,-1,-1,-1,-1,-1,-1,-1,-1,-1,-1,-1,0,0,0,0,0,-1,0,0,0,0,0,-1,[0|0|0|0|0|0|0|0]
4505,,-1,-1,-1,-1,-1,-1,-1,-1,-1,220,-1,-1,0,0,0,0,0,0,0,0,0,0,0,0,0,0,0,0,0,0,0,0,-1,-1,0,0,0,0,-1,-1,-1,-1,-1,-1,-1,-1,-1,-1,-1,-1,-1,-1,-1,-1,0,0,0,0,0,-1,0,0,0,0,0,-1,[0|0|0|0|0|0|0|0]
4510,,320020,-1,-1,-1,-1,-1,-1,-1,-1,220,-1,-1,0,0,0,0,0,0,0,0,0,0,0,0,0,0,0,0,0,0,0,0,-1,-1,0,0,0,0,-1,-1,-1,-1,-1,-1,-1,-1,-1,-1,-1,-1,-1,-1,-1,-1,0,0,0,0,0,-1,0,0,0,0,0,-1,[0|0|0|0|0|0|0|0]
4515,,320030,-1,-1,-1,-1,-1,-1,-1,-1,220,-1,-1,0,0,0,0,0,0,0,0,0,0,0,0,0,0,0,0,0,0,0,0,-1,-1,0,0,0,0,-1,-1,-1,-1,-1,-1,-1,-1,-1,-1,-1,-1,-1,-1,-1,-1,0,0,0,0,0,-1,0,0,0,0,0,-1,[0|0|0|0|0|0|0|0]
4520,,-1,-1,-1,-1,-1,-1,-1,-1,-1,220,-1,-1,0,0,0,0,0,0,0,0,0,0,0,0,0,0,0,0,0,0,0,0,-1,-1,0,0,0,0,-1,-1,-1,-1,-1,-1,-1,-1,-1,-1,-1,-1,-1,-1,-1,-1,0,0,0,0,0,-1,0,0,0,0,0,-1,[0|0|0|0|0|0|0|0]
4525,,-1,-1,-1,-1,-1,-1,-1,-1,-1,-1,-1,-1,0,0,3,160,0,0,0,0,0,0,0,0,0,1,0,0,0,0,0,0,-1,-1,0,0,0,0,-1,-1,-1,-1,-1,-1,-1,-1,-1,-1,-1,-1,-1,-1,-1,-1,0,0,0,0,0,-1,0,0,0,0,0,-1,[0|0|0|0|0|0|0|0]
4530,,-1,-1,-1,-1,-1,-1,-1,-1,-1,220,-1,-1,0,0,0,0,0,0,0,0,0,0,0,0,0,0,0,0,0,0,0,0,-1,-1,0,0,0,0,-1,-1,-1,-1,-1,-1,-1,-1,-1,-1,-1,-1,-1,-1,-1,-1,0,0,0,0,0,-1,0,0,0,0,0,-1,[0|0|0|0|0|0|0|0]
4535,,-1,-1,-1,-1,-1,-1,-1,-1,-1,220,-1,-1,0,0,0,0,0,0,0,0,0,0,0,0,0,0,0,0,0,0,0,0,-1,-1,0,0,0,0,-1,-1,-1,-1,-1,-1,-1,-1,-1,-1,-1,-1,-1,-1,-1,-1,0,0,0,0,0,-1,0,0,0,0,0,-1,[0|0|0|0|0|0|0|0]
4540,,-1,-1,-1,-1,-1,-1,-1,-1,-1,7,-1,-1,0,0,0,0,0,0,0,0,0,0,0,0,0,0,0,0,0,0,0,0,-1,-1,0,0,0,0,-1,-1,-1,-1,-1,-1,-1,-1,-1,-1,-1,-1,-1,-1,-1,-1,0,0,0,0,0,-1,0,0,0,0,0,-1,[0|0|0|0|0|0|0|0]
4545,,-1,-1,-1,-1,-1,-1,-1,-1,-1,-1,-1,-1,0,0,0,0,0,0,0,0,0,0,0,0,0,0,0,0,0,0,0,0,-1,-1,0,0,0,1,-1,-1,-1,-1,-1,-1,-1,-1,-1,-1,-1,-1,-1,-1,-1,-1,0,2,0,0,80,-1,0,0,0,0,0,-1,[0|0|0|0|0|0|0|0]
4550,,-1,-1,320090,-1,320091,-1,-1,-1,-1,-1,900,900,0,0,0,0,0,0,0,1,1,0,0,0,0,0,0,0,0,0,0,0,-1,-1,0,0,0,0,-1,-1,-1,-1,-1,-1,-1,-1,-1,-1,-1,-1,-1,-1,-1,-1,0,0,0,0,0,-1,0,0,0,0,0,-1,[0|0|0|0|0|0|0|0]
4555,,-1,-1,-1,-1,-1,-1,-1,-1,-1,220,-1,-1,0,0,0,0,0,0,0,0,0,0,0,0,0,0,0,0,0,0,0,0,-1,-1,0,0,0,0,-1,-1,-1,-1,-1,-1,-1,-1,-1,-1,-1,-1,-1,-1,-1,-1,0,0,0,0,0,-1,0,0,0,0,0,-1,[0|0|0|0|0|0|0|0]
4560,,-1,-1,-1,-1,-1,-1,-1,-1,-1,220,-1,-1,0,0,0,0,0,0,0,0,0,0,0,0,0,0,0,0,0,0,0,0,-1,-1,0,0,0,0,-1,-1,-1,-1,-1,-1,-1,-1,-1,-1,-1,-1,-1,-1,-1,-1,0,0,0,0,0,-1,0,0,0,0,0,-1,[0|0|0|0|0|0|0|0]
4565,,-1,-1,-1,-1,-1,-1,-1,-1,-1,-1,-1,-1,0,0,0,0,0,0,0,0,0,0,0,0,0,0,0,0,0,0,0,0,-1,-1,0,0,0,1,-1,-1,-1,-1,-1,-1,-1,-1,-1,-1,-1,-1,-1,-1,-1,-1,0,2,0,0,0,-1,0,0,0,0,0,-1,[0|0|0|0|0|0|0|0]
4570,,-1,-1,-1,-1,-1,-1,17,16,-1,220,-1,-1,0,0,1,3,0,0,0,1,0,0,0,0,0,0,0,0,0,0,0,0,-1,-1,0,0,0,0,-1,-1,-1,-1,-1,-1,-1,-1,-1,-1,-1,-1,-1,-1,-1,-1,0,0,0,0,0,-1,0,0,0,0,0,-1,[0|0|0|0|0|0|0|0]
4575,,320160,-1,-1,-1,-1,-1,-1,-1,-1,220,-1,-1,0,0,0,0,0,0,0,0,0,0,0,0,0,0,0,0,0,0,0,0,-1,-1,0,0,0,0,-1,-1,-1,-1,-1,-1,-1,-1,-1,-1,-1,-1,-1,-1,-1,-1,0,0,0,0,0,-1,0,0,0,0,0,-1,[0|0|0|0|0|0|0|0]
4580,,320160,-1,-1,-1,-1,-1,-1,-1,-1,220,-1,-1,0,0,0,0,0,0,0,0,0,0,0,0,0,0,0,0,0,0,0,0,-1,-1,0,0,0,0,-1,-1,-1,-1,-1,-1,-1,-1,-1,-1,-1,-1,-1,-1,-1,-1,0,0,0,0,0,-1,0,0,0,0,0,-1,[0|0|0|0|0|0|0|0]
4585,,320170,-1,-1,-1,-1,-1,-1,-1,-1,220,-1,-1,0,0,0,0,0,0,0,0,0,0,0,0,0,0,0,0,0,0,0,0,-1,-1,0,0,0,0,-1,-1,-1,-1,-1,-1,-1,-1,-1,-1,-1,-1,-1,-1,-1,-1,0,0,0,0,0,-1,0,0,0,0,0,-1,[0|0|0|0|0|0|0|0]
4590,,320020,-1,-1,-1,-1,-1,-1,-1,-1,220,-1,-1,0,0,3,40,0,0,0,0,0,0,0,0,0,0,0,0,0,0,0,0,-1,-1,0,0,0,0,-1,-1,-1,-1,-1,-1,-1,-1,-1,-1,-1,-1,-1,-1,-1,-1,0,0,0,0,0,-1,0,0,0,0,0,-1,[0|0|0|0|0|0|0|0]
4595,,320030,-1,-1,-1,-1,-1,-1,-1,-1,220,-1,-1,0,0,3,41,0,0,0,0,0,0,0,0,0,0,0,0,0,0,0,0,-1,-1,0,0,0,0,-1,-1,-1,-1,-1,-1,-1,-1,-1,-1,-1,-1,-1,-1,-1,-1,0,0,0,0,0,-1,0,0,0,0,0,-1,[0|0|0|0|0|0|0|0]
4600,,-1,-1,-1,-1,-1,-1,-1,-1,-1,-1,-1,-1,0,0,0,0,0,0,0,0,0,0,0,0,0,0,0,0,0,0,0,0,-1,-1,0,0,0,0,-1,-1,-1,-1,-1,-1,-1,-1,-1,-1,-1,-1,-1,-1,-1,-1,0,0,0,0,0,-1,0,0,0,0,0,-1,[0|0|0|0|0|0|0|0]
4605,,320140,-1,-1,-1,-1,-1,-1,-1,-1,220,-1,-1,0,0,3,44,0,0,0,0,0,0,0,0,0,0,0,0,0,0,0,0,-1,-1,0,0,0,0,-1,-1,-1,-1,-1,-1,-1,-1,-1,-1,-1,-1,-1,-1,-1,-1,0,0,0,0,0,-1,0,0,0,0,0,-1,[0|0|0|0|0|0|0|0]
4610,,320180,-1,-1,-1,-1,-1,-1,-1,-1,220,-1,-1,0,0,0,0,0,0,0,0,0,0,0,0,0,0,0,0,0,0,0,0,-1,-1,0,0,0,0,-1,-1,-1,-1,-1,-1,-1,-1,-1,-1,-1,-1,-1,-1,-1,-1,0,0,0,0,0,-1,0,0,0,0,0,-1,[0|0|0|0|0|0|0|0]
4615,,-1,-1,-1,-1,-1,-1,-1,-1,-1,220,-1,-1,0,0,0,0,0,0,0,0,0,0,0,0,0,0,0,0,0,0,0,0,-1,-1,0,0,0,0,-1,-1,-1,-1,-1,-1,-1,-1,-1,-1,-1,-1,-1,-1,-1,-1,0,0,0,0,0,-1,0,0,0,0,0,-1,[0|0|0|0|0|0|0|0]
4620,,524402,524402,-1,-1,-1,-1,-1,-1,-1,200,-1,-1,0,0,3,45,0,0,0,0,0,0,0,0,0,0,1,0,0,0,0,0,-1,-1,0,0,0,0,-1,-1,-1,-1,-1,-1,-1,-1,-1,-1,-1,-1,-1,-1,-1,-1,0,0,0,0,0,-1,0,0,0,-1,0,-1,[0|0|0|0|0|0|0|0]
5000,,402000,-1,-1,-1,-1,-1,-1,-1,-1,64,-1,-1,2,0,0,0,0,0,0,0,0,0,0,0,0,0,0,0,0,0,0,0,-1,-1,0,0,0,0,206,206,-1,-1,-1,-1,-1,-1,-1,-1,-1,-1,-1,-1,-1,-1,0,0,0,0,0,-1,0,0,0,-1,0,-1,[0|0|0|0|0|0|0|0]
5001,,130010,-1,-1,-1,-1,-1,-1,-1,-1,3,-1,-1,0,0,0,0,0,0,0,0,0,0,0,0,0,0,0,0,0,0,0,0,-1,-1,0,0,0,0,-1,-1,-1,-1,-1,-1,-1,-1,-1,-1,-1,-1,-1,-1,-1,-1,0,0,0,0,0,-1,0,0,0,-1,0,-1,[0|0|0|0|0|0|0|0]
5010,,300183,-1,-1,-1,-1,-1,-1,-1,-1,220,-1,-1,0,0,0,0,0,0,0,0,0,0,0,0,0,0,0,0,0,0,0,0,-1,-1,0,0,0,0,-1,-1,-1,-1,-1,-1,-1,-1,-1,-1,-1,-1,-1,-1,-1,-1,0,0,0,0,0,-1,0,0,0,-1,0,-1,[0|0|0|0|0|0|0|0]
5011,,300183,-1,-1,-1,-1,-1,-1,-1,-1,220,-1,-1,0,0,0,0,0,0,0,0,0,0,0,0,0,0,0,0,0,0,0,0,-1,-1,0,0,0,0,-1,-1,-1,-1,-1,-1,-1,-1,-1,-1,-1,-1,-1,-1,-1,-1,0,0,0,0,0,-1,0,0,0,-1,0,-1,[0|0|0|0|0|0|0|0]
5012,,300183,-1,-1,-1,-1,-1,-1,-1,-1,220,-1,-1,0,0,0,0,0,0,0,0,0,0,0,0,0,0,0,0,0,0,0,0,-1,-1,0,0,0,0,-1,-1,-1,-1,-1,-1,-1,-1,-1,-1,-1,-1,-1,-1,-1,-1,0,0,0,0,0,-1,0,0,0,-1,0,-1,[0|0|0|0|0|0|0|0]
5020,,-1,-1,300373,-1,-1,-1,-1,-1,-1,-1,205,-1,0,0,0,0,0,0,0,0,0,0,0,0,0,0,0,0,0,0,0,0,-1,-1,0,0,0,0,-1,-1,-1,-1,-1,-1,-1,-1,-1,-1,-1,-1,-1,-1,-1,-1,0,0,0,0,0,-1,0,0,0,-1,0,-1,[0|0|0|0|0|0|0|0]
5021,,4860,-1,-1,-1,-1,-1,-1,-1,-1,905,-1,-1,0,0,0,0,1,0,0,0,0,0,0,0,0,0,0,0,0,0,0,0,-1,-1,0,0,0,0,-1,-1,-1,-1,-1,-1,-1,-1,-1,-1,-1,-1,-1,-1,-1,-1,0,0,0,0,0,-1,0,0,0,-1,0,-1,[0|0|0|0|0|0|0|0]
5022,,4865,-1,-1,-1,-1,-1,-1,-1,-1,199,-1,-1,0,0,0,0,0,0,0,0,0,0,0,0,0,0,0,0,0,0,0,0,-1,-1,0,0,0,0,-1,-1,-1,-1,-1,-1,-1,-1,-1,-1,-1,-1,-1,-1,-1,-1,0,0,0,0,0,-1,0,0,0,-1,0,-1,[0|0|0|0|0|0|0|0]
5030,,301002,-1,-1,-1,-1,-1,-1,-1,-1,220,-1,-1,0,0,0,0,0,0,0,0,0,0,0,0,0,0,1,0,0,0,0,0,-1,-1,0,0,0,0,-1,-1,-1,-1,-1,-1,-1,-1,-1,-1,-1,-1,-1,-1,-1,-1,0,0,0,0,0,-1,0,0,0,-1,0,-1,[0|0|0|0|0|0|0|0]
5031,,-1,-1,302901,-1,-1,-1,-1,-1,-1,-1,907,-1,0,0,0,0,0,0,0,0,0,0,0,0,0,0,0,0,0,0,0,0,-1,-1,0,0,0,0,-1,-1,-1,-1,-1,-1,-1,-1,-1,-1,-1,-1,-1,-1,-1,-1,0,0,0,0,0,-1,0,0,0,-1,0,-1,[0|0|0|0|0|0|0|0]
5032,,-1,-1,302911,-1,-1,-1,-1,-1,-1,-1,907,-1,0,0,0,0,0,0,0,0,0,0,0,0,0,0,0,0,0,0,0,0,-1,-1,0,0,0,0,-1,-1,-1,-1,-1,-1,-1,-1,-1,-1,-1,-1,-1,-1,-1,-1,0,0,0,0,0,-1,0,0,0,-1,0,-1,[0|0|0|0|0|0|0|0]
5033,,-1,-1,302921,-1,-1,-1,-1,-1,-1,-1,907,-1,0,0,0,0,0,0,0,0,0,0,0,0,0,0,0,0,0,0,0,0,-1,-1,0,0,0,0,-1,-1,-1,-1,-1,-1,-1,-1,-1,-1,-1,-1,-1,-1,-1,-1,0,0,0,0,0,-1,0,0,0,-1,0,-1,[0|0|0|0|0|0|0|0]
5035,,304665,-1,-1,-1,-1,-1,-1,-1,-1,220,-1,-1,0,0,0,0,0,0,0,0,0,0,0,0,0,0,0,0,0,0,0,0,-1,-1,0,0,0,0,-1,-1,-1,-1,-1,-1,-1,-1,-1,-1,-1,-1,-1,-1,-1,-1,0,0,0,0,0,-1,0,0,0,0,0,-1,[0|0|0|0|0|0|0|0]
5036,,4910,100004910,-1,-1,-1,-1,-1,-1,-1,905,-1,-1,0,0,0,0,1,0,0,0,0,0,0,0,0,0,0,0,0,0,0,0,-1,-1,0,0,0,0,-1,-1,-1,-1,-1,-1,-1,-1,-1,-1,-1,-1,-1,-1,-1,-1,0,0,0,0,0,-1,0,0,0,-1,0,-1,[0|0|0|0|0|0|0|0]
5037,,4900,100004900,-1,-1,-1,-1,-1,-1,-1,905,-1,-1,0,0,0,0,1,0,0,0,0,0,0,0,0,0,0,0,0,0,0,0,-1,-1,0,0,0,0,-1,-1,-1,-1,-1,-1,-1,-1,-1,-1,-1,-1,-1,-1,-1,-1,0,0,0,0,0,-1,0,0,0,-1,0,-1,[0|0|0|0|0|0|0|0]
5043,,304620,-1,-1,-1,-1,-1,-1,-1,-1,220,-1,-1,0,0,0,0,0,0,0,0,0,0,0,0,0,0,0,0,0,0,0,0,-1,-1,0,0,0,0,-1,-1,-1,-1,-1,-1,-1,-1,-1,-1,-1,-1,-1,-1,-1,-1,0,0,0,0,0,-1,0,0,0,0,0,-1,[0|0|0|0|0|0|0|0]
5044,,304675,-1,320160,-1,-1,-1,-1,-1,-1,220,220,-1,0,0,0,0,0,0,0,0,0,0,0,0,0,0,0,0,0,0,0,0,-1,-1,0,0,0,0,-1,-1,-1,-1,-1,-1,-1,-1,-1,-1,-1,-1,-1,-1,-1,-1,0,0,0,0,0,-1,0,0,0,0,0,-1,[0|0|0|0|0|0|0|0]
5045,,4910,100004910,-1,-1,-1,-1,-1,-1,-1,905,-1,-1,0,0,0,0,1,0,0,0,0,0,0,0,0,0,0,0,0,0,0,0,-1,-1,0,0,0,0,-1,-1,-1,-1,-1,-1,-1,-1,-1,-1,-1,-1,-1,-1,-1,-1,0,0,0,0,0,-1,0,0,0,-1,0,-1,[0|0|0|0|0|0|0|0]
5046,,4900,100004900,-1,-1,-1,-1,-1,-1,-1,905,-1,-1,0,0,0,0,1,0,0,0,0,0,0,0,0,0,0,0,0,0,0,0,-1,-1,0,0,0,0,-1,-1,-1,-1,-1,-1,-1,-1,-1,-1,-1,-1,-1,-1,-1,-1,0,0,0,0,0,-1,0,0,0,-1,0,-1,[0|0|0|0|0|0|0|0]
5050,,-1,-1,304571,-1,-1,-1,-1,-1,-1,-1,905,-1,0,0,0,0,0,0,0,0,0,0,0,0,0,0,0,0,0,0,0,0,-1,-1,0,0,0,0,-1,-1,-1,-1,-1,-1,-1,-1,-1,-1,-1,-1,-1,-1,-1,-1,0,0,0,0,0,-1,0,0,0,-1,0,-1,[0|0|0|0|0|0|0|0]
5051,,-1,-1,304511,-1,-1,-1,-1,-1,-1,-1,905,-1,0,0,0,0,0,0,0,0,0,0,0,0,0,0,0,0,0,0,0,0,-1,-1,0,0,0,0,-1,-1,-1,-1,-1,-1,-1,-1,-1,-1,-1,-1,-1,-1,-1,-1,0,0,0,0,0,-1,0,0,0,-1,0,-1,[0|0|0|0|0|0|0|0]
5052,,-1,-1,304541,-1,-1,-1,-1,-1,-1,-1,905,-1,0,0,0,0,0,0,0,0,0,0,0,0,0,0,0,0,0,0,0,0,-1,-1,0,0,0,0,-1,-1,-1,-1,-1,-1,-1,-1,-1,-1,-1,-1,-1,-1,-1,-1,0,0,0,0,0,-1,0,0,0,-1,0,-1,[0|0|0|0|0|0|0|0]
5053,,-1,-1,304551,-1,-1,-1,-1,-1,-1,-1,905,-1,0,0,0,0,0,0,0,0,0,0,0,0,0,0,0,0,0,0,0,0,-1,-1,0,0,0,0,-1,-1,-1,-1,-1,-1,-1,-1,-1,-1,-1,-1,-1,-1,-1,-1,0,0,0,0,0,-1,0,0,0,-1,0,-1,[0|0|0|0|0|0|0|0]
5054,,-1,-1,304521,-1,-1,-1,-1,-1,-1,-1,905,-1,0,0,0,0,0,0,0,0,0,0,0,0,0,0,0,0,0,0,0,0,-1,-1,0,0,0,0,-1,-1,-1,-1,-1,-1,-1,-1,-1,-1,-1,-1,-1,-1,-1,-1,0,0,0,0,0,-1,0,0,0,-1,0,-1,[0|0|0|0|0|0|0|0]
5055,,-1,-1,304561,-1,-1,-1,-1,-1,-1,-1,905,-1,0,0,0,0,0,0,0,0,0,0,0,0,0,0,0,0,0,0,0,0,-1,-1,0,0,0,0,-1,-1,-1,-1,-1,-1,-1,-1,-1,-1,-1,-1,-1,-1,-1,-1,0,0,0,0,0,-1,0,0,0,-1,0,-1,[0|0|0|0|0|0|0|0]
5056,,-1,-1,304531,-1,-1,-1,-1,-1,-1,-1,905,-1,0,0,0,0,0,0,0,0,0,0,0,0,0,0,0,0,0,0,0,0,-1,-1,0,0,0,0,-1,-1,-1,-1,-1,-1,-1,-1,-1,-1,-1,-1,-1,-1,-1,-1,0,0,0,0,0,-1,0,0,0,-1,0,-1,[0|0|0|0|0|0|0|0]
5090,Blood Weapon VFX (Right),303091,303091,-1,-1,-1,-1,-1,-1,-1,-1,-1,-1,1,0,0,0,0,0,0,0,0,0,0,0,0,0,0,0,0,0,1,0,-1,-1,0,0,11,0,10300,-1,11300,-1,10310,-1,11310,-1,10320,-1,11320,-1,10330,-1,11330,-1,0,0,0,0,0,-1,0,0,0,-1,0,-1,[0|0|0|0|0|0|0|0]
5091,,303101,303101,-1,-1,-1,-1,-1,-1,-1,-1,-1,-1,1,12,0,0,0,0,0,0,0,0,0,0,0,0,0,0,0,0,1,0,-1,-1,0,0,12,0,10300,-1,11300,-1,10310,-1,11310,-1,10320,-1,11320,-1,10330,-1,11330,-1,0,0,0,0,0,-1,0,0,0,-1,0,-1,[0|0|0|0|0|0|0|0]
5092,Frostbite Weapon VFX (Right),303111,303111,-1,-1,-1,-1,-1,-1,-1,-1,-1,-1,1,6,0,0,0,0,0,0,0,0,0,0,0,0,0,0,0,0,1,0,-1,-1,0,0,6,0,10300,-1,11300,-1,10310,-1,11310,-1,10320,-1,11320,-1,10330,-1,11330,-1,0,0,0,0,0,-1,0,0,0,-1,0,-1,[0|0|0|0|0|0|0|0]
5093,Anti-Dragon Weapon VFX (Right),303181,303181,-1,-1,-1,-1,-1,-1,-1,-1,-1,-1,1,0,0,0,0,0,0,0,0,0,0,0,0,0,0,0,0,0,1,0,-1,-1,0,0,16,0,10300,-1,11300,-1,10310,-1,11310,-1,10320,-1,11320,-1,10330,-1,11330,-1,0,0,0,0,0,-1,0,0,0,-1,0,-1,[0|0|0|0|0|0|0|0]
5094,,303191,303191,-1,-1,-1,-1,-1,-1,-1,-1,-1,-1,1,0,0,0,0,0,0,0,0,0,0,0,0,0,0,0,0,0,1,0,-1,-1,0,0,14,0,10300,-1,11300,-1,10310,-1,11310,-1,10320,-1,11320,-1,10330,-1,11330,-1,0,0,0,0,0,-1,0,0,0,-1,0,-1,[0|0|0|0|0|0|0|0]
5100,Flame Weapon VFX (Left),303001,303001,-1,-1,-1,-1,-1,-1,-1,-1,-1,-1,2,0,0,0,0,0,0,0,0,0,0,0,0,0,0,0,0,0,1,0,-1,-1,0,0,2,0,20300,-1,21300,-1,20310,-1,21310,-1,20320,-1,21320,-1,20330,-1,21330,-1,0,0,0,0,0,-1,0,0,0,-1,0,-1,[0|0|0|0|0|0|0|0]
5105,Lightning Weapon VFX (Left),303011,303011,-1,-1,-1,-1,-1,-1,-1,-1,-1,-1,2,0,0,0,0,0,0,0,0,0,0,0,0,0,0,0,0,0,1,0,-1,-1,0,0,3,0,20300,-1,21300,-1,20310,-1,21310,-1,20320,-1,21320,-1,20330,-1,21330,-1,0,0,0,0,0,-1,0,0,0,-1,0,-1,[0|0|0|0|0|0|0|0]
5110,,303061,303061,-1,-1,-1,-1,-1,-1,-1,-1,-1,-1,2,0,0,0,0,0,0,0,0,0,0,0,0,0,0,0,0,0,1,0,-1,-1,0,0,5,0,20300,-1,21300,-1,20310,-1,21310,-1,20320,-1,21320,-1,20330,-1,21330,-1,0,0,0,0,0,-1,0,0,0,-1,0,-1,[0|0|0|0|0|0|0|0]
5115,,303071,303071,-1,-1,-1,-1,-1,-1,-1,-1,-1,-1,2,1,0,0,0,0,0,0,0,0,0,0,0,0,0,0,0,0,1,0,-1,-1,0,0,1,0,20300,-1,21300,-1,20310,-1,21310,-1,20320,-1,21320,-1,20330,-1,21330,-1,0,0,0,0,0,-1,0,0,0,-1,0,-1,[0|0|0|0|0|0|0|0]
5120,Holy Weapon VFX (Left),303131,303131,-1,-1,-1,-1,-1,-1,-1,-1,-1,-1,2,10,0,0,0,0,0,0,0,0,0,0,0,0,0,0,0,0,1,0,-1,-1,0,0,10,0,20300,-1,21300,-1,20310,-1,21310,-1,20320,-1,21320,-1,20330,-1,21330,-1,0,0,0,0,0,-1,0,0,0,-1,0,-1,[0|0|0|0|0|0|0|0]
5125,Blood Weapon VFX (Left),303091,303091,-1,-1,-1,-1,-1,-1,-1,-1,-1,-1,2,0,0,0,0,0,0,0,0,0,0,0,0,0,0,0,0,0,1,0,-1,-1,0,0,11,0,20300,-1,21300,-1,20310,-1,21310,-1,20320,-1,21320,-1,20330,-1,21330,-1,0,0,0,0,0,-1,0,0,0,-1,0,-1,[0|0|0|0|0|0|0|0]
5130,,303101,303101,-1,-1,-1,-1,-1,-1,-1,-1,-1,-1,2,12,0,0,0,0,0,0,0,0,0,0,0,0,0,0,0,0,1,0,-1,-1,0,0,12,0,20300,-1,21300,-1,20310,-1,21310,-1,20320,-1,21320,-1,20330,-1,21330,-1,0,0,0,0,0,-1,0,0,0,-1,0,-1,[0|0|0|0|0|0|0|0]
5135,Frostbite Weapon VFX (Left),303111,303111,-1,-1,-1,-1,-1,-1,-1,-1,-1,-1,2,6,0,0,0,0,0,0,0,0,0,0,0,0,0,0,0,0,1,0,-1,-1,0,0,6,0,20300,-1,21300,-1,20310,-1,21310,-1,20320,-1,21320,-1,20330,-1,21330,-1,0,0,0,0,0,-1,0,0,0,-1,0,-1,[0|0|0|0|0|0|0|0]
5140,,303131,303131,-1,-1,-1,-1,-1,-1,-1,-1,-1,-1,2,10,0,0,0,0,0,0,0,0,0,0,0,0,0,0,0,0,1,0,-1,-1,0,0,10,0,20300,-1,21300,-1,20310,-1,21310,-1,20320,-1,21320,-1,20330,-1,21330,-1,0,0,0,0,0,-1,0,0,0,-1,0,-1,[0|0|0|0|0|0|0|0]
5145,Anti-Dragon Weapon VFX (Left),303181,303181,-1,-1,-1,-1,-1,-1,-1,-1,-1,-1,2,0,0,0,0,0,0,0,0,0,0,0,0,0,0,0,0,0,1,0,-1,-1,0,0,16,0,20300,-1,21300,-1,20310,-1,21310,-1,20320,-1,21320,-1,20330,-1,21330,-1,0,0,0,0,0,-1,0,0,0,-1,0,-1,[0|0|0|0|0|0|0|0]
5150,,303191,303191,-1,-1,-1,-1,-1,-1,-1,-1,-1,-1,2,0,0,0,0,0,0,0,0,0,0,0,0,0,0,0,0,0,1,0,-1,-1,0,0,14,0,20300,-1,21300,-1,20310,-1,21310,-1,20320,-1,21320,-1,20330,-1,21330,-1,0,0,0,0,0,-1,0,0,0,-1,0,-1,[0|0|0|0|0|0|0|0]
5160,,-1,-1,-1,-1,-1,-1,-1,-1,-1,-1,-1,-1,1,1,0,0,0,0,0,0,0,0,0,0,0,0,0,0,0,0,0,0,-1,-1,0,0,1,0,-1,-1,-1,-1,-1,-1,-1,-1,-1,-1,-1,-1,-1,-1,-1,-1,0,0,0,0,0,-1,0,0,0,-1,0,-1,[0|0|0|0|0|0|0|0]
5165,,-1,-1,-1,-1,-1,-1,-1,-1,-1,-1,-1,-1,2,1,0,0,0,0,0,0,0,0,0,0,0,0,0,0,0,0,0,0,-1,-1,0,0,1,0,-1,-1,-1,-1,-1,-1,-1,-1,-1,-1,-1,-1,-1,-1,-1,-1,0,0,0,0,0,-1,0,0,0,-1,0,-1,[0|0|0|0|0|0|0|0]
5190,,4090,-1,-1,-1,-1,-1,-1,-1,-1,907,-1,-1,0,0,0,0,1,0,0,0,0,0,0,0,0,0,0,0,0,0,0,0,-1,-1,0,0,0,0,-1,-1,-1,-1,-1,-1,-1,-1,-1,-1,-1,-1,-1,-1,-1,-1,0,0,0,0,0,-1,0,0,0,-1,0,-1,[0|0|0|0|0|0|0|0]
5200,,301282,-1,-1,-1,-1,-1,-1,-1,-1,200,-1,-1,0,0,3,70,0,0,0,0,0,0,0,0,0,0,1,0,0,0,0,0,-1,-1,0,0,0,0,-1,-1,-1,-1,-1,-1,-1,-1,-1,-1,-1,-1,-1,-1,-1,-1,0,0,0,0,0,-1,0,0,0,-1,0,-1,[0|0|0|0|0|0|0|0]
5210,,4720,-1,-1,-1,-1,-1,-1,-1,-1,905,-1,-1,0,0,3,70,0,0,0,0,0,0,0,0,0,0,0,0,0,0,0,0,-1,-1,0,0,0,0,-1,-1,-1,-1,-1,-1,-1,-1,-1,-1,-1,-1,-1,-1,-1,-1,0,0,0,0,0,-1,0,0,0,-1,0,-1,[0|0|0|0|0|0|0|0]
5220,,301292,-1,-1,-1,-1,-1,-1,-1,-1,200,-1,-1,0,0,3,70,0,0,0,0,0,0,0,0,0,0,1,0,0,0,0,0,-1,-1,0,0,0,0,-1,-1,-1,-1,-1,-1,-1,-1,-1,-1,-1,-1,-1,-1,-1,-1,0,0,0,0,0,-1,0,0,0,-1,0,-1,[0|0|0|0|0|0|0|0]
5230,,301312,-1,-1,-1,-1,-1,-1,-1,-1,200,-1,-1,0,0,3,70,0,0,0,0,0,0,0,0,0,0,1,0,0,0,0,0,-1,-1,0,0,0,0,-1,-1,-1,-1,-1,-1,-1,-1,-1,-1,-1,-1,-1,-1,-1,-1,0,0,0,0,0,-1,0,0,0,-1,0,-1,[0|0|0|0|0|0|0|0]
5270,,-1,-1,-1,-1,300552,300552,-1,-1,-1,-1,-1,200,0,0,7,6,0,0,0,0,0,0,0,0,0,0,0,0,1,0,0,0,-1,-1,0,0,0,0,-1,-1,-1,-1,-1,-1,-1,-1,-1,-1,-1,-1,-1,-1,-1,-1,0,0,0,7,0,-1,0,0,0,-1,0,-1,[0|0|0|0|0|0|0|0]
5271,,300552,-1,300551,-1,-1,-1,-1,-1,-1,200,220,-1,0,0,0,0,0,0,0,0,0,0,0,0,0,0,1,0,0,0,0,0,-1,-1,0,0,0,0,-1,-1,-1,-1,-1,-1,-1,-1,-1,-1,-1,-1,-1,-1,-1,-1,0,0,0,0,0,-1,0,0,0,-1,0,-1,[0|0|0|0|0|0|0|0]
5280,,4530,-1,-1,-1,-1,-1,-1,-1,-1,905,-1,-1,0,0,3,60,0,0,0,0,0,0,0,0,0,0,0,0,1,0,0,0,-1,-1,0,0,0,0,-1,-1,-1,-1,-1,-1,-1,-1,-1,-1,-1,-1,-1,-1,-1,-1,0,0,0,0,0,-1,0,0,0,-1,0,-1,[0|0|0|0|0|0|0|0]
5281,,-1,-1,300561,-1,-1,-1,-1,-1,-1,-1,220,-1,0,0,0,0,0,0,0,0,0,0,0,0,0,0,0,0,1,0,0,0,-1,-1,0,0,0,0,-1,-1,-1,-1,-1,-1,-1,-1,-1,-1,-1,-1,-1,-1,-1,-1,0,0,0,0,0,-1,0,0,0,-1,0,-1,[0|0|0|0|0|0|0|0]
5302,,300552,-1,300551,-1,-1,-1,-1,-1,-1,200,220,-1,0,0,7,6,0,0,0,0,0,0,0,0,0,0,1,0,0,0,0,0,-1,-1,0,0,0,0,-1,-1,-1,-1,-1,-1,-1,-1,-1,-1,-1,-1,-1,-1,-1,-1,0,0,0,7,0,-1,0,0,0,-1,0,-1,[0|0|0|0|0|0|0|0]
5303,,4530,-1,300561,-1,-1,-1,-1,-1,-1,905,220,-1,0,0,3,60,0,0,0,0,0,0,0,0,0,0,0,0,1,0,0,0,-1,-1,0,0,0,0,-1,-1,-1,-1,-1,-1,-1,-1,-1,-1,-1,-1,-1,-1,-1,-1,0,0,0,0,0,-1,0,0,0,-1,0,-1,[0|0|0|0|0|0|0|0]
5304,,4610,-1,-1,-1,-1,-1,-1,-1,-1,220,-1,-1,0,0,0,0,1,0,0,0,0,0,0,0,0,0,1,1,1,0,0,0,-1,-1,0,0,0,0,-1,-1,-1,-1,-1,-1,-1,-1,-1,-1,-1,-1,-1,-1,-1,-1,0,0,0,0,0,-1,0,0,0,-1,0,-1,[0|0|0|0|0|0|0|0]
5306,,4750,300541,-1,-1,-1,-1,-1,-1,-1,905,-1,-1,0,0,3,21,1,0,0,0,0,0,0,0,0,0,0,0,0,0,0,0,-1,-1,0,0,0,0,-1,-1,-1,-1,-1,-1,-1,-1,-1,-1,-1,-1,-1,-1,-1,-1,0,0,0,0,0,-1,0,0,0,-1,0,-1,[0|0|0|0|0|0|0|0]
5307,Arteria Leaf - ? VFX,4500,-1,300541,-1,-1,-1,-1,-1,-1,905,905,-1,0,0,3,40,1,0,0,0,0,0,0,0,0,0,0,0,0,0,0,0,-1,-1,0,0,0,0,-1,-1,-1,-1,-1,-1,-1,-1,-1,-1,-1,-1,-1,-1,-1,-1,0,0,0,0,0,-1,0,0,0,-1,0,-1,[0|0|0|0|0|0|0|0]
5308,,4610,-1,-1,-1,-1,-1,-1,-1,-1,220,-1,-1,0,0,0,0,1,0,0,0,0,0,0,0,0,0,0,0,0,0,0,0,-1,-1,0,0,0,0,-1,-1,-1,-1,-1,-1,-1,-1,-1,-1,-1,-1,-1,-1,-1,-1,0,0,0,0,0,-1,0,0,0,-1,0,-1,[0|0|0|0|0|0|0|0]
5309,,4225,-1,-1,-1,-1,-1,-1,-1,-1,845,-1,-1,0,0,0,0,1,0,0,0,0,0,0,0,0,0,0,0,0,0,0,0,-1,-1,0,0,0,0,-1,-1,-1,-1,-1,-1,-1,-1,-1,-1,-1,-1,-1,-1,-1,-1,0,0,0,0,0,-1,0,0,0,-1,0,-1,[0|0|0|0|0|0|0|0]
5310,,302212,523542,-1,-1,-1,-1,-1,-1,-1,212,-1,-1,0,0,1,20,0,0,0,0,0,0,0,0,0,1,0,0,0,0,0,0,-1,-1,0,0,0,0,-1,-1,-1,-1,-1,-1,-1,-1,-1,-1,-1,-1,-1,-1,-1,-1,0,0,0,0,0,-1,0,0,0,-1,0,-1,[0|0|0|0|0|0|0|0]
5311,,302213,523542,-1,-1,-1,-1,-1,-1,-1,1,-1,-1,0,0,0,0,0,0,0,0,0,0,0,0,0,1,0,0,0,0,0,0,-1,-1,0,0,0,0,-1,-1,-1,-1,-1,-1,-1,-1,-1,-1,-1,-1,-1,-1,-1,-1,0,0,0,0,0,-1,0,0,0,-1,0,-1,[0|0|0|0|0|0|0|0]
5312,,302213,-1,-1,-1,-1,-1,-1,-1,-1,2,-1,-1,0,0,0,0,0,0,0,0,0,0,0,0,0,1,0,0,0,0,0,0,-1,-1,0,0,0,0,-1,-1,-1,-1,-1,-1,-1,-1,-1,-1,-1,-1,-1,-1,-1,-1,0,0,0,0,0,-1,0,0,0,-1,0,-1,[0|0|0|0|0|0|0|0]
5313,,302213,-1,-1,-1,-1,-1,-1,-1,-1,3,-1,-1,0,0,0,0,0,0,0,0,0,0,0,0,0,1,0,0,0,0,0,0,-1,-1,0,0,0,0,-1,-1,-1,-1,-1,-1,-1,-1,-1,-1,-1,-1,-1,-1,-1,-1,0,0,0,0,0,-1,0,0,0,-1,0,-1,[0|0|0|0|0|0|0|0]
5314,,302213,-1,-1,-1,-1,-1,-1,-1,-1,4,-1,-1,0,0,0,0,0,0,0,0,0,0,0,0,0,1,0,0,0,0,0,0,-1,-1,0,0,0,0,-1,-1,-1,-1,-1,-1,-1,-1,-1,-1,-1,-1,-1,-1,-1,-1,0,0,0,0,0,-1,0,0,0,-1,0,-1,[0|0|0|0|0|0|0|0]
5320,,300642,-1,300641,-1,-1,-1,-1,-1,-1,200,220,-1,0,0,7,7,0,0,0,0,0,0,0,0,0,0,1,0,0,0,0,0,-1,-1,0,0,0,0,-1,-1,-1,-1,-1,-1,-1,-1,-1,-1,-1,-1,-1,-1,-1,-1,0,0,0,1,0,-1,0,0,0,-1,0,-1,[0|0|0|0|0|0|0|0]
5321,,-1,-1,-1,-1,-1,-1,-1,-1,-1,-1,-1,-1,0,0,7,7,0,0,0,0,0,0,0,0,0,0,0,0,0,0,0,0,-1,-1,0,0,0,0,-1,-1,-1,-1,-1,-1,-1,-1,-1,-1,-1,-1,-1,-1,-1,-1,0,0,0,1,0,-1,0,0,0,-1,0,-1,[0|0|0|0|0|0|0|0]
5330,,-1,-1,-1,-1,-1,-1,-1,-1,-1,-1,-1,220,0,0,3,10,0,0,0,1,1,1,0,0,0,1,0,0,0,0,0,0,-1,-1,0,0,0,0,-1,-1,-1,-1,-1,-1,-1,-1,-1,-1,-1,-1,-1,-1,-1,-1,2,0,0,0,0,-1,0,0,0,-1,0,-1,[0|0|0|0|0|0|0|0]
5331,,-1,-1,-1,-1,-1,-1,-1,-1,-1,-1,-1,-1,0,0,1,10,0,0,0,0,0,0,0,0,0,0,0,0,0,0,0,0,-1,-1,0,0,0,0,-1,-1,-1,-1,-1,-1,-1,-1,-1,-1,-1,-1,-1,-1,-1,-1,0,0,0,0,0,-1,0,0,0,-1,0,-1,[0|0|0|0|0|0|0|0]
5350,,4500,-1,-1,-1,-1,-1,-1,-1,-1,905,-1,-1,0,0,3,60,0,0,0,0,0,0,0,0,0,0,0,0,1,0,0,0,-1,-1,0,0,0,0,-1,-1,-1,-1,-1,-1,-1,-1,-1,-1,-1,-1,-1,-1,-1,-1,0,0,0,0,0,-1,0,0,0,-1,0,-1,[0|0|0|0|0|0|0|0]
5352,,301202,-1,-1,-1,-1,-1,-1,-1,-1,220,-1,-1,0,0,3,80,0,0,0,0,0,0,0,0,0,0,1,1,1,0,0,0,-1,-1,0,0,0,0,-1,-1,-1,-1,-1,-1,-1,-1,-1,-1,-1,-1,-1,-1,-1,-1,0,0,0,0,0,-1,0,0,0,-1,0,-1,[0|0|0|0|0|0|0|0]
5354,,301212,-1,-1,-1,-1,-1,-1,-1,-1,905,-1,-1,0,0,3,70,0,0,0,0,0,0,0,0,0,0,0,1,1,0,0,0,-1,-1,0,0,0,0,-1,-1,-1,-1,-1,-1,-1,-1,-1,-1,-1,-1,-1,-1,-1,-1,0,0,0,0,0,-1,0,0,0,-1,0,-1,[0|0|0|0|0|0|0|0]
5356,Rowa Bush - Damage Negation VFX,301222,-1,-1,-1,-1,-1,-1,-1,-1,905,-1,-1,0,0,3,70,0,0,0,0,0,0,0,0,0,0,0,1,1,0,0,0,-1,-1,0,0,0,0,-1,-1,-1,-1,-1,-1,-1,-1,-1,-1,-1,-1,-1,-1,-1,-1,0,0,0,0,0,-1,0,0,0,-1,0,-1,[0|0|0|0|0|0|0|0]
5358,Grave Violets - Damage Negation VFX,301232,-1,-1,-1,-1,-1,-1,-1,-1,905,-1,-1,0,0,3,70,0,0,0,0,0,0,0,0,0,0,0,1,1,0,0,0,-1,-1,0,0,0,0,-1,-1,-1,-1,-1,-1,-1,-1,-1,-1,-1,-1,-1,-1,-1,-1,0,0,0,0,0,-1,0,0,0,-1,0,-1,[0|0|0|0|0|0|0|0]
5360,,301242,-1,-1,-1,-1,-1,-1,-1,-1,905,-1,-1,0,0,3,70,0,0,0,0,0,0,0,0,0,0,0,1,1,0,0,0,-1,-1,0,0,0,0,-1,-1,-1,-1,-1,-1,-1,-1,-1,-1,-1,-1,-1,-1,-1,-1,0,0,0,0,0,-1,0,0,0,-1,0,-1,[0|0|0|0|0|0|0|0]
5362,,301252,-1,-1,-1,-1,-1,-1,-1,-1,220,-1,-1,0,0,3,100,0,0,0,0,0,0,0,0,0,0,1,1,1,0,0,0,-1,-1,0,0,0,0,-1,-1,-1,-1,-1,-1,-1,-1,-1,-1,-1,-1,-1,-1,-1,-1,0,0,0,0,0,-1,0,0,0,-1,0,-1,[0|0|0|0|0|0|0|0]
5364,,301262,-1,-1,-1,-1,-1,-1,-1,-1,220,-1,-1,0,0,3,100,0,0,0,0,0,0,0,0,0,0,1,1,1,0,0,0,-1,-1,0,0,0,0,-1,-1,-1,-1,-1,-1,-1,-1,-1,-1,-1,-1,-1,-1,-1,-1,0,0,0,0,0,-1,0,0,0,-1,0,-1,[0|0|0|0|0|0|0|0]
5366,,301232,-1,528152,-1,-1,-1,-1,-1,-1,905,220,-1,0,0,3,90,0,0,0,0,0,0,0,0,0,0,0,0,0,0,0,0,-1,-1,0,0,0,0,-1,-1,-1,-1,-1,-1,-1,-1,-1,-1,-1,-1,-1,-1,-1,-1,0,0,0,0,0,-1,0,0,0,-1,0,-1,[0|0|0|0|0|0|0|0]
5370,,301352,-1,301351,-1,-1,-1,-1,-1,-1,905,905,-1,0,0,3,70,0,0,0,0,0,0,0,0,0,0,0,0,0,0,0,0,-1,-1,0,0,0,0,-1,-1,-1,-1,-1,-1,-1,-1,-1,-1,-1,-1,-1,-1,-1,-1,0,0,0,0,0,-1,0,0,0,0,0,-1,[0|0|0|0|0|0|0|0]
5372,,301362,-1,301361,-1,-1,-1,-1,-1,-1,905,905,-1,0,0,3,70,0,0,0,0,0,0,0,0,0,0,0,0,0,0,0,0,-1,-1,0,0,0,0,-1,-1,-1,-1,-1,-1,-1,-1,-1,-1,-1,-1,-1,-1,-1,-1,0,0,0,0,0,-1,0,0,0,0,0,-1,[0|0|0|0|0|0|0|0]
5374,,301602,-1,-1,-1,-1,-1,-1,-1,-1,220,-1,-1,0,0,0,0,0,0,0,0,0,0,0,0,0,0,0,0,0,0,0,0,-1,-1,0,0,0,0,-1,-1,-1,-1,-1,-1,-1,-1,-1,-1,-1,-1,-1,-1,-1,-1,0,0,0,0,0,-1,0,0,0,0,0,-1,[0|0|0|0|0|0|0|0]
5376,,-1,-1,302181,-1,-1,-1,-1,-1,-1,-1,7,-1,0,0,0,0,0,0,0,0,0,0,0,0,0,0,0,0,0,0,0,0,-1,-1,0,0,0,0,-1,-1,-1,-1,-1,-1,-1,-1,-1,-1,-1,-1,-1,-1,-1,-1,0,0,0,0,0,-1,0,0,0,-1,0,-1,[0|0|0|0|0|0|0|0]
5380,,4190,-1,-1,-1,-1,-1,-1,-1,-1,7,-1,-1,0,0,4,65,1,0,0,0,0,0,0,0,0,0,1,0,0,0,0,0,-1,-1,0,0,0,0,-1,-1,-1,-1,-1,-1,-1,-1,-1,-1,-1,-1,-1,-1,-1,-1,0,0,0,0,0,-1,0,0,0,-1,0,-1,[0|0|0|0|0|0|0|0]
5385,,4100,-1,-1,-1,-1,-1,-1,-1,-1,7,-1,-1,0,0,4,65,1,0,0,0,0,0,0,0,0,0,1,0,0,0,0,0,-1,-1,0,0,0,0,-1,-1,-1,-1,-1,-1,-1,-1,-1,-1,-1,-1,-1,-1,-1,-1,0,0,0,0,0,-1,0,0,0,-1,0,-1,[0|0|0|0|0|0|0|0]
5386,,4240,-1,-1,-1,-1,-1,-1,-1,-1,7,-1,-1,0,0,4,65,1,0,0,0,0,0,0,0,0,0,1,0,0,0,0,0,-1,-1,0,0,0,0,-1,-1,-1,-1,-1,-1,-1,-1,-1,-1,-1,-1,-1,-1,-1,-1,0,0,0,0,0,-1,0,0,0,-1,0,-1,[0|0|0|0|0|0|0|0]
5390,,-1,-1,330500,-1,-1,-1,-1,-1,-1,-1,220,-1,0,0,0,0,0,0,0,0,0,0,0,0,0,0,0,0,0,1,0,0,-1,-1,0,0,0,0,-1,-1,-1,-1,-1,-1,-1,-1,-1,-1,-1,-1,-1,-1,-1,-1,0,0,0,0,0,-1,0,0,0,-1,0,-1,[0|0|0|0|0|0|0|0]
5400,,302420,-1,-1,-1,-1,-1,-1,-1,-1,160,-1,-1,0,0,0,0,0,0,0,0,0,0,0,0,0,0,0,0,0,0,0,0,-1,-1,0,0,0,0,-1,-1,-1,-1,-1,-1,-1,-1,-1,-1,-1,-1,-1,-1,-1,-1,0,0,0,0,0,-1,0,0,0,-1,0,-1,[0|0|0|0|0|0|0|0]
5401,,302421,-1,-1,-1,-1,-1,-1,-1,-1,160,-1,-1,0,0,0,0,0,0,0,0,0,0,0,0,0,0,0,0,0,0,0,0,-1,-1,0,0,0,0,-1,-1,-1,-1,-1,-1,-1,-1,-1,-1,-1,-1,-1,-1,-1,-1,0,0,0,0,0,-1,0,0,0,-1,0,-1,[0|0|0|0|0|0|0|0]
5505,,331201,-1,-1,-1,-1,-1,-1,-1,-1,200,-1,-1,0,0,0,0,0,0,0,0,0,0,0,0,0,0,1,0,0,0,0,0,-1,-1,0,0,0,0,-1,-1,-1,-1,-1,-1,-1,-1,-1,-1,-1,-1,-1,-1,-1,-1,0,0,0,0,0,-1,0,0,0,-1,0,-1,[0|0|0|0|0|0|0|0]
5507,,330000,-1,-1,-1,-1,-1,-1,-1,-1,220,-1,-1,0,0,0,0,0,0,0,0,0,0,0,0,0,0,0,0,0,0,0,0,-1,-1,0,0,0,0,-1,-1,-1,-1,-1,-1,-1,-1,-1,-1,-1,-1,-1,-1,-1,-1,0,0,0,0,0,-1,0,0,0,-1,0,-1,[0|0|0|0|0|0|0|0]
5520,,331211,-1,-1,-1,-1,-1,-1,-1,-1,220,-1,-1,0,0,0,0,0,0,0,0,0,0,0,0,0,0,1,1,1,0,0,0,-1,-1,0,0,0,0,-1,-1,-1,-1,-1,-1,-1,-1,-1,-1,-1,-1,-1,-1,-1,-1,0,0,0,0,0,-1,0,0,0,-1,0,-1,[0|0|0|0|0|0|0|0]
5530,,331301,-1,-1,-1,-1,-1,-1,-1,-1,200,-1,-1,0,0,0,0,0,0,0,0,0,0,0,0,0,0,1,1,1,0,0,0,-1,-1,0,0,0,0,-1,-1,-1,-1,-1,-1,-1,-1,-1,-1,-1,-1,-1,-1,-1,-1,0,0,0,0,0,-1,0,0,0,-1,0,-1,[0|0|0|0|0|0|0|0]
5600,,302152,302152,-1,-1,-1,-1,-1,-1,-1,200,-1,-1,0,0,3,70,0,0,0,0,0,0,0,0,0,0,1,1,1,0,0,0,-1,-1,0,0,0,0,-1,-1,-1,-1,-1,-1,-1,-1,-1,-1,-1,-1,-1,-1,-1,-1,0,0,0,0,0,-1,0,0,0,-1,0,-1,[0|0|0|0|0|0|0|0]
5610,,301372,302152,-1,-1,-1,-1,-1,-1,-1,200,-1,-1,0,0,3,70,0,0,0,0,0,0,0,0,0,0,1,1,1,0,0,0,-1,-1,0,0,0,0,-1,-1,-1,-1,-1,-1,-1,-1,-1,-1,-1,-1,-1,-1,-1,-1,0,0,0,0,0,-1,0,0,0,-1,0,-1,[0|0|0|0|0|0|0|0]
5700,Attack Debuff VFX,4110,-1,-1,-1,-1,-1,-1,-1,-1,905,-1,-1,0,0,4,34,1,0,0,0,0,0,0,0,0,0,0,0,0,0,0,0,-1,-1,0,0,0,0,-1,-1,-1,-1,-1,-1,-1,-1,-1,-1,-1,-1,-1,-1,-1,-1,0,0,0,0,0,-1,0,0,0,-1,0,-1,[0|0|0|0|0|0|0|0]
5800,,4500,-1,-1,-1,-1,-1,-1,-1,-1,905,-1,-1,0,0,0,0,0,0,0,0,0,0,0,0,0,0,0,0,1,0,0,0,-1,-1,0,0,0,0,-1,-1,-1,-1,-1,-1,-1,-1,-1,-1,-1,-1,-1,-1,-1,-1,0,0,0,0,0,-1,0,0,0,-1,0,-1,[0|0|0|0|0|0|0|0]
5801,,333201,-1,-1,-1,-1,-1,-1,-1,-1,905,-1,-1,0,0,0,0,0,0,0,0,0,0,0,0,0,0,0,0,1,0,0,0,-1,-1,0,0,0,0,-1,-1,-1,-1,-1,-1,-1,-1,-1,-1,-1,-1,-1,-1,-1,-1,0,0,0,0,0,-1,0,0,0,-1,0,-1,[0|0|0|0|0|0|0|0]
5802,,331901,-1,-1,-1,-1,-1,-1,-1,-1,905,-1,-1,0,0,0,0,0,0,0,0,0,0,0,0,0,0,0,0,1,0,0,0,-1,-1,0,0,0,0,-1,-1,-1,-1,-1,-1,-1,-1,-1,-1,-1,-1,-1,-1,-1,-1,0,0,0,0,0,-1,0,0,0,-1,0,-1,[0|0|0|0|0|0|0|0]
5803,,333001,-1,-1,-1,-1,-1,-1,-1,-1,905,-1,-1,0,0,0,0,0,0,0,0,0,0,0,0,0,0,0,0,1,0,0,0,-1,-1,0,0,0,0,-1,-1,-1,-1,-1,-1,-1,-1,-1,-1,-1,-1,-1,-1,-1,-1,0,0,0,0,0,-1,0,0,0,-1,0,-1,[0|0|0|0|0|0|0|0]
5804,,333101,-1,-1,-1,-1,-1,-1,-1,-1,905,-1,-1,0,0,0,0,0,0,0,0,0,0,0,0,0,0,0,0,1,0,0,0,-1,-1,0,0,0,0,-1,-1,-1,-1,-1,-1,-1,-1,-1,-1,-1,-1,-1,-1,-1,-1,0,0,0,0,0,-1,0,0,0,-1,0,-1,[0|0|0|0|0|0|0|0]
5805,,331801,-1,-1,-1,-1,-1,-1,-1,-1,905,-1,-1,0,0,0,0,0,0,0,0,0,0,0,0,0,0,0,0,1,0,0,0,-1,-1,0,0,0,0,-1,-1,-1,-1,-1,-1,-1,-1,-1,-1,-1,-1,-1,-1,-1,-1,0,0,0,0,0,-1,0,0,0,-1,0,-1,[0|0|0|0|0|0|0|0]
5806,,4500,-1,-1,-1,-1,-1,-1,-1,-1,905,-1,-1,0,0,0,0,0,0,0,0,0,0,0,0,0,0,0,0,1,0,0,0,-1,-1,0,0,0,0,-1,-1,-1,-1,-1,-1,-1,-1,-1,-1,-1,-1,-1,-1,-1,-1,0,0,0,0,0,-1,0,0,0,-1,0,-1,[0|0|0|0|0|0|0|0]
5807,,332202,-1,-1,-1,-1,-1,-1,-1,-1,905,-1,-1,0,0,0,0,0,0,0,0,0,0,0,0,0,0,0,0,1,0,0,0,-1,-1,0,0,0,0,-1,-1,-1,-1,-1,-1,-1,-1,-1,-1,-1,-1,-1,-1,-1,-1,0,0,0,0,0,-1,0,0,0,-1,0,-1,[0|0|0|0|0|0|0|0]
5820,,301352,-1,-1,-1,-1,-1,-1,-1,-1,905,-1,-1,0,0,3,70,0,0,0,0,0,0,0,0,0,0,0,0,1,0,0,0,-1,-1,0,0,0,0,-1,-1,-1,-1,-1,-1,-1,-1,-1,-1,-1,-1,-1,-1,-1,-1,0,0,0,0,0,-1,0,0,0,-1,0,-1,[0|0|0|0|0|0|0|0]
5821,,4720,-1,-1,-1,-1,-1,-1,-1,-1,905,-1,-1,0,0,3,70,0,0,0,0,0,0,0,0,0,0,0,0,0,0,0,0,-1,-1,0,0,0,0,-1,-1,-1,-1,-1,-1,-1,-1,-1,-1,-1,-1,-1,-1,-1,-1,0,0,0,0,0,-1,0,0,0,-1,0,-1,[0|0|0|0|0|0|0|0]
5822,,4710,-1,-1,-1,-1,-1,-1,-1,-1,905,-1,-1,0,0,3,70,0,0,0,0,0,0,0,0,0,0,0,0,1,0,0,0,-1,-1,0,0,0,0,-1,-1,-1,-1,-1,-1,-1,-1,-1,-1,-1,-1,-1,-1,-1,-1,0,0,0,0,0,-1,0,0,0,-1,0,-1,[0|0|0|0|0|0|0|0]
5823,,4730,-1,-1,-1,-1,-1,-1,-1,-1,905,-1,-1,0,0,3,70,0,0,0,0,0,0,0,0,0,0,0,0,1,0,0,0,-1,-1,0,0,0,0,-1,-1,-1,-1,-1,-1,-1,-1,-1,-1,-1,-1,-1,-1,-1,-1,0,0,0,0,0,-1,0,0,0,-1,0,-1,[0|0|0|0|0|0|0|0]
5824,,4740,-1,-1,-1,-1,-1,-1,-1,-1,905,-1,-1,0,0,3,70,0,0,0,0,0,0,0,0,0,0,0,0,1,0,0,0,-1,-1,0,0,0,0,-1,-1,-1,-1,-1,-1,-1,-1,-1,-1,-1,-1,-1,-1,-1,-1,0,0,0,0,0,-1,0,0,0,-1,0,-1,[0|0|0|0|0|0|0|0]
5825,,331501,-1,-1,-1,-1,-1,-1,-1,-1,905,-1,-1,0,0,0,0,0,0,0,0,0,0,0,0,0,0,0,0,1,0,0,0,-1,-1,0,0,0,0,-1,-1,-1,-1,-1,-1,-1,-1,-1,-1,-1,-1,-1,-1,-1,-1,0,0,0,0,0,-1,0,0,0,-1,0,-1,[0|0|0|0|0|0|0|0]
5826,Revenant Family: Damage Negation VFX,331401,-1,-1,-1,-1,-1,-1,-1,-1,905,-1,-1,0,0,0,0,0,0,0,0,0,0,0,0,0,0,0,0,1,0,0,0,-1,-1,0,0,0,0,-1,-1,-1,-1,-1,-1,-1,-1,-1,-1,-1,-1,-1,-1,-1,-1,0,0,0,0,0,-1,0,0,0,-1,0,-1,[0|0|0|0|0|0|0|0]
5827,,331601,-1,331600,-1,-1,-1,-1,-1,-1,905,905,-1,0,0,0,0,0,0,0,0,0,0,0,0,0,0,0,0,1,0,0,0,-1,-1,0,0,0,0,-1,-1,-1,-1,-1,-1,-1,-1,-1,-1,-1,-1,-1,-1,-1,-1,0,0,0,0,0,-1,0,0,0,-1,0,-1,[0|0|0|0|0|0|0|0]
5842,,302222,-1,-1,-1,-1,-1,-1,-1,-1,220,-1,-1,0,0,3,50,0,0,0,0,0,0,0,0,0,0,0,0,1,0,0,0,-1,-1,0,0,0,0,-1,-1,-1,-1,-1,-1,-1,-1,-1,-1,-1,-1,-1,-1,-1,-1,0,0,0,0,0,-1,0,0,0,-1,0,-1,[0|0|0|0|0|0|0|0]
5846,,331211,-1,-1,-1,-1,-1,-1,-1,-1,220,-1,-1,0,0,0,0,0,0,0,0,0,0,0,0,0,0,0,0,1,0,0,0,-1,-1,0,0,0,0,-1,-1,-1,-1,-1,-1,-1,-1,-1,-1,-1,-1,-1,-1,-1,-1,0,0,0,0,0,-1,0,0,0,-1,0,-1,[0|0|0|0|0|0|0|0]
5847,,301242,-1,-1,-1,-1,-1,-1,-1,-1,905,-1,-1,0,0,0,0,0,0,0,0,0,0,0,0,0,0,0,0,1,0,0,0,-1,-1,0,0,0,0,-1,-1,-1,-1,-1,-1,-1,-1,-1,-1,-1,-1,-1,-1,-1,-1,0,0,0,0,0,-1,0,0,0,-1,0,-1,[0|0|0|0|0|0|0|0]
5848,,330401,-1,-1,-1,-1,-1,-1,-1,-1,220,-1,-1,0,0,0,0,0,0,0,0,0,0,0,0,0,0,0,0,1,0,0,0,-1,-1,0,0,0,0,-1,-1,-1,-1,-1,-1,-1,-1,-1,-1,-1,-1,-1,-1,-1,-1,0,0,0,0,0,-1,0,0,0,-1,0,-1,[0|0|0|0|0|0|0|0]
5849,,330301,-1,-1,-1,-1,-1,-1,-1,-1,905,-1,-1,0,0,0,0,0,0,0,0,0,0,0,0,0,0,0,0,1,0,0,0,-1,-1,0,0,0,0,-1,-1,-1,-1,-1,-1,-1,-1,-1,-1,-1,-1,-1,-1,-1,-1,0,0,0,0,0,-1,0,0,0,-1,0,-1,[0|0|0|0|0|0|0|0]
5850,,301202,-1,-1,-1,-1,-1,-1,-1,-1,220,-1,-1,0,0,0,0,0,0,0,0,0,0,0,0,0,0,1,1,1,0,0,0,-1,-1,0,0,0,0,-1,-1,-1,-1,-1,-1,-1,-1,-1,-1,-1,-1,-1,-1,-1,-1,0,0,0,0,0,-1,0,0,0,-1,0,-1,[0|0|0|0|0|0|0|0]
5860,,330111,-1,-1,-1,-1,-1,-1,-1,-1,905,-1,-1,0,0,0,0,0,0,0,0,0,0,0,0,0,0,0,0,1,0,0,0,-1,-1,0,0,0,0,-1,-1,-1,-1,-1,-1,-1,-1,-1,-1,-1,-1,-1,-1,-1,-1,0,0,0,0,0,-1,0,0,0,-1,0,-1,[0|0|0|0|0|0|0|0]
5865,,4500,524402,301271,-1,-1,-1,-1,-1,-1,905,905,-1,0,0,0,0,0,0,0,0,0,0,0,0,0,0,0,0,1,0,0,0,-1,-1,0,0,0,0,-1,-1,-1,-1,-1,-1,-1,-1,-1,-1,-1,-1,-1,-1,-1,-1,0,0,0,0,0,-1,0,0,0,-1,0,-1,[0|0|0|0|0|0|0|0]
5866,,331411,-1,-1,-1,-1,-1,-1,-1,-1,905,-1,-1,0,0,0,0,0,0,0,0,0,0,0,0,0,0,0,0,1,0,0,0,-1,-1,0,0,0,0,-1,-1,-1,-1,-1,-1,-1,-1,-1,-1,-1,-1,-1,-1,-1,-1,0,0,0,0,0,-1,0,0,0,-1,0,-1,[0|0|0|0|0|0|0|0]
5867,Damage Negation Buff VFX,331411,300541,-1,-1,-1,-1,-1,-1,-1,905,905,-1,0,0,0,0,0,0,0,0,0,0,0,0,0,0,0,0,1,0,0,0,-1,-1,0,0,0,0,-1,-1,-1,-1,-1,-1,-1,-1,-1,-1,-1,-1,-1,-1,-1,-1,0,0,0,0,0,-1,0,0,0,-1,0,-1,[0|0|0|0|0|0|0|0]
5890,,-1,-1,301002,-1,-1,-1,-1,-1,-1,-1,8,-1,0,0,0,0,0,0,0,0,0,0,0,0,0,0,0,0,0,0,0,0,-1,-1,0,0,0,0,-1,-1,-1,-1,-1,-1,-1,-1,-1,-1,-1,-1,-1,-1,-1,-1,0,0,0,0,0,-1,0,0,0,-1,0,-1,[0|0|0|0|0|0|0|0]
5891,FP Restore VFX,-1,-1,302223,-1,-1,-1,-1,-1,-1,-1,8,-1,0,0,0,0,0,0,0,0,0,0,0,0,0,0,0,0,0,0,0,0,-1,-1,0,0,0,0,-1,-1,-1,-1,-1,-1,-1,-1,-1,-1,-1,-1,-1,-1,-1,-1,0,0,0,0,0,-1,0,0,0,-1,0,-1,[0|0|0|0|0|0|0|0]
5900,,479900,-1,-1,-1,-1,-1,-1,-1,-1,220,-1,-1,0,0,0,0,1,0,0,0,0,0,0,0,0,0,1,1,1,0,0,0,-1,-1,0,0,0,0,-1,-1,-1,-1,-1,-1,-1,-1,-1,-1,-1,-1,-1,-1,-1,-1,0,0,0,0,0,-1,0,0,0,-1,0,-1,[0|0|0|0|0|0|0|0]
5905,,479894,-1,-1,-1,-1,-1,-1,-1,-1,220,-1,-1,0,0,0,0,1,0,0,0,0,0,0,0,0,0,1,1,1,0,0,0,-1,-1,0,0,0,0,-1,-1,-1,-1,-1,-1,-1,-1,-1,-1,-1,-1,-1,-1,-1,-1,0,0,0,0,0,-1,0,0,0,-1,0,-1,[0|0|0|0|0|0|0|0]
5906,,479900,-1,-1,-1,-1,-1,-1,-1,-1,220,-1,-1,0,0,0,0,1,0,0,0,0,0,0,0,0,0,1,1,1,0,0,0,-1,-1,0,0,0,0,-1,-1,-1,-1,-1,-1,-1,-1,-1,-1,-1,-1,-1,-1,-1,-1,0,0,0,0,0,-1,0,0,0,-1,0,-1,[0|0|0|0|0|0|0|0]
5910,,479910,-1,-1,-1,-1,-1,-1,-1,-1,220,-1,-1,0,0,0,0,1,0,0,0,0,0,0,0,0,0,1,1,1,0,0,0,-1,-1,0,0,0,0,-1,-1,-1,-1,-1,-1,-1,-1,-1,-1,-1,-1,-1,-1,-1,-1,0,0,0,0,0,-1,0,0,0,-1,0,-1,[0|0|0|0|0|0|0|0]
6000,,440111,440111,-1,-1,-1,-1,-1,-1,-1,200,-1,-1,0,0,3,0,0,0,0,0,0,0,0,0,0,0,1,0,0,0,0,0,-1,-1,0,0,0,0,-1,-1,-1,-1,-1,-1,-1,-1,-1,-1,-1,-1,-1,-1,-1,-1,0,0,0,0,0,-1,0,0,0,-1,0,-1,[0|0|0|0|0|0|0|0]
6001,,440111,440111,-1,-1,-1,-1,-1,-1,-1,200,-1,-1,0,0,3,0,0,0,0,0,0,0,0,0,0,0,1,0,0,0,0,0,-1,-1,0,0,0,0,-1,-1,-1,-1,-1,-1,-1,-1,-1,-1,-1,-1,-1,-1,-1,-1,0,0,0,0,0,-1,0,0,0,-1,0,-1,[0|0|0|0|0|0|0|0]
6010,,402040,-1,-1,-1,-1,-1,-1,-1,-1,100,-1,-1,0,0,3,0,0,0,0,0,0,0,0,0,0,0,1,0,0,0,0,0,-1,-1,0,0,0,0,-1,-1,-1,-1,-1,-1,-1,-1,-1,-1,-1,-1,-1,-1,-1,-1,0,0,0,0,0,-1,0,0,0,-1,0,-1,[0|0|0|0|0|0|0|0]
7000,,302800,-1,-1,-1,-1,-1,-1,-1,-1,7,-1,-1,0,0,0,45,0,0,0,0,0,0,0,0,0,0,0,0,0,0,0,0,-1,-1,0,0,0,0,-1,-1,-1,-1,-1,-1,-1,-1,-1,-1,-1,-1,-1,-1,-1,-1,0,0,0,0,0,-1,0,0,0,-1,0,-1,[0|0|0|0|0|0|0|0]
7001,,302810,-1,-1,-1,-1,-1,-1,-1,-1,7,-1,-1,0,0,0,45,0,0,0,0,0,0,0,0,0,0,0,0,0,0,0,0,-1,-1,0,0,0,0,-1,-1,-1,-1,-1,-1,-1,-1,-1,-1,-1,-1,-1,-1,-1,-1,0,0,0,0,0,-1,0,0,0,-1,0,-1,[0|0|0|0|0|0|0|0]
7002,,302820,-1,-1,-1,-1,-1,-1,-1,-1,7,-1,-1,0,0,0,45,0,0,0,0,0,0,0,0,0,0,0,0,0,0,0,0,-1,-1,0,0,0,0,-1,-1,-1,-1,-1,-1,-1,-1,-1,-1,-1,-1,-1,-1,-1,-1,0,0,0,0,0,-1,0,0,0,-1,0,-1,[0|0|0|0|0|0|0|0]
7003,,302830,-1,-1,-1,-1,-1,-1,-1,-1,7,-1,-1,0,0,0,45,0,0,0,0,0,0,0,0,0,0,0,0,0,0,0,0,-1,-1,0,0,0,0,-1,-1,-1,-1,-1,-1,-1,-1,-1,-1,-1,-1,-1,-1,-1,-1,0,0,0,0,0,-1,0,0,0,-1,0,-1,[0|0|0|0|0|0|0|0]
7004,,302840,-1,-1,-1,-1,-1,-1,-1,-1,7,-1,-1,0,0,0,45,0,0,0,0,0,0,0,0,0,0,0,0,0,0,0,0,-1,-1,0,0,0,0,-1,-1,-1,-1,-1,-1,-1,-1,-1,-1,-1,-1,-1,-1,-1,-1,0,0,0,0,0,-1,0,0,0,-1,0,-1,[0|0|0|0|0|0|0|0]
7920,,303001,303001,-1,-1,-1,-1,-1,-1,-1,-1,-1,-1,1,2,0,0,0,0,0,0,0,0,0,0,0,0,0,0,0,0,1,0,-1,-1,0,0,2,0,10300,-1,11300,-1,10310,-1,11310,-1,10320,-1,11320,-1,10330,-1,11330,-1,0,0,0,0,0,-1,0,0,0,-1,0,-1,[0|0|0|0|0|0|0|0]
7930,,636665,366110000,-1,-1,-1,-1,-1,-1,-1,220,-1,-1,0,0,0,0,0,0,0,0,0,0,0,0,0,0,0,0,0,0,0,0,-1,-1,0,0,0,0,-1,-1,-1,-1,-1,-1,-1,-1,-1,-1,-1,-1,-1,-1,-1,-1,0,0,0,0,0,-1,0,0,0,-1,0,-1,[0|0|0|0|0|0|0|0]
7940,,525602,525602,-1,-1,-1,-1,-1,-1,-1,200,-1,-1,0,0,3,50,0,0,0,0,0,0,0,0,0,0,1,0,0,0,0,0,-1,-1,0,0,0,0,-1,-1,-1,-1,-1,-1,-1,-1,-1,-1,-1,-1,-1,-1,-1,-1,0,0,0,0,0,-1,0,0,0,-1,0,-1,[0|0|0|0|0|0|0|0]
7950,,525602,525602,-1,-1,-1,-1,-1,-1,-1,200,-1,-1,0,0,3,50,0,0,0,0,0,0,0,0,0,0,1,0,0,0,0,0,-1,-1,0,0,0,0,-1,-1,-1,-1,-1,-1,-1,-1,-1,-1,-1,-1,-1,-1,-1,-1,0,0,0,0,0,-1,0,0,0,-1,0,-1,[0|0|0|0|0|0|0|0]
7960,,525602,525602,-1,-1,-1,-1,-1,-1,-1,200,-1,-1,0,0,3,50,0,0,0,0,0,0,0,0,0,0,1,0,0,0,0,0,-1,-1,0,0,0,0,-1,-1,-1,-1,-1,-1,-1,-1,-1,-1,-1,-1,-1,-1,-1,-1,0,0,0,0,0,-1,0,0,0,-1,0,-1,[0|0|0|0|0|0|0|0]
7970,,303061,303061,-1,-1,-1,-1,-1,-1,-1,-1,-1,-1,1,3,0,0,0,0,0,0,0,0,0,0,0,0,0,0,0,0,1,0,-1,-1,0,0,3,0,10300,-1,11300,-1,10310,-1,11310,-1,10320,-1,11320,-1,10330,-1,11330,-1,0,0,0,0,0,-1,0,0,0,-1,0,-1,[0|0|0|0|0|0|0|0]
7980,,-1,-1,525083,-1,-1,-1,-1,-1,-1,-1,220,-1,0,0,0,0,0,0,0,0,0,0,0,0,0,0,0,0,0,0,0,0,-1,-1,0,0,0,0,-1,-1,-1,-1,-1,-1,-1,-1,-1,-1,-1,-1,-1,-1,-1,-1,0,0,0,0,0,-1,0,0,0,-1,0,-1,[0|0|0|0|0|0|0|0]
7990,,-1,-1,525083,-1,-1,-1,-1,-1,-1,-1,220,-1,0,0,0,0,0,0,0,0,0,0,0,0,0,0,0,0,0,0,0,0,-1,-1,0,0,0,0,-1,-1,-1,-1,-1,-1,-1,-1,-1,-1,-1,-1,-1,-1,-1,-1,0,0,0,0,0,-1,0,0,0,-1,0,-1,[0|0|0|0|0|0|0|0]
8000,,524352,-1,-1,-1,-1,-1,-1,-1,-1,18,-1,-1,0,1,0,0,0,0,0,0,0,0,0,0,0,0,0,0,0,0,0,0,-1,-1,0,0,0,0,-1,-1,-1,-1,-1,-1,-1,-1,-1,-1,-1,-1,-1,-1,-1,-1,0,0,0,0,0,-1,0,0,0,-1,0,-1,[0|0|0|0|0|0|0|0]
8010,,525046,-1,525006,-1,-1,-1,-1,-1,-1,220,220,-1,0,0,3,90,0,0,0,0,0,0,0,0,0,0,0,0,0,0,0,0,-1,-1,0,0,0,0,-1,-1,-1,-1,-1,-1,-1,-1,-1,-1,-1,-1,-1,-1,-1,-1,0,0,0,0,0,-1,0,0,0,-1,0,-1,[0|0|0|0|0|0|0|0]
8020,,525006,-1,-1,-1,-1,-1,-1,-1,-1,220,-1,-1,0,0,3,90,0,0,0,0,0,0,0,0,0,0,0,0,0,0,0,0,-1,-1,0,0,0,0,-1,-1,-1,-1,-1,-1,-1,-1,-1,-1,-1,-1,-1,-1,-1,-1,0,0,0,0,0,-1,0,0,0,-1,0,-1,[0|0|0|0|0|0|0|0]
8030,,525902,-1,-1,-1,-1,-1,-1,-1,-1,18,-1,-1,0,1,0,0,0,0,0,0,0,0,0,0,0,0,0,0,0,0,0,0,-1,-1,0,0,0,0,-1,-1,-1,-1,-1,-1,-1,-1,-1,-1,-1,-1,-1,-1,-1,-1,0,0,0,0,0,-1,0,0,0,-1,0,-1,[0|0|0|0|0|0|0|0]
8040,,303111,303111,-1,-1,-1,-1,-1,-1,-1,-1,-1,-1,1,6,0,0,0,0,0,0,0,0,0,0,0,0,0,0,0,0,1,0,-1,-1,0,0,6,0,10300,-1,11300,-1,10310,-1,11310,-1,10320,-1,11320,-1,10330,-1,11330,-1,0,0,0,0,0,-1,0,0,0,-1,0,-1,[0|0|0|0|0|0|0|0]
8050,,303071,303071,-1,-1,-1,-1,-1,-1,-1,-1,-1,-1,1,1,0,0,0,0,0,0,0,0,0,0,0,0,0,0,0,0,1,0,-1,-1,0,0,1,0,10300,-1,11300,-1,10310,-1,11310,-1,10320,-1,11320,-1,10330,-1,11330,-1,0,0,0,0,0,-1,0,0,0,-1,0,-1,[0|0|0|0|0|0|0|0]
8060,,-1,-1,-1,-1,-1,-1,-1,-1,-1,-1,-1,-1,1,0,0,0,0,0,0,0,0,0,0,0,1,0,0,0,0,0,0,0,-1,-1,0,0,0,0,10300,-1,11300,-1,-1,-1,-1,-1,-1,-1,-1,-1,-1,-1,-1,-1,0,0,0,0,0,-1,0,0,0,-1,0,-1,[0|0|0|0|0|0|0|0]
8070,,-1,-1,523264,-1,-1,-1,-1,-1,-1,-1,900,-1,0,0,0,0,0,0,0,0,0,0,0,0,0,0,0,0,0,0,0,0,-1,-1,0,0,0,0,-1,-1,-1,-1,-1,-1,-1,-1,-1,-1,-1,-1,-1,-1,-1,-1,0,0,0,0,0,-1,0,0,0,-1,0,-1,[0|0|0|0|0|0|0|0]
8080,,523302,-1,-1,-1,-1,-1,-1,-1,-1,19,-1,-1,2,1,0,0,0,0,0,0,0,0,0,0,0,0,0,0,0,0,0,0,-1,-1,0,0,1,0,-1,-1,-1,-1,-1,-1,-1,-1,-1,-1,-1,-1,-1,-1,-1,-1,0,0,0,0,0,-1,0,0,0,-1,0,-1,[0|0|0|0|0|0|0|0]
8090,,303061,303061,-1,-1,-1,-1,-1,-1,-1,-1,-1,-1,1,5,0,0,0,0,0,0,0,0,0,0,0,0,0,0,0,0,1,0,-1,-1,0,0,5,0,10300,-1,11300,-1,10310,-1,11310,-1,10320,-1,11320,-1,10330,-1,11330,-1,0,0,0,0,0,-1,0,0,0,-1,0,-1,[0|0|0|0|0|0|0|0]
8100,,-1,-1,525083,-1,-1,-1,-1,-1,-1,-1,220,-1,0,0,0,0,0,0,0,0,0,0,0,0,0,0,0,0,0,0,0,0,-1,-1,0,0,0,0,-1,-1,-1,-1,-1,-1,-1,-1,-1,-1,-1,-1,-1,-1,-1,-1,0,0,0,0,0,-1,0,0,0,-1,0,-1,[0|0|0|0|0|0|0|0]
8110,,-1,-1,525083,-1,-1,-1,-1,-1,-1,-1,220,-1,0,0,0,0,0,0,0,0,0,0,0,0,0,0,0,0,0,0,0,0,-1,-1,0,0,0,0,-1,-1,-1,-1,-1,-1,-1,-1,-1,-1,-1,-1,-1,-1,-1,-1,0,0,0,0,0,-1,0,0,0,-1,0,-1,[0|0|0|0|0|0|0|0]
8120,,525602,525602,-1,-1,-1,-1,-1,-1,-1,200,-1,-1,0,0,3,50,0,0,0,0,0,0,0,0,0,0,1,0,0,0,0,0,-1,-1,0,0,0,0,-1,-1,-1,-1,-1,-1,-1,-1,-1,-1,-1,-1,-1,-1,-1,-1,0,0,0,0,0,-1,0,0,0,-1,0,-1,[0|0|0|0|0|0|0|0]
8130,,524402,524402,-1,-1,-1,-1,-1,-1,-1,200,-1,-1,0,0,3,45,0,0,0,0,0,0,0,0,0,0,1,0,0,0,0,0,-1,-1,0,0,0,0,-1,-1,-1,-1,-1,-1,-1,-1,-1,-1,-1,-1,-1,-1,-1,-1,0,0,0,0,0,-1,0,0,0,-1,0,-1,[0|0|0|0|0|0|0|0]
8140,,525602,525602,-1,-1,-1,-1,-1,-1,-1,200,-1,-1,0,0,3,50,0,0,0,0,0,0,0,0,0,0,1,0,0,0,0,0,-1,-1,0,0,0,0,-1,-1,-1,-1,-1,-1,-1,-1,-1,-1,-1,-1,-1,-1,-1,-1,0,0,0,0,0,-1,0,0,0,-1,0,-1,[0|0|0|0|0|0|0|0]
8150,,525633,525633,525813,-1,-1,-1,-1,-1,-1,200,220,-1,0,0,3,52,0,0,0,0,0,0,0,0,0,0,1,0,0,0,0,0,-1,-1,0,0,0,0,-1,-1,-1,-1,-1,-1,-1,-1,-1,-1,-1,-1,-1,-1,-1,-1,0,0,0,0,0,-1,0,0,0,-1,0,-1,[0|0|0|0|0|0|0|0]
8160,,527702,524402,-1,-1,-1,-1,-1,-1,-1,220,-1,-1,0,0,3,66,0,0,0,0,0,0,0,0,0,0,0,0,0,0,0,0,-1,-1,0,0,0,0,10300,-1,11300,-1,10310,-1,11310,-1,10320,-1,11320,-1,10330,-1,11330,-1,0,0,0,0,0,-1,0,0,0,-1,0,-1,[0|0|0|0|0|0|0|0]
8170,,527702,524402,-1,-1,-1,-1,-1,-1,-1,220,-1,-1,0,0,3,66,0,0,0,0,0,0,0,0,0,0,0,0,0,0,0,0,-1,-1,0,0,0,0,10300,-1,11300,-1,10310,-1,11310,-1,10320,-1,11320,-1,10330,-1,11330,-1,0,0,0,0,0,-1,0,0,0,-1,0,-1,[0|0|0|0|0|0|0|0]
8180,,526502,524402,-1,-1,-1,-1,-1,-1,-1,-1,-1,-1,0,0,3,46,0,0,0,0,0,0,0,0,0,0,0,0,0,0,0,0,-1,-1,0,0,0,0,-1,-1,-1,-1,-1,-1,-1,-1,-1,-1,-1,-1,-1,-1,-1,-1,0,0,0,0,0,-1,0,0,0,-1,0,-1,[0|0|0|0|0|0|0|0]
8190,,523813,523813,-1,-1,-1,-1,-1,-1,-1,200,-1,-1,0,0,3,50,0,0,0,0,0,0,0,0,0,0,1,0,0,0,0,0,-1,-1,0,0,0,0,-1,-1,-1,-1,-1,-1,-1,-1,-1,-1,-1,-1,-1,-1,-1,-1,0,0,0,0,0,-1,0,0,0,-1,0,-1,[0|0|0|0|0|0|0|0]
8200,,523542,523542,-1,-1,-1,-1,-1,-1,-1,212,-1,-1,0,0,3,151,0,0,0,0,0,0,0,0,0,1,0,0,0,0,0,0,-1,-1,0,0,0,0,-1,-1,-1,-1,-1,-1,-1,-1,-1,-1,-1,-1,-1,-1,-1,-1,0,0,0,0,0,-1,0,0,0,-1,0,-1,[0|0|0|0|0|0|0|0]
8210,,1,-1,-1,-1,2,-1,-1,-1,-1,-1,-1,220,0,0,1,1,0,0,0,1,1,0,0,0,0,0,0,0,0,0,0,0,-1,-1,0,0,0,0,-1,-1,-1,-1,-1,-1,-1,-1,-1,-1,-1,-1,-1,-1,-1,-1,2,0,0,0,0,-1,0,0,0,-1,0,-1,[0|0|0|0|0|0|0|0]
8220,,4160,524402,-1,-1,-1,-1,-1,-1,-1,905,-1,-1,0,0,3,45,0,0,0,0,0,0,0,0,0,0,1,0,0,0,0,0,-1,-1,0,0,0,0,-1,-1,-1,-1,-1,-1,-1,-1,-1,-1,-1,-1,-1,-1,-1,-1,0,0,0,0,0,-1,0,0,0,-1,0,-1,[0|0|0|0|0|0|0|0]
8230,,4120,-1,-1,-1,-1,-1,-1,-1,-1,7,-1,-1,0,0,0,0,1,0,0,0,0,0,0,0,0,0,0,0,0,0,0,0,-1,-1,0,0,0,0,-1,-1,-1,-1,-1,-1,-1,-1,-1,-1,-1,-1,-1,-1,-1,-1,0,0,0,0,0,-1,0,0,0,-1,0,-1,[0|0|0|0|0|0|0|0]
8240,,525602,525602,-1,-1,-1,-1,-1,-1,-1,200,-1,-1,0,0,3,50,0,0,0,0,0,0,0,0,0,0,1,0,0,0,0,0,-1,-1,0,0,0,0,-1,-1,-1,-1,-1,-1,-1,-1,-1,-1,-1,-1,-1,-1,-1,-1,0,0,0,0,0,-1,0,0,0,-1,0,-1,[0|0|0|0|0|0|0|0]
8250,,4095,-1,-1,-1,-1,-1,-1,-1,-1,7,-1,7,0,0,4,5,1,0,0,0,0,0,0,0,0,0,0,0,0,0,0,0,-1,-1,0,0,0,0,-1,-1,-1,-1,-1,-1,-1,-1,-1,-1,-1,-1,-1,-1,-1,-1,0,0,0,0,0,-1,0,0,0,-1,0,-1,[0|0|0|0|0|0|0|0]
8260,,303061,303061,-1,-1,-1,-1,-1,-1,-1,-1,-1,-1,1,11,0,0,0,0,0,0,0,0,0,0,0,0,0,0,0,0,1,0,-1,-1,0,0,11,0,10300,-1,11300,-1,10310,-1,11310,-1,10320,-1,11320,-1,10330,-1,11330,-1,0,0,0,0,0,-1,0,0,0,-1,0,-1,[0|0|0|0|0|0|0|0]
8270,,523412,-1,-1,-1,-1,-1,17,12,-1,220,-1,-1,0,0,1,4,0,0,1,1,1,0,1,0,0,0,0,0,0,0,0,0,-1,-1,0,0,0,0,-1,-1,-1,-1,-1,-1,-1,-1,-1,-1,-1,-1,-1,-1,-1,-1,0,0,0,0,0,-1,0,0,0,-1,0,-1,[0|0|0|0|0|0|0|0]
8300,,-1,-1,524903,-1,-1,-1,-1,-1,-1,-1,220,-1,0,0,0,0,0,0,0,0,0,0,0,0,0,0,0,0,0,0,0,0,-1,-1,0,0,0,0,-1,-1,-1,-1,-1,-1,-1,-1,-1,-1,-1,-1,-1,-1,-1,-1,0,0,0,0,0,-1,0,0,0,-1,0,-1,[0|0|0|0|0|0|0|0]
8310,,-1,-1,525003,-1,-1,-1,-1,-1,-1,-1,220,-1,0,0,0,0,0,0,0,0,0,0,0,0,0,0,0,0,0,0,0,0,-1,-1,0,0,0,0,-1,-1,-1,-1,-1,-1,-1,-1,-1,-1,-1,-1,-1,-1,-1,-1,0,0,0,0,0,-1,0,0,0,-1,0,-1,[0|0|0|0|0|0|0|0]
8320,,-1,-1,525033,-1,-1,-1,-1,-1,-1,-1,220,-1,0,0,0,0,0,0,0,0,0,0,0,0,0,0,0,0,0,0,0,0,-1,-1,0,0,0,0,-1,-1,-1,-1,-1,-1,-1,-1,-1,-1,-1,-1,-1,-1,-1,-1,0,0,0,0,0,-1,0,0,0,-1,0,-1,[0|0|0|0|0|0|0|0]
8330,,-1,-1,525083,-1,-1,-1,-1,-1,-1,-1,220,-1,0,0,0,0,0,0,0,0,0,0,0,0,0,0,0,0,0,0,0,0,-1,-1,0,0,0,0,-1,-1,-1,-1,-1,-1,-1,-1,-1,-1,-1,-1,-1,-1,-1,-1,0,0,0,0,0,-1,0,0,0,-1,0,-1,[0|0|0|0|0|0|0|0]
8340,,-1,-1,525003,-1,-1,-1,-1,-1,-1,-1,220,-1,0,0,0,0,0,0,0,0,0,0,0,0,0,0,0,0,0,0,0,0,-1,-1,0,0,0,0,-1,-1,-1,-1,-1,-1,-1,-1,-1,-1,-1,-1,-1,-1,-1,-1,0,0,0,0,0,-1,0,0,0,-1,0,-1,[0|0|0|0|0|0|0|0]
8350,,525042,525042,-1,-1,-1,-1,-1,-1,-1,220,-1,-1,0,0,3,112,0,0,0,0,0,0,0,0,0,0,0,0,0,0,0,0,-1,-1,0,0,0,0,-1,-1,-1,-1,-1,-1,-1,-1,-1,-1,-1,-1,-1,-1,-1,-1,0,0,0,0,0,-1,0,0,0,-1,0,-1,[0|0|0|0|0|0|0|0]
8360,,525072,525042,-1,-1,-1,-1,-1,-1,-1,220,-1,-1,0,0,3,111,0,0,0,0,0,0,0,0,0,0,0,0,0,0,0,0,-1,-1,0,0,0,0,-1,-1,-1,-1,-1,-1,-1,-1,-1,-1,-1,-1,-1,-1,-1,-1,0,0,0,0,0,-1,0,0,0,-1,0,-1,[0|0|0|0|0|0|0|0]
8370,,525052,525042,-1,-1,-1,-1,-1,-1,-1,220,-1,-1,0,0,3,110,0,0,0,0,0,0,0,0,0,0,0,0,0,0,0,0,-1,-1,0,0,0,0,-1,-1,-1,-1,-1,-1,-1,-1,-1,-1,-1,-1,-1,-1,-1,-1,0,0,0,0,0,-1,0,0,0,-1,0,-1,[0|0|0|0|0|0|0|0]
8380,,-1,-1,525003,-1,-1,-1,-1,-1,-1,-1,220,-1,0,0,0,0,0,0,0,0,0,0,0,0,0,0,0,0,0,0,0,0,-1,-1,0,0,0,0,-1,-1,-1,-1,-1,-1,-1,-1,-1,-1,-1,-1,-1,-1,-1,-1,0,0,0,0,0,-1,0,0,0,-1,0,-1,[0|0|0|0|0|0|0|0]
8390,,-1,-1,525083,-1,-1,-1,-1,-1,-1,-1,220,-1,0,0,0,0,0,0,0,0,0,0,0,0,0,0,0,0,0,0,0,0,-1,-1,0,0,0,0,-1,-1,-1,-1,-1,-1,-1,-1,-1,-1,-1,-1,-1,-1,-1,-1,0,0,0,0,0,-1,0,0,0,-1,0,-1,[0|0|0|0|0|0|0|0]
8400,Sleep VFX,4070,-1,-1,-1,-1,-1,-1,-1,-1,907,-1,-1,0,0,4,13,1,0,0,0,0,0,0,0,0,0,0,0,0,0,0,0,-1,-1,0,0,0,0,-1,-1,-1,-1,-1,-1,-1,-1,-1,-1,-1,-1,-1,-1,-1,-1,0,0,0,0,0,-1,0,0,0,-1,0,-1,[0|0|0|0|0|0|0|0]
8410,,523502,-1,-1,-1,-1,-1,-1,-1,-1,211,-1,-1,0,0,0,0,0,0,0,0,0,0,0,0,0,0,0,0,0,0,0,0,-1,-1,0,0,0,0,-1,-1,-1,-1,-1,-1,-1,-1,-1,-1,-1,-1,-1,-1,-1,-1,0,0,0,0,0,-1,0,0,0,-1,0,-1,[0|0|0|0|0|0|0|0]
8420,,525602,525602,-1,-1,-1,-1,-1,-1,-1,200,-1,-1,0,0,3,50,0,0,0,0,0,0,0,0,0,0,1,0,0,0,0,0,-1,-1,0,0,0,0,-1,-1,-1,-1,-1,-1,-1,-1,-1,-1,-1,-1,-1,-1,-1,-1,0,0,0,0,0,-1,0,0,0,-1,0,-1,[0|0|0|0|0|0|0|0]
8430,,525602,525602,-1,-1,-1,-1,-1,-1,-1,200,-1,-1,0,0,3,50,0,0,0,0,0,0,0,0,0,0,1,0,0,0,0,0,-1,-1,0,0,0,0,-1,-1,-1,-1,-1,-1,-1,-1,-1,-1,-1,-1,-1,-1,-1,-1,0,0,0,0,0,-1,0,0,0,-1,0,-1,[0|0|0|0|0|0|0|0]
8440,,525602,525602,-1,-1,-1,-1,-1,-1,-1,200,-1,-1,0,0,3,50,0,0,0,0,0,0,0,0,0,0,1,0,0,0,0,0,-1,-1,0,0,0,0,-1,-1,-1,-1,-1,-1,-1,-1,-1,-1,-1,-1,-1,-1,-1,-1,0,0,0,0,0,-1,0,0,0,-1,0,-1,[0|0|0|0|0|0|0|0]
8450,,525602,525602,-1,-1,-1,-1,-1,-1,-1,200,-1,-1,0,0,3,50,0,0,0,0,0,0,0,0,0,0,1,0,0,0,0,0,-1,-1,0,0,0,0,-1,-1,-1,-1,-1,-1,-1,-1,-1,-1,-1,-1,-1,-1,-1,-1,0,0,0,0,0,-1,0,0,0,-1,0,-1,[0|0|0|0|0|0|0|0]
8460,,525602,525602,-1,-1,-1,-1,-1,-1,-1,200,-1,-1,0,0,3,50,0,0,0,0,0,0,0,0,0,0,1,0,0,0,0,0,-1,-1,0,0,0,0,-1,-1,-1,-1,-1,-1,-1,-1,-1,-1,-1,-1,-1,-1,-1,-1,0,0,0,0,0,-1,0,0,0,-1,0,-1,[0|0|0|0|0|0|0|0]
8470,,-1,-1,525083,-1,-1,-1,-1,-1,-1,-1,220,-1,0,0,0,0,0,0,0,0,0,0,0,0,0,0,0,0,0,0,0,0,-1,-1,0,0,0,0,-1,-1,-1,-1,-1,-1,-1,-1,-1,-1,-1,-1,-1,-1,-1,-1,0,0,0,0,0,-1,0,0,0,-1,0,-1,[0|0|0|0|0|0|0|0]
8480,,523302,-1,-1,-1,-1,-1,-1,-1,-1,19,-1,-1,2,1,0,0,0,0,0,0,0,0,0,0,0,0,0,0,0,0,0,0,-1,-1,0,0,1,0,-1,-1,-1,-1,-1,-1,-1,-1,-1,-1,-1,-1,-1,-1,-1,-1,0,0,0,0,0,-1,0,0,0,-1,0,-1,[0|0|0|0|0|0|0|0]
8490,,303061,303061,-1,-1,-1,-1,-1,-1,-1,-1,-1,-1,1,10,0,0,0,0,0,0,0,0,0,0,0,0,0,0,0,0,1,0,-1,-1,0,0,10,0,10300,-1,11300,-1,10310,-1,11310,-1,10320,-1,11320,-1,10330,-1,11330,-1,0,0,0,0,0,-1,0,0,0,-1,0,-1,[0|0|0|0|0|0|0|0]
8492,,528142,-1,-1,-1,-1,-1,-1,-1,-1,232,-1,-1,0,0,0,0,0,0,0,0,0,0,0,0,0,0,0,0,0,0,0,0,-1,-1,0,0,0,0,-1,-1,-1,-1,-1,-1,-1,-1,-1,-1,-1,-1,-1,-1,-1,-1,0,0,0,0,0,-1,0,0,0,-1,0,-1,[0|0|0|0|0|0|0|0]
8500,,303001,-1,-1,-1,-1,-1,-1,-1,-1,-1,-1,-1,1,0,0,0,0,0,0,0,0,0,0,0,0,0,0,0,0,0,1,0,-1,-1,0,0,2,0,10300,-1,11300,-1,10310,-1,11310,-1,10320,-1,11320,-1,10330,-1,11330,-1,0,0,0,0,0,-1,0,0,0,-1,0,-1,[0|0|0|0|0|0|0|0]
8505,,440000,440010,-1,-1,-1,-1,-1,-1,-1,-1,-1,-1,0,0,0,0,0,0,0,0,0,0,0,0,0,0,0,0,0,0,0,0,-1,-1,0,0,0,0,-1,-1,-1,-1,-1,-1,-1,-1,-1,-1,-1,-1,-1,-1,-1,-1,0,0,0,0,0,-1,0,0,0,-1,0,-1,[0|0|0|0|0|0|0|0]
8510,,440000,440000,-1,-1,-1,-1,-1,-1,-1,-1,-1,-1,1,7,0,0,0,0,0,0,0,0,0,0,0,0,0,0,0,0,0,0,-1,-1,0,0,0,0,10001,-1,-1,-1,-1,-1,-1,-1,-1,-1,-1,-1,-1,-1,-1,-1,0,0,0,0,0,-1,0,0,0,-1,0,-1,[0|0|0|0|0|0|0|0]
8511,,440000,440000,-1,-1,-1,-1,-1,-1,-1,-1,-1,-1,2,7,0,0,0,0,0,0,0,0,0,0,0,0,0,0,0,0,0,0,-1,-1,0,0,0,0,20001,-1,-1,-1,-1,-1,-1,-1,-1,-1,-1,-1,-1,-1,-1,-1,0,0,0,0,0,-1,0,0,0,-1,0,-1,[0|0|0|0|0|0|0|0]
8515,,4250,-1,-1,-1,-1,-1,-1,-1,-1,905,-1,-1,0,0,4,20,1,0,0,0,0,0,0,0,0,0,0,0,0,0,0,0,-1,-1,0,0,0,0,-1,-1,-1,-1,-1,-1,-1,-1,-1,-1,-1,-1,-1,-1,-1,-1,0,0,0,0,0,-1,0,0,0,-1,0,-1,[0|0|0|0|0|0|0|0]
8520,,303091,303091,-1,-1,-1,-1,-1,-1,-1,-1,-1,-1,1,0,0,0,0,0,0,0,0,0,0,0,0,0,0,0,0,0,1,0,-1,-1,0,0,11,0,10300,-1,11300,-1,10310,-1,11310,-1,10320,-1,11320,-1,10330,-1,11330,-1,0,0,0,0,0,-1,0,0,0,-1,0,-1,[0|0|0|0|0|0|0|0]
8521,,303091,303091,-1,-1,-1,-1,-1,-1,-1,-1,-1,-1,2,0,0,0,0,0,0,0,0,0,0,0,0,0,0,0,0,0,1,0,-1,-1,0,0,11,0,20300,-1,21300,-1,20310,-1,21310,-1,20320,-1,21320,-1,20330,-1,21330,-1,0,0,0,0,0,-1,0,0,0,-1,0,-1,[0|0|0|0|0|0|0|0]
8525,,-1,-1,-1,-1,-1,-1,-1,-1,-1,-1,-1,-1,0,0,1,13,0,0,0,0,0,0,0,0,0,1,0,0,0,0,0,0,-1,-1,0,0,0,0,-1,-1,-1,-1,-1,-1,-1,-1,-1,-1,-1,-1,-1,-1,-1,-1,0,0,0,0,0,-1,0,0,0,-1,0,-1,[0|0|0|0|0|0|0|0]
8526,,-1,-1,-1,-1,523412,-1,17,12,-1,-1,-1,220,0,0,3,12,0,0,0,1,1,0,1,0,0,0,0,0,0,0,0,0,-1,-1,0,0,0,0,-1,-1,-1,-1,-1,-1,-1,-1,-1,-1,-1,-1,-1,-1,-1,-1,0,0,0,0,0,-1,0,0,0,-1,0,-1,[0|0|0|0|0|0|0|0]
8530,,303091,303091,-1,-1,-1,-1,-1,-1,-1,-1,-1,-1,1,0,0,0,0,0,0,0,0,0,0,0,0,0,0,0,0,0,1,0,-1,-1,0,0,4,0,10300,-1,11300,-1,10310,-1,11310,-1,10320,-1,11320,-1,10330,-1,11330,-1,0,0,0,0,0,-1,0,0,0,-1,0,-1,[0|0|0|0|0|0|0|0]
8535,,450344,-1,-1,-1,-1,-1,-1,-1,-1,220,-1,-1,0,0,0,0,0,0,0,0,0,0,0,0,0,0,0,0,0,0,0,0,-1,-1,0,0,0,0,-1,-1,-1,-1,-1,-1,-1,-1,-1,-1,-1,-1,-1,-1,-1,-1,0,0,0,0,0,-1,0,0,0,-1,0,-1,[0|0|0|0|0|0|0|0]
8540,Damage Negation Debuff VFX,4170,-1,-1,-1,-1,-1,-1,-1,-1,220,-1,-1,0,0,4,33,1,0,0,0,0,0,0,0,0,0,0,0,0,0,0,0,-1,-1,0,0,0,0,-1,-1,-1,-1,-1,-1,-1,-1,-1,-1,-1,-1,-1,-1,-1,-1,0,0,0,0,0,-1,0,0,0,-1,0,-1,[0|0|0|0|0|0|0|0]
8545,,450492,450492,-1,-1,-1,-1,-1,-1,-1,10130,-1,-1,1,0,0,0,0,0,0,0,0,0,0,0,0,0,0,0,0,0,1,0,-1,-1,0,0,18,0,10130,-1,11130,-1,-1,-1,-1,-1,-1,-1,-1,-1,-1,-1,-1,-1,0,0,0,0,0,-1,0,0,0,-1,0,-1,[0|0|0|0|0|0|0|0]
8546,,450492,450492,-1,-1,-1,-1,-1,-1,-1,20130,-1,-1,2,0,0,0,0,0,0,0,0,0,0,0,0,0,0,0,0,0,1,0,-1,-1,0,0,18,0,20130,-1,21130,-1,-1,-1,-1,-1,-1,-1,-1,-1,-1,-1,-1,-1,0,0,0,0,0,-1,0,0,0,-1,0,-1,[0|0|0|0|0|0|0|0]
8550,,636665,366110000,-1,-1,-1,-1,-1,-1,-1,220,-1,-1,0,0,0,0,0,0,0,0,0,0,0,0,0,0,0,0,0,0,0,0,-1,-1,0,0,0,0,-1,-1,-1,-1,-1,-1,-1,-1,-1,-1,-1,-1,-1,-1,-1,-1,0,0,0,0,0,-1,0,0,0,-1,0,-1,[0|0|0|0|0|0|0|0]
8555,,303301,303071,-1,-1,-1,-1,-1,-1,-1,-1,-1,-1,1,0,0,0,0,0,0,0,0,0,0,0,0,0,0,0,0,0,1,0,-1,-1,0,0,25,0,10300,-1,11300,-1,10310,-1,11310,-1,10320,-1,11320,-1,10330,-1,11330,-1,0,0,0,0,0,-1,0,0,0,-1,0,-1,[0|0|0|0|0|0|0|0]
8556,,303301,303071,-1,-1,-1,-1,-1,-1,-1,-1,-1,-1,2,0,0,0,0,0,0,0,0,0,0,0,0,0,0,0,0,0,1,0,-1,-1,0,0,25,0,20300,-1,21300,-1,20310,-1,21310,-1,20320,-1,21320,-1,20330,-1,21330,-1,0,0,0,0,0,-1,0,0,0,-1,0,-1,[0|0|0|0|0|0|0|0]
8560,,525033,-1,-1,-1,-1,-1,-1,-1,-1,220,-1,-1,0,0,0,0,0,0,0,0,0,0,0,0,0,0,0,0,0,0,0,0,-1,-1,0,0,0,0,-1,-1,-1,-1,-1,-1,-1,-1,-1,-1,-1,-1,-1,-1,-1,-1,0,0,0,0,0,-1,0,0,0,-1,0,-1,[0|0|0|0|0|0|0|0]
8561,,633600,-1,-1,-1,-1,-1,-1,-1,-1,220,-1,-1,0,0,0,0,0,0,0,0,0,0,0,0,0,0,0,0,0,0,0,0,-1,-1,0,0,0,0,-1,-1,-1,-1,-1,-1,-1,-1,-1,-1,-1,-1,-1,-1,-1,-1,0,0,0,0,0,-1,0,0,0,-1,0,-1,[0|0|0|0|0|0|0|0]
8565,Black Flame Weapon VFX (Right),303161,303161,-1,-1,-1,-1,-1,-1,-1,-1,-1,-1,1,17,0,0,0,0,0,0,0,0,0,0,0,0,0,0,0,0,1,0,-1,-1,0,0,17,0,10300,-1,11300,-1,10310,-1,11310,-1,10320,-1,11320,-1,10330,-1,11330,-1,0,0,0,0,0,-1,0,0,0,-1,0,-1,[0|0|0|0|0|0|0|0]
8566,,-1,-1,-1,-1,-1,-1,-1,-1,-1,-1,-1,-1,2,17,0,0,0,0,0,0,0,0,0,0,0,0,0,0,0,0,1,0,-1,-1,0,0,17,0,-1,-1,-1,-1,-1,-1,-1,-1,-1,-1,-1,-1,-1,-1,-1,-1,0,0,0,0,0,-1,0,0,0,-1,0,-1,[0|0|0|0|0|0|0|0]
8570,Endure VFX,440111,440111,-1,-1,-1,-1,-1,-1,-1,200,-1,-1,0,0,3,0,0,0,0,0,0,0,0,0,0,0,1,0,0,0,0,0,-1,-1,0,0,0,0,-1,-1,-1,-1,-1,-1,-1,-1,-1,-1,-1,-1,-1,-1,-1,-1,0,0,0,0,0,-1,0,0,0,-1,0,-1,[0|0|0|0|0|0|0|0]
8571,Poise Buff VFX,440111,440111,440110,440110,-1,-1,-1,-1,-1,200,220,-1,0,0,3,0,0,0,0,0,0,0,0,0,0,0,1,0,0,0,0,0,-1,-1,0,0,0,0,-1,-1,-1,-1,-1,-1,-1,-1,-1,-1,-1,-1,-1,-1,-1,-1,0,0,0,0,0,-1,0,0,0,-1,0,-1,[0|0|0|0|0|0|0|0]
8575,,303171,303171,-1,-1,-1,-1,-1,-1,-1,10130,-1,-1,1,0,0,0,0,0,0,0,0,0,0,0,0,0,0,0,0,0,1,0,-1,-1,0,0,18,0,10300,-1,11300,-1,10310,-1,11310,-1,10320,-1,11320,-1,10330,-1,11330,-1,0,0,0,0,0,-1,0,0,0,-1,0,-1,[0|0|0|0|0|0|0|0]
8576,,303171,303171,-1,-1,-1,-1,-1,-1,-1,20130,-1,-1,2,0,0,0,0,0,0,0,0,0,0,0,0,0,0,0,0,0,1,0,-1,-1,0,0,18,0,20300,-1,21300,-1,20310,-1,21310,-1,20320,-1,21320,-1,20330,-1,21330,-1,0,0,0,0,0,-1,0,0,0,-1,0,-1,[0|0|0|0|0|0|0|0]
8580,HP Restore VFX,440093,-1,-1,-1,-1,-1,-1,-1,-1,220,-1,-1,0,0,0,0,0,0,0,0,0,0,0,0,0,0,0,0,0,0,0,0,-1,-1,0,0,0,0,-1,-1,-1,-1,-1,-1,-1,-1,-1,-1,-1,-1,-1,-1,-1,-1,0,0,0,0,0,-1,0,0,0,-1,0,-1,[0|0|0|0|0|0|0|0]
8590,,440000,440010,-1,-1,-1,-1,-1,-1,-1,-1,-1,-1,1,7,0,0,0,0,0,0,0,0,0,0,0,0,0,0,0,0,0,0,-1,-1,0,0,0,0,10120,10120,-1,-1,-1,-1,-1,-1,-1,-1,-1,-1,-1,-1,-1,-1,0,0,0,0,0,-1,0,0,0,-1,0,-1,[0|0|0|0|0|0|0|0]
8591,,440012,-1,-1,-1,-1,-1,-1,-1,-1,901,-1,-1,1,0,0,0,0,0,0,0,0,0,0,0,0,0,0,0,0,0,0,0,-1,-1,0,0,0,0,10120,10120,-1,-1,-1,-1,-1,-1,-1,-1,-1,-1,-1,-1,-1,-1,0,0,0,0,0,-1,0,0,0,-1,0,-1,[0|0|0|0|0|0|0|0]
8595,,440000,440010,-1,-1,-1,-1,-1,-1,-1,-1,-1,-1,2,7,0,0,0,0,0,0,0,0,0,0,0,0,0,0,0,0,0,0,-1,-1,0,0,0,0,20120,20120,-1,-1,-1,-1,-1,-1,-1,-1,-1,-1,-1,-1,-1,-1,0,0,0,0,0,-1,0,0,0,-1,0,-1,[0|0|0|0|0|0|0|0]
8596,,440012,-1,-1,-1,-1,-1,-1,-1,-1,902,-1,-1,2,0,0,0,0,0,0,0,0,0,0,0,0,0,0,0,0,0,0,0,-1,-1,0,0,0,0,20120,20120,-1,-1,-1,-1,-1,-1,-1,-1,-1,-1,-1,-1,-1,-1,0,0,0,0,0,-1,0,0,0,-1,0,-1,[0|0|0|0|0|0|0|0]
8600,,4500,-1,-1,-1,-1,-1,-1,-1,-1,905,-1,-1,0,0,3,65,0,0,0,0,0,0,0,0,0,0,0,0,0,0,0,0,-1,-1,0,0,0,0,-1,-1,-1,-1,-1,-1,-1,-1,-1,-1,-1,-1,-1,-1,-1,-1,0,0,0,0,0,-1,0,0,0,-1,0,-1,[0|0|0|0|0|0|0|0]
8610,,450060,-1,-1,-1,-1,-1,-1,-1,-1,-1,-1,-1,1,0,0,0,0,0,0,0,0,0,0,0,0,0,0,0,0,0,0,0,-1,-1,0,0,20,0,10110,-1,-1,-1,-1,-1,-1,-1,-1,-1,-1,-1,-1,-1,-1,-1,0,0,0,0,0,-1,0,0,0,-1,0,-1,[0|0|0|0|0|0|0|0]
8611,,450060,-1,-1,-1,-1,-1,-1,-1,-1,-1,-1,-1,2,0,0,0,0,0,0,0,0,0,0,0,0,0,0,0,0,0,0,0,-1,-1,0,0,20,0,20110,-1,-1,-1,-1,-1,-1,-1,-1,-1,-1,-1,-1,-1,-1,-1,0,0,0,0,0,-1,0,0,0,-1,0,-1,[0|0|0|0|0|0|0|0]
8620,,4520,-1,-1,-1,-1,-1,-1,-1,-1,905,220,-1,0,0,3,40,0,0,0,0,0,0,0,0,0,0,1,0,0,0,0,0,-1,-1,0,0,0,0,-1,-1,-1,-1,-1,-1,-1,-1,-1,-1,-1,-1,-1,-1,-1,-1,0,0,0,0,0,-1,0,0,0,-1,0,-1,[0|0|0|0|0|0|0|0]
8621,,450090,-1,-1,-1,-1,-1,-1,-1,-1,-1,-1,-1,1,0,0,0,0,0,0,0,0,0,0,0,0,0,0,0,0,0,0,0,-1,-1,0,0,0,0,10300,10300,11300,11300,-1,-1,-1,-1,-1,-1,-1,-1,-1,-1,-1,-1,0,0,0,0,0,-1,0,0,0,-1,0,-1,[0|0|0|0|0|0|0|0]
8630,,-1,-1,525033,-1,-1,-1,-1,-1,-1,-1,220,-1,0,0,0,0,0,0,0,0,0,0,0,0,0,0,0,0,0,0,0,0,-1,-1,0,0,0,0,-1,-1,-1,-1,-1,-1,-1,-1,-1,-1,-1,-1,-1,-1,-1,-1,0,0,0,0,0,-1,0,0,0,-1,0,-1,[0|0|0|0|0|0|0|0]
8635,,4500,-1,-1,-1,-1,-1,-1,-1,-1,905,-1,-1,0,0,3,40,1,0,0,0,0,0,0,0,0,0,1,1,1,0,0,0,-1,-1,0,0,0,0,-1,-1,-1,-1,-1,-1,-1,-1,-1,-1,-1,-1,-1,-1,-1,-1,0,0,0,0,0,-1,0,0,0,-1,0,-1,[0|0|0|0|0|0|0|0]
8640,,440602,-1,-1,-1,-1,-1,-1,-1,-1,220,-1,-1,0,0,0,0,1,0,0,0,0,0,0,0,0,0,0,0,0,1,0,0,-1,-1,0,0,0,0,-1,-1,-1,-1,-1,-1,-1,-1,-1,-1,-1,-1,-1,-1,-1,-1,0,0,0,0,0,-1,0,0,0,-1,0,-1,[0|0|0|0|0|0|0|0]
8641,,303061,303061,-1,-1,-1,-1,-1,-1,-1,-1,-1,-1,1,0,0,0,0,0,0,0,0,0,0,0,0,0,0,0,0,0,1,0,-1,-1,0,0,5,0,10300,-1,11300,-1,10310,-1,11310,-1,10320,-1,11320,-1,10330,-1,11330,-1,0,0,0,0,0,-1,0,0,0,-1,0,-1,[0|0|0|0|0|0|0|0]
8642,,303061,303061,-1,-1,-1,-1,-1,-1,-1,-1,-1,-1,2,0,0,0,0,0,0,0,0,0,0,0,0,0,0,0,0,0,1,0,-1,-1,0,0,5,0,20300,-1,21300,-1,20310,-1,21310,-1,20320,-1,21320,-1,20330,-1,21330,-1,0,0,0,0,0,-1,0,0,0,-1,0,-1,[0|0|0|0|0|0|0|0]
8645,,450620,450620,-1,-1,-1,-1,-1,-1,-1,110,-1,-1,1,0,0,0,0,0,0,0,0,0,0,0,0,0,0,0,0,0,0,0,-1,-1,0,0,15,0,10300,-1,11300,-1,10310,-1,11310,-1,10320,-1,11320,-1,10330,-1,11330,-1,0,0,0,0,0,-1,0,0,0,-1,0,-1,[0|0|0|0|0|0|0|0]
8646,,450620,450620,-1,-1,-1,-1,-1,-1,-1,110,-1,-1,2,0,0,0,0,0,0,0,0,0,0,0,0,0,0,0,0,0,0,0,-1,-1,0,0,15,0,20300,-1,21300,-1,20310,-1,21310,-1,20320,-1,21320,-1,20330,-1,21330,-1,0,0,0,0,0,-1,0,0,0,-1,0,-1,[0|0|0|0|0|0|0|0]
8650,,303011,303011,-1,-1,-1,-1,-1,-1,-1,-1,-1,-1,1,0,0,0,0,0,0,0,0,0,0,0,0,0,0,0,0,0,0,0,-1,-1,0,0,3,0,10300,-1,11300,-1,10310,-1,11310,-1,10320,-1,11320,-1,10330,-1,11330,-1,0,0,0,0,0,-1,0,0,0,-1,0,-1,[0|0|0|0|0|0|0|0]
8651,,303011,303011,-1,-1,-1,-1,-1,-1,-1,-1,-1,-1,2,0,0,0,0,0,0,0,0,0,0,0,0,0,0,0,0,0,0,0,-1,-1,0,0,3,0,20300,-1,21300,-1,20310,-1,21310,-1,20320,-1,21320,-1,20330,-1,21330,-1,0,0,0,0,0,-1,0,0,0,-1,0,-1,[0|0|0|0|0|0|0|0]
8652,,450839,450836,-1,-1,-1,-1,-1,-1,-1,-1,300,-1,1,0,0,0,0,0,0,0,0,0,0,0,0,0,0,0,0,0,0,0,-1,-1,0,0,21,0,10300,10300,-1,-1,-1,-1,-1,-1,-1,-1,-1,-1,-1,-1,-1,-1,0,0,0,0,0,-1,0,0,0,-1,0,-1,[0|0|0|0|0|0|0|0]
8653,,450839,450836,-1,-1,-1,-1,-1,-1,-1,-1,300,-1,2,0,0,0,0,0,0,0,0,0,0,0,0,0,0,0,0,0,0,0,-1,-1,0,0,21,0,20300,20300,-1,-1,-1,-1,-1,-1,-1,-1,-1,-1,-1,-1,-1,-1,0,0,0,0,0,-1,0,0,0,-1,0,-1,[0|0|0|0|0|0|0|0]
8654,,450150,-1,-1,-1,-1,-1,-1,-1,-1,220,-1,-1,0,0,0,0,0,0,0,0,0,0,0,0,0,0,0,0,0,0,0,0,-1,-1,0,0,0,0,-1,-1,-1,-1,-1,-1,-1,-1,-1,-1,-1,-1,-1,-1,-1,-1,0,0,0,0,0,-1,0,0,0,-1,0,-1,[0|0|0|0|0|0|0|0]
8655,,303122,303121,-1,-1,-1,-1,-1,-1,-1,-1,-1,-1,1,0,0,0,0,0,0,0,0,0,0,0,0,0,0,0,0,0,0,0,-1,-1,0,0,19,0,10300,-1,11300,-1,10310,-1,11310,-1,10320,-1,11320,-1,10330,-1,11330,-1,0,0,0,0,0,-1,0,0,0,-1,0,-1,[0|0|0|0|0|0|0|0]
8656,,303122,303121,-1,-1,-1,-1,-1,-1,-1,-1,-1,-1,2,0,0,0,0,0,0,0,0,0,0,0,0,0,0,0,0,0,0,0,-1,-1,0,0,19,0,20300,-1,21300,-1,20310,-1,21310,-1,20320,-1,21320,-1,20330,-1,21330,-1,0,0,0,0,0,-1,0,0,0,-1,0,-1,[0|0|0|0|0|0|0|0]
8657,,450141,-1,-1,-1,-1,-1,-1,-1,-1,111,-1,-1,0,0,0,0,0,0,0,0,0,0,0,0,0,0,0,0,0,0,0,0,-1,-1,0,0,0,0,-1,-1,-1,-1,-1,-1,-1,-1,-1,-1,-1,-1,-1,-1,-1,-1,0,0,0,0,0,-1,0,0,0,-1,0,-1,[0|0|0|0|0|0|0|0]
8658,,440776,440776,-1,-1,-1,-1,-1,-1,-1,837,-1,-1,0,0,0,0,0,0,0,0,0,0,0,0,0,0,0,0,0,0,0,0,-1,-1,0,0,0,0,-1,-1,-1,-1,-1,-1,-1,-1,-1,-1,-1,-1,-1,-1,-1,-1,0,0,0,0,0,-1,0,0,0,-1,0,-1,[0|0|0|0|0|0|0|0]
8660,,4500,-1,-1,-1,-1,-1,-1,-1,-1,905,-1,-1,0,0,3,65,0,0,0,0,0,0,0,0,0,0,0,0,0,0,0,0,-1,-1,0,0,0,0,-1,-1,-1,-1,-1,-1,-1,-1,-1,-1,-1,-1,-1,-1,-1,-1,0,0,0,0,0,-1,0,0,0,-1,0,-1,[0|0|0|0|0|0|0|0]
8670,Fallen Meteroite - Weapon Buff VFX,303141,303141,-1,-1,-1,-1,-1,-1,-1,-1,-1,-1,1,0,0,0,0,0,0,0,0,0,0,0,0,0,0,0,0,0,1,0,-1,-1,0,0,0,0,10300,-1,11300,-1,10310,-1,11310,-1,10320,-1,11320,-1,10330,-1,11330,-1,0,0,0,0,0,-1,0,0,0,-1,0,-1,[0|0|0|0|0|0|0|0]
8671,,303141,303141,-1,-1,-1,-1,-1,-1,-1,-1,-1,-1,2,0,0,0,0,0,0,0,0,0,0,0,0,0,0,0,0,0,1,0,-1,-1,0,0,0,0,20300,-1,21300,-1,20310,-1,21310,-1,20320,-1,21320,-1,20330,-1,21330,-1,0,0,0,0,0,-1,0,0,0,-1,0,-1,[0|0|0|0|0|0|0|0]
8680,,-1,-1,440581,-1,-1,-1,-1,-1,-1,-1,220,-1,0,0,0,0,0,0,0,0,0,0,0,0,0,0,0,0,0,0,0,0,-1,-1,0,0,0,0,-1,-1,-1,-1,-1,-1,-1,-1,-1,-1,-1,-1,-1,-1,-1,-1,0,0,0,0,0,-1,0,0,0,-1,0,-1,[0|0|0|0|0|0|0|0]
8690,,303131,303131,-1,-1,-1,-1,-1,-1,-1,-1,-1,-1,1,10,0,0,0,0,0,0,0,0,0,0,0,0,0,0,0,0,1,0,-1,-1,0,0,10,0,10300,-1,11300,-1,10310,-1,11310,-1,10320,-1,11320,-1,10330,-1,11330,-1,0,0,0,0,0,-1,0,0,0,-1,0,-1,[0|0|0|0|0|0|0|0]
8691,,303131,303131,-1,-1,-1,-1,-1,-1,-1,-1,-1,-1,2,10,0,0,0,0,0,0,0,0,0,0,0,0,0,0,0,0,1,0,-1,-1,0,0,10,0,20300,-1,21300,-1,20310,-1,21310,-1,20320,-1,21320,-1,20330,-1,21330,-1,0,0,0,0,0,-1,0,0,0,-1,0,-1,[0|0|0|0|0|0|0|0]
8700,,4520,-1,525813,-1,-1,-1,-1,-1,-1,905,220,-1,0,0,3,52,0,0,0,0,0,0,0,0,0,0,1,0,0,0,0,0,-1,-1,0,0,0,0,-1,-1,-1,-1,-1,-1,-1,-1,-1,-1,-1,-1,-1,-1,-1,-1,0,0,0,0,0,-1,0,0,0,-1,0,-1,[0|0|0|0|0|0|0|0]
8710,,4500,-1,-1,-1,-1,-1,-1,-1,-1,905,-1,-1,0,0,3,65,0,0,0,0,0,0,0,0,0,0,0,0,0,0,0,0,-1,-1,0,0,0,0,-1,-1,-1,-1,-1,-1,-1,-1,-1,-1,-1,-1,-1,-1,-1,-1,0,0,0,0,0,-1,0,0,0,-1,0,-1,[0|0|0|0|0|0|0|0]
8720,,450311,303011,-1,-1,-1,-1,-1,-1,-1,110,-1,-1,1,0,0,0,0,0,0,0,0,0,0,0,0,0,0,0,0,0,1,0,-1,-1,0,0,21,0,10300,-1,11300,-1,10310,-1,11310,-1,10320,-1,11320,-1,10330,-1,11330,-1,0,0,0,0,0,-1,0,0,0,-1,0,-1,[0|0|0|0|0|0|0|0]
8721,,450311,303011,-1,-1,-1,-1,-1,-1,-1,110,-1,-1,2,0,0,0,0,0,0,0,0,0,0,0,0,0,0,0,0,0,1,0,-1,-1,0,0,21,0,20300,-1,21300,-1,20310,-1,21310,-1,20320,-1,21320,-1,20330,-1,21330,-1,0,0,0,0,0,-1,0,0,0,-1,0,-1,[0|0|0|0|0|0|0|0]
8725,,641801,450533,-1,-1,-1,-1,-1,-1,-1,800,-1,-1,0,0,0,0,0,0,0,0,0,0,0,0,0,0,0,0,0,1,0,0,-1,-1,0,0,0,0,-1,-1,-1,-1,-1,-1,-1,-1,-1,-1,-1,-1,-1,-1,-1,-1,0,0,0,0,0,1002,0,1,0.6,-1,0,-1,[0|0|0|0|0|0|0|0]
8726,,641801,450533,-1,-1,-1,-1,-1,-1,-1,800,-1,-1,0,0,0,0,0,0,0,0,0,0,0,0,0,0,0,0,0,1,0,0,-1,-1,0,0,0,0,-1,-1,-1,-1,-1,-1,-1,-1,-1,-1,-1,-1,-1,-1,-1,-1,0,0,0,0,0,1002,0,1,0.6,-1,0,-1,[0|0|0|0|0|0|0|0]
8727,,4500,-1,-1,-1,-1,-1,-1,-1,-1,905,-1,-1,0,0,3,32,1,0,0,0,0,0,0,0,0,0,1,1,1,0,0,0,-1,-1,0,0,0,0,-1,-1,-1,-1,-1,-1,-1,-1,-1,-1,-1,-1,-1,-1,-1,-1,0,0,0,0,0,-1,0,0,0,-1,0,-1,[0|0|0|0|0|0|0|0]
8728,,641800,450534,-1,-1,-1,-1,-1,-1,-1,800,-1,-1,0,0,0,0,0,0,0,0,0,0,0,0,0,0,0,0,0,0,0,0,-1,-1,0,0,0,0,-1,-1,-1,-1,-1,-1,-1,-1,-1,-1,-1,-1,-1,-1,-1,-1,0,0,0,0,0,1002,1,0,0.6,-1,0,-1,[0|0|0|0|0|0|0|0]
8729,,641800,450534,-1,-1,-1,-1,-1,-1,-1,800,-1,-1,0,0,0,0,0,0,0,0,0,0,0,0,0,0,0,0,0,0,0,0,-1,-1,0,0,0,0,-1,-1,-1,-1,-1,-1,-1,-1,-1,-1,-1,-1,-1,-1,-1,-1,0,0,0,0,0,1002,1,0,0.6,-1,0,-1,[0|0|0|0|0|0|0|0]
8740,,4520,-1,525813,-1,-1,-1,-1,-1,-1,905,220,-1,0,0,3,52,0,0,0,0,0,0,0,0,0,0,1,0,0,0,0,0,-1,-1,0,0,0,0,-1,-1,-1,-1,-1,-1,-1,-1,-1,-1,-1,-1,-1,-1,-1,-1,0,0,0,0,0,-1,0,0,0,-1,0,-1,[0|0|0|0|0|0|0|0]
8750,,4275,-1,-1,-1,-1,-1,-1,-1,-1,220,-1,-1,0,0,4,0,1,0,0,0,0,0,0,0,0,0,0,0,0,0,0,0,-1,-1,0,0,0,0,-1,-1,-1,-1,-1,-1,-1,-1,-1,-1,-1,-1,-1,-1,-1,-1,0,0,0,0,0,-1,0,0,0,-1,0,-1,[0|0|0|0|0|0|0|0]
8751,,4275,-1,-1,-1,-1,-1,-1,-1,-1,220,-1,-1,0,0,4,0,1,0,0,0,0,0,0,0,0,0,0,0,0,0,0,0,-1,-1,0,0,0,0,-1,-1,-1,-1,-1,-1,-1,-1,-1,-1,-1,-1,-1,-1,-1,-1,0,0,0,0,0,-1,0,0,0,-1,0,-1,[0|0|0|0|0|0|0|0]
8760,,303201,303131,-1,-1,-1,-1,-1,-1,-1,-1,-1,-1,1,24,0,0,0,0,0,0,0,0,0,0,0,0,0,0,0,0,0,0,-1,-1,0,0,24,0,10300,-1,11300,-1,10310,-1,11310,-1,10320,-1,11320,-1,10330,-1,11330,-1,0,0,0,0,0,-1,0,0,0,-1,0,-1,[0|0|0|0|0|0|0|0]
8761,,303201,303131,-1,-1,-1,-1,-1,-1,-1,-1,-1,-1,2,24,0,0,0,0,0,0,0,0,0,0,0,0,0,0,0,0,0,0,-1,-1,0,0,24,0,20300,-1,21300,-1,20310,-1,21310,-1,20320,-1,21320,-1,20330,-1,21330,-1,0,0,0,0,0,-1,0,0,0,-1,0,-1,[0|0|0|0|0|0|0|0]
8765,,450780,303131,-1,-1,-1,-1,-1,-1,-1,-1,-1,-1,1,24,0,0,0,0,0,0,0,0,0,0,0,0,0,0,0,0,0,0,-1,-1,0,0,24,0,10100,-1,-1,-1,-1,-1,-1,-1,-1,-1,-1,-1,-1,-1,-1,-1,0,0,0,0,0,-1,0,0,0,-1,0,-1,[0|0|0|0|0|0|0|0]
8766,,450780,303131,-1,-1,-1,-1,-1,-1,-1,-1,-1,-1,2,24,0,0,0,0,0,0,0,0,0,0,0,0,0,0,0,0,0,0,-1,-1,0,0,24,0,20100,-1,-1,-1,-1,-1,-1,-1,-1,-1,-1,-1,-1,-1,-1,-1,0,0,0,0,0,-1,0,0,0,-1,0,-1,[0|0|0|0|0|0|0|0]
8770,,450811,-1,-1,-1,-1,-1,-1,-1,-1,905,-1,-1,0,0,3,0,0,0,0,0,0,0,0,0,0,0,0,0,0,0,0,0,-1,-1,0,0,0,0,-1,-1,-1,-1,-1,-1,-1,-1,-1,-1,-1,-1,-1,-1,-1,-1,0,0,0,0,0,-1,0,0,0,-1,0,-1,[0|0|0|0|0|0|0|0]
8775,,303111,303111,-1,-1,-1,-1,-1,-1,-1,-1,-1,-1,1,6,0,0,0,0,0,0,0,0,0,0,0,0,0,0,0,0,1,0,-1,-1,0,0,6,0,10300,-1,11300,-1,10310,-1,11310,-1,10320,-1,11320,-1,10330,-1,11330,-1,0,0,0,0,0,-1,0,0,0,-1,0,-1,[0|0|0|0|0|0|0|0]
8776,,303111,303111,-1,-1,-1,-1,-1,-1,-1,-1,-1,-1,2,6,0,0,0,0,0,0,0,0,0,0,0,0,0,0,0,0,1,0,-1,-1,0,0,6,0,20300,-1,21300,-1,20310,-1,21310,-1,20320,-1,21320,-1,20330,-1,21330,-1,0,0,0,0,0,-1,0,0,0,-1,0,-1,[0|0|0|0|0|0|0|0]
9000,,4300,-1,-1,-1,-1,-1,-1,-1,-1,200,-1,-1,0,0,0,0,1,0,0,0,0,0,0,0,0,0,1,0,0,0,0,0,-1,-1,0,9,0,0,-1,-1,-1,-1,-1,-1,-1,-1,-1,-1,-1,-1,-1,-1,-1,-1,0,0,0,0,0,-1,0,0,0,-1,0,-1,[0|0|0|0|0|0|0|0]
9010,Black Flame Debuff VFX,4180,-1,-1,-1,-1,-1,-1,-1,-1,905,-1,-1,0,0,0,50,1,0,0,0,0,0,0,0,0,0,0,0,0,0,0,0,-1,-1,0,0,0,0,-1,-1,-1,-1,-1,-1,-1,-1,-1,-1,-1,-1,-1,-1,-1,-1,0,0,0,0,0,-1,0,0,0,-1,0,-1,[0|0|0|0|0|0|0|0]
9011,,4280,-1,-1,-1,-1,-1,-1,-1,-1,905,-1,-1,0,0,0,50,1,0,0,0,0,0,0,0,0,0,0,0,0,0,0,0,-1,-1,0,0,0,0,-1,-1,-1,-1,-1,-1,-1,-1,-1,-1,-1,-1,-1,-1,-1,-1,0,0,0,0,0,-1,0,0,0,-1,0,-1,[0|0|0|0|0|0|0|0]
9012,,4290,-1,-1,-1,-1,-1,-1,-1,-1,905,-1,-1,0,0,0,50,1,0,0,0,0,0,0,0,0,0,0,0,0,0,0,0,-1,-1,0,0,0,0,-1,-1,-1,-1,-1,-1,-1,-1,-1,-1,-1,-1,-1,-1,-1,-1,0,0,0,0,0,-1,0,0,0,-1,0,-1,[0|0|0|0|0|0|0|0]
9013,Max HP Debuff VFX,4410,-1,-1,-1,-1,-1,-1,-1,-1,905,-1,-1,0,0,4,23,1,0,0,0,0,0,0,0,0,0,0,0,0,0,0,0,-1,-1,0,0,0,0,-1,-1,-1,-1,-1,-1,-1,-1,-1,-1,-1,-1,-1,-1,-1,-1,0,0,0,0,0,-1,0,0,0,-1,0,-1,[0|0|0|0|0|0|0|0]
9014,,4410,-1,-1,-1,-1,-1,-1,-1,-1,905,-1,-1,0,0,4,22,1,0,0,0,0,0,0,0,0,0,0,0,0,0,0,0,-1,-1,0,0,0,0,-1,-1,-1,-1,-1,-1,-1,-1,-1,-1,-1,-1,-1,-1,-1,-1,0,0,0,0,0,-1,0,0,0,-1,0,-1,[0|0|0|0|0|0|0|0]
9015,Sudden Death VFX,334120,-1,-1,-1,-1,-1,-1,-1,-1,905,-1,-1,0,0,0,0,1,0,0,0,0,0,0,0,0,0,0,0,0,0,0,0,-1,-1,0,0,0,0,-1,-1,-1,-1,-1,-1,-1,-1,-1,-1,-1,-1,-1,-1,-1,-1,0,0,0,0,0,-1,0,0,0,-1,0,-1,[0|0|0|0|0|0|0|0]
9100,,675261,-1,-1,-1,-1,-1,-1,-1,-1,905,-1,-1,0,0,0,20,0,0,0,0,0,0,0,0,0,0,0,0,0,0,0,0,-1,-1,0,0,0,0,-1,-1,-1,-1,-1,-1,-1,-1,-1,-1,-1,-1,-1,-1,-1,-1,0,0,0,0,0,-1,0,0,0,-1,0,-1,[0|0|0|0|0|0|0|0]
9105,,649028,-1,-1,-1,-1,-1,-1,-1,-1,905,-1,-1,0,0,0,20,0,0,0,0,0,0,0,0,0,0,0,0,0,0,0,0,-1,-1,0,0,0,0,-1,-1,-1,-1,-1,-1,-1,-1,-1,-1,-1,-1,-1,-1,-1,-1,0,0,0,0,0,-1,0,0,0,-1,0,-1,[0|0|0|0|0|0|0|0]
9106,,649029,-1,-1,-1,-1,-1,-1,-1,-1,905,-1,-1,0,0,0,20,0,0,0,0,0,0,0,0,0,0,0,0,0,0,0,0,-1,-1,0,0,0,0,-1,-1,-1,-1,-1,-1,-1,-1,-1,-1,-1,-1,-1,-1,-1,-1,0,0,0,0,0,-1,0,0,0,-1,0,-1,[0|0|0|0|0|0|0|0]
9110,,675472,676037,-1,-1,-1,-1,-1,-1,-1,905,-1,-1,0,0,0,20,0,0,0,0,0,0,0,0,0,0,0,0,0,0,0,0,-1,-1,0,0,0,0,-1,-1,-1,-1,-1,-1,-1,-1,-1,-1,-1,-1,-1,-1,-1,-1,0,0,0,0,0,-1,0,0,0,-1,0,-1,[0|0|0|0|0|0|0|0]
9111,,675471,676037,-1,-1,-1,-1,-1,-1,-1,905,-1,-1,0,0,0,20,0,0,0,0,0,0,0,0,0,0,0,0,0,0,0,0,-1,-1,0,0,0,0,-1,-1,-1,-1,-1,-1,-1,-1,-1,-1,-1,-1,-1,-1,-1,-1,0,0,0,0,0,-1,0,0,0,-1,0,-1,[0|0|0|0|0|0|0|0]
9120,,675025,-1,-1,-1,-1,-1,-1,-1,-1,905,-1,-1,0,0,4,20,0,0,0,0,0,0,0,0,0,0,0,0,0,0,0,0,-1,-1,0,0,0,0,-1,-1,-1,-1,-1,-1,-1,-1,-1,-1,-1,-1,-1,-1,-1,-1,0,0,0,0,0,-1,0,0,0,-1,0,-1,[0|0|0|0|0|0|0|0]
9121,,675026,-1,-1,-1,-1,-1,-1,-1,-1,905,-1,-1,0,0,4,20,0,0,0,0,0,0,0,0,0,0,0,0,0,0,0,0,-1,-1,0,0,0,0,-1,-1,-1,-1,-1,-1,-1,-1,-1,-1,-1,-1,-1,-1,-1,-1,0,0,0,0,0,-1,0,0,0,-1,0,-1,[0|0|0|0|0|0|0|0]
9125,,675835,-1,-1,-1,-1,-1,-1,-1,-1,905,-1,-1,0,0,4,20,0,0,0,0,0,0,0,0,0,0,0,0,0,0,0,0,-1,-1,0,0,0,0,-1,-1,-1,-1,-1,-1,-1,-1,-1,-1,-1,-1,-1,-1,-1,-1,0,0,0,0,0,-1,0,0,0,-1,0,-1,[0|0|0|0|0|0|0|0]
9126,,675836,-1,-1,-1,-1,-1,-1,-1,-1,905,-1,-1,0,0,4,20,0,0,0,0,0,0,0,0,0,0,0,0,0,0,0,0,-1,-1,0,0,0,0,-1,-1,-1,-1,-1,-1,-1,-1,-1,-1,-1,-1,-1,-1,-1,-1,0,0,0,0,0,-1,0,0,0,-1,0,-1,[0|0|0|0|0|0|0|0]
9900,,304042,-1,-1,-1,-1,-1,-1,-1,-1,220,-1,-1,0,0,0,0,0,0,0,0,0,0,0,0,0,0,0,0,0,0,0,0,-1,-1,0,0,0,0,-1,-1,-1,-1,-1,-1,-1,-1,-1,-1,-1,-1,-1,-1,-1,-1,0,0,0,0,0,-1,0,0,0,0,0,-1,[0|0|0|0|0|0|0|0]
9901,,304042,-1,-1,-1,-1,-1,-1,-1,-1,220,-1,-1,0,0,0,0,0,0,0,0,0,0,0,0,0,0,0,0,0,0,0,0,-1,-1,0,0,0,0,-1,-1,-1,-1,-1,-1,-1,-1,-1,-1,-1,-1,-1,-1,-1,-1,0,0,0,0,0,-1,0,0,0,0,0,-1,[0|0|0|0|0|0|0|0]
9910,,-1,-1,301002,-1,-1,-1,-1,-1,-1,-1,8,-1,0,0,0,0,0,0,0,0,0,0,0,0,0,0,0,0,0,0,0,0,-1,-1,0,0,0,0,-1,-1,-1,-1,-1,-1,-1,-1,-1,-1,-1,-1,-1,-1,-1,-1,0,0,0,0,0,-1,0,0,0,-1,0,-1,[0|0|0|0|0|0|0|0]
9911,,-1,-1,305033,-1,-1,-1,-1,-1,-1,-1,8,-1,0,0,0,0,0,0,0,0,0,0,0,0,0,0,0,0,0,0,0,0,-1,-1,0,0,0,0,-1,-1,-1,-1,-1,-1,-1,-1,-1,-1,-1,-1,-1,-1,-1,-1,0,0,0,0,0,-1,0,0,0,-1,0,-1,[0|0|0|0|0|0|0|0]
40002,,-1,-1,-1,-1,-1,-1,-1,-1,-1,-1,-1,-1,0,0,4,12,1,0,0,0,0,0,0,0,0,0,0,0,0,0,0,0,-1,-1,0,1,0,0,-1,-1,-1,-1,-1,-1,-1,-1,-1,-1,-1,-1,-1,-1,-1,-1,0,0,0,0,0,-1,0,0,0,-1,0,-1,[0|0|0|0|0|0|0|0]
40260,Frostbite VFX,4020,-1,-1,-1,-1,-1,-1,-1,-1,905,-1,-1,0,0,4,10,1,0,0,0,0,0,0,0,0,0,0,0,0,0,0,0,-1,-1,0,9,0,0,-1,-1,-1,-1,-1,-1,-1,-1,-1,-1,-1,-1,-1,-1,-1,-1,0,0,0,0,0,-1,0,0,0,-1,0,-1,[0|0|0|0|0|0|0|0]
50000,,-1,-1,-1,-1,-1,-1,-1,-1,-1,-1,-1,-1,0,0,0,0,0,0,0,0,0,0,0,0,0,0,0,0,0,0,0,0,-1,-1,0,0,0,0,-1,-1,-1,-1,-1,-1,-1,-1,-1,-1,-1,-1,-1,-1,-1,-1,0,0,0,0,0,-1,0,0,0,-1,0,1001,[0|0|0|0|0|0|0|0]
50001,,-1,-1,-1,-1,-1,-1,-1,-1,-1,-1,-1,-1,0,0,0,0,0,0,0,0,0,0,0,0,0,0,0,0,0,0,0,0,-1,-1,0,0,0,0,-1,-1,-1,-1,-1,-1,-1,-1,-1,-1,-1,-1,-1,-1,-1,-1,0,0,0,0,0,-1,0,0,0,-1,0,1002,[0|0|0|0|0|0|0|0]
50002,,-1,-1,-1,-1,-1,-1,-1,-1,-1,-1,-1,-1,0,0,0,0,0,0,0,0,0,0,0,0,0,0,0,0,0,0,0,0,-1,-1,0,0,0,0,-1,-1,-1,-1,-1,-1,-1,-1,-1,-1,-1,-1,-1,-1,-1,-1,0,0,0,0,0,-1,0,0,0,-1,0,1003,[0|0|0|0|0|0|0|0]
50003,,-1,-1,-1,-1,-1,-1,-1,-1,-1,-1,-1,-1,0,0,0,0,0,0,0,0,0,0,0,0,0,0,0,0,0,0,0,0,-1,-1,0,0,0,0,-1,-1,-1,-1,-1,-1,-1,-1,-1,-1,-1,-1,-1,-1,-1,-1,0,0,0,0,0,-1,0,0,0,-1,0,1004,[0|0|0|0|0|0|0|0]
50100,,600620,-1,-1,-1,-1,-1,-1,-1,-1,40,-1,-1,0,0,0,0,0,0,0,0,0,0,0,0,0,0,0,0,0,0,0,0,-1,-1,0,0,0,0,-1,-1,-1,-1,-1,-1,-1,-1,-1,-1,-1,-1,-1,-1,-1,-1,0,0,0,0,0,-1,0,0,0,-1,0,-1,[0|0|0|0|0|0|0|0]
50101,,643070,-1,-1,-1,-1,-1,-1,-1,-1,40,-1,-1,0,0,0,0,0,0,0,0,0,0,0,0,0,0,0,0,0,0,0,0,-1,-1,0,0,0,0,-1,-1,-1,-1,-1,-1,-1,-1,-1,-1,-1,-1,-1,-1,-1,-1,0,0,0,0,0,-1,0,0,0,-1,0,-1,[0|0|0|0|0|0|0|0]
50102,,611000,-1,-1,-1,-1,-1,-1,-1,-1,50,-1,-1,0,0,0,0,0,0,0,0,0,0,0,0,0,0,0,0,0,0,0,0,-1,-1,0,0,0,0,-1,-1,-1,-1,-1,-1,-1,-1,-1,-1,-1,-1,-1,-1,-1,-1,0,0,0,0,0,-1,0,0,0,-1,0,-1,[0|0|0|0|0|0|0|0]
50103,,611000,-1,-1,-1,-1,-1,-1,-1,-1,60,-1,-1,0,0,0,0,0,0,0,0,0,0,0,0,0,0,0,0,0,0,0,0,-1,-1,0,0,0,0,-1,-1,-1,-1,-1,-1,-1,-1,-1,-1,-1,-1,-1,-1,-1,-1,0,0,0,0,0,-1,0,0,0,-1,0,-1,[0|0|0|0|0|0|0|0]
50104,,643060,-1,-1,-1,-1,-1,-1,-1,-1,199,-1,-1,0,0,0,0,0,0,0,0,0,0,0,0,0,0,0,0,0,0,0,0,-1,-1,0,0,0,0,-1,-1,-1,-1,-1,-1,-1,-1,-1,-1,-1,-1,-1,-1,-1,-1,0,0,0,0,0,-1,0,0,0,-1,0,-1,[0|0|0|0|0|0|0|0]
50110,,643008,643008,-1,-1,643009,643009,-1,-1,-1,220,-1,220,0,0,0,0,0,0,0,0,0,0,0,0,0,0,0,0,0,0,0,0,-1,-1,0,0,0,0,-1,-1,-1,-1,-1,-1,-1,-1,-1,-1,-1,-1,-1,-1,-1,-1,0,0,0,0,0,-1,0,0,0,-1,0,-1,[0|0|0|0|0|0|0|0]
50111,,-1,-1,-1,-1,-1,-1,6,5,-1,-1,-1,-1,0,0,0,0,0,0,1,1,0,1,0,0,0,0,0,0,0,0,0,0,-1,-1,0,0,0,0,-1,-1,-1,-1,-1,-1,-1,-1,-1,-1,-1,-1,-1,-1,-1,-1,0,0,0,0,0,-1,0,0,0,-1,0,-1,[0|0|0|0|0|0|0|0]
50112,,-1,-1,-1,-1,-1,-1,10,9,-1,-1,-1,-1,0,0,0,0,0,0,1,1,0,1,0,0,0,0,0,0,0,0,0,0,-1,-1,0,0,0,0,-1,-1,-1,-1,-1,-1,-1,-1,-1,-1,-1,-1,-1,-1,-1,-1,0,0,0,0,0,-1,0,0,0,-1,0,-1,[0|0|0|0|0|0|0|0]
50113,,-1,-1,-1,-1,-1,-1,15,14,-1,-1,-1,-1,0,0,0,0,0,0,1,1,0,1,0,0,0,0,0,0,0,0,0,0,-1,-1,0,0,0,0,-1,-1,-1,-1,-1,-1,-1,-1,-1,-1,-1,-1,-1,-1,-1,-1,0,0,0,0,0,-1,0,0,0,-1,0,-1,[0|0|0|0|0|0|0|0]
50114,,-1,-1,-1,-1,-1,-1,-1,-1,-1,-1,-1,-1,0,0,0,0,0,0,1,1,1,1,0,0,0,0,0,0,0,0,0,0,-1,-1,0,0,0,0,-1,-1,-1,-1,-1,-1,-1,-1,-1,-1,-1,-1,-1,-1,-1,-1,0,0,0,0,0,-1,0,0,0,-1,0,-1,[0|0|0|0|0|0|0|0]
50115,,-1,-1,-1,-1,-1,-1,-1,-1,-1,-1,-1,-1,0,0,0,0,0,0,1,1,1,1,0,0,0,0,0,0,0,0,0,0,-1,-1,0,0,0,0,-1,-1,-1,-1,-1,-1,-1,-1,-1,-1,-1,-1,-1,-1,-1,-1,0,0,0,0,0,-1,0,0,0,-1,0,-1,[0|0|0|0|0|0|0|0]
50116,,-1,-1,-1,-1,-1,-1,-1,-1,-1,-1,-1,-1,0,0,0,0,0,0,0,0,0,0,0,0,0,0,0,0,0,1,0,0,-1,-1,0,0,0,0,-1,-1,-1,-1,-1,-1,-1,-1,-1,-1,-1,-1,-1,-1,-1,-1,0,2,0,0,920,-1,0,0,0,-1,0,-1,[0|0|0|0|0|0|0|0]
50117,,-1,-1,-1,-1,-1,-1,50,49,-1,-1,-1,-1,0,0,0,0,0,0,1,1,0,1,0,0,0,0,0,0,0,0,0,0,-1,-1,0,0,0,0,-1,-1,-1,-1,-1,-1,-1,-1,-1,-1,-1,-1,-1,-1,-1,-1,0,0,0,0,0,-1,0,0,0,-1,0,-1,[0|0|0|0|0|0|0|0]
50120,,640205,-1,-1,-1,-1,-1,-1,-1,-1,220,-1,-1,0,0,0,0,0,0,0,0,0,0,0,0,0,0,0,0,0,0,0,0,-1,-1,0,0,0,0,-1,-1,-1,-1,-1,-1,-1,-1,-1,-1,-1,-1,-1,-1,-1,-1,0,0,0,0,0,-1,0,0,0,-1,0,-1,[0|0|0|0|0|0|0|0]
50121,,640225,-1,-1,-1,-1,-1,-1,-1,-1,220,-1,-1,0,0,0,0,0,0,0,0,0,0,0,0,0,0,0,0,0,0,0,0,-1,-1,0,0,0,0,-1,-1,-1,-1,-1,-1,-1,-1,-1,-1,-1,-1,-1,-1,-1,-1,0,0,0,0,0,-1,0,0,0,-1,0,-1,[0|0|0|0|0|0|0|0]
50122,,640206,-1,-1,-1,-1,-1,-1,-1,-1,220,-1,-1,0,0,0,0,0,0,0,0,0,0,0,0,0,0,0,0,0,0,0,0,-1,-1,0,0,0,0,-1,-1,-1,-1,-1,-1,-1,-1,-1,-1,-1,-1,-1,-1,-1,-1,0,0,0,0,0,-1,0,0,0,-1,0,-1,[0|0|0|0|0|0|0|0]
50123,,640207,-1,-1,-1,-1,-1,-1,-1,-1,7,-1,-1,0,0,0,0,0,0,0,0,0,0,0,0,0,0,0,0,0,0,0,0,-1,-1,0,0,0,0,-1,-1,-1,-1,-1,-1,-1,-1,-1,-1,-1,-1,-1,-1,-1,-1,0,0,0,0,0,-1,0,0,0,-1,0,-1,[0|0|0|0|0|0|0|0]
50124,,-1,-1,-1,-1,-1,-1,0,0,-1,-1,-1,-1,0,0,0,0,0,0,0,1,1,0,0,0,0,0,0,0,0,1,0,0,-1,-1,0,0,0,0,-1,-1,-1,-1,-1,-1,-1,-1,-1,-1,-1,-1,-1,-1,-1,-1,0,0,0,0,0,-1,0,0,0,-1,0,-1,[0|0|0|0|0|0|0|0]
50125,,-1,-1,-1,-1,-1,-1,0,0,-1,-1,-1,-1,0,0,0,0,0,0,1,1,1,0,0,0,0,0,0,0,0,1,0,0,-1,-1,0,0,0,0,-1,-1,-1,-1,-1,-1,-1,-1,-1,-1,-1,-1,-1,-1,-1,-1,0,0,0,0,0,-1,0,0,0,-1,0,-1,[0|0|0|0|0|0|0|0]
50130,,600620,-1,-1,-1,-1,-1,-1,-1,-1,40,-1,-1,0,0,0,0,0,0,0,0,0,0,0,0,0,0,0,0,0,0,0,0,-1,-1,0,0,0,0,-1,-1,-1,-1,-1,-1,-1,-1,-1,-1,-1,-1,-1,-1,-1,-1,0,0,0,0,0,-1,0,0,0,-1,0,-1,[0|0|0|0|0|0|0|0]
50131,,601000,-1,-1,-1,-1,-1,-1,-1,-1,199,-1,-1,0,0,0,0,0,0,0,0,0,0,0,0,0,0,0,0,0,0,0,0,-1,-1,0,0,0,0,-1,-1,-1,-1,-1,-1,-1,-1,-1,-1,-1,-1,-1,-1,-1,-1,0,0,0,0,0,-1,0,0,0,-1,0,-1,[0|0|0|0|0|0|0|0]
50132,,630030,-1,-1,-1,-1,-1,-1,-1,-1,220,-1,-1,0,0,0,0,0,0,0,0,0,0,0,0,0,0,0,0,0,0,0,0,-1,-1,0,0,0,0,-1,-1,-1,-1,-1,-1,-1,-1,-1,-1,-1,-1,-1,-1,-1,-1,0,0,0,0,0,-1,0,0,0,-1,0,-1,[0|0|0|0|0|0|0|0]
50133,,681103,-1,-1,-1,-1,-1,-1,-1,-1,10,-1,-1,0,0,0,0,0,0,0,0,0,0,0,0,0,0,0,0,0,0,0,0,-1,-1,0,0,0,0,-1,-1,-1,-1,-1,-1,-1,-1,-1,-1,-1,-1,-1,-1,-1,-1,0,0,0,0,0,-1,0,0,0,-1,0,-1,[0|0|0|0|0|0|0|0]
50134,,-1,-1,-1,-1,-1,-1,-1,-1,-1,-1,-1,-1,0,0,0,0,0,0,0,0,0,0,0,0,0,0,0,0,0,0,0,0,-1,-1,0,0,0,0,-1,-1,-1,-1,-1,-1,-1,-1,-1,-1,-1,-1,-1,-1,-1,-1,0,2,0,0,900,-1,0,0,0,-1,0,-1,[0|0|0|0|0|0|0|0]
50160,,660404,-1,-1,-1,-1,-1,-1,-1,-1,199,-1,-1,0,0,0,0,0,0,0,0,0,0,0,0,0,0,0,0,0,0,0,0,-1,-1,0,0,0,0,-1,-1,-1,-1,-1,-1,-1,-1,-1,-1,-1,-1,-1,-1,-1,-1,0,0,0,0,0,-1,0,0,0,-1,0,-1,[0|0|0|0|0|0|0|0]
50170,,646020,460010001,-1,-1,-1,-1,-1,-1,-1,300,-1,-1,0,0,0,0,0,0,0,0,0,0,0,0,0,0,0,0,0,0,0,0,-1,-1,0,0,0,0,-1,-1,-1,-1,-1,-1,-1,-1,-1,-1,-1,-1,-1,-1,-1,-1,0,0,0,0,0,-1,0,0,0,-1,0,-1,[0|0|0|0|0|0|0|0]
50171,,-1,460010002,-1,-1,-1,-1,-1,-1,-1,301,-1,-1,0,0,0,0,0,0,0,0,0,0,0,0,0,0,0,0,0,0,0,0,-1,-1,0,0,0,0,-1,-1,-1,-1,-1,-1,-1,-1,-1,-1,-1,-1,-1,-1,-1,-1,0,0,0,0,0,-1,0,0,0,-1,0,-1,[0|0|0|0|0|0|0|0]
50172,,-1,460010003,-1,-1,-1,-1,-1,-1,-1,302,-1,-1,0,0,0,0,0,0,0,0,0,0,0,0,0,0,0,0,0,0,0,0,-1,-1,0,0,0,0,-1,-1,-1,-1,-1,-1,-1,-1,-1,-1,-1,-1,-1,-1,-1,-1,0,0,0,0,0,-1,0,0,0,-1,0,-1,[0|0|0|0|0|0|0|0]
50173,,4500,-1,-1,-1,-1,-1,-1,-1,-1,905,-1,-1,0,0,0,0,1,0,0,0,0,0,0,0,0,0,1,1,1,0,0,0,-1,-1,0,0,0,0,-1,-1,-1,-1,-1,-1,-1,-1,-1,-1,-1,-1,-1,-1,-1,-1,0,0,0,0,0,-1,0,0,0,-1,0,-1,[0|0|0|0|0|0|0|0]
50175,,-1,-1,-1,-1,-1,-1,-1,-1,-1,-1,-1,-1,0,0,0,0,0,0,0,0,0,0,0,0,0,0,0,0,0,1,0,0,-1,-1,0,0,0,0,-1,-1,-1,-1,-1,-1,-1,-1,-1,-1,-1,-1,-1,-1,-1,-1,0,2,0,0,240,-1,0,0,0,-1,0,-1,[0|0|0|0|0|0|0|0]
50178,,646085,-1,-1,-1,-1,-1,-1,-1,-1,199,-1,-1,0,0,0,0,0,0,0,0,0,0,0,0,0,0,0,0,0,0,0,0,-1,-1,0,0,0,0,-1,-1,-1,-1,-1,-1,-1,-1,-1,-1,-1,-1,-1,-1,-1,-1,0,0,0,0,0,-1,0,0,0,-1,0,-1,[0|0|0|0|0|0|0|0]
50200,,635642,-1,-1,-1,-1,-1,-1,-1,-1,201,-1,-1,0,0,0,0,0,0,0,0,0,0,0,0,0,0,0,0,0,0,0,0,-1,-1,0,0,0,0,-1,-1,-1,-1,-1,-1,-1,-1,-1,-1,-1,-1,-1,-1,-1,-1,0,0,0,0,0,-1,0,0,0,-1,0,-1,[0|0|0|0|0|0|0|0]
50201,,635642,-1,-1,-1,-1,-1,-1,-1,-1,220,-1,-1,0,0,0,0,0,0,0,0,0,0,0,0,0,0,0,0,0,0,0,0,-1,-1,0,0,0,0,-1,-1,-1,-1,-1,-1,-1,-1,-1,-1,-1,-1,-1,-1,-1,-1,0,0,0,0,0,-1,0,0,0,-1,0,-1,[0|0|0|0|0|0|0|0]
50202,,632598,-1,-1,422001000,-1,-1,-1,-1,-1,220,-1,-1,0,0,0,0,0,0,0,0,0,0,0,0,0,0,0,0,0,0,0,0,-1,-1,0,0,0,0,-1,-1,-1,-1,-1,-1,-1,-1,-1,-1,-1,-1,-1,-1,-1,-1,0,0,0,0,0,-1,0,0,0,-1,0,-1,[0|0|0|0|0|0|0|0]
50203,,635693,-1,-1,-1,-1,-1,-1,-1,-1,960,-1,-1,0,0,0,0,0,0,0,0,0,0,0,0,0,0,0,0,0,0,0,0,-1,-1,0,0,0,0,-1,-1,-1,-1,-1,-1,-1,-1,-1,-1,-1,-1,-1,-1,-1,-1,0,0,0,0,0,-1,0,0,0,-1,0,-1,[0|0|0|0|0|0|0|0]
50250,,635772,-1,-1,-1,-1,-1,-1,-1,-1,220,-1,-1,0,0,0,0,0,0,0,0,0,0,0,0,0,0,0,0,0,0,0,0,-1,-1,0,0,0,0,-1,-1,-1,-1,-1,-1,-1,-1,-1,-1,-1,-1,-1,-1,-1,-1,0,0,0,0,0,-1,0,0,0,-1,0,-1,[0|0|0|0|0|0|0|0]
50251,,632598,-1,-1,422001000,-1,-1,-1,-1,-1,90,-1,-1,0,0,0,0,0,0,0,0,0,0,0,0,0,0,0,0,0,0,0,0,-1,-1,0,0,0,0,-1,-1,-1,-1,-1,-1,-1,-1,-1,-1,-1,-1,-1,-1,-1,-1,0,0,0,0,0,-1,0,0,0,-1,0,-1,[0|0|0|0|0|0|0|0]
50252,,635793,-1,-1,-1,-1,-1,-1,-1,-1,960,-1,-1,0,0,0,0,0,0,0,0,0,0,0,0,0,0,0,0,0,0,0,0,-1,-1,0,0,0,0,-1,-1,-1,-1,-1,-1,-1,-1,-1,-1,-1,-1,-1,-1,-1,-1,0,0,0,0,0,-1,0,0,0,-1,0,-1,[0|0|0|0|0|0|0|0]
50300,,-1,-1,-1,-1,-1,-1,-1,-1,-1,-1,-1,-1,0,0,6,10,0,0,0,0,0,0,0,0,0,0,0,0,0,1,0,0,-1,-1,0,0,0,0,-1,-1,-1,-1,-1,-1,-1,-1,-1,-1,-1,-1,-1,-1,-1,-1,0,0,0,0,0,100,1,0,15,-1,0,-1,[0|0|0|0|0|0|0|0]
50301,,-1,-1,-1,-1,-1,-1,-1,-1,-1,-1,-1,-1,0,0,0,0,0,0,0,0,0,0,0,0,0,0,0,0,0,1,0,0,-1,-1,0,0,0,0,-1,-1,-1,-1,-1,-1,-1,-1,-1,-1,-1,-1,-1,-1,-1,-1,0,0,0,0,0,100,0.8,0,10,-1,0,-1,[0|0|0|0|0|0|0|0]
50302,,-1,-1,-1,-1,-1,-1,-1,-1,-1,-1,-1,-1,0,0,0,0,0,0,0,0,0,0,0,0,0,0,0,0,0,1,0,0,-1,-1,0,0,0,0,-1,-1,-1,-1,-1,-1,-1,-1,-1,-1,-1,-1,-1,-1,-1,-1,0,0,0,0,0,100,0,0.7,4,-1,0,-1,[0|0|0|0|0|0|0|0]
50303,,-1,-1,-1,-1,-1,-1,-1,-1,-1,-1,-1,-1,0,0,6,1,0,0,0,0,0,0,0,0,0,0,0,0,0,1,0,0,-1,-1,0,0,0,0,-1,-1,-1,-1,-1,-1,-1,-1,-1,-1,-1,-1,-1,-1,-1,-1,0,0,0,0,0,100,0,1,4,-1,0,-1,[0|0|0|0|0|0|0|0]
50310,,-1,-1,-1,-1,-1,-1,-1,0,-1,-1,-1,-1,0,0,0,0,0,0,0,1,1,0,0,0,0,0,0,0,0,1,0,0,-1,-1,0,0,0,0,-1,-1,-1,-1,-1,-1,-1,-1,-1,-1,-1,-1,-1,-1,-1,-1,0,0,90,0,0,-1,0,0,0,-1,0,-1,[0|0|0|0|0|0|0|0]
50311,,-1,-1,-1,-1,-1,-1,-1,-1,-1,-1,-1,-1,0,0,0,0,0,0,0,0,0,0,0,0,0,0,0,0,0,1,0,0,-1,-1,0,0,0,0,-1,-1,-1,-1,-1,-1,-1,-1,-1,-1,-1,-1,-1,-1,-1,-1,0,0,0,0,0,-1,0,0,0,-1,0,-1,[0|0|0|0|0|0|0|0]
50316,,670035,-1,-1,-1,-1,-1,-1,-1,-1,50,-1,-1,0,0,0,0,0,0,0,0,0,0,0,0,0,0,0,0,0,0,0,0,-1,-1,0,0,0,0,-1,-1,-1,-1,-1,-1,-1,-1,-1,-1,-1,-1,-1,-1,-1,-1,0,0,0,0,0,-1,0,0,0,-1,0,-1,[0|0|0|0|0|0|0|0]
50320,,302405,-1,-1,-1,-1,-1,-1,-1,-1,7,-1,-1,0,0,0,0,0,0,0,0,0,0,0,0,0,0,0,0,0,0,0,0,-1,-1,0,0,0,0,-1,-1,-1,-1,-1,-1,-1,-1,-1,-1,-1,-1,-1,-1,-1,-1,0,0,0,0,0,-1,0,0,0,-1,0,-1,[0|0|0|0|0|0|0|0]
50321,,302406,-1,-1,-1,-1,-1,-1,-1,-1,7,-1,-1,0,0,0,0,0,0,0,0,0,0,0,0,0,0,0,0,0,0,0,0,-1,-1,0,0,0,0,-1,-1,-1,-1,-1,-1,-1,-1,-1,-1,-1,-1,-1,-1,-1,-1,0,0,0,0,0,-1,0,0,0,-1,0,-1,[0|0|0|0|0|0|0|0]
50350,,4500,405000001,-1,-1,-1,-1,-1,-1,-1,905,-1,-1,0,0,0,0,1,0,0,0,0,0,0,0,0,0,0,0,0,0,0,0,-1,-1,0,0,0,0,-1,-1,-1,-1,-1,-1,-1,-1,-1,-1,-1,-1,-1,-1,-1,-1,0,0,0,0,0,-1,0,0,0,-1,0,-1,[0|0|0|0|0|0|0|0]
50400,,-1,-1,-1,-1,-1,-1,-1,-1,-1,-1,-1,-1,0,0,0,10,0,0,0,0,0,0,0,0,0,0,0,0,0,1,0,0,-1,-1,0,0,0,0,-1,-1,-1,-1,-1,-1,-1,-1,-1,-1,-1,-1,-1,-1,-1,-1,0,0,0,0,0,1000,0,0,0,-1,0,-1,[0|0|0|0|0|0|0|0]
50401,,-1,-1,-1,-1,-1,-1,-1,-1,-1,-1,-1,-1,0,0,0,1,0,0,0,0,0,0,0,0,0,0,0,0,0,1,0,0,-1,-1,0,0,0,0,-1,-1,-1,-1,-1,-1,-1,-1,-1,-1,-1,-1,-1,-1,-1,-1,0,0,0,0,0,-1,0,1,3,-1,0,-1,[0|0|0|0|0|0|0|0]
50402,,-1,-1,-1,-1,-1,-1,-1,-1,-1,-1,-1,-1,0,0,0,1,0,0,0,0,0,0,0,0,0,0,0,0,0,1,0,0,-1,-1,0,0,0,0,-1,-1,-1,-1,-1,-1,-1,-1,-1,-1,-1,-1,-1,-1,-1,-1,0,0,0,0,0,-1,0,0,3,-1,0,-1,[0|0|0|0|0|0|0|0]
50403,,-1,-1,-1,-1,-1,-1,-1,-1,-1,-1,-1,-1,0,0,0,5,0,0,0,0,0,0,0,0,0,0,0,0,0,1,0,0,-1,-1,0,0,0,0,-1,-1,-1,-1,-1,-1,-1,-1,-1,-1,-1,-1,-1,-1,-1,-1,0,0,0,0,0,-1,0,1,0,-1,0,-1,[0|0|0|0|0|0|0|0]
50404,,500082,-1,-1,-1,-1,-1,-1,-1,-1,226,-1,-1,0,0,0,0,0,0,0,0,0,0,0,0,0,0,0,0,0,0,0,0,-1,-1,0,0,0,0,-1,-1,-1,-1,-1,-1,-1,-1,-1,-1,-1,-1,-1,-1,-1,-1,0,0,0,0,0,-1,0,1,0,-1,0,-1,[0|0|0|0|0|0|0|0]
50405,,644959,-1,-1,-1,-1,-1,-1,-1,-1,907,-1,-1,0,0,0,0,0,0,0,0,0,0,0,0,0,0,0,0,0,0,0,0,-1,-1,0,0,0,0,-1,-1,-1,-1,-1,-1,-1,-1,-1,-1,-1,-1,-1,-1,-1,-1,0,0,0,0,0,-1,0,1,0,-1,0,-1,[0|0|0|0|0|0|0|0]
50406,,645530,-1,-1,-1,-1,-1,-1,-1,-1,199,-1,-1,0,0,0,0,0,0,0,0,0,0,0,0,0,0,0,0,0,0,0,0,-1,-1,0,0,0,0,-1,-1,-1,-1,-1,-1,-1,-1,-1,-1,-1,-1,-1,-1,-1,-1,0,0,0,0,0,-1,0,1,0,-1,0,-1,[0|0|0|0|0|0|0|0]
50407,,4160,-1,-1,-1,-1,-1,-1,-1,-1,905,-1,-1,0,0,3,45,0,0,0,0,0,0,0,0,0,0,1,0,0,0,0,0,-1,-1,0,0,0,0,-1,-1,-1,-1,-1,-1,-1,-1,-1,-1,-1,-1,-1,-1,-1,-1,0,0,0,0,0,-1,0,0,0,-1,0,-1,[0|0|0|0|0|0|0|0]
50505,,642010,-1,-1,-1,-1,-1,-1,-1,-1,7,-1,-1,0,0,0,0,0,0,0,0,0,0,0,0,0,0,0,0,0,0,0,0,-1,-1,0,0,0,0,-1,-1,-1,-1,-1,-1,-1,-1,-1,-1,-1,-1,-1,-1,-1,-1,0,0,0,0,0,-1,0,0,0,-1,0,-1,[0|0|0|0|0|0|0|0]
50610,,648037,480001000,-1,-1,-1,-1,-1,-1,-1,300,-1,-1,0,0,0,0,0,0,0,0,0,0,0,0,0,0,0,0,0,0,0,0,-1,-1,0,0,0,0,-1,-1,-1,-1,-1,-1,-1,-1,-1,-1,-1,-1,-1,-1,-1,-1,0,0,0,0,0,-1,0,0,0,-1,0,-1,[0|0|0|0|0|0|0|0]
50650,,648080,-1,-1,-1,-1,-1,-1,-1,-1,220,-1,-1,0,0,0,0,0,0,0,0,0,0,0,0,0,0,0,0,0,0,0,0,-1,-1,0,0,0,0,-1,-1,-1,-1,-1,-1,-1,-1,-1,-1,-1,-1,-1,-1,-1,-1,0,0,0,0,0,-1,0,0,0,-1,0,-1,[0|0|0|0|0|0|0|0]
50651,,648081,-1,-1,-1,-1,-1,-1,-1,-1,220,-1,-1,0,0,0,0,0,0,0,0,0,0,0,0,0,0,0,0,0,0,0,0,-1,-1,0,0,0,0,-1,-1,-1,-1,-1,-1,-1,-1,-1,-1,-1,-1,-1,-1,-1,-1,0,0,0,0,0,-1,0,0,0,-1,0,-1,[0|0|0|0|0|0|0|0]
50652,,648082,-1,-1,-1,-1,-1,-1,-1,-1,220,-1,-1,0,0,0,0,0,0,0,0,0,0,0,0,0,0,0,0,0,0,0,0,-1,-1,0,0,0,0,-1,-1,-1,-1,-1,-1,-1,-1,-1,-1,-1,-1,-1,-1,-1,-1,0,0,0,0,0,-1,0,0,0,-1,0,-1,[0|0|0|0|0|0|0|0]
50653,,-1,-1,-1,-1,-1,-1,-1,-1,-1,220,-1,-1,0,0,0,0,0,0,0,0,0,0,0,0,0,0,0,0,0,0,0,0,-1,-1,0,0,0,0,-1,-1,-1,-1,-1,-1,-1,-1,-1,-1,-1,-1,-1,-1,-1,-1,0,0,0,0,0,-1,0,0,0,-1,0,-1,[0|0|0|0|0|0|0|0]
50655,,648082,-1,-1,-1,-1,-1,-1,-1,-1,220,-1,-1,0,0,0,0,0,0,0,0,0,0,0,0,0,0,0,0,0,0,0,0,-1,-1,0,0,0,0,-1,-1,-1,-1,-1,-1,-1,-1,-1,-1,-1,-1,-1,-1,-1,-1,0,0,0,0,0,-1,0,0,0,-1,0,-1,[0|0|0|0|0|0|0|0]
50660,,331610,-1,-1,-1,-1,-1,-1,-1,-1,905,-1,-1,0,0,0,0,0,0,0,0,0,0,0,0,0,0,0,0,0,0,0,0,-1,-1,0,0,0,0,-1,-1,-1,-1,-1,-1,-1,-1,-1,-1,-1,-1,-1,-1,-1,-1,0,0,0,0,0,-1,0,0,0,-1,0,-1,[0|0|0|0|0|0|0|0]
50661,,331611,-1,-1,-1,-1,-1,-1,-1,-1,905,-1,-1,0,0,0,0,0,0,0,0,0,0,0,0,0,0,0,0,0,0,0,0,-1,-1,0,0,0,0,-1,-1,-1,-1,-1,-1,-1,-1,-1,-1,-1,-1,-1,-1,-1,-1,0,0,0,0,0,-1,0,0,0,-1,0,-1,[0|0|0|0|0|0|0|0]
50662,,331612,-1,-1,-1,-1,-1,-1,-1,-1,905,-1,-1,0,0,0,0,0,0,0,0,0,0,0,0,0,0,0,0,0,0,0,0,-1,-1,0,0,0,0,-1,-1,-1,-1,-1,-1,-1,-1,-1,-1,-1,-1,-1,-1,-1,-1,0,0,0,0,0,-1,0,0,0,-1,0,-1,[0|0|0|0|0|0|0|0]
50665,,4502,524402,301271,-1,-1,-1,-1,-1,-1,290,905,-1,0,0,3,45,0,0,0,0,0,0,0,0,0,0,0,0,0,0,0,0,-1,-1,0,0,0,0,-1,-1,-1,-1,-1,-1,-1,-1,-1,-1,-1,-1,-1,-1,-1,-1,0,0,0,0,0,-1,0,0,0,-1,0,-1,[0|0|0|0|0|0|0|0]
50700,,640000,-1,-1,-1,-1,-1,-1,-1,-1,100,-1,-1,0,0,0,0,0,0,0,0,0,0,0,0,0,0,0,0,0,1,0,0,-1,-1,0,0,0,0,-1,-1,-1,-1,-1,-1,-1,-1,-1,-1,-1,-1,-1,-1,-1,-1,0,0,0,0,0,-1,0,0,0,-1,0,-1,[0|0|0|0|0|0|0|0]
50710,,640045,-1,-1,-1,-1,-1,-1,-1,-1,220,-1,-1,0,0,0,0,0,0,0,0,0,0,0,0,0,0,0,0,0,0,0,0,-1,-1,0,0,0,0,-1,-1,-1,-1,-1,-1,-1,-1,-1,-1,-1,-1,-1,-1,-1,-1,0,0,0,0,0,-1,0,0,0,-1,0,-1,[0|0|0|0|0|0|0|0]
50715,,-1,-1,-1,-1,-1,-1,-1,-1,-1,-1,-1,-1,0,0,0,0,0,0,0,0,0,0,0,0,0,0,0,0,0,1,0,0,-1,-1,0,0,0,0,-1,-1,-1,-1,-1,-1,-1,-1,-1,-1,-1,-1,-1,-1,-1,-1,0,0,0,0,0,10300,1,0,1,-1,0,-1,[0|0|0|0|0|0|0|0]
50800,,632013,-1,-1,-1,-1,-1,-1,-1,-1,8,-1,-1,0,0,4,20,1,0,0,0,0,0,0,0,0,0,0,0,0,0,0,0,-1,-1,0,0,0,0,-1,-1,-1,-1,-1,-1,-1,-1,-1,-1,-1,-1,-1,-1,-1,-1,0,0,0,0,0,-1,0,0,0,-1,0,-1,[0|0|0|0|0|0|0|0]
50810,,632032,-1,-1,-1,-1,-1,-1,-1,-1,90,-1,-1,0,0,0,0,0,0,0,0,0,0,0,0,0,0,0,0,0,0,0,0,-1,-1,0,0,0,0,-1,-1,-1,-1,-1,-1,-1,-1,-1,-1,-1,-1,-1,-1,-1,-1,0,0,0,0,0,-1,0,0,0,-1,0,-1,[0|0|0|0|0|0|0|0]
50815,,632041,468001001,-1,-1,-1,-1,-1,-1,-1,220,-1,-1,0,0,0,0,0,0,0,0,0,0,0,0,0,0,0,0,0,0,0,0,-1,-1,0,0,0,0,-1,-1,-1,-1,-1,-1,-1,-1,-1,-1,-1,-1,-1,-1,-1,-1,0,0,0,0,0,-1,0,0,0,-1,0,-1,[0|0|0|0|0|0|0|0]
50820,,632000,-1,-1,-1,632520,-1,-1,-1,-1,190,-1,190,0,0,0,0,0,0,0,0,0,0,0,0,0,0,0,0,0,0,0,0,-1,-1,0,0,0,0,-1,-1,-1,-1,-1,-1,-1,-1,-1,-1,-1,-1,-1,-1,-1,-1,0,0,0,0,0,-1,0,0,0,-1,0,-1,[0|0|0|0|0|0|0|0]
50830,,-1,-1,-1,-1,-1,-1,-1,-1,-1,0,-1,-1,0,0,0,0,0,0,0,0,0,0,0,0,0,0,0,0,0,0,0,0,-1,-1,0,0,0,0,-1,-1,-1,-1,-1,-1,-1,-1,-1,-1,-1,-1,-1,-1,-1,-1,0,2,0,0,340,-1,0,0,0,-1,0,-1,[0|0|0|0|0|0|0|0]
50850,,-1,-1,-1,-1,-1,-1,-1,-1,-1,-1,-1,-1,0,0,0,0,0,0,0,0,0,0,0,0,0,0,0,0,0,0,0,0,-1,-1,0,0,0,0,-1,-1,-1,-1,-1,-1,-1,-1,-1,-1,-1,-1,-1,-1,-1,-1,0,2,0,0,24,-1,0,0,0,-1,0,-1,[0|0|0|0|0|0|0|0]
50851,,-1,-1,-1,-1,-1,-1,-1,0,-1,-1,-1,-1,0,0,0,0,0,0,1,1,0,0,0,0,0,0,0,0,0,0,0,0,-1,-1,0,0,0,0,-1,-1,-1,-1,-1,-1,-1,-1,-1,-1,-1,-1,-1,-1,-1,-1,0,0,1,0,0,-1,0,0,0,-1,0,-1,[0|0|0|0|0|0|0|0]
50852,,632026,-1,-1,-1,-1,-1,-1,-1,-1,7,-1,-1,0,0,0,0,0,0,0,0,0,0,0,0,0,0,0,0,0,0,0,0,-1,-1,0,0,0,0,-1,-1,-1,-1,-1,-1,-1,-1,-1,-1,-1,-1,-1,-1,-1,-1,0,0,0,0,0,-1,0,0,0,-1,0,-1,[0|0|0|0|0|0|0|0]
50853,,632027,-1,-1,-1,-1,-1,-1,-1,-1,7,-1,-1,0,0,0,0,0,0,0,0,0,0,0,0,0,0,0,0,0,0,0,0,-1,-1,0,0,0,0,-1,-1,-1,-1,-1,-1,-1,-1,-1,-1,-1,-1,-1,-1,-1,-1,0,0,0,0,0,-1,0,0,0,-1,0,-1,[0|0|0|0|0|0|0|0]
50854,,632028,-1,-1,-1,-1,-1,-1,-1,-1,7,-1,-1,0,0,0,0,0,0,0,0,0,0,0,0,0,0,0,0,0,0,0,0,-1,-1,0,0,0,0,-1,-1,-1,-1,-1,-1,-1,-1,-1,-1,-1,-1,-1,-1,-1,-1,0,0,0,0,0,-1,0,0,0,-1,0,-1,[0|0|0|0|0|0|0|0]
50859,,-1,-1,-1,-1,-1,-1,-1,-1,-1,-1,-1,-1,0,0,0,0,0,0,0,0,0,0,0,0,0,0,0,0,0,0,0,0,-1,-1,0,0,0,0,-1,-1,-1,-1,-1,-1,-1,-1,-1,-1,-1,-1,-1,-1,-1,-1,0,2,0,0,500,-1,0,0,0,-1,0,-1,[0|0|0|0|0|0|0|0]
50900,,649111,-1,-1,-1,-1,-1,-1,-1,-1,302,-1,-1,0,0,0,0,0,0,0,0,0,0,0,0,0,0,0,0,0,1,0,0,-1,-1,0,0,0,0,-1,-1,-1,-1,-1,-1,-1,-1,-1,-1,-1,-1,-1,-1,-1,-1,0,0,0,0,0,10000,0,1,1,-1,0,-1,[0|0|0|0|0|0|0|0]
50901,,-1,-1,-1,-1,-1,-1,-1,-1,-1,-1,-1,-1,0,0,0,0,0,0,0,0,0,0,0,0,0,0,0,0,0,1,0,0,-1,-1,0,0,0,0,-1,-1,-1,-1,-1,-1,-1,-1,-1,-1,-1,-1,-1,-1,-1,-1,0,0,0,0,0,10000,1,0,0.3,-1,0,-1,[0|0|0|0|0|0|0|0]
50950,,630500,-1,-1,-1,-1,-1,-1,-1,-1,908,-1,-1,0,0,0,0,0,0,0,0,0,0,0,0,0,0,0,0,0,0,0,0,-1,-1,0,0,0,0,-1,-1,-1,-1,-1,-1,-1,-1,-1,-1,-1,-1,-1,-1,-1,-1,0,0,0,0,0,-1,0,0,0,-1,0,-1,[0|0|0|0|0|0|0|0]
50951,,630501,630503,-1,-1,-1,-1,-1,-1,-1,900,-1,-1,0,0,0,0,0,0,0,0,0,0,0,0,0,0,0,0,0,0,0,0,-1,-1,0,0,0,0,-1,-1,-1,-1,-1,-1,-1,-1,-1,-1,-1,-1,-1,-1,-1,-1,0,0,0,0,0,-1,0,0,0,-1,0,-1,[0|0|0|0|0|0|0|0]
50955,,4500,301202,-1,-1,-1,-1,-1,-1,-1,905,-1,-1,0,0,0,0,0,0,0,0,0,0,0,0,0,0,1,0,0,0,0,0,-1,-1,0,0,0,0,-1,-1,-1,-1,-1,-1,-1,-1,-1,-1,-1,-1,-1,-1,-1,-1,0,0,0,0,0,-1,0,0,0,-1,0,-1,[0|0|0|0|0|0|0|0]
50956,,630587,301202,-1,-1,-1,-1,-1,-1,-1,905,-1,-1,0,0,0,0,0,0,0,0,0,0,0,0,0,0,1,0,0,0,0,0,-1,-1,0,0,0,0,-1,-1,-1,-1,-1,-1,-1,-1,-1,-1,-1,-1,-1,-1,-1,-1,0,0,0,0,0,-1,0,0,0,-1,0,-1,[0|0|0|0|0|0|0|0]
50958,,-1,-1,-1,-1,-1,-1,-1,0,-1,-1,-1,-1,0,0,0,0,0,0,0,1,1,0,0,0,0,0,0,0,0,1,0,0,-1,-1,0,0,0,0,-1,-1,-1,-1,-1,-1,-1,-1,-1,-1,-1,-1,-1,-1,-1,-1,0,0,0,0,0,-1,0,0,0,-1,0,-1,[0|0|0|0|0|0|0|0]
50959,,-1,-1,-1,-1,-1,-1,-1,-1,-1,-1,-1,-1,0,0,0,0,0,0,0,0,0,0,0,0,0,0,0,0,0,0,0,0,-1,-1,0,0,0,0,-1,-1,-1,-1,-1,-1,-1,-1,-1,-1,-1,-1,-1,-1,-1,-1,0,2,0,0,235,-1,0,0,0,-1,0,-1,[0|0|0|0|0|0|0|0]
50960,,-1,-1,630598,999997803,-1,-1,-1,-1,-1,-1,960,-1,0,0,0,0,0,0,0,0,0,0,0,0,0,0,0,0,0,1,0,0,-1,-1,0,0,0,0,-1,-1,-1,-1,-1,-1,-1,-1,-1,-1,-1,-1,-1,-1,-1,-1,0,0,0,0,0,-1,0,0,0,-1,0,-1,[0|0|0|0|0|0|0|0]
50961,,-1,999997804,-1,-1,-1,-1,-1,-1,-1,-1,-1,-1,0,0,0,0,0,0,0,1,1,0,0,0,0,0,0,0,0,1,0,0,-1,-1,0,0,0,0,-1,-1,-1,-1,-1,-1,-1,-1,-1,-1,-1,-1,-1,-1,-1,-1,0,0,0,0,0,-1,0,0,0,-1,0,-1,[0|0|0|0|0|0|0|0]
50962,,-1,-1,-1,-1,-1,-1,-1,-1,-1,-1,-1,-1,0,0,0,0,0,0,0,1,1,0,0,0,0,0,0,0,0,1,0,0,-1,-1,0,0,0,0,-1,-1,-1,-1,-1,-1,-1,-1,-1,-1,-1,-1,-1,-1,-1,-1,0,0,0,0,0,-1,0,0,0,-1,0,-1,[0|0|0|0|0|0|0|0]
50970,,630103,-1,-1,-1,-1,-1,-1,-1,-1,220,-1,-1,0,0,0,0,0,0,0,0,0,0,0,0,0,0,0,0,0,0,0,0,-1,-1,0,0,0,0,-1,-1,-1,-1,-1,-1,-1,-1,-1,-1,-1,-1,-1,-1,-1,-1,0,0,0,0,0,-1,0,0,0,-1,0,-1,[0|0|0|0|0|0|0|0]
50971,,630104,-1,-1,-1,-1,-1,-1,-1,-1,220,-1,-1,0,0,0,0,0,0,0,0,0,0,0,0,0,0,0,0,0,0,0,0,-1,-1,0,0,0,0,-1,-1,-1,-1,-1,-1,-1,-1,-1,-1,-1,-1,-1,-1,-1,-1,0,0,0,0,0,-1,0,0,0,-1,0,-1,[0|0|0|0|0|0|0|0]
50972,,630160,-1,-1,-1,-1,-1,-1,-1,-1,220,-1,-1,0,0,0,0,0,0,0,0,0,0,0,0,0,0,0,0,0,0,0,0,-1,-1,0,0,0,0,-1,-1,-1,-1,-1,-1,-1,-1,-1,-1,-1,-1,-1,-1,-1,-1,0,0,0,0,0,-1,0,0,0,-1,0,-1,[0|0|0|0|0|0|0|0]
50973,,630190,630190,-1,-1,-1,-1,-1,-1,-1,300,-1,-1,0,0,0,0,0,0,0,0,0,0,0,0,0,0,0,0,0,0,0,0,-1,-1,0,0,0,0,-1,-1,-1,-1,-1,-1,-1,-1,-1,-1,-1,-1,-1,-1,-1,-1,0,0,0,0,0,-1,0,0,0,-1,0,-1,[0|0|0|0|0|0|0|0]
50974,,630190,630190,-1,-1,-1,-1,-1,-1,-1,300,-1,-1,0,0,0,0,0,0,0,0,0,0,0,0,0,0,0,0,0,0,0,0,-1,-1,0,0,0,0,-1,-1,-1,-1,-1,-1,-1,-1,-1,-1,-1,-1,-1,-1,-1,-1,0,0,0,0,0,-1,0,0,0,-1,0,-1,[0|0|0|0|0|0|0|0]
50975,,630190,630190,-1,-1,-1,-1,-1,-1,-1,310,-1,-1,0,0,0,0,0,0,0,0,0,0,0,0,0,0,0,0,0,0,0,0,-1,-1,0,0,0,0,-1,-1,-1,-1,-1,-1,-1,-1,-1,-1,-1,-1,-1,-1,-1,-1,0,0,0,0,0,-1,0,0,0,-1,0,-1,[0|0|0|0|0|0|0|0]
50976,,630191,630190,-1,-1,-1,-1,-1,-1,-1,32,-1,-1,0,0,0,0,0,0,0,0,0,0,0,0,0,0,0,0,0,0,0,0,-1,-1,0,0,0,0,-1,-1,-1,-1,-1,-1,-1,-1,-1,-1,-1,-1,-1,-1,-1,-1,0,0,0,0,0,-1,0,0,0,-1,0,-1,[0|0|0|0|0|0|0|0]
50978,,630155,-1,-1,-1,-1,-1,-1,-1,-1,199,-1,-1,0,0,0,0,0,0,0,0,0,0,0,0,0,0,0,0,0,0,0,0,-1,-1,0,0,0,0,-1,-1,-1,-1,-1,-1,-1,-1,-1,-1,-1,-1,-1,-1,-1,-1,0,0,0,0,0,-1,0,0,0,-1,0,-1,[0|0|0|0|0|0|0|0]
51000,,503,-1,-1,-1,-1,-1,-1,-1,-1,-1,-1,220,0,0,1,1,0,0,0,1,1,0,0,0,0,0,0,0,0,0,0,0,-1,-1,0,0,0,0,-1,-1,-1,-1,-1,-1,-1,-1,-1,-1,-1,-1,-1,-1,-1,-1,0,0,0,0,0,-1,0,0,0,-1,0,-1,[0|0|0|0|0|0|0|0]
51001,,-1,-1,-1,-1,-1,-1,5,4,-1,-1,-1,-1,0,0,0,0,0,0,1,1,0,1,0,0,0,0,0,0,0,0,0,0,-1,-1,0,0,0,0,-1,-1,-1,-1,-1,-1,-1,-1,-1,-1,-1,-1,-1,-1,-1,-1,0,0,0,0,0,-1,0,0,0,-1,0,-1,[0|0|0|0|0|0|0|0]
51002,,-1,-1,-1,-1,-1,-1,5,4,-1,-1,-1,-1,0,0,0,0,0,0,0,0,0,0,0,0,0,0,0,0,0,0,0,0,-1,-1,0,0,0,0,-1,-1,-1,-1,-1,-1,-1,-1,-1,-1,-1,-1,-1,-1,-1,-1,0,0,0,0,0,10300,0,0,0,-1,0,-1,[0|0|0|0|0|0|0|0]
51010,,641032,-1,-1,-1,-1,-1,-1,-1,-1,199,-1,-1,0,0,0,0,0,0,0,0,0,0,0,0,0,0,0,0,0,0,0,0,-1,-1,0,0,0,0,-1,-1,-1,-1,-1,-1,-1,-1,-1,-1,-1,-1,-1,-1,-1,-1,0,0,0,0,0,-1,0,0,0,-1,0,-1,[0|0|0|0|0|0|0|0]
51011,,641030,-1,-1,-1,-1,-1,-1,-1,-1,199,-1,-1,0,0,0,0,0,0,0,0,0,0,0,0,0,0,0,0,0,0,0,0,-1,-1,0,0,0,0,-1,-1,-1,-1,-1,-1,-1,-1,-1,-1,-1,-1,-1,-1,-1,-1,0,0,0,0,0,-1,0,0,0,-1,0,-1,[0|0|0|0|0|0|0|0]
51012,,641031,-1,-1,-1,-1,-1,-1,-1,-1,908,-1,-1,0,0,0,0,0,0,0,0,0,0,0,0,0,0,0,0,0,0,0,0,-1,-1,0,0,0,0,-1,-1,-1,-1,-1,-1,-1,-1,-1,-1,-1,-1,-1,-1,-1,-1,0,0,0,0,0,-1,0,0,0,-1,0,-1,[0|0|0|0|0|0|0|0]
51020,,641132,-1,-1,-1,-1,-1,-1,-1,-1,199,-1,-1,0,0,0,0,0,0,0,0,0,0,0,0,0,0,0,0,0,0,0,0,-1,-1,0,0,0,0,-1,-1,-1,-1,-1,-1,-1,-1,-1,-1,-1,-1,-1,-1,-1,-1,0,0,0,0,0,-1,0,0,0,-1,0,-1,[0|0|0|0|0|0|0|0]
51021,,641130,-1,-1,-1,-1,-1,-1,-1,-1,199,-1,-1,0,0,0,0,0,0,0,0,0,0,0,0,0,0,0,0,0,0,0,0,-1,-1,0,0,0,0,-1,-1,-1,-1,-1,-1,-1,-1,-1,-1,-1,-1,-1,-1,-1,-1,0,0,0,0,0,-1,0,0,0,-1,0,-1,[0|0|0|0|0|0|0|0]
51022,,641131,-1,-1,-1,-1,-1,-1,-1,-1,908,-1,-1,0,0,0,0,0,0,0,0,0,0,0,0,0,0,0,0,0,0,0,0,-1,-1,0,0,0,0,-1,-1,-1,-1,-1,-1,-1,-1,-1,-1,-1,-1,-1,-1,-1,-1,0,0,0,0,0,-1,0,0,0,-1,0,-1,[0|0|0|0|0|0|0|0]
51030,,641325,-1,-1,-1,-1,-1,-1,-1,-1,199,-1,-1,0,0,0,0,0,0,0,0,0,0,0,0,0,0,0,0,0,0,0,0,-1,-1,0,0,0,0,-1,-1,-1,-1,-1,-1,-1,-1,-1,-1,-1,-1,-1,-1,-1,-1,0,0,0,0,0,-1,0,0,0,-1,0,-1,[0|0|0|0|0|0|0|0]
51031,,641326,-1,-1,-1,-1,-1,-1,-1,-1,908,-1,-1,0,0,0,0,0,0,0,0,0,0,0,0,0,0,0,0,0,0,0,0,-1,-1,0,0,0,0,-1,-1,-1,-1,-1,-1,-1,-1,-1,-1,-1,-1,-1,-1,-1,-1,0,0,0,0,0,-1,0,0,0,-1,0,-1,[0|0|0|0|0|0|0|0]
51040,,641203,-1,-1,-1,-1,-1,-1,-1,-1,199,-1,-1,0,0,0,0,0,0,0,0,0,0,0,0,0,0,0,0,0,0,0,0,-1,-1,0,0,0,0,-1,-1,-1,-1,-1,-1,-1,-1,-1,-1,-1,-1,-1,-1,-1,-1,0,0,0,0,0,-1,0,0,0,-1,0,-1,[0|0|0|0|0|0|0|0]
51041,,641200,-1,-1,-1,-1,-1,-1,-1,-1,199,-1,-1,0,0,0,0,0,0,0,0,0,0,0,0,0,0,0,0,0,0,0,0,-1,-1,0,0,0,0,-1,-1,-1,-1,-1,-1,-1,-1,-1,-1,-1,-1,-1,-1,-1,-1,0,0,0,0,0,-1,0,0,0,-1,0,-1,[0|0|0|0|0|0|0|0]
51042,,641201,-1,-1,-1,-1,-1,-1,-1,-1,908,-1,-1,0,0,0,0,0,0,0,0,0,0,0,0,0,0,0,0,0,0,0,0,-1,-1,0,0,0,0,-1,-1,-1,-1,-1,-1,-1,-1,-1,-1,-1,-1,-1,-1,-1,-1,0,0,0,0,0,-1,0,0,0,-1,0,-1,[0|0|0|0|0|0|0|0]
51050,,635501,355010000,-1,-1,-1,-1,-1,-1,-1,900,-1,-1,0,0,0,0,0,0,0,0,0,0,0,0,0,0,0,0,0,0,0,0,-1,-1,0,0,0,0,-1,-1,-1,-1,-1,-1,-1,-1,-1,-1,-1,-1,-1,-1,-1,-1,0,0,0,0,0,-1,0,0,0,-1,0,-1,[0|0|0|0|0|0|0|0]
51051,,635521,635521,-1,-1,-1,-1,-1,-1,-1,301,-1,-1,0,0,0,0,0,0,0,0,0,0,0,0,0,0,0,0,0,0,0,0,-1,-1,0,0,0,0,-1,-1,-1,-1,-1,-1,-1,-1,-1,-1,-1,-1,-1,-1,-1,-1,0,0,0,0,0,-1,0,0,0,-1,0,-1,[0|0|0|0|0|0|0|0]
51055,,4500,524402,301271,-1,-1,-1,-1,-1,-1,905,905,-1,0,0,3,45,0,0,0,0,0,0,0,0,0,0,0,0,0,0,0,0,-1,-1,0,0,0,0,-1,-1,-1,-1,-1,-1,-1,-1,-1,-1,-1,-1,-1,-1,-1,-1,0,0,0,0,0,-1,0,0,0,-1,0,-1,[0|0|0|0|0|0|0|0]
51100,,-1,-1,-1,-1,-1,-1,-1,-1,-1,-1,-1,-1,0,0,0,0,0,0,0,0,0,0,0,0,0,0,0,0,0,1,0,0,-1,-1,0,0,0,0,-1,-1,-1,-1,-1,-1,-1,-1,-1,-1,-1,-1,-1,-1,-1,-1,0,0,0,0,0,1001,0,1,0.1,-1,0,-1,[0|0|0|0|0|0|0|0]
51101,,-1,-1,633530,-1,-1,-1,-1,-1,-1,-1,200,-1,0,0,0,0,0,0,0,0,0,0,0,0,0,0,0,1,0,0,0,0,-1,-1,0,0,0,0,-1,-1,-1,-1,-1,-1,-1,-1,-1,-1,-1,-1,-1,-1,-1,-1,0,0,0,0,0,-1,0,0,0,-1,0,-1,[0|0|0|0|0|0|0|0]
51110,,633540,-1,-1,-1,-1,-1,-1,-1,-1,905,-1,-1,0,0,0,0,0,0,0,0,0,0,0,0,0,0,0,0,0,1,0,0,-1,-1,0,0,0,0,-1,-1,-1,-1,-1,-1,-1,-1,-1,-1,-1,-1,-1,-1,-1,-1,0,0,0,0,0,1001,0,1,0,-1,0,-1,[0|0|0|0|0|0|0|0]
51120,,633520,-1,-1,-1,-1,-1,-1,-1,-1,199,-1,-1,0,0,1,10,0,0,0,0,0,0,0,0,0,0,0,0,0,0,0,0,-1,-1,0,0,0,0,-1,-1,-1,-1,-1,-1,-1,-1,-1,-1,-1,-1,-1,-1,-1,-1,0,0,0,0,0,-1,0,0,0,-1,0,-1,[0|0|0|0|0|0|0|0]
51121,,-1,-1,-1,-1,-1,-1,-1,-1,-1,-1,-1,-1,0,0,1,9,0,0,0,0,0,0,0,0,0,0,0,0,0,0,0,0,-1,-1,0,0,0,0,-1,-1,-1,-1,-1,-1,-1,-1,-1,-1,-1,-1,-1,-1,-1,-1,0,0,0,0,0,-1,0,0,0,-1,0,-1,[0|0|0|0|0|0|0|0]
51130,,640511,-1,-1,-1,-1,-1,-1,-1,-1,90,-1,-1,0,0,0,0,0,0,0,0,0,0,0,0,0,0,0,0,0,0,0,0,-1,-1,0,0,0,0,-1,-1,-1,-1,-1,-1,-1,-1,-1,-1,-1,-1,-1,-1,-1,-1,0,2,0,0,25,-1,0,0,0,-1,0,-1,[0|0|0|0|0|0|0|0]
51140,,634655,-1,-1,-1,-1,-1,-1,-1,-1,199,-1,-1,0,0,0,0,0,0,0,0,0,0,0,0,0,0,0,0,0,0,0,0,-1,-1,0,0,0,0,-1,-1,-1,-1,-1,-1,-1,-1,-1,-1,-1,-1,-1,-1,-1,-1,0,0,0,0,0,-1,0,0,0,-1,0,-1,[0|0|0|0|0|0|0|0]
51150,,642225,-1,-1,422001000,-1,-1,-1,-1,-1,900,-1,-1,0,0,0,0,0,0,0,0,0,0,0,0,0,0,0,0,0,0,0,0,-1,-1,0,0,0,0,-1,-1,-1,-1,-1,-1,-1,-1,-1,-1,-1,-1,-1,-1,-1,-1,0,0,0,0,0,-1,0,0,0,-1,0,-1,[0|0|0|0|0|0|0|0]
51151,,642260,-1,-1,-1,-1,-1,-1,-1,-1,801,-1,-1,0,0,0,0,0,0,0,0,0,0,0,0,0,0,0,0,0,0,0,0,-1,-1,0,0,0,0,-1,-1,-1,-1,-1,-1,-1,-1,-1,-1,-1,-1,-1,-1,-1,-1,0,0,0,0,0,-1,0,0,0,-1,0,-1,[0|0|0|0|0|0|0|0]
51152,,-1,-1,-1,-1,-1,-1,-1,-1,-1,-1,-1,-1,0,0,0,0,0,0,0,0,0,0,0,0,0,0,0,0,0,0,0,0,-1,-1,0,0,0,0,-1,-1,-1,-1,-1,-1,-1,-1,-1,-1,-1,-1,-1,-1,-1,-1,0,0,0,0,0,10300,1,0,2,-1,0,-1,[0|0|0|0|0|0|0|0]
51153,,-1,-1,-1,-1,-1,-1,-1,-1,-1,-1,-1,-1,0,0,0,0,0,0,0,0,0,0,0,0,0,0,0,0,0,0,0,0,-1,-1,0,0,0,0,-1,-1,-1,-1,-1,-1,-1,-1,-1,-1,-1,-1,-1,-1,-1,-1,0,0,0,0,0,10301,1,0,2,-1,0,-1,[0|0|0|0|0|0|0|0]
51200,,600620,-1,-1,-1,-1,-1,-1,-1,-1,100,-1,-1,0,0,0,0,0,0,0,0,0,0,0,0,0,0,0,0,0,0,0,0,-1,-1,0,0,0,0,-1,-1,-1,-1,-1,-1,-1,-1,-1,-1,-1,-1,-1,-1,-1,-1,0,0,0,0,0,-1,0,0,0,-1,0,-1,[0|0|0|0|0|0|0|0]
51201,,303001,303001,-1,-1,-1,-1,-1,-1,-1,-1,-1,-1,1,0,0,0,0,0,0,0,0,0,0,0,0,0,0,0,0,0,1,0,-1,-1,0,0,2,0,10300,-1,300,-1,-1,-1,-1,-1,-1,-1,-1,-1,-1,-1,-1,-1,0,0,0,0,0,-1,0,0,0,-1,0,-1,[0|0|0|0|0|0|0|0]
51202,,-1,-1,-1,-1,-1,-1,-1,-1,-1,0,-1,-1,0,0,0,0,0,0,0,0,0,0,0,0,0,0,0,0,0,0,0,0,-1,-1,0,0,0,0,-1,-1,-1,-1,-1,-1,-1,-1,-1,-1,-1,-1,-1,-1,-1,-1,0,2,0,0,240,-1,0,0,0,-1,0,-1,[0|0|0|0|0|0|0|0]
51203,,101,431009001,-1,-1,-1,-1,-1,-1,-1,220,-1,-1,0,0,0,0,0,0,0,0,0,0,0,0,0,0,0,0,0,1,0,0,-1,-1,0,0,0,0,-1,-1,-1,-1,-1,-1,-1,-1,-1,-1,-1,-1,-1,-1,-1,-1,0,0,0,0,0,-1,0,0,0,-1,0,-1,[0|0|0|0|0|0|0|0]
51204,,-1,431009000,-1,-1,-1,-1,-1,-1,-1,-1,-1,-1,0,0,0,0,0,0,0,1,1,0,0,0,0,0,0,0,0,1,0,0,-1,-1,0,0,0,0,-1,-1,-1,-1,-1,-1,-1,-1,-1,-1,-1,-1,-1,-1,-1,-1,0,0,0,0,0,-1,0,0,0,-1,0,-1,[0|0|0|0|0|0|0|0]
51205,,643100,303001,-1,-1,-1,-1,-1,-1,-1,11,-1,-1,0,0,0,0,0,0,0,0,0,0,0,0,0,0,0,0,0,0,1,0,-1,-1,0,0,2,0,10300,-1,11300,-1,10310,-1,11310,-1,10320,-1,11320,-1,10330,-1,11330,-1,0,0,0,0,0,-1,0,0,0,-1,0,-1,[0|0|0|0|0|0|0|0]
51206,,643101,303001,-1,-1,-1,-1,-1,-1,-1,320,-1,-1,0,0,0,0,0,0,0,0,0,0,0,0,0,0,0,0,0,0,1,0,-1,-1,0,0,2,0,10300,-1,11300,-1,10310,-1,11310,-1,10320,-1,11320,-1,10330,-1,11330,-1,0,0,0,0,0,-1,0,0,0,-1,0,-1,[0|0|0|0|0|0|0|0]
51207,,643102,303001,-1,-1,-1,-1,-1,-1,-1,31,-1,-1,0,0,0,0,0,0,0,0,0,0,0,0,0,0,0,0,0,0,1,0,-1,-1,0,0,2,0,10300,-1,11300,-1,10310,-1,11310,-1,10320,-1,11320,-1,10330,-1,11330,-1,0,0,0,0,0,-1,0,0,0,-1,0,-1,[0|0|0|0|0|0|0|0]
51208,,643103,303001,-1,-1,-1,-1,-1,-1,-1,312,-1,-1,0,0,0,0,0,0,0,0,0,0,0,0,0,0,0,0,0,0,1,0,-1,-1,0,0,2,0,10300,-1,11300,-1,10310,-1,11310,-1,10320,-1,11320,-1,10330,-1,11330,-1,0,0,0,0,0,-1,0,0,0,-1,0,-1,[0|0|0|0|0|0|0|0]
51209,,-1,-1,-1,-1,-1,-1,-1,-1,-1,-1,-1,-1,0,0,0,0,0,0,0,0,0,0,0,0,0,0,0,0,0,0,1,0,-1,-1,0,0,2,0,-1,-1,-1,-1,-1,-1,-1,-1,-1,-1,-1,-1,-1,-1,-1,-1,0,0,0,0,0,-1,0,0,0,-1,0,-1,[0|0|0|0|0|0|0|0]
51210,,-1,-1,-1,-1,-1,-1,-1,-1,-1,0,-1,-1,0,0,0,0,0,0,0,0,0,0,0,0,0,0,0,0,0,0,0,0,-1,-1,0,0,0,0,-1,-1,-1,-1,-1,-1,-1,-1,-1,-1,-1,-1,-1,-1,-1,-1,0,2,0,0,240,-1,0,0,0,-1,0,-1,[0|0|0|0|0|0|0|0]
51211,,643190,-1,-1,-1,-1,-1,-1,-1,-1,199,-1,-1,0,0,0,0,0,0,0,0,0,0,0,0,0,0,0,0,0,0,0,0,-1,-1,0,0,0,0,-1,-1,-1,-1,-1,-1,-1,-1,-1,-1,-1,-1,-1,-1,-1,-1,0,0,0,0,0,-1,0,0,0,-1,0,-1,[0|0|0|0|0|0|0|0]
51212,,643155,-1,-1,-1,-1,-1,-1,-1,-1,11,-1,-1,0,0,0,0,0,0,0,0,0,0,0,0,0,0,0,0,0,0,1,0,-1,-1,0,0,10,0,10300,-1,11300,-1,10310,-1,11310,-1,10320,-1,11320,-1,10330,-1,11330,-1,0,0,0,0,0,-1,0,0,0,-1,0,-1,[0|0|0|0|0|0|0|0]
51213,,643156,-1,-1,-1,-1,-1,-1,-1,-1,31,-1,-1,0,0,0,0,0,0,0,0,0,0,0,0,0,0,0,0,0,0,1,0,-1,-1,0,0,10,0,10300,-1,11300,-1,10310,-1,11310,-1,10320,-1,11320,-1,10330,-1,11330,-1,0,0,0,0,0,-1,0,0,0,-1,0,-1,[0|0|0|0|0|0|0|0]
51214,,643146,440010,-1,-1,-1,-1,-1,-1,-1,11,-1,-1,0,0,0,0,0,0,0,0,0,0,0,0,0,0,0,0,0,0,0,0,-1,-1,0,0,0,0,10300,-1,11300,-1,10310,-1,11310,-1,10320,-1,11320,-1,10330,-1,11330,-1,0,0,0,0,0,-1,0,0,0,-1,0,-1,[0|0|0|0|0|0|0|0]
51215,,643147,440010,-1,-1,-1,-1,-1,-1,-1,31,-1,-1,0,0,0,0,0,0,0,0,0,0,0,0,0,0,0,0,0,0,0,0,-1,-1,0,0,0,0,10300,-1,11300,-1,10310,-1,11310,-1,10320,-1,11320,-1,10330,-1,11330,-1,0,0,0,0,0,-1,0,0,0,-1,0,-1,[0|0|0|0|0|0|0|0]
51216,,440012,-1,-1,-1,-1,-1,-1,-1,-1,901,-1,-1,0,0,0,0,0,0,0,0,0,0,0,0,0,0,0,0,0,0,0,0,-1,-1,0,0,0,0,10300,-1,11300,-1,10310,-1,11310,-1,10320,-1,11320,-1,10330,-1,11330,-1,0,0,0,0,0,-1,0,0,0,-1,0,-1,[0|0|0|0|0|0|0|0]
51217,,-1,-1,-1,-1,-1,-1,-1,-1,-1,-1,-1,-1,0,0,0,0,0,0,0,1,0,0,0,0,0,0,0,0,0,0,0,0,-1,-1,0,0,0,0,-1,-1,-1,-1,-1,-1,-1,-1,-1,-1,-1,-1,-1,-1,-1,-1,0,0,0,0,0,-1,0,0,0,-1,0,-1,[0|0|0|0|0|0|0|0]
51218,,-1,-1,-1,-1,-1,-1,-1,-1,-1,-1,-1,-1,0,0,0,0,0,0,0,0,0,0,0,0,0,0,0,0,0,1,0,0,-1,-1,0,0,0,0,-1,-1,-1,-1,-1,-1,-1,-1,-1,-1,-1,-1,-1,-1,-1,-1,0,0,0,0,0,-1,0,0,0,-1,0,100240,[0|0|0|0|0|0|0|0]
51220,,-1,-1,-1,-1,-1,-1,-1,-1,-1,-1,-1,-1,0,0,0,0,0,0,0,0,0,0,0,0,0,0,0,0,0,0,0,0,-1,-1,0,0,0,0,-1,-1,-1,-1,-1,-1,-1,-1,-1,-1,-1,-1,-1,-1,-1,-1,0,2,0,0,200,-1,0,0,0,-1,0,-1,[0|0|0|0|0|0|0|0]
51221,,-1,-1,-1,-1,-1,-1,-1,-1,-1,0,-1,-1,0,0,0,0,0,0,0,1,1,0,0,0,0,0,0,0,0,1,0,0,-1,-1,0,0,0,0,-1,-1,-1,-1,-1,-1,-1,-1,-1,-1,-1,-1,-1,-1,-1,-1,0,0,0,0,0,-1,0,0,0,-1,0,-1,[0|0|0|0|0|0|0|0]
51222,,646712,-1,-1,-1,-1,-1,-1,-1,-1,220,-1,-1,0,0,0,0,0,0,0,1,1,0,0,0,0,0,0,0,0,1,0,0,-1,-1,0,0,0,0,-1,-1,-1,-1,-1,-1,-1,-1,-1,-1,-1,-1,-1,-1,-1,-1,0,0,0,0,0,-1,0,0,0,-1,0,-1,[0|0|0|0|0|0|0|0]
51223,,641441,-1,-1,-1,-1,-1,-1,-1,-1,220,-1,-1,0,0,0,0,0,0,0,0,0,0,0,0,0,0,1,0,0,0,0,0,-1,-1,0,0,0,0,-1,-1,-1,-1,-1,-1,-1,-1,-1,-1,-1,-1,-1,-1,-1,-1,0,0,0,0,0,-1,0,0,0,-1,0,-1,[0|0|0|0|0|0|0|0]
51230,,-1,-1,-1,-1,-1,-1,0,0,-1,-1,-1,-1,0,0,0,0,0,0,1,1,1,1,0,0,0,0,0,0,0,1,0,0,-1,-1,0,0,0,0,-1,-1,-1,-1,-1,-1,-1,-1,-1,-1,-1,-1,-1,-1,-1,-1,0,0,0,0,0,-1,0,0,0,-1,0,-1,[0|0|0|0|0|0|0|0]
51250,,642404,642404,-1,-1,-1,-1,-1,-1,-1,220,-1,-1,0,0,0,0,0,0,0,0,0,0,0,0,0,0,0,0,0,0,0,0,-1,-1,0,0,0,0,-1,-1,-1,-1,-1,-1,-1,-1,-1,-1,-1,-1,-1,-1,-1,-1,0,0,0,0,0,-1,0,0,0,-1,0,-1,[0|0|0|0|0|0|0|0]
51300,,631721,631711,-1,-1,-1,-1,-1,-1,-1,800,-1,-1,0,0,0,0,0,0,0,0,0,0,0,0,0,0,0,0,0,0,0,0,-1,-1,0,0,0,0,-1,-1,-1,-1,-1,-1,-1,-1,-1,-1,-1,-1,-1,-1,-1,-1,0,0,0,0,0,-1,0,0,0,-1,0,-1,[0|0|0|0|0|0|0|0]
51301,,631722,-1,-1,-1,-1,-1,-1,-1,-1,801,-1,-1,0,0,0,0,0,0,0,0,0,0,0,0,0,0,0,0,0,0,0,0,-1,-1,0,0,0,0,-1,-1,-1,-1,-1,-1,-1,-1,-1,-1,-1,-1,-1,-1,-1,-1,0,0,0,0,0,-1,0,0,0,-1,0,-1,[0|0|0|0|0|0|0|0]
51302,,631722,-1,-1,-1,-1,-1,-1,-1,-1,802,-1,-1,0,0,0,0,0,0,0,0,0,0,0,0,0,0,0,0,0,0,0,0,-1,-1,0,0,0,0,-1,-1,-1,-1,-1,-1,-1,-1,-1,-1,-1,-1,-1,-1,-1,-1,0,0,0,0,0,-1,0,0,0,-1,0,-1,[0|0|0|0|0|0|0|0]
51303,,631722,-1,-1,-1,-1,-1,-1,-1,-1,803,-1,-1,0,0,0,0,0,0,0,0,0,0,0,0,0,0,0,0,0,0,0,0,-1,-1,0,0,0,0,-1,-1,-1,-1,-1,-1,-1,-1,-1,-1,-1,-1,-1,-1,-1,-1,0,0,0,0,0,-1,0,0,0,-1,0,-1,[0|0|0|0|0|0|0|0]
51350,,646600,466010000,-1,-1,-1,-1,-1,-1,-1,908,-1,-1,0,0,0,0,0,0,0,0,0,0,0,0,0,0,0,0,0,0,0,0,-1,-1,0,0,0,0,-1,-1,-1,-1,-1,-1,-1,-1,-1,-1,-1,-1,-1,-1,-1,-1,0,0,0,0,0,-1,0,0,0,-1,0,-1,[0|0|0|0|0|0|0|0]
51351,,646610,646610,-1,-1,-1,-1,-1,-1,-1,30,-1,-1,0,0,0,0,0,0,0,0,0,0,0,0,0,0,0,0,0,0,0,0,-1,-1,0,0,0,0,-1,-1,-1,-1,-1,-1,-1,-1,-1,-1,-1,-1,-1,-1,-1,-1,0,0,0,0,0,-1,0,0,0,-1,0,-1,[0|0|0|0|0|0|0|0]
51352,,-1,-1,-1,-1,-1,-1,-1,-1,-1,-1,-1,-1,0,0,0,0,0,0,0,0,0,0,0,0,0,0,0,0,0,0,0,0,-1,-1,0,0,0,0,-1,-1,-1,-1,-1,-1,-1,-1,-1,-1,-1,-1,-1,-1,-1,-1,0,0,0,0,0,10000,0,1,1,-1,0,-1,[0|0|0|0|0|0|0|0]
51353,,-1,-1,-1,-1,-1,-1,-1,-1,-1,-1,-1,-1,0,0,0,0,0,0,0,0,0,0,0,0,0,0,0,0,0,0,0,0,-1,-1,0,0,0,0,-1,-1,-1,-1,-1,-1,-1,-1,-1,-1,-1,-1,-1,-1,-1,-1,0,0,0,0,0,10000,0,0,0,-1,0,-1,[0|0|0|0|0|0|0|0]
51354,,-1,-1,-1,-1,-1,-1,-1,-1,-1,-1,-1,-1,0,0,0,0,0,0,0,0,0,0,0,0,0,0,0,0,0,0,0,0,-1,-1,0,0,0,0,-1,-1,-1,-1,-1,-1,-1,-1,-1,-1,-1,-1,-1,-1,-1,-1,0,0,0,0,0,10000,1,0,1,-1,0,-1,[0|0|0|0|0|0|0|0]
51355,,646670,-1,-1,-1,-1,-1,-1,-1,-1,10,-1,-1,0,0,0,0,0,0,0,0,0,0,0,0,0,0,0,0,0,0,0,0,-1,-1,0,0,0,0,-1,-1,-1,-1,-1,-1,-1,-1,-1,-1,-1,-1,-1,-1,-1,-1,0,0,0,0,0,-1,0,0,0,-1,0,-1,[0|0|0|0|0|0|0|0]
51356,,646685,-1,-1,-1,-1,-1,-1,-1,-1,21,-1,-1,0,0,0,0,0,0,0,0,0,0,0,0,0,0,0,0,0,0,0,0,-1,-1,0,0,0,0,-1,-1,-1,-1,-1,-1,-1,-1,-1,-1,-1,-1,-1,-1,-1,-1,0,0,0,0,0,-1,0,0,0,-1,0,-1,[0|0|0|0|0|0|0|0]
51357,,-1,-1,-1,-1,-1,-1,-1,-1,-1,-1,-1,-1,0,0,0,0,0,0,0,0,0,0,0,0,0,0,0,0,0,0,0,0,-1,-1,0,0,0,0,-1,-1,-1,-1,-1,-1,-1,-1,-1,-1,-1,-1,-1,-1,-1,-1,0,0,0,0,0,10000,0,0,0,-1,0,-1,[0|0|0|0|0|0|0|0]
51400,,-1,-1,-1,-1,-1,-1,-1,-1,-1,-1,-1,-1,0,0,0,0,0,0,0,0,0,0,0,0,0,0,0,0,0,0,0,0,-1,-1,0,0,0,0,-1,-1,-1,-1,-1,-1,-1,-1,-1,-1,-1,-1,-1,-1,-1,-1,0,0,0,0,0,10101,0,1,0.3,-1,0,-1,[0|0|0|0|0|0|0|0]
51401,,-1,-1,-1,-1,-1,-1,-1,-1,-1,-1,-1,-1,0,0,0,0,0,0,0,0,0,0,0,0,0,0,0,0,0,0,0,0,-1,-1,0,0,0,0,-1,-1,-1,-1,-1,-1,-1,-1,-1,-1,-1,-1,-1,-1,-1,-1,0,0,0,0,0,10000,0,1,0.3,-1,0,-1,[0|0|0|0|0|0|0|0]
51402,,-1,-1,-1,-1,-1,-1,-1,-1,-1,-1,-1,-1,0,0,0,0,0,0,0,0,0,0,0,0,0,0,0,0,0,0,0,0,-1,-1,0,0,0,0,-1,-1,-1,-1,-1,-1,-1,-1,-1,-1,-1,-1,-1,-1,-1,-1,0,0,0,0,0,10101,1,0,0.3,-1,0,-1,[0|0|0|0|0|0|0|0]
51403,,-1,-1,-1,-1,-1,-1,-1,-1,-1,-1,-1,-1,0,0,0,0,0,0,0,0,0,0,0,0,0,0,0,0,0,0,0,0,-1,-1,0,0,0,0,-1,-1,-1,-1,-1,-1,-1,-1,-1,-1,-1,-1,-1,-1,-1,-1,0,0,0,0,0,10000,1,0,0.3,-1,0,-1,[0|0|0|0|0|0|0|0]
51450,,-1,-1,-1,-1,-1,-1,-1,-1,-1,-1,-1,-1,0,0,0,0,0,0,0,0,0,0,0,0,0,0,0,0,0,0,0,0,-1,-1,0,0,0,0,-1,-1,-1,-1,-1,-1,-1,-1,-1,-1,-1,-1,-1,-1,-1,-1,0,0,0,0,0,-1,0,0,0,-1,0,-1,[0|0|0|0|0|0|0|0]
51451,,-1,-1,-1,-1,-1,-1,-1,-1,-1,-1,-1,-1,0,0,0,0,0,0,0,0,0,0,0,0,0,0,0,0,0,0,0,0,-1,-1,0,0,0,0,-1,-1,-1,-1,-1,-1,-1,-1,-1,-1,-1,-1,-1,-1,-1,-1,0,0,0,0,0,10010,1,1,0,-1,0,-1,[0|0|0|0|0|0|0|0]
51452,,-1,-1,-1,-1,-1,-1,-1,-1,-1,-1,-1,-1,0,0,0,0,0,0,0,0,0,0,0,0,0,0,0,0,0,0,0,0,-1,-1,0,0,0,0,-1,-1,-1,-1,-1,-1,-1,-1,-1,-1,-1,-1,-1,-1,-1,-1,0,0,0,0,0,10010,0,0,0,-1,0,-1,[0|0|0|0|0|0|0|0]
51500,,-1,-1,-1,-1,-1,-1,-1,-1,-1,-1,-1,-1,0,0,6,1,0,0,0,0,0,0,0,0,0,0,0,0,0,1,0,0,-1,-1,0,0,0,0,-1,-1,-1,-1,-1,-1,-1,-1,-1,-1,-1,-1,-1,-1,-1,-1,0,0,0,0,0,10000,1,0,3,-1,0,-1,[0|0|0|0|0|0|0|0]
51501,,-1,-1,-1,-1,-1,-1,-1,-1,-1,-1,-1,-1,0,0,6,1,0,0,0,0,0,0,0,0,0,0,0,0,0,1,0,0,-1,-1,0,0,0,0,-1,-1,-1,-1,-1,-1,-1,-1,-1,-1,-1,-1,-1,-1,-1,-1,0,0,0,0,0,10000,0,1,3,-1,0,-1,[0|0|0|0|0|0|0|0]
51502,,633600,-1,-1,-1,-1,-1,-1,-1,-1,220,-1,-1,0,0,0,0,0,0,0,0,0,0,0,0,0,0,0,0,0,0,0,0,-1,-1,0,0,0,0,-1,-1,-1,-1,-1,-1,-1,-1,-1,-1,-1,-1,-1,-1,-1,-1,0,0,0,0,0,-1,0,0,0,-1,0,-1,[0|0|0|0|0|0|0|0]
51503,,633605,-1,-1,-1,-1,-1,-1,-1,-1,220,-1,-1,0,0,0,0,0,0,0,0,0,0,0,0,0,0,0,0,0,0,0,0,-1,-1,0,0,0,0,-1,-1,-1,-1,-1,-1,-1,-1,-1,-1,-1,-1,-1,-1,-1,-1,0,0,0,0,0,-1,0,0,0,-1,0,-1,[0|0|0|0|0|0|0|0]
51504,,633630,-1,-1,-1,-1,-1,-1,-1,-1,220,-1,-1,0,0,0,0,0,0,0,0,0,0,0,0,0,0,0,0,0,0,0,0,-1,-1,0,0,0,0,-1,-1,-1,-1,-1,-1,-1,-1,-1,-1,-1,-1,-1,-1,-1,-1,0,0,0,0,0,-1,0,0,0,-1,0,-1,[0|0|0|0|0|0|0|0]
51505,,633631,-1,-1,-1,-1,-1,-1,-1,-1,7,-1,-1,0,0,0,0,0,0,0,0,0,0,0,0,0,0,0,0,0,0,0,0,-1,-1,0,0,0,0,-1,-1,-1,-1,-1,-1,-1,-1,-1,-1,-1,-1,-1,-1,-1,-1,0,0,0,0,0,-1,0,0,0,-1,0,-1,[0|0|0|0|0|0|0|0]
51506,,633690,-1,-1,-1,-1,-1,-1,-1,-1,220,-1,-1,0,0,0,0,0,0,0,0,0,0,0,0,0,0,0,0,0,0,0,0,-1,-1,0,0,0,0,-1,-1,-1,-1,-1,-1,-1,-1,-1,-1,-1,-1,-1,-1,-1,-1,0,0,0,0,0,-1,0,0,0,-1,0,-1,[0|0|0|0|0|0|0|0]
51507,,633790,-1,-1,-1,-1,-1,-1,-1,-1,220,-1,-1,0,0,0,0,0,0,0,0,0,0,0,0,0,0,0,0,0,0,0,0,-1,-1,0,0,0,0,-1,-1,-1,-1,-1,-1,-1,-1,-1,-1,-1,-1,-1,-1,-1,-1,0,0,0,0,0,-1,0,0,0,-1,0,-1,[0|0|0|0|0|0|0|0]
51508,,-1,-1,-1,-1,-1,-1,-1,-1,-1,-1,-1,-1,0,0,0,0,0,0,0,0,0,0,0,0,0,0,0,0,0,1,0,0,-1,-1,0,0,0,0,-1,-1,-1,-1,-1,-1,-1,-1,-1,-1,-1,-1,-1,-1,-1,-1,0,2,0,0,260,-1,0,0,0,-1,0,-1,[0|0|0|0|0|0|0|0]
51509,,-1,-1,-1,-1,-1,-1,-1,-1,-1,-1,-1,-1,0,0,0,0,0,0,0,1,1,0,0,0,0,0,0,0,0,1,0,0,-1,-1,0,0,0,0,-1,-1,-1,-1,-1,-1,-1,-1,-1,-1,-1,-1,-1,-1,-1,-1,0,0,0,0,0,-1,0,0,0,-1,0,-1,[0|0|0|0|0|0|0|0]
51550,,-1,-1,-1,-1,-1,-1,-1,-1,-1,-1,-1,-1,0,0,0,0,0,0,0,0,0,0,0,0,0,0,0,0,0,0,0,0,-1,-1,0,0,0,0,-1,-1,-1,-1,-1,-1,-1,-1,-1,-1,-1,-1,-1,-1,-1,-1,0,0,0,0,0,10000,1,0,0.3,-1,0,-1,[0|0|0|0|0|0|0|0]
51551,,642640,-1,-1,-1,-1,-1,-1,-1,-1,30,-1,-1,0,0,0,0,0,0,0,0,0,0,0,0,0,0,0,0,0,0,0,0,-1,-1,0,0,0,0,-1,-1,-1,-1,-1,-1,-1,-1,-1,-1,-1,-1,-1,-1,-1,-1,0,0,0,0,0,10000,0,1,0.3,-1,0,-1,[0|0|0|0|0|0|0|0]
51552,,642641,-1,-1,-1,-1,-1,-1,-1,-1,30,-1,-1,0,0,0,0,0,0,0,0,0,0,0,0,0,0,0,0,0,0,0,0,-1,-1,0,0,0,0,-1,-1,-1,-1,-1,-1,-1,-1,-1,-1,-1,-1,-1,-1,-1,-1,0,0,0,0,0,10000,0,1,0.3,-1,0,-1,[0|0|0|0|0|0|0|0]
51553,,642642,-1,-1,-1,-1,-1,-1,-1,-1,30,-1,-1,0,0,0,0,0,0,0,0,0,0,0,0,0,0,0,0,0,0,0,0,-1,-1,0,0,0,0,-1,-1,-1,-1,-1,-1,-1,-1,-1,-1,-1,-1,-1,-1,-1,-1,0,0,0,0,0,10000,0,1,0.3,-1,0,-1,[0|0|0|0|0|0|0|0]
51600,,635005,-1,-1,-1,-1,-1,-1,-1,-1,200,-1,-1,0,0,0,0,0,0,0,0,0,0,0,0,0,0,0,0,0,0,0,0,-1,-1,0,0,0,0,-1,-1,-1,-1,-1,-1,-1,-1,-1,-1,-1,-1,-1,-1,-1,-1,0,0,0,0,0,-1,0,0,0,-1,0,-1,[0|0|0|0|0|0|0|0]
51601,,635000,-1,-1,-1,-1,-1,-1,-1,-1,6,-1,-1,0,0,0,0,0,0,0,0,0,0,0,0,0,0,0,0,0,0,0,0,-1,-1,0,0,0,0,-1,-1,-1,-1,-1,-1,-1,-1,-1,-1,-1,-1,-1,-1,-1,-1,0,0,0,0,0,-1,0,0,0,-1,0,-1,[0|0|0|0|0|0|0|0]
51602,,635000,-1,-1,-1,-1,-1,-1,-1,-1,5,-1,-1,0,0,0,0,0,0,0,0,0,0,0,0,0,0,0,0,0,0,0,0,-1,-1,0,0,0,0,-1,-1,-1,-1,-1,-1,-1,-1,-1,-1,-1,-1,-1,-1,-1,-1,0,0,0,0,0,-1,0,0,0,-1,0,-1,[0|0|0|0|0|0|0|0]
51603,,635080,-1,-1,-1,-1,-1,-1,-1,-1,11,-1,-1,0,0,0,0,0,0,0,0,0,0,0,0,0,0,0,0,0,0,0,0,-1,-1,0,0,0,0,-1,-1,-1,-1,-1,-1,-1,-1,-1,-1,-1,-1,-1,-1,-1,-1,0,0,0,0,0,-1,0,0,0,-1,0,-1,[0|0|0|0|0|0|0|0]
51604,,635081,-1,-1,-1,-1,-1,-1,-1,-1,20,-1,-1,0,0,0,0,0,0,0,0,0,0,0,0,0,0,0,0,0,0,0,0,-1,-1,0,0,0,0,-1,-1,-1,-1,-1,-1,-1,-1,-1,-1,-1,-1,-1,-1,-1,-1,0,0,0,0,0,-1,0,0,0,-1,0,-1,[0|0|0|0|0|0|0|0]
51605,,635082,-1,-1,-1,-1,-1,-1,-1,-1,32,-1,-1,0,0,0,0,0,0,0,0,0,0,0,0,0,0,0,0,0,0,0,0,-1,-1,0,0,0,0,-1,-1,-1,-1,-1,-1,-1,-1,-1,-1,-1,-1,-1,-1,-1,-1,0,0,0,0,0,-1,0,0,0,-1,0,-1,[0|0|0|0|0|0|0|0]
51606,,635083,-1,-1,-1,-1,-1,-1,-1,-1,41,-1,-1,0,0,0,0,0,0,0,0,0,0,0,0,0,0,0,0,0,0,0,0,-1,-1,0,0,0,0,-1,-1,-1,-1,-1,-1,-1,-1,-1,-1,-1,-1,-1,-1,-1,-1,0,0,0,0,0,-1,0,0,0,-1,0,-1,[0|0|0|0|0|0|0|0]
51607,,635084,-1,-1,-1,-1,-1,-1,-1,-1,62,-1,-1,0,0,0,0,0,0,0,0,0,0,0,0,0,0,0,0,0,0,0,0,-1,-1,0,0,0,0,-1,-1,-1,-1,-1,-1,-1,-1,-1,-1,-1,-1,-1,-1,-1,-1,0,0,0,0,0,-1,0,0,0,-1,0,-1,[0|0|0|0|0|0|0|0]
51608,,635085,-1,-1,-1,-1,-1,-1,-1,-1,72,-1,-1,0,0,0,0,0,0,0,0,0,0,0,0,0,0,0,0,0,0,0,0,-1,-1,0,0,0,0,-1,-1,-1,-1,-1,-1,-1,-1,-1,-1,-1,-1,-1,-1,-1,-1,0,0,0,0,0,-1,0,0,0,-1,0,-1,[0|0|0|0|0|0|0|0]
51609,,635090,-1,-1,-1,-1,-1,-1,-1,-1,199,-1,-1,0,0,0,0,0,0,0,0,0,0,0,0,0,0,0,0,0,0,0,0,-1,-1,0,0,0,0,-1,-1,-1,-1,-1,-1,-1,-1,-1,-1,-1,-1,-1,-1,-1,-1,0,0,0,0,0,-1,0,0,0,-1,0,-1,[0|0|0|0|0|0|0|0]
51610,,630620,-1,-1,-1,-1,-1,-1,-1,-1,199,-1,-1,0,0,0,0,0,0,0,0,0,0,0,0,0,0,0,0,0,0,0,0,-1,-1,0,0,0,0,-1,-1,-1,-1,-1,-1,-1,-1,-1,-1,-1,-1,-1,-1,-1,-1,0,0,0,0,0,-1,0,0,0,-1,0,-1,[0|0|0|0|0|0|0|0]
51611,,635091,-1,-1,-1,-1,-1,-1,-1,-1,199,-1,-1,0,0,0,0,0,0,0,0,0,0,0,0,0,0,0,0,0,0,0,0,-1,-1,0,0,0,0,-1,-1,-1,-1,-1,-1,-1,-1,-1,-1,-1,-1,-1,-1,-1,-1,0,0,0,0,0,-1,0,0,0,-1,0,-1,[0|0|0|0|0|0|0|0]
51612,,635091,-1,-1,-1,-1,-1,-1,-1,-1,199,-1,-1,0,0,0,0,0,0,0,0,0,0,0,0,0,0,0,0,0,0,0,0,-1,-1,0,0,0,0,-1,-1,-1,-1,-1,-1,-1,-1,-1,-1,-1,-1,-1,-1,-1,-1,0,0,0,0,0,-1,0,0,0,-1,0,-1,[0|0|0|0|0|0|0|0]
51650,,600620,-1,-1,-1,-1,-1,-1,-1,-1,20,-1,-1,0,0,0,0,0,0,0,0,0,0,0,0,0,0,0,0,0,0,0,0,-1,-1,0,0,0,0,-1,-1,-1,-1,-1,-1,-1,-1,-1,-1,-1,-1,-1,-1,-1,-1,0,0,0,0,0,-1,0,0,0,-1,0,-1,[0|0|0|0|0|0|0|0]
51700,,-1,-1,-1,-1,-1,-1,-1,-1,-1,-1,-1,-1,0,0,0,0,0,0,0,0,0,0,0,0,0,0,0,0,0,0,0,0,-1,-1,0,0,0,0,-1,-1,-1,-1,-1,-1,-1,-1,-1,-1,-1,-1,-1,-1,-1,-1,0,0,0,0,0,-1,0,0,0,-1,0,-1,[0|0|0|0|0|0|0|0]
51710,,-1,-1,-1,-1,-1,-1,-1,-1,-1,-1,-1,-1,0,0,0,0,0,0,1,1,1,1,0,0,0,0,0,0,0,0,0,0,-1,-1,0,0,0,0,-1,-1,-1,-1,-1,-1,-1,-1,-1,-1,-1,-1,-1,-1,-1,-1,0,0,0,0,0,-1,0,0,0,-1,0,-1,[0|0|0|0|0|0|0|0]
51720,,-1,-1,-1,-1,-1,-1,-1,-1,-1,-1,-1,-1,0,0,3,1,0,0,0,0,0,0,0,0,0,0,0,0,0,0,0,0,-1,-1,0,0,0,0,-1,-1,-1,-1,-1,-1,-1,-1,-1,-1,-1,-1,-1,-1,-1,-1,0,0,0,0,0,-1,0,0,0,-1,0,-1,[0|0|0|0|0|0|0|0]
51721,,-1,-1,-1,-1,-1,-1,-1,-1,-1,-1,-1,-1,0,0,4,1,0,0,0,0,0,0,0,0,0,0,0,0,0,0,0,0,-1,-1,0,0,0,0,-1,-1,-1,-1,-1,-1,-1,-1,-1,-1,-1,-1,-1,-1,-1,-1,0,0,0,0,0,-1,0,0,0,-1,0,-1,[0|0|0|0|0|0|0|0]
51750,,600621,325100002,-1,-1,-1,-1,-1,-1,-1,40,-1,-1,0,0,0,0,0,0,0,0,0,0,0,0,0,0,0,0,0,0,0,0,-1,-1,0,0,0,0,-1,-1,-1,-1,-1,-1,-1,-1,-1,-1,-1,-1,-1,-1,-1,-1,0,0,0,0,0,-1,0,0,0,-1,0,-1,[0|0|0|0|0|0|0|0]
51751,,632500,-1,-1,-1,-1,-1,-1,-1,-1,30,-1,-1,0,0,0,0,0,0,0,0,0,0,0,0,0,0,0,0,0,0,0,0,-1,-1,0,0,0,0,-1,-1,-1,-1,-1,-1,-1,-1,-1,-1,-1,-1,-1,-1,-1,-1,0,0,0,0,0,-1,0,0,0,-1,0,-1,[0|0|0|0|0|0|0|0]
51752,,632598,-1,-1,-1,-1,-1,-1,-1,-1,220,-1,-1,0,0,3,0,0,0,0,0,0,0,0,0,0,0,0,0,0,0,0,0,-1,-1,0,0,0,0,-1,-1,-1,-1,-1,-1,-1,-1,-1,-1,-1,-1,-1,-1,-1,-1,0,0,0,0,0,-1,0,0,0,-1,0,-1,[0|0|0|0|0|0|0|0]
51753,,440093,-1,-1,-1,-1,-1,-1,-1,-1,220,-1,-1,0,0,3,0,0,0,0,0,0,0,0,0,0,0,0,0,0,0,0,0,-1,-1,0,0,0,0,-1,-1,-1,-1,-1,-1,-1,-1,-1,-1,-1,-1,-1,-1,-1,-1,0,0,0,0,0,-1,0,0,0,-1,0,-1,[0|0|0|0|0|0|0|0]
51754,,632599,-1,-1,-1,-1,-1,-1,-1,-1,220,-1,-1,0,0,3,0,0,0,0,0,0,0,0,0,0,0,0,0,0,0,0,0,-1,-1,0,0,0,0,-1,-1,-1,-1,-1,-1,-1,-1,-1,-1,-1,-1,-1,-1,-1,-1,0,0,0,0,0,-1,0,0,0,-1,0,-1,[0|0|0|0|0|0|0|0]
51755,,643595,-1,-1,-1,-1,-1,-1,-1,-1,220,-1,-1,0,0,3,0,0,0,0,0,0,0,0,0,0,0,0,0,0,0,0,0,-1,-1,0,0,0,0,-1,-1,-1,-1,-1,-1,-1,-1,-1,-1,-1,-1,-1,-1,-1,-1,0,0,0,0,0,-1,0,0,0,-1,0,-1,[0|0|0|0|0|0|0|0]
51760,,632521,325000003,-1,-1,-1,-1,-1,-1,-1,21,-1,-1,0,0,0,0,0,0,0,0,0,0,0,0,0,0,0,0,0,0,0,0,-1,-1,0,0,0,0,-1,-1,-1,-1,-1,-1,-1,-1,-1,-1,-1,-1,-1,-1,-1,-1,0,0,0,0,0,-1,0,0,0,-1,0,-1,[0|0|0|0|0|0|0|0]
51761,,632502,-1,-1,-1,-1,-1,-1,-1,-1,40,-1,-1,0,0,0,0,0,0,0,0,0,0,0,0,0,0,0,0,0,0,0,0,-1,-1,0,0,0,0,-1,-1,-1,-1,-1,-1,-1,-1,-1,-1,-1,-1,-1,-1,-1,-1,0,0,0,0,0,-1,0,0,0,-1,0,-1,[0|0|0|0|0|0|0|0]
51762,,632550,-1,-1,-1,-1,-1,-1,-1,-1,220,-1,-1,0,0,3,0,0,0,0,0,0,0,0,0,0,0,0,0,0,0,0,0,-1,-1,0,0,0,0,-1,-1,-1,-1,-1,-1,-1,-1,-1,-1,-1,-1,-1,-1,-1,-1,0,0,0,0,0,-1,0,0,0,-1,0,-1,[0|0|0|0|0|0|0|0]
51763,,643596,-1,-1,-1,-1,-1,-1,-1,-1,220,-1,-1,0,0,3,0,0,0,0,0,0,0,0,0,0,0,0,0,0,0,0,0,-1,-1,0,0,0,0,-1,-1,-1,-1,-1,-1,-1,-1,-1,-1,-1,-1,-1,-1,-1,-1,0,0,0,0,0,-1,0,0,0,-1,0,-1,[0|0|0|0|0|0|0|0]
51770,,632586,325210000,-1,-1,-1,-1,-1,-1,-1,905,-1,-1,0,0,0,0,0,0,0,0,0,0,0,0,0,0,0,0,0,0,0,0,-1,-1,0,0,0,0,-1,-1,-1,-1,-1,-1,-1,-1,-1,-1,-1,-1,-1,-1,-1,-1,0,0,0,0,0,-1,0,0,0,-1,0,-1,[0|0|0|0|0|0|0|0]
51771,,-1,-1,-1,-1,-1,-1,-1,-1,-1,-1,-1,-1,0,0,0,0,0,0,0,0,0,0,0,0,0,0,0,0,0,1,0,0,-1,-1,0,0,0,0,-1,-1,-1,-1,-1,-1,-1,-1,-1,-1,-1,-1,-1,-1,-1,-1,0,2,0,0,300,-1,0,0,0,-1,0,-1,[0|0|0|0|0|0|0|0]
51772,,-1,-1,-1,-1,-1,-1,-1,-1,-1,-1,-1,-1,0,0,0,0,0,0,1,1,0,1,0,0,0,0,0,0,0,0,0,0,-1,-1,0,0,0,0,-1,-1,-1,-1,-1,-1,-1,-1,-1,-1,-1,-1,-1,-1,-1,-1,0,0,0,0,0,-1,0,0,0,-1,0,-1,[0|0|0|0|0|0|0|0]
51800,,638000,380001000,-1,-1,-1,-1,-1,-1,-1,50,-1,-1,0,0,0,0,0,0,0,0,0,0,0,0,0,0,0,0,0,0,0,0,-1,-1,0,0,0,0,-1,-1,-1,-1,-1,-1,-1,-1,-1,-1,-1,-1,-1,-1,-1,-1,0,0,0,0,0,-1,0,0,0,-1,0,-1,[0|0|0|0|0|0|0|0]
51801,,638005,-1,-1,-1,-1,-1,-1,-1,-1,40,-1,-1,0,0,0,0,0,0,0,0,0,0,0,0,0,0,0,0,0,0,0,0,-1,-1,0,0,0,0,-1,-1,-1,-1,-1,-1,-1,-1,-1,-1,-1,-1,-1,-1,-1,-1,0,0,0,0,0,-1,0,0,0,-1,0,-1,[0|0|0|0|0|0|0|0]
51802,,638050,380001000,-1,-1,-1,-1,-1,-1,-1,90,-1,-1,0,0,0,0,0,0,0,0,0,0,0,0,0,0,0,0,0,0,0,0,-1,-1,0,0,0,0,-1,-1,-1,-1,-1,-1,-1,-1,-1,-1,-1,-1,-1,-1,-1,-1,0,0,0,0,0,-1,0,0,0,-1,0,-1,[0|0|0|0|0|0|0|0]
51810,,638080,-1,-1,-1,-1,-1,-1,-1,-1,199,-1,-1,0,0,0,0,0,0,0,0,0,0,0,0,0,0,0,0,0,0,0,0,-1,-1,0,0,0,0,-1,-1,-1,-1,-1,-1,-1,-1,-1,-1,-1,-1,-1,-1,-1,-1,0,0,0,0,0,-1,0,0,0,-1,0,-1,[0|0|0|0|0|0|0|0]
51811,,638081,-1,-1,-1,-1,-1,-1,-1,-1,21,-1,-1,0,0,0,0,0,0,0,0,0,0,0,0,0,0,0,0,0,0,0,0,-1,-1,0,0,0,0,-1,-1,-1,-1,-1,-1,-1,-1,-1,-1,-1,-1,-1,-1,-1,-1,0,0,0,0,0,-1,0,0,0,-1,0,-1,[0|0|0|0|0|0|0|0]
51812,,638082,-1,-1,-1,-1,-1,-1,-1,-1,21,-1,-1,0,0,0,0,0,0,0,0,0,0,0,0,0,0,0,0,0,0,0,0,-1,-1,0,0,0,0,-1,-1,-1,-1,-1,-1,-1,-1,-1,-1,-1,-1,-1,-1,-1,-1,0,0,0,0,0,-1,0,0,0,-1,0,-1,[0|0|0|0|0|0|0|0]
51813,,638083,-1,-1,-1,-1,-1,-1,-1,-1,300,-1,-1,0,0,0,0,0,0,0,0,0,0,0,0,0,0,0,0,0,0,0,0,-1,-1,0,0,0,0,-1,-1,-1,-1,-1,-1,-1,-1,-1,-1,-1,-1,-1,-1,-1,-1,0,0,0,0,0,-1,0,0,0,-1,0,-1,[0|0|0|0|0|0|0|0]
51850,,-1,-1,-1,-1,-1,-1,-1,-1,-1,-1,-1,-1,0,0,0,0,0,0,0,0,0,0,0,0,0,0,0,0,0,1,0,0,-1,-1,0,0,0,0,-1,-1,-1,-1,-1,-1,-1,-1,-1,-1,-1,-1,-1,-1,-1,-1,0,0,0,0,0,10000,0.2,0.2,0,-1,0,-1,[0|0|0|0|0|0|0|0]
51851,,-1,-1,-1,-1,-1,-1,-1,-1,-1,-1,-1,-1,0,0,0,0,0,0,0,0,0,0,0,0,0,0,0,0,0,1,0,0,-1,-1,0,0,0,0,-1,-1,-1,-1,-1,-1,-1,-1,-1,-1,-1,-1,-1,-1,-1,-1,0,0,0,0,0,10000,0.2,1,2,-1,0,-1,[0|0|0|0|0|0|0|0]
51852,,646712,-1,-1,-1,-1,-1,-1,-1,-1,220,-1,-1,0,0,0,0,0,0,0,0,0,0,0,0,0,0,0,0,0,0,0,0,-1,-1,0,0,0,0,-1,-1,-1,-1,-1,-1,-1,-1,-1,-1,-1,-1,-1,-1,-1,-1,0,0,0,0,0,-1,0,0,0,-1,0,-1,[0|0|0|0|0|0|0|0]
51853,,-1,-1,-1,-1,-1,-1,-1,-1,-1,-1,-1,-1,0,0,0,0,0,0,0,0,0,0,0,0,0,1,0,0,0,1,0,0,-1,-1,0,0,0,0,-1,-1,-1,-1,-1,-1,-1,-1,-1,-1,-1,-1,-1,-1,-1,-1,0,2,0,0,260,-1,0,0,0,-1,0,-1,[0|0|0|0|0|0|0|0]
51900,,647280,647280,-1,-1,-1,-1,-1,-1,-1,960,-1,-1,0,0,0,0,0,0,0,0,0,0,0,0,0,0,0,0,0,0,0,0,-1,-1,0,0,0,0,-1,-1,-1,-1,-1,-1,-1,-1,-1,-1,-1,-1,-1,-1,-1,-1,0,0,0,0,0,-1,0,0,0,-1,0,-1,[0|0|0|0|0|0|0|0]
51901,,-1,-1,-1,-1,-1,-1,-1,-1,-1,-1,-1,-1,0,0,0,0,0,0,0,0,0,0,0,0,0,0,0,0,0,1,0,0,-1,-1,0,0,0,0,-1,-1,-1,-1,-1,-1,-1,-1,-1,-1,-1,-1,-1,-1,-1,-1,0,2,0,0,270,-1,0,0,0,-1,0,-1,[0|0|0|0|0|0|0|0]
51950,,643700,-1,-1,-1,-1,-1,-1,-1,-1,27,-1,-1,0,0,0,0,0,0,0,0,0,0,0,0,0,0,0,0,0,0,0,0,-1,-1,0,0,0,0,-1,-1,-1,-1,-1,-1,-1,-1,-1,-1,-1,-1,-1,-1,-1,-1,0,0,0,0,0,-1,0,0,0,-1,0,-1,[0|0|0|0|0|0|0|0]
51951,,643740,-1,-1,-1,-1,-1,-1,-1,-1,220,-1,-1,0,0,0,0,0,0,0,0,0,0,0,0,0,0,0,0,0,0,0,0,-1,-1,0,0,0,0,-1,-1,-1,-1,-1,-1,-1,-1,-1,-1,-1,-1,-1,-1,-1,-1,0,0,0,0,0,-1,0,0,0,-1,0,-1,[0|0|0|0|0|0|0|0]
51952,,643190,-1,-1,-1,-1,-1,-1,-1,-1,199,-1,-1,0,0,0,0,0,0,0,0,0,0,0,0,0,0,0,0,0,0,0,0,-1,-1,0,0,0,0,-1,-1,-1,-1,-1,-1,-1,-1,-1,-1,-1,-1,-1,-1,-1,-1,0,0,0,0,0,-1,0,0,0,-1,0,-1,[0|0|0|0|0|0|0|0]
51953,,-1,-1,-1,-1,-1,-1,-1,-1,-1,0,-1,-1,0,0,0,0,0,0,0,0,0,0,0,0,0,0,0,0,0,0,0,0,-1,-1,0,0,0,0,-1,-1,-1,-1,-1,-1,-1,-1,-1,-1,-1,-1,-1,-1,-1,-1,0,2,0,0,240,-1,0,0,0,-1,0,-1,[0|0|0|0|0|0|0|0]
51954,,-1,-1,-1,-1,-1,-1,-1,-1,-1,0,-1,-1,0,0,0,0,0,0,0,0,0,0,0,0,0,0,0,0,0,0,0,0,-1,-1,0,0,0,0,-1,-1,-1,-1,-1,-1,-1,-1,-1,-1,-1,-1,-1,-1,-1,-1,0,0,0,0,0,-1,0,0,0,-1,0,-1,[0|0|0|0|0|0|0|0]
51955,,-1,-1,-1,-1,-1,-1,-1,-1,-1,-1,-1,-1,0,0,0,0,0,0,0,0,0,0,0,0,0,0,0,0,0,1,0,0,-1,-1,0,0,0,0,-1,-1,-1,-1,-1,-1,-1,-1,-1,-1,-1,-1,-1,-1,-1,-1,0,0,0,0,0,-1,0,0,0,-1,0,100240,[0|0|0|0|0|0|0|0]
52000,,639100,391000002,-1,-1,-1,-1,-1,-1,-1,80,-1,-1,0,0,0,0,0,0,0,0,0,0,0,0,0,0,0,0,0,0,0,0,-1,-1,0,0,0,0,-1,-1,-1,-1,-1,-1,-1,-1,-1,-1,-1,-1,-1,-1,-1,-1,0,0,0,0,0,-1,0,0,0,-1,0,-1,[0|0|0|0|0|0|0|0]
52001,,639101,-1,-1,-1,-1,-1,-1,-1,-1,80,-1,-1,0,0,0,0,0,0,0,0,0,0,0,0,0,0,0,0,0,0,0,0,-1,-1,0,0,0,0,-1,-1,-1,-1,-1,-1,-1,-1,-1,-1,-1,-1,-1,-1,-1,-1,0,0,0,0,0,-1,0,0,0,-1,0,-1,[0|0|0|0|0|0|0|0]
52050,,636505,-1,-1,-1,-1,-1,-1,-1,-1,905,-1,-1,0,0,0,0,0,0,0,0,0,0,0,0,0,0,0,0,0,0,0,0,-1,-1,0,0,0,0,-1,-1,-1,-1,-1,-1,-1,-1,-1,-1,-1,-1,-1,-1,-1,-1,0,0,0,0,0,-1,0,0,0,-1,0,-1,[0|0|0|0|0|0|0|0]
52051,,636515,-1,-1,-1,-1,-1,-1,-1,-1,905,-1,-1,0,0,0,0,0,0,0,0,0,0,0,0,0,0,0,0,0,0,0,0,-1,-1,0,0,0,0,-1,-1,-1,-1,-1,-1,-1,-1,-1,-1,-1,-1,-1,-1,-1,-1,0,0,0,0,0,-1,0,0,0,-1,0,-1,[0|0|0|0|0|0|0|0]
52052,,636520,-1,-1,-1,-1,-1,-1,-1,-1,905,-1,-1,0,0,0,0,0,0,0,0,0,0,0,0,0,0,0,0,0,0,0,0,-1,-1,0,0,0,0,-1,-1,-1,-1,-1,-1,-1,-1,-1,-1,-1,-1,-1,-1,-1,-1,0,0,0,0,0,-1,0,0,0,-1,0,-1,[0|0|0|0|0|0|0|0]
52053,,636530,-1,-1,-1,-1,-1,-1,-1,-1,810,-1,-1,0,0,0,0,0,0,0,0,0,0,0,0,0,0,0,0,0,0,0,0,-1,-1,0,0,0,0,-1,-1,-1,-1,-1,-1,-1,-1,-1,-1,-1,-1,-1,-1,-1,-1,0,0,0,0,0,-1,0,0,0,-1,0,-1,[0|0|0|0|0|0|0|0]
52054,,-1,-1,-1,-1,-1,-1,-1,-1,-1,-1,-1,-1,0,0,0,0,0,0,0,0,0,0,0,0,0,0,0,0,0,0,0,0,-1,-1,0,0,0,0,-1,-1,-1,-1,-1,-1,-1,-1,-1,-1,-1,-1,-1,-1,-1,-1,0,0,0,0,0,-1,0,0,0,-1,0,-1,[0|0|0|0|0|0|0|0]
52100,,-1,-1,-1,-1,-1,-1,-1,-1,-1,-1,-1,-1,0,0,0,0,0,0,0,0,0,0,0,0,0,0,0,0,0,1,0,0,-1,-1,0,0,0,0,-1,-1,-1,-1,-1,-1,-1,-1,-1,-1,-1,-1,-1,-1,-1,-1,0,0,0,0,0,10001,0,1,1.3,-1,0,-1,[0|0|0|0|0|0|0|0]
52101,,-1,-1,-1,-1,-1,-1,-1,-1,-1,-1,-1,-1,0,0,0,0,0,0,0,0,0,0,0,0,0,0,0,0,0,1,0,0,-1,-1,0,0,0,0,-1,-1,-1,-1,-1,-1,-1,-1,-1,-1,-1,-1,-1,-1,-1,-1,0,0,0,0,0,10001,1,1,0,-1,0,-1,[0|0|0|0|0|0|0|0]
52102,,-1,-1,-1,-1,-1,-1,-1,-1,-1,-1,-1,-1,0,0,0,0,0,0,0,0,0,0,0,0,0,0,0,0,0,1,0,0,-1,-1,0,0,0,0,-1,-1,-1,-1,-1,-1,-1,-1,-1,-1,-1,-1,-1,-1,-1,-1,0,0,0,0,0,10001,1,0,2,-1,0,-1,[0|0|0|0|0|0|0|0]
52103,,-1,-1,-1,-1,-1,-1,-1,-1,-1,-1,-1,-1,0,0,0,0,0,0,0,1,1,0,0,0,0,0,0,0,0,0,0,0,-1,-1,0,0,0,0,-1,-1,-1,-1,-1,-1,-1,-1,-1,-1,-1,-1,-1,-1,-1,-1,0,0,0,0,0,-1,0,0,0,-1,0,-1,[0|0|0|0|0|0|0|0]
52104,,-1,-1,-1,-1,-1,-1,-1,-1,-1,-1,-1,-1,0,0,0,0,0,0,0,0,0,0,0,0,0,0,0,0,0,1,0,0,-1,-1,0,0,0,0,-1,-1,-1,-1,-1,-1,-1,-1,-1,-1,-1,-1,-1,-1,-1,-1,0,2,0,0,320,-1,0,0,0,-1,0,-1,[0|0|0|0|0|0|0|0]
52105,,641991,-1,-1,-1,-1,-1,-1,-1,-1,10,-1,-1,0,0,0,0,0,0,0,0,0,0,0,0,0,0,0,0,0,0,0,0,-1,-1,0,0,0,0,-1,-1,-1,-1,-1,-1,-1,-1,-1,-1,-1,-1,-1,-1,-1,-1,0,0,0,0,0,-1,0,0,0,-1,0,-1,[0|0|0|0|0|0|0|0]
52106,,641990,-1,-1,-1,-1,-1,-1,-1,-1,10,-1,-1,0,0,0,0,0,0,0,0,0,0,0,0,0,0,0,0,0,0,0,0,-1,-1,0,0,0,0,-1,-1,-1,-1,-1,-1,-1,-1,-1,-1,-1,-1,-1,-1,-1,-1,0,0,0,0,0,-1,0,0,0,-1,0,-1,[0|0|0|0|0|0|0|0]
52107,,641992,-1,-1,-1,-1,-1,-1,-1,-1,10,-1,-1,0,0,0,0,0,0,0,0,0,0,0,0,0,0,0,0,0,0,0,0,-1,-1,0,0,0,0,-1,-1,-1,-1,-1,-1,-1,-1,-1,-1,-1,-1,-1,-1,-1,-1,0,0,0,0,0,-1,0,0,0,-1,0,-1,[0|0|0|0|0|0|0|0]
52113,,641961,-1,-1,-1,-1,-1,-1,-1,-1,10,-1,-1,0,0,0,0,0,0,0,0,0,0,0,0,0,0,0,0,0,0,0,0,-1,-1,0,0,0,0,-1,-1,-1,-1,-1,-1,-1,-1,-1,-1,-1,-1,-1,-1,-1,-1,0,0,0,0,0,-1,0,0,0,-1,0,-1,[0|0|0|0|0|0|0|0]
52114,,641960,-1,-1,-1,-1,-1,-1,-1,-1,10,-1,-1,0,0,0,0,0,0,0,0,0,0,0,0,0,0,0,0,0,0,0,0,-1,-1,0,0,0,0,-1,-1,-1,-1,-1,-1,-1,-1,-1,-1,-1,-1,-1,-1,-1,-1,0,0,0,0,0,-1,0,0,0,-1,0,-1,[0|0|0|0|0|0|0|0]
52115,,641962,-1,-1,-1,-1,-1,-1,-1,-1,10,-1,-1,0,0,0,0,0,0,0,0,0,0,0,0,0,0,0,0,0,0,0,0,-1,-1,0,0,0,0,-1,-1,-1,-1,-1,-1,-1,-1,-1,-1,-1,-1,-1,-1,-1,-1,0,0,0,0,0,-1,0,0,0,-1,0,-1,[0|0|0|0|0|0|0|0]
52116,,641926,-1,-1,-1,-1,-1,-1,-1,-1,10,-1,-1,0,0,0,0,0,0,0,0,0,0,0,0,0,0,0,0,0,0,0,0,-1,-1,0,0,0,0,-1,-1,-1,-1,-1,-1,-1,-1,-1,-1,-1,-1,-1,-1,-1,-1,0,0,0,0,0,-1,0,0,0,-1,0,-1,[0|0|0|0|0|0|0|0]
52117,,641925,-1,-1,-1,-1,-1,-1,-1,-1,10,-1,-1,0,0,0,0,0,0,0,0,0,0,0,0,0,0,0,0,0,0,0,0,-1,-1,0,0,0,0,-1,-1,-1,-1,-1,-1,-1,-1,-1,-1,-1,-1,-1,-1,-1,-1,0,0,0,0,0,-1,0,0,0,-1,0,-1,[0|0|0|0|0|0|0|0]
52118,,641927,-1,-1,-1,-1,-1,-1,-1,-1,10,-1,-1,0,0,0,0,0,0,0,0,0,0,0,0,0,0,0,0,0,0,0,0,-1,-1,0,0,0,0,-1,-1,-1,-1,-1,-1,-1,-1,-1,-1,-1,-1,-1,-1,-1,-1,0,0,0,0,0,-1,0,0,0,-1,0,-1,[0|0|0|0|0|0|0|0]
52119,,641971,-1,-1,-1,-1,-1,-1,-1,-1,10,-1,-1,0,0,0,0,0,0,0,0,0,0,0,0,0,0,0,0,0,0,0,0,-1,-1,0,0,0,0,-1,-1,-1,-1,-1,-1,-1,-1,-1,-1,-1,-1,-1,-1,-1,-1,0,0,0,0,0,-1,0,0,0,-1,0,-1,[0|0|0|0|0|0|0|0]
52120,,641970,-1,-1,-1,-1,-1,-1,-1,-1,10,-1,-1,0,0,0,0,0,0,0,0,0,0,0,0,0,0,0,0,0,0,0,0,-1,-1,0,0,0,0,-1,-1,-1,-1,-1,-1,-1,-1,-1,-1,-1,-1,-1,-1,-1,-1,0,0,0,0,0,-1,0,0,0,-1,0,-1,[0|0|0|0|0|0|0|0]
52121,,641972,-1,-1,-1,-1,-1,-1,-1,-1,10,-1,-1,0,0,0,0,0,0,0,0,0,0,0,0,0,0,0,0,0,0,0,0,-1,-1,0,0,0,0,-1,-1,-1,-1,-1,-1,-1,-1,-1,-1,-1,-1,-1,-1,-1,-1,0,0,0,0,0,-1,0,0,0,-1,0,-1,[0|0|0|0|0|0|0|0]
52122,,641976,-1,-1,-1,-1,-1,-1,-1,-1,10,-1,-1,0,0,0,0,0,0,0,0,0,0,0,0,0,0,0,0,0,0,0,0,-1,-1,0,0,0,0,-1,-1,-1,-1,-1,-1,-1,-1,-1,-1,-1,-1,-1,-1,-1,-1,0,0,0,0,0,-1,0,0,0,-1,0,-1,[0|0|0|0|0|0|0|0]
52123,,641975,-1,-1,-1,-1,-1,-1,-1,-1,10,-1,-1,0,0,0,0,0,0,0,0,0,0,0,0,0,0,0,0,0,0,0,0,-1,-1,0,0,0,0,-1,-1,-1,-1,-1,-1,-1,-1,-1,-1,-1,-1,-1,-1,-1,-1,0,0,0,0,0,-1,0,0,0,-1,0,-1,[0|0|0|0|0|0|0|0]
52124,,641977,-1,-1,-1,-1,-1,-1,-1,-1,10,-1,-1,0,0,0,0,0,0,0,0,0,0,0,0,0,0,0,0,0,0,0,0,-1,-1,0,0,0,0,-1,-1,-1,-1,-1,-1,-1,-1,-1,-1,-1,-1,-1,-1,-1,-1,0,0,0,0,0,-1,0,0,0,-1,0,-1,[0|0|0|0|0|0|0|0]
52125,,641966,-1,-1,-1,-1,-1,-1,-1,-1,10,-1,-1,0,0,0,0,0,0,0,0,0,0,0,0,0,0,0,0,0,0,0,0,-1,-1,0,0,0,0,-1,-1,-1,-1,-1,-1,-1,-1,-1,-1,-1,-1,-1,-1,-1,-1,0,0,0,0,0,-1,0,0,0,-1,0,-1,[0|0|0|0|0|0|0|0]
52126,,641965,-1,-1,-1,-1,-1,-1,-1,-1,10,-1,-1,0,0,0,0,0,0,0,0,0,0,0,0,0,0,0,0,0,0,0,0,-1,-1,0,0,0,0,-1,-1,-1,-1,-1,-1,-1,-1,-1,-1,-1,-1,-1,-1,-1,-1,0,0,0,0,0,-1,0,0,0,-1,0,-1,[0|0|0|0|0|0|0|0]
52127,,641967,-1,-1,-1,-1,-1,-1,-1,-1,10,-1,-1,0,0,0,0,0,0,0,0,0,0,0,0,0,0,0,0,0,0,0,0,-1,-1,0,0,0,0,-1,-1,-1,-1,-1,-1,-1,-1,-1,-1,-1,-1,-1,-1,-1,-1,0,0,0,0,0,-1,0,0,0,-1,0,-1,[0|0|0|0|0|0|0|0]
52150,,641801,-1,-1,-1,-1,-1,-1,-1,-1,800,-1,-1,0,0,1,2,0,0,0,0,0,0,0,0,0,0,0,0,0,1,0,0,-1,-1,0,0,0,0,-1,-1,-1,-1,-1,-1,-1,-1,-1,-1,-1,-1,-1,-1,-1,-1,0,0,0,0,0,1002,0,1,0.5,-1,0,-1,[0|0|0|0|0|0|0|0]
52151,,641800,-1,-1,-1,-1,-1,-1,-1,-1,800,-1,-1,0,0,1,2,0,0,0,0,0,0,0,0,0,0,0,0,0,0,0,0,-1,-1,0,0,0,0,-1,-1,-1,-1,-1,-1,-1,-1,-1,-1,-1,-1,-1,-1,-1,-1,0,0,0,0,0,1002,1,0,0.8,-1,0,-1,[0|0|0|0|0|0|0|0]
52152,,-1,-1,-1,-1,-1,-1,-1,-1,-1,-1,-1,-1,0,0,0,0,0,0,0,0,0,0,0,0,0,0,0,0,0,0,0,0,-1,-1,0,0,0,0,-1,-1,-1,-1,-1,-1,-1,-1,-1,-1,-1,-1,-1,-1,-1,-1,0,0,0,0,0,1003,0,1,0.5,-1,0,-1,[0|0|0|0|0|0|0|0]
52153,,641800,-1,-1,-1,-1,-1,-1,-1,-1,800,-1,-1,0,0,1,2,0,0,0,0,0,0,0,0,0,0,0,0,0,0,0,0,-1,-1,0,0,0,0,-1,-1,-1,-1,-1,-1,-1,-1,-1,-1,-1,-1,-1,-1,-1,-1,0,0,0,0,0,1002,0,1,1,-1,0,-1,[0|0|0|0|0|0|0|0]
52154,,-1,-1,-1,-1,-1,-1,-1,-1,-1,-1,-1,-1,0,0,0,0,0,0,0,0,0,0,0,0,0,0,0,0,0,1,0,0,-1,-1,0,0,0,0,-1,-1,-1,-1,-1,-1,-1,-1,-1,-1,-1,-1,-1,-1,-1,-1,0,0,0,0,0,1003,1,0,0.5,-1,0,-1,[0|0|0|0|0|0|0|0]
52155,,641802,-1,-1,-1,-1,-1,-1,-1,-1,800,-1,-1,0,0,1,2,0,0,0,0,0,0,0,0,0,0,0,0,0,1,0,0,-1,-1,0,0,0,0,-1,-1,-1,-1,-1,-1,-1,-1,-1,-1,-1,-1,-1,-1,-1,-1,0,0,0,0,0,-1,0,0,0,-1,0,-1,[0|0|0|0|0|0|0|0]
52156,,-1,-1,-1,-1,-1,-1,-1,-1,-1,-1,-1,-1,0,0,1,1,0,0,0,0,0,0,0,0,0,0,0,0,0,1,0,0,-1,-1,0,0,0,0,-1,-1,-1,-1,-1,-1,-1,-1,-1,-1,-1,-1,-1,-1,-1,-1,0,0,0,0,0,-1,0,0,0,-1,0,-1,[0|0|0|0|0|0|0|0]
52200,,647303,-1,-1,-1,-1,-1,-1,-1,-1,40,-1,-1,0,0,0,0,0,0,0,0,0,0,0,0,0,0,0,0,0,0,0,0,-1,-1,0,0,0,0,-1,-1,-1,-1,-1,-1,-1,-1,-1,-1,-1,-1,-1,-1,-1,-1,0,0,0,0,0,-1,0,0,0,-1,0,-1,[0|0|0|0|0|0|0|0]
52201,,647303,-1,-1,-1,-1,-1,-1,-1,-1,41,-1,-1,0,0,0,0,0,0,0,0,0,0,0,0,0,0,0,0,0,0,0,0,-1,-1,0,0,0,0,-1,-1,-1,-1,-1,-1,-1,-1,-1,-1,-1,-1,-1,-1,-1,-1,0,0,0,0,0,-1,0,0,0,-1,0,-1,[0|0|0|0|0|0|0|0]
52202,,647303,-1,-1,-1,-1,-1,-1,-1,-1,42,-1,-1,0,0,0,0,0,0,0,0,0,0,0,0,0,0,0,0,0,0,0,0,-1,-1,0,0,0,0,-1,-1,-1,-1,-1,-1,-1,-1,-1,-1,-1,-1,-1,-1,-1,-1,0,0,0,0,0,-1,0,0,0,-1,0,-1,[0|0|0|0|0|0|0|0]
52203,,647303,-1,-1,-1,-1,-1,-1,-1,-1,43,-1,-1,0,0,0,0,0,0,0,0,0,0,0,0,0,0,0,0,0,0,0,0,-1,-1,0,0,0,0,-1,-1,-1,-1,-1,-1,-1,-1,-1,-1,-1,-1,-1,-1,-1,-1,0,0,0,0,0,-1,0,0,0,-1,0,-1,[0|0|0|0|0|0|0|0]
52204,,647330,-1,-1,-1,-1,-1,-1,-1,-1,810,-1,-1,0,0,0,0,0,0,0,0,0,0,0,0,0,0,0,0,0,0,0,0,-1,-1,0,0,0,0,-1,-1,-1,-1,-1,-1,-1,-1,-1,-1,-1,-1,-1,-1,-1,-1,0,0,0,0,0,-1,0,0,0,-1,0,-1,[0|0|0|0|0|0|0|0]
52205,,647330,-1,-1,-1,-1,-1,-1,-1,-1,820,-1,-1,0,0,0,0,0,0,0,0,0,0,0,0,0,0,0,0,0,0,0,0,-1,-1,0,0,0,0,-1,-1,-1,-1,-1,-1,-1,-1,-1,-1,-1,-1,-1,-1,-1,-1,0,0,0,0,0,-1,0,0,0,-1,0,-1,[0|0|0|0|0|0|0|0]
52206,,647332,647332,-1,-1,-1,-1,-1,-1,-1,960,-1,-1,0,0,0,0,0,0,0,0,0,0,0,0,0,0,0,0,0,0,0,0,-1,-1,0,0,0,0,-1,-1,-1,-1,-1,-1,-1,-1,-1,-1,-1,-1,-1,-1,-1,-1,0,0,0,0,0,-1,0,0,0,-1,0,-1,[0|0|0|0|0|0|0|0]
52207,,-1,-1,-1,-1,-1,-1,-1,-1,-1,-1,-1,-1,0,0,0,0,0,0,1,1,1,1,0,0,0,0,0,0,0,0,0,0,-1,-1,0,0,0,0,-1,-1,-1,-1,-1,-1,-1,-1,-1,-1,-1,-1,-1,-1,-1,-1,0,0,0,0,0,-1,0,0,0,-1,0,-1,[0|0|0|0|0|0|0|0]
52230,,4500,340000001,-1,-1,-1,-1,-1,-1,-1,905,-1,-1,0,0,0,0,0,0,0,0,0,0,0,0,0,0,0,0,0,0,0,0,-1,-1,0,0,0,0,-1,-1,-1,-1,-1,-1,-1,-1,-1,-1,-1,-1,-1,-1,-1,-1,0,0,0,0,0,-1,0,0,0,-1,0,-1,[0|0|0|0|0|0|0|0]
52231,,634030,-1,-1,-1,-1,-1,-1,-1,-1,13,-1,-1,0,0,0,0,0,0,0,0,0,0,0,0,0,0,0,0,0,0,0,0,-1,-1,0,0,0,0,-1,-1,-1,-1,-1,-1,-1,-1,-1,-1,-1,-1,-1,-1,-1,-1,0,0,0,0,0,-1,0,0,0,-1,0,-1,[0|0|0|0|0|0|0|0]
52232,,634035,-1,-1,-1,-1,-1,-1,-1,-1,22,-1,-1,0,0,0,0,0,0,0,0,0,0,0,0,0,0,0,0,0,0,0,0,-1,-1,0,0,0,0,-1,-1,-1,-1,-1,-1,-1,-1,-1,-1,-1,-1,-1,-1,-1,-1,0,0,0,0,0,-1,0,0,0,-1,0,-1,[0|0|0|0|0|0|0|0]
52233,,634036,-1,-1,-1,-1,-1,-1,-1,-1,32,-1,-1,0,0,0,0,0,0,0,0,0,0,0,0,0,0,0,0,0,0,0,0,-1,-1,0,0,0,0,-1,-1,-1,-1,-1,-1,-1,-1,-1,-1,-1,-1,-1,-1,-1,-1,0,0,0,0,0,-1,0,0,0,-1,0,-1,[0|0|0|0|0|0|0|0]
52250,,-1,210010002,-1,210010000,-1,-1,-1,-1,-1,-1,-1,-1,0,0,3,10,0,0,0,1,0,0,0,0,0,0,0,0,0,0,0,0,-1,-1,0,0,0,0,-1,-1,-1,-1,-1,-1,-1,-1,-1,-1,-1,-1,-1,-1,-1,-1,0,0,0,0,0,-1,0,0,0,-1,0,-1,[0|0|0|0|0|0|0|0]
52251,,-1,210010003,-1,210010001,-1,-1,-1,-1,-1,-1,-1,-1,0,0,3,5,0,0,0,0,0,0,0,0,0,0,0,0,0,0,0,0,-1,-1,0,0,0,0,-1,-1,-1,-1,-1,-1,-1,-1,-1,-1,-1,-1,-1,-1,-1,-1,0,0,0,0,0,-1,0,0,0,-1,0,-1,[0|0|0|0|0|0|0|0]
52252,,-1,210010002,-1,210010000,-1,-1,20,19,-1,-1,-1,-1,0,0,3,10,0,0,0,1,0,0,0,0,0,0,0,0,0,0,0,0,-1,-1,0,0,0,0,-1,-1,-1,-1,-1,-1,-1,-1,-1,-1,-1,-1,-1,-1,-1,-1,0,0,0,0,0,-1,0,0,0,-1,0,-1,[0|0|0|0|0|0|0|0]
52300,,-1,-1,-1,-1,-1,-1,-1,-1,-1,-1,-1,-1,0,0,0,0,0,0,0,0,0,0,0,0,0,0,0,0,0,1,0,0,-1,-1,0,0,0,0,-1,-1,-1,-1,-1,-1,-1,-1,-1,-1,-1,-1,-1,-1,-1,-1,0,0,0,0,0,1004,0,1,2.5,-1,0,-1,[0|0|0|0|0|0|0|0]
52301,,644620,-1,-1,-1,-1,-1,-1,-1,-1,907,-1,-1,0,0,0,0,0,0,0,0,0,0,0,0,0,0,0,0,0,0,0,0,-1,-1,0,0,0,0,-1,-1,-1,-1,-1,-1,-1,-1,-1,-1,-1,-1,-1,-1,-1,-1,0,0,0,0,0,-1,0,0,0,-1,0,-1,[0|0|0|0|0|0|0|0]
52302,,-1,-1,-1,-1,-1,-1,-1,-1,-1,-1,-1,-1,0,0,0,0,0,0,0,0,0,0,0,0,0,0,0,0,0,1,0,0,-1,-1,0,0,0,0,-1,-1,-1,-1,-1,-1,-1,-1,-1,-1,-1,-1,-1,-1,-1,-1,0,0,0,0,0,10000,1,0.3,1,-1,0,-1,[0|0|0|0|0|0|0|0]
52303,,644651,-1,-1,-1,-1,-1,-1,-1,-1,70,-1,-1,0,0,0,0,0,0,0,0,0,0,0,0,0,0,0,0,0,0,0,0,-1,-1,0,0,0,0,-1,-1,-1,-1,-1,-1,-1,-1,-1,-1,-1,-1,-1,-1,-1,-1,0,0,0,0,0,-1,0,0,0,-1,0,-1,[0|0|0|0|0|0|0|0]
52304,,644650,-1,-1,-1,-1,-1,-1,-1,-1,7,-1,-1,0,0,0,0,0,0,0,0,0,0,0,0,0,0,0,0,0,0,0,0,-1,-1,0,0,0,0,-1,-1,-1,-1,-1,-1,-1,-1,-1,-1,-1,-1,-1,-1,-1,-1,0,0,0,0,0,-1,0,0,0,-1,0,-1,[0|0|0|0|0|0|0|0]
52350,,620430,-1,-1,-1,620431,620431,-1,-1,-1,10,-1,10,0,0,0,0,0,0,0,0,0,0,0,0,0,0,0,0,0,0,0,0,-1,-1,0,0,0,0,-1,-1,-1,-1,-1,-1,-1,-1,-1,-1,-1,-1,-1,-1,-1,-1,0,0,0,0,0,-1,0,0,0,-1,0,-1,[0|0|0|0|0|0|0|0]
52351,,620307,203000002,-1,203000001,-1,203000003,-1,-1,-1,10,-1,-1,0,0,0,0,0,0,0,0,0,0,0,0,0,0,0,0,0,0,0,0,-1,-1,0,0,0,0,-1,-1,-1,-1,-1,-1,-1,-1,-1,-1,-1,-1,-1,-1,-1,-1,0,0,0,0,0,-1,0,0,0,-1,0,-1,[0|0|0|0|0|0|0|0]
52352,,620410,-1,-1,-1,-1,-1,-1,-1,-1,20,-1,-1,0,0,0,0,0,0,0,0,0,0,0,0,0,0,0,0,0,0,0,0,-1,-1,0,0,0,0,-1,-1,-1,-1,-1,-1,-1,-1,-1,-1,-1,-1,-1,-1,-1,-1,0,0,0,0,0,-1,0,0,0,-1,0,-1,[0|0|0|0|0|0|0|0]
52353,,620410,-1,-1,-1,-1,-1,-1,-1,-1,21,-1,-1,0,0,0,0,0,0,0,0,0,0,0,0,0,0,0,0,0,0,0,0,-1,-1,0,0,0,0,-1,-1,-1,-1,-1,-1,-1,-1,-1,-1,-1,-1,-1,-1,-1,-1,0,0,0,0,0,-1,0,0,0,-1,0,-1,[0|0|0|0|0|0|0|0]
52354,,620307,203000002,-1,203000001,620308,-1,-1,-1,-1,240,-1,240,0,0,0,0,0,0,0,0,0,0,0,0,0,0,0,0,0,0,0,0,-1,-1,0,0,0,0,-1,-1,-1,-1,-1,-1,-1,-1,-1,-1,-1,-1,-1,-1,-1,-1,0,0,0,0,0,-1,0,0,0,-1,0,-1,[0|0|0|0|0|0|0|0]
52355,,620309,203000002,-1,203000001,-1,203000005,-1,-1,-1,10,-1,-1,0,0,0,0,0,0,0,0,0,0,0,0,0,0,0,0,0,0,0,0,-1,-1,0,0,0,0,-1,-1,-1,-1,-1,-1,-1,-1,-1,-1,-1,-1,-1,-1,-1,-1,0,0,0,0,0,-1,0,0,0,-1,0,-1,[0|0|0|0|0|0|0|0]
52356,,620310,203000009,-1,203000001,620308,203000006,-1,-1,-1,10,-1,10,0,0,0,0,0,0,0,0,0,0,0,0,0,0,0,0,0,0,0,0,-1,-1,0,0,0,0,-1,-1,-1,-1,-1,-1,-1,-1,-1,-1,-1,-1,-1,-1,-1,-1,0,0,0,0,0,-1,0,0,0,-1,0,-1,[0|0|0|0|0|0|0|0]
52357,,-1,-1,-1,-1,-1,-1,-1,-1,-1,-1,-1,-1,0,0,0,0,0,0,0,0,0,0,0,0,0,0,0,0,0,1,0,0,-1,-1,0,0,0,0,-1,-1,-1,-1,-1,-1,-1,-1,-1,-1,-1,-1,-1,-1,-1,-1,0,2,0,0,230,-1,0,0,0,-1,0,-1,[0|0|0|0|0|0|0|0]
52358,,620311,203000009,-1,-1,-1,203000004,-1,-1,-1,10,-1,-1,0,0,0,0,0,0,0,0,0,0,0,0,0,0,0,0,0,0,0,0,-1,-1,0,0,0,0,-1,-1,-1,-1,-1,-1,-1,-1,-1,-1,-1,-1,-1,-1,-1,-1,0,0,0,0,0,-1,0,0,0,-1,0,-1,[0|0|0|0|0|0|0|0]
52359,,620307,203000002,-1,203000001,620308,-1,-1,-1,-1,240,-1,240,0,0,0,0,0,0,0,0,0,0,0,0,0,0,0,0,0,0,0,0,-1,-1,0,0,0,0,-1,-1,-1,-1,-1,-1,-1,-1,-1,-1,-1,-1,-1,-1,-1,-1,0,0,0,0,0,-1,0,0,0,-1,0,-1,[0|0|0|0|0|0|0|0]
52390,,620410,-1,-1,-1,-1,-1,-1,-1,-1,240,-1,-1,0,0,0,0,0,0,0,0,0,0,0,0,0,0,0,0,0,0,0,0,-1,-1,0,0,0,0,-1,-1,-1,-1,-1,-1,-1,-1,-1,-1,-1,-1,-1,-1,-1,-1,0,0,0,0,0,-1,0,0,0,-1,0,-1,[0|0|0|0|0|0|0|0]
52391,,638505,-1,-1,-1,-1,-1,-1,-1,-1,240,-1,-1,0,0,0,0,0,0,0,0,0,0,0,0,0,0,0,0,0,0,0,0,-1,-1,0,0,0,0,-1,-1,-1,-1,-1,-1,-1,-1,-1,-1,-1,-1,-1,-1,-1,-1,0,0,0,0,0,-1,0,0,0,-1,0,-1,[0|0|0|0|0|0|0|0]
52392,,638530,-1,-1,-1,-1,-1,-1,-1,-1,240,-1,-1,0,0,0,0,0,0,0,0,0,0,0,0,0,0,0,0,0,0,0,0,-1,-1,0,0,0,0,-1,-1,-1,-1,-1,-1,-1,-1,-1,-1,-1,-1,-1,-1,-1,-1,0,0,0,0,0,-1,0,0,0,-1,0,-1,[0|0|0|0|0|0|0|0]
52393,,638531,-1,-1,-1,-1,-1,-1,-1,-1,240,-1,-1,0,0,0,0,0,0,0,0,0,0,0,0,0,0,0,0,0,0,0,0,-1,-1,0,0,0,0,-1,-1,-1,-1,-1,-1,-1,-1,-1,-1,-1,-1,-1,-1,-1,-1,0,0,0,0,0,-1,0,0,0,-1,0,-1,[0|0|0|0|0|0|0|0]
52400,,620150,-1,-1,-1,-1,-1,-1,-1,-1,199,-1,-1,0,0,0,0,0,0,0,0,0,0,0,0,0,0,0,0,0,0,0,0,-1,-1,0,0,0,0,-1,-1,-1,-1,-1,-1,-1,-1,-1,-1,-1,-1,-1,-1,-1,-1,0,0,0,0,0,-1,0,0,0,-1,0,-1,[0|0|0|0|0|0|0|0]
52401,,620141,-1,-1,-1,-1,-1,-1,-1,-1,908,-1,-1,0,0,0,0,0,0,0,0,0,0,0,0,0,0,0,0,0,0,0,0,-1,-1,0,0,0,0,-1,-1,-1,-1,-1,-1,-1,-1,-1,-1,-1,-1,-1,-1,-1,-1,0,0,0,0,0,-1,0,0,0,-1,0,-1,[0|0|0|0|0|0|0|0]
52402,,-1,-1,-1,-1,-1,-1,-1,-1,-1,-1,-1,-1,0,0,0,0,0,0,0,0,0,0,0,0,0,0,0,0,0,1,0,0,-1,-1,0,0,0,0,-1,-1,-1,-1,-1,-1,-1,-1,-1,-1,-1,-1,-1,-1,-1,-1,0,2,0,0,60,-1,0,0,0,-1,0,-1,[0|0|0|0|0|0|0|0]
52403,,620190,-1,-1,-1,-1,-1,-1,-1,-1,10,-1,-1,0,0,0,0,0,0,0,0,0,0,0,0,0,0,0,0,0,0,0,0,-1,-1,0,0,0,0,-1,-1,-1,-1,-1,-1,-1,-1,-1,-1,-1,-1,-1,-1,-1,-1,0,0,0,0,0,-1,0,0,0,-1,0,-1,[0|0|0|0|0|0|0|0]
52420,,638620,-1,-1,-1,-1,-1,-1,-1,-1,240,-1,-1,0,0,0,0,0,0,0,0,0,0,0,0,0,0,0,0,0,0,0,0,-1,-1,0,0,0,0,-1,-1,-1,-1,-1,-1,-1,-1,-1,-1,-1,-1,-1,-1,-1,-1,0,0,0,0,0,-1,0,0,0,-1,0,-1,[0|0|0|0|0|0|0|0]
52421,,638621,-1,-1,-1,-1,-1,-1,-1,-1,240,-1,-1,0,0,0,0,0,0,0,0,0,0,0,0,0,0,0,0,0,0,0,0,-1,-1,0,0,0,0,-1,-1,-1,-1,-1,-1,-1,-1,-1,-1,-1,-1,-1,-1,-1,-1,0,0,0,0,0,-1,0,0,0,-1,0,-1,[0|0|0|0|0|0|0|0]
52450,,4500,-1,300541,-1,-1,-1,-1,-1,-1,905,905,-1,0,0,0,0,1,0,0,0,0,0,0,0,0,0,0,0,0,0,0,0,-1,-1,0,0,0,0,-1,-1,-1,-1,-1,-1,-1,-1,-1,-1,-1,-1,-1,-1,-1,-1,0,0,0,0,0,-1,0,0,0,-1,0,-1,[0|0|0|0|0|0|0|0]
52451,,-1,-1,-1,-1,-1,-1,-1,-1,-1,220,-1,-1,0,0,0,0,0,0,0,0,0,0,0,0,0,0,0,0,0,0,0,0,-1,-1,0,0,0,0,-1,-1,-1,-1,-1,-1,-1,-1,-1,-1,-1,-1,-1,-1,-1,-1,0,0,0,0,0,-1,0,0,0,-1,0,-1,[0|0|0|0|0|0|0|0]
52452,,4530,-1,300561,-1,-1,-1,-1,-1,-1,905,905,-1,0,0,0,0,1,0,0,0,0,0,0,0,0,0,0,0,0,0,0,0,-1,-1,0,0,0,0,-1,-1,-1,-1,-1,-1,-1,-1,-1,-1,-1,-1,-1,-1,-1,-1,0,0,0,0,0,-1,0,0,0,-1,0,-1,[0|0|0|0|0|0|0|0]
52453,,637040,-1,-1,-1,-1,-1,-1,-1,-1,220,-1,-1,0,0,0,0,0,0,0,0,0,0,0,0,0,0,0,0,0,0,0,0,-1,-1,0,0,0,0,-1,-1,-1,-1,-1,-1,-1,-1,-1,-1,-1,-1,-1,-1,-1,-1,0,0,0,0,0,-1,0,0,0,-1,0,-1,[0|0|0|0|0|0|0|0]
52454,,637006,-1,-1,-1,-1,-1,-1,-1,-1,220,-1,-1,0,0,0,0,0,0,0,0,0,0,0,0,0,0,0,0,0,0,0,0,-1,-1,0,0,0,0,-1,-1,-1,-1,-1,-1,-1,-1,-1,-1,-1,-1,-1,-1,-1,-1,0,0,0,0,0,-1,0,0,0,-1,0,-1,[0|0|0|0|0|0|0|0]
52455,,637007,637007,-1,-1,-1,-1,-1,-1,-1,220,-1,-1,0,0,0,0,0,0,0,0,0,0,0,0,0,0,0,0,0,1,0,0,-1,-1,0,0,0,0,-1,-1,-1,-1,-1,-1,-1,-1,-1,-1,-1,-1,-1,-1,-1,-1,0,0,0,0,0,-1,0,0,0,-1,0,-1,[0|0|0|0|0|0|0|0]
52456,,4750,300541,-1,-1,-1,-1,-1,-1,-1,905,-1,-1,0,0,0,0,1,0,0,0,0,0,0,0,0,0,0,0,0,0,0,0,-1,-1,0,0,0,0,-1,-1,-1,-1,-1,-1,-1,-1,-1,-1,-1,-1,-1,-1,-1,-1,0,0,0,0,0,-1,0,0,0,-1,0,-1,[0|0|0|0|0|0|0|0]
52500,,625002,250001000,-1,-1,-1,-1,-1,-1,-1,100,-1,-1,0,0,0,0,0,0,0,0,0,0,0,0,0,0,0,0,0,0,0,0,-1,-1,0,0,0,0,-1,-1,-1,-1,-1,-1,-1,-1,-1,-1,-1,-1,-1,-1,-1,-1,0,0,0,0,0,-1,0,0,0,-1,0,-1,[0|0|0|0|0|0|0|0]
52501,,625002,250001000,-1,-1,-1,-1,-1,-1,-1,101,-1,-1,0,0,0,0,0,0,0,0,0,0,0,0,0,0,0,0,0,0,0,0,-1,-1,0,0,0,0,-1,-1,-1,-1,-1,-1,-1,-1,-1,-1,-1,-1,-1,-1,-1,-1,0,0,0,0,0,-1,0,0,0,-1,0,-1,[0|0|0|0|0|0|0|0]
52502,,625002,250001000,-1,-1,-1,-1,-1,-1,-1,104,-1,-1,0,0,0,0,0,0,0,0,0,0,0,0,0,0,0,0,0,0,0,0,-1,-1,0,0,0,0,-1,-1,-1,-1,-1,-1,-1,-1,-1,-1,-1,-1,-1,-1,-1,-1,0,0,0,0,0,-1,0,0,0,-1,0,-1,[0|0|0|0|0|0|0|0]
52503,,625002,250001000,-1,-1,-1,-1,-1,-1,-1,102,-1,-1,0,0,0,0,0,0,0,0,0,0,0,0,0,0,0,0,0,0,0,0,-1,-1,0,0,0,0,-1,-1,-1,-1,-1,-1,-1,-1,-1,-1,-1,-1,-1,-1,-1,-1,0,0,0,0,0,-1,0,0,0,-1,0,-1,[0|0|0|0|0|0|0|0]
52504,,625002,250001000,-1,-1,-1,-1,-1,-1,-1,103,-1,-1,0,0,0,0,0,0,0,0,0,0,0,0,0,0,0,0,0,0,0,0,-1,-1,0,0,0,0,-1,-1,-1,-1,-1,-1,-1,-1,-1,-1,-1,-1,-1,-1,-1,-1,0,0,0,0,0,-1,0,0,0,-1,0,-1,[0|0|0|0|0|0|0|0]
52507,,625095,-1,-1,-1,-1,-1,-1,-1,-1,199,-1,-1,0,0,0,0,0,0,0,0,0,0,0,0,0,0,0,0,0,0,0,0,-1,-1,0,0,0,0,-1,-1,-1,-1,-1,-1,-1,-1,-1,-1,-1,-1,-1,-1,-1,-1,0,0,0,0,0,-1,0,0,0,-1,0,-1,[0|0|0|0|0|0|0|0]
52508,,625096,-1,-1,-1,-1,-1,-1,-1,-1,300,-1,-1,0,0,0,0,0,0,0,0,0,0,0,0,0,0,0,0,0,0,0,0,-1,-1,0,0,0,0,-1,-1,-1,-1,-1,-1,-1,-1,-1,-1,-1,-1,-1,-1,-1,-1,0,0,0,0,0,-1,0,0,0,-1,0,-1,[0|0|0|0|0|0|0|0]
52510,,640901,-1,-1,-1,-1,-1,-1,-1,-1,199,-1,-1,0,0,0,0,0,0,0,0,0,0,0,0,0,0,0,0,0,0,0,0,-1,-1,0,0,0,0,-1,-1,-1,-1,-1,-1,-1,-1,-1,-1,-1,-1,-1,-1,-1,-1,0,0,0,0,0,-1,0,0,0,-1,0,-1,[0|0|0|0|0|0|0|0]
52520,,640801,-1,-1,-1,-1,-1,-1,-1,-1,199,-1,-1,0,0,0,0,0,0,0,0,0,0,0,0,0,0,0,0,0,0,0,0,-1,-1,0,0,0,0,-1,-1,-1,-1,-1,-1,-1,-1,-1,-1,-1,-1,-1,-1,-1,-1,0,0,0,0,0,-1,0,0,0,-1,0,-1,[0|0|0|0|0|0|0|0]
52530,,4225,370000041,-1,-1,-1,-1,-1,-1,-1,845,-1,-1,0,0,0,0,0,0,0,0,0,0,0,0,0,0,0,0,0,0,0,0,-1,-1,0,0,0,0,-1,-1,-1,-1,-1,-1,-1,-1,-1,-1,-1,-1,-1,-1,-1,-1,0,0,0,0,0,-1,0,0,0,-1,0,-1,[0|0|0|0|0|0|0|0]
52531,,4225,370000041,-1,-1,-1,-1,-1,-1,-1,845,-1,-1,0,0,0,0,0,0,0,0,0,0,0,0,0,0,0,0,0,0,0,0,-1,-1,0,0,0,0,-1,-1,-1,-1,-1,-1,-1,-1,-1,-1,-1,-1,-1,-1,-1,-1,0,0,0,0,0,-1,0,0,0,-1,0,-1,[0|0|0|0|0|0|0|0]
52550,,636610,-1,-1,-1,-1,-1,-1,-1,-1,30,-1,-1,0,0,0,0,0,0,0,0,0,0,0,0,0,0,0,0,0,0,0,0,-1,-1,0,0,0,0,-1,-1,-1,-1,-1,-1,-1,-1,-1,-1,-1,-1,-1,-1,-1,-1,0,0,0,0,0,-1,0,0,0,-1,0,-1,[0|0|0|0|0|0|0|0]
52551,,636611,-1,-1,-1,-1,-1,-1,-1,-1,30,-1,-1,0,0,0,0,0,0,0,0,0,0,0,0,0,0,0,0,0,0,0,0,-1,-1,0,0,0,0,-1,-1,-1,-1,-1,-1,-1,-1,-1,-1,-1,-1,-1,-1,-1,-1,0,0,0,0,0,-1,0,0,0,-1,0,-1,[0|0|0|0|0|0|0|0]
52552,,636620,-1,-1,-1,-1,-1,-1,-1,-1,220,-1,-1,0,0,0,0,0,0,0,0,0,0,0,0,0,0,0,0,0,0,0,0,-1,-1,0,0,0,0,-1,-1,-1,-1,-1,-1,-1,-1,-1,-1,-1,-1,-1,-1,-1,-1,0,0,0,0,0,-1,0,0,0,-1,0,-1,[0|0|0|0|0|0|0|0]
52553,,636612,-1,-1,-1,-1,-1,-1,-1,-1,199,-1,-1,0,0,0,0,0,0,0,0,0,0,0,0,0,0,0,0,0,0,0,0,-1,-1,0,0,0,0,-1,-1,-1,-1,-1,-1,-1,-1,-1,-1,-1,-1,-1,-1,-1,-1,0,0,0,0,0,-1,0,0,0,-1,0,-1,[0|0|0|0|0|0|0|0]
52600,,632500,325201000,-1,-1,-1,-1,-1,-1,-1,31,-1,-1,0,0,0,0,0,0,0,0,0,0,0,0,0,0,0,0,0,0,0,0,-1,-1,0,0,0,0,-1,-1,-1,-1,-1,-1,-1,-1,-1,-1,-1,-1,-1,-1,-1,-1,0,0,0,0,0,-1,0,0,0,-1,0,-1,[0|0|0|0|0|0|0|0]
52650,,644830,391000002,-1,-1,-1,-1,-1,-1,-1,16,-1,-1,0,0,0,0,0,0,0,0,0,0,0,0,0,0,0,0,0,0,0,0,-1,-1,0,0,0,0,-1,-1,-1,-1,-1,-1,-1,-1,-1,-1,-1,-1,-1,-1,-1,-1,0,0,0,0,0,-1,0,0,0,-1,0,-1,[0|0|0|0|0|0|0|0]
52651,,644800,391000002,-1,-1,-1,-1,-1,-1,-1,16,-1,-1,0,0,0,0,0,0,0,0,0,0,0,0,0,0,0,0,0,0,0,0,-1,-1,0,0,0,0,-1,-1,-1,-1,-1,-1,-1,-1,-1,-1,-1,-1,-1,-1,-1,-1,0,0,0,0,0,-1,0,0,0,-1,0,-1,[0|0|0|0|0|0|0|0]
52670,,643240,-1,-1,-1,-1,-1,-1,-1,-1,11,-1,-1,0,0,0,0,0,0,0,0,0,0,0,0,0,0,0,0,0,0,1,0,-1,-1,0,0,10,0,10300,-1,11300,-1,10310,-1,11310,-1,10320,-1,11320,-1,10330,-1,11330,-1,0,0,0,0,0,-1,0,0,0,-1,0,-1,[0|0|0|0|0|0|0|0]
52671,,643240,-1,-1,-1,-1,-1,-1,-1,-1,11,-1,-1,0,0,0,0,0,0,0,0,0,0,0,0,0,0,0,0,0,0,1,0,-1,-1,0,0,10,0,10300,-1,11300,-1,10310,-1,11310,-1,10320,-1,11320,-1,10330,-1,11330,-1,0,0,0,0,0,-1,0,0,0,-1,0,-1,[0|0|0|0|0|0|0|0]
52672,,643240,-1,-1,-1,-1,-1,-1,-1,-1,11,-1,-1,0,0,0,0,0,0,0,0,0,0,0,0,0,0,0,0,0,0,1,0,-1,-1,0,0,10,0,10300,-1,11300,-1,10310,-1,11310,-1,10320,-1,11320,-1,10330,-1,11330,-1,0,0,0,0,0,-1,0,0,0,-1,0,-1,[0|0|0|0|0|0|0|0]
52700,,647520,475010001,-1,-1,-1,-1,-1,-1,-1,900,-1,-1,0,0,0,0,0,0,0,0,0,0,0,0,0,0,0,0,0,0,0,0,-1,-1,0,0,0,0,-1,-1,-1,-1,-1,-1,-1,-1,-1,-1,-1,-1,-1,-1,-1,-1,0,0,0,0,0,-1,0,0,0,-1,0,-1,[0|0|0|0|0|0|0|0]
52701,,647525,475010002,-1,-1,-1,-1,-1,-1,-1,900,-1,-1,0,0,0,0,0,0,0,0,0,0,0,0,0,0,0,0,0,0,0,0,-1,-1,0,0,0,0,-1,-1,-1,-1,-1,-1,-1,-1,-1,-1,-1,-1,-1,-1,-1,-1,0,0,0,0,0,-1,0,0,0,-1,0,-1,[0|0|0|0|0|0|0|0]
52702,,647526,475010003,-1,-1,-1,-1,-1,-1,-1,10,-1,-1,0,0,0,0,0,0,0,0,0,0,0,0,0,0,0,0,0,0,0,0,-1,-1,0,0,0,0,-1,-1,-1,-1,-1,-1,-1,-1,-1,-1,-1,-1,-1,-1,-1,-1,0,0,0,0,0,-1,0,0,0,-1,0,-1,[0|0|0|0|0|0|0|0]
52703,,647527,475010004,-1,-1,-1,-1,-1,-1,-1,10,-1,-1,0,0,0,0,0,0,0,0,0,0,0,0,0,0,0,0,0,0,0,0,-1,-1,0,0,0,0,-1,-1,-1,-1,-1,-1,-1,-1,-1,-1,-1,-1,-1,-1,-1,-1,0,0,0,0,0,-1,0,0,0,-1,0,-1,[0|0|0|0|0|0|0|0]
52705,,647485,647485,-1,-1,-1,-1,-1,-1,-1,960,-1,-1,0,0,0,0,0,0,0,0,0,0,0,0,0,0,0,0,0,0,0,0,-1,-1,0,0,0,0,-1,-1,-1,-1,-1,-1,-1,-1,-1,-1,-1,-1,-1,-1,-1,-1,0,0,0,0,0,-1,0,0,0,-1,0,-1,[0|0|0|0|0|0|0|0]
52750,,644300,-1,-1,-1,-1,-1,-1,-1,-1,199,-1,-1,0,0,0,0,0,0,0,0,0,0,0,0,0,0,0,0,0,0,0,0,-1,-1,0,0,0,0,-1,-1,-1,-1,-1,-1,-1,-1,-1,-1,-1,-1,-1,-1,-1,-1,0,0,0,0,0,-1,0,0,0,-1,0,-1,[0|0|0|0|0|0|0|0]
52800,,621130,211001000,-1,-1,-1,-1,-1,-1,-1,301,-1,-1,0,0,0,0,0,0,0,0,0,0,0,0,0,0,0,0,0,0,0,0,-1,-1,0,0,0,0,-1,-1,-1,-1,-1,-1,-1,-1,-1,-1,-1,-1,-1,-1,-1,-1,0,0,0,0,0,-1,0,0,0,-1,0,-1,[0|0|0|0|0|0|0|0]
52801,,-1,-1,-1,-1,-1,-1,-1,-1,-1,-1,-1,-1,0,0,0,0,0,0,0,0,0,0,0,0,0,0,0,0,0,0,0,0,-1,-1,0,0,0,0,-1,-1,-1,-1,-1,-1,-1,-1,-1,-1,-1,-1,-1,-1,-1,-1,0,0,0,0,0,-1,0,0,0,-1,0,-1,[0|0|0|0|0|0|0|0]
52810,,631871,-1,-1,-1,-1,-1,-1,-1,-1,960,-1,-1,0,0,0,0,0,0,0,0,0,0,0,0,0,0,0,0,0,0,0,0,-1,-1,0,0,0,0,-1,-1,-1,-1,-1,-1,-1,-1,-1,-1,-1,-1,-1,-1,-1,-1,0,0,0,0,0,-1,0,0,0,-1,0,-1,[0|0|0|0|0|0|0|0]
52850,,645101,-1,-1,-1,-1,-1,-1,-1,-1,810,-1,-1,0,0,0,0,0,0,0,0,0,0,0,0,0,0,0,0,0,0,0,0,-1,-1,0,0,0,0,-1,-1,-1,-1,-1,-1,-1,-1,-1,-1,-1,-1,-1,-1,-1,-1,0,0,0,0,0,-1,0,0,0,-1,0,-1,[0|0|0|0|0|0|0|0]
52851,,645102,-1,-1,-1,-1,-1,-1,-1,-1,811,-1,-1,0,0,0,0,0,0,0,0,0,0,0,0,0,0,0,0,0,0,0,0,-1,-1,0,0,0,0,-1,-1,-1,-1,-1,-1,-1,-1,-1,-1,-1,-1,-1,-1,-1,-1,0,0,0,0,0,-1,0,0,0,-1,0,-1,[0|0|0|0|0|0|0|0]
52852,,645103,-1,-1,-1,-1,-1,-1,-1,-1,812,-1,-1,0,0,0,0,0,0,0,0,0,0,0,0,0,0,0,0,0,0,0,0,-1,-1,0,0,0,0,-1,-1,-1,-1,-1,-1,-1,-1,-1,-1,-1,-1,-1,-1,-1,-1,0,0,0,0,0,-1,0,0,0,-1,0,-1,[0|0|0|0|0|0|0|0]
52853,,645100,-1,-1,-1,-1,-1,-1,-1,-1,907,-1,-1,0,0,0,0,0,0,0,0,0,0,0,0,0,0,0,0,0,0,0,0,-1,-1,0,0,0,0,-1,-1,-1,-1,-1,-1,-1,-1,-1,-1,-1,-1,-1,-1,-1,-1,0,0,0,0,0,-1,0,0,0,-1,0,-1,[0|0|0|0|0|0|0|0]
52860,,-1,-1,-1,-1,-1,-1,-1,-1,-1,-1,-1,-1,0,0,0,0,0,0,0,0,0,0,0,0,0,0,0,0,0,0,0,0,-1,-1,0,0,0,0,-1,-1,-1,-1,-1,-1,-1,-1,-1,-1,-1,-1,-1,-1,-1,-1,0,0,0,0,0,-1,0,0,0,-1,0,-1,[0|0|0|0|0|0|0|0]
52870,,645100,-1,-1,-1,-1,-1,-1,-1,-1,907,-1,-1,0,0,0,0,0,0,0,0,0,0,0,0,0,0,0,0,0,0,0,0,-1,-1,0,0,0,0,-1,-1,-1,-1,-1,-1,-1,-1,-1,-1,-1,-1,-1,-1,-1,-1,0,0,0,0,0,-1,0,0,0,-1,0,-1,[0|0|0|0|0|0|0|0]
52880,,645105,-1,-1,-1,-1,-1,-1,-1,-1,908,-1,-1,0,0,0,0,0,0,0,0,0,0,0,0,0,0,0,0,0,0,0,0,-1,-1,0,0,0,0,-1,-1,-1,-1,-1,-1,-1,-1,-1,-1,-1,-1,-1,-1,-1,-1,0,0,0,0,0,-1,0,0,0,-1,0,-1,[0|0|0|0|0|0|0|0]
52881,,645106,-1,-1,-1,-1,-1,-1,-1,-1,900,-1,-1,0,0,0,0,0,0,0,0,0,0,0,0,0,0,0,0,0,0,0,0,-1,-1,0,0,0,0,-1,-1,-1,-1,-1,-1,-1,-1,-1,-1,-1,-1,-1,-1,-1,-1,0,0,0,0,0,-1,0,0,0,-1,0,-1,[0|0|0|0|0|0|0|0]
52882,,645180,-1,-1,-1,-1,-1,-1,-1,-1,220,-1,-1,0,0,0,0,0,0,0,0,0,0,0,0,0,0,0,0,0,0,0,0,-1,-1,0,0,0,0,-1,-1,-1,-1,-1,-1,-1,-1,-1,-1,-1,-1,-1,-1,-1,-1,0,0,0,0,0,-1,0,0,0,-1,0,-1,[0|0|0|0|0|0|0|0]
52900,,645530,-1,-1,-1,-1,-1,-1,-1,-1,199,-1,-1,0,0,0,0,0,0,0,0,0,0,0,0,0,0,0,0,0,0,0,0,-1,-1,0,0,0,0,-1,-1,-1,-1,-1,-1,-1,-1,-1,-1,-1,-1,-1,-1,-1,-1,0,0,0,0,0,-1,0,0,0,-1,0,-1,[0|0|0|0|0|0|0|0]
52901,,-1,-1,-1,-1,-1,-1,-1,-1,-1,-1,-1,-1,0,0,0,0,0,0,0,0,0,0,0,0,0,0,0,0,0,0,0,0,-1,-1,0,0,0,0,-1,-1,-1,-1,-1,-1,-1,-1,-1,-1,-1,-1,-1,-1,-1,-1,0,0,0,0,0,-1,0,0,0,-1,0,-1,[0|0|0|0|0|0|0|0]
52950,,647600,476001000,-1,-1,-1,-1,-1,-1,-1,820,-1,-1,0,0,0,0,0,0,0,0,0,0,0,0,0,0,0,0,0,0,0,0,-1,-1,0,0,0,0,-1,-1,-1,-1,-1,-1,-1,-1,-1,-1,-1,-1,-1,-1,-1,-1,0,0,0,0,0,-1,0,0,0,-1,0,-1,[0|0|0|0|0|0|0|0]
52951,,647601,476001000,-1,-1,-1,-1,-1,-1,-1,825,-1,-1,0,0,0,0,0,0,0,0,0,0,0,0,0,0,0,0,0,0,0,0,-1,-1,0,0,0,0,-1,-1,-1,-1,-1,-1,-1,-1,-1,-1,-1,-1,-1,-1,-1,-1,0,0,0,0,0,-1,0,0,0,-1,0,-1,[0|0|0|0|0|0|0|0]
52952,,647602,476001000,-1,-1,-1,-1,-1,-1,-1,827,-1,-1,0,0,0,0,0,0,0,0,0,0,0,0,0,0,0,0,0,0,0,0,-1,-1,0,0,0,0,-1,-1,-1,-1,-1,-1,-1,-1,-1,-1,-1,-1,-1,-1,-1,-1,0,0,0,0,0,-1,0,0,0,-1,0,-1,[0|0|0|0|0|0|0|0]
52960,,647600,476001000,-1,-1,-1,-1,-1,-1,-1,821,-1,-1,0,0,0,0,0,0,0,0,0,0,0,0,0,0,0,0,0,0,0,0,-1,-1,0,0,0,0,-1,-1,-1,-1,-1,-1,-1,-1,-1,-1,-1,-1,-1,-1,-1,-1,0,0,0,0,0,-1,0,0,0,-1,0,-1,[0|0|0|0|0|0|0|0]
52961,,647601,476001000,-1,-1,-1,-1,-1,-1,-1,826,-1,-1,0,0,0,0,0,0,0,0,0,0,0,0,0,0,0,0,0,0,0,0,-1,-1,0,0,0,0,-1,-1,-1,-1,-1,-1,-1,-1,-1,-1,-1,-1,-1,-1,-1,-1,0,0,0,0,0,-1,0,0,0,-1,0,-1,[0|0|0|0|0|0|0|0]
52962,,647602,476001000,-1,-1,-1,-1,-1,-1,-1,828,-1,-1,0,0,0,0,0,0,0,0,0,0,0,0,0,0,0,0,0,0,0,0,-1,-1,0,0,0,0,-1,-1,-1,-1,-1,-1,-1,-1,-1,-1,-1,-1,-1,-1,-1,-1,0,0,0,0,0,-1,0,0,0,-1,0,-1,[0|0|0|0|0|0|0|0]
52970,,-1,-1,-1,-1,-1,-1,-1,-1,-1,-1,-1,-1,0,0,0,0,0,0,0,0,0,0,0,0,0,0,0,0,0,1,0,0,-1,-1,0,0,0,0,-1,-1,-1,-1,-1,-1,-1,-1,-1,-1,-1,-1,-1,-1,-1,-1,0,0,0,0,0,1006,0.3,0.37,0.2,-1,0,-1,[0|0|0|0|0|0|0|0]
52971,,-1,-1,-1,-1,-1,-1,-1,-1,-1,-1,-1,-1,0,0,0,0,0,0,0,0,0,0,0,0,0,0,0,0,0,1,0,0,-1,-1,0,0,0,0,-1,-1,-1,-1,-1,-1,-1,-1,-1,-1,-1,-1,-1,-1,-1,-1,0,0,0,0,0,1006,0.37,0.44,0.2,-1,0,-1,[0|0|0|0|0|0|0|0]
52972,,-1,-1,-1,-1,-1,-1,-1,-1,-1,-1,-1,-1,0,0,0,0,0,0,0,0,0,0,0,0,0,0,0,0,0,1,0,0,-1,-1,0,0,0,0,-1,-1,-1,-1,-1,-1,-1,-1,-1,-1,-1,-1,-1,-1,-1,-1,0,0,0,0,0,1006,0.44,0.51,0.2,-1,0,-1,[0|0|0|0|0|0|0|0]
52973,,-1,-1,-1,-1,-1,-1,-1,-1,-1,-1,-1,-1,0,0,0,0,0,0,0,0,0,0,0,0,0,0,0,0,0,1,0,0,-1,-1,0,0,0,0,-1,-1,-1,-1,-1,-1,-1,-1,-1,-1,-1,-1,-1,-1,-1,-1,0,0,0,0,0,1006,0.51,0.58,0.2,-1,0,-1,[0|0|0|0|0|0|0|0]
52974,,-1,-1,-1,-1,-1,-1,-1,-1,-1,-1,-1,-1,0,0,0,0,0,0,0,0,0,0,0,0,0,0,0,0,0,1,0,0,-1,-1,0,0,0,0,-1,-1,-1,-1,-1,-1,-1,-1,-1,-1,-1,-1,-1,-1,-1,-1,0,0,0,0,0,1006,0.58,0.65,0.2,-1,0,-1,[0|0|0|0|0|0|0|0]
52975,,-1,-1,-1,-1,-1,-1,-1,-1,-1,-1,-1,-1,0,0,0,0,0,0,0,0,0,0,0,0,0,0,0,0,0,1,0,0,-1,-1,0,0,0,0,-1,-1,-1,-1,-1,-1,-1,-1,-1,-1,-1,-1,-1,-1,-1,-1,0,0,0,0,0,1006,0.65,0.72,0.2,-1,0,-1,[0|0|0|0|0|0|0|0]
52976,,-1,-1,-1,-1,-1,-1,-1,-1,-1,-1,-1,-1,0,0,0,0,0,0,0,0,0,0,0,0,0,0,0,0,0,1,0,0,-1,-1,0,0,0,0,-1,-1,-1,-1,-1,-1,-1,-1,-1,-1,-1,-1,-1,-1,-1,-1,0,0,0,0,0,1006,0.72,0.79,0.2,-1,0,-1,[0|0|0|0|0|0|0|0]
52977,,-1,-1,-1,-1,-1,-1,-1,-1,-1,-1,-1,-1,0,0,0,0,0,0,0,0,0,0,0,0,0,0,0,0,0,1,0,0,-1,-1,0,0,0,0,-1,-1,-1,-1,-1,-1,-1,-1,-1,-1,-1,-1,-1,-1,-1,-1,0,0,0,0,0,1006,0.86,0.93,0.2,-1,0,-1,[0|0|0|0|0|0|0|0]
52978,,-1,-1,-1,-1,-1,-1,-1,-1,-1,-1,-1,-1,0,0,0,0,0,0,0,0,0,0,0,0,0,0,0,0,0,1,0,0,-1,-1,0,0,0,0,-1,-1,-1,-1,-1,-1,-1,-1,-1,-1,-1,-1,-1,-1,-1,-1,0,0,0,0,0,1006,0.93,1,0.2,-1,0,-1,[0|0|0|0|0|0|0|0]
52980,,-1,-1,-1,-1,-1,-1,-1,-1,-1,-1,-1,-1,0,0,0,0,0,0,0,0,0,0,0,0,0,0,0,0,0,1,0,0,-1,-1,0,0,0,0,-1,-1,-1,-1,-1,-1,-1,-1,-1,-1,-1,-1,-1,-1,-1,-1,0,0,0,0,0,1007,0.3,0.37,0.2,-1,0,-1,[0|0|0|0|0|0|0|0]
52981,,-1,-1,-1,-1,-1,-1,-1,-1,-1,-1,-1,-1,0,0,0,0,0,0,0,0,0,0,0,0,0,0,0,0,0,1,0,0,-1,-1,0,0,0,0,-1,-1,-1,-1,-1,-1,-1,-1,-1,-1,-1,-1,-1,-1,-1,-1,0,0,0,0,0,1007,0.37,0.44,0.2,-1,0,-1,[0|0|0|0|0|0|0|0]
52982,,-1,-1,-1,-1,-1,-1,-1,-1,-1,-1,-1,-1,0,0,0,0,0,0,0,0,0,0,0,0,0,0,0,0,0,1,0,0,-1,-1,0,0,0,0,-1,-1,-1,-1,-1,-1,-1,-1,-1,-1,-1,-1,-1,-1,-1,-1,0,0,0,0,0,1007,0.44,0.51,0.2,-1,0,-1,[0|0|0|0|0|0|0|0]
52983,,-1,-1,-1,-1,-1,-1,-1,-1,-1,-1,-1,-1,0,0,0,0,0,0,0,0,0,0,0,0,0,0,0,0,0,1,0,0,-1,-1,0,0,0,0,-1,-1,-1,-1,-1,-1,-1,-1,-1,-1,-1,-1,-1,-1,-1,-1,0,0,0,0,0,1007,0.51,0.58,0.2,-1,0,-1,[0|0|0|0|0|0|0|0]
52984,,-1,-1,-1,-1,-1,-1,-1,-1,-1,-1,-1,-1,0,0,0,0,0,0,0,0,0,0,0,0,0,0,0,0,0,1,0,0,-1,-1,0,0,0,0,-1,-1,-1,-1,-1,-1,-1,-1,-1,-1,-1,-1,-1,-1,-1,-1,0,0,0,0,0,1007,0.58,0.65,0.2,-1,0,-1,[0|0|0|0|0|0|0|0]
52985,,-1,-1,-1,-1,-1,-1,-1,-1,-1,-1,-1,-1,0,0,0,0,0,0,0,0,0,0,0,0,0,0,0,0,0,1,0,0,-1,-1,0,0,0,0,-1,-1,-1,-1,-1,-1,-1,-1,-1,-1,-1,-1,-1,-1,-1,-1,0,0,0,0,0,1007,0.65,0.72,0.2,-1,0,-1,[0|0|0|0|0|0|0|0]
52986,,-1,-1,-1,-1,-1,-1,-1,-1,-1,-1,-1,-1,0,0,0,0,0,0,0,0,0,0,0,0,0,0,0,0,0,1,0,0,-1,-1,0,0,0,0,-1,-1,-1,-1,-1,-1,-1,-1,-1,-1,-1,-1,-1,-1,-1,-1,0,0,0,0,0,1007,0.72,0.79,0.2,-1,0,-1,[0|0|0|0|0|0|0|0]
52987,,-1,-1,-1,-1,-1,-1,-1,-1,-1,-1,-1,-1,0,0,0,0,0,0,0,0,0,0,0,0,0,0,0,0,0,1,0,0,-1,-1,0,0,0,0,-1,-1,-1,-1,-1,-1,-1,-1,-1,-1,-1,-1,-1,-1,-1,-1,0,0,0,0,0,1007,0.86,0.93,0.2,-1,0,-1,[0|0|0|0|0|0|0|0]
52988,,-1,-1,-1,-1,-1,-1,-1,-1,-1,-1,-1,-1,0,0,0,0,0,0,0,0,0,0,0,0,0,0,0,0,0,1,0,0,-1,-1,0,0,0,0,-1,-1,-1,-1,-1,-1,-1,-1,-1,-1,-1,-1,-1,-1,-1,-1,0,0,0,0,0,1007,0.93,1,0.2,-1,0,-1,[0|0|0|0|0|0|0|0]
53000,,-1,-1,-1,-1,-1,-1,-1,0,-1,-1,-1,-1,0,0,0,0,0,0,0,1,1,0,0,0,0,0,0,0,0,1,0,0,-1,-1,0,0,0,0,-1,-1,-1,-1,-1,-1,-1,-1,-1,-1,-1,-1,-1,-1,-1,-1,0,0,0,0,0,-1,0,0,0,-1,0,-1,[0|0|0|0|0|0|0|0]
53099,,-1,-1,-1,-1,-1,-1,-1,0,-1,-1,-1,-1,0,0,0,0,0,0,0,1,1,0,0,0,0,0,0,0,0,1,0,0,-1,-1,0,0,0,0,-1,-1,-1,-1,-1,-1,-1,-1,-1,-1,-1,-1,-1,-1,-1,-1,0,0,90,0,0,-1,0,0,0,-1,0,-1,[0|0|0|0|0|0|0|0]
53100,,643850,438100001,-1,-1,-1,-1,-1,-1,-1,800,-1,-1,0,0,0,0,0,0,0,0,0,0,0,0,0,0,0,0,0,0,0,0,-1,-1,0,0,0,0,-1,-1,-1,-1,-1,-1,-1,-1,-1,-1,-1,-1,-1,-1,-1,-1,0,0,0,0,0,-1,0,0,0,-1,0,-1,[0|0|0|0|0|0|0|0]
53101,,643868,-1,-1,-1,-1,-1,-1,-1,-1,199,-1,-1,0,0,0,0,0,0,0,0,0,0,0,0,0,0,0,0,0,0,0,0,-1,-1,0,0,0,0,-1,-1,-1,-1,-1,-1,-1,-1,-1,-1,-1,-1,-1,-1,-1,-1,0,0,0,0,0,-1,0,0,0,-1,0,-1,[0|0|0|0|0|0|0|0]
53102,,643853,438100002,-1,-1,-1,-1,-1,-1,-1,300,-1,-1,0,0,0,0,0,0,0,0,0,0,0,0,0,0,0,0,0,0,0,0,-1,-1,0,0,0,0,-1,-1,-1,-1,-1,-1,-1,-1,-1,-1,-1,-1,-1,-1,-1,-1,0,0,0,0,0,-1,0,0,0,-1,0,-1,[0|0|0|0|0|0|0|0]
53103,,643780,438100003,-1,-1,-1,-1,-1,-1,-1,800,-1,-1,0,0,0,0,0,0,0,0,0,0,0,0,0,0,0,0,0,0,0,0,-1,-1,0,0,0,0,-1,-1,-1,-1,-1,-1,-1,-1,-1,-1,-1,-1,-1,-1,-1,-1,0,0,0,0,0,-1,0,0,0,-1,0,-1,[0|0|0|0|0|0|0|0]
53104,,643789,438100002,-1,-1,-1,-1,-1,-1,-1,300,-1,-1,0,0,0,0,0,0,0,0,0,0,0,0,0,0,0,0,0,0,0,0,-1,-1,0,0,0,0,-1,-1,-1,-1,-1,-1,-1,-1,-1,-1,-1,-1,-1,-1,-1,-1,0,0,0,0,0,-1,0,0,0,-1,0,-1,[0|0|0|0|0|0|0|0]
53105,,4500,524402,525083,-1,-1,-1,-1,-1,-1,905,220,-1,0,0,3,45,0,0,0,0,0,0,0,0,0,0,0,0,0,0,0,0,-1,-1,0,0,0,0,-1,-1,-1,-1,-1,-1,-1,-1,-1,-1,-1,-1,-1,-1,-1,-1,0,0,0,0,0,-1,0,0,0,-1,0,-1,[0|0|0|0|0|0|0|0]
53150,,643820,-1,-1,-1,-1,-1,-1,-1,-1,20,-1,-1,0,0,0,0,0,0,0,0,0,0,0,0,0,0,0,0,0,0,0,0,-1,-1,0,0,0,0,-1,-1,-1,-1,-1,-1,-1,-1,-1,-1,-1,-1,-1,-1,-1,-1,0,0,0,0,0,-1,0,0,0,-1,0,-1,[0|0|0|0|0|0|0|0]
53151,,643821,-1,-1,-1,-1,-1,-1,-1,-1,20,-1,-1,0,0,0,0,0,0,0,0,0,0,0,0,0,0,0,0,0,0,0,0,-1,-1,0,0,0,0,-1,-1,-1,-1,-1,-1,-1,-1,-1,-1,-1,-1,-1,-1,-1,-1,0,0,0,0,0,-1,0,0,0,-1,0,-1,[0|0|0|0|0|0|0|0]
53200,,633210,-1,-1,-1,-1,-1,-1,-1,-1,930,-1,-1,0,0,0,0,0,0,0,0,0,0,0,0,0,0,0,0,0,0,0,0,-1,-1,0,0,0,0,-1,-1,-1,-1,-1,-1,-1,-1,-1,-1,-1,-1,-1,-1,-1,-1,0,0,0,0,0,-1,0,0,0,-1,0,-1,[0|0|0|0|0|0|0|0]
53201,,633230,-1,-1,-1,-1,-1,-1,-1,-1,220,-1,-1,0,0,0,0,0,0,0,0,0,0,0,0,0,0,0,0,0,0,0,0,-1,-1,0,0,0,0,-1,-1,-1,-1,-1,-1,-1,-1,-1,-1,-1,-1,-1,-1,-1,-1,0,0,0,0,0,-1,0,0,0,-1,0,-1,[0|0|0|0|0|0|0|0]
53202,,-1,-1,-1,-1,-1,-1,-1,-1,-1,0,-1,-1,0,0,7,5,0,0,0,0,0,0,0,0,0,0,1,0,0,1,0,0,-1,-1,0,0,0,0,-1,-1,-1,-1,-1,-1,-1,-1,-1,-1,-1,-1,-1,-1,-1,-1,0,0,0,18,0,-1,0,0,0,-1,0,-1,[0|0|0|0|0|0|0|0]
53210,,-1,-1,-1,-1,-1,-1,-1,-1,-1,-1,-1,-1,0,0,0,0,0,0,0,0,0,0,0,0,0,0,0,0,0,1,0,0,-1,-1,0,0,0,0,-1,-1,-1,-1,-1,-1,-1,-1,-1,-1,-1,-1,-1,-1,-1,-1,0,2,0,0,60,-1,0,0,0,-1,0,-1,[0|0|0|0|0|0|0|0]
53211,,600901,-1,-1,-1,-1,-1,-1,-1,-1,220,-1,-1,0,0,0,0,0,0,0,0,0,0,0,0,0,0,0,0,0,0,0,0,-1,-1,0,0,0,0,-1,-1,-1,-1,-1,-1,-1,-1,-1,-1,-1,-1,-1,-1,-1,-1,0,0,0,0,0,-1,0,0,0,-1,0,-1,[0|0|0|0|0|0|0|0]
53212,,-1,-1,-1,-1,-1,-1,-1,-1,-1,-1,-1,-1,0,0,0,0,0,0,0,0,0,0,0,0,0,0,0,0,0,1,0,0,-1,-1,0,0,0,0,-1,-1,-1,-1,-1,-1,-1,-1,-1,-1,-1,-1,-1,-1,-1,-1,0,2,0,0,62,-1,0,0,0,-1,0,-1,[0|0|0|0|0|0|0|0]
53213,,-1,-1,-1,-1,-1,-1,-1,-1,-1,-1,-1,-1,0,0,0,0,0,0,0,0,0,0,0,0,0,0,0,0,0,1,0,0,-1,-1,0,0,0,0,-1,-1,-1,-1,-1,-1,-1,-1,-1,-1,-1,-1,-1,-1,-1,-1,0,2,0,0,340,-1,0,0,0,-1,0,-1,[0|0|0|0|0|0|0|0]
53214,,803280,-1,-1,-1,-1,-1,-1,-1,-1,900,-1,-1,0,0,0,0,0,0,0,0,0,0,0,0,0,0,0,0,0,0,0,0,-1,-1,0,0,0,0,-1,-1,-1,-1,-1,-1,-1,-1,-1,-1,-1,-1,-1,-1,-1,-1,0,0,0,0,0,-1,0,0,0,-1,0,-1,[0|0|0|0|0|0|0|0]
53215,,7101,-1,-1,-1,-1,-1,-1,-1,-1,200,-1,-1,0,0,0,0,0,0,0,0,0,0,0,0,0,0,0,0,0,0,0,0,-1,-1,0,0,0,0,-1,-1,-1,-1,-1,-1,-1,-1,-1,-1,-1,-1,-1,-1,-1,-1,0,0,0,0,0,-1,0,0,0,-1,0,-1,[0|0|0|0|0|0|0|0]
53216,,-1,-1,-1,-1,-1,-1,-1,-1,-1,-1,-1,-1,0,0,0,0,0,0,0,0,0,0,0,0,0,0,0,0,0,1,0,0,-1,-1,0,0,0,0,-1,-1,-1,-1,-1,-1,-1,-1,-1,-1,-1,-1,-1,-1,-1,-1,0,2,0,0,240,-1,0,0,0,-1,0,-1,[0|0|0|0|0|0|0|0]
53217,,-1,-1,-1,-1,-1,-1,-1,-1,-1,-1,-1,-1,0,0,0,0,0,0,1,1,1,1,0,0,0,0,0,0,0,0,0,0,-1,-1,0,0,0,0,-1,-1,-1,-1,-1,-1,-1,-1,-1,-1,-1,-1,-1,-1,-1,-1,0,0,0,0,0,-1,0,0,0,-1,0,-1,[0|0|0|0|0|0|0|0]
53218,,600902,-1,-1,-1,-1,-1,-1,-1,-1,220,-1,-1,0,0,0,0,0,0,0,0,0,0,0,0,0,0,0,0,0,0,0,0,-1,-1,0,0,0,0,-1,-1,-1,-1,-1,-1,-1,-1,-1,-1,-1,-1,-1,-1,-1,-1,0,0,0,0,0,-1,0,0,0,-1,0,-1,[0|0|0|0|0|0|0|0]
53219,,-1,-1,-1,-1,-1,-1,-1,-1,-1,-1,-1,-1,0,0,0,0,0,0,0,0,0,0,0,0,0,0,0,0,0,1,0,0,-1,-1,0,0,0,0,-1,-1,-1,-1,-1,-1,-1,-1,-1,-1,-1,-1,-1,-1,-1,-1,0,2,0,0,350,-1,0,0,0,-1,0,-1,[0|0|0|0|0|0|0|0]
53220,,-1,-1,-1,-1,-1,-1,-1,-1,-1,-1,-1,-1,0,0,0,0,0,0,0,0,0,0,0,0,0,0,0,0,0,1,0,0,-1,-1,0,0,0,0,-1,-1,-1,-1,-1,-1,-1,-1,-1,-1,-1,-1,-1,-1,-1,-1,0,2,0,0,900,-1,0,0,0,-1,0,-1,[0|0|0|0|0|0|0|0]
53221,,-1,-1,-1,-1,-1,-1,-1,-1,-1,-1,-1,-1,0,0,0,0,0,0,0,0,0,0,0,0,0,0,0,0,0,1,0,0,-1,-1,0,0,0,0,-1,-1,-1,-1,-1,-1,-1,-1,-1,-1,-1,-1,-1,-1,-1,-1,0,2,0,0,902,-1,0,0,0,-1,0,-1,[0|0|0|0|0|0|0|0]
53222,,600903,-1,-1,-1,-1,-1,-1,-1,-1,220,-1,-1,0,0,0,0,0,0,0,0,0,0,0,0,0,0,0,0,0,0,0,0,-1,-1,0,0,0,0,-1,-1,-1,-1,-1,-1,-1,-1,-1,-1,-1,-1,-1,-1,-1,-1,0,0,0,0,0,-1,0,0,0,-1,0,-1,[0|0|0|0|0|0|0|0]
53230,,621903,-1,-1,-1,-1,-1,-1,-1,-1,220,-1,-1,0,0,0,0,0,0,0,0,0,0,0,0,0,0,0,0,0,0,0,0,-1,-1,0,0,0,0,-1,-1,-1,-1,-1,-1,-1,-1,-1,-1,-1,-1,-1,-1,-1,-1,0,0,0,0,0,-1,0,0,0,-1,0,-1,[0|0|0|0|0|0|0|0]
53231,,621902,-1,-1,-1,-1,-1,-1,-1,-1,220,-1,-1,0,0,0,0,0,0,0,0,0,0,0,0,0,0,0,0,0,0,0,0,-1,-1,0,0,0,0,-1,-1,-1,-1,-1,-1,-1,-1,-1,-1,-1,-1,-1,-1,-1,-1,0,0,0,0,0,-1,0,0,0,-1,0,-1,[0|0|0|0|0|0|0|0]
53232,,621902,-1,-1,-1,-1,-1,-1,-1,-1,220,-1,-1,0,0,0,0,0,0,0,0,0,0,0,0,0,0,0,0,0,0,0,0,-1,-1,0,0,0,0,-1,-1,-1,-1,-1,-1,-1,-1,-1,-1,-1,-1,-1,-1,-1,-1,0,0,0,0,0,-1,0,0,0,-1,0,-1,[0|0|0|0|0|0|0|0]
53233,,621902,-1,-1,-1,-1,-1,-1,-1,-1,220,-1,-1,0,0,0,0,0,0,0,0,0,0,0,0,0,0,0,0,0,0,0,0,-1,-1,0,0,0,0,-1,-1,-1,-1,-1,-1,-1,-1,-1,-1,-1,-1,-1,-1,-1,-1,0,0,0,0,0,-1,0,0,0,-1,0,-1,[0|0|0|0|0|0|0|0]
53234,,621902,-1,-1,-1,-1,-1,-1,-1,-1,220,-1,-1,0,0,0,0,0,0,0,0,0,0,0,0,0,0,0,0,0,0,0,0,-1,-1,0,0,0,0,-1,-1,-1,-1,-1,-1,-1,-1,-1,-1,-1,-1,-1,-1,-1,-1,0,0,0,0,0,-1,0,0,0,-1,0,-1,[0|0|0|0|0|0|0|0]
53235,,621901,-1,-1,-1,-1,-1,-1,-1,-1,220,-1,-1,0,0,0,0,0,0,0,0,0,0,0,0,0,0,0,0,0,0,0,0,-1,-1,0,0,0,0,-1,-1,-1,-1,-1,-1,-1,-1,-1,-1,-1,-1,-1,-1,-1,-1,0,0,0,0,0,-1,0,0,0,-1,0,-1,[0|0|0|0|0|0|0|0]
53236,,621901,-1,-1,-1,-1,-1,-1,-1,-1,220,-1,-1,0,0,0,0,0,0,0,0,0,0,0,0,0,0,0,0,0,0,0,0,-1,-1,0,0,0,0,-1,-1,-1,-1,-1,-1,-1,-1,-1,-1,-1,-1,-1,-1,-1,-1,0,0,0,0,0,-1,0,0,0,-1,0,-1,[0|0|0|0|0|0|0|0]
53237,,621901,-1,-1,-1,-1,-1,-1,-1,-1,220,-1,-1,0,0,0,0,0,0,0,0,0,0,0,0,0,0,0,0,0,0,0,0,-1,-1,0,0,0,0,-1,-1,-1,-1,-1,-1,-1,-1,-1,-1,-1,-1,-1,-1,-1,-1,0,0,0,0,0,-1,0,0,0,-1,0,-1,[0|0|0|0|0|0|0|0]
53250,,622041,-1,-1,-1,-1,-1,-1,-1,-1,220,-1,-1,0,0,0,0,0,0,0,0,0,0,0,0,0,0,0,0,0,0,0,0,-1,-1,0,0,0,0,-1,-1,-1,-1,-1,-1,-1,-1,-1,-1,-1,-1,-1,-1,-1,-1,0,0,0,0,0,-1,0,0,0,-1,0,-1,[0|0|0|0|0|0|0|0]
53251,,648082,-1,-1,-1,-1,-1,-1,-1,-1,132,-1,-1,0,0,0,0,0,0,0,0,0,0,0,0,0,0,0,0,0,0,0,0,-1,-1,0,0,0,0,-1,-1,-1,-1,-1,-1,-1,-1,-1,-1,-1,-1,-1,-1,-1,-1,0,0,0,0,0,-1,0,0,0,-1,0,-1,[0|0|0|0|0|0|0|0]
53252,,621933,-1,-1,-1,-1,-1,-1,-1,-1,220,-1,-1,0,0,0,0,0,0,0,0,0,0,0,0,0,0,0,0,0,0,0,0,-1,-1,0,0,0,0,-1,-1,-1,-1,-1,-1,-1,-1,-1,-1,-1,-1,-1,-1,-1,-1,0,0,0,0,0,-1,0,0,0,-1,0,-1,[0|0|0|0|0|0|0|0]
53300,,660715,607101000,-1,-1,-1,-1,-1,-1,-1,800,-1,-1,0,0,0,0,0,0,0,0,0,0,0,0,0,0,0,0,0,0,0,0,-1,-1,0,0,0,0,-1,-1,-1,-1,-1,-1,-1,-1,-1,-1,-1,-1,-1,-1,-1,-1,0,0,0,0,0,-1,0,0,0,-1,0,-1,[0|0|0|0|0|0|0|0]
53301,,660720,607101000,-1,-1,-1,-1,-1,-1,-1,801,-1,-1,0,0,0,0,0,0,0,0,0,0,0,0,0,0,0,0,0,0,0,0,-1,-1,0,0,0,0,-1,-1,-1,-1,-1,-1,-1,-1,-1,-1,-1,-1,-1,-1,-1,-1,0,0,0,0,0,-1,0,0,0,-1,0,-1,[0|0|0|0|0|0|0|0]
53400,,621220,212090001,-1,-1,-1,-1,-1,-1,-1,800,-1,-1,0,0,0,0,0,0,0,0,0,0,0,0,0,0,0,0,0,0,0,0,-1,-1,0,0,0,0,-1,-1,-1,-1,-1,-1,-1,-1,-1,-1,-1,-1,-1,-1,-1,-1,0,0,0,0,0,-1,0,0,0,-1,0,-1,[0|0|0|0|0|0|0|0]
53401,,621220,212090001,-1,-1,-1,-1,-1,-1,-1,801,-1,-1,0,0,0,0,0,0,0,0,0,0,0,0,0,0,0,0,0,0,0,0,-1,-1,0,0,0,0,-1,-1,-1,-1,-1,-1,-1,-1,-1,-1,-1,-1,-1,-1,-1,-1,0,0,0,0,0,-1,0,0,0,-1,0,-1,[0|0|0|0|0|0|0|0]
53402,,621220,212090001,-1,-1,-1,-1,-1,-1,-1,802,-1,-1,0,0,0,0,0,0,0,0,0,0,0,0,0,0,0,0,0,0,0,0,-1,-1,0,0,0,0,-1,-1,-1,-1,-1,-1,-1,-1,-1,-1,-1,-1,-1,-1,-1,-1,0,0,0,0,0,-1,0,0,0,-1,0,-1,[0|0|0|0|0|0|0|0]
53403,,621220,212090001,-1,-1,-1,-1,-1,-1,-1,810,-1,-1,0,0,0,0,0,0,0,0,0,0,0,0,0,0,0,0,0,0,0,0,-1,-1,0,0,0,0,-1,-1,-1,-1,-1,-1,-1,-1,-1,-1,-1,-1,-1,-1,-1,-1,0,0,0,0,0,-1,0,0,0,-1,0,-1,[0|0|0|0|0|0|0|0]
53404,,621220,212090001,-1,-1,-1,-1,-1,-1,-1,811,-1,-1,0,0,0,0,0,0,0,0,0,0,0,0,0,0,0,0,0,0,0,0,-1,-1,0,0,0,0,-1,-1,-1,-1,-1,-1,-1,-1,-1,-1,-1,-1,-1,-1,-1,-1,0,0,0,0,0,-1,0,0,0,-1,0,-1,[0|0|0|0|0|0|0|0]
53405,,621220,212090001,-1,-1,-1,-1,-1,-1,-1,812,-1,-1,0,0,0,0,0,0,0,0,0,0,0,0,0,0,0,0,0,0,0,0,-1,-1,0,0,0,0,-1,-1,-1,-1,-1,-1,-1,-1,-1,-1,-1,-1,-1,-1,-1,-1,0,0,0,0,0,-1,0,0,0,-1,0,-1,[0|0|0|0|0|0|0|0]
53410,,-1,-1,-1,-1,-1,-1,-1,-1,-1,-1,-1,-1,0,0,0,0,0,0,0,0,0,0,0,0,0,0,0,0,0,0,0,0,-1,-1,0,0,0,0,-1,-1,-1,-1,-1,-1,-1,-1,-1,-1,-1,-1,-1,-1,-1,-1,0,2,0,0,19,-1,0,0,0,-1,0,-1,[0|0|0|0|0|0|0|0]
53420,,-1,-1,-1,-1,-1,-1,-1,-1,-1,-1,-1,-1,0,0,0,0,0,0,1,1,1,0,0,0,0,1,0,0,0,0,0,0,-1,-1,0,0,0,0,-1,-1,-1,-1,-1,-1,-1,-1,-1,-1,-1,-1,-1,-1,-1,-1,0,0,0,0,0,-1,0,0,0,-1,0,-1,[0|0|0|0|0|0|0|0]
53430,,621250,-1,-1,-1,-1,-1,-1,-1,-1,220,-1,-1,0,0,0,0,0,0,0,0,0,0,0,0,0,0,0,0,0,0,0,0,-1,-1,0,0,0,0,-1,-1,-1,-1,-1,-1,-1,-1,-1,-1,-1,-1,-1,-1,-1,-1,0,0,0,0,0,-1,0,0,0,-1,0,-1,[0|0|0|0|0|0|0|0]
53431,,621250,-1,-1,-1,-1,-1,-1,-1,-1,220,-1,-1,0,0,0,0,0,0,0,0,0,0,0,0,0,0,0,0,0,0,0,0,-1,-1,0,0,0,0,-1,-1,-1,-1,-1,-1,-1,-1,-1,-1,-1,-1,-1,-1,-1,-1,0,0,0,0,0,-1,0,0,0,-1,0,-1,[0|0|0|0|0|0|0|0]
53432,,621250,-1,-1,-1,-1,-1,-1,-1,-1,220,-1,-1,0,0,0,0,0,0,0,0,0,0,0,0,0,0,0,0,0,0,0,0,-1,-1,0,0,0,0,-1,-1,-1,-1,-1,-1,-1,-1,-1,-1,-1,-1,-1,-1,-1,-1,0,0,0,0,0,-1,0,0,0,-1,0,-1,[0|0|0|0|0|0|0|0]
53433,,621250,-1,-1,-1,-1,-1,-1,-1,-1,220,-1,-1,0,0,0,0,0,0,0,0,0,0,0,0,0,0,0,0,0,0,0,0,-1,-1,0,0,0,0,-1,-1,-1,-1,-1,-1,-1,-1,-1,-1,-1,-1,-1,-1,-1,-1,0,0,0,0,0,-1,0,0,0,-1,0,-1,[0|0|0|0|0|0|0|0]
53434,,621250,-1,-1,-1,-1,-1,-1,-1,-1,220,-1,-1,0,0,0,0,0,0,0,0,0,0,0,0,0,0,0,0,0,0,0,0,-1,-1,0,0,0,0,-1,-1,-1,-1,-1,-1,-1,-1,-1,-1,-1,-1,-1,-1,-1,-1,0,0,0,0,0,-1,0,0,0,-1,0,-1,[0|0|0|0|0|0|0|0]
53450,,671050,-1,-1,-1,-1,-1,-1,-1,-1,301,-1,-1,0,0,0,0,0,0,0,0,0,0,0,0,0,0,0,0,0,0,0,0,-1,-1,0,0,0,0,-1,-1,-1,-1,-1,-1,-1,-1,-1,-1,-1,-1,-1,-1,-1,-1,0,0,0,0,0,-1,0,0,0,-1,0,-1,[0|0|0|0|0|0|0|0]
53451,,671051,710010001,-1,-1,-1,-1,-1,-1,-1,900,-1,-1,0,0,0,0,0,0,0,0,0,0,0,0,0,0,0,0,0,0,0,0,-1,-1,0,0,0,0,-1,-1,-1,-1,-1,-1,-1,-1,-1,-1,-1,-1,-1,-1,-1,-1,0,0,0,0,0,-1,0,0,0,-1,0,-1,[0|0|0|0|0|0|0|0]
53500,,646830,468001001,-1,-1,-1,-1,-1,-1,-1,810,-1,-1,0,0,0,0,0,0,0,0,0,0,0,0,0,0,0,0,0,0,0,0,-1,-1,0,0,0,0,-1,-1,-1,-1,-1,-1,-1,-1,-1,-1,-1,-1,-1,-1,-1,-1,0,0,0,0,0,-1,0,0,0,-1,0,-1,[0|0|0|0|0|0|0|0]
53501,,646806,468001002,-1,-1,-1,-1,-1,-1,-1,-1,-1,-1,0,0,0,0,0,0,0,0,0,0,0,0,0,0,0,0,0,0,0,0,-1,-1,0,0,0,0,-1,-1,-1,-1,-1,-1,-1,-1,-1,-1,-1,-1,-1,-1,-1,-1,0,0,0,0,0,-1,0,0,0,-1,0,-1,[0|0|0|0|0|0|0|0]
53502,,-1,468001003,-1,-1,-1,-1,-1,-1,-1,-1,-1,-1,0,0,0,0,0,0,0,0,0,0,0,0,0,0,0,0,0,0,0,0,-1,-1,0,0,0,0,-1,-1,-1,-1,-1,-1,-1,-1,-1,-1,-1,-1,-1,-1,-1,-1,0,0,0,0,0,-1,0,0,0,-1,0,-1,[0|0|0|0|0|0|0|0]
53503,,646840,468001004,-1,-1,-1,-1,-1,-1,-1,905,-1,-1,0,0,0,0,0,0,0,0,0,0,0,0,0,0,0,0,0,0,0,0,-1,-1,0,0,0,0,-1,-1,-1,-1,-1,-1,-1,-1,-1,-1,-1,-1,-1,-1,-1,-1,0,0,0,0,0,-1,0,0,0,-1,0,-1,[0|0|0|0|0|0|0|0]
53510,,636660,366110001,-1,-1,-1,-1,-1,-1,-1,220,-1,-1,0,0,0,0,0,0,0,0,0,0,0,0,0,0,0,0,0,0,0,0,-1,-1,0,0,0,0,-1,-1,-1,-1,-1,-1,-1,-1,-1,-1,-1,-1,-1,-1,-1,-1,0,0,0,0,0,-1,0,0,0,-1,0,-1,[0|0|0|0|0|0|0|0]
53511,,636665,366110000,-1,-1,-1,-1,-1,-1,-1,220,-1,-1,0,0,0,0,0,0,0,0,0,0,0,0,0,0,0,0,0,0,0,0,-1,-1,0,0,0,0,-1,-1,-1,-1,-1,-1,-1,-1,-1,-1,-1,-1,-1,-1,-1,-1,0,0,0,0,0,-1,0,0,0,-1,0,-1,[0|0|0|0|0|0|0|0]
53512,,636640,-1,-1,-1,-1,-1,-1,-1,-1,907,-1,-1,0,0,0,0,0,0,0,0,0,0,0,0,0,0,0,0,0,0,0,0,-1,-1,0,0,0,0,-1,-1,-1,-1,-1,-1,-1,-1,-1,-1,-1,-1,-1,-1,-1,-1,0,0,0,0,0,-1,0,0,0,-1,0,-1,[0|0|0|0|0|0|0|0]
53520,,636661,366110001,-1,-1,-1,-1,-1,-1,-1,220,-1,-1,0,0,0,0,0,0,0,0,0,0,0,0,0,0,0,0,0,0,0,0,-1,-1,0,0,0,0,-1,-1,-1,-1,-1,-1,-1,-1,-1,-1,-1,-1,-1,-1,-1,-1,0,0,0,0,0,-1,0,0,0,-1,0,-1,[0|0|0|0|0|0|0|0]
53521,,636666,366110000,-1,-1,-1,-1,-1,-1,-1,220,-1,-1,0,0,0,0,0,0,0,0,0,0,0,0,0,0,0,0,0,0,0,0,-1,-1,0,0,0,0,-1,-1,-1,-1,-1,-1,-1,-1,-1,-1,-1,-1,-1,-1,-1,-1,0,0,0,0,0,-1,0,0,0,-1,0,-1,[0|0|0|0|0|0|0|0]
53522,,636641,-1,-1,-1,-1,-1,-1,-1,-1,907,-1,-1,0,0,0,0,0,0,0,0,0,0,0,0,0,0,0,0,0,0,0,0,-1,-1,0,0,0,0,-1,-1,-1,-1,-1,-1,-1,-1,-1,-1,-1,-1,-1,-1,-1,-1,0,0,0,0,0,-1,0,0,0,-1,0,-1,[0|0|0|0|0|0|0|0]
53550,,621430,214001000,-1,-1,-1,-1,-1,-1,-1,300,-1,-1,0,0,0,0,0,0,0,0,0,0,0,0,0,0,0,0,0,0,0,0,-1,-1,0,0,0,0,-1,-1,-1,-1,-1,-1,-1,-1,-1,-1,-1,-1,-1,-1,-1,-1,0,0,0,0,0,-1,0,0,0,-1,0,-1,[0|0|0|0|0|0|0|0]
53551,,621431,214001000,-1,-1,-1,-1,-1,-1,-1,310,-1,-1,0,0,0,0,0,0,0,0,0,0,0,0,0,0,0,0,0,0,0,0,-1,-1,0,0,0,0,-1,-1,-1,-1,-1,-1,-1,-1,-1,-1,-1,-1,-1,-1,-1,-1,0,0,0,0,0,-1,0,0,0,-1,0,-1,[0|0|0|0|0|0|0|0]
53552,,621450,214001000,-1,-1,-1,-1,-1,-1,-1,310,-1,-1,0,0,0,0,0,0,0,0,0,0,0,0,0,0,0,0,0,0,0,0,-1,-1,0,0,0,0,-1,-1,-1,-1,-1,-1,-1,-1,-1,-1,-1,-1,-1,-1,-1,-1,0,0,0,0,0,-1,0,0,0,-1,0,-1,[0|0|0|0|0|0|0|0]
53600,,642850,-1,-1,-1,-1,-1,-1,-1,-1,199,-1,-1,0,0,0,0,0,0,0,0,0,0,0,0,0,0,0,0,0,0,0,0,-1,-1,0,0,0,0,-1,-1,-1,-1,-1,-1,-1,-1,-1,-1,-1,-1,-1,-1,-1,-1,0,0,0,0,0,-1,0,0,0,-1,0,-1,[0|0|0|0|0|0|0|0]
53610,,642620,-1,-1,-1,-1,-1,-1,-1,-1,199,-1,-1,0,0,0,0,0,0,0,0,0,0,0,0,0,0,0,0,0,0,0,0,-1,-1,0,0,0,0,-1,-1,-1,-1,-1,-1,-1,-1,-1,-1,-1,-1,-1,-1,-1,-1,0,0,0,0,0,-1,0,0,0,-1,0,-1,[0|0|0|0|0|0|0|0]
53670,,-1,-1,-1,-1,-1,-1,-1,-1,-1,-1,-1,-1,0,0,6,1,0,0,0,0,0,0,0,0,0,0,0,0,0,1,0,0,-1,-1,0,0,0,0,-1,-1,-1,-1,-1,-1,-1,-1,-1,-1,-1,-1,-1,-1,-1,-1,0,0,0,0,0,1010,0,1,1.5,-1,0,-1,[0|0|0|0|0|0|0|0]
53671,,-1,-1,-1,-1,-1,-1,-1,-1,-1,-1,-1,-1,0,0,6,1,0,0,0,0,0,0,0,0,0,0,0,0,0,1,0,0,-1,-1,0,0,0,0,-1,-1,-1,-1,-1,-1,-1,-1,-1,-1,-1,-1,-1,-1,-1,-1,0,0,0,0,0,1010,0,1,1.5,-1,0,-1,[0|0|0|0|0|0|0|0]
53680,,-1,-1,-1,-1,-1,-1,-1,-1,-1,-1,-1,-1,0,0,6,1,0,0,0,0,0,0,0,0,0,0,0,0,0,1,0,0,-1,-1,0,0,0,0,-1,-1,-1,-1,-1,-1,-1,-1,-1,-1,-1,-1,-1,-1,-1,-1,0,0,0,0,0,1010,1,0,1.5,-1,0,-1,[0|0|0|0|0|0|0|0]
53681,,-1,-1,-1,-1,-1,-1,-1,-1,-1,-1,-1,-1,0,0,6,1,0,0,0,0,0,0,0,0,0,0,0,0,0,1,0,0,-1,-1,0,0,0,0,-1,-1,-1,-1,-1,-1,-1,-1,-1,-1,-1,-1,-1,-1,-1,-1,0,0,0,0,0,1010,0.3,0,1,-1,0,-1,[0|0|0|0|0|0|0|0]
53690,,-1,-1,-1,-1,-1,-1,-1,-1,-1,-1,-1,-1,0,0,6,1,0,0,0,0,0,0,0,0,0,0,0,0,0,1,0,0,-1,-1,0,0,0,0,-1,-1,-1,-1,-1,-1,-1,-1,-1,-1,-1,-1,-1,-1,-1,-1,0,0,0,0,0,1010,0,0,0,-1,0,-1,[0|0|0|0|0|0|0|0]
53691,,646310,-1,-1,-1,-1,-1,-1,-1,-1,-1,-1,-1,0,0,0,0,0,0,0,0,0,0,0,0,0,0,0,0,0,1,0,0,-1,-1,0,0,0,0,-1,-1,-1,-1,-1,-1,-1,-1,-1,-1,-1,-1,-1,-1,-1,-1,0,0,0,0,0,0,0,0,0,-1,0,-1,[0|0|0|0|0|0|0|0]
53692,,645220,-1,-1,-1,-1,-1,-1,-1,-1,960,-1,-1,0,0,0,0,0,0,0,0,0,0,0,0,0,0,0,0,0,0,0,0,-1,-1,0,0,0,0,-1,-1,-1,-1,-1,-1,-1,-1,-1,-1,-1,-1,-1,-1,-1,-1,0,0,0,0,0,-1,0,0,0,-1,0,-1,[0|0|0|0|0|0|0|0]
53695,,645225,-1,-1,-1,-1,-1,-1,-1,-1,900,-1,-1,0,0,0,0,0,0,0,0,0,0,0,0,0,0,0,0,0,0,0,0,-1,-1,0,0,0,0,-1,-1,-1,-1,-1,-1,-1,-1,-1,-1,-1,-1,-1,-1,-1,-1,0,0,0,0,0,-1,0,0,0,-1,0,-1,[0|0|0|0|0|0|0|0]
53699,,524402,-1,-1,-1,-1,-1,-1,-1,-1,200,-1,-1,0,0,0,0,1,0,0,0,0,0,0,0,0,0,0,0,0,0,0,0,-1,-1,0,0,0,0,-1,-1,-1,-1,-1,-1,-1,-1,-1,-1,-1,-1,-1,-1,-1,-1,0,0,0,0,0,-1,0,0,0,-1,0,-1,[0|0|0|0|0|0|0|0]
53700,,643970,438201003,-1,-1,-1,-1,-1,-1,-1,802,-1,-1,0,0,0,0,0,0,0,0,0,0,0,0,0,0,0,0,0,0,0,0,-1,-1,0,0,0,0,-1,-1,-1,-1,-1,-1,-1,-1,-1,-1,-1,-1,-1,-1,-1,-1,0,0,0,0,0,-1,0,0,0,-1,0,-1,[0|0|0|0|0|0|0|0]
53701,,643874,438201001,-1,-1,-1,-1,-1,-1,-1,801,-1,-1,0,0,0,0,0,0,0,0,0,0,0,0,0,0,0,0,0,0,0,0,-1,-1,0,0,0,0,-1,-1,-1,-1,-1,-1,-1,-1,-1,-1,-1,-1,-1,-1,-1,-1,0,0,0,0,0,-1,0,0,0,-1,0,-1,[0|0|0|0|0|0|0|0]
53702,,643898,438201002,-1,-1,-1,-1,-1,-1,-1,800,-1,-1,0,0,0,0,0,0,0,0,0,0,0,0,0,0,0,0,0,0,0,0,-1,-1,0,0,0,0,-1,-1,-1,-1,-1,-1,-1,-1,-1,-1,-1,-1,-1,-1,-1,-1,0,0,0,0,0,-1,0,0,0,-1,0,-1,[0|0|0|0|0|0|0|0]
53703,,643971,-1,-1,-1,-1,-1,-1,-1,-1,803,-1,-1,0,0,0,0,0,0,0,0,0,0,0,0,0,0,0,0,0,0,0,0,-1,-1,0,0,0,0,-1,-1,-1,-1,-1,-1,-1,-1,-1,-1,-1,-1,-1,-1,-1,-1,0,0,0,0,0,-1,0,0,0,-1,0,-1,[0|0|0|0|0|0|0|0]
53704,,643972,-1,-1,-1,-1,-1,-1,-1,-1,803,-1,-1,0,0,0,0,0,0,0,0,0,0,0,0,0,0,0,0,0,0,0,0,-1,-1,0,0,0,0,-1,-1,-1,-1,-1,-1,-1,-1,-1,-1,-1,-1,-1,-1,-1,-1,0,0,0,0,0,-1,0,0,0,-1,0,-1,[0|0|0|0|0|0|0|0]
53750,,-1,-1,-1,-1,-1,-1,-1,-1,-1,820,-1,-1,0,0,0,0,0,0,0,0,0,0,0,0,0,0,0,0,0,0,0,0,-1,-1,0,0,0,0,-1,-1,-1,-1,-1,-1,-1,-1,-1,-1,-1,-1,-1,-1,-1,-1,0,0,0,0,0,-1,0,0,0,-1,0,-1,[0|0|0|0|0|0|0|0]
53800,,646531,465001001,-1,-1,-1,-1,-1,-1,-1,810,-1,-1,0,0,0,0,0,0,0,0,0,0,0,0,0,0,0,0,0,0,0,0,-1,-1,0,0,0,0,-1,-1,-1,-1,-1,-1,-1,-1,-1,-1,-1,-1,-1,-1,-1,-1,0,0,0,0,0,-1,0,0,0,-1,0,-1,[0|0|0|0|0|0|0|0]
53801,,646531,465001001,-1,-1,-1,-1,-1,-1,-1,820,-1,-1,0,0,0,0,0,0,0,0,0,0,0,0,0,0,0,0,0,0,0,0,-1,-1,0,0,0,0,-1,-1,-1,-1,-1,-1,-1,-1,-1,-1,-1,-1,-1,-1,-1,-1,0,0,0,0,0,-1,0,0,0,-1,0,-1,[0|0|0|0|0|0|0|0]
53802,,646530,465001001,-1,-1,-1,-1,-1,-1,-1,1,-1,-1,0,0,0,0,0,0,0,0,0,0,0,0,0,0,0,0,0,0,0,0,-1,-1,0,0,0,0,-1,-1,-1,-1,-1,-1,-1,-1,-1,-1,-1,-1,-1,-1,-1,-1,0,0,0,0,0,-1,0,0,0,-1,0,-1,[0|0|0|0|0|0|0|0]
53803,,646530,465001001,-1,-1,-1,-1,-1,-1,-1,2,-1,-1,0,0,0,0,0,0,0,0,0,0,0,0,0,0,0,0,0,0,0,0,-1,-1,0,0,0,0,-1,-1,-1,-1,-1,-1,-1,-1,-1,-1,-1,-1,-1,-1,-1,-1,0,0,0,0,0,-1,0,0,0,-1,0,-1,[0|0|0|0|0|0|0|0]
53804,,-1,-1,-1,-1,-1,-1,-1,-1,-1,-1,-1,-1,0,0,0,0,0,0,0,0,0,0,0,0,0,0,0,0,0,1,0,0,-1,-1,0,0,0,0,-1,-1,-1,-1,-1,-1,-1,-1,-1,-1,-1,-1,-1,-1,-1,-1,0,2,0,0,330,-1,0,0,0,-1,0,-1,[0|0|0|0|0|0|0|0]
53805,,-1,-1,-1,-1,-1,-1,-1,-1,-1,-1,-1,-1,0,0,0,0,0,0,1,1,0,1,0,0,0,0,0,0,0,0,0,0,-1,-1,0,0,0,0,-1,-1,-1,-1,-1,-1,-1,-1,-1,-1,-1,-1,-1,-1,-1,-1,0,0,0,0,0,-1,0,0,0,-1,0,-1,[0|0|0|0|0|0|0|0]
53850,,646921,469001001,-1,-1,-1,-1,-1,-1,-1,310,-1,-1,0,0,0,0,0,0,0,0,0,0,0,0,0,0,0,0,0,0,0,0,-1,-1,0,0,0,0,-1,-1,-1,-1,-1,-1,-1,-1,-1,-1,-1,-1,-1,-1,-1,-1,0,0,0,0,0,-1,0,0,0,-1,0,-1,[0|0|0|0|0|0|0|0]
53851,,646921,469001001,-1,-1,-1,-1,-1,-1,-1,300,-1,-1,0,0,0,0,0,0,0,0,0,0,0,0,0,0,0,0,0,0,0,0,-1,-1,0,0,0,0,-1,-1,-1,-1,-1,-1,-1,-1,-1,-1,-1,-1,-1,-1,-1,-1,0,0,0,0,0,-1,0,0,0,-1,0,-1,[0|0|0|0|0|0|0|0]
53900,,643900,468001001,-1,-1,-1,-1,-1,-1,-1,32,-1,-1,0,0,0,0,0,0,0,0,0,0,0,0,0,0,0,0,0,0,0,0,-1,-1,0,0,0,0,-1,-1,-1,-1,-1,-1,-1,-1,-1,-1,-1,-1,-1,-1,-1,-1,0,0,0,0,0,-1,0,0,0,-1,0,-1,[0|0|0|0|0|0|0|0]
53901,,-1,-1,-1,-1,-1,-1,-1,-1,-1,-1,-1,-1,0,0,0,0,0,0,0,0,0,0,0,0,0,0,0,0,0,1,0,0,-1,-1,0,0,0,0,-1,-1,-1,-1,-1,-1,-1,-1,-1,-1,-1,-1,-1,-1,-1,-1,0,0,0,0,0,10000,1,0.1,1,-1,0,-1,[0|0|0|0|0|0|0|0]
53920,,643901,468001001,-1,-1,-1,-1,-1,-1,-1,32,-1,-1,0,0,0,0,0,0,0,0,0,0,0,0,0,0,0,0,0,0,0,0,-1,-1,0,0,0,0,-1,-1,-1,-1,-1,-1,-1,-1,-1,-1,-1,-1,-1,-1,-1,-1,0,0,0,0,0,-1,0,0,0,-1,0,-1,[0|0|0|0|0|0|0|0]
53921,,-1,-1,-1,-1,-1,-1,-1,-1,-1,-1,-1,-1,0,0,0,0,0,0,0,0,0,0,0,0,0,0,0,0,0,1,0,0,-1,-1,0,0,0,0,-1,-1,-1,-1,-1,-1,-1,-1,-1,-1,-1,-1,-1,-1,-1,-1,0,0,0,0,0,10000,1,0.1,1,-1,0,-1,[0|0|0|0|0|0|0|0]
53922,,643924,468001001,-1,-1,-1,-1,-1,-1,-1,199,-1,-1,0,0,0,0,0,0,0,0,0,0,0,0,0,0,0,0,0,0,0,0,-1,-1,0,0,0,0,-1,-1,-1,-1,-1,-1,-1,-1,-1,-1,-1,-1,-1,-1,-1,-1,0,0,0,0,0,-1,0,0,0,-1,0,-1,[0|0|0|0|0|0|0|0]
53950,,647320,-1,-1,-1,-1,-1,-1,-1,-1,10,-1,-1,0,0,0,0,0,0,0,0,0,0,0,0,0,0,0,0,0,0,0,0,-1,-1,0,0,0,0,-1,-1,-1,-1,-1,-1,-1,-1,-1,-1,-1,-1,-1,-1,-1,-1,0,0,0,0,0,-1,0,0,0,-1,0,-1,[0|0|0|0|0|0|0|0]
53951,,647320,-1,-1,-1,-1,-1,-1,-1,-1,20,-1,-1,0,0,0,0,0,0,0,0,0,0,0,0,0,0,0,0,0,0,0,0,-1,-1,0,0,0,0,-1,-1,-1,-1,-1,-1,-1,-1,-1,-1,-1,-1,-1,-1,-1,-1,0,0,0,0,0,-1,0,0,0,-1,0,-1,[0|0|0|0|0|0|0|0]
53952,,646241,-1,-1,-1,-1,-1,-1,-1,-1,64,-1,-1,0,0,0,0,0,0,0,0,0,0,0,0,0,0,0,0,0,0,0,0,-1,-1,0,0,0,0,-1,-1,-1,-1,-1,-1,-1,-1,-1,-1,-1,-1,-1,-1,-1,-1,0,0,0,0,0,-1,0,0,0,-1,0,-1,[0|0|0|0|0|0|0|0]
53953,,646241,-1,-1,-1,-1,-1,-1,-1,-1,62,-1,-1,0,0,0,0,0,0,0,0,0,0,0,0,0,0,0,0,0,0,0,0,-1,-1,0,0,0,0,-1,-1,-1,-1,-1,-1,-1,-1,-1,-1,-1,-1,-1,-1,-1,-1,0,0,0,0,0,-1,0,0,0,-1,0,-1,[0|0|0|0|0|0|0|0]
53954,,646241,-1,-1,-1,-1,-1,-1,-1,-1,60,-1,-1,0,0,0,0,0,0,0,0,0,0,0,0,0,0,0,0,0,0,0,0,-1,-1,0,0,0,0,-1,-1,-1,-1,-1,-1,-1,-1,-1,-1,-1,-1,-1,-1,-1,-1,0,0,0,0,0,-1,0,0,0,-1,0,-1,[0|0|0|0|0|0|0|0]
54010,,648115,481010000,-1,-1,-1,-1,-1,-1,-1,10,-1,-1,0,0,0,0,0,0,0,0,0,0,0,0,0,0,0,0,0,0,0,0,-1,-1,0,0,0,0,10,13,-1,-1,-1,-1,-1,-1,-1,-1,-1,-1,-1,-1,-1,-1,0,0,0,0,0,-1,0,0,0,-1,0,-1,[0|0|0|0|0|0|0|0]
54015,,-1,-1,-1,-1,-1,-1,-1,-1,-1,0,-1,-1,0,0,0,0,0,0,0,0,0,0,0,0,0,0,0,0,0,0,0,0,-1,-1,0,0,0,0,-1,-1,-1,-1,-1,-1,-1,-1,-1,-1,-1,-1,-1,-1,-1,-1,0,2,0,0,240,-1,0,0,0,-1,0,-1,[0|0|0|0|0|0|0|0]
54016,,101,-1,-1,-1,-1,-1,-1,-1,-1,220,-1,-1,0,0,0,0,0,0,0,0,0,0,0,0,0,0,0,0,0,1,0,0,-1,-1,0,0,0,0,-1,-1,-1,-1,-1,-1,-1,-1,-1,-1,-1,-1,-1,-1,-1,-1,0,0,0,0,0,-1,0,0,0,-1,0,-1,[0|0|0|0|0|0|0|0]
54017,,-1,-1,-1,-1,-1,-1,-1,-1,-1,-1,-1,-1,0,0,0,0,0,0,0,1,1,0,0,0,0,0,0,0,0,1,0,0,-1,-1,0,0,0,0,-1,-1,-1,-1,-1,-1,-1,-1,-1,-1,-1,-1,-1,-1,-1,-1,0,0,0,0,0,-1,0,0,0,-1,0,-1,[0|0|0|0|0|0|0|0]
54020,,630700,307001001,-1,-1,-1,-1,-1,-1,-1,20,-1,-1,0,0,0,0,0,0,0,0,0,0,0,0,0,0,0,0,0,0,0,0,-1,-1,0,0,0,0,-1,-1,-1,-1,-1,-1,-1,-1,-1,-1,-1,-1,-1,-1,-1,-1,0,0,0,0,0,-1,0,0,0,-1,0,-1,[0|0|0|0|0|0|0|0]
54021,,641032,-1,-1,-1,-1,-1,-1,-1,-1,199,-1,-1,0,0,0,0,0,0,0,0,0,0,0,0,0,0,0,0,0,0,0,0,-1,-1,0,0,0,0,-1,-1,-1,-1,-1,-1,-1,-1,-1,-1,-1,-1,-1,-1,-1,-1,0,0,0,0,0,-1,0,0,0,-1,0,-1,[0|0|0|0|0|0|0|0]
54030,,646420,464010000,-1,-1,-1,-1,-1,-1,-1,960,-1,-1,0,0,0,0,0,0,0,0,0,0,0,0,0,0,0,0,0,0,0,0,-1,-1,0,0,0,0,-1,-1,-1,-1,-1,-1,-1,-1,-1,-1,-1,-1,-1,-1,-1,-1,0,0,0,0,0,-1,0,0,0,-1,0,-1,[0|0|0|0|0|0|0|0]
54031,,646421,464010001,-1,-1,-1,-1,-1,-1,-1,960,-1,-1,0,0,0,0,0,0,0,0,0,0,0,0,0,0,0,0,0,0,0,0,-1,-1,0,0,0,0,-1,-1,-1,-1,-1,-1,-1,-1,-1,-1,-1,-1,-1,-1,-1,-1,0,0,0,0,0,-1,0,0,0,-1,0,-1,[0|0|0|0|0|0|0|0]
54040,,636680,366410000,-1,-1,-1,-1,-1,-1,-1,220,-1,-1,0,0,0,0,0,0,0,0,0,0,0,0,0,0,0,0,0,0,0,0,-1,-1,0,0,0,0,-1,-1,-1,-1,-1,-1,-1,-1,-1,-1,-1,-1,-1,-1,-1,-1,0,0,0,0,0,-1,0,0,0,-1,0,-1,[0|0|0|0|0|0|0|0]
54041,,636694,366410001,-1,-1,-1,-1,-1,-1,-1,220,-1,-1,0,0,0,0,0,0,0,0,0,0,0,0,0,0,0,0,0,0,0,0,-1,-1,0,0,0,0,-1,-1,-1,-1,-1,-1,-1,-1,-1,-1,-1,-1,-1,-1,-1,-1,0,0,0,0,0,-1,0,0,0,-1,0,-1,[0|0|0|0|0|0|0|0]
54060,,-1,-1,-1,-1,-1,-1,-1,-1,-1,0,-1,-1,0,0,0,0,0,0,0,0,0,0,0,0,0,0,0,0,0,0,0,0,-1,-1,0,0,0,0,-1,-1,-1,-1,-1,-1,-1,-1,-1,-1,-1,-1,-1,-1,-1,-1,0,2,0,0,13,-1,0,0,0,-1,0,-1,[0|0|0|0|0|0|0|0]
54061,,649530,-1,-1,-1,-1,-1,-1,-1,-1,100,-1,-1,0,0,0,0,0,0,0,0,0,0,0,0,0,0,0,0,0,0,0,0,-1,-1,0,0,0,0,-1,-1,-1,-1,-1,-1,-1,-1,-1,-1,-1,-1,-1,-1,-1,-1,0,0,0,0,0,-1,0,0,0,-1,0,-1,[0|0|0|0|0|0|0|0]
54062,,649500,-1,-1,-1,-1,-1,-1,-1,-1,900,-1,-1,0,0,0,0,0,0,0,0,0,0,0,0,0,0,0,0,0,0,0,0,-1,-1,0,0,0,0,-1,-1,-1,-1,-1,-1,-1,-1,-1,-1,-1,-1,-1,-1,-1,-1,0,0,0,0,0,-1,0,0,0,-1,0,-1,[0|0|0|0|0|0|0|0]
54070,,644902,-1,-1,-1,-1,-1,-1,-1,-1,7,-1,-1,0,0,0,0,0,0,0,0,0,0,0,0,0,0,0,0,0,0,0,0,-1,-1,0,0,0,0,-1,-1,-1,-1,-1,-1,-1,-1,-1,-1,-1,-1,-1,-1,-1,-1,0,0,0,0,0,-1,0,0,0,-1,0,-1,[0|0|0|0|0|0|0|0]
54080,,-1,-1,-1,-1,-1,-1,-1,-1,-1,0,-1,-1,0,0,3,0,0,0,0,0,0,0,0,0,0,0,1,0,0,0,0,0,-1,-1,0,0,0,0,-1,-1,-1,-1,-1,-1,-1,-1,-1,-1,-1,-1,-1,-1,-1,-1,0,0,0,7,0,-1,0,0,0,-1,0,-1,[0|0|0|0|0|0|0|0]
54100,,639715,-1,-1,-1,-1,-1,-1,-1,-1,800,-1,-1,0,0,0,0,0,0,0,0,0,0,0,0,0,0,0,0,0,0,0,0,-1,-1,0,0,0,0,-1,-1,-1,-1,-1,-1,-1,-1,-1,-1,-1,-1,-1,-1,-1,-1,0,0,0,0,0,-1,0,0,0,-1,0,-1,[0|0|0|0|0|0|0|0]
54101,,639716,-1,-1,-1,-1,-1,-1,-1,-1,800,-1,-1,0,0,0,0,0,0,0,0,0,0,0,0,0,0,0,0,0,0,0,0,-1,-1,0,0,0,0,-1,-1,-1,-1,-1,-1,-1,-1,-1,-1,-1,-1,-1,-1,-1,-1,0,0,0,0,0,-1,0,0,0,-1,0,-1,[0|0|0|0|0|0|0|0]
54102,,639717,-1,-1,-1,-1,-1,-1,-1,-1,800,-1,-1,0,0,0,0,0,0,0,0,0,0,0,0,0,0,0,0,0,0,0,0,-1,-1,0,0,0,0,-1,-1,-1,-1,-1,-1,-1,-1,-1,-1,-1,-1,-1,-1,-1,-1,0,0,0,0,0,-1,0,0,0,-1,0,-1,[0|0|0|0|0|0|0|0]
54103,,490000,-1,-1,-1,-1,-1,-1,-1,-1,2,-1,-1,0,0,0,0,0,0,0,0,0,0,0,0,0,0,0,0,0,0,0,0,-1,-1,0,0,0,0,-1,-1,-1,-1,-1,-1,-1,-1,-1,-1,-1,-1,-1,-1,-1,-1,0,0,0,0,0,-1,0,0,0,-1,0,-1,[0|0|0|0|0|0|0|0]
54150,,639041,498010001,-1,-1,-1,-1,-1,-1,-1,10,-1,-1,0,0,0,0,0,0,0,0,0,0,0,0,0,0,0,0,0,0,0,0,-1,-1,0,0,0,0,-1,-1,-1,-1,-1,-1,-1,-1,-1,-1,-1,-1,-1,-1,-1,-1,0,0,0,0,0,-1,0,0,0,-1,0,-1,[0|0|0|0|0|0|0|0]
54151,,644612,498010002,-1,-1,-1,-1,-1,-1,-1,13,-1,-1,0,0,0,0,0,0,0,0,0,0,0,0,0,0,0,0,0,0,0,0,-1,-1,0,0,0,0,-1,-1,-1,-1,-1,-1,-1,-1,-1,-1,-1,-1,-1,-1,-1,-1,0,0,0,0,0,-1,0,0,0,-1,0,-1,[0|0|0|0|0|0|0|0]
54152,,644612,498010003,-1,-1,-1,-1,-1,-1,-1,14,-1,-1,0,0,0,0,0,0,0,0,0,0,0,0,0,0,0,0,0,0,0,0,-1,-1,0,0,0,0,-1,-1,-1,-1,-1,-1,-1,-1,-1,-1,-1,-1,-1,-1,-1,-1,0,0,0,0,0,-1,0,0,0,-1,0,-1,[0|0|0|0|0|0|0|0]
54153,,-1,-1,-1,-1,-1,-1,-1,-1,-1,-1,-1,-1,0,0,0,0,0,0,0,0,0,0,0,0,0,0,0,0,0,1,0,0,-1,-1,0,0,0,0,-1,-1,-1,-1,-1,-1,-1,-1,-1,-1,-1,-1,-1,-1,-1,-1,0,0,0,0,0,-1,0,0,0,-1,0,10030,[0|0|0|0|0|0|0|0]
54170,,643561,-1,-1,-1,-1,-1,-1,-1,-1,300,-1,-1,0,0,0,0,0,0,0,0,0,0,0,0,0,0,0,0,0,0,0,0,-1,-1,0,0,0,0,-1,-1,-1,-1,-1,-1,-1,-1,-1,-1,-1,-1,-1,-1,-1,-1,0,0,0,0,0,-1,0,0,0,-1,0,-1,[0|0|0|0|0|0|0|0]
54171,,643561,-1,-1,-1,-1,-1,-1,-1,-1,320,-1,-1,0,0,0,0,0,0,0,0,0,0,0,0,0,0,0,0,0,0,0,0,-1,-1,0,0,0,0,-1,-1,-1,-1,-1,-1,-1,-1,-1,-1,-1,-1,-1,-1,-1,-1,0,0,0,0,0,-1,0,0,0,-1,0,-1,[0|0|0|0|0|0|0|0]
54172,,643582,-1,-1,-1,-1,-1,-1,-1,-1,300,-1,-1,0,0,0,0,0,0,0,0,0,0,0,0,0,0,0,0,0,0,0,0,-1,-1,0,0,0,0,-1,-1,-1,-1,-1,-1,-1,-1,-1,-1,-1,-1,-1,-1,-1,-1,0,0,0,0,0,-1,0,0,0,-1,0,-1,[0|0|0|0|0|0|0|0]
54173,,643593,-1,-1,-1,-1,-1,-1,-1,-1,320,-1,-1,0,0,0,0,0,0,0,0,0,0,0,0,0,0,0,0,0,0,0,0,-1,-1,0,0,0,0,-1,-1,-1,-1,-1,-1,-1,-1,-1,-1,-1,-1,-1,-1,-1,-1,0,0,0,0,0,-1,0,0,0,-1,0,-1,[0|0|0|0|0|0|0|0]
54174,,643503,440010,-1,-1,-1,-1,-1,-1,-1,300,-1,-1,0,0,0,0,0,0,0,0,0,0,0,0,0,0,0,0,0,0,0,0,-1,-1,0,0,0,0,-1,-1,-1,-1,-1,-1,-1,-1,-1,-1,-1,-1,-1,-1,-1,-1,0,0,0,0,0,-1,0,0,0,-1,0,-1,[0|0|0|0|0|0|0|0]
54175,,643510,-1,-1,-1,-1,-1,-1,-1,-1,300,-1,-1,0,0,0,0,0,0,0,0,0,0,0,0,0,0,0,0,0,0,0,0,-1,-1,0,0,0,0,-1,-1,-1,-1,-1,-1,-1,-1,-1,-1,-1,-1,-1,-1,-1,-1,0,0,0,0,0,-1,0,0,0,-1,0,-1,[0|0|0|0|0|0|0|0]
54176,,643511,-1,-1,-1,-1,-1,-1,-1,-1,320,-1,-1,0,0,0,0,0,0,0,0,0,0,0,0,0,0,0,0,0,0,0,0,-1,-1,0,0,0,0,-1,-1,-1,-1,-1,-1,-1,-1,-1,-1,-1,-1,-1,-1,-1,-1,0,0,0,0,0,-1,0,0,0,-1,0,-1,[0|0|0|0|0|0|0|0]
54177,,643557,-1,-1,-1,-1,-1,-1,-1,-1,300,-1,-1,0,0,0,0,0,0,0,0,0,0,0,0,0,0,0,0,0,0,0,0,-1,-1,0,0,0,0,-1,-1,-1,-1,-1,-1,-1,-1,-1,-1,-1,-1,-1,-1,-1,-1,0,0,0,0,0,-1,0,0,0,-1,0,-1,[0|0|0|0|0|0|0|0]
54178,,643511,-1,-1,-1,-1,-1,-1,-1,-1,320,-1,-1,0,0,0,0,0,0,0,0,0,0,0,0,0,0,0,0,0,0,0,0,-1,-1,0,0,0,0,-1,-1,-1,-1,-1,-1,-1,-1,-1,-1,-1,-1,-1,-1,-1,-1,0,0,0,0,0,-1,0,0,0,-1,0,-1,[0|0|0|0|0|0|0|0]
54181,,643536,-1,-1,-1,-1,-1,-1,-1,-1,300,-1,-1,0,0,0,0,0,0,0,0,0,0,0,0,0,0,0,0,0,0,0,0,-1,-1,0,0,0,0,-1,-1,-1,-1,-1,-1,-1,-1,-1,-1,-1,-1,-1,-1,-1,-1,0,0,0,0,0,-1,0,0,0,-1,0,-1,[0|0|0|0|0|0|0|0]
54182,,643537,-1,-1,-1,-1,-1,-1,-1,-1,320,-1,-1,0,0,0,0,0,0,0,0,0,0,0,0,0,0,0,0,0,0,0,0,-1,-1,0,0,0,0,-1,-1,-1,-1,-1,-1,-1,-1,-1,-1,-1,-1,-1,-1,-1,-1,0,0,0,0,0,-1,0,0,0,-1,0,-1,[0|0|0|0|0|0|0|0]
54183,,-1,-1,-1,-1,-1,-1,-1,-1,-1,-1,-1,-1,0,0,0,0,0,0,0,0,0,0,0,0,0,0,0,0,0,1,0,0,-1,-1,0,0,0,0,-1,-1,-1,-1,-1,-1,-1,-1,-1,-1,-1,-1,-1,-1,-1,-1,0,2,0,0,240,-1,0,0,0,-1,0,-1,[0|0|0|0|0|0|0|0]
54184,,643652,-1,-1,-1,-1,-1,-1,-1,-1,220,-1,-1,0,0,3,51,0,0,0,0,0,0,0,0,0,0,0,0,0,0,0,0,-1,-1,0,0,0,0,-1,-1,-1,-1,-1,-1,-1,-1,-1,-1,-1,-1,-1,-1,-1,-1,0,0,0,0,0,-1,0,0,0,-1,0,-1,[0|0|0|0|0|0|0|0]
54185,,4610,-1,-1,-1,-1,-1,-1,-1,-1,905,-1,-1,0,0,3,52,1,0,0,0,0,0,0,0,0,0,0,0,0,0,0,0,-1,-1,0,0,0,0,-1,-1,-1,-1,-1,-1,-1,-1,-1,-1,-1,-1,-1,-1,-1,-1,0,0,0,0,0,-1,0,0,0,-1,0,-1,[0|0|0|0|0|0|0|0]
54186,,-1,-1,-1,-1,-1,-1,-1,-1,-1,-1,-1,-1,0,0,0,0,0,0,0,0,0,0,0,0,0,0,0,0,0,1,0,0,-1,-1,0,0,0,0,-1,-1,-1,-1,-1,-1,-1,-1,-1,-1,-1,-1,-1,-1,-1,-1,0,2,0,0,240,-1,0,0,0,-1,0,-1,[0|0|0|0|0|0|0|0]
54190,,4520,-1,-1,-1,-1,-1,-1,-1,-1,905,220,-1,0,0,3,52,1,0,0,0,0,0,0,0,0,0,1,0,0,0,0,0,-1,-1,0,0,0,0,-1,-1,-1,-1,-1,-1,-1,-1,-1,-1,-1,-1,-1,-1,-1,-1,0,0,0,0,0,-1,0,0,0,-1,0,-1,[0|0|0|0|0|0|0|0]
54191,,643639,-1,-1,-1,-1,-1,-1,-1,-1,199,-1,-1,0,0,0,0,0,0,0,0,0,0,0,0,0,0,0,0,0,0,0,0,-1,-1,0,0,0,0,-1,-1,-1,-1,-1,-1,-1,-1,-1,-1,-1,-1,-1,-1,-1,-1,0,0,0,0,0,-1,0,0,0,-1,0,-1,[0|0|0|0|0|0|0|0]
54192,,4500,-1,-1,-1,-1,-1,-1,-1,-1,905,-1,-1,0,0,0,0,1,0,0,0,0,0,0,0,0,0,1,0,0,0,0,0,-1,-1,0,0,0,0,-1,-1,-1,-1,-1,-1,-1,-1,-1,-1,-1,-1,-1,-1,-1,-1,0,0,0,0,0,-1,0,0,0,-1,0,-1,[0|0|0|0|0|0|0|0]
54193,,4500,524402,301271,-1,-1,-1,-1,-1,-1,905,905,-1,0,0,3,45,0,0,0,0,0,0,0,0,0,0,0,0,0,0,0,0,-1,-1,0,0,0,0,-1,-1,-1,-1,-1,-1,-1,-1,-1,-1,-1,-1,-1,-1,-1,-1,0,0,0,0,0,-1,0,0,0,-1,0,-1,[0|0|0|0|0|0|0|0]
54194,,643597,325000003,-1,-1,-1,-1,-1,-1,-1,21,-1,-1,0,0,0,0,0,0,0,0,0,0,0,0,0,0,0,0,0,0,0,0,-1,-1,0,0,0,0,-1,-1,-1,-1,-1,-1,-1,-1,-1,-1,-1,-1,-1,-1,-1,-1,0,0,0,0,0,-1,0,0,0,-1,0,-1,[0|0|0|0|0|0|0|0]
54195,,-1,-1,-1,-1,-1,-1,-1,-1,-1,-1,-1,-1,0,0,0,0,0,0,1,1,0,1,0,0,0,0,0,0,0,0,0,0,-1,-1,0,0,0,0,-1,-1,-1,-1,-1,-1,-1,-1,-1,-1,-1,-1,-1,-1,-1,-1,0,0,0,0,0,-1,0,0,0,-1,0,-1,[0|0|0|0|0|0|0|0]
54196,,-1,-1,-1,-1,-1,-1,-1,-1,-1,-1,-1,-1,0,0,0,0,0,0,0,0,0,0,0,0,0,0,0,0,0,1,0,0,-1,-1,0,0,0,0,-1,-1,-1,-1,-1,-1,-1,-1,-1,-1,-1,-1,-1,-1,-1,-1,0,2,0,0,231,-1,0,0,0,-1,0,-1,[0|0|0|0|0|0|0|0]
54197,,690041,-1,-1,-1,-1,-1,-1,-1,-1,905,-1,-1,0,0,0,0,0,0,0,1,0,1,0,0,0,0,0,0,0,0,0,0,-1,-1,0,0,0,0,-1,-1,-1,-1,-1,-1,-1,-1,-1,-1,-1,-1,-1,-1,-1,-1,0,0,0,0,0,-1,0,0,0,-1,0,-1,[0|0|0|0|0|0|0|0]
54198,,-1,-1,-1,-1,-1,-1,-1,-1,-1,-1,-1,-1,0,0,0,0,0,0,0,0,0,0,0,0,0,0,0,0,0,1,0,0,-1,-1,0,0,0,0,-1,-1,-1,-1,-1,-1,-1,-1,-1,-1,-1,-1,-1,-1,-1,-1,0,0,0,0,0,-1,0,0,0,-1,0,100240,[0|0|0|0|0|0|0|0]
54210,,622750,-1,-1,-1,-1,-1,-1,-1,-1,201,-1,-1,0,0,0,0,0,0,0,0,0,0,0,0,0,0,0,0,0,0,0,0,-1,-1,0,0,0,0,-1,-1,-1,-1,-1,-1,-1,-1,-1,-1,-1,-1,-1,-1,-1,-1,0,0,0,0,0,-1,0,0,0,-1,0,-1,[0|0|0|0|0|0|0|0]
54215,,640422,640422,-1,-1,-1,-1,-1,-1,-1,220,-1,-1,0,0,0,0,0,0,0,0,0,0,0,0,0,0,0,0,0,0,0,0,-1,-1,0,0,0,0,-1,-1,-1,-1,-1,-1,-1,-1,-1,-1,-1,-1,-1,-1,-1,-1,0,0,0,0,0,-1,0,0,0,-1,0,-1,[0|0|0|0|0|0|0|0]
54216,,678102,640422,-1,-1,-1,-1,-1,-1,-1,220,-1,-1,0,0,0,0,0,0,0,0,0,0,0,0,0,0,0,0,0,0,0,0,-1,-1,0,0,0,0,-1,-1,-1,-1,-1,-1,-1,-1,-1,-1,-1,-1,-1,-1,-1,-1,0,0,0,0,0,-1,0,0,0,-1,0,-1,[0|0|0|0|0|0|0|0]
54220,,-1,-1,-1,-1,-1,-1,-1,-1,-1,-1,-1,-1,0,0,0,0,0,0,0,0,0,0,0,0,0,0,0,0,0,0,0,0,-1,-1,0,0,0,0,-1,-1,-1,-1,-1,-1,-1,-1,-1,-1,-1,-1,-1,-1,-1,-1,0,2,0,0,62,-1,0,0,0,-1,0,-1,[0|0|0|0|0|0|0|0]
54221,,621820,-1,-1,-1,-1,-1,-1,-1,-1,21,-1,-1,0,0,0,0,0,0,0,0,0,0,0,0,0,0,0,0,0,0,0,0,-1,-1,0,0,0,0,-1,-1,-1,-1,-1,-1,-1,-1,-1,-1,-1,-1,-1,-1,-1,-1,0,0,0,0,0,-1,0,0,0,-1,0,-1,[0|0|0|0|0|0|0|0]
54225,,440093,-1,-1,-1,-1,-1,-1,-1,-1,220,-1,-1,0,0,3,70,0,0,0,0,0,0,0,0,0,0,1,1,1,0,0,0,-1,-1,0,0,0,0,-1,-1,-1,-1,-1,-1,-1,-1,-1,-1,-1,-1,-1,-1,-1,-1,0,0,0,0,0,-1,0,0,0,-1,0,-1,[0|0|0|0|0|0|0|0]
54230,,635005,-1,-1,-1,-1,-1,-1,-1,-1,200,-1,-1,0,0,0,0,0,0,0,0,0,0,0,0,0,0,0,0,0,0,0,0,-1,-1,0,0,0,0,-1,-1,-1,-1,-1,-1,-1,-1,-1,-1,-1,-1,-1,-1,-1,-1,0,0,0,0,0,-1,0,0,0,-1,0,-1,[0|0|0|0|0|0|0|0]
54231,,635000,-1,-1,-1,-1,-1,-1,-1,-1,10,-1,-1,0,0,0,0,0,0,0,0,0,0,0,0,0,0,0,0,0,0,0,0,-1,-1,0,0,0,0,-1,-1,-1,-1,-1,-1,-1,-1,-1,-1,-1,-1,-1,-1,-1,-1,0,0,0,0,0,-1,0,0,0,-1,0,-1,[0|0|0|0|0|0|0|0]
54232,,635000,-1,-1,-1,-1,-1,-1,-1,-1,11,-1,-1,0,0,0,0,0,0,0,0,0,0,0,0,0,0,0,0,0,0,0,0,-1,-1,0,0,0,0,-1,-1,-1,-1,-1,-1,-1,-1,-1,-1,-1,-1,-1,-1,-1,-1,0,0,0,0,0,-1,0,0,0,-1,0,-1,[0|0|0|0|0|0|0|0]
54240,,4500,421100001,-1,-1,-1,-1,-1,-1,-1,905,-1,-1,0,0,0,0,1,0,0,0,0,0,0,0,0,0,0,0,0,0,0,0,-1,-1,0,0,0,0,-1,-1,-1,-1,-1,-1,-1,-1,-1,-1,-1,-1,-1,-1,-1,-1,0,0,0,0,0,-1,0,0,0,-1,0,-1,[0|0|0|0|0|0|0|0]
54250,,-1,-1,-1,-1,-1,-1,-1,-1,-1,-1,-1,-1,0,0,0,0,0,0,0,1,1,0,0,0,0,0,0,0,0,1,0,0,-1,-1,0,0,0,0,-1,-1,-1,-1,-1,-1,-1,-1,-1,-1,-1,-1,-1,-1,-1,-1,0,0,0,0,0,-1,0,0,0,-1,0,-1,[0|0|0|0|0|0|0|0]
54260,,-1,-1,-1,-1,-1,-1,-1,-1,-1,0,-1,-1,0,0,0,0,0,0,0,0,0,0,0,0,0,0,0,0,0,0,0,0,-1,-1,0,0,0,0,-1,-1,-1,-1,-1,-1,-1,-1,-1,-1,-1,-1,-1,-1,-1,-1,0,2,0,0,250,-1,0,0,0,-1,0,-1,[0|0|0|0|0|0|0|0]
54261,,101,-1,-1,-1,-1,-1,-1,-1,-1,220,-1,-1,0,0,0,0,0,0,0,0,0,0,0,0,0,0,0,0,0,1,0,0,-1,-1,0,0,0,0,-1,-1,-1,-1,-1,-1,-1,-1,-1,-1,-1,-1,-1,-1,-1,-1,0,0,0,0,0,-1,0,0,0,-1,0,-1,[0|0|0|0|0|0|0|0]
54262,,-1,-1,-1,-1,-1,-1,-1,-1,-1,-1,-1,-1,0,0,0,0,0,0,0,1,1,0,0,0,0,0,0,0,0,1,0,0,-1,-1,0,0,0,0,-1,-1,-1,-1,-1,-1,-1,-1,-1,-1,-1,-1,-1,-1,-1,-1,0,0,0,0,0,-1,0,0,0,-1,0,-1,[0|0|0|0|0|0|0|0]
54270,,-1,-1,-1,-1,-1,-1,6,5,-1,-1,-1,-1,0,0,0,0,0,0,1,1,0,1,0,0,0,0,0,0,0,0,0,0,-1,-1,0,0,0,0,-1,-1,-1,-1,-1,-1,-1,-1,-1,-1,-1,-1,-1,-1,-1,-1,0,0,0,0,0,-1,0,0,0,-1,0,-1,[0|0|0|0|0|0|0|0]
54271,,-1,-1,-1,-1,-1,-1,10,9,-1,-1,-1,-1,0,0,0,0,0,0,1,1,0,1,0,0,0,0,0,0,0,0,0,0,-1,-1,0,0,0,0,-1,-1,-1,-1,-1,-1,-1,-1,-1,-1,-1,-1,-1,-1,-1,-1,0,0,0,0,0,-1,0,0,0,-1,0,-1,[0|0|0|0|0|0|0|0]
54272,,-1,-1,-1,-1,-1,-1,15,14,-1,-1,-1,-1,0,0,0,0,0,0,1,1,0,1,0,0,0,0,0,0,0,0,0,0,-1,-1,0,0,0,0,-1,-1,-1,-1,-1,-1,-1,-1,-1,-1,-1,-1,-1,-1,-1,-1,0,0,0,0,0,-1,0,0,0,-1,0,-1,[0|0|0|0|0|0|0|0]
54280,,-1,-1,-1,-1,-1,-1,0,0,-1,-1,-1,-1,0,0,0,0,0,0,1,1,1,1,0,0,0,0,0,0,0,1,0,0,-1,-1,0,0,0,0,-1,-1,-1,-1,-1,-1,-1,-1,-1,-1,-1,-1,-1,-1,-1,-1,0,0,0,0,0,-1,0,0,0,-1,0,-1,[0|0|0|0|0|0|0|0]
54290,,646531,-1,-1,-1,-1,-1,0,0,-1,600,-1,-1,0,0,0,0,0,0,0,0,0,0,0,0,0,0,0,0,0,0,0,0,-1,-1,0,0,0,0,-1,-1,-1,-1,-1,-1,-1,-1,-1,-1,-1,-1,-1,-1,-1,-1,0,0,0,0,0,-1,0,0,0,-1,0,-1,[0|0|0|0|0|0|0|0]
54300,,643420,434001000,-1,-1,-1,-1,-1,-1,-1,300,-1,-1,0,0,0,0,0,0,0,0,0,0,0,0,0,0,0,0,0,0,0,0,-1,-1,0,0,0,0,-1,-1,-1,-1,-1,-1,-1,-1,-1,-1,-1,-1,-1,-1,-1,-1,0,0,0,0,0,-1,0,0,0,-1,0,-1,[0|0|0|0|0|0|0|0]
54301,,643421,434001000,-1,-1,-1,-1,-1,-1,-1,21,-1,-1,0,0,0,0,0,0,0,0,0,0,0,0,0,0,0,0,0,0,0,0,-1,-1,0,0,0,0,-1,-1,-1,-1,-1,-1,-1,-1,-1,-1,-1,-1,-1,-1,-1,-1,0,0,0,0,0,-1,0,0,0,-1,0,-1,[0|0|0|0|0|0|0|0]
54310,,-1,-1,-1,-1,-1,-1,-1,-1,-1,-1,-1,-1,0,0,0,0,0,0,0,0,0,0,0,0,0,0,0,0,0,0,0,0,-1,-1,0,0,0,0,-1,-1,-1,-1,-1,-1,-1,-1,-1,-1,-1,-1,-1,-1,-1,-1,0,2,0,0,310,-1,0,0,0,-1,0,-1,[0|0|0|0|0|0|0|0]
54315,,-1,-1,-1,-1,-1,-1,-1,-1,-1,-1,-1,-1,0,0,0,0,0,0,0,0,0,0,0,0,0,0,0,0,0,0,0,0,-1,-1,0,0,0,0,-1,-1,-1,-1,-1,-1,-1,-1,-1,-1,-1,-1,-1,-1,-1,-1,0,2,0,0,310,-1,0,0,0,-1,0,-1,[0|0|0|0|0|0|0|0]
54316,,-1,-1,-1,-1,-1,-1,-1,-1,-1,-1,-1,-1,0,0,0,0,0,0,0,0,0,0,0,0,0,0,0,0,0,0,0,0,-1,-1,0,0,0,0,-1,-1,-1,-1,-1,-1,-1,-1,-1,-1,-1,-1,-1,-1,-1,-1,0,0,0,0,0,-1,0,0,0,-1,0,100310,[0|0|0|0|0|0|0|0]
54320,,-1,-1,-1,-1,-1,-1,0,0,-1,-1,-1,-1,0,0,0,0,0,0,1,1,0,0,0,0,0,0,0,0,0,0,0,0,-1,-1,0,0,0,0,-1,-1,-1,-1,-1,-1,-1,-1,-1,-1,-1,-1,-1,-1,-1,-1,0,0,0,0,0,-1,0,0,0,-1,0,-1,[0|0|0|0|0|0|0|0]
54330,,-1,-1,-1,-1,-1,-1,99,99,-1,-1,-1,-1,0,0,0,0,0,0,0,1,0,1,0,0,0,0,0,0,0,0,0,0,-1,-1,0,0,0,0,-1,-1,-1,-1,-1,-1,-1,-1,-1,-1,-1,-1,-1,-1,-1,-1,0,0,0,0,0,-1,0,0,0,-1,0,-1,[0|0|0|0|0|0|0|0]
54335,,645860,-1,-1,-1,-1,-1,-1,-1,-1,220,-1,-1,0,0,0,0,0,0,0,0,0,0,0,0,0,0,0,0,0,0,0,0,-1,-1,0,0,0,0,-1,-1,-1,-1,-1,-1,-1,-1,-1,-1,-1,-1,-1,-1,-1,-1,0,0,0,0,0,-1,0,0,0,-1,0,-1,[0|0|0|0|0|0|0|0]
54336,,645861,-1,-1,-1,-1,-1,-1,-1,-1,86,-1,-1,0,0,4,11,1,0,0,0,0,0,0,0,0,0,0,0,0,0,0,0,-1,-1,0,2,0,0,-1,-1,-1,-1,-1,-1,-1,-1,-1,-1,-1,-1,-1,-1,-1,-1,0,0,0,0,0,-1,0,0,0,-1,0,-1,[0|0|0|0|0|0|0|0]
54340,,621380,-1,-1,-1,-1,-1,-1,-1,-1,16,-1,-1,0,0,0,0,0,0,0,0,0,0,0,0,0,0,0,0,0,0,0,0,-1,-1,0,0,0,0,-1,-1,-1,-1,-1,-1,-1,-1,-1,-1,-1,-1,-1,-1,-1,-1,0,0,0,0,0,-1,0,0,0,-1,0,-1,[0|0|0|0|0|0|0|0]
54341,,-1,-1,-1,-1,-1,-1,-1,-1,-1,-1,-1,-1,0,0,0,0,0,0,0,0,0,0,0,0,0,0,0,0,0,0,0,0,-1,-1,0,0,0,0,-1,-1,-1,-1,-1,-1,-1,-1,-1,-1,-1,-1,-1,-1,-1,-1,0,0,0,0,0,-1,0,0,0,-1,0,-1,[0|0|0|0|0|0|0|0]
54342,,621326,-1,-1,-1,-1,-1,-1,-1,-1,220,-1,-1,0,0,0,0,0,0,0,0,0,0,0,0,0,0,0,0,0,0,0,0,-1,-1,0,0,0,0,-1,-1,-1,-1,-1,-1,-1,-1,-1,-1,-1,-1,-1,-1,-1,-1,0,0,0,0,0,-1,0,0,0,-1,0,-1,[0|0|0|0|0|0|0|0]
54343,,621327,-1,-1,-1,-1,-1,-1,-1,-1,220,-1,-1,0,0,0,0,0,0,0,0,0,0,0,0,0,0,0,0,0,0,0,0,-1,-1,0,0,0,0,-1,-1,-1,-1,-1,-1,-1,-1,-1,-1,-1,-1,-1,-1,-1,-1,0,0,0,0,0,-1,0,0,0,-1,0,-1,[0|0|0|0|0|0|0|0]
54344,,648080,-1,-1,-1,-1,-1,-1,-1,-1,220,-1,-1,0,0,0,0,0,0,0,0,0,0,0,0,0,0,0,0,0,0,0,0,-1,-1,0,0,0,0,-1,-1,-1,-1,-1,-1,-1,-1,-1,-1,-1,-1,-1,-1,-1,-1,0,0,0,0,0,-1,0,0,0,-1,0,-1,[0|0|0|0|0|0|0|0]
54345,,646840,468001004,-1,-1,-1,-1,-1,-1,-1,220,-1,-1,0,0,0,0,0,0,0,0,0,0,0,0,0,0,0,0,0,0,0,0,-1,-1,0,0,0,0,-1,-1,-1,-1,-1,-1,-1,-1,-1,-1,-1,-1,-1,-1,-1,-1,0,0,0,0,0,-1,0,0,0,-1,0,-1,[0|0|0|0|0|0|0|0]
54347,,-1,-1,-1,-1,-1,-1,-1,-1,-1,-1,-1,-1,0,0,0,0,0,0,0,0,0,0,0,0,0,0,0,0,0,0,0,0,-1,-1,0,0,0,0,-1,-1,-1,-1,-1,-1,-1,-1,-1,-1,-1,-1,-1,-1,-1,-1,0,0,0,0,0,-1,0,0,0,-1,0,10010,[0|0|0|0|0|0|0|0]
54358,,675185,-1,-1,-1,-1,-1,-1,-1,-1,-1,-1,-1,0,0,0,0,0,0,0,0,0,0,0,0,0,0,0,0,0,1,0,0,-1,-1,0,0,0,0,-1,-1,-1,-1,-1,-1,-1,-1,-1,-1,-1,-1,-1,-1,-1,-1,0,0,0,0,0,-1,0,0,0,-1,0,-1,[0|0|0|0|0|0|0|0]
54359,,-1,-1,-1,-1,-1,-1,-1,-1,-1,-1,-1,-1,0,0,0,0,0,0,0,0,0,0,0,0,0,0,0,0,0,0,0,0,-1,-1,0,0,0,0,-1,-1,-1,-1,-1,-1,-1,-1,-1,-1,-1,-1,-1,-1,-1,-1,0,0,0,0,0,2006,0,0.5,0.5,-1,0,-1,[0|0|0|0|0|0|0|0]
54360,,675131,-1,-1,-1,-1,-1,-1,-1,-1,7,-1,-1,0,0,0,0,0,0,0,0,0,0,0,0,0,0,0,0,0,0,0,0,-1,-1,0,0,0,0,-1,-1,-1,-1,-1,-1,-1,-1,-1,-1,-1,-1,-1,-1,-1,-1,0,0,0,0,0,-1,0,0,0,-1,0,-1,[0|0|0|0|0|0|0|0]
54361,,675132,-1,-1,-1,-1,-1,-1,-1,-1,11,-1,-1,0,0,0,0,0,0,0,0,0,0,0,0,0,0,0,0,0,0,0,0,-1,-1,0,0,0,0,-1,-1,-1,-1,-1,-1,-1,-1,-1,-1,-1,-1,-1,-1,-1,-1,0,0,0,0,0,-1,0,0,0,-1,0,-1,[0|0|0|0|0|0|0|0]
54362,,675132,-1,-1,-1,-1,-1,-1,-1,-1,12,-1,-1,0,0,0,0,0,0,0,0,0,0,0,0,0,0,0,0,0,0,0,0,-1,-1,0,0,0,0,-1,-1,-1,-1,-1,-1,-1,-1,-1,-1,-1,-1,-1,-1,-1,-1,0,0,0,0,0,-1,0,0,0,-1,0,-1,[0|0|0|0|0|0|0|0]
54363,,675132,-1,-1,-1,-1,-1,-1,-1,-1,16,-1,-1,0,0,0,0,0,0,0,0,0,0,0,0,0,0,0,0,0,0,0,0,-1,-1,0,0,0,0,-1,-1,-1,-1,-1,-1,-1,-1,-1,-1,-1,-1,-1,-1,-1,-1,0,0,0,0,0,-1,0,0,0,-1,0,-1,[0|0|0|0|0|0|0|0]
54364,,675132,-1,-1,-1,-1,-1,-1,-1,-1,17,-1,-1,0,0,0,0,0,0,0,0,0,0,0,0,0,0,0,0,0,0,0,0,-1,-1,0,0,0,0,-1,-1,-1,-1,-1,-1,-1,-1,-1,-1,-1,-1,-1,-1,-1,-1,0,0,0,0,0,-1,0,0,0,-1,0,-1,[0|0|0|0|0|0|0|0]
54365,,675115,675115,-1,-1,-1,-1,-1,-1,-1,11,-1,-1,0,0,0,0,0,0,0,0,0,0,0,0,0,0,0,0,0,0,0,0,-1,-1,0,0,0,0,-1,-1,-1,-1,-1,-1,-1,-1,-1,-1,-1,-1,-1,-1,-1,-1,0,0,0,0,0,-1,0,0,0,-1,0,-1,[0|0|0|0|0|0|0|0]
54366,,675115,-1,-1,-1,-1,-1,-1,-1,-1,12,-1,-1,0,0,0,0,0,0,0,0,0,0,0,0,0,0,0,0,0,0,0,0,-1,-1,0,0,0,0,-1,-1,-1,-1,-1,-1,-1,-1,-1,-1,-1,-1,-1,-1,-1,-1,0,0,0,0,0,-1,0,0,0,-1,0,-1,[0|0|0|0|0|0|0|0]
54367,,675115,-1,-1,-1,-1,-1,-1,-1,-1,16,-1,-1,0,0,0,0,0,0,0,0,0,0,0,0,0,0,0,0,0,0,0,0,-1,-1,0,0,0,0,-1,-1,-1,-1,-1,-1,-1,-1,-1,-1,-1,-1,-1,-1,-1,-1,0,0,0,0,0,-1,0,0,0,-1,0,-1,[0|0|0|0|0|0|0|0]
54368,,675115,-1,-1,-1,-1,-1,-1,-1,-1,17,-1,-1,0,0,0,0,0,0,0,0,0,0,0,0,0,0,0,0,0,0,0,0,-1,-1,0,0,0,0,-1,-1,-1,-1,-1,-1,-1,-1,-1,-1,-1,-1,-1,-1,-1,-1,0,0,0,0,0,-1,0,0,0,-1,0,-1,[0|0|0|0|0|0|0|0]
54369,,-1,-1,-1,-1,-1,-1,-1,-1,-1,-1,-1,-1,0,0,0,0,0,0,0,0,0,0,0,0,0,0,0,0,0,0,0,0,-1,-1,0,0,0,0,-1,-1,-1,-1,-1,-1,-1,-1,-1,-1,-1,-1,-1,-1,-1,-1,0,0,0,0,0,10100,0,0.6,1,-1,0,-1,[0|0|0|0|0|0|0|0]
54370,,-1,-1,-1,-1,-1,-1,-1,-1,-1,-1,-1,-1,0,0,0,0,0,0,0,0,0,0,0,0,0,0,0,0,0,0,0,0,-1,-1,0,0,0,0,-1,-1,-1,-1,-1,-1,-1,-1,-1,-1,-1,-1,-1,-1,-1,-1,0,0,0,0,0,10102,0,0,0,-1,0,-1,[0|0|0|0|0|0|0|0]
54371,,675140,-1,-1,-1,-1,-1,-1,-1,-1,19,-1,-1,0,0,0,0,0,0,0,0,0,0,0,0,0,0,0,0,0,0,0,0,-1,-1,0,0,0,0,-1,-1,-1,-1,-1,-1,-1,-1,-1,-1,-1,-1,-1,-1,-1,-1,0,0,0,0,0,-1,0,0,0,-1,0,-1,[0|0|0|0|0|0|0|0]
54372,,675141,675141,-1,-1,-1,-1,-1,-1,-1,960,-1,-1,0,0,0,0,0,0,0,0,0,0,0,0,0,0,0,0,0,0,0,0,-1,-1,0,0,0,0,-1,-1,-1,-1,-1,-1,-1,-1,-1,-1,-1,-1,-1,-1,-1,-1,0,0,0,0,0,-1,0,0,0,-1,0,-1,[0|0|0|0|0|0|0|0]
54373,,675142,-1,-1,-1,-1,-1,-1,-1,-1,19,-1,-1,0,0,0,0,0,0,0,0,0,0,0,0,0,0,0,0,0,0,0,0,-1,-1,0,0,0,0,-1,-1,-1,-1,-1,-1,-1,-1,-1,-1,-1,-1,-1,-1,-1,-1,0,0,0,0,0,-1,0,0,0,-1,0,-1,[0|0|0|0|0|0|0|0]
54374,,675143,675143,-1,-1,-1,-1,-1,-1,-1,960,-1,-1,0,0,0,0,0,0,0,0,0,0,0,0,0,0,0,0,0,0,0,0,-1,-1,0,0,0,0,-1,-1,-1,-1,-1,-1,-1,-1,-1,-1,-1,-1,-1,-1,-1,-1,0,0,0,0,0,-1,0,0,0,-1,0,-1,[0|0|0|0|0|0|0|0]
54375,,675144,-1,-1,-1,-1,-1,-1,-1,-1,19,-1,-1,0,0,0,0,0,0,0,0,0,0,0,0,0,0,0,0,0,0,0,0,-1,-1,0,0,0,0,-1,-1,-1,-1,-1,-1,-1,-1,-1,-1,-1,-1,-1,-1,-1,-1,0,0,0,0,0,-1,0,0,0,-1,0,-1,[0|0|0|0|0|0|0|0]
54376,,675145,675145,-1,-1,-1,-1,-1,-1,-1,960,-1,-1,0,0,0,0,0,0,0,0,0,0,0,0,0,0,0,0,0,0,0,0,-1,-1,0,0,0,0,-1,-1,-1,-1,-1,-1,-1,-1,-1,-1,-1,-1,-1,-1,-1,-1,0,0,0,0,0,-1,0,0,0,-1,0,-1,[0|0|0|0|0|0|0|0]
54377,,4500,-1,-1,-1,-1,-1,-1,-1,-1,905,-1,-1,0,0,0,0,1,0,0,0,0,0,0,0,0,0,0,0,0,0,0,0,-1,-1,0,0,0,0,-1,-1,-1,-1,-1,-1,-1,-1,-1,-1,-1,-1,-1,-1,-1,-1,0,0,0,0,0,-1,0,0,0,-1,0,-1,[0|0|0|0|0|0|0|0]
54378,,675176,-1,-1,-1,-1,-1,-1,-1,-1,-1,-1,-1,0,0,0,0,0,0,0,0,0,0,0,0,0,0,0,0,0,1,0,0,-1,-1,0,0,0,0,-1,-1,-1,-1,-1,-1,-1,-1,-1,-1,-1,-1,-1,-1,-1,-1,0,0,0,0,0,-1,0,0,0,-1,0,-1,[0|0|0|0|0|0|0|0]
54379,,675178,675148,-1,-1,-1,-1,-1,-1,-1,905,-1,-1,0,0,4,11,0,0,0,0,0,0,0,0,0,0,0,0,0,0,0,0,-1,-1,0,0,0,0,-1,-1,-1,-1,-1,-1,-1,-1,-1,-1,-1,-1,-1,-1,-1,-1,0,0,0,0,0,-1,0,0,0,-1,0,-1,[0|0|0|0|0|0|0|0]
54380,,675390,-1,-1,-1,-1,-1,-1,-1,30000,36,-1,-1,0,0,0,0,0,0,0,0,0,0,0,0,0,0,0,0,0,0,0,0,-1,-1,0,0,0,0,-1,-1,-1,-1,-1,-1,-1,-1,-1,-1,-1,-1,-1,-1,-1,-1,0,0,0,0,0,-1,0,0,0,-1,0,-1,[0|0|0|0|0|0|0|0]
54381,,675294,-1,-1,-1,-1,-1,-1,-1,-1,905,-1,-1,0,0,0,0,0,0,0,0,0,0,0,0,0,0,0,0,0,0,0,0,-1,-1,0,0,0,0,-1,-1,-1,-1,-1,-1,-1,-1,-1,-1,-1,-1,-1,-1,-1,-1,0,0,0,0,0,-1,0,0,0,-1,0,-1,[0|0|0|0|0|0|0|0]
54382,,675295,-1,-1,-1,-1,-1,-1,-1,-1,220,-1,-1,0,0,0,0,0,0,0,0,0,0,0,0,0,0,0,0,0,0,0,0,-1,-1,0,0,0,0,-1,-1,-1,-1,-1,-1,-1,-1,-1,-1,-1,-1,-1,-1,-1,-1,0,0,0,0,0,-1,0,0,0,-1,0,-1,[0|0|0|0|0|0|0|0]
54383,,-1,-1,-1,-1,-1,-1,-1,-1,-1,-1,-1,-1,0,0,0,0,0,0,0,0,0,0,0,0,0,0,0,0,0,1,0,0,-1,-1,0,0,0,0,-1,-1,-1,-1,-1,-1,-1,-1,-1,-1,-1,-1,-1,-1,-1,-1,0,2,0,0,360,-1,0,0,0,-1,0,-1,[0|0|0|0|0|0|0|0]
54384,,-1,-1,-1,-1,-1,-1,-1,-1,-1,-1,-1,-1,0,0,0,0,0,0,0,1,0,1,0,0,0,0,0,0,0,0,0,0,-1,-1,0,0,0,0,-1,-1,-1,-1,-1,-1,-1,-1,-1,-1,-1,-1,-1,-1,-1,-1,0,0,0,0,0,-1,0,0,0,-1,0,-1,[0|0|0|0|0|0|0|0]
54387,,675391,-1,-1,-1,-1,-1,-1,-1,31000,36,-1,-1,0,0,0,0,0,0,0,0,0,0,0,0,0,0,0,0,0,0,0,0,-1,-1,0,0,0,0,-1,-1,-1,-1,-1,-1,-1,-1,-1,-1,-1,-1,-1,-1,-1,-1,0,0,0,0,0,-1,0,0,0,-1,0,-1,[0|0|0|0|0|0|0|0]
54388,,-1,-1,-1,-1,-1,-1,-1,-1,-1,-1,-1,-1,0,0,0,0,0,0,0,0,0,0,0,0,0,0,0,0,0,0,0,0,-1,-1,0,0,0,0,-1,-1,-1,-1,-1,-1,-1,-1,-1,-1,-1,-1,-1,-1,-1,-1,0,0,0,0,0,-1,0,0,0,-1,0,10000,[0|0|0|63|0|0|0|0]
54389,,675392,-1,-1,-1,-1,-1,-1,-1,-1,36,-1,-1,0,0,0,0,0,0,0,0,0,0,0,0,0,0,0,0,0,0,0,0,-1,-1,0,0,0,0,-1,-1,-1,-1,-1,-1,-1,-1,-1,-1,-1,-1,-1,-1,-1,-1,0,0,0,0,0,-1,0,0,0,-1,0,-1,[0|0|0|0|0|0|0|0]
54390,,675230,752007001,-1,-1,-1,-1,-1,-1,-1,905,-1,-1,0,0,0,0,0,0,0,0,0,0,0,0,0,0,0,0,0,0,0,0,-1,-1,0,0,0,0,-1,-1,-1,-1,-1,-1,-1,-1,-1,-1,-1,-1,-1,-1,-1,-1,0,0,0,0,0,-1,0,0,0,-1,0,-1,[0|0|0|0|0|0|0|0]
54395,,-1,-1,-1,-1,-1,-1,-1,-1,-1,-1,-1,-1,0,0,0,0,0,0,0,0,0,0,0,0,0,0,0,0,0,1,0,0,-1,-1,0,0,0,0,-1,-1,-1,-1,-1,-1,-1,-1,-1,-1,-1,-1,-1,-1,-1,-1,0,0,0,0,0,2000,1,0,0,-1,0,-1,[0|0|0|0|0|0|0|0]
54396,,-1,-1,676001,-1,-1,-1,-1,-1,-1,-1,900,-1,0,0,0,0,1,0,0,0,0,0,0,0,0,0,0,0,0,0,0,0,-1,-1,0,0,0,0,-1,-1,-1,-1,-1,-1,-1,-1,-1,-1,-1,-1,-1,-1,-1,-1,0,0,0,0,0,-1,1,0,0,-1,0,-1,[0|0|0|0|0|0|0|0]
54397,,676002,-1,-1,-1,-1,-1,-1,-1,-1,900,-1,-1,0,0,0,0,1,0,0,0,0,0,0,0,0,0,0,0,0,0,0,0,-1,-1,0,0,0,0,-1,-1,-1,-1,-1,-1,-1,-1,-1,-1,-1,-1,-1,-1,-1,-1,0,0,0,0,0,-1,1,0,0,-1,0,-1,[0|0|0|0|0|0|0|0]
54398,,676003,-1,-1,-1,-1,-1,-1,-1,-1,135,-1,-1,0,0,0,0,1,0,0,0,0,0,0,0,0,0,0,0,0,0,0,0,-1,-1,0,0,0,0,-1,-1,-1,-1,-1,-1,-1,-1,-1,-1,-1,-1,-1,-1,-1,-1,0,0,0,0,0,-1,1,0,0,-1,0,-1,[0|0|0|0|0|0|0|0]
54399,,676003,-1,-1,-1,-1,-1,-1,-1,-1,136,-1,-1,0,0,0,0,1,0,0,0,0,0,0,0,0,0,0,0,0,0,0,0,-1,-1,0,0,0,0,-1,-1,-1,-1,-1,-1,-1,-1,-1,-1,-1,-1,-1,-1,-1,-1,0,0,0,0,0,-1,1,0,0,-1,0,-1,[0|0|0|0|0|0|0|0]
54400,,676004,-1,-1,-1,-1,-1,-1,-1,-1,900,-1,-1,0,0,0,0,1,0,0,0,0,0,0,0,0,0,0,0,0,0,0,0,-1,-1,0,0,0,0,-1,-1,-1,-1,-1,-1,-1,-1,-1,-1,-1,-1,-1,-1,-1,-1,0,0,0,0,0,-1,1,0,0,-1,0,-1,[0|0|0|0|0|0|0|0]
54401,,676037,676037,-1,-1,-1,-1,-1,-1,-1,905,-1,-1,0,0,0,0,0,0,0,0,0,0,0,0,0,0,0,0,0,0,0,0,-1,-1,0,0,0,0,-1,-1,-1,-1,-1,-1,-1,-1,-1,-1,-1,-1,-1,-1,-1,-1,0,0,0,0,0,-1,0,0,0,-1,0,-1,[0|0|0|0|0|0|0|0]
54402,,676038,-1,-1,-1,-1,-1,-1,-1,-1,290,-1,-1,0,0,0,0,0,0,0,0,0,0,0,0,0,0,0,0,0,0,0,0,-1,-1,0,0,0,0,-1,-1,-1,-1,-1,-1,-1,-1,-1,-1,-1,-1,-1,-1,-1,-1,0,0,0,0,0,-1,0,0,0,-1,0,-1,[0|0|0|0|0|0|0|0]
54406,,676005,-1,-1,-1,-1,-1,-1,-1,-1,220,-1,-1,0,0,0,0,1,0,0,0,0,0,0,0,0,0,0,0,0,0,0,0,-1,-1,0,0,0,0,-1,-1,-1,-1,-1,-1,-1,-1,-1,-1,-1,-1,-1,-1,-1,-1,0,0,0,0,0,-1,1,0,0,-1,0,-1,[0|0|0|0|0|0|0|0]
54407,,676006,-1,-1,-1,-1,-1,-1,-1,-1,907,-1,-1,0,0,0,0,1,0,0,0,0,0,0,0,0,0,0,0,0,0,0,0,-1,-1,0,0,0,0,-1,-1,-1,-1,-1,-1,-1,-1,-1,-1,-1,-1,-1,-1,-1,-1,0,0,0,0,0,-1,1,0,0,-1,0,-1,[0|0|0|0|0|0|0|0]
54408,,676022,-1,-1,-1,-1,-1,-1,-1,-1,905,-1,-1,0,0,0,0,0,0,0,0,0,0,0,0,0,0,0,0,0,0,0,0,-1,-1,0,0,0,0,-1,-1,-1,-1,-1,-1,-1,-1,-1,-1,-1,-1,-1,-1,-1,-1,0,0,0,0,0,-1,0,0,0,-1,0,-1,[0|0|0|0|0|0|0|0]
54409,,676023,-1,-1,-1,-1,-1,-1,-1,-1,905,-1,-1,0,0,0,0,0,0,0,0,0,0,0,0,0,0,0,0,0,0,0,0,-1,-1,0,0,0,0,-1,-1,-1,-1,-1,-1,-1,-1,-1,-1,-1,-1,-1,-1,-1,-1,0,0,0,0,0,-1,0,0,0,-1,0,-1,[0|0|0|0|0|0|0|0]
54410,,679016,-1,-1,-1,-1,-1,-1,-1,-1,900,-1,-1,0,0,0,0,0,0,0,0,0,0,0,0,0,0,0,0,0,0,0,0,-1,-1,0,0,0,0,-1,-1,-1,-1,-1,-1,-1,-1,-1,-1,-1,-1,-1,-1,-1,-1,0,0,0,0,0,-1,0,0,0,-1,0,-1,[0|0|0|0|0|0|0|0]
54411,,679017,679017,-1,-1,-1,-1,-1,-1,-1,905,-1,-1,0,0,0,0,0,0,0,0,0,0,0,0,0,0,0,0,0,0,0,0,-1,-1,0,0,0,0,-1,-1,-1,-1,-1,-1,-1,-1,-1,-1,-1,-1,-1,-1,-1,-1,0,0,0,0,0,-1,0,0,0,-1,0,-1,[0|0|0|0|0|0|0|0]
54412,,679015,679015,-1,-1,-1,-1,-1,-1,-1,300,-1,-1,0,0,0,0,0,0,0,0,0,0,0,0,0,0,0,0,0,0,0,0,-1,-1,0,0,0,0,-1,-1,-1,-1,-1,-1,-1,-1,-1,-1,-1,-1,-1,-1,-1,-1,0,0,0,0,0,-1,0,0,0,-1,0,-1,[0|0|0|0|0|0|0|0]
54420,,-1,-1,-1,-1,-1,-1,-1,-1,-1,-1,-1,-1,0,0,0,0,0,0,0,0,0,0,0,0,0,0,0,0,0,1,0,0,-1,-1,0,0,0,0,-1,-1,-1,-1,-1,-1,-1,-1,-1,-1,-1,-1,-1,-1,-1,-1,0,2,0,0,800,-1,0,0,0,-1,0,-1,[0|0|0|0|0|0|0|0]
54430,,679210,-1,-1,-1,-1,-1,-1,-1,-1,200,-1,-1,0,0,0,0,0,0,0,0,0,0,0,0,0,0,0,0,0,0,0,0,-1,-1,0,0,0,0,-1,-1,-1,-1,-1,-1,-1,-1,-1,-1,-1,-1,-1,-1,-1,-1,0,0,0,0,0,-1,0,0,0,-1,0,-1,[0|0|0|0|0|0|0|0]
54431,,679200,-1,-1,-1,-1,-1,-1,-1,-1,300,-1,-1,0,0,0,0,0,0,0,0,0,0,0,0,0,0,0,0,0,0,0,0,-1,-1,0,0,0,0,-1,-1,-1,-1,-1,-1,-1,-1,-1,-1,-1,-1,-1,-1,-1,-1,0,0,0,0,0,-1,0,0,0,-1,0,-1,[0|0|0|0|0|0|0|0]
54432,,679205,-1,-1,-1,-1,-1,-1,-1,-1,310,-1,-1,0,0,0,0,0,0,0,0,0,0,0,0,0,0,0,0,0,0,0,0,-1,-1,0,0,0,0,-1,-1,-1,-1,-1,-1,-1,-1,-1,-1,-1,-1,-1,-1,-1,-1,0,0,0,0,0,-1,0,0,0,-1,0,-1,[0|0|0|0|0|0|0|0]
54440,,675372,-1,-1,-1,-1,-1,-1,-1,-1,85,-1,-1,0,0,0,0,0,0,0,0,0,0,0,0,0,0,0,0,0,0,0,0,-1,-1,0,0,0,0,-1,-1,-1,-1,-1,-1,-1,-1,-1,-1,-1,-1,-1,-1,-1,-1,0,0,0,0,0,-1,0,0,0,-1,0,-1,[0|0|0|0|0|0|0|0]
54441,,675373,-1,-1,-1,-1,-1,-1,-1,-1,85,-1,-1,0,0,0,0,0,0,0,0,0,0,0,0,0,0,0,0,0,0,0,0,-1,-1,0,0,0,0,-1,-1,-1,-1,-1,-1,-1,-1,-1,-1,-1,-1,-1,-1,-1,-1,0,0,0,0,0,-1,0,0,0,-1,0,-1,[0|0|0|0|0|0|0|0]
54442,,675374,-1,-1,-1,-1,-1,-1,-1,-1,85,-1,-1,0,0,0,0,0,0,0,0,0,0,0,0,0,0,0,0,0,0,0,0,-1,-1,0,0,0,0,-1,-1,-1,-1,-1,-1,-1,-1,-1,-1,-1,-1,-1,-1,-1,-1,0,0,0,0,0,-1,0,0,0,-1,0,-1,[0|0|0|0|0|0|0|0]
54443,,675395,-1,-1,-1,-1,-1,-1,-1,-1,905,-1,-1,0,0,0,0,0,0,0,1,0,1,0,0,0,0,0,0,0,0,0,0,-1,-1,0,0,0,0,-1,-1,-1,-1,-1,-1,-1,-1,-1,-1,-1,-1,-1,-1,-1,-1,0,0,0,0,0,-1,0,0,0,-1,0,-1,[0|0|0|0|0|0|0|0]
54444,,675240,-1,-1,-1,-1,-1,-1,-1,-1,905,-1,-1,0,0,0,0,0,0,0,1,0,0,0,0,0,0,0,0,0,0,0,0,-1,-1,0,0,0,0,-1,-1,-1,-1,-1,-1,-1,-1,-1,-1,-1,-1,-1,-1,-1,-1,0,0,25,0,0,-1,0,0,0,-1,0,-1,[0|0|0|0|0|0|0|0]
54445,,675250,752107001,-1,-1,-1,-1,-1,-1,-1,905,-1,-1,0,0,0,0,0,0,0,0,0,0,0,0,0,0,0,0,0,0,0,0,-1,-1,0,0,0,0,-1,-1,-1,-1,-1,-1,-1,-1,-1,-1,-1,-1,-1,-1,-1,-1,0,0,0,0,0,-1,0,0,0,-1,0,-1,[0|0|0|0|0|0|0|0]
54446,,675251,-1,-1,-1,-1,-1,-1,-1,-1,905,-1,-1,0,0,0,0,0,0,0,0,0,0,0,0,0,0,0,0,0,0,0,0,-1,-1,0,0,0,0,-1,-1,-1,-1,-1,-1,-1,-1,-1,-1,-1,-1,-1,-1,-1,-1,0,0,0,0,0,-1,0,0,0,-1,0,-1,[0|0|0|0|0|0|0|0]
54447,,675399,-1,-1,-1,-1,-1,-1,-1,-1,220,-1,-1,0,0,3,0,0,0,0,0,0,0,0,0,0,0,0,0,0,0,0,0,-1,-1,0,0,0,0,-1,-1,-1,-1,-1,-1,-1,-1,-1,-1,-1,-1,-1,-1,-1,-1,0,0,0,0,0,-1,0,0,0,-1,0,-1,[0|0|0|0|0|0|0|0]
54448,,-1,-1,-1,-1,-1,-1,-1,-1,-1,-1,-1,-1,0,0,0,0,0,0,0,0,0,0,0,0,0,0,0,0,0,0,0,0,-1,-1,0,0,0,0,-1,-1,-1,-1,-1,-1,-1,-1,-1,-1,-1,-1,-1,-1,-1,-1,0,0,0,0,0,2005,0,1,6.5,-1,0,10032,[0|0|208|64|0|0|0|0]
54449,,-1,-1,-1,-1,-1,-1,-1,-1,-1,-1,-1,-1,0,0,0,0,0,0,0,0,0,0,0,0,0,0,0,0,0,0,0,0,-1,-1,0,0,0,0,-1,-1,-1,-1,-1,-1,-1,-1,-1,-1,-1,-1,-1,-1,-1,-1,0,0,0,0,0,2005,0,1,6.5,-1,0,10033,[0|0|208|64|0|0|0|0]
54450,,-1,-1,-1,-1,-1,-1,-1,-1,-1,0,-1,-1,0,0,0,0,0,0,0,0,0,0,0,0,0,0,0,0,0,0,0,0,-1,-1,0,0,0,0,-1,-1,-1,-1,-1,-1,-1,-1,-1,-1,-1,-1,-1,-1,-1,-1,0,2,0,0,240,-1,0,0,0,-1,0,-1,[0|0|0|0|0|0|0|0]
54451,,101,-1,-1,-1,-1,-1,-1,-1,-1,220,-1,-1,0,0,0,0,0,0,0,0,0,0,0,0,0,0,0,0,0,1,0,0,-1,-1,0,0,0,0,-1,-1,-1,-1,-1,-1,-1,-1,-1,-1,-1,-1,-1,-1,-1,-1,0,0,0,0,0,-1,0,0,0,-1,0,-1,[0|0|0|0|0|0|0|0]
54452,,-1,-1,-1,-1,-1,-1,-1,-1,-1,-1,-1,-1,0,0,0,0,0,0,0,1,1,0,0,0,0,0,0,0,0,1,0,0,-1,-1,0,0,0,0,-1,-1,-1,-1,-1,-1,-1,-1,-1,-1,-1,-1,-1,-1,-1,-1,0,0,0,0,0,-1,0,0,0,-1,0,-1,[0|0|0|0|0|0|0|0]
54460,,-1,675602,675602,-1,-1,-1,-1,-1,-1,-1,220,-1,0,0,0,0,0,0,0,0,0,0,0,0,0,0,0,0,1,0,0,0,-1,-1,0,0,0,0,-1,-1,-1,-1,-1,-1,-1,-1,-1,-1,-1,-1,-1,-1,-1,-1,0,0,0,0,0,-1,0,0,0,-1,0,-1,[0|0|0|0|0|0|0|0]
54461,,675603,675603,-1,-1,-1,-1,-1,-1,-1,200,-1,-1,0,0,0,0,0,0,0,0,0,0,0,0,0,0,0,0,1,0,0,0,-1,-1,0,0,0,0,-1,-1,-1,-1,-1,-1,-1,-1,-1,-1,-1,-1,-1,-1,-1,-1,0,0,0,0,0,-1,0,0,0,-1,0,-1,[0|0|0|0|0|0|0|0]
54462,,-1,-1,675601,-1,-1,-1,-1,-1,-1,-1,220,-1,0,0,0,0,0,0,0,0,0,0,0,0,0,0,0,0,1,0,0,0,-1,-1,0,0,0,0,-1,-1,-1,-1,-1,-1,-1,-1,-1,-1,-1,-1,-1,-1,-1,-1,0,0,0,0,0,-1,0,0,0,-1,0,-1,[0|0|0|0|0|0|0|0]
54463,,675669,-1,-1,-1,-1,-1,-1,-1,-1,220,-1,-1,0,0,0,0,0,0,0,0,0,0,0,0,0,0,0,0,1,0,0,0,-1,-1,0,0,0,0,-1,-1,-1,-1,-1,-1,-1,-1,-1,-1,-1,-1,-1,-1,-1,-1,0,0,0,0,0,-1,0,0,0,-1,0,-1,[0|0|0|0|0|0|0|0]
54464,,675670,675670,-1,-1,-1,-1,-1,-1,-1,960,-1,-1,0,0,0,0,0,0,0,0,0,0,0,0,0,0,0,0,1,0,0,0,-1,-1,0,0,0,0,-1,-1,-1,-1,-1,-1,-1,-1,-1,-1,-1,-1,-1,-1,-1,-1,0,0,0,0,0,-1,0,0,0,-1,0,-1,[0|0|0|0|0|0|0|0]
54465,,675671,-1,-1,-1,-1,-1,-1,-1,-1,91,-1,-1,0,0,0,0,0,0,0,0,0,0,0,0,0,0,0,0,1,0,0,0,-1,-1,0,0,0,0,-1,-1,-1,-1,-1,-1,-1,-1,-1,-1,-1,-1,-1,-1,-1,-1,0,0,0,0,0,-1,0,0,0,-1,0,-1,[0|0|0|0|0|0|0|0]
54466,,675691,-1,-1,-1,-1,-1,-1,-1,-1,220,-1,-1,0,0,0,0,0,0,0,0,0,0,0,0,0,0,0,0,1,0,0,0,-1,-1,0,0,0,0,-1,-1,-1,-1,-1,-1,-1,-1,-1,-1,-1,-1,-1,-1,-1,-1,0,0,0,0,0,-1,0,0,0,-1,0,-1,[0|0|0|0|0|0|0|0]
54467,,-1,-1,-1,-1,-1,-1,-1,-1,-1,-1,-1,-1,0,0,0,0,0,0,0,0,0,0,0,0,0,0,0,0,0,0,0,0,-1,-1,0,0,0,0,-1,-1,-1,-1,-1,-1,-1,-1,-1,-1,-1,-1,-1,-1,-1,-1,0,0,0,0,0,-1,0,0,0,-1,0,10031,[0|0|0|0|0|0|0|0]
54468,,675693,-1,-1,-1,-1,-1,-1,-1,-1,210,-1,-1,0,0,0,0,0,0,0,0,0,0,0,0,0,0,0,0,1,0,0,0,-1,-1,0,0,0,0,-1,-1,-1,-1,-1,-1,-1,-1,-1,-1,-1,-1,-1,-1,-1,-1,0,0,0,0,0,-1,0,0,0,-1,0,-1,[0|0|0|0|0|0|0|0]
54470,,675660,-1,-1,-1,-1,-1,-1,-1,-1,220,-1,-1,0,0,0,0,0,0,0,0,0,0,0,0,0,0,0,0,1,0,0,0,-1,-1,0,0,0,0,-1,-1,-1,-1,-1,-1,-1,-1,-1,-1,-1,-1,-1,-1,-1,-1,0,0,0,0,0,-1,0,0,0,-1,0,-1,[0|0|0|0|0|0|0|0]
54471,,675661,-1,-1,-1,-1,-1,-1,-1,-1,220,-1,-1,0,0,0,0,0,0,0,0,0,0,0,0,0,0,0,0,1,0,0,0,-1,-1,0,0,0,0,-1,-1,-1,-1,-1,-1,-1,-1,-1,-1,-1,-1,-1,-1,-1,-1,0,0,0,0,0,-1,0,0,0,-1,0,-1,[0|0|0|0|0|0|0|0]
54472,,675662,-1,-1,-1,-1,-1,-1,-1,-1,220,-1,-1,0,0,0,0,0,0,0,0,0,0,0,0,0,0,0,0,1,0,0,0,-1,-1,0,0,0,0,-1,-1,-1,-1,-1,-1,-1,-1,-1,-1,-1,-1,-1,-1,-1,-1,0,0,0,0,0,-1,0,0,0,-1,0,-1,[0|0|0|0|0|0|0|0]
54473,,-1,-1,675609,-1,-1,-1,-1,-1,-1,-1,220,-1,0,0,0,0,0,0,0,0,0,0,0,0,0,0,0,0,0,0,0,0,-1,-1,0,0,0,0,-1,-1,-1,-1,-1,-1,-1,-1,-1,-1,-1,-1,-1,-1,-1,-1,0,0,0,0,0,-1,0,0,0,-1,0,-1,[0|0|0|0|0|0|0|0]
54475,,675676,-1,-1,-1,-1,-1,-1,-1,-1,905,-1,-1,0,0,0,0,0,0,0,0,0,0,0,0,0,0,0,0,0,0,0,0,-1,-1,0,0,0,0,-1,-1,-1,-1,-1,-1,-1,-1,-1,-1,-1,-1,-1,-1,-1,-1,0,0,0,0,0,-1,0,0,0,-1,0,-1,[0|0|0|0|0|0|0|0]
54476,,24027,-1,-1,-1,-1,-1,-1,-1,-1,220,-1,-1,0,0,3,0,0,0,1,1,1,1,0,0,0,0,0,0,0,0,0,0,-1,-1,0,0,0,0,-1,-1,-1,-1,-1,-1,-1,-1,-1,-1,-1,-1,-1,-1,-1,-1,0,0,0,0,0,-1,0,0,0,-1,0,-1,[0|0|0|0|0|0|0|0]
54477,,-1,-1,681402,-1,-1,-1,-1,-1,-1,-1,220,-1,0,0,0,0,0,0,0,0,0,0,0,0,0,0,0,0,1,0,0,0,-1,-1,0,0,0,0,-1,-1,-1,-1,-1,-1,-1,-1,-1,-1,-1,-1,-1,-1,-1,-1,0,0,0,0,0,-1,0,0,0,-1,0,-1,[0|0|0|0|0|0|0|0]
54478,,-1,-1,681401,-1,-1,-1,-1,-1,-1,-1,220,-1,0,0,0,0,0,0,0,0,0,0,0,0,0,0,0,0,1,0,0,0,-1,-1,0,0,0,0,-1,-1,-1,-1,-1,-1,-1,-1,-1,-1,-1,-1,-1,-1,-1,-1,0,0,0,0,0,-1,0,0,0,-1,0,-1,[0|0|0|0|0|0|0|0]
54479,,-1,-1,-1,-1,-1,-1,-1,-1,-1,-1,-1,-1,0,0,0,0,0,0,0,0,0,0,0,0,0,0,0,0,0,0,0,0,-1,-1,0,0,0,0,-1,-1,-1,-1,-1,-1,-1,-1,-1,-1,-1,-1,-1,-1,-1,-1,0,0,0,0,0,-1,0,0,0,-1,0,10031,[0|0|0|0|0|0|0|0]
54480,,-1,-1,-1,-1,-1,-1,-1,-1,-1,-1,-1,-1,0,0,0,0,0,0,0,0,0,0,0,0,0,0,0,0,0,0,0,0,-1,-1,0,0,0,0,-1,-1,-1,-1,-1,-1,-1,-1,-1,-1,-1,-1,-1,-1,-1,-1,0,0,0,0,0,10000,0,0,0,-1,0,-1,[0|0|0|0|0|0|0|0]
54490,,677020,-1,-1,-1,-1,-1,-1,-1,-1,13,-1,-1,0,0,0,0,0,0,0,0,0,0,0,0,0,0,0,0,1,0,0,0,-1,-1,0,0,0,0,-1,-1,-1,-1,-1,-1,-1,-1,-1,-1,-1,-1,-1,-1,-1,-1,0,0,0,0,0,-1,0,0,0,-1,0,-1,[0|0|0|0|0|0|0|0]
54491,,677021,-1,-1,-1,-1,-1,-1,-1,-1,14,-1,-1,0,0,0,0,0,0,0,0,0,0,0,0,0,0,0,0,1,0,0,0,-1,-1,0,0,0,0,-1,-1,-1,-1,-1,-1,-1,-1,-1,-1,-1,-1,-1,-1,-1,-1,0,0,0,0,0,-1,0,0,0,-1,0,-1,[0|0|0|0|0|0|0|0]
54500,,640255,-1,-1,-1,-1,-1,-1,-1,-1,905,-1,-1,0,0,0,0,0,0,0,0,0,0,0,0,0,0,0,0,1,0,0,0,-1,-1,0,0,0,0,-1,-1,-1,-1,-1,-1,-1,-1,-1,-1,-1,-1,-1,-1,-1,-1,0,0,0,0,0,-1,0,0,0,-1,0,-1,[0|0|0|0|0|0|0|0]
54501,,640256,-1,-1,-1,-1,-1,-1,-1,-1,81,-1,-1,0,0,0,0,0,0,0,0,0,0,0,0,0,0,0,0,1,0,0,0,-1,-1,0,0,0,0,-1,-1,-1,-1,-1,-1,-1,-1,-1,-1,-1,-1,-1,-1,-1,-1,0,0,0,0,0,-1,0,0,0,-1,0,-1,[0|0|0|0|0|0|0|0]
54510,,675000,-1,-1,-1,-1,-1,-1,-1,-1,-1,-1,-1,0,0,0,0,0,0,0,0,0,0,0,0,0,0,0,0,0,1,0,0,-1,-1,0,0,0,0,-1,-1,-1,-1,-1,-1,-1,-1,-1,-1,-1,-1,-1,-1,-1,-1,0,0,0,0,0,-1,0,0,0,-1,0,-1,[0|0|0|0|0|0|0|0]
54511,,-1,999997804,-1,-1,-1,-1,-1,-1,-1,-1,-1,-1,0,0,0,0,0,0,0,1,1,0,0,0,0,0,0,0,0,1,0,0,-1,-1,0,0,0,0,-1,-1,-1,-1,-1,-1,-1,-1,-1,-1,-1,-1,-1,-1,-1,-1,0,0,0,0,0,-1,0,0,0,-1,0,-1,[0|0|0|0|0|0|0|0]
54512,,-1,-1,-1,-1,-1,-1,-1,-1,-1,-1,-1,-1,0,0,0,0,0,0,1,1,1,1,0,0,0,0,0,0,0,1,0,0,-1,-1,0,0,0,0,-1,-1,-1,-1,-1,-1,-1,-1,-1,-1,-1,-1,-1,-1,-1,-1,0,0,0,0,0,-1,0,0,0,-1,0,-1,[0|0|0|0|0|0|0|0]
54515,,-1,-1,-1,-1,-1,-1,-1,-1,-1,-1,-1,-1,0,0,0,0,0,0,0,0,0,0,0,0,0,0,0,0,0,1,0,0,-1,-1,0,0,0,0,-1,-1,-1,-1,-1,-1,-1,-1,-1,-1,-1,-1,-1,-1,-1,-1,0,0,0,0,0,10000,0,0,0,-1,0,-1,[0|0|0|0|0|0|0|0]
54516,,-1,-1,-1,-1,-1,-1,-1,-1,-1,-1,-1,-1,0,0,0,0,0,0,0,0,0,0,0,0,0,0,0,0,0,1,0,0,-1,-1,0,0,0,0,-1,-1,-1,-1,-1,-1,-1,-1,-1,-1,-1,-1,-1,-1,-1,-1,0,0,0,0,0,10000,0,0.2,0.5,-1,0,-1,[0|0|0|0|0|0|0|0]
54517,,-1,-1,-1,-1,-1,-1,-1,-1,-1,-1,-1,-1,0,0,0,0,0,0,0,0,0,0,0,0,0,0,0,0,0,1,0,0,-1,-1,0,0,0,0,-1,-1,-1,-1,-1,-1,-1,-1,-1,-1,-1,-1,-1,-1,-1,-1,0,0,0,0,0,10000,0.2,1,0.5,-1,0,10001,[0|0|0|0|0|0|0|0]
54520,,675010,-1,-1,-1,-1,-1,-1,-1,-1,251,-1,-1,0,0,0,0,0,0,0,0,0,0,0,0,0,0,0,0,0,1,0,0,-1,-1,0,0,0,0,-1,-1,-1,-1,-1,-1,-1,-1,-1,-1,-1,-1,-1,-1,-1,-1,0,0,0,0,0,-1,0,0,0,-1,0,-1,[0|0|0|0|0|0|0|0]
54521,,675011,-1,-1,-1,-1,-1,-1,-1,-1,30,-1,-1,0,0,0,0,0,0,0,0,0,0,0,0,0,0,0,0,0,1,0,0,-1,-1,0,0,0,0,-1,-1,-1,-1,-1,-1,-1,-1,-1,-1,-1,-1,-1,-1,-1,-1,0,0,0,0,0,-1,0,0,0,-1,0,-1,[0|0|0|0|0|0|0|0]
54525,,675015,-1,-1,-1,-1,-1,-1,-1,-1,802,-1,-1,0,0,0,0,0,0,0,0,0,0,0,0,0,0,0,0,0,1,0,0,-1,-1,0,0,0,0,-1,-1,-1,-1,-1,-1,-1,-1,-1,-1,-1,-1,-1,-1,-1,-1,0,0,0,0,0,-1,0,0,0,-1,0,-1,[0|0|0|0|0|0|0|0]
54526,,675016,-1,-1,-1,-1,-1,-1,-1,-1,812,-1,-1,0,0,0,0,0,0,0,0,0,0,0,0,0,0,0,0,0,1,0,0,-1,-1,0,0,0,0,-1,-1,-1,-1,-1,-1,-1,-1,-1,-1,-1,-1,-1,-1,-1,-1,0,0,0,0,0,-1,0,0,0,-1,0,-1,[0|0|0|0|0|0|0|0]
54527,,675015,-1,-1,-1,-1,-1,-1,-1,-1,801,-1,-1,0,0,0,0,0,0,0,0,0,0,0,0,0,0,0,0,0,1,0,0,-1,-1,0,0,0,0,-1,-1,-1,-1,-1,-1,-1,-1,-1,-1,-1,-1,-1,-1,-1,-1,0,0,0,0,0,-1,0,0,0,-1,0,-1,[0|0|0|0|0|0|0|0]
54528,,675016,-1,-1,-1,-1,-1,-1,-1,-1,811,-1,-1,0,0,0,0,0,0,0,0,0,0,0,0,0,0,0,0,0,1,0,0,-1,-1,0,0,0,0,-1,-1,-1,-1,-1,-1,-1,-1,-1,-1,-1,-1,-1,-1,-1,-1,0,0,0,0,0,-1,0,0,0,-1,0,-1,[0|0|0|0|0|0|0|0]
54530,,675085,-1,-1,-1,-1,-1,-1,-1,-1,801,-1,-1,0,0,0,0,0,0,0,0,0,0,0,0,0,0,0,0,0,1,0,0,-1,-1,0,0,0,0,-1,-1,-1,-1,-1,-1,-1,-1,-1,-1,-1,-1,-1,-1,-1,-1,0,0,0,0,0,-1,0,0,0,-1,0,-1,[0|0|0|0|0|0|0|0]
54540,,674920,-1,-1,-1,-1,-1,-1,-1,-1,220,-1,-1,0,0,3,2,0,0,0,0,0,0,0,0,0,0,0,0,0,0,0,0,-1,-1,0,0,0,0,-1,-1,-1,-1,-1,-1,-1,-1,-1,-1,-1,-1,-1,-1,-1,-1,0,0,0,0,0,-1,0,0,0,-1,0,-1,[0|0|0|0|0|0|0|0]
54541,,674920,-1,-1,-1,-1,-1,-1,-1,-1,220,-1,-1,0,0,3,1,0,0,0,0,0,0,0,0,0,0,0,0,0,0,0,0,-1,-1,0,0,0,0,-1,-1,-1,-1,-1,-1,-1,-1,-1,-1,-1,-1,-1,-1,-1,-1,0,0,0,0,0,-1,0,0,0,-1,0,-1,[0|0|0|0|0|0|0|0]
54542,,674920,-1,-1,-1,-1,-1,-1,-1,-1,220,-1,-1,0,0,3,0,0,0,0,0,0,0,0,0,0,0,0,0,0,0,0,0,-1,-1,0,0,0,0,-1,-1,-1,-1,-1,-1,-1,-1,-1,-1,-1,-1,-1,-1,-1,-1,0,0,0,0,0,-1,0,0,0,-1,0,-1,[0|0|0|0|0|0|0|0]
54550,,678000,-1,-1,-1,-1,-1,-1,-1,-1,-1,-1,-1,0,0,0,0,0,0,0,0,0,0,0,0,0,0,0,0,0,0,0,0,-1,-1,0,0,0,0,-1,-1,-1,-1,-1,-1,-1,-1,-1,-1,-1,-1,-1,-1,-1,-1,0,0,0,0,0,-1,0,0,0,-1,0,-1,[0|0|0|0|0|0|0|0]
54551,,678006,-1,-1,-1,-1,-1,-1,-1,-1,5,-1,-1,0,0,0,0,0,0,0,0,0,0,0,0,0,0,0,0,0,0,0,0,-1,-1,0,0,0,0,-1,-1,-1,-1,-1,-1,-1,-1,-1,-1,-1,-1,-1,-1,-1,-1,0,0,0,0,0,-1,0,0,0,-1,0,-1,[0|0|0|0|0|0|0|0]
54552,,678006,-1,-1,-1,-1,-1,-1,-1,-1,6,-1,-1,0,0,0,0,0,0,0,0,0,0,0,0,0,0,0,0,0,0,0,0,-1,-1,0,0,0,0,-1,-1,-1,-1,-1,-1,-1,-1,-1,-1,-1,-1,-1,-1,-1,-1,0,0,0,0,0,-1,0,0,0,-1,0,-1,[0|0|0|0|0|0|0|0]
54553,,678005,-1,-1,-1,-1,-1,-1,-1,-1,220,-1,-1,0,0,0,0,0,0,0,0,0,0,0,0,0,0,0,0,0,0,0,0,-1,-1,0,0,0,0,-1,-1,-1,-1,-1,-1,-1,-1,-1,-1,-1,-1,-1,-1,-1,-1,0,0,0,0,0,-1,0,0,0,-1,0,-1,[0|0|0|0|0|0|0|0]
54560,,-1,-1,648982,-1,-1,-1,-1,-1,-1,-1,11,-1,0,0,0,0,0,0,0,0,0,0,0,0,0,0,0,0,0,0,0,0,-1,-1,0,0,0,0,-1,-1,-1,-1,-1,-1,-1,-1,-1,-1,-1,-1,-1,-1,-1,-1,0,0,0,0,0,-1,0,0,0,-1,0,-1,[0|0|0|0|0|0|0|0]
54570,,-1,-1,648983,-1,-1,-1,-1,-1,-1,-1,90,-1,0,0,0,0,0,0,0,0,0,0,0,0,0,0,0,0,0,0,0,0,-1,-1,0,0,0,0,-1,-1,-1,-1,-1,-1,-1,-1,-1,-1,-1,-1,-1,-1,-1,-1,0,0,0,0,0,-1,0,0,0,-1,0,-1,[0|0|0|0|0|0|0|0]
54580,,-1,-1,648980,-1,-1,-1,-1,-1,-1,-1,61,-1,0,0,0,0,0,0,0,0,0,0,0,0,0,0,0,0,0,0,0,0,-1,-1,0,0,0,0,-1,-1,-1,-1,-1,-1,-1,-1,-1,-1,-1,-1,-1,-1,-1,-1,0,0,0,0,0,-1,0,0,0,-1,0,-1,[0|0|0|0|0|0|0|0]
54590,,-1,-1,648981,-1,-1,-1,-1,-1,-1,-1,55,-1,0,0,0,0,0,0,0,0,0,0,0,0,0,0,0,0,0,0,0,0,-1,-1,0,0,0,0,-1,-1,-1,-1,-1,-1,-1,-1,-1,-1,-1,-1,-1,-1,-1,-1,0,0,0,0,0,-1,0,0,0,-1,0,-1,[0|0|0|0|0|0|0|0]
54595,,648998,-1,-1,-1,-1,-1,-1,-1,-1,-1,-1,-1,0,0,0,0,0,0,0,0,0,0,0,0,0,0,0,0,0,1,0,0,-1,-1,0,0,0,0,-1,-1,-1,-1,-1,-1,-1,-1,-1,-1,-1,-1,-1,-1,-1,-1,0,0,0,0,0,-1,0,0,0,-1,0,-1,[0|0|0|0|0|0|0|0]
54596,,648999,-1,-1,-1,-1,-1,-1,-1,-1,-1,-1,-1,0,0,0,0,0,0,0,0,0,0,0,0,0,0,0,0,0,1,0,0,-1,-1,0,0,0,0,-1,-1,-1,-1,-1,-1,-1,-1,-1,-1,-1,-1,-1,-1,-1,-1,0,0,0,0,0,-1,0,0,0,-1,0,-1,[0|0|0|0|0|0|0|0]
54597,,4400,-1,-1,-1,-1,-1,-1,-1,-1,905,-1,-1,0,0,4,30,1,0,0,0,0,0,0,0,0,0,1,0,0,0,0,0,-1,-1,0,0,0,0,-1,-1,-1,-1,-1,-1,-1,-1,-1,-1,-1,-1,-1,-1,-1,-1,0,0,0,0,0,-1,0,0,0,-1,0,-1,[0|0|0|0|0|0|0|0]
54600,,649001,649001,-1,-1,-1,-1,-1,-1,-1,220,-1,-1,0,0,0,0,0,0,0,0,0,0,0,0,0,0,0,0,0,0,0,0,-1,-1,0,0,0,0,-1,-1,-1,-1,-1,-1,-1,-1,-1,-1,-1,-1,-1,-1,-1,-1,0,0,0,0,0,-1,0,0,0,-1,0,-1,[0|0|0|0|0|0|0|0]
54601,,649002,649002,-1,-1,-1,-1,-1,-1,-1,220,-1,-1,0,0,0,0,0,0,0,0,0,0,0,0,0,0,0,0,0,0,0,0,-1,-1,0,0,0,0,-1,-1,-1,-1,-1,-1,-1,-1,-1,-1,-1,-1,-1,-1,-1,-1,0,0,0,0,0,-1,0,0,0,-1,0,-1,[0|0|0|0|0|0|0|0]
54602,,649003,649003,-1,-1,-1,-1,-1,-1,-1,220,-1,-1,0,0,0,0,0,0,0,0,0,0,0,0,0,0,0,0,0,0,0,0,-1,-1,0,0,0,0,-1,-1,-1,-1,-1,-1,-1,-1,-1,-1,-1,-1,-1,-1,-1,-1,0,0,0,0,0,-1,0,0,0,-1,0,-1,[0|0|0|0|0|0|0|0]
54603,,649006,649006,-1,-1,-1,-1,-1,-1,-1,220,-1,-1,0,0,0,0,0,0,0,0,0,0,0,0,0,0,0,0,0,0,0,0,-1,-1,0,0,0,0,-1,-1,-1,-1,-1,-1,-1,-1,-1,-1,-1,-1,-1,-1,-1,-1,0,0,0,0,0,-1,0,0,0,-1,0,-1,[0|0|0|0|0|0|0|0]
54604,,-1,-1,-1,-1,-1,-1,-1,-1,-1,-1,-1,-1,0,0,0,0,0,0,0,0,0,0,0,0,0,0,0,0,0,0,0,0,-1,-1,0,0,0,0,-1,-1,-1,-1,-1,-1,-1,-1,-1,-1,-1,-1,-1,-1,-1,-1,0,0,0,0,0,-1,0,0,0,-1,0,10034,[0|0|0|0|0|0|0|0]
54605,,-1,-1,-1,-1,-1,-1,-1,-1,-1,-1,-1,-1,0,0,0,0,0,0,0,0,0,0,0,0,0,0,0,0,0,0,0,0,-1,-1,0,0,0,0,-1,-1,-1,-1,-1,-1,-1,-1,-1,-1,-1,-1,-1,-1,-1,-1,0,0,0,0,0,-1,0,0,0,-1,0,10035,[0|0|0|0|0|0|0|0]
54606,,-1,-1,-1,-1,-1,-1,-1,-1,-1,-1,-1,-1,0,0,0,0,0,0,0,0,0,0,0,0,0,0,0,0,0,0,0,0,-1,-1,0,0,0,0,-1,-1,-1,-1,-1,-1,-1,-1,-1,-1,-1,-1,-1,-1,-1,-1,0,0,0,0,0,-1,0,0,0,-1,0,10036,[0|0|0|0|0|0|0|0]
54607,,-1,-1,-1,-1,-1,-1,-1,-1,-1,-1,-1,-1,0,0,0,0,0,0,0,0,0,0,0,0,0,0,0,0,0,0,0,0,-1,-1,0,0,0,0,-1,-1,-1,-1,-1,-1,-1,-1,-1,-1,-1,-1,-1,-1,-1,-1,0,0,0,0,0,-1,0,0,0,-1,0,10037,[0|0|0|0|0|0|0|0]
54608,,648970,-1,-1,-1,-1,-1,-1,-1,-1,220,-1,-1,0,0,0,0,0,0,0,0,0,0,0,0,0,0,0,0,0,0,0,0,-1,-1,0,0,0,0,-1,-1,-1,-1,-1,-1,-1,-1,-1,-1,-1,-1,-1,-1,-1,-1,0,0,0,0,0,-1,0,0,0,-1,0,-1,[0|0|0|0|0|0|0|0]
54609,,4500,-1,-1,-1,-1,-1,-1,-1,-1,905,-1,-1,0,0,0,0,1,0,0,0,0,0,0,0,0,0,0,0,0,0,0,0,-1,-1,0,0,0,0,-1,-1,-1,-1,-1,-1,-1,-1,-1,-1,-1,-1,-1,-1,-1,-1,0,0,0,0,0,-1,0,0,0,-1,0,-1,[0|0|0|0|0|0|0|0]
54620,,-1,-1,-1,-1,-1,-1,-1,-1,-1,-1,-1,-1,0,0,0,0,0,0,0,0,0,0,0,0,0,0,0,0,0,1,0,0,-1,-1,0,0,0,0,-1,-1,-1,-1,-1,-1,-1,-1,-1,-1,-1,-1,-1,-1,-1,-1,0,0,0,0,0,-1,1,0,0,-1,0,-1,[0|0|0|0|0|0|0|0]
54621,,-1,-1,-1,-1,-1,-1,-1,-1,-1,-1,-1,-1,0,0,0,0,0,0,0,0,0,0,0,0,0,0,0,0,0,1,0,0,-1,-1,0,0,0,0,-1,-1,-1,-1,-1,-1,-1,-1,-1,-1,-1,-1,-1,-1,-1,-1,0,0,0,0,0,-1,1,0,0,-1,0,10002,[205|204|204|61|0|0|0|0]
54622,,-1,-1,-1,-1,-1,-1,-1,-1,-1,-1,-1,-1,0,0,0,0,0,0,0,0,0,0,0,0,0,0,0,0,0,1,0,0,-1,-1,0,0,0,0,-1,-1,-1,-1,-1,-1,-1,-1,-1,-1,-1,-1,-1,-1,-1,-1,0,0,0,0,0,-1,1,0,0,-1,0,10003,[205|204|204|61|0|0|0|0]
54623,,-1,-1,-1,-1,-1,-1,-1,-1,-1,-1,-1,-1,0,0,0,0,0,0,0,0,0,0,0,0,0,0,0,0,0,1,0,0,-1,-1,0,0,0,0,-1,-1,-1,-1,-1,-1,-1,-1,-1,-1,-1,-1,-1,-1,-1,-1,0,0,0,0,0,-1,1,0,0,-1,0,10004,[205|204|204|61|0|0|0|0]
54625,,678200,-1,-1,-1,-1,-1,-1,-1,-1,220,-1,-1,0,0,0,0,0,0,0,0,0,0,0,0,0,0,0,0,0,0,0,0,-1,-1,0,0,0,0,-1,-1,-1,-1,-1,-1,-1,-1,-1,-1,-1,-1,-1,-1,-1,-1,0,0,0,0,0,-1,0,0,0,-1,0,-1,[0|0|0|0|0|0|0|0]
54626,,678201,-1,-1,-1,-1,-1,-1,-1,-1,220,-1,-1,0,0,0,0,0,0,0,0,0,0,0,0,0,0,0,0,0,0,0,0,-1,-1,0,0,0,0,-1,-1,-1,-1,-1,-1,-1,-1,-1,-1,-1,-1,-1,-1,-1,-1,0,0,0,0,0,-1,0,0,0,-1,0,-1,[0|0|0|0|0|0|0|0]
54627,,678220,-1,-1,-1,-1,-1,-1,-1,-1,220,-1,-1,0,0,0,0,0,0,0,0,0,0,0,0,0,0,0,0,0,0,0,0,-1,-1,0,0,0,0,-1,-1,-1,-1,-1,-1,-1,-1,-1,-1,-1,-1,-1,-1,-1,-1,0,0,0,0,0,-1,0,0,0,-1,0,-1,[0|0|0|0|0|0|0|0]
54628,,678221,-1,-1,-1,-1,-1,-1,-1,-1,220,-1,-1,0,0,0,0,0,0,0,0,0,0,0,0,0,0,0,0,0,0,0,0,-1,-1,0,0,0,0,-1,-1,-1,-1,-1,-1,-1,-1,-1,-1,-1,-1,-1,-1,-1,-1,0,0,0,0,0,-1,0,0,0,-1,0,-1,[0|0|0|0|0|0|0|0]
54630,,678205,678205,-1,-1,-1,-1,-1,-1,-1,200,-1,-1,0,0,4,11,0,0,0,0,0,0,0,0,0,0,1,0,0,0,0,0,-1,-1,0,0,0,0,-1,-1,-1,-1,-1,-1,-1,-1,-1,-1,-1,-1,-1,-1,-1,-1,0,0,0,0,0,-1,0,0,0,-1,0,-1,[0|0|0|0|0|0|0|0]
54631,,678230,678230,-1,-1,-1,-1,-1,-1,-1,200,-1,-1,0,0,4,11,0,0,0,0,0,0,0,0,0,0,1,0,0,0,0,0,-1,-1,0,0,0,0,-1,-1,-1,-1,-1,-1,-1,-1,-1,-1,-1,-1,-1,-1,-1,-1,0,0,0,0,0,-1,0,0,0,-1,0,-1,[0|0|0|0|0|0|0|0]
54632,,678231,678231,-1,-1,-1,-1,-1,-1,-1,200,-1,-1,0,0,4,11,0,0,0,0,0,0,0,0,0,0,1,0,0,0,0,0,-1,-1,0,0,0,0,-1,-1,-1,-1,-1,-1,-1,-1,-1,-1,-1,-1,-1,-1,-1,-1,0,0,0,0,0,-1,0,0,0,-1,0,-1,[0|0|0|0|0|0|0|0]
54633,,678232,-1,-1,-1,-1,-1,-1,-1,-1,960,-1,-1,0,0,0,0,0,0,0,0,0,0,0,0,0,0,0,0,0,0,0,0,-1,-1,0,0,0,0,-1,-1,-1,-1,-1,-1,-1,-1,-1,-1,-1,-1,-1,-1,-1,-1,0,0,0,0,0,-1,0,0,0,-1,0,-1,[0|0|0|0|0|0|0|0]
54634,,678233,-1,-1,-1,-1,-1,-1,-1,-1,960,-1,-1,0,0,0,0,0,0,0,0,0,0,0,0,0,0,0,0,0,0,0,0,-1,-1,0,0,0,0,-1,-1,-1,-1,-1,-1,-1,-1,-1,-1,-1,-1,-1,-1,-1,-1,0,0,0,0,0,-1,0,0,0,-1,0,-1,[0|0|0|0|0|0|0|0]
54635,,678202,-1,-1,-1,-1,-1,-1,-1,-1,301,-1,-1,0,0,0,0,0,0,0,0,0,0,0,0,0,0,0,0,0,0,0,0,-1,-1,0,0,0,0,-1,-1,-1,-1,-1,-1,-1,-1,-1,-1,-1,-1,-1,-1,-1,-1,0,0,0,0,0,-1,0,0,0,-1,0,-1,[0|0|0|0|0|0|0|0]
54636,,678225,-1,-1,-1,-1,-1,-1,-1,-1,301,-1,-1,0,0,0,0,0,0,0,0,0,0,0,0,0,0,0,0,0,0,0,0,-1,-1,0,0,0,0,-1,-1,-1,-1,-1,-1,-1,-1,-1,-1,-1,-1,-1,-1,-1,-1,0,0,0,0,0,-1,0,0,0,-1,0,-1,[0|0|0|0|0|0|0|0]
54637,,678226,-1,-1,-1,-1,-1,-1,-1,-1,301,-1,-1,0,0,0,0,0,0,0,0,0,0,0,0,0,0,0,0,0,0,0,0,-1,-1,0,0,0,0,-1,-1,-1,-1,-1,-1,-1,-1,-1,-1,-1,-1,-1,-1,-1,-1,0,0,0,0,0,-1,0,0,0,-1,0,-1,[0|0|0|0|0|0|0|0]
54640,,678240,-1,-1,-1,-1,-1,-1,-1,-1,-1,-1,-1,0,0,0,0,0,0,0,0,0,0,0,0,0,0,0,0,0,0,0,0,-1,-1,0,0,0,0,-1,-1,-1,-1,-1,-1,-1,-1,-1,-1,-1,-1,-1,-1,-1,-1,0,0,0,0,0,-1,0,0,0,-1,0,-1,[0|0|0|0|0|0|0|0]
54641,,678241,-1,-1,-1,-1,-1,-1,-1,-1,-1,-1,-1,0,0,0,0,0,0,0,0,0,0,0,0,0,0,0,0,0,0,0,0,-1,-1,0,0,0,0,-1,-1,-1,-1,-1,-1,-1,-1,-1,-1,-1,-1,-1,-1,-1,-1,0,0,0,0,0,-1,0,0,0,-1,0,-1,[0|0|0|0|0|0|0|0]
54645,,678245,-1,-1,-1,-1,-1,-1,-1,-1,220,-1,-1,0,0,0,0,0,0,0,0,0,0,0,0,0,0,0,0,0,0,0,0,-1,-1,0,0,0,0,-1,-1,-1,-1,-1,-1,-1,-1,-1,-1,-1,-1,-1,-1,-1,-1,0,0,0,0,0,-1,0,0,0,-1,0,-1,[0|0|0|0|0|0|0|0]
54646,,678246,-1,-1,-1,-1,-1,-1,-1,-1,220,-1,-1,0,0,0,0,0,0,0,0,0,0,0,0,0,0,0,0,0,0,0,0,-1,-1,0,0,0,0,-1,-1,-1,-1,-1,-1,-1,-1,-1,-1,-1,-1,-1,-1,-1,-1,0,0,0,0,0,-1,0,0,0,-1,0,-1,[0|0|0|0|0|0|0|0]
54650,,-1,-1,-1,-1,-1,-1,-1,-1,-1,-1,-1,-1,0,0,0,0,0,0,0,0,0,0,0,0,0,0,0,0,0,1,0,0,-1,-1,0,0,0,0,-1,-1,-1,-1,-1,-1,-1,-1,-1,-1,-1,-1,-1,-1,-1,-1,0,0,0,0,0,-1,0,0,0,-1,0,-1,[0|0|0|0|0|0|0|0]
54660,,677125,-1,-1,-1,-1,-1,-1,-1,-1,907,-1,-1,0,0,0,0,0,0,0,0,0,0,0,0,0,0,0,0,0,0,0,0,-1,-1,0,0,0,0,-1,-1,-1,-1,-1,-1,-1,-1,-1,-1,-1,-1,-1,-1,-1,-1,0,0,0,0,0,-1,0,0,0,-1,0,-1,[0|0|0|0|0|0|0|0]
54661,,677126,-1,-1,-1,-1,-1,-1,-1,-1,905,-1,-1,0,0,0,0,0,0,0,0,0,0,0,0,0,0,0,0,0,0,0,0,-1,-1,0,0,0,0,-1,-1,-1,-1,-1,-1,-1,-1,-1,-1,-1,-1,-1,-1,-1,-1,0,0,0,0,0,-1,0,0,0,-1,0,-1,[0|0|0|0|0|0|0|0]
54662,,677127,-1,-1,-1,-1,-1,-1,-1,-1,905,-1,-1,0,0,0,0,0,0,0,0,0,0,0,0,0,0,0,0,0,0,0,0,-1,-1,0,0,0,0,-1,-1,-1,-1,-1,-1,-1,-1,-1,-1,-1,-1,-1,-1,-1,-1,0,0,0,0,0,-1,0,0,0,-1,0,-1,[0|0|0|0|0|0|0|0]
54700,,-1,-1,-1,-1,-1,-1,-1,-1,-1,-1,-1,-1,0,0,0,0,0,0,0,0,0,0,0,0,0,0,0,0,0,0,0,0,-1,-1,0,0,0,0,-1,-1,-1,-1,-1,-1,-1,-1,-1,-1,-1,-1,-1,-1,-1,-1,0,0,0,0,0,10000,0,0,0,-1,0,-1,[0|0|0|0|0|0|0|0]
54710,,675791,-1,-1,-1,-1,-1,-1,-1,-1,300,-1,-1,0,0,0,0,0,0,0,0,0,0,0,0,0,0,0,0,0,0,0,0,-1,-1,0,0,0,0,-1,-1,-1,-1,-1,-1,-1,-1,-1,-1,-1,-1,-1,-1,-1,-1,0,0,0,0,0,-1,0,0,0,-1,0,-1,[0|0|0|0|0|0|0|0]
54720,,675792,-1,-1,-1,-1,-1,-1,-1,-1,300,-1,-1,0,0,0,0,0,0,0,0,0,0,0,0,0,0,0,0,0,0,0,0,-1,-1,0,0,0,0,-1,-1,-1,-1,-1,-1,-1,-1,-1,-1,-1,-1,-1,-1,-1,-1,0,0,0,0,0,-1,0,0,0,-1,0,-1,[0|0|0|0|0|0|0|0]
54730,,675793,-1,-1,-1,-1,-1,-1,-1,-1,300,-1,-1,0,0,0,0,0,0,0,0,0,0,0,0,0,0,0,0,0,0,0,0,-1,-1,0,0,0,0,-1,-1,-1,-1,-1,-1,-1,-1,-1,-1,-1,-1,-1,-1,-1,-1,0,0,0,0,0,-1,0,0,0,-1,0,-1,[0|0|0|0|0|0|0|0]
54740,,675794,-1,-1,-1,-1,-1,-1,-1,-1,300,-1,-1,0,0,0,0,0,0,0,0,0,0,0,0,0,0,0,0,0,0,0,0,-1,-1,0,0,0,0,-1,-1,-1,-1,-1,-1,-1,-1,-1,-1,-1,-1,-1,-1,-1,-1,0,0,0,0,0,-1,0,0,0,-1,0,-1,[0|0|0|0|0|0|0|0]
54750,,675795,-1,-1,-1,-1,-1,-1,-1,-1,300,-1,-1,0,0,0,0,0,0,0,0,0,0,0,0,0,0,0,0,0,0,0,0,-1,-1,0,0,0,0,-1,-1,-1,-1,-1,-1,-1,-1,-1,-1,-1,-1,-1,-1,-1,-1,0,0,0,0,0,-1,0,0,0,-1,0,-1,[0|0|0|0|0|0|0|0]
54760,,675796,-1,-1,-1,-1,-1,-1,-1,-1,300,-1,-1,0,0,0,0,0,0,0,0,0,0,0,0,0,0,0,0,0,0,0,0,-1,-1,0,0,0,0,-1,-1,-1,-1,-1,-1,-1,-1,-1,-1,-1,-1,-1,-1,-1,-1,0,0,0,0,0,-1,0,0,0,-1,0,-1,[0|0|0|0|0|0|0|0]
54770,,675797,-1,-1,-1,-1,-1,-1,-1,-1,300,-1,-1,0,0,0,0,0,0,0,0,0,0,0,0,0,0,0,0,0,0,0,0,-1,-1,0,0,0,0,-1,-1,-1,-1,-1,-1,-1,-1,-1,-1,-1,-1,-1,-1,-1,-1,0,0,0,0,0,-1,0,0,0,-1,0,-1,[0|0|0|0|0|0|0|0]
54780,,675798,-1,-1,-1,-1,-1,-1,-1,-1,300,-1,-1,0,0,0,0,0,0,0,0,0,0,0,0,0,0,0,0,0,0,0,0,-1,-1,0,0,0,0,-1,-1,-1,-1,-1,-1,-1,-1,-1,-1,-1,-1,-1,-1,-1,-1,0,0,0,0,0,-1,0,0,0,-1,0,-1,[0|0|0|0|0|0|0|0]
54790,,675888,-1,-1,-1,-1,-1,-1,-1,-1,220,-1,-1,0,0,0,0,0,0,0,0,0,0,0,0,0,0,0,0,0,0,0,0,-1,-1,0,0,0,0,-1,-1,-1,-1,-1,-1,-1,-1,-1,-1,-1,-1,-1,-1,-1,-1,0,0,0,0,0,-1,0,0,0,-1,0,-1,[0|0|0|0|0|0|0|0]
54800,,651105,-1,-1,-1,-1,-1,-1,-1,-1,900,-1,-1,0,0,0,0,0,0,0,0,0,0,0,0,0,0,0,0,0,0,0,0,-1,-1,0,0,0,0,-1,-1,-1,-1,-1,-1,-1,-1,-1,-1,-1,-1,-1,-1,-1,-1,0,0,0,0,0,-1,0,0,0,-1,0,-1,[0|0|0|0|0|0|0|0]
54819,,681471,-1,0,-1,-1,-1,-1,-1,-1,220,0,-1,0,0,0,0,0,0,0,0,0,0,0,0,0,0,0,0,1,0,0,0,-1,-1,0,0,0,0,-1,-1,-1,-1,-1,-1,-1,-1,-1,-1,-1,-1,-1,-1,-1,-1,0,0,0,0,0,-1,0,0,0,-1,0,-1,[0|0|0|0|0|0|0|0]
54820,,681495,-1,-1,-1,-1,-1,-1,-1,-1,220,-1,-1,0,0,0,0,0,0,0,0,0,0,0,0,0,0,0,0,1,0,0,0,-1,-1,0,0,0,0,-1,-1,-1,-1,-1,-1,-1,-1,-1,-1,-1,-1,-1,-1,-1,-1,0,0,0,0,0,-1,0,0,0,-1,0,-1,[0|0|0|0|0|0|0|0]
54821,,681420,-1,0,-1,-1,-1,-1,-1,-1,900,0,-1,0,0,0,0,0,0,0,0,0,0,0,0,0,0,0,0,1,0,0,0,-1,-1,0,0,0,0,-1,-1,-1,-1,-1,-1,-1,-1,-1,-1,-1,-1,-1,-1,-1,-1,0,0,0,0,0,-1,0,0,0,-1,0,-1,[0|0|0|0|0|0|0|0]
54822,,681421,-1,-1,-1,-1,-1,-1,-1,-1,900,-1,-1,0,0,0,0,0,0,0,0,0,0,0,0,0,0,0,0,1,0,0,0,-1,-1,0,0,0,0,-1,-1,-1,-1,-1,-1,-1,-1,-1,-1,-1,-1,-1,-1,-1,-1,0,0,0,0,0,-1,0,0,0,-1,0,-1,[0|0|0|0|0|0|0|0]
54900,,4940,-1,4940,-1,-1,-1,-1,-1,-1,905,905,-1,0,0,0,0,0,0,0,0,0,0,0,0,0,0,0,0,1,0,0,0,-1,-1,0,0,0,0,-1,-1,-1,-1,-1,-1,-1,-1,-1,-1,-1,-1,-1,-1,-1,-1,0,0,0,0,0,-1,0,0,0,-1,0,-1,[0|0|0|0|0|0|0|0]
54901,,-1,-1,675705,-1,-1,-1,-1,-1,-1,220,220,-1,0,0,0,0,0,0,0,0,0,0,0,0,0,0,0,0,1,0,0,0,-1,-1,0,0,0,0,-1,-1,-1,-1,-1,-1,-1,-1,-1,-1,-1,-1,-1,-1,-1,-1,0,0,0,0,0,-1,0,0,0,-1,0,-1,[0|0|0|0|0|0|0|0]
54902,,-1,-1,675706,-1,-1,-1,-1,-1,-1,220,220,-1,0,0,0,0,0,0,0,0,0,0,0,0,0,0,0,0,1,0,0,0,-1,-1,0,0,0,0,-1,-1,-1,-1,-1,-1,-1,-1,-1,-1,-1,-1,-1,-1,-1,-1,0,0,0,0,0,-1,0,0,0,-1,0,-1,[0|0|0|0|0|0|0|0]
54903,,675720,-1,-1,-1,-1,-1,-1,-1,-1,1,-1,-1,0,0,0,0,0,0,0,0,0,0,0,0,0,0,0,0,1,0,0,0,-1,-1,0,0,0,0,-1,-1,-1,-1,-1,-1,-1,-1,-1,-1,-1,-1,-1,-1,-1,-1,0,0,0,0,0,-1,0,0,0,-1,0,-1,[0|0|0|0|0|0|0|0]
54904,,675669,-1,-1,-1,-1,-1,-1,-1,-1,220,-1,-1,0,0,0,0,0,0,0,0,0,0,0,0,0,0,0,0,1,0,0,0,-1,-1,0,0,0,0,-1,-1,-1,-1,-1,-1,-1,-1,-1,-1,-1,-1,-1,-1,-1,-1,0,0,0,0,0,-1,0,0,0,-1,0,-1,[0|0|0|0|0|0|0|0]
54906,,675700,-1,-1,-1,-1,-1,-1,-1,-1,210,-1,-1,0,0,0,0,0,0,0,0,0,0,0,0,0,0,0,0,1,0,0,0,-1,-1,0,0,0,0,-1,-1,-1,-1,-1,-1,-1,-1,-1,-1,-1,-1,-1,-1,-1,-1,0,0,0,0,0,-1,0,0,0,-1,0,-1,[0|0|0|0|0|0|0|0]
54910,,681430,-1,-1,-1,-1,-1,-1,-1,-1,210,-1,-1,0,0,0,0,0,0,0,0,0,0,0,0,0,0,0,0,1,0,0,0,-1,-1,0,0,0,0,-1,-1,-1,-1,-1,-1,-1,-1,-1,-1,-1,-1,-1,-1,-1,-1,0,0,0,0,0,-1,0,0,0,-1,0,-1,[0|0|0|0|0|0|0|0]
54911,,681431,-1,-1,-1,-1,-1,-1,-1,-1,210,-1,-1,0,0,0,0,0,0,0,0,0,0,0,0,0,0,0,0,1,0,0,0,-1,-1,0,0,0,0,-1,-1,-1,-1,-1,-1,-1,-1,-1,-1,-1,-1,-1,-1,-1,-1,0,0,0,0,0,-1,0,0,0,-1,0,-1,[0|0|0|0|0|0|0|0]
54912,,681447,-1,681442,-1,-1,-1,-1,-1,-1,905,905,-1,0,0,0,0,0,0,0,0,0,0,0,0,0,0,0,0,1,0,0,0,-1,-1,0,0,0,0,-1,-1,-1,-1,-1,-1,-1,-1,-1,-1,-1,-1,-1,-1,-1,-1,0,0,0,0,0,-1,0,0,0,-1,0,-1,[0|0|0|0|0|0|0|0]
54913,,681445,-1,681440,-1,-1,-1,-1,-1,-1,905,905,-1,0,0,0,0,0,0,0,0,0,0,0,0,0,0,0,0,1,0,0,0,-1,-1,0,0,0,0,-1,-1,-1,-1,-1,-1,-1,-1,-1,-1,-1,-1,-1,-1,-1,-1,0,0,0,0,0,-1,0,0,0,-1,0,-1,[0|0|0|0|0|0|0|0]
54914,,681457,-1,681452,-1,-1,-1,-1,-1,-1,905,905,-1,0,0,0,0,0,0,0,0,0,0,0,0,0,0,0,0,1,0,0,0,-1,-1,0,0,0,0,-1,-1,-1,-1,-1,-1,-1,-1,-1,-1,-1,-1,-1,-1,-1,-1,0,0,0,0,0,-1,0,0,0,-1,0,-1,[0|0|0|0|0|0|0|0]
54915,,681455,-1,681450,-1,-1,-1,-1,-1,-1,905,905,-1,0,0,0,0,0,0,0,0,0,0,0,0,0,0,0,0,1,0,0,0,-1,-1,0,0,0,0,-1,-1,-1,-1,-1,-1,-1,-1,-1,-1,-1,-1,-1,-1,-1,-1,0,0,0,0,0,-1,0,0,0,-1,0,-1,[0|0|0|0|0|0|0|0]
54916,,681460,-1,-1,-1,-1,-1,-1,-1,-1,220,-1,-1,0,0,0,0,0,0,0,0,0,0,0,0,0,0,0,0,1,0,0,0,-1,-1,0,0,0,0,-1,-1,-1,-1,-1,-1,-1,-1,-1,-1,-1,-1,-1,-1,-1,-1,0,0,0,0,0,-1,0,0,0,-1,0,-1,[0|0|0|0|0|0|0|0]
54917,,681461,-1,-1,-1,-1,-1,-1,-1,-1,220,-1,-1,0,0,0,0,0,0,0,0,0,0,0,0,0,0,0,0,1,0,0,0,-1,-1,0,0,0,0,-1,-1,-1,-1,-1,-1,-1,-1,-1,-1,-1,-1,-1,-1,-1,-1,0,0,0,0,0,-1,0,0,0,-1,0,-1,[0|0|0|0|0|0|0|0]
54918,,681462,-1,-1,-1,-1,-1,-1,-1,-1,220,-1,-1,0,0,0,0,0,0,0,0,0,0,0,0,0,0,0,0,1,0,0,0,-1,-1,0,0,0,0,-1,-1,-1,-1,-1,-1,-1,-1,-1,-1,-1,-1,-1,-1,-1,-1,0,0,0,0,0,-1,0,0,0,-1,0,-1,[0|0|0|0|0|0|0|0]
54950,,-1,-1,-1,-1,-1,-1,-1,-1,-1,-1,-1,-1,0,0,0,0,0,0,0,0,0,0,0,0,0,0,0,0,0,0,0,0,-1,-1,0,0,0,0,-1,-1,-1,-1,-1,-1,-1,-1,-1,-1,-1,-1,-1,-1,-1,-1,0,2,0,0,390,-1,0,0,0,-1,0,20020,[0|0|0|0|0|0|0|0]
55000,,675530,-1,-1,-1,-1,-1,-1,-1,-1,223,-1,-1,0,0,0,0,0,0,0,0,0,0,0,0,0,0,0,0,0,0,0,0,-1,-1,0,0,0,0,-1,-1,-1,-1,-1,-1,-1,-1,-1,-1,-1,-1,-1,-1,-1,-1,0,0,0,0,0,-1,0,0,0,-1,0,-1,[0|0|0|0|0|0|0|0]
55001,,675530,-1,-1,-1,-1,-1,-1,-1,-1,224,-1,-1,0,0,0,0,0,0,0,0,0,0,0,0,0,0,0,0,0,0,0,0,-1,-1,0,0,0,0,-1,-1,-1,-1,-1,-1,-1,-1,-1,-1,-1,-1,-1,-1,-1,-1,0,0,0,0,0,-1,0,0,0,-1,0,-1,[0|0|0|0|0|0|0|0]
55002,,675530,-1,-1,-1,-1,-1,-1,-1,-1,225,-1,-1,0,0,0,0,0,0,0,0,0,0,0,0,0,0,0,0,0,0,0,0,-1,-1,0,0,0,0,-1,-1,-1,-1,-1,-1,-1,-1,-1,-1,-1,-1,-1,-1,-1,-1,0,0,0,0,0,-1,0,0,0,-1,0,-1,[0|0|0|0|0|0|0|0]
55003,,675530,-1,-1,-1,-1,-1,-1,-1,-1,226,-1,-1,0,0,0,0,0,0,0,0,0,0,0,0,0,0,0,0,0,0,0,0,-1,-1,0,0,0,0,-1,-1,-1,-1,-1,-1,-1,-1,-1,-1,-1,-1,-1,-1,-1,-1,0,0,0,0,0,-1,0,0,0,-1,0,-1,[0|0|0|0|0|0|0|0]
55004,,675530,-1,-1,-1,-1,-1,-1,-1,-1,227,-1,-1,0,0,0,0,0,0,0,0,0,0,0,0,0,0,0,0,0,0,0,0,-1,-1,0,0,0,0,-1,-1,-1,-1,-1,-1,-1,-1,-1,-1,-1,-1,-1,-1,-1,-1,0,0,0,0,0,-1,0,0,0,-1,0,-1,[0|0|0|0|0|0|0|0]
55005,,675494,-1,-1,-1,-1,-1,-1,-1,-1,223,-1,-1,0,0,0,0,0,0,0,0,0,0,0,0,0,0,0,0,0,0,0,0,-1,-1,0,0,0,0,-1,-1,-1,-1,-1,-1,-1,-1,-1,-1,-1,-1,-1,-1,-1,-1,0,0,0,0,0,-1,0,0,0,-1,0,-1,[0|0|0|0|0|0|0|0]
55006,,675494,-1,-1,-1,-1,-1,-1,-1,-1,224,-1,-1,0,0,0,0,0,0,0,0,0,0,0,0,0,0,0,0,0,0,0,0,-1,-1,0,0,0,0,-1,-1,-1,-1,-1,-1,-1,-1,-1,-1,-1,-1,-1,-1,-1,-1,0,0,0,0,0,-1,0,0,0,-1,0,-1,[0|0|0|0|0|0|0|0]
55007,,675494,-1,-1,-1,-1,-1,-1,-1,-1,225,-1,-1,0,0,0,0,0,0,0,0,0,0,0,0,0,0,0,0,0,0,0,0,-1,-1,0,0,0,0,-1,-1,-1,-1,-1,-1,-1,-1,-1,-1,-1,-1,-1,-1,-1,-1,0,0,0,0,0,-1,0,0,0,-1,0,-1,[0|0|0|0|0|0|0|0]
55008,,675494,-1,-1,-1,-1,-1,-1,-1,-1,226,-1,-1,0,0,0,0,0,0,0,0,0,0,0,0,0,0,0,0,0,0,0,0,-1,-1,0,0,0,0,-1,-1,-1,-1,-1,-1,-1,-1,-1,-1,-1,-1,-1,-1,-1,-1,0,0,0,0,0,-1,0,0,0,-1,0,-1,[0|0|0|0|0|0|0|0]
55009,,675494,-1,-1,-1,-1,-1,-1,-1,-1,227,-1,-1,0,0,0,0,0,0,0,0,0,0,0,0,0,0,0,0,0,0,0,0,-1,-1,0,0,0,0,-1,-1,-1,-1,-1,-1,-1,-1,-1,-1,-1,-1,-1,-1,-1,-1,0,0,0,0,0,-1,0,0,0,-1,0,-1,[0|0|0|0|0|0|0|0]
55010,,675535,-1,-1,-1,-1,-1,-1,-1,-1,223,-1,-1,0,0,0,0,0,0,0,0,0,0,0,0,0,0,0,0,0,0,0,0,-1,-1,0,0,0,0,-1,-1,-1,-1,-1,-1,-1,-1,-1,-1,-1,-1,-1,-1,-1,-1,0,0,0,0,0,-1,0,0,0,-1,0,-1,[0|0|0|0|0|0|0|0]
55011,,675535,-1,-1,-1,-1,-1,-1,-1,-1,224,-1,-1,0,0,0,0,0,0,0,0,0,0,0,0,0,0,0,0,0,0,0,0,-1,-1,0,0,0,0,-1,-1,-1,-1,-1,-1,-1,-1,-1,-1,-1,-1,-1,-1,-1,-1,0,0,0,0,0,-1,0,0,0,-1,0,-1,[0|0|0|0|0|0|0|0]
55012,,675535,-1,-1,-1,-1,-1,-1,-1,-1,225,-1,-1,0,0,0,0,0,0,0,0,0,0,0,0,0,0,0,0,0,0,0,0,-1,-1,0,0,0,0,-1,-1,-1,-1,-1,-1,-1,-1,-1,-1,-1,-1,-1,-1,-1,-1,0,0,0,0,0,-1,0,0,0,-1,0,-1,[0|0|0|0|0|0|0|0]
55013,,675535,-1,-1,-1,-1,-1,-1,-1,-1,226,-1,-1,0,0,0,0,0,0,0,0,0,0,0,0,0,0,0,0,0,0,0,0,-1,-1,0,0,0,0,-1,-1,-1,-1,-1,-1,-1,-1,-1,-1,-1,-1,-1,-1,-1,-1,0,0,0,0,0,-1,0,0,0,-1,0,-1,[0|0|0|0|0|0|0|0]
55014,,675535,-1,-1,-1,-1,-1,-1,-1,-1,227,-1,-1,0,0,0,0,0,0,0,0,0,0,0,0,0,0,0,0,0,0,0,0,-1,-1,0,0,0,0,-1,-1,-1,-1,-1,-1,-1,-1,-1,-1,-1,-1,-1,-1,-1,-1,0,0,0,0,0,-1,0,0,0,-1,0,-1,[0|0|0|0|0|0|0|0]
57000,,-1,-1,-1,-1,-1,-1,-1,-1,-1,-1,-1,-1,0,0,0,0,0,0,0,0,0,0,0,0,0,0,0,0,0,0,0,0,-1,-1,0,0,0,0,-1,-1,-1,-1,-1,-1,-1,-1,-1,-1,-1,-1,-1,-1,-1,-1,0,2,0,0,200,-1,0,0,0,-1,0,-1,[0|0|0|0|0|0|0|0]
57010,,-1,-1,691,999997803,-1,-1,-1,-1,-1,-1,960,-1,0,0,0,0,0,0,0,0,0,0,0,0,0,0,0,0,0,1,0,0,-1,-1,0,0,0,0,-1,-1,-1,-1,-1,-1,-1,-1,-1,-1,-1,-1,-1,-1,-1,-1,0,0,0,0,0,-1,0,0,0,-1,0,-1,[0|0|0|0|0|0|0|0]
57011,,-1,-1,692,999997805,-1,-1,-1,-1,-1,-1,960,-1,0,0,0,0,0,0,0,0,0,0,0,0,0,0,0,0,0,1,0,0,-1,-1,0,0,0,0,-1,-1,-1,-1,-1,-1,-1,-1,-1,-1,-1,-1,-1,-1,-1,-1,0,0,0,0,0,-1,0,0,0,-1,0,-1,[0|0|0|0|0|0|0|0]
57012,,-1,-1,693,999997806,-1,-1,-1,-1,-1,-1,960,-1,0,0,0,0,0,0,0,0,0,0,0,0,0,0,0,0,0,1,0,0,-1,-1,0,0,0,0,-1,-1,-1,-1,-1,-1,-1,-1,-1,-1,-1,-1,-1,-1,-1,-1,0,0,0,0,0,-1,0,0,0,-1,0,-1,[0|0|0|0|0|0|0|0]
57013,,-1,-1,694,999997807,-1,-1,-1,-1,-1,-1,960,-1,0,0,0,0,0,0,0,0,0,0,0,0,0,0,0,0,0,1,0,0,-1,-1,0,0,0,0,-1,-1,-1,-1,-1,-1,-1,-1,-1,-1,-1,-1,-1,-1,-1,-1,0,0,0,0,0,-1,0,0,0,-1,0,-1,[0|0|0|0|0|0|0|0]
57020,,-1,-1,701,-1,-1,-1,-1,-1,-1,-1,905,-1,0,0,0,0,0,0,0,0,0,0,0,0,0,0,0,0,0,1,0,0,-1,-1,0,0,0,0,-1,-1,-1,-1,-1,-1,-1,-1,-1,-1,-1,-1,-1,-1,-1,-1,0,0,0,0,0,-1,0,0,0,-1,0,-1,[0|0|0|0|0|0|0|0]
57021,,-1,-1,702,-1,-1,-1,-1,-1,-1,-1,905,-1,0,0,0,0,0,0,0,0,0,0,0,0,0,0,0,0,0,1,0,0,-1,-1,0,0,0,0,-1,-1,-1,-1,-1,-1,-1,-1,-1,-1,-1,-1,-1,-1,-1,-1,0,0,0,0,0,-1,0,0,0,-1,0,-1,[0|0|0|0|0|0|0|0]
57022,,-1,-1,703,-1,-1,-1,-1,-1,-1,-1,905,-1,0,0,0,0,0,0,0,0,0,0,0,0,0,0,0,0,0,1,0,0,-1,-1,0,0,0,0,-1,-1,-1,-1,-1,-1,-1,-1,-1,-1,-1,-1,-1,-1,-1,-1,0,0,0,0,0,-1,0,0,0,-1,0,-1,[0|0|0|0|0|0|0|0]
57023,,-1,-1,704,-1,-1,-1,-1,-1,-1,-1,905,-1,0,0,0,0,0,0,0,0,0,0,0,0,0,0,0,0,0,1,0,0,-1,-1,0,0,0,0,-1,-1,-1,-1,-1,-1,-1,-1,-1,-1,-1,-1,-1,-1,-1,-1,0,0,0,0,0,-1,0,0,0,-1,0,-1,[0|0|0|0|0|0|0|0]
57030,,-1,999997804,-1,-1,-1,-1,-1,-1,-1,-1,-1,-1,0,0,0,0,0,0,0,1,1,0,0,0,0,0,0,0,0,1,0,0,-1,-1,0,0,0,0,-1,-1,-1,-1,-1,-1,-1,-1,-1,-1,-1,-1,-1,-1,-1,-1,0,0,90,0,0,-1,0,0,0,-1,0,-1,[0|0|0|0|0|0|0|0]
57031,,-1,-1,-1,-1,-1,-1,-1,-1,-1,-1,-1,-1,0,0,0,0,0,0,0,1,1,0,0,0,0,0,0,0,0,1,0,0,-1,-1,0,0,0,0,-1,-1,-1,-1,-1,-1,-1,-1,-1,-1,-1,-1,-1,-1,-1,-1,0,0,80,0,0,-1,0,0,0,-1,0,-1,[0|0|0|0|0|0|0|0]
57032,,-1,-1,-1,-1,-1,-1,-1,-1,-1,-1,-1,-1,0,0,0,0,0,0,0,1,1,0,0,0,0,0,0,0,0,1,0,0,-1,-1,0,0,0,0,-1,-1,-1,-1,-1,-1,-1,-1,-1,-1,-1,-1,-1,-1,-1,-1,0,0,70,0,0,-1,0,0,0,-1,0,-1,[0|0|0|0|0|0|0|0]
57033,,-1,-1,-1,-1,-1,-1,-1,-1,-1,-1,-1,-1,0,0,0,0,0,0,0,1,1,0,0,0,0,0,0,0,0,1,0,0,-1,-1,0,0,0,0,-1,-1,-1,-1,-1,-1,-1,-1,-1,-1,-1,-1,-1,-1,-1,-1,0,0,60,0,0,-1,0,0,0,-1,0,-1,[0|0|0|0|0|0|0|0]
57034,,-1,-1,-1,-1,-1,-1,-1,-1,-1,-1,-1,-1,0,0,0,0,0,0,0,1,1,0,0,0,0,0,0,0,0,1,0,0,-1,-1,0,0,0,0,-1,-1,-1,-1,-1,-1,-1,-1,-1,-1,-1,-1,-1,-1,-1,-1,0,0,50,0,0,-1,0,0,0,-1,0,-1,[0|0|0|0|0|0|0|0]
57035,,-1,-1,-1,-1,-1,-1,-1,-1,-1,-1,-1,-1,0,0,0,0,0,0,0,1,1,0,0,0,0,0,0,0,0,1,0,0,-1,-1,0,0,0,0,-1,-1,-1,-1,-1,-1,-1,-1,-1,-1,-1,-1,-1,-1,-1,-1,0,0,40,0,0,-1,0,0,0,-1,0,-1,[0|0|0|0|0|0|0|0]
57036,,-1,-1,-1,-1,-1,-1,-1,-1,-1,-1,-1,-1,0,0,0,0,0,0,0,1,1,0,0,0,0,0,0,0,0,1,0,0,-1,-1,0,0,0,0,-1,-1,-1,-1,-1,-1,-1,-1,-1,-1,-1,-1,-1,-1,-1,-1,0,0,30,0,0,-1,0,0,0,-1,0,-1,[0|0|0|0|0|0|0|0]
57037,,-1,-1,-1,-1,-1,-1,-1,-1,-1,-1,-1,-1,0,0,0,0,0,0,0,1,1,0,0,0,0,0,0,0,0,1,0,0,-1,-1,0,0,0,0,-1,-1,-1,-1,-1,-1,-1,-1,-1,-1,-1,-1,-1,-1,-1,-1,0,0,20,0,0,-1,0,0,0,-1,0,-1,[0|0|0|0|0|0|0|0]
57038,,-1,-1,-1,-1,-1,-1,-1,-1,-1,-1,-1,-1,0,0,0,0,0,0,0,1,1,0,0,0,0,0,0,0,0,1,0,0,-1,-1,0,0,0,0,-1,-1,-1,-1,-1,-1,-1,-1,-1,-1,-1,-1,-1,-1,-1,-1,0,0,10,0,0,-1,0,0,0,-1,0,-1,[0|0|0|0|0|0|0|0]
57039,,-1,-1,-1,-1,-1,-1,-1,-1,-1,-1,-1,-1,0,0,0,0,0,0,0,1,1,0,0,0,0,0,0,0,0,1,0,0,-1,-1,0,0,0,0,-1,-1,-1,-1,-1,-1,-1,-1,-1,-1,-1,-1,-1,-1,-1,-1,0,0,0,0,0,-1,0,0,0,-1,0,-1,[0|0|0|0|0|0|0|0]
57050,,-1,-1,-1,-1,-1,-1,-1,-1,-1,-1,-1,-1,0,0,0,0,0,0,0,1,1,0,0,0,0,0,0,0,0,1,0,0,-1,-1,0,0,0,0,-1,-1,-1,-1,-1,-1,-1,-1,-1,-1,-1,-1,-1,-1,-1,-1,0,0,0,0,0,-1,0,0,0,-1,0,-1,[0|0|0|0|0|0|0|0]
57100,,-1,-1,-1,-1,-1,-1,-1,-1,-1,-1,-1,-1,0,0,0,0,0,0,0,0,0,0,0,0,0,0,0,0,0,0,0,0,-1,-1,0,0,0,0,-1,-1,-1,-1,-1,-1,-1,-1,-1,-1,-1,-1,-1,-1,-1,-1,0,2,0,0,201,-1,0,0,0,-1,0,-1,[0|0|0|0|0|0|0|0]
57101,,601041,-1,-1,-1,-1,-1,-1,-1,-1,199,-1,-1,0,0,0,0,0,0,0,0,0,0,0,0,0,0,0,0,0,0,0,0,-1,-1,0,0,0,0,-1,-1,-1,-1,-1,-1,-1,-1,-1,-1,-1,-1,-1,-1,-1,-1,0,0,0,0,0,-1,0,0,0,-1,0,-1,[0|0|0|0|0|0|0|0]
57102,,601042,-1,-1,-1,-1,-1,-1,-1,-1,199,-1,-1,0,0,0,0,0,0,0,0,0,0,0,0,0,0,0,0,0,0,0,0,-1,-1,0,0,0,0,-1,-1,-1,-1,-1,-1,-1,-1,-1,-1,-1,-1,-1,-1,-1,-1,0,0,0,0,0,-1,0,0,0,-1,0,-1,[0|0|0|0|0|0|0|0]
57103,,601043,-1,-1,-1,-1,-1,-1,-1,-1,199,-1,-1,0,0,0,0,0,0,0,0,0,0,0,0,0,0,0,0,0,0,0,0,-1,-1,0,0,0,0,-1,-1,-1,-1,-1,-1,-1,-1,-1,-1,-1,-1,-1,-1,-1,-1,0,0,0,0,0,-1,0,0,0,-1,0,-1,[0|0|0|0|0|0|0|0]
57104,,601043,-1,-1,-1,-1,-1,-1,-1,-1,199,-1,-1,0,0,0,0,0,0,0,0,0,0,0,0,0,0,0,0,0,0,0,0,-1,-1,0,0,0,0,-1,-1,-1,-1,-1,-1,-1,-1,-1,-1,-1,-1,-1,-1,-1,-1,0,0,0,0,0,-1,0,0,0,-1,0,-1,[0|0|0|0|0|0|0|0]
57110,,-1,-1,691,999997803,-1,-1,-1,-1,-1,-1,960,-1,0,0,0,0,0,0,0,0,0,0,0,0,0,0,0,0,0,1,0,0,-1,-1,0,0,0,0,-1,-1,-1,-1,-1,-1,-1,-1,-1,-1,-1,-1,-1,-1,-1,-1,0,0,0,0,0,-1,0,0,0,-1,0,-1,[0|0|0|0|0|0|0|0]
57111,,-1,-1,692,999997805,-1,-1,-1,-1,-1,-1,960,-1,0,0,0,0,0,0,0,0,0,0,0,0,0,0,0,0,0,1,0,0,-1,-1,0,0,0,0,-1,-1,-1,-1,-1,-1,-1,-1,-1,-1,-1,-1,-1,-1,-1,-1,0,0,0,0,0,-1,0,0,0,-1,0,-1,[0|0|0|0|0|0|0|0]
57112,,-1,-1,693,999997806,-1,-1,-1,-1,-1,-1,960,-1,0,0,0,0,0,0,0,0,0,0,0,0,0,0,0,0,0,1,0,0,-1,-1,0,0,0,0,-1,-1,-1,-1,-1,-1,-1,-1,-1,-1,-1,-1,-1,-1,-1,-1,0,0,0,0,0,-1,0,0,0,-1,0,-1,[0|0|0|0|0|0|0|0]
57113,,-1,-1,694,999997807,-1,-1,-1,-1,-1,-1,960,-1,0,0,0,0,0,0,0,0,0,0,0,0,0,0,0,0,0,1,0,0,-1,-1,0,0,0,0,-1,-1,-1,-1,-1,-1,-1,-1,-1,-1,-1,-1,-1,-1,-1,-1,0,0,0,0,0,-1,0,0,0,-1,0,-1,[0|0|0|0|0|0|0|0]
57120,,-1,-1,701,-1,-1,-1,-1,-1,-1,-1,905,-1,0,0,0,0,0,0,0,0,0,0,0,0,0,0,0,0,0,1,0,0,-1,-1,0,0,0,0,-1,-1,-1,-1,-1,-1,-1,-1,-1,-1,-1,-1,-1,-1,-1,-1,0,0,0,0,0,-1,0,0,0,-1,0,-1,[0|0|0|0|0|0|0|0]
57121,,-1,-1,702,-1,-1,-1,-1,-1,-1,-1,905,-1,0,0,0,0,0,0,0,0,0,0,0,0,0,0,0,0,0,1,0,0,-1,-1,0,0,0,0,-1,-1,-1,-1,-1,-1,-1,-1,-1,-1,-1,-1,-1,-1,-1,-1,0,0,0,0,0,-1,0,0,0,-1,0,-1,[0|0|0|0|0|0|0|0]
57122,,-1,-1,703,-1,-1,-1,-1,-1,-1,-1,905,-1,0,0,0,0,0,0,0,0,0,0,0,0,0,0,0,0,0,1,0,0,-1,-1,0,0,0,0,-1,-1,-1,-1,-1,-1,-1,-1,-1,-1,-1,-1,-1,-1,-1,-1,0,0,0,0,0,-1,0,0,0,-1,0,-1,[0|0|0|0|0|0|0|0]
57123,,-1,-1,704,-1,-1,-1,-1,-1,-1,-1,905,-1,0,0,0,0,0,0,0,0,0,0,0,0,0,0,0,0,0,1,0,0,-1,-1,0,0,0,0,-1,-1,-1,-1,-1,-1,-1,-1,-1,-1,-1,-1,-1,-1,-1,-1,0,0,0,0,0,-1,0,0,0,-1,0,-1,[0|0|0|0|0|0|0|0]
57130,,601051,-1,-1,-1,-1,-1,-1,-1,-1,905,-1,-1,0,0,0,0,0,0,0,0,0,0,0,0,0,0,0,0,0,0,0,0,-1,-1,0,0,0,0,-1,-1,-1,-1,-1,-1,-1,-1,-1,-1,-1,-1,-1,-1,-1,-1,0,0,0,0,0,-1,0,0,0,-1,0,-1,[0|0|0|0|0|0|0|0]
57131,,601052,-1,-1,-1,-1,-1,-1,-1,-1,905,-1,-1,0,0,0,0,0,0,0,0,0,0,0,0,0,0,0,0,0,0,0,0,-1,-1,0,0,0,0,-1,-1,-1,-1,-1,-1,-1,-1,-1,-1,-1,-1,-1,-1,-1,-1,0,0,0,0,0,-1,0,0,0,-1,0,-1,[0|0|0|0|0|0|0|0]
57132,,601053,-1,-1,-1,-1,-1,-1,-1,-1,905,-1,-1,0,0,0,0,0,0,0,0,0,0,0,0,0,0,0,0,0,0,0,0,-1,-1,0,0,0,0,-1,-1,-1,-1,-1,-1,-1,-1,-1,-1,-1,-1,-1,-1,-1,-1,0,0,0,0,0,-1,0,0,0,-1,0,-1,[0|0|0|0|0|0|0|0]
57133,,601054,-1,-1,-1,-1,-1,-1,-1,-1,905,-1,-1,0,0,0,0,0,0,0,0,0,0,0,0,0,0,0,0,0,0,0,0,-1,-1,0,0,0,0,-1,-1,-1,-1,-1,-1,-1,-1,-1,-1,-1,-1,-1,-1,-1,-1,0,0,0,0,0,-1,0,0,0,-1,0,-1,[0|0|0|0|0|0|0|0]
57900,,-1,-1,-1,-1,-1,-1,-1,-1,-1,-1,-1,-1,0,0,0,0,0,0,0,1,1,0,0,0,0,0,0,0,0,1,0,0,-1,-1,0,0,0,0,-1,-1,-1,-1,-1,-1,-1,-1,-1,-1,-1,-1,-1,-1,-1,-1,0,0,0,0,0,-1,0,0,0,-1,0,-1,[0|0|0|0|0|0|0|0]
57999,,-1,-1,-1,-1,-1,-1,-1,-1,-1,-1,-1,-1,0,0,0,0,0,0,0,0,0,0,0,0,0,0,0,0,0,0,0,0,-1,-1,0,0,0,0,-1,-1,-1,-1,-1,-1,-1,-1,-1,-1,-1,-1,-1,-1,-1,-1,0,0,0,0,0,-1,0,0,0,-1,0,-1,[0|0|0|0|0|0|0|0]
58000,,671055,-1,-1,-1,-1,-1,-1,-1,-1,906,-1,-1,0,0,0,0,0,0,0,0,0,0,0,0,0,0,0,0,0,0,0,0,-1,-1,0,0,0,0,-1,-1,-1,-1,-1,-1,-1,-1,-1,-1,-1,-1,-1,-1,-1,-1,0,0,0,0,0,-1,0,0,0,-1,0,-1,[0|0|0|0|0|0|0|0]
58001,,671056,-1,-1,-1,-1,-1,-1,-1,-1,900,-1,-1,0,0,0,0,0,0,0,0,0,0,0,0,0,0,0,0,0,0,0,0,-1,-1,0,0,0,0,-1,-1,-1,-1,-1,-1,-1,-1,-1,-1,-1,-1,-1,-1,-1,-1,0,0,0,0,0,-1,0,0,0,-1,0,-1,[0|0|0|0|0|0|0|0]
58100,,671050,-1,-1,-1,-1,-1,-1,-1,-1,906,-1,-1,0,0,0,0,0,0,0,0,0,0,0,0,0,0,0,0,0,0,0,0,-1,-1,0,0,0,0,-1,-1,-1,-1,-1,-1,-1,-1,-1,-1,-1,-1,-1,-1,-1,-1,0,0,0,0,0,-1,0,0,0,-1,0,-1,[0|0|0|0|0|0|0|0]
58101,,671051,-1,-1,-1,-1,-1,-1,-1,-1,900,-1,-1,0,0,0,0,0,0,0,0,0,0,0,0,0,0,0,0,0,0,0,0,-1,-1,0,0,0,0,-1,-1,-1,-1,-1,-1,-1,-1,-1,-1,-1,-1,-1,-1,-1,-1,0,0,0,0,0,-1,0,0,0,-1,0,-1,[0|0|0|0|0|0|0|0]
59000,,-1,-1,-1,-1,-1,-1,-1,-1,-1,-1,-1,-1,0,0,0,0,0,0,0,0,0,0,0,0,0,0,0,0,0,0,0,0,-1,-1,0,0,0,0,-1,-1,-1,-1,-1,-1,-1,-1,-1,-1,-1,-1,-1,-1,-1,-1,0,2,0,0,40,-1,0,0,0,-1,0,-1,[0|0|0|0|0|0|0|0]
59001,,-1,-1,-1,-1,-1,-1,-1,0,-1,-1,-1,-1,0,0,0,0,0,0,1,1,0,0,0,0,0,0,0,0,0,0,0,0,-1,-1,0,0,0,0,-1,-1,-1,-1,-1,-1,-1,-1,-1,-1,-1,-1,-1,-1,-1,-1,0,0,1,0,0,-1,0,0,0,-1,0,-1,[0|0|0|0|0|0|0|0]
59002,,-1,-1,-1,-1,-1,-1,-1,-1,-1,-1,-1,-1,0,0,0,5,0,0,0,1,0,0,0,0,0,0,0,0,0,0,0,0,-1,-1,0,0,0,0,-1,-1,-1,-1,-1,-1,-1,-1,-1,-1,-1,-1,-1,-1,-1,-1,0,0,0,0,0,-1,0,0,0,-1,0,-1,[0|0|0|0|0|0|0|0]
59003,,-1,-1,-1,-1,-1,-1,100,100,-1,-1,-1,-1,0,0,0,1,0,0,0,1,0,0,0,0,0,0,0,0,0,0,0,0,-1,-1,0,0,0,0,-1,-1,-1,-1,-1,-1,-1,-1,-1,-1,-1,-1,-1,-1,-1,-1,0,0,0,0,0,-1,0,0,0,-1,0,-1,[0|0|0|0|0|0|0|0]
60000,,1000,-1,-1,-1,-1,-1,-1,-1,-1,220,-1,-1,0,0,0,0,0,0,0,0,0,0,0,0,0,0,0,0,0,0,0,0,-1,-1,0,0,0,0,-1,-1,-1,-1,-1,-1,-1,-1,-1,-1,-1,-1,-1,-1,-1,-1,0,0,0,0,0,-1,0,0,0,-1,0,-1,[0|0|0|0|0|0|0|0]
60001,,5000,-1,-1,-1,-1,-1,-1,-1,-1,220,-1,-1,0,0,0,0,0,0,0,0,0,0,0,0,0,0,0,0,0,0,0,0,-1,-1,0,0,0,0,-1,-1,-1,-1,-1,-1,-1,-1,-1,-1,-1,-1,-1,-1,-1,-1,0,0,0,0,0,-1,0,0,0,-1,0,-1,[0|0|0|0|0|0|0|0]
60002,,600021,-1,-1,-1,-1,-1,-1,-1,-1,91,-1,-1,0,0,0,0,0,0,0,0,0,0,0,0,0,0,0,0,0,0,0,0,-1,-1,0,0,0,0,-1,-1,-1,-1,-1,-1,-1,-1,-1,-1,-1,-1,-1,-1,-1,-1,0,2,0,0,12,-1,0,0,0,-1,0,-1,[0|0|0|0|0|0|0|0]
60010,,71,-1,-1,-1,-1,-1,-1,-1,-1,199,-1,-1,0,0,0,0,0,0,1,0,0,0,0,0,0,0,0,0,0,0,0,0,-1,-1,0,0,0,0,-1,-1,-1,-1,-1,-1,-1,-1,-1,-1,-1,-1,-1,-1,-1,-1,0,0,0,0,0,-1,0,0,0,-1,0,-1,[0|0|0|0|0|0|0|0]
60011,,72,-1,-1,-1,-1,-1,-1,-1,-1,907,-1,-1,0,0,0,0,0,0,0,0,0,0,0,0,0,0,0,0,0,0,0,0,-1,-1,0,0,0,0,-1,-1,-1,-1,-1,-1,-1,-1,-1,-1,-1,-1,-1,-1,-1,-1,0,0,0,0,0,-1,0,0,0,-1,0,-1,[0|0|0|0|0|0|0|0]
61000,,644301,-1,-1,-1,-1,-1,-1,-1,-1,210,-1,-1,0,0,5,3,0,0,0,0,0,0,0,0,0,0,0,0,0,0,0,0,-1,-1,0,0,0,0,-1,-1,-1,-1,-1,-1,-1,-1,-1,-1,-1,-1,-1,-1,-1,-1,0,0,0,0,0,-1,0,0,0,700,0,-1,[0|0|0|0|0|0|0|0]
61010,,71,-1,-1,-1,-1,-1,-1,-1,-1,210,-1,-1,0,0,5,2,0,0,0,0,0,0,0,0,0,0,0,0,0,0,0,0,-1,-1,0,0,0,0,-1,-1,-1,-1,-1,-1,-1,-1,-1,-1,-1,-1,-1,-1,-1,-1,0,0,0,0,0,-1,0,0,0,702,0,-1,[0|0|0|0|0|0|0|0]
61020,,635000,-1,-1,-1,-1,-1,-1,-1,-1,210,-1,-1,0,0,5,2,0,0,0,0,0,0,0,0,0,0,0,0,0,0,0,0,-1,-1,0,0,0,0,-1,-1,-1,-1,-1,-1,-1,-1,-1,-1,-1,-1,-1,-1,-1,-1,0,0,0,0,0,-1,0,0,0,702,0,-1,[0|0|0|0|0|0|0|0]
61030,,639101,-1,-1,-1,-1,-1,-1,-1,-1,210,-1,-1,0,0,5,4,0,0,0,0,0,0,0,0,0,0,0,0,0,0,0,0,-1,-1,0,0,0,0,-1,-1,-1,-1,-1,-1,-1,-1,-1,-1,-1,-1,-1,-1,-1,-1,0,0,0,0,0,-1,0,0,0,-1,0,-1,[0|0|0|0|0|0|0|0]
61040,,639100,-1,-1,-1,-1,-1,-1,-1,-1,210,-1,-1,0,0,5,2,0,0,0,0,0,0,0,0,0,0,0,0,0,0,0,0,-1,-1,0,0,0,0,-1,-1,-1,-1,-1,-1,-1,-1,-1,-1,-1,-1,-1,-1,-1,-1,0,0,0,0,0,-1,0,0,0,702,0,-1,[0|0|0|0|0|0|0|0]
70000,,-1,-1,-1,-1,-1,-1,0,0,-1,-1,-1,-1,0,0,0,0,0,0,1,1,1,1,0,0,0,0,0,0,0,0,0,0,-1,-1,0,0,0,0,-1,-1,-1,-1,-1,-1,-1,-1,-1,-1,-1,-1,-1,-1,-1,-1,0,0,0,0,0,-1,0,0,0,-1,0,-1,[0|0|0|0|0|0|0|0]
70010,,650812,-1,658242,-1,-1,-1,-1,-1,-1,905,905,-1,0,0,4,0,0,0,0,0,0,0,0,0,0,0,0,0,0,0,0,0,-1,-1,0,0,0,0,-1,-1,-1,-1,-1,-1,-1,-1,-1,-1,-1,-1,-1,-1,-1,-1,0,0,0,0,0,-1,0,0,0,-1,0,-1,[0|0|0|0|0|0|0|0]
70011,,650832,-1,-1,-1,-1,-1,-1,-1,-1,220,-1,-1,0,0,0,0,0,0,0,0,0,0,0,0,0,0,0,0,0,0,0,0,-1,-1,0,0,0,0,-1,-1,-1,-1,-1,-1,-1,-1,-1,-1,-1,-1,-1,-1,-1,-1,0,0,0,0,0,-1,0,0,0,-1,0,-1,[0|0|0|0|0|0|0|0]
70012,,650818,-1,-1,-1,-1,-1,-1,-1,-1,199,-1,-1,0,0,0,0,0,0,0,0,0,0,0,0,0,0,0,0,0,0,0,0,-1,-1,0,0,0,0,-1,-1,-1,-1,-1,-1,-1,-1,-1,-1,-1,-1,-1,-1,-1,-1,0,0,0,0,0,-1,0,0,0,-1,0,-1,[0|0|0|0|0|0|0|0]
70013,,4500,301202,-1,-1,-1,-1,-1,-1,-1,905,-1,-1,0,0,0,0,1,0,0,0,0,0,0,0,0,0,1,0,0,0,0,0,-1,-1,0,0,0,0,-1,-1,-1,-1,-1,-1,-1,-1,-1,-1,-1,-1,-1,-1,-1,-1,0,0,0,0,0,-1,0,0,0,-1,0,-1,[0|0|0|0|0|0|0|0]
70014,,650885,-1,-1,-1,-1,-1,-1,-1,-1,330,-1,-1,0,0,0,0,0,0,0,0,0,0,0,0,0,0,0,0,0,0,0,0,-1,-1,0,0,12,0,41,40,-1,-1,-1,-1,-1,-1,-1,-1,-1,-1,-1,-1,-1,-1,0,0,0,0,0,-1,0,0,0,-1,0,-1,[0|0|0|0|0|0|0|0]
70015,,650813,524402,301271,-1,-1,-1,-1,-1,-1,905,905,-1,0,0,3,45,0,0,0,0,0,0,0,0,0,0,0,0,0,0,0,0,-1,-1,0,0,0,0,-1,-1,-1,-1,-1,-1,-1,-1,-1,-1,-1,-1,-1,-1,-1,-1,0,0,0,0,0,-1,0,0,0,-1,0,-1,[0|0|0|0|0|0|0|0]
70016,,650873,524402,301271,-1,-1,-1,-1,-1,-1,905,905,-1,0,0,3,45,0,0,0,0,0,0,0,0,0,0,0,0,0,0,0,0,-1,-1,0,0,0,0,-1,-1,-1,-1,-1,-1,-1,-1,-1,-1,-1,-1,-1,-1,-1,-1,0,0,0,0,0,-1,0,0,0,-1,0,-1,[0|0|0|0|0|0|0|0]
70017,,650814,524402,301271,-1,-1,-1,-1,-1,-1,905,905,-1,0,0,3,45,0,0,0,0,0,0,0,0,0,0,0,0,0,0,0,0,-1,-1,0,0,0,0,-1,-1,-1,-1,-1,-1,-1,-1,-1,-1,-1,-1,-1,-1,-1,-1,0,0,0,0,0,-1,0,0,0,-1,0,-1,[0|0|0|0|0|0|0|0]
70018,,650874,524402,301271,-1,-1,-1,-1,-1,-1,905,905,-1,0,0,3,45,0,0,0,0,0,0,0,0,0,0,0,0,0,0,0,0,-1,-1,0,0,0,0,-1,-1,-1,-1,-1,-1,-1,-1,-1,-1,-1,-1,-1,-1,-1,-1,0,0,0,0,0,-1,0,0,0,-1,0,-1,[0|0|0|0|0|0|0|0]
70020,,651660,651660,-1,-1,-1,-1,-1,-1,-1,220,-1,-1,0,0,0,0,0,0,0,0,0,0,0,0,0,0,0,0,0,0,0,0,-1,-1,0,0,0,0,-1,-1,-1,-1,-1,-1,-1,-1,-1,-1,-1,-1,-1,-1,-1,-1,0,0,0,0,0,-1,0,0,0,-1,0,-1,[0|0|0|0|0|0|0|0]
70021,,651661,651661,-1,-1,-1,-1,-1,-1,-1,220,-1,-1,0,0,0,0,0,0,0,0,0,0,0,0,0,0,0,0,0,0,0,0,-1,-1,0,0,0,0,-1,-1,-1,-1,-1,-1,-1,-1,-1,-1,-1,-1,-1,-1,-1,-1,0,0,0,0,0,-1,0,0,0,-1,0,-1,[0|0|0|0|0|0|0|0]
70022,,651662,651662,-1,-1,-1,-1,-1,-1,-1,220,-1,-1,0,0,0,0,0,0,0,0,0,0,0,0,0,0,0,0,0,0,0,0,-1,-1,0,0,0,0,-1,-1,-1,-1,-1,-1,-1,-1,-1,-1,-1,-1,-1,-1,-1,-1,0,0,0,0,0,-1,0,0,0,-1,0,-1,[0|0|0|0|0|0|0|0]
70025,,-1,-1,-1,-1,-1,-1,-1,-1,-1,-1,-1,-1,0,0,0,0,0,0,1,1,1,1,0,0,0,0,0,0,0,0,0,0,-1,-1,0,0,0,0,-1,-1,-1,-1,-1,-1,-1,-1,-1,-1,-1,-1,-1,-1,-1,-1,0,0,0,0,0,-1,0,0,0,-1,0,-1,[0|0|0|0|0|0|0|0]
70030,,653100,-1,-1,-1,-1,-1,-1,-1,-1,30,-1,-1,0,0,0,0,0,0,0,0,0,0,0,0,0,0,0,0,0,0,0,0,-1,-1,0,0,0,0,-1,-1,-1,-1,-1,-1,-1,-1,-1,-1,-1,-1,-1,-1,-1,-1,0,0,0,0,0,-1,0,0,0,-1,0,-1,[0|0|0|0|0|0|0|0]
70031,,653100,-1,-1,-1,-1,-1,-1,-1,-1,40,-1,-1,0,0,0,0,0,0,0,0,0,0,0,0,0,0,0,0,0,0,0,0,-1,-1,0,0,0,0,-1,-1,-1,-1,-1,-1,-1,-1,-1,-1,-1,-1,-1,-1,-1,-1,0,0,0,0,0,-1,0,0,0,-1,0,-1,[0|0|0|0|0|0|0|0]
70032,,653101,-1,-1,-1,-1,-1,-1,-1,-1,40,-1,-1,0,0,0,0,0,0,0,0,0,0,0,0,0,0,0,0,0,0,0,0,-1,-1,0,0,0,0,-1,-1,-1,-1,-1,-1,-1,-1,-1,-1,-1,-1,-1,-1,-1,-1,0,0,0,0,0,-1,0,0,0,-1,0,-1,[0|0|0|0|0|0|0|0]
70033,,653102,-1,-1,-1,-1,-1,-1,-1,-1,16,-1,-1,0,0,0,0,0,0,0,0,0,0,0,0,0,0,0,0,0,0,0,0,-1,-1,0,0,0,0,-1,-1,-1,-1,-1,-1,-1,-1,-1,-1,-1,-1,-1,-1,-1,-1,0,0,0,0,0,-1,0,0,0,-1,0,-1,[0|0|0|0|0|0|0|0]
70034,,653103,-1,-1,-1,-1,-1,-1,-1,-1,16,-1,-1,0,0,0,0,0,0,0,0,0,0,0,0,0,0,0,0,0,0,0,0,-1,-1,0,0,0,0,-1,-1,-1,-1,-1,-1,-1,-1,-1,-1,-1,-1,-1,-1,-1,-1,0,0,0,0,0,-1,0,0,0,-1,0,-1,[0|0|0|0|0|0|0|0]
70035,,0,-1,-1,-1,-1,-1,-1,-1,-1,0,-1,-1,0,0,0,0,0,0,0,0,0,0,0,0,0,0,0,0,0,0,0,0,-1,-1,0,0,0,0,-1,-1,-1,-1,-1,-1,-1,-1,-1,-1,-1,-1,-1,-1,-1,-1,0,2,0,0,420,-1,0,0,0,-1,0,-1,[0|0|0|0|0|0|0|0]
70036,,653200,-1,-1,-1,-1,-1,-1,-1,-1,905,-1,-1,0,0,0,0,0,0,0,0,0,0,0,0,0,0,0,0,0,0,0,0,-1,-1,0,0,0,0,-1,-1,-1,-1,-1,-1,-1,-1,-1,-1,-1,-1,-1,-1,-1,-1,0,0,0,0,0,-1,0,0,0,-1,0,-1,[0|0|0|0|0|0|0|0]
70037,,-1,-1,525003,-1,-1,-1,-1,-1,-1,-1,220,-1,0,0,0,0,0,0,0,0,0,0,0,0,0,0,0,0,0,0,0,0,-1,-1,0,0,0,0,-1,-1,-1,-1,-1,-1,-1,-1,-1,-1,-1,-1,-1,-1,-1,-1,0,0,0,0,0,-1,0,0,0,-1,0,-1,[0|0|0|0|0|0|0|0]
70038,,4500,301202,-1,-1,-1,-1,-1,-1,-1,905,905,-1,0,0,0,0,0,0,0,0,0,0,0,0,0,0,1,0,0,0,0,0,-1,-1,0,0,0,0,-1,-1,-1,-1,-1,-1,-1,-1,-1,-1,-1,-1,-1,-1,-1,-1,0,0,0,0,0,-1,0,0,0,-1,0,-1,[0|0|0|0|0|0|0|0]
70040,,658335,-1,-1,-1,-1,-1,-1,-1,-1,100,-1,-1,0,0,0,0,0,0,0,0,0,0,0,0,0,0,0,0,0,0,0,0,-1,-1,0,0,0,0,-1,-1,-1,-1,-1,-1,-1,-1,-1,-1,-1,-1,-1,-1,-1,-1,0,0,0,0,0,-1,0,0,0,-1,0,-1,[0|0|0|0|0|0|0|0]
70041,,658340,303411,-1,-1,-1,-1,-1,-1,-1,312,-1,-1,0,0,0,0,0,0,0,0,0,0,0,0,0,0,0,0,0,0,1,0,-1,-1,0,0,2,0,10300,-1,11300,-1,10310,-1,11310,-1,10320,-1,11320,-1,10330,-1,11330,-1,0,0,0,0,0,-1,0,0,0,-1,0,-1,[0|0|0|0|0|0|0|0]
70045,,658344,303011,-1,-1,-1,-1,-1,-1,-1,30,-1,-1,0,0,0,0,0,0,0,0,0,0,0,0,0,0,0,0,0,0,1,0,-1,-1,0,0,3,0,10300,-1,11300,-1,10310,-1,11310,-1,10320,-1,11320,-1,10330,-1,11330,-1,0,0,0,0,0,-1,0,0,0,-1,0,-1,[0|0|0|0|0|0|0|0]
70046,,658345,303011,-1,-1,-1,-1,-1,-1,-1,35,-1,-1,0,0,0,0,0,0,0,0,0,0,0,0,0,0,0,0,0,0,1,0,-1,-1,0,0,3,0,10300,-1,11300,-1,10310,-1,11310,-1,10320,-1,11320,-1,10330,-1,11330,-1,0,0,0,0,0,-1,0,0,0,-1,0,-1,[0|0|0|0|0|0|0|0]
70050,,650702,-1,-1,-1,-1,-1,-1,-1,-1,220,-1,-1,0,0,0,0,0,0,0,0,0,0,0,0,0,0,0,0,0,0,0,0,-1,-1,0,0,0,0,-1,-1,-1,-1,-1,-1,-1,-1,-1,-1,-1,-1,-1,-1,-1,-1,0,0,0,0,0,-1,0,0,0,-1,0,-1,[0|0|0|0|0|0|0|0]
70051,,-1,-1,650733,-1,-1,-1,-1,-1,-1,-1,220,-1,0,0,0,0,0,0,0,0,0,0,0,0,0,0,0,0,0,0,0,0,-1,-1,0,0,0,0,-1,-1,-1,-1,-1,-1,-1,-1,-1,-1,-1,-1,-1,-1,-1,-1,0,0,0,0,0,-1,0,0,0,-1,0,-1,[0|0|0|0|0|0|0|0]
70150,,652130,-1,-1,-1,-1,-1,-1,-1,-1,905,-1,-1,0,0,0,0,0,0,0,0,0,0,0,0,0,0,0,0,0,0,0,0,-1,-1,0,0,0,0,-1,-1,-1,-1,-1,-1,-1,-1,-1,-1,-1,-1,-1,-1,-1,-1,0,0,0,0,0,-1,0,0,0,-1,0,-1,[0|0|0|0|0|0|0|0]
70151,,-1,-1,652131,-1,-1,-1,-1,-1,-1,-1,905,-1,0,0,0,0,0,0,0,0,0,0,0,0,0,0,0,0,0,0,0,0,-1,-1,0,0,0,0,-1,-1,-1,-1,-1,-1,-1,-1,-1,-1,-1,-1,-1,-1,-1,-1,0,0,0,0,0,-1,0,0,0,-1,0,-1,[0|0|0|0|0|0|0|0]
70152,,-1,-1,652132,-1,-1,-1,-1,-1,-1,-1,905,-1,0,0,0,0,0,0,0,0,0,0,0,0,0,0,0,0,0,0,0,0,-1,-1,0,0,0,0,-1,-1,-1,-1,-1,-1,-1,-1,-1,-1,-1,-1,-1,-1,-1,-1,0,0,0,0,0,-1,0,0,0,-1,0,-1,[0|0|0|0|0|0|0|0]
70153,,1652120,-1,-1,-1,-1,-1,-1,-1,-1,905,-1,-1,0,0,0,0,0,0,0,0,0,0,0,0,0,0,0,0,0,0,0,0,-1,-1,0,0,0,0,-1,-1,-1,-1,-1,-1,-1,-1,-1,-1,-1,-1,-1,-1,-1,-1,0,0,0,0,0,-1,0,0,0,-1,0,-1,[0|0|0|0|0|0|0|0]
70154,,1652121,-1,-1,-1,-1,-1,-1,-1,-1,905,-1,-1,0,0,0,0,0,0,0,0,0,0,0,0,0,0,0,0,0,0,0,0,-1,-1,0,0,0,0,-1,-1,-1,-1,-1,-1,-1,-1,-1,-1,-1,-1,-1,-1,-1,-1,0,0,0,0,0,-1,0,0,0,-1,0,-1,[0|0|0|0|0|0|0|0]
70155,,1652123,-1,-1,-1,-1,-1,-1,-1,-1,10,-1,-1,0,0,0,0,0,0,0,0,0,0,0,0,0,0,0,0,0,0,0,0,-1,-1,0,0,0,0,-1,-1,-1,-1,-1,-1,-1,-1,-1,-1,-1,-1,-1,-1,-1,-1,0,0,0,0,0,-1,0,0,0,-1,0,-1,[0|0|0|0|0|0|0|0]
70160,,806130,-1,-1,-1,-1,-1,-1,-1,-1,-1,-1,-1,0,0,0,0,0,0,0,0,0,0,0,0,0,0,0,0,0,0,0,0,-1,-1,0,0,0,0,-1,-1,-1,-1,-1,-1,-1,-1,-1,-1,-1,-1,-1,-1,-1,-1,0,0,0,0,0,-1,0,0,0,-1,0,-1,[0|0|0|0|0|0|0|0]
70161,,806121,-1,-1,-1,-1,-1,-1,-1,-1,-1,-1,-1,0,0,0,0,0,0,0,0,0,0,0,0,0,0,0,0,0,0,0,0,-1,-1,0,0,0,0,-1,-1,-1,-1,-1,-1,-1,-1,-1,-1,-1,-1,-1,-1,-1,-1,0,0,0,0,0,-1,0,0,0,-1,0,-1,[0|0|0|0|0|0|0|0]
70162,,652192,-1,-1,-1,-1,-1,-1,-1,-1,-1,-1,-1,0,0,0,0,0,0,0,0,0,0,0,0,0,0,0,0,0,0,0,0,-1,-1,0,0,0,0,-1,-1,-1,-1,-1,-1,-1,-1,-1,-1,-1,-1,-1,-1,-1,-1,0,0,0,0,0,-1,0,0,0,-1,0,-1,[0|0|0|0|0|0|0|0]
70165,,861710,861710,-1,-1,-1,-1,-1,-1,-1,-1,-1,-1,0,0,0,0,0,0,0,0,0,0,0,0,0,0,0,0,0,0,0,0,-1,-1,0,0,0,0,-1,-1,-1,-1,-1,-1,-1,-1,-1,-1,-1,-1,-1,-1,-1,-1,0,0,0,0,0,-1,0,0,0,-1,0,-1,[0|0|0|0|0|0|0|0]
70200,,621130,-1,-1,-1,-1,-1,-1,-1,-1,31,-1,-1,0,0,0,0,0,0,0,0,0,0,0,0,0,0,0,0,0,0,0,0,-1,-1,0,0,0,0,10,13,-1,-1,-1,-1,-1,-1,-1,-1,-1,-1,-1,-1,-1,-1,0,0,0,0,0,-1,0,0,0,-1,0,-1,[0|0|0|0|0|0|0|0]
70203,,621130,-1,-1,-1,-1,-1,-1,-1,-1,31,-1,-1,0,0,0,0,0,0,0,0,0,0,0,0,0,0,0,0,0,0,0,0,-1,-1,0,0,0,0,10,13,-1,-1,-1,-1,-1,-1,-1,-1,-1,-1,-1,-1,-1,-1,0,0,0,0,0,-1,0,0,0,-1,0,-1,[0|0|0|0|0|0|0|0]
70205,,652541,-1,-1,-1,-1,-1,-1,-1,-1,321,-1,-1,0,0,0,0,0,0,0,0,0,0,0,0,0,0,0,0,0,0,0,0,-1,-1,0,0,0,0,-1,-1,-1,-1,-1,-1,-1,-1,-1,-1,-1,-1,-1,-1,-1,-1,0,0,0,0,0,-1,0,0,0,-1,0,-1,[0|0|0|0|0|0|0|0]
70206,,671051,-1,-1,-1,-1,-1,-1,-1,-1,900,-1,-1,0,0,0,0,0,0,0,0,0,0,0,0,0,0,0,0,0,0,0,0,-1,-1,0,0,0,0,-1,-1,-1,-1,-1,-1,-1,-1,-1,-1,-1,-1,-1,-1,-1,-1,0,0,0,0,0,-1,0,0,0,-1,0,-1,[0|0|0|0|0|0|0|0]
70207,,-1,-1,-1,-1,-1,-1,-1,-1,-1,-1,-1,-1,0,0,0,0,0,0,0,0,0,0,0,0,0,0,0,0,0,0,0,0,-1,-1,0,0,0,0,-1,-1,-1,-1,-1,-1,-1,-1,-1,-1,-1,-1,-1,-1,-1,-1,0,2,0,0,420,-1,0,0,0,-1,0,-1,[0|0|0|0|0|0|0|0]
70210,,806130,-1,-1,-1,-1,-1,-1,-1,-1,-1,-1,-1,0,0,0,0,0,0,0,0,0,0,0,0,0,0,0,0,0,0,0,0,-1,-1,0,0,0,0,-1,-1,-1,-1,-1,-1,-1,-1,-1,-1,-1,-1,-1,-1,-1,-1,0,0,0,0,0,-1,0,0,0,-1,0,-1,[0|0|0|0|0|0|0|0]
70211,,806121,-1,-1,-1,-1,-1,-1,-1,-1,-1,-1,-1,0,0,0,0,0,0,0,0,0,0,0,0,0,0,0,0,0,0,0,0,-1,-1,0,0,0,0,-1,-1,-1,-1,-1,-1,-1,-1,-1,-1,-1,-1,-1,-1,-1,-1,0,0,0,0,0,-1,0,0,0,-1,0,-1,[0|0|0|0|0|0|0|0]
70212,,652192,-1,-1,-1,-1,-1,-1,-1,-1,-1,-1,-1,0,0,0,0,0,0,0,0,0,0,0,0,0,0,0,0,0,0,0,0,-1,-1,0,0,0,0,-1,-1,-1,-1,-1,-1,-1,-1,-1,-1,-1,-1,-1,-1,-1,-1,0,0,0,0,0,-1,0,0,0,-1,0,-1,[0|0|0|0|0|0|0|0]
70250,,658243,-1,658242,-1,-1,-1,-1,-1,-1,220,220,-1,0,0,4,0,0,0,0,0,0,0,0,0,0,0,0,0,0,0,0,0,-1,-1,0,0,0,0,-1,-1,-1,-1,-1,-1,-1,-1,-1,-1,-1,-1,-1,-1,-1,-1,0,0,0,0,0,-1,0,0,0,-1,0,-1,[0|0|0|0|0|0|0|0]
70251,,4500,-1,-1,-1,-1,-1,-1,-1,-1,905,-1,-1,0,0,0,0,1,0,0,0,0,0,0,0,0,0,0,0,0,0,0,0,-1,-1,0,0,0,0,-1,-1,-1,-1,-1,-1,-1,-1,-1,-1,-1,-1,-1,-1,-1,-1,0,0,0,0,0,-1,0,0,0,-1,0,-1,[0|0|0|0|0|0|0|0]
70260,,-1,-1,-1,-1,-1,-1,-1,-1,-1,-1,-1,-1,0,0,0,0,0,0,0,0,0,0,0,0,0,0,0,0,0,0,0,0,-1,-1,0,0,0,0,-1,-1,-1,-1,-1,-1,-1,-1,-1,-1,-1,-1,-1,-1,-1,-1,0,2,0,0,380,-1,0,0,0,-1,0,-1,[0|0|0|0|0|0|0|0]
70261,,648076,-1,-1,-1,-1,-1,-1,-1,-1,10,-1,-1,0,0,0,0,0,0,0,0,0,0,0,0,0,0,0,0,0,0,0,0,-1,-1,0,0,0,0,-1,-1,-1,-1,-1,-1,-1,-1,-1,-1,-1,-1,-1,-1,-1,-1,0,0,0,0,0,-1,0,0,0,-1,0,-1,[0|0|0|0|0|0|0|0]
70262,,648077,-1,-1,-1,-1,-1,-1,-1,-1,10,-1,-1,0,0,0,0,0,0,0,0,0,0,0,0,0,0,0,0,0,0,0,0,-1,-1,0,0,0,0,-1,-1,-1,-1,-1,-1,-1,-1,-1,-1,-1,-1,-1,-1,-1,-1,0,0,0,0,0,-1,0,0,0,-1,0,-1,[0|0|0|0|0|0|0|0]
70263,,648078,-1,-1,-1,-1,-1,-1,-1,-1,10,-1,-1,0,0,0,0,0,0,0,0,0,0,0,0,0,0,0,0,0,0,0,0,-1,-1,0,0,0,0,-1,-1,-1,-1,-1,-1,-1,-1,-1,-1,-1,-1,-1,-1,-1,-1,0,0,0,0,0,-1,0,0,0,-1,0,-1,[0|0|0|0|0|0|0|0]
70264,,648097,-1,-1,-1,-1,-1,-1,-1,-1,210,-1,-1,0,0,0,0,0,0,0,0,0,0,0,0,0,0,0,0,0,0,0,0,-1,-1,0,0,0,0,-1,-1,-1,-1,-1,-1,-1,-1,-1,-1,-1,-1,-1,-1,-1,-1,0,0,0,0,0,-1,0,0,0,-1,0,-1,[0|0|0|0|0|0|0|0]
70265,,648098,-1,-1,-1,-1,-1,-1,-1,-1,210,-1,-1,0,0,0,0,0,0,0,0,0,0,0,0,0,0,0,0,0,0,0,0,-1,-1,0,0,0,0,-1,-1,-1,-1,-1,-1,-1,-1,-1,-1,-1,-1,-1,-1,-1,-1,0,0,0,0,0,-1,0,0,0,-1,0,-1,[0|0|0|0|0|0|0|0]
70266,,648099,-1,-1,-1,-1,-1,-1,-1,-1,210,-1,-1,0,0,0,0,0,0,0,0,0,0,0,0,0,0,0,0,0,0,0,0,-1,-1,0,0,0,0,-1,-1,-1,-1,-1,-1,-1,-1,-1,-1,-1,-1,-1,-1,-1,-1,0,0,0,0,0,-1,0,0,0,-1,0,-1,[0|0|0|0|0|0|0|0]
70270,,-1,-1,-1,-1,-1,-1,30,29,-1,-1,-1,-1,0,0,0,0,0,0,1,1,0,1,0,0,0,0,0,0,0,0,0,0,-1,-1,0,0,0,0,-1,-1,-1,-1,-1,-1,-1,-1,-1,-1,-1,-1,-1,-1,-1,-1,0,0,0,0,0,-1,0,0,0,-1,0,-1,[0|0|0|0|0|0|0|0]
70300,,676100,-1,-1,-1,-1,-1,-1,-1,-1,-1,-1,-1,0,0,0,0,0,0,0,0,0,0,0,0,0,0,0,0,0,0,0,0,-1,-1,0,0,0,0,-1,-1,-1,-1,-1,-1,-1,-1,-1,-1,-1,-1,-1,-1,-1,-1,0,0,0,0,0,-1,0,0,0,-1,0,-1,[0|0|0|0|0|0|0|0]
70301,,676123,-1,-1,-1,-1,-1,-1,-1,-1,-1,-1,-1,0,0,0,0,0,0,0,0,0,0,0,0,0,0,0,0,0,0,0,0,-1,-1,0,0,0,0,-1,-1,-1,-1,-1,-1,-1,-1,-1,-1,-1,-1,-1,-1,-1,-1,0,0,0,0,0,-1,0,0,0,-1,0,-1,[0|0|0|0|0|0|0|0]
70302,,676170,-1,-1,-1,-1,-1,-1,-1,-1,199,-1,-1,0,0,0,0,0,0,0,0,0,0,0,0,0,0,0,0,0,0,0,0,-1,-1,0,0,0,0,-1,-1,-1,-1,-1,-1,-1,-1,-1,-1,-1,-1,-1,-1,-1,-1,0,0,0,0,0,-1,0,0,0,-1,0,-1,[0|0|0|0|0|0|0|0]
70303,,676131,-1,-1,-1,-1,-1,-1,-1,-1,220,-1,-1,0,0,0,0,0,0,0,0,0,0,0,0,0,0,0,0,0,0,0,0,-1,-1,0,0,0,0,-1,-1,-1,-1,-1,-1,-1,-1,-1,-1,-1,-1,-1,-1,-1,-1,0,0,0,0,0,-1,0,0,0,-1,0,-1,[0|0|0|0|0|0|0|0]
70304,,676109,-1,-1,-1,-1,-1,-1,-1,-1,905,-1,-1,0,0,0,0,0,0,0,0,0,0,0,0,0,0,0,0,0,0,0,0,-1,-1,0,0,0,0,-1,-1,-1,-1,-1,-1,-1,-1,-1,-1,-1,-1,-1,-1,-1,-1,0,0,0,0,0,-1,0,0,0,-1,0,-1,[0|0|0|0|0|0|0|0]
70305,,-1,-1,-1,-1,-1,-1,-1,-1,-1,-1,-1,-1,0,0,0,0,0,0,0,0,0,0,0,0,0,0,0,0,0,0,0,0,-1,-1,0,0,0,0,-1,-1,-1,-1,-1,-1,-1,-1,-1,-1,-1,-1,-1,-1,-1,-1,0,0,0,0,0,10000,0,0,0,-1,0,-1,[0|0|0|0|0|0|0|0]
70306,,-1,-1,-1,-1,-1,-1,-1,-1,-1,-1,-1,-1,0,0,0,0,0,0,0,0,0,0,0,0,0,0,0,0,0,0,0,0,-1,-1,0,0,0,0,-1,-1,-1,-1,-1,-1,-1,-1,-1,-1,-1,-1,-1,-1,-1,-1,0,0,0,0,0,10000,0,1,0,-1,0,-1,[0|0|0|0|0|0|0|0]
70340,,676170,-1,-1,-1,-1,-1,-1,-1,-1,199,-1,-1,0,0,0,0,0,0,0,0,0,0,0,0,0,0,0,0,0,0,0,0,-1,-1,0,0,0,0,-1,-1,-1,-1,-1,-1,-1,-1,-1,-1,-1,-1,-1,-1,-1,-1,0,0,0,0,0,-1,0,0,0,-1,0,-1,[0|0|0|0|0|0|0|0]
70341,,676560,-1,-1,-1,-1,-1,-1,-1,-1,905,-1,-1,0,0,0,0,0,0,0,0,0,0,0,0,0,0,0,0,0,0,0,0,-1,-1,0,0,0,0,-1,-1,-1,-1,-1,-1,-1,-1,-1,-1,-1,-1,-1,-1,-1,-1,0,0,0,0,0,-1,0,0,0,-1,0,-1,[0|0|0|0|0|0|0|0]
70342,,676561,-1,-1,-1,-1,-1,-1,-1,-1,905,-1,-1,0,0,0,0,0,0,0,0,0,0,0,0,0,0,0,0,0,0,0,0,-1,-1,0,0,0,0,-1,-1,-1,-1,-1,-1,-1,-1,-1,-1,-1,-1,-1,-1,-1,-1,0,0,0,0,0,-1,0,0,0,-1,0,-1,[0|0|0|0|0|0|0|0]
70343,,-1,-1,-1,-1,-1,-1,-1,-1,-1,-1,-1,-1,0,0,0,0,0,0,1,1,0,1,0,0,0,0,0,0,0,0,0,0,-1,-1,0,0,0,0,-1,-1,-1,-1,-1,-1,-1,-1,-1,-1,-1,-1,-1,-1,-1,-1,0,0,0,0,0,-1,0,0,0,-1,0,-1,[0|0|0|0|0|0|0|0]
70345,,674550,-1,-1,-1,-1,-1,-1,-1,-1,905,-1,-1,0,0,0,0,0,0,0,0,0,0,0,0,0,0,0,0,0,0,0,0,-1,-1,0,0,0,0,-1,-1,-1,-1,-1,-1,-1,-1,-1,-1,-1,-1,-1,-1,-1,-1,0,0,0,0,0,-1,0,0,0,-1,0,-1,[0|0|0|0|0|0|0|0]
70350,,-1,-1,-1,-1,-1,-1,-1,-1,-1,-1,-1,-1,0,0,0,0,0,0,0,0,0,0,0,0,0,0,0,0,0,0,0,0,-1,-1,0,0,0,0,-1,-1,-1,-1,-1,-1,-1,-1,-1,-1,-1,-1,-1,-1,-1,-1,0,0,0,0,0,-1,0,0,0,-1,0,20010,[0|0|128|63|0|0|0|0]
70355,,-1,762009090,-1,-1,-1,-1,-1,-1,-1,220,-1,-1,0,0,0,0,0,0,0,0,0,0,0,0,0,0,0,0,1,0,0,0,-1,-1,0,0,0,0,-1,-1,-1,-1,-1,-1,-1,-1,-1,-1,-1,-1,-1,-1,-1,-1,0,0,0,0,0,-1,0,0,0,-1,0,-1,[0|0|0|0|0|0|0|0]
70360,,676290,-1,-1,-1,-1,-1,-1,-1,-1,220,-1,-1,0,0,0,0,0,0,0,0,0,0,0,0,0,0,0,0,1,0,0,0,-1,-1,0,0,0,0,-1,-1,-1,-1,-1,-1,-1,-1,-1,-1,-1,-1,-1,-1,-1,-1,0,0,0,0,0,-1,0,0,0,-1,0,-1,[0|0|0|0|0|0|0|0]
70370,,676221,-1,-1,-1,-1,-1,-1,-1,-1,220,-1,-1,0,0,0,0,0,0,0,0,0,0,0,0,0,0,0,0,0,0,0,0,-1,-1,0,0,0,0,-1,-1,-1,-1,-1,-1,-1,-1,-1,-1,-1,-1,-1,-1,-1,-1,0,0,0,0,0,-1,0,0,0,-1,0,-1,[0|0|0|0|0|0|0|0]
70371,,676761,-1,-1,-1,-1,-1,-1,-1,-1,-1,-1,-1,0,0,0,0,0,0,0,1,1,1,0,0,0,0,0,0,0,1,0,0,-1,-1,0,0,0,0,-1,-1,-1,-1,-1,-1,-1,-1,-1,-1,-1,-1,-1,-1,-1,-1,0,0,0,0,0,-1,0,0,0,-1,0,-1,[0|0|0|0|0|0|0|0]
70380,,807750,-1,-1,-1,-1,-1,-1,-1,-1,905,-1,-1,0,0,4,10,1,0,0,0,0,0,0,0,0,0,0,0,0,0,0,0,-1,-1,0,0,0,0,-1,-1,-1,-1,-1,-1,-1,-1,-1,-1,-1,-1,-1,-1,-1,-1,0,0,0,0,0,-1,0,0,0,-1,0,-1,[0|0|0|0|0|0|0|0]
70400,,677200,-1,-1,-1,-1,-1,-1,-1,-1,905,-1,-1,0,0,0,0,0,0,0,0,0,0,0,0,0,0,0,0,0,0,0,0,-1,-1,0,0,0,0,-1,-1,-1,-1,-1,-1,-1,-1,-1,-1,-1,-1,-1,-1,-1,-1,0,0,0,0,0,-1,0,0,0,-1,0,-1,[0|0|0|0|0|0|0|0]
70401,,677201,-1,-1,-1,-1,-1,-1,-1,-1,905,-1,-1,0,0,0,0,0,0,0,0,0,0,0,0,0,0,0,0,0,0,0,0,-1,-1,0,0,0,0,-1,-1,-1,-1,-1,-1,-1,-1,-1,-1,-1,-1,-1,-1,-1,-1,0,0,0,0,0,-1,0,0,0,-1,0,-1,[0|0|0|0|0|0|0|0]
70402,,677263,-1,-1,-1,-1,-1,-1,-1,-1,-1,-1,-1,0,0,0,0,0,0,0,0,0,0,0,0,0,0,0,0,0,0,0,0,-1,-1,0,0,0,0,-1,-1,-1,-1,-1,-1,-1,-1,-1,-1,-1,-1,-1,-1,-1,-1,0,0,0,0,0,-1,0,0,0,-1,0,-1,[0|0|0|0|0|0|0|0]
70403,,677202,-1,-1,-1,-1,-1,-1,-1,-1,905,-1,-1,0,0,4,10,0,0,0,0,0,0,0,0,0,0,0,0,0,0,0,0,-1,-1,0,0,0,0,-1,-1,-1,-1,-1,-1,-1,-1,-1,-1,-1,-1,-1,-1,-1,-1,0,0,0,0,0,-1,0,0,0,-1,0,-1,[0|0|0|0|0|0|0|0]
70404,,677265,-1,-1,-1,-1,-1,-1,-1,-1,300,-1,-1,0,0,0,0,0,0,0,0,0,0,0,0,0,0,0,0,0,0,0,0,-1,-1,0,0,0,0,-1,-1,-1,-1,-1,-1,-1,-1,-1,-1,-1,-1,-1,-1,-1,-1,0,0,0,0,0,-1,0,0,0,-1,0,-1,[0|0|0|0|0|0|0|0]
70450,,679311,-1,-1,-1,-1,-1,-1,-1,-1,220,-1,-1,0,0,0,0,0,0,0,0,0,0,0,0,0,0,0,0,0,0,0,0,-1,-1,0,0,0,0,-1,-1,-1,-1,-1,-1,-1,-1,-1,-1,-1,-1,-1,-1,-1,-1,0,0,0,0,0,-1,0,0,0,-1,0,-1,[0|0|0|0|0|0|0|0]
70451,,650206,-1,-1,-1,-1,-1,-1,-1,-1,220,-1,-1,0,0,0,0,0,0,0,0,0,0,0,0,0,0,0,0,0,0,0,0,-1,-1,0,0,0,0,-1,-1,-1,-1,-1,-1,-1,-1,-1,-1,-1,-1,-1,-1,-1,-1,0,0,0,0,0,-1,0,0,0,-1,0,-1,[0|0|0|0|0|0|0|0]
70460,,679321,-1,-1,-1,-1,-1,-1,-1,-1,220,-1,-1,0,0,0,0,0,0,0,0,0,0,0,0,0,0,0,0,0,0,0,0,-1,-1,0,0,0,0,-1,-1,-1,-1,-1,-1,-1,-1,-1,-1,-1,-1,-1,-1,-1,-1,0,0,0,0,0,-1,0,0,0,-1,0,-1,[0|0|0|0|0|0|0|0]
70470,,650250,-1,-1,-1,-1,-1,-1,-1,-1,220,-1,-1,0,0,0,0,0,0,0,0,0,0,0,0,0,0,0,0,0,0,0,0,-1,-1,0,0,0,0,-1,-1,-1,-1,-1,-1,-1,-1,-1,-1,-1,-1,-1,-1,-1,-1,0,0,0,0,0,-1,0,0,0,-1,0,-1,[0|0|0|0|0|0|0|0]
70471,,650251,-1,-1,-1,-1,-1,-1,-1,-1,800,-1,-1,0,0,0,0,0,0,0,0,0,0,0,0,0,0,0,0,0,0,0,0,-1,-1,0,0,0,0,-1,-1,-1,-1,-1,-1,-1,-1,-1,-1,-1,-1,-1,-1,-1,-1,0,0,0,0,0,-1,0,0,0,-1,0,-1,[0|0|0|0|0|0|0|0]
70472,,650251,-1,-1,-1,-1,-1,-1,-1,-1,801,-1,-1,0,0,0,0,0,0,0,0,0,0,0,0,0,0,0,0,0,0,0,0,-1,-1,0,0,0,0,-1,-1,-1,-1,-1,-1,-1,-1,-1,-1,-1,-1,-1,-1,-1,-1,0,0,0,0,0,-1,0,0,0,-1,0,-1,[0|0|0|0|0|0|0|0]
70473,,650251,-1,-1,-1,-1,-1,-1,-1,-1,810,-1,-1,0,0,0,0,0,0,0,0,0,0,0,0,0,0,0,0,0,0,0,0,-1,-1,0,0,0,0,-1,-1,-1,-1,-1,-1,-1,-1,-1,-1,-1,-1,-1,-1,-1,-1,0,0,0,0,0,-1,0,0,0,-1,0,-1,[0|0|0|0|0|0|0|0]
70474,,650251,-1,-1,-1,-1,-1,-1,-1,-1,811,-1,-1,0,0,0,0,0,0,0,0,0,0,0,0,0,0,0,0,0,0,0,0,-1,-1,0,0,0,0,-1,-1,-1,-1,-1,-1,-1,-1,-1,-1,-1,-1,-1,-1,-1,-1,0,0,0,0,0,-1,0,0,0,-1,0,-1,[0|0|0|0|0|0|0|0]
70475,,679440,-1,-1,-1,-1,-1,-1,-1,-1,220,-1,-1,0,0,0,0,0,0,0,0,0,0,0,0,0,0,0,0,0,0,0,0,-1,-1,0,0,0,0,-1,-1,-1,-1,-1,-1,-1,-1,-1,-1,-1,-1,-1,-1,-1,-1,0,0,0,0,0,-1,0,0,0,-1,0,-1,[0|0|0|0|0|0|0|0]
70476,,679441,-1,-1,-1,-1,-1,-1,-1,-1,800,-1,-1,0,0,0,0,0,0,0,0,0,0,0,0,0,0,0,0,0,0,0,0,-1,-1,0,0,0,0,-1,-1,-1,-1,-1,-1,-1,-1,-1,-1,-1,-1,-1,-1,-1,-1,0,0,0,0,0,-1,0,0,0,-1,0,-1,[0|0|0|0|0|0|0|0]
70477,,679441,-1,-1,-1,-1,-1,-1,-1,-1,801,-1,-1,0,0,0,0,0,0,0,0,0,0,0,0,0,0,0,0,0,0,0,0,-1,-1,0,0,0,0,-1,-1,-1,-1,-1,-1,-1,-1,-1,-1,-1,-1,-1,-1,-1,-1,0,0,0,0,0,-1,0,0,0,-1,0,-1,[0|0|0|0|0|0|0|0]
70478,,679441,-1,-1,-1,-1,-1,-1,-1,-1,810,-1,-1,0,0,0,0,0,0,0,0,0,0,0,0,0,0,0,0,0,0,0,0,-1,-1,0,0,0,0,-1,-1,-1,-1,-1,-1,-1,-1,-1,-1,-1,-1,-1,-1,-1,-1,0,0,0,0,0,-1,0,0,0,-1,0,-1,[0|0|0|0|0|0|0|0]
70479,,679441,-1,-1,-1,-1,-1,-1,-1,-1,811,-1,-1,0,0,0,0,0,0,0,0,0,0,0,0,0,0,0,0,0,0,0,0,-1,-1,0,0,0,0,-1,-1,-1,-1,-1,-1,-1,-1,-1,-1,-1,-1,-1,-1,-1,-1,0,0,0,0,0,-1,0,0,0,-1,0,-1,[0|0|0|0|0|0|0|0]
70480,,-1,-1,-1,-1,-1,-1,-1,-1,-1,-1,-1,-1,0,0,0,0,0,0,0,0,0,0,0,0,0,0,0,0,0,1,0,0,-1,-1,0,0,0,0,-1,-1,-1,-1,-1,-1,-1,-1,-1,-1,-1,-1,-1,-1,-1,-1,0,0,0,0,0,10000,0.02,0.02,1.5,-1,0,-1,[0|0|0|0|0|0|0|0]
70481,,-1,-1,-1,-1,-1,-1,-1,-1,-1,-1,-1,-1,0,0,0,0,0,0,0,0,0,0,0,0,0,0,0,0,0,1,0,0,-1,-1,0,0,0,0,-1,-1,-1,-1,-1,-1,-1,-1,-1,-1,-1,-1,-1,-1,-1,-1,0,0,0,0,0,10000,0.02,0.25,1.5,-1,0,-1,[0|0|0|0|0|0|0|0]
70482,,-1,-1,-1,-1,-1,-1,-1,-1,-1,-1,-1,-1,0,0,0,0,0,0,0,0,0,0,0,0,0,0,0,0,0,1,0,0,-1,-1,0,0,0,0,-1,-1,-1,-1,-1,-1,-1,-1,-1,-1,-1,-1,-1,-1,-1,-1,0,0,0,0,0,10000,0.02,0.25,1.5,-1,0,-1,[0|0|0|0|0|0|0|0]
70483,,-1,-1,-1,-1,-1,-1,-1,-1,-1,-1,-1,-1,0,0,0,0,0,0,0,0,0,0,0,0,0,0,0,0,0,1,0,0,-1,-1,0,0,0,0,-1,-1,-1,-1,-1,-1,-1,-1,-1,-1,-1,-1,-1,-1,-1,-1,0,0,0,0,0,10000,0.02,0.45,0.3,-1,0,-1,[0|0|0|0|0|0|0|0]
70484,,650252,-1,-1,-1,-1,-1,-1,-1,-1,220,-1,-1,0,0,0,0,0,0,0,0,0,0,0,0,0,0,0,0,0,0,0,0,-1,-1,0,0,0,0,-1,-1,-1,-1,-1,-1,-1,-1,-1,-1,-1,-1,-1,-1,-1,-1,0,0,0,0,0,-1,0,0,0,-1,0,-1,[0|0|0|0|0|0|0|0]
70485,,679440,-1,-1,-1,-1,-1,-1,-1,-1,905,-1,-1,0,0,0,0,0,0,0,0,0,0,0,0,0,0,0,0,0,0,0,0,-1,-1,0,0,0,0,-1,-1,-1,-1,-1,-1,-1,-1,-1,-1,-1,-1,-1,-1,-1,-1,0,0,0,0,0,-1,0,0,0,-1,0,-1,[0|0|0|0|0|0|0|0]
70490,,679440,-1,-1,-1,-1,-1,-1,-1,-1,220,-1,-1,0,0,0,0,0,0,0,0,0,0,0,0,0,0,0,0,0,1,0,0,-1,-1,0,0,0,0,-1,-1,-1,-1,-1,-1,-1,-1,-1,-1,-1,-1,-1,-1,-1,-1,0,0,0,0,0,-1,0,0,0,-1,0,-1,[0|0|0|0|0|0|0|0]
70491,,679441,-1,-1,-1,-1,-1,-1,-1,-1,800,-1,-1,0,0,0,0,0,0,0,0,0,0,0,0,0,0,0,0,0,1,0,0,-1,-1,0,0,0,0,-1,-1,-1,-1,-1,-1,-1,-1,-1,-1,-1,-1,-1,-1,-1,-1,0,0,0,0,0,-1,0,0,0,-1,0,-1,[0|0|0|0|0|0|0|0]
70492,,679441,-1,-1,-1,-1,-1,-1,-1,-1,801,-1,-1,0,0,0,0,0,0,0,0,0,0,0,0,0,0,0,0,0,1,0,0,-1,-1,0,0,0,0,-1,-1,-1,-1,-1,-1,-1,-1,-1,-1,-1,-1,-1,-1,-1,-1,0,0,0,0,0,-1,0,0,0,-1,0,-1,[0|0|0|0|0|0|0|0]
70493,,679441,-1,-1,-1,-1,-1,-1,-1,-1,810,-1,-1,0,0,0,0,0,0,0,0,0,0,0,0,0,0,0,0,0,1,0,0,-1,-1,0,0,0,0,-1,-1,-1,-1,-1,-1,-1,-1,-1,-1,-1,-1,-1,-1,-1,-1,0,0,0,0,0,-1,0,0,0,-1,0,-1,[0|0|0|0|0|0|0|0]
70494,,679441,-1,-1,-1,-1,-1,-1,-1,-1,811,-1,-1,0,0,0,0,0,0,0,0,0,0,0,0,0,0,0,0,0,1,0,0,-1,-1,0,0,0,0,-1,-1,-1,-1,-1,-1,-1,-1,-1,-1,-1,-1,-1,-1,-1,-1,0,0,0,0,0,-1,0,0,0,-1,0,-1,[0|0|0|0|0|0|0|0]
70495,,-1,-1,-1,-1,-1,-1,-1,-1,-1,-1,-1,-1,0,0,0,0,0,0,0,0,0,0,0,0,0,0,0,0,0,1,0,0,-1,-1,0,0,0,0,-1,-1,-1,-1,-1,-1,-1,-1,-1,-1,-1,-1,-1,-1,-1,-1,0,0,0,0,0,10000,0.02,0.6,0.3,-1,0,-1,[0|0|0|0|0|0|0|0]
70496,,-1,-1,-1,-1,-1,-1,-1,-1,-1,-1,-1,-1,0,0,0,0,0,0,0,0,0,0,0,0,0,0,0,0,0,1,0,0,-1,-1,0,0,0,0,-1,-1,-1,-1,-1,-1,-1,-1,-1,-1,-1,-1,-1,-1,-1,-1,0,0,0,0,0,10000,0.02,0.02,1.5,-1,0,-1,[0|0|0|0|0|0|0|0]
70497,,-1,-1,-1,-1,-1,-1,-1,-1,-1,-1,-1,-1,0,0,0,0,0,0,0,0,0,0,0,0,0,0,0,0,0,1,0,0,-1,-1,0,0,0,0,-1,-1,-1,-1,-1,-1,-1,-1,-1,-1,-1,-1,-1,-1,-1,-1,0,0,0,0,0,10000,0.25,0.02,1.5,-1,0,-1,[0|0|0|0|0|0|0|0]
70499,,-1,-1,-1,-1,-1,-1,-1,-1,-1,-1,-1,-1,0,0,0,0,0,0,0,0,0,0,0,0,0,0,0,0,0,1,0,0,-1,-1,0,0,0,0,-1,-1,-1,-1,-1,-1,-1,-1,-1,-1,-1,-1,-1,-1,-1,-1,0,0,0,0,0,10000,0.45,0.02,0.3,-1,0,-1,[0|0|0|0|0|0|0|0]
70500,,650900,-1,-1,-1,-1,-1,-1,-1,-1,907,-1,-1,0,0,0,0,0,0,0,0,0,0,0,0,0,0,0,0,0,0,0,0,-1,-1,0,0,0,0,-1,-1,-1,-1,-1,-1,-1,-1,-1,-1,-1,-1,-1,-1,-1,-1,0,0,0,0,0,-1,0,0,0,-1,0,-1,[0|0|0|0|0|0|0|0]
70600,,-1,-1,-1,-1,-1,-1,-1,-1,-1,-1,-1,-1,0,0,0,0,0,0,0,0,0,0,0,0,0,0,0,0,0,1,0,0,-1,-1,0,0,0,0,-1,-1,-1,-1,-1,-1,-1,-1,-1,-1,-1,-1,-1,-1,-1,-1,0,0,0,0,0,-1,0,0,0,-1,0,20000,[0|0|0|0|0|0|0|0]
70601,,-1,-1,525003,-1,-1,-1,-1,-1,-1,-1,220,-1,0,0,0,0,0,0,0,0,0,0,0,0,0,0,0,0,0,0,0,0,-1,-1,0,0,0,0,-1,-1,-1,-1,-1,-1,-1,-1,-1,-1,-1,-1,-1,-1,-1,-1,0,0,0,0,0,-1,0,0,0,-1,0,-1,[0|0|0|0|0|0|0|0]
70602,,4500,301202,-1,-1,-1,-1,-1,-1,-1,905,905,-1,0,0,0,0,0,0,0,0,0,0,0,0,0,0,1,0,0,0,0,0,-1,-1,0,0,0,0,-1,-1,-1,-1,-1,-1,-1,-1,-1,-1,-1,-1,-1,-1,-1,-1,0,0,0,0,0,-1,0,0,0,-1,0,-1,[0|0|0|0|0|0|0|0]
70604,,-1,-1,-1,-1,-1,-1,-1,-1,-1,-1,-1,-1,0,0,0,0,0,0,0,0,0,0,0,0,0,0,0,0,1,0,0,0,-1,-1,0,0,0,0,-1,-1,-1,-1,-1,-1,-1,-1,-1,-1,-1,-1,-1,-1,-1,-1,0,0,0,0,0,-1,0,0,0,-1,0,-1,[0|0|0|0|0|0|0|0]
70605,,652477,-1,-1,-1,-1,-1,-1,-1,-1,905,-1,-1,0,0,0,0,0,0,0,0,0,0,0,0,0,0,1,0,0,0,0,0,-1,-1,0,0,0,0,-1,-1,-1,-1,-1,-1,-1,-1,-1,-1,-1,-1,-1,-1,-1,-1,0,0,0,0,0,-1,0,0,0,-1,0,-1,[0|0|0|0|0|0|0|0]
70609,,652425,-1,-1,-1,-1,-1,-1,-1,-1,50,-1,-1,0,0,0,0,0,0,0,0,0,0,0,0,0,0,0,0,0,0,0,0,-1,-1,0,0,0,0,-1,-1,-1,-1,-1,-1,-1,-1,-1,-1,-1,-1,-1,-1,-1,-1,0,0,0,0,0,-1,0,0,0,-1,0,-1,[0|0|0|0|0|0|0|0]
70650,,650812,-1,658242,-1,-1,-1,-1,-1,-1,905,905,-1,0,0,4,0,0,0,0,0,0,0,0,0,0,0,0,0,0,0,0,0,-1,-1,0,0,0,0,-1,-1,-1,-1,-1,-1,-1,-1,-1,-1,-1,-1,-1,-1,-1,-1,0,0,0,0,0,-1,0,0,0,-1,0,-1,[0|0|0|0|0|0|0|0]
70651,,650832,-1,-1,-1,-1,-1,-1,-1,-1,220,-1,-1,0,0,0,0,0,0,0,0,0,0,0,0,0,0,0,0,0,0,0,0,-1,-1,0,0,0,0,-1,-1,-1,-1,-1,-1,-1,-1,-1,-1,-1,-1,-1,-1,-1,-1,0,0,0,0,0,-1,0,0,0,-1,0,-1,[0|0|0|0|0|0|0|0]
70652,,650818,-1,-1,-1,-1,-1,-1,-1,-1,199,-1,-1,0,0,0,0,0,0,0,0,0,0,0,0,0,0,0,0,0,0,0,0,-1,-1,0,0,0,0,-1,-1,-1,-1,-1,-1,-1,-1,-1,-1,-1,-1,-1,-1,-1,-1,0,0,0,0,0,-1,0,0,0,-1,0,-1,[0|0|0|0|0|0|0|0]
70653,,4500,301202,-1,-1,-1,-1,-1,-1,-1,905,-1,-1,0,0,0,0,1,0,0,0,0,0,0,0,0,0,1,0,0,0,0,0,-1,-1,0,0,0,0,-1,-1,-1,-1,-1,-1,-1,-1,-1,-1,-1,-1,-1,-1,-1,-1,0,0,0,0,0,-1,0,0,0,-1,0,-1,[0|0|0|0|0|0|0|0]
70654,,650885,-1,-1,-1,-1,-1,-1,-1,-1,330,-1,-1,0,0,0,0,0,0,0,0,0,0,0,0,0,0,0,0,0,0,0,0,-1,-1,0,0,12,0,41,40,-1,-1,-1,-1,-1,-1,-1,-1,-1,-1,-1,-1,-1,-1,0,0,0,0,0,-1,0,0,0,-1,0,-1,[0|0|0|0|0|0|0|0]
70655,,650813,524402,301271,-1,-1,-1,-1,-1,-1,905,905,-1,0,0,3,45,0,0,0,0,0,0,0,0,0,0,0,0,0,0,0,0,-1,-1,0,0,0,0,-1,-1,-1,-1,-1,-1,-1,-1,-1,-1,-1,-1,-1,-1,-1,-1,0,0,0,0,0,-1,0,0,0,-1,0,-1,[0|0|0|0|0|0|0|0]
70656,,650873,524402,301271,-1,-1,-1,-1,-1,-1,905,905,-1,0,0,3,45,0,0,0,0,0,0,0,0,0,0,0,0,0,0,0,0,-1,-1,0,0,0,0,-1,-1,-1,-1,-1,-1,-1,-1,-1,-1,-1,-1,-1,-1,-1,-1,0,0,0,0,0,-1,0,0,0,-1,0,-1,[0|0|0|0|0|0|0|0]
70657,,650814,524402,301271,-1,-1,-1,-1,-1,-1,905,905,-1,0,0,3,45,0,0,0,0,0,0,0,0,0,0,0,0,0,0,0,0,-1,-1,0,0,0,0,-1,-1,-1,-1,-1,-1,-1,-1,-1,-1,-1,-1,-1,-1,-1,-1,0,0,0,0,0,-1,0,0,0,-1,0,-1,[0|0|0|0|0|0|0|0]
70658,,650874,524402,301271,-1,-1,-1,-1,-1,-1,905,905,-1,0,0,3,45,0,0,0,0,0,0,0,0,0,0,0,0,0,0,0,0,-1,-1,0,0,0,0,-1,-1,-1,-1,-1,-1,-1,-1,-1,-1,-1,-1,-1,-1,-1,-1,0,0,0,0,0,-1,0,0,0,-1,0,-1,[0|0|0|0|0|0|0|0]
70700,,676761,-1,-1,-1,-1,-1,-1,-1,-1,-1,-1,-1,0,0,0,0,0,0,0,1,1,1,0,0,0,0,0,0,0,1,0,0,-1,-1,0,0,0,0,-1,-1,-1,-1,-1,-1,-1,-1,-1,-1,-1,-1,-1,-1,-1,-1,0,0,0,0,0,-1,0,0,0,-1,0,-1,[0|0|0|0|0|0|0|0]
70710,,665030,-1,-1,-1,-1,-1,-1,-1,-1,220,-1,-1,0,0,0,0,0,0,0,0,0,0,0,0,0,0,0,0,0,0,0,0,-1,-1,0,0,0,0,-1,-1,-1,-1,-1,-1,-1,-1,-1,-1,-1,-1,-1,-1,-1,-1,0,0,0,0,0,-1,0,0,0,-1,0,-1,[0|0|0|0|0|0|0|0]
70800,,646120,-1,-1,-1,-1,-1,-1,-1,-1,10,-1,-1,0,0,0,0,0,0,0,0,0,0,0,0,0,0,0,0,0,0,0,0,-1,-1,0,0,0,0,-1,-1,-1,-1,-1,-1,-1,-1,-1,-1,-1,-1,-1,-1,-1,-1,0,0,0,0,0,-1,0,0,0,-1,0,-1,[0|0|0|0|0|0|0|0]
70801,,646121,-1,-1,-1,-1,-1,-1,-1,-1,12,-1,-1,0,0,0,0,0,0,0,0,0,0,0,0,0,0,0,0,0,0,0,0,-1,-1,0,0,0,0,-1,-1,-1,-1,-1,-1,-1,-1,-1,-1,-1,-1,-1,-1,-1,-1,0,0,0,0,0,-1,0,0,0,-1,0,-1,[0|0|0|0|0|0|0|0]
70802,,646122,-1,-1,-1,-1,-1,-1,-1,-1,14,-1,-1,0,0,0,0,0,0,0,0,0,0,0,0,0,0,0,0,0,0,0,0,-1,-1,0,0,0,0,-1,-1,-1,-1,-1,-1,-1,-1,-1,-1,-1,-1,-1,-1,-1,-1,0,0,0,0,0,-1,0,0,0,-1,0,-1,[0|0|0|0|0|0|0|0]
70803,,646123,-1,-1,-1,-1,-1,-1,-1,-1,16,-1,-1,0,0,0,0,0,0,0,0,0,0,0,0,0,0,0,0,0,0,0,0,-1,-1,0,0,0,0,-1,-1,-1,-1,-1,-1,-1,-1,-1,-1,-1,-1,-1,-1,-1,-1,0,0,0,0,0,-1,0,0,0,-1,0,-1,[0|0|0|0|0|0|0|0]
73000,,649099,-1,-1,-1,-1,-1,-1,-1,-1,-1,-1,-1,0,0,0,0,0,0,0,0,0,0,0,0,0,0,0,0,0,0,0,0,-1,-1,0,0,0,0,-1,-1,-1,-1,-1,-1,-1,-1,-1,-1,-1,-1,-1,-1,-1,-1,0,0,0,0,0,-1,0,0,0,-1,0,-1,[0|0|0|0|0|0|0|0]
73001,,649092,-1,-1,-1,-1,-1,-1,-1,-1,-1,-1,-1,0,0,0,0,0,0,0,0,0,0,0,0,0,0,0,0,0,0,0,0,-1,-1,0,0,0,0,-1,-1,-1,-1,-1,-1,-1,-1,-1,-1,-1,-1,-1,-1,-1,-1,0,0,0,0,0,-1,0,0,0,-1,0,-1,[0|0|0|0|0|0|0|0]
73050,,807560,-1,-1,-1,-1,-1,-1,-1,-1,220,-1,-1,0,0,0,0,0,0,0,0,0,0,0,0,0,0,0,0,0,0,0,0,-1,-1,0,0,0,0,-1,-1,-1,-1,-1,-1,-1,-1,-1,-1,-1,-1,-1,-1,-1,-1,0,0,0,0,0,-1,0,0,0,-1,0,-1,[0|0|0|0|0|0|0|0]
73051,,807561,-1,-1,-1,-1,-1,-1,-1,-1,220,-1,-1,0,0,0,0,0,0,0,0,0,0,0,0,0,0,0,0,0,0,0,0,-1,-1,0,0,0,0,-1,-1,-1,-1,-1,-1,-1,-1,-1,-1,-1,-1,-1,-1,-1,-1,0,0,0,0,0,-1,0,0,0,-1,0,-1,[0|0|0|0|0|0|0|0]
73060,,-1,-1,-1,-1,-1,-1,-1,-1,-1,-1,-1,-1,0,0,0,0,0,0,0,0,0,0,0,0,0,0,0,0,0,0,0,0,-1,-1,0,0,0,0,-1,-1,-1,-1,-1,-1,-1,-1,-1,-1,-1,-1,-1,-1,-1,-1,0,0,0,0,0,-1,0,0,0,-1,0,20015,[0|0|128|63|0|0|0|0]
73061,,807755,-1,-1,-1,-1,-1,-1,-1,-1,905,-1,-1,0,0,0,0,1,0,0,0,0,0,0,0,0,0,0,0,0,0,0,0,-1,-1,0,0,0,0,-1,-1,-1,-1,-1,-1,-1,-1,-1,-1,-1,-1,-1,-1,-1,-1,0,0,0,0,0,-1,0,0,0,-1,0,-1,[0|0|0|0|0|0|0|0]
73070,,807562,-1,-1,-1,-1,-1,-1,-1,-1,220,-1,-1,0,0,0,0,0,0,0,0,0,0,0,0,0,0,0,0,0,0,0,0,-1,-1,0,0,0,0,-1,-1,-1,-1,-1,-1,-1,-1,-1,-1,-1,-1,-1,-1,-1,-1,0,0,0,0,0,-1,0,0,0,-1,0,-1,[0|0|0|0|0|0|0|0]
73080,,807564,-1,-1,-1,-1,-1,-1,-1,-1,220,-1,-1,0,0,0,0,0,0,0,0,0,0,0,0,0,0,0,0,0,0,0,0,-1,-1,0,0,0,0,-1,-1,-1,-1,-1,-1,-1,-1,-1,-1,-1,-1,-1,-1,-1,-1,0,0,0,0,0,-1,0,0,0,-1,0,-1,[0|0|0|0|0|0|0|0]
73090,,4500,-1,-1,-1,-1,-1,-1,-1,-1,905,-1,-1,0,0,3,60,0,0,0,0,0,0,0,0,0,0,0,0,1,0,0,0,-1,-1,0,0,0,0,-1,-1,-1,-1,-1,-1,-1,-1,-1,-1,-1,-1,-1,-1,-1,-1,0,0,0,0,0,-1,0,0,0,-1,0,-1,[0|0|0|0|0|0|0|0]
73095,,5410,5410,-1,-1,-1,-1,-1,-1,-1,905,-1,-1,0,0,0,0,0,0,0,0,0,0,0,0,0,0,0,0,1,1,0,0,-1,-1,0,0,0,0,-1,-1,-1,-1,-1,-1,-1,-1,-1,-1,-1,-1,-1,-1,-1,-1,0,0,0,0,0,-1,0,0,0,-1,0,-1,[0|0|0|0|0|0|0|0]
73100,,674915,-1,-1,-1,-1,-1,-1,-1,-1,-1,-1,-1,0,0,0,0,0,0,0,0,0,0,0,0,0,0,0,0,0,0,0,0,-1,-1,0,0,0,0,-1,-1,-1,-1,-1,-1,-1,-1,-1,-1,-1,-1,-1,-1,-1,-1,0,0,0,0,0,-1,0,0,0,-1,0,-1,[0|0|0|0|0|0|0|0]
73101,,674916,-1,-1,-1,-1,-1,-1,-1,-1,-1,-1,-1,0,0,0,0,0,0,0,0,0,0,0,0,0,0,0,0,0,0,0,0,-1,-1,0,0,0,0,-1,-1,-1,-1,-1,-1,-1,-1,-1,-1,-1,-1,-1,-1,-1,-1,0,0,0,0,0,-1,0,0,0,-1,0,-1,[0|0|0|0|0|0|0|0]
73102,,674917,-1,-1,-1,-1,-1,-1,-1,-1,-1,-1,-1,0,0,0,0,0,0,0,0,0,0,0,0,0,0,0,0,0,0,0,0,-1,-1,0,0,0,0,-1,-1,-1,-1,-1,-1,-1,-1,-1,-1,-1,-1,-1,-1,-1,-1,0,0,0,0,0,-1,0,0,0,-1,0,-1,[0|0|0|0|0|0|0|0]
73105,,674905,-1,-1,-1,-1,-1,-1,-1,-1,905,-1,-1,0,0,4,5,1,0,0,0,0,0,0,0,0,0,0,0,0,0,0,0,-1,-1,0,0,0,0,-1,-1,-1,-1,-1,-1,-1,-1,-1,-1,-1,-1,-1,-1,-1,-1,0,0,0,0,0,-1,0,0,0,-1,0,-1,[0|0|0|0|0|0|0|0]
73106,,674906,-1,-1,-1,-1,-1,-1,-1,-1,905,-1,-1,0,0,4,5,1,0,0,0,0,0,0,0,0,0,0,0,0,0,0,0,-1,-1,0,0,0,0,-1,-1,-1,-1,-1,-1,-1,-1,-1,-1,-1,-1,-1,-1,-1,-1,0,0,0,0,0,-1,0,0,0,-1,0,-1,[0|0|0|0|0|0|0|0]
73110,,301202,-1,674895,-1,-1,-1,-1,-1,-1,220,220,-1,0,0,3,80,0,0,0,0,0,0,0,0,0,0,1,1,1,0,0,0,-1,-1,0,0,0,0,-1,-1,-1,-1,-1,-1,-1,-1,-1,-1,-1,-1,-1,-1,-1,-1,0,0,0,0,0,-1,0,0,0,-1,0,-1,[0|0|0|0|0|0|0|0]
98200,,807540,-1,-1,-1,-1,-1,-1,-1,-1,-1,-1,-1,0,0,0,0,0,0,0,0,0,0,0,0,0,0,0,0,0,0,0,0,-1,-1,0,0,0,0,-1,-1,-1,-1,-1,-1,-1,-1,-1,-1,-1,-1,-1,-1,-1,-1,0,0,0,0,0,-1,0,0,0,-1,0,-1,[0|0|0|0|0|0|0|0]
98250,,807550,-1,-1,-1,-1,-1,-1,-1,-1,-1,-1,-1,0,0,0,0,0,0,0,0,0,0,0,0,0,0,0,0,0,0,0,0,-1,-1,0,0,0,0,-1,-1,-1,-1,-1,-1,-1,-1,-1,-1,-1,-1,-1,-1,-1,-1,0,0,0,0,0,-1,0,0,0,-1,0,-1,[0|0|0|0|0|0|0|0]
98251,,807551,-1,-1,-1,-1,-1,-1,-1,-1,-1,-1,-1,0,0,0,0,0,0,0,0,0,0,0,0,0,0,0,0,0,0,0,0,-1,-1,0,0,0,0,-1,-1,-1,-1,-1,-1,-1,-1,-1,-1,-1,-1,-1,-1,-1,-1,0,0,0,0,0,-1,0,0,0,-1,0,-1,[0|0|0|0|0|0|0|0]
98252,,807552,-1,-1,-1,-1,-1,-1,-1,-1,-1,-1,-1,0,0,0,0,0,0,0,0,0,0,0,0,0,0,0,0,0,0,0,0,-1,-1,0,0,0,0,-1,-1,-1,-1,-1,-1,-1,-1,-1,-1,-1,-1,-1,-1,-1,-1,0,0,0,0,0,-1,0,0,0,-1,0,-1,[0|0|0|0|0|0|0|0]
98256,,807810,-1,-1,-1,-1,-1,-1,-1,-1,930,-1,-1,0,0,0,0,0,0,0,0,0,0,0,0,0,0,0,0,0,0,0,0,-1,-1,0,0,0,0,-1,-1,-1,-1,-1,-1,-1,-1,-1,-1,-1,-1,-1,-1,-1,-1,0,0,0,0,0,-1,0,0,0,-1,0,-1,[0|0|0|0|0|0|0|0]
98257,,807810,-1,-1,-1,-1,-1,-1,-1,-1,940,-1,-1,0,0,0,0,0,0,0,0,0,0,0,0,0,0,0,0,0,0,0,0,-1,-1,0,0,0,0,-1,-1,-1,-1,-1,-1,-1,-1,-1,-1,-1,-1,-1,-1,-1,-1,0,0,0,0,0,-1,0,0,0,-1,0,-1,[0|0|0|0|0|0|0|0]
98258,,807810,-1,-1,-1,-1,-1,-1,-1,-1,5,-1,-1,0,0,0,0,0,0,0,0,0,0,0,0,0,0,0,0,0,0,0,0,-1,-1,0,0,0,0,-1,-1,-1,-1,-1,-1,-1,-1,-1,-1,-1,-1,-1,-1,-1,-1,0,0,0,0,0,-1,0,0,0,-1,0,-1,[0|0|0|0|0|0|0|0]
98259,,807810,-1,-1,-1,-1,-1,-1,-1,-1,6,-1,-1,0,0,0,0,0,0,0,0,0,0,0,0,0,0,0,0,0,0,0,0,-1,-1,0,0,0,0,-1,-1,-1,-1,-1,-1,-1,-1,-1,-1,-1,-1,-1,-1,-1,-1,0,0,0,0,0,-1,0,0,0,-1,0,-1,[0|0|0|0|0|0|0|0]
99999,,4031,-1,-1,-1,-1,-1,-1,-1,-1,220,-1,-1,0,0,4,0,0,0,0,0,0,0,0,0,0,0,0,0,0,0,0,0,-1,-1,0,0,0,0,-1,-1,-1,-1,-1,-1,-1,-1,-1,-1,-1,-1,-1,-1,-1,-1,0,0,0,0,0,-1,0,0,0,-1,0,-1,[0|0|0|0|0|0|0|0]
100000,,-1,-1,-1,-1,-1,-1,-1,-1,-1,-1,-1,-1,0,0,7,30,0,0,0,0,0,0,0,0,0,0,0,0,0,0,0,0,-1,-1,0,0,0,0,-1,-1,-1,-1,-1,-1,-1,-1,-1,-1,-1,-1,-1,-1,-1,-1,0,0,0,1,0,-1,0,0,0,-1,0,-1,[0|0|0|0|0|0|0|0]
100001,,-1,-1,-1,-1,-1,-1,-1,-1,-1,-1,-1,-1,0,0,7,10,0,0,0,0,0,0,0,0,0,0,0,0,0,0,0,0,-1,-1,0,0,0,0,-1,-1,-1,-1,-1,-1,-1,-1,-1,-1,-1,-1,-1,-1,-1,-1,0,0,0,1,0,-1,0,0,0,-1,0,-1,[0|0|0|0|0|0|0|0]
100010,,-1,-1,-1,-1,-1,-1,-1,-1,-1,-1,-1,-1,0,0,7,32,0,0,0,0,0,0,0,0,0,0,0,0,0,0,0,0,-1,-1,0,0,0,0,-1,-1,-1,-1,-1,-1,-1,-1,-1,-1,-1,-1,-1,-1,-1,-1,0,0,0,2,0,-1,0,0,0,-1,0,-1,[0|0|0|0|0|0|0|0]
100011,,-1,-1,-1,-1,-1,-1,-1,-1,-1,-1,-1,-1,0,0,7,12,0,0,0,0,0,0,0,0,0,0,0,0,0,0,0,0,-1,-1,0,0,0,0,-1,-1,-1,-1,-1,-1,-1,-1,-1,-1,-1,-1,-1,-1,-1,-1,0,0,0,2,0,-1,0,0,0,-1,0,-1,[0|0|0|0|0|0|0|0]
100020,,-1,-1,-1,-1,-1,-1,-1,-1,-1,-1,-1,-1,0,0,7,33,0,0,0,0,0,0,0,0,0,0,0,0,0,0,0,0,-1,-1,0,0,0,0,-1,-1,-1,-1,-1,-1,-1,-1,-1,-1,-1,-1,-1,-1,-1,-1,0,0,0,3,0,-1,0,0,0,-1,0,-1,[0|0|0|0|0|0|0|0]
100021,,-1,-1,-1,-1,-1,-1,-1,-1,-1,-1,-1,-1,0,0,7,13,0,0,0,0,0,0,0,0,0,0,0,0,0,0,0,0,-1,-1,0,0,0,0,-1,-1,-1,-1,-1,-1,-1,-1,-1,-1,-1,-1,-1,-1,-1,-1,0,0,0,3,0,-1,0,0,0,-1,0,-1,[0|0|0|0|0|0|0|0]
100030,,-1,-1,-1,-1,-1,-1,-1,-1,-1,-1,-1,-1,0,0,7,31,0,0,0,0,0,0,0,0,0,0,0,0,0,0,0,0,-1,-1,0,0,0,0,-1,-1,-1,-1,-1,-1,-1,-1,-1,-1,-1,-1,-1,-1,-1,-1,0,0,0,19,0,-1,0,0,0,-1,0,-1,[0|0|0|0|0|0|0|0]
100031,,-1,-1,-1,-1,-1,-1,-1,-1,-1,-1,-1,-1,0,0,7,11,0,0,0,0,0,0,0,0,0,0,0,0,0,0,0,0,-1,-1,0,0,0,0,-1,-1,-1,-1,-1,-1,-1,-1,-1,-1,-1,-1,-1,-1,-1,-1,0,0,0,19,0,-1,0,0,0,-1,0,-1,[0|0|0|0|0|0|0|0]
100040,,-1,-1,-1,-1,-1,-1,-1,-1,-1,-1,-1,-1,0,0,7,31,0,0,0,0,0,0,0,0,0,0,0,0,0,0,0,0,-1,-1,0,0,0,0,-1,-1,-1,-1,-1,-1,-1,-1,-1,-1,-1,-1,-1,-1,-1,-1,0,0,0,20,0,-1,0,0,0,-1,0,-1,[0|0|0|0|0|0|0|0]
100041,,-1,-1,-1,-1,-1,-1,-1,-1,-1,-1,-1,-1,0,0,7,11,0,0,0,0,0,0,0,0,0,0,0,0,0,0,0,0,-1,-1,0,0,0,0,-1,-1,-1,-1,-1,-1,-1,-1,-1,-1,-1,-1,-1,-1,-1,-1,0,0,0,20,0,-1,0,0,0,-1,0,-1,[0|0|0|0|0|0|0|0]
100050,,-1,-1,-1,-1,-1,-1,-1,-1,-1,-1,-1,-1,0,0,7,31,0,0,0,0,0,0,0,0,0,0,0,0,0,0,0,0,-1,-1,0,0,0,0,-1,-1,-1,-1,-1,-1,-1,-1,-1,-1,-1,-1,-1,-1,-1,-1,0,0,0,21,0,-1,0,0,0,-1,0,-1,[0|0|0|0|0|0|0|0]
100051,,-1,-1,-1,-1,-1,-1,-1,-1,-1,-1,-1,-1,0,0,7,11,0,0,0,0,0,0,0,0,0,0,0,0,0,0,0,0,-1,-1,0,0,0,0,-1,-1,-1,-1,-1,-1,-1,-1,-1,-1,-1,-1,-1,-1,-1,-1,0,0,0,21,0,-1,0,0,0,-1,0,-1,[0|0|0|0|0|0|0|0]
100060,,-1,-1,-1,-1,-1,-1,-1,-1,-1,-1,-1,-1,0,0,7,31,0,0,0,0,0,0,0,0,0,0,0,0,0,0,0,0,-1,-1,0,0,0,0,-1,-1,-1,-1,-1,-1,-1,-1,-1,-1,-1,-1,-1,-1,-1,-1,0,0,0,22,0,-1,0,0,0,-1,0,-1,[0|0|0|0|0|0|0|0]
100061,,-1,-1,-1,-1,-1,-1,-1,-1,-1,-1,-1,-1,0,0,7,11,0,0,0,0,0,0,0,0,0,0,0,0,0,0,0,0,-1,-1,0,0,0,0,-1,-1,-1,-1,-1,-1,-1,-1,-1,-1,-1,-1,-1,-1,-1,-1,0,0,0,22,0,-1,0,0,0,-1,0,-1,[0|0|0|0|0|0|0|0]
101000,,-1,-1,-1,-1,-1,-1,-1,-1,-1,-1,-1,-1,0,0,7,255,0,0,0,0,0,0,0,0,0,0,0,0,0,0,0,0,-1,-1,0,0,0,0,-1,-1,-1,-1,-1,-1,-1,-1,-1,-1,-1,-1,-1,-1,-1,-1,0,0,0,6,0,-1,0,0,0,-1,0,-1,[0|0|0|0|0|0|0|0]
101100,,-1,-1,-1,-1,-1,-1,-1,-1,-1,-1,-1,-1,0,0,7,5,0,0,0,0,0,0,0,0,0,0,0,0,0,1,0,0,-1,-1,0,0,0,0,-1,-1,-1,-1,-1,-1,-1,-1,-1,-1,-1,-1,-1,-1,-1,-1,0,0,0,8,0,-1,0,0,0,-1,0,-1,[0|0|0|0|0|0|0|0]
101900,,-1,-1,-1,-1,-1,-1,-1,-1,-1,-1,-1,-1,0,0,7,7,0,0,0,0,0,0,0,0,0,0,0,0,0,0,0,0,-1,-1,0,0,0,0,-1,-1,-1,-1,-1,-1,-1,-1,-1,-1,-1,-1,-1,-1,-1,-1,0,0,0,1,0,-1,0,0,0,-1,0,-1,[0|0|0|0|0|0|0|0]
104305,,801,-1,-1,-1,-1,-1,-1,-1,-1,960,-1,-1,0,0,0,0,0,0,0,0,0,0,0,0,0,0,0,0,0,1,0,0,-1,-1,0,0,0,0,-1,-1,-1,-1,-1,-1,-1,-1,-1,-1,-1,-1,-1,-1,-1,-1,0,0,0,0,0,-1,0,0,0,-1,0,-1,[0|0|0|0|0|0|0|0]
104306,,802,-1,-1,-1,-1,-1,-1,-1,-1,960,-1,-1,0,0,0,0,0,0,0,0,0,0,0,0,0,0,0,0,0,1,0,0,-1,-1,0,0,0,0,-1,-1,-1,-1,-1,-1,-1,-1,-1,-1,-1,-1,-1,-1,-1,-1,0,0,0,0,0,-1,0,0,0,-1,0,-1,[0|0|0|0|0|0|0|0]
104307,,803,-1,-1,-1,-1,-1,-1,-1,-1,960,-1,-1,0,0,0,0,0,0,0,0,0,0,0,0,0,0,0,0,0,1,0,0,-1,-1,0,0,0,0,-1,-1,-1,-1,-1,-1,-1,-1,-1,-1,-1,-1,-1,-1,-1,-1,0,0,0,0,0,-1,0,0,0,-1,0,-1,[0|0|0|0|0|0|0|0]
104308,,804,-1,-1,-1,-1,-1,-1,-1,-1,960,-1,-1,0,0,0,0,0,0,0,0,0,0,0,0,0,0,0,0,0,1,0,0,-1,-1,0,0,0,0,-1,-1,-1,-1,-1,-1,-1,-1,-1,-1,-1,-1,-1,-1,-1,-1,0,0,0,0,0,-1,0,0,0,-1,0,-1,[0|0|0|0|0|0|0|0]
104310,,812,-1,-1,-1,-1,-1,-1,-1,-1,905,-1,-1,0,0,0,0,0,0,0,1,1,0,0,0,0,0,0,0,0,1,0,0,-1,-1,0,0,0,0,-1,-1,-1,-1,-1,-1,-1,-1,-1,-1,-1,-1,-1,-1,-1,-1,0,0,0,0,0,-1,0,0,0,-1,0,-1,[0|0|0|0|0|0|0|0]
104311,,812,-1,-1,-1,-1,-1,-1,-1,-1,905,-1,-1,0,0,0,0,0,0,0,1,1,0,0,0,0,0,0,0,0,1,0,0,-1,-1,0,0,0,0,-1,-1,-1,-1,-1,-1,-1,-1,-1,-1,-1,-1,-1,-1,-1,-1,0,0,0,0,0,-1,0,0,0,-1,0,-1,[0|0|0|0|0|0|0|0]
104312,,813,-1,-1,-1,-1,-1,-1,-1,-1,905,-1,-1,0,0,0,0,0,0,0,1,1,0,0,0,0,0,0,0,0,1,0,0,-1,-1,0,0,0,0,-1,-1,-1,-1,-1,-1,-1,-1,-1,-1,-1,-1,-1,-1,-1,-1,0,0,0,0,0,-1,0,0,0,-1,0,-1,[0|0|0|0|0|0|0|0]
104313,,814,-1,-1,-1,-1,-1,-1,-1,-1,905,-1,-1,0,0,0,0,0,0,0,1,1,0,0,0,0,0,0,0,0,1,0,0,-1,-1,0,0,0,0,-1,-1,-1,-1,-1,-1,-1,-1,-1,-1,-1,-1,-1,-1,-1,-1,0,0,0,0,0,-1,0,0,0,-1,0,-1,[0|0|0|0|0|0|0|0]
104320,,-1,-1,-1,-1,-1,-1,-1,-1,-1,-1,-1,-1,0,0,0,0,0,0,0,0,0,0,0,0,0,0,0,0,0,0,0,0,-1,-1,0,0,0,0,-1,-1,-1,-1,-1,-1,-1,-1,-1,-1,-1,-1,-1,-1,-1,-1,0,2,0,0,290,-1,0,0,0,-1,0,-1,[0|0|0|0|0|0|0|0]
104321,,-1,-1,-1,-1,-1,-1,-1,-1,-1,-1,-1,-1,0,0,0,0,0,0,0,0,0,0,0,0,0,0,0,0,0,0,0,0,-1,-1,0,0,0,0,-1,-1,-1,-1,-1,-1,-1,-1,-1,-1,-1,-1,-1,-1,-1,-1,0,1,0,0,290,-1,0,0,0,-1,0,-1,[0|0|0|0|0|0|0|0]
104330,,-1,-1,-1,-1,-1,-1,-1,-1,-1,-1,-1,-1,0,0,0,0,0,0,0,0,0,0,0,0,0,0,0,0,0,0,0,0,-1,-1,0,0,0,0,-1,-1,-1,-1,-1,-1,-1,-1,-1,-1,-1,-1,-1,-1,-1,-1,0,2,0,0,220,-1,0,0,0,-1,0,-1,[0|0|0|0|0|0|0|0]
104340,,-1,-1,-1,-1,-1,-1,-1,-1,-1,-1,-1,-1,0,0,0,0,0,0,0,0,0,0,0,0,0,0,0,0,0,1,0,0,-1,-1,0,0,0,0,-1,-1,-1,-1,-1,-1,-1,-1,-1,-1,-1,-1,-1,-1,-1,-1,0,0,0,8,0,-1,0,0,0,-1,0,-1,[0|0|0|0|0|0|0|0]
104350,,-1,332001000,-1,-1,-1,-1,-1,-1,-1,6,-1,-1,0,0,0,0,0,0,0,0,0,0,0,0,0,0,0,0,0,0,0,0,-1,-1,0,0,0,0,-1,-1,-1,-1,-1,-1,-1,-1,-1,-1,-1,-1,-1,-1,-1,-1,0,0,0,0,0,-1,0,0,0,-1,0,-1,[0|0|0|0|0|0|0|0]
104380,,-1,-1,-1,-1,-1,-1,1.5,1.5,-1,-1,-1,-1,0,0,0,0,0,0,1,1,1,1,0,0,0,0,0,0,0,0,0,0,-1,-1,0,0,0,0,-1,-1,-1,-1,-1,-1,-1,-1,-1,-1,-1,-1,-1,-1,-1,-1,0,0,0,0,0,-1,0,0,0,-1,0,-1,[0|0|0|0|0|0|0|0]
104390,,5501,-1,-1,-1,-1,-1,-1,-1,-1,220,-1,-1,0,0,0,0,0,0,0,0,0,0,0,0,0,0,0,0,0,0,0,0,-1,-1,0,0,0,0,-1,-1,-1,-1,-1,-1,-1,-1,-1,-1,-1,-1,-1,-1,-1,-1,0,0,0,0,0,-1,0,0,0,-1,0,-1,[0|0|0|0|0|0|0|0]
104391,,-1,-1,675296,-1,-1,-1,-1,-1,-1,-1,220,-1,0,0,0,0,0,0,0,0,0,0,0,0,0,0,0,0,0,0,0,0,-1,-1,0,0,0,0,-1,-1,-1,-1,-1,-1,-1,-1,-1,-1,-1,-1,-1,-1,-1,-1,0,0,0,0,0,-1,0,0,0,-1,0,-1,[0|0|0|0|0|0|0|0]
104392,Rune of the Strong VFX,-1,-1,43,-1,-1,-1,-1,-1,-1,-1,220,-1,0,0,0,0,0,0,0,0,0,0,0,0,0,0,0,0,0,0,0,0,-1,-1,0,0,0,0,-1,-1,-1,-1,-1,-1,-1,-1,-1,-1,-1,-1,-1,-1,-1,-1,0,0,0,0,0,-1,0,0,0,-1,0,-1,[0|0|0|0|0|0|0|0]
104410,,601000,-1,-1,-1,-1,-1,-1,-1,-1,199,-1,-1,0,0,0,0,0,0,0,0,0,0,0,0,0,0,0,0,0,0,0,0,-1,-1,0,0,0,0,-1,-1,-1,-1,-1,-1,-1,-1,-1,-1,-1,-1,-1,-1,-1,-1,0,0,0,0,0,-1,0,0,0,-1,0,-1,[0|0|0|0|0|0|0|0]
104415,,646427,-1,-1,-1,-1,-1,-1,-1,-1,199,-1,-1,0,0,0,0,0,0,0,0,0,0,0,0,0,0,0,0,0,0,0,0,-1,-1,0,0,0,0,-1,-1,-1,-1,-1,-1,-1,-1,-1,-1,-1,-1,-1,-1,-1,-1,0,0,0,0,0,-1,0,0,0,-1,0,-1,[0|0|0|0|0|0|0|0]
104416,,-1,-1,-1,-1,-1,-1,-1,-1,-1,199,-1,-1,0,0,0,0,0,0,0,0,0,0,0,0,0,0,0,0,0,0,0,0,-1,-1,0,0,0,0,-1,-1,-1,-1,-1,-1,-1,-1,-1,-1,-1,-1,-1,-1,-1,-1,0,0,0,0,0,-1,0,0,0,-1,0,-1,[0|0|0|0|0|0|0|0]
104610,,-1,430207001,-1,-1,-1,430207002,-1,-1,-1,-1,-1,-1,0,0,0,0,0,0,1,1,1,1,0,0,0,0,0,0,0,0,0,0,-1,-1,0,0,0,0,-1,-1,-1,-1,-1,-1,-1,-1,-1,-1,-1,-1,-1,-1,-1,-1,0,0,0,0,0,-1,0,0,0,-1,0,-1,[0|0|0|0|0|0|0|0]
104611,,-1,-1,-1,-1,-1,-1,-1,-1,-1,-1,-1,-1,0,0,0,0,0,0,0,0,0,0,0,0,0,0,0,0,0,1,0,0,-1,-1,0,0,0,0,-1,-1,-1,-1,-1,-1,-1,-1,-1,-1,-1,-1,-1,-1,-1,-1,0,2,0,0,920,-1,0,0,0,-1,0,-1,[0|0|0|0|0|0|0|0]
104900,,301002,-1,-1,-1,-1,-1,-1,-1,-1,905,-1,-1,0,0,0,0,0,0,0,0,0,0,0,0,0,0,0,0,0,0,0,0,-1,-1,0,0,0,0,-1,-1,-1,-1,-1,-1,-1,-1,-1,-1,-1,-1,-1,-1,-1,-1,0,0,0,0,0,-1,0,0,0,-1,0,-1,[0|0|0|0|0|0|0|0]
104901,,301052,-1,-1,-1,-1,-1,-1,-1,-1,905,-1,-1,0,0,0,0,0,0,0,0,0,0,0,0,0,0,0,0,0,0,0,0,-1,-1,0,0,0,0,-1,-1,-1,-1,-1,-1,-1,-1,-1,-1,-1,-1,-1,-1,-1,-1,0,0,0,0,0,-1,0,0,0,-1,0,-1,[0|0|0|0|0|0|0|0]
104910,,301005,-1,-1,-1,-1,-1,-1,-1,-1,905,-1,-1,0,0,0,0,0,0,0,0,0,0,0,0,0,0,0,0,0,0,0,0,-1,-1,0,0,0,0,-1,-1,-1,-1,-1,-1,-1,-1,-1,-1,-1,-1,-1,-1,-1,-1,0,0,0,0,0,-1,0,0,0,-1,0,-1,[0|0|0|0|0|0|0|0]
108970,,-1,-1,-1,-1,-1,-1,-1,-1,-1,-1,-1,-1,0,0,0,0,0,0,0,0,0,0,0,0,0,0,0,0,0,0,0,0,-1,-1,0,0,0,0,-1,-1,-1,-1,-1,-1,-1,-1,-1,-1,-1,-1,-1,-1,-1,-1,0,2,0,0,210,-1,0,0,0,-1,0,-1,[0|0|0|0|0|0|0|0]
108971,,-1,-1,-1,-1,-1,-1,-1,-1,-1,-1,-1,-1,0,0,0,0,0,0,0,0,0,0,0,0,0,0,0,0,0,0,0,0,-1,-1,0,0,0,0,-1,-1,-1,-1,-1,-1,-1,-1,-1,-1,-1,-1,-1,-1,-1,-1,0,2,0,0,211,-1,0,0,0,-1,0,-1,[0|0|0|0|0|0|0|0]
110000,,-1,-1,301505,301505,-1,-1,-1,-1,-1,-1,900,-1,0,0,0,0,0,0,0,0,0,0,0,0,0,0,0,0,0,0,0,0,-1,-1,0,0,0,0,-1,-1,-1,-1,-1,-1,-1,-1,-1,-1,-1,-1,-1,-1,-1,-1,0,0,0,0,0,-1,0,0,0,-1,0,-1,[0|0|0|0|0|0|0|0]
110010,,-1,-1,-1,-1,-1,-1,-1,-1,-1,-1,-1,-1,0,0,0,0,0,0,0,1,1,0,0,0,0,0,0,0,0,1,0,0,-1,-1,0,0,0,0,-1,-1,-1,-1,-1,-1,-1,-1,-1,-1,-1,-1,-1,-1,-1,-1,0,0,5,0,0,-1,0,0,0,-1,0,-1,[0|0|0|0|0|0|0|0]
110011,,-1,-1,-1,-1,-1,-1,-1,-1,-1,-1,-1,-1,0,0,0,0,0,0,0,1,1,0,0,0,0,0,0,0,0,1,0,0,-1,-1,0,0,0,0,-1,-1,-1,-1,-1,-1,-1,-1,-1,-1,-1,-1,-1,-1,-1,-1,0,0,95,0,0,-1,0,0,0,-1,0,-1,[0|0|0|0|0|0|0|0]
110015,,-1,-1,-1,301505,-1,-1,-1,-1,-1,-1,-1,-1,0,0,0,0,0,0,0,0,0,0,0,0,0,0,0,0,0,0,0,0,-1,-1,0,0,0,0,-1,-1,-1,-1,-1,-1,-1,-1,-1,-1,-1,-1,-1,-1,-1,-1,0,0,0,0,0,-1,0,0,0,-1,0,-1,[0|0|0|0|0|0|0|0]
110020,,-1,-1,-1,-1,-1,-1,-1,-1,-1,-1,-1,-1,0,0,0,0,0,0,0,1,1,0,0,0,0,0,0,0,0,1,0,0,-1,-1,0,0,0,0,-1,-1,-1,-1,-1,-1,-1,-1,-1,-1,-1,-1,-1,-1,-1,-1,0,0,0,0,0,-1,0,0,0,-1,0,-1,[0|0|0|0|0|0|0|0]
120000,,4120,-1,-1,-1,-1,-1,-1,-1,-1,907,-1,-1,0,0,0,0,1,0,0,0,0,0,0,0,0,0,0,0,0,0,0,0,-1,-1,0,0,0,0,-1,-1,-1,-1,-1,-1,-1,-1,-1,-1,-1,-1,-1,-1,-1,-1,0,0,0,0,0,-1,0,0,0,-1,0,-1,[0|0|0|0|0|0|0|0]
130000,,-1,-1,-1,-1,-1,-1,-1,-1,-1,-1,-1,-1,0,0,0,0,0,0,1,1,1,1,0,0,0,0,0,0,0,0,0,0,-1,-1,0,0,0,0,-1,-1,-1,-1,-1,-1,-1,-1,-1,-1,-1,-1,-1,-1,-1,-1,0,0,0,0,0,-1,0,0,0,-1,0,-1,[0|0|0|0|0|0|0|0]
150000,Condemned VFX,-1,-1,-1,-1,-1,-1,-1,-1,-1,-1,-1,-1,0,0,0,0,0,0,0,0,0,0,0,0,0,0,0,0,0,1,0,0,-1,-1,0,0,0,0,-1,-1,-1,-1,-1,-1,-1,-1,-1,-1,-1,-1,-1,-1,-1,-1,0,0,0,0,0,-1,0,0,0,-1,0,1001,[0|0|0|0|0|0|0|0]
150001,,-1,-1,-1,-1,-1,-1,-1,-1,-1,-1,-1,-1,0,0,0,0,0,0,0,0,0,0,0,0,0,0,0,0,0,1,0,0,-1,-1,0,0,0,0,-1,-1,-1,-1,-1,-1,-1,-1,-1,-1,-1,-1,-1,-1,-1,-1,0,0,0,0,0,-1,0,0,0,-1,0,1002,[0|0|0|0|0|0|0|0]
150002,,-1,-1,-1,-1,-1,-1,-1,-1,-1,-1,-1,-1,0,0,0,0,0,0,0,0,0,0,0,0,0,0,0,0,0,1,0,0,-1,-1,0,0,0,0,-1,-1,-1,-1,-1,-1,-1,-1,-1,-1,-1,-1,-1,-1,-1,-1,0,0,0,0,0,-1,0,0,0,-1,0,1003,[0|0|0|0|0|0|0|0]
150003,,-1,-1,-1,-1,-1,-1,-1,-1,-1,-1,-1,-1,0,0,0,0,0,0,0,0,0,0,0,0,0,0,0,0,0,1,0,0,-1,-1,0,0,0,0,-1,-1,-1,-1,-1,-1,-1,-1,-1,-1,-1,-1,-1,-1,-1,-1,0,0,0,0,0,-1,0,0,0,-1,0,1004,[0|0|0|0|0|0|0|0]
150010,,-1,-1,-1,-1,-1,-1,-1,-1,-1,-1,-1,-1,0,0,0,0,0,0,0,0,0,0,0,0,0,0,0,0,0,1,0,0,-1,-1,0,0,0,0,-1,-1,-1,-1,-1,-1,-1,-1,-1,-1,-1,-1,-1,-1,-1,-1,0,0,0,0,0,-1,0,0,0,-1,0,1001,[0|0|128|63|0|0|0|0]
150011,,-1,-1,-1,-1,-1,-1,-1,-1,-1,-1,-1,-1,0,0,0,0,0,0,0,0,0,0,0,0,0,0,0,0,0,1,0,0,-1,-1,0,0,0,0,-1,-1,-1,-1,-1,-1,-1,-1,-1,-1,-1,-1,-1,-1,-1,-1,0,0,0,0,0,-1,0,0,0,-1,0,1002,[0|0|128|63|0|0|0|0]
150012,,-1,-1,-1,-1,-1,-1,-1,-1,-1,-1,-1,-1,0,0,0,0,0,0,0,0,0,0,0,0,0,0,0,0,0,1,0,0,-1,-1,0,0,0,0,-1,-1,-1,-1,-1,-1,-1,-1,-1,-1,-1,-1,-1,-1,-1,-1,0,0,0,0,0,-1,0,0,0,-1,0,1003,[0|0|128|63|0|0|0|0]
150013,,-1,-1,-1,-1,-1,-1,-1,-1,-1,-1,-1,-1,0,0,0,0,0,0,0,0,0,0,0,0,0,0,0,0,0,1,0,0,-1,-1,0,0,0,0,-1,-1,-1,-1,-1,-1,-1,-1,-1,-1,-1,-1,-1,-1,-1,-1,0,0,0,0,0,-1,0,0,0,-1,0,1004,[0|0|128|63|0|0|0|0]
150050,Deep Night Mutation VFX 1,-1,-1,-1,-1,-1,-1,-1,-1,-1,-1,-1,-1,0,0,0,0,0,0,0,0,0,0,0,0,0,0,0,0,0,1,0,0,-1,-1,0,0,0,0,-1,-1,-1,-1,-1,-1,-1,-1,-1,-1,-1,-1,-1,-1,-1,-1,0,2,0,0,0,-1,0,0,0,-1,0,1011,[0|0|0|0|0|0|0|0]
150051,Deep Night Mutation VFX 2,-1,-1,-1,-1,-1,-1,-1,-1,-1,-1,-1,-1,0,0,0,0,0,0,0,0,0,0,0,0,0,0,0,0,0,1,0,0,-1,-1,0,0,0,0,-1,-1,-1,-1,-1,-1,-1,-1,-1,-1,-1,-1,-1,-1,-1,-1,0,2,0,0,0,-1,0,0,0,-1,0,1012,[0|0|0|0|0|0|0|0]
150052,Deep Night Mutation VFX 3,-1,-1,-1,-1,-1,-1,-1,-1,-1,-1,-1,-1,0,0,0,0,0,0,0,0,0,0,0,0,0,0,0,0,0,1,0,0,-1,-1,0,0,0,0,-1,-1,-1,-1,-1,-1,-1,-1,-1,-1,-1,-1,-1,-1,-1,-1,0,2,0,0,0,-1,0,0,0,-1,0,1013,[0|0|0|0|0|0|0|0]
150053,Deep Night Mutation VFX 4,-1,-1,-1,-1,-1,-1,-1,-1,-1,-1,-1,-1,0,0,0,0,0,0,0,0,0,0,0,0,0,0,0,0,0,1,0,0,-1,-1,0,0,0,0,-1,-1,-1,-1,-1,-1,-1,-1,-1,-1,-1,-1,-1,-1,-1,-1,0,2,0,0,0,-1,0,0,0,-1,0,1014,[0|0|0|0|0|0|0|0]
150055,Deep Night Mutation VFX 5,-1,-1,-1,-1,-1,-1,-1,-1,-1,-1,-1,-1,0,0,0,0,0,0,0,0,0,0,0,0,0,0,0,0,0,1,0,0,-1,-1,0,0,0,0,-1,-1,-1,-1,-1,-1,-1,-1,-1,-1,-1,-1,-1,-1,-1,-1,0,0,0,0,0,-1,0,0,0,-1,0,100240,[0|0|0|0|0|0|0|0]
160000,,-1,-1,807254,-1,-1,-1,-1,-1,-1,-1,905,-1,0,0,0,0,1,0,0,0,0,0,0,0,0,0,1,1,1,0,0,0,-1,-1,0,0,0,0,-1,-1,-1,-1,-1,-1,-1,-1,-1,-1,-1,-1,-1,-1,-1,-1,0,0,0,0,0,-1,0,0,0,-1,0,-1,[0|0|0|0|0|0|0|0]
160001,,-1,-1,807257,-1,-1,-1,-1,-1,-1,-1,905,-1,0,0,0,0,0,0,0,0,0,0,0,0,0,0,1,1,1,0,0,0,-1,-1,0,0,0,0,-1,-1,-1,-1,-1,-1,-1,-1,-1,-1,-1,-1,-1,-1,-1,-1,0,0,0,0,0,-1,0,0,0,-1,0,-1,[0|0|0|0|0|0|0|0]
199515,Rowa Fruit Bush - HP Recovery VFX,-1,-1,302901,-1,-1,-1,-1,-1,-1,-1,8,-1,0,0,0,0,0,0,0,0,0,0,0,0,0,0,0,0,0,0,0,0,-1,-1,0,0,0,0,-1,-1,-1,-1,-1,-1,-1,-1,-1,-1,-1,-1,-1,-1,-1,-1,0,0,0,0,0,-1,0,0,0,-1,0,-1,[0|0|0|0|0|0|0|0]
199530,Glittering Bush - Rune Acquisition VFX,301262,-1,300541,-1,-1,-1,-1,-1,-1,220,905,-1,0,0,3,100,0,0,0,0,0,0,0,0,0,0,1,0,1,0,0,0,-1,-1,0,0,0,0,-1,-1,-1,-1,-1,-1,-1,-1,-1,-1,-1,-1,-1,-1,-1,-1,0,0,0,0,0,-1,0,0,0,-1,0,-1,[0|0|0|0|0|0|0|0]
199541,Nascent Butterfly - Status Recovery VFX,301242,-1,300541,-1,-1,-1,-1,-1,-1,905,905,-1,0,0,0,0,0,0,0,0,0,0,0,0,0,0,0,0,1,0,0,0,-1,-1,0,0,0,0,-1,-1,-1,-1,-1,-1,-1,-1,-1,-1,-1,-1,-1,-1,-1,-1,0,0,0,0,0,-1,0,0,0,-1,0,-1,[0|0|0|0|0|0|0|0]
199555,Gravestones - Vengeful Spirits VFX,333201,-1,300541,-1,-1,-1,-1,-1,-1,905,905,-1,0,0,0,0,0,0,0,0,0,0,0,0,0,0,0,0,1,0,0,0,-1,-1,0,0,0,0,-1,-1,-1,-1,-1,-1,-1,-1,-1,-1,-1,-1,-1,-1,-1,-1,0,0,0,0,0,-1,0,0,0,-1,0,-1,[0|0|0|0|0|0|0|0]
199565,Smoldering Butterfly - Fire VFX,4500,-1,300541,-1,-1,-1,-1,-1,-1,905,905,-1,0,0,0,0,0,0,0,0,0,0,0,0,0,0,0,0,1,0,0,0,-1,-1,0,0,0,0,-1,-1,-1,-1,-1,-1,-1,-1,-1,-1,-1,-1,-1,-1,-1,-1,0,0,0,0,0,-1,0,0,0,-1,0,-1,[0|0|0|0|0|0|0|0]
199570,,-1,-1,301035,-1,-1,-1,-1,-1,-1,-1,220,-1,0,0,0,0,0,0,0,0,0,0,0,0,0,0,0,0,0,0,0,0,-1,-1,0,0,0,0,-1,-1,-1,-1,-1,-1,-1,-1,-1,-1,-1,-1,-1,-1,-1,-1,0,0,0,0,0,-1,0,0,0,-1,0,-1,[0|0|0|0|0|0|0|0]
199585,Sacremental Bud Tree - FP Restore VFX,-1,-1,30301,-1,-1,-1,-1,-1,-1,-1,220,-1,0,0,3,50,0,0,0,0,0,0,0,0,0,0,0,0,1,0,0,0,-1,-1,0,0,0,0,-1,-1,-1,-1,-1,-1,-1,-1,-1,-1,-1,-1,-1,-1,-1,-1,0,0,0,0,0,-1,0,0,0,-1,0,-1,[0|0|0|0|0|0|0|0]
199590,Silver Tear Remains - Damage Negation VFX,462210,-1,300541,-1,-1,-1,-1,-1,-1,905,905,-1,0,0,3,40,0,0,0,0,0,0,0,0,0,0,0,0,0,0,0,0,-1,-1,0,0,0,0,-1,-1,-1,-1,-1,-1,-1,-1,-1,-1,-1,-1,-1,-1,-1,-1,0,0,0,0,0,-1,0,0,0,-1,0,-1,[0|0|0|0|0|0|0|0]
199605,Rimed Rowa - HP Restore VFX,-1,-1,302901,-1,-1,-1,-1,-1,-1,-1,8,-1,0,0,0,0,0,0,0,0,0,0,0,0,0,0,0,0,0,0,0,0,-1,-1,0,0,0,0,-1,-1,-1,-1,-1,-1,-1,-1,-1,-1,-1,-1,-1,-1,-1,-1,0,0,0,0,0,-1,0,0,0,-1,0,-1,[0|0|0|0|0|0|0|0]
199610,,-1,-1,302901,-1,-1,-1,-1,-1,-1,-1,8,-1,0,0,0,0,0,0,0,0,0,0,0,0,0,0,0,0,0,0,0,0,-1,-1,0,0,0,0,-1,-1,-1,-1,-1,-1,-1,-1,-1,-1,-1,-1,-1,-1,-1,-1,0,0,0,0,0,-1,0,0,0,-1,0,-1,[0|0|0|0|0|0|0|0]
199615,,-1,-1,300541,-1,-1,-1,-1,-1,-1,-1,905,-1,0,0,0,0,0,0,0,0,0,0,0,0,0,0,0,0,0,0,0,0,-1,-1,0,0,0,0,-1,-1,-1,-1,-1,-1,-1,-1,-1,-1,-1,-1,-1,-1,-1,-1,0,0,0,0,0,-1,0,0,0,-1,0,-1,[0|0|0|0|0|0|0|0]
199620,,4500,-1,300541,-1,-1,-1,-1,-1,-1,905,905,-1,0,0,0,0,0,0,0,0,0,0,0,0,0,0,0,0,0,0,0,0,-1,-1,0,0,0,0,-1,-1,-1,-1,-1,-1,-1,-1,-1,-1,-1,-1,-1,-1,-1,-1,0,0,0,0,0,-1,0,0,0,-1,0,-1,[0|0|0|0|0|0|0|0]
199625,,302222,-1,30301,-1,-1,-1,-1,-1,-1,905,220,-1,0,0,0,0,0,0,0,0,0,0,0,0,0,0,0,0,0,0,0,0,-1,-1,0,0,0,0,-1,-1,-1,-1,-1,-1,-1,-1,-1,-1,-1,-1,-1,-1,-1,-1,0,0,0,0,0,-1,0,0,0,-1,0,-1,[0|0|0|0|0|0|0|0]
199800,,4950,-1,-1,-1,-1,-1,-1,-1,-1,220,-1,-1,0,0,0,0,0,0,0,0,0,0,0,0,0,0,0,0,1,0,0,0,-1,-1,0,0,0,0,-1,-1,-1,-1,-1,-1,-1,-1,-1,-1,-1,-1,-1,-1,-1,-1,0,0,0,0,0,-1,0,0,0,-1,0,-1,[0|0|0|0|0|0|0|0]
199850,,807530,-1,-1,-1,-1,-1,-1,-1,-1,220,-1,-1,0,0,0,0,0,0,0,0,0,0,0,0,0,0,0,0,1,1,0,0,-1,-1,0,0,0,0,-1,-1,-1,-1,-1,-1,-1,-1,-1,-1,-1,-1,-1,-1,-1,-1,0,0,0,0,0,-1,0,0,0,-1,0,-1,[0|0|0|0|0|0|0|0]
199851,,-1,-1,525083,-1,-1,-1,-1,-1,-1,-1,220,-1,0,0,0,0,0,0,0,0,0,0,0,0,0,0,0,0,1,0,0,0,-1,-1,0,0,0,0,-1,-1,-1,-1,-1,-1,-1,-1,-1,-1,-1,-1,-1,-1,-1,-1,0,0,0,0,0,-1,0,0,0,-1,0,-1,[0|0|0|0|0|0|0|0]
199852,,-1,-1,803800,-1,-1,-1,-1,-1,-1,-1,220,-1,0,0,0,0,0,0,0,0,0,0,0,0,0,0,0,0,1,0,0,0,-1,-1,0,0,0,0,-1,-1,-1,-1,-1,-1,-1,-1,-1,-1,-1,-1,-1,-1,-1,-1,0,0,0,0,0,-1,0,0,0,-1,0,-1,[0|0|0|0|0|0|0|0]
199853,,4970,-1,-1,-1,-1,-1,-1,-1,-1,905,-1,-1,0,0,0,0,0,0,0,0,0,0,0,0,0,0,0,0,1,0,0,0,-1,-1,0,0,0,0,-1,-1,-1,-1,-1,-1,-1,-1,-1,-1,-1,-1,-1,-1,-1,-1,0,0,0,0,0,-1,0,0,0,-1,0,-1,[0|0|0|0|0|0|0|0]
199855,,807531,-1,-1,-1,-1,-1,-1,-1,-1,220,-1,-1,0,0,0,0,0,0,0,0,0,0,0,0,0,0,0,0,1,1,0,0,-1,-1,0,0,0,0,-1,-1,-1,-1,-1,-1,-1,-1,-1,-1,-1,-1,-1,-1,-1,-1,0,0,0,0,0,-1,0,0,0,-1,0,-1,[0|0|0|0|0|0|0|0]
199856,,807532,-1,-1,-1,-1,-1,-1,-1,-1,220,-1,-1,0,0,0,0,0,0,0,0,0,0,0,0,0,0,0,0,1,1,0,0,-1,-1,0,0,0,0,-1,-1,-1,-1,-1,-1,-1,-1,-1,-1,-1,-1,-1,-1,-1,-1,0,0,0,0,0,-1,0,0,0,-1,0,-1,[0|0|0|0|0|0|0|0]
200000,,806801,-1,-1,-1,-1,-1,-1,-1,-1,-1,-1,-1,0,0,0,0,0,0,0,0,0,0,0,0,0,0,0,0,0,0,0,0,-1,-1,0,0,0,0,-1,-1,-1,-1,-1,-1,-1,-1,-1,-1,-1,-1,-1,-1,-1,-1,0,0,0,0,0,-1,0,0,0,-1,0,-1,[0|0|0|0|0|0|0|0]
200002,,806802,-1,-1,-1,-1,-1,-1,-1,-1,-1,-1,-1,0,0,0,0,0,0,0,0,0,0,0,0,0,0,0,0,0,0,0,0,-1,-1,0,0,0,0,-1,-1,-1,-1,-1,-1,-1,-1,-1,-1,-1,-1,-1,-1,-1,-1,0,0,0,0,0,-1,0,0,0,-1,0,-1,[0|0|0|0|0|0|0|0]
200005,,806820,-1,-1,-1,-1,-1,-1,-1,-1,-1,-1,-1,0,0,0,0,0,0,0,0,0,0,0,0,0,0,0,0,0,0,0,0,-1,-1,0,0,0,0,-1,-1,-1,-1,-1,-1,-1,-1,-1,-1,-1,-1,-1,-1,-1,-1,0,0,0,0,0,-1,0,0,0,-1,0,-1,[0|0|0|0|0|0|0|0]
200010,,806020,-1,-1,-1,-1,-1,-1,-1,-1,-1,-1,-1,0,0,0,0,0,0,0,0,0,0,0,0,0,0,0,0,0,0,0,0,-1,-1,0,0,0,0,-1,-1,-1,-1,-1,-1,-1,-1,-1,-1,-1,-1,-1,-1,-1,-1,0,0,0,0,0,-1,0,0,0,-1,0,-1,[0|0|0|0|0|0|0|0]
200011,,806133,-1,-1,-1,-1,-1,-1,-1,-1,-1,-1,-1,0,0,0,0,0,0,0,0,0,0,0,0,0,0,0,0,0,0,0,0,-1,-1,0,0,0,0,-1,-1,-1,-1,-1,-1,-1,-1,-1,-1,-1,-1,-1,-1,-1,-1,0,0,0,0,0,-1,0,0,0,-1,0,-1,[0|0|0|0|0|0|0|0]
200012,,806102,-1,-1,-1,-1,-1,-1,-1,-1,-1,-1,-1,0,0,0,0,0,0,0,0,0,0,0,0,0,0,0,0,0,0,0,0,-1,-1,0,0,0,0,-1,-1,-1,-1,-1,-1,-1,-1,-1,-1,-1,-1,-1,-1,-1,-1,0,0,0,0,0,-1,0,0,0,-1,0,-1,[0|0|0|0|0|0|0|0]
200013,,806126,-1,-1,-1,-1,-1,-1,-1,-1,-1,-1,-1,0,0,0,0,0,0,0,0,0,0,0,0,0,0,0,0,0,0,0,0,-1,-1,0,0,0,0,-1,-1,-1,-1,-1,-1,-1,-1,-1,-1,-1,-1,-1,-1,-1,-1,0,0,0,0,0,-1,0,0,0,-1,0,-1,[0|0|0|0|0|0|0|0]
200020,,621310,-1,-1,-1,-1,-1,-1,-1,-1,220,-1,-1,0,0,0,0,0,0,0,0,0,0,0,0,0,0,0,0,0,0,0,0,-1,-1,0,0,0,0,-1,-1,-1,-1,-1,-1,-1,-1,-1,-1,-1,-1,-1,-1,-1,-1,0,0,0,0,0,-1,0,0,0,-1,0,-1,[0|0|0|0|0|0|0|0]
200021,,621311,-1,-1,-1,-1,-1,-1,-1,-1,-1,-1,-1,0,0,0,0,0,0,0,0,0,0,0,0,0,0,0,0,0,0,0,0,-1,-1,0,0,0,0,-1,-1,-1,-1,-1,-1,-1,-1,-1,-1,-1,-1,-1,-1,-1,-1,0,0,0,0,0,-1,0,0,0,-1,0,-1,[0|0|0|0|0|0|0|0]
200022,,807526,-1,-1,-1,-1,-1,-1,-1,-1,220,-1,-1,0,0,0,0,0,0,0,0,0,0,0,0,0,0,0,0,0,0,0,0,-1,-1,0,0,0,0,-1,-1,-1,-1,-1,-1,-1,-1,-1,-1,-1,-1,-1,-1,-1,-1,0,0,0,0,0,-1,0,0,0,-1,0,-1,[0|0|0|0|0|0|0|0]
200023,,807528,-1,-1,-1,-1,-1,-1,-1,-1,845,-1,-1,0,0,0,0,0,0,0,0,0,0,0,0,0,0,0,0,0,0,0,0,-1,-1,0,0,0,0,-1,-1,-1,-1,-1,-1,-1,-1,-1,-1,-1,-1,-1,-1,-1,-1,0,0,0,0,0,-1,0,0,0,-1,0,-1,[0|0|0|0|0|0|0|0]
200024,,807529,-1,-1,-1,-1,-1,-1,-1,-1,845,-1,-1,0,0,0,0,0,0,0,0,0,0,0,0,0,0,0,0,0,0,0,0,-1,-1,0,0,0,0,-1,-1,-1,-1,-1,-1,-1,-1,-1,-1,-1,-1,-1,-1,-1,-1,0,0,0,0,0,-1,0,0,0,-1,0,-1,[0|0|0|0|0|0|0|0]
200025,,807528,-1,-1,-1,-1,-1,-1,-1,-1,846,-1,-1,0,0,0,0,0,0,0,0,0,0,0,0,0,0,0,0,0,0,0,0,-1,-1,0,0,0,0,-1,-1,-1,-1,-1,-1,-1,-1,-1,-1,-1,-1,-1,-1,-1,-1,0,0,0,0,0,-1,0,0,0,-1,0,-1,[0|0|0|0|0|0|0|0]
200030,,807229,-1,-1,-1,-1,-1,-1,-1,-1,-1,-1,-1,0,0,0,0,0,0,0,0,0,0,0,0,0,0,0,0,0,0,0,0,-1,-1,0,0,0,0,-1,-1,-1,-1,-1,-1,-1,-1,-1,-1,-1,-1,-1,-1,-1,-1,0,0,0,0,0,-1,0,0,0,-1,0,-1,[0|0|0|0|0|0|0|0]
200040,,806185,-1,-1,-1,-1,-1,-1,-1,-1,-1,-1,-1,0,0,0,0,0,0,0,0,0,0,0,0,0,0,0,0,0,0,0,0,-1,-1,0,0,0,0,-1,-1,-1,-1,-1,-1,-1,-1,-1,-1,-1,-1,-1,-1,-1,-1,0,0,0,0,0,-1,0,0,0,-1,0,-1,[0|0|0|0|0|0|0|0]
200050,,807800,200050,-1,-1,-1,-1,-1,-1,-1,-1,-1,-1,0,0,0,0,0,0,0,0,0,0,0,0,0,0,0,0,0,0,0,0,-1,-1,0,0,0,0,-1,-1,-1,-1,-1,-1,-1,-1,-1,-1,-1,-1,-1,-1,-1,-1,0,0,0,0,0,-1,0,0,0,-1,0,-1,[0|0|0|0|0|0|0|0]
200051,,807801,200051,-1,-1,-1,-1,-1,-1,-1,-1,-1,-1,0,0,0,0,0,0,0,0,0,0,0,0,0,0,0,0,0,0,0,0,-1,-1,0,0,0,0,-1,-1,-1,-1,-1,-1,-1,-1,-1,-1,-1,-1,-1,-1,-1,-1,0,0,0,0,0,-1,0,0,0,-1,0,-1,[0|0|0|0|0|0|0|0]
210000,,5060,-1,-1,-1,-1,-1,-1,-1,-1,905,-1,-1,0,0,0,0,1,0,0,0,0,0,0,0,0,0,0,0,1,0,0,0,-1,-1,0,0,0,0,-1,-1,-1,-1,-1,-1,-1,-1,-1,-1,-1,-1,-1,-1,-1,-1,0,0,0,0,0,-1,0,0,0,-1,0,-1,[0|0|0|0|0|0|0|0]
210010,,5070,-1,-1,-1,-1,-1,-1,-1,-1,905,-1,-1,0,0,0,0,1,0,0,0,0,0,0,0,0,0,0,0,1,0,0,0,-1,-1,0,0,0,0,-1,-1,-1,-1,-1,-1,-1,-1,-1,-1,-1,-1,-1,-1,-1,-1,0,0,0,0,0,-1,0,0,0,-1,0,-1,[0|0|0|0|0|0|0|0]
210020,,5080,-1,-1,-1,-1,-1,-1,-1,-1,905,-1,-1,0,0,0,0,1,0,0,0,0,0,0,0,0,0,0,0,1,0,0,0,-1,-1,0,0,0,0,-1,-1,-1,-1,-1,-1,-1,-1,-1,-1,-1,-1,-1,-1,-1,-1,0,0,0,0,0,-1,0,0,0,-1,0,-1,[0|0|0|0|0|0|0|0]
210030,,5090,-1,-1,-1,-1,-1,-1,-1,-1,905,-1,-1,0,0,0,0,1,0,0,0,0,0,0,0,0,0,0,0,1,0,0,0,-1,-1,0,0,0,0,-1,-1,-1,-1,-1,-1,-1,-1,-1,-1,-1,-1,-1,-1,-1,-1,0,0,0,0,0,-1,0,0,0,-1,0,-1,[0|0|0|0|0|0|0|0]
210040,,5020,-1,-1,-1,-1,-1,-1,-1,-1,905,-1,-1,0,0,0,0,1,0,0,0,0,0,0,0,0,0,0,0,1,0,0,0,-1,-1,0,0,0,0,-1,-1,-1,-1,-1,-1,-1,-1,-1,-1,-1,-1,-1,-1,-1,-1,0,0,0,0,0,-1,0,0,0,-1,0,-1,[0|0|0|0|0|0|0|0]
210050,,5030,-1,-1,-1,-1,-1,-1,-1,-1,905,-1,-1,0,0,0,0,1,0,0,0,0,0,0,0,0,0,0,0,1,0,0,0,-1,-1,0,0,0,0,-1,-1,-1,-1,-1,-1,-1,-1,-1,-1,-1,-1,-1,-1,-1,-1,0,0,0,0,0,-1,0,0,0,-1,0,-1,[0|0|0|0|0|0|0|0]
210060,,5040,-1,-1,-1,-1,-1,-1,-1,-1,905,-1,-1,0,0,0,0,1,0,0,0,0,0,0,0,0,0,0,0,1,0,0,0,-1,-1,0,0,0,0,-1,-1,-1,-1,-1,-1,-1,-1,-1,-1,-1,-1,-1,-1,-1,-1,0,0,0,0,0,-1,0,0,0,-1,0,-1,[0|0|0|0|0|0|0|0]
210070,,5050,-1,-1,-1,-1,-1,-1,-1,-1,905,-1,-1,0,0,0,0,1,0,0,0,0,0,0,0,0,0,0,0,1,0,0,0,-1,-1,0,0,0,0,-1,-1,-1,-1,-1,-1,-1,-1,-1,-1,-1,-1,-1,-1,-1,-1,0,0,0,0,0,-1,0,0,0,-1,0,-1,[0|0|0|0|0|0|0|0]
210080,,4610,-1,-1,-1,-1,-1,-1,-1,-1,220,-1,-1,0,0,0,0,1,0,0,0,0,0,0,0,0,0,0,0,0,0,0,0,-1,-1,0,0,0,0,-1,-1,-1,-1,-1,-1,-1,-1,-1,-1,-1,-1,-1,-1,-1,-1,0,0,0,0,0,-1,0,0,0,-1,0,-1,[0|0|0|0|0|0|0|0]
210090,,5010,-1,-1,-1,-1,-1,-1,-1,-1,905,-1,-1,0,0,0,0,1,0,0,0,0,0,0,0,0,0,0,0,0,0,0,0,-1,-1,0,0,0,0,-1,-1,-1,-1,-1,-1,-1,-1,-1,-1,-1,-1,-1,-1,-1,-1,0,0,0,0,0,-1,0,0,0,-1,0,-1,[0|0|0|0|0|0|0|0]
210100,,5060,-1,-1,-1,-1,-1,-1,-1,-1,220,-1,-1,0,0,0,0,1,0,0,0,0,0,0,0,0,0,0,0,1,0,0,0,-1,-1,0,0,0,0,-1,-1,-1,-1,-1,-1,-1,-1,-1,-1,-1,-1,-1,-1,-1,-1,0,0,0,0,0,-1,0,0,0,-1,0,-1,[0|0|0|0|0|0|0|0]
210110,,5070,-1,-1,-1,-1,-1,-1,-1,-1,220,-1,-1,0,0,0,0,1,0,0,0,0,0,0,0,0,0,0,0,1,0,0,0,-1,-1,0,0,0,0,-1,-1,-1,-1,-1,-1,-1,-1,-1,-1,-1,-1,-1,-1,-1,-1,0,0,0,0,0,-1,0,0,0,-1,0,-1,[0|0|0|0|0|0|0|0]
210120,,5080,-1,-1,-1,-1,-1,-1,-1,-1,220,-1,-1,0,0,0,0,1,0,0,0,0,0,0,0,0,0,0,0,1,0,0,0,-1,-1,0,0,0,0,-1,-1,-1,-1,-1,-1,-1,-1,-1,-1,-1,-1,-1,-1,-1,-1,0,0,0,0,0,-1,0,0,0,-1,0,-1,[0|0|0|0|0|0|0|0]
210130,,5090,-1,-1,-1,-1,-1,-1,-1,-1,220,-1,-1,0,0,0,0,1,0,0,0,0,0,0,0,0,0,0,0,1,0,0,0,-1,-1,0,0,0,0,-1,-1,-1,-1,-1,-1,-1,-1,-1,-1,-1,-1,-1,-1,-1,-1,0,0,0,0,0,-1,0,0,0,-1,0,-1,[0|0|0|0|0|0|0|0]
210140,,5020,-1,-1,-1,-1,-1,-1,-1,-1,220,-1,-1,0,0,0,0,1,0,0,0,0,0,0,0,0,0,0,0,1,0,0,0,-1,-1,0,0,0,0,-1,-1,-1,-1,-1,-1,-1,-1,-1,-1,-1,-1,-1,-1,-1,-1,0,0,0,0,0,-1,0,0,0,-1,0,-1,[0|0|0|0|0|0|0|0]
210150,,5030,-1,-1,-1,-1,-1,-1,-1,-1,220,-1,-1,0,0,0,0,1,0,0,0,0,0,0,0,0,0,0,0,1,0,0,0,-1,-1,0,0,0,0,-1,-1,-1,-1,-1,-1,-1,-1,-1,-1,-1,-1,-1,-1,-1,-1,0,0,0,0,0,-1,0,0,0,-1,0,-1,[0|0|0|0|0|0|0|0]
210160,,5040,-1,-1,-1,-1,-1,-1,-1,-1,220,-1,-1,0,0,0,0,1,0,0,0,0,0,0,0,0,0,0,0,1,0,0,0,-1,-1,0,0,0,0,-1,-1,-1,-1,-1,-1,-1,-1,-1,-1,-1,-1,-1,-1,-1,-1,0,0,0,0,0,-1,0,0,0,-1,0,-1,[0|0|0|0|0|0|0|0]
210170,,5050,-1,-1,-1,-1,-1,-1,-1,-1,220,-1,-1,0,0,0,0,1,0,0,0,0,0,0,0,0,0,0,0,1,0,0,0,-1,-1,0,0,0,0,-1,-1,-1,-1,-1,-1,-1,-1,-1,-1,-1,-1,-1,-1,-1,-1,0,0,0,0,0,-1,0,0,0,-1,0,-1,[0|0|0|0|0|0|0|0]
210180,,4610,-1,-1,-1,-1,-1,-1,-1,-1,220,-1,-1,0,0,0,0,1,0,0,0,0,0,0,0,0,0,0,0,0,0,0,0,-1,-1,0,0,0,0,-1,-1,-1,-1,-1,-1,-1,-1,-1,-1,-1,-1,-1,-1,-1,-1,0,0,0,0,0,-1,0,0,0,-1,0,-1,[0|0|0|0|0|0|0|0]
210190,,5010,-1,-1,-1,-1,-1,-1,-1,-1,220,-1,-1,0,0,0,0,1,0,0,0,0,0,0,0,0,0,0,0,0,0,0,0,-1,-1,0,0,0,0,-1,-1,-1,-1,-1,-1,-1,-1,-1,-1,-1,-1,-1,-1,-1,-1,0,0,0,0,0,-1,0,0,0,-1,0,-1,[0|0|0|0|0|0|0|0]
210300,,-1,-1,-1,-1,-1,-1,-1,-1,-1,0,-1,-1,0,0,0,0,0,0,0,0,0,0,0,0,0,0,0,0,0,0,0,0,-1,-1,0,0,0,0,-1,-1,-1,-1,-1,-1,-1,-1,-1,-1,-1,-1,-1,-1,-1,-1,0,0,0,0,0,-1,0,0,0,-1,0,20030,[0|0|128|63|0|0|0|0]
211000,,-1,-1,5400,-1,-1,-1,-1,-1,-1,-1,905,-1,0,0,0,0,0,0,0,1,1,0,0,0,0,1,0,0,1,0,0,1,-1,-1,0,0,0,0,-1,-1,-1,-1,-1,-1,-1,-1,-1,-1,-1,-1,-1,-1,-1,-1,0,0,35,0,0,-1,0,0,0,-1,0,-1,[0|0|0|0|0|0|0|0]
300010,,6101,-1,-1,-1,-1,-1,-1,-1,-1,-1,-1,-1,0,0,0,0,0,0,0,0,0,0,0,0,0,0,0,0,0,0,0,0,-1,-1,0,0,0,0,-1,-1,-1,-1,-1,-1,-1,-1,-1,-1,-1,-1,-1,-1,-1,-1,0,0,0,0,0,-1,0,0,0,-1,0,-1,[0|0|0|0|0|0|0|0]
300020,,-1,-1,-1,-1,-1,-1,-1,-1,-1,-1,-1,-1,0,0,0,0,0,0,0,0,0,0,0,0,0,0,0,0,0,0,0,0,-1,-1,0,0,0,0,-1,-1,-1,-1,-1,-1,-1,-1,-1,-1,-1,-1,-1,-1,-1,-1,0,0,0,0,0,-1,0,0,0,-1,0,-1,[0|0|0|0|0|0|0|0]
300030,,30700,-1,-1,-1,-1,-1,-1,-1,-1,-1,-1,-1,0,0,0,0,0,0,0,0,0,0,0,0,0,0,0,0,0,0,0,0,-1,-1,0,0,0,0,-1,-1,-1,-1,-1,-1,-1,-1,-1,-1,-1,-1,-1,-1,-1,-1,0,0,0,0,0,-1,0,0,0,-1,0,-1,[0|0|0|0|0|0|0|0]
300031,,30710,-1,-1,-1,-1,-1,-1,-1,-1,-1,-1,-1,0,0,0,0,0,0,0,0,0,0,0,0,0,0,0,0,0,0,0,0,-1,-1,0,0,0,0,-1,-1,-1,-1,-1,-1,-1,-1,-1,-1,-1,-1,-1,-1,-1,-1,0,0,0,0,0,-1,0,0,0,-1,0,-1,[0|0|0|0|0|0|0|0]
300040,,807080,-1,-1,-1,-1,-1,-1,-1,-1,-1,-1,-1,0,0,0,0,0,0,0,0,0,0,0,0,0,0,0,0,0,0,0,0,-1,-1,0,0,0,0,-1,-1,-1,-1,-1,-1,-1,-1,-1,-1,-1,-1,-1,-1,-1,-1,0,0,0,0,0,-1,0,0,0,-1,0,-1,[0|0|0|0|0|0|0|0]
300042,,807081,-1,-1,-1,-1,-1,-1,-1,-1,-1,-1,-1,0,0,0,0,0,0,0,0,0,0,0,0,0,0,0,0,0,0,0,0,-1,-1,0,0,0,0,-1,-1,-1,-1,-1,-1,-1,-1,-1,-1,-1,-1,-1,-1,-1,-1,0,0,0,0,0,-1,0,0,0,-1,0,-1,[0|0|0|0|0|0|0|0]
300044,,807080,-1,-1,-1,-1,-1,-1,-1,-1,220,-1,-1,0,0,0,0,0,0,0,0,0,0,0,0,0,0,0,0,0,0,0,0,-1,-1,0,0,0,0,-1,-1,-1,-1,-1,-1,-1,-1,-1,-1,-1,-1,-1,-1,-1,-1,0,0,0,0,0,-1,0,0,0,-1,0,-1,[0|0|0|0|0|0|0|0]
300050,,-1,-1,-1,-1,-1,-1,-1,-1,-1,-1,-1,-1,0,0,0,0,0,0,0,0,0,0,0,0,0,0,0,0,0,0,0,0,-1,-1,0,0,0,0,-1,-1,-1,-1,-1,-1,-1,-1,-1,-1,-1,-1,-1,-1,-1,-1,0,2,0,0,60,-1,0,0,0,-1,0,-1,[0|0|0|0|0|0|0|0]
312500,,4500,524402,301271,-1,-1,-1,-1,-1,-1,905,905,-1,0,0,0,0,0,0,0,0,0,0,0,0,0,0,0,0,0,0,0,0,-1,-1,0,0,0,0,-1,-1,-1,-1,-1,-1,-1,-1,-1,-1,-1,-1,-1,-1,-1,-1,0,0,0,0,0,-1,0,0,0,-1,0,-1,[0|0|0|0|0|0|0|0]
320400,Attack Power Buff VFX,4500,524402,301271,-1,-1,-1,-1,-1,-1,905,905,-1,0,0,0,0,0,0,0,0,0,0,0,0,0,0,0,0,0,0,0,0,-1,-1,0,0,0,0,-1,-1,-1,-1,-1,-1,-1,-1,-1,-1,-1,-1,-1,-1,-1,-1,0,0,0,0,0,-1,0,0,0,0,0,-1,[0|0|0|0|0|0|0|0]
320500,Attack Power Buff VFX,4500,524402,301271,-1,-1,-1,-1,-1,-1,905,905,-1,0,0,0,0,0,0,0,0,0,0,0,0,0,0,0,0,0,0,0,0,-1,-1,0,0,0,0,-1,-1,-1,-1,-1,-1,-1,-1,-1,-1,-1,-1,-1,-1,-1,-1,0,0,0,0,0,-1,0,0,0,0,0,-1,[0|0|0|0|0|0|0|0]
320800,,4500,524402,301271,-1,-1,-1,-1,-1,-1,905,905,-1,0,0,0,0,0,0,0,0,0,0,0,0,0,0,0,0,0,0,0,0,-1,-1,0,0,0,0,-1,-1,-1,-1,-1,-1,-1,-1,-1,-1,-1,-1,-1,-1,-1,-1,0,0,0,0,0,-1,0,0,0,-1,0,-1,[0|0|0|0|0|0|0|0]
320810,,4500,524402,301271,-1,-1,-1,-1,-1,-1,905,905,-1,0,0,0,0,0,0,0,0,0,0,0,0,0,0,0,0,0,0,0,0,-1,-1,0,0,0,0,-1,-1,-1,-1,-1,-1,-1,-1,-1,-1,-1,-1,-1,-1,-1,-1,0,0,0,0,0,-1,0,0,0,-1,0,-1,[0|0|0|0|0|0|0|0]
321600,Revenant Family: Attack Buff VFX,4500,524402,301271,-1,-1,-1,-1,-1,-1,905,905,-1,0,0,0,0,0,0,0,0,0,0,0,0,0,0,0,0,0,0,0,0,-1,-1,0,0,0,0,-1,-1,-1,-1,-1,-1,-1,-1,-1,-1,-1,-1,-1,-1,-1,-1,0,0,0,0,0,-1,0,0,0,-1,0,-1,[0|0|0|0|0|0|0|0]
321700,,4500,524402,525083,-1,-1,-1,-1,-1,-1,905,220,-1,0,0,0,0,0,0,0,0,0,0,0,0,0,0,0,0,0,0,0,0,-1,-1,0,0,0,0,-1,-1,-1,-1,-1,-1,-1,-1,-1,-1,-1,-1,-1,-1,-1,-1,0,0,0,0,0,-1,0,0,0,-1,0,-1,[0|0|0|0|0|0|0|0]
340800,Damage Negation Buff VFX,4790,-1,301361,-1,-1,-1,-1,-1,-1,905,905,-1,0,0,0,0,0,0,0,0,0,0,0,0,0,0,0,0,0,0,0,0,-1,-1,0,0,0,0,-1,-1,-1,-1,-1,-1,-1,-1,-1,-1,-1,-1,-1,-1,-1,-1,0,0,0,0,0,-1,0,0,0,0,0,-1,[0|0|0|0|0|0|0|0]
340900,Damage Negation Buff VFX,4790,-1,301361,-1,-1,-1,-1,-1,-1,905,905,-1,0,0,0,0,0,0,0,0,0,0,0,0,0,0,0,0,0,0,0,0,-1,-1,0,0,0,0,-1,-1,-1,-1,-1,-1,-1,-1,-1,-1,-1,-1,-1,-1,-1,-1,0,0,0,0,0,-1,0,0,0,0,0,-1,[0|0|0|0|0|0|0|0]
350300,HP Restore VFX,320100,-1,320160,-1,-1,-1,-1,-1,-1,220,220,-1,0,0,0,0,0,0,0,0,0,0,0,0,0,0,0,0,0,0,0,0,-1,-1,0,0,0,0,-1,-1,-1,-1,-1,-1,-1,-1,-1,-1,-1,-1,-1,-1,-1,-1,0,0,0,0,0,-1,0,0,0,0,0,-1,[0|0|0|0|0|0|0|0]
350400,HP Restore VFX,320100,-1,320160,-1,-1,-1,-1,-1,-1,220,220,-1,0,0,0,0,0,0,0,0,0,0,0,0,0,0,0,0,0,0,0,0,-1,-1,0,0,0,0,-1,-1,-1,-1,-1,-1,-1,-1,-1,-1,-1,-1,-1,-1,-1,-1,0,0,0,0,0,-1,0,0,0,-1,0,-1,[0|0|0|0|0|0|0|0]
350500,HP Restore VFX,320100,-1,320160,-1,-1,-1,-1,-1,-1,220,220,-1,0,0,0,0,0,0,0,0,0,0,0,0,0,0,0,0,0,0,0,0,-1,-1,0,0,0,0,-1,-1,-1,-1,-1,-1,-1,-1,-1,-1,-1,-1,-1,-1,-1,-1,0,0,0,0,0,-1,0,0,0,0,0,-1,[0|0|0|0|0|0|0|0]
350600,FP Restore VFX,-1,-1,320170,-1,-1,-1,-1,-1,-1,-1,220,-1,0,0,0,0,0,0,0,0,0,0,0,0,0,0,0,0,0,0,0,0,-1,-1,0,0,0,0,-1,-1,-1,-1,-1,-1,-1,-1,-1,-1,-1,-1,-1,-1,-1,-1,0,0,0,0,0,-1,0,0,0,0,0,-1,[0|0|0|0|0|0|0|0]
360000,,-1,-1,-1,-1,-1,-1,-1,-1,-1,-1,-1,-1,0,0,0,0,0,0,0,0,0,0,0,0,0,1,0,0,0,0,0,0,-1,-1,0,0,0,0,-1,-1,-1,-1,-1,-1,-1,-1,-1,-1,-1,-1,-1,-1,-1,-1,0,0,0,0,0,-1,0,0,0,0,0,-1,[0|0|0|0|0|0|0|0]
360100,,-1,-1,-1,-1,-1,-1,17,16,-1,220,-1,-1,0,0,0,0,0,0,0,1,0,0,0,0,0,0,0,0,0,0,0,0,-1,-1,0,0,0,0,-1,-1,-1,-1,-1,-1,-1,-1,-1,-1,-1,-1,-1,-1,-1,-1,0,0,0,0,0,-1,0,0,0,0,0,-1,[0|0|0|0|0|0|0|0]
360800,,-1,-1,-1,-1,-1,-1,-1,-1,-1,-1,-1,-1,0,0,0,0,0,0,0,0,0,0,0,0,0,0,0,0,0,0,0,0,-1,-1,0,0,0,1,-1,-1,-1,-1,-1,-1,-1,-1,-1,-1,-1,-1,-1,-1,-1,-1,0,2,0,0,0,-1,0,0,0,0,0,-1,[0|0|0|0|0|0|0|0]
360900,,-1,-1,-1,-1,-1,-1,-1,-1,-1,-1,-1,-1,0,0,0,0,0,0,0,0,0,0,0,0,0,0,0,0,0,0,0,0,-1,-1,0,0,0,1,-1,-1,-1,-1,-1,-1,-1,-1,-1,-1,-1,-1,-1,-1,-1,-1,0,2,0,0,61,-1,0,0,0,0,0,-1,[0|0|0|0|0|0|0|0]
361100,,-1,-1,320170,-1,-1,-1,-1,-1,-1,-1,220,-1,0,0,0,0,0,0,0,0,0,0,0,0,0,0,0,0,0,0,0,0,-1,-1,0,0,0,0,-1,-1,-1,-1,-1,-1,-1,-1,-1,-1,-1,-1,-1,-1,-1,-1,0,0,0,0,0,-1,0,0,0,0,0,-1,[0|0|0|0|0|0|0|0]
370000,,335200,-1,-1,-1,-1,-1,-1,-1,-1,907,-1,-1,0,0,0,0,0,0,0,0,0,0,0,0,0,0,0,0,0,0,0,0,-1,-1,0,0,0,0,-1,-1,-1,-1,-1,-1,-1,-1,-1,-1,-1,-1,-1,-1,-1,-1,0,0,0,0,0,-1,0,0,0,0,0,-1,[0|0|0|0|0|0|0|0]
503300,,301352,-1,301351,-1,-1,-1,-1,-1,-1,905,905,-1,0,0,3,70,0,0,0,0,0,0,0,0,0,0,0,0,0,0,0,0,-1,-1,0,0,0,0,-1,-1,-1,-1,-1,-1,-1,-1,-1,-1,-1,-1,-1,-1,-1,-1,0,0,0,0,0,-1,0,0,0,-1,0,-1,[0|0|0|0|0|0|0|0]
503400,,462000,-1,-1,-1,-1,-1,-1,-1,-1,2,-1,-1,0,0,0,0,0,0,1,0,0,0,0,0,0,0,1,0,0,0,0,0,-1,-1,0,0,0,0,-1,-1,-1,-1,-1,-1,-1,-1,-1,-1,-1,-1,-1,-1,-1,-1,0,0,0,0,0,-1,0,0,0,0,0,-1,[0|0|0|0|0|0|0|0]
503401,,462001,-1,-1,-1,-1,-1,-1,-1,-1,2,-1,-1,0,0,0,0,0,0,1,0,0,0,0,0,0,0,1,0,0,0,0,0,-1,-1,0,0,0,0,-1,-1,-1,-1,-1,-1,-1,-1,-1,-1,-1,-1,-1,-1,-1,-1,0,0,0,0,0,-1,0,0,0,0,0,-1,[0|0|0|0|0|0|0|0]
503402,,462002,-1,-1,-1,-1,-1,-1,-1,-1,2,-1,-1,0,0,0,0,0,0,1,0,0,0,0,0,0,0,1,0,0,0,0,0,-1,-1,0,0,0,0,-1,-1,-1,-1,-1,-1,-1,-1,-1,-1,-1,-1,-1,-1,-1,-1,0,0,0,0,0,-1,0,0,0,0,0,-1,[0|0|0|0|0|0|0|0]
503403,,462003,-1,-1,-1,-1,-1,-1,-1,-1,2,-1,-1,0,0,0,0,0,0,1,0,0,0,0,0,0,0,1,0,0,0,0,0,-1,-1,0,0,0,0,-1,-1,-1,-1,-1,-1,-1,-1,-1,-1,-1,-1,-1,-1,-1,-1,0,0,0,0,0,-1,0,0,0,0,0,-1,[0|0|0|0|0|0|0|0]
503410,,462770,-1,-1,-1,-1,-1,-1,-1,-1,220,-1,-1,0,0,0,0,1,0,1,0,0,0,0,0,0,0,1,0,0,0,0,0,-1,-1,0,0,0,0,-1,-1,-1,-1,-1,-1,-1,-1,-1,-1,-1,-1,-1,-1,-1,-1,0,0,0,0,0,-1,0,0,0,0,0,-1,[0|0|0|0|0|0|0|0]
503420,,-1,-1,462780,-1,-1,-1,-1,-1,-1,220,220,-1,0,0,0,0,0,0,1,0,0,0,0,0,0,0,1,0,0,0,0,0,-1,-1,0,0,0,0,-1,-1,-1,-1,-1,-1,-1,-1,-1,-1,-1,-1,-1,-1,-1,-1,0,0,0,0,0,-1,0,0,0,0,0,-1,[0|0|0|0|0|0|0|0]
503430,,462760,-1,-1,-1,-1,-1,-1,-1,-1,220,-1,-1,0,0,0,0,1,0,1,0,0,0,0,0,0,0,1,0,0,0,0,0,-1,-1,0,0,0,0,-1,-1,-1,-1,-1,-1,-1,-1,-1,-1,-1,-1,-1,-1,-1,-1,0,0,0,0,0,-1,0,0,0,0,0,-1,[0|0|0|0|0|0|0|0]
503500,Concealment VFX,460842,-1,-1,-1,460843,-1,-1,-1,-1,905,-1,905,0,0,3,11,0,0,0,1,1,0,0,0,0,0,0,0,0,0,0,1,-1,-1,0,0,0,0,-1,-1,-1,-1,-1,-1,-1,-1,-1,-1,-1,-1,-1,-1,-1,-1,0,0,35,0,0,-1,0,0,0,-1,0,-1,[0|0|0|0|0|0|0|0]
503501,,-1,-1,-1,-1,-1,-1,-1,-1,-1,-1,-1,-1,0,0,0,0,0,0,0,0,0,0,0,0,0,0,0,0,0,0,0,0,-1,-1,0,0,0,0,-1,-1,-1,-1,-1,-1,-1,-1,-1,-1,-1,-1,-1,-1,-1,-1,0,0,0,0,0,-1,0,0,0,-1,0,-1,[0|0|0|0|0|0|0|0]
503510,,-1,-1,-1,-1,-1,-1,-1,-1,-1,-1,-1,-1,0,0,0,0,0,0,0,0,0,0,0,0,0,0,0,0,0,1,0,0,-1,-1,0,0,0,0,-1,-1,-1,-1,-1,-1,-1,-1,-1,-1,-1,-1,-1,-1,-1,-1,0,0,0,0,0,3000,1,0,1,-1,0,-1,[0|0|0|0|0|0|0|0]
503511,,-1,-1,-1,-1,-1,-1,-1,-1,-1,-1,-1,-1,0,0,0,0,0,0,0,0,0,0,0,0,0,0,0,0,0,1,0,0,-1,-1,0,0,0,0,-1,-1,-1,-1,-1,-1,-1,-1,-1,-1,-1,-1,-1,-1,-1,-1,0,0,0,0,0,3000,0,1,1,-1,0,-1,[0|0|0|0|0|0|0|0]
503520,,4270,-1,-1,-1,-1,-1,-1,-1,-1,905,-1,-1,0,0,0,0,1,0,0,0,0,0,0,0,0,0,0,0,0,1,0,0,-1,-1,0,1,0,0,-1,-1,-1,-1,-1,-1,-1,-1,-1,-1,-1,-1,-1,-1,-1,-1,0,0,0,4,0,-1,0,0,0,-1,0,-1,[0|0|0|0|0|0|0|0]
503550,,461237,461237,-1,-1,-1,-1,-1,-1,-1,220,-1,-1,0,0,0,0,1,0,0,0,0,0,0,0,0,0,1,0,0,0,0,0,-1,-1,0,0,0,0,-1,-1,-1,-1,-1,-1,-1,-1,-1,-1,-1,-1,-1,-1,-1,-1,0,0,0,0,0,-1,0,0,0,-1,0,-1,[0|0|0|0|0|0|0|0]
503551,,461236,461237,-1,-1,-1,-1,-1,-1,-1,220,-1,-1,0,0,0,0,0,0,0,0,0,0,0,0,0,0,1,0,0,0,0,0,-1,-1,0,0,0,0,-1,-1,-1,-1,-1,-1,-1,-1,-1,-1,-1,-1,-1,-1,-1,-1,0,0,0,0,0,-1,0,0,0,-1,0,-1,[0|0|0|0|0|0|0|0]
503560,,461237,461237,-1,-1,-1,-1,-1,-1,-1,220,-1,-1,0,0,0,0,0,0,0,0,0,0,0,0,0,0,1,0,0,0,0,0,-1,-1,0,0,0,0,-1,-1,-1,-1,-1,-1,-1,-1,-1,-1,-1,-1,-1,-1,-1,-1,0,0,0,0,0,-1,0,0,0,-1,0,-1,[0|0|0|0|0|0|0|0]
503570,,-1,-1,-1,-1,-1,-1,-1,-1,-1,-1,-1,-1,0,0,0,0,0,0,0,0,0,0,0,0,0,0,0,0,0,1,0,0,-1,-1,0,0,0,0,-1,-1,-1,-1,-1,-1,-1,-1,-1,-1,-1,-1,-1,-1,-1,-1,0,0,0,0,0,3001,0,1,1,-1,0,-1,[0|0|0|0|0|0|0|0]
503571,,-1,-1,-1,-1,-1,-1,-1,-1,-1,-1,-1,-1,0,0,0,0,0,0,0,0,0,0,0,0,0,0,0,0,0,1,0,0,-1,-1,0,0,0,0,-1,-1,-1,-1,-1,-1,-1,-1,-1,-1,-1,-1,-1,-1,-1,-1,0,0,0,0,0,3001,1,0,1,-1,0,-1,[0|0|0|0|0|0|0|0]
503580,,461241,-1,-1,-1,-1,-1,-1,-1,-1,220,-1,-1,0,0,3,10,0,0,0,0,0,0,0,0,0,0,0,0,0,0,0,0,-1,-1,0,0,0,0,-1,-1,-1,-1,-1,-1,-1,-1,-1,-1,-1,-1,-1,-1,-1,-1,0,0,0,0,0,-1,0,0,0,0,0,-1,[0|0|0|0|0|0|0|0]
503600,,462000,-1,-1,-1,-1,-1,-1,-1,-1,220,-1,-1,0,0,0,0,0,0,1,0,0,0,0,0,0,0,1,0,0,0,0,0,-1,-1,0,0,0,0,-1,-1,-1,-1,-1,-1,-1,-1,-1,-1,-1,-1,-1,-1,-1,-1,0,0,0,0,0,-1,0,0,0,0,0,-1,[0|0|0|0|0|0|0|0]
503610,,461610,440111,-1,-1,-1,-1,-1,-1,-1,200,-1,-1,0,0,0,0,0,0,0,0,0,0,0,0,0,0,1,0,0,0,0,0,-1,-1,0,0,0,0,-1,-1,-1,-1,-1,-1,-1,-1,-1,-1,-1,-1,-1,-1,-1,-1,0,0,0,0,0,-1,0,0,0,-1,0,-1,[0|0|0|0|0|0|0|0]
503611,,461620,-1,-1,-1,-1,-1,-1,-1,-1,905,-1,-1,0,0,0,0,0,0,0,0,0,0,0,0,0,0,1,0,0,0,0,0,-1,-1,0,0,0,0,-1,-1,-1,-1,-1,-1,-1,-1,-1,-1,-1,-1,-1,-1,-1,-1,0,0,0,0,0,-1,0,0,0,-1,0,-1,[0|0|0|0|0|0|0|0]
503615,,4500,440111,-1,-1,-1,-1,-1,-1,-1,220,-1,-1,0,0,0,0,0,0,0,0,0,0,0,0,0,0,1,0,0,0,0,0,-1,-1,0,0,0,0,-1,-1,-1,-1,-1,-1,-1,-1,-1,-1,-1,-1,-1,-1,-1,-1,0,0,0,0,0,-1,0,0,0,-1,0,-1,[0|0|0|0|0|0|0|0]
503620,,461640,-1,-1,-1,-1,-1,-1,-1,-1,905,-1,-1,0,0,0,0,0,0,0,0,0,0,0,0,0,0,0,0,1,0,0,0,-1,-1,0,0,0,0,-1,-1,-1,-1,-1,-1,-1,-1,-1,-1,-1,-1,-1,-1,-1,-1,0,0,0,0,0,-1,0,0,0,-1,0,-1,[0|0|0|0|0|0|0|0]
503700,,-1,-1,462820,303161,-1,-1,-1,-1,-1,-1,5300,-1,0,0,0,0,0,0,1,0,0,0,0,0,0,0,0,0,0,0,0,0,-1,-1,0,0,0,0,-1,-1,-1,-1,-1,-1,-1,-1,-1,-1,-1,-1,-1,-1,-1,-1,0,0,0,0,0,10311,1,0,0.15,0,0,-1,[0|0|0|0|0|0|0|0]
503701,,-1,-1,-1,-1,-1,-1,-1,-1,-1,-1,-1,-1,0,0,0,0,0,0,1,0,0,0,0,0,0,0,0,0,0,0,0,0,-1,-1,0,0,0,0,-1,-1,-1,-1,-1,-1,-1,-1,-1,-1,-1,-1,-1,-1,-1,-1,0,0,0,0,0,10311,0,0,0,0,0,-1,[0|0|0|0|0|0|0|0]
503702,,-1,-1,-1,-1,-1,-1,-1,-1,-1,-1,-1,-1,0,0,0,0,0,0,1,0,0,0,0,0,0,0,0,0,0,0,0,0,-1,-1,0,0,0,0,-1,-1,-1,-1,-1,-1,-1,-1,-1,-1,-1,-1,-1,-1,-1,-1,0,0,0,0,0,10311,0,1,0.15,0,0,-1,[0|0|0|0|0|0|0|0]
503705,,462840,-1,-1,-1,-1,-1,-1,-1,-1,-1,-1,-1,1,0,0,0,0,0,1,0,0,0,0,0,0,0,0,0,0,0,0,0,-1,-1,0,0,0,0,5300,-1,5300,-1,5310,-1,5310,-1,5320,-1,5320,-1,5330,-1,5330,-1,0,0,0,0,0,-1,0,0,0,-1,0,-1,[0|0|0|0|0|0|0|0]
503720,,-1,-1,-1,-1,-1,-1,-1,-1,-1,-1,-1,-1,0,0,0,0,0,0,0,0,0,0,0,0,0,0,0,0,0,1,0,0,-1,-1,0,0,0,0,-1,-1,-1,-1,-1,-1,-1,-1,-1,-1,-1,-1,-1,-1,-1,-1,0,2,0,0,901,-1,0,0,0,-1,0,-1,[0|0|0|0|0|0|0|0]
503730,Executor VFX for Darkness / Thorns / Sable Church Arms,-1,-1,-1,-1,-1,-1,-1,-1,-1,-1,-1,-1,0,0,0,0,0,0,0,0,0,0,0,0,0,0,0,0,0,1,0,0,-1,-1,0,0,0,0,-1,-1,-1,-1,-1,-1,-1,-1,-1,-1,-1,-1,-1,-1,-1,-1,0,0,0,0,0,2004,1,1,0,-1,0,-1,[0|0|0|0|0|0|0|0]
503740,,4530,-1,-1,-1,-1,-1,-1,-1,-1,905,-1,-1,0,0,3,60,0,0,0,0,0,0,0,0,0,0,0,0,1,0,0,0,-1,-1,0,0,0,0,-1,-1,-1,-1,-1,-1,-1,-1,-1,-1,-1,-1,-1,-1,-1,-1,0,0,0,0,0,-1,0,0,0,-1,0,-1,[0|0|0|0|0|0|0|0]
503741,,-1,-1,463070,-1,-1,-1,-1,-1,-1,-1,220,-1,0,0,0,0,0,0,0,0,0,0,0,0,0,0,0,0,1,0,0,0,-1,-1,0,0,0,0,-1,-1,-1,-1,-1,-1,-1,-1,-1,-1,-1,-1,-1,-1,-1,-1,0,0,0,0,0,-1,0,0,0,-1,0,-1,[0|0|0|0|0|0|0|0]
503800,,4960,-1,-1,-1,-1,-1,-1,-1,-1,220,-1,-1,0,0,0,0,1,0,0,0,0,0,0,0,0,0,0,0,0,0,0,0,-1,-1,0,0,0,0,-1,-1,-1,-1,-1,-1,-1,-1,-1,-1,-1,-1,-1,-1,-1,-1,0,0,0,0,0,-1,0,0,0,-1,0,-1,[0|0|0|0|0|0|0|0]
503801,,4960,-1,-1,-1,-1,-1,-1,-1,-1,220,-1,-1,0,0,0,0,1,0,0,0,0,0,0,0,0,0,0,0,0,0,0,0,-1,-1,0,0,0,0,-1,-1,-1,-1,-1,-1,-1,-1,-1,-1,-1,-1,-1,-1,-1,-1,0,0,0,0,0,-1,0,0,0,-1,0,-1,[0|0|0|0|0|0|0|0]
503802,,463730,-1,-1,-1,-1,-1,-1,-1,-1,220,-1,-1,0,0,0,0,1,0,1,0,0,0,0,0,0,0,0,0,0,0,0,0,-1,-1,0,0,0,0,-1,-1,-1,-1,-1,-1,-1,-1,-1,-1,-1,-1,-1,-1,-1,-1,0,0,0,0,0,-1,0,0,0,0,0,-1,[0|0|0|0|0|0|0|0]
503803,,-1,-1,463735,-1,-1,-1,-1,-1,-1,-1,220,-1,0,0,0,0,1,0,1,0,0,0,0,0,0,0,0,0,0,0,0,0,-1,-1,0,0,0,0,-1,-1,-1,-1,-1,-1,-1,-1,-1,-1,-1,-1,-1,-1,-1,-1,0,0,0,0,0,-1,0,0,0,0,0,-1,[0|0|0|0|0|0|0|0]
503805,,301202,-1,-1,-1,-1,-1,-1,-1,-1,220,-1,-1,0,0,0,0,0,0,1,0,0,0,0,0,0,0,0,0,0,0,0,0,-1,-1,0,0,0,0,-1,-1,-1,-1,-1,-1,-1,-1,-1,-1,-1,-1,-1,-1,-1,-1,0,0,0,0,0,-1,0,0,0,0,0,-1,[0|0|0|0|0|0|0|0]
503806,,301202,-1,-1,-1,-1,-1,-1,-1,-1,220,-1,-1,0,0,0,0,0,0,1,0,0,0,0,0,0,0,0,0,0,0,0,0,-1,-1,0,0,0,0,-1,-1,-1,-1,-1,-1,-1,-1,-1,-1,-1,-1,-1,-1,-1,-1,0,0,0,0,0,-1,0,0,0,0,0,-1,[0|0|0|0|0|0|0|0]
503807,,463740,-1,-1,-1,-1,-1,-1,-1,-1,905,-1,-1,0,0,0,0,0,0,1,0,0,0,0,0,0,0,0,0,0,0,0,0,-1,-1,0,0,0,0,-1,-1,-1,-1,-1,-1,-1,-1,-1,-1,-1,-1,-1,-1,-1,-1,0,0,0,0,0,-1,0,0,0,0,0,-1,[0|0|0|0|0|0|0|0]
503808,,463741,-1,-1,-1,-1,-1,-1,-1,-1,905,-1,-1,0,0,0,0,0,0,1,0,0,0,0,0,0,0,0,0,0,0,0,0,-1,-1,0,0,0,0,-1,-1,-1,-1,-1,-1,-1,-1,-1,-1,-1,-1,-1,-1,-1,-1,0,0,0,0,0,-1,0,0,0,0,0,-1,[0|0|0|0|0|0|0|0]
503809,,302222,-1,30301,-1,-1,-1,-1,-1,-1,905,220,-1,0,0,0,0,0,0,0,0,0,0,0,0,0,0,0,0,0,0,0,0,-1,-1,0,0,0,0,-1,-1,-1,-1,-1,-1,-1,-1,-1,-1,-1,-1,-1,-1,-1,-1,0,0,0,0,0,-1,0,0,0,-1,0,-1,[0|0|0|0|0|0|0|0]
503810,,4500,524402,301271,-1,-1,-1,-1,-1,-1,905,905,-1,0,0,0,0,0,0,0,0,0,0,0,0,0,0,0,0,1,0,0,0,-1,-1,0,0,0,0,-1,-1,-1,-1,-1,-1,-1,-1,-1,-1,-1,-1,-1,-1,-1,-1,0,0,0,0,0,-1,0,0,0,-1,0,-1,[0|0|0|0|0|0|0|0]
503850,,463715,-1,-1,-1,-1,-1,-1,-1,-1,220,-1,-1,0,0,0,0,1,0,1,0,0,0,0,0,0,0,0,0,0,0,0,0,-1,-1,0,0,0,0,-1,-1,-1,-1,-1,-1,-1,-1,-1,-1,-1,-1,-1,-1,-1,-1,0,0,0,0,0,-1,0,0,0,0,0,-1,[0|0|0|0|0|0|0|0]
503851,,-1,-1,463720,-1,-1,-1,-1,-1,-1,-1,220,-1,0,0,0,0,1,0,1,0,0,0,0,0,0,0,0,0,0,0,0,0,-1,-1,0,0,0,0,-1,-1,-1,-1,-1,-1,-1,-1,-1,-1,-1,-1,-1,-1,-1,-1,0,0,0,0,0,-1,0,0,0,0,0,-1,[0|0|0|0|0|0|0|0]
503852,,-1,-1,463710,-1,-1,-1,-1,-1,-1,-1,220,-1,0,0,0,0,1,0,1,0,0,0,0,0,0,0,0,0,0,0,0,0,-1,-1,0,0,0,0,-1,-1,-1,-1,-1,-1,-1,-1,-1,-1,-1,-1,-1,-1,-1,-1,0,0,0,0,0,-1,0,0,0,0,0,-1,[0|0|0|0|0|0|0|0]
503853,,-1,-1,463725,-1,-1,-1,-1,-1,-1,-1,220,-1,0,0,0,0,1,0,1,0,0,0,0,0,0,0,0,0,0,0,0,0,-1,-1,0,0,0,0,-1,-1,-1,-1,-1,-1,-1,-1,-1,-1,-1,-1,-1,-1,-1,-1,0,0,0,0,0,-1,0,0,0,0,0,-1,[0|0|0|0|0|0|0|0]
503860,,463781,-1,-1,-1,-1,-1,-1,-1,-1,905,-1,-1,0,0,0,0,0,0,0,0,0,0,0,0,0,0,0,0,0,0,0,0,-1,-1,0,0,0,0,-1,-1,-1,-1,-1,-1,-1,-1,-1,-1,-1,-1,-1,-1,-1,-1,0,0,0,0,0,-1,0,0,0,-1,0,-1,[0|0|0|0|0|0|0|0]
503861,,464030,-1,-1,-1,-1,-1,-1,-1,-1,905,-1,-1,0,0,0,0,0,0,0,0,0,0,0,0,0,0,0,0,0,0,0,0,-1,-1,0,0,0,0,-1,-1,-1,-1,-1,-1,-1,-1,-1,-1,-1,-1,-1,-1,-1,-1,0,0,0,0,0,-1,0,0,0,-1,0,-1,[0|0|0|0|0|0|0|0]
503900,,463605,-1,463600,-1,-1,-1,-1,-1,-1,220,220,-1,0,0,0,0,0,0,0,0,0,0,0,0,0,0,0,0,0,0,0,0,-1,-1,0,0,0,0,-1,-1,-1,-1,-1,-1,-1,-1,-1,-1,-1,-1,-1,-1,-1,-1,0,0,0,0,0,6000,0,1,0.15,0,0,-1,[0|0|0|0|0|0|0|0]
503901,,-1,-1,463610,-1,-1,-1,-1,-1,-1,-1,220,-1,0,0,0,0,0,0,0,0,0,0,0,0,0,0,0,0,0,0,0,0,-1,-1,0,0,0,0,-1,-1,-1,-1,-1,-1,-1,-1,-1,-1,-1,-1,-1,-1,-1,-1,0,0,0,0,0,6000,1,0,0.15,0,0,-1,[0|0|0|0|0|0|0|0]
503910,,-1,-1,463620,-1,-1,-1,-1,-1,-1,-1,220,-1,0,0,0,0,0,0,0,0,0,0,0,0,0,0,0,0,0,0,0,0,-1,-1,0,0,0,0,-1,-1,-1,-1,-1,-1,-1,-1,-1,-1,-1,-1,-1,-1,-1,-1,0,0,0,0,0,-1,0,0,0,0,0,-1,[0|0|0|0|0|0|0|0]
503950,,463625,-1,463626,-1,-1,-1,-1,-1,-1,220,220,-1,0,0,0,0,0,0,0,0,0,0,0,0,0,0,0,0,0,0,0,0,-1,-1,0,0,0,0,-1,-1,-1,-1,-1,-1,-1,-1,-1,-1,-1,-1,-1,-1,-1,-1,0,0,0,0,0,6000,0,1,0.15,0,0,-1,[0|0|0|0|0|0|0|0]
503951,,-1,-1,463610,-1,-1,-1,-1,-1,-1,-1,220,-1,0,0,0,0,0,0,0,0,0,0,0,0,0,0,0,0,0,0,0,0,-1,-1,0,0,0,0,-1,-1,-1,-1,-1,-1,-1,-1,-1,-1,-1,-1,-1,-1,-1,-1,0,0,0,0,0,6000,1,0,0.15,0,0,-1,[0|0|0|0|0|0|0|0]
503960,,463901,-1,463900,-1,-1,-1,-1,-1,-1,192,220,-1,0,0,0,0,1,0,0,0,0,0,0,0,0,0,1,1,1,0,0,0,-1,-1,0,0,0,0,-1,-1,-1,-1,-1,-1,-1,-1,-1,-1,-1,-1,-1,-1,-1,-1,0,0,0,0,0,-1,0,0,0,-1,0,-1,[0|0|0|0|0|0|0|0]
503961,,463902,-1,-1,-1,-1,-1,-1,-1,-1,220,-1,-1,0,0,0,0,1,0,0,0,0,0,0,0,0,0,1,0,1,0,0,0,-1,-1,0,0,0,0,-1,-1,-1,-1,-1,-1,-1,-1,-1,-1,-1,-1,-1,-1,-1,-1,0,0,0,0,0,-1,0,0,0,-1,0,-1,[0|0|0|0|0|0|0|0]
503990,,-1,-1,-1,-1,-1,-1,-1,-1,-1,-1,-1,-1,0,0,0,0,0,0,0,0,0,0,0,0,0,0,0,0,0,0,0,0,-1,-1,0,0,0,0,-1,-1,-1,-1,-1,-1,-1,-1,-1,-1,-1,-1,-1,-1,-1,-1,0,0,0,0,0,6001,0,1,0.15,0,0,-1,[0|0|0|0|0|0|0|0]
503991,,-1,-1,-1,-1,-1,-1,-1,-1,-1,-1,-1,-1,0,0,0,0,0,0,0,0,0,0,0,0,0,0,0,0,0,0,0,0,-1,-1,0,0,0,0,-1,-1,-1,-1,-1,-1,-1,-1,-1,-1,-1,-1,-1,-1,-1,-1,0,0,0,0,0,6001,1,0,0.15,0,0,-1,[0|0|0|0|0|0|0|0]
590000,,-1,-1,-1,-1,-1,-1,-1,-1,-1,-1,-1,-1,0,0,0,0,0,0,0,0,0,0,0,0,0,0,0,0,0,1,0,0,-1,-1,0,0,0,0,-1,-1,-1,-1,-1,-1,-1,-1,-1,-1,-1,-1,-1,-1,-1,-1,0,0,0,0,0,-1,0,0,0,-1,0,1100,[0|0|128|63|0|0|0|0]
591000,,450941,450941,-1,-1,-1,-1,-1,-1,-1,200,-1,-1,0,0,0,0,0,0,0,0,0,0,0,0,0,0,1,0,0,0,0,0,-1,-1,0,0,0,0,-1,-1,-1,-1,-1,-1,-1,-1,-1,-1,-1,-1,-1,-1,-1,-1,0,0,0,0,0,-1,0,0,0,-1,0,-1,[0|0|0|0|0|0|0|0]
591001,,450940,-1,-1,-1,-1,-1,-1,-1,-1,905,-1,-1,0,0,0,0,0,0,0,0,0,0,0,0,0,0,1,0,0,0,0,0,-1,-1,0,0,0,0,-1,-1,-1,-1,-1,-1,-1,-1,-1,-1,-1,-1,-1,-1,-1,-1,0,0,0,0,0,-1,0,0,0,-1,0,-1,[0|0|0|0|0|0|0|0]
703500,,-1,-1,-1,-1,523413,-1,-1,-1,-1,-1,220,220,0,0,0,0,0,0,0,1,1,0,0,0,0,0,0,0,0,0,0,1,-1,-1,0,0,0,0,-1,-1,-1,-1,-1,-1,-1,-1,-1,-1,-1,-1,-1,-1,-1,-1,0,0,50,0,0,-1,0,0,0,-1,0,-1,[0|0|0|0|0|0|0|0]
703501,,-1,-1,523413,-1,-1,-1,-1,-1,-1,-1,220,-1,0,0,0,0,0,0,0,0,0,0,0,0,0,0,0,0,0,0,0,0,-1,-1,0,0,0,0,-1,-1,-1,-1,-1,-1,-1,-1,-1,-1,-1,-1,-1,-1,-1,-1,0,0,0,0,0,-1,0,0,0,-1,0,-1,[0|0|0|0|0|0|0|0]
730300,,30330,-1,-1,-1,-1,-1,-1,-1,-1,900,-1,-1,0,0,0,0,0,0,0,0,0,0,0,0,0,0,0,0,0,0,0,0,-1,-1,0,0,0,0,-1,-1,-1,-1,-1,-1,-1,-1,-1,-1,-1,-1,-1,-1,-1,-1,0,0,0,0,0,-1,0,0,0,-1,0,-1,[0|0|0|0|0|0|0|0]
730301,,30320,-1,-1,-1,-1,-1,-1,-1,-1,900,-1,-1,0,0,0,0,0,0,0,0,0,0,0,0,0,0,0,0,0,0,0,0,-1,-1,0,0,0,0,-1,-1,-1,-1,-1,-1,-1,-1,-1,-1,-1,-1,-1,-1,-1,-1,0,0,0,0,0,-1,0,0,0,-1,0,-1,[0|0|0|0|0|0|0|0]
1413000,,4510,-1,-1,-1,-1,-1,-1,-1,-1,905,-1,-1,0,0,0,0,0,0,0,0,0,0,0,0,0,0,1,0,0,0,0,0,-1,-1,0,0,0,0,-1,-1,-1,-1,-1,-1,-1,-1,-1,-1,-1,-1,-1,-1,-1,-1,0,0,0,0,0,-1,0,0,0,-1,0,-1,[0|0|0|0|0|0|0|0]
1414000,,523502,-1,-1,-1,-1,-1,-1,-1,-1,211,-1,-1,0,0,0,0,0,0,0,0,0,0,0,0,0,0,0,0,0,0,0,0,-1,-1,0,0,0,0,-1,-1,-1,-1,-1,-1,-1,-1,-1,-1,-1,-1,-1,-1,-1,-1,0,0,0,0,0,-1,0,0,0,-1,0,-1,[0|0|0|0|0|0|0|0]
1436000,,4400,-1,-1,-1,-1,-1,-1,-1,-1,905,-1,-1,0,0,4,30,1,0,0,0,0,0,0,0,0,0,1,0,0,0,0,0,-1,-1,0,0,0,0,-1,-1,-1,-1,-1,-1,-1,-1,-1,-1,-1,-1,-1,-1,-1,-1,0,0,0,0,0,-1,0,0,0,-1,0,-1,[0|0|0|0|0|0|0|0]
1436100,,4400,-1,-1,-1,-1,-1,-1,-1,-1,905,-1,-1,0,0,4,30,1,0,0,0,0,0,0,0,0,0,1,0,0,0,0,0,-1,-1,0,0,0,0,-1,-1,-1,-1,-1,-1,-1,-1,-1,-1,-1,-1,-1,-1,-1,-1,0,0,0,0,0,-1,0,0,0,-1,0,-1,[0|0|0|0|0|0|0|0]
1446000,,303071,303071,-1,-1,-1,-1,-1,-1,-1,-1,-1,-1,1,1,0,0,0,0,0,0,0,0,0,0,0,0,0,0,0,0,1,0,-1,-1,0,0,1,0,10300,-1,11300,-1,10310,-1,11310,-1,10320,-1,11320,-1,10330,-1,11330,-1,0,0,0,0,0,-1,0,0,0,-1,0,-1,[0|0|0|0|0|0|0|0]
1447000,,-1,-1,-1,-1,-1,-1,-1,-1,-1,-1,-1,-1,2,1,0,0,0,0,0,0,0,0,0,0,0,0,0,0,0,0,0,0,-1,-1,0,0,1,0,-1,-1,-1,-1,-1,-1,-1,-1,-1,-1,-1,-1,-1,-1,-1,-1,0,0,0,0,0,-1,0,0,0,-1,0,-1,[0|0|0|0|0|0|0|0]
1448000,,-1,-1,523152,-1,-1,-1,-1,-1,-1,-1,220,-1,0,0,0,0,0,0,0,0,0,0,0,0,0,0,0,0,0,0,0,0,-1,-1,0,0,0,0,-1,-1,-1,-1,-1,-1,-1,-1,-1,-1,-1,-1,-1,-1,-1,-1,0,0,0,0,0,-1,0,0,0,-1,0,-1,[0|0|0|0|0|0|0|0]
1449000,,303111,303111,-1,-1,-1,-1,-1,-1,-1,-1,-1,-1,1,6,0,0,0,0,0,0,0,0,0,0,0,0,0,0,0,0,1,0,-1,-1,0,0,6,0,10300,-1,11300,-1,10310,-1,11310,-1,10320,-1,11320,-1,10330,-1,11330,-1,0,0,0,0,0,-1,0,0,0,-1,0,-1,[0|0|0|0|0|0|0|0]
1464000,,-1,-1,523264,-1,-1,-1,-1,-1,-1,-1,900,-1,0,0,0,0,0,0,0,0,0,0,0,0,0,0,0,0,0,0,0,0,-1,-1,0,0,0,0,-1,-1,-1,-1,-1,-1,-1,-1,-1,-1,-1,-1,-1,-1,-1,-1,0,0,0,0,0,-1,0,0,0,-1,0,-1,[0|0|0|0|0|0|0|0]
1466000,,-1,-1,-1,-1,-1,-1,-1,-1,-1,-1,-1,-1,1,0,0,0,0,0,0,0,0,0,0,0,1,0,0,0,0,0,0,0,-1,-1,0,0,0,0,10300,-1,11300,-1,10310,-1,11310,-1,10320,-1,11320,-1,10330,-1,11330,-1,0,0,0,0,0,-1,0,0,0,-1,0,-1,[0|0|0|0|0|0|0|0]
1467000,,-1,-1,-1,-1,523412,-1,-1,-1,-1,-1,220,220,0,0,3,11,0,0,0,1,1,0,0,0,0,0,0,0,0,0,0,1,-1,-1,0,0,0,0,-1,-1,-1,-1,-1,-1,-1,-1,-1,-1,-1,-1,-1,-1,-1,-1,0,0,50,0,0,-1,0,0,0,-1,0,-1,[0|0|0|0|0|0|0|0]
1467001,,-1,-1,523412,-1,-1,-1,-1,-1,-1,-1,220,-1,0,0,0,0,0,0,0,0,0,0,0,0,0,0,0,0,0,0,0,0,-1,-1,0,0,0,0,-1,-1,-1,-1,-1,-1,-1,-1,-1,-1,-1,-1,-1,-1,-1,-1,0,0,0,0,0,-1,0,0,0,-1,0,-1,[0|0|0|0|0|0|0|0]
1467002,,-1,-1,-1,-1,-1,-1,-1,-1,-1,-1,-1,-1,0,0,1,11,0,0,0,0,0,0,0,0,0,0,0,0,0,0,0,0,-1,-1,0,0,0,0,-1,-1,-1,-1,-1,-1,-1,-1,-1,-1,-1,-1,-1,-1,-1,-1,0,0,0,0,0,-1,0,0,0,-1,0,-1,[0|0|0|0|0|0|0|0]
1467005,,-1,-1,-1,-1,523413,-1,-1,-1,-1,-1,220,220,0,0,0,0,0,0,0,1,1,0,0,0,0,0,0,0,0,0,0,1,-1,-1,0,0,0,0,-1,-1,-1,-1,-1,-1,-1,-1,-1,-1,-1,-1,-1,-1,-1,-1,0,0,50,0,0,-1,0,0,0,-1,0,-1,[0|0|0|0|0|0|0|0]
1467006,,-1,-1,523413,-1,-1,-1,-1,-1,-1,-1,220,-1,0,0,0,0,0,0,0,0,0,0,0,0,0,0,0,0,0,0,0,0,-1,-1,0,0,0,0,-1,-1,-1,-1,-1,-1,-1,-1,-1,-1,-1,-1,-1,-1,-1,-1,0,0,0,0,0,-1,0,0,0,-1,0,-1,[0|0|0|0|0|0|0|0]
1604000,,-1,-1,524321,-1,-1,-1,-1,-1,-1,-1,220,-1,0,0,0,0,0,0,0,0,0,0,0,0,0,0,0,0,0,0,0,0,-1,-1,0,0,0,0,-1,-1,-1,-1,-1,-1,-1,-1,-1,-1,-1,-1,-1,-1,-1,-1,0,0,0,0,0,-1,0,0,0,-1,0,-1,[0|0|0|0|0|0|0|0]
1604001,,-1,-1,524322,-1,-1,-1,-1,-1,-1,-1,220,-1,0,0,0,0,0,0,0,0,0,0,0,0,0,0,0,0,0,0,0,0,-1,-1,0,0,0,0,-1,-1,-1,-1,-1,-1,-1,-1,-1,-1,-1,-1,-1,-1,-1,-1,0,0,0,0,0,-1,0,0,0,-1,0,-1,[0|0|0|0|0|0|0|0]
1605000,,524402,524402,-1,-1,-1,-1,-1,-1,-1,200,-1,-1,0,0,3,60,0,0,0,0,0,0,0,0,0,0,1,0,0,0,0,0,-1,-1,0,0,0,0,-1,-1,-1,-1,-1,-1,-1,-1,-1,-1,-1,-1,-1,-1,-1,-1,0,0,0,0,0,-1,0,0,0,-1,0,-1,[0|0|0|0|0|0|0|0]
1606000,,4820,-1,-1,-1,-1,-1,-1,-1,-1,905,-1,-1,0,0,3,70,0,0,0,0,0,0,0,0,0,0,1,0,0,0,0,0,-1,-1,0,0,0,0,-1,-1,-1,-1,-1,-1,-1,-1,-1,-1,-1,-1,-1,-1,-1,-1,0,0,0,0,0,-1,0,0,0,-1,0,-1,[0|0|0|0|0|0|0|0]
1626000,,303161,303161,-1,-1,-1,-1,-1,-1,-1,-1,-1,-1,1,17,0,0,0,0,0,0,0,0,0,0,0,0,0,0,0,0,1,0,-1,-1,0,0,17,0,10300,-1,11300,-1,10310,-1,11310,-1,10320,-1,11320,-1,10330,-1,11330,-1,0,0,0,0,0,-1,0,0,0,-1,0,-1,[0|0|0|0|0|0|0|0]
1626001,,524402,-1,-1,-1,-1,-1,-1,-1,-1,200,-1,-1,0,0,0,0,1,0,0,0,0,0,0,0,0,0,0,0,0,0,0,0,-1,-1,0,0,0,0,-1,-1,-1,-1,-1,-1,-1,-1,-1,-1,-1,-1,-1,-1,-1,-1,0,0,0,0,0,-1,0,0,0,-1,0,-1,[0|0|0|0|0|0|0|0]
1627000,,4800,-1,-1,-1,-1,-1,-1,-1,-1,905,-1,-1,0,0,3,70,0,0,0,0,0,0,0,0,0,0,1,0,0,0,0,0,-1,-1,0,0,0,0,-1,-1,-1,-1,-1,-1,-1,-1,-1,-1,-1,-1,-1,-1,-1,-1,0,0,0,0,0,-1,0,0,0,-1,0,-1,[0|0|0|0|0|0|0|0]
1632000,,303171,303171,-1,-1,-1,-1,-1,-1,-1,-1,-1,-1,1,18,0,0,0,0,0,0,0,0,0,0,0,0,0,0,0,0,1,0,-1,-1,0,0,18,0,10300,-1,11300,-1,10310,-1,11310,-1,10320,-1,11320,-1,10330,-1,11330,-1,0,0,0,0,0,-1,0,0,0,-1,0,-1,[0|0|0|0|0|0|0|0]
1633000,,4810,-1,-1,-1,-1,-1,-1,-1,-1,905,-1,-1,0,0,3,70,0,0,0,0,0,0,0,0,0,0,1,0,0,0,0,0,-1,-1,0,0,0,0,-1,-1,-1,-1,-1,-1,-1,-1,-1,-1,-1,-1,-1,-1,-1,-1,0,0,0,0,0,-1,0,0,0,-1,0,-1,[0|0|0|0|0|0|0|0]
1634000,,4850,-1,-1,-1,-1,-1,-1,-1,-1,905,-1,-1,0,0,3,70,0,0,0,0,0,0,0,0,0,0,1,0,0,0,0,0,-1,-1,0,0,0,0,-1,-1,-1,-1,-1,-1,-1,-1,-1,-1,-1,-1,-1,-1,-1,-1,0,0,0,0,0,-1,0,0,0,-1,0,-1,[0|0|0|0|0|0|0|0]
1642000,Revenant Family: HP Restore VFX,-1,-1,4600,-1,-1,-1,-1,-1,-1,-1,220,-1,0,0,0,0,0,0,0,0,0,0,0,0,0,0,0,0,0,0,0,0,-1,-1,0,0,0,0,-1,-1,-1,-1,-1,-1,-1,-1,-1,-1,-1,-1,-1,-1,-1,-1,0,0,0,0,0,-1,0,0,0,-1,0,-1,[0|0|0|0|0|0|0|0]
1642100,,-1,-1,4600,-1,-1,-1,-1,-1,-1,-1,220,-1,0,0,0,0,0,0,0,0,0,0,0,0,0,0,0,0,0,0,0,0,-1,-1,0,0,0,0,-1,-1,-1,-1,-1,-1,-1,-1,-1,-1,-1,-1,-1,-1,-1,-1,0,0,0,0,0,-1,0,0,0,-1,0,-1,[0|0|0|0|0|0|0|0]
1642200,,-1,-1,4600,-1,-1,-1,-1,-1,-1,-1,220,-1,0,0,0,0,0,0,0,0,0,0,0,0,0,0,0,0,0,0,0,0,-1,-1,0,0,0,0,-1,-1,-1,-1,-1,-1,-1,-1,-1,-1,-1,-1,-1,-1,-1,-1,0,0,0,0,0,-1,0,0,0,-1,0,-1,[0|0|0|0|0|0|0|0]
1642300,,-1,-1,4600,-1,-1,-1,-1,-1,-1,-1,220,-1,0,0,0,0,0,0,0,0,0,0,0,0,0,0,0,0,0,0,0,0,-1,-1,0,0,0,0,-1,-1,-1,-1,-1,-1,-1,-1,-1,-1,-1,-1,-1,-1,-1,-1,0,0,0,0,0,-1,0,0,0,-1,0,-1,[0|0|0|0|0|0|0|0]
1642400,,-1,-1,4600,-1,-1,-1,-1,-1,-1,-1,220,-1,0,0,0,0,0,0,0,0,0,0,0,0,0,0,0,0,0,0,0,0,-1,-1,0,0,0,0,-1,-1,-1,-1,-1,-1,-1,-1,-1,-1,-1,-1,-1,-1,-1,-1,0,0,0,0,0,-1,0,0,0,-1,0,-1,[0|0|0|0|0|0|0|0]
1643000,Revenant Family: HP Restore VFX,4610,-1,-1,-1,-1,-1,-1,-1,-1,220,-1,-1,0,0,0,0,0,0,0,0,0,0,0,0,0,0,0,0,0,0,0,0,-1,-1,0,0,0,0,-1,-1,-1,-1,-1,-1,-1,-1,-1,-1,-1,-1,-1,-1,-1,-1,0,0,0,0,0,-1,0,0,0,-1,0,-1,[0|0|0|0|0|0|0|0]
1643100,,4610,-1,-1,-1,-1,-1,-1,-1,-1,220,-1,-1,0,0,0,0,0,0,0,0,0,0,0,0,0,0,0,0,0,0,0,0,-1,-1,0,0,0,0,-1,-1,-1,-1,-1,-1,-1,-1,-1,-1,-1,-1,-1,-1,-1,-1,0,0,0,0,0,-1,0,0,0,-1,0,-1,[0|0|0|0|0|0|0|0]
1644000,,-1,-1,525083,-1,-1,-1,-1,-1,-1,-1,220,-1,0,0,0,0,0,0,0,0,0,0,0,0,0,0,0,0,0,0,0,0,-1,-1,0,0,0,0,-1,-1,-1,-1,-1,-1,-1,-1,-1,-1,-1,-1,-1,-1,-1,-1,0,0,0,0,0,-1,0,0,0,-1,0,-1,[0|0|0|0|0|0|0|0]
1644100,,-1,-1,4620,-1,-1,-1,-1,-1,-1,-1,220,-1,0,0,0,0,0,0,0,0,0,0,0,0,0,0,0,0,0,0,0,0,-1,-1,0,0,0,0,-1,-1,-1,-1,-1,-1,-1,-1,-1,-1,-1,-1,-1,-1,-1,-1,0,0,0,0,0,-1,0,0,0,-1,0,-1,[0|0|0|0|0|0|0|0]
1645000,,4720,-1,-1,-1,-1,-1,-1,-1,-1,905,-1,-1,0,0,3,70,0,0,0,0,0,0,0,0,0,0,1,0,0,0,0,0,-1,-1,0,0,0,0,-1,-1,-1,-1,-1,-1,-1,-1,-1,-1,-1,-1,-1,-1,-1,-1,0,0,0,0,0,-1,0,0,0,-1,0,-1,[0|0|0|0|0|0|0|0]
1646000,,4710,-1,-1,-1,-1,-1,-1,-1,-1,905,-1,-1,0,0,3,70,0,0,0,0,0,0,0,0,0,0,1,0,0,0,0,0,-1,-1,0,0,0,0,-1,-1,-1,-1,-1,-1,-1,-1,-1,-1,-1,-1,-1,-1,-1,-1,0,0,0,0,0,-1,0,0,0,-1,0,-1,[0|0|0|0|0|0|0|0]
1647000,,4730,-1,-1,-1,-1,-1,-1,-1,-1,905,-1,-1,0,0,3,70,0,0,0,0,0,0,0,0,0,0,1,0,0,0,0,0,-1,-1,0,0,0,0,-1,-1,-1,-1,-1,-1,-1,-1,-1,-1,-1,-1,-1,-1,-1,-1,0,0,0,0,0,-1,0,0,0,-1,0,-1,[0|0|0|0|0|0|0|0]
1648000,,4740,-1,-1,-1,-1,-1,-1,-1,-1,905,-1,-1,0,0,3,70,0,0,0,0,0,0,0,0,0,0,1,0,0,0,0,0,-1,-1,0,0,0,0,-1,-1,-1,-1,-1,-1,-1,-1,-1,-1,-1,-1,-1,-1,-1,-1,0,0,0,0,0,-1,0,0,0,-1,0,-1,[0|0|0|0|0|0|0|0]
1649000,,4840,-1,-1,-1,-1,-1,-1,-1,-1,905,-1,-1,0,0,3,70,0,0,0,0,0,0,0,0,0,0,1,0,0,0,0,0,-1,-1,0,0,0,0,-1,-1,-1,-1,-1,-1,-1,-1,-1,-1,-1,-1,-1,-1,-1,-1,0,0,0,0,0,-1,0,0,0,-1,0,-1,[0|0|0|0|0|0|0|0]
1651000,,523542,523542,-1,-1,-1,-1,-1,-1,-1,212,-1,-1,0,0,1,20,0,0,0,0,0,0,0,0,0,1,0,0,0,0,0,0,-1,-1,0,0,0,0,-1,-1,-1,-1,-1,-1,-1,-1,-1,-1,-1,-1,-1,-1,-1,-1,0,0,0,0,0,-1,0,0,0,-1,0,-1,[0|0|0|0|0|0|0|0]
1651001,,523543,523542,-1,-1,-1,-1,-1,-1,-1,1,-1,-1,0,0,0,0,0,0,0,0,0,0,0,0,0,1,0,0,0,0,0,0,-1,-1,0,0,0,0,-1,-1,-1,-1,-1,-1,-1,-1,-1,-1,-1,-1,-1,-1,-1,-1,0,0,0,0,0,-1,0,0,0,-1,0,-1,[0|0|0|0|0|0|0|0]
1651002,,523543,-1,-1,-1,-1,-1,-1,-1,-1,2,-1,-1,0,0,0,0,0,0,0,0,0,0,0,0,0,1,0,0,0,0,0,0,-1,-1,0,0,0,0,-1,-1,-1,-1,-1,-1,-1,-1,-1,-1,-1,-1,-1,-1,-1,-1,0,0,0,0,0,-1,0,0,0,-1,0,-1,[0|0|0|0|0|0|0|0]
1651003,,523543,-1,-1,-1,-1,-1,-1,-1,-1,3,-1,-1,0,0,0,0,0,0,0,0,0,0,0,0,0,1,0,0,0,0,0,0,-1,-1,0,0,0,0,-1,-1,-1,-1,-1,-1,-1,-1,-1,-1,-1,-1,-1,-1,-1,-1,0,0,0,0,0,-1,0,0,0,-1,0,-1,[0|0|0|0|0|0|0|0]
1651004,,523543,-1,-1,-1,-1,-1,-1,-1,-1,4,-1,-1,0,0,0,0,0,0,0,0,0,0,0,0,0,1,0,0,0,0,0,0,-1,-1,0,0,0,0,-1,-1,-1,-1,-1,-1,-1,-1,-1,-1,-1,-1,-1,-1,-1,-1,0,0,0,0,0,-1,0,0,0,-1,0,-1,[0|0|0|0|0|0|0|0]
1653000,,4150,-1,-1,-1,-1,-1,-1,-1,-1,7,-1,-1,0,0,0,0,1,0,0,0,0,0,0,0,0,0,0,0,0,0,0,0,-1,-1,0,0,0,0,-1,-1,-1,-1,-1,-1,-1,-1,-1,-1,-1,-1,-1,-1,-1,-1,0,0,0,0,0,-1,0,0,0,-1,0,-1,[0|0|0|0|0|0|0|0]
1660000,,4520,-1,525813,-1,-1,-1,-1,-1,-1,905,220,-1,0,0,3,40,0,0,0,0,0,0,0,0,0,0,1,0,0,0,0,0,-1,-1,0,0,0,0,-1,-1,-1,-1,-1,-1,-1,-1,-1,-1,-1,-1,-1,-1,-1,-1,0,0,0,0,0,-1,0,0,0,-1,0,-1,[0|0|0|0|0|0|0|0]
1673000,,-1,-1,4630,-1,-1,-1,-1,-1,-1,-1,220,-1,0,0,0,0,0,0,0,0,0,0,0,0,0,0,0,0,0,0,0,0,-1,-1,0,0,0,0,-1,-1,-1,-1,-1,-1,-1,-1,-1,-1,-1,-1,-1,-1,-1,-1,0,0,0,0,0,-1,0,0,0,-1,0,-1,[0|0|0|0|0|0|0|0]
1674000,,-1,-1,-1,-1,-1,-1,-1,-1,-1,-1,-1,-1,2,10,0,0,0,0,0,0,0,0,0,0,0,0,0,0,0,0,0,0,-1,-1,0,0,10,0,-1,-1,-1,-1,-1,-1,-1,-1,-1,-1,-1,-1,-1,-1,-1,-1,0,0,0,0,0,-1,0,0,0,-1,0,-1,[0|0|0|0|0|0|0|0]
1676000,,528172,-1,-1,-1,-1,-1,-1,-1,-1,905,-1,-1,0,0,3,20,0,0,0,0,0,0,0,0,0,0,1,0,0,0,0,0,-1,-1,0,0,0,0,-1,-1,-1,-1,-1,-1,-1,-1,-1,-1,-1,-1,-1,-1,-1,-1,0,0,0,0,0,-1,0,0,0,-1,0,-1,[0|0|0|0|0|0|0|0]
1676001,,-1,-1,528173,-1,-1,-1,-1,-1,-1,-1,905,-1,0,0,0,0,0,0,0,0,0,0,0,0,0,0,0,0,0,0,0,0,-1,-1,0,0,0,0,-1,-1,-1,-1,-1,-1,-1,-1,-1,-1,-1,-1,-1,-1,-1,-1,0,0,0,0,0,-1,0,0,0,-1,0,-1,[0|0|0|0|0|0|0|0]
1676002,Holy Attack VFX,-1,-1,528177,-1,-1,-1,-1,-1,-1,-1,905,-1,0,0,0,0,0,0,0,0,0,0,0,0,0,0,0,0,0,0,0,0,-1,-1,0,0,0,0,-1,-1,-1,-1,-1,-1,-1,-1,-1,-1,-1,-1,-1,-1,-1,-1,0,0,0,0,0,-1,0,0,0,-1,0,-1,[0|0|0|0|0|0|0|0]
1677000,,303131,303131,-1,-1,-1,-1,-1,-1,-1,-1,-1,-1,1,10,0,0,0,0,0,0,0,0,0,0,0,0,0,0,0,0,1,0,-1,-1,0,0,10,0,10300,-1,11300,-1,10310,-1,11310,-1,10320,-1,11320,-1,10330,-1,11330,-1,0,0,0,0,0,-1,0,0,0,-1,0,-1,[0|0|0|0|0|0|0|0]
1678000,,-1,-1,528152,-1,-1,-1,-1,-1,-1,-1,220,-1,0,0,0,0,0,0,0,0,0,0,0,0,0,0,0,0,0,0,0,0,-1,-1,0,0,0,0,-1,-1,-1,-1,-1,-1,-1,-1,-1,-1,-1,-1,-1,-1,-1,-1,0,0,0,0,0,-1,0,0,0,-1,0,-1,[0|0|0|0|0|0|0|0]
1685000,,4610,-1,-1,-1,-1,-1,-1,-1,-1,220,-1,-1,0,0,0,0,0,0,0,0,0,0,0,0,0,0,0,0,0,0,0,0,-1,-1,0,0,0,0,-1,-1,-1,-1,-1,-1,-1,-1,-1,-1,-1,-1,-1,-1,-1,-1,0,0,0,0,0,-1,0,0,0,-1,0,-1,[0|0|0|0|0|0|0|0]
1686000,,-1,-1,529511,-1,-1,-1,-1,-1,-1,-1,220,-1,0,0,0,0,0,0,0,0,0,0,0,0,0,0,0,0,0,0,0,0,-1,-1,0,0,0,0,-1,-1,-1,-1,-1,-1,-1,-1,-1,-1,-1,-1,-1,-1,-1,-1,0,0,0,0,0,-1,0,0,0,-1,0,-1,[0|0|0|0|0|0|0|0]
1696000,,303011,303011,-1,-1,-1,-1,-1,-1,-1,-1,-1,-1,1,3,0,0,0,0,0,0,0,0,0,0,0,0,0,0,0,0,1,0,-1,-1,0,0,3,0,10300,-1,11300,-1,10310,-1,11310,-1,10320,-1,11320,-1,10330,-1,11330,-1,0,0,0,0,0,-1,0,0,0,-1,0,-1,[0|0|0|0|0|0|0|0]
1697000,,303151,303011,-1,-1,-1,-1,-1,-1,-1,-1,-1,-1,1,9,0,0,0,0,0,0,0,0,0,0,0,0,0,0,0,0,1,0,-1,-1,0,0,9,0,10300,-1,11300,-1,10310,-1,11310,-1,10320,-1,11320,-1,10330,-1,11330,-1,0,0,0,0,0,-1,0,0,0,-1,0,-1,[0|0|0|0|0|0|0|0]
1697001,,525642,303011,-1,-1,-1,-1,-1,-1,-1,200,-1,-1,0,0,0,0,0,0,0,0,0,0,0,0,0,0,1,0,0,0,0,0,-1,-1,0,0,0,0,-1,-1,-1,-1,-1,-1,-1,-1,-1,-1,-1,-1,-1,-1,-1,-1,0,0,0,0,0,-1,0,0,0,-1,0,-1,[0|0|0|0|0|0|0|0]
1697100,,525652,303011,-1,-1,-1,-1,-1,-1,-1,200,-1,-1,0,0,3,70,0,0,0,0,0,0,0,0,0,0,1,0,0,0,0,0,-1,-1,0,0,0,0,-1,-1,-1,-1,-1,-1,-1,-1,-1,-1,-1,-1,-1,-1,-1,-1,0,0,0,0,0,-1,0,0,0,-1,0,-1,[0|0|0|0|0|0|0|0]
1709000,,4160,-1,-1,-1,-1,-1,-1,-1,-1,905,-1,-1,0,0,4,30,0,0,0,0,0,0,0,0,0,0,1,0,0,0,0,0,-1,-1,0,0,0,0,-1,-1,-1,-1,-1,-1,-1,-1,-1,-1,-1,-1,-1,-1,-1,-1,0,0,0,0,0,-1,0,0,0,-1,0,-1,[0|0|0|0|0|0|0|0]
1723000,,303061,303061,-1,-1,-1,-1,-1,-1,-1,-1,-1,-1,1,5,0,0,0,0,0,0,0,0,0,0,0,0,0,0,0,0,1,0,-1,-1,0,0,5,0,10300,-1,11300,-1,10310,-1,11310,-1,10320,-1,11320,-1,10330,-1,11330,-1,0,0,0,0,0,-1,0,0,0,-1,0,-1,[0|0|0|0|0|0|0|0]
1733000,,527052,-1,-1,-1,-1,-1,-1,-1,-1,220,-1,-1,0,0,3,40,0,0,0,0,0,0,0,0,0,0,1,0,0,0,0,0,-1,-1,0,0,0,0,-1,-1,-1,-1,-1,-1,-1,-1,-1,-1,-1,-1,-1,-1,-1,-1,0,0,0,0,0,-1,0,0,0,-1,0,-1,[0|0|0|0|0|0|0|0]
1753000,,524402,-1,-1,-1,-1,-1,-1,-1,-1,200,-1,-1,0,0,0,0,1,0,0,0,0,0,0,0,0,0,0,0,0,0,0,0,-1,-1,0,0,0,0,-1,-1,-1,-1,-1,-1,-1,-1,-1,-1,-1,-1,-1,-1,-1,-1,0,0,0,0,0,-1,0,0,0,-1,0,-1,[0|0|0|0|0|0|0|0]
1790000,,525413,-1,-1,-1,-1,-1,-1,-1,-1,220,-1,-1,0,0,0,0,0,0,0,0,0,0,0,0,0,0,0,0,0,0,0,0,-1,-1,0,0,0,0,-1,-1,-1,-1,-1,-1,-1,-1,-1,-1,-1,-1,-1,-1,-1,-1,0,0,0,0,0,-1,0,0,0,-1,0,-1,[0|0|0|0|0|0|0|0]
1790300,,4830,-1,-1,-1,-1,-1,-1,-1,-1,905,-1,-1,0,0,3,70,0,0,0,0,0,0,0,0,0,0,1,0,0,0,0,0,-1,-1,0,0,0,0,-1,-1,-1,-1,-1,-1,-1,-1,-1,-1,-1,-1,-1,-1,-1,-1,0,0,0,0,0,-1,0,0,0,-1,0,-1,[0|0|0|0|0|0|0|0]
1800200,,462162,-1,-1,-1,-1,-1,-1,-1,-1,5,-1,-1,0,0,3,40,0,0,0,0,0,0,0,0,0,0,0,0,0,0,0,0,-1,-1,0,0,0,0,-1,-1,-1,-1,-1,-1,-1,-1,-1,-1,-1,-1,-1,-1,-1,-1,0,0,0,0,0,-1,0,0,0,-1,0,-1,[0|0|0|0|0|0|0|0]
1800201,,462162,-1,-1,-1,-1,-1,-1,-1,-1,6,-1,-1,0,0,3,40,0,0,0,0,0,0,0,0,0,0,0,0,0,0,0,0,-1,-1,0,0,0,0,-1,-1,-1,-1,-1,-1,-1,-1,-1,-1,-1,-1,-1,-1,-1,-1,0,0,0,0,0,-1,0,0,0,-1,0,-1,[0|0|0|0|0|0|0|0]
1800300,,462210,-1,525813,-1,-1,-1,-1,-1,-1,905,-1,-1,0,0,3,40,0,0,0,0,0,0,0,0,0,0,0,0,0,0,0,0,-1,-1,0,0,0,0,-1,-1,-1,-1,-1,-1,-1,-1,-1,-1,-1,-1,-1,-1,-1,-1,0,0,0,0,0,-1,0,0,0,-1,0,-1,[0|0|0|0|0|0|0|0]
1801200,,462370,-1,-1,-1,-1,-1,-1,-1,-1,905,-1,-1,0,0,3,40,0,0,0,0,0,0,0,0,0,0,0,0,0,0,0,0,-1,-1,0,0,0,0,-1,-1,-1,-1,-1,-1,-1,-1,-1,-1,-1,-1,-1,-1,-1,-1,0,0,0,0,0,-1,0,0,0,-1,0,-1,[0|0|0|0|0|0|0|0]
1801210,,462380,-1,-1,-1,-1,-1,-1,-1,-1,905,-1,-1,0,0,3,40,1,0,0,0,0,0,0,0,0,0,0,0,0,0,0,0,-1,-1,0,0,0,0,-1,-1,-1,-1,-1,-1,-1,-1,-1,-1,-1,-1,-1,-1,-1,-1,0,0,0,0,0,-1,0,0,0,-1,0,-1,[0|0|0|0|0|0|0|0]
1801500,,462510,-1,-1,-1,-1,-1,-1,-1,-1,905,-1,-1,0,0,3,40,0,0,0,0,0,0,0,0,0,0,1,0,0,0,0,0,-1,-1,0,0,0,0,-1,-1,-1,-1,-1,-1,-1,-1,-1,-1,-1,-1,-1,-1,-1,-1,0,0,0,0,0,-1,0,0,0,-1,0,-1,[0|0|0|0|0|0|0|0]
1802111,,462621,-1,-1,-1,-1,-1,-1,-1,-1,220,-1,-1,0,0,3,50,0,0,0,0,0,0,0,0,0,0,0,0,0,0,0,0,-1,-1,0,0,0,0,-1,-1,-1,-1,-1,-1,-1,-1,-1,-1,-1,-1,-1,-1,-1,-1,0,0,0,0,0,-1,0,0,0,-1,0,-1,[0|0|0|0|0|0|0|0]
1802121,,462620,-1,-1,-1,-1,-1,-1,-1,-1,220,-1,-1,0,0,0,0,0,0,0,0,0,0,0,0,0,0,0,0,0,0,0,0,-1,-1,0,0,0,0,-1,-1,-1,-1,-1,-1,-1,-1,-1,-1,-1,-1,-1,-1,-1,-1,0,0,0,0,0,-1,0,0,0,-1,0,-1,[0|0|0|0|0|0|0|0]
1802300,,-1,-1,-1,-1,462702,462702,-1,-1,-1,-1,-1,200,0,0,7,6,0,0,0,0,0,0,0,0,0,0,0,0,1,0,0,0,-1,-1,0,0,0,0,-1,-1,-1,-1,-1,-1,-1,-1,-1,-1,-1,-1,-1,-1,-1,-1,0,0,0,7,0,-1,0,0,0,-1,0,-1,[0|0|0|0|0|0|0|0]
5031401,,-1,-1,320160,-1,-1,-1,-1,-1,-1,-1,220,-1,0,0,0,0,0,0,0,0,0,0,0,0,0,0,0,0,0,0,0,0,-1,-1,0,0,0,0,-1,-1,-1,-1,-1,-1,-1,-1,-1,-1,-1,-1,-1,-1,-1,-1,0,0,0,0,0,-1,0,0,0,0,0,-1,[0|0|0|0|0|0|0|0]
5031601,,-1,-1,320170,-1,-1,-1,-1,-1,-1,-1,220,-1,0,0,0,0,0,0,0,0,0,0,0,0,0,0,0,0,0,0,0,0,-1,-1,0,0,0,0,-1,-1,-1,-1,-1,-1,-1,-1,-1,-1,-1,-1,-1,-1,-1,-1,0,0,0,0,0,-1,0,0,0,0,0,-1,[0|0|0|0|0|0|0|0]
5071101,,-1,-1,320160,-1,-1,-1,-1,-1,-1,-1,220,-1,0,0,0,0,0,0,0,0,0,0,0,0,0,0,0,0,0,0,0,0,-1,-1,0,0,0,0,-1,-1,-1,-1,-1,-1,-1,-1,-1,-1,-1,-1,-1,-1,-1,-1,0,0,0,0,0,-1,0,0,0,0,0,-1,[0|0|0|0|0|0|0|0]
5120101,,-1,-1,320160,-1,-1,-1,-1,-1,-1,-1,220,-1,0,0,0,0,0,0,0,0,0,0,0,0,0,0,0,0,0,0,0,0,-1,-1,0,0,0,0,-1,-1,-1,-1,-1,-1,-1,-1,-1,-1,-1,-1,-1,-1,-1,-1,0,0,0,0,0,-1,0,0,0,0,0,-1,[0|0|0|0|0|0|0|0]
5141101,,-1,-1,320170,-1,-1,-1,-1,-1,-1,-1,220,-1,0,0,0,0,0,0,0,0,0,0,0,0,0,0,0,0,0,0,0,0,-1,-1,0,0,0,0,-1,-1,-1,-1,-1,-1,-1,-1,-1,-1,-1,-1,-1,-1,-1,-1,0,0,0,0,0,-1,0,0,0,0,0,-1,[0|0|0|0|0|0|0|0]
6018010,,-1,-1,-1,-1,-1,-1,-1,-1,-1,-1,-1,-1,0,0,0,0,0,0,0,0,0,0,0,0,0,1,0,0,0,0,0,0,-1,-1,0,0,0,0,-1,-1,-1,-1,-1,-1,-1,-1,-1,-1,-1,-1,-1,-1,-1,-1,0,0,0,0,0,-1,0,0,0,0,0,-1,[0|0|0|0|0|0|0|0]
6068001,,4500,-1,-1,-1,-1,-1,-1,-1,-1,905,-1,-1,0,0,0,0,0,0,0,0,0,0,0,0,0,0,0,0,0,0,0,0,-1,-1,0,0,0,0,-1,-1,-1,-1,-1,-1,-1,-1,-1,-1,-1,-1,-1,-1,-1,-1,0,0,0,0,0,-1,0,0,0,-1,0,-1,[0|0|0|0|0|0|0|0]
6069000,,330401,-1,-1,-1,-1,-1,-1,-1,-1,905,-1,-1,0,0,3,65,0,0,0,0,0,0,0,0,0,0,0,0,0,0,0,0,-1,-1,0,0,0,0,-1,-1,-1,-1,-1,-1,-1,-1,-1,-1,-1,-1,-1,-1,-1,-1,0,0,0,0,0,-1,0,0,0,-1,0,-1,[0|0|0|0|0|0|0|0]
6201001,,4500,524402,525083,-1,-1,-1,-1,-1,-1,905,220,-1,0,0,0,0,0,0,0,0,0,0,0,0,0,0,0,0,0,0,0,0,-1,-1,0,0,0,0,-1,-1,-1,-1,-1,-1,-1,-1,-1,-1,-1,-1,-1,-1,-1,-1,0,0,0,0,0,-1,0,0,0,-1,0,-1,[0|0|0|0|0|0|0|0]
6202001,,4500,-1,-1,-1,-1,-1,-1,-1,-1,905,-1,-1,0,0,0,0,0,0,0,0,0,0,0,0,0,0,0,0,0,0,0,0,-1,-1,0,0,0,0,-1,-1,-1,-1,-1,-1,-1,-1,-1,-1,-1,-1,-1,-1,-1,-1,0,0,0,0,0,-1,0,0,0,-1,0,-1,[0|0|0|0|0|0|0|0]
7000000,,6100,-1,-1,-1,-1,-1,-1,-1,-1,-1,-1,-1,0,0,0,0,0,0,0,0,0,0,0,0,0,0,0,0,0,0,0,0,-1,-1,0,0,0,0,-1,-1,-1,-1,-1,-1,-1,-1,-1,-1,-1,-1,-1,-1,-1,-1,0,0,0,0,0,-1,0,0,0,-1,0,-1,[0|0|0|0|0|0|0|0]
7000001,,807380,-1,-1,-1,-1,-1,-1,-1,-1,-1,-1,-1,0,0,0,0,0,0,0,0,0,0,0,0,0,0,0,0,0,0,0,0,-1,-1,0,0,0,0,-1,-1,-1,-1,-1,-1,-1,-1,-1,-1,-1,-1,-1,-1,-1,-1,0,0,0,0,0,-1,0,0,0,-1,0,-1,[0|0|0|0|0|0|0|0]
7000002,,807382,-1,-1,-1,-1,-1,-1,-1,-1,-1,-1,-1,0,0,0,0,0,0,0,0,0,0,0,0,0,0,0,0,0,0,0,0,-1,-1,0,0,0,0,-1,-1,-1,-1,-1,-1,-1,-1,-1,-1,-1,-1,-1,-1,-1,-1,0,0,0,0,0,-1,0,0,0,-1,0,-1,[0|0|0|0|0|0|0|0]
7000003,,810045,-1,-1,-1,-1,-1,-1,-1,-1,-1,-1,-1,0,0,0,0,0,0,0,0,0,0,0,0,0,0,0,0,0,0,0,0,-1,-1,0,0,0,0,-1,-1,-1,-1,-1,-1,-1,-1,-1,-1,-1,-1,-1,-1,-1,-1,0,0,0,0,0,-1,0,0,0,-1,0,-1,[0|0|0|0|0|0|0|0]
7000004,,6103,-1,-1,-1,-1,-1,-1,-1,-1,-1,-1,-1,0,0,0,0,0,0,0,0,0,0,0,0,0,0,0,0,0,0,0,0,-1,-1,0,0,0,0,-1,-1,-1,-1,-1,-1,-1,-1,-1,-1,-1,-1,-1,-1,-1,-1,0,0,0,0,0,-1,0,0,0,-1,0,-1,[0|0|0|0|0|0|0|0]
7000005,,810046,-1,-1,-1,-1,-1,-1,-1,-1,-1,-1,-1,0,0,0,0,0,0,0,0,0,0,0,0,0,0,0,0,0,0,0,0,-1,-1,0,0,0,0,-1,-1,-1,-1,-1,-1,-1,-1,-1,-1,-1,-1,-1,-1,-1,-1,0,0,0,0,0,-1,0,0,0,-1,0,-1,[0|0|0|0|0|0|0|0]
7000006,,813065,-1,-1,-1,-1,-1,-1,-1,-1,-1,-1,-1,0,0,0,0,0,0,0,0,0,0,0,0,0,0,0,0,0,0,0,0,-1,-1,0,0,0,0,-1,-1,-1,-1,-1,-1,-1,-1,-1,-1,-1,-1,-1,-1,-1,-1,0,0,0,0,0,-1,0,0,0,-1,0,-1,[0|0|0|0|0|0|0|0]
7000007,,810730,-1,-1,-1,-1,-1,-1,-1,-1,-1,-1,-1,0,0,0,0,0,0,0,0,0,0,0,0,0,0,0,0,0,0,0,0,-1,-1,0,0,0,0,-1,-1,-1,-1,-1,-1,-1,-1,-1,-1,-1,-1,-1,-1,-1,-1,0,0,0,0,0,-1,0,0,0,-1,0,-1,[0|0|0|0|0|0|0|0]
7000010,,-1,-1,-1,-1,-1,-1,-1,-1,-1,-1,-1,-1,0,0,0,0,0,0,0,0,0,0,0,0,0,0,0,0,0,0,0,0,-1,-1,0,0,0,0,-1,-1,-1,-1,-1,-1,-1,-1,-1,-1,-1,-1,-1,-1,-1,-1,0,0,0,0,0,-1,0,0,0,-1,0,100200,[0|0|128|63|0|0|0|0]
7000011,,-1,-1,-1,-1,-1,-1,-1,-1,-1,-1,-1,-1,0,0,0,0,0,0,0,0,0,0,0,0,0,0,0,0,0,0,0,0,-1,-1,0,0,0,0,-1,-1,-1,-1,-1,-1,-1,-1,-1,-1,-1,-1,-1,-1,-1,-1,0,0,0,0,0,-1,0,0,0,-1,0,1001,[0|0|128|63|0|0|0|0]
7000020,,463211,-1,-1,-1,-1,-1,-1,-1,-1,500,-1,-1,0,0,0,0,0,0,0,0,0,0,0,0,0,0,0,0,0,0,0,0,-1,-1,0,0,0,0,-1,-1,-1,-1,-1,-1,-1,-1,-1,-1,-1,-1,-1,-1,-1,-1,0,0,0,0,0,-1,0,0,0,-1,0,-1,[0|0|0|0|0|0|0|0]
7000100,,303131,303131,-1,-1,-1,-1,-1,-1,-1,-1,-1,-1,1,0,0,0,0,0,0,0,0,0,0,0,0,0,0,0,0,0,1,0,-1,-1,0,0,0,0,5300,-1,5310,-1,5320,-1,5330,-1,-1,-1,-1,-1,-1,-1,-1,-1,0,0,0,0,0,-1,0,0,0,-1,0,-1,[0|0|0|0|0|0|0|0]
7000200,,-1,-1,-1,-1,-1,-1,-1,-1,-1,-1,-1,-1,0,0,0,0,0,0,0,0,0,0,0,0,0,0,0,0,0,0,0,0,-1,-1,0,0,0,0,-1,-1,-1,-1,-1,-1,-1,-1,-1,-1,-1,-1,-1,-1,-1,-1,0,0,0,0,0,-1,0,0,0,-1,0,10011,[0|0|128|63|0|0|0|0]
7000201,,-1,-1,-1,-1,-1,-1,-1,-1,-1,-1,-1,-1,0,0,0,0,0,0,0,0,0,0,0,0,0,0,0,0,0,0,0,0,-1,-1,0,0,0,0,-1,-1,-1,-1,-1,-1,-1,-1,-1,-1,-1,-1,-1,-1,-1,-1,0,0,0,0,0,-1,0,0,0,-1,0,10012,[0|0|128|63|0|0|0|0]
7000202,,-1,-1,-1,-1,-1,-1,-1,-1,-1,-1,-1,-1,0,0,0,0,0,0,0,0,0,0,0,0,0,0,0,0,0,0,0,0,-1,-1,0,0,0,0,-1,-1,-1,-1,-1,-1,-1,-1,-1,-1,-1,-1,-1,-1,-1,-1,0,0,0,0,0,-1,0,0,0,-1,0,10013,[0|0|128|63|0|0|0|0]
7000203,,-1,-1,-1,-1,-1,-1,-1,-1,-1,-1,-1,-1,0,0,0,0,0,0,0,0,0,0,0,0,0,0,0,0,0,0,0,0,-1,-1,0,0,0,0,-1,-1,-1,-1,-1,-1,-1,-1,-1,-1,-1,-1,-1,-1,-1,-1,0,0,0,0,0,-1,0,0,0,-1,0,10014,[0|0|128|63|0|0|0|0]
7000204,,-1,-1,-1,-1,-1,-1,-1,-1,-1,-1,-1,-1,0,0,0,0,0,0,0,0,0,0,0,0,0,0,0,0,0,0,0,0,-1,-1,0,0,0,0,-1,-1,-1,-1,-1,-1,-1,-1,-1,-1,-1,-1,-1,-1,-1,-1,0,0,0,0,0,-1,0,0,0,-1,0,10015,[0|0|128|63|0|0|0|0]
7000205,,-1,-1,-1,-1,-1,-1,-1,-1,-1,-1,-1,-1,0,0,0,0,0,0,0,0,0,0,0,0,0,0,0,0,0,0,0,0,-1,-1,0,0,0,0,-1,-1,-1,-1,-1,-1,-1,-1,-1,-1,-1,-1,-1,-1,-1,-1,0,0,0,0,0,-1,0,0,0,-1,0,10016,[0|0|128|63|0|0|0|0]
7000206,,-1,-1,-1,-1,-1,-1,-1,-1,-1,-1,-1,-1,0,0,0,0,0,0,0,0,0,0,0,0,0,0,0,0,0,0,0,0,-1,-1,0,0,0,0,-1,-1,-1,-1,-1,-1,-1,-1,-1,-1,-1,-1,-1,-1,-1,-1,0,0,0,0,0,-1,0,0,0,-1,0,10017,[0|0|128|63|0|0|0|0]
7000207,,-1,-1,-1,-1,-1,-1,-1,-1,-1,-1,-1,-1,0,0,0,0,0,0,0,0,0,0,0,0,0,0,0,0,0,0,0,0,-1,-1,0,0,0,0,-1,-1,-1,-1,-1,-1,-1,-1,-1,-1,-1,-1,-1,-1,-1,-1,0,0,0,0,0,-1,0,0,0,-1,0,10018,[0|0|128|63|0|0|0|0]
7000208,,-1,-1,-1,-1,-1,-1,-1,-1,-1,-1,-1,-1,0,0,0,0,0,0,0,0,0,0,0,0,0,0,0,0,0,0,0,0,-1,-1,0,0,0,0,-1,-1,-1,-1,-1,-1,-1,-1,-1,-1,-1,-1,-1,-1,-1,-1,0,0,0,0,0,-1,0,0,0,-1,0,10019,[0|0|128|63|0|0|0|0]
7000209,,-1,-1,-1,-1,-1,-1,-1,-1,-1,-1,-1,-1,0,0,0,0,0,0,0,0,0,0,0,0,0,0,0,0,0,0,0,0,-1,-1,0,0,0,0,-1,-1,-1,-1,-1,-1,-1,-1,-1,-1,-1,-1,-1,-1,-1,-1,0,0,0,0,0,-1,0,0,0,-1,0,10020,[0|0|128|63|0|0|0|0]
7000210,,-1,-1,-1,-1,-1,-1,-1,-1,-1,-1,-1,-1,0,0,0,0,0,0,0,0,0,0,0,0,0,0,0,0,0,0,0,0,-1,-1,0,0,0,0,-1,-1,-1,-1,-1,-1,-1,-1,-1,-1,-1,-1,-1,-1,-1,-1,0,0,0,0,0,-1,0,0,0,-1,0,10021,[0|0|128|63|0|0|0|0]
7000220,,-1,-1,-1,-1,-1,-1,-1,-1,-1,-1,-1,-1,0,0,0,0,0,0,0,0,0,0,0,0,0,0,0,0,0,0,0,0,-1,-1,0,0,0,0,-1,-1,-1,-1,-1,-1,-1,-1,-1,-1,-1,-1,-1,-1,-1,-1,0,0,0,0,0,-1,0,0,0,-1,0,10025,[0|0|128|63|0|0|0|0]
7000300,,-1,-1,-1,-1,-1,-1,-1,-1,-1,-1,-1,-1,0,0,0,0,0,0,0,0,0,0,0,0,0,0,0,0,0,0,0,0,-1,-1,0,0,0,0,-1,-1,-1,-1,-1,-1,-1,-1,-1,-1,-1,-1,-1,-1,-1,-1,0,2,0,0,340,-1,0,0,0,-1,0,100200,[0|0|128|63|0|0|0|0]
7000400,,-1,-1,-1,-1,-1,-1,-1,-1,-1,-1,-1,-1,0,0,0,0,0,0,0,0,0,0,0,0,0,0,0,0,0,0,0,0,-1,-1,0,0,0,0,-1,-1,-1,-1,-1,-1,-1,-1,-1,-1,-1,-1,-1,-1,-1,-1,0,0,0,0,0,-1,0,0,0,-1,0,10022,[0|0|128|63|0|0|0|0]
7001000,,815605,-1,-1,-1,-1,-1,-1,-1,-1,-1,220,-1,0,0,0,0,0,0,0,0,0,0,0,0,0,0,0,0,0,0,0,0,-1,-1,0,0,0,0,-1,-1,-1,-1,-1,-1,-1,-1,-1,-1,-1,-1,-1,-1,-1,-1,0,0,0,0,0,-1,0,0,0,-1,0,-1,[0|0|0|0|0|0|0|0]
7001001,,815606,-1,-1,-1,-1,-1,-1,-1,-1,-1,220,-1,0,0,0,0,0,0,0,0,0,0,0,0,0,0,0,0,0,0,0,0,-1,-1,0,0,0,0,-1,-1,-1,-1,-1,-1,-1,-1,-1,-1,-1,-1,-1,-1,-1,-1,0,0,0,0,0,-1,0,0,0,-1,0,-1,[0|0|0|0|0|0|0|0]
7001002,,815607,-1,-1,-1,-1,-1,-1,-1,-1,-1,220,-1,0,0,0,0,0,0,0,0,0,0,0,0,0,0,0,0,0,0,0,0,-1,-1,0,0,0,0,-1,-1,-1,-1,-1,-1,-1,-1,-1,-1,-1,-1,-1,-1,-1,-1,0,0,0,0,0,-1,0,0,0,-1,0,-1,[0|0|0|0|0|0|0|0]
8031500,,303122,303122,-1,-1,-1,-1,-1,-1,-1,-1,-1,-1,1,19,0,0,0,0,0,0,0,0,0,0,0,0,0,0,0,0,1,0,-1,-1,0,0,19,0,10300,-1,11300,-1,10310,-1,11310,-1,10320,-1,11320,-1,10330,-1,11330,-1,0,0,0,0,0,-1,0,0,0,-1,0,-1,[0|0|0|0|0|0|0|0]
8031501,,303122,303122,-1,-1,-1,-1,-1,-1,-1,-1,-1,-1,2,19,0,0,0,0,0,0,0,0,0,0,0,0,0,0,0,0,1,0,-1,-1,0,0,19,0,20300,-1,21300,-1,20310,-1,21310,-1,20320,-1,21320,-1,20330,-1,21330,-1,0,0,0,0,0,-1,0,0,0,-1,0,-1,[0|0|0|0|0|0|0|0]
8031900,,-1,-1,334480,-1,-1,-1,-1,-1,-1,-1,220,-1,0,0,0,0,0,0,0,0,0,0,0,0,0,0,0,0,0,0,0,0,-1,-1,0,0,0,0,-1,-1,-1,-1,-1,-1,-1,-1,-1,-1,-1,-1,-1,-1,-1,-1,0,0,0,0,0,-1,0,0,0,-1,0,-1,[0|0|0|0|0|0|0|0]
8032700,,-1,-1,301271,301271,-1,-1,-1,-1,-1,-1,905,-1,0,0,0,0,0,0,0,0,0,0,0,0,0,0,0,0,0,0,0,0,-1,-1,0,0,0,0,-1,-1,-1,-1,-1,-1,-1,-1,-1,-1,-1,-1,-1,-1,-1,-1,0,0,0,0,0,-1,0,0,0,0,0,-1,[0|0|0|0|0|0|0|0]
8032701,,4500,524402,-1,-1,-1,-1,-1,-1,-1,905,-1,-1,0,0,0,0,0,0,0,0,0,0,0,0,0,0,0,0,0,0,0,0,-1,-1,0,0,0,0,-1,-1,-1,-1,-1,-1,-1,-1,-1,-1,-1,-1,-1,-1,-1,-1,0,0,0,0,0,-1,0,0,0,0,0,-1,[0|0|0|0|0|0|0|0]
8032710,,-1,-1,301201,301201,-1,-1,-1,-1,-1,-1,905,-1,0,0,0,0,0,0,0,0,0,0,0,0,0,0,0,0,0,0,0,0,-1,-1,0,0,0,0,-1,-1,-1,-1,-1,-1,-1,-1,-1,-1,-1,-1,-1,-1,-1,-1,0,0,0,0,0,-1,0,0,0,0,0,-1,[0|0|0|0|0|0|0|0]
8032720,,-1,-1,301251,301251,-1,-1,-1,-1,-1,-1,905,-1,0,0,0,0,0,0,0,0,0,0,0,0,0,0,0,0,0,0,0,0,-1,-1,0,0,0,0,-1,-1,-1,-1,-1,-1,-1,-1,-1,-1,-1,-1,-1,-1,-1,-1,0,0,0,0,0,-1,0,0,0,0,0,-1,[0|0|0|0|0|0|0|0]
8032730,,-1,-1,301261,301261,-1,-1,-1,-1,-1,-1,905,-1,0,0,0,0,0,0,0,0,0,0,0,0,0,0,0,0,0,0,0,0,-1,-1,0,0,0,0,-1,-1,-1,-1,-1,-1,-1,-1,-1,-1,-1,-1,-1,-1,-1,-1,0,0,0,0,0,-1,0,0,0,0,0,-1,[0|0|0|0|0|0|0|0]
8032902,,4080,-1,-1,-1,-1,-1,-1,-1,-1,220,-1,-1,0,0,0,0,1,1,0,0,0,0,0,0,0,0,0,0,0,1,0,0,-1,-1,0,3,0,0,-1,-1,-1,-1,-1,-1,-1,-1,-1,-1,-1,-1,-1,-1,-1,-1,0,0,0,0,0,-1,0,0,0,-1,0,-1,[0|0|0|0|0|0|0|0]
8034102,,331000,-1,-1,301002,-1,-1,-1,-1,-1,220,-1,-1,0,0,0,0,0,0,0,0,0,0,0,0,0,0,0,0,0,0,0,0,-1,-1,0,0,0,0,-1,-1,-1,-1,-1,-1,-1,-1,-1,-1,-1,-1,-1,-1,-1,-1,0,0,0,0,0,-1,0,0,0,-1,0,-1,[0|0|0|0|0|0|0|0]
8035102,,301202,524402,301201,301201,-1,-1,-1,-1,-1,220,905,-1,0,0,3,80,0,0,0,0,0,0,0,0,0,0,0,0,0,0,0,0,-1,-1,0,0,0,0,-1,-1,-1,-1,-1,-1,-1,-1,-1,-1,-1,-1,-1,-1,-1,-1,0,0,0,0,0,-1,0,0,0,-1,0,-1,[0|0|0|0|0|0|0|0]
8036901,,4500,524402,301271,-1,-1,-1,-1,-1,-1,905,905,-1,0,0,0,0,0,0,0,0,0,0,0,0,0,0,0,0,1,0,0,0,-1,-1,0,0,0,0,-1,-1,-1,-1,-1,-1,-1,-1,-1,-1,-1,-1,-1,-1,-1,-1,0,0,0,0,0,-1,0,0,0,-1,0,-1,[0|0|0|0|0|0|0|0]
8037701,,-1,-1,301271,-1,-1,-1,-1,-1,-1,-1,905,-1,0,0,0,0,0,0,0,0,0,0,0,0,0,0,0,0,0,0,0,0,-1,-1,0,0,0,0,-1,-1,-1,-1,-1,-1,-1,-1,-1,-1,-1,-1,-1,-1,-1,-1,0,0,0,0,0,-1,0,0,0,-1,0,-1,[0|0|0|0|0|0|0|0]
8037800,,-1,-1,334490,-1,-1,-1,-1,-1,-1,-1,905,-1,0,0,0,0,0,0,0,0,0,0,0,0,0,0,0,0,0,0,0,0,-1,-1,0,0,0,0,-1,-1,-1,-1,-1,-1,-1,-1,-1,-1,-1,-1,-1,-1,-1,-1,0,0,0,0,0,-1,0,0,0,-1,0,-1,[0|0|0|0|0|0|0|0]
8039900,,4500,-1,-1,-1,-1,-1,-1,-1,-1,905,-1,-1,0,0,0,0,0,0,0,0,0,0,0,0,0,0,0,0,0,0,0,0,-1,-1,0,0,0,0,-1,-1,-1,-1,-1,-1,-1,-1,-1,-1,-1,-1,-1,-1,-1,-1,0,0,0,0,0,-1,0,0,0,-1,0,-1,[0|0|0|0|0|0|0|0]
8500101,Guardian: Damage Negation VFX,460461,-1,-1,-1,-1,-1,-1,-1,-1,905,-1,-1,0,0,3,70,0,0,0,0,0,0,0,0,0,0,0,0,0,0,0,0,-1,-1,0,0,0,0,-1,-1,-1,-1,-1,-1,-1,-1,-1,-1,-1,-1,-1,-1,-1,-1,0,0,0,0,0,-1,0,0,0,0,0,-1,[0|0|0|0|0|0|0|0]
8500202,Ironeye: Poison Damage VFX,463240,-1,-1,-1,-1,-1,-1,-1,-1,220,-1,-1,0,0,0,0,1,0,0,0,0,0,0,0,0,0,0,0,0,1,0,0,-1,-1,0,0,0,0,-1,-1,-1,-1,-1,-1,-1,-1,-1,-1,-1,-1,-1,-1,-1,-1,0,0,0,0,0,-1,0,0,0,-1,0,-1,[0|0|0|0|0|0|0|0]
8500300,Duchess: Invulerability VFX,460870,-1,-1,-1,-1,-1,-1,-1,-1,905,-1,-1,0,0,1,20,0,0,0,0,0,0,0,0,0,1,0,0,0,0,0,0,-1,-1,0,0,0,0,-1,-1,-1,-1,-1,-1,-1,-1,-1,-1,-1,-1,-1,-1,-1,-1,0,0,0,0,0,-1,0,0,0,-1,0,-1,[0|0|0|0|0|0|0|0]
8500401,Raider: Enemy Attack Debuff VFX,4960,-1,-1,-1,-1,-1,-1,-1,-1,905,-1,-1,0,0,4,34,1,0,0,0,0,0,0,0,0,0,0,0,0,0,0,0,-1,-1,0,0,0,0,-1,-1,-1,-1,-1,-1,-1,-1,-1,-1,-1,-1,-1,-1,-1,-1,0,0,0,0,0,-1,0,0,0,-1,0,-1,[0|0|0|0|0|0|0|0]
8500501,Revenant: Max FP Increase VFX,-1,-1,461360,-1,-1,-1,-1,-1,-1,-1,8,-1,0,0,0,0,0,0,0,0,0,0,0,0,0,0,0,0,0,0,0,0,-1,-1,0,0,0,0,-1,-1,-1,-1,-1,-1,-1,-1,-1,-1,-1,-1,-1,-1,-1,-1,0,0,0,0,0,-1,0,0,0,-1,0,-1,[0|0|0|0|0|0|0|0]
8500601,Recluse: Magic Negation VFX,4710,-1,-1,-1,-1,-1,-1,-1,-1,905,-1,-1,0,0,3,70,0,0,0,0,0,0,0,0,0,0,1,0,0,0,0,0,-1,-1,0,0,0,0,-1,-1,-1,-1,-1,-1,-1,-1,-1,-1,-1,-1,-1,-1,-1,-1,0,0,0,0,0,-1,0,0,0,-1,0,-1,[0|0|0|0|0|0|0|0]
8500602,Recluse: Fire Negation VFX,4720,-1,-1,-1,-1,-1,-1,-1,-1,905,-1,-1,0,0,3,70,0,0,0,0,0,0,0,0,0,0,1,0,0,0,0,0,-1,-1,0,0,0,0,-1,-1,-1,-1,-1,-1,-1,-1,-1,-1,-1,-1,-1,-1,-1,-1,0,0,0,0,0,-1,0,0,0,-1,0,-1,[0|0|0|0|0|0|0|0]
8500603,Recluse: Lightning Negation VFX,4730,-1,-1,-1,-1,-1,-1,-1,-1,905,-1,-1,0,0,3,70,0,0,0,0,0,0,0,0,0,0,1,0,0,0,0,0,-1,-1,0,0,0,0,-1,-1,-1,-1,-1,-1,-1,-1,-1,-1,-1,-1,-1,-1,-1,-1,0,0,0,0,0,-1,0,0,0,-1,0,-1,[0|0|0|0|0|0|0|0]
8500604,Recluse: Holy Negation VFX,4740,-1,-1,-1,-1,-1,-1,-1,-1,905,-1,-1,0,0,3,70,0,0,0,0,0,0,0,0,0,0,1,0,0,0,0,0,-1,-1,0,0,0,0,-1,-1,-1,-1,-1,-1,-1,-1,-1,-1,-1,-1,-1,-1,-1,-1,0,0,0,0,0,-1,0,0,0,-1,0,-1,[0|0|0|0|0|0|0|0]
8500701,Executor: HP Restore VFX,4610,-1,-1,-1,-1,-1,-1,-1,-1,220,-1,-1,0,0,3,59,0,0,0,0,0,0,0,0,0,0,0,0,0,0,0,0,-1,-1,0,0,0,0,-1,-1,-1,-1,-1,-1,-1,-1,-1,-1,-1,-1,-1,-1,-1,-1,0,0,0,0,0,-1,0,0,0,-1,0,-1,[0|0|0|0|0|0|0|0]
8600000,Sleep Proximity - Attack Buff VFX,4500,524402,301037,-1,-1,-1,-1,-1,-1,905,220,-1,0,0,0,0,0,0,0,0,0,0,0,0,0,0,0,0,0,0,0,0,-1,-1,0,0,0,0,-1,-1,-1,-1,-1,-1,-1,-1,-1,-1,-1,-1,-1,-1,-1,-1,0,0,0,0,0,-1,0,0,0,-1,0,-1,[0|0|0|0|0|0|0|0]
8600100,Madness Proximity - Attack Buff VFX,4500,524402,301043,-1,-1,-1,-1,-1,-1,905,220,-1,0,0,0,0,0,0,0,0,0,0,0,0,0,0,0,0,0,0,0,0,-1,-1,0,0,0,0,-1,-1,-1,-1,-1,-1,-1,-1,-1,-1,-1,-1,-1,-1,-1,-1,0,0,0,0,0,-1,0,0,0,-1,0,-1,[0|0|0|0|0|0|0|0]
9810200,,4420,4900,-1,-1,-1,-1,-1,-1,-1,220,-1,-1,0,0,0,0,1,0,0,0,0,0,0,0,0,0,0,0,0,0,0,0,-1,-1,0,0,0,0,-1,-1,-1,-1,-1,-1,-1,-1,-1,-1,-1,-1,-1,-1,-1,-1,0,0,0,0,0,-1,0,0,0,-1,0,-1,[0|0|0|0|0|0|0|0]
18880200,Black Flame Weapon VFX (Left),303161,303161,-1,-1,-1,-1,-1,-1,-1,-1,-1,-1,2,17,0,0,0,0,0,0,0,0,0,0,0,0,0,0,0,0,1,0,-1,-1,0,0,17,0,20300,-1,21300,-1,20310,-1,21310,-1,20320,-1,21320,-1,20330,-1,21330,-1,0,0,0,0,0,-1,0,0,0,-1,0,-1,[0|0|0|0|0|0|0|0]
18883011,Projectiles Launched upon Attacks - VFX 1,334465,-1,-1,-1,-1,-1,-1,-1,-1,962,-1,-1,0,0,0,0,0,0,0,0,0,0,0,0,0,0,0,1,1,0,0,0,-1,-1,0,0,0,0,-1,-1,-1,-1,-1,-1,-1,-1,-1,-1,-1,-1,-1,-1,-1,-1,0,0,0,0,0,-1,0,0,0,-1,0,-1,[0|0|0|0|0|0|0|0]
18883012,Projectiles Launched upon Attacks - VFX 2,334465,-1,-1,-1,-1,-1,-1,-1,-1,963,-1,-1,0,0,0,0,0,0,0,0,0,0,0,0,0,0,0,1,1,0,0,0,-1,-1,0,0,0,0,-1,-1,-1,-1,-1,-1,-1,-1,-1,-1,-1,-1,-1,-1,-1,-1,0,0,0,0,0,-1,0,0,0,-1,0,-1,[0|0|0|0|0|0|0|0]
18883013,Projectiles Launched upon Attacks - VFX 3,334465,-1,-1,-1,-1,-1,-1,-1,-1,210,-1,-1,0,0,0,0,0,0,0,0,0,0,0,0,0,0,0,1,1,0,0,0,-1,-1,0,0,0,0,-1,-1,-1,-1,-1,-1,-1,-1,-1,-1,-1,-1,-1,-1,-1,-1,0,0,0,0,0,-1,0,0,0,-1,0,-1,[0|0|0|0|0|0|0|0]
18884200,Holy Ground - VFX 1,334140,-1,-1,-1,-1,-1,-1,-1,-1,1,-1,-1,0,0,0,0,0,0,0,0,0,0,0,0,0,0,0,1,1,0,0,0,-1,-1,0,0,0,0,-1,-1,-1,-1,-1,-1,-1,-1,-1,-1,-1,-1,-1,-1,-1,-1,0,0,0,0,0,-1,0,0,0,-1,0,-1,[0|0|0|0|0|0|0|0]
18884201,Holy Ground - VFX 2,334140,-1,-1,-1,-1,-1,-1,-1,-1,2,-1,-1,0,0,0,0,0,0,0,0,0,0,0,0,0,0,0,1,1,0,0,0,-1,-1,0,0,0,0,-1,-1,-1,-1,-1,-1,-1,-1,-1,-1,-1,-1,-1,-1,-1,-1,0,0,0,0,0,-1,0,0,0,-1,0,-1,[0|0|0|0|0|0|0|0]
18885000,,-1,-1,334150,-1,-1,-1,-1,-1,-1,-1,8,-1,0,0,0,0,0,0,0,0,0,0,0,0,0,0,0,0,0,0,0,0,-1,-1,0,0,0,0,-1,-1,-1,-1,-1,-1,-1,-1,-1,-1,-1,-1,-1,-1,-1,-1,0,0,0,0,0,-1,0,0,0,-1,0,-1,[0|0|0|0|0|0|0|0]
18885200,Attack Buff - VFX 1,334160,-1,-1,-1,-1,-1,-1,-1,-1,905,-1,-1,0,0,3,60,0,0,0,0,0,0,0,0,0,0,1,0,1,0,0,0,-1,-1,0,0,0,0,-1,-1,-1,-1,-1,-1,-1,-1,-1,-1,-1,-1,-1,-1,-1,-1,0,0,0,0,0,-1,0,0,0,-1,0,-1,[0|0|0|0|0|0|0|0]
18885201,Attack Buff - VFX 2,334161,-1,-1,-1,-1,-1,-1,-1,-1,905,-1,-1,0,0,3,60,0,0,0,0,0,0,0,0,0,0,1,1,1,0,0,0,-1,-1,0,0,0,0,-1,-1,-1,-1,-1,-1,-1,-1,-1,-1,-1,-1,-1,-1,-1,-1,0,0,0,0,0,-1,0,0,0,-1,0,-1,[0|0|0|0|0|0|0|0]
18885202,Attack Buff - VFX 3,334162,-1,-1,-1,-1,-1,-1,-1,-1,905,-1,-1,0,0,3,60,0,0,0,0,0,0,0,0,0,0,1,1,1,0,0,0,-1,-1,0,0,0,0,-1,-1,-1,-1,-1,-1,-1,-1,-1,-1,-1,-1,-1,-1,-1,-1,0,0,0,0,0,-1,0,0,0,-1,0,-1,[0|0|0|0|0|0|0|0]
18885210,Attack Buff - VFX,334165,-1,-1,-1,-1,-1,-1,-1,-1,1,-1,-1,0,0,0,0,0,0,0,0,0,0,0,0,0,0,0,1,1,0,0,0,-1,-1,0,0,0,0,-1,-1,-1,-1,-1,-1,-1,-1,-1,-1,-1,-1,-1,-1,-1,-1,0,0,0,0,0,-1,0,0,0,-1,0,-1,[0|0|0|0|0|0|0|0]
18885215,Attack Buff - VFX,334166,-1,-1,-1,-1,-1,-1,-1,-1,1,-1,-1,0,0,0,0,0,0,0,0,0,0,0,0,0,0,0,1,1,0,0,0,-1,-1,0,0,0,0,-1,-1,-1,-1,-1,-1,-1,-1,-1,-1,-1,-1,-1,-1,-1,-1,0,0,0,0,0,-1,0,0,0,-1,0,-1,[0|0|0|0|0|0|0|0]
18885216,Attack Buff - VFX,334167,-1,-1,-1,-1,-1,-1,-1,-1,1,-1,-1,0,0,0,0,0,0,0,0,0,0,0,0,0,0,0,1,1,0,0,0,-1,-1,0,0,0,0,-1,-1,-1,-1,-1,-1,-1,-1,-1,-1,-1,-1,-1,-1,-1,-1,0,0,0,0,0,-1,0,0,0,-1,0,-1,[0|0|0|0|0|0|0|0]
20050900,,658110,-1,-1,-1,-1,-1,-1,-1,-1,11,-1,-1,0,0,0,0,0,0,0,0,0,0,0,0,0,0,0,0,0,0,0,0,-1,-1,0,0,0,0,-1,-1,-1,-1,-1,-1,-1,-1,-1,-1,-1,-1,-1,-1,-1,-1,0,0,0,0,0,-1,0,0,0,-1,0,-1,[0|0|0|0|0|0|0|0]
999999999,,-1,-1,-1,-1,-1,-1,-1,-1,-1,-1,-1,-1,0,0,0,0,0,0,0,0,0,0,0,0,0,0,0,0,0,0,0,0,-1,-1,0,0,0,0,-1,-1,-1,-1,-1,-1,-1,-1,-1,-1,-1,-1,-1,-1,-1,-1,0,0,0,0,0,-1,0,0,0,-1,0,-1,[0|0|0|0|0|0|0|0]
