ID,Name,unknown_0,swordArtsId,chanceWeight,
0,(0% weight),1,-1,0
1,[Standard] No Skill,1,1,100
2,,1,-1,0
10,[Standard] No Skill,1,10,100
100,[Standard] Lion's Claw,1,100,100
101,[Standard] Impaling Thrust,1,101,100
102,[Standard] Piercing Fang,1,102,100
103,[Standard] Spinning Slash,1,103,100
105,[Standard] Charge Forth,1,105,100
106,[Standard] Stamp (Upward Cut),1,106,100
107,[Standard] Stamp (Sweep),1,107,100
108,[Blood] Blood Tax,1,108,100
109,[Standard] Repeating Thrust,1,109,100
110,[Standard] Wild Strikes,1,110,100
111,[Standard] Spinning Strikes,1,111,100
112,[Standard] Double Slash,1,112,100
113,[Fire] Prelate's Charge,1,113,100
114,[Standard] Unsheathe,1,114,100
115,[Standard] Square Off,1,115,100
116,[Standard] Giant Hunt,1,116,100
117,[Standard] Torch Attack,1,117,100
118,[Magic] Loretta's Slash,1,118,100
119,[Poison] Poison Moth Flight,1,119,100
120,[Magic] Spinning Weapon,1,120,100
122,[Standard] Storm Assault,1,122,100
123,[Standard] Stormcaller,1,123,100
124,[Standard] Sword Dance,1,124,100
125,[Standard] Spinning Chain,1,125,100
200,[Magic] Glintblade Phalanx,1,200,100
201,[Holy] Sacred Blade,1,201,100
202,[Frost] Ice Spear,1,202,100
203,[Magic] Glintstone Pebble,1,203,100
204,[Blood] Bloody Slash,1,204,100
205,[Blood] Lifesteal Fist,1,205,100
207,[Fire] Eruption,1,207,100
208,[Holy] Prayerful Strike,1,208,100
209,[Magic] Gravitas,1,209,100
210,[Standard] Storm Blade,1,210,100
212,[Standard] Earthshaker,1,212,100
213,[Holy] Golden Land,1,213,100
214,[Fire] Flaming Strike,1,214,100
216,[Lightning] Thunderbolt,1,216,100
217,[Lightning] Lightning Slash,1,217,100
218,[Magic] Carian Grandeur,1,218,100
219,[Magic] Carian Greatsword,1,219,100
220,[Standard] Vacuum Slice,1,220,100
221,[Fire] Black Flame Tornado,1,221,100
222,[Holy] Sacred Ring of Light,1,222,100
223,[Specific] Firebreather,1,223,100
224,[Blood] Blood Blade,1,224,100
225,[Standard] Phantom Slash,1,225,100
226,[Standard] Spectral Lance,1,226,100
227,[Frost] Chilling Mist,1,227,100
228,[Poison] Poisonous Mist,1,228,100
300,[Standard] Shield Bash,1,300,100
301,[Standard] Barricade Shield,1,301,100
302,[Standard] Parry,1,302,100
303,[Standard] Buckler Parry,1,303,100
305,[Magic] Carian Retaliation,1,305,100
306,[Standard] Storm Wall,1,306,100
307,[Holy] Golden Parry,1,307,100
308,[Standard] Shield Crash,1,308,100
309,[Magic] Thops's Barrier,1,309,100
400,[Standard] Through and Through,1,400,100
401,[Standard] Barrage,1,401,100
402,[Standard] Mighty Shot,1,402,100
404,[Standard] Enchanted Shot,1,404,100
405,[Standard] Sky Shot,1,405,100
406,[Standard] Rain of Arrows,1,406,100
501,[Frost] Hoarfrost Stomp,1,501,100
502,[Standard] Storm Stomp,1,502,100
503,[Standard] Kick,1,503,100
504,[Lightning] Lightning Ram,1,504,100
505,[Fire] Flame of the Redmanes,1,505,100
506,[Standard] Ground Slam,1,506,100
507,[Holy] Golden Slam,1,507,100
508,[Magic] Waves of Darkness,1,508,100
509,[Standard] Hoarah Loux's Earthshaker,1,509,100
600,[Standard] Determination,1,600,100
601,[Standard] Royal Knight's Resolve,1,601,100
602,[Standard] Assassin's Gambit,1,602,100
603,[Holy] Golden Vow,1,603,100
604,[Holy] Sacred Order,1,604,100
605,[Holy] Shared Order,1,605,100
606,[Blood] Seppuku,1,606,100
607,[Standard] Cragblade,1,607,100
650,[Standard] Barbaric Roar,1,650,100
651,[Standard] War Cry,1,651,100
652,[Standard] Beast's Roar,1,652,100
653,[Standard] Troll's Roar,1,653,100
654,[Standard] Braggart's Roar,1,654,100
700,[Standard] Endure,1,700,100
701,[Holy] Vow of the Indomitable,1,701,100
702,[Holy] Holy Ground,1,702,100
800,[Standard] Quickstep,1,800,100
801,[Standard] Bloodhound's Step,1,801,100
802,[Standard] Raptor of the Mists,1,802,100
850,[Standard] White Shadow's Lure,1,850,100
1000,[Specific] Surge of Faith,1,1000,100
1001,[Specific] Flame Spit,1,1001,100
1002,[Specific] Tongues of Fire,1,1002,100
1003,[Specific] Oracular Bubble,1,1003,100
1004,[Specific] Bubble Shower,1,1004,100
1005,[Specific] Great Oracular Bubble,1,1005,100
1006,[Specific] Sea of Magma,1,1006,100
1007,[Specific] Viper Bite,1,1007,100
1008,[Specific] Moonlight Greatsword,1,1008,100
1009,[Specific] Siluria's Woe,1,1009,100
1010,[Specific] Rallying Standard,1,1010,100
1011,[Specific] Bear Witness!,1,1011,100
1012,[Specific] Eochaid's Dancing Blade (Marais Executioner's Sword),1,1012,100
1013,[Specific] Soul Stifler,1,1013,100
1014,[Specific] Taker's Flames,1,1014,100
1015,[Specific] Shriek of Milos,1,1015,100
1016,[Specific] Reduvia Blood Blade,1,1016,100
1017,[Specific] Glintstone Dart,1,1017,100
1018,[Specific] Flowing Form,1,1018,100
1019,[Specific] Night-and-Flame Stance,1,1019,100
1020,[Specific] Wave of Gold,1,1020,100
1021,[Specific] Ruinous Ghostflame,1,1021,100
1022,[Specific] Establish Order,1,1022,100
1023,[Specific] Mists of Slumber,1,1023,100
1024,[Specific] Spearcall Ritual,1,1024,100
1025,[Specific] Wolf's Assault,1,1025,100
1026,[Specific] Thundercloud Form,1,1026,100
1027,[Specific] Cursed-Blood Slice,1,1027,100
1028,[Specific] Waterfowl Dance,1,1028,100
1029,[Specific] Gold Breaker,1,1029,100
1030,[Specific] I Command Thee- Kneel!,1,1030,100
1031,[Specific] Regal Roar,1,1031,100
1032,[Specific] Starcaller Cry,1,1032,100
1033,[Specific] Wave of Destruction,1,1033,100
1034,[Specific] Bloodboon Ritual,1,1034,100
1035,[Specific] Flowing Form,1,1035,100
1036,[Specific] Blade of Death,1,1036,100
1037,[Specific] Blade of Gold,1,1037,100
1038,[Specific] Destined Death,1,1038,100
1039,[Specific] Spinning Wheel,1,1039,100
1040,[Specific] Alabaster Lords' Pull,1,1040,100
1041,[Specific] Onyx Lords' Repulsion,1,1041,100
1042,[Specific] Oath of Vengeance,1,1042,100
1043,[Specific] Ice Lightning Sword,1,1043,100
1044,[Specific] Regal Beastclaw,1,1044,100
1045,[Specific] Flame Dance,1,1045,100
1046,[Specific] Claw Flick,1,1046,100
1047,[Specific] Nebula,1,1047,100
1048,[Specific] Ghostflame Ignition,1,1048,100
1049,[Specific] Ancient Lightning Spear,1,1049,100
1050,[Specific] Frenzyflame Thrust,1,1050,100
1051,[Specific] Miquella's Ring of Light,1,1051,100
1052,[Specific] Golden Tempering,1,1052,100
1053,[Specific] Last Rites,1,1053,100
1054,[Specific] Unblockable Blade,1,1054,100
1055,[Specific] Eochaid's Dancing Blade (Regalia of Eochaid),1,1055,100
1056,[Specific] Magic Dagger,1,1056,100
1165,[Specific] Loretta's Slash,1,1165,100
1166,[Specific] Spinning Slash,1,1166,100
1167,[Specific] Corpse Wax Cutter,1,1167,100
1168,[Specific] Zamor Ice Storm,1,1168,100
1169,[Specific] Radahn's Rain,1,1169,100
1170,[Specific] The Queen's Black Flame,1,1170,100
1171,[Specific] Dynast's Finesse,1,1171,100
1172,[Specific] Magma Shower,1,1172,100
1173,[Specific] Nebula,1,1173,100
1174,[Specific] Death Flare,1,1174,100
1175,[Specific] Bloodhound's Finesse,1,1175,100
1176,[Specific] Magma Guillotine,1,1176,100
1177,[Specific] Corpse Piler,1,1177,100
1178,[Specific] Transient Moonlight,1,1178,100
1179,[Specific] Bloodblade Dance,1,1179,100
1182,[Specific] Knowledge Above All,1,1182,100
1183,[Specific] Devourer of Worlds,1,1183,100
1184,[Specific] Familial Rancor,1,1184,100
1185,[Specific] Rosus's Summons,1,1185,100
1186,[Specific] Thunderstorm,1,1186,100
1187,[Specific] Sacred Phalanx,1,1187,100
1188,[Specific] Great-Serpent Hunt,1,1188,100
1189,[Specific] Angel's Wings,1,1189,100
1190,[Specific] Storm Kick,1,1190,100
1191,[Specific] Unblockable Blade,1,1191,100
1192,[Specific] Sorcery of the Crozier,1,1192,100
1193,[Specific] Erdtree Slam,1,1193,100
1194,[Specific] Gravity Bolt,1,1194,100
1195,[Specific] Fires of Slumber,1,1195,100
1196,[Specific] Golden Retaliation,1,1196,100
1197,[Specific] Contagious Fury,1,1197,100
1198,[Specific] Ordovis's Vortex,1,1198,100
1200,[Legendary] Storm Ruler,1,1200,100
10000000,<Dagger> [Standard] Impaling Thrust,1,101,100
10000000,<Dagger> [Standard] Spinning Slash,1,103,100
10000000,<Dagger> [Blood] Blood Tax,1,108,100
10000000,<Dagger> [Standard] Repeating Thrust,1,109,100
10000000,<Dagger> [Standard] Double Slash,1,112,100
10000000,<Dagger> [Poison] Poison Moth Flight,1,119,100
10000000,<Dagger> [Magic] Spinning Weapon,1,120,100
10000000,<Dagger> [Standard] Sword Dance,1,124,100
10000000,<Dagger> [Magic] Glintblade Phalanx,1,200,100
10000000,<Dagger> [Holy] Sacred Blade,1,201,100
10000000,<Dagger> [Magic] Glintstone Pebble,1,203,100
10000000,<Dagger> [Blood] Bloody Slash,1,204,100
10000000,<Dagger> [Standard] Storm Blade,1,210,100
10000000,<Dagger> [Fire] Flaming Strike,1,214,100
10000000,<Dagger> [Lightning] Thunderbolt,1,216,100
10000000,<Dagger> [Lightning] Lightning Slash,1,217,100
10000000,<Dagger> [Magic] Carian Grandeur,1,218,100
10000000,<Dagger> [Magic] Carian Greatsword,1,219,100
10000000,<Dagger> [Standard] Vacuum Slice,1,220,100
10000000,<Dagger> [Blood] Blood Blade,1,224,100
10000000,<Dagger> [Frost] Chilling Mist,1,227,100
10000000,<Dagger> [Poison] Poisonous Mist,1,228,100
10000000,<Dagger> [Standard] Parry,1,302,100
10000000,<Dagger> [Frost] Hoarfrost Stomp,1,501,100
10000000,<Dagger> [Standard] Storm Stomp,1,502,100
10000000,<Dagger> [Standard] Kick,1,503,100
10000000,<Dagger> [Lightning] Lightning Ram,1,504,100
10000000,<Dagger> [Fire] Flame of the Redmanes,1,505,100
10000000,<Dagger> [Standard] Ground Slam,1,506,100
10000000,<Dagger> [Holy] Golden Slam,1,507,100
10000000,<Dagger> [Standard] Hoarah Loux's Earthshaker,1,509,100
10000000,<Dagger> [Standard] Determination,1,600,100
10000000,<Dagger> [Standard] Royal Knight's Resolve,1,601,100
10000000,<Dagger> [Standard] Assassin's Gambit,1,602,100
10000000,<Dagger> [Holy] Golden Vow,1,603,100
10000000,<Dagger> [Holy] Sacred Order,1,604,100
10000000,<Dagger> [Holy] Shared Order,1,605,100
10000000,<Dagger> [Standard] Cragblade,1,607,100
10000000,<Dagger> [Standard] Beast's Roar,1,652,100
10000000,<Dagger> [Standard] Endure,1,700,100
10000000,<Dagger> [Standard] Quickstep,1,800,100
10000000,<Dagger> [Standard] Bloodhound's Step,1,801,100
10000000,<Dagger> [Standard] Raptor of the Mists,1,802,100
10000000,<Dagger> [Standard] White Shadow's Lure,1,850,100
10000010,,1,101,100
10000010,,1,103,100
10000010,,1,108,100
10000010,,1,109,100
10000010,,1,112,100
10000010,,1,119,100
10000010,,1,120,100
10000010,,1,124,100
10000010,,1,200,100
10000010,,1,201,100
10000010,,1,203,100
10000010,,1,204,100
10000010,,1,210,100
10000010,,1,214,100
10000010,,1,216,100
10000010,,1,217,100
10000010,,1,218,100
10000010,,1,219,100
10000010,,1,220,100
10000010,,1,224,100
10000010,,1,227,100
10000010,,1,228,100
10000010,,1,302,100
10000010,,1,501,100
10000010,,1,502,100
10000010,,1,503,100
10000010,,1,504,100
10000010,,1,505,100
10000010,,1,506,100
10000010,,1,507,100
10000010,,1,509,100
10000010,,1,600,100
10000010,,1,601,100
10000010,,1,602,100
10000010,,1,603,100
10000010,,1,604,100
10000010,,1,605,100
10000010,,1,607,100
10000010,,1,652,100
10000010,,1,700,100
10000010,,1,800,100
10000010,,1,801,100
10000010,,1,802,100
10000010,,1,850,100
10000050,<Untyped Dagger> [Standard] Impaling Thrust,1,101,100
10000050,<Untyped Dagger> [Standard] Spinning Slash,1,103,100
10000050,<Untyped Dagger> [Standard] Repeating Thrust,1,109,100
10000050,<Untyped Dagger> [Standard] Double Slash,1,112,100
10000050,<Untyped Dagger> [Standard] Sword Dance,1,124,100
10000050,<Untyped Dagger> [Standard] Storm Blade,1,210,100
10000050,<Untyped Dagger> [Standard] Vacuum Slice,1,220,100
10000050,<Untyped Dagger> [Standard] Parry,1,302,100
10000050,<Untyped Dagger> [Standard] Storm Stomp,1,502,100
10000050,<Untyped Dagger> [Standard] Kick,1,503,100
10000050,<Untyped Dagger> [Standard] Ground Slam,1,506,100
10000050,<Untyped Dagger> [Standard] Hoarah Loux's Earthshaker,1,509,100
10000050,<Untyped Dagger> [Standard] Determination,1,600,100
10000050,<Untyped Dagger> [Standard] Royal Knight's Resolve,1,601,100
10000050,<Untyped Dagger> [Standard] Cragblade,1,607,100
10000050,<Untyped Dagger> [Standard] Beast's Roar,1,652,100
10000050,<Untyped Dagger> [Standard] Endure,1,700,100
10000050,<Untyped Dagger> [Standard] Quickstep,1,800,100
10000050,<Untyped Dagger> [Standard] Bloodhound's Step,1,801,100
10000050,<Untyped Dagger> [Standard] Raptor of the Mists,1,802,100
10000060,,1,101,100
10000060,,1,103,100
10000060,,1,109,100
10000060,,1,112,100
10000060,,1,124,100
10000060,,1,210,100
10000060,,1,220,100
10000060,,1,302,100
10000060,,1,502,100
10000060,,1,503,100
10000060,,1,506,100
10000060,,1,509,100
10000060,,1,600,100
10000060,,1,601,100
10000060,,1,607,100
10000060,,1,652,100
10000060,,1,700,100
10000060,,1,800,100
10000060,,1,801,100
10000060,,1,802,100
10000100,<Elemental Dagger> [Fire] Flaming Strike,1,214,100
10000100,<Elemental Dagger> [Fire] Flame of the Redmanes,1,505,100
10000100,<Elemental Dagger> [Lightning] Thunderbolt,1,216,100
10000100,<Elemental Dagger> [Lightning] Lightning Slash,1,217,100
10000100,<Elemental Dagger> [Lightning] Lightning Ram,1,504,100
10000100,<Elemental Dagger> [Holy] Sacred Blade,1,201,100
10000100,<Elemental Dagger> [Holy] Golden Slam,1,507,100
10000100,<Elemental Dagger> [Holy] Golden Vow,1,603,100
10000100,<Elemental Dagger> [Holy] Sacred Order,1,604,100
10000100,<Elemental Dagger> [Holy] Shared Order,1,605,100
10000100,<Elemental Dagger> [Magic] Spinning Weapon,1,120,100
10000100,<Elemental Dagger> [Magic] Glintblade Phalanx,1,200,100
10000100,<Elemental Dagger> [Magic] Glintstone Pebble,1,203,100
10000100,<Elemental Dagger> [Magic] Carian Grandeur,1,218,100
10000100,<Elemental Dagger> [Magic] Carian Greatsword,1,219,100
10000100,<Elemental Dagger> [Frost] Chilling Mist,1,227,100
10000100,<Elemental Dagger> [Frost] Hoarfrost Stomp,1,501,100
10000100,<Elemental Dagger> [Poison] Poison Moth Flight,1,119,100
10000100,<Elemental Dagger> [Poison] Poisonous Mist,1,228,100
10000100,<Elemental Dagger> [Blood] Blood Tax,1,108,100
10000100,<Elemental Dagger> [Blood] Bloody Slash,1,204,100
10000100,<Elemental Dagger> [Blood] Blood Blade,1,224,100
10000100,<Elemental Dagger> [Standard] Assassin's Gambit,1,602,100
10000100,<Elemental Dagger> [Standard] White Shadow's Lure,1,850,100
10000110,,1,214,100
10000110,,1,505,100
10000110,,1,216,100
10000110,,1,217,100
10000110,,1,504,100
10000110,,1,201,100
10000110,,1,507,100
10000110,,1,603,100
10000110,,1,604,100
10000110,,1,605,100
10000110,,1,120,100
10000110,,1,200,100
10000110,,1,203,100
10000110,,1,218,100
10000110,,1,219,100
10000110,,1,227,100
10000110,,1,501,100
10000110,,1,119,100
10000110,,1,228,100
10000110,,1,108,100
10000110,,1,204,100
10000110,,1,224,100
10000110,,1,602,100
10000110,,1,850,100
10000110,,1,101,100
10000110,,1,103,100
10000110,,1,109,100
10000110,,1,112,100
10000110,,1,124,100
10000110,,1,210,100
10000110,,1,220,100
10000110,,1,302,100
10000110,,1,502,100
10000110,,1,503,100
10000110,,1,506,100
10000110,,1,509,100
10000110,,1,600,100
10000110,,1,601,100
10000110,,1,607,100
10000110,,1,652,100
10000110,,1,700,100
10000110,,1,800,100
10000110,,1,801,100
10000110,,1,802,100
10000500,<Fire Dagger> [Fire] Flaming Strike,1,214,100
10000500,<Fire Dagger> [Fire] Flame of the Redmanes,1,505,100
10000510,,1,214,100
10000510,,1,505,100
10000510,,1,101,100
10000510,,1,103,100
10000510,,1,109,100
10000510,,1,112,100
10000510,,1,124,100
10000510,,1,210,100
10000510,,1,220,100
10000510,,1,302,100
10000510,,1,502,100
10000510,,1,503,100
10000510,,1,506,100
10000510,,1,509,100
10000510,,1,600,100
10000510,,1,601,100
10000510,,1,607,100
10000510,,1,652,100
10000510,,1,700,100
10000510,,1,800,100
10000510,,1,801,100
10000510,,1,802,100
10000600,<Lightning Dagger> [Lightning] Thunderbolt,1,216,100
10000600,<Lightning Dagger> [Lightning] Lightning Slash,1,217,100
10000600,<Lightning Dagger> [Lightning] Lightning Ram,1,504,100
10000610,,1,216,100
10000610,,1,217,100
10000610,,1,504,100
10000610,,1,101,100
10000610,,1,103,100
10000610,,1,109,100
10000610,,1,112,100
10000610,,1,124,100
10000610,,1,210,100
10000610,,1,220,100
10000610,,1,302,100
10000610,,1,502,100
10000610,,1,503,100
10000610,,1,506,100
10000610,,1,509,100
10000610,,1,600,100
10000610,,1,601,100
10000610,,1,607,100
10000610,,1,652,100
10000610,,1,700,100
10000610,,1,800,100
10000610,,1,801,100
10000610,,1,802,100
10000700,<Holy Dagger> [Holy] Sacred Blade,1,201,100
10000700,<Holy Dagger> [Holy] Golden Slam,1,507,100
10000700,<Holy Dagger> [Holy] Golden Vow,1,603,100
10000700,<Holy Dagger> [Holy] Sacred Order,1,604,100
10000700,<Holy Dagger> [Holy] Shared Order,1,605,100
10000710,,1,201,100
10000710,,1,507,100
10000710,,1,603,100
10000710,,1,604,100
10000710,,1,605,100
10000710,,1,101,100
10000710,,1,103,100
10000710,,1,109,100
10000710,,1,112,100
10000710,,1,124,100
10000710,,1,210,100
10000710,,1,220,100
10000710,,1,302,100
10000710,,1,502,100
10000710,,1,503,100
10000710,,1,506,100
10000710,,1,509,100
10000710,,1,600,100
10000710,,1,601,100
10000710,,1,607,100
10000710,,1,652,100
10000710,,1,700,100
10000710,,1,800,100
10000710,,1,801,100
10000710,,1,802,100
10000800,<Magic Dagger> [Magic] Spinning Weapon,1,120,100
10000800,<Magic Dagger> [Magic] Glintblade Phalanx,1,200,100
10000800,<Magic Dagger> [Magic] Glintstone Pebble,1,203,100
10000800,<Magic Dagger> [Magic] Carian Grandeur,1,218,100
10000800,<Magic Dagger> [Magic] Carian Greatsword,1,219,100
10000810,,1,120,100
10000810,,1,200,100
10000810,,1,203,100
10000810,,1,218,100
10000810,,1,219,100
10000810,,1,101,100
10000810,,1,103,100
10000810,,1,109,100
10000810,,1,112,100
10000810,,1,124,100
10000810,,1,210,100
10000810,,1,220,100
10000810,,1,302,100
10000810,,1,502,100
10000810,,1,503,100
10000810,,1,506,100
10000810,,1,509,100
10000810,,1,600,100
10000810,,1,601,100
10000810,,1,607,100
10000810,,1,652,100
10000810,,1,700,100
10000810,,1,800,100
10000810,,1,801,100
10000810,,1,802,100
10000900,<Frost Dagger> [Frost] Chilling Mist,1,227,100
10000900,<Frost Dagger> [Frost] Hoarfrost Stomp,1,501,100
10000910,,1,227,100
10000910,,1,501,100
10000910,,1,101,100
10000910,,1,103,100
10000910,,1,109,100
10000910,,1,112,100
10000910,,1,124,100
10000910,,1,210,100
10000910,,1,220,100
10000910,,1,302,100
10000910,,1,502,100
10000910,,1,503,100
10000910,,1,506,100
10000910,,1,509,100
10000910,,1,600,100
10000910,,1,601,100
10000910,,1,607,100
10000910,,1,652,100
10000910,,1,700,100
10000910,,1,800,100
10000910,,1,801,100
10000910,,1,802,100
10001000,<Poison Dagger> [Poison] Poison Moth Flight,1,119,100
10001000,<Poison Dagger> [Poison] Poisonous Mist,1,228,100
10001010,,1,119,100
10001010,,1,228,100
10001010,,1,101,100
10001010,,1,103,100
10001010,,1,109,100
10001010,,1,112,100
10001010,,1,124,100
10001010,,1,210,100
10001010,,1,220,100
10001010,,1,302,100
10001010,,1,502,100
10001010,,1,503,100
10001010,,1,506,100
10001010,,1,509,100
10001010,,1,600,100
10001010,,1,601,100
10001010,,1,607,100
10001010,,1,652,100
10001010,,1,700,100
10001010,,1,800,100
10001010,,1,801,100
10001010,,1,802,100
10001100,<Blood Dagger> [Blood] Blood Tax,1,108,100
10001100,<Blood Dagger> [Blood] Bloody Slash,1,204,100
10001100,<Blood Dagger> [Blood] Blood Blade,1,224,100
10001110,,1,108,100
10001110,,1,204,100
10001110,,1,224,100
10001110,,1,101,100
10001110,,1,103,100
10001110,,1,109,100
10001110,,1,112,100
10001110,,1,124,100
10001110,,1,210,100
10001110,,1,220,100
10001110,,1,302,100
10001110,,1,502,100
10001110,,1,503,100
10001110,,1,506,100
10001110,,1,509,100
10001110,,1,600,100
10001110,,1,601,100
10001110,,1,607,100
10001110,,1,652,100
10001110,,1,700,100
10001110,,1,800,100
10001110,,1,801,100
10001110,,1,802,100
10001200,<Shadow Dagger> [Standard] Assassin's Gambit,1,602,100
10001200,<Shadow Dagger> [Standard] White Shadow's Lure,1,850,100
10001210,,1,602,100
10001210,,1,850,100
10001210,,1,101,100
10001210,,1,103,100
10001210,,1,109,100
10001210,,1,112,100
10001210,,1,124,100
10001210,,1,210,100
10001210,,1,220,100
10001210,,1,302,100
10001210,,1,502,100
10001210,,1,503,100
10001210,,1,506,100
10001210,,1,509,100
10001210,,1,600,100
10001210,,1,601,100
10001210,,1,607,100
10001210,,1,652,100
10001210,,1,700,100
10001210,,1,800,100
10001210,,1,801,100
10001210,,1,802,100
11140000,<Table> [Standard] Impaling Thrust,1,101,100
11140000,<Table> [Standard] Spinning Slash,1,103,100
11140000,<Table> [Standard] Repeating Thrust,1,109,100
11140000,<Table> [Standard] Vacuum Slice,1,220,100
11140000,<Table> [Standard] Storm Stomp,1,502,100
11140000,<Table> [Standard] Kick,1,503,100
11140000,<Table> [Standard] Ground Slam,1,506,100
11140000,<Table> [Standard] Determination,1,600,100
11140000,<Table> [Standard] Royal Knight's Resolve,1,601,100
11140000,<Table> [Standard] Cragblade,1,607,100
11140000,<Table> [Standard] Endure,1,700,100
11140000,<Table> [Standard] Quickstep,1,800,100
11140000,<Table> [Standard] Bloodhound's Step,1,801,100
11140000,<Table> [Standard] Raptor of the Mists,1,802,100
11140000,<Table> [Blood] Blood Tax,1,108,100
11140000,<Table> [Blood] Bloody Slash,1,204,100
11140000,<Table> [Blood] Blood Blade,1,224,100
11140010,,1,101,100
11140010,,1,103,100
11140010,,1,109,100
11140010,,1,220,100
11140010,,1,502,100
11140010,,1,503,100
11140010,,1,506,100
11140010,,1,600,100
11140010,,1,601,100
11140010,,1,607,100
11140010,,1,700,100
11140010,,1,800,100
11140010,,1,801,100
11140010,,1,802,100
11140010,,1,108,100
11140010,,1,204,100
11140010,,1,224,100
11140050,<Table> [Standard] Impaling Thrust,1,101,100
11140050,<Table> [Standard] Spinning Slash,1,103,100
11140050,<Table> [Standard] Repeating Thrust,1,109,100
11140050,<Table> [Standard] Vacuum Slice,1,220,100
11140050,<Table> [Standard] Storm Stomp,1,502,100
11140050,<Table> [Standard] Kick,1,503,100
11140050,<Table> [Standard] Ground Slam,1,506,100
11140050,<Table> [Standard] Determination,1,600,100
11140050,<Table> [Standard] Royal Knight's Resolve,1,601,100
11140050,<Table> [Standard] Cragblade,1,607,100
11140050,<Table> [Standard] Endure,1,700,100
11140050,<Table> [Standard] Quickstep,1,800,100
11140050,<Table> [Standard] Bloodhound's Step,1,801,100
11140050,<Table> [Standard] Raptor of the Mists,1,802,100
11140060,,1,101,100
11140060,,1,103,100
11140060,,1,109,100
11140060,,1,220,100
11140060,,1,502,100
11140060,,1,503,100
11140060,,1,506,100
11140060,,1,600,100
11140060,,1,601,100
11140060,,1,607,100
11140060,,1,700,100
11140060,,1,800,100
11140060,,1,801,100
11140060,,1,802,100
11140100,<Table> [Blood] Blood Tax,1,108,100
11140100,<Table> [Blood] Bloody Slash,1,204,100
11140100,<Table> [Blood] Blood Blade,1,224,100
11140110,,1,108,100
11140110,,1,204,100
11140110,,1,224,100
11140110,,1,101,100
11140110,,1,103,100
11140110,,1,109,100
11140110,,1,220,100
11140110,,1,502,100
11140110,,1,503,100
11140110,,1,506,100
11140110,,1,600,100
11140110,,1,601,100
11140110,,1,607,100
11140110,,1,700,100
11140110,,1,800,100
11140110,,1,801,100
11140110,,1,802,100
20000000,<Short Sword> [Standard] Lion's Claw,1,100,100
20000000,<Short Sword> [Standard] Impaling Thrust,1,101,100
20000000,<Short Sword> [Standard] Piercing Fang,1,102,100
20000000,<Short Sword> [Standard] Spinning Slash,1,103,100
20000000,<Short Sword> [Standard] Repeating Thrust,1,109,100
20000000,<Short Sword> [Standard] Double Slash,1,112,100
20000000,<Short Sword> [Standard] Square Off,1,115,100
20000000,<Short Sword> [Standard] Stormcaller,1,123,100
20000000,<Short Sword> [Standard] Sword Dance,1,124,100
20000000,<Short Sword> [Standard] Storm Blade,1,210,100
20000000,<Short Sword> [Standard] Vacuum Slice,1,220,100
20000000,<Short Sword> [Standard] Storm Stomp,1,502,100
20000000,<Short Sword> [Standard] Kick,1,503,100
20000000,<Short Sword> [Standard] Ground Slam,1,506,100
20000000,<Short Sword> [Standard] Hoarah Loux's Earthshaker,1,509,100
20000000,<Short Sword> [Standard] Determination,1,600,100
20000000,<Short Sword> [Standard] Royal Knight's Resolve,1,601,100
20000000,<Short Sword> [Standard] Cragblade,1,607,100
20000000,<Short Sword> [Standard] Barbaric Roar,1,650,100
20000000,<Short Sword> [Standard] War Cry,1,651,100
20000000,<Short Sword> [Standard] Beast's Roar,1,652,100
20000000,<Short Sword> [Standard] Braggart's Roar,1,654,100
20000000,<Short Sword> [Standard] Endure,1,700,100
20000000,<Short Sword> [Standard] Quickstep,1,800,100
20000000,<Short Sword> [Standard] Bloodhound's Step,1,801,100
20000000,<Short Sword> [Standard] Raptor of the Mists,1,802,100
20000000,<Short Sword> [Fire] Flaming Strike,1,214,100
20000000,<Short Sword> [Fire] Flame of the Redmanes,1,505,100
20000000,<Short Sword> [Lightning] Thunderbolt,1,216,100
20000000,<Short Sword> [Lightning] Lightning Slash,1,217,100
20000000,<Short Sword> [Lightning] Lightning Ram,1,504,100
20000000,<Short Sword> [Holy] Sacred Blade,1,201,100
20000000,<Short Sword> [Holy] Golden Slam,1,507,100
20000000,<Short Sword> [Holy] Golden Vow,1,603,100
20000000,<Short Sword> [Holy] Sacred Order,1,604,100
20000000,<Short Sword> [Holy] Shared Order,1,605,100
20000000,<Short Sword> [Magic] Spinning Weapon,1,120,100
20000000,<Short Sword> [Magic] Glintblade Phalanx,1,200,100
20000000,<Short Sword> [Magic] Glintstone Pebble,1,203,100
20000000,<Short Sword> [Magic] Gravitas,1,209,100
20000000,<Short Sword> [Magic] Carian Grandeur,1,218,100
20000000,<Short Sword> [Magic] Carian Greatsword,1,219,100
20000000,<Short Sword> [Frost] Chilling Mist,1,227,100
20000000,<Short Sword> [Frost] Hoarfrost Stomp,1,501,100
20000000,<Short Sword> [Poison] Poison Moth Flight,1,119,100
20000000,<Short Sword> [Poison] Poisonous Mist,1,228,100
20000000,<Short Sword> [Blood] Blood Tax,1,108,100
20000000,<Short Sword> [Blood] Bloody Slash,1,204,100
20000000,<Short Sword> [Blood] Blood Blade,1,224,100
20000000,<Short Sword> [Blood] Seppuku,1,606,100
20000000,<Short Sword> [Standard] Assassin's Gambit,1,602,100
20000000,<Short Sword> [Standard] White Shadow's Lure,1,850,100
20000010,,1,100,100
20000010,,1,101,100
20000010,,1,102,100
20000010,,1,103,100
20000010,,1,109,100
20000010,,1,112,100
20000010,,1,115,100
20000010,,1,123,100
20000010,,1,124,100
20000010,,1,210,100
20000010,,1,220,100
20000010,,1,502,100
20000010,,1,503,100
20000010,,1,506,100
20000010,,1,509,100
20000010,,1,600,100
20000010,,1,601,100
20000010,,1,607,100
20000010,,1,650,100
20000010,,1,651,100
20000010,,1,652,100
20000010,,1,654,100
20000010,,1,700,100
20000010,,1,800,100
20000010,,1,801,100
20000010,,1,802,100
20000010,,1,214,100
20000010,,1,505,100
20000010,,1,216,100
20000010,,1,217,100
20000010,,1,504,100
20000010,,1,201,100
20000010,,1,507,100
20000010,,1,603,100
20000010,,1,604,100
20000010,,1,605,100
20000010,,1,120,100
20000010,,1,200,100
20000010,,1,203,100
20000010,,1,209,100
20000010,,1,218,100
20000010,,1,219,100
20000010,,1,227,100
20000010,,1,501,100
20000010,,1,119,100
20000010,,1,228,100
20000010,,1,108,100
20000010,,1,204,100
20000010,,1,224,100
20000010,,1,606,100
20000010,,1,602,100
20000010,,1,850,100
20000050,<Untyped Straight Sword> [Standard] Lion's Claw,1,100,100
20000050,<Untyped Straight Sword> [Standard] Impaling Thrust,1,101,100
20000050,<Untyped Straight Sword> [Standard] Piercing Fang,1,102,100
20000050,<Untyped Straight Sword> [Standard] Spinning Slash,1,103,100
20000050,<Untyped Straight Sword> [Standard] Repeating Thrust,1,109,100
20000050,<Untyped Straight Sword> [Standard] Double Slash,1,112,100
20000050,<Untyped Straight Sword> [Standard] Square Off,1,115,100
20000050,<Untyped Straight Sword> [Standard] Stormcaller,1,123,100
20000050,<Untyped Straight Sword> [Standard] Sword Dance,1,124,100
20000050,<Untyped Straight Sword> [Standard] Storm Blade,1,210,100
20000050,<Untyped Straight Sword> [Standard] Vacuum Slice,1,220,100
20000050,<Untyped Straight Sword> [Standard] Storm Stomp,1,502,100
20000050,<Untyped Straight Sword> [Standard] Kick,1,503,100
20000050,<Untyped Straight Sword> [Standard] Ground Slam,1,506,100
20000050,<Untyped Straight Sword> [Standard] Hoarah Loux's Earthshaker,1,509,100
20000050,<Untyped Straight Sword> [Standard] Determination,1,600,100
20000050,<Untyped Straight Sword> [Standard] Royal Knight's Resolve,1,601,100
20000050,<Untyped Straight Sword> [Standard] Cragblade,1,607,100
20000050,<Untyped Straight Sword> [Standard] Barbaric Roar,1,650,100
20000050,<Untyped Straight Sword> [Standard] War Cry,1,651,100
20000050,<Untyped Straight Sword> [Standard] Beast's Roar,1,652,100
20000050,<Untyped Straight Sword> [Standard] Braggart's Roar,1,654,100
20000050,<Untyped Straight Sword> [Standard] Endure,1,700,100
20000050,<Untyped Straight Sword> [Standard] Quickstep,1,800,100
20000050,<Untyped Straight Sword> [Standard] Bloodhound's Step,1,801,100
20000050,<Untyped Straight Sword> [Standard] Raptor of the Mists,1,802,100
20000060,,1,100,100
20000060,,1,101,100
20000060,,1,102,100
20000060,,1,103,100
20000060,,1,109,100
20000060,,1,112,100
20000060,,1,115,100
20000060,,1,123,100
20000060,,1,124,100
20000060,,1,210,100
20000060,,1,220,100
20000060,,1,502,100
20000060,,1,503,100
20000060,,1,506,100
20000060,,1,509,100
20000060,,1,600,100
20000060,,1,601,100
20000060,,1,607,100
20000060,,1,650,100
20000060,,1,651,100
20000060,,1,652,100
20000060,,1,654,100
20000060,,1,700,100
20000060,,1,800,100
20000060,,1,801,100
20000060,,1,802,100
20000100,<Elemental Straight Sword> [Fire] Flaming Strike,1,214,100
20000100,<Elemental Straight Sword> [Fire] Flame of the Redmanes,1,505,100
20000100,<Elemental Straight Sword> [Lightning] Thunderbolt,1,216,100
20000100,<Elemental Straight Sword> [Lightning] Lightning Slash,1,217,100
20000100,<Elemental Straight Sword> [Lightning] Lightning Ram,1,504,100
20000100,<Elemental Straight Sword> [Holy] Sacred Blade,1,201,100
20000100,<Elemental Straight Sword> [Holy] Golden Slam,1,507,100
20000100,<Elemental Straight Sword> [Holy] Golden Vow,1,603,100
20000100,<Elemental Straight Sword> [Holy] Sacred Order,1,604,100
20000100,<Elemental Straight Sword> [Holy] Shared Order,1,605,100
20000100,<Elemental Straight Sword> [Magic] Spinning Weapon,1,120,100
20000100,<Elemental Straight Sword> [Magic] Glintblade Phalanx,1,200,100
20000100,<Elemental Straight Sword> [Magic] Glintstone Pebble,1,203,100
20000100,<Elemental Straight Sword> [Magic] Gravitas,1,209,100
20000100,<Elemental Straight Sword> [Magic] Carian Grandeur,1,218,100
20000100,<Elemental Straight Sword> [Magic] Carian Greatsword,1,219,100
20000100,<Elemental Straight Sword> [Frost] Chilling Mist,1,227,100
20000100,<Elemental Straight Sword> [Frost] Hoarfrost Stomp,1,501,100
20000100,<Elemental Straight Sword> [Poison] Poison Moth Flight,1,119,100
20000100,<Elemental Straight Sword> [Poison] Poisonous Mist,1,228,100
20000100,<Elemental Straight Sword> [Blood] Blood Tax,1,108,100
20000100,<Elemental Straight Sword> [Blood] Bloody Slash,1,204,100
20000100,<Elemental Straight Sword> [Blood] Blood Blade,1,224,100
20000100,<Elemental Straight Sword> [Blood] Seppuku,1,606,100
20000100,<Elemental Straight Sword> [Standard] Assassin's Gambit,1,602,100
20000100,<Elemental Straight Sword> [Standard] White Shadow's Lure,1,850,100
20000110,,1,214,100
20000110,,1,505,100
20000110,,1,216,100
20000110,,1,217,100
20000110,,1,504,100
20000110,,1,201,100
20000110,,1,507,100
20000110,,1,603,100
20000110,,1,604,100
20000110,,1,605,100
20000110,,1,120,100
20000110,,1,200,100
20000110,,1,203,100
20000110,,1,209,100
20000110,,1,218,100
20000110,,1,219,100
20000110,,1,227,100
20000110,,1,501,100
20000110,,1,119,100
20000110,,1,228,100
20000110,,1,108,100
20000110,,1,204,100
20000110,,1,224,100
20000110,,1,606,100
20000110,,1,602,100
20000110,,1,850,100
20000110,,1,100,100
20000110,,1,101,100
20000110,,1,102,100
20000110,,1,103,100
20000110,,1,109,100
20000110,,1,112,100
20000110,,1,115,100
20000110,,1,123,100
20000110,,1,124,100
20000110,,1,210,100
20000110,,1,220,100
20000110,,1,502,100
20000110,,1,503,100
20000110,,1,506,100
20000110,,1,509,100
20000110,,1,600,100
20000110,,1,601,100
20000110,,1,607,100
20000110,,1,650,100
20000110,,1,651,100
20000110,,1,652,100
20000110,,1,654,100
20000110,,1,700,100
20000110,,1,800,100
20000110,,1,801,100
20000110,,1,802,100
20000500,<Fire Straight Sword> [Fire] Flaming Strike,1,214,100
20000500,<Fire Straight Sword> [Fire] Flame of the Redmanes,1,505,100
20000510,,1,214,100
20000510,,1,505,100
20000510,,1,100,100
20000510,,1,101,100
20000510,,1,102,100
20000510,,1,103,100
20000510,,1,109,100
20000510,,1,112,100
20000510,,1,115,100
20000510,,1,123,100
20000510,,1,124,100
20000510,,1,210,100
20000510,,1,220,100
20000510,,1,502,100
20000510,,1,503,100
20000510,,1,506,100
20000510,,1,509,100
20000510,,1,600,100
20000510,,1,601,100
20000510,,1,607,100
20000510,,1,650,100
20000510,,1,651,100
20000510,,1,652,100
20000510,,1,654,100
20000510,,1,700,100
20000510,,1,800,100
20000510,,1,801,100
20000510,,1,802,100
20000600,<Lightning Straight Sword> [Lightning] Thunderbolt,1,216,100
20000600,<Lightning Straight Sword> [Lightning] Lightning Slash,1,217,100
20000600,<Lightning Straight Sword> [Lightning] Lightning Ram,1,504,100
20000610,,1,216,100
20000610,,1,217,100
20000610,,1,504,100
20000610,,1,100,100
20000610,,1,101,100
20000610,,1,102,100
20000610,,1,103,100
20000610,,1,109,100
20000610,,1,112,100
20000610,,1,115,100
20000610,,1,123,100
20000610,,1,124,100
20000610,,1,210,100
20000610,,1,220,100
20000610,,1,502,100
20000610,,1,503,100
20000610,,1,506,100
20000610,,1,509,100
20000610,,1,600,100
20000610,,1,601,100
20000610,,1,607,100
20000610,,1,650,100
20000610,,1,651,100
20000610,,1,652,100
20000610,,1,654,100
20000610,,1,700,100
20000610,,1,800,100
20000610,,1,801,100
20000610,,1,802,100
20000700,<Holy Straight Sword> [Holy] Sacred Blade,1,201,100
20000700,<Holy Straight Sword> [Holy] Golden Slam,1,507,100
20000700,<Holy Straight Sword> [Holy] Golden Vow,1,603,100
20000700,<Holy Straight Sword> [Holy] Sacred Order,1,604,100
20000700,<Holy Straight Sword> [Holy] Shared Order,1,605,100
20000710,,1,201,100
20000710,,1,507,100
20000710,,1,603,100
20000710,,1,604,100
20000710,,1,605,100
20000710,,1,100,100
20000710,,1,101,100
20000710,,1,102,100
20000710,,1,103,100
20000710,,1,109,100
20000710,,1,112,100
20000710,,1,115,100
20000710,,1,123,100
20000710,,1,124,100
20000710,,1,210,100
20000710,,1,220,100
20000710,,1,502,100
20000710,,1,503,100
20000710,,1,506,100
20000710,,1,509,100
20000710,,1,600,100
20000710,,1,601,100
20000710,,1,607,100
20000710,,1,650,100
20000710,,1,651,100
20000710,,1,652,100
20000710,,1,654,100
20000710,,1,700,100
20000710,,1,800,100
20000710,,1,801,100
20000710,,1,802,100
20000800,<Magic Straight Sword> [Magic] Spinning Weapon,1,120,100
20000800,<Magic Straight Sword> [Magic] Glintblade Phalanx,1,200,100
20000800,<Magic Straight Sword> [Magic] Glintstone Pebble,1,203,100
20000800,<Magic Straight Sword> [Magic] Gravitas,1,209,100
20000800,<Magic Straight Sword> [Magic] Carian Grandeur,1,218,100
20000800,<Magic Straight Sword> [Magic] Carian Greatsword,1,219,100
20000810,,1,120,100
20000810,,1,200,100
20000810,,1,203,100
20000810,,1,209,100
20000810,,1,218,100
20000810,,1,219,100
20000810,,1,100,100
20000810,,1,101,100
20000810,,1,102,100
20000810,,1,103,100
20000810,,1,109,100
20000810,,1,112,100
20000810,,1,115,100
20000810,,1,123,100
20000810,,1,124,100
20000810,,1,210,100
20000810,,1,220,100
20000810,,1,502,100
20000810,,1,503,100
20000810,,1,506,100
20000810,,1,509,100
20000810,,1,600,100
20000810,,1,601,100
20000810,,1,607,100
20000810,,1,650,100
20000810,,1,651,100
20000810,,1,652,100
20000810,,1,654,100
20000810,,1,700,100
20000810,,1,800,100
20000810,,1,801,100
20000810,,1,802,100
20000900,<Frost Straight Sword> [Frost] Chilling Mist,1,227,100
20000900,<Frost Straight Sword> [Frost] Hoarfrost Stomp,1,501,100
20000910,,1,227,100
20000910,,1,501,100
20000910,,1,100,100
20000910,,1,101,100
20000910,,1,102,100
20000910,,1,103,100
20000910,,1,109,100
20000910,,1,112,100
20000910,,1,115,100
20000910,,1,123,100
20000910,,1,124,100
20000910,,1,210,100
20000910,,1,220,100
20000910,,1,502,100
20000910,,1,503,100
20000910,,1,506,100
20000910,,1,509,100
20000910,,1,600,100
20000910,,1,601,100
20000910,,1,607,100
20000910,,1,650,100
20000910,,1,651,100
20000910,,1,652,100
20000910,,1,654,100
20000910,,1,700,100
20000910,,1,800,100
20000910,,1,801,100
20000910,,1,802,100
20001000,<Poison Straight Sword> [Poison] Poison Moth Flight,1,119,100
20001000,<Poison Straight Sword> [Poison] Poisonous Mist,1,228,100
20001010,,1,119,100
20001010,,1,228,100
20001010,,1,100,100
20001010,,1,101,100
20001010,,1,102,100
20001010,,1,103,100
20001010,,1,109,100
20001010,,1,112,100
20001010,,1,115,100
20001010,,1,123,100
20001010,,1,124,100
20001010,,1,210,100
20001010,,1,220,100
20001010,,1,502,100
20001010,,1,503,100
20001010,,1,506,100
20001010,,1,509,100
20001010,,1,600,100
20001010,,1,601,100
20001010,,1,607,100
20001010,,1,650,100
20001010,,1,651,100
20001010,,1,652,100
20001010,,1,654,100
20001010,,1,700,100
20001010,,1,800,100
20001010,,1,801,100
20001010,,1,802,100
20001100,<Blood Straight Sword> [Blood] Blood Tax,1,108,100
20001100,<Blood Straight Sword> [Blood] Bloody Slash,1,204,100
20001100,<Blood Straight Sword> [Blood] Blood Blade,1,224,100
20001100,<Blood Straight Sword> [Blood] Seppuku,1,606,100
20001110,,1,108,100
20001110,,1,204,100
20001110,,1,224,100
20001110,,1,606,100
20001110,,1,100,100
20001110,,1,101,100
20001110,,1,102,100
20001110,,1,103,100
20001110,,1,109,100
20001110,,1,112,100
20001110,,1,115,100
20001110,,1,123,100
20001110,,1,124,100
20001110,,1,210,100
20001110,,1,220,100
20001110,,1,502,100
20001110,,1,503,100
20001110,,1,506,100
20001110,,1,509,100
20001110,,1,600,100
20001110,,1,601,100
20001110,,1,607,100
20001110,,1,650,100
20001110,,1,651,100
20001110,,1,652,100
20001110,,1,654,100
20001110,,1,700,100
20001110,,1,800,100
20001110,,1,801,100
20001110,,1,802,100
20001200,<Shadow Straight Sword> [Standard] Assassin's Gambit,1,602,100
20001200,<Shadow Straight Sword> [Standard] White Shadow's Lure,1,850,100
20001210,,1,602,100
20001210,,1,850,100
20001210,,1,100,100
20001210,,1,101,100
20001210,,1,102,100
20001210,,1,103,100
20001210,,1,109,100
20001210,,1,112,100
20001210,,1,115,100
20001210,,1,123,100
20001210,,1,124,100
20001210,,1,210,100
20001210,,1,220,100
20001210,,1,502,100
20001210,,1,503,100
20001210,,1,506,100
20001210,,1,509,100
20001210,,1,600,100
20001210,,1,601,100
20001210,,1,607,100
20001210,,1,650,100
20001210,,1,651,100
20001210,,1,652,100
20001210,,1,654,100
20001210,,1,700,100
20001210,,1,800,100
20001210,,1,801,100
20001210,,1,802,100
20900000,<Table> [Standard] Lion's Claw,1,100,100
20900000,<Table> [Standard] Impaling Thrust,1,101,100
20900000,<Table> [Standard] Piercing Fang,1,102,100
20900000,<Table> [Standard] Spinning Slash,1,103,100
20900000,<Table> [Standard] Stamp (Upward Cut),1,106,100
20900000,<Table> [Standard] Stamp (Sweep),1,107,100
20900000,<Table> [Standard] Repeating Thrust,1,109,100
20900000,<Table> [Standard] Wild Strikes,1,110,100
20900000,<Table> [Standard] Double Slash,1,112,100
20900000,<Table> [Standard] Giant Hunt,1,116,100
20900000,<Table> [Standard] Stormcaller,1,123,100
20900000,<Table> [Standard] Sword Dance,1,124,100
20900000,<Table> [Standard] Storm Blade,1,210,100
20900000,<Table> [Standard] Vacuum Slice,1,220,100
20900000,<Table> [Standard] Storm Stomp,1,502,100
20900000,<Table> [Standard] Kick,1,503,100
20900000,<Table> [Standard] Ground Slam,1,506,100
20900000,<Table> [Standard] Hoarah Loux's Earthshaker,1,509,100
20900000,<Table> [Standard] Determination,1,600,100
20900000,<Table> [Standard] Royal Knight's Resolve,1,601,100
20900000,<Table> [Standard] Cragblade,1,607,100
20900000,<Table> [Standard] Barbaric Roar,1,650,100
20900000,<Table> [Standard] War Cry,1,651,100
20900000,<Table> [Standard] Beast's Roar,1,652,100
20900000,<Table> [Standard] Troll's Roar,1,653,100
20900000,<Table> [Standard] Braggart's Roar,1,654,100
20900000,<Table> [Standard] Endure,1,700,100
20900000,<Table> [Standard] Quickstep,1,800,100
20900000,<Table> [Standard] Bloodhound's Step,1,801,100
20900000,<Table> [Standard] Raptor of the Mists,1,802,100
20900000,<Table> [Holy] Sacred Blade,1,201,100
20900000,<Table> [Holy] Golden Slam,1,507,100
20900000,<Table> [Holy] Golden Vow,1,603,100
20900000,<Table> [Holy] Sacred Order,1,604,100
20900000,<Table> [Holy] Shared Order,1,605,100
20900010,,1,100,100
20900010,,1,101,100
20900010,,1,102,100
20900010,,1,103,100
20900010,,1,106,100
20900010,,1,107,100
20900010,,1,109,100
20900010,,1,110,100
20900010,,1,112,100
20900010,,1,116,100
20900010,,1,123,100
20900010,,1,124,100
20900010,,1,210,100
20900010,,1,220,100
20900010,,1,502,100
20900010,,1,503,100
20900010,,1,506,100
20900010,,1,509,100
20900010,,1,600,100
20900010,,1,601,100
20900010,,1,607,100
20900010,,1,650,100
20900010,,1,651,100
20900010,,1,652,100
20900010,,1,653,100
20900010,,1,654,100
20900010,,1,700,100
20900010,,1,800,100
20900010,,1,801,100
20900010,,1,802,100
20900010,,1,201,100
20900010,,1,507,100
20900010,,1,603,100
20900010,,1,604,100
20900010,,1,605,100
20900050,<Table> [Standard] Lion's Claw,1,100,100
20900050,<Table> [Standard] Impaling Thrust,1,101,100
20900050,<Table> [Standard] Piercing Fang,1,102,100
20900050,<Table> [Standard] Spinning Slash,1,103,100
20900050,<Table> [Standard] Stamp (Upward Cut),1,106,100
20900050,<Table> [Standard] Stamp (Sweep),1,107,100
20900050,<Table> [Standard] Repeating Thrust,1,109,100
20900050,<Table> [Standard] Wild Strikes,1,110,100
20900050,<Table> [Standard] Double Slash,1,112,100
20900050,<Table> [Standard] Giant Hunt,1,116,100
20900050,<Table> [Standard] Stormcaller,1,123,100
20900050,<Table> [Standard] Sword Dance,1,124,100
20900050,<Table> [Standard] Storm Blade,1,210,100
20900050,<Table> [Standard] Vacuum Slice,1,220,100
20900050,<Table> [Standard] Storm Stomp,1,502,100
20900050,<Table> [Standard] Kick,1,503,100
20900050,<Table> [Standard] Ground Slam,1,506,100
20900050,<Table> [Standard] Hoarah Loux's Earthshaker,1,509,100
20900050,<Table> [Standard] Determination,1,600,100
20900050,<Table> [Standard] Royal Knight's Resolve,1,601,100
20900050,<Table> [Standard] Cragblade,1,607,100
20900050,<Table> [Standard] Barbaric Roar,1,650,100
20900050,<Table> [Standard] War Cry,1,651,100
20900050,<Table> [Standard] Beast's Roar,1,652,100
20900050,<Table> [Standard] Troll's Roar,1,653,100
20900050,<Table> [Standard] Braggart's Roar,1,654,100
20900050,<Table> [Standard] Endure,1,700,100
20900050,<Table> [Standard] Quickstep,1,800,100
20900050,<Table> [Standard] Bloodhound's Step,1,801,100
20900050,<Table> [Standard] Raptor of the Mists,1,802,100
20900060,,1,100,100
20900060,,1,101,100
20900060,,1,102,100
20900060,,1,103,100
20900060,,1,106,100
20900060,,1,107,100
20900060,,1,109,100
20900060,,1,110,100
20900060,,1,112,100
20900060,,1,116,100
20900060,,1,123,100
20900060,,1,124,100
20900060,,1,210,100
20900060,,1,220,100
20900060,,1,502,100
20900060,,1,503,100
20900060,,1,506,100
20900060,,1,509,100
20900060,,1,600,100
20900060,,1,601,100
20900060,,1,607,100
20900060,,1,650,100
20900060,,1,651,100
20900060,,1,652,100
20900060,,1,653,100
20900060,,1,654,100
20900060,,1,700,100
20900060,,1,800,100
20900060,,1,801,100
20900060,,1,802,100
20900700,<Table> [Holy] Sacred Blade,1,201,100
20900700,<Table> [Holy] Golden Slam,1,507,100
20900700,<Table> [Holy] Golden Vow,1,603,100
20900700,<Table> [Holy] Sacred Order,1,604,100
20900700,<Table> [Holy] Shared Order,1,605,100
20900710,,1,201,100
20900710,,1,507,100
20900710,,1,603,100
20900710,,1,604,100
20900710,,1,605,100
20900710,,1,100,100
20900710,,1,101,100
20900710,,1,102,100
20900710,,1,103,100
20900710,,1,106,100
20900710,,1,107,100
20900710,,1,109,100
20900710,,1,110,100
20900710,,1,112,100
20900710,,1,116,100
20900710,,1,123,100
20900710,,1,124,100
20900710,,1,210,100
20900710,,1,220,100
20900710,,1,502,100
20900710,,1,503,100
20900710,,1,506,100
20900710,,1,509,100
20900710,,1,600,100
20900710,,1,601,100
20900710,,1,607,100
20900710,,1,650,100
20900710,,1,651,100
20900710,,1,652,100
20900710,,1,653,100
20900710,,1,654,100
20900710,,1,700,100
20900710,,1,800,100
20900710,,1,801,100
20900710,,1,802,100
21180000,<Table> [Standard] Lion's Claw,1,100,100
21180000,<Table> [Standard] Impaling Thrust,1,101,100
21180000,<Table> [Standard] Piercing Fang,1,102,100
21180000,<Table> [Standard] Spinning Slash,1,103,100
21180000,<Table> [Standard] Repeating Thrust,1,109,100
21180000,<Table> [Standard] Double Slash,1,112,100
21180000,<Table> [Standard] Square Off,1,115,100
21180000,<Table> [Standard] Stormcaller,1,123,100
21180000,<Table> [Standard] Sword Dance,1,124,100
21180000,<Table> [Standard] Storm Blade,1,210,100
21180000,<Table> [Standard] Vacuum Slice,1,220,100
21180000,<Table> [Standard] Storm Stomp,1,502,100
21180000,<Table> [Standard] Kick,1,503,100
21180000,<Table> [Standard] Ground Slam,1,506,100
21180000,<Table> [Standard] Hoarah Loux's Earthshaker,1,509,100
21180000,<Table> [Standard] Determination,1,600,100
21180000,<Table> [Standard] Royal Knight's Resolve,1,601,100
21180000,<Table> [Standard] Cragblade,1,607,100
21180000,<Table> [Standard] Barbaric Roar,1,650,100
21180000,<Table> [Standard] War Cry,1,651,100
21180000,<Table> [Standard] Beast's Roar,1,652,100
21180000,<Table> [Standard] Braggart's Roar,1,654,100
21180000,<Table> [Standard] Endure,1,700,100
21180000,<Table> [Standard] Quickstep,1,800,100
21180000,<Table> [Standard] Bloodhound's Step,1,801,100
21180000,<Table> [Standard] Raptor of the Mists,1,802,100
21180000,<Table> [Magic] Spinning Weapon,1,120,100
21180000,<Table> [Magic] Glintblade Phalanx,1,200,100
21180000,<Table> [Magic] Glintstone Pebble,1,203,100
21180000,<Table> [Magic] Gravitas,1,209,100
21180000,<Table> [Magic] Carian Grandeur,1,218,100
21180000,<Table> [Magic] Carian Greatsword,1,219,100
21180010,,1,100,100
21180010,,1,101,100
21180010,,1,102,100
21180010,,1,103,100
21180010,,1,109,100
21180010,,1,112,100
21180010,,1,115,100
21180010,,1,123,100
21180010,,1,124,100
21180010,,1,210,100
21180010,,1,220,100
21180010,,1,502,100
21180010,,1,503,100
21180010,,1,506,100
21180010,,1,509,100
21180010,,1,600,100
21180010,,1,601,100
21180010,,1,607,100
21180010,,1,650,100
21180010,,1,651,100
21180010,,1,652,100
21180010,,1,654,100
21180010,,1,700,100
21180010,,1,800,100
21180010,,1,801,100
21180010,,1,802,100
21180010,,1,120,100
21180010,,1,200,100
21180010,,1,203,100
21180010,,1,209,100
21180010,,1,218,100
21180010,,1,219,100
21180050,<Table> [Standard] Lion's Claw,1,100,100
21180050,<Table> [Standard] Impaling Thrust,1,101,100
21180050,<Table> [Standard] Piercing Fang,1,102,100
21180050,<Table> [Standard] Spinning Slash,1,103,100
21180050,<Table> [Standard] Repeating Thrust,1,109,100
21180050,<Table> [Standard] Double Slash,1,112,100
21180050,<Table> [Standard] Square Off,1,115,100
21180050,<Table> [Standard] Stormcaller,1,123,100
21180050,<Table> [Standard] Sword Dance,1,124,100
21180050,<Table> [Standard] Storm Blade,1,210,100
21180050,<Table> [Standard] Vacuum Slice,1,220,100
21180050,<Table> [Standard] Storm Stomp,1,502,100
21180050,<Table> [Standard] Kick,1,503,100
21180050,<Table> [Standard] Ground Slam,1,506,100
21180050,<Table> [Standard] Hoarah Loux's Earthshaker,1,509,100
21180050,<Table> [Standard] Determination,1,600,100
21180050,<Table> [Standard] Royal Knight's Resolve,1,601,100
21180050,<Table> [Standard] Cragblade,1,607,100
21180050,<Table> [Standard] Barbaric Roar,1,650,100
21180050,<Table> [Standard] War Cry,1,651,100
21180050,<Table> [Standard] Beast's Roar,1,652,100
21180050,<Table> [Standard] Braggart's Roar,1,654,100
21180050,<Table> [Standard] Endure,1,700,100
21180050,<Table> [Standard] Quickstep,1,800,100
21180050,<Table> [Standard] Bloodhound's Step,1,801,100
21180050,<Table> [Standard] Raptor of the Mists,1,802,100
21180060,,1,100,100
21180060,,1,101,100
21180060,,1,102,100
21180060,,1,103,100
21180060,,1,109,100
21180060,,1,112,100
21180060,,1,115,100
21180060,,1,123,100
21180060,,1,124,100
21180060,,1,210,100
21180060,,1,220,100
21180060,,1,502,100
21180060,,1,503,100
21180060,,1,506,100
21180060,,1,509,100
21180060,,1,600,100
21180060,,1,601,100
21180060,,1,607,100
21180060,,1,650,100
21180060,,1,651,100
21180060,,1,652,100
21180060,,1,654,100
21180060,,1,700,100
21180060,,1,800,100
21180060,,1,801,100
21180060,,1,802,100
21180800,<Table> [Magic] Spinning Weapon,1,120,50
21180800,<Table> [Magic] Glintblade Phalanx,1,200,50
21180800,<Table> [Magic] Glintstone Pebble,1,203,50
21180800,<Table> [Magic] Gravitas,1,209,50
21180800,<Table> [Magic] Carian Grandeur,1,218,100
21180800,<Table> [Magic] Carian Greatsword,1,219,100
21180810,,1,120,50
21180810,,1,200,50
21180810,,1,203,50
21180810,,1,209,50
21180810,,1,218,100
21180810,,1,219,100
21180810,,1,100,100
21180810,,1,101,100
21180810,,1,102,100
21180810,,1,103,100
21180810,,1,109,100
21180810,,1,112,100
21180810,,1,115,100
21180810,,1,123,100
21180810,,1,124,100
21180810,,1,210,100
21180810,,1,220,100
21180810,,1,502,100
21180810,,1,503,100
21180810,,1,506,100
21180810,,1,509,100
21180810,,1,600,100
21180810,,1,601,100
21180810,,1,607,100
21180810,,1,650,100
21180810,,1,651,100
21180810,,1,652,100
21180810,,1,654,100
21180810,,1,700,100
21180810,,1,800,100
21180810,,1,801,100
21180810,,1,802,100
21500000,<Table> [Standard] Lion's Claw,1,100,100
21500000,<Table> [Standard] Impaling Thrust,1,101,100
21500000,<Table> [Standard] Piercing Fang,1,102,100
21500000,<Table> [Standard] Spinning Slash,1,103,100
21500000,<Table> [Standard] Repeating Thrust,1,109,100
21500000,<Table> [Standard] Double Slash,1,112,100
21500000,<Table> [Standard] Square Off,1,115,100
21500000,<Table> [Standard] Stormcaller,1,123,100
21500000,<Table> [Standard] Sword Dance,1,124,100
21500000,<Table> [Standard] Storm Blade,1,210,100
21500000,<Table> [Standard] Vacuum Slice,1,220,100
21500000,<Table> [Standard] Storm Stomp,1,502,100
21500000,<Table> [Standard] Kick,1,503,100
21500000,<Table> [Standard] Ground Slam,1,506,100
21500000,<Table> [Standard] Hoarah Loux's Earthshaker,1,509,100
21500000,<Table> [Standard] Determination,1,600,100
21500000,<Table> [Standard] Royal Knight's Resolve,1,601,100
21500000,<Table> [Standard] Cragblade,1,607,100
21500000,<Table> [Standard] Barbaric Roar,1,650,100
21500000,<Table> [Standard] War Cry,1,651,100
21500000,<Table> [Standard] Beast's Roar,1,652,100
21500000,<Table> [Standard] Braggart's Roar,1,654,100
21500000,<Table> [Standard] Endure,1,700,100
21500000,<Table> [Standard] Quickstep,1,800,100
21500000,<Table> [Standard] Bloodhound's Step,1,801,100
21500000,<Table> [Standard] Raptor of the Mists,1,802,100
21500000,<Table> [Magic] Spinning Weapon,1,120,100
21500000,<Table> [Magic] Glintblade Phalanx,1,200,100
21500000,<Table> [Magic] Glintstone Pebble,1,203,100
21500000,<Table> [Magic] Gravitas,1,209,100
21500000,<Table> [Magic] Carian Grandeur,1,218,100
21500000,<Table> [Magic] Carian Greatsword,1,219,100
21500010,,1,100,100
21500010,,1,101,100
21500010,,1,102,100
21500010,,1,103,100
21500010,,1,109,100
21500010,,1,112,100
21500010,,1,115,100
21500010,,1,123,100
21500010,,1,124,100
21500010,,1,210,100
21500010,,1,220,100
21500010,,1,502,100
21500010,,1,503,100
21500010,,1,506,100
21500010,,1,509,100
21500010,,1,600,100
21500010,,1,601,100
21500010,,1,607,100
21500010,,1,650,100
21500010,,1,651,100
21500010,,1,652,100
21500010,,1,654,100
21500010,,1,700,100
21500010,,1,800,100
21500010,,1,801,100
21500010,,1,802,100
21500010,,1,120,100
21500010,,1,200,100
21500010,,1,203,100
21500010,,1,209,100
21500010,,1,218,100
21500010,,1,219,100
21500050,<Table> [Standard] Lion's Claw,1,100,100
21500050,<Table> [Standard] Impaling Thrust,1,101,100
21500050,<Table> [Standard] Piercing Fang,1,102,100
21500050,<Table> [Standard] Spinning Slash,1,103,100
21500050,<Table> [Standard] Repeating Thrust,1,109,100
21500050,<Table> [Standard] Double Slash,1,112,100
21500050,<Table> [Standard] Square Off,1,115,100
21500050,<Table> [Standard] Stormcaller,1,123,100
21500050,<Table> [Standard] Sword Dance,1,124,100
21500050,<Table> [Standard] Storm Blade,1,210,100
21500050,<Table> [Standard] Vacuum Slice,1,220,100
21500050,<Table> [Standard] Storm Stomp,1,502,100
21500050,<Table> [Standard] Kick,1,503,100
21500050,<Table> [Standard] Ground Slam,1,506,100
21500050,<Table> [Standard] Hoarah Loux's Earthshaker,1,509,100
21500050,<Table> [Standard] Determination,1,600,100
21500050,<Table> [Standard] Royal Knight's Resolve,1,601,100
21500050,<Table> [Standard] Cragblade,1,607,100
21500050,<Table> [Standard] Barbaric Roar,1,650,100
21500050,<Table> [Standard] War Cry,1,651,100
21500050,<Table> [Standard] Beast's Roar,1,652,100
21500050,<Table> [Standard] Braggart's Roar,1,654,100
21500050,<Table> [Standard] Endure,1,700,100
21500050,<Table> [Standard] Quickstep,1,800,100
21500050,<Table> [Standard] Bloodhound's Step,1,801,100
21500050,<Table> [Standard] Raptor of the Mists,1,802,100
21500060,,1,100,100
21500060,,1,101,100
21500060,,1,102,100
21500060,,1,103,100
21500060,,1,109,100
21500060,,1,112,100
21500060,,1,115,100
21500060,,1,123,100
21500060,,1,124,100
21500060,,1,210,100
21500060,,1,220,100
21500060,,1,502,100
21500060,,1,503,100
21500060,,1,506,100
21500060,,1,509,100
21500060,,1,600,100
21500060,,1,601,100
21500060,,1,607,100
21500060,,1,650,100
21500060,,1,651,100
21500060,,1,652,100
21500060,,1,654,100
21500060,,1,700,100
21500060,,1,800,100
21500060,,1,801,100
21500060,,1,802,100
21500800,<Table> [Magic] Spinning Weapon,1,120,100
21500800,<Table> [Magic] Glintblade Phalanx,1,200,100
21500800,<Table> [Magic] Glintstone Pebble,1,203,100
21500800,<Table> [Magic] Gravitas,1,209,100
21500800,<Table> [Magic] Carian Grandeur,1,218,100
21500800,<Table> [Magic] Carian Greatsword,1,219,100
21500810,,1,120,100
21500810,,1,200,100
21500810,,1,203,100
21500810,,1,209,100
21500810,,1,218,100
21500810,,1,219,100
21500810,,1,100,100
21500810,,1,101,100
21500810,,1,102,100
21500810,,1,103,100
21500810,,1,109,100
21500810,,1,112,100
21500810,,1,115,100
21500810,,1,123,100
21500810,,1,124,100
21500810,,1,210,100
21500810,,1,220,100
21500810,,1,502,100
21500810,,1,503,100
21500810,,1,506,100
21500810,,1,509,100
21500810,,1,600,100
21500810,,1,601,100
21500810,,1,607,100
21500810,,1,650,100
21500810,,1,651,100
21500810,,1,652,100
21500810,,1,654,100
21500810,,1,700,100
21500810,,1,800,100
21500810,,1,801,100
21500810,,1,802,100
22500000,<Table> [Standard] Lion's Claw,1,100,100
22500000,<Table> [Standard] Impaling Thrust,1,101,100
22500000,<Table> [Standard] Piercing Fang,1,102,100
22500000,<Table> [Standard] Spinning Slash,1,103,100
22500000,<Table> [Standard] Repeating Thrust,1,109,100
22500000,<Table> [Standard] Double Slash,1,112,100
22500000,<Table> [Standard] Square Off,1,115,100
22500000,<Table> [Standard] Stormcaller,1,123,100
22500000,<Table> [Standard] Sword Dance,1,124,100
22500000,<Table> [Standard] Storm Blade,1,210,100
22500000,<Table> [Standard] Vacuum Slice,1,220,100
22500000,<Table> [Standard] Storm Stomp,1,502,100
22500000,<Table> [Standard] Kick,1,503,100
22500000,<Table> [Standard] Ground Slam,1,506,100
22500000,<Table> [Standard] Hoarah Loux's Earthshaker,1,509,100
22500000,<Table> [Standard] Determination,1,600,100
22500000,<Table> [Standard] Royal Knight's Resolve,1,601,100
22500000,<Table> [Standard] Cragblade,1,607,100
22500000,<Table> [Standard] Barbaric Roar,1,650,100
22500000,<Table> [Standard] War Cry,1,651,100
22500000,<Table> [Standard] Beast's Roar,1,652,100
22500000,<Table> [Standard] Braggart's Roar,1,654,100
22500000,<Table> [Standard] Endure,1,700,100
22500000,<Table> [Standard] Quickstep,1,800,100
22500000,<Table> [Standard] Bloodhound's Step,1,801,100
22500000,<Table> [Standard] Raptor of the Mists,1,802,100
22500000,<Table> [Magic] Spinning Weapon,1,120,100
22500000,<Table> [Magic] Glintblade Phalanx,1,200,100
22500000,<Table> [Magic] Glintstone Pebble,1,203,100
22500000,<Table> [Magic] Gravitas,1,209,100
22500000,<Table> [Magic] Carian Grandeur,1,218,100
22500000,<Table> [Magic] Carian Greatsword,1,219,100
22500010,,1,100,100
22500010,,1,101,100
22500010,,1,102,100
22500010,,1,103,100
22500010,,1,109,100
22500010,,1,112,100
22500010,,1,115,100
22500010,,1,123,100
22500010,,1,124,100
22500010,,1,210,100
22500010,,1,220,100
22500010,,1,502,100
22500010,,1,503,100
22500010,,1,506,100
22500010,,1,509,100
22500010,,1,600,100
22500010,,1,601,100
22500010,,1,607,100
22500010,,1,650,100
22500010,,1,651,100
22500010,,1,652,100
22500010,,1,654,100
22500010,,1,700,100
22500010,,1,800,100
22500010,,1,801,100
22500010,,1,802,100
22500010,,1,120,100
22500010,,1,200,100
22500010,,1,203,100
22500010,,1,209,100
22500010,,1,218,100
22500010,,1,219,100
22500050,<Table> [Standard] Lion's Claw,1,100,100
22500050,<Table> [Standard] Impaling Thrust,1,101,100
22500050,<Table> [Standard] Piercing Fang,1,102,100
22500050,<Table> [Standard] Spinning Slash,1,103,100
22500050,<Table> [Standard] Repeating Thrust,1,109,100
22500050,<Table> [Standard] Double Slash,1,112,100
22500050,<Table> [Standard] Square Off,1,115,100
22500050,<Table> [Standard] Stormcaller,1,123,100
22500050,<Table> [Standard] Sword Dance,1,124,100
22500050,<Table> [Standard] Storm Blade,1,210,100
22500050,<Table> [Standard] Vacuum Slice,1,220,100
22500050,<Table> [Standard] Storm Stomp,1,502,100
22500050,<Table> [Standard] Kick,1,503,100
22500050,<Table> [Standard] Ground Slam,1,506,100
22500050,<Table> [Standard] Hoarah Loux's Earthshaker,1,509,100
22500050,<Table> [Standard] Determination,1,600,100
22500050,<Table> [Standard] Royal Knight's Resolve,1,601,100
22500050,<Table> [Standard] Cragblade,1,607,100
22500050,<Table> [Standard] Barbaric Roar,1,650,100
22500050,<Table> [Standard] War Cry,1,651,100
22500050,<Table> [Standard] Beast's Roar,1,652,100
22500050,<Table> [Standard] Braggart's Roar,1,654,100
22500050,<Table> [Standard] Endure,1,700,100
22500050,<Table> [Standard] Quickstep,1,800,100
22500050,<Table> [Standard] Bloodhound's Step,1,801,100
22500050,<Table> [Standard] Raptor of the Mists,1,802,100
22500060,,1,100,100
22500060,,1,101,100
22500060,,1,102,100
22500060,,1,103,100
22500060,,1,109,100
22500060,,1,112,100
22500060,,1,115,100
22500060,,1,123,100
22500060,,1,124,100
22500060,,1,210,100
22500060,,1,220,100
22500060,,1,502,100
22500060,,1,503,100
22500060,,1,506,100
22500060,,1,509,100
22500060,,1,600,100
22500060,,1,601,100
22500060,,1,607,100
22500060,,1,650,100
22500060,,1,651,100
22500060,,1,652,100
22500060,,1,654,100
22500060,,1,700,100
22500060,,1,800,100
22500060,,1,801,100
22500060,,1,802,100
22500800,<Table> [Magic] Spinning Weapon,1,120,50
22500800,<Table> [Magic] Glintblade Phalanx,1,200,50
22500800,<Table> [Magic] Glintstone Pebble,1,203,100
22500800,<Table> [Magic] Gravitas,1,209,50
22500800,<Table> [Magic] Carian Grandeur,1,218,50
22500800,<Table> [Magic] Carian Greatsword,1,219,50
22500810,,1,120,50
22500810,,1,200,50
22500810,,1,203,100
22500810,,1,209,50
22500810,,1,218,50
22500810,,1,219,50
22500810,,1,100,100
22500810,,1,101,100
22500810,,1,102,100
22500810,,1,103,100
22500810,,1,109,100
22500810,,1,112,100
22500810,,1,115,100
22500810,,1,123,100
22500810,,1,124,100
22500810,,1,210,100
22500810,,1,220,100
22500810,,1,502,100
22500810,,1,503,100
22500810,,1,506,100
22500810,,1,509,100
22500810,,1,600,100
22500810,,1,601,100
22500810,,1,607,100
22500810,,1,650,100
22500810,,1,651,100
22500810,,1,652,100
22500810,,1,654,100
22500810,,1,700,100
22500810,,1,800,100
22500810,,1,801,100
22500810,,1,802,100
22600000,<Table> [Standard] Lion's Claw,1,100,100
22600000,<Table> [Standard] Impaling Thrust,1,101,100
22600000,<Table> [Standard] Piercing Fang,1,102,100
22600000,<Table> [Standard] Spinning Slash,1,103,100
22600000,<Table> [Standard] Repeating Thrust,1,109,100
22600000,<Table> [Standard] Double Slash,1,112,100
22600000,<Table> [Standard] Square Off,1,115,100
22600000,<Table> [Standard] Stormcaller,1,123,100
22600000,<Table> [Standard] Sword Dance,1,124,100
22600000,<Table> [Standard] Storm Blade,1,210,100
22600000,<Table> [Standard] Vacuum Slice,1,220,100
22600000,<Table> [Standard] Storm Stomp,1,502,100
22600000,<Table> [Standard] Kick,1,503,100
22600000,<Table> [Standard] Ground Slam,1,506,100
22600000,<Table> [Standard] Hoarah Loux's Earthshaker,1,509,100
22600000,<Table> [Standard] Determination,1,600,100
22600000,<Table> [Standard] Royal Knight's Resolve,1,601,100
22600000,<Table> [Standard] Cragblade,1,607,100
22600000,<Table> [Standard] Barbaric Roar,1,650,100
22600000,<Table> [Standard] War Cry,1,651,100
22600000,<Table> [Standard] Beast's Roar,1,652,100
22600000,<Table> [Standard] Braggart's Roar,1,654,100
22600000,<Table> [Standard] Endure,1,700,100
22600000,<Table> [Standard] Quickstep,1,800,100
22600000,<Table> [Standard] Bloodhound's Step,1,801,100
22600000,<Table> [Standard] Raptor of the Mists,1,802,100
22600000,<Table> [Magic] Spinning Weapon,1,120,100
22600000,<Table> [Magic] Glintblade Phalanx,1,200,100
22600000,<Table> [Magic] Glintstone Pebble,1,203,100
22600000,<Table> [Magic] Gravitas,1,209,100
22600000,<Table> [Magic] Carian Grandeur,1,218,100
22600000,<Table> [Magic] Carian Greatsword,1,219,100
22600010,,1,100,100
22600010,,1,101,100
22600010,,1,102,100
22600010,,1,103,100
22600010,,1,109,100
22600010,,1,112,100
22600010,,1,115,100
22600010,,1,123,100
22600010,,1,124,100
22600010,,1,210,100
22600010,,1,220,100
22600010,,1,502,100
22600010,,1,503,100
22600010,,1,506,100
22600010,,1,509,100
22600010,,1,600,100
22600010,,1,601,100
22600010,,1,607,100
22600010,,1,650,100
22600010,,1,651,100
22600010,,1,652,100
22600010,,1,654,100
22600010,,1,700,100
22600010,,1,800,100
22600010,,1,801,100
22600010,,1,802,100
22600010,,1,120,100
22600010,,1,200,100
22600010,,1,203,100
22600010,,1,209,100
22600010,,1,218,100
22600010,,1,219,100
22600050,<Table> [Standard] Lion's Claw,1,100,100
22600050,<Table> [Standard] Impaling Thrust,1,101,100
22600050,<Table> [Standard] Piercing Fang,1,102,100
22600050,<Table> [Standard] Spinning Slash,1,103,100
22600050,<Table> [Standard] Repeating Thrust,1,109,100
22600050,<Table> [Standard] Double Slash,1,112,100
22600050,<Table> [Standard] Square Off,1,115,100
22600050,<Table> [Standard] Stormcaller,1,123,100
22600050,<Table> [Standard] Sword Dance,1,124,100
22600050,<Table> [Standard] Storm Blade,1,210,100
22600050,<Table> [Standard] Vacuum Slice,1,220,100
22600050,<Table> [Standard] Storm Stomp,1,502,100
22600050,<Table> [Standard] Kick,1,503,100
22600050,<Table> [Standard] Ground Slam,1,506,100
22600050,<Table> [Standard] Hoarah Loux's Earthshaker,1,509,100
22600050,<Table> [Standard] Determination,1,600,100
22600050,<Table> [Standard] Royal Knight's Resolve,1,601,100
22600050,<Table> [Standard] Cragblade,1,607,100
22600050,<Table> [Standard] Barbaric Roar,1,650,100
22600050,<Table> [Standard] War Cry,1,651,100
22600050,<Table> [Standard] Beast's Roar,1,652,100
22600050,<Table> [Standard] Braggart's Roar,1,654,100
22600050,<Table> [Standard] Endure,1,700,100
22600050,<Table> [Standard] Quickstep,1,800,100
22600050,<Table> [Standard] Bloodhound's Step,1,801,100
22600050,<Table> [Standard] Raptor of the Mists,1,802,100
22600060,,1,100,100
22600060,,1,101,100
22600060,,1,102,100
22600060,,1,103,100
22600060,,1,109,100
22600060,,1,112,100
22600060,,1,115,100
22600060,,1,123,100
22600060,,1,124,100
22600060,,1,210,100
22600060,,1,220,100
22600060,,1,502,100
22600060,,1,503,100
22600060,,1,506,100
22600060,,1,509,100
22600060,,1,600,100
22600060,,1,601,100
22600060,,1,607,100
22600060,,1,650,100
22600060,,1,651,100
22600060,,1,652,100
22600060,,1,654,100
22600060,,1,700,100
22600060,,1,800,100
22600060,,1,801,100
22600060,,1,802,100
22600800,<Table> [Magic] Spinning Weapon,1,120,100
22600800,<Table> [Magic] Glintblade Phalanx,1,200,100
22600800,<Table> [Magic] Glintstone Pebble,1,203,100
22600800,<Table> [Magic] Gravitas,1,209,100
22600800,<Table> [Magic] Carian Grandeur,1,218,100
22600800,<Table> [Magic] Carian Greatsword,1,219,100
22600810,,1,120,100
22600810,,1,200,100
22600810,,1,203,100
22600810,,1,209,100
22600810,,1,218,100
22600810,,1,219,100
22600810,,1,100,100
22600810,,1,101,100
22600810,,1,102,100
22600810,,1,103,100
22600810,,1,109,100
22600810,,1,112,100
22600810,,1,115,100
22600810,,1,123,100
22600810,,1,124,100
22600810,,1,210,100
22600810,,1,220,100
22600810,,1,502,100
22600810,,1,503,100
22600810,,1,506,100
22600810,,1,509,100
22600810,,1,600,100
22600810,,1,601,100
22600810,,1,607,100
22600810,,1,650,100
22600810,,1,651,100
22600810,,1,652,100
22600810,,1,654,100
22600810,,1,700,100
22600810,,1,800,100
22600810,,1,801,100
22600810,,1,802,100
30000000,<Greatsword> [Standard] Lion's Claw,1,100,100
30000000,<Greatsword> [Standard] Impaling Thrust,1,101,100
30000000,<Greatsword> [Standard] Piercing Fang,1,102,100
30000000,<Greatsword> [Standard] Spinning Slash,1,103,100
30000000,<Greatsword> [Standard] Stamp (Upward Cut),1,106,100
30000000,<Greatsword> [Standard] Stamp (Sweep),1,107,100
30000000,<Greatsword> [Standard] Repeating Thrust,1,109,100
30000000,<Greatsword> [Standard] Wild Strikes,1,110,100
30000000,<Greatsword> [Standard] Double Slash,1,112,100
30000000,<Greatsword> [Standard] Giant Hunt,1,116,100
30000000,<Greatsword> [Standard] Stormcaller,1,123,100
30000000,<Greatsword> [Standard] Sword Dance,1,124,100
30000000,<Greatsword> [Standard] Storm Blade,1,210,100
30000000,<Greatsword> [Standard] Vacuum Slice,1,220,100
30000000,<Greatsword> [Standard] Storm Stomp,1,502,100
30000000,<Greatsword> [Standard] Kick,1,503,100
30000000,<Greatsword> [Standard] Ground Slam,1,506,100
30000000,<Greatsword> [Standard] Hoarah Loux's Earthshaker,1,509,100
30000000,<Greatsword> [Standard] Determination,1,600,100
30000000,<Greatsword> [Standard] Royal Knight's Resolve,1,601,100
30000000,<Greatsword> [Standard] Cragblade,1,607,100
30000000,<Greatsword> [Standard] Barbaric Roar,1,650,100
30000000,<Greatsword> [Standard] War Cry,1,651,100
30000000,<Greatsword> [Standard] Beast's Roar,1,652,100
30000000,<Greatsword> [Standard] Troll's Roar,1,653,100
30000000,<Greatsword> [Standard] Braggart's Roar,1,654,100
30000000,<Greatsword> [Standard] Endure,1,700,100
30000000,<Greatsword> [Standard] Quickstep,1,800,100
30000000,<Greatsword> [Standard] Bloodhound's Step,1,801,100
30000000,<Greatsword> [Standard] Raptor of the Mists,1,802,100
30000000,<Greatsword> [Fire] Eruption,1,207,100
30000000,<Greatsword> [Fire] Flaming Strike,1,214,100
30000000,<Greatsword> [Fire] Flame of the Redmanes,1,505,100
30000000,<Greatsword> [Lightning] Thunderbolt,1,216,100
30000000,<Greatsword> [Lightning] Lightning Slash,1,217,100
30000000,<Greatsword> [Lightning] Lightning Ram,1,504,100
30000000,<Greatsword> [Holy] Sacred Blade,1,201,100
30000000,<Greatsword> [Holy] Golden Slam,1,507,100
30000000,<Greatsword> [Holy] Golden Vow,1,603,100
30000000,<Greatsword> [Holy] Sacred Order,1,604,100
30000000,<Greatsword> [Holy] Shared Order,1,605,100
30000000,<Greatsword> [Magic] Glintblade Phalanx,1,200,100
30000000,<Greatsword> [Magic] Glintstone Pebble,1,203,100
30000000,<Greatsword> [Magic] Gravitas,1,209,100
30000000,<Greatsword> [Magic] Carian Grandeur,1,218,100
30000000,<Greatsword> [Magic] Carian Greatsword,1,219,100
30000000,<Greatsword> [Frost] Chilling Mist,1,227,100
30000000,<Greatsword> [Frost] Hoarfrost Stomp,1,501,100
30000000,<Greatsword> [Poison] Poisonous Mist,1,228,100
30000000,<Greatsword> [Blood] Blood Tax,1,108,100
30000000,<Greatsword> [Blood] Bloody Slash,1,204,100
30000000,<Greatsword> [Blood] Seppuku,1,606,100
30000000,<Greatsword> [Standard] White Shadow's Lure,1,850,100
30000010,,1,100,100
30000010,,1,101,100
30000010,,1,102,100
30000010,,1,103,100
30000010,,1,106,100
30000010,,1,107,100
30000010,,1,109,100
30000010,,1,110,100
30000010,,1,112,100
30000010,,1,116,100
30000010,,1,123,100
30000010,,1,124,100
30000010,,1,210,100
30000010,,1,220,100
30000010,,1,502,100
30000010,,1,503,100
30000010,,1,506,100
30000010,,1,509,100
30000010,,1,600,100
30000010,,1,601,100
30000010,,1,607,100
30000010,,1,650,100
30000010,,1,651,100
30000010,,1,652,100
30000010,,1,653,100
30000010,,1,654,100
30000010,,1,700,100
30000010,,1,800,100
30000010,,1,801,100
30000010,,1,802,100
30000010,,1,207,100
30000010,,1,214,100
30000010,,1,505,100
30000010,,1,216,100
30000010,,1,217,100
30000010,,1,504,100
30000010,,1,201,100
30000010,,1,507,100
30000010,,1,603,100
30000010,,1,604,100
30000010,,1,605,100
30000010,,1,200,100
30000010,,1,203,100
30000010,,1,209,100
30000010,,1,218,100
30000010,,1,219,100
30000010,,1,227,100
30000010,,1,501,100
30000010,,1,228,100
30000010,,1,108,100
30000010,,1,204,100
30000010,,1,606,100
30000010,,1,850,100
30000050,<Untyped Greatsword> [Standard] Lion's Claw,1,100,100
30000050,<Untyped Greatsword> [Standard] Impaling Thrust,1,101,100
30000050,<Untyped Greatsword> [Standard] Piercing Fang,1,102,100
30000050,<Untyped Greatsword> [Standard] Spinning Slash,1,103,100
30000050,<Untyped Greatsword> [Standard] Stamp (Upward Cut),1,106,100
30000050,<Untyped Greatsword> [Standard] Stamp (Sweep),1,107,100
30000050,<Untyped Greatsword> [Standard] Repeating Thrust,1,109,100
30000050,<Untyped Greatsword> [Standard] Wild Strikes,1,110,100
30000050,<Untyped Greatsword> [Standard] Double Slash,1,112,100
30000050,<Untyped Greatsword> [Standard] Giant Hunt,1,116,100
30000050,<Untyped Greatsword> [Standard] Stormcaller,1,123,100
30000050,<Untyped Greatsword> [Standard] Sword Dance,1,124,100
30000050,<Untyped Greatsword> [Standard] Storm Blade,1,210,100
30000050,<Untyped Greatsword> [Standard] Vacuum Slice,1,220,100
30000050,<Untyped Greatsword> [Standard] Storm Stomp,1,502,100
30000050,<Untyped Greatsword> [Standard] Kick,1,503,100
30000050,<Untyped Greatsword> [Standard] Ground Slam,1,506,100
30000050,<Untyped Greatsword> [Standard] Hoarah Loux's Earthshaker,1,509,100
30000050,<Untyped Greatsword> [Standard] Determination,1,600,100
30000050,<Untyped Greatsword> [Standard] Royal Knight's Resolve,1,601,100
30000050,<Untyped Greatsword> [Standard] Cragblade,1,607,100
30000050,<Untyped Greatsword> [Standard] Barbaric Roar,1,650,100
30000050,<Untyped Greatsword> [Standard] War Cry,1,651,100
30000050,<Untyped Greatsword> [Standard] Beast's Roar,1,652,100
30000050,<Untyped Greatsword> [Standard] Troll's Roar,1,653,100
30000050,<Untyped Greatsword> [Standard] Braggart's Roar,1,654,100
30000050,<Untyped Greatsword> [Standard] Endure,1,700,100
30000050,<Untyped Greatsword> [Standard] Quickstep,1,800,100
30000050,<Untyped Greatsword> [Standard] Bloodhound's Step,1,801,100
30000050,<Untyped Greatsword> [Standard] Raptor of the Mists,1,802,100
30000060,,1,100,100
30000060,,1,101,100
30000060,,1,102,100
30000060,,1,103,100
30000060,,1,106,100
30000060,,1,107,100
30000060,,1,109,100
30000060,,1,110,100
30000060,,1,112,100
30000060,,1,116,100
30000060,,1,123,100
30000060,,1,124,100
30000060,,1,210,100
30000060,,1,220,100
30000060,,1,502,100
30000060,,1,503,100
30000060,,1,506,100
30000060,,1,509,100
30000060,,1,600,100
30000060,,1,601,100
30000060,,1,607,100
30000060,,1,650,100
30000060,,1,651,100
30000060,,1,652,100
30000060,,1,653,100
30000060,,1,654,100
30000060,,1,700,100
30000060,,1,800,100
30000060,,1,801,100
30000060,,1,802,100
30000100,<Elemental Greatsword> [Fire] Eruption,1,207,100
30000100,<Elemental Greatsword> [Fire] Flaming Strike,1,214,100
30000100,<Elemental Greatsword> [Fire] Flame of the Redmanes,1,505,100
30000100,<Elemental Greatsword> [Lightning] Thunderbolt,1,216,100
30000100,<Elemental Greatsword> [Lightning] Lightning Slash,1,217,100
30000100,<Elemental Greatsword> [Lightning] Lightning Ram,1,504,100
30000100,<Elemental Greatsword> [Holy] Sacred Blade,1,201,100
30000100,<Elemental Greatsword> [Holy] Golden Slam,1,507,100
30000100,<Elemental Greatsword> [Holy] Golden Vow,1,603,100
30000100,<Elemental Greatsword> [Holy] Sacred Order,1,604,100
30000100,<Elemental Greatsword> [Holy] Shared Order,1,605,100
30000100,<Elemental Greatsword> [Magic] Glintblade Phalanx,1,200,100
30000100,<Elemental Greatsword> [Magic] Glintstone Pebble,1,203,100
30000100,<Elemental Greatsword> [Magic] Gravitas,1,209,100
30000100,<Elemental Greatsword> [Magic] Carian Grandeur,1,218,100
30000100,<Elemental Greatsword> [Magic] Carian Greatsword,1,219,100
30000100,<Elemental Greatsword> [Frost] Chilling Mist,1,227,100
30000100,<Elemental Greatsword> [Frost] Hoarfrost Stomp,1,501,100
30000100,<Elemental Greatsword> [Poison] Poisonous Mist,1,228,100
30000100,<Elemental Greatsword> [Blood] Blood Tax,1,108,100
30000100,<Elemental Greatsword> [Blood] Bloody Slash,1,204,100
30000100,<Elemental Greatsword> [Blood] Seppuku,1,606,100
30000100,<Elemental Greatsword> [Standard] White Shadow's Lure,1,850,100
30000110,,1,207,100
30000110,,1,214,100
30000110,,1,505,100
30000110,,1,216,100
30000110,,1,217,100
30000110,,1,504,100
30000110,,1,201,100
30000110,,1,507,100
30000110,,1,603,100
30000110,,1,604,100
30000110,,1,605,100
30000110,,1,200,100
30000110,,1,203,100
30000110,,1,209,100
30000110,,1,218,100
30000110,,1,219,100
30000110,,1,227,100
30000110,,1,501,100
30000110,,1,228,100
30000110,,1,108,100
30000110,,1,204,100
30000110,,1,606,100
30000110,,1,850,100
30000110,,1,100,100
30000110,,1,101,100
30000110,,1,102,100
30000110,,1,103,100
30000110,,1,106,100
30000110,,1,107,100
30000110,,1,109,100
30000110,,1,110,100
30000110,,1,112,100
30000110,,1,116,100
30000110,,1,123,100
30000110,,1,124,100
30000110,,1,210,100
30000110,,1,220,100
30000110,,1,502,100
30000110,,1,503,100
30000110,,1,506,100
30000110,,1,509,100
30000110,,1,600,100
30000110,,1,601,100
30000110,,1,607,100
30000110,,1,650,100
30000110,,1,651,100
30000110,,1,652,100
30000110,,1,653,100
30000110,,1,654,100
30000110,,1,700,100
30000110,,1,800,100
30000110,,1,801,100
30000110,,1,802,100
30000500,<Fire Greatsword> [Fire] Eruption,1,207,100
30000500,<Fire Greatsword> [Fire] Flaming Strike,1,214,100
30000500,<Fire Greatsword> [Fire] Flame of the Redmanes,1,505,100
30000510,,1,207,100
30000510,,1,214,100
30000510,,1,505,100
30000510,,1,100,100
30000510,,1,101,100
30000510,,1,102,100
30000510,,1,103,100
30000510,,1,106,100
30000510,,1,107,100
30000510,,1,109,100
30000510,,1,110,100
30000510,,1,112,100
30000510,,1,116,100
30000510,,1,123,100
30000510,,1,124,100
30000510,,1,210,100
30000510,,1,220,100
30000510,,1,502,100
30000510,,1,503,100
30000510,,1,506,100
30000510,,1,509,100
30000510,,1,600,100
30000510,,1,601,100
30000510,,1,607,100
30000510,,1,650,100
30000510,,1,651,100
30000510,,1,652,100
30000510,,1,653,100
30000510,,1,654,100
30000510,,1,700,100
30000510,,1,800,100
30000510,,1,801,100
30000510,,1,802,100
30000600,<Lightning Greatsword> [Lightning] Thunderbolt,1,216,100
30000600,<Lightning Greatsword> [Lightning] Lightning Slash,1,217,100
30000600,<Lightning Greatsword> [Lightning] Lightning Ram,1,504,100
30000610,,1,216,100
30000610,,1,217,100
30000610,,1,504,100
30000610,,1,100,100
30000610,,1,101,100
30000610,,1,102,100
30000610,,1,103,100
30000610,,1,106,100
30000610,,1,107,100
30000610,,1,109,100
30000610,,1,110,100
30000610,,1,112,100
30000610,,1,116,100
30000610,,1,123,100
30000610,,1,124,100
30000610,,1,210,100
30000610,,1,220,100
30000610,,1,502,100
30000610,,1,503,100
30000610,,1,506,100
30000610,,1,509,100
30000610,,1,600,100
30000610,,1,601,100
30000610,,1,607,100
30000610,,1,650,100
30000610,,1,651,100
30000610,,1,652,100
30000610,,1,653,100
30000610,,1,654,100
30000610,,1,700,100
30000610,,1,800,100
30000610,,1,801,100
30000610,,1,802,100
30000700,<Holy Greatsword> [Holy] Sacred Blade,1,201,100
30000700,<Holy Greatsword> [Holy] Golden Slam,1,507,100
30000700,<Holy Greatsword> [Holy] Golden Vow,1,603,100
30000700,<Holy Greatsword> [Holy] Sacred Order,1,604,100
30000700,<Holy Greatsword> [Holy] Shared Order,1,605,100
30000710,,1,201,100
30000710,,1,507,100
30000710,,1,603,100
30000710,,1,604,100
30000710,,1,605,100
30000710,,1,100,100
30000710,,1,101,100
30000710,,1,102,100
30000710,,1,103,100
30000710,,1,106,100
30000710,,1,107,100
30000710,,1,109,100
30000710,,1,110,100
30000710,,1,112,100
30000710,,1,116,100
30000710,,1,123,100
30000710,,1,124,100
30000710,,1,210,100
30000710,,1,220,100
30000710,,1,502,100
30000710,,1,503,100
30000710,,1,506,100
30000710,,1,509,100
30000710,,1,600,100
30000710,,1,601,100
30000710,,1,607,100
30000710,,1,650,100
30000710,,1,651,100
30000710,,1,652,100
30000710,,1,653,100
30000710,,1,654,100
30000710,,1,700,100
30000710,,1,800,100
30000710,,1,801,100
30000710,,1,802,100
30000800,<Magic Greatsword> [Magic] Glintblade Phalanx,1,200,100
30000800,<Magic Greatsword> [Magic] Glintstone Pebble,1,203,100
30000800,<Magic Greatsword> [Magic] Gravitas,1,209,100
30000800,<Magic Greatsword> [Magic] Carian Grandeur,1,218,100
30000800,<Magic Greatsword> [Magic] Carian Greatsword,1,219,100
30000810,,1,200,100
30000810,,1,203,100
30000810,,1,209,100
30000810,,1,218,100
30000810,,1,219,100
30000810,,1,100,100
30000810,,1,101,100
30000810,,1,102,100
30000810,,1,103,100
30000810,,1,106,100
30000810,,1,107,100
30000810,,1,109,100
30000810,,1,110,100
30000810,,1,112,100
30000810,,1,116,100
30000810,,1,123,100
30000810,,1,124,100
30000810,,1,210,100
30000810,,1,220,100
30000810,,1,502,100
30000810,,1,503,100
30000810,,1,506,100
30000810,,1,509,100
30000810,,1,600,100
30000810,,1,601,100
30000810,,1,607,100
30000810,,1,650,100
30000810,,1,651,100
30000810,,1,652,100
30000810,,1,653,100
30000810,,1,654,100
30000810,,1,700,100
30000810,,1,800,100
30000810,,1,801,100
30000810,,1,802,100
30000900,<Frost Greatsword> [Frost] Chilling Mist,1,227,100
30000900,<Frost Greatsword> [Frost] Hoarfrost Stomp,1,501,100
30000910,,1,227,100
30000910,,1,501,100
30000910,,1,100,100
30000910,,1,101,100
30000910,,1,102,100
30000910,,1,103,100
30000910,,1,106,100
30000910,,1,107,100
30000910,,1,109,100
30000910,,1,110,100
30000910,,1,112,100
30000910,,1,116,100
30000910,,1,123,100
30000910,,1,124,100
30000910,,1,210,100
30000910,,1,220,100
30000910,,1,502,100
30000910,,1,503,100
30000910,,1,506,100
30000910,,1,509,100
30000910,,1,600,100
30000910,,1,601,100
30000910,,1,607,100
30000910,,1,650,100
30000910,,1,651,100
30000910,,1,652,100
30000910,,1,653,100
30000910,,1,654,100
30000910,,1,700,100
30000910,,1,800,100
30000910,,1,801,100
30000910,,1,802,100
30001000,<Poison Greatsword> [Poison] Poisonous Mist,1,228,100
30001010,,1,228,100
30001010,,1,100,100
30001010,,1,101,100
30001010,,1,102,100
30001010,,1,103,100
30001010,,1,106,100
30001010,,1,107,100
30001010,,1,109,100
30001010,,1,110,100
30001010,,1,112,100
30001010,,1,116,100
30001010,,1,123,100
30001010,,1,124,100
30001010,,1,210,100
30001010,,1,220,100
30001010,,1,502,100
30001010,,1,503,100
30001010,,1,506,100
30001010,,1,509,100
30001010,,1,600,100
30001010,,1,601,100
30001010,,1,607,100
30001010,,1,650,100
30001010,,1,651,100
30001010,,1,652,100
30001010,,1,653,100
30001010,,1,654,100
30001010,,1,700,100
30001010,,1,800,100
30001010,,1,801,100
30001010,,1,802,100
30001100,<Blood Greatsword> [Blood] Blood Tax,1,108,100
30001100,<Blood Greatsword> [Blood] Bloody Slash,1,204,100
30001100,<Blood Greatsword> [Blood] Seppuku,1,606,100
30001110,,1,108,100
30001110,,1,204,100
30001110,,1,606,100
30001110,,1,100,100
30001110,,1,101,100
30001110,,1,102,100
30001110,,1,103,100
30001110,,1,106,100
30001110,,1,107,100
30001110,,1,109,100
30001110,,1,110,100
30001110,,1,112,100
30001110,,1,116,100
30001110,,1,123,100
30001110,,1,124,100
30001110,,1,210,100
30001110,,1,220,100
30001110,,1,502,100
30001110,,1,503,100
30001110,,1,506,100
30001110,,1,509,100
30001110,,1,600,100
30001110,,1,601,100
30001110,,1,607,100
30001110,,1,650,100
30001110,,1,651,100
30001110,,1,652,100
30001110,,1,653,100
30001110,,1,654,100
30001110,,1,700,100
30001110,,1,800,100
30001110,,1,801,100
30001110,,1,802,100
30001200,<Shadow Greatsword> [Standard] White Shadow's Lure,1,850,100
30001210,,1,850,100
30001210,,1,100,100
30001210,,1,101,100
30001210,,1,102,100
30001210,,1,103,100
30001210,,1,106,100
30001210,,1,107,100
30001210,,1,109,100
30001210,,1,110,100
30001210,,1,112,100
30001210,,1,116,100
30001210,,1,123,100
30001210,,1,124,100
30001210,,1,210,100
30001210,,1,220,100
30001210,,1,502,100
30001210,,1,503,100
30001210,,1,506,100
30001210,,1,509,100
30001210,,1,600,100
30001210,,1,601,100
30001210,,1,607,100
30001210,,1,650,100
30001210,,1,651,100
30001210,,1,652,100
30001210,,1,653,100
30001210,,1,654,100
30001210,,1,700,100
30001210,,1,800,100
30001210,,1,801,100
30001210,,1,802,100
40000000,<Colossal Sword> [Standard] Lion's Claw,1,100,100
40000000,<Colossal Sword> [Standard] Stamp (Upward Cut),1,106,100
40000000,<Colossal Sword> [Standard] Stamp (Sweep),1,107,100
40000000,<Colossal Sword> [Standard] Giant Hunt,1,116,100
40000000,<Colossal Sword> [Standard] Earthshaker,1,212,100
40000000,<Colossal Sword> [Standard] Vacuum Slice,1,220,100
40000000,<Colossal Sword> [Standard] Storm Stomp,1,502,100
40000000,<Colossal Sword> [Standard] Kick,1,503,100
40000000,<Colossal Sword> [Standard] Ground Slam,1,506,100
40000000,<Colossal Sword> [Standard] Hoarah Loux's Earthshaker,1,509,100
40000000,<Colossal Sword> [Standard] Determination,1,600,100
40000000,<Colossal Sword> [Standard] Royal Knight's Resolve,1,601,100
40000000,<Colossal Sword> [Standard] Cragblade,1,607,100
40000000,<Colossal Sword> [Standard] Barbaric Roar,1,650,100
40000000,<Colossal Sword> [Standard] War Cry,1,651,100
40000000,<Colossal Sword> [Standard] Beast's Roar,1,652,100
40000000,<Colossal Sword> [Standard] Troll's Roar,1,653,100
40000000,<Colossal Sword> [Standard] Braggart's Roar,1,654,100
40000000,<Colossal Sword> [Standard] Endure,1,700,100
40000000,<Colossal Sword> [Standard] Quickstep,1,800,100
40000000,<Colossal Sword> [Standard] Bloodhound's Step,1,801,100
40000000,<Colossal Sword> [Standard] Raptor of the Mists,1,802,100
40000000,<Colossal Sword> [Fire] Eruption,1,207,100
40000000,<Colossal Sword> [Fire] Flame of the Redmanes,1,505,100
40000000,<Colossal Sword> [Lightning] Thunderbolt,1,216,100
40000000,<Colossal Sword> [Lightning] Lightning Slash,1,217,100
40000000,<Colossal Sword> [Lightning] Lightning Ram,1,504,100
40000000,<Colossal Sword> [Holy] Sacred Blade,1,201,100
40000000,<Colossal Sword> [Holy] Golden Land,1,213,100
40000000,<Colossal Sword> [Holy] Golden Slam,1,507,100
40000000,<Colossal Sword> [Holy] Golden Vow,1,603,100
40000000,<Colossal Sword> [Holy] Sacred Order,1,604,100
40000000,<Colossal Sword> [Holy] Shared Order,1,605,100
40000000,<Colossal Sword> [Magic] Gravitas,1,209,100
40000000,<Colossal Sword> [Magic] Waves of Darkness,1,508,100
40000000,<Colossal Sword> [Frost] Chilling Mist,1,227,100
40000000,<Colossal Sword> [Frost] Hoarfrost Stomp,1,501,100
40000000,<Colossal Sword> [Poison] Poisonous Mist,1,228,100
40000000,<Colossal Sword> [Standard] White Shadow's Lure,1,850,100
40000010,,1,100,100
40000010,,1,106,100
40000010,,1,107,100
40000010,,1,116,100
40000010,,1,212,100
40000010,,1,220,100
40000010,,1,502,100
40000010,,1,503,100
40000010,,1,506,100
40000010,,1,509,100
40000010,,1,600,100
40000010,,1,601,100
40000010,,1,607,100
40000010,,1,650,100
40000010,,1,651,100
40000010,,1,652,100
40000010,,1,653,100
40000010,,1,654,100
40000010,,1,700,100
40000010,,1,800,100
40000010,,1,801,100
40000010,,1,802,100
40000010,,1,207,100
40000010,,1,505,100
40000010,,1,216,100
40000010,,1,217,100
40000010,,1,504,100
40000010,,1,201,100
40000010,,1,213,100
40000010,,1,507,100
40000010,,1,603,100
40000010,,1,604,100
40000010,,1,605,100
40000010,,1,209,100
40000010,,1,508,100
40000010,,1,227,100
40000010,,1,501,100
40000010,,1,228,100
40000010,,1,850,100
40000050,<Untyped Colossal Sword> [Standard] Lion's Claw,1,100,100
40000050,<Untyped Colossal Sword> [Standard] Stamp (Upward Cut),1,106,100
40000050,<Untyped Colossal Sword> [Standard] Stamp (Sweep),1,107,100
40000050,<Untyped Colossal Sword> [Standard] Giant Hunt,1,116,100
40000050,<Untyped Colossal Sword> [Standard] Earthshaker,1,212,100
40000050,<Untyped Colossal Sword> [Standard] Vacuum Slice,1,220,100
40000050,<Untyped Colossal Sword> [Standard] Storm Stomp,1,502,100
40000050,<Untyped Colossal Sword> [Standard] Kick,1,503,100
40000050,<Untyped Colossal Sword> [Standard] Ground Slam,1,506,100
40000050,<Untyped Colossal Sword> [Standard] Hoarah Loux's Earthshaker,1,509,100
40000050,<Untyped Colossal Sword> [Standard] Determination,1,600,100
40000050,<Untyped Colossal Sword> [Standard] Royal Knight's Resolve,1,601,100
40000050,<Untyped Colossal Sword> [Standard] Cragblade,1,607,100
40000050,<Untyped Colossal Sword> [Standard] Barbaric Roar,1,650,100
40000050,<Untyped Colossal Sword> [Standard] War Cry,1,651,100
40000050,<Untyped Colossal Sword> [Standard] Beast's Roar,1,652,100
40000050,<Untyped Colossal Sword> [Standard] Troll's Roar,1,653,100
40000050,<Untyped Colossal Sword> [Standard] Braggart's Roar,1,654,100
40000050,<Untyped Colossal Sword> [Standard] Endure,1,700,100
40000050,<Untyped Colossal Sword> [Standard] Quickstep,1,800,100
40000050,<Untyped Colossal Sword> [Standard] Bloodhound's Step,1,801,100
40000050,<Untyped Colossal Sword> [Standard] Raptor of the Mists,1,802,100
40000060,,1,100,100
40000060,,1,106,100
40000060,,1,107,100
40000060,,1,116,100
40000060,,1,212,100
40000060,,1,220,100
40000060,,1,502,100
40000060,,1,503,100
40000060,,1,506,100
40000060,,1,509,100
40000060,,1,600,100
40000060,,1,601,100
40000060,,1,607,100
40000060,,1,650,100
40000060,,1,651,100
40000060,,1,652,100
40000060,,1,653,100
40000060,,1,654,100
40000060,,1,700,100
40000060,,1,800,100
40000060,,1,801,100
40000060,,1,802,100
40000100,<Elemental Colossal Sword> [Fire] Eruption,1,207,100
40000100,<Elemental Colossal Sword> [Fire] Flame of the Redmanes,1,505,100
40000100,<Elemental Colossal Sword> [Lightning] Thunderbolt,1,216,100
40000100,<Elemental Colossal Sword> [Lightning] Lightning Slash,1,217,100
40000100,<Elemental Colossal Sword> [Lightning] Lightning Ram,1,504,100
40000100,<Elemental Colossal Sword> [Holy] Sacred Blade,1,201,100
40000100,<Elemental Colossal Sword> [Holy] Golden Land,1,213,100
40000100,<Elemental Colossal Sword> [Holy] Golden Slam,1,507,100
40000100,<Elemental Colossal Sword> [Holy] Golden Vow,1,603,100
40000100,<Elemental Colossal Sword> [Holy] Sacred Order,1,604,100
40000100,<Elemental Colossal Sword> [Holy] Shared Order,1,605,100
40000100,<Elemental Colossal Sword> [Magic] Gravitas,1,209,100
40000100,<Elemental Colossal Sword> [Magic] Waves of Darkness,1,508,100
40000100,<Elemental Colossal Sword> [Frost] Chilling Mist,1,227,100
40000100,<Elemental Colossal Sword> [Frost] Hoarfrost Stomp,1,501,100
40000100,<Elemental Colossal Sword> [Poison] Poisonous Mist,1,228,100
40000100,<Elemental Colossal Sword> [Standard] White Shadow's Lure,1,850,100
40000110,,1,207,100
40000110,,1,505,100
40000110,,1,216,100
40000110,,1,217,100
40000110,,1,504,100
40000110,,1,201,100
40000110,,1,213,100
40000110,,1,507,100
40000110,,1,603,100
40000110,,1,604,100
40000110,,1,605,100
40000110,,1,209,100
40000110,,1,508,100
40000110,,1,227,100
40000110,,1,501,100
40000110,,1,228,100
40000110,,1,850,100
40000110,,1,100,100
40000110,,1,106,100
40000110,,1,107,100
40000110,,1,116,100
40000110,,1,212,100
40000110,,1,220,100
40000110,,1,502,100
40000110,,1,503,100
40000110,,1,506,100
40000110,,1,509,100
40000110,,1,600,100
40000110,,1,601,100
40000110,,1,607,100
40000110,,1,650,100
40000110,,1,651,100
40000110,,1,652,100
40000110,,1,653,100
40000110,,1,654,100
40000110,,1,700,100
40000110,,1,800,100
40000110,,1,801,100
40000110,,1,802,100
40000500,<Fire Colossal Sword> [Fire] Eruption,1,207,100
40000500,<Fire Colossal Sword> [Fire] Flame of the Redmanes,1,505,100
40000510,,1,207,100
40000510,,1,505,100
40000510,,1,100,100
40000510,,1,106,100
40000510,,1,107,100
40000510,,1,116,100
40000510,,1,212,100
40000510,,1,220,100
40000510,,1,502,100
40000510,,1,503,100
40000510,,1,506,100
40000510,,1,509,100
40000510,,1,600,100
40000510,,1,601,100
40000510,,1,607,100
40000510,,1,650,100
40000510,,1,651,100
40000510,,1,652,100
40000510,,1,653,100
40000510,,1,654,100
40000510,,1,700,100
40000510,,1,800,100
40000510,,1,801,100
40000510,,1,802,100
40000600,<Lightning Colossal Sword> [Lightning] Thunderbolt,1,216,100
40000600,<Lightning Colossal Sword> [Lightning] Lightning Slash,1,217,100
40000600,<Lightning Colossal Sword> [Lightning] Lightning Ram,1,504,100
40000610,,1,216,100
40000610,,1,217,100
40000610,,1,504,100
40000610,,1,100,100
40000610,,1,106,100
40000610,,1,107,100
40000610,,1,116,100
40000610,,1,212,100
40000610,,1,220,100
40000610,,1,502,100
40000610,,1,503,100
40000610,,1,506,100
40000610,,1,509,100
40000610,,1,600,100
40000610,,1,601,100
40000610,,1,607,100
40000610,,1,650,100
40000610,,1,651,100
40000610,,1,652,100
40000610,,1,653,100
40000610,,1,654,100
40000610,,1,700,100
40000610,,1,800,100
40000610,,1,801,100
40000610,,1,802,100
40000700,<Holy Colossal Sword> [Holy] Sacred Blade,1,201,100
40000700,<Holy Colossal Sword> [Holy] Golden Land,1,213,100
40000700,<Holy Colossal Sword> [Holy] Golden Slam,1,507,100
40000700,<Holy Colossal Sword> [Holy] Golden Vow,1,603,100
40000700,<Holy Colossal Sword> [Holy] Sacred Order,1,604,100
40000700,<Holy Colossal Sword> [Holy] Shared Order,1,605,100
40000710,,1,201,100
40000710,,1,213,100
40000710,,1,507,100
40000710,,1,603,100
40000710,,1,604,100
40000710,,1,605,100
40000710,,1,100,100
40000710,,1,106,100
40000710,,1,107,100
40000710,,1,116,100
40000710,,1,212,100
40000710,,1,220,100
40000710,,1,502,100
40000710,,1,503,100
40000710,,1,506,100
40000710,,1,509,100
40000710,,1,600,100
40000710,,1,601,100
40000710,,1,607,100
40000710,,1,650,100
40000710,,1,651,100
40000710,,1,652,100
40000710,,1,653,100
40000710,,1,654,100
40000710,,1,700,100
40000710,,1,800,100
40000710,,1,801,100
40000710,,1,802,100
40000800,<Magic Colossal Sword> [Magic] Gravitas,1,209,100
40000800,<Magic Colossal Sword> [Magic] Waves of Darkness,1,508,100
40000810,,1,209,100
40000810,,1,508,100
40000810,,1,100,100
40000810,,1,106,100
40000810,,1,107,100
40000810,,1,116,100
40000810,,1,212,100
40000810,,1,220,100
40000810,,1,502,100
40000810,,1,503,100
40000810,,1,506,100
40000810,,1,509,100
40000810,,1,600,100
40000810,,1,601,100
40000810,,1,607,100
40000810,,1,650,100
40000810,,1,651,100
40000810,,1,652,100
40000810,,1,653,100
40000810,,1,654,100
40000810,,1,700,100
40000810,,1,800,100
40000810,,1,801,100
40000810,,1,802,100
40000900,<Frost Colossal Sword> [Frost] Chilling Mist,1,227,100
40000900,<Frost Colossal Sword> [Frost] Hoarfrost Stomp,1,501,100
40000910,,1,227,100
40000910,,1,501,100
40000910,,1,100,100
40000910,,1,106,100
40000910,,1,107,100
40000910,,1,116,100
40000910,,1,212,100
40000910,,1,220,100
40000910,,1,502,100
40000910,,1,503,100
40000910,,1,506,100
40000910,,1,509,100
40000910,,1,600,100
40000910,,1,601,100
40000910,,1,607,100
40000910,,1,650,100
40000910,,1,651,100
40000910,,1,652,100
40000910,,1,653,100
40000910,,1,654,100
40000910,,1,700,100
40000910,,1,800,100
40000910,,1,801,100
40000910,,1,802,100
40001000,<Poison Colossal Sword> [Poison] Poisonous Mist,1,228,100
40001010,,1,228,100
40001010,,1,100,100
40001010,,1,106,100
40001010,,1,107,100
40001010,,1,116,100
40001010,,1,212,100
40001010,,1,220,100
40001010,,1,502,100
40001010,,1,503,100
40001010,,1,506,100
40001010,,1,509,100
40001010,,1,600,100
40001010,,1,601,100
40001010,,1,607,100
40001010,,1,650,100
40001010,,1,651,100
40001010,,1,652,100
40001010,,1,653,100
40001010,,1,654,100
40001010,,1,700,100
40001010,,1,800,100
40001010,,1,801,100
40001010,,1,802,100
40001200,<Shadow Colossal Sword> [Standard] White Shadow's Lure,1,850,100
40001210,,1,850,100
40001210,,1,100,100
40001210,,1,106,100
40001210,,1,107,100
40001210,,1,116,100
40001210,,1,212,100
40001210,,1,220,100
40001210,,1,502,100
40001210,,1,503,100
40001210,,1,506,100
40001210,,1,509,100
40001210,,1,600,100
40001210,,1,601,100
40001210,,1,607,100
40001210,,1,650,100
40001210,,1,651,100
40001210,,1,652,100
40001210,,1,653,100
40001210,,1,654,100
40001210,,1,700,100
40001210,,1,800,100
40001210,,1,801,100
40001210,,1,802,100
41100000,<Table> [Standard] Lion's Claw,1,100,100
41100000,<Table> [Standard] Stamp (Upward Cut),1,106,100
41100000,<Table> [Standard] Stamp (Sweep),1,107,100
41100000,<Table> [Standard] Giant Hunt,1,116,100
41100000,<Table> [Standard] Earthshaker,1,212,100
41100000,<Table> [Standard] Vacuum Slice,1,220,100
41100000,<Table> [Standard] Storm Stomp,1,502,100
41100000,<Table> [Standard] Kick,1,503,100
41100000,<Table> [Standard] Ground Slam,1,506,100
41100000,<Table> [Standard] Hoarah Loux's Earthshaker,1,509,100
41100000,<Table> [Standard] Determination,1,600,100
41100000,<Table> [Standard] Royal Knight's Resolve,1,601,100
41100000,<Table> [Standard] Cragblade,1,607,100
41100000,<Table> [Standard] Barbaric Roar,1,650,100
41100000,<Table> [Standard] War Cry,1,651,100
41100000,<Table> [Standard] Beast's Roar,1,652,100
41100000,<Table> [Standard] Troll's Roar,1,653,100
41100000,<Table> [Standard] Braggart's Roar,1,654,100
41100000,<Table> [Standard] Endure,1,700,100
41100000,<Table> [Standard] Quickstep,1,800,100
41100000,<Table> [Standard] Bloodhound's Step,1,801,100
41100000,<Table> [Standard] Raptor of the Mists,1,802,100
41100000,<Table> [Magic] Gravitas,1,209,100
41100000,<Table> [Magic] Waves of Darkness,1,508,100
41100010,,1,100,100
41100010,,1,106,100
41100010,,1,107,100
41100010,,1,116,100
41100010,,1,212,100
41100010,,1,220,100
41100010,,1,502,100
41100010,,1,503,100
41100010,,1,506,100
41100010,,1,509,100
41100010,,1,600,100
41100010,,1,601,100
41100010,,1,607,100
41100010,,1,650,100
41100010,,1,651,100
41100010,,1,652,100
41100010,,1,653,100
41100010,,1,654,100
41100010,,1,700,100
41100010,,1,800,100
41100010,,1,801,100
41100010,,1,802,100
41100010,,1,209,100
41100010,,1,508,100
41100050,<Table> [Standard] Lion's Claw,1,100,100
41100050,<Table> [Standard] Stamp (Upward Cut),1,106,100
41100050,<Table> [Standard] Stamp (Sweep),1,107,100
41100050,<Table> [Standard] Giant Hunt,1,116,100
41100050,<Table> [Standard] Earthshaker,1,212,100
41100050,<Table> [Standard] Vacuum Slice,1,220,100
41100050,<Table> [Standard] Storm Stomp,1,502,100
41100050,<Table> [Standard] Kick,1,503,100
41100050,<Table> [Standard] Ground Slam,1,506,100
41100050,<Table> [Standard] Hoarah Loux's Earthshaker,1,509,100
41100050,<Table> [Standard] Determination,1,600,100
41100050,<Table> [Standard] Royal Knight's Resolve,1,601,100
41100050,<Table> [Standard] Cragblade,1,607,100
41100050,<Table> [Standard] Barbaric Roar,1,650,100
41100050,<Table> [Standard] War Cry,1,651,100
41100050,<Table> [Standard] Beast's Roar,1,652,100
41100050,<Table> [Standard] Troll's Roar,1,653,100
41100050,<Table> [Standard] Braggart's Roar,1,654,100
41100050,<Table> [Standard] Endure,1,700,100
41100050,<Table> [Standard] Quickstep,1,800,100
41100050,<Table> [Standard] Bloodhound's Step,1,801,100
41100050,<Table> [Standard] Raptor of the Mists,1,802,100
41100060,,1,100,100
41100060,,1,106,100
41100060,,1,107,100
41100060,,1,116,100
41100060,,1,212,100
41100060,,1,220,100
41100060,,1,502,100
41100060,,1,503,100
41100060,,1,506,100
41100060,,1,509,100
41100060,,1,600,100
41100060,,1,601,100
41100060,,1,607,100
41100060,,1,650,100
41100060,,1,651,100
41100060,,1,652,100
41100060,,1,653,100
41100060,,1,654,100
41100060,,1,700,100
41100060,,1,800,100
41100060,,1,801,100
41100060,,1,802,100
41100800,<Table> [Magic] Gravitas,1,209,100
41100800,<Table> [Magic] Waves of Darkness,1,508,100
41100810,,1,209,100
41100810,,1,508,100
41100810,,1,100,100
41100810,,1,106,100
41100810,,1,107,100
41100810,,1,116,100
41100810,,1,212,100
41100810,,1,220,100
41100810,,1,502,100
41100810,,1,503,100
41100810,,1,506,100
41100810,,1,509,100
41100810,,1,600,100
41100810,,1,601,100
41100810,,1,607,100
41100810,,1,650,100
41100810,,1,651,100
41100810,,1,652,100
41100810,,1,653,100
41100810,,1,654,100
41100810,,1,700,100
41100810,,1,800,100
41100810,,1,801,100
41100810,,1,802,100
50000000,<Thrusting Sword> [Standard] Impaling Thrust,1,101,100
50000000,<Thrusting Sword> [Standard] Repeating Thrust,1,109,100
50000000,<Thrusting Sword> [Standard] Storm Blade,1,210,100
50000000,<Thrusting Sword> [Standard] Vacuum Slice,1,220,100
50000000,<Thrusting Sword> [Standard] Parry,1,302,100
50000000,<Thrusting Sword> [Standard] Storm Stomp,1,502,100
50000000,<Thrusting Sword> [Standard] Kick,1,503,100
50000000,<Thrusting Sword> [Standard] Ground Slam,1,506,100
50000000,<Thrusting Sword> [Standard] Determination,1,600,100
50000000,<Thrusting Sword> [Standard] Royal Knight's Resolve,1,601,100
50000000,<Thrusting Sword> [Standard] Cragblade,1,607,100
50000000,<Thrusting Sword> [Standard] Endure,1,700,100
50000000,<Thrusting Sword> [Standard] Quickstep,1,800,100
50000000,<Thrusting Sword> [Standard] Bloodhound's Step,1,801,100
50000000,<Thrusting Sword> [Standard] Raptor of the Mists,1,802,100
50000000,<Thrusting Sword> [Standard] White Shadow's Lure,1,850,100
50000000,<Thrusting Sword> [Fire] Flaming Strike,1,214,100
50000000,<Thrusting Sword> [Fire] Flame of the Redmanes,1,505,100
50000000,<Thrusting Sword> [Lightning] Thunderbolt,1,216,100
50000000,<Thrusting Sword> [Lightning] Lightning Ram,1,504,100
50000000,<Thrusting Sword> [Holy] Sacred Blade,1,201,100
50000000,<Thrusting Sword> [Holy] Golden Slam,1,507,100
50000000,<Thrusting Sword> [Holy] Golden Vow,1,603,100
50000000,<Thrusting Sword> [Holy] Sacred Order,1,604,100
50000000,<Thrusting Sword> [Holy] Shared Order,1,605,100
50000000,<Thrusting Sword> [Magic] Spinning Weapon,1,120,100
50000000,<Thrusting Sword> [Magic] Glintblade Phalanx,1,200,100
50000000,<Thrusting Sword> [Magic] Glintstone Pebble,1,203,100
50000000,<Thrusting Sword> [Magic] Gravitas,1,209,100
50000000,<Thrusting Sword> [Magic] Carian Grandeur,1,218,100
50000000,<Thrusting Sword> [Magic] Carian Greatsword,1,219,100
50000000,<Thrusting Sword> [Frost] Chilling Mist,1,227,100
50000000,<Thrusting Sword> [Frost] Hoarfrost Stomp,1,501,100
50000000,<Thrusting Sword> [Poison] Poison Moth Flight,1,119,100
50000000,<Thrusting Sword> [Poison] Poisonous Mist,1,228,100
50000000,<Thrusting Sword> [Blood] Blood Tax,1,108,100
50000000,<Thrusting Sword> [Blood] Seppuku,1,606,100
50000000,<Thrusting Sword> [Standard] White Shadow's Lure,1,850,100
50000010,,1,101,100
50000010,,1,109,100
50000010,,1,210,100
50000010,,1,220,100
50000010,,1,302,100
50000010,,1,502,100
50000010,,1,503,100
50000010,,1,506,100
50000010,,1,600,100
50000010,,1,601,100
50000010,,1,607,100
50000010,,1,700,100
50000010,,1,800,100
50000010,,1,801,100
50000010,,1,802,100
50000010,,1,850,100
50000010,,1,214,100
50000010,,1,505,100
50000010,,1,216,100
50000010,,1,504,100
50000010,,1,201,100
50000010,,1,507,100
50000010,,1,603,100
50000010,,1,604,100
50000010,,1,605,100
50000010,,1,120,100
50000010,,1,200,100
50000010,,1,203,100
50000010,,1,209,100
50000010,,1,218,100
50000010,,1,219,100
50000010,,1,227,100
50000010,,1,501,100
50000010,,1,119,100
50000010,,1,228,100
50000010,,1,108,100
50000010,,1,606,100
50000010,,1,850,100
50000050,<Untyped Thrusting Sword> [Standard] Impaling Thrust,1,101,100
50000050,<Untyped Thrusting Sword> [Standard] Repeating Thrust,1,109,100
50000050,<Untyped Thrusting Sword> [Standard] Storm Blade,1,210,100
50000050,<Untyped Thrusting Sword> [Standard] Vacuum Slice,1,220,100
50000050,<Untyped Thrusting Sword> [Standard] Parry,1,302,100
50000050,<Untyped Thrusting Sword> [Standard] Storm Stomp,1,502,100
50000050,<Untyped Thrusting Sword> [Standard] Kick,1,503,100
50000050,<Untyped Thrusting Sword> [Standard] Ground Slam,1,506,100
50000050,<Untyped Thrusting Sword> [Standard] Determination,1,600,100
50000050,<Untyped Thrusting Sword> [Standard] Royal Knight's Resolve,1,601,100
50000050,<Untyped Thrusting Sword> [Standard] Cragblade,1,607,100
50000050,<Untyped Thrusting Sword> [Standard] Endure,1,700,100
50000050,<Untyped Thrusting Sword> [Standard] Quickstep,1,800,100
50000050,<Untyped Thrusting Sword> [Standard] Bloodhound's Step,1,801,100
50000050,<Untyped Thrusting Sword> [Standard] Raptor of the Mists,1,802,100
50000050,<Untyped Thrusting Sword> [Standard] White Shadow's Lure,1,850,100
50000060,,1,101,100
50000060,,1,109,100
50000060,,1,210,100
50000060,,1,220,100
50000060,,1,302,100
50000060,,1,502,100
50000060,,1,503,100
50000060,,1,506,100
50000060,,1,600,100
50000060,,1,601,100
50000060,,1,607,100
50000060,,1,700,100
50000060,,1,800,100
50000060,,1,801,100
50000060,,1,802,100
50000060,,1,850,100
50000100,<Elemental Thrusting Sword> [Fire] Flaming Strike,1,214,100
50000100,<Elemental Thrusting Sword> [Fire] Flame of the Redmanes,1,505,100
50000100,<Elemental Thrusting Sword> [Lightning] Thunderbolt,1,216,100
50000100,<Elemental Thrusting Sword> [Lightning] Lightning Ram,1,504,100
50000100,<Elemental Thrusting Sword> [Holy] Sacred Blade,1,201,100
50000100,<Elemental Thrusting Sword> [Holy] Golden Slam,1,507,100
50000100,<Elemental Thrusting Sword> [Holy] Golden Vow,1,603,100
50000100,<Elemental Thrusting Sword> [Holy] Sacred Order,1,604,100
50000100,<Elemental Thrusting Sword> [Holy] Shared Order,1,605,100
50000100,<Elemental Thrusting Sword> [Magic] Spinning Weapon,1,120,100
50000100,<Elemental Thrusting Sword> [Magic] Glintblade Phalanx,1,200,100
50000100,<Elemental Thrusting Sword> [Magic] Glintstone Pebble,1,203,100
50000100,<Elemental Thrusting Sword> [Magic] Gravitas,1,209,100
50000100,<Elemental Thrusting Sword> [Magic] Carian Grandeur,1,218,100
50000100,<Elemental Thrusting Sword> [Magic] Carian Greatsword,1,219,100
50000100,<Elemental Thrusting Sword> [Frost] Chilling Mist,1,227,100
50000100,<Elemental Thrusting Sword> [Frost] Hoarfrost Stomp,1,501,100
50000100,<Elemental Thrusting Sword> [Poison] Poison Moth Flight,1,119,100
50000100,<Elemental Thrusting Sword> [Poison] Poisonous Mist,1,228,100
50000100,<Elemental Thrusting Sword> [Blood] Blood Tax,1,108,100
50000100,<Elemental Thrusting Sword> [Blood] Seppuku,1,606,100
50000100,<Elemental Thrusting Sword> [Standard] White Shadow's Lure,1,850,100
50000110,,1,214,100
50000110,,1,505,100
50000110,,1,216,100
50000110,,1,504,100
50000110,,1,201,100
50000110,,1,507,100
50000110,,1,603,100
50000110,,1,604,100
50000110,,1,605,100
50000110,,1,120,100
50000110,,1,200,100
50000110,,1,203,100
50000110,,1,209,100
50000110,,1,218,100
50000110,,1,219,100
50000110,,1,227,100
50000110,,1,501,100
50000110,,1,119,100
50000110,,1,228,100
50000110,,1,108,100
50000110,,1,606,100
50000110,,1,850,100
50000110,,1,101,100
50000110,,1,109,100
50000110,,1,210,100
50000110,,1,220,100
50000110,,1,302,100
50000110,,1,502,100
50000110,,1,503,100
50000110,,1,506,100
50000110,,1,600,100
50000110,,1,601,100
50000110,,1,607,100
50000110,,1,700,100
50000110,,1,800,100
50000110,,1,801,100
50000110,,1,802,100
50000110,,1,850,100
50000500,<Fire Thrusting Sword> [Fire] Flaming Strike,1,214,100
50000500,<Fire Thrusting Sword> [Fire] Flame of the Redmanes,1,505,100
50000510,,1,214,100
50000510,,1,505,100
50000510,,1,101,100
50000510,,1,109,100
50000510,,1,210,100
50000510,,1,220,100
50000510,,1,302,100
50000510,,1,502,100
50000510,,1,503,100
50000510,,1,506,100
50000510,,1,600,100
50000510,,1,601,100
50000510,,1,607,100
50000510,,1,700,100
50000510,,1,800,100
50000510,,1,801,100
50000510,,1,802,100
50000510,,1,850,100
50000600,<Lightning Thrusting Sword> [Lightning] Thunderbolt,1,216,100
50000600,<Lightning Thrusting Sword> [Lightning] Lightning Ram,1,504,100
50000610,,1,216,100
50000610,,1,504,100
50000610,,1,101,100
50000610,,1,109,100
50000610,,1,210,100
50000610,,1,220,100
50000610,,1,302,100
50000610,,1,502,100
50000610,,1,503,100
50000610,,1,506,100
50000610,,1,600,100
50000610,,1,601,100
50000610,,1,607,100
50000610,,1,700,100
50000610,,1,800,100
50000610,,1,801,100
50000610,,1,802,100
50000610,,1,850,100
50000700,<Holy Thrusting Sword> [Holy] Sacred Blade,1,201,100
50000700,<Holy Thrusting Sword> [Holy] Golden Slam,1,507,100
50000700,<Holy Thrusting Sword> [Holy] Golden Vow,1,603,100
50000700,<Holy Thrusting Sword> [Holy] Sacred Order,1,604,100
50000700,<Holy Thrusting Sword> [Holy] Shared Order,1,605,100
50000710,,1,201,100
50000710,,1,507,100
50000710,,1,603,100
50000710,,1,604,100
50000710,,1,605,100
50000710,,1,101,100
50000710,,1,109,100
50000710,,1,210,100
50000710,,1,220,100
50000710,,1,302,100
50000710,,1,502,100
50000710,,1,503,100
50000710,,1,506,100
50000710,,1,600,100
50000710,,1,601,100
50000710,,1,607,100
50000710,,1,700,100
50000710,,1,800,100
50000710,,1,801,100
50000710,,1,802,100
50000710,,1,850,100
50000800,<Magic Thrusting Sword> [Magic] Spinning Weapon,1,120,100
50000800,<Magic Thrusting Sword> [Magic] Glintblade Phalanx,1,200,100
50000800,<Magic Thrusting Sword> [Magic] Glintstone Pebble,1,203,100
50000800,<Magic Thrusting Sword> [Magic] Gravitas,1,209,100
50000800,<Magic Thrusting Sword> [Magic] Carian Grandeur,1,218,100
50000800,<Magic Thrusting Sword> [Magic] Carian Greatsword,1,219,100
50000810,,1,120,100
50000810,,1,200,100
50000810,,1,203,100
50000810,,1,209,100
50000810,,1,218,100
50000810,,1,219,100
50000810,,1,101,100
50000810,,1,109,100
50000810,,1,210,100
50000810,,1,220,100
50000810,,1,302,100
50000810,,1,502,100
50000810,,1,503,100
50000810,,1,506,100
50000810,,1,600,100
50000810,,1,601,100
50000810,,1,607,100
50000810,,1,700,100
50000810,,1,800,100
50000810,,1,801,100
50000810,,1,802,100
50000810,,1,850,100
50000900,<Frost Thrusting Sword> [Frost] Chilling Mist,1,227,100
50000900,<Frost Thrusting Sword> [Frost] Hoarfrost Stomp,1,501,100
50000910,,1,227,100
50000910,,1,501,100
50000910,,1,101,100
50000910,,1,109,100
50000910,,1,210,100
50000910,,1,220,100
50000910,,1,302,100
50000910,,1,502,100
50000910,,1,503,100
50000910,,1,506,100
50000910,,1,600,100
50000910,,1,601,100
50000910,,1,607,100
50000910,,1,700,100
50000910,,1,800,100
50000910,,1,801,100
50000910,,1,802,100
50000910,,1,850,100
50001000,<Poison Thrusting Sword> [Poison] Poison Moth Flight,1,119,100
50001000,<Poison Thrusting Sword> [Poison] Poisonous Mist,1,228,100
50001010,,1,119,100
50001010,,1,228,100
50001010,,1,101,100
50001010,,1,109,100
50001010,,1,210,100
50001010,,1,220,100
50001010,,1,302,100
50001010,,1,502,100
50001010,,1,503,100
50001010,,1,506,100
50001010,,1,600,100
50001010,,1,601,100
50001010,,1,607,100
50001010,,1,700,100
50001010,,1,800,100
50001010,,1,801,100
50001010,,1,802,100
50001010,,1,850,100
50001100,<Blood Thrusting Sword> [Blood] Blood Tax,1,108,100
50001100,<Blood Thrusting Sword> [Blood] Seppuku,1,606,100
50001110,,1,108,100
50001110,,1,606,100
50001110,,1,101,100
50001110,,1,109,100
50001110,,1,210,100
50001110,,1,220,100
50001110,,1,302,100
50001110,,1,502,100
50001110,,1,503,100
50001110,,1,506,100
50001110,,1,600,100
50001110,,1,601,100
50001110,,1,607,100
50001110,,1,700,100
50001110,,1,800,100
50001110,,1,801,100
50001110,,1,802,100
50001110,,1,850,100
50001200,<Shadow Thrusting Sword> [Standard] White Shadow's Lure,1,850,100
50001210,,1,850,100
50001210,,1,101,100
50001210,,1,109,100
50001210,,1,210,100
50001210,,1,220,100
50001210,,1,302,100
50001210,,1,502,100
50001210,,1,503,100
50001210,,1,506,100
50001210,,1,600,100
50001210,,1,601,100
50001210,,1,607,100
50001210,,1,700,100
50001210,,1,800,100
50001210,,1,801,100
50001210,,1,802,100
50001210,,1,850,100
50500000,<Table> [Standard] Impaling Thrust,1,101,50
50500000,<Table> [Standard] Repeating Thrust,1,109,100
50500000,<Table> [Standard] Storm Blade,1,210,50
50500000,<Table> [Standard] Vacuum Slice,1,220,50
50500000,<Table> [Standard] Storm Stomp,1,502,50
50500000,<Table> [Standard] Kick,1,503,50
50500000,<Table> [Standard] Ground Slam,1,506,50
50500000,<Table> [Standard] Determination,1,600,50
50500000,<Table> [Standard] Royal Knight's Resolve,1,601,50
50500000,<Table> [Standard] Cragblade,1,607,50
50500000,<Table> [Standard] Endure,1,700,50
50500000,<Table> [Standard] Quickstep,1,800,50
50500000,<Table> [Standard] Bloodhound's Step,1,801,50
50500000,<Table> [Standard] Raptor of the Mists,1,802,50
50500000,<Table> [Standard] White Shadow's Lure,1,850,50
50500000,<Table> [Frost] Chilling Mist,1,227,100
50500000,<Table> [Frost] Hoarfrost Stomp,1,501,100
50500010,,1,101,50
50500010,,1,109,100
50500010,,1,210,50
50500010,,1,220,50
50500010,,1,502,50
50500010,,1,503,50
50500010,,1,506,50
50500010,,1,600,50
50500010,,1,601,50
50500010,,1,607,50
50500010,,1,700,50
50500010,,1,800,50
50500010,,1,801,50
50500010,,1,802,50
50500010,,1,850,50
50500010,,1,227,100
50500010,,1,501,100
50500050,<Table> [Standard] Impaling Thrust,1,101,50
50500050,<Table> [Standard] Repeating Thrust,1,109,100
50500050,<Table> [Standard] Storm Blade,1,210,50
50500050,<Table> [Standard] Vacuum Slice,1,220,50
50500050,<Table> [Standard] Storm Stomp,1,502,50
50500050,<Table> [Standard] Kick,1,503,50
50500050,<Table> [Standard] Ground Slam,1,506,50
50500050,<Table> [Standard] Determination,1,600,50
50500050,<Table> [Standard] Royal Knight's Resolve,1,601,50
50500050,<Table> [Standard] Cragblade,1,607,50
50500050,<Table> [Standard] Endure,1,700,50
50500050,<Table> [Standard] Quickstep,1,800,50
50500050,<Table> [Standard] Bloodhound's Step,1,801,50
50500050,<Table> [Standard] Raptor of the Mists,1,802,50
50500050,<Table> [Standard] White Shadow's Lure,1,850,50
50500060,,1,101,50
50500060,,1,109,100
50500060,,1,210,50
50500060,,1,220,50
50500060,,1,502,50
50500060,,1,503,50
50500060,,1,506,50
50500060,,1,600,50
50500060,,1,601,50
50500060,,1,607,50
50500060,,1,700,50
50500060,,1,800,50
50500060,,1,801,50
50500060,,1,802,50
50500060,,1,850,50
50500900,<Table> [Frost] Chilling Mist,1,227,100
50500900,<Table> [Frost] Hoarfrost Stomp,1,501,100
50500910,,1,227,100
50500910,,1,501,100
50500910,,1,101,50
50500910,,1,109,100
50500910,,1,210,50
50500910,,1,220,50
50500910,,1,502,50
50500910,,1,503,50
50500910,,1,506,50
50500910,,1,600,50
50500910,,1,601,50
50500910,,1,607,50
50500910,,1,700,50
50500910,,1,800,50
50500910,,1,801,50
50500910,,1,802,50
50500910,,1,850,50
60000000,<Heavy Thrusting Sword> [Standard] Impaling Thrust,1,101,100
60000000,<Heavy Thrusting Sword> [Standard] Piercing Fang,1,102,100
60000000,<Heavy Thrusting Sword> [Standard] Charge Forth,1,105,100
60000000,<Heavy Thrusting Sword> [Standard] Stamp (Upward Cut),1,106,100
60000000,<Heavy Thrusting Sword> [Standard] Stamp (Sweep),1,107,100
60000000,<Heavy Thrusting Sword> [Standard] Repeating Thrust,1,109,100
60000000,<Heavy Thrusting Sword> [Standard] Giant Hunt,1,116,100
60000000,<Heavy Thrusting Sword> [Standard] Storm Assault,1,122,100
60000000,<Heavy Thrusting Sword> [Standard] Storm Blade,1,210,100
60000000,<Heavy Thrusting Sword> [Standard] Vacuum Slice,1,220,100
60000000,<Heavy Thrusting Sword> [Standard] Storm Stomp,1,502,100
60000000,<Heavy Thrusting Sword> [Standard] Kick,1,503,100
60000000,<Heavy Thrusting Sword> [Standard] Ground Slam,1,506,100
60000000,<Heavy Thrusting Sword> [Standard] Hoarah Loux's Earthshaker,1,509,100
60000000,<Heavy Thrusting Sword> [Standard] Determination,1,600,100
60000000,<Heavy Thrusting Sword> [Standard] Royal Knight's Resolve,1,601,100
60000000,<Heavy Thrusting Sword> [Standard] Cragblade,1,607,100
60000000,<Heavy Thrusting Sword> [Standard] Beast's Roar,1,652,100
60000000,<Heavy Thrusting Sword> [Standard] Troll's Roar,1,653,100
60000000,<Heavy Thrusting Sword> [Standard] Endure,1,700,100
60000000,<Heavy Thrusting Sword> [Standard] Quickstep,1,800,100
60000000,<Heavy Thrusting Sword> [Standard] Bloodhound's Step,1,801,100
60000000,<Heavy Thrusting Sword> [Standard] Raptor of the Mists,1,802,100
60000000,<Heavy Thrusting Sword> [Fire] Eruption,1,207,100
60000000,<Heavy Thrusting Sword> [Fire] Flaming Strike,1,214,100
60000000,<Heavy Thrusting Sword> [Fire] Flame of the Redmanes,1,505,100
60000000,<Heavy Thrusting Sword> [Lightning] Thunderbolt,1,216,100
60000000,<Heavy Thrusting Sword> [Lightning] Lightning Slash,1,217,100
60000000,<Heavy Thrusting Sword> [Lightning] Lightning Ram,1,504,100
60000000,<Heavy Thrusting Sword> [Holy] Sacred Blade,1,201,100
60000000,<Heavy Thrusting Sword> [Holy] Golden Slam,1,507,100
60000000,<Heavy Thrusting Sword> [Holy] Golden Vow,1,603,100
60000000,<Heavy Thrusting Sword> [Holy] Sacred Order,1,604,100
60000000,<Heavy Thrusting Sword> [Holy] Shared Order,1,605,100
60000000,<Heavy Thrusting Sword> [Magic] Glintblade Phalanx,1,200,100
60000000,<Heavy Thrusting Sword> [Magic] Glintstone Pebble,1,203,100
60000000,<Heavy Thrusting Sword> [Magic] Gravitas,1,209,100
60000000,<Heavy Thrusting Sword> [Magic] Carian Grandeur,1,218,100
60000000,<Heavy Thrusting Sword> [Magic] Carian Greatsword,1,219,100
60000000,<Heavy Thrusting Sword> [Frost] Chilling Mist,1,227,100
60000000,<Heavy Thrusting Sword> [Frost] Hoarfrost Stomp,1,501,100
60000000,<Heavy Thrusting Sword> [Poison] Poisonous Mist,1,228,100
60000000,<Heavy Thrusting Sword> [Blood] Blood Tax,1,108,100
60000000,<Heavy Thrusting Sword> [Blood] Bloody Slash,1,204,100
60000000,<Heavy Thrusting Sword> [Blood] Seppuku,1,606,100
60000000,<Heavy Thrusting Sword> [Standard] White Shadow's Lure,1,850,100
60000010,,1,101,100
60000010,,1,102,100
60000010,,1,105,100
60000010,,1,106,100
60000010,,1,107,100
60000010,,1,109,100
60000010,,1,116,100
60000010,,1,122,100
60000010,,1,210,100
60000010,,1,220,100
60000010,,1,502,100
60000010,,1,503,100
60000010,,1,506,100
60000010,,1,509,100
60000010,,1,600,100
60000010,,1,601,100
60000010,,1,607,100
60000010,,1,652,100
60000010,,1,653,100
60000010,,1,700,100
60000010,,1,800,100
60000010,,1,801,100
60000010,,1,802,100
60000010,,1,207,100
60000010,,1,214,100
60000010,,1,505,100
60000010,,1,216,100
60000010,,1,217,100
60000010,,1,504,100
60000010,,1,201,100
60000010,,1,507,100
60000010,,1,603,100
60000010,,1,604,100
60000010,,1,605,100
60000010,,1,200,100
60000010,,1,203,100
60000010,,1,209,100
60000010,,1,218,100
60000010,,1,219,100
60000010,,1,227,100
60000010,,1,501,100
60000010,,1,228,100
60000010,,1,108,100
60000010,,1,204,100
60000010,,1,606,100
60000010,,1,850,100
60000050,<Untyped Heavy Thrusting Sword> [Standard] Impaling Thrust,1,101,100
60000050,<Untyped Heavy Thrusting Sword> [Standard] Piercing Fang,1,102,100
60000050,<Untyped Heavy Thrusting Sword> [Standard] Charge Forth,1,105,100
60000050,<Untyped Heavy Thrusting Sword> [Standard] Stamp (Upward Cut),1,106,100
60000050,<Untyped Heavy Thrusting Sword> [Standard] Stamp (Sweep),1,107,100
60000050,<Untyped Heavy Thrusting Sword> [Standard] Repeating Thrust,1,109,100
60000050,<Untyped Heavy Thrusting Sword> [Standard] Giant Hunt,1,116,100
60000050,<Untyped Heavy Thrusting Sword> [Standard] Storm Assault,1,122,100
60000050,<Untyped Heavy Thrusting Sword> [Standard] Storm Blade,1,210,100
60000050,<Untyped Heavy Thrusting Sword> [Standard] Vacuum Slice,1,220,100
60000050,<Untyped Heavy Thrusting Sword> [Standard] Storm Stomp,1,502,100
60000050,<Untyped Heavy Thrusting Sword> [Standard] Kick,1,503,100
60000050,<Untyped Heavy Thrusting Sword> [Standard] Ground Slam,1,506,100
60000050,<Untyped Heavy Thrusting Sword> [Standard] Hoarah Loux's Earthshaker,1,509,100
60000050,<Untyped Heavy Thrusting Sword> [Standard] Determination,1,600,100
60000050,<Untyped Heavy Thrusting Sword> [Standard] Royal Knight's Resolve,1,601,100
60000050,<Untyped Heavy Thrusting Sword> [Standard] Cragblade,1,607,100
60000050,<Untyped Heavy Thrusting Sword> [Standard] Beast's Roar,1,652,100
60000050,<Untyped Heavy Thrusting Sword> [Standard] Troll's Roar,1,653,100
60000050,<Untyped Heavy Thrusting Sword> [Standard] Endure,1,700,100
60000050,<Untyped Heavy Thrusting Sword> [Standard] Quickstep,1,800,100
60000050,<Untyped Heavy Thrusting Sword> [Standard] Bloodhound's Step,1,801,100
60000050,<Untyped Heavy Thrusting Sword> [Standard] Raptor of the Mists,1,802,100
60000060,,1,101,100
60000060,,1,102,100
60000060,,1,105,100
60000060,,1,106,100
60000060,,1,107,100
60000060,,1,109,100
60000060,,1,116,100
60000060,,1,122,100
60000060,,1,210,100
60000060,,1,220,100
60000060,,1,502,100
60000060,,1,503,100
60000060,,1,506,100
60000060,,1,509,100
60000060,,1,600,100
60000060,,1,601,100
60000060,,1,607,100
60000060,,1,652,100
60000060,,1,653,100
60000060,,1,700,100
60000060,,1,800,100
60000060,,1,801,100
60000060,,1,802,100
60000100,<Elemental Heavy Thrusting Sword> [Fire] Eruption,1,207,100
60000100,<Elemental Heavy Thrusting Sword> [Fire] Flaming Strike,1,214,100
60000100,<Elemental Heavy Thrusting Sword> [Fire] Flame of the Redmanes,1,505,100
60000100,<Elemental Heavy Thrusting Sword> [Lightning] Thunderbolt,1,216,100
60000100,<Elemental Heavy Thrusting Sword> [Lightning] Lightning Slash,1,217,100
60000100,<Elemental Heavy Thrusting Sword> [Lightning] Lightning Ram,1,504,100
60000100,<Elemental Heavy Thrusting Sword> [Holy] Sacred Blade,1,201,100
60000100,<Elemental Heavy Thrusting Sword> [Holy] Golden Slam,1,507,100
60000100,<Elemental Heavy Thrusting Sword> [Holy] Golden Vow,1,603,100
60000100,<Elemental Heavy Thrusting Sword> [Holy] Sacred Order,1,604,100
60000100,<Elemental Heavy Thrusting Sword> [Holy] Shared Order,1,605,100
60000100,<Elemental Heavy Thrusting Sword> [Magic] Glintblade Phalanx,1,200,100
60000100,<Elemental Heavy Thrusting Sword> [Magic] Glintstone Pebble,1,203,100
60000100,<Elemental Heavy Thrusting Sword> [Magic] Gravitas,1,209,100
60000100,<Elemental Heavy Thrusting Sword> [Magic] Carian Grandeur,1,218,100
60000100,<Elemental Heavy Thrusting Sword> [Magic] Carian Greatsword,1,219,100
60000100,<Elemental Heavy Thrusting Sword> [Frost] Chilling Mist,1,227,100
60000100,<Elemental Heavy Thrusting Sword> [Frost] Hoarfrost Stomp,1,501,100
60000100,<Elemental Heavy Thrusting Sword> [Poison] Poisonous Mist,1,228,100
60000100,<Elemental Heavy Thrusting Sword> [Blood] Blood Tax,1,108,100
60000100,<Elemental Heavy Thrusting Sword> [Blood] Bloody Slash,1,204,100
60000100,<Elemental Heavy Thrusting Sword> [Blood] Seppuku,1,606,100
60000100,<Elemental Heavy Thrusting Sword> [Standard] White Shadow's Lure,1,850,100
60000110,,1,207,100
60000110,,1,214,100
60000110,,1,505,100
60000110,,1,216,100
60000110,,1,217,100
60000110,,1,504,100
60000110,,1,201,100
60000110,,1,507,100
60000110,,1,603,100
60000110,,1,604,100
60000110,,1,605,100
60000110,,1,200,100
60000110,,1,203,100
60000110,,1,209,100
60000110,,1,218,100
60000110,,1,219,100
60000110,,1,227,100
60000110,,1,501,100
60000110,,1,228,100
60000110,,1,108,100
60000110,,1,204,100
60000110,,1,606,100
60000110,,1,850,100
60000110,,1,101,100
60000110,,1,102,100
60000110,,1,105,100
60000110,,1,106,100
60000110,,1,107,100
60000110,,1,109,100
60000110,,1,116,100
60000110,,1,122,100
60000110,,1,210,100
60000110,,1,220,100
60000110,,1,502,100
60000110,,1,503,100
60000110,,1,506,100
60000110,,1,509,100
60000110,,1,600,100
60000110,,1,601,100
60000110,,1,607,100
60000110,,1,652,100
60000110,,1,653,100
60000110,,1,700,100
60000110,,1,800,100
60000110,,1,801,100
60000110,,1,802,100
60000500,<Fire Heavy Thrusting Sword> [Fire] Eruption,1,207,100
60000500,<Fire Heavy Thrusting Sword> [Fire] Flaming Strike,1,214,100
60000500,<Fire Heavy Thrusting Sword> [Fire] Flame of the Redmanes,1,505,100
60000510,,1,207,100
60000510,,1,214,100
60000510,,1,505,100
60000510,,1,101,100
60000510,,1,102,100
60000510,,1,105,100
60000510,,1,106,100
60000510,,1,107,100
60000510,,1,109,100
60000510,,1,116,100
60000510,,1,122,100
60000510,,1,210,100
60000510,,1,220,100
60000510,,1,502,100
60000510,,1,503,100
60000510,,1,506,100
60000510,,1,509,100
60000510,,1,600,100
60000510,,1,601,100
60000510,,1,607,100
60000510,,1,652,100
60000510,,1,653,100
60000510,,1,700,100
60000510,,1,800,100
60000510,,1,801,100
60000510,,1,802,100
60000600,<Lightning Heavy Thrusting Sword> [Lightning] Thunderbolt,1,216,100
60000600,<Lightning Heavy Thrusting Sword> [Lightning] Lightning Slash,1,217,100
60000600,<Lightning Heavy Thrusting Sword> [Lightning] Lightning Ram,1,504,100
60000610,,1,216,100
60000610,,1,217,100
60000610,,1,504,100
60000610,,1,101,100
60000610,,1,102,100
60000610,,1,105,100
60000610,,1,106,100
60000610,,1,107,100
60000610,,1,109,100
60000610,,1,116,100
60000610,,1,122,100
60000610,,1,210,100
60000610,,1,220,100
60000610,,1,502,100
60000610,,1,503,100
60000610,,1,506,100
60000610,,1,509,100
60000610,,1,600,100
60000610,,1,601,100
60000610,,1,607,100
60000610,,1,652,100
60000610,,1,653,100
60000610,,1,700,100
60000610,,1,800,100
60000610,,1,801,100
60000610,,1,802,100
60000700,<Holy Heavy Thrusting Sword> [Holy] Sacred Blade,1,201,100
60000700,<Holy Heavy Thrusting Sword> [Holy] Golden Slam,1,507,100
60000700,<Holy Heavy Thrusting Sword> [Holy] Golden Vow,1,603,100
60000700,<Holy Heavy Thrusting Sword> [Holy] Sacred Order,1,604,100
60000700,<Holy Heavy Thrusting Sword> [Holy] Shared Order,1,605,100
60000710,,1,201,100
60000710,,1,507,100
60000710,,1,603,100
60000710,,1,604,100
60000710,,1,605,100
60000710,,1,101,100
60000710,,1,102,100
60000710,,1,105,100
60000710,,1,106,100
60000710,,1,107,100
60000710,,1,109,100
60000710,,1,116,100
60000710,,1,122,100
60000710,,1,210,100
60000710,,1,220,100
60000710,,1,502,100
60000710,,1,503,100
60000710,,1,506,100
60000710,,1,509,100
60000710,,1,600,100
60000710,,1,601,100
60000710,,1,607,100
60000710,,1,652,100
60000710,,1,653,100
60000710,,1,700,100
60000710,,1,800,100
60000710,,1,801,100
60000710,,1,802,100
60000800,<Magic Heavy Thrusting Sword> [Magic] Glintblade Phalanx,1,200,100
60000800,<Magic Heavy Thrusting Sword> [Magic] Glintstone Pebble,1,203,100
60000800,<Magic Heavy Thrusting Sword> [Magic] Gravitas,1,209,100
60000800,<Magic Heavy Thrusting Sword> [Magic] Carian Grandeur,1,218,100
60000800,<Magic Heavy Thrusting Sword> [Magic] Carian Greatsword,1,219,100
60000810,,1,200,100
60000810,,1,203,100
60000810,,1,209,100
60000810,,1,218,100
60000810,,1,219,100
60000810,,1,101,100
60000810,,1,102,100
60000810,,1,105,100
60000810,,1,106,100
60000810,,1,107,100
60000810,,1,109,100
60000810,,1,116,100
60000810,,1,122,100
60000810,,1,210,100
60000810,,1,220,100
60000810,,1,502,100
60000810,,1,503,100
60000810,,1,506,100
60000810,,1,509,100
60000810,,1,600,100
60000810,,1,601,100
60000810,,1,607,100
60000810,,1,652,100
60000810,,1,653,100
60000810,,1,700,100
60000810,,1,800,100
60000810,,1,801,100
60000810,,1,802,100
60000900,<Frost Heavy Thrusting Sword> [Frost] Chilling Mist,1,227,100
60000900,<Frost Heavy Thrusting Sword> [Frost] Hoarfrost Stomp,1,501,100
60000910,,1,227,100
60000910,,1,501,100
60000910,,1,101,100
60000910,,1,102,100
60000910,,1,105,100
60000910,,1,106,100
60000910,,1,107,100
60000910,,1,109,100
60000910,,1,116,100
60000910,,1,122,100
60000910,,1,210,100
60000910,,1,220,100
60000910,,1,502,100
60000910,,1,503,100
60000910,,1,506,100
60000910,,1,509,100
60000910,,1,600,100
60000910,,1,601,100
60000910,,1,607,100
60000910,,1,652,100
60000910,,1,653,100
60000910,,1,700,100
60000910,,1,800,100
60000910,,1,801,100
60000910,,1,802,100
60001000,<Poison Heavy Thrusting Sword> [Poison] Poisonous Mist,1,228,100
60001010,,1,228,100
60001010,,1,101,100
60001010,,1,102,100
60001010,,1,105,100
60001010,,1,106,100
60001010,,1,107,100
60001010,,1,109,100
60001010,,1,116,100
60001010,,1,122,100
60001010,,1,210,100
60001010,,1,220,100
60001010,,1,502,100
60001010,,1,503,100
60001010,,1,506,100
60001010,,1,509,100
60001010,,1,600,100
60001010,,1,601,100
60001010,,1,607,100
60001010,,1,652,100
60001010,,1,653,100
60001010,,1,700,100
60001010,,1,800,100
60001010,,1,801,100
60001010,,1,802,100
60001100,<Blood Heavy Thrusting Sword> [Blood] Blood Tax,1,108,100
60001100,<Blood Heavy Thrusting Sword> [Blood] Bloody Slash,1,204,100
60001100,<Blood Heavy Thrusting Sword> [Blood] Seppuku,1,606,100
60001110,,1,108,100
60001110,,1,204,100
60001110,,1,606,100
60001110,,1,101,100
60001110,,1,102,100
60001110,,1,105,100
60001110,,1,106,100
60001110,,1,107,100
60001110,,1,109,100
60001110,,1,116,100
60001110,,1,122,100
60001110,,1,210,100
60001110,,1,220,100
60001110,,1,502,100
60001110,,1,503,100
60001110,,1,506,100
60001110,,1,509,100
60001110,,1,600,100
60001110,,1,601,100
60001110,,1,607,100
60001110,,1,652,100
60001110,,1,653,100
60001110,,1,700,100
60001110,,1,800,100
60001110,,1,801,100
60001110,,1,802,100
60001200,<Shadow Heavy Thrusting Sword> [Standard] White Shadow's Lure,1,850,100
60001210,,1,850,100
60001210,,1,101,100
60001210,,1,102,100
60001210,,1,105,100
60001210,,1,106,100
60001210,,1,107,100
60001210,,1,109,100
60001210,,1,116,100
60001210,,1,122,100
60001210,,1,210,100
60001210,,1,220,100
60001210,,1,502,100
60001210,,1,503,100
60001210,,1,506,100
60001210,,1,509,100
60001210,,1,600,100
60001210,,1,601,100
60001210,,1,607,100
60001210,,1,652,100
60001210,,1,653,100
60001210,,1,700,100
60001210,,1,800,100
60001210,,1,801,100
60001210,,1,802,100
70000000,<Curved Sword> [Standard] Spinning Slash,1,103,100
70000000,<Curved Sword> [Standard] Wild Strikes,1,110,100
70000000,<Curved Sword> [Standard] Storm Blade,1,210,100
70000000,<Curved Sword> [Standard] Vacuum Slice,1,220,100
70000000,<Curved Sword> [Standard] Parry,1,302,100
70000000,<Curved Sword> [Standard] Storm Stomp,1,502,100
70000000,<Curved Sword> [Standard] Kick,1,503,100
70000000,<Curved Sword> [Standard] Ground Slam,1,506,100
70000000,<Curved Sword> [Standard] Determination,1,600,100
70000000,<Curved Sword> [Standard] Royal Knight's Resolve,1,601,100
70000000,<Curved Sword> [Standard] Cragblade,1,607,100
70000000,<Curved Sword> [Standard] Barbaric Roar,1,650,100
70000000,<Curved Sword> [Standard] War Cry,1,651,100
70000000,<Curved Sword> [Standard] Endure,1,700,100
70000000,<Curved Sword> [Standard] Quickstep,1,800,100
70000000,<Curved Sword> [Standard] Bloodhound's Step,1,801,100
70000000,<Curved Sword> [Standard] Raptor of the Mists,1,802,100
70000000,<Curved Sword> [Standard] Double Slash,1,112,100
70000000,<Curved Sword> [Fire] Flaming Strike,1,214,100
70000000,<Curved Sword> [Fire] Flame of the Redmanes,1,505,100
70000000,<Curved Sword> [Lightning] Thunderbolt,1,216,100
70000000,<Curved Sword> [Lightning] Lightning Slash,1,217,100
70000000,<Curved Sword> [Lightning] Lightning Ram,1,504,100
70000000,<Curved Sword> [Holy] Sacred Blade,1,201,100
70000000,<Curved Sword> [Holy] Golden Slam,1,507,100
70000000,<Curved Sword> [Holy] Golden Vow,1,603,100
70000000,<Curved Sword> [Holy] Sacred Order,1,604,100
70000000,<Curved Sword> [Holy] Shared Order,1,605,100
70000000,<Curved Sword> [Magic] Spinning Weapon,1,120,100
70000000,<Curved Sword> [Magic] Glintstone Pebble,1,203,100
70000000,<Curved Sword> [Magic] Gravitas,1,209,100
70000000,<Curved Sword> [Frost] Chilling Mist,1,227,100
70000000,<Curved Sword> [Frost] Hoarfrost Stomp,1,501,100
70000000,<Curved Sword> [Poison] Poison Moth Flight,1,119,100
70000000,<Curved Sword> [Poison] Poisonous Mist,1,228,100
70000000,<Curved Sword> [Blood] Seppuku,1,606,100
70000000,<Curved Sword> [Standard] White Shadow's Lure,1,850,100
70000010,,1,103,100
70000010,,1,110,100
70000010,,1,210,100
70000010,,1,220,100
70000010,,1,302,100
70000010,,1,502,100
70000010,,1,503,100
70000010,,1,506,100
70000010,,1,600,100
70000010,,1,601,100
70000010,,1,607,100
70000010,,1,650,100
70000010,,1,651,100
70000010,,1,700,100
70000010,,1,800,100
70000010,,1,801,100
70000010,,1,802,100
70000010,,1,112,100
70000010,,1,214,100
70000010,,1,505,100
70000010,,1,216,100
70000010,,1,217,100
70000010,,1,504,100
70000010,,1,201,100
70000010,,1,507,100
70000010,,1,603,100
70000010,,1,604,100
70000010,,1,605,100
70000010,,1,120,100
70000010,,1,203,100
70000010,,1,209,100
70000010,,1,227,100
70000010,,1,501,100
70000010,,1,119,100
70000010,,1,228,100
70000010,,1,606,100
70000010,,1,850,100
70000050,<Untyped Curved Sword> [Standard] Spinning Slash,1,103,100
70000050,<Untyped Curved Sword> [Standard] Wild Strikes,1,110,100
70000050,<Untyped Curved Sword> [Standard] Double Slash,1,112,100
70000050,<Untyped Curved Sword> [Standard] Storm Blade,1,210,100
70000050,<Untyped Curved Sword> [Standard] Vacuum Slice,1,220,100
70000050,<Untyped Curved Sword> [Standard] Parry,1,302,100
70000050,<Untyped Curved Sword> [Standard] Storm Stomp,1,502,100
70000050,<Untyped Curved Sword> [Standard] Kick,1,503,100
70000050,<Untyped Curved Sword> [Standard] Ground Slam,1,506,100
70000050,<Untyped Curved Sword> [Standard] Determination,1,600,100
70000050,<Untyped Curved Sword> [Standard] Royal Knight's Resolve,1,601,100
70000050,<Untyped Curved Sword> [Standard] Cragblade,1,607,100
70000050,<Untyped Curved Sword> [Standard] Barbaric Roar,1,650,100
70000050,<Untyped Curved Sword> [Standard] War Cry,1,651,100
70000050,<Untyped Curved Sword> [Standard] Endure,1,700,100
70000050,<Untyped Curved Sword> [Standard] Quickstep,1,800,100
70000050,<Untyped Curved Sword> [Standard] Bloodhound's Step,1,801,100
70000050,<Untyped Curved Sword> [Standard] Raptor of the Mists,1,802,100
70000060,,1,103,100
70000060,,1,110,100
70000060,,1,112,100
70000060,,1,210,100
70000060,,1,220,100
70000060,,1,302,100
70000060,,1,502,100
70000060,,1,503,100
70000060,,1,506,100
70000060,,1,600,100
70000060,,1,601,100
70000060,,1,607,100
70000060,,1,650,100
70000060,,1,651,100
70000060,,1,700,100
70000060,,1,800,100
70000060,,1,801,100
70000060,,1,802,100
70000100,<Elemental Curved Sword> [Fire] Flaming Strike,1,214,100
70000100,<Elemental Curved Sword> [Fire] Flame of the Redmanes,1,505,100
70000100,<Elemental Curved Sword> [Lightning] Thunderbolt,1,216,100
70000100,<Elemental Curved Sword> [Lightning] Lightning Slash,1,217,100
70000100,<Elemental Curved Sword> [Lightning] Lightning Ram,1,504,100
70000100,<Elemental Curved Sword> [Holy] Sacred Blade,1,201,100
70000100,<Elemental Curved Sword> [Holy] Golden Slam,1,507,100
70000100,<Elemental Curved Sword> [Holy] Golden Vow,1,603,100
70000100,<Elemental Curved Sword> [Holy] Sacred Order,1,604,100
70000100,<Elemental Curved Sword> [Holy] Shared Order,1,605,100
70000100,<Elemental Curved Sword> [Magic] Spinning Weapon,1,120,100
70000100,<Elemental Curved Sword> [Magic] Glintstone Pebble,1,203,100
70000100,<Elemental Curved Sword> [Magic] Gravitas,1,209,100
70000100,<Elemental Curved Sword> [Frost] Chilling Mist,1,227,100
70000100,<Elemental Curved Sword> [Frost] Hoarfrost Stomp,1,501,100
70000100,<Elemental Curved Sword> [Poison] Poison Moth Flight,1,119,100
70000100,<Elemental Curved Sword> [Poison] Poisonous Mist,1,228,100
70000100,<Elemental Curved Sword> [Blood] Seppuku,1,606,100
70000100,<Elemental Curved Sword> [Standard] White Shadow's Lure,1,850,100
70000110,,1,214,100
70000110,,1,505,100
70000110,,1,216,100
70000110,,1,217,100
70000110,,1,504,100
70000110,,1,201,100
70000110,,1,507,100
70000110,,1,603,100
70000110,,1,604,100
70000110,,1,605,100
70000110,,1,120,100
70000110,,1,203,100
70000110,,1,209,100
70000110,,1,227,100
70000110,,1,501,100
70000110,,1,119,100
70000110,,1,228,100
70000110,,1,606,100
70000110,,1,850,100
70000110,,1,103,100
70000110,,1,110,100
70000110,,1,112,100
70000110,,1,210,100
70000110,,1,220,100
70000110,,1,302,100
70000110,,1,502,100
70000110,,1,503,100
70000110,,1,506,100
70000110,,1,600,100
70000110,,1,601,100
70000110,,1,607,100
70000110,,1,650,100
70000110,,1,651,100
70000110,,1,700,100
70000110,,1,800,100
70000110,,1,801,100
70000110,,1,802,100
70000500,<Fire Curved Sword> [Fire] Flaming Strike,1,214,100
70000500,<Fire Curved Sword> [Fire] Flame of the Redmanes,1,505,100
70000510,,1,214,100
70000510,,1,505,100
70000510,,1,103,100
70000510,,1,110,100
70000510,,1,112,100
70000510,,1,210,100
70000510,,1,220,100
70000510,,1,302,100
70000510,,1,502,100
70000510,,1,503,100
70000510,,1,506,100
70000510,,1,600,100
70000510,,1,601,100
70000510,,1,607,100
70000510,,1,650,100
70000510,,1,651,100
70000510,,1,700,100
70000510,,1,800,100
70000510,,1,801,100
70000510,,1,802,100
70000600,<Lightning Curved Sword> [Lightning] Thunderbolt,1,216,100
70000600,<Lightning Curved Sword> [Lightning] Lightning Slash,1,217,100
70000600,<Lightning Curved Sword> [Lightning] Lightning Ram,1,504,100
70000610,,1,216,100
70000610,,1,217,100
70000610,,1,504,100
70000610,,1,103,100
70000610,,1,110,100
70000610,,1,112,100
70000610,,1,210,100
70000610,,1,220,100
70000610,,1,302,100
70000610,,1,502,100
70000610,,1,503,100
70000610,,1,506,100
70000610,,1,600,100
70000610,,1,601,100
70000610,,1,607,100
70000610,,1,650,100
70000610,,1,651,100
70000610,,1,700,100
70000610,,1,800,100
70000610,,1,801,100
70000610,,1,802,100
70000700,<Holy Curved Sword> [Holy] Sacred Blade,1,201,100
70000700,<Holy Curved Sword> [Holy] Golden Slam,1,507,100
70000700,<Holy Curved Sword> [Holy] Golden Vow,1,603,100
70000700,<Holy Curved Sword> [Holy] Sacred Order,1,604,100
70000700,<Holy Curved Sword> [Holy] Shared Order,1,605,100
70000710,,1,201,100
70000710,,1,507,100
70000710,,1,603,100
70000710,,1,604,100
70000710,,1,605,100
70000710,,1,103,100
70000710,,1,110,100
70000710,,1,112,100
70000710,,1,210,100
70000710,,1,220,100
70000710,,1,302,100
70000710,,1,502,100
70000710,,1,503,100
70000710,,1,506,100
70000710,,1,600,100
70000710,,1,601,100
70000710,,1,607,100
70000710,,1,650,100
70000710,,1,651,100
70000710,,1,700,100
70000710,,1,800,100
70000710,,1,801,100
70000710,,1,802,100
70000800,<Magic Curved Sword> [Magic] Spinning Weapon,1,120,100
70000800,<Magic Curved Sword> [Magic] Glintstone Pebble,1,203,100
70000800,<Magic Curved Sword> [Magic] Gravitas,1,209,100
70000810,,1,120,100
70000810,,1,203,100
70000810,,1,209,100
70000810,,1,103,100
70000810,,1,110,100
70000810,,1,112,100
70000810,,1,210,100
70000810,,1,220,100
70000810,,1,302,100
70000810,,1,502,100
70000810,,1,503,100
70000810,,1,506,100
70000810,,1,600,100
70000810,,1,601,100
70000810,,1,607,100
70000810,,1,650,100
70000810,,1,651,100
70000810,,1,700,100
70000810,,1,800,100
70000810,,1,801,100
70000810,,1,802,100
70000900,<Frost Curved Sword> [Frost] Chilling Mist,1,227,100
70000900,<Frost Curved Sword> [Frost] Hoarfrost Stomp,1,501,100
70000910,,1,227,100
70000910,,1,501,100
70000910,,1,103,100
70000910,,1,110,100
70000910,,1,112,100
70000910,,1,210,100
70000910,,1,220,100
70000910,,1,302,100
70000910,,1,502,100
70000910,,1,503,100
70000910,,1,506,100
70000910,,1,600,100
70000910,,1,601,100
70000910,,1,607,100
70000910,,1,650,100
70000910,,1,651,100
70000910,,1,700,100
70000910,,1,800,100
70000910,,1,801,100
70000910,,1,802,100
70001000,<Poison Curved Sword> [Poison] Poison Moth Flight,1,119,100
70001000,<Poison Curved Sword> [Poison] Poisonous Mist,1,228,100
70001010,,1,119,100
70001010,,1,228,100
70001010,,1,103,100
70001010,,1,110,100
70001010,,1,112,100
70001010,,1,210,100
70001010,,1,220,100
70001010,,1,302,100
70001010,,1,502,100
70001010,,1,503,100
70001010,,1,506,100
70001010,,1,600,100
70001010,,1,601,100
70001010,,1,607,100
70001010,,1,650,100
70001010,,1,651,100
70001010,,1,700,100
70001010,,1,800,100
70001010,,1,801,100
70001010,,1,802,100
70001100,<Blood Curved Sword> [Blood] Seppuku,1,606,100
70001110,,1,606,100
70001110,,1,103,100
70001110,,1,110,100
70001110,,1,112,100
70001110,,1,210,100
70001110,,1,220,100
70001110,,1,302,100
70001110,,1,502,100
70001110,,1,503,100
70001110,,1,506,100
70001110,,1,600,100
70001110,,1,601,100
70001110,,1,607,100
70001110,,1,650,100
70001110,,1,651,100
70001110,,1,700,100
70001110,,1,800,100
70001110,,1,801,100
70001110,,1,802,100
70001200,<Shadow Curved Sword> [Standard] White Shadow's Lure,1,850,100
70001210,,1,850,100
70001210,,1,103,100
70001210,,1,110,100
70001210,,1,112,100
70001210,,1,210,100
70001210,,1,220,100
70001210,,1,302,100
70001210,,1,502,100
70001210,,1,503,100
70001210,,1,506,100
70001210,,1,600,100
70001210,,1,601,100
70001210,,1,607,100
70001210,,1,650,100
70001210,,1,651,100
70001210,,1,700,100
70001210,,1,800,100
70001210,,1,801,100
70001210,,1,802,100
80000000,<Curved Greatsword> [Standard] Lion's Claw,1,100,100
80000000,<Curved Greatsword> [Standard] Spinning Slash,1,103,100
80000000,<Curved Greatsword> [Standard] Stamp (Upward Cut),1,106,100
80000000,<Curved Greatsword> [Standard] Stamp (Sweep),1,107,100
80000000,<Curved Greatsword> [Standard] Wild Strikes,1,110,100
80000000,<Curved Greatsword> [Standard] Double Slash,1,112,100
80000000,<Curved Greatsword> [Standard] Stormcaller,1,123,100
80000000,<Curved Greatsword> [Standard] Sword Dance,1,124,100
80000000,<Curved Greatsword> [Standard] Storm Blade,1,210,100
80000000,<Curved Greatsword> [Standard] Vacuum Slice,1,220,100
80000000,<Curved Greatsword> [Standard] Storm Stomp,1,502,100
80000000,<Curved Greatsword> [Standard] Kick,1,503,100
80000000,<Curved Greatsword> [Standard] Ground Slam,1,506,100
80000000,<Curved Greatsword> [Standard] Hoarah Loux's Earthshaker,1,509,100
80000000,<Curved Greatsword> [Standard] Determination,1,600,100
80000000,<Curved Greatsword> [Standard] Royal Knight's Resolve,1,601,100
80000000,<Curved Greatsword> [Standard] Cragblade,1,607,100
80000000,<Curved Greatsword> [Standard] Barbaric Roar,1,650,100
80000000,<Curved Greatsword> [Standard] War Cry,1,651,100
80000000,<Curved Greatsword> [Standard] Beast's Roar,1,652,100
80000000,<Curved Greatsword> [Standard] Troll's Roar,1,653,100
80000000,<Curved Greatsword> [Standard] Braggart's Roar,1,654,100
80000000,<Curved Greatsword> [Standard] Endure,1,700,100
80000000,<Curved Greatsword> [Standard] Quickstep,1,800,100
80000000,<Curved Greatsword> [Standard] Bloodhound's Step,1,801,100
80000000,<Curved Greatsword> [Standard] Raptor of the Mists,1,802,100
80000000,<Curved Greatsword> [Fire] Eruption,1,207,100
80000000,<Curved Greatsword> [Fire] Flaming Strike,1,214,100
80000000,<Curved Greatsword> [Fire] Flame of the Redmanes,1,505,100
80000000,<Curved Greatsword> [Lightning] Thunderbolt,1,216,100
80000000,<Curved Greatsword> [Lightning] Lightning Slash,1,217,100
80000000,<Curved Greatsword> [Lightning] Lightning Ram,1,504,100
80000000,<Curved Greatsword> [Holy] Sacred Blade,1,201,100
80000000,<Curved Greatsword> [Holy] Golden Slam,1,507,100
80000000,<Curved Greatsword> [Holy] Golden Vow,1,603,100
80000000,<Curved Greatsword> [Holy] Sacred Order,1,604,100
80000000,<Curved Greatsword> [Holy] Shared Order,1,605,100
80000000,<Curved Greatsword> [Magic] Glintblade Phalanx,1,200,100
80000000,<Curved Greatsword> [Magic] Glintstone Pebble,1,203,100
80000000,<Curved Greatsword> [Magic] Gravitas,1,209,100
80000000,<Curved Greatsword> [Magic] Carian Grandeur,1,218,100
80000000,<Curved Greatsword> [Magic] Carian Greatsword,1,219,100
80000000,<Curved Greatsword> [Frost] Chilling Mist,1,227,100
80000000,<Curved Greatsword> [Frost] Hoarfrost Stomp,1,501,100
80000000,<Curved Greatsword> [Poison] Poisonous Mist,1,228,100
80000000,<Curved Greatsword> [Blood] Bloody Slash,1,204,100
80000000,<Curved Greatsword> [Blood] Seppuku,1,606,100
80000000,<Curved Greatsword> [Standard] White Shadow's Lure,1,850,100
80000010,,1,100,100
80000010,,1,103,100
80000010,,1,106,100
80000010,,1,107,100
80000010,,1,110,100
80000010,,1,112,100
80000010,,1,123,100
80000010,,1,124,100
80000010,,1,210,100
80000010,,1,220,100
80000010,,1,502,100
80000010,,1,503,100
80000010,,1,506,100
80000010,,1,509,100
80000010,,1,600,100
80000010,,1,601,100
80000010,,1,607,100
80000010,,1,650,100
80000010,,1,651,100
80000010,,1,652,100
80000010,,1,653,100
80000010,,1,654,100
80000010,,1,700,100
80000010,,1,800,100
80000010,,1,801,100
80000010,,1,802,100
80000010,,1,207,100
80000010,,1,214,100
80000010,,1,505,100
80000010,,1,216,100
80000010,,1,217,100
80000010,,1,504,100
80000010,,1,201,100
80000010,,1,507,100
80000010,,1,603,100
80000010,,1,604,100
80000010,,1,605,100
80000010,,1,200,100
80000010,,1,203,100
80000010,,1,209,100
80000010,,1,218,100
80000010,,1,219,100
80000010,,1,227,100
80000010,,1,501,100
80000010,,1,228,100
80000010,,1,204,100
80000010,,1,606,100
80000010,,1,850,100
80000050,<Untyped Curved Greatsword> [Standard] Lion's Claw,1,100,100
80000050,<Untyped Curved Greatsword> [Standard] Spinning Slash,1,103,100
80000050,<Untyped Curved Greatsword> [Standard] Stamp (Upward Cut),1,106,100
80000050,<Untyped Curved Greatsword> [Standard] Stamp (Sweep),1,107,100
80000050,<Untyped Curved Greatsword> [Standard] Wild Strikes,1,110,100
80000050,<Untyped Curved Greatsword> [Standard] Double Slash,1,112,100
80000050,<Untyped Curved Greatsword> [Standard] Stormcaller,1,123,100
80000050,<Untyped Curved Greatsword> [Standard] Sword Dance,1,124,100
80000050,<Untyped Curved Greatsword> [Standard] Storm Blade,1,210,100
80000050,<Untyped Curved Greatsword> [Standard] Vacuum Slice,1,220,100
80000050,<Untyped Curved Greatsword> [Standard] Storm Stomp,1,502,100
80000050,<Untyped Curved Greatsword> [Standard] Kick,1,503,100
80000050,<Untyped Curved Greatsword> [Standard] Ground Slam,1,506,100
80000050,<Untyped Curved Greatsword> [Standard] Hoarah Loux's Earthshaker,1,509,100
80000050,<Untyped Curved Greatsword> [Standard] Determination,1,600,100
80000050,<Untyped Curved Greatsword> [Standard] Royal Knight's Resolve,1,601,100
80000050,<Untyped Curved Greatsword> [Standard] Cragblade,1,607,100
80000050,<Untyped Curved Greatsword> [Standard] Barbaric Roar,1,650,100
80000050,<Untyped Curved Greatsword> [Standard] War Cry,1,651,100
80000050,<Untyped Curved Greatsword> [Standard] Beast's Roar,1,652,100
80000050,<Untyped Curved Greatsword> [Standard] Troll's Roar,1,653,100
80000050,<Untyped Curved Greatsword> [Standard] Braggart's Roar,1,654,100
80000050,<Untyped Curved Greatsword> [Standard] Endure,1,700,100
80000050,<Untyped Curved Greatsword> [Standard] Quickstep,1,800,100
80000050,<Untyped Curved Greatsword> [Standard] Bloodhound's Step,1,801,100
80000050,<Untyped Curved Greatsword> [Standard] Raptor of the Mists,1,802,100
80000060,,1,100,100
80000060,,1,103,100
80000060,,1,106,100
80000060,,1,107,100
80000060,,1,110,100
80000060,,1,112,100
80000060,,1,123,100
80000060,,1,124,100
80000060,,1,210,100
80000060,,1,220,100
80000060,,1,502,100
80000060,,1,503,100
80000060,,1,506,100
80000060,,1,509,100
80000060,,1,600,100
80000060,,1,601,100
80000060,,1,607,100
80000060,,1,650,100
80000060,,1,651,100
80000060,,1,652,100
80000060,,1,653,100
80000060,,1,654,100
80000060,,1,700,100
80000060,,1,800,100
80000060,,1,801,100
80000060,,1,802,100
80000100,<Elemental Curved Greatsword> [Fire] Eruption,1,207,100
80000100,<Elemental Curved Greatsword> [Fire] Flaming Strike,1,214,100
80000100,<Elemental Curved Greatsword> [Fire] Flame of the Redmanes,1,505,100
80000100,<Elemental Curved Greatsword> [Lightning] Thunderbolt,1,216,100
80000100,<Elemental Curved Greatsword> [Lightning] Lightning Slash,1,217,100
80000100,<Elemental Curved Greatsword> [Lightning] Lightning Ram,1,504,100
80000100,<Elemental Curved Greatsword> [Holy] Sacred Blade,1,201,100
80000100,<Elemental Curved Greatsword> [Holy] Golden Slam,1,507,100
80000100,<Elemental Curved Greatsword> [Holy] Golden Vow,1,603,100
80000100,<Elemental Curved Greatsword> [Holy] Sacred Order,1,604,100
80000100,<Elemental Curved Greatsword> [Holy] Shared Order,1,605,100
80000100,<Elemental Curved Greatsword> [Magic] Glintblade Phalanx,1,200,100
80000100,<Elemental Curved Greatsword> [Magic] Glintstone Pebble,1,203,100
80000100,<Elemental Curved Greatsword> [Magic] Gravitas,1,209,100
80000100,<Elemental Curved Greatsword> [Magic] Carian Grandeur,1,218,100
80000100,<Elemental Curved Greatsword> [Magic] Carian Greatsword,1,219,100
80000100,<Elemental Curved Greatsword> [Frost] Chilling Mist,1,227,100
80000100,<Elemental Curved Greatsword> [Frost] Hoarfrost Stomp,1,501,100
80000100,<Elemental Curved Greatsword> [Poison] Poisonous Mist,1,228,100
80000100,<Elemental Curved Greatsword> [Blood] Bloody Slash,1,204,100
80000100,<Elemental Curved Greatsword> [Blood] Seppuku,1,606,100
80000100,<Elemental Curved Greatsword> [Standard] White Shadow's Lure,1,850,100
80000110,,1,207,100
80000110,,1,214,100
80000110,,1,505,100
80000110,,1,216,100
80000110,,1,217,100
80000110,,1,504,100
80000110,,1,201,100
80000110,,1,507,100
80000110,,1,603,100
80000110,,1,604,100
80000110,,1,605,100
80000110,,1,200,100
80000110,,1,203,100
80000110,,1,209,100
80000110,,1,218,100
80000110,,1,219,100
80000110,,1,227,100
80000110,,1,501,100
80000110,,1,228,100
80000110,,1,204,100
80000110,,1,606,100
80000110,,1,850,100
80000110,,1,100,100
80000110,,1,103,100
80000110,,1,106,100
80000110,,1,107,100
80000110,,1,110,100
80000110,,1,112,100
80000110,,1,123,100
80000110,,1,124,100
80000110,,1,210,100
80000110,,1,220,100
80000110,,1,502,100
80000110,,1,503,100
80000110,,1,506,100
80000110,,1,509,100
80000110,,1,600,100
80000110,,1,601,100
80000110,,1,607,100
80000110,,1,650,100
80000110,,1,651,100
80000110,,1,652,100
80000110,,1,653,100
80000110,,1,654,100
80000110,,1,700,100
80000110,,1,800,100
80000110,,1,801,100
80000110,,1,802,100
80000500,<Fire Curved Greatsword> [Fire] Eruption,1,207,100
80000500,<Fire Curved Greatsword> [Fire] Flaming Strike,1,214,100
80000500,<Fire Curved Greatsword> [Fire] Flame of the Redmanes,1,505,100
80000510,,1,207,100
80000510,,1,214,100
80000510,,1,505,100
80000510,,1,100,100
80000510,,1,103,100
80000510,,1,106,100
80000510,,1,107,100
80000510,,1,110,100
80000510,,1,112,100
80000510,,1,123,100
80000510,,1,124,100
80000510,,1,210,100
80000510,,1,220,100
80000510,,1,502,100
80000510,,1,503,100
80000510,,1,506,100
80000510,,1,509,100
80000510,,1,600,100
80000510,,1,601,100
80000510,,1,607,100
80000510,,1,650,100
80000510,,1,651,100
80000510,,1,652,100
80000510,,1,653,100
80000510,,1,654,100
80000510,,1,700,100
80000510,,1,800,100
80000510,,1,801,100
80000510,,1,802,100
80000600,<Lightning Curved Greatsword> [Lightning] Thunderbolt,1,216,100
80000600,<Lightning Curved Greatsword> [Lightning] Lightning Slash,1,217,100
80000600,<Lightning Curved Greatsword> [Lightning] Lightning Ram,1,504,100
80000610,,1,216,100
80000610,,1,217,100
80000610,,1,504,100
80000610,,1,100,100
80000610,,1,103,100
80000610,,1,106,100
80000610,,1,107,100
80000610,,1,110,100
80000610,,1,112,100
80000610,,1,123,100
80000610,,1,124,100
80000610,,1,210,100
80000610,,1,220,100
80000610,,1,502,100
80000610,,1,503,100
80000610,,1,506,100
80000610,,1,509,100
80000610,,1,600,100
80000610,,1,601,100
80000610,,1,607,100
80000610,,1,650,100
80000610,,1,651,100
80000610,,1,652,100
80000610,,1,653,100
80000610,,1,654,100
80000610,,1,700,100
80000610,,1,800,100
80000610,,1,801,100
80000610,,1,802,100
80000700,<Holy Curved Greatsword> [Holy] Sacred Blade,1,201,100
80000700,<Holy Curved Greatsword> [Holy] Golden Slam,1,507,100
80000700,<Holy Curved Greatsword> [Holy] Golden Vow,1,603,100
80000700,<Holy Curved Greatsword> [Holy] Sacred Order,1,604,100
80000700,<Holy Curved Greatsword> [Holy] Shared Order,1,605,100
80000710,,1,201,100
80000710,,1,507,100
80000710,,1,603,100
80000710,,1,604,100
80000710,,1,605,100
80000710,,1,100,100
80000710,,1,103,100
80000710,,1,106,100
80000710,,1,107,100
80000710,,1,110,100
80000710,,1,112,100
80000710,,1,123,100
80000710,,1,124,100
80000710,,1,210,100
80000710,,1,220,100
80000710,,1,502,100
80000710,,1,503,100
80000710,,1,506,100
80000710,,1,509,100
80000710,,1,600,100
80000710,,1,601,100
80000710,,1,607,100
80000710,,1,650,100
80000710,,1,651,100
80000710,,1,652,100
80000710,,1,653,100
80000710,,1,654,100
80000710,,1,700,100
80000710,,1,800,100
80000710,,1,801,100
80000710,,1,802,100
80000800,<Magic Curved Greatsword> [Magic] Glintblade Phalanx,1,200,100
80000800,<Magic Curved Greatsword> [Magic] Glintstone Pebble,1,203,100
80000800,<Magic Curved Greatsword> [Magic] Gravitas,1,209,100
80000800,<Magic Curved Greatsword> [Magic] Carian Grandeur,1,218,100
80000800,<Magic Curved Greatsword> [Magic] Carian Greatsword,1,219,100
80000810,,1,200,100
80000810,,1,203,100
80000810,,1,209,100
80000810,,1,218,100
80000810,,1,219,100
80000810,,1,100,100
80000810,,1,103,100
80000810,,1,106,100
80000810,,1,107,100
80000810,,1,110,100
80000810,,1,112,100
80000810,,1,123,100
80000810,,1,124,100
80000810,,1,210,100
80000810,,1,220,100
80000810,,1,502,100
80000810,,1,503,100
80000810,,1,506,100
80000810,,1,509,100
80000810,,1,600,100
80000810,,1,601,100
80000810,,1,607,100
80000810,,1,650,100
80000810,,1,651,100
80000810,,1,652,100
80000810,,1,653,100
80000810,,1,654,100
80000810,,1,700,100
80000810,,1,800,100
80000810,,1,801,100
80000810,,1,802,100
80000900,<Frost Curved Greatsword> [Frost] Chilling Mist,1,227,100
80000900,<Frost Curved Greatsword> [Frost] Hoarfrost Stomp,1,501,100
80000910,,1,227,100
80000910,,1,501,100
80000910,,1,100,100
80000910,,1,103,100
80000910,,1,106,100
80000910,,1,107,100
80000910,,1,110,100
80000910,,1,112,100
80000910,,1,123,100
80000910,,1,124,100
80000910,,1,210,100
80000910,,1,220,100
80000910,,1,502,100
80000910,,1,503,100
80000910,,1,506,100
80000910,,1,509,100
80000910,,1,600,100
80000910,,1,601,100
80000910,,1,607,100
80000910,,1,650,100
80000910,,1,651,100
80000910,,1,652,100
80000910,,1,653,100
80000910,,1,654,100
80000910,,1,700,100
80000910,,1,800,100
80000910,,1,801,100
80000910,,1,802,100
80001000,<Poison Curved Greatsword> [Poison] Poisonous Mist,1,228,100
80001010,,1,228,100
80001010,,1,100,100
80001010,,1,103,100
80001010,,1,106,100
80001010,,1,107,100
80001010,,1,110,100
80001010,,1,112,100
80001010,,1,123,100
80001010,,1,124,100
80001010,,1,210,100
80001010,,1,220,100
80001010,,1,502,100
80001010,,1,503,100
80001010,,1,506,100
80001010,,1,509,100
80001010,,1,600,100
80001010,,1,601,100
80001010,,1,607,100
80001010,,1,650,100
80001010,,1,651,100
80001010,,1,652,100
80001010,,1,653,100
80001010,,1,654,100
80001010,,1,700,100
80001010,,1,800,100
80001010,,1,801,100
80001010,,1,802,100
80001100,<Blood Curved Greatsword> [Blood] Bloody Slash,1,204,100
80001100,<Blood Curved Greatsword> [Blood] Seppuku,1,606,100
80001110,,1,204,100
80001110,,1,606,100
80001110,,1,100,100
80001110,,1,103,100
80001110,,1,106,100
80001110,,1,107,100
80001110,,1,110,100
80001110,,1,112,100
80001110,,1,123,100
80001110,,1,124,100
80001110,,1,210,100
80001110,,1,220,100
80001110,,1,502,100
80001110,,1,503,100
80001110,,1,506,100
80001110,,1,509,100
80001110,,1,600,100
80001110,,1,601,100
80001110,,1,607,100
80001110,,1,650,100
80001110,,1,651,100
80001110,,1,652,100
80001110,,1,653,100
80001110,,1,654,100
80001110,,1,700,100
80001110,,1,800,100
80001110,,1,801,100
80001110,,1,802,100
80001200,<Shadow Curved Greatsword> [Standard] White Shadow's Lure,1,850,100
80001210,,1,850,100
80001210,,1,100,100
80001210,,1,103,100
80001210,,1,106,100
80001210,,1,107,100
80001210,,1,110,100
80001210,,1,112,100
80001210,,1,123,100
80001210,,1,124,100
80001210,,1,210,100
80001210,,1,220,100
80001210,,1,502,100
80001210,,1,503,100
80001210,,1,506,100
80001210,,1,509,100
80001210,,1,600,100
80001210,,1,601,100
80001210,,1,607,100
80001210,,1,650,100
80001210,,1,651,100
80001210,,1,652,100
80001210,,1,653,100
80001210,,1,654,100
80001210,,1,700,100
80001210,,1,800,100
80001210,,1,801,100
80001210,,1,802,100
90000000,<Katana> [Standard] Lion's Claw,1,100,100
90000000,<Katana> [Standard] Impaling Thrust,1,101,100
90000000,<Katana> [Standard] Piercing Fang,1,102,100
90000000,<Katana> [Standard] Spinning Slash,1,103,100
90000000,<Katana> [Standard] Repeating Thrust,1,109,100
90000000,<Katana> [Standard] Double Slash,1,112,100
90000000,<Katana> [Standard] Unsheathe,1,114,100
90000000,<Katana> [Standard] Stormcaller,1,123,100
90000000,<Katana> [Standard] Sword Dance,1,124,100
90000000,<Katana> [Standard] Storm Blade,1,210,100
90000000,<Katana> [Standard] Vacuum Slice,1,220,100
90000000,<Katana> [Standard] Storm Stomp,1,502,100
90000000,<Katana> [Standard] Kick,1,503,100
90000000,<Katana> [Standard] Ground Slam,1,506,100
90000000,<Katana> [Standard] Hoarah Loux's Earthshaker,1,509,100
90000000,<Katana> [Standard] Determination,1,600,100
90000000,<Katana> [Standard] Royal Knight's Resolve,1,601,100
90000000,<Katana> [Standard] Cragblade,1,607,100
90000000,<Katana> [Standard] Barbaric Roar,1,650,100
90000000,<Katana> [Standard] War Cry,1,651,100
90000000,<Katana> [Standard] Beast's Roar,1,652,100
90000000,<Katana> [Standard] Braggart's Roar,1,654,100
90000000,<Katana> [Standard] Endure,1,700,100
90000000,<Katana> [Standard] Quickstep,1,800,100
90000000,<Katana> [Standard] Bloodhound's Step,1,801,100
90000000,<Katana> [Standard] Raptor of the Mists,1,802,100
90000000,<Katana> [Fire] Flaming Strike,1,214,100
90000000,<Katana> [Fire] Flame of the Redmanes,1,505,100
90000000,<Katana> [Lightning] Thunderbolt,1,216,100
90000000,<Katana> [Lightning] Lightning Slash,1,217,100
90000000,<Katana> [Lightning] Lightning Ram,1,504,100
90000000,<Katana> [Holy] Sacred Blade,1,201,100
90000000,<Katana> [Holy] Golden Slam,1,507,100
90000000,<Katana> [Holy] Golden Vow,1,603,100
90000000,<Katana> [Holy] Sacred Order,1,604,100
90000000,<Katana> [Holy] Shared Order,1,605,100
90000000,<Katana> [Magic] Spinning Weapon,1,120,100
90000000,<Katana> [Magic] Glintblade Phalanx,1,200,100
90000000,<Katana> [Magic] Glintstone Pebble,1,203,100
90000000,<Katana> [Magic] Gravitas,1,209,100
90000000,<Katana> [Magic] Carian Grandeur,1,218,100
90000000,<Katana> [Magic] Carian Greatsword,1,219,100
90000000,<Katana> [Frost] Chilling Mist,1,227,100
90000000,<Katana> [Frost] Hoarfrost Stomp,1,501,100
90000000,<Katana> [Poison] Poison Moth Flight,1,119,100
90000000,<Katana> [Poison] Poisonous Mist,1,228,100
90000000,<Katana> [Blood] Blood Tax,1,108,100
90000000,<Katana> [Blood] Bloody Slash,1,204,100
90000000,<Katana> [Blood] Blood Blade,1,224,100
90000000,<Katana> [Blood] Seppuku,1,606,100
90000000,<Katana> [Standard] Assassin's Gambit,1,602,100
90000000,<Katana> [Standard] White Shadow's Lure,1,850,100
90000010,,1,100,100
90000010,,1,101,100
90000010,,1,102,100
90000010,,1,103,100
90000010,,1,109,100
90000010,,1,112,100
90000010,,1,114,100
90000010,,1,123,100
90000010,,1,124,100
90000010,,1,210,100
90000010,,1,220,100
90000010,,1,502,100
90000010,,1,503,100
90000010,,1,506,100
90000010,,1,509,100
90000010,,1,600,100
90000010,,1,601,100
90000010,,1,607,100
90000010,,1,650,100
90000010,,1,651,100
90000010,,1,652,100
90000010,,1,654,100
90000010,,1,700,100
90000010,,1,800,100
90000010,,1,801,100
90000010,,1,802,100
90000010,,1,214,100
90000010,,1,505,100
90000010,,1,216,100
90000010,,1,217,100
90000010,,1,504,100
90000010,,1,201,100
90000010,,1,507,100
90000010,,1,603,100
90000010,,1,604,100
90000010,,1,605,100
90000010,,1,120,100
90000010,,1,200,100
90000010,,1,203,100
90000010,,1,209,100
90000010,,1,218,100
90000010,,1,219,100
90000010,,1,227,100
90000010,,1,501,100
90000010,,1,119,100
90000010,,1,228,100
90000010,,1,108,100
90000010,,1,204,100
90000010,,1,224,100
90000010,,1,606,100
90000010,,1,602,100
90000010,,1,850,100
90000050,<Untyped Katana> [Standard] Lion's Claw,1,100,100
90000050,<Untyped Katana> [Standard] Impaling Thrust,1,101,100
90000050,<Untyped Katana> [Standard] Piercing Fang,1,102,100
90000050,<Untyped Katana> [Standard] Spinning Slash,1,103,100
90000050,<Untyped Katana> [Standard] Repeating Thrust,1,109,100
90000050,<Untyped Katana> [Standard] Double Slash,1,112,100
90000050,<Untyped Katana> [Standard] Unsheathe,1,114,100
90000050,<Untyped Katana> [Standard] Stormcaller,1,123,100
90000050,<Untyped Katana> [Standard] Sword Dance,1,124,100
90000050,<Untyped Katana> [Standard] Storm Blade,1,210,100
90000050,<Untyped Katana> [Standard] Vacuum Slice,1,220,100
90000050,<Untyped Katana> [Standard] Storm Stomp,1,502,100
90000050,<Untyped Katana> [Standard] Kick,1,503,100
90000050,<Untyped Katana> [Standard] Ground Slam,1,506,100
90000050,<Untyped Katana> [Standard] Hoarah Loux's Earthshaker,1,509,100
90000050,<Untyped Katana> [Standard] Determination,1,600,100
90000050,<Untyped Katana> [Standard] Royal Knight's Resolve,1,601,100
90000050,<Untyped Katana> [Standard] Cragblade,1,607,100
90000050,<Untyped Katana> [Standard] Barbaric Roar,1,650,100
90000050,<Untyped Katana> [Standard] War Cry,1,651,100
90000050,<Untyped Katana> [Standard] Beast's Roar,1,652,100
90000050,<Untyped Katana> [Standard] Braggart's Roar,1,654,100
90000050,<Untyped Katana> [Standard] Endure,1,700,100
90000050,<Untyped Katana> [Standard] Quickstep,1,800,100
90000050,<Untyped Katana> [Standard] Bloodhound's Step,1,801,100
90000050,<Untyped Katana> [Standard] Raptor of the Mists,1,802,100
90000060,,1,100,100
90000060,,1,101,100
90000060,,1,102,100
90000060,,1,103,100
90000060,,1,109,100
90000060,,1,112,100
90000060,,1,114,100
90000060,,1,123,100
90000060,,1,124,100
90000060,,1,210,100
90000060,,1,220,100
90000060,,1,502,100
90000060,,1,503,100
90000060,,1,506,100
90000060,,1,509,100
90000060,,1,600,100
90000060,,1,601,100
90000060,,1,607,100
90000060,,1,650,100
90000060,,1,651,100
90000060,,1,652,100
90000060,,1,654,100
90000060,,1,700,100
90000060,,1,800,100
90000060,,1,801,100
90000060,,1,802,100
90000100,<Elemental Katana> [Fire] Flaming Strike,1,214,100
90000100,<Elemental Katana> [Fire] Flame of the Redmanes,1,505,100
90000100,<Elemental Katana> [Lightning] Thunderbolt,1,216,100
90000100,<Elemental Katana> [Lightning] Lightning Slash,1,217,100
90000100,<Elemental Katana> [Lightning] Lightning Ram,1,504,100
90000100,<Elemental Katana> [Holy] Sacred Blade,1,201,100
90000100,<Elemental Katana> [Holy] Golden Slam,1,507,100
90000100,<Elemental Katana> [Holy] Golden Vow,1,603,100
90000100,<Elemental Katana> [Holy] Sacred Order,1,604,100
90000100,<Elemental Katana> [Holy] Shared Order,1,605,100
90000100,<Elemental Katana> [Magic] Spinning Weapon,1,120,100
90000100,<Elemental Katana> [Magic] Glintblade Phalanx,1,200,100
90000100,<Elemental Katana> [Magic] Glintstone Pebble,1,203,100
90000100,<Elemental Katana> [Magic] Gravitas,1,209,100
90000100,<Elemental Katana> [Magic] Carian Grandeur,1,218,100
90000100,<Elemental Katana> [Magic] Carian Greatsword,1,219,100
90000100,<Elemental Katana> [Frost] Chilling Mist,1,227,100
90000100,<Elemental Katana> [Frost] Hoarfrost Stomp,1,501,100
90000100,<Elemental Katana> [Poison] Poison Moth Flight,1,119,100
90000100,<Elemental Katana> [Poison] Poisonous Mist,1,228,100
90000100,<Elemental Katana> [Blood] Blood Tax,1,108,100
90000100,<Elemental Katana> [Blood] Bloody Slash,1,204,100
90000100,<Elemental Katana> [Blood] Blood Blade,1,224,100
90000100,<Elemental Katana> [Blood] Seppuku,1,606,100
90000100,<Elemental Katana> [Standard] Assassin's Gambit,1,602,100
90000100,<Elemental Katana> [Standard] White Shadow's Lure,1,850,100
90000110,,1,214,100
90000110,,1,505,100
90000110,,1,216,100
90000110,,1,217,100
90000110,,1,504,100
90000110,,1,201,100
90000110,,1,507,100
90000110,,1,603,100
90000110,,1,604,100
90000110,,1,605,100
90000110,,1,120,100
90000110,,1,200,100
90000110,,1,203,100
90000110,,1,209,100
90000110,,1,218,100
90000110,,1,219,100
90000110,,1,227,100
90000110,,1,501,100
90000110,,1,119,100
90000110,,1,228,100
90000110,,1,108,100
90000110,,1,204,100
90000110,,1,224,100
90000110,,1,606,100
90000110,,1,602,100
90000110,,1,850,100
90000110,,1,100,100
90000110,,1,101,100
90000110,,1,102,100
90000110,,1,103,100
90000110,,1,109,100
90000110,,1,112,100
90000110,,1,114,100
90000110,,1,123,100
90000110,,1,124,100
90000110,,1,210,100
90000110,,1,220,100
90000110,,1,502,100
90000110,,1,503,100
90000110,,1,506,100
90000110,,1,509,100
90000110,,1,600,100
90000110,,1,601,100
90000110,,1,607,100
90000110,,1,650,100
90000110,,1,651,100
90000110,,1,652,100
90000110,,1,654,100
90000110,,1,700,100
90000110,,1,800,100
90000110,,1,801,100
90000110,,1,802,100
90000500,<Fire Katana> [Fire] Flaming Strike,1,214,100
90000500,<Fire Katana> [Fire] Flame of the Redmanes,1,505,100
90000510,,1,214,100
90000510,,1,505,100
90000510,,1,100,100
90000510,,1,101,100
90000510,,1,102,100
90000510,,1,103,100
90000510,,1,109,100
90000510,,1,112,100
90000510,,1,114,100
90000510,,1,123,100
90000510,,1,124,100
90000510,,1,210,100
90000510,,1,220,100
90000510,,1,502,100
90000510,,1,503,100
90000510,,1,506,100
90000510,,1,509,100
90000510,,1,600,100
90000510,,1,601,100
90000510,,1,607,100
90000510,,1,650,100
90000510,,1,651,100
90000510,,1,652,100
90000510,,1,654,100
90000510,,1,700,100
90000510,,1,800,100
90000510,,1,801,100
90000510,,1,802,100
90000600,<Lightning Katana> [Lightning] Thunderbolt,1,216,100
90000600,<Lightning Katana> [Lightning] Lightning Slash,1,217,100
90000600,<Lightning Katana> [Lightning] Lightning Ram,1,504,100
90000610,,1,216,100
90000610,,1,217,100
90000610,,1,504,100
90000610,,1,100,100
90000610,,1,101,100
90000610,,1,102,100
90000610,,1,103,100
90000610,,1,109,100
90000610,,1,112,100
90000610,,1,114,100
90000610,,1,123,100
90000610,,1,124,100
90000610,,1,210,100
90000610,,1,220,100
90000610,,1,502,100
90000610,,1,503,100
90000610,,1,506,100
90000610,,1,509,100
90000610,,1,600,100
90000610,,1,601,100
90000610,,1,607,100
90000610,,1,650,100
90000610,,1,651,100
90000610,,1,652,100
90000610,,1,654,100
90000610,,1,700,100
90000610,,1,800,100
90000610,,1,801,100
90000610,,1,802,100
90000700,<Holy Katana> [Holy] Sacred Blade,1,201,100
90000700,<Holy Katana> [Holy] Golden Slam,1,507,100
90000700,<Holy Katana> [Holy] Golden Vow,1,603,100
90000700,<Holy Katana> [Holy] Sacred Order,1,604,100
90000700,<Holy Katana> [Holy] Shared Order,1,605,100
90000710,,1,201,100
90000710,,1,507,100
90000710,,1,603,100
90000710,,1,604,100
90000710,,1,605,100
90000710,,1,100,100
90000710,,1,101,100
90000710,,1,102,100
90000710,,1,103,100
90000710,,1,109,100
90000710,,1,112,100
90000710,,1,114,100
90000710,,1,123,100
90000710,,1,124,100
90000710,,1,210,100
90000710,,1,220,100
90000710,,1,502,100
90000710,,1,503,100
90000710,,1,506,100
90000710,,1,509,100
90000710,,1,600,100
90000710,,1,601,100
90000710,,1,607,100
90000710,,1,650,100
90000710,,1,651,100
90000710,,1,652,100
90000710,,1,654,100
90000710,,1,700,100
90000710,,1,800,100
90000710,,1,801,100
90000710,,1,802,100
90000800,<Magic Katana> [Magic] Spinning Weapon,1,120,100
90000800,<Magic Katana> [Magic] Glintblade Phalanx,1,200,100
90000800,<Magic Katana> [Magic] Glintstone Pebble,1,203,100
90000800,<Magic Katana> [Magic] Gravitas,1,209,100
90000800,<Magic Katana> [Magic] Carian Grandeur,1,218,100
90000800,<Magic Katana> [Magic] Carian Greatsword,1,219,100
90000810,,1,120,100
90000810,,1,200,100
90000810,,1,203,100
90000810,,1,209,100
90000810,,1,218,100
90000810,,1,219,100
90000810,,1,100,100
90000810,,1,101,100
90000810,,1,102,100
90000810,,1,103,100
90000810,,1,109,100
90000810,,1,112,100
90000810,,1,114,100
90000810,,1,123,100
90000810,,1,124,100
90000810,,1,210,100
90000810,,1,220,100
90000810,,1,502,100
90000810,,1,503,100
90000810,,1,506,100
90000810,,1,509,100
90000810,,1,600,100
90000810,,1,601,100
90000810,,1,607,100
90000810,,1,650,100
90000810,,1,651,100
90000810,,1,652,100
90000810,,1,654,100
90000810,,1,700,100
90000810,,1,800,100
90000810,,1,801,100
90000810,,1,802,100
90000900,<Frost Katana> [Frost] Chilling Mist,1,227,100
90000900,<Frost Katana> [Frost] Hoarfrost Stomp,1,501,100
90000910,,1,227,100
90000910,,1,501,100
90000910,,1,100,100
90000910,,1,101,100
90000910,,1,102,100
90000910,,1,103,100
90000910,,1,109,100
90000910,,1,112,100
90000910,,1,114,100
90000910,,1,123,100
90000910,,1,124,100
90000910,,1,210,100
90000910,,1,220,100
90000910,,1,502,100
90000910,,1,503,100
90000910,,1,506,100
90000910,,1,509,100
90000910,,1,600,100
90000910,,1,601,100
90000910,,1,607,100
90000910,,1,650,100
90000910,,1,651,100
90000910,,1,652,100
90000910,,1,654,100
90000910,,1,700,100
90000910,,1,800,100
90000910,,1,801,100
90000910,,1,802,100
90001000,<Poison Katana> [Poison] Poison Moth Flight,1,119,100
90001000,<Poison Katana> [Poison] Poisonous Mist,1,228,100
90001010,,1,119,100
90001010,,1,228,100
90001010,,1,100,100
90001010,,1,101,100
90001010,,1,102,100
90001010,,1,103,100
90001010,,1,109,100
90001010,,1,112,100
90001010,,1,114,100
90001010,,1,123,100
90001010,,1,124,100
90001010,,1,210,100
90001010,,1,220,100
90001010,,1,502,100
90001010,,1,503,100
90001010,,1,506,100
90001010,,1,509,100
90001010,,1,600,100
90001010,,1,601,100
90001010,,1,607,100
90001010,,1,650,100
90001010,,1,651,100
90001010,,1,652,100
90001010,,1,654,100
90001010,,1,700,100
90001010,,1,800,100
90001010,,1,801,100
90001010,,1,802,100
90001100,<Blood Katana> [Blood] Blood Tax,1,108,100
90001100,<Blood Katana> [Blood] Bloody Slash,1,204,100
90001100,<Blood Katana> [Blood] Blood Blade,1,224,100
90001100,<Blood Katana> [Blood] Seppuku,1,606,100
90001110,,1,108,100
90001110,,1,204,100
90001110,,1,224,100
90001110,,1,606,100
90001110,,1,100,100
90001110,,1,101,100
90001110,,1,102,100
90001110,,1,103,100
90001110,,1,109,100
90001110,,1,112,100
90001110,,1,114,100
90001110,,1,123,100
90001110,,1,124,100
90001110,,1,210,100
90001110,,1,220,100
90001110,,1,502,100
90001110,,1,503,100
90001110,,1,506,100
90001110,,1,509,100
90001110,,1,600,100
90001110,,1,601,100
90001110,,1,607,100
90001110,,1,650,100
90001110,,1,651,100
90001110,,1,652,100
90001110,,1,654,100
90001110,,1,700,100
90001110,,1,800,100
90001110,,1,801,100
90001110,,1,802,100
90001200,<Shadow Katana> [Standard] Assassin's Gambit,1,602,100
90001200,<Shadow Katana> [Standard] White Shadow's Lure,1,850,100
90001210,,1,602,100
90001210,,1,850,100
90001210,,1,100,100
90001210,,1,101,100
90001210,,1,102,100
90001210,,1,103,100
90001210,,1,109,100
90001210,,1,112,100
90001210,,1,114,100
90001210,,1,123,100
90001210,,1,124,100
90001210,,1,210,100
90001210,,1,220,100
90001210,,1,502,100
90001210,,1,503,100
90001210,,1,506,100
90001210,,1,509,100
90001210,,1,600,100
90001210,,1,601,100
90001210,,1,607,100
90001210,,1,650,100
90001210,,1,651,100
90001210,,1,652,100
90001210,,1,654,100
90001210,,1,700,100
90001210,,1,800,100
90001210,,1,801,100
90001210,,1,802,100
90800000,<Table> [Standard] Lion's Claw,1,100,100
90800000,<Table> [Standard] Impaling Thrust,1,101,100
90800000,<Table> [Standard] Piercing Fang,1,102,100
90800000,<Table> [Standard] Spinning Slash,1,103,100
90800000,<Table> [Standard] Repeating Thrust,1,109,100
90800000,<Table> [Standard] Double Slash,1,112,100
90800000,<Table> [Standard] Unsheathe,1,114,100
90800000,<Table> [Standard] Stormcaller,1,123,100
90800000,<Table> [Standard] Sword Dance,1,124,100
90800000,<Table> [Standard] Storm Blade,1,210,100
90800000,<Table> [Standard] Vacuum Slice,1,220,100
90800000,<Table> [Standard] Storm Stomp,1,502,100
90800000,<Table> [Standard] Kick,1,503,100
90800000,<Table> [Standard] Ground Slam,1,506,100
90800000,<Table> [Standard] Hoarah Loux's Earthshaker,1,509,100
90800000,<Table> [Standard] Determination,1,600,100
90800000,<Table> [Standard] Royal Knight's Resolve,1,601,100
90800000,<Table> [Standard] Cragblade,1,607,100
90800000,<Table> [Standard] Barbaric Roar,1,650,100
90800000,<Table> [Standard] War Cry,1,651,100
90800000,<Table> [Standard] Beast's Roar,1,652,100
90800000,<Table> [Standard] Braggart's Roar,1,654,100
90800000,<Table> [Standard] Endure,1,700,100
90800000,<Table> [Standard] Quickstep,1,800,100
90800000,<Table> [Standard] Bloodhound's Step,1,801,100
90800000,<Table> [Standard] Raptor of the Mists,1,802,100
90800000,<Table> [Poison] Poison Moth Flight,1,119,100
90800000,<Table> [Poison] Poisonous Mist,1,228,100
90800010,,1,100,100
90800010,,1,101,100
90800010,,1,102,100
90800010,,1,103,100
90800010,,1,109,100
90800010,,1,112,100
90800010,,1,114,100
90800010,,1,123,100
90800010,,1,124,100
90800010,,1,210,100
90800010,,1,220,100
90800010,,1,502,100
90800010,,1,503,100
90800010,,1,506,100
90800010,,1,509,100
90800010,,1,600,100
90800010,,1,601,100
90800010,,1,607,100
90800010,,1,650,100
90800010,,1,651,100
90800010,,1,652,100
90800010,,1,654,100
90800010,,1,700,100
90800010,,1,800,100
90800010,,1,801,100
90800010,,1,802,100
90800010,,1,119,100
90800010,,1,228,100
90800050,<Table> [Standard] Lion's Claw,1,100,100
90800050,<Table> [Standard] Impaling Thrust,1,101,100
90800050,<Table> [Standard] Piercing Fang,1,102,100
90800050,<Table> [Standard] Spinning Slash,1,103,100
90800050,<Table> [Standard] Repeating Thrust,1,109,100
90800050,<Table> [Standard] Double Slash,1,112,100
90800050,<Table> [Standard] Unsheathe,1,114,100
90800050,<Table> [Standard] Stormcaller,1,123,100
90800050,<Table> [Standard] Sword Dance,1,124,100
90800050,<Table> [Standard] Storm Blade,1,210,100
90800050,<Table> [Standard] Vacuum Slice,1,220,100
90800050,<Table> [Standard] Storm Stomp,1,502,100
90800050,<Table> [Standard] Kick,1,503,100
90800050,<Table> [Standard] Ground Slam,1,506,100
90800050,<Table> [Standard] Hoarah Loux's Earthshaker,1,509,100
90800050,<Table> [Standard] Determination,1,600,100
90800050,<Table> [Standard] Royal Knight's Resolve,1,601,100
90800050,<Table> [Standard] Cragblade,1,607,100
90800050,<Table> [Standard] Barbaric Roar,1,650,100
90800050,<Table> [Standard] War Cry,1,651,100
90800050,<Table> [Standard] Beast's Roar,1,652,100
90800050,<Table> [Standard] Braggart's Roar,1,654,100
90800050,<Table> [Standard] Endure,1,700,100
90800050,<Table> [Standard] Quickstep,1,800,100
90800050,<Table> [Standard] Bloodhound's Step,1,801,100
90800050,<Table> [Standard] Raptor of the Mists,1,802,100
90800060,,1,100,100
90800060,,1,101,100
90800060,,1,102,100
90800060,,1,103,100
90800060,,1,109,100
90800060,,1,112,100
90800060,,1,114,100
90800060,,1,123,100
90800060,,1,124,100
90800060,,1,210,100
90800060,,1,220,100
90800060,,1,502,100
90800060,,1,503,100
90800060,,1,506,100
90800060,,1,509,100
90800060,,1,600,100
90800060,,1,601,100
90800060,,1,607,100
90800060,,1,650,100
90800060,,1,651,100
90800060,,1,652,100
90800060,,1,654,100
90800060,,1,700,100
90800060,,1,800,100
90800060,,1,801,100
90800060,,1,802,100
90801000,<Table> [Poison] Poison Moth Flight,1,119,100
90801000,<Table> [Poison] Poisonous Mist,1,228,100
90801010,,1,119,100
90801010,,1,228,100
90801010,,1,100,100
90801010,,1,101,100
90801010,,1,102,100
90801010,,1,103,100
90801010,,1,109,100
90801010,,1,112,100
90801010,,1,114,100
90801010,,1,123,100
90801010,,1,124,100
90801010,,1,210,100
90801010,,1,220,100
90801010,,1,502,100
90801010,,1,503,100
90801010,,1,506,100
90801010,,1,509,100
90801010,,1,600,100
90801010,,1,601,100
90801010,,1,607,100
90801010,,1,650,100
90801010,,1,651,100
90801010,,1,652,100
90801010,,1,654,100
90801010,,1,700,100
90801010,,1,800,100
90801010,,1,801,100
90801010,,1,802,100
91030000,<Table> [Standard] Lion's Claw,1,100,100
91030000,<Table> [Standard] Impaling Thrust,1,101,100
91030000,<Table> [Standard] Piercing Fang,1,102,100
91030000,<Table> [Standard] Spinning Slash,1,103,100
91030000,<Table> [Standard] Repeating Thrust,1,109,100
91030000,<Table> [Standard] Double Slash,1,112,100
91030000,<Table> [Standard] Unsheathe,1,114,100
91030000,<Table> [Standard] Stormcaller,1,123,100
91030000,<Table> [Standard] Sword Dance,1,124,100
91030000,<Table> [Standard] Storm Blade,1,210,100
91030000,<Table> [Standard] Vacuum Slice,1,220,100
91030000,<Table> [Standard] Storm Stomp,1,502,100
91030000,<Table> [Standard] Kick,1,503,100
91030000,<Table> [Standard] Ground Slam,1,506,100
91030000,<Table> [Standard] Hoarah Loux's Earthshaker,1,509,100
91030000,<Table> [Standard] Determination,1,600,100
91030000,<Table> [Standard] Royal Knight's Resolve,1,601,100
91030000,<Table> [Standard] Cragblade,1,607,100
91030000,<Table> [Standard] Barbaric Roar,1,650,100
91030000,<Table> [Standard] War Cry,1,651,100
91030000,<Table> [Standard] Beast's Roar,1,652,100
91030000,<Table> [Standard] Braggart's Roar,1,654,100
91030000,<Table> [Standard] Endure,1,700,100
91030000,<Table> [Standard] Quickstep,1,800,100
91030000,<Table> [Standard] Bloodhound's Step,1,801,100
91030000,<Table> [Standard] Raptor of the Mists,1,802,100
91030000,<Table> [Magic] Spinning Weapon,1,120,100
91030000,<Table> [Magic] Glintblade Phalanx,1,200,100
91030000,<Table> [Magic] Glintstone Pebble,1,203,100
91030000,<Table> [Magic] Gravitas,1,209,100
91030000,<Table> [Magic] Carian Grandeur,1,218,100
91030000,<Table> [Magic] Carian Greatsword,1,219,100
91030000,<Table> [Blood] Blood Tax,1,108,100
91030000,<Table> [Blood] Bloody Slash,1,204,100
91030000,<Table> [Blood] Blood Blade,1,224,100
91030000,<Table> [Blood] Seppuku,1,606,100
91030010,,1,100,100
91030010,,1,101,100
91030010,,1,102,100
91030010,,1,103,100
91030010,,1,109,100
91030010,,1,112,100
91030010,,1,114,100
91030010,,1,123,100
91030010,,1,124,100
91030010,,1,210,100
91030010,,1,220,100
91030010,,1,502,100
91030010,,1,503,100
91030010,,1,506,100
91030010,,1,509,100
91030010,,1,600,100
91030010,,1,601,100
91030010,,1,607,100
91030010,,1,650,100
91030010,,1,651,100
91030010,,1,652,100
91030010,,1,654,100
91030010,,1,700,100
91030010,,1,800,100
91030010,,1,801,100
91030010,,1,802,100
91030010,,1,120,100
91030010,,1,200,100
91030010,,1,203,100
91030010,,1,209,100
91030010,,1,218,100
91030010,,1,219,100
91030010,,1,108,100
91030010,,1,204,100
91030010,,1,224,100
91030010,,1,606,100
91030050,<Table> [Standard] Lion's Claw,1,100,100
91030050,<Table> [Standard] Impaling Thrust,1,101,100
91030050,<Table> [Standard] Piercing Fang,1,102,100
91030050,<Table> [Standard] Spinning Slash,1,103,100
91030050,<Table> [Standard] Repeating Thrust,1,109,100
91030050,<Table> [Standard] Double Slash,1,112,100
91030050,<Table> [Standard] Unsheathe,1,114,100
91030050,<Table> [Standard] Stormcaller,1,123,100
91030050,<Table> [Standard] Sword Dance,1,124,100
91030050,<Table> [Standard] Storm Blade,1,210,100
91030050,<Table> [Standard] Vacuum Slice,1,220,100
91030050,<Table> [Standard] Storm Stomp,1,502,100
91030050,<Table> [Standard] Kick,1,503,100
91030050,<Table> [Standard] Ground Slam,1,506,100
91030050,<Table> [Standard] Hoarah Loux's Earthshaker,1,509,100
91030050,<Table> [Standard] Determination,1,600,100
91030050,<Table> [Standard] Royal Knight's Resolve,1,601,100
91030050,<Table> [Standard] Cragblade,1,607,100
91030050,<Table> [Standard] Barbaric Roar,1,650,100
91030050,<Table> [Standard] War Cry,1,651,100
91030050,<Table> [Standard] Beast's Roar,1,652,100
91030050,<Table> [Standard] Braggart's Roar,1,654,100
91030050,<Table> [Standard] Endure,1,700,100
91030050,<Table> [Standard] Quickstep,1,800,100
91030050,<Table> [Standard] Bloodhound's Step,1,801,100
91030050,<Table> [Standard] Raptor of the Mists,1,802,100
91030060,,1,100,100
91030060,,1,101,100
91030060,,1,102,100
91030060,,1,103,100
91030060,,1,109,100
91030060,,1,112,100
91030060,,1,114,100
91030060,,1,123,100
91030060,,1,124,100
91030060,,1,210,100
91030060,,1,220,100
91030060,,1,502,100
91030060,,1,503,100
91030060,,1,506,100
91030060,,1,509,100
91030060,,1,600,100
91030060,,1,601,100
91030060,,1,607,100
91030060,,1,650,100
91030060,,1,651,100
91030060,,1,652,100
91030060,,1,654,100
91030060,,1,700,100
91030060,,1,800,100
91030060,,1,801,100
91030060,,1,802,100
91030100,<Table> [Magic] Spinning Weapon,1,120,100
91030100,<Table> [Magic] Glintblade Phalanx,1,200,100
91030100,<Table> [Magic] Glintstone Pebble,1,203,100
91030100,<Table> [Magic] Gravitas,1,209,100
91030100,<Table> [Magic] Carian Grandeur,1,218,100
91030100,<Table> [Magic] Carian Greatsword,1,219,100
91030100,<Table> [Blood] Blood Tax,1,108,100
91030100,<Table> [Blood] Bloody Slash,1,204,100
91030100,<Table> [Blood] Blood Blade,1,224,100
91030100,<Table> [Blood] Seppuku,1,606,100
91030110,,1,120,100
91030110,,1,200,100
91030110,,1,203,100
91030110,,1,209,100
91030110,,1,218,100
91030110,,1,219,100
91030110,,1,108,100
91030110,,1,204,100
91030110,,1,224,100
91030110,,1,606,100
91030110,,1,100,100
91030110,,1,101,100
91030110,,1,102,100
91030110,,1,103,100
91030110,,1,109,100
91030110,,1,112,100
91030110,,1,114,100
91030110,,1,123,100
91030110,,1,124,100
91030110,,1,210,100
91030110,,1,220,100
91030110,,1,502,100
91030110,,1,503,100
91030110,,1,506,100
91030110,,1,509,100
91030110,,1,600,100
91030110,,1,601,100
91030110,,1,607,100
91030110,,1,650,100
91030110,,1,651,100
91030110,,1,652,100
91030110,,1,654,100
91030110,,1,700,100
91030110,,1,800,100
91030110,,1,801,100
91030110,,1,802,100
91030800,<Table> [Magic] Spinning Weapon,1,120,100
91030800,<Table> [Magic] Glintblade Phalanx,1,200,100
91030800,<Table> [Magic] Glintstone Pebble,1,203,100
91030800,<Table> [Magic] Gravitas,1,209,100
91030800,<Table> [Magic] Carian Grandeur,1,218,100
91030800,<Table> [Magic] Carian Greatsword,1,219,100
91030810,,1,120,100
91030810,,1,200,100
91030810,,1,203,100
91030810,,1,209,100
91030810,,1,218,100
91030810,,1,219,100
91030810,,1,100,100
91030810,,1,101,100
91030810,,1,102,100
91030810,,1,103,100
91030810,,1,109,100
91030810,,1,112,100
91030810,,1,114,100
91030810,,1,123,100
91030810,,1,124,100
91030810,,1,210,100
91030810,,1,220,100
91030810,,1,502,100
91030810,,1,503,100
91030810,,1,506,100
91030810,,1,509,100
91030810,,1,600,100
91030810,,1,601,100
91030810,,1,607,100
91030810,,1,650,100
91030810,,1,651,100
91030810,,1,652,100
91030810,,1,654,100
91030810,,1,700,100
91030810,,1,800,100
91030810,,1,801,100
91030810,,1,802,100
91031100,<Table> [Blood] Blood Tax,1,108,100
91031100,<Table> [Blood] Bloody Slash,1,204,100
91031100,<Table> [Blood] Blood Blade,1,224,100
91031100,<Table> [Blood] Seppuku,1,606,100
91031110,,1,108,100
91031110,,1,204,100
91031110,,1,224,100
91031110,,1,606,100
91031110,,1,100,100
91031110,,1,101,100
91031110,,1,102,100
91031110,,1,103,100
91031110,,1,109,100
91031110,,1,112,100
91031110,,1,114,100
91031110,,1,123,100
91031110,,1,124,100
91031110,,1,210,100
91031110,,1,220,100
91031110,,1,502,100
91031110,,1,503,100
91031110,,1,506,100
91031110,,1,509,100
91031110,,1,600,100
91031110,,1,601,100
91031110,,1,607,100
91031110,,1,650,100
91031110,,1,651,100
91031110,,1,652,100
91031110,,1,654,100
91031110,,1,700,100
91031110,,1,800,100
91031110,,1,801,100
91031110,,1,802,100
100000000,<Twinblade> [Standard] Lion's Claw,1,100,100
100000000,<Twinblade> [Standard] Impaling Thrust,1,101,100
100000000,<Twinblade> [Standard] Piercing Fang,1,102,100
100000000,<Twinblade> [Standard] Spinning Slash,1,103,100
100000000,<Twinblade> [Standard] Charge Forth,1,105,100
100000000,<Twinblade> [Standard] Repeating Thrust,1,109,100
100000000,<Twinblade> [Standard] Double Slash,1,112,100
100000000,<Twinblade> [Standard] Giant Hunt,1,116,100
100000000,<Twinblade> [Standard] Storm Assault,1,122,100
100000000,<Twinblade> [Standard] Stormcaller,1,123,100
100000000,<Twinblade> [Standard] Sword Dance,1,124,100
100000000,<Twinblade> [Standard] Vacuum Slice,1,220,100
100000000,<Twinblade> [Standard] Phantom Slash,1,225,100
100000000,<Twinblade> [Standard] Storm Stomp,1,502,100
100000000,<Twinblade> [Standard] Kick,1,503,100
100000000,<Twinblade> [Standard] Ground Slam,1,506,100
100000000,<Twinblade> [Standard] Hoarah Loux's Earthshaker,1,509,100
100000000,<Twinblade> [Standard] Determination,1,600,100
100000000,<Twinblade> [Standard] Royal Knight's Resolve,1,601,100
100000000,<Twinblade> [Standard] Cragblade,1,607,100
100000000,<Twinblade> [Standard] Barbaric Roar,1,650,100
100000000,<Twinblade> [Standard] War Cry,1,651,100
100000000,<Twinblade> [Standard] Beast's Roar,1,652,100
100000000,<Twinblade> [Standard] Braggart's Roar,1,654,100
100000000,<Twinblade> [Standard] Endure,1,700,100
100000000,<Twinblade> [Standard] Quickstep,1,800,100
100000000,<Twinblade> [Standard] Bloodhound's Step,1,801,100
100000000,<Twinblade> [Standard] Raptor of the Mists,1,802,100
100000000,<Twinblade> [Fire] Flaming Strike,1,214,100
100000000,<Twinblade> [Fire] Flame of the Redmanes,1,505,100
100000000,<Twinblade> [Fire] Black Flame Tornado,1,221,100
100000000,<Twinblade> [Lightning] Thunderbolt,1,216,100
100000000,<Twinblade> [Lightning] Lightning Slash,1,217,100
100000000,<Twinblade> [Lightning] Lightning Ram,1,504,100
100000000,<Twinblade> [Holy] Sacred Blade,1,201,100
100000000,<Twinblade> [Holy] Golden Slam,1,507,100
100000000,<Twinblade> [Holy] Golden Vow,1,603,100
100000000,<Twinblade> [Holy] Sacred Order,1,604,100
100000000,<Twinblade> [Holy] Shared Order,1,605,100
100000000,<Twinblade> [Magic] Loretta's Slash,1,118,100
100000000,<Twinblade> [Magic] Spinning Weapon,1,120,100
100000000,<Twinblade> [Magic] Glintblade Phalanx,1,200,100
100000000,<Twinblade> [Magic] Glintstone Pebble,1,203,100
100000000,<Twinblade> [Magic] Gravitas,1,209,100
100000000,<Twinblade> [Magic] Carian Grandeur,1,218,100
100000000,<Twinblade> [Magic] Carian Greatsword,1,219,100
100000000,<Twinblade> [Frost] Ice Spear,1,202,100
100000000,<Twinblade> [Frost] Chilling Mist,1,227,100
100000000,<Twinblade> [Frost] Hoarfrost Stomp,1,501,100
100000000,<Twinblade> [Poison] Poisonous Mist,1,228,100
100000000,<Twinblade> [Blood] Blood Tax,1,108,100
100000000,<Twinblade> [Blood] Bloody Slash,1,204,100
100000000,<Twinblade> [Blood] Blood Blade,1,224,100
100000000,<Twinblade> [Blood] Seppuku,1,606,100
100000000,<Twinblade> [Standard] Assassin's Gambit,1,602,100
100000000,<Twinblade> [Standard] White Shadow's Lure,1,850,100
100000010,,1,100,100
100000010,,1,101,100
100000010,,1,102,100
100000010,,1,103,100
100000010,,1,105,100
100000010,,1,109,100
100000010,,1,112,100
100000010,,1,116,100
100000010,,1,122,100
100000010,,1,123,100
100000010,,1,124,100
100000010,,1,220,100
100000010,,1,225,100
100000010,,1,502,100
100000010,,1,503,100
100000010,,1,506,100
100000010,,1,509,100
100000010,,1,600,100
100000010,,1,601,100
100000010,,1,607,100
100000010,,1,650,100
100000010,,1,651,100
100000010,,1,652,100
100000010,,1,654,100
100000010,,1,700,100
100000010,,1,800,100
100000010,,1,801,100
100000010,,1,802,100
100000010,,1,214,100
100000010,,1,505,100
100000010,,1,221,100
100000010,,1,216,100
100000010,,1,217,100
100000010,,1,504,100
100000010,,1,201,100
100000010,,1,507,100
100000010,,1,603,100
100000010,,1,604,100
100000010,,1,605,100
100000010,,1,118,100
100000010,,1,120,100
100000010,,1,200,100
100000010,,1,203,100
100000010,,1,209,100
100000010,,1,218,100
100000010,,1,219,100
100000010,,1,202,100
100000010,,1,227,100
100000010,,1,501,100
100000010,,1,228,100
100000010,,1,108,100
100000010,,1,204,100
100000010,,1,224,100
100000010,,1,606,100
100000010,,1,602,100
100000010,,1,850,100
100000050,<Untyped Twinblade> [Standard] Lion's Claw,1,100,100
100000050,<Untyped Twinblade> [Standard] Impaling Thrust,1,101,100
100000050,<Untyped Twinblade> [Standard] Piercing Fang,1,102,100
100000050,<Untyped Twinblade> [Standard] Spinning Slash,1,103,100
100000050,<Untyped Twinblade> [Standard] Charge Forth,1,105,100
100000050,<Untyped Twinblade> [Standard] Repeating Thrust,1,109,100
100000050,<Untyped Twinblade> [Standard] Double Slash,1,112,100
100000050,<Untyped Twinblade> [Standard] Giant Hunt,1,116,100
100000050,<Untyped Twinblade> [Standard] Storm Assault,1,122,100
100000050,<Untyped Twinblade> [Standard] Stormcaller,1,123,100
100000050,<Untyped Twinblade> [Standard] Sword Dance,1,124,100
100000050,<Untyped Twinblade> [Standard] Vacuum Slice,1,220,100
100000050,<Untyped Twinblade> [Standard] Phantom Slash,1,225,100
100000050,<Untyped Twinblade> [Standard] Storm Stomp,1,502,100
100000050,<Untyped Twinblade> [Standard] Kick,1,503,100
100000050,<Untyped Twinblade> [Standard] Ground Slam,1,506,100
100000050,<Untyped Twinblade> [Standard] Hoarah Loux's Earthshaker,1,509,100
100000050,<Untyped Twinblade> [Standard] Determination,1,600,100
100000050,<Untyped Twinblade> [Standard] Royal Knight's Resolve,1,601,100
100000050,<Untyped Twinblade> [Standard] Cragblade,1,607,100
100000050,<Untyped Twinblade> [Standard] Barbaric Roar,1,650,100
100000050,<Untyped Twinblade> [Standard] War Cry,1,651,100
100000050,<Untyped Twinblade> [Standard] Beast's Roar,1,652,100
100000050,<Untyped Twinblade> [Standard] Braggart's Roar,1,654,100
100000050,<Untyped Twinblade> [Standard] Endure,1,700,100
100000050,<Untyped Twinblade> [Standard] Quickstep,1,800,100
100000050,<Untyped Twinblade> [Standard] Bloodhound's Step,1,801,100
100000050,<Untyped Twinblade> [Standard] Raptor of the Mists,1,802,100
100000060,,1,100,100
100000060,,1,101,100
100000060,,1,102,100
100000060,,1,103,100
100000060,,1,105,100
100000060,,1,109,100
100000060,,1,112,100
100000060,,1,116,100
100000060,,1,122,100
100000060,,1,123,100
100000060,,1,124,100
100000060,,1,220,100
100000060,,1,225,100
100000060,,1,502,100
100000060,,1,503,100
100000060,,1,506,100
100000060,,1,509,100
100000060,,1,600,100
100000060,,1,601,100
100000060,,1,607,100
100000060,,1,650,100
100000060,,1,651,100
100000060,,1,652,100
100000060,,1,654,100
100000060,,1,700,100
100000060,,1,800,100
100000060,,1,801,100
100000060,,1,802,100
100000100,<Elemental Twinblade> [Fire] Flaming Strike,1,214,100
100000100,<Elemental Twinblade> [Fire] Flame of the Redmanes,1,505,100
100000100,<Elemental Twinblade> [Fire] Black Flame Tornado,1,221,100
100000100,<Elemental Twinblade> [Lightning] Thunderbolt,1,216,100
100000100,<Elemental Twinblade> [Lightning] Lightning Slash,1,217,100
100000100,<Elemental Twinblade> [Lightning] Lightning Ram,1,504,100
100000100,<Elemental Twinblade> [Holy] Sacred Blade,1,201,100
100000100,<Elemental Twinblade> [Holy] Golden Slam,1,507,100
100000100,<Elemental Twinblade> [Holy] Golden Vow,1,603,100
100000100,<Elemental Twinblade> [Holy] Sacred Order,1,604,100
100000100,<Elemental Twinblade> [Holy] Shared Order,1,605,100
100000100,<Elemental Twinblade> [Magic] Loretta's Slash,1,118,100
100000100,<Elemental Twinblade> [Magic] Spinning Weapon,1,120,100
100000100,<Elemental Twinblade> [Magic] Glintblade Phalanx,1,200,100
100000100,<Elemental Twinblade> [Magic] Glintstone Pebble,1,203,100
100000100,<Elemental Twinblade> [Magic] Gravitas,1,209,100
100000100,<Elemental Twinblade> [Magic] Carian Grandeur,1,218,100
100000100,<Elemental Twinblade> [Magic] Carian Greatsword,1,219,100
100000100,<Elemental Twinblade> [Frost] Ice Spear,1,202,100
100000100,<Elemental Twinblade> [Frost] Chilling Mist,1,227,100
100000100,<Elemental Twinblade> [Frost] Hoarfrost Stomp,1,501,100
100000100,<Elemental Twinblade> [Poison] Poisonous Mist,1,228,100
100000100,<Elemental Twinblade> [Blood] Blood Tax,1,108,100
100000100,<Elemental Twinblade> [Blood] Bloody Slash,1,204,100
100000100,<Elemental Twinblade> [Blood] Blood Blade,1,224,100
100000100,<Elemental Twinblade> [Blood] Seppuku,1,606,100
100000100,<Elemental Twinblade> [Standard] Assassin's Gambit,1,602,100
100000100,<Elemental Twinblade> [Standard] White Shadow's Lure,1,850,100
100000110,,1,214,100
100000110,,1,505,100
100000110,,1,221,100
100000110,,1,216,100
100000110,,1,217,100
100000110,,1,504,100
100000110,,1,201,100
100000110,,1,507,100
100000110,,1,603,100
100000110,,1,604,100
100000110,,1,605,100
100000110,,1,118,100
100000110,,1,120,100
100000110,,1,200,100
100000110,,1,203,100
100000110,,1,209,100
100000110,,1,218,100
100000110,,1,219,100
100000110,,1,202,100
100000110,,1,227,100
100000110,,1,501,100
100000110,,1,228,100
100000110,,1,108,100
100000110,,1,204,100
100000110,,1,224,100
100000110,,1,606,100
100000110,,1,602,100
100000110,,1,850,100
100000110,,1,100,100
100000110,,1,101,100
100000110,,1,102,100
100000110,,1,103,100
100000110,,1,105,100
100000110,,1,109,100
100000110,,1,112,100
100000110,,1,116,100
100000110,,1,122,100
100000110,,1,123,100
100000110,,1,124,100
100000110,,1,220,100
100000110,,1,225,100
100000110,,1,502,100
100000110,,1,503,100
100000110,,1,506,100
100000110,,1,509,100
100000110,,1,600,100
100000110,,1,601,100
100000110,,1,607,100
100000110,,1,650,100
100000110,,1,651,100
100000110,,1,652,100
100000110,,1,654,100
100000110,,1,700,100
100000110,,1,800,100
100000110,,1,801,100
100000110,,1,802,100
100000500,<Fire Twinblade> [Fire] Flaming Strike,1,214,100
100000500,<Fire Twinblade> [Fire] Flame of the Redmanes,1,505,100
100000500,<Fire Twinblade> [Fire] Black Flame Tornado,1,221,100
100000510,,1,214,100
100000510,,1,505,100
100000510,,1,221,100
100000510,,1,100,100
100000510,,1,101,100
100000510,,1,102,100
100000510,,1,103,100
100000510,,1,105,100
100000510,,1,109,100
100000510,,1,112,100
100000510,,1,116,100
100000510,,1,122,100
100000510,,1,123,100
100000510,,1,124,100
100000510,,1,220,100
100000510,,1,225,100
100000510,,1,502,100
100000510,,1,503,100
100000510,,1,506,100
100000510,,1,509,100
100000510,,1,600,100
100000510,,1,601,100
100000510,,1,607,100
100000510,,1,650,100
100000510,,1,651,100
100000510,,1,652,100
100000510,,1,654,100
100000510,,1,700,100
100000510,,1,800,100
100000510,,1,801,100
100000510,,1,802,100
100000600,<Lightning Twinblade> [Lightning] Thunderbolt,1,216,100
100000600,<Lightning Twinblade> [Lightning] Lightning Slash,1,217,100
100000600,<Lightning Twinblade> [Lightning] Lightning Ram,1,504,100
100000610,,1,216,100
100000610,,1,217,100
100000610,,1,504,100
100000610,,1,100,100
100000610,,1,101,100
100000610,,1,102,100
100000610,,1,103,100
100000610,,1,105,100
100000610,,1,109,100
100000610,,1,112,100
100000610,,1,116,100
100000610,,1,122,100
100000610,,1,123,100
100000610,,1,124,100
100000610,,1,220,100
100000610,,1,225,100
100000610,,1,502,100
100000610,,1,503,100
100000610,,1,506,100
100000610,,1,509,100
100000610,,1,600,100
100000610,,1,601,100
100000610,,1,607,100
100000610,,1,650,100
100000610,,1,651,100
100000610,,1,652,100
100000610,,1,654,100
100000610,,1,700,100
100000610,,1,800,100
100000610,,1,801,100
100000610,,1,802,100
100000610,,1,504,100
100000700,<Holy Twinblade> [Holy] Sacred Blade,1,201,100
100000700,<Holy Twinblade> [Holy] Golden Slam,1,507,100
100000700,<Holy Twinblade> [Holy] Golden Vow,1,603,100
100000700,<Holy Twinblade> [Holy] Sacred Order,1,604,100
100000700,<Holy Twinblade> [Holy] Shared Order,1,605,100
100000710,,1,201,100
100000710,,1,507,100
100000710,,1,603,100
100000710,,1,604,100
100000710,,1,605,100
100000710,,1,100,100
100000710,,1,101,100
100000710,,1,102,100
100000710,,1,103,100
100000710,,1,105,100
100000710,,1,109,100
100000710,,1,112,100
100000710,,1,116,100
100000710,,1,122,100
100000710,,1,123,100
100000710,,1,124,100
100000710,,1,220,100
100000710,,1,225,100
100000710,,1,502,100
100000710,,1,503,100
100000710,,1,506,100
100000710,,1,509,100
100000710,,1,600,100
100000710,,1,601,100
100000710,,1,607,100
100000710,,1,650,100
100000710,,1,651,100
100000710,,1,652,100
100000710,,1,654,100
100000710,,1,700,100
100000710,,1,800,100
100000710,,1,801,100
100000710,,1,802,100
100000800,<Magic Twinblade> [Magic] Loretta's Slash,1,118,100
100000800,<Magic Twinblade> [Magic] Spinning Weapon,1,120,100
100000800,<Magic Twinblade> [Magic] Glintblade Phalanx,1,200,100
100000800,<Magic Twinblade> [Magic] Glintstone Pebble,1,203,100
100000800,<Magic Twinblade> [Magic] Gravitas,1,209,100
100000800,<Magic Twinblade> [Magic] Carian Grandeur,1,218,100
100000800,<Magic Twinblade> [Magic] Carian Greatsword,1,219,100
100000810,,1,118,100
100000810,,1,120,100
100000810,,1,200,100
100000810,,1,203,100
100000810,,1,209,100
100000810,,1,218,100
100000810,,1,219,100
100000810,,1,100,100
100000810,,1,101,100
100000810,,1,102,100
100000810,,1,103,100
100000810,,1,105,100
100000810,,1,109,100
100000810,,1,112,100
100000810,,1,116,100
100000810,,1,122,100
100000810,,1,123,100
100000810,,1,124,100
100000810,,1,220,100
100000810,,1,225,100
100000810,,1,502,100
100000810,,1,503,100
100000810,,1,506,100
100000810,,1,509,100
100000810,,1,600,100
100000810,,1,601,100
100000810,,1,607,100
100000810,,1,650,100
100000810,,1,651,100
100000810,,1,652,100
100000810,,1,654,100
100000810,,1,700,100
100000810,,1,800,100
100000810,,1,801,100
100000810,,1,802,100
100000900,<Frost Twinblade> [Frost] Ice Spear,1,202,100
100000900,<Frost Twinblade> [Frost] Chilling Mist,1,227,100
100000900,<Frost Twinblade> [Frost] Hoarfrost Stomp,1,501,100
100000910,,1,202,100
100000910,,1,227,100
100000910,,1,501,100
100000910,,1,100,100
100000910,,1,101,100
100000910,,1,102,100
100000910,,1,103,100
100000910,,1,105,100
100000910,,1,109,100
100000910,,1,112,100
100000910,,1,116,100
100000910,,1,122,100
100000910,,1,123,100
100000910,,1,124,100
100000910,,1,220,100
100000910,,1,225,100
100000910,,1,502,100
100000910,,1,503,100
100000910,,1,506,100
100000910,,1,509,100
100000910,,1,600,100
100000910,,1,601,100
100000910,,1,607,100
100000910,,1,650,100
100000910,,1,651,100
100000910,,1,652,100
100000910,,1,654,100
100000910,,1,700,100
100000910,,1,800,100
100000910,,1,801,100
100000910,,1,802,100
100001000,<Poison Twinblade> [Poison] Poisonous Mist,1,228,100
100001010,,1,228,100
100001010,,1,100,100
100001010,,1,101,100
100001010,,1,102,100
100001010,,1,103,100
100001010,,1,105,100
100001010,,1,109,100
100001010,,1,112,100
100001010,,1,116,100
100001010,,1,122,100
100001010,,1,123,100
100001010,,1,124,100
100001010,,1,220,100
100001010,,1,225,100
100001010,,1,502,100
100001010,,1,503,100
100001010,,1,506,100
100001010,,1,509,100
100001010,,1,600,100
100001010,,1,601,100
100001010,,1,607,100
100001010,,1,650,100
100001010,,1,651,100
100001010,,1,652,100
100001010,,1,654,100
100001010,,1,700,100
100001010,,1,800,100
100001010,,1,801,100
100001010,,1,802,100
100001100,<Blood Twinblade> [Blood] Blood Tax,1,108,100
100001100,<Blood Twinblade> [Blood] Bloody Slash,1,204,100
100001100,<Blood Twinblade> [Blood] Blood Blade,1,224,100
100001100,<Blood Twinblade> [Blood] Seppuku,1,606,100
100001110,,1,108,100
100001110,,1,204,100
100001110,,1,224,100
100001110,,1,606,100
100001110,,1,100,100
100001110,,1,101,100
100001110,,1,102,100
100001110,,1,103,100
100001110,,1,105,100
100001110,,1,109,100
100001110,,1,112,100
100001110,,1,116,100
100001110,,1,122,100
100001110,,1,123,100
100001110,,1,124,100
100001110,,1,220,100
100001110,,1,225,100
100001110,,1,502,100
100001110,,1,503,100
100001110,,1,506,100
100001110,,1,509,100
100001110,,1,600,100
100001110,,1,601,100
100001110,,1,607,100
100001110,,1,650,100
100001110,,1,651,100
100001110,,1,652,100
100001110,,1,654,100
100001110,,1,700,100
100001110,,1,800,100
100001110,,1,801,100
100001110,,1,802,100
100001200,<Shadow Twinblade> [Standard] Assassin's Gambit,1,602,100
100001200,<Shadow Twinblade> [Standard] White Shadow's Lure,1,850,100
100001210,,1,602,100
100001210,,1,850,100
100001210,,1,100,100
100001210,,1,101,100
100001210,,1,102,100
100001210,,1,103,100
100001210,,1,105,100
100001210,,1,109,100
100001210,,1,112,100
100001210,,1,116,100
100001210,,1,122,100
100001210,,1,123,100
100001210,,1,124,100
100001210,,1,220,100
100001210,,1,225,100
100001210,,1,502,100
100001210,,1,503,100
100001210,,1,506,100
100001210,,1,509,100
100001210,,1,600,100
100001210,,1,601,100
100001210,,1,607,100
100001210,,1,650,100
100001210,,1,651,100
100001210,,1,652,100
100001210,,1,654,100
100001210,,1,700,100
100001210,,1,800,100
100001210,,1,801,100
100001210,,1,802,100
100900000,<Table> [Standard] Lion's Claw,1,100,100
100900000,<Table> [Standard] Impaling Thrust,1,101,100
100900000,<Table> [Standard] Piercing Fang,1,102,100
100900000,<Table> [Standard] Spinning Slash,1,103,100
100900000,<Table> [Standard] Charge Forth,1,105,100
100900000,<Table> [Standard] Repeating Thrust,1,109,100
100900000,<Table> [Standard] Double Slash,1,112,100
100900000,<Table> [Standard] Giant Hunt,1,116,100
100900000,<Table> [Standard] Storm Assault,1,122,100
100900000,<Table> [Standard] Stormcaller,1,123,100
100900000,<Table> [Standard] Sword Dance,1,124,100
100900000,<Table> [Standard] Vacuum Slice,1,220,100
100900000,<Table> [Standard] Phantom Slash,1,225,100
100900000,<Table> [Standard] Storm Stomp,1,502,100
100900000,<Table> [Standard] Kick,1,503,100
100900000,<Table> [Standard] Ground Slam,1,506,100
100900000,<Table> [Standard] Hoarah Loux's Earthshaker,1,509,100
100900000,<Table> [Standard] Determination,1,600,100
100900000,<Table> [Standard] Royal Knight's Resolve,1,601,100
100900000,<Table> [Standard] Cragblade,1,607,100
100900000,<Table> [Standard] Barbaric Roar,1,650,100
100900000,<Table> [Standard] War Cry,1,651,100
100900000,<Table> [Standard] Beast's Roar,1,652,100
100900000,<Table> [Standard] Braggart's Roar,1,654,100
100900000,<Table> [Standard] Endure,1,700,100
100900000,<Table> [Standard] Quickstep,1,800,100
100900000,<Table> [Standard] Bloodhound's Step,1,801,100
100900000,<Table> [Standard] Raptor of the Mists,1,802,100
100900000,<Table> [Holy] Sacred Blade,1,201,100
100900000,<Table> [Holy] Golden Slam,1,507,100
100900000,<Table> [Holy] Golden Vow,1,603,100
100900000,<Table> [Holy] Sacred Order,1,604,100
100900000,<Table> [Holy] Shared Order,1,605,100
100900010,,1,100,100
100900010,,1,101,100
100900010,,1,102,100
100900010,,1,103,100
100900010,,1,105,100
100900010,,1,109,100
100900010,,1,112,100
100900010,,1,116,100
100900010,,1,122,100
100900010,,1,123,100
100900010,,1,124,100
100900010,,1,220,100
100900010,,1,225,100
100900010,,1,502,100
100900010,,1,503,100
100900010,,1,506,100
100900010,,1,509,100
100900010,,1,600,100
100900010,,1,601,100
100900010,,1,607,100
100900010,,1,650,100
100900010,,1,651,100
100900010,,1,652,100
100900010,,1,654,100
100900010,,1,700,100
100900010,,1,800,100
100900010,,1,801,100
100900010,,1,802,100
100900010,,1,201,100
100900010,,1,507,100
100900010,,1,603,100
100900010,,1,604,100
100900010,,1,605,100
100900050,<Table> [Standard] Lion's Claw,1,100,100
100900050,<Table> [Standard] Impaling Thrust,1,101,100
100900050,<Table> [Standard] Piercing Fang,1,102,100
100900050,<Table> [Standard] Spinning Slash,1,103,100
100900050,<Table> [Standard] Charge Forth,1,105,100
100900050,<Table> [Standard] Repeating Thrust,1,109,100
100900050,<Table> [Standard] Double Slash,1,112,100
100900050,<Table> [Standard] Giant Hunt,1,116,100
100900050,<Table> [Standard] Storm Assault,1,122,100
100900050,<Table> [Standard] Stormcaller,1,123,100
100900050,<Table> [Standard] Sword Dance,1,124,100
100900050,<Table> [Standard] Vacuum Slice,1,220,100
100900050,<Table> [Standard] Phantom Slash,1,225,100
100900050,<Table> [Standard] Storm Stomp,1,502,100
100900050,<Table> [Standard] Kick,1,503,100
100900050,<Table> [Standard] Ground Slam,1,506,100
100900050,<Table> [Standard] Hoarah Loux's Earthshaker,1,509,100
100900050,<Table> [Standard] Determination,1,600,100
100900050,<Table> [Standard] Royal Knight's Resolve,1,601,100
100900050,<Table> [Standard] Cragblade,1,607,100
100900050,<Table> [Standard] Barbaric Roar,1,650,100
100900050,<Table> [Standard] War Cry,1,651,100
100900050,<Table> [Standard] Beast's Roar,1,652,100
100900050,<Table> [Standard] Braggart's Roar,1,654,100
100900050,<Table> [Standard] Endure,1,700,100
100900050,<Table> [Standard] Quickstep,1,800,100
100900050,<Table> [Standard] Bloodhound's Step,1,801,100
100900050,<Table> [Standard] Raptor of the Mists,1,802,100
100900060,,1,100,100
100900060,,1,101,100
100900060,,1,102,100
100900060,,1,103,100
100900060,,1,105,100
100900060,,1,109,100
100900060,,1,112,100
100900060,,1,116,100
100900060,,1,122,100
100900060,,1,123,100
100900060,,1,124,100
100900060,,1,220,100
100900060,,1,225,100
100900060,,1,502,100
100900060,,1,503,100
100900060,,1,506,100
100900060,,1,509,100
100900060,,1,600,100
100900060,,1,601,100
100900060,,1,607,100
100900060,,1,650,100
100900060,,1,651,100
100900060,,1,652,100
100900060,,1,654,100
100900060,,1,700,100
100900060,,1,800,100
100900060,,1,801,100
100900060,,1,802,100
100900700,<Table> [Holy] Sacred Blade,1,201,100
100900700,<Table> [Holy] Golden Slam,1,507,100
100900700,<Table> [Holy] Golden Vow,1,603,100
100900700,<Table> [Holy] Sacred Order,1,604,100
100900700,<Table> [Holy] Shared Order,1,605,100
100900710,,1,201,100
100900710,,1,507,100
100900710,,1,603,100
100900710,,1,604,100
100900710,,1,605,100
100900710,,1,100,100
100900710,,1,101,100
100900710,,1,102,100
100900710,,1,103,100
100900710,,1,105,100
100900710,,1,109,100
100900710,,1,112,100
100900710,,1,116,100
100900710,,1,122,100
100900710,,1,123,100
100900710,,1,124,100
100900710,,1,220,100
100900710,,1,225,100
100900710,,1,502,100
100900710,,1,503,100
100900710,,1,506,100
100900710,,1,509,100
100900710,,1,600,100
100900710,,1,601,100
100900710,,1,607,100
100900710,,1,650,100
100900710,,1,651,100
100900710,,1,652,100
100900710,,1,654,100
100900710,,1,700,100
100900710,,1,800,100
100900710,,1,801,100
100900710,,1,802,100
110000000,<Hammer> [Standard] Wild Strikes,1,110,100
110000000,<Hammer> [Standard] Storm Stomp,1,502,100
110000000,<Hammer> [Standard] Kick,1,503,100
110000000,<Hammer> [Standard] Ground Slam,1,506,100
110000000,<Hammer> [Standard] Determination,1,600,100
110000000,<Hammer> [Standard] Royal Knight's Resolve,1,601,100
110000000,<Hammer> [Standard] Cragblade,1,607,100
110000000,<Hammer> [Standard] Barbaric Roar,1,650,100
110000000,<Hammer> [Standard] War Cry,1,651,100
110000000,<Hammer> [Standard] Endure,1,700,100
110000000,<Hammer> [Standard] Quickstep,1,800,100
110000000,<Hammer> [Standard] Bloodhound's Step,1,801,100
110000000,<Hammer> [Standard] Raptor of the Mists,1,802,100
110000000,<Hammer> [Fire] Flaming Strike,1,214,100
110000000,<Hammer> [Fire] Flame of the Redmanes,1,505,100
110000000,<Hammer> [Lightning] Thunderbolt,1,216,100
110000000,<Hammer> [Lightning] Lightning Ram,1,504,100
110000000,<Hammer> [Holy] Sacred Blade,1,201,100
110000000,<Hammer> [Holy] Golden Slam,1,208,100
110000000,<Hammer> [Holy] Golden Vow,1,507,100
110000000,<Hammer> [Holy] Sacred Order,1,603,100
110000000,<Hammer> [Holy] Shared Order,1,604,100
110000000,<Hammer> [Magic] Spinning Weapon,1,605,100
110000000,<Hammer> [Magic] Gravitas,1,120,100
110000000,<Hammer> [Frost] Chilling Mist,1,209,100
110000000,<Hammer> [Frost] Hoarfrost Stomp,1,227,100
110000000,<Hammer> [Poison] Poisonous Mist,1,501,100
110000000,,1,228,100
110000010,,1,110,100
110000010,,1,502,100
110000010,,1,503,100
110000010,,1,506,100
110000010,,1,600,100
110000010,,1,601,100
110000010,,1,607,100
110000010,,1,650,100
110000010,,1,651,100
110000010,,1,700,100
110000010,,1,800,100
110000010,,1,801,100
110000010,,1,802,100
110000010,,1,214,100
110000010,,1,505,100
110000010,,1,216,100
110000010,,1,504,100
110000010,,1,201,100
110000010,,1,208,100
110000010,,1,507,100
110000010,,1,603,100
110000010,,1,604,100
110000010,,1,605,100
110000010,,1,120,100
110000010,,1,209,100
110000010,,1,227,100
110000010,,1,501,100
110000010,,1,228,100
110000050,<Untyped Hammer> [Standard] Wild Strikes,1,110,100
110000050,<Untyped Hammer> [Standard] Storm Stomp,1,502,100
110000050,<Untyped Hammer> [Standard] Kick,1,503,100
110000050,<Untyped Hammer> [Standard] Ground Slam,1,506,100
110000050,<Untyped Hammer> [Standard] Determination,1,600,100
110000050,<Untyped Hammer> [Standard] Royal Knight's Resolve,1,601,100
110000050,<Untyped Hammer> [Standard] Cragblade,1,607,100
110000050,<Untyped Hammer> [Standard] Barbaric Roar,1,650,100
110000050,<Untyped Hammer> [Standard] War Cry,1,651,100
110000050,<Untyped Hammer> [Standard] Endure,1,700,100
110000050,<Untyped Hammer> [Standard] Quickstep,1,800,100
110000050,<Untyped Hammer> [Standard] Bloodhound's Step,1,801,100
110000050,<Untyped Hammer> [Standard] Raptor of the Mists,1,802,100
110000060,,1,110,100
110000060,,1,502,100
110000060,,1,503,100
110000060,,1,506,100
110000060,,1,600,100
110000060,,1,601,100
110000060,,1,607,100
110000060,,1,650,100
110000060,,1,651,100
110000060,,1,700,100
110000060,,1,800,100
110000060,,1,801,100
110000060,,1,802,100
110000100,<Elemental Hammer> [Fire] Flaming Strike,1,214,100
110000100,<Elemental Hammer> [Fire] Flame of the Redmanes,1,505,100
110000100,<Elemental Hammer> [Lightning] Thunderbolt,1,216,100
110000100,<Elemental Hammer> [Lightning] Lightning Ram,1,504,100
110000100,<Elemental Hammer> [Holy] Sacred Blade,1,201,100
110000100,<Elemental Hammer> [Holy] Golden Slam,1,208,100
110000100,<Elemental Hammer> [Holy] Golden Vow,1,507,100
110000100,<Elemental Hammer> [Holy] Sacred Order,1,603,100
110000100,<Elemental Hammer> [Holy] Shared Order,1,604,100
110000100,<Elemental Hammer> [Magic] Spinning Weapon,1,605,100
110000100,<Elemental Hammer> [Magic] Gravitas,1,120,100
110000100,<Elemental Hammer> [Frost] Chilling Mist,1,209,100
110000100,<Elemental Hammer> [Frost] Hoarfrost Stomp,1,227,100
110000100,<Elemental Hammer> [Poison] Poisonous Mist,1,501,100
110000100,,1,228,100
110000110,,1,214,100
110000110,,1,505,100
110000110,,1,216,100
110000110,,1,504,100
110000110,,1,201,100
110000110,,1,208,100
110000110,,1,507,100
110000110,,1,603,100
110000110,,1,604,100
110000110,,1,605,100
110000110,,1,120,100
110000110,,1,209,100
110000110,,1,227,100
110000110,,1,501,100
110000110,,1,228,100
110000110,,1,110,100
110000110,,1,502,100
110000110,,1,503,100
110000110,,1,506,100
110000110,,1,600,100
110000110,,1,601,100
110000110,,1,607,100
110000110,,1,650,100
110000110,,1,651,100
110000110,,1,700,100
110000110,,1,800,100
110000110,,1,801,100
110000110,,1,802,100
110000500,<Fire Hammer> [Fire] Flaming Strike,1,214,100
110000500,<Fire Hammer> [Fire] Flame of the Redmanes,1,505,100
110000510,,1,214,100
110000510,,1,505,100
110000510,,1,110,100
110000510,,1,502,100
110000510,,1,503,100
110000510,,1,506,100
110000510,,1,600,100
110000510,,1,601,100
110000510,,1,607,100
110000510,,1,650,100
110000510,,1,651,100
110000510,,1,700,100
110000510,,1,800,100
110000510,,1,801,100
110000510,,1,802,100
110000600,<Lightning Hammer> [Lightning] Thunderbolt,1,216,100
110000600,<Lightning Hammer> [Lightning] Lightning Ram,1,504,100
110000610,,1,216,100
110000610,,1,504,100
110000610,,1,110,100
110000610,,1,502,100
110000610,,1,503,100
110000610,,1,506,100
110000610,,1,600,100
110000610,,1,601,100
110000610,,1,607,100
110000610,,1,650,100
110000610,,1,651,100
110000610,,1,700,100
110000610,,1,800,100
110000610,,1,801,100
110000610,,1,802,100
110000700,<Holy Hammer> [Holy] Sacred Blade,1,201,100
110000700,<Holy Hammer> [Holy] Golden Slam,1,208,100
110000700,<Holy Hammer> [Holy] Golden Vow,1,507,100
110000700,<Holy Hammer> [Holy] Sacred Order,1,603,100
110000700,<Holy Hammer> [Holy] Shared Order,1,604,100
110000700,,1,605,100
110000710,,1,201,100
110000710,,1,208,100
110000710,,1,507,100
110000710,,1,603,100
110000710,,1,604,100
110000710,,1,605,100
110000710,,1,110,100
110000710,,1,502,100
110000710,,1,503,100
110000710,,1,506,100
110000710,,1,600,100
110000710,,1,601,100
110000710,,1,607,100
110000710,,1,650,100
110000710,,1,651,100
110000710,,1,700,100
110000710,,1,800,100
110000710,,1,801,100
110000710,,1,802,100
110000800,<Magic Hammer> [Magic] Spinning Weapon,1,120,100
110000800,<Magic Hammer> [Magic] Gravitas,1,209,100
110000810,,1,120,100
110000810,,1,209,100
110000810,,1,110,100
110000810,,1,502,100
110000810,,1,503,100
110000810,,1,506,100
110000810,,1,600,100
110000810,,1,601,100
110000810,,1,607,100
110000810,,1,650,100
110000810,,1,651,100
110000810,,1,700,100
110000810,,1,800,100
110000810,,1,801,100
110000810,,1,802,100
110000900,<Frost Hammer> [Frost] Chilling Mist,1,227,100
110000900,<Frost Hammer> [Frost] Hoarfrost Stomp,1,501,100
110000910,,1,227,100
110000910,,1,501,100
110000910,,1,110,100
110000910,,1,502,100
110000910,,1,503,100
110000910,,1,506,100
110000910,,1,600,100
110000910,,1,601,100
110000910,,1,607,100
110000910,,1,650,100
110000910,,1,651,100
110000910,,1,700,100
110000910,,1,800,100
110000910,,1,801,100
110000910,,1,802,100
110001000,<Poison Hammer> [Poison] Poisonous Mist,1,228,100
110001010,,1,228,100
110001010,,1,110,100
110001010,,1,502,100
110001010,,1,503,100
110001010,,1,506,100
110001010,,1,600,100
110001010,,1,601,100
110001010,,1,607,100
110001010,,1,650,100
110001010,,1,651,100
110001010,,1,700,100
110001010,,1,800,100
110001010,,1,801,100
110001010,,1,802,100
110600000,<Table> [Standard] Wild Strikes,1,110,100
110600000,<Table> [Standard] Storm Stomp,1,502,100
110600000,<Table> [Standard] Kick,1,503,100
110600000,<Table> [Standard] Ground Slam,1,506,100
110600000,<Table> [Standard] Determination,1,600,100
110600000,<Table> [Standard] Royal Knight's Resolve,1,601,100
110600000,<Table> [Standard] Cragblade,1,607,100
110600000,<Table> [Standard] Barbaric Roar,1,650,100
110600000,<Table> [Standard] War Cry,1,651,100
110600000,<Table> [Standard] Endure,1,700,100
110600000,<Table> [Standard] Quickstep,1,800,100
110600000,<Table> [Standard] Bloodhound's Step,1,801,100
110600000,<Table> [Standard] Raptor of the Mists,1,802,100
110600010,,1,110,100
110600010,,1,502,100
110600010,,1,503,100
110600010,,1,506,100
110600010,,1,600,100
110600010,,1,601,100
110600010,,1,607,100
110600010,,1,650,100
110600010,,1,651,100
110600010,,1,700,100
110600010,,1,800,100
110600010,,1,801,100
110600010,,1,802,100
120000000,<Great Hammer> [Standard] Lion's Claw,1,100,100
120000000,<Great Hammer> [Standard] Stamp (Upward Cut),1,106,100
120000000,<Great Hammer> [Standard] Stamp (Sweep),1,107,100
120000000,<Great Hammer> [Standard] Wild Strikes,1,110,100
120000000,<Great Hammer> [Standard] Stormcaller,1,123,100
120000000,<Great Hammer> [Standard] Earthshaker,1,212,100
120000000,<Great Hammer> [Standard] Storm Stomp,1,502,100
120000000,<Great Hammer> [Standard] Kick,1,503,100
120000000,<Great Hammer> [Standard] Ground Slam,1,506,100
120000000,<Great Hammer> [Standard] Hoarah Loux's Earthshaker,1,509,100
120000000,<Great Hammer> [Standard] Determination,1,600,100
120000000,<Great Hammer> [Standard] Royal Knight's Resolve,1,601,100
120000000,<Great Hammer> [Standard] Cragblade,1,607,100
120000000,<Great Hammer> [Standard] Barbaric Roar,1,650,100
120000000,<Great Hammer> [Standard] War Cry,1,651,100
120000000,<Great Hammer> [Standard] Beast's Roar,1,652,100
120000000,<Great Hammer> [Standard] Troll's Roar,1,653,100
120000000,<Great Hammer> [Standard] Braggart's Roar,1,654,100
120000000,<Great Hammer> [Standard] Endure,1,700,100
120000000,<Great Hammer> [Standard] Quickstep,1,800,100
120000000,<Great Hammer> [Standard] Bloodhound's Step,1,801,100
120000000,<Great Hammer> [Standard] Raptor of the Mists,1,802,100
120000000,<Great Hammer> [Fire] Eruption,1,207,100
120000000,<Great Hammer> [Fire] Flaming Strike,1,214,100
120000000,<Great Hammer> [Fire] Flame of the Redmanes,1,505,100
120000000,<Great Hammer> [Fire] Prelate's Charge,1,113,100
120000000,<Great Hammer> [Lightning] Thunderbolt,1,216,100
120000000,<Great Hammer> [Lightning] Lightning Slash,1,217,100
120000000,<Great Hammer> [Lightning] Lightning Ram,1,504,100
120000000,<Great Hammer> [Holy] Sacred Blade,1,201,100
120000000,<Great Hammer> [Holy] Prayerful Strike,1,208,100
120000000,<Great Hammer> [Holy] Golden Land,1,213,100
120000000,<Great Hammer> [Holy] Golden Slam,1,507,100
120000000,<Great Hammer> [Holy] Golden Vow,1,603,100
120000000,<Great Hammer> [Holy] Sacred Order,1,604,100
120000000,<Great Hammer> [Holy] Shared Order,1,605,100
120000000,<Great Hammer> [Magic] Gravitas,1,209,100
120000000,<Great Hammer> [Magic] Waves of Darkness,1,508,100
120000000,<Great Hammer> [Frost] Chilling Mist,1,227,100
120000000,<Great Hammer> [Frost] Hoarfrost Stomp,1,501,100
120000000,<Great Hammer> [Poison] Poisonous Mist,1,228,100
120000000,<Great Hammer> [Standard] White Shadow's Lure,1,850,100
120000010,,1,100,100
120000010,,1,106,100
120000010,,1,107,100
120000010,,1,110,100
120000010,,1,123,100
120000010,,1,212,100
120000010,,1,502,100
120000010,,1,503,100
120000010,,1,506,100
120000010,,1,509,100
120000010,,1,600,100
120000010,,1,601,100
120000010,,1,607,100
120000010,,1,650,100
120000010,,1,651,100
120000010,,1,652,100
120000010,,1,653,100
120000010,,1,654,100
120000010,,1,700,100
120000010,,1,800,100
120000010,,1,801,100
120000010,,1,802,100
120000010,,1,207,100
120000010,,1,214,100
120000010,,1,505,100
120000010,,1,113,100
120000010,,1,216,100
120000010,,1,217,100
120000010,,1,504,100
120000010,,1,201,100
120000010,,1,208,100
120000010,,1,213,100
120000010,,1,507,100
120000010,,1,603,100
120000010,,1,604,100
120000010,,1,605,100
120000010,,1,209,100
120000010,,1,508,100
120000010,,1,227,100
120000010,,1,501,100
120000010,,1,228,100
120000010,,1,850,100
120000050,<Untyped Great Hammer> [Standard] Lion's Claw,1,100,100
120000050,<Untyped Great Hammer> [Standard] Stamp (Upward Cut),1,106,100
120000050,<Untyped Great Hammer> [Standard] Stamp (Sweep),1,107,100
120000050,<Untyped Great Hammer> [Standard] Wild Strikes,1,110,100
120000050,<Untyped Great Hammer> [Standard] Stormcaller,1,123,100
120000050,<Untyped Great Hammer> [Standard] Earthshaker,1,212,100
120000050,<Untyped Great Hammer> [Standard] Storm Stomp,1,502,100
120000050,<Untyped Great Hammer> [Standard] Kick,1,503,100
120000050,<Untyped Great Hammer> [Standard] Ground Slam,1,506,100
120000050,<Untyped Great Hammer> [Standard] Hoarah Loux's Earthshaker,1,509,100
120000050,<Untyped Great Hammer> [Standard] Determination,1,600,100
120000050,<Untyped Great Hammer> [Standard] Royal Knight's Resolve,1,601,100
120000050,<Untyped Great Hammer> [Standard] Cragblade,1,607,100
120000050,<Untyped Great Hammer> [Standard] Barbaric Roar,1,650,100
120000050,<Untyped Great Hammer> [Standard] War Cry,1,651,100
120000050,<Untyped Great Hammer> [Standard] Beast's Roar,1,652,100
120000050,<Untyped Great Hammer> [Standard] Troll's Roar,1,653,100
120000050,<Untyped Great Hammer> [Standard] Braggart's Roar,1,654,100
120000050,<Untyped Great Hammer> [Standard] Endure,1,700,100
120000050,<Untyped Great Hammer> [Standard] Quickstep,1,800,100
120000050,<Untyped Great Hammer> [Standard] Bloodhound's Step,1,801,100
120000050,<Untyped Great Hammer> [Standard] Raptor of the Mists,1,802,100
120000060,,1,100,100
120000060,,1,106,100
120000060,,1,107,100
120000060,,1,110,100
120000060,,1,123,100
120000060,,1,212,100
120000060,,1,502,100
120000060,,1,503,100
120000060,,1,506,100
120000060,,1,509,100
120000060,,1,600,100
120000060,,1,601,100
120000060,,1,607,100
120000060,,1,650,100
120000060,,1,651,100
120000060,,1,652,100
120000060,,1,653,100
120000060,,1,654,100
120000060,,1,700,100
120000060,,1,800,100
120000060,,1,801,100
120000060,,1,802,100
120000100,<Elemental Great Hammer> [Fire] Eruption,1,207,100
120000100,<Elemental Great Hammer> [Fire] Flaming Strike,1,214,100
120000100,<Elemental Great Hammer> [Fire] Flame of the Redmanes,1,505,100
120000100,<Elemental Great Hammer> [Fire] Prelate's Charge,1,113,100
120000100,<Elemental Great Hammer> [Lightning] Thunderbolt,1,216,100
120000100,<Elemental Great Hammer> [Lightning] Lightning Slash,1,217,100
120000100,<Elemental Great Hammer> [Lightning] Lightning Ram,1,504,100
120000100,<Elemental Great Hammer> [Holy] Sacred Blade,1,201,100
120000100,<Elemental Great Hammer> [Holy] Prayerful Strike,1,208,100
120000100,<Elemental Great Hammer> [Holy] Golden Land,1,213,100
120000100,<Elemental Great Hammer> [Holy] Golden Slam,1,507,100
120000100,<Elemental Great Hammer> [Holy] Golden Vow,1,603,100
120000100,<Elemental Great Hammer> [Holy] Sacred Order,1,604,100
120000100,<Elemental Great Hammer> [Holy] Shared Order,1,605,100
120000100,<Elemental Great Hammer> [Magic] Gravitas,1,209,100
120000100,<Elemental Great Hammer> [Magic] Waves of Darkness,1,508,100
120000100,<Elemental Great Hammer> [Frost] Chilling Mist,1,227,100
120000100,<Elemental Great Hammer> [Frost] Hoarfrost Stomp,1,501,100
120000100,<Elemental Great Hammer> [Poison] Poisonous Mist,1,228,100
120000100,<Elemental Great Hammer> [Standard] White Shadow's Lure,1,850,100
120000110,,1,207,100
120000110,,1,214,100
120000110,,1,505,100
120000110,,1,113,100
120000110,,1,216,100
120000110,,1,217,100
120000110,,1,504,100
120000110,,1,201,100
120000110,,1,208,100
120000110,,1,213,100
120000110,,1,507,100
120000110,,1,603,100
120000110,,1,604,100
120000110,,1,605,100
120000110,,1,209,100
120000110,,1,508,100
120000110,,1,227,100
120000110,,1,501,100
120000110,,1,228,100
120000110,,1,850,100
120000110,,1,207,100
120000110,,1,214,100
120000110,,1,505,100
120000110,,1,113,100
120000110,,1,216,100
120000110,,1,217,100
120000110,,1,504,100
120000110,,1,201,100
120000110,,1,208,100
120000110,,1,213,100
120000110,,1,507,100
120000110,,1,603,100
120000110,,1,604,100
120000110,,1,605,100
120000110,,1,209,100
120000110,,1,508,100
120000110,,1,227,100
120000110,,1,501,100
120000110,,1,228,100
120000110,,1,850,100
120000500,<Fire Great Hammer> [Fire] Eruption,1,207,100
120000500,<Fire Great Hammer> [Fire] Flaming Strike,1,214,100
120000500,<Fire Great Hammer> [Fire] Flame of the Redmanes,1,505,100
120000500,<Fire Great Hammer> [Fire] Prelate's Charge,1,113,100
120000510,,1,207,100
120000510,,1,214,100
120000510,,1,505,100
120000510,,1,113,100
120000510,,1,100,100
120000510,,1,106,100
120000510,,1,107,100
120000510,,1,110,100
120000510,,1,123,100
120000510,,1,212,100
120000510,,1,502,100
120000510,,1,503,100
120000510,,1,506,100
120000510,,1,509,100
120000510,,1,600,100
120000510,,1,601,100
120000510,,1,607,100
120000510,,1,650,100
120000510,,1,651,100
120000510,,1,652,100
120000510,,1,653,100
120000510,,1,654,100
120000510,,1,700,100
120000510,,1,800,100
120000510,,1,801,100
120000510,,1,802,100
120000600,<Lightning Great Hammer> [Lightning] Thunderbolt,1,216,100
120000600,<Lightning Great Hammer> [Lightning] Lightning Slash,1,217,100
120000600,<Lightning Great Hammer> [Lightning] Lightning Ram,1,504,100
120000610,,1,216,100
120000610,,1,217,100
120000610,,1,504,100
120000610,,1,100,100
120000610,,1,106,100
120000610,,1,107,100
120000610,,1,110,100
120000610,,1,123,100
120000610,,1,212,100
120000610,,1,502,100
120000610,,1,503,100
120000610,,1,506,100
120000610,,1,509,100
120000610,,1,600,100
120000610,,1,601,100
120000610,,1,607,100
120000610,,1,650,100
120000610,,1,651,100
120000610,,1,652,100
120000610,,1,653,100
120000610,,1,654,100
120000610,,1,700,100
120000610,,1,800,100
120000610,,1,801,100
120000610,,1,802,100
120000700,<Holy Great Hammer> [Holy] Sacred Blade,1,201,100
120000700,<Holy Great Hammer> [Holy] Prayerful Strike,1,208,100
120000700,<Holy Great Hammer> [Holy] Golden Land,1,213,100
120000700,<Holy Great Hammer> [Holy] Golden Slam,1,507,100
120000700,<Holy Great Hammer> [Holy] Golden Vow,1,603,100
120000700,<Holy Great Hammer> [Holy] Sacred Order,1,604,100
120000700,<Holy Great Hammer> [Holy] Shared Order,1,605,100
120000710,,1,201,100
120000710,,1,208,100
120000710,,1,213,100
120000710,,1,507,100
120000710,,1,603,100
120000710,,1,604,100
120000710,,1,605,100
120000710,,1,100,100
120000710,,1,106,100
120000710,,1,107,100
120000710,,1,110,100
120000710,,1,123,100
120000710,,1,212,100
120000710,,1,502,100
120000710,,1,503,100
120000710,,1,506,100
120000710,,1,509,100
120000710,,1,600,100
120000710,,1,601,100
120000710,,1,607,100
120000710,,1,650,100
120000710,,1,651,100
120000710,,1,652,100
120000710,,1,653,100
120000710,,1,654,100
120000710,,1,700,100
120000710,,1,800,100
120000710,,1,801,100
120000710,,1,802,100
120000800,<Magic Great Hammer> [Magic] Gravitas,1,209,100
120000800,<Magic Great Hammer> [Magic] Waves of Darkness,1,508,100
120000810,,1,209,100
120000810,,1,508,100
120000810,,1,100,100
120000810,,1,106,100
120000810,,1,107,100
120000810,,1,110,100
120000810,,1,123,100
120000810,,1,212,100
120000810,,1,502,100
120000810,,1,503,100
120000810,,1,506,100
120000810,,1,509,100
120000810,,1,600,100
120000810,,1,601,100
120000810,,1,607,100
120000810,,1,650,100
120000810,,1,651,100
120000810,,1,652,100
120000810,,1,653,100
120000810,,1,654,100
120000810,,1,700,100
120000810,,1,800,100
120000810,,1,801,100
120000810,,1,802,100
120000900,<Frost Great Hammer> [Frost] Chilling Mist,1,227,100
120000900,<Frost Great Hammer> [Frost] Hoarfrost Stomp,1,501,100
120000910,,1,227,100
120000910,,1,501,100
120000910,,1,100,100
120000910,,1,106,100
120000910,,1,107,100
120000910,,1,110,100
120000910,,1,123,100
120000910,,1,212,100
120000910,,1,502,100
120000910,,1,503,100
120000910,,1,506,100
120000910,,1,509,100
120000910,,1,600,100
120000910,,1,601,100
120000910,,1,607,100
120000910,,1,650,100
120000910,,1,651,100
120000910,,1,652,100
120000910,,1,653,100
120000910,,1,654,100
120000910,,1,700,100
120000910,,1,800,100
120000910,,1,801,100
120000910,,1,802,100
120001000,<Poison Great Hammer> [Poison] Poisonous Mist,1,228,100
120001010,,1,228,100
120001010,,1,100,100
120001010,,1,106,100
120001010,,1,107,100
120001010,,1,110,100
120001010,,1,123,100
120001010,,1,212,100
120001010,,1,502,100
120001010,,1,503,100
120001010,,1,506,100
120001010,,1,509,100
120001010,,1,600,100
120001010,,1,601,100
120001010,,1,607,100
120001010,,1,650,100
120001010,,1,651,100
120001010,,1,652,100
120001010,,1,653,100
120001010,,1,654,100
120001010,,1,700,100
120001010,,1,800,100
120001010,,1,801,100
120001010,,1,802,100
120001200,<Shadow Great Hammer> [Standard] White Shadow's Lure,1,850,100
120001210,,1,850,100
120001210,,1,100,100
120001210,,1,106,100
120001210,,1,107,100
120001210,,1,110,100
120001210,,1,123,100
120001210,,1,212,100
120001210,,1,502,100
120001210,,1,503,100
120001210,,1,506,100
120001210,,1,509,100
120001210,,1,600,100
120001210,,1,601,100
120001210,,1,607,100
120001210,,1,650,100
120001210,,1,651,100
120001210,,1,652,100
120001210,,1,653,100
120001210,,1,654,100
120001210,,1,700,100
120001210,,1,800,100
120001210,,1,801,100
120001210,,1,802,100
130000000,<Flail> [Standard] Stamp (Upward Cut),1,106,100
130000000,<Flail> [Standard] Stamp (Sweep),1,107,100
130000000,<Flail> [Standard] Wild Strikes,1,110,100
130000000,<Flail> [Standard] Storm Stomp,1,502,100
130000000,<Flail> [Standard] Kick,1,503,100
130000000,<Flail> [Standard] Ground Slam,1,506,100
130000000,<Flail> [Standard] Determination,1,600,100
130000000,<Flail> [Standard] Royal Knight's Resolve,1,601,100
130000000,<Flail> [Standard] Cragblade,1,607,100
130000000,<Flail> [Standard] Barbaric Roar,1,650,100
130000000,<Flail> [Standard] War Cry,1,651,100
130000000,<Flail> [Standard] Endure,1,700,100
130000000,<Flail> [Standard] Quickstep,1,800,100
130000000,<Flail> [Standard] Bloodhound's Step,1,801,100
130000000,<Flail> [Standard] Raptor of the Mists,1,802,100
130000000,<Flail> [Fire] Flame of the Redmanes,1,505,100
130000000,<Flail> [Lightning] Thunderbolt,1,216,100
130000000,<Flail> [Lightning] Lightning Ram,1,504,100
130000000,<Flail> [Holy] Sacred Blade,1,201,100
130000000,<Flail> [Holy] Prayerful Strike,1,208,100
130000000,<Flail> [Holy] Golden Slam,1,507,100
130000000,<Flail> [Holy] Golden Vow,1,603,100
130000000,<Flail> [Holy] Sacred Order,1,604,100
130000000,<Flail> [Holy] Shared Order,1,605,100
130000000,<Flail> [Magic] Spinning Weapon,1,120,100
130000000,<Flail> [Magic] Gravitas,1,209,100
130000000,<Flail> [Frost] Chilling Mist,1,227,100
130000000,<Flail> [Frost] Hoarfrost Stomp,1,501,100
130000000,<Flail> [Poison] Poisonous Mist,1,228,100
130000010,,1,106,100
130000010,,1,107,100
130000010,,1,110,100
130000010,,1,502,100
130000010,,1,503,100
130000010,,1,506,100
130000010,,1,600,100
130000010,,1,601,100
130000010,,1,607,100
130000010,,1,650,100
130000010,,1,651,100
130000010,,1,700,100
130000010,,1,800,100
130000010,,1,801,100
130000010,,1,802,100
130000010,,1,505,100
130000010,,1,216,100
130000010,,1,504,100
130000010,,1,201,100
130000010,,1,208,100
130000010,,1,507,100
130000010,,1,603,100
130000010,,1,604,100
130000010,,1,605,100
130000010,,1,120,100
130000010,,1,209,100
130000010,,1,227,100
130000010,,1,501,100
130000010,,1,228,100
130000050,<Untyped Flail> [Standard] Stamp (Upward Cut),1,106,100
130000050,<Untyped Flail> [Standard] Stamp (Sweep),1,107,100
130000050,<Untyped Flail> [Standard] Wild Strikes,1,110,100
130000050,<Untyped Flail> [Standard] Storm Stomp,1,502,100
130000050,<Untyped Flail> [Standard] Kick,1,503,100
130000050,<Untyped Flail> [Standard] Ground Slam,1,506,100
130000050,<Untyped Flail> [Standard] Determination,1,600,100
130000050,<Untyped Flail> [Standard] Royal Knight's Resolve,1,601,100
130000050,<Untyped Flail> [Standard] Cragblade,1,607,100
130000050,<Untyped Flail> [Standard] Barbaric Roar,1,650,100
130000050,<Untyped Flail> [Standard] War Cry,1,651,100
130000050,<Untyped Flail> [Standard] Endure,1,700,100
130000050,<Untyped Flail> [Standard] Quickstep,1,800,100
130000050,<Untyped Flail> [Standard] Bloodhound's Step,1,801,100
130000050,<Untyped Flail> [Standard] Raptor of the Mists,1,802,100
130000060,,1,106,100
130000060,,1,107,100
130000060,,1,110,100
130000060,,1,502,100
130000060,,1,503,100
130000060,,1,506,100
130000060,,1,600,100
130000060,,1,601,100
130000060,,1,607,100
130000060,,1,650,100
130000060,,1,651,100
130000060,,1,700,100
130000060,,1,800,100
130000060,,1,801,100
130000060,,1,802,100
130000100,<Elemental Flail> [Fire] Flame of the Redmanes,1,505,100
130000100,<Elemental Flail> [Lightning] Thunderbolt,1,216,100
130000100,<Elemental Flail> [Lightning] Lightning Ram,1,504,100
130000100,<Elemental Flail> [Holy] Sacred Blade,1,201,100
130000100,<Elemental Flail> [Holy] Prayerful Strike,1,208,100
130000100,<Elemental Flail> [Holy] Golden Slam,1,507,100
130000100,<Elemental Flail> [Holy] Golden Vow,1,603,100
130000100,<Elemental Flail> [Holy] Sacred Order,1,604,100
130000100,<Elemental Flail> [Holy] Shared Order,1,605,100
130000100,<Elemental Flail> [Magic] Spinning Weapon,1,120,100
130000100,<Elemental Flail> [Magic] Gravitas,1,209,100
130000100,<Elemental Flail> [Frost] Chilling Mist,1,227,100
130000100,<Elemental Flail> [Frost] Hoarfrost Stomp,1,501,100
130000100,<Elemental Flail> [Poison] Poisonous Mist,1,228,100
130000110,,1,505,100
130000110,,1,216,100
130000110,,1,504,100
130000110,,1,201,100
130000110,,1,208,100
130000110,,1,507,100
130000110,,1,603,100
130000110,,1,604,100
130000110,,1,605,100
130000110,,1,120,100
130000110,,1,209,100
130000110,,1,227,100
130000110,,1,501,100
130000110,,1,228,100
130000110,,1,106,100
130000110,,1,107,100
130000110,,1,110,100
130000110,,1,502,100
130000110,,1,503,100
130000110,,1,506,100
130000110,,1,600,100
130000110,,1,601,100
130000110,,1,607,100
130000110,,1,650,100
130000110,,1,651,100
130000110,,1,700,100
130000110,,1,800,100
130000110,,1,801,100
130000110,,1,802,100
130000500,<Fire Flail> [Fire] Flame of the Redmanes,1,505,100
130000510,,1,505,100
130000510,,1,106,100
130000510,,1,107,100
130000510,,1,110,100
130000510,,1,502,100
130000510,,1,503,100
130000510,,1,506,100
130000510,,1,600,100
130000510,,1,601,100
130000510,,1,607,100
130000510,,1,650,100
130000510,,1,651,100
130000510,,1,700,100
130000510,,1,800,100
130000510,,1,801,100
130000510,,1,802,100
130000600,<Lightning Flail> [Lightning] Thunderbolt,1,216,100
130000600,<Lightning Flail> [Lightning] Lightning Ram,1,504,100
130000610,,1,216,100
130000610,,1,504,100
130000610,,1,106,100
130000610,,1,107,100
130000610,,1,110,100
130000610,,1,502,100
130000610,,1,503,100
130000610,,1,506,100
130000610,,1,600,100
130000610,,1,601,100
130000610,,1,607,100
130000610,,1,650,100
130000610,,1,651,100
130000610,,1,700,100
130000610,,1,800,100
130000610,,1,801,100
130000610,,1,802,100
130000700,<Holy Flail> [Holy] Sacred Blade,1,201,100
130000700,<Holy Flail> [Holy] Prayerful Strike,1,208,100
130000700,<Holy Flail> [Holy] Golden Slam,1,507,100
130000700,<Holy Flail> [Holy] Golden Vow,1,603,100
130000700,<Holy Flail> [Holy] Sacred Order,1,604,100
130000700,<Holy Flail> [Holy] Shared Order,1,605,100
130000710,,1,201,100
130000710,,1,208,100
130000710,,1,507,100
130000710,,1,603,100
130000710,,1,604,100
130000710,,1,605,100
130000710,,1,106,100
130000710,,1,107,100
130000710,,1,110,100
130000710,,1,502,100
130000710,,1,503,100
130000710,,1,506,100
130000710,,1,600,100
130000710,,1,601,100
130000710,,1,607,100
130000710,,1,650,100
130000710,,1,651,100
130000710,,1,700,100
130000710,,1,800,100
130000710,,1,801,100
130000710,,1,802,100
130000800,<Magic Flail> [Magic] Spinning Weapon,1,120,100
130000800,<Magic Flail> [Magic] Gravitas,1,209,100
130000810,,1,120,100
130000810,,1,209,100
130000810,,1,106,100
130000810,,1,107,100
130000810,,1,110,100
130000810,,1,502,100
130000810,,1,503,100
130000810,,1,506,100
130000810,,1,600,100
130000810,,1,601,100
130000810,,1,607,100
130000810,,1,650,100
130000810,,1,651,100
130000810,,1,700,100
130000810,,1,800,100
130000810,,1,801,100
130000810,,1,802,100
130000900,<Frost Flail> [Frost] Chilling Mist,1,227,100
130000900,<Frost Flail> [Frost] Hoarfrost Stomp,1,501,100
130000910,,1,227,100
130000910,,1,501,100
130000910,,1,106,100
130000910,,1,107,100
130000910,,1,110,100
130000910,,1,502,100
130000910,,1,503,100
130000910,,1,506,100
130000910,,1,600,100
130000910,,1,601,100
130000910,,1,607,100
130000910,,1,650,100
130000910,,1,651,100
130000910,,1,700,100
130000910,,1,800,100
130000910,,1,801,100
130000910,,1,802,100
130001000,<Poison Flail> [Poison] Poisonous Mist,1,228,100
130001010,,1,228,100
130001010,,1,106,100
130001010,,1,107,100
130001010,,1,110,100
130001010,,1,502,100
130001010,,1,503,100
130001010,,1,506,100
130001010,,1,600,100
130001010,,1,601,100
130001010,,1,607,100
130001010,,1,650,100
130001010,,1,651,100
130001010,,1,700,100
130001010,,1,800,100
130001010,,1,801,100
130001010,,1,802,100
130001200,<Shadow Flail> [Standard] White Shadow's Lure,1,850,100
130001210,,1,850,100
130001210,,1,106,100
130001210,,1,107,100
130001210,,1,110,100
130001210,,1,502,100
130001210,,1,503,100
130001210,,1,506,100
130001210,,1,600,100
130001210,,1,601,100
130001210,,1,607,100
130001210,,1,650,100
130001210,,1,651,100
130001210,,1,700,100
130001210,,1,800,100
130001210,,1,801,100
130001210,,1,802,100
140000000,<Axe> [Standard] Spinning Slash,1,103,100
140000000,<Axe> [Standard] Stamp (Upward Cut),1,106,100
140000000,<Axe> [Standard] Stamp (Sweep),1,107,100
140000000,<Axe> [Standard] Wild Strikes,1,110,100
140000000,<Axe> [Standard] Vacuum Slice,1,220,100
140000000,<Axe> [Standard] Storm Stomp,1,502,100
140000000,<Axe> [Standard] Kick,1,503,100
140000000,<Axe> [Standard] Ground Slam,1,506,100
140000000,<Axe> [Standard] Determination,1,600,100
140000000,<Axe> [Standard] Royal Knight's Resolve,1,601,100
140000000,<Axe> [Standard] Cragblade,1,607,100
140000000,<Axe> [Standard] Barbaric Roar,1,650,100
140000000,<Axe> [Standard] War Cry,1,651,100
140000000,<Axe> [Standard] Endure,1,700,100
140000000,<Axe> [Standard] Quickstep,1,800,100
140000000,<Axe> [Standard] Bloodhound's Step,1,801,100
140000000,<Axe> [Standard] Raptor of the Mists,1,802,100
140000000,<Axe> [Fire] Flaming Strike,1,214,100
140000000,<Axe> [Fire] Flame of the Redmanes,1,505,100
140000000,<Axe> [Lightning] Thunderbolt,1,216,100
140000000,<Axe> [Lightning] Lightning Ram,1,504,100
140000000,<Axe> [Holy] Sacred Blade,1,201,100
140000000,<Axe> [Holy] Golden Slam,1,507,100
140000000,<Axe> [Holy] Golden Vow,1,603,100
140000000,<Axe> [Holy] Sacred Order,1,604,100
140000000,<Axe> [Holy] Shared Order,1,605,100
140000000,<Axe> [Magic] Spinning Weapon,1,120,100
140000000,<Axe> [Magic] Gravitas,1,209,100
140000000,<Axe> [Frost] Chilling Mist,1,227,100
140000000,<Axe> [Frost] Hoarfrost Stomp,1,501,100
140000000,<Axe> [Poison] Poisonous Mist,1,228,100
140000010,,1,103,100
140000010,,1,106,100
140000010,,1,107,100
140000010,,1,110,100
140000010,,1,220,100
140000010,,1,502,100
140000010,,1,503,100
140000010,,1,506,100
140000010,,1,600,100
140000010,,1,601,100
140000010,,1,607,100
140000010,,1,650,100
140000010,,1,651,100
140000010,,1,700,100
140000010,,1,800,100
140000010,,1,801,100
140000010,,1,802,100
140000010,,1,214,100
140000010,,1,505,100
140000010,,1,216,100
140000010,,1,504,100
140000010,,1,201,100
140000010,,1,507,100
140000010,,1,603,100
140000010,,1,604,100
140000010,,1,605,100
140000010,,1,120,100
140000010,,1,209,100
140000010,,1,227,100
140000010,,1,501,100
140000010,,1,228,100
140000050,<Untyped Axe> [Standard] Spinning Slash,1,103,100
140000050,<Untyped Axe> [Standard] Stamp (Upward Cut),1,106,100
140000050,<Untyped Axe> [Standard] Stamp (Sweep),1,107,100
140000050,<Untyped Axe> [Standard] Wild Strikes,1,110,100
140000050,<Untyped Axe> [Standard] Vacuum Slice,1,220,100
140000050,<Untyped Axe> [Standard] Storm Stomp,1,502,100
140000050,<Untyped Axe> [Standard] Kick,1,503,100
140000050,<Untyped Axe> [Standard] Ground Slam,1,506,100
140000050,<Untyped Axe> [Standard] Determination,1,600,100
140000050,<Untyped Axe> [Standard] Royal Knight's Resolve,1,601,100
140000050,<Untyped Axe> [Standard] Cragblade,1,607,100
140000050,<Untyped Axe> [Standard] Barbaric Roar,1,650,100
140000050,<Untyped Axe> [Standard] War Cry,1,651,100
140000050,<Untyped Axe> [Standard] Endure,1,700,100
140000050,<Untyped Axe> [Standard] Quickstep,1,800,100
140000050,<Untyped Axe> [Standard] Bloodhound's Step,1,801,100
140000050,<Untyped Axe> [Standard] Raptor of the Mists,1,802,100
140000060,,1,103,100
140000060,,1,106,100
140000060,,1,107,100
140000060,,1,110,100
140000060,,1,220,100
140000060,,1,502,100
140000060,,1,503,100
140000060,,1,506,100
140000060,,1,600,100
140000060,,1,601,100
140000060,,1,607,100
140000060,,1,650,100
140000060,,1,651,100
140000060,,1,700,100
140000060,,1,800,100
140000060,,1,801,100
140000060,,1,802,100
140000100,<Elemental Axe> [Fire] Flaming Strike,1,214,100
140000100,<Elemental Axe> [Fire] Flame of the Redmanes,1,505,100
140000100,<Elemental Axe> [Lightning] Thunderbolt,1,216,100
140000100,<Elemental Axe> [Lightning] Lightning Ram,1,504,100
140000100,<Elemental Axe> [Holy] Sacred Blade,1,201,100
140000100,<Elemental Axe> [Holy] Golden Slam,1,507,100
140000100,<Elemental Axe> [Holy] Golden Vow,1,603,100
140000100,<Elemental Axe> [Holy] Sacred Order,1,604,100
140000100,<Elemental Axe> [Holy] Shared Order,1,605,100
140000100,<Elemental Axe> [Magic] Spinning Weapon,1,120,100
140000100,<Elemental Axe> [Magic] Gravitas,1,209,100
140000100,<Elemental Axe> [Frost] Chilling Mist,1,227,100
140000100,<Elemental Axe> [Frost] Hoarfrost Stomp,1,501,100
140000100,<Elemental Axe> [Poison] Poisonous Mist,1,228,100
140000110,,1,214,100
140000110,,1,505,100
140000110,,1,216,100
140000110,,1,504,100
140000110,,1,201,100
140000110,,1,507,100
140000110,,1,603,100
140000110,,1,604,100
140000110,,1,605,100
140000110,,1,120,100
140000110,,1,209,100
140000110,,1,227,100
140000110,,1,501,100
140000110,,1,228,100
140000110,,1,103,100
140000110,,1,106,100
140000110,,1,107,100
140000110,,1,110,100
140000110,,1,220,100
140000110,,1,502,100
140000110,,1,503,100
140000110,,1,506,100
140000110,,1,600,100
140000110,,1,601,100
140000110,,1,607,100
140000110,,1,650,100
140000110,,1,651,100
140000110,,1,700,100
140000110,,1,800,100
140000110,,1,801,100
140000110,,1,802,100
140000500,<Fire Axe> [Fire] Flaming Strike,1,214,100
140000500,<Fire Axe> [Fire] Flame of the Redmanes,1,505,100
140000510,,1,214,100
140000510,,1,505,100
140000510,,1,103,100
140000510,,1,106,100
140000510,,1,107,100
140000510,,1,110,100
140000510,,1,220,100
140000510,,1,502,100
140000510,,1,503,100
140000510,,1,506,100
140000510,,1,600,100
140000510,,1,601,100
140000510,,1,607,100
140000510,,1,650,100
140000510,,1,651,100
140000510,,1,700,100
140000510,,1,800,100
140000510,,1,801,100
140000510,,1,802,100
140000600,<Lightning Axe> [Lightning] Thunderbolt,1,216,100
140000600,<Lightning Axe> [Lightning] Lightning Ram,1,504,100
140000610,,1,216,100
140000610,,1,504,100
140000610,,1,103,100
140000610,,1,106,100
140000610,,1,107,100
140000610,,1,110,100
140000610,,1,220,100
140000610,,1,502,100
140000610,,1,503,100
140000610,,1,506,100
140000610,,1,600,100
140000610,,1,601,100
140000610,,1,607,100
140000610,,1,650,100
140000610,,1,651,100
140000610,,1,700,100
140000610,,1,800,100
140000610,,1,801,100
140000610,,1,802,100
140000700,<Holy Axe> [Holy] Sacred Blade,1,201,100
140000700,<Holy Axe> [Holy] Golden Slam,1,507,100
140000700,<Holy Axe> [Holy] Golden Vow,1,603,100
140000700,<Holy Axe> [Holy] Sacred Order,1,604,100
140000700,<Holy Axe> [Holy] Shared Order,1,605,100
140000710,,1,201,100
140000710,,1,507,100
140000710,,1,603,100
140000710,,1,604,100
140000710,,1,605,100
140000710,,1,103,100
140000710,,1,106,100
140000710,,1,107,100
140000710,,1,110,100
140000710,,1,220,100
140000710,,1,502,100
140000710,,1,503,100
140000710,,1,506,100
140000710,,1,600,100
140000710,,1,601,100
140000710,,1,607,100
140000710,,1,650,100
140000710,,1,651,100
140000710,,1,700,100
140000710,,1,800,100
140000710,,1,801,100
140000710,,1,802,100
140000800,<Magic Axe> [Magic] Spinning Weapon,1,120,100
140000800,<Magic Axe> [Magic] Gravitas,1,209,100
140000810,,1,120,100
140000810,,1,209,100
140000810,,1,103,100
140000810,,1,106,100
140000810,,1,107,100
140000810,,1,110,100
140000810,,1,220,100
140000810,,1,502,100
140000810,,1,503,100
140000810,,1,506,100
140000810,,1,600,100
140000810,,1,601,100
140000810,,1,607,100
140000810,,1,650,100
140000810,,1,651,100
140000810,,1,700,100
140000810,,1,800,100
140000810,,1,801,100
140000810,,1,802,100
140000900,<Frost Axe> [Frost] Chilling Mist,1,227,100
140000900,<Frost Axe> [Frost] Hoarfrost Stomp,1,501,100
140000910,,1,227,100
140000910,,1,501,100
140000910,,1,103,100
140000910,,1,106,100
140000910,,1,107,100
140000910,,1,110,100
140000910,,1,220,100
140000910,,1,502,100
140000910,,1,503,100
140000910,,1,506,100
140000910,,1,600,100
140000910,,1,601,100
140000910,,1,607,100
140000910,,1,650,100
140000910,,1,651,100
140000910,,1,700,100
140000910,,1,800,100
140000910,,1,801,100
140000910,,1,802,100
140001000,<Poison Axe> [Poison] Poisonous Mist,1,228,100
140001010,,1,228,100
140001010,,1,103,100
140001010,,1,106,100
140001010,,1,107,100
140001010,,1,110,100
140001010,,1,220,100
140001010,,1,502,100
140001010,,1,503,100
140001010,,1,506,100
140001010,,1,600,100
140001010,,1,601,100
140001010,,1,607,100
140001010,,1,650,100
140001010,,1,651,100
140001010,,1,700,100
140001010,,1,800,100
140001010,,1,801,100
140001010,,1,802,100
140001200,<Shadow Axe> [Standard] White Shadow's Lure,1,850,100
140001210,,1,850,100
140001210,,1,103,100
140001210,,1,106,100
140001210,,1,107,100
140001210,,1,110,100
140001210,,1,220,100
140001210,,1,502,100
140001210,,1,503,100
140001210,,1,506,100
140001210,,1,600,100
140001210,,1,601,100
140001210,,1,607,100
140001210,,1,650,100
140001210,,1,651,100
140001210,,1,700,100
140001210,,1,800,100
140001210,,1,801,100
140001210,,1,802,100
140500000,<Table> [Standard] Spinning Slash,1,103,100
140500000,<Table> [Standard] Stamp (Upward Cut),1,106,100
140500000,<Table> [Standard] Stamp (Sweep),1,107,100
140500000,<Table> [Standard] Wild Strikes,1,110,100
140500000,<Table> [Standard] Vacuum Slice,1,220,100
140500000,<Table> [Standard] Storm Stomp,1,502,100
140500000,<Table> [Standard] Kick,1,503,100
140500000,<Table> [Standard] Ground Slam,1,506,100
140500000,<Table> [Standard] Determination,1,600,100
140500000,<Table> [Standard] Royal Knight's Resolve,1,601,100
140500000,<Table> [Standard] Cragblade,1,607,100
140500000,<Table> [Standard] Barbaric Roar,1,650,100
140500000,<Table> [Standard] War Cry,1,651,100
140500000,<Table> [Standard] Endure,1,700,100
140500000,<Table> [Standard] Quickstep,1,800,100
140500000,<Table> [Standard] Bloodhound's Step,1,801,100
140500000,<Table> [Standard] Raptor of the Mists,1,802,100
140500010,,1,103,100
140500010,,1,106,100
140500010,,1,107,100
140500010,,1,110,100
140500010,,1,220,100
140500010,,1,502,100
140500010,,1,503,100
140500010,,1,506,100
140500010,,1,600,100
140500010,,1,601,100
140500010,,1,607,100
140500010,,1,650,100
140500010,,1,651,100
140500010,,1,700,100
140500010,,1,800,100
140500010,,1,801,100
140500010,,1,802,100
140800000,<Table> [Standard] Spinning Slash,1,103,100
140800000,<Table> [Standard] Stamp (Upward Cut),1,106,100
140800000,<Table> [Standard] Stamp (Sweep),1,107,100
140800000,<Table> [Standard] Wild Strikes,1,110,100
140800000,<Table> [Standard] Vacuum Slice,1,220,100
140800000,<Table> [Standard] Storm Stomp,1,502,100
140800000,<Table> [Standard] Kick,1,503,100
140800000,<Table> [Standard] Ground Slam,1,506,100
140800000,<Table> [Standard] Determination,1,600,100
140800000,<Table> [Standard] Royal Knight's Resolve,1,601,100
140800000,<Table> [Standard] Cragblade,1,607,100
140800000,<Table> [Standard] Barbaric Roar,1,650,100
140800000,<Table> [Standard] War Cry,1,651,100
140800000,<Table> [Standard] Endure,1,700,100
140800000,<Table> [Standard] Quickstep,1,800,100
140800000,<Table> [Standard] Bloodhound's Step,1,801,100
140800000,<Table> [Standard] Raptor of the Mists,1,802,100
140800010,,1,103,100
140800010,,1,106,100
140800010,,1,107,100
140800010,,1,110,100
140800010,,1,220,100
140800010,,1,502,100
140800010,,1,503,100
140800010,,1,506,100
140800010,,1,600,100
140800010,,1,601,100
140800010,,1,607,100
140800010,,1,650,100
140800010,,1,651,100
140800010,,1,700,100
140800010,,1,800,100
140800010,,1,801,100
140800010,,1,802,100
140800050,<Table> [Standard] Spinning Slash,1,103,100
140800050,<Table> [Standard] Stamp (Upward Cut),1,106,100
140800050,<Table> [Standard] Stamp (Sweep),1,107,100
140800050,<Table> [Standard] Wild Strikes,1,110,100
140800050,<Table> [Standard] Vacuum Slice,1,220,100
140800050,<Table> [Standard] Storm Stomp,1,502,100
140800050,<Table> [Standard] Kick,1,503,100
140800050,<Table> [Standard] Ground Slam,1,506,100
140800050,<Table> [Standard] Determination,1,600,100
140800050,<Table> [Standard] Royal Knight's Resolve,1,601,100
140800050,<Table> [Standard] Cragblade,1,607,100
140800050,<Table> [Standard] Barbaric Roar,1,650,100
140800050,<Table> [Standard] War Cry,1,651,100
140800050,<Table> [Standard] Endure,1,700,100
140800050,<Table> [Standard] Quickstep,1,800,100
140800050,<Table> [Standard] Bloodhound's Step,1,801,100
140800050,<Table> [Standard] Raptor of the Mists,1,802,100
140800060,,1,103,100
140800060,,1,106,100
140800060,,1,107,100
140800060,,1,110,100
140800060,,1,220,100
140800060,,1,502,100
140800060,,1,503,100
140800060,,1,506,100
140800060,,1,600,100
140800060,,1,601,100
140800060,,1,607,100
140800060,,1,650,100
140800060,,1,651,100
140800060,,1,700,100
140800060,,1,800,100
140800060,,1,801,100
140800060,,1,802,100
140800100,<Table> [Frost] Chilling Mist,1,227,100
140800100,<Table> [Frost] Hoarfrost Stomp,1,501,100
140800110,,1,227,100
140800110,,1,501,100
140800110,,1,103,100
140800110,,1,106,100
140800110,,1,107,100
140800110,,1,110,100
140800110,,1,220,100
140800110,,1,502,100
140800110,,1,503,100
140800110,,1,506,100
140800110,,1,600,100
140800110,,1,601,100
140800110,,1,607,100
140800110,,1,650,100
140800110,,1,651,100
140800110,,1,700,100
140800110,,1,800,100
140800110,,1,801,100
140800110,,1,802,100
150000000,<Greataxe> [Standard] Lion's Claw,1,100,100
150000000,<Greataxe> [Standard] Spinning Slash,1,103,100
150000000,<Greataxe> [Standard] Stamp (Upward Cut),1,106,100
150000000,<Greataxe> [Standard] Stamp (Sweep),1,107,100
150000000,<Greataxe> [Standard] Wild Strikes,1,110,100
150000000,<Greataxe> [Standard] Stormcaller,1,123,100
150000000,<Greataxe> [Standard] Sword Dance,1,124,100
150000000,<Greataxe> [Standard] Earthshaker,1,212,100
150000000,<Greataxe> [Standard] Vacuum Slice,1,220,100
150000000,<Greataxe> [Standard] Storm Stomp,1,502,100
150000000,<Greataxe> [Standard] Kick,1,503,100
150000000,<Greataxe> [Standard] Ground Slam,1,506,100
150000000,<Greataxe> [Standard] Hoarah Loux's Earthshaker,1,509,100
150000000,<Greataxe> [Standard] Determination,1,600,100
150000000,<Greataxe> [Standard] Royal Knight's Resolve,1,601,100
150000000,<Greataxe> [Standard] Cragblade,1,607,100
150000000,<Greataxe> [Standard] Barbaric Roar,1,650,100
150000000,<Greataxe> [Standard] War Cry,1,651,100
150000000,<Greataxe> [Standard] Beast's Roar,1,652,100
150000000,<Greataxe> [Standard] Troll's Roar,1,653,100
150000000,<Greataxe> [Standard] Braggart's Roar,1,654,100
150000000,<Greataxe> [Standard] Endure,1,700,100
150000000,<Greataxe> [Standard] Quickstep,1,800,100
150000000,<Greataxe> [Standard] Bloodhound's Step,1,801,100
150000000,<Greataxe> [Standard] Raptor of the Mists,1,802,100
150000000,<Greataxe> [Fire] Eruption,1,207,100
150000000,<Greataxe> [Fire] Flaming Strike,1,214,100
150000000,<Greataxe> [Fire] Flame of the Redmanes,1,505,100
150000000,<Greataxe> [Fire] Prelate's Charge,1,113,100
150000000,<Greataxe> [Lightning] Thunderbolt,1,216,100
150000000,<Greataxe> [Lightning] Lightning Slash,1,217,100
150000000,<Greataxe> [Lightning] Lightning Ram,1,504,100
150000000,<Greataxe> [Holy] Sacred Blade,1,201,100
150000000,<Greataxe> [Holy] Prayerful Strike,1,208,100
150000000,<Greataxe> [Holy] Golden Land,1,213,100
150000000,<Greataxe> [Holy] Golden Slam,1,507,100
150000000,<Greataxe> [Holy] Golden Vow,1,603,100
150000000,<Greataxe> [Holy] Sacred Order,1,604,100
150000000,<Greataxe> [Holy] Shared Order,1,605,100
150000000,<Greataxe> [Magic] Gravitas,1,209,100
150000000,<Greataxe> [Magic] Waves of Darkness,1,508,100
150000000,<Greataxe> [Frost] Chilling Mist,1,227,100
150000000,<Greataxe> [Frost] Hoarfrost Stomp,1,501,100
150000000,<Greataxe> [Poison] Poisonous Mist,1,228,100
150000000,<Greataxe> [Standard] White Shadow's Lure,1,850,100
150000010,,1,100,100
150000010,,1,103,100
150000010,,1,106,100
150000010,,1,107,100
150000010,,1,110,100
150000010,,1,123,100
150000010,,1,124,100
150000010,,1,212,100
150000010,,1,220,100
150000010,,1,502,100
150000010,,1,503,100
150000010,,1,506,100
150000010,,1,509,100
150000010,,1,600,100
150000010,,1,601,100
150000010,,1,607,100
150000010,,1,650,100
150000010,,1,651,100
150000010,,1,652,100
150000010,,1,653,100
150000010,,1,654,100
150000010,,1,700,100
150000010,,1,800,100
150000010,,1,801,100
150000010,,1,802,100
150000010,,1,207,100
150000010,,1,214,100
150000010,,1,505,100
150000010,,1,113,100
150000010,,1,216,100
150000010,,1,217,100
150000010,,1,504,100
150000010,,1,201,100
150000010,,1,208,100
150000010,,1,213,100
150000010,,1,507,100
150000010,,1,603,100
150000010,,1,604,100
150000010,,1,605,100
150000010,,1,209,100
150000010,,1,508,100
150000010,,1,227,100
150000010,,1,501,100
150000010,,1,228,100
150000010,,1,850,100
150000050,<Untyped Greataxe> [Standard] Lion's Claw,1,100,100
150000050,<Untyped Greataxe> [Standard] Spinning Slash,1,103,100
150000050,<Untyped Greataxe> [Standard] Stamp (Upward Cut),1,106,100
150000050,<Untyped Greataxe> [Standard] Stamp (Sweep),1,107,100
150000050,<Untyped Greataxe> [Standard] Wild Strikes,1,110,100
150000050,<Untyped Greataxe> [Standard] Stormcaller,1,123,100
150000050,<Untyped Greataxe> [Standard] Sword Dance,1,124,100
150000050,<Untyped Greataxe> [Standard] Earthshaker,1,212,100
150000050,<Untyped Greataxe> [Standard] Vacuum Slice,1,220,100
150000050,<Untyped Greataxe> [Standard] Storm Stomp,1,502,100
150000050,<Untyped Greataxe> [Standard] Kick,1,503,100
150000050,<Untyped Greataxe> [Standard] Ground Slam,1,506,100
150000050,<Untyped Greataxe> [Standard] Hoarah Loux's Earthshaker,1,509,100
150000050,<Untyped Greataxe> [Standard] Determination,1,600,100
150000050,<Untyped Greataxe> [Standard] Royal Knight's Resolve,1,601,100
150000050,<Untyped Greataxe> [Standard] Cragblade,1,607,100
150000050,<Untyped Greataxe> [Standard] Barbaric Roar,1,650,100
150000050,<Untyped Greataxe> [Standard] War Cry,1,651,100
150000050,<Untyped Greataxe> [Standard] Beast's Roar,1,652,100
150000050,<Untyped Greataxe> [Standard] Troll's Roar,1,653,100
150000050,<Untyped Greataxe> [Standard] Braggart's Roar,1,654,100
150000050,<Untyped Greataxe> [Standard] Endure,1,700,100
150000050,<Untyped Greataxe> [Standard] Quickstep,1,800,100
150000050,<Untyped Greataxe> [Standard] Bloodhound's Step,1,801,100
150000050,<Untyped Greataxe> [Standard] Raptor of the Mists,1,802,100
150000060,,1,100,100
150000060,,1,103,100
150000060,,1,106,100
150000060,,1,107,100
150000060,,1,110,100
150000060,,1,123,100
150000060,,1,124,100
150000060,,1,212,100
150000060,,1,220,100
150000060,,1,502,100
150000060,,1,503,100
150000060,,1,506,100
150000060,,1,509,100
150000060,,1,600,100
150000060,,1,601,100
150000060,,1,607,100
150000060,,1,650,100
150000060,,1,651,100
150000060,,1,652,100
150000060,,1,653,100
150000060,,1,654,100
150000060,,1,700,100
150000060,,1,800,100
150000060,,1,801,100
150000060,,1,802,100
150000100,<Elemental Greataxe> [Fire] Eruption,1,207,100
150000100,<Elemental Greataxe> [Fire] Flaming Strike,1,214,100
150000100,<Elemental Greataxe> [Fire] Flame of the Redmanes,1,505,100
150000100,<Elemental Greataxe> [Fire] Prelate's Charge,1,113,100
150000100,<Elemental Greataxe> [Lightning] Thunderbolt,1,216,100
150000100,<Elemental Greataxe> [Lightning] Lightning Slash,1,217,100
150000100,<Elemental Greataxe> [Lightning] Lightning Ram,1,504,100
150000100,<Elemental Greataxe> [Holy] Sacred Blade,1,201,100
150000100,<Elemental Greataxe> [Holy] Prayerful Strike,1,208,100
150000100,<Elemental Greataxe> [Holy] Golden Land,1,213,100
150000100,<Elemental Greataxe> [Holy] Golden Slam,1,507,100
150000100,<Elemental Greataxe> [Holy] Golden Vow,1,603,100
150000100,<Elemental Greataxe> [Holy] Sacred Order,1,604,100
150000100,<Elemental Greataxe> [Holy] Shared Order,1,605,100
150000100,<Elemental Greataxe> [Magic] Gravitas,1,209,100
150000100,<Elemental Greataxe> [Magic] Waves of Darkness,1,508,100
150000100,<Elemental Greataxe> [Frost] Chilling Mist,1,227,100
150000100,<Elemental Greataxe> [Frost] Hoarfrost Stomp,1,501,100
150000100,<Elemental Greataxe> [Poison] Poisonous Mist,1,228,100
150000100,<Elemental Greataxe> [Standard] White Shadow's Lure,1,850,100
150000110,,1,207,100
150000110,,1,214,100
150000110,,1,505,100
150000110,,1,113,100
150000110,,1,216,100
150000110,,1,217,100
150000110,,1,504,100
150000110,,1,201,100
150000110,,1,208,100
150000110,,1,213,100
150000110,,1,507,100
150000110,,1,603,100
150000110,,1,604,100
150000110,,1,605,100
150000110,,1,209,100
150000110,,1,508,100
150000110,,1,227,100
150000110,,1,501,100
150000110,,1,228,100
150000110,,1,850,100
150000110,,1,100,100
150000110,,1,103,100
150000110,,1,106,100
150000110,,1,107,100
150000110,,1,110,100
150000110,,1,123,100
150000110,,1,124,100
150000110,,1,212,100
150000110,,1,220,100
150000110,,1,502,100
150000110,,1,503,100
150000110,,1,506,100
150000110,,1,509,100
150000110,,1,600,100
150000110,,1,601,100
150000110,,1,607,100
150000110,,1,650,100
150000110,,1,651,100
150000110,,1,652,100
150000110,,1,653,100
150000110,,1,654,100
150000110,,1,700,100
150000110,,1,800,100
150000110,,1,801,100
150000110,,1,802,100
150000500,<Fire Greataxe> [Fire] Eruption,1,207,100
150000500,<Fire Greataxe> [Fire] Flaming Strike,1,214,100
150000500,<Fire Greataxe> [Fire] Flame of the Redmanes,1,505,100
150000500,<Fire Greataxe> [Fire] Prelate's Charge,1,113,100
150000510,,1,207,100
150000510,,1,214,100
150000510,,1,505,100
150000510,,1,113,100
150000510,,1,100,100
150000510,,1,103,100
150000510,,1,106,100
150000510,,1,107,100
150000510,,1,110,100
150000510,,1,123,100
150000510,,1,124,100
150000510,,1,212,100
150000510,,1,220,100
150000510,,1,502,100
150000510,,1,503,100
150000510,,1,506,100
150000510,,1,509,100
150000510,,1,600,100
150000510,,1,601,100
150000510,,1,607,100
150000510,,1,650,100
150000510,,1,651,100
150000510,,1,652,100
150000510,,1,653,100
150000510,,1,654,100
150000510,,1,700,100
150000510,,1,800,100
150000510,,1,801,100
150000510,,1,802,100
150000600,<Lightning Greataxe> [Lightning] Thunderbolt,1,216,100
150000600,<Lightning Greataxe> [Lightning] Lightning Slash,1,217,100
150000600,<Lightning Greataxe> [Lightning] Lightning Ram,1,504,100
150000610,,1,216,100
150000610,,1,217,100
150000610,,1,504,100
150000610,,1,100,100
150000610,,1,103,100
150000610,,1,106,100
150000610,,1,107,100
150000610,,1,110,100
150000610,,1,123,100
150000610,,1,124,100
150000610,,1,212,100
150000610,,1,220,100
150000610,,1,502,100
150000610,,1,503,100
150000610,,1,506,100
150000610,,1,509,100
150000610,,1,600,100
150000610,,1,601,100
150000610,,1,607,100
150000610,,1,650,100
150000610,,1,651,100
150000610,,1,652,100
150000610,,1,653,100
150000610,,1,654,100
150000610,,1,700,100
150000610,,1,800,100
150000610,,1,801,100
150000610,,1,802,100
150000700,<Holy Greataxe> [Holy] Sacred Blade,1,201,100
150000700,<Holy Greataxe> [Holy] Prayerful Strike,1,208,100
150000700,<Holy Greataxe> [Holy] Golden Land,1,213,100
150000700,<Holy Greataxe> [Holy] Golden Slam,1,507,100
150000700,<Holy Greataxe> [Holy] Golden Vow,1,603,100
150000700,<Holy Greataxe> [Holy] Sacred Order,1,604,100
150000700,<Holy Greataxe> [Holy] Shared Order,1,605,100
150000710,,1,201,100
150000710,,1,208,100
150000710,,1,213,100
150000710,,1,507,100
150000710,,1,603,100
150000710,,1,604,100
150000710,,1,605,100
150000710,,1,100,100
150000710,,1,103,100
150000710,,1,106,100
150000710,,1,107,100
150000710,,1,110,100
150000710,,1,123,100
150000710,,1,124,100
150000710,,1,212,100
150000710,,1,220,100
150000710,,1,502,100
150000710,,1,503,100
150000710,,1,506,100
150000710,,1,509,100
150000710,,1,600,100
150000710,,1,601,100
150000710,,1,607,100
150000710,,1,650,100
150000710,,1,651,100
150000710,,1,652,100
150000710,,1,653,100
150000710,,1,654,100
150000710,,1,700,100
150000710,,1,800,100
150000710,,1,801,100
150000710,,1,802,100
150000800,<Magic Greataxe> [Magic] Gravitas,1,209,100
150000800,<Magic Greataxe> [Magic] Waves of Darkness,1,508,100
150000810,,1,209,100
150000810,,1,508,100
150000810,,1,100,100
150000810,,1,103,100
150000810,,1,106,100
150000810,,1,107,100
150000810,,1,110,100
150000810,,1,123,100
150000810,,1,124,100
150000810,,1,212,100
150000810,,1,220,100
150000810,,1,502,100
150000810,,1,503,100
150000810,,1,506,100
150000810,,1,509,100
150000810,,1,600,100
150000810,,1,601,100
150000810,,1,607,100
150000810,,1,650,100
150000810,,1,651,100
150000810,,1,652,100
150000810,,1,653,100
150000810,,1,654,100
150000810,,1,700,100
150000810,,1,800,100
150000810,,1,801,100
150000810,,1,802,100
150000900,<Frost Greataxe> [Frost] Chilling Mist,1,227,100
150000900,<Frost Greataxe> [Frost] Hoarfrost Stomp,1,501,100
150000910,,1,227,100
150000910,,1,501,100
150000910,,1,100,100
150000910,,1,103,100
150000910,,1,106,100
150000910,,1,107,100
150000910,,1,110,100
150000910,,1,123,100
150000910,,1,124,100
150000910,,1,212,100
150000910,,1,220,100
150000910,,1,502,100
150000910,,1,503,100
150000910,,1,506,100
150000910,,1,509,100
150000910,,1,600,100
150000910,,1,601,100
150000910,,1,607,100
150000910,,1,650,100
150000910,,1,651,100
150000910,,1,652,100
150000910,,1,653,100
150000910,,1,654,100
150000910,,1,700,100
150000910,,1,800,100
150000910,,1,801,100
150000910,,1,802,100
150001000,<Poison Greataxe> [Poison] Poisonous Mist,1,228,100
150001010,,1,228,100
150001010,,1,100,100
150001010,,1,103,100
150001010,,1,106,100
150001010,,1,107,100
150001010,,1,110,100
150001010,,1,123,100
150001010,,1,124,100
150001010,,1,212,100
150001010,,1,220,100
150001010,,1,502,100
150001010,,1,503,100
150001010,,1,506,100
150001010,,1,509,100
150001010,,1,600,100
150001010,,1,601,100
150001010,,1,607,100
150001010,,1,650,100
150001010,,1,651,100
150001010,,1,652,100
150001010,,1,653,100
150001010,,1,654,100
150001010,,1,700,100
150001010,,1,800,100
150001010,,1,801,100
150001010,,1,802,100
150001200,<Shadow Greataxe> [Standard] White Shadow's Lure,1,850,100
150001210,,1,850,100
150001210,,1,100,100
150001210,,1,103,100
150001210,,1,106,100
150001210,,1,107,100
150001210,,1,110,100
150001210,,1,123,100
150001210,,1,124,100
150001210,,1,212,100
150001210,,1,220,100
150001210,,1,502,100
150001210,,1,503,100
150001210,,1,506,100
150001210,,1,509,100
150001210,,1,600,100
150001210,,1,601,100
150001210,,1,607,100
150001210,,1,650,100
150001210,,1,651,100
150001210,,1,652,100
150001210,,1,653,100
150001210,,1,654,100
150001210,,1,700,100
150001210,,1,800,100
150001210,,1,801,100
150001210,,1,802,100
151020000,<Table> [Standard] Lion's Claw,1,100,100
151020000,<Table> [Standard] Spinning Slash,1,103,100
151020000,<Table> [Standard] Stamp (Upward Cut),1,106,100
151020000,<Table> [Standard] Stamp (Sweep),1,107,100
151020000,<Table> [Standard] Wild Strikes,1,110,100
151020000,<Table> [Standard] Stormcaller,1,123,100
151020000,<Table> [Standard] Sword Dance,1,124,100
151020000,<Table> [Standard] Earthshaker,1,212,100
151020000,<Table> [Standard] Vacuum Slice,1,220,100
151020000,<Table> [Standard] Storm Stomp,1,502,100
151020000,<Table> [Standard] Kick,1,503,100
151020000,<Table> [Standard] Ground Slam,1,506,100
151020000,<Table> [Standard] Hoarah Loux's Earthshaker,1,509,100
151020000,<Table> [Standard] Determination,1,600,100
151020000,<Table> [Standard] Royal Knight's Resolve,1,601,100
151020000,<Table> [Standard] Cragblade,1,607,100
151020000,<Table> [Standard] Barbaric Roar,1,650,100
151020000,<Table> [Standard] War Cry,1,651,100
151020000,<Table> [Standard] Beast's Roar,1,652,100
151020000,<Table> [Standard] Troll's Roar,1,653,100
151020000,<Table> [Standard] Braggart's Roar,1,654,100
151020000,<Table> [Standard] Endure,1,700,100
151020000,<Table> [Standard] Quickstep,1,800,100
151020000,<Table> [Standard] Bloodhound's Step,1,801,100
151020000,<Table> [Standard] Raptor of the Mists,1,802,100
151020010,,1,100,100
151020010,,1,103,100
151020010,,1,106,100
151020010,,1,107,100
151020010,,1,110,100
151020010,,1,123,100
151020010,,1,124,100
151020010,,1,212,100
151020010,,1,220,100
151020010,,1,502,100
151020010,,1,503,100
151020010,,1,506,100
151020010,,1,509,100
151020010,,1,600,100
151020010,,1,601,100
151020010,,1,607,100
151020010,,1,650,100
151020010,,1,651,100
151020010,,1,652,100
151020010,,1,653,100
151020010,,1,654,100
151020010,,1,700,100
151020010,,1,800,100
151020010,,1,801,100
151020010,,1,802,100
151400000,<Table> [Standard] Lion's Claw,1,100,100
151400000,<Table> [Standard] Spinning Slash,1,103,100
151400000,<Table> [Standard] Stamp (Upward Cut),1,106,100
151400000,<Table> [Standard] Stamp (Sweep),1,107,100
151400000,<Table> [Standard] Wild Strikes,1,110,100
151400000,<Table> [Standard] Stormcaller,1,123,100
151400000,<Table> [Standard] Sword Dance,1,124,100
151400000,<Table> [Standard] Earthshaker,1,212,100
151400000,<Table> [Standard] Vacuum Slice,1,220,100
151400000,<Table> [Standard] Storm Stomp,1,502,100
151400000,<Table> [Standard] Kick,1,503,100
151400000,<Table> [Standard] Ground Slam,1,506,100
151400000,<Table> [Standard] Hoarah Loux's Earthshaker,1,509,100
151400000,<Table> [Standard] Determination,1,600,100
151400000,<Table> [Standard] Royal Knight's Resolve,1,601,100
151400000,<Table> [Standard] Cragblade,1,607,100
151400000,<Table> [Standard] Barbaric Roar,1,650,100
151400000,<Table> [Standard] War Cry,1,651,100
151400000,<Table> [Standard] Beast's Roar,1,652,100
151400000,<Table> [Standard] Troll's Roar,1,653,100
151400000,<Table> [Standard] Braggart's Roar,1,654,100
151400000,<Table> [Standard] Endure,1,700,100
151400000,<Table> [Standard] Quickstep,1,800,100
151400000,<Table> [Standard] Bloodhound's Step,1,801,100
151400000,<Table> [Standard] Raptor of the Mists,1,802,100
151400000,<Table> [Holy] Sacred Blade,1,201,100
151400000,<Table> [Holy] Prayerful Strike,1,208,100
151400000,<Table> [Holy] Golden Land,1,213,100
151400000,<Table> [Holy] Golden Slam,1,507,100
151400000,<Table> [Holy] Golden Vow,1,603,100
151400000,<Table> [Holy] Sacred Order,1,604,100
151400000,<Table> [Holy] Shared Order,1,605,100
151400010,,1,100,100
151400010,,1,103,100
151400010,,1,106,100
151400010,,1,107,100
151400010,,1,110,100
151400010,,1,123,100
151400010,,1,124,100
151400010,,1,212,100
151400010,,1,220,100
151400010,,1,502,100
151400010,,1,503,100
151400010,,1,506,100
151400010,,1,509,100
151400010,,1,600,100
151400010,,1,601,100
151400010,,1,607,100
151400010,,1,650,100
151400010,,1,651,100
151400010,,1,652,100
151400010,,1,653,100
151400010,,1,654,100
151400010,,1,700,100
151400010,,1,800,100
151400010,,1,801,100
151400010,,1,802,100
151400010,,1,201,100
151400010,,1,208,100
151400010,,1,213,100
151400010,,1,507,100
151400010,,1,603,100
151400010,,1,604,100
151400010,,1,605,100
151400050,<Table> [Standard] Lion's Claw,1,100,100
151400050,<Table> [Standard] Spinning Slash,1,103,100
151400050,<Table> [Standard] Stamp (Upward Cut),1,106,100
151400050,<Table> [Standard] Stamp (Sweep),1,107,100
151400050,<Table> [Standard] Wild Strikes,1,110,100
151400050,<Table> [Standard] Stormcaller,1,123,100
151400050,<Table> [Standard] Sword Dance,1,124,100
151400050,<Table> [Standard] Earthshaker,1,212,100
151400050,<Table> [Standard] Vacuum Slice,1,220,100
151400050,<Table> [Standard] Storm Stomp,1,502,100
151400050,<Table> [Standard] Kick,1,503,100
151400050,<Table> [Standard] Ground Slam,1,506,100
151400050,<Table> [Standard] Hoarah Loux's Earthshaker,1,509,100
151400050,<Table> [Standard] Determination,1,600,100
151400050,<Table> [Standard] Royal Knight's Resolve,1,601,100
151400050,<Table> [Standard] Cragblade,1,607,100
151400050,<Table> [Standard] Barbaric Roar,1,650,100
151400050,<Table> [Standard] War Cry,1,651,100
151400050,<Table> [Standard] Beast's Roar,1,652,100
151400050,<Table> [Standard] Troll's Roar,1,653,100
151400050,<Table> [Standard] Braggart's Roar,1,654,100
151400050,<Table> [Standard] Endure,1,700,100
151400050,<Table> [Standard] Quickstep,1,800,100
151400050,<Table> [Standard] Bloodhound's Step,1,801,100
151400050,<Table> [Standard] Raptor of the Mists,1,802,100
151400060,,1,100,100
151400060,,1,103,100
151400060,,1,106,100
151400060,,1,107,100
151400060,,1,110,100
151400060,,1,123,100
151400060,,1,124,100
151400060,,1,212,100
151400060,,1,220,100
151400060,,1,502,100
151400060,,1,503,100
151400060,,1,506,100
151400060,,1,509,100
151400060,,1,600,100
151400060,,1,601,100
151400060,,1,607,100
151400060,,1,650,100
151400060,,1,651,100
151400060,,1,652,100
151400060,,1,653,100
151400060,,1,654,100
151400060,,1,700,100
151400060,,1,800,100
151400060,,1,801,100
151400060,,1,802,100
151400700,<Table> [Holy] Sacred Blade,1,201,100
151400700,<Table> [Holy] Prayerful Strike,1,208,100
151400700,<Table> [Holy] Golden Land,1,213,100
151400700,<Table> [Holy] Golden Slam,1,507,100
151400700,<Table> [Holy] Golden Vow,1,603,100
151400700,<Table> [Holy] Sacred Order,1,604,100
151400700,<Table> [Holy] Shared Order,1,605,100
151400710,,1,201,100
151400710,,1,208,100
151400710,,1,213,100
151400710,,1,507,100
151400710,,1,603,100
151400710,,1,604,100
151400710,,1,605,100
151400710,,1,100,100
151400710,,1,103,100
151400710,,1,106,100
151400710,,1,107,100
151400710,,1,110,100
151400710,,1,123,100
151400710,,1,124,100
151400710,,1,212,100
151400710,,1,220,100
151400710,,1,502,100
151400710,,1,503,100
151400710,,1,506,100
151400710,,1,509,100
151400710,,1,600,100
151400710,,1,601,100
151400710,,1,607,100
151400710,,1,650,100
151400710,,1,651,100
151400710,,1,652,100
151400710,,1,653,100
151400710,,1,654,100
151400710,,1,700,100
151400710,,1,800,100
151400710,,1,801,100
151400710,,1,802,100
160000000,<Spear> [Standard] Impaling Thrust,1,101,100
160000000,<Spear> [Standard] Piercing Fang,1,102,100
160000000,<Spear> [Standard] Spinning Slash,1,103,100
160000000,<Spear> [Standard] Charge Forth,1,105,100
160000000,<Spear> [Standard] Repeating Thrust,1,109,100
160000000,<Spear> [Standard] Spinning Strikes,1,111,100
160000000,<Spear> [Standard] Giant Hunt,1,116,100
160000000,<Spear> [Standard] Storm Assault,1,122,100
160000000,<Spear> [Standard] Stormcaller,1,123,100
160000000,<Spear> [Standard] Sword Dance,1,124,100
160000000,<Spear> [Standard] Phantom Slash,1,225,100
160000000,<Spear> [Standard] Storm Stomp,1,502,100
160000000,<Spear> [Standard] Kick,1,503,100
160000000,<Spear> [Standard] Ground Slam,1,506,100
160000000,<Spear> [Standard] Hoarah Loux's Earthshaker,1,509,100
160000000,<Spear> [Standard] Determination,1,600,100
160000000,<Spear> [Standard] Royal Knight's Resolve,1,601,100
160000000,<Spear> [Standard] Cragblade,1,607,100
160000000,<Spear> [Standard] Barbaric Roar,1,650,100
160000000,<Spear> [Standard] War Cry,1,651,100
160000000,<Spear> [Standard] Beast's Roar,1,652,100
160000000,<Spear> [Standard] Braggart's Roar,1,654,100
160000000,<Spear> [Standard] Endure,1,700,100
160000000,<Spear> [Standard] Quickstep,1,800,100
160000000,<Spear> [Standard] Bloodhound's Step,1,801,100
160000000,<Spear> [Standard] Raptor of the Mists,1,802,100
160000000,<Spear> [Fire] Flaming Strike,1,214,100
160000000,<Spear> [Fire] Flame of the Redmanes,1,505,100
160000000,<Spear> [Fire] Black Flame Tornado,1,221,100
160000000,<Spear> [Lightning] Thunderbolt,1,216,100
160000000,<Spear> [Lightning] Lightning Ram,1,504,100
160000000,<Spear> [Holy] Sacred Blade,1,201,100
160000000,<Spear> [Holy] Sacred Ring of Light,1,222,100
160000000,<Spear> [Holy] Golden Slam,1,507,100
160000000,<Spear> [Holy] Golden Vow,1,603,100
160000000,<Spear> [Holy] Sacred Order,1,604,100
160000000,<Spear> [Holy] Shared Order,1,605,100
160000000,<Spear> [Magic] Loretta's Slash,1,118,100
160000000,<Spear> [Magic] Spinning Weapon,1,120,100
160000000,<Spear> [Magic] Glintblade Phalanx,1,200,100
160000000,<Spear> [Magic] Glintstone Pebble,1,203,100
160000000,<Spear> [Magic] Gravitas,1,209,100
160000000,<Spear> [Frost] Ice Spear,1,202,100
160000000,<Spear> [Frost] Chilling Mist,1,227,100
160000000,<Spear> [Frost] Hoarfrost Stomp,1,501,100
160000000,<Spear> [Poison] Poisonous Mist,1,228,100
160000000,<Spear> [Blood] Blood Tax,1,108,100
160000000,<Spear> [Blood] Seppuku,1,606,100
160000000,<Spear> [Standard] Spectral Lance,1,226,100
160000000,<Spear> [Standard] White Shadow's Lure,1,850,100
160000010,,1,101,100
160000010,,1,102,100
160000010,,1,103,100
160000010,,1,105,100
160000010,,1,109,100
160000010,,1,111,100
160000010,,1,116,100
160000010,,1,122,100
160000010,,1,123,100
160000010,,1,124,100
160000010,,1,225,100
160000010,,1,502,100
160000010,,1,503,100
160000010,,1,506,100
160000010,,1,509,100
160000010,,1,600,100
160000010,,1,601,100
160000010,,1,607,100
160000010,,1,650,100
160000010,,1,651,100
160000010,,1,652,100
160000010,,1,654,100
160000010,,1,700,100
160000010,,1,800,100
160000010,,1,801,100
160000010,,1,802,100
160000010,,1,214,100
160000010,,1,505,100
160000010,,1,221,100
160000010,,1,216,100
160000010,,1,504,100
160000010,,1,201,100
160000010,,1,222,100
160000010,,1,507,100
160000010,,1,603,100
160000010,,1,604,100
160000010,,1,605,100
160000010,,1,118,100
160000010,,1,120,100
160000010,,1,200,100
160000010,,1,203,100
160000010,,1,209,100
160000010,,1,202,100
160000010,,1,227,100
160000010,,1,501,100
160000010,,1,228,100
160000010,,1,108,100
160000010,,1,606,100
160000010,,1,226,100
160000010,,1,850,100
160000050,<Untyped Spear> [Standard] Impaling Thrust,1,101,100
160000050,<Untyped Spear> [Standard] Piercing Fang,1,102,100
160000050,<Untyped Spear> [Standard] Spinning Slash,1,103,100
160000050,<Untyped Spear> [Standard] Charge Forth,1,105,100
160000050,<Untyped Spear> [Standard] Repeating Thrust,1,109,100
160000050,<Untyped Spear> [Standard] Spinning Strikes,1,111,100
160000050,<Untyped Spear> [Standard] Giant Hunt,1,116,100
160000050,<Untyped Spear> [Standard] Storm Assault,1,122,100
160000050,<Untyped Spear> [Standard] Stormcaller,1,123,100
160000050,<Untyped Spear> [Standard] Sword Dance,1,124,100
160000050,<Untyped Spear> [Standard] Phantom Slash,1,225,100
160000050,<Untyped Spear> [Standard] Storm Stomp,1,502,100
160000050,<Untyped Spear> [Standard] Kick,1,503,100
160000050,<Untyped Spear> [Standard] Ground Slam,1,506,100
160000050,<Untyped Spear> [Standard] Hoarah Loux's Earthshaker,1,509,100
160000050,<Untyped Spear> [Standard] Determination,1,600,100
160000050,<Untyped Spear> [Standard] Royal Knight's Resolve,1,601,100
160000050,<Untyped Spear> [Standard] Cragblade,1,607,100
160000050,<Untyped Spear> [Standard] Barbaric Roar,1,650,100
160000050,<Untyped Spear> [Standard] War Cry,1,651,100
160000050,<Untyped Spear> [Standard] Beast's Roar,1,652,100
160000050,<Untyped Spear> [Standard] Braggart's Roar,1,654,100
160000050,<Untyped Spear> [Standard] Endure,1,700,100
160000050,<Untyped Spear> [Standard] Quickstep,1,800,100
160000050,<Untyped Spear> [Standard] Bloodhound's Step,1,801,100
160000050,<Untyped Spear> [Standard] Raptor of the Mists,1,802,100
160000060,,1,101,100
160000060,,1,102,100
160000060,,1,103,100
160000060,,1,105,100
160000060,,1,109,100
160000060,,1,111,100
160000060,,1,116,100
160000060,,1,122,100
160000060,,1,123,100
160000060,,1,124,100
160000060,,1,225,100
160000060,,1,502,100
160000060,,1,503,100
160000060,,1,506,100
160000060,,1,509,100
160000060,,1,600,100
160000060,,1,601,100
160000060,,1,607,100
160000060,,1,650,100
160000060,,1,651,100
160000060,,1,652,100
160000060,,1,654,100
160000060,,1,700,100
160000060,,1,800,100
160000060,,1,801,100
160000060,,1,802,100
160000100,<Elemental Spear> [Fire] Flaming Strike,1,214,100
160000100,<Elemental Spear> [Fire] Flame of the Redmanes,1,505,100
160000100,<Elemental Spear> [Fire] Black Flame Tornado,1,221,100
160000100,<Elemental Spear> [Lightning] Thunderbolt,1,216,100
160000100,<Elemental Spear> [Lightning] Lightning Ram,1,504,100
160000100,<Elemental Spear> [Holy] Sacred Blade,1,201,100
160000100,<Elemental Spear> [Holy] Sacred Ring of Light,1,222,100
160000100,<Elemental Spear> [Holy] Golden Slam,1,507,100
160000100,<Elemental Spear> [Holy] Golden Vow,1,603,100
160000100,<Elemental Spear> [Holy] Sacred Order,1,604,100
160000100,<Elemental Spear> [Holy] Shared Order,1,605,100
160000100,<Elemental Spear> [Magic] Loretta's Slash,1,118,100
160000100,<Elemental Spear> [Magic] Spinning Weapon,1,120,100
160000100,<Elemental Spear> [Magic] Glintblade Phalanx,1,200,100
160000100,<Elemental Spear> [Magic] Glintstone Pebble,1,203,100
160000100,<Elemental Spear> [Magic] Gravitas,1,209,100
160000100,<Elemental Spear> [Frost] Ice Spear,1,202,100
160000100,<Elemental Spear> [Frost] Chilling Mist,1,227,100
160000100,<Elemental Spear> [Frost] Hoarfrost Stomp,1,501,100
160000100,<Elemental Spear> [Poison] Poisonous Mist,1,228,100
160000100,<Elemental Spear> [Blood] Blood Tax,1,108,100
160000100,<Elemental Spear> [Blood] Seppuku,1,606,100
160000100,<Elemental Spear> [Standard] Spectral Lance,1,226,100
160000100,<Elemental Spear> [Standard] White Shadow's Lure,1,850,100
160000110,,1,214,100
160000110,,1,505,100
160000110,,1,221,100
160000110,,1,216,100
160000110,,1,504,100
160000110,,1,201,100
160000110,,1,222,100
160000110,,1,507,100
160000110,,1,603,100
160000110,,1,604,100
160000110,,1,605,100
160000110,,1,118,100
160000110,,1,120,100
160000110,,1,200,100
160000110,,1,203,100
160000110,,1,209,100
160000110,,1,202,100
160000110,,1,227,100
160000110,,1,501,100
160000110,,1,228,100
160000110,,1,108,100
160000110,,1,606,100
160000110,,1,226,100
160000110,,1,850,100
160000110,,1,101,100
160000110,,1,102,100
160000110,,1,103,100
160000110,,1,105,100
160000110,,1,109,100
160000110,,1,111,100
160000110,,1,116,100
160000110,,1,122,100
160000110,,1,123,100
160000110,,1,124,100
160000110,,1,225,100
160000110,,1,502,100
160000110,,1,503,100
160000110,,1,506,100
160000110,,1,509,100
160000110,,1,600,100
160000110,,1,601,100
160000110,,1,607,100
160000110,,1,650,100
160000110,,1,651,100
160000110,,1,652,100
160000110,,1,654,100
160000110,,1,700,100
160000110,,1,800,100
160000110,,1,801,100
160000110,,1,802,100
160000500,<Fire Spear> [Fire] Flaming Strike,1,214,100
160000500,<Fire Spear> [Fire] Flame of the Redmanes,1,505,100
160000500,<Fire Spear> [Fire] Black Flame Tornado,1,221,100
160000510,,1,214,100
160000510,,1,505,100
160000510,,1,221,100
160000510,,1,101,100
160000510,,1,102,100
160000510,,1,103,100
160000510,,1,105,100
160000510,,1,109,100
160000510,,1,111,100
160000510,,1,116,100
160000510,,1,122,100
160000510,,1,123,100
160000510,,1,124,100
160000510,,1,225,100
160000510,,1,502,100
160000510,,1,503,100
160000510,,1,506,100
160000510,,1,509,100
160000510,,1,600,100
160000510,,1,601,100
160000510,,1,607,100
160000510,,1,650,100
160000510,,1,651,100
160000510,,1,652,100
160000510,,1,654,100
160000510,,1,700,100
160000510,,1,800,100
160000510,,1,801,100
160000510,,1,802,100
160000600,<Lightning Spear> [Lightning] Thunderbolt,1,216,100
160000600,<Lightning Spear> [Lightning] Lightning Ram,1,504,100
160000610,,1,216,100
160000610,,1,504,100
160000610,,1,101,100
160000610,,1,102,100
160000610,,1,103,100
160000610,,1,105,100
160000610,,1,109,100
160000610,,1,111,100
160000610,,1,116,100
160000610,,1,122,100
160000610,,1,123,100
160000610,,1,124,100
160000610,,1,225,100
160000610,,1,502,100
160000610,,1,503,100
160000610,,1,506,100
160000610,,1,509,100
160000610,,1,600,100
160000610,,1,601,100
160000610,,1,607,100
160000610,,1,650,100
160000610,,1,651,100
160000610,,1,652,100
160000610,,1,654,100
160000610,,1,700,100
160000610,,1,800,100
160000610,,1,801,100
160000610,,1,802,100
160000700,<Holy Spear> [Holy] Sacred Blade,1,201,100
160000700,<Holy Spear> [Holy] Sacred Ring of Light,1,222,100
160000700,<Holy Spear> [Holy] Golden Slam,1,507,100
160000700,<Holy Spear> [Holy] Golden Vow,1,603,100
160000700,<Holy Spear> [Holy] Sacred Order,1,604,100
160000700,<Holy Spear> [Holy] Shared Order,1,605,100
160000710,,1,201,100
160000710,,1,222,100
160000710,,1,507,100
160000710,,1,603,100
160000710,,1,604,100
160000710,,1,605,100
160000710,,1,101,100
160000710,,1,102,100
160000710,,1,103,100
160000710,,1,105,100
160000710,,1,109,100
160000710,,1,111,100
160000710,,1,116,100
160000710,,1,122,100
160000710,,1,123,100
160000710,,1,124,100
160000710,,1,225,100
160000710,,1,502,100
160000710,,1,503,100
160000710,,1,506,100
160000710,,1,509,100
160000710,,1,600,100
160000710,,1,601,100
160000710,,1,607,100
160000710,,1,650,100
160000710,,1,651,100
160000710,,1,652,100
160000710,,1,654,100
160000710,,1,700,100
160000710,,1,800,100
160000710,,1,801,100
160000710,,1,802,100
160000800,<Magic Spear> [Magic] Loretta's Slash,1,118,100
160000800,<Magic Spear> [Magic] Spinning Weapon,1,120,100
160000800,<Magic Spear> [Magic] Glintblade Phalanx,1,200,100
160000800,<Magic Spear> [Magic] Glintstone Pebble,1,203,100
160000800,<Magic Spear> [Magic] Gravitas,1,209,100
160000810,,1,118,100
160000810,,1,120,100
160000810,,1,200,100
160000810,,1,203,100
160000810,,1,209,100
160000810,,1,101,100
160000810,,1,102,100
160000810,,1,103,100
160000810,,1,105,100
160000810,,1,109,100
160000810,,1,111,100
160000810,,1,116,100
160000810,,1,122,100
160000810,,1,123,100
160000810,,1,124,100
160000810,,1,225,100
160000810,,1,502,100
160000810,,1,503,100
160000810,,1,506,100
160000810,,1,509,100
160000810,,1,600,100
160000810,,1,601,100
160000810,,1,607,100
160000810,,1,650,100
160000810,,1,651,100
160000810,,1,652,100
160000810,,1,654,100
160000810,,1,700,100
160000810,,1,800,100
160000810,,1,801,100
160000810,,1,802,100
160000900,<Frost Spear> [Frost] Ice Spear,1,202,100
160000900,<Frost Spear> [Frost] Chilling Mist,1,227,100
160000900,<Frost Spear> [Frost] Hoarfrost Stomp,1,501,100
160000910,,1,202,100
160000910,,1,227,100
160000910,,1,501,100
160000910,,1,101,100
160000910,,1,102,100
160000910,,1,103,100
160000910,,1,105,100
160000910,,1,109,100
160000910,,1,111,100
160000910,,1,116,100
160000910,,1,122,100
160000910,,1,123,100
160000910,,1,124,100
160000910,,1,225,100
160000910,,1,502,100
160000910,,1,503,100
160000910,,1,506,100
160000910,,1,509,100
160000910,,1,600,100
160000910,,1,601,100
160000910,,1,607,100
160000910,,1,650,100
160000910,,1,651,100
160000910,,1,652,100
160000910,,1,654,100
160000910,,1,700,100
160000910,,1,800,100
160000910,,1,801,100
160000910,,1,802,100
160001000,<Poison Spear> [Poison] Poisonous Mist,1,228,100
160001010,,1,228,100
160001010,,1,101,100
160001010,,1,102,100
160001010,,1,103,100
160001010,,1,105,100
160001010,,1,109,100
160001010,,1,111,100
160001010,,1,116,100
160001010,,1,122,100
160001010,,1,123,100
160001010,,1,124,100
160001010,,1,225,100
160001010,,1,502,100
160001010,,1,503,100
160001010,,1,506,100
160001010,,1,509,100
160001010,,1,600,100
160001010,,1,601,100
160001010,,1,607,100
160001010,,1,650,100
160001010,,1,651,100
160001010,,1,652,100
160001010,,1,654,100
160001010,,1,700,100
160001010,,1,800,100
160001010,,1,801,100
160001010,,1,802,100
160001100,<Blood Spear> [Blood] Blood Tax,1,108,100
160001100,<Blood Spear> [Blood] Seppuku,1,606,100
160001110,,1,108,100
160001110,,1,606,100
160001110,,1,101,100
160001110,,1,102,100
160001110,,1,103,100
160001110,,1,105,100
160001110,,1,109,100
160001110,,1,111,100
160001110,,1,116,100
160001110,,1,122,100
160001110,,1,123,100
160001110,,1,124,100
160001110,,1,225,100
160001110,,1,502,100
160001110,,1,503,100
160001110,,1,506,100
160001110,,1,509,100
160001110,,1,600,100
160001110,,1,601,100
160001110,,1,607,100
160001110,,1,650,100
160001110,,1,651,100
160001110,,1,652,100
160001110,,1,654,100
160001110,,1,700,100
160001110,,1,800,100
160001110,,1,801,100
160001110,,1,802,100
160001200,<Shadow Spear> [Standard] Spectral Lance,1,226,100
160001200,<Shadow Spear> [Standard] White Shadow's Lure,1,850,100
160001210,,1,226,100
160001210,,1,850,100
160001210,,1,101,100
160001210,,1,102,100
160001210,,1,103,100
160001210,,1,105,100
160001210,,1,109,100
160001210,,1,111,100
160001210,,1,116,100
160001210,,1,122,100
160001210,,1,123,100
160001210,,1,124,100
160001210,,1,225,100
160001210,,1,502,100
160001210,,1,503,100
160001210,,1,506,100
160001210,,1,509,100
160001210,,1,600,100
160001210,,1,601,100
160001210,,1,607,100
160001210,,1,650,100
160001210,,1,651,100
160001210,,1,652,100
160001210,,1,654,100
160001210,,1,700,100
160001210,,1,800,100
160001210,,1,801,100
160001210,,1,802,100
160800000,<Table> [Standard] Impaling Thrust,1,101,100
160800000,<Table> [Standard] Piercing Fang,1,102,100
160800000,<Table> [Standard] Spinning Slash,1,103,100
160800000,<Table> [Standard] Charge Forth,1,105,100
160800000,<Table> [Standard] Repeating Thrust,1,109,100
160800000,<Table> [Standard] Spinning Strikes,1,111,100
160800000,<Table> [Standard] Giant Hunt,1,116,100
160800000,<Table> [Standard] Storm Assault,1,122,100
160800000,<Table> [Standard] Stormcaller,1,123,100
160800000,<Table> [Standard] Sword Dance,1,124,100
160800000,<Table> [Standard] Phantom Slash,1,225,100
160800000,<Table> [Standard] Storm Stomp,1,502,100
160800000,<Table> [Standard] Kick,1,503,100
160800000,<Table> [Standard] Ground Slam,1,506,100
160800000,<Table> [Standard] Hoarah Loux's Earthshaker,1,509,100
160800000,<Table> [Standard] Determination,1,600,100
160800000,<Table> [Standard] Royal Knight's Resolve,1,601,100
160800000,<Table> [Standard] Cragblade,1,607,100
160800000,<Table> [Standard] Barbaric Roar,1,650,100
160800000,<Table> [Standard] War Cry,1,651,100
160800000,<Table> [Standard] Beast's Roar,1,652,100
160800000,<Table> [Standard] Braggart's Roar,1,654,100
160800000,<Table> [Standard] Endure,1,700,100
160800000,<Table> [Standard] Quickstep,1,800,100
160800000,<Table> [Standard] Bloodhound's Step,1,801,100
160800000,<Table> [Standard] Raptor of the Mists,1,802,100
160800000,<Table> [Fire] Flaming Strike,1,214,100
160800000,<Table> [Fire] Flame of the Redmanes,1,505,100
160800000,<Table> [Fire] Black Flame Tornado,1,221,100
160800010,,1,101,100
160800010,,1,102,100
160800010,,1,103,100
160800010,,1,105,100
160800010,,1,109,100
160800010,,1,111,100
160800010,,1,116,100
160800010,,1,122,100
160800010,,1,123,100
160800010,,1,124,100
160800010,,1,225,100
160800010,,1,502,100
160800010,,1,503,100
160800010,,1,506,100
160800010,,1,509,100
160800010,,1,600,100
160800010,,1,601,100
160800010,,1,607,100
160800010,,1,650,100
160800010,,1,651,100
160800010,,1,652,100
160800010,,1,654,100
160800010,,1,700,100
160800010,,1,800,100
160800010,,1,801,100
160800010,,1,802,100
160800010,,1,214,100
160800010,,1,505,100
160800010,,1,221,100
160800050,<Table> [Standard] Impaling Thrust,1,101,100
160800050,<Table> [Standard] Piercing Fang,1,102,100
160800050,<Table> [Standard] Spinning Slash,1,103,100
160800050,<Table> [Standard] Charge Forth,1,105,100
160800050,<Table> [Standard] Repeating Thrust,1,109,100
160800050,<Table> [Standard] Spinning Strikes,1,111,100
160800050,<Table> [Standard] Giant Hunt,1,116,100
160800050,<Table> [Standard] Storm Assault,1,122,100
160800050,<Table> [Standard] Stormcaller,1,123,100
160800050,<Table> [Standard] Sword Dance,1,124,100
160800050,<Table> [Standard] Phantom Slash,1,225,100
160800050,<Table> [Standard] Storm Stomp,1,502,100
160800050,<Table> [Standard] Kick,1,503,100
160800050,<Table> [Standard] Ground Slam,1,506,100
160800050,<Table> [Standard] Hoarah Loux's Earthshaker,1,509,100
160800050,<Table> [Standard] Determination,1,600,100
160800050,<Table> [Standard] Royal Knight's Resolve,1,601,100
160800050,<Table> [Standard] Cragblade,1,607,100
160800050,<Table> [Standard] Barbaric Roar,1,650,100
160800050,<Table> [Standard] War Cry,1,651,100
160800050,<Table> [Standard] Beast's Roar,1,652,100
160800050,<Table> [Standard] Braggart's Roar,1,654,100
160800050,<Table> [Standard] Endure,1,700,100
160800050,<Table> [Standard] Quickstep,1,800,100
160800050,<Table> [Standard] Bloodhound's Step,1,801,100
160800050,<Table> [Standard] Raptor of the Mists,1,802,100
160800060,,1,101,100
160800060,,1,102,100
160800060,,1,103,100
160800060,,1,105,100
160800060,,1,109,100
160800060,,1,111,100
160800060,,1,116,100
160800060,,1,122,100
160800060,,1,123,100
160800060,,1,124,100
160800060,,1,225,100
160800060,,1,502,100
160800060,,1,503,100
160800060,,1,506,100
160800060,,1,509,100
160800060,,1,600,100
160800060,,1,601,100
160800060,,1,607,100
160800060,,1,650,100
160800060,,1,651,100
160800060,,1,652,100
160800060,,1,654,100
160800060,,1,700,100
160800060,,1,800,100
160800060,,1,801,100
160800060,,1,802,100
160800500,<Table> [Fire] Flaming Strike,1,214,100
160800500,<Table> [Fire] Flame of the Redmanes,1,505,100
160800500,<Table> [Fire] Black Flame Tornado,1,221,100
160800510,,1,214,100
160800510,,1,505,100
160800510,,1,221,100
160800510,,1,101,100
160800510,,1,102,100
160800510,,1,103,100
160800510,,1,105,100
160800510,,1,109,100
160800510,,1,111,100
160800510,,1,116,100
160800510,,1,122,100
160800510,,1,123,100
160800510,,1,124,100
160800510,,1,225,100
160800510,,1,502,100
160800510,,1,503,100
160800510,,1,506,100
160800510,,1,509,100
160800510,,1,600,100
160800510,,1,601,100
160800510,,1,607,100
160800510,,1,650,100
160800510,,1,651,100
160800510,,1,652,100
160800510,,1,654,100
160800510,,1,700,100
160800510,,1,800,100
160800510,,1,801,100
160800510,,1,802,100
161600000,<Table> [Standard] Impaling Thrust,1,101,100
161600000,<Table> [Standard] Piercing Fang,1,102,100
161600000,<Table> [Standard] Spinning Slash,1,103,100
161600000,<Table> [Standard] Charge Forth,1,105,100
161600000,<Table> [Standard] Repeating Thrust,1,109,100
161600000,<Table> [Standard] Spinning Strikes,1,111,100
161600000,<Table> [Standard] Giant Hunt,1,116,100
161600000,<Table> [Standard] Storm Assault,1,122,100
161600000,<Table> [Standard] Stormcaller,1,123,100
161600000,<Table> [Standard] Sword Dance,1,124,100
161600000,<Table> [Standard] Phantom Slash,1,225,100
161600000,<Table> [Standard] Storm Stomp,1,502,100
161600000,<Table> [Standard] Kick,1,503,100
161600000,<Table> [Standard] Ground Slam,1,506,100
161600000,<Table> [Standard] Hoarah Loux's Earthshaker,1,509,100
161600000,<Table> [Standard] Determination,1,600,100
161600000,<Table> [Standard] Royal Knight's Resolve,1,601,100
161600000,<Table> [Standard] Cragblade,1,607,100
161600000,<Table> [Standard] Barbaric Roar,1,650,100
161600000,<Table> [Standard] War Cry,1,651,100
161600000,<Table> [Standard] Beast's Roar,1,652,100
161600000,<Table> [Standard] Braggart's Roar,1,654,100
161600000,<Table> [Standard] Endure,1,700,100
161600000,<Table> [Standard] Quickstep,1,800,100
161600000,<Table> [Standard] Bloodhound's Step,1,801,100
161600000,<Table> [Standard] Raptor of the Mists,1,802,100
161600000,<Table> [Magic] Loretta's Slash,1,118,100
161600000,<Table> [Magic] Spinning Weapon,1,120,100
161600000,<Table> [Magic] Glintblade Phalanx,1,200,100
161600000,<Table> [Magic] Glintstone Pebble,1,203,100
161600000,<Table> [Magic] Gravitas,1,209,100
161600010,,1,101,100
161600010,,1,102,100
161600010,,1,103,100
161600010,,1,105,100
161600010,,1,109,100
161600010,,1,111,100
161600010,,1,116,100
161600010,,1,122,100
161600010,,1,123,100
161600010,,1,124,100
161600010,,1,225,100
161600010,,1,502,100
161600010,,1,503,100
161600010,,1,506,100
161600010,,1,509,100
161600010,,1,600,100
161600010,,1,601,100
161600010,,1,607,100
161600010,,1,650,100
161600010,,1,651,100
161600010,,1,652,100
161600010,,1,654,100
161600010,,1,700,100
161600010,,1,800,100
161600010,,1,801,100
161600010,,1,802,100
161600010,,1,118,100
161600010,,1,120,100
161600010,,1,200,100
161600010,,1,203,100
161600010,,1,209,100
161600050,<Table> [Standard] Impaling Thrust,1,101,100
161600050,<Table> [Standard] Piercing Fang,1,102,100
161600050,<Table> [Standard] Spinning Slash,1,103,100
161600050,<Table> [Standard] Charge Forth,1,105,100
161600050,<Table> [Standard] Repeating Thrust,1,109,100
161600050,<Table> [Standard] Spinning Strikes,1,111,100
161600050,<Table> [Standard] Giant Hunt,1,116,100
161600050,<Table> [Standard] Storm Assault,1,122,100
161600050,<Table> [Standard] Stormcaller,1,123,100
161600050,<Table> [Standard] Sword Dance,1,124,100
161600050,<Table> [Standard] Phantom Slash,1,225,100
161600050,<Table> [Standard] Storm Stomp,1,502,100
161600050,<Table> [Standard] Kick,1,503,100
161600050,<Table> [Standard] Ground Slam,1,506,100
161600050,<Table> [Standard] Hoarah Loux's Earthshaker,1,509,100
161600050,<Table> [Standard] Determination,1,600,100
161600050,<Table> [Standard] Royal Knight's Resolve,1,601,100
161600050,<Table> [Standard] Cragblade,1,607,100
161600050,<Table> [Standard] Barbaric Roar,1,650,100
161600050,<Table> [Standard] War Cry,1,651,100
161600050,<Table> [Standard] Beast's Roar,1,652,100
161600050,<Table> [Standard] Braggart's Roar,1,654,100
161600050,<Table> [Standard] Endure,1,700,100
161600050,<Table> [Standard] Quickstep,1,800,100
161600050,<Table> [Standard] Bloodhound's Step,1,801,100
161600050,<Table> [Standard] Raptor of the Mists,1,802,100
161600060,,1,101,100
161600060,,1,102,100
161600060,,1,103,100
161600060,,1,105,100
161600060,,1,109,100
161600060,,1,111,100
161600060,,1,116,100
161600060,,1,122,100
161600060,,1,123,100
161600060,,1,124,100
161600060,,1,225,100
161600060,,1,502,100
161600060,,1,503,100
161600060,,1,506,100
161600060,,1,509,100
161600060,,1,600,100
161600060,,1,601,100
161600060,,1,607,100
161600060,,1,650,100
161600060,,1,651,100
161600060,,1,652,100
161600060,,1,654,100
161600060,,1,700,100
161600060,,1,800,100
161600060,,1,801,100
161600060,,1,802,100
161600100,<Table> [Magic] Loretta's Slash,1,118,100
161600100,<Table> [Magic] Spinning Weapon,1,120,100
161600100,<Table> [Magic] Glintblade Phalanx,1,200,100
161600100,<Table> [Magic] Glintstone Pebble,1,203,100
161600100,<Table> [Magic] Gravitas,1,209,100
161600110,,1,118,100
161600110,,1,120,100
161600110,,1,200,100
161600110,,1,203,100
161600110,,1,209,100
161600110,,1,101,100
161600110,,1,102,100
161600110,,1,103,100
161600110,,1,105,100
161600110,,1,109,100
161600110,,1,111,100
161600110,,1,116,100
161600110,,1,122,100
161600110,,1,123,100
161600110,,1,124,100
161600110,,1,225,100
161600110,,1,502,100
161600110,,1,503,100
161600110,,1,506,100
161600110,,1,509,100
161600110,,1,600,100
161600110,,1,601,100
161600110,,1,607,100
161600110,,1,650,100
161600110,,1,651,100
161600110,,1,652,100
161600110,,1,654,100
161600110,,1,700,100
161600110,,1,800,100
161600110,,1,801,100
161600110,,1,802,100
170000000,<Heavy Spear> [Standard] Stormcaller,1,123,100
170000000,<Heavy Spear> [Standard] Earthshaker,1,212,100
170000000,<Heavy Spear> [Standard] Storm Stomp,1,502,100
170000000,<Heavy Spear> [Standard] Kick,1,503,100
170000000,<Heavy Spear> [Standard] Ground Slam,1,506,100
170000000,<Heavy Spear> [Standard] Hoarah Loux's Earthshaker,1,509,100
170000000,<Heavy Spear> [Standard] Determination,1,600,100
170000000,<Heavy Spear> [Standard] Royal Knight's Resolve,1,601,100
170000000,<Heavy Spear> [Standard] Cragblade,1,607,100
170000000,<Heavy Spear> [Standard] Barbaric Roar,1,650,100
170000000,<Heavy Spear> [Standard] War Cry,1,651,100
170000000,<Heavy Spear> [Standard] Beast's Roar,1,652,100
170000000,<Heavy Spear> [Standard] Braggart's Roar,1,654,100
170000000,<Heavy Spear> [Standard] Endure,1,700,100
170000000,<Heavy Spear> [Standard] Quickstep,1,800,100
170000000,<Heavy Spear> [Standard] Bloodhound's Step,1,801,100
170000000,<Heavy Spear> [Standard] Raptor of the Mists,1,802,100
170000000,<Heavy Spear> [Fire] Flaming Strike,1,214,100
170000000,<Heavy Spear> [Fire] Flame of the Redmanes,1,505,100
170000000,<Heavy Spear> [Lightning] Thunderbolt,1,216,100
170000000,<Heavy Spear> [Lightning] Lightning Ram,1,504,100
170000000,<Heavy Spear> [Holy] Sacred Blade,1,201,100
170000000,<Heavy Spear> [Holy] Golden Land,1,213,100
170000000,<Heavy Spear> [Holy] Golden Slam,1,507,100
170000000,<Heavy Spear> [Holy] Golden Vow,1,603,100
170000000,<Heavy Spear> [Holy] Sacred Order,1,604,100
170000000,<Heavy Spear> [Holy] Shared Order,1,605,100
170000000,<Heavy Spear> [Magic] Loretta's Slash,1,118,100
170000000,<Heavy Spear> [Magic] Gravitas,1,209,100
170000000,<Heavy Spear> [Magic] Waves of Darkness,1,508,100
170000000,<Heavy Spear> [Frost] Chilling Mist,1,227,100
170000000,<Heavy Spear> [Frost] Hoarfrost Stomp,1,501,100
170000000,<Heavy Spear> [Poison] Poisonous Mist,1,228,100
170000000,<Heavy Spear> [Standard] White Shadow's Lure,1,850,100
170000010,,1,123,100
170000010,,1,212,100
170000010,,1,502,100
170000010,,1,503,100
170000010,,1,506,100
170000010,,1,509,100
170000010,,1,600,100
170000010,,1,601,100
170000010,,1,607,100
170000010,,1,650,100
170000010,,1,651,100
170000010,,1,652,100
170000010,,1,654,100
170000010,,1,700,100
170000010,,1,800,100
170000010,,1,801,100
170000010,,1,802,100
170000010,,1,214,100
170000010,,1,505,100
170000010,,1,216,100
170000010,,1,504,100
170000010,,1,201,100
170000010,,1,213,100
170000010,,1,507,100
170000010,,1,603,100
170000010,,1,604,100
170000010,,1,605,100
170000010,,1,118,100
170000010,,1,209,100
170000010,,1,508,100
170000010,,1,227,100
170000010,,1,501,100
170000010,,1,228,100
170000010,,1,850,100
170000050,<Untyped Heavy Spear> [Standard] Stormcaller,1,123,100
170000050,<Untyped Heavy Spear> [Standard] Earthshaker,1,212,100
170000050,<Untyped Heavy Spear> [Standard] Storm Stomp,1,502,100
170000050,<Untyped Heavy Spear> [Standard] Kick,1,503,100
170000050,<Untyped Heavy Spear> [Standard] Ground Slam,1,506,100
170000050,<Untyped Heavy Spear> [Standard] Hoarah Loux's Earthshaker,1,509,100
170000050,<Untyped Heavy Spear> [Standard] Determination,1,600,100
170000050,<Untyped Heavy Spear> [Standard] Royal Knight's Resolve,1,601,100
170000050,<Untyped Heavy Spear> [Standard] Cragblade,1,607,100
170000050,<Untyped Heavy Spear> [Standard] Barbaric Roar,1,650,100
170000050,<Untyped Heavy Spear> [Standard] War Cry,1,651,100
170000050,<Untyped Heavy Spear> [Standard] Beast's Roar,1,652,100
170000050,<Untyped Heavy Spear> [Standard] Braggart's Roar,1,654,100
170000050,<Untyped Heavy Spear> [Standard] Endure,1,700,100
170000050,<Untyped Heavy Spear> [Standard] Quickstep,1,800,100
170000050,<Untyped Heavy Spear> [Standard] Bloodhound's Step,1,801,100
170000050,<Untyped Heavy Spear> [Standard] Raptor of the Mists,1,802,100
170000060,,1,123,100
170000060,,1,212,100
170000060,,1,502,100
170000060,,1,503,100
170000060,,1,506,100
170000060,,1,509,100
170000060,,1,600,100
170000060,,1,601,100
170000060,,1,607,100
170000060,,1,650,100
170000060,,1,651,100
170000060,,1,652,100
170000060,,1,654,100
170000060,,1,700,100
170000060,,1,800,100
170000060,,1,801,100
170000060,,1,802,100
170000100,<Elemental Heavy Spear> [Fire] Flaming Strike,1,214,100
170000100,<Elemental Heavy Spear> [Fire] Flame of the Redmanes,1,505,100
170000100,<Elemental Heavy Spear> [Lightning] Thunderbolt,1,216,100
170000100,<Elemental Heavy Spear> [Lightning] Lightning Ram,1,504,100
170000100,<Elemental Heavy Spear> [Holy] Sacred Blade,1,201,100
170000100,<Elemental Heavy Spear> [Holy] Golden Land,1,213,100
170000100,<Elemental Heavy Spear> [Holy] Golden Slam,1,507,100
170000100,<Elemental Heavy Spear> [Holy] Golden Vow,1,603,100
170000100,<Elemental Heavy Spear> [Holy] Sacred Order,1,604,100
170000100,<Elemental Heavy Spear> [Holy] Shared Order,1,605,100
170000100,<Elemental Heavy Spear> [Magic] Loretta's Slash,1,118,100
170000100,<Elemental Heavy Spear> [Magic] Gravitas,1,209,100
170000100,<Elemental Heavy Spear> [Magic] Waves of Darkness,1,508,100
170000100,<Elemental Heavy Spear> [Frost] Chilling Mist,1,227,100
170000100,<Elemental Heavy Spear> [Frost] Hoarfrost Stomp,1,501,100
170000100,<Elemental Heavy Spear> [Poison] Poisonous Mist,1,228,100
170000100,<Elemental Heavy Spear> [Standard] White Shadow's Lure,1,850,100
170000110,,1,214,100
170000110,,1,505,100
170000110,,1,216,100
170000110,,1,504,100
170000110,,1,201,100
170000110,,1,213,100
170000110,,1,507,100
170000110,,1,603,100
170000110,,1,604,100
170000110,,1,605,100
170000110,,1,118,100
170000110,,1,209,100
170000110,,1,508,100
170000110,,1,227,100
170000110,,1,501,100
170000110,,1,228,100
170000110,,1,850,100
170000110,,1,123,100
170000110,,1,212,100
170000110,,1,502,100
170000110,,1,503,100
170000110,,1,506,100
170000110,,1,509,100
170000110,,1,600,100
170000110,,1,601,100
170000110,,1,607,100
170000110,,1,650,100
170000110,,1,651,100
170000110,,1,652,100
170000110,,1,654,100
170000110,,1,700,100
170000110,,1,800,100
170000110,,1,801,100
170000110,,1,802,100
170000500,<Fire Heavy Spear> [Fire] Flaming Strike,1,214,100
170000500,<Fire Heavy Spear> [Fire] Flame of the Redmanes,1,505,100
170000510,,1,214,100
170000510,,1,505,100
170000510,,1,123,100
170000510,,1,212,100
170000510,,1,502,100
170000510,,1,503,100
170000510,,1,506,100
170000510,,1,509,100
170000510,,1,600,100
170000510,,1,601,100
170000510,,1,607,100
170000510,,1,650,100
170000510,,1,651,100
170000510,,1,652,100
170000510,,1,654,100
170000510,,1,700,100
170000510,,1,800,100
170000510,,1,801,100
170000510,,1,802,100
170000600,<Lightning Heavy Spear> [Lightning] Thunderbolt,1,216,100
170000600,<Lightning Heavy Spear> [Lightning] Lightning Ram,1,504,100
170000610,,1,216,100
170000610,,1,504,100
170000610,,1,123,100
170000610,,1,212,100
170000610,,1,502,100
170000610,,1,503,100
170000610,,1,506,100
170000610,,1,509,100
170000610,,1,600,100
170000610,,1,601,100
170000610,,1,607,100
170000610,,1,650,100
170000610,,1,651,100
170000610,,1,652,100
170000610,,1,654,100
170000610,,1,700,100
170000610,,1,800,100
170000610,,1,801,100
170000610,,1,802,100
170000700,<Holy Heavy Spear> [Holy] Sacred Blade,1,201,100
170000700,<Holy Heavy Spear> [Holy] Golden Land,1,213,100
170000700,<Holy Heavy Spear> [Holy] Golden Slam,1,507,100
170000700,<Holy Heavy Spear> [Holy] Golden Vow,1,603,100
170000700,<Holy Heavy Spear> [Holy] Sacred Order,1,604,100
170000700,<Holy Heavy Spear> [Holy] Shared Order,1,605,100
170000710,,1,201,100
170000710,,1,213,100
170000710,,1,507,100
170000710,,1,603,100
170000710,,1,604,100
170000710,,1,605,100
170000710,,1,123,100
170000710,,1,212,100
170000710,,1,502,100
170000710,,1,503,100
170000710,,1,506,100
170000710,,1,509,100
170000710,,1,600,100
170000710,,1,601,100
170000710,,1,607,100
170000710,,1,650,100
170000710,,1,651,100
170000710,,1,652,100
170000710,,1,654,100
170000710,,1,700,100
170000710,,1,800,100
170000710,,1,801,100
170000710,,1,802,100
170000800,<Magic Heavy Spear> [Magic] Loretta's Slash,1,118,100
170000800,<Magic Heavy Spear> [Magic] Gravitas,1,209,100
170000800,<Magic Heavy Spear> [Magic] Waves of Darkness,1,508,100
170000810,,1,118,100
170000810,,1,209,100
170000810,,1,508,100
170000810,,1,123,100
170000810,,1,212,100
170000810,,1,502,100
170000810,,1,503,100
170000810,,1,506,100
170000810,,1,509,100
170000810,,1,600,100
170000810,,1,601,100
170000810,,1,607,100
170000810,,1,650,100
170000810,,1,651,100
170000810,,1,652,100
170000810,,1,654,100
170000810,,1,700,100
170000810,,1,800,100
170000810,,1,801,100
170000810,,1,802,100
170000900,<Frost Heavy Spear> [Frost] Chilling Mist,1,227,100
170000900,<Frost Heavy Spear> [Frost] Hoarfrost Stomp,1,501,100
170000910,,1,227,100
170000910,,1,501,100
170000910,,1,123,100
170000910,,1,212,100
170000910,,1,502,100
170000910,,1,503,100
170000910,,1,506,100
170000910,,1,509,100
170000910,,1,600,100
170000910,,1,601,100
170000910,,1,607,100
170000910,,1,650,100
170000910,,1,651,100
170000910,,1,652,100
170000910,,1,654,100
170000910,,1,700,100
170000910,,1,800,100
170000910,,1,801,100
170000910,,1,802,100
170001000,<Poison Heavy Spear> [Poison] Poisonous Mist,1,228,100
170001010,,1,228,100
170001010,,1,123,100
170001010,,1,212,100
170001010,,1,502,100
170001010,,1,503,100
170001010,,1,506,100
170001010,,1,509,100
170001010,,1,600,100
170001010,,1,601,100
170001010,,1,607,100
170001010,,1,650,100
170001010,,1,651,100
170001010,,1,652,100
170001010,,1,654,100
170001010,,1,700,100
170001010,,1,800,100
170001010,,1,801,100
170001010,,1,802,100
170001200,<Shadow Heavy Spear> [Standard] White Shadow's Lure,1,850,100
170001210,,1,850,100
170001210,,1,123,100
170001210,,1,212,100
170001210,,1,502,100
170001210,,1,503,100
170001210,,1,506,100
170001210,,1,509,100
170001210,,1,600,100
170001210,,1,601,100
170001210,,1,607,100
170001210,,1,650,100
170001210,,1,651,100
170001210,,1,652,100
170001210,,1,654,100
170001210,,1,700,100
170001210,,1,800,100
170001210,,1,801,100
170001210,,1,802,100
171070000,<Table> [Standard] Stormcaller,1,123,100
171070000,<Table> [Standard] Earthshaker,1,212,100
171070000,<Table> [Standard] Storm Stomp,1,502,100
171070000,<Table> [Standard] Kick,1,503,100
171070000,<Table> [Standard] Ground Slam,1,506,100
171070000,<Table> [Standard] Hoarah Loux's Earthshaker,1,509,100
171070000,<Table> [Standard] Determination,1,600,100
171070000,<Table> [Standard] Royal Knight's Resolve,1,601,100
171070000,<Table> [Standard] Cragblade,1,607,100
171070000,<Table> [Standard] Barbaric Roar,1,650,100
171070000,<Table> [Standard] War Cry,1,651,100
171070000,<Table> [Standard] Beast's Roar,1,652,100
171070000,<Table> [Standard] Braggart's Roar,1,654,100
171070000,<Table> [Standard] Endure,1,700,100
171070000,<Table> [Standard] Quickstep,1,800,100
171070000,<Table> [Standard] Bloodhound's Step,1,801,100
171070000,<Table> [Standard] Raptor of the Mists,1,802,100
171070000,<Table> [Holy] Sacred Blade,1,201,100
171070000,<Table> [Holy] Golden Land,1,213,100
171070000,<Table> [Holy] Golden Slam,1,507,100
171070000,<Table> [Holy] Golden Vow,1,603,100
171070000,<Table> [Holy] Sacred Order,1,604,100
171070000,<Table> [Holy] Shared Order,1,605,100
171070010,,1,123,100
171070010,,1,212,100
171070010,,1,502,100
171070010,,1,503,100
171070010,,1,506,100
171070010,,1,509,100
171070010,,1,600,100
171070010,,1,601,100
171070010,,1,607,100
171070010,,1,650,100
171070010,,1,651,100
171070010,,1,652,100
171070010,,1,654,100
171070010,,1,700,100
171070010,,1,800,100
171070010,,1,801,100
171070010,,1,802,100
171070010,,1,201,100
171070010,,1,213,100
171070010,,1,507,100
171070010,,1,603,100
171070010,,1,604,100
171070010,,1,605,100
171070050,<Table> [Standard] Stormcaller,1,123,100
171070050,<Table> [Standard] Earthshaker,1,212,100
171070050,<Table> [Standard] Storm Stomp,1,502,100
171070050,<Table> [Standard] Kick,1,503,100
171070050,<Table> [Standard] Ground Slam,1,506,100
171070050,<Table> [Standard] Hoarah Loux's Earthshaker,1,509,100
171070050,<Table> [Standard] Determination,1,600,100
171070050,<Table> [Standard] Royal Knight's Resolve,1,601,100
171070050,<Table> [Standard] Cragblade,1,607,100
171070050,<Table> [Standard] Barbaric Roar,1,650,100
171070050,<Table> [Standard] War Cry,1,651,100
171070050,<Table> [Standard] Beast's Roar,1,652,100
171070050,<Table> [Standard] Braggart's Roar,1,654,100
171070050,<Table> [Standard] Endure,1,700,100
171070050,<Table> [Standard] Quickstep,1,800,100
171070050,<Table> [Standard] Bloodhound's Step,1,801,100
171070050,<Table> [Standard] Raptor of the Mists,1,802,100
171070060,,1,123,100
171070060,,1,212,100
171070060,,1,502,100
171070060,,1,503,100
171070060,,1,506,100
171070060,,1,509,100
171070060,,1,600,100
171070060,,1,601,100
171070060,,1,607,100
171070060,,1,650,100
171070060,,1,651,100
171070060,,1,652,100
171070060,,1,654,100
171070060,,1,700,100
171070060,,1,800,100
171070060,,1,801,100
171070060,,1,802,100
171070100,<Table> [Holy] Sacred Blade,1,201,100
171070100,<Table> [Holy] Golden Land,1,213,100
171070100,<Table> [Holy] Golden Slam,1,507,100
171070100,<Table> [Holy] Golden Vow,1,603,100
171070100,<Table> [Holy] Sacred Order,1,604,100
171070100,<Table> [Holy] Shared Order,1,605,100
171070110,,1,201,100
171070110,,1,213,100
171070110,,1,507,100
171070110,,1,603,100
171070110,,1,604,100
171070110,,1,605,100
171070110,,1,123,100
171070110,,1,212,100
171070110,,1,502,100
171070110,,1,503,100
171070110,,1,506,100
171070110,,1,509,100
171070110,,1,600,100
171070110,,1,601,100
171070110,,1,607,100
171070110,,1,650,100
171070110,,1,651,100
171070110,,1,652,100
171070110,,1,654,100
171070110,,1,700,100
171070110,,1,800,100
171070110,,1,801,100
171070110,,1,802,100
180000000,<Halberd> [Standard] Impaling Thrust,1,101,100
180000000,<Halberd> [Standard] Piercing Fang,1,102,100
180000000,<Halberd> [Standard] Spinning Slash,1,103,100
180000000,<Halberd> [Standard] Charge Forth,1,105,100
180000000,<Halberd> [Standard] Repeating Thrust,1,109,100
180000000,<Halberd> [Standard] Spinning Strikes,1,111,100
180000000,<Halberd> [Standard] Double Slash,1,112,100
180000000,<Halberd> [Standard] Giant Hunt,1,116,100
180000000,<Halberd> [Standard] Storm Assault,1,122,100
180000000,<Halberd> [Standard] Stormcaller,1,123,100
180000000,<Halberd> [Standard] Sword Dance,1,124,100
180000000,<Halberd> [Standard] Phantom Slash,1,225,100
180000000,<Halberd> [Standard] Storm Stomp,1,502,100
180000000,<Halberd> [Standard] Kick,1,503,100
180000000,<Halberd> [Standard] Ground Slam,1,506,100
180000000,<Halberd> [Standard] Hoarah Loux's Earthshaker,1,509,100
180000000,<Halberd> [Standard] Determination,1,600,100
180000000,<Halberd> [Standard] Royal Knight's Resolve,1,601,100
180000000,<Halberd> [Standard] Cragblade,1,607,100
180000000,<Halberd> [Standard] Barbaric Roar,1,650,100
180000000,<Halberd> [Standard] War Cry,1,651,100
180000000,<Halberd> [Standard] Beast's Roar,1,652,100
180000000,<Halberd> [Standard] Braggart's Roar,1,654,100
180000000,<Halberd> [Standard] Endure,1,700,100
180000000,<Halberd> [Standard] Quickstep,1,800,100
180000000,<Halberd> [Standard] Bloodhound's Step,1,801,100
180000000,<Halberd> [Standard] Raptor of the Mists,1,802,100
180000000,<Halberd> [Fire] Flaming Strike,1,214,100
180000000,<Halberd> [Fire] Flame of the Redmanes,1,505,100
180000000,<Halberd> [Fire] Black Flame Tornado,1,221,100
180000000,<Halberd> [Lightning] Thunderbolt,1,216,100
180000000,<Halberd> [Lightning] Lightning Ram,1,504,100
180000000,<Halberd> [Holy] Sacred Blade,1,201,100
180000000,<Halberd> [Holy] Sacred Ring of Light,1,222,100
180000000,<Halberd> [Holy] Golden Slam,1,507,100
180000000,<Halberd> [Holy] Golden Vow,1,603,100
180000000,<Halberd> [Holy] Sacred Order,1,604,100
180000000,<Halberd> [Holy] Shared Order,1,605,100
180000000,<Halberd> [Magic] Loretta's Slash,1,118,100
180000000,<Halberd> [Magic] Spinning Weapon,1,120,100
180000000,<Halberd> [Magic] Glintblade Phalanx,1,200,100
180000000,<Halberd> [Magic] Glintstone Pebble,1,203,100
180000000,<Halberd> [Magic] Gravitas,1,209,100
180000000,<Halberd> [Frost] Ice Spear,1,202,100
180000000,<Halberd> [Frost] Chilling Mist,1,227,100
180000000,<Halberd> [Frost] Hoarfrost Stomp,1,501,100
180000000,<Halberd> [Poison] Poisonous Mist,1,228,100
180000000,<Halberd> [Blood] Blood Tax,1,108,100
180000000,<Halberd> [Blood] Seppuku,1,606,100
180000000,<Halberd> [Standard] Spectral Lance,1,226,100
180000000,<Halberd> [Standard] White Shadow's Lure,1,850,100
180000010,,1,101,100
180000010,,1,102,100
180000010,,1,103,100
180000010,,1,105,100
180000010,,1,109,100
180000010,,1,111,100
180000010,,1,112,100
180000010,,1,116,100
180000010,,1,122,100
180000010,,1,123,100
180000010,,1,124,100
180000010,,1,225,100
180000010,,1,502,100
180000010,,1,503,100
180000010,,1,506,100
180000010,,1,509,100
180000010,,1,600,100
180000010,,1,601,100
180000010,,1,607,100
180000010,,1,650,100
180000010,,1,651,100
180000010,,1,652,100
180000010,,1,654,100
180000010,,1,700,100
180000010,,1,800,100
180000010,,1,801,100
180000010,,1,802,100
180000010,,1,214,100
180000010,,1,505,100
180000010,,1,221,100
180000010,,1,216,100
180000010,,1,504,100
180000010,,1,201,100
180000010,,1,222,100
180000010,,1,507,100
180000010,,1,603,100
180000010,,1,604,100
180000010,,1,605,100
180000010,,1,118,100
180000010,,1,120,100
180000010,,1,200,100
180000010,,1,203,100
180000010,,1,209,100
180000010,,1,202,100
180000010,,1,227,100
180000010,,1,501,100
180000010,,1,228,100
180000010,,1,108,100
180000010,,1,606,100
180000010,,1,226,100
180000010,,1,850,100
180000050,<Untyped Halberd> [Standard] Impaling Thrust,1,101,100
180000050,<Untyped Halberd> [Standard] Piercing Fang,1,102,100
180000050,<Untyped Halberd> [Standard] Spinning Slash,1,103,100
180000050,<Untyped Halberd> [Standard] Charge Forth,1,105,100
180000050,<Untyped Halberd> [Standard] Repeating Thrust,1,109,100
180000050,<Untyped Halberd> [Standard] Spinning Strikes,1,111,100
180000050,<Untyped Halberd> [Standard] Double Slash,1,112,100
180000050,<Untyped Halberd> [Standard] Giant Hunt,1,116,100
180000050,<Untyped Halberd> [Standard] Storm Assault,1,122,100
180000050,<Untyped Halberd> [Standard] Stormcaller,1,123,100
180000050,<Untyped Halberd> [Standard] Sword Dance,1,124,100
180000050,<Untyped Halberd> [Standard] Phantom Slash,1,225,100
180000050,<Untyped Halberd> [Standard] Storm Stomp,1,502,100
180000050,<Untyped Halberd> [Standard] Kick,1,503,100
180000050,<Untyped Halberd> [Standard] Ground Slam,1,506,100
180000050,<Untyped Halberd> [Standard] Hoarah Loux's Earthshaker,1,509,100
180000050,<Untyped Halberd> [Standard] Determination,1,600,100
180000050,<Untyped Halberd> [Standard] Royal Knight's Resolve,1,601,100
180000050,<Untyped Halberd> [Standard] Cragblade,1,607,100
180000050,<Untyped Halberd> [Standard] Barbaric Roar,1,650,100
180000050,<Untyped Halberd> [Standard] War Cry,1,651,100
180000050,<Untyped Halberd> [Standard] Beast's Roar,1,652,100
180000050,<Untyped Halberd> [Standard] Braggart's Roar,1,654,100
180000050,<Untyped Halberd> [Standard] Endure,1,700,100
180000050,<Untyped Halberd> [Standard] Quickstep,1,800,100
180000050,<Untyped Halberd> [Standard] Bloodhound's Step,1,801,100
180000050,<Untyped Halberd> [Standard] Raptor of the Mists,1,802,100
180000060,,1,101,100
180000060,,1,102,100
180000060,,1,103,100
180000060,,1,105,100
180000060,,1,109,100
180000060,,1,111,100
180000060,,1,112,100
180000060,,1,116,100
180000060,,1,122,100
180000060,,1,123,100
180000060,,1,124,100
180000060,,1,225,100
180000060,,1,502,100
180000060,,1,503,100
180000060,,1,506,100
180000060,,1,509,100
180000060,,1,600,100
180000060,,1,601,100
180000060,,1,607,100
180000060,,1,650,100
180000060,,1,651,100
180000060,,1,652,100
180000060,,1,654,100
180000060,,1,700,100
180000060,,1,800,100
180000060,,1,801,100
180000060,,1,802,100
180000100,<Elemental Halberd> [Fire] Flaming Strike,1,214,100
180000100,<Elemental Halberd> [Fire] Flame of the Redmanes,1,505,100
180000100,<Elemental Halberd> [Fire] Black Flame Tornado,1,221,100
180000100,<Elemental Halberd> [Lightning] Thunderbolt,1,216,100
180000100,<Elemental Halberd> [Lightning] Lightning Ram,1,504,100
180000100,<Elemental Halberd> [Holy] Sacred Blade,1,201,100
180000100,<Elemental Halberd> [Holy] Sacred Ring of Light,1,222,100
180000100,<Elemental Halberd> [Holy] Golden Slam,1,507,100
180000100,<Elemental Halberd> [Holy] Golden Vow,1,603,100
180000100,<Elemental Halberd> [Holy] Sacred Order,1,604,100
180000100,<Elemental Halberd> [Holy] Shared Order,1,605,100
180000100,<Elemental Halberd> [Magic] Loretta's Slash,1,118,100
180000100,<Elemental Halberd> [Magic] Spinning Weapon,1,120,100
180000100,<Elemental Halberd> [Magic] Glintblade Phalanx,1,200,100
180000100,<Elemental Halberd> [Magic] Glintstone Pebble,1,203,100
180000100,<Elemental Halberd> [Magic] Gravitas,1,209,100
180000100,<Elemental Halberd> [Frost] Ice Spear,1,202,100
180000100,<Elemental Halberd> [Frost] Chilling Mist,1,227,100
180000100,<Elemental Halberd> [Frost] Hoarfrost Stomp,1,501,100
180000100,<Elemental Halberd> [Poison] Poisonous Mist,1,228,100
180000100,<Elemental Halberd> [Blood] Blood Tax,1,108,100
180000100,<Elemental Halberd> [Blood] Seppuku,1,606,100
180000100,<Elemental Halberd> [Standard] Spectral Lance,1,226,100
180000100,<Elemental Halberd> [Standard] White Shadow's Lure,1,850,100
180000110,,1,214,100
180000110,,1,505,100
180000110,,1,221,100
180000110,,1,216,100
180000110,,1,504,100
180000110,,1,201,100
180000110,,1,222,100
180000110,,1,507,100
180000110,,1,603,100
180000110,,1,604,100
180000110,,1,605,100
180000110,,1,118,100
180000110,,1,120,100
180000110,,1,200,100
180000110,,1,203,100
180000110,,1,209,100
180000110,,1,202,100
180000110,,1,227,100
180000110,,1,501,100
180000110,,1,228,100
180000110,,1,108,100
180000110,,1,606,100
180000110,,1,226,100
180000110,,1,850,100
180000110,,1,101,100
180000110,,1,102,100
180000110,,1,103,100
180000110,,1,105,100
180000110,,1,109,100
180000110,,1,111,100
180000110,,1,112,100
180000110,,1,116,100
180000110,,1,122,100
180000110,,1,123,100
180000110,,1,124,100
180000110,,1,225,100
180000110,,1,502,100
180000110,,1,503,100
180000110,,1,506,100
180000110,,1,509,100
180000110,,1,600,100
180000110,,1,601,100
180000110,,1,607,100
180000110,,1,650,100
180000110,,1,651,100
180000110,,1,652,100
180000110,,1,654,100
180000110,,1,700,100
180000110,,1,800,100
180000110,,1,801,100
180000110,,1,802,100
180000500,<Fire Halberd> [Fire] Flaming Strike,1,214,100
180000500,<Fire Halberd> [Fire] Flame of the Redmanes,1,505,100
180000500,<Fire Halberd> [Fire] Black Flame Tornado,1,221,100
180000510,,1,214,100
180000510,,1,505,100
180000510,,1,221,100
180000510,,1,101,100
180000510,,1,102,100
180000510,,1,103,100
180000510,,1,105,100
180000510,,1,109,100
180000510,,1,111,100
180000510,,1,112,100
180000510,,1,116,100
180000510,,1,122,100
180000510,,1,123,100
180000510,,1,124,100
180000510,,1,225,100
180000510,,1,502,100
180000510,,1,503,100
180000510,,1,506,100
180000510,,1,509,100
180000510,,1,600,100
180000510,,1,601,100
180000510,,1,607,100
180000510,,1,650,100
180000510,,1,651,100
180000510,,1,652,100
180000510,,1,654,100
180000510,,1,700,100
180000510,,1,800,100
180000510,,1,801,100
180000510,,1,802,100
180000600,<Lightning Halberd> [Lightning] Thunderbolt,1,216,100
180000600,<Lightning Halberd> [Lightning] Lightning Ram,1,504,100
180000610,,1,216,100
180000610,,1,504,100
180000610,,1,101,100
180000610,,1,102,100
180000610,,1,103,100
180000610,,1,105,100
180000610,,1,109,100
180000610,,1,111,100
180000610,,1,112,100
180000610,,1,116,100
180000610,,1,122,100
180000610,,1,123,100
180000610,,1,124,100
180000610,,1,225,100
180000610,,1,502,100
180000610,,1,503,100
180000610,,1,506,100
180000610,,1,509,100
180000610,,1,600,100
180000610,,1,601,100
180000610,,1,607,100
180000610,,1,650,100
180000610,,1,651,100
180000610,,1,652,100
180000610,,1,654,100
180000610,,1,700,100
180000610,,1,800,100
180000610,,1,801,100
180000610,,1,802,100
180000700,<Holy Halberd> [Holy] Sacred Blade,1,201,100
180000700,<Holy Halberd> [Holy] Sacred Ring of Light,1,222,100
180000700,<Holy Halberd> [Holy] Golden Slam,1,507,100
180000700,<Holy Halberd> [Holy] Golden Vow,1,603,100
180000700,<Holy Halberd> [Holy] Sacred Order,1,604,100
180000700,<Holy Halberd> [Holy] Shared Order,1,605,100
180000710,,1,201,100
180000710,,1,222,100
180000710,,1,507,100
180000710,,1,603,100
180000710,,1,604,100
180000710,,1,605,100
180000710,,1,101,100
180000710,,1,102,100
180000710,,1,103,100
180000710,,1,105,100
180000710,,1,109,100
180000710,,1,111,100
180000710,,1,112,100
180000710,,1,116,100
180000710,,1,122,100
180000710,,1,123,100
180000710,,1,124,100
180000710,,1,225,100
180000710,,1,502,100
180000710,,1,503,100
180000710,,1,506,100
180000710,,1,509,100
180000710,,1,600,100
180000710,,1,601,100
180000710,,1,607,100
180000710,,1,650,100
180000710,,1,651,100
180000710,,1,652,100
180000710,,1,654,100
180000710,,1,700,100
180000710,,1,800,100
180000710,,1,801,100
180000710,,1,802,100
180000800,<Magic Halberd> [Magic] Loretta's Slash,1,118,100
180000800,<Magic Halberd> [Magic] Spinning Weapon,1,120,100
180000800,<Magic Halberd> [Magic] Glintblade Phalanx,1,200,100
180000800,<Magic Halberd> [Magic] Glintstone Pebble,1,203,100
180000800,<Magic Halberd> [Magic] Gravitas,1,209,100
180000810,,1,118,100
180000810,,1,120,100
180000810,,1,200,100
180000810,,1,203,100
180000810,,1,209,100
180000810,,1,101,100
180000810,,1,102,100
180000810,,1,103,100
180000810,,1,105,100
180000810,,1,109,100
180000810,,1,111,100
180000810,,1,112,100
180000810,,1,116,100
180000810,,1,122,100
180000810,,1,123,100
180000810,,1,124,100
180000810,,1,225,100
180000810,,1,502,100
180000810,,1,503,100
180000810,,1,506,100
180000810,,1,509,100
180000810,,1,600,100
180000810,,1,601,100
180000810,,1,607,100
180000810,,1,650,100
180000810,,1,651,100
180000810,,1,652,100
180000810,,1,654,100
180000810,,1,700,100
180000810,,1,800,100
180000810,,1,801,100
180000810,,1,802,100
180000900,<Frost Halberd> [Frost] Ice Spear,1,202,100
180000900,<Frost Halberd> [Frost] Chilling Mist,1,227,100
180000900,<Frost Halberd> [Frost] Hoarfrost Stomp,1,501,100
180000910,,1,202,100
180000910,,1,227,100
180000910,,1,501,100
180000910,,1,101,100
180000910,,1,102,100
180000910,,1,103,100
180000910,,1,105,100
180000910,,1,109,100
180000910,,1,111,100
180000910,,1,112,100
180000910,,1,116,100
180000910,,1,122,100
180000910,,1,123,100
180000910,,1,124,100
180000910,,1,225,100
180000910,,1,502,100
180000910,,1,503,100
180000910,,1,506,100
180000910,,1,509,100
180000910,,1,600,100
180000910,,1,601,100
180000910,,1,607,100
180000910,,1,650,100
180000910,,1,651,100
180000910,,1,652,100
180000910,,1,654,100
180000910,,1,700,100
180000910,,1,800,100
180000910,,1,801,100
180000910,,1,802,100
180001000,<Poison Halberd> [Poison] Poisonous Mist,1,228,100
180001010,,1,228,100
180001010,,1,101,100
180001010,,1,102,100
180001010,,1,103,100
180001010,,1,105,100
180001010,,1,109,100
180001010,,1,111,100
180001010,,1,112,100
180001010,,1,116,100
180001010,,1,122,100
180001010,,1,123,100
180001010,,1,124,100
180001010,,1,225,100
180001010,,1,502,100
180001010,,1,503,100
180001010,,1,506,100
180001010,,1,509,100
180001010,,1,600,100
180001010,,1,601,100
180001010,,1,607,100
180001010,,1,650,100
180001010,,1,651,100
180001010,,1,652,100
180001010,,1,654,100
180001010,,1,700,100
180001010,,1,800,100
180001010,,1,801,100
180001010,,1,802,100
180001100,<Blood Halberd> [Blood] Blood Tax,1,108,100
180001100,<Blood Halberd> [Blood] Seppuku,1,606,100
180001110,,1,108,100
180001110,,1,606,100
180001110,,1,101,100
180001110,,1,102,100
180001110,,1,103,100
180001110,,1,105,100
180001110,,1,109,100
180001110,,1,111,100
180001110,,1,112,100
180001110,,1,116,100
180001110,,1,122,100
180001110,,1,123,100
180001110,,1,124,100
180001110,,1,225,100
180001110,,1,502,100
180001110,,1,503,100
180001110,,1,506,100
180001110,,1,509,100
180001110,,1,600,100
180001110,,1,601,100
180001110,,1,607,100
180001110,,1,650,100
180001110,,1,651,100
180001110,,1,652,100
180001110,,1,654,100
180001110,,1,700,100
180001110,,1,800,100
180001110,,1,801,100
180001110,,1,802,100
180001200,<Shadow Halberd> [Standard] Spectral Lance,1,226,100
180001200,<Shadow Halberd> [Standard] White Shadow's Lure,1,850,100
180001210,,1,226,100
180001210,,1,850,100
180001210,,1,101,100
180001210,,1,102,100
180001210,,1,103,100
180001210,,1,105,100
180001210,,1,109,100
180001210,,1,111,100
180001210,,1,112,100
180001210,,1,116,100
180001210,,1,122,100
180001210,,1,123,100
180001210,,1,124,100
180001210,,1,225,100
180001210,,1,502,100
180001210,,1,503,100
180001210,,1,506,100
180001210,,1,509,100
180001210,,1,600,100
180001210,,1,601,100
180001210,,1,607,100
180001210,,1,650,100
180001210,,1,651,100
180001210,,1,652,100
180001210,,1,654,100
180001210,,1,700,100
180001210,,1,800,100
180001210,,1,801,100
180001210,,1,802,100
180600000,<Table> [Standard] Impaling Thrust,1,101,100
180600000,<Table> [Standard] Piercing Fang,1,102,100
180600000,<Table> [Standard] Spinning Slash,1,103,100
180600000,<Table> [Standard] Charge Forth,1,105,100
180600000,<Table> [Standard] Repeating Thrust,1,109,100
180600000,<Table> [Standard] Spinning Strikes,1,111,100
180600000,<Table> [Standard] Double Slash,1,112,100
180600000,<Table> [Standard] Giant Hunt,1,116,100
180600000,<Table> [Standard] Storm Assault,1,122,100
180600000,<Table> [Standard] Stormcaller,1,123,100
180600000,<Table> [Standard] Sword Dance,1,124,100
180600000,<Table> [Standard] Phantom Slash,1,225,100
180600000,<Table> [Standard] Storm Stomp,1,502,100
180600000,<Table> [Standard] Kick,1,503,100
180600000,<Table> [Standard] Ground Slam,1,506,100
180600000,<Table> [Standard] Hoarah Loux's Earthshaker,1,509,100
180600000,<Table> [Standard] Determination,1,600,100
180600000,<Table> [Standard] Royal Knight's Resolve,1,601,100
180600000,<Table> [Standard] Cragblade,1,607,100
180600000,<Table> [Standard] Barbaric Roar,1,650,100
180600000,<Table> [Standard] War Cry,1,651,100
180600000,<Table> [Standard] Beast's Roar,1,652,100
180600000,<Table> [Standard] Braggart's Roar,1,654,100
180600000,<Table> [Standard] Endure,1,700,100
180600000,<Table> [Standard] Quickstep,1,800,100
180600000,<Table> [Standard] Bloodhound's Step,1,801,100
180600000,<Table> [Standard] Raptor of the Mists,1,802,100
180600010,,1,101,100
180600010,,1,102,100
180600010,,1,103,100
180600010,,1,105,100
180600010,,1,109,100
180600010,,1,111,100
180600010,,1,112,100
180600010,,1,116,100
180600010,,1,122,100
180600010,,1,123,100
180600010,,1,124,100
180600010,,1,225,100
180600010,,1,502,100
180600010,,1,503,100
180600010,,1,506,100
180600010,,1,509,100
180600010,,1,600,100
180600010,,1,601,100
180600010,,1,607,100
180600010,,1,650,100
180600010,,1,651,100
180600010,,1,652,100
180600010,,1,654,100
180600010,,1,700,100
180600010,,1,800,100
180600010,,1,801,100
180600010,,1,802,100
181080000,<Table> [Standard] Impaling Thrust,1,101,100
181080000,<Table> [Standard] Piercing Fang,1,102,100
181080000,<Table> [Standard] Spinning Slash,1,103,100
181080000,<Table> [Standard] Charge Forth,1,105,100
181080000,<Table> [Standard] Repeating Thrust,1,109,100
181080000,<Table> [Standard] Spinning Strikes,1,111,100
181080000,<Table> [Standard] Double Slash,1,112,100
181080000,<Table> [Standard] Giant Hunt,1,116,100
181080000,<Table> [Standard] Storm Assault,1,122,100
181080000,<Table> [Standard] Stormcaller,1,123,100
181080000,<Table> [Standard] Sword Dance,1,124,100
181080000,<Table> [Standard] Phantom Slash,1,225,100
181080000,<Table> [Standard] Storm Stomp,1,502,100
181080000,<Table> [Standard] Kick,1,503,100
181080000,<Table> [Standard] Ground Slam,1,506,100
181080000,<Table> [Standard] Hoarah Loux's Earthshaker,1,509,100
181080000,<Table> [Standard] Determination,1,600,100
181080000,<Table> [Standard] Royal Knight's Resolve,1,601,100
181080000,<Table> [Standard] Cragblade,1,607,100
181080000,<Table> [Standard] Barbaric Roar,1,650,100
181080000,<Table> [Standard] War Cry,1,651,100
181080000,<Table> [Standard] Beast's Roar,1,652,100
181080000,<Table> [Standard] Braggart's Roar,1,654,100
181080000,<Table> [Standard] Endure,1,700,100
181080000,<Table> [Standard] Quickstep,1,800,100
181080000,<Table> [Standard] Bloodhound's Step,1,801,100
181080000,<Table> [Standard] Raptor of the Mists,1,802,100
181080000,<Table> [Holy] Sacred Blade,1,201,100
181080000,<Table> [Holy] Sacred Ring of Light,1,222,100
181080000,<Table> [Holy] Golden Slam,1,507,100
181080000,<Table> [Holy] Golden Vow,1,603,100
181080000,<Table> [Holy] Sacred Order,1,604,100
181080000,<Table> [Holy] Shared Order,1,605,100
181080010,,1,101,100
181080010,,1,102,100
181080010,,1,103,100
181080010,,1,105,100
181080010,,1,109,100
181080010,,1,111,100
181080010,,1,112,100
181080010,,1,116,100
181080010,,1,122,100
181080010,,1,123,100
181080010,,1,124,100
181080010,,1,225,100
181080010,,1,502,100
181080010,,1,503,100
181080010,,1,506,100
181080010,,1,509,100
181080010,,1,600,100
181080010,,1,601,100
181080010,,1,607,100
181080010,,1,650,100
181080010,,1,651,100
181080010,,1,652,100
181080010,,1,654,100
181080010,,1,700,100
181080010,,1,800,100
181080010,,1,801,100
181080010,,1,802,100
181080010,,1,201,100
181080010,,1,222,100
181080010,,1,507,100
181080010,,1,603,100
181080010,,1,604,100
181080010,,1,605,100
181080050,<Table> [Standard] Impaling Thrust,1,101,100
181080050,<Table> [Standard] Piercing Fang,1,102,100
181080050,<Table> [Standard] Spinning Slash,1,103,100
181080050,<Table> [Standard] Charge Forth,1,105,100
181080050,<Table> [Standard] Repeating Thrust,1,109,100
181080050,<Table> [Standard] Spinning Strikes,1,111,100
181080050,<Table> [Standard] Double Slash,1,112,100
181080050,<Table> [Standard] Giant Hunt,1,116,100
181080050,<Table> [Standard] Storm Assault,1,122,100
181080050,<Table> [Standard] Stormcaller,1,123,100
181080050,<Table> [Standard] Sword Dance,1,124,100
181080050,<Table> [Standard] Phantom Slash,1,225,100
181080050,<Table> [Standard] Storm Stomp,1,502,100
181080050,<Table> [Standard] Kick,1,503,100
181080050,<Table> [Standard] Ground Slam,1,506,100
181080050,<Table> [Standard] Hoarah Loux's Earthshaker,1,509,100
181080050,<Table> [Standard] Determination,1,600,100
181080050,<Table> [Standard] Royal Knight's Resolve,1,601,100
181080050,<Table> [Standard] Cragblade,1,607,100
181080050,<Table> [Standard] Barbaric Roar,1,650,100
181080050,<Table> [Standard] War Cry,1,651,100
181080050,<Table> [Standard] Beast's Roar,1,652,100
181080050,<Table> [Standard] Braggart's Roar,1,654,100
181080050,<Table> [Standard] Endure,1,700,100
181080050,<Table> [Standard] Quickstep,1,800,100
181080050,<Table> [Standard] Bloodhound's Step,1,801,100
181080050,<Table> [Standard] Raptor of the Mists,1,802,100
181080060,,1,101,100
181080060,,1,102,100
181080060,,1,103,100
181080060,,1,105,100
181080060,,1,109,100
181080060,,1,111,100
181080060,,1,112,100
181080060,,1,116,100
181080060,,1,122,100
181080060,,1,123,100
181080060,,1,124,100
181080060,,1,225,100
181080060,,1,502,100
181080060,,1,503,100
181080060,,1,506,100
181080060,,1,509,100
181080060,,1,600,100
181080060,,1,601,100
181080060,,1,607,100
181080060,,1,650,100
181080060,,1,651,100
181080060,,1,652,100
181080060,,1,654,100
181080060,,1,700,100
181080060,,1,800,100
181080060,,1,801,100
181080060,,1,802,100
181080100,<Table> [Holy] Sacred Blade,1,201,100
181080100,<Table> [Holy] Sacred Ring of Light,1,222,100
181080100,<Table> [Holy] Golden Slam,1,507,100
181080100,<Table> [Holy] Golden Vow,1,603,100
181080100,<Table> [Holy] Sacred Order,1,604,100
181080100,<Table> [Holy] Shared Order,1,605,100
181080110,,1,201,100
181080110,,1,222,100
181080110,,1,507,100
181080110,,1,603,100
181080110,,1,604,100
181080110,,1,605,100
181080110,,1,101,100
181080110,,1,102,100
181080110,,1,103,100
181080110,,1,105,100
181080110,,1,109,100
181080110,,1,111,100
181080110,,1,112,100
181080110,,1,116,100
181080110,,1,122,100
181080110,,1,123,100
181080110,,1,124,100
181080110,,1,225,100
181080110,,1,502,100
181080110,,1,503,100
181080110,,1,506,100
181080110,,1,509,100
181080110,,1,600,100
181080110,,1,601,100
181080110,,1,607,100
181080110,,1,650,100
181080110,,1,651,100
181080110,,1,652,100
181080110,,1,654,100
181080110,,1,700,100
181080110,,1,800,100
181080110,,1,801,100
181080110,,1,802,100
181600000,<Table> [Standard] Impaling Thrust,1,101,100
181600000,<Table> [Standard] Piercing Fang,1,102,100
181600000,<Table> [Standard] Spinning Slash,1,103,100
181600000,<Table> [Standard] Charge Forth,1,105,100
181600000,<Table> [Standard] Repeating Thrust,1,109,100
181600000,<Table> [Standard] Spinning Strikes,1,111,100
181600000,<Table> [Standard] Double Slash,1,112,100
181600000,<Table> [Standard] Giant Hunt,1,116,100
181600000,<Table> [Standard] Storm Assault,1,122,100
181600000,<Table> [Standard] Stormcaller,1,123,100
181600000,<Table> [Standard] Sword Dance,1,124,100
181600000,<Table> [Standard] Phantom Slash,1,225,100
181600000,<Table> [Standard] Storm Stomp,1,502,100
181600000,<Table> [Standard] Kick,1,503,100
181600000,<Table> [Standard] Ground Slam,1,506,100
181600000,<Table> [Standard] Hoarah Loux's Earthshaker,1,509,100
181600000,<Table> [Standard] Determination,1,600,100
181600000,<Table> [Standard] Royal Knight's Resolve,1,601,100
181600000,<Table> [Standard] Cragblade,1,607,100
181600000,<Table> [Standard] Barbaric Roar,1,650,100
181600000,<Table> [Standard] War Cry,1,651,100
181600000,<Table> [Standard] Beast's Roar,1,652,100
181600000,<Table> [Standard] Braggart's Roar,1,654,100
181600000,<Table> [Standard] Endure,1,700,100
181600000,<Table> [Standard] Quickstep,1,800,100
181600000,<Table> [Standard] Bloodhound's Step,1,801,100
181600000,<Table> [Standard] Raptor of the Mists,1,802,100
181600000,<Table> [Holy] Sacred Blade,1,201,100
181600000,<Table> [Holy] Sacred Ring of Light,1,222,100
181600000,<Table> [Holy] Golden Slam,1,507,100
181600000,<Table> [Holy] Golden Vow,1,603,100
181600000,<Table> [Holy] Sacred Order,1,604,100
181600000,<Table> [Holy] Shared Order,1,605,100
181600010,,1,101,100
181600010,,1,102,100
181600010,,1,103,100
181600010,,1,105,100
181600010,,1,109,100
181600010,,1,111,100
181600010,,1,112,100
181600010,,1,116,100
181600010,,1,122,100
181600010,,1,123,100
181600010,,1,124,100
181600010,,1,225,100
181600010,,1,502,100
181600010,,1,503,100
181600010,,1,506,100
181600010,,1,509,100
181600010,,1,600,100
181600010,,1,601,100
181600010,,1,607,100
181600010,,1,650,100
181600010,,1,651,100
181600010,,1,652,100
181600010,,1,654,100
181600010,,1,700,100
181600010,,1,800,100
181600010,,1,801,100
181600010,,1,802,100
181600010,,1,201,100
181600010,,1,222,100
181600010,,1,507,100
181600010,,1,603,100
181600010,,1,604,100
181600010,,1,605,100
181600050,<Table> [Standard] Impaling Thrust,1,101,100
181600050,<Table> [Standard] Piercing Fang,1,102,100
181600050,<Table> [Standard] Spinning Slash,1,103,100
181600050,<Table> [Standard] Charge Forth,1,105,100
181600050,<Table> [Standard] Repeating Thrust,1,109,100
181600050,<Table> [Standard] Spinning Strikes,1,111,100
181600050,<Table> [Standard] Double Slash,1,112,100
181600050,<Table> [Standard] Giant Hunt,1,116,100
181600050,<Table> [Standard] Storm Assault,1,122,100
181600050,<Table> [Standard] Stormcaller,1,123,100
181600050,<Table> [Standard] Sword Dance,1,124,100
181600050,<Table> [Standard] Phantom Slash,1,225,100
181600050,<Table> [Standard] Storm Stomp,1,502,100
181600050,<Table> [Standard] Kick,1,503,100
181600050,<Table> [Standard] Ground Slam,1,506,100
181600050,<Table> [Standard] Hoarah Loux's Earthshaker,1,509,100
181600050,<Table> [Standard] Determination,1,600,100
181600050,<Table> [Standard] Royal Knight's Resolve,1,601,100
181600050,<Table> [Standard] Cragblade,1,607,100
181600050,<Table> [Standard] Barbaric Roar,1,650,100
181600050,<Table> [Standard] War Cry,1,651,100
181600050,<Table> [Standard] Beast's Roar,1,652,100
181600050,<Table> [Standard] Braggart's Roar,1,654,100
181600050,<Table> [Standard] Endure,1,700,100
181600050,<Table> [Standard] Quickstep,1,800,100
181600050,<Table> [Standard] Bloodhound's Step,1,801,100
181600050,<Table> [Standard] Raptor of the Mists,1,802,100
181600060,,1,101,100
181600060,,1,102,100
181600060,,1,103,100
181600060,,1,105,100
181600060,,1,109,100
181600060,,1,111,100
181600060,,1,112,100
181600060,,1,116,100
181600060,,1,122,100
181600060,,1,123,100
181600060,,1,124,100
181600060,,1,225,100
181600060,,1,502,100
181600060,,1,503,100
181600060,,1,506,100
181600060,,1,509,100
181600060,,1,600,100
181600060,,1,601,100
181600060,,1,607,100
181600060,,1,650,100
181600060,,1,651,100
181600060,,1,652,100
181600060,,1,654,100
181600060,,1,700,100
181600060,,1,800,100
181600060,,1,801,100
181600060,,1,802,100
181600700,<Table> [Holy] Sacred Blade,1,201,100
181600700,<Table> [Holy] Sacred Ring of Light,1,222,100
181600700,<Table> [Holy] Golden Slam,1,507,100
181600700,<Table> [Holy] Golden Vow,1,603,100
181600700,<Table> [Holy] Sacred Order,1,604,100
181600700,<Table> [Holy] Shared Order,1,605,100
181600710,,1,201,100
181600710,,1,222,100
181600710,,1,507,100
181600710,,1,603,100
181600710,,1,604,100
181600710,,1,605,100
181600710,,1,101,100
181600710,,1,102,100
181600710,,1,103,100
181600710,,1,105,100
181600710,,1,109,100
181600710,,1,111,100
181600710,,1,112,100
181600710,,1,116,100
181600710,,1,122,100
181600710,,1,123,100
181600710,,1,124,100
181600710,,1,225,100
181600710,,1,502,100
181600710,,1,503,100
181600710,,1,506,100
181600710,,1,509,100
181600710,,1,600,100
181600710,,1,601,100
181600710,,1,607,100
181600710,,1,650,100
181600710,,1,651,100
181600710,,1,652,100
181600710,,1,654,100
181600710,,1,700,100
181600710,,1,800,100
181600710,,1,801,100
181600710,,1,802,100
190000000,<Scythe> [Standard] Spinning Slash,1,103,100
190000000,<Scythe> [Standard] Spinning Strikes,1,111,100
190000000,<Scythe> [Standard] Stormcaller,1,123,100
190000000,<Scythe> [Standard] Storm Stomp,1,502,100
190000000,<Scythe> [Standard] Kick,1,503,100
190000000,<Scythe> [Standard] Ground Slam,1,506,100
190000000,<Scythe> [Standard] Determination,1,600,100
190000000,<Scythe> [Standard] Royal Knight's Resolve,1,601,100
190000000,<Scythe> [Standard] Cragblade,1,607,100
190000000,<Scythe> [Standard] Barbaric Roar,1,650,100
190000000,<Scythe> [Standard] War Cry,1,651,100
190000000,<Scythe> [Standard] Endure,1,700,100
190000000,<Scythe> [Standard] Quickstep,1,800,100
190000000,<Scythe> [Standard] Bloodhound's Step,1,801,100
190000000,<Scythe> [Standard] Raptor of the Mists,1,802,100
190000000,<Scythe> [Standard] Double Slash,1,112,100
190000000,<Scythe> [Fire] Black Flame Tornado,1,221,100
190000000,<Scythe> [Fire] Flame of the Redmanes,1,505,100
190000000,<Scythe> [Lightning] Thunderbolt,1,216,100
190000000,<Scythe> [Lightning] Lightning Ram,1,504,100
190000000,<Scythe> [Holy] Sacred Blade,1,201,100
190000000,<Scythe> [Holy] Sacred Ring of Light,1,222,100
190000000,<Scythe> [Holy] Golden Slam,1,507,100
190000000,<Scythe> [Holy] Golden Vow,1,603,100
190000000,<Scythe> [Holy] Sacred Order,1,604,100
190000000,<Scythe> [Holy] Shared Order,1,605,100
190000000,<Scythe> [Magic] Spinning Weapon,1,120,100
190000000,<Scythe> [Magic] Gravitas,1,209,100
190000000,<Scythe> [Frost] Chilling Mist,1,227,100
190000000,<Scythe> [Frost] Hoarfrost Stomp,1,501,100
190000000,<Scythe> [Poison] Poisonous Mist,1,228,100
190000010,,1,103,100
190000010,,1,111,100
190000010,,1,123,100
190000010,,1,502,100
190000010,,1,503,100
190000010,,1,506,100
190000010,,1,600,100
190000010,,1,601,100
190000010,,1,607,100
190000010,,1,650,100
190000010,,1,651,100
190000010,,1,700,100
190000010,,1,800,100
190000010,,1,801,100
190000010,,1,802,100
190000010,,1,112,100
190000010,,1,221,100
190000010,,1,505,100
190000010,,1,216,100
190000010,,1,504,100
190000010,,1,201,100
190000010,,1,222,100
190000010,,1,507,100
190000010,,1,603,100
190000010,,1,604,100
190000010,,1,605,100
190000010,,1,120,100
190000010,,1,209,100
190000010,,1,227,100
190000010,,1,501,100
190000010,,1,228,100
190000050,<Untyped Scythe> [Standard] Spinning Slash,1,103,100
190000050,<Untyped Scythe> [Standard] Spinning Strikes,1,111,100
190000050,<Untyped Scythe> [Standard] Double Slash,1,112,100
190000050,<Untyped Scythe> [Standard] Stormcaller,1,123,100
190000050,<Untyped Scythe> [Standard] Storm Stomp,1,502,100
190000050,<Untyped Scythe> [Standard] Kick,1,503,100
190000050,<Untyped Scythe> [Standard] Ground Slam,1,506,100
190000050,<Untyped Scythe> [Standard] Determination,1,600,100
190000050,<Untyped Scythe> [Standard] Royal Knight's Resolve,1,601,100
190000050,<Untyped Scythe> [Standard] Cragblade,1,607,100
190000050,<Untyped Scythe> [Standard] Barbaric Roar,1,650,100
190000050,<Untyped Scythe> [Standard] War Cry,1,651,100
190000050,<Untyped Scythe> [Standard] Endure,1,700,100
190000050,<Untyped Scythe> [Standard] Quickstep,1,800,100
190000050,<Untyped Scythe> [Standard] Bloodhound's Step,1,801,100
190000050,<Untyped Scythe> [Standard] Raptor of the Mists,1,802,100
190000060,,1,103,100
190000060,,1,111,100
190000060,,1,112,100
190000060,,1,123,100
190000060,,1,502,100
190000060,,1,503,100
190000060,,1,506,100
190000060,,1,600,100
190000060,,1,601,100
190000060,,1,607,100
190000060,,1,650,100
190000060,,1,651,100
190000060,,1,700,100
190000060,,1,800,100
190000060,,1,801,100
190000060,,1,802,100
190000100,<Elemental Scythe> [Fire] Black Flame Tornado,1,221,100
190000100,<Elemental Scythe> [Fire] Flame of the Redmanes,1,505,100
190000100,<Elemental Scythe> [Lightning] Thunderbolt,1,216,100
190000100,<Elemental Scythe> [Lightning] Lightning Ram,1,504,100
190000100,<Elemental Scythe> [Holy] Sacred Blade,1,201,100
190000100,<Elemental Scythe> [Holy] Sacred Ring of Light,1,222,100
190000100,<Elemental Scythe> [Holy] Golden Slam,1,507,100
190000100,<Elemental Scythe> [Holy] Golden Vow,1,603,100
190000100,<Elemental Scythe> [Holy] Sacred Order,1,604,100
190000100,<Elemental Scythe> [Holy] Shared Order,1,605,100
190000100,<Elemental Scythe> [Magic] Loretta's Slash,1,118,100
190000100,<Elemental Scythe> [Magic] Spinning Weapon,1,120,100
190000100,<Elemental Scythe> [Magic] Gravitas,1,209,100
190000100,<Elemental Scythe> [Frost] Chilling Mist,1,227,100
190000100,<Elemental Scythe> [Frost] Hoarfrost Stomp,1,501,100
190000100,<Elemental Scythe> [Poison] Poisonous Mist,1,228,100
190000110,,1,221,100
190000110,,1,505,100
190000110,,1,216,100
190000110,,1,504,100
190000110,,1,201,100
190000110,,1,222,100
190000110,,1,507,100
190000110,,1,603,100
190000110,,1,604,100
190000110,,1,605,100
190000110,,1,118,100
190000110,,1,120,100
190000110,,1,209,100
190000110,,1,227,100
190000110,,1,501,100
190000110,,1,228,100
190000110,,1,103,100
190000110,,1,111,100
190000110,,1,112,100
190000110,,1,123,100
190000110,,1,502,100
190000110,,1,503,100
190000110,,1,506,100
190000110,,1,600,100
190000110,,1,601,100
190000110,,1,607,100
190000110,,1,650,100
190000110,,1,651,100
190000110,,1,700,100
190000110,,1,800,100
190000110,,1,801,100
190000110,,1,802,100
190000500,<Fire Scythe> [Fire] Black Flame Tornado,1,221,100
190000500,<Fire Scythe> [Fire] Flame of the Redmanes,1,505,100
190000510,,1,221,100
190000510,,1,505,100
190000510,,1,103,100
190000510,,1,111,100
190000510,,1,112,100
190000510,,1,123,100
190000510,,1,502,100
190000510,,1,503,100
190000510,,1,506,100
190000510,,1,600,100
190000510,,1,601,100
190000510,,1,607,100
190000510,,1,650,100
190000510,,1,651,100
190000510,,1,700,100
190000510,,1,800,100
190000510,,1,801,100
190000510,,1,802,100
190000600,<Lightning Scythe> [Lightning] Thunderbolt,1,216,100
190000600,<Lightning Scythe> [Lightning] Lightning Ram,1,504,100
190000610,,1,216,100
190000610,,1,504,100
190000610,,1,103,100
190000610,,1,111,100
190000610,,1,112,100
190000610,,1,123,100
190000610,,1,502,100
190000610,,1,503,100
190000610,,1,506,100
190000610,,1,600,100
190000610,,1,601,100
190000610,,1,607,100
190000610,,1,650,100
190000610,,1,651,100
190000610,,1,700,100
190000610,,1,800,100
190000610,,1,801,100
190000610,,1,802,100
190000700,<Holy Scythe> [Holy] Sacred Blade,1,201,100
190000700,<Holy Scythe> [Holy] Sacred Ring of Light,1,222,100
190000700,<Holy Scythe> [Holy] Golden Slam,1,507,100
190000700,<Holy Scythe> [Holy] Golden Vow,1,603,100
190000700,<Holy Scythe> [Holy] Sacred Order,1,604,100
190000700,<Holy Scythe> [Holy] Shared Order,1,605,100
190000710,,1,201,100
190000710,,1,222,100
190000710,,1,507,100
190000710,,1,603,100
190000710,,1,604,100
190000710,,1,605,100
190000710,,1,103,100
190000710,,1,111,100
190000710,,1,112,100
190000710,,1,123,100
190000710,,1,502,100
190000710,,1,503,100
190000710,,1,506,100
190000710,,1,600,100
190000710,,1,601,100
190000710,,1,607,100
190000710,,1,650,100
190000710,,1,651,100
190000710,,1,700,100
190000710,,1,800,100
190000710,,1,801,100
190000710,,1,802,100
190000800,<Magic Scythe> [Magic] Loretta's Slash,1,118,100
190000800,<Magic Scythe> [Magic] Spinning Weapon,1,120,100
190000800,<Magic Scythe> [Magic] Gravitas,1,209,100
190000810,,1,118,100
190000810,,1,120,100
190000810,,1,209,100
190000810,,1,103,100
190000810,,1,111,100
190000810,,1,112,100
190000810,,1,123,100
190000810,,1,502,100
190000810,,1,503,100
190000810,,1,506,100
190000810,,1,600,100
190000810,,1,601,100
190000810,,1,607,100
190000810,,1,650,100
190000810,,1,651,100
190000810,,1,700,100
190000810,,1,800,100
190000810,,1,801,100
190000810,,1,802,100
190000900,<Frost Scythe> [Frost] Chilling Mist,1,227,100
190000900,<Frost Scythe> [Frost] Hoarfrost Stomp,1,501,100
190000910,,1,227,100
190000910,,1,501,100
190000910,,1,103,100
190000910,,1,111,100
190000910,,1,112,100
190000910,,1,123,100
190000910,,1,502,100
190000910,,1,503,100
190000910,,1,506,100
190000910,,1,600,100
190000910,,1,601,100
190000910,,1,607,100
190000910,,1,650,100
190000910,,1,651,100
190000910,,1,700,100
190000910,,1,800,100
190000910,,1,801,100
190000910,,1,802,100
190001000,<Poison Scythe> [Poison] Poisonous Mist,1,228,100
190001010,,1,228,100
190001010,,1,103,100
190001010,,1,111,100
190001010,,1,112,100
190001010,,1,123,100
190001010,,1,502,100
190001010,,1,503,100
190001010,,1,506,100
190001010,,1,600,100
190001010,,1,601,100
190001010,,1,607,100
190001010,,1,650,100
190001010,,1,651,100
190001010,,1,700,100
190001010,,1,800,100
190001010,,1,801,100
190001010,,1,802,100
200000000,<Whip> [Standard] Storm Stomp,1,502,100
200000000,<Whip> [Standard] Kick,1,503,100
200000000,<Whip> [Standard] Ground Slam,1,506,100
200000000,<Whip> [Standard] Hoarah Loux's Earthshaker,1,509,100
200000000,<Whip> [Standard] Determination,1,600,100
200000000,<Whip> [Standard] Royal Knight's Resolve,1,601,100
200000000,<Whip> [Standard] Beast's Roar,1,652,100
200000000,<Whip> [Standard] Endure,1,700,100
200000000,<Whip> [Standard] Quickstep,1,800,100
200000000,<Whip> [Standard] Bloodhound's Step,1,801,100
200000000,<Whip> [Standard] Raptor of the Mists,1,802,100
200000000,<Whip> [Fire] Flame of the Redmanes,1,505,100
200000000,<Whip> [Lightning] Thunderbolt,1,216,100
200000000,<Whip> [Lightning] Lightning Ram,1,504,100
200000000,<Whip> [Holy] Golden Slam,1,507,100
200000000,<Whip> [Holy] Golden Vow,1,603,100
200000000,<Whip> [Holy] Sacred Order,1,604,100
200000000,<Whip> [Holy] Shared Order,1,605,100
200000000,<Whip> [Frost] Hoarfrost Stomp,1,501,100
200000000,<Whip> [Standard] White Shadow's Lure,1,850,100
200000010,,1,502,100
200000010,,1,503,100
200000010,,1,506,100
200000010,,1,509,100
200000010,,1,600,100
200000010,,1,601,100
200000010,,1,652,100
200000010,,1,700,100
200000010,,1,800,100
200000010,,1,801,100
200000010,,1,802,100
200000010,,1,505,100
200000010,,1,216,100
200000010,,1,504,100
200000010,,1,507,100
200000010,,1,603,100
200000010,,1,604,100
200000010,,1,605,100
200000010,,1,501,100
200000010,,1,850,100
200000050,<Untyped Whip> [Standard] Storm Stomp,1,502,100
200000050,<Untyped Whip> [Standard] Kick,1,503,100
200000050,<Untyped Whip> [Standard] Ground Slam,1,506,100
200000050,<Untyped Whip> [Standard] Hoarah Loux's Earthshaker,1,509,100
200000050,<Untyped Whip> [Standard] Determination,1,600,100
200000050,<Untyped Whip> [Standard] Royal Knight's Resolve,1,601,100
200000050,<Untyped Whip> [Standard] Beast's Roar,1,652,100
200000050,<Untyped Whip> [Standard] Endure,1,700,100
200000050,<Untyped Whip> [Standard] Quickstep,1,800,100
200000050,<Untyped Whip> [Standard] Bloodhound's Step,1,801,100
200000050,<Untyped Whip> [Standard] Raptor of the Mists,1,802,100
200000060,,1,502,100
200000060,,1,503,100
200000060,,1,506,100
200000060,,1,509,100
200000060,,1,600,100
200000060,,1,601,100
200000060,,1,652,100
200000060,,1,700,100
200000060,,1,800,100
200000060,,1,801,100
200000060,,1,802,100
200000100,<Elemental Whip> [Fire] Flame of the Redmanes,1,505,100
200000100,<Elemental Whip> [Lightning] Thunderbolt,1,216,100
200000100,<Elemental Whip> [Lightning] Lightning Ram,1,504,100
200000100,<Elemental Whip> [Holy] Golden Slam,1,507,100
200000100,<Elemental Whip> [Holy] Golden Vow,1,603,100
200000100,<Elemental Whip> [Holy] Sacred Order,1,604,100
200000100,<Elemental Whip> [Holy] Shared Order,1,605,100
200000100,<Elemental Whip> [Frost] Hoarfrost Stomp,1,501,100
200000100,<Elemental Whip> [Standard] White Shadow's Lure,1,850,100
200000110,,1,505,100
200000110,,1,216,100
200000110,,1,504,100
200000110,,1,507,100
200000110,,1,603,100
200000110,,1,604,100
200000110,,1,605,100
200000110,,1,501,100
200000110,,1,850,100
200000110,,1,502,100
200000110,,1,503,100
200000110,,1,506,100
200000110,,1,509,100
200000110,,1,600,100
200000110,,1,601,100
200000110,,1,652,100
200000110,,1,700,100
200000110,,1,800,100
200000110,,1,801,100
200000110,,1,802,100
200000500,<Fire Whip> [Fire] Flame of the Redmanes,1,505,100
200000510,,1,505,100
200000510,,1,502,100
200000510,,1,503,100
200000510,,1,506,100
200000510,,1,509,100
200000510,,1,600,100
200000510,,1,601,100
200000510,,1,652,100
200000510,,1,700,100
200000510,,1,800,100
200000510,,1,801,100
200000510,,1,802,100
200000600,<Lightning Whip> [Lightning] Thunderbolt,1,216,100
200000600,<Lightning Whip> [Lightning] Lightning Ram,1,504,100
200000610,,1,216,100
200000610,,1,504,100
200000610,,1,502,100
200000610,,1,503,100
200000610,,1,506,100
200000610,,1,509,100
200000610,,1,600,100
200000610,,1,601,100
200000610,,1,652,100
200000610,,1,700,100
200000610,,1,800,100
200000610,,1,801,100
200000610,,1,802,100
200000700,<Holy Whip> [Holy] Golden Slam,1,507,100
200000700,<Holy Whip> [Holy] Golden Vow,1,603,100
200000700,<Holy Whip> [Holy] Sacred Order,1,604,100
200000700,<Holy Whip> [Holy] Shared Order,1,605,100
200000710,,1,507,100
200000710,,1,603,100
200000710,,1,604,100
200000710,,1,605,100
200000710,,1,502,100
200000710,,1,503,100
200000710,,1,506,100
200000710,,1,509,100
200000710,,1,600,100
200000710,,1,601,100
200000710,,1,652,100
200000710,,1,700,100
200000710,,1,800,100
200000710,,1,801,100
200000710,,1,802,100
200000900,<Frost Whip> [Frost] Hoarfrost Stomp,1,501,100
200000910,,1,501,100
200000910,,1,502,100
200000910,,1,503,100
200000910,,1,506,100
200000910,,1,509,100
200000910,,1,600,100
200000910,,1,601,100
200000910,,1,652,100
200000910,,1,700,100
200000910,,1,800,100
200000910,,1,801,100
200000910,,1,802,100
200001200,<Shadow Whip> [Standard] White Shadow's Lure,1,850,100
200001210,,1,850,100
200001210,,1,502,100
200001210,,1,503,100
200001210,,1,506,100
200001210,,1,509,100
200001210,,1,600,100
200001210,,1,601,100
200001210,,1,652,100
200001210,,1,700,100
200001210,,1,800,100
200001210,,1,801,100
200001210,,1,802,100
201050000,<Table> [Standard] Storm Stomp,1,502,100
201050000,<Table> [Standard] Kick,1,503,100
201050000,<Table> [Standard] Ground Slam,1,506,100
201050000,<Table> [Standard] Hoarah Loux's Earthshaker,1,509,100
201050000,<Table> [Standard] Determination,1,600,100
201050000,<Table> [Standard] Royal Knight's Resolve,1,601,100
201050000,<Table> [Standard] Beast's Roar,1,652,100
201050000,<Table> [Standard] Endure,1,700,100
201050000,<Table> [Standard] Quickstep,1,800,100
201050000,<Table> [Standard] Bloodhound's Step,1,801,100
201050000,<Table> [Standard] Raptor of the Mists,1,802,100
201050010,,1,502,100
201050010,,1,503,100
201050010,,1,506,100
201050010,,1,509,100
201050010,,1,600,100
201050010,,1,601,100
201050010,,1,652,100
201050010,,1,700,100
201050010,,1,800,100
201050010,,1,801,100
201050010,,1,802,100
210000000,<Fist> [Standard] Parry,1,302,100
210000000,<Fist> [Standard] Storm Stomp,1,502,100
210000000,<Fist> [Standard] Kick,1,503,100
210000000,<Fist> [Standard] Ground Slam,1,506,100
210000000,<Fist> [Standard] Determination,1,600,100
210000000,<Fist> [Standard] Royal Knight's Resolve,1,601,100
210000000,<Fist> [Standard] Cragblade,1,607,100
210000000,<Fist> [Standard] Barbaric Roar,1,650,100
210000000,<Fist> [Standard] War Cry,1,651,100
210000000,<Fist> [Standard] Endure,1,700,100
210000000,<Fist> [Standard] Quickstep,1,800,100
210000000,<Fist> [Standard] Bloodhound's Step,1,801,100
210000000,<Fist> [Standard] Raptor of the Mists,1,802,100
210000000,<Fist> [Fire] Flame of the Redmanes,1,505,100
210000000,<Fist> [Lightning] Thunderbolt,1,216,100
210000000,<Fist> [Lightning] Lightning Ram,1,504,100
210000000,<Fist> [Holy] Golden Slam,1,507,100
210000000,<Fist> [Holy] Golden Vow,1,603,100
210000000,<Fist> [Holy] Sacred Order,1,604,100
210000000,<Fist> [Holy] Shared Order,1,605,100
210000000,<Fist> [Frost] Hoarfrost Stomp,1,501,100
210000000,<Fist> [Blood] Lifesteal Fist,1,205,100
210000010,,1,302,100
210000010,,1,502,100
210000010,,1,503,100
210000010,,1,506,100
210000010,,1,600,100
210000010,,1,601,100
210000010,,1,607,100
210000010,,1,650,100
210000010,,1,651,100
210000010,,1,700,100
210000010,,1,800,100
210000010,,1,801,100
210000010,,1,802,100
210000010,,1,505,100
210000010,,1,216,100
210000010,,1,504,100
210000010,,1,507,100
210000010,,1,603,100
210000010,,1,604,100
210000010,,1,605,100
210000010,,1,501,100
210000010,,1,205,100
210000050,<Untyped Fist> [Standard] Parry,1,302,100
210000050,<Untyped Fist> [Standard] Storm Stomp,1,502,100
210000050,<Untyped Fist> [Standard] Kick,1,503,100
210000050,<Untyped Fist> [Standard] Ground Slam,1,506,100
210000050,<Untyped Fist> [Standard] Determination,1,600,100
210000050,<Untyped Fist> [Standard] Royal Knight's Resolve,1,601,100
210000050,<Untyped Fist> [Standard] Cragblade,1,607,100
210000050,<Untyped Fist> [Standard] Barbaric Roar,1,650,100
210000050,<Untyped Fist> [Standard] War Cry,1,651,100
210000050,<Untyped Fist> [Standard] Endure,1,700,100
210000050,<Untyped Fist> [Standard] Quickstep,1,800,100
210000050,<Untyped Fist> [Standard] Bloodhound's Step,1,801,100
210000050,<Untyped Fist> [Standard] Raptor of the Mists,1,802,100
210000060,,1,302,100
210000060,,1,502,100
210000060,,1,503,100
210000060,,1,506,100
210000060,,1,600,100
210000060,,1,601,100
210000060,,1,607,100
210000060,,1,650,100
210000060,,1,651,100
210000060,,1,700,100
210000060,,1,800,100
210000060,,1,801,100
210000060,,1,802,100
210000100,<Elemental Fist> [Fire] Flame of the Redmanes,1,505,100
210000100,<Elemental Fist> [Lightning] Thunderbolt,1,216,100
210000100,<Elemental Fist> [Lightning] Lightning Ram,1,504,100
210000100,<Elemental Fist> [Holy] Golden Slam,1,507,100
210000100,<Elemental Fist> [Holy] Golden Vow,1,603,100
210000100,<Elemental Fist> [Holy] Sacred Order,1,604,100
210000100,<Elemental Fist> [Holy] Shared Order,1,605,100
210000100,<Elemental Fist> [Frost] Hoarfrost Stomp,1,501,100
210000100,<Elemental Fist> [Blood] Lifesteal Fist,1,205,100
210000110,,1,505,100
210000110,,1,216,100
210000110,,1,504,100
210000110,,1,507,100
210000110,,1,603,100
210000110,,1,604,100
210000110,,1,605,100
210000110,,1,501,100
210000110,,1,205,100
210000110,,1,302,100
210000110,,1,502,100
210000110,,1,503,100
210000110,,1,506,100
210000110,,1,600,100
210000110,,1,601,100
210000110,,1,607,100
210000110,,1,650,100
210000110,,1,651,100
210000110,,1,700,100
210000110,,1,800,100
210000110,,1,801,100
210000110,,1,802,100
210000500,<Fire Fist> [Fire] Flame of the Redmanes,1,505,100
210000510,,1,505,100
210000510,,1,302,100
210000510,,1,502,100
210000510,,1,503,100
210000510,,1,506,100
210000510,,1,600,100
210000510,,1,601,100
210000510,,1,607,100
210000510,,1,650,100
210000510,,1,651,100
210000510,,1,700,100
210000510,,1,800,100
210000510,,1,801,100
210000510,,1,802,100
210000600,<Lightning Fist> [Lightning] Thunderbolt,1,216,100
210000600,<Lightning Fist> [Lightning] Lightning Ram,1,504,100
210000610,,1,216,100
210000610,,1,504,100
210000610,,1,302,100
210000610,,1,502,100
210000610,,1,503,100
210000610,,1,506,100
210000610,,1,600,100
210000610,,1,601,100
210000610,,1,607,100
210000610,,1,650,100
210000610,,1,651,100
210000610,,1,700,100
210000610,,1,800,100
210000610,,1,801,100
210000610,,1,802,100
210000700,<Holy Fist> [Holy] Golden Slam,1,507,100
210000700,<Holy Fist> [Holy] Golden Vow,1,603,100
210000700,<Holy Fist> [Holy] Sacred Order,1,604,100
210000700,<Holy Fist> [Holy] Shared Order,1,605,100
210000710,,1,507,100
210000710,,1,603,100
210000710,,1,604,100
210000710,,1,605,100
210000710,,1,302,100
210000710,,1,502,100
210000710,,1,503,100
210000710,,1,506,100
210000710,,1,600,100
210000710,,1,601,100
210000710,,1,607,100
210000710,,1,650,100
210000710,,1,651,100
210000710,,1,700,100
210000710,,1,800,100
210000710,,1,801,100
210000710,,1,802,100
210000900,<Frost Fist> [Frost] Hoarfrost Stomp,1,501,100
210000910,,1,501,100
210000910,,1,302,100
210000910,,1,502,100
210000910,,1,503,100
210000910,,1,506,100
210000910,,1,600,100
210000910,,1,601,100
210000910,,1,607,100
210000910,,1,650,100
210000910,,1,651,100
210000910,,1,700,100
210000910,,1,800,100
210000910,,1,801,100
210000910,,1,802,100
210001100,<Blood Fist> [Blood] Lifesteal Fist,1,205,100
210001110,,1,205,100
210001110,,1,302,100
210001110,,1,502,100
210001110,,1,503,100
210001110,,1,506,100
210001110,,1,600,100
210001110,,1,601,100
210001110,,1,607,100
210001110,,1,650,100
210001110,,1,651,100
210001110,,1,700,100
210001110,,1,800,100
210001110,,1,801,100
210001110,,1,802,100
220000000,<Claw> [Standard] Parry,1,302,100
220000000,<Claw> [Standard] Storm Stomp,1,502,100
220000000,<Claw> [Standard] Kick,1,503,100
220000000,<Claw> [Standard] Ground Slam,1,506,100
220000000,<Claw> [Standard] Determination,1,600,100
220000000,<Claw> [Standard] Royal Knight's Resolve,1,601,100
220000000,<Claw> [Standard] Cragblade,1,607,100
220000000,<Claw> [Standard] Barbaric Roar,1,650,100
220000000,<Claw> [Standard] War Cry,1,651,100
220000000,<Claw> [Standard] Endure,1,700,100
220000000,<Claw> [Standard] Quickstep,1,800,100
220000000,<Claw> [Standard] Bloodhound's Step,1,801,100
220000000,<Claw> [Standard] Raptor of the Mists,1,802,100
220000000,<Claw> [Fire] Flame of the Redmanes,1,505,100
220000000,<Claw> [Lightning] Thunderbolt,1,216,100
220000000,<Claw> [Lightning] Lightning Ram,1,504,100
220000000,<Claw> [Holy] Golden Slam,1,507,100
220000000,<Claw> [Holy] Golden Vow,1,603,100
220000000,<Claw> [Holy] Sacred Order,1,604,100
220000000,<Claw> [Holy] Shared Order,1,605,100
220000000,<Claw> [Frost] Hoarfrost Stomp,1,501,100
220000000,<Claw> [Blood] Lifesteal Fist,1,205,100
220000010,,1,302,100
220000010,,1,502,100
220000010,,1,503,100
220000010,,1,506,100
220000010,,1,600,100
220000010,,1,601,100
220000010,,1,607,100
220000010,,1,650,100
220000010,,1,651,100
220000010,,1,700,100
220000010,,1,800,100
220000010,,1,801,100
220000010,,1,802,100
220000010,,1,505,100
220000010,,1,216,100
220000010,,1,504,100
220000010,,1,507,100
220000010,,1,603,100
220000010,,1,604,100
220000010,,1,605,100
220000010,,1,501,100
220000010,,1,205,100
220000050,<Untyped Claw> [Standard] Parry,1,302,100
220000050,<Untyped Claw> [Standard] Storm Stomp,1,502,100
220000050,<Untyped Claw> [Standard] Kick,1,503,100
220000050,<Untyped Claw> [Standard] Ground Slam,1,506,100
220000050,<Untyped Claw> [Standard] Determination,1,600,100
220000050,<Untyped Claw> [Standard] Royal Knight's Resolve,1,601,100
220000050,<Untyped Claw> [Standard] Cragblade,1,607,100
220000050,<Untyped Claw> [Standard] Barbaric Roar,1,650,100
220000050,<Untyped Claw> [Standard] War Cry,1,651,100
220000050,<Untyped Claw> [Standard] Endure,1,700,100
220000050,<Untyped Claw> [Standard] Quickstep,1,800,100
220000050,<Untyped Claw> [Standard] Bloodhound's Step,1,801,100
220000050,<Untyped Claw> [Standard] Raptor of the Mists,1,802,100
220000060,,1,302,100
220000060,,1,502,100
220000060,,1,503,100
220000060,,1,506,100
220000060,,1,600,100
220000060,,1,601,100
220000060,,1,607,100
220000060,,1,650,100
220000060,,1,651,100
220000060,,1,700,100
220000060,,1,800,100
220000060,,1,801,100
220000060,,1,802,100
220000100,<Elemental Claw> [Fire] Flame of the Redmanes,1,505,100
220000100,<Elemental Claw> [Lightning] Thunderbolt,1,216,100
220000100,<Elemental Claw> [Lightning] Lightning Ram,1,504,100
220000100,<Elemental Claw> [Holy] Golden Slam,1,507,100
220000100,<Elemental Claw> [Holy] Golden Vow,1,603,100
220000100,<Elemental Claw> [Holy] Sacred Order,1,604,100
220000100,<Elemental Claw> [Holy] Shared Order,1,605,100
220000100,<Elemental Claw> [Frost] Hoarfrost Stomp,1,501,100
220000100,<Elemental Claw> [Blood] Lifesteal Fist,1,205,100
220000110,,1,505,100
220000110,,1,216,100
220000110,,1,504,100
220000110,,1,507,100
220000110,,1,603,100
220000110,,1,604,100
220000110,,1,605,100
220000110,,1,501,100
220000110,,1,205,100
220000110,,1,302,100
220000110,,1,502,100
220000110,,1,503,100
220000110,,1,506,100
220000110,,1,600,100
220000110,,1,601,100
220000110,,1,607,100
220000110,,1,650,100
220000110,,1,651,100
220000110,,1,700,100
220000110,,1,800,100
220000110,,1,801,100
220000110,,1,802,100
220000500,<Fire Claw> [Fire] Flame of the Redmanes,1,505,100
220000510,,1,505,100
220000510,,1,302,100
220000510,,1,502,100
220000510,,1,503,100
220000510,,1,506,100
220000510,,1,600,100
220000510,,1,601,100
220000510,,1,607,100
220000510,,1,650,100
220000510,,1,651,100
220000510,,1,700,100
220000510,,1,800,100
220000510,,1,801,100
220000510,,1,802,100
220000600,<Lightning Claw> [Lightning] Thunderbolt,1,216,100
220000600,<Lightning Claw> [Lightning] Lightning Ram,1,504,100
220000610,,1,216,100
220000610,,1,504,100
220000610,,1,302,100
220000610,,1,502,100
220000610,,1,503,100
220000610,,1,506,100
220000610,,1,600,100
220000610,,1,601,100
220000610,,1,607,100
220000610,,1,650,100
220000610,,1,651,100
220000610,,1,700,100
220000610,,1,800,100
220000610,,1,801,100
220000610,,1,802,100
220000700,<Holy Claw> [Holy] Golden Slam,1,507,100
220000700,<Holy Claw> [Holy] Golden Vow,1,603,100
220000700,<Holy Claw> [Holy] Sacred Order,1,604,100
220000700,<Holy Claw> [Holy] Shared Order,1,605,100
220000710,,1,507,100
220000710,,1,603,100
220000710,,1,604,100
220000710,,1,605,100
220000710,,1,302,100
220000710,,1,502,100
220000710,,1,503,100
220000710,,1,506,100
220000710,,1,600,100
220000710,,1,601,100
220000710,,1,607,100
220000710,,1,650,100
220000710,,1,651,100
220000710,,1,700,100
220000710,,1,800,100
220000710,,1,801,100
220000710,,1,802,100
220000900,<Frost Claw> [Frost] Hoarfrost Stomp,1,501,100
220000910,,1,501,100
220000910,,1,302,100
220000910,,1,502,100
220000910,,1,503,100
220000910,,1,506,100
220000910,,1,600,100
220000910,,1,601,100
220000910,,1,607,100
220000910,,1,650,100
220000910,,1,651,100
220000910,,1,700,100
220000910,,1,800,100
220000910,,1,801,100
220000910,,1,802,100
220001100,<Blood Claw> [Blood] Lifesteal Fist,1,205,100
220001110,,1,205,100
220001110,,1,302,100
220001110,,1,502,100
220001110,,1,503,100
220001110,,1,506,100
220001110,,1,600,100
220001110,,1,601,100
220001110,,1,607,100
220001110,,1,650,100
220001110,,1,651,100
220001110,,1,700,100
220001110,,1,800,100
220001110,,1,801,100
220001110,,1,802,100
230000000,<Colossal Weapon> [Standard] Lion's Claw,1,100,100
230000000,<Colossal Weapon> [Standard] Stamp (Upward Cut),1,106,100
230000000,<Colossal Weapon> [Standard] Stamp (Sweep),1,107,100
230000000,<Colossal Weapon> [Standard] Earthshaker,1,212,100
230000000,<Colossal Weapon> [Standard] Storm Stomp,1,502,100
230000000,<Colossal Weapon> [Standard] Kick,1,503,100
230000000,<Colossal Weapon> [Standard] Ground Slam,1,506,100
230000000,<Colossal Weapon> [Standard] Hoarah Loux's Earthshaker,1,509,100
230000000,<Colossal Weapon> [Standard] Determination,1,600,100
230000000,<Colossal Weapon> [Standard] Royal Knight's Resolve,1,601,100
230000000,<Colossal Weapon> [Standard] Cragblade,1,607,100
230000000,<Colossal Weapon> [Standard] Barbaric Roar,1,650,100
230000000,<Colossal Weapon> [Standard] War Cry,1,651,100
230000000,<Colossal Weapon> [Standard] Beast's Roar,1,652,100
230000000,<Colossal Weapon> [Standard] Troll's Roar,1,653,100
230000000,<Colossal Weapon> [Standard] Braggart's Roar,1,654,100
230000000,<Colossal Weapon> [Standard] Endure,1,700,100
230000000,<Colossal Weapon> [Standard] Quickstep,1,800,100
230000000,<Colossal Weapon> [Standard] Bloodhound's Step,1,801,100
230000000,<Colossal Weapon> [Standard] Raptor of the Mists,1,802,100
230000000,<Colossal Weapon> [Fire] Eruption,1,207,100
230000000,<Colossal Weapon> [Fire] Flame of the Redmanes,1,505,100
230000000,<Colossal Weapon> [Fire] Prelate's Charge,1,113,100
230000000,<Colossal Weapon> [Lightning] Thunderbolt,1,216,100
230000000,<Colossal Weapon> [Lightning] Lightning Slash,1,217,100
230000000,<Colossal Weapon> [Lightning] Lightning Ram,1,504,100
230000000,<Colossal Weapon> [Holy] Sacred Blade,1,201,100
230000000,<Colossal Weapon> [Holy] Prayerful Strike,1,208,100
230000000,<Colossal Weapon> [Holy] Golden Land,1,213,100
230000000,<Colossal Weapon> [Holy] Golden Slam,1,507,100
230000000,<Colossal Weapon> [Holy] Golden Vow,1,603,100
230000000,<Colossal Weapon> [Holy] Sacred Order,1,604,100
230000000,<Colossal Weapon> [Holy] Shared Order,1,605,100
230000000,<Colossal Weapon> [Magic] Gravitas,1,209,100
230000000,<Colossal Weapon> [Magic] Waves of Darkness,1,508,100
230000000,<Colossal Weapon> [Frost] Chilling Mist,1,227,100
230000000,<Colossal Weapon> [Frost] Hoarfrost Stomp,1,501,100
230000000,<Colossal Weapon> [Poison] Poisonous Mist,1,228,100
230000000,<Colossal Weapon> [Standard] White Shadow's Lure,1,850,100
230000010,,1,100,100
230000010,,1,106,100
230000010,,1,107,100
230000010,,1,212,100
230000010,,1,502,100
230000010,,1,503,100
230000010,,1,506,100
230000010,,1,509,100
230000010,,1,600,100
230000010,,1,601,100
230000010,,1,607,100
230000010,,1,650,100
230000010,,1,651,100
230000010,,1,652,100
230000010,,1,653,100
230000010,,1,654,100
230000010,,1,700,100
230000010,,1,800,100
230000010,,1,801,100
230000010,,1,802,100
230000010,,1,207,100
230000010,,1,505,100
230000010,,1,113,100
230000010,,1,216,100
230000010,,1,217,100
230000010,,1,504,100
230000010,,1,201,100
230000010,,1,208,100
230000010,,1,213,100
230000010,,1,507,100
230000010,,1,603,100
230000010,,1,604,100
230000010,,1,605,100
230000010,,1,209,100
230000010,,1,508,100
230000010,,1,227,100
230000010,,1,501,100
230000010,,1,228,100
230000010,,1,850,100
230000050,<Untyped Colossal Weapon> [Standard] Lion's Claw,1,100,100
230000050,<Untyped Colossal Weapon> [Standard] Stamp (Upward Cut),1,106,100
230000050,<Untyped Colossal Weapon> [Standard] Stamp (Sweep),1,107,100
230000050,<Untyped Colossal Weapon> [Standard] Earthshaker,1,212,100
230000050,<Untyped Colossal Weapon> [Standard] Storm Stomp,1,502,100
230000050,<Untyped Colossal Weapon> [Standard] Kick,1,503,100
230000050,<Untyped Colossal Weapon> [Standard] Ground Slam,1,506,100
230000050,<Untyped Colossal Weapon> [Standard] Hoarah Loux's Earthshaker,1,509,100
230000050,<Untyped Colossal Weapon> [Standard] Determination,1,600,100
230000050,<Untyped Colossal Weapon> [Standard] Royal Knight's Resolve,1,601,100
230000050,<Untyped Colossal Weapon> [Standard] Cragblade,1,607,100
230000050,<Untyped Colossal Weapon> [Standard] Barbaric Roar,1,650,100
230000050,<Untyped Colossal Weapon> [Standard] War Cry,1,651,100
230000050,<Untyped Colossal Weapon> [Standard] Beast's Roar,1,652,100
230000050,<Untyped Colossal Weapon> [Standard] Troll's Roar,1,653,100
230000050,<Untyped Colossal Weapon> [Standard] Braggart's Roar,1,654,100
230000050,<Untyped Colossal Weapon> [Standard] Endure,1,700,100
230000050,<Untyped Colossal Weapon> [Standard] Quickstep,1,800,100
230000050,<Untyped Colossal Weapon> [Standard] Bloodhound's Step,1,801,100
230000050,<Untyped Colossal Weapon> [Standard] Raptor of the Mists,1,802,100
230000060,,1,100,100
230000060,,1,106,100
230000060,,1,107,100
230000060,,1,212,100
230000060,,1,502,100
230000060,,1,503,100
230000060,,1,506,100
230000060,,1,509,100
230000060,,1,600,100
230000060,,1,601,100
230000060,,1,607,100
230000060,,1,650,100
230000060,,1,651,100
230000060,,1,652,100
230000060,,1,653,100
230000060,,1,654,100
230000060,,1,700,100
230000060,,1,800,100
230000060,,1,801,100
230000060,,1,802,100
230000100,<Elemental Colossal Weapon> [Fire] Eruption,1,207,100
230000100,<Elemental Colossal Weapon> [Fire] Flame of the Redmanes,1,505,100
230000100,<Elemental Colossal Weapon> [Fire] Prelate's Charge,1,113,100
230000100,<Elemental Colossal Weapon> [Lightning] Thunderbolt,1,216,100
230000100,<Elemental Colossal Weapon> [Lightning] Lightning Slash,1,217,100
230000100,<Elemental Colossal Weapon> [Lightning] Lightning Ram,1,504,100
230000100,<Elemental Colossal Weapon> [Holy] Sacred Blade,1,201,100
230000100,<Elemental Colossal Weapon> [Holy] Prayerful Strike,1,208,100
230000100,<Elemental Colossal Weapon> [Holy] Golden Land,1,213,100
230000100,<Elemental Colossal Weapon> [Holy] Golden Slam,1,507,100
230000100,<Elemental Colossal Weapon> [Holy] Golden Vow,1,603,100
230000100,<Elemental Colossal Weapon> [Holy] Sacred Order,1,604,100
230000100,<Elemental Colossal Weapon> [Holy] Shared Order,1,605,100
230000100,<Elemental Colossal Weapon> [Magic] Gravitas,1,209,100
230000100,<Elemental Colossal Weapon> [Magic] Waves of Darkness,1,508,100
230000100,<Elemental Colossal Weapon> [Frost] Chilling Mist,1,227,100
230000100,<Elemental Colossal Weapon> [Frost] Hoarfrost Stomp,1,501,100
230000100,<Elemental Colossal Weapon> [Poison] Poisonous Mist,1,228,100
230000100,<Elemental Colossal Weapon> [Standard] White Shadow's Lure,1,850,100
230000110,,1,207,100
230000110,,1,505,100
230000110,,1,113,100
230000110,,1,216,100
230000110,,1,217,100
230000110,,1,504,100
230000110,,1,201,100
230000110,,1,208,100
230000110,,1,213,100
230000110,,1,507,100
230000110,,1,603,100
230000110,,1,604,100
230000110,,1,605,100
230000110,,1,209,100
230000110,,1,508,100
230000110,,1,227,100
230000110,,1,501,100
230000110,,1,228,100
230000110,,1,850,100
230000110,,1,100,100
230000110,,1,106,100
230000110,,1,107,100
230000110,,1,212,100
230000110,,1,502,100
230000110,,1,503,100
230000110,,1,506,100
230000110,,1,509,100
230000110,,1,600,100
230000110,,1,601,100
230000110,,1,607,100
230000110,,1,650,100
230000110,,1,651,100
230000110,,1,652,100
230000110,,1,653,100
230000110,,1,654,100
230000110,,1,700,100
230000110,,1,800,100
230000110,,1,801,100
230000110,,1,802,100
230000500,<Fire Colossal Weapon> [Fire] Eruption,1,207,100
230000500,<Fire Colossal Weapon> [Fire] Flame of the Redmanes,1,505,100
230000500,<Fire Colossal Weapon> [Fire] Prelate's Charge,1,113,100
230000510,,1,207,100
230000510,,1,505,100
230000510,,1,113,100
230000510,,1,100,100
230000510,,1,106,100
230000510,,1,107,100
230000510,,1,212,100
230000510,,1,502,100
230000510,,1,503,100
230000510,,1,506,100
230000510,,1,509,100
230000510,,1,600,100
230000510,,1,601,100
230000510,,1,607,100
230000510,,1,650,100
230000510,,1,651,100
230000510,,1,652,100
230000510,,1,653,100
230000510,,1,654,100
230000510,,1,700,100
230000510,,1,800,100
230000510,,1,801,100
230000510,,1,802,100
230000600,<Lightning Colossal Weapon> [Lightning] Thunderbolt,1,216,100
230000600,<Lightning Colossal Weapon> [Lightning] Lightning Slash,1,217,100
230000600,<Lightning Colossal Weapon> [Lightning] Lightning Ram,1,504,100
230000610,,1,216,100
230000610,,1,217,100
230000610,,1,504,100
230000610,,1,100,100
230000610,,1,106,100
230000610,,1,107,100
230000610,,1,212,100
230000610,,1,502,100
230000610,,1,503,100
230000610,,1,506,100
230000610,,1,509,100
230000610,,1,600,100
230000610,,1,601,100
230000610,,1,607,100
230000610,,1,650,100
230000610,,1,651,100
230000610,,1,652,100
230000610,,1,653,100
230000610,,1,654,100
230000610,,1,700,100
230000610,,1,800,100
230000610,,1,801,100
230000610,,1,802,100
230000700,<Holy Colossal Weapon> [Holy] Sacred Blade,1,201,100
230000700,<Holy Colossal Weapon> [Holy] Prayerful Strike,1,208,100
230000700,<Holy Colossal Weapon> [Holy] Golden Land,1,213,100
230000700,<Holy Colossal Weapon> [Holy] Golden Slam,1,507,100
230000700,<Holy Colossal Weapon> [Holy] Golden Vow,1,603,100
230000700,<Holy Colossal Weapon> [Holy] Sacred Order,1,604,100
230000700,<Holy Colossal Weapon> [Holy] Shared Order,1,605,100
230000710,,1,201,100
230000710,,1,208,100
230000710,,1,213,100
230000710,,1,507,100
230000710,,1,603,100
230000710,,1,604,100
230000710,,1,605,100
230000710,,1,100,100
230000710,,1,106,100
230000710,,1,107,100
230000710,,1,212,100
230000710,,1,502,100
230000710,,1,503,100
230000710,,1,506,100
230000710,,1,509,100
230000710,,1,600,100
230000710,,1,601,100
230000710,,1,607,100
230000710,,1,650,100
230000710,,1,651,100
230000710,,1,652,100
230000710,,1,653,100
230000710,,1,654,100
230000710,,1,700,100
230000710,,1,800,100
230000710,,1,801,100
230000710,,1,802,100
230000800,<Magic Colossal Weapon> [Magic] Gravitas,1,209,100
230000800,<Magic Colossal Weapon> [Magic] Waves of Darkness,1,508,100
230000810,,1,209,100
230000810,,1,508,100
230000810,,1,100,100
230000810,,1,106,100
230000810,,1,107,100
230000810,,1,212,100
230000810,,1,502,100
230000810,,1,503,100
230000810,,1,506,100
230000810,,1,509,100
230000810,,1,600,100
230000810,,1,601,100
230000810,,1,607,100
230000810,,1,650,100
230000810,,1,651,100
230000810,,1,652,100
230000810,,1,653,100
230000810,,1,654,100
230000810,,1,700,100
230000810,,1,800,100
230000810,,1,801,100
230000810,,1,802,100
230000900,<Frost Colossal Weapon> [Frost] Chilling Mist,1,227,100
230000900,<Frost Colossal Weapon> [Frost] Hoarfrost Stomp,1,501,100
230000910,,1,227,100
230000910,,1,501,100
230000910,,1,100,100
230000910,,1,106,100
230000910,,1,107,100
230000910,,1,212,100
230000910,,1,502,100
230000910,,1,503,100
230000910,,1,506,100
230000910,,1,509,100
230000910,,1,600,100
230000910,,1,601,100
230000910,,1,607,100
230000910,,1,650,100
230000910,,1,651,100
230000910,,1,652,100
230000910,,1,653,100
230000910,,1,654,100
230000910,,1,700,100
230000910,,1,800,100
230000910,,1,801,100
230000910,,1,802,100
230001000,<Poison Colossal Weapon> [Poison] Poisonous Mist,1,228,100
230001010,,1,228,100
230001010,,1,100,100
230001010,,1,106,100
230001010,,1,107,100
230001010,,1,212,100
230001010,,1,502,100
230001010,,1,503,100
230001010,,1,506,100
230001010,,1,509,100
230001010,,1,600,100
230001010,,1,601,100
230001010,,1,607,100
230001010,,1,650,100
230001010,,1,651,100
230001010,,1,652,100
230001010,,1,653,100
230001010,,1,654,100
230001010,,1,700,100
230001010,,1,800,100
230001010,,1,801,100
230001010,,1,802,100
230001200,<Shadow Colossal Weapon> [Standard] White Shadow's Lure,1,850,100
230001210,,1,850,100
230001210,,1,100,100
230001210,,1,106,100
230001210,,1,107,100
230001210,,1,212,100
230001210,,1,502,100
230001210,,1,503,100
230001210,,1,506,100
230001210,,1,509,100
230001210,,1,600,100
230001210,,1,601,100
230001210,,1,607,100
230001210,,1,650,100
230001210,,1,651,100
230001210,,1,652,100
230001210,,1,653,100
230001210,,1,654,100
230001210,,1,700,100
230001210,,1,800,100
230001210,,1,801,100
230001210,,1,802,100
230060000,<Table> [Standard] Lion's Claw,1,100,100
230060000,<Table> [Standard] Stamp (Upward Cut),1,106,100
230060000,<Table> [Standard] Stamp (Sweep),1,107,100
230060000,<Table> [Standard] Earthshaker,1,212,100
230060000,<Table> [Standard] Storm Stomp,1,502,100
230060000,<Table> [Standard] Kick,1,503,100
230060000,<Table> [Standard] Ground Slam,1,506,100
230060000,<Table> [Standard] Hoarah Loux's Earthshaker,1,509,100
230060000,<Table> [Standard] Determination,1,600,100
230060000,<Table> [Standard] Royal Knight's Resolve,1,601,100
230060000,<Table> [Standard] Cragblade,1,607,100
230060000,<Table> [Standard] Barbaric Roar,1,650,100
230060000,<Table> [Standard] War Cry,1,651,100
230060000,<Table> [Standard] Beast's Roar,1,652,100
230060000,<Table> [Standard] Troll's Roar,1,653,100
230060000,<Table> [Standard] Braggart's Roar,1,654,100
230060000,<Table> [Standard] Endure,1,700,100
230060000,<Table> [Standard] Quickstep,1,800,100
230060000,<Table> [Standard] Bloodhound's Step,1,801,100
230060000,<Table> [Standard] Raptor of the Mists,1,802,100
230060000,<Table> [Lightning] Thunderbolt,1,216,100
230060000,<Table> [Lightning] Lightning Slash,1,217,100
230060000,<Table> [Lightning] Lightning Ram,1,504,100
230060010,,1,100,100
230060010,,1,106,100
230060010,,1,107,100
230060010,,1,212,100
230060010,,1,502,100
230060010,,1,503,100
230060010,,1,506,100
230060010,,1,509,100
230060010,,1,600,100
230060010,,1,601,100
230060010,,1,607,100
230060010,,1,650,100
230060010,,1,651,100
230060010,,1,652,100
230060010,,1,653,100
230060010,,1,654,100
230060010,,1,700,100
230060010,,1,800,100
230060010,,1,801,100
230060010,,1,802,100
230060010,,1,216,100
230060010,,1,217,100
230060010,,1,504,100
230060050,<Table> [Standard] Lion's Claw,1,100,100
230060050,<Table> [Standard] Stamp (Upward Cut),1,106,100
230060050,<Table> [Standard] Stamp (Sweep),1,107,100
230060050,<Table> [Standard] Earthshaker,1,212,100
230060050,<Table> [Standard] Storm Stomp,1,502,100
230060050,<Table> [Standard] Kick,1,503,100
230060050,<Table> [Standard] Ground Slam,1,506,100
230060050,<Table> [Standard] Hoarah Loux's Earthshaker,1,509,100
230060050,<Table> [Standard] Determination,1,600,100
230060050,<Table> [Standard] Royal Knight's Resolve,1,601,100
230060050,<Table> [Standard] Cragblade,1,607,100
230060050,<Table> [Standard] Barbaric Roar,1,650,100
230060050,<Table> [Standard] War Cry,1,651,100
230060050,<Table> [Standard] Beast's Roar,1,652,100
230060050,<Table> [Standard] Troll's Roar,1,653,100
230060050,<Table> [Standard] Braggart's Roar,1,654,100
230060050,<Table> [Standard] Endure,1,700,100
230060050,<Table> [Standard] Quickstep,1,800,100
230060050,<Table> [Standard] Bloodhound's Step,1,801,100
230060050,<Table> [Standard] Raptor of the Mists,1,802,100
230060060,,1,100,100
230060060,,1,106,100
230060060,,1,107,100
230060060,,1,212,100
230060060,,1,502,100
230060060,,1,503,100
230060060,,1,506,100
230060060,,1,509,100
230060060,,1,600,100
230060060,,1,601,100
230060060,,1,607,100
230060060,,1,650,100
230060060,,1,651,100
230060060,,1,652,100
230060060,,1,653,100
230060060,,1,654,100
230060060,,1,700,100
230060060,,1,800,100
230060060,,1,801,100
230060060,,1,802,100
230060600,<Table> [Lightning] Thunderbolt,1,216,100
230060600,<Table> [Lightning] Lightning Slash,1,217,100
230060600,<Table> [Lightning] Lightning Ram,1,504,100
230060610,,1,216,100
230060610,,1,217,100
230060610,,1,504,100
230060610,,1,100,100
230060610,,1,106,100
230060610,,1,107,100
230060610,,1,212,100
230060610,,1,502,100
230060610,,1,503,100
230060610,,1,506,100
230060610,,1,509,100
230060610,,1,600,100
230060610,,1,601,100
230060610,,1,607,100
230060610,,1,650,100
230060610,,1,651,100
230060610,,1,652,100
230060610,,1,653,100
230060610,,1,654,100
230060610,,1,700,100
230060610,,1,800,100
230060610,,1,801,100
230060610,,1,802,100
231300000,<Table> [Standard] Lion's Claw,1,100,100
231300000,<Table> [Standard] Stamp (Upward Cut),1,106,100
231300000,<Table> [Standard] Stamp (Sweep),1,107,100
231300000,<Table> [Standard] Earthshaker,1,212,100
231300000,<Table> [Standard] Storm Stomp,1,502,100
231300000,<Table> [Standard] Kick,1,503,100
231300000,<Table> [Standard] Ground Slam,1,506,100
231300000,<Table> [Standard] Hoarah Loux's Earthshaker,1,509,100
231300000,<Table> [Standard] Determination,1,600,100
231300000,<Table> [Standard] Royal Knight's Resolve,1,601,100
231300000,<Table> [Standard] Cragblade,1,607,100
231300000,<Table> [Standard] Barbaric Roar,1,650,100
231300000,<Table> [Standard] War Cry,1,651,100
231300000,<Table> [Standard] Beast's Roar,1,652,100
231300000,<Table> [Standard] Troll's Roar,1,653,100
231300000,<Table> [Standard] Braggart's Roar,1,654,100
231300000,<Table> [Standard] Endure,1,700,100
231300000,<Table> [Standard] Quickstep,1,800,100
231300000,<Table> [Standard] Bloodhound's Step,1,801,100
231300000,<Table> [Standard] Raptor of the Mists,1,802,100
231300000,<Table> [Fire] Eruption,1,207,100
231300000,<Table> [Fire] Flame of the Redmanes,1,505,100
231300000,<Table> [Fire] Prelate's Charge,1,113,100
231300010,,1,100,100
231300010,,1,106,100
231300010,,1,107,100
231300010,,1,212,100
231300010,,1,502,100
231300010,,1,503,100
231300010,,1,506,100
231300010,,1,509,100
231300010,,1,600,100
231300010,,1,601,100
231300010,,1,607,100
231300010,,1,650,100
231300010,,1,651,100
231300010,,1,652,100
231300010,,1,653,100
231300010,,1,654,100
231300010,,1,700,100
231300010,,1,800,100
231300010,,1,801,100
231300010,,1,802,100
231300010,,1,207,100
231300010,,1,505,100
231300010,,1,113,100
231300050,<Table> [Standard] Lion's Claw,1,100,100
231300050,<Table> [Standard] Stamp (Upward Cut),1,106,100
231300050,<Table> [Standard] Stamp (Sweep),1,107,100
231300050,<Table> [Standard] Earthshaker,1,212,100
231300050,<Table> [Standard] Storm Stomp,1,502,100
231300050,<Table> [Standard] Kick,1,503,100
231300050,<Table> [Standard] Ground Slam,1,506,100
231300050,<Table> [Standard] Hoarah Loux's Earthshaker,1,509,100
231300050,<Table> [Standard] Determination,1,600,100
231300050,<Table> [Standard] Royal Knight's Resolve,1,601,100
231300050,<Table> [Standard] Cragblade,1,607,100
231300050,<Table> [Standard] Barbaric Roar,1,650,100
231300050,<Table> [Standard] War Cry,1,651,100
231300050,<Table> [Standard] Beast's Roar,1,652,100
231300050,<Table> [Standard] Troll's Roar,1,653,100
231300050,<Table> [Standard] Braggart's Roar,1,654,100
231300050,<Table> [Standard] Endure,1,700,100
231300050,<Table> [Standard] Quickstep,1,800,100
231300050,<Table> [Standard] Bloodhound's Step,1,801,100
231300050,<Table> [Standard] Raptor of the Mists,1,802,100
231300060,,1,100,100
231300060,,1,106,100
231300060,,1,107,100
231300060,,1,212,100
231300060,,1,502,100
231300060,,1,503,100
231300060,,1,506,100
231300060,,1,509,100
231300060,,1,600,100
231300060,,1,601,100
231300060,,1,607,100
231300060,,1,650,100
231300060,,1,651,100
231300060,,1,652,100
231300060,,1,653,100
231300060,,1,654,100
231300060,,1,700,100
231300060,,1,800,100
231300060,,1,801,100
231300060,,1,802,100
231300500,<Table> [Fire] Eruption,1,207,100
231300500,<Table> [Fire] Flame of the Redmanes,1,505,100
231300500,<Table> [Fire] Prelate's Charge,1,113,100
231300510,,1,207,100
231300510,,1,505,100
231300510,,1,113,100
231300510,,1,100,100
231300510,,1,106,100
231300510,,1,107,100
231300510,,1,212,100
231300510,,1,502,100
231300510,,1,503,100
231300510,,1,506,100
231300510,,1,509,100
231300510,,1,600,100
231300510,,1,601,100
231300510,,1,607,100
231300510,,1,650,100
231300510,,1,651,100
231300510,,1,652,100
231300510,,1,653,100
231300510,,1,654,100
231300510,,1,700,100
231300510,,1,800,100
231300510,,1,801,100
231300510,,1,802,100
240000000,<Torch> [Standard] No Skill,1,10,50
240000000,<Torch> [Standard] Torch Attack,1,117,100
240000010,,1,10,50
240000010,,1,117,100
300000000,<Small Shield> [Standard] No Skill,1,10,100
300000000,<Small Shield> [Standard] Shield Bash,1,300,100
300000000,<Small Shield> [Standard] Barricade Shield,1,301,100
300000000,<Small Shield> [Standard] Parry,1,302,100
300000000,<Small Shield> [Standard] Storm Wall,1,306,100
300000000,<Small Shield> [Standard] Shield Crash,1,308,100
300000000,<Small Shield> [Standard] Buckler Parry,1,303,100
300000000,<Small Shield> [Holy] Golden Parry,1,307,100
300000000,<Small Shield> [Holy] Vow of the Indomitable,1,701,100
300000000,<Small Shield> [Holy] Holy Ground,1,702,100
300000000,<Small Shield> [Magic] Carian Retaliation,1,305,100
300000000,<Small Shield> [Magic] Thops's Barrier,1,309,100
300000010,,1,10,100
300000010,,1,300,100
300000010,,1,301,100
300000010,,1,302,100
300000010,,1,306,100
300000010,,1,308,100
300000010,,1,303,100
300000010,,1,307,100
300000010,,1,701,100
300000010,,1,702,100
300000010,,1,305,100
300000010,,1,309,100
300000050,<Untyped Small Shield> [Standard] No Skill,1,10,100
300000050,<Untyped Small Shield> [Standard] Shield Bash,1,300,100
300000050,<Untyped Small Shield> [Standard] Barricade Shield,1,301,100
300000050,<Untyped Small Shield> [Standard] Parry,1,302,100
300000050,<Untyped Small Shield> [Standard] Storm Wall,1,306,100
300000050,<Untyped Small Shield> [Standard] Shield Crash,1,308,100
300000050,<Untyped Small Shield> [Standard] Buckler Parry,1,303,100
300000060,,1,10,100
300000060,,1,300,100
300000060,,1,301,100
300000060,,1,302,100
300000060,,1,306,100
300000060,,1,308,100
300000060,,1,303,100
300000100,<Elemental Small Shield> [Holy] Golden Parry,1,307,100
300000100,<Elemental Small Shield> [Holy] Vow of the Indomitable,1,701,100
300000100,<Elemental Small Shield> [Holy] Holy Ground,1,702,100
300000100,<Elemental Small Shield> [Magic] Carian Retaliation,1,305,100
300000100,<Elemental Small Shield> [Magic] Thops's Barrier,1,309,100
300000110,,1,307,100
300000110,,1,701,100
300000110,,1,702,100
300000110,,1,305,100
300000110,,1,309,100
300000110,,1,10,100
300000110,,1,300,100
300000110,,1,301,100
300000110,,1,302,100
300000110,,1,306,100
300000110,,1,308,100
300000110,,1,303,100
300000700,<Holy Small Shield> [Holy] Golden Parry,1,307,100
300000700,<Holy Small Shield> [Holy] Vow of the Indomitable,1,701,100
300000700,<Holy Small Shield> [Holy] Holy Ground,1,702,100
300000710,,1,307,100
300000710,,1,701,100
300000710,,1,702,100
300000710,,1,10,100
300000710,,1,300,100
300000710,,1,301,100
300000710,,1,302,100
300000710,,1,306,100
300000710,,1,308,100
300000710,,1,303,100
300000800,<Magic Small Shield> [Magic] Carian Retaliation,1,305,100
300000800,<Magic Small Shield> [Magic] Thops's Barrier,1,309,100
300000810,,1,305,100
300000810,,1,309,100
300000810,,1,10,100
300000810,,1,300,100
300000810,,1,301,100
300000810,,1,302,100
300000810,,1,306,100
300000810,,1,308,100
300000810,,1,303,100
301150000,<Table> [Standard] No Skill,1,10,100
301150000,<Table> [Standard] Shield Bash,1,300,100
301150000,<Table> [Standard] Barricade Shield,1,301,100
301150000,<Table> [Standard] Parry,1,302,100
301150000,<Table> [Standard] Storm Wall,1,306,100
301150000,<Table> [Standard] Shield Crash,1,308,100
301150000,<Table> [Standard] Buckler Parry,1,303,100
301150010,,1,10,100
301150010,,1,300,100
301150010,,1,301,100
301150010,,1,302,100
301150010,,1,306,100
301150010,,1,308,100
301150010,,1,303,100
310000000,<Medium Shield> [Standard] No Skill,1,10,100
310000000,<Medium Shield> [Standard] Shield Bash,1,300,100
310000000,<Medium Shield> [Standard] Barricade Shield,1,301,100
310000000,<Medium Shield> [Standard] Parry,1,302,100
310000000,<Medium Shield> [Standard] Storm Wall,1,306,100
310000000,<Medium Shield> [Standard] Shield Crash,1,308,100
310000000,<Medium Shield> [Holy] Golden Parry,1,307,100
310000000,<Medium Shield> [Holy] Vow of the Indomitable,1,701,100
310000000,<Medium Shield> [Holy] Holy Ground,1,702,100
310000000,<Medium Shield> [Magic] Carian Retaliation,1,305,100
310000000,<Medium Shield> [Magic] Thops's Barrier,1,309,100
310000010,,1,10,100
310000010,,1,300,100
310000010,,1,301,100
310000010,,1,302,100
310000010,,1,306,100
310000010,,1,308,100
310000010,,1,307,100
310000010,,1,701,100
310000010,,1,702,100
310000010,,1,305,100
310000010,,1,309,100
310000050,<Untyped Medium Shield> [Standard] No Skill,1,10,100
310000050,<Untyped Medium Shield> [Standard] Shield Bash,1,300,100
310000050,<Untyped Medium Shield> [Standard] Barricade Shield,1,301,100
310000050,<Untyped Medium Shield> [Standard] Parry,1,302,100
310000050,<Untyped Medium Shield> [Standard] Storm Wall,1,306,100
310000050,<Untyped Medium Shield> [Standard] Shield Crash,1,308,100
310000060,,1,10,100
310000060,,1,300,100
310000060,,1,301,100
310000060,,1,302,100
310000060,,1,306,100
310000060,,1,308,100
310000100,<Elemental Medium Shield> [Holy] Golden Parry,1,307,100
310000100,<Elemental Medium Shield> [Holy] Vow of the Indomitable,1,701,100
310000100,<Elemental Medium Shield> [Holy] Holy Ground,1,702,100
310000100,<Elemental Medium Shield> [Magic] Carian Retaliation,1,305,100
310000100,<Elemental Medium Shield> [Magic] Thops's Barrier,1,309,100
310000110,,1,307,100
310000110,,1,701,100
310000110,,1,702,100
310000110,,1,305,100
310000110,,1,309,100
310000110,,1,10,100
310000110,,1,300,100
310000110,,1,301,100
310000110,,1,302,100
310000110,,1,306,100
310000110,,1,308,100
310000700,<Holy Medium Shield> [Holy] Golden Parry,1,307,100
310000700,<Holy Medium Shield> [Holy] Vow of the Indomitable,1,701,100
310000700,<Holy Medium Shield> [Holy] Holy Ground,1,702,100
310000710,,1,307,100
310000710,,1,701,100
310000710,,1,702,100
310000710,,1,10,100
310000710,,1,300,100
310000710,,1,301,100
310000710,,1,302,100
310000710,,1,306,100
310000710,,1,308,100
310000800,<Magic Medium Shield> [Magic] Carian Retaliation,1,305,100
310000800,<Magic Medium Shield> [Magic] Thops's Barrier,1,309,100
310000810,,1,305,100
310000810,,1,309,100
310000810,,1,10,100
310000810,,1,300,100
310000810,,1,301,100
310000810,,1,302,100
310000810,,1,306,100
310000810,,1,308,100
311060000,<Table> [Standard] No Skill,1,10,100
311060000,<Table> [Standard] Shield Bash,1,300,100
311060000,<Table> [Standard] Barricade Shield,1,301,100
311060000,<Table> [Standard] Parry,1,302,100
311060000,<Table> [Standard] Storm Wall,1,306,100
311060000,<Table> [Standard] Shield Crash,1,308,100
311060000,<Table> [Magic] Carian Retaliation,1,305,100
311060000,<Table> [Magic] Thops's Barrier,1,309,100
311060010,,1,10,100
311060010,,1,300,100
311060010,,1,301,100
311060010,,1,302,100
311060010,,1,306,100
311060010,,1,308,100
311060010,,1,305,100
311060010,,1,309,100
311060050,<Table> [Standard] No Skill,1,10,100
311060050,<Table> [Standard] Shield Bash,1,300,100
311060050,<Table> [Standard] Barricade Shield,1,301,100
311060050,<Table> [Standard] Parry,1,302,100
311060050,<Table> [Standard] Storm Wall,1,306,100
311060050,<Table> [Standard] Shield Crash,1,308,100
311060060,,1,10,100
311060060,,1,300,100
311060060,,1,301,100
311060060,,1,302,100
311060060,,1,306,100
311060060,,1,308,100
311060100,<Table> [Magic] Carian Retaliation,1,305,100
311060100,<Table> [Magic] Thops's Barrier,1,309,100
311060110,,1,305,100
311060110,,1,309,100
311060110,,1,10,100
311060110,,1,300,100
311060110,,1,301,100
311060110,,1,302,100
311060110,,1,306,100
311060110,,1,308,100
320000000,<Greatshield> [Standard] No Skill,1,10,100
320000000,<Greatshield> [Standard] Shield Bash,1,300,100
320000000,<Greatshield> [Standard] Barricade Shield,1,301,100
320000000,<Greatshield> [Standard] Shield Crash,1,308,100
320000000,<Greatshield> [Holy] Vow of the Indomitable,1,701,100
320000000,<Greatshield> [Holy] Holy Ground,1,702,100
320000010,,1,10,100
320000010,,1,300,100
320000010,,1,301,100
320000010,,1,308,100
320000010,,1,701,100
320000010,,1,702,100
320000050,<Untyped Greatshield> [Standard] No Skill,1,10,100
320000050,<Untyped Greatshield> [Standard] Shield Bash,1,300,100
320000050,<Untyped Greatshield> [Standard] Barricade Shield,1,301,100
320000050,<Untyped Greatshield> [Standard] Shield Crash,1,308,100
320000060,,1,10,100
320000060,,1,300,100
320000060,,1,301,100
320000060,,1,308,100
320000100,<Elemental Greatshield> [Holy] Vow of the Indomitable,1,701,100
320000100,<Elemental Greatshield> [Holy] Holy Ground,1,702,100
320000110,,1,701,100
320000110,,1,702,100
320000110,,1,10,100
320000110,,1,300,100
320000110,,1,301,100
320000110,,1,308,100
321040000,<Table> [Standard] No Skill,1,10,100
321040000,<Table> [Standard] Shield Bash,1,300,100
321040000,<Table> [Standard] Barricade Shield,1,301,100
321040000,<Table> [Standard] Shield Crash,1,308,100
321040000,<Table> [Holy] Vow of the Indomitable,1,701,100
321040000,<Table> [Holy] Holy Ground,1,702,100
321040010,,1,10,100
321040010,,1,300,100
321040010,,1,301,100
321040010,,1,308,100
321040010,,1,701,100
321040010,,1,702,100
321040050,<Table> [Standard] No Skill,1,10,100
321040050,<Table> [Standard] Shield Bash,1,300,100
321040050,<Table> [Standard] Barricade Shield,1,301,100
321040050,<Table> [Standard] Shield Crash,1,308,100
321040060,,1,10,100
321040060,,1,300,100
321040060,,1,301,100
321040060,,1,308,100
321040100,<Table> [Holy] Vow of the Indomitable,1,701,100
321040100,<Table> [Holy] Holy Ground,1,702,100
321040110,,1,701,100
321040110,,1,702,100
321040110,,1,10,100
321040110,,1,300,100
321040110,,1,301,100
321040110,,1,308,100
410000000,<Bow> [Standard] Barrage,1,401,100
410000000,<Bow> [Standard] Mighty Shot,1,402,100
410000000,<Bow> [Standard] Enchanted Shot,1,404,100
410000000,<Bow> [Standard] Sky Shot,1,405,100
410000000,<Bow> [Standard] Rain of Arrows,1,406,100
410000010,,1,401,100
410000010,,1,402,100
410000010,,1,404,100
410000010,,1,405,100
410000010,,1,406,100
420000000,<Greatbow> [Specific] Radahn's Rain,1,1169,100
420000010,,1,1169,100
420100000,<Table> [Standard] Through and Through,1,400,100
420100000,<Table> [Standard] Rain of Arrows,1,406,100
420100010,,1,400,100
420100010,,1,406,100
430000000,<Crossbow> [Standard] Kick,1,503,100
430000010,,1,503,100
440000000,<Ballista> [Standard] Kick,1,503,100
440000010,,1,503,100
999999999,(0% weight),1,-1,0
